{"skeleton":{"hash":"iN3BNTiNxYmMakA5GRLtZChj5sU","spine":"3.0.12","width":516.98,"height":516.98},"bones":[{"name":"root"},{"name":"ef","parent":"root","rotation":-0.56},{"name":"magic3","parent":"ef","x":-499.97,"y":-4.69,"rotation":0.53},{"name":"magic2","parent":"ef","x":-499.97,"y":-4.69,"rotation":0.53},{"name":"magic1","parent":"ef","x":-499.97,"y":-4.69,"rotation":0.53},{"name":"ef_tuti","parent":"ef","x":-249.98,"y":-2.34,"rotation":-0.02},{"name":"ef_smash_attack_A2","parent":"ef","rotation":-0.02},{"name":"ef_smash_attack_A","parent":"ef","rotation":-0.02},{"name":"ef_sink_circle","parent":"ef","x":-449.98,"y":-4.23,"rotation":-0.02},{"name":"ef_shine","parent":"ef","x":-199.99,"y":-1.87,"rotation":-0.02},{"name":"ef_rot_aura4","parent":"ef","x":-349.98,"y":-3.28,"rotation":-0.02},{"name":"ef_rot_aura3","parent":"ef","x":-349.98,"y":-3.28,"rotation":-0.02},{"name":"ef_rot_aura2","parent":"ef","x":-349.98,"y":-3.28,"rotation":-0.02},{"name":"ef_rot_aura","parent":"ef","x":-349.98,"y":-3.28,"rotation":-0.02},{"name":"ef_power5","parent":"ef","x":-149.99,"y":-1.4,"rotation":-0.02},{"name":"ef_power4","parent":"ef","x":-149.99,"y":-1.4,"rotation":-0.02},{"name":"ef_power3","parent":"ef","x":-149.99,"y":-1.4,"rotation":-0.02},{"name":"ef_power2","parent":"ef","x":-149.99,"y":-1.4,"rotation":-0.02},{"name":"ef_power","parent":"ef","x":-149.99,"y":-1.4,"rotation":-0.02},{"name":"ef_particle","parent":"ef","x":-299.98,"y":-2.81,"rotation":-0.02},{"name":"ef_graund_wave","parent":"ef","x":-99.99,"y":-0.93,"rotation":-0.02},{"name":"ef_arrow_wave_yellow4","parent":"ef","x":-49.99,"y":-0.46,"rotation":-0.02},{"name":"ef_arrow_wave_yellow3","parent":"ef","x":-49.99,"y":-0.46,"rotation":-0.02},{"name":"ef_arrow_wave_yellow2","parent":"ef","x":-49.99,"y":-0.46,"rotation":-0.02},{"name":"ef_arrow_wave_yellow","parent":"ef","x":-49.99,"y":-0.46,"rotation":-0.02},{"name":"ef_OF","parent":"ef","x":-399.98,"y":-3.75,"rotation":-0.02},{"name":"YA","parent":"root"},{"name":"MAIN","parent":"root","y":70,"rotation":-0.59},{"name":"DAMAGEAREA","parent":"root"}],"slots":[{"name":"EF/0h/s123_ef_graund_wave_yellow/ef_graund_wave_yellow_00001","bone":"ef_graund_wave","blend":"additive"},{"name":"EF/0h/s123_ef_graund_wave_yellow/ef_graund_wave_yellow_1","bone":"ef_graund_wave","blend":"additive"},{"name":"EF/0h/s1_ef_tuti_yellow/ef_tuti_yellow_00001","bone":"ef_tuti","blend":"additive"},{"name":"MAIN","bone":"MAIN","attachment":"idle_00"},{"name":"ya","bone":"YA"},{"name":"EF/5100_S2_magic1d","bone":"magic1","blend":"additive"},{"name":"EF/5100_S2_magic1d2","bone":"magic3","blend":"additive"},{"name":"EF/magic_4light","bone":"magic2","blend":"additive"},{"name":"EF/0h/as13_smash_attack_A_yellow/ef_smash_attack_A_yellow_00001","bone":"ef_smash_attack_A","blend":"additive"},{"name":"EF/0h/as13_smash_attack_A_yellow/ef_smash_attack_A_yellow_1","bone":"ef_smash_attack_A2","blend":"additive"},{"name":"EF/0h/o_ef_arrow_wave_yellow/ef_arrow_wave_yellow_00001","bone":"ef_arrow_wave_yellow","blend":"additive"},{"name":"EF/0h/o_ef_arrow_wave_yellow/ef_arrow_wave_yellow_1","bone":"ef_arrow_wave_yellow2","blend":"additive"},{"name":"EF/0h/o_ef_arrow_wave_yellow/ef_arrow_wave_yellow_2","bone":"ef_arrow_wave_yellow3","blend":"additive"},{"name":"EF/0h/o_ef_arrow_wave_yellow/ef_arrow_wave_yellow_3","bone":"ef_arrow_wave_yellow4","blend":"additive"},{"name":"EF/0h/s123_ef_power_yellow/ef_power_yellow_00001","bone":"ef_power","blend":"additive"},{"name":"EF/0h/s123_ef_power_yellow/ef_power_yellow_1","bone":"ef_power2","blend":"additive"},{"name":"EF/0h/s123_ef_power_yellow/ef_power_yellow_2","bone":"ef_power3","blend":"additive"},{"name":"EF/0h/s123_ef_power_yellow/ef_power_yellow_3","bone":"ef_power4","blend":"additive"},{"name":"EF/0h/s123_ef_power_yellow/ef_power_yellow_4","bone":"ef_power5","blend":"additive"},{"name":"EF/0h/s123_ef_shine_yellow/ef_shine_yellow_00001","bone":"ef_shine","blend":"additive"},{"name":"EF/0h/s123_ef_shine_yellow/ef_shine_yellow_1","bone":"ef_shine","blend":"additive"},{"name":"EF/0h/s23_ef_particle_main/ef_particle_main_00001","bone":"ef_particle","blend":"additive"},{"name":"EF/0h/s2_ef_rot_aura_main/ef_rot_aura_main_00001","bone":"ef_rot_aura","blend":"additive"},{"name":"EF/0h/s2_ef_rot_aura_main/ef_rot_aura_main_1","bone":"ef_rot_aura2","blend":"additive"},{"name":"EF/0h/s2_ef_rot_aura_main/ef_rot_aura_main_2","bone":"ef_rot_aura3","blend":"additive"},{"name":"EF/0h/s2_ef_rot_aura_main/ef_rot_aura_main_3","bone":"ef_rot_aura4","blend":"additive"},{"name":"EF/0h/sink_circle_yellow/ef_sink_circle_yellow_00001","bone":"ef_sink_circle","blend":"additive"},{"name":"EF/0h/s3_ef_OF_main/ef_OF_main_00001","bone":"ef_OF","blend":"additive"},{"name":"DAMAGEAREA","bone":"DAMAGEAREA"}],"skins":{"default":{"DAMAGEAREA":{"DAMAGEAREA":{"type":"boundingbox","vertices":[-64.26111,-64.22239,64.16687,-64.22239,64.16687,63.54357,-63.59909,63.54357]}},"EF/0h/as13_smash_attack_A_yellow/ef_smash_attack_A_yellow_00001":{"EF/0h/as13_smash_attack_A_yellow/ef_smash_attack_A_yellow_00001":{"rotation":0.53,"width":240,"height":240},"EF/0h/as13_smash_attack_A_yellow/ef_smash_attack_A_yellow_00002":{"rotation":0.53,"width":240,"height":240},"EF/0h/as13_smash_attack_A_yellow/ef_smash_attack_A_yellow_00003":{"rotation":0.53,"width":240,"height":240},"EF/0h/as13_smash_attack_A_yellow/ef_smash_attack_A_yellow_00004":{"rotation":0.53,"width":240,"height":240}},"EF/0h/as13_smash_attack_A_yellow/ef_smash_attack_A_yellow_1":{"EF/0h/as13_smash_attack_A_yellow/ef_smash_attack_A_yellow_00001":{"rotation":0.53,"width":240,"height":240},"EF/0h/as13_smash_attack_A_yellow/ef_smash_attack_A_yellow_00002":{"rotation":0.53,"width":240,"height":240},"EF/0h/as13_smash_attack_A_yellow/ef_smash_attack_A_yellow_00003":{"rotation":0.53,"width":240,"height":240},"EF/0h/as13_smash_attack_A_yellow/ef_smash_attack_A_yellow_00004":{"rotation":0.53,"width":240,"height":240}},"EF/0h/o_ef_arrow_wave_yellow/ef_arrow_wave_yellow_00001":{"EF/0h/o_ef_arrow_wave_yellow/ef_arrow_wave_yellow_00001":{"rotation":0.53,"width":250,"height":250},"EF/0h/o_ef_arrow_wave_yellow/ef_arrow_wave_yellow_00002":{"rotation":0.53,"width":250,"height":250},"EF/0h/o_ef_arrow_wave_yellow/ef_arrow_wave_yellow_00003":{"rotation":0.53,"width":250,"height":250},"EF/0h/o_ef_arrow_wave_yellow/ef_arrow_wave_yellow_00004":{"rotation":0.53,"width":250,"height":250},"EF/0h/o_ef_arrow_wave_yellow/ef_arrow_wave_yellow_00005":{"rotation":0.53,"width":250,"height":250},"EF/0h/o_ef_arrow_wave_yellow/ef_arrow_wave_yellow_00006":{"rotation":0.53,"width":250,"height":250},"EF/0h/o_ef_arrow_wave_yellow/ef_arrow_wave_yellow_00007":{"rotation":0.53,"width":250,"height":250}},"EF/0h/o_ef_arrow_wave_yellow/ef_arrow_wave_yellow_1":{"EF/0h/o_ef_arrow_wave_yellow/ef_arrow_wave_yellow_00001":{"rotation":0.53,"width":250,"height":250},"EF/0h/o_ef_arrow_wave_yellow/ef_arrow_wave_yellow_00002":{"rotation":0.53,"width":250,"height":250},"EF/0h/o_ef_arrow_wave_yellow/ef_arrow_wave_yellow_00003":{"rotation":0.53,"width":250,"height":250},"EF/0h/o_ef_arrow_wave_yellow/ef_arrow_wave_yellow_00004":{"rotation":0.53,"width":250,"height":250},"EF/0h/o_ef_arrow_wave_yellow/ef_arrow_wave_yellow_00005":{"rotation":0.53,"width":250,"height":250},"EF/0h/o_ef_arrow_wave_yellow/ef_arrow_wave_yellow_00006":{"rotation":0.53,"width":250,"height":250},"EF/0h/o_ef_arrow_wave_yellow/ef_arrow_wave_yellow_00007":{"rotation":0.53,"width":250,"height":250}},"EF/0h/o_ef_arrow_wave_yellow/ef_arrow_wave_yellow_2":{"EF/0h/o_ef_arrow_wave_yellow/ef_arrow_wave_yellow_00001":{"rotation":0.53,"width":250,"height":250},"EF/0h/o_ef_arrow_wave_yellow/ef_arrow_wave_yellow_00002":{"rotation":0.53,"width":250,"height":250},"EF/0h/o_ef_arrow_wave_yellow/ef_arrow_wave_yellow_00003":{"rotation":0.53,"width":250,"height":250},"EF/0h/o_ef_arrow_wave_yellow/ef_arrow_wave_yellow_00004":{"rotation":0.53,"width":250,"height":250},"EF/0h/o_ef_arrow_wave_yellow/ef_arrow_wave_yellow_00005":{"rotation":0.53,"width":250,"height":250},"EF/0h/o_ef_arrow_wave_yellow/ef_arrow_wave_yellow_00006":{"rotation":0.53,"width":250,"height":250},"EF/0h/o_ef_arrow_wave_yellow/ef_arrow_wave_yellow_00007":{"rotation":0.53,"width":250,"height":250}},"EF/0h/o_ef_arrow_wave_yellow/ef_arrow_wave_yellow_3":{"EF/0h/o_ef_arrow_wave_yellow/ef_arrow_wave_yellow_00001":{"rotation":0.53,"width":250,"height":250},"EF/0h/o_ef_arrow_wave_yellow/ef_arrow_wave_yellow_00002":{"rotation":0.53,"width":250,"height":250},"EF/0h/o_ef_arrow_wave_yellow/ef_arrow_wave_yellow_00003":{"rotation":0.53,"width":250,"height":250},"EF/0h/o_ef_arrow_wave_yellow/ef_arrow_wave_yellow_00004":{"rotation":0.53,"width":250,"height":250},"EF/0h/o_ef_arrow_wave_yellow/ef_arrow_wave_yellow_00005":{"rotation":0.53,"width":250,"height":250},"EF/0h/o_ef_arrow_wave_yellow/ef_arrow_wave_yellow_00006":{"rotation":0.53,"width":250,"height":250},"EF/0h/o_ef_arrow_wave_yellow/ef_arrow_wave_yellow_00007":{"rotation":0.53,"width":250,"height":250}},"EF/0h/s123_ef_graund_wave_yellow/ef_graund_wave_yellow_00001":{"EF/0h/s123_ef_graund_wave_yellow/ef_graund_wave_yellow_00001":{"x":-0.09,"y":10.02,"rotation":0.53,"width":210,"height":210},"EF/0h/s123_ef_graund_wave_yellow/ef_graund_wave_yellow_00002":{"x":-0.09,"y":10.02,"rotation":0.53,"width":210,"height":210},"EF/0h/s123_ef_graund_wave_yellow/ef_graund_wave_yellow_00003":{"x":-0.09,"y":10.02,"rotation":0.53,"width":210,"height":210},"EF/0h/s123_ef_graund_wave_yellow/ef_graund_wave_yellow_00004":{"x":-0.09,"y":10.02,"rotation":0.53,"width":210,"height":210},"EF/0h/s123_ef_graund_wave_yellow/ef_graund_wave_yellow_00005":{"x":-0.09,"y":10.02,"rotation":0.53,"width":210,"height":210},"EF/0h/s123_ef_graund_wave_yellow/ef_graund_wave_yellow_00006":{"x":-0.09,"y":10.02,"rotation":0.53,"width":210,"height":210},"EF/0h/s123_ef_graund_wave_yellow/ef_graund_wave_yellow_00007":{"x":-0.09,"y":10.02,"rotation":0.53,"width":210,"height":210},"EF/0h/s123_ef_graund_wave_yellow/ef_graund_wave_yellow_00008":{"x":-0.09,"y":10.02,"rotation":0.53,"width":210,"height":210},"EF/0h/s123_ef_graund_wave_yellow/ef_graund_wave_yellow_00009":{"x":-0.09,"y":10.02,"rotation":0.53,"width":210,"height":210},"EF/0h/s123_ef_graund_wave_yellow/ef_graund_wave_yellow_00010":{"x":-0.09,"y":10.02,"rotation":0.53,"width":210,"height":210},"EF/0h/s123_ef_graund_wave_yellow/ef_graund_wave_yellow_00011":{"x":-0.09,"y":10.02,"rotation":0.53,"width":210,"height":210},"EF/0h/s123_ef_graund_wave_yellow/ef_graund_wave_yellow_00012":{"x":-0.09,"y":10.02,"rotation":0.53,"width":210,"height":210},"EF/0h/s123_ef_graund_wave_yellow/ef_graund_wave_yellow_00013":{"x":-0.09,"y":10.02,"rotation":0.53,"width":210,"height":210}},"EF/0h/s123_ef_graund_wave_yellow/ef_graund_wave_yellow_1":{"EF/0h/s123_ef_graund_wave_yellow/ef_graund_wave_yellow_00001":{"x":-0.09,"y":10.02,"rotation":0.53,"width":210,"height":210},"EF/0h/s123_ef_graund_wave_yellow/ef_graund_wave_yellow_00002":{"x":-0.09,"y":10.02,"rotation":0.53,"width":210,"height":210},"EF/0h/s123_ef_graund_wave_yellow/ef_graund_wave_yellow_00003":{"x":-0.09,"y":10.02,"rotation":0.53,"width":210,"height":210},"EF/0h/s123_ef_graund_wave_yellow/ef_graund_wave_yellow_00004":{"x":-0.09,"y":10.02,"rotation":0.53,"width":210,"height":210},"EF/0h/s123_ef_graund_wave_yellow/ef_graund_wave_yellow_00005":{"x":-0.09,"y":10.02,"rotation":0.53,"width":210,"height":210},"EF/0h/s123_ef_graund_wave_yellow/ef_graund_wave_yellow_00006":{"x":-0.09,"y":10.02,"rotation":0.53,"width":210,"height":210},"EF/0h/s123_ef_graund_wave_yellow/ef_graund_wave_yellow_00007":{"x":-0.09,"y":10.02,"rotation":0.53,"width":210,"height":210},"EF/0h/s123_ef_graund_wave_yellow/ef_graund_wave_yellow_00008":{"x":-0.09,"y":10.02,"rotation":0.53,"width":210,"height":210},"EF/0h/s123_ef_graund_wave_yellow/ef_graund_wave_yellow_00009":{"x":-0.09,"y":10.02,"rotation":0.53,"width":210,"height":210},"EF/0h/s123_ef_graund_wave_yellow/ef_graund_wave_yellow_00010":{"x":-0.09,"y":10.02,"rotation":0.53,"width":210,"height":210},"EF/0h/s123_ef_graund_wave_yellow/ef_graund_wave_yellow_00011":{"x":-0.09,"y":10.02,"rotation":0.53,"width":210,"height":210},"EF/0h/s123_ef_graund_wave_yellow/ef_graund_wave_yellow_00012":{"x":-0.09,"y":10.02,"rotation":0.53,"width":210,"height":210},"EF/0h/s123_ef_graund_wave_yellow/ef_graund_wave_yellow_00013":{"x":-0.09,"y":10.02,"rotation":0.53,"width":210,"height":210}},"EF/0h/s123_ef_power_yellow/ef_power_yellow_00001":{"EF/0h/s123_ef_power_yellow/ef_power_yellow_00001":{"x":-1.89,"y":-0.01,"rotation":0.53,"width":250,"height":250},"EF/0h/s123_ef_power_yellow/ef_power_yellow_00002":{"x":-1.89,"y":-0.01,"rotation":0.53,"width":250,"height":250},"EF/0h/s123_ef_power_yellow/ef_power_yellow_00003":{"x":-1.89,"y":-0.01,"rotation":0.53,"width":250,"height":250},"EF/0h/s123_ef_power_yellow/ef_power_yellow_00004":{"x":-1.89,"y":-0.01,"rotation":0.53,"width":250,"height":250},"EF/0h/s123_ef_power_yellow/ef_power_yellow_00005":{"x":-1.89,"y":-0.01,"rotation":0.53,"width":250,"height":250},"EF/0h/s123_ef_power_yellow/ef_power_yellow_00006":{"x":-1.89,"y":-0.01,"rotation":0.53,"width":250,"height":250},"EF/0h/s123_ef_power_yellow/ef_power_yellow_00007":{"x":-1.89,"y":-0.01,"rotation":0.53,"width":250,"height":250},"EF/0h/s123_ef_power_yellow/ef_power_yellow_00008":{"x":-1.89,"y":-0.01,"rotation":0.53,"width":250,"height":250},"EF/0h/s123_ef_power_yellow/ef_power_yellow_00009":{"x":-1.89,"y":-0.01,"rotation":0.53,"width":250,"height":250},"EF/0h/s123_ef_power_yellow/ef_power_yellow_00010":{"x":-1.89,"y":-0.01,"rotation":0.53,"width":250,"height":250}},"EF/0h/s123_ef_power_yellow/ef_power_yellow_1":{"EF/0h/s123_ef_power_yellow/ef_power_yellow_00001":{"x":-1.89,"y":-0.01,"rotation":0.53,"width":250,"height":250},"EF/0h/s123_ef_power_yellow/ef_power_yellow_00002":{"x":-1.89,"y":-0.01,"rotation":0.53,"width":250,"height":250},"EF/0h/s123_ef_power_yellow/ef_power_yellow_00003":{"x":-1.89,"y":-0.01,"rotation":0.53,"width":250,"height":250},"EF/0h/s123_ef_power_yellow/ef_power_yellow_00004":{"x":-1.89,"y":-0.01,"rotation":0.53,"width":250,"height":250},"EF/0h/s123_ef_power_yellow/ef_power_yellow_00005":{"x":-1.89,"y":-0.01,"rotation":0.53,"width":250,"height":250},"EF/0h/s123_ef_power_yellow/ef_power_yellow_00006":{"x":-1.89,"y":-0.01,"rotation":0.53,"width":250,"height":250},"EF/0h/s123_ef_power_yellow/ef_power_yellow_00007":{"x":-1.89,"y":-0.01,"rotation":0.53,"width":250,"height":250},"EF/0h/s123_ef_power_yellow/ef_power_yellow_00008":{"x":-1.89,"y":-0.01,"rotation":0.53,"width":250,"height":250},"EF/0h/s123_ef_power_yellow/ef_power_yellow_00009":{"x":-1.89,"y":-0.01,"rotation":0.53,"width":250,"height":250},"EF/0h/s123_ef_power_yellow/ef_power_yellow_00010":{"x":-1.89,"y":-0.01,"rotation":0.53,"width":250,"height":250}},"EF/0h/s123_ef_power_yellow/ef_power_yellow_2":{"EF/0h/s123_ef_power_yellow/ef_power_yellow_00001":{"x":-1.89,"y":-0.01,"rotation":0.53,"width":250,"height":250},"EF/0h/s123_ef_power_yellow/ef_power_yellow_00002":{"x":-1.89,"y":-0.01,"rotation":0.53,"width":250,"height":250},"EF/0h/s123_ef_power_yellow/ef_power_yellow_00003":{"x":-1.89,"y":-0.01,"rotation":0.53,"width":250,"height":250},"EF/0h/s123_ef_power_yellow/ef_power_yellow_00004":{"x":-1.89,"y":-0.01,"rotation":0.53,"width":250,"height":250},"EF/0h/s123_ef_power_yellow/ef_power_yellow_00005":{"x":-1.89,"y":-0.01,"rotation":0.53,"width":250,"height":250},"EF/0h/s123_ef_power_yellow/ef_power_yellow_00006":{"x":-1.89,"y":-0.01,"rotation":0.53,"width":250,"height":250},"EF/0h/s123_ef_power_yellow/ef_power_yellow_00007":{"x":-1.89,"y":-0.01,"rotation":0.53,"width":250,"height":250},"EF/0h/s123_ef_power_yellow/ef_power_yellow_00008":{"x":-1.89,"y":-0.01,"rotation":0.53,"width":250,"height":250},"EF/0h/s123_ef_power_yellow/ef_power_yellow_00009":{"x":-1.89,"y":-0.01,"rotation":0.53,"width":250,"height":250},"EF/0h/s123_ef_power_yellow/ef_power_yellow_00010":{"x":-1.89,"y":-0.01,"rotation":0.53,"width":250,"height":250}},"EF/0h/s123_ef_power_yellow/ef_power_yellow_3":{"EF/0h/s123_ef_power_yellow/ef_power_yellow_00001":{"x":-1.89,"y":-0.01,"rotation":0.53,"width":250,"height":250},"EF/0h/s123_ef_power_yellow/ef_power_yellow_00002":{"x":-1.89,"y":-0.01,"rotation":0.53,"width":250,"height":250},"EF/0h/s123_ef_power_yellow/ef_power_yellow_00003":{"x":-1.89,"y":-0.01,"rotation":0.53,"width":250,"height":250},"EF/0h/s123_ef_power_yellow/ef_power_yellow_00004":{"x":-1.89,"y":-0.01,"rotation":0.53,"width":250,"height":250},"EF/0h/s123_ef_power_yellow/ef_power_yellow_00005":{"x":-1.89,"y":-0.01,"rotation":0.53,"width":250,"height":250},"EF/0h/s123_ef_power_yellow/ef_power_yellow_00006":{"x":-1.89,"y":-0.01,"rotation":0.53,"width":250,"height":250},"EF/0h/s123_ef_power_yellow/ef_power_yellow_00007":{"x":-1.89,"y":-0.01,"rotation":0.53,"width":250,"height":250},"EF/0h/s123_ef_power_yellow/ef_power_yellow_00008":{"x":-1.89,"y":-0.01,"rotation":0.53,"width":250,"height":250},"EF/0h/s123_ef_power_yellow/ef_power_yellow_00009":{"x":-1.89,"y":-0.01,"rotation":0.53,"width":250,"height":250},"EF/0h/s123_ef_power_yellow/ef_power_yellow_00010":{"x":-1.89,"y":-0.01,"rotation":0.53,"width":250,"height":250}},"EF/0h/s123_ef_power_yellow/ef_power_yellow_4":{"EF/0h/s123_ef_power_yellow/ef_power_yellow_00001":{"x":-1.89,"y":-0.01,"rotation":0.53,"width":250,"height":250},"EF/0h/s123_ef_power_yellow/ef_power_yellow_00002":{"x":-1.89,"y":-0.01,"rotation":0.53,"width":250,"height":250},"EF/0h/s123_ef_power_yellow/ef_power_yellow_00003":{"x":-1.89,"y":-0.01,"rotation":0.53,"width":250,"height":250},"EF/0h/s123_ef_power_yellow/ef_power_yellow_00004":{"x":-1.89,"y":-0.01,"rotation":0.53,"width":250,"height":250},"EF/0h/s123_ef_power_yellow/ef_power_yellow_00005":{"x":-1.89,"y":-0.01,"rotation":0.53,"width":250,"height":250},"EF/0h/s123_ef_power_yellow/ef_power_yellow_00006":{"x":-1.89,"y":-0.01,"rotation":0.53,"width":250,"height":250},"EF/0h/s123_ef_power_yellow/ef_power_yellow_00007":{"x":-1.89,"y":-0.01,"rotation":0.53,"width":250,"height":250},"EF/0h/s123_ef_power_yellow/ef_power_yellow_00008":{"x":-1.89,"y":-0.01,"rotation":0.53,"width":250,"height":250},"EF/0h/s123_ef_power_yellow/ef_power_yellow_00009":{"x":-1.89,"y":-0.01,"rotation":0.53,"width":250,"height":250},"EF/0h/s123_ef_power_yellow/ef_power_yellow_00010":{"x":-1.89,"y":-0.01,"rotation":0.53,"width":250,"height":250}},"EF/0h/s123_ef_shine_yellow/ef_shine_yellow_00001":{"EF/0h/s123_ef_shine_yellow/ef_shine_yellow_00001":{"rotation":0.53,"width":175,"height":175},"EF/0h/s123_ef_shine_yellow/ef_shine_yellow_00002":{"rotation":0.53,"width":175,"height":175},"EF/0h/s123_ef_shine_yellow/ef_shine_yellow_00003":{"rotation":0.53,"width":175,"height":175},"EF/0h/s123_ef_shine_yellow/ef_shine_yellow_00004":{"rotation":0.53,"width":175,"height":175},"EF/0h/s123_ef_shine_yellow/ef_shine_yellow_00005":{"rotation":0.53,"width":175,"height":175},"EF/0h/s123_ef_shine_yellow/ef_shine_yellow_00006":{"rotation":0.53,"width":175,"height":175},"EF/0h/s123_ef_shine_yellow/ef_shine_yellow_00007":{"rotation":0.53,"width":175,"height":175},"EF/0h/s123_ef_shine_yellow/ef_shine_yellow_00008":{"rotation":0.53,"width":175,"height":175},"EF/0h/s123_ef_shine_yellow/ef_shine_yellow_00009":{"rotation":0.53,"width":175,"height":175},"EF/0h/s123_ef_shine_yellow/ef_shine_yellow_00010":{"rotation":0.53,"width":175,"height":175},"EF/0h/s123_ef_shine_yellow/ef_shine_yellow_00011":{"rotation":0.53,"width":175,"height":175},"EF/0h/s123_ef_shine_yellow/ef_shine_yellow_00012":{"rotation":0.53,"width":175,"height":175},"EF/0h/s123_ef_shine_yellow/ef_shine_yellow_00013":{"rotation":0.53,"width":175,"height":175},"EF/0h/s123_ef_shine_yellow/ef_shine_yellow_00014":{"rotation":0.53,"width":175,"height":175}},"EF/0h/s123_ef_shine_yellow/ef_shine_yellow_1":{"EF/0h/s123_ef_shine_yellow/ef_shine_yellow_00001":{"rotation":0.53,"width":175,"height":175},"EF/0h/s123_ef_shine_yellow/ef_shine_yellow_00002":{"rotation":0.53,"width":175,"height":175},"EF/0h/s123_ef_shine_yellow/ef_shine_yellow_00003":{"rotation":0.53,"width":175,"height":175},"EF/0h/s123_ef_shine_yellow/ef_shine_yellow_00004":{"rotation":0.53,"width":175,"height":175},"EF/0h/s123_ef_shine_yellow/ef_shine_yellow_00005":{"rotation":0.53,"width":175,"height":175},"EF/0h/s123_ef_shine_yellow/ef_shine_yellow_00006":{"rotation":0.53,"width":175,"height":175},"EF/0h/s123_ef_shine_yellow/ef_shine_yellow_00007":{"rotation":0.53,"width":175,"height":175},"EF/0h/s123_ef_shine_yellow/ef_shine_yellow_00008":{"rotation":0.53,"width":175,"height":175},"EF/0h/s123_ef_shine_yellow/ef_shine_yellow_00009":{"rotation":0.53,"width":175,"height":175},"EF/0h/s123_ef_shine_yellow/ef_shine_yellow_00010":{"rotation":0.53,"width":175,"height":175},"EF/0h/s123_ef_shine_yellow/ef_shine_yellow_00011":{"rotation":0.53,"width":175,"height":175},"EF/0h/s123_ef_shine_yellow/ef_shine_yellow_00012":{"rotation":0.53,"width":175,"height":175},"EF/0h/s123_ef_shine_yellow/ef_shine_yellow_00013":{"rotation":0.53,"width":175,"height":175},"EF/0h/s123_ef_shine_yellow/ef_shine_yellow_00014":{"rotation":0.53,"width":175,"height":175}},"EF/0h/s1_ef_tuti_yellow/ef_tuti_yellow_00001":{"EF/0h/s1_ef_tuti_yellow/ef_tuti_yellow_00001":{"x":2.72,"y":-1.64,"rotation":0.53,"width":250,"height":250},"EF/0h/s1_ef_tuti_yellow/ef_tuti_yellow_00002":{"x":2.72,"y":-1.64,"rotation":0.53,"width":250,"height":250},"EF/0h/s1_ef_tuti_yellow/ef_tuti_yellow_00003":{"x":2.72,"y":-1.64,"rotation":0.53,"width":250,"height":250},"EF/0h/s1_ef_tuti_yellow/ef_tuti_yellow_00004":{"x":2.72,"y":-1.64,"rotation":0.53,"width":250,"height":250},"EF/0h/s1_ef_tuti_yellow/ef_tuti_yellow_00005":{"x":2.72,"y":-1.64,"rotation":0.53,"width":250,"height":250},"EF/0h/s1_ef_tuti_yellow/ef_tuti_yellow_00006":{"x":2.72,"y":-1.64,"rotation":0.53,"width":250,"height":250},"EF/0h/s1_ef_tuti_yellow/ef_tuti_yellow_00007":{"x":2.72,"y":-1.64,"rotation":0.53,"width":250,"height":250},"EF/0h/s1_ef_tuti_yellow/ef_tuti_yellow_00008":{"x":2.72,"y":-1.64,"rotation":0.53,"width":250,"height":250},"EF/0h/s1_ef_tuti_yellow/ef_tuti_yellow_00009":{"x":2.72,"y":-1.64,"rotation":0.53,"width":250,"height":250},"EF/0h/s1_ef_tuti_yellow/ef_tuti_yellow_00010":{"x":2.72,"y":-1.64,"rotation":0.53,"width":250,"height":250},"EF/0h/s1_ef_tuti_yellow/ef_tuti_yellow_00011":{"x":2.72,"y":-1.64,"rotation":0.53,"width":250,"height":250},"EF/0h/s1_ef_tuti_yellow/ef_tuti_yellow_00012":{"x":2.72,"y":-1.64,"rotation":0.53,"width":250,"height":250},"EF/0h/s1_ef_tuti_yellow/ef_tuti_yellow_00013":{"x":2.72,"y":-1.64,"rotation":0.53,"width":250,"height":250},"EF/0h/s1_ef_tuti_yellow/ef_tuti_yellow_00014":{"x":2.72,"y":-1.64,"rotation":0.53,"width":250,"height":250},"EF/0h/s1_ef_tuti_yellow/ef_tuti_yellow_00015":{"x":2.72,"y":-1.64,"rotation":0.53,"width":250,"height":250},"EF/0h/s1_ef_tuti_yellow/ef_tuti_yellow_00016":{"x":2.72,"y":-1.64,"rotation":0.53,"width":250,"height":250},"EF/0h/s1_ef_tuti_yellow/ef_tuti_yellow_00017":{"x":2.72,"y":-1.64,"rotation":0.53,"width":250,"height":250}},"EF/0h/s23_ef_particle_main/ef_particle_main_00001":{"EF/0h/s23_ef_particle_main/ef_particle_main_00001":{"rotation":0.53,"width":171,"height":285},"EF/0h/s23_ef_particle_main/ef_particle_main_00002":{"rotation":0.53,"width":171,"height":285},"EF/0h/s23_ef_particle_main/ef_particle_main_00003":{"rotation":0.53,"width":171,"height":285},"EF/0h/s23_ef_particle_main/ef_particle_main_00004":{"rotation":0.53,"width":171,"height":285},"EF/0h/s23_ef_particle_main/ef_particle_main_00005":{"rotation":0.53,"width":171,"height":285},"EF/0h/s23_ef_particle_main/ef_particle_main_00006":{"rotation":0.53,"width":171,"height":285},"EF/0h/s23_ef_particle_main/ef_particle_main_00007":{"rotation":0.53,"width":171,"height":285},"EF/0h/s23_ef_particle_main/ef_particle_main_00008":{"rotation":0.53,"width":171,"height":285},"EF/0h/s23_ef_particle_main/ef_particle_main_00009":{"rotation":0.53,"width":171,"height":285},"EF/0h/s23_ef_particle_main/ef_particle_main_00010":{"rotation":0.53,"width":171,"height":285},"EF/0h/s23_ef_particle_main/ef_particle_main_00011":{"rotation":0.53,"width":171,"height":285},"EF/0h/s23_ef_particle_main/ef_particle_main_00012":{"rotation":0.53,"width":171,"height":285},"EF/0h/s23_ef_particle_main/ef_particle_main_00013":{"rotation":0.53,"width":171,"height":285}},"EF/0h/s2_ef_rot_aura_main/ef_rot_aura_main_00001":{"EF/0h/s2_ef_rot_aura_main/ef_rot_aura_main_00001":{"rotation":0.53,"width":240,"height":240},"EF/0h/s2_ef_rot_aura_main/ef_rot_aura_main_00002":{"rotation":0.53,"width":240,"height":240},"EF/0h/s2_ef_rot_aura_main/ef_rot_aura_main_00003":{"rotation":0.53,"width":240,"height":240},"EF/0h/s2_ef_rot_aura_main/ef_rot_aura_main_00004":{"rotation":0.53,"width":240,"height":240},"EF/0h/s2_ef_rot_aura_main/ef_rot_aura_main_00005":{"rotation":0.53,"width":240,"height":240},"EF/0h/s2_ef_rot_aura_main/ef_rot_aura_main_00006":{"rotation":0.53,"width":240,"height":240},"EF/0h/s2_ef_rot_aura_main/ef_rot_aura_main_00007":{"rotation":0.53,"width":240,"height":240},"EF/0h/s2_ef_rot_aura_main/ef_rot_aura_main_00008":{"rotation":0.53,"width":240,"height":240},"EF/0h/s2_ef_rot_aura_main/ef_rot_aura_main_00009":{"rotation":0.53,"width":240,"height":240},"EF/0h/s2_ef_rot_aura_main/ef_rot_aura_main_00010":{"rotation":0.53,"width":240,"height":240},"EF/0h/s2_ef_rot_aura_main/ef_rot_aura_main_00011":{"rotation":0.53,"width":240,"height":240},"EF/0h/s2_ef_rot_aura_main/ef_rot_aura_main_00012":{"rotation":0.53,"width":240,"height":240},"EF/0h/s2_ef_rot_aura_main/ef_rot_aura_main_00013":{"rotation":0.53,"width":240,"height":240},"EF/0h/s2_ef_rot_aura_main/ef_rot_aura_main_00014":{"rotation":0.53,"width":240,"height":240}},"EF/0h/s2_ef_rot_aura_main/ef_rot_aura_main_1":{"EF/0h/s2_ef_rot_aura_main/ef_rot_aura_main_00001":{"rotation":0.53,"width":240,"height":240},"EF/0h/s2_ef_rot_aura_main/ef_rot_aura_main_00002":{"rotation":0.53,"width":240,"height":240},"EF/0h/s2_ef_rot_aura_main/ef_rot_aura_main_00003":{"rotation":0.53,"width":240,"height":240},"EF/0h/s2_ef_rot_aura_main/ef_rot_aura_main_00004":{"rotation":0.53,"width":240,"height":240},"EF/0h/s2_ef_rot_aura_main/ef_rot_aura_main_00005":{"rotation":0.53,"width":240,"height":240},"EF/0h/s2_ef_rot_aura_main/ef_rot_aura_main_00006":{"rotation":0.53,"width":240,"height":240},"EF/0h/s2_ef_rot_aura_main/ef_rot_aura_main_00007":{"rotation":0.53,"width":240,"height":240},"EF/0h/s2_ef_rot_aura_main/ef_rot_aura_main_00008":{"rotation":0.53,"width":240,"height":240},"EF/0h/s2_ef_rot_aura_main/ef_rot_aura_main_00009":{"rotation":0.53,"width":240,"height":240},"EF/0h/s2_ef_rot_aura_main/ef_rot_aura_main_00010":{"rotation":0.53,"width":240,"height":240},"EF/0h/s2_ef_rot_aura_main/ef_rot_aura_main_00011":{"rotation":0.53,"width":240,"height":240},"EF/0h/s2_ef_rot_aura_main/ef_rot_aura_main_00012":{"rotation":0.53,"width":240,"height":240},"EF/0h/s2_ef_rot_aura_main/ef_rot_aura_main_00013":{"rotation":0.53,"width":240,"height":240},"EF/0h/s2_ef_rot_aura_main/ef_rot_aura_main_00014":{"rotation":0.53,"width":240,"height":240}},"EF/0h/s2_ef_rot_aura_main/ef_rot_aura_main_2":{"EF/0h/s2_ef_rot_aura_main/ef_rot_aura_main_00001":{"rotation":0.53,"width":240,"height":240},"EF/0h/s2_ef_rot_aura_main/ef_rot_aura_main_00002":{"rotation":0.53,"width":240,"height":240},"EF/0h/s2_ef_rot_aura_main/ef_rot_aura_main_00003":{"rotation":0.53,"width":240,"height":240},"EF/0h/s2_ef_rot_aura_main/ef_rot_aura_main_00004":{"rotation":0.53,"width":240,"height":240},"EF/0h/s2_ef_rot_aura_main/ef_rot_aura_main_00005":{"rotation":0.53,"width":240,"height":240},"EF/0h/s2_ef_rot_aura_main/ef_rot_aura_main_00006":{"rotation":0.53,"width":240,"height":240},"EF/0h/s2_ef_rot_aura_main/ef_rot_aura_main_00007":{"rotation":0.53,"width":240,"height":240},"EF/0h/s2_ef_rot_aura_main/ef_rot_aura_main_00008":{"rotation":0.53,"width":240,"height":240},"EF/0h/s2_ef_rot_aura_main/ef_rot_aura_main_00009":{"rotation":0.53,"width":240,"height":240},"EF/0h/s2_ef_rot_aura_main/ef_rot_aura_main_00010":{"rotation":0.53,"width":240,"height":240},"EF/0h/s2_ef_rot_aura_main/ef_rot_aura_main_00011":{"rotation":0.53,"width":240,"height":240},"EF/0h/s2_ef_rot_aura_main/ef_rot_aura_main_00012":{"rotation":0.53,"width":240,"height":240},"EF/0h/s2_ef_rot_aura_main/ef_rot_aura_main_00013":{"rotation":0.53,"width":240,"height":240},"EF/0h/s2_ef_rot_aura_main/ef_rot_aura_main_00014":{"rotation":0.53,"width":240,"height":240}},"EF/0h/s2_ef_rot_aura_main/ef_rot_aura_main_3":{"EF/0h/s2_ef_rot_aura_main/ef_rot_aura_main_00001":{"rotation":0.53,"width":240,"height":240},"EF/0h/s2_ef_rot_aura_main/ef_rot_aura_main_00002":{"rotation":0.53,"width":240,"height":240},"EF/0h/s2_ef_rot_aura_main/ef_rot_aura_main_00003":{"rotation":0.53,"width":240,"height":240},"EF/0h/s2_ef_rot_aura_main/ef_rot_aura_main_00004":{"rotation":0.53,"width":240,"height":240},"EF/0h/s2_ef_rot_aura_main/ef_rot_aura_main_00005":{"rotation":0.53,"width":240,"height":240},"EF/0h/s2_ef_rot_aura_main/ef_rot_aura_main_00006":{"rotation":0.53,"width":240,"height":240},"EF/0h/s2_ef_rot_aura_main/ef_rot_aura_main_00007":{"rotation":0.53,"width":240,"height":240},"EF/0h/s2_ef_rot_aura_main/ef_rot_aura_main_00008":{"rotation":0.53,"width":240,"height":240},"EF/0h/s2_ef_rot_aura_main/ef_rot_aura_main_00009":{"rotation":0.53,"width":240,"height":240},"EF/0h/s2_ef_rot_aura_main/ef_rot_aura_main_00010":{"rotation":0.53,"width":240,"height":240},"EF/0h/s2_ef_rot_aura_main/ef_rot_aura_main_00011":{"rotation":0.53,"width":240,"height":240},"EF/0h/s2_ef_rot_aura_main/ef_rot_aura_main_00012":{"rotation":0.53,"width":240,"height":240},"EF/0h/s2_ef_rot_aura_main/ef_rot_aura_main_00013":{"rotation":0.53,"width":240,"height":240},"EF/0h/s2_ef_rot_aura_main/ef_rot_aura_main_00014":{"rotation":0.53,"width":240,"height":240}},"EF/0h/s3_ef_OF_main/ef_OF_main_00001":{"EF/0h/s3_ef_OF_main/ef_OF_main_00001":{"rotation":0.53,"width":180,"height":180},"EF/0h/s3_ef_OF_main/ef_OF_main_00002":{"rotation":0.53,"width":180,"height":180},"EF/0h/s3_ef_OF_main/ef_OF_main_00003":{"rotation":0.53,"width":180,"height":180},"EF/0h/s3_ef_OF_main/ef_OF_main_00004":{"rotation":0.53,"width":180,"height":180},"EF/0h/s3_ef_OF_main/ef_OF_main_00005":{"rotation":0.53,"width":180,"height":180},"EF/0h/s3_ef_OF_main/ef_OF_main_00006":{"rotation":0.53,"width":180,"height":180}},"EF/0h/sink_circle_yellow/ef_sink_circle_yellow_00001":{"EF/0h/sink_circle_yellow/ef_sink_circle_yellow_00001":{"x":-2.89,"y":-9.29,"rotation":0.53,"width":245,"height":245},"EF/0h/sink_circle_yellow/ef_sink_circle_yellow_00002":{"x":-2.89,"y":-9.29,"rotation":0.53,"width":245,"height":245},"EF/0h/sink_circle_yellow/ef_sink_circle_yellow_00003":{"x":-2.89,"y":-9.29,"rotation":0.53,"width":245,"height":245},"EF/0h/sink_circle_yellow/ef_sink_circle_yellow_00004":{"x":-2.89,"y":-9.29,"rotation":0.53,"width":245,"height":245},"EF/0h/sink_circle_yellow/ef_sink_circle_yellow_00005":{"x":-2.89,"y":-9.29,"rotation":0.53,"width":245,"height":245},"EF/0h/sink_circle_yellow/ef_sink_circle_yellow_00006":{"x":-2.89,"y":-9.29,"rotation":0.53,"width":245,"height":245},"EF/0h/sink_circle_yellow/ef_sink_circle_yellow_00007":{"x":-2.89,"y":-9.29,"rotation":0.53,"width":245,"height":245},"EF/0h/sink_circle_yellow/ef_sink_circle_yellow_00008":{"x":-2.89,"y":-9.29,"rotation":0.53,"width":245,"height":245},"EF/0h/sink_circle_yellow/ef_sink_circle_yellow_00009":{"x":-2.89,"y":-9.29,"rotation":0.53,"width":245,"height":245},"EF/0h/sink_circle_yellow/ef_sink_circle_yellow_00010":{"x":-2.89,"y":-9.29,"rotation":0.53,"width":245,"height":245},"EF/0h/sink_circle_yellow/ef_sink_circle_yellow_00011":{"x":-2.89,"y":-9.29,"rotation":0.53,"width":245,"height":245},"EF/0h/sink_circle_yellow/ef_sink_circle_yellow_00012":{"x":-2.89,"y":-9.29,"rotation":0.53,"width":245,"height":245}},"EF/5100_S2_magic1d":{"EF/5100_S2_magic1d":{"rotation":0.53,"width":328,"height":328}},"EF/5100_S2_magic1d2":{"EF/5100_S2_magic1d":{"rotation":0.53,"width":328,"height":328}},"EF/magic_4light":{"EF/magic_4light":{"rotation":0.53,"width":270,"height":270}},"MAIN":{"attack1_00":{"x":-13.5,"y":9,"scaleX":2,"scaleY":2,"width":256,"height":256},"attack1_01":{"x":-13.5,"y":9,"scaleX":2,"scaleY":2,"width":256,"height":256},"attack1_02":{"x":-13.5,"y":9,"scaleX":2,"scaleY":2,"width":256,"height":256},"attack1_03":{"x":-13.5,"y":9,"scaleX":2,"scaleY":2,"width":256,"height":256},"attack1_04":{"x":-13.5,"y":9,"scaleX":2,"scaleY":2,"width":256,"height":256},"attack1_05":{"x":-13.5,"y":9,"scaleX":2,"scaleY":2,"width":256,"height":256},"attack1_07":{"x":-13.5,"y":9,"scaleX":2,"scaleY":2,"width":256,"height":256},"attack1_06a":{"x":-13.5,"y":9,"scaleX":2,"scaleY":2,"width":256,"height":256},"attack1_06b":{"x":-13.5,"y":9,"scaleX":2,"scaleY":2,"width":256,"height":256},"back_00":{"x":-13.5,"y":9,"scaleX":2,"scaleY":2,"width":256,"height":256},"damage_00":{"x":-13.5,"y":9,"scaleX":2,"scaleY":2,"width":256,"height":256},"front_00":{"x":-13.5,"y":9,"scaleX":2,"scaleY":2,"width":256,"height":256},"idle_00":{"x":-13.5,"y":9,"scaleX":2,"scaleY":2,"width":256,"height":256},"idle_01":{"x":-13.5,"y":9,"scaleX":2,"scaleY":2,"width":256,"height":256},"idle_02":{"x":-13.5,"y":9,"scaleX":2,"scaleY":2,"width":256,"height":256},"idle_03":{"x":-13.5,"y":9,"scaleX":2,"scaleY":2,"width":256,"height":256},"skill1_00":{"x":-13.5,"y":9,"scaleX":2,"scaleY":2,"width":256,"height":256},"skill1_01":{"x":-13.5,"y":9,"scaleX":2,"scaleY":2,"width":256,"height":256},"skill1_02":{"x":-13.5,"y":9,"scaleX":2,"scaleY":2,"width":256,"height":256},"skill1_03":{"x":-13.5,"y":9,"scaleX":2,"scaleY":2,"width":256,"height":256},"skill1_05":{"x":-13.5,"y":9,"scaleX":2,"scaleY":2,"width":256,"height":256},"skill1_06":{"x":-13.5,"y":9,"scaleX":2,"scaleY":2,"width":256,"height":256},"skill1_07":{"x":-13.5,"y":9,"scaleX":2,"scaleY":2,"width":256,"height":256},"skill1_08":{"x":-13.5,"y":9,"scaleX":2,"scaleY":2,"width":256,"height":256},"skill1_04a":{"x":-13.5,"y":9,"scaleX":2,"scaleY":2,"width":256,"height":256},"skill1_04b":{"x":-13.5,"y":9,"scaleX":2,"scaleY":2,"width":256,"height":256},"skill2_00":{"x":-13.5,"y":9,"scaleX":2,"scaleY":2,"width":256,"height":256},"skill2_01":{"x":-13.5,"y":9,"scaleX":2,"scaleY":2,"width":256,"height":256},"skill2_02":{"x":-13.5,"y":9,"scaleX":2,"scaleY":2,"width":256,"height":256},"skill2_06":{"x":-13.5,"y":9,"scaleX":2,"scaleY":2,"width":256,"height":256},"skill2_03a":{"x":-13.5,"y":9,"scaleX":2,"scaleY":2,"width":256,"height":256},"skill2_03b":{"x":-13.5,"y":9,"scaleX":2,"scaleY":2,"width":256,"height":256},"skill2_04a":{"x":-13.5,"y":9,"scaleX":2,"scaleY":2,"width":256,"height":256},"skill2_04b":{"x":-13.5,"y":9,"scaleX":2,"scaleY":2,"width":256,"height":256},"skill2_05a":{"x":-13.5,"y":9,"scaleX":2,"scaleY":2,"width":256,"height":256},"skill2_05b":{"x":-13.5,"y":9,"scaleX":2,"scaleY":2,"width":256,"height":256},"skill2_07a":{"x":-13.5,"y":9,"scaleX":2,"scaleY":2,"width":256,"height":256},"skill2_07b":{"x":-13.5,"y":9,"scaleX":2,"scaleY":2,"width":256,"height":256},"skill2_08a":{"x":-13.5,"y":9,"scaleX":2,"scaleY":2,"width":256,"height":256},"skill2_08b":{"x":-13.5,"y":9,"scaleX":2,"scaleY":2,"width":256,"height":256}},"ya":{"ya":{"scaleX":-2,"scaleY":2,"width":46,"height":9}}}},"events":{"Event":{},"Event2":{},"Hit":{},"Sound1":{},"Sound2":{},"Sound3":{},"Voice":{}},"animations":{"attack1":{"slots":{"DAMAGEAREA":{"attachment":[{"time":0.5333,"name":"DAMAGEAREA"},{"time":0.7,"name":null},{"time":0.7666,"name":"DAMAGEAREA"},{"time":0.9,"name":null},{"time":0.9666,"name":"DAMAGEAREA"},{"time":1.1,"name":null}]},"EF/0h/as13_smash_attack_A_yellow/ef_smash_attack_A_yellow_00001":{"attachment":[{"time":0.5,"name":"EF/0h/as13_smash_attack_A_yellow/ef_smash_attack_A_yellow_00001"},{"time":0.5333,"name":"EF/0h/as13_smash_attack_A_yellow/ef_smash_attack_A_yellow_00002"},{"time":0.5666,"name":"EF/0h/as13_smash_attack_A_yellow/ef_smash_attack_A_yellow_00003"},{"time":0.6,"name":"EF/0h/as13_smash_attack_A_yellow/ef_smash_attack_A_yellow_00004"},{"time":0.6333,"name":null},{"time":0.7,"name":"EF/0h/as13_smash_attack_A_yellow/ef_smash_attack_A_yellow_00001"},{"time":0.7333,"name":"EF/0h/as13_smash_attack_A_yellow/ef_smash_attack_A_yellow_00002"},{"time":0.7666,"name":"EF/0h/as13_smash_attack_A_yellow/ef_smash_attack_A_yellow_00003"},{"time":0.8,"name":"EF/0h/as13_smash_attack_A_yellow/ef_smash_attack_A_yellow_00004"},{"time":0.8333,"name":null},{"time":0.9,"name":"EF/0h/as13_smash_attack_A_yellow/ef_smash_attack_A_yellow_00001"},{"time":0.9333,"name":"EF/0h/as13_smash_attack_A_yellow/ef_smash_attack_A_yellow_00002"},{"time":0.9666,"name":"EF/0h/as13_smash_attack_A_yellow/ef_smash_attack_A_yellow_00003"},{"time":1,"name":"EF/0h/as13_smash_attack_A_yellow/ef_smash_attack_A_yellow_00004"},{"time":1.0333,"name":null}]},"EF/0h/o_ef_arrow_wave_yellow/ef_arrow_wave_yellow_00001":{"attachment":[{"time":0.5,"name":"EF/0h/o_ef_arrow_wave_yellow/ef_arrow_wave_yellow_00001"},{"time":0.5333,"name":"EF/0h/o_ef_arrow_wave_yellow/ef_arrow_wave_yellow_00002"},{"time":0.5666,"name":"EF/0h/o_ef_arrow_wave_yellow/ef_arrow_wave_yellow_00003"},{"time":0.6,"name":"EF/0h/o_ef_arrow_wave_yellow/ef_arrow_wave_yellow_00004"},{"time":0.6333,"name":"EF/0h/o_ef_arrow_wave_yellow/ef_arrow_wave_yellow_00005"},{"time":0.6666,"name":"EF/0h/o_ef_arrow_wave_yellow/ef_arrow_wave_yellow_00006"},{"time":0.7,"name":"EF/0h/o_ef_arrow_wave_yellow/ef_arrow_wave_yellow_00007"},{"time":0.7333,"name":null},{"time":0.9,"name":"EF/0h/o_ef_arrow_wave_yellow/ef_arrow_wave_yellow_00001"},{"time":0.9333,"name":"EF/0h/o_ef_arrow_wave_yellow/ef_arrow_wave_yellow_00002"},{"time":0.9666,"name":"EF/0h/o_ef_arrow_wave_yellow/ef_arrow_wave_yellow_00003"},{"time":1,"name":"EF/0h/o_ef_arrow_wave_yellow/ef_arrow_wave_yellow_00004"},{"time":1.0333,"name":"EF/0h/o_ef_arrow_wave_yellow/ef_arrow_wave_yellow_00005"},{"time":1.0666,"name":"EF/0h/o_ef_arrow_wave_yellow/ef_arrow_wave_yellow_00006"},{"time":1.1,"name":"EF/0h/o_ef_arrow_wave_yellow/ef_arrow_wave_yellow_00007"},{"time":1.1333,"name":null}]},"EF/0h/o_ef_arrow_wave_yellow/ef_arrow_wave_yellow_1":{"attachment":[{"time":0.7,"name":"EF/0h/o_ef_arrow_wave_yellow/ef_arrow_wave_yellow_00001"},{"time":0.7333,"name":"EF/0h/o_ef_arrow_wave_yellow/ef_arrow_wave_yellow_00002"},{"time":0.7666,"name":"EF/0h/o_ef_arrow_wave_yellow/ef_arrow_wave_yellow_00003"},{"time":0.8,"name":"EF/0h/o_ef_arrow_wave_yellow/ef_arrow_wave_yellow_00004"},{"time":0.8333,"name":"EF/0h/o_ef_arrow_wave_yellow/ef_arrow_wave_yellow_00005"},{"time":0.8666,"name":"EF/0h/o_ef_arrow_wave_yellow/ef_arrow_wave_yellow_00006"},{"time":0.9,"name":"EF/0h/o_ef_arrow_wave_yellow/ef_arrow_wave_yellow_00007"},{"time":0.9333,"name":null}]},"MAIN":{"attachment":[{"time":0,"name":"attack1_00"},{"time":0.1,"name":"attack1_01"},{"time":0.1666,"name":"attack1_02"},{"time":0.5,"name":"attack1_03"},{"time":0.5666,"name":"attack1_04"},{"time":0.6333,"name":"attack1_02"},{"time":0.7,"name":"attack1_03"},{"time":0.7666,"name":"attack1_04"},{"time":0.8333,"name":"attack1_02"},{"time":0.9,"name":"attack1_03"},{"time":0.9666,"name":"attack1_05"},{"time":1,"name":"attack1_06a"},{"time":1.0666,"name":"attack1_06b"},{"time":1.3666,"name":"attack1_07"},{"time":1.4666,"name":"idle_02"},{"time":1.5666,"name":"idle_03"},{"time":1.6666,"name":"idle_00"}]}},"bones":{"MAIN":{"translate":[{"time":0.5,"x":0,"y":0},{"time":0.5333,"x":3,"y":0},{"time":0.5666,"x":0,"y":0,"curve":"stepped"},{"time":0.7,"x":0,"y":0},{"time":0.7333,"x":3,"y":0},{"time":0.7666,"x":0,"y":0,"curve":"stepped"},{"time":0.9,"x":0,"y":0},{"time":0.9333,"x":5,"y":0},{"time":0.9666,"x":0,"y":0}]},"ef_arrow_wave_yellow":{"translate":[{"time":0.5,"x":-0.6,"y":64.25}],"scale":[{"time":0.5,"x":2,"y":2,"curve":"stepped"},{"time":0.9,"x":2.5,"y":2.5}]},"ef_arrow_wave_yellow2":{"translate":[{"time":0.7,"x":-0.6,"y":64.25}],"scale":[{"time":0.7,"x":2,"y":2}]},"ef_smash_attack_A":{"translate":[{"time":0.5,"x":-18.46,"y":64.44}],"scale":[{"time":0.5,"x":1,"y":1},{"time":0.6,"x":1.5,"y":1.5,"curve":"stepped"},{"time":0.7,"x":1,"y":1},{"time":0.8,"x":1.5,"y":1.5,"curve":"stepped"},{"time":0.9,"x":1,"y":1},{"time":1,"x":1.5,"y":1.5}]},"DAMAGEAREA":{"translate":[{"time":0.5333,"x":-149.76,"y":54.03},{"time":0.6333,"x":-419.96,"y":54.03},{"time":0.7666,"x":-240.86,"y":54.03},{"time":0.8666,"x":-457.02,"y":54.03},{"time":0.9666,"x":-247.03,"y":54.03},{"time":1.0666,"x":-466.28,"y":54.03}],"scale":[{"time":0.5333,"x":2.451,"y":1},{"time":0.6333,"x":6.685,"y":1},{"time":0.7666,"x":4.105,"y":1},{"time":0.8666,"x":7.776,"y":1},{"time":0.9666,"x":4.111,"y":1},{"time":1.0666,"x":7.668,"y":1}]}},"events":[{"time":0,"name":"Sound3","string":"setHitSound(se_battle_026_stab)"},{"time":0.5,"name":"Sound1","string":"cri_se_battle_arrow"},{"time":0.5,"name":"Voice","string":"cri_295_voice_attack_random"},{"time":0.5333,"name":"Event","float":0.06,"string":"kHitStopType_normal"},{"time":0.7,"name":"Sound1","string":"cri_se_battle_arrow"},{"time":0.7666,"name":"Hit","string":"resetHitList"},{"time":0.9,"name":"Sound1","string":"cri_se_battle_arrow"},{"time":0.9666,"name":"Hit","string":"resetHitList"}]},"back":{"slots":{"MAIN":{"attachment":[{"time":0,"name":"back_00"},{"time":0.3,"name":"skill2_06"},{"time":0.5,"name":"idle_02"},{"time":0.6,"name":"idle_03"},{"time":0.7,"name":"idle_00"}]}},"bones":{"MAIN":{"translate":[{"time":0,"x":0,"y":0},{"time":0.1333,"x":62.5,"y":10},{"time":0.3,"x":125,"y":0,"curve":[0.116,0.36,0.75,1]},{"time":0.5333,"x":140,"y":0}],"scale":[{"time":0.5,"x":1,"y":0.98},{"time":0.5333,"x":1,"y":1}]}},"events":[{"time":0,"name":"Sound1","string":"cri_se_battle_jump"},{"time":0.3,"name":"Sound1","string":"cri_se_battle_landing"}]},"cast":{"slots":{"MAIN":{"attachment":[{"time":0,"name":"idle_00"},{"time":0.1333,"name":"idle_01"},{"time":0.2666,"name":"idle_02"},{"time":0.4,"name":"skill2_01"},{"time":0.4666,"name":"skill2_07a"},{"time":0.5333,"name":"skill2_07b"},{"time":0.6,"name":"skill2_07a"},{"time":0.6666,"name":"skill2_07b"},{"time":0.7666,"name":"skill2_07a"},{"time":0.8666,"name":"skill2_07b"},{"time":1,"name":"idle_00"}]}},"events":[{"time":0.4,"name":"Voice","string":"cri_295_voice_item"}]},"castc":{"slots":{"MAIN":{"attachment":[{"time":0,"name":"idle_00"},{"time":0.1333,"name":"idle_01"},{"time":0.2666,"name":"idle_02"},{"time":0.4,"name":"skill2_01"},{"time":0.4666,"name":"skill2_07a"},{"time":0.5333,"name":"skill2_07b"},{"time":0.6,"name":"skill2_07a"},{"time":0.6666,"name":"skill2_07b"},{"time":0.7666,"name":"skill2_07a"},{"time":0.8666,"name":"skill2_07b"},{"time":1,"name":"idle_00"}]}},"events":[{"time":0.4,"name":"Voice","string":"cri_295_voice_item"}]},"damage":{"slots":{"MAIN":{"attachment":[{"time":0,"name":"damage_00"}]}}},"front":{"slots":{"MAIN":{"attachment":[{"time":0,"name":"front_00"}]}}},"idle":{"slots":{"MAIN":{"attachment":[{"time":0,"name":"idle_00"},{"time":0.2333,"name":"idle_01"},{"time":0.4666,"name":"idle_02"},{"time":0.7,"name":"idle_03"},{"time":0.9333,"name":"idle_00"}]}}},"skill1":{"slots":{"DAMAGEAREA":{"attachment":[{"time":1.5333,"name":"DAMAGEAREA"},{"time":1.9,"name":null}]},"EF/0h/as13_smash_attack_A_yellow/ef_smash_attack_A_yellow_00001":{"attachment":[{"time":1.4,"name":"EF/0h/as13_smash_attack_A_yellow/ef_smash_attack_A_yellow_00001"},{"time":1.4333,"name":"EF/0h/as13_smash_attack_A_yellow/ef_smash_attack_A_yellow_00002"},{"time":1.4666,"name":"EF/0h/as13_smash_attack_A_yellow/ef_smash_attack_A_yellow_00003"},{"time":1.5,"name":"EF/0h/as13_smash_attack_A_yellow/ef_smash_attack_A_yellow_00004"},{"time":1.5333,"name":null}]},"EF/0h/o_ef_arrow_wave_yellow/ef_arrow_wave_yellow_00001":{"attachment":[{"time":1.4,"name":"EF/0h/o_ef_arrow_wave_yellow/ef_arrow_wave_yellow_00001"},{"time":1.4333,"name":"EF/0h/o_ef_arrow_wave_yellow/ef_arrow_wave_yellow_00002"},{"time":1.4666,"name":"EF/0h/o_ef_arrow_wave_yellow/ef_arrow_wave_yellow_00003"},{"time":1.5,"name":"EF/0h/o_ef_arrow_wave_yellow/ef_arrow_wave_yellow_00004"},{"time":1.5333,"name":"EF/0h/o_ef_arrow_wave_yellow/ef_arrow_wave_yellow_00005"},{"time":1.5666,"name":"EF/0h/o_ef_arrow_wave_yellow/ef_arrow_wave_yellow_00006"},{"time":1.6,"name":"EF/0h/o_ef_arrow_wave_yellow/ef_arrow_wave_yellow_00007"},{"time":1.6333,"name":null}]},"EF/0h/s123_ef_graund_wave_yellow/ef_graund_wave_yellow_00001":{"attachment":[{"time":0.2333,"name":"EF/0h/s123_ef_graund_wave_yellow/ef_graund_wave_yellow_00001"},{"time":0.2666,"name":"EF/0h/s123_ef_graund_wave_yellow/ef_graund_wave_yellow_00002"},{"time":0.3,"name":"EF/0h/s123_ef_graund_wave_yellow/ef_graund_wave_yellow_00003"},{"time":0.3333,"name":"EF/0h/s123_ef_graund_wave_yellow/ef_graund_wave_yellow_00004"},{"time":0.3666,"name":"EF/0h/s123_ef_graund_wave_yellow/ef_graund_wave_yellow_00005"},{"time":0.4,"name":"EF/0h/s123_ef_graund_wave_yellow/ef_graund_wave_yellow_00006"},{"time":0.4333,"name":"EF/0h/s123_ef_graund_wave_yellow/ef_graund_wave_yellow_00007"},{"time":0.4666,"name":"EF/0h/s123_ef_graund_wave_yellow/ef_graund_wave_yellow_00008"},{"time":0.5,"name":"EF/0h/s123_ef_graund_wave_yellow/ef_graund_wave_yellow_00009"},{"time":0.5333,"name":"EF/0h/s123_ef_graund_wave_yellow/ef_graund_wave_yellow_00010"},{"time":0.5666,"name":"EF/0h/s123_ef_graund_wave_yellow/ef_graund_wave_yellow_00011"},{"time":0.6,"name":"EF/0h/s123_ef_graund_wave_yellow/ef_graund_wave_yellow_00012"},{"time":0.6333,"name":"EF/0h/s123_ef_graund_wave_yellow/ef_graund_wave_yellow_00013"},{"time":0.6666,"name":null},{"time":1.5333,"name":"EF/0h/s123_ef_graund_wave_yellow/ef_graund_wave_yellow_00001"},{"time":1.5666,"name":"EF/0h/s123_ef_graund_wave_yellow/ef_graund_wave_yellow_00002"},{"time":1.6,"name":"EF/0h/s123_ef_graund_wave_yellow/ef_graund_wave_yellow_00003"},{"time":1.6333,"name":"EF/0h/s123_ef_graund_wave_yellow/ef_graund_wave_yellow_00004"},{"time":1.6666,"name":"EF/0h/s123_ef_graund_wave_yellow/ef_graund_wave_yellow_00005"},{"time":1.7,"name":"EF/0h/s123_ef_graund_wave_yellow/ef_graund_wave_yellow_00006"},{"time":1.7333,"name":"EF/0h/s123_ef_graund_wave_yellow/ef_graund_wave_yellow_00007"},{"time":1.7666,"name":"EF/0h/s123_ef_graund_wave_yellow/ef_graund_wave_yellow_00008"},{"time":1.8,"name":"EF/0h/s123_ef_graund_wave_yellow/ef_graund_wave_yellow_00009"},{"time":1.8333,"name":"EF/0h/s123_ef_graund_wave_yellow/ef_graund_wave_yellow_00010"},{"time":1.8666,"name":"EF/0h/s123_ef_graund_wave_yellow/ef_graund_wave_yellow_00011"},{"time":1.9,"name":"EF/0h/s123_ef_graund_wave_yellow/ef_graund_wave_yellow_00012"},{"time":1.9333,"name":"EF/0h/s123_ef_graund_wave_yellow/ef_graund_wave_yellow_00013"},{"time":1.9666,"name":null}]},"EF/0h/s123_ef_power_yellow/ef_power_yellow_00001":{"attachment":[{"time":1.4,"name":"EF/0h/s123_ef_power_yellow/ef_power_yellow_00001"},{"time":1.4333,"name":"EF/0h/s123_ef_power_yellow/ef_power_yellow_00002"},{"time":1.4666,"name":"EF/0h/s123_ef_power_yellow/ef_power_yellow_00003"},{"time":1.5,"name":"EF/0h/s123_ef_power_yellow/ef_power_yellow_00004"},{"time":1.5333,"name":"EF/0h/s123_ef_power_yellow/ef_power_yellow_00005"},{"time":1.5666,"name":"EF/0h/s123_ef_power_yellow/ef_power_yellow_00006"},{"time":1.6,"name":"EF/0h/s123_ef_power_yellow/ef_power_yellow_00007"},{"time":1.6333,"name":"EF/0h/s123_ef_power_yellow/ef_power_yellow_00008"},{"time":1.6666,"name":"EF/0h/s123_ef_power_yellow/ef_power_yellow_00009"},{"time":1.7,"name":"EF/0h/s123_ef_power_yellow/ef_power_yellow_00010"},{"time":1.7333,"name":null}]},"EF/0h/s123_ef_shine_yellow/ef_shine_yellow_00001":{"attachment":[{"time":0.7333,"name":"EF/0h/s123_ef_shine_yellow/ef_shine_yellow_00001"},{"time":0.7666,"name":"EF/0h/s123_ef_shine_yellow/ef_shine_yellow_00002"},{"time":0.8,"name":"EF/0h/s123_ef_shine_yellow/ef_shine_yellow_00003"},{"time":0.8333,"name":"EF/0h/s123_ef_shine_yellow/ef_shine_yellow_00004"},{"time":0.8666,"name":"EF/0h/s123_ef_shine_yellow/ef_shine_yellow_00005"},{"time":0.9,"name":"EF/0h/s123_ef_shine_yellow/ef_shine_yellow_00006"},{"time":0.9333,"name":"EF/0h/s123_ef_shine_yellow/ef_shine_yellow_00007"},{"time":0.9666,"name":"EF/0h/s123_ef_shine_yellow/ef_shine_yellow_00008"},{"time":1,"name":"EF/0h/s123_ef_shine_yellow/ef_shine_yellow_00009"},{"time":1.0333,"name":"EF/0h/s123_ef_shine_yellow/ef_shine_yellow_00010"},{"time":1.0666,"name":"EF/0h/s123_ef_shine_yellow/ef_shine_yellow_00011"},{"time":1.1,"name":"EF/0h/s123_ef_shine_yellow/ef_shine_yellow_00012"},{"time":1.1333,"name":"EF/0h/s123_ef_shine_yellow/ef_shine_yellow_00013"},{"time":1.1666,"name":"EF/0h/s123_ef_shine_yellow/ef_shine_yellow_00014"},{"time":1.2,"name":null}]},"EF/0h/s123_ef_shine_yellow/ef_shine_yellow_1":{"attachment":[{"time":0.9333,"name":"EF/0h/s123_ef_shine_yellow/ef_shine_yellow_00001"},{"time":0.9666,"name":"EF/0h/s123_ef_shine_yellow/ef_shine_yellow_00002"},{"time":1,"name":"EF/0h/s123_ef_shine_yellow/ef_shine_yellow_00003"},{"time":1.0333,"name":"EF/0h/s123_ef_shine_yellow/ef_shine_yellow_00004"},{"time":1.0666,"name":"EF/0h/s123_ef_shine_yellow/ef_shine_yellow_00005"},{"time":1.1,"name":"EF/0h/s123_ef_shine_yellow/ef_shine_yellow_00006"},{"time":1.1333,"name":"EF/0h/s123_ef_shine_yellow/ef_shine_yellow_00007"},{"time":1.1666,"name":"EF/0h/s123_ef_shine_yellow/ef_shine_yellow_00008"},{"time":1.2,"name":"EF/0h/s123_ef_shine_yellow/ef_shine_yellow_00009"},{"time":1.2333,"name":"EF/0h/s123_ef_shine_yellow/ef_shine_yellow_00010"},{"time":1.2666,"name":"EF/0h/s123_ef_shine_yellow/ef_shine_yellow_00011"},{"time":1.3,"name":"EF/0h/s123_ef_shine_yellow/ef_shine_yellow_00012"},{"time":1.3333,"name":"EF/0h/s123_ef_shine_yellow/ef_shine_yellow_00013"},{"time":1.3666,"name":"EF/0h/s123_ef_shine_yellow/ef_shine_yellow_00014"},{"time":1.4,"name":null}]},"EF/0h/s1_ef_tuti_yellow/ef_tuti_yellow_00001":{"attachment":[{"time":1.5,"name":"EF/0h/s1_ef_tuti_yellow/ef_tuti_yellow_00001"},{"time":1.5333,"name":"EF/0h/s1_ef_tuti_yellow/ef_tuti_yellow_00002"},{"time":1.5666,"name":"EF/0h/s1_ef_tuti_yellow/ef_tuti_yellow_00003"},{"time":1.6,"name":"EF/0h/s1_ef_tuti_yellow/ef_tuti_yellow_00004"},{"time":1.6333,"name":"EF/0h/s1_ef_tuti_yellow/ef_tuti_yellow_00005"},{"time":1.6666,"name":"EF/0h/s1_ef_tuti_yellow/ef_tuti_yellow_00006"},{"time":1.7,"name":"EF/0h/s1_ef_tuti_yellow/ef_tuti_yellow_00007"},{"time":1.7333,"name":"EF/0h/s1_ef_tuti_yellow/ef_tuti_yellow_00008"},{"time":1.7666,"name":"EF/0h/s1_ef_tuti_yellow/ef_tuti_yellow_00009"},{"time":1.8,"name":"EF/0h/s1_ef_tuti_yellow/ef_tuti_yellow_00010"},{"time":1.8333,"name":"EF/0h/s1_ef_tuti_yellow/ef_tuti_yellow_00011"},{"time":1.8666,"name":"EF/0h/s1_ef_tuti_yellow/ef_tuti_yellow_00012"},{"time":1.9,"name":"EF/0h/s1_ef_tuti_yellow/ef_tuti_yellow_00013"},{"time":1.9333,"name":"EF/0h/s1_ef_tuti_yellow/ef_tuti_yellow_00014"},{"time":1.9666,"name":"EF/0h/s1_ef_tuti_yellow/ef_tuti_yellow_00015"},{"time":2,"name":"EF/0h/s1_ef_tuti_yellow/ef_tuti_yellow_00016"},{"time":2.0333,"name":"EF/0h/s1_ef_tuti_yellow/ef_tuti_yellow_00017"},{"time":2.0666,"name":null}]},"EF/0h/s23_ef_particle_main/ef_particle_main_00001":{"attachment":[{"time":1.5,"name":"EF/0h/s23_ef_particle_main/ef_particle_main_00001"},{"time":1.5333,"name":"EF/0h/s23_ef_particle_main/ef_particle_main_00002"},{"time":1.5666,"name":"EF/0h/s23_ef_particle_main/ef_particle_main_00003"},{"time":1.6,"name":"EF/0h/s23_ef_particle_main/ef_particle_main_00004"},{"time":1.6333,"name":"EF/0h/s23_ef_particle_main/ef_particle_main_00005"},{"time":1.6666,"name":"EF/0h/s23_ef_particle_main/ef_particle_main_00006"},{"time":1.7,"name":"EF/0h/s23_ef_particle_main/ef_particle_main_00007"},{"time":1.7333,"name":"EF/0h/s23_ef_particle_main/ef_particle_main_00008"},{"time":1.7666,"name":"EF/0h/s23_ef_particle_main/ef_particle_main_00009"},{"time":1.8,"name":"EF/0h/s23_ef_particle_main/ef_particle_main_00010"},{"time":1.8333,"name":"EF/0h/s23_ef_particle_main/ef_particle_main_00011"},{"time":1.8666,"name":"EF/0h/s23_ef_particle_main/ef_particle_main_00012"},{"time":1.9,"name":"EF/0h/s23_ef_particle_main/ef_particle_main_00013"},{"time":1.9333,"name":null}]},"EF/0h/s2_ef_rot_aura_main/ef_rot_aura_main_00001":{"attachment":[{"time":1.5333,"name":"EF/0h/s2_ef_rot_aura_main/ef_rot_aura_main_00001"},{"time":1.5666,"name":"EF/0h/s2_ef_rot_aura_main/ef_rot_aura_main_00002"},{"time":1.6,"name":"EF/0h/s2_ef_rot_aura_main/ef_rot_aura_main_00003"},{"time":1.6333,"name":"EF/0h/s2_ef_rot_aura_main/ef_rot_aura_main_00004"},{"time":1.6666,"name":"EF/0h/s2_ef_rot_aura_main/ef_rot_aura_main_00005"},{"time":1.7,"name":"EF/0h/s2_ef_rot_aura_main/ef_rot_aura_main_00006"},{"time":1.7333,"name":"EF/0h/s2_ef_rot_aura_main/ef_rot_aura_main_00007"},{"time":1.7666,"name":"EF/0h/s2_ef_rot_aura_main/ef_rot_aura_main_00008"},{"time":1.8,"name":"EF/0h/s2_ef_rot_aura_main/ef_rot_aura_main_00009"},{"time":1.8333,"name":"EF/0h/s2_ef_rot_aura_main/ef_rot_aura_main_00010"},{"time":1.8666,"name":"EF/0h/s2_ef_rot_aura_main/ef_rot_aura_main_00011"},{"time":1.9,"name":"EF/0h/s2_ef_rot_aura_main/ef_rot_aura_main_00012"},{"time":1.9333,"name":"EF/0h/s2_ef_rot_aura_main/ef_rot_aura_main_00013"},{"time":1.9666,"name":"EF/0h/s2_ef_rot_aura_main/ef_rot_aura_main_00014"},{"time":2,"name":null}]},"EF/0h/s2_ef_rot_aura_main/ef_rot_aura_main_1":{"attachment":[{"time":1.5333,"name":"EF/0h/s2_ef_rot_aura_main/ef_rot_aura_main_00001"},{"time":1.5666,"name":"EF/0h/s2_ef_rot_aura_main/ef_rot_aura_main_00002"},{"time":1.6,"name":"EF/0h/s2_ef_rot_aura_main/ef_rot_aura_main_00003"},{"time":1.6333,"name":"EF/0h/s2_ef_rot_aura_main/ef_rot_aura_main_00004"},{"time":1.6666,"name":"EF/0h/s2_ef_rot_aura_main/ef_rot_aura_main_00005"},{"time":1.7,"name":"EF/0h/s2_ef_rot_aura_main/ef_rot_aura_main_00006"},{"time":1.7333,"name":"EF/0h/s2_ef_rot_aura_main/ef_rot_aura_main_00007"},{"time":1.7666,"name":"EF/0h/s2_ef_rot_aura_main/ef_rot_aura_main_00008"},{"time":1.8,"name":"EF/0h/s2_ef_rot_aura_main/ef_rot_aura_main_00009"},{"time":1.8333,"name":"EF/0h/s2_ef_rot_aura_main/ef_rot_aura_main_00010"},{"time":1.8666,"name":"EF/0h/s2_ef_rot_aura_main/ef_rot_aura_main_00011"},{"time":1.9,"name":"EF/0h/s2_ef_rot_aura_main/ef_rot_aura_main_00012"},{"time":1.9333,"name":"EF/0h/s2_ef_rot_aura_main/ef_rot_aura_main_00013"},{"time":1.9666,"name":"EF/0h/s2_ef_rot_aura_main/ef_rot_aura_main_00014"},{"time":2,"name":null}]},"MAIN":{"attachment":[{"time":0,"name":"idle_00"},{"time":0.0333,"name":"skill1_00"},{"time":0.2333,"name":"skill1_01"},{"time":0.4666,"name":"skill1_03"},{"time":0.5333,"name":"skill1_02"},{"time":0.6,"name":"skill1_04a"},{"time":0.7,"name":"skill1_04b"},{"time":0.8,"name":"skill1_04a"},{"time":0.9,"name":"skill1_04b"},{"time":1,"name":"skill1_04a"},{"time":1.1,"name":"skill1_04b"},{"time":1.2,"name":"skill1_04a"},{"time":1.3,"name":"skill1_04b"},{"time":1.4,"name":"skill1_05"},{"time":1.4666,"name":"skill1_06"},{"time":1.5333,"name":"skill1_05"},{"time":1.5666,"name":"skill1_07"},{"time":1.6333,"name":"skill1_08"},{"time":1.8,"name":"skill1_00"},{"time":2.2333,"name":"idle_02"},{"time":2.3666,"name":"idle_03"},{"time":2.5,"name":"idle_00"}]}},"bones":{"MAIN":{"rotate":[{"time":0.5333,"angle":0,"curve":"stepped"},{"time":0.6,"angle":6,"curve":"stepped"},{"time":1.4,"angle":6,"curve":"stepped"},{"time":1.6666,"angle":6},{"time":1.8,"angle":0}],"translate":[{"time":0.0333,"x":0,"y":0},{"time":0.0666,"x":0,"y":-1.07,"curve":"stepped"},{"time":0.1666,"x":0,"y":-1.54},{"time":0.2,"x":0,"y":-3.84},{"time":0.2333,"x":0,"y":0},{"time":0.4,"x":0,"y":250,"curve":[0.109,0.54,0.75,1]},{"time":0.6,"x":0,"y":280,"curve":"stepped"},{"time":1.4,"x":0,"y":280},{"time":1.4666,"x":60,"y":309.12},{"time":1.5666,"x":100,"y":264.14},{"time":1.8,"x":118,"y":0},{"time":1.8333,"x":119,"y":-5},{"time":1.9,"x":120,"y":0}],"scale":[{"time":0.0333,"x":1,"y":1},{"time":0.0666,"x":1,"y":0.99,"curve":"stepped"},{"time":0.1666,"x":1,"y":0.98},{"time":0.2333,"x":1,"y":1}]},"ef_graund_wave":{"translate":[{"time":0.2333,"x":99.99,"y":0.93,"curve":"stepped"},{"time":1.5333,"x":-249.98,"y":-2.34}],"scale":[{"time":0.2333,"x":2,"y":2},{"time":0.6333,"x":3,"y":3,"curve":"stepped"},{"time":1.5333,"x":3,"y":3},{"time":1.9333,"x":3.5,"y":3.5}]},"ef_shine":{"translate":[{"time":0.7333,"x":150.64,"y":317.39}],"scale":[{"time":0.7333,"x":2,"y":2}]},"ef_smash_attack_A":{"rotate":[{"time":1.4,"angle":39.85}],"translate":[{"time":1.4,"x":30.18,"y":392.67}],"scale":[{"time":1.4,"x":2,"y":2}]},"ef_arrow_wave_yellow":{"rotate":[{"time":1.4,"angle":41.69}],"translate":[{"time":1.4,"x":5.1,"y":322.22}],"scale":[{"time":1.4,"x":3,"y":3}]},"ef_power":{"translate":[{"time":1.4,"x":105.48,"y":323.13}],"scale":[{"time":1.4,"x":2,"y":2}]},"ef_tuti":{"translate":[{"time":1.5,"x":-99.99,"y":-0.93}],"scale":[{"time":1.5,"x":2,"y":2},{"time":1.6666,"x":3,"y":3,"curve":[0.125,0.33,0.75,1]},{"time":2.0333,"x":4,"y":4}]},"ef_particle":{"rotate":[{"time":1.5,"angle":180.56}],"translate":[{"time":1.5,"x":-51.67,"y":177.93},{"time":1.8,"x":-52.7,"y":287.32}],"scale":[{"time":1.5,"x":2,"y":2},{"time":1.8,"x":3,"y":3}]},"ef_rot_aura":{"translate":[{"time":1.5333,"x":-1.14,"y":122.2,"curve":[0.079,0.59,0.75,1]},{"time":1.8666,"x":-2.07,"y":221.18}],"scale":[{"time":1.5333,"x":2,"y":2},{"time":1.8666,"x":3,"y":3}]},"ef_rot_aura2":{"translate":[{"time":1.5333,"x":-1.14,"y":122.2,"curve":[0.079,0.59,0.75,1]},{"time":1.8666,"x":-2.07,"y":221.18}],"scale":[{"time":1.5333,"x":-2,"y":2},{"time":1.8666,"x":-3,"y":3}]},"DAMAGEAREA":{"translate":[{"time":1.5333,"x":-334.97,"y":63.27}],"scale":[{"time":1.5333,"x":3.998,"y":1.893}]}},"events":[{"time":0,"name":"Sound3","string":"setHitSound(se_battle_026_stab)"},{"time":0.2333,"name":"Sound1","string":"cri_se_battle_jump"},{"time":0.4666,"name":"Sound1","string":"cri_se_battle_charge"},{"time":1.3333,"name":"Voice","string":"cri_295_voice_skill_all"},{"time":1.4,"name":"Sound1","string":"cri_se_battle_gun_burst"},{"time":1.5,"name":"Sound1","string":"cri_se_battle_033_explosion_element_01"},{"time":1.5333,"name":"Event","float":0.12,"string":"kHitStopType_normal"},{"time":1.5333,"name":"Event2","string":"shakeGround"}]},"skill2":{"slots":{"EF/0h/as13_smash_attack_A_yellow/ef_smash_attack_A_yellow_00001":{"attachment":[{"time":1.7,"name":"EF/0h/as13_smash_attack_A_yellow/ef_smash_attack_A_yellow_00001"},{"time":1.7333,"name":"EF/0h/as13_smash_attack_A_yellow/ef_smash_attack_A_yellow_00002"},{"time":1.7666,"name":"EF/0h/as13_smash_attack_A_yellow/ef_smash_attack_A_yellow_00003"},{"time":1.8,"name":"EF/0h/as13_smash_attack_A_yellow/ef_smash_attack_A_yellow_00004"},{"time":1.8333,"name":null}]},"EF/0h/o_ef_arrow_wave_yellow/ef_arrow_wave_yellow_00001":{"attachment":[{"time":1.6666,"name":"EF/0h/o_ef_arrow_wave_yellow/ef_arrow_wave_yellow_00001"},{"time":1.7,"name":"EF/0h/o_ef_arrow_wave_yellow/ef_arrow_wave_yellow_00002"},{"time":1.7333,"name":"EF/0h/o_ef_arrow_wave_yellow/ef_arrow_wave_yellow_00003"},{"time":1.7666,"name":"EF/0h/o_ef_arrow_wave_yellow/ef_arrow_wave_yellow_00004"},{"time":1.8,"name":"EF/0h/o_ef_arrow_wave_yellow/ef_arrow_wave_yellow_00005"},{"time":1.8333,"name":"EF/0h/o_ef_arrow_wave_yellow/ef_arrow_wave_yellow_00006"},{"time":1.8666,"name":"EF/0h/o_ef_arrow_wave_yellow/ef_arrow_wave_yellow_00007"},{"time":1.9,"name":null}]},"EF/0h/o_ef_arrow_wave_yellow/ef_arrow_wave_yellow_1":{"attachment":[{"time":1.8,"name":"EF/0h/o_ef_arrow_wave_yellow/ef_arrow_wave_yellow_00001"},{"time":1.8333,"name":"EF/0h/o_ef_arrow_wave_yellow/ef_arrow_wave_yellow_00002"},{"time":1.8666,"name":"EF/0h/o_ef_arrow_wave_yellow/ef_arrow_wave_yellow_00003"},{"time":1.9,"name":"EF/0h/o_ef_arrow_wave_yellow/ef_arrow_wave_yellow_00004"},{"time":1.9333,"name":"EF/0h/o_ef_arrow_wave_yellow/ef_arrow_wave_yellow_00005"},{"time":1.9666,"name":"EF/0h/o_ef_arrow_wave_yellow/ef_arrow_wave_yellow_00006"},{"time":2,"name":"EF/0h/o_ef_arrow_wave_yellow/ef_arrow_wave_yellow_00007"},{"time":2.1,"name":null}],"color":[{"time":2,"color":"ffffffff"},{"time":2.1,"color":"ffffff00"}]},"EF/0h/s123_ef_graund_wave_yellow/ef_graund_wave_yellow_00001":{"attachment":[{"time":0.5,"name":"EF/0h/s123_ef_graund_wave_yellow/ef_graund_wave_yellow_00001"},{"time":0.5333,"name":"EF/0h/s123_ef_graund_wave_yellow/ef_graund_wave_yellow_00002"},{"time":0.5666,"name":"EF/0h/s123_ef_graund_wave_yellow/ef_graund_wave_yellow_00003"},{"time":0.6,"name":"EF/0h/s123_ef_graund_wave_yellow/ef_graund_wave_yellow_00004"},{"time":0.6333,"name":"EF/0h/s123_ef_graund_wave_yellow/ef_graund_wave_yellow_00005"},{"time":0.6666,"name":"EF/0h/s123_ef_graund_wave_yellow/ef_graund_wave_yellow_00006"},{"time":0.7,"name":"EF/0h/s123_ef_graund_wave_yellow/ef_graund_wave_yellow_00007"},{"time":0.7333,"name":"EF/0h/s123_ef_graund_wave_yellow/ef_graund_wave_yellow_00008"},{"time":0.7666,"name":"EF/0h/s123_ef_graund_wave_yellow/ef_graund_wave_yellow_00009"},{"time":0.8,"name":"EF/0h/s123_ef_graund_wave_yellow/ef_graund_wave_yellow_00010"},{"time":0.8333,"name":"EF/0h/s123_ef_graund_wave_yellow/ef_graund_wave_yellow_00011"},{"time":0.8666,"name":"EF/0h/s123_ef_graund_wave_yellow/ef_graund_wave_yellow_00012"},{"time":0.9,"name":"EF/0h/s123_ef_graund_wave_yellow/ef_graund_wave_yellow_00013"},{"time":0.9333,"name":null},{"time":0.9666,"name":"EF/0h/s123_ef_graund_wave_yellow/ef_graund_wave_yellow_00001"},{"time":1,"name":"EF/0h/s123_ef_graund_wave_yellow/ef_graund_wave_yellow_00002"},{"time":1.0333,"name":"EF/0h/s123_ef_graund_wave_yellow/ef_graund_wave_yellow_00003"},{"time":1.0666,"name":"EF/0h/s123_ef_graund_wave_yellow/ef_graund_wave_yellow_00004"},{"time":1.1,"name":"EF/0h/s123_ef_graund_wave_yellow/ef_graund_wave_yellow_00005"},{"time":1.1333,"name":"EF/0h/s123_ef_graund_wave_yellow/ef_graund_wave_yellow_00006"},{"time":1.1666,"name":"EF/0h/s123_ef_graund_wave_yellow/ef_graund_wave_yellow_00007"},{"time":1.2,"name":"EF/0h/s123_ef_graund_wave_yellow/ef_graund_wave_yellow_00008"},{"time":1.2333,"name":"EF/0h/s123_ef_graund_wave_yellow/ef_graund_wave_yellow_00009"},{"time":1.2666,"name":"EF/0h/s123_ef_graund_wave_yellow/ef_graund_wave_yellow_00010"},{"time":1.3,"name":"EF/0h/s123_ef_graund_wave_yellow/ef_graund_wave_yellow_00011"},{"time":1.3333,"name":"EF/0h/s123_ef_graund_wave_yellow/ef_graund_wave_yellow_00012"},{"time":1.3666,"name":"EF/0h/s123_ef_graund_wave_yellow/ef_graund_wave_yellow_00013"},{"time":1.4,"name":null},{"time":1.4333,"name":"EF/0h/s123_ef_graund_wave_yellow/ef_graund_wave_yellow_00001"},{"time":1.4666,"name":"EF/0h/s123_ef_graund_wave_yellow/ef_graund_wave_yellow_00002"},{"time":1.5,"name":"EF/0h/s123_ef_graund_wave_yellow/ef_graund_wave_yellow_00003"},{"time":1.5333,"name":"EF/0h/s123_ef_graund_wave_yellow/ef_graund_wave_yellow_00004"},{"time":1.5666,"name":"EF/0h/s123_ef_graund_wave_yellow/ef_graund_wave_yellow_00005"},{"time":1.6,"name":"EF/0h/s123_ef_graund_wave_yellow/ef_graund_wave_yellow_00006"},{"time":1.6333,"name":"EF/0h/s123_ef_graund_wave_yellow/ef_graund_wave_yellow_00007"},{"time":1.6666,"name":"EF/0h/s123_ef_graund_wave_yellow/ef_graund_wave_yellow_00008"},{"time":1.7,"name":"EF/0h/s123_ef_graund_wave_yellow/ef_graund_wave_yellow_00009"},{"time":1.7333,"name":"EF/0h/s123_ef_graund_wave_yellow/ef_graund_wave_yellow_00010"},{"time":1.7666,"name":"EF/0h/s123_ef_graund_wave_yellow/ef_graund_wave_yellow_00011"},{"time":1.8,"name":"EF/0h/s123_ef_graund_wave_yellow/ef_graund_wave_yellow_00012"},{"time":1.8333,"name":"EF/0h/s123_ef_graund_wave_yellow/ef_graund_wave_yellow_00013"},{"time":1.8666,"name":null}]},"EF/0h/s123_ef_graund_wave_yellow/ef_graund_wave_yellow_1":{"attachment":[{"time":0.7333,"name":"EF/0h/s123_ef_graund_wave_yellow/ef_graund_wave_yellow_00001"},{"time":0.7666,"name":"EF/0h/s123_ef_graund_wave_yellow/ef_graund_wave_yellow_00002"},{"time":0.8,"name":"EF/0h/s123_ef_graund_wave_yellow/ef_graund_wave_yellow_00003"},{"time":0.8333,"name":"EF/0h/s123_ef_graund_wave_yellow/ef_graund_wave_yellow_00004"},{"time":0.8666,"name":"EF/0h/s123_ef_graund_wave_yellow/ef_graund_wave_yellow_00005"},{"time":0.9,"name":"EF/0h/s123_ef_graund_wave_yellow/ef_graund_wave_yellow_00006"},{"time":0.9333,"name":"EF/0h/s123_ef_graund_wave_yellow/ef_graund_wave_yellow_00007"},{"time":0.9666,"name":"EF/0h/s123_ef_graund_wave_yellow/ef_graund_wave_yellow_00008"},{"time":1,"name":"EF/0h/s123_ef_graund_wave_yellow/ef_graund_wave_yellow_00009"},{"time":1.0333,"name":"EF/0h/s123_ef_graund_wave_yellow/ef_graund_wave_yellow_00010"},{"time":1.0666,"name":"EF/0h/s123_ef_graund_wave_yellow/ef_graund_wave_yellow_00011"},{"time":1.1,"name":"EF/0h/s123_ef_graund_wave_yellow/ef_graund_wave_yellow_00012"},{"time":1.1333,"name":"EF/0h/s123_ef_graund_wave_yellow/ef_graund_wave_yellow_00013"},{"time":1.1666,"name":null},{"time":1.2,"name":"EF/0h/s123_ef_graund_wave_yellow/ef_graund_wave_yellow_00001"},{"time":1.2333,"name":"EF/0h/s123_ef_graund_wave_yellow/ef_graund_wave_yellow_00002"},{"time":1.2666,"name":"EF/0h/s123_ef_graund_wave_yellow/ef_graund_wave_yellow_00003"},{"time":1.3,"name":"EF/0h/s123_ef_graund_wave_yellow/ef_graund_wave_yellow_00004"},{"time":1.3333,"name":"EF/0h/s123_ef_graund_wave_yellow/ef_graund_wave_yellow_00005"},{"time":1.3666,"name":"EF/0h/s123_ef_graund_wave_yellow/ef_graund_wave_yellow_00006"},{"time":1.4,"name":"EF/0h/s123_ef_graund_wave_yellow/ef_graund_wave_yellow_00007"},{"time":1.4333,"name":"EF/0h/s123_ef_graund_wave_yellow/ef_graund_wave_yellow_00008"},{"time":1.4666,"name":"EF/0h/s123_ef_graund_wave_yellow/ef_graund_wave_yellow_00009"},{"time":1.5,"name":"EF/0h/s123_ef_graund_wave_yellow/ef_graund_wave_yellow_00010"},{"time":1.5333,"name":"EF/0h/s123_ef_graund_wave_yellow/ef_graund_wave_yellow_00011"},{"time":1.5666,"name":"EF/0h/s123_ef_graund_wave_yellow/ef_graund_wave_yellow_00012"},{"time":1.6,"name":"EF/0h/s123_ef_graund_wave_yellow/ef_graund_wave_yellow_00013"},{"time":1.6333,"name":"EF/0h/s123_ef_graund_wave_yellow/ef_graund_wave_yellow_00001"},{"time":1.6666,"name":"EF/0h/s123_ef_graund_wave_yellow/ef_graund_wave_yellow_00002"},{"time":1.7,"name":"EF/0h/s123_ef_graund_wave_yellow/ef_graund_wave_yellow_00003"},{"time":1.7333,"name":"EF/0h/s123_ef_graund_wave_yellow/ef_graund_wave_yellow_00004"},{"time":1.7666,"name":"EF/0h/s123_ef_graund_wave_yellow/ef_graund_wave_yellow_00005"},{"time":1.8,"name":"EF/0h/s123_ef_graund_wave_yellow/ef_graund_wave_yellow_00006"},{"time":1.8333,"name":"EF/0h/s123_ef_graund_wave_yellow/ef_graund_wave_yellow_00007"},{"time":1.8666,"name":"EF/0h/s123_ef_graund_wave_yellow/ef_graund_wave_yellow_00008"},{"time":1.9,"name":"EF/0h/s123_ef_graund_wave_yellow/ef_graund_wave_yellow_00009"},{"time":1.9333,"name":"EF/0h/s123_ef_graund_wave_yellow/ef_graund_wave_yellow_00010"},{"time":1.9666,"name":"EF/0h/s123_ef_graund_wave_yellow/ef_graund_wave_yellow_00011"},{"time":2,"name":"EF/0h/s123_ef_graund_wave_yellow/ef_graund_wave_yellow_00012"},{"time":2.0333,"name":"EF/0h/s123_ef_graund_wave_yellow/ef_graund_wave_yellow_00013"},{"time":2.0666,"name":null}]},"EF/0h/s123_ef_power_yellow/ef_power_yellow_00001":{"attachment":[{"time":0.5,"name":"EF/0h/s123_ef_power_yellow/ef_power_yellow_00001"},{"time":0.5333,"name":"EF/0h/s123_ef_power_yellow/ef_power_yellow_00002"},{"time":0.5666,"name":"EF/0h/s123_ef_power_yellow/ef_power_yellow_00003"},{"time":0.6,"name":"EF/0h/s123_ef_power_yellow/ef_power_yellow_00004"},{"time":0.6333,"name":"EF/0h/s123_ef_power_yellow/ef_power_yellow_00005"},{"time":0.6666,"name":"EF/0h/s123_ef_power_yellow/ef_power_yellow_00006"},{"time":0.7,"name":"EF/0h/s123_ef_power_yellow/ef_power_yellow_00007"},{"time":0.7333,"name":"EF/0h/s123_ef_power_yellow/ef_power_yellow_00008"},{"time":0.7666,"name":"EF/0h/s123_ef_power_yellow/ef_power_yellow_00009"},{"time":0.8,"name":"EF/0h/s123_ef_power_yellow/ef_power_yellow_00010"},{"time":0.8666,"name":null},{"time":1.6333,"name":"EF/0h/s123_ef_power_yellow/ef_power_yellow_00001"},{"time":1.6666,"name":"EF/0h/s123_ef_power_yellow/ef_power_yellow_00002"},{"time":1.7,"name":"EF/0h/s123_ef_power_yellow/ef_power_yellow_00003"},{"time":1.7333,"name":"EF/0h/s123_ef_power_yellow/ef_power_yellow_00004"},{"time":1.7666,"name":"EF/0h/s123_ef_power_yellow/ef_power_yellow_00005"},{"time":1.8,"name":"EF/0h/s123_ef_power_yellow/ef_power_yellow_00006"},{"time":1.8333,"name":"EF/0h/s123_ef_power_yellow/ef_power_yellow_00007"},{"time":1.8666,"name":"EF/0h/s123_ef_power_yellow/ef_power_yellow_00008"},{"time":1.9,"name":"EF/0h/s123_ef_power_yellow/ef_power_yellow_00009"},{"time":1.9333,"name":"EF/0h/s123_ef_power_yellow/ef_power_yellow_00010"},{"time":2,"name":null}],"color":[{"time":0.8,"color":"ffffffff"},{"time":0.8666,"color":"ffffff00","curve":"stepped"},{"time":1.6333,"color":"ffffffff","curve":"stepped"},{"time":1.9333,"color":"ffffffff"},{"time":2,"color":"ffffff00"}]},"EF/0h/s123_ef_shine_yellow/ef_shine_yellow_1":{"attachment":[{"time":0.7,"name":"EF/0h/s123_ef_shine_yellow/ef_shine_yellow_00001"},{"time":0.7666,"name":"EF/0h/s123_ef_shine_yellow/ef_shine_yellow_00002"},{"time":0.8333,"name":"EF/0h/s123_ef_shine_yellow/ef_shine_yellow_00003"},{"time":0.9,"name":"EF/0h/s123_ef_shine_yellow/ef_shine_yellow_00004"},{"time":0.9666,"name":"EF/0h/s123_ef_shine_yellow/ef_shine_yellow_00005"},{"time":1.0333,"name":"EF/0h/s123_ef_shine_yellow/ef_shine_yellow_00006"},{"time":1.1,"name":"EF/0h/s123_ef_shine_yellow/ef_shine_yellow_00007"},{"time":1.1666,"name":"EF/0h/s123_ef_shine_yellow/ef_shine_yellow_00008"},{"time":1.2333,"name":"EF/0h/s123_ef_shine_yellow/ef_shine_yellow_00009"},{"time":1.3,"name":"EF/0h/s123_ef_shine_yellow/ef_shine_yellow_00010"},{"time":1.3666,"name":"EF/0h/s123_ef_shine_yellow/ef_shine_yellow_00011"},{"time":1.4333,"name":"EF/0h/s123_ef_shine_yellow/ef_shine_yellow_00012"},{"time":1.5,"name":"EF/0h/s123_ef_shine_yellow/ef_shine_yellow_00013"},{"time":1.5666,"name":"EF/0h/s123_ef_shine_yellow/ef_shine_yellow_00014"},{"time":1.6333,"name":null}],"color":[{"time":0.6666,"color":"ffffff00"},{"time":1.3666,"color":"ffffffff"}]},"EF/0h/s123_ef_shine_yellow/ef_shine_yellow_00001":{"attachment":[{"time":0.7333,"name":"EF/0h/s123_ef_shine_yellow/ef_shine_yellow_00001"},{"time":0.8,"name":"EF/0h/s123_ef_shine_yellow/ef_shine_yellow_00002"},{"time":0.8666,"name":"EF/0h/s123_ef_shine_yellow/ef_shine_yellow_00003"},{"time":0.9333,"name":"EF/0h/s123_ef_shine_yellow/ef_shine_yellow_00004"},{"time":1,"name":"EF/0h/s123_ef_shine_yellow/ef_shine_yellow_00005"},{"time":1.0666,"name":"EF/0h/s123_ef_shine_yellow/ef_shine_yellow_00006"},{"time":1.1333,"name":"EF/0h/s123_ef_shine_yellow/ef_shine_yellow_00007"},{"time":1.2,"name":"EF/0h/s123_ef_shine_yellow/ef_shine_yellow_00008"},{"time":1.2666,"name":"EF/0h/s123_ef_shine_yellow/ef_shine_yellow_00009"},{"time":1.3333,"name":"EF/0h/s123_ef_shine_yellow/ef_shine_yellow_00010"},{"time":1.4,"name":"EF/0h/s123_ef_shine_yellow/ef_shine_yellow_00011"},{"time":1.4666,"name":"EF/0h/s123_ef_shine_yellow/ef_shine_yellow_00012"},{"time":1.5333,"name":"EF/0h/s123_ef_shine_yellow/ef_shine_yellow_00013"},{"time":1.6,"name":"EF/0h/s123_ef_shine_yellow/ef_shine_yellow_00014"},{"time":1.6666,"name":null}],"color":[{"time":0.7,"color":"ffffff00"},{"time":1.4,"color":"ffffffff"}]},"EF/0h/s23_ef_particle_main/ef_particle_main_00001":{"attachment":[{"time":1.7,"name":"EF/0h/s23_ef_particle_main/ef_particle_main_00001"},{"time":1.7333,"name":"EF/0h/s23_ef_particle_main/ef_particle_main_00002"},{"time":1.7666,"name":"EF/0h/s23_ef_particle_main/ef_particle_main_00003"},{"time":1.8,"name":"EF/0h/s23_ef_particle_main/ef_particle_main_00004"},{"time":1.8333,"name":"EF/0h/s23_ef_particle_main/ef_particle_main_00005"},{"time":1.8666,"name":"EF/0h/s23_ef_particle_main/ef_particle_main_00006"},{"time":1.9,"name":"EF/0h/s23_ef_particle_main/ef_particle_main_00007"},{"time":1.9333,"name":"EF/0h/s23_ef_particle_main/ef_particle_main_00008"},{"time":1.9666,"name":"EF/0h/s23_ef_particle_main/ef_particle_main_00009"},{"time":2,"name":"EF/0h/s23_ef_particle_main/ef_particle_main_00010"},{"time":2.0333,"name":"EF/0h/s23_ef_particle_main/ef_particle_main_00011"},{"time":2.0666,"name":"EF/0h/s23_ef_particle_main/ef_particle_main_00012"},{"time":2.1,"name":"EF/0h/s23_ef_particle_main/ef_particle_main_00013"},{"time":2.1666,"name":null}],"color":[{"time":2.0333,"color":"ffffffff"},{"time":2.1333,"color":"ffffff00"}]},"EF/0h/s2_ef_rot_aura_main/ef_rot_aura_main_00001":{"attachment":[{"time":1.6666,"name":"EF/0h/s2_ef_rot_aura_main/ef_rot_aura_main_00001"},{"time":1.7,"name":"EF/0h/s2_ef_rot_aura_main/ef_rot_aura_main_00002"},{"time":1.7333,"name":"EF/0h/s2_ef_rot_aura_main/ef_rot_aura_main_00003"},{"time":1.7666,"name":"EF/0h/s2_ef_rot_aura_main/ef_rot_aura_main_00004"},{"time":1.8,"name":"EF/0h/s2_ef_rot_aura_main/ef_rot_aura_main_00005"},{"time":1.8333,"name":"EF/0h/s2_ef_rot_aura_main/ef_rot_aura_main_00006"},{"time":1.8666,"name":"EF/0h/s2_ef_rot_aura_main/ef_rot_aura_main_00007"},{"time":1.9,"name":"EF/0h/s2_ef_rot_aura_main/ef_rot_aura_main_00008"},{"time":1.9333,"name":"EF/0h/s2_ef_rot_aura_main/ef_rot_aura_main_00009"},{"time":1.9666,"name":"EF/0h/s2_ef_rot_aura_main/ef_rot_aura_main_00010"},{"time":2,"name":"EF/0h/s2_ef_rot_aura_main/ef_rot_aura_main_00011"},{"time":2.0333,"name":"EF/0h/s2_ef_rot_aura_main/ef_rot_aura_main_00012"},{"time":2.0666,"name":"EF/0h/s2_ef_rot_aura_main/ef_rot_aura_main_00013"},{"time":2.1,"name":"EF/0h/s2_ef_rot_aura_main/ef_rot_aura_main_00014"},{"time":2.1333,"name":null}]},"EF/0h/s2_ef_rot_aura_main/ef_rot_aura_main_1":{"attachment":[{"time":1.6666,"name":"EF/0h/s2_ef_rot_aura_main/ef_rot_aura_main_00001"},{"time":1.7,"name":"EF/0h/s2_ef_rot_aura_main/ef_rot_aura_main_00002"},{"time":1.7333,"name":"EF/0h/s2_ef_rot_aura_main/ef_rot_aura_main_00003"},{"time":1.7666,"name":"EF/0h/s2_ef_rot_aura_main/ef_rot_aura_main_00004"},{"time":1.8,"name":"EF/0h/s2_ef_rot_aura_main/ef_rot_aura_main_00005"},{"time":1.8333,"name":"EF/0h/s2_ef_rot_aura_main/ef_rot_aura_main_00006"},{"time":1.8666,"name":"EF/0h/s2_ef_rot_aura_main/ef_rot_aura_main_00007"},{"time":1.9,"name":"EF/0h/s2_ef_rot_aura_main/ef_rot_aura_main_00008"},{"time":1.9333,"name":"EF/0h/s2_ef_rot_aura_main/ef_rot_aura_main_00009"},{"time":1.9666,"name":"EF/0h/s2_ef_rot_aura_main/ef_rot_aura_main_00010"},{"time":2,"name":"EF/0h/s2_ef_rot_aura_main/ef_rot_aura_main_00011"},{"time":2.0333,"name":"EF/0h/s2_ef_rot_aura_main/ef_rot_aura_main_00012"},{"time":2.0666,"name":"EF/0h/s2_ef_rot_aura_main/ef_rot_aura_main_00013"},{"time":2.1,"name":"EF/0h/s2_ef_rot_aura_main/ef_rot_aura_main_00014"},{"time":2.1333,"name":null}]},"EF/0h/s2_ef_rot_aura_main/ef_rot_aura_main_2":{"attachment":[{"time":1.8333,"name":"EF/0h/s2_ef_rot_aura_main/ef_rot_aura_main_00001"},{"time":1.8666,"name":"EF/0h/s2_ef_rot_aura_main/ef_rot_aura_main_00002"},{"time":1.9,"name":"EF/0h/s2_ef_rot_aura_main/ef_rot_aura_main_00003"},{"time":1.9333,"name":"EF/0h/s2_ef_rot_aura_main/ef_rot_aura_main_00004"},{"time":1.9666,"name":"EF/0h/s2_ef_rot_aura_main/ef_rot_aura_main_00005"},{"time":2,"name":"EF/0h/s2_ef_rot_aura_main/ef_rot_aura_main_00006"},{"time":2.0333,"name":"EF/0h/s2_ef_rot_aura_main/ef_rot_aura_main_00007"},{"time":2.0666,"name":"EF/0h/s2_ef_rot_aura_main/ef_rot_aura_main_00008"},{"time":2.1,"name":"EF/0h/s2_ef_rot_aura_main/ef_rot_aura_main_00009"},{"time":2.1333,"name":"EF/0h/s2_ef_rot_aura_main/ef_rot_aura_main_00010"},{"time":2.1666,"name":"EF/0h/s2_ef_rot_aura_main/ef_rot_aura_main_00011"},{"time":2.2,"name":"EF/0h/s2_ef_rot_aura_main/ef_rot_aura_main_00012"},{"time":2.2333,"name":"EF/0h/s2_ef_rot_aura_main/ef_rot_aura_main_00013"},{"time":2.2666,"name":"EF/0h/s2_ef_rot_aura_main/ef_rot_aura_main_00014"},{"time":2.3,"name":null}]},"EF/0h/s2_ef_rot_aura_main/ef_rot_aura_main_3":{"attachment":[{"time":1.8333,"name":"EF/0h/s2_ef_rot_aura_main/ef_rot_aura_main_00001"},{"time":1.8666,"name":"EF/0h/s2_ef_rot_aura_main/ef_rot_aura_main_00002"},{"time":1.9,"name":"EF/0h/s2_ef_rot_aura_main/ef_rot_aura_main_00003"},{"time":1.9333,"name":"EF/0h/s2_ef_rot_aura_main/ef_rot_aura_main_00004"},{"time":1.9666,"name":"EF/0h/s2_ef_rot_aura_main/ef_rot_aura_main_00005"},{"time":2,"name":"EF/0h/s2_ef_rot_aura_main/ef_rot_aura_main_00006"},{"time":2.0333,"name":"EF/0h/s2_ef_rot_aura_main/ef_rot_aura_main_00007"},{"time":2.0666,"name":"EF/0h/s2_ef_rot_aura_main/ef_rot_aura_main_00008"},{"time":2.1,"name":"EF/0h/s2_ef_rot_aura_main/ef_rot_aura_main_00009"},{"time":2.1333,"name":"EF/0h/s2_ef_rot_aura_main/ef_rot_aura_main_00010"},{"time":2.1666,"name":"EF/0h/s2_ef_rot_aura_main/ef_rot_aura_main_00011"},{"time":2.2,"name":"EF/0h/s2_ef_rot_aura_main/ef_rot_aura_main_00012"},{"time":2.2333,"name":"EF/0h/s2_ef_rot_aura_main/ef_rot_aura_main_00013"},{"time":2.2666,"name":"EF/0h/s2_ef_rot_aura_main/ef_rot_aura_main_00014"},{"time":2.3,"name":null}]},"EF/0h/s3_ef_OF_main/ef_OF_main_00001":{"attachment":[{"time":1.8,"name":"EF/0h/s3_ef_OF_main/ef_OF_main_00001"},{"time":1.8333,"name":"EF/0h/s3_ef_OF_main/ef_OF_main_00002"},{"time":1.8666,"name":"EF/0h/s3_ef_OF_main/ef_OF_main_00003"},{"time":1.9,"name":"EF/0h/s3_ef_OF_main/ef_OF_main_00004"},{"time":1.9333,"name":"EF/0h/s3_ef_OF_main/ef_OF_main_00005"},{"time":1.9666,"name":"EF/0h/s3_ef_OF_main/ef_OF_main_00006"},{"time":2,"name":null}],"color":[{"time":1.8,"color":"ffed00ff"}]},"EF/5100_S2_magic1d":{"attachment":[{"time":0.5,"name":"EF/5100_S2_magic1d"},{"time":1.6333,"name":null}],"color":[{"time":0.5,"color":"ffffffff"},{"time":1.2666,"color":"ffa800ff"}]},"EF/5100_S2_magic1d2":{"attachment":[{"time":0.5,"name":"EF/5100_S2_magic1d"},{"time":1.6333,"name":null}],"color":[{"time":0.5,"color":"ffffffff"},{"time":1.5333,"color":"ffa800ff"}]},"EF/magic_4light":{"attachment":[{"time":0.5,"name":"EF/magic_4light"},{"time":1.6333,"name":null}],"color":[{"time":0.5,"color":"ffffffff"},{"time":0.7333,"color":"ffa800ff"}]},"MAIN":{"attachment":[{"time":0,"name":"idle_00"},{"time":0.0666,"name":"skill2_00"},{"time":0.1666,"name":"skill2_01"},{"time":0.3666,"name":"skill2_02"},{"time":0.4333,"name":"skill2_03a"},{"time":0.5,"name":"skill2_03b"},{"time":1.6333,"name":"skill2_04a"},{"time":1.7,"name":"skill2_04b"},{"time":1.7666,"name":"skill2_04a"},{"time":1.8333,"name":"skill2_04b"},{"time":1.9,"name":"skill2_04a"},{"time":1.9666,"name":"skill2_04b"},{"time":2.0333,"name":"skill2_04a"},{"time":2.1,"name":"skill2_04b"},{"time":2.1666,"name":"skill2_05a"},{"time":2.2333,"name":"skill2_05b"},{"time":2.3,"name":"skill2_05a"},{"time":2.3666,"name":"skill2_05b"},{"time":2.4333,"name":"skill2_05a"},{"time":2.5333,"name":"skill2_05b"},{"time":2.6333,"name":"skill2_06"},{"time":2.7333,"name":"idle_02"},{"time":2.8666,"name":"idle_03"},{"time":3,"name":"idle_00"}]}},"bones":{"MAIN":{"translate":[{"time":1.6333,"x":0,"y":0},{"time":1.6666,"x":2.49,"y":-1.58,"curve":[0.153,0.27,0.75,1]},{"time":1.7333,"x":0,"y":0}]},"ef_graund_wave":{"translate":[{"time":0.5,"x":113.42,"y":1.06}],"scale":[{"time":0.5,"x":2,"y":2},{"time":0.9,"x":2.5,"y":2.5,"curve":"stepped"},{"time":1.6333,"x":2.5,"y":2.5},{"time":2.0333,"x":3.5,"y":3.5}]},"magic1":{"rotate":[{"time":0.5,"angle":0},{"time":1.5333,"angle":25}],"translate":[{"time":0.5,"x":474.07,"y":122.94}],"scale":[{"time":0.5,"x":0.044,"y":0.044},{"time":0.8,"x":0.855,"y":0.855,"curve":[0.03,0.86,0.75,1]},{"time":1.3,"x":0.917,"y":0.917},{"time":1.4,"x":0.855,"y":0.855},{"time":1.5,"x":0.092,"y":0.092}]},"magic2":{"rotate":[{"time":0.5,"angle":0}],"translate":[{"time":0.5,"x":474.07,"y":122.94}],"scale":[{"time":0.5,"x":0.112,"y":0.112,"curve":[0.072,0.46,0.75,1]},{"time":0.7333,"x":0.8,"y":0.8,"curve":[0.03,0.86,0.75,1]},{"time":1.3,"x":0.848,"y":0.848},{"time":1.4333,"x":0.8,"y":0.8},{"time":1.5333,"x":0.055,"y":0.055}]},"magic3":{"rotate":[{"time":0.5,"angle":0},{"time":1.5333,"angle":-25}],"translate":[{"time":0.5,"x":474.07,"y":122.94}],"scale":[{"time":0.5,"x":0.044,"y":0.044},{"time":0.8,"x":0.855,"y":0.855,"curve":[0.03,0.86,0.75,1]},{"time":1.3,"x":1.15,"y":1.15,"curve":"stepped"},{"time":1.3333,"x":1.15,"y":1.15},{"time":1.4,"x":0.857,"y":0.857},{"time":1.5,"x":0.09,"y":0.09}]},"ef_power":{"translate":[{"time":0.5,"x":124.06,"y":119.53,"curve":"stepped"},{"time":1.6333,"x":124.06,"y":119.53}],"scale":[{"time":0.5,"x":0.444,"y":0.444},{"time":0.8333,"x":4,"y":4,"curve":"stepped"},{"time":1.6333,"x":0.444,"y":0.444,"curve":[0.132,0.37,0.75,1]},{"time":1.9666,"x":5,"y":5}]},"ef_shine":{"translate":[{"time":0.7,"x":173.99,"y":120.03}],"scale":[{"time":0.7,"x":4,"y":4},{"time":1.1333,"x":5,"y":5,"curve":"stepped"},{"time":1.5333,"x":5,"y":5},{"time":1.6,"x":1.824,"y":1.824}]},"ef_arrow_wave_yellow":{"rotate":[{"time":1.6666,"angle":-43.72}],"translate":[{"time":1.6666,"x":13.68,"y":130}],"scale":[{"time":1.6666,"x":3,"y":3},{"time":1.8666,"x":4,"y":4}]},"ef_smash_attack_A":{"rotate":[{"time":1.7,"angle":-45.52}],"translate":[{"time":1.7,"x":24.07,"y":74.24}],"scale":[{"time":1.7,"x":2,"y":2}]},"ef_rot_aura":{"rotate":[{"time":1.6666,"angle":44.08}],"translate":[{"time":1.6666,"x":215.88,"y":233.08}],"scale":[{"time":1.6666,"x":1.5,"y":2},{"time":1.9,"x":2,"y":2.5}]},"ef_rot_aura2":{"rotate":[{"time":1.6666,"angle":44.08}],"translate":[{"time":1.6666,"x":215.88,"y":233.08}],"scale":[{"time":1.6666,"x":-1.5,"y":2},{"time":1.9,"x":-2,"y":2.5}]},"ef_particle":{"rotate":[{"time":1.7,"angle":-137.64}],"translate":[{"time":1.7,"x":71.35,"y":342.91},{"time":2.1333,"x":19.08,"y":384.77}],"scale":[{"time":1.7,"x":3,"y":3}]},"ef_arrow_wave_yellow2":{"rotate":[{"time":1.8,"angle":90.56}],"translate":[{"time":1.8,"x":-497.19,"y":624.45}],"scale":[{"time":1.8,"x":6,"y":6},{"time":2.0666,"x":9,"y":9}]},"ef_rot_aura3":{"rotate":[{"time":1.8333,"angle":44.08}],"translate":[{"time":1.8333,"x":51.82,"y":395.05}],"scale":[{"time":1.8,"x":2,"y":2},{"time":1.9333,"x":1.5,"y":2.5}]},"ef_rot_aura4":{"rotate":[{"time":1.8333,"angle":44.08}],"translate":[{"time":1.8333,"x":51.82,"y":395.05}],"scale":[{"time":1.8,"x":-2,"y":2},{"time":1.9333,"x":-1.5,"y":2.5}]},"ef_OF":{"translate":[{"time":1.8,"x":-142.77,"y":619.59}],"scale":[{"time":1.8,"x":4,"y":4},{"time":1.9666,"x":7,"y":7}]}},"events":[{"time":0,"name":"Voice","string":"cri_295_voice_fullarts_now"},{"time":0.2,"name":"Sound1","string":"cri_se_battle_charge_long"},{"time":1.5,"name":"Voice","string":"cri_295_voice_fullarts_rank5"},{"time":1.6666,"name":"Sound1","string":"cri_se_battle_beam"},{"time":1.7666,"name":"Sound1","string":"cri_se_battle_darkness_explosion"},{"time":2.1666,"name":"Event","string":"addOrbitSystem_skill2_orbit"}]}}}