{"skeleton":{"hash":"vEXn065BH6A77/1j/7GGc70mJ8o","spine":"3.0.12","width":0,"height":0,"images":"./images/"},"bones":[{"name":"root"},{"name":"grid","parent":"root"},{"name":"MAIN","parent":"root","y":40.05},{"name":"SHADOW-OFFSET","parent":"MAIN","x":11.68,"y":-39.32},{"name":"HITBOX","parent":"MAIN","y":-0.12,"scaleX":2,"scaleY":2},{"name":"EF","parent":"root"},{"name":"magic5","parent":"EF","x":-960.8,"y":62.99},{"name":"S3_shine1","parent":"EF","x":-732.08,"y":291.62},{"name":"S3_attack1","parent":"EF","x":-770.77,"y":66.77},{"name":"S1_wave1_6","parent":"EF","x":-1343.71,"y":288.17,"scaleX":1.2,"scaleY":1.2},{"name":"S1_wave1_5","parent":"EF","x":-1343.71,"y":288.17,"scaleX":1.2,"scaleY":1.2},{"name":"S1_wave1_4","parent":"EF","x":-1343.71,"y":288.17,"scaleX":1.2,"scaleY":1.2},{"name":"S1_wave1_3","parent":"EF","x":-1343.71,"y":288.17,"scaleX":1.2,"scaleY":1.2},{"name":"S1_wave1_2","parent":"EF","x":-1155.52,"y":288.17,"scaleX":1.2,"scaleY":1.2},{"name":"S1_wave1_1","parent":"EF","x":-961.18,"y":288.17,"scaleX":1.2,"scaleY":1.2},{"name":"DOT_slash5","parent":"EF","x":-700,"y":-262.5},{"name":"DOT_slash2","parent":"EF","x":-900,"y":-100},{"name":"DOT_slash1","parent":"EF","x":-1000,"y":-100},{"name":"DAMAGEAREA","parent":"root"}],"slots":[{"name":"grid/bg","bone":"grid","color":"ffffff64"},{"name":"grid/grid","bone":"grid","color":"ffffff43"},{"name":"S1_wave1_1","bone":"S1_wave1_1","blend":"additive"},{"name":"S1_wave1_2","bone":"S1_wave1_2","blend":"additive"},{"name":"S1_wave1_3","bone":"S1_wave1_3","blend":"additive"},{"name":"S1_wave1_4","bone":"S1_wave1_4","blend":"additive"},{"name":"S1_wave1_5","bone":"S1_wave1_5","blend":"additive"},{"name":"S1_wave1_6","bone":"S1_wave1_6","blend":"additive"},{"name":"S3_attack1","bone":"S3_attack1","blend":"additive"},{"name":"magic5","bone":"magic5","blend":"additive"},{"name":"MAIN","bone":"MAIN","attachment":"idle_00"},{"name":"S3_shine1","bone":"S3_shine1","blend":"additive"},{"name":"DAMAGEAREA","bone":"DAMAGEAREA"},{"name":"HITBOX","bone":"HITBOX","attachment":"HITBOX"},{"name":"EF/slash_DOT_1/L_attackEF_1","bone":"DOT_slash1","color":"00ff53ff","blend":"additive"},{"name":"EF/slash_DOT_1/R_attackEF_1","bone":"DOT_slash2","color":"00ff53ff","blend":"additive"},{"name":"EF/slash_DOT_2/up_EF_1","bone":"DOT_slash5","color":"00ff53ff","blend":"additive"}],"skins":{"default":{"DAMAGEAREA":{"DAMAGEAREA":{"type":"boundingbox","vertices":[-30.08448,-31.03852,32.12744,-31.84857,31.91143,31.71226,-30.45943,32.0872,0,0,0,0,0,0,0,0]}},"EF/slash_DOT_1/L_attackEF_1":{"EF/slash_DOT_1/L_attackEF_1":{"x":45,"y":-5,"width":128,"height":128},"EF/slash_DOT_1/L_attackEF_2":{"x":45,"y":-5,"width":128,"height":128},"EF/slash_DOT_1/L_attackEF_3":{"x":45,"y":-5,"width":128,"height":128}},"EF/slash_DOT_1/R_attackEF_1":{"EF/slash_DOT_1/R_attackEF_1":{"x":45,"y":-5,"width":128,"height":128},"EF/slash_DOT_1/R_attackEF_2":{"x":45,"y":-5,"width":128,"height":128},"EF/slash_DOT_1/R_attackEF_3":{"x":45,"y":-5,"width":128,"height":128}},"EF/slash_DOT_2/up_EF_1":{"EF/slash_DOT_2/up_EF_1":{"x":30,"y":-55,"width":200,"height":200},"EF/slash_DOT_2/up_EF_2":{"x":30,"y":-55,"width":200,"height":200},"EF/slash_DOT_2/up_EF_3":{"x":30,"y":-55,"width":200,"height":200},"EF/slash_DOT_2/up_EF_4":{"x":30,"y":-55,"width":200,"height":200}},"HITBOX":{"HITBOX":{"type":"boundingbox","vertices":[-18.91235,-17.08648,19.36679,-17.29445,18.8383,23.19409,-18.06333,23.30663,0,0,0,0,0,0,0,0]}},"MAIN":{"attack1_00":{"x":-10,"y":24.94,"width":500,"height":400},"attack1_01":{"x":-10,"y":24.94,"width":500,"height":400},"attack1_02":{"x":5,"y":24.94,"width":500,"height":400},"attack1_03":{"x":5,"y":24.94,"width":500,"height":400},"attack1_04":{"x":5,"y":24.94,"width":500,"height":400},"attack1_05":{"x":-15,"y":24.94,"width":500,"height":400},"attack1_06":{"x":-35,"y":24.94,"width":500,"height":400},"attack1_07":{"x":5,"y":24.94,"width":500,"height":400},"attack1_08":{"x":5,"y":24.94,"width":500,"height":400},"attack1_09":{"x":5,"y":24.94,"width":500,"height":400},"attack1_10":{"x":5,"y":24.94,"width":500,"height":400},"attack1_11":{"x":5,"y":24.94,"width":500,"height":400},"attack1_12":{"x":10,"y":24.94,"width":500,"height":400},"attack1_13":{"x":10,"y":24.94,"width":500,"height":400},"attack1_14":{"x":20,"y":24.94,"width":500,"height":400},"attack1_15":{"x":15,"y":24.94,"width":500,"height":400},"attack1_16":{"x":-5,"y":24.94,"width":500,"height":400},"attack1_17":{"x":-5,"y":24.94,"width":500,"height":400},"attack1_18":{"x":-5,"y":24.94,"width":500,"height":400},"attack1_19":{"x":-5,"y":24.94,"width":500,"height":400},"attack1_20":{"x":-5,"y":24.94,"width":500,"height":400},"back_00":{"x":-10,"y":24.94,"width":500,"height":400},"damage_00":{"x":-20,"y":24.94,"width":500,"height":400},"front_00":{"x":-5,"y":24.94,"width":500,"height":400},"front_01":{"x":-5,"y":24.94,"width":500,"height":400},"front_02":{"x":-5,"y":24.94,"width":500,"height":400},"idle_00":{"x":-10,"y":24.94,"width":500,"height":400},"idle_01":{"x":-10,"y":24.94,"width":500,"height":400},"idle_02":{"x":-10,"y":24.94,"width":500,"height":400},"idle_03":{"x":-10,"y":24.94,"width":500,"height":400},"idle_04":{"x":-10,"y":24.94,"width":500,"height":400},"skill1_00":{"x":-5,"y":-10.05,"width":500,"height":400},"skill1_01":{"y":24.94,"width":500,"height":400},"skill1_02":{"y":24.94,"width":500,"height":400},"skill1_03":{"y":24.94,"width":500,"height":400},"skill1_04":{"y":24.94,"width":500,"height":400},"skill2_00":{"y":24.94,"width":500,"height":400},"skill2_01":{"y":24.94,"width":500,"height":400},"skill2_02":{"y":24.94,"width":500,"height":400}},"S1_wave1_1":{"EF/370_S1_wave1/370_S1_wave1_00000":{"x":-1.91,"y":14.02,"width":336,"height":336},"EF/370_S1_wave1/370_S1_wave1_00001":{"x":-1.91,"y":14.02,"width":336,"height":336},"EF/370_S1_wave1/370_S1_wave1_00002":{"x":-1.91,"y":14.02,"width":336,"height":336},"EF/370_S1_wave1/370_S1_wave1_00003":{"x":-1.91,"y":14.02,"width":336,"height":336},"EF/370_S1_wave1/370_S1_wave1_00004":{"x":-1.91,"y":14.02,"width":336,"height":336},"EF/370_S1_wave1/370_S1_wave1_00005":{"x":-1.91,"y":14.02,"width":336,"height":336},"EF/370_S1_wave1/370_S1_wave1_00006":{"x":-1.91,"y":14.02,"width":336,"height":336}},"S1_wave1_2":{"EF/370_S1_wave1/370_S1_wave1_00000":{"x":-1.91,"y":14.02,"width":336,"height":336},"EF/370_S1_wave1/370_S1_wave1_00001":{"x":-1.91,"y":14.02,"width":336,"height":336},"EF/370_S1_wave1/370_S1_wave1_00002":{"x":-1.91,"y":14.02,"width":336,"height":336},"EF/370_S1_wave1/370_S1_wave1_00003":{"x":-1.91,"y":14.02,"width":336,"height":336},"EF/370_S1_wave1/370_S1_wave1_00004":{"x":-1.91,"y":14.02,"width":336,"height":336},"EF/370_S1_wave1/370_S1_wave1_00005":{"x":-1.91,"y":14.02,"width":336,"height":336},"EF/370_S1_wave1/370_S1_wave1_00006":{"x":-1.91,"y":14.02,"width":336,"height":336}},"S1_wave1_3":{"EF/370_S1_wave1/370_S1_wave1_00000":{"x":-1.91,"y":14.02,"width":336,"height":336},"EF/370_S1_wave1/370_S1_wave1_00001":{"x":-1.91,"y":14.02,"width":336,"height":336},"EF/370_S1_wave1/370_S1_wave1_00002":{"x":-1.91,"y":14.02,"width":336,"height":336},"EF/370_S1_wave1/370_S1_wave1_00003":{"x":-1.91,"y":14.02,"width":336,"height":336},"EF/370_S1_wave1/370_S1_wave1_00004":{"x":-1.91,"y":14.02,"width":336,"height":336},"EF/370_S1_wave1/370_S1_wave1_00005":{"x":-1.91,"y":14.02,"width":336,"height":336},"EF/370_S1_wave1/370_S1_wave1_00006":{"x":-1.91,"y":14.02,"width":336,"height":336}},"S1_wave1_4":{"EF/370_S1_wave1/370_S1_wave1_00000":{"x":-1.91,"y":14.02,"width":336,"height":336},"EF/370_S1_wave1/370_S1_wave1_00001":{"x":-1.91,"y":14.02,"width":336,"height":336},"EF/370_S1_wave1/370_S1_wave1_00002":{"x":-1.91,"y":14.02,"width":336,"height":336},"EF/370_S1_wave1/370_S1_wave1_00003":{"x":-1.91,"y":14.02,"width":336,"height":336},"EF/370_S1_wave1/370_S1_wave1_00004":{"x":-1.91,"y":14.02,"width":336,"height":336},"EF/370_S1_wave1/370_S1_wave1_00005":{"x":-1.91,"y":14.02,"width":336,"height":336},"EF/370_S1_wave1/370_S1_wave1_00006":{"x":-1.91,"y":14.02,"width":336,"height":336}},"S1_wave1_5":{"EF/370_S1_wave1/370_S1_wave1_00000":{"x":-1.91,"y":14.02,"width":336,"height":336},"EF/370_S1_wave1/370_S1_wave1_00001":{"x":-1.91,"y":14.02,"width":336,"height":336},"EF/370_S1_wave1/370_S1_wave1_00002":{"x":-1.91,"y":14.02,"width":336,"height":336},"EF/370_S1_wave1/370_S1_wave1_00003":{"x":-1.91,"y":14.02,"width":336,"height":336},"EF/370_S1_wave1/370_S1_wave1_00004":{"x":-1.91,"y":14.02,"width":336,"height":336},"EF/370_S1_wave1/370_S1_wave1_00005":{"x":-1.91,"y":14.02,"width":336,"height":336},"EF/370_S1_wave1/370_S1_wave1_00006":{"x":-1.91,"y":14.02,"width":336,"height":336}},"S1_wave1_6":{"EF/370_S1_wave1/370_S1_wave1_00000":{"x":-1.91,"y":14.02,"width":336,"height":336},"EF/370_S1_wave1/370_S1_wave1_00001":{"x":-1.91,"y":14.02,"width":336,"height":336},"EF/370_S1_wave1/370_S1_wave1_00002":{"x":-1.91,"y":14.02,"width":336,"height":336},"EF/370_S1_wave1/370_S1_wave1_00003":{"x":-1.91,"y":14.02,"width":336,"height":336},"EF/370_S1_wave1/370_S1_wave1_00004":{"x":-1.91,"y":14.02,"width":336,"height":336},"EF/370_S1_wave1/370_S1_wave1_00005":{"x":-1.91,"y":14.02,"width":336,"height":336},"EF/370_S1_wave1/370_S1_wave1_00006":{"x":-1.91,"y":14.02,"width":336,"height":336}},"S3_attack1":{"EF/120_S3_attack1/120_S3_attack1_00000":{"x":93.28,"y":4.17,"width":313,"height":313},"EF/120_S3_attack1/120_S3_attack1_00001":{"x":93.28,"y":4.17,"width":313,"height":313},"EF/120_S3_attack1/120_S3_attack1_00002":{"x":93.28,"y":4.17,"width":313,"height":313},"EF/120_S3_attack1/120_S3_attack1_00003":{"x":93.28,"y":4.17,"width":313,"height":313},"EF/120_S3_attack1/120_S3_attack1_00004":{"x":93.28,"y":4.17,"width":313,"height":313}},"S3_shine1":{"EF/100_S3_shine1/100_S3_shine1_00000":{"x":1.8,"y":3.06,"width":170,"height":170},"EF/100_S3_shine1/100_S3_shine1_00001":{"x":1.8,"y":3.06,"width":170,"height":170},"EF/100_S3_shine1/100_S3_shine1_00002":{"x":1.8,"y":3.06,"width":170,"height":170},"EF/100_S3_shine1/100_S3_shine1_00003":{"x":1.8,"y":3.06,"width":170,"height":170},"EF/100_S3_shine1/100_S3_shine1_00004":{"x":1.8,"y":3.06,"width":170,"height":170},"EF/100_S3_shine1/100_S3_shine1_00005":{"x":1.8,"y":3.06,"width":170,"height":170},"EF/100_S3_shine1/100_S3_shine1_00006":{"x":1.8,"y":3.06,"width":170,"height":170},"EF/100_S3_shine1/100_S3_shine1_00007":{"x":1.8,"y":3.06,"width":170,"height":170}},"magic5":{"EF/magic5":{"type":"mesh","uvs":[1,1,0,1,0,0,1,0],"triangles":[1,2,3,1,3,0],"vertices":[90.52,-89.72,-89.47,-89.72,-89.47,90.27,90.52,90.27],"hull":4,"edges":[0,2,2,4,4,6,0,6],"width":180,"height":180}}}},"events":{"Event":{},"Hit":{},"HitEffect":{},"Sound1":{},"Sound2":{},"Voice":{}},"animations":{"attack1":{"slots":{"DAMAGEAREA":{"attachment":[{"time":0.0666,"name":"DAMAGEAREA"},{"time":0.1333,"name":null},{"time":0.2666,"name":"DAMAGEAREA"},{"time":0.3333,"name":null},{"time":0.5666,"name":"DAMAGEAREA"},{"time":0.6333,"name":null},{"time":0.8666,"name":"DAMAGEAREA"},{"time":0.9333,"name":null},{"time":1.0666,"name":"DAMAGEAREA"},{"time":1.1,"name":null},{"time":1.1333,"name":"DAMAGEAREA"},{"time":1.2,"name":null},{"time":1.4666,"name":"DAMAGEAREA"},{"time":1.6,"name":null}]},"EF/slash_DOT_1/L_attackEF_1":{"attachment":[{"time":0.0666,"name":"EF/slash_DOT_1/L_attackEF_1"},{"time":0.1,"name":"EF/slash_DOT_1/L_attackEF_2"},{"time":0.1333,"name":null},{"time":0.3,"name":"EF/slash_DOT_1/L_attackEF_1"},{"time":0.3333,"name":"EF/slash_DOT_1/L_attackEF_2"},{"time":0.3666,"name":null},{"time":0.5666,"name":"EF/slash_DOT_1/L_attackEF_1"},{"time":0.6,"name":"EF/slash_DOT_1/L_attackEF_2"},{"time":0.6333,"name":null},{"time":0.8666,"name":"EF/slash_DOT_1/L_attackEF_1"},{"time":0.9,"name":"EF/slash_DOT_1/L_attackEF_2"},{"time":0.9333,"name":null},{"time":1.0666,"name":"EF/slash_DOT_1/L_attackEF_1"},{"time":1.1,"name":null},{"time":1.5,"name":"EF/slash_DOT_1/L_attackEF_1"},{"time":1.6,"name":null}],"color":[{"time":1.5333,"color":"00ff53ff","curve":[0.295,0.95,0.75,1]},{"time":1.6,"color":"00ff5300"}]},"EF/slash_DOT_1/R_attackEF_1":{"attachment":[{"time":0.3,"name":"EF/slash_DOT_1/R_attackEF_1"},{"time":0.3333,"name":"EF/slash_DOT_1/R_attackEF_2"},{"time":0.3666,"name":null},{"time":0.5666,"name":"EF/slash_DOT_1/R_attackEF_1"},{"time":0.6,"name":null},{"time":0.8666,"name":"EF/slash_DOT_1/R_attackEF_2"},{"time":0.9,"name":null},{"time":1.0666,"name":"EF/slash_DOT_1/R_attackEF_2"},{"time":1.1,"name":null},{"time":1.5,"name":"EF/slash_DOT_1/R_attackEF_1"},{"time":1.6,"name":null}],"color":[{"time":1.5333,"color":"00ff53ff","curve":[0.311,1.04,0.75,1]},{"time":1.6,"color":"00ff5300"}]},"EF/slash_DOT_2/up_EF_1":{"attachment":[{"time":1.1333,"name":"EF/slash_DOT_2/up_EF_1"},{"time":1.1666,"name":"EF/slash_DOT_2/up_EF_3"},{"time":1.2,"name":null}]},"MAIN":{"attachment":[{"time":0,"name":"attack1_00"},{"time":0.0666,"name":"attack1_01"},{"time":0.1666,"name":"attack1_02"},{"time":0.2666,"name":"attack1_03"},{"time":0.3,"name":"attack1_04"},{"time":0.4,"name":"attack1_05"},{"time":0.4333,"name":"attack1_06"},{"time":0.4666,"name":"attack1_07"},{"time":0.5333,"name":"attack1_08"},{"time":0.5666,"name":"attack1_09"},{"time":0.6333,"name":"attack1_10"},{"time":0.7,"name":"attack1_11"},{"time":0.7666,"name":"attack1_12"},{"time":0.8666,"name":"attack1_13"},{"time":0.9666,"name":"attack1_14"},{"time":1.0666,"name":"attack1_15"},{"time":1.1333,"name":"attack1_16"},{"time":1.2333,"name":"attack1_17"},{"time":1.4,"name":"attack1_06"},{"time":1.4666,"name":"attack1_18"},{"time":1.5,"name":"attack1_19"},{"time":1.5333,"name":"attack1_20"},{"time":2.3333,"name":"attack1_00"}]}},"bones":{"MAIN":{"translate":[{"time":0,"x":0,"y":0,"curve":"stepped"},{"time":0.0666,"x":-10.47,"y":0,"curve":"stepped"},{"time":0.1666,"x":-27.5,"y":0,"curve":"stepped"},{"time":0.2666,"x":-27.5,"y":0},{"time":0.3333,"x":-37.5,"y":0,"curve":"stepped"},{"time":0.4666,"x":-75,"y":0,"curve":"stepped"},{"time":0.5333,"x":-75,"y":0},{"time":0.7,"x":-80,"y":0,"curve":"stepped"},{"time":0.7666,"x":-100,"y":0,"curve":"stepped"},{"time":0.8666,"x":-120,"y":0,"curve":"stepped"},{"time":0.9666,"x":-131.65,"y":0,"curve":"stepped"},{"time":1.1333,"x":-110.5,"y":0,"curve":"stepped"},{"time":1.4,"x":-85,"y":0,"curve":"stepped"},{"time":1.4666,"x":-175,"y":0,"curve":"stepped"},{"time":1.6666,"x":-175,"y":0}]},"DOT_slash1":{"rotate":[{"time":0,"angle":0,"curve":"stepped"},{"time":0.0666,"angle":165.71,"curve":"stepped"},{"time":0.3,"angle":-17.41,"curve":"stepped"},{"time":0.5666,"angle":11.68,"curve":"stepped"},{"time":0.6333,"angle":138.65,"curve":"stepped"},{"time":0.8666,"angle":170.58,"curve":"stepped"},{"time":1.0666,"angle":-161.65,"curve":"stepped"},{"time":1.5,"angle":7.71}],"translate":[{"time":0.0666,"x":1116.22,"y":138.15,"curve":"stepped"},{"time":0.3,"x":887.68,"y":221.25,"curve":"stepped"},{"time":0.5666,"x":797.23,"y":159.32,"curve":"stepped"},{"time":0.6333,"x":1000.67,"y":90.25,"curve":"stepped"},{"time":0.8666,"x":994.41,"y":138.54,"curve":"stepped"},{"time":1.0666,"x":786.5,"y":93.35,"curve":"stepped"},{"time":1.5,"x":761.77,"y":136.23}],"scale":[{"time":0,"x":1,"y":1,"curve":"stepped"},{"time":0.0666,"x":2.462,"y":1.119,"curve":"stepped"},{"time":0.3,"x":2.574,"y":-0.935,"curve":"stepped"},{"time":0.5666,"x":1.743,"y":1.772,"curve":"stepped"},{"time":0.6333,"x":1.747,"y":2.095,"curve":"stepped"},{"time":0.8666,"x":2.011,"y":1.001,"curve":"stepped"},{"time":1.0666,"x":-2.016,"y":1.248,"curve":"stepped"},{"time":1.5,"x":3.463,"y":-2.862}]},"DOT_slash2":{"rotate":[{"time":0,"angle":0,"curve":"stepped"},{"time":0.3,"angle":-36.07,"curve":"stepped"},{"time":0.5666,"angle":-48.08,"curve":"stepped"},{"time":0.6333,"angle":85.15,"curve":"stepped"},{"time":0.8666,"angle":126.89,"curve":"stepped"},{"time":1.0666,"angle":5.51,"curve":"stepped"},{"time":1.5,"angle":-55.88}],"translate":[{"time":0.3,"x":826.13,"y":225.44,"curve":"stepped"},{"time":0.5666,"x":694.63,"y":252.62,"curve":"stepped"},{"time":0.6333,"x":827.86,"y":86.9,"curve":"stepped"},{"time":0.8666,"x":720.65,"y":221.34,"curve":"stepped"},{"time":1.0666,"x":886.92,"y":99.99,"curve":"stepped"},{"time":1.5,"x":724.23,"y":236.56,"curve":"stepped"},{"time":1.6,"x":707.73,"y":207.96}],"scale":[{"time":0,"x":1,"y":1,"curve":"stepped"},{"time":0.3,"x":1.732,"y":-1.946,"curve":"stepped"},{"time":0.5666,"x":2.18,"y":2.024,"curve":"stepped"},{"time":0.6333,"x":1.483,"y":2.53,"curve":"stepped"},{"time":0.8666,"x":-0.867,"y":1.419,"curve":"stepped"},{"time":1.0666,"x":-0.81,"y":1.329,"curve":"stepped"},{"time":1.5,"x":2.545,"y":-3.472}]},"DOT_slash5":{"rotate":[{"time":1.1333,"angle":62.76}],"translate":[{"time":1.1333,"x":482.96,"y":307.39}],"scale":[{"time":1.1333,"x":1.783,"y":1.382}]},"DAMAGEAREA":{"translate":[{"time":0.0666,"x":0,"y":49.96},{"time":0.2666,"x":-110.52,"y":33.95},{"time":0.3,"x":-56.77,"y":45.42},{"time":0.5666,"x":-133.23,"y":52.23},{"time":0.8666,"x":-134.74,"y":52.23},{"time":1.0666,"x":-148.37,"y":41.63},{"time":1.1333,"x":-137.77,"y":68.88},{"time":1.4666,"x":-233.15,"y":29.52},{"time":1.5,"x":-168.05,"y":40.12}],"scale":[{"time":0.0666,"x":3.323,"y":1.704},{"time":0.2666,"x":1.723,"y":1.268},{"time":0.3,"x":3.323,"y":1.722},{"time":0.5666,"x":3.126,"y":1.794},{"time":0.6,"x":3.13,"y":1.794},{"time":0.8666,"x":3.684,"y":1.794},{"time":1.1333,"x":3.178,"y":3.139},{"time":1.4666,"x":2.288,"y":1.404},{"time":1.5,"x":4.326,"y":2.019}]}},"events":[{"time":0,"name":"Event","float":0.03,"string":"kHitStopType_enemyonly"},{"time":0.0666,"name":"Sound1","string":"setHitSound(se_battle_017_sword_hit_01)"},{"time":0.0666,"name":"Sound2","string":"cri_se_battle_swordswish_light"},{"time":0.2666,"name":"Hit","string":"resetHitList"},{"time":0.2666,"name":"Sound1","string":"setHitSound(se_battle_018_sword_hit_02)"},{"time":0.2666,"name":"Sound2","string":"cri_se_battle_swordswish_light"},{"time":0.2666,"name":"Voice","string":"cri_003_voice_attack_random"},{"time":0.5666,"name":"Hit","string":"resetHitList"},{"time":0.5666,"name":"Sound1","string":"setHitSound(se_battle_018_sword_hit_02)"},{"time":0.5666,"name":"Sound2","string":"cri_se_battle_swordswish_light"},{"time":0.8666,"name":"Hit","string":"resetHitList"},{"time":0.8666,"name":"Sound1","string":"setHitSound(se_battle_018_sword_hit_02)"},{"time":0.8666,"name":"Sound2","string":"cri_se_battle_swordswish_light"},{"time":1.0666,"name":"Hit","float":0.8,"string":"resetHitList"},{"time":1.0666,"name":"Sound1","string":"setHitSound(se_battle_017_sword_hit_01)"},{"time":1.0666,"name":"Sound2","string":"cri_se_battle_swordswish_light"},{"time":1.1333,"name":"Event","float":0.05,"string":"kHitStopType_normal"},{"time":1.1333,"name":"Hit","float":0.8,"string":"resetHitList"},{"time":1.1333,"name":"Sound1","string":"setHitSound(se_battle_018_sword_hit_02)"},{"time":1.1333,"name":"Sound2","string":"cri_se_battle_swordswish_light"},{"time":1.1666,"name":"Event","float":0.03,"string":"kHitStopType_enemyonly"},{"time":1.1666,"name":"Voice","string":"cri_003_voice_attack_c"},{"time":1.4666,"name":"Sound1","string":"setHitSound(se_battle_017_sword_hit_01)"},{"time":1.4666,"name":"Sound2","string":"cri_se_battle_swordswish_light"},{"time":1.5,"name":"Event","float":0.1,"string":"kHitStopType_normal"},{"time":1.5,"name":"Hit","float":1.25,"string":"resetHitList"},{"time":1.5,"name":"Sound1","string":"setHitSound(se_battle_018_sword_hit_02)"},{"time":1.5333,"name":"Event","float":0.03,"string":"kHitStopType_enemyonly"},{"time":1.5666,"name":"Event","float":0.2,"string":"shakeGround_Loop"}]},"back":{"slots":{"MAIN":{"attachment":[{"time":0,"name":"back_00"},{"time":0.2666,"name":"idle_00"}]}},"bones":{"MAIN":{"translate":[{"time":0,"x":0,"y":5},{"time":0.1333,"x":82.04,"y":24.83},{"time":0.3,"x":130,"y":0,"curve":[0.212,0.74,0.347,0.9]},{"time":0.6666,"x":140,"y":0}]}},"events":[{"time":0,"name":"Sound1","string":"cri_se_battle_jump"},{"time":0.2666,"name":"Sound1","string":"cri_se_battle_landing"}]},"cast":{"slots":{"EF/slash_DOT_1/L_attackEF_1":{"attachment":[{"time":0.5,"name":"EF/slash_DOT_1/L_attackEF_1"},{"time":0.6,"name":null}],"color":[{"time":0.5333,"color":"00ff53ff","curve":[0.295,0.95,0.75,1]},{"time":0.6,"color":"00ff5300"}]},"EF/slash_DOT_1/R_attackEF_1":{"attachment":[{"time":0.5,"name":"EF/slash_DOT_1/R_attackEF_1"},{"time":0.6,"name":null}],"color":[{"time":0.5333,"color":"00ff53ff","curve":[0.311,1.04,0.75,1]},{"time":0.6,"color":"00ff5300"}]},"MAIN":{"attachment":[{"time":0,"name":"attack1_00"},{"time":0.0666,"name":"attack1_01"},{"time":0.3666,"name":"attack1_02"},{"time":0.5,"name":"attack1_03"},{"time":0.5333,"name":"attack1_04"},{"time":1,"name":"idle_00"}]}},"bones":{"DOT_slash1":{"rotate":[{"time":0.5,"angle":18.99}],"translate":[{"time":0.5,"x":895.41,"y":147}],"scale":[{"time":0.5,"x":2.068,"y":1.168}]},"DOT_slash2":{"rotate":[{"time":0.5,"angle":-61.38}],"translate":[{"time":0.5,"x":878.73,"y":184.74,"curve":"stepped"},{"time":0.6,"x":707.73,"y":207.96}],"scale":[{"time":0.5,"x":0.694,"y":2.584}]}},"events":[{"time":0.3666,"name":"Voice","string":"cri_003_voice_item"}]},"damage":{"slots":{"MAIN":{"attachment":[{"time":0,"name":"damage_00"}]}}},"front":{"slots":{"MAIN":{"attachment":[{"time":0,"name":"front_00"}]}}},"idle":{"slots":{"MAIN":{"attachment":[{"time":0,"name":"idle_00"},{"time":0.1666,"name":"idle_01"},{"time":0.3333,"name":"idle_02"},{"time":0.5,"name":"idle_03"},{"time":0.6666,"name":"idle_04"},{"time":0.8333,"name":"idle_00"}]}}},"skill1":{"slots":{"DAMAGEAREA":{"attachment":[{"time":0.1,"name":"DAMAGEAREA"},{"time":0.4333,"name":null},{"time":0.5333,"name":"DAMAGEAREA"},{"time":0.6666,"name":null}]},"MAIN":{"attachment":[{"time":0,"name":"attack1_00"},{"time":0.1,"name":"attack1_01"},{"time":0.1666,"name":"attack1_10"},{"time":0.2333,"name":"attack1_11"},{"time":0.2666,"name":"attack1_12"},{"time":0.3,"name":"attack1_13"},{"time":0.3333,"name":"attack1_14"},{"time":0.5,"name":"skill1_04"},{"time":0.5333,"name":"attack1_10"},{"time":0.6666,"name":"attack1_11"},{"time":0.9666,"name":"back_00"},{"time":1.1666,"name":"idle_00"},{"time":1.8666,"name":"idle_00"}]},"S1_wave1_2":{"attachment":[{"time":0.5333,"name":"EF/370_S1_wave1/370_S1_wave1_00000"},{"time":0.6,"name":"EF/370_S1_wave1/370_S1_wave1_00001"},{"time":0.6333,"name":"EF/370_S1_wave1/370_S1_wave1_00002"},{"time":0.6666,"name":"EF/370_S1_wave1/370_S1_wave1_00003"},{"time":0.7,"name":"EF/370_S1_wave1/370_S1_wave1_00004"},{"time":0.7333,"name":"EF/370_S1_wave1/370_S1_wave1_00005"},{"time":0.7666,"name":"EF/370_S1_wave1/370_S1_wave1_00006"}],"color":[{"time":0.7666,"color":"ffffffff"},{"time":0.8666,"color":"ffffff00"}]}},"bones":{"MAIN":{"translate":[{"time":0,"x":-7.6,"y":0,"curve":"stepped"},{"time":0.1,"x":0,"y":0,"curve":[0,0.33,0.75,1]},{"time":0.1666,"x":-7.6,"y":0,"curve":"stepped"},{"time":0.2333,"x":-11.47,"y":0,"curve":"stepped"},{"time":0.2666,"x":-15,"y":0,"curve":[0,0.19,0.461,0.62]},{"time":0.3,"x":-18.37,"y":0,"curve":[0.368,0.53,0.789,1]},{"time":0.3333,"x":-22,"y":0,"curve":"stepped"},{"time":0.5,"x":-40,"y":0,"curve":"stepped"},{"time":0.5333,"x":-325,"y":8.75,"curve":[0.25,0,0.625,0.5]},{"time":0.6,"x":-345,"y":8.74,"curve":"stepped"},{"time":0.9666,"x":-345,"y":8.74},{"time":1.0666,"x":-203.07,"y":39.94},{"time":1.2,"x":-30,"y":9.72,"curve":[0.25,0,0.75,1]},{"time":1.3333,"x":0,"y":8.74}]},"DAMAGEAREA":{"translate":[{"time":0,"x":-49.8,"y":39.03},{"time":0.1333,"x":-78.85,"y":39.03},{"time":0.2,"x":-68.71,"y":39.03},{"time":0.2666,"x":-81.28,"y":39.03,"curve":"stepped"},{"time":0.4,"x":-110.13,"y":39.03,"curve":"stepped"},{"time":0.5333,"x":-215.75,"y":38.3,"curve":"stepped"},{"time":0.5666,"x":-215.75,"y":33.78,"curve":"stepped"},{"time":0.6,"x":-122.94,"y":36.43,"curve":"stepped"},{"time":0.8333,"x":-160.17,"y":32.3}],"scale":[{"time":0,"x":4,"y":1.359,"curve":"stepped"},{"time":0.4,"x":4,"y":1.359,"curve":"stepped"},{"time":0.5333,"x":4.822,"y":1.383,"curve":"stepped"},{"time":0.5666,"x":4.822,"y":1.585,"curve":"stepped"},{"time":0.6,"x":11.324,"y":1.145,"curve":"stepped"},{"time":0.8333,"x":9.663,"y":0.996}]},"S1_wave1_2":{"translate":[{"time":0.5333,"x":1164.4,"y":-292.23}],"scale":[{"time":0.5333,"x":1.055,"y":1.055},{"time":0.6,"x":1.5,"y":1.5},{"time":0.7666,"x":1.9,"y":1.9}]}},"events":[{"time":0,"name":"Event","float":0.01,"string":"kHitStopType_enemyonly"},{"time":0,"name":"HitEffect","string":"setHitEffect(hit07c,1,0.85,1)"},{"time":0.0666,"name":"Sound2","string":"cri_se_battle_skill_shot"},{"time":0.1,"name":"Sound1","string":"setHitSound(se_battle_017_sword_hit_01)"},{"time":0.1,"name":"Voice","string":"cri_003_voice_skill_all"},{"time":0.1333,"name":"Hit","string":"resetHitList"},{"time":0.1333,"name":"Sound1","string":"setHitSound(se_battle_018_sword_hit_02)"},{"time":0.2,"name":"Sound2","string":"cri_se_battle_skill_shot"},{"time":0.2333,"name":"Sound1","string":"setHitSound(se_battle_017_sword_hit_01)"},{"time":0.2666,"name":"Hit","string":"resetHitList"},{"time":0.2666,"name":"Sound1","string":"setHitSound(se_battle_018_sword_hit_02)"},{"time":0.3333,"name":"Hit","string":"resetHitList"},{"time":0.5,"name":"HitEffect","string":"setHitEffect(hit06c,1,2,1)"},{"time":0.5,"name":"Sound1","string":"setHitSound(se_battle_019_sword_hit_03)"},{"time":0.5333,"name":"Sound2","string":"cri_se_battle_skill_dash_ef"},{"time":0.5666,"name":"Event","float":0.2,"string":"kHitStopType_normal"},{"time":0.6,"name":"Event","string":"kImpactType_up"},{"time":0.6,"name":"Hit","float":2.2,"string":"resetHitList"},{"time":0.6,"name":"Sound1","string":"cri_se_battle_sword_srash"},{"time":0.6333,"name":"Event","float":0.5,"string":"shakeGround_Loop"},{"time":0.9666,"name":"Sound1","string":"cri_se_battle_jump"},{"time":1.1666,"name":"Sound1","string":"cri_se_battle_landing"}]},"skill2":{"slots":{"DAMAGEAREA":{"attachment":[{"time":0.6,"name":"DAMAGEAREA"},{"time":1.9666,"name":null}]},"MAIN":{"attachment":[{"time":0,"name":"attack1_00"},{"time":0.1,"name":"attack1_19"},{"time":0.2,"name":"back_00"},{"time":0.5,"name":"attack1_08"},{"time":0.5666,"name":"attack1_09"},{"time":0.6,"name":"attack1_10"},{"time":0.6666,"name":"attack1_11"},{"time":0.8666,"name":"skill2_00"},{"time":0.9,"name":"skill2_01"},{"time":0.9333,"name":"skill2_02"},{"time":1.0666,"name":null},{"time":1.1,"name":"skill2_01"},{"time":1.1333,"name":"skill2_02"},{"time":1.3,"name":null},{"time":1.7666,"name":"attack1_07"},{"time":1.8,"name":"attack1_08"},{"time":1.8333,"name":"attack1_10"},{"time":1.8666,"name":"attack1_11"},{"time":2.3333,"name":"back_00"},{"time":2.5333,"name":"attack1_00"},{"time":2.6333,"name":"idle_00"}],"color":[{"time":0.2,"color":"ffffffff"},{"time":0.2666,"color":"ffffff00","curve":"stepped"},{"time":0.5,"color":"ffffff00"},{"time":0.5666,"color":"ffffffff","curve":"stepped"},{"time":0.6333,"color":"ffffffff"},{"time":0.7,"color":"ffffff00","curve":"stepped"},{"time":0.8666,"color":"ffffff00"},{"time":0.9333,"color":"ffffffff","curve":"stepped"},{"time":1,"color":"ffffffff"},{"time":1.0666,"color":"ffffff00","curve":"stepped"},{"time":1.1,"color":"ffffff7f"},{"time":1.1333,"color":"ffffffff","curve":"stepped"},{"time":1.2333,"color":"ffffffff"},{"time":1.3,"color":"ffffff00","curve":"stepped"},{"time":1.7666,"color":"ffffff00"},{"time":1.8666,"color":"ffffffff"}]},"S1_wave1_1":{"attachment":[{"time":0.5666,"name":"EF/370_S1_wave1/370_S1_wave1_00000"},{"time":0.6,"name":"EF/370_S1_wave1/370_S1_wave1_00001"},{"time":0.6333,"name":"EF/370_S1_wave1/370_S1_wave1_00002"},{"time":0.6666,"name":"EF/370_S1_wave1/370_S1_wave1_00003"},{"time":0.7,"name":"EF/370_S1_wave1/370_S1_wave1_00004"},{"time":0.7333,"name":"EF/370_S1_wave1/370_S1_wave1_00005"},{"time":0.7666,"name":"EF/370_S1_wave1/370_S1_wave1_00006"},{"time":0.8666,"name":null},{"time":1,"name":"EF/370_S1_wave1/370_S1_wave1_00000"},{"time":1.0333,"name":"EF/370_S1_wave1/370_S1_wave1_00001"},{"time":1.0666,"name":"EF/370_S1_wave1/370_S1_wave1_00002"},{"time":1.1,"name":"EF/370_S1_wave1/370_S1_wave1_00003"},{"time":1.1333,"name":"EF/370_S1_wave1/370_S1_wave1_00004"},{"time":1.1666,"name":"EF/370_S1_wave1/370_S1_wave1_00005"},{"time":1.2,"name":"EF/370_S1_wave1/370_S1_wave1_00006"},{"time":1.3,"name":null},{"time":1.3333,"name":"EF/370_S1_wave1/370_S1_wave1_00000"},{"time":1.3666,"name":"EF/370_S1_wave1/370_S1_wave1_00001"},{"time":1.4,"name":"EF/370_S1_wave1/370_S1_wave1_00002"},{"time":1.4333,"name":"EF/370_S1_wave1/370_S1_wave1_00003"},{"time":1.4666,"name":"EF/370_S1_wave1/370_S1_wave1_00004"},{"time":1.5,"name":"EF/370_S1_wave1/370_S1_wave1_00005"},{"time":1.5333,"name":"EF/370_S1_wave1/370_S1_wave1_00006"}],"color":[{"time":0.7666,"color":"ffffffff"},{"time":0.8666,"color":"ffffff00","curve":"stepped"},{"time":1,"color":"ffffffff","curve":"stepped"},{"time":1.2,"color":"ffffffff"},{"time":1.3,"color":"ffffff00","curve":"stepped"},{"time":1.3333,"color":"ffffffff","curve":"stepped"},{"time":1.5333,"color":"ffffffff"},{"time":1.6,"color":"ffffff00"}]},"S1_wave1_2":{"attachment":[{"time":0.5666,"name":"EF/370_S1_wave1/370_S1_wave1_00000"},{"time":0.6,"name":"EF/370_S1_wave1/370_S1_wave1_00001"},{"time":0.6333,"name":"EF/370_S1_wave1/370_S1_wave1_00002"},{"time":0.6666,"name":"EF/370_S1_wave1/370_S1_wave1_00003"},{"time":0.7,"name":"EF/370_S1_wave1/370_S1_wave1_00004"},{"time":0.7333,"name":"EF/370_S1_wave1/370_S1_wave1_00005"},{"time":0.7666,"name":"EF/370_S1_wave1/370_S1_wave1_00006"},{"time":0.8666,"name":null},{"time":1,"name":"EF/370_S1_wave1/370_S1_wave1_00000"},{"time":1.0333,"name":"EF/370_S1_wave1/370_S1_wave1_00001"},{"time":1.0666,"name":"EF/370_S1_wave1/370_S1_wave1_00002"},{"time":1.1,"name":"EF/370_S1_wave1/370_S1_wave1_00003"},{"time":1.1333,"name":"EF/370_S1_wave1/370_S1_wave1_00004"},{"time":1.1666,"name":"EF/370_S1_wave1/370_S1_wave1_00005"},{"time":1.2,"name":"EF/370_S1_wave1/370_S1_wave1_00006"},{"time":1.3,"name":null},{"time":1.3666,"name":"EF/370_S1_wave1/370_S1_wave1_00000"},{"time":1.4,"name":"EF/370_S1_wave1/370_S1_wave1_00001"},{"time":1.4333,"name":"EF/370_S1_wave1/370_S1_wave1_00002"},{"time":1.4666,"name":"EF/370_S1_wave1/370_S1_wave1_00003"},{"time":1.5,"name":"EF/370_S1_wave1/370_S1_wave1_00004"},{"time":1.5333,"name":"EF/370_S1_wave1/370_S1_wave1_00005"},{"time":1.5666,"name":"EF/370_S1_wave1/370_S1_wave1_00006"}],"color":[{"time":0.7666,"color":"ffffffff"},{"time":0.8666,"color":"ffffff00","curve":"stepped"},{"time":1,"color":"ffffffff","curve":"stepped"},{"time":1.2,"color":"ffffffff"},{"time":1.3,"color":"ffffff00","curve":"stepped"},{"time":1.3666,"color":"ffffffff","curve":"stepped"},{"time":1.5666,"color":"ffffffff"},{"time":1.6333,"color":"ffffff00"}]},"S1_wave1_3":{"attachment":[{"time":0.9333,"name":"EF/370_S1_wave1/370_S1_wave1_00000"},{"time":0.9666,"name":"EF/370_S1_wave1/370_S1_wave1_00001"},{"time":1,"name":"EF/370_S1_wave1/370_S1_wave1_00002"},{"time":1.0333,"name":"EF/370_S1_wave1/370_S1_wave1_00003"},{"time":1.0666,"name":"EF/370_S1_wave1/370_S1_wave1_00004"},{"time":1.1,"name":"EF/370_S1_wave1/370_S1_wave1_00005"},{"time":1.1333,"name":"EF/370_S1_wave1/370_S1_wave1_00006"},{"time":1.2333,"name":null},{"time":1.4,"name":"EF/370_S1_wave1/370_S1_wave1_00000"},{"time":1.4333,"name":"EF/370_S1_wave1/370_S1_wave1_00001"},{"time":1.4666,"name":"EF/370_S1_wave1/370_S1_wave1_00002"},{"time":1.5,"name":"EF/370_S1_wave1/370_S1_wave1_00003"},{"time":1.5333,"name":"EF/370_S1_wave1/370_S1_wave1_00004"},{"time":1.5666,"name":"EF/370_S1_wave1/370_S1_wave1_00005"},{"time":1.6,"name":"EF/370_S1_wave1/370_S1_wave1_00006"},{"time":1.6666,"name":null}],"color":[{"time":0.9333,"color":"ffffffff","curve":"stepped"},{"time":1.1333,"color":"ffffffff"},{"time":1.2333,"color":"ffffff00","curve":"stepped"},{"time":1.4,"color":"ffffffff","curve":"stepped"},{"time":1.6,"color":"ffffffff"},{"time":1.6666,"color":"ffffff00"}]},"S1_wave1_4":{"attachment":[{"time":1.4333,"name":"EF/370_S1_wave1/370_S1_wave1_00000"},{"time":1.4666,"name":"EF/370_S1_wave1/370_S1_wave1_00001"},{"time":1.5,"name":"EF/370_S1_wave1/370_S1_wave1_00002"},{"time":1.5333,"name":"EF/370_S1_wave1/370_S1_wave1_00003"},{"time":1.5666,"name":"EF/370_S1_wave1/370_S1_wave1_00004"},{"time":1.6,"name":"EF/370_S1_wave1/370_S1_wave1_00005"},{"time":1.6333,"name":"EF/370_S1_wave1/370_S1_wave1_00006"},{"time":1.7,"name":null}],"color":[{"time":1.4333,"color":"ffffffff","curve":"stepped"},{"time":1.6333,"color":"ffffffff"},{"time":1.7,"color":"ffffff00"}]},"S1_wave1_5":{"attachment":[{"time":1.4666,"name":"EF/370_S1_wave1/370_S1_wave1_00000"},{"time":1.5,"name":"EF/370_S1_wave1/370_S1_wave1_00001"},{"time":1.5333,"name":"EF/370_S1_wave1/370_S1_wave1_00002"},{"time":1.5666,"name":"EF/370_S1_wave1/370_S1_wave1_00003"},{"time":1.6,"name":"EF/370_S1_wave1/370_S1_wave1_00004"},{"time":1.6333,"name":"EF/370_S1_wave1/370_S1_wave1_00005"},{"time":1.6666,"name":"EF/370_S1_wave1/370_S1_wave1_00006"},{"time":1.7333,"name":null}],"color":[{"time":1.4666,"color":"ffffffff","curve":"stepped"},{"time":1.6666,"color":"ffffffff"},{"time":1.7333,"color":"ffffff00"}]},"S1_wave1_6":{"attachment":[{"time":1.5,"name":"EF/370_S1_wave1/370_S1_wave1_00000"},{"time":1.5333,"name":"EF/370_S1_wave1/370_S1_wave1_00001"},{"time":1.5666,"name":"EF/370_S1_wave1/370_S1_wave1_00002"},{"time":1.6,"name":"EF/370_S1_wave1/370_S1_wave1_00003"},{"time":1.6333,"name":"EF/370_S1_wave1/370_S1_wave1_00004"},{"time":1.6666,"name":"EF/370_S1_wave1/370_S1_wave1_00005"},{"time":1.7,"name":"EF/370_S1_wave1/370_S1_wave1_00006"},{"time":1.7666,"name":null}],"color":[{"time":1.5,"color":"ffffffff","curve":"stepped"},{"time":1.7,"color":"ffffffff"},{"time":1.7666,"color":"ffffff00"}]}},"bones":{"MAIN":{"translate":[{"time":0.2,"x":0,"y":0,"curve":[0,0.36,0.38,0.7]},{"time":0.2666,"x":75.38,"y":41.48,"curve":"stepped"},{"time":0.5,"x":51.92,"y":82.8,"curve":[0.142,0.44,0.75,1]},{"time":0.7,"x":-248.04,"y":0.64,"curve":"stepped"},{"time":0.8666,"x":148.29,"y":199.86,"curve":[0.142,0.44,0.75,1]},{"time":1.0666,"x":-234.52,"y":167.57,"curve":"stepped"},{"time":1.1,"x":-213.73,"y":42.04,"curve":[0.256,0.5,0.766,1]},{"time":1.3,"x":85.97,"y":-16.07,"curve":"stepped"},{"time":1.7666,"x":77.84,"y":34.25,"curve":[0.344,0.39,0.686,0.73]},{"time":2.1,"x":-190.04,"y":-17.37,"curve":[0,0.43,0.75,1]},{"time":2.2666,"x":-200,"y":-17.37,"curve":"stepped"},{"time":2.3333,"x":-141.56,"y":15.28},{"time":2.4333,"x":-57.76,"y":26.96},{"time":2.5333,"x":-10,"y":0,"curve":[0,0.3,0.403,1]},{"time":2.6333,"x":0,"y":0}],"scale":[{"time":0.8666,"x":1,"y":1,"curve":"stepped"},{"time":1.1,"x":-1,"y":1,"curve":"stepped"},{"time":1.7666,"x":1,"y":1}]},"S1_wave1_1":{"translate":[{"time":0.5666,"x":865.67,"y":-284.02,"curve":"stepped"},{"time":1,"x":1061.54,"y":-281.69,"curve":"stepped"},{"time":1.3333,"x":878.59,"y":-283.99}],"scale":[{"time":0.5666,"x":1,"y":1,"curve":[0.829,0.07,0.986,0.7]},{"time":0.8666,"x":2.333,"y":2.333,"curve":"stepped"},{"time":1,"x":1,"y":1,"curve":[0.745,0.07,0.953,0.63]},{"time":1.3,"x":2,"y":2,"curve":"stepped"},{"time":1.3333,"x":1,"y":1,"curve":[0.514,0.08,0.82,0.51]},{"time":1.6,"x":2,"y":2}]},"S1_wave1_2":{"translate":[{"time":0.5666,"x":984.29,"y":-249.12,"curve":"stepped"},{"time":1,"x":1041.57,"y":-286.43,"curve":"stepped"},{"time":1.3666,"x":1156.05,"y":-317.48}],"scale":[{"time":0.5666,"x":1,"y":1,"curve":[0.829,0.07,0.986,0.7]},{"time":0.8666,"x":2,"y":2,"curve":"stepped"},{"time":1,"x":1,"y":1,"curve":[0.829,0.07,0.986,0.7]},{"time":1.3,"x":2,"y":2,"curve":"stepped"},{"time":1.3666,"x":1,"y":1,"curve":[0.411,0.12,0.739,0.49]},{"time":1.6333,"x":2,"y":2}]},"S1_wave1_3":{"translate":[{"time":0.9333,"x":1313.76,"y":-111.31,"curve":"stepped"},{"time":1.4,"x":1159.39,"y":-255.8}],"scale":[{"time":0.9333,"x":1,"y":1,"curve":[0.25,0,0.75,1]},{"time":1.2333,"x":2,"y":2,"curve":"stepped"},{"time":1.4,"x":1,"y":1,"curve":[0.25,0,0.75,1]},{"time":1.6666,"x":2,"y":2}]},"S1_wave1_4":{"translate":[{"time":1.4333,"x":1067.07,"y":-288.4}],"scale":[{"time":1.4333,"x":1,"y":1,"curve":[0.25,0,0.75,1]},{"time":1.7,"x":2,"y":2}]},"S1_wave1_5":{"translate":[{"time":1.4666,"x":1379.19,"y":-321.39}],"scale":[{"time":1.4666,"x":1,"y":1,"curve":[0.25,0,0.75,1]},{"time":1.7333,"x":2,"y":2}]},"S1_wave1_6":{"translate":[{"time":1.5,"x":1173.91,"y":-358.38}],"scale":[{"time":1.5,"x":1,"y":1,"curve":[0.25,0,0.75,1]},{"time":1.7666,"x":2,"y":2}]},"DAMAGEAREA":{"translate":[{"time":0.6,"x":-120,"y":40}],"scale":[{"time":0.6,"x":4.5,"y":4.5}]}},"events":[{"time":0,"name":"Event","float":0.01,"string":"kHitStopType_enemyonly"},{"time":0,"name":"HitEffect","string":"setHitEffect(hit02c,1,0.7,50)"},{"time":0.0333,"name":"Event","string":"ignoreBorder_true"},{"time":0.2,"name":"Sound1","string":"cri_se_battle_jump"},{"time":0.2,"name":"Sound2","string":"cri_se_battle_teleport"},{"time":0.5,"name":"Event","int":120,"string":"setPosition_Target"},{"time":0.5666,"name":"Sound2","string":"cri_se_battle_skill_shot"},{"time":0.6,"name":"Event","float":0.4,"string":"shakeGround_Loop"},{"time":0.6,"name":"Sound1","string":"setHitSound(se_battle_017_sword_hit_01)"},{"time":0.6333,"name":"Hit","string":"resetHitList"},{"time":0.9333,"name":"Event","int":120,"string":"setPosition_Target"},{"time":0.9333,"name":"Sound2","string":"cri_se_battle_skill_shot"},{"time":0.9333,"name":"Voice","string":"cri_003_voice_fullarts_rank2"},{"time":0.9666,"name":"Event","float":0.4,"string":"shakeGround_Loop"},{"time":0.9666,"name":"Hit","string":"resetHitList"},{"time":0.9666,"name":"Sound1","string":"setHitSound(se_battle_017_sword_hit_01)"},{"time":1.0333,"name":"Sound1","string":"setHitSound(se_battle_018_sword_hit_02)"},{"time":1.1,"name":"Hit","string":"resetHitList"},{"time":1.3,"name":"Event","int":120,"string":"setPosition_Target"},{"time":1.3,"name":"Sound1","string":"setHitSound(se_battle_017_sword_hit_01)"},{"time":1.3,"name":"Sound2","string":"cri_se_battle_skill_shot"},{"time":1.3333,"name":"Event","float":0.4,"string":"shakeGround_Loop"},{"time":1.3333,"name":"Hit","float":1.13,"string":"resetHitList"},{"time":1.3333,"name":"Sound1","string":"setHitSound(se_battle_thrustviolently)"},{"time":1.3666,"name":"Hit","float":1.43,"string":"resetHitList"},{"time":1.3666,"name":"Sound1","string":"setHitSound(se_battle_018_sword_hit_02)"},{"time":1.4,"name":"Hit","float":0.88,"string":"resetHitList"},{"time":1.4,"name":"Sound1","string":"setHitSound(se_battle_thrustviolently)"},{"time":1.4333,"name":"Hit","float":1.38,"string":"resetHitList"},{"time":1.4333,"name":"Sound1","string":"setHitSound(se_battle_017_sword_hit_01)"},{"time":1.4666,"name":"Hit","float":1.25,"string":"resetHitList"},{"time":1.4666,"name":"Sound1","string":"setHitSound(se_battle_thrustviolently)"},{"time":1.5,"name":"Hit","float":0.95,"string":"resetHitList"},{"time":1.5,"name":"Sound1","string":"setHitSound(se_battle_018_sword_hit_02)"},{"time":1.5333,"name":"Hit","float":1.5,"string":"resetHitList"},{"time":1.5333,"name":"Sound1","string":"setHitSound(se_battle_thrustviolently)"},{"time":1.8,"name":"Event","int":120,"string":"setPosition_Target"},{"time":1.8333,"name":"Event","float":0.2,"string":"kHitStopType_normal"},{"time":1.8333,"name":"Sound2","string":"cri_se_battle_skill_shot"},{"time":1.8666,"name":"Event","string":"addOrbitSystemCamera_Flash"},{"time":1.8666,"name":"HitEffect","string":"setHitEffect(hit02c,1,0.75,1)"},{"time":1.8666,"name":"Sound1","string":"cri_se_battle_sword_srash"},{"time":1.9,"name":"Event","float":0.4,"string":"shakeGround_Loop"},{"time":1.9,"name":"Hit","float":2.5,"string":"resetHitList"},{"time":1.9,"name":"Sound1","string":"setHitSound(se_battle_003_skill2)"},{"time":2,"name":"Sound1","string":"cri_se_battle_arrow_light_effect"}]}}}