{"skeleton":{"hash":"jY5ldZdremVEo9fNDqBOOeKS5nM","spine":"3.0.12","width":0,"height":0},"bones":[{"name":"root"},{"name":"MAIN","parent":"root","y":65,"scaleX":0.5,"scaleY":0.5}],"slots":[{"name":"MAIN","bone":"MAIN","attachment":"idle_00"}],"skins":{"default":{"MAIN":{"idle_00":{"x":-25.44,"y":18.59,"scaleX":2,"scaleY":2,"width":500,"height":500},"idle_01":{"x":-25.44,"y":18.59,"scaleX":2,"scaleY":2,"width":500,"height":500},"idle_02":{"x":-25.44,"y":18.59,"scaleX":2,"scaleY":2,"width":500,"height":500},"idle_03":{"x":-25.44,"y":18.59,"scaleX":2,"scaleY":2,"width":500,"height":500}}}},"events":{"Event":{},"Event2":{"string":"resetHitList"},"HIT":{"string":"resetHitList"},"Sound1":{},"Sound2":{},"Sound3":{},"Voice":{}},"animations":{"idle":{"slots":{"MAIN":{"attachment":[{"time":0,"name":"idle_00"},{"time":0.2,"name":"idle_01"},{"time":0.4333,"name":"idle_02"},{"time":0.6333,"name":"idle_03"},{"time":0.8333,"name":"idle_00"}]}},"bones":{"MAIN":{"translate":[{"time":0,"x":0,"y":0}]}}}}}