{"skeleton":{"hash":"3PCNtkGlGjfJpbmjLArpBi+eGCA","spine":"3.0.12","width":768,"height":785},"bones":[{"name":"root"},{"name":"MAIN","parent":"root"},{"name":"Boundingbox","parent":"root"}],"slots":[{"name":"001","bone":"MAIN","attachment":"001"},{"name":"002","bone":"MAIN","attachment":"002"},{"name":"003","bone":"MAIN","attachment":"003"},{"name":"004","bone":"MAIN","attachment":"004"},{"name":"005","bone":"MAIN","attachment":"005"},{"name":"face","bone":"MAIN","attachment":"face_1"},{"name":"Boundingbox","bone":"Boundingbox","attachment":"Boundingbox"}],"skins":{"default":{"001":{"001":{"y":385,"width":768,"height":640}},"002":{"002":{"x":111,"y":746.5,"width":94,"height":83}},"003":{"003":{"x":-137,"y":748,"width":146,"height":86}},"004":{"004":{"x":371.5,"y":712,"width":25,"height":14}},"005":{"005":{"x":-381,"y":707,"width":6,"height":4}},"Boundingbox":{"Boundingbox":{"type":"boundingbox","vertices":[-83.80976,123.37102,-84.43278,-89.17671,133.82893,-89.71172,133.61693,122.47303]}},"face":{"face_1":{"y":777.5,"width":128,"height":145},"face_2":{"y":777.5,"width":128,"height":145},"face_3":{"y":777.5,"width":128,"height":145},"face_4":{"y":777.5,"width":128,"height":145},"face_5":{"y":777.5,"width":128,"height":145},"face_6":{"y":777.5,"width":128,"height":145}}}},"animations":{"1":{"slots":{"001":{"attachment":[{"time":0,"name":"001"}]},"002":{"attachment":[{"time":0,"name":"002"}]},"003":{"attachment":[{"time":0,"name":"003"}]},"004":{"attachment":[{"time":0,"name":"004"}]},"005":{"attachment":[{"time":0,"name":"005"}]},"face":{"attachment":[{"time":0,"name":"face_1"}]}}},"2":{"slots":{"001":{"attachment":[{"time":0,"name":"001"}]},"002":{"attachment":[{"time":0,"name":"002"}]},"003":{"attachment":[{"time":0,"name":"003"}]},"004":{"attachment":[{"time":0,"name":"004"}]},"005":{"attachment":[{"time":0,"name":"005"}]},"face":{"attachment":[{"time":0,"name":"face_2"}]}}},"3":{"slots":{"001":{"attachment":[{"time":0,"name":"001"}]},"002":{"attachment":[{"time":0,"name":"002"}]},"003":{"attachment":[{"time":0,"name":"003"}]},"004":{"attachment":[{"time":0,"name":"004"}]},"005":{"attachment":[{"time":0,"name":"005"}]},"face":{"attachment":[{"time":0,"name":"face_3"}]}}},"4":{"slots":{"001":{"attachment":[{"time":0,"name":"001"}]},"002":{"attachment":[{"time":0,"name":"002"}]},"003":{"attachment":[{"time":0,"name":"003"}]},"004":{"attachment":[{"time":0,"name":"004"}]},"005":{"attachment":[{"time":0,"name":"005"}]},"face":{"attachment":[{"time":0,"name":"face_4"}]}}},"5":{"slots":{"001":{"attachment":[{"time":0,"name":"001"}]},"002":{"attachment":[{"time":0,"name":"002"}]},"003":{"attachment":[{"time":0,"name":"003"}]},"004":{"attachment":[{"time":0,"name":"004"}]},"005":{"attachment":[{"time":0,"name":"005"}]},"face":{"attachment":[{"time":0,"name":"face_5"}]}}},"6":{"slots":{"001":{"attachment":[{"time":0,"name":"001"}]},"002":{"attachment":[{"time":0,"name":"002"}]},"003":{"attachment":[{"time":0,"name":"003"}]},"004":{"attachment":[{"time":0,"name":"004"}]},"005":{"attachment":[{"time":0,"name":"005"}]},"face":{"attachment":[{"time":0,"name":"face_6"}]}}},"window-1":{"slots":{"001":{"attachment":[{"time":0,"name":"001"}]},"002":{"attachment":[{"time":0,"name":"002"}]},"003":{"attachment":[{"time":0,"name":"003"}]},"004":{"attachment":[{"time":0,"name":"004"}]},"005":{"attachment":[{"time":0,"name":"005"}]},"face":{"attachment":[{"time":0,"name":"face_1"}]}},"bones":{"MAIN":{"scale":[{"time":0,"x":1.07,"y":1.07}]},"Boundingbox":{"translate":[{"time":0,"x":-25.42,"y":798.87}]}}},"window-2":{"slots":{"001":{"attachment":[{"time":0,"name":"001"}]},"002":{"attachment":[{"time":0,"name":"002"}]},"003":{"attachment":[{"time":0,"name":"003"}]},"004":{"attachment":[{"time":0,"name":"004"}]},"005":{"attachment":[{"time":0,"name":"005"}]},"face":{"attachment":[{"time":0,"name":"face_2"}]}},"bones":{"MAIN":{"scale":[{"time":0,"x":1.07,"y":1.07}]},"Boundingbox":{"translate":[{"time":0,"x":-25.42,"y":798.87}]}}},"window-3":{"slots":{"001":{"attachment":[{"time":0,"name":"001"}]},"002":{"attachment":[{"time":0,"name":"002"}]},"003":{"attachment":[{"time":0,"name":"003"}]},"004":{"attachment":[{"time":0,"name":"004"}]},"005":{"attachment":[{"time":0,"name":"005"}]},"face":{"attachment":[{"time":0,"name":"face_3"}]}},"bones":{"MAIN":{"scale":[{"time":0,"x":1.07,"y":1.07}]},"Boundingbox":{"translate":[{"time":0,"x":-25.42,"y":798.87}]}}},"window-4":{"slots":{"001":{"attachment":[{"time":0,"name":"001"}]},"002":{"attachment":[{"time":0,"name":"002"}]},"003":{"attachment":[{"time":0,"name":"003"}]},"004":{"attachment":[{"time":0,"name":"004"}]},"005":{"attachment":[{"time":0,"name":"005"}]},"face":{"attachment":[{"time":0,"name":"face_4"}]}},"bones":{"MAIN":{"scale":[{"time":0,"x":1.07,"y":1.07}]},"Boundingbox":{"translate":[{"time":0,"x":-25.42,"y":798.87}]}}},"window-5":{"slots":{"001":{"attachment":[{"time":0,"name":"001"}]},"002":{"attachment":[{"time":0,"name":"002"}]},"003":{"attachment":[{"time":0,"name":"003"}]},"004":{"attachment":[{"time":0,"name":"004"}]},"005":{"attachment":[{"time":0,"name":"005"}]},"face":{"attachment":[{"time":0,"name":"face_5"}]}},"bones":{"MAIN":{"scale":[{"time":0,"x":1.07,"y":1.07}]},"Boundingbox":{"translate":[{"time":0,"x":-25.42,"y":798.87}]}}},"window-6":{"slots":{"001":{"attachment":[{"time":0,"name":"001"}]},"002":{"attachment":[{"time":0,"name":"002"}]},"003":{"attachment":[{"time":0,"name":"003"}]},"004":{"attachment":[{"time":0,"name":"004"}]},"005":{"attachment":[{"time":0,"name":"005"}]},"face":{"attachment":[{"time":0,"name":"face_6"}]}},"bones":{"MAIN":{"scale":[{"time":0,"x":1.07,"y":1.07}]},"Boundingbox":{"translate":[{"time":0,"x":-25.42,"y":798.87}]}}}}}