{"skeleton":{"hash":"RImcp6s8ldAK9zzUPgtKHDDokPQ","spine":"3.0.12","width":581.28,"height":575.86},"bones":[{"name":"root"},{"name":"card2","parent":"root","y":40},{"name":"card","parent":"root","y":40},{"name":"MAIN","parent":"root","y":50},{"name":"main_front","parent":"MAIN","scaleX":2,"scaleY":2},{"name":"main_back","parent":"MAIN","y":-3.86,"scaleX":2,"scaleY":2},{"name":"HITBOX","parent":"MAIN","x":3.94,"y":10.21,"scaleX":0.435,"scaleY":0.932},{"name":"EF","parent":"root"},{"name":"ef_wave_main","parent":"EF"},{"name":"ef_graund_wave_rev_main","parent":"EF"},{"name":"ef_graund_wave_main","parent":"EF"},{"name":"ef_energy_sink_main3","parent":"EF"},{"name":"ef_energy_sink_main2","parent":"EF"},{"name":"ef_energy_sink_main","parent":"EF"},{"name":"ef_card_line_main6","parent":"EF"},{"name":"ef_card_line_main5","parent":"EF"},{"name":"ef_card_line_main4","parent":"EF"},{"name":"ef_card_line_main3","parent":"EF"},{"name":"ef_card_line_main2","parent":"EF"},{"name":"ef_card_line_main","parent":"EF"},{"name":"ef_card_aura_main2","parent":"EF","rotation":-90},{"name":"ef_card_aura_main","parent":"EF"},{"name":"DAMAGEAREA","parent":"root"}],"slots":[{"name":"idle_b_00","bone":"main_back","attachment":"idle_b_00"},{"name":"attack_a_08","bone":"main_back"},{"name":"main","bone":"MAIN","attachment":"idle_00"},{"name":"attack_a_07","bone":"main_front"},{"name":"idle_a_00","bone":"main_front","attachment":"idle_a_00"},{"name":"skill1_a_00","bone":"card"},{"name":"skill1_a_0","bone":"card2"},{"name":"skill2_b_00","bone":"main_front"},{"name":"EF/a/ef_card_aura_main/ef_card_aura_main_00001","bone":"ef_card_aura_main"},{"name":"EF/a/ef_card_aura_main/ef_card_aura_main_1","bone":"ef_card_aura_main2"},{"name":"EF/a/ef_card_line_main/ef_card_line_main_00001","bone":"ef_card_line_main","blend":"additive"},{"name":"EF/a/ef_card_line_main/ef_card_line_main_1","bone":"ef_card_line_main2","blend":"additive"},{"name":"EF/a/ef_card_line_main/ef_card_line_main_2","bone":"ef_card_line_main3","blend":"additive"},{"name":"EF/a/ef_card_line_main/ef_card_line_main_3","bone":"ef_card_line_main4","blend":"additive"},{"name":"EF/a/ef_card_line_main/ef_card_line_main_4","bone":"ef_card_line_main5","blend":"additive"},{"name":"EF/a/ef_card_line_main/ef_card_line_main_5","bone":"ef_card_line_main6","blend":"additive"},{"name":"EF/a/ef_energy_sink_main/ef_energy_sink_main_00002","bone":"ef_energy_sink_main","blend":"additive"},{"name":"EF/a/ef_energy_sink_main 2/ef_energy_sink_main 2_00002","bone":"ef_energy_sink_main2","blend":"additive"},{"name":"EF/a/ef_energy_sink_main 2/ef_energy_sink_main 2_2","bone":"ef_energy_sink_main3","blend":"additive"},{"name":"EF/a/ef_graund_wave_main/ef_graund_wave_main_00001","bone":"ef_graund_wave_main","blend":"additive"},{"name":"EF/a/ef_graund_wave_rev_main/ef_graund_wave_rev_main_00001","bone":"ef_graund_wave_rev_main","blend":"additive"},{"name":"EF/a/ef_wave_main/ef_wave_main_00001","bone":"ef_wave_main","blend":"additive"},{"name":"DAMAGEAREA","bone":"DAMAGEAREA"},{"name":"HITBOX","bone":"HITBOX","attachment":"HITBOX"}],"skins":{"default":{"DAMAGEAREA":{"DAMAGEAREA":{"type":"boundingbox","vertices":[-63.5598,-64.96131,64.99414,-62.97131,64.59614,63.59261,-62.3658,63.19461]}},"EF/a/ef_card_aura_main/ef_card_aura_main_00001":{"EF/a/ef_card_aura_main/ef_card_aura_main_00001":{"rotation":-90,"width":40,"height":40}},"EF/a/ef_card_aura_main/ef_card_aura_main_1":{"EF/a/ef_card_aura_main/ef_card_aura_main_00001":{"width":40,"height":40}},"EF/a/ef_card_line_main/ef_card_line_main_00001":{"EF/a/ef_card_line_main/ef_card_line_main_00001":{"width":180,"height":48},"EF/a/ef_card_line_main/ef_card_line_main_00002":{"width":180,"height":48},"EF/a/ef_card_line_main/ef_card_line_main_00003":{"width":180,"height":48},"EF/a/ef_card_line_main/ef_card_line_main_00004":{"width":180,"height":48},"EF/a/ef_card_line_main/ef_card_line_main_00005":{"width":180,"height":48},"EF/a/ef_card_line_main/ef_card_line_main_00006":{"width":180,"height":48},"EF/a/ef_card_line_main/ef_card_line_main_00007":{"width":180,"height":48},"EF/a/ef_card_line_main/ef_card_line_main_00008":{"width":180,"height":48},"EF/a/ef_card_line_main/ef_card_line_main_00009":{"width":180,"height":48},"EF/a/ef_card_line_main/ef_card_line_main_00010":{"width":180,"height":48}},"EF/a/ef_card_line_main/ef_card_line_main_1":{"EF/a/ef_card_line_main/ef_card_line_main_00001":{"width":180,"height":48},"EF/a/ef_card_line_main/ef_card_line_main_00002":{"width":180,"height":48},"EF/a/ef_card_line_main/ef_card_line_main_00003":{"width":180,"height":48},"EF/a/ef_card_line_main/ef_card_line_main_00004":{"width":180,"height":48},"EF/a/ef_card_line_main/ef_card_line_main_00005":{"width":180,"height":48},"EF/a/ef_card_line_main/ef_card_line_main_00006":{"width":180,"height":48},"EF/a/ef_card_line_main/ef_card_line_main_00007":{"width":180,"height":48},"EF/a/ef_card_line_main/ef_card_line_main_00008":{"width":180,"height":48},"EF/a/ef_card_line_main/ef_card_line_main_00009":{"width":180,"height":48},"EF/a/ef_card_line_main/ef_card_line_main_00010":{"width":180,"height":48}},"EF/a/ef_card_line_main/ef_card_line_main_2":{"EF/a/ef_card_line_main/ef_card_line_main_00001":{"width":180,"height":48},"EF/a/ef_card_line_main/ef_card_line_main_00002":{"width":180,"height":48},"EF/a/ef_card_line_main/ef_card_line_main_00003":{"width":180,"height":48},"EF/a/ef_card_line_main/ef_card_line_main_00004":{"width":180,"height":48},"EF/a/ef_card_line_main/ef_card_line_main_00005":{"width":180,"height":48},"EF/a/ef_card_line_main/ef_card_line_main_00006":{"width":180,"height":48},"EF/a/ef_card_line_main/ef_card_line_main_00007":{"width":180,"height":48},"EF/a/ef_card_line_main/ef_card_line_main_00008":{"width":180,"height":48},"EF/a/ef_card_line_main/ef_card_line_main_00009":{"width":180,"height":48},"EF/a/ef_card_line_main/ef_card_line_main_00010":{"width":180,"height":48}},"EF/a/ef_card_line_main/ef_card_line_main_3":{"EF/a/ef_card_line_main/ef_card_line_main_00001":{"width":180,"height":48},"EF/a/ef_card_line_main/ef_card_line_main_00002":{"width":180,"height":48},"EF/a/ef_card_line_main/ef_card_line_main_00003":{"width":180,"height":48},"EF/a/ef_card_line_main/ef_card_line_main_00004":{"width":180,"height":48},"EF/a/ef_card_line_main/ef_card_line_main_00005":{"width":180,"height":48},"EF/a/ef_card_line_main/ef_card_line_main_00006":{"width":180,"height":48},"EF/a/ef_card_line_main/ef_card_line_main_00007":{"width":180,"height":48},"EF/a/ef_card_line_main/ef_card_line_main_00008":{"width":180,"height":48},"EF/a/ef_card_line_main/ef_card_line_main_00009":{"width":180,"height":48},"EF/a/ef_card_line_main/ef_card_line_main_00010":{"width":180,"height":48}},"EF/a/ef_card_line_main/ef_card_line_main_4":{"EF/a/ef_card_line_main/ef_card_line_main_00001":{"width":180,"height":48},"EF/a/ef_card_line_main/ef_card_line_main_00002":{"width":180,"height":48},"EF/a/ef_card_line_main/ef_card_line_main_00003":{"width":180,"height":48},"EF/a/ef_card_line_main/ef_card_line_main_00004":{"width":180,"height":48},"EF/a/ef_card_line_main/ef_card_line_main_00005":{"width":180,"height":48},"EF/a/ef_card_line_main/ef_card_line_main_00006":{"width":180,"height":48},"EF/a/ef_card_line_main/ef_card_line_main_00007":{"width":180,"height":48},"EF/a/ef_card_line_main/ef_card_line_main_00008":{"width":180,"height":48},"EF/a/ef_card_line_main/ef_card_line_main_00009":{"width":180,"height":48},"EF/a/ef_card_line_main/ef_card_line_main_00010":{"width":180,"height":48}},"EF/a/ef_card_line_main/ef_card_line_main_5":{"EF/a/ef_card_line_main/ef_card_line_main_00001":{"width":180,"height":48},"EF/a/ef_card_line_main/ef_card_line_main_00002":{"width":180,"height":48},"EF/a/ef_card_line_main/ef_card_line_main_00003":{"width":180,"height":48},"EF/a/ef_card_line_main/ef_card_line_main_00004":{"width":180,"height":48},"EF/a/ef_card_line_main/ef_card_line_main_00005":{"width":180,"height":48},"EF/a/ef_card_line_main/ef_card_line_main_00006":{"width":180,"height":48},"EF/a/ef_card_line_main/ef_card_line_main_00007":{"width":180,"height":48},"EF/a/ef_card_line_main/ef_card_line_main_00008":{"width":180,"height":48},"EF/a/ef_card_line_main/ef_card_line_main_00009":{"width":180,"height":48},"EF/a/ef_card_line_main/ef_card_line_main_00010":{"width":180,"height":48}},"EF/a/ef_energy_sink_main 2/ef_energy_sink_main 2_00002":{"EF/a/ef_energy_sink_main 2/ef_energy_sink_main 2_00002":{"width":208,"height":208},"EF/a/ef_energy_sink_main 2/ef_energy_sink_main 2_00003":{"width":208,"height":208},"EF/a/ef_energy_sink_main 2/ef_energy_sink_main 2_00004":{"width":208,"height":208},"EF/a/ef_energy_sink_main 2/ef_energy_sink_main 2_00005":{"width":208,"height":208},"EF/a/ef_energy_sink_main 2/ef_energy_sink_main 2_00006":{"width":208,"height":208},"EF/a/ef_energy_sink_main 2/ef_energy_sink_main 2_00007":{"width":208,"height":208},"EF/a/ef_energy_sink_main 2/ef_energy_sink_main 2_00008":{"width":208,"height":208},"EF/a/ef_energy_sink_main 2/ef_energy_sink_main 2_00009":{"width":208,"height":208},"EF/a/ef_energy_sink_main 2/ef_energy_sink_main 2_00010":{"width":208,"height":208},"EF/a/ef_energy_sink_main 2/ef_energy_sink_main 2_00011":{"width":208,"height":208},"EF/a/ef_energy_sink_main 2/ef_energy_sink_main 2_00012":{"width":208,"height":208},"EF/a/ef_energy_sink_main 2/ef_energy_sink_main 2_00013":{"width":208,"height":208},"EF/a/ef_energy_sink_main 2/ef_energy_sink_main 2_00014":{"width":208,"height":208},"EF/a/ef_energy_sink_main 2/ef_energy_sink_main 2_00015":{"width":208,"height":208},"EF/a/ef_energy_sink_main 2/ef_energy_sink_main 2_00016":{"width":208,"height":208},"EF/a/ef_energy_sink_main 2/ef_energy_sink_main 2_00017":{"width":208,"height":208}},"EF/a/ef_energy_sink_main 2/ef_energy_sink_main 2_2":{"EF/a/ef_energy_sink_main 2/ef_energy_sink_main 2_00002":{"width":208,"height":208},"EF/a/ef_energy_sink_main 2/ef_energy_sink_main 2_00003":{"width":208,"height":208},"EF/a/ef_energy_sink_main 2/ef_energy_sink_main 2_00004":{"width":208,"height":208},"EF/a/ef_energy_sink_main 2/ef_energy_sink_main 2_00005":{"width":208,"height":208},"EF/a/ef_energy_sink_main 2/ef_energy_sink_main 2_00006":{"width":208,"height":208},"EF/a/ef_energy_sink_main 2/ef_energy_sink_main 2_00007":{"width":208,"height":208},"EF/a/ef_energy_sink_main 2/ef_energy_sink_main 2_00008":{"width":208,"height":208},"EF/a/ef_energy_sink_main 2/ef_energy_sink_main 2_00009":{"width":208,"height":208},"EF/a/ef_energy_sink_main 2/ef_energy_sink_main 2_00010":{"width":208,"height":208},"EF/a/ef_energy_sink_main 2/ef_energy_sink_main 2_00011":{"width":208,"height":208},"EF/a/ef_energy_sink_main 2/ef_energy_sink_main 2_00012":{"width":208,"height":208},"EF/a/ef_energy_sink_main 2/ef_energy_sink_main 2_00013":{"width":208,"height":208},"EF/a/ef_energy_sink_main 2/ef_energy_sink_main 2_00014":{"width":208,"height":208},"EF/a/ef_energy_sink_main 2/ef_energy_sink_main 2_00015":{"width":208,"height":208},"EF/a/ef_energy_sink_main 2/ef_energy_sink_main 2_00016":{"width":208,"height":208},"EF/a/ef_energy_sink_main 2/ef_energy_sink_main 2_00017":{"width":208,"height":208}},"EF/a/ef_energy_sink_main/ef_energy_sink_main_00002":{"EF/a/ef_energy_sink_main/ef_energy_sink_main_00002":{"width":160,"height":160},"EF/a/ef_energy_sink_main/ef_energy_sink_main_00003":{"width":160,"height":160},"EF/a/ef_energy_sink_main/ef_energy_sink_main_00004":{"width":160,"height":160},"EF/a/ef_energy_sink_main/ef_energy_sink_main_00005":{"width":160,"height":160},"EF/a/ef_energy_sink_main/ef_energy_sink_main_00006":{"width":160,"height":160},"EF/a/ef_energy_sink_main/ef_energy_sink_main_00007":{"width":160,"height":160},"EF/a/ef_energy_sink_main/ef_energy_sink_main_00008":{"width":160,"height":160},"EF/a/ef_energy_sink_main/ef_energy_sink_main_00009":{"width":160,"height":160},"EF/a/ef_energy_sink_main/ef_energy_sink_main_00010":{"width":160,"height":160},"EF/a/ef_energy_sink_main/ef_energy_sink_main_00011":{"width":160,"height":160},"EF/a/ef_energy_sink_main/ef_energy_sink_main_00012":{"width":160,"height":160},"EF/a/ef_energy_sink_main/ef_energy_sink_main_00013":{"width":160,"height":160},"EF/a/ef_energy_sink_main/ef_energy_sink_main_00014":{"width":160,"height":160},"EF/a/ef_energy_sink_main/ef_energy_sink_main_00015":{"width":160,"height":160},"EF/a/ef_energy_sink_main/ef_energy_sink_main_00017":{"width":160,"height":160}},"EF/a/ef_graund_wave_main/ef_graund_wave_main_00001":{"EF/a/ef_graund_wave_main/ef_graund_wave_main_00001":{"width":240,"height":144},"EF/a/ef_graund_wave_main/ef_graund_wave_main_00002":{"width":240,"height":144},"EF/a/ef_graund_wave_main/ef_graund_wave_main_00003":{"width":240,"height":144},"EF/a/ef_graund_wave_main/ef_graund_wave_main_00004":{"width":240,"height":144},"EF/a/ef_graund_wave_main/ef_graund_wave_main_00005":{"width":240,"height":144},"EF/a/ef_graund_wave_main/ef_graund_wave_main_00006":{"width":240,"height":144},"EF/a/ef_graund_wave_main/ef_graund_wave_main_00007":{"width":240,"height":144},"EF/a/ef_graund_wave_main/ef_graund_wave_main_00008":{"width":240,"height":144},"EF/a/ef_graund_wave_main/ef_graund_wave_main_00009":{"width":240,"height":144},"EF/a/ef_graund_wave_main/ef_graund_wave_main_00010":{"width":240,"height":144},"EF/a/ef_graund_wave_main/ef_graund_wave_main_00011":{"width":240,"height":144},"EF/a/ef_graund_wave_main/ef_graund_wave_main_00012":{"width":240,"height":144},"EF/a/ef_graund_wave_main/ef_graund_wave_main_00013":{"width":240,"height":144},"EF/a/ef_graund_wave_main/ef_graund_wave_main_00015":{"width":240,"height":144}},"EF/a/ef_graund_wave_rev_main/ef_graund_wave_rev_main_00001":{"EF/a/ef_graund_wave_rev_main/ef_graund_wave_rev_main_00001":{"width":256,"height":160},"EF/a/ef_graund_wave_rev_main/ef_graund_wave_rev_main_00002":{"width":256,"height":160},"EF/a/ef_graund_wave_rev_main/ef_graund_wave_rev_main_00003":{"width":256,"height":160},"EF/a/ef_graund_wave_rev_main/ef_graund_wave_rev_main_00004":{"width":256,"height":160},"EF/a/ef_graund_wave_rev_main/ef_graund_wave_rev_main_00005":{"width":256,"height":160},"EF/a/ef_graund_wave_rev_main/ef_graund_wave_rev_main_00006":{"width":256,"height":160}},"EF/a/ef_wave_main/ef_wave_main_00001":{"EF/a/ef_wave_main/ef_wave_main_00001":{"width":192,"height":192},"EF/a/ef_wave_main/ef_wave_main_00002":{"width":192,"height":192},"EF/a/ef_wave_main/ef_wave_main_00003":{"width":192,"height":192},"EF/a/ef_wave_main/ef_wave_main_00004":{"width":192,"height":192},"EF/a/ef_wave_main/ef_wave_main_00005":{"width":192,"height":192}},"HITBOX":{"HITBOX":{"type":"boundingbox","vertices":[-63.6033,-64.28065,65.05238,-64.00865,63.96438,63.01504,-63.33131,63.55903]}},"attack_a_07":{"attack_a_07":{"y":-2,"width":286,"height":286}},"attack_a_08":{"attack_a_08":{"y":-2,"width":286,"height":286}},"idle_a_00":{"idle_a_00":{"y":-2,"width":286,"height":286},"idle_a_01":{"y":-2,"width":286,"height":286},"idle_a_02":{"y":-2,"width":286,"height":286},"idle_a_03":{"y":-2,"width":286,"height":286}},"idle_b_00":{"idle_b_00":{"y":-2,"width":286,"height":286},"idle_b_01":{"y":-2,"width":286,"height":286},"idle_b_02":{"y":-2,"width":286,"height":286},"idle_b_03":{"y":-2,"width":286,"height":286}},"main":{"attack3_00":{"x":9.28,"y":-4,"scaleX":2,"scaleY":2,"width":286,"height":286},"attack3_01":{"x":9.28,"y":-4,"scaleX":2,"scaleY":2,"width":286,"height":286},"attack3_02":{"x":9.28,"y":-4,"scaleX":2,"scaleY":2,"width":286,"height":286},"attack3_03":{"x":9.28,"y":-4,"scaleX":2,"scaleY":2,"width":286,"height":286},"attack_00":{"x":9.28,"y":-4,"scaleX":2,"scaleY":2,"width":286,"height":286},"attack_01":{"x":9.28,"y":-4,"scaleX":2,"scaleY":2,"width":286,"height":286},"attack_02":{"x":9.28,"y":-4,"scaleX":2,"scaleY":2,"width":286,"height":286},"attack_03":{"x":9.28,"y":-4,"scaleX":2,"scaleY":2,"width":286,"height":286},"attack_04":{"x":9.28,"y":-4,"scaleX":2,"scaleY":2,"width":286,"height":286},"attack_05":{"x":9.28,"y":-4,"scaleX":2,"scaleY":2,"width":286,"height":286},"attack_06":{"x":9.28,"y":-4,"scaleX":2,"scaleY":2,"width":286,"height":286},"attack_07":{"x":9.28,"y":-4,"scaleX":2,"scaleY":2,"width":286,"height":286},"attack_08":{"x":9.28,"y":-4,"scaleX":2,"scaleY":2,"width":286,"height":286},"attack_09":{"x":9.28,"y":-4,"scaleX":2,"scaleY":2,"width":286,"height":286},"attack_10":{"x":9.28,"y":-4,"scaleX":2,"scaleY":2,"width":286,"height":286},"back_00":{"x":9.28,"y":-4,"scaleX":2,"scaleY":2,"width":286,"height":286},"damages_00":{"x":0.67,"y":-4,"scaleX":2,"scaleY":2,"width":286,"height":286},"front_00":{"x":9.28,"y":-4,"scaleX":2,"scaleY":2,"width":286,"height":286},"idle_00":{"x":9.28,"y":-4,"scaleX":2,"scaleY":2,"width":286,"height":286},"idle_01":{"x":9.28,"y":-4,"scaleX":2,"scaleY":2,"width":286,"height":286},"idle_02":{"x":9.28,"y":-4,"scaleX":2,"scaleY":2,"width":286,"height":286},"idle_03":{"x":9.28,"y":-4,"scaleX":2,"scaleY":2,"width":286,"height":286},"skill1_00":{"x":9.28,"y":-4,"scaleX":2,"scaleY":2,"width":286,"height":286},"skill1_01":{"x":9.28,"y":-4,"scaleX":2,"scaleY":2,"width":286,"height":286},"skill1_02":{"x":9.28,"y":-4,"scaleX":2,"scaleY":2,"width":286,"height":286},"skill1_03":{"x":9.28,"y":-4,"scaleX":2,"scaleY":2,"width":286,"height":286},"skill1_04":{"x":9.28,"y":-4,"scaleX":2,"scaleY":2,"width":286,"height":286},"skill1_05":{"x":9.28,"y":-4,"scaleX":2,"scaleY":2,"width":286,"height":286},"skill1_06":{"x":9.28,"y":-4,"scaleX":2,"scaleY":2,"width":286,"height":286},"skill1_07":{"x":9.28,"y":-4,"scaleX":2,"scaleY":2,"width":286,"height":286},"skill1_08":{"x":9.28,"y":-4,"scaleX":2,"scaleY":2,"width":286,"height":286},"skill1_09":{"x":9.28,"y":-4,"scaleX":2,"scaleY":2,"width":286,"height":286},"skill1_08b":{"x":9.28,"y":-4,"scaleX":2,"scaleY":2,"width":286,"height":286},"skill2_00":{"x":7.96,"y":-0.48,"scaleX":2,"scaleY":2,"width":286,"height":286},"skill2_01":{"x":20.72,"y":-0.92,"scaleX":2,"scaleY":2,"width":286,"height":286},"skill2_02":{"x":18.52,"y":-1.36,"scaleX":2,"scaleY":2,"width":286,"height":286},"skill2_03":{"x":8.84,"y":-2.68,"scaleX":2,"scaleY":2,"width":286,"height":286},"skill2_04":{"x":7.96,"y":-0.47,"scaleX":2,"scaleY":2,"width":286,"height":286},"skill3_00":{"x":9.28,"y":-4,"scaleX":2,"scaleY":2,"width":286,"height":286},"skill3_01":{"x":9.28,"y":-4,"scaleX":2,"scaleY":2,"width":286,"height":286},"skill3_02":{"x":9.28,"y":-4,"scaleX":2,"scaleY":2,"width":286,"height":286},"skill3_03":{"x":9.28,"y":-4,"scaleX":2,"scaleY":2,"width":286,"height":286},"skill3_04":{"x":9.28,"y":-4,"scaleX":2,"scaleY":2,"width":286,"height":286},"skill3_05":{"x":9.28,"y":-4,"scaleX":2,"scaleY":2,"width":286,"height":286},"skill3_06":{"x":9.28,"y":-4,"scaleX":2,"scaleY":2,"width":286,"height":286}},"skill1_a_0":{"skill1_a_00":{"scaleX":2,"scaleY":2,"width":22,"height":10},"skill2_a_00":{"scaleX":2,"scaleY":2,"width":21,"height":14},"skill2_a_01":{"scaleX":2,"scaleY":2,"width":20,"height":16}},"skill1_a_00":{"skill1_a_00":{"scaleX":2,"scaleY":2,"width":22,"height":10},"skill2_a_00":{"scaleX":2,"scaleY":2,"width":21,"height":14},"skill2_a_01":{"scaleX":2,"scaleY":2,"width":20,"height":16}},"skill2_b_00":{"skill2_b_00":{"x":-20.7,"y":0.38,"width":48,"height":28}}}},"events":{"Event":{},"Hit":{},"Sound1":{},"Sound2":{},"Sound3":{},"Voice":{}},"animations":{"attack1":{"slots":{"DAMAGEAREA":{"attachment":[{"time":0.5666,"name":"DAMAGEAREA"},{"time":0.9,"name":null}]},"EF/a/ef_energy_sink_main/ef_energy_sink_main_00002":{"attachment":[{"time":0.1666,"name":"EF/a/ef_energy_sink_main/ef_energy_sink_main_00002"},{"time":0.2,"name":"EF/a/ef_energy_sink_main/ef_energy_sink_main_00003"},{"time":0.2333,"name":"EF/a/ef_energy_sink_main/ef_energy_sink_main_00004"},{"time":0.2666,"name":"EF/a/ef_energy_sink_main/ef_energy_sink_main_00005"},{"time":0.3,"name":"EF/a/ef_energy_sink_main/ef_energy_sink_main_00006"},{"time":0.3333,"name":"EF/a/ef_energy_sink_main/ef_energy_sink_main_00007"},{"time":0.3666,"name":"EF/a/ef_energy_sink_main/ef_energy_sink_main_00008"},{"time":0.4,"name":"EF/a/ef_energy_sink_main/ef_energy_sink_main_00009"},{"time":0.4333,"name":"EF/a/ef_energy_sink_main/ef_energy_sink_main_00010"},{"time":0.4666,"name":"EF/a/ef_energy_sink_main/ef_energy_sink_main_00011"},{"time":0.5,"name":null}],"color":[{"time":0.3333,"color":"ffffffff"},{"time":0.5,"color":"ffffff00"}]},"EF/a/ef_graund_wave_main/ef_graund_wave_main_00001":{"attachment":[{"time":0.5,"name":"EF/a/ef_graund_wave_main/ef_graund_wave_main_00001"},{"time":0.5333,"name":"EF/a/ef_graund_wave_main/ef_graund_wave_main_00003"},{"time":0.5666,"name":"EF/a/ef_graund_wave_main/ef_graund_wave_main_00005"},{"time":0.6,"name":"EF/a/ef_graund_wave_main/ef_graund_wave_main_00007"},{"time":0.6333,"name":"EF/a/ef_graund_wave_main/ef_graund_wave_main_00009"},{"time":0.6666,"name":"EF/a/ef_graund_wave_main/ef_graund_wave_main_00011"},{"time":0.7,"name":"EF/a/ef_graund_wave_main/ef_graund_wave_main_00013"},{"time":0.7333,"name":null}]},"idle_a_00":{"attachment":[{"time":0,"name":"idle_a_00"}],"color":[{"time":0,"color":"ffffffff"},{"time":0.1,"color":"ffffff00"}]},"idle_b_00":{"attachment":[{"time":0,"name":"idle_b_00"}],"color":[{"time":0,"color":"ffffffff"},{"time":0.1,"color":"ffffff00"}]},"main":{"attachment":[{"time":0,"name":"skill3_00"},{"time":0.1666,"name":"attack3_00"},{"time":0.5,"name":"attack3_01"}]}},"bones":{"MAIN":{"translate":[{"time":0,"x":0,"y":0,"curve":[0.208,0.69,0.75,1]},{"time":0.1333,"x":0,"y":-2.07,"curve":"stepped"},{"time":0.1666,"x":2.67,"y":0,"curve":[0.237,0.46,0.622,0.79]},{"time":0.4666,"x":7.73,"y":0},{"time":0.5,"x":-2.43,"y":0},{"time":0.5666,"x":-0.82,"y":0},{"time":0.6,"x":-1.89,"y":0,"curve":"stepped"},{"time":1,"x":-1.89,"y":0}]},"main_back":{"translate":[{"time":0,"x":0,"y":0,"curve":[0.212,0.55,0.75,1]},{"time":0.1,"x":0,"y":44.22}]},"main_front":{"translate":[{"time":0,"x":0,"y":0,"curve":[0.212,0.55,0.75,1]},{"time":0.1,"x":0,"y":44.22}]},"ef_energy_sink_main":{"translate":[{"time":0.1666,"x":41.85,"y":103.4,"curve":"stepped"},{"time":0.4666,"x":41.85,"y":103.4}],"scale":[{"time":0.1666,"x":3.5,"y":3.5},{"time":0.4666,"x":0.5,"y":0.5}]},"ef_graund_wave_main":{"translate":[{"time":0.5,"x":-2.2,"y":27.52}],"scale":[{"time":0.5,"x":2.5,"y":2.5}]},"DAMAGEAREA":{"translate":[{"time":0.5666,"x":-639.53,"y":42.47}],"scale":[{"time":0.5666,"x":10.378,"y":0.674}]}},"events":[{"time":0,"name":"Event","float":0.1,"string":"kHitStopType_enemyonly"},{"time":0,"name":"Sound1","string":"cri_se_battle_charge"},{"time":0.5,"name":"Sound1","string":"cri_se_battle_gun_burst"},{"time":0.5,"name":"Voice","string":"cri_155_voice_attack_random"},{"time":0.5666,"name":"Sound2","string":"setHitSound(se_battle_007_attack_hit_01)"},{"time":0.6333,"name":"Hit","string":"resetHitList"},{"time":0.6333,"name":"Sound1","string":"cri_se_battle_gun_burst"},{"time":0.7,"name":"Hit","string":"resetHitList"},{"time":0.7666,"name":"Hit","string":"resetHitList"},{"time":0.8333,"name":"Event","string":"kImpactType_knock"},{"time":0.8333,"name":"Hit","string":"resetHitList"},{"time":0.9666,"name":"Event","string":"runScript-addSP"}]},"attack2":{"slots":{"DAMAGEAREA":{"attachment":[{"time":0.5333,"name":"DAMAGEAREA"},{"time":0.7333,"name":null}]},"EF/a/ef_energy_sink_main/ef_energy_sink_main_00002":{"attachment":[{"time":0,"name":"EF/a/ef_energy_sink_main/ef_energy_sink_main_00002"},{"time":0.0333,"name":"EF/a/ef_energy_sink_main/ef_energy_sink_main_00003"},{"time":0.0666,"name":"EF/a/ef_energy_sink_main/ef_energy_sink_main_00004"},{"time":0.1,"name":"EF/a/ef_energy_sink_main/ef_energy_sink_main_00005"},{"time":0.1333,"name":"EF/a/ef_energy_sink_main/ef_energy_sink_main_00006"},{"time":0.1666,"name":"EF/a/ef_energy_sink_main/ef_energy_sink_main_00007"},{"time":0.2,"name":"EF/a/ef_energy_sink_main/ef_energy_sink_main_00008"},{"time":0.2333,"name":"EF/a/ef_energy_sink_main/ef_energy_sink_main_00009"},{"time":0.2666,"name":"EF/a/ef_energy_sink_main/ef_energy_sink_main_00010"},{"time":0.3,"name":"EF/a/ef_energy_sink_main/ef_energy_sink_main_00011"},{"time":0.3333,"name":"EF/a/ef_energy_sink_main/ef_energy_sink_main_00012"},{"time":0.3666,"name":"EF/a/ef_energy_sink_main/ef_energy_sink_main_00013"},{"time":0.4,"name":"EF/a/ef_energy_sink_main/ef_energy_sink_main_00014"},{"time":0.4333,"name":"EF/a/ef_energy_sink_main/ef_energy_sink_main_00015"},{"time":0.4666,"name":"EF/a/ef_energy_sink_main/ef_energy_sink_main_00017"},{"time":0.5,"name":null}]},"EF/a/ef_graund_wave_main/ef_graund_wave_main_00001":{"attachment":[{"time":0.5,"name":"EF/a/ef_graund_wave_main/ef_graund_wave_main_00001"},{"time":0.5333,"name":"EF/a/ef_graund_wave_main/ef_graund_wave_main_00003"},{"time":0.5666,"name":"EF/a/ef_graund_wave_main/ef_graund_wave_main_00005"},{"time":0.6,"name":"EF/a/ef_graund_wave_main/ef_graund_wave_main_00007"},{"time":0.6333,"name":"EF/a/ef_graund_wave_main/ef_graund_wave_main_00009"},{"time":0.6666,"name":"EF/a/ef_graund_wave_main/ef_graund_wave_main_00011"},{"time":0.7,"name":"EF/a/ef_graund_wave_main/ef_graund_wave_main_00013"},{"time":0.7333,"name":null}]},"EF/a/ef_graund_wave_rev_main/ef_graund_wave_rev_main_00001":{"attachment":[{"time":0.5,"name":"EF/a/ef_graund_wave_rev_main/ef_graund_wave_rev_main_00006"},{"time":0.5333,"name":"EF/a/ef_graund_wave_rev_main/ef_graund_wave_rev_main_00005"},{"time":0.5666,"name":"EF/a/ef_graund_wave_rev_main/ef_graund_wave_rev_main_00004"},{"time":0.6,"name":"EF/a/ef_graund_wave_rev_main/ef_graund_wave_rev_main_00003"},{"time":0.6333,"name":"EF/a/ef_graund_wave_rev_main/ef_graund_wave_rev_main_00002"},{"time":0.6666,"name":"EF/a/ef_graund_wave_rev_main/ef_graund_wave_rev_main_00001"},{"time":0.7,"name":null}]},"idle_a_00":{"attachment":[{"time":0,"name":null}]},"idle_b_00":{"attachment":[{"time":0,"name":null}]},"main":{"attachment":[{"time":0,"name":"skill3_00"},{"time":0.5,"name":"skill3_05"},{"time":0.5333,"name":"skill3_03"},{"time":0.6333,"name":"skill3_04"},{"time":1,"name":"skill3_04"}]}},"bones":{"EF":{"translate":[{"time":0,"x":0,"y":59.77},{"time":0.2333,"x":0,"y":55.45}],"scale":[{"time":0,"x":0.681,"y":0.681}]},"ef_graund_wave_main":{"translate":[{"time":0.5,"x":3.66,"y":-54.96}],"scale":[{"time":0.5,"x":2.5,"y":2.5}]},"ef_graund_wave_rev_main":{"translate":[{"time":0.5,"x":-3.07,"y":37.53}],"scale":[{"time":0.5,"x":2.5,"y":2.5,"curve":[0.152,0.69,0.463,0.9]},{"time":0.7,"x":3.5,"y":3.5}]},"ef_energy_sink_main":{"scale":[{"time":0,"x":3,"y":3}]},"DAMAGEAREA":{"translate":[{"time":0.5333,"x":0,"y":63.94}],"scale":[{"time":0.5333,"x":1.822,"y":1},{"time":0.6666,"x":4.489,"y":1.466}]}},"events":[{"time":0,"name":"Event","float":0.1,"string":"kHitStopType_normal"},{"time":0,"name":"Sound1","string":"cri_se_battle_charge"},{"time":0.0333,"name":"Event","int":500,"string":"kImpactType_knock"},{"time":0.0666,"name":"Event","string":"sefForceImpact(1)"},{"time":0.4666,"name":"Voice","string":"cri_155_voice_attack_random"},{"time":0.5,"name":"Sound1","string":"cri_se_battle_skill_icebreak"},{"time":0.5333,"name":"Event","string":"shakeGround"},{"time":0.9666,"name":"Event","string":"runScript-addSP"}]},"attack3":{"slots":{"DAMAGEAREA":{"attachment":[{"time":0.7666,"name":"DAMAGEAREA"},{"time":1.1666,"name":null}]},"EF/a/ef_graund_wave_rev_main/ef_graund_wave_rev_main_00001":{"attachment":[{"time":0.7333,"name":"EF/a/ef_graund_wave_rev_main/ef_graund_wave_rev_main_00006"},{"time":0.7666,"name":"EF/a/ef_graund_wave_rev_main/ef_graund_wave_rev_main_00005"},{"time":0.8,"name":"EF/a/ef_graund_wave_rev_main/ef_graund_wave_rev_main_00004"},{"time":0.8333,"name":"EF/a/ef_graund_wave_rev_main/ef_graund_wave_rev_main_00003"},{"time":0.8666,"name":"EF/a/ef_graund_wave_rev_main/ef_graund_wave_rev_main_00002"},{"time":0.9,"name":"EF/a/ef_graund_wave_rev_main/ef_graund_wave_rev_main_00001"},{"time":0.9333,"name":null}]},"attack_a_07":{"attachment":[{"time":0.7666,"name":"attack_a_07"},{"time":1.3,"name":null},{"time":1.3666,"name":null}]},"attack_a_08":{"attachment":[{"time":0.7333,"name":"attack_a_08"},{"time":0.7666,"name":null},{"time":1.3,"name":"attack_a_08"},{"time":1.3666,"name":null},{"time":1.4333,"name":null}]},"idle_a_00":{"attachment":[{"time":0,"name":null},{"time":1.5,"name":"idle_a_02"},{"time":1.5666,"name":"idle_a_01"},{"time":1.6333,"name":"idle_a_00"}]},"idle_b_00":{"attachment":[{"time":0,"name":null},{"time":1.5,"name":"idle_b_02"},{"time":1.5666,"name":"idle_b_01"},{"time":1.6333,"name":"idle_b_00"}]},"main":{"attachment":[{"time":0,"name":"attack_00"},{"time":0.0666,"name":"attack_01"},{"time":0.3,"name":"attack_02"},{"time":0.4333,"name":"attack_03"},{"time":0.5333,"name":"attack_04"},{"time":0.6,"name":"attack_05"},{"time":0.6666,"name":"attack_06"},{"time":0.7333,"name":"attack_07"},{"time":0.8,"name":"attack_08"},{"time":0.8666,"name":"attack_07"},{"time":0.9333,"name":"attack_08"},{"time":1,"name":"attack_07"},{"time":1.0666,"name":"attack_08"},{"time":1.1333,"name":"attack_07"},{"time":1.3,"name":"attack_07"},{"time":1.3666,"name":"attack_01"},{"time":1.4333,"name":"attack_01"},{"time":1.5,"name":"idle_02"},{"time":1.5666,"name":"idle_01"},{"time":1.6333,"name":"idle_00"}]},"skill2_b_00":{"attachment":[{"time":1.3,"name":null}]}},"bones":{"main_back":{"rotate":[{"time":0,"angle":0,"curve":"stepped"},{"time":1.3333,"angle":-16.79,"curve":"stepped"},{"time":1.5,"angle":0}],"translate":[{"time":0,"x":0,"y":0,"curve":"stepped"},{"time":0.7333,"x":4.45,"y":0,"curve":"stepped"},{"time":1.3333,"x":31.14,"y":-2.65,"curve":"stepped"},{"time":1.5,"x":0,"y":0}],"scale":[{"time":0,"x":1,"y":1,"curve":"stepped"},{"time":1.3333,"x":0.822,"y":0.937,"curve":"stepped"},{"time":1.5,"x":1,"y":1}]},"main_front":{"scale":[{"time":0,"x":1,"y":1,"curve":"stepped"},{"time":0.7666,"x":1.095,"y":1.095,"curve":"stepped"},{"time":1.5,"x":1,"y":1}]},"ef_graund_wave_rev_main":{"rotate":[{"time":0.7333,"angle":90}],"translate":[{"time":0.7333,"x":-78.09,"y":89.41}],"scale":[{"time":0.7333,"x":1,"y":1},{"time":0.8333,"x":1.498,"y":1.498}]},"DAMAGEAREA":{"translate":[{"time":0.7666,"x":-145.03,"y":63.9}],"scale":[{"time":0.7666,"x":2.711,"y":1}]}},"drawOrder":[{"time":0.7666,"offsets":[{"slot":"EF/a/ef_graund_wave_rev_main/ef_graund_wave_rev_main_00001","offset":3}]}],"events":[{"time":0,"name":"Event","float":0.25,"string":"kHitStopType_normal"},{"time":0.5333,"name":"Sound1","string":"cri_se_battle_skill_icebreak"},{"time":0.6666,"name":"Voice","string":"cri_155_voice_attack_random"},{"time":0.7,"name":"Sound1","string":"cri_se_battle_tentacle_swing"},{"time":0.7666,"name":"Sound2","string":"setHitSound(se_battle_007_attack_hit_01)"},{"time":1.6333,"name":"Event","string":"runScript-addSP"}]},"attack4":{"slots":{"DAMAGEAREA":{"attachment":[{"time":0.5333,"name":"DAMAGEAREA"},{"time":0.7333,"name":null}]},"EF/a/ef_energy_sink_main/ef_energy_sink_main_00002":{"attachment":[{"time":0,"name":"EF/a/ef_energy_sink_main/ef_energy_sink_main_00002"},{"time":0.0333,"name":"EF/a/ef_energy_sink_main/ef_energy_sink_main_00003"},{"time":0.0666,"name":"EF/a/ef_energy_sink_main/ef_energy_sink_main_00004"},{"time":0.1,"name":"EF/a/ef_energy_sink_main/ef_energy_sink_main_00005"},{"time":0.1333,"name":"EF/a/ef_energy_sink_main/ef_energy_sink_main_00006"},{"time":0.1666,"name":"EF/a/ef_energy_sink_main/ef_energy_sink_main_00007"},{"time":0.2,"name":"EF/a/ef_energy_sink_main/ef_energy_sink_main_00008"},{"time":0.2333,"name":"EF/a/ef_energy_sink_main/ef_energy_sink_main_00009"},{"time":0.2666,"name":"EF/a/ef_energy_sink_main/ef_energy_sink_main_00010"},{"time":0.3,"name":"EF/a/ef_energy_sink_main/ef_energy_sink_main_00011"},{"time":0.3333,"name":"EF/a/ef_energy_sink_main/ef_energy_sink_main_00012"},{"time":0.3666,"name":"EF/a/ef_energy_sink_main/ef_energy_sink_main_00013"},{"time":0.4,"name":"EF/a/ef_energy_sink_main/ef_energy_sink_main_00014"},{"time":0.4333,"name":"EF/a/ef_energy_sink_main/ef_energy_sink_main_00015"},{"time":0.4666,"name":"EF/a/ef_energy_sink_main/ef_energy_sink_main_00017"},{"time":0.5,"name":null}]},"EF/a/ef_graund_wave_main/ef_graund_wave_main_00001":{"attachment":[{"time":0.5,"name":"EF/a/ef_graund_wave_main/ef_graund_wave_main_00001"},{"time":0.5333,"name":"EF/a/ef_graund_wave_main/ef_graund_wave_main_00003"},{"time":0.5666,"name":"EF/a/ef_graund_wave_main/ef_graund_wave_main_00005"},{"time":0.6,"name":"EF/a/ef_graund_wave_main/ef_graund_wave_main_00007"},{"time":0.6333,"name":"EF/a/ef_graund_wave_main/ef_graund_wave_main_00009"},{"time":0.6666,"name":"EF/a/ef_graund_wave_main/ef_graund_wave_main_00011"},{"time":0.7,"name":"EF/a/ef_graund_wave_main/ef_graund_wave_main_00013"},{"time":0.7333,"name":null},{"time":1.0333,"name":null},{"time":1.0666,"name":"EF/a/ef_graund_wave_main/ef_graund_wave_main_00002"},{"time":1.1,"name":"EF/a/ef_graund_wave_main/ef_graund_wave_main_00003"},{"time":1.1333,"name":"EF/a/ef_graund_wave_main/ef_graund_wave_main_00004"},{"time":1.1666,"name":"EF/a/ef_graund_wave_main/ef_graund_wave_main_00005"},{"time":1.2,"name":"EF/a/ef_graund_wave_main/ef_graund_wave_main_00006"},{"time":1.2333,"name":"EF/a/ef_graund_wave_main/ef_graund_wave_main_00007"},{"time":1.2666,"name":"EF/a/ef_graund_wave_main/ef_graund_wave_main_00008"},{"time":1.3,"name":"EF/a/ef_graund_wave_main/ef_graund_wave_main_00009"},{"time":1.3333,"name":"EF/a/ef_graund_wave_main/ef_graund_wave_main_00010"},{"time":1.3666,"name":"EF/a/ef_graund_wave_main/ef_graund_wave_main_00011"},{"time":1.4,"name":"EF/a/ef_graund_wave_main/ef_graund_wave_main_00012"},{"time":1.4333,"name":"EF/a/ef_graund_wave_main/ef_graund_wave_main_00013"},{"time":1.4666,"name":"EF/a/ef_graund_wave_main/ef_graund_wave_main_00015"},{"time":1.5,"name":null},{"time":1.9,"name":"EF/a/ef_graund_wave_main/ef_graund_wave_main_00001"},{"time":1.9333,"name":"EF/a/ef_graund_wave_main/ef_graund_wave_main_00002"},{"time":1.9666,"name":"EF/a/ef_graund_wave_main/ef_graund_wave_main_00003"},{"time":2,"name":"EF/a/ef_graund_wave_main/ef_graund_wave_main_00004"},{"time":2.0333,"name":"EF/a/ef_graund_wave_main/ef_graund_wave_main_00005"},{"time":2.0666,"name":"EF/a/ef_graund_wave_main/ef_graund_wave_main_00006"},{"time":2.1,"name":"EF/a/ef_graund_wave_main/ef_graund_wave_main_00007"},{"time":2.1333,"name":"EF/a/ef_graund_wave_main/ef_graund_wave_main_00008"},{"time":2.1666,"name":"EF/a/ef_graund_wave_main/ef_graund_wave_main_00009"},{"time":2.2,"name":"EF/a/ef_graund_wave_main/ef_graund_wave_main_00010"},{"time":2.2333,"name":"EF/a/ef_graund_wave_main/ef_graund_wave_main_00011"},{"time":2.2666,"name":"EF/a/ef_graund_wave_main/ef_graund_wave_main_00012"},{"time":2.3,"name":"EF/a/ef_graund_wave_main/ef_graund_wave_main_00013"},{"time":2.3333,"name":"EF/a/ef_graund_wave_main/ef_graund_wave_main_00015"},{"time":2.3666,"name":null}]},"EF/a/ef_graund_wave_rev_main/ef_graund_wave_rev_main_00001":{"attachment":[{"time":0.5,"name":"EF/a/ef_graund_wave_rev_main/ef_graund_wave_rev_main_00006"},{"time":0.5333,"name":"EF/a/ef_graund_wave_rev_main/ef_graund_wave_rev_main_00005"},{"time":0.5666,"name":"EF/a/ef_graund_wave_rev_main/ef_graund_wave_rev_main_00004"},{"time":0.6,"name":"EF/a/ef_graund_wave_rev_main/ef_graund_wave_rev_main_00003"},{"time":0.6333,"name":"EF/a/ef_graund_wave_rev_main/ef_graund_wave_rev_main_00002"},{"time":0.6666,"name":"EF/a/ef_graund_wave_rev_main/ef_graund_wave_rev_main_00001"},{"time":0.7,"name":null}]},"idle_a_00":{"attachment":[{"time":0,"name":null},{"time":1.0333,"name":null}]},"idle_b_00":{"attachment":[{"time":0,"name":null},{"time":1.0333,"name":null}]},"main":{"attachment":[{"time":0,"name":"skill3_00"},{"time":0.5,"name":"skill3_05"},{"time":0.5333,"name":"skill3_03"},{"time":0.6333,"name":"skill3_04"},{"time":1,"name":"skill3_04"},{"time":1.0333,"name":"idle_00"},{"time":1.1333,"name":"skill1_00"},{"time":1.5333,"name":"skill2_00"},{"time":1.9,"name":"skill2_01"},{"time":2.1333,"name":"skill2_02"},{"time":2.3,"name":"skill2_03"},{"time":2.5666,"name":"skill2_04"},{"time":2.6666,"name":"skill2_00"},{"time":2.7333,"name":"skill2_04"},{"time":2.8,"name":"skill2_00"},{"time":2.8666,"name":"skill2_04"},{"time":2.9333,"name":"skill2_00"},{"time":3,"name":"skill2_04"},{"time":3.0666,"name":"skill2_00"},{"time":3.1333,"name":"skill2_04"},{"time":3.2,"name":"skill2_04"}]}},"bones":{"MAIN":{"translate":[{"time":1.5333,"x":0,"y":0},{"time":1.6,"x":-0.5,"y":-1,"curve":"stepped"},{"time":1.8666,"x":0,"y":0,"curve":"stepped"},{"time":1.9,"x":6.23,"y":11.06,"curve":[0.141,0.45,0.75,1]},{"time":2.1333,"x":71.87,"y":93.2},{"time":2.3,"x":93,"y":110.1},{"time":2.3333,"x":105.69,"y":117},{"time":2.3666,"x":114.84,"y":119.3,"curve":[0.25,0,0.75,1]},{"time":2.5666,"x":165,"y":0.5,"curve":[0.099,0.56,0.7,1]},{"time":2.9333,"x":170,"y":0,"curve":[0.101,0.5,0.75,1]},{"time":3.2,"x":171,"y":0}],"scale":[{"time":1.5333,"x":1,"y":1},{"time":1.6,"x":1,"y":0.99,"curve":"stepped"},{"time":1.9,"x":1,"y":1}]},"EF":{"translate":[{"time":0,"x":0,"y":59.77},{"time":0.2333,"x":0,"y":55.45}],"scale":[{"time":0,"x":0.681,"y":0.681}]},"ef_graund_wave_main":{"translate":[{"time":0.5,"x":3.66,"y":-54.96},{"time":1.0333,"x":5.52,"y":13.24}],"scale":[{"time":0.5,"x":2.5,"y":2.5},{"time":1.0333,"x":1.5,"y":1.5}]},"ef_graund_wave_rev_main":{"translate":[{"time":0.5,"x":-3.07,"y":37.53}],"scale":[{"time":0.5,"x":2.5,"y":2.5,"curve":[0.152,0.69,0.463,0.9]},{"time":0.7,"x":3.5,"y":3.5}]},"ef_energy_sink_main":{"scale":[{"time":0,"x":3,"y":3}]},"DAMAGEAREA":{"translate":[{"time":0.5333,"x":0,"y":63.94}],"scale":[{"time":0.5333,"x":1.822,"y":1},{"time":0.6666,"x":4.422,"y":1.466}]}},"events":[{"time":0,"name":"Event","float":0.1,"string":"kHitStopType_normal"},{"time":0,"name":"Sound1","string":"cri_se_battle_charge"},{"time":0.0333,"name":"Event","int":500,"string":"kImpactType_knock"},{"time":0.0666,"name":"Event","string":"sefForceImpact(1)"},{"time":0.5,"name":"Sound1","string":"cri_se_battle_skill_icebreak"},{"time":0.5,"name":"Voice","string":"cri_155_voice_attack_random"},{"time":0.5333,"name":"Event","string":"shakeGround"},{"time":0.9666,"name":"Event","string":"runScript-addSP"},{"time":1.5333,"name":"Event","string":"addOrbitSystem-attack4wall"},{"time":1.9,"name":"Sound1","string":"cri_se_battle_jump"},{"time":1.9,"name":"Voice","string":"cri_155_voice_attack_c"},{"time":2.5666,"name":"Sound1","string":"cri_se_battle_landing"},{"time":3.0333,"name":"Event","string":"runScript-addSP"}]},"back":{"slots":{"idle_a_00":{"attachment":[{"time":0.0333,"name":null},{"time":0.4333,"name":"idle_a_02"},{"time":0.5,"name":"idle_a_01"},{"time":0.5666,"name":"idle_a_00"}]},"idle_b_00":{"attachment":[{"time":0.0333,"name":null},{"time":0.4333,"name":"idle_b_02"},{"time":0.5,"name":"idle_b_01"},{"time":0.5666,"name":"idle_b_00"}]},"main":{"attachment":[{"time":0,"name":"idle_00"},{"time":0.0333,"name":"back_00"},{"time":0.4333,"name":"idle_02"},{"time":0.5,"name":"idle_01"},{"time":0.5666,"name":"idle_00"}]}},"bones":{"MAIN":{"translate":[{"time":0,"x":0,"y":0},{"time":0.2,"x":75,"y":9.62},{"time":0.3333,"x":125,"y":0,"curve":[0.081,0.62,0.517,1]},{"time":0.6,"x":140,"y":0}]}},"events":[{"time":0.0333,"name":"Sound1","string":"cri_se_battle_jump"},{"time":0.4333,"name":"Sound1","string":"cri_se_battle_landing"}]},"cast":{"slots":{"idle_a_00":{"attachment":[{"time":0.1666,"name":null},{"time":0.3,"name":"idle_a_00"}]},"idle_b_00":{"attachment":[{"time":0.1666,"name":null},{"time":0.3,"name":"idle_b_00"}]},"main":{"attachment":[{"time":0,"name":"idle_00"},{"time":0.1666,"name":"attack_02"},{"time":0.3,"name":"attack_07"},{"time":0.3666,"name":"attack_08"},{"time":0.4333,"name":"attack_07"},{"time":0.6666,"name":"idle_00"}]}},"events":[{"time":0.1666,"name":"Voice","string":"cri_155_voice_item"}]},"damage":{"slots":{"idle_a_00":{"attachment":[{"time":0,"name":null}]},"idle_b_00":{"attachment":[{"time":0,"name":null}]},"main":{"attachment":[{"time":0,"name":"damages_00"}]}}},"front":{"slots":{"idle_a_00":{"attachment":[{"time":0,"name":null}]},"idle_b_00":{"attachment":[{"time":0,"name":null}]},"main":{"attachment":[{"time":0,"name":"front_00"}]}}},"idle":{"slots":{"idle_a_00":{"attachment":[{"time":0,"name":"idle_a_00"},{"time":0.4,"name":"idle_a_01"},{"time":0.8,"name":"idle_a_02"},{"time":1.2,"name":"idle_a_03"},{"time":1.6,"name":"idle_a_00"}]},"idle_b_00":{"attachment":[{"time":0,"name":"idle_b_00"},{"time":0.4,"name":"idle_b_01"},{"time":0.8,"name":"idle_b_02"},{"time":1.2,"name":"idle_b_03"},{"time":1.6,"name":"idle_b_00"}]},"main":{"attachment":[{"time":0,"name":"idle_00"},{"time":0.2,"name":"idle_01"},{"time":0.4,"name":"idle_02"},{"time":0.6,"name":"idle_03"},{"time":0.8,"name":"idle_00"},{"time":1,"name":"idle_01"},{"time":1.2,"name":"idle_02"},{"time":1.4,"name":"idle_03"},{"time":1.6,"name":"idle_00"}]}}},"skill1":{"slots":{"DAMAGEAREA":{"attachment":[{"time":1.1333,"name":"DAMAGEAREA"},{"time":2.2333,"name":null},{"time":3.1333,"name":"DAMAGEAREA"},{"time":3.3333,"name":null}]},"EF/a/ef_card_aura_main/ef_card_aura_main_00001":{"attachment":[{"time":0.9666,"name":"EF/a/ef_card_aura_main/ef_card_aura_main_00001"}],"color":[{"time":1.0333,"color":"ffffffff"},{"time":1.2,"color":"ffffff00","curve":"stepped"},{"time":1.2333,"color":"ffffffff","curve":"stepped"},{"time":1.3,"color":"ffffffff"},{"time":1.4666,"color":"ffffff00","curve":"stepped"},{"time":1.6333,"color":"ffffffff","curve":"stepped"},{"time":1.7,"color":"ffffffff"},{"time":1.8666,"color":"ffffff00","curve":"stepped"},{"time":1.9,"color":"ffffffff","curve":"stepped"},{"time":1.9666,"color":"ffffffff"},{"time":2.1333,"color":"ffffff00","curve":"stepped"},{"time":2.8,"color":"ffffffff","curve":"stepped"},{"time":2.8666,"color":"ffffffff"},{"time":3,"color":"ffffff00"}]},"EF/a/ef_card_aura_main/ef_card_aura_main_1":{"attachment":[{"time":2.8,"name":"EF/a/ef_card_aura_main/ef_card_aura_main_00001"}],"color":[{"time":2.8,"color":"ffffffff","curve":"stepped"},{"time":2.8666,"color":"ffffffff"},{"time":3,"color":"ffffff00"}]},"EF/a/ef_card_line_main/ef_card_line_main_1":{"attachment":[{"time":1.2333,"name":"EF/a/ef_card_line_main/ef_card_line_main_00001"},{"time":1.2666,"name":"EF/a/ef_card_line_main/ef_card_line_main_00002"},{"time":1.3,"name":"EF/a/ef_card_line_main/ef_card_line_main_00003"},{"time":1.3333,"name":"EF/a/ef_card_line_main/ef_card_line_main_00004"},{"time":1.3666,"name":"EF/a/ef_card_line_main/ef_card_line_main_00005"},{"time":1.4,"name":"EF/a/ef_card_line_main/ef_card_line_main_00006"},{"time":1.4333,"name":"EF/a/ef_card_line_main/ef_card_line_main_00007"},{"time":1.4666,"name":"EF/a/ef_card_line_main/ef_card_line_main_00008"},{"time":1.5,"name":"EF/a/ef_card_line_main/ef_card_line_main_00009"},{"time":1.5333,"name":"EF/a/ef_card_line_main/ef_card_line_main_00010"},{"time":1.5666,"name":null},{"time":1.9,"name":"EF/a/ef_card_line_main/ef_card_line_main_00001"},{"time":1.9333,"name":"EF/a/ef_card_line_main/ef_card_line_main_00002"},{"time":1.9666,"name":"EF/a/ef_card_line_main/ef_card_line_main_00003"},{"time":2,"name":"EF/a/ef_card_line_main/ef_card_line_main_00004"},{"time":2.0333,"name":"EF/a/ef_card_line_main/ef_card_line_main_00005"},{"time":2.0666,"name":"EF/a/ef_card_line_main/ef_card_line_main_00006"},{"time":2.1,"name":"EF/a/ef_card_line_main/ef_card_line_main_00007"},{"time":2.1333,"name":"EF/a/ef_card_line_main/ef_card_line_main_00008"},{"time":2.1666,"name":"EF/a/ef_card_line_main/ef_card_line_main_00009"},{"time":2.2,"name":"EF/a/ef_card_line_main/ef_card_line_main_00010"},{"time":2.2333,"name":null},{"time":2.8,"name":"EF/a/ef_card_line_main/ef_card_line_main_00001"},{"time":2.8333,"name":"EF/a/ef_card_line_main/ef_card_line_main_00002"},{"time":2.8666,"name":"EF/a/ef_card_line_main/ef_card_line_main_00003"},{"time":2.9,"name":"EF/a/ef_card_line_main/ef_card_line_main_00004"},{"time":2.9333,"name":"EF/a/ef_card_line_main/ef_card_line_main_00005"},{"time":2.9666,"name":"EF/a/ef_card_line_main/ef_card_line_main_00006"},{"time":3,"name":"EF/a/ef_card_line_main/ef_card_line_main_00007"},{"time":3.0333,"name":"EF/a/ef_card_line_main/ef_card_line_main_00008"},{"time":3.0666,"name":"EF/a/ef_card_line_main/ef_card_line_main_00009"},{"time":3.1,"name":"EF/a/ef_card_line_main/ef_card_line_main_00010"},{"time":3.1333,"name":null}],"color":[{"time":3.0333,"color":"ffffffff"},{"time":3.1333,"color":"ffffff00"}]},"EF/a/ef_card_line_main/ef_card_line_main_00001":{"attachment":[{"time":0.9666,"name":"EF/a/ef_card_line_main/ef_card_line_main_00001"},{"time":1,"name":"EF/a/ef_card_line_main/ef_card_line_main_00002"},{"time":1.0333,"name":"EF/a/ef_card_line_main/ef_card_line_main_00003"},{"time":1.0666,"name":"EF/a/ef_card_line_main/ef_card_line_main_00004"},{"time":1.1,"name":"EF/a/ef_card_line_main/ef_card_line_main_00005"},{"time":1.1333,"name":"EF/a/ef_card_line_main/ef_card_line_main_00006"},{"time":1.1666,"name":"EF/a/ef_card_line_main/ef_card_line_main_00007"},{"time":1.2,"name":"EF/a/ef_card_line_main/ef_card_line_main_00008"},{"time":1.2333,"name":"EF/a/ef_card_line_main/ef_card_line_main_00009"},{"time":1.2666,"name":"EF/a/ef_card_line_main/ef_card_line_main_00010"},{"time":1.3,"name":null},{"time":1.6333,"name":"EF/a/ef_card_line_main/ef_card_line_main_00001"},{"time":1.6666,"name":"EF/a/ef_card_line_main/ef_card_line_main_00002"},{"time":1.7,"name":"EF/a/ef_card_line_main/ef_card_line_main_00003"},{"time":1.7333,"name":"EF/a/ef_card_line_main/ef_card_line_main_00004"},{"time":1.7666,"name":"EF/a/ef_card_line_main/ef_card_line_main_00005"},{"time":1.8,"name":"EF/a/ef_card_line_main/ef_card_line_main_00006"},{"time":1.8333,"name":"EF/a/ef_card_line_main/ef_card_line_main_00007"},{"time":1.8666,"name":"EF/a/ef_card_line_main/ef_card_line_main_00008"},{"time":1.9,"name":"EF/a/ef_card_line_main/ef_card_line_main_00009"},{"time":1.9333,"name":"EF/a/ef_card_line_main/ef_card_line_main_00010"},{"time":1.9666,"name":null},{"time":2.8,"name":"EF/a/ef_card_line_main/ef_card_line_main_00001"},{"time":2.8333,"name":"EF/a/ef_card_line_main/ef_card_line_main_00002"},{"time":2.8666,"name":"EF/a/ef_card_line_main/ef_card_line_main_00003"},{"time":2.9,"name":"EF/a/ef_card_line_main/ef_card_line_main_00004"},{"time":2.9333,"name":"EF/a/ef_card_line_main/ef_card_line_main_00005"},{"time":2.9666,"name":"EF/a/ef_card_line_main/ef_card_line_main_00006"},{"time":3,"name":"EF/a/ef_card_line_main/ef_card_line_main_00007"},{"time":3.0333,"name":"EF/a/ef_card_line_main/ef_card_line_main_00008"},{"time":3.0666,"name":"EF/a/ef_card_line_main/ef_card_line_main_00009"},{"time":3.1,"name":"EF/a/ef_card_line_main/ef_card_line_main_00010"},{"time":3.1333,"name":null}],"color":[{"time":3.0333,"color":"ffffffff"},{"time":3.1333,"color":"ffffff00"}]},"EF/a/ef_energy_sink_main/ef_energy_sink_main_00002":{"attachment":[{"time":0,"name":"EF/a/ef_energy_sink_main/ef_energy_sink_main_00002"},{"time":0.0333,"name":"EF/a/ef_energy_sink_main/ef_energy_sink_main_00003"},{"time":0.0666,"name":"EF/a/ef_energy_sink_main/ef_energy_sink_main_00004"},{"time":0.1,"name":"EF/a/ef_energy_sink_main/ef_energy_sink_main_00005"},{"time":0.1333,"name":"EF/a/ef_energy_sink_main/ef_energy_sink_main_00006"},{"time":0.1666,"name":"EF/a/ef_energy_sink_main/ef_energy_sink_main_00007"},{"time":0.2,"name":"EF/a/ef_energy_sink_main/ef_energy_sink_main_00008"},{"time":0.2333,"name":"EF/a/ef_energy_sink_main/ef_energy_sink_main_00009"},{"time":0.2666,"name":"EF/a/ef_energy_sink_main/ef_energy_sink_main_00010"},{"time":0.3,"name":"EF/a/ef_energy_sink_main/ef_energy_sink_main_00011"},{"time":0.3333,"name":"EF/a/ef_energy_sink_main/ef_energy_sink_main_00012"},{"time":0.3666,"name":"EF/a/ef_energy_sink_main/ef_energy_sink_main_00013"},{"time":0.4,"name":"EF/a/ef_energy_sink_main/ef_energy_sink_main_00014"},{"time":0.4333,"name":"EF/a/ef_energy_sink_main/ef_energy_sink_main_00015"},{"time":0.4666,"name":"EF/a/ef_energy_sink_main/ef_energy_sink_main_00002"},{"time":0.5,"name":"EF/a/ef_energy_sink_main/ef_energy_sink_main_00003"},{"time":0.5333,"name":"EF/a/ef_energy_sink_main/ef_energy_sink_main_00004"},{"time":0.5666,"name":"EF/a/ef_energy_sink_main/ef_energy_sink_main_00005"},{"time":0.6,"name":"EF/a/ef_energy_sink_main/ef_energy_sink_main_00006"},{"time":0.6333,"name":"EF/a/ef_energy_sink_main/ef_energy_sink_main_00007"},{"time":0.6666,"name":"EF/a/ef_energy_sink_main/ef_energy_sink_main_00008"},{"time":0.7,"name":"EF/a/ef_energy_sink_main/ef_energy_sink_main_00009"},{"time":0.7333,"name":"EF/a/ef_energy_sink_main/ef_energy_sink_main_00010"},{"time":0.7666,"name":"EF/a/ef_energy_sink_main/ef_energy_sink_main_00011"},{"time":0.8,"name":"EF/a/ef_energy_sink_main/ef_energy_sink_main_00012"},{"time":0.8333,"name":"EF/a/ef_energy_sink_main/ef_energy_sink_main_00013"},{"time":0.8666,"name":"EF/a/ef_energy_sink_main/ef_energy_sink_main_00014"},{"time":0.9,"name":"EF/a/ef_energy_sink_main/ef_energy_sink_main_00015"},{"time":0.9333,"name":"EF/a/ef_energy_sink_main/ef_energy_sink_main_00017"},{"time":0.9666,"name":null}],"color":[{"time":0,"color":"ffffff13"},{"time":0.1333,"color":"ffffffff","curve":"stepped"},{"time":0.8,"color":"ffffffff"},{"time":0.9333,"color":"ffffff00"}]},"EF/a/ef_graund_wave_main/ef_graund_wave_main_00001":{"attachment":[{"time":2.4666,"name":"EF/a/ef_graund_wave_main/ef_graund_wave_main_00001"},{"time":2.5,"name":"EF/a/ef_graund_wave_main/ef_graund_wave_main_00002"},{"time":2.5333,"name":"EF/a/ef_graund_wave_main/ef_graund_wave_main_00003"},{"time":2.5666,"name":"EF/a/ef_graund_wave_main/ef_graund_wave_main_00004"},{"time":2.6,"name":"EF/a/ef_graund_wave_main/ef_graund_wave_main_00005"},{"time":2.6333,"name":"EF/a/ef_graund_wave_main/ef_graund_wave_main_00006"},{"time":2.6666,"name":"EF/a/ef_graund_wave_main/ef_graund_wave_main_00007"},{"time":2.7,"name":"EF/a/ef_graund_wave_main/ef_graund_wave_main_00008"},{"time":2.7333,"name":"EF/a/ef_graund_wave_main/ef_graund_wave_main_00009"},{"time":2.7666,"name":"EF/a/ef_graund_wave_main/ef_graund_wave_main_00010"},{"time":2.8,"name":"EF/a/ef_graund_wave_main/ef_graund_wave_main_00011"},{"time":2.8333,"name":"EF/a/ef_graund_wave_main/ef_graund_wave_main_00012"},{"time":2.8666,"name":"EF/a/ef_graund_wave_main/ef_graund_wave_main_00013"},{"time":2.9,"name":"EF/a/ef_graund_wave_main/ef_graund_wave_main_00015"},{"time":2.9333,"name":null},{"time":2.9666,"name":"EF/a/ef_graund_wave_main/ef_graund_wave_main_00001"},{"time":3,"name":"EF/a/ef_graund_wave_main/ef_graund_wave_main_00002"},{"time":3.0333,"name":"EF/a/ef_graund_wave_main/ef_graund_wave_main_00003"},{"time":3.0666,"name":"EF/a/ef_graund_wave_main/ef_graund_wave_main_00004"},{"time":3.1,"name":"EF/a/ef_graund_wave_main/ef_graund_wave_main_00005"},{"time":3.1333,"name":"EF/a/ef_graund_wave_main/ef_graund_wave_main_00006"},{"time":3.1666,"name":"EF/a/ef_graund_wave_main/ef_graund_wave_main_00007"},{"time":3.2,"name":"EF/a/ef_graund_wave_main/ef_graund_wave_main_00008"},{"time":3.2333,"name":"EF/a/ef_graund_wave_main/ef_graund_wave_main_00009"},{"time":3.2666,"name":"EF/a/ef_graund_wave_main/ef_graund_wave_main_00010"},{"time":3.3,"name":"EF/a/ef_graund_wave_main/ef_graund_wave_main_00011"},{"time":3.3333,"name":"EF/a/ef_graund_wave_main/ef_graund_wave_main_00012"},{"time":3.3666,"name":"EF/a/ef_graund_wave_main/ef_graund_wave_main_00013"},{"time":3.4,"name":"EF/a/ef_graund_wave_main/ef_graund_wave_main_00015"},{"time":3.4333,"name":null}]},"idle_a_00":{"attachment":[{"time":0,"name":null},{"time":3.7,"name":"idle_a_02"},{"time":3.7666,"name":"idle_a_01"},{"time":3.8333,"name":"idle_a_00"}]},"idle_b_00":{"attachment":[{"time":0,"name":null},{"time":3.7,"name":"idle_b_02"},{"time":3.7666,"name":"idle_b_01"},{"time":3.8333,"name":"idle_b_00"}]},"main":{"attachment":[{"time":0,"name":"skill1_00"},{"time":0.8333,"name":"skill1_01"},{"time":0.9666,"name":"skill1_02"},{"time":1.1,"name":"skill1_03"},{"time":1.2333,"name":"skill1_04"},{"time":1.3666,"name":"skill1_05"},{"time":1.5,"name":"skill1_06"},{"time":1.6333,"name":"skill1_07"},{"time":1.7666,"name":"skill1_08"},{"time":1.9,"name":"skill1_09"},{"time":2.1,"name":"skill1_08b"},{"time":2.2333,"name":"skill2_00"},{"time":2.4666,"name":"skill2_01"},{"time":2.6,"name":"skill2_02"},{"time":2.7666,"name":"skill2_03"},{"time":3,"name":"skill2_04"},{"time":3.7,"name":"idle_02"},{"time":3.7666,"name":"idle_01"},{"time":3.8333,"name":"idle_00"}]},"skill1_a_00":{"attachment":[{"time":0.9666,"name":"skill1_a_00"},{"time":1.6333,"name":"skill1_a_00"},{"time":2.7666,"name":"skill2_a_00"}],"color":[{"time":0.9666,"color":"ffffffff"},{"time":1.1,"color":"ffffff00","curve":"stepped"},{"time":1.6333,"color":"ffffffff"},{"time":1.7666,"color":"ffffff00","curve":"stepped"},{"time":2.7666,"color":"ffffffff"},{"time":2.9666,"color":"ffffff00"}]},"skill1_a_0":{"attachment":[{"time":1.2333,"name":"skill1_a_00"},{"time":1.9,"name":"skill1_a_00"},{"time":2.7666,"name":"skill2_a_00"}],"color":[{"time":1.2333,"color":"ffffffff"},{"time":1.3666,"color":"ffffff00","curve":"stepped"},{"time":1.9,"color":"ffffffff"},{"time":2.0333,"color":"ffffff00","curve":"stepped"},{"time":2.7666,"color":"ffffffff"},{"time":2.9666,"color":"ffffff00"}]}},"bones":{"MAIN":{"translate":[{"time":2.2333,"x":0,"y":0},{"time":2.2666,"x":-0.5,"y":-1,"curve":"stepped"},{"time":2.4333,"x":0,"y":0,"curve":"stepped"},{"time":2.4666,"x":6.23,"y":11.06,"curve":[0.141,0.45,0.75,1]},{"time":2.6666,"x":63.3,"y":73.3},{"time":2.7666,"x":79.94,"y":84.88},{"time":2.8,"x":95.49,"y":95.27},{"time":2.8333,"x":107.44,"y":99.12,"curve":[0.25,0,0.75,1]},{"time":3,"x":155,"y":0.5,"curve":[0.183,0.36,0.75,1]},{"time":3.3,"x":160,"y":0}],"scale":[{"time":2.2333,"x":1,"y":1},{"time":2.2666,"x":1,"y":0.99,"curve":"stepped"},{"time":2.4666,"x":1,"y":1}]},"card":{"rotate":[{"time":2.7666,"angle":7.34}],"translate":[{"time":0.9666,"x":-44.73,"y":35.27},{"time":1.1333,"x":-378.92,"y":35.27,"curve":"stepped"},{"time":1.6333,"x":-44.73,"y":35.27},{"time":1.8,"x":-378.92,"y":35.27,"curve":"stepped"},{"time":2.7666,"x":36.15,"y":108.8},{"time":2.9333,"x":-350.15,"y":-18.26}]},"card2":{"rotate":[{"time":2.7666,"angle":-5.53}],"translate":[{"time":1.2333,"x":-44.73,"y":35.27},{"time":1.4,"x":-378.92,"y":35.27,"curve":"stepped"},{"time":1.9,"x":-44.73,"y":35.27},{"time":2.0666,"x":-378.92,"y":35.27,"curve":"stepped"},{"time":2.7666,"x":55.21,"y":94.71},{"time":2.9333,"x":-345.17,"y":-22.39}]},"ef_energy_sink_main":{"translate":[{"time":0,"x":8.26,"y":58.95}],"scale":[{"time":0,"x":3,"y":3}]},"ef_card_aura_main":{"rotate":[{"time":2.8,"angle":40.45}],"translate":[{"time":0.9666,"x":-67.64,"y":74.41},{"time":1.1666,"x":-424.45,"y":74.41,"curve":"stepped"},{"time":1.2333,"x":-67.64,"y":74.41},{"time":1.4333,"x":-424.45,"y":74.41,"curve":"stepped"},{"time":1.6333,"x":-67.64,"y":74.41},{"time":1.8333,"x":-424.45,"y":74.41,"curve":"stepped"},{"time":1.9,"x":-67.64,"y":74.41},{"time":2.1,"x":-424.45,"y":74.41,"curve":"stepped"},{"time":2.8,"x":-41.84,"y":121.71},{"time":2.9333,"x":-351.67,"y":21.55},{"time":3,"x":-384.75,"y":5.95}],"scale":[{"time":0.9666,"x":1.912,"y":1.629,"curve":"stepped"},{"time":2.8,"x":1.877,"y":1.404}]},"ef_card_line_main2":{"rotate":[{"time":2.8,"angle":17.4},{"time":2.9333,"angle":17.14}],"translate":[{"time":1.2333,"x":-147,"y":73.06},{"time":1.5666,"x":-236.13,"y":73.06,"curve":"stepped"},{"time":1.9,"x":-147,"y":73.06},{"time":2.2333,"x":-236.13,"y":73.06,"curve":"stepped"},{"time":2.8,"x":-125.73,"y":72.6},{"time":2.9333,"x":-192.83,"y":58.68},{"time":3.1,"x":-223.97,"y":55.95}],"scale":[{"time":1.2333,"x":3,"y":3},{"time":1.3333,"x":3,"y":3.99},{"time":1.5666,"x":3,"y":3,"curve":"stepped"},{"time":1.9,"x":3,"y":3},{"time":2,"x":3,"y":3.99},{"time":2.2333,"x":3,"y":3,"curve":"stepped"},{"time":2.8,"x":4,"y":4},{"time":2.9333,"x":4,"y":5.13},{"time":3.1,"x":4,"y":2.988}]},"ef_graund_wave_main":{"translate":[{"time":2.4666,"x":0,"y":23.63,"curve":"stepped"},{"time":2.9666,"x":-406.45,"y":56.36},{"time":3.1333,"x":-406.45,"y":29.32}],"scale":[{"time":2.4666,"x":3,"y":3,"curve":"stepped"},{"time":2.9666,"x":4,"y":6.447},{"time":3.1333,"x":4,"y":4}]},"ef_card_line_main":{"rotate":[{"time":2.8,"angle":21.17,"curve":"stepped"},{"time":2.9333,"angle":21.17}],"translate":[{"time":0.9666,"x":-147,"y":73.06},{"time":1.3,"x":-236.13,"y":73.06,"curve":"stepped"},{"time":1.6333,"x":-147,"y":73.06},{"time":1.9666,"x":-236.13,"y":73.06,"curve":"stepped"},{"time":2.8,"x":-147.35,"y":77.79},{"time":2.9333,"x":-192.83,"y":75.98},{"time":3.1,"x":-223.97,"y":73.25}],"scale":[{"time":0.9666,"x":3,"y":3},{"time":1.0666,"x":3,"y":3.923},{"time":1.3,"x":3,"y":3,"curve":"stepped"},{"time":1.6333,"x":3,"y":3},{"time":1.7333,"x":3,"y":3.591},{"time":1.9666,"x":3,"y":3,"curve":"stepped"},{"time":2.8,"x":4,"y":4},{"time":2.9333,"x":4,"y":5.455},{"time":3.1,"x":4,"y":2.988}]},"ef_card_aura_main2":{"rotate":[{"time":2.8,"angle":22.39}],"translate":[{"time":2.8,"x":-25.04,"y":110.71},{"time":2.9333,"x":-346.25,"y":16.06},{"time":3,"x":-379.95,"y":-1.14}],"scale":[{"time":2.8,"x":1.826,"y":1.316}]},"DAMAGEAREA":{"translate":[{"time":1.1333,"x":-200.87,"y":34.02,"curve":"stepped"},{"time":3.1333,"x":-407.26,"y":268.55}],"scale":[{"time":1.1333,"x":3.624,"y":0.631,"curve":"stepped"},{"time":3.1333,"x":3.624,"y":4.227}]}},"events":[{"time":0,"name":"Event","float":0.1,"string":"kHitStopType_enemyonly"},{"time":0,"name":"Sound1","string":"cri_se_battle_arrow_light_effect"},{"time":0,"name":"Sound2","string":"cri_se_battle_charge"},{"time":0.0333,"name":"Event","int":600,"string":"kImpactType_knock"},{"time":0.4666,"name":"Sound1","string":"cri_se_battle_arrow_light_effect"},{"time":0.9666,"name":"Sound1","string":"cri_se_battle_skill_ice"},{"time":0.9666,"name":"Voice","string":"cri_155_voice_attack_c"},{"time":1.1333,"name":"Sound2","string":"setHitSound(se_battle_007_attack_hit_01)"},{"time":1.2333,"name":"Sound1","string":"cri_se_battle_skill_ice_short"},{"time":1.3333,"name":"Hit","string":"resetHitList"},{"time":1.6333,"name":"Sound1","string":"cri_se_battle_skill_ice"},{"time":1.7,"name":"Hit","string":"resetHitList"},{"time":1.9,"name":"Sound1","string":"cri_se_battle_skill_ice_short"},{"time":2,"name":"Hit","string":"resetHitList"},{"time":2.4666,"name":"Sound1","string":"cri_se_battle_jump"},{"time":2.4666,"name":"Sound2","string":"cri_se_battle_arrow_light_effect"},{"time":2.4666,"name":"Voice","string":"cri_155_voice_skill_all"},{"time":2.8,"name":"Sound1","string":"cri_se_battle_skill_ice"},{"time":2.9666,"name":"Sound1","string":"cri_se_battle_explosion_water_01"},{"time":3.0666,"name":"Event","string":"shakeGround"},{"time":3.1,"name":"Event","float":0.2,"string":"kHitStopType_normal"},{"time":3.1,"name":"Sound2","string":"setHitSound(se_battle_explosion_water_02)"},{"time":3.1333,"name":"Hit","string":"resetHitList"}]},"skill2":{"slots":{"EF/a/ef_card_aura_main/ef_card_aura_main_1":{"attachment":[{"time":2.4666,"name":"EF/a/ef_card_aura_main/ef_card_aura_main_00001"}],"color":[{"time":2.5333,"color":"ffffffff"},{"time":2.6333,"color":"ffffff00"}]},"EF/a/ef_card_aura_main/ef_card_aura_main_00001":{"attachment":[{"time":2.4666,"name":"EF/a/ef_card_aura_main/ef_card_aura_main_00001"}],"color":[{"time":2.5333,"color":"ffffffff"},{"time":2.6333,"color":"ffffff00"}]},"EF/a/ef_card_line_main/ef_card_line_main_1":{"attachment":[{"time":2.4666,"name":"EF/a/ef_card_line_main/ef_card_line_main_00001"},{"time":2.5,"name":"EF/a/ef_card_line_main/ef_card_line_main_00002"},{"time":2.5333,"name":"EF/a/ef_card_line_main/ef_card_line_main_00003"},{"time":2.5666,"name":"EF/a/ef_card_line_main/ef_card_line_main_00004"},{"time":2.6,"name":"EF/a/ef_card_line_main/ef_card_line_main_00005"},{"time":2.6333,"name":"EF/a/ef_card_line_main/ef_card_line_main_00006"},{"time":2.6666,"name":"EF/a/ef_card_line_main/ef_card_line_main_00007"},{"time":2.7,"name":"EF/a/ef_card_line_main/ef_card_line_main_00008"},{"time":2.7333,"name":"EF/a/ef_card_line_main/ef_card_line_main_00009"},{"time":2.7666,"name":"EF/a/ef_card_line_main/ef_card_line_main_00010"},{"time":2.8333,"name":null},{"time":3.1666,"name":"EF/a/ef_card_line_main/ef_card_line_main_00001"},{"time":3.2,"name":"EF/a/ef_card_line_main/ef_card_line_main_00002"},{"time":3.2333,"name":"EF/a/ef_card_line_main/ef_card_line_main_00003"},{"time":3.2666,"name":"EF/a/ef_card_line_main/ef_card_line_main_00004"},{"time":3.3,"name":"EF/a/ef_card_line_main/ef_card_line_main_00005"},{"time":3.3333,"name":"EF/a/ef_card_line_main/ef_card_line_main_00006"},{"time":3.3666,"name":"EF/a/ef_card_line_main/ef_card_line_main_00007"},{"time":3.4,"name":"EF/a/ef_card_line_main/ef_card_line_main_00008"},{"time":3.4333,"name":"EF/a/ef_card_line_main/ef_card_line_main_00009"},{"time":3.4666,"name":"EF/a/ef_card_line_main/ef_card_line_main_00010"},{"time":3.5,"name":null},{"time":3.6333,"name":"EF/a/ef_card_line_main/ef_card_line_main_00001"},{"time":3.6666,"name":"EF/a/ef_card_line_main/ef_card_line_main_00002"},{"time":3.7,"name":"EF/a/ef_card_line_main/ef_card_line_main_00003"},{"time":3.7333,"name":"EF/a/ef_card_line_main/ef_card_line_main_00004"},{"time":3.7666,"name":"EF/a/ef_card_line_main/ef_card_line_main_00005"},{"time":3.8,"name":"EF/a/ef_card_line_main/ef_card_line_main_00006"},{"time":3.8333,"name":"EF/a/ef_card_line_main/ef_card_line_main_00007"},{"time":3.8666,"name":"EF/a/ef_card_line_main/ef_card_line_main_00008"},{"time":3.9,"name":"EF/a/ef_card_line_main/ef_card_line_main_00009"},{"time":3.9333,"name":"EF/a/ef_card_line_main/ef_card_line_main_00010"},{"time":3.9666,"name":null},{"time":4.1,"name":"EF/a/ef_card_line_main/ef_card_line_main_00001"},{"time":4.1333,"name":"EF/a/ef_card_line_main/ef_card_line_main_00002"},{"time":4.1666,"name":"EF/a/ef_card_line_main/ef_card_line_main_00003"},{"time":4.2,"name":"EF/a/ef_card_line_main/ef_card_line_main_00004"},{"time":4.2333,"name":"EF/a/ef_card_line_main/ef_card_line_main_00005"},{"time":4.2666,"name":"EF/a/ef_card_line_main/ef_card_line_main_00006"},{"time":4.3,"name":"EF/a/ef_card_line_main/ef_card_line_main_00007"},{"time":4.3333,"name":"EF/a/ef_card_line_main/ef_card_line_main_00008"},{"time":4.3666,"name":"EF/a/ef_card_line_main/ef_card_line_main_00009"},{"time":4.4,"name":"EF/a/ef_card_line_main/ef_card_line_main_00010"},{"time":4.4333,"name":null}]},"EF/a/ef_card_line_main/ef_card_line_main_00001":{"attachment":[{"time":2.4666,"name":"EF/a/ef_card_line_main/ef_card_line_main_00001"},{"time":2.5,"name":"EF/a/ef_card_line_main/ef_card_line_main_00002"},{"time":2.5333,"name":"EF/a/ef_card_line_main/ef_card_line_main_00003"},{"time":2.5666,"name":"EF/a/ef_card_line_main/ef_card_line_main_00004"},{"time":2.6,"name":"EF/a/ef_card_line_main/ef_card_line_main_00005"},{"time":2.6333,"name":"EF/a/ef_card_line_main/ef_card_line_main_00006"},{"time":2.6666,"name":"EF/a/ef_card_line_main/ef_card_line_main_00007"},{"time":2.7,"name":"EF/a/ef_card_line_main/ef_card_line_main_00008"},{"time":2.7333,"name":"EF/a/ef_card_line_main/ef_card_line_main_00009"},{"time":2.7666,"name":"EF/a/ef_card_line_main/ef_card_line_main_00010"},{"time":2.8333,"name":null}]},"EF/a/ef_card_line_main/ef_card_line_main_2":{"attachment":[{"time":3.2333,"name":"EF/a/ef_card_line_main/ef_card_line_main_00001"},{"time":3.2666,"name":"EF/a/ef_card_line_main/ef_card_line_main_00002"},{"time":3.3,"name":"EF/a/ef_card_line_main/ef_card_line_main_00003"},{"time":3.3333,"name":"EF/a/ef_card_line_main/ef_card_line_main_00004"},{"time":3.3666,"name":"EF/a/ef_card_line_main/ef_card_line_main_00005"},{"time":3.4,"name":"EF/a/ef_card_line_main/ef_card_line_main_00006"},{"time":3.4333,"name":"EF/a/ef_card_line_main/ef_card_line_main_00007"},{"time":3.4666,"name":"EF/a/ef_card_line_main/ef_card_line_main_00008"},{"time":3.5,"name":"EF/a/ef_card_line_main/ef_card_line_main_00009"},{"time":3.5333,"name":"EF/a/ef_card_line_main/ef_card_line_main_00010"},{"time":3.5666,"name":null},{"time":3.7,"name":"EF/a/ef_card_line_main/ef_card_line_main_00001"},{"time":3.7333,"name":"EF/a/ef_card_line_main/ef_card_line_main_00002"},{"time":3.7666,"name":"EF/a/ef_card_line_main/ef_card_line_main_00003"},{"time":3.8,"name":"EF/a/ef_card_line_main/ef_card_line_main_00004"},{"time":3.8333,"name":"EF/a/ef_card_line_main/ef_card_line_main_00005"},{"time":3.8666,"name":"EF/a/ef_card_line_main/ef_card_line_main_00006"},{"time":3.9,"name":"EF/a/ef_card_line_main/ef_card_line_main_00007"},{"time":3.9333,"name":"EF/a/ef_card_line_main/ef_card_line_main_00008"},{"time":3.9666,"name":"EF/a/ef_card_line_main/ef_card_line_main_00009"},{"time":4,"name":"EF/a/ef_card_line_main/ef_card_line_main_00010"},{"time":4.0333,"name":null},{"time":4.1666,"name":"EF/a/ef_card_line_main/ef_card_line_main_00001"},{"time":4.2,"name":"EF/a/ef_card_line_main/ef_card_line_main_00002"},{"time":4.2333,"name":"EF/a/ef_card_line_main/ef_card_line_main_00003"},{"time":4.2666,"name":"EF/a/ef_card_line_main/ef_card_line_main_00004"},{"time":4.3,"name":"EF/a/ef_card_line_main/ef_card_line_main_00005"},{"time":4.3333,"name":"EF/a/ef_card_line_main/ef_card_line_main_00006"},{"time":4.3666,"name":"EF/a/ef_card_line_main/ef_card_line_main_00007"},{"time":4.4,"name":"EF/a/ef_card_line_main/ef_card_line_main_00008"},{"time":4.4333,"name":"EF/a/ef_card_line_main/ef_card_line_main_00009"},{"time":4.4666,"name":"EF/a/ef_card_line_main/ef_card_line_main_00010"},{"time":4.5,"name":null}]},"EF/a/ef_card_line_main/ef_card_line_main_4":{"attachment":[{"time":3.2,"name":"EF/a/ef_card_line_main/ef_card_line_main_00001"},{"time":3.2333,"name":"EF/a/ef_card_line_main/ef_card_line_main_00002"},{"time":3.2666,"name":"EF/a/ef_card_line_main/ef_card_line_main_00003"},{"time":3.3,"name":"EF/a/ef_card_line_main/ef_card_line_main_00004"},{"time":3.3333,"name":"EF/a/ef_card_line_main/ef_card_line_main_00005"},{"time":3.3666,"name":"EF/a/ef_card_line_main/ef_card_line_main_00006"},{"time":3.4,"name":"EF/a/ef_card_line_main/ef_card_line_main_00007"},{"time":3.4333,"name":"EF/a/ef_card_line_main/ef_card_line_main_00008"},{"time":3.4666,"name":"EF/a/ef_card_line_main/ef_card_line_main_00009"},{"time":3.5,"name":"EF/a/ef_card_line_main/ef_card_line_main_00010"},{"time":3.5333,"name":null},{"time":3.6666,"name":"EF/a/ef_card_line_main/ef_card_line_main_00001"},{"time":3.7,"name":"EF/a/ef_card_line_main/ef_card_line_main_00002"},{"time":3.7333,"name":"EF/a/ef_card_line_main/ef_card_line_main_00003"},{"time":3.7666,"name":"EF/a/ef_card_line_main/ef_card_line_main_00004"},{"time":3.8,"name":"EF/a/ef_card_line_main/ef_card_line_main_00005"},{"time":3.8333,"name":"EF/a/ef_card_line_main/ef_card_line_main_00006"},{"time":3.8666,"name":"EF/a/ef_card_line_main/ef_card_line_main_00007"},{"time":3.9,"name":"EF/a/ef_card_line_main/ef_card_line_main_00008"},{"time":3.9333,"name":"EF/a/ef_card_line_main/ef_card_line_main_00009"},{"time":3.9666,"name":"EF/a/ef_card_line_main/ef_card_line_main_00010"},{"time":4,"name":null},{"time":4.1333,"name":"EF/a/ef_card_line_main/ef_card_line_main_00001"},{"time":4.1666,"name":"EF/a/ef_card_line_main/ef_card_line_main_00002"},{"time":4.2,"name":"EF/a/ef_card_line_main/ef_card_line_main_00003"},{"time":4.2333,"name":"EF/a/ef_card_line_main/ef_card_line_main_00004"},{"time":4.2666,"name":"EF/a/ef_card_line_main/ef_card_line_main_00005"},{"time":4.3,"name":"EF/a/ef_card_line_main/ef_card_line_main_00006"},{"time":4.3333,"name":"EF/a/ef_card_line_main/ef_card_line_main_00007"},{"time":4.3666,"name":"EF/a/ef_card_line_main/ef_card_line_main_00008"},{"time":4.4,"name":"EF/a/ef_card_line_main/ef_card_line_main_00009"},{"time":4.4333,"name":"EF/a/ef_card_line_main/ef_card_line_main_00010"},{"time":4.4666,"name":null}]},"EF/a/ef_card_line_main/ef_card_line_main_5":{"attachment":[{"time":2.6666,"name":"EF/a/ef_card_line_main/ef_card_line_main_00001"},{"time":2.7,"name":"EF/a/ef_card_line_main/ef_card_line_main_00002"},{"time":2.7333,"name":"EF/a/ef_card_line_main/ef_card_line_main_00003"},{"time":2.7666,"name":"EF/a/ef_card_line_main/ef_card_line_main_00004"},{"time":2.8,"name":"EF/a/ef_card_line_main/ef_card_line_main_00005"},{"time":2.8333,"name":"EF/a/ef_card_line_main/ef_card_line_main_00006"},{"time":2.8666,"name":"EF/a/ef_card_line_main/ef_card_line_main_00007"},{"time":2.9,"name":"EF/a/ef_card_line_main/ef_card_line_main_00008"},{"time":2.9333,"name":"EF/a/ef_card_line_main/ef_card_line_main_00009"},{"time":2.9666,"name":"EF/a/ef_card_line_main/ef_card_line_main_00010"},{"time":3,"name":null},{"time":3.2333,"name":"EF/a/ef_card_line_main/ef_card_line_main_00001"},{"time":3.2666,"name":"EF/a/ef_card_line_main/ef_card_line_main_00002"},{"time":3.3,"name":"EF/a/ef_card_line_main/ef_card_line_main_00003"},{"time":3.3333,"name":"EF/a/ef_card_line_main/ef_card_line_main_00004"},{"time":3.3666,"name":"EF/a/ef_card_line_main/ef_card_line_main_00005"},{"time":3.4,"name":"EF/a/ef_card_line_main/ef_card_line_main_00006"},{"time":3.4333,"name":"EF/a/ef_card_line_main/ef_card_line_main_00007"},{"time":3.4666,"name":"EF/a/ef_card_line_main/ef_card_line_main_00008"},{"time":3.5,"name":"EF/a/ef_card_line_main/ef_card_line_main_00009"},{"time":3.5333,"name":"EF/a/ef_card_line_main/ef_card_line_main_00010"},{"time":3.5666,"name":null},{"time":3.7,"name":"EF/a/ef_card_line_main/ef_card_line_main_00001"},{"time":3.7333,"name":"EF/a/ef_card_line_main/ef_card_line_main_00002"},{"time":3.7666,"name":"EF/a/ef_card_line_main/ef_card_line_main_00003"},{"time":3.8,"name":"EF/a/ef_card_line_main/ef_card_line_main_00004"},{"time":3.8333,"name":"EF/a/ef_card_line_main/ef_card_line_main_00005"},{"time":3.8666,"name":"EF/a/ef_card_line_main/ef_card_line_main_00006"},{"time":3.9,"name":"EF/a/ef_card_line_main/ef_card_line_main_00007"},{"time":3.9333,"name":"EF/a/ef_card_line_main/ef_card_line_main_00008"},{"time":3.9666,"name":"EF/a/ef_card_line_main/ef_card_line_main_00009"},{"time":4,"name":"EF/a/ef_card_line_main/ef_card_line_main_00010"},{"time":4.0333,"name":null},{"time":4.1666,"name":"EF/a/ef_card_line_main/ef_card_line_main_00001"},{"time":4.2,"name":"EF/a/ef_card_line_main/ef_card_line_main_00002"},{"time":4.2333,"name":"EF/a/ef_card_line_main/ef_card_line_main_00003"},{"time":4.2666,"name":"EF/a/ef_card_line_main/ef_card_line_main_00004"},{"time":4.3,"name":"EF/a/ef_card_line_main/ef_card_line_main_00005"},{"time":4.3333,"name":"EF/a/ef_card_line_main/ef_card_line_main_00006"},{"time":4.3666,"name":"EF/a/ef_card_line_main/ef_card_line_main_00007"},{"time":4.4,"name":"EF/a/ef_card_line_main/ef_card_line_main_00008"},{"time":4.4333,"name":"EF/a/ef_card_line_main/ef_card_line_main_00009"},{"time":4.4666,"name":"EF/a/ef_card_line_main/ef_card_line_main_00010"},{"time":4.5,"name":null}],"color":[{"time":2.6666,"color":"0022ffff","curve":"stepped"},{"time":3.2333,"color":"ffffffff"}]},"EF/a/ef_energy_sink_main 2/ef_energy_sink_main 2_2":{"attachment":[{"time":0.3,"name":"EF/a/ef_energy_sink_main 2/ef_energy_sink_main 2_00002"},{"time":0.3333,"name":"EF/a/ef_energy_sink_main 2/ef_energy_sink_main 2_00003"},{"time":0.3666,"name":"EF/a/ef_energy_sink_main 2/ef_energy_sink_main 2_00004"},{"time":0.4,"name":"EF/a/ef_energy_sink_main 2/ef_energy_sink_main 2_00005"},{"time":0.4333,"name":"EF/a/ef_energy_sink_main 2/ef_energy_sink_main 2_00006"},{"time":0.4666,"name":"EF/a/ef_energy_sink_main 2/ef_energy_sink_main 2_00007"},{"time":0.5,"name":"EF/a/ef_energy_sink_main 2/ef_energy_sink_main 2_00008"},{"time":0.5333,"name":"EF/a/ef_energy_sink_main 2/ef_energy_sink_main 2_00009"},{"time":0.5666,"name":"EF/a/ef_energy_sink_main 2/ef_energy_sink_main 2_00010"},{"time":0.6,"name":"EF/a/ef_energy_sink_main 2/ef_energy_sink_main 2_00011"},{"time":0.6333,"name":"EF/a/ef_energy_sink_main 2/ef_energy_sink_main 2_00012"},{"time":0.6666,"name":"EF/a/ef_energy_sink_main 2/ef_energy_sink_main 2_00013"},{"time":0.7,"name":"EF/a/ef_energy_sink_main 2/ef_energy_sink_main 2_00014"},{"time":0.7333,"name":"EF/a/ef_energy_sink_main 2/ef_energy_sink_main 2_00015"},{"time":0.7666,"name":"EF/a/ef_energy_sink_main 2/ef_energy_sink_main 2_00016"},{"time":0.8,"name":"EF/a/ef_energy_sink_main 2/ef_energy_sink_main 2_00017"},{"time":0.8333,"name":null},{"time":0.8666,"name":"EF/a/ef_energy_sink_main 2/ef_energy_sink_main 2_00002"},{"time":0.9,"name":"EF/a/ef_energy_sink_main 2/ef_energy_sink_main 2_00003"},{"time":0.9333,"name":"EF/a/ef_energy_sink_main 2/ef_energy_sink_main 2_00004"},{"time":0.9666,"name":"EF/a/ef_energy_sink_main 2/ef_energy_sink_main 2_00005"},{"time":1,"name":"EF/a/ef_energy_sink_main 2/ef_energy_sink_main 2_00006"},{"time":1.0333,"name":"EF/a/ef_energy_sink_main 2/ef_energy_sink_main 2_00007"},{"time":1.0666,"name":"EF/a/ef_energy_sink_main 2/ef_energy_sink_main 2_00008"},{"time":1.1,"name":"EF/a/ef_energy_sink_main 2/ef_energy_sink_main 2_00009"},{"time":1.1333,"name":"EF/a/ef_energy_sink_main 2/ef_energy_sink_main 2_00010"},{"time":1.1666,"name":"EF/a/ef_energy_sink_main 2/ef_energy_sink_main 2_00011"},{"time":1.2,"name":"EF/a/ef_energy_sink_main 2/ef_energy_sink_main 2_00012"},{"time":1.2333,"name":"EF/a/ef_energy_sink_main 2/ef_energy_sink_main 2_00013"},{"time":1.2666,"name":"EF/a/ef_energy_sink_main 2/ef_energy_sink_main 2_00014"},{"time":1.3,"name":"EF/a/ef_energy_sink_main 2/ef_energy_sink_main 2_00015"},{"time":1.3333,"name":"EF/a/ef_energy_sink_main 2/ef_energy_sink_main 2_00016"},{"time":1.3666,"name":"EF/a/ef_energy_sink_main 2/ef_energy_sink_main 2_00017"},{"time":1.4,"name":null}]},"EF/a/ef_energy_sink_main 2/ef_energy_sink_main 2_00002":{"attachment":[{"time":0.0666,"name":"EF/a/ef_energy_sink_main 2/ef_energy_sink_main 2_00002"},{"time":0.1,"name":"EF/a/ef_energy_sink_main 2/ef_energy_sink_main 2_00003"},{"time":0.1333,"name":"EF/a/ef_energy_sink_main 2/ef_energy_sink_main 2_00004"},{"time":0.1666,"name":"EF/a/ef_energy_sink_main 2/ef_energy_sink_main 2_00005"},{"time":0.2,"name":"EF/a/ef_energy_sink_main 2/ef_energy_sink_main 2_00006"},{"time":0.2333,"name":"EF/a/ef_energy_sink_main 2/ef_energy_sink_main 2_00007"},{"time":0.2666,"name":"EF/a/ef_energy_sink_main 2/ef_energy_sink_main 2_00008"},{"time":0.3,"name":"EF/a/ef_energy_sink_main 2/ef_energy_sink_main 2_00009"},{"time":0.3333,"name":"EF/a/ef_energy_sink_main 2/ef_energy_sink_main 2_00010"},{"time":0.3666,"name":"EF/a/ef_energy_sink_main 2/ef_energy_sink_main 2_00011"},{"time":0.4,"name":"EF/a/ef_energy_sink_main 2/ef_energy_sink_main 2_00012"},{"time":0.4333,"name":"EF/a/ef_energy_sink_main 2/ef_energy_sink_main 2_00013"},{"time":0.4666,"name":"EF/a/ef_energy_sink_main 2/ef_energy_sink_main 2_00014"},{"time":0.5,"name":"EF/a/ef_energy_sink_main 2/ef_energy_sink_main 2_00015"},{"time":0.5333,"name":"EF/a/ef_energy_sink_main 2/ef_energy_sink_main 2_00016"},{"time":0.5666,"name":"EF/a/ef_energy_sink_main 2/ef_energy_sink_main 2_00017"},{"time":0.6,"name":"EF/a/ef_energy_sink_main 2/ef_energy_sink_main 2_00002"},{"time":0.6333,"name":"EF/a/ef_energy_sink_main 2/ef_energy_sink_main 2_00003"},{"time":0.6666,"name":"EF/a/ef_energy_sink_main 2/ef_energy_sink_main 2_00004"},{"time":0.7,"name":"EF/a/ef_energy_sink_main 2/ef_energy_sink_main 2_00005"},{"time":0.7333,"name":"EF/a/ef_energy_sink_main 2/ef_energy_sink_main 2_00006"},{"time":0.7666,"name":"EF/a/ef_energy_sink_main 2/ef_energy_sink_main 2_00007"},{"time":0.8,"name":"EF/a/ef_energy_sink_main 2/ef_energy_sink_main 2_00008"},{"time":0.8333,"name":"EF/a/ef_energy_sink_main 2/ef_energy_sink_main 2_00009"},{"time":0.8666,"name":"EF/a/ef_energy_sink_main 2/ef_energy_sink_main 2_00010"},{"time":0.9,"name":"EF/a/ef_energy_sink_main 2/ef_energy_sink_main 2_00011"},{"time":0.9333,"name":"EF/a/ef_energy_sink_main 2/ef_energy_sink_main 2_00012"},{"time":0.9666,"name":"EF/a/ef_energy_sink_main 2/ef_energy_sink_main 2_00013"},{"time":1,"name":"EF/a/ef_energy_sink_main 2/ef_energy_sink_main 2_00014"},{"time":1.0333,"name":"EF/a/ef_energy_sink_main 2/ef_energy_sink_main 2_00015"},{"time":1.0666,"name":"EF/a/ef_energy_sink_main 2/ef_energy_sink_main 2_00016"},{"time":1.1,"name":"EF/a/ef_energy_sink_main 2/ef_energy_sink_main 2_00017"},{"time":1.1333,"name":"EF/a/ef_energy_sink_main 2/ef_energy_sink_main 2_00002"},{"time":1.1666,"name":"EF/a/ef_energy_sink_main 2/ef_energy_sink_main 2_00003"},{"time":1.2,"name":"EF/a/ef_energy_sink_main 2/ef_energy_sink_main 2_00004"},{"time":1.2333,"name":"EF/a/ef_energy_sink_main 2/ef_energy_sink_main 2_00005"},{"time":1.2666,"name":"EF/a/ef_energy_sink_main 2/ef_energy_sink_main 2_00006"},{"time":1.3,"name":"EF/a/ef_energy_sink_main 2/ef_energy_sink_main 2_00007"},{"time":1.3333,"name":"EF/a/ef_energy_sink_main 2/ef_energy_sink_main 2_00008"},{"time":1.3666,"name":"EF/a/ef_energy_sink_main 2/ef_energy_sink_main 2_00009"},{"time":1.4,"name":"EF/a/ef_energy_sink_main 2/ef_energy_sink_main 2_00010"},{"time":1.4333,"name":"EF/a/ef_energy_sink_main 2/ef_energy_sink_main 2_00011"},{"time":1.4666,"name":"EF/a/ef_energy_sink_main 2/ef_energy_sink_main 2_00012"},{"time":1.5,"name":"EF/a/ef_energy_sink_main 2/ef_energy_sink_main 2_00013"},{"time":1.5333,"name":"EF/a/ef_energy_sink_main 2/ef_energy_sink_main 2_00014"},{"time":1.5666,"name":"EF/a/ef_energy_sink_main 2/ef_energy_sink_main 2_00015"},{"time":1.6,"name":"EF/a/ef_energy_sink_main 2/ef_energy_sink_main 2_00016"},{"time":1.6333,"name":"EF/a/ef_energy_sink_main 2/ef_energy_sink_main 2_00017"},{"time":1.6666,"name":null},{"time":2.6333,"name":"EF/a/ef_energy_sink_main 2/ef_energy_sink_main 2_00017"},{"time":2.6666,"name":"EF/a/ef_energy_sink_main 2/ef_energy_sink_main 2_00015"},{"time":2.7,"name":"EF/a/ef_energy_sink_main 2/ef_energy_sink_main 2_00013"},{"time":2.7333,"name":"EF/a/ef_energy_sink_main 2/ef_energy_sink_main 2_00011"},{"time":2.7666,"name":"EF/a/ef_energy_sink_main 2/ef_energy_sink_main 2_00010"},{"time":2.8,"name":"EF/a/ef_energy_sink_main 2/ef_energy_sink_main 2_00009"},{"time":2.8333,"name":"EF/a/ef_energy_sink_main 2/ef_energy_sink_main 2_00008"},{"time":2.8666,"name":"EF/a/ef_energy_sink_main 2/ef_energy_sink_main 2_00007"},{"time":2.9,"name":"EF/a/ef_energy_sink_main 2/ef_energy_sink_main 2_00006"},{"time":2.9333,"name":"EF/a/ef_energy_sink_main 2/ef_energy_sink_main 2_00005"},{"time":2.9666,"name":"EF/a/ef_energy_sink_main 2/ef_energy_sink_main 2_00004"},{"time":3,"name":"EF/a/ef_energy_sink_main 2/ef_energy_sink_main 2_00003"},{"time":3.0333,"name":"EF/a/ef_energy_sink_main 2/ef_energy_sink_main 2_00002"},{"time":3.0666,"name":null}],"color":[{"time":0.0666,"color":"ffffff56"},{"time":0.2,"color":"ffffffff","curve":"stepped"},{"time":0.4333,"color":"ffffffff"},{"time":0.5666,"color":"ffffff20","curve":"stepped"},{"time":0.6,"color":"ffffff56"},{"time":0.7333,"color":"ffffffff","curve":"stepped"},{"time":0.9666,"color":"ffffffff"},{"time":1.1,"color":"ffffff20","curve":"stepped"},{"time":1.1333,"color":"ffffff56"},{"time":1.2666,"color":"ffffffff","curve":"stepped"},{"time":1.5333,"color":"ffffffff"},{"time":1.6666,"color":"ffffff20","curve":"stepped"},{"time":2.6333,"color":"ffffffff","curve":"stepped"},{"time":2.8333,"color":"ffffffff"},{"time":3.0666,"color":"ffffff00"}]},"EF/a/ef_graund_wave_main/ef_graund_wave_main_00001":{"attachment":[{"time":0,"name":"EF/a/ef_graund_wave_main/ef_graund_wave_main_00015"},{"time":0.0333,"name":"EF/a/ef_graund_wave_main/ef_graund_wave_main_00013"},{"time":0.0666,"name":"EF/a/ef_graund_wave_main/ef_graund_wave_main_00012"},{"time":0.1,"name":"EF/a/ef_graund_wave_main/ef_graund_wave_main_00011"},{"time":0.1333,"name":"EF/a/ef_graund_wave_main/ef_graund_wave_main_00010"},{"time":0.1666,"name":"EF/a/ef_graund_wave_main/ef_graund_wave_main_00009"},{"time":0.2,"name":"EF/a/ef_graund_wave_main/ef_graund_wave_main_00008"},{"time":0.2333,"name":"EF/a/ef_graund_wave_main/ef_graund_wave_main_00007"},{"time":0.2666,"name":"EF/a/ef_graund_wave_main/ef_graund_wave_main_00006"},{"time":0.3,"name":"EF/a/ef_graund_wave_main/ef_graund_wave_main_00005"},{"time":0.3333,"name":"EF/a/ef_graund_wave_main/ef_graund_wave_main_00004"},{"time":0.3666,"name":"EF/a/ef_graund_wave_main/ef_graund_wave_main_00003"},{"time":0.4,"name":"EF/a/ef_graund_wave_main/ef_graund_wave_main_00002"},{"time":0.4333,"name":"EF/a/ef_graund_wave_main/ef_graund_wave_main_00001"},{"time":0.5,"name":null},{"time":0.5666,"name":"EF/a/ef_graund_wave_main/ef_graund_wave_main_00015"},{"time":0.6,"name":"EF/a/ef_graund_wave_main/ef_graund_wave_main_00013"},{"time":0.6333,"name":"EF/a/ef_graund_wave_main/ef_graund_wave_main_00012"},{"time":0.6666,"name":"EF/a/ef_graund_wave_main/ef_graund_wave_main_00011"},{"time":0.7,"name":"EF/a/ef_graund_wave_main/ef_graund_wave_main_00010"},{"time":0.7333,"name":"EF/a/ef_graund_wave_main/ef_graund_wave_main_00009"},{"time":0.7666,"name":"EF/a/ef_graund_wave_main/ef_graund_wave_main_00008"},{"time":0.8,"name":"EF/a/ef_graund_wave_main/ef_graund_wave_main_00007"},{"time":0.8333,"name":"EF/a/ef_graund_wave_main/ef_graund_wave_main_00006"},{"time":0.8666,"name":"EF/a/ef_graund_wave_main/ef_graund_wave_main_00005"},{"time":0.9,"name":"EF/a/ef_graund_wave_main/ef_graund_wave_main_00004"},{"time":0.9333,"name":"EF/a/ef_graund_wave_main/ef_graund_wave_main_00003"},{"time":0.9666,"name":"EF/a/ef_graund_wave_main/ef_graund_wave_main_00002"},{"time":1,"name":"EF/a/ef_graund_wave_main/ef_graund_wave_main_00001"},{"time":1.0666,"name":null},{"time":1.1333,"name":"EF/a/ef_graund_wave_main/ef_graund_wave_main_00015"},{"time":1.1666,"name":"EF/a/ef_graund_wave_main/ef_graund_wave_main_00013"},{"time":1.2,"name":"EF/a/ef_graund_wave_main/ef_graund_wave_main_00012"},{"time":1.2333,"name":"EF/a/ef_graund_wave_main/ef_graund_wave_main_00011"},{"time":1.2666,"name":"EF/a/ef_graund_wave_main/ef_graund_wave_main_00010"},{"time":1.3,"name":"EF/a/ef_graund_wave_main/ef_graund_wave_main_00009"},{"time":1.3333,"name":"EF/a/ef_graund_wave_main/ef_graund_wave_main_00008"},{"time":1.3666,"name":"EF/a/ef_graund_wave_main/ef_graund_wave_main_00007"},{"time":1.4,"name":"EF/a/ef_graund_wave_main/ef_graund_wave_main_00006"},{"time":1.4333,"name":"EF/a/ef_graund_wave_main/ef_graund_wave_main_00005"},{"time":1.4666,"name":"EF/a/ef_graund_wave_main/ef_graund_wave_main_00004"},{"time":1.5,"name":"EF/a/ef_graund_wave_main/ef_graund_wave_main_00003"},{"time":1.5333,"name":"EF/a/ef_graund_wave_main/ef_graund_wave_main_00002"},{"time":1.5666,"name":"EF/a/ef_graund_wave_main/ef_graund_wave_main_00001"},{"time":1.6,"name":null},{"time":2.0333,"name":"EF/a/ef_graund_wave_main/ef_graund_wave_main_00001"},{"time":2.0666,"name":"EF/a/ef_graund_wave_main/ef_graund_wave_main_00002"},{"time":2.1,"name":"EF/a/ef_graund_wave_main/ef_graund_wave_main_00003"},{"time":2.1333,"name":"EF/a/ef_graund_wave_main/ef_graund_wave_main_00004"},{"time":2.1666,"name":"EF/a/ef_graund_wave_main/ef_graund_wave_main_00005"},{"time":2.2,"name":"EF/a/ef_graund_wave_main/ef_graund_wave_main_00006"},{"time":2.2333,"name":"EF/a/ef_graund_wave_main/ef_graund_wave_main_00007"},{"time":2.2666,"name":"EF/a/ef_graund_wave_main/ef_graund_wave_main_00008"},{"time":2.3,"name":"EF/a/ef_graund_wave_main/ef_graund_wave_main_00009"},{"time":2.3333,"name":"EF/a/ef_graund_wave_main/ef_graund_wave_main_00010"},{"time":2.3666,"name":"EF/a/ef_graund_wave_main/ef_graund_wave_main_00011"},{"time":2.4,"name":"EF/a/ef_graund_wave_main/ef_graund_wave_main_00012"},{"time":2.4333,"name":"EF/a/ef_graund_wave_main/ef_graund_wave_main_00013"},{"time":2.4666,"name":"EF/a/ef_graund_wave_main/ef_graund_wave_main_00015"},{"time":2.5,"name":null},{"time":2.6,"name":"EF/a/ef_graund_wave_main/ef_graund_wave_main_00001"},{"time":2.6333,"name":"EF/a/ef_graund_wave_main/ef_graund_wave_main_00002"},{"time":2.6666,"name":"EF/a/ef_graund_wave_main/ef_graund_wave_main_00003"},{"time":2.7,"name":"EF/a/ef_graund_wave_main/ef_graund_wave_main_00004"},{"time":2.7333,"name":"EF/a/ef_graund_wave_main/ef_graund_wave_main_00005"},{"time":2.7666,"name":"EF/a/ef_graund_wave_main/ef_graund_wave_main_00006"},{"time":2.8,"name":"EF/a/ef_graund_wave_main/ef_graund_wave_main_00007"},{"time":2.8333,"name":"EF/a/ef_graund_wave_main/ef_graund_wave_main_00008"},{"time":2.8666,"name":"EF/a/ef_graund_wave_main/ef_graund_wave_main_00009"},{"time":2.9,"name":"EF/a/ef_graund_wave_main/ef_graund_wave_main_00010"},{"time":2.9333,"name":"EF/a/ef_graund_wave_main/ef_graund_wave_main_00011"},{"time":2.9666,"name":"EF/a/ef_graund_wave_main/ef_graund_wave_main_00012"},{"time":3,"name":"EF/a/ef_graund_wave_main/ef_graund_wave_main_00013"},{"time":3.0333,"name":"EF/a/ef_graund_wave_main/ef_graund_wave_main_00015"},{"time":3.0666,"name":null}],"color":[{"time":0,"color":"ffffff00"},{"time":0.1666,"color":"ffffffff","curve":"stepped"},{"time":0.4,"color":"ffffffff"},{"time":0.5,"color":"ffffff00","curve":"stepped"},{"time":0.5666,"color":"ffffffff","curve":"stepped"},{"time":0.9666,"color":"ffffffff"},{"time":1.0666,"color":"ffffff00","curve":"stepped"},{"time":1.1333,"color":"ffffffff","curve":"stepped"},{"time":1.5,"color":"ffffffff"},{"time":1.6,"color":"ffffff00","curve":"stepped"},{"time":2.0333,"color":"ffffffff"}]},"EF/a/ef_graund_wave_rev_main/ef_graund_wave_rev_main_00001":{"attachment":[{"time":3.3333,"name":"EF/a/ef_graund_wave_rev_main/ef_graund_wave_rev_main_00001"},{"time":3.3666,"name":"EF/a/ef_graund_wave_rev_main/ef_graund_wave_rev_main_00002"},{"time":3.4,"name":"EF/a/ef_graund_wave_rev_main/ef_graund_wave_rev_main_00003"},{"time":3.4333,"name":"EF/a/ef_graund_wave_rev_main/ef_graund_wave_rev_main_00004"},{"time":3.4666,"name":"EF/a/ef_graund_wave_rev_main/ef_graund_wave_rev_main_00005"},{"time":3.5,"name":"EF/a/ef_graund_wave_rev_main/ef_graund_wave_rev_main_00006"},{"time":3.5666,"name":null},{"time":3.6,"name":"EF/a/ef_graund_wave_rev_main/ef_graund_wave_rev_main_00001"},{"time":3.6333,"name":"EF/a/ef_graund_wave_rev_main/ef_graund_wave_rev_main_00002"},{"time":3.6666,"name":"EF/a/ef_graund_wave_rev_main/ef_graund_wave_rev_main_00003"},{"time":3.7,"name":"EF/a/ef_graund_wave_rev_main/ef_graund_wave_rev_main_00004"},{"time":3.7333,"name":"EF/a/ef_graund_wave_rev_main/ef_graund_wave_rev_main_00005"},{"time":3.7666,"name":"EF/a/ef_graund_wave_rev_main/ef_graund_wave_rev_main_00006"},{"time":3.8333,"name":null},{"time":3.8666,"name":"EF/a/ef_graund_wave_rev_main/ef_graund_wave_rev_main_00001"},{"time":3.9,"name":"EF/a/ef_graund_wave_rev_main/ef_graund_wave_rev_main_00002"},{"time":3.9333,"name":"EF/a/ef_graund_wave_rev_main/ef_graund_wave_rev_main_00003"},{"time":3.9666,"name":"EF/a/ef_graund_wave_rev_main/ef_graund_wave_rev_main_00004"},{"time":4,"name":"EF/a/ef_graund_wave_rev_main/ef_graund_wave_rev_main_00005"},{"time":4.0333,"name":"EF/a/ef_graund_wave_rev_main/ef_graund_wave_rev_main_00006"},{"time":4.1,"name":null},{"time":4.1333,"name":"EF/a/ef_graund_wave_rev_main/ef_graund_wave_rev_main_00001"},{"time":4.1666,"name":"EF/a/ef_graund_wave_rev_main/ef_graund_wave_rev_main_00002"},{"time":4.2,"name":"EF/a/ef_graund_wave_rev_main/ef_graund_wave_rev_main_00003"},{"time":4.2333,"name":"EF/a/ef_graund_wave_rev_main/ef_graund_wave_rev_main_00004"},{"time":4.2666,"name":"EF/a/ef_graund_wave_rev_main/ef_graund_wave_rev_main_00005"},{"time":4.3,"name":"EF/a/ef_graund_wave_rev_main/ef_graund_wave_rev_main_00006"},{"time":4.3666,"name":null},{"time":4.4,"name":"EF/a/ef_graund_wave_rev_main/ef_graund_wave_rev_main_00001"},{"time":4.4333,"name":"EF/a/ef_graund_wave_rev_main/ef_graund_wave_rev_main_00002"},{"time":4.4666,"name":"EF/a/ef_graund_wave_rev_main/ef_graund_wave_rev_main_00003"},{"time":4.5,"name":"EF/a/ef_graund_wave_rev_main/ef_graund_wave_rev_main_00004"},{"time":4.5333,"name":"EF/a/ef_graund_wave_rev_main/ef_graund_wave_rev_main_00005"},{"time":4.5666,"name":"EF/a/ef_graund_wave_rev_main/ef_graund_wave_rev_main_00006"},{"time":4.6333,"name":null}],"color":[{"time":3.4666,"color":"ffffffff"},{"time":3.5666,"color":"ffffff00","curve":"stepped"},{"time":3.6,"color":"ffffffff","curve":"stepped"},{"time":3.7333,"color":"ffffffff"},{"time":3.8333,"color":"ffffff00","curve":"stepped"},{"time":3.8666,"color":"ffffffff","curve":"stepped"},{"time":4,"color":"ffffffff"},{"time":4.1,"color":"ffffff00","curve":"stepped"},{"time":4.1333,"color":"ffffffff","curve":"stepped"},{"time":4.2666,"color":"ffffffff"},{"time":4.3666,"color":"ffffff00","curve":"stepped"},{"time":4.4,"color":"ffffffff","curve":"stepped"},{"time":4.5333,"color":"ffffffff"},{"time":4.6333,"color":"ffffff00"}]},"idle_a_00":{"attachment":[{"time":0,"name":null},{"time":4.8666,"name":"idle_a_02"},{"time":4.9333,"name":"idle_a_01"},{"time":5,"name":"idle_a_00"}]},"idle_b_00":{"attachment":[{"time":0,"name":null},{"time":4.8666,"name":"idle_b_02"},{"time":4.9333,"name":"idle_b_01"},{"time":5,"name":"idle_b_00"}]},"main":{"attachment":[{"time":0,"name":"skill1_00"},{"time":1.6666,"name":"skill2_00"},{"time":2.0333,"name":"skill2_01"},{"time":2.2666,"name":"skill2_02"},{"time":2.4333,"name":"skill2_03"},{"time":2.7,"name":"skill2_04"},{"time":2.7666,"name":"skill2_00"},{"time":2.8333,"name":"skill2_04"},{"time":2.9,"name":"skill2_00"},{"time":2.9666,"name":"skill2_04"},{"time":3.0333,"name":"skill2_00"},{"time":3.1,"name":"skill2_04"},{"time":3.1666,"name":"skill2_00"},{"time":3.2333,"name":"skill2_04"},{"time":3.3,"name":"skill2_00"},{"time":3.3666,"name":"skill2_04"},{"time":3.4333,"name":"skill2_00"},{"time":3.5,"name":"skill2_04"},{"time":3.5666,"name":"skill2_00"},{"time":3.6666,"name":"skill2_04"},{"time":3.7666,"name":"skill2_00"},{"time":3.8666,"name":"skill2_04"},{"time":3.9666,"name":"skill2_00"},{"time":4.0666,"name":"skill2_04"},{"time":4.1666,"name":"skill2_00"},{"time":4.3,"name":"skill2_04"},{"time":4.8666,"name":"idle_02"},{"time":4.9333,"name":"idle_01"},{"time":5,"name":"idle_00"}]},"skill1_a_00":{"attachment":[{"time":2.4333,"name":"skill2_a_01"}],"color":[{"time":2.4666,"color":"ffffffff"},{"time":2.6333,"color":"ffffff00"}]},"skill1_a_0":{"attachment":[{"time":2.4333,"name":"skill2_a_01"}],"color":[{"time":2.4666,"color":"ffffffff"},{"time":2.6333,"color":"ffffff00"}]}},"bones":{"MAIN":{"translate":[{"time":1.6666,"x":0,"y":0},{"time":1.7333,"x":-0.5,"y":-1,"curve":"stepped"},{"time":2,"x":0,"y":0,"curve":"stepped"},{"time":2.0333,"x":6.23,"y":11.06,"curve":[0.141,0.45,0.75,1]},{"time":2.2666,"x":71.87,"y":93.2},{"time":2.4333,"x":93,"y":110.1},{"time":2.4666,"x":105.69,"y":117},{"time":2.5,"x":114.84,"y":119.3,"curve":[0.25,0,0.75,1]},{"time":2.7,"x":165,"y":0.5,"curve":[0.099,0.56,0.7,1]},{"time":3.0666,"x":170,"y":0,"curve":[0.101,0.5,0.75,1]},{"time":4.3,"x":171,"y":0}],"scale":[{"time":1.6666,"x":1,"y":1},{"time":1.7333,"x":1,"y":0.99,"curve":"stepped"},{"time":2.0333,"x":1,"y":1}]},"card":{"rotate":[{"time":2.4333,"angle":-5.07}],"translate":[{"time":2.4333,"x":41.94,"y":134.5},{"time":2.6,"x":-376.39,"y":-30.22}]},"card2":{"rotate":[{"time":2.4333,"angle":-22.07}],"translate":[{"time":2.4333,"x":62.29,"y":118.1},{"time":2.6,"x":-371.41,"y":-34.34}]},"ef_card_line_main6":{"rotate":[{"time":2.6666,"angle":90,"curve":"stepped"},{"time":3.2333,"angle":90,"curve":"stepped"},{"time":3.7,"angle":90,"curve":"stepped"},{"time":4.1666,"angle":90}],"translate":[{"time":2.6666,"x":-392.95,"y":113.14},{"time":2.8,"x":-345.52,"y":331.66},{"time":2.9333,"x":-321.8,"y":331.66,"curve":"stepped"},{"time":3.2333,"x":-660.71,"y":545.11},{"time":3.5666,"x":-660.7,"y":210.07,"curve":"stepped"},{"time":3.7,"x":-660.71,"y":545.11},{"time":4.0333,"x":-660.7,"y":210.07,"curve":"stepped"},{"time":4.1666,"x":-660.71,"y":545.11},{"time":4.5,"x":-660.7,"y":210.07}],"scale":[{"time":2.6666,"x":3,"y":6.527},{"time":2.8,"x":7.133,"y":52.677},{"time":2.9333,"x":7.133,"y":124.067,"curve":"stepped"},{"time":3.2333,"x":3,"y":3.203,"curve":"stepped"},{"time":3.7,"x":3,"y":3.203,"curve":"stepped"},{"time":4.1666,"x":3,"y":3.203}]},"ef_energy_sink_main3":{"rotate":[{"time":0.3,"angle":-25.48}],"translate":[{"time":0.3,"x":6.58,"y":59.99}],"scale":[{"time":0.3,"x":1.969,"y":1.969}]},"ef_card_line_main2":{"rotate":[{"time":2.4666,"angle":23.96},{"time":2.6,"angle":19.44,"curve":"stepped"},{"time":3.1666,"angle":90,"curve":"stepped"},{"time":3.6333,"angle":90,"curve":"stepped"},{"time":4.1,"angle":90}],"translate":[{"time":2.4666,"x":-135.27,"y":71.9},{"time":2.6,"x":-173.64,"y":70.19,"curve":"stepped"},{"time":2.7333,"x":-173.64,"y":70.19},{"time":2.8333,"x":-258.69,"y":36.62,"curve":"stepped"},{"time":3.1666,"x":-162.69,"y":371.25},{"time":3.4666,"x":-162.7,"y":306.05,"curve":"stepped"},{"time":3.6333,"x":-162.69,"y":371.25},{"time":3.9333,"x":-162.7,"y":306.05,"curve":"stepped"},{"time":4.1,"x":-162.69,"y":371.25},{"time":4.4,"x":-162.7,"y":306.05}],"scale":[{"time":2.4666,"x":5,"y":5},{"time":2.6,"x":4,"y":4,"curve":"stepped"},{"time":2.7333,"x":4,"y":4},{"time":2.8333,"x":3.006,"y":4,"curve":"stepped"},{"time":3.1666,"x":3,"y":4,"curve":"stepped"},{"time":3.6333,"x":3,"y":4,"curve":"stepped"},{"time":4.1,"x":3,"y":4}]},"ef_card_line_main3":{"rotate":[{"time":3.2333,"angle":90,"curve":"stepped"},{"time":3.7,"angle":90,"curve":"stepped"},{"time":4.1666,"angle":90}],"translate":[{"time":3.2333,"x":-121.84,"y":545.11},{"time":3.5666,"x":-121.8,"y":210.07,"curve":"stepped"},{"time":3.7,"x":-121.84,"y":545.11},{"time":4.0333,"x":-121.8,"y":210.07,"curve":"stepped"},{"time":4.1666,"x":-121.84,"y":545.11},{"time":4.5,"x":-121.8,"y":210.07}],"scale":[{"time":3.2333,"x":3,"y":3.203,"curve":"stepped"},{"time":3.7,"x":3,"y":3.203,"curve":"stepped"},{"time":4.1666,"x":3,"y":3.203}]},"ef_graund_wave_main":{"translate":[{"time":0,"x":0,"y":27.06,"curve":"stepped"},{"time":0.4333,"x":0,"y":27.06,"curve":"stepped"},{"time":0.5,"x":0,"y":19.06,"curve":"stepped"},{"time":0.5666,"x":0,"y":27.06,"curve":"stepped"},{"time":1,"x":0,"y":27.06,"curve":"stepped"},{"time":1.0666,"x":0,"y":19.06,"curve":"stepped"},{"time":1.1333,"x":0,"y":27.06,"curve":"stepped"},{"time":1.5333,"x":0,"y":27.06,"curve":"stepped"},{"time":1.6,"x":0,"y":19.06,"curve":"stepped"},{"time":2.0333,"x":0,"y":23.63,"curve":"stepped"},{"time":2.6,"x":-406.45,"y":56.36},{"time":2.8,"x":-406.45,"y":31.22}],"scale":[{"time":0,"x":2.5,"y":2.5,"curve":"stepped"},{"time":0.4333,"x":2.5,"y":2.5,"curve":"stepped"},{"time":0.5,"x":2.5,"y":2.5,"curve":"stepped"},{"time":0.5666,"x":2.5,"y":2.5,"curve":"stepped"},{"time":1,"x":2.5,"y":2.5,"curve":"stepped"},{"time":1.0666,"x":2.5,"y":2.5,"curve":"stepped"},{"time":1.1333,"x":2.5,"y":2.5,"curve":"stepped"},{"time":1.5333,"x":2.5,"y":2.5,"curve":"stepped"},{"time":1.6,"x":2.5,"y":2.5,"curve":"stepped"},{"time":2.0333,"x":2.5,"y":2.5,"curve":"stepped"},{"time":2.6,"x":4,"y":6.447},{"time":2.8,"x":4,"y":4}]},"ef_card_line_main":{"rotate":[{"time":2.4666,"angle":26.03},{"time":2.6,"angle":24.47}],"translate":[{"time":2.4666,"x":-137.24,"y":92.97},{"time":2.6,"x":-175.61,"y":96.21,"curve":"stepped"},{"time":2.7333,"x":-175.61,"y":96.21},{"time":2.8333,"x":-260.66,"y":62.64}],"scale":[{"time":2.4666,"x":5,"y":5},{"time":2.6,"x":4,"y":4,"curve":"stepped"},{"time":2.7333,"x":4,"y":4},{"time":2.8333,"x":3.006,"y":4}]},"ef_graund_wave_rev_main":{"translate":[{"time":3.3333,"x":-399.49,"y":7.47}],"scale":[{"time":3.3333,"x":3,"y":3,"curve":"stepped"},{"time":3.5,"x":3,"y":3},{"time":3.5666,"x":1.187,"y":1.187,"curve":"stepped"},{"time":3.6,"x":3,"y":3,"curve":"stepped"},{"time":3.7666,"x":3,"y":3},{"time":3.8333,"x":1.187,"y":1.187,"curve":"stepped"},{"time":3.8666,"x":3,"y":3,"curve":"stepped"},{"time":4.0333,"x":3,"y":3},{"time":4.1,"x":1.187,"y":1.187,"curve":"stepped"},{"time":4.1333,"x":3,"y":3,"curve":"stepped"},{"time":4.3,"x":3,"y":3},{"time":4.3666,"x":1.187,"y":1.187,"curve":"stepped"},{"time":4.4,"x":3,"y":3,"curve":"stepped"},{"time":4.5666,"x":3,"y":3},{"time":4.6333,"x":1.187,"y":1.187}]},"ef_card_line_main5":{"rotate":[{"time":3.2,"angle":90,"curve":"stepped"},{"time":3.6666,"angle":90,"curve":"stepped"},{"time":4.1333,"angle":90}],"translate":[{"time":3.2,"x":-622.47,"y":447.52},{"time":3.5,"x":-622.5,"y":306.05,"curve":"stepped"},{"time":3.6666,"x":-622.47,"y":447.52},{"time":3.9666,"x":-622.5,"y":306.05,"curve":"stepped"},{"time":4.1333,"x":-622.47,"y":447.52},{"time":4.4333,"x":-622.5,"y":306.05}],"scale":[{"time":3.2,"x":3,"y":4,"curve":"stepped"},{"time":3.6666,"x":3,"y":4,"curve":"stepped"},{"time":4.1333,"x":3,"y":4}]},"ef_energy_sink_main2":{"rotate":[{"time":0.0666,"angle":0,"curve":"stepped"},{"time":0.6,"angle":72.76,"curve":"stepped"},{"time":1.1333,"angle":-36.16,"curve":"stepped"},{"time":2.6333,"angle":-14.03}],"translate":[{"time":0.0666,"x":6.58,"y":59.99,"curve":"stepped"},{"time":2.6333,"x":-396.37,"y":21.36},{"time":2.7666,"x":-396.37,"y":85.82}],"scale":[{"time":0.0666,"x":2.185,"y":2.185,"curve":"stepped"},{"time":2.6333,"x":4.36,"y":4.36},{"time":2.7666,"x":5.296,"y":4.443,"curve":"stepped"},{"time":2.9,"x":5.296,"y":4.443},{"time":3.0666,"x":7.059,"y":5.923}]},"ef_card_aura_main2":{"rotate":[{"time":2.4666,"angle":16.86}],"translate":[{"time":2.4666,"x":-24.95,"y":125.31},{"time":2.6,"x":-373.29,"y":1.41},{"time":2.6666,"x":-400.12,"y":-13.57}],"scale":[{"time":2.4666,"x":1.402,"y":1.095}]},"ef_card_aura_main":{"rotate":[{"time":2.4666,"angle":32.96}],"translate":[{"time":2.4666,"x":-42.11,"y":139.87},{"time":2.6,"x":-375.58,"y":8.19},{"time":2.6666,"x":-402.41,"y":-6.79}],"scale":[{"time":2.4666,"x":1.402,"y":1.095}]}},"events":[{"time":0,"name":"Sound1","string":"cri_se_battle_charge_04"},{"time":0.4333,"name":"Voice","string":"cri_155_voice_fullarts_now"},{"time":2,"name":"Event","string":"shakeGround"},{"time":2.0333,"name":"Sound1","string":"cri_se_battle_jump"},{"time":2.0333,"name":"Sound2","string":"cri_se_battle_arrow_light_effect"},{"time":2.2666,"name":"Voice","string":"cri_155_voice_fullarts_rank4"},{"time":2.4666,"name":"Sound1","string":"cri_se_battle_skill_ice_short"},{"time":2.6,"name":"Sound1","string":"cri_se_battle_skill_icebreak"},{"time":2.6,"name":"Sound2","string":"cri_se_battle_magic_Invocation_dark"},{"time":2.7,"name":"Event","string":"shakeGround"},{"time":2.9333,"name":"Sound1","string":"cri_se_battle_effect_01"},{"time":3.4,"name":"Event","string":"runSkillEffect"},{"time":4.1666,"name":"Sound1","string":"cri_se_battle_stoptime"}]}}}