{"skeleton":{"hash":"BXqTi0XBVqvPxGep9hYkIC1dmx8","spine":"3.0.12","width":0,"height":0},"bones":[{"name":"root"},{"name":"MAIN","parent":"root","y":66,"scaleX":0.5,"scaleY":0.5}],"slots":[{"name":"MAIN","bone":"MAIN"}],"skins":{"default":{"MAIN":{"idle_00":{"x":25.82,"y":-24.05,"scaleX":2,"scaleY":2,"width":512,"height":512},"idle_01":{"x":25.82,"y":-24.05,"scaleX":2,"scaleY":2,"width":512,"height":512},"idle_02":{"x":25.82,"y":-24.05,"scaleX":2,"scaleY":2,"width":512,"height":512},"idle_03":{"x":25.82,"y":-24.05,"scaleX":2,"scaleY":2,"width":512,"height":512}}}},"animations":{"attack1":{"slots":{"MAIN":{"attachment":[{"time":0,"name":"idle_00"},{"time":1.7,"name":"idle_03"},{"time":1.8,"name":"idle_00"}]}},"bones":{"MAIN":{"translate":[{"time":0.0333,"x":0,"y":0},{"time":0.0666,"x":1.24,"y":-0.38,"curve":"stepped"},{"time":0.1,"x":1.24,"y":-0.38},{"time":0.1333,"x":5.88,"y":-1.03,"curve":"stepped"},{"time":0.1666,"x":0,"y":0,"curve":[0.14,0.3,0.75,1]},{"time":0.2666,"x":-35,"y":24.28},{"time":0.3333,"x":-45.84,"y":37.54,"curve":[0.698,0,0.75,1]},{"time":0.4,"x":-65.85,"y":30,"curve":[0.13,0.35,0.75,1]},{"time":0.5,"x":-90.57,"y":1.44,"curve":[0.06,0.63,0.75,1]},{"time":0.6666,"x":-105.75,"y":0,"curve":"stepped"},{"time":0.7666,"x":-105.75,"y":0,"curve":[0.25,0,0.75,1]},{"time":0.9,"x":-141.2,"y":0,"curve":[0.121,0.41,0.75,1]},{"time":1.1333,"x":-147.75,"y":0,"curve":"stepped"},{"time":1.2666,"x":-147.75,"y":0},{"time":1.4,"x":-83.87,"y":35.61},{"time":1.5333,"x":-20,"y":0,"curve":[0.068,0.57,0.75,1]},{"time":1.7666,"x":0,"y":0}],"scale":[{"time":0.0333,"x":1,"y":1},{"time":0.0666,"x":1,"y":0.994,"curve":"stepped"},{"time":0.1,"x":1,"y":0.994},{"time":0.1333,"x":1,"y":0.983,"curve":"stepped"},{"time":0.1666,"x":1,"y":1}]}}},"back":{"slots":{"MAIN":{"attachment":[{"time":0.5666,"name":"idle_03"},{"time":0.6666,"name":"idle_00"}]}},"bones":{"MAIN":{"translate":[{"time":0,"x":0,"y":0},{"time":0.1333,"x":62.5,"y":28.11},{"time":0.2666,"x":125,"y":0,"curve":[0.114,0.43,0.75,1]},{"time":0.5666,"x":140,"y":0}]}}},"damage":{},"front":{},"idle":{"slots":{"MAIN":{"attachment":[{"time":0,"name":"idle_00"},{"time":0.2333,"name":"idle_01"},{"time":0.4666,"name":"idle_02"},{"time":0.7,"name":"idle_03"},{"time":0.9333,"name":"idle_00"}]}}},"skill1":{"slots":{"MAIN":{"attachment":[{"time":1.2,"name":null},{"time":2.4333,"name":"idle_03"},{"time":2.5333,"name":"idle_00"}],"color":[{"time":1.7666,"color":"ffffffff"},{"time":1.8666,"color":"ffffff00","curve":"stepped"},{"time":2.0333,"color":"ffffff00"},{"time":2.1333,"color":"ffffffff"}]}},"bones":{"MAIN":{"translate":[{"time":0.1333,"x":0,"y":0},{"time":0.2333,"x":8.5,"y":-1.13,"curve":"stepped"},{"time":0.4666,"x":8.5,"y":-1.13},{"time":0.5,"x":15.36,"y":-4.39,"curve":"stepped"},{"time":0.5333,"x":0,"y":0,"curve":[0.25,0,0.75,1]},{"time":0.6333,"x":-80,"y":0,"curve":[0.091,0.62,0.75,1]},{"time":0.9,"x":-90,"y":0,"curve":"stepped"},{"time":1.2,"x":-100,"y":0,"curve":[0.25,0,0.75,1]},{"time":1.3333,"x":-400,"y":0,"curve":[0.108,0.43,0.75,1]},{"time":1.5666,"x":-420,"y":0,"curve":"stepped"},{"time":1.7666,"x":-420,"y":0},{"time":1.9,"x":-277.19,"y":75.27},{"time":2.1333,"x":-25,"y":0,"curve":[0.115,0.44,0.75,1]},{"time":2.4666,"x":0,"y":0}],"scale":[{"time":0.1333,"x":1,"y":1},{"time":0.2333,"x":1,"y":0.98,"curve":"stepped"},{"time":0.4666,"x":1,"y":0.98},{"time":0.5,"x":1,"y":0.952,"curve":"stepped"},{"time":0.5333,"x":1,"y":1}]}}},"skill2":{"slots":{"MAIN":{"attachment":[{"time":3.5,"name":"idle_02"},{"time":3.6666,"name":"idle_00"}]}},"bones":{"MAIN":{"translate":[{"time":0.5666,"x":0,"y":0,"curve":"stepped"},{"time":0.6666,"x":-14,"y":0,"curve":"stepped"},{"time":3.1333,"x":0,"y":0}]}}},"skill3":{"slots":{"MAIN":{"attachment":[{"time":4.1666,"name":null},{"time":7,"name":"idle_00"}],"color":[{"time":5.1666,"color":"ffffff00"},{"time":5.4,"color":"ffffffff"}]}},"bones":{"MAIN":{"rotate":[{"time":5.1666,"angle":0}],"translate":[{"time":0.1666,"x":0,"y":0,"curve":"stepped"},{"time":0.2666,"x":-14,"y":0,"curve":"stepped"},{"time":2.0666,"x":-14,"y":0,"curve":[0.126,0.38,0.75,1]},{"time":2.1333,"x":-9,"y":0,"curve":"stepped"},{"time":2.2333,"x":-9,"y":0,"curve":[0.118,0.44,0.75,1]},{"time":2.3333,"x":-16,"y":0,"curve":"stepped"},{"time":4.1333,"x":-13,"y":-2},{"time":4.1666,"x":-16,"y":0,"curve":"stepped"},{"time":5.1666,"x":500,"y":0,"curve":[0.25,0,0.75,1]},{"time":5.4,"x":25,"y":0,"curve":[0.059,0.72,0.75,1]},{"time":6,"x":0,"y":0}],"scale":[{"time":5.1666,"x":1,"y":1}]}}},"skill1_1":{"slots":{"MAIN":{"attachment":[{"time":1.2,"name":null},{"time":2.4333,"name":"idle_03"},{"time":2.5333,"name":"idle_00"}],"color":[{"time":1.7666,"color":"ffffffff"},{"time":1.8666,"color":"ffffff00","curve":"stepped"},{"time":2.0333,"color":"ffffff00"},{"time":2.1333,"color":"ffffffff"}]}},"bones":{"MAIN":{"translate":[{"time":0.1333,"x":0,"y":0},{"time":0.2333,"x":8.5,"y":-1.13,"curve":"stepped"},{"time":0.4666,"x":8.5,"y":-1.13},{"time":0.5,"x":15.36,"y":-4.39,"curve":"stepped"},{"time":0.5333,"x":0,"y":0,"curve":[0.25,0,0.75,1]},{"time":0.6333,"x":-80,"y":0,"curve":[0.091,0.62,0.75,1]},{"time":0.9,"x":-90,"y":0,"curve":"stepped"},{"time":1.2,"x":-100,"y":0,"curve":[0.25,0,0.75,1]},{"time":1.3333,"x":-400,"y":0,"curve":[0.108,0.43,0.75,1]},{"time":1.5666,"x":-420,"y":0,"curve":"stepped"},{"time":1.7666,"x":-420,"y":0},{"time":1.9,"x":-277.19,"y":75.27},{"time":2.1333,"x":-25,"y":0,"curve":[0.115,0.44,0.75,1]},{"time":2.4666,"x":0,"y":0}],"scale":[{"time":0.1333,"x":1,"y":1},{"time":0.2333,"x":1,"y":0.98,"curve":"stepped"},{"time":0.4666,"x":1,"y":0.98},{"time":0.5,"x":1,"y":0.952,"curve":"stepped"},{"time":0.5333,"x":1,"y":1}]}}},"skill2_1":{"slots":{"MAIN":{"attachment":[{"time":3.5,"name":"idle_02"},{"time":3.6666,"name":"idle_00"}]}},"bones":{"MAIN":{"translate":[{"time":0.5666,"x":0,"y":0,"curve":"stepped"},{"time":0.6666,"x":-14,"y":0,"curve":"stepped"},{"time":3.1333,"x":0,"y":0}]}}}}}