{"skeleton":{"hash":"ZykLYp0cKHIvQzKUhPkJdRj0F5w","spine":"3.0.12","width":0,"height":0,"images":"./images/"},"bones":[{"name":"root"},{"name":"MAIN2","parent":"root","x":27,"y":155,"scaleX":1.1,"scaleY":1.1},{"name":"MAIN","parent":"root","length":0.1,"y":58.67,"scaleX":1.1,"scaleY":1.1},{"name":"head","parent":"MAIN","x":0.21,"y":40.61},{"name":"HPBAR","parent":"MAIN","x":9.09,"y":155.75}],"slots":[{"name":"MAIN","bone":"MAIN","attachment":"idle_G_00"},{"name":"MAIN2","bone":"MAIN2","attachment":"idle_F_00"},{"name":"[G]head","bone":"head","attachment":"[G]head"}],"skins":{"default":{"MAIN":{"idle_G_00":{"width":450,"height":450},"idle_G_01":{"width":450,"height":450},"idle_G_02":{"width":450,"height":450},"idle_G_03":{"width":450,"height":450},"idle_G_04":{"width":450,"height":450}},"MAIN2":{"idle_F_00":{"x":-8.85,"y":50.64,"width":450,"height":450},"idle_F_01":{"x":-8.85,"y":50.64,"width":450,"height":450},"idle_F_02":{"x":-8.85,"y":50.64,"width":450,"height":450},"idle_F_03":{"x":-8.85,"y":50.64,"width":450,"height":450},"idle_F_04":{"x":-8.85,"y":50.64,"width":450,"height":450}},"[G]head":{"[G]head":{"x":9.33,"y":5.44,"width":252,"height":252}}}},"events":{"Event":{},"Hit":{},"HitEffect":{},"Sound1":{},"Sound2":{},"Voice":{}},"animations":{"idle":{"slots":{"MAIN":{"attachment":[{"time":0,"name":"idle_G_00"},{"time":0.2,"name":"idle_G_01"},{"time":0.4,"name":"idle_G_02"},{"time":0.6,"name":"idle_G_03"},{"time":0.8,"name":"idle_G_04"},{"time":1,"name":"idle_G_00"}]},"MAIN2":{"attachment":[{"time":0,"name":"idle_F_00"},{"time":0.2,"name":"idle_F_01"},{"time":0.4,"name":"idle_F_02"},{"time":0.6,"name":"idle_F_03"},{"time":0.8,"name":"idle_F_04"},{"time":1,"name":"idle_F_00"}]}},"bones":{"MAIN":{"translate":[{"time":0,"x":0,"y":0}]},"MAIN2":{"translate":[{"time":0,"x":0,"y":0,"curve":"stepped"},{"time":0.2,"x":0,"y":-2.39,"curve":"stepped"},{"time":0.4,"x":0,"y":-4.8,"curve":"stepped"},{"time":0.6,"x":0,"y":-4.39,"curve":"stepped"},{"time":0.8,"x":0,"y":-1.6,"curve":"stepped"},{"time":1,"x":0,"y":0}]},"head":{"translate":[{"time":0,"x":0,"y":-1.96,"curve":"stepped"},{"time":0.2,"x":0,"y":-4.16,"curve":"stepped"},{"time":0.4,"x":0,"y":-6.13,"curve":"stepped"},{"time":0.6,"x":0,"y":-4.81,"curve":"stepped"},{"time":0.8,"x":0,"y":-3.5,"curve":"stepped"},{"time":1,"x":0,"y":0}]}}}}}