{"skeleton":{"hash":"VTCu2eD9riYbFsMmyOkvMRymtxM","spine":"3.0.12","width":500,"height":500},"bones":[{"name":"root"},{"name":"MAIN","parent":"root","y":51.48},{"name":"weapon","parent":"MAIN","x":52,"y":3}],"slots":[{"name":"swoad","bone":"weapon","attachment":"swoad"},{"name":"MAIN","bone":"MAIN","attachment":"idle_00"}],"skins":{"default":{"MAIN":{"idle_00":{"x":-4.5,"y":-5,"width":500,"height":500},"idle_01":{"x":-4.5,"y":-5,"width":500,"height":500},"idle_02":{"x":-4.5,"y":-5,"width":500,"height":500},"idle_03":{"x":-4.5,"y":-5,"width":500,"height":500},"idle_04":{"x":-4.5,"y":-5,"width":500,"height":500}},"swoad":{"swoad":{"x":-65.17,"y":1.72,"width":260,"height":220}}}},"events":{"Event":{},"Hit":{},"Sound1":{},"Sound2":{},"Voice":{}},"animations":{"idle":{"slots":{"MAIN":{"attachment":[{"time":0,"name":"idle_00"},{"time":0.1666,"name":"idle_01"},{"time":0.3333,"name":"idle_02"},{"time":0.5,"name":"idle_03"},{"time":0.6666,"name":"idle_04"},{"time":0.8333,"name":"idle_00"}]}},"bones":{"weapon":{"translate":[{"time":0,"x":0,"y":0,"curve":"stepped"},{"time":0.1666,"x":0,"y":-1.11,"curve":"stepped"},{"time":0.3333,"x":0,"y":-2.22,"curve":"stepped"},{"time":0.5,"x":0,"y":-0.79,"curve":"stepped"},{"time":0.6666,"x":0,"y":0.44,"curve":"stepped"},{"time":0.8333,"x":0,"y":0}]}}}}}