{"skeleton":{"hash":"nu4WYTd5O6adwJDB5VXtpzyHC9s","spine":"3.0.12","width":0,"height":0},"bones":[{"name":"root"},{"name":"MAIN","parent":"root","y":60.09},{"name":"EF","parent":"root","y":95.84},{"name":"SHADOW-OFFSET","parent":"EF","y":-95.84,"scaleX":0,"scaleY":0},{"name":"S1_magic_4","parent":"EF","y":304.15,"scaleX":2,"scaleY":2},{"name":"S1_magic_3","parent":"EF","y":304.15,"scaleX":2,"scaleY":2},{"name":"S1_magic_2","parent":"EF","y":304.15,"scaleX":2,"scaleY":2},{"name":"S1_magic3","parent":"EF","y":104.15,"scaleX":2,"scaleY":2},{"name":"S1_magic2","parent":"EF","y":104.15,"scaleX":2,"scaleY":2},{"name":"S1_magic","parent":"EF","y":104.15,"scaleX":2,"scaleY":2}],"slots":[{"name":"S1_magic","bone":"S1_magic","blend":"additive"},{"name":"S1_magic3","bone":"S1_magic3","blend":"additive"},{"name":"S1_magic2","bone":"S1_magic2","blend":"additive"},{"name":"S1_magic_2","bone":"S1_magic_2","blend":"additive"},{"name":"S1_magic_5","bone":"S1_magic_4","blend":"additive"},{"name":"S1_magic_3","bone":"S1_magic_3","blend":"additive"},{"name":"EF/390_S1_magic/390_S1_magic_white","bone":"S1_magic","blend":"additive"},{"name":"EF/390_S1_magic/390_S1_magic_white3","bone":"S1_magic3","blend":"additive"},{"name":"EF/390_S1_magic/390_S1_magic_white2","bone":"S1_magic2","blend":"additive"}],"skins":{"default":{"EF/390_S1_magic/390_S1_magic_white":{"EF/390_S1_magic/390_S1_magic_white":{"type":"mesh","uvs":[1,1,0,1,0,0,1,0],"triangles":[1,2,3,1,3,0],"vertices":[149.82,-150.03,-150.17,-150.03,-150.17,149.96,149.82,149.96],"hull":4}},"EF/390_S1_magic/390_S1_magic_white2":{"EF/390_S1_magic/390_S1_magic_white":{"type":"mesh","uvs":[1,1,0,1,0,0,1,0],"triangles":[1,2,3,1,3,0],"vertices":[149.82,-150.03,-150.17,-150.03,-150.17,149.96,149.82,149.96],"hull":4}},"EF/390_S1_magic/390_S1_magic_white3":{"EF/390_S1_magic/390_S1_magic_white":{"type":"mesh","uvs":[1,1,0,1,0,0,1,0],"triangles":[1,2,3,1,3,0],"vertices":[149.82,-150.03,-150.17,-150.03,-150.17,149.96,149.82,149.96],"hull":4}},"S1_magic":{"EF/390_S1_magic/390_S1_magic_00038":{"type":"mesh","uvs":[1,1,0,1,0,0,1,0],"triangles":[1,2,3,1,3,0],"vertices":[150,-150,-150,-150,-150,150,150,150],"hull":4}},"S1_magic2":{"EF/390_S1_magic/390_S1_magic_00038":{"type":"mesh","uvs":[1,1,0,1,0,0,1,0],"triangles":[1,2,3,1,3,0],"vertices":[150,-150,-150,-150,-150,150,150,150],"hull":4}},"S1_magic3":{"EF/390_S1_magic/390_S1_magic_00038":{"type":"mesh","uvs":[1,1,0,1,0,0,1,0],"triangles":[1,2,3,1,3,0],"vertices":[150,-150,-150,-150,-150,150,150,150],"hull":4}},"S1_magic_2":{"EF/390_S1_magic/390_S1_magic_00038":{"type":"mesh","uvs":[1,1,0,1,0,0,1,0],"triangles":[1,2,3,1,3,0],"vertices":[150,-150,-150,-150,-150,150,150,150],"hull":4}},"S1_magic_3":{"EF/390_S1_magic/390_S1_magic_00038":{"type":"mesh","uvs":[1,1,0,1,0,0,1,0],"triangles":[1,2,3,1,3,0],"vertices":[150,-150,-150,-150,-150,150,150,150],"hull":4}},"S1_magic_5":{"EF/390_S1_magic/390_S1_magic_00038":{"type":"mesh","uvs":[1,1,0,1,0,0,1,0],"triangles":[1,2,3,1,3,0],"vertices":[150,-150,-150,-150,-150,150,150,150],"hull":4}}}},"events":{"Event":{},"Hit":{},"Sound":{},"Voice":{},"sound_1":{},"sound_2":{},"sound_3":{}},"animations":{"magic_square":{"slots":{"EF/390_S1_magic/390_S1_magic_white":{"attachment":[{"time":0,"name":"EF/390_S1_magic/390_S1_magic_white"},{"time":2,"name":"EF/390_S1_magic/390_S1_magic_white"},{"time":4.1,"name":null}],"color":[{"time":0,"color":"ffffffbc"},{"time":1,"color":"ffffff46"},{"time":2,"color":"ffffffbc"},{"time":3,"color":"ffffff46"},{"time":3.9333,"color":"ffffff9f"},{"time":4.1,"color":"ffffffbc"}]},"S1_magic":{"attachment":[{"time":4.1,"name":"EF/390_S1_magic/390_S1_magic_00038"},{"time":4.3,"name":"EF/390_S1_magic/390_S1_magic_00038"},{"time":4.5,"name":"EF/390_S1_magic/390_S1_magic_00038"},{"time":4.5666,"name":"EF/390_S1_magic/390_S1_magic_00038"}],"color":[{"time":4.1,"color":"ffffff62"},{"time":4.3,"color":"ffffff18"},{"time":4.5,"color":"ffffff45"},{"time":4.5666,"color":"ffffff6d"}]},"S1_magic_2":{"attachment":[{"time":4.3666,"name":"EF/390_S1_magic/390_S1_magic_00038"},{"time":4.5666,"name":"EF/390_S1_magic/390_S1_magic_00038"}],"color":[{"time":4.3666,"color":"ffffff00"},{"time":4.5666,"color":"ffffff45"},{"time":5.1,"color":"ffffffff"},{"time":6.1,"color":"ffffff45"},{"time":6.5666,"color":"ffffffff"},{"time":7.5333,"color":"ffffff45"},{"time":8.0333,"color":"ffffffff"},{"time":9,"color":"ffffff45"},{"time":9.5,"color":"ffffffff"},{"time":10.4,"color":"ffffff45"},{"time":10.9666,"color":"ffffffff"},{"time":11.9333,"color":"ffffff45"},{"time":12.4,"color":"ffffffff"},{"time":13.3666,"color":"ffffff45"},{"time":13.8666,"color":"ffffffff"},{"time":14.7,"color":"ffffff45"},{"time":15.3333,"color":"ffffffff"},{"time":16.3,"color":"ffffff45"},{"time":16.8,"color":"ffffffff"},{"time":17.7666,"color":"ffffff45"},{"time":18.2666,"color":"ffffffff"},{"time":19.3666,"color":"ffffff45"},{"time":19.7333,"color":"ffffffff"},{"time":20.6666,"color":"ffffff45"},{"time":21.2,"color":"ffffffff"},{"time":22.1,"color":"ffffff45"},{"time":22.6666,"color":"ffffffff"},{"time":23.6,"color":"ffffff45"}]},"S1_magic_3":{"attachment":[{"time":4.0666,"name":"EF/390_S1_magic/390_S1_magic_00038"}],"color":[{"time":4.0666,"color":"ffffff00"},{"time":4.3666,"color":"ffffff71"},{"time":4.6,"color":"ffffff00"}]}},"bones":{"S1_magic_2":{"translate":[{"time":4.3666,"x":0,"y":-399.91,"curve":"stepped"},{"time":4.5666,"x":0,"y":-399.91}],"scale":[{"time":4.3666,"x":0.108,"y":0.018},{"time":4.5666,"x":0.9,"y":0.15}]},"S1_magic":{"rotate":[{"time":4.3,"angle":0,"curve":"stepped"},{"time":4.5666,"angle":0}],"translate":[{"time":0,"x":0,"y":-199.91,"curve":"stepped"},{"time":2,"x":0,"y":-199.91,"curve":"stepped"},{"time":4.1,"x":0,"y":-199.91,"curve":"stepped"},{"time":4.3,"x":0,"y":-199.91,"curve":"stepped"},{"time":4.5666,"x":0,"y":-199.91}],"scale":[{"time":0,"x":0.9,"y":0.15,"curve":"stepped"},{"time":2,"x":0.9,"y":0.15,"curve":"stepped"},{"time":4.1,"x":0.362,"y":0.06},{"time":4.3,"x":1.445,"y":0.202,"curve":"stepped"},{"time":4.5666,"x":1.445,"y":0.202}]},"S1_magic_3":{"translate":[{"time":4.0666,"x":0,"y":-399.91}],"scale":[{"time":4.0666,"x":0.362,"y":0.06},{"time":4.6,"x":2.237,"y":0.313}]}},"ffd":{"default":{"S1_magic_2":{"EF/390_S1_magic/390_S1_magic_00038":[{"time":4.5666},{"time":6.0333,"vertices":[31.42668,40.07154,40.07153,-31.42668,-31.42668,-40.07152,-40.07153,31.42668]},{"time":7.5,"vertices":[52.12797,85.62492,85.62491,-52.12797,-52.12797,-85.62492,-85.62492,52.12797]},{"time":8.9666,"vertices":[61.56868,134.55698,134.55702,-61.56871,-61.56871,-134.55699,-134.557,61.56871]},{"time":10.4333,"vertices":[59.34637,184.26099,184.26102,-59.34639,-59.3464,-184.26099,-184.26102,59.3464]},{"time":11.8666,"vertices":[44.98878,233.54063,233.54079,-44.98875,-44.9888,-233.54068,-233.54079,44.9888]},{"time":13.3333,"vertices":[19.55783,277.47437,277.47464,-19.55777,-19.55783,-277.47452,-277.47464,19.55783]},{"time":14.8,"vertices":[-13.45449,312.3418,312.34222,13.45462,13.45454,-312.34204,-312.34222,-13.45454]},{"time":16.2666,"vertices":[-59.6702,341.93735,341.93787,59.67045,59.67031,-341.93768,-341.938,-59.67038]},{"time":17.7333,"vertices":[-108.77484,358.0859,358.08673,108.77512,108.77498,-358.08636,-358.0868,-108.7751]},{"time":19.2,"vertices":[-160.20561,361.8842,361.88513,160.20604,160.20578,-361.88483,-361.8852,-160.20604]},{"time":20.6666,"vertices":[-215.38156,351.80237,351.80328,215.38206,215.38174,-351.80338,-351.8034,-215.38213]},{"time":22.1333,"vertices":[-261.69644,330.34085,330.34155,261.69684,261.6967,-330.34213,-330.34177,-261.69705]},{"time":23.6,"vertices":[-300.02698,299.96893,299.9693,300.02725,300.0273,-299.9702,-299.96973,-300.02777]}]}}}},"magic_square1":{"slots":{"EF/390_S1_magic/390_S1_magic_white":{"attachment":[{"time":0,"name":"EF/390_S1_magic/390_S1_magic_white"}],"color":[{"time":0,"color":"ffffffbc"},{"time":1,"color":"ffffff46"},{"time":2,"color":"ffffffbc"}]},"EF/390_S1_magic/390_S1_magic_white2":{"attachment":[{"time":0,"name":"EF/390_S1_magic/390_S1_magic_white"}],"color":[{"time":0,"color":"ffffffbc"},{"time":1,"color":"ffffff46"},{"time":2,"color":"ffffffbc"}]}},"bones":{"S1_magic":{"translate":[{"time":0,"x":0,"y":-199.91}],"scale":[{"time":0,"x":0.9,"y":0.15}]},"S1_magic2":{"translate":[{"time":0,"x":0,"y":-199.91}],"scale":[{"time":0,"x":0.9,"y":0.15}]}}},"magic_square2":{"slots":{"EF/390_S1_magic/390_S1_magic_white":{"attachment":[{"time":0,"name":"EF/390_S1_magic/390_S1_magic_white"},{"time":0.0666,"name":null}],"color":[{"time":0,"color":"ffffffb1"},{"time":0.0666,"color":"ffffffbc"}]},"S1_magic":{"attachment":[{"time":0.0666,"name":"EF/390_S1_magic/390_S1_magic_00038"},{"time":0.2666,"name":"EF/390_S1_magic/390_S1_magic_00038"},{"time":0.4666,"name":"EF/390_S1_magic/390_S1_magic_00038"},{"time":0.5333,"name":"EF/390_S1_magic/390_S1_magic_00038"}],"color":[{"time":0.0666,"color":"ffffff62"},{"time":0.2666,"color":"ffffff18"},{"time":0.4666,"color":"ffffff45"},{"time":0.5333,"color":"ffffff6d"}]},"S1_magic_2":{"attachment":[{"time":0.3333,"name":"EF/390_S1_magic/390_S1_magic_00038"},{"time":0.5333,"name":"EF/390_S1_magic/390_S1_magic_00038"}],"color":[{"time":0.3333,"color":"ffffff00"},{"time":0.5333,"color":"ffffff45"}]},"S1_magic_3":{"attachment":[{"time":0.0333,"name":"EF/390_S1_magic/390_S1_magic_00038"}],"color":[{"time":0.0333,"color":"ffffff00"},{"time":0.3333,"color":"ffffff71"},{"time":0.5666,"color":"ffffff00"}]}},"bones":{"S1_magic_3":{"translate":[{"time":0.0333,"x":0,"y":-399.91}],"scale":[{"time":0.0333,"x":0.362,"y":0.06},{"time":0.5666,"x":2.237,"y":0.313}]},"S1_magic":{"rotate":[{"time":0.2666,"angle":0,"curve":"stepped"},{"time":0.5333,"angle":0}],"translate":[{"time":0,"x":0,"y":-199.91,"curve":"stepped"},{"time":0.0666,"x":0,"y":-199.91,"curve":"stepped"},{"time":0.2666,"x":0,"y":-199.91,"curve":"stepped"},{"time":0.5333,"x":0,"y":-199.91}],"scale":[{"time":0,"x":0.9,"y":0.15,"curve":"stepped"},{"time":0.0666,"x":0.362,"y":0.06},{"time":0.2666,"x":1.445,"y":0.202,"curve":"stepped"},{"time":0.5333,"x":1.445,"y":0.202}]},"S1_magic_2":{"translate":[{"time":0.3333,"x":0,"y":-399.91,"curve":"stepped"},{"time":0.5333,"x":0,"y":-399.91}],"scale":[{"time":0.3333,"x":0.108,"y":0.018},{"time":0.5333,"x":0.9,"y":0.15}]}},"ffd":{"default":{"S1_magic_2":{"EF/390_S1_magic/390_S1_magic_00038":[{"time":0.5333}]}}}},"magic_square3":{"slots":{"S1_magic":{"attachment":[{"time":0,"name":"EF/390_S1_magic/390_S1_magic_00038"}],"color":[{"time":0,"color":"ffffff6d"}]},"S1_magic_2":{"attachment":[{"time":0,"name":"EF/390_S1_magic/390_S1_magic_00038"}],"color":[{"time":0,"color":"ffffff45"},{"time":0.5333,"color":"ffffffff"},{"time":1.5333,"color":"ffffff45"},{"time":2,"color":"ffffffff"},{"time":2.9666,"color":"ffffff45"},{"time":3.4666,"color":"ffffffff"},{"time":4.4333,"color":"ffffff45"},{"time":4.9333,"color":"ffffffff"},{"time":5.8333,"color":"ffffff45"},{"time":6.4,"color":"ffffffff"},{"time":7.3666,"color":"ffffff45"},{"time":7.8333,"color":"ffffffff"},{"time":8.8,"color":"ffffff45"},{"time":9.3,"color":"ffffffff"},{"time":10.1333,"color":"ffffff45"},{"time":10.7666,"color":"ffffffff"},{"time":11.7333,"color":"ffffff45"},{"time":12.2333,"color":"ffffffff"},{"time":13.2,"color":"ffffff45"},{"time":13.7,"color":"ffffffff"},{"time":14.8,"color":"ffffff45"},{"time":15.1666,"color":"ffffffff"},{"time":16.1,"color":"ffffff45"},{"time":16.6333,"color":"ffffffff"},{"time":17.5333,"color":"ffffff45"},{"time":18.1,"color":"ffffffff"},{"time":19.0333,"color":"ffffff45"}]},"S1_magic_5":{"attachment":[{"time":0,"name":"EF/390_S1_magic/390_S1_magic_00038"}],"color":[{"time":0,"color":"ffffff45"},{"time":0.5333,"color":"ffffffff"},{"time":1.5333,"color":"ffffff45"},{"time":2,"color":"ffffffff"},{"time":2.9666,"color":"ffffff45"},{"time":3.4666,"color":"ffffffff"},{"time":4.4333,"color":"ffffff45"},{"time":4.9333,"color":"ffffffff"},{"time":5.8333,"color":"ffffff45"},{"time":6.4,"color":"ffffffff"},{"time":7.3666,"color":"ffffff45"},{"time":7.8333,"color":"ffffffff"},{"time":8.8,"color":"ffffff45"},{"time":9.3,"color":"ffffffff"},{"time":10.1333,"color":"ffffff45"},{"time":10.7666,"color":"ffffffff"},{"time":11.7333,"color":"ffffff45"},{"time":12.2333,"color":"ffffffff"},{"time":13.2,"color":"ffffff45"},{"time":13.7,"color":"ffffffff"},{"time":14.8,"color":"ffffff45"},{"time":15.1666,"color":"ffffffff"},{"time":16.1,"color":"ffffff45"},{"time":16.6333,"color":"ffffffff"},{"time":17.5333,"color":"ffffff45"},{"time":18.1,"color":"ffffffff"},{"time":19.0333,"color":"ffffff45"}]}},"bones":{"S1_magic_2":{"translate":[{"time":0,"x":0,"y":-399.91}],"scale":[{"time":0,"x":0.9,"y":0.15}]},"S1_magic":{"rotate":[{"time":0,"angle":0}],"translate":[{"time":0,"x":0,"y":-199.91}],"scale":[{"time":0,"x":1.445,"y":0.202}]},"S1_magic_4":{"translate":[{"time":0,"x":0,"y":-399.91}],"scale":[{"time":0,"x":0.9,"y":0.15}]},"S1_magic3":{"rotate":[{"time":0,"angle":0}],"translate":[{"time":0,"x":0,"y":-199.91}],"scale":[{"time":0,"x":1.445,"y":0.202}]}},"ffd":{"default":{"S1_magic":{"EF/390_S1_magic/390_S1_magic_00038":[{"time":0}]},"S1_magic_2":{"EF/390_S1_magic/390_S1_magic_00038":[{"time":0},{"time":1.4666,"vertices":[31.42668,40.07154,40.07153,-31.42668,-31.42668,-40.07152,-40.07153,31.42668]},{"time":2.9333,"vertices":[52.12797,85.62492,85.62491,-52.12797,-52.12797,-85.62492,-85.62492,52.12797]},{"time":4.4,"vertices":[61.56868,134.55698,134.55702,-61.56871,-61.56871,-134.55699,-134.557,61.56871]},{"time":5.8666,"vertices":[59.34637,184.26099,184.26102,-59.34639,-59.3464,-184.26099,-184.26102,59.3464]},{"time":7.3,"vertices":[44.98878,233.54063,233.54079,-44.98875,-44.9888,-233.54068,-233.54079,44.9888]},{"time":8.7666,"vertices":[19.55783,277.47437,277.47464,-19.55777,-19.55783,-277.47452,-277.47464,19.55783]},{"time":10.2333,"vertices":[-13.45449,312.3418,312.34222,13.45462,13.45454,-312.34204,-312.34222,-13.45454]},{"time":11.7,"vertices":[-59.6702,341.93735,341.93787,59.67045,59.67031,-341.93768,-341.938,-59.67038]},{"time":13.1666,"vertices":[-108.77484,358.0859,358.08673,108.77512,108.77498,-358.08636,-358.0868,-108.7751]},{"time":14.6666,"vertices":[-160.20561,361.8842,361.88513,160.20604,160.20578,-361.88483,-361.8852,-160.20604]},{"time":16.1,"vertices":[-215.38156,351.80237,351.80328,215.38206,215.38174,-351.80338,-351.8034,-215.38213]},{"time":17.5666,"vertices":[-261.69644,330.34085,330.34155,261.69684,261.6967,-330.34213,-330.34177,-261.69705]},{"time":19.0333,"vertices":[-300.02185,300.11362,300.0182,300.05627,300.0011,-300.0268,-300.1667,-299.994]}]},"S1_magic_5":{"EF/390_S1_magic/390_S1_magic_00038":[{"time":0,"offset":2,"vertices":[-0.15611]},{"time":1.4666,"vertices":[31.44999,40.08332,40.07274,-31.47663,-31.51681,-39.87242,-39.98053,31.45001]},{"time":2.8666,"vertices":[51.21722,83.31999,83.57882,-51.03663,-51.3168,-83.61235,-83.55348,51.25936]},{"time":4.4,"vertices":[61.55333,134.55984,134.56969,-61.30327,-61.55745,-134.50313,-134.57571,61.39268]},{"time":5.8666,"vertices":[59.29999,183.95975,184.28926,-59.32329,-59.35743,-184.23653,-184.2667,59.29933]},{"time":7.3,"vertices":[44.98889,233.55965,233.54147,-45.05662,-45.02301,-233.44649,-233.53333,45.03268]},{"time":8.7666,"vertices":[19.57119,277.63937,277.4314,-19.59664,-19.56135,-277.38333,-277.48242,19.5802]},{"time":10.2333,"vertices":[-13.50376,312.42902,312.3512,13.38322,13.4786,-312.36676,-312.39325,-13.54681]},{"time":11.7,"vertices":[-59.65691,341.93875,341.93533,59.69645,59.64245,-341.88675,-341.93628,-59.71169]},{"time":13.1666,"vertices":[-108.78703,358.06192,358.11304,108.76315,108.77287,-358.12848,-358.1115,-108.75069]},{"time":14.6666,"vertices":[-160.2086,361.92838,361.8787,160.13641,160.19852,-361.8747,-361.8672,-160.21738]},{"time":16.1,"vertices":[-215.40791,351.81467,351.78983,215.33636,215.3916,-351.78168,-351.81183,-215.48203]},{"time":17.5666,"vertices":[-261.69226,330.40796,330.34552,261.7362,261.6806,-330.3154,-330.3443,-261.62534]},{"time":19.0333,"vertices":[-300.0611,300.23468,300.02325,300.2025,300.01392,-300.0491,-300.16425,-299.99875]}]}}}}}}