{"skeleton":{"hash":"18fOuV7NDumai42ExGCcUX4kZIg","spine":"3.0.12","width":347,"height":632,"images":"./images/"},"bones":[{"name":"root"},{"name":"MAIN","parent":"root"}],"slots":[{"name":"all_07","bone":"MAIN","attachment":"all_07"},{"name":"all_06","bone":"MAIN","attachment":"all_06"},{"name":"all_05","bone":"MAIN","attachment":"all_05"},{"name":"all_04","bone":"MAIN","attachment":"all_04"},{"name":"all_03","bone":"MAIN","attachment":"all_03"},{"name":"all_02","bone":"MAIN","attachment":"all_02"},{"name":"all_01","bone":"MAIN","attachment":"all_01"},{"name":"all_00","bone":"MAIN","attachment":"all_00"},{"name":"face_02","bone":"MAIN","attachment":"H_100_02"},{"name":"face_01","bone":"MAIN","attachment":"M_100_01"},{"name":"09","bone":"MAIN"},{"name":"08","bone":"MAIN"},{"name":"07","bone":"MAIN"},{"name":"06","bone":"MAIN","attachment":"A_06"},{"name":"05","bone":"MAIN","attachment":"A_05"},{"name":"04","bone":"MAIN","attachment":"A_04"},{"name":"03","bone":"MAIN","attachment":"A_03"},{"name":"02","bone":"MAIN","attachment":"A_02"},{"name":"01","bone":"MAIN","attachment":"A_01"},{"name":"00","bone":"MAIN","attachment":"A_00"}],"skins":{"default":{"00":{"A_00":{"x":14.5,"y":602.5,"width":125,"height":59},"B_00":{"x":9,"y":614.5,"width":166,"height":83}},"01":{"A_01":{"x":59.5,"y":544.5,"width":37,"height":57},"B_01":{"x":68.5,"y":544.5,"width":55,"height":57}},"02":{"A_02":{"x":90,"y":508,"width":24,"height":6},"B_02":{"x":90,"y":508,"width":24,"height":6}},"03":{"A_03":{"x":-52,"y":472.5,"width":54,"height":65},"B_03":{"x":-49,"y":472.5,"width":48,"height":65}},"04":{"A_04":{"x":84.5,"y":472.5,"width":69,"height":65},"B_04":{"x":84.5,"y":472.5,"width":69,"height":65}},"05":{"A_05":{"x":-4.5,"y":349,"width":213,"height":182},"B_05":{"x":-4.5,"y":349,"width":213,"height":182},"C_05":{"x":-4.5,"y":349,"width":213,"height":182}},"06":{"A_06":{"x":108,"y":435,"width":12,"height":10},"B_06":{"x":107.5,"y":431,"width":11,"height":18}},"07":{"B_07":{"x":-232.5,"y":344,"width":65,"height":90}},"08":{"B_08":{"x":-155.5,"y":384.5,"width":89,"height":71}},"09":{"B_09":{"x":114,"y":382.5,"width":24,"height":79}},"all_00":{"all_00":{"x":12.5,"y":472.5,"width":75,"height":65}},"all_01":{"all_01":{"x":-131,"y":269.5,"width":40,"height":23}},"all_02":{"all_02":{"x":128,"y":273.5,"width":52,"height":31}},"all_03":{"all_03":{"x":1,"y":207.5,"width":306,"height":101}},"all_04":{"all_04":{"x":-120,"y":78.5,"width":54,"height":157}},"all_05":{"all_05":{"x":-36.5,"y":78.5,"width":77,"height":157}},"all_06":{"all_06":{"x":68.5,"y":78.5,"width":99,"height":157}},"all_07":{"all_07":{"x":162.5,"y":78.5,"width":65,"height":157}},"face_01":{"H_100_01":{"x":-14.5,"y":544.5,"width":111,"height":57},"H_110_01":{"x":-14.5,"y":544.5,"width":111,"height":57},"H_120_01":{"x":-14.5,"y":544.5,"width":111,"height":57},"H_130_01":{"x":-14.5,"y":544.5,"width":111,"height":57},"H_140_01":{"x":-14.5,"y":544.5,"width":111,"height":57},"H_150_01":{"x":-14.5,"y":544.5,"width":111,"height":57},"H_160_01":{"x":-14.5,"y":544.5,"width":111,"height":57},"M_100_01":{"x":-8.5,"y":544.5,"width":99,"height":57},"M_110_01":{"x":-8.5,"y":544.5,"width":99,"height":57},"M_120_01":{"x":-8.5,"y":544.5,"width":99,"height":57},"M_130_01":{"x":-8.5,"y":544.5,"width":99,"height":57},"M_140_01":{"x":-8.5,"y":544.5,"width":99,"height":57},"M_150_01":{"x":-8.5,"y":544.5,"width":99,"height":57},"M_160_01":{"x":-8.5,"y":544.5,"width":99,"height":57}},"face_02":{"H_100_02":{"x":9,"y":510.5,"width":116,"height":11},"H_110_02":{"x":9,"y":510.5,"width":116,"height":11},"H_120_02":{"x":9,"y":510.5,"width":116,"height":11},"H_130_02":{"x":9,"y":510.5,"width":116,"height":11},"H_140_02":{"x":9,"y":510.5,"width":116,"height":11},"H_150_02":{"x":9,"y":510.5,"width":116,"height":11},"H_160_02":{"x":9,"y":510.5,"width":116,"height":11}}}},"animations":{"100":{"slots":{"00":{"attachment":[{"time":0,"name":"A_00"}]},"01":{"attachment":[{"time":0,"name":"A_01"}]},"02":{"attachment":[{"time":0,"name":"A_02"}]},"03":{"attachment":[{"time":0,"name":"A_03"}]},"04":{"attachment":[{"time":0,"name":"A_04"}]},"05":{"attachment":[{"time":0,"name":"C_05"}]},"06":{"attachment":[{"time":0,"name":"A_06"}]},"07":{"attachment":[{"time":0,"name":null}]},"08":{"attachment":[{"time":0,"name":null}]},"09":{"attachment":[{"time":0,"name":null}]},"all_00":{"attachment":[{"time":0,"name":"all_00"}]},"all_01":{"attachment":[{"time":0,"name":"all_01"}]},"all_02":{"attachment":[{"time":0,"name":"all_02"}]},"all_03":{"attachment":[{"time":0,"name":"all_03"}]},"all_04":{"attachment":[{"time":0,"name":"all_04"}]},"all_05":{"attachment":[{"time":0,"name":"all_05"}]},"all_06":{"attachment":[{"time":0,"name":"all_06"}]},"all_07":{"attachment":[{"time":0,"name":"all_07"}]},"face_01":{"attachment":[{"time":0,"name":"M_100_01"}]},"face_02":{"attachment":[{"time":0,"name":"H_100_02"}]}}},"110":{"slots":{"00":{"attachment":[{"time":0,"name":"A_00"}]},"01":{"attachment":[{"time":0,"name":"A_01"}]},"02":{"attachment":[{"time":0,"name":"A_02"}]},"03":{"attachment":[{"time":0,"name":"A_03"}]},"04":{"attachment":[{"time":0,"name":"A_04"}]},"05":{"attachment":[{"time":0,"name":"C_05"}]},"06":{"attachment":[{"time":0,"name":"A_06"}]},"07":{"attachment":[{"time":0,"name":null}]},"08":{"attachment":[{"time":0,"name":null}]},"09":{"attachment":[{"time":0,"name":null}]},"all_00":{"attachment":[{"time":0,"name":"all_00"}]},"all_01":{"attachment":[{"time":0,"name":"all_01"}]},"all_02":{"attachment":[{"time":0,"name":"all_02"}]},"all_03":{"attachment":[{"time":0,"name":"all_03"}]},"all_04":{"attachment":[{"time":0,"name":"all_04"}]},"all_05":{"attachment":[{"time":0,"name":"all_05"}]},"all_06":{"attachment":[{"time":0,"name":"all_06"}]},"all_07":{"attachment":[{"time":0,"name":"all_07"}]},"face_01":{"attachment":[{"time":0,"name":"M_110_01"}]},"face_02":{"attachment":[{"time":0,"name":"H_110_02"}]}}},"120":{"slots":{"00":{"attachment":[{"time":0,"name":"A_00"}]},"01":{"attachment":[{"time":0,"name":"A_01"}]},"02":{"attachment":[{"time":0,"name":"A_02"}]},"03":{"attachment":[{"time":0,"name":"A_03"}]},"04":{"attachment":[{"time":0,"name":"A_04"}]},"05":{"attachment":[{"time":0,"name":"C_05"}]},"06":{"attachment":[{"time":0,"name":"A_06"}]},"07":{"attachment":[{"time":0,"name":null}]},"08":{"attachment":[{"time":0,"name":null}]},"09":{"attachment":[{"time":0,"name":null}]},"all_00":{"attachment":[{"time":0,"name":"all_00"}]},"all_01":{"attachment":[{"time":0,"name":"all_01"}]},"all_02":{"attachment":[{"time":0,"name":"all_02"}]},"all_03":{"attachment":[{"time":0,"name":"all_03"}]},"all_04":{"attachment":[{"time":0,"name":"all_04"}]},"all_05":{"attachment":[{"time":0,"name":"all_05"}]},"all_06":{"attachment":[{"time":0,"name":"all_06"}]},"all_07":{"attachment":[{"time":0,"name":"all_07"}]},"face_01":{"attachment":[{"time":0,"name":"M_120_01"}]},"face_02":{"attachment":[{"time":0,"name":"H_120_02"}]}}},"130":{"slots":{"00":{"attachment":[{"time":0,"name":"A_00"}]},"01":{"attachment":[{"time":0,"name":"A_01"}]},"02":{"attachment":[{"time":0,"name":"A_02"}]},"03":{"attachment":[{"time":0,"name":"A_03"}]},"04":{"attachment":[{"time":0,"name":"A_04"}]},"05":{"attachment":[{"time":0,"name":"C_05"}]},"06":{"attachment":[{"time":0,"name":"A_06"}]},"07":{"attachment":[{"time":0,"name":null}]},"08":{"attachment":[{"time":0,"name":null}]},"09":{"attachment":[{"time":0,"name":null}]},"all_00":{"attachment":[{"time":0,"name":"all_00"}]},"all_01":{"attachment":[{"time":0,"name":"all_01"}]},"all_02":{"attachment":[{"time":0,"name":"all_02"}]},"all_03":{"attachment":[{"time":0,"name":"all_03"}]},"all_04":{"attachment":[{"time":0,"name":"all_04"}]},"all_05":{"attachment":[{"time":0,"name":"all_05"}]},"all_06":{"attachment":[{"time":0,"name":"all_06"}]},"all_07":{"attachment":[{"time":0,"name":"all_07"}]},"face_01":{"attachment":[{"time":0,"name":"M_130_01"}]},"face_02":{"attachment":[{"time":0,"name":"H_130_02"}]}}},"140":{"slots":{"00":{"attachment":[{"time":0,"name":"A_00"}]},"01":{"attachment":[{"time":0,"name":"A_01"}]},"02":{"attachment":[{"time":0,"name":"A_02"}]},"03":{"attachment":[{"time":0,"name":"A_03"}]},"04":{"attachment":[{"time":0,"name":"A_04"}]},"05":{"attachment":[{"time":0,"name":"C_05"}]},"06":{"attachment":[{"time":0,"name":"A_06"}]},"07":{"attachment":[{"time":0,"name":null}]},"08":{"attachment":[{"time":0,"name":null}]},"09":{"attachment":[{"time":0,"name":null}]},"all_00":{"attachment":[{"time":0,"name":"all_00"}]},"all_01":{"attachment":[{"time":0,"name":"all_01"}]},"all_02":{"attachment":[{"time":0,"name":"all_02"}]},"all_03":{"attachment":[{"time":0,"name":"all_03"}]},"all_04":{"attachment":[{"time":0,"name":"all_04"}]},"all_05":{"attachment":[{"time":0,"name":"all_05"}]},"all_06":{"attachment":[{"time":0,"name":"all_06"}]},"all_07":{"attachment":[{"time":0,"name":"all_07"}]},"face_01":{"attachment":[{"time":0,"name":"M_140_01"}]},"face_02":{"attachment":[{"time":0,"name":"H_140_02"}]}}},"150":{"slots":{"00":{"attachment":[{"time":0,"name":"A_00"}]},"01":{"attachment":[{"time":0,"name":"A_01"}]},"02":{"attachment":[{"time":0,"name":"A_02"}]},"03":{"attachment":[{"time":0,"name":"A_03"}]},"04":{"attachment":[{"time":0,"name":"A_04"}]},"05":{"attachment":[{"time":0,"name":"C_05"}]},"06":{"attachment":[{"time":0,"name":"A_06"}]},"07":{"attachment":[{"time":0,"name":null}]},"08":{"attachment":[{"time":0,"name":null}]},"09":{"attachment":[{"time":0,"name":null}]},"all_00":{"attachment":[{"time":0,"name":"all_00"}]},"all_01":{"attachment":[{"time":0,"name":"all_01"}]},"all_02":{"attachment":[{"time":0,"name":"all_02"}]},"all_03":{"attachment":[{"time":0,"name":"all_03"}]},"all_04":{"attachment":[{"time":0,"name":"all_04"}]},"all_05":{"attachment":[{"time":0,"name":"all_05"}]},"all_06":{"attachment":[{"time":0,"name":"all_06"}]},"all_07":{"attachment":[{"time":0,"name":"all_07"}]},"face_01":{"attachment":[{"time":0,"name":"M_150_01"}]},"face_02":{"attachment":[{"time":0,"name":"H_150_02"}]}}},"160":{"slots":{"00":{"attachment":[{"time":0,"name":"A_00"}]},"01":{"attachment":[{"time":0,"name":"A_01"}]},"02":{"attachment":[{"time":0,"name":"A_02"}]},"03":{"attachment":[{"time":0,"name":"A_03"}]},"04":{"attachment":[{"time":0,"name":"A_04"}]},"05":{"attachment":[{"time":0,"name":"C_05"}]},"06":{"attachment":[{"time":0,"name":"A_06"}]},"07":{"attachment":[{"time":0,"name":null}]},"08":{"attachment":[{"time":0,"name":null}]},"09":{"attachment":[{"time":0,"name":null}]},"all_00":{"attachment":[{"time":0,"name":"all_00"}]},"all_01":{"attachment":[{"time":0,"name":"all_01"}]},"all_02":{"attachment":[{"time":0,"name":"all_02"}]},"all_03":{"attachment":[{"time":0,"name":"all_03"}]},"all_04":{"attachment":[{"time":0,"name":"all_04"}]},"all_05":{"attachment":[{"time":0,"name":"all_05"}]},"all_06":{"attachment":[{"time":0,"name":"all_06"}]},"all_07":{"attachment":[{"time":0,"name":"all_07"}]},"face_01":{"attachment":[{"time":0,"name":"M_160_01"}]},"face_02":{"attachment":[{"time":0,"name":"H_160_02"}]}}},"200":{"slots":{"00":{"attachment":[{"time":0,"name":"A_00"}]},"01":{"attachment":[{"time":0,"name":"A_01"}]},"02":{"attachment":[{"time":0,"name":"A_02"}]},"03":{"attachment":[{"time":0,"name":"A_03"}]},"04":{"attachment":[{"time":0,"name":"A_04"}]},"05":{"attachment":[{"time":0,"name":"A_05"}]},"06":{"attachment":[{"time":0,"name":"A_06"}]},"07":{"attachment":[{"time":0,"name":null}]},"08":{"attachment":[{"time":0,"name":null}]},"09":{"attachment":[{"time":0,"name":null}]},"all_00":{"attachment":[{"time":0,"name":"all_00"}]},"all_01":{"attachment":[{"time":0,"name":"all_01"}]},"all_02":{"attachment":[{"time":0,"name":"all_02"}]},"all_03":{"attachment":[{"time":0,"name":"all_03"}]},"all_04":{"attachment":[{"time":0,"name":"all_04"}]},"all_05":{"attachment":[{"time":0,"name":"all_05"}]},"all_06":{"attachment":[{"time":0,"name":"all_06"}]},"all_07":{"attachment":[{"time":0,"name":"all_07"}]},"face_01":{"attachment":[{"time":0,"name":"M_100_01"}]},"face_02":{"attachment":[{"time":0,"name":"H_100_02"}]}}},"210":{"slots":{"00":{"attachment":[{"time":0,"name":"A_00"}]},"01":{"attachment":[{"time":0,"name":"A_01"}]},"02":{"attachment":[{"time":0,"name":"A_02"}]},"03":{"attachment":[{"time":0,"name":"A_03"}]},"04":{"attachment":[{"time":0,"name":"A_04"}]},"05":{"attachment":[{"time":0,"name":"A_05"}]},"06":{"attachment":[{"time":0,"name":"A_06"}]},"07":{"attachment":[{"time":0,"name":null}]},"08":{"attachment":[{"time":0,"name":null}]},"09":{"attachment":[{"time":0,"name":null}]},"all_00":{"attachment":[{"time":0,"name":"all_00"}]},"all_01":{"attachment":[{"time":0,"name":"all_01"}]},"all_02":{"attachment":[{"time":0,"name":"all_02"}]},"all_03":{"attachment":[{"time":0,"name":"all_03"}]},"all_04":{"attachment":[{"time":0,"name":"all_04"}]},"all_05":{"attachment":[{"time":0,"name":"all_05"}]},"all_06":{"attachment":[{"time":0,"name":"all_06"}]},"all_07":{"attachment":[{"time":0,"name":"all_07"}]},"face_01":{"attachment":[{"time":0,"name":"M_110_01"}]},"face_02":{"attachment":[{"time":0,"name":"H_110_02"}]}}},"220":{"slots":{"00":{"attachment":[{"time":0,"name":"A_00"}]},"01":{"attachment":[{"time":0,"name":"A_01"}]},"02":{"attachment":[{"time":0,"name":"A_02"}]},"03":{"attachment":[{"time":0,"name":"A_03"}]},"04":{"attachment":[{"time":0,"name":"A_04"}]},"05":{"attachment":[{"time":0,"name":"A_05"}]},"06":{"attachment":[{"time":0,"name":"A_06"}]},"07":{"attachment":[{"time":0,"name":null}]},"08":{"attachment":[{"time":0,"name":null}]},"09":{"attachment":[{"time":0,"name":null}]},"all_00":{"attachment":[{"time":0,"name":"all_00"}]},"all_01":{"attachment":[{"time":0,"name":"all_01"}]},"all_02":{"attachment":[{"time":0,"name":"all_02"}]},"all_03":{"attachment":[{"time":0,"name":"all_03"}]},"all_04":{"attachment":[{"time":0,"name":"all_04"}]},"all_05":{"attachment":[{"time":0,"name":"all_05"}]},"all_06":{"attachment":[{"time":0,"name":"all_06"}]},"all_07":{"attachment":[{"time":0,"name":"all_07"}]},"face_01":{"attachment":[{"time":0,"name":"M_120_01"}]},"face_02":{"attachment":[{"time":0,"name":"H_120_02"}]}}},"230":{"slots":{"00":{"attachment":[{"time":0,"name":"A_00"}]},"01":{"attachment":[{"time":0,"name":"A_01"}]},"02":{"attachment":[{"time":0,"name":"A_02"}]},"03":{"attachment":[{"time":0,"name":"A_03"}]},"04":{"attachment":[{"time":0,"name":"A_04"}]},"05":{"attachment":[{"time":0,"name":"A_05"}]},"06":{"attachment":[{"time":0,"name":"A_06"}]},"07":{"attachment":[{"time":0,"name":null}]},"08":{"attachment":[{"time":0,"name":null}]},"09":{"attachment":[{"time":0,"name":null}]},"all_00":{"attachment":[{"time":0,"name":"all_00"}]},"all_01":{"attachment":[{"time":0,"name":"all_01"}]},"all_02":{"attachment":[{"time":0,"name":"all_02"}]},"all_03":{"attachment":[{"time":0,"name":"all_03"}]},"all_04":{"attachment":[{"time":0,"name":"all_04"}]},"all_05":{"attachment":[{"time":0,"name":"all_05"}]},"all_06":{"attachment":[{"time":0,"name":"all_06"}]},"all_07":{"attachment":[{"time":0,"name":"all_07"}]},"face_01":{"attachment":[{"time":0,"name":"M_130_01"}]},"face_02":{"attachment":[{"time":0,"name":"H_130_02"}]}}},"240":{"slots":{"00":{"attachment":[{"time":0,"name":"A_00"}]},"01":{"attachment":[{"time":0,"name":"A_01"}]},"02":{"attachment":[{"time":0,"name":"A_02"}]},"03":{"attachment":[{"time":0,"name":"A_03"}]},"04":{"attachment":[{"time":0,"name":"A_04"}]},"05":{"attachment":[{"time":0,"name":"A_05"}]},"06":{"attachment":[{"time":0,"name":"A_06"}]},"07":{"attachment":[{"time":0,"name":null}]},"08":{"attachment":[{"time":0,"name":null}]},"09":{"attachment":[{"time":0,"name":null}]},"all_00":{"attachment":[{"time":0,"name":"all_00"}]},"all_01":{"attachment":[{"time":0,"name":"all_01"}]},"all_02":{"attachment":[{"time":0,"name":"all_02"}]},"all_03":{"attachment":[{"time":0,"name":"all_03"}]},"all_04":{"attachment":[{"time":0,"name":"all_04"}]},"all_05":{"attachment":[{"time":0,"name":"all_05"}]},"all_06":{"attachment":[{"time":0,"name":"all_06"}]},"all_07":{"attachment":[{"time":0,"name":"all_07"}]},"face_01":{"attachment":[{"time":0,"name":"M_140_01"}]},"face_02":{"attachment":[{"time":0,"name":"H_140_02"}]}}},"250":{"slots":{"00":{"attachment":[{"time":0,"name":"A_00"}]},"01":{"attachment":[{"time":0,"name":"A_01"}]},"02":{"attachment":[{"time":0,"name":"A_02"}]},"03":{"attachment":[{"time":0,"name":"A_03"}]},"04":{"attachment":[{"time":0,"name":"A_04"}]},"05":{"attachment":[{"time":0,"name":"A_05"}]},"06":{"attachment":[{"time":0,"name":"A_06"}]},"07":{"attachment":[{"time":0,"name":null}]},"08":{"attachment":[{"time":0,"name":null}]},"09":{"attachment":[{"time":0,"name":null}]},"all_00":{"attachment":[{"time":0,"name":"all_00"}]},"all_01":{"attachment":[{"time":0,"name":"all_01"}]},"all_02":{"attachment":[{"time":0,"name":"all_02"}]},"all_03":{"attachment":[{"time":0,"name":"all_03"}]},"all_04":{"attachment":[{"time":0,"name":"all_04"}]},"all_05":{"attachment":[{"time":0,"name":"all_05"}]},"all_06":{"attachment":[{"time":0,"name":"all_06"}]},"all_07":{"attachment":[{"time":0,"name":"all_07"}]},"face_01":{"attachment":[{"time":0,"name":"M_150_01"}]},"face_02":{"attachment":[{"time":0,"name":"H_150_02"}]}}},"260":{"slots":{"00":{"attachment":[{"time":0,"name":"A_00"}]},"01":{"attachment":[{"time":0,"name":"A_01"}]},"02":{"attachment":[{"time":0,"name":"A_02"}]},"03":{"attachment":[{"time":0,"name":"A_03"}]},"04":{"attachment":[{"time":0,"name":"A_04"}]},"05":{"attachment":[{"time":0,"name":"A_05"}]},"06":{"attachment":[{"time":0,"name":"A_06"}]},"07":{"attachment":[{"time":0,"name":null}]},"08":{"attachment":[{"time":0,"name":null}]},"09":{"attachment":[{"time":0,"name":null}]},"all_00":{"attachment":[{"time":0,"name":"all_00"}]},"all_01":{"attachment":[{"time":0,"name":"all_01"}]},"all_02":{"attachment":[{"time":0,"name":"all_02"}]},"all_03":{"attachment":[{"time":0,"name":"all_03"}]},"all_04":{"attachment":[{"time":0,"name":"all_04"}]},"all_05":{"attachment":[{"time":0,"name":"all_05"}]},"all_06":{"attachment":[{"time":0,"name":"all_06"}]},"all_07":{"attachment":[{"time":0,"name":"all_07"}]},"face_01":{"attachment":[{"time":0,"name":"M_160_01"}]},"face_02":{"attachment":[{"time":0,"name":"H_160_02"}]}}},"300":{"slots":{"00":{"attachment":[{"time":0,"name":"B_00"}]},"01":{"attachment":[{"time":0,"name":"B_01"}]},"02":{"attachment":[{"time":0,"name":"A_02"}]},"03":{"attachment":[{"time":0,"name":"A_03"}]},"04":{"attachment":[{"time":0,"name":"A_04"}]},"05":{"attachment":[{"time":0,"name":"C_05"}]},"06":{"attachment":[{"time":0,"name":"A_06"}]},"07":{"attachment":[{"time":0,"name":null}]},"08":{"attachment":[{"time":0,"name":null}]},"09":{"attachment":[{"time":0,"name":null}]},"all_00":{"attachment":[{"time":0,"name":"all_00"}]},"all_01":{"attachment":[{"time":0,"name":"all_01"}]},"all_02":{"attachment":[{"time":0,"name":"all_02"}]},"all_03":{"attachment":[{"time":0,"name":"all_03"}]},"all_04":{"attachment":[{"time":0,"name":"all_04"}]},"all_05":{"attachment":[{"time":0,"name":"all_05"}]},"all_06":{"attachment":[{"time":0,"name":"all_06"}]},"all_07":{"attachment":[{"time":0,"name":"all_07"}]},"face_01":{"attachment":[{"time":0,"name":"H_100_01"}]},"face_02":{"attachment":[{"time":0,"name":"H_100_02"}]}}},"310":{"slots":{"00":{"attachment":[{"time":0,"name":"B_00"}]},"01":{"attachment":[{"time":0,"name":"B_01"}]},"02":{"attachment":[{"time":0,"name":"A_02"}]},"03":{"attachment":[{"time":0,"name":"A_03"}]},"04":{"attachment":[{"time":0,"name":"A_04"}]},"05":{"attachment":[{"time":0,"name":"C_05"}]},"06":{"attachment":[{"time":0,"name":"A_06"}]},"07":{"attachment":[{"time":0,"name":null}]},"08":{"attachment":[{"time":0,"name":null}]},"09":{"attachment":[{"time":0,"name":null}]},"all_00":{"attachment":[{"time":0,"name":"all_00"}]},"all_01":{"attachment":[{"time":0,"name":"all_01"}]},"all_02":{"attachment":[{"time":0,"name":"all_02"}]},"all_03":{"attachment":[{"time":0,"name":"all_03"}]},"all_04":{"attachment":[{"time":0,"name":"all_04"}]},"all_05":{"attachment":[{"time":0,"name":"all_05"}]},"all_06":{"attachment":[{"time":0,"name":"all_06"}]},"all_07":{"attachment":[{"time":0,"name":"all_07"}]},"face_01":{"attachment":[{"time":0,"name":"H_110_01"}]},"face_02":{"attachment":[{"time":0,"name":"H_110_02"}]}}},"320":{"slots":{"00":{"attachment":[{"time":0,"name":"B_00"}]},"01":{"attachment":[{"time":0,"name":"B_01"}]},"02":{"attachment":[{"time":0,"name":"A_02"}]},"03":{"attachment":[{"time":0,"name":"A_03"}]},"04":{"attachment":[{"time":0,"name":"A_04"}]},"05":{"attachment":[{"time":0,"name":"C_05"}]},"06":{"attachment":[{"time":0,"name":"A_06"}]},"07":{"attachment":[{"time":0,"name":null}]},"08":{"attachment":[{"time":0,"name":null}]},"09":{"attachment":[{"time":0,"name":null}]},"all_00":{"attachment":[{"time":0,"name":"all_00"}]},"all_01":{"attachment":[{"time":0,"name":"all_01"}]},"all_02":{"attachment":[{"time":0,"name":"all_02"}]},"all_03":{"attachment":[{"time":0,"name":"all_03"}]},"all_04":{"attachment":[{"time":0,"name":"all_04"}]},"all_05":{"attachment":[{"time":0,"name":"all_05"}]},"all_06":{"attachment":[{"time":0,"name":"all_06"}]},"all_07":{"attachment":[{"time":0,"name":"all_07"}]},"face_01":{"attachment":[{"time":0,"name":"H_120_01"}]},"face_02":{"attachment":[{"time":0,"name":"H_120_02"}]}}},"330":{"slots":{"00":{"attachment":[{"time":0,"name":"B_00"}]},"01":{"attachment":[{"time":0,"name":"B_01"}]},"02":{"attachment":[{"time":0,"name":"A_02"}]},"03":{"attachment":[{"time":0,"name":"A_03"}]},"04":{"attachment":[{"time":0,"name":"A_04"}]},"05":{"attachment":[{"time":0,"name":"C_05"}]},"06":{"attachment":[{"time":0,"name":"A_06"}]},"07":{"attachment":[{"time":0,"name":null}]},"08":{"attachment":[{"time":0,"name":null}]},"09":{"attachment":[{"time":0,"name":null}]},"all_00":{"attachment":[{"time":0,"name":"all_00"}]},"all_01":{"attachment":[{"time":0,"name":"all_01"}]},"all_02":{"attachment":[{"time":0,"name":"all_02"}]},"all_03":{"attachment":[{"time":0,"name":"all_03"}]},"all_04":{"attachment":[{"time":0,"name":"all_04"}]},"all_05":{"attachment":[{"time":0,"name":"all_05"}]},"all_06":{"attachment":[{"time":0,"name":"all_06"}]},"all_07":{"attachment":[{"time":0,"name":"all_07"}]},"face_01":{"attachment":[{"time":0,"name":"H_130_01"}]},"face_02":{"attachment":[{"time":0,"name":"H_130_02"}]}}},"340":{"slots":{"00":{"attachment":[{"time":0,"name":"B_00"}]},"01":{"attachment":[{"time":0,"name":"B_01"}]},"02":{"attachment":[{"time":0,"name":"A_02"}]},"03":{"attachment":[{"time":0,"name":"A_03"}]},"04":{"attachment":[{"time":0,"name":"A_04"}]},"05":{"attachment":[{"time":0,"name":"C_05"}]},"06":{"attachment":[{"time":0,"name":"A_06"}]},"07":{"attachment":[{"time":0,"name":null}]},"08":{"attachment":[{"time":0,"name":null}]},"09":{"attachment":[{"time":0,"name":null}]},"all_00":{"attachment":[{"time":0,"name":"all_00"}]},"all_01":{"attachment":[{"time":0,"name":"all_01"}]},"all_02":{"attachment":[{"time":0,"name":"all_02"}]},"all_03":{"attachment":[{"time":0,"name":"all_03"}]},"all_04":{"attachment":[{"time":0,"name":"all_04"}]},"all_05":{"attachment":[{"time":0,"name":"all_05"}]},"all_06":{"attachment":[{"time":0,"name":"all_06"}]},"all_07":{"attachment":[{"time":0,"name":"all_07"}]},"face_01":{"attachment":[{"time":0,"name":"H_140_01"}]},"face_02":{"attachment":[{"time":0,"name":"H_140_02"}]}}},"350":{"slots":{"00":{"attachment":[{"time":0,"name":"B_00"}]},"01":{"attachment":[{"time":0,"name":"B_01"}]},"02":{"attachment":[{"time":0,"name":"A_02"}]},"03":{"attachment":[{"time":0,"name":"A_03"}]},"04":{"attachment":[{"time":0,"name":"A_04"}]},"05":{"attachment":[{"time":0,"name":"C_05"}]},"06":{"attachment":[{"time":0,"name":"A_06"}]},"07":{"attachment":[{"time":0,"name":null}]},"08":{"attachment":[{"time":0,"name":null}]},"09":{"attachment":[{"time":0,"name":null}]},"all_00":{"attachment":[{"time":0,"name":"all_00"}]},"all_01":{"attachment":[{"time":0,"name":"all_01"}]},"all_02":{"attachment":[{"time":0,"name":"all_02"}]},"all_03":{"attachment":[{"time":0,"name":"all_03"}]},"all_04":{"attachment":[{"time":0,"name":"all_04"}]},"all_05":{"attachment":[{"time":0,"name":"all_05"}]},"all_06":{"attachment":[{"time":0,"name":"all_06"}]},"all_07":{"attachment":[{"time":0,"name":"all_07"}]},"face_01":{"attachment":[{"time":0,"name":"H_150_01"}]},"face_02":{"attachment":[{"time":0,"name":"H_150_02"}]}}},"360":{"slots":{"00":{"attachment":[{"time":0,"name":"B_00"}]},"01":{"attachment":[{"time":0,"name":"B_01"}]},"02":{"attachment":[{"time":0,"name":"A_02"}]},"03":{"attachment":[{"time":0,"name":"A_03"}]},"04":{"attachment":[{"time":0,"name":"A_04"}]},"05":{"attachment":[{"time":0,"name":"C_05"}]},"06":{"attachment":[{"time":0,"name":"A_06"}]},"07":{"attachment":[{"time":0,"name":null}]},"08":{"attachment":[{"time":0,"name":null}]},"09":{"attachment":[{"time":0,"name":null}]},"all_00":{"attachment":[{"time":0,"name":"all_00"}]},"all_01":{"attachment":[{"time":0,"name":"all_01"}]},"all_02":{"attachment":[{"time":0,"name":"all_02"}]},"all_03":{"attachment":[{"time":0,"name":"all_03"}]},"all_04":{"attachment":[{"time":0,"name":"all_04"}]},"all_05":{"attachment":[{"time":0,"name":"all_05"}]},"all_06":{"attachment":[{"time":0,"name":"all_06"}]},"all_07":{"attachment":[{"time":0,"name":"all_07"}]},"face_01":{"attachment":[{"time":0,"name":"H_150_01"}]},"face_02":{"attachment":[{"time":0,"name":"H_150_02"}]}}},"400":{"slots":{"00":{"attachment":[{"time":0,"name":"A_00"}]},"01":{"attachment":[{"time":0,"name":"A_01"}]},"02":{"attachment":[{"time":0,"name":"B_02"}]},"03":{"attachment":[{"time":0,"name":"B_03"}]},"04":{"attachment":[{"time":0,"name":"B_04"}]},"05":{"attachment":[{"time":0,"name":"B_05"}]},"06":{"attachment":[{"time":0,"name":"B_06"}]},"07":{"attachment":[{"time":0,"name":"B_07"}]},"08":{"attachment":[{"time":0,"name":"B_08"}]},"09":{"attachment":[{"time":0,"name":"B_09"}]},"all_00":{"attachment":[{"time":0,"name":"all_00"}]},"all_01":{"attachment":[{"time":0,"name":"all_01"}]},"all_02":{"attachment":[{"time":0,"name":"all_02"}]},"all_03":{"attachment":[{"time":0,"name":"all_03"}]},"all_04":{"attachment":[{"time":0,"name":"all_04"}]},"all_05":{"attachment":[{"time":0,"name":"all_05"}]},"all_06":{"attachment":[{"time":0,"name":"all_06"}]},"all_07":{"attachment":[{"time":0,"name":"all_07"}]},"face_01":{"attachment":[{"time":0,"name":"M_100_01"}]},"face_02":{"attachment":[{"time":0,"name":"H_100_02"}]}}},"410":{"slots":{"00":{"attachment":[{"time":0,"name":"A_00"}]},"01":{"attachment":[{"time":0,"name":"A_01"}]},"02":{"attachment":[{"time":0,"name":"B_02"}]},"03":{"attachment":[{"time":0,"name":"B_03"}]},"04":{"attachment":[{"time":0,"name":"B_04"}]},"05":{"attachment":[{"time":0,"name":"B_05"}]},"06":{"attachment":[{"time":0,"name":"B_06"}]},"07":{"attachment":[{"time":0,"name":"B_07"}]},"08":{"attachment":[{"time":0,"name":"B_08"}]},"09":{"attachment":[{"time":0,"name":"B_09"}]},"all_00":{"attachment":[{"time":0,"name":"all_00"}]},"all_01":{"attachment":[{"time":0,"name":"all_01"}]},"all_02":{"attachment":[{"time":0,"name":"all_02"}]},"all_03":{"attachment":[{"time":0,"name":"all_03"}]},"all_04":{"attachment":[{"time":0,"name":"all_04"}]},"all_05":{"attachment":[{"time":0,"name":"all_05"}]},"all_06":{"attachment":[{"time":0,"name":"all_06"}]},"all_07":{"attachment":[{"time":0,"name":"all_07"}]},"face_01":{"attachment":[{"time":0,"name":"M_110_01"}]},"face_02":{"attachment":[{"time":0,"name":"H_110_02"}]}}},"420":{"slots":{"00":{"attachment":[{"time":0,"name":"A_00"}]},"01":{"attachment":[{"time":0,"name":"A_01"}]},"02":{"attachment":[{"time":0,"name":"B_02"}]},"03":{"attachment":[{"time":0,"name":"B_03"}]},"04":{"attachment":[{"time":0,"name":"B_04"}]},"05":{"attachment":[{"time":0,"name":"B_05"}]},"06":{"attachment":[{"time":0,"name":"B_06"}]},"07":{"attachment":[{"time":0,"name":"B_07"}]},"08":{"attachment":[{"time":0,"name":"B_08"}]},"09":{"attachment":[{"time":0,"name":"B_09"}]},"all_00":{"attachment":[{"time":0,"name":"all_00"}]},"all_01":{"attachment":[{"time":0,"name":"all_01"}]},"all_02":{"attachment":[{"time":0,"name":"all_02"}]},"all_03":{"attachment":[{"time":0,"name":"all_03"}]},"all_04":{"attachment":[{"time":0,"name":"all_04"}]},"all_05":{"attachment":[{"time":0,"name":"all_05"}]},"all_06":{"attachment":[{"time":0,"name":"all_06"}]},"all_07":{"attachment":[{"time":0,"name":"all_07"}]},"face_01":{"attachment":[{"time":0,"name":"M_120_01"}]},"face_02":{"attachment":[{"time":0,"name":"H_120_02"}]}}},"430":{"slots":{"00":{"attachment":[{"time":0,"name":"A_00"}]},"01":{"attachment":[{"time":0,"name":"A_01"}]},"02":{"attachment":[{"time":0,"name":"B_02"}]},"03":{"attachment":[{"time":0,"name":"B_03"}]},"04":{"attachment":[{"time":0,"name":"B_04"}]},"05":{"attachment":[{"time":0,"name":"B_05"}]},"06":{"attachment":[{"time":0,"name":"B_06"}]},"07":{"attachment":[{"time":0,"name":"B_07"}]},"08":{"attachment":[{"time":0,"name":"B_08"}]},"09":{"attachment":[{"time":0,"name":"B_09"}]},"all_00":{"attachment":[{"time":0,"name":"all_00"}]},"all_01":{"attachment":[{"time":0,"name":"all_01"}]},"all_02":{"attachment":[{"time":0,"name":"all_02"}]},"all_03":{"attachment":[{"time":0,"name":"all_03"}]},"all_04":{"attachment":[{"time":0,"name":"all_04"}]},"all_05":{"attachment":[{"time":0,"name":"all_05"}]},"all_06":{"attachment":[{"time":0,"name":"all_06"}]},"all_07":{"attachment":[{"time":0,"name":"all_07"}]},"face_01":{"attachment":[{"time":0,"name":"M_130_01"}]},"face_02":{"attachment":[{"time":0,"name":"H_130_02"}]}}},"440":{"slots":{"00":{"attachment":[{"time":0,"name":"A_00"}]},"01":{"attachment":[{"time":0,"name":"A_01"}]},"02":{"attachment":[{"time":0,"name":"B_02"}]},"03":{"attachment":[{"time":0,"name":"B_03"}]},"04":{"attachment":[{"time":0,"name":"B_04"}]},"05":{"attachment":[{"time":0,"name":"B_05"}]},"06":{"attachment":[{"time":0,"name":"B_06"}]},"07":{"attachment":[{"time":0,"name":"B_07"}]},"08":{"attachment":[{"time":0,"name":"B_08"}]},"09":{"attachment":[{"time":0,"name":"B_09"}]},"all_00":{"attachment":[{"time":0,"name":"all_00"}]},"all_01":{"attachment":[{"time":0,"name":"all_01"}]},"all_02":{"attachment":[{"time":0,"name":"all_02"}]},"all_03":{"attachment":[{"time":0,"name":"all_03"}]},"all_04":{"attachment":[{"time":0,"name":"all_04"}]},"all_05":{"attachment":[{"time":0,"name":"all_05"}]},"all_06":{"attachment":[{"time":0,"name":"all_06"}]},"all_07":{"attachment":[{"time":0,"name":"all_07"}]},"face_01":{"attachment":[{"time":0,"name":"M_140_01"}]},"face_02":{"attachment":[{"time":0,"name":"H_140_02"}]}}},"450":{"slots":{"00":{"attachment":[{"time":0,"name":"A_00"}]},"01":{"attachment":[{"time":0,"name":"A_01"}]},"02":{"attachment":[{"time":0,"name":"B_02"}]},"03":{"attachment":[{"time":0,"name":"B_03"}]},"04":{"attachment":[{"time":0,"name":"B_04"}]},"05":{"attachment":[{"time":0,"name":"B_05"}]},"06":{"attachment":[{"time":0,"name":"B_06"}]},"07":{"attachment":[{"time":0,"name":"B_07"}]},"08":{"attachment":[{"time":0,"name":"B_08"}]},"09":{"attachment":[{"time":0,"name":"B_09"}]},"all_00":{"attachment":[{"time":0,"name":"all_00"}]},"all_01":{"attachment":[{"time":0,"name":"all_01"}]},"all_02":{"attachment":[{"time":0,"name":"all_02"}]},"all_03":{"attachment":[{"time":0,"name":"all_03"}]},"all_04":{"attachment":[{"time":0,"name":"all_04"}]},"all_05":{"attachment":[{"time":0,"name":"all_05"}]},"all_06":{"attachment":[{"time":0,"name":"all_06"}]},"all_07":{"attachment":[{"time":0,"name":"all_07"}]},"face_01":{"attachment":[{"time":0,"name":"M_150_01"}]},"face_02":{"attachment":[{"time":0,"name":"H_150_02"}]}}},"460":{"slots":{"00":{"attachment":[{"time":0,"name":"A_00"}]},"01":{"attachment":[{"time":0,"name":"A_01"}]},"02":{"attachment":[{"time":0,"name":"B_02"}]},"03":{"attachment":[{"time":0,"name":"B_03"}]},"04":{"attachment":[{"time":0,"name":"B_04"}]},"05":{"attachment":[{"time":0,"name":"B_05"}]},"06":{"attachment":[{"time":0,"name":"B_06"}]},"07":{"attachment":[{"time":0,"name":"B_07"}]},"08":{"attachment":[{"time":0,"name":"B_08"}]},"09":{"attachment":[{"time":0,"name":"B_09"}]},"all_00":{"attachment":[{"time":0,"name":"all_00"}]},"all_01":{"attachment":[{"time":0,"name":"all_01"}]},"all_02":{"attachment":[{"time":0,"name":"all_02"}]},"all_03":{"attachment":[{"time":0,"name":"all_03"}]},"all_04":{"attachment":[{"time":0,"name":"all_04"}]},"all_05":{"attachment":[{"time":0,"name":"all_05"}]},"all_06":{"attachment":[{"time":0,"name":"all_06"}]},"all_07":{"attachment":[{"time":0,"name":"all_07"}]},"face_01":{"attachment":[{"time":0,"name":"M_160_01"}]},"face_02":{"attachment":[{"time":0,"name":"H_160_02"}]}}},"500":{"slots":{"00":{"attachment":[{"time":0,"name":"B_00"}]},"01":{"attachment":[{"time":0,"name":"B_01"}]},"02":{"attachment":[{"time":0,"name":"B_02"}]},"03":{"attachment":[{"time":0,"name":"B_03"}]},"04":{"attachment":[{"time":0,"name":"B_04"}]},"05":{"attachment":[{"time":0,"name":"B_05"}]},"06":{"attachment":[{"time":0,"name":"B_06"}]},"07":{"attachment":[{"time":0,"name":"B_07"}]},"08":{"attachment":[{"time":0,"name":"B_08"}]},"09":{"attachment":[{"time":0,"name":"B_09"}]},"all_00":{"attachment":[{"time":0,"name":"all_00"}]},"all_01":{"attachment":[{"time":0,"name":"all_01"}]},"all_02":{"attachment":[{"time":0,"name":"all_02"}]},"all_03":{"attachment":[{"time":0,"name":"all_03"}]},"all_04":{"attachment":[{"time":0,"name":"all_04"}]},"all_05":{"attachment":[{"time":0,"name":"all_05"}]},"all_06":{"attachment":[{"time":0,"name":"all_06"}]},"all_07":{"attachment":[{"time":0,"name":"all_07"}]},"face_01":{"attachment":[{"time":0,"name":"H_100_01"}]},"face_02":{"attachment":[{"time":0,"name":"H_100_02"}]}}},"510":{"slots":{"00":{"attachment":[{"time":0,"name":"B_00"}]},"01":{"attachment":[{"time":0,"name":"B_01"}]},"02":{"attachment":[{"time":0,"name":"B_02"}]},"03":{"attachment":[{"time":0,"name":"B_03"}]},"04":{"attachment":[{"time":0,"name":"B_04"}]},"05":{"attachment":[{"time":0,"name":"B_05"}]},"06":{"attachment":[{"time":0,"name":"B_06"}]},"07":{"attachment":[{"time":0,"name":"B_07"}]},"08":{"attachment":[{"time":0,"name":"B_08"}]},"09":{"attachment":[{"time":0,"name":"B_09"}]},"all_00":{"attachment":[{"time":0,"name":"all_00"}]},"all_01":{"attachment":[{"time":0,"name":"all_01"}]},"all_02":{"attachment":[{"time":0,"name":"all_02"}]},"all_03":{"attachment":[{"time":0,"name":"all_03"}]},"all_04":{"attachment":[{"time":0,"name":"all_04"}]},"all_05":{"attachment":[{"time":0,"name":"all_05"}]},"all_06":{"attachment":[{"time":0,"name":"all_06"}]},"all_07":{"attachment":[{"time":0,"name":"all_07"}]},"face_01":{"attachment":[{"time":0,"name":"H_110_01"}]},"face_02":{"attachment":[{"time":0,"name":"H_110_02"}]}}},"520":{"slots":{"00":{"attachment":[{"time":0,"name":"B_00"}]},"01":{"attachment":[{"time":0,"name":"B_01"}]},"02":{"attachment":[{"time":0,"name":"B_02"}]},"03":{"attachment":[{"time":0,"name":"B_03"}]},"04":{"attachment":[{"time":0,"name":"B_04"}]},"05":{"attachment":[{"time":0,"name":"B_05"}]},"06":{"attachment":[{"time":0,"name":"B_06"}]},"07":{"attachment":[{"time":0,"name":"B_07"}]},"08":{"attachment":[{"time":0,"name":"B_08"}]},"09":{"attachment":[{"time":0,"name":"B_09"}]},"all_00":{"attachment":[{"time":0,"name":"all_00"}]},"all_01":{"attachment":[{"time":0,"name":"all_01"}]},"all_02":{"attachment":[{"time":0,"name":"all_02"}]},"all_03":{"attachment":[{"time":0,"name":"all_03"}]},"all_04":{"attachment":[{"time":0,"name":"all_04"}]},"all_05":{"attachment":[{"time":0,"name":"all_05"}]},"all_06":{"attachment":[{"time":0,"name":"all_06"}]},"all_07":{"attachment":[{"time":0,"name":"all_07"}]},"face_01":{"attachment":[{"time":0,"name":"H_120_01"}]},"face_02":{"attachment":[{"time":0,"name":"H_120_02"}]}}},"530":{"slots":{"00":{"attachment":[{"time":0,"name":"B_00"}]},"01":{"attachment":[{"time":0,"name":"B_01"}]},"02":{"attachment":[{"time":0,"name":"B_02"}]},"03":{"attachment":[{"time":0,"name":"B_03"}]},"04":{"attachment":[{"time":0,"name":"B_04"}]},"05":{"attachment":[{"time":0,"name":"B_05"}]},"06":{"attachment":[{"time":0,"name":"B_06"}]},"07":{"attachment":[{"time":0,"name":"B_07"}]},"08":{"attachment":[{"time":0,"name":"B_08"}]},"09":{"attachment":[{"time":0,"name":"B_09"}]},"all_00":{"attachment":[{"time":0,"name":"all_00"}]},"all_01":{"attachment":[{"time":0,"name":"all_01"}]},"all_02":{"attachment":[{"time":0,"name":"all_02"}]},"all_03":{"attachment":[{"time":0,"name":"all_03"}]},"all_04":{"attachment":[{"time":0,"name":"all_04"}]},"all_05":{"attachment":[{"time":0,"name":"all_05"}]},"all_06":{"attachment":[{"time":0,"name":"all_06"}]},"all_07":{"attachment":[{"time":0,"name":"all_07"}]},"face_01":{"attachment":[{"time":0,"name":"H_130_01"}]},"face_02":{"attachment":[{"time":0,"name":"H_130_02"}]}}},"540":{"slots":{"00":{"attachment":[{"time":0,"name":"B_00"}]},"01":{"attachment":[{"time":0,"name":"B_01"}]},"02":{"attachment":[{"time":0,"name":"B_02"}]},"03":{"attachment":[{"time":0,"name":"B_03"}]},"04":{"attachment":[{"time":0,"name":"B_04"}]},"05":{"attachment":[{"time":0,"name":"B_05"}]},"06":{"attachment":[{"time":0,"name":"B_06"}]},"07":{"attachment":[{"time":0,"name":"B_07"}]},"08":{"attachment":[{"time":0,"name":"B_08"}]},"09":{"attachment":[{"time":0,"name":"B_09"}]},"all_00":{"attachment":[{"time":0,"name":"all_00"}]},"all_01":{"attachment":[{"time":0,"name":"all_01"}]},"all_02":{"attachment":[{"time":0,"name":"all_02"}]},"all_03":{"attachment":[{"time":0,"name":"all_03"}]},"all_04":{"attachment":[{"time":0,"name":"all_04"}]},"all_05":{"attachment":[{"time":0,"name":"all_05"}]},"all_06":{"attachment":[{"time":0,"name":"all_06"}]},"all_07":{"attachment":[{"time":0,"name":"all_07"}]},"face_01":{"attachment":[{"time":0,"name":"H_140_01"}]},"face_02":{"attachment":[{"time":0,"name":"H_140_02"}]}}},"550":{"slots":{"00":{"attachment":[{"time":0,"name":"B_00"}]},"01":{"attachment":[{"time":0,"name":"B_01"}]},"02":{"attachment":[{"time":0,"name":"B_02"}]},"03":{"attachment":[{"time":0,"name":"B_03"}]},"04":{"attachment":[{"time":0,"name":"B_04"}]},"05":{"attachment":[{"time":0,"name":"B_05"}]},"06":{"attachment":[{"time":0,"name":"B_06"}]},"07":{"attachment":[{"time":0,"name":"B_07"}]},"08":{"attachment":[{"time":0,"name":"B_08"}]},"09":{"attachment":[{"time":0,"name":"B_09"}]},"all_00":{"attachment":[{"time":0,"name":"all_00"}]},"all_01":{"attachment":[{"time":0,"name":"all_01"}]},"all_02":{"attachment":[{"time":0,"name":"all_02"}]},"all_03":{"attachment":[{"time":0,"name":"all_03"}]},"all_04":{"attachment":[{"time":0,"name":"all_04"}]},"all_05":{"attachment":[{"time":0,"name":"all_05"}]},"all_06":{"attachment":[{"time":0,"name":"all_06"}]},"all_07":{"attachment":[{"time":0,"name":"all_07"}]},"face_01":{"attachment":[{"time":0,"name":"H_150_01"}]},"face_02":{"attachment":[{"time":0,"name":"H_150_02"}]}}},"560":{"slots":{"00":{"attachment":[{"time":0,"name":"B_00"}]},"01":{"attachment":[{"time":0,"name":"B_01"}]},"02":{"attachment":[{"time":0,"name":"B_02"}]},"03":{"attachment":[{"time":0,"name":"B_03"}]},"04":{"attachment":[{"time":0,"name":"B_04"}]},"05":{"attachment":[{"time":0,"name":"B_05"}]},"06":{"attachment":[{"time":0,"name":"B_06"}]},"07":{"attachment":[{"time":0,"name":"B_07"}]},"08":{"attachment":[{"time":0,"name":"B_08"}]},"09":{"attachment":[{"time":0,"name":"B_09"}]},"all_00":{"attachment":[{"time":0,"name":"all_00"}]},"all_01":{"attachment":[{"time":0,"name":"all_01"}]},"all_02":{"attachment":[{"time":0,"name":"all_02"}]},"all_03":{"attachment":[{"time":0,"name":"all_03"}]},"all_04":{"attachment":[{"time":0,"name":"all_04"}]},"all_05":{"attachment":[{"time":0,"name":"all_05"}]},"all_06":{"attachment":[{"time":0,"name":"all_06"}]},"all_07":{"attachment":[{"time":0,"name":"all_07"}]},"face_01":{"attachment":[{"time":0,"name":"H_160_01"}]},"face_02":{"attachment":[{"time":0,"name":"H_160_02"}]}}}}}