{"skeleton":{"hash":"ej6lEyhkVccemeehwqVxR9ygjHY","spine":"3.0.12","width":0,"height":0,"images":"./images/"},"bones":[{"name":"root"},{"name":"MAIN","parent":"root","y":50},{"name":"HPBAR","parent":"MAIN","y":70}],"slots":[{"name":"MAIN","bone":"MAIN","attachment":"idle_00"}],"skins":{"default":{"MAIN":{"idle_00":{"x":14.99,"y":12.55,"width":400,"height":400},"idle_01":{"x":14.99,"y":12.55,"width":400,"height":400},"idle_02":{"x":14.99,"y":12.55,"width":400,"height":400},"idle_03":{"x":14.99,"y":12.55,"width":400,"height":400}}}},"events":{"Event":{},"Hit":{},"Sound1":{},"Sound2":{},"View":{},"Voice":{}},"animations":{"idle":{"slots":{"MAIN":{"attachment":[{"time":0,"name":"idle_00"},{"time":0.1666,"name":"idle_01"},{"time":0.3333,"name":"idle_02"},{"time":0.5,"name":"idle_03"},{"time":0.6666,"name":"idle_00"}]}}}}}