{"skeleton":{"hash":"5m6L9oSqlfDsic7tLpoEzSSdYW8","spine":"3.0.12","width":512,"height":512},"bones":[{"name":"root"},{"name":"MAIN","parent":"root","y":64},{"name":"HITBOX","parent":"MAIN","x":-4.82,"y":-5.57,"scaleX":0.49},{"name":"EF","parent":"root"},{"name":"EF_wave1_4","parent":"EF"},{"name":"EF_wave1_3","parent":"EF"},{"name":"EF_wave1_2","parent":"EF"},{"name":"EF_wave1_1","parent":"EF"},{"name":"EF_slash00","parent":"EF"},{"name":"EF_dash1_1","parent":"EF"},{"name":"EF_cross1_1","parent":"EF","x":200},{"name":"EF_aura","parent":"EF"},{"name":"DAMAGEAREA","parent":"root"},{"name":"sample_image","parent":"root"}],"slots":[{"name":"EF_wave1_1","bone":"EF_wave1_1","blend":"additive"},{"name":"EF_wave1_2","bone":"EF_wave1_2","blend":"additive"},{"name":"EF_wave1_3","bone":"EF_wave1_3","blend":"additive"},{"name":"EF_wave1_4","bone":"EF_wave1_4","blend":"additive"},{"name":"MAIN","bone":"MAIN","attachment":"idle_00"},{"name":"EF/sample","bone":"sample_image","color":"ffffff33"},{"name":"EF/通常攻撃sample","bone":"sample_image","color":"ffffff65"},{"name":"EF/ダメージsample","bone":"sample_image","color":"ffffff65"},{"name":"EF/前進sample","bone":"sample_image","color":"ffffff65"},{"name":"EF/スキルsample","bone":"sample_image","color":"ffffff65"},{"name":"EF/奥義sample","bone":"sample_image","color":"ffffff65"},{"name":"EF/後退sample","bone":"sample_image","color":"ffffff7c"},{"name":"EF_dash1_1","bone":"EF_dash1_1","blend":"additive"},{"name":"EF_cross1_1","bone":"EF_cross1_1"},{"name":"EF/slash_dot/EF_slash00","bone":"EF_slash00","color":"a500ffff","blend":"additive"},{"name":"EF_aura","bone":"EF_aura","blend":"additive"},{"name":"HITBOX","bone":"HITBOX","attachment":"HITBOX"},{"name":"DAMAGEAREA","bone":"DAMAGEAREA"}],"skins":{"default":{"DAMAGEAREA":{"DAMAGEAREA":{"type":"boundingbox","vertices":[-64.78315,-64.97604,63.3207,-64.44005,63.3207,64.19978,-64.24712,64.19978]}},"EF/sample":{"EF/sample":{"x":-1336.46,"y":-832.24,"scaleX":2,"scaleY":2,"width":140,"height":89}},"EF/slash_dot/EF_slash00":{"EF/slash_dot/EF_slash00":{"width":162,"height":129},"EF/slash_dot/EF_slash01":{"width":162,"height":129}},"EF/スキルsample":{"EF/スキルsample":{"x":-1283.45,"y":864.99,"scaleX":2,"scaleY":2,"width":2016,"height":352}},"EF/ダメージsample":{"EF/ダメージsample":{"x":-1342.73,"y":200.21,"scaleX":2,"scaleY":2,"width":190,"height":176}},"EF/前進sample":{"EF/前進sample":{"x":-1347.78,"y":196.41,"scaleX":2,"scaleY":2,"width":448,"height":176}},"EF/奥義sample":{"EF/奥義sample":{"x":-1283.45,"y":521.47,"scaleX":2,"scaleY":2,"width":2016,"height":352}},"EF/後退sample":{"EF/後退sample":{"x":-1314.02,"y":186.9,"scaleX":2,"scaleY":2,"width":448,"height":176}},"EF/通常攻撃sample":{"EF/通常攻撃sample":{"color":"ffffff70","x":417.18,"y":173.4,"scaleX":2,"scaleY":2,"width":2016,"height":352}},"EF_aura":{"EF/ef_power_main/ef_power_main_00003":{"width":200,"height":200},"EF/ef_power_main/ef_power_main_00005":{"width":200,"height":200},"EF/ef_power_main/ef_power_main_00007":{"width":200,"height":200},"EF/ef_power_main/ef_power_main_00009":{"width":200,"height":200},"EF/ef_power_main/ef_power_main_00011":{"width":200,"height":200},"EF/ef_power_main/ef_power_main_00013":{"width":200,"height":200},"EF/ef_power_main/ef_power_main_00015":{"width":200,"height":200}},"EF_cross1_1":{"EF/ef_cross_main/ef_cross_main_00001":{"y":86.52,"width":104,"height":160}},"EF_dash1_1":{"EF/740_S1_dash1/740_S1_dash1_00000":{"x":26.2,"y":16.3,"width":300,"height":300},"EF/740_S1_dash1/740_S1_dash1_00001":{"x":26.2,"y":16.3,"width":300,"height":300},"EF/740_S1_dash1/740_S1_dash1_00002":{"x":26.2,"y":16.3,"width":300,"height":300},"EF/740_S1_dash1/740_S1_dash1_00003":{"x":26.2,"y":16.3,"width":300,"height":300},"EF/740_S1_dash1/740_S1_dash1_00004":{"x":26.2,"y":16.3,"width":300,"height":300},"EF/740_S1_dash1/740_S1_dash1_00005":{"x":26.2,"y":16.3,"width":300,"height":300},"EF/740_S1_dash1/740_S1_dash1_00006":{"x":26.2,"y":16.3,"width":300,"height":300},"EF/740_S1_dash1/740_S1_dash1_00007":{"x":26.2,"y":16.3,"width":300,"height":300},"EF/740_S1_dash1/740_S1_dash1_00008":{"x":26.2,"y":16.3,"width":300,"height":300},"EF/740_S1_dash1/740_S1_dash1_00009":{"x":26.2,"y":16.3,"width":300,"height":300}},"EF_wave1_1":{"EF/ef_graund_wave_main/ef_graund_wave_main_00002":{"y":9.97,"width":160,"height":96},"EF/ef_graund_wave_main/ef_graund_wave_main_00004":{"y":9.97,"width":160,"height":96},"EF/ef_graund_wave_main/ef_graund_wave_main_00006":{"y":9.97,"width":160,"height":96},"EF/ef_graund_wave_main/ef_graund_wave_main_00008":{"y":9.97,"width":160,"height":96},"EF/ef_graund_wave_main/ef_graund_wave_main_00010":{"y":9.97,"width":160,"height":96},"EF/ef_graund_wave_main/ef_graund_wave_main_00012":{"y":9.97,"width":160,"height":96}},"EF_wave1_2":{"EF/ef_graund_wave_main/ef_graund_wave_main_00002":{"y":9.97,"width":160,"height":96},"EF/ef_graund_wave_main/ef_graund_wave_main_00004":{"y":9.97,"width":160,"height":96},"EF/ef_graund_wave_main/ef_graund_wave_main_00006":{"y":9.97,"width":160,"height":96},"EF/ef_graund_wave_main/ef_graund_wave_main_00008":{"y":9.97,"width":160,"height":96},"EF/ef_graund_wave_main/ef_graund_wave_main_00010":{"y":9.97,"width":160,"height":96},"EF/ef_graund_wave_main/ef_graund_wave_main_00012":{"y":9.97,"width":160,"height":96}},"EF_wave1_3":{"EF/ef_graund_wave_main/ef_graund_wave_main_00002":{"y":9.97,"width":160,"height":96},"EF/ef_graund_wave_main/ef_graund_wave_main_00004":{"y":9.97,"width":160,"height":96},"EF/ef_graund_wave_main/ef_graund_wave_main_00006":{"y":9.97,"width":160,"height":96},"EF/ef_graund_wave_main/ef_graund_wave_main_00008":{"y":9.97,"width":160,"height":96},"EF/ef_graund_wave_main/ef_graund_wave_main_00010":{"y":9.97,"width":160,"height":96},"EF/ef_graund_wave_main/ef_graund_wave_main_00012":{"y":9.97,"width":160,"height":96}},"EF_wave1_4":{"EF/ef_graund_wave_main/ef_graund_wave_main_00002":{"y":9.97,"width":160,"height":96},"EF/ef_graund_wave_main/ef_graund_wave_main_00004":{"y":9.97,"width":160,"height":96},"EF/ef_graund_wave_main/ef_graund_wave_main_00006":{"y":9.97,"width":160,"height":96},"EF/ef_graund_wave_main/ef_graund_wave_main_00008":{"y":9.97,"width":160,"height":96},"EF/ef_graund_wave_main/ef_graund_wave_main_00010":{"y":9.97,"width":160,"height":96},"EF/ef_graund_wave_main/ef_graund_wave_main_00012":{"y":9.97,"width":160,"height":96}},"HITBOX":{"HITBOX":{"type":"boundingbox","vertices":[-64.78697,-65.84374,64.38884,-65.84373,62.78085,62.26008,-64.25096,62.26008]}},"MAIN":{"attack1_00":{"x":-26.12,"y":-5.69,"scaleX":2,"scaleY":2,"width":256,"height":256},"attack1_01":{"x":-26.12,"y":-5.69,"scaleX":2,"scaleY":2,"width":256,"height":256},"attack1_02":{"x":-26.12,"y":-5.69,"scaleX":2,"scaleY":2,"width":256,"height":256},"attack1_03":{"x":-26.12,"y":-5.69,"scaleX":2,"scaleY":2,"width":256,"height":256},"attack1_04":{"x":-26.12,"y":-5.69,"scaleX":2,"scaleY":2,"width":256,"height":256},"back_00":{"x":-26.12,"y":-5.69,"scaleX":2,"scaleY":2,"width":256,"height":256},"damage_00":{"x":-22.24,"y":-12.81,"scaleX":2,"scaleY":2,"width":256,"height":256},"front_00":{"x":-20.49,"y":-13.2,"scaleX":2,"scaleY":2,"width":256,"height":256},"idle_00":{"x":-26.12,"y":-5.69,"scaleX":2,"scaleY":2,"width":256,"height":256},"idle_01":{"x":-26.12,"y":-5.69,"scaleX":2,"scaleY":2,"width":256,"height":256},"idle_02":{"x":-26.12,"y":-5.69,"scaleX":2,"scaleY":2,"width":256,"height":256},"idle_03":{"x":-26.12,"y":-5.69,"scaleX":2,"scaleY":2,"width":256,"height":256},"skill1_00":{"x":-26.12,"y":-5.69,"scaleX":2,"scaleY":2,"width":256,"height":256},"skill1_01":{"x":-26.12,"y":-5.69,"scaleX":2,"scaleY":2,"width":256,"height":256},"skill1_02":{"x":-26.12,"y":-5.69,"scaleX":2,"scaleY":2,"width":256,"height":256},"skill1_03":{"x":-19.55,"y":-5.69,"scaleX":2,"scaleY":2,"width":256,"height":256},"skill1_04":{"x":-20.02,"y":-5.69,"scaleX":2,"scaleY":2,"width":256,"height":256},"skill1_05":{"x":-21.43,"y":-5.69,"scaleX":2,"scaleY":2,"width":256,"height":256},"skill2_00":{"x":-26.12,"y":-14.6,"scaleX":2,"scaleY":2,"width":256,"height":256},"skill2_01":{"x":-26.12,"y":-14.6,"scaleX":2,"scaleY":2,"width":256,"height":256},"skill2_02":{"x":-26.12,"y":-14.6,"scaleX":2,"scaleY":2,"width":256,"height":256},"skill2_03":{"x":-26.12,"y":-14.6,"scaleX":2,"scaleY":2,"width":256,"height":256},"skill2_04":{"x":-26.12,"y":-14.6,"scaleX":2,"scaleY":2,"width":256,"height":256},"skill2_05":{"x":-26.12,"y":-14.6,"scaleX":2,"scaleY":2,"width":256,"height":256}}}},"events":{"Event":{},"Hit":{},"Sound1":{},"Sound2":{},"Sound3":{},"Voice":{}},"animations":{"attack1":{"slots":{"DAMAGEAREA":{"attachment":[{"time":0.2666,"name":"DAMAGEAREA"},{"time":0.3333,"name":null},{"time":0.7333,"name":"DAMAGEAREA"},{"time":0.8333,"name":null}]},"EF/slash_dot/EF_slash00":{"attachment":[{"time":0.2666,"name":"EF/slash_dot/EF_slash00"},{"time":0.3,"name":null},{"time":0.7333,"name":"EF/slash_dot/EF_slash01"},{"time":0.7666,"name":null}]},"MAIN":{"attachment":[{"time":0,"name":"idle_00"},{"time":0.1666,"name":"attack1_00"},{"time":0.2333,"name":"attack1_01"},{"time":0.5,"name":"attack1_02"},{"time":0.7333,"name":"attack1_03"},{"time":1,"name":"attack1_04"},{"time":1.1666,"name":"idle_00"}]}},"bones":{"MAIN":{"translate":[{"time":0,"x":0,"y":0,"curve":"stepped"},{"time":0.1666,"x":20.43,"y":-2.27,"curve":"stepped"},{"time":0.2333,"x":-19.68,"y":0,"curve":"stepped"},{"time":0.2666,"x":-40.95,"y":0,"curve":"stepped"},{"time":0.3,"x":-39.05,"y":0,"curve":"stepped"},{"time":0.5,"x":-1.51,"y":0,"curve":"stepped"},{"time":0.7333,"x":-33.85,"y":0,"curve":"stepped"},{"time":0.7666,"x":-47.11,"y":0.64,"curve":"stepped"},{"time":0.8,"x":-43.43,"y":0,"curve":"stepped"},{"time":1,"x":-9.84,"y":0,"curve":"stepped"},{"time":1.1666,"x":0,"y":0}]},"sample_image":{"translate":[{"time":0,"x":983.21,"y":215.13,"curve":"stepped"},{"time":0.1666,"x":1285.52,"y":289.43,"curve":"stepped"},{"time":0.2333,"x":-1.18,"y":289.43,"curve":"stepped"},{"time":0.5,"x":-80.49,"y":288.07,"curve":"stepped"},{"time":0.7333,"x":-358.37,"y":289.43,"curve":"stepped"},{"time":1,"x":-1311.59,"y":289.43}]},"EF_slash00":{"translate":[{"time":0.2666,"x":-56.54,"y":88.35,"curve":"stepped"},{"time":0.7333,"x":-74.82,"y":124.92}],"scale":[{"time":0.2666,"x":2.5,"y":2.5}]},"DAMAGEAREA":{"translate":[{"time":0.2666,"x":-103.58,"y":51.24,"curve":"stepped"},{"time":0.7333,"x":-96.79,"y":51.24}],"scale":[{"time":0.2666,"x":3.364,"y":0.743,"curve":"stepped"},{"time":0.7333,"x":2.25,"y":0.743}]}},"drawOrder":[{"time":0},{"time":0.1666,"offsets":[{"slot":"MAIN","offset":-4}]},{"time":1.1666}],"events":[{"time":0,"name":"Event","float":0.15,"string":"kHitStopType_normal"},{"time":0.2,"name":"Sound1","string":"cri_se_battle_sword_swish_heavy"},{"time":0.2,"name":"Voice","string":"cri_165_voice_attack_random"},{"time":0.2666,"name":"Sound2","string":"sethitSound(se_battle_019_sword_hit_03)"},{"time":0.7,"name":"Sound1","string":"cri_se_battle_sword_swish_heavy"},{"time":0.7,"name":"Voice","string":"cri_165_voice_attack_c"},{"time":0.7333,"name":"Hit","string":"resetHitList"}]},"back":{"slots":{"EF/ダメージsample":{"attachment":[{"time":0.1,"name":null}]},"MAIN":{"attachment":[{"time":0,"name":"idle_00"},{"time":0.0333,"name":"skill2_00"},{"time":0.1,"name":"back_00"},{"time":0.4,"name":"skill2_00"},{"time":0.5333,"name":"idle_02"},{"time":0.6,"name":"idle_03"},{"time":0.6666,"name":"idle_00"}]}},"bones":{"MAIN":{"rotate":[{"time":0.1,"angle":4.81,"curve":"stepped"},{"time":0.4,"angle":0}],"translate":[{"time":0,"x":0,"y":0,"curve":"stepped"},{"time":0.0333,"x":-5.48,"y":-5.09},{"time":0.1,"x":23.51,"y":18.03},{"time":0.2333,"x":99.94,"y":27.5},{"time":0.3666,"x":127.98,"y":11.63},{"time":0.4,"x":135,"y":-10.48},{"time":0.5,"x":140,"y":-10.48,"curve":"stepped"},{"time":0.5333,"x":140,"y":0}]},"sample_image":{"translate":[{"time":0,"x":1347.55,"y":96.25,"curve":"stepped"},{"time":0.1,"x":1058.65,"y":96.25,"curve":"stepped"},{"time":0.4,"x":1347.55,"y":96.25}]}},"drawOrder":[{"time":0.1,"offsets":[{"slot":"MAIN","offset":-4}]},{"time":0.4}],"events":[{"time":0.0333,"name":"Sound2","string":"cri_se_battle_jump"},{"time":0.4,"name":"Sound2","string":"cri_se_battle_landing"}]},"cast":{"slots":{"EF/slash_dot/EF_slash00":{"attachment":[{"time":0.6333,"name":"EF/slash_dot/EF_slash00"},{"time":0.6666,"name":null},{"time":1.1666,"name":null}]},"MAIN":{"attachment":[{"time":0,"name":"idle_00"},{"time":0.1666,"name":"idle_01"},{"time":0.5333,"name":"attack1_00"},{"time":0.6,"name":"attack1_01"}]}},"bones":{"MAIN":{"translate":[{"time":0,"x":0,"y":0,"curve":"stepped"},{"time":0.5333,"x":20.43,"y":-2.27,"curve":"stepped"},{"time":0.6,"x":-19.68,"y":0,"curve":"stepped"},{"time":0.6333,"x":-40.95,"y":0,"curve":"stepped"},{"time":0.6666,"x":-39.05,"y":0}]},"sample_image":{"translate":[{"time":0,"x":983.21,"y":215.13,"curve":"stepped"},{"time":0.5333,"x":1285.52,"y":289.43,"curve":"stepped"},{"time":0.6,"x":-1.18,"y":289.43}]},"EF_slash00":{"translate":[{"time":0.6333,"x":-56.54,"y":88.35}],"scale":[{"time":0.6333,"x":2.5,"y":2.5}]}},"drawOrder":[{"time":0},{"time":0.5333,"offsets":[{"slot":"MAIN","offset":-4}]}],"events":[{"time":0.5333,"name":"Voice","string":"cri_165_voice_item"}]},"damage":{"slots":{"MAIN":{"attachment":[{"time":0,"name":"damage_00"}]}},"bones":{"sample_image":{"translate":[{"time":0,"x":1346.44,"y":57.02}]}},"drawOrder":[{"time":0,"offsets":[{"slot":"MAIN","offset":-4}]}]},"front":{"slots":{"MAIN":{"attachment":[{"time":0,"name":"front_00"}]}},"bones":{"MAIN":{"rotate":[{"time":0,"angle":12.52}],"translate":[{"time":0,"x":0,"y":2.2}]},"sample_image":{"translate":[{"time":0,"x":1103.23,"y":101.61}]}},"drawOrder":[{"time":0,"offsets":[{"slot":"MAIN","offset":-4}]}]},"idle":{"slots":{"MAIN":{"attachment":[{"time":0,"name":"idle_00"},{"time":0.1666,"name":"idle_01"},{"time":0.3333,"name":"idle_02"},{"time":0.5,"name":"idle_03"},{"time":0.6666,"name":"idle_00"}]}},"bones":{"MAIN":{"rotate":[{"time":0,"angle":0}],"translate":[{"time":0,"x":0,"y":0}],"scale":[{"time":0,"x":1,"y":1}]}}},"skill1":{"slots":{"DAMAGEAREA":{"attachment":[{"time":0.3333,"name":"DAMAGEAREA"},{"time":0.8333,"name":null},{"time":1.2333,"name":"DAMAGEAREA"},{"time":1.3333,"name":null}]},"EF_dash1_1":{"attachment":[{"time":1.1666,"name":"EF/740_S1_dash1/740_S1_dash1_00000"},{"time":1.2,"name":"EF/740_S1_dash1/740_S1_dash1_00001"},{"time":1.2333,"name":"EF/740_S1_dash1/740_S1_dash1_00002"},{"time":1.2666,"name":"EF/740_S1_dash1/740_S1_dash1_00003"},{"time":1.3,"name":"EF/740_S1_dash1/740_S1_dash1_00004"},{"time":1.3333,"name":"EF/740_S1_dash1/740_S1_dash1_00005"},{"time":1.3666,"name":"EF/740_S1_dash1/740_S1_dash1_00006"},{"time":1.4,"name":"EF/740_S1_dash1/740_S1_dash1_00007"},{"time":1.4333,"name":"EF/740_S1_dash1/740_S1_dash1_00008"},{"time":1.4666,"name":"EF/740_S1_dash1/740_S1_dash1_00009"},{"time":1.5,"name":"EF/740_S1_dash1/740_S1_dash1_00009"},{"time":1.5333,"name":null}]},"EF_wave1_1":{"attachment":[{"time":0.3333,"name":"EF/ef_graund_wave_main/ef_graund_wave_main_00002"},{"time":0.3666,"name":"EF/ef_graund_wave_main/ef_graund_wave_main_00004"},{"time":0.4,"name":"EF/ef_graund_wave_main/ef_graund_wave_main_00006"},{"time":0.4333,"name":"EF/ef_graund_wave_main/ef_graund_wave_main_00008"},{"time":0.4666,"name":"EF/ef_graund_wave_main/ef_graund_wave_main_00010"},{"time":0.5,"name":"EF/ef_graund_wave_main/ef_graund_wave_main_00012"},{"time":0.5333,"name":null},{"time":1.1666,"name":"EF/ef_graund_wave_main/ef_graund_wave_main_00002"},{"time":1.2,"name":"EF/ef_graund_wave_main/ef_graund_wave_main_00004"},{"time":1.2333,"name":"EF/ef_graund_wave_main/ef_graund_wave_main_00006"},{"time":1.2666,"name":"EF/ef_graund_wave_main/ef_graund_wave_main_00008"},{"time":1.3,"name":"EF/ef_graund_wave_main/ef_graund_wave_main_00010"},{"time":1.3333,"name":"EF/ef_graund_wave_main/ef_graund_wave_main_00012"},{"time":1.3666,"name":null}]},"EF_wave1_2":{"attachment":[{"time":0.6333,"name":"EF/ef_graund_wave_main/ef_graund_wave_main_00002"},{"time":0.6666,"name":"EF/ef_graund_wave_main/ef_graund_wave_main_00004"},{"time":0.7,"name":"EF/ef_graund_wave_main/ef_graund_wave_main_00006"},{"time":0.7333,"name":"EF/ef_graund_wave_main/ef_graund_wave_main_00008"},{"time":0.7666,"name":"EF/ef_graund_wave_main/ef_graund_wave_main_00010"},{"time":0.8,"name":"EF/ef_graund_wave_main/ef_graund_wave_main_00012"},{"time":0.8333,"name":null},{"time":1.2333,"name":"EF/ef_graund_wave_main/ef_graund_wave_main_00002"},{"time":1.2666,"name":"EF/ef_graund_wave_main/ef_graund_wave_main_00004"},{"time":1.3,"name":"EF/ef_graund_wave_main/ef_graund_wave_main_00006"},{"time":1.3333,"name":"EF/ef_graund_wave_main/ef_graund_wave_main_00008"},{"time":1.3666,"name":"EF/ef_graund_wave_main/ef_graund_wave_main_00010"},{"time":1.4,"name":"EF/ef_graund_wave_main/ef_graund_wave_main_00012"},{"time":1.4333,"name":null}]},"MAIN":{"attachment":[{"time":0,"name":"idle_00"},{"time":0.1,"name":"skill1_00"},{"time":0.1666,"name":"skill1_01"},{"time":0.3333,"name":"skill1_02"},{"time":0.4666,"name":"skill1_00"},{"time":0.5,"name":"skill1_01"},{"time":0.6333,"name":"skill1_03"},{"time":0.7666,"name":"skill1_00"},{"time":0.8333,"name":"skill1_01"},{"time":1.1666,"name":"skill1_04"},{"time":1.5666,"name":"skill1_05"},{"time":1.6666,"name":"idle_00"}]}},"bones":{"MAIN":{"translate":[{"time":0,"x":-47.25,"y":3.53,"curve":"stepped"},{"time":0.1,"x":8.28,"y":0,"curve":"stepped"},{"time":0.1666,"x":8.27,"y":0,"curve":"stepped"},{"time":0.3333,"x":-30.35,"y":0,"curve":"stepped"},{"time":0.3666,"x":-47.71,"y":0,"curve":"stepped"},{"time":0.4,"x":-45.14,"y":0,"curve":"stepped"},{"time":0.6333,"x":-57.99,"y":0,"curve":"stepped"},{"time":0.6666,"x":-77.7,"y":0,"curve":"stepped"},{"time":0.7,"x":-71.71,"y":0,"curve":"stepped"},{"time":0.7666,"x":-50.28,"y":0,"curve":"stepped"},{"time":0.8333,"x":-22,"y":0,"curve":"stepped"},{"time":1.1666,"x":-20.85,"y":3.53,"curve":"stepped"},{"time":1.2,"x":-47.25,"y":3.53,"curve":"stepped"},{"time":1.2333,"x":-38.63,"y":3.53,"curve":"stepped"},{"time":1.6666,"x":-27.04,"y":3.53}]},"EF_wave1_1":{"translate":[{"time":0.3333,"x":-23,"y":-2.37,"curve":"stepped"},{"time":1.1666,"x":-23,"y":-2.37}],"scale":[{"time":0.3333,"x":2,"y":2,"curve":"stepped"},{"time":1.1666,"x":3,"y":3}]},"EF_wave1_2":{"translate":[{"time":0.6333,"x":-55.19,"y":-2.37,"curve":"stepped"},{"time":1.2333,"x":-23,"y":-2.37}],"scale":[{"time":0.6333,"x":3,"y":3,"curve":"stepped"},{"time":1.2333,"x":3,"y":3}]},"EF_dash1_1":{"scale":[{"time":1.1666,"x":3.001,"y":3.001}]},"DAMAGEAREA":{"translate":[{"time":0.3333,"x":-185.32,"y":60.58}],"scale":[{"time":0.3333,"x":3.239,"y":1,"curve":"stepped"},{"time":1.2333,"x":4.215,"y":0.93}]}},"drawOrder":[{"time":0}],"events":[{"time":0,"name":"Event","float":0.15,"string":"kHitStopType_normal"},{"time":0.0333,"name":"Event","string":"setHitBackEnemy(10,0)"},{"time":0.3,"name":"Sound2","string":"setHitSound(se_battle_sword_heavy_hit)"},{"time":0.3333,"name":"Sound1","string":"cri_se_battle_037_explosion_element_05"},{"time":0.4,"name":"Hit","string":"resetHitList"},{"time":0.4,"name":"Voice","string":"cri_165_voice_skill_all"},{"time":0.6333,"name":"Hit","string":"resetHitList"},{"time":0.6333,"name":"Sound1","string":"cri_se_battle_037_explosion_element_05"},{"time":1.1333,"name":"Sound2","string":"setHitSound(se_battle_swordslash_heavy)"},{"time":1.1666,"name":"Event","string":"kImpactType_knock_up"},{"time":1.1666,"name":"Sound1","string":"cri_se_battle_037_explosion_element_05"},{"time":1.1666,"name":"Sound2","string":"setHitSound(se_battle_arrow_light_effect)"},{"time":1.2,"name":"Event","int":3,"string":"shakeGround"},{"time":1.2333,"name":"Event","float":0.3,"string":"kHitStopType_normal"},{"time":1.2333,"name":"Hit","string":"resetHitList"}]},"skill2":{"slots":{"EF_aura":{"attachment":[{"time":0.6333,"name":"EF/ef_power_main/ef_power_main_00003"},{"time":0.7,"name":"EF/ef_power_main/ef_power_main_00005"},{"time":0.7666,"name":"EF/ef_power_main/ef_power_main_00007"},{"time":0.8333,"name":"EF/ef_power_main/ef_power_main_00009"},{"time":0.9,"name":"EF/ef_power_main/ef_power_main_00011"},{"time":0.9666,"name":"EF/ef_power_main/ef_power_main_00013"},{"time":1.0333,"name":"EF/ef_power_main/ef_power_main_00015"},{"time":1.1,"name":null}],"color":[{"time":1,"color":"ffffffff"},{"time":1.1,"color":"ffffff00"}]},"EF_wave1_1":{"attachment":[{"time":0.3,"name":"EF/ef_graund_wave_main/ef_graund_wave_main_00002"},{"time":0.3333,"name":"EF/ef_graund_wave_main/ef_graund_wave_main_00004"},{"time":0.3666,"name":"EF/ef_graund_wave_main/ef_graund_wave_main_00006"},{"time":0.4,"name":"EF/ef_graund_wave_main/ef_graund_wave_main_00008"},{"time":0.4333,"name":"EF/ef_graund_wave_main/ef_graund_wave_main_00010"},{"time":0.4666,"name":"EF/ef_graund_wave_main/ef_graund_wave_main_00012"},{"time":0.5,"name":null}]},"EF_wave1_2":{"attachment":[{"time":0.3666,"name":"EF/ef_graund_wave_main/ef_graund_wave_main_00002"},{"time":0.4,"name":"EF/ef_graund_wave_main/ef_graund_wave_main_00004"},{"time":0.4333,"name":"EF/ef_graund_wave_main/ef_graund_wave_main_00006"},{"time":0.4666,"name":"EF/ef_graund_wave_main/ef_graund_wave_main_00008"},{"time":0.5,"name":"EF/ef_graund_wave_main/ef_graund_wave_main_00010"},{"time":0.5333,"name":"EF/ef_graund_wave_main/ef_graund_wave_main_00012"},{"time":0.5666,"name":null}]},"MAIN":{"attachment":[{"time":0,"name":"idle_00"},{"time":0.0333,"name":"idle_02"},{"time":0.1333,"name":"skill2_00"},{"time":0.3,"name":"skill2_01"},{"time":0.3666,"name":"skill2_05"},{"time":0.4666,"name":"skill2_02"},{"time":1.7666,"name":"skill2_03"},{"time":2,"name":"skill2_03"},{"time":2.0333,"name":"skill2_04"},{"time":3,"name":"skill2_05"},{"time":3.3333,"name":"skill2_00"},{"time":3.5666,"name":"idle_02"},{"time":3.7666,"name":"idle_03"},{"time":4,"name":"idle_00"}]}},"bones":{"MAIN":{"translate":[{"time":0,"x":0,"y":0,"curve":"stepped"},{"time":0.1333,"x":0,"y":-6.62,"curve":"stepped"},{"time":0.2,"x":0,"y":-9.31,"curve":"stepped"},{"time":0.2333,"x":0,"y":-8.26,"curve":"stepped"},{"time":0.3,"x":0,"y":63.15,"curve":[0.25,0,0.75,1]},{"time":0.5,"x":0,"y":394.08,"curve":"stepped"},{"time":0.5333,"x":0,"y":376.67,"curve":[0.25,0,0.75,1]},{"time":1.7333,"x":0,"y":379.67,"curve":"stepped"},{"time":1.7666,"x":2.98,"y":427.53,"curve":"stepped"},{"time":2,"x":2.98,"y":427.53,"curve":"stepped"},{"time":2.0333,"x":-63.71,"y":394.08,"curve":"stepped"},{"time":2.0666,"x":-88.59,"y":370.98,"curve":"stepped"},{"time":2.1,"x":-63.71,"y":394.08,"curve":"stepped"},{"time":3,"x":-63.71,"y":394.08,"curve":[0.154,0.51,0.75,1]},{"time":3.3,"x":-63.71,"y":37.91,"curve":"stepped"},{"time":3.3333,"x":-63.71,"y":-5.24,"curve":[0.25,0,0.75,1]},{"time":3.4333,"x":-63.71,"y":-7.64,"curve":[0.25,0,0.75,1]},{"time":3.5,"x":-63.71,"y":-5.24,"curve":"stepped"},{"time":3.5666,"x":-63.71,"y":0}]},"EF_wave1_1":{"translate":[{"time":0.3,"x":0,"y":-10.44}],"scale":[{"time":0.3,"x":3.5,"y":3.5}]},"EF_wave1_2":{"translate":[{"time":0.3666,"x":0,"y":-10.44}],"scale":[{"time":0.3666,"x":3.5,"y":3.5}]},"EF_aura":{"rotate":[{"time":0.6333,"angle":-16.69}],"translate":[{"time":0.6333,"x":-1.18,"y":559.78}],"scale":[{"time":0.6333,"x":2,"y":2}]}},"drawOrder":[{"time":0.3}],"events":[{"time":0.3,"name":"Sound1","string":"cri_se_battle_jump"},{"time":0.3,"name":"Sound2","string":"cri_se_battle_charge"},{"time":0.6333,"name":"Event","string":"addOrbitSystem-skill2Orbit1"},{"time":1.5,"name":"Voice","string":"cri_165_voice_fullarts_rank4"},{"time":1.9,"name":"Hit"},{"time":3.3333,"name":"Sound2","string":"cri_se_battle_landing"}]}}}