{"skeleton":{"hash":"xDimf14eoxcEYkiCyjNbD58WTrE","spine":"3.0.12","width":0,"height":0,"images":"./images2/"},"bones":[{"name":"root"},{"name":"MAIN","parent":"root","y":93,"color":"1aff00ff"},{"name":"SHADOW-OFFSET","parent":"MAIN","y":-40,"scaleX":0.5,"scaleY":0.5,"color":"ffffffff"},{"name":"HITBOX","parent":"MAIN","x":-8.53,"y":-2.17,"color":"ffffffff"},{"name":"EF/R_attackEF_3","parent":"root","x":595.52,"y":-25.7},{"name":"EF/R_attackEF_2","parent":"root","x":595.52,"y":-25.7},{"name":"EF/R_attackEF_1","parent":"root","x":595.52,"y":-25.7},{"name":"EF/L_attackEF_3","parent":"root","x":416.16,"y":110.25},{"name":"EF/L_attackEF_2","parent":"root","x":416.16,"y":110.25},{"name":"EF/L_attackEF_1","parent":"root","x":416.16,"y":110.25},{"name":"EF1","parent":"root","x":130,"y":100,"color":"d0ff00ff"},{"name":"roar4","parent":"EF1","x":-30,"y":-100,"scaleX":-1,"color":"ff3388ff"},{"name":"roar3","parent":"EF1","x":-30,"y":-100,"scaleX":-1,"color":"ff3388ff"},{"name":"roar2","parent":"EF1","x":-30,"y":-100,"scaleX":-1,"color":"ff3388ff"},{"name":"roar1","parent":"EF1","x":-30,"y":-100,"scaleX":-1,"color":"ff3388ff"},{"name":"S1_wave3","parent":"EF1","x":-80,"y":-100,"color":"ff3388ff"},{"name":"S1_wave2","parent":"EF1","x":-80,"y":-100,"color":"ff3388ff"},{"name":"S1_wave1","parent":"EF1","x":-80,"y":-100,"color":"ff3388ff"},{"name":"DAMAGEAREA","parent":"root"},{"name":"BG","parent":"root","color":"0016ffff"}],"slots":[{"name":"Grit/bg","bone":"BG"},{"name":"Grit/grid","bone":"BG"},{"name":"MAIN","bone":"MAIN","attachment":"idle_00"},{"name":"images/EF/640_S1_wave1/640_S1_wave1_00038","bone":"S1_wave1","blend":"additive"},{"name":"images/EF/640_S1_wave1/640_S1_wave1_38","bone":"S1_wave2","blend":"additive"},{"name":"images/EF/640_S1_wave1/640_S1_wave1_39","bone":"S1_wave3","blend":"additive"},{"name":"images/EF/9010_roar1/9010_roar1_00038","bone":"roar1","blend":"additive"},{"name":"images/EF/9010_roar1/9010_roar1_38","bone":"roar2","blend":"additive"},{"name":"images/EF/9010_roar1/9010_roar1_39","bone":"roar3","blend":"additive"},{"name":"images/EF/9010_roar1/9010_roar1_40","bone":"roar4","blend":"additive"},{"name":"EF/L_attackEF_1","bone":"EF/L_attackEF_1","color":"a500ffff","blend":"additive"},{"name":"EF/L_attackEF_2","bone":"EF/L_attackEF_2","color":"a500ffff","blend":"additive"},{"name":"EF/L_attackEF_3","bone":"EF/L_attackEF_3","color":"a500ffff","blend":"additive"},{"name":"EF/R_attackEF_1","bone":"EF/R_attackEF_1","color":"a500ffff","blend":"additive"},{"name":"EF/R_attackEF_2","bone":"EF/R_attackEF_2","color":"a500ffff","blend":"additive"},{"name":"EF/R_attackEF_3","bone":"EF/R_attackEF_3","color":"a500ffff","blend":"additive"},{"name":"DAMAGEAREA","bone":"DAMAGEAREA"},{"name":"HITBOX","bone":"HITBOX","attachment":"HITBOX"}],"skins":{"default":{"DAMAGEAREA":{"DAMAGEAREA":{"type":"boundingbox","vertices":[-98.34537,97.89313,-98.34537,-98.45654,97.64735,-98.45654,98.00433,97.89313,0,0,0,0,0,0,0,0]}},"EF/L_attackEF_1":{"EF/L_attackEF_1":{"x":32.05,"y":37.55,"width":128,"height":128}},"EF/L_attackEF_2":{"EF/L_attackEF_1":{"x":32.05,"y":37.55,"width":128,"height":128}},"EF/L_attackEF_3":{"EF/L_attackEF_1":{"x":32.05,"y":37.55,"width":128,"height":128}},"EF/R_attackEF_1":{"EF/R_attackEF_1":{"x":-14.3,"y":40.5,"width":128,"height":128}},"EF/R_attackEF_2":{"EF/R_attackEF_1":{"x":-14.3,"y":40.5,"width":128,"height":128}},"EF/R_attackEF_3":{"EF/R_attackEF_1":{"x":-14.3,"y":40.5,"width":128,"height":128}},"HITBOX":{"HITBOX":{"type":"boundingbox","vertices":[-30.88301,41.61755,-31.66502,-88.80421,59.53478,-86.90421,60.31679,42.37756,0,0,0,0,0,0,0,0]}},"MAIN":{"attack1_00":{"x":10.25,"y":4,"width":400,"height":400},"attack1_01":{"x":10.25,"y":4,"width":400,"height":400},"attack1_02":{"x":10.25,"y":4,"width":400,"height":400},"attack1_03":{"x":10.25,"y":4,"width":400,"height":400},"attack1_04":{"x":10.25,"y":4,"width":400,"height":400},"attack1_05":{"x":10.25,"y":4,"width":400,"height":400},"attack1_06":{"x":10.25,"y":4,"width":400,"height":400},"attack1_07":{"x":10.25,"y":4,"width":400,"height":400},"attack1_08":{"x":10.25,"y":4,"width":400,"height":400},"back_02":{"x":13,"y":5,"width":400,"height":400},"damage_00":{"x":13,"y":3,"width":400,"height":400},"front_00":{"y":-13,"width":400,"height":400},"idle_00":{"width":400,"height":400},"idle_01":{"width":400,"height":400},"idle_02":{"width":400,"height":400},"idle_03":{"width":400,"height":400},"skill1_00":{"y":10,"width":400,"height":400},"skill1_01":{"width":400,"height":400},"skill1_02":{"width":400,"height":400},"skill1_03":{"width":400,"height":400},"skill1_04":{"width":400,"height":400},"skill1_05":{"width":400,"height":400},"skill1_06":{"width":400,"height":400},"skill1_07":{"width":400,"height":400},"skill1_08":{"width":400,"height":400},"skill1_09":{"width":400,"height":400},"skill1_10":{"width":400,"height":400},"skill1_11":{"width":400,"height":400},"skill1_12":{"width":400,"height":400},"skill1_13":{"width":400,"height":400},"skill2_00":{"width":400,"height":400},"skill2_01":{"width":400,"height":400},"skill2_02":{"width":400,"height":400},"skill2_03":{"width":400,"height":400},"skill2_07":{"width":400,"height":400},"skill2_08":{"width":400,"height":400}},"images/EF/640_S1_wave1/640_S1_wave1_00038":{"EF/640_S1_wave1/640_S1_wave1_00038":{"width":400,"height":400},"EF/640_S1_wave1/640_S1_wave1_00039":{"width":400,"height":400},"EF/640_S1_wave1/640_S1_wave1_00040":{"width":400,"height":400},"EF/640_S1_wave1/640_S1_wave1_00041":{"width":400,"height":400},"EF/640_S1_wave1/640_S1_wave1_00042":{"width":400,"height":400},"EF/640_S1_wave1/640_S1_wave1_00043":{"width":400,"height":400},"EF/640_S1_wave1/640_S1_wave1_00044":{"width":400,"height":400},"EF/640_S1_wave1/640_S1_wave1_00045":{"width":400,"height":400},"EF/640_S1_wave1/640_S1_wave1_00046":{"width":400,"height":400},"EF/640_S1_wave1/640_S1_wave1_00047":{"width":400,"height":400},"EF/640_S1_wave1/640_S1_wave1_00048":{"width":400,"height":400},"EF/640_S1_wave1/640_S1_wave1_00049":{"width":400,"height":400},"EF/640_S1_wave1/640_S1_wave1_00050":{"width":400,"height":400},"EF/640_S1_wave1/640_S1_wave1_00051":{"width":400,"height":400}},"images/EF/640_S1_wave1/640_S1_wave1_38":{"EF/640_S1_wave1/640_S1_wave1_00038":{"width":400,"height":400},"EF/640_S1_wave1/640_S1_wave1_00039":{"width":400,"height":400},"EF/640_S1_wave1/640_S1_wave1_00040":{"width":400,"height":400},"EF/640_S1_wave1/640_S1_wave1_00041":{"width":400,"height":400},"EF/640_S1_wave1/640_S1_wave1_00042":{"width":400,"height":400},"EF/640_S1_wave1/640_S1_wave1_00043":{"width":400,"height":400},"EF/640_S1_wave1/640_S1_wave1_00044":{"width":400,"height":400},"EF/640_S1_wave1/640_S1_wave1_00045":{"width":400,"height":400},"EF/640_S1_wave1/640_S1_wave1_00046":{"width":400,"height":400},"EF/640_S1_wave1/640_S1_wave1_00047":{"width":400,"height":400},"EF/640_S1_wave1/640_S1_wave1_00048":{"width":400,"height":400},"EF/640_S1_wave1/640_S1_wave1_00049":{"width":400,"height":400},"EF/640_S1_wave1/640_S1_wave1_00050":{"width":400,"height":400},"EF/640_S1_wave1/640_S1_wave1_00051":{"width":400,"height":400}},"images/EF/640_S1_wave1/640_S1_wave1_39":{"EF/640_S1_wave1/640_S1_wave1_00038":{"width":400,"height":400},"EF/640_S1_wave1/640_S1_wave1_00039":{"width":400,"height":400},"EF/640_S1_wave1/640_S1_wave1_00040":{"width":400,"height":400},"EF/640_S1_wave1/640_S1_wave1_00041":{"width":400,"height":400},"EF/640_S1_wave1/640_S1_wave1_00042":{"width":400,"height":400},"EF/640_S1_wave1/640_S1_wave1_00043":{"width":400,"height":400},"EF/640_S1_wave1/640_S1_wave1_00044":{"width":400,"height":400},"EF/640_S1_wave1/640_S1_wave1_00045":{"width":400,"height":400},"EF/640_S1_wave1/640_S1_wave1_00046":{"width":400,"height":400},"EF/640_S1_wave1/640_S1_wave1_00047":{"width":400,"height":400},"EF/640_S1_wave1/640_S1_wave1_00048":{"width":400,"height":400},"EF/640_S1_wave1/640_S1_wave1_00049":{"width":400,"height":400},"EF/640_S1_wave1/640_S1_wave1_00050":{"width":400,"height":400},"EF/640_S1_wave1/640_S1_wave1_00051":{"width":400,"height":400}},"images/EF/9010_roar1/9010_roar1_00038":{"EF/9010_roar1/9010_roar1_00038":{"width":400,"height":400},"EF/9010_roar1/9010_roar1_00039":{"width":400,"height":400},"EF/9010_roar1/9010_roar1_00040":{"width":400,"height":400},"EF/9010_roar1/9010_roar1_00041":{"width":400,"height":400},"EF/9010_roar1/9010_roar1_00042":{"width":400,"height":400},"EF/9010_roar1/9010_roar1_00043":{"width":400,"height":400},"EF/9010_roar1/9010_roar1_00044":{"width":400,"height":400},"EF/9010_roar1/9010_roar1_00045":{"width":400,"height":400},"EF/9010_roar1/9010_roar1_00046":{"width":400,"height":400},"EF/9010_roar1/9010_roar1_00047":{"width":400,"height":400}},"images/EF/9010_roar1/9010_roar1_38":{"EF/9010_roar1/9010_roar1_00038":{"width":400,"height":400},"EF/9010_roar1/9010_roar1_00039":{"width":400,"height":400},"EF/9010_roar1/9010_roar1_00040":{"width":400,"height":400},"EF/9010_roar1/9010_roar1_00041":{"width":400,"height":400},"EF/9010_roar1/9010_roar1_00042":{"width":400,"height":400},"EF/9010_roar1/9010_roar1_00043":{"width":400,"height":400},"EF/9010_roar1/9010_roar1_00044":{"width":400,"height":400},"EF/9010_roar1/9010_roar1_00045":{"width":400,"height":400},"EF/9010_roar1/9010_roar1_00046":{"width":400,"height":400},"EF/9010_roar1/9010_roar1_00047":{"width":400,"height":400}},"images/EF/9010_roar1/9010_roar1_39":{"EF/9010_roar1/9010_roar1_00038":{"width":400,"height":400},"EF/9010_roar1/9010_roar1_00039":{"width":400,"height":400},"EF/9010_roar1/9010_roar1_00040":{"width":400,"height":400},"EF/9010_roar1/9010_roar1_00041":{"width":400,"height":400},"EF/9010_roar1/9010_roar1_00042":{"width":400,"height":400},"EF/9010_roar1/9010_roar1_00043":{"width":400,"height":400},"EF/9010_roar1/9010_roar1_00044":{"width":400,"height":400},"EF/9010_roar1/9010_roar1_00045":{"width":400,"height":400},"EF/9010_roar1/9010_roar1_00046":{"width":400,"height":400},"EF/9010_roar1/9010_roar1_00047":{"width":400,"height":400}},"images/EF/9010_roar1/9010_roar1_40":{"EF/9010_roar1/9010_roar1_00038":{"width":400,"height":400},"EF/9010_roar1/9010_roar1_00039":{"width":400,"height":400},"EF/9010_roar1/9010_roar1_00040":{"width":400,"height":400},"EF/9010_roar1/9010_roar1_00041":{"width":400,"height":400},"EF/9010_roar1/9010_roar1_00042":{"width":400,"height":400},"EF/9010_roar1/9010_roar1_00043":{"width":400,"height":400},"EF/9010_roar1/9010_roar1_00044":{"width":400,"height":400},"EF/9010_roar1/9010_roar1_00045":{"width":400,"height":400},"EF/9010_roar1/9010_roar1_00046":{"width":400,"height":400},"EF/9010_roar1/9010_roar1_00047":{"width":400,"height":400}}}},"events":{"Event":{},"Hit":{},"Sound":{},"View":{},"sound_1":{},"sound_2":{},"sound_3":{},"sound_4":{},"voice":{}},"animations":{"attack1":{"slots":{"DAMAGEAREA":{"attachment":[{"time":0.5,"name":"DAMAGEAREA"},{"time":0.6,"name":null},{"time":0.8333,"name":"DAMAGEAREA"},{"time":0.9333,"name":null}]},"EF/L_attackEF_1":{"attachment":[{"time":0.8333,"name":"EF/L_attackEF_1"},{"time":0.8666,"name":null}]},"EF/L_attackEF_2":{"attachment":[{"time":0.8333,"name":"EF/L_attackEF_1"},{"time":0.8666,"name":null}]},"EF/L_attackEF_3":{"attachment":[{"time":0.8333,"name":"EF/L_attackEF_1"},{"time":0.8666,"name":null}]},"EF/R_attackEF_1":{"attachment":[{"time":0.5,"name":"EF/R_attackEF_1"},{"time":0.5333,"name":null}]},"EF/R_attackEF_2":{"attachment":[{"time":0.5,"name":"EF/R_attackEF_1"},{"time":0.5333,"name":null}]},"EF/R_attackEF_3":{"attachment":[{"time":0.5,"name":"EF/R_attackEF_1"},{"time":0.5333,"name":null}]},"MAIN":{"attachment":[{"time":0,"name":"attack1_00"},{"time":0.0666,"name":"attack1_01"},{"time":0.1333,"name":"attack1_02"},{"time":0.2,"name":"attack1_03"},{"time":0.5,"name":"attack1_04"},{"time":0.5666,"name":"attack1_04"},{"time":0.6,"name":"attack1_00"},{"time":0.6666,"name":"attack1_03"},{"time":0.8333,"name":"attack1_07"},{"time":0.9,"name":"attack1_08"},{"time":1.1,"name":"attack1_01"},{"time":1.2666,"name":"attack1_02"}]}},"bones":{"MAIN":{"rotate":[{"time":0,"angle":0}],"translate":[{"time":0,"x":0,"y":0},{"time":0.1333,"x":27,"y":10,"curve":[0.113,0.39,0.563,0.76]},{"time":0.4666,"x":45,"y":18},{"time":0.5,"x":-13,"y":-30,"curve":[0.191,0.64,0.75,1]},{"time":0.5666,"x":-19,"y":-36,"curve":[0.339,0.8,0.75,1]},{"time":0.8,"x":19.4,"y":15},{"time":0.8333,"x":-29,"y":-27,"curve":[0.207,0.67,0.75,1]},{"time":1,"x":-38,"y":-36.5,"curve":"stepped"},{"time":1.0666,"x":-38,"y":-36.5,"curve":[0.22,0.83,0.75,1]},{"time":1.4,"x":0,"y":0}]},"EF/L_attackEF_1":{"rotate":[{"time":0.8333,"angle":37.19}],"translate":[{"time":0.8333,"x":-469.09,"y":-87.89}],"scale":[{"time":0.8333,"x":2.273,"y":1.538}]},"EF/L_attackEF_2":{"rotate":[{"time":0.8333,"angle":36.98}],"translate":[{"time":0.8333,"x":-491.64,"y":-95.05}],"scale":[{"time":0.8333,"x":1.821,"y":1.617}]},"EF/L_attackEF_3":{"rotate":[{"time":0.8333,"angle":33.71}],"translate":[{"time":0.8333,"x":-457.54,"y":-85.28}],"scale":[{"time":0.8333,"x":1.703,"y":1.209}]},"EF/R_attackEF_1":{"rotate":[{"time":0.5,"angle":-63.65}],"translate":[{"time":0.5,"x":-706.59,"y":32.54}],"scale":[{"time":0.5,"x":0.77,"y":2.625}]},"EF/R_attackEF_2":{"rotate":[{"time":0.5,"angle":-51.85}],"translate":[{"time":0.5,"x":-709.89,"y":34.5}],"scale":[{"time":0.5,"x":0.77,"y":2.423}]},"EF/R_attackEF_3":{"rotate":[{"time":0.5,"angle":-57.52}],"translate":[{"time":0.5,"x":-709.93,"y":32.67}],"scale":[{"time":0.5,"x":0.77,"y":2.948}]},"DAMAGEAREA":{"translate":[{"time":0.5,"x":-30.27,"y":44.38,"curve":"stepped"},{"time":0.8333,"x":-39.74,"y":53.54}],"scale":[{"time":0.5,"x":1.061,"y":0.406,"curve":"stepped"},{"time":0.8333,"x":1.013,"y":0.468}]}},"events":[{"time":0.0666,"name":"sound_1","string":"cri_se_battle_Flutter"},{"time":0.4333,"name":"Event","float":0.1,"string":"kHitStopType_normal"},{"time":0.4666,"name":"sound_1","string":"cri_se_battle_arrow"},{"time":0.5,"name":"sound_2","string":"cri_se_battle_monster_claw"},{"time":0.5,"name":"sound_3","string":"setHitSound(se_battle_thrustviolently)"},{"time":0.5,"name":"voice","string":"cri_015_voice_attack_a"},{"time":0.6666,"name":"sound_1","string":"cri_se_battle_Flutter"},{"time":0.8333,"name":"Hit","float":1.1,"string":"resetHitList"},{"time":0.8333,"name":"sound_1","string":"cri_se_battle_Flutter"},{"time":0.8333,"name":"sound_2","string":"cri_se_battle_monster_claw"},{"time":0.8333,"name":"sound_3","string":"setHitSound(se_battle_thrustviolently)"},{"time":0.8333,"name":"voice","string":"cri_015_voice_attack_a"},{"time":1.1,"name":"sound_1","string":"cri_se_battle_Flutter"}]},"back":{"slots":{"MAIN":{"attachment":[{"time":0,"name":"idle_00"},{"time":0.0333,"name":"back_02"},{"time":0.4,"name":"idle_00"},{"time":0.5333,"name":"idle_01"},{"time":0.6666,"name":"idle_02"},{"time":0.8,"name":"idle_03"},{"time":0.9333,"name":"idle_03"}]}},"bones":{"MAIN":{"translate":[{"time":0,"x":0,"y":-3,"curve":[0.088,0.73,0.75,1]},{"time":0.4666,"x":140,"y":5},{"time":0.9333,"x":140,"y":0}]}},"events":[{"time":0.0333,"name":"sound_1","string":"cri_se_battle_Flutter"},{"time":0.6666,"name":"sound_1","string":"cri_se_battle_Flutter"}]},"cast":{"slots":{"EF/L_attackEF_1":{"attachment":[{"time":0.8666,"name":null}]},"EF/L_attackEF_2":{"attachment":[{"time":0.8666,"name":null}]},"EF/L_attackEF_3":{"attachment":[{"time":0.8666,"name":null}]},"MAIN":{"attachment":[{"time":0,"name":"skill2_00"},{"time":0.1,"name":"skill2_01"},{"time":0.2,"name":"skill2_02"},{"time":0.4333,"name":"skill2_03"},{"time":0.5,"name":"skill2_07"},{"time":0.5666,"name":"skill2_08"}]}},"bones":{"MAIN":{"rotate":[{"time":0,"angle":0}],"translate":[{"time":0,"x":0,"y":-5,"curve":"stepped"},{"time":0.4333,"x":0,"y":0}]}},"events":[{"time":0.5,"name":"voice","string":"cri_015_voice_attack_a"}]},"damage":{"slots":{"MAIN":{"attachment":[{"time":0,"name":"damage_00"}]}},"bones":{"MAIN":{"translate":[{"time":0,"x":0,"y":0}]}}},"front":{"slots":{"MAIN":{"attachment":[{"time":0,"name":"front_00"}]}},"bones":{"MAIN":{"translate":[{"time":0,"x":0,"y":0}]}}},"idle":{"slots":{"MAIN":{"attachment":[{"time":0,"name":"idle_00"},{"time":0.2333,"name":"idle_01"},{"time":0.4,"name":"idle_02"},{"time":0.6,"name":"idle_03"},{"time":0.8333,"name":"idle_00"}]}},"bones":{"MAIN":{"translate":[{"time":0,"x":0,"y":0,"curve":[0.109,0.39,0.75,1]},{"time":0.2333,"x":0,"y":-8,"curve":[0.643,-0.18,0.407,1]},{"time":0.5666,"x":0,"y":13,"curve":"stepped"},{"time":0.6,"x":0,"y":7,"curve":[0.159,-0.16,0.211,-0.14]},{"time":0.8333,"x":0,"y":0}]}},"events":[{"time":0.4,"name":"sound_1","string":"cri_se_battle_Flutter"}]},"skill1":{"slots":{"DAMAGEAREA":{"attachment":[{"time":0.8666,"name":"DAMAGEAREA"},{"time":0.9666,"name":null},{"time":1.1,"name":"DAMAGEAREA"},{"time":1.2,"name":null},{"time":1.7,"name":"DAMAGEAREA"},{"time":1.8,"name":null}]},"MAIN":{"attachment":[{"time":0,"name":"skill1_00"},{"time":0.1333,"name":"skill1_01"},{"time":0.2,"name":"skill1_02"},{"time":0.2666,"name":"skill1_03"},{"time":0.3,"name":"skill1_02"},{"time":0.3333,"name":"skill1_03"},{"time":0.3666,"name":"skill1_02"},{"time":0.4333,"name":"skill1_03"},{"time":0.5,"name":"skill1_04"},{"time":0.5666,"name":"skill1_05"},{"time":0.6666,"name":"skill1_06"},{"time":0.7666,"name":"skill1_07"},{"time":0.8,"name":"skill1_08"},{"time":0.8666,"name":"skill1_09"},{"time":0.9666,"name":"skill1_08"},{"time":1.0666,"name":"skill1_09"},{"time":1.1666,"name":"skill1_08"},{"time":1.6333,"name":"skill1_09"},{"time":1.8333,"name":"skill1_10"},{"time":2,"name":"skill1_11"},{"time":2.0666,"name":"skill1_12"},{"time":2.2333,"name":"skill1_13"},{"time":2.3666,"name":"skill1_00"}]}},"bones":{"MAIN":{"rotate":[{"time":0,"angle":0,"curve":"stepped"},{"time":0.1333,"angle":-0.21},{"time":0.3666,"angle":-0.09},{"time":0.6666,"angle":-9.07,"curve":"stepped"},{"time":0.7666,"angle":-9.07},{"time":0.8666,"angle":0.02},{"time":0.9666,"angle":-9.66},{"time":1.0666,"angle":0.08,"curve":[0.119,0.58,0.75,1]},{"time":1.5333,"angle":-55.21,"curve":[0.715,0,0.75,1]},{"time":1.6333,"angle":-12.43},{"time":1.7,"angle":17.98,"curve":[0.246,-0.13,0.292,-0.11]},{"time":2,"angle":-20.52,"curve":"stepped"},{"time":2.0666,"angle":-13.02},{"time":2.3666,"angle":-1.91,"curve":"stepped"},{"time":2.5,"angle":0}],"translate":[{"time":0,"x":0,"y":0},{"time":0.1333,"x":35.5,"y":2,"curve":[0.132,0.41,0.75,1]},{"time":0.4333,"x":218.48,"y":68},{"time":0.6666,"x":228,"y":70.5,"curve":"stepped"},{"time":0.7666,"x":228,"y":70.5},{"time":0.8666,"x":-55.5,"y":-11.5},{"time":0.9666,"x":-23,"y":20.5},{"time":1.0666,"x":-54.5,"y":-9},{"time":1.1666,"x":-40.5,"y":5,"curve":[0.053,0.81,0.75,1]},{"time":1.5333,"x":43.5,"y":43.5,"curve":[0.715,0,0.75,1]},{"time":1.6333,"x":-52.5,"y":1.5},{"time":1.7,"x":-41.5,"y":-42.5},{"time":1.8333,"x":-36.5,"y":-23},{"time":2,"x":-41,"y":-2.5},{"time":2.0666,"x":-36,"y":-6.5},{"time":2.2666,"x":-21.5,"y":-7},{"time":2.5,"x":0,"y":0}]},"DAMAGEAREA":{"translate":[{"time":0.8666,"x":-155.14,"y":67.43,"curve":"stepped"},{"time":1.1,"x":-176.46,"y":59.75,"curve":"stepped"},{"time":1.7,"x":-227.66,"y":65.31}],"scale":[{"time":0.8666,"x":0.492,"y":0.331,"curve":"stepped"},{"time":1.1,"x":0.714,"y":0.441,"curve":"stepped"},{"time":1.7,"x":0.937,"y":0.809}]}},"events":[{"time":0.2666,"name":"sound_1","string":"cri_se_battle_Flutter"},{"time":0.3333,"name":"sound_1","string":"cri_se_battle_Flutter"},{"time":0.4333,"name":"sound_1","string":"cri_se_battle_Flutter"},{"time":0.5666,"name":"sound_1","string":"cri_se_battle_Flutter"},{"time":0.5666,"name":"voice","string":"cri_015_voice_skill"},{"time":0.7333,"name":"Event","float":0.1,"string":"kHitStopType_normal"},{"time":0.7666,"name":"Event","string":"setHitBack(10,0)"},{"time":0.7666,"name":"sound_1","string":"cri_se_battle_Flutter"},{"time":0.8,"name":"Event","string":"setHitBackEnemy(10,0)"},{"time":0.8666,"name":"sound_2","string":"cri_se_battle_monster_claw"},{"time":0.8666,"name":"sound_3","string":"setHitSound(se_battle_thrustviolently)"},{"time":1.0333,"name":"Event","string":"setHitBack(20,0)"},{"time":1.0666,"name":"Event","string":"setHitBackEnemy(20,0)"},{"time":1.1,"name":"Hit","float":1.2,"string":"resetHitList"},{"time":1.1,"name":"sound_2","string":"cri_se_battle_monster_claw"},{"time":1.1,"name":"sound_3","string":"setHitSound(se_battle_thrustviolently)"},{"time":1.5333,"name":"Event","float":0.25,"string":"kHitStopType_normal"},{"time":1.5666,"name":"Event","string":"setHitBack(0,0)"},{"time":1.6,"name":"Event","string":"setHitBackEnemy(0,0)"},{"time":1.6333,"name":"Event","string":"kImpactType_knock"},{"time":1.7,"name":"Event","float":0.2,"string":"shakeGround_Loop"},{"time":1.7,"name":"Hit","float":1.8,"string":"resetHitList"},{"time":1.7,"name":"View","string":"shakeGround"},{"time":1.7,"name":"sound_2","string":"cri_se_battle_monster_claw"},{"time":1.7,"name":"sound_3","string":"setHitSound(se_battle_thrustviolently)"},{"time":1.8333,"name":"sound_1","string":"cri_se_battle_Flutter"},{"time":2.3666,"name":"sound_1","string":"cri_se_battle_Flutter"}]},"skill2":{"slots":{"DAMAGEAREA":{"attachment":[{"time":1.1666,"name":"DAMAGEAREA"},{"time":1.7666,"name":null}]},"MAIN":{"attachment":[{"time":0,"name":"skill2_00"},{"time":0.0666,"name":"skill2_01"},{"time":0.1333,"name":"skill2_02"},{"time":1,"name":"skill2_01"},{"time":1.0666,"name":"skill2_03"},{"time":1.1333,"name":"skill2_07"},{"time":1.2,"name":"skill2_08"},{"time":1.2666,"name":"skill2_07"},{"time":1.3333,"name":"skill2_08"},{"time":1.4,"name":"skill2_07"},{"time":1.4666,"name":"skill2_08"},{"time":1.5333,"name":"skill2_07"},{"time":1.6,"name":"skill2_08"},{"time":1.6666,"name":"skill2_07"},{"time":1.7333,"name":"skill2_08"},{"time":1.8,"name":"skill2_07"},{"time":1.8666,"name":"skill2_08"},{"time":1.9333,"name":"skill2_07"},{"time":2,"name":"skill2_08"},{"time":2.0666,"name":"skill2_07"},{"time":2.1333,"name":"skill2_08"},{"time":2.2,"name":"skill2_07"},{"time":2.2666,"name":"skill2_08"},{"time":2.3333,"name":"skill2_07"},{"time":2.4,"name":"skill2_08"}]},"images/EF/640_S1_wave1/640_S1_wave1_00038":{"attachment":[{"time":1.1666,"name":"EF/640_S1_wave1/640_S1_wave1_00038"},{"time":1.2,"name":"EF/640_S1_wave1/640_S1_wave1_00039"},{"time":1.2333,"name":"EF/640_S1_wave1/640_S1_wave1_00040"},{"time":1.2666,"name":"EF/640_S1_wave1/640_S1_wave1_00041"},{"time":1.3,"name":"EF/640_S1_wave1/640_S1_wave1_00042"},{"time":1.3333,"name":"EF/640_S1_wave1/640_S1_wave1_00043"},{"time":1.3666,"name":"EF/640_S1_wave1/640_S1_wave1_00044"},{"time":1.4,"name":"EF/640_S1_wave1/640_S1_wave1_00045"},{"time":1.4333,"name":"EF/640_S1_wave1/640_S1_wave1_00046"},{"time":1.4666,"name":"EF/640_S1_wave1/640_S1_wave1_00047"},{"time":1.5,"name":"EF/640_S1_wave1/640_S1_wave1_00048"},{"time":1.5333,"name":"EF/640_S1_wave1/640_S1_wave1_00049"},{"time":1.5666,"name":"EF/640_S1_wave1/640_S1_wave1_00050"},{"time":1.6,"name":"EF/640_S1_wave1/640_S1_wave1_00051"},{"time":1.6333,"name":null}]},"images/EF/640_S1_wave1/640_S1_wave1_38":{"attachment":[{"time":1.2666,"name":"EF/640_S1_wave1/640_S1_wave1_00038"},{"time":1.3,"name":"EF/640_S1_wave1/640_S1_wave1_00039"},{"time":1.3333,"name":"EF/640_S1_wave1/640_S1_wave1_00040"},{"time":1.3666,"name":"EF/640_S1_wave1/640_S1_wave1_00041"},{"time":1.4,"name":"EF/640_S1_wave1/640_S1_wave1_00042"},{"time":1.4333,"name":"EF/640_S1_wave1/640_S1_wave1_00043"},{"time":1.4666,"name":"EF/640_S1_wave1/640_S1_wave1_00044"},{"time":1.5,"name":"EF/640_S1_wave1/640_S1_wave1_00045"},{"time":1.5333,"name":"EF/640_S1_wave1/640_S1_wave1_00046"},{"time":1.5666,"name":"EF/640_S1_wave1/640_S1_wave1_00047"},{"time":1.6,"name":"EF/640_S1_wave1/640_S1_wave1_00048"},{"time":1.6333,"name":"EF/640_S1_wave1/640_S1_wave1_00049"},{"time":1.6666,"name":"EF/640_S1_wave1/640_S1_wave1_00050"},{"time":1.7,"name":"EF/640_S1_wave1/640_S1_wave1_00051"},{"time":1.7333,"name":null}]},"images/EF/640_S1_wave1/640_S1_wave1_39":{"attachment":[{"time":1.4,"name":"EF/640_S1_wave1/640_S1_wave1_00038"},{"time":1.4333,"name":"EF/640_S1_wave1/640_S1_wave1_00039"},{"time":1.4666,"name":"EF/640_S1_wave1/640_S1_wave1_00040"},{"time":1.5,"name":"EF/640_S1_wave1/640_S1_wave1_00041"},{"time":1.5333,"name":"EF/640_S1_wave1/640_S1_wave1_00042"},{"time":1.5666,"name":"EF/640_S1_wave1/640_S1_wave1_00043"},{"time":1.6,"name":"EF/640_S1_wave1/640_S1_wave1_00044"},{"time":1.6333,"name":"EF/640_S1_wave1/640_S1_wave1_00045"},{"time":1.6666,"name":"EF/640_S1_wave1/640_S1_wave1_00046"},{"time":1.7,"name":"EF/640_S1_wave1/640_S1_wave1_00047"},{"time":1.7333,"name":"EF/640_S1_wave1/640_S1_wave1_00048"},{"time":1.7666,"name":"EF/640_S1_wave1/640_S1_wave1_00049"},{"time":1.8,"name":"EF/640_S1_wave1/640_S1_wave1_00050"},{"time":1.8333,"name":"EF/640_S1_wave1/640_S1_wave1_00051"},{"time":1.8666,"name":null}]},"images/EF/9010_roar1/9010_roar1_00038":{"attachment":[{"time":1.1,"name":"EF/9010_roar1/9010_roar1_00038"},{"time":1.1666,"name":"EF/9010_roar1/9010_roar1_00039"},{"time":1.2333,"name":"EF/9010_roar1/9010_roar1_00040"},{"time":1.3,"name":"EF/9010_roar1/9010_roar1_00041"},{"time":1.3666,"name":"EF/9010_roar1/9010_roar1_00042"},{"time":1.4333,"name":"EF/9010_roar1/9010_roar1_00043"},{"time":1.5,"name":"EF/9010_roar1/9010_roar1_00044"},{"time":1.5666,"name":"EF/9010_roar1/9010_roar1_00045"},{"time":1.6333,"name":"EF/9010_roar1/9010_roar1_00046"},{"time":1.7,"name":"EF/9010_roar1/9010_roar1_00047"},{"time":1.7666,"name":null}],"color":[{"time":1.4333,"color":"ffffffff"},{"time":1.7666,"color":"ffffff00"}]},"images/EF/9010_roar1/9010_roar1_38":{"attachment":[{"time":1.2,"name":"EF/9010_roar1/9010_roar1_00038"},{"time":1.2666,"name":"EF/9010_roar1/9010_roar1_00039"},{"time":1.3333,"name":"EF/9010_roar1/9010_roar1_00040"},{"time":1.4,"name":"EF/9010_roar1/9010_roar1_00041"},{"time":1.4666,"name":"EF/9010_roar1/9010_roar1_00042"},{"time":1.5333,"name":"EF/9010_roar1/9010_roar1_00043"},{"time":1.6,"name":"EF/9010_roar1/9010_roar1_00044"},{"time":1.6666,"name":"EF/9010_roar1/9010_roar1_00045"},{"time":1.7333,"name":"EF/9010_roar1/9010_roar1_00046"},{"time":1.8,"name":"EF/9010_roar1/9010_roar1_00047"},{"time":1.8666,"name":null}],"color":[{"time":1.5333,"color":"ffffffff"},{"time":1.8666,"color":"ffffff00"}]},"images/EF/9010_roar1/9010_roar1_39":{"attachment":[{"time":1.3,"name":"EF/9010_roar1/9010_roar1_00038"},{"time":1.3666,"name":"EF/9010_roar1/9010_roar1_00039"},{"time":1.4333,"name":"EF/9010_roar1/9010_roar1_00040"},{"time":1.5,"name":"EF/9010_roar1/9010_roar1_00041"},{"time":1.5666,"name":"EF/9010_roar1/9010_roar1_00042"},{"time":1.6333,"name":"EF/9010_roar1/9010_roar1_00043"},{"time":1.7,"name":"EF/9010_roar1/9010_roar1_00044"},{"time":1.7666,"name":"EF/9010_roar1/9010_roar1_00045"},{"time":1.8333,"name":"EF/9010_roar1/9010_roar1_00046"},{"time":1.9,"name":"EF/9010_roar1/9010_roar1_00047"},{"time":1.9666,"name":null}],"color":[{"time":1.6333,"color":"ffffffff"},{"time":1.9666,"color":"ffffff00"}]},"images/EF/9010_roar1/9010_roar1_40":{"attachment":[{"time":1.4,"name":"EF/9010_roar1/9010_roar1_00038"},{"time":1.4666,"name":"EF/9010_roar1/9010_roar1_00039"},{"time":1.5333,"name":"EF/9010_roar1/9010_roar1_00040"},{"time":1.6,"name":"EF/9010_roar1/9010_roar1_00041"},{"time":1.6666,"name":"EF/9010_roar1/9010_roar1_00042"},{"time":1.7333,"name":"EF/9010_roar1/9010_roar1_00043"},{"time":1.8,"name":"EF/9010_roar1/9010_roar1_00044"},{"time":1.8666,"name":"EF/9010_roar1/9010_roar1_00045"},{"time":1.9333,"name":"EF/9010_roar1/9010_roar1_00046"},{"time":2,"name":"EF/9010_roar1/9010_roar1_00047"},{"time":2.0666,"name":null}],"color":[{"time":1.7333,"color":"ffffffff"},{"time":2.0666,"color":"ffffff00"}]}},"bones":{"MAIN":{"rotate":[{"time":0,"angle":0},{"time":0.1333,"angle":4.85,"curve":[0.129,0.57,0.75,1]},{"time":1,"angle":7.14},{"time":1.0666,"angle":-3.9},{"time":1.2,"angle":-6.93,"curve":"stepped"},{"time":2.4,"angle":0}],"translate":[{"time":0,"x":0,"y":0}],"scale":[{"time":0.1333,"x":1,"y":1,"curve":[0.119,0.66,0.75,1]},{"time":0.8333,"x":0.916,"y":0.916,"curve":"stepped"},{"time":1.0666,"x":1,"y":1},{"time":1.1333,"x":1.045,"y":1.045},{"time":1.2,"x":1,"y":1},{"time":1.2666,"x":1.045,"y":1.045},{"time":1.3333,"x":1,"y":1},{"time":1.4,"x":1.045,"y":1.045},{"time":1.4666,"x":1,"y":1},{"time":1.5333,"x":1.045,"y":1.045},{"time":1.6,"x":1,"y":1},{"time":1.6666,"x":1.045,"y":1.045},{"time":1.7333,"x":1,"y":1},{"time":1.8,"x":1.045,"y":1.045},{"time":1.8666,"x":1,"y":1},{"time":1.9333,"x":1.045,"y":1.045},{"time":2,"x":1,"y":1},{"time":2.0666,"x":1.045,"y":1.045},{"time":2.1333,"x":1,"y":1},{"time":2.2,"x":1.045,"y":1.045},{"time":2.2666,"x":1,"y":1},{"time":2.3333,"x":1.045,"y":1.045},{"time":2.4,"x":1,"y":1}]},"S1_wave1":{"translate":[{"time":1.1666,"x":-71.12,"y":79.28},{"time":1.3,"x":-71.12,"y":63.05},{"time":1.4,"x":-71.12,"y":57.67}],"scale":[{"time":1.1666,"x":2,"y":3.6},{"time":1.3,"x":2,"y":2.5},{"time":1.4,"x":2,"y":2}]},"S1_wave2":{"translate":[{"time":1.2666,"x":-210.33,"y":37.12},{"time":1.4,"x":-210.33,"y":14.83},{"time":1.5,"x":-210.33,"y":10.85}],"scale":[{"time":1.2666,"x":2,"y":3.6},{"time":1.4,"x":2,"y":2.5},{"time":1.5,"x":2,"y":2}]},"S1_wave3":{"translate":[{"time":1.4,"x":-331.7,"y":78.77},{"time":1.5333,"x":-331.7,"y":56.17},{"time":1.6333,"x":-331.7,"y":48.64}],"scale":[{"time":1.4,"x":2,"y":3.6},{"time":1.5333,"x":2,"y":2.5},{"time":1.6333,"x":2,"y":2}]},"roar1":{"translate":[{"time":1.1,"x":-179.28,"y":136.82},{"time":1.6333,"x":-360,"y":136.82}],"scale":[{"time":1.1,"x":2,"y":2}]},"roar2":{"translate":[{"time":1.2,"x":-181.54,"y":136.82},{"time":1.7333,"x":-385,"y":136.82}],"scale":[{"time":1.2,"x":2,"y":2}]},"roar3":{"translate":[{"time":1.3,"x":-177.59,"y":136.82},{"time":1.8333,"x":-400,"y":136.82}],"scale":[{"time":1.3,"x":2,"y":2}]},"roar4":{"translate":[{"time":1.4,"x":-177.11,"y":136.82},{"time":1.9333,"x":-415,"y":136.82}],"scale":[{"time":1.4,"x":2,"y":2}]},"DAMAGEAREA":{"translate":[{"time":1.1666,"x":-77.12,"y":130.55},{"time":1.6666,"x":-156.69,"y":130.55}],"scale":[{"time":1.1666,"x":0.781,"y":0.575},{"time":1.6666,"x":1.625,"y":1.011}]},"EF1":{"translate":[{"time":0,"x":0,"y":-25.36}]}},"events":[{"time":1.1,"name":"Event","float":0.2,"string":"kHitStopType_normal"},{"time":1.1,"name":"View","float":0.9,"string":"shakeGround_Loop"},{"time":1.1,"name":"sound_1","string":"cri_se_battle_magic_Invocation_dark"},{"time":1.1333,"name":"sound_1","string":"setHitSound(se_battle_007_attack_hit_01)"},{"time":1.1333,"name":"voice","string":"cri_015_voice_fullarts_now"},{"time":1.1666,"name":"sound_1","string":"setHitSound(se_battle_007_attack_hit_01)"},{"time":1.1666,"name":"sound_4","string":"cri_se_battle_search"},{"time":1.2,"name":"Event","float":0.01,"string":"kHitStopType_enemyonly"},{"time":1.2333,"name":"Hit","float":1.05,"string":"resetHitList"},{"time":1.2333,"name":"sound_1","string":"cri_se_battle_magic_Invocation_dark"},{"time":1.3,"name":"Hit","float":1.1,"string":"resetHitList"},{"time":1.3666,"name":"Hit","float":1.15,"string":"resetHitList"},{"time":1.4,"name":"sound_1","string":"cri_se_battle_magic_Invocation_dark"},{"time":1.4333,"name":"Hit","float":1.2,"string":"resetHitList"},{"time":1.5,"name":"Hit","float":1.25,"string":"resetHitList"},{"time":1.5666,"name":"Hit","float":1.3,"string":"resetHitList"},{"time":1.6333,"name":"Event","string":"kImpactType_knock"},{"time":1.6333,"name":"Hit","float":1.6,"string":"resetHitList"}]}}}