{"skeleton":{"hash":"Mo63ASW6DvvQ3RT2HiiyzYcxBBk","spine":"3.0.12","width":453,"height":347},"bones":[{"name":"root"},{"name":"MAIN-shadow3","parent":"root","y":58.22},{"name":"MAIN-shadow2","parent":"root","y":58.22},{"name":"MAIN-shadow1","parent":"root","y":58.22},{"name":"MAIN","parent":"root","y":58.22},{"name":"SHADOW-OFFSET","parent":"MAIN","x":0.13,"y":-72.77},{"name":"HITBOX","parent":"MAIN","x":0.13,"y":-7.85,"scaleX":0.769,"scaleY":1.582},{"name":"EF_wave2_black1_3","parent":"root","y":7.57,"scaleX":3,"scaleY":3},{"name":"EF_wave2_black1_2","parent":"root","y":7.57,"scaleX":3,"scaleY":3},{"name":"EF_wave2_black1_1","parent":"root","y":7.57,"scaleX":3,"scaleY":3},{"name":"EF_wave2_6","parent":"root","y":7.57,"scaleX":3,"scaleY":3},{"name":"EF_wave2_5","parent":"root","y":7.57,"scaleX":3,"scaleY":3},{"name":"EF_wave2_4","parent":"root","y":7.57,"scaleX":3,"scaleY":3},{"name":"EF_wave2_3","parent":"root","y":7.57,"scaleX":3,"scaleY":3},{"name":"EF_wave2_2","parent":"root","y":7.57,"scaleX":3,"scaleY":3},{"name":"EF_wave2_1","parent":"root","y":7.57,"scaleX":3,"scaleY":3},{"name":"EF_wave1_black1_1","parent":"root","scaleX":3,"scaleY":3},{"name":"EF_wave1_2","parent":"root","scaleX":3,"scaleY":3},{"name":"EF_wave1_1","parent":"root","scaleX":3,"scaleY":3},{"name":"EF_trail","parent":"root"},{"name":"EF_aura_black","parent":"root","x":200,"y":100},{"name":"EF_aura","parent":"root","x":200,"y":100},{"name":"DAMAGEAREA","parent":"root"}],"slots":[{"name":"EF/trail/10000-combo_16_ef2_1B","bone":"EF_trail","color":"00ff53ff","blend":"additive"},{"name":"EF/trail/10000-combo_16_ef2_1F","bone":"EF_trail","color":"00ff53ff","blend":"additive"},{"name":"EF_wave1_1","bone":"EF_wave1_1","blend":"additive"},{"name":"EF_wave1_2","bone":"EF_wave1_2","blend":"additive"},{"name":"EF_wave2","bone":"EF_wave2_1","blend":"additive"},{"name":"EF_wave3","bone":"EF_wave2_2","blend":"additive"},{"name":"EF_wave4","bone":"EF_wave2_3","blend":"additive"},{"name":"EF_wave5","bone":"EF_wave2_4","blend":"additive"},{"name":"EF_wave6","bone":"EF_wave2_5","blend":"additive"},{"name":"EF_wave7","bone":"EF_wave2_6","blend":"additive"},{"name":"EF_wave2_black1_1","bone":"EF_wave2_black1_1","color":"000000ff"},{"name":"EF_wave2_black1_2","bone":"EF_wave2_black1_2","color":"000000ff"},{"name":"EF_wave2_black1_3","bone":"EF_wave2_black1_3","color":"000000ff"},{"name":"EF_wave1_black1_1","bone":"EF_wave1_black1_1","color":"000000ff"},{"name":"MAIN","bone":"MAIN","attachment":"idle_00"},{"name":"MAIN-shadow1","bone":"MAIN-shadow1","color":"00ff53ff","blend":"additive"},{"name":"MAIN-shadow2","bone":"MAIN-shadow2","color":"00ff53ff","blend":"additive"},{"name":"MAIN-shadow3","bone":"MAIN-shadow3","color":"00ff53ff","blend":"additive"},{"name":"EF_aura","bone":"EF_aura","blend":"additive"},{"name":"EF_aura_black","bone":"EF_aura_black","color":"000000ff"},{"name":"DAMAGEAREA","bone":"DAMAGEAREA"},{"name":"HITBOX","bone":"HITBOX","attachment":"HITBOX"}],"skins":{"default":{"DAMAGEAREA":{"DAMAGEAREA":{"type":"boundingbox","vertices":[-64.15753,-66.1689,62.98535,-65.2509,63.90336,63.72798,-63.69853,63.72798]}},"EF/trail/10000-combo_16_ef2_1B":{"EF/trail/10000-combo_16_ef2_1Ba":{"x":-56.94,"y":-7,"width":412,"height":342}},"EF/trail/10000-combo_16_ef2_1F":{"EF/trail/10000-combo_16_ef2_1F":{"x":-56.93,"y":-7,"width":412,"height":342}},"EF_aura":{"EF/EF_aura/670_S2_ene2_00003":{"y":21.16,"width":250,"height":250},"EF/EF_aura/670_S2_ene2_00004":{"y":21.16,"width":250,"height":250},"EF/EF_aura/670_S2_ene2_00005":{"y":21.16,"width":250,"height":250},"EF/EF_aura/670_S2_ene2_00007":{"y":21.16,"width":250,"height":250},"EF/EF_aura/670_S2_ene2_00008":{"y":21.16,"width":250,"height":250},"EF/EF_aura/670_S2_ene2_00010":{"y":21.16,"width":250,"height":250},"EF/EF_aura/670_S2_ene2_00013":{"y":21.16,"width":250,"height":250},"EF/EF_aura/670_S2_ene2_00014":{"y":21.16,"width":250,"height":250},"EF/EF_aura/670_S2_ene2_00015":{"y":21.16,"width":250,"height":250}},"EF_aura_black":{"EF/EF_aura/670_S2_ene2_00003":{"y":21.16,"width":250,"height":250},"EF/EF_aura/670_S2_ene2_00004":{"y":21.16,"width":250,"height":250},"EF/EF_aura/670_S2_ene2_00005":{"y":21.16,"width":250,"height":250},"EF/EF_aura/670_S2_ene2_00007":{"y":21.16,"width":250,"height":250},"EF/EF_aura/670_S2_ene2_00008":{"y":21.16,"width":250,"height":250},"EF/EF_aura/670_S2_ene2_00010":{"y":21.16,"width":250,"height":250},"EF/EF_aura/670_S2_ene2_00013":{"y":21.16,"width":250,"height":250},"EF/EF_aura/670_S2_ene2_00014":{"y":21.16,"width":250,"height":250},"EF/EF_aura/670_S2_ene2_00015":{"y":21.16,"width":250,"height":250}},"EF_wave1_1":{"EF/5130_S2_wave2/5130_S2_wave2_00002":{"x":2.75,"width":250,"height":250},"EF/5130_S2_wave2/5130_S2_wave2_00003":{"x":2.75,"width":250,"height":250},"EF/5130_S2_wave2/5130_S2_wave2_00004":{"x":2.75,"width":250,"height":250},"EF/5130_S2_wave2/5130_S2_wave2_00005":{"x":2.75,"width":250,"height":250},"EF/5130_S2_wave2/5130_S2_wave2_00006":{"x":2.75,"width":250,"height":250},"EF/5130_S2_wave2/5130_S2_wave2_00007":{"x":2.75,"width":250,"height":250},"EF/5130_S2_wave2/5130_S2_wave2_00008":{"x":2.75,"width":250,"height":250},"EF/5130_S2_wave2/5130_S2_wave2_00009":{"x":2.75,"width":250,"height":250},"EF/5130_S2_wave2/5130_S2_wave2_00010":{"x":2.75,"width":250,"height":250}},"EF_wave1_2":{"EF/5130_S2_wave2/5130_S2_wave2_00002":{"x":2.75,"width":250,"height":250},"EF/5130_S2_wave2/5130_S2_wave2_00003":{"x":2.75,"width":250,"height":250},"EF/5130_S2_wave2/5130_S2_wave2_00004":{"x":2.75,"width":250,"height":250},"EF/5130_S2_wave2/5130_S2_wave2_00005":{"x":2.75,"width":250,"height":250},"EF/5130_S2_wave2/5130_S2_wave2_00006":{"x":2.75,"width":250,"height":250},"EF/5130_S2_wave2/5130_S2_wave2_00007":{"x":2.75,"width":250,"height":250},"EF/5130_S2_wave2/5130_S2_wave2_00008":{"x":2.75,"width":250,"height":250},"EF/5130_S2_wave2/5130_S2_wave2_00009":{"x":2.75,"width":250,"height":250},"EF/5130_S2_wave2/5130_S2_wave2_00010":{"x":2.75,"width":250,"height":250}},"EF_wave1_black1_1":{"EF/5130_S2_wave2/5130_S2_wave2_00002":{"x":2.75,"width":250,"height":250},"EF/5130_S2_wave2/5130_S2_wave2_00003":{"x":2.75,"width":250,"height":250},"EF/5130_S2_wave2/5130_S2_wave2_00004":{"x":2.75,"width":250,"height":250},"EF/5130_S2_wave2/5130_S2_wave2_00005":{"x":2.75,"width":250,"height":250},"EF/5130_S2_wave2/5130_S2_wave2_00006":{"x":2.75,"width":250,"height":250},"EF/5130_S2_wave2/5130_S2_wave2_00007":{"x":2.75,"width":250,"height":250},"EF/5130_S2_wave2/5130_S2_wave2_00008":{"x":2.75,"width":250,"height":250},"EF/5130_S2_wave2/5130_S2_wave2_00009":{"x":2.75,"width":250,"height":250},"EF/5130_S2_wave2/5130_S2_wave2_00010":{"x":2.75,"width":250,"height":250}},"EF_wave2":{"EF/5130_S2_wave1/5130_S2_wave1_00000":{"width":250,"height":250},"EF/5130_S2_wave1/5130_S2_wave1_00001":{"width":250,"height":250},"EF/5130_S2_wave1/5130_S2_wave1_00002":{"width":250,"height":250},"EF/5130_S2_wave1/5130_S2_wave1_00003":{"width":250,"height":250},"EF/5130_S2_wave1/5130_S2_wave1_00004":{"width":250,"height":250},"EF/5130_S2_wave1/5130_S2_wave1_00005":{"width":250,"height":250},"EF/5130_S2_wave1/5130_S2_wave1_00006":{"width":250,"height":250},"EF/5130_S2_wave1/5130_S2_wave1_00007":{"width":250,"height":250},"EF/5130_S2_wave1/5130_S2_wave1_00008":{"width":250,"height":250},"EF/5130_S2_wave1/5130_S2_wave1_00009":{"width":250,"height":250},"EF/5130_S2_wave1/5130_S2_wave1_00010":{"width":250,"height":250}},"EF_wave2_black1_1":{"EF/5130_S2_wave1/5130_S2_wave1_00000":{"width":250,"height":250},"EF/5130_S2_wave1/5130_S2_wave1_00001":{"width":250,"height":250},"EF/5130_S2_wave1/5130_S2_wave1_00002":{"width":250,"height":250},"EF/5130_S2_wave1/5130_S2_wave1_00003":{"width":250,"height":250},"EF/5130_S2_wave1/5130_S2_wave1_00004":{"width":250,"height":250},"EF/5130_S2_wave1/5130_S2_wave1_00005":{"width":250,"height":250},"EF/5130_S2_wave1/5130_S2_wave1_00006":{"width":250,"height":250},"EF/5130_S2_wave1/5130_S2_wave1_00007":{"width":250,"height":250},"EF/5130_S2_wave1/5130_S2_wave1_00008":{"width":250,"height":250},"EF/5130_S2_wave1/5130_S2_wave1_00009":{"width":250,"height":250},"EF/5130_S2_wave1/5130_S2_wave1_00010":{"width":250,"height":250}},"EF_wave2_black1_2":{"EF/5130_S2_wave1/5130_S2_wave1_00000":{"width":250,"height":250},"EF/5130_S2_wave1/5130_S2_wave1_00001":{"width":250,"height":250},"EF/5130_S2_wave1/5130_S2_wave1_00002":{"width":250,"height":250},"EF/5130_S2_wave1/5130_S2_wave1_00003":{"width":250,"height":250},"EF/5130_S2_wave1/5130_S2_wave1_00004":{"width":250,"height":250},"EF/5130_S2_wave1/5130_S2_wave1_00005":{"width":250,"height":250},"EF/5130_S2_wave1/5130_S2_wave1_00006":{"width":250,"height":250},"EF/5130_S2_wave1/5130_S2_wave1_00007":{"width":250,"height":250},"EF/5130_S2_wave1/5130_S2_wave1_00008":{"width":250,"height":250},"EF/5130_S2_wave1/5130_S2_wave1_00009":{"width":250,"height":250},"EF/5130_S2_wave1/5130_S2_wave1_00010":{"width":250,"height":250}},"EF_wave2_black1_3":{"EF/5130_S2_wave1/5130_S2_wave1_00000":{"width":250,"height":250},"EF/5130_S2_wave1/5130_S2_wave1_00001":{"width":250,"height":250},"EF/5130_S2_wave1/5130_S2_wave1_00002":{"width":250,"height":250},"EF/5130_S2_wave1/5130_S2_wave1_00003":{"width":250,"height":250},"EF/5130_S2_wave1/5130_S2_wave1_00004":{"width":250,"height":250},"EF/5130_S2_wave1/5130_S2_wave1_00005":{"width":250,"height":250},"EF/5130_S2_wave1/5130_S2_wave1_00006":{"width":250,"height":250},"EF/5130_S2_wave1/5130_S2_wave1_00007":{"width":250,"height":250},"EF/5130_S2_wave1/5130_S2_wave1_00008":{"width":250,"height":250},"EF/5130_S2_wave1/5130_S2_wave1_00009":{"width":250,"height":250},"EF/5130_S2_wave1/5130_S2_wave1_00010":{"width":250,"height":250}},"EF_wave3":{"EF/5130_S2_wave1/5130_S2_wave1_00000":{"width":250,"height":250},"EF/5130_S2_wave1/5130_S2_wave1_00001":{"width":250,"height":250},"EF/5130_S2_wave1/5130_S2_wave1_00002":{"width":250,"height":250},"EF/5130_S2_wave1/5130_S2_wave1_00003":{"width":250,"height":250},"EF/5130_S2_wave1/5130_S2_wave1_00004":{"width":250,"height":250},"EF/5130_S2_wave1/5130_S2_wave1_00005":{"width":250,"height":250},"EF/5130_S2_wave1/5130_S2_wave1_00006":{"width":250,"height":250},"EF/5130_S2_wave1/5130_S2_wave1_00007":{"width":250,"height":250},"EF/5130_S2_wave1/5130_S2_wave1_00008":{"width":250,"height":250},"EF/5130_S2_wave1/5130_S2_wave1_00009":{"width":250,"height":250},"EF/5130_S2_wave1/5130_S2_wave1_00010":{"width":250,"height":250}},"EF_wave4":{"EF/5130_S2_wave1/5130_S2_wave1_00000":{"width":250,"height":250},"EF/5130_S2_wave1/5130_S2_wave1_00001":{"width":250,"height":250},"EF/5130_S2_wave1/5130_S2_wave1_00002":{"width":250,"height":250},"EF/5130_S2_wave1/5130_S2_wave1_00003":{"width":250,"height":250},"EF/5130_S2_wave1/5130_S2_wave1_00004":{"width":250,"height":250},"EF/5130_S2_wave1/5130_S2_wave1_00005":{"width":250,"height":250},"EF/5130_S2_wave1/5130_S2_wave1_00006":{"width":250,"height":250},"EF/5130_S2_wave1/5130_S2_wave1_00007":{"width":250,"height":250},"EF/5130_S2_wave1/5130_S2_wave1_00008":{"width":250,"height":250},"EF/5130_S2_wave1/5130_S2_wave1_00009":{"width":250,"height":250},"EF/5130_S2_wave1/5130_S2_wave1_00010":{"width":250,"height":250}},"EF_wave5":{"EF/5130_S2_wave1/5130_S2_wave1_00000":{"width":250,"height":250},"EF/5130_S2_wave1/5130_S2_wave1_00001":{"width":250,"height":250},"EF/5130_S2_wave1/5130_S2_wave1_00002":{"width":250,"height":250},"EF/5130_S2_wave1/5130_S2_wave1_00003":{"width":250,"height":250},"EF/5130_S2_wave1/5130_S2_wave1_00004":{"width":250,"height":250},"EF/5130_S2_wave1/5130_S2_wave1_00005":{"width":250,"height":250},"EF/5130_S2_wave1/5130_S2_wave1_00006":{"width":250,"height":250},"EF/5130_S2_wave1/5130_S2_wave1_00007":{"width":250,"height":250},"EF/5130_S2_wave1/5130_S2_wave1_00008":{"width":250,"height":250},"EF/5130_S2_wave1/5130_S2_wave1_00009":{"width":250,"height":250},"EF/5130_S2_wave1/5130_S2_wave1_00010":{"width":250,"height":250}},"EF_wave6":{"EF/5130_S2_wave1/5130_S2_wave1_00000":{"width":250,"height":250},"EF/5130_S2_wave1/5130_S2_wave1_00001":{"width":250,"height":250},"EF/5130_S2_wave1/5130_S2_wave1_00002":{"width":250,"height":250},"EF/5130_S2_wave1/5130_S2_wave1_00003":{"width":250,"height":250},"EF/5130_S2_wave1/5130_S2_wave1_00004":{"width":250,"height":250},"EF/5130_S2_wave1/5130_S2_wave1_00005":{"width":250,"height":250},"EF/5130_S2_wave1/5130_S2_wave1_00006":{"width":250,"height":250},"EF/5130_S2_wave1/5130_S2_wave1_00007":{"width":250,"height":250},"EF/5130_S2_wave1/5130_S2_wave1_00008":{"width":250,"height":250},"EF/5130_S2_wave1/5130_S2_wave1_00009":{"width":250,"height":250},"EF/5130_S2_wave1/5130_S2_wave1_00010":{"width":250,"height":250}},"EF_wave7":{"EF/5130_S2_wave1/5130_S2_wave1_00000":{"width":250,"height":250},"EF/5130_S2_wave1/5130_S2_wave1_00001":{"width":250,"height":250},"EF/5130_S2_wave1/5130_S2_wave1_00002":{"width":250,"height":250},"EF/5130_S2_wave1/5130_S2_wave1_00003":{"width":250,"height":250},"EF/5130_S2_wave1/5130_S2_wave1_00004":{"width":250,"height":250},"EF/5130_S2_wave1/5130_S2_wave1_00005":{"width":250,"height":250},"EF/5130_S2_wave1/5130_S2_wave1_00006":{"width":250,"height":250},"EF/5130_S2_wave1/5130_S2_wave1_00007":{"width":250,"height":250},"EF/5130_S2_wave1/5130_S2_wave1_00008":{"width":250,"height":250},"EF/5130_S2_wave1/5130_S2_wave1_00009":{"width":250,"height":250},"EF/5130_S2_wave1/5130_S2_wave1_00010":{"width":250,"height":250}},"HITBOX":{"HITBOX":{"type":"boundingbox","vertices":[-31.67979,-30.203,32.27417,-31.818,31.30516,32.45898,-32.0028,33.105]}},"MAIN":{"attack1_00":{"x":-22.85,"y":-3.98,"width":453,"height":347},"back_00":{"x":2.75,"y":-13.74,"width":453,"height":347},"damage_00":{"x":-3.53,"y":-8.09,"width":453,"height":347},"front_00":{"x":3.32,"y":-9.74,"width":453,"height":347},"idle_00":{"x":-2.57,"y":-4.18,"width":453,"height":347},"idle_01":{"x":-2.57,"y":-4.18,"width":453,"height":347},"idle_02":{"x":-2.57,"y":-4.18,"width":453,"height":347},"idle_03":{"x":-2.57,"y":-4.18,"width":453,"height":347},"idle_04":{"x":-2.57,"y":-4.18,"width":453,"height":347},"skill2_00":{"x":-2.85,"y":0.39,"width":453,"height":347},"skill2_01":{"x":-10.28,"y":-1.89,"width":453,"height":347},"skill2_02":{"x":-10.28,"y":7.82,"width":453,"height":347},"skill2_03":{"x":-17.72,"y":13.54,"width":453,"height":347},"skill2_05":{"x":-16.57,"y":-19.04,"width":453,"height":347},"skill2_06":{"x":-16.57,"y":-19.04,"width":453,"height":347},"skill2_07":{"x":-16.57,"y":-19.04,"width":453,"height":347},"skill2_08":{"x":21.26,"y":8.47,"width":453,"height":347},"skill2_09":{"x":5.41,"y":1.17,"width":453,"height":347},"skill2_10":{"x":5.41,"y":1.17,"width":453,"height":347},"skill2_11":{"x":5.41,"y":1.17,"width":453,"height":347},"skill2_12":{"x":5.41,"y":17.88,"width":453,"height":347},"skill2_13":{"x":-0.66,"y":8.93,"width":453,"height":347},"skill2_14":{"x":6.21,"y":8.93,"width":453,"height":347},"skill2_15":{"x":2.28,"y":8.93,"width":453,"height":347},"skill2_16":{"x":2.28,"y":8.93,"width":453,"height":347},"skill2_17":{"x":7.19,"y":-1.87,"width":453,"height":347},"skill2_18":{"x":3,"y":-3.98,"width":453,"height":347},"skill2_19":{"x":10,"y":-4.18,"width":453,"height":347},"skill2_20":{"x":13.54,"y":1.22,"width":453,"height":347},"skill2_21":{"x":13.61,"y":1.48,"width":453,"height":347},"skill3_00":{"x":-23.72,"y":-1.27,"width":453,"height":347},"skill3_01":{"x":-23.72,"y":-1.27,"width":453,"height":347},"skill3_02":{"x":-2.57,"y":-4.17,"width":453,"height":347},"skill3_03":{"x":-2.57,"y":-4.17,"width":453,"height":347},"skill3_04":{"x":-2.57,"y":-4.17,"width":453,"height":347},"skill3_05":{"x":-2.57,"y":-4.17,"width":453,"height":347},"skill3_06":{"x":-2.57,"y":-4.17,"width":453,"height":347},"skill3_07":{"x":-2.57,"y":-4.17,"width":453,"height":347},"skill3_08":{"x":-2.57,"y":-4.17,"width":453,"height":347},"skill3_09":{"x":-1.88,"y":-4.04,"width":453,"height":347},"skill3_10":{"x":-1.88,"y":-4.04,"width":453,"height":347},"skill3_11":{"x":-1.88,"y":-4.04,"width":453,"height":347},"skill3_12":{"x":-1.88,"y":-4.04,"width":453,"height":347},"skill3_13":{"x":10.75,"y":-0.64,"width":453,"height":347},"skill3_14":{"x":-3.24,"y":2.87,"scaleX":-1,"width":453,"height":347},"skill3_15":{"x":-3.24,"y":2.87,"scaleX":-1,"width":453,"height":347},"skill3_16":{"x":-14,"y":-1.59,"scaleX":-1,"width":453,"height":347},"skill3_17":{"x":-14,"y":-1.59,"scaleX":-1,"width":453,"height":347},"skill3_18":{"x":-14,"y":-1.59,"scaleX":-1,"width":453,"height":347},"skill3_19":{"x":-14,"y":-1.59,"scaleX":-1,"width":453,"height":347},"skill3_20":{"x":-2.31,"y":0.79,"width":453,"height":347}},"MAIN-shadow1":{"attack1_00":{"x":-22.85,"y":-3.98,"width":453,"height":347},"back_00":{"x":2.75,"y":-13.74,"width":453,"height":347},"damage_00":{"x":-3.53,"y":-8.09,"width":453,"height":347},"front_00":{"x":3.32,"y":-9.74,"width":453,"height":347},"idle_00":{"x":-2.57,"y":-4.18,"width":453,"height":347},"idle_01":{"x":-2.57,"y":-4.18,"width":453,"height":347},"idle_02":{"x":-2.57,"y":-4.18,"width":453,"height":347},"idle_03":{"x":-2.57,"y":-4.18,"width":453,"height":347},"idle_04":{"x":-2.57,"y":-4.18,"width":453,"height":347},"skill2_00":{"x":-2.85,"y":0.39,"width":453,"height":347},"skill2_01":{"x":-10.28,"y":-1.89,"width":453,"height":347},"skill2_02":{"x":-10.28,"y":7.82,"width":453,"height":347},"skill2_03":{"x":-17.72,"y":13.54,"width":453,"height":347},"skill2_05":{"x":-16.57,"y":-19.04,"width":453,"height":347},"skill2_06":{"x":-16.57,"y":-19.04,"width":453,"height":347},"skill2_07":{"x":-16.57,"y":-19.04,"width":453,"height":347},"skill2_08":{"x":21.26,"y":8.47,"width":453,"height":347},"skill2_09":{"x":5.41,"y":1.17,"width":453,"height":347},"skill2_10":{"x":5.41,"y":1.17,"width":453,"height":347},"skill2_11":{"x":5.41,"y":1.17,"width":453,"height":347},"skill2_12":{"x":5.41,"y":17.88,"width":453,"height":347},"skill2_13":{"x":-0.66,"y":8.93,"width":453,"height":347},"skill2_14":{"x":6.21,"y":8.93,"width":453,"height":347},"skill2_15":{"x":2.28,"y":8.93,"width":453,"height":347},"skill2_16":{"x":2.28,"y":8.93,"width":453,"height":347},"skill2_17":{"x":7.19,"y":-1.87,"width":453,"height":347},"skill2_18":{"x":3,"y":-3.98,"width":453,"height":347},"skill2_19":{"x":10,"y":-4.18,"width":453,"height":347},"skill2_20":{"x":13.54,"y":1.22,"width":453,"height":347},"skill2_21":{"x":13.61,"y":1.48,"width":453,"height":347},"skill3_00":{"x":-23.72,"y":-1.27,"width":453,"height":347},"skill3_01":{"x":-23.72,"y":-1.27,"width":453,"height":347},"skill3_02":{"x":-2.57,"y":-4.17,"width":453,"height":347},"skill3_03":{"x":-2.57,"y":-4.17,"width":453,"height":347},"skill3_04":{"x":-2.57,"y":-4.17,"width":453,"height":347},"skill3_05":{"x":-2.57,"y":-4.17,"width":453,"height":347},"skill3_06":{"x":-2.57,"y":-4.17,"width":453,"height":347},"skill3_07":{"x":-2.57,"y":-4.17,"width":453,"height":347},"skill3_08":{"x":-2.57,"y":-4.17,"width":453,"height":347},"skill3_09":{"x":-1.88,"y":-4.04,"width":453,"height":347},"skill3_10":{"x":-1.88,"y":-4.04,"width":453,"height":347},"skill3_11":{"x":-1.88,"y":-4.04,"width":453,"height":347},"skill3_12":{"x":-1.88,"y":-4.04,"width":453,"height":347},"skill3_13":{"x":10.75,"y":-0.64,"width":453,"height":347},"skill3_14":{"x":-3.24,"y":2.87,"scaleX":-1,"width":453,"height":347},"skill3_15":{"x":-3.24,"y":2.87,"scaleX":-1,"width":453,"height":347},"skill3_16":{"x":-14,"y":-1.59,"scaleX":-1,"width":453,"height":347},"skill3_17":{"x":-14,"y":-1.59,"scaleX":-1,"width":453,"height":347},"skill3_18":{"x":-14,"y":-1.59,"scaleX":-1,"width":453,"height":347},"skill3_19":{"x":-14,"y":-1.59,"scaleX":-1,"width":453,"height":347},"skill3_20":{"x":-2.31,"y":0.79,"width":453,"height":347}},"MAIN-shadow2":{"attack1_00":{"x":-22.85,"y":-3.98,"width":453,"height":347},"back_00":{"x":2.75,"y":-13.74,"width":453,"height":347},"damage_00":{"x":-3.53,"y":-8.09,"width":453,"height":347},"front_00":{"x":3.32,"y":-9.74,"width":453,"height":347},"idle_00":{"x":-2.57,"y":-4.18,"width":453,"height":347},"idle_01":{"x":-2.57,"y":-4.18,"width":453,"height":347},"idle_02":{"x":-2.57,"y":-4.18,"width":453,"height":347},"idle_03":{"x":-2.57,"y":-4.18,"width":453,"height":347},"idle_04":{"x":-2.57,"y":-4.18,"width":453,"height":347},"skill2_00":{"x":-2.85,"y":0.39,"width":453,"height":347},"skill2_01":{"x":-10.28,"y":-1.89,"width":453,"height":347},"skill2_02":{"x":-10.28,"y":7.82,"width":453,"height":347},"skill2_03":{"x":-17.72,"y":13.54,"width":453,"height":347},"skill2_05":{"x":-16.57,"y":-19.04,"width":453,"height":347},"skill2_06":{"x":-16.57,"y":-19.04,"width":453,"height":347},"skill2_07":{"x":-16.57,"y":-19.04,"width":453,"height":347},"skill2_08":{"x":21.26,"y":8.47,"width":453,"height":347},"skill2_09":{"x":5.41,"y":1.17,"width":453,"height":347},"skill2_10":{"x":5.41,"y":1.17,"width":453,"height":347},"skill2_11":{"x":5.41,"y":1.17,"width":453,"height":347},"skill2_12":{"x":5.41,"y":17.88,"width":453,"height":347},"skill2_13":{"x":-0.66,"y":8.93,"width":453,"height":347},"skill2_14":{"x":6.21,"y":8.93,"width":453,"height":347},"skill2_15":{"x":2.28,"y":8.93,"width":453,"height":347},"skill2_16":{"x":2.28,"y":8.93,"width":453,"height":347},"skill2_17":{"x":7.19,"y":-1.87,"width":453,"height":347},"skill2_18":{"x":3,"y":-3.98,"width":453,"height":347},"skill2_19":{"x":10,"y":-4.18,"width":453,"height":347},"skill2_20":{"x":13.54,"y":1.22,"width":453,"height":347},"skill2_21":{"x":13.61,"y":1.48,"width":453,"height":347},"skill3_00":{"x":-23.72,"y":-1.27,"width":453,"height":347},"skill3_01":{"x":-23.72,"y":-1.27,"width":453,"height":347},"skill3_02":{"x":-2.57,"y":-4.17,"width":453,"height":347},"skill3_03":{"x":-2.57,"y":-4.17,"width":453,"height":347},"skill3_04":{"x":-2.57,"y":-4.17,"width":453,"height":347},"skill3_05":{"x":-2.57,"y":-4.17,"width":453,"height":347},"skill3_06":{"x":-2.57,"y":-4.17,"width":453,"height":347},"skill3_07":{"x":-2.57,"y":-4.17,"width":453,"height":347},"skill3_08":{"x":-2.57,"y":-4.17,"width":453,"height":347},"skill3_09":{"x":-1.88,"y":-4.04,"width":453,"height":347},"skill3_10":{"x":-1.88,"y":-4.04,"width":453,"height":347},"skill3_11":{"x":-1.88,"y":-4.04,"width":453,"height":347},"skill3_12":{"x":-1.88,"y":-4.04,"width":453,"height":347},"skill3_13":{"x":10.75,"y":-0.64,"width":453,"height":347},"skill3_14":{"x":-3.24,"y":2.87,"scaleX":-1,"width":453,"height":347},"skill3_15":{"x":-3.24,"y":2.87,"scaleX":-1,"width":453,"height":347},"skill3_16":{"x":-14,"y":-1.59,"scaleX":-1,"width":453,"height":347},"skill3_17":{"x":-14,"y":-1.59,"scaleX":-1,"width":453,"height":347},"skill3_18":{"x":-14,"y":-1.59,"scaleX":-1,"width":453,"height":347},"skill3_19":{"x":-14,"y":-1.59,"scaleX":-1,"width":453,"height":347},"skill3_20":{"x":-2.31,"y":0.79,"width":453,"height":347}},"MAIN-shadow3":{"attack1_00":{"x":-22.85,"y":-3.98,"width":453,"height":347},"back_00":{"x":2.75,"y":-13.74,"width":453,"height":347},"damage_00":{"x":-3.53,"y":-8.09,"width":453,"height":347},"front_00":{"x":3.32,"y":-9.74,"width":453,"height":347},"idle_00":{"x":-2.57,"y":-4.18,"width":453,"height":347},"idle_01":{"x":-2.57,"y":-4.18,"width":453,"height":347},"idle_02":{"x":-2.57,"y":-4.18,"width":453,"height":347},"idle_03":{"x":-2.57,"y":-4.18,"width":453,"height":347},"idle_04":{"x":-2.57,"y":-4.18,"width":453,"height":347},"skill2_00":{"x":-2.85,"y":0.39,"width":453,"height":347},"skill2_01":{"x":-10.28,"y":-1.89,"width":453,"height":347},"skill2_02":{"x":-10.28,"y":7.82,"width":453,"height":347},"skill2_03":{"x":-17.72,"y":13.54,"width":453,"height":347},"skill2_05":{"x":-16.57,"y":-19.04,"width":453,"height":347},"skill2_06":{"x":-16.57,"y":-19.04,"width":453,"height":347},"skill2_07":{"x":-16.57,"y":-19.04,"width":453,"height":347},"skill2_08":{"x":21.26,"y":8.47,"width":453,"height":347},"skill2_09":{"x":5.41,"y":1.17,"width":453,"height":347},"skill2_10":{"x":5.41,"y":1.17,"width":453,"height":347},"skill2_11":{"x":5.41,"y":1.17,"width":453,"height":347},"skill2_12":{"x":5.41,"y":17.88,"width":453,"height":347},"skill2_13":{"x":-0.66,"y":8.93,"width":453,"height":347},"skill2_14":{"x":6.21,"y":8.93,"width":453,"height":347},"skill2_15":{"x":2.28,"y":8.93,"width":453,"height":347},"skill2_16":{"x":2.28,"y":8.93,"width":453,"height":347},"skill2_17":{"x":7.19,"y":-1.87,"width":453,"height":347},"skill2_18":{"x":3,"y":-3.98,"width":453,"height":347},"skill2_19":{"x":10,"y":-4.18,"width":453,"height":347},"skill2_20":{"x":13.54,"y":1.22,"width":453,"height":347},"skill2_21":{"x":13.61,"y":1.48,"width":453,"height":347},"skill3_00":{"x":-23.72,"y":-1.27,"width":453,"height":347},"skill3_01":{"x":-23.72,"y":-1.27,"width":453,"height":347},"skill3_02":{"x":-2.57,"y":-4.17,"width":453,"height":347},"skill3_03":{"x":-2.57,"y":-4.17,"width":453,"height":347},"skill3_04":{"x":-2.57,"y":-4.17,"width":453,"height":347},"skill3_05":{"x":-2.57,"y":-4.17,"width":453,"height":347},"skill3_06":{"x":-2.57,"y":-4.17,"width":453,"height":347},"skill3_07":{"x":-2.57,"y":-4.17,"width":453,"height":347},"skill3_08":{"x":-2.57,"y":-4.17,"width":453,"height":347},"skill3_09":{"x":-1.88,"y":-4.04,"width":453,"height":347},"skill3_10":{"x":-1.88,"y":-4.04,"width":453,"height":347},"skill3_11":{"x":-1.88,"y":-4.04,"width":453,"height":347},"skill3_12":{"x":-1.88,"y":-4.04,"width":453,"height":347},"skill3_13":{"x":10.75,"y":-0.64,"width":453,"height":347},"skill3_14":{"x":-3.24,"y":2.87,"scaleX":-1,"width":453,"height":347},"skill3_15":{"x":-3.24,"y":2.87,"scaleX":-1,"width":453,"height":347},"skill3_16":{"x":-14,"y":-1.59,"scaleX":-1,"width":453,"height":347},"skill3_17":{"x":-14,"y":-1.59,"scaleX":-1,"width":453,"height":347},"skill3_18":{"x":-14,"y":-1.59,"scaleX":-1,"width":453,"height":347},"skill3_19":{"x":-14,"y":-1.59,"scaleX":-1,"width":453,"height":347},"skill3_20":{"x":-2.31,"y":0.79,"width":453,"height":347}}}},"events":{"Event":{},"Hit":{},"Sound1":{},"Sound2":{},"Sound3":{},"Voice":{}},"animations":{"attack1":{"slots":{"DAMAGEAREA":{"attachment":[{"time":0.4,"name":"DAMAGEAREA"},{"time":0.5333,"name":null},{"time":0.7,"name":"DAMAGEAREA"},{"time":0.7666,"name":null}]},"EF/trail/10000-combo_16_ef2_1B":{"attachment":[{"time":0.4,"name":"EF/trail/10000-combo_16_ef2_1Ba"},{"time":0.4333,"name":null},{"time":0.7,"name":"EF/trail/10000-combo_16_ef2_1Ba"},{"time":0.7333,"name":null}]},"EF/trail/10000-combo_16_ef2_1F":{"attachment":[{"time":0.4,"name":"EF/trail/10000-combo_16_ef2_1F"},{"time":0.4333,"name":null},{"time":0.7,"name":"EF/trail/10000-combo_16_ef2_1F"},{"time":0.7333,"name":null}]},"EF_wave1_1":{"attachment":[{"time":0.1333,"name":null}],"color":[{"time":0.1,"color":"ffffff00"}]},"MAIN":{"attachment":[{"time":0,"name":"skill2_02"},{"time":0.0333,"name":"skill2_03"},{"time":0.1666,"name":"skill2_03"},{"time":0.2333,"name":"skill2_05"},{"time":0.2666,"name":"skill2_06"},{"time":0.3,"name":"skill2_07"},{"time":0.4,"name":"skill2_08"},{"time":0.4666,"name":"skill2_09"},{"time":0.5333,"name":"skill2_10"},{"time":0.6,"name":"skill2_12"},{"time":0.7,"name":"skill2_13"},{"time":0.7666,"name":"skill2_14"},{"time":0.8333,"name":"skill2_15"},{"time":1.0333,"name":"back_00"},{"time":1.2666,"name":"idle_00"},{"time":1.3666,"name":"idle_01"},{"time":1.5333,"name":"idle_02"},{"time":1.7,"name":"idle_03"},{"time":1.8666,"name":"idle_04"},{"time":2.0333,"name":"idle_04"}]}},"bones":{"MAIN":{"translate":[{"time":0,"x":2.45,"y":-5.25,"curve":"stepped"},{"time":0.0333,"x":10.03,"y":-10.48,"curve":"stepped"},{"time":0.1666,"x":10.03,"y":-10.48},{"time":0.2333,"x":-95.38,"y":90.44,"curve":[0.068,0.96,0.75,1]},{"time":0.3333,"x":-154.73,"y":81.97,"curve":"stepped"},{"time":0.4,"x":-184.62,"y":-3.11,"curve":"stepped"},{"time":0.4666,"x":-184.62,"y":-15.97,"curve":"stepped"},{"time":0.5333,"x":-175.82,"y":1.14,"curve":"stepped"},{"time":0.6,"x":-178.61,"y":-11.68,"curve":"stepped"},{"time":0.7,"x":-163.6,"y":-6.96,"curve":"stepped"},{"time":1.0333,"x":-139.32,"y":17.66},{"time":1.1333,"x":-58.68,"y":27.73},{"time":1.2666,"x":-4,"y":0},{"time":1.3666,"x":0,"y":0}]},"EF_trail":{"rotate":[{"time":0.4,"angle":215.94,"curve":"stepped"},{"time":0.4666,"angle":-135.54,"curve":"stepped"},{"time":0.7,"angle":17.01}],"translate":[{"time":0.4,"x":-228.2,"y":27.76,"curve":"stepped"},{"time":0.4666,"x":-237.59,"y":33.12,"curve":"stepped"},{"time":0.7,"x":-90.15,"y":78.94}],"scale":[{"time":0.4,"x":0.91,"y":-0.45,"curve":"stepped"},{"time":0.7,"x":0.836,"y":-0.289}]},"EF_wave1_1":{"scale":[{"time":0.0666,"x":1.239,"y":1.239}]},"DAMAGEAREA":{"translate":[{"time":0.4,"x":-158.15,"y":52.54,"curve":"stepped"},{"time":0.7,"x":-175.12,"y":52.54}],"scale":[{"time":0.4,"x":1.767,"y":0.774,"curve":"stepped"},{"time":0.7,"x":1.972,"y":0.864}]}},"drawOrder":[{"time":0.4,"offsets":[{"slot":"EF/trail/10000-combo_16_ef2_1B","offset":19}]}],"events":[{"time":0.2,"name":"Sound1","string":"cri_se_battle_jump"},{"time":0.4,"name":"Event","float":0.2,"string":"kHitStopType_normal"},{"time":0.4,"name":"Voice","string":"cri_105_voice_attack_random"},{"time":0.4333,"name":"Sound1","string":"cri_se_battle_017_sword_hit_01"},{"time":0.6,"name":"Hit","string":"resetHitList"}]},"back":{"slots":{"MAIN":{"attachment":[{"time":0,"name":"back_00"},{"time":0.2666,"name":"idle_00"},{"time":0.3333,"name":"idle_01"},{"time":0.4666,"name":"idle_02"},{"time":0.6666,"name":"idle_02"}]}},"bones":{"MAIN":{"translate":[{"time":0,"x":0,"y":14.9},{"time":0.1666,"x":87.19,"y":28.86,"curve":[0.36,0.66,0.758,1]},{"time":0.3333,"x":130,"y":0,"curve":[0.25,0,0.75,1]},{"time":0.4666,"x":140,"y":0}]}}},"cast":{"slots":{"MAIN":{"attachment":[{"time":0,"name":"attack1_00"},{"time":0.1,"name":"skill2_17"},{"time":0.1666,"name":"skill2_18"},{"time":0.5,"name":"skill2_19"},{"time":0.6,"name":"skill2_20"},{"time":0.7,"name":"skill2_21"},{"time":0.8333,"name":"skill2_21"}]}},"bones":{"MAIN":{"translate":[{"time":0,"x":0,"y":5.89,"curve":"stepped"},{"time":0.1,"x":0,"y":2.45}]}},"events":[{"time":0.5,"name":"Sound1","string":"cri_105_voice_item"}]},"damage":{"slots":{"MAIN":{"attachment":[{"time":0,"name":"damage_00"}]}}},"ex":{"slots":{"EF_wave1_1":{"attachment":[{"time":0.5,"name":"EF/5130_S2_wave2/5130_S2_wave2_00002"},{"time":0.5333,"name":"EF/5130_S2_wave2/5130_S2_wave2_00003"},{"time":0.5666,"name":"EF/5130_S2_wave2/5130_S2_wave2_00004"},{"time":0.6,"name":"EF/5130_S2_wave2/5130_S2_wave2_00005"},{"time":0.6333,"name":"EF/5130_S2_wave2/5130_S2_wave2_00006"},{"time":0.6666,"name":"EF/5130_S2_wave2/5130_S2_wave2_00007"},{"time":0.7,"name":"EF/5130_S2_wave2/5130_S2_wave2_00008"},{"time":0.7333,"name":"EF/5130_S2_wave2/5130_S2_wave2_00009"},{"time":0.7666,"name":"EF/5130_S2_wave2/5130_S2_wave2_00010"},{"time":0.9,"name":null}],"color":[{"time":0.7666,"color":"ffffffff"},{"time":0.9,"color":"ffffff00"}]},"MAIN":{"attachment":[{"time":0,"name":"attack1_00"},{"time":0.1,"name":"skill2_17"},{"time":0.1666,"name":"skill2_18"},{"time":0.5,"name":"skill2_19"},{"time":0.6,"name":"skill2_20"},{"time":0.7,"name":"skill2_21"},{"time":0.8333,"name":"skill2_21"}]}},"bones":{"MAIN":{"translate":[{"time":0,"x":0,"y":5.89,"curve":"stepped"},{"time":0.1,"x":0,"y":2.45}]},"EF_wave1_1":{"translate":[{"time":0.5,"x":0,"y":10.08}],"scale":[{"time":0.5,"x":1.166,"y":1.166,"curve":"stepped"},{"time":0.7666,"x":1.166,"y":1.166},{"time":0.9,"x":1.208,"y":1.208}]}},"events":[{"time":0,"name":"Sound1","string":"cri_se_battle_charge"},{"time":0.5,"name":"Sound1","string":"cri_se_battle_gun_burst"},{"time":0.5,"name":"Sound2","string":"cri_se_battle_arrow_light_effect"},{"time":0.6333,"name":"Event","string":"runScript-summon"}]},"front":{"slots":{"MAIN":{"attachment":[{"time":0,"name":"front_00"}]}}},"idle":{"slots":{"MAIN":{"attachment":[{"time":0,"name":"idle_00"},{"time":0.1666,"name":"idle_01"},{"time":0.3333,"name":"idle_02"},{"time":0.5,"name":"idle_03"},{"time":0.6666,"name":"idle_04"},{"time":0.8333,"name":"idle_04"}]}}},"in":{"slots":{"MAIN":{"attachment":[{"time":0,"name":"front_00"},{"time":0.2666,"name":"idle_00"},{"time":0.4666,"name":"idle_01"},{"time":0.6333,"name":"idle_02"},{"time":0.8,"name":"idle_03"},{"time":0.9666,"name":"idle_04"},{"time":1.1333,"name":"idle_04"}],"color":[{"time":0,"color":"ffffff00"},{"time":0.2666,"color":"ffffffff"}]}},"bones":{"MAIN":{"translate":[{"time":0,"x":178.51,"y":0},{"time":0.2666,"x":10,"y":0,"curve":[0,0.51,0.75,1]},{"time":0.6666,"x":0,"y":0}]}},"events":[{"time":0.3,"name":"Event","string":"takeBattleEffectAnimation(summon_3)"}]},"linkskill":{"slots":{"MAIN":{"attachment":[{"time":0,"name":"back_00"}],"color":[{"time":0,"color":"ffffff00"}]}},"bones":{"MAIN":{"translate":[{"time":0,"x":0,"y":14.9,"curve":"stepped"},{"time":6.5333,"x":0,"y":14.9}]}},"events":[{"time":0.1,"name":"Event","string":"linkStandby"}]},"skill1":{"slots":{"DAMAGEAREA":{"attachment":[{"time":0.5666,"name":"DAMAGEAREA"},{"time":0.8,"name":null},{"time":1.3,"name":"DAMAGEAREA"},{"time":1.5,"name":null}]},"EF_wave2":{"attachment":[{"time":1.2666,"name":"EF/5130_S2_wave1/5130_S2_wave1_00000"},{"time":1.3,"name":"EF/5130_S2_wave1/5130_S2_wave1_00001"},{"time":1.3333,"name":"EF/5130_S2_wave1/5130_S2_wave1_00002"},{"time":1.3666,"name":"EF/5130_S2_wave1/5130_S2_wave1_00003"},{"time":1.4,"name":"EF/5130_S2_wave1/5130_S2_wave1_00004"},{"time":1.4333,"name":"EF/5130_S2_wave1/5130_S2_wave1_00005"},{"time":1.4666,"name":"EF/5130_S2_wave1/5130_S2_wave1_00006"},{"time":1.5,"name":"EF/5130_S2_wave1/5130_S2_wave1_00007"},{"time":1.5333,"name":"EF/5130_S2_wave1/5130_S2_wave1_00008"},{"time":1.5666,"name":"EF/5130_S2_wave1/5130_S2_wave1_00009"},{"time":1.6,"name":"EF/5130_S2_wave1/5130_S2_wave1_00010"},{"time":1.7666,"name":null}],"color":[{"time":1.2666,"color":"ffffffff","curve":"stepped"},{"time":1.5666,"color":"ffffffff"},{"time":1.7333,"color":"ffffff00"}]},"MAIN":{"attachment":[{"time":0,"name":"attack1_00"},{"time":0.1,"name":"skill2_17"},{"time":0.1666,"name":"skill2_18"},{"time":0.5,"name":"skill2_19"},{"time":0.6,"name":"skill2_20"},{"time":0.7,"name":"skill2_21"},{"time":0.8333,"name":"skill2_21"},{"time":0.9333,"name":"skill2_11"},{"time":1.1,"name":"skill2_12"},{"time":1.2666,"name":"skill2_13"},{"time":1.4666,"name":"skill2_14"},{"time":1.5333,"name":"skill2_15"},{"time":1.7666,"name":"skill2_16"},{"time":1.9,"name":"skill2_17"},{"time":1.9666,"name":"attack1_00"},{"time":2.1666,"name":"attack1_00"},{"time":2.3666,"name":"skill2_17"},{"time":2.4666,"name":"skill2_16"},{"time":2.5666,"name":"idle_00"},{"time":2.7333,"name":"idle_01"},{"time":2.9,"name":"idle_02"},{"time":3.0666,"name":"idle_03"},{"time":3.2333,"name":"idle_04"},{"time":3.4,"name":"idle_04"}]}},"bones":{"EF_wave2_1":{"translate":[{"time":1.2666,"x":-2.51,"y":10.94}],"scale":[{"time":1.2666,"x":1.165,"y":1.165,"curve":"stepped"},{"time":1.6,"x":1.165,"y":1.165},{"time":1.7333,"x":1.199,"y":1.199}]},"MAIN":{"translate":[{"time":0.1666,"x":2.46,"y":0,"curve":"stepped"},{"time":0.5,"x":0,"y":-0.22,"curve":"stepped"},{"time":0.6,"x":0.5,"y":-0.62,"curve":"stepped"},{"time":0.7,"x":0.5,"y":-0.92,"curve":"stepped"},{"time":0.9333,"x":0,"y":-2.46,"curve":"stepped"},{"time":1.1,"x":0,"y":-17.56,"curve":"stepped"},{"time":1.2666,"x":0,"y":-9.01,"curve":"stepped"},{"time":1.5333,"x":1,"y":-9.01,"curve":"stepped"},{"time":1.9,"x":0,"y":0,"curve":"stepped"},{"time":1.9666,"x":0,"y":3.41,"curve":"stepped"},{"time":2.4666,"x":0,"y":-6.54,"curve":"stepped"},{"time":2.5666,"x":0,"y":0}]},"DAMAGEAREA":{"translate":[{"time":0.5666,"x":-90.95,"y":49.26,"curve":"stepped"},{"time":1.2666,"x":-38.74,"y":61.45}],"scale":[{"time":1.2666,"x":3.956,"y":0.879}]}},"events":[{"time":0.4,"name":"Event","float":0.4,"string":"kHitStopType_enemyonly"},{"time":0.4666,"name":"Event","string":"setHitBackEnemy(15,0)"},{"time":0.5,"name":"Sound1","string":"cri_105_voice_item"},{"time":0.5333,"name":"Event","string":"runScript-birdExecuteCommand"},{"time":0.5666,"name":"Event","string":"runSkillEffect"},{"time":1.0333,"name":"Hit","float":10,"string":"resetHitList"},{"time":1.1,"name":"Voice","string":"cri_105_voice_attack_random"},{"time":1.1333,"name":"Event","string":"kImpactType_knock"},{"time":1.2333,"name":"Sound1","string":"cri_se_battle_skill_explosion_02"},{"time":1.2666,"name":"Event","string":"shakeGround"},{"time":1.2666,"name":"Sound1","string":"cri_se_battle_gun_burst"},{"time":1.2666,"name":"Sound2","string":"cri_se_battle_033_explosion_element_01"},{"time":1.3,"name":"Event","float":0.1,"string":"kHitStopType_normal"},{"time":1.3,"name":"Sound1","string":"setHitSound(se_battle_explosion_short)"},{"time":1.3333,"name":"Event","float":0.1,"string":"kHitStopType_enemyonly"},{"time":1.3666,"name":"Hit","float":10,"string":"resetHitList"},{"time":1.4333,"name":"Hit","float":10,"string":"resetHitList"},{"time":1.9666,"name":"Voice","string":"cri_105_voice_attack_c"}]},"skill2":{"slots":{"DAMAGEAREA":{"attachment":[{"time":0.7,"name":"DAMAGEAREA"},{"time":0.8333,"name":null},{"time":1.0333,"name":"DAMAGEAREA"},{"time":1.3333,"name":null},{"time":1.9,"name":"DAMAGEAREA"},{"time":2,"name":null}]},"EF_wave2":{"attachment":[{"time":0.3333,"name":"EF/5130_S2_wave1/5130_S2_wave1_00000"},{"time":0.3666,"name":"EF/5130_S2_wave1/5130_S2_wave1_00001"},{"time":0.4,"name":"EF/5130_S2_wave1/5130_S2_wave1_00002"},{"time":0.4333,"name":"EF/5130_S2_wave1/5130_S2_wave1_00003"},{"time":0.4666,"name":"EF/5130_S2_wave1/5130_S2_wave1_00004"},{"time":0.5,"name":"EF/5130_S2_wave1/5130_S2_wave1_00005"},{"time":0.5333,"name":"EF/5130_S2_wave1/5130_S2_wave1_00006"},{"time":0.5666,"name":"EF/5130_S2_wave1/5130_S2_wave1_00007"},{"time":0.6,"name":"EF/5130_S2_wave1/5130_S2_wave1_00008"},{"time":0.6333,"name":"EF/5130_S2_wave1/5130_S2_wave1_00009"},{"time":0.6666,"name":"EF/5130_S2_wave1/5130_S2_wave1_00010"},{"time":0.8333,"name":null},{"time":1,"name":"EF/5130_S2_wave1/5130_S2_wave1_00000"},{"time":1.0333,"name":"EF/5130_S2_wave1/5130_S2_wave1_00001"},{"time":1.0666,"name":"EF/5130_S2_wave1/5130_S2_wave1_00002"},{"time":1.1,"name":"EF/5130_S2_wave1/5130_S2_wave1_00003"},{"time":1.1333,"name":"EF/5130_S2_wave1/5130_S2_wave1_00004"},{"time":1.1666,"name":"EF/5130_S2_wave1/5130_S2_wave1_00005"},{"time":1.2,"name":"EF/5130_S2_wave1/5130_S2_wave1_00006"},{"time":1.2333,"name":"EF/5130_S2_wave1/5130_S2_wave1_00007"},{"time":1.2666,"name":"EF/5130_S2_wave1/5130_S2_wave1_00008"},{"time":1.3,"name":"EF/5130_S2_wave1/5130_S2_wave1_00009"},{"time":1.3333,"name":"EF/5130_S2_wave1/5130_S2_wave1_00010"},{"time":1.5,"name":null}],"color":[{"time":0.6333,"color":"ffffffff"},{"time":0.8,"color":"ffffff00","curve":"stepped"},{"time":1,"color":"ffffffff","curve":"stepped"},{"time":1.3,"color":"ffffffff"},{"time":1.4666,"color":"ffffff00"}]},"EF_wave1_1":{"attachment":[{"time":1.8666,"name":"EF/5130_S2_wave2/5130_S2_wave2_00002"},{"time":1.9,"name":"EF/5130_S2_wave2/5130_S2_wave2_00003"},{"time":1.9333,"name":"EF/5130_S2_wave2/5130_S2_wave2_00004"},{"time":1.9666,"name":"EF/5130_S2_wave2/5130_S2_wave2_00005"},{"time":2,"name":"EF/5130_S2_wave2/5130_S2_wave2_00006"},{"time":2.0333,"name":"EF/5130_S2_wave2/5130_S2_wave2_00007"},{"time":2.0666,"name":"EF/5130_S2_wave2/5130_S2_wave2_00008"},{"time":2.1,"name":"EF/5130_S2_wave2/5130_S2_wave2_00009"},{"time":2.1333,"name":"EF/5130_S2_wave2/5130_S2_wave2_00010"}],"color":[{"time":2.1333,"color":"ffffffff"},{"time":2.3,"color":"ffffff00"}]},"MAIN":{"attachment":[{"time":0,"name":"skill2_00"},{"time":0.0666,"name":"skill2_01"},{"time":0.1666,"name":"skill2_02"},{"time":0.2,"name":"skill2_03"},{"time":0.3333,"name":"skill2_05"},{"time":0.4333,"name":"skill2_06"},{"time":0.5,"name":"skill2_07"},{"time":0.6333,"name":"skill2_08"},{"time":0.7,"name":"skill2_09"},{"time":0.7666,"name":"skill2_10"},{"time":0.8333,"name":"skill2_12"},{"time":0.9,"name":"skill2_12"},{"time":1,"name":"skill2_13"},{"time":1.2,"name":"skill2_14"},{"time":1.2666,"name":"skill2_15"},{"time":1.3333,"name":"skill2_16"},{"time":1.4333,"name":"skill2_17"},{"time":1.5333,"name":"skill2_18"},{"time":1.8666,"name":"skill2_19"},{"time":1.9666,"name":"skill2_20"},{"time":2.0666,"name":"skill2_21"},{"time":2.3333,"name":"skill2_21"},{"time":2.5333,"name":"idle_00"},{"time":2.7,"name":"idle_01"},{"time":2.8666,"name":"idle_02"},{"time":3.0333,"name":"idle_03"},{"time":3.2,"name":"idle_04"},{"time":3.3666,"name":"idle_04"}]}},"bones":{"MAIN":{"translate":[{"time":0,"x":0,"y":0,"curve":"stepped"},{"time":0.0666,"x":7.91,"y":1.82,"curve":"stepped"},{"time":0.1666,"x":7.32,"y":-7.07,"curve":"stepped"},{"time":0.2,"x":15.52,"y":-11.7,"curve":"stepped"},{"time":0.3,"x":15.52,"y":-11.7},{"time":0.3666,"x":-95.38,"y":90.44,"curve":[0.068,0.96,0.75,1]},{"time":0.6,"x":-154.73,"y":81.97,"curve":"stepped"},{"time":0.6333,"x":-184.62,"y":-3.11,"curve":"stepped"},{"time":0.7,"x":-184.62,"y":-15.97,"curve":"stepped"},{"time":0.7666,"x":-172.29,"y":-0.43,"curve":"stepped"},{"time":0.8333,"x":-169.25,"y":-13.22,"curve":"stepped"},{"time":1,"x":-224.06,"y":-5.3,"curve":"stepped"},{"time":1.3333,"x":-210.05,"y":-6.52,"curve":"stepped"},{"time":1.4333,"x":-199.7,"y":5.04,"curve":"stepped"},{"time":1.8666,"x":-214.48,"y":1.01,"curve":"stepped"},{"time":2.5333,"x":-214.48,"y":0}]},"EF_wave1_1":{"translate":[{"time":1.8666,"x":-220.97,"y":10.08}],"scale":[{"time":1.8666,"x":1.161,"y":1.161,"curve":"stepped"},{"time":2.1333,"x":1.161,"y":1.161},{"time":2.2666,"x":1.239,"y":1.239}]},"EF_wave2_1":{"translate":[{"time":0.3333,"x":0,"y":10.94,"curve":"stepped"},{"time":1,"x":-218.92,"y":10.94}],"scale":[{"time":0.3333,"x":1.332,"y":1.332,"curve":"stepped"},{"time":0.6666,"x":1.332,"y":1.332},{"time":0.8,"x":1.399,"y":1.399,"curve":"stepped"},{"time":1,"x":1.332,"y":1.332,"curve":"stepped"},{"time":1.3333,"x":1.332,"y":1.332},{"time":1.4666,"x":1.399,"y":1.399}]},"DAMAGEAREA":{"translate":[{"time":0.7,"x":-168.99,"y":43.99},{"time":0.8333,"x":-224.04,"y":43.99,"curve":"stepped"},{"time":1.0333,"x":-306.6,"y":43.99},{"time":1.1666,"x":-380.08,"y":43.99},{"time":1.3333,"x":-361.56,"y":43.99,"curve":"stepped"},{"time":1.9,"x":-298.59,"y":43.99}],"scale":[{"time":0.7,"x":4.077,"y":0.709},{"time":0.8333,"x":3.707,"y":0.879,"curve":"stepped"},{"time":1.0333,"x":3.151,"y":1.134},{"time":1.3333,"x":2.563,"y":0.962,"curve":"stepped"},{"time":1.9,"x":1.452,"y":0.639}]}},"events":[{"time":0.2,"name":"Event","string":"setHitBackEnemy(25,0)"},{"time":0.2333,"name":"Voice","string":"cri_105_voice_fullarts_rank5"},{"time":0.3333,"name":"Sound1","string":"cri_se_battle_monster_jump"},{"time":0.3333,"name":"Sound2","string":"cri_se_battle_033_explosion_element_01"},{"time":0.6,"name":"Sound2","string":"cri_se_battle_033_explosion_element_01"},{"time":0.6333,"name":"Sound1","string":"cri_se_battle_018_sword_hit_02"},{"time":0.6333,"name":"Sound2","string":"cri_se_battle_thrustviolently"},{"time":0.6333,"name":"Sound3","string":"cri_se_battle_gun_burst"},{"time":0.6666,"name":"Event","string":"shakeGround"},{"time":0.6666,"name":"Sound2","string":"setHitSound(se_battle_explosion_short)"},{"time":0.7,"name":"Event","float":0.2,"string":"kHitStopType_normal"},{"time":0.7333,"name":"Event","float":0.1,"string":"kHitStopType_enemyonly"},{"time":0.7333,"name":"Hit","string":"resetHitList"},{"time":0.7333,"name":"Sound1","string":"cri_se_battle_skill_explosion_02"},{"time":0.7333,"name":"Sound2","string":"setHitSound(se_battle_explosion_short)"},{"time":0.7666,"name":"Hit","string":"resetHitList"},{"time":0.7666,"name":"Sound2","string":"setHitSound(empty)"},{"time":0.8,"name":"Hit","string":"resetHitList"},{"time":0.8,"name":"Sound2","string":"setHitSound(se_battle_explosion_short)"},{"time":0.8333,"name":"Sound2","string":"setHitSound(empty)"},{"time":0.9666,"name":"Sound2","string":"cri_se_battle_033_explosion_element_01"},{"time":1,"name":"Event","string":"shakeGround"},{"time":1,"name":"Sound1","string":"cri_se_battle_018_sword_hit_02"},{"time":1,"name":"Sound2","string":"cri_se_battle_thrustviolently"},{"time":1,"name":"Sound3","string":"cri_se_battle_gun_burst"},{"time":1.0333,"name":"Event","float":0.2,"string":"kHitStopType_normal"},{"time":1.0333,"name":"Hit","string":"resetHitList"},{"time":1.0333,"name":"Sound2","string":"setHitSound(se_battle_explosion_short)"},{"time":1.0666,"name":"Event","float":0.1,"string":"kHitStopType_enemyonly"},{"time":1.0666,"name":"Hit","string":"resetHitList"},{"time":1.0666,"name":"Sound2","string":"setHitSound(empty)"},{"time":1.1,"name":"Event","string":"setHitBackEnemy(20,0)"},{"time":1.1,"name":"Hit","string":"resetHitList"},{"time":1.1333,"name":"Event","string":"setHitBackEnemy(0,0)"},{"time":1.1333,"name":"Hit","string":"resetHitList"},{"time":1.1333,"name":"Sound2","string":"setHitSound(se_battle_explosion_short)"},{"time":1.1666,"name":"Hit","string":"resetHitList"},{"time":1.1666,"name":"Sound2","string":"setHitSound(empty)"},{"time":1.2,"name":"Hit","string":"resetHitList"},{"time":1.2333,"name":"Hit","string":"resetHitList"},{"time":1.2333,"name":"Sound2","string":"setHitSound(se_battle_explosion_short)"},{"time":1.2666,"name":"Event","string":"kImpactType_up"},{"time":1.2666,"name":"Hit","string":"resetHitList"},{"time":1.2666,"name":"Sound2","string":"setHitSound(empty)"},{"time":1.5,"name":"Event","string":"kImpactType_knock"},{"time":1.8666,"name":"Sound2","string":"se_battle_charge_completion"},{"time":1.8666,"name":"Sound3","string":"cri_se_battle_gun_burst"},{"time":1.8666,"name":"Voice","string":"cri_105_voice_fullarts_now"},{"time":1.9,"name":"Event","float":0.2,"string":"kHitStopType_normal"},{"time":1.9,"name":"Hit","string":"resetHitList"},{"time":1.9,"name":"Sound2","string":"setHitSound(se_battle_explosion_short)"},{"time":1.9333,"name":"Event","string":"runSkillEffect"},{"time":1.9333,"name":"Sound2","string":"setHitSound(empty)"}]},"skill3":{"slots":{"DAMAGEAREA":{"attachment":[{"time":0.9,"name":"DAMAGEAREA"},{"time":1,"name":null},{"time":1.3333,"name":"DAMAGEAREA"},{"time":1.4333,"name":null},{"time":2.2,"name":"DAMAGEAREA"},{"time":2.3,"name":null},{"time":3.1,"name":"DAMAGEAREA"},{"time":3.3,"name":null},{"time":3.6666,"name":"DAMAGEAREA"},{"time":4.5333,"name":null},{"time":4.8333,"name":"DAMAGEAREA"},{"time":5.1,"name":null}]},"EF_aura":{"attachment":[{"time":0,"name":null},{"time":0.0666,"name":"EF/EF_aura/670_S2_ene2_00004"},{"time":0.1333,"name":"EF/EF_aura/670_S2_ene2_00005"},{"time":0.2,"name":"EF/EF_aura/670_S2_ene2_00007"},{"time":0.2666,"name":"EF/EF_aura/670_S2_ene2_00008"},{"time":0.3333,"name":"EF/EF_aura/670_S2_ene2_00010"},{"time":0.4,"name":"EF/EF_aura/670_S2_ene2_00013"},{"time":0.4666,"name":"EF/EF_aura/670_S2_ene2_00014"},{"time":0.5333,"name":"EF/EF_aura/670_S2_ene2_00015"},{"time":0.6,"name":null}],"color":[{"time":0,"color":"ffffff00"},{"time":0.1333,"color":"ffffffff","curve":"stepped"},{"time":0.3,"color":"ffffffff","curve":[0.186,0.65,0.75,1]},{"time":0.6,"color":"ffffff00"}]},"EF_wave2":{"attachment":[{"time":0,"name":"EF/5130_S2_wave1/5130_S2_wave1_00002"},{"time":0.0333,"name":"EF/5130_S2_wave1/5130_S2_wave1_00001"},{"time":0.0666,"name":"EF/5130_S2_wave1/5130_S2_wave1_00002"},{"time":0.1,"name":"EF/5130_S2_wave1/5130_S2_wave1_00003"},{"time":0.1333,"name":"EF/5130_S2_wave1/5130_S2_wave1_00004"},{"time":0.1666,"name":"EF/5130_S2_wave1/5130_S2_wave1_00005"},{"time":0.2,"name":"EF/5130_S2_wave1/5130_S2_wave1_00006"},{"time":0.2333,"name":"EF/5130_S2_wave1/5130_S2_wave1_00007"},{"time":0.2666,"name":"EF/5130_S2_wave1/5130_S2_wave1_00008"},{"time":0.3,"name":"EF/5130_S2_wave1/5130_S2_wave1_00009"},{"time":0.3333,"name":"EF/5130_S2_wave1/5130_S2_wave1_00010"},{"time":0.3666,"name":null},{"time":0.8333,"name":"EF/5130_S2_wave1/5130_S2_wave1_00000"},{"time":0.8666,"name":"EF/5130_S2_wave1/5130_S2_wave1_00001"},{"time":0.9,"name":"EF/5130_S2_wave1/5130_S2_wave1_00002"},{"time":0.9333,"name":"EF/5130_S2_wave1/5130_S2_wave1_00003"},{"time":0.9666,"name":"EF/5130_S2_wave1/5130_S2_wave1_00004"},{"time":1,"name":"EF/5130_S2_wave1/5130_S2_wave1_00005"},{"time":1.0333,"name":"EF/5130_S2_wave1/5130_S2_wave1_00006"},{"time":1.0666,"name":"EF/5130_S2_wave1/5130_S2_wave1_00007"},{"time":1.1,"name":"EF/5130_S2_wave1/5130_S2_wave1_00008"},{"time":1.1333,"name":"EF/5130_S2_wave1/5130_S2_wave1_00009"},{"time":1.1666,"name":"EF/5130_S2_wave1/5130_S2_wave1_00010"},{"time":1.2,"name":null},{"time":1.3,"name":"EF/5130_S2_wave1/5130_S2_wave1_00000"},{"time":1.3333,"name":"EF/5130_S2_wave1/5130_S2_wave1_00001"},{"time":1.3666,"name":"EF/5130_S2_wave1/5130_S2_wave1_00002"},{"time":1.4,"name":"EF/5130_S2_wave1/5130_S2_wave1_00003"},{"time":1.4333,"name":"EF/5130_S2_wave1/5130_S2_wave1_00004"},{"time":1.4666,"name":"EF/5130_S2_wave1/5130_S2_wave1_00005"},{"time":1.5,"name":"EF/5130_S2_wave1/5130_S2_wave1_00006"},{"time":1.5333,"name":"EF/5130_S2_wave1/5130_S2_wave1_00007"},{"time":1.5666,"name":"EF/5130_S2_wave1/5130_S2_wave1_00008"},{"time":1.6,"name":"EF/5130_S2_wave1/5130_S2_wave1_00009"},{"time":1.6333,"name":"EF/5130_S2_wave1/5130_S2_wave1_00010"},{"time":1.6666,"name":null},{"time":2.2,"name":"EF/5130_S2_wave1/5130_S2_wave1_00000"},{"time":2.2333,"name":"EF/5130_S2_wave1/5130_S2_wave1_00001"},{"time":2.2666,"name":"EF/5130_S2_wave1/5130_S2_wave1_00002"},{"time":2.3,"name":"EF/5130_S2_wave1/5130_S2_wave1_00003"},{"time":2.3333,"name":"EF/5130_S2_wave1/5130_S2_wave1_00004"},{"time":2.3666,"name":"EF/5130_S2_wave1/5130_S2_wave1_00005"},{"time":2.4,"name":"EF/5130_S2_wave1/5130_S2_wave1_00006"},{"time":2.4333,"name":"EF/5130_S2_wave1/5130_S2_wave1_00007"},{"time":2.4666,"name":"EF/5130_S2_wave1/5130_S2_wave1_00008"},{"time":2.5,"name":"EF/5130_S2_wave1/5130_S2_wave1_00009"},{"time":2.5333,"name":"EF/5130_S2_wave1/5130_S2_wave1_00010"},{"time":2.5666,"name":null},{"time":2.6666,"name":"EF/5130_S2_wave1/5130_S2_wave1_00000"},{"time":2.7,"name":"EF/5130_S2_wave1/5130_S2_wave1_00001"},{"time":2.7333,"name":"EF/5130_S2_wave1/5130_S2_wave1_00002"},{"time":2.7666,"name":"EF/5130_S2_wave1/5130_S2_wave1_00003"},{"time":2.8,"name":"EF/5130_S2_wave1/5130_S2_wave1_00004"},{"time":2.8333,"name":"EF/5130_S2_wave1/5130_S2_wave1_00005"},{"time":2.8666,"name":"EF/5130_S2_wave1/5130_S2_wave1_00006"},{"time":2.9,"name":"EF/5130_S2_wave1/5130_S2_wave1_00007"},{"time":2.9333,"name":"EF/5130_S2_wave1/5130_S2_wave1_00008"},{"time":2.9666,"name":"EF/5130_S2_wave1/5130_S2_wave1_00009"},{"time":3,"name":"EF/5130_S2_wave1/5130_S2_wave1_00010"},{"time":3.0333,"name":null},{"time":3.1333,"name":"EF/5130_S2_wave1/5130_S2_wave1_00000"},{"time":3.1666,"name":"EF/5130_S2_wave1/5130_S2_wave1_00001"},{"time":3.2,"name":"EF/5130_S2_wave1/5130_S2_wave1_00002"},{"time":3.2333,"name":"EF/5130_S2_wave1/5130_S2_wave1_00003"},{"time":3.2666,"name":"EF/5130_S2_wave1/5130_S2_wave1_00004"},{"time":3.3,"name":"EF/5130_S2_wave1/5130_S2_wave1_00005"},{"time":3.3333,"name":"EF/5130_S2_wave1/5130_S2_wave1_00006"},{"time":3.3666,"name":"EF/5130_S2_wave1/5130_S2_wave1_00007"},{"time":3.4,"name":"EF/5130_S2_wave1/5130_S2_wave1_00008"},{"time":3.4333,"name":"EF/5130_S2_wave1/5130_S2_wave1_00009"},{"time":3.4666,"name":"EF/5130_S2_wave1/5130_S2_wave1_00010"},{"time":3.5,"name":null}]},"EF_wave3":{"attachment":[{"time":0.1666,"name":"EF/5130_S2_wave1/5130_S2_wave1_00000"},{"time":0.2,"name":"EF/5130_S2_wave1/5130_S2_wave1_00001"},{"time":0.2333,"name":"EF/5130_S2_wave1/5130_S2_wave1_00002"},{"time":0.2666,"name":"EF/5130_S2_wave1/5130_S2_wave1_00003"},{"time":0.3,"name":"EF/5130_S2_wave1/5130_S2_wave1_00004"},{"time":0.3333,"name":"EF/5130_S2_wave1/5130_S2_wave1_00005"},{"time":0.3666,"name":"EF/5130_S2_wave1/5130_S2_wave1_00006"},{"time":0.4,"name":"EF/5130_S2_wave1/5130_S2_wave1_00007"},{"time":0.4333,"name":"EF/5130_S2_wave1/5130_S2_wave1_00008"},{"time":0.4666,"name":"EF/5130_S2_wave1/5130_S2_wave1_00009"},{"time":0.5,"name":"EF/5130_S2_wave1/5130_S2_wave1_00010"},{"time":0.5333,"name":null},{"time":1,"name":"EF/5130_S2_wave1/5130_S2_wave1_00000"},{"time":1.0333,"name":"EF/5130_S2_wave1/5130_S2_wave1_00001"},{"time":1.0666,"name":"EF/5130_S2_wave1/5130_S2_wave1_00002"},{"time":1.1,"name":"EF/5130_S2_wave1/5130_S2_wave1_00003"},{"time":1.1333,"name":"EF/5130_S2_wave1/5130_S2_wave1_00004"},{"time":1.1666,"name":"EF/5130_S2_wave1/5130_S2_wave1_00005"},{"time":1.2,"name":"EF/5130_S2_wave1/5130_S2_wave1_00006"},{"time":1.2333,"name":"EF/5130_S2_wave1/5130_S2_wave1_00007"},{"time":1.2666,"name":"EF/5130_S2_wave1/5130_S2_wave1_00008"},{"time":1.3,"name":"EF/5130_S2_wave1/5130_S2_wave1_00009"},{"time":1.3333,"name":"EF/5130_S2_wave1/5130_S2_wave1_00010"},{"time":1.3666,"name":null},{"time":2.6,"name":"EF/5130_S2_wave1/5130_S2_wave1_00000"},{"time":2.6333,"name":"EF/5130_S2_wave1/5130_S2_wave1_00001"},{"time":2.6666,"name":"EF/5130_S2_wave1/5130_S2_wave1_00002"},{"time":2.7,"name":"EF/5130_S2_wave1/5130_S2_wave1_00003"},{"time":2.7333,"name":"EF/5130_S2_wave1/5130_S2_wave1_00004"},{"time":2.7666,"name":"EF/5130_S2_wave1/5130_S2_wave1_00005"},{"time":2.8,"name":"EF/5130_S2_wave1/5130_S2_wave1_00006"},{"time":2.8333,"name":"EF/5130_S2_wave1/5130_S2_wave1_00007"},{"time":2.8666,"name":"EF/5130_S2_wave1/5130_S2_wave1_00008"},{"time":2.9,"name":"EF/5130_S2_wave1/5130_S2_wave1_00009"},{"time":2.9333,"name":"EF/5130_S2_wave1/5130_S2_wave1_00010"},{"time":2.9666,"name":null},{"time":3.0333,"name":"EF/5130_S2_wave1/5130_S2_wave1_00000"},{"time":3.0666,"name":"EF/5130_S2_wave1/5130_S2_wave1_00001"},{"time":3.1,"name":"EF/5130_S2_wave1/5130_S2_wave1_00002"},{"time":3.1333,"name":"EF/5130_S2_wave1/5130_S2_wave1_00003"},{"time":3.1666,"name":"EF/5130_S2_wave1/5130_S2_wave1_00004"},{"time":3.2,"name":"EF/5130_S2_wave1/5130_S2_wave1_00005"},{"time":3.2333,"name":"EF/5130_S2_wave1/5130_S2_wave1_00006"},{"time":3.2666,"name":"EF/5130_S2_wave1/5130_S2_wave1_00007"},{"time":3.3,"name":"EF/5130_S2_wave1/5130_S2_wave1_00008"},{"time":3.3333,"name":"EF/5130_S2_wave1/5130_S2_wave1_00009"},{"time":3.3666,"name":"EF/5130_S2_wave1/5130_S2_wave1_00010"},{"time":3.4,"name":null}]},"EF_wave4":{"attachment":[{"time":1.4666,"name":"EF/5130_S2_wave1/5130_S2_wave1_00000"},{"time":1.5,"name":"EF/5130_S2_wave1/5130_S2_wave1_00001"},{"time":1.5333,"name":"EF/5130_S2_wave1/5130_S2_wave1_00002"},{"time":1.5666,"name":"EF/5130_S2_wave1/5130_S2_wave1_00003"},{"time":1.6,"name":"EF/5130_S2_wave1/5130_S2_wave1_00004"},{"time":1.6333,"name":"EF/5130_S2_wave1/5130_S2_wave1_00005"},{"time":1.6666,"name":"EF/5130_S2_wave1/5130_S2_wave1_00006"},{"time":1.7,"name":"EF/5130_S2_wave1/5130_S2_wave1_00007"},{"time":1.7333,"name":"EF/5130_S2_wave1/5130_S2_wave1_00008"},{"time":1.7666,"name":"EF/5130_S2_wave1/5130_S2_wave1_00009"},{"time":1.8,"name":"EF/5130_S2_wave1/5130_S2_wave1_00010"},{"time":1.8333,"name":null},{"time":2,"name":"EF/5130_S2_wave1/5130_S2_wave1_00000"},{"time":2.0333,"name":"EF/5130_S2_wave1/5130_S2_wave1_00001"},{"time":2.0666,"name":"EF/5130_S2_wave1/5130_S2_wave1_00002"},{"time":2.1,"name":"EF/5130_S2_wave1/5130_S2_wave1_00003"},{"time":2.1333,"name":"EF/5130_S2_wave1/5130_S2_wave1_00004"},{"time":2.1666,"name":"EF/5130_S2_wave1/5130_S2_wave1_00005"},{"time":2.2,"name":"EF/5130_S2_wave1/5130_S2_wave1_00006"},{"time":2.2333,"name":"EF/5130_S2_wave1/5130_S2_wave1_00007"},{"time":2.2666,"name":"EF/5130_S2_wave1/5130_S2_wave1_00008"},{"time":2.3,"name":"EF/5130_S2_wave1/5130_S2_wave1_00009"},{"time":2.3333,"name":"EF/5130_S2_wave1/5130_S2_wave1_00010"},{"time":2.3666,"name":null},{"time":2.7333,"name":"EF/5130_S2_wave1/5130_S2_wave1_00000"},{"time":2.7666,"name":"EF/5130_S2_wave1/5130_S2_wave1_00001"},{"time":2.8,"name":"EF/5130_S2_wave1/5130_S2_wave1_00002"},{"time":2.8333,"name":"EF/5130_S2_wave1/5130_S2_wave1_00003"},{"time":2.8666,"name":"EF/5130_S2_wave1/5130_S2_wave1_00004"},{"time":2.9,"name":"EF/5130_S2_wave1/5130_S2_wave1_00005"},{"time":2.9333,"name":"EF/5130_S2_wave1/5130_S2_wave1_00006"},{"time":2.9666,"name":"EF/5130_S2_wave1/5130_S2_wave1_00007"},{"time":3,"name":"EF/5130_S2_wave1/5130_S2_wave1_00008"},{"time":3.0333,"name":"EF/5130_S2_wave1/5130_S2_wave1_00009"},{"time":3.0666,"name":"EF/5130_S2_wave1/5130_S2_wave1_00010"},{"time":3.1,"name":null},{"time":3.4333,"name":"EF/5130_S2_wave1/5130_S2_wave1_00000"},{"time":3.4666,"name":"EF/5130_S2_wave1/5130_S2_wave1_00001"},{"time":3.5,"name":"EF/5130_S2_wave1/5130_S2_wave1_00002"},{"time":3.5333,"name":"EF/5130_S2_wave1/5130_S2_wave1_00003"},{"time":3.5666,"name":"EF/5130_S2_wave1/5130_S2_wave1_00004"},{"time":3.6,"name":"EF/5130_S2_wave1/5130_S2_wave1_00005"},{"time":3.6333,"name":"EF/5130_S2_wave1/5130_S2_wave1_00006"},{"time":3.6666,"name":"EF/5130_S2_wave1/5130_S2_wave1_00007"},{"time":3.7,"name":"EF/5130_S2_wave1/5130_S2_wave1_00008"},{"time":3.7333,"name":"EF/5130_S2_wave1/5130_S2_wave1_00009"},{"time":3.7666,"name":"EF/5130_S2_wave1/5130_S2_wave1_00010"},{"time":3.8,"name":null}]},"EF_wave5":{"attachment":[{"time":3.0666,"name":"EF/5130_S2_wave1/5130_S2_wave1_00000"},{"time":3.1,"name":"EF/5130_S2_wave1/5130_S2_wave1_00001"},{"time":3.1333,"name":"EF/5130_S2_wave1/5130_S2_wave1_00002"},{"time":3.1666,"name":"EF/5130_S2_wave1/5130_S2_wave1_00003"},{"time":3.2,"name":"EF/5130_S2_wave1/5130_S2_wave1_00004"},{"time":3.2333,"name":"EF/5130_S2_wave1/5130_S2_wave1_00005"},{"time":3.2666,"name":"EF/5130_S2_wave1/5130_S2_wave1_00006"},{"time":3.3,"name":"EF/5130_S2_wave1/5130_S2_wave1_00007"},{"time":3.3333,"name":"EF/5130_S2_wave1/5130_S2_wave1_00008"},{"time":3.3666,"name":"EF/5130_S2_wave1/5130_S2_wave1_00009"},{"time":3.4,"name":"EF/5130_S2_wave1/5130_S2_wave1_00010"},{"time":3.4333,"name":null}]},"EF_wave6":{"attachment":[{"time":3.1,"name":"EF/5130_S2_wave1/5130_S2_wave1_00000"},{"time":3.1333,"name":"EF/5130_S2_wave1/5130_S2_wave1_00001"},{"time":3.1666,"name":"EF/5130_S2_wave1/5130_S2_wave1_00002"},{"time":3.2,"name":"EF/5130_S2_wave1/5130_S2_wave1_00003"},{"time":3.2333,"name":"EF/5130_S2_wave1/5130_S2_wave1_00004"},{"time":3.2666,"name":"EF/5130_S2_wave1/5130_S2_wave1_00005"},{"time":3.3,"name":"EF/5130_S2_wave1/5130_S2_wave1_00006"},{"time":3.3333,"name":"EF/5130_S2_wave1/5130_S2_wave1_00007"},{"time":3.3666,"name":"EF/5130_S2_wave1/5130_S2_wave1_00008"},{"time":3.4,"name":"EF/5130_S2_wave1/5130_S2_wave1_00009"},{"time":3.4333,"name":"EF/5130_S2_wave1/5130_S2_wave1_00010"},{"time":3.4666,"name":null}]},"EF_wave1_1":{"attachment":[{"time":0.1333,"name":"EF/5130_S2_wave2/5130_S2_wave2_00002"},{"time":0.1666,"name":"EF/5130_S2_wave2/5130_S2_wave2_00003"},{"time":0.2,"name":"EF/5130_S2_wave2/5130_S2_wave2_00004"},{"time":0.2333,"name":"EF/5130_S2_wave2/5130_S2_wave2_00005"},{"time":0.2666,"name":"EF/5130_S2_wave2/5130_S2_wave2_00006"},{"time":0.3,"name":"EF/5130_S2_wave2/5130_S2_wave2_00007"},{"time":0.3333,"name":"EF/5130_S2_wave2/5130_S2_wave2_00008"},{"time":0.4,"name":"EF/5130_S2_wave2/5130_S2_wave2_00009"},{"time":0.4666,"name":"EF/5130_S2_wave2/5130_S2_wave2_00010"},{"time":0.5333,"name":null}],"color":[{"time":0.4333,"color":"ffffffff"},{"time":0.5333,"color":"ffffff00"}]},"EF_wave1_2":{"attachment":[{"time":0.1333,"name":"EF/5130_S2_wave2/5130_S2_wave2_00002"},{"time":0.1666,"name":"EF/5130_S2_wave2/5130_S2_wave2_00003"},{"time":0.2,"name":"EF/5130_S2_wave2/5130_S2_wave2_00004"},{"time":0.2333,"name":"EF/5130_S2_wave2/5130_S2_wave2_00005"},{"time":0.2666,"name":"EF/5130_S2_wave2/5130_S2_wave2_00006"},{"time":0.3,"name":"EF/5130_S2_wave2/5130_S2_wave2_00007"},{"time":0.3333,"name":"EF/5130_S2_wave2/5130_S2_wave2_00008"},{"time":0.4,"name":"EF/5130_S2_wave2/5130_S2_wave2_00009"},{"time":0.4666,"name":"EF/5130_S2_wave2/5130_S2_wave2_00010"},{"time":0.5333,"name":null}],"color":[{"time":0.4333,"color":"ffffffff"},{"time":0.5333,"color":"ffffff00"}]},"EF_wave2_black1_1":{"attachment":[{"time":4.7666,"name":"EF/5130_S2_wave1/5130_S2_wave1_00000"},{"time":4.8,"name":"EF/5130_S2_wave1/5130_S2_wave1_00001"},{"time":4.8333,"name":"EF/5130_S2_wave1/5130_S2_wave1_00002"},{"time":4.8666,"name":"EF/5130_S2_wave1/5130_S2_wave1_00003"},{"time":4.9,"name":"EF/5130_S2_wave1/5130_S2_wave1_00004"},{"time":4.9333,"name":"EF/5130_S2_wave1/5130_S2_wave1_00005"},{"time":4.9666,"name":"EF/5130_S2_wave1/5130_S2_wave1_00006"},{"time":5,"name":"EF/5130_S2_wave1/5130_S2_wave1_00007"},{"time":5.0333,"name":"EF/5130_S2_wave1/5130_S2_wave1_00008"},{"time":5.0666,"name":"EF/5130_S2_wave1/5130_S2_wave1_00009"},{"time":5.1,"name":"EF/5130_S2_wave1/5130_S2_wave1_00010"},{"time":5.1333,"name":null}],"color":[{"time":4.7666,"color":"000000ff","curve":"stepped"},{"time":5.0666,"color":"000000ff"},{"time":5.1333,"color":"00000000"}]},"EF_wave2_black1_2":{"attachment":[{"time":4.8333,"name":"EF/5130_S2_wave1/5130_S2_wave1_00000"},{"time":4.8666,"name":"EF/5130_S2_wave1/5130_S2_wave1_00001"},{"time":4.9,"name":"EF/5130_S2_wave1/5130_S2_wave1_00002"},{"time":4.9333,"name":"EF/5130_S2_wave1/5130_S2_wave1_00003"},{"time":4.9666,"name":"EF/5130_S2_wave1/5130_S2_wave1_00004"},{"time":5,"name":"EF/5130_S2_wave1/5130_S2_wave1_00005"},{"time":5.0333,"name":"EF/5130_S2_wave1/5130_S2_wave1_00006"},{"time":5.0666,"name":"EF/5130_S2_wave1/5130_S2_wave1_00007"},{"time":5.1,"name":"EF/5130_S2_wave1/5130_S2_wave1_00008"},{"time":5.1333,"name":"EF/5130_S2_wave1/5130_S2_wave1_00009"},{"time":5.1666,"name":"EF/5130_S2_wave1/5130_S2_wave1_00010"},{"time":5.2,"name":null}],"color":[{"time":4.8333,"color":"000000ff","curve":"stepped"},{"time":5.1333,"color":"000000ff"},{"time":5.2,"color":"00000000"}]},"EF_wave2_black1_3":{"attachment":[{"time":4.9,"name":"EF/5130_S2_wave1/5130_S2_wave1_00000"},{"time":4.9333,"name":"EF/5130_S2_wave1/5130_S2_wave1_00001"},{"time":4.9666,"name":"EF/5130_S2_wave1/5130_S2_wave1_00002"},{"time":5,"name":"EF/5130_S2_wave1/5130_S2_wave1_00003"},{"time":5.0333,"name":"EF/5130_S2_wave1/5130_S2_wave1_00004"},{"time":5.0666,"name":"EF/5130_S2_wave1/5130_S2_wave1_00005"},{"time":5.1,"name":"EF/5130_S2_wave1/5130_S2_wave1_00006"},{"time":5.1333,"name":"EF/5130_S2_wave1/5130_S2_wave1_00007"},{"time":5.1666,"name":"EF/5130_S2_wave1/5130_S2_wave1_00008"},{"time":5.2,"name":"EF/5130_S2_wave1/5130_S2_wave1_00009"},{"time":5.2333,"name":"EF/5130_S2_wave1/5130_S2_wave1_00010"},{"time":5.2666,"name":null}],"color":[{"time":4.9,"color":"000000ff","curve":"stepped"},{"time":5.2,"color":"000000ff"},{"time":5.2666,"color":"00000000"}]},"MAIN":{"attachment":[{"time":0,"name":"skill2_14"},{"time":0.0666,"name":"back_00"},{"time":0.1666,"name":"skill3_00"},{"time":0.2,"name":"attack1_00"},{"time":0.2333,"name":"skill3_02"},{"time":0.2666,"name":"skill3_03"},{"time":0.3,"name":"skill3_05"},{"time":0.3333,"name":"skill3_02"},{"time":0.3666,"name":"skill3_03"},{"time":0.4,"name":"skill3_05"},{"time":0.4333,"name":"skill3_02"},{"time":0.4666,"name":"skill3_03"},{"time":0.5,"name":"skill3_05"},{"time":0.5333,"name":"skill3_02"},{"time":0.5666,"name":"skill3_03"},{"time":0.6,"name":"skill3_05"},{"time":0.6333,"name":"skill3_02"},{"time":0.6666,"name":"skill3_03"},{"time":0.7,"name":"skill3_05"},{"time":0.8333,"name":"skill3_09"},{"time":0.8666,"name":"skill3_10"},{"time":0.9,"name":"skill3_11"},{"time":0.9333,"name":"skill3_12"},{"time":1.1666,"name":"skill2_11"},{"time":1.2,"name":"skill2_12"},{"time":1.3333,"name":"skill2_13"},{"time":1.3666,"name":"skill2_14"},{"time":1.4,"name":"skill2_15"},{"time":1.6666,"name":"skill2_01"},{"time":1.7,"name":"skill2_02"},{"time":1.8666,"name":"skill2_03"},{"time":2,"name":"skill2_05"},{"time":2.0333,"name":"skill2_06"},{"time":2.0666,"name":"skill2_07"},{"time":2.2,"name":"skill2_08"},{"time":2.2666,"name":"skill2_09"},{"time":2.3333,"name":"skill2_11"},{"time":2.6,"name":"skill3_20"},{"time":2.6666,"name":"skill2_02"},{"time":2.7333,"name":"skill2_03"},{"time":3.0333,"name":"front_00"},{"time":3.1,"name":"skill3_13"},{"time":3.4333,"name":"skill3_14"},{"time":3.4666,"name":"skill3_15"},{"time":3.6666,"name":null},{"time":4.7333,"name":"skill3_16"},{"time":4.7666,"name":"skill3_17"},{"time":4.8,"name":"skill3_18"},{"time":4.8333,"name":"skill3_19"},{"time":4.8666,"name":"skill3_16"},{"time":5.3333,"name":"skill3_16"}],"color":[{"time":3.5333,"color":"ffffffff"},{"time":3.6666,"color":"ffffff00","curve":"stepped"},{"time":4.7333,"color":"ffffff00"},{"time":4.8,"color":"ffffffff"}]}},"bones":{"MAIN":{"rotate":[{"time":0,"angle":0}],"translate":[{"time":0,"x":-114.34,"y":-8.28,"curve":"stepped"},{"time":0.0666,"x":-76.65,"y":6.49,"curve":[0.25,0,0.75,1]},{"time":0.1333,"x":17.38,"y":1.95,"curve":[0.25,0,0.75,1]},{"time":0.2333,"x":33.86,"y":-7.7,"curve":[0.228,0.44,0.523,0.73]},{"time":0.7,"x":35.43,"y":-7.7,"curve":"stepped"},{"time":0.8333,"x":-53.18,"y":0.88,"curve":"stepped"},{"time":0.8666,"x":-67.63,"y":0.88},{"time":0.9333,"x":-80.8,"y":0.88,"curve":"stepped"},{"time":0.9666,"x":-96.87,"y":0.88,"curve":"stepped"},{"time":1,"x":-91.85,"y":0.88,"curve":"stepped"},{"time":1.1666,"x":-103.27,"y":-1.22,"curve":"stepped"},{"time":1.2,"x":-110.33,"y":-16.91,"curve":"stepped"},{"time":1.3333,"x":-110.04,"y":-8.28,"curve":[0.257,0.42,0.597,0.76]},{"time":1.4333,"x":-119.57,"y":-8.28,"curve":"stepped"},{"time":1.4666,"x":-131.82,"y":-8.28,"curve":"stepped"},{"time":1.5,"x":-126.05,"y":-8.28,"curve":"stepped"},{"time":1.6666,"x":-86.38,"y":0,"curve":"stepped"},{"time":1.7,"x":-74.07,"y":-11.23,"curve":"stepped"},{"time":1.8666,"x":-56.35,"y":-17.97,"curve":"stepped"},{"time":2,"x":-161.9,"y":83.77,"curve":[0.223,0.51,0.75,1]},{"time":2.1,"x":-231.25,"y":81.77},{"time":2.1666,"x":-231.25,"y":80.65,"curve":"stepped"},{"time":2.2,"x":-286.26,"y":-7.19,"curve":"stepped"},{"time":2.2666,"x":-285.19,"y":-19.83,"curve":"stepped"},{"time":2.3333,"x":-302.48,"y":-3.47,"curve":"stepped"},{"time":2.6,"x":-233.66,"y":-0.57,"curve":[0.25,0,0.75,1]},{"time":2.7,"x":-164.32,"y":-8.7,"curve":"stepped"},{"time":2.7333,"x":-127.37,"y":-14.03,"curve":"stepped"},{"time":3.0333,"x":-456.55,"y":-6.89},{"time":3.1,"x":-662.87,"y":0.56,"curve":[0.224,0.5,0.521,0.8]},{"time":3.4,"x":-672.04,"y":0.56,"curve":"stepped"},{"time":3.4333,"x":-612.38,"y":0.56,"curve":"stepped"},{"time":4.7333,"x":-26.33,"y":0.56},{"time":5.0666,"x":-19.28,"y":0.56,"curve":"stepped"},{"time":5.3333,"x":-19.28,"y":0.56}],"scale":[{"time":3.4333,"x":-1,"y":1}]},"EF_wave2_1":{"translate":[{"time":0,"x":-108.93,"y":13.2,"curve":"stepped"},{"time":0.8333,"x":-57.27,"y":13.2,"curve":"stepped"},{"time":1.3,"x":-108.93,"y":13.2,"curve":"stepped"},{"time":2.2,"x":-271.76,"y":13.2,"curve":"stepped"},{"time":2.6666,"x":-162.14,"y":13.2,"curve":"stepped"},{"time":3.1333,"x":-662.67,"y":13.2}]},"EF_wave2_2":{"translate":[{"time":0.1666,"x":0,"y":13.2,"curve":"stepped"},{"time":1,"x":-91.8,"y":13.2,"curve":"stepped"},{"time":2.6,"x":-233.09,"y":13.2,"curve":"stepped"},{"time":3.0333,"x":-425.81,"y":13.2}]},"EF_aura":{"translate":[{"time":0,"x":-181.6,"y":-112.23},{"time":0.1,"x":-195.49,"y":-112.23},{"time":0.1333,"x":-181.6,"y":-112.23}],"scale":[{"time":0,"x":3.27,"y":3.27},{"time":0.0333,"x":1,"y":1,"curve":[0.267,0.54,0.544,0.85]},{"time":0.6,"x":3.27,"y":3.27}]},"EF_wave2_3":{"translate":[{"time":1.4666,"x":-132.07,"y":13.21,"curve":"stepped"},{"time":2,"x":-39.42,"y":8.06,"curve":"stepped"},{"time":2.7333,"x":-126.88,"y":8.06,"curve":"stepped"},{"time":3.4333,"x":-612.04,"y":8.06}]},"DAMAGEAREA":{"translate":[{"time":0.9,"x":-193.58,"y":134.97,"curve":"stepped"},{"time":1.3333,"x":-173.3,"y":97.98},{"time":1.4,"x":-147.58,"y":97.98,"curve":"stepped"},{"time":2.2,"x":-245.57,"y":97.98,"curve":"stepped"},{"time":3.1,"x":-391.27,"y":97.98,"curve":"stepped"},{"time":4.8333,"x":-1.3,"y":97.98}],"scale":[{"time":0.9,"x":2.562,"y":2.562,"curve":"stepped"},{"time":1.3333,"x":2.562,"y":2.562},{"time":1.4,"x":4.292,"y":2.562,"curve":"stepped"},{"time":2.2,"x":5.211,"y":2.562,"curve":"stepped"},{"time":3.1,"x":14.574,"y":2.562,"curve":"stepped"},{"time":3.6666,"x":14.574,"y":8.799}]},"EF_wave1_1":{"rotate":[{"time":0.1333,"angle":31.31}],"translate":[{"time":0.1333,"x":17.45,"y":81.47}],"scale":[{"time":0.1333,"x":1,"y":1,"curve":[0.194,0.37,0.656,0.9]},{"time":0.5333,"x":1.166,"y":1.166}]},"EF_wave1_2":{"rotate":[{"time":0.1333,"angle":-35.33}],"translate":[{"time":0.1333,"x":17.45,"y":81.48}],"scale":[{"time":0.1333,"x":1,"y":1,"curve":[0.194,0.37,0.656,0.9]},{"time":0.5333,"x":1.166,"y":1.166}]},"EF_wave2_5":{"translate":[{"time":3.1,"x":-595.8,"y":13.43}]},"EF_wave2_4":{"translate":[{"time":3.0666,"x":-526.93,"y":13.43}]},"MAIN-shadow3":{"translate":[{"time":0.3666,"x":95.71,"y":-8.3}]},"EF_wave2_black1_3":{"translate":[{"time":4.9,"x":-14.04,"y":12.28}]},"EF_wave2_black1_2":{"translate":[{"time":4.8333,"x":-14.04,"y":12.28}]},"EF_wave2_black1_1":{"translate":[{"time":4.7666,"x":-14.04,"y":12.28}]},"EF_wave2_6":{"translate":[{"time":4.9333,"x":0,"y":0}]}},"events":[{"time":0,"name":"Hit","string":"setHitEffect(hit03c, 0)"},{"time":0.1,"name":"Sound1","string":"cri_se_battle_magic_Invocation_dark"},{"time":0.3333,"name":"Voice","string":"cri_105_voice_fullarts_now"},{"time":0.3666,"name":"Event","string":"runSkillEffect"},{"time":0.8333,"name":"Sound1","string":"cri_se_battle_033_explosion_element_01"},{"time":0.8333,"name":"Sound2","string":"cri_se_battle_skill_shot"},{"time":0.8333,"name":"Sound3","string":"setHitSound(se_battle_018_sword_hit_02)"},{"time":0.8666,"name":"Event","string":"shakeGround"},{"time":0.9,"name":"Event","float":0.2,"string":"kHitStopType_normal"},{"time":1.3,"name":"Sound1","string":"cri_se_battle_033_explosion_element_01"},{"time":1.3,"name":"Sound2","string":"cri_se_battle_skill_shot"},{"time":1.3333,"name":"Event","string":"shakeGround"},{"time":1.3333,"name":"Hit","string":"resetHitList"},{"time":2,"name":"Sound1","string":"cri_se_battle_jump"},{"time":2.1666,"name":"Sound1","string":"cri_se_battle_037_explosion_element_05"},{"time":2.1666,"name":"Sound2","string":"cri_se_battle_skill_shot"},{"time":2.1666,"name":"Sound3","string":"setHitSound(se_battle_sword_heavy_hit)"},{"time":2.2,"name":"Event","string":"shakeGround"},{"time":2.2,"name":"Hit","string":"resetHitList"},{"time":3,"name":"Sound1","string":"cri_se_battle_sword_srash"},{"time":3,"name":"Voice","string":"cri_105_voice_fullarts_rank6"},{"time":3.0333,"name":"Event","float":0.25,"string":"kHitStopType_normal"},{"time":3.0666,"name":"Event","float":5,"string":"shakeGround"},{"time":3.1,"name":"Event","string":"setHitBackEnemy(-20,20)"},{"time":3.1,"name":"Hit","string":"resetHitList"},{"time":3.6333,"name":"Event","string":"whiteOutBack(0.2,2.5 ,1)"},{"time":3.6333,"name":"Sound1","string":"cri_se_battle_skill_shot"},{"time":3.6333,"name":"Sound2","string":"setHitSound(se_battle_swordslash_heavy)"},{"time":3.6666,"name":"Event","float":0.2,"string":"kHitStopType_normal"},{"time":3.7,"name":"Event","string":"shakeGround"},{"time":3.7,"name":"Hit","string":"resetHitList"},{"time":3.7666,"name":"Sound1","string":"cri_se_battle_skill_shot"},{"time":3.8666,"name":"Event","float":0.1,"string":"kHitStopType_enemyonly"},{"time":3.8666,"name":"Hit","string":"resetHitList"},{"time":3.8666,"name":"Sound2","string":"setHitSound(se_battle_thrustviolently)"},{"time":3.9,"name":"Sound1","string":"cri_se_battle_skill_shot"},{"time":3.9333,"name":"Hit","string":"resetHitList"},{"time":3.9666,"name":"Event","string":"shakeGround"},{"time":4,"name":"Hit","string":"resetHitList"},{"time":4.0333,"name":"Sound1","string":"cri_se_battle_skill_shot"},{"time":4.0666,"name":"Hit","string":"resetHitList"},{"time":4.1333,"name":"Event","string":"shakeGround"},{"time":4.1333,"name":"Hit","string":"resetHitList"},{"time":4.1666,"name":"Sound1","string":"cri_se_battle_skill_shot"},{"time":4.2,"name":"Hit","string":"resetHitList"},{"time":4.2666,"name":"Hit","string":"resetHitList"},{"time":4.3,"name":"Event","string":"shakeGround"},{"time":4.3,"name":"Sound1","string":"cri_se_battle_skill_shot"},{"time":4.3333,"name":"Hit","string":"resetHitList"},{"time":4.4,"name":"Hit","string":"resetHitList"},{"time":4.4333,"name":"Sound1","string":"cri_se_battle_skill_shot"},{"time":4.4666,"name":"Hit","string":"resetHitList"},{"time":4.7666,"name":"Event","float":0.5,"string":"kHitStopType_normal"},{"time":4.7666,"name":"Sound1","string":"cri_se_battle_skill_reaper"},{"time":4.7666,"name":"Sound2","string":"cri_se_battle_037_explosion_element_05"},{"time":4.8,"name":"Event","float":3,"string":"shakeGround"},{"time":4.8333,"name":"Event","string":"setHitBackEnemy(0,20)"},{"time":4.8333,"name":"Hit","float":30,"string":"resetHitList"},{"time":4.8333,"name":"Sound3","string":"setHitSound(se_battle_sword_heavy_hit)"},{"time":4.8666,"name":"Event","float":0.03,"string":"kHitStopType_normal"},{"time":4.9,"name":"Hit","string":"resetHitList"},{"time":4.9,"name":"Sound2","string":"setHitSound(se_battle_thrustviolently)"},{"time":4.9666,"name":"Hit","string":"resetHitList"},{"time":5.0333,"name":"Hit","string":"resetHitList"}]}}}