{"skeleton":{"hash":"HwFtXau6oX64k7j38k/XcAWOU8k","spine":"3.0.12","width":0,"height":0},"bones":[{"name":"root"},{"name":"Scythe","parent":"root"},{"name":"EF_weaponaura1_1","parent":"Scythe","x":-41.62,"y":13.99,"scaleX":1.26,"scaleY":1.26,"rotation":-115.39},{"name":"MAIN","parent":"root","y":70},{"name":"HITBOX","parent":"MAIN","y":-70},{"name":"EF_lightning2_1","parent":"MAIN","x":-3.34,"y":23.62,"rotation":-90},{"name":"EF_lightning1_2","parent":"MAIN","x":-14.15,"y":23.62,"scaleX":0.236,"scaleY":0.236,"rotation":270},{"name":"EF_lightning1_1","parent":"MAIN","x":-3.34,"y":23.62,"scaleX":0.236,"scaleY":0.236,"rotation":270},{"name":"AT_ef","parent":"MAIN"},{"name":"EF_main","parent":"root"},{"name":"EF_wave1_3","parent":"EF_main","x":250},{"name":"EF_wave1_2","parent":"EF_main","x":250},{"name":"EF_wave1_1","parent":"EF_main","x":250},{"name":"EF_slash7_2","parent":"EF_main","x":500,"y":100},{"name":"EF_slash7_1","parent":"EF_main","x":500,"y":100},{"name":"EF_slash6_1","parent":"EF_main","x":450,"y":100},{"name":"EF_slash5_1","parent":"EF_main","x":400,"y":100},{"name":"EF_slash4_1","parent":"EF_main","x":350,"y":100},{"name":"EF_slash3_1","parent":"EF_main","x":300,"y":100},{"name":"EF_slash2_1","parent":"EF_main","x":250,"y":100},{"name":"EF_slash1_1","parent":"EF_main","x":200,"y":100},{"name":"EF_dash1_1","parent":"EF_main","x":200},{"name":"EF_bloodwave1_2","parent":"EF_main","x":350},{"name":"EF_bloodwave1_1","parent":"EF_main","x":350},{"name":"DAMAGEAREA","parent":"root"}],"slots":[{"name":"EF_bloodwave1_1","bone":"EF_bloodwave1_1","blend":"additive"},{"name":"EF_bloodwave1_2","bone":"EF_bloodwave1_2","blend":"additive"},{"name":"EF_wave1_1","bone":"EF_wave1_1","blend":"additive"},{"name":"EF_wave1_2","bone":"EF_wave1_2","blend":"additive"},{"name":"EF_wave1_3","bone":"EF_wave1_3","blend":"additive"},{"name":"MAIN","bone":"MAIN","attachment":"idle_00"},{"name":"attack1_01_ef","bone":"AT_ef","color":"a500ffff","blend":"additive"},{"name":"EF_dash1_1","bone":"EF_dash1_1","blend":"additive"},{"name":"EF_weaponaura1_1","bone":"EF_weaponaura1_1","blend":"additive"},{"name":"EF_weaponaura1_2","bone":"EF_weaponaura1_1"},{"name":"EF_slash1_1","bone":"EF_slash1_1"},{"name":"EF_slash2_1","bone":"EF_slash2_1","blend":"additive"},{"name":"EF_slash3_1","bone":"EF_slash3_1","blend":"additive"},{"name":"EF_slash4_1","bone":"EF_slash4_1","blend":"additive"},{"name":"EF_slash5_1","bone":"EF_slash5_1","blend":"additive"},{"name":"EF_slash6_1","bone":"EF_slash6_1","blend":"additive"},{"name":"EF_slash7_1","bone":"EF_slash7_1","blend":"additive"},{"name":"EF_slash7_2","bone":"EF_slash7_2","blend":"additive"},{"name":"EF_lightning1_1","bone":"EF_lightning1_1","blend":"additive"},{"name":"EF_lightning1_2","bone":"EF_lightning1_2","blend":"additive"},{"name":"EF_lightning2_1","bone":"EF_lightning2_1","blend":"additive"},{"name":"DAMAGEAREA","bone":"DAMAGEAREA"},{"name":"HITBOX","bone":"HITBOX","attachment":"HITBOX"}],"skins":{"default":{"DAMAGEAREA":{"DAMAGEAREA":{"type":"boundingbox","vertices":[-31.89935,-32.14887,32.16436,-32.14887,32.16436,32.22284,-31.89935,32.22284]}},"EF_bloodwave1_1":{"EF/ef_bloodwave/ef_water_wave_B_blue_01":{"y":-0.13,"width":240,"height":100},"EF/ef_bloodwave/ef_water_wave_B_blue_02":{"y":-0.13,"width":240,"height":100},"EF/ef_bloodwave/ef_water_wave_B_blue_03":{"y":-0.13,"width":240,"height":100},"EF/ef_bloodwave/ef_water_wave_B_blue_04":{"y":-0.13,"width":240,"height":100},"EF/ef_bloodwave/ef_water_wave_B_blue_05":{"y":-0.13,"width":240,"height":100},"EF/ef_bloodwave/ef_water_wave_B_blue_06":{"y":-0.13,"width":240,"height":100},"EF/ef_bloodwave/ef_water_wave_B_blue_07":{"y":-0.13,"width":240,"height":100},"EF/ef_bloodwave/ef_water_wave_B_blue_08":{"y":-0.13,"width":240,"height":100},"EF/ef_bloodwave/ef_water_wave_B_blue_09":{"y":-0.13,"width":240,"height":100},"EF/ef_bloodwave/ef_water_wave_B_blue_10":{"y":-0.13,"width":240,"height":100},"EF/ef_bloodwave/ef_water_wave_B_blue_11":{"y":-0.13,"width":240,"height":100},"EF/ef_bloodwave/ef_water_wave_B_blue_12":{"y":-0.13,"width":240,"height":100},"EF/ef_bloodwave/ef_water_wave_B_blue_13":{"y":-0.13,"width":240,"height":100}},"EF_bloodwave1_2":{"EF/ef_bloodwave/ef_water_wave_B_blue_01":{"y":-0.13,"width":240,"height":100},"EF/ef_bloodwave/ef_water_wave_B_blue_02":{"y":-0.13,"width":240,"height":100},"EF/ef_bloodwave/ef_water_wave_B_blue_03":{"y":-0.13,"width":240,"height":100},"EF/ef_bloodwave/ef_water_wave_B_blue_04":{"y":-0.13,"width":240,"height":100},"EF/ef_bloodwave/ef_water_wave_B_blue_05":{"y":-0.13,"width":240,"height":100},"EF/ef_bloodwave/ef_water_wave_B_blue_06":{"y":-0.13,"width":240,"height":100},"EF/ef_bloodwave/ef_water_wave_B_blue_07":{"y":-0.13,"width":240,"height":100},"EF/ef_bloodwave/ef_water_wave_B_blue_08":{"y":-0.13,"width":240,"height":100},"EF/ef_bloodwave/ef_water_wave_B_blue_09":{"y":-0.13,"width":240,"height":100},"EF/ef_bloodwave/ef_water_wave_B_blue_10":{"y":-0.13,"width":240,"height":100},"EF/ef_bloodwave/ef_water_wave_B_blue_11":{"y":-0.13,"width":240,"height":100},"EF/ef_bloodwave/ef_water_wave_B_blue_12":{"y":-0.13,"width":240,"height":100},"EF/ef_bloodwave/ef_water_wave_B_blue_13":{"y":-0.13,"width":240,"height":100}},"EF_dash1_1":{"EF/ef_dash_purple/ef_dash_purple_00001":{"y":39.75,"width":160,"height":160},"EF/ef_dash_purple/ef_dash_purple_00002":{"y":39.75,"width":160,"height":160},"EF/ef_dash_purple/ef_dash_purple_00003":{"y":39.75,"width":160,"height":160},"EF/ef_dash_purple/ef_dash_purple_00004":{"y":39.75,"width":160,"height":160},"EF/ef_dash_purple/ef_dash_purple_00005":{"y":39.75,"width":160,"height":160},"EF/ef_dash_purple/ef_dash_purple_00006":{"y":39.75,"width":160,"height":160},"EF/ef_dash_purple/ef_dash_purple_00007":{"y":39.75,"width":160,"height":160},"EF/ef_dash_purple/ef_dash_purple_00008":{"y":39.75,"width":160,"height":160},"EF/ef_dash_purple/ef_dash_purple_00009":{"y":39.75,"width":160,"height":160},"EF/ef_dash_purple/ef_dash_purple_00010":{"y":39.75,"width":160,"height":160},"EF/ef_dash_purple/ef_dash_purple_00011":{"y":39.75,"width":160,"height":160},"EF/ef_dash_purple/ef_dash_purple_00012":{"y":39.75,"width":160,"height":160},"EF/ef_dash_purple/ef_dash_purple_00013":{"y":39.75,"width":160,"height":160},"EF/ef_dash_purple/ef_dash_purple_00014":{"y":39.75,"width":160,"height":160}},"EF_lightning1_1":{"EF/900_S2_sphire1_00004":{"x":-0.2,"y":0.32,"width":200,"height":200}},"EF_lightning1_2":{"EF/900_S2_sphire1_00004":{"x":-0.2,"y":0.32,"width":200,"height":200}},"EF_lightning2_1":{"EF/lightning/130_S1_lightning1_00003":{"x":0.61,"y":14.13,"width":150,"height":150}},"EF_slash1_1":{"EF/ef_sickle_slash_main/ef_sickle_slash_main_00001":{"y":16.38,"width":200,"height":240},"EF/ef_sickle_slash_main/ef_sickle_slash_main_00002":{"y":16.38,"width":200,"height":240},"EF/ef_sickle_slash_main/ef_sickle_slash_main_00003":{"y":16.38,"width":200,"height":240},"EF/ef_sickle_slash_main/ef_sickle_slash_main_00004":{"y":16.38,"width":200,"height":240},"EF/ef_sickle_slash_main/ef_sickle_slash_main_00005":{"y":16.38,"width":200,"height":240},"EF/ef_sickle_slash_main/ef_sickle_slash_main_00006":{"y":16.38,"width":200,"height":240},"EF/ef_sickle_slash_main/ef_sickle_slash_main_00007":{"y":16.38,"width":200,"height":240},"EF/ef_sickle_slash_main/ef_sickle_slash_main_00008":{"y":16.38,"width":200,"height":240},"EF/ef_sickle_slash_main/ef_sickle_slash_main_00009":{"y":16.38,"width":200,"height":240},"EF/ef_sickle_slash_main/ef_sickle_slash_main_00010":{"y":16.38,"width":200,"height":240},"EF/ef_sickle_slash_main/ef_sickle_slash_main_00011":{"y":16.38,"width":200,"height":240},"EF/ef_sickle_slash_main/ef_sickle_slash_main_00012":{"y":16.38,"width":200,"height":240},"EF/ef_sickle_slash_main/ef_sickle_slash_main_00013":{"y":16.38,"width":200,"height":240}},"EF_slash2_1":{"EF/ef_slash_AA_main/ef_slash_AA_main_00001":{"width":160,"height":160},"EF/ef_slash_AA_main/ef_slash_AA_main_00002":{"width":160,"height":160},"EF/ef_slash_AA_main/ef_slash_AA_main_00003":{"width":160,"height":160},"EF/ef_slash_AA_main/ef_slash_AA_main_00004":{"width":160,"height":160},"EF/ef_slash_AA_main/ef_slash_AA_main_00005":{"width":160,"height":160},"EF/ef_slash_AA_main/ef_slash_AA_main_00006":{"width":160,"height":160},"EF/ef_slash_AA_main/ef_slash_AA_main_00007":{"width":160,"height":160},"EF/ef_slash_AA_main/ef_slash_AA_main_00008":{"width":160,"height":160},"EF/ef_slash_AA_main/ef_slash_AA_main_00009":{"width":160,"height":160}},"EF_slash3_1":{"EF/ef_slash_A_main/ef_slash_A_main_00001":{"width":160,"height":160},"EF/ef_slash_A_main/ef_slash_A_main_00002":{"width":160,"height":160},"EF/ef_slash_A_main/ef_slash_A_main_00003":{"width":160,"height":160},"EF/ef_slash_A_main/ef_slash_A_main_00004":{"width":160,"height":160},"EF/ef_slash_A_main/ef_slash_A_main_00005":{"width":160,"height":160},"EF/ef_slash_A_main/ef_slash_A_main_00006":{"width":160,"height":160},"EF/ef_slash_A_main/ef_slash_A_main_00007":{"width":160,"height":160},"EF/ef_slash_A_main/ef_slash_A_main_00008":{"width":160,"height":160},"EF/ef_slash_A_main/ef_slash_A_main_00009":{"width":160,"height":160}},"EF_slash4_1":{"EF/ef_slash_BB_main/ef_slash_BB_main_00001":{"width":140,"height":160},"EF/ef_slash_BB_main/ef_slash_BB_main_00002":{"width":140,"height":160},"EF/ef_slash_BB_main/ef_slash_BB_main_00003":{"width":140,"height":160},"EF/ef_slash_BB_main/ef_slash_BB_main_00004":{"width":140,"height":160},"EF/ef_slash_BB_main/ef_slash_BB_main_00005":{"width":140,"height":160},"EF/ef_slash_BB_main/ef_slash_BB_main_00006":{"width":140,"height":160},"EF/ef_slash_BB_main/ef_slash_BB_main_00007":{"width":140,"height":160},"EF/ef_slash_BB_main/ef_slash_BB_main_00008":{"width":140,"height":160},"EF/ef_slash_BB_main/ef_slash_BB_main_00009":{"width":140,"height":160},"EF/ef_slash_BB_main/ef_slash_BB_main_00010":{"width":140,"height":160}},"EF_slash5_1":{"EF/ef_slash_B_main/ef_slash_B_main_00001":{"width":160,"height":160},"EF/ef_slash_B_main/ef_slash_B_main_00002":{"width":160,"height":160},"EF/ef_slash_B_main/ef_slash_B_main_00003":{"width":160,"height":160},"EF/ef_slash_B_main/ef_slash_B_main_00004":{"width":160,"height":160},"EF/ef_slash_B_main/ef_slash_B_main_00005":{"width":160,"height":160},"EF/ef_slash_B_main/ef_slash_B_main_00006":{"width":160,"height":160},"EF/ef_slash_B_main/ef_slash_B_main_00007":{"width":160,"height":160},"EF/ef_slash_B_main/ef_slash_B_main_00008":{"width":160,"height":160},"EF/ef_slash_B_main/ef_slash_B_main_00009":{"width":160,"height":160},"EF/ef_slash_B_main/ef_slash_B_main_00010":{"width":160,"height":160}},"EF_slash6_1":{"EF/ef_slash_CC_main/ef_slash_CC_main_00001":{"width":160,"height":160},"EF/ef_slash_CC_main/ef_slash_CC_main_00002":{"width":160,"height":160},"EF/ef_slash_CC_main/ef_slash_CC_main_00003":{"width":160,"height":160},"EF/ef_slash_CC_main/ef_slash_CC_main_00004":{"width":160,"height":160},"EF/ef_slash_CC_main/ef_slash_CC_main_00005":{"width":160,"height":160},"EF/ef_slash_CC_main/ef_slash_CC_main_00006":{"width":160,"height":160},"EF/ef_slash_CC_main/ef_slash_CC_main_00007":{"width":160,"height":160},"EF/ef_slash_CC_main/ef_slash_CC_main_00008":{"width":160,"height":160},"EF/ef_slash_CC_main/ef_slash_CC_main_00009":{"width":160,"height":160},"EF/ef_slash_CC_main/ef_slash_CC_main_00010":{"width":160,"height":160}},"EF_slash7_1":{"EF/ef_slash_C_main/ef_slash_C_main_00001":{"width":160,"height":160},"EF/ef_slash_C_main/ef_slash_C_main_00002":{"width":160,"height":160},"EF/ef_slash_C_main/ef_slash_C_main_00003":{"width":160,"height":160},"EF/ef_slash_C_main/ef_slash_C_main_00004":{"width":160,"height":160},"EF/ef_slash_C_main/ef_slash_C_main_00005":{"width":160,"height":160},"EF/ef_slash_C_main/ef_slash_C_main_00006":{"width":160,"height":160},"EF/ef_slash_C_main/ef_slash_C_main_00007":{"width":160,"height":160},"EF/ef_slash_C_main/ef_slash_C_main_00008":{"width":160,"height":160},"EF/ef_slash_C_main/ef_slash_C_main_00009":{"width":160,"height":160},"EF/ef_slash_C_main/ef_slash_C_main_00010":{"width":160,"height":160}},"EF_slash7_2":{"EF/ef_slash_C_main/ef_slash_C_main_00001":{"width":160,"height":160},"EF/ef_slash_C_main/ef_slash_C_main_00002":{"width":160,"height":160},"EF/ef_slash_C_main/ef_slash_C_main_00003":{"width":160,"height":160},"EF/ef_slash_C_main/ef_slash_C_main_00004":{"width":160,"height":160},"EF/ef_slash_C_main/ef_slash_C_main_00005":{"width":160,"height":160},"EF/ef_slash_C_main/ef_slash_C_main_00006":{"width":160,"height":160},"EF/ef_slash_C_main/ef_slash_C_main_00007":{"width":160,"height":160},"EF/ef_slash_C_main/ef_slash_C_main_00008":{"width":160,"height":160},"EF/ef_slash_C_main/ef_slash_C_main_00009":{"width":160,"height":160},"EF/ef_slash_C_main/ef_slash_C_main_00010":{"width":160,"height":160}},"EF_wave1_1":{"EF/ef_graund_wave_purple/ef_graund_wave_purple_00001":{"y":8.28,"width":200,"height":200},"EF/ef_graund_wave_purple/ef_graund_wave_purple_00002":{"y":8.28,"width":200,"height":200},"EF/ef_graund_wave_purple/ef_graund_wave_purple_00003":{"y":8.28,"width":200,"height":200},"EF/ef_graund_wave_purple/ef_graund_wave_purple_00004":{"y":8.28,"width":200,"height":200},"EF/ef_graund_wave_purple/ef_graund_wave_purple_00005":{"y":8.28,"width":200,"height":200},"EF/ef_graund_wave_purple/ef_graund_wave_purple_00006":{"y":8.28,"width":200,"height":200},"EF/ef_graund_wave_purple/ef_graund_wave_purple_00007":{"y":8.28,"width":200,"height":200},"EF/ef_graund_wave_purple/ef_graund_wave_purple_00008":{"y":8.28,"width":200,"height":200},"EF/ef_graund_wave_purple/ef_graund_wave_purple_00009":{"y":8.28,"width":200,"height":200},"EF/ef_graund_wave_purple/ef_graund_wave_purple_00010":{"y":8.28,"width":200,"height":200},"EF/ef_graund_wave_purple/ef_graund_wave_purple_00011":{"y":8.28,"width":200,"height":200},"EF/ef_graund_wave_purple/ef_graund_wave_purple_00012":{"y":8.28,"width":200,"height":200},"EF/ef_graund_wave_purple/ef_graund_wave_purple_00013":{"y":8.28,"width":200,"height":200},"EF/ef_graund_wave_purple/ef_graund_wave_purple_00014":{"y":8.28,"width":200,"height":200}},"EF_wave1_2":{"EF/ef_graund_wave_purple/ef_graund_wave_purple_00001":{"y":8.28,"width":200,"height":200},"EF/ef_graund_wave_purple/ef_graund_wave_purple_00002":{"y":8.28,"width":200,"height":200},"EF/ef_graund_wave_purple/ef_graund_wave_purple_00003":{"y":8.28,"width":200,"height":200},"EF/ef_graund_wave_purple/ef_graund_wave_purple_00004":{"y":8.28,"width":200,"height":200},"EF/ef_graund_wave_purple/ef_graund_wave_purple_00005":{"y":8.28,"width":200,"height":200},"EF/ef_graund_wave_purple/ef_graund_wave_purple_00006":{"y":8.28,"width":200,"height":200},"EF/ef_graund_wave_purple/ef_graund_wave_purple_00007":{"y":8.28,"width":200,"height":200},"EF/ef_graund_wave_purple/ef_graund_wave_purple_00008":{"y":8.28,"width":200,"height":200},"EF/ef_graund_wave_purple/ef_graund_wave_purple_00009":{"y":8.28,"width":200,"height":200},"EF/ef_graund_wave_purple/ef_graund_wave_purple_00010":{"y":8.28,"width":200,"height":200},"EF/ef_graund_wave_purple/ef_graund_wave_purple_00011":{"y":8.28,"width":200,"height":200},"EF/ef_graund_wave_purple/ef_graund_wave_purple_00012":{"y":8.28,"width":200,"height":200},"EF/ef_graund_wave_purple/ef_graund_wave_purple_00013":{"y":8.28,"width":200,"height":200},"EF/ef_graund_wave_purple/ef_graund_wave_purple_00014":{"y":8.28,"width":200,"height":200}},"EF_wave1_3":{"EF/ef_graund_wave_purple/ef_graund_wave_purple_00001":{"y":8.28,"width":200,"height":200},"EF/ef_graund_wave_purple/ef_graund_wave_purple_00002":{"y":8.28,"width":200,"height":200},"EF/ef_graund_wave_purple/ef_graund_wave_purple_00003":{"y":8.28,"width":200,"height":200},"EF/ef_graund_wave_purple/ef_graund_wave_purple_00004":{"y":8.28,"width":200,"height":200},"EF/ef_graund_wave_purple/ef_graund_wave_purple_00005":{"y":8.28,"width":200,"height":200},"EF/ef_graund_wave_purple/ef_graund_wave_purple_00006":{"y":8.28,"width":200,"height":200},"EF/ef_graund_wave_purple/ef_graund_wave_purple_00007":{"y":8.28,"width":200,"height":200},"EF/ef_graund_wave_purple/ef_graund_wave_purple_00008":{"y":8.28,"width":200,"height":200},"EF/ef_graund_wave_purple/ef_graund_wave_purple_00009":{"y":8.28,"width":200,"height":200},"EF/ef_graund_wave_purple/ef_graund_wave_purple_00010":{"y":8.28,"width":200,"height":200},"EF/ef_graund_wave_purple/ef_graund_wave_purple_00011":{"y":8.28,"width":200,"height":200},"EF/ef_graund_wave_purple/ef_graund_wave_purple_00012":{"y":8.28,"width":200,"height":200},"EF/ef_graund_wave_purple/ef_graund_wave_purple_00013":{"y":8.28,"width":200,"height":200},"EF/ef_graund_wave_purple/ef_graund_wave_purple_00014":{"y":8.28,"width":200,"height":200}},"EF_weaponaura1_1":{"EF/ef_sickle_aura_main/ef_sickle_aura_main_00001":{"x":-18.45,"y":36.52,"width":300,"height":300}},"EF_weaponaura1_2":{"EF/ef_sickle_aura_main/ef_sickle_aura_main_00001":{"x":-18.45,"y":36.52,"width":300,"height":300}},"HITBOX":{"HITBOX":{"type":"boundingbox","vertices":[-32.77967,-0.13621,28.06031,-0.13621,28.06031,117.48781,-28.72369,117.48781]}},"MAIN":{"attack1_00":{"x":10.87,"y":1.81,"scaleX":2,"scaleY":2,"width":300,"height":300},"attack1_01":{"x":10.87,"y":1.81,"scaleX":2,"scaleY":2,"width":300,"height":300},"attack1_02":{"x":10.87,"y":1.81,"scaleX":2,"scaleY":2,"width":300,"height":300},"attack1_03":{"x":10.87,"y":1.81,"scaleX":2,"scaleY":2,"width":300,"height":300},"attack1_04":{"x":10.87,"y":1.81,"scaleX":2,"scaleY":2,"width":300,"height":300},"attack1_05":{"x":10.87,"y":1.81,"scaleX":2,"scaleY":2,"width":300,"height":300},"attack1_06":{"x":10.87,"y":1.81,"scaleX":2,"scaleY":2,"width":300,"height":300},"attack1_07":{"x":10.87,"y":1.81,"scaleX":2,"scaleY":2,"width":300,"height":300},"attack1_08":{"x":10.87,"y":1.81,"scaleX":2,"scaleY":2,"width":300,"height":300},"attack1_09a":{"x":10.87,"y":1.81,"scaleX":2,"scaleY":2,"width":300,"height":300},"attack1_09b":{"x":10.87,"y":1.81,"scaleX":2,"scaleY":2,"width":300,"height":300},"back_00":{"x":10.87,"y":1.81,"scaleX":2,"scaleY":2,"width":300,"height":300},"damage_00":{"x":10.87,"y":1.81,"scaleX":2,"scaleY":2,"width":300,"height":300},"front_00":{"x":10.87,"y":1.81,"scaleX":2,"scaleY":2,"width":300,"height":300},"idle_00":{"x":10.87,"y":1.81,"scaleX":2,"scaleY":2,"width":300,"height":300},"idle_01":{"x":10.87,"y":1.81,"scaleX":2,"scaleY":2,"width":300,"height":300},"idle_02":{"x":10.87,"y":1.81,"scaleX":2,"scaleY":2,"width":300,"height":300},"idle_03":{"x":10.87,"y":1.81,"scaleX":2,"scaleY":2,"width":300,"height":300},"skill1_00":{"x":10.87,"y":1.81,"scaleX":2,"scaleY":2,"width":300,"height":300},"skill1_01":{"x":10.87,"y":1.81,"scaleX":2,"scaleY":2,"width":300,"height":300},"skill1_02":{"x":10.87,"y":1.81,"scaleX":2,"scaleY":2,"width":300,"height":300},"skill1_03":{"x":10.87,"y":1.81,"scaleX":2,"scaleY":2,"width":300,"height":300},"skill1_04":{"x":10.87,"y":1.81,"scaleX":2,"scaleY":2,"width":300,"height":300},"skill1_05":{"x":10.87,"y":1.81,"scaleX":2,"scaleY":2,"width":300,"height":300},"skill1_06":{"x":10.87,"y":1.81,"scaleX":2,"scaleY":2,"width":300,"height":300},"skill1_08":{"x":10.87,"y":1.81,"scaleX":2,"scaleY":2,"width":300,"height":300},"skill1_09":{"x":10.87,"y":1.81,"scaleX":2,"scaleY":2,"width":300,"height":300},"skill1_10":{"x":10.87,"y":1.81,"scaleX":2,"scaleY":2,"width":300,"height":300},"skill1_11":{"x":10.87,"y":1.81,"scaleX":2,"scaleY":2,"width":300,"height":300},"skill1_07a":{"x":10.87,"y":1.81,"scaleX":2,"scaleY":2,"width":300,"height":300},"skill1_07b":{"x":10.87,"y":1.81,"scaleX":2,"scaleY":2,"width":300,"height":300},"skill1_12a":{"x":10.87,"y":1.81,"scaleX":2,"scaleY":2,"width":300,"height":300},"skill1_12b":{"x":10.87,"y":1.81,"scaleX":2,"scaleY":2,"width":300,"height":300},"skill2_00":{"x":10.87,"y":1.81,"scaleX":2,"scaleY":2,"width":300,"height":300},"skill2_01":{"x":10.87,"y":1.81,"scaleX":2,"scaleY":2,"width":300,"height":300},"skill2_02":{"x":10.87,"y":1.81,"scaleX":2,"scaleY":2,"width":300,"height":300},"skill2_03":{"x":10.87,"y":1.81,"scaleX":2,"scaleY":2,"width":300,"height":300},"skill2_09":{"x":10.87,"y":1.81,"scaleX":2,"scaleY":2,"width":300,"height":300},"skill2_12":{"x":10.87,"y":1.81,"scaleX":2,"scaleY":2,"width":300,"height":300},"skill2_13a":{"x":10.87,"y":1.81,"scaleX":2,"scaleY":2,"width":300,"height":300},"skill2_13b":{"x":10.87,"y":1.81,"scaleX":2,"scaleY":2,"width":300,"height":300},"skill3_00":{"x":10.87,"y":1.81,"scaleX":2,"scaleY":2,"width":300,"height":300},"skill3_01":{"x":10.87,"y":1.81,"scaleX":2,"scaleY":2,"width":300,"height":300},"skill3_02":{"x":10.87,"y":1.81,"scaleX":2,"scaleY":2,"width":300,"height":300},"skill3_04":{"x":10.87,"y":1.81,"scaleX":2,"scaleY":2,"width":300,"height":300},"skill3_05":{"x":10.87,"y":1.81,"scaleX":2,"scaleY":2,"width":300,"height":300},"skill3_06":{"x":10.87,"y":1.81,"scaleX":2,"scaleY":2,"width":300,"height":300},"skill3_07":{"x":10.87,"y":1.81,"scaleX":2,"scaleY":2,"width":300,"height":300},"skill3_08":{"x":10.87,"y":1.81,"scaleX":2,"scaleY":2,"width":300,"height":300},"skill3_09":{"x":10.87,"y":1.81,"scaleX":2,"scaleY":2,"width":300,"height":300},"skill3_11":{"x":10.87,"y":1.81,"scaleX":2,"scaleY":2,"width":300,"height":300},"skill3_03a":{"x":10.87,"y":1.81,"scaleX":2,"scaleY":2,"width":300,"height":300},"skill3_03b":{"x":10.87,"y":1.81,"scaleX":2,"scaleY":2,"width":300,"height":300},"skill3_10a":{"x":10.87,"y":1.81,"scaleX":2,"scaleY":2,"width":300,"height":300},"skill3_10b":{"x":10.87,"y":1.81,"scaleX":2,"scaleY":2,"width":300,"height":300}},"attack1_01_ef":{"attack1_01_ef":{"scaleX":2,"scaleY":2,"width":300,"height":300},"attack1_02_ef":{"scaleX":2,"scaleY":2,"width":300,"height":300},"attack1_04_ef":{"scaleX":2,"scaleY":2,"width":300,"height":300},"attack1_05_ef":{"scaleX":2,"scaleY":2,"width":300,"height":300},"attack1_08_ef":{"scaleX":2,"scaleY":2,"width":300,"height":300},"attack1_09_ef":{"scaleX":2,"scaleY":2,"width":300,"height":300}}}},"events":{"Event":{},"Event2":{},"Hit":{},"Sound1":{},"Sound2":{},"Sound3":{},"Voice":{}},"animations":{"attack1":{"slots":{"DAMAGEAREA":{"attachment":[{"time":0.1,"name":"DAMAGEAREA"},{"time":0.1333,"name":null},{"time":0.4333,"name":"DAMAGEAREA"},{"time":0.4666,"name":null},{"time":0.8666,"name":"DAMAGEAREA"},{"time":0.9,"name":null}]},"MAIN":{"attachment":[{"time":0,"name":"attack1_00"},{"time":0.1,"name":"attack1_01"},{"time":0.1666,"name":"attack1_02"},{"time":0.3,"name":"attack1_03"},{"time":0.4333,"name":"attack1_04"},{"time":0.5,"name":"attack1_05"},{"time":0.6333,"name":"attack1_06"},{"time":0.7333,"name":"attack1_07"},{"time":0.8666,"name":"attack1_08"},{"time":0.9333,"name":"attack1_09a"},{"time":1,"name":"attack1_09b"},{"time":1.0666,"name":"attack1_09a"},{"time":1.1333,"name":"attack1_09b"},{"time":1.2333,"name":"skill3_11"},{"time":1.3,"name":"skill3_00"},{"time":1.3666,"name":"idle_03"},{"time":1.5,"name":"idle_00"}]},"attack1_01_ef":{"attachment":[{"time":0.1,"name":"attack1_01_ef"},{"time":0.1333,"name":"attack1_02_ef"},{"time":0.1666,"name":null},{"time":0.4333,"name":"attack1_04_ef"},{"time":0.4666,"name":"attack1_05_ef"},{"time":0.5,"name":null},{"time":0.8666,"name":"attack1_08_ef"},{"time":0.9,"name":"attack1_09_ef"},{"time":0.9333,"name":null}]}},"bones":{"MAIN":{"translate":[{"time":0,"x":0,"y":0,"curve":"stepped"},{"time":0.1,"x":0,"y":0,"curve":[0.085,0.6,0.75,1]},{"time":0.2,"x":-11,"y":0,"curve":"stepped"},{"time":0.4333,"x":-11,"y":0,"curve":[0.102,0.4,0.75,1]},{"time":0.5333,"x":-20,"y":0,"curve":"stepped"},{"time":0.8666,"x":-75.38,"y":0,"curve":[0.092,0.49,0.75,1]},{"time":0.9666,"x":-80.41,"y":0,"curve":"stepped"},{"time":1.2333,"x":-44.01,"y":0,"curve":[0.335,0.88,0.523,0.94]},{"time":1.3666,"x":-3.77,"y":0},{"time":1.5,"x":0,"y":0}]},"AT_ef":{"translate":[{"time":0.4333,"x":-50.13,"y":0,"curve":"stepped"},{"time":0.4666,"x":-33.97,"y":-19.97,"curve":"stepped"},{"time":0.8666,"x":48.64,"y":0,"curve":"stepped"},{"time":0.9,"x":54.52,"y":-21.87}],"scale":[{"time":0.1,"x":1.245,"y":1.245}]},"DAMAGEAREA":{"translate":[{"time":0.1,"x":-124.12,"y":123.84,"curve":"stepped"},{"time":0.4333,"x":-78.41,"y":64.4,"curve":"stepped"},{"time":0.8666,"x":-175.71,"y":84.9}],"scale":[{"time":0.1,"x":4.82,"y":4.916,"curve":"stepped"},{"time":0.4333,"x":5.175,"y":3.977,"curve":"stepped"},{"time":0.8666,"x":3.691,"y":4.903}]}},"events":[{"time":0.0666,"name":"Sound1","string":"cri_se_battle_sword_swish_heavy"},{"time":0.1,"name":"Sound3","string":"setHitSound(se_battle_019_sword_hit_03)"},{"time":0.1,"name":"Voice","string":"cri_277_voice_attack_random"},{"time":0.1333,"name":"Event"},{"time":0.1333,"name":"Hit","float":0.08,"string":"kHitStopType_normal"},{"time":0.4,"name":"Sound1","string":"cri_se_battle_sword_swish_heavy"},{"time":0.4333,"name":"Hit","string":"resetHitList"},{"time":0.8333,"name":"Sound1","string":"cri_se_battle_sword_swish_heavy"},{"time":0.8333,"name":"Voice","string":"cri_277_voice_attack_c"},{"time":0.8666,"name":"Hit","string":"resetHitList"}]},"back":{"slots":{"MAIN":{"attachment":[{"time":0,"name":"back_00"},{"time":0.4,"name":"idle_02"},{"time":0.5,"name":"idle_03"},{"time":0.6,"name":"idle_00"}]}},"bones":{"MAIN":{"translate":[{"time":0,"x":0,"y":0},{"time":0.1333,"x":62.5,"y":10},{"time":0.2666,"x":125,"y":0,"curve":[0.098,0.62,0.75,1]},{"time":0.5333,"x":140,"y":0}]}},"events":[{"time":0,"name":"Sound1","string":"cri_se_battle_jump"},{"time":0.4,"name":"Sound1","string":"cri_se_battle_landing"}]},"cast":{"slots":{"MAIN":{"attachment":[{"time":0,"name":"skill3_00"},{"time":0.1,"name":"skill3_01"},{"time":0.5,"name":"skill3_02"},{"time":0.5666,"name":"skill3_03a"},{"time":0.6333,"name":"skill3_03b"},{"time":0.7,"name":"skill3_03a"},{"time":0.7666,"name":"skill3_03b"},{"time":0.8666,"name":"skill3_11"},{"time":1,"name":"idle_00"}]}},"bones":{"MAIN":{"translate":[{"time":0,"x":0,"y":0}]}},"events":[{"time":0.5,"name":"Voice","string":"cri_277_voice_item"}]},"damage":{"slots":{"MAIN":{"attachment":[{"time":0,"name":"damage_00"}]}}},"front":{"slots":{"MAIN":{"attachment":[{"time":0,"name":"front_00"}]}}},"idle":{"slots":{"MAIN":{"attachment":[{"time":0,"name":"idle_00"},{"time":0.2,"name":"idle_01"},{"time":0.4,"name":"idle_02"},{"time":0.6,"name":"idle_03"},{"time":0.8,"name":"idle_00"}]}}},"in":{"slots":{"MAIN":{"attachment":[{"time":0,"name":"idle_00"},{"time":0.2,"name":"idle_01"},{"time":0.4,"name":"idle_02"},{"time":0.6,"name":"idle_03"},{"time":0.8,"name":"idle_00"}],"color":[{"time":0,"color":"ffffff00"},{"time":0.5,"color":"ffffffff"}]}},"events":[{"time":0,"name":"Event","string":"takeSummon"}]},"skill1":{"slots":{"DAMAGEAREA":{"attachment":[{"time":0.7,"name":"DAMAGEAREA"},{"time":0.9666,"name":null},{"time":1.1666,"name":"DAMAGEAREA"},{"time":1.4333,"name":null}]},"EF_bloodwave1_1":{"attachment":[{"time":0.5,"name":"EF/ef_bloodwave/ef_water_wave_B_blue_01"},{"time":0.5333,"name":"EF/ef_bloodwave/ef_water_wave_B_blue_02"},{"time":0.5666,"name":"EF/ef_bloodwave/ef_water_wave_B_blue_03"},{"time":0.6,"name":"EF/ef_bloodwave/ef_water_wave_B_blue_04"},{"time":0.6333,"name":"EF/ef_bloodwave/ef_water_wave_B_blue_05"},{"time":0.6666,"name":"EF/ef_bloodwave/ef_water_wave_B_blue_06"},{"time":0.7,"name":"EF/ef_bloodwave/ef_water_wave_B_blue_07"},{"time":0.7333,"name":"EF/ef_bloodwave/ef_water_wave_B_blue_08"},{"time":0.7666,"name":"EF/ef_bloodwave/ef_water_wave_B_blue_09"},{"time":0.8,"name":"EF/ef_bloodwave/ef_water_wave_B_blue_10"},{"time":0.8333,"name":"EF/ef_bloodwave/ef_water_wave_B_blue_11"},{"time":0.8666,"name":"EF/ef_bloodwave/ef_water_wave_B_blue_12"},{"time":0.9,"name":"EF/ef_bloodwave/ef_water_wave_B_blue_13"},{"time":0.9333,"name":null}]},"EF_bloodwave1_2":{"attachment":[{"time":1.1,"name":"EF/ef_bloodwave/ef_water_wave_B_blue_01"},{"time":1.1333,"name":"EF/ef_bloodwave/ef_water_wave_B_blue_02"},{"time":1.1666,"name":"EF/ef_bloodwave/ef_water_wave_B_blue_03"},{"time":1.2,"name":"EF/ef_bloodwave/ef_water_wave_B_blue_04"},{"time":1.2333,"name":"EF/ef_bloodwave/ef_water_wave_B_blue_05"},{"time":1.2666,"name":"EF/ef_bloodwave/ef_water_wave_B_blue_06"},{"time":1.3,"name":"EF/ef_bloodwave/ef_water_wave_B_blue_07"},{"time":1.3333,"name":"EF/ef_bloodwave/ef_water_wave_B_blue_08"},{"time":1.3666,"name":"EF/ef_bloodwave/ef_water_wave_B_blue_09"},{"time":1.4,"name":"EF/ef_bloodwave/ef_water_wave_B_blue_10"},{"time":1.4333,"name":"EF/ef_bloodwave/ef_water_wave_B_blue_11"},{"time":1.4666,"name":"EF/ef_bloodwave/ef_water_wave_B_blue_12"},{"time":1.5,"name":"EF/ef_bloodwave/ef_water_wave_B_blue_13"},{"time":1.5333,"name":null}]},"EF_slash2_1":{"attachment":[{"time":1.1,"name":"EF/ef_slash_AA_main/ef_slash_AA_main_00001"},{"time":1.1333,"name":"EF/ef_slash_AA_main/ef_slash_AA_main_00002"},{"time":1.1666,"name":"EF/ef_slash_AA_main/ef_slash_AA_main_00003"},{"time":1.2,"name":"EF/ef_slash_AA_main/ef_slash_AA_main_00004"},{"time":1.2333,"name":"EF/ef_slash_AA_main/ef_slash_AA_main_00005"},{"time":1.2666,"name":"EF/ef_slash_AA_main/ef_slash_AA_main_00006"},{"time":1.3,"name":"EF/ef_slash_AA_main/ef_slash_AA_main_00007"},{"time":1.3333,"name":"EF/ef_slash_AA_main/ef_slash_AA_main_00008"},{"time":1.3666,"name":"EF/ef_slash_AA_main/ef_slash_AA_main_00009"},{"time":1.4,"name":null}]},"EF_slash3_1":{"attachment":[{"time":0.5666,"name":"EF/ef_slash_A_main/ef_slash_A_main_00001"},{"time":0.6,"name":"EF/ef_slash_A_main/ef_slash_A_main_00002"},{"time":0.6333,"name":"EF/ef_slash_A_main/ef_slash_A_main_00003"},{"time":0.6666,"name":"EF/ef_slash_A_main/ef_slash_A_main_00004"},{"time":0.7,"name":"EF/ef_slash_A_main/ef_slash_A_main_00005"},{"time":0.7333,"name":"EF/ef_slash_A_main/ef_slash_A_main_00006"},{"time":0.7666,"name":"EF/ef_slash_A_main/ef_slash_A_main_00007"},{"time":0.8,"name":"EF/ef_slash_A_main/ef_slash_A_main_00008"},{"time":0.8333,"name":"EF/ef_slash_A_main/ef_slash_A_main_00009"},{"time":0.8666,"name":null}]},"EF_wave1_1":{"attachment":[{"time":0.5,"name":"EF/ef_graund_wave_purple/ef_graund_wave_purple_00001"},{"time":0.5333,"name":"EF/ef_graund_wave_purple/ef_graund_wave_purple_00002"},{"time":0.5666,"name":"EF/ef_graund_wave_purple/ef_graund_wave_purple_00003"},{"time":0.6,"name":"EF/ef_graund_wave_purple/ef_graund_wave_purple_00004"},{"time":0.6333,"name":"EF/ef_graund_wave_purple/ef_graund_wave_purple_00005"},{"time":0.6666,"name":"EF/ef_graund_wave_purple/ef_graund_wave_purple_00006"},{"time":0.7,"name":"EF/ef_graund_wave_purple/ef_graund_wave_purple_00007"},{"time":0.7333,"name":"EF/ef_graund_wave_purple/ef_graund_wave_purple_00008"},{"time":0.7666,"name":"EF/ef_graund_wave_purple/ef_graund_wave_purple_00009"},{"time":0.8,"name":"EF/ef_graund_wave_purple/ef_graund_wave_purple_00010"},{"time":0.8333,"name":"EF/ef_graund_wave_purple/ef_graund_wave_purple_00011"},{"time":0.8666,"name":"EF/ef_graund_wave_purple/ef_graund_wave_purple_00012"},{"time":0.9,"name":"EF/ef_graund_wave_purple/ef_graund_wave_purple_00013"},{"time":0.9333,"name":"EF/ef_graund_wave_purple/ef_graund_wave_purple_00014"},{"time":0.9666,"name":null}]},"EF_wave1_2":{"attachment":[{"time":1.1,"name":"EF/ef_graund_wave_purple/ef_graund_wave_purple_00001"},{"time":1.1333,"name":"EF/ef_graund_wave_purple/ef_graund_wave_purple_00002"},{"time":1.1666,"name":"EF/ef_graund_wave_purple/ef_graund_wave_purple_00003"},{"time":1.2,"name":"EF/ef_graund_wave_purple/ef_graund_wave_purple_00004"},{"time":1.2333,"name":"EF/ef_graund_wave_purple/ef_graund_wave_purple_00005"},{"time":1.2666,"name":"EF/ef_graund_wave_purple/ef_graund_wave_purple_00006"},{"time":1.3,"name":"EF/ef_graund_wave_purple/ef_graund_wave_purple_00007"},{"time":1.3333,"name":"EF/ef_graund_wave_purple/ef_graund_wave_purple_00008"},{"time":1.3666,"name":"EF/ef_graund_wave_purple/ef_graund_wave_purple_00009"},{"time":1.4,"name":"EF/ef_graund_wave_purple/ef_graund_wave_purple_00010"},{"time":1.4333,"name":"EF/ef_graund_wave_purple/ef_graund_wave_purple_00011"},{"time":1.4666,"name":"EF/ef_graund_wave_purple/ef_graund_wave_purple_00012"},{"time":1.5,"name":"EF/ef_graund_wave_purple/ef_graund_wave_purple_00013"},{"time":1.5333,"name":"EF/ef_graund_wave_purple/ef_graund_wave_purple_00014"},{"time":1.5666,"name":null}]},"MAIN":{"attachment":[{"time":0,"name":"skill1_12a"},{"time":0.1,"name":"skill1_00"},{"time":0.1666,"name":"skill1_01"},{"time":0.2666,"name":"skill1_02"},{"time":0.4333,"name":"skill1_03"},{"time":0.5,"name":"skill1_04"},{"time":0.5666,"name":"skill1_05"},{"time":0.6333,"name":"skill1_06"},{"time":0.7,"name":"skill1_07a"},{"time":0.7666,"name":"skill1_07b"},{"time":0.8333,"name":"skill1_07a"},{"time":0.9,"name":"skill1_08"},{"time":1,"name":"attack1_07"},{"time":1.1,"name":"skill1_09"},{"time":1.1666,"name":"skill1_10"},{"time":1.2,"name":"skill1_11"},{"time":1.2666,"name":"skill1_12a"},{"time":1.3333,"name":"skill1_12b"},{"time":1.4,"name":"skill1_12a"},{"time":1.4666,"name":"skill1_12b"},{"time":1.5333,"name":"skill1_12a"},{"time":1.6,"name":"skill1_12b"},{"time":1.6666,"name":"skill1_12a"},{"time":1.7333,"name":"skill1_12b"},{"time":1.8,"name":"skill1_12a"},{"time":1.9,"name":"skill1_12b"},{"time":2,"name":"skill1_12a"},{"time":2.1,"name":"skill1_12b"},{"time":2.1666,"name":"idle_00"}]}},"bones":{"EF_bloodwave1_1":{"translate":[{"time":0.5,"x":-347.82,"y":0}],"scale":[{"time":0.5,"x":2,"y":2}]},"EF_wave1_1":{"translate":[{"time":0.5,"x":-247.92,"y":0}],"scale":[{"time":0.5,"x":3,"y":3}]},"EF_slash2_1":{"translate":[{"time":1.1,"x":-241.96,"y":-7.97}],"scale":[{"time":1.1,"x":4.392,"y":2.658}]},"EF_bloodwave1_2":{"translate":[{"time":1.1,"x":-347.82,"y":0}],"scale":[{"time":1.1,"x":2,"y":2}]},"EF_slash3_1":{"rotate":[{"time":0.5666,"angle":-90.03}],"translate":[{"time":0.5666,"x":-288.77,"y":13.69}],"scale":[{"time":0.5666,"x":-3.432,"y":3.543}]},"EF_wave1_2":{"translate":[{"time":1.1,"x":-247.92,"y":0}],"scale":[{"time":1.1,"x":3,"y":3}]},"DAMAGEAREA":{"translate":[{"time":0.7,"x":-124.12,"y":94.11,"curve":[0.25,0,0.72,0.54]},{"time":0.9333,"x":-368.39,"y":94.11,"curve":"stepped"},{"time":1.1666,"x":-124.12,"y":94.11,"curve":[0.25,0,0.72,0.54]},{"time":1.4,"x":-404.36,"y":94.11}],"scale":[{"time":0.7,"x":4.167,"y":4.843},{"time":0.9333,"x":14.036,"y":4.843,"curve":"stepped"},{"time":1.1666,"x":4.887,"y":4.843},{"time":1.4,"x":13.24,"y":4.843}]}},"events":[{"time":0,"name":"Event","string":"setHitEffect(hit03e, 0)"},{"time":0,"name":"Sound3","string":"setHitSound(se_battle_swordslash_heavy)"},{"time":0,"name":"Voice","string":"cri_277_voice_skill_all"},{"time":0.5666,"name":"Sound1","string":"cri_se_battle_skill_shot"},{"time":0.5666,"name":"Sound2","string":"cri_se_battle_037_explosion_element_05"},{"time":0.6,"name":"Event","string":"kHitStopType_normal"},{"time":0.6333,"name":"Event","string":"setHitBackEnemy(15,0)"},{"time":0.6666,"name":"Event","string":"setHitStopTime(0.025,0.35)"},{"time":0.7666,"name":"Hit","string":"resetHitList"},{"time":0.8333,"name":"Hit","string":"resetHitList"},{"time":0.9,"name":"Hit","string":"resetHitList"},{"time":1.1,"name":"Sound1","string":"cri_se_battle_skill_shot"},{"time":1.1,"name":"Sound2","string":"cri_se_battle_037_explosion_element_05"},{"time":1.1666,"name":"Hit","string":"resetHitList"},{"time":1.2333,"name":"Hit","string":"resetHitList"},{"time":1.3,"name":"Hit","string":"resetHitList"},{"time":1.3666,"name":"Hit","string":"resetHitList"}]},"skill2":{"slots":{"DAMAGEAREA":{"attachment":[{"time":1.0666,"name":"DAMAGEAREA"},{"time":1.1333,"name":null},{"time":1.9,"name":"DAMAGEAREA"},{"time":1.9666,"name":null},{"time":3.0666,"name":"DAMAGEAREA"},{"time":3.1333,"name":null}]},"EF_slash4_1":{"attachment":[{"time":2.9333,"name":"EF/ef_slash_BB_main/ef_slash_BB_main_00001"},{"time":2.9666,"name":"EF/ef_slash_BB_main/ef_slash_BB_main_00002"},{"time":3,"name":"EF/ef_slash_BB_main/ef_slash_BB_main_00003"},{"time":3.0333,"name":"EF/ef_slash_BB_main/ef_slash_BB_main_00004"},{"time":3.0666,"name":"EF/ef_slash_BB_main/ef_slash_BB_main_00005"},{"time":3.1,"name":"EF/ef_slash_BB_main/ef_slash_BB_main_00006"},{"time":3.1333,"name":"EF/ef_slash_BB_main/ef_slash_BB_main_00007"},{"time":3.1666,"name":"EF/ef_slash_BB_main/ef_slash_BB_main_00008"},{"time":3.2,"name":"EF/ef_slash_BB_main/ef_slash_BB_main_00009"},{"time":3.2333,"name":"EF/ef_slash_BB_main/ef_slash_BB_main_00010"},{"time":3.2666,"name":null}]},"EF_slash5_1":{"attachment":[{"time":0.9333,"name":"EF/ef_slash_B_main/ef_slash_B_main_00001"},{"time":0.9666,"name":"EF/ef_slash_B_main/ef_slash_B_main_00002"},{"time":1,"name":"EF/ef_slash_B_main/ef_slash_B_main_00003"},{"time":1.0333,"name":"EF/ef_slash_B_main/ef_slash_B_main_00004"},{"time":1.0666,"name":"EF/ef_slash_B_main/ef_slash_B_main_00005"},{"time":1.1,"name":"EF/ef_slash_B_main/ef_slash_B_main_00006"},{"time":1.1333,"name":"EF/ef_slash_B_main/ef_slash_B_main_00007"},{"time":1.1666,"name":"EF/ef_slash_B_main/ef_slash_B_main_00008"},{"time":1.2,"name":"EF/ef_slash_B_main/ef_slash_B_main_00009"},{"time":1.2333,"name":"EF/ef_slash_B_main/ef_slash_B_main_00010"},{"time":1.2666,"name":null},{"time":1.7666,"name":"EF/ef_slash_B_main/ef_slash_B_main_00001"},{"time":1.8,"name":"EF/ef_slash_B_main/ef_slash_B_main_00002"},{"time":1.8333,"name":"EF/ef_slash_B_main/ef_slash_B_main_00003"},{"time":1.8666,"name":"EF/ef_slash_B_main/ef_slash_B_main_00004"},{"time":1.9,"name":"EF/ef_slash_B_main/ef_slash_B_main_00005"},{"time":1.9333,"name":"EF/ef_slash_B_main/ef_slash_B_main_00006"},{"time":1.9666,"name":"EF/ef_slash_B_main/ef_slash_B_main_00007"},{"time":2,"name":"EF/ef_slash_B_main/ef_slash_B_main_00008"},{"time":2.0333,"name":"EF/ef_slash_B_main/ef_slash_B_main_00009"},{"time":2.0666,"name":"EF/ef_slash_B_main/ef_slash_B_main_00010"},{"time":2.1,"name":null}]},"MAIN":{"attachment":[{"time":0,"name":"back_00"},{"time":0.7,"name":"skill2_00"},{"time":0.7666,"name":"skill2_01"},{"time":0.9666,"name":"skill2_02"},{"time":1.0666,"name":"skill2_03"},{"time":1.4666,"name":"skill1_00"},{"time":1.5,"name":"skill1_01"},{"time":1.5333,"name":"skill1_02"},{"time":1.5666,"name":"skill1_03"},{"time":1.7,"name":"skill1_04"},{"time":1.7666,"name":"skill1_05"},{"time":1.8333,"name":"skill1_06"},{"time":1.9,"name":"skill1_07a"},{"time":1.9666,"name":"skill1_07b"},{"time":2.0333,"name":"skill1_07a"},{"time":2.5,"name":"skill2_09"},{"time":2.6,"name":"skill2_00"},{"time":2.6666,"name":"skill2_01"},{"time":2.9333,"name":"skill2_00"},{"time":3,"name":"skill2_12"},{"time":3.2,"name":"skill2_13a"},{"time":3.2666,"name":"skill2_13b"},{"time":3.3333,"name":"skill2_13a"},{"time":3.4,"name":"skill2_13b"},{"time":3.4666,"name":"skill2_13a"},{"time":3.5333,"name":"skill2_13b"},{"time":3.6333,"name":"skill2_13a"},{"time":3.7333,"name":"skill2_13b"},{"time":3.8333,"name":"skill2_13a"},{"time":3.9333,"name":"skill2_13b"},{"time":4.1,"name":"back_00"},{"time":4.5333,"name":"idle_02"},{"time":4.6666,"name":"idle_03"},{"time":4.8333,"name":"idle_00"}],"color":[{"time":0.0333,"color":"ffffffff"},{"time":0.2,"color":"ffffff00","curve":"stepped"},{"time":0.6666,"color":"ffffff00"},{"time":0.8,"color":"ffffffff","curve":"stepped"},{"time":1.1666,"color":"ffffffff"},{"time":1.2666,"color":"ffffff00","curve":"stepped"},{"time":1.4666,"color":"ffffff00"},{"time":1.6,"color":"ffffffff","curve":"stepped"},{"time":2.1,"color":"ffffffff"},{"time":2.2,"color":"ffffff00","curve":"stepped"},{"time":2.5,"color":"ffffff00"},{"time":2.6,"color":"ffffffff","curve":"stepped"},{"time":2.9333,"color":"ffffffff"},{"time":2.9666,"color":"ffffff00","curve":"stepped"},{"time":3,"color":"ffffffff","curve":"stepped"},{"time":4.1333,"color":"ffffffff"},{"time":4.2333,"color":"ffffff00","curve":"stepped"},{"time":4.3666,"color":"ffffff00"},{"time":4.5333,"color":"ffffffff"}]}},"bones":{"MAIN":{"rotate":[{"time":0,"angle":0},{"time":0.2,"angle":-4.16,"curve":"stepped"},{"time":0.6666,"angle":0,"curve":"stepped"},{"time":2.6333,"angle":0,"curve":[0.104,0.5,0.75,1]},{"time":2.8666,"angle":-4.37,"curve":"stepped"},{"time":2.9333,"angle":31.38},{"time":2.9666,"angle":47.82,"curve":"stepped"},{"time":3,"angle":0}],"translate":[{"time":0,"x":0,"y":0},{"time":0.2,"x":120,"y":30,"curve":"stepped"},{"time":0.6666,"x":-140,"y":90},{"time":0.8,"x":-140,"y":100,"curve":"stepped"},{"time":0.9666,"x":-140,"y":100},{"time":1.0333,"x":-131.2,"y":93.4,"curve":[0.123,0.49,0.75,1]},{"time":1.1333,"x":-140,"y":100,"curve":"stepped"},{"time":1.4666,"x":170,"y":0,"curve":"stepped"},{"time":1.8333,"x":170,"y":0},{"time":1.9,"x":165,"y":0,"curve":[0.126,0.38,0.75,1]},{"time":1.9666,"x":170,"y":0,"curve":"stepped"},{"time":2.5,"x":190,"y":330,"curve":[0.25,0,0.75,1]},{"time":2.8,"x":190,"y":340,"curve":"stepped"},{"time":2.9333,"x":190,"y":340},{"time":2.9666,"x":162.97,"y":313.74,"curve":"stepped"},{"time":3,"x":130,"y":0},{"time":3.0333,"x":130,"y":-10,"curve":[0.147,0.35,0.75,1]},{"time":3.1,"x":130,"y":0,"curve":"stepped"},{"time":4.1,"x":130,"y":0},{"time":4.2333,"x":230,"y":15,"curve":"stepped"},{"time":4.3666,"x":-150,"y":15},{"time":4.5333,"x":-10,"y":0,"curve":[0.117,0.48,0.75,1]},{"time":4.8333,"x":0,"y":0}],"scale":[{"time":2.6,"x":-1,"y":1,"curve":"stepped"},{"time":3,"x":1,"y":1}]},"EF_slash5_1":{"rotate":[{"time":1.7666,"angle":27.44}],"translate":[{"time":0.9333,"x":-532.83,"y":42.06,"curve":"stepped"},{"time":1.7666,"x":-250.9,"y":0.6}],"scale":[{"time":0.9333,"x":-5,"y":5,"curve":"stepped"},{"time":1.7666,"x":5,"y":-5}]},"EF_slash4_1":{"translate":[{"time":2.9333,"x":-273.3,"y":185.74}],"scale":[{"time":2.9333,"x":8,"y":8}]},"DAMAGEAREA":{"translate":[{"time":1.0666,"x":-54.96,"y":252.81}],"scale":[{"time":1.0666,"x":30.284,"y":30.284}]}},"events":[{"time":0,"name":"Sound1","string":"cri_se_battle_jump"},{"time":0,"name":"Sound3","string":"setHitSound(se_battle_swordslash_heavy)"},{"time":0,"name":"Voice","string":"cri_277_voice_fullarts_now"},{"time":0.1666,"name":"Event","string":"runScript_countAlive"},{"time":0.6,"name":"Event","string":"kHitStopType_normal"},{"time":0.6666,"name":"Event","string":"movePosition_Target(0,-100,0)"},{"time":0.7,"name":"Sound1","string":"cri_se_battle_teleport"},{"time":0.9333,"name":"Sound1","string":"cri_se_battle_skill_shot"},{"time":1,"name":"Sound1","string":"cri_se_battle_sword_srash"},{"time":1,"name":"Sound2","string":"cri_se_battle_037_explosion_element_05"},{"time":1.0666,"name":"Event","string":"setHitStopTime(0.13,0.8)"},{"time":1.0666,"name":"Event2","float":1.3,"string":"shakeGround"},{"time":1.4666,"name":"Event","string":"movePosition_Target(0.1,0,0)"},{"time":1.5,"name":"Sound1","string":"cri_se_battle_teleport"},{"time":1.7666,"name":"Sound1","string":"cri_se_battle_skill_shot"},{"time":1.8333,"name":"Sound1","string":"cri_se_battle_sword_srash"},{"time":1.8333,"name":"Sound2","string":"cri_se_battle_037_explosion_element_05"},{"time":1.9,"name":"Event","float":1.3,"string":"shakeGround"},{"time":1.9,"name":"Hit","string":"resetHitList"},{"time":2.5,"name":"Event","string":"movePosition_Target(0,200,0)"},{"time":2.5333,"name":"Sound1","string":"cri_se_battle_teleport"},{"time":2.6333,"name":"Voice","string":"cri_277_voice_fullarts_rank5"},{"time":2.9333,"name":"Sound1","string":"cri_se_battle_skill_shot"},{"time":3,"name":"Sound1","string":"cri_se_battle_sword_srash"},{"time":3,"name":"Sound2","string":"cri_se_battle_037_explosion_element_05"},{"time":3,"name":"Sound3","string":"cri_se_battle_darkness_explosion"},{"time":3.0666,"name":"Event","string":"setHitStopTime(0.3,0.5)"},{"time":3.0666,"name":"Event2","float":1.5,"string":"shakeGround"},{"time":3.0666,"name":"Hit","string":"resetHitList"},{"time":4.3666,"name":"Event","string":"movePosition_Target(0,300,0)"}]}}}