{"skeleton":{"hash":"o/y/uib+9TLjts+JXEesqSfebyo","spine":"3.0.12","width":0,"height":0},"bones":[{"name":"root"},{"name":"jet_2","parent":"root","x":-300,"y":100},{"name":"jet_1","parent":"root","x":-300,"y":100},{"name":"graund_wave_3","parent":"root","x":-400,"y":100},{"name":"graund_wave_2","parent":"root","x":-400,"y":100},{"name":"graund_wave_1","parent":"root","x":-400,"y":100},{"name":"dusty","parent":"root","x":-300,"y":200},{"name":"dash_red","parent":"root","x":-200,"y":100},{"name":"dash_jet_2","parent":"root","x":-200,"y":200,"rotation":2.35},{"name":"dash_jet_1","parent":"root","x":-200,"y":200,"rotation":2.35},{"name":"dash_aura","parent":"root","x":-100,"y":100},{"name":"cross_main_2","parent":"root","x":-500},{"name":"cross_main_1","parent":"root","x":-500},{"name":"attack2EF","parent":"root","x":-200},{"name":"attack1EF","parent":"root","x":-300},{"name":"MAIN","parent":"root","y":63.96},{"name":"HITBOX","parent":"MAIN","y":-6.31,"scaleX":0.543,"scaleY":0.895},{"name":"DAMAGEAREA","parent":"root","y":-100},{"name":"skill2EF","parent":"root","x":-400},{"name":"weapon_ROOT","parent":"root","x":-100},{"name":"weaponB_out_2","parent":"weapon_ROOT","y":150,"scaleX":2,"scaleY":2},{"name":"weaponB_out_1","parent":"weapon_ROOT","y":150,"scaleX":2,"scaleY":2},{"name":"weaponB","parent":"weapon_ROOT","y":150,"scaleX":2,"scaleY":2},{"name":"weaponA_out_2","parent":"weapon_ROOT","x":-100,"y":150,"scaleX":2,"scaleY":2},{"name":"weaponA_out_1","parent":"weapon_ROOT","x":-100,"y":150,"scaleX":2,"scaleY":2},{"name":"weaponA","parent":"weapon_ROOT","x":-100,"y":150,"scaleX":2,"scaleY":2},{"name":"white","parent":"root","x":-400,"y":200}],"slots":[{"name":"EF/allEF/ef_graund_wave_red/ef_graund_wave_red_00001","bone":"graund_wave_1","blend":"additive"},{"name":"EF/allEF/ef_graund_wave_red/ef_graund_wave_red_1","bone":"graund_wave_2","blend":"additive"},{"name":"EF/allEF/ef_graund_wave_red/ef_graund_wave_red_2","bone":"graund_wave_3","blend":"additive"},{"name":"EF/MAIN_jet_main/ef_jet_main_00001","bone":"jet_1","blend":"additive"},{"name":"EF/MAIN_jet_main/ef_jet_main_1","bone":"jet_2","blend":"additive"},{"name":"DOTEF/weaponB_01","bone":"weaponB"},{"name":"DOTEF/weaponB_07","bone":"weaponB"},{"name":"DOTEF/weaponB_06","bone":"weaponB"},{"name":"DOTEF/weaponB_05","bone":"weaponB"},{"name":"DOTEF/weaponB_04","bone":"weaponB"},{"name":"DOTEF/weaponB_03","bone":"weaponB"},{"name":"DOTEF/weaponB_02","bone":"weaponB"},{"name":"DOTEF/weaponB_00","bone":"weaponB"},{"name":"DOTEF/weaponB_0","bone":"weaponB_out_1"},{"name":"DOTEF/weaponB_15","bone":"weaponB_out_2"},{"name":"DOTEF/weaponA_01","bone":"weaponA"},{"name":"DOTEF/weaponA_07","bone":"weaponA"},{"name":"DOTEF/weaponA_06","bone":"weaponA"},{"name":"DOTEF/weaponA_05","bone":"weaponA"},{"name":"DOTEF/weaponA_04","bone":"weaponA"},{"name":"DOTEF/weaponA_03","bone":"weaponA"},{"name":"DOTEF/weaponA_02","bone":"weaponA"},{"name":"DOTEF/weaponA_00","bone":"weaponA"},{"name":"DOTEF/weaponA_0","bone":"weaponA_out_1"},{"name":"DOTEF/weaponA_15","bone":"weaponA_out_2"},{"name":"EF/ef_dash_jet_main/ef_dash_jet_main_00001","bone":"dash_jet_1","blend":"additive"},{"name":"EF/ef_dash_jet_main/ef_dash_jet_main_1","bone":"dash_jet_2","blend":"additive"},{"name":"MAIN","bone":"MAIN","attachment":"idle_00"},{"name":"DOTEF/attackEF/attack1_00","bone":"attack1EF"},{"name":"DOTEF/attackEF/attack1_04","bone":"attack2EF"},{"name":"DOTEF/attackEF/skill2EF_00","bone":"skill2EF"},{"name":"EF/allEF/dash_aura/ef_dash_aura_main_00001","bone":"dash_aura","blend":"additive"},{"name":"EF/allEF/ef_dash_red/ef_dash_red_00001","bone":"dash_red","blend":"additive"},{"name":"EF/allEF/ef_tuti_red/ef_tuti_red_00002","bone":"dusty","blend":"additive"},{"name":"EF/MAIN_cross_main/ef_cross_main_00001","bone":"cross_main_1","blend":"additive"},{"name":"EF/MAIN_cross_main/ef_cross_main_1","bone":"cross_main_2","blend":"additive"},{"name":"EF/white","bone":"white"},{"name":"DAMAGEAREA","bone":"DAMAGEAREA"},{"name":"HITBOX","bone":"HITBOX","attachment":"HITBOX"}],"skins":{"default":{"DAMAGEAREA":{"DAMAGEAREA":{"type":"boundingbox","vertices":[-100.54311,100.7727,-100.59492,-96.32135,97.45515,-96.32135,97.22713,101.10664]}},"DOTEF/attackEF/attack1_00":{"DOTEF/attackEF/attack1_00":{"x":37.18,"y":21.03,"scaleX":2,"scaleY":2,"width":256,"height":208},"DOTEF/attackEF/attack1_01":{"x":37.18,"y":21.03,"scaleX":2,"scaleY":2,"width":256,"height":208},"DOTEF/attackEF/attack1_02":{"x":37.18,"y":21.03,"scaleX":2,"scaleY":2,"width":256,"height":208},"DOTEF/attackEF/attack1_03":{"x":37.18,"y":21.03,"scaleX":2,"scaleY":2,"width":256,"height":208}},"DOTEF/attackEF/attack1_04":{"DOTEF/attackEF/attack1_04":{"x":187.95,"y":123.52,"scaleX":2,"scaleY":2,"width":256,"height":208},"DOTEF/attackEF/attack1_05":{"x":187.95,"y":123.52,"scaleX":2,"scaleY":2,"width":256,"height":208}},"DOTEF/attackEF/skill2EF_00":{"DOTEF/attackEF/skill2EF_00":{"y":2.07,"scaleX":2,"scaleY":2,"width":82,"height":82},"DOTEF/attackEF/skill2EF_01":{"y":2.07,"scaleX":2,"scaleY":2,"width":82,"height":82}},"DOTEF/weaponA_0":{"DOTEF/weaponA_00":{"x":-54.53,"y":-154.79,"width":216,"height":360}},"DOTEF/weaponA_00":{"DOTEF/weaponA_00":{"x":-54.53,"y":-154.79,"width":216,"height":360}},"DOTEF/weaponA_01":{"DOTEF/weaponA_01":{"x":-54.53,"y":-154.79,"width":216,"height":360}},"DOTEF/weaponA_02":{"DOTEF/weaponA_02":{"x":-54.53,"y":-154.79,"width":216,"height":360}},"DOTEF/weaponA_03":{"DOTEF/weaponA_03":{"x":-54.53,"y":-154.79,"width":216,"height":360}},"DOTEF/weaponA_04":{"DOTEF/weaponA_04":{"x":-54.53,"y":-154.79,"width":216,"height":360}},"DOTEF/weaponA_05":{"DOTEF/weaponA_05":{"x":-54.53,"y":-154.79,"width":216,"height":360}},"DOTEF/weaponA_06":{"DOTEF/weaponA_06":{"x":-54.53,"y":-154.79,"width":216,"height":360}},"DOTEF/weaponA_07":{"DOTEF/weaponA_07":{"x":-54.53,"y":-154.79,"width":216,"height":360}},"DOTEF/weaponA_15":{"DOTEF/weaponA_00":{"x":-54.53,"y":-154.79,"width":216,"height":360}},"DOTEF/weaponB_0":{"DOTEF/weaponB_00":{"x":54.01,"y":-140.77,"width":216,"height":360}},"DOTEF/weaponB_00":{"DOTEF/weaponB_00":{"x":54.01,"y":-140.77,"width":216,"height":360}},"DOTEF/weaponB_01":{"DOTEF/weaponB_01":{"x":54.01,"y":-140.77,"width":216,"height":360}},"DOTEF/weaponB_02":{"DOTEF/weaponB_02":{"x":54.01,"y":-140.77,"width":216,"height":360}},"DOTEF/weaponB_03":{"DOTEF/weaponB_03":{"x":54.01,"y":-140.77,"width":216,"height":360}},"DOTEF/weaponB_04":{"DOTEF/weaponB_04":{"x":54.01,"y":-140.77,"width":216,"height":360}},"DOTEF/weaponB_05":{"DOTEF/weaponB_05":{"x":54.01,"y":-140.77,"width":216,"height":360}},"DOTEF/weaponB_06":{"DOTEF/weaponB_06":{"x":54.01,"y":-140.77,"width":216,"height":360}},"DOTEF/weaponB_07":{"DOTEF/weaponB_07":{"x":54.01,"y":-140.77,"width":216,"height":360}},"DOTEF/weaponB_15":{"DOTEF/weaponB_00":{"x":54.01,"y":-140.77,"width":216,"height":360}},"EF/MAIN_cross_main/ef_cross_main_00001":{"EF/MAIN_cross_main/ef_cross_main_00001":{"width":300,"height":300},"EF/MAIN_cross_main/ef_cross_main_00002":{"width":300,"height":300},"EF/MAIN_cross_main/ef_cross_main_00003":{"width":300,"height":300}},"EF/MAIN_cross_main/ef_cross_main_1":{"EF/MAIN_cross_main/ef_cross_main_00001":{"width":300,"height":300},"EF/MAIN_cross_main/ef_cross_main_00002":{"width":300,"height":300},"EF/MAIN_cross_main/ef_cross_main_00003":{"width":300,"height":300}},"EF/MAIN_jet_main/ef_jet_main_00001":{"EF/MAIN_jet_main/ef_jet_main_00001":{"x":-29.84,"y":71.03,"width":200,"height":200},"EF/MAIN_jet_main/ef_jet_main_00002":{"x":-29.84,"y":71.03,"width":200,"height":200},"EF/MAIN_jet_main/ef_jet_main_00003":{"x":-29.84,"y":71.03,"width":200,"height":200},"EF/MAIN_jet_main/ef_jet_main_00004":{"x":-29.84,"y":71.03,"width":200,"height":200},"EF/MAIN_jet_main/ef_jet_main_00005":{"x":-29.84,"y":71.03,"width":200,"height":200},"EF/MAIN_jet_main/ef_jet_main_00006":{"x":-29.84,"y":71.03,"width":200,"height":200},"EF/MAIN_jet_main/ef_jet_main_00007":{"x":-29.84,"y":71.03,"width":200,"height":200},"EF/MAIN_jet_main/ef_jet_main_00008":{"x":-29.84,"y":71.03,"width":200,"height":200},"EF/MAIN_jet_main/ef_jet_main_00009":{"x":-29.84,"y":71.03,"width":200,"height":200}},"EF/MAIN_jet_main/ef_jet_main_1":{"EF/MAIN_jet_main/ef_jet_main_00001":{"x":-29.84,"y":71.03,"width":200,"height":200},"EF/MAIN_jet_main/ef_jet_main_00002":{"x":-29.84,"y":71.03,"width":200,"height":200},"EF/MAIN_jet_main/ef_jet_main_00003":{"x":-29.84,"y":71.03,"width":200,"height":200},"EF/MAIN_jet_main/ef_jet_main_00004":{"x":-29.84,"y":71.03,"width":200,"height":200},"EF/MAIN_jet_main/ef_jet_main_00005":{"x":-29.84,"y":71.03,"width":200,"height":200},"EF/MAIN_jet_main/ef_jet_main_00006":{"x":-29.84,"y":71.03,"width":200,"height":200},"EF/MAIN_jet_main/ef_jet_main_00007":{"x":-29.84,"y":71.03,"width":200,"height":200},"EF/MAIN_jet_main/ef_jet_main_00008":{"x":-29.84,"y":71.03,"width":200,"height":200},"EF/MAIN_jet_main/ef_jet_main_00009":{"x":-29.84,"y":71.03,"width":200,"height":200}},"EF/allEF/dash_aura/ef_dash_aura_main_00001":{"EF/allEF/dash_aura/ef_dash_aura_main_00001":{"x":4.77,"width":200,"height":200},"EF/allEF/dash_aura/ef_dash_aura_main_00002":{"x":4.77,"width":200,"height":200},"EF/allEF/dash_aura/ef_dash_aura_main_00003":{"x":4.77,"width":200,"height":200},"EF/allEF/dash_aura/ef_dash_aura_main_00004":{"x":4.77,"width":200,"height":200},"EF/allEF/dash_aura/ef_dash_aura_main_00005":{"x":4.77,"width":200,"height":200},"EF/allEF/dash_aura/ef_dash_aura_main_00006":{"x":4.77,"width":200,"height":200},"EF/allEF/dash_aura/ef_dash_aura_main_00007":{"x":4.77,"width":200,"height":200},"EF/allEF/dash_aura/ef_dash_aura_main_00008":{"x":4.77,"width":200,"height":200},"EF/allEF/dash_aura/ef_dash_aura_main_00009":{"x":4.77,"width":200,"height":200},"EF/allEF/dash_aura/ef_dash_aura_main_00010":{"x":4.77,"width":200,"height":200},"EF/allEF/dash_aura/ef_dash_aura_main_00011":{"x":4.77,"width":200,"height":200}},"EF/allEF/ef_dash_red/ef_dash_red_00001":{"EF/allEF/ef_dash_red/ef_dash_red_00001":{"x":7.97,"y":42.92,"width":156,"height":152},"EF/allEF/ef_dash_red/ef_dash_red_00002":{"x":7.97,"y":42.92,"width":156,"height":152},"EF/allEF/ef_dash_red/ef_dash_red_00003":{"x":7.97,"y":42.92,"width":156,"height":152},"EF/allEF/ef_dash_red/ef_dash_red_00004":{"x":7.97,"y":42.92,"width":156,"height":152},"EF/allEF/ef_dash_red/ef_dash_red_00005":{"x":7.97,"y":42.92,"width":156,"height":152},"EF/allEF/ef_dash_red/ef_dash_red_00006":{"x":7.97,"y":42.92,"width":156,"height":152},"EF/allEF/ef_dash_red/ef_dash_red_00007":{"x":7.97,"y":42.92,"width":156,"height":152},"EF/allEF/ef_dash_red/ef_dash_red_00008":{"x":7.97,"y":42.92,"width":156,"height":152},"EF/allEF/ef_dash_red/ef_dash_red_00009":{"x":7.97,"y":42.92,"width":156,"height":152},"EF/allEF/ef_dash_red/ef_dash_red_00010":{"x":7.97,"y":42.92,"width":156,"height":152},"EF/allEF/ef_dash_red/ef_dash_red_00011":{"x":7.97,"y":42.92,"width":156,"height":152},"EF/allEF/ef_dash_red/ef_dash_red_00012":{"x":7.97,"y":42.92,"width":156,"height":152},"EF/allEF/ef_dash_red/ef_dash_red_00013":{"x":7.97,"y":42.92,"width":156,"height":152}},"EF/allEF/ef_graund_wave_red/ef_graund_wave_red_00001":{"EF/allEF/ef_graund_wave_red/ef_graund_wave_red_00002":{"x":-0.12,"y":17.67,"width":400,"height":320},"EF/allEF/ef_graund_wave_red/ef_graund_wave_red_00004":{"x":-0.12,"y":17.67,"width":400,"height":320},"EF/allEF/ef_graund_wave_red/ef_graund_wave_red_00006":{"x":-0.12,"y":17.67,"width":400,"height":320},"EF/allEF/ef_graund_wave_red/ef_graund_wave_red_00008":{"x":-0.12,"y":17.67,"width":400,"height":320},"EF/allEF/ef_graund_wave_red/ef_graund_wave_red_00010":{"x":-0.12,"y":17.67,"width":400,"height":320},"EF/allEF/ef_graund_wave_red/ef_graund_wave_red_00012":{"x":-0.12,"y":17.67,"width":400,"height":320},"EF/allEF/ef_graund_wave_red/ef_graund_wave_red_00014":{"x":-0.12,"y":17.67,"width":400,"height":320}},"EF/allEF/ef_graund_wave_red/ef_graund_wave_red_1":{"EF/allEF/ef_graund_wave_red/ef_graund_wave_red_00002":{"x":-0.12,"y":17.67,"width":400,"height":320},"EF/allEF/ef_graund_wave_red/ef_graund_wave_red_00004":{"x":-0.12,"y":17.67,"width":400,"height":320},"EF/allEF/ef_graund_wave_red/ef_graund_wave_red_00006":{"x":-0.12,"y":17.67,"width":400,"height":320},"EF/allEF/ef_graund_wave_red/ef_graund_wave_red_00008":{"x":-0.12,"y":17.67,"width":400,"height":320},"EF/allEF/ef_graund_wave_red/ef_graund_wave_red_00010":{"x":-0.12,"y":17.67,"width":400,"height":320},"EF/allEF/ef_graund_wave_red/ef_graund_wave_red_00012":{"x":-0.12,"y":17.67,"width":400,"height":320},"EF/allEF/ef_graund_wave_red/ef_graund_wave_red_00014":{"x":-0.12,"y":17.67,"width":400,"height":320}},"EF/allEF/ef_graund_wave_red/ef_graund_wave_red_2":{"EF/allEF/ef_graund_wave_red/ef_graund_wave_red_00002":{"x":-0.12,"y":17.67,"width":400,"height":320},"EF/allEF/ef_graund_wave_red/ef_graund_wave_red_00004":{"x":-0.12,"y":17.67,"width":400,"height":320},"EF/allEF/ef_graund_wave_red/ef_graund_wave_red_00006":{"x":-0.12,"y":17.67,"width":400,"height":320},"EF/allEF/ef_graund_wave_red/ef_graund_wave_red_00008":{"x":-0.12,"y":17.67,"width":400,"height":320},"EF/allEF/ef_graund_wave_red/ef_graund_wave_red_00010":{"x":-0.12,"y":17.67,"width":400,"height":320},"EF/allEF/ef_graund_wave_red/ef_graund_wave_red_00012":{"x":-0.12,"y":17.67,"width":400,"height":320},"EF/allEF/ef_graund_wave_red/ef_graund_wave_red_00014":{"x":-0.12,"y":17.67,"width":400,"height":320}},"EF/allEF/ef_tuti_red/ef_tuti_red_00002":{"EF/allEF/ef_tuti_red/ef_tuti_red_00003":{"x":-2.55,"y":12.82,"width":300,"height":180},"EF/allEF/ef_tuti_red/ef_tuti_red_00005":{"x":-2.55,"y":12.82,"width":300,"height":180},"EF/allEF/ef_tuti_red/ef_tuti_red_00007":{"x":-2.55,"y":12.82,"width":300,"height":180},"EF/allEF/ef_tuti_red/ef_tuti_red_00009":{"x":-2.55,"y":12.82,"width":300,"height":180},"EF/allEF/ef_tuti_red/ef_tuti_red_00011":{"x":-2.55,"y":12.82,"width":300,"height":180},"EF/allEF/ef_tuti_red/ef_tuti_red_00013":{"x":-2.55,"y":12.82,"width":300,"height":180},"EF/allEF/ef_tuti_red/ef_tuti_red_00015":{"x":-2.55,"y":12.82,"width":300,"height":180},"EF/allEF/ef_tuti_red/ef_tuti_red_00017":{"x":-2.55,"y":12.82,"width":300,"height":180}},"EF/ef_dash_jet_main/ef_dash_jet_main_00001":{"EF/ef_dash_jet_main/ef_dash_jet_main_00001":{"x":18.37,"y":-13.75,"rotation":-49.79,"width":200,"height":200},"EF/ef_dash_jet_main/ef_dash_jet_main_00002":{"x":18.37,"y":-13.75,"rotation":-49.79,"width":200,"height":200},"EF/ef_dash_jet_main/ef_dash_jet_main_00003":{"x":18.37,"y":-13.75,"rotation":-49.79,"width":200,"height":200},"EF/ef_dash_jet_main/ef_dash_jet_main_00004":{"x":18.37,"y":-13.75,"rotation":-49.79,"width":200,"height":200},"EF/ef_dash_jet_main/ef_dash_jet_main_00005":{"x":18.37,"y":-13.75,"rotation":-49.79,"width":200,"height":200}},"EF/ef_dash_jet_main/ef_dash_jet_main_1":{"EF/ef_dash_jet_main/ef_dash_jet_main_00001":{"x":18.37,"y":-13.75,"rotation":-49.79,"width":200,"height":200},"EF/ef_dash_jet_main/ef_dash_jet_main_00002":{"x":18.37,"y":-13.75,"rotation":-49.79,"width":200,"height":200},"EF/ef_dash_jet_main/ef_dash_jet_main_00003":{"x":18.37,"y":-13.75,"rotation":-49.79,"width":200,"height":200},"EF/ef_dash_jet_main/ef_dash_jet_main_00004":{"x":18.37,"y":-13.75,"rotation":-49.79,"width":200,"height":200},"EF/ef_dash_jet_main/ef_dash_jet_main_00005":{"x":18.37,"y":-13.75,"rotation":-49.79,"width":200,"height":200}},"EF/white":{"EF/white":{"width":64,"height":64}},"HITBOX":{"HITBOX":{"type":"boundingbox","vertices":[-64.42317,63.94291,-63.04518,-63.66892,64.74164,-63.64191,63.95164,63.94291]}},"MAIN":{"attack1_00":{"x":12.62,"y":18.36,"scaleX":2,"scaleY":2,"width":300,"height":300},"attack1_01":{"x":12.62,"y":18.36,"scaleX":2,"scaleY":2,"width":300,"height":300},"attack1_02":{"x":12.62,"y":18.36,"scaleX":2,"scaleY":2,"width":300,"height":300},"attack1_03":{"x":12.62,"y":18.36,"scaleX":2,"scaleY":2,"width":300,"height":300},"attack1_04":{"x":12.62,"y":18.36,"scaleX":2,"scaleY":2,"width":300,"height":300},"attack1_05":{"x":12.62,"y":18.36,"scaleX":2,"scaleY":2,"width":300,"height":300},"attack1_06":{"x":12.62,"y":18.36,"scaleX":2,"scaleY":2,"width":300,"height":300},"attack1_07":{"x":12.62,"y":18.36,"scaleX":2,"scaleY":2,"width":300,"height":300},"attack1_08":{"x":12.62,"y":18.36,"scaleX":2,"scaleY":2,"width":300,"height":300},"attack1_09":{"x":12.62,"y":18.36,"scaleX":2,"scaleY":2,"width":300,"height":300},"attack1_10":{"x":12.62,"y":18.36,"scaleX":2,"scaleY":2,"width":300,"height":300},"attack1_11":{"x":12.62,"y":18.37,"scaleX":2,"scaleY":2,"width":300,"height":300},"back_00":{"x":12.62,"y":18.36,"scaleX":2,"scaleY":2,"width":300,"height":300},"back_01":{"x":12.62,"y":18.36,"scaleX":2,"scaleY":2,"width":300,"height":300},"damage_00":{"x":12.62,"y":18.36,"scaleX":2,"scaleY":2,"width":300,"height":300},"front_00":{"x":12.62,"y":18.36,"scaleX":2,"scaleY":2,"width":300,"height":300},"idle_00":{"x":12.62,"y":18.36,"scaleX":2,"scaleY":2,"width":300,"height":300},"idle_01":{"x":12.62,"y":18.36,"scaleX":2,"scaleY":2,"width":300,"height":300},"idle_02":{"x":12.62,"y":18.36,"scaleX":2,"scaleY":2,"width":300,"height":300},"idle_03":{"x":12.62,"y":18.36,"scaleX":2,"scaleY":2,"width":300,"height":300},"idle_04":{"x":12.62,"y":18.36,"scaleX":2,"scaleY":2,"width":300,"height":300},"skill1_00":{"x":12.62,"y":18.36,"scaleX":2,"scaleY":2,"width":300,"height":300},"skill1_01":{"x":12.62,"y":18.36,"scaleX":2,"scaleY":2,"width":300,"height":300},"skill1_02":{"x":12.62,"y":18.36,"scaleX":2,"scaleY":2,"width":300,"height":300},"skill1_03":{"x":12.62,"y":18.36,"scaleX":2,"scaleY":2,"width":300,"height":300},"skill1_04":{"x":12.62,"y":18.36,"scaleX":2,"scaleY":2,"width":300,"height":300},"skill1_05":{"x":12.62,"y":18.36,"scaleX":2,"scaleY":2,"width":300,"height":300},"skill1_06":{"x":12.62,"y":18.36,"scaleX":2,"scaleY":2,"width":300,"height":300},"skill1_07":{"x":12.62,"y":18.36,"scaleX":2,"scaleY":2,"width":300,"height":300},"skill1_08":{"x":12.62,"y":18.36,"scaleX":2,"scaleY":2,"width":300,"height":300},"skill1_09":{"x":12.62,"y":18.36,"scaleX":2,"scaleY":2,"width":300,"height":300},"skill1_10":{"x":12.62,"y":18.36,"scaleX":2,"scaleY":2,"width":300,"height":300},"skill1_11":{"x":12.62,"y":18.36,"scaleX":2,"scaleY":2,"width":300,"height":300},"skill1_12":{"x":12.62,"y":18.36,"scaleX":2,"scaleY":2,"width":300,"height":300},"skill1_13":{"x":12.62,"y":18.36,"scaleX":2,"scaleY":2,"width":300,"height":300},"skill1_14":{"x":12.62,"y":18.36,"scaleX":2,"scaleY":2,"width":300,"height":300},"skill2_00":{"x":12.62,"y":18.36,"scaleX":2,"scaleY":2,"width":300,"height":300},"skill2_01":{"x":12.62,"y":18.36,"scaleX":2,"scaleY":2,"width":300,"height":300},"skill2_02":{"x":12.62,"y":18.36,"scaleX":2,"scaleY":2,"width":300,"height":300},"skill2_03":{"x":12.62,"y":18.36,"scaleX":2,"scaleY":2,"width":300,"height":300},"skill2_04":{"x":12.62,"y":18.36,"scaleX":2,"scaleY":2,"width":300,"height":300},"skill2_05":{"x":12.62,"y":18.36,"scaleX":2,"scaleY":2,"width":300,"height":300},"skill2_06":{"x":12.62,"y":18.36,"scaleX":2,"scaleY":2,"width":300,"height":300},"skill2_07":{"x":12.62,"y":18.36,"scaleX":2,"scaleY":2,"width":300,"height":300},"skill2_08":{"x":12.62,"y":18.36,"scaleX":2,"scaleY":2,"width":300,"height":300},"skill2_09":{"x":12.62,"y":18.36,"scaleX":2,"scaleY":2,"width":300,"height":300},"skill2_10":{"x":12.62,"y":18.36,"scaleX":2,"scaleY":2,"width":300,"height":300},"skill2_11":{"x":12.62,"y":18.36,"scaleX":2,"scaleY":2,"width":300,"height":300},"skill2_12":{"x":12.62,"y":18.36,"scaleX":2,"scaleY":2,"width":300,"height":300},"skill3_00":{"x":12.62,"y":18.36,"scaleX":2,"scaleY":2,"width":300,"height":300},"skill3_01":{"x":12.62,"y":18.36,"scaleX":2,"scaleY":2,"width":300,"height":300},"skill3_02":{"x":12.62,"y":18.36,"scaleX":2,"scaleY":2,"width":300,"height":300},"skill3_03":{"x":12.62,"y":18.36,"scaleX":2,"scaleY":2,"width":300,"height":300},"skill3_04":{"x":12.62,"y":18.36,"scaleX":2,"scaleY":2,"width":300,"height":300},"skill3_05":{"x":12.62,"y":18.36,"scaleX":2,"scaleY":2,"width":300,"height":300},"skill3_06":{"x":12.62,"y":18.36,"scaleX":2,"scaleY":2,"width":300,"height":300},"skill3_07":{"x":12.62,"y":18.36,"scaleX":2,"scaleY":2,"width":300,"height":300},"skill3_08":{"x":12.62,"y":18.36,"scaleX":2,"scaleY":2,"width":300,"height":300},"skill3_09":{"x":12.62,"y":18.36,"scaleX":2,"scaleY":2,"width":300,"height":300},"skill3_10":{"x":12.62,"y":18.36,"scaleX":2,"scaleY":2,"width":300,"height":300},"skill3_11":{"x":12.62,"y":18.36,"scaleX":2,"scaleY":2,"width":300,"height":300},"skill3_12":{"x":12.62,"y":18.36,"scaleX":2,"scaleY":2,"width":300,"height":300},"skill3_13":{"x":12.62,"y":18.36,"scaleX":2,"scaleY":2,"width":300,"height":300},"skill3_14":{"x":12.62,"y":18.36,"scaleX":2,"scaleY":2,"width":300,"height":300},"skill3_15":{"x":12.62,"y":18.36,"scaleX":2,"scaleY":2,"width":300,"height":300},"skill3_16":{"x":12.62,"y":18.36,"scaleX":2,"scaleY":2,"width":300,"height":300},"skill3_17":{"x":12.62,"y":18.36,"scaleX":2,"scaleY":2,"width":300,"height":300},"skill3_18":{"x":12.62,"y":18.36,"scaleX":2,"scaleY":2,"width":300,"height":300},"skill3_19":{"x":12.62,"y":18.36,"scaleX":2,"scaleY":2,"width":300,"height":300},"skill3_20":{"x":12.62,"y":18.36,"scaleX":2,"scaleY":2,"width":300,"height":300},"skill3_21":{"x":12.62,"y":18.36,"scaleX":2,"scaleY":2,"width":300,"height":300},"skill3_22":{"x":12.62,"y":18.36,"scaleX":2,"scaleY":2,"width":300,"height":300},"skill3_23":{"x":12.62,"y":18.36,"scaleX":2,"scaleY":2,"width":300,"height":300},"skill3_24":{"x":12.62,"y":18.36,"scaleX":2,"scaleY":2,"width":300,"height":300},"skill3_25":{"x":12.62,"y":18.36,"scaleX":2,"scaleY":2,"width":300,"height":300},"skill3_26":{"x":12.62,"y":18.36,"scaleX":2,"scaleY":2,"width":300,"height":300},"skill3_27":{"x":12.62,"y":18.36,"scaleX":2,"scaleY":2,"width":300,"height":300},"skill3_28":{"x":12.62,"y":18.36,"scaleX":2,"scaleY":2,"width":300,"height":300},"skill3_29":{"x":12.62,"y":18.36,"scaleX":2,"scaleY":2,"width":300,"height":300},"skill3_30":{"x":12.62,"y":18.36,"scaleX":2,"scaleY":2,"width":300,"height":300},"skill3_31":{"x":12.62,"y":18.36,"scaleX":2,"scaleY":2,"width":300,"height":300},"skill3_32":{"x":12.62,"y":18.36,"scaleX":2,"scaleY":2,"width":300,"height":300}}}},"events":{"Event":{},"Event2":{},"Hit":{},"Sound1":{},"Sound2":{},"Sound3":{},"Voice":{}},"animations":{"attack1":{"slots":{"DAMAGEAREA":{"attachment":[{"time":0.1333,"name":"DAMAGEAREA"},{"time":0.2666,"name":null},{"time":0.8,"name":"DAMAGEAREA"},{"time":0.9333,"name":null}]},"DOTEF/attackEF/attack1_00":{"attachment":[{"time":0.1333,"name":"DOTEF/attackEF/attack1_00"},{"time":0.2,"name":"DOTEF/attackEF/attack1_01"},{"time":0.2666,"name":null},{"time":0.4333,"name":"DOTEF/attackEF/attack1_02"},{"time":0.5,"name":"DOTEF/attackEF/attack1_03"},{"time":0.5666,"name":null}]},"DOTEF/attackEF/attack1_04":{"attachment":[{"time":0.8,"name":"DOTEF/attackEF/attack1_04"},{"time":0.8666,"name":"DOTEF/attackEF/attack1_05"},{"time":0.9333,"name":null}]},"MAIN":{"attachment":[{"time":0,"name":"attack1_00"},{"time":0.0666,"name":"attack1_01"},{"time":0.1333,"name":"attack1_02"},{"time":0.2,"name":"attack1_03"},{"time":0.2666,"name":"attack1_04"},{"time":0.4333,"name":"attack1_05"},{"time":0.5,"name":"attack1_06"},{"time":0.5666,"name":"attack1_07"},{"time":0.6333,"name":"attack1_08"},{"time":0.7,"name":"attack1_05"},{"time":0.8,"name":"attack1_09"},{"time":0.8666,"name":"attack1_10"},{"time":1.1666,"name":"attack1_11"},{"time":1.2666,"name":"idle_00"},{"time":1.3333,"name":"idle_00"}]}},"bones":{"MAIN":{"translate":[{"time":0.1333,"x":-17.26,"y":0,"curve":"stepped"},{"time":0.8,"x":-27.61,"y":0,"curve":"stepped"},{"time":1.1666,"x":0,"y":0}]},"attack2EF":{"translate":[{"time":0.8,"x":-25.67,"y":-20.99}]},"attack1EF":{"translate":[{"time":0.1333,"x":235.78,"y":83.97}]},"DAMAGEAREA":{"translate":[{"time":0.1333,"x":-106.98,"y":139.88,"curve":"stepped"},{"time":0.8,"x":-113.85,"y":153.17}],"scale":[{"time":0.1333,"x":1.099,"y":0.423,"curve":"stepped"},{"time":0.8,"x":1.196,"y":0.57}]}},"drawOrder":[{"time":0.5,"offsets":[{"slot":"MAIN","offset":1}]}],"events":[{"time":0,"name":"Event","float":0.1,"string":"kHitStopType_normal"},{"time":0.1,"name":"Sound1","string":"cri_se_battle_sword_swish_heavy"},{"time":0.1,"name":"Sound2","string":"setHitSound(se_battle_019_sword_hit_03)"},{"time":0.1,"name":"Voice","string":"cri_222_voice_attack_a"},{"time":0.7666,"name":"Sound1","string":"cri_se_battle_sword_swish_heavy"},{"time":0.7666,"name":"Voice","string":"cri_222_voice_attack_b"},{"time":0.8,"name":"Hit","string":"resetHitList"}]},"back":{"slots":{"MAIN":{"attachment":[{"time":0,"name":"back_00"},{"time":0.2333,"name":"back_01"},{"time":0.4666,"name":"idle_00"},{"time":0.5666,"name":"idle_02"},{"time":0.6666,"name":"idle_00"}]}},"bones":{"MAIN":{"translate":[{"time":0,"x":0,"y":0},{"time":0.1333,"x":74.28,"y":18.92},{"time":0.2333,"x":130,"y":0,"curve":[0.07,0.48,0.559,1]},{"time":0.5,"x":140,"y":0}]}},"events":[{"time":0,"name":"Sound1","string":"cri_se_battle_jump"},{"time":0.2333,"name":"Sound1","string":"cri_se_battle_landing"}]},"cast":{"slots":{"DOTEF/attackEF/attack1_00":{"attachment":[{"time":0.5,"name":"DOTEF/attackEF/attack1_00"},{"time":0.5666,"name":"DOTEF/attackEF/attack1_01"},{"time":0.6,"name":null}]},"MAIN":{"attachment":[{"time":0,"name":"attack1_00"},{"time":0.1333,"name":"attack1_01"},{"time":0.5,"name":"attack1_02"},{"time":0.5666,"name":"attack1_03"},{"time":0.6,"name":"attack1_04"},{"time":0.8333,"name":"idle_00"}]}},"bones":{"attack1EF":{"translate":[{"time":0.5,"x":253.04,"y":83.97}]}},"drawOrder":[{"time":0.5,"offsets":[{"slot":"MAIN","offset":1}]}],"events":[{"time":0.5,"name":"Voice","string":"cri_222_voice_item"}]},"damage":{"slots":{"MAIN":{"attachment":[{"time":0,"name":"damage_00"}]}}},"front":{"slots":{"MAIN":{"attachment":[{"time":0,"name":"front_00"}]}}},"idle":{"slots":{"MAIN":{"attachment":[{"time":0,"name":"idle_00"},{"time":0.2,"name":"idle_01"},{"time":0.4,"name":"idle_02"},{"time":0.6,"name":"idle_03"},{"time":0.8,"name":"idle_04"},{"time":1,"name":"idle_00"}]}}},"in":{"slots":{"MAIN":{"attachment":[{"time":0,"name":"front_00"},{"time":0.2666,"name":"skill2_00"},{"time":0.3666,"name":"skill2_01"},{"time":0.4666,"name":"skill2_00"},{"time":0.5333,"name":"idle_00"},{"time":0.6666,"name":"idle_02"}],"color":[{"time":0,"color":"ffffff00"},{"time":0.2666,"color":"ffffffff"}]}},"bones":{"MAIN":{"translate":[{"time":0,"x":192.22,"y":0,"curve":[0.062,0.51,0.7,1]},{"time":0.2666,"x":0,"y":0,"curve":"stepped"},{"time":0.8333,"x":0,"y":0}]}},"events":[{"time":0.2666,"name":"Sound1","string":"cri_se_battle_sword_swish_heavy"},{"time":0.4333,"name":"Sound1","string":"cri_se_battle_sword_swish_heavy"}]},"skill1":{"slots":{"DAMAGEAREA":{"attachment":[{"time":0.0666,"name":"DAMAGEAREA"},{"time":1.1,"name":null}]},"EF/allEF/ef_dash_red/ef_dash_red_00001":{"attachment":[{"time":0.0333,"name":"EF/allEF/ef_dash_red/ef_dash_red_00001"},{"time":0.0666,"name":"EF/allEF/ef_dash_red/ef_dash_red_00002"},{"time":0.1,"name":"EF/allEF/ef_dash_red/ef_dash_red_00003"},{"time":0.1333,"name":"EF/allEF/ef_dash_red/ef_dash_red_00004"},{"time":0.1666,"name":"EF/allEF/ef_dash_red/ef_dash_red_00005"},{"time":0.2,"name":"EF/allEF/ef_dash_red/ef_dash_red_00006"},{"time":0.2333,"name":"EF/allEF/ef_dash_red/ef_dash_red_00007"},{"time":0.2666,"name":"EF/allEF/ef_dash_red/ef_dash_red_00008"},{"time":0.3,"name":"EF/allEF/ef_dash_red/ef_dash_red_00009"},{"time":0.3333,"name":"EF/allEF/ef_dash_red/ef_dash_red_00010"},{"time":0.3666,"name":"EF/allEF/ef_dash_red/ef_dash_red_00011"},{"time":0.4,"name":"EF/allEF/ef_dash_red/ef_dash_red_00012"},{"time":0.4333,"name":"EF/allEF/ef_dash_red/ef_dash_red_00013"},{"time":0.4666,"name":null}]},"EF/allEF/ef_tuti_red/ef_tuti_red_00002":{"attachment":[{"time":0.0333,"name":"EF/allEF/ef_tuti_red/ef_tuti_red_00003"},{"time":0.0666,"name":"EF/allEF/ef_tuti_red/ef_tuti_red_00005"},{"time":0.1,"name":"EF/allEF/ef_tuti_red/ef_tuti_red_00007"},{"time":0.1333,"name":"EF/allEF/ef_tuti_red/ef_tuti_red_00009"},{"time":0.1666,"name":"EF/allEF/ef_tuti_red/ef_tuti_red_00011"},{"time":0.2,"name":"EF/allEF/ef_tuti_red/ef_tuti_red_00013"},{"time":0.2333,"name":"EF/allEF/ef_tuti_red/ef_tuti_red_00015"},{"time":0.2666,"name":"EF/allEF/ef_tuti_red/ef_tuti_red_00017"},{"time":0.3,"name":null},{"time":1.1,"name":"EF/allEF/ef_tuti_red/ef_tuti_red_00003"},{"time":1.1333,"name":"EF/allEF/ef_tuti_red/ef_tuti_red_00005"},{"time":1.1666,"name":"EF/allEF/ef_tuti_red/ef_tuti_red_00007"},{"time":1.2,"name":"EF/allEF/ef_tuti_red/ef_tuti_red_00009"},{"time":1.2333,"name":"EF/allEF/ef_tuti_red/ef_tuti_red_00011"},{"time":1.2666,"name":"EF/allEF/ef_tuti_red/ef_tuti_red_00013"},{"time":1.3,"name":"EF/allEF/ef_tuti_red/ef_tuti_red_00015"},{"time":1.3333,"name":"EF/allEF/ef_tuti_red/ef_tuti_red_00017"},{"time":1.3666,"name":null}]},"EF/ef_dash_jet_main/ef_dash_jet_main_00001":{"attachment":[{"time":0.0333,"name":"EF/ef_dash_jet_main/ef_dash_jet_main_00001"},{"time":0.0666,"name":"EF/ef_dash_jet_main/ef_dash_jet_main_00002"},{"time":0.1,"name":"EF/ef_dash_jet_main/ef_dash_jet_main_00003"},{"time":0.1666,"name":"EF/ef_dash_jet_main/ef_dash_jet_main_00004"},{"time":0.2,"name":"EF/ef_dash_jet_main/ef_dash_jet_main_00005"},{"time":0.2333,"name":"EF/ef_dash_jet_main/ef_dash_jet_main_00003"},{"time":0.2666,"name":"EF/ef_dash_jet_main/ef_dash_jet_main_00004"},{"time":0.3,"name":"EF/ef_dash_jet_main/ef_dash_jet_main_00005"},{"time":0.3333,"name":null},{"time":0.4333,"name":"EF/ef_dash_jet_main/ef_dash_jet_main_00003"},{"time":0.4666,"name":"EF/ef_dash_jet_main/ef_dash_jet_main_00004"},{"time":0.5,"name":"EF/ef_dash_jet_main/ef_dash_jet_main_00005"},{"time":0.5333,"name":null},{"time":0.6333,"name":"EF/ef_dash_jet_main/ef_dash_jet_main_00003"},{"time":0.6666,"name":"EF/ef_dash_jet_main/ef_dash_jet_main_00004"},{"time":0.7,"name":"EF/ef_dash_jet_main/ef_dash_jet_main_00005"},{"time":0.7333,"name":null},{"time":0.8333,"name":"EF/ef_dash_jet_main/ef_dash_jet_main_00003"},{"time":0.8666,"name":"EF/ef_dash_jet_main/ef_dash_jet_main_00004"},{"time":0.9,"name":"EF/ef_dash_jet_main/ef_dash_jet_main_00005"},{"time":0.9333,"name":null},{"time":1.0333,"name":"EF/ef_dash_jet_main/ef_dash_jet_main_00003"},{"time":1.0666,"name":"EF/ef_dash_jet_main/ef_dash_jet_main_00004"},{"time":1.1,"name":"EF/ef_dash_jet_main/ef_dash_jet_main_00005"},{"time":1.1333,"name":null}]},"EF/ef_dash_jet_main/ef_dash_jet_main_1":{"attachment":[{"time":0.3,"name":"EF/ef_dash_jet_main/ef_dash_jet_main_00003"},{"time":0.3333,"name":"EF/ef_dash_jet_main/ef_dash_jet_main_00004"},{"time":0.4,"name":"EF/ef_dash_jet_main/ef_dash_jet_main_00005"},{"time":0.4333,"name":null},{"time":0.5,"name":"EF/ef_dash_jet_main/ef_dash_jet_main_00003"},{"time":0.5333,"name":"EF/ef_dash_jet_main/ef_dash_jet_main_00004"},{"time":0.6,"name":"EF/ef_dash_jet_main/ef_dash_jet_main_00005"},{"time":0.6333,"name":null},{"time":0.7,"name":"EF/ef_dash_jet_main/ef_dash_jet_main_00003"},{"time":0.7333,"name":"EF/ef_dash_jet_main/ef_dash_jet_main_00004"},{"time":0.8,"name":"EF/ef_dash_jet_main/ef_dash_jet_main_00005"},{"time":0.8333,"name":null},{"time":0.9,"name":"EF/ef_dash_jet_main/ef_dash_jet_main_00003"},{"time":0.9333,"name":"EF/ef_dash_jet_main/ef_dash_jet_main_00004"},{"time":1,"name":"EF/ef_dash_jet_main/ef_dash_jet_main_00005"},{"time":1.0333,"name":null}]},"MAIN":{"attachment":[{"time":0,"name":"idle_00"},{"time":0.0333,"name":"skill1_00"},{"time":0.1,"name":"skill1_01"},{"time":0.1666,"name":"skill1_02"},{"time":0.2333,"name":"skill1_03"},{"time":0.3,"name":"skill1_04"},{"time":0.3666,"name":"skill1_05"},{"time":0.4333,"name":"skill1_06"},{"time":0.5,"name":"skill1_01"},{"time":0.5666,"name":"skill1_02"},{"time":0.6333,"name":"skill1_03"},{"time":0.7,"name":"skill1_04"},{"time":0.7666,"name":"skill1_05"},{"time":0.8333,"name":"skill1_06"},{"time":0.9,"name":"skill1_07"},{"time":0.9666,"name":"skill1_08"},{"time":1.0333,"name":"skill1_09"},{"time":1.1,"name":"skill1_10"},{"time":1.1666,"name":"skill1_11"},{"time":1.2333,"name":"skill1_12"},{"time":1.3666,"name":"idle_00"},{"time":1.5,"name":"idle_03"}]}},"bones":{"MAIN":{"translate":[{"time":0,"x":-0.95,"y":0,"curve":"stepped"},{"time":0.0333,"x":-38.63,"y":0,"curve":"stepped"},{"time":0.1,"x":-197.34,"y":0,"curve":"stepped"},{"time":1.1,"x":-60.71,"y":0,"curve":[0.073,0.49,0.614,1]},{"time":1.5,"x":0,"y":0}]},"dash_jet_1":{"rotate":[{"time":0.0333,"angle":66.95,"curve":"stepped"},{"time":0.2333,"angle":164.9,"curve":"stepped"},{"time":0.4333,"angle":150.2,"curve":"stepped"},{"time":0.6333,"angle":164.9,"curve":"stepped"},{"time":0.8333,"angle":150.81,"curve":"stepped"},{"time":1.0333,"angle":-105.45}],"translate":[{"time":0.0333,"x":-25.72,"y":-96.77,"curve":"stepped"},{"time":0.2333,"x":-94.32,"y":-30.62,"curve":"stepped"},{"time":0.4333,"x":186.2,"y":-60.02,"curve":"stepped"},{"time":0.6333,"x":-65.17,"y":-68.98,"curve":"stepped"},{"time":0.8333,"x":184.97,"y":-69.82,"curve":"stepped"},{"time":1.0333,"x":9.8,"y":-124.94}],"scale":[{"time":0.0333,"x":1.66,"y":3.279,"curve":"stepped"},{"time":0.2333,"x":1.66,"y":2.818,"curve":"stepped"},{"time":0.4333,"x":1.846,"y":2.818,"curve":"stepped"},{"time":0.6333,"x":1.958,"y":3.347,"curve":"stepped"},{"time":0.8333,"x":2.322,"y":3.332,"curve":"stepped"},{"time":1.0333,"x":2.15,"y":4.718}]},"dash_jet_2":{"rotate":[{"time":0.3,"angle":-58.36,"curve":"stepped"},{"time":0.5,"angle":62.81,"curve":"stepped"},{"time":0.7,"angle":116.6,"curve":"stepped"},{"time":0.9,"angle":62.77,"curve":"stepped"},{"time":1.4,"angle":62.81}],"translate":[{"time":0.3,"x":-3.24,"y":-79.13,"curve":"stepped"},{"time":0.5,"x":38.35,"y":-119.73,"curve":"stepped"},{"time":0.7,"x":-0.2,"y":-122.77,"curve":"stepped"},{"time":0.9,"x":-79.35,"y":-130.89,"curve":"stepped"},{"time":1.4,"x":38.35,"y":-119.73}],"scale":[{"time":0.3,"x":1.852,"y":4.44,"curve":"stepped"},{"time":0.7,"x":2.298,"y":3.767,"curve":"stepped"},{"time":0.9,"x":1.822,"y":3.705,"curve":"stepped"},{"time":1.4,"x":1.852,"y":4.44}]},"dusty":{"translate":[{"time":0.0333,"x":284.08,"y":-208.66,"curve":"stepped"},{"time":1.1,"x":284.08,"y":-208.66}],"scale":[{"time":0.0333,"x":1.584,"y":1.584,"curve":"stepped"},{"time":1.1,"x":1.584,"y":1.584}]},"dash_red":{"translate":[{"time":0.0333,"x":257.68,"y":-103.07}],"scale":[{"time":0.0333,"x":1.614,"y":1.614}]},"DAMAGEAREA":{"translate":[{"time":0.0666,"x":-162.87,"y":234.51}],"scale":[{"time":0.0666,"x":2.688,"y":1.967}]}},"events":[{"time":0,"name":"Event","float":0.1,"string":"kHitStopType_enemyonly"},{"time":0,"name":"Sound2","string":"setHitSound(se_battle_019_sword_hit_03)"},{"time":0.0333,"name":"Sound1","string":"cri_se_battle_skill_shot"},{"time":0.0333,"name":"Voice","string":"cri_222_voice_skill_all"},{"time":0.0666,"name":"Event2","string":"shakeGround"},{"time":0.2333,"name":"Hit","string":"resetHitList"},{"time":0.2333,"name":"Sound1","string":"cri_se_battle_skill_shot"},{"time":0.3,"name":"Hit","string":"resetHitList"},{"time":0.4,"name":"Sound1","string":"cri_se_battle_skill_shot"},{"time":0.4333,"name":"Hit","string":"resetHitList"},{"time":0.5,"name":"Hit","string":"resetHitList"},{"time":0.6,"name":"Sound1","string":"cri_se_battle_skill_shot"},{"time":0.6333,"name":"Hit","string":"resetHitList"},{"time":0.7,"name":"Hit","string":"resetHitList"},{"time":0.8,"name":"Sound1","string":"cri_se_battle_skill_shot"},{"time":0.8333,"name":"Hit","string":"resetHitList"},{"time":0.9,"name":"Hit","string":"resetHitList"},{"time":1,"name":"Sound1","string":"cri_se_battle_skill_shot"},{"time":1.0333,"name":"Hit","string":"resetHitList"},{"time":1.1,"name":"Event2","string":"shakeGround"}]},"skill2":{"slots":{"DAMAGEAREA":{"attachment":[{"time":1.5333,"name":"DAMAGEAREA"},{"time":1.6666,"name":null},{"time":3.5666,"name":"DAMAGEAREA"},{"time":3.7666,"name":null}]},"DOTEF/attackEF/skill2EF_00":{"attachment":[{"time":0.3666,"name":"DOTEF/attackEF/skill2EF_00"},{"time":0.4333,"name":"DOTEF/attackEF/skill2EF_01"},{"time":0.5,"name":null}]},"EF/MAIN_jet_main/ef_jet_main_00001":{"attachment":[{"time":0.3,"name":"EF/MAIN_jet_main/ef_jet_main_00003"},{"time":0.3333,"name":"EF/MAIN_jet_main/ef_jet_main_00004"},{"time":0.3666,"name":"EF/MAIN_jet_main/ef_jet_main_00005"},{"time":0.4,"name":"EF/MAIN_jet_main/ef_jet_main_00003"},{"time":0.4333,"name":"EF/MAIN_jet_main/ef_jet_main_00004"},{"time":0.4666,"name":"EF/MAIN_jet_main/ef_jet_main_00005"},{"time":0.5,"name":"EF/MAIN_jet_main/ef_jet_main_00003"},{"time":0.5333,"name":"EF/MAIN_jet_main/ef_jet_main_00004"},{"time":0.5666,"name":"EF/MAIN_jet_main/ef_jet_main_00005"},{"time":0.6,"name":"EF/MAIN_jet_main/ef_jet_main_00003"},{"time":0.6333,"name":"EF/MAIN_jet_main/ef_jet_main_00004"},{"time":0.6666,"name":"EF/MAIN_jet_main/ef_jet_main_00005"},{"time":0.7,"name":"EF/MAIN_jet_main/ef_jet_main_00003"},{"time":0.7333,"name":"EF/MAIN_jet_main/ef_jet_main_00004"},{"time":0.7666,"name":"EF/MAIN_jet_main/ef_jet_main_00005"},{"time":0.8,"name":"EF/MAIN_jet_main/ef_jet_main_00003"},{"time":0.8333,"name":"EF/MAIN_jet_main/ef_jet_main_00004"},{"time":0.8666,"name":"EF/MAIN_jet_main/ef_jet_main_00005"},{"time":0.9,"name":"EF/MAIN_jet_main/ef_jet_main_00003"},{"time":0.9333,"name":"EF/MAIN_jet_main/ef_jet_main_00004"},{"time":0.9666,"name":"EF/MAIN_jet_main/ef_jet_main_00005"},{"time":1,"name":"EF/MAIN_jet_main/ef_jet_main_00003"},{"time":1.0333,"name":"EF/MAIN_jet_main/ef_jet_main_00004"},{"time":1.0666,"name":"EF/MAIN_jet_main/ef_jet_main_00005"},{"time":1.1,"name":"EF/MAIN_jet_main/ef_jet_main_00003"},{"time":1.1333,"name":"EF/MAIN_jet_main/ef_jet_main_00004"},{"time":1.1666,"name":"EF/MAIN_jet_main/ef_jet_main_00005"},{"time":1.2,"name":"EF/MAIN_jet_main/ef_jet_main_00003"},{"time":1.2333,"name":"EF/MAIN_jet_main/ef_jet_main_00004"},{"time":1.2666,"name":"EF/MAIN_jet_main/ef_jet_main_00005"},{"time":1.3,"name":"EF/MAIN_jet_main/ef_jet_main_00003"},{"time":1.3333,"name":"EF/MAIN_jet_main/ef_jet_main_00004"},{"time":1.3666,"name":"EF/MAIN_jet_main/ef_jet_main_00005"},{"time":1.4,"name":"EF/MAIN_jet_main/ef_jet_main_00003"},{"time":1.4333,"name":"EF/MAIN_jet_main/ef_jet_main_00004"},{"time":1.4666,"name":"EF/MAIN_jet_main/ef_jet_main_00005"},{"time":1.5,"name":"EF/MAIN_jet_main/ef_jet_main_00003"},{"time":1.5333,"name":"EF/MAIN_jet_main/ef_jet_main_00004"},{"time":1.5666,"name":"EF/MAIN_jet_main/ef_jet_main_00005"},{"time":1.6,"name":"EF/MAIN_jet_main/ef_jet_main_00003"},{"time":1.6333,"name":"EF/MAIN_jet_main/ef_jet_main_00004"},{"time":1.6666,"name":"EF/MAIN_jet_main/ef_jet_main_00005"},{"time":1.7,"name":"EF/MAIN_jet_main/ef_jet_main_00006"},{"time":1.7333,"name":"EF/MAIN_jet_main/ef_jet_main_00007"},{"time":1.7666,"name":"EF/MAIN_jet_main/ef_jet_main_00008"},{"time":1.8,"name":"EF/MAIN_jet_main/ef_jet_main_00009"},{"time":1.8333,"name":null}]},"EF/MAIN_jet_main/ef_jet_main_1":{"attachment":[{"time":0.3,"name":"EF/MAIN_jet_main/ef_jet_main_00003"},{"time":0.3333,"name":"EF/MAIN_jet_main/ef_jet_main_00004"},{"time":0.3666,"name":"EF/MAIN_jet_main/ef_jet_main_00005"},{"time":0.4,"name":"EF/MAIN_jet_main/ef_jet_main_00003"},{"time":0.4333,"name":"EF/MAIN_jet_main/ef_jet_main_00004"},{"time":0.4666,"name":"EF/MAIN_jet_main/ef_jet_main_00005"},{"time":0.5,"name":"EF/MAIN_jet_main/ef_jet_main_00003"},{"time":0.5333,"name":"EF/MAIN_jet_main/ef_jet_main_00004"},{"time":0.5666,"name":"EF/MAIN_jet_main/ef_jet_main_00005"},{"time":0.6,"name":"EF/MAIN_jet_main/ef_jet_main_00003"},{"time":0.6333,"name":"EF/MAIN_jet_main/ef_jet_main_00004"},{"time":0.6666,"name":"EF/MAIN_jet_main/ef_jet_main_00005"},{"time":0.7,"name":"EF/MAIN_jet_main/ef_jet_main_00003"},{"time":0.7333,"name":"EF/MAIN_jet_main/ef_jet_main_00004"},{"time":0.7666,"name":"EF/MAIN_jet_main/ef_jet_main_00005"},{"time":0.8,"name":"EF/MAIN_jet_main/ef_jet_main_00003"},{"time":0.8333,"name":"EF/MAIN_jet_main/ef_jet_main_00004"},{"time":0.8666,"name":"EF/MAIN_jet_main/ef_jet_main_00005"},{"time":0.9,"name":"EF/MAIN_jet_main/ef_jet_main_00003"},{"time":0.9333,"name":"EF/MAIN_jet_main/ef_jet_main_00004"},{"time":0.9666,"name":"EF/MAIN_jet_main/ef_jet_main_00005"},{"time":1,"name":"EF/MAIN_jet_main/ef_jet_main_00003"},{"time":1.0333,"name":"EF/MAIN_jet_main/ef_jet_main_00004"},{"time":1.0666,"name":"EF/MAIN_jet_main/ef_jet_main_00005"},{"time":1.1,"name":"EF/MAIN_jet_main/ef_jet_main_00003"},{"time":1.1333,"name":"EF/MAIN_jet_main/ef_jet_main_00004"},{"time":1.1666,"name":"EF/MAIN_jet_main/ef_jet_main_00005"},{"time":1.2,"name":"EF/MAIN_jet_main/ef_jet_main_00003"},{"time":1.2333,"name":"EF/MAIN_jet_main/ef_jet_main_00004"},{"time":1.2666,"name":"EF/MAIN_jet_main/ef_jet_main_00005"},{"time":1.3,"name":"EF/MAIN_jet_main/ef_jet_main_00003"},{"time":1.3333,"name":"EF/MAIN_jet_main/ef_jet_main_00004"},{"time":1.3666,"name":"EF/MAIN_jet_main/ef_jet_main_00005"},{"time":1.4,"name":"EF/MAIN_jet_main/ef_jet_main_00003"},{"time":1.4333,"name":"EF/MAIN_jet_main/ef_jet_main_00004"},{"time":1.4666,"name":"EF/MAIN_jet_main/ef_jet_main_00005"},{"time":1.5,"name":"EF/MAIN_jet_main/ef_jet_main_00003"},{"time":1.5333,"name":"EF/MAIN_jet_main/ef_jet_main_00004"},{"time":1.5666,"name":"EF/MAIN_jet_main/ef_jet_main_00005"},{"time":1.6,"name":"EF/MAIN_jet_main/ef_jet_main_00003"},{"time":1.6333,"name":"EF/MAIN_jet_main/ef_jet_main_00004"},{"time":1.6666,"name":"EF/MAIN_jet_main/ef_jet_main_00005"},{"time":1.7,"name":"EF/MAIN_jet_main/ef_jet_main_00006"},{"time":1.7333,"name":"EF/MAIN_jet_main/ef_jet_main_00007"},{"time":1.7666,"name":"EF/MAIN_jet_main/ef_jet_main_00008"},{"time":1.8,"name":"EF/MAIN_jet_main/ef_jet_main_00009"},{"time":1.8333,"name":null}]},"EF/allEF/dash_aura/ef_dash_aura_main_00001":{"attachment":[{"time":1.4333,"name":"EF/allEF/dash_aura/ef_dash_aura_main_00005"},{"time":1.4666,"name":null}]},"EF/allEF/ef_graund_wave_red/ef_graund_wave_red_00001":{"attachment":[{"time":0.2,"name":"EF/allEF/ef_graund_wave_red/ef_graund_wave_red_00002"},{"time":0.2333,"name":"EF/allEF/ef_graund_wave_red/ef_graund_wave_red_00004"},{"time":0.2666,"name":"EF/allEF/ef_graund_wave_red/ef_graund_wave_red_00006"},{"time":0.3,"name":"EF/allEF/ef_graund_wave_red/ef_graund_wave_red_00008"},{"time":0.3333,"name":"EF/allEF/ef_graund_wave_red/ef_graund_wave_red_00010"},{"time":0.4,"name":"EF/allEF/ef_graund_wave_red/ef_graund_wave_red_00012"},{"time":0.4666,"name":"EF/allEF/ef_graund_wave_red/ef_graund_wave_red_00014"},{"time":0.5333,"name":null},{"time":0.9666,"name":"EF/allEF/ef_graund_wave_red/ef_graund_wave_red_00002"},{"time":1,"name":"EF/allEF/ef_graund_wave_red/ef_graund_wave_red_00004"},{"time":1.0333,"name":"EF/allEF/ef_graund_wave_red/ef_graund_wave_red_00006"},{"time":1.0666,"name":"EF/allEF/ef_graund_wave_red/ef_graund_wave_red_00008"},{"time":1.1,"name":"EF/allEF/ef_graund_wave_red/ef_graund_wave_red_00010"},{"time":1.1666,"name":"EF/allEF/ef_graund_wave_red/ef_graund_wave_red_00012"},{"time":1.2333,"name":"EF/allEF/ef_graund_wave_red/ef_graund_wave_red_00014"},{"time":1.3,"name":null}]},"EF/allEF/ef_tuti_red/ef_tuti_red_00002":{"attachment":[{"time":1.5,"name":"EF/allEF/ef_tuti_red/ef_tuti_red_00003"},{"time":1.5333,"name":"EF/allEF/ef_tuti_red/ef_tuti_red_00005"},{"time":1.5666,"name":"EF/allEF/ef_tuti_red/ef_tuti_red_00007"},{"time":1.6,"name":"EF/allEF/ef_tuti_red/ef_tuti_red_00009"},{"time":1.6333,"name":"EF/allEF/ef_tuti_red/ef_tuti_red_00011"},{"time":1.7,"name":"EF/allEF/ef_tuti_red/ef_tuti_red_00013"},{"time":1.7666,"name":"EF/allEF/ef_tuti_red/ef_tuti_red_00015"},{"time":1.8333,"name":"EF/allEF/ef_tuti_red/ef_tuti_red_00017"},{"time":1.9,"name":null}]},"EF/white":{"attachment":[{"time":1.4,"name":"EF/white"},{"time":1.5333,"name":null},{"time":3.5,"name":"EF/white"}],"color":[{"time":1.4,"color":"000000ff","curve":"stepped"},{"time":1.5,"color":"ffffffff","curve":"stepped"},{"time":3.5,"color":"ff0700ff","curve":"stepped"},{"time":3.5333,"color":"ffffffff","curve":"stepped"},{"time":3.5666,"color":"ffffff00"}]},"MAIN":{"attachment":[{"time":0,"name":"skill2_00"},{"time":0.1,"name":"skill2_01"},{"time":0.2,"name":"skill2_02"},{"time":0.3,"name":"skill2_03"},{"time":0.9,"name":"skill2_04"},{"time":0.9666,"name":"skill2_05"},{"time":1.0333,"name":"skill2_06"},{"time":1.1333,"name":"skill2_07"},{"time":1.4333,"name":"skill2_08"},{"time":1.5,"name":"skill2_09"},{"time":1.5666,"name":"skill2_10"},{"time":3.7333,"name":"skill2_11"},{"time":3.8333,"name":"skill2_12"},{"time":3.9333,"name":"idle_00"},{"time":4.1333,"name":"idle_00"}]}},"bones":{"MAIN":{"translate":[{"time":0,"x":0,"y":0,"curve":"stepped"},{"time":0.9666,"x":-14.36,"y":0,"curve":"stepped"},{"time":1.0333,"x":-20.7,"y":0,"curve":[0.069,0.41,0.75,1]},{"time":1.3,"x":-3.57,"y":5.51,"curve":"stepped"},{"time":1.4333,"x":-377.22,"y":0,"curve":[0.08,0.49,0.75,1]},{"time":1.6666,"x":-430.38,"y":0}]},"skill2EF":{"translate":[{"time":0,"x":344.75,"y":140.33,"curve":"stepped"},{"time":0.3666,"x":344.75,"y":140.33}]},"jet_1":{"rotate":[{"time":0.3,"angle":-73.63,"curve":"stepped"},{"time":1.4333,"angle":-62.14}],"translate":[{"time":0.3,"x":328.33,"y":-20.31,"curve":"stepped"},{"time":0.9666,"x":244.02,"y":-31.68,"curve":"stepped"},{"time":1.0333,"x":301.22,"y":10.86,"curve":[0.231,0.29,0.75,1]},{"time":1.3,"x":318.93,"y":15.59,"curve":"stepped"},{"time":1.4333,"x":-77.5,"y":-40},{"time":1.5,"x":-93.23,"y":-3.49,"curve":[0.08,0.49,0.75,1]},{"time":1.6666,"x":-127.06,"y":-5.74}],"scale":[{"time":0.3,"x":1.116,"y":1.245,"curve":"stepped"},{"time":1.0333,"x":1.561,"y":1.561,"curve":"stepped"},{"time":1.4333,"x":1.809,"y":2.065}]},"jet_2":{"rotate":[{"time":0.3,"angle":68.16,"curve":"stepped"},{"time":0.9666,"angle":-51.48,"curve":"stepped"},{"time":1.0333,"angle":-45.5,"curve":"stepped"},{"time":1.4333,"angle":-53.11}],"translate":[{"time":0.3,"x":298.07,"y":-19.02,"curve":"stepped"},{"time":0.9666,"x":261.07,"y":-30.65,"curve":"stepped"},{"time":1.0333,"x":280.1,"y":-5.28,"curve":[0.231,0.29,0.75,1]},{"time":1.3,"x":295.95,"y":2.11,"curve":"stepped"},{"time":1.4333,"x":-78.98,"y":-41.14},{"time":1.5,"x":-114.38,"y":-4.44,"curve":[0.08,0.49,0.75,1]},{"time":1.6666,"x":-157.13,"y":-2.19}],"scale":[{"time":0.3,"x":-1.153,"y":1.556,"curve":"stepped"},{"time":0.9666,"x":1.15,"y":1.556}]},"graund_wave_1":{"translate":[{"time":0.2,"x":412.61,"y":-104.05,"curve":"stepped"},{"time":0.9666,"x":412.61,"y":-104.05}],"scale":[{"time":0.2,"x":1.53,"y":1.53,"curve":"stepped"},{"time":0.9666,"x":1.53,"y":1.53}]},"dash_aura":{"translate":[{"time":1.4333,"x":15.34,"y":-7.67}],"scale":[{"time":1.4333,"x":2.43,"y":2.43}]},"dusty":{"translate":[{"time":1.5,"x":-132.97,"y":-208.83}],"scale":[{"time":1.5,"x":1.667,"y":1.667}]},"white":{"translate":[{"time":1.4,"x":241.82,"y":61.14}],"scale":[{"time":1.4,"x":25.247,"y":25.247}]},"DAMAGEAREA":{"translate":[{"time":1.5333,"x":-241.67,"y":520.68}],"scale":[{"time":1.5333,"x":5.591,"y":5.591}]}},"events":[{"time":0,"name":"Sound1","string":"cri_se_battle_sword_swish_heavy"},{"time":0.1666,"name":"Voice","string":"cri_222_voice_fullarts_rank5"},{"time":0.2666,"name":"Sound1","string":"cri_se_battle_arrow_light_effect"},{"time":0.3,"name":"Event","string":"runSkillEffect"},{"time":0.8666,"name":"Sound1","string":"cri_se_battle_sword_swish_heavy"},{"time":0.9666,"name":"Sound1","string":"cri_se_battle_sword_swish_heavy"},{"time":1.2333,"name":"Sound2","string":"setHitSound(se_battle_sword_heavy_hit)"},{"time":1.3666,"name":"Sound1","string":"cri_se_battle_skill_shot"},{"time":1.4333,"name":"Event","string":"blackOutBack(0,3,0)"},{"time":1.4333,"name":"Event2","string":"setFixedCamera(1)"},{"time":1.4333,"name":"Sound1","string":"cri_se_battle_sword_srash_02"},{"time":1.4666,"name":"Event","float":2,"string":"kHitStopType_enemyonly"},{"time":1.4666,"name":"Event2","string":"shakeGround_Stop"},{"time":1.5,"name":"Event","string":"movePosition_Target(0.1,-250,0)"},{"time":1.5,"name":"Event2","string":"runScript-addOrbit"},{"time":1.5333,"name":"Event2","float":5,"string":"shakeGround"},{"time":2.9,"name":"Sound2","string":"setHitSound(se_battle_swordslash_heavy)"},{"time":3.1,"name":"Event","int":200,"string":"kImpactType_up"},{"time":3.4333,"name":"Sound1","string":"cri_se_battle_sword_srash"},{"time":3.5,"name":"Event","string":"blackOutBack(0,0,0)"},{"time":3.5333,"name":"Event","float":0.01,"string":"kHitStopType_enemyonly"},{"time":3.5333,"name":"Event2","float":3,"string":"shakeGround"},{"time":3.5666,"name":"Hit","string":"resetHitList"}]},"skill2-library":{"slots":{"DAMAGEAREA":{"attachment":[{"time":1.5333,"name":"DAMAGEAREA"},{"time":1.6666,"name":null},{"time":3.5666,"name":"DAMAGEAREA"},{"time":3.7666,"name":null}]},"DOTEF/attackEF/skill2EF_00":{"attachment":[{"time":0.3666,"name":"DOTEF/attackEF/skill2EF_00"},{"time":0.4333,"name":"DOTEF/attackEF/skill2EF_01"},{"time":0.5,"name":null}]},"EF/MAIN_jet_main/ef_jet_main_00001":{"attachment":[{"time":0.3,"name":"EF/MAIN_jet_main/ef_jet_main_00003"},{"time":0.3333,"name":"EF/MAIN_jet_main/ef_jet_main_00004"},{"time":0.3666,"name":"EF/MAIN_jet_main/ef_jet_main_00005"},{"time":0.4,"name":"EF/MAIN_jet_main/ef_jet_main_00003"},{"time":0.4333,"name":"EF/MAIN_jet_main/ef_jet_main_00004"},{"time":0.4666,"name":"EF/MAIN_jet_main/ef_jet_main_00005"},{"time":0.5,"name":"EF/MAIN_jet_main/ef_jet_main_00003"},{"time":0.5333,"name":"EF/MAIN_jet_main/ef_jet_main_00004"},{"time":0.5666,"name":"EF/MAIN_jet_main/ef_jet_main_00005"},{"time":0.6,"name":"EF/MAIN_jet_main/ef_jet_main_00003"},{"time":0.6333,"name":"EF/MAIN_jet_main/ef_jet_main_00004"},{"time":0.6666,"name":"EF/MAIN_jet_main/ef_jet_main_00005"},{"time":0.7,"name":"EF/MAIN_jet_main/ef_jet_main_00003"},{"time":0.7333,"name":"EF/MAIN_jet_main/ef_jet_main_00004"},{"time":0.7666,"name":"EF/MAIN_jet_main/ef_jet_main_00005"},{"time":0.8,"name":"EF/MAIN_jet_main/ef_jet_main_00003"},{"time":0.8333,"name":"EF/MAIN_jet_main/ef_jet_main_00004"},{"time":0.8666,"name":"EF/MAIN_jet_main/ef_jet_main_00005"},{"time":0.9,"name":"EF/MAIN_jet_main/ef_jet_main_00003"},{"time":0.9333,"name":"EF/MAIN_jet_main/ef_jet_main_00004"},{"time":0.9666,"name":"EF/MAIN_jet_main/ef_jet_main_00005"},{"time":1,"name":"EF/MAIN_jet_main/ef_jet_main_00003"},{"time":1.0333,"name":"EF/MAIN_jet_main/ef_jet_main_00004"},{"time":1.0666,"name":"EF/MAIN_jet_main/ef_jet_main_00005"},{"time":1.1,"name":"EF/MAIN_jet_main/ef_jet_main_00003"},{"time":1.1333,"name":"EF/MAIN_jet_main/ef_jet_main_00004"},{"time":1.1666,"name":"EF/MAIN_jet_main/ef_jet_main_00005"},{"time":1.2,"name":"EF/MAIN_jet_main/ef_jet_main_00003"},{"time":1.2333,"name":"EF/MAIN_jet_main/ef_jet_main_00004"},{"time":1.2666,"name":"EF/MAIN_jet_main/ef_jet_main_00005"},{"time":1.3,"name":"EF/MAIN_jet_main/ef_jet_main_00003"},{"time":1.3333,"name":"EF/MAIN_jet_main/ef_jet_main_00004"},{"time":1.3666,"name":"EF/MAIN_jet_main/ef_jet_main_00005"},{"time":1.4,"name":"EF/MAIN_jet_main/ef_jet_main_00003"},{"time":1.4333,"name":"EF/MAIN_jet_main/ef_jet_main_00004"},{"time":1.4666,"name":"EF/MAIN_jet_main/ef_jet_main_00005"},{"time":1.5,"name":"EF/MAIN_jet_main/ef_jet_main_00003"},{"time":1.5333,"name":"EF/MAIN_jet_main/ef_jet_main_00004"},{"time":1.5666,"name":"EF/MAIN_jet_main/ef_jet_main_00005"},{"time":1.6,"name":"EF/MAIN_jet_main/ef_jet_main_00003"},{"time":1.6333,"name":"EF/MAIN_jet_main/ef_jet_main_00004"},{"time":1.6666,"name":"EF/MAIN_jet_main/ef_jet_main_00005"},{"time":1.7,"name":"EF/MAIN_jet_main/ef_jet_main_00006"},{"time":1.7333,"name":"EF/MAIN_jet_main/ef_jet_main_00007"},{"time":1.7666,"name":"EF/MAIN_jet_main/ef_jet_main_00008"},{"time":1.8,"name":"EF/MAIN_jet_main/ef_jet_main_00009"},{"time":1.8333,"name":null}]},"EF/MAIN_jet_main/ef_jet_main_1":{"attachment":[{"time":0.3,"name":"EF/MAIN_jet_main/ef_jet_main_00003"},{"time":0.3333,"name":"EF/MAIN_jet_main/ef_jet_main_00004"},{"time":0.3666,"name":"EF/MAIN_jet_main/ef_jet_main_00005"},{"time":0.4,"name":"EF/MAIN_jet_main/ef_jet_main_00003"},{"time":0.4333,"name":"EF/MAIN_jet_main/ef_jet_main_00004"},{"time":0.4666,"name":"EF/MAIN_jet_main/ef_jet_main_00005"},{"time":0.5,"name":"EF/MAIN_jet_main/ef_jet_main_00003"},{"time":0.5333,"name":"EF/MAIN_jet_main/ef_jet_main_00004"},{"time":0.5666,"name":"EF/MAIN_jet_main/ef_jet_main_00005"},{"time":0.6,"name":"EF/MAIN_jet_main/ef_jet_main_00003"},{"time":0.6333,"name":"EF/MAIN_jet_main/ef_jet_main_00004"},{"time":0.6666,"name":"EF/MAIN_jet_main/ef_jet_main_00005"},{"time":0.7,"name":"EF/MAIN_jet_main/ef_jet_main_00003"},{"time":0.7333,"name":"EF/MAIN_jet_main/ef_jet_main_00004"},{"time":0.7666,"name":"EF/MAIN_jet_main/ef_jet_main_00005"},{"time":0.8,"name":"EF/MAIN_jet_main/ef_jet_main_00003"},{"time":0.8333,"name":"EF/MAIN_jet_main/ef_jet_main_00004"},{"time":0.8666,"name":"EF/MAIN_jet_main/ef_jet_main_00005"},{"time":0.9,"name":"EF/MAIN_jet_main/ef_jet_main_00003"},{"time":0.9333,"name":"EF/MAIN_jet_main/ef_jet_main_00004"},{"time":0.9666,"name":"EF/MAIN_jet_main/ef_jet_main_00005"},{"time":1,"name":"EF/MAIN_jet_main/ef_jet_main_00003"},{"time":1.0333,"name":"EF/MAIN_jet_main/ef_jet_main_00004"},{"time":1.0666,"name":"EF/MAIN_jet_main/ef_jet_main_00005"},{"time":1.1,"name":"EF/MAIN_jet_main/ef_jet_main_00003"},{"time":1.1333,"name":"EF/MAIN_jet_main/ef_jet_main_00004"},{"time":1.1666,"name":"EF/MAIN_jet_main/ef_jet_main_00005"},{"time":1.2,"name":"EF/MAIN_jet_main/ef_jet_main_00003"},{"time":1.2333,"name":"EF/MAIN_jet_main/ef_jet_main_00004"},{"time":1.2666,"name":"EF/MAIN_jet_main/ef_jet_main_00005"},{"time":1.3,"name":"EF/MAIN_jet_main/ef_jet_main_00003"},{"time":1.3333,"name":"EF/MAIN_jet_main/ef_jet_main_00004"},{"time":1.3666,"name":"EF/MAIN_jet_main/ef_jet_main_00005"},{"time":1.4,"name":"EF/MAIN_jet_main/ef_jet_main_00003"},{"time":1.4333,"name":"EF/MAIN_jet_main/ef_jet_main_00004"},{"time":1.4666,"name":"EF/MAIN_jet_main/ef_jet_main_00005"},{"time":1.5,"name":"EF/MAIN_jet_main/ef_jet_main_00003"},{"time":1.5333,"name":"EF/MAIN_jet_main/ef_jet_main_00004"},{"time":1.5666,"name":"EF/MAIN_jet_main/ef_jet_main_00005"},{"time":1.6,"name":"EF/MAIN_jet_main/ef_jet_main_00003"},{"time":1.6333,"name":"EF/MAIN_jet_main/ef_jet_main_00004"},{"time":1.6666,"name":"EF/MAIN_jet_main/ef_jet_main_00005"},{"time":1.7,"name":"EF/MAIN_jet_main/ef_jet_main_00006"},{"time":1.7333,"name":"EF/MAIN_jet_main/ef_jet_main_00007"},{"time":1.7666,"name":"EF/MAIN_jet_main/ef_jet_main_00008"},{"time":1.8,"name":"EF/MAIN_jet_main/ef_jet_main_00009"},{"time":1.8333,"name":null}]},"EF/allEF/dash_aura/ef_dash_aura_main_00001":{"attachment":[{"time":1.4333,"name":"EF/allEF/dash_aura/ef_dash_aura_main_00005"},{"time":1.4666,"name":null}]},"EF/allEF/ef_graund_wave_red/ef_graund_wave_red_00001":{"attachment":[{"time":0.2,"name":"EF/allEF/ef_graund_wave_red/ef_graund_wave_red_00002"},{"time":0.2333,"name":"EF/allEF/ef_graund_wave_red/ef_graund_wave_red_00004"},{"time":0.2666,"name":"EF/allEF/ef_graund_wave_red/ef_graund_wave_red_00006"},{"time":0.3,"name":"EF/allEF/ef_graund_wave_red/ef_graund_wave_red_00008"},{"time":0.3333,"name":"EF/allEF/ef_graund_wave_red/ef_graund_wave_red_00010"},{"time":0.4,"name":"EF/allEF/ef_graund_wave_red/ef_graund_wave_red_00012"},{"time":0.4666,"name":"EF/allEF/ef_graund_wave_red/ef_graund_wave_red_00014"},{"time":0.5333,"name":null},{"time":0.9666,"name":"EF/allEF/ef_graund_wave_red/ef_graund_wave_red_00002"},{"time":1,"name":"EF/allEF/ef_graund_wave_red/ef_graund_wave_red_00004"},{"time":1.0333,"name":"EF/allEF/ef_graund_wave_red/ef_graund_wave_red_00006"},{"time":1.0666,"name":"EF/allEF/ef_graund_wave_red/ef_graund_wave_red_00008"},{"time":1.1,"name":"EF/allEF/ef_graund_wave_red/ef_graund_wave_red_00010"},{"time":1.1666,"name":"EF/allEF/ef_graund_wave_red/ef_graund_wave_red_00012"},{"time":1.2333,"name":"EF/allEF/ef_graund_wave_red/ef_graund_wave_red_00014"},{"time":1.3,"name":null}]},"EF/allEF/ef_tuti_red/ef_tuti_red_00002":{"attachment":[{"time":1.5,"name":"EF/allEF/ef_tuti_red/ef_tuti_red_00003"},{"time":1.5333,"name":"EF/allEF/ef_tuti_red/ef_tuti_red_00005"},{"time":1.5666,"name":"EF/allEF/ef_tuti_red/ef_tuti_red_00007"},{"time":1.6,"name":"EF/allEF/ef_tuti_red/ef_tuti_red_00009"},{"time":1.6333,"name":"EF/allEF/ef_tuti_red/ef_tuti_red_00011"},{"time":1.7,"name":"EF/allEF/ef_tuti_red/ef_tuti_red_00013"},{"time":1.7666,"name":"EF/allEF/ef_tuti_red/ef_tuti_red_00015"},{"time":1.8333,"name":"EF/allEF/ef_tuti_red/ef_tuti_red_00017"},{"time":1.9,"name":null}]},"EF/white":{"attachment":[{"time":1.4,"name":"EF/white"},{"time":3.5,"name":"EF/white"}],"color":[{"time":1.4,"color":"000000ff","curve":"stepped"},{"time":1.5,"color":"ffffffff","curve":"stepped"},{"time":1.5666,"color":"000000ff","curve":"stepped"},{"time":3.5,"color":"ff0700ff","curve":"stepped"},{"time":3.5333,"color":"ffffffff","curve":"stepped"},{"time":3.5666,"color":"ffffff00"}]},"MAIN":{"attachment":[{"time":0,"name":"skill2_00"},{"time":0.1,"name":"skill2_01"},{"time":0.2,"name":"skill2_02"},{"time":0.3,"name":"skill2_03"},{"time":0.9,"name":"skill2_04"},{"time":0.9666,"name":"skill2_05"},{"time":1.0333,"name":"skill2_06"},{"time":1.1333,"name":"skill2_07"},{"time":1.4333,"name":"skill2_08"},{"time":1.5,"name":"skill2_09"},{"time":1.5666,"name":"skill2_10"},{"time":3.5,"name":null},{"time":3.5666,"name":"skill2_11"},{"time":3.6666,"name":"skill2_12"},{"time":3.7666,"name":"idle_00"},{"time":4.1333,"name":"idle_00"}]}},"bones":{"MAIN":{"translate":[{"time":0,"x":0,"y":0,"curve":"stepped"},{"time":0.9666,"x":-14.36,"y":0,"curve":"stepped"},{"time":1.0333,"x":-20.7,"y":0,"curve":[0.069,0.41,0.75,1]},{"time":1.3,"x":-3.57,"y":5.51,"curve":"stepped"},{"time":1.4333,"x":-377.2,"y":0,"curve":[0.08,0.49,0.75,1]},{"time":1.6666,"x":-430.38,"y":0,"curve":"stepped"},{"time":3.5,"x":0,"y":0}]},"skill2EF":{"translate":[{"time":0,"x":344.75,"y":140.33,"curve":"stepped"},{"time":0.3666,"x":344.75,"y":140.33}]},"jet_1":{"rotate":[{"time":0.3,"angle":-73.63,"curve":"stepped"},{"time":1.4333,"angle":-62.14}],"translate":[{"time":0.3,"x":328.33,"y":-20.31,"curve":"stepped"},{"time":0.9666,"x":244.02,"y":-31.68,"curve":"stepped"},{"time":1.0333,"x":301.22,"y":10.86,"curve":[0.231,0.29,0.75,1]},{"time":1.3,"x":318.93,"y":15.59,"curve":"stepped"},{"time":1.4333,"x":-77.5,"y":-40},{"time":1.5,"x":-93.23,"y":-3.49,"curve":[0.08,0.49,0.75,1]},{"time":1.6666,"x":-127.06,"y":-5.74}],"scale":[{"time":0.3,"x":1.116,"y":1.245,"curve":"stepped"},{"time":1.0333,"x":1.561,"y":1.561,"curve":"stepped"},{"time":1.4333,"x":1.809,"y":2.065}]},"jet_2":{"rotate":[{"time":0.3,"angle":68.16,"curve":"stepped"},{"time":0.9666,"angle":-51.48,"curve":"stepped"},{"time":1.0333,"angle":-45.5,"curve":"stepped"},{"time":1.4333,"angle":-53.11}],"translate":[{"time":0.3,"x":298.07,"y":-19.02,"curve":"stepped"},{"time":0.9666,"x":261.07,"y":-30.65,"curve":"stepped"},{"time":1.0333,"x":280.1,"y":-5.28,"curve":[0.231,0.29,0.75,1]},{"time":1.3,"x":295.95,"y":2.11,"curve":"stepped"},{"time":1.4333,"x":-78.98,"y":-41.14},{"time":1.5,"x":-114.38,"y":-4.44,"curve":[0.08,0.41,0.626,0.84]},{"time":1.6333,"x":-154.51,"y":-2.99,"curve":[0.392,0.64,0.739,1]},{"time":1.6666,"x":-157.13,"y":-2.19}],"scale":[{"time":0.3,"x":-1.153,"y":1.556,"curve":"stepped"},{"time":0.9666,"x":1.15,"y":1.556}]},"graund_wave_1":{"translate":[{"time":0.2,"x":412.61,"y":-104.05,"curve":"stepped"},{"time":0.9666,"x":412.61,"y":-104.05}],"scale":[{"time":0.2,"x":1.53,"y":1.53,"curve":"stepped"},{"time":0.9666,"x":1.53,"y":1.53}]},"dash_aura":{"translate":[{"time":1.4333,"x":15.34,"y":-7.67}],"scale":[{"time":1.4333,"x":2.43,"y":2.43}]},"dusty":{"translate":[{"time":1.5,"x":-132.97,"y":-208.83}],"scale":[{"time":1.5,"x":1.667,"y":1.667}]},"white":{"translate":[{"time":1.4,"x":241.82,"y":61.14}],"scale":[{"time":1.4,"x":25.247,"y":25.247}]},"DAMAGEAREA":{"translate":[{"time":1.5333,"x":-241.67,"y":520.68}],"scale":[{"time":1.5333,"x":5.591,"y":5.591}]}},"drawOrder":[{"time":1.5666,"offsets":[{"slot":"EF/white","offset":-36}]},{"time":3.5}],"events":[{"time":0,"name":"Sound1","string":"cri_se_battle_sword_swish_heavy"},{"time":0.1666,"name":"Voice","string":"cri_222_voice_fullarts_rank5"},{"time":0.2,"name":"Event","string":"addOrbitSystem_2skill2library"},{"time":0.2666,"name":"Sound1","string":"cri_se_battle_arrow_light_effect"},{"time":0.3,"name":"Event","string":"runSkillEffect"},{"time":0.8666,"name":"Sound1","string":"cri_se_battle_sword_swish_heavy"},{"time":0.9666,"name":"Sound1","string":"cri_se_battle_sword_swish_heavy"},{"time":1.2333,"name":"Sound2","string":"setHitSound(se_battle_sword_heavy_hit)"},{"time":1.3666,"name":"Sound1","string":"cri_se_battle_skill_shot"},{"time":1.4,"name":"Event2","string":"addOrbitSystem_skill2font2library"},{"time":1.4333,"name":"Event","string":"blackOutBack(0,0,0)"},{"time":1.4333,"name":"Event2","string":"setFixedCamera(1)"},{"time":1.4333,"name":"Sound1","string":"cri_se_battle_sword_srash_02"},{"time":1.4666,"name":"Event","float":2,"string":"kHitStopType_enemyonly"},{"time":1.4666,"name":"Event2","string":"shakeGround_Stop"},{"time":1.5,"name":"Event2","string":"runScript-addOrbit"},{"time":1.5333,"name":"Event2","float":5,"string":"shakeGround"},{"time":2.9,"name":"Sound2","string":"setHitSound(se_battle_swordslash_heavy)"},{"time":3.1,"name":"Event","int":200,"string":"kImpactType_up"},{"time":3.4333,"name":"Sound1","string":"cri_se_battle_sword_srash"},{"time":3.5,"name":"Event","string":"blackOutBack(0,0,0)"},{"time":3.5333,"name":"Event","float":0.01,"string":"kHitStopType_enemyonly"},{"time":3.5333,"name":"Event2","float":3,"string":"shakeGround"},{"time":3.5666,"name":"Hit","string":"resetHitList"}]}}}