{"skeleton":{"hash":"nckl9bGW+hDRF8/JwRbIek6My6Q","spine":"3.0.12","width":440,"height":440},"bones":[{"name":"root"},{"name":"grid","parent":"root"},{"name":"MAIN","parent":"root","y":38},{"name":"SHADOW-OFFSET","parent":"MAIN"},{"name":"HITBOX","parent":"MAIN"},{"name":"EF_skill2_6","parent":"root"},{"name":"EF_skill2_5","parent":"root"},{"name":"EF_skill2_4","parent":"root"},{"name":"EF_skill2_3","parent":"root"},{"name":"EF_skill2_2","parent":"root"},{"name":"EF_skill2_1","parent":"root"},{"name":"EF","parent":"root","x":-3.08,"y":1.03},{"name":"DAMAGEAREA","parent":"root"},{"name":"320_s2_dusty3","parent":"root"},{"name":"320_s2_dusty2","parent":"root"},{"name":"320_s2_dusty1","parent":"root"}],"slots":[{"name":"images/grid/bg","bone":"grid","color":"ffffff7d"},{"name":"images/grid/grid","bone":"grid","color":"ffffff7d"},{"name":"images/skeleton-skill2_2","bone":"EF_skill2_3"},{"name":"images/skeleton-skill2_3","bone":"EF_skill2_4"},{"name":"images/skeleton-skill2_4","bone":"EF_skill2_5"},{"name":"skeleton-skill2_5","bone":"EF_skill2_6"},{"name":"MAIN","bone":"MAIN","attachment":"idle_00"},{"name":"images/skeleton-skill2_0","bone":"EF_skill2_1"},{"name":"images/skeleton-skill2_1","bone":"EF_skill2_2"},{"name":"images/EF/320_S1_dusty1/320_S1_dusty1_00000","bone":"320_s2_dusty1","blend":"additive"},{"name":"images/EF/320_S1_dusty1/320_S1_dusty1_0","bone":"320_s2_dusty2","blend":"additive"},{"name":"images/EF/320_S1_dusty1/320_S1_dusty1_7","bone":"320_s2_dusty3","blend":"additive"},{"name":"HITBOX","bone":"HITBOX","attachment":"HITBOX"},{"name":"DAMAGEAREA","bone":"DAMAGEAREA"},{"name":"EF_re/10000-combo_16_ef2_1F","bone":"EF","color":"0064ffff","blend":"additive"},{"name":"EF_re/10000-combo_16_ef2_2","bone":"EF","color":"0064ffff","blend":"additive"}],"skins":{"default":{"DAMAGEAREA":{"DAMAGEAREA":{"type":"boundingbox","vertices":[-97.67915,96.03582,-98.29317,-97.98801,97.57265,-98.60201,98.18666,97.87782]}},"EF_re/10000-combo_16_ef2_1F":{"EF_re/10000-combo_16_ef2_1F":{"x":-56.05,"y":8.37,"width":206,"height":171}},"EF_re/10000-combo_16_ef2_2":{"EF_re/10000-combo_16_ef2_2":{"x":-56.05,"y":8.37,"width":412,"height":342},"EF_re/10000-combo_16_ef2_1B":{"x":-56.05,"y":8.37,"width":206,"height":171},"EF_re/EF":{"x":23.95,"y":-105.27,"width":787,"height":351}},"HITBOX":{"HITBOX":{"type":"boundingbox","vertices":[-31.72088,50.84077,-31.72088,-40.74318,60.28708,-41.59118,61.55908,49.99276]}},"MAIN":{"attack_00":{"x":11.66,"y":26,"width":440,"height":440},"attack_01":{"x":11.66,"y":26,"width":440,"height":440},"attack_02":{"x":11.66,"y":26,"width":440,"height":440},"attack_03":{"x":11.66,"y":26,"width":440,"height":440},"attack_04":{"x":11.66,"y":26,"width":440,"height":440},"attack_05":{"x":11.66,"y":26,"width":440,"height":440},"attack_06":{"x":11.66,"y":26,"width":440,"height":440},"attack_07":{"x":11.66,"y":26,"width":440,"height":440},"attack_08":{"x":11.66,"y":26,"width":440,"height":440},"attack_09":{"x":11.66,"y":26,"width":440,"height":440},"back_02":{"x":9.79,"y":27.83,"width":440,"height":440},"damage_00":{"x":11.66,"y":25.81,"width":440,"height":440},"front_00":{"x":13.18,"y":30.57,"width":440,"height":440},"idle_00":{"x":25,"y":27,"width":440,"height":440},"idle_01":{"x":25,"y":27,"width":440,"height":440},"idle_02":{"x":25,"y":27,"width":440,"height":440},"idle_03":{"x":25,"y":27,"width":440,"height":440},"idle_04":{"x":25,"y":27,"width":440,"height":440},"skill1_00":{"x":12.59,"y":32.77,"width":440,"height":440},"skill1_01":{"x":12.59,"y":32.78,"width":440,"height":440}},"images/EF/320_S1_dusty1/320_S1_dusty1_0":{"EF/320_S1_dusty1/320_S1_dusty1_00000":{"width":300,"height":300},"EF/320_S1_dusty1/320_S1_dusty1_00001":{"width":300,"height":300},"EF/320_S1_dusty1/320_S1_dusty1_00002":{"width":300,"height":300},"EF/320_S1_dusty1/320_S1_dusty1_00003":{"width":300,"height":300},"EF/320_S1_dusty1/320_S1_dusty1_00004":{"width":300,"height":300},"EF/320_S1_dusty1/320_S1_dusty1_00005":{"width":300,"height":300},"EF/320_S1_dusty1/320_S1_dusty1_00006":{"width":300,"height":300}},"images/EF/320_S1_dusty1/320_S1_dusty1_00000":{"EF/320_S1_dusty1/320_S1_dusty1_00000":{"width":300,"height":300},"EF/320_S1_dusty1/320_S1_dusty1_00001":{"width":300,"height":300},"EF/320_S1_dusty1/320_S1_dusty1_00002":{"width":300,"height":300},"EF/320_S1_dusty1/320_S1_dusty1_00003":{"width":300,"height":300},"EF/320_S1_dusty1/320_S1_dusty1_00004":{"width":300,"height":300},"EF/320_S1_dusty1/320_S1_dusty1_00005":{"width":300,"height":300},"EF/320_S1_dusty1/320_S1_dusty1_00006":{"width":300,"height":300}},"images/EF/320_S1_dusty1/320_S1_dusty1_7":{"EF/320_S1_dusty1/320_S1_dusty1_00000":{"width":300,"height":300},"EF/320_S1_dusty1/320_S1_dusty1_00001":{"width":300,"height":300},"EF/320_S1_dusty1/320_S1_dusty1_00002":{"width":300,"height":300},"EF/320_S1_dusty1/320_S1_dusty1_00003":{"width":300,"height":300},"EF/320_S1_dusty1/320_S1_dusty1_00004":{"width":300,"height":300},"EF/320_S1_dusty1/320_S1_dusty1_00005":{"width":300,"height":300},"EF/320_S1_dusty1/320_S1_dusty1_00006":{"width":300,"height":300}},"images/skeleton-skill2_0":{"skill2_00":{"x":22,"y":68,"width":440,"height":440},"skill2_01":{"x":22,"y":68,"width":440,"height":440},"skill2_02":{"x":22,"y":68,"width":440,"height":440},"skill2_03":{"x":22,"y":68,"width":440,"height":440},"skill2_04":{"x":22,"y":68,"width":440,"height":440},"skill2_05":{"x":22,"y":68,"width":440,"height":440},"skill2_06":{"x":22,"y":68,"width":440,"height":440},"skill2_07":{"x":22,"y":68,"width":440,"height":440}},"images/skeleton-skill2_1":{"skill2_00":{"x":22,"y":68,"width":440,"height":440},"skill2_01":{"x":22,"y":68,"width":440,"height":440},"skill2_02":{"x":22,"y":68,"width":440,"height":440},"skill2_03":{"x":22,"y":68,"width":440,"height":440},"skill2_04":{"x":22,"y":68,"width":440,"height":440},"skill2_05":{"x":22,"y":68,"width":440,"height":440},"skill2_06":{"x":22,"y":68,"width":440,"height":440},"skill2_07":{"x":22,"y":68,"width":440,"height":440}},"images/skeleton-skill2_2":{"skill2_00":{"x":22,"y":68,"width":440,"height":440},"skill2_01":{"x":22,"y":68,"width":440,"height":440},"skill2_02":{"x":22,"y":68,"width":440,"height":440},"skill2_03":{"x":22,"y":68,"width":440,"height":440},"skill2_04":{"x":22,"y":68,"width":440,"height":440},"skill2_05":{"x":22,"y":68,"width":440,"height":440},"skill2_06":{"x":22,"y":68,"width":440,"height":440},"skill2_07":{"x":22,"y":68,"width":440,"height":440}},"images/skeleton-skill2_3":{"skill2_00":{"x":22,"y":68,"width":440,"height":440},"skill2_01":{"x":22,"y":68,"width":440,"height":440},"skill2_02":{"x":22,"y":68,"width":440,"height":440},"skill2_03":{"x":22,"y":68,"width":440,"height":440},"skill2_04":{"x":22,"y":68,"width":440,"height":440},"skill2_05":{"x":22,"y":68,"width":440,"height":440},"skill2_06":{"x":22,"y":68,"width":440,"height":440},"skill2_07":{"x":22,"y":68,"width":440,"height":440}},"images/skeleton-skill2_4":{"skill2_00":{"x":22,"y":68,"width":440,"height":440},"skill2_01":{"x":22,"y":68,"width":440,"height":440},"skill2_02":{"x":22,"y":68,"width":440,"height":440},"skill2_03":{"x":22,"y":68,"width":440,"height":440},"skill2_04":{"x":22,"y":68,"width":440,"height":440},"skill2_05":{"x":22,"y":68,"width":440,"height":440},"skill2_06":{"x":22,"y":68,"width":440,"height":440},"skill2_07":{"x":22,"y":68,"width":440,"height":440}},"skeleton-skill2_5":{"skill2_00":{"x":22,"y":68,"width":440,"height":440},"skill2_01":{"x":22,"y":68,"width":440,"height":440},"skill2_02":{"x":22,"y":68,"width":440,"height":440},"skill2_03":{"x":22,"y":68,"width":440,"height":440},"skill2_04":{"x":22,"y":68,"width":440,"height":440},"skill2_05":{"x":22,"y":68,"width":440,"height":440},"skill2_06":{"x":22,"y":68,"width":440,"height":440},"skill2_07":{"x":22,"y":68,"width":440,"height":440}}}},"events":{"Event":{},"Hit":{},"HitEffect":{},"Sound1":{},"Sound2":{},"Voice":{}},"animations":{"ED1":{"slots":{"MAIN":{"attachment":[{"time":0,"name":"damage_00"}]}},"bones":{"MAIN":{"rotate":[{"time":0,"angle":-100.9}],"translate":[{"time":0,"x":0,"y":-38}],"scale":[{"time":0,"x":1,"y":1}]}}},"attack1":{"slots":{"DAMAGEAREA":{"attachment":[{"time":0,"name":null},{"time":0.3666,"name":"DAMAGEAREA"},{"time":0.6333,"name":null},{"time":1.0333,"name":"DAMAGEAREA"},{"time":1.4,"name":null}]},"EF_re/10000-combo_16_ef2_2":{"attachment":[{"time":0.3,"name":"EF_re/10000-combo_16_ef2_1B"},{"time":0.3333,"name":"EF_re/10000-combo_16_ef2_2"},{"time":0.3666,"name":null},{"time":1,"name":"EF_re/EF"},{"time":1.0333,"name":null}]},"EF_re/10000-combo_16_ef2_1F":{"attachment":[{"time":0.3,"name":"EF_re/10000-combo_16_ef2_1F"},{"time":0.3333,"name":null}]},"MAIN":{"attachment":[{"time":0,"name":"attack_00"},{"time":0.3,"name":"attack_01"},{"time":0.3666,"name":"attack_02"},{"time":0.4333,"name":"attack_03"},{"time":0.5,"name":"attack_04"},{"time":0.6666,"name":"attack_05"},{"time":0.7666,"name":"attack_06"},{"time":1,"name":"attack_07"},{"time":1.0666,"name":"attack_08"},{"time":1.1333,"name":"attack_09"},{"time":1.5666,"name":"back_02"}]}},"bones":{"MAIN":{"translate":[{"time":0,"x":0,"y":0,"curve":"stepped"},{"time":0.3,"x":-33.66,"y":0},{"time":0.3666,"x":-58.12,"y":0,"curve":"stepped"},{"time":1,"x":-75.04,"y":0,"curve":[0.25,0,0.75,1]},{"time":1.1333,"x":-92.52,"y":0,"curve":"stepped"},{"time":1.5333,"x":-81.92,"y":0},{"time":1.6,"x":-54.2,"y":28.36},{"time":1.6666,"x":-25.66,"y":23.84},{"time":1.7333,"x":-10,"y":0,"curve":[0.25,0,0.75,1]},{"time":1.8333,"x":0,"y":0}]},"DAMAGEAREA":{"translate":[{"time":0.3666,"x":-61.39,"y":25.64,"curve":"stepped"},{"time":1.0333,"x":-127.15,"y":29.23}],"scale":[{"time":0.3666,"x":0.822,"y":0.333,"curve":"stepped"},{"time":1.0333,"x":1.426,"y":0.392}]},"EF":{"rotate":[{"time":0.3,"angle":-151.66,"curve":"stepped"},{"time":1,"angle":106.33}],"translate":[{"time":0.3,"x":48.4,"y":112.26,"curve":"stepped"},{"time":1,"x":-237.93,"y":39.13}],"scale":[{"time":0.3,"x":-1,"y":0.812,"curve":"stepped"},{"time":1,"x":-0.787,"y":0.904}]}},"drawOrder":[{"time":0.3},{"time":0.3666}],"events":[{"time":0,"name":"HitEffect","string":"setHitEffect(hit04f,1,0.6,50)"},{"time":0.0333,"name":"Event","float":0.3,"string":"kHitStopType_normal"},{"time":0.2666,"name":"Sound1","string":"cri_se_battle_sword_swish_heavy"},{"time":0.3333,"name":"Sound1","string":"setHitSound(se_battle_hard_hit)"},{"time":0.3333,"name":"Voice","string":"cri_016_voice_attack_random"},{"time":0.9666,"name":"Sound1","string":"cri_se_battle_sword_swish_heavy"},{"time":1.0333,"name":"Hit","float":1.25,"string":"resetHitList"},{"time":1.0333,"name":"Sound1","string":"setHitSound(se_battle_hard_hit)"}]},"back":{"slots":{"MAIN":{"attachment":[{"time":0,"name":"back_02"},{"time":0.1333,"name":"back_02"},{"time":0.2333,"name":"idle_00"},{"time":0.5,"name":"idle_01"},{"time":0.6666,"name":"idle_01"}]}},"bones":{"MAIN":{"translate":[{"time":0,"x":0,"y":0},{"time":0.1333,"x":68.57,"y":22},{"time":0.2333,"x":120,"y":-0.72,"curve":[0.252,0.75,0.75,1]},{"time":0.5,"x":140,"y":-0.06}]}},"events":[{"time":0,"name":"Sound1","string":"cri_se_battle_jump"},{"time":0.2333,"name":"Sound1","string":"cri_se_battle_landing"}]},"cast":{"slots":{"MAIN":{"attachment":[{"time":0,"name":"attack_00"},{"time":0.5,"name":"attack_01"},{"time":0.5666,"name":"attack_02"},{"time":0.6333,"name":"attack_03"},{"time":0.7,"name":"attack_04"},{"time":1.0666,"name":"attack_04"}]}},"bones":{"MAIN":{"translate":[{"time":0,"x":0,"y":0}]}},"drawOrder":[{"time":0.5},{"time":0.5666}],"events":[{"time":0.5,"name":"Voice","string":"cri_016_voice_item"}]},"damage":{"slots":{"MAIN":{"attachment":[{"time":0,"name":"damage_00"}]}}},"front":{"slots":{"MAIN":{"attachment":[{"time":0,"name":"front_00"}]},"images/skeleton-skill2_3":{"attachment":[{"time":0,"name":null}]}}},"idle":{"slots":{"MAIN":{"attachment":[{"time":0,"name":"idle_00"},{"time":0.1666,"name":"idle_01"},{"time":0.3333,"name":"idle_02"},{"time":0.5,"name":"idle_03"},{"time":0.6666,"name":"idle_04"},{"time":0.8333,"name":"idle_00"}]}}},"skill1":{"slots":{"DAMAGEAREA":{"attachment":[{"time":0.3,"name":"DAMAGEAREA"},{"time":0.6666,"name":null}]},"MAIN":{"attachment":[{"time":0,"name":"attack_00"},{"time":0.1,"name":"attack_02"},{"time":0.1333,"name":"skill1_00"},{"time":0.2,"name":"skill1_01"},{"time":0.2666,"name":"skill1_00"},{"time":0.3333,"name":"skill1_01"},{"time":0.4,"name":"skill1_00"},{"time":0.4666,"name":"skill1_01"},{"time":0.5333,"name":"attack_00"},{"time":0.6,"name":"attack_02"},{"time":0.6666,"name":"attack_03"},{"time":0.7333,"name":"attack_04"},{"time":1,"name":"skill1_00"}]}},"bones":{"MAIN":{"translate":[{"time":0.1333,"x":0,"y":0,"curve":"stepped"},{"time":0.2333,"x":0,"y":0},{"time":0.4666,"x":-120,"y":0}]},"DAMAGEAREA":{"translate":[{"time":0.3,"x":-40.13,"y":51.91},{"time":0.5,"x":-169.19,"y":41.04,"curve":"stepped"},{"time":0.5666,"x":-129.54,"y":44.66}],"scale":[{"time":0.3,"x":1.131,"y":0.715},{"time":0.5,"x":1.7,"y":0.706,"curve":"stepped"},{"time":0.5666,"x":1.274,"y":0.827},{"time":0.6333,"x":0.988,"y":0.617}]},"root":{"rotate":[{"time":0.1333,"angle":10}]}},"events":[{"time":0,"name":"Event","float":0.05,"string":"kHitStopType_normal"},{"time":0,"name":"HitEffect","string":"setHitEffect(hit04a,1,0.6,50)"},{"time":0,"name":"Voice","string":"cri_016_voice_battlewin_a"},{"time":0.1333,"name":"Sound1","string":"cri_se_battle_skill_shot"},{"time":0.2,"name":"Sound2","string":"cri_se_battle_skill_ice"},{"time":0.2333,"name":"Sound1","string":"cri_se_battle_skill_shot"},{"time":0.3,"name":"Sound2","string":"setHitSound(se_battle_hard_hit)"},{"time":0.3333,"name":"Sound1","string":"cri_se_battle_skill_shot"},{"time":0.3666,"name":"Event","float":0.05,"string":"kHitStopType_enemyonly"},{"time":0.3666,"name":"Hit","string":"resetHitList"},{"time":0.4333,"name":"Hit","string":"resetHitList"},{"time":0.4333,"name":"Sound1","string":"cri_se_battle_skill_shot"},{"time":0.5,"name":"Hit","string":"resetHitList"},{"time":0.5666,"name":"Event","int":150,"string":"kImpactType_knock_up"},{"time":0.5666,"name":"HitEffect","string":"setHitEffect(hit06a,1,2,1)"},{"time":0.6,"name":"Hit","float":1.5,"string":"resetHitList"}]},"skill2":{"slots":{"DAMAGEAREA":{"attachment":[{"time":0.6666,"name":"DAMAGEAREA"},{"time":2.9666,"name":null}]},"MAIN":{"attachment":[{"time":0,"name":"attack_00"},{"time":0.3333,"name":"attack_01"},{"time":0.4,"name":"attack_02"},{"time":0.4666,"name":"attack_03"},{"time":0.5333,"name":"attack_04"},{"time":0.8333,"name":"idle_00"},{"time":1,"name":"idle_01"},{"time":1.1666,"name":"idle_02"},{"time":1.3333,"name":"idle_03"},{"time":1.5,"name":"idle_04"},{"time":1.6666,"name":"idle_00"},{"time":1.8333,"name":"idle_00"},{"time":2,"name":"idle_01"},{"time":2.1666,"name":"idle_02"},{"time":2.3333,"name":"idle_03"},{"time":2.5,"name":"idle_04"},{"time":2.6666,"name":"idle_00"},{"time":2.8333,"name":"idle_00"},{"time":3,"name":"idle_01"},{"time":3.1666,"name":"idle_02"}]},"images/EF/320_S1_dusty1/320_S1_dusty1_00000":{"attachment":[{"time":0.8333,"name":"EF/320_S1_dusty1/320_S1_dusty1_00002"},{"time":0.9,"name":"EF/320_S1_dusty1/320_S1_dusty1_00003"},{"time":0.9666,"name":"EF/320_S1_dusty1/320_S1_dusty1_00004"},{"time":1.0333,"name":"EF/320_S1_dusty1/320_S1_dusty1_00005"},{"time":1.1,"name":"EF/320_S1_dusty1/320_S1_dusty1_00006"},{"time":1.6666,"name":"EF/320_S1_dusty1/320_S1_dusty1_00002"},{"time":1.7333,"name":"EF/320_S1_dusty1/320_S1_dusty1_00003"},{"time":1.8,"name":"EF/320_S1_dusty1/320_S1_dusty1_00004"},{"time":1.8666,"name":"EF/320_S1_dusty1/320_S1_dusty1_00005"},{"time":1.9333,"name":"EF/320_S1_dusty1/320_S1_dusty1_00006"}],"color":[{"time":1.1,"color":"ffffffff"},{"time":1.3,"color":"ffffff00","curve":"stepped"},{"time":1.6666,"color":"ffffffff","curve":"stepped"},{"time":1.9333,"color":"ffffffff"},{"time":2.1333,"color":"ffffff00"}]},"images/EF/320_S1_dusty1/320_S1_dusty1_0":{"attachment":[{"time":1.2333,"name":"EF/320_S1_dusty1/320_S1_dusty1_00002"},{"time":1.3,"name":"EF/320_S1_dusty1/320_S1_dusty1_00003"},{"time":1.3666,"name":"EF/320_S1_dusty1/320_S1_dusty1_00004"},{"time":1.4333,"name":"EF/320_S1_dusty1/320_S1_dusty1_00005"},{"time":1.5,"name":"EF/320_S1_dusty1/320_S1_dusty1_00006"},{"time":2,"name":"EF/320_S1_dusty1/320_S1_dusty1_00002"},{"time":2.0666,"name":"EF/320_S1_dusty1/320_S1_dusty1_00003"},{"time":2.1333,"name":"EF/320_S1_dusty1/320_S1_dusty1_00004"},{"time":2.2,"name":"EF/320_S1_dusty1/320_S1_dusty1_00005"},{"time":2.2666,"name":"EF/320_S1_dusty1/320_S1_dusty1_00006"}],"color":[{"time":1.2333,"color":"ffffffff","curve":"stepped"},{"time":1.5,"color":"ffffffff"},{"time":1.7,"color":"ffffff00","curve":"stepped"},{"time":2,"color":"ffffffff","curve":"stepped"},{"time":2.2666,"color":"ffffffff"},{"time":2.4666,"color":"ffffff00"}]},"images/EF/320_S1_dusty1/320_S1_dusty1_7":{"attachment":[{"time":1.4,"name":"EF/320_S1_dusty1/320_S1_dusty1_00002"},{"time":1.4666,"name":"EF/320_S1_dusty1/320_S1_dusty1_00003"},{"time":1.5333,"name":"EF/320_S1_dusty1/320_S1_dusty1_00004"},{"time":1.6,"name":"EF/320_S1_dusty1/320_S1_dusty1_00005"},{"time":1.6666,"name":"EF/320_S1_dusty1/320_S1_dusty1_00006"},{"time":1.9,"name":"EF/320_S1_dusty1/320_S1_dusty1_00002"},{"time":1.9666,"name":"EF/320_S1_dusty1/320_S1_dusty1_00003"},{"time":2.0333,"name":"EF/320_S1_dusty1/320_S1_dusty1_00004"},{"time":2.1,"name":"EF/320_S1_dusty1/320_S1_dusty1_00005"},{"time":2.1666,"name":"EF/320_S1_dusty1/320_S1_dusty1_00006"}],"color":[{"time":1.4,"color":"ffffffff","curve":"stepped"},{"time":1.6666,"color":"ffffffff"},{"time":1.8666,"color":"ffffff00","curve":"stepped"},{"time":1.9,"color":"ffffffff","curve":"stepped"},{"time":2.1666,"color":"ffffffff"},{"time":2.3666,"color":"ffffff00"}]},"images/skeleton-skill2_1":{"attachment":[{"time":0.5333,"name":"skill2_02"},{"time":0.6,"name":"skill2_03"},{"time":0.6666,"name":"skill2_04"},{"time":0.7333,"name":"skill2_05"},{"time":0.8,"name":"skill2_06"},{"time":0.8666,"name":"skill2_07"},{"time":0.9333,"name":"skill2_00"},{"time":1,"name":"skill2_01"},{"time":1.0666,"name":"skill2_02"},{"time":1.1333,"name":"skill2_03"},{"time":1.2,"name":"skill2_04"},{"time":1.2666,"name":"skill2_05"},{"time":1.3333,"name":"skill2_06"},{"time":1.4,"name":"skill2_07"},{"time":1.4666,"name":"skill2_00"},{"time":1.5333,"name":"skill2_01"},{"time":1.6,"name":"skill2_02"},{"time":1.6666,"name":"skill2_03"},{"time":1.7333,"name":"skill2_04"},{"time":1.8,"name":"skill2_05"},{"time":1.8666,"name":"skill2_06"},{"time":1.9333,"name":"skill2_07"},{"time":2,"name":"skill2_00"},{"time":2.0666,"name":"skill2_01"},{"time":2.1333,"name":"skill2_02"},{"time":2.2,"name":"skill2_03"},{"time":2.2666,"name":"skill2_04"},{"time":2.3333,"name":"skill2_05"},{"time":2.4,"name":"skill2_06"},{"time":2.4666,"name":"skill2_07"},{"time":2.5333,"name":"skill2_00"},{"time":2.6,"name":"skill2_01"},{"time":2.6666,"name":"skill2_02"},{"time":2.7333,"name":"skill2_03"},{"time":2.8,"name":"skill2_04"},{"time":2.8666,"name":"skill2_05"},{"time":2.9333,"name":"skill2_06"},{"time":3,"name":"skill2_07"}],"color":[{"time":2.6666,"color":"ffffffff"},{"time":3,"color":"ffffff00"}]},"images/skeleton-skill2_3":{"attachment":[{"time":0.5333,"name":"skill2_03"},{"time":0.6,"name":"skill2_04"},{"time":0.6666,"name":"skill2_05"},{"time":0.7333,"name":"skill2_06"},{"time":0.8,"name":"skill2_07"},{"time":0.8666,"name":"skill2_00"},{"time":0.9333,"name":"skill2_01"},{"time":1,"name":"skill2_02"},{"time":1.0666,"name":"skill2_03"},{"time":1.1333,"name":"skill2_04"},{"time":1.2,"name":"skill2_02"},{"time":1.2666,"name":"skill2_03"},{"time":1.3333,"name":"skill2_04"},{"time":1.4,"name":"skill2_05"},{"time":1.4666,"name":"skill2_06"},{"time":1.5333,"name":"skill2_07"},{"time":1.6,"name":"skill2_00"},{"time":1.6666,"name":"skill2_01"},{"time":1.7333,"name":"skill2_02"},{"time":1.8,"name":"skill2_03"},{"time":1.8666,"name":"skill2_04"},{"time":1.9333,"name":"skill2_05"},{"time":2,"name":"skill2_06"},{"time":2.0666,"name":"skill2_07"},{"time":2.1333,"name":"skill2_00"},{"time":2.2,"name":"skill2_01"},{"time":2.2666,"name":"skill2_02"},{"time":2.3333,"name":"skill2_03"},{"time":2.4,"name":"skill2_04"},{"time":2.4666,"name":"skill2_05"},{"time":2.5333,"name":"skill2_06"},{"time":2.6,"name":"skill2_07"},{"time":2.6666,"name":"skill2_00"},{"time":2.7333,"name":"skill2_01"},{"time":2.8,"name":"skill2_02"},{"time":2.8666,"name":"skill2_03"},{"time":2.9333,"name":"skill2_04"},{"time":3,"name":"skill2_05"}],"color":[{"time":2.6666,"color":"ffffffff"},{"time":3,"color":"ffffff00"}]},"skeleton-skill2_5":{"attachment":[{"time":0.5333,"name":"skill2_05"},{"time":0.6,"name":"skill2_06"},{"time":0.6666,"name":"skill2_07"},{"time":0.7333,"name":"skill2_00"},{"time":0.8,"name":"skill2_01"},{"time":0.8666,"name":"skill2_02"},{"time":0.9333,"name":"skill2_03"},{"time":1,"name":"skill2_04"},{"time":1.0666,"name":"skill2_05"},{"time":1.1333,"name":"skill2_06"},{"time":1.2,"name":"skill2_07"},{"time":1.2666,"name":"skill2_00"},{"time":1.3333,"name":"skill2_01"},{"time":1.4,"name":"skill2_02"},{"time":1.4666,"name":"skill2_03"},{"time":1.5333,"name":"skill2_04"},{"time":1.6,"name":"skill2_05"},{"time":1.6666,"name":"skill2_06"},{"time":1.7333,"name":"skill2_07"},{"time":1.8,"name":"skill2_00"},{"time":1.8666,"name":"skill2_01"},{"time":1.9333,"name":"skill2_02"},{"time":2,"name":"skill2_03"},{"time":2.0666,"name":"skill2_04"},{"time":2.1333,"name":"skill2_05"},{"time":2.2,"name":"skill2_06"},{"time":2.2666,"name":"skill2_07"},{"time":2.3333,"name":"skill2_00"},{"time":2.4,"name":"skill2_01"},{"time":2.4666,"name":"skill2_02"},{"time":2.5333,"name":"skill2_03"},{"time":2.6,"name":"skill2_04"},{"time":2.6666,"name":"skill2_05"},{"time":2.7333,"name":"skill2_06"},{"time":2.8,"name":"skill2_07"},{"time":2.8666,"name":"skill2_00"},{"time":2.9333,"name":"skill2_01"},{"time":3,"name":"skill2_02"}],"color":[{"time":2.6666,"color":"ffffffff"},{"time":3,"color":"ffffff00"}]}},"bones":{"EF_skill2_2":{"translate":[{"time":0.5333,"x":431.85,"y":-75,"curve":[0.415,0.44,0.825,0.99]},{"time":3,"x":-450,"y":-75}]},"EF_skill2_4":{"translate":[{"time":0.5333,"x":400,"y":20,"curve":[0.22,0.35,0.75,1]},{"time":3,"x":-850,"y":20}]},"EF_skill2_6":{"translate":[{"time":0.5333,"x":900,"y":40,"curve":[0.339,0.17,0.68,0.55]},{"time":1.5333,"x":361.18,"y":40,"curve":[0.393,0.33,0.748,0.74]},{"time":2.8333,"x":-500,"y":40}]},"320_s2_dusty1":{"translate":[{"time":0.8333,"x":259.63,"y":87,"curve":"stepped"},{"time":1.6666,"x":147.69,"y":76.08}],"scale":[{"time":0.8333,"x":3,"y":3,"curve":"stepped"},{"time":1.1,"x":3,"y":3},{"time":1.3,"x":3.2,"y":3.2,"curve":"stepped"},{"time":1.6666,"x":3,"y":3,"curve":"stepped"},{"time":1.9333,"x":3,"y":3},{"time":2.1333,"x":3.2,"y":3.2}]},"320_s2_dusty2":{"translate":[{"time":1.2333,"x":45.2,"y":128.42,"curve":"stepped"},{"time":2,"x":45.2,"y":128.42}],"scale":[{"time":1.2333,"x":3,"y":3,"curve":"stepped"},{"time":1.5,"x":3,"y":3},{"time":1.7,"x":3.2,"y":3.2,"curve":"stepped"},{"time":2,"x":3,"y":3,"curve":"stepped"},{"time":2.2666,"x":3,"y":3},{"time":2.4666,"x":3.2,"y":3.2}]},"320_s2_dusty3":{"translate":[{"time":1.4,"x":205.34,"y":8.31,"curve":"stepped"},{"time":1.9,"x":-109.75,"y":8.31}],"scale":[{"time":1.4,"x":3,"y":3,"curve":"stepped"},{"time":1.6666,"x":3,"y":3},{"time":1.8666,"x":3.2,"y":3.2,"curve":"stepped"},{"time":1.9,"x":3,"y":3,"curve":"stepped"},{"time":2.1666,"x":3,"y":3},{"time":2.3666,"x":3.2,"y":3.2}]},"DAMAGEAREA":{"translate":[{"time":0.6666,"x":598.57,"y":55.33},{"time":0.8333,"x":472.82,"y":55.33},{"time":2.0666,"x":-152.12,"y":47.14},{"time":2.9333,"x":-621.5,"y":47.14}],"scale":[{"time":0.6666,"x":3.105,"y":1.2},{"time":0.8333,"x":4.026,"y":1.2},{"time":2.0666,"x":4.42,"y":1.55},{"time":2.9333,"x":2.641,"y":1.55}]}},"drawOrder":[{"time":0,"offsets":[{"slot":"images/EF/320_S1_dusty1/320_S1_dusty1_00000","offset":-7},{"slot":"images/EF/320_S1_dusty1/320_S1_dusty1_0","offset":-7},{"slot":"images/EF/320_S1_dusty1/320_S1_dusty1_7","offset":-7}]},{"time":0.5333,"offsets":[{"slot":"images/EF/320_S1_dusty1/320_S1_dusty1_00000","offset":-7},{"slot":"images/EF/320_S1_dusty1/320_S1_dusty1_0","offset":-7},{"slot":"images/EF/320_S1_dusty1/320_S1_dusty1_7","offset":-7}]}],"events":[{"time":0,"name":"Event","float":0.03,"string":"kHitStopType_enemyonly"},{"time":0,"name":"HitEffect","string":"setHitEffect(hit04f,1,0.6,50)"},{"time":0.3333,"name":"Sound1","string":"cri_se_battle_earthquake"},{"time":0.3333,"name":"Sound2","string":"cri_se_battle_sword_swish_heavy"},{"time":0.5,"name":"Voice","string":"cri_016_voice_fullarts_rank1"},{"time":0.6666,"name":"Sound2","string":"setHitSound(se_battle_025_blow_hit)"},{"time":1,"name":"Event","float":1.8,"string":"shakeGround_Loop"},{"time":1.4666,"name":"Hit","float":0.9,"string":"resetHitList"},{"time":1.7666,"name":"Hit","float":1.2,"string":"resetHitList"},{"time":2.1,"name":"Hit","float":1.2,"string":"resetHitList"},{"time":2.4,"name":"Hit","float":0.9,"string":"resetHitList"},{"time":2.7333,"name":"Hit","float":1.2,"string":"resetHitList"}]}}}