{"skeleton":{"hash":"cBN2lG1XBkx5pKC+a3C1GXLq294","spine":"3.0.12","width":0,"height":0,"images":"./images/"},"bones":[{"name":"root"},{"name":"S1_shine1_2","parent":"root","y":-100,"scaleX":2.5,"scaleY":2.5},{"name":"S1_shine1","parent":"root","y":-100,"scaleX":2.5,"scaleY":2.5},{"name":"S1_ex2_4","parent":"root","x":200,"y":90,"scaleX":2,"scaleY":2},{"name":"S1_ex2_3","parent":"root","x":200,"y":60,"scaleX":2,"scaleY":2},{"name":"S1_ex2_2","parent":"root","x":200,"y":30,"scaleX":2,"scaleY":2},{"name":"S1_ex1_5","parent":"root","x":300.88,"y":-0.88,"scaleX":2,"scaleY":2},{"name":"S1_ex1_4","parent":"root","x":300,"y":150,"scaleX":2,"scaleY":2},{"name":"S1_ex1_3","parent":"root","x":300,"y":100,"scaleX":2,"scaleY":2},{"name":"S1_ex1_2","parent":"root","x":300,"y":50,"scaleX":2,"scaleY":2},{"name":"S1_ex2","parent":"root","x":200.88,"y":-0.88,"scaleX":2,"scaleY":2},{"name":"S1_ex1","parent":"root","x":300.88,"y":-0.88,"scaleX":2,"scaleY":2},{"name":"Circle_supersoftball","parent":"root","x":454.91,"y":62.72}],"slots":[{"name":"S1_shine1","bone":"S1_shine1"},{"name":"S1_shine2","bone":"S1_shine1","blend":"additive"},{"name":"S1_shine1_2","bone":"S1_shine1_2","blend":"additive"},{"name":"S1_ex2","bone":"S1_ex2"},{"name":"S1_ex5","bone":"S1_ex2","color":"ffffffd5","blend":"additive"},{"name":"S1_ex2_2","bone":"S1_ex2_2"},{"name":"S1_ex2_5","bone":"S1_ex2_2","blend":"additive"},{"name":"S1_ex2_3","bone":"S1_ex2_3"},{"name":"S1_ex2_6","bone":"S1_ex2_3","blend":"additive"},{"name":"S1_ex2_4","bone":"S1_ex2_4"},{"name":"S1_ex2_7","bone":"S1_ex2_4","blend":"additive"},{"name":"S1_ex1","bone":"S1_ex1"},{"name":"S1_ex6","bone":"S1_ex1","blend":"additive"},{"name":"S1_ex3","bone":"S1_ex1_5"},{"name":"S1_ex4","bone":"S1_ex1_5","color":"ffffffd5","blend":"additive"},{"name":"S1_ex1_2","bone":"S1_ex1_2"},{"name":"S1_ex1_5","bone":"S1_ex1_2","color":"ffffffd5","blend":"additive"},{"name":"S1_ex1_3","bone":"S1_ex1_3"},{"name":"S1_ex1_6","bone":"S1_ex1_3","color":"ffffffd5","blend":"additive"},{"name":"S1_ex1_4","bone":"S1_ex1_4"},{"name":"S1_ex1_7","bone":"S1_ex1_4","color":"ffffffd5","blend":"additive"},{"name":"EF/Circle_supersoftball","bone":"Circle_supersoftball","blend":"additive"}],"skins":{"default":{"EF/Circle_supersoftball":{"EF/Circle_supersoftball":{"width":128,"height":128}},"S1_ex1":{"EF/390_S1_ex1/390_S1_ex1_00038":{"x":3.37,"y":-0.27,"width":300,"height":300},"EF/390_S1_ex1/390_S1_ex1_00039":{"x":3.37,"y":-0.27,"width":300,"height":300},"EF/390_S1_ex1/390_S1_ex1_00040":{"x":3.37,"y":-0.27,"width":300,"height":300},"EF/390_S1_ex1/390_S1_ex1_00042":{"x":3.37,"y":-0.27,"width":300,"height":300},"EF/390_S1_ex1/390_S1_ex1_00044":{"x":3.37,"y":-0.27,"width":300,"height":300},"EF/390_S1_ex1/390_S1_ex1_00045":{"x":3.37,"y":-0.27,"width":300,"height":300},"EF/390_S1_ex1/390_S1_ex1_00046":{"x":3.37,"y":-0.27,"width":300,"height":300},"EF/390_S1_ex1/390_S1_ex1_00048":{"x":3.37,"y":-0.27,"width":300,"height":300},"EF/390_S1_ex1/390_S1_ex1_00049":{"x":3.37,"y":-0.27,"width":300,"height":300},"EF/390_S1_ex1/390_S1_ex1_00050":{"x":3.37,"y":-0.27,"width":300,"height":300},"EF/390_S1_ex1/390_S1_ex1_00052":{"x":3.37,"y":-0.27,"width":300,"height":300},"EF/390_S1_ex1/390_S1_ex1_00054":{"x":3.37,"y":-0.27,"width":300,"height":300},"EF/390_S1_ex1/390_S1_ex1_00055":{"x":3.37,"y":-0.27,"width":300,"height":300},"EF/390_S1_ex1/390_S1_ex1_00056":{"x":3.37,"y":-0.27,"width":300,"height":300},"EF/390_S1_ex1/390_S1_ex1_00057":{"x":3.37,"y":-0.27,"width":300,"height":300},"EF/390_S1_ex1/390_S1_ex1_00058":{"x":3.37,"y":-0.27,"width":300,"height":300},"EF/390_S1_ex1/390_S1_ex1_00060":{"x":3.37,"y":-0.27,"width":300,"height":300},"EF/390_S1_ex1/390_S1_ex1_00061":{"x":3.37,"y":-0.27,"width":300,"height":300},"EF/390_S1_ex1/390_S1_ex1_00062":{"x":3.37,"y":-0.27,"width":300,"height":300}},"S1_ex1_2":{"EF/390_S1_ex1/390_S1_ex1_00038":{"x":3.37,"y":-0.27,"width":300,"height":300},"EF/390_S1_ex1/390_S1_ex1_00039":{"x":3.37,"y":-0.27,"width":300,"height":300},"EF/390_S1_ex1/390_S1_ex1_00040":{"x":3.37,"y":-0.27,"width":300,"height":300},"EF/390_S1_ex1/390_S1_ex1_00042":{"x":3.37,"y":-0.27,"width":300,"height":300},"EF/390_S1_ex1/390_S1_ex1_00044":{"x":3.37,"y":-0.27,"width":300,"height":300},"EF/390_S1_ex1/390_S1_ex1_00045":{"x":3.37,"y":-0.27,"width":300,"height":300},"EF/390_S1_ex1/390_S1_ex1_00046":{"x":3.37,"y":-0.27,"width":300,"height":300},"EF/390_S1_ex1/390_S1_ex1_00048":{"x":3.37,"y":-0.27,"width":300,"height":300},"EF/390_S1_ex1/390_S1_ex1_00049":{"x":3.37,"y":-0.27,"width":300,"height":300},"EF/390_S1_ex1/390_S1_ex1_00050":{"x":3.37,"y":-0.27,"width":300,"height":300},"EF/390_S1_ex1/390_S1_ex1_00052":{"x":3.37,"y":-0.27,"width":300,"height":300},"EF/390_S1_ex1/390_S1_ex1_00054":{"x":3.37,"y":-0.27,"width":300,"height":300},"EF/390_S1_ex1/390_S1_ex1_00055":{"x":3.37,"y":-0.27,"width":300,"height":300},"EF/390_S1_ex1/390_S1_ex1_00056":{"x":3.37,"y":-0.27,"width":300,"height":300},"EF/390_S1_ex1/390_S1_ex1_00057":{"x":3.37,"y":-0.27,"width":300,"height":300},"EF/390_S1_ex1/390_S1_ex1_00058":{"x":3.37,"y":-0.27,"width":300,"height":300},"EF/390_S1_ex1/390_S1_ex1_00060":{"x":3.37,"y":-0.27,"width":300,"height":300},"EF/390_S1_ex1/390_S1_ex1_00061":{"x":3.37,"y":-0.27,"width":300,"height":300},"EF/390_S1_ex1/390_S1_ex1_00062":{"x":3.37,"y":-0.27,"width":300,"height":300}},"S1_ex1_3":{"EF/390_S1_ex1/390_S1_ex1_00038":{"x":3.37,"y":-0.27,"width":300,"height":300},"EF/390_S1_ex1/390_S1_ex1_00039":{"x":3.37,"y":-0.27,"width":300,"height":300},"EF/390_S1_ex1/390_S1_ex1_00040":{"x":3.37,"y":-0.27,"width":300,"height":300},"EF/390_S1_ex1/390_S1_ex1_00042":{"x":3.37,"y":-0.27,"width":300,"height":300},"EF/390_S1_ex1/390_S1_ex1_00044":{"x":3.37,"y":-0.27,"width":300,"height":300},"EF/390_S1_ex1/390_S1_ex1_00045":{"x":3.37,"y":-0.27,"width":300,"height":300},"EF/390_S1_ex1/390_S1_ex1_00046":{"x":3.37,"y":-0.27,"width":300,"height":300},"EF/390_S1_ex1/390_S1_ex1_00048":{"x":3.37,"y":-0.27,"width":300,"height":300},"EF/390_S1_ex1/390_S1_ex1_00049":{"x":3.37,"y":-0.27,"width":300,"height":300},"EF/390_S1_ex1/390_S1_ex1_00050":{"x":3.37,"y":-0.27,"width":300,"height":300},"EF/390_S1_ex1/390_S1_ex1_00052":{"x":3.37,"y":-0.27,"width":300,"height":300},"EF/390_S1_ex1/390_S1_ex1_00054":{"x":3.37,"y":-0.27,"width":300,"height":300},"EF/390_S1_ex1/390_S1_ex1_00055":{"x":3.37,"y":-0.27,"width":300,"height":300},"EF/390_S1_ex1/390_S1_ex1_00056":{"x":3.37,"y":-0.27,"width":300,"height":300},"EF/390_S1_ex1/390_S1_ex1_00057":{"x":3.37,"y":-0.27,"width":300,"height":300},"EF/390_S1_ex1/390_S1_ex1_00058":{"x":3.37,"y":-0.27,"width":300,"height":300},"EF/390_S1_ex1/390_S1_ex1_00060":{"x":3.37,"y":-0.27,"width":300,"height":300},"EF/390_S1_ex1/390_S1_ex1_00061":{"x":3.37,"y":-0.27,"width":300,"height":300},"EF/390_S1_ex1/390_S1_ex1_00062":{"x":3.37,"y":-0.27,"width":300,"height":300}},"S1_ex1_4":{"EF/390_S1_ex1/390_S1_ex1_00038":{"x":3.37,"y":-0.27,"width":300,"height":300},"EF/390_S1_ex1/390_S1_ex1_00039":{"x":3.37,"y":-0.27,"width":300,"height":300},"EF/390_S1_ex1/390_S1_ex1_00040":{"x":3.37,"y":-0.27,"width":300,"height":300},"EF/390_S1_ex1/390_S1_ex1_00042":{"x":3.37,"y":-0.27,"width":300,"height":300},"EF/390_S1_ex1/390_S1_ex1_00044":{"x":3.37,"y":-0.27,"width":300,"height":300},"EF/390_S1_ex1/390_S1_ex1_00045":{"x":3.37,"y":-0.27,"width":300,"height":300},"EF/390_S1_ex1/390_S1_ex1_00046":{"x":3.37,"y":-0.27,"width":300,"height":300},"EF/390_S1_ex1/390_S1_ex1_00048":{"x":3.37,"y":-0.27,"width":300,"height":300},"EF/390_S1_ex1/390_S1_ex1_00049":{"x":3.37,"y":-0.27,"width":300,"height":300},"EF/390_S1_ex1/390_S1_ex1_00050":{"x":3.37,"y":-0.27,"width":300,"height":300},"EF/390_S1_ex1/390_S1_ex1_00052":{"x":3.37,"y":-0.27,"width":300,"height":300},"EF/390_S1_ex1/390_S1_ex1_00054":{"x":3.37,"y":-0.27,"width":300,"height":300},"EF/390_S1_ex1/390_S1_ex1_00055":{"x":3.37,"y":-0.27,"width":300,"height":300},"EF/390_S1_ex1/390_S1_ex1_00056":{"x":3.37,"y":-0.27,"width":300,"height":300},"EF/390_S1_ex1/390_S1_ex1_00057":{"x":3.37,"y":-0.27,"width":300,"height":300},"EF/390_S1_ex1/390_S1_ex1_00058":{"x":3.37,"y":-0.27,"width":300,"height":300},"EF/390_S1_ex1/390_S1_ex1_00060":{"x":3.37,"y":-0.27,"width":300,"height":300},"EF/390_S1_ex1/390_S1_ex1_00061":{"x":3.37,"y":-0.27,"width":300,"height":300},"EF/390_S1_ex1/390_S1_ex1_00062":{"x":3.37,"y":-0.27,"width":300,"height":300}},"S1_ex1_5":{"EF/390_S1_ex1/390_S1_ex1_00038":{"x":3.37,"y":-0.27,"width":300,"height":300},"EF/390_S1_ex1/390_S1_ex1_00039":{"x":3.37,"y":-0.27,"width":300,"height":300},"EF/390_S1_ex1/390_S1_ex1_00040":{"x":3.37,"y":-0.27,"width":300,"height":300},"EF/390_S1_ex1/390_S1_ex1_00042":{"x":3.37,"y":-0.27,"width":300,"height":300},"EF/390_S1_ex1/390_S1_ex1_00044":{"x":3.37,"y":-0.27,"width":300,"height":300},"EF/390_S1_ex1/390_S1_ex1_00045":{"x":3.37,"y":-0.27,"width":300,"height":300},"EF/390_S1_ex1/390_S1_ex1_00046":{"x":3.37,"y":-0.27,"width":300,"height":300},"EF/390_S1_ex1/390_S1_ex1_00048":{"x":3.37,"y":-0.27,"width":300,"height":300},"EF/390_S1_ex1/390_S1_ex1_00049":{"x":3.37,"y":-0.27,"width":300,"height":300},"EF/390_S1_ex1/390_S1_ex1_00050":{"x":3.37,"y":-0.27,"width":300,"height":300},"EF/390_S1_ex1/390_S1_ex1_00052":{"x":3.37,"y":-0.27,"width":300,"height":300},"EF/390_S1_ex1/390_S1_ex1_00054":{"x":3.37,"y":-0.27,"width":300,"height":300},"EF/390_S1_ex1/390_S1_ex1_00055":{"x":3.37,"y":-0.27,"width":300,"height":300},"EF/390_S1_ex1/390_S1_ex1_00056":{"x":3.37,"y":-0.27,"width":300,"height":300},"EF/390_S1_ex1/390_S1_ex1_00057":{"x":3.37,"y":-0.27,"width":300,"height":300},"EF/390_S1_ex1/390_S1_ex1_00058":{"x":3.37,"y":-0.27,"width":300,"height":300},"EF/390_S1_ex1/390_S1_ex1_00060":{"x":3.37,"y":-0.27,"width":300,"height":300},"EF/390_S1_ex1/390_S1_ex1_00061":{"x":3.37,"y":-0.27,"width":300,"height":300},"EF/390_S1_ex1/390_S1_ex1_00062":{"x":3.37,"y":-0.27,"width":300,"height":300}},"S1_ex1_6":{"EF/390_S1_ex1/390_S1_ex1_00038":{"x":3.37,"y":-0.27,"width":300,"height":300},"EF/390_S1_ex1/390_S1_ex1_00039":{"x":3.37,"y":-0.27,"width":300,"height":300},"EF/390_S1_ex1/390_S1_ex1_00040":{"x":3.37,"y":-0.27,"width":300,"height":300},"EF/390_S1_ex1/390_S1_ex1_00042":{"x":3.37,"y":-0.27,"width":300,"height":300},"EF/390_S1_ex1/390_S1_ex1_00044":{"x":3.37,"y":-0.27,"width":300,"height":300},"EF/390_S1_ex1/390_S1_ex1_00045":{"x":3.37,"y":-0.27,"width":300,"height":300},"EF/390_S1_ex1/390_S1_ex1_00046":{"x":3.37,"y":-0.27,"width":300,"height":300},"EF/390_S1_ex1/390_S1_ex1_00048":{"x":3.37,"y":-0.27,"width":300,"height":300},"EF/390_S1_ex1/390_S1_ex1_00049":{"x":3.37,"y":-0.27,"width":300,"height":300},"EF/390_S1_ex1/390_S1_ex1_00050":{"x":3.37,"y":-0.27,"width":300,"height":300},"EF/390_S1_ex1/390_S1_ex1_00052":{"x":3.37,"y":-0.27,"width":300,"height":300},"EF/390_S1_ex1/390_S1_ex1_00054":{"x":3.37,"y":-0.27,"width":300,"height":300},"EF/390_S1_ex1/390_S1_ex1_00055":{"x":3.37,"y":-0.27,"width":300,"height":300},"EF/390_S1_ex1/390_S1_ex1_00056":{"x":3.37,"y":-0.27,"width":300,"height":300},"EF/390_S1_ex1/390_S1_ex1_00057":{"x":3.37,"y":-0.27,"width":300,"height":300},"EF/390_S1_ex1/390_S1_ex1_00058":{"x":3.37,"y":-0.27,"width":300,"height":300},"EF/390_S1_ex1/390_S1_ex1_00060":{"x":3.37,"y":-0.27,"width":300,"height":300},"EF/390_S1_ex1/390_S1_ex1_00061":{"x":3.37,"y":-0.27,"width":300,"height":300},"EF/390_S1_ex1/390_S1_ex1_00062":{"x":3.37,"y":-0.27,"width":300,"height":300}},"S1_ex1_7":{"EF/390_S1_ex1/390_S1_ex1_00038":{"x":3.37,"y":-0.27,"width":300,"height":300},"EF/390_S1_ex1/390_S1_ex1_00039":{"x":3.37,"y":-0.27,"width":300,"height":300},"EF/390_S1_ex1/390_S1_ex1_00040":{"x":3.37,"y":-0.27,"width":300,"height":300},"EF/390_S1_ex1/390_S1_ex1_00042":{"x":3.37,"y":-0.27,"width":300,"height":300},"EF/390_S1_ex1/390_S1_ex1_00044":{"x":3.37,"y":-0.27,"width":300,"height":300},"EF/390_S1_ex1/390_S1_ex1_00045":{"x":3.37,"y":-0.27,"width":300,"height":300},"EF/390_S1_ex1/390_S1_ex1_00046":{"x":3.37,"y":-0.27,"width":300,"height":300},"EF/390_S1_ex1/390_S1_ex1_00048":{"x":3.37,"y":-0.27,"width":300,"height":300},"EF/390_S1_ex1/390_S1_ex1_00049":{"x":3.37,"y":-0.27,"width":300,"height":300},"EF/390_S1_ex1/390_S1_ex1_00050":{"x":3.37,"y":-0.27,"width":300,"height":300},"EF/390_S1_ex1/390_S1_ex1_00052":{"x":3.37,"y":-0.27,"width":300,"height":300},"EF/390_S1_ex1/390_S1_ex1_00054":{"x":3.37,"y":-0.27,"width":300,"height":300},"EF/390_S1_ex1/390_S1_ex1_00055":{"x":3.37,"y":-0.27,"width":300,"height":300},"EF/390_S1_ex1/390_S1_ex1_00056":{"x":3.37,"y":-0.27,"width":300,"height":300},"EF/390_S1_ex1/390_S1_ex1_00057":{"x":3.37,"y":-0.27,"width":300,"height":300},"EF/390_S1_ex1/390_S1_ex1_00058":{"x":3.37,"y":-0.27,"width":300,"height":300},"EF/390_S1_ex1/390_S1_ex1_00060":{"x":3.37,"y":-0.27,"width":300,"height":300},"EF/390_S1_ex1/390_S1_ex1_00061":{"x":3.37,"y":-0.27,"width":300,"height":300},"EF/390_S1_ex1/390_S1_ex1_00062":{"x":3.37,"y":-0.27,"width":300,"height":300}},"S1_ex2":{"EF/390_S1_ex2/390_S1_ex2_00054":{"x":2.31,"y":7.93,"width":260,"height":260},"EF/390_S1_ex2/390_S1_ex2_00055":{"x":2.31,"y":7.93,"width":260,"height":260},"EF/390_S1_ex2/390_S1_ex2_00057":{"x":2.31,"y":7.93,"width":260,"height":260},"EF/390_S1_ex2/390_S1_ex2_00058":{"x":2.31,"y":7.93,"width":260,"height":260},"EF/390_S1_ex2/390_S1_ex2_00060":{"x":2.31,"y":7.93,"width":260,"height":260},"EF/390_S1_ex2/390_S1_ex2_00062":{"x":2.31,"y":7.93,"width":260,"height":260},"EF/390_S1_ex2/390_S1_ex2_00063":{"x":2.31,"y":7.93,"width":260,"height":260},"EF/390_S1_ex2/390_S1_ex2_00064":{"x":2.31,"y":7.93,"width":260,"height":260},"EF/390_S1_ex2/390_S1_ex2_00065":{"x":2.31,"y":7.93,"width":260,"height":260},"EF/390_S1_ex2/390_S1_ex2_00067":{"x":2.31,"y":7.93,"width":260,"height":260},"EF/390_S1_ex2/390_S1_ex2_00069":{"x":2.31,"y":7.93,"width":260,"height":260},"EF/390_S1_ex2/390_S1_ex2_00071":{"x":2.31,"y":7.93,"width":260,"height":260},"EF/390_S1_ex2/390_S1_ex2_00072":{"x":2.31,"y":7.93,"width":260,"height":260},"EF/390_S1_ex2/390_S1_ex2_00074":{"x":2.31,"y":7.93,"width":260,"height":260},"EF/390_S1_ex2/390_S1_ex2_00076":{"x":2.31,"y":7.93,"width":260,"height":260},"EF/390_S1_ex2/390_S1_ex2_00078":{"x":2.31,"y":7.93,"width":260,"height":260}},"S1_ex2_2":{"EF/390_S1_ex2/390_S1_ex2_00054":{"x":2.31,"y":7.93,"width":260,"height":260},"EF/390_S1_ex2/390_S1_ex2_00055":{"x":2.31,"y":7.93,"width":260,"height":260},"EF/390_S1_ex2/390_S1_ex2_00057":{"x":2.31,"y":7.93,"width":260,"height":260},"EF/390_S1_ex2/390_S1_ex2_00058":{"x":2.31,"y":7.93,"width":260,"height":260},"EF/390_S1_ex2/390_S1_ex2_00060":{"x":2.31,"y":7.93,"width":260,"height":260},"EF/390_S1_ex2/390_S1_ex2_00062":{"x":2.31,"y":7.93,"width":260,"height":260},"EF/390_S1_ex2/390_S1_ex2_00063":{"x":2.31,"y":7.93,"width":260,"height":260},"EF/390_S1_ex2/390_S1_ex2_00064":{"x":2.31,"y":7.93,"width":260,"height":260},"EF/390_S1_ex2/390_S1_ex2_00065":{"x":2.31,"y":7.93,"width":260,"height":260},"EF/390_S1_ex2/390_S1_ex2_00067":{"x":2.31,"y":7.93,"width":260,"height":260},"EF/390_S1_ex2/390_S1_ex2_00069":{"x":2.31,"y":7.93,"width":260,"height":260},"EF/390_S1_ex2/390_S1_ex2_00071":{"x":2.31,"y":7.93,"width":260,"height":260},"EF/390_S1_ex2/390_S1_ex2_00072":{"x":2.31,"y":7.93,"width":260,"height":260},"EF/390_S1_ex2/390_S1_ex2_00074":{"x":2.31,"y":7.93,"width":260,"height":260},"EF/390_S1_ex2/390_S1_ex2_00076":{"x":2.31,"y":7.93,"width":260,"height":260},"EF/390_S1_ex2/390_S1_ex2_00078":{"x":2.31,"y":7.93,"width":260,"height":260}},"S1_ex2_3":{"EF/390_S1_ex2/390_S1_ex2_00054":{"x":2.31,"y":7.93,"width":260,"height":260},"EF/390_S1_ex2/390_S1_ex2_00055":{"x":2.31,"y":7.93,"width":260,"height":260},"EF/390_S1_ex2/390_S1_ex2_00057":{"x":2.31,"y":7.93,"width":260,"height":260},"EF/390_S1_ex2/390_S1_ex2_00058":{"x":2.31,"y":7.93,"width":260,"height":260},"EF/390_S1_ex2/390_S1_ex2_00060":{"x":2.31,"y":7.93,"width":260,"height":260},"EF/390_S1_ex2/390_S1_ex2_00062":{"x":2.31,"y":7.93,"width":260,"height":260},"EF/390_S1_ex2/390_S1_ex2_00063":{"x":2.31,"y":7.93,"width":260,"height":260},"EF/390_S1_ex2/390_S1_ex2_00064":{"x":2.31,"y":7.93,"width":260,"height":260},"EF/390_S1_ex2/390_S1_ex2_00065":{"x":2.31,"y":7.93,"width":260,"height":260},"EF/390_S1_ex2/390_S1_ex2_00067":{"x":2.31,"y":7.93,"width":260,"height":260},"EF/390_S1_ex2/390_S1_ex2_00069":{"x":2.31,"y":7.93,"width":260,"height":260},"EF/390_S1_ex2/390_S1_ex2_00071":{"x":2.31,"y":7.93,"width":260,"height":260},"EF/390_S1_ex2/390_S1_ex2_00072":{"x":2.31,"y":7.93,"width":260,"height":260},"EF/390_S1_ex2/390_S1_ex2_00074":{"x":2.31,"y":7.93,"width":260,"height":260},"EF/390_S1_ex2/390_S1_ex2_00076":{"x":2.31,"y":7.93,"width":260,"height":260},"EF/390_S1_ex2/390_S1_ex2_00078":{"x":2.31,"y":7.93,"width":260,"height":260}},"S1_ex2_4":{"EF/390_S1_ex2/390_S1_ex2_00054":{"x":2.31,"y":7.93,"width":260,"height":260},"EF/390_S1_ex2/390_S1_ex2_00055":{"x":2.31,"y":7.93,"width":260,"height":260},"EF/390_S1_ex2/390_S1_ex2_00057":{"x":2.31,"y":7.93,"width":260,"height":260},"EF/390_S1_ex2/390_S1_ex2_00058":{"x":2.31,"y":7.93,"width":260,"height":260},"EF/390_S1_ex2/390_S1_ex2_00060":{"x":2.31,"y":7.93,"width":260,"height":260},"EF/390_S1_ex2/390_S1_ex2_00062":{"x":2.31,"y":7.93,"width":260,"height":260},"EF/390_S1_ex2/390_S1_ex2_00063":{"x":2.31,"y":7.93,"width":260,"height":260},"EF/390_S1_ex2/390_S1_ex2_00064":{"x":2.31,"y":7.93,"width":260,"height":260},"EF/390_S1_ex2/390_S1_ex2_00065":{"x":2.31,"y":7.93,"width":260,"height":260},"EF/390_S1_ex2/390_S1_ex2_00067":{"x":2.31,"y":7.93,"width":260,"height":260},"EF/390_S1_ex2/390_S1_ex2_00069":{"x":2.31,"y":7.93,"width":260,"height":260},"EF/390_S1_ex2/390_S1_ex2_00071":{"x":2.31,"y":7.93,"width":260,"height":260},"EF/390_S1_ex2/390_S1_ex2_00072":{"x":2.31,"y":7.93,"width":260,"height":260},"EF/390_S1_ex2/390_S1_ex2_00074":{"x":2.31,"y":7.93,"width":260,"height":260},"EF/390_S1_ex2/390_S1_ex2_00076":{"x":2.31,"y":7.93,"width":260,"height":260},"EF/390_S1_ex2/390_S1_ex2_00078":{"x":2.31,"y":7.93,"width":260,"height":260}},"S1_ex2_5":{"EF/390_S1_ex2/390_S1_ex2_00054":{"x":2.31,"y":7.93,"width":260,"height":260},"EF/390_S1_ex2/390_S1_ex2_00055":{"x":2.31,"y":7.93,"width":260,"height":260},"EF/390_S1_ex2/390_S1_ex2_00057":{"x":2.31,"y":7.93,"width":260,"height":260},"EF/390_S1_ex2/390_S1_ex2_00058":{"x":2.31,"y":7.93,"width":260,"height":260},"EF/390_S1_ex2/390_S1_ex2_00060":{"x":2.31,"y":7.93,"width":260,"height":260},"EF/390_S1_ex2/390_S1_ex2_00062":{"x":2.31,"y":7.93,"width":260,"height":260},"EF/390_S1_ex2/390_S1_ex2_00063":{"x":2.31,"y":7.93,"width":260,"height":260},"EF/390_S1_ex2/390_S1_ex2_00064":{"x":2.31,"y":7.93,"width":260,"height":260},"EF/390_S1_ex2/390_S1_ex2_00065":{"x":2.31,"y":7.93,"width":260,"height":260},"EF/390_S1_ex2/390_S1_ex2_00067":{"x":2.31,"y":7.93,"width":260,"height":260},"EF/390_S1_ex2/390_S1_ex2_00069":{"x":2.31,"y":7.93,"width":260,"height":260},"EF/390_S1_ex2/390_S1_ex2_00071":{"x":2.31,"y":7.93,"width":260,"height":260},"EF/390_S1_ex2/390_S1_ex2_00072":{"x":2.31,"y":7.93,"width":260,"height":260},"EF/390_S1_ex2/390_S1_ex2_00074":{"x":2.31,"y":7.93,"width":260,"height":260},"EF/390_S1_ex2/390_S1_ex2_00076":{"x":2.31,"y":7.93,"width":260,"height":260},"EF/390_S1_ex2/390_S1_ex2_00078":{"x":2.31,"y":7.93,"width":260,"height":260}},"S1_ex2_6":{"EF/390_S1_ex2/390_S1_ex2_00054":{"x":2.31,"y":7.93,"width":260,"height":260},"EF/390_S1_ex2/390_S1_ex2_00055":{"x":2.31,"y":7.93,"width":260,"height":260},"EF/390_S1_ex2/390_S1_ex2_00057":{"x":2.31,"y":7.93,"width":260,"height":260},"EF/390_S1_ex2/390_S1_ex2_00058":{"x":2.31,"y":7.93,"width":260,"height":260},"EF/390_S1_ex2/390_S1_ex2_00060":{"x":2.31,"y":7.93,"width":260,"height":260},"EF/390_S1_ex2/390_S1_ex2_00062":{"x":2.31,"y":7.93,"width":260,"height":260},"EF/390_S1_ex2/390_S1_ex2_00063":{"x":2.31,"y":7.93,"width":260,"height":260},"EF/390_S1_ex2/390_S1_ex2_00064":{"x":2.31,"y":7.93,"width":260,"height":260},"EF/390_S1_ex2/390_S1_ex2_00065":{"x":2.31,"y":7.93,"width":260,"height":260},"EF/390_S1_ex2/390_S1_ex2_00067":{"x":2.31,"y":7.93,"width":260,"height":260},"EF/390_S1_ex2/390_S1_ex2_00069":{"x":2.31,"y":7.93,"width":260,"height":260},"EF/390_S1_ex2/390_S1_ex2_00071":{"x":2.31,"y":7.93,"width":260,"height":260},"EF/390_S1_ex2/390_S1_ex2_00072":{"x":2.31,"y":7.93,"width":260,"height":260},"EF/390_S1_ex2/390_S1_ex2_00074":{"x":2.31,"y":7.93,"width":260,"height":260},"EF/390_S1_ex2/390_S1_ex2_00076":{"x":2.31,"y":7.93,"width":260,"height":260},"EF/390_S1_ex2/390_S1_ex2_00078":{"x":2.31,"y":7.93,"width":260,"height":260}},"S1_ex2_7":{"EF/390_S1_ex2/390_S1_ex2_00054":{"x":2.31,"y":7.93,"width":260,"height":260},"EF/390_S1_ex2/390_S1_ex2_00055":{"x":2.31,"y":7.93,"width":260,"height":260},"EF/390_S1_ex2/390_S1_ex2_00057":{"x":2.31,"y":7.93,"width":260,"height":260},"EF/390_S1_ex2/390_S1_ex2_00058":{"x":2.31,"y":7.93,"width":260,"height":260},"EF/390_S1_ex2/390_S1_ex2_00060":{"x":2.31,"y":7.93,"width":260,"height":260},"EF/390_S1_ex2/390_S1_ex2_00062":{"x":2.31,"y":7.93,"width":260,"height":260},"EF/390_S1_ex2/390_S1_ex2_00063":{"x":2.31,"y":7.93,"width":260,"height":260},"EF/390_S1_ex2/390_S1_ex2_00064":{"x":2.31,"y":7.93,"width":260,"height":260},"EF/390_S1_ex2/390_S1_ex2_00065":{"x":2.31,"y":7.93,"width":260,"height":260},"EF/390_S1_ex2/390_S1_ex2_00067":{"x":2.31,"y":7.93,"width":260,"height":260},"EF/390_S1_ex2/390_S1_ex2_00069":{"x":2.31,"y":7.93,"width":260,"height":260},"EF/390_S1_ex2/390_S1_ex2_00071":{"x":2.31,"y":7.93,"width":260,"height":260},"EF/390_S1_ex2/390_S1_ex2_00072":{"x":2.31,"y":7.93,"width":260,"height":260},"EF/390_S1_ex2/390_S1_ex2_00074":{"x":2.31,"y":7.93,"width":260,"height":260},"EF/390_S1_ex2/390_S1_ex2_00076":{"x":2.31,"y":7.93,"width":260,"height":260},"EF/390_S1_ex2/390_S1_ex2_00078":{"x":2.31,"y":7.93,"width":260,"height":260}},"S1_ex3":{"EF/390_S1_ex1/390_S1_ex1_00038":{"x":3.37,"y":-0.27,"width":300,"height":300},"EF/390_S1_ex1/390_S1_ex1_00039":{"x":3.37,"y":-0.27,"width":300,"height":300},"EF/390_S1_ex1/390_S1_ex1_00040":{"x":3.37,"y":-0.27,"width":300,"height":300},"EF/390_S1_ex1/390_S1_ex1_00042":{"x":3.37,"y":-0.27,"width":300,"height":300},"EF/390_S1_ex1/390_S1_ex1_00044":{"x":3.37,"y":-0.27,"width":300,"height":300},"EF/390_S1_ex1/390_S1_ex1_00045":{"x":3.37,"y":-0.27,"width":300,"height":300},"EF/390_S1_ex1/390_S1_ex1_00046":{"x":3.37,"y":-0.27,"width":300,"height":300},"EF/390_S1_ex1/390_S1_ex1_00048":{"x":3.37,"y":-0.27,"width":300,"height":300},"EF/390_S1_ex1/390_S1_ex1_00049":{"x":3.37,"y":-0.27,"width":300,"height":300},"EF/390_S1_ex1/390_S1_ex1_00050":{"x":3.37,"y":-0.27,"width":300,"height":300},"EF/390_S1_ex1/390_S1_ex1_00052":{"x":3.37,"y":-0.27,"width":300,"height":300},"EF/390_S1_ex1/390_S1_ex1_00054":{"x":3.37,"y":-0.27,"width":300,"height":300},"EF/390_S1_ex1/390_S1_ex1_00055":{"x":3.37,"y":-0.27,"width":300,"height":300},"EF/390_S1_ex1/390_S1_ex1_00056":{"x":3.37,"y":-0.27,"width":300,"height":300},"EF/390_S1_ex1/390_S1_ex1_00057":{"x":3.37,"y":-0.27,"width":300,"height":300},"EF/390_S1_ex1/390_S1_ex1_00058":{"x":3.37,"y":-0.27,"width":300,"height":300},"EF/390_S1_ex1/390_S1_ex1_00060":{"x":3.37,"y":-0.27,"width":300,"height":300},"EF/390_S1_ex1/390_S1_ex1_00061":{"x":3.37,"y":-0.27,"width":300,"height":300},"EF/390_S1_ex1/390_S1_ex1_00062":{"x":3.37,"y":-0.27,"width":300,"height":300}},"S1_ex4":{"EF/390_S1_ex1/390_S1_ex1_00038":{"x":3.37,"y":-0.27,"width":300,"height":300},"EF/390_S1_ex1/390_S1_ex1_00039":{"x":3.37,"y":-0.27,"width":300,"height":300},"EF/390_S1_ex1/390_S1_ex1_00040":{"x":3.37,"y":-0.27,"width":300,"height":300},"EF/390_S1_ex1/390_S1_ex1_00042":{"x":3.37,"y":-0.27,"width":300,"height":300},"EF/390_S1_ex1/390_S1_ex1_00044":{"x":3.37,"y":-0.27,"width":300,"height":300},"EF/390_S1_ex1/390_S1_ex1_00045":{"x":3.37,"y":-0.27,"width":300,"height":300},"EF/390_S1_ex1/390_S1_ex1_00046":{"x":3.37,"y":-0.27,"width":300,"height":300},"EF/390_S1_ex1/390_S1_ex1_00048":{"x":3.37,"y":-0.27,"width":300,"height":300},"EF/390_S1_ex1/390_S1_ex1_00049":{"x":3.37,"y":-0.27,"width":300,"height":300},"EF/390_S1_ex1/390_S1_ex1_00050":{"x":3.37,"y":-0.27,"width":300,"height":300},"EF/390_S1_ex1/390_S1_ex1_00052":{"x":3.37,"y":-0.27,"width":300,"height":300},"EF/390_S1_ex1/390_S1_ex1_00054":{"x":3.37,"y":-0.27,"width":300,"height":300},"EF/390_S1_ex1/390_S1_ex1_00055":{"x":3.37,"y":-0.27,"width":300,"height":300},"EF/390_S1_ex1/390_S1_ex1_00056":{"x":3.37,"y":-0.27,"width":300,"height":300},"EF/390_S1_ex1/390_S1_ex1_00057":{"x":3.37,"y":-0.27,"width":300,"height":300},"EF/390_S1_ex1/390_S1_ex1_00058":{"x":3.37,"y":-0.27,"width":300,"height":300},"EF/390_S1_ex1/390_S1_ex1_00060":{"x":3.37,"y":-0.27,"width":300,"height":300},"EF/390_S1_ex1/390_S1_ex1_00061":{"x":3.37,"y":-0.27,"width":300,"height":300},"EF/390_S1_ex1/390_S1_ex1_00062":{"x":3.37,"y":-0.27,"width":300,"height":300}},"S1_ex5":{"EF/390_S1_ex2/390_S1_ex2_00054":{"x":2.31,"y":7.93,"width":260,"height":260},"EF/390_S1_ex2/390_S1_ex2_00055":{"x":2.31,"y":7.93,"width":260,"height":260},"EF/390_S1_ex2/390_S1_ex2_00057":{"x":2.31,"y":7.93,"width":260,"height":260},"EF/390_S1_ex2/390_S1_ex2_00058":{"x":2.31,"y":7.93,"width":260,"height":260},"EF/390_S1_ex2/390_S1_ex2_00060":{"x":2.31,"y":7.93,"width":260,"height":260},"EF/390_S1_ex2/390_S1_ex2_00062":{"x":2.31,"y":7.93,"width":260,"height":260},"EF/390_S1_ex2/390_S1_ex2_00063":{"x":2.31,"y":7.93,"width":260,"height":260},"EF/390_S1_ex2/390_S1_ex2_00064":{"x":2.31,"y":7.93,"width":260,"height":260},"EF/390_S1_ex2/390_S1_ex2_00065":{"x":2.31,"y":7.93,"width":260,"height":260},"EF/390_S1_ex2/390_S1_ex2_00067":{"x":2.31,"y":7.93,"width":260,"height":260},"EF/390_S1_ex2/390_S1_ex2_00069":{"x":2.31,"y":7.93,"width":260,"height":260},"EF/390_S1_ex2/390_S1_ex2_00071":{"x":2.31,"y":7.93,"width":260,"height":260},"EF/390_S1_ex2/390_S1_ex2_00072":{"x":2.31,"y":7.93,"width":260,"height":260},"EF/390_S1_ex2/390_S1_ex2_00074":{"x":2.31,"y":7.93,"width":260,"height":260},"EF/390_S1_ex2/390_S1_ex2_00076":{"x":2.31,"y":7.93,"width":260,"height":260},"EF/390_S1_ex2/390_S1_ex2_00078":{"x":2.31,"y":7.93,"width":260,"height":260}},"S1_ex6":{"EF/390_S1_ex1/390_S1_ex1_00038":{"x":3.37,"y":-0.27,"width":300,"height":300},"EF/390_S1_ex1/390_S1_ex1_00039":{"x":3.37,"y":-0.27,"width":300,"height":300},"EF/390_S1_ex1/390_S1_ex1_00040":{"x":3.37,"y":-0.27,"width":300,"height":300},"EF/390_S1_ex1/390_S1_ex1_00042":{"x":3.37,"y":-0.27,"width":300,"height":300},"EF/390_S1_ex1/390_S1_ex1_00044":{"x":3.37,"y":-0.27,"width":300,"height":300},"EF/390_S1_ex1/390_S1_ex1_00045":{"x":3.37,"y":-0.27,"width":300,"height":300},"EF/390_S1_ex1/390_S1_ex1_00046":{"x":3.37,"y":-0.27,"width":300,"height":300},"EF/390_S1_ex1/390_S1_ex1_00048":{"x":3.37,"y":-0.27,"width":300,"height":300},"EF/390_S1_ex1/390_S1_ex1_00049":{"x":3.37,"y":-0.27,"width":300,"height":300},"EF/390_S1_ex1/390_S1_ex1_00050":{"x":3.37,"y":-0.27,"width":300,"height":300},"EF/390_S1_ex1/390_S1_ex1_00052":{"x":3.37,"y":-0.27,"width":300,"height":300},"EF/390_S1_ex1/390_S1_ex1_00054":{"x":3.37,"y":-0.27,"width":300,"height":300},"EF/390_S1_ex1/390_S1_ex1_00055":{"x":3.37,"y":-0.27,"width":300,"height":300},"EF/390_S1_ex1/390_S1_ex1_00056":{"x":3.37,"y":-0.27,"width":300,"height":300},"EF/390_S1_ex1/390_S1_ex1_00057":{"x":3.37,"y":-0.27,"width":300,"height":300},"EF/390_S1_ex1/390_S1_ex1_00058":{"x":3.37,"y":-0.27,"width":300,"height":300},"EF/390_S1_ex1/390_S1_ex1_00060":{"x":3.37,"y":-0.27,"width":300,"height":300},"EF/390_S1_ex1/390_S1_ex1_00061":{"x":3.37,"y":-0.27,"width":300,"height":300},"EF/390_S1_ex1/390_S1_ex1_00062":{"x":3.37,"y":-0.27,"width":300,"height":300}},"S1_shine1":{"EF/390_S1_shine1/390_S1_shine1_00038":{"x":2.98,"y":30.83,"width":188,"height":188},"EF/390_S1_shine1/390_S1_shine1_00040":{"x":2.98,"y":30.83,"width":188,"height":188},"EF/390_S1_shine1/390_S1_shine1_00042":{"x":2.98,"y":30.83,"width":188,"height":188},"EF/390_S1_shine1/390_S1_shine1_00044":{"x":2.98,"y":30.83,"width":188,"height":188},"EF/390_S1_shine1/390_S1_shine1_00046":{"x":2.98,"y":30.83,"width":188,"height":188},"EF/390_S1_shine1/390_S1_shine1_00048":{"x":2.98,"y":30.83,"width":188,"height":188},"EF/390_S1_shine1/390_S1_shine1_00050":{"x":2.98,"y":30.83,"width":188,"height":188},"EF/390_S1_shine1/390_S1_shine1_00052":{"x":2.98,"y":30.83,"width":188,"height":188},"EF/390_S1_shine1/390_S1_shine1_00054":{"x":2.98,"y":30.83,"width":188,"height":188},"EF/390_S1_shine1/390_S1_shine1_00056":{"x":2.98,"y":30.83,"width":188,"height":188},"EF/390_S1_shine1/390_S1_shine1_00058":{"x":2.98,"y":30.83,"width":188,"height":188},"EF/390_S1_shine1/390_S1_shine1_00060":{"x":2.98,"y":30.83,"width":188,"height":188},"EF/390_S1_shine1/390_S1_shine1_00062":{"x":2.98,"y":30.83,"width":188,"height":188},"EF/390_S1_shine1/390_S1_shine1_00064":{"x":2.98,"y":30.83,"width":188,"height":188},"EF/390_S1_shine1/390_S1_shine1_00066":{"x":2.98,"y":30.83,"width":188,"height":188},"EF/390_S1_shine1/390_S1_shine1_00068":{"x":2.98,"y":30.83,"width":188,"height":188},"EF/390_S1_shine1/390_S1_shine1_00070":{"x":2.98,"y":30.83,"width":188,"height":188}},"S1_shine1_2":{"EF/390_S1_shine1/390_S1_shine1_00038":{"x":2.98,"y":30.83,"width":188,"height":188},"EF/390_S1_shine1/390_S1_shine1_00040":{"x":2.98,"y":30.83,"width":188,"height":188},"EF/390_S1_shine1/390_S1_shine1_00042":{"x":2.98,"y":30.83,"width":188,"height":188},"EF/390_S1_shine1/390_S1_shine1_00044":{"x":2.98,"y":30.83,"width":188,"height":188},"EF/390_S1_shine1/390_S1_shine1_00046":{"x":2.98,"y":30.83,"width":188,"height":188},"EF/390_S1_shine1/390_S1_shine1_00048":{"x":2.98,"y":30.83,"width":188,"height":188},"EF/390_S1_shine1/390_S1_shine1_00050":{"x":2.98,"y":30.83,"width":188,"height":188},"EF/390_S1_shine1/390_S1_shine1_00052":{"x":2.98,"y":30.83,"width":188,"height":188},"EF/390_S1_shine1/390_S1_shine1_00054":{"x":2.98,"y":30.83,"width":188,"height":188},"EF/390_S1_shine1/390_S1_shine1_00056":{"x":2.98,"y":30.83,"width":188,"height":188},"EF/390_S1_shine1/390_S1_shine1_00058":{"x":2.98,"y":30.83,"width":188,"height":188},"EF/390_S1_shine1/390_S1_shine1_00060":{"x":2.98,"y":30.83,"width":188,"height":188},"EF/390_S1_shine1/390_S1_shine1_00062":{"x":2.98,"y":30.83,"width":188,"height":188},"EF/390_S1_shine1/390_S1_shine1_00064":{"x":2.98,"y":30.83,"width":188,"height":188},"EF/390_S1_shine1/390_S1_shine1_00066":{"x":2.98,"y":30.83,"width":188,"height":188},"EF/390_S1_shine1/390_S1_shine1_00068":{"x":2.98,"y":30.83,"width":188,"height":188},"EF/390_S1_shine1/390_S1_shine1_00070":{"x":2.98,"y":30.83,"width":188,"height":188}},"S1_shine2":{"EF/390_S1_shine1/390_S1_shine1_00038":{"x":2.98,"y":30.83,"width":188,"height":188},"EF/390_S1_shine1/390_S1_shine1_00040":{"x":2.98,"y":30.83,"width":188,"height":188},"EF/390_S1_shine1/390_S1_shine1_00042":{"x":2.98,"y":30.83,"width":188,"height":188},"EF/390_S1_shine1/390_S1_shine1_00044":{"x":2.98,"y":30.83,"width":188,"height":188},"EF/390_S1_shine1/390_S1_shine1_00046":{"x":2.98,"y":30.83,"width":188,"height":188},"EF/390_S1_shine1/390_S1_shine1_00048":{"x":2.98,"y":30.83,"width":188,"height":188},"EF/390_S1_shine1/390_S1_shine1_00050":{"x":2.98,"y":30.83,"width":188,"height":188},"EF/390_S1_shine1/390_S1_shine1_00052":{"x":2.98,"y":30.83,"width":188,"height":188},"EF/390_S1_shine1/390_S1_shine1_00054":{"x":2.98,"y":30.83,"width":188,"height":188},"EF/390_S1_shine1/390_S1_shine1_00056":{"x":2.98,"y":30.83,"width":188,"height":188},"EF/390_S1_shine1/390_S1_shine1_00058":{"x":2.98,"y":30.83,"width":188,"height":188},"EF/390_S1_shine1/390_S1_shine1_00060":{"x":2.98,"y":30.83,"width":188,"height":188},"EF/390_S1_shine1/390_S1_shine1_00062":{"x":2.98,"y":30.83,"width":188,"height":188},"EF/390_S1_shine1/390_S1_shine1_00064":{"x":2.98,"y":30.83,"width":188,"height":188},"EF/390_S1_shine1/390_S1_shine1_00066":{"x":2.98,"y":30.83,"width":188,"height":188},"EF/390_S1_shine1/390_S1_shine1_00068":{"x":2.98,"y":30.83,"width":188,"height":188},"EF/390_S1_shine1/390_S1_shine1_00070":{"x":2.98,"y":30.83,"width":188,"height":188}}}},"animations":{"1-attack1":{"slots":{"EF/Circle_supersoftball":{"attachment":[{"time":0.2333,"name":"EF/Circle_supersoftball"},{"time":0.3333,"name":null},{"time":1.7333,"name":"EF/Circle_supersoftball"},{"time":1.8333,"name":null},{"time":2.1,"name":"EF/Circle_supersoftball"},{"time":2.2,"name":null}]},"S1_ex1":{"attachment":[{"time":0.2333,"name":"EF/390_S1_ex1/390_S1_ex1_00055"},{"time":0.2666,"name":"EF/390_S1_ex1/390_S1_ex1_00056"},{"time":0.3,"name":"EF/390_S1_ex1/390_S1_ex1_00057"},{"time":0.3333,"name":"EF/390_S1_ex1/390_S1_ex1_00058"},{"time":0.3666,"name":"EF/390_S1_ex1/390_S1_ex1_00060"},{"time":0.4,"name":"EF/390_S1_ex1/390_S1_ex1_00061"},{"time":0.4333,"name":"EF/390_S1_ex1/390_S1_ex1_00062"},{"time":0.4666,"name":null},{"time":1.7333,"name":"EF/390_S1_ex1/390_S1_ex1_00055"},{"time":1.7666,"name":"EF/390_S1_ex1/390_S1_ex1_00056"},{"time":1.8,"name":"EF/390_S1_ex1/390_S1_ex1_00057"},{"time":1.8333,"name":"EF/390_S1_ex1/390_S1_ex1_00058"},{"time":1.8666,"name":"EF/390_S1_ex1/390_S1_ex1_00060"},{"time":1.9,"name":"EF/390_S1_ex1/390_S1_ex1_00061"},{"time":1.9333,"name":"EF/390_S1_ex1/390_S1_ex1_00062"},{"time":1.9666,"name":null},{"time":2.1,"name":"EF/390_S1_ex1/390_S1_ex1_00055"},{"time":2.1333,"name":"EF/390_S1_ex1/390_S1_ex1_00056"},{"time":2.1666,"name":"EF/390_S1_ex1/390_S1_ex1_00056"},{"time":2.2,"name":"EF/390_S1_ex1/390_S1_ex1_00057"},{"time":2.2333,"name":"EF/390_S1_ex1/390_S1_ex1_00058"},{"time":2.2666,"name":"EF/390_S1_ex1/390_S1_ex1_00060"},{"time":2.3,"name":"EF/390_S1_ex1/390_S1_ex1_00061"},{"time":2.3333,"name":"EF/390_S1_ex1/390_S1_ex1_00062"},{"time":2.3666,"name":null}],"color":[{"time":0.2333,"color":"a500ffff","curve":[0.374,0.01,0.829,0.7]},{"time":0.4333,"color":"a500ff14","curve":"stepped"},{"time":1.7333,"color":"a500ffff","curve":[0.374,0.01,0.829,0.7]},{"time":1.9333,"color":"a500ff14","curve":"stepped"},{"time":2.1,"color":"a500ffff","curve":[0.374,0.01,0.829,0.7]},{"time":2.3333,"color":"a500ff14"}]}},"bones":{"S1_ex1":{"translate":[{"time":0.2333,"x":-406.57,"y":101,"curve":"stepped"},{"time":0.3333,"x":-413.03,"y":111.01,"curve":"stepped"},{"time":1.7333,"x":-406.57,"y":101,"curve":"stepped"},{"time":1.8333,"x":-416.91,"y":103.26,"curve":"stepped"},{"time":2.1,"x":-406.57,"y":101,"curve":"stepped"},{"time":2.2333,"x":-411.1,"y":114.24}],"scale":[{"time":0.2333,"x":0.302,"y":0.302,"curve":[0.233,0.61,0.627,0.89]},{"time":0.4666,"x":1.23,"y":1.23,"curve":"stepped"},{"time":1.7333,"x":0.302,"y":0.302,"curve":[0.233,0.61,0.621,0.76]},{"time":1.9666,"x":1.23,"y":1.23,"curve":"stepped"},{"time":2.1,"x":0.302,"y":0.302,"curve":[0.233,0.61,0.621,0.76]},{"time":2.3333,"x":1.23,"y":1.23}]},"Circle_supersoftball":{"translate":[{"time":0.2333,"x":-561.93,"y":34.45,"curve":"stepped"},{"time":1.7333,"x":-561.41,"y":36.01,"curve":"stepped"},{"time":2.1,"x":-561.93,"y":34.45}],"scale":[{"time":0.2333,"x":0.104,"y":0.104},{"time":0.3,"x":0.917,"y":0.917,"curve":"stepped"},{"time":1.7333,"x":0.104,"y":0.104},{"time":1.8,"x":0.917,"y":0.917,"curve":"stepped"},{"time":2.1,"x":0.104,"y":0.104},{"time":2.1666,"x":0.917,"y":0.917}]}}},"1-skill1":{"slots":{"EF/Circle_supersoftball":{"attachment":[{"time":1.3666,"name":"EF/Circle_supersoftball"},{"time":1.4666,"name":null}]},"S1_ex1":{"attachment":[{"time":1.3666,"name":"EF/390_S1_ex1/390_S1_ex1_00055"},{"time":1.4,"name":"EF/390_S1_ex1/390_S1_ex1_00056"},{"time":1.4333,"name":"EF/390_S1_ex1/390_S1_ex1_00057"},{"time":1.4666,"name":"EF/390_S1_ex1/390_S1_ex1_00058"},{"time":1.5,"name":"EF/390_S1_ex1/390_S1_ex1_00060"},{"time":1.5333,"name":"EF/390_S1_ex1/390_S1_ex1_00061"},{"time":1.5666,"name":"EF/390_S1_ex1/390_S1_ex1_00062"},{"time":1.6,"name":null}],"color":[{"time":1.3666,"color":"a500ffff","curve":[0.374,0.01,0.829,0.7]},{"time":1.6,"color":"a500ff14"}]},"S1_ex2":{"attachment":[{"time":1.9,"name":"EF/390_S1_ex2/390_S1_ex2_00054"},{"time":1.9333,"name":"EF/390_S1_ex2/390_S1_ex2_00055"},{"time":2,"name":"EF/390_S1_ex2/390_S1_ex2_00057"},{"time":2.0333,"name":"EF/390_S1_ex2/390_S1_ex2_00058"},{"time":2.1,"name":"EF/390_S1_ex2/390_S1_ex2_00060"},{"time":2.1666,"name":"EF/390_S1_ex2/390_S1_ex2_00062"},{"time":2.2,"name":"EF/390_S1_ex2/390_S1_ex2_00063"},{"time":2.2333,"name":"EF/390_S1_ex2/390_S1_ex2_00064"},{"time":2.2666,"name":"EF/390_S1_ex2/390_S1_ex2_00065"},{"time":2.3333,"name":"EF/390_S1_ex2/390_S1_ex2_00067"},{"time":2.4,"name":"EF/390_S1_ex2/390_S1_ex2_00069"},{"time":2.4666,"name":"EF/390_S1_ex2/390_S1_ex2_00071"},{"time":2.5,"name":"EF/390_S1_ex2/390_S1_ex2_00072"},{"time":2.5666,"name":"EF/390_S1_ex2/390_S1_ex2_00074"},{"time":2.6333,"name":"EF/390_S1_ex2/390_S1_ex2_00076"},{"time":2.7,"name":"EF/390_S1_ex2/390_S1_ex2_00078"},{"time":2.7333,"name":null}]},"S1_ex5":{"attachment":[{"time":1.9,"name":"EF/390_S1_ex2/390_S1_ex2_00054"},{"time":1.9333,"name":"EF/390_S1_ex2/390_S1_ex2_00055"},{"time":2,"name":"EF/390_S1_ex2/390_S1_ex2_00057"},{"time":2.0333,"name":"EF/390_S1_ex2/390_S1_ex2_00058"},{"time":2.1,"name":"EF/390_S1_ex2/390_S1_ex2_00060"},{"time":2.1666,"name":"EF/390_S1_ex2/390_S1_ex2_00062"},{"time":2.2,"name":"EF/390_S1_ex2/390_S1_ex2_00063"},{"time":2.2333,"name":"EF/390_S1_ex2/390_S1_ex2_00064"},{"time":2.2666,"name":"EF/390_S1_ex2/390_S1_ex2_00065"},{"time":2.3333,"name":"EF/390_S1_ex2/390_S1_ex2_00067"},{"time":2.4,"name":"EF/390_S1_ex2/390_S1_ex2_00069"},{"time":2.4666,"name":"EF/390_S1_ex2/390_S1_ex2_00071"},{"time":2.5,"name":"EF/390_S1_ex2/390_S1_ex2_00072"},{"time":2.5666,"name":"EF/390_S1_ex2/390_S1_ex2_00074"},{"time":2.6333,"name":"EF/390_S1_ex2/390_S1_ex2_00076"},{"time":2.7,"name":"EF/390_S1_ex2/390_S1_ex2_00078"},{"time":2.7333,"name":null}]},"S1_shine1":{"attachment":[{"time":0.9666,"name":"EF/390_S1_shine1/390_S1_shine1_00038"},{"time":1.0333,"name":"EF/390_S1_shine1/390_S1_shine1_00040"},{"time":1.1,"name":"EF/390_S1_shine1/390_S1_shine1_00042"},{"time":1.1666,"name":"EF/390_S1_shine1/390_S1_shine1_00044"},{"time":1.2333,"name":"EF/390_S1_shine1/390_S1_shine1_00046"},{"time":1.3,"name":"EF/390_S1_shine1/390_S1_shine1_00048"},{"time":1.3666,"name":"EF/390_S1_shine1/390_S1_shine1_00050"},{"time":1.4333,"name":"EF/390_S1_shine1/390_S1_shine1_00052"},{"time":1.5,"name":"EF/390_S1_shine1/390_S1_shine1_00054"},{"time":1.5666,"name":"EF/390_S1_shine1/390_S1_shine1_00056"},{"time":1.6333,"name":"EF/390_S1_shine1/390_S1_shine1_00058"},{"time":1.7,"name":"EF/390_S1_shine1/390_S1_shine1_00060"},{"time":1.7666,"name":"EF/390_S1_shine1/390_S1_shine1_00062"},{"time":1.8333,"name":"EF/390_S1_shine1/390_S1_shine1_00064"},{"time":1.9,"name":"EF/390_S1_shine1/390_S1_shine1_00066"},{"time":1.9666,"name":"EF/390_S1_shine1/390_S1_shine1_00068"},{"time":2.0333,"name":"EF/390_S1_shine1/390_S1_shine1_00070"},{"time":2.1,"name":"EF/390_S1_shine1/390_S1_shine1_00070"},{"time":2.1666,"name":"EF/390_S1_shine1/390_S1_shine1_00068"},{"time":2.2333,"name":"EF/390_S1_shine1/390_S1_shine1_00066"},{"time":2.3,"name":"EF/390_S1_shine1/390_S1_shine1_00064"}],"color":[{"time":2.0666,"color":"ffffffff"},{"time":2.3,"color":"ffffff00"}]},"S1_shine2":{"attachment":[{"time":0.9666,"name":"EF/390_S1_shine1/390_S1_shine1_00038"},{"time":1.0333,"name":"EF/390_S1_shine1/390_S1_shine1_00040"},{"time":1.1,"name":"EF/390_S1_shine1/390_S1_shine1_00042"},{"time":1.1666,"name":"EF/390_S1_shine1/390_S1_shine1_00044"},{"time":1.2333,"name":"EF/390_S1_shine1/390_S1_shine1_00046"},{"time":1.3,"name":"EF/390_S1_shine1/390_S1_shine1_00048"},{"time":1.3666,"name":"EF/390_S1_shine1/390_S1_shine1_00050"},{"time":1.4333,"name":"EF/390_S1_shine1/390_S1_shine1_00052"},{"time":1.5,"name":"EF/390_S1_shine1/390_S1_shine1_00054"},{"time":1.5666,"name":"EF/390_S1_shine1/390_S1_shine1_00056"},{"time":1.6333,"name":"EF/390_S1_shine1/390_S1_shine1_00058"},{"time":1.7,"name":"EF/390_S1_shine1/390_S1_shine1_00060"},{"time":1.7666,"name":"EF/390_S1_shine1/390_S1_shine1_00062"},{"time":1.8333,"name":"EF/390_S1_shine1/390_S1_shine1_00064"},{"time":1.9,"name":"EF/390_S1_shine1/390_S1_shine1_00066"},{"time":1.9666,"name":"EF/390_S1_shine1/390_S1_shine1_00068"},{"time":2.0333,"name":"EF/390_S1_shine1/390_S1_shine1_00070"},{"time":2.1,"name":"EF/390_S1_shine1/390_S1_shine1_00070"},{"time":2.1666,"name":"EF/390_S1_shine1/390_S1_shine1_00068"},{"time":2.2333,"name":"EF/390_S1_shine1/390_S1_shine1_00066"},{"time":2.3,"name":"EF/390_S1_shine1/390_S1_shine1_00064"}],"color":[{"time":2.0666,"color":"ffffffff"},{"time":2.3,"color":"ffffff00"}]}},"bones":{"S1_ex1":{"translate":[{"time":1.3666,"x":-337.12,"y":150.5,"curve":"stepped"},{"time":1.4666,"x":-340.52,"y":160.78}]},"S1_ex2":{"translate":[{"time":1.9,"x":-448.16,"y":136.21}],"scale":[{"time":1.9,"x":2,"y":2}]},"S1_shine1":{"translate":[{"time":0.9666,"x":2.59,"y":105.22}],"scale":[{"time":0.9666,"x":1.3,"y":1.3}]},"Circle_supersoftball":{"translate":[{"time":1.3666,"x":-491.83,"y":86.32}],"scale":[{"time":1.3666,"x":0.104,"y":0.104},{"time":1.4333,"x":0.917,"y":0.917}]}}},"1-skill2":{"slots":{"EF/Circle_supersoftball":{"attachment":[{"time":1.8333,"name":"EF/Circle_supersoftball"},{"time":1.9333,"name":null},{"time":2.8333,"name":"EF/Circle_supersoftball"},{"time":2.9333,"name":null},{"time":3.1333,"name":"EF/Circle_supersoftball"},{"time":3.2333,"name":null},{"time":3.4,"name":"EF/Circle_supersoftball"},{"time":3.5,"name":null},{"time":3.6,"name":"EF/Circle_supersoftball"},{"time":3.7,"name":null}]},"S1_ex1":{"attachment":[{"time":2.8666,"name":"EF/390_S1_ex1/390_S1_ex1_00054"},{"time":2.9,"name":"EF/390_S1_ex1/390_S1_ex1_00055"},{"time":2.9333,"name":"EF/390_S1_ex1/390_S1_ex1_00056"},{"time":2.9666,"name":"EF/390_S1_ex1/390_S1_ex1_00057"},{"time":3,"name":"EF/390_S1_ex1/390_S1_ex1_00058"},{"time":3.0666,"name":"EF/390_S1_ex1/390_S1_ex1_00060"},{"time":3.1,"name":"EF/390_S1_ex1/390_S1_ex1_00061"},{"time":3.1333,"name":"EF/390_S1_ex1/390_S1_ex1_00062"},{"time":3.1666,"name":null}],"color":[{"time":1.8333,"color":"ffffffff","curve":[0.374,0.01,0.829,0.7]},{"time":2.0333,"color":"a500ff14","curve":"stepped"},{"time":2.8333,"color":"ffffffff","curve":[0.374,0.01,0.829,0.7]},{"time":3.0333,"color":"a500ff14","curve":"stepped"},{"time":3.1333,"color":"ffffffff","curve":[0.374,0.01,0.829,0.7]},{"time":3.3333,"color":"a500ff14"}]},"S1_ex2":{"attachment":[{"time":2.9333,"name":"EF/390_S1_ex2/390_S1_ex2_00054"},{"time":2.9666,"name":"EF/390_S1_ex2/390_S1_ex2_00055"},{"time":3.0333,"name":"EF/390_S1_ex2/390_S1_ex2_00057"},{"time":3.0666,"name":"EF/390_S1_ex2/390_S1_ex2_00058"},{"time":3.1333,"name":"EF/390_S1_ex2/390_S1_ex2_00060"},{"time":3.2,"name":"EF/390_S1_ex2/390_S1_ex2_00062"},{"time":3.2333,"name":"EF/390_S1_ex2/390_S1_ex2_00063"},{"time":3.2666,"name":"EF/390_S1_ex2/390_S1_ex2_00064"},{"time":3.3,"name":"EF/390_S1_ex2/390_S1_ex2_00065"},{"time":3.3666,"name":"EF/390_S1_ex2/390_S1_ex2_00067"},{"time":3.4333,"name":"EF/390_S1_ex2/390_S1_ex2_00069"},{"time":3.5,"name":"EF/390_S1_ex2/390_S1_ex2_00071"},{"time":3.5333,"name":"EF/390_S1_ex2/390_S1_ex2_00072"},{"time":3.6,"name":"EF/390_S1_ex2/390_S1_ex2_00074"},{"time":3.6666,"name":"EF/390_S1_ex2/390_S1_ex2_00076"},{"time":3.7333,"name":"EF/390_S1_ex2/390_S1_ex2_00078"},{"time":3.7666,"name":null}]},"S1_ex3":{"attachment":[{"time":1.8333,"name":"EF/390_S1_ex1/390_S1_ex1_00055"},{"time":1.8666,"name":"EF/390_S1_ex1/390_S1_ex1_00056"},{"time":1.9,"name":"EF/390_S1_ex1/390_S1_ex1_00057"},{"time":1.9333,"name":"EF/390_S1_ex1/390_S1_ex1_00058"},{"time":1.9666,"name":"EF/390_S1_ex1/390_S1_ex1_00060"},{"time":2,"name":"EF/390_S1_ex1/390_S1_ex1_00061"},{"time":2.0333,"name":"EF/390_S1_ex1/390_S1_ex1_00062"},{"time":2.0666,"name":null},{"time":2.8333,"name":"EF/390_S1_ex1/390_S1_ex1_00055"},{"time":2.8666,"name":"EF/390_S1_ex1/390_S1_ex1_00056"},{"time":2.9,"name":"EF/390_S1_ex1/390_S1_ex1_00057"},{"time":2.9333,"name":"EF/390_S1_ex1/390_S1_ex1_00058"},{"time":2.9666,"name":"EF/390_S1_ex1/390_S1_ex1_00060"},{"time":3,"name":"EF/390_S1_ex1/390_S1_ex1_00061"},{"time":3.0333,"name":"EF/390_S1_ex1/390_S1_ex1_00062"},{"time":3.0666,"name":null},{"time":3.1333,"name":"EF/390_S1_ex1/390_S1_ex1_00055"},{"time":3.1666,"name":"EF/390_S1_ex1/390_S1_ex1_00056"},{"time":3.2,"name":"EF/390_S1_ex1/390_S1_ex1_00057"},{"time":3.2333,"name":"EF/390_S1_ex1/390_S1_ex1_00058"},{"time":3.2666,"name":"EF/390_S1_ex1/390_S1_ex1_00060"},{"time":3.3,"name":"EF/390_S1_ex1/390_S1_ex1_00061"},{"time":3.3333,"name":"EF/390_S1_ex1/390_S1_ex1_00062"},{"time":3.3666,"name":null},{"time":3.4,"name":"EF/390_S1_ex1/390_S1_ex1_00057"},{"time":3.4333,"name":"EF/390_S1_ex1/390_S1_ex1_00058"},{"time":3.4666,"name":"EF/390_S1_ex1/390_S1_ex1_00060"},{"time":3.5,"name":"EF/390_S1_ex1/390_S1_ex1_00061"},{"time":3.5333,"name":"EF/390_S1_ex1/390_S1_ex1_00062"},{"time":3.5666,"name":null},{"time":3.6,"name":"EF/390_S1_ex1/390_S1_ex1_00055"},{"time":3.6333,"name":"EF/390_S1_ex1/390_S1_ex1_00056"},{"time":3.6666,"name":"EF/390_S1_ex1/390_S1_ex1_00057"},{"time":3.7,"name":"EF/390_S1_ex1/390_S1_ex1_00058"},{"time":3.7333,"name":"EF/390_S1_ex1/390_S1_ex1_00060"},{"time":3.7666,"name":"EF/390_S1_ex1/390_S1_ex1_00061"},{"time":3.8,"name":"EF/390_S1_ex1/390_S1_ex1_00062"},{"time":3.8333,"name":null}],"color":[{"time":1.8333,"color":"a500ffff","curve":[0.374,0.01,0.829,0.7]},{"time":2.0666,"color":"a500ff14","curve":"stepped"},{"time":2.8333,"color":"a500ffff","curve":[0.374,0.01,0.829,0.7]},{"time":3.0666,"color":"a500ff14","curve":"stepped"},{"time":3.1333,"color":"a500ffff","curve":[0.374,0.01,0.829,0.7]},{"time":3.3666,"color":"a500ff14","curve":"stepped"},{"time":3.4,"color":"a500ffff","curve":[0.374,0.01,0.829,0.7]},{"time":3.5666,"color":"a500ff14","curve":"stepped"},{"time":3.6,"color":"a500ffff","curve":[0.374,0.01,0.829,0.7]},{"time":3.8333,"color":"a500ff14"}]},"S1_ex5":{"attachment":[{"time":2.9333,"name":"EF/390_S1_ex2/390_S1_ex2_00054"},{"time":2.9666,"name":"EF/390_S1_ex2/390_S1_ex2_00055"},{"time":3.0333,"name":"EF/390_S1_ex2/390_S1_ex2_00057"},{"time":3.0666,"name":"EF/390_S1_ex2/390_S1_ex2_00058"},{"time":3.1333,"name":"EF/390_S1_ex2/390_S1_ex2_00060"},{"time":3.2,"name":"EF/390_S1_ex2/390_S1_ex2_00062"},{"time":3.2333,"name":"EF/390_S1_ex2/390_S1_ex2_00063"},{"time":3.2666,"name":"EF/390_S1_ex2/390_S1_ex2_00064"},{"time":3.3,"name":"EF/390_S1_ex2/390_S1_ex2_00065"},{"time":3.3666,"name":"EF/390_S1_ex2/390_S1_ex2_00067"},{"time":3.4333,"name":"EF/390_S1_ex2/390_S1_ex2_00069"},{"time":3.5,"name":"EF/390_S1_ex2/390_S1_ex2_00071"},{"time":3.5333,"name":"EF/390_S1_ex2/390_S1_ex2_00072"},{"time":3.6,"name":"EF/390_S1_ex2/390_S1_ex2_00074"},{"time":3.6666,"name":"EF/390_S1_ex2/390_S1_ex2_00076"},{"time":3.7333,"name":"EF/390_S1_ex2/390_S1_ex2_00078"},{"time":3.7666,"name":null}]},"S1_ex1_2":{"attachment":[{"time":2.9333,"name":"EF/390_S1_ex1/390_S1_ex1_00054"},{"time":2.9666,"name":"EF/390_S1_ex1/390_S1_ex1_00055"},{"time":3,"name":"EF/390_S1_ex1/390_S1_ex1_00056"},{"time":3.0333,"name":"EF/390_S1_ex1/390_S1_ex1_00057"},{"time":3.0666,"name":"EF/390_S1_ex1/390_S1_ex1_00058"},{"time":3.1333,"name":"EF/390_S1_ex1/390_S1_ex1_00060"},{"time":3.1666,"name":"EF/390_S1_ex1/390_S1_ex1_00061"},{"time":3.2,"name":"EF/390_S1_ex1/390_S1_ex1_00062"},{"time":3.2333,"name":null}]},"S1_ex1_4":{"attachment":[{"time":3,"name":"EF/390_S1_ex1/390_S1_ex1_00054"},{"time":3.0333,"name":"EF/390_S1_ex1/390_S1_ex1_00055"},{"time":3.0666,"name":"EF/390_S1_ex1/390_S1_ex1_00056"},{"time":3.1,"name":"EF/390_S1_ex1/390_S1_ex1_00057"},{"time":3.1333,"name":"EF/390_S1_ex1/390_S1_ex1_00058"},{"time":3.2,"name":"EF/390_S1_ex1/390_S1_ex1_00060"},{"time":3.2333,"name":"EF/390_S1_ex1/390_S1_ex1_00061"},{"time":3.2666,"name":"EF/390_S1_ex1/390_S1_ex1_00062"},{"time":3.3,"name":null}]},"S1_ex2_2":{"attachment":[{"time":3,"name":"EF/390_S1_ex2/390_S1_ex2_00054"},{"time":3.0333,"name":"EF/390_S1_ex2/390_S1_ex2_00055"},{"time":3.1,"name":"EF/390_S1_ex2/390_S1_ex2_00057"},{"time":3.1333,"name":"EF/390_S1_ex2/390_S1_ex2_00058"},{"time":3.2,"name":"EF/390_S1_ex2/390_S1_ex2_00060"},{"time":3.2666,"name":"EF/390_S1_ex2/390_S1_ex2_00062"},{"time":3.3,"name":"EF/390_S1_ex2/390_S1_ex2_00063"},{"time":3.3333,"name":"EF/390_S1_ex2/390_S1_ex2_00064"},{"time":3.3666,"name":"EF/390_S1_ex2/390_S1_ex2_00065"},{"time":3.4333,"name":"EF/390_S1_ex2/390_S1_ex2_00067"},{"time":3.5,"name":"EF/390_S1_ex2/390_S1_ex2_00069"},{"time":3.5666,"name":"EF/390_S1_ex2/390_S1_ex2_00071"},{"time":3.6,"name":"EF/390_S1_ex2/390_S1_ex2_00072"},{"time":3.6666,"name":"EF/390_S1_ex2/390_S1_ex2_00074"},{"time":3.7333,"name":"EF/390_S1_ex2/390_S1_ex2_00076"},{"time":3.8,"name":"EF/390_S1_ex2/390_S1_ex2_00078"},{"time":3.8333,"name":null}]},"S1_ex2_4":{"attachment":[{"time":3.1333,"name":"EF/390_S1_ex2/390_S1_ex2_00054"},{"time":3.1666,"name":"EF/390_S1_ex2/390_S1_ex2_00055"},{"time":3.2333,"name":"EF/390_S1_ex2/390_S1_ex2_00057"},{"time":3.2666,"name":"EF/390_S1_ex2/390_S1_ex2_00058"},{"time":3.3333,"name":"EF/390_S1_ex2/390_S1_ex2_00060"},{"time":3.4,"name":"EF/390_S1_ex2/390_S1_ex2_00062"},{"time":3.4333,"name":"EF/390_S1_ex2/390_S1_ex2_00063"},{"time":3.4666,"name":"EF/390_S1_ex2/390_S1_ex2_00064"},{"time":3.5,"name":"EF/390_S1_ex2/390_S1_ex2_00065"},{"time":3.5666,"name":"EF/390_S1_ex2/390_S1_ex2_00067"},{"time":3.6333,"name":"EF/390_S1_ex2/390_S1_ex2_00069"},{"time":3.7,"name":"EF/390_S1_ex2/390_S1_ex2_00071"},{"time":3.7333,"name":"EF/390_S1_ex2/390_S1_ex2_00072"},{"time":3.8,"name":"EF/390_S1_ex2/390_S1_ex2_00074"},{"time":3.8666,"name":"EF/390_S1_ex2/390_S1_ex2_00076"},{"time":3.9333,"name":"EF/390_S1_ex2/390_S1_ex2_00078"},{"time":3.9666,"name":null}]},"S1_ex2_5":{"attachment":[{"time":3,"name":"EF/390_S1_ex2/390_S1_ex2_00054"},{"time":3.0333,"name":"EF/390_S1_ex2/390_S1_ex2_00055"},{"time":3.1,"name":"EF/390_S1_ex2/390_S1_ex2_00057"},{"time":3.1333,"name":"EF/390_S1_ex2/390_S1_ex2_00058"},{"time":3.2,"name":"EF/390_S1_ex2/390_S1_ex2_00060"},{"time":3.2666,"name":"EF/390_S1_ex2/390_S1_ex2_00062"},{"time":3.3,"name":"EF/390_S1_ex2/390_S1_ex2_00063"},{"time":3.3333,"name":"EF/390_S1_ex2/390_S1_ex2_00064"},{"time":3.3666,"name":"EF/390_S1_ex2/390_S1_ex2_00065"},{"time":3.4333,"name":"EF/390_S1_ex2/390_S1_ex2_00067"},{"time":3.5,"name":"EF/390_S1_ex2/390_S1_ex2_00069"},{"time":3.5666,"name":"EF/390_S1_ex2/390_S1_ex2_00071"},{"time":3.6,"name":"EF/390_S1_ex2/390_S1_ex2_00072"},{"time":3.6666,"name":"EF/390_S1_ex2/390_S1_ex2_00074"},{"time":3.7333,"name":"EF/390_S1_ex2/390_S1_ex2_00076"},{"time":3.8,"name":"EF/390_S1_ex2/390_S1_ex2_00078"},{"time":3.8333,"name":null}]},"S1_ex2_7":{"attachment":[{"time":3.1333,"name":"EF/390_S1_ex2/390_S1_ex2_00054"},{"time":3.1666,"name":"EF/390_S1_ex2/390_S1_ex2_00055"},{"time":3.2333,"name":"EF/390_S1_ex2/390_S1_ex2_00057"},{"time":3.2666,"name":"EF/390_S1_ex2/390_S1_ex2_00058"},{"time":3.3333,"name":"EF/390_S1_ex2/390_S1_ex2_00060"},{"time":3.4,"name":"EF/390_S1_ex2/390_S1_ex2_00062"},{"time":3.4333,"name":"EF/390_S1_ex2/390_S1_ex2_00063"},{"time":3.4666,"name":"EF/390_S1_ex2/390_S1_ex2_00064"},{"time":3.5,"name":"EF/390_S1_ex2/390_S1_ex2_00065"},{"time":3.5666,"name":"EF/390_S1_ex2/390_S1_ex2_00067"},{"time":3.6333,"name":"EF/390_S1_ex2/390_S1_ex2_00069"},{"time":3.7,"name":"EF/390_S1_ex2/390_S1_ex2_00071"},{"time":3.7333,"name":"EF/390_S1_ex2/390_S1_ex2_00072"},{"time":3.8,"name":"EF/390_S1_ex2/390_S1_ex2_00074"},{"time":3.8666,"name":"EF/390_S1_ex2/390_S1_ex2_00076"},{"time":3.9333,"name":"EF/390_S1_ex2/390_S1_ex2_00078"},{"time":3.9666,"name":null}]},"S1_shine1":{"attachment":[{"time":0.9666,"name":"EF/390_S1_shine1/390_S1_shine1_00038"},{"time":1.0333,"name":"EF/390_S1_shine1/390_S1_shine1_00040"},{"time":1.1,"name":"EF/390_S1_shine1/390_S1_shine1_00042"},{"time":1.1666,"name":"EF/390_S1_shine1/390_S1_shine1_00044"},{"time":1.2333,"name":"EF/390_S1_shine1/390_S1_shine1_00046"},{"time":1.3,"name":"EF/390_S1_shine1/390_S1_shine1_00048"},{"time":1.3666,"name":"EF/390_S1_shine1/390_S1_shine1_00050"},{"time":1.4333,"name":"EF/390_S1_shine1/390_S1_shine1_00052"},{"time":1.5,"name":"EF/390_S1_shine1/390_S1_shine1_00054"},{"time":1.5666,"name":"EF/390_S1_shine1/390_S1_shine1_00056"},{"time":1.6333,"name":"EF/390_S1_shine1/390_S1_shine1_00058"},{"time":1.7,"name":"EF/390_S1_shine1/390_S1_shine1_00060"},{"time":1.7666,"name":"EF/390_S1_shine1/390_S1_shine1_00062"},{"time":1.8333,"name":"EF/390_S1_shine1/390_S1_shine1_00064"},{"time":1.9,"name":"EF/390_S1_shine1/390_S1_shine1_00066"},{"time":1.9666,"name":"EF/390_S1_shine1/390_S1_shine1_00068"},{"time":2.0333,"name":"EF/390_S1_shine1/390_S1_shine1_00070"},{"time":2.3333,"name":"EF/390_S1_shine1/390_S1_shine1_00050"},{"time":2.4,"name":"EF/390_S1_shine1/390_S1_shine1_00052"},{"time":2.4666,"name":"EF/390_S1_shine1/390_S1_shine1_00064"},{"time":2.5333,"name":"EF/390_S1_shine1/390_S1_shine1_00066"},{"time":2.6,"name":"EF/390_S1_shine1/390_S1_shine1_00068"},{"time":2.6666,"name":"EF/390_S1_shine1/390_S1_shine1_00070"},{"time":2.7333,"name":"EF/390_S1_shine1/390_S1_shine1_00070"},{"time":2.8,"name":"EF/390_S1_shine1/390_S1_shine1_00068"},{"time":2.8666,"name":"EF/390_S1_shine1/390_S1_shine1_00066"}],"color":[{"time":1.8333,"color":"ffffffff"},{"time":2.0666,"color":"ffffff00","curve":"stepped"},{"time":2.3333,"color":"ffffffff","curve":"stepped"},{"time":2.6333,"color":"ffffffff"},{"time":2.8666,"color":"ffffff00"}]},"S1_shine1_2":{"attachment":[{"time":1.7,"name":"EF/390_S1_shine1/390_S1_shine1_00038"},{"time":1.7666,"name":"EF/390_S1_shine1/390_S1_shine1_00040"},{"time":1.8333,"name":"EF/390_S1_shine1/390_S1_shine1_00042"},{"time":1.9,"name":"EF/390_S1_shine1/390_S1_shine1_00044"},{"time":1.9666,"name":"EF/390_S1_shine1/390_S1_shine1_00046"},{"time":2.0333,"name":"EF/390_S1_shine1/390_S1_shine1_00048"},{"time":2.1,"name":"EF/390_S1_shine1/390_S1_shine1_00050"},{"time":2.1666,"name":"EF/390_S1_shine1/390_S1_shine1_00052"},{"time":2.2333,"name":"EF/390_S1_shine1/390_S1_shine1_00054"},{"time":2.3,"name":"EF/390_S1_shine1/390_S1_shine1_00056"},{"time":2.3666,"name":"EF/390_S1_shine1/390_S1_shine1_00058"},{"time":2.4333,"name":"EF/390_S1_shine1/390_S1_shine1_00060"},{"time":2.5,"name":"EF/390_S1_shine1/390_S1_shine1_00062"},{"time":2.5666,"name":"EF/390_S1_shine1/390_S1_shine1_00064"},{"time":2.6333,"name":null}],"color":[{"time":2.4,"color":"ffffffff"},{"time":2.6333,"color":"ffffff00"}]}},"bones":{"S1_ex1":{"translate":[{"time":2.8666,"x":-491.03,"y":36.31}],"scale":[{"time":2.8666,"x":1.804,"y":1.804}]},"S1_ex2":{"translate":[{"time":2.9333,"x":-665.4,"y":65.64}],"scale":[{"time":2.9333,"x":1.817,"y":1.817}]},"S1_ex1_5":{"translate":[{"time":1.8333,"x":-340.39,"y":151.62,"curve":"stepped"},{"time":1.9333,"x":-339.72,"y":163.35,"curve":"stepped"},{"time":2.8333,"x":-415.93,"y":93.33,"curve":"stepped"},{"time":2.9666,"x":-410.68,"y":111.94,"curve":"stepped"},{"time":3.1333,"x":-408.88,"y":99.56,"curve":"stepped"},{"time":3.3,"x":-412,"y":116.09,"curve":"stepped"},{"time":3.4,"x":-407.22,"y":99.14,"curve":"stepped"},{"time":3.4666,"x":-411.27,"y":113.18,"curve":"stepped"},{"time":3.6,"x":-410.12,"y":101.63,"curve":"stepped"},{"time":3.7333,"x":-412.93,"y":115.05}]},"S1_ex1_2":{"translate":[{"time":2.9333,"x":-765.19,"y":15.68}],"scale":[{"time":2.9333,"x":1.819,"y":1.819}]},"S1_ex1_4":{"translate":[{"time":3,"x":-597.46,"y":139.41}],"scale":[{"time":3,"x":1.809,"y":1.809}]},"S1_ex2_2":{"translate":[{"time":3,"x":-350.39,"y":-43.55}],"scale":[{"time":3,"x":1.819,"y":1.819}]},"S1_ex2_4":{"translate":[{"time":3.1333,"x":-516.02,"y":182.83}],"scale":[{"time":3.1333,"x":1.817,"y":1.817}]},"S1_shine1":{"translate":[{"time":0.9666,"x":2.59,"y":105.22}],"scale":[{"time":0.9666,"x":1.3,"y":1.3}]},"S1_shine1_2":{"translate":[{"time":1.7,"x":2.6,"y":105.23}],"scale":[{"time":1.7,"x":1.3,"y":1.3}]},"Circle_supersoftball":{"translate":[{"time":1.8333,"x":-494.99,"y":83.95,"curve":"stepped"},{"time":2.8333,"x":-568.65,"y":25.34,"curve":"stepped"},{"time":3.1333,"x":-557.94,"y":35.33,"curve":"stepped"},{"time":3.4,"x":-561.15,"y":35.33,"curve":"stepped"},{"time":3.6,"x":-565.79,"y":36.05}],"scale":[{"time":1.8333,"x":0.104,"y":0.104},{"time":1.9,"x":0.917,"y":0.917,"curve":"stepped"},{"time":2.8333,"x":0.104,"y":0.104},{"time":2.9,"x":0.917,"y":0.917,"curve":"stepped"},{"time":3.1333,"x":0.104,"y":0.104},{"time":3.2,"x":0.917,"y":0.917,"curve":"stepped"},{"time":3.4,"x":0.104,"y":0.104},{"time":3.4666,"x":0.917,"y":0.917,"curve":"stepped"},{"time":3.6,"x":0.104,"y":0.104},{"time":3.6666,"x":0.917,"y":0.917}]}}},"2-attack1":{"slots":{"EF/Circle_supersoftball":{"attachment":[{"time":0.2333,"name":"EF/Circle_supersoftball"},{"time":0.3333,"name":null},{"time":1.7333,"name":"EF/Circle_supersoftball"},{"time":1.8333,"name":null},{"time":2.1,"name":"EF/Circle_supersoftball"},{"time":2.2,"name":null}]},"S1_ex1":{"color":[{"time":0.2333,"color":"ffffffff","curve":[0.374,0.01,0.829,0.7]},{"time":0.4333,"color":"a500ff14"}]},"S1_ex3":{"attachment":[{"time":0.2333,"name":"EF/390_S1_ex1/390_S1_ex1_00055"},{"time":0.2666,"name":"EF/390_S1_ex1/390_S1_ex1_00056"},{"time":0.3,"name":"EF/390_S1_ex1/390_S1_ex1_00057"},{"time":0.3333,"name":"EF/390_S1_ex1/390_S1_ex1_00058"},{"time":0.3666,"name":"EF/390_S1_ex1/390_S1_ex1_00060"},{"time":0.4,"name":"EF/390_S1_ex1/390_S1_ex1_00061"},{"time":0.4333,"name":"EF/390_S1_ex1/390_S1_ex1_00062"},{"time":0.4666,"name":null},{"time":1.7333,"name":"EF/390_S1_ex1/390_S1_ex1_00055"},{"time":1.7666,"name":"EF/390_S1_ex1/390_S1_ex1_00056"},{"time":1.8,"name":"EF/390_S1_ex1/390_S1_ex1_00057"},{"time":1.8333,"name":"EF/390_S1_ex1/390_S1_ex1_00058"},{"time":1.8666,"name":"EF/390_S1_ex1/390_S1_ex1_00060"},{"time":1.9,"name":"EF/390_S1_ex1/390_S1_ex1_00061"},{"time":1.9333,"name":"EF/390_S1_ex1/390_S1_ex1_00062"},{"time":1.9666,"name":null},{"time":2.1,"name":"EF/390_S1_ex1/390_S1_ex1_00055"},{"time":2.1333,"name":"EF/390_S1_ex1/390_S1_ex1_00056"},{"time":2.1666,"name":"EF/390_S1_ex1/390_S1_ex1_00057"},{"time":2.2,"name":"EF/390_S1_ex1/390_S1_ex1_00058"},{"time":2.2333,"name":"EF/390_S1_ex1/390_S1_ex1_00060"},{"time":2.2666,"name":"EF/390_S1_ex1/390_S1_ex1_00061"},{"time":2.3,"name":"EF/390_S1_ex1/390_S1_ex1_00062"},{"time":2.3333,"name":null}],"color":[{"time":0.2333,"color":"a500ffff","curve":[0.374,0.01,0.829,0.7]},{"time":0.4666,"color":"a500ff14","curve":"stepped"},{"time":1.7333,"color":"a500ffff","curve":[0.374,0.01,0.829,0.7]},{"time":1.9666,"color":"a500ff14","curve":"stepped"},{"time":2.1,"color":"a500ffff","curve":[0.374,0.01,0.829,0.7]},{"time":2.3333,"color":"a500ff14"}]}},"bones":{"S1_ex1_5":{"translate":[{"time":0.2333,"x":-421.29,"y":110.41,"curve":"stepped"},{"time":0.3333,"x":-411.83,"y":117.4,"curve":"stepped"},{"time":1.7333,"x":-421.29,"y":110.41,"curve":"stepped"},{"time":1.8333,"x":-420.38,"y":107.56,"curve":"stepped"},{"time":2.1,"x":-421.29,"y":110.41,"curve":"stepped"},{"time":2.2,"x":-412.87,"y":112.74}]},"Circle_supersoftball":{"translate":[{"time":0.2333,"x":-574.87,"y":44.05,"curve":"stepped"},{"time":1.7333,"x":-565.35,"y":34.54,"curve":"stepped"},{"time":2.1,"x":-563.13,"y":37.39}],"scale":[{"time":0.2333,"x":0.104,"y":0.104},{"time":0.3,"x":0.917,"y":0.917,"curve":"stepped"},{"time":1.7333,"x":0.104,"y":0.104},{"time":1.8,"x":0.917,"y":0.917,"curve":"stepped"},{"time":2.1,"x":0.104,"y":0.104},{"time":2.1666,"x":0.917,"y":0.917}]}}},"2-skill1":{"slots":{"EF/Circle_supersoftball":{"attachment":[{"time":1.3666,"name":"EF/Circle_supersoftball"},{"time":1.4666,"name":null}]},"S1_ex1":{"attachment":[{"time":1.3666,"name":"EF/390_S1_ex1/390_S1_ex1_00038"},{"time":1.4,"name":"EF/390_S1_ex1/390_S1_ex1_00039"},{"time":1.4333,"name":"EF/390_S1_ex1/390_S1_ex1_00040"},{"time":1.5,"name":"EF/390_S1_ex1/390_S1_ex1_00042"},{"time":1.5666,"name":"EF/390_S1_ex1/390_S1_ex1_00044"},{"time":1.6,"name":"EF/390_S1_ex1/390_S1_ex1_00045"},{"time":1.6333,"name":"EF/390_S1_ex1/390_S1_ex1_00046"},{"time":1.7,"name":"EF/390_S1_ex1/390_S1_ex1_00048"},{"time":1.7333,"name":"EF/390_S1_ex1/390_S1_ex1_00049"},{"time":1.7666,"name":"EF/390_S1_ex1/390_S1_ex1_00050"},{"time":1.8333,"name":"EF/390_S1_ex1/390_S1_ex1_00052"},{"time":1.9,"name":"EF/390_S1_ex1/390_S1_ex1_00054"},{"time":1.9333,"name":"EF/390_S1_ex1/390_S1_ex1_00055"},{"time":1.9666,"name":"EF/390_S1_ex1/390_S1_ex1_00056"},{"time":2,"name":"EF/390_S1_ex1/390_S1_ex1_00057"},{"time":2.0333,"name":"EF/390_S1_ex1/390_S1_ex1_00058"},{"time":2.1,"name":"EF/390_S1_ex1/390_S1_ex1_00060"},{"time":2.1333,"name":"EF/390_S1_ex1/390_S1_ex1_00061"},{"time":2.1666,"name":"EF/390_S1_ex1/390_S1_ex1_00062"},{"time":2.2,"name":null}]},"S1_ex2":{"attachment":[{"time":1.9,"name":"EF/390_S1_ex2/390_S1_ex2_00054"},{"time":1.9333,"name":"EF/390_S1_ex2/390_S1_ex2_00055"},{"time":2,"name":"EF/390_S1_ex2/390_S1_ex2_00057"},{"time":2.0333,"name":"EF/390_S1_ex2/390_S1_ex2_00058"},{"time":2.1,"name":"EF/390_S1_ex2/390_S1_ex2_00060"},{"time":2.1666,"name":"EF/390_S1_ex2/390_S1_ex2_00062"},{"time":2.2,"name":"EF/390_S1_ex2/390_S1_ex2_00063"},{"time":2.2333,"name":"EF/390_S1_ex2/390_S1_ex2_00064"},{"time":2.2666,"name":"EF/390_S1_ex2/390_S1_ex2_00065"},{"time":2.3333,"name":"EF/390_S1_ex2/390_S1_ex2_00067"},{"time":2.4,"name":"EF/390_S1_ex2/390_S1_ex2_00069"},{"time":2.4666,"name":"EF/390_S1_ex2/390_S1_ex2_00071"},{"time":2.5,"name":"EF/390_S1_ex2/390_S1_ex2_00072"},{"time":2.5666,"name":"EF/390_S1_ex2/390_S1_ex2_00074"},{"time":2.6333,"name":"EF/390_S1_ex2/390_S1_ex2_00076"},{"time":2.7,"name":"EF/390_S1_ex2/390_S1_ex2_00078"},{"time":2.7333,"name":null}]},"S1_ex3":{"attachment":[{"time":1.3666,"name":"EF/390_S1_ex1/390_S1_ex1_00055"},{"time":1.4,"name":"EF/390_S1_ex1/390_S1_ex1_00056"},{"time":1.4333,"name":"EF/390_S1_ex1/390_S1_ex1_00057"},{"time":1.4666,"name":"EF/390_S1_ex1/390_S1_ex1_00058"},{"time":1.5,"name":"EF/390_S1_ex1/390_S1_ex1_00060"},{"time":1.5333,"name":"EF/390_S1_ex1/390_S1_ex1_00061"},{"time":1.5666,"name":"EF/390_S1_ex1/390_S1_ex1_00062"},{"time":1.6,"name":null}],"color":[{"time":1.3666,"color":"a500ffff","curve":[0.374,0.01,0.829,0.7]},{"time":1.6,"color":"a500ff14"}]},"S1_ex5":{"attachment":[{"time":1.9,"name":"EF/390_S1_ex2/390_S1_ex2_00054"},{"time":1.9333,"name":"EF/390_S1_ex2/390_S1_ex2_00055"},{"time":2,"name":"EF/390_S1_ex2/390_S1_ex2_00057"},{"time":2.0333,"name":"EF/390_S1_ex2/390_S1_ex2_00058"},{"time":2.1,"name":"EF/390_S1_ex2/390_S1_ex2_00060"},{"time":2.1666,"name":"EF/390_S1_ex2/390_S1_ex2_00062"},{"time":2.2,"name":"EF/390_S1_ex2/390_S1_ex2_00063"},{"time":2.2333,"name":"EF/390_S1_ex2/390_S1_ex2_00064"},{"time":2.2666,"name":"EF/390_S1_ex2/390_S1_ex2_00065"},{"time":2.3333,"name":"EF/390_S1_ex2/390_S1_ex2_00067"},{"time":2.4,"name":"EF/390_S1_ex2/390_S1_ex2_00069"},{"time":2.4666,"name":"EF/390_S1_ex2/390_S1_ex2_00071"},{"time":2.5,"name":"EF/390_S1_ex2/390_S1_ex2_00072"},{"time":2.5666,"name":"EF/390_S1_ex2/390_S1_ex2_00074"},{"time":2.6333,"name":"EF/390_S1_ex2/390_S1_ex2_00076"},{"time":2.7,"name":"EF/390_S1_ex2/390_S1_ex2_00078"},{"time":2.7333,"name":null}]},"S1_ex6":{"attachment":[{"time":1.3666,"name":"EF/390_S1_ex1/390_S1_ex1_00038"},{"time":1.4,"name":"EF/390_S1_ex1/390_S1_ex1_00039"},{"time":1.4333,"name":"EF/390_S1_ex1/390_S1_ex1_00040"},{"time":1.5,"name":"EF/390_S1_ex1/390_S1_ex1_00042"},{"time":1.5666,"name":"EF/390_S1_ex1/390_S1_ex1_00044"},{"time":1.6,"name":"EF/390_S1_ex1/390_S1_ex1_00045"},{"time":1.6333,"name":"EF/390_S1_ex1/390_S1_ex1_00046"},{"time":1.7,"name":"EF/390_S1_ex1/390_S1_ex1_00048"},{"time":1.7333,"name":"EF/390_S1_ex1/390_S1_ex1_00049"},{"time":1.7666,"name":"EF/390_S1_ex1/390_S1_ex1_00050"},{"time":1.8333,"name":"EF/390_S1_ex1/390_S1_ex1_00052"},{"time":1.9,"name":"EF/390_S1_ex1/390_S1_ex1_00054"},{"time":1.9333,"name":"EF/390_S1_ex1/390_S1_ex1_00055"},{"time":1.9666,"name":"EF/390_S1_ex1/390_S1_ex1_00056"},{"time":2,"name":"EF/390_S1_ex1/390_S1_ex1_00057"},{"time":2.0333,"name":"EF/390_S1_ex1/390_S1_ex1_00058"},{"time":2.1,"name":"EF/390_S1_ex1/390_S1_ex1_00060"},{"time":2.1333,"name":"EF/390_S1_ex1/390_S1_ex1_00061"},{"time":2.1666,"name":"EF/390_S1_ex1/390_S1_ex1_00062"},{"time":2.2,"name":null}]},"S1_shine1":{"attachment":[{"time":0.9666,"name":"EF/390_S1_shine1/390_S1_shine1_00038"},{"time":1.0333,"name":"EF/390_S1_shine1/390_S1_shine1_00040"},{"time":1.1,"name":"EF/390_S1_shine1/390_S1_shine1_00042"},{"time":1.1666,"name":"EF/390_S1_shine1/390_S1_shine1_00044"},{"time":1.2333,"name":"EF/390_S1_shine1/390_S1_shine1_00046"},{"time":1.3,"name":"EF/390_S1_shine1/390_S1_shine1_00048"},{"time":1.3666,"name":"EF/390_S1_shine1/390_S1_shine1_00050"},{"time":1.4333,"name":"EF/390_S1_shine1/390_S1_shine1_00052"},{"time":1.5,"name":"EF/390_S1_shine1/390_S1_shine1_00054"},{"time":1.5666,"name":"EF/390_S1_shine1/390_S1_shine1_00056"},{"time":1.6333,"name":"EF/390_S1_shine1/390_S1_shine1_00058"},{"time":1.7,"name":"EF/390_S1_shine1/390_S1_shine1_00060"},{"time":1.7666,"name":"EF/390_S1_shine1/390_S1_shine1_00062"},{"time":1.8333,"name":"EF/390_S1_shine1/390_S1_shine1_00064"},{"time":1.9,"name":"EF/390_S1_shine1/390_S1_shine1_00066"},{"time":1.9666,"name":"EF/390_S1_shine1/390_S1_shine1_00068"},{"time":2.0333,"name":"EF/390_S1_shine1/390_S1_shine1_00070"},{"time":2.1,"name":"EF/390_S1_shine1/390_S1_shine1_00070"},{"time":2.1666,"name":"EF/390_S1_shine1/390_S1_shine1_00068"},{"time":2.2333,"name":"EF/390_S1_shine1/390_S1_shine1_00066"},{"time":2.3,"name":"EF/390_S1_shine1/390_S1_shine1_00064"}],"color":[{"time":2.0666,"color":"ffffffff"},{"time":2.3,"color":"ffffff00"}]},"S1_shine2":{"attachment":[{"time":0.9666,"name":"EF/390_S1_shine1/390_S1_shine1_00038"},{"time":1.0333,"name":"EF/390_S1_shine1/390_S1_shine1_00040"},{"time":1.1,"name":"EF/390_S1_shine1/390_S1_shine1_00042"},{"time":1.1666,"name":"EF/390_S1_shine1/390_S1_shine1_00044"},{"time":1.2333,"name":"EF/390_S1_shine1/390_S1_shine1_00046"},{"time":1.3,"name":"EF/390_S1_shine1/390_S1_shine1_00048"},{"time":1.3666,"name":"EF/390_S1_shine1/390_S1_shine1_00050"},{"time":1.4333,"name":"EF/390_S1_shine1/390_S1_shine1_00052"},{"time":1.5,"name":"EF/390_S1_shine1/390_S1_shine1_00054"},{"time":1.5666,"name":"EF/390_S1_shine1/390_S1_shine1_00056"},{"time":1.6333,"name":"EF/390_S1_shine1/390_S1_shine1_00058"},{"time":1.7,"name":"EF/390_S1_shine1/390_S1_shine1_00060"},{"time":1.7666,"name":"EF/390_S1_shine1/390_S1_shine1_00062"},{"time":1.8333,"name":"EF/390_S1_shine1/390_S1_shine1_00064"},{"time":1.9,"name":"EF/390_S1_shine1/390_S1_shine1_00066"},{"time":1.9666,"name":"EF/390_S1_shine1/390_S1_shine1_00068"},{"time":2.0333,"name":"EF/390_S1_shine1/390_S1_shine1_00070"},{"time":2.1,"name":"EF/390_S1_shine1/390_S1_shine1_00068"},{"time":2.1666,"name":"EF/390_S1_shine1/390_S1_shine1_00066"},{"time":2.2333,"name":"EF/390_S1_shine1/390_S1_shine1_00064"},{"time":2.3,"name":"EF/390_S1_shine1/390_S1_shine1_00062"}],"color":[{"time":2.0666,"color":"ffffffff"},{"time":2.3,"color":"ffffff00"}]}},"bones":{"S1_ex1":{"translate":[{"time":1.3666,"x":-548.87,"y":132.28}],"scale":[{"time":1.3666,"x":1.8,"y":1.8}]},"S1_ex2":{"translate":[{"time":1.9,"x":-448.16,"y":136.21}],"scale":[{"time":1.9,"x":2,"y":2}]},"S1_ex1_5":{"translate":[{"time":1.3666,"x":-342.68,"y":153.28,"curve":"stepped"},{"time":1.4666,"x":-342.57,"y":163.53}],"scale":[{"time":1.3666,"x":1.1,"y":1.1}]},"S1_shine1":{"translate":[{"time":0.9666,"x":2.59,"y":105.22}],"scale":[{"time":0.9666,"x":1.3,"y":1.3}]},"Circle_supersoftball":{"translate":[{"time":1.3666,"x":-492.33,"y":83.99}],"scale":[{"time":1.3666,"x":0.104,"y":0.104},{"time":1.4333,"x":0.917,"y":0.917}]}}},"2-skill2":{"slots":{"EF/Circle_supersoftball":{"attachment":[{"time":1.7666,"name":"EF/Circle_supersoftball"},{"time":1.8666,"name":null},{"time":3.4,"name":"EF/Circle_supersoftball"},{"time":3.5,"name":null},{"time":3.6666,"name":"EF/Circle_supersoftball"},{"time":3.7666,"name":null},{"time":3.8666,"name":"EF/Circle_supersoftball"},{"time":3.9666,"name":null},{"time":4.1333,"name":"EF/Circle_supersoftball"},{"time":4.2333,"name":null}]},"S1_ex1":{"attachment":[{"time":3.3666,"name":"EF/390_S1_ex1/390_S1_ex1_00054"},{"time":3.4,"name":"EF/390_S1_ex1/390_S1_ex1_00055"},{"time":3.4333,"name":"EF/390_S1_ex1/390_S1_ex1_00056"},{"time":3.4666,"name":"EF/390_S1_ex1/390_S1_ex1_00057"},{"time":3.5,"name":"EF/390_S1_ex1/390_S1_ex1_00058"},{"time":3.5666,"name":"EF/390_S1_ex1/390_S1_ex1_00060"},{"time":3.6,"name":"EF/390_S1_ex1/390_S1_ex1_00061"},{"time":3.6333,"name":"EF/390_S1_ex1/390_S1_ex1_00062"},{"time":3.6666,"name":null}],"color":[{"time":1.7666,"color":"ffffffff","curve":[0.374,0.01,0.829,0.7]},{"time":1.9666,"color":"a500ff14"}]},"S1_ex2":{"attachment":[{"time":3.4333,"name":"EF/390_S1_ex2/390_S1_ex2_00054"},{"time":3.4666,"name":"EF/390_S1_ex2/390_S1_ex2_00055"},{"time":3.5333,"name":"EF/390_S1_ex2/390_S1_ex2_00057"},{"time":3.5666,"name":"EF/390_S1_ex2/390_S1_ex2_00058"},{"time":3.6333,"name":"EF/390_S1_ex2/390_S1_ex2_00060"},{"time":3.7,"name":"EF/390_S1_ex2/390_S1_ex2_00062"},{"time":3.7333,"name":"EF/390_S1_ex2/390_S1_ex2_00063"},{"time":3.7666,"name":"EF/390_S1_ex2/390_S1_ex2_00064"},{"time":3.8,"name":"EF/390_S1_ex2/390_S1_ex2_00065"},{"time":3.8666,"name":"EF/390_S1_ex2/390_S1_ex2_00067"},{"time":3.9333,"name":"EF/390_S1_ex2/390_S1_ex2_00069"},{"time":4,"name":"EF/390_S1_ex2/390_S1_ex2_00071"},{"time":4.0333,"name":"EF/390_S1_ex2/390_S1_ex2_00072"},{"time":4.1,"name":"EF/390_S1_ex2/390_S1_ex2_00074"},{"time":4.1666,"name":"EF/390_S1_ex2/390_S1_ex2_00076"},{"time":4.2333,"name":"EF/390_S1_ex2/390_S1_ex2_00078"},{"time":4.2666,"name":null}]},"S1_ex3":{"attachment":[{"time":1.7666,"name":"EF/390_S1_ex1/390_S1_ex1_00055"},{"time":1.8,"name":"EF/390_S1_ex1/390_S1_ex1_00056"},{"time":1.8333,"name":"EF/390_S1_ex1/390_S1_ex1_00057"},{"time":1.8666,"name":"EF/390_S1_ex1/390_S1_ex1_00058"},{"time":1.9,"name":"EF/390_S1_ex1/390_S1_ex1_00060"},{"time":1.9333,"name":"EF/390_S1_ex1/390_S1_ex1_00061"},{"time":1.9666,"name":"EF/390_S1_ex1/390_S1_ex1_00062"},{"time":2,"name":null},{"time":3.4,"name":"EF/390_S1_ex1/390_S1_ex1_00055"},{"time":3.4333,"name":"EF/390_S1_ex1/390_S1_ex1_00056"},{"time":3.4666,"name":"EF/390_S1_ex1/390_S1_ex1_00057"},{"time":3.5,"name":"EF/390_S1_ex1/390_S1_ex1_00058"},{"time":3.5333,"name":"EF/390_S1_ex1/390_S1_ex1_00060"},{"time":3.5666,"name":"EF/390_S1_ex1/390_S1_ex1_00061"},{"time":3.6,"name":"EF/390_S1_ex1/390_S1_ex1_00062"},{"time":3.6333,"name":null},{"time":3.6666,"name":"EF/390_S1_ex1/390_S1_ex1_00057"},{"time":3.7,"name":"EF/390_S1_ex1/390_S1_ex1_00058"},{"time":3.7333,"name":"EF/390_S1_ex1/390_S1_ex1_00060"},{"time":3.7666,"name":"EF/390_S1_ex1/390_S1_ex1_00061"},{"time":3.8,"name":"EF/390_S1_ex1/390_S1_ex1_00062"},{"time":3.8333,"name":null},{"time":3.8666,"name":"EF/390_S1_ex1/390_S1_ex1_00055"},{"time":3.9,"name":"EF/390_S1_ex1/390_S1_ex1_00056"},{"time":3.9333,"name":"EF/390_S1_ex1/390_S1_ex1_00057"},{"time":3.9666,"name":"EF/390_S1_ex1/390_S1_ex1_00058"},{"time":4,"name":"EF/390_S1_ex1/390_S1_ex1_00060"},{"time":4.0333,"name":"EF/390_S1_ex1/390_S1_ex1_00061"},{"time":4.0666,"name":"EF/390_S1_ex1/390_S1_ex1_00062"},{"time":4.1,"name":null},{"time":4.1333,"name":"EF/390_S1_ex1/390_S1_ex1_00055"},{"time":4.1666,"name":"EF/390_S1_ex1/390_S1_ex1_00056"},{"time":4.2,"name":"EF/390_S1_ex1/390_S1_ex1_00057"},{"time":4.2333,"name":"EF/390_S1_ex1/390_S1_ex1_00058"},{"time":4.2666,"name":"EF/390_S1_ex1/390_S1_ex1_00060"},{"time":4.3,"name":"EF/390_S1_ex1/390_S1_ex1_00061"},{"time":4.3333,"name":"EF/390_S1_ex1/390_S1_ex1_00062"},{"time":4.3666,"name":null}],"color":[{"time":1.7666,"color":"a500ffff","curve":[0.374,0.01,0.829,0.7]},{"time":2,"color":"a500ff14","curve":"stepped"},{"time":3.4,"color":"a500ffff","curve":[0.374,0.01,0.829,0.7]},{"time":3.6333,"color":"a500ff14","curve":"stepped"},{"time":3.6666,"color":"a500ffff","curve":[0.374,0.01,0.829,0.7]},{"time":3.8333,"color":"a500ff14","curve":"stepped"},{"time":3.8666,"color":"a500ffff","curve":[0.374,0.01,0.829,0.7]},{"time":4.1,"color":"a500ff14","curve":"stepped"},{"time":4.1333,"color":"a500ffff","curve":[0.374,0.01,0.829,0.7]},{"time":4.3666,"color":"a500ff14"}]},"S1_ex1_2":{"attachment":[{"time":3.4333,"name":"EF/390_S1_ex1/390_S1_ex1_00054"},{"time":3.4666,"name":"EF/390_S1_ex1/390_S1_ex1_00055"},{"time":3.5,"name":"EF/390_S1_ex1/390_S1_ex1_00056"},{"time":3.5333,"name":"EF/390_S1_ex1/390_S1_ex1_00057"},{"time":3.5666,"name":"EF/390_S1_ex1/390_S1_ex1_00058"},{"time":3.6333,"name":"EF/390_S1_ex1/390_S1_ex1_00060"},{"time":3.6666,"name":"EF/390_S1_ex1/390_S1_ex1_00061"},{"time":3.7,"name":"EF/390_S1_ex1/390_S1_ex1_00062"},{"time":3.7333,"name":null}]},"S1_ex1_3":{"attachment":[{"time":3.5,"name":"EF/390_S1_ex1/390_S1_ex1_00054"},{"time":3.5333,"name":"EF/390_S1_ex1/390_S1_ex1_00055"},{"time":3.5666,"name":"EF/390_S1_ex1/390_S1_ex1_00056"},{"time":3.6,"name":"EF/390_S1_ex1/390_S1_ex1_00057"},{"time":3.6333,"name":"EF/390_S1_ex1/390_S1_ex1_00058"},{"time":3.7,"name":"EF/390_S1_ex1/390_S1_ex1_00060"},{"time":3.7333,"name":"EF/390_S1_ex1/390_S1_ex1_00061"},{"time":3.7666,"name":"EF/390_S1_ex1/390_S1_ex1_00062"},{"time":3.8,"name":null}]},"S1_ex1_4":{"attachment":[{"time":3.5666,"name":"EF/390_S1_ex1/390_S1_ex1_00054"},{"time":3.6,"name":"EF/390_S1_ex1/390_S1_ex1_00055"},{"time":3.6333,"name":"EF/390_S1_ex1/390_S1_ex1_00056"},{"time":3.6666,"name":"EF/390_S1_ex1/390_S1_ex1_00057"},{"time":3.7,"name":"EF/390_S1_ex1/390_S1_ex1_00058"},{"time":3.7666,"name":"EF/390_S1_ex1/390_S1_ex1_00060"},{"time":3.8,"name":"EF/390_S1_ex1/390_S1_ex1_00061"},{"time":3.8333,"name":"EF/390_S1_ex1/390_S1_ex1_00062"},{"time":3.8666,"name":null}]},"S1_ex2_2":{"attachment":[{"time":3.5,"name":"EF/390_S1_ex2/390_S1_ex2_00054"},{"time":3.5333,"name":"EF/390_S1_ex2/390_S1_ex2_00055"},{"time":3.6,"name":"EF/390_S1_ex2/390_S1_ex2_00057"},{"time":3.6333,"name":"EF/390_S1_ex2/390_S1_ex2_00058"},{"time":3.7,"name":"EF/390_S1_ex2/390_S1_ex2_00060"},{"time":3.7666,"name":"EF/390_S1_ex2/390_S1_ex2_00062"},{"time":3.8,"name":"EF/390_S1_ex2/390_S1_ex2_00063"},{"time":3.8333,"name":"EF/390_S1_ex2/390_S1_ex2_00064"},{"time":3.8666,"name":"EF/390_S1_ex2/390_S1_ex2_00065"},{"time":3.9333,"name":"EF/390_S1_ex2/390_S1_ex2_00067"},{"time":4,"name":"EF/390_S1_ex2/390_S1_ex2_00069"},{"time":4.0666,"name":"EF/390_S1_ex2/390_S1_ex2_00071"},{"time":4.1,"name":"EF/390_S1_ex2/390_S1_ex2_00072"},{"time":4.1666,"name":"EF/390_S1_ex2/390_S1_ex2_00074"},{"time":4.2333,"name":"EF/390_S1_ex2/390_S1_ex2_00076"},{"time":4.3,"name":"EF/390_S1_ex2/390_S1_ex2_00078"},{"time":4.3333,"name":null}]},"S1_ex2_3":{"attachment":[{"time":3.5666,"name":"EF/390_S1_ex2/390_S1_ex2_00054"},{"time":3.6,"name":"EF/390_S1_ex2/390_S1_ex2_00055"},{"time":3.6666,"name":"EF/390_S1_ex2/390_S1_ex2_00057"},{"time":3.7,"name":"EF/390_S1_ex2/390_S1_ex2_00058"},{"time":3.7666,"name":"EF/390_S1_ex2/390_S1_ex2_00060"},{"time":3.8333,"name":"EF/390_S1_ex2/390_S1_ex2_00062"},{"time":3.8666,"name":"EF/390_S1_ex2/390_S1_ex2_00063"},{"time":3.9,"name":"EF/390_S1_ex2/390_S1_ex2_00064"},{"time":3.9333,"name":"EF/390_S1_ex2/390_S1_ex2_00065"},{"time":4,"name":"EF/390_S1_ex2/390_S1_ex2_00067"},{"time":4.0666,"name":"EF/390_S1_ex2/390_S1_ex2_00069"},{"time":4.1333,"name":"EF/390_S1_ex2/390_S1_ex2_00071"},{"time":4.1666,"name":"EF/390_S1_ex2/390_S1_ex2_00072"},{"time":4.2333,"name":"EF/390_S1_ex2/390_S1_ex2_00074"},{"time":4.3,"name":"EF/390_S1_ex2/390_S1_ex2_00076"},{"time":4.3666,"name":"EF/390_S1_ex2/390_S1_ex2_00078"},{"time":4.4,"name":null}]},"S1_ex2_4":{"attachment":[{"time":3.6333,"name":"EF/390_S1_ex2/390_S1_ex2_00054"},{"time":3.6666,"name":"EF/390_S1_ex2/390_S1_ex2_00055"},{"time":3.7333,"name":"EF/390_S1_ex2/390_S1_ex2_00057"},{"time":3.7666,"name":"EF/390_S1_ex2/390_S1_ex2_00058"},{"time":3.8333,"name":"EF/390_S1_ex2/390_S1_ex2_00060"},{"time":3.9,"name":"EF/390_S1_ex2/390_S1_ex2_00062"},{"time":3.9333,"name":"EF/390_S1_ex2/390_S1_ex2_00063"},{"time":3.9666,"name":"EF/390_S1_ex2/390_S1_ex2_00064"},{"time":4,"name":"EF/390_S1_ex2/390_S1_ex2_00065"},{"time":4.0666,"name":"EF/390_S1_ex2/390_S1_ex2_00067"},{"time":4.1333,"name":"EF/390_S1_ex2/390_S1_ex2_00069"},{"time":4.2,"name":"EF/390_S1_ex2/390_S1_ex2_00071"},{"time":4.2333,"name":"EF/390_S1_ex2/390_S1_ex2_00072"},{"time":4.3,"name":"EF/390_S1_ex2/390_S1_ex2_00074"},{"time":4.3666,"name":"EF/390_S1_ex2/390_S1_ex2_00076"},{"time":4.4333,"name":"EF/390_S1_ex2/390_S1_ex2_00078"},{"time":4.4666,"name":null}]},"S1_shine1":{"attachment":[{"time":0.9666,"name":"EF/390_S1_shine1/390_S1_shine1_00038"},{"time":1.0333,"name":"EF/390_S1_shine1/390_S1_shine1_00040"},{"time":1.1,"name":"EF/390_S1_shine1/390_S1_shine1_00042"},{"time":1.1666,"name":"EF/390_S1_shine1/390_S1_shine1_00044"},{"time":1.2333,"name":"EF/390_S1_shine1/390_S1_shine1_00046"},{"time":1.3,"name":"EF/390_S1_shine1/390_S1_shine1_00048"},{"time":1.3666,"name":"EF/390_S1_shine1/390_S1_shine1_00050"},{"time":1.4333,"name":"EF/390_S1_shine1/390_S1_shine1_00052"},{"time":1.5,"name":"EF/390_S1_shine1/390_S1_shine1_00054"},{"time":1.5666,"name":"EF/390_S1_shine1/390_S1_shine1_00056"},{"time":1.6333,"name":"EF/390_S1_shine1/390_S1_shine1_00058"},{"time":1.7,"name":"EF/390_S1_shine1/390_S1_shine1_00060"},{"time":1.7666,"name":"EF/390_S1_shine1/390_S1_shine1_00062"},{"time":1.8333,"name":"EF/390_S1_shine1/390_S1_shine1_00064"},{"time":1.9,"name":"EF/390_S1_shine1/390_S1_shine1_00066"},{"time":1.9666,"name":"EF/390_S1_shine1/390_S1_shine1_00068"},{"time":2.0333,"name":"EF/390_S1_shine1/390_S1_shine1_00070"},{"time":2.3333,"name":"EF/390_S1_shine1/390_S1_shine1_00038"},{"time":2.4,"name":"EF/390_S1_shine1/390_S1_shine1_00040"},{"time":2.4666,"name":"EF/390_S1_shine1/390_S1_shine1_00042"},{"time":2.5333,"name":"EF/390_S1_shine1/390_S1_shine1_00044"},{"time":2.6,"name":"EF/390_S1_shine1/390_S1_shine1_00046"},{"time":2.6666,"name":"EF/390_S1_shine1/390_S1_shine1_00048"},{"time":2.7333,"name":"EF/390_S1_shine1/390_S1_shine1_00050"},{"time":2.8,"name":"EF/390_S1_shine1/390_S1_shine1_00052"},{"time":2.8666,"name":"EF/390_S1_shine1/390_S1_shine1_00054"},{"time":2.9333,"name":"EF/390_S1_shine1/390_S1_shine1_00056"},{"time":3,"name":"EF/390_S1_shine1/390_S1_shine1_00058"},{"time":3.0666,"name":"EF/390_S1_shine1/390_S1_shine1_00060"},{"time":3.1333,"name":"EF/390_S1_shine1/390_S1_shine1_00062"},{"time":3.2,"name":"EF/390_S1_shine1/390_S1_shine1_00064"},{"time":3.2666,"name":"EF/390_S1_shine1/390_S1_shine1_00066"},{"time":3.3333,"name":"EF/390_S1_shine1/390_S1_shine1_00068"},{"time":3.4,"name":"EF/390_S1_shine1/390_S1_shine1_00070"},{"time":3.4666,"name":"EF/390_S1_shine1/390_S1_shine1_00070"},{"time":3.5333,"name":"EF/390_S1_shine1/390_S1_shine1_00068"},{"time":3.6,"name":"EF/390_S1_shine1/390_S1_shine1_00066"}],"color":[{"time":1.8333,"color":"ffffffff"},{"time":2.0666,"color":"ffffff00","curve":"stepped"},{"time":2.3333,"color":"ffffffff","curve":"stepped"},{"time":3.2,"color":"ffffffff"},{"time":3.4333,"color":"ffffff00"}]},"S1_shine1_2":{"attachment":[{"time":1.7,"name":"EF/390_S1_shine1/390_S1_shine1_00038"},{"time":1.7666,"name":"EF/390_S1_shine1/390_S1_shine1_00040"},{"time":1.8333,"name":"EF/390_S1_shine1/390_S1_shine1_00042"},{"time":1.9,"name":"EF/390_S1_shine1/390_S1_shine1_00044"},{"time":1.9666,"name":"EF/390_S1_shine1/390_S1_shine1_00046"},{"time":2.0333,"name":"EF/390_S1_shine1/390_S1_shine1_00048"},{"time":2.1,"name":"EF/390_S1_shine1/390_S1_shine1_00050"},{"time":2.1666,"name":"EF/390_S1_shine1/390_S1_shine1_00052"},{"time":2.2333,"name":"EF/390_S1_shine1/390_S1_shine1_00054"},{"time":2.3,"name":"EF/390_S1_shine1/390_S1_shine1_00056"},{"time":2.3666,"name":"EF/390_S1_shine1/390_S1_shine1_00058"},{"time":2.4333,"name":"EF/390_S1_shine1/390_S1_shine1_00060"},{"time":2.5,"name":"EF/390_S1_shine1/390_S1_shine1_00062"},{"time":2.5666,"name":"EF/390_S1_shine1/390_S1_shine1_00064"},{"time":2.6333,"name":"EF/390_S1_shine1/390_S1_shine1_00066"},{"time":2.7,"name":"EF/390_S1_shine1/390_S1_shine1_00068"},{"time":2.7666,"name":"EF/390_S1_shine1/390_S1_shine1_00070"},{"time":2.8333,"name":null}],"color":[{"time":2.6,"color":"ffffffff"},{"time":2.8333,"color":"ffffff00"}]}},"bones":{"S1_ex1":{"translate":[{"time":3.3666,"x":-491.03,"y":36.31}],"scale":[{"time":3.3666,"x":2,"y":2}]},"S1_ex2":{"translate":[{"time":3.4333,"x":-665.4,"y":65.64}],"scale":[{"time":3.4333,"x":2,"y":2}]},"S1_ex1_5":{"translate":[{"time":1.7666,"x":-346.54,"y":137.69,"curve":"stepped"},{"time":1.8666,"x":-338.49,"y":164.35,"curve":"stepped"},{"time":3.4,"x":-406.69,"y":101.78,"curve":"stepped"},{"time":3.5,"x":-411.63,"y":116.31,"curve":"stepped"},{"time":3.6666,"x":-400.36,"y":99.86,"curve":"stepped"},{"time":3.7333,"x":-404.26,"y":116.63,"curve":"stepped"},{"time":3.8666,"x":-408.94,"y":106.49,"curve":"stepped"},{"time":3.9666,"x":-412.45,"y":117.8,"curve":"stepped"},{"time":4.1333,"x":-410.5,"y":100.92,"curve":"stepped"},{"time":4.2333,"x":-410.07,"y":114.12}]},"S1_ex1_2":{"translate":[{"time":3.4333,"x":-765.19,"y":15.68}],"scale":[{"time":3.4333,"x":2,"y":2}]},"S1_ex1_3":{"translate":[{"time":3.5,"x":-817.28,"y":221.24}],"scale":[{"time":3.5,"x":2,"y":2}]},"S1_ex1_4":{"translate":[{"time":3.5666,"x":-598.71,"y":94.33}],"scale":[{"time":3.5666,"x":2,"y":2}]},"S1_ex2_2":{"translate":[{"time":3.5,"x":-350.39,"y":-43.55}],"scale":[{"time":3.5,"x":2,"y":2}]},"S1_ex2_3":{"translate":[{"time":3.5666,"x":-715.61,"y":252.22}],"scale":[{"time":3.5666,"x":2,"y":2}]},"S1_ex2_4":{"translate":[{"time":3.6333,"x":-521.03,"y":139}],"scale":[{"time":3.6333,"x":2,"y":2}]},"S1_shine1":{"translate":[{"time":0.9666,"x":2.59,"y":105.22}],"scale":[{"time":0.9666,"x":1.3,"y":1.3}]},"S1_shine1_2":{"translate":[{"time":1.7,"x":2.6,"y":105.23}],"scale":[{"time":1.7,"x":1.3,"y":1.3}]},"Circle_supersoftball":{"translate":[{"time":1.7666,"x":-495.71,"y":83.1,"curve":"stepped"},{"time":3.4,"x":-561.05,"y":33.6,"curve":"stepped"},{"time":3.6666,"x":-562.54,"y":35.58,"curve":"stepped"},{"time":3.8666,"x":-561.55,"y":37.07,"curve":"stepped"},{"time":4.1333,"x":-562.54,"y":37.07}],"scale":[{"time":1.7666,"x":0.104,"y":0.104},{"time":1.8333,"x":0.917,"y":0.917,"curve":"stepped"},{"time":3.4,"x":0.104,"y":0.104},{"time":3.4666,"x":0.917,"y":0.917,"curve":"stepped"},{"time":3.6666,"x":0.104,"y":0.104},{"time":3.7333,"x":0.917,"y":0.917,"curve":"stepped"},{"time":3.8666,"x":0.104,"y":0.104},{"time":3.9333,"x":0.917,"y":0.917,"curve":"stepped"},{"time":4.1333,"x":0.104,"y":0.104},{"time":4.2,"x":0.917,"y":0.917}]}}},"empty":{"slots":{"S1_ex1":{"attachment":[{"time":0,"name":null}]},"S1_ex2":{"attachment":[{"time":0,"name":null}]},"S1_ex1_2":{"attachment":[{"time":0,"name":null}]},"S1_ex1_3":{"attachment":[{"time":0,"name":null}]},"S1_ex1_4":{"attachment":[{"time":0,"name":null}]},"S1_ex2_2":{"attachment":[{"time":0,"name":null}]},"S1_ex2_3":{"attachment":[{"time":0,"name":null}]},"S1_ex2_4":{"attachment":[{"time":0,"name":null}]},"S1_shine1":{"attachment":[{"time":0,"name":null}]},"S1_shine1_2":{"attachment":[{"time":0,"name":null}]}}}}}