{"skeleton":{"hash":"FoG0IPINj2meOXo620I+CMBHE5s","spine":"3.0.12","width":512,"height":512},"bones":[{"name":"root"},{"name":"graund_wave_2","parent":"root","x":100,"y":-200},{"name":"graund_wave_1","parent":"root","x":100,"y":-200},{"name":"graund_wave_0","parent":"root","x":100,"y":-200},{"name":"ef_slash","parent":"root","x":100,"y":-150},{"name":"MAIN","parent":"root","y":85},{"name":"skill3_dot","parent":"MAIN","x":69.62,"y":-4.37,"scaleX":2,"scaleY":2}],"slots":[{"name":"EF/main_graund_wave_A_main/ef_graund_wave_A_main_00001","bone":"graund_wave_0","blend":"additive"},{"name":"EF/main_graund_wave_A_main/ef_graund_wave_A_main_1","bone":"graund_wave_1","blend":"additive"},{"name":"EF/main_graund_wave_A_main/ef_graund_wave_A_main_2","bone":"graund_wave_2","blend":"additive"},{"name":"MAIN","bone":"MAIN","attachment":"idle"},{"name":"EF/ef_slash_main/ef_slash_main_00001","bone":"ef_slash","blend":"additive"},{"name":"dot_EF/skill3/skill3_00","bone":"skill3_dot"},{"name":"dot_EF/skill3/skill3_04_1","bone":"skill3_dot"}],"skins":{"default":{"EF/ef_slash_main/ef_slash_main_00001":{"EF/ef_slash_main/ef_slash_main_00001":{"x":19,"y":0.6,"rotation":270,"width":100,"height":167},"EF/ef_slash_main/ef_slash_main_00002":{"x":19,"y":0.6,"rotation":270,"width":100,"height":167},"EF/ef_slash_main/ef_slash_main_00003":{"x":19,"y":0.6,"rotation":270,"width":100,"height":167},"EF/ef_slash_main/ef_slash_main_00004":{"x":19,"y":0.6,"rotation":270,"width":100,"height":167},"EF/ef_slash_main/ef_slash_main_00005":{"x":19,"y":0.6,"rotation":270,"width":100,"height":167},"EF/ef_slash_main/ef_slash_main_00006":{"x":19,"y":0.6,"rotation":270,"width":100,"height":167},"EF/ef_slash_main/ef_slash_main_00007":{"x":19,"y":0.6,"rotation":270,"width":100,"height":167},"EF/ef_slash_main/ef_slash_main_00008":{"x":19,"y":0.6,"rotation":270,"width":100,"height":167},"EF/ef_slash_main/ef_slash_main_00009":{"x":19,"y":0.6,"rotation":270,"width":100,"height":167},"EF/ef_slash_main/ef_slash_main_00010":{"x":19,"y":0.6,"rotation":270,"width":100,"height":167}},"EF/main_graund_wave_A_main/ef_graund_wave_A_main_00001":{"EF/main_graund_wave_A_main/ef_graund_wave_A_main_00001":{"x":-0.52,"y":10.6,"width":200,"height":133},"EF/main_graund_wave_A_main/ef_graund_wave_A_main_00003":{"x":-0.52,"y":10.6,"width":200,"height":133},"EF/main_graund_wave_A_main/ef_graund_wave_A_main_00005":{"x":-0.52,"y":10.6,"width":200,"height":133},"EF/main_graund_wave_A_main/ef_graund_wave_A_main_00007":{"x":-0.52,"y":10.6,"width":200,"height":133},"EF/main_graund_wave_A_main/ef_graund_wave_A_main_00009":{"x":-0.52,"y":10.6,"width":200,"height":133},"EF/main_graund_wave_A_main/ef_graund_wave_A_main_00011":{"x":-0.52,"y":10.6,"width":200,"height":133},"EF/main_graund_wave_A_main/ef_graund_wave_A_main_00013":{"x":-0.52,"y":10.6,"width":200,"height":133}},"EF/main_graund_wave_A_main/ef_graund_wave_A_main_1":{"EF/main_graund_wave_A_main/ef_graund_wave_A_main_00001":{"x":-0.52,"y":10.6,"width":200,"height":133},"EF/main_graund_wave_A_main/ef_graund_wave_A_main_00003":{"x":-0.52,"y":10.6,"width":200,"height":133},"EF/main_graund_wave_A_main/ef_graund_wave_A_main_00005":{"x":-0.52,"y":10.6,"width":200,"height":133},"EF/main_graund_wave_A_main/ef_graund_wave_A_main_00007":{"x":-0.52,"y":10.6,"width":200,"height":133},"EF/main_graund_wave_A_main/ef_graund_wave_A_main_00009":{"x":-0.52,"y":10.6,"width":200,"height":133},"EF/main_graund_wave_A_main/ef_graund_wave_A_main_00011":{"x":-0.52,"y":10.6,"width":200,"height":133},"EF/main_graund_wave_A_main/ef_graund_wave_A_main_00013":{"x":-0.52,"y":10.6,"width":200,"height":133}},"EF/main_graund_wave_A_main/ef_graund_wave_A_main_2":{"EF/main_graund_wave_A_main/ef_graund_wave_A_main_00001":{"x":-0.52,"y":10.6,"width":200,"height":133},"EF/main_graund_wave_A_main/ef_graund_wave_A_main_00003":{"x":-0.52,"y":10.6,"width":200,"height":133},"EF/main_graund_wave_A_main/ef_graund_wave_A_main_00005":{"x":-0.52,"y":10.6,"width":200,"height":133},"EF/main_graund_wave_A_main/ef_graund_wave_A_main_00007":{"x":-0.52,"y":10.6,"width":200,"height":133},"EF/main_graund_wave_A_main/ef_graund_wave_A_main_00009":{"x":-0.52,"y":10.6,"width":200,"height":133},"EF/main_graund_wave_A_main/ef_graund_wave_A_main_00011":{"x":-0.52,"y":10.6,"width":200,"height":133},"EF/main_graund_wave_A_main/ef_graund_wave_A_main_00013":{"x":-0.52,"y":10.6,"width":200,"height":133}},"MAIN":{"back":{"x":5.77,"y":-7.59,"scaleX":2,"scaleY":2,"width":256,"height":256},"back2":{"x":5.77,"y":-7.59,"scaleX":2,"scaleY":2,"width":256,"height":256},"damage":{"x":5.77,"y":-7.59,"scaleX":2,"scaleY":2,"width":256,"height":256},"down_00":{"x":5.77,"y":-7.59,"scaleX":2,"scaleY":2,"width":256,"height":256},"down_01":{"x":5.77,"y":-7.59,"scaleX":2,"scaleY":2,"width":256,"height":256},"down_02":{"x":5.77,"y":-7.59,"scaleX":2,"scaleY":2,"width":256,"height":256},"down_03":{"x":5.77,"y":-7.59,"scaleX":2,"scaleY":2,"width":256,"height":256},"front":{"x":5.77,"y":-7.59,"scaleX":2,"scaleY":2,"width":256,"height":256},"front2":{"x":5.77,"y":-7.59,"scaleX":2,"scaleY":2,"width":256,"height":256},"idle":{"x":5.77,"y":-7.59,"scaleX":2,"scaleY":2,"width":256,"height":256},"idle2":{"x":5.77,"y":-7.59,"scaleX":2,"scaleY":2,"width":256,"height":256},"skill3_00":{"x":5.77,"y":-7.59,"scaleX":2,"scaleY":2,"width":256,"height":256},"skill3_01":{"x":5.77,"y":-7.59,"scaleX":2,"scaleY":2,"width":256,"height":256},"skill3_02":{"x":5.77,"y":-7.59,"scaleX":2,"scaleY":2,"width":256,"height":256},"skill3_03":{"x":5.77,"y":-7.59,"scaleX":2,"scaleY":2,"width":256,"height":256},"skill3_04":{"x":5.77,"y":-7.59,"scaleX":2,"scaleY":2,"width":256,"height":256},"skill3_05":{"x":5.77,"y":-7.59,"scaleX":2,"scaleY":2,"width":256,"height":256},"skill3_06":{"x":5.77,"y":-7.59,"scaleX":2,"scaleY":2,"width":256,"height":256},"skill3_07":{"x":5.77,"y":-7.59,"scaleX":2,"scaleY":2,"width":256,"height":256},"skill3_08":{"x":5.77,"y":-7.59,"scaleX":2,"scaleY":2,"width":256,"height":256}},"dot_EF/skill3/skill3_00":{"dot_EF/skill3/skill3_00":{"x":-0.14,"y":18.98,"width":23,"height":119},"dot_EF/skill3/skill3_01":{"x":-0.14,"y":18.98,"width":23,"height":119},"dot_EF/skill3/skill3_02":{"x":-0.14,"y":18.98,"width":23,"height":119},"dot_EF/skill3/skill3_03":{"x":-0.14,"y":18.98,"width":23,"height":119},"dot_EF/skill3/skill3_04":{"x":-0.14,"y":18.98,"width":23,"height":121}},"dot_EF/skill3/skill3_04_1":{"dot_EF/skill3/skill3_04_1":{"x":-0.14,"y":18.98,"width":23,"height":121},"dot_EF/skill3/skill3_04_2":{"x":-0.14,"y":18.98,"width":23,"height":121}}}},"animations":{"back":{"slots":{"MAIN":{"attachment":[{"time":0,"name":"back"}]}}},"back2":{"slots":{"MAIN":{"attachment":[{"time":0,"name":"back2"}]}}},"damage":{"slots":{"MAIN":{"attachment":[{"time":0,"name":"damage"}]}}},"down":{"slots":{"MAIN":{"attachment":[{"time":0,"name":"down_00"},{"time":0.5,"name":"down_01"},{"time":0.6333,"name":"down_02"},{"time":0.7666,"name":"down_03"}]}}},"down2":{"slots":{"MAIN":{"attachment":[{"time":0,"name":"down_03"}]}}},"front":{"slots":{"MAIN":{"attachment":[{"time":0,"name":"front"}]}}},"front2":{"slots":{"MAIN":{"attachment":[{"time":0,"name":"front2"}]}}},"idle":{"slots":{"MAIN":{"attachment":[{"time":0,"name":"idle"}]}}},"idle2":{"slots":{"MAIN":{"attachment":[{"time":0,"name":"idle2"}]}}},"kneel":{"slots":{"MAIN":{"attachment":[{"time":0,"name":"down_00"}]}}},"sword":{"slots":{"EF/ef_slash_main/ef_slash_main_00001":{"attachment":[{"time":1.4333,"name":"EF/ef_slash_main/ef_slash_main_00001"},{"time":1.4666,"name":"EF/ef_slash_main/ef_slash_main_00002"},{"time":1.5,"name":"EF/ef_slash_main/ef_slash_main_00003"},{"time":1.5333,"name":"EF/ef_slash_main/ef_slash_main_00004"},{"time":1.5666,"name":"EF/ef_slash_main/ef_slash_main_00005"},{"time":1.6,"name":"EF/ef_slash_main/ef_slash_main_00006"},{"time":1.6333,"name":"EF/ef_slash_main/ef_slash_main_00007"},{"time":1.6666,"name":"EF/ef_slash_main/ef_slash_main_00008"},{"time":1.7,"name":"EF/ef_slash_main/ef_slash_main_00009"},{"time":1.7333,"name":"EF/ef_slash_main/ef_slash_main_00010"},{"time":1.7666,"name":null}]},"EF/main_graund_wave_A_main/ef_graund_wave_A_main_00001":{"attachment":[{"time":0.0333,"name":"EF/main_graund_wave_A_main/ef_graund_wave_A_main_00001"},{"time":0.0666,"name":"EF/main_graund_wave_A_main/ef_graund_wave_A_main_00003"},{"time":0.1,"name":"EF/main_graund_wave_A_main/ef_graund_wave_A_main_00005"},{"time":0.1333,"name":"EF/main_graund_wave_A_main/ef_graund_wave_A_main_00007"},{"time":0.1666,"name":"EF/main_graund_wave_A_main/ef_graund_wave_A_main_00009"},{"time":0.2,"name":"EF/main_graund_wave_A_main/ef_graund_wave_A_main_00011"},{"time":0.2333,"name":"EF/main_graund_wave_A_main/ef_graund_wave_A_main_00013"},{"time":0.2666,"name":null},{"time":0.3333,"name":"EF/main_graund_wave_A_main/ef_graund_wave_A_main_00001"},{"time":0.4,"name":"EF/main_graund_wave_A_main/ef_graund_wave_A_main_00003"},{"time":0.4666,"name":"EF/main_graund_wave_A_main/ef_graund_wave_A_main_00005"},{"time":0.5333,"name":"EF/main_graund_wave_A_main/ef_graund_wave_A_main_00007"},{"time":0.6,"name":"EF/main_graund_wave_A_main/ef_graund_wave_A_main_00009"},{"time":0.6666,"name":"EF/main_graund_wave_A_main/ef_graund_wave_A_main_00011"},{"time":0.7333,"name":"EF/main_graund_wave_A_main/ef_graund_wave_A_main_00013"},{"time":0.8,"name":null},{"time":1.4333,"name":"EF/main_graund_wave_A_main/ef_graund_wave_A_main_00001"},{"time":1.4666,"name":"EF/main_graund_wave_A_main/ef_graund_wave_A_main_00003"},{"time":1.5,"name":"EF/main_graund_wave_A_main/ef_graund_wave_A_main_00005"},{"time":1.5333,"name":"EF/main_graund_wave_A_main/ef_graund_wave_A_main_00007"},{"time":1.5666,"name":"EF/main_graund_wave_A_main/ef_graund_wave_A_main_00009"},{"time":1.6,"name":"EF/main_graund_wave_A_main/ef_graund_wave_A_main_00011"},{"time":1.6333,"name":"EF/main_graund_wave_A_main/ef_graund_wave_A_main_00013"},{"time":1.6666,"name":null}]},"EF/main_graund_wave_A_main/ef_graund_wave_A_main_1":{"attachment":[{"time":0.1333,"name":"EF/main_graund_wave_A_main/ef_graund_wave_A_main_00001"},{"time":0.1666,"name":"EF/main_graund_wave_A_main/ef_graund_wave_A_main_00003"},{"time":0.2,"name":"EF/main_graund_wave_A_main/ef_graund_wave_A_main_00005"},{"time":0.2333,"name":"EF/main_graund_wave_A_main/ef_graund_wave_A_main_00007"},{"time":0.2666,"name":"EF/main_graund_wave_A_main/ef_graund_wave_A_main_00009"},{"time":0.3,"name":"EF/main_graund_wave_A_main/ef_graund_wave_A_main_00011"},{"time":0.3333,"name":"EF/main_graund_wave_A_main/ef_graund_wave_A_main_00013"},{"time":0.3666,"name":null},{"time":0.4666,"name":"EF/main_graund_wave_A_main/ef_graund_wave_A_main_00001"},{"time":0.5333,"name":"EF/main_graund_wave_A_main/ef_graund_wave_A_main_00003"},{"time":0.6,"name":"EF/main_graund_wave_A_main/ef_graund_wave_A_main_00005"},{"time":0.6666,"name":"EF/main_graund_wave_A_main/ef_graund_wave_A_main_00007"},{"time":0.7333,"name":"EF/main_graund_wave_A_main/ef_graund_wave_A_main_00009"},{"time":0.8,"name":"EF/main_graund_wave_A_main/ef_graund_wave_A_main_00011"},{"time":0.8666,"name":"EF/main_graund_wave_A_main/ef_graund_wave_A_main_00013"},{"time":0.9333,"name":null},{"time":1.5,"name":"EF/main_graund_wave_A_main/ef_graund_wave_A_main_00001"},{"time":1.5333,"name":"EF/main_graund_wave_A_main/ef_graund_wave_A_main_00003"},{"time":1.5666,"name":"EF/main_graund_wave_A_main/ef_graund_wave_A_main_00005"},{"time":1.6,"name":"EF/main_graund_wave_A_main/ef_graund_wave_A_main_00007"},{"time":1.6333,"name":"EF/main_graund_wave_A_main/ef_graund_wave_A_main_00009"},{"time":1.7,"name":"EF/main_graund_wave_A_main/ef_graund_wave_A_main_00011"},{"time":1.7666,"name":"EF/main_graund_wave_A_main/ef_graund_wave_A_main_00013"},{"time":1.8333,"name":null}]},"EF/main_graund_wave_A_main/ef_graund_wave_A_main_2":{"attachment":[{"time":0.2333,"name":"EF/main_graund_wave_A_main/ef_graund_wave_A_main_00001"},{"time":0.2666,"name":"EF/main_graund_wave_A_main/ef_graund_wave_A_main_00003"},{"time":0.3333,"name":"EF/main_graund_wave_A_main/ef_graund_wave_A_main_00005"},{"time":0.3666,"name":"EF/main_graund_wave_A_main/ef_graund_wave_A_main_00007"},{"time":0.4333,"name":"EF/main_graund_wave_A_main/ef_graund_wave_A_main_00009"},{"time":0.4666,"name":"EF/main_graund_wave_A_main/ef_graund_wave_A_main_00011"},{"time":0.5333,"name":"EF/main_graund_wave_A_main/ef_graund_wave_A_main_00013"},{"time":0.5666,"name":null}]},"MAIN":{"attachment":[{"time":0,"name":"skill3_00"},{"time":0.1,"name":"skill3_01"},{"time":0.2,"name":"skill3_02"},{"time":0.3,"name":"skill3_03"},{"time":0.4,"name":"skill3_01"},{"time":0.5,"name":"skill3_02"},{"time":0.6,"name":"skill3_03"},{"time":0.7,"name":"skill3_01"},{"time":0.8,"name":"skill3_02"},{"time":0.9,"name":"skill3_03"},{"time":1.0333,"name":"skill3_04"},{"time":1.1333,"name":"skill3_05"},{"time":1.2,"name":"skill3_06"},{"time":1.4333,"name":"skill3_07"},{"time":1.4666,"name":"skill3_08"},{"time":2,"name":"skill3_08"}]},"dot_EF/skill3/skill3_00":{"attachment":[{"time":0.1333,"name":"dot_EF/skill3/skill3_00"},{"time":0.2,"name":"dot_EF/skill3/skill3_01"},{"time":0.2666,"name":"dot_EF/skill3/skill3_02"},{"time":0.3333,"name":"dot_EF/skill3/skill3_04"},{"time":1.0333,"name":null}]},"dot_EF/skill3/skill3_04_1":{"attachment":[{"time":0.3333,"name":"dot_EF/skill3/skill3_04_2"},{"time":0.4333,"name":"dot_EF/skill3/skill3_04_1"},{"time":0.5333,"name":"dot_EF/skill3/skill3_04_2"},{"time":0.6333,"name":"dot_EF/skill3/skill3_04_1"},{"time":0.7333,"name":"dot_EF/skill3/skill3_04_2"},{"time":0.8333,"name":"dot_EF/skill3/skill3_04_1"},{"time":0.9333,"name":"dot_EF/skill3/skill3_04_2"},{"time":1.0333,"name":null}]}},"bones":{"MAIN":{"translate":[{"time":0.1,"x":2.27,"y":0,"curve":"stepped"},{"time":1.1333,"x":-7.62,"y":0,"curve":"stepped"},{"time":1.2,"x":-16.94,"y":0,"curve":"stepped"},{"time":1.4333,"x":-36.01,"y":0}]},"skill3_dot":{"translate":[{"time":0,"x":-12.74,"y":-10.21,"curve":"stepped"},{"time":0.1,"x":-12.74,"y":-10.21}]},"ef_slash":{"rotate":[{"time":0,"angle":16.81,"curve":"stepped"},{"time":1.4333,"angle":16.81}],"translate":[{"time":0,"x":-157.22,"y":210.79,"curve":"stepped"},{"time":1.4333,"x":-157.22,"y":210.79}],"scale":[{"time":0,"x":4.871,"y":6.351,"curve":"stepped"},{"time":1.4333,"x":4.871,"y":6.351}]},"graund_wave_0":{"translate":[{"time":0,"x":-41.29,"y":192.24,"curve":"stepped"},{"time":1.4333,"x":-324.3,"y":157.45}],"scale":[{"time":0,"x":1.576,"y":1.576,"curve":"stepped"},{"time":1.4333,"x":4.806,"y":4.806}]},"graund_wave_1":{"translate":[{"time":0,"x":-41.29,"y":192.24,"curve":"stepped"},{"time":1.5,"x":-324.3,"y":157.45}],"scale":[{"time":0,"x":1.576,"y":1.576,"curve":"stepped"},{"time":1.5,"x":4.806,"y":4.806}]},"graund_wave_2":{"translate":[{"time":0,"x":-41.29,"y":192.24}],"scale":[{"time":0,"x":1.576,"y":1.576}]}}}}}