{"skeleton":{"hash":"3xS7j34TKEQmCkUJvtJhfYVGfDs","spine":"3.0.12","width":0,"height":0},"bones":[{"name":"root"},{"name":"MAIN","parent":"root"},{"name":"EF_particle2","parent":"MAIN"},{"name":"EF_particle1","parent":"MAIN"},{"name":"EF_aura2_1","parent":"MAIN"},{"name":"EF_aura1_3","parent":"MAIN"},{"name":"EF_aura1_2","parent":"MAIN","scaleX":-1},{"name":"EF_aura1_1","parent":"MAIN"}],"slots":[{"name":"EF_aura1_1","bone":"EF_aura1_1","blend":"additive"},{"name":"EF_aura1_3","bone":"EF_aura1_3","blend":"additive"},{"name":"EF_aura1_2","bone":"EF_aura1_2","blend":"additive"},{"name":"EF_aura2_1","bone":"EF_aura2_1","blend":"additive"},{"name":"EF_particle1","bone":"EF_particle1","blend":"additive"},{"name":"EF_particle2","bone":"EF_particle2","blend":"additive"}],"skins":{"default":{"EF_aura1_1":{"ef_dark_aura_main 1/ef_dark_aura_main 1_00001":{"x":-40.03,"y":40.61,"width":250,"height":250},"ef_dark_aura_main 1/ef_dark_aura_main 1_00003":{"x":-40.03,"y":40.61,"width":250,"height":250},"ef_dark_aura_main 1/ef_dark_aura_main 1_00005":{"x":-40.03,"y":40.61,"width":250,"height":250},"ef_dark_aura_main 1/ef_dark_aura_main 1_00007":{"x":-40.03,"y":40.61,"width":250,"height":250},"ef_dark_aura_main 1/ef_dark_aura_main 1_00009":{"x":-40.03,"y":40.61,"width":250,"height":250},"ef_dark_aura_main 1/ef_dark_aura_main 1_00011":{"x":-40.03,"y":40.61,"width":250,"height":250},"ef_dark_aura_main 1/ef_dark_aura_main 1_00013":{"x":-40.03,"y":40.61,"width":250,"height":250},"ef_dark_aura_main 1/ef_dark_aura_main 1_00015":{"x":-40.03,"y":40.61,"width":250,"height":250},"ef_dark_aura_main 1/ef_dark_aura_main 1_00017":{"x":-40.03,"y":40.61,"width":250,"height":250},"ef_dark_aura_main 1/ef_dark_aura_main 1_00019":{"x":-40.03,"y":40.61,"width":250,"height":250},"ef_dark_aura_main 1/ef_dark_aura_main 1_00021":{"x":-40.03,"y":40.61,"width":250,"height":250},"ef_dark_aura_main 1/ef_dark_aura_main 1_00023":{"x":-40.03,"y":40.61,"width":250,"height":250},"ef_dark_aura_main 1/ef_dark_aura_main 1_00025":{"x":-40.03,"y":40.61,"width":250,"height":250},"ef_dark_aura_main 1/ef_dark_aura_main 1_00027":{"x":-40.03,"y":40.61,"width":250,"height":250},"ef_dark_aura_main 1/ef_dark_aura_main 1_00029":{"x":-40.03,"y":40.61,"width":250,"height":250}},"EF_aura1_2":{"ef_dark_aura_main 1/ef_dark_aura_main 1_00001":{"x":-40.03,"y":40.61,"width":250,"height":250},"ef_dark_aura_main 1/ef_dark_aura_main 1_00003":{"x":-40.03,"y":40.61,"width":250,"height":250},"ef_dark_aura_main 1/ef_dark_aura_main 1_00005":{"x":-40.03,"y":40.61,"width":250,"height":250},"ef_dark_aura_main 1/ef_dark_aura_main 1_00007":{"x":-40.03,"y":40.61,"width":250,"height":250},"ef_dark_aura_main 1/ef_dark_aura_main 1_00009":{"x":-40.03,"y":40.61,"width":250,"height":250},"ef_dark_aura_main 1/ef_dark_aura_main 1_00011":{"x":-40.03,"y":40.61,"width":250,"height":250},"ef_dark_aura_main 1/ef_dark_aura_main 1_00013":{"x":-40.03,"y":40.61,"width":250,"height":250},"ef_dark_aura_main 1/ef_dark_aura_main 1_00015":{"x":-40.03,"y":40.61,"width":250,"height":250},"ef_dark_aura_main 1/ef_dark_aura_main 1_00017":{"x":-40.03,"y":40.61,"width":250,"height":250},"ef_dark_aura_main 1/ef_dark_aura_main 1_00019":{"x":-40.03,"y":40.61,"width":250,"height":250},"ef_dark_aura_main 1/ef_dark_aura_main 1_00021":{"x":-40.03,"y":40.61,"width":250,"height":250},"ef_dark_aura_main 1/ef_dark_aura_main 1_00023":{"x":-40.03,"y":40.61,"width":250,"height":250},"ef_dark_aura_main 1/ef_dark_aura_main 1_00025":{"x":-40.03,"y":40.61,"width":250,"height":250},"ef_dark_aura_main 1/ef_dark_aura_main 1_00027":{"x":-40.03,"y":40.61,"width":250,"height":250},"ef_dark_aura_main 1/ef_dark_aura_main 1_00029":{"x":-40.03,"y":40.61,"width":250,"height":250}},"EF_aura1_3":{"ef_dark_aura_main 1/ef_dark_aura_main 1_00001":{"x":-40.03,"y":40.61,"width":250,"height":250},"ef_dark_aura_main 1/ef_dark_aura_main 1_00003":{"x":-40.03,"y":40.61,"width":250,"height":250},"ef_dark_aura_main 1/ef_dark_aura_main 1_00005":{"x":-40.03,"y":40.61,"width":250,"height":250},"ef_dark_aura_main 1/ef_dark_aura_main 1_00007":{"x":-40.03,"y":40.61,"width":250,"height":250},"ef_dark_aura_main 1/ef_dark_aura_main 1_00009":{"x":-40.03,"y":40.61,"width":250,"height":250},"ef_dark_aura_main 1/ef_dark_aura_main 1_00011":{"x":-40.03,"y":40.61,"width":250,"height":250},"ef_dark_aura_main 1/ef_dark_aura_main 1_00013":{"x":-40.03,"y":40.61,"width":250,"height":250},"ef_dark_aura_main 1/ef_dark_aura_main 1_00015":{"x":-40.03,"y":40.61,"width":250,"height":250},"ef_dark_aura_main 1/ef_dark_aura_main 1_00017":{"x":-40.03,"y":40.61,"width":250,"height":250},"ef_dark_aura_main 1/ef_dark_aura_main 1_00019":{"x":-40.03,"y":40.61,"width":250,"height":250},"ef_dark_aura_main 1/ef_dark_aura_main 1_00021":{"x":-40.03,"y":40.61,"width":250,"height":250},"ef_dark_aura_main 1/ef_dark_aura_main 1_00023":{"x":-40.03,"y":40.61,"width":250,"height":250},"ef_dark_aura_main 1/ef_dark_aura_main 1_00025":{"x":-40.03,"y":40.61,"width":250,"height":250},"ef_dark_aura_main 1/ef_dark_aura_main 1_00027":{"x":-40.03,"y":40.61,"width":250,"height":250},"ef_dark_aura_main 1/ef_dark_aura_main 1_00029":{"x":-40.03,"y":40.61,"width":250,"height":250}},"EF_aura2_1":{"ef_dark_aura_main 3/ef_dark_aura_main 3_00001":{"x":15,"width":250,"height":250},"ef_dark_aura_main 3/ef_dark_aura_main 3_00003":{"x":15,"width":250,"height":250},"ef_dark_aura_main 3/ef_dark_aura_main 3_00005":{"x":15,"width":250,"height":250},"ef_dark_aura_main 3/ef_dark_aura_main 3_00007":{"x":15,"width":250,"height":250},"ef_dark_aura_main 3/ef_dark_aura_main 3_00009":{"x":15,"width":250,"height":250},"ef_dark_aura_main 3/ef_dark_aura_main 3_00011":{"x":15,"width":250,"height":250},"ef_dark_aura_main 3/ef_dark_aura_main 3_00013":{"x":15,"width":250,"height":250},"ef_dark_aura_main 3/ef_dark_aura_main 3_00015":{"x":15,"width":250,"height":250},"ef_dark_aura_main 3/ef_dark_aura_main 3_00017":{"x":15,"width":250,"height":250},"ef_dark_aura_main 3/ef_dark_aura_main 3_00019":{"x":15,"width":250,"height":250},"ef_dark_aura_main 3/ef_dark_aura_main 3_00021":{"x":15,"width":250,"height":250},"ef_dark_aura_main 3/ef_dark_aura_main 3_00023":{"x":15,"width":250,"height":250},"ef_dark_aura_main 3/ef_dark_aura_main 3_00025":{"x":15,"width":250,"height":250},"ef_dark_aura_main 3/ef_dark_aura_main 3_00027":{"x":15,"width":250,"height":250},"ef_dark_aura_main 3/ef_dark_aura_main 3_00029":{"x":15,"width":250,"height":250}},"EF_particle1":{"ef_dark_particle_main/ef_dark_particle_main_00001":{"width":250,"height":250},"ef_dark_particle_main/ef_dark_particle_main_00003":{"width":250,"height":250},"ef_dark_particle_main/ef_dark_particle_main_00005":{"width":250,"height":250},"ef_dark_particle_main/ef_dark_particle_main_00007":{"width":250,"height":250},"ef_dark_particle_main/ef_dark_particle_main_00009":{"width":250,"height":250},"ef_dark_particle_main/ef_dark_particle_main_00011":{"width":250,"height":250},"ef_dark_particle_main/ef_dark_particle_main_00013":{"width":250,"height":250},"ef_dark_particle_main/ef_dark_particle_main_00015":{"width":250,"height":250},"ef_dark_particle_main/ef_dark_particle_main_00017":{"width":250,"height":250},"ef_dark_particle_main/ef_dark_particle_main_00019":{"width":250,"height":250},"ef_dark_particle_main/ef_dark_particle_main_00021":{"width":250,"height":250},"ef_dark_particle_main/ef_dark_particle_main_00023":{"width":250,"height":250},"ef_dark_particle_main/ef_dark_particle_main_00025":{"width":250,"height":250},"ef_dark_particle_main/ef_dark_particle_main_00027":{"width":250,"height":250},"ef_dark_particle_main/ef_dark_particle_main_00029":{"width":250,"height":250},"ef_dark_particle_main/ef_dark_particle_main_00031":{"width":250,"height":250},"ef_dark_particle_main/ef_dark_particle_main_00033":{"width":250,"height":250},"ef_dark_particle_main/ef_dark_particle_main_00035":{"width":250,"height":250},"ef_dark_particle_main/ef_dark_particle_main_00037":{"width":250,"height":250},"ef_dark_particle_main/ef_dark_particle_main_00039":{"width":250,"height":250},"ef_dark_particle_main/ef_dark_particle_main_00041":{"width":250,"height":250},"ef_dark_particle_main/ef_dark_particle_main_00043":{"width":250,"height":250},"ef_dark_particle_main/ef_dark_particle_main_00045":{"width":250,"height":250},"ef_dark_particle_main/ef_dark_particle_main_00047":{"width":250,"height":250},"ef_dark_particle_main/ef_dark_particle_main_00049":{"width":250,"height":250},"ef_dark_particle_main/ef_dark_particle_main_00051":{"width":250,"height":250},"ef_dark_particle_main/ef_dark_particle_main_00053":{"width":250,"height":250},"ef_dark_particle_main/ef_dark_particle_main_00055":{"width":250,"height":250},"ef_dark_particle_main/ef_dark_particle_main_00057":{"width":250,"height":250},"ef_dark_particle_main/ef_dark_particle_main_00059":{"width":250,"height":250}},"EF_particle2":{"ef_dark_particle_main/ef_dark_particle_main_00001":{"width":250,"height":250},"ef_dark_particle_main/ef_dark_particle_main_00003":{"width":250,"height":250},"ef_dark_particle_main/ef_dark_particle_main_00005":{"width":250,"height":250},"ef_dark_particle_main/ef_dark_particle_main_00007":{"width":250,"height":250},"ef_dark_particle_main/ef_dark_particle_main_00009":{"width":250,"height":250},"ef_dark_particle_main/ef_dark_particle_main_00011":{"width":250,"height":250},"ef_dark_particle_main/ef_dark_particle_main_00013":{"width":250,"height":250},"ef_dark_particle_main/ef_dark_particle_main_00015":{"width":250,"height":250},"ef_dark_particle_main/ef_dark_particle_main_00017":{"width":250,"height":250},"ef_dark_particle_main/ef_dark_particle_main_00019":{"width":250,"height":250},"ef_dark_particle_main/ef_dark_particle_main_00021":{"width":250,"height":250},"ef_dark_particle_main/ef_dark_particle_main_00023":{"width":250,"height":250},"ef_dark_particle_main/ef_dark_particle_main_00025":{"width":250,"height":250},"ef_dark_particle_main/ef_dark_particle_main_00027":{"width":250,"height":250},"ef_dark_particle_main/ef_dark_particle_main_00029":{"width":250,"height":250},"ef_dark_particle_main/ef_dark_particle_main_00031":{"width":250,"height":250},"ef_dark_particle_main/ef_dark_particle_main_00033":{"width":250,"height":250},"ef_dark_particle_main/ef_dark_particle_main_00035":{"width":250,"height":250},"ef_dark_particle_main/ef_dark_particle_main_00037":{"width":250,"height":250},"ef_dark_particle_main/ef_dark_particle_main_00039":{"width":250,"height":250},"ef_dark_particle_main/ef_dark_particle_main_00041":{"width":250,"height":250},"ef_dark_particle_main/ef_dark_particle_main_00043":{"width":250,"height":250},"ef_dark_particle_main/ef_dark_particle_main_00045":{"width":250,"height":250},"ef_dark_particle_main/ef_dark_particle_main_00047":{"width":250,"height":250},"ef_dark_particle_main/ef_dark_particle_main_00049":{"width":250,"height":250},"ef_dark_particle_main/ef_dark_particle_main_00051":{"width":250,"height":250},"ef_dark_particle_main/ef_dark_particle_main_00053":{"width":250,"height":250},"ef_dark_particle_main/ef_dark_particle_main_00055":{"width":250,"height":250},"ef_dark_particle_main/ef_dark_particle_main_00057":{"width":250,"height":250},"ef_dark_particle_main/ef_dark_particle_main_00059":{"width":250,"height":250}}}},"animations":{"aura_Humanoid":{"slots":{"EF_aura1_1":{"attachment":[{"time":0,"name":"ef_dark_aura_main 1/ef_dark_aura_main 1_00001"},{"time":0.0666,"name":"ef_dark_aura_main 1/ef_dark_aura_main 1_00003"},{"time":0.1333,"name":"ef_dark_aura_main 1/ef_dark_aura_main 1_00005"},{"time":0.2,"name":"ef_dark_aura_main 1/ef_dark_aura_main 1_00007"},{"time":0.2666,"name":"ef_dark_aura_main 1/ef_dark_aura_main 1_00009"},{"time":0.3333,"name":"ef_dark_aura_main 1/ef_dark_aura_main 1_00011"},{"time":0.4,"name":"ef_dark_aura_main 1/ef_dark_aura_main 1_00013"},{"time":0.4666,"name":"ef_dark_aura_main 1/ef_dark_aura_main 1_00015"},{"time":0.5333,"name":"ef_dark_aura_main 1/ef_dark_aura_main 1_00017"},{"time":0.6,"name":"ef_dark_aura_main 1/ef_dark_aura_main 1_00019"},{"time":0.6666,"name":"ef_dark_aura_main 1/ef_dark_aura_main 1_00021"},{"time":0.7333,"name":"ef_dark_aura_main 1/ef_dark_aura_main 1_00023"},{"time":0.8,"name":"ef_dark_aura_main 1/ef_dark_aura_main 1_00025"},{"time":0.8666,"name":"ef_dark_aura_main 1/ef_dark_aura_main 1_00027"},{"time":0.9333,"name":"ef_dark_aura_main 1/ef_dark_aura_main 1_00029"},{"time":1,"name":null},{"time":1.0666,"name":"ef_dark_aura_main 1/ef_dark_aura_main 1_00001"},{"time":1.1333,"name":"ef_dark_aura_main 1/ef_dark_aura_main 1_00003"},{"time":1.2,"name":"ef_dark_aura_main 1/ef_dark_aura_main 1_00005"},{"time":1.2666,"name":"ef_dark_aura_main 1/ef_dark_aura_main 1_00007"},{"time":1.3333,"name":"ef_dark_aura_main 1/ef_dark_aura_main 1_00009"},{"time":1.4,"name":"ef_dark_aura_main 1/ef_dark_aura_main 1_00011"},{"time":1.4666,"name":"ef_dark_aura_main 1/ef_dark_aura_main 1_00013"},{"time":1.5333,"name":"ef_dark_aura_main 1/ef_dark_aura_main 1_00015"},{"time":1.6,"name":"ef_dark_aura_main 1/ef_dark_aura_main 1_00017"},{"time":1.6666,"name":"ef_dark_aura_main 1/ef_dark_aura_main 1_00019"},{"time":1.7333,"name":"ef_dark_aura_main 1/ef_dark_aura_main 1_00021"},{"time":1.8,"name":"ef_dark_aura_main 1/ef_dark_aura_main 1_00023"},{"time":1.8666,"name":"ef_dark_aura_main 1/ef_dark_aura_main 1_00025"},{"time":1.9333,"name":"ef_dark_aura_main 1/ef_dark_aura_main 1_00027"},{"time":2,"name":"ef_dark_aura_main 1/ef_dark_aura_main 1_00029"},{"time":2.0666,"name":null}],"color":[{"time":0,"color":"ffffff00"},{"time":0.1666,"color":"ffffffff","curve":"stepped"},{"time":0.6666,"color":"ffffffff"},{"time":1,"color":"ffffff00","curve":"stepped"},{"time":1.0666,"color":"ffffff00"},{"time":1.2333,"color":"ffffffff","curve":"stepped"},{"time":1.7333,"color":"ffffffff"},{"time":2.0666,"color":"ffffff00"}]},"EF_aura1_2":{"attachment":[{"time":0.1,"name":"ef_dark_aura_main 1/ef_dark_aura_main 1_00001"},{"time":0.1666,"name":"ef_dark_aura_main 1/ef_dark_aura_main 1_00003"},{"time":0.2333,"name":"ef_dark_aura_main 1/ef_dark_aura_main 1_00005"},{"time":0.3,"name":"ef_dark_aura_main 1/ef_dark_aura_main 1_00007"},{"time":0.3666,"name":"ef_dark_aura_main 1/ef_dark_aura_main 1_00009"},{"time":0.4333,"name":"ef_dark_aura_main 1/ef_dark_aura_main 1_00011"},{"time":0.5,"name":"ef_dark_aura_main 1/ef_dark_aura_main 1_00013"},{"time":0.5666,"name":"ef_dark_aura_main 1/ef_dark_aura_main 1_00015"},{"time":0.6333,"name":"ef_dark_aura_main 1/ef_dark_aura_main 1_00017"},{"time":0.7,"name":"ef_dark_aura_main 1/ef_dark_aura_main 1_00019"},{"time":0.7666,"name":"ef_dark_aura_main 1/ef_dark_aura_main 1_00021"},{"time":0.8333,"name":"ef_dark_aura_main 1/ef_dark_aura_main 1_00023"},{"time":0.9,"name":"ef_dark_aura_main 1/ef_dark_aura_main 1_00025"},{"time":0.9666,"name":"ef_dark_aura_main 1/ef_dark_aura_main 1_00027"},{"time":1.0333,"name":"ef_dark_aura_main 1/ef_dark_aura_main 1_00029"},{"time":1.1,"name":null},{"time":1.1666,"name":"ef_dark_aura_main 1/ef_dark_aura_main 1_00001"},{"time":1.2333,"name":"ef_dark_aura_main 1/ef_dark_aura_main 1_00003"},{"time":1.3,"name":"ef_dark_aura_main 1/ef_dark_aura_main 1_00005"},{"time":1.3666,"name":"ef_dark_aura_main 1/ef_dark_aura_main 1_00007"},{"time":1.4333,"name":"ef_dark_aura_main 1/ef_dark_aura_main 1_00009"},{"time":1.5,"name":"ef_dark_aura_main 1/ef_dark_aura_main 1_00011"},{"time":1.5666,"name":"ef_dark_aura_main 1/ef_dark_aura_main 1_00013"},{"time":1.6333,"name":"ef_dark_aura_main 1/ef_dark_aura_main 1_00015"},{"time":1.7,"name":"ef_dark_aura_main 1/ef_dark_aura_main 1_00017"},{"time":1.7666,"name":"ef_dark_aura_main 1/ef_dark_aura_main 1_00019"},{"time":1.8333,"name":"ef_dark_aura_main 1/ef_dark_aura_main 1_00021"},{"time":1.9,"name":"ef_dark_aura_main 1/ef_dark_aura_main 1_00023"},{"time":1.9666,"name":"ef_dark_aura_main 1/ef_dark_aura_main 1_00025"},{"time":2.0333,"name":"ef_dark_aura_main 1/ef_dark_aura_main 1_00027"},{"time":2.1,"name":"ef_dark_aura_main 1/ef_dark_aura_main 1_00029"},{"time":2.1666,"name":null}],"color":[{"time":0.1,"color":"ffffff00"},{"time":0.2666,"color":"ffffffff","curve":"stepped"},{"time":0.7666,"color":"ffffffff"},{"time":1.1,"color":"ffffff00","curve":"stepped"},{"time":1.1666,"color":"ffffff00"},{"time":1.3333,"color":"ffffffff","curve":"stepped"},{"time":1.8333,"color":"ffffffff"},{"time":2.1666,"color":"ffffff00"}]},"EF_aura1_3":{"attachment":[{"time":0,"name":"ef_dark_aura_main 1/ef_dark_aura_main 1_00001"},{"time":0.0666,"name":"ef_dark_aura_main 1/ef_dark_aura_main 1_00003"},{"time":0.1333,"name":"ef_dark_aura_main 1/ef_dark_aura_main 1_00005"},{"time":0.2,"name":"ef_dark_aura_main 1/ef_dark_aura_main 1_00007"},{"time":0.2666,"name":"ef_dark_aura_main 1/ef_dark_aura_main 1_00009"},{"time":0.3333,"name":"ef_dark_aura_main 1/ef_dark_aura_main 1_00011"},{"time":0.4,"name":"ef_dark_aura_main 1/ef_dark_aura_main 1_00013"},{"time":0.4666,"name":"ef_dark_aura_main 1/ef_dark_aura_main 1_00015"},{"time":0.5333,"name":"ef_dark_aura_main 1/ef_dark_aura_main 1_00017"},{"time":0.6,"name":"ef_dark_aura_main 1/ef_dark_aura_main 1_00019"},{"time":0.6666,"name":"ef_dark_aura_main 1/ef_dark_aura_main 1_00021"},{"time":0.7333,"name":"ef_dark_aura_main 1/ef_dark_aura_main 1_00023"},{"time":0.8,"name":"ef_dark_aura_main 1/ef_dark_aura_main 1_00025"},{"time":0.8666,"name":"ef_dark_aura_main 1/ef_dark_aura_main 1_00027"},{"time":0.9333,"name":"ef_dark_aura_main 1/ef_dark_aura_main 1_00029"},{"time":1,"name":null},{"time":1.0666,"name":"ef_dark_aura_main 1/ef_dark_aura_main 1_00001"},{"time":1.1333,"name":"ef_dark_aura_main 1/ef_dark_aura_main 1_00003"},{"time":1.2,"name":"ef_dark_aura_main 1/ef_dark_aura_main 1_00005"},{"time":1.2666,"name":"ef_dark_aura_main 1/ef_dark_aura_main 1_00007"},{"time":1.3333,"name":"ef_dark_aura_main 1/ef_dark_aura_main 1_00009"},{"time":1.4,"name":"ef_dark_aura_main 1/ef_dark_aura_main 1_00011"},{"time":1.4666,"name":"ef_dark_aura_main 1/ef_dark_aura_main 1_00013"},{"time":1.5333,"name":"ef_dark_aura_main 1/ef_dark_aura_main 1_00015"},{"time":1.6,"name":"ef_dark_aura_main 1/ef_dark_aura_main 1_00017"},{"time":1.6666,"name":"ef_dark_aura_main 1/ef_dark_aura_main 1_00019"},{"time":1.7333,"name":"ef_dark_aura_main 1/ef_dark_aura_main 1_00021"},{"time":1.8,"name":"ef_dark_aura_main 1/ef_dark_aura_main 1_00023"},{"time":1.8666,"name":"ef_dark_aura_main 1/ef_dark_aura_main 1_00025"},{"time":1.9333,"name":"ef_dark_aura_main 1/ef_dark_aura_main 1_00027"},{"time":2,"name":"ef_dark_aura_main 1/ef_dark_aura_main 1_00029"},{"time":2.0666,"name":null}]},"EF_aura2_1":{"attachment":[{"time":0,"name":"ef_dark_aura_main 3/ef_dark_aura_main 3_00001"},{"time":0.0666,"name":"ef_dark_aura_main 3/ef_dark_aura_main 3_00003"},{"time":0.1333,"name":"ef_dark_aura_main 3/ef_dark_aura_main 3_00005"},{"time":0.2,"name":"ef_dark_aura_main 3/ef_dark_aura_main 3_00007"},{"time":0.2666,"name":"ef_dark_aura_main 3/ef_dark_aura_main 3_00009"},{"time":0.3333,"name":"ef_dark_aura_main 3/ef_dark_aura_main 3_00011"},{"time":0.4,"name":"ef_dark_aura_main 3/ef_dark_aura_main 3_00015"},{"time":0.4666,"name":"ef_dark_aura_main 3/ef_dark_aura_main 3_00017"},{"time":0.5333,"name":"ef_dark_aura_main 3/ef_dark_aura_main 3_00019"},{"time":0.6,"name":"ef_dark_aura_main 3/ef_dark_aura_main 3_00021"},{"time":0.6666,"name":"ef_dark_aura_main 3/ef_dark_aura_main 3_00023"},{"time":0.7333,"name":"ef_dark_aura_main 3/ef_dark_aura_main 3_00025"},{"time":0.8,"name":"ef_dark_aura_main 3/ef_dark_aura_main 3_00027"},{"time":0.8666,"name":"ef_dark_aura_main 3/ef_dark_aura_main 3_00029"},{"time":0.9333,"name":null},{"time":1.2333,"name":"ef_dark_aura_main 3/ef_dark_aura_main 3_00001"},{"time":1.3,"name":"ef_dark_aura_main 3/ef_dark_aura_main 3_00003"},{"time":1.3666,"name":"ef_dark_aura_main 3/ef_dark_aura_main 3_00005"},{"time":1.4333,"name":"ef_dark_aura_main 3/ef_dark_aura_main 3_00007"},{"time":1.5,"name":"ef_dark_aura_main 3/ef_dark_aura_main 3_00009"},{"time":1.5666,"name":"ef_dark_aura_main 3/ef_dark_aura_main 3_00011"},{"time":1.6333,"name":"ef_dark_aura_main 3/ef_dark_aura_main 3_00015"},{"time":1.7,"name":"ef_dark_aura_main 3/ef_dark_aura_main 3_00017"},{"time":1.7666,"name":"ef_dark_aura_main 3/ef_dark_aura_main 3_00019"},{"time":1.8333,"name":"ef_dark_aura_main 3/ef_dark_aura_main 3_00021"},{"time":1.9,"name":"ef_dark_aura_main 3/ef_dark_aura_main 3_00023"},{"time":1.9666,"name":"ef_dark_aura_main 3/ef_dark_aura_main 3_00025"},{"time":2.0333,"name":"ef_dark_aura_main 3/ef_dark_aura_main 3_00027"},{"time":2.1,"name":"ef_dark_aura_main 3/ef_dark_aura_main 3_00029"},{"time":2.1666,"name":null}],"color":[{"time":0,"color":"ffffff00"},{"time":0.1,"color":"ffffffff","curve":"stepped"},{"time":0.7666,"color":"ffffffff"},{"time":0.9333,"color":"ffffff00","curve":"stepped"},{"time":1.2333,"color":"ffffff00"},{"time":1.3333,"color":"ffffffff","curve":"stepped"},{"time":2,"color":"ffffffff"},{"time":2.1666,"color":"ffffff00"}]},"EF_particle1":{"attachment":[{"time":0,"name":"ef_dark_particle_main/ef_dark_particle_main_00001"},{"time":0.0666,"name":"ef_dark_particle_main/ef_dark_particle_main_00003"},{"time":0.1333,"name":"ef_dark_particle_main/ef_dark_particle_main_00005"},{"time":0.2,"name":"ef_dark_particle_main/ef_dark_particle_main_00007"},{"time":0.2666,"name":"ef_dark_particle_main/ef_dark_particle_main_00009"},{"time":0.3333,"name":"ef_dark_particle_main/ef_dark_particle_main_00011"},{"time":0.4,"name":"ef_dark_particle_main/ef_dark_particle_main_00013"},{"time":0.4666,"name":"ef_dark_particle_main/ef_dark_particle_main_00015"},{"time":0.5333,"name":"ef_dark_particle_main/ef_dark_particle_main_00017"},{"time":0.6,"name":"ef_dark_particle_main/ef_dark_particle_main_00019"},{"time":0.6666,"name":"ef_dark_particle_main/ef_dark_particle_main_00021"},{"time":0.7333,"name":"ef_dark_particle_main/ef_dark_particle_main_00023"},{"time":0.8,"name":"ef_dark_particle_main/ef_dark_particle_main_00025"},{"time":0.8666,"name":"ef_dark_particle_main/ef_dark_particle_main_00027"},{"time":0.9333,"name":"ef_dark_particle_main/ef_dark_particle_main_00029"},{"time":1,"name":"ef_dark_particle_main/ef_dark_particle_main_00031"},{"time":1.0666,"name":"ef_dark_particle_main/ef_dark_particle_main_00033"},{"time":1.1333,"name":"ef_dark_particle_main/ef_dark_particle_main_00035"},{"time":1.2,"name":"ef_dark_particle_main/ef_dark_particle_main_00037"},{"time":1.2666,"name":"ef_dark_particle_main/ef_dark_particle_main_00039"},{"time":1.3333,"name":"ef_dark_particle_main/ef_dark_particle_main_00041"},{"time":1.4,"name":"ef_dark_particle_main/ef_dark_particle_main_00043"},{"time":1.4666,"name":"ef_dark_particle_main/ef_dark_particle_main_00045"},{"time":1.5333,"name":"ef_dark_particle_main/ef_dark_particle_main_00047"},{"time":1.6,"name":"ef_dark_particle_main/ef_dark_particle_main_00049"},{"time":1.6666,"name":"ef_dark_particle_main/ef_dark_particle_main_00051"},{"time":1.7333,"name":"ef_dark_particle_main/ef_dark_particle_main_00053"},{"time":1.8,"name":"ef_dark_particle_main/ef_dark_particle_main_00055"},{"time":1.8666,"name":"ef_dark_particle_main/ef_dark_particle_main_00057"},{"time":1.9333,"name":"ef_dark_particle_main/ef_dark_particle_main_00059"},{"time":2,"name":null}]},"EF_particle2":{"attachment":[{"time":0,"name":"ef_dark_particle_main/ef_dark_particle_main_00035"},{"time":0.0333,"name":"ef_dark_particle_main/ef_dark_particle_main_00037"},{"time":0.1,"name":"ef_dark_particle_main/ef_dark_particle_main_00039"},{"time":0.1666,"name":"ef_dark_particle_main/ef_dark_particle_main_00041"},{"time":0.2333,"name":"ef_dark_particle_main/ef_dark_particle_main_00043"},{"time":0.3,"name":"ef_dark_particle_main/ef_dark_particle_main_00045"},{"time":0.3666,"name":"ef_dark_particle_main/ef_dark_particle_main_00047"},{"time":0.4333,"name":"ef_dark_particle_main/ef_dark_particle_main_00049"},{"time":0.5,"name":"ef_dark_particle_main/ef_dark_particle_main_00051"},{"time":0.5666,"name":"ef_dark_particle_main/ef_dark_particle_main_00053"},{"time":0.6333,"name":"ef_dark_particle_main/ef_dark_particle_main_00055"},{"time":0.7,"name":"ef_dark_particle_main/ef_dark_particle_main_00057"},{"time":0.7666,"name":"ef_dark_particle_main/ef_dark_particle_main_00059"},{"time":0.8333,"name":null},{"time":1.0333,"name":"ef_dark_particle_main/ef_dark_particle_main_00001"},{"time":1.1,"name":"ef_dark_particle_main/ef_dark_particle_main_00003"},{"time":1.1666,"name":"ef_dark_particle_main/ef_dark_particle_main_00005"},{"time":1.2333,"name":"ef_dark_particle_main/ef_dark_particle_main_00007"},{"time":1.3,"name":"ef_dark_particle_main/ef_dark_particle_main_00009"},{"time":1.3666,"name":"ef_dark_particle_main/ef_dark_particle_main_00011"},{"time":1.4333,"name":"ef_dark_particle_main/ef_dark_particle_main_00013"},{"time":1.5,"name":"ef_dark_particle_main/ef_dark_particle_main_00015"},{"time":1.5666,"name":"ef_dark_particle_main/ef_dark_particle_main_00017"},{"time":1.6333,"name":"ef_dark_particle_main/ef_dark_particle_main_00019"},{"time":1.7,"name":"ef_dark_particle_main/ef_dark_particle_main_00021"},{"time":1.7666,"name":"ef_dark_particle_main/ef_dark_particle_main_00023"},{"time":1.8333,"name":"ef_dark_particle_main/ef_dark_particle_main_00025"},{"time":1.9,"name":"ef_dark_particle_main/ef_dark_particle_main_00027"},{"time":1.9666,"name":"ef_dark_particle_main/ef_dark_particle_main_00029"},{"time":2.0333,"name":"ef_dark_particle_main/ef_dark_particle_main_00031"},{"time":2.1,"name":"ef_dark_particle_main/ef_dark_particle_main_00033"},{"time":2.1666,"name":"ef_dark_particle_main/ef_dark_particle_main_00035"}]}},"bones":{"EF_particle1":{"translate":[{"time":0,"x":0,"y":-9.77}],"scale":[{"time":0,"x":1,"y":1}]},"MAIN":{"translate":[{"time":2.1666,"x":0,"y":219.55}],"scale":[{"time":0,"x":2,"y":2}]},"EF_aura1_1":{"rotate":[{"time":0,"angle":-35.01}],"translate":[{"time":0,"x":22.69,"y":6.19,"curve":"stepped"},{"time":1.0666,"x":22.69,"y":-76.67}]},"EF_aura2_1":{"translate":[{"time":0,"x":0,"y":-33.4,"curve":"stepped"},{"time":1.2333,"x":0,"y":-51.92}],"scale":[{"time":0,"x":1.5,"y":1.5}]},"EF_aura1_2":{"rotate":[{"time":0.1,"angle":36.9}],"translate":[{"time":0.1,"x":-36.81,"y":-51.87,"curve":"stepped"},{"time":1.1666,"x":-36.81,"y":-7.02}]},"EF_aura1_3":{"rotate":[{"time":0,"angle":16.22,"curve":"stepped"},{"time":1.0666,"angle":-16.19}],"translate":[{"time":0,"x":-12.73,"y":35.35}],"scale":[{"time":0,"x":1.2,"y":1.2,"curve":"stepped"},{"time":1.0666,"x":-1.2,"y":1.2}]},"EF_particle2":{"translate":[{"time":0,"x":-14.22,"y":-9.77}],"scale":[{"time":0,"x":-1,"y":1}]}}},"aura_Ifrit":{"slots":{"EF_aura1_1":{"attachment":[{"time":0,"name":"ef_dark_aura_main 1/ef_dark_aura_main 1_00001"},{"time":0.0666,"name":"ef_dark_aura_main 1/ef_dark_aura_main 1_00003"},{"time":0.1333,"name":"ef_dark_aura_main 1/ef_dark_aura_main 1_00005"},{"time":0.2,"name":"ef_dark_aura_main 1/ef_dark_aura_main 1_00007"},{"time":0.2666,"name":"ef_dark_aura_main 1/ef_dark_aura_main 1_00009"},{"time":0.3333,"name":"ef_dark_aura_main 1/ef_dark_aura_main 1_00011"},{"time":0.4,"name":"ef_dark_aura_main 1/ef_dark_aura_main 1_00013"},{"time":0.4666,"name":"ef_dark_aura_main 1/ef_dark_aura_main 1_00015"},{"time":0.5333,"name":"ef_dark_aura_main 1/ef_dark_aura_main 1_00017"},{"time":0.6,"name":"ef_dark_aura_main 1/ef_dark_aura_main 1_00019"},{"time":0.6666,"name":"ef_dark_aura_main 1/ef_dark_aura_main 1_00021"},{"time":0.7333,"name":"ef_dark_aura_main 1/ef_dark_aura_main 1_00023"},{"time":0.8,"name":"ef_dark_aura_main 1/ef_dark_aura_main 1_00025"},{"time":0.8666,"name":"ef_dark_aura_main 1/ef_dark_aura_main 1_00027"},{"time":0.9333,"name":"ef_dark_aura_main 1/ef_dark_aura_main 1_00029"},{"time":1,"name":null},{"time":1.0666,"name":"ef_dark_aura_main 1/ef_dark_aura_main 1_00001"},{"time":1.1333,"name":"ef_dark_aura_main 1/ef_dark_aura_main 1_00003"},{"time":1.2,"name":"ef_dark_aura_main 1/ef_dark_aura_main 1_00005"},{"time":1.2666,"name":"ef_dark_aura_main 1/ef_dark_aura_main 1_00007"},{"time":1.3333,"name":"ef_dark_aura_main 1/ef_dark_aura_main 1_00009"},{"time":1.4,"name":"ef_dark_aura_main 1/ef_dark_aura_main 1_00011"},{"time":1.4666,"name":"ef_dark_aura_main 1/ef_dark_aura_main 1_00013"},{"time":1.5333,"name":"ef_dark_aura_main 1/ef_dark_aura_main 1_00015"},{"time":1.6,"name":"ef_dark_aura_main 1/ef_dark_aura_main 1_00017"},{"time":1.6666,"name":"ef_dark_aura_main 1/ef_dark_aura_main 1_00019"},{"time":1.7333,"name":"ef_dark_aura_main 1/ef_dark_aura_main 1_00021"},{"time":1.8,"name":"ef_dark_aura_main 1/ef_dark_aura_main 1_00023"},{"time":1.8666,"name":"ef_dark_aura_main 1/ef_dark_aura_main 1_00025"},{"time":1.9333,"name":"ef_dark_aura_main 1/ef_dark_aura_main 1_00027"},{"time":2,"name":"ef_dark_aura_main 1/ef_dark_aura_main 1_00029"},{"time":2.0666,"name":null}],"color":[{"time":0,"color":"ffffff00"},{"time":0.1666,"color":"ffffffff","curve":"stepped"},{"time":0.6666,"color":"ffffffff"},{"time":1,"color":"ffffff00","curve":"stepped"},{"time":1.0666,"color":"ffffff00"},{"time":1.2333,"color":"ffffffff","curve":"stepped"},{"time":1.7333,"color":"ffffffff"},{"time":2.0666,"color":"ffffff00"}]},"EF_aura1_2":{"attachment":[{"time":0.1,"name":"ef_dark_aura_main 1/ef_dark_aura_main 1_00001"},{"time":0.1666,"name":"ef_dark_aura_main 1/ef_dark_aura_main 1_00003"},{"time":0.2333,"name":"ef_dark_aura_main 1/ef_dark_aura_main 1_00005"},{"time":0.3,"name":"ef_dark_aura_main 1/ef_dark_aura_main 1_00007"},{"time":0.3666,"name":"ef_dark_aura_main 1/ef_dark_aura_main 1_00009"},{"time":0.4333,"name":"ef_dark_aura_main 1/ef_dark_aura_main 1_00011"},{"time":0.5,"name":"ef_dark_aura_main 1/ef_dark_aura_main 1_00013"},{"time":0.5666,"name":"ef_dark_aura_main 1/ef_dark_aura_main 1_00015"},{"time":0.6333,"name":"ef_dark_aura_main 1/ef_dark_aura_main 1_00017"},{"time":0.7,"name":"ef_dark_aura_main 1/ef_dark_aura_main 1_00019"},{"time":0.7666,"name":"ef_dark_aura_main 1/ef_dark_aura_main 1_00021"},{"time":0.8333,"name":"ef_dark_aura_main 1/ef_dark_aura_main 1_00023"},{"time":0.9,"name":"ef_dark_aura_main 1/ef_dark_aura_main 1_00025"},{"time":0.9666,"name":"ef_dark_aura_main 1/ef_dark_aura_main 1_00027"},{"time":1.0333,"name":"ef_dark_aura_main 1/ef_dark_aura_main 1_00029"},{"time":1.1,"name":null},{"time":1.1666,"name":"ef_dark_aura_main 1/ef_dark_aura_main 1_00001"},{"time":1.2333,"name":"ef_dark_aura_main 1/ef_dark_aura_main 1_00003"},{"time":1.3,"name":"ef_dark_aura_main 1/ef_dark_aura_main 1_00005"},{"time":1.3666,"name":"ef_dark_aura_main 1/ef_dark_aura_main 1_00007"},{"time":1.4333,"name":"ef_dark_aura_main 1/ef_dark_aura_main 1_00009"},{"time":1.5,"name":"ef_dark_aura_main 1/ef_dark_aura_main 1_00011"},{"time":1.5666,"name":"ef_dark_aura_main 1/ef_dark_aura_main 1_00013"},{"time":1.6333,"name":"ef_dark_aura_main 1/ef_dark_aura_main 1_00015"},{"time":1.7,"name":"ef_dark_aura_main 1/ef_dark_aura_main 1_00017"},{"time":1.7666,"name":"ef_dark_aura_main 1/ef_dark_aura_main 1_00019"},{"time":1.8333,"name":"ef_dark_aura_main 1/ef_dark_aura_main 1_00021"},{"time":1.9,"name":"ef_dark_aura_main 1/ef_dark_aura_main 1_00023"},{"time":1.9666,"name":"ef_dark_aura_main 1/ef_dark_aura_main 1_00025"},{"time":2.0333,"name":"ef_dark_aura_main 1/ef_dark_aura_main 1_00027"},{"time":2.1,"name":"ef_dark_aura_main 1/ef_dark_aura_main 1_00029"},{"time":2.1666,"name":null}],"color":[{"time":0.1,"color":"ffffff00"},{"time":0.2666,"color":"ffffffff","curve":"stepped"},{"time":0.7666,"color":"ffffffff"},{"time":1.1,"color":"ffffff00","curve":"stepped"},{"time":1.1666,"color":"ffffff00"},{"time":1.3333,"color":"ffffffff","curve":"stepped"},{"time":1.8333,"color":"ffffffff"},{"time":2.1666,"color":"ffffff00"}]},"EF_aura1_3":{"attachment":[{"time":0,"name":"ef_dark_aura_main 1/ef_dark_aura_main 1_00001"},{"time":0.0666,"name":"ef_dark_aura_main 1/ef_dark_aura_main 1_00003"},{"time":0.1333,"name":"ef_dark_aura_main 1/ef_dark_aura_main 1_00005"},{"time":0.2,"name":"ef_dark_aura_main 1/ef_dark_aura_main 1_00007"},{"time":0.2666,"name":"ef_dark_aura_main 1/ef_dark_aura_main 1_00009"},{"time":0.3333,"name":"ef_dark_aura_main 1/ef_dark_aura_main 1_00011"},{"time":0.4,"name":"ef_dark_aura_main 1/ef_dark_aura_main 1_00013"},{"time":0.4666,"name":"ef_dark_aura_main 1/ef_dark_aura_main 1_00015"},{"time":0.5333,"name":"ef_dark_aura_main 1/ef_dark_aura_main 1_00017"},{"time":0.6,"name":"ef_dark_aura_main 1/ef_dark_aura_main 1_00019"},{"time":0.6666,"name":"ef_dark_aura_main 1/ef_dark_aura_main 1_00021"},{"time":0.7333,"name":"ef_dark_aura_main 1/ef_dark_aura_main 1_00023"},{"time":0.8,"name":"ef_dark_aura_main 1/ef_dark_aura_main 1_00025"},{"time":0.8666,"name":"ef_dark_aura_main 1/ef_dark_aura_main 1_00027"},{"time":0.9333,"name":"ef_dark_aura_main 1/ef_dark_aura_main 1_00029"},{"time":1,"name":null},{"time":1.0666,"name":"ef_dark_aura_main 1/ef_dark_aura_main 1_00001"},{"time":1.1333,"name":"ef_dark_aura_main 1/ef_dark_aura_main 1_00003"},{"time":1.2,"name":"ef_dark_aura_main 1/ef_dark_aura_main 1_00005"},{"time":1.2666,"name":"ef_dark_aura_main 1/ef_dark_aura_main 1_00007"},{"time":1.3333,"name":"ef_dark_aura_main 1/ef_dark_aura_main 1_00009"},{"time":1.4,"name":"ef_dark_aura_main 1/ef_dark_aura_main 1_00011"},{"time":1.4666,"name":"ef_dark_aura_main 1/ef_dark_aura_main 1_00013"},{"time":1.5333,"name":"ef_dark_aura_main 1/ef_dark_aura_main 1_00015"},{"time":1.6,"name":"ef_dark_aura_main 1/ef_dark_aura_main 1_00017"},{"time":1.6666,"name":"ef_dark_aura_main 1/ef_dark_aura_main 1_00019"},{"time":1.7333,"name":"ef_dark_aura_main 1/ef_dark_aura_main 1_00021"},{"time":1.8,"name":"ef_dark_aura_main 1/ef_dark_aura_main 1_00023"},{"time":1.8666,"name":"ef_dark_aura_main 1/ef_dark_aura_main 1_00025"},{"time":1.9333,"name":"ef_dark_aura_main 1/ef_dark_aura_main 1_00027"},{"time":2,"name":"ef_dark_aura_main 1/ef_dark_aura_main 1_00029"},{"time":2.0666,"name":null}]},"EF_aura2_1":{"attachment":[{"time":0,"name":"ef_dark_aura_main 3/ef_dark_aura_main 3_00001"},{"time":0.0666,"name":"ef_dark_aura_main 3/ef_dark_aura_main 3_00003"},{"time":0.1333,"name":"ef_dark_aura_main 3/ef_dark_aura_main 3_00005"},{"time":0.2,"name":"ef_dark_aura_main 3/ef_dark_aura_main 3_00007"},{"time":0.2666,"name":"ef_dark_aura_main 3/ef_dark_aura_main 3_00009"},{"time":0.3333,"name":"ef_dark_aura_main 3/ef_dark_aura_main 3_00011"},{"time":0.4,"name":"ef_dark_aura_main 3/ef_dark_aura_main 3_00015"},{"time":0.4666,"name":"ef_dark_aura_main 3/ef_dark_aura_main 3_00017"},{"time":0.5333,"name":"ef_dark_aura_main 3/ef_dark_aura_main 3_00019"},{"time":0.6,"name":"ef_dark_aura_main 3/ef_dark_aura_main 3_00021"},{"time":0.6666,"name":"ef_dark_aura_main 3/ef_dark_aura_main 3_00023"},{"time":0.7333,"name":"ef_dark_aura_main 3/ef_dark_aura_main 3_00025"},{"time":0.8,"name":"ef_dark_aura_main 3/ef_dark_aura_main 3_00027"},{"time":0.8666,"name":"ef_dark_aura_main 3/ef_dark_aura_main 3_00029"},{"time":0.9333,"name":null},{"time":1.2333,"name":"ef_dark_aura_main 3/ef_dark_aura_main 3_00001"},{"time":1.3,"name":"ef_dark_aura_main 3/ef_dark_aura_main 3_00003"},{"time":1.3666,"name":"ef_dark_aura_main 3/ef_dark_aura_main 3_00005"},{"time":1.4333,"name":"ef_dark_aura_main 3/ef_dark_aura_main 3_00007"},{"time":1.5,"name":"ef_dark_aura_main 3/ef_dark_aura_main 3_00009"},{"time":1.5666,"name":"ef_dark_aura_main 3/ef_dark_aura_main 3_00011"},{"time":1.6333,"name":"ef_dark_aura_main 3/ef_dark_aura_main 3_00015"},{"time":1.7,"name":"ef_dark_aura_main 3/ef_dark_aura_main 3_00017"},{"time":1.7666,"name":"ef_dark_aura_main 3/ef_dark_aura_main 3_00019"},{"time":1.8333,"name":"ef_dark_aura_main 3/ef_dark_aura_main 3_00021"},{"time":1.9,"name":"ef_dark_aura_main 3/ef_dark_aura_main 3_00023"},{"time":1.9666,"name":"ef_dark_aura_main 3/ef_dark_aura_main 3_00025"},{"time":2.0333,"name":"ef_dark_aura_main 3/ef_dark_aura_main 3_00027"},{"time":2.1,"name":"ef_dark_aura_main 3/ef_dark_aura_main 3_00029"},{"time":2.1666,"name":null}],"color":[{"time":0,"color":"ffffff00"},{"time":0.1,"color":"ffffffff","curve":"stepped"},{"time":0.7666,"color":"ffffffff"},{"time":0.9333,"color":"ffffff00","curve":"stepped"},{"time":1.2333,"color":"ffffff00"},{"time":1.3333,"color":"ffffffff","curve":"stepped"},{"time":2,"color":"ffffffff"},{"time":2.1666,"color":"ffffff00"}]},"EF_particle1":{"attachment":[{"time":0,"name":"ef_dark_particle_main/ef_dark_particle_main_00001"},{"time":0.0666,"name":"ef_dark_particle_main/ef_dark_particle_main_00003"},{"time":0.1333,"name":"ef_dark_particle_main/ef_dark_particle_main_00005"},{"time":0.2,"name":"ef_dark_particle_main/ef_dark_particle_main_00007"},{"time":0.2666,"name":"ef_dark_particle_main/ef_dark_particle_main_00009"},{"time":0.3333,"name":"ef_dark_particle_main/ef_dark_particle_main_00011"},{"time":0.4,"name":"ef_dark_particle_main/ef_dark_particle_main_00013"},{"time":0.4666,"name":"ef_dark_particle_main/ef_dark_particle_main_00015"},{"time":0.5333,"name":"ef_dark_particle_main/ef_dark_particle_main_00017"},{"time":0.6,"name":"ef_dark_particle_main/ef_dark_particle_main_00019"},{"time":0.6666,"name":"ef_dark_particle_main/ef_dark_particle_main_00021"},{"time":0.7333,"name":"ef_dark_particle_main/ef_dark_particle_main_00023"},{"time":0.8,"name":"ef_dark_particle_main/ef_dark_particle_main_00025"},{"time":0.8666,"name":"ef_dark_particle_main/ef_dark_particle_main_00027"},{"time":0.9333,"name":"ef_dark_particle_main/ef_dark_particle_main_00029"},{"time":1,"name":"ef_dark_particle_main/ef_dark_particle_main_00031"},{"time":1.0666,"name":"ef_dark_particle_main/ef_dark_particle_main_00033"},{"time":1.1333,"name":"ef_dark_particle_main/ef_dark_particle_main_00035"},{"time":1.2,"name":"ef_dark_particle_main/ef_dark_particle_main_00037"},{"time":1.2666,"name":"ef_dark_particle_main/ef_dark_particle_main_00039"},{"time":1.3333,"name":"ef_dark_particle_main/ef_dark_particle_main_00041"},{"time":1.4,"name":"ef_dark_particle_main/ef_dark_particle_main_00043"},{"time":1.4666,"name":"ef_dark_particle_main/ef_dark_particle_main_00045"},{"time":1.5333,"name":"ef_dark_particle_main/ef_dark_particle_main_00047"},{"time":1.6,"name":"ef_dark_particle_main/ef_dark_particle_main_00049"},{"time":1.6666,"name":"ef_dark_particle_main/ef_dark_particle_main_00051"},{"time":1.7333,"name":"ef_dark_particle_main/ef_dark_particle_main_00053"},{"time":1.8,"name":"ef_dark_particle_main/ef_dark_particle_main_00055"},{"time":1.8666,"name":"ef_dark_particle_main/ef_dark_particle_main_00057"},{"time":1.9333,"name":"ef_dark_particle_main/ef_dark_particle_main_00059"},{"time":2,"name":null}]},"EF_particle2":{"attachment":[{"time":0,"name":"ef_dark_particle_main/ef_dark_particle_main_00035"},{"time":0.0333,"name":"ef_dark_particle_main/ef_dark_particle_main_00037"},{"time":0.1,"name":"ef_dark_particle_main/ef_dark_particle_main_00039"},{"time":0.1666,"name":"ef_dark_particle_main/ef_dark_particle_main_00041"},{"time":0.2333,"name":"ef_dark_particle_main/ef_dark_particle_main_00043"},{"time":0.3,"name":"ef_dark_particle_main/ef_dark_particle_main_00045"},{"time":0.3666,"name":"ef_dark_particle_main/ef_dark_particle_main_00047"},{"time":0.4333,"name":"ef_dark_particle_main/ef_dark_particle_main_00049"},{"time":0.5,"name":"ef_dark_particle_main/ef_dark_particle_main_00051"},{"time":0.5666,"name":"ef_dark_particle_main/ef_dark_particle_main_00053"},{"time":0.6333,"name":"ef_dark_particle_main/ef_dark_particle_main_00055"},{"time":0.7,"name":"ef_dark_particle_main/ef_dark_particle_main_00057"},{"time":0.7666,"name":"ef_dark_particle_main/ef_dark_particle_main_00059"},{"time":0.8333,"name":null},{"time":1.0333,"name":"ef_dark_particle_main/ef_dark_particle_main_00001"},{"time":1.1,"name":"ef_dark_particle_main/ef_dark_particle_main_00003"},{"time":1.1666,"name":"ef_dark_particle_main/ef_dark_particle_main_00005"},{"time":1.2333,"name":"ef_dark_particle_main/ef_dark_particle_main_00007"},{"time":1.3,"name":"ef_dark_particle_main/ef_dark_particle_main_00009"},{"time":1.3666,"name":"ef_dark_particle_main/ef_dark_particle_main_00011"},{"time":1.4333,"name":"ef_dark_particle_main/ef_dark_particle_main_00013"},{"time":1.5,"name":"ef_dark_particle_main/ef_dark_particle_main_00015"},{"time":1.5666,"name":"ef_dark_particle_main/ef_dark_particle_main_00017"},{"time":1.6333,"name":"ef_dark_particle_main/ef_dark_particle_main_00019"},{"time":1.7,"name":"ef_dark_particle_main/ef_dark_particle_main_00021"},{"time":1.7666,"name":"ef_dark_particle_main/ef_dark_particle_main_00023"},{"time":1.8333,"name":"ef_dark_particle_main/ef_dark_particle_main_00025"},{"time":1.9,"name":"ef_dark_particle_main/ef_dark_particle_main_00027"},{"time":1.9666,"name":"ef_dark_particle_main/ef_dark_particle_main_00029"},{"time":2.0333,"name":"ef_dark_particle_main/ef_dark_particle_main_00031"},{"time":2.1,"name":"ef_dark_particle_main/ef_dark_particle_main_00033"},{"time":2.1666,"name":"ef_dark_particle_main/ef_dark_particle_main_00035"}]}},"bones":{"EF_particle1":{"translate":[{"time":0,"x":0,"y":-9.77}],"scale":[{"time":0,"x":1,"y":1}]},"MAIN":{"translate":[{"time":0,"x":7.98,"y":49.6}],"scale":[{"time":0,"x":0.8,"y":0.8}]},"EF_aura1_1":{"rotate":[{"time":0,"angle":-35.01}],"translate":[{"time":0,"x":22.69,"y":6.19,"curve":"stepped"},{"time":1.0666,"x":22.69,"y":-76.67}]},"EF_aura2_1":{"translate":[{"time":0,"x":0,"y":-33.4,"curve":"stepped"},{"time":1.2333,"x":0,"y":-51.92}],"scale":[{"time":0,"x":1.5,"y":1.5}]},"EF_aura1_2":{"rotate":[{"time":0.1,"angle":36.9}],"translate":[{"time":0.1,"x":-36.81,"y":-51.87,"curve":"stepped"},{"time":1.1666,"x":-36.81,"y":-7.02}]},"EF_aura1_3":{"rotate":[{"time":0,"angle":16.22,"curve":"stepped"},{"time":1.0666,"angle":-16.19}],"translate":[{"time":0,"x":-12.73,"y":35.35}],"scale":[{"time":0,"x":1.2,"y":1.2,"curve":"stepped"},{"time":1.0666,"x":-1.2,"y":1.2}]},"EF_particle2":{"translate":[{"time":0,"x":-14.22,"y":-9.77}],"scale":[{"time":0,"x":-1,"y":1}]}}},"aura_Megami":{"slots":{"EF_aura1_1":{"attachment":[{"time":0,"name":"ef_dark_aura_main 1/ef_dark_aura_main 1_00001"},{"time":0.0666,"name":"ef_dark_aura_main 1/ef_dark_aura_main 1_00003"},{"time":0.1333,"name":"ef_dark_aura_main 1/ef_dark_aura_main 1_00005"},{"time":0.2,"name":"ef_dark_aura_main 1/ef_dark_aura_main 1_00007"},{"time":0.2666,"name":"ef_dark_aura_main 1/ef_dark_aura_main 1_00009"},{"time":0.3333,"name":"ef_dark_aura_main 1/ef_dark_aura_main 1_00011"},{"time":0.4,"name":"ef_dark_aura_main 1/ef_dark_aura_main 1_00013"},{"time":0.4666,"name":"ef_dark_aura_main 1/ef_dark_aura_main 1_00015"},{"time":0.5333,"name":"ef_dark_aura_main 1/ef_dark_aura_main 1_00017"},{"time":0.6,"name":"ef_dark_aura_main 1/ef_dark_aura_main 1_00019"},{"time":0.6666,"name":"ef_dark_aura_main 1/ef_dark_aura_main 1_00021"},{"time":0.7333,"name":"ef_dark_aura_main 1/ef_dark_aura_main 1_00023"},{"time":0.8,"name":"ef_dark_aura_main 1/ef_dark_aura_main 1_00025"},{"time":0.8666,"name":"ef_dark_aura_main 1/ef_dark_aura_main 1_00027"},{"time":0.9333,"name":"ef_dark_aura_main 1/ef_dark_aura_main 1_00029"},{"time":1,"name":null},{"time":1.0666,"name":"ef_dark_aura_main 1/ef_dark_aura_main 1_00001"},{"time":1.1333,"name":"ef_dark_aura_main 1/ef_dark_aura_main 1_00003"},{"time":1.2,"name":"ef_dark_aura_main 1/ef_dark_aura_main 1_00005"},{"time":1.2666,"name":"ef_dark_aura_main 1/ef_dark_aura_main 1_00007"},{"time":1.3333,"name":"ef_dark_aura_main 1/ef_dark_aura_main 1_00009"},{"time":1.4,"name":"ef_dark_aura_main 1/ef_dark_aura_main 1_00011"},{"time":1.4666,"name":"ef_dark_aura_main 1/ef_dark_aura_main 1_00013"},{"time":1.5333,"name":"ef_dark_aura_main 1/ef_dark_aura_main 1_00015"},{"time":1.6,"name":"ef_dark_aura_main 1/ef_dark_aura_main 1_00017"},{"time":1.6666,"name":"ef_dark_aura_main 1/ef_dark_aura_main 1_00019"},{"time":1.7333,"name":"ef_dark_aura_main 1/ef_dark_aura_main 1_00021"},{"time":1.8,"name":"ef_dark_aura_main 1/ef_dark_aura_main 1_00023"},{"time":1.8666,"name":"ef_dark_aura_main 1/ef_dark_aura_main 1_00025"},{"time":1.9333,"name":"ef_dark_aura_main 1/ef_dark_aura_main 1_00027"},{"time":2,"name":"ef_dark_aura_main 1/ef_dark_aura_main 1_00029"},{"time":2.0666,"name":null}],"color":[{"time":0,"color":"ffffff00"},{"time":0.1666,"color":"ffffffff","curve":"stepped"},{"time":0.6666,"color":"ffffffff"},{"time":1,"color":"ffffff00","curve":"stepped"},{"time":1.0666,"color":"ffffff00"},{"time":1.2333,"color":"ffffffff","curve":"stepped"},{"time":1.7333,"color":"ffffffff"},{"time":2.0666,"color":"ffffff00"}]},"EF_aura1_2":{"attachment":[{"time":0.1,"name":"ef_dark_aura_main 1/ef_dark_aura_main 1_00001"},{"time":0.1666,"name":"ef_dark_aura_main 1/ef_dark_aura_main 1_00003"},{"time":0.2333,"name":"ef_dark_aura_main 1/ef_dark_aura_main 1_00005"},{"time":0.3,"name":"ef_dark_aura_main 1/ef_dark_aura_main 1_00007"},{"time":0.3666,"name":"ef_dark_aura_main 1/ef_dark_aura_main 1_00009"},{"time":0.4333,"name":"ef_dark_aura_main 1/ef_dark_aura_main 1_00011"},{"time":0.5,"name":"ef_dark_aura_main 1/ef_dark_aura_main 1_00013"},{"time":0.5666,"name":"ef_dark_aura_main 1/ef_dark_aura_main 1_00015"},{"time":0.6333,"name":"ef_dark_aura_main 1/ef_dark_aura_main 1_00017"},{"time":0.7,"name":"ef_dark_aura_main 1/ef_dark_aura_main 1_00019"},{"time":0.7666,"name":"ef_dark_aura_main 1/ef_dark_aura_main 1_00021"},{"time":0.8333,"name":"ef_dark_aura_main 1/ef_dark_aura_main 1_00023"},{"time":0.9,"name":"ef_dark_aura_main 1/ef_dark_aura_main 1_00025"},{"time":0.9666,"name":"ef_dark_aura_main 1/ef_dark_aura_main 1_00027"},{"time":1.0333,"name":"ef_dark_aura_main 1/ef_dark_aura_main 1_00029"},{"time":1.1,"name":null},{"time":1.1666,"name":"ef_dark_aura_main 1/ef_dark_aura_main 1_00001"},{"time":1.2333,"name":"ef_dark_aura_main 1/ef_dark_aura_main 1_00003"},{"time":1.3,"name":"ef_dark_aura_main 1/ef_dark_aura_main 1_00005"},{"time":1.3666,"name":"ef_dark_aura_main 1/ef_dark_aura_main 1_00007"},{"time":1.4333,"name":"ef_dark_aura_main 1/ef_dark_aura_main 1_00009"},{"time":1.5,"name":"ef_dark_aura_main 1/ef_dark_aura_main 1_00011"},{"time":1.5666,"name":"ef_dark_aura_main 1/ef_dark_aura_main 1_00013"},{"time":1.6333,"name":"ef_dark_aura_main 1/ef_dark_aura_main 1_00015"},{"time":1.7,"name":"ef_dark_aura_main 1/ef_dark_aura_main 1_00017"},{"time":1.7666,"name":"ef_dark_aura_main 1/ef_dark_aura_main 1_00019"},{"time":1.8333,"name":"ef_dark_aura_main 1/ef_dark_aura_main 1_00021"},{"time":1.9,"name":"ef_dark_aura_main 1/ef_dark_aura_main 1_00023"},{"time":1.9666,"name":"ef_dark_aura_main 1/ef_dark_aura_main 1_00025"},{"time":2.0333,"name":"ef_dark_aura_main 1/ef_dark_aura_main 1_00027"},{"time":2.1,"name":"ef_dark_aura_main 1/ef_dark_aura_main 1_00029"},{"time":2.1666,"name":null}],"color":[{"time":0.1,"color":"ffffff00"},{"time":0.2666,"color":"ffffffff","curve":"stepped"},{"time":0.7666,"color":"ffffffff"},{"time":1.1,"color":"ffffff00","curve":"stepped"},{"time":1.1666,"color":"ffffff00"},{"time":1.3333,"color":"ffffffff","curve":"stepped"},{"time":1.8333,"color":"ffffffff"},{"time":2.1666,"color":"ffffff00"}]},"EF_aura1_3":{"attachment":[{"time":0,"name":"ef_dark_aura_main 1/ef_dark_aura_main 1_00001"},{"time":0.0666,"name":"ef_dark_aura_main 1/ef_dark_aura_main 1_00003"},{"time":0.1333,"name":"ef_dark_aura_main 1/ef_dark_aura_main 1_00005"},{"time":0.2,"name":"ef_dark_aura_main 1/ef_dark_aura_main 1_00007"},{"time":0.2666,"name":"ef_dark_aura_main 1/ef_dark_aura_main 1_00009"},{"time":0.3333,"name":"ef_dark_aura_main 1/ef_dark_aura_main 1_00011"},{"time":0.4,"name":"ef_dark_aura_main 1/ef_dark_aura_main 1_00013"},{"time":0.4666,"name":"ef_dark_aura_main 1/ef_dark_aura_main 1_00015"},{"time":0.5333,"name":"ef_dark_aura_main 1/ef_dark_aura_main 1_00017"},{"time":0.6,"name":"ef_dark_aura_main 1/ef_dark_aura_main 1_00019"},{"time":0.6666,"name":"ef_dark_aura_main 1/ef_dark_aura_main 1_00021"},{"time":0.7333,"name":"ef_dark_aura_main 1/ef_dark_aura_main 1_00023"},{"time":0.8,"name":"ef_dark_aura_main 1/ef_dark_aura_main 1_00025"},{"time":0.8666,"name":"ef_dark_aura_main 1/ef_dark_aura_main 1_00027"},{"time":0.9333,"name":"ef_dark_aura_main 1/ef_dark_aura_main 1_00029"},{"time":1,"name":null},{"time":1.0666,"name":"ef_dark_aura_main 1/ef_dark_aura_main 1_00001"},{"time":1.1333,"name":"ef_dark_aura_main 1/ef_dark_aura_main 1_00003"},{"time":1.2,"name":"ef_dark_aura_main 1/ef_dark_aura_main 1_00005"},{"time":1.2666,"name":"ef_dark_aura_main 1/ef_dark_aura_main 1_00007"},{"time":1.3333,"name":"ef_dark_aura_main 1/ef_dark_aura_main 1_00009"},{"time":1.4,"name":"ef_dark_aura_main 1/ef_dark_aura_main 1_00011"},{"time":1.4666,"name":"ef_dark_aura_main 1/ef_dark_aura_main 1_00013"},{"time":1.5333,"name":"ef_dark_aura_main 1/ef_dark_aura_main 1_00015"},{"time":1.6,"name":"ef_dark_aura_main 1/ef_dark_aura_main 1_00017"},{"time":1.6666,"name":"ef_dark_aura_main 1/ef_dark_aura_main 1_00019"},{"time":1.7333,"name":"ef_dark_aura_main 1/ef_dark_aura_main 1_00021"},{"time":1.8,"name":"ef_dark_aura_main 1/ef_dark_aura_main 1_00023"},{"time":1.8666,"name":"ef_dark_aura_main 1/ef_dark_aura_main 1_00025"},{"time":1.9333,"name":"ef_dark_aura_main 1/ef_dark_aura_main 1_00027"},{"time":2,"name":"ef_dark_aura_main 1/ef_dark_aura_main 1_00029"},{"time":2.0666,"name":null}]},"EF_aura2_1":{"attachment":[{"time":0,"name":"ef_dark_aura_main 3/ef_dark_aura_main 3_00001"},{"time":0.0666,"name":"ef_dark_aura_main 3/ef_dark_aura_main 3_00003"},{"time":0.1333,"name":"ef_dark_aura_main 3/ef_dark_aura_main 3_00005"},{"time":0.2,"name":"ef_dark_aura_main 3/ef_dark_aura_main 3_00007"},{"time":0.2666,"name":"ef_dark_aura_main 3/ef_dark_aura_main 3_00009"},{"time":0.3333,"name":"ef_dark_aura_main 3/ef_dark_aura_main 3_00011"},{"time":0.4,"name":"ef_dark_aura_main 3/ef_dark_aura_main 3_00015"},{"time":0.4666,"name":"ef_dark_aura_main 3/ef_dark_aura_main 3_00017"},{"time":0.5333,"name":"ef_dark_aura_main 3/ef_dark_aura_main 3_00019"},{"time":0.6,"name":"ef_dark_aura_main 3/ef_dark_aura_main 3_00021"},{"time":0.6666,"name":"ef_dark_aura_main 3/ef_dark_aura_main 3_00023"},{"time":0.7333,"name":"ef_dark_aura_main 3/ef_dark_aura_main 3_00025"},{"time":0.8,"name":"ef_dark_aura_main 3/ef_dark_aura_main 3_00027"},{"time":0.8666,"name":"ef_dark_aura_main 3/ef_dark_aura_main 3_00029"},{"time":0.9333,"name":null},{"time":1.2333,"name":"ef_dark_aura_main 3/ef_dark_aura_main 3_00001"},{"time":1.3,"name":"ef_dark_aura_main 3/ef_dark_aura_main 3_00003"},{"time":1.3666,"name":"ef_dark_aura_main 3/ef_dark_aura_main 3_00005"},{"time":1.4333,"name":"ef_dark_aura_main 3/ef_dark_aura_main 3_00007"},{"time":1.5,"name":"ef_dark_aura_main 3/ef_dark_aura_main 3_00009"},{"time":1.5666,"name":"ef_dark_aura_main 3/ef_dark_aura_main 3_00011"},{"time":1.6333,"name":"ef_dark_aura_main 3/ef_dark_aura_main 3_00015"},{"time":1.7,"name":"ef_dark_aura_main 3/ef_dark_aura_main 3_00017"},{"time":1.7666,"name":"ef_dark_aura_main 3/ef_dark_aura_main 3_00019"},{"time":1.8333,"name":"ef_dark_aura_main 3/ef_dark_aura_main 3_00021"},{"time":1.9,"name":"ef_dark_aura_main 3/ef_dark_aura_main 3_00023"},{"time":1.9666,"name":"ef_dark_aura_main 3/ef_dark_aura_main 3_00025"},{"time":2.0333,"name":"ef_dark_aura_main 3/ef_dark_aura_main 3_00027"},{"time":2.1,"name":"ef_dark_aura_main 3/ef_dark_aura_main 3_00029"},{"time":2.1666,"name":null}],"color":[{"time":0,"color":"ffffff00"},{"time":0.1,"color":"ffffffff","curve":"stepped"},{"time":0.7666,"color":"ffffffff"},{"time":0.9333,"color":"ffffff00","curve":"stepped"},{"time":1.2333,"color":"ffffff00"},{"time":1.3333,"color":"ffffffff","curve":"stepped"},{"time":2,"color":"ffffffff"},{"time":2.1666,"color":"ffffff00"}]},"EF_particle1":{"attachment":[{"time":0,"name":"ef_dark_particle_main/ef_dark_particle_main_00001"},{"time":0.0666,"name":"ef_dark_particle_main/ef_dark_particle_main_00003"},{"time":0.1333,"name":"ef_dark_particle_main/ef_dark_particle_main_00005"},{"time":0.2,"name":"ef_dark_particle_main/ef_dark_particle_main_00007"},{"time":0.2666,"name":"ef_dark_particle_main/ef_dark_particle_main_00009"},{"time":0.3333,"name":"ef_dark_particle_main/ef_dark_particle_main_00011"},{"time":0.4,"name":"ef_dark_particle_main/ef_dark_particle_main_00013"},{"time":0.4666,"name":"ef_dark_particle_main/ef_dark_particle_main_00015"},{"time":0.5333,"name":"ef_dark_particle_main/ef_dark_particle_main_00017"},{"time":0.6,"name":"ef_dark_particle_main/ef_dark_particle_main_00019"},{"time":0.6666,"name":"ef_dark_particle_main/ef_dark_particle_main_00021"},{"time":0.7333,"name":"ef_dark_particle_main/ef_dark_particle_main_00023"},{"time":0.8,"name":"ef_dark_particle_main/ef_dark_particle_main_00025"},{"time":0.8666,"name":"ef_dark_particle_main/ef_dark_particle_main_00027"},{"time":0.9333,"name":"ef_dark_particle_main/ef_dark_particle_main_00029"},{"time":1,"name":"ef_dark_particle_main/ef_dark_particle_main_00031"},{"time":1.0666,"name":"ef_dark_particle_main/ef_dark_particle_main_00033"},{"time":1.1333,"name":"ef_dark_particle_main/ef_dark_particle_main_00035"},{"time":1.2,"name":"ef_dark_particle_main/ef_dark_particle_main_00037"},{"time":1.2666,"name":"ef_dark_particle_main/ef_dark_particle_main_00039"},{"time":1.3333,"name":"ef_dark_particle_main/ef_dark_particle_main_00041"},{"time":1.4,"name":"ef_dark_particle_main/ef_dark_particle_main_00043"},{"time":1.4666,"name":"ef_dark_particle_main/ef_dark_particle_main_00045"},{"time":1.5333,"name":"ef_dark_particle_main/ef_dark_particle_main_00047"},{"time":1.6,"name":"ef_dark_particle_main/ef_dark_particle_main_00049"},{"time":1.6666,"name":"ef_dark_particle_main/ef_dark_particle_main_00051"},{"time":1.7333,"name":"ef_dark_particle_main/ef_dark_particle_main_00053"},{"time":1.8,"name":"ef_dark_particle_main/ef_dark_particle_main_00055"},{"time":1.8666,"name":"ef_dark_particle_main/ef_dark_particle_main_00057"},{"time":1.9333,"name":"ef_dark_particle_main/ef_dark_particle_main_00059"},{"time":2,"name":null}]},"EF_particle2":{"attachment":[{"time":0,"name":"ef_dark_particle_main/ef_dark_particle_main_00035"},{"time":0.0333,"name":"ef_dark_particle_main/ef_dark_particle_main_00037"},{"time":0.1,"name":"ef_dark_particle_main/ef_dark_particle_main_00039"},{"time":0.1666,"name":"ef_dark_particle_main/ef_dark_particle_main_00041"},{"time":0.2333,"name":"ef_dark_particle_main/ef_dark_particle_main_00043"},{"time":0.3,"name":"ef_dark_particle_main/ef_dark_particle_main_00045"},{"time":0.3666,"name":"ef_dark_particle_main/ef_dark_particle_main_00047"},{"time":0.4333,"name":"ef_dark_particle_main/ef_dark_particle_main_00049"},{"time":0.5,"name":"ef_dark_particle_main/ef_dark_particle_main_00051"},{"time":0.5666,"name":"ef_dark_particle_main/ef_dark_particle_main_00053"},{"time":0.6333,"name":"ef_dark_particle_main/ef_dark_particle_main_00055"},{"time":0.7,"name":"ef_dark_particle_main/ef_dark_particle_main_00057"},{"time":0.7666,"name":"ef_dark_particle_main/ef_dark_particle_main_00059"},{"time":0.8333,"name":null},{"time":1.0333,"name":"ef_dark_particle_main/ef_dark_particle_main_00001"},{"time":1.1,"name":"ef_dark_particle_main/ef_dark_particle_main_00003"},{"time":1.1666,"name":"ef_dark_particle_main/ef_dark_particle_main_00005"},{"time":1.2333,"name":"ef_dark_particle_main/ef_dark_particle_main_00007"},{"time":1.3,"name":"ef_dark_particle_main/ef_dark_particle_main_00009"},{"time":1.3666,"name":"ef_dark_particle_main/ef_dark_particle_main_00011"},{"time":1.4333,"name":"ef_dark_particle_main/ef_dark_particle_main_00013"},{"time":1.5,"name":"ef_dark_particle_main/ef_dark_particle_main_00015"},{"time":1.5666,"name":"ef_dark_particle_main/ef_dark_particle_main_00017"},{"time":1.6333,"name":"ef_dark_particle_main/ef_dark_particle_main_00019"},{"time":1.7,"name":"ef_dark_particle_main/ef_dark_particle_main_00021"},{"time":1.7666,"name":"ef_dark_particle_main/ef_dark_particle_main_00023"},{"time":1.8333,"name":"ef_dark_particle_main/ef_dark_particle_main_00025"},{"time":1.9,"name":"ef_dark_particle_main/ef_dark_particle_main_00027"},{"time":1.9666,"name":"ef_dark_particle_main/ef_dark_particle_main_00029"},{"time":2.0333,"name":"ef_dark_particle_main/ef_dark_particle_main_00031"},{"time":2.1,"name":"ef_dark_particle_main/ef_dark_particle_main_00033"},{"time":2.1666,"name":"ef_dark_particle_main/ef_dark_particle_main_00035"}]}},"bones":{"EF_particle1":{"translate":[{"time":0,"x":0,"y":-9.77}],"scale":[{"time":0,"x":1,"y":1}]},"MAIN":{"translate":[{"time":0,"x":7.98,"y":49.6}],"scale":[{"time":0,"x":0.8,"y":0.8}]},"EF_aura1_1":{"rotate":[{"time":0,"angle":-35.01}],"translate":[{"time":0,"x":22.69,"y":6.19,"curve":"stepped"},{"time":1.0666,"x":22.69,"y":-76.67}]},"EF_aura2_1":{"translate":[{"time":0,"x":0,"y":-33.4,"curve":"stepped"},{"time":1.2333,"x":0,"y":-51.92}],"scale":[{"time":0,"x":1.5,"y":1.5}]},"EF_aura1_2":{"rotate":[{"time":0.1,"angle":36.9}],"translate":[{"time":0.1,"x":-36.81,"y":-51.87,"curve":"stepped"},{"time":1.1666,"x":-36.81,"y":-7.02}]},"EF_aura1_3":{"rotate":[{"time":0,"angle":16.22,"curve":"stepped"},{"time":1.0666,"angle":-16.19}],"translate":[{"time":0,"x":-12.73,"y":35.35}],"scale":[{"time":0,"x":1.2,"y":1.2,"curve":"stepped"},{"time":1.0666,"x":-1.2,"y":1.2}]},"EF_particle2":{"translate":[{"time":0,"x":-14.22,"y":-9.77}],"scale":[{"time":0,"x":-1,"y":1}]}}},"aura_beast":{},"empty":{}}}