{"skeleton":{"hash":"kD6/1Ar+GfELLbMPwK71FjzyPYg","spine":"3.0.12","width":128,"height":128},"bones":[{"name":"root"},{"name":"MAIN","parent":"root","y":104.08},{"name":"SHADOW-OFFSET","parent":"MAIN","scaleX":0.8,"scaleY":0.8},{"name":"HPBAR","parent":"MAIN","x":10,"y":85.91},{"name":"HITBOX","parent":"MAIN","scaleX":2,"scaleY":2},{"name":"EF2","parent":"MAIN","x":9.57,"y":-19.3,"scaleX":2,"scaleY":2},{"name":"EF1","parent":"MAIN","scaleX":2,"scaleY":2},{"name":"DAMAGEAREA","parent":"root"},{"name":"wave1","parent":"root","x":50},{"name":"wave2","parent":"root","x":100},{"name":"wave3","parent":"root","x":150}],"slots":[{"name":"EF/400_S1_wave1_00038","bone":"wave1","blend":"additive"},{"name":"EF/400_S1_wave2_00039","bone":"wave2","blend":"additive"},{"name":"MAIN","bone":"MAIN","attachment":"400-idle_00"},{"name":"EF","bone":"EF1","attachment":"400-idle_ef00","blend":"additive"},{"name":"EF/400_S1_wave3_00038","bone":"wave3","blend":"additive"},{"name":"400-skill2_ef00","bone":"EF2","blend":"additive"},{"name":"DAMAGEAREA","bone":"DAMAGEAREA"},{"name":"HITBOX","bone":"HITBOX","attachment":"HITBOX"}],"skins":{"default":{"400-skill2_ef00":{"400-skill2_ef00":{"width":128,"height":128},"400-skill2_ef01":{"width":128,"height":128},"400-skill2_ef02":{"width":128,"height":128},"400-skill2_ef03":{"width":128,"height":128},"400-skill2_ef04":{"width":128,"height":128},"400-skill2_ef05":{"width":128,"height":128},"400-skill2_ef06":{"width":128,"height":128},"400-skill2_ef07":{"width":128,"height":128}},"DAMAGEAREA":{"DAMAGEAREA":{"type":"boundingbox","vertices":[-31.87633,-31.71245,31.67661,-31.85745,31.6636,31.9635,-31.85432,32.12149]}},"EF":{"400-atack_ef00":{"y":7.61,"width":128,"height":128},"400-atack_ef01":{"y":7.61,"width":128,"height":128},"400-atack_ef02":{"y":7.61,"width":128,"height":128},"400-atack_ef03":{"y":7.61,"width":128,"height":128},"400-damage_ef00":{"x":5,"y":7.61,"width":80,"height":64},"400-damage_ef01":{"x":5,"y":7.61,"width":80,"height":64},"400-damage_ef02":{"x":5,"y":7.61,"width":80,"height":64},"400-damage_ef03":{"x":5,"y":7.61,"width":80,"height":64},"400-idle_ef00":{"y":7.61,"width":64,"height":64},"400-idle_ef01":{"y":7.61,"width":64,"height":64},"400-idle_ef02":{"y":7.61,"width":64,"height":64},"400-idle_ef03":{"y":7.61,"width":64,"height":64},"400-skill1_ef00":{"y":0.61,"width":64,"height":80},"400-skill1_ef01":{"y":7.61,"width":64,"height":64},"400-skill1_ef02":{"y":7.61,"width":64,"height":64},"400-skill1_ef03":{"y":7.61,"width":64,"height":64},"400-skill1_ef04":{"y":7.61,"width":64,"height":64}},"EF/400_S1_wave1_00038":{"EF/400_S1_wave1_00038":{"y":20,"width":300,"height":300},"EF/400_S1_wave1_00039":{"y":20,"width":300,"height":300},"EF/400_S1_wave1_00040":{"y":20,"width":300,"height":300},"EF/400_S1_wave1_00041":{"y":20,"width":300,"height":300},"EF/400_S1_wave1_00042":{"y":20,"width":300,"height":300},"EF/400_S1_wave1_00043":{"y":20,"width":300,"height":300},"EF/400_S1_wave1_00044":{"y":20,"width":300,"height":300},"EF/400_S1_wave1_00045":{"y":20,"width":300,"height":300},"EF/400_S1_wave1_00046":{"y":20,"width":300,"height":300}},"EF/400_S1_wave2_00039":{"EF/400_S1_wave2_00039":{"x":-4.95,"y":20,"width":300,"height":300},"EF/400_S1_wave2_00040":{"x":-4.95,"y":20,"width":300,"height":300},"EF/400_S1_wave2_00041":{"x":-4.95,"y":20,"width":300,"height":300},"EF/400_S1_wave2_00042":{"x":-4.95,"y":20,"width":300,"height":300},"EF/400_S1_wave2_00043":{"x":-4.95,"y":20,"width":300,"height":300},"EF/400_S1_wave2_00044":{"x":-4.95,"y":20,"width":300,"height":300},"EF/400_S1_wave2_00045":{"x":-4.95,"y":20,"width":300,"height":300},"EF/400_S1_wave2_00046":{"x":-4.95,"y":20,"width":300,"height":300},"EF/400_S1_wave2_00047":{"x":-4.95,"y":20,"width":300,"height":300},"EF/400_S1_wave2_00048":{"x":-4.95,"y":20,"width":300,"height":300},"EF/400_S1_wave2_00049":{"x":-4.95,"y":20,"width":300,"height":300},"EF/400_S1_wave2_00050":{"x":-4.95,"y":20,"width":300,"height":300},"EF/400_S1_wave2_00051":{"x":-4.95,"y":20,"width":300,"height":300},"EF/400_S1_wave2_00052":{"x":-4.95,"y":20,"width":300,"height":300},"EF/400_S1_wave2_00053":{"x":-4.95,"y":20,"width":300,"height":300},"EF/400_S1_wave2_00054":{"x":-4.95,"y":20,"width":300,"height":300},"EF/400_S1_wave2_00055":{"x":-4.95,"y":20,"width":300,"height":300},"EF/400_S1_wave2_00056":{"x":-4.95,"y":20,"width":300,"height":300},"EF/400_S1_wave2_00057":{"x":-4.95,"y":20,"width":300,"height":300}},"EF/400_S1_wave3_00038":{"EF/400_S1_wave3_00038":{"y":8,"width":300,"height":300},"EF/400_S1_wave3_00039":{"y":8,"width":300,"height":300},"EF/400_S1_wave3_00040":{"y":8,"width":300,"height":300},"EF/400_S1_wave3_00041":{"y":8,"width":300,"height":300},"EF/400_S1_wave3_00042":{"y":8,"width":300,"height":300},"EF/400_S1_wave3_00043":{"y":8,"width":300,"height":300},"EF/400_S1_wave3_00044":{"y":8,"width":300,"height":300},"EF/400_S1_wave3_00045":{"y":8,"width":300,"height":300}},"HITBOX":{"HITBOX":{"type":"boundingbox","vertices":[-18.65519,-20.16266,30.34479,-20.16266,30.34479,23.93734,-19.35519,24.63734]}},"MAIN":{"400-atack_00":{"y":15.22,"scaleX":2,"scaleY":2,"width":128,"height":128},"400-damage_00":{"x":-0.87,"y":15.22,"scaleX":2,"scaleY":2,"width":64,"height":64},"400-idle_00":{"y":15.22,"scaleX":2,"scaleY":2,"width":64,"height":64},"400-idle_01":{"y":15.22,"scaleX":2,"scaleY":2,"width":64,"height":64},"400-idle_02":{"y":15.22,"scaleX":2,"scaleY":2,"width":64,"height":64},"400-idle_03":{"y":15.22,"scaleX":2,"scaleY":2,"width":64,"height":64},"400-skill1_00":{"y":15.22,"scaleX":2,"scaleY":2,"width":64,"height":64},"400-skill1_01":{"y":15.22,"scaleX":2,"scaleY":2,"width":64,"height":64},"400-skill1_02":{"y":15.22,"scaleX":2,"scaleY":2,"width":64,"height":64},"400-skill1_03":{"y":15.22,"scaleX":2,"scaleY":2,"width":64,"height":64},"400-skill1_04":{"y":15.22,"scaleX":2,"scaleY":2,"width":64,"height":64},"400-skill2_00":{"y":15.22,"scaleX":2,"scaleY":2,"width":64,"height":64},"400-skill2_01":{"y":15.22,"scaleX":2,"scaleY":2,"width":64,"height":64},"400-skill2_02":{"y":15.22,"scaleX":2,"scaleY":2,"width":64,"height":64},"400-skill2_03":{"y":15.22,"scaleX":2,"scaleY":2,"width":64,"height":64},"400-skill2_04":{"y":15.22,"scaleX":2,"scaleY":2,"width":64,"height":64},"400-skill2_05":{"y":15.22,"scaleX":2,"scaleY":2,"width":64,"height":64},"400-skill2_06":{"y":15.22,"scaleX":2,"scaleY":2,"width":64,"height":64},"400-skill2_07":{"y":15.22,"scaleX":2,"scaleY":2,"width":64,"height":64},"400-skill2_08":{"y":15.22,"scaleX":2,"scaleY":2,"width":64,"height":64},"400-skill2_09":{"y":15.22,"scaleX":2,"scaleY":2,"width":64,"height":64},"400-skill2_10":{"y":15.22,"scaleX":2,"scaleY":2,"width":64,"height":64},"400-skill2_11":{"y":15.22,"scaleX":2,"scaleY":2,"width":64,"height":64},"400-skill2_12":{"y":15.22,"scaleX":2,"scaleY":2,"width":128,"height":128},"400-skill2_13":{"x":0.45,"y":1.6,"scaleX":2,"scaleY":2,"width":64,"height":64},"400-skill2_14":{"x":-2.98,"y":-2.77,"scaleX":2,"scaleY":2,"width":128,"height":128}}}},"events":{"Event":{},"Hit":{},"HitEffect":{},"Sound":{},"sound_1":{},"sound_2":{},"sound_3":{},"voice":{}},"animations":{"attack1":{"slots":{"DAMAGEAREA":{"attachment":[{"time":0.4,"name":"DAMAGEAREA"},{"time":0.6,"name":null},{"time":1.4666,"name":"DAMAGEAREA"},{"time":1.6333,"name":null}]},"EF":{"attachment":[{"time":0,"name":"400-atack_ef00"},{"time":0.1,"name":"400-atack_ef01"},{"time":0.2,"name":"400-atack_ef02"},{"time":0.3,"name":"400-atack_ef03"},{"time":0.3666,"name":"400-atack_ef03"},{"time":0.4666,"name":"400-atack_ef00"},{"time":0.5666,"name":"400-atack_ef01"},{"time":0.6666,"name":"400-atack_ef02"},{"time":0.8,"name":"400-atack_ef03"},{"time":0.9333,"name":"400-atack_ef00"},{"time":1.0666,"name":"400-atack_ef01"},{"time":1.1666,"name":"400-atack_ef00"},{"time":1.2666,"name":"400-atack_ef01"},{"time":1.3666,"name":"400-atack_ef02"},{"time":1.4666,"name":"400-atack_ef03"},{"time":1.5333,"name":"400-atack_ef03"},{"time":1.6333,"name":"400-atack_ef00"},{"time":1.7333,"name":"400-atack_ef01"},{"time":1.8333,"name":"400-atack_ef02"},{"time":1.9666,"name":"400-atack_ef03"},{"time":2.1,"name":"400-atack_ef00"},{"time":2.2333,"name":"400-atack_ef01"}]},"MAIN":{"attachment":[{"time":0,"name":"400-skill1_00"},{"time":0.4,"name":"400-atack_00"},{"time":0.5333,"name":"400-atack_00"},{"time":0.6666,"name":"400-skill1_00"},{"time":0.9666,"name":"400-skill1_00"},{"time":1.3,"name":"400-atack_00"},{"time":1.4666,"name":"400-atack_00"},{"time":1.6666,"name":"400-idle_00"},{"time":2.2666,"name":"400-idle_00"}]}},"bones":{"MAIN":{"rotate":[{"time":0,"angle":0,"curve":"stepped"},{"time":0.9666,"angle":0}],"translate":[{"time":0,"x":0,"y":0},{"time":0.1666,"x":48.36,"y":61.32,"curve":[0.549,0,0.88,0.26]},{"time":0.4,"x":-117.44,"y":0,"curve":[0.286,0.8,0.687,0.99]},{"time":0.5333,"x":-76.07,"y":0},{"time":0.6666,"x":-53.79,"y":0},{"time":1.1333,"x":6.39,"y":-8.66,"curve":[0.549,0,0.88,0.26]},{"time":1.3,"x":-33.27,"y":0,"curve":[0.286,0.8,0.687,0.99]},{"time":1.4666,"x":-142.94,"y":0.61,"curve":[0.567,0,0.473,0.98]},{"time":1.6666,"x":-142.94,"y":0.61,"curve":[0.567,0,0.473,0.98]},{"time":2.1666,"x":0.46,"y":0}]},"EF1":{"translate":[{"time":0,"x":3.21,"y":4.28,"curve":"stepped"},{"time":0.3333,"x":0,"y":0}]},"DAMAGEAREA":{"translate":[{"time":0.4,"x":-129.35,"y":81.22,"curve":"stepped"},{"time":1.4666,"x":-168.67,"y":82.31}],"scale":[{"time":0.4,"x":1.576,"y":1.51}]}},"drawOrder":[{"time":0,"offsets":[{"slot":"EF","offset":1}]},{"time":0.9666,"offsets":[{"slot":"EF","offset":1}]}],"events":[{"time":0,"name":"Event","float":0.05,"string":"kHitStopType_normal"},{"time":0.2666,"name":"Sound","string":"cri_se_battle_explosion_short"},{"time":0.2666,"name":"voice","string":"cri_031_voice_attack_a"},{"time":0.4,"name":"sound_1","string":"setHitSound(se_battle_monster_claw)"},{"time":1.1666,"name":"voice","string":"cri_031_voice_attack_b"},{"time":1.3,"name":"sound_1","string":"setHitSound(se_battle_monster_claw)"},{"time":1.4666,"name":"Hit","float":1.25,"string":"resetHitList"}]},"attack2":{"slots":{"400-skill2_ef00":{"attachment":[{"time":0.1,"name":"400-skill2_ef00"},{"time":0.2666,"name":"400-skill2_ef01"},{"time":0.4333,"name":"400-skill2_ef02"},{"time":0.6333,"name":"400-skill2_ef03"},{"time":0.7666,"name":"400-skill2_ef04"},{"time":0.8666,"name":"400-skill2_ef05"},{"time":0.9333,"name":"400-skill2_ef07"},{"time":1,"name":null}]},"DAMAGEAREA":{"attachment":[{"time":1.6666,"name":"DAMAGEAREA"},{"time":2.0666,"name":null}]},"EF":{"color":[{"time":1.7666,"color":"ffffffff"},{"time":2.4,"color":"ffffff00"}]},"MAIN":{"attachment":[{"time":0,"name":"400-skill2_00"},{"time":0.0666,"name":"400-skill2_01"},{"time":0.2,"name":"400-skill2_02"},{"time":0.3333,"name":"400-skill2_03"},{"time":0.4666,"name":"400-skill2_04"},{"time":0.5666,"name":"400-skill2_05"},{"time":0.6666,"name":"400-skill2_06"},{"time":0.7333,"name":"400-skill2_07"},{"time":0.8,"name":"400-skill2_08"},{"time":0.8666,"name":"400-skill2_09"},{"time":0.9333,"name":"400-skill2_10"},{"time":0.9666,"name":"400-skill2_11"},{"time":1,"name":"400-skill2_13"},{"time":1.5,"name":"400-skill2_14"},{"time":1.5666,"name":"400-skill2_00"}],"color":[{"time":0,"color":"ffffffff"},{"time":0.2,"color":"ff382cff"},{"time":0.4333,"color":"ffffffff"},{"time":0.6666,"color":"ff382cff"},{"time":0.8666,"color":"ffffffff","curve":"stepped"},{"time":1.7666,"color":"ffffffff"},{"time":2.4,"color":"ffffff00"}]}},"bones":{"MAIN":{"translate":[{"time":0,"x":0,"y":20,"curve":"stepped"},{"time":0.0666,"x":2.14,"y":20,"curve":"stepped"},{"time":0.2,"x":-1.07,"y":20,"curve":"stepped"},{"time":0.3333,"x":2.14,"y":16.24,"curve":"stepped"},{"time":0.4666,"x":1.07,"y":20.53,"curve":"stepped"},{"time":0.5666,"x":-2.14,"y":16.77,"curve":"stepped"},{"time":0.6666,"x":0,"y":20,"curve":"stepped"},{"time":0.7333,"x":2.14,"y":20,"curve":"stepped"},{"time":0.8,"x":-1.07,"y":20,"curve":"stepped"},{"time":0.8666,"x":2.14,"y":16.24,"curve":"stepped"},{"time":0.9333,"x":1.07,"y":20.53,"curve":"stepped"},{"time":0.9666,"x":-2.14,"y":16.77,"curve":"stepped"},{"time":1,"x":0,"y":20,"curve":"stepped"},{"time":1.0333,"x":2.14,"y":20,"curve":"stepped"},{"time":1.1,"x":-1.07,"y":20,"curve":"stepped"},{"time":1.1666,"x":2.14,"y":16.24,"curve":"stepped"},{"time":1.2333,"x":1.07,"y":20.53,"curve":"stepped"},{"time":1.2666,"x":-2.14,"y":16.77,"curve":"stepped"},{"time":1.3,"x":0,"y":20,"curve":"stepped"},{"time":1.5,"x":0,"y":20,"curve":"stepped"},{"time":1.5666,"x":2.14,"y":20,"curve":"stepped"},{"time":1.6333,"x":-1.07,"y":20,"curve":"stepped"},{"time":1.7,"x":2.14,"y":16.24,"curve":"stepped"},{"time":1.7666,"x":1.07,"y":20.53,"curve":"stepped"},{"time":1.8333,"x":-2.14,"y":16.77,"curve":"stepped"},{"time":1.9,"x":0,"y":20,"curve":"stepped"},{"time":1.9666,"x":2.14,"y":20,"curve":"stepped"},{"time":2.0333,"x":-1.07,"y":20,"curve":"stepped"},{"time":2.1,"x":2.14,"y":16.24,"curve":"stepped"},{"time":2.1666,"x":1.07,"y":20.53,"curve":"stepped"},{"time":2.2333,"x":-2.14,"y":16.77,"curve":"stepped"},{"time":2.3,"x":0,"y":20}]},"EF2":{"translate":[{"time":0.0666,"x":-5.81,"y":15.04}]},"DAMAGEAREA":{"translate":[{"time":1.6666,"x":0,"y":132.9},{"time":1.8666,"x":0,"y":117.58}],"scale":[{"time":1.6666,"x":7.567,"y":7.437},{"time":1.8666,"x":9.597,"y":9.574}]}},"events":[{"time":0,"name":"HitEffect","string":"setHitEffect(hit02a,1,1,1)"},{"time":0,"name":"sound_1","string":"cri_se_battle_skill_charge"},{"time":0.1,"name":"sound_1","string":"cri_se_battle_explosion_short"},{"time":0.4333,"name":"sound_1","string":"cri_se_battle_explosion_short"},{"time":0.7666,"name":"sound_1","string":"cri_se_battle_explosion_short"},{"time":1,"name":"Event","float":0.1,"string":"kHitStopType_enemyonly"},{"time":1.5,"name":"sound_2","string":"cri_se_battle_030_explosion_02"},{"time":1.5333,"name":"Event","string":"kImpactType_knock"},{"time":1.6,"name":"Event","string":"shakeGround"},{"time":2.6,"name":"Event","string":"runScript-explosion"}]},"back":{"slots":{"EF":{"attachment":[{"time":0,"name":"400-idle_ef00"},{"time":0.1666,"name":"400-idle_ef01"},{"time":0.3333,"name":"400-idle_ef02"},{"time":0.5,"name":"400-idle_ef03"},{"time":0.6666,"name":"400-idle_ef00"}]},"MAIN":{"attachment":[{"time":0,"name":"400-idle_00"},{"time":0.1666,"name":"400-idle_01"},{"time":0.3333,"name":"400-idle_02"},{"time":0.5,"name":"400-idle_03"},{"time":0.6666,"name":"400-idle_00"}]}},"bones":{"MAIN":{"rotate":[{"time":0,"angle":-13.86,"curve":"stepped"},{"time":0.3,"angle":0}],"translate":[{"time":0,"x":0,"y":0},{"time":0.3,"x":130,"y":0,"curve":[0.259,0.68,0.75,1]},{"time":0.5333,"x":140,"y":0}]}}},"cast":{"slots":{"DAMAGEAREA":{"attachment":[{"time":0.4,"name":"DAMAGEAREA"},{"time":0.6,"name":null}]},"EF":{"attachment":[{"time":0,"name":"400-atack_ef00"},{"time":0.1,"name":"400-atack_ef01"},{"time":0.2,"name":"400-atack_ef02"},{"time":0.3,"name":"400-atack_ef03"},{"time":0.3666,"name":"400-atack_ef03"},{"time":0.4666,"name":"400-atack_ef00"},{"time":0.5666,"name":"400-atack_ef01"}]},"MAIN":{"attachment":[{"time":0,"name":"400-skill1_00"},{"time":0.4666,"name":"400-atack_00"},{"time":0.7,"name":"400-atack_00"}]}},"bones":{"MAIN":{"rotate":[{"time":0,"angle":0}],"translate":[{"time":0,"x":0,"y":0,"curve":[0.282,0.68,0.75,1]},{"time":0.4,"x":23.12,"y":13.87,"curve":"stepped"},{"time":0.4666,"x":23.12,"y":13.87},{"time":0.5,"x":-12.71,"y":-4.62},{"time":0.7,"x":0,"y":0}]},"EF1":{"translate":[{"time":0,"x":3.21,"y":4.28,"curve":[0.282,0.68,0.75,1]},{"time":0.4,"x":0,"y":0,"curve":"stepped"},{"time":0.4666,"x":0,"y":0},{"time":0.5,"x":-1.15,"y":0},{"time":0.7,"x":3.21,"y":4.28}]},"DAMAGEAREA":{"translate":[{"time":0.4,"x":-47.45,"y":18.98}],"scale":[{"time":0.4,"x":1.729,"y":0.582}]}},"drawOrder":[{"time":0,"offsets":[{"slot":"EF","offset":1}]}],"events":[{"time":0,"name":"voice","string":"cri_031_voice_attack_a"}]},"damage":{"slots":{"EF":{"attachment":[{"time":0,"name":"400-damage_ef00"},{"time":0.0666,"name":"400-damage_ef01"},{"time":0.1333,"name":"400-damage_ef02"},{"time":0.2333,"name":"400-damage_ef03"},{"time":0.4,"name":"400-damage_ef00"}]},"MAIN":{"attachment":[{"time":0,"name":"400-damage_00"},{"time":0.0666,"name":"400-damage_00"},{"time":0.1333,"name":"400-damage_00"},{"time":0.2333,"name":"400-damage_00"},{"time":0.4,"name":"400-damage_00"}]}},"bones":{"MAIN":{"translate":[{"time":0,"x":8,"y":0,"curve":"stepped"},{"time":0.0666,"x":2,"y":0,"curve":"stepped"},{"time":0.1333,"x":5,"y":0,"curve":"stepped"},{"time":0.2333,"x":2,"y":0,"curve":"stepped"},{"time":0.4,"x":8,"y":0}]}}},"front":{"slots":{"EF":{"attachment":[{"time":0,"name":"400-idle_ef00"}]},"MAIN":{"attachment":[{"time":0,"name":"400-idle_00"}]}},"bones":{"MAIN":{"rotate":[{"time":0,"angle":21.06}]}}},"idle":{"slots":{"EF":{"attachment":[{"time":0,"name":"400-idle_ef00"},{"time":0.1666,"name":"400-idle_ef01"},{"time":0.3333,"name":"400-idle_ef02"},{"time":0.5,"name":"400-idle_ef03"},{"time":0.6666,"name":"400-idle_ef00"}]},"MAIN":{"attachment":[{"time":0,"name":"400-idle_00"},{"time":0.1666,"name":"400-idle_01"},{"time":0.3333,"name":"400-idle_02"},{"time":0.5,"name":"400-idle_03"},{"time":0.6666,"name":"400-idle_00"}]}}},"skill1":{"slots":{"DAMAGEAREA":{"attachment":[{"time":0.7333,"name":"DAMAGEAREA"},{"time":1,"name":null}]},"EF":{"attachment":[{"time":0,"name":"400-skill1_ef00"},{"time":0.3666,"name":"400-skill1_ef01"},{"time":0.4666,"name":"400-skill1_ef02"},{"time":0.5666,"name":"400-skill1_ef03"},{"time":0.6666,"name":"400-skill1_ef04"},{"time":0.7666,"name":"400-skill1_ef01"},{"time":0.8666,"name":"400-skill1_ef02"},{"time":0.9666,"name":"400-skill1_ef03"},{"time":1.0666,"name":"400-skill1_ef04"},{"time":1.1666,"name":"400-skill1_ef01"},{"time":1.2666,"name":"400-skill1_ef02"},{"time":1.3666,"name":"400-skill1_ef03"},{"time":1.4666,"name":"400-skill1_ef04"},{"time":1.5666,"name":"400-skill1_ef01"},{"time":1.6666,"name":"400-skill1_ef02"},{"time":1.7666,"name":"400-skill1_ef03"},{"time":1.8666,"name":"400-skill1_ef04"}],"color":[{"time":0,"color":"ffffff00"},{"time":0.1333,"color":"ffffffff"}]},"EF/400_S1_wave1_00038":{"attachment":[{"time":0,"name":null},{"time":0.7,"name":"EF/400_S1_wave1_00038"},{"time":0.7333,"name":"EF/400_S1_wave1_00039"},{"time":0.7666,"name":"EF/400_S1_wave1_00040"},{"time":0.8,"name":"EF/400_S1_wave1_00041"},{"time":0.8333,"name":"EF/400_S1_wave1_00042"},{"time":0.8666,"name":"EF/400_S1_wave1_00043"},{"time":0.9,"name":"EF/400_S1_wave1_00044"},{"time":0.9333,"name":"EF/400_S1_wave1_00045"},{"time":0.9666,"name":"EF/400_S1_wave1_00046"},{"time":1,"name":null}]},"EF/400_S1_wave2_00039":{"attachment":[{"time":0.7666,"name":"EF/400_S1_wave2_00039"},{"time":0.8,"name":"EF/400_S1_wave2_00040"},{"time":0.8333,"name":"EF/400_S1_wave2_00041"},{"time":0.8666,"name":"EF/400_S1_wave2_00042"},{"time":0.9,"name":"EF/400_S1_wave2_00043"},{"time":0.9333,"name":"EF/400_S1_wave2_00044"},{"time":0.9666,"name":"EF/400_S1_wave2_00045"},{"time":1,"name":"EF/400_S1_wave2_00046"},{"time":1.0333,"name":"EF/400_S1_wave2_00047"},{"time":1.0666,"name":"EF/400_S1_wave2_00048"},{"time":1.1,"name":"EF/400_S1_wave2_00049"},{"time":1.1333,"name":"EF/400_S1_wave2_00050"},{"time":1.1666,"name":"EF/400_S1_wave2_00051"},{"time":1.2,"name":"EF/400_S1_wave2_00052"},{"time":1.2333,"name":"EF/400_S1_wave2_00053"},{"time":1.2666,"name":"EF/400_S1_wave2_00054"},{"time":1.3,"name":"EF/400_S1_wave2_00055"},{"time":1.3333,"name":"EF/400_S1_wave2_00056"},{"time":1.3666,"name":"EF/400_S1_wave2_00057"},{"time":1.4,"name":null}]},"EF/400_S1_wave3_00038":{"attachment":[{"time":0.4,"name":"EF/400_S1_wave3_00038"},{"time":0.4333,"name":"EF/400_S1_wave3_00039"},{"time":0.4666,"name":"EF/400_S1_wave3_00040"},{"time":0.5,"name":"EF/400_S1_wave3_00041"},{"time":0.5333,"name":"EF/400_S1_wave3_00042"},{"time":0.5666,"name":"EF/400_S1_wave3_00043"},{"time":0.6,"name":"EF/400_S1_wave3_00044"},{"time":0.6333,"name":"EF/400_S1_wave3_00045"},{"time":0.6666,"name":null}]},"MAIN":{"attachment":[{"time":0,"name":"400-skill1_00"},{"time":0.3666,"name":"400-skill1_01"},{"time":0.7,"name":"400-skill1_02"},{"time":0.9333,"name":"400-skill1_03"},{"time":1,"name":"400-skill1_04"}]}},"bones":{"MAIN":{"translate":[{"time":0,"x":0,"y":20,"curve":"stepped"},{"time":0.0333,"x":2.14,"y":20,"curve":"stepped"},{"time":0.0666,"x":-1.07,"y":20,"curve":"stepped"},{"time":0.1,"x":2.14,"y":16.24,"curve":"stepped"},{"time":0.1333,"x":1.07,"y":20.53,"curve":"stepped"},{"time":0.1666,"x":-2.14,"y":16.77,"curve":"stepped"},{"time":0.2,"x":-2.14,"y":16.77,"curve":[0.25,0,0.75,1]},{"time":0.3,"x":-181.06,"y":175.77},{"time":0.3666,"x":-182.35,"y":179.59},{"time":0.4,"x":-180.36,"y":174.07},{"time":0.4333,"x":-188.94,"y":174.6},{"time":0.4666,"x":-188.08,"y":180.15},{"time":0.5,"x":-196.03,"y":176.48},{"time":0.5333,"x":-185.74,"y":176.59},{"time":0.5666,"x":-185.51,"y":176.69,"curve":[0.51,-1.15,0.776,0.37]},{"time":0.7,"x":-189.29,"y":-57.97,"curve":"stepped"},{"time":1.2,"x":-188.03,"y":-57.97,"curve":[0.031,0.4,0.75,1]},{"time":1.6666,"x":-2.79,"y":2.05}]},"wave1":{"translate":[{"time":0.7,"x":-234.3,"y":6.65}],"scale":[{"time":0.7,"x":2,"y":2}]},"wave3":{"translate":[{"time":0.4,"x":-329.79,"y":236.45},{"time":0.5666,"x":-336.08,"y":240.22,"curve":[0,0.61,0.75,1]},{"time":0.6333,"x":-334.4,"y":323.76}],"scale":[{"time":0.4,"x":4.527,"y":4.527}]},"wave2":{"translate":[{"time":0.7666,"x":-280.73,"y":6.7}],"scale":[{"time":0.7666,"x":2,"y":2}]},"DAMAGEAREA":{"translate":[{"time":0.7333,"x":-181.14,"y":21.76}],"scale":[{"time":0.7333,"x":4.149,"y":1.195}]}},"events":[{"time":0,"name":"HitEffect","string":"setHitEffect(hit04a,1,0.75,1)"},{"time":0,"name":"sound_1","string":"cri_se_battle_skill_shot"},{"time":0.6333,"name":"voice","string":"cri_031_voice_skill"},{"time":0.6666,"name":"Event","float":0.15,"string":"kHitStopType_normal"},{"time":0.7,"name":"Event","int":400,"string":"kImpactType_knock"},{"time":0.7,"name":"sound_1","string":"cri_se_battle_explosion_short"},{"time":0.7,"name":"sound_2","string":"cri_se_battle_033_explosion_element_01"}]},"skill2":{"slots":{"400-skill2_ef00":{"attachment":[{"time":0.1,"name":"400-skill2_ef00"},{"time":0.2666,"name":"400-skill2_ef01"},{"time":0.4333,"name":"400-skill2_ef02"},{"time":0.6333,"name":"400-skill2_ef03"},{"time":0.7666,"name":"400-skill2_ef04"},{"time":0.8666,"name":"400-skill2_ef05"},{"time":0.9333,"name":"400-skill2_ef07"},{"time":1,"name":null}]},"DAMAGEAREA":{"attachment":[{"time":1.5333,"name":"DAMAGEAREA"},{"time":2.0666,"name":null}]},"EF":{"attachment":[{"time":0,"name":null}],"color":[{"time":1.7666,"color":"ffffffff"},{"time":2.4,"color":"ffffff00"}]},"MAIN":{"attachment":[{"time":0,"name":"400-skill2_00"},{"time":0.0666,"name":"400-skill2_01"},{"time":0.2,"name":"400-skill2_02"},{"time":0.3333,"name":"400-skill2_03"},{"time":0.4666,"name":"400-skill2_04"},{"time":0.5666,"name":"400-skill2_05"},{"time":0.6666,"name":"400-skill2_06"},{"time":0.7333,"name":"400-skill2_07"},{"time":0.8,"name":"400-skill2_08"},{"time":0.8666,"name":"400-skill2_09"},{"time":0.9333,"name":"400-skill2_10"},{"time":0.9666,"name":"400-skill2_11"},{"time":1,"name":"400-skill2_13"},{"time":1.5,"name":"400-skill2_14"},{"time":1.5666,"name":"400-skill2_00"}],"color":[{"time":0,"color":"ffffffff"},{"time":0.2,"color":"ff382cff"},{"time":0.4333,"color":"ffffffff"},{"time":0.6666,"color":"ff382cff"},{"time":0.8666,"color":"ffffffff","curve":"stepped"},{"time":1.7666,"color":"ffffffff"},{"time":2.4,"color":"ffffff00"}]}},"bones":{"MAIN":{"translate":[{"time":0,"x":0,"y":20,"curve":"stepped"},{"time":0.0666,"x":2.14,"y":20,"curve":"stepped"},{"time":0.2,"x":-1.07,"y":20,"curve":"stepped"},{"time":0.3333,"x":2.14,"y":16.24,"curve":"stepped"},{"time":0.4666,"x":1.07,"y":20.53,"curve":"stepped"},{"time":0.5666,"x":-2.14,"y":16.77,"curve":"stepped"},{"time":0.6666,"x":0,"y":20,"curve":"stepped"},{"time":0.7333,"x":2.14,"y":20,"curve":"stepped"},{"time":0.8,"x":-1.07,"y":20,"curve":"stepped"},{"time":0.8666,"x":2.14,"y":16.24,"curve":"stepped"},{"time":0.9333,"x":1.07,"y":20.53,"curve":"stepped"},{"time":0.9666,"x":-2.14,"y":16.77,"curve":"stepped"},{"time":1,"x":0,"y":20,"curve":"stepped"},{"time":1.0333,"x":2.14,"y":20,"curve":"stepped"},{"time":1.1,"x":-1.07,"y":20,"curve":"stepped"},{"time":1.1666,"x":2.14,"y":16.24,"curve":"stepped"},{"time":1.2333,"x":1.07,"y":20.53,"curve":"stepped"},{"time":1.2666,"x":-2.14,"y":16.77,"curve":"stepped"},{"time":1.3,"x":0,"y":20,"curve":"stepped"},{"time":1.5,"x":0,"y":20,"curve":"stepped"},{"time":1.5666,"x":2.14,"y":20,"curve":"stepped"},{"time":1.6333,"x":-1.07,"y":20,"curve":"stepped"},{"time":1.7,"x":2.14,"y":16.24,"curve":"stepped"},{"time":1.7666,"x":1.07,"y":20.53,"curve":"stepped"},{"time":1.8333,"x":-2.14,"y":16.77,"curve":"stepped"},{"time":1.9,"x":0,"y":20,"curve":"stepped"},{"time":1.9666,"x":2.14,"y":20,"curve":"stepped"},{"time":2.0333,"x":-1.07,"y":20,"curve":"stepped"},{"time":2.1,"x":2.14,"y":16.24,"curve":"stepped"},{"time":2.1666,"x":1.07,"y":20.53,"curve":"stepped"},{"time":2.2333,"x":-2.14,"y":16.77,"curve":"stepped"},{"time":2.3,"x":0,"y":20}]},"EF2":{"translate":[{"time":0.0666,"x":-5.81,"y":15.04}]},"DAMAGEAREA":{"translate":[{"time":1.5333,"x":0,"y":118.31},{"time":1.7,"x":0,"y":117.58}],"scale":[{"time":1.5333,"x":4.305,"y":4.231},{"time":1.7,"x":9.597,"y":9.574}]}},"events":[{"time":0,"name":"HitEffect","string":"setHitEffect(hit02b,1,1,1)"},{"time":0,"name":"sound_1","string":"cri_se_battle_skill_charge"},{"time":0.1,"name":"sound_1","string":"cri_se_battle_explosion_short"},{"time":0.4333,"name":"sound_1","string":"cri_se_battle_explosion_short"},{"time":0.7666,"name":"sound_1","string":"cri_se_battle_explosion_short"},{"time":1.5,"name":"Event","float":0.2,"string":"kHitStopType_normal"},{"time":1.5,"name":"sound_2","string":"cri_se_battle_030_explosion_02"},{"time":1.5,"name":"voice","string":"cri_031_voice_fullarts_now"},{"time":1.5333,"name":"Event","string":"shakeGround"},{"time":1.5666,"name":"Hit","string":"resetHitList"},{"time":1.6,"name":"Hit","string":"resetHitList"},{"time":1.6333,"name":"Event","float":0.1,"string":"kHitStopType_normal"},{"time":1.6333,"name":"Hit","string":"resetHitList"},{"time":1.6666,"name":"Event","int":600,"string":"kImpactType_knock"},{"time":1.6666,"name":"Hit","string":"resetHitList"},{"time":1.7,"name":"Event","int":1,"string":"kImpactType_normal"},{"time":1.7,"name":"Hit","string":"resetHitList"},{"time":1.7333,"name":"Hit","string":"resetHitList"},{"time":1.7666,"name":"Hit","string":"resetHitList"},{"time":1.8,"name":"Hit","string":"resetHitList"},{"time":1.8333,"name":"Hit","string":"resetHitList"},{"time":1.8666,"name":"Hit","string":"resetHitList"},{"time":1.9,"name":"Hit","string":"resetHitList"},{"time":1.9333,"name":"Hit","string":"resetHitList"},{"time":1.9666,"name":"Hit","string":"resetHitList"},{"time":2,"name":"Hit","string":"resetHitList"},{"time":2.0333,"name":"Hit","string":"resetHitList"},{"time":2.6,"name":"Event","string":"runScript-explosion"}]}}}