{"skeleton":{"hash":"gtjELsXmyW9YJ0tm++21lL9LhYw","spine":"3.0.12","width":0,"height":0,"images":"./images3/"},"bones":[{"name":"root"},{"name":"R_arm_3","parent":"root","x":11.76,"y":52.16},{"name":"MAIN","parent":"root","y":55.15},{"name":"L_arm_3","parent":"root","x":31.41,"y":51.69},{"name":"skeleton_1","parent":"root","x":70.4,"y":127.4},{"name":"skeleton_2","parent":"skeleton_1","x":7.2,"y":-16.57},{"name":"weapon","parent":"root","x":24.86,"y":52.85,"rotation":1.57}],"slots":[{"name":"MAIN","bone":"MAIN","attachment":"idle_00"},{"name":"weapon","bone":"weapon","attachment":"EF/arm_sword/weapon"},{"name":"L_arm_3","bone":"L_arm_3","attachment":"EF/arm_sword/L_arm_3"},{"name":"R_arm_3","bone":"R_arm_3","attachment":"EF/arm_sword/R_arm_3"},{"name":"EF/skeleton_2","bone":"skeleton_2","attachment":"EF/skeleton_2"},{"name":"EF/skeleton_1","bone":"skeleton_1","attachment":"EF/skeleton_1"}],"skins":{"default":{"EF/skeleton_1":{"EF/skeleton_1":{"x":9.17,"y":-57.72,"width":400,"height":200}},"EF/skeleton_2":{"EF/skeleton_2":{"x":1.97,"y":-41.14,"width":400,"height":200}},"L_arm_3":{"EF/arm_sword/L_arm_3":{"x":24,"y":9.6,"width":425,"height":238}},"MAIN":{"idle_00":{"x":-21,"y":54.84,"width":600,"height":600},"idle_01":{"x":-21,"y":54.84,"width":600,"height":600},"idle_02":{"x":-21,"y":54.84,"width":600,"height":600},"idle_03":{"x":-21,"y":54.84,"width":600,"height":600},"idle_04":{"x":-21,"y":54.84,"width":600,"height":600}},"R_arm_3":{"EF/arm_sword/R_arm_3":{"x":49.36,"y":3.82,"width":425,"height":238}},"weapon":{"EF/arm_sword/weapon":{"x":60.29,"y":3.25,"rotation":6.98,"width":314,"height":110}}}},"events":{"Event":{},"Hit":{},"Sound1":{},"Sound2":{},"Sound3":{},"Voice":{}},"animations":{"idle":{"slots":{"EF/skeleton_1":{"attachment":[{"time":0,"name":"EF/skeleton_1"}]},"EF/skeleton_2":{"attachment":[{"time":0,"name":"EF/skeleton_2"}]},"L_arm_3":{"attachment":[{"time":0,"name":"EF/arm_sword/L_arm_3"},{"time":1,"name":"EF/arm_sword/L_arm_3"}]},"MAIN":{"attachment":[{"time":0,"name":"idle_00"},{"time":0.2,"name":"idle_01"},{"time":0.4,"name":"idle_02"},{"time":0.6,"name":"idle_03"},{"time":0.8,"name":"idle_04"},{"time":1,"name":"idle_00"}]},"weapon":{"attachment":[{"time":0,"name":"EF/arm_sword/weapon"},{"time":1,"name":"EF/arm_sword/weapon"}]}},"bones":{"skeleton_1":{"rotate":[{"time":0,"angle":0}],"translate":[{"time":0,"x":0,"y":0,"curve":[0.25,0,0.75,1]},{"time":0.6,"x":0,"y":2.77},{"time":1,"x":0,"y":0}]},"skeleton_2":{"rotate":[{"time":0,"angle":-1.19},{"time":0.2333,"angle":1,"curve":[0.25,0,0.75,1]},{"time":0.8333,"angle":-1.19}],"translate":[{"time":0,"x":0,"y":0.51},{"time":0.2333,"x":0,"y":0.85,"curve":[0.25,0,0.75,1]},{"time":0.8333,"x":0,"y":0.51}]},"L_arm_3":{"rotate":[{"time":0,"angle":0}],"translate":[{"time":0,"x":0,"y":0,"curve":"stepped"},{"time":0.2,"x":0,"y":0.18,"curve":"stepped"},{"time":0.4,"x":0,"y":1.83,"curve":"stepped"},{"time":0.6,"x":0,"y":-0.13,"curve":"stepped"},{"time":0.8,"x":0,"y":-0.25,"curve":"stepped"},{"time":1,"x":0,"y":0}]},"weapon":{"rotate":[{"time":0,"angle":0}],"translate":[{"time":0,"x":0,"y":0,"curve":"stepped"},{"time":0.2,"x":0,"y":0.18,"curve":"stepped"},{"time":0.4,"x":0,"y":1.83,"curve":"stepped"},{"time":0.6,"x":0,"y":-0.13,"curve":"stepped"},{"time":0.8,"x":0,"y":-0.25,"curve":"stepped"},{"time":1,"x":0,"y":0}]},"R_arm_3":{"rotate":[{"time":0,"angle":0}],"translate":[{"time":0,"x":0,"y":0,"curve":"stepped"},{"time":0.2,"x":0,"y":0.18,"curve":"stepped"},{"time":0.4,"x":0,"y":1.83,"curve":"stepped"},{"time":0.6,"x":0,"y":-0.13,"curve":"stepped"},{"time":0.8,"x":0,"y":-0.25,"curve":"stepped"},{"time":1,"x":0,"y":0}]}}}}}