{"skeleton":{"hash":"xwWLM5XsPV19l4Yn51NT1OCkJII","spine":"3.0.12","width":0,"height":0},"bones":[{"name":"root"},{"name":"MAIN","parent":"root"},{"name":"EFWave","parent":"MAIN"},{"name":"130_S1_wave1","parent":"EFWave","x":200},{"name":"EFThunder","parent":"MAIN"},{"name":"510_S2_bolt1","parent":"EFThunder","x":150},{"name":"EFS2Shine","parent":"MAIN"},{"name":"210_S2_kira4","parent":"EFS2Shine","x":400.7},{"name":"210_S2_kira3","parent":"EFS2Shine","x":400.7},{"name":"210_S2_kira2","parent":"EFS2Shine","x":400.7},{"name":"210_S2_kira1","parent":"EFS2Shine","x":400.7},{"name":"130_S2_shine1_DOT","parent":"EFS2Shine","x":250},{"name":"EFS1Shine","parent":"MAIN"},{"name":"210_S1_magic4","parent":"EFS1Shine","x":96,"y":3,"scaleX":1.5,"scaleY":1.5},{"name":"130_S1_shine1_DOT","parent":"EFS1Shine","x":50},{"name":"EFMagic","parent":"MAIN"},{"name":"210_S1_magic3","parent":"EFMagic","x":300},{"name":"210_S1_magic2","parent":"EFMagic","x":350},{"name":"210_S1_magic1","parent":"EFMagic","x":300},{"name":"DAMAGEAREA","parent":"root"}],"slots":[{"name":"EF/130_S1_thunder1/510_S2_bolt1_00000","bone":"510_S2_bolt1","blend":"additive"},{"name":"EF/130_S1_wave1/130_S1_wave1_00038","bone":"130_S1_wave1","blend":"additive"},{"name":"EF/130_S2_shine1_DOT/130_S2_shine1_00042br","bone":"130_S2_shine1_DOT","blend":"additive"},{"name":"EF/280_S1_magic1/210_S1_magic1_00000","bone":"210_S1_magic1","blend":"additive"},{"name":"EF/280_S1_magic1/210_S1_magic1_00000_2","bone":"210_S1_magic3","blend":"additive"},{"name":"EF/280_S1_magic2/210_S1_magic2_00001","bone":"210_S1_magic2","blend":"additive"},{"name":"EF/280_S2_shine1/210_S2_kira1_00000","bone":"210_S2_kira1","blend":"additive"},{"name":"EF/280_S2_shine1/210_S2_kira1_00000_2","bone":"210_S2_kira2","blend":"additive"},{"name":"EF/280_S2_shine1/210_S2_kira1_00000_3","bone":"210_S2_kira3","blend":"additive"},{"name":"EF/280_S2_shine1/210_S2_kira1_0000_4","bone":"210_S2_kira4","blend":"additive"},{"name":"EF/130_S1_shine1_DOT/130_S1_shine1_00040","bone":"130_S1_shine1_DOT","blend":"additive"},{"name":"DAMAGEAREA","bone":"DAMAGEAREA"},{"name":"EF/280_S1_magic1/210_S1_magic1_00012","bone":"210_S1_magic4","blend":"additive"}],"skins":{"default":{"DAMAGEAREA":{"DAMAGEAREA":{"type":"boundingbox","vertices":[-98.76395,97.35738,-98.76395,-98.95247,97.54589,-98.95247,97.54589,96.77139]}},"EF/130_S1_shine1_DOT/130_S1_shine1_00040":{"EF/130_S1_shine1_DOT/130_S1_shine1_00040br":{"width":300,"height":300}},"EF/130_S1_thunder1/510_S2_bolt1_00000":{"EF/130_S1_thunder1/510_S2_bolt1_00000":{"width":84,"height":280},"EF/130_S1_thunder1/510_S2_bolt1_00001":{"width":84,"height":280},"EF/130_S1_thunder1/510_S2_bolt1_00002":{"width":84,"height":280},"EF/130_S1_thunder1/510_S2_bolt1_00003":{"width":84,"height":280},"EF/130_S1_thunder1/510_S2_bolt1_00004":{"width":84,"height":280},"EF/130_S1_thunder1/510_S2_bolt1_00005":{"width":84,"height":280},"EF/130_S1_thunder1/510_S2_bolt1_00006":{"width":84,"height":280},"EF/130_S1_thunder1/510_S2_bolt1_00007":{"width":84,"height":280},"EF/130_S1_thunder1/510_S2_bolt1_00008":{"width":84,"height":280}},"EF/130_S1_wave1/130_S1_wave1_00038":{"EF/130_S1_wave1/210_S1_wave1_00000":{"width":240,"height":240},"EF/130_S1_wave1/210_S1_wave1_00005":{"width":240,"height":240},"EF/130_S1_wave1/210_S1_wave1_00006":{"width":240,"height":240},"EF/130_S1_wave1/210_S1_wave1_00007":{"width":240,"height":240},"EF/130_S1_wave1/210_S1_wave1_00008":{"width":240,"height":240},"EF/130_S1_wave1/210_S1_wave1_00009":{"width":240,"height":240}},"EF/130_S2_shine1_DOT/130_S2_shine1_00042br":{"EF/130_S2_shine1_DOT/130_S2_shine1_00042br":{"width":280,"height":280},"EF/130_S2_shine1_DOT/130_S2_shine1_00046br":{"width":280,"height":280},"EF/130_S2_shine1_DOT/130_S2_shine1_00050br":{"width":280,"height":280},"EF/130_S2_shine1_DOT/130_S2_shine1_00054br":{"width":280,"height":280},"EF/130_S2_shine1_DOT/130_S2_shine1_00058br":{"width":280,"height":280},"EF/130_S2_shine1_DOT/130_S2_shine1_00062br":{"width":280,"height":280}},"EF/280_S1_magic1/210_S1_magic1_00000":{"EF/280_S1_magic1/210_S1_magic1_00000":{"width":300,"height":300},"EF/280_S1_magic1/210_S1_magic1_00004":{"width":300,"height":300},"EF/280_S1_magic1/210_S1_magic1_00006":{"width":300,"height":300},"EF/280_S1_magic1/210_S1_magic1_00008":{"width":300,"height":300},"EF/280_S1_magic1/210_S1_magic1_00010":{"width":300,"height":300},"EF/280_S1_magic1/210_S1_magic1_00012":{"width":300,"height":300},"EF/280_S1_magic1/210_S1_magic1_00014":{"width":300,"height":300},"EF/280_S1_magic1/210_S1_magic1_00016":{"width":300,"height":300},"EF/280_S1_magic1/210_S1_magic1_00018":{"width":300,"height":300}},"EF/280_S1_magic1/210_S1_magic1_00000_2":{"EF/280_S1_magic1/210_S1_magic1_00000":{"width":300,"height":300},"EF/280_S1_magic1/210_S1_magic1_00004":{"width":300,"height":300},"EF/280_S1_magic1/210_S1_magic1_00006":{"width":300,"height":300},"EF/280_S1_magic1/210_S1_magic1_00008":{"width":300,"height":300},"EF/280_S1_magic1/210_S1_magic1_00010":{"width":300,"height":300},"EF/280_S1_magic1/210_S1_magic1_00012":{"width":300,"height":300},"EF/280_S1_magic1/210_S1_magic1_00014":{"width":300,"height":300},"EF/280_S1_magic1/210_S1_magic1_00016":{"width":300,"height":300},"EF/280_S1_magic1/210_S1_magic1_00018":{"width":300,"height":300}},"EF/280_S1_magic1/210_S1_magic1_00012":{"EF/280_S1_magic1/210_S1_magic1_00012":{"width":300,"height":300},"EF/280_S1_magic1/210_S1_magic1_00013":{"width":300,"height":300},"EF/280_S1_magic1/210_S1_magic1_00014":{"width":300,"height":300},"EF/280_S1_magic1/210_S1_magic1_00015":{"width":300,"height":300},"EF/280_S1_magic1/210_S1_magic1_00016":{"width":300,"height":300},"EF/280_S1_magic1/210_S1_magic1_00017":{"width":300,"height":300},"EF/280_S1_magic1/210_S1_magic1_00018":{"width":300,"height":300}},"EF/280_S1_magic2/210_S1_magic2_00001":{"EF/280_S1_magic2/210_S1_magic2_00001":{"width":240,"height":240},"EF/280_S1_magic2/210_S1_magic2_00002":{"width":240,"height":240},"EF/280_S1_magic2/210_S1_magic2_00003":{"width":240,"height":240},"EF/280_S1_magic2/210_S1_magic2_00004":{"width":240,"height":240},"EF/280_S1_magic2/210_S1_magic2_00005":{"width":240,"height":240},"EF/280_S1_magic2/210_S1_magic2_00006":{"width":240,"height":240},"EF/280_S1_magic2/210_S1_magic2_00007":{"width":240,"height":240},"EF/280_S1_magic2/210_S1_magic2_00008":{"width":240,"height":240},"EF/280_S1_magic2/210_S1_magic2_00009":{"width":240,"height":240}},"EF/280_S2_shine1/210_S2_kira1_00000":{"EF/280_S2_shine1/210_S2_kira1_00000":{"width":175,"height":175}},"EF/280_S2_shine1/210_S2_kira1_00000_2":{"EF/280_S2_shine1/210_S2_kira1_00000":{"width":175,"height":175}},"EF/280_S2_shine1/210_S2_kira1_00000_3":{"EF/280_S2_shine1/210_S2_kira1_00000":{"width":175,"height":175}},"EF/280_S2_shine1/210_S2_kira1_0000_4":{"EF/280_S2_shine1/210_S2_kira1_00000":{"width":175,"height":175}}}},"events":{"EFEvent":{},"EFHit":{},"Sound1":{},"Sound2":{}},"animations":{"1-attack1":{},"1-attack1-original":{"slots":{"EF/130_S1_thunder1/510_S2_bolt1_00000":{"attachment":[{"time":0.7,"name":"EF/130_S1_thunder1/510_S2_bolt1_00000"},{"time":0.7333,"name":"EF/130_S1_thunder1/510_S2_bolt1_00001"},{"time":0.7666,"name":"EF/130_S1_thunder1/510_S2_bolt1_00002"},{"time":0.8,"name":"EF/130_S1_thunder1/510_S2_bolt1_00003"},{"time":0.8333,"name":"EF/130_S1_thunder1/510_S2_bolt1_00004"},{"time":0.8666,"name":"EF/130_S1_thunder1/510_S2_bolt1_00005"},{"time":0.9,"name":"EF/130_S1_thunder1/510_S2_bolt1_00003"},{"time":0.9333,"name":"EF/130_S1_thunder1/510_S2_bolt1_00004"},{"time":0.9666,"name":"EF/130_S1_thunder1/510_S2_bolt1_00005"},{"time":1,"name":"EF/130_S1_thunder1/510_S2_bolt1_00005"},{"time":1.0333,"name":"EF/130_S1_thunder1/510_S2_bolt1_00006"},{"time":1.0666,"name":"EF/130_S1_thunder1/510_S2_bolt1_00007"},{"time":1.1,"name":"EF/130_S1_thunder1/510_S2_bolt1_00008"},{"time":1.1333,"name":null}]},"EF/130_S1_wave1/130_S1_wave1_00038":{"attachment":[{"time":0.8,"name":"EF/130_S1_wave1/210_S1_wave1_00000"},{"time":0.8666,"name":"EF/130_S1_wave1/210_S1_wave1_00005"},{"time":0.9,"name":"EF/130_S1_wave1/210_S1_wave1_00006"},{"time":0.9333,"name":"EF/130_S1_wave1/210_S1_wave1_00008"},{"time":1.0333,"name":null}]}},"bones":{"510_S2_bolt1":{"translate":[{"time":0.7,"x":-150,"y":480.96}],"scale":[{"time":0.7,"x":4.864,"y":4.431}]},"130_S1_wave1":{"translate":[{"time":0.8,"x":-200,"y":20.07}],"scale":[{"time":0.8,"x":3,"y":3}]}}},"1-skill1":{"slots":{"EF/280_S1_magic1/210_S1_magic1_00000":{"attachment":[{"time":0.5,"name":"EF/280_S1_magic1/210_S1_magic1_00000"},{"time":0.6333,"name":"EF/280_S1_magic1/210_S1_magic1_00004"},{"time":0.7,"name":"EF/280_S1_magic1/210_S1_magic1_00006"},{"time":0.7666,"name":"EF/280_S1_magic1/210_S1_magic1_00008"},{"time":0.8333,"name":"EF/280_S1_magic1/210_S1_magic1_00010"},{"time":0.9,"name":"EF/280_S1_magic1/210_S1_magic1_00012"},{"time":0.9666,"name":"EF/280_S1_magic1/210_S1_magic1_00014"},{"time":1.0333,"name":"EF/280_S1_magic1/210_S1_magic1_00016"},{"time":1.1,"name":"EF/280_S1_magic1/210_S1_magic1_00018"},{"time":1.1666,"name":null}]},"EF/280_S1_magic1/210_S1_magic1_00000_2":{"attachment":[{"time":0.7333,"name":"EF/280_S1_magic1/210_S1_magic1_00000"},{"time":0.8666,"name":"EF/280_S1_magic1/210_S1_magic1_00004"},{"time":0.9333,"name":"EF/280_S1_magic1/210_S1_magic1_00006"},{"time":1,"name":"EF/280_S1_magic1/210_S1_magic1_00008"},{"time":1.0666,"name":"EF/280_S1_magic1/210_S1_magic1_00010"},{"time":1.1333,"name":"EF/280_S1_magic1/210_S1_magic1_00012"},{"time":1.2,"name":"EF/280_S1_magic1/210_S1_magic1_00014"},{"time":1.2666,"name":"EF/280_S1_magic1/210_S1_magic1_00016"},{"time":1.3333,"name":"EF/280_S1_magic1/210_S1_magic1_00018"},{"time":1.4,"name":null}],"color":[{"time":0.7333,"color":"ffffff00"},{"time":1.0666,"color":"ffffffff","curve":"stepped"},{"time":1.2666,"color":"ffffffff"},{"time":1.4,"color":"ffffff00"}]},"EF/280_S1_magic2/210_S1_magic2_00001":{"attachment":[{"time":0.5666,"name":"EF/280_S1_magic2/210_S1_magic2_00002"},{"time":0.6,"name":"EF/280_S1_magic2/210_S1_magic2_00003"},{"time":0.6333,"name":"EF/280_S1_magic2/210_S1_magic2_00004"},{"time":0.6666,"name":"EF/280_S1_magic2/210_S1_magic2_00005"},{"time":0.7,"name":"EF/280_S1_magic2/210_S1_magic2_00006"},{"time":0.7333,"name":"EF/280_S1_magic2/210_S1_magic2_00007"},{"time":0.7666,"name":"EF/280_S1_magic2/210_S1_magic2_00008"},{"time":0.8,"name":"EF/280_S1_magic2/210_S1_magic2_00009"},{"time":0.9,"name":null},{"time":0.9333,"name":"EF/280_S1_magic2/210_S1_magic2_00002"},{"time":0.9666,"name":"EF/280_S1_magic2/210_S1_magic2_00003"},{"time":1,"name":"EF/280_S1_magic2/210_S1_magic2_00004"},{"time":1.0333,"name":"EF/280_S1_magic2/210_S1_magic2_00005"},{"time":1.0666,"name":"EF/280_S1_magic2/210_S1_magic2_00006"},{"time":1.1,"name":"EF/280_S1_magic2/210_S1_magic2_00007"},{"time":1.1333,"name":"EF/280_S1_magic2/210_S1_magic2_00008"},{"time":1.1666,"name":"EF/280_S1_magic2/210_S1_magic2_00009"},{"time":1.2666,"name":null}],"color":[{"time":0.8333,"color":"ffffffff"},{"time":0.8666,"color":"ffffff7a","curve":"stepped"},{"time":0.9,"color":"ffffffff","curve":"stepped"},{"time":1.2,"color":"ffffffff"},{"time":1.2333,"color":"ffffff7a"}]}},"bones":{"210_S1_magic1":{"translate":[{"time":0.5,"x":-335.88,"y":264.93}],"scale":[{"time":0.5,"x":2.368,"y":2.368}]},"210_S1_magic3":{"translate":[{"time":0.5666,"x":-334.54,"y":265.93}],"scale":[{"time":0.5666,"x":3.6,"y":3.6},{"time":0.7333,"x":1.755,"y":1.755}]},"210_S1_magic2":{"translate":[{"time":0.5666,"x":-384.97,"y":264.54}],"scale":[{"time":0.5666,"x":3.6,"y":3.6,"curve":"stepped"},{"time":1.2333,"x":3.728,"y":3.728}]}}},"1-skill2":{"slots":{"EF/130_S1_shine1_DOT/130_S1_shine1_00040":{"attachment":[{"time":0.5666,"name":"EF/130_S1_shine1_DOT/130_S1_shine1_00040br"}],"color":[{"time":0.7,"color":"ffffffff"},{"time":0.8,"color":"ffffff00"}]},"EF/130_S1_thunder1/510_S2_bolt1_00000":{"attachment":[{"time":0.4666,"name":"EF/130_S1_thunder1/510_S2_bolt1_00000"},{"time":0.5,"name":"EF/130_S1_thunder1/510_S2_bolt1_00001"},{"time":0.5333,"name":"EF/130_S1_thunder1/510_S2_bolt1_00002"},{"time":0.5666,"name":"EF/130_S1_thunder1/510_S2_bolt1_00003"},{"time":0.6,"name":"EF/130_S1_thunder1/510_S2_bolt1_00004"},{"time":0.6333,"name":"EF/130_S1_thunder1/510_S2_bolt1_00005"},{"time":0.6666,"name":"EF/130_S1_thunder1/510_S2_bolt1_00006"},{"time":0.7,"name":"EF/130_S1_thunder1/510_S2_bolt1_00007"},{"time":0.7333,"name":"EF/130_S1_thunder1/510_S2_bolt1_00008"},{"time":0.7666,"name":null}]},"EF/280_S1_magic1/210_S1_magic1_00000":{"attachment":[{"time":1.3,"name":"EF/280_S1_magic1/210_S1_magic1_00000"},{"time":1.4333,"name":"EF/280_S1_magic1/210_S1_magic1_00004"},{"time":1.5,"name":"EF/280_S1_magic1/210_S1_magic1_00006"},{"time":1.5666,"name":"EF/280_S1_magic1/210_S1_magic1_00008"},{"time":1.6333,"name":"EF/280_S1_magic1/210_S1_magic1_00010"},{"time":1.7,"name":"EF/280_S1_magic1/210_S1_magic1_00012"},{"time":1.7666,"name":"EF/280_S1_magic1/210_S1_magic1_00014"},{"time":1.8333,"name":"EF/280_S1_magic1/210_S1_magic1_00016"},{"time":1.9,"name":"EF/280_S1_magic1/210_S1_magic1_00018"},{"time":1.9666,"name":null}]},"EF/280_S1_magic1/210_S1_magic1_00012":{"attachment":[{"time":0.5666,"name":"EF/280_S1_magic1/210_S1_magic1_00018"},{"time":0.6333,"name":"EF/280_S1_magic1/210_S1_magic1_00016"},{"time":0.7,"name":"EF/280_S1_magic1/210_S1_magic1_00016"},{"time":0.7666,"name":"EF/280_S1_magic1/210_S1_magic1_00015"},{"time":0.8333,"name":"EF/280_S1_magic1/210_S1_magic1_00014"},{"time":0.9,"name":"EF/280_S1_magic1/210_S1_magic1_00013"},{"time":0.9666,"name":"EF/280_S1_magic1/210_S1_magic1_00012"},{"time":1.0333,"name":null}],"color":[{"time":0.8333,"color":"ffffffff"},{"time":1.0333,"color":"ffffff00"}]},"EF/280_S1_magic1/210_S1_magic1_00000_2":{"attachment":[{"time":1.5333,"name":"EF/280_S1_magic1/210_S1_magic1_00000"},{"time":1.6666,"name":"EF/280_S1_magic1/210_S1_magic1_00004"},{"time":1.7333,"name":"EF/280_S1_magic1/210_S1_magic1_00006"},{"time":1.8,"name":"EF/280_S1_magic1/210_S1_magic1_00008"},{"time":1.8666,"name":"EF/280_S1_magic1/210_S1_magic1_00010"},{"time":1.9333,"name":"EF/280_S1_magic1/210_S1_magic1_00012"},{"time":2,"name":"EF/280_S1_magic1/210_S1_magic1_00014"},{"time":2.0666,"name":"EF/280_S1_magic1/210_S1_magic1_00016"},{"time":2.1333,"name":"EF/280_S1_magic1/210_S1_magic1_00018"},{"time":2.2,"name":null}],"color":[{"time":1.5333,"color":"ffffff00"},{"time":1.8666,"color":"ffffffff","curve":"stepped"},{"time":2.0666,"color":"ffffffff"},{"time":2.2,"color":"ffffff00"}]},"EF/280_S1_magic2/210_S1_magic2_00001":{"attachment":[{"time":1.3,"name":"EF/280_S1_magic2/210_S1_magic2_00001"},{"time":1.3666,"name":"EF/280_S1_magic2/210_S1_magic2_00002"},{"time":1.4,"name":"EF/280_S1_magic2/210_S1_magic2_00003"},{"time":1.4333,"name":"EF/280_S1_magic2/210_S1_magic2_00004"},{"time":1.4666,"name":"EF/280_S1_magic2/210_S1_magic2_00005"},{"time":1.5333,"name":"EF/280_S1_magic2/210_S1_magic2_00006"},{"time":1.5666,"name":"EF/280_S1_magic2/210_S1_magic2_00007"},{"time":1.6333,"name":"EF/280_S1_magic2/210_S1_magic2_00008"},{"time":1.6666,"name":"EF/280_S1_magic2/210_S1_magic2_00009"},{"time":1.8333,"name":null}],"color":[{"time":1.7333,"color":"ffffffff","curve":"stepped"},{"time":1.7666,"color":"ffffff33"}]},"EF/280_S2_shine1/210_S2_kira1_00000":{"attachment":[{"time":1.4,"name":"EF/280_S2_shine1/210_S2_kira1_00000"},{"time":1.9333,"name":null}],"color":[{"time":1.8666,"color":"ffffffff"},{"time":1.9333,"color":"ffffff00"}]},"EF/280_S2_shine1/210_S2_kira1_00000_2":{"attachment":[{"time":1.4666,"name":"EF/280_S2_shine1/210_S2_kira1_00000"},{"time":2,"name":null}],"color":[{"time":1.9,"color":"ffffffff"},{"time":2,"color":"ffffff00"}]},"EF/280_S2_shine1/210_S2_kira1_00000_3":{"attachment":[{"time":1.4333,"name":"EF/280_S2_shine1/210_S2_kira1_00000"},{"time":1.9666,"name":null}],"color":[{"time":1.8666,"color":"ffffffff"},{"time":1.9666,"color":"ffffff00"}]},"EF/280_S2_shine1/210_S2_kira1_0000_4":{"attachment":[{"time":1.4,"name":"EF/280_S2_shine1/210_S2_kira1_00000"},{"time":1.9333,"name":null}],"color":[{"time":1.8333,"color":"ffffffff"},{"time":1.9333,"color":"ffffff00"}]}},"bones":{"510_S2_bolt1":{"translate":[{"time":0.4666,"x":-150,"y":480.96}],"scale":[{"time":0.4666,"x":7.5,"y":4.431,"curve":[0.812,0,0.924,1]},{"time":0.7333,"x":3.784,"y":4.431}]},"130_S1_shine1_DOT":{"translate":[{"time":0.5666,"x":-50,"y":58.04}],"scale":[{"time":0.5666,"x":3.667,"y":7.841},{"time":0.7,"x":8.313,"y":9.401},{"time":0.8,"x":5.281,"y":5.281}]},"210_S1_magic1":{"translate":[{"time":1.3,"x":-345.33,"y":278.09}],"scale":[{"time":1.3,"x":2.078,"y":2.078}]},"210_S1_magic2":{"translate":[{"time":1.3,"x":-395.21,"y":277.75}],"scale":[{"time":1.3,"x":2.593,"y":2.593,"curve":[0.2,0.63,0.75,1]},{"time":1.7333,"x":3.548,"y":3.546,"curve":"stepped"},{"time":1.7666,"x":3.607,"y":3.605}]},"210_S1_magic3":{"translate":[{"time":1.5333,"x":-344.89,"y":278.25}],"scale":[{"time":1.5333,"x":2.085,"y":2.085}]},"210_S2_kira1":{"translate":[{"time":1.4,"x":-307.35,"y":496.68,"curve":"stepped"},{"time":1.6,"x":-286.22,"y":583.67}],"scale":[{"time":1.4,"x":1.708,"y":1.708},{"time":1.5666,"x":0.651,"y":0.651,"curve":"stepped"},{"time":1.6,"x":1.762,"y":1.762},{"time":1.9333,"x":0.119,"y":0.119}]},"210_S2_kira2":{"translate":[{"time":1.4666,"x":-279.45,"y":240.04}],"scale":[{"time":1.4666,"x":2.629,"y":2.629},{"time":1.7666,"x":0.533,"y":0.533},{"time":1.8,"x":1.822,"y":1.822},{"time":2,"x":0.365,"y":0.365}]},"210_S2_kira3":{"translate":[{"time":1.4333,"x":-671.01,"y":460.21}],"scale":[{"time":1.4333,"x":1.529,"y":1.529},{"time":1.6,"x":0.503,"y":0.503},{"time":1.6333,"x":1.383,"y":1.383},{"time":1.9666,"x":0.303,"y":0.303}]},"210_S2_kira4":{"translate":[{"time":1.4,"x":-560.41,"y":312.78,"curve":"stepped"},{"time":1.6,"x":-610.12,"y":164.9}],"scale":[{"time":1.4,"x":1.397,"y":1.397},{"time":1.5666,"x":0.452,"y":0.452,"curve":"stepped"},{"time":1.6,"x":2.031,"y":2.031},{"time":1.9333,"x":0.168,"y":0.168}]},"EFThunder":{"scale":[{"time":0.4333,"x":0.6,"y":0.6}]},"EFS1Shine":{"scale":[{"time":0.4333,"x":0.6,"y":0.6}]},"EFS2Shine":{"scale":[{"time":1.3666,"x":0.75,"y":0.75}]},"210_S1_magic4":{"translate":[{"time":0.5666,"x":-100,"y":59.11}],"scale":[{"time":0.5666,"x":3,"y":3,"curve":"stepped"},{"time":0.7,"x":2.8,"y":2.8,"curve":"stepped"},{"time":0.7666,"x":2.5,"y":2.5,"curve":"stepped"},{"time":0.8333,"x":2.2,"y":2.2,"curve":"stepped"},{"time":0.9,"x":2,"y":2,"curve":"stepped"},{"time":0.9666,"x":1,"y":1},{"time":1.0333,"x":0,"y":0}]}}},"2-attack1":{},"2-skill1":{"slots":{"EF/280_S1_magic1/210_S1_magic1_00000":{"attachment":[{"time":0.5,"name":"EF/280_S1_magic1/210_S1_magic1_00000"},{"time":0.6333,"name":"EF/280_S1_magic1/210_S1_magic1_00004"},{"time":0.7,"name":"EF/280_S1_magic1/210_S1_magic1_00006"},{"time":0.7666,"name":"EF/280_S1_magic1/210_S1_magic1_00008"},{"time":0.8333,"name":"EF/280_S1_magic1/210_S1_magic1_00010"},{"time":0.9,"name":"EF/280_S1_magic1/210_S1_magic1_00012"},{"time":0.9666,"name":"EF/280_S1_magic1/210_S1_magic1_00014"},{"time":1.0333,"name":"EF/280_S1_magic1/210_S1_magic1_00016"},{"time":1.1,"name":"EF/280_S1_magic1/210_S1_magic1_00018"},{"time":1.1666,"name":null}]},"EF/280_S1_magic1/210_S1_magic1_00000_2":{"attachment":[{"time":0.7333,"name":"EF/280_S1_magic1/210_S1_magic1_00000"},{"time":0.8666,"name":"EF/280_S1_magic1/210_S1_magic1_00004"},{"time":0.9333,"name":"EF/280_S1_magic1/210_S1_magic1_00006"},{"time":1,"name":"EF/280_S1_magic1/210_S1_magic1_00008"},{"time":1.0666,"name":"EF/280_S1_magic1/210_S1_magic1_00010"},{"time":1.1333,"name":"EF/280_S1_magic1/210_S1_magic1_00012"},{"time":1.2,"name":"EF/280_S1_magic1/210_S1_magic1_00014"},{"time":1.2666,"name":"EF/280_S1_magic1/210_S1_magic1_00016"},{"time":1.3333,"name":"EF/280_S1_magic1/210_S1_magic1_00018"},{"time":1.4,"name":null}],"color":[{"time":0.7333,"color":"ffffff00"},{"time":1.0666,"color":"ffffffff","curve":"stepped"},{"time":1.2666,"color":"ffffffff"},{"time":1.4,"color":"ffffff00"}]},"EF/280_S1_magic2/210_S1_magic2_00001":{"attachment":[{"time":0.5666,"name":"EF/280_S1_magic2/210_S1_magic2_00002"},{"time":0.6,"name":"EF/280_S1_magic2/210_S1_magic2_00003"},{"time":0.6333,"name":"EF/280_S1_magic2/210_S1_magic2_00004"},{"time":0.6666,"name":"EF/280_S1_magic2/210_S1_magic2_00005"},{"time":0.7,"name":"EF/280_S1_magic2/210_S1_magic2_00006"},{"time":0.7333,"name":"EF/280_S1_magic2/210_S1_magic2_00007"},{"time":0.7666,"name":"EF/280_S1_magic2/210_S1_magic2_00008"},{"time":0.8,"name":"EF/280_S1_magic2/210_S1_magic2_00009"},{"time":0.9,"name":null},{"time":0.9333,"name":"EF/280_S1_magic2/210_S1_magic2_00002"},{"time":0.9666,"name":"EF/280_S1_magic2/210_S1_magic2_00003"},{"time":1,"name":"EF/280_S1_magic2/210_S1_magic2_00004"},{"time":1.0333,"name":"EF/280_S1_magic2/210_S1_magic2_00005"},{"time":1.0666,"name":"EF/280_S1_magic2/210_S1_magic2_00006"},{"time":1.1,"name":"EF/280_S1_magic2/210_S1_magic2_00007"},{"time":1.1333,"name":"EF/280_S1_magic2/210_S1_magic2_00008"},{"time":1.1666,"name":"EF/280_S1_magic2/210_S1_magic2_00009"},{"time":1.2666,"name":null}],"color":[{"time":0.8333,"color":"ffffffff","curve":"stepped"},{"time":0.8666,"color":"ffffff29","curve":"stepped"},{"time":0.9,"color":"ffffffff","curve":"stepped"},{"time":1.2,"color":"ffffffff","curve":"stepped"},{"time":1.2333,"color":"ffffff29","curve":"stepped"},{"time":1.2666,"color":"ffffffff"}]}},"bones":{"210_S1_magic1":{"translate":[{"time":0.5,"x":-335.88,"y":264.93}],"scale":[{"time":0.5,"x":3.609,"y":3.609}]},"210_S1_magic3":{"translate":[{"time":0.7333,"x":-335.45,"y":265.1}],"scale":[{"time":0.7333,"x":3.739,"y":3.739}]},"130_S1_wave1":{"translate":[{"time":0.5,"x":-187.98,"y":72.01}],"scale":[{"time":0.5,"x":6,"y":6}]},"210_S1_magic2":{"translate":[{"time":0.5666,"x":-384.97,"y":264.54}],"scale":[{"time":0.5666,"x":6,"y":6,"curve":"stepped"},{"time":0.8333,"x":6,"y":6,"curve":"stepped"},{"time":0.8666,"x":6.13,"y":6.13,"curve":"stepped"},{"time":0.9,"x":6,"y":6,"curve":"stepped"},{"time":1.2,"x":6,"y":6,"curve":"stepped"},{"time":1.2333,"x":6.13,"y":6.13,"curve":"stepped"},{"time":1.2666,"x":6,"y":6}]},"210_S2_kira2":{"translate":[{"time":0.7,"x":-187.98,"y":72.01,"curve":"stepped"},{"time":0.7333,"x":-187.98,"y":72.01,"curve":"stepped"},{"time":0.7666,"x":-187.98,"y":72.01}],"scale":[{"time":0.7,"x":6,"y":6,"curve":"stepped"},{"time":0.7333,"x":6,"y":6,"curve":"stepped"},{"time":0.7666,"x":6,"y":6}]}}},"2-skill2":{"slots":{"EF/130_S1_shine1_DOT/130_S1_shine1_00040":{"attachment":[{"time":0.5666,"name":"EF/130_S1_shine1_DOT/130_S1_shine1_00040br"}],"color":[{"time":0.5666,"color":"ffffff00"},{"time":0.7,"color":"ffffffff"},{"time":0.8,"color":"ffffff00"}]},"EF/130_S1_thunder1/510_S2_bolt1_00000":{"attachment":[{"time":0.4666,"name":"EF/130_S1_thunder1/510_S2_bolt1_00000"},{"time":0.5,"name":"EF/130_S1_thunder1/510_S2_bolt1_00001"},{"time":0.5333,"name":"EF/130_S1_thunder1/510_S2_bolt1_00002"},{"time":0.5666,"name":"EF/130_S1_thunder1/510_S2_bolt1_00003"},{"time":0.6,"name":"EF/130_S1_thunder1/510_S2_bolt1_00004"},{"time":0.6333,"name":"EF/130_S1_thunder1/510_S2_bolt1_00005"},{"time":0.6666,"name":"EF/130_S1_thunder1/510_S2_bolt1_00006"},{"time":0.7,"name":"EF/130_S1_thunder1/510_S2_bolt1_00007"},{"time":0.7333,"name":"EF/130_S1_thunder1/510_S2_bolt1_00008"},{"time":0.7666,"name":null}]},"EF/280_S1_magic1/210_S1_magic1_00000":{"attachment":[{"time":1.3,"name":"EF/280_S1_magic1/210_S1_magic1_00000"},{"time":1.4333,"name":"EF/280_S1_magic1/210_S1_magic1_00004"},{"time":1.5,"name":"EF/280_S1_magic1/210_S1_magic1_00006"},{"time":1.5666,"name":"EF/280_S1_magic1/210_S1_magic1_00008"},{"time":1.6333,"name":"EF/280_S1_magic1/210_S1_magic1_00010"},{"time":1.7,"name":"EF/280_S1_magic1/210_S1_magic1_00012"},{"time":1.7666,"name":"EF/280_S1_magic1/210_S1_magic1_00014"},{"time":1.8333,"name":"EF/280_S1_magic1/210_S1_magic1_00016"},{"time":1.9,"name":"EF/280_S1_magic1/210_S1_magic1_00018"},{"time":1.9666,"name":null}]},"EF/280_S1_magic1/210_S1_magic1_00000_2":{"attachment":[{"time":1.5333,"name":"EF/280_S1_magic1/210_S1_magic1_00000"},{"time":1.6666,"name":"EF/280_S1_magic1/210_S1_magic1_00004"},{"time":1.7333,"name":"EF/280_S1_magic1/210_S1_magic1_00006"},{"time":1.8,"name":"EF/280_S1_magic1/210_S1_magic1_00008"},{"time":1.8666,"name":"EF/280_S1_magic1/210_S1_magic1_00010"},{"time":1.9333,"name":"EF/280_S1_magic1/210_S1_magic1_00012"},{"time":2,"name":"EF/280_S1_magic1/210_S1_magic1_00014"},{"time":2.0666,"name":"EF/280_S1_magic1/210_S1_magic1_00016"},{"time":2.1333,"name":"EF/280_S1_magic1/210_S1_magic1_00018"},{"time":2.2,"name":null}],"color":[{"time":1.5333,"color":"ffffff00"},{"time":1.8666,"color":"ffffffff","curve":"stepped"},{"time":2.0666,"color":"ffffffff"},{"time":2.2,"color":"ffffff00"}]},"EF/280_S1_magic2/210_S1_magic2_00001":{"attachment":[{"time":1.3,"name":"EF/280_S1_magic2/210_S1_magic2_00002"},{"time":1.3333,"name":"EF/280_S1_magic2/210_S1_magic2_00003"},{"time":1.4,"name":"EF/280_S1_magic2/210_S1_magic2_00004"},{"time":1.4333,"name":"EF/280_S1_magic2/210_S1_magic2_00005"},{"time":1.5,"name":"EF/280_S1_magic2/210_S1_magic2_00006"},{"time":1.5333,"name":"EF/280_S1_magic2/210_S1_magic2_00007"},{"time":1.5666,"name":"EF/280_S1_magic2/210_S1_magic2_00008"},{"time":1.6333,"name":"EF/280_S1_magic2/210_S1_magic2_00009"},{"time":1.7333,"name":null}],"color":[{"time":1.6333,"color":"ffffffff","curve":"stepped"},{"time":1.7,"color":"ffffff29","curve":"stepped"},{"time":1.7333,"color":"ffffffff"}]},"EF/280_S2_shine1/210_S2_kira1_00000":{"attachment":[{"time":1.4,"name":"EF/280_S2_shine1/210_S2_kira1_00000"},{"time":1.9333,"name":null}],"color":[{"time":1.8666,"color":"ffffffff"},{"time":1.9333,"color":"ffffff00"}]},"EF/280_S2_shine1/210_S2_kira1_00000_2":{"attachment":[{"time":1.4666,"name":"EF/280_S2_shine1/210_S2_kira1_00000"},{"time":2,"name":null}],"color":[{"time":1.9,"color":"ffffffff"},{"time":2,"color":"ffffff00"}]},"EF/280_S2_shine1/210_S2_kira1_00000_3":{"attachment":[{"time":1.4333,"name":"EF/280_S2_shine1/210_S2_kira1_00000"},{"time":1.9666,"name":null}],"color":[{"time":1.8666,"color":"ffffffff"},{"time":1.9666,"color":"ffffff00"}]},"EF/280_S2_shine1/210_S2_kira1_0000_4":{"attachment":[{"time":1.4,"name":"EF/280_S2_shine1/210_S2_kira1_00000"},{"time":1.9333,"name":null}],"color":[{"time":1.8333,"color":"ffffffff"},{"time":1.9333,"color":"ffffff00"}]}},"bones":{"510_S2_bolt1":{"translate":[{"time":0.4666,"x":-150,"y":480.96}],"scale":[{"time":0.4666,"x":7.5,"y":4.431,"curve":[0.812,0,0.924,1]},{"time":0.7333,"x":3.784,"y":4.431}]},"130_S1_shine1_DOT":{"translate":[{"time":0.5666,"x":-50,"y":58.04}],"scale":[{"time":0.5666,"x":5.281,"y":5.281},{"time":0.7,"x":8.313,"y":9.401},{"time":0.8,"x":5.281,"y":5.281}]},"210_S1_magic1":{"translate":[{"time":1.3,"x":-345.33,"y":278.09}],"scale":[{"time":1.3,"x":3.539,"y":3.539}]},"210_S1_magic3":{"translate":[{"time":1.5333,"x":-344.89,"y":278.25}],"scale":[{"time":1.5333,"x":3.5,"y":3.5}]},"210_S2_kira1":{"translate":[{"time":1.4,"x":-263.85,"y":548.87}],"scale":[{"time":1.4,"x":3.444,"y":3.444},{"time":1.5666,"x":1.355,"y":1.355},{"time":1.6,"x":3.444,"y":3.444},{"time":1.9333,"x":0.119,"y":0.119}]},"210_S2_kira2":{"translate":[{"time":1.4666,"x":-321.7,"y":22.57}],"scale":[{"time":1.4666,"x":4.542,"y":4.542},{"time":1.6333,"x":1.442,"y":1.442},{"time":1.6666,"x":5.099,"y":5.099},{"time":2,"x":0.365,"y":0.365}]},"210_S2_kira3":{"translate":[{"time":1.4333,"x":-603.9,"y":451.51}],"scale":[{"time":1.4333,"x":2,"y":2},{"time":1.6,"x":0.613,"y":0.613},{"time":1.6333,"x":2.183,"y":2.183},{"time":1.9666,"x":0.303,"y":0.303}]},"210_S2_kira4":{"translate":[{"time":1.4,"x":-739.36,"y":111.46}],"scale":[{"time":1.4,"x":1.754,"y":1.754},{"time":1.5666,"x":0.569,"y":0.569},{"time":1.6,"x":2.031,"y":2.031},{"time":1.9333,"x":0.168,"y":0.168}]},"210_S1_magic2":{"translate":[{"time":1.3,"x":-384.97,"y":264.54}],"scale":[{"time":1.3,"x":7.1,"y":7.1},{"time":1.6333,"x":12,"y":12,"curve":"stepped"},{"time":1.7,"x":12.5,"y":12.5,"curve":"stepped"},{"time":1.7333,"x":6,"y":6}]}}},"flush":{"slots":{"EF/130_S2_shine1_DOT/130_S2_shine1_00042br":{"attachment":[{"time":0,"name":"EF/130_S2_shine1_DOT/130_S2_shine1_00042br"},{"time":0.2,"name":"EF/130_S2_shine1_DOT/130_S2_shine1_00046br"},{"time":0.3333,"name":"EF/130_S2_shine1_DOT/130_S2_shine1_00050br"},{"time":0.4666,"name":"EF/130_S2_shine1_DOT/130_S2_shine1_00054br"},{"time":0.6,"name":"EF/130_S2_shine1_DOT/130_S2_shine1_00058br"},{"time":0.7333,"name":"EF/130_S2_shine1_DOT/130_S2_shine1_00062br"},{"time":0.8666,"name":null}],"color":[{"time":0.6666,"color":"ffffffff"},{"time":0.8666,"color":"ffffff00"}]}},"bones":{"130_S2_shine1_DOT":{"rotate":[{"time":0,"angle":180}],"translate":[{"time":0,"x":-250,"y":-132.94}],"scale":[{"time":0,"x":3.343,"y":4.882}]}}},"idle":{},"orbit":{"slots":{"DAMAGEAREA":{"attachment":[{"time":0.0666,"name":"DAMAGEAREA"},{"time":0.2,"name":null}]},"EF/130_S1_thunder1/510_S2_bolt1_00000":{"attachment":[{"time":0,"name":"EF/130_S1_thunder1/510_S2_bolt1_00000"},{"time":0.0333,"name":"EF/130_S1_thunder1/510_S2_bolt1_00002"},{"time":0.0666,"name":"EF/130_S1_thunder1/510_S2_bolt1_00003"},{"time":0.1,"name":"EF/130_S1_thunder1/510_S2_bolt1_00004"},{"time":0.1333,"name":"EF/130_S1_thunder1/510_S2_bolt1_00005"},{"time":0.1666,"name":"EF/130_S1_thunder1/510_S2_bolt1_00003"},{"time":0.2,"name":"EF/130_S1_thunder1/510_S2_bolt1_00004"},{"time":0.2333,"name":"EF/130_S1_thunder1/510_S2_bolt1_00005"},{"time":0.2666,"name":"EF/130_S1_thunder1/510_S2_bolt1_00005"},{"time":0.3,"name":"EF/130_S1_thunder1/510_S2_bolt1_00006"},{"time":0.3333,"name":"EF/130_S1_thunder1/510_S2_bolt1_00007"},{"time":0.3666,"name":"EF/130_S1_thunder1/510_S2_bolt1_00008"},{"time":0.4,"name":null}]},"EF/130_S1_wave1/130_S1_wave1_00038":{"attachment":[{"time":0.0666,"name":"EF/130_S1_wave1/210_S1_wave1_00000"},{"time":0.1,"name":"EF/130_S1_wave1/210_S1_wave1_00005"},{"time":0.1666,"name":"EF/130_S1_wave1/210_S1_wave1_00006"},{"time":0.2,"name":"EF/130_S1_wave1/210_S1_wave1_00008"},{"time":0.3,"name":null}],"color":[{"time":0.2333,"color":"ffffffff"},{"time":0.2666,"color":"ffffff50"}]}},"bones":{"510_S2_bolt1":{"translate":[{"time":0,"x":-150,"y":480.96}],"scale":[{"time":0,"x":4.864,"y":4.431}]},"130_S1_wave1":{"translate":[{"time":0.0666,"x":-200,"y":20.07,"curve":"stepped"},{"time":0.1,"x":-200,"y":16.45,"curve":"stepped"},{"time":0.1333,"x":-200,"y":20.07}],"scale":[{"time":0.0666,"x":3,"y":3,"curve":"stepped"},{"time":0.1,"x":2.3,"y":2.3},{"time":0.1333,"x":3,"y":3,"curve":"stepped"},{"time":0.2333,"x":3,"y":3,"curve":"stepped"},{"time":0.2666,"x":3.175,"y":3.175}]},"DAMAGEAREA":{"translate":[{"time":0.0666,"x":0,"y":32.09}],"scale":[{"time":0.0666,"x":0.991,"y":0.527},{"time":0.1333,"x":1.789,"y":0.527}]}},"events":[{"time":0,"name":"EFEvent","string":"setPosition_Target"},{"time":0,"name":"Sound1","string":"cri_se_battle_thunder_small"},{"time":0,"name":"Sound2","string":"cri_se_battle_spark_rise"},{"time":0.0333,"name":"EFEvent","float":0.03,"string":"kHitStopType_enemyonly"}]},"skill2-original":{"slots":{"EF/130_S1_shine1_DOT/130_S1_shine1_00040":{"attachment":[{"time":0.5666,"name":"EF/130_S1_shine1_DOT/130_S1_shine1_00040br"}],"color":[{"time":0.7,"color":"ffffffff"},{"time":0.8,"color":"ffffff00"}]},"EF/130_S1_thunder1/510_S2_bolt1_00000":{"attachment":[{"time":0.4666,"name":"EF/130_S1_thunder1/510_S2_bolt1_00000"},{"time":0.5,"name":"EF/130_S1_thunder1/510_S2_bolt1_00001"},{"time":0.5333,"name":"EF/130_S1_thunder1/510_S2_bolt1_00002"},{"time":0.5666,"name":"EF/130_S1_thunder1/510_S2_bolt1_00003"},{"time":0.6,"name":"EF/130_S1_thunder1/510_S2_bolt1_00004"},{"time":0.6333,"name":"EF/130_S1_thunder1/510_S2_bolt1_00005"},{"time":0.6666,"name":"EF/130_S1_thunder1/510_S2_bolt1_00006"},{"time":0.7,"name":"EF/130_S1_thunder1/510_S2_bolt1_00007"},{"time":0.7333,"name":"EF/130_S1_thunder1/510_S2_bolt1_00008"},{"time":0.7666,"name":null}]},"EF/130_S2_shine1_DOT/130_S2_shine1_00042br":{"attachment":[{"time":1.6,"name":"EF/130_S2_shine1_DOT/130_S2_shine1_00042br"},{"time":1.8,"name":"EF/130_S2_shine1_DOT/130_S2_shine1_00046br"},{"time":1.9333,"name":"EF/130_S2_shine1_DOT/130_S2_shine1_00050br"},{"time":2.0666,"name":"EF/130_S2_shine1_DOT/130_S2_shine1_00054br"},{"time":2.2,"name":"EF/130_S2_shine1_DOT/130_S2_shine1_00058br"},{"time":2.3333,"name":"EF/130_S2_shine1_DOT/130_S2_shine1_00062br"},{"time":2.4666,"name":null}],"color":[{"time":2.2666,"color":"ffffffff"},{"time":2.4666,"color":"ffffff00"}]},"EF/280_S1_magic1/210_S1_magic1_00000":{"attachment":[{"time":1.3,"name":"EF/280_S1_magic1/210_S1_magic1_00000"},{"time":1.4333,"name":"EF/280_S1_magic1/210_S1_magic1_00004"},{"time":1.5,"name":"EF/280_S1_magic1/210_S1_magic1_00006"},{"time":1.5666,"name":"EF/280_S1_magic1/210_S1_magic1_00008"},{"time":1.6333,"name":"EF/280_S1_magic1/210_S1_magic1_00010"},{"time":1.7,"name":"EF/280_S1_magic1/210_S1_magic1_00012"},{"time":1.7666,"name":"EF/280_S1_magic1/210_S1_magic1_00014"},{"time":1.8333,"name":"EF/280_S1_magic1/210_S1_magic1_00016"},{"time":1.9,"name":"EF/280_S1_magic1/210_S1_magic1_00018"},{"time":1.9666,"name":null}]},"EF/280_S1_magic1/210_S1_magic1_00012":{"attachment":[{"time":0.5666,"name":"EF/280_S1_magic1/210_S1_magic1_00018"},{"time":0.6333,"name":"EF/280_S1_magic1/210_S1_magic1_00016"},{"time":0.7,"name":"EF/280_S1_magic1/210_S1_magic1_00016"},{"time":0.7666,"name":"EF/280_S1_magic1/210_S1_magic1_00015"},{"time":0.8333,"name":"EF/280_S1_magic1/210_S1_magic1_00014"},{"time":0.9,"name":"EF/280_S1_magic1/210_S1_magic1_00013"},{"time":0.9666,"name":"EF/280_S1_magic1/210_S1_magic1_00012"},{"time":1.0333,"name":null}],"color":[{"time":0.8333,"color":"ffffffff"},{"time":1.0333,"color":"ffffff00"}]},"EF/280_S1_magic1/210_S1_magic1_00000_2":{"attachment":[{"time":1.5333,"name":"EF/280_S1_magic1/210_S1_magic1_00000"},{"time":1.6666,"name":"EF/280_S1_magic1/210_S1_magic1_00004"},{"time":1.7333,"name":"EF/280_S1_magic1/210_S1_magic1_00006"},{"time":1.8,"name":"EF/280_S1_magic1/210_S1_magic1_00008"},{"time":1.8666,"name":"EF/280_S1_magic1/210_S1_magic1_00010"},{"time":1.9333,"name":"EF/280_S1_magic1/210_S1_magic1_00012"},{"time":2,"name":"EF/280_S1_magic1/210_S1_magic1_00014"},{"time":2.0666,"name":"EF/280_S1_magic1/210_S1_magic1_00016"},{"time":2.1333,"name":"EF/280_S1_magic1/210_S1_magic1_00018"},{"time":2.2,"name":null}],"color":[{"time":1.5333,"color":"ffffff00"},{"time":1.8666,"color":"ffffffff","curve":"stepped"},{"time":2.0666,"color":"ffffffff"},{"time":2.2,"color":"ffffff00"}]},"EF/280_S1_magic2/210_S1_magic2_00001":{"attachment":[{"time":1.3,"name":"EF/280_S1_magic2/210_S1_magic2_00001"},{"time":1.3666,"name":"EF/280_S1_magic2/210_S1_magic2_00002"},{"time":1.4,"name":"EF/280_S1_magic2/210_S1_magic2_00003"},{"time":1.4333,"name":"EF/280_S1_magic2/210_S1_magic2_00004"},{"time":1.4666,"name":"EF/280_S1_magic2/210_S1_magic2_00005"},{"time":1.5333,"name":"EF/280_S1_magic2/210_S1_magic2_00006"},{"time":1.5666,"name":"EF/280_S1_magic2/210_S1_magic2_00007"},{"time":1.6333,"name":"EF/280_S1_magic2/210_S1_magic2_00008"},{"time":1.6666,"name":"EF/280_S1_magic2/210_S1_magic2_00009"},{"time":1.8333,"name":null}]},"EF/280_S2_shine1/210_S2_kira1_00000":{"attachment":[{"time":1.4,"name":"EF/280_S2_shine1/210_S2_kira1_00000"},{"time":1.9333,"name":null}],"color":[{"time":1.8666,"color":"ffffffff"},{"time":1.9333,"color":"ffffff00"}]},"EF/280_S2_shine1/210_S2_kira1_00000_2":{"attachment":[{"time":1.4666,"name":"EF/280_S2_shine1/210_S2_kira1_00000"},{"time":2,"name":null}],"color":[{"time":1.9,"color":"ffffffff"},{"time":2,"color":"ffffff00"}]},"EF/280_S2_shine1/210_S2_kira1_00000_3":{"attachment":[{"time":1.4333,"name":"EF/280_S2_shine1/210_S2_kira1_00000"},{"time":1.9666,"name":null}],"color":[{"time":1.8666,"color":"ffffffff"},{"time":1.9666,"color":"ffffff00"}]},"EF/280_S2_shine1/210_S2_kira1_0000_4":{"attachment":[{"time":1.4,"name":"EF/280_S2_shine1/210_S2_kira1_00000"},{"time":1.9333,"name":null}],"color":[{"time":1.8333,"color":"ffffffff"},{"time":1.9333,"color":"ffffff00"}]}},"bones":{"510_S2_bolt1":{"translate":[{"time":0.4666,"x":-150,"y":480.96}],"scale":[{"time":0.4666,"x":7.5,"y":4.431,"curve":[0.812,0,0.924,1]},{"time":0.7333,"x":3.784,"y":4.431}]},"130_S1_shine1_DOT":{"translate":[{"time":0.5666,"x":-50,"y":58.04}],"scale":[{"time":0.5666,"x":3.667,"y":7.841},{"time":0.7,"x":8.313,"y":9.401},{"time":0.8,"x":5.281,"y":5.281}]},"210_S1_magic1":{"translate":[{"time":1.3,"x":-345.33,"y":278.09}],"scale":[{"time":1.3,"x":6,"y":6}]},"210_S1_magic2":{"translate":[{"time":1.3,"x":-395.21,"y":277.75}],"scale":[{"time":1.3,"x":7.104,"y":7.104,"curve":[0.2,0.63,0.75,1]},{"time":1.7666,"x":12.038,"y":12.038}]},"210_S2_kira1":{"translate":[{"time":1.4,"x":-263.85,"y":548.87}],"scale":[{"time":1.4,"x":3.444,"y":3.444},{"time":1.5666,"x":1.355,"y":1.355},{"time":1.6,"x":3.444,"y":3.444},{"time":1.9333,"x":0.119,"y":0.119}]},"210_S2_kira2":{"translate":[{"time":1.4666,"x":-321.7,"y":22.57}],"scale":[{"time":1.4666,"x":4.542,"y":4.542},{"time":1.6333,"x":1.442,"y":1.442},{"time":1.6666,"x":5.099,"y":5.099},{"time":2,"x":0.365,"y":0.365}]},"210_S2_kira3":{"translate":[{"time":1.4333,"x":-603.9,"y":451.51}],"scale":[{"time":1.4333,"x":2,"y":2},{"time":1.6,"x":0.613,"y":0.613},{"time":1.6333,"x":2.183,"y":2.183},{"time":1.9666,"x":0.303,"y":0.303}]},"210_S2_kira4":{"translate":[{"time":1.4,"x":-739.36,"y":111.46}],"scale":[{"time":1.4,"x":1.754,"y":1.754},{"time":1.5666,"x":0.569,"y":0.569},{"time":1.6,"x":2.031,"y":2.031},{"time":1.9333,"x":0.168,"y":0.168}]},"130_S2_shine1_DOT":{"rotate":[{"time":1.6,"angle":180}],"translate":[{"time":1.6,"x":-250,"y":-132.94}],"scale":[{"time":1.6,"x":3.343,"y":4.882}]},"210_S1_magic4":{"translate":[{"time":0.5666,"x":-100,"y":59.11}],"scale":[{"time":0.5666,"x":3,"y":3,"curve":"stepped"},{"time":0.7,"x":2.8,"y":2.8,"curve":"stepped"},{"time":0.7666,"x":2.5,"y":2.5,"curve":"stepped"},{"time":0.8333,"x":2.2,"y":2.2,"curve":"stepped"},{"time":0.9,"x":2,"y":2,"curve":"stepped"},{"time":0.9666,"x":1,"y":1},{"time":1.0333,"x":0,"y":0}]},"210_S1_magic3":{"translate":[{"time":1.5333,"x":-344.89,"y":278.25}],"scale":[{"time":1.5333,"x":2.085,"y":2.085}]}}}}}