{"skeleton":{"hash":"x6En0QGl7DoQ8vFXCx7Xy43CElc","spine":"3.0.12","width":0,"height":0},"bones":[{"name":"root"},{"name":"MAIN","parent":"root","y":60.9},{"name":"EF","parent":"root"},{"name":"dot_ef","parent":"EF","x":200,"y":50},{"name":"EF_waterwave1_2","parent":"EF","x":350},{"name":"EF_waterwave1_1","parent":"EF","x":350},{"name":"EF_wateraura2_2","parent":"EF","x":300},{"name":"EF_wateraura2_1","parent":"EF","x":300},{"name":"EF_wateraura1_2","parent":"EF","x":250},{"name":"EF_wateraura1_1","parent":"EF","x":250},{"name":"EF_shotwave1_1","parent":"EF","x":150,"y":150},{"name":"EF_rotwave1_1","parent":"EF","x":200},{"name":"EF_power1_1","parent":"EF","x":150,"y":50},{"name":"EF_healaura1_2","parent":"EF","x":200,"y":100},{"name":"EF_healaura1_1","parent":"EF","x":200,"y":100},{"name":"EF_groundwave1_1","parent":"EF","x":150},{"name":"EF_charge1_1","parent":"EF","x":150,"y":100},{"name":"DAMAGEAREA","parent":"root"}],"slots":[{"name":"EF_groundwave1_1","bone":"EF_groundwave1_1","blend":"additive"},{"name":"EF_rotwave1_1","bone":"EF_rotwave1_1","blend":"additive"},{"name":"EF_healaura1_1","bone":"EF_healaura1_1","blend":"additive"},{"name":"EF_healaura1_2","bone":"EF_healaura1_2","blend":"additive"},{"name":"EF_waterwave1_1","bone":"EF_waterwave1_1","blend":"additive"},{"name":"EF_waterwave1_2","bone":"EF_waterwave1_2","blend":"additive"},{"name":"MAIN","bone":"MAIN","attachment":"idle_00"},{"name":"DAMAGEAREA","bone":"DAMAGEAREA"},{"name":"EF_power1_1","bone":"EF_power1_1","blend":"additive"},{"name":"EF_charge1_1","bone":"EF_charge1_1","blend":"additive"},{"name":"EF_shotwave1_1","bone":"EF_shotwave1_1","blend":"additive"},{"name":"EF_wateraura2_1","bone":"EF_wateraura2_1","blend":"additive"},{"name":"EF_wateraura2_2","bone":"EF_wateraura2_2","blend":"additive"},{"name":"EF_wateraura1_1","bone":"EF_wateraura1_1","blend":"additive"},{"name":"EF_wateraura1_2","bone":"EF_wateraura1_2","blend":"additive"},{"name":"attack1_ef","bone":"dot_ef","blend":"additive"}],"skins":{"default":{"DAMAGEAREA":{"DAMAGEAREA":{"type":"boundingbox","vertices":[-32.28276,-32.21875,31.61707,-32.51875,31.91707,31.98108,-32.13276,31.98108]}},"EF_charge1_1":{"EF/EF_charge/ef_charge_main_00001":{"width":112,"height":112},"EF/EF_charge/ef_charge_main_00002":{"width":112,"height":112},"EF/EF_charge/ef_charge_main_00003":{"width":112,"height":112},"EF/EF_charge/ef_charge_main_00004":{"width":112,"height":112},"EF/EF_charge/ef_charge_main_00005":{"width":112,"height":112},"EF/EF_charge/ef_charge_main_00006":{"width":112,"height":112},"EF/EF_charge/ef_charge_main_00007":{"width":112,"height":112},"EF/EF_charge/ef_charge_main_00008":{"width":112,"height":112},"EF/EF_charge/ef_charge_main_00009":{"width":112,"height":112},"EF/EF_charge/ef_charge_main_00010":{"width":112,"height":112},"EF/EF_charge/ef_charge_main_00011":{"width":112,"height":112},"EF/EF_charge/ef_charge_main_00012":{"width":112,"height":112},"EF/EF_charge/ef_charge_main_00013":{"width":112,"height":112},"EF/EF_charge/ef_charge_main_00014":{"width":112,"height":112},"EF/EF_charge/ef_charge_main_00015":{"width":112,"height":112},"EF/EF_charge/ef_charge_main_00016":{"width":112,"height":112},"EF/EF_charge/ef_charge_main_00017":{"width":112,"height":112},"EF/EF_charge/ef_charge_main_00018":{"width":112,"height":112},"EF/EF_charge/ef_charge_main_00019":{"width":112,"height":112},"EF/EF_charge/ef_charge_main_00020":{"width":112,"height":112},"EF/EF_charge/ef_charge_main_00021":{"width":112,"height":112},"EF/EF_charge/ef_charge_main_00022":{"width":112,"height":112},"EF/EF_charge/ef_charge_main_00023":{"width":112,"height":112},"EF/EF_charge/ef_charge_main_00024":{"width":112,"height":112},"EF/EF_charge/ef_charge_main_00025":{"width":112,"height":112},"EF/EF_charge/ef_charge_main_00026":{"width":112,"height":112},"EF/EF_charge/ef_charge_main_00027":{"width":112,"height":112},"EF/EF_charge/ef_charge_main_00028":{"width":112,"height":112},"EF/EF_charge/ef_charge_main_00029":{"width":112,"height":112},"EF/EF_charge/ef_charge_main_00030":{"width":112,"height":112},"EF/EF_charge/ef_charge_main_00031":{"width":112,"height":112},"EF/EF_charge/ef_charge_main_00032":{"width":112,"height":112},"EF/EF_charge/ef_charge_main_00033":{"width":112,"height":112},"EF/EF_charge/ef_charge_main_00034":{"width":112,"height":112},"EF/EF_charge/ef_charge_main_00035":{"width":112,"height":112},"EF/EF_charge/ef_charge_main_00036":{"width":112,"height":112},"EF/EF_charge/ef_charge_main_00037":{"width":112,"height":112},"EF/EF_charge/ef_charge_main_00038":{"width":112,"height":112},"EF/EF_charge/ef_charge_main_00039":{"width":112,"height":112},"EF/EF_charge/ef_charge_main_00040":{"width":112,"height":112},"EF/EF_charge/ef_charge_main_00041":{"width":112,"height":112},"EF/EF_charge/ef_charge_main_00042":{"width":112,"height":112},"EF/EF_charge/ef_charge_main_00043":{"width":112,"height":112}},"EF_groundwave1_1":{"EF/ef_graund_wave_blue/ef_graund_wave_blue_00001":{"y":8.88,"width":200,"height":120},"EF/ef_graund_wave_blue/ef_graund_wave_blue_00002":{"y":8.88,"width":200,"height":120},"EF/ef_graund_wave_blue/ef_graund_wave_blue_00003":{"y":8.88,"width":200,"height":120},"EF/ef_graund_wave_blue/ef_graund_wave_blue_00004":{"y":8.88,"width":200,"height":120},"EF/ef_graund_wave_blue/ef_graund_wave_blue_00005":{"y":8.88,"width":200,"height":120},"EF/ef_graund_wave_blue/ef_graund_wave_blue_00006":{"y":8.88,"width":200,"height":120},"EF/ef_graund_wave_blue/ef_graund_wave_blue_00007":{"y":8.88,"width":200,"height":120},"EF/ef_graund_wave_blue/ef_graund_wave_blue_00008":{"y":8.88,"width":200,"height":120},"EF/ef_graund_wave_blue/ef_graund_wave_blue_00009":{"y":8.88,"width":200,"height":120},"EF/ef_graund_wave_blue/ef_graund_wave_blue_00010":{"y":8.88,"width":200,"height":120},"EF/ef_graund_wave_blue/ef_graund_wave_blue_00011":{"y":8.88,"width":200,"height":120},"EF/ef_graund_wave_blue/ef_graund_wave_blue_00012":{"y":8.88,"width":200,"height":120},"EF/ef_graund_wave_blue/ef_graund_wave_blue_00013":{"y":8.88,"width":200,"height":120},"EF/ef_graund_wave_blue/ef_graund_wave_blue_00014":{"y":8.88,"width":200,"height":120}},"EF_healaura1_1":{"EF/ef_flare_back_main_00004":{"width":100,"height":100}},"EF_healaura1_2":{"EF/ef_flare_back_main_00004":{"width":100,"height":100}},"EF_power1_1":{"EF/5110_S2_power2/5110_S2_power2_00001":{"width":200,"height":200},"EF/5110_S2_power2/5110_S2_power2_00002":{"width":200,"height":200},"EF/5110_S2_power2/5110_S2_power2_00003":{"width":200,"height":200},"EF/5110_S2_power2/5110_S2_power2_00004":{"width":200,"height":200},"EF/5110_S2_power2/5110_S2_power2_00005":{"width":200,"height":200},"EF/5110_S2_power2/5110_S2_power2_00006":{"width":200,"height":200},"EF/5110_S2_power2/5110_S2_power2_00007":{"width":200,"height":200},"EF/5110_S2_power2/5110_S2_power2_00008":{"width":200,"height":200},"EF/5110_S2_power2/5110_S2_power2_00009":{"width":200,"height":200},"EF/5110_S2_power2/5110_S2_power2_00010":{"width":200,"height":200}},"EF_rotwave1_1":{"EF/ef_rot_wave_main1/ef_rot_wave_main_00001":{"y":9.7,"width":210,"height":100},"EF/ef_rot_wave_main1/ef_rot_wave_main_00002":{"y":9.7,"width":210,"height":100},"EF/ef_rot_wave_main1/ef_rot_wave_main_00003":{"y":9.7,"width":210,"height":100},"EF/ef_rot_wave_main1/ef_rot_wave_main_00004":{"y":9.7,"width":210,"height":100},"EF/ef_rot_wave_main1/ef_rot_wave_main_00005":{"y":9.7,"width":210,"height":100},"EF/ef_rot_wave_main1/ef_rot_wave_main_00006":{"y":9.7,"width":210,"height":100},"EF/ef_rot_wave_main1/ef_rot_wave_main_00007":{"y":9.7,"width":210,"height":100},"EF/ef_rot_wave_main1/ef_rot_wave_main_00008":{"y":9.7,"width":210,"height":100},"EF/ef_rot_wave_main1/ef_rot_wave_main_00009":{"y":9.7,"width":210,"height":100},"EF/ef_rot_wave_main1/ef_rot_wave_main_00010":{"y":9.7,"width":210,"height":100},"EF/ef_rot_wave_main1/ef_rot_wave_main_00011":{"y":9.7,"width":210,"height":100},"EF/ef_rot_wave_main1/ef_rot_wave_main_00012":{"y":9.7,"width":210,"height":100},"EF/ef_rot_wave_main1/ef_rot_wave_main_00013":{"y":9.7,"width":210,"height":100},"EF/ef_rot_wave_main1/ef_rot_wave_main_00014":{"y":9.7,"width":210,"height":100},"EF/ef_rot_wave_main1/ef_rot_wave_main_00015":{"y":9.7,"width":210,"height":100}},"EF_shotwave1_1":{"EF/ef_smash_wave_A_mian/ef_smash_wave_A_mian_00001":{"width":120,"height":200},"EF/ef_smash_wave_A_mian/ef_smash_wave_A_mian_00002":{"width":120,"height":200},"EF/ef_smash_wave_A_mian/ef_smash_wave_A_mian_00003":{"width":120,"height":200},"EF/ef_smash_wave_A_mian/ef_smash_wave_A_mian_00004":{"width":120,"height":200},"EF/ef_smash_wave_A_mian/ef_smash_wave_A_mian_00005":{"width":120,"height":200},"EF/ef_smash_wave_A_mian/ef_smash_wave_A_mian_00006":{"width":120,"height":200},"EF/ef_smash_wave_A_mian/ef_smash_wave_A_mian_00007":{"width":120,"height":200}},"EF_wateraura1_1":{"EF/ef_water_aura_main(test) 3/ef_water_aura_main(test) 3_00001":{"y":98.76,"width":200,"height":240},"EF/ef_water_aura_main(test) 3/ef_water_aura_main(test) 3_00002":{"y":98.76,"width":200,"height":240},"EF/ef_water_aura_main(test) 3/ef_water_aura_main(test) 3_00003":{"y":98.76,"width":200,"height":240},"EF/ef_water_aura_main(test) 3/ef_water_aura_main(test) 3_00004":{"y":98.76,"width":200,"height":240},"EF/ef_water_aura_main(test) 3/ef_water_aura_main(test) 3_00005":{"y":98.76,"width":200,"height":240},"EF/ef_water_aura_main(test) 3/ef_water_aura_main(test) 3_00006":{"y":98.76,"width":200,"height":240},"EF/ef_water_aura_main(test) 3/ef_water_aura_main(test) 3_00007":{"y":98.76,"width":200,"height":240},"EF/ef_water_aura_main(test) 3/ef_water_aura_main(test) 3_00008":{"y":98.76,"width":200,"height":240},"EF/ef_water_aura_main(test) 3/ef_water_aura_main(test) 3_00009":{"y":98.76,"width":200,"height":240},"EF/ef_water_aura_main(test) 3/ef_water_aura_main(test) 3_00010":{"y":98.76,"width":200,"height":240},"EF/ef_water_aura_main(test) 3/ef_water_aura_main(test) 3_00011":{"y":98.76,"width":200,"height":240},"EF/ef_water_aura_main(test) 3/ef_water_aura_main(test) 3_00012":{"y":98.76,"width":200,"height":240}},"EF_wateraura1_2":{"EF/ef_water_aura_main(test) 3/ef_water_aura_main(test) 3_00001":{"y":98.76,"width":200,"height":240},"EF/ef_water_aura_main(test) 3/ef_water_aura_main(test) 3_00002":{"y":98.76,"width":200,"height":240},"EF/ef_water_aura_main(test) 3/ef_water_aura_main(test) 3_00003":{"y":98.76,"width":200,"height":240},"EF/ef_water_aura_main(test) 3/ef_water_aura_main(test) 3_00004":{"y":98.76,"width":200,"height":240},"EF/ef_water_aura_main(test) 3/ef_water_aura_main(test) 3_00005":{"y":98.76,"width":200,"height":240},"EF/ef_water_aura_main(test) 3/ef_water_aura_main(test) 3_00006":{"y":98.76,"width":200,"height":240},"EF/ef_water_aura_main(test) 3/ef_water_aura_main(test) 3_00007":{"y":98.76,"width":200,"height":240},"EF/ef_water_aura_main(test) 3/ef_water_aura_main(test) 3_00008":{"y":98.76,"width":200,"height":240},"EF/ef_water_aura_main(test) 3/ef_water_aura_main(test) 3_00009":{"y":98.76,"width":200,"height":240},"EF/ef_water_aura_main(test) 3/ef_water_aura_main(test) 3_00010":{"y":98.76,"width":200,"height":240},"EF/ef_water_aura_main(test) 3/ef_water_aura_main(test) 3_00011":{"y":98.76,"width":200,"height":240},"EF/ef_water_aura_main(test) 3/ef_water_aura_main(test) 3_00012":{"y":98.76,"width":200,"height":240}},"EF_wateraura2_1":{"EF/ef_water_aura_main(test)/ef_water_aura_main(test)_00001":{"y":57.6,"width":240,"height":200},"EF/ef_water_aura_main(test)/ef_water_aura_main(test)_00002":{"y":57.6,"width":240,"height":200},"EF/ef_water_aura_main(test)/ef_water_aura_main(test)_00003":{"y":57.6,"width":240,"height":200},"EF/ef_water_aura_main(test)/ef_water_aura_main(test)_00004":{"y":57.6,"width":240,"height":200},"EF/ef_water_aura_main(test)/ef_water_aura_main(test)_00005":{"y":57.6,"width":240,"height":200},"EF/ef_water_aura_main(test)/ef_water_aura_main(test)_00006":{"y":57.6,"width":240,"height":200},"EF/ef_water_aura_main(test)/ef_water_aura_main(test)_00007":{"y":57.6,"width":240,"height":200},"EF/ef_water_aura_main(test)/ef_water_aura_main(test)_00008":{"y":57.6,"width":240,"height":200},"EF/ef_water_aura_main(test)/ef_water_aura_main(test)_00009":{"y":57.6,"width":240,"height":200},"EF/ef_water_aura_main(test)/ef_water_aura_main(test)_00010":{"y":57.6,"width":240,"height":200},"EF/ef_water_aura_main(test)/ef_water_aura_main(test)_00011":{"y":57.6,"width":240,"height":200},"EF/ef_water_aura_main(test)/ef_water_aura_main(test)_00012":{"y":57.6,"width":240,"height":200},"EF/ef_water_aura_main(test)/ef_water_aura_main(test)_00013":{"y":57.6,"width":240,"height":200},"EF/ef_water_aura_main(test)/ef_water_aura_main(test)_00014":{"y":57.6,"width":240,"height":200},"EF/ef_water_aura_main(test)/ef_water_aura_main(test)_00015":{"y":57.6,"width":240,"height":200}},"EF_wateraura2_2":{"EF/ef_water_aura_main(test)/ef_water_aura_main(test)_00001":{"y":57.6,"width":240,"height":200},"EF/ef_water_aura_main(test)/ef_water_aura_main(test)_00002":{"y":57.6,"width":240,"height":200},"EF/ef_water_aura_main(test)/ef_water_aura_main(test)_00003":{"y":57.6,"width":240,"height":200},"EF/ef_water_aura_main(test)/ef_water_aura_main(test)_00004":{"y":57.6,"width":240,"height":200},"EF/ef_water_aura_main(test)/ef_water_aura_main(test)_00005":{"y":57.6,"width":240,"height":200},"EF/ef_water_aura_main(test)/ef_water_aura_main(test)_00006":{"y":57.6,"width":240,"height":200},"EF/ef_water_aura_main(test)/ef_water_aura_main(test)_00007":{"y":57.6,"width":240,"height":200},"EF/ef_water_aura_main(test)/ef_water_aura_main(test)_00008":{"y":57.6,"width":240,"height":200},"EF/ef_water_aura_main(test)/ef_water_aura_main(test)_00009":{"y":57.6,"width":240,"height":200},"EF/ef_water_aura_main(test)/ef_water_aura_main(test)_00010":{"y":57.6,"width":240,"height":200},"EF/ef_water_aura_main(test)/ef_water_aura_main(test)_00011":{"y":57.6,"width":240,"height":200},"EF/ef_water_aura_main(test)/ef_water_aura_main(test)_00012":{"y":57.6,"width":240,"height":200},"EF/ef_water_aura_main(test)/ef_water_aura_main(test)_00013":{"y":57.6,"width":240,"height":200},"EF/ef_water_aura_main(test)/ef_water_aura_main(test)_00014":{"y":57.6,"width":240,"height":200},"EF/ef_water_aura_main(test)/ef_water_aura_main(test)_00015":{"y":57.6,"width":240,"height":200}},"EF_waterwave1_1":{"EF/ef_water_wave 2/ef_water_wave 2_main_00001":{"width":180,"height":75},"EF/ef_water_wave 2/ef_water_wave 2_main_00002":{"width":180,"height":75},"EF/ef_water_wave 2/ef_water_wave 2_main_00003":{"width":180,"height":75},"EF/ef_water_wave 2/ef_water_wave 2_main_00004":{"width":180,"height":75},"EF/ef_water_wave 2/ef_water_wave 2_main_00005":{"width":180,"height":75},"EF/ef_water_wave 2/ef_water_wave 2_main_00006":{"width":180,"height":75},"EF/ef_water_wave 2/ef_water_wave 2_main_00007":{"width":180,"height":75},"EF/ef_water_wave 2/ef_water_wave 2_main_00008":{"width":180,"height":75},"EF/ef_water_wave 2/ef_water_wave 2_main_00009":{"width":180,"height":75},"EF/ef_water_wave 2/ef_water_wave 2_main_00010":{"width":180,"height":75},"EF/ef_water_wave 2/ef_water_wave 2_main_00011":{"width":180,"height":75},"EF/ef_water_wave 2/ef_water_wave 2_main_00012":{"width":180,"height":75},"EF/ef_water_wave 2/ef_water_wave 2_main_00013":{"width":180,"height":75}},"EF_waterwave1_2":{"EF/ef_water_wave 2/ef_water_wave 2_main_00001":{"width":180,"height":75},"EF/ef_water_wave 2/ef_water_wave 2_main_00002":{"width":180,"height":75},"EF/ef_water_wave 2/ef_water_wave 2_main_00003":{"width":180,"height":75},"EF/ef_water_wave 2/ef_water_wave 2_main_00004":{"width":180,"height":75},"EF/ef_water_wave 2/ef_water_wave 2_main_00005":{"width":180,"height":75},"EF/ef_water_wave 2/ef_water_wave 2_main_00006":{"width":180,"height":75},"EF/ef_water_wave 2/ef_water_wave 2_main_00007":{"width":180,"height":75},"EF/ef_water_wave 2/ef_water_wave 2_main_00008":{"width":180,"height":75},"EF/ef_water_wave 2/ef_water_wave 2_main_00009":{"width":180,"height":75},"EF/ef_water_wave 2/ef_water_wave 2_main_00010":{"width":180,"height":75},"EF/ef_water_wave 2/ef_water_wave 2_main_00011":{"width":180,"height":75},"EF/ef_water_wave 2/ef_water_wave 2_main_00012":{"width":180,"height":75},"EF/ef_water_wave 2/ef_water_wave 2_main_00013":{"width":180,"height":75}},"MAIN":{"attack1_00":{"scaleX":2,"scaleY":2,"width":256,"height":256},"attack1_01":{"scaleX":2,"scaleY":2,"width":256,"height":256},"attack1_02":{"scaleX":2,"scaleY":2,"width":256,"height":256},"attack1_03":{"scaleX":2,"scaleY":2,"width":256,"height":256},"attack1_04":{"scaleX":2,"scaleY":2,"width":256,"height":256},"attack1_05":{"scaleX":2,"scaleY":2,"width":256,"height":256},"attack1_06":{"scaleX":2,"scaleY":2,"width":256,"height":256},"back_00":{"scaleX":2,"scaleY":2,"width":256,"height":256},"damage_00":{"scaleX":2,"scaleY":2,"width":256,"height":256},"front_00":{"scaleX":2,"scaleY":2,"width":256,"height":256},"idle_00":{"scaleX":2,"scaleY":2,"width":256,"height":256},"idle_01":{"scaleX":2,"scaleY":2,"width":256,"height":256},"idle_02":{"scaleX":2,"scaleY":2,"width":256,"height":256},"idle_03":{"scaleX":2,"scaleY":2,"width":256,"height":256},"skill1_00":{"scaleX":2,"scaleY":2,"width":256,"height":256},"skill1_01":{"scaleX":2,"scaleY":2,"width":256,"height":256},"skill1_02":{"scaleX":2,"scaleY":2,"width":256,"height":256},"skill1_03":{"scaleX":2,"scaleY":2,"width":256,"height":256},"skill1_04":{"scaleX":2,"scaleY":2,"width":256,"height":256},"skill1_05":{"scaleX":2,"scaleY":2,"width":256,"height":256},"skill1_06":{"scaleX":2,"scaleY":2,"width":256,"height":256},"skill1_07":{"scaleX":2,"scaleY":2,"width":256,"height":256},"skill1_08":{"scaleX":2,"scaleY":2,"width":256,"height":256},"skill1_09":{"scaleX":2,"scaleY":2,"width":256,"height":256},"skill1_10":{"scaleX":2,"scaleY":2,"width":256,"height":256},"skill1_11":{"scaleX":2,"scaleY":2,"width":256,"height":256},"skill1_12":{"scaleX":2,"scaleY":2,"width":256,"height":256},"skill2_00":{"scaleX":2,"scaleY":2,"width":256,"height":256},"skill2_01":{"scaleX":2,"scaleY":2,"width":256,"height":256},"skill2_02":{"scaleX":2,"scaleY":2,"width":256,"height":256},"skill2_03":{"scaleX":2,"scaleY":2,"width":256,"height":256},"skill2_04":{"scaleX":2,"scaleY":2,"width":256,"height":256},"skill2_05":{"scaleX":2,"scaleY":2,"width":256,"height":256},"skill2_06":{"scaleX":2,"scaleY":2,"width":256,"height":256},"skill2_07":{"scaleX":2,"scaleY":2,"width":256,"height":256},"skill2_08":{"scaleX":2,"scaleY":2,"width":256,"height":256},"skill2_09":{"scaleX":2,"scaleY":2,"width":256,"height":256},"skill2_10":{"scaleX":2,"scaleY":2,"width":256,"height":256},"skill2_11":{"scaleX":2,"scaleY":2,"width":256,"height":256},"skill3_00":{"scaleX":2,"scaleY":2,"width":256,"height":256},"skill3_01":{"scaleX":2,"scaleY":2,"width":256,"height":256},"skill3_02":{"scaleX":2,"scaleY":2,"width":256,"height":256},"skill3_03":{"scaleX":2,"scaleY":2,"width":256,"height":256},"skill3_04":{"scaleX":2,"scaleY":2,"width":256,"height":256},"skill3_05":{"scaleX":2,"scaleY":2,"width":256,"height":256},"skill3_06":{"scaleX":2,"scaleY":2,"width":256,"height":256},"skill3_07":{"scaleX":2,"scaleY":2,"width":256,"height":256},"skill3_08":{"scaleX":2,"scaleY":2,"width":256,"height":256},"skill3_09":{"scaleX":2,"scaleY":2,"width":256,"height":256},"skill3_10":{"scaleX":2,"scaleY":2,"width":256,"height":256},"skill3_11":{"scaleX":2,"scaleY":2,"width":256,"height":256},"skill3_12":{"scaleX":2,"scaleY":2,"width":256,"height":256},"skill3_13":{"scaleX":2,"scaleY":2,"width":256,"height":256}},"attack1_ef":{"attack1_ef":{"scaleX":2,"scaleY":2,"width":256,"height":256}}}},"events":{"Event1":{},"Event2":{},"Hit":{"string":"resetHitList"},"Sound1":{},"Sound2":{},"Sound3":{},"Voice":{}},"animations":{"attack1":{"slots":{"EF_shotwave1_1":{"attachment":[{"time":0.2666,"name":"EF/ef_smash_wave_A_mian/ef_smash_wave_A_mian_00001"},{"time":0.3,"name":"EF/ef_smash_wave_A_mian/ef_smash_wave_A_mian_00002"},{"time":0.3333,"name":"EF/ef_smash_wave_A_mian/ef_smash_wave_A_mian_00003"},{"time":0.3666,"name":"EF/ef_smash_wave_A_mian/ef_smash_wave_A_mian_00004"},{"time":0.4,"name":"EF/ef_smash_wave_A_mian/ef_smash_wave_A_mian_00005"},{"time":0.4333,"name":"EF/ef_smash_wave_A_mian/ef_smash_wave_A_mian_00006"},{"time":0.4666,"name":"EF/ef_smash_wave_A_mian/ef_smash_wave_A_mian_00007"},{"time":0.5,"name":null}]},"MAIN":{"attachment":[{"time":0,"name":"attack1_00"},{"time":0.1333,"name":"attack1_01"},{"time":0.2666,"name":"attack1_02"},{"time":0.3,"name":"attack1_03"},{"time":0.3666,"name":"attack1_04"},{"time":0.4333,"name":"attack1_03"},{"time":0.5,"name":"attack1_04"},{"time":0.5666,"name":"attack1_03"},{"time":0.6333,"name":"attack1_04"},{"time":0.7,"name":"attack1_03"},{"time":0.7666,"name":"attack1_04"},{"time":0.9,"name":"attack1_05"},{"time":1.0333,"name":"attack1_06"},{"time":1.1666,"name":"idle_00"}]},"attack1_ef":{"attachment":[{"time":0.2666,"name":"attack1_ef"},{"time":0.3333,"name":null}]}},"bones":{"MAIN":{"rotate":[{"time":0,"angle":0,"curve":"stepped"},{"time":1.0333,"angle":0}],"translate":[{"time":0,"x":3.88,"y":0}]},"EF_shotwave1_1":{"translate":[{"time":0.2666,"x":-285.17,"y":-64.17}],"scale":[{"time":0.2666,"x":1.473,"y":1.473},{"time":0.4666,"x":1.5,"y":1.5}]},"dot_ef":{"translate":[{"time":0.2666,"x":-200,"y":10.9}]}},"events":[{"time":0.2666,"name":"Sound1","string":"cri_se_battle_sword_swish_heavy"},{"time":0.2666,"name":"Voice","string":"cri_291_voice_attack_random"},{"time":0.3,"name":"Event1","string":"addOrbitSystemShot(Shot,Hit,1)"}]},"back":{"slots":{"MAIN":{"attachment":[{"time":0,"name":"back_00"},{"time":0.3333,"name":"skill1_10"},{"time":0.5333,"name":"skill1_11"},{"time":0.6666,"name":"idle_03"},{"time":0.8333,"name":"idle_00"}]}},"bones":{"MAIN":{"rotate":[{"time":0,"angle":0}],"translate":[{"time":0,"x":0,"y":0,"curve":[0.46,0.83,0.75,1]},{"time":0.2666,"x":121.21,"y":38.53},{"time":0.5333,"x":135,"y":0},{"time":0.8333,"x":140,"y":0}]}},"events":[{"time":0,"name":"Sound1","string":"cri_se_battle_jump"},{"time":0.3333,"name":"Sound1","string":"cri_se_battle_landing"}]},"cast":{"slots":{"EF_shotwave1_1":{"attachment":[{"time":0.2666,"name":"EF/ef_smash_wave_A_mian/ef_smash_wave_A_mian_00001"},{"time":0.3,"name":"EF/ef_smash_wave_A_mian/ef_smash_wave_A_mian_00002"},{"time":0.3333,"name":"EF/ef_smash_wave_A_mian/ef_smash_wave_A_mian_00003"},{"time":0.3666,"name":"EF/ef_smash_wave_A_mian/ef_smash_wave_A_mian_00004"},{"time":0.4,"name":"EF/ef_smash_wave_A_mian/ef_smash_wave_A_mian_00005"},{"time":0.4333,"name":"EF/ef_smash_wave_A_mian/ef_smash_wave_A_mian_00006"},{"time":0.4666,"name":"EF/ef_smash_wave_A_mian/ef_smash_wave_A_mian_00007"},{"time":0.5,"name":null}]},"MAIN":{"attachment":[{"time":0,"name":"attack1_00"},{"time":0.1333,"name":"attack1_01"},{"time":0.2666,"name":"attack1_02"},{"time":0.3,"name":"attack1_03"},{"time":0.3666,"name":"attack1_04"},{"time":0.4333,"name":"attack1_03"},{"time":0.5,"name":"attack1_04"},{"time":0.5666,"name":"attack1_03"},{"time":0.6333,"name":"attack1_04"},{"time":0.7,"name":"attack1_03"},{"time":0.7666,"name":"attack1_04"},{"time":0.9,"name":"attack1_05"},{"time":1.0333,"name":"attack1_06"},{"time":1.1666,"name":"idle_00"}]},"attack1_ef":{"attachment":[{"time":0.2666,"name":"attack1_ef"},{"time":0.3333,"name":null}]}},"bones":{"MAIN":{"rotate":[{"time":0,"angle":0,"curve":"stepped"},{"time":1.0333,"angle":0}],"translate":[{"time":0,"x":3.88,"y":0}]},"EF_shotwave1_1":{"translate":[{"time":0.2666,"x":-285.17,"y":-64.17}],"scale":[{"time":0.2666,"x":1.473,"y":1.473},{"time":0.4666,"x":1.5,"y":1.5}]},"dot_ef":{"translate":[{"time":0.2666,"x":-200,"y":10.9}]}},"events":[{"time":0.2666,"name":"Sound1","string":"cri_se_battle_sword_swish_heavy"},{"time":0.2666,"name":"Voice","string":"cri_291_voice_item"},{"time":0.3,"name":"Event1","string":"addOrbitSystemShot(Shot,Hit,1)"}]},"damage":{"slots":{"MAIN":{"attachment":[{"time":0,"name":"damage_00"}]}}},"front":{"slots":{"MAIN":{"attachment":[{"time":0,"name":"front_00"}]}}},"idle":{"slots":{"MAIN":{"attachment":[{"time":0,"name":"idle_00"},{"time":0.2,"name":"idle_01"},{"time":0.4,"name":"idle_02"},{"time":0.6,"name":"idle_03"},{"time":0.8,"name":"idle_00"}]}},"bones":{"MAIN":{"translate":[{"time":0,"x":0,"y":0,"curve":"stepped"},{"time":0.8,"x":0,"y":0}]}}},"in":{"slots":{"MAIN":{"attachment":[{"time":0,"name":"skill1_08"},{"time":0.1,"name":"skill1_09"},{"time":0.2,"name":"skill1_07"},{"time":0.3,"name":"skill1_08"},{"time":0.4,"name":"skill1_09"},{"time":0.5,"name":"skill1_07"},{"time":0.6,"name":"skill1_08"},{"time":0.7,"name":"skill1_09"},{"time":0.8,"name":"skill1_07"},{"time":0.8666,"name":"skill1_10"},{"time":1,"name":"skill1_11"},{"time":1.1,"name":"skill1_12"},{"time":1.2,"name":"idle_00"}],"color":[{"time":0,"color":"ffffff00"},{"time":0.1666,"color":"ffffffff"}]}},"bones":{"MAIN":{"translate":[{"time":0,"x":0,"y":129.04,"curve":[0.459,0,0.404,1]},{"time":0.8,"x":0,"y":20.22},{"time":0.8666,"x":0,"y":0}]}},"events":[{"time":0,"name":"Event1","string":"takeSummon2"}]},"skill1":{"slots":{"EF_groundwave1_1":{"attachment":[{"time":0.1666,"name":"EF/ef_graund_wave_blue/ef_graund_wave_blue_00001"},{"time":0.2,"name":"EF/ef_graund_wave_blue/ef_graund_wave_blue_00002"},{"time":0.2333,"name":"EF/ef_graund_wave_blue/ef_graund_wave_blue_00003"},{"time":0.2666,"name":"EF/ef_graund_wave_blue/ef_graund_wave_blue_00004"},{"time":0.3,"name":"EF/ef_graund_wave_blue/ef_graund_wave_blue_00005"},{"time":0.3333,"name":"EF/ef_graund_wave_blue/ef_graund_wave_blue_00006"},{"time":0.3666,"name":"EF/ef_graund_wave_blue/ef_graund_wave_blue_00007"},{"time":0.4,"name":"EF/ef_graund_wave_blue/ef_graund_wave_blue_00008"},{"time":0.4333,"name":"EF/ef_graund_wave_blue/ef_graund_wave_blue_00009"},{"time":0.4666,"name":"EF/ef_graund_wave_blue/ef_graund_wave_blue_00010"},{"time":0.5,"name":"EF/ef_graund_wave_blue/ef_graund_wave_blue_00011"},{"time":0.5333,"name":"EF/ef_graund_wave_blue/ef_graund_wave_blue_00012"},{"time":0.5666,"name":"EF/ef_graund_wave_blue/ef_graund_wave_blue_00013"},{"time":0.6,"name":"EF/ef_graund_wave_blue/ef_graund_wave_blue_00014"},{"time":0.6333,"name":null}]},"EF_healaura1_1":{"attachment":[{"time":0.7666,"name":"EF/ef_flare_back_main_00004"}],"color":[{"time":0.7333,"color":"ffffff00"},{"time":0.9333,"color":"ffffffff"},{"time":1.4333,"color":"ffffff00"}]},"EF_healaura1_2":{"attachment":[{"time":0.7666,"name":"EF/ef_flare_back_main_00004"}],"color":[{"time":0.7666,"color":"ffffffff"},{"time":1.7666,"color":"ffffff00"}]},"EF_power1_1":{"attachment":[{"time":0.7666,"name":"EF/5110_S2_power2/5110_S2_power2_00001"},{"time":0.8,"name":"EF/5110_S2_power2/5110_S2_power2_00002"},{"time":0.8333,"name":"EF/5110_S2_power2/5110_S2_power2_00003"},{"time":0.8666,"name":"EF/5110_S2_power2/5110_S2_power2_00004"},{"time":0.9,"name":"EF/5110_S2_power2/5110_S2_power2_00005"},{"time":0.9333,"name":"EF/5110_S2_power2/5110_S2_power2_00006"},{"time":0.9666,"name":"EF/5110_S2_power2/5110_S2_power2_00007"},{"time":1,"name":"EF/5110_S2_power2/5110_S2_power2_00008"},{"time":1.0333,"name":"EF/5110_S2_power2/5110_S2_power2_00009"},{"time":1.0666,"name":"EF/5110_S2_power2/5110_S2_power2_00010"},{"time":1.1,"name":null}]},"MAIN":{"attachment":[{"time":0,"name":"skill1_00"},{"time":0.1,"name":"skill1_01"},{"time":0.2,"name":"skill1_02"},{"time":0.3,"name":"skill1_03"},{"time":0.4,"name":"skill1_04"},{"time":0.5,"name":"skill1_05"},{"time":0.6,"name":"skill1_06"},{"time":0.6666,"name":"skill1_07"},{"time":0.7666,"name":"skill1_08"},{"time":0.8666,"name":"skill1_09"},{"time":0.9666,"name":"skill1_07"},{"time":1.0666,"name":"skill1_08"},{"time":1.1666,"name":"skill1_09"},{"time":1.2666,"name":"skill1_07"},{"time":1.3666,"name":"skill1_08"},{"time":1.4666,"name":"skill1_09"},{"time":1.5666,"name":"skill1_07"},{"time":1.6333,"name":"skill1_10"},{"time":1.7666,"name":"skill1_11"},{"time":1.8666,"name":"skill1_12"},{"time":1.9666,"name":"idle_00"}]}},"bones":{"MAIN":{"translate":[{"time":0,"x":0,"y":0},{"time":0.0666,"x":0,"y":-1.29,"curve":[0.053,0.87,0.176,0.97]},{"time":0.7666,"x":0,"y":59.09},{"time":1.4333,"x":0,"y":60.39,"curve":[0,0.29,0.75,1]},{"time":1.7666,"x":0,"y":0,"curve":"stepped"},{"time":1.8666,"x":0,"y":0}]},"EF_healaura1_1":{"translate":[{"time":0.7666,"x":-199.58,"y":20.15}],"scale":[{"time":0.7666,"x":2.116,"y":2.116,"curve":[0.062,0.64,0.75,1]},{"time":1.3666,"x":7,"y":7}]},"EF_power1_1":{"translate":[{"time":0.7666,"x":-149.61,"y":70.25}],"scale":[{"time":0.7666,"x":3.5,"y":3.5}]},"EF_groundwave1_1":{"translate":[{"time":0.1666,"x":-150,"y":0}],"scale":[{"time":0.1666,"x":2.5,"y":2.5}]},"EF_healaura1_2":{"translate":[{"time":0.7666,"x":-199.58,"y":20.15}],"scale":[{"time":0.7666,"x":1,"y":1,"curve":[0.11,0.78,0.75,1]},{"time":1.3666,"x":9,"y":9}]}},"events":[{"time":0.1666,"name":"Sound1","string":"cri_se_scenario_fetters_magic"},{"time":0.7666,"name":"Event1","string":"runScript-takeHeal"},{"time":0.7666,"name":"Event2","string":"shakeGround"},{"time":0.7666,"name":"Sound1","string":"cri_se_battle_cure_01"},{"time":0.7666,"name":"Sound2","string":"cri_se_battle_bell_tree_03"},{"time":0.7666,"name":"Voice","string":"cri_291_voice_skill_all"},{"time":0.8,"name":"Event1","string":"runSkillEffect"},{"time":1.8,"name":"Sound1","string":"cri_se_battle_landing"}]},"skill2":{"slots":{"EF_charge1_1":{"attachment":[{"time":0.1,"name":"EF/EF_charge/ef_charge_main_00001"},{"time":0.1333,"name":"EF/EF_charge/ef_charge_main_00002"},{"time":0.1666,"name":"EF/EF_charge/ef_charge_main_00003"},{"time":0.2,"name":"EF/EF_charge/ef_charge_main_00004"},{"time":0.2333,"name":"EF/EF_charge/ef_charge_main_00005"},{"time":0.2666,"name":"EF/EF_charge/ef_charge_main_00006"},{"time":0.3,"name":"EF/EF_charge/ef_charge_main_00007"},{"time":0.3333,"name":"EF/EF_charge/ef_charge_main_00008"},{"time":0.3666,"name":"EF/EF_charge/ef_charge_main_00009"},{"time":0.4,"name":"EF/EF_charge/ef_charge_main_00010"},{"time":0.4333,"name":"EF/EF_charge/ef_charge_main_00011"},{"time":0.4666,"name":"EF/EF_charge/ef_charge_main_00012"},{"time":0.5,"name":"EF/EF_charge/ef_charge_main_00013"},{"time":0.5333,"name":"EF/EF_charge/ef_charge_main_00014"},{"time":0.5666,"name":"EF/EF_charge/ef_charge_main_00015"},{"time":0.6,"name":"EF/EF_charge/ef_charge_main_00036"},{"time":0.6333,"name":"EF/EF_charge/ef_charge_main_00038"},{"time":0.6666,"name":null}],"color":[{"time":0.0666,"color":"ffffff00"},{"time":0.2,"color":"ffffffff"}]},"EF_wateraura1_1":{"attachment":[{"time":0.6333,"name":"EF/ef_water_aura_main(test) 3/ef_water_aura_main(test) 3_00001"},{"time":0.6666,"name":"EF/ef_water_aura_main(test) 3/ef_water_aura_main(test) 3_00002"},{"time":0.7,"name":"EF/ef_water_aura_main(test) 3/ef_water_aura_main(test) 3_00003"},{"time":0.7333,"name":"EF/ef_water_aura_main(test) 3/ef_water_aura_main(test) 3_00004"},{"time":0.7666,"name":"EF/ef_water_aura_main(test) 3/ef_water_aura_main(test) 3_00005"},{"time":0.8,"name":"EF/ef_water_aura_main(test) 3/ef_water_aura_main(test) 3_00006"},{"time":0.8333,"name":"EF/ef_water_aura_main(test) 3/ef_water_aura_main(test) 3_00007"},{"time":0.8666,"name":"EF/ef_water_aura_main(test) 3/ef_water_aura_main(test) 3_00008"},{"time":0.9,"name":"EF/ef_water_aura_main(test) 3/ef_water_aura_main(test) 3_00009"},{"time":0.9666,"name":"EF/ef_water_aura_main(test) 3/ef_water_aura_main(test) 3_00010"},{"time":1.0333,"name":"EF/ef_water_aura_main(test) 3/ef_water_aura_main(test) 3_00011"},{"time":1.1,"name":"EF/ef_water_aura_main(test) 3/ef_water_aura_main(test) 3_00012"},{"time":1.1666,"name":null},{"time":1.2333,"name":"EF/ef_water_aura_main(test) 3/ef_water_aura_main(test) 3_00001"},{"time":1.2666,"name":"EF/ef_water_aura_main(test) 3/ef_water_aura_main(test) 3_00002"},{"time":1.3,"name":"EF/ef_water_aura_main(test) 3/ef_water_aura_main(test) 3_00003"},{"time":1.3333,"name":"EF/ef_water_aura_main(test) 3/ef_water_aura_main(test) 3_00004"},{"time":1.3666,"name":"EF/ef_water_aura_main(test) 3/ef_water_aura_main(test) 3_00005"},{"time":1.4,"name":"EF/ef_water_aura_main(test) 3/ef_water_aura_main(test) 3_00006"},{"time":1.4333,"name":"EF/ef_water_aura_main(test) 3/ef_water_aura_main(test) 3_00007"},{"time":1.4666,"name":"EF/ef_water_aura_main(test) 3/ef_water_aura_main(test) 3_00008"},{"time":1.5,"name":"EF/ef_water_aura_main(test) 3/ef_water_aura_main(test) 3_00009"},{"time":1.5666,"name":"EF/ef_water_aura_main(test) 3/ef_water_aura_main(test) 3_00010"},{"time":1.6333,"name":"EF/ef_water_aura_main(test) 3/ef_water_aura_main(test) 3_00011"},{"time":1.7,"name":"EF/ef_water_aura_main(test) 3/ef_water_aura_main(test) 3_00012"},{"time":1.7666,"name":null},{"time":1.8333,"name":"EF/ef_water_aura_main(test) 3/ef_water_aura_main(test) 3_00001"},{"time":1.8666,"name":"EF/ef_water_aura_main(test) 3/ef_water_aura_main(test) 3_00002"},{"time":1.9,"name":"EF/ef_water_aura_main(test) 3/ef_water_aura_main(test) 3_00003"},{"time":1.9333,"name":"EF/ef_water_aura_main(test) 3/ef_water_aura_main(test) 3_00004"},{"time":1.9666,"name":"EF/ef_water_aura_main(test) 3/ef_water_aura_main(test) 3_00005"},{"time":2,"name":"EF/ef_water_aura_main(test) 3/ef_water_aura_main(test) 3_00006"},{"time":2.0333,"name":"EF/ef_water_aura_main(test) 3/ef_water_aura_main(test) 3_00007"},{"time":2.0666,"name":"EF/ef_water_aura_main(test) 3/ef_water_aura_main(test) 3_00008"},{"time":2.1,"name":"EF/ef_water_aura_main(test) 3/ef_water_aura_main(test) 3_00009"},{"time":2.1666,"name":"EF/ef_water_aura_main(test) 3/ef_water_aura_main(test) 3_00010"},{"time":2.2333,"name":"EF/ef_water_aura_main(test) 3/ef_water_aura_main(test) 3_00011"},{"time":2.3,"name":"EF/ef_water_aura_main(test) 3/ef_water_aura_main(test) 3_00012"},{"time":2.3666,"name":null}],"color":[{"time":0.6333,"color":"ffffffff","curve":"stepped"},{"time":1.0666,"color":"ffffffff"},{"time":1.1666,"color":"ffffff00","curve":"stepped"},{"time":1.2333,"color":"ffffffff","curve":"stepped"},{"time":1.6666,"color":"ffffffff"},{"time":1.7666,"color":"ffffff00","curve":"stepped"},{"time":1.8333,"color":"ffffffff","curve":"stepped"},{"time":2.2666,"color":"ffffffff"},{"time":2.3666,"color":"ffffff00"}]},"EF_wateraura1_2":{"attachment":[{"time":0.9333,"name":"EF/ef_water_aura_main(test) 3/ef_water_aura_main(test) 3_00001"},{"time":0.9666,"name":"EF/ef_water_aura_main(test) 3/ef_water_aura_main(test) 3_00002"},{"time":1,"name":"EF/ef_water_aura_main(test) 3/ef_water_aura_main(test) 3_00003"},{"time":1.0333,"name":"EF/ef_water_aura_main(test) 3/ef_water_aura_main(test) 3_00004"},{"time":1.0666,"name":"EF/ef_water_aura_main(test) 3/ef_water_aura_main(test) 3_00005"},{"time":1.1,"name":"EF/ef_water_aura_main(test) 3/ef_water_aura_main(test) 3_00006"},{"time":1.1333,"name":"EF/ef_water_aura_main(test) 3/ef_water_aura_main(test) 3_00007"},{"time":1.1666,"name":"EF/ef_water_aura_main(test) 3/ef_water_aura_main(test) 3_00008"},{"time":1.2,"name":"EF/ef_water_aura_main(test) 3/ef_water_aura_main(test) 3_00009"},{"time":1.2666,"name":"EF/ef_water_aura_main(test) 3/ef_water_aura_main(test) 3_00010"},{"time":1.3333,"name":"EF/ef_water_aura_main(test) 3/ef_water_aura_main(test) 3_00011"},{"time":1.4,"name":"EF/ef_water_aura_main(test) 3/ef_water_aura_main(test) 3_00012"},{"time":1.4666,"name":null},{"time":1.5333,"name":"EF/ef_water_aura_main(test) 3/ef_water_aura_main(test) 3_00001"},{"time":1.5666,"name":"EF/ef_water_aura_main(test) 3/ef_water_aura_main(test) 3_00002"},{"time":1.6,"name":"EF/ef_water_aura_main(test) 3/ef_water_aura_main(test) 3_00003"},{"time":1.6333,"name":"EF/ef_water_aura_main(test) 3/ef_water_aura_main(test) 3_00004"},{"time":1.6666,"name":"EF/ef_water_aura_main(test) 3/ef_water_aura_main(test) 3_00005"},{"time":1.7,"name":"EF/ef_water_aura_main(test) 3/ef_water_aura_main(test) 3_00006"},{"time":1.7333,"name":"EF/ef_water_aura_main(test) 3/ef_water_aura_main(test) 3_00007"},{"time":1.7666,"name":"EF/ef_water_aura_main(test) 3/ef_water_aura_main(test) 3_00008"},{"time":1.8,"name":"EF/ef_water_aura_main(test) 3/ef_water_aura_main(test) 3_00009"},{"time":1.8666,"name":"EF/ef_water_aura_main(test) 3/ef_water_aura_main(test) 3_00010"},{"time":1.9333,"name":"EF/ef_water_aura_main(test) 3/ef_water_aura_main(test) 3_00011"},{"time":2,"name":"EF/ef_water_aura_main(test) 3/ef_water_aura_main(test) 3_00012"},{"time":2.0666,"name":null},{"time":2.1333,"name":"EF/ef_water_aura_main(test) 3/ef_water_aura_main(test) 3_00001"},{"time":2.1666,"name":"EF/ef_water_aura_main(test) 3/ef_water_aura_main(test) 3_00002"},{"time":2.2,"name":"EF/ef_water_aura_main(test) 3/ef_water_aura_main(test) 3_00003"},{"time":2.2333,"name":"EF/ef_water_aura_main(test) 3/ef_water_aura_main(test) 3_00004"},{"time":2.2666,"name":"EF/ef_water_aura_main(test) 3/ef_water_aura_main(test) 3_00005"},{"time":2.3,"name":"EF/ef_water_aura_main(test) 3/ef_water_aura_main(test) 3_00006"},{"time":2.3333,"name":"EF/ef_water_aura_main(test) 3/ef_water_aura_main(test) 3_00007"},{"time":2.3666,"name":"EF/ef_water_aura_main(test) 3/ef_water_aura_main(test) 3_00008"},{"time":2.4,"name":"EF/ef_water_aura_main(test) 3/ef_water_aura_main(test) 3_00009"},{"time":2.4666,"name":"EF/ef_water_aura_main(test) 3/ef_water_aura_main(test) 3_00010"},{"time":2.5333,"name":"EF/ef_water_aura_main(test) 3/ef_water_aura_main(test) 3_00011"},{"time":2.6,"name":"EF/ef_water_aura_main(test) 3/ef_water_aura_main(test) 3_00012"},{"time":2.6666,"name":null}],"color":[{"time":0.9333,"color":"ffffffff","curve":"stepped"},{"time":1.3666,"color":"ffffffff"},{"time":1.4666,"color":"ffffff00","curve":"stepped"},{"time":1.5333,"color":"ffffffff","curve":"stepped"},{"time":1.9666,"color":"ffffffff"},{"time":2.0666,"color":"ffffff00","curve":"stepped"},{"time":2.1333,"color":"ffffffff","curve":"stepped"},{"time":2.5666,"color":"ffffffff"},{"time":2.6666,"color":"ffffff00"}]},"EF_wateraura2_1":{"attachment":[{"time":0.6333,"name":"EF/ef_water_aura_main(test)/ef_water_aura_main(test)_00001"},{"time":0.7,"name":"EF/ef_water_aura_main(test)/ef_water_aura_main(test)_00002"},{"time":0.7666,"name":"EF/ef_water_aura_main(test)/ef_water_aura_main(test)_00003"},{"time":0.8333,"name":"EF/ef_water_aura_main(test)/ef_water_aura_main(test)_00004"},{"time":0.9,"name":"EF/ef_water_aura_main(test)/ef_water_aura_main(test)_00005"},{"time":0.9666,"name":"EF/ef_water_aura_main(test)/ef_water_aura_main(test)_00006"},{"time":1.0333,"name":"EF/ef_water_aura_main(test)/ef_water_aura_main(test)_00007"},{"time":1.1,"name":"EF/ef_water_aura_main(test)/ef_water_aura_main(test)_00008"},{"time":1.1666,"name":"EF/ef_water_aura_main(test)/ef_water_aura_main(test)_00009"},{"time":1.2333,"name":"EF/ef_water_aura_main(test)/ef_water_aura_main(test)_00010"},{"time":1.3,"name":"EF/ef_water_aura_main(test)/ef_water_aura_main(test)_00011"},{"time":1.3666,"name":"EF/ef_water_aura_main(test)/ef_water_aura_main(test)_00012"},{"time":1.4333,"name":"EF/ef_water_aura_main(test)/ef_water_aura_main(test)_00013"},{"time":1.5,"name":"EF/ef_water_aura_main(test)/ef_water_aura_main(test)_00014"},{"time":1.5666,"name":"EF/ef_water_aura_main(test)/ef_water_aura_main(test)_00015"},{"time":1.6333,"name":null},{"time":1.8333,"name":"EF/ef_water_aura_main(test)/ef_water_aura_main(test)_00001"},{"time":1.9,"name":"EF/ef_water_aura_main(test)/ef_water_aura_main(test)_00002"},{"time":1.9666,"name":"EF/ef_water_aura_main(test)/ef_water_aura_main(test)_00003"},{"time":2.0333,"name":"EF/ef_water_aura_main(test)/ef_water_aura_main(test)_00004"},{"time":2.1,"name":"EF/ef_water_aura_main(test)/ef_water_aura_main(test)_00005"},{"time":2.1666,"name":"EF/ef_water_aura_main(test)/ef_water_aura_main(test)_00006"},{"time":2.2333,"name":"EF/ef_water_aura_main(test)/ef_water_aura_main(test)_00007"},{"time":2.3,"name":"EF/ef_water_aura_main(test)/ef_water_aura_main(test)_00008"},{"time":2.3666,"name":"EF/ef_water_aura_main(test)/ef_water_aura_main(test)_00009"},{"time":2.4333,"name":"EF/ef_water_aura_main(test)/ef_water_aura_main(test)_00010"},{"time":2.5,"name":"EF/ef_water_aura_main(test)/ef_water_aura_main(test)_00011"},{"time":2.5666,"name":"EF/ef_water_aura_main(test)/ef_water_aura_main(test)_00012"},{"time":2.6333,"name":"EF/ef_water_aura_main(test)/ef_water_aura_main(test)_00013"},{"time":2.7,"name":"EF/ef_water_aura_main(test)/ef_water_aura_main(test)_00014"},{"time":2.7666,"name":"EF/ef_water_aura_main(test)/ef_water_aura_main(test)_00015"},{"time":2.8333,"name":null}]},"EF_wateraura2_2":{"attachment":[{"time":1.2333,"name":"EF/ef_water_aura_main(test)/ef_water_aura_main(test)_00001"},{"time":1.3,"name":"EF/ef_water_aura_main(test)/ef_water_aura_main(test)_00002"},{"time":1.3666,"name":"EF/ef_water_aura_main(test)/ef_water_aura_main(test)_00003"},{"time":1.4333,"name":"EF/ef_water_aura_main(test)/ef_water_aura_main(test)_00004"},{"time":1.5,"name":"EF/ef_water_aura_main(test)/ef_water_aura_main(test)_00005"},{"time":1.5666,"name":"EF/ef_water_aura_main(test)/ef_water_aura_main(test)_00006"},{"time":1.6333,"name":"EF/ef_water_aura_main(test)/ef_water_aura_main(test)_00007"},{"time":1.7,"name":"EF/ef_water_aura_main(test)/ef_water_aura_main(test)_00008"},{"time":1.7666,"name":"EF/ef_water_aura_main(test)/ef_water_aura_main(test)_00009"},{"time":1.8333,"name":"EF/ef_water_aura_main(test)/ef_water_aura_main(test)_00010"},{"time":1.9,"name":"EF/ef_water_aura_main(test)/ef_water_aura_main(test)_00011"},{"time":1.9666,"name":"EF/ef_water_aura_main(test)/ef_water_aura_main(test)_00012"},{"time":2.0333,"name":"EF/ef_water_aura_main(test)/ef_water_aura_main(test)_00013"},{"time":2.1,"name":"EF/ef_water_aura_main(test)/ef_water_aura_main(test)_00014"},{"time":2.1666,"name":"EF/ef_water_aura_main(test)/ef_water_aura_main(test)_00015"},{"time":2.2333,"name":null}]},"EF_waterwave1_1":{"attachment":[{"time":0.6333,"name":"EF/ef_water_wave 2/ef_water_wave 2_main_00001"},{"time":0.6666,"name":"EF/ef_water_wave 2/ef_water_wave 2_main_00002"},{"time":0.7,"name":"EF/ef_water_wave 2/ef_water_wave 2_main_00003"},{"time":0.7333,"name":"EF/ef_water_wave 2/ef_water_wave 2_main_00004"},{"time":0.7666,"name":"EF/ef_water_wave 2/ef_water_wave 2_main_00005"},{"time":0.8,"name":"EF/ef_water_wave 2/ef_water_wave 2_main_00006"},{"time":0.8333,"name":"EF/ef_water_wave 2/ef_water_wave 2_main_00007"},{"time":0.8666,"name":"EF/ef_water_wave 2/ef_water_wave 2_main_00008"},{"time":0.9,"name":"EF/ef_water_wave 2/ef_water_wave 2_main_00009"},{"time":0.9333,"name":"EF/ef_water_wave 2/ef_water_wave 2_main_00010"},{"time":0.9666,"name":"EF/ef_water_wave 2/ef_water_wave 2_main_00011"},{"time":1.0333,"name":"EF/ef_water_wave 2/ef_water_wave 2_main_00012"},{"time":1.1,"name":"EF/ef_water_wave 2/ef_water_wave 2_main_00013"},{"time":1.1666,"name":null},{"time":1.2333,"name":"EF/ef_water_wave 2/ef_water_wave 2_main_00001"},{"time":1.2666,"name":"EF/ef_water_wave 2/ef_water_wave 2_main_00002"},{"time":1.3,"name":"EF/ef_water_wave 2/ef_water_wave 2_main_00003"},{"time":1.3333,"name":"EF/ef_water_wave 2/ef_water_wave 2_main_00004"},{"time":1.3666,"name":"EF/ef_water_wave 2/ef_water_wave 2_main_00005"},{"time":1.4,"name":"EF/ef_water_wave 2/ef_water_wave 2_main_00006"},{"time":1.4333,"name":"EF/ef_water_wave 2/ef_water_wave 2_main_00007"},{"time":1.4666,"name":"EF/ef_water_wave 2/ef_water_wave 2_main_00008"},{"time":1.5,"name":"EF/ef_water_wave 2/ef_water_wave 2_main_00009"},{"time":1.5333,"name":"EF/ef_water_wave 2/ef_water_wave 2_main_00010"},{"time":1.5666,"name":"EF/ef_water_wave 2/ef_water_wave 2_main_00011"},{"time":1.6333,"name":"EF/ef_water_wave 2/ef_water_wave 2_main_00012"},{"time":1.7,"name":"EF/ef_water_wave 2/ef_water_wave 2_main_00013"},{"time":1.7666,"name":null},{"time":1.8333,"name":"EF/ef_water_wave 2/ef_water_wave 2_main_00001"},{"time":1.8666,"name":"EF/ef_water_wave 2/ef_water_wave 2_main_00002"},{"time":1.9,"name":"EF/ef_water_wave 2/ef_water_wave 2_main_00003"},{"time":1.9333,"name":"EF/ef_water_wave 2/ef_water_wave 2_main_00004"},{"time":1.9666,"name":"EF/ef_water_wave 2/ef_water_wave 2_main_00005"},{"time":2,"name":"EF/ef_water_wave 2/ef_water_wave 2_main_00006"},{"time":2.0333,"name":"EF/ef_water_wave 2/ef_water_wave 2_main_00007"},{"time":2.0666,"name":"EF/ef_water_wave 2/ef_water_wave 2_main_00008"},{"time":2.1,"name":"EF/ef_water_wave 2/ef_water_wave 2_main_00009"},{"time":2.1333,"name":"EF/ef_water_wave 2/ef_water_wave 2_main_00010"},{"time":2.1666,"name":"EF/ef_water_wave 2/ef_water_wave 2_main_00011"},{"time":2.2333,"name":"EF/ef_water_wave 2/ef_water_wave 2_main_00012"},{"time":2.3,"name":"EF/ef_water_wave 2/ef_water_wave 2_main_00013"},{"time":2.3666,"name":null}]},"EF_waterwave1_2":{"attachment":[{"time":0.9333,"name":"EF/ef_water_wave 2/ef_water_wave 2_main_00001"},{"time":0.9666,"name":"EF/ef_water_wave 2/ef_water_wave 2_main_00002"},{"time":1,"name":"EF/ef_water_wave 2/ef_water_wave 2_main_00003"},{"time":1.0333,"name":"EF/ef_water_wave 2/ef_water_wave 2_main_00004"},{"time":1.0666,"name":"EF/ef_water_wave 2/ef_water_wave 2_main_00005"},{"time":1.1,"name":"EF/ef_water_wave 2/ef_water_wave 2_main_00006"},{"time":1.1333,"name":"EF/ef_water_wave 2/ef_water_wave 2_main_00007"},{"time":1.1666,"name":"EF/ef_water_wave 2/ef_water_wave 2_main_00008"},{"time":1.2,"name":"EF/ef_water_wave 2/ef_water_wave 2_main_00009"},{"time":1.2333,"name":"EF/ef_water_wave 2/ef_water_wave 2_main_00010"},{"time":1.2666,"name":"EF/ef_water_wave 2/ef_water_wave 2_main_00011"},{"time":1.3333,"name":"EF/ef_water_wave 2/ef_water_wave 2_main_00012"},{"time":1.4,"name":"EF/ef_water_wave 2/ef_water_wave 2_main_00013"},{"time":1.4666,"name":null},{"time":1.5333,"name":"EF/ef_water_wave 2/ef_water_wave 2_main_00001"},{"time":1.5666,"name":"EF/ef_water_wave 2/ef_water_wave 2_main_00002"},{"time":1.6,"name":"EF/ef_water_wave 2/ef_water_wave 2_main_00003"},{"time":1.6333,"name":"EF/ef_water_wave 2/ef_water_wave 2_main_00004"},{"time":1.6666,"name":"EF/ef_water_wave 2/ef_water_wave 2_main_00005"},{"time":1.7,"name":"EF/ef_water_wave 2/ef_water_wave 2_main_00006"},{"time":1.7333,"name":"EF/ef_water_wave 2/ef_water_wave 2_main_00007"},{"time":1.7666,"name":"EF/ef_water_wave 2/ef_water_wave 2_main_00008"},{"time":1.8,"name":"EF/ef_water_wave 2/ef_water_wave 2_main_00009"},{"time":1.8333,"name":"EF/ef_water_wave 2/ef_water_wave 2_main_00010"},{"time":1.8666,"name":"EF/ef_water_wave 2/ef_water_wave 2_main_00011"},{"time":1.9333,"name":"EF/ef_water_wave 2/ef_water_wave 2_main_00012"},{"time":2,"name":"EF/ef_water_wave 2/ef_water_wave 2_main_00013"},{"time":2.0666,"name":null},{"time":2.1333,"name":"EF/ef_water_wave 2/ef_water_wave 2_main_00001"},{"time":2.1666,"name":"EF/ef_water_wave 2/ef_water_wave 2_main_00002"},{"time":2.2,"name":"EF/ef_water_wave 2/ef_water_wave 2_main_00003"},{"time":2.2333,"name":"EF/ef_water_wave 2/ef_water_wave 2_main_00004"},{"time":2.2666,"name":"EF/ef_water_wave 2/ef_water_wave 2_main_00005"},{"time":2.3,"name":"EF/ef_water_wave 2/ef_water_wave 2_main_00006"},{"time":2.3333,"name":"EF/ef_water_wave 2/ef_water_wave 2_main_00007"},{"time":2.3666,"name":"EF/ef_water_wave 2/ef_water_wave 2_main_00008"},{"time":2.4,"name":"EF/ef_water_wave 2/ef_water_wave 2_main_00009"},{"time":2.4333,"name":"EF/ef_water_wave 2/ef_water_wave 2_main_00010"},{"time":2.4666,"name":"EF/ef_water_wave 2/ef_water_wave 2_main_00011"},{"time":2.5333,"name":"EF/ef_water_wave 2/ef_water_wave 2_main_00012"},{"time":2.6,"name":"EF/ef_water_wave 2/ef_water_wave 2_main_00013"},{"time":2.6666,"name":null}]},"MAIN":{"attachment":[{"time":0,"name":"skill2_00"},{"time":0.0666,"name":"skill2_01"},{"time":0.1666,"name":"skill2_02"},{"time":0.2333,"name":"skill2_03"},{"time":0.3,"name":"skill2_04"},{"time":0.3666,"name":"skill2_05"},{"time":0.5333,"name":"skill2_06"},{"time":0.6333,"name":"skill2_07"},{"time":0.7333,"name":"skill2_08"},{"time":0.8333,"name":"skill2_09"},{"time":0.9333,"name":"skill2_07"},{"time":1.0333,"name":"skill2_08"},{"time":1.1333,"name":"skill2_09"},{"time":1.2333,"name":"skill2_07"},{"time":1.3333,"name":"skill2_08"},{"time":1.4333,"name":"skill2_09"},{"time":1.5333,"name":"skill2_07"},{"time":1.6333,"name":"skill2_08"},{"time":1.7333,"name":"skill2_09"},{"time":1.8333,"name":"skill2_07"},{"time":1.9333,"name":"skill2_08"},{"time":2.0333,"name":"skill2_09"},{"time":2.1333,"name":"skill2_07"},{"time":2.2333,"name":"skill2_08"},{"time":2.3333,"name":"skill2_09"},{"time":2.5,"name":"skill2_10"},{"time":2.7666,"name":"skill2_11"},{"time":2.9,"name":"skill1_12"},{"time":3,"name":"idle_00"}]}},"bones":{"MAIN":{"translate":[{"time":0,"x":0,"y":0},{"time":0.1,"x":0,"y":-1.29,"curve":[0.052,0.91,0.442,0.97]},{"time":0.5,"x":0,"y":31.07},{"time":0.6333,"x":0,"y":2.58},{"time":2.5,"x":0,"y":-1.29,"curve":[0.115,0.4,0.481,0.96]},{"time":2.7333,"x":0,"y":12.94},{"time":2.9,"x":0,"y":0,"curve":"stepped"},{"time":3,"x":0,"y":0}]},"EF_wateraura1_1":{"translate":[{"time":0.6333,"x":-250,"y":0,"curve":"stepped"},{"time":1.2333,"x":-250,"y":0,"curve":"stepped"},{"time":1.8333,"x":-250,"y":0}],"scale":[{"time":0.6333,"x":2,"y":2,"curve":[0.148,0.62,0.75,1]},{"time":1.1333,"x":3.5,"y":3.5,"curve":"stepped"},{"time":1.2333,"x":2,"y":2,"curve":[0.148,0.62,0.75,1]},{"time":1.7333,"x":3.5,"y":3.5,"curve":"stepped"},{"time":1.8333,"x":2,"y":2,"curve":[0.148,0.62,0.75,1]},{"time":2.3333,"x":3.5,"y":3.5}]},"EF_wateraura1_2":{"translate":[{"time":0.9333,"x":-250,"y":0,"curve":"stepped"},{"time":1.5333,"x":-250,"y":0,"curve":"stepped"},{"time":2.1333,"x":-250,"y":0}],"scale":[{"time":0.9333,"x":2,"y":2,"curve":[0.148,0.62,0.75,1]},{"time":1.4333,"x":3.5,"y":3.5,"curve":"stepped"},{"time":1.5333,"x":2,"y":2,"curve":[0.148,0.62,0.75,1]},{"time":2.0333,"x":3.5,"y":3.5,"curve":"stepped"},{"time":2.1333,"x":2,"y":2,"curve":[0.148,0.62,0.75,1]},{"time":2.6333,"x":3.5,"y":3.5}]},"EF_wateraura2_1":{"translate":[{"time":0.6333,"x":-300,"y":0,"curve":"stepped"},{"time":1.8333,"x":-300,"y":0}],"scale":[{"time":0.6333,"x":2.5,"y":2.5,"curve":[0.039,0.53,0.75,1]},{"time":1.6333,"x":6.502,"y":6.502,"curve":"stepped"},{"time":1.8333,"x":2.5,"y":2.5,"curve":[0.039,0.53,0.75,1]},{"time":2.8333,"x":6.502,"y":6.502}]},"EF_wateraura2_2":{"translate":[{"time":1.2333,"x":-300,"y":0}],"scale":[{"time":1.2333,"x":2.5,"y":2.5,"curve":[0.039,0.53,0.75,1]},{"time":2.2333,"x":6.502,"y":6.502}]},"EF_waterwave1_1":{"translate":[{"time":0.6333,"x":-350,"y":0,"curve":"stepped"},{"time":1.2333,"x":-350,"y":0,"curve":"stepped"},{"time":1.8333,"x":-350,"y":0}],"scale":[{"time":0.6333,"x":3.5,"y":3.5,"curve":[0.131,0.49,0.75,1]},{"time":1.1333,"x":6,"y":6,"curve":"stepped"},{"time":1.2333,"x":3.5,"y":3.5,"curve":[0.131,0.49,0.75,1]},{"time":1.7333,"x":6,"y":6,"curve":"stepped"},{"time":1.8333,"x":3.5,"y":3.5,"curve":[0.131,0.49,0.75,1]},{"time":2.3333,"x":6,"y":6}]},"EF_waterwave1_2":{"translate":[{"time":0.9333,"x":-350,"y":0,"curve":"stepped"},{"time":1.5333,"x":-350,"y":0,"curve":"stepped"},{"time":2.1333,"x":-350,"y":0}],"scale":[{"time":0.9333,"x":3.5,"y":3.5,"curve":[0.131,0.49,0.75,1]},{"time":1.4333,"x":6,"y":6,"curve":"stepped"},{"time":1.5333,"x":3.5,"y":3.5,"curve":[0.131,0.49,0.75,1]},{"time":2.0333,"x":6,"y":6,"curve":"stepped"},{"time":2.1333,"x":3.5,"y":3.5,"curve":[0.131,0.49,0.75,1]},{"time":2.6333,"x":6,"y":6}]},"EF_charge1_1":{"translate":[{"time":0.1,"x":-240.07,"y":0.91},{"time":0.1333,"x":-175.44,"y":96.22,"curve":"stepped"},{"time":0.2333,"x":-151.5,"y":118.17,"curve":"stepped"},{"time":0.3,"x":-111.79,"y":113.42,"curve":"stepped"},{"time":0.3666,"x":-101.15,"y":106.77,"curve":"stepped"},{"time":0.5333,"x":-125.09,"y":113.42,"curve":"stepped"},{"time":0.6333,"x":-203.56,"y":11.01}],"scale":[{"time":0.1,"x":3.252,"y":3.252}]}},"events":[{"time":0,"name":"Sound3","string":"setHitSound(se_battle_007_attack_hit_01)"},{"time":0,"name":"Voice","string":"cri_291_voice_fullarts_now"},{"time":0.1333,"name":"Sound1","string":"cri_se_battle_charge"},{"time":0.6333,"name":"Sound1","string":"cri_se_battle_explosion_water_01"},{"time":0.6666,"name":"Event2","string":"shakeGround"},{"time":0.9333,"name":"Event1","string":"runSkillEffect"},{"time":0.9333,"name":"Sound1","string":"cri_se_battle_explosion_water_02"},{"time":1.2333,"name":"Sound1","string":"cri_se_battle_explosion_water_01"},{"time":1.5333,"name":"Sound1","string":"cri_se_battle_explosion_water_02"},{"time":1.5333,"name":"Voice","string":"cri_291_voice_fullarts_rank5"},{"time":1.8333,"name":"Sound1","string":"cri_se_battle_explosion_water_01"},{"time":2.1333,"name":"Sound1","string":"cri_se_battle_explosion_water_02"}]},"skill3":{"slots":{"DAMAGEAREA":{"attachment":[{"time":4.1666,"name":"DAMAGEAREA"},{"time":4.6333,"name":null}]},"EF_power1_1":{"attachment":[{"time":4.0333,"name":"EF/5110_S2_power2/5110_S2_power2_00001"},{"time":4.0666,"name":"EF/5110_S2_power2/5110_S2_power2_00002"},{"time":4.1,"name":"EF/5110_S2_power2/5110_S2_power2_00003"},{"time":4.1333,"name":"EF/5110_S2_power2/5110_S2_power2_00004"},{"time":4.1666,"name":"EF/5110_S2_power2/5110_S2_power2_00005"},{"time":4.2,"name":"EF/5110_S2_power2/5110_S2_power2_00006"},{"time":4.2333,"name":"EF/5110_S2_power2/5110_S2_power2_00007"},{"time":4.2666,"name":"EF/5110_S2_power2/5110_S2_power2_00008"},{"time":4.3,"name":"EF/5110_S2_power2/5110_S2_power2_00009"},{"time":4.3333,"name":"EF/5110_S2_power2/5110_S2_power2_00010"},{"time":4.3666,"name":null}]},"EF_rotwave1_1":{"attachment":[{"time":0,"name":"EF/ef_rot_wave_main1/ef_rot_wave_main_00001"},{"time":0.0666,"name":"EF/ef_rot_wave_main1/ef_rot_wave_main_00002"},{"time":0.1333,"name":"EF/ef_rot_wave_main1/ef_rot_wave_main_00003"},{"time":0.2,"name":"EF/ef_rot_wave_main1/ef_rot_wave_main_00004"},{"time":0.2666,"name":"EF/ef_rot_wave_main1/ef_rot_wave_main_00005"},{"time":0.3,"name":"EF/ef_rot_wave_main1/ef_rot_wave_main_00006"},{"time":0.3333,"name":"EF/ef_rot_wave_main1/ef_rot_wave_main_00007"},{"time":0.3666,"name":"EF/ef_rot_wave_main1/ef_rot_wave_main_00008"},{"time":0.4,"name":"EF/ef_rot_wave_main1/ef_rot_wave_main_00009"},{"time":0.4333,"name":"EF/ef_rot_wave_main1/ef_rot_wave_main_00010"},{"time":0.4666,"name":"EF/ef_rot_wave_main1/ef_rot_wave_main_00011"},{"time":0.5,"name":"EF/ef_rot_wave_main1/ef_rot_wave_main_00012"},{"time":0.5333,"name":"EF/ef_rot_wave_main1/ef_rot_wave_main_00013"},{"time":0.5666,"name":"EF/ef_rot_wave_main1/ef_rot_wave_main_00014"},{"time":0.6,"name":"EF/ef_rot_wave_main1/ef_rot_wave_main_00015"},{"time":0.6333,"name":null}]},"EF_wateraura2_1":{"attachment":[{"time":0.8333,"name":"EF/ef_water_aura_main(test)/ef_water_aura_main(test)_00001"},{"time":0.9,"name":"EF/ef_water_aura_main(test)/ef_water_aura_main(test)_00002"},{"time":0.9666,"name":"EF/ef_water_aura_main(test)/ef_water_aura_main(test)_00003"},{"time":1.0333,"name":"EF/ef_water_aura_main(test)/ef_water_aura_main(test)_00004"},{"time":1.1,"name":"EF/ef_water_aura_main(test)/ef_water_aura_main(test)_00005"},{"time":1.1666,"name":"EF/ef_water_aura_main(test)/ef_water_aura_main(test)_00006"},{"time":1.2333,"name":"EF/ef_water_aura_main(test)/ef_water_aura_main(test)_00007"},{"time":1.3,"name":"EF/ef_water_aura_main(test)/ef_water_aura_main(test)_00008"},{"time":1.3666,"name":"EF/ef_water_aura_main(test)/ef_water_aura_main(test)_00009"},{"time":1.4333,"name":"EF/ef_water_aura_main(test)/ef_water_aura_main(test)_00010"},{"time":1.5,"name":"EF/ef_water_aura_main(test)/ef_water_aura_main(test)_00011"},{"time":1.5666,"name":"EF/ef_water_aura_main(test)/ef_water_aura_main(test)_00012"},{"time":1.6333,"name":"EF/ef_water_aura_main(test)/ef_water_aura_main(test)_00013"},{"time":1.7,"name":"EF/ef_water_aura_main(test)/ef_water_aura_main(test)_00014"},{"time":1.7666,"name":"EF/ef_water_aura_main(test)/ef_water_aura_main(test)_00015"},{"time":1.8333,"name":null}]},"EF_waterwave1_1":{"attachment":[{"time":0.8333,"name":"EF/ef_water_wave 2/ef_water_wave 2_main_00001"},{"time":0.9,"name":"EF/ef_water_wave 2/ef_water_wave 2_main_00002"},{"time":0.9666,"name":"EF/ef_water_wave 2/ef_water_wave 2_main_00003"},{"time":1.0333,"name":"EF/ef_water_wave 2/ef_water_wave 2_main_00004"},{"time":1.1,"name":"EF/ef_water_wave 2/ef_water_wave 2_main_00005"},{"time":1.1666,"name":"EF/ef_water_wave 2/ef_water_wave 2_main_00006"},{"time":1.2333,"name":"EF/ef_water_wave 2/ef_water_wave 2_main_00007"},{"time":1.3,"name":"EF/ef_water_wave 2/ef_water_wave 2_main_00008"},{"time":1.3666,"name":"EF/ef_water_wave 2/ef_water_wave 2_main_00009"},{"time":1.4333,"name":"EF/ef_water_wave 2/ef_water_wave 2_main_00010"},{"time":1.5,"name":"EF/ef_water_wave 2/ef_water_wave 2_main_00011"},{"time":1.5666,"name":"EF/ef_water_wave 2/ef_water_wave 2_main_00012"},{"time":1.6333,"name":"EF/ef_water_wave 2/ef_water_wave 2_main_00013"},{"time":1.7,"name":null}]},"EF_waterwave1_2":{"attachment":[{"time":1.1333,"name":"EF/ef_water_wave 2/ef_water_wave 2_main_00001"},{"time":1.2,"name":"EF/ef_water_wave 2/ef_water_wave 2_main_00002"},{"time":1.2666,"name":"EF/ef_water_wave 2/ef_water_wave 2_main_00003"},{"time":1.3333,"name":"EF/ef_water_wave 2/ef_water_wave 2_main_00004"},{"time":1.4,"name":"EF/ef_water_wave 2/ef_water_wave 2_main_00005"},{"time":1.4666,"name":"EF/ef_water_wave 2/ef_water_wave 2_main_00006"},{"time":1.5333,"name":"EF/ef_water_wave 2/ef_water_wave 2_main_00007"},{"time":1.6,"name":"EF/ef_water_wave 2/ef_water_wave 2_main_00008"},{"time":1.6666,"name":"EF/ef_water_wave 2/ef_water_wave 2_main_00009"},{"time":1.7333,"name":"EF/ef_water_wave 2/ef_water_wave 2_main_00010"},{"time":1.8,"name":"EF/ef_water_wave 2/ef_water_wave 2_main_00011"},{"time":1.8666,"name":"EF/ef_water_wave 2/ef_water_wave 2_main_00012"},{"time":1.9333,"name":"EF/ef_water_wave 2/ef_water_wave 2_main_00013"},{"time":2,"name":null}]},"MAIN":{"attachment":[{"time":0,"name":"idle_00"},{"time":0.1,"name":"skill2_01"},{"time":0.2666,"name":"skill3_01"},{"time":0.6333,"name":"skill3_09"},{"time":0.8,"name":"skill3_10"},{"time":0.8666,"name":"skill3_11"},{"time":0.9666,"name":"skill3_12"},{"time":1.0666,"name":"skill3_13"},{"time":1.1666,"name":"skill3_11"},{"time":1.2666,"name":"skill3_12"},{"time":1.3666,"name":"skill3_13"},{"time":1.4666,"name":"skill3_11"},{"time":1.5666,"name":"skill3_12"},{"time":1.6666,"name":"skill3_13"},{"time":1.7666,"name":"skill3_11"},{"time":1.8666,"name":"skill3_12"},{"time":1.9666,"name":"skill3_13"},{"time":2.0666,"name":"skill3_11"},{"time":2.1666,"name":"skill3_12"},{"time":2.2666,"name":"skill3_13"},{"time":2.3666,"name":"skill3_11"},{"time":2.4666,"name":"skill3_12"},{"time":2.5666,"name":"skill3_13"},{"time":2.6666,"name":"skill3_11"},{"time":2.7666,"name":"skill3_12"},{"time":2.8666,"name":"skill3_13"},{"time":2.9666,"name":"skill3_11"},{"time":3.1333,"name":"skill1_10"},{"time":3.3333,"name":"skill1_11"},{"time":3.5,"name":"skill3_00"},{"time":3.6,"name":"skill3_01"},{"time":3.7333,"name":"skill3_02"},{"time":3.8333,"name":"skill3_03"},{"time":3.9,"name":"skill3_04"},{"time":4,"name":"skill3_05"},{"time":4.1,"name":"skill3_06"},{"time":4.7333,"name":"attack1_05"},{"time":4.9,"name":"attack1_06"},{"time":5,"name":"idle_00"}]}},"bones":{"MAIN":{"translate":[{"time":0,"x":0,"y":0},{"time":0.1,"x":0,"y":0.25,"curve":[0.146,0.5,0.75,1]},{"time":0.8333,"x":0,"y":-2.06,"curve":[0.063,0.83,0.332,0.94]},{"time":1.5,"x":0,"y":92.4,"curve":[0.254,0.54,0.766,1]},{"time":2.9333,"x":0,"y":95.16,"curve":[0.169,0.62,0.516,0.95]},{"time":3.4,"x":0,"y":0,"curve":"stepped"},{"time":5,"x":0,"y":0}]},"EF_power1_1":{"translate":[{"time":4.0333,"x":-150,"y":134.23}],"scale":[{"time":4.0333,"x":2,"y":2},{"time":4.3333,"x":5.5,"y":5.5}]},"EF_wateraura2_1":{"translate":[{"time":0.8333,"x":-300,"y":0}],"scale":[{"time":0.8333,"x":1,"y":1,"curve":[0,0.6,0.75,1]},{"time":1.8,"x":7,"y":3.5}]},"EF_waterwave1_1":{"translate":[{"time":0.8333,"x":-356.27,"y":0}],"scale":[{"time":0.8333,"x":1,"y":1,"curve":[0.144,0.53,0.75,1]},{"time":1.6666,"x":10,"y":10}]},"EF_rotwave1_1":{"translate":[{"time":0,"x":-200,"y":0}],"scale":[{"time":0,"x":4.5,"y":4.5}]},"EF_waterwave1_2":{"translate":[{"time":1.1333,"x":-356.27,"y":0}],"scale":[{"time":1.1333,"x":1,"y":1,"curve":[0.144,0.53,0.75,1]},{"time":1.9666,"x":10,"y":10}]},"DAMAGEAREA":{"translate":[{"time":4.1666,"x":-64.19,"y":312.59}],"scale":[{"time":4.1666,"x":9.286,"y":11.191},{"time":4.3333,"x":25.771,"y":20.016}]}},"events":[{"time":0,"name":"Sound1","string":"cri_se_battle_charge"},{"time":0,"name":"Sound3","string":"setHitSound(se_battle_explosion_water_02)"},{"time":0,"name":"Voice","string":"cri_291_voice_fullarts_now_b"},{"time":0.8333,"name":"Sound1","string":"cri_se_battle_explosion_water_01"},{"time":0.8333,"name":"Sound2","string":"cri_se_scenario_no2_magic"},{"time":0.9666,"name":"Event1","string":"runSkillEffect"},{"time":1,"name":"Event1","string":"setFixedCamera(1)"},{"time":1,"name":"Event2","string":"shakeGround"},{"time":3.3333,"name":"Sound1","string":"cri_se_battle_landing"},{"time":3.8333,"name":"Event1","string":"setHitEffect(hit08b,0)"},{"time":4.0333,"name":"Sound1","string":"cri_se_battle_magic_Invocation_dark"},{"time":4.0333,"name":"Sound2","string":"cri_se_battle_034_explosion_element_02"},{"time":4.0333,"name":"Sound3","string":"cri_se_battle_arrow_light_effect"},{"time":4.0333,"name":"Voice","string":"cri_291_voice_fullarts_rank6"},{"time":4.0666,"name":"Event1","string":"setForceImpact(1)"},{"time":4.1,"name":"Event1","int":25,"string":"kImpactType_knock_up"},{"time":4.1333,"name":"Event1","float":0.01,"string":"kHitStopType_normal"},{"time":4.1666,"name":"Event2","float":3,"string":"shakeGround"},{"time":4.2,"name":"Event2","string":"shakeGround"},{"time":4.2333,"name":"Hit"},{"time":4.2666,"name":"Event2","string":"shakeGround"},{"time":4.3,"name":"Hit"},{"time":4.3333,"name":"Event2","string":"shakeGround"},{"time":4.3666,"name":"Hit"},{"time":4.4,"name":"Event2","string":"shakeGround"},{"time":4.4333,"name":"Hit"},{"time":4.4666,"name":"Event2","string":"shakeGround"},{"time":4.5,"name":"Hit"},{"time":4.5333,"name":"Event2","string":"shakeGround"},{"time":4.5666,"name":"Hit"}]}}}