{"skeleton":{"hash":"73e6cYO8DQGBzWqMSMCqPBxXZ/U","spine":"3.0.12","width":712,"height":712},"bones":[{"name":"root"},{"name":"MAIN","parent":"root","y":70.06}],"slots":[{"name":"MAIN","bone":"MAIN","attachment":"idle_00"}],"skins":{"default":{"MAIN":{"idle_00":{"x":-9.58,"y":-3.94,"width":712,"height":712},"idle_01":{"x":-9.58,"y":-3.94,"width":712,"height":712},"idle_02":{"x":-9.58,"y":-3.94,"width":712,"height":712},"idle_03":{"x":-9.58,"y":-3.94,"width":712,"height":712}}}},"events":{"Event":{},"Event2":{},"Hit":{},"Sound1":{},"Sound2":{},"Sound3":{},"Voice":{}},"animations":{"idle":{"slots":{"MAIN":{"attachment":[{"time":0,"name":"idle_00"},{"time":0.2666,"name":"idle_01"},{"time":0.5333,"name":"idle_02"},{"time":0.8,"name":"idle_03"},{"time":1.0666,"name":"idle_00"}]}}}}}