{"skeleton":{"hash":"yF0nXhtwFwdblH2adb0bAj9UQ0w","spine":"3.0.12","width":918,"height":847},"bones":[{"name":"root"},{"name":"MAIN","parent":"root"},{"name":"Boundingbox","parent":"root"}],"slots":[{"name":"02","bone":"MAIN","attachment":"02"},{"name":"01","bone":"MAIN","attachment":"01"},{"name":"face_1","bone":"MAIN","attachment":"face_1"},{"name":"Boundingbox","bone":"Boundingbox"}],"skins":{"default":{"01":{"01":{"x":-372.5,"y":411.5,"width":89,"height":689}},"02":{"02":{"x":406.5,"y":444.5,"width":189,"height":755}},"Boundingbox":{"Boundingbox":{"type":"boundingbox","vertices":[-109.11153,-106.14474,108.74229,-106.14474,108.74229,107.06808,-108.83853,107.06808]}},"face_1":{"face_1":{"x":-8,"y":490.5,"width":640,"height":847},"face_2":{"x":-8,"y":493.5,"width":640,"height":853}}}},"animations":{"1":{"slots":{"01":{"attachment":[{"time":0,"name":"01"}]},"02":{"attachment":[{"time":0,"name":"02"}]},"Boundingbox":{"attachment":[{"time":0,"name":null}]},"face_1":{"attachment":[{"time":0,"name":"face_1"}]}}},"2":{"slots":{"01":{"attachment":[{"time":0,"name":"01"}]},"02":{"attachment":[{"time":0,"name":"02"}]},"Boundingbox":{"attachment":[{"time":0,"name":null}]},"face_1":{"attachment":[{"time":0,"name":"face_2"}]}}},"window-1":{"slots":{"01":{"attachment":[{"time":0,"name":"01"}]},"02":{"attachment":[{"time":0,"name":"02"}]},"Boundingbox":{"attachment":[{"time":0,"name":"Boundingbox"}]},"face_1":{"attachment":[{"time":0,"name":"face_1"}]}},"bones":{"MAIN":{"scale":[{"time":0,"x":0.98,"y":0.98}]},"Boundingbox":{"translate":[{"time":0,"x":0,"y":718.5}]}}},"window-2":{"slots":{"01":{"attachment":[{"time":0,"name":"01"}]},"02":{"attachment":[{"time":0,"name":"02"}]},"Boundingbox":{"attachment":[{"time":0,"name":"Boundingbox"}]},"face_1":{"attachment":[{"time":0,"name":"face_2"}]}},"bones":{"MAIN":{"scale":[{"time":0,"x":0.98,"y":0.98}]},"Boundingbox":{"translate":[{"time":0,"x":0,"y":718.5}]}}}}}