{"skeleton":{"hash":"V3y6BFfwocId/QHyNPUBvpWIff0","spine":"3.0.12","width":0,"height":0},"bones":[{"name":"root"},{"name":"dusty2","parent":"root","x":921.93,"y":2.78},{"name":"MAIN","parent":"root"},{"name":"9060_03_slash1","parent":"MAIN","x":550},{"name":"9060_03_ex1","parent":"MAIN","x":500},{"name":"9060_03_dusty1","parent":"MAIN","x":450},{"name":"9060_03_catch2","parent":"MAIN","x":400},{"name":"9060_03_catch1","parent":"MAIN","x":350},{"name":"9050_V2_lightning2","parent":"MAIN","x":850},{"name":"9050_V2_lightning1","parent":"MAIN","x":850},{"name":"9020_wind4","parent":"MAIN","x":300,"scaleX":2,"scaleY":2},{"name":"9020_wind2","parent":"MAIN","x":250},{"name":"690_S2_rock2","parent":"MAIN","x":200},{"name":"690_S2_rock1","parent":"MAIN","x":600},{"name":"5060_V2_clash4","parent":"MAIN","x":800},{"name":"5060_V2_clash3","parent":"MAIN","x":750},{"name":"5060_V2_clash2","parent":"MAIN","x":700},{"name":"5060_V2_clash1","parent":"MAIN","x":650},{"name":"370_S1_wave2","parent":"MAIN","x":150},{"name":"370_S1_wave1","parent":"MAIN","x":150},{"name":"230_S1_leaf2","parent":"MAIN","x":100},{"name":"120_S1_dash1","parent":"MAIN","x":50},{"name":"DAMAGEAREA","parent":"root"},{"name":"weapon","parent":"root","x":19.37,"y":558.9}],"slots":[{"name":"bg","bone":"root"},{"name":"grid_boss","bone":"root"},{"name":"120_S1_dash1/120_S1_dash1_1","bone":"120_S1_dash1","blend":"additive"},{"name":"230_S1_leaf2/230_S1_leaf2_00039","bone":"230_S1_leaf2","blend":"additive"},{"name":"370_S1_wave1/370_S1_wave1_00000","bone":"370_S1_wave1","blend":"additive"},{"name":"370_S1_wave1/370_S1_wave1_0","bone":"370_S1_wave2","blend":"additive"},{"name":"9020_wind2/9020_wind2_00000","bone":"9020_wind2","blend":"additive"},{"name":"9020_wind4/9020_wind4_00004","bone":"9020_wind4","blend":"additive"},{"name":"9060_03_catch1/9060_03_catch1_00000","bone":"9060_03_catch1","blend":"additive"},{"name":"9060_03_catch2/9060_03_catch2_00000","bone":"9060_03_catch2","blend":"additive"},{"name":"9060_03_dusty1/9060_03_dusty1_00000","bone":"9060_03_dusty1","blend":"additive"},{"name":"9060_03_ex1/9060_03_ex1_00000","bone":"9060_03_ex1","blend":"additive"},{"name":"9060_03_slash1/9060_03_slash1_00000","bone":"9060_03_slash1","blend":"additive"},{"name":"690_S2_rock2/690_S2_rock2_00001","bone":"690_S2_rock2"},{"name":"690_S2_rock1/690_S2_rock1_00000","bone":"690_S2_rock1"},{"name":"Destruction/5060_V2_clash4/5060_V2_clash4_00000","bone":"5060_V2_clash4","blend":"additive"},{"name":"Destruction/5060_V2_clash2/5060_V2_clash2_00000","bone":"5060_V2_clash2","blend":"additive"},{"name":"Destruction/5060_V2_clash3/5060_V2_clash3_00000","bone":"5060_V2_clash3","blend":"additive"},{"name":"Destruction/9050_V2_lightning1/9050_V2_lightning1_00000","bone":"9050_V2_lightning1","blend":"additive"},{"name":"Destruction/9050_V2_lightning1/9050_V2_lightning1_0","bone":"9050_V2_lightning2","blend":"additive"},{"name":"Destruction/5060_V2_clash1/5060_V2_clash1_00000","bone":"5060_V2_clash1"},{"name":"DAMAGEAREA","bone":"DAMAGEAREA"},{"name":"weapon/poison","bone":"weapon"},{"name":"9060_03_dusty2/9060_03_dusty1_00000","bone":"dusty2","color":"bb00ffff","blend":"additive"}],"skins":{"default":{"120_S1_dash1/120_S1_dash1_1":{"120_S1_dash1/120_S1_dash1_00000":{"width":350,"height":350},"120_S1_dash1/120_S1_dash1_00002":{"width":350,"height":350},"120_S1_dash1/120_S1_dash1_00003":{"width":350,"height":350},"120_S1_dash1/120_S1_dash1_00004":{"width":350,"height":350},"120_S1_dash1/120_S1_dash1_00006":{"width":350,"height":350},"120_S1_dash1/120_S1_dash1_00007":{"width":350,"height":350},"120_S1_dash1/120_S1_dash1_00008":{"width":350,"height":350},"120_S1_dash1/120_S1_dash1_00009":{"width":350,"height":350},"120_S1_dash1/120_S1_dash1_00010":{"width":350,"height":350}},"230_S1_leaf2/230_S1_leaf2_00039":{"230_S1_leaf2/230_S1_leaf2_00039":{"width":280,"height":280},"230_S1_leaf2/230_S1_leaf2_00040":{"width":280,"height":280},"230_S1_leaf2/230_S1_leaf2_00042":{"width":280,"height":280},"230_S1_leaf2/230_S1_leaf2_00044":{"width":280,"height":280},"230_S1_leaf2/230_S1_leaf2_00046":{"width":280,"height":280},"230_S1_leaf2/230_S1_leaf2_00048":{"width":280,"height":280},"230_S1_leaf2/230_S1_leaf2_00050":{"width":280,"height":280},"230_S1_leaf2/230_S1_leaf2_00052":{"width":280,"height":280},"230_S1_leaf2/230_S1_leaf2_00054":{"width":280,"height":280},"230_S1_leaf2/230_S1_leaf2_00056":{"width":280,"height":280}},"370_S1_wave1/370_S1_wave1_0":{"370_S1_wave1/370_S1_wave1_00000":{"width":300,"height":300},"370_S1_wave1/370_S1_wave1_00002":{"width":300,"height":300},"370_S1_wave1/370_S1_wave1_00004":{"width":300,"height":300},"370_S1_wave1/370_S1_wave1_00005":{"width":300,"height":300},"370_S1_wave1/370_S1_wave1_00007":{"width":300,"height":300},"370_S1_wave1/370_S1_wave1_00009":{"width":300,"height":300},"370_S1_wave1/370_S1_wave1_00010":{"width":300,"height":300},"370_S1_wave1/370_S1_wave1_00012":{"width":300,"height":300}},"370_S1_wave1/370_S1_wave1_00000":{"370_S1_wave1/370_S1_wave1_00000":{"width":300,"height":300},"370_S1_wave1/370_S1_wave1_00002":{"width":300,"height":300},"370_S1_wave1/370_S1_wave1_00004":{"width":300,"height":300},"370_S1_wave1/370_S1_wave1_00005":{"width":300,"height":300},"370_S1_wave1/370_S1_wave1_00007":{"width":300,"height":300},"370_S1_wave1/370_S1_wave1_00009":{"width":300,"height":300},"370_S1_wave1/370_S1_wave1_00010":{"width":300,"height":300},"370_S1_wave1/370_S1_wave1_00012":{"width":300,"height":300}},"690_S2_rock1/690_S2_rock1_00000":{"690_S2_rock1/690_S2_rock1_00000":{"width":150,"height":150},"690_S2_rock1/690_S2_rock1_00001":{"width":150,"height":150},"690_S2_rock1/690_S2_rock1_00003":{"width":150,"height":150},"690_S2_rock1/690_S2_rock1_00005":{"width":150,"height":150},"690_S2_rock1/690_S2_rock1_00006":{"width":150,"height":150},"690_S2_rock1/690_S2_rock1_00008":{"width":150,"height":150}},"690_S2_rock2/690_S2_rock2_00001":{"690_S2_rock2/690_S2_rock2_00001":{"width":450,"height":450},"690_S2_rock2/690_S2_rock2_00003":{"width":450,"height":450},"690_S2_rock2/690_S2_rock2_00005":{"width":450,"height":450},"690_S2_rock2/690_S2_rock2_00007":{"width":450,"height":450},"690_S2_rock2/690_S2_rock2_00009":{"width":450,"height":450},"690_S2_rock2/690_S2_rock2_00011":{"width":450,"height":450},"690_S2_rock2/690_S2_rock2_00013":{"width":450,"height":450},"690_S2_rock2/690_S2_rock2_00017":{"width":450,"height":450},"690_S2_rock2/690_S2_rock2_00019":{"width":450,"height":450},"690_S2_rock2/690_S2_rock2_00021":{"width":450,"height":450},"690_S2_rock2/690_S2_rock2_00023":{"width":450,"height":450},"690_S2_rock2/690_S2_rock2_00025":{"width":450,"height":450}},"9020_wind2/9020_wind2_00000":{"9020_wind2/9020_wind2_00000":{"width":252,"height":252},"9020_wind2/9020_wind2_00002":{"width":252,"height":252},"9020_wind2/9020_wind2_00004":{"width":252,"height":252},"9020_wind2/9020_wind2_00006":{"width":252,"height":252},"9020_wind2/9020_wind2_00008":{"width":252,"height":252},"9020_wind2/9020_wind2_00010":{"width":252,"height":252},"9020_wind2/9020_wind2_00012":{"width":252,"height":252},"9020_wind2/9020_wind2_00014":{"width":252,"height":252},"9020_wind2/9020_wind2_00016":{"width":252,"height":252},"9020_wind2/9020_wind2_00018":{"width":252,"height":252},"9020_wind2/9020_wind2_00020":{"width":252,"height":252},"9020_wind2/9020_wind2_00022":{"width":252,"height":252},"9020_wind2/9020_wind2_00024":{"width":252,"height":252},"9020_wind2/9020_wind2_00026":{"width":252,"height":252},"9020_wind2/9020_wind2_00028":{"width":252,"height":252},"9020_wind2/9020_wind2_00029":{"width":252,"height":252}},"9020_wind4/9020_wind4_00004":{"9020_wind4/9020_wind4_00005":{"width":115,"height":205},"9020_wind4/9020_wind4_00006":{"width":115,"height":205},"9020_wind4/9020_wind4_00007":{"width":115,"height":205},"9020_wind4/9020_wind4_00008":{"width":115,"height":205},"9020_wind4/9020_wind4_00009":{"width":115,"height":205}},"9060_03_catch1/9060_03_catch1_00000":{"9060_03_catch1/9060_03_catch1_00000":{"width":298,"height":298},"9060_03_catch1/9060_03_catch1_00001":{"width":298,"height":298},"9060_03_catch1/9060_03_catch1_00003":{"width":298,"height":298},"9060_03_catch1/9060_03_catch1_00005":{"width":298,"height":298},"9060_03_catch1/9060_03_catch1_00007":{"width":298,"height":298},"9060_03_catch1/9060_03_catch1_00008":{"width":298,"height":298},"9060_03_catch1/9060_03_catch1_00009":{"width":298,"height":298},"9060_03_catch1/9060_03_catch1_00010":{"width":298,"height":298}},"9060_03_catch2/9060_03_catch2_00000":{"9060_03_catch2/9060_03_catch2_00000":{"width":350,"height":350},"9060_03_catch2/9060_03_catch2_00002":{"width":350,"height":350},"9060_03_catch2/9060_03_catch2_00003":{"width":350,"height":350},"9060_03_catch2/9060_03_catch2_00004":{"width":350,"height":350},"9060_03_catch2/9060_03_catch2_00006":{"width":350,"height":350}},"9060_03_dusty1/9060_03_dusty1_00000":{"9060_03_dusty1/9060_03_dusty1_00000":{"width":300,"height":300},"9060_03_dusty1/9060_03_dusty1_00001":{"width":300,"height":300},"9060_03_dusty1/9060_03_dusty1_00003":{"width":300,"height":300},"9060_03_dusty1/9060_03_dusty1_00005":{"width":300,"height":300},"9060_03_dusty1/9060_03_dusty1_00007":{"width":300,"height":300},"9060_03_dusty1/9060_03_dusty1_00009":{"width":300,"height":300},"9060_03_dusty1/9060_03_dusty1_00011":{"width":300,"height":300},"9060_03_dusty1/9060_03_dusty1_00013":{"width":300,"height":300},"9060_03_dusty1/9060_03_dusty1_00015":{"width":300,"height":300}},"9060_03_dusty2/9060_03_dusty1_00000":{"9060_03_dusty2/9060_03_dusty1_00000":{"x":-0.96,"y":9.36,"width":150,"height":150},"9060_03_dusty2/9060_03_dusty1_00001":{"x":-0.96,"y":9.36,"width":150,"height":150},"9060_03_dusty2/9060_03_dusty1_00003":{"x":-0.96,"y":9.36,"width":150,"height":150},"9060_03_dusty2/9060_03_dusty1_00005":{"x":-0.96,"y":9.36,"width":150,"height":150},"9060_03_dusty2/9060_03_dusty1_00007":{"x":-0.96,"y":9.36,"width":150,"height":150},"9060_03_dusty2/9060_03_dusty1_00009":{"x":-0.96,"y":9.36,"width":150,"height":150},"9060_03_dusty2/9060_03_dusty1_00011":{"x":-0.96,"y":9.36,"width":150,"height":150},"9060_03_dusty2/9060_03_dusty1_00013":{"x":-0.96,"y":9.36,"width":150,"height":150},"9060_03_dusty2/9060_03_dusty1_00015":{"x":-0.96,"y":9.36,"width":150,"height":150}},"9060_03_ex1/9060_03_ex1_00000":{"9060_03_ex1/9060_03_ex1_00000":{"width":350,"height":350},"9060_03_ex1/9060_03_ex1_00002":{"width":350,"height":350},"9060_03_ex1/9060_03_ex1_00004":{"width":350,"height":350},"9060_03_ex1/9060_03_ex1_00005":{"width":350,"height":350},"9060_03_ex1/9060_03_ex1_00006":{"width":350,"height":350},"9060_03_ex1/9060_03_ex1_00008":{"width":350,"height":350},"9060_03_ex1/9060_03_ex1_00009":{"width":350,"height":350},"9060_03_ex1/9060_03_ex1_00010":{"width":350,"height":350}},"9060_03_slash1/9060_03_slash1_00000":{"9060_03_slash1/9060_03_slash1_00000":{"width":350,"height":350},"9060_03_slash1/9060_03_slash1_00001":{"width":350,"height":350},"9060_03_slash1/9060_03_slash1_00003":{"width":350,"height":350},"9060_03_slash1/9060_03_slash1_00005":{"width":350,"height":350},"9060_03_slash1/9060_03_slash1_00006":{"width":350,"height":350},"9060_03_slash1/9060_03_slash1_00007":{"width":350,"height":350}},"DAMAGEAREA":{"DAMAGEAREA":{"type":"boundingbox","vertices":[-31.32498,-36.04483,48.18997,-38.60983,48.18997,30.64515,-31.32501,30.64515]}},"Destruction/5060_V2_clash1/5060_V2_clash1_00000":{"Destruction/5060_V2_clash1/5060_V2_clash1_00000":{"width":250,"height":250},"Destruction/5060_V2_clash1/5060_V2_clash1_00001":{"width":250,"height":250},"Destruction/5060_V2_clash1/5060_V2_clash1_00002":{"width":250,"height":250},"Destruction/5060_V2_clash1/5060_V2_clash1_00003":{"width":250,"height":250},"Destruction/5060_V2_clash1/5060_V2_clash1_00004":{"width":250,"height":250},"Destruction/5060_V2_clash1/5060_V2_clash1_00005":{"width":250,"height":250},"Destruction/5060_V2_clash1/5060_V2_clash1_00006":{"width":250,"height":250},"Destruction/5060_V2_clash1/5060_V2_clash1_00007":{"x":-650,"width":250,"height":250}},"Destruction/5060_V2_clash2/5060_V2_clash2_00000":{"Destruction/5060_V2_clash2/5060_V2_clash2_00000":{"width":175,"height":175},"Destruction/5060_V2_clash2/5060_V2_clash2_00002":{"width":175,"height":175},"Destruction/5060_V2_clash2/5060_V2_clash2_00003":{"width":175,"height":175},"Destruction/5060_V2_clash2/5060_V2_clash2_00004":{"width":175,"height":175},"Destruction/5060_V2_clash2/5060_V2_clash2_00005":{"width":175,"height":175},"Destruction/5060_V2_clash2/5060_V2_clash2_00006":{"width":175,"height":175},"Destruction/5060_V2_clash2/5060_V2_clash2_00007":{"width":175,"height":175},"Destruction/5060_V2_clash2/5060_V2_clash2_00008":{"width":175,"height":175}},"Destruction/5060_V2_clash3/5060_V2_clash3_00000":{"Destruction/5060_V2_clash3/5060_V2_clash3_00000":{"width":250,"height":250},"Destruction/5060_V2_clash3/5060_V2_clash3_00002":{"width":250,"height":250},"Destruction/5060_V2_clash3/5060_V2_clash3_00004":{"width":250,"height":250},"Destruction/5060_V2_clash3/5060_V2_clash3_00007":{"width":250,"height":250}},"Destruction/5060_V2_clash4/5060_V2_clash4_00000":{"Destruction/5060_V2_clash4/5060_V2_clash4_00000":{"width":200,"height":200}},"Destruction/9050_V2_lightning1/9050_V2_lightning1_0":{"Destruction/9050_V2_lightning1/9050_V2_lightning1_00000":{"width":200,"height":200},"Destruction/9050_V2_lightning1/9050_V2_lightning1_00002":{"width":200,"height":200},"Destruction/9050_V2_lightning1/9050_V2_lightning1_00004":{"width":200,"height":200},"Destruction/9050_V2_lightning1/9050_V2_lightning1_00006":{"width":200,"height":200},"Destruction/9050_V2_lightning1/9050_V2_lightning1_00008":{"width":200,"height":200},"Destruction/9050_V2_lightning1/9050_V2_lightning1_00010":{"width":200,"height":200}},"Destruction/9050_V2_lightning1/9050_V2_lightning1_00000":{"Destruction/9050_V2_lightning1/9050_V2_lightning1_00000":{"width":200,"height":200},"Destruction/9050_V2_lightning1/9050_V2_lightning1_00002":{"width":200,"height":200},"Destruction/9050_V2_lightning1/9050_V2_lightning1_00004":{"width":200,"height":200},"Destruction/9050_V2_lightning1/9050_V2_lightning1_00006":{"width":200,"height":200},"Destruction/9050_V2_lightning1/9050_V2_lightning1_00008":{"width":200,"height":200},"Destruction/9050_V2_lightning1/9050_V2_lightning1_00010":{"width":200,"height":200}},"weapon/poison":{"weapon/arrow":{"x":-33.43,"y":0.09,"width":77,"height":21},"weapon/ax":{"x":2.99,"y":0.09,"width":77,"height":77},"weapon/bone":{"x":-1.86,"y":-2.33,"width":77,"height":77},"weapon/ironball":{"x":-0.78,"y":0.9,"rotation":-0.08,"width":77,"height":77},"weapon/poison":{"x":3.38,"y":2.52,"width":77,"height":77}}}},"events":{"EFEvent":{},"Event2":{},"Sound1":{}},"animations":{"1-attack1":{"slots":{"120_S1_dash1/120_S1_dash1_1":{"attachment":[{"time":2.1,"name":"120_S1_dash1/120_S1_dash1_00000"},{"time":2.1333,"name":"120_S1_dash1/120_S1_dash1_00002"},{"time":2.1666,"name":"120_S1_dash1/120_S1_dash1_00003"},{"time":2.2,"name":"120_S1_dash1/120_S1_dash1_00004"},{"time":2.2333,"name":"120_S1_dash1/120_S1_dash1_00006"},{"time":2.2666,"name":"120_S1_dash1/120_S1_dash1_00007"},{"time":2.3,"name":"120_S1_dash1/120_S1_dash1_00008"},{"time":2.3333,"name":"120_S1_dash1/120_S1_dash1_00009"},{"time":2.3666,"name":"120_S1_dash1/120_S1_dash1_00010"},{"time":2.4,"name":null}]},"370_S1_wave1/370_S1_wave1_00000":{"attachment":[{"time":2.1,"name":"370_S1_wave1/370_S1_wave1_00000"},{"time":2.1333,"name":"370_S1_wave1/370_S1_wave1_00002"},{"time":2.1666,"name":"370_S1_wave1/370_S1_wave1_00004"},{"time":2.2,"name":"370_S1_wave1/370_S1_wave1_00005"},{"time":2.2333,"name":"370_S1_wave1/370_S1_wave1_00007"},{"time":2.2666,"name":"370_S1_wave1/370_S1_wave1_00009"},{"time":2.3,"name":"370_S1_wave1/370_S1_wave1_00010"},{"time":2.3333,"name":"370_S1_wave1/370_S1_wave1_00012"},{"time":2.3666,"name":null}]},"370_S1_wave1/370_S1_wave1_0":{"attachment":[{"time":0,"name":null},{"time":2.2,"name":"370_S1_wave1/370_S1_wave1_00000"},{"time":2.2333,"name":"370_S1_wave1/370_S1_wave1_00002"},{"time":2.2666,"name":"370_S1_wave1/370_S1_wave1_00004"},{"time":2.3,"name":"370_S1_wave1/370_S1_wave1_00005"},{"time":2.3333,"name":"370_S1_wave1/370_S1_wave1_00007"},{"time":2.3666,"name":"370_S1_wave1/370_S1_wave1_00009"},{"time":2.4,"name":"370_S1_wave1/370_S1_wave1_00010"},{"time":2.4333,"name":"370_S1_wave1/370_S1_wave1_00012"},{"time":2.4666,"name":null}]}},"bones":{"120_S1_dash1":{"translate":[{"time":0,"x":273.96,"y":109.4,"curve":"stepped"},{"time":2.1,"x":273.96,"y":109.4}],"scale":[{"time":0,"x":2.5,"y":2.5,"curve":"stepped"},{"time":2.1,"x":2.5,"y":2.5}]},"370_S1_wave1":{"translate":[{"time":0,"x":134.52,"y":39.19,"curve":"stepped"},{"time":2.1,"x":134.52,"y":39.19}],"scale":[{"time":0,"x":4.654,"y":4.654},{"time":2.1,"x":2.888,"y":2.888,"curve":[0.048,0.75,0.75,1]},{"time":2.3666,"x":4.654,"y":4.654}]},"370_S1_wave2":{"translate":[{"time":0,"x":134.52,"y":39.19,"curve":"stepped"},{"time":2.2,"x":134.52,"y":39.19}],"scale":[{"time":0,"x":4.66,"y":4.66},{"time":2.2,"x":2.5,"y":2.5,"curve":[0.048,0.75,0.75,1]},{"time":2.4666,"x":4.775,"y":4.775}]}},"drawOrder":[{"time":0}],"events":[{"time":2.1,"name":"Sound1"}]},"1-attack2":{},"1-attack3":{"slots":{"9020_wind2/9020_wind2_00000":{"attachment":[{"time":0.1,"name":"9020_wind2/9020_wind2_00000"},{"time":0.1333,"name":"9020_wind2/9020_wind2_00002"},{"time":0.2,"name":"9020_wind2/9020_wind2_00004"},{"time":0.2333,"name":"9020_wind2/9020_wind2_00006"},{"time":0.2666,"name":"9020_wind2/9020_wind2_00008"},{"time":0.3,"name":"9020_wind2/9020_wind2_00010"},{"time":0.3333,"name":"9020_wind2/9020_wind2_00012"},{"time":0.3666,"name":"9020_wind2/9020_wind2_00014"},{"time":0.4333,"name":"9020_wind2/9020_wind2_00016"},{"time":0.4666,"name":"9020_wind2/9020_wind2_00018"},{"time":0.5,"name":"9020_wind2/9020_wind2_00020"},{"time":0.5333,"name":"9020_wind2/9020_wind2_00022"},{"time":0.5666,"name":"9020_wind2/9020_wind2_00024"},{"time":0.6,"name":"9020_wind2/9020_wind2_00026"},{"time":0.6333,"name":"9020_wind2/9020_wind2_00028"},{"time":0.6666,"name":"9020_wind2/9020_wind2_00029"},{"time":0.7,"name":null}],"color":[{"time":0.1,"color":"ffffff69","curve":"stepped"},{"time":0.6333,"color":"ffffff69"},{"time":0.7,"color":"ffffff00"}]},"9060_03_slash1/9060_03_slash1_00000":{"attachment":[{"time":0.1333,"name":"9060_03_slash1/9060_03_slash1_00000"},{"time":0.1666,"name":"9060_03_slash1/9060_03_slash1_00001"},{"time":0.2,"name":"9060_03_slash1/9060_03_slash1_00003"},{"time":0.2333,"name":"9060_03_slash1/9060_03_slash1_00005"},{"time":0.2666,"name":"9060_03_slash1/9060_03_slash1_00006"},{"time":0.3,"name":"9060_03_slash1/9060_03_slash1_00007"},{"time":0.3333,"name":null}]}},"bones":{"9060_03_slash1":{"translate":[{"time":0.1333,"x":-296.85,"y":230.31,"curve":"stepped"},{"time":0.1666,"x":-336.57,"y":284.74}],"scale":[{"time":0.1333,"x":3.5,"y":3.5}]},"9020_wind2":{"translate":[{"time":0.1,"x":71.67,"y":131.34}],"scale":[{"time":0.1,"x":7.407,"y":7.407}]}},"drawOrder":[{"time":0},{"time":1.1333},{"time":3.1666}],"events":[{"time":0.0333,"name":"Sound1"}]},"1-attack4":{"slots":{"230_S1_leaf2/230_S1_leaf2_00039":{"attachment":[{"time":2.0666,"name":"230_S1_leaf2/230_S1_leaf2_00039"},{"time":2.1,"name":"230_S1_leaf2/230_S1_leaf2_00040"},{"time":2.1333,"name":"230_S1_leaf2/230_S1_leaf2_00042"},{"time":2.1666,"name":"230_S1_leaf2/230_S1_leaf2_00044"},{"time":2.2,"name":"230_S1_leaf2/230_S1_leaf2_00046"},{"time":2.2333,"name":"230_S1_leaf2/230_S1_leaf2_00048"},{"time":2.2666,"name":"230_S1_leaf2/230_S1_leaf2_00050"},{"time":2.3,"name":"230_S1_leaf2/230_S1_leaf2_00052"},{"time":2.3333,"name":"230_S1_leaf2/230_S1_leaf2_00054"},{"time":2.3666,"name":"230_S1_leaf2/230_S1_leaf2_00056"},{"time":2.4,"name":null}]},"370_S1_wave1/370_S1_wave1_00000":{"attachment":[{"time":2.1,"name":"370_S1_wave1/370_S1_wave1_00000"},{"time":2.1333,"name":"370_S1_wave1/370_S1_wave1_00002"},{"time":2.1666,"name":"370_S1_wave1/370_S1_wave1_00005"},{"time":2.2,"name":"370_S1_wave1/370_S1_wave1_00009"},{"time":2.2333,"name":"370_S1_wave1/370_S1_wave1_00012"},{"time":2.2666,"name":null}]},"690_S2_rock1/690_S2_rock1_00000":{"attachment":[{"time":2.1,"name":"690_S2_rock1/690_S2_rock1_00000"},{"time":2.1333,"name":"690_S2_rock1/690_S2_rock1_00001"},{"time":2.1666,"name":"690_S2_rock1/690_S2_rock1_00003"},{"time":2.2,"name":"690_S2_rock1/690_S2_rock1_00005"},{"time":2.2333,"name":"690_S2_rock1/690_S2_rock1_00006"},{"time":2.2666,"name":"690_S2_rock1/690_S2_rock1_00008"},{"time":2.3,"name":null}]},"9020_wind2/9020_wind2_00000":{"attachment":[{"time":2.0666,"name":"9020_wind2/9020_wind2_00000"},{"time":2.1,"name":"9020_wind2/9020_wind2_00002"},{"time":2.1333,"name":"9020_wind2/9020_wind2_00004"},{"time":2.1666,"name":"9020_wind2/9020_wind2_00006"},{"time":2.2,"name":"9020_wind2/9020_wind2_00008"},{"time":2.2333,"name":"9020_wind2/9020_wind2_00010"},{"time":2.2666,"name":"9020_wind2/9020_wind2_00012"},{"time":2.3,"name":"9020_wind2/9020_wind2_00016"},{"time":2.3333,"name":"9020_wind2/9020_wind2_00018"},{"time":2.3666,"name":"9020_wind2/9020_wind2_00020"},{"time":2.4,"name":"9020_wind2/9020_wind2_00022"},{"time":2.4333,"name":"9020_wind2/9020_wind2_00024"},{"time":2.4666,"name":"9020_wind2/9020_wind2_00026"},{"time":2.5,"name":"9020_wind2/9020_wind2_00028"},{"time":2.5333,"name":"9020_wind2/9020_wind2_00029"},{"time":2.5666,"name":null}],"color":[{"time":0,"color":"ffffff00"},{"time":2.0666,"color":"ffffff36","curve":"stepped"},{"time":2.5,"color":"ffffff36"},{"time":2.5666,"color":"ffffff00"}]},"9020_wind4/9020_wind4_00004":{"color":[{"time":0,"color":"ffffff58"}]},"9060_03_ex1/9060_03_ex1_00000":{"attachment":[{"time":2.0666,"name":"9060_03_ex1/9060_03_ex1_00000"},{"time":2.1,"name":"9060_03_ex1/9060_03_ex1_00002"},{"time":2.1333,"name":"9060_03_ex1/9060_03_ex1_00004"},{"time":2.1666,"name":"9060_03_ex1/9060_03_ex1_00005"},{"time":2.2,"name":"9060_03_ex1/9060_03_ex1_00008"},{"time":2.2333,"name":"9060_03_ex1/9060_03_ex1_00009"},{"time":2.2666,"name":"9060_03_ex1/9060_03_ex1_00010"},{"time":2.3,"name":null}]}},"bones":{"9020_wind4":{"translate":[{"time":0,"x":21.31,"y":45.67}],"scale":[{"time":0,"x":2.8,"y":2.8}]},"9020_wind2":{"translate":[{"time":0,"x":71.67,"y":131.34,"curve":"stepped"},{"time":2.0666,"x":71.67,"y":131.34}],"scale":[{"time":0,"x":3.5,"y":3.5,"curve":"stepped"},{"time":2.0666,"x":3.5,"y":3.5}]},"230_S1_leaf2":{"translate":[{"time":0,"x":375.69,"y":118.09},{"time":2.0666,"x":375.69,"y":-22.09},{"time":2.2,"x":375.69,"y":85.7},{"time":2.3,"x":375.69,"y":118.09}],"scale":[{"time":0,"x":3.833,"y":3.833},{"time":2.0666,"x":2.5,"y":2.5},{"time":2.2,"x":3.833,"y":3.833}]},"370_S1_wave1":{"translate":[{"time":0,"x":317.34,"y":90.29},{"time":2.1,"x":317.34,"y":-8.33,"curve":[0.108,0.48,0.75,1]},{"time":2.2666,"x":317.34,"y":90.29}],"scale":[{"time":0,"x":6.873,"y":11.686},{"time":2.1,"x":3.5,"y":3.5,"curve":[0.108,0.48,0.75,1]},{"time":2.2666,"x":6.873,"y":11.686}]},"9060_03_ex1":{"translate":[{"time":0,"x":-28.05,"y":374.84},{"time":2.0666,"x":-25.24,"y":60.77,"curve":[0,1,0.245,1]},{"time":2.2666,"x":-28.05,"y":374.84}],"scale":[{"time":0,"x":4.988,"y":9.002},{"time":2.0666,"x":2.278,"y":2.278,"curve":[0,1,0.245,1]},{"time":2.2666,"x":4.988,"y":9.002}]},"690_S2_rock1":{"translate":[{"time":0,"x":-114.99,"y":183.44},{"time":2.1,"x":-114.99,"y":114.99},{"time":2.2333,"x":-114.99,"y":183.44}],"scale":[{"time":0,"x":4.477,"y":4.477},{"time":2.1,"x":3,"y":3},{"time":2.2333,"x":4.477,"y":4.477}]}},"drawOrder":[{"time":0},{"time":0.5},{"time":5.0666}],"events":[{"time":0.9,"name":"Sound1"}]},"1-attack5":{"drawOrder":[{"time":0.0333},{"time":1.9333},{"time":1.9666},{"time":2.0333}],"events":[{"time":1.1,"name":"Sound1"}]},"1-skill1":{"drawOrder":[{"time":0.0333},{"time":1.9333},{"time":1.9666},{"time":2.0333}],"events":[{"time":1.1,"name":"Sound1"}]},"1-skill2":{"slots":{"370_S1_wave1/370_S1_wave1_00000":{"attachment":[{"time":3.1333,"name":"370_S1_wave1/370_S1_wave1_00000"},{"time":3.1666,"name":"370_S1_wave1/370_S1_wave1_00002"},{"time":3.2,"name":"370_S1_wave1/370_S1_wave1_00004"},{"time":3.2333,"name":"370_S1_wave1/370_S1_wave1_00005"},{"time":3.2666,"name":"370_S1_wave1/370_S1_wave1_00007"},{"time":3.3,"name":"370_S1_wave1/370_S1_wave1_00009"},{"time":3.3333,"name":"370_S1_wave1/370_S1_wave1_00010"},{"time":3.3666,"name":"370_S1_wave1/370_S1_wave1_00012"},{"time":3.4333,"name":null}]},"690_S2_rock2/690_S2_rock2_00001":{"attachment":[{"time":3.0333,"name":"690_S2_rock2/690_S2_rock2_00001"},{"time":3.0666,"name":"690_S2_rock2/690_S2_rock2_00003"},{"time":3.1,"name":"690_S2_rock2/690_S2_rock2_00005"},{"time":3.1333,"name":"690_S2_rock2/690_S2_rock2_00007"},{"time":3.1666,"name":"690_S2_rock2/690_S2_rock2_00009"},{"time":3.2,"name":"690_S2_rock2/690_S2_rock2_00011"},{"time":3.2333,"name":"690_S2_rock2/690_S2_rock2_00013"},{"time":3.2666,"name":"690_S2_rock2/690_S2_rock2_00017"},{"time":3.3,"name":"690_S2_rock2/690_S2_rock2_00019"},{"time":3.3333,"name":"690_S2_rock2/690_S2_rock2_00021"},{"time":3.3666,"name":"690_S2_rock2/690_S2_rock2_00023"},{"time":3.4,"name":"690_S2_rock2/690_S2_rock2_00025"},{"time":3.4666,"name":null}]},"9020_wind2/9020_wind2_00000":{"attachment":[{"time":3.0333,"name":"9020_wind2/9020_wind2_00000"},{"time":3.0666,"name":"9020_wind2/9020_wind2_00002"},{"time":3.1333,"name":"9020_wind2/9020_wind2_00004"},{"time":3.1666,"name":"9020_wind2/9020_wind2_00006"},{"time":3.2,"name":"9020_wind2/9020_wind2_00008"},{"time":3.2333,"name":"9020_wind2/9020_wind2_00010"},{"time":3.2666,"name":"9020_wind2/9020_wind2_00012"},{"time":3.3,"name":"9020_wind2/9020_wind2_00014"},{"time":3.3666,"name":"9020_wind2/9020_wind2_00016"},{"time":3.4,"name":"9020_wind2/9020_wind2_00018"},{"time":3.4333,"name":"9020_wind2/9020_wind2_00020"},{"time":3.4666,"name":"9020_wind2/9020_wind2_00022"},{"time":3.5,"name":"9020_wind2/9020_wind2_00024"},{"time":3.5333,"name":"9020_wind2/9020_wind2_00026"},{"time":3.5666,"name":"9020_wind2/9020_wind2_00028"},{"time":3.6,"name":"9020_wind2/9020_wind2_00029"},{"time":3.6333,"name":null}],"color":[{"time":3.0333,"color":"ffffff35","curve":"stepped"},{"time":3.5666,"color":"ffffff35"},{"time":3.6333,"color":"ffffff00"}]},"9060_03_dusty1/9060_03_dusty1_00000":{"attachment":[{"time":3.0333,"name":"9060_03_dusty1/9060_03_dusty1_00000"},{"time":3.0666,"name":"9060_03_dusty1/9060_03_dusty1_00001"},{"time":3.1,"name":"9060_03_dusty1/9060_03_dusty1_00003"},{"time":3.1333,"name":"9060_03_dusty1/9060_03_dusty1_00005"},{"time":3.1666,"name":"9060_03_dusty1/9060_03_dusty1_00007"},{"time":3.2,"name":"9060_03_dusty1/9060_03_dusty1_00009"},{"time":3.2333,"name":"9060_03_dusty1/9060_03_dusty1_00011"},{"time":3.2666,"name":"9060_03_dusty1/9060_03_dusty1_00013"},{"time":3.3,"name":"9060_03_dusty1/9060_03_dusty1_00015"},{"time":3.3333,"name":null}]},"9060_03_ex1/9060_03_ex1_00000":{"attachment":[{"time":3.0333,"name":"9060_03_ex1/9060_03_ex1_00000"},{"time":3.0666,"name":"9060_03_ex1/9060_03_ex1_00002"},{"time":3.1,"name":"9060_03_ex1/9060_03_ex1_00004"},{"time":3.1333,"name":"9060_03_ex1/9060_03_ex1_00005"},{"time":3.1666,"name":"9060_03_ex1/9060_03_ex1_00006"},{"time":3.2,"name":"9060_03_ex1/9060_03_ex1_00008"},{"time":3.2333,"name":"9060_03_ex1/9060_03_ex1_00009"},{"time":3.2666,"name":"9060_03_ex1/9060_03_ex1_00010"},{"time":3.3333,"name":null}]}},"bones":{"9020_wind2":{"translate":[{"time":3.0333,"x":71.67,"y":131.34}],"scale":[{"time":3.0333,"x":3.5,"y":3.5}]},"370_S1_wave1":{"translate":[{"time":3.1333,"x":190.13,"y":15.96}],"scale":[{"time":3.1333,"x":3.5,"y":3.5,"curve":[0.107,0.54,0.75,1]},{"time":3.3666,"x":6.54,"y":6.54}]},"9060_03_ex1":{"translate":[{"time":3.0333,"x":-163.18,"y":90.79,"curve":[0.062,0.72,0.75,1]},{"time":3.2666,"x":-165.32,"y":138.2}],"scale":[{"time":3.0333,"x":2.278,"y":2.278,"curve":[0.062,0.72,0.75,1]},{"time":3.2666,"x":4.055,"y":4.055}]},"9060_03_dusty1":{"translate":[{"time":3.0333,"x":-120.83,"y":10.19},{"time":3.2,"x":-120.83,"y":43.78}],"scale":[{"time":3.0333,"x":1,"y":1},{"time":3.2,"x":2.4,"y":2.4}]},"690_S2_rock2":{"translate":[{"time":3.0333,"x":165.54,"y":341.34}],"scale":[{"time":3.0333,"x":3,"y":3}]}},"drawOrder":[{"time":0.0333},{"time":0.9666},{"time":1.4666}],"events":[{"time":0.2666,"name":"Sound1"}]},"GrowndHit":{"slots":{"370_S1_wave1/370_S1_wave1_00000":{"attachment":[{"time":0,"name":null},{"time":0.0333,"name":"370_S1_wave1/370_S1_wave1_00002"},{"time":0.0666,"name":"370_S1_wave1/370_S1_wave1_00004"},{"time":0.1,"name":"370_S1_wave1/370_S1_wave1_00005"},{"time":0.1333,"name":"370_S1_wave1/370_S1_wave1_00007"},{"time":0.1666,"name":"370_S1_wave1/370_S1_wave1_00009"},{"time":0.2,"name":"370_S1_wave1/370_S1_wave1_00010"},{"time":0.2333,"name":"370_S1_wave1/370_S1_wave1_00012"},{"time":0.2666,"name":null},{"time":0.3,"name":"370_S1_wave1/370_S1_wave1_00000"},{"time":0.3333,"name":"370_S1_wave1/370_S1_wave1_00002"},{"time":0.3666,"name":"370_S1_wave1/370_S1_wave1_00004"},{"time":0.4,"name":"370_S1_wave1/370_S1_wave1_00005"},{"time":0.4333,"name":"370_S1_wave1/370_S1_wave1_00007"},{"time":0.4666,"name":"370_S1_wave1/370_S1_wave1_00009"},{"time":0.5,"name":"370_S1_wave1/370_S1_wave1_00010"},{"time":0.5333,"name":"370_S1_wave1/370_S1_wave1_00012"},{"time":0.5666,"name":null}]},"370_S1_wave1/370_S1_wave1_0":{"attachment":[{"time":0.1333,"name":"370_S1_wave1/370_S1_wave1_00000"},{"time":0.1666,"name":"370_S1_wave1/370_S1_wave1_00002"},{"time":0.2,"name":"370_S1_wave1/370_S1_wave1_00004"},{"time":0.2333,"name":"370_S1_wave1/370_S1_wave1_00005"},{"time":0.2666,"name":"370_S1_wave1/370_S1_wave1_00007"},{"time":0.3,"name":"370_S1_wave1/370_S1_wave1_00009"},{"time":0.3333,"name":"370_S1_wave1/370_S1_wave1_00010"},{"time":0.3666,"name":"370_S1_wave1/370_S1_wave1_00012"},{"time":0.4,"name":null}]},"DAMAGEAREA":{"attachment":[{"time":0.0666,"name":"DAMAGEAREA"},{"time":0.1666,"name":null}]}},"bones":{"370_S1_wave1":{"translate":[{"time":0,"x":-150,"y":0}],"scale":[{"time":3.4333,"x":1.5,"y":1.5}]},"370_S1_wave2":{"translate":[{"time":0,"x":-150,"y":0}],"scale":[{"time":3.4333,"x":1.5,"y":1.5}]}},"events":[{"time":0.0333,"name":"EFEvent","float":0.5,"string":"kHitStopType_enemyonly"},{"time":0.0333,"name":"Event2","string":"kHitType_targetonly"},{"time":0.0666,"name":"EFEvent","string":"kImpactType_up"}]},"Screen":{"slots":{"9020_wind4/9020_wind4_00004":{"attachment":[{"time":0.0333,"name":"9020_wind4/9020_wind4_00005"},{"time":0.0666,"name":"9020_wind4/9020_wind4_00006"},{"time":0.1,"name":"9020_wind4/9020_wind4_00007"},{"time":0.1333,"name":"9020_wind4/9020_wind4_00008"},{"time":0.1666,"name":"9020_wind4/9020_wind4_00009"},{"time":0.2333,"name":"9020_wind4/9020_wind4_00005"},{"time":0.2666,"name":"9020_wind4/9020_wind4_00006"},{"time":0.3,"name":"9020_wind4/9020_wind4_00007"},{"time":0.3333,"name":"9020_wind4/9020_wind4_00008"},{"time":0.3666,"name":"9020_wind4/9020_wind4_00009"},{"time":0.4333,"name":"9020_wind4/9020_wind4_00005"},{"time":0.4666,"name":"9020_wind4/9020_wind4_00006"},{"time":0.5,"name":"9020_wind4/9020_wind4_00007"},{"time":0.5333,"name":"9020_wind4/9020_wind4_00008"},{"time":0.5666,"name":"9020_wind4/9020_wind4_00009"},{"time":0.6,"name":null}],"color":[{"time":0,"color":"ffffff8c"}]}},"bones":{"9020_wind4":{"translate":[{"time":0,"x":-300,"y":198.8}],"scale":[{"time":0,"x":4,"y":3}]}}},"back":{"drawOrder":[{"time":0.7666}]},"damage2":{"slots":{"Destruction/5060_V2_clash1/5060_V2_clash1_00000":{"attachment":[{"time":0.1,"name":"Destruction/5060_V2_clash1/5060_V2_clash1_00000"},{"time":0.1333,"name":"Destruction/5060_V2_clash1/5060_V2_clash1_00001"},{"time":0.1666,"name":"Destruction/5060_V2_clash1/5060_V2_clash1_00002"},{"time":0.2,"name":"Destruction/5060_V2_clash1/5060_V2_clash1_00003"},{"time":0.2333,"name":"Destruction/5060_V2_clash1/5060_V2_clash1_00004"},{"time":0.2666,"name":"Destruction/5060_V2_clash1/5060_V2_clash1_00005"},{"time":0.3,"name":"Destruction/5060_V2_clash1/5060_V2_clash1_00006"},{"time":0.3333,"name":"Destruction/5060_V2_clash1/5060_V2_clash1_00007"},{"time":0.3666,"name":null}]},"Destruction/5060_V2_clash2/5060_V2_clash2_00000":{"attachment":[{"time":0.0333,"name":"Destruction/5060_V2_clash2/5060_V2_clash2_00000"},{"time":0.0666,"name":"Destruction/5060_V2_clash2/5060_V2_clash2_00002"},{"time":0.1,"name":"Destruction/5060_V2_clash2/5060_V2_clash2_00003"},{"time":0.1333,"name":"Destruction/5060_V2_clash2/5060_V2_clash2_00004"},{"time":0.1666,"name":"Destruction/5060_V2_clash2/5060_V2_clash2_00005"},{"time":0.2,"name":"Destruction/5060_V2_clash2/5060_V2_clash2_00006"},{"time":0.2333,"name":"Destruction/5060_V2_clash2/5060_V2_clash2_00007"},{"time":0.2666,"name":"Destruction/5060_V2_clash2/5060_V2_clash2_00008"},{"time":0.3333,"name":null}],"color":[{"time":0,"color":"ffffff00"},{"time":0.2333,"color":"ffffffff"},{"time":0.3333,"color":"ffffff00"}]},"Destruction/5060_V2_clash3/5060_V2_clash3_00000":{"attachment":[{"time":0.0333,"name":"Destruction/5060_V2_clash3/5060_V2_clash3_00000"},{"time":0.1,"name":"Destruction/5060_V2_clash3/5060_V2_clash3_00002"},{"time":0.1666,"name":"Destruction/5060_V2_clash3/5060_V2_clash3_00004"},{"time":0.2333,"name":"Destruction/5060_V2_clash3/5060_V2_clash3_00007"},{"time":0.2666,"name":null}]},"Destruction/5060_V2_clash4/5060_V2_clash4_00000":{"attachment":[{"time":0,"name":"Destruction/5060_V2_clash4/5060_V2_clash4_00000"},{"time":0.0666,"name":"Destruction/5060_V2_clash4/5060_V2_clash4_00000"}],"color":[{"time":0,"color":"ffffff00"},{"time":0.2,"color":"ffffffff"},{"time":0.2666,"color":"ffffff00"}]},"Destruction/9050_V2_lightning1/9050_V2_lightning1_00000":{"attachment":[{"time":0.1,"name":"Destruction/9050_V2_lightning1/9050_V2_lightning1_00000"},{"time":0.1333,"name":"Destruction/9050_V2_lightning1/9050_V2_lightning1_00002"},{"time":0.1666,"name":"Destruction/9050_V2_lightning1/9050_V2_lightning1_00004"},{"time":0.2,"name":"Destruction/9050_V2_lightning1/9050_V2_lightning1_00006"},{"time":0.2333,"name":"Destruction/9050_V2_lightning1/9050_V2_lightning1_00008"},{"time":0.2666,"name":"Destruction/9050_V2_lightning1/9050_V2_lightning1_00010"},{"time":0.3,"name":null}]},"Destruction/9050_V2_lightning1/9050_V2_lightning1_0":{"attachment":[{"time":0.1,"name":"Destruction/9050_V2_lightning1/9050_V2_lightning1_00000"},{"time":0.1333,"name":"Destruction/9050_V2_lightning1/9050_V2_lightning1_00002"},{"time":0.1666,"name":"Destruction/9050_V2_lightning1/9050_V2_lightning1_00004"},{"time":0.2,"name":"Destruction/9050_V2_lightning1/9050_V2_lightning1_00006"},{"time":0.2333,"name":"Destruction/9050_V2_lightning1/9050_V2_lightning1_00008"},{"time":0.2666,"name":"Destruction/9050_V2_lightning1/9050_V2_lightning1_00010"},{"time":0.3,"name":null}]}},"bones":{"5060_V2_clash3":{"rotate":[{"time":0,"angle":9.7,"curve":"stepped"},{"time":0.0333,"angle":9.7}],"translate":[{"time":0,"x":-490,"y":210,"curve":"stepped"},{"time":0.0333,"x":-490,"y":210}],"scale":[{"time":0,"x":1.195,"y":1.195},{"time":0.0333,"x":5.15,"y":5.15},{"time":0.0666,"x":4.84,"y":4.84,"curve":"stepped"},{"time":0.1,"x":5.02,"y":5.02},{"time":0.1333,"x":4.44,"y":4.44,"curve":"stepped"},{"time":0.1666,"x":4.71,"y":4.71},{"time":0.2,"x":4.01,"y":4.01,"curve":"stepped"},{"time":0.2333,"x":4.71,"y":4.71},{"time":0.2666,"x":1.195,"y":1.195}]},"5060_V2_clash2":{"translate":[{"time":0,"x":-440,"y":210,"curve":"stepped"},{"time":0.0333,"x":-440,"y":210}],"scale":[{"time":0,"x":8.149,"y":8.149},{"time":0.0333,"x":7.61,"y":7.61},{"time":0.0666,"x":6.5,"y":6.5,"curve":"stepped"},{"time":0.1,"x":7.61,"y":7.61,"curve":"stepped"},{"time":0.2666,"x":7.37,"y":7.37},{"time":0.3333,"x":8.149,"y":8.149}]},"5060_V2_clash4":{"translate":[{"time":0,"x":-540,"y":210,"curve":"stepped"},{"time":0.0666,"x":-540,"y":210}],"scale":[{"time":0,"x":0.527,"y":0.527},{"time":0.0666,"x":5.96,"y":5.96,"curve":[1,0,0.892,1]},{"time":0.2666,"x":0.527,"y":0.527}]},"5060_V2_clash1":{"translate":[{"time":0,"x":-390,"y":210,"curve":"stepped"},{"time":0.1,"x":-390,"y":210}],"scale":[{"time":0,"x":4.46,"y":4.46},{"time":0.1,"x":2.91,"y":2.91},{"time":0.2,"x":4.46,"y":4.46}]},"9050_V2_lightning1":{"rotate":[{"time":0,"angle":98.02,"curve":"stepped"},{"time":0.1,"angle":98.02}],"translate":[{"time":0,"x":-648.89,"y":466.13,"curve":"stepped"},{"time":0.1,"x":-648.89,"y":466.13}],"scale":[{"time":0,"x":2.897,"y":3.95,"curve":"stepped"},{"time":0.1,"x":2.897,"y":3.95}]},"9050_V2_lightning2":{"rotate":[{"time":0,"angle":27.61,"curve":"stepped"},{"time":0.1,"angle":27.61}],"translate":[{"time":0,"x":-685.79,"y":164.64,"curve":"stepped"},{"time":0.1,"x":-685.79,"y":164.64}],"scale":[{"time":0,"x":2.437,"y":2.437,"curve":"stepped"},{"time":0.1,"x":2.437,"y":2.437}]}},"drawOrder":[{"time":0},{"time":0.1},{"time":1.4},{"time":1.6666}]},"damege":{"drawOrder":[{"time":0.1},{"time":1.4}]},"goblin_attack":{"events":[{"time":0,"name":"EFEvent","string":"runScript-onDestroy"}]},"goblin_ax":{"slots":{"DAMAGEAREA":{"attachment":[{"time":0,"name":"DAMAGEAREA"}]},"weapon/poison":{"attachment":[{"time":0,"name":"weapon/ax"},{"time":0.5333,"name":"weapon/ax"},{"time":1.0666,"name":"weapon/ax"},{"time":1.6,"name":"weapon/ax"},{"time":2.1333,"name":"weapon/ax"},{"time":2.6666,"name":"weapon/ax"}]}},"bones":{"weapon":{"rotate":[{"time":0,"angle":0},{"time":0.1666,"angle":-112.14},{"time":0.2666,"angle":-179.42},{"time":0.4333,"angle":68.14},{"time":0.5333,"angle":0},{"time":0.7,"angle":-112.14},{"time":0.8,"angle":-179.42},{"time":0.9666,"angle":68.14},{"time":1.0666,"angle":0},{"time":1.2333,"angle":-112.14},{"time":1.3333,"angle":-179.42},{"time":1.5,"angle":68.14},{"time":1.6,"angle":0},{"time":1.7666,"angle":-112.14},{"time":1.8666,"angle":-179.42},{"time":2.0333,"angle":68.14},{"time":2.1333,"angle":0},{"time":2.3,"angle":-112.14},{"time":2.4,"angle":-179.42},{"time":2.5666,"angle":68.14},{"time":2.6666,"angle":0},{"time":2.8333,"angle":-112.14},{"time":2.9333,"angle":-179.42},{"time":3,"angle":135.6}],"translate":[{"time":0,"x":0,"y":-555.54}],"scale":[{"time":0,"x":1.5,"y":1.5,"curve":"stepped"},{"time":0.5333,"x":1.5,"y":1.5,"curve":"stepped"},{"time":1.0666,"x":1.5,"y":1.5,"curve":"stepped"},{"time":1.6,"x":1.5,"y":1.5,"curve":"stepped"},{"time":2.1333,"x":1.5,"y":1.5,"curve":"stepped"},{"time":2.6666,"x":1.5,"y":1.5}]}},"events":[{"time":0,"name":"Sound1","string":"cri_se_battle_sword_swish_heavy"},{"time":0.5333,"name":"Sound1","string":"cri_se_battle_sword_swish_heavy"},{"time":1.0666,"name":"Sound1","string":"cri_se_battle_sword_swish_heavy"},{"time":1.6,"name":"Sound1","string":"cri_se_battle_sword_swish_heavy"},{"time":2.1333,"name":"Sound1","string":"cri_se_battle_sword_swish_heavy"},{"time":2.6666,"name":"Sound1","string":"cri_se_battle_sword_swish_heavy"}]},"goblin_axEnd":{"slots":{"weapon/poison":{"attachment":[{"time":0,"name":"weapon/ax"}],"color":[{"time":0,"color":"ffffffff"},{"time":0.1666,"color":"ffffff00"}]}},"bones":{"weapon":{"translate":[{"time":0,"x":-19.37,"y":-558.9}],"scale":[{"time":0,"x":1.5,"y":1.5}]}},"events":[{"time":0,"name":"EFEvent","string":"runScript-onDestroy"},{"time":0,"name":"Sound1","string":"cri_se_battle_026_stab"}]},"goblin_bone":{"slots":{"DAMAGEAREA":{"attachment":[{"time":0,"name":"DAMAGEAREA"}]},"weapon/poison":{"attachment":[{"time":0,"name":"weapon/bone"},{"time":0.6,"name":"weapon/bone"},{"time":1.2,"name":"weapon/bone"},{"time":1.8,"name":"weapon/bone"},{"time":2.4,"name":"weapon/bone"}]}},"bones":{"weapon":{"rotate":[{"time":0,"angle":0},{"time":0.1666,"angle":-99.68},{"time":0.3,"angle":-179.42},{"time":0.4666,"angle":80.63},{"time":0.6,"angle":0},{"time":0.7666,"angle":-99.68},{"time":0.9,"angle":-179.42},{"time":1.0666,"angle":80.63},{"time":1.2,"angle":0},{"time":1.3666,"angle":-99.68},{"time":1.5,"angle":-179.42},{"time":1.6666,"angle":80.63},{"time":1.8,"angle":0},{"time":1.9666,"angle":-99.68},{"time":2.1,"angle":-179.42},{"time":2.2666,"angle":80.63},{"time":2.4,"angle":0},{"time":2.5666,"angle":-99.68},{"time":2.7,"angle":-179.42},{"time":2.8666,"angle":80.63},{"time":3,"angle":0.68}],"translate":[{"time":0,"x":-19.37,"y":-558.9,"curve":"stepped"},{"time":0.6,"x":-19.37,"y":-558.9,"curve":"stepped"},{"time":1.2,"x":-19.37,"y":-558.9,"curve":"stepped"},{"time":1.8,"x":-19.37,"y":-558.9,"curve":"stepped"},{"time":2.4,"x":-19.37,"y":-558.9}],"scale":[{"time":0,"x":1.5,"y":1.5,"curve":"stepped"},{"time":0.6,"x":1.5,"y":1.5,"curve":"stepped"},{"time":1.2,"x":1.5,"y":1.5,"curve":"stepped"},{"time":1.8,"x":1.5,"y":1.5,"curve":"stepped"},{"time":2.4,"x":1.5,"y":1.5}]}},"events":[{"time":0,"name":"Sound1","string":"cri_se_battle_sword_swish_heavy"},{"time":0.6,"name":"Sound1","string":"cri_se_battle_sword_swish_heavy"},{"time":1.2,"name":"Sound1","string":"cri_se_battle_sword_swish_heavy"},{"time":1.8,"name":"Sound1","string":"cri_se_battle_sword_swish_heavy"},{"time":2.4,"name":"Sound1","string":"cri_se_battle_sword_swish_heavy"}]},"goblin_bone_bound":{"slots":{"weapon/poison":{"attachment":[{"time":0,"name":"weapon/bone"},{"time":0.3666,"name":null}],"color":[{"time":0.2,"color":"ffffffff"},{"time":0.3666,"color":"ffffff00"}]}},"bones":{"weapon":{"rotate":[{"time":0,"angle":-94.23},{"time":0.0666,"angle":-37.39},{"time":0.1333,"angle":-17.57},{"time":0.2,"angle":-37.39}],"translate":[{"time":0,"x":-19.37,"y":-558.9}],"scale":[{"time":0,"x":1.5,"y":1.5}]}},"events":[{"time":0,"name":"EFEvent","string":"runScript-onDestroy"},{"time":0,"name":"Sound1","string":"cri_se_battle_025_blow_hit"}]},"goblin_iron-ball":{"slots":{"DAMAGEAREA":{"attachment":[{"time":0,"name":"DAMAGEAREA"}]},"weapon/poison":{"attachment":[{"time":0,"name":"weapon/ironball"},{"time":1.3333,"name":"weapon/ironball"},{"time":2.6666,"name":"weapon/ironball"}]}},"bones":{"weapon":{"rotate":[{"time":0,"angle":0},{"time":0.3,"angle":-80.74},{"time":0.6666,"angle":-179.42},{"time":1,"angle":90.63},{"time":1.3333,"angle":0},{"time":1.6333,"angle":-80.74},{"time":2,"angle":-179.42},{"time":2.3333,"angle":90.63},{"time":2.6666,"angle":0},{"time":3,"angle":-80.74}],"translate":[{"time":0,"x":-19.37,"y":-558.9,"curve":"stepped"},{"time":1.3333,"x":-19.37,"y":-558.9,"curve":"stepped"},{"time":2.6666,"x":-19.37,"y":-558.9}]}},"events":[{"time":0,"name":"Sound1","string":"cri_se_battle_sword_swish_heavy"},{"time":1.3333,"name":"Sound1","string":"cri_se_battle_sword_swish_heavy"},{"time":2.6666,"name":"Sound1","string":"cri_se_battle_sword_swish_heavy"}]},"goblin_iron-ballEnd":{"slots":{"weapon/poison":{"attachment":[{"time":0,"name":"weapon/ironball"}],"color":[{"time":0,"color":"ffffffff"},{"time":0.1666,"color":"ffffff00"}]}},"bones":{"weapon":{"translate":[{"time":0,"x":-19.37,"y":-558.9}]}},"events":[{"time":0,"name":"EFEvent","string":"runScript-onDestroy"},{"time":0,"name":"Sound1","string":"cri_se_battle_025_blow_hit"}]},"goblin_poison":{"slots":{"DAMAGEAREA":{"attachment":[{"time":0,"name":"DAMAGEAREA"}]},"weapon/poison":{"attachment":[{"time":0,"name":"weapon/poison"},{"time":0.6666,"name":"weapon/poison"},{"time":1.3333,"name":"weapon/poison"},{"time":2,"name":"weapon/poison"},{"time":2.6666,"name":"weapon/poison"}]}},"bones":{"weapon":{"rotate":[{"time":0,"angle":0},{"time":0.1666,"angle":-89.71},{"time":0.3333,"angle":-179.42},{"time":0.5,"angle":90.63},{"time":0.6666,"angle":0},{"time":0.8333,"angle":-89.71},{"time":1,"angle":-179.42},{"time":1.1666,"angle":90.63},{"time":1.3333,"angle":0},{"time":1.5,"angle":-89.71},{"time":1.6666,"angle":-179.42},{"time":1.8333,"angle":90.63},{"time":2,"angle":0},{"time":2.1666,"angle":-89.71},{"time":2.3333,"angle":-179.42},{"time":2.5,"angle":90.63},{"time":2.6666,"angle":0},{"time":2.8333,"angle":-89.71},{"time":3,"angle":-179.42}],"translate":[{"time":0,"x":-19.37,"y":-558.9,"curve":"stepped"},{"time":0.6666,"x":-19.37,"y":-558.9,"curve":"stepped"},{"time":1.3333,"x":-19.37,"y":-558.9,"curve":"stepped"},{"time":2,"x":-19.37,"y":-558.9,"curve":"stepped"},{"time":2.6666,"x":-19.37,"y":-558.9}],"scale":[{"time":0,"x":1.5,"y":1.5,"curve":"stepped"},{"time":0.6666,"x":1.5,"y":1.5,"curve":"stepped"},{"time":1.3333,"x":1.5,"y":1.5,"curve":"stepped"},{"time":2,"x":1.5,"y":1.5,"curve":"stepped"},{"time":2.6666,"x":1.5,"y":1.5}]}},"events":[{"time":0,"name":"Sound1","string":"cri_se_battle_sword_swish_heavy"},{"time":0.6666,"name":"Sound1","string":"cri_se_battle_sword_swish_heavy"},{"time":1.3333,"name":"Sound1","string":"cri_se_battle_sword_swish_heavy"},{"time":2,"name":"Sound1","string":"cri_se_battle_sword_swish_heavy"},{"time":2.6666,"name":"Sound1","string":"cri_se_battle_sword_swish_heavy"}]},"goblin_poison_dusty":{"slots":{"9060_03_dusty2/9060_03_dusty1_00000":{"attachment":[{"time":0,"name":"9060_03_dusty2/9060_03_dusty1_00000"},{"time":0.0666,"name":"9060_03_dusty2/9060_03_dusty1_00001"},{"time":0.1333,"name":"9060_03_dusty2/9060_03_dusty1_00003"},{"time":0.2,"name":"9060_03_dusty2/9060_03_dusty1_00005"},{"time":0.2666,"name":"9060_03_dusty2/9060_03_dusty1_00007"},{"time":0.3333,"name":"9060_03_dusty2/9060_03_dusty1_00009"},{"time":0.4,"name":"9060_03_dusty2/9060_03_dusty1_00011"},{"time":0.4666,"name":"9060_03_dusty2/9060_03_dusty1_00013"},{"time":0.5333,"name":"9060_03_dusty2/9060_03_dusty1_00015"},{"time":0.6,"name":null}]}},"bones":{"dusty2":{"translate":[{"time":0,"x":-921.93,"y":-2.78}],"scale":[{"time":0,"x":2,"y":2}]},"weapon":{"scale":[{"time":0,"x":1.5,"y":1.5}]}},"events":[{"time":0,"name":"EFEvent","string":"runScript-onDestroy"},{"time":0,"name":"Sound1","string":"cri_se_battle_042_poison"}]},"idle":{},"idle2":{"drawOrder":[{"time":0}]},"in":{"drawOrder":[{"time":0},{"time":1}]},"out":{"drawOrder":[{"time":0.2}]},"skill1_miss":{"drawOrder":[{"time":0},{"time":1.4},{"time":5.2666}]},"skill1_throw":{"slots":{"370_S1_wave1/370_S1_wave1_00000":{"attachment":[{"time":3.8333,"name":"370_S1_wave1/370_S1_wave1_00000"},{"time":3.8666,"name":"370_S1_wave1/370_S1_wave1_00002"},{"time":3.9,"name":"370_S1_wave1/370_S1_wave1_00004"},{"time":3.9333,"name":"370_S1_wave1/370_S1_wave1_00005"},{"time":3.9666,"name":"370_S1_wave1/370_S1_wave1_00007"},{"time":4,"name":"370_S1_wave1/370_S1_wave1_00009"},{"time":4.0333,"name":"370_S1_wave1/370_S1_wave1_00010"},{"time":4.0666,"name":"370_S1_wave1/370_S1_wave1_00012"},{"time":4.1,"name":null}]},"690_S2_rock1/690_S2_rock1_00000":{"attachment":[{"time":3.8333,"name":"690_S2_rock1/690_S2_rock1_00000"},{"time":3.8666,"name":"690_S2_rock1/690_S2_rock1_00001"},{"time":3.9,"name":"690_S2_rock1/690_S2_rock1_00003"},{"time":3.9333,"name":"690_S2_rock1/690_S2_rock1_00005"},{"time":3.9666,"name":"690_S2_rock1/690_S2_rock1_00006"},{"time":4,"name":"690_S2_rock1/690_S2_rock1_00008"},{"time":4.0333,"name":null}]},"9060_03_catch1/9060_03_catch1_00000":{"attachment":[{"time":0,"name":"9060_03_catch1/9060_03_catch1_00000"},{"time":0.0333,"name":"9060_03_catch1/9060_03_catch1_00001"},{"time":0.0666,"name":"9060_03_catch1/9060_03_catch1_00003"},{"time":0.1,"name":"9060_03_catch1/9060_03_catch1_00005"},{"time":0.1333,"name":"9060_03_catch1/9060_03_catch1_00007"},{"time":0.1666,"name":"9060_03_catch1/9060_03_catch1_00008"},{"time":0.2,"name":"9060_03_catch1/9060_03_catch1_00009"},{"time":0.2333,"name":"9060_03_catch1/9060_03_catch1_00010"},{"time":0.2666,"name":null}]},"9060_03_catch2/9060_03_catch2_00000":{"attachment":[{"time":0.0333,"name":"9060_03_catch2/9060_03_catch2_00000"},{"time":0.0666,"name":"9060_03_catch2/9060_03_catch2_00002"},{"time":0.1,"name":"9060_03_catch2/9060_03_catch2_00003"},{"time":0.1333,"name":"9060_03_catch2/9060_03_catch2_00004"},{"time":0.1666,"name":"9060_03_catch2/9060_03_catch2_00006"},{"time":0.2,"name":null}]},"9060_03_dusty1/9060_03_dusty1_00000":{"attachment":[{"time":3.8333,"name":"9060_03_dusty1/9060_03_dusty1_00000"},{"time":3.8666,"name":"9060_03_dusty1/9060_03_dusty1_00001"},{"time":3.9,"name":"9060_03_dusty1/9060_03_dusty1_00003"},{"time":3.9333,"name":"9060_03_dusty1/9060_03_dusty1_00005"},{"time":3.9666,"name":"9060_03_dusty1/9060_03_dusty1_00007"},{"time":4,"name":"9060_03_dusty1/9060_03_dusty1_00009"},{"time":4.0333,"name":"9060_03_dusty1/9060_03_dusty1_00011"},{"time":4.0666,"name":"9060_03_dusty1/9060_03_dusty1_00013"},{"time":4.1,"name":"9060_03_dusty1/9060_03_dusty1_00015"},{"time":4.1333,"name":null}]}},"bones":{"9060_03_catch1":{"translate":[{"time":0,"x":85.92,"y":61.75}],"scale":[{"time":0,"x":2,"y":2}]},"9060_03_catch2":{"translate":[{"time":0,"x":49.22,"y":74.28}],"scale":[{"time":0,"x":2,"y":2}]},"370_S1_wave1":{"translate":[{"time":3.8333,"x":414.31,"y":-2.01,"curve":[0.25,0,0.75,1]},{"time":4.0333,"x":414.31,"y":20.3}],"scale":[{"time":3.8333,"x":3.2,"y":3.2,"curve":[0.25,0,0.75,1]},{"time":4.0333,"x":6.222,"y":6.222}]},"9060_03_dusty1":{"translate":[{"time":3.8333,"x":113.58,"y":-5.52},{"time":4,"x":113.58,"y":55.1},{"time":4.1,"x":113.58,"y":101.97}],"scale":[{"time":3.8333,"x":1,"y":1},{"time":4,"x":3.083,"y":3.083},{"time":4.1,"x":5.067,"y":5.067}]},"690_S2_rock1":{"translate":[{"time":3.8333,"x":-8.88,"y":123.24},{"time":3.9333,"x":-8.88,"y":137.75}],"scale":[{"time":3.8333,"x":3,"y":3},{"time":3.9333,"x":3.594,"y":3.594}]}},"drawOrder":[{"time":0},{"time":1.3333},{"time":2.7666},{"time":4},{"time":5.4666}]}}}