{"skeleton":{"hash":"v4enhiLoh6kFnDVLMUVrgshcXWw","spine":"3.0.12","width":0,"height":0,"images":"./images2/"},"bones":[{"name":"root"},{"name":"Move","parent":"root"},{"name":"MAIN","parent":"Move","y":86.57},{"name":"SHADOW-OFFSET","parent":"MAIN","scaleX":1.5,"scaleY":1.5},{"name":"HPBAR","parent":"MAIN","x":-10,"y":113.42},{"name":"HITBOX","parent":"MAIN"},{"name":"DAMAGEAREA","parent":"root"}],"slots":[{"name":"grid/nounit(0.88)","bone":"root"},{"name":"grid/grid","bone":"root"},{"name":"MAIN","bone":"MAIN","attachment":"idle_00"},{"name":"HITBOX","bone":"HITBOX","attachment":"HITBOX"},{"name":"DAMAGEAREA","bone":"DAMAGEAREA"}],"skins":{"default":{"DAMAGEAREA":{"DAMAGEAREA":{"type":"boundingbox","vertices":[-99.5929,97.73769,-98.88391,-98.65524,99.63603,-97.23724,96.80002,96.31966,0,0,0,0,0,0,0,0]}},"HITBOX":{"HITBOX":{"type":"boundingbox","vertices":[-111.11047,108.03883,-108.06244,-58.83916,74.81756,-58.83916,74.81756,108.03883,0,0,0,0,0,0,0,0]}},"MAIN":{"attack1_00":{"x":15,"y":-35,"width":600,"height":600},"attack1_01":{"x":80,"y":-40,"width":600,"height":600},"attack1_02":{"x":115,"y":-23,"width":600,"height":600},"attack1_03":{"x":60,"y":44,"width":600,"height":600},"attack1_04":{"x":-100,"y":74,"width":600,"height":600},"attack1_05":{"x":-82.28,"y":42.64,"width":600,"height":600},"attack1_06":{"x":9,"y":-20,"width":600,"height":600},"back_00":{"x":-10,"y":10,"width":600,"height":600},"damage_00":{"x":-7,"y":-20,"width":600,"height":600},"front_00":{"x":8,"y":-1.45,"width":600,"height":600},"idle_00":{"x":-15,"width":600,"height":600},"idle_01":{"x":-15,"width":600,"height":600},"idle_02":{"x":-15,"width":600,"height":600},"idle_03":{"x":-15,"width":600,"height":600},"idle_04":{"x":-15,"width":600,"height":600},"skill1_00":{"x":26,"y":23,"width":600,"height":600},"skill1_01":{"x":20,"y":-5,"width":600,"height":600},"skill1_02":{"x":20,"y":-5,"width":600,"height":600},"skill1_03":{"x":20,"y":-5,"width":600,"height":600},"skill1_04":{"x":20,"y":-5,"width":600,"height":600},"skill2_00":{"x":22,"y":-10,"width":600,"height":600},"skill2_01":{"x":22,"y":-10,"width":600,"height":600},"skill2_02":{"x":22,"y":-10,"width":600,"height":600},"skill2_03":{"x":22,"y":-10,"width":600,"height":600}}}},"events":{"Event":{},"Hit":{},"HitEffect":{},"Sound1":{},"Sound2":{},"Sound3":{},"Voice":{},"voice":{}},"animations":{"attack1":{"slots":{"DAMAGEAREA":{"attachment":[{"time":0.2333,"name":"DAMAGEAREA"},{"time":0.3333,"name":null}]},"MAIN":{"attachment":[{"time":0,"name":"idle_00"},{"time":0.1,"name":"attack1_00"},{"time":0.1666,"name":"attack1_01"},{"time":0.2666,"name":"attack1_02"},{"time":0.3333,"name":"attack1_03"},{"time":0.3666,"name":"attack1_04"},{"time":0.4,"name":"attack1_05"},{"time":0.4666,"name":"idle_00"},{"time":0.5333,"name":"idle_00"}]}},"bones":{"MAIN":{"translate":[{"time":0,"x":0,"y":0,"curve":"stepped"},{"time":0.1,"x":0,"y":75.67,"curve":"stepped"},{"time":0.1666,"x":-81.25,"y":183.79,"curve":"stepped"},{"time":0.2666,"x":-149.1,"y":62.52,"curve":"stepped"},{"time":0.3333,"x":-43.66,"y":-5.02,"curve":"stepped"},{"time":0.3666,"x":93.87,"y":17.74,"curve":"stepped"},{"time":0.4,"x":143.02,"y":71.4,"curve":"stepped"},{"time":0.4666,"x":0,"y":0}]},"DAMAGEAREA":{"translate":[{"time":0.2333,"x":-134.8,"y":173.22}],"scale":[{"time":0.2333,"x":1.141,"y":1.74}]}},"events":[{"time":0,"name":"Event","float":0.2,"string":"kHitStopType_enemyonly"},{"time":0,"name":"HitEffect","string":"setHitEffect(hit03b,1,1,1)"},{"time":0.1666,"name":"voice","string":"cri_032_voice_attack_b"},{"time":0.2,"name":"Sound1","string":"cri_se_battle_monster_swish"},{"time":0.2333,"name":"Event","float":0.1,"string":"shakeGround_Loop"},{"time":0.2333,"name":"Sound1","string":"setHitSound(se_battle_monster_claw)"}]},"back":{"slots":{"MAIN":{"attachment":[{"time":0,"name":"back_00"},{"time":0.2666,"name":"idle_04"},{"time":0.4333,"name":"idle_00"}]}},"bones":{"MAIN":{"translate":[{"time":0,"x":0,"y":0,"curve":[0.21,0.36,0.71,0.96]},{"time":0.3,"x":130,"y":0},{"time":0.5,"x":140,"y":0}]}}},"cast":{"slots":{"MAIN":{"attachment":[{"time":0,"name":"idle_00"},{"time":0.1333,"name":"attack1_00"},{"time":0.2,"name":"attack1_01"},{"time":0.3,"name":"attack1_02"},{"time":0.3666,"name":"attack1_03"},{"time":0.4,"name":"attack1_04"},{"time":0.4333,"name":"attack1_05"},{"time":0.5,"name":"skill1_01"},{"time":0.5666,"name":"skill1_02"},{"time":0.6333,"name":"skill1_03"},{"time":0.7,"name":"skill1_04"},{"time":0.7666,"name":"skill1_01"},{"time":0.8333,"name":"skill1_02"},{"time":0.9,"name":"skill1_03"}]}},"bones":{"MAIN":{"rotate":[{"time":0,"angle":0,"curve":"stepped"},{"time":0.5,"angle":10}],"translate":[{"time":0,"x":0,"y":0,"curve":"stepped"},{"time":0.1333,"x":0,"y":40,"curve":"stepped"},{"time":0.2,"x":-87.22,"y":222.04,"curve":"stepped"},{"time":0.3,"x":-191.79,"y":109.69,"curve":"stepped"},{"time":0.3666,"x":-90.17,"y":6.44,"curve":"stepped"},{"time":0.4,"x":90.77,"y":20.79,"curve":"stepped"},{"time":0.4333,"x":135.14,"y":63.03,"curve":"stepped"},{"time":0.5,"x":-0.44,"y":40.15}]},"Move":{"rotate":[{"time":0,"angle":0}]},"HITBOX":{"scale":[{"time":0.5,"x":1.44,"y":1}]}},"events":[{"time":0.5,"name":"voice","string":"cri_032_voice_attack_a"}]},"damage":{"slots":{"MAIN":{"attachment":[{"time":0,"name":"damage_00"}]}}},"front":{"slots":{"MAIN":{"attachment":[{"time":0,"name":"front_00"}]}},"bones":{"HITBOX":{"scale":[{"time":0,"x":1.45,"y":1}]}}},"idle":{"slots":{"MAIN":{"attachment":[{"time":0,"name":"idle_00"},{"time":0.1666,"name":"idle_01"},{"time":0.3333,"name":"idle_02"},{"time":0.5,"name":"idle_03"},{"time":0.6666,"name":"idle_04"},{"time":0.8333,"name":"idle_00"}]}}},"skill1":{"slots":{"DAMAGEAREA":{"attachment":[{"time":0.3,"name":"DAMAGEAREA"},{"time":0.4333,"name":null},{"time":0.5666,"name":"DAMAGEAREA"},{"time":0.7333,"name":null},{"time":1,"name":"DAMAGEAREA"},{"time":1.4666,"name":"DAMAGEAREA"}]},"MAIN":{"attachment":[{"time":0,"name":"idle_00"},{"time":0.1,"name":"attack1_00"},{"time":0.1666,"name":"attack1_01"},{"time":0.2666,"name":"attack1_02"},{"time":0.3333,"name":"attack1_03"},{"time":0.3666,"name":"attack1_04"},{"time":0.4,"name":"attack1_06"},{"time":0.5333,"name":"attack1_01"},{"time":0.5666,"name":"attack1_02"},{"time":0.6333,"name":"attack1_03"},{"time":0.6666,"name":"attack1_04"},{"time":0.7,"name":"attack1_05"},{"time":0.7666,"name":"idle_00"},{"time":0.8333,"name":"skill1_00"},{"time":1,"name":"skill1_01"},{"time":1.0666,"name":"skill1_02"},{"time":1.1333,"name":"skill1_03"},{"time":1.2,"name":"skill1_04"},{"time":1.2666,"name":"skill1_01"},{"time":1.3333,"name":"skill1_02"},{"time":1.4,"name":"skill1_03"}]}},"bones":{"MAIN":{"rotate":[{"time":0.7,"angle":23.89,"curve":"stepped"},{"time":0.7666,"angle":0},{"time":0.9666,"angle":-7.72,"curve":"stepped"},{"time":1,"angle":10}],"translate":[{"time":0,"x":0,"y":0,"curve":"stepped"},{"time":0.1,"x":0,"y":40,"curve":"stepped"},{"time":0.1666,"x":-120.37,"y":187.61,"curve":"stepped"},{"time":0.2666,"x":-205.82,"y":42.12,"curve":"stepped"},{"time":0.3333,"x":-113.12,"y":-53.47,"curve":"stepped"},{"time":0.3666,"x":135.39,"y":-39.12,"curve":"stepped"},{"time":0.4,"x":98.17,"y":187.98,"curve":"stepped"},{"time":0.5333,"x":-120.37,"y":187.61,"curve":"stepped"},{"time":0.5666,"x":-205.82,"y":42.12,"curve":"stepped"},{"time":0.6333,"x":-113.12,"y":-53.47,"curve":"stepped"},{"time":0.6666,"x":135.39,"y":-39.12,"curve":"stepped"},{"time":0.7,"x":135.14,"y":84.7,"curve":"stepped"},{"time":0.7666,"x":13,"y":9},{"time":0.9666,"x":25.66,"y":7.55,"curve":"stepped"},{"time":1,"x":-0.44,"y":72.03}]},"DAMAGEAREA":{"translate":[{"time":0.3,"x":-70.97,"y":37.59},{"time":0.4,"x":-91.03,"y":136.88,"curve":"stepped"},{"time":0.5666,"x":-70.97,"y":37.59},{"time":0.6666,"x":-91.03,"y":136.88,"curve":"stepped"},{"time":1,"x":-4.49,"y":98.94},{"time":1.3,"x":-9.14,"y":98.94}],"scale":[{"time":0.3,"x":2.496,"y":0.994},{"time":0.4,"x":2.949,"y":1.914,"curve":"stepped"},{"time":0.5666,"x":2.496,"y":0.994},{"time":0.6666,"x":2.949,"y":1.914,"curve":"stepped"},{"time":1,"x":1.789,"y":0.963},{"time":1.3,"x":3.813,"y":1.412}]}},"events":[{"time":0,"name":"Event","float":0.25,"string":"kHitStopType_enemyonly"},{"time":0,"name":"HitEffect","string":"setHitEffect(hit05b,1,1,1)"},{"time":0.2333,"name":"Event","string":"setHitBackEnemy(10,10)"},{"time":0.3,"name":"Event","float":0.4,"string":"shakeGround_Loop"},{"time":0.3,"name":"Sound1","string":"cri_se_battle_explosion_water_01"},{"time":0.3,"name":"Sound2","string":"setHitSound(se_battle_hard_hit)"},{"time":0.3333,"name":"Event","float":0.15,"string":"shakeGround_Loop"},{"time":0.5,"name":"Event","string":"setHitBackEnemy(20,20)"},{"time":0.5666,"name":"Event","float":0.4,"string":"shakeGround_Loop"},{"time":0.5666,"name":"Hit","float":1.25,"string":"resetHitList"},{"time":0.5666,"name":"Sound1","string":"cri_se_battle_explosion_water_02"},{"time":0.5666,"name":"Sound2","string":"setHitSound(se_battle_hard_hit)"},{"time":0.5666,"name":"voice","string":"cri_032_voice_skill"},{"time":0.6,"name":"Event","float":0.3,"string":"shakeGround_Loop"},{"time":0.9333,"name":"Event","float":0.3,"string":"kHitStopType_enemyonly"},{"time":0.9666,"name":"Event","string":"shakeGround"},{"time":0.9666,"name":"HitEffect","string":"setHitEffect(hit02b,1,1,1)"},{"time":1,"name":"Hit","float":1,"string":"resetHitList"},{"time":1,"name":"Sound1","string":"cri_se_battle_laser_water"},{"time":1,"name":"Sound2","string":"cri_se_battle_storm"},{"time":1,"name":"Sound3","string":"setHitSound(se_battle_explosion_water_02)"},{"time":1.0333,"name":"Event","int":40,"string":"kImpactType_knock_up"},{"time":1.0333,"name":"Hit","float":1.05,"string":"resetHitList"},{"time":1.0666,"name":"Hit","float":1.1,"string":"resetHitList"},{"time":1.1,"name":"Hit","float":1.15,"string":"resetHitList"},{"time":1.1333,"name":"Hit","float":1.2,"string":"resetHitList"},{"time":1.1666,"name":"Hit","float":1.25,"string":"resetHitList"},{"time":1.2,"name":"Hit","float":1.3,"string":"resetHitList"}]},"skill2":{"slots":{"DAMAGEAREA":{"attachment":[{"time":0.8666,"name":"DAMAGEAREA"},{"time":3.1666,"name":null}]},"MAIN":{"attachment":[{"time":0,"name":"idle_00"},{"time":0.1,"name":"attack1_00"},{"time":0.1666,"name":"attack1_01"},{"time":0.2666,"name":"attack1_02"},{"time":0.3333,"name":"attack1_03"},{"time":0.4,"name":"attack1_04"},{"time":0.4333,"name":"attack1_06"},{"time":0.4666,"name":"attack1_05"},{"time":0.6,"name":"skill1_00"},{"time":0.6666,"name":"skill1_01"},{"time":0.7333,"name":"skill1_02"},{"time":0.8,"name":"skill1_03"},{"time":0.8666,"name":"skill1_04"},{"time":0.9333,"name":"skill1_01"},{"time":1,"name":"skill1_02"},{"time":1.0666,"name":"skill1_03"},{"time":1.1333,"name":"skill1_04"},{"time":1.2,"name":"skill1_01"},{"time":1.2666,"name":"skill1_02"},{"time":1.3333,"name":"skill1_03"},{"time":1.4,"name":"skill1_04"},{"time":1.4666,"name":"skill1_01"},{"time":1.5333,"name":"skill1_02"},{"time":1.6,"name":"skill1_03"},{"time":1.6666,"name":"skill1_04"},{"time":1.7333,"name":"skill1_01"},{"time":1.8,"name":"skill1_02"},{"time":1.8666,"name":"skill1_03"},{"time":1.9333,"name":"skill1_04"},{"time":2,"name":"skill1_01"},{"time":2.0666,"name":"skill1_02"},{"time":2.1333,"name":"skill1_03"},{"time":2.2,"name":"skill1_04"},{"time":2.2666,"name":"skill1_00"},{"time":2.7333,"name":"skill1_04"},{"time":2.7666,"name":"skill1_01"},{"time":2.8,"name":"skill1_02"},{"time":2.8333,"name":"skill1_03"},{"time":2.8666,"name":"skill1_04"},{"time":2.9,"name":"skill1_01"},{"time":2.9333,"name":"skill1_02"},{"time":2.9666,"name":"skill1_03"},{"time":3,"name":"skill1_04"},{"time":3.1,"name":"skill1_00"},{"time":3.1333,"name":"skill1_01"},{"time":3.1666,"name":"skill1_02"},{"time":3.2,"name":"skill1_03"},{"time":3.2333,"name":"skill1_04"},{"time":3.2666,"name":"skill1_01"},{"time":3.3,"name":"skill1_02"},{"time":3.3333,"name":"skill1_03"},{"time":3.3666,"name":"skill1_04"},{"time":3.4333,"name":"idle_03"},{"time":3.5666,"name":"idle_04"},{"time":3.7,"name":"idle_00"}]}},"bones":{"MAIN":{"rotate":[{"time":0.6666,"angle":10,"curve":"stepped"},{"time":2.2666,"angle":0,"curve":[0.226,0.35,0.639,0.76]},{"time":2.4666,"angle":-6.36,"curve":[0.382,0.6,0.737,0.99]},{"time":2.7,"angle":-7.72,"curve":"stepped"},{"time":2.7333,"angle":5.13,"curve":"stepped"},{"time":3.4333,"angle":0}],"translate":[{"time":0,"x":0,"y":0,"curve":"stepped"},{"time":0.1,"x":0,"y":40,"curve":"stepped"},{"time":0.1666,"x":-120.37,"y":187.61,"curve":"stepped"},{"time":0.2666,"x":-263.59,"y":-73.5,"curve":"stepped"},{"time":0.3333,"x":-113.12,"y":-185.05,"curve":"stepped"},{"time":0.4,"x":181.03,"y":-93.45,"curve":"stepped"},{"time":0.4333,"x":154.67,"y":187.98,"curve":"stepped"},{"time":0.4666,"x":135.14,"y":84.7,"curve":"stepped"},{"time":0.6,"x":69.95,"y":-2.21,"curve":"stepped"},{"time":0.6666,"x":-0.44,"y":40.15,"curve":"stepped"},{"time":2.2666,"x":13,"y":9,"curve":[0.226,0.35,0.639,0.76]},{"time":2.4666,"x":229.67,"y":7.8,"curve":[0.382,0.6,0.737,0.99]},{"time":2.7,"x":255.64,"y":7.55},{"time":3,"x":-1169.43,"y":41,"curve":"stepped"},{"time":3.1,"x":893.68,"y":41,"curve":[0.217,0.41,0.75,1]},{"time":3.4333,"x":-10,"y":41},{"time":3.6,"x":0,"y":41}]},"Move":{"translate":[{"time":0,"x":0,"y":48.64}]},"DAMAGEAREA":{"translate":[{"time":0.8666,"x":181.87,"y":10},{"time":0.9333,"x":20.2,"y":10,"curve":"stepped"},{"time":3.0666,"x":20.2,"y":14.02},{"time":3.1,"x":-191.34,"y":-33.96}],"scale":[{"time":0.8666,"x":4.717,"y":2.31},{"time":0.9333,"x":8.53,"y":2.31,"curve":"stepped"},{"time":3.0333,"x":6.298,"y":2.309},{"time":3.0666,"x":6.298,"y":0.999},{"time":3.1,"x":4.1,"y":0.585}]},"SHADOW-OFFSET":{"scale":[{"time":0,"x":0,"y":0,"curve":"stepped"},{"time":0.5666,"x":1,"y":1}]}},"events":[{"time":0,"name":"Event","float":0.05,"string":"kHitStopType_enemyonly"},{"time":0,"name":"HitEffect","string":"setHitEffect(hit08b,1,2,25)"},{"time":0.0333,"name":"Event","string":"ignoreBorder_true"},{"time":0.0666,"name":"Event","string":"setHitEffect(hit08b,1,1,1)"},{"time":0.4333,"name":"voice","string":"cri_032_voice_fullarts_now"},{"time":0.7,"name":"Sound1","string":"cri_se_battle_laser_water"},{"time":0.7,"name":"Sound2","string":"cri_se_battle_storm"},{"time":0.7,"name":"Sound3","string":"cri_se_battle_earthquake"},{"time":0.8,"name":"Event","float":3,"string":"shakeGround_Loop"},{"time":0.8333,"name":"Event","string":"addOrbitSystemCamera_wave2"},{"time":0.8666,"name":"Event","string":"kImpactType_up"},{"time":0.8666,"name":"Sound3","string":"setHitSound(se_battle_explosion_water_02)"},{"time":0.9,"name":"Event","string":"kImpactType_normal"},{"time":1,"name":"Hit","float":0.9,"string":"resetHitList"},{"time":1.1333,"name":"Hit","float":0.8,"string":"resetHitList"},{"time":1.2666,"name":"Event","string":"kImpactType_down"},{"time":1.2666,"name":"Hit","float":0.7,"string":"resetHitList"},{"time":1.3,"name":"Event","string":"kImpactType_normal"},{"time":1.4,"name":"Hit","float":0.8,"string":"resetHitList"},{"time":1.5333,"name":"Hit","float":0.9,"string":"resetHitList"},{"time":1.6666,"name":"Event","string":"kImpactType_up"},{"time":1.6666,"name":"Hit","string":"resetHitList"},{"time":1.7,"name":"Event","string":"kImpactType_normal"},{"time":1.8,"name":"Hit","float":0.9,"string":"resetHitList"},{"time":1.9333,"name":"Hit","float":0.8,"string":"resetHitList"},{"time":2.0666,"name":"Event","string":"kImpactType_down"},{"time":2.0666,"name":"Hit","float":0.7,"string":"resetHitList"},{"time":2.1,"name":"Event","string":"kImpactType_normal"},{"time":2.2,"name":"Hit","float":0.8,"string":"resetHitList"},{"time":2.3333,"name":"Hit","float":0.9,"string":"resetHitList"},{"time":2.4666,"name":"Event","string":"kImpactType_up"},{"time":2.4666,"name":"Hit","string":"resetHitList"},{"time":2.5,"name":"Event","string":"kImpactType_normal"},{"time":2.6,"name":"Hit","float":1.1,"string":"resetHitList"},{"time":2.7333,"name":"Hit","float":1.2,"string":"resetHitList"},{"time":2.7333,"name":"Sound1","string":"cri_se_battle_laser_water"},{"time":2.8666,"name":"Event","string":"kImpactType_knock"},{"time":2.8666,"name":"Hit","float":1.3,"string":"resetHitList"},{"time":3,"name":"Hit","float":1.3,"string":"resetHitList"}]}}}