{"skeleton":{"hash":"gymVL3cTsaplAu9ujaHUL8K5FTk","spine":"3.0.12","width":0,"height":0,"images":"./images/"},"bones":[{"name":"root"},{"name":"MAIN","parent":"root","y":43.55,"color":"00169cff"},{"name":"HITBOX","parent":"MAIN","y":-45,"color":"00169cff"},{"name":"EF_trail_sword2","parent":"root","x":-223.44,"y":72.62,"color":"ff001eff"},{"name":"EF_sp_1","parent":"root","x":-196.64,"y":98.1,"color":"d60014ff"},{"name":"DAMAGEAREA","parent":"root","y":-1.44},{"name":"130_S1_wave1","parent":"root","y":-1.44,"color":"9b0900ff"}],"slots":[{"name":"Grit/bg","bone":"root","color":"96969667"},{"name":"Grit/grid","bone":"root","color":"ffffff62"},{"name":"EF/130_S1_wave1/130_S1_wave1_00000","bone":"130_S1_wave1","blend":"additive"},{"name":"MAIN","bone":"MAIN","attachment":"skeleton-idle_0"},{"name":"EF/trail/sp_ef","bone":"EF_sp_1","color":"faff12ff","blend":"additive"},{"name":"EF/trail/10000-combo_7_ef1_1","bone":"EF_trail_sword2","color":"faff12ff","blend":"additive"},{"name":"DAMAGEAREA","bone":"DAMAGEAREA"},{"name":"HITBOX","bone":"HITBOX","attachment":"HITBOX"}],"skins":{"default":{"DAMAGEAREA":{"DAMAGEAREA":{"type":"boundingbox","vertices":[-98.88086,99.49362,-98.88086,-96.75426,97.36702,-96.75427,99.14299,98.60561,0,0,0,0,0,0,0,0]}},"EF/130_S1_wave1/130_S1_wave1_00000":{"EF/130_S1_wave1/130_S1_wave1_00000":{"width":175,"height":175},"EF/130_S1_wave1/130_S1_wave1_00002":{"width":175,"height":175},"EF/130_S1_wave1/130_S1_wave1_00004":{"width":175,"height":175},"EF/130_S1_wave1/130_S1_wave1_00005":{"width":175,"height":175},"EF/130_S1_wave1/130_S1_wave1_00006":{"width":175,"height":175},"EF/130_S1_wave1/130_S1_wave1_00007":{"width":175,"height":175},"EF/130_S1_wave1/130_S1_wave1_00008":{"width":175,"height":175},"EF/130_S1_wave1/130_S1_wave1_00010":{"width":175,"height":175}},"EF/trail/10000-combo_7_ef1_1":{"EF/trail/10000-combo_7_ef1_1":{"x":43.12,"y":40.92,"width":206,"height":171},"EF/trail/10000-combo_7_ef1_2":{"x":43.12,"y":40.92,"width":206,"height":171},"EF/trail/10000-combo_7_ef1_3":{"x":43.12,"y":40.92,"width":206,"height":171},"EF/trail/EF":{"x":11.33,"y":-24.99,"rotation":24.42,"width":394,"height":176}},"EF/trail/sp_ef":{"EF/trail/sp_ef_1":{"x":3.5,"y":1.07,"width":206,"height":171},"EF/trail/sp_ef_2":{"x":3.5,"y":1.07,"width":206,"height":171},"EF/trail/sp_ef_3":{"x":3.5,"y":1.07,"width":206,"height":171}},"HITBOX":{"HITBOX":{"type":"boundingbox","vertices":[-27.84094,121.6936,-26.95294,-13.28231,31.65503,-12.39433,29.87906,120.80562,0,0,0,0,0,0,0,0]}},"MAIN":{"skeleton-back_0":{"x":-27.59,"y":39.39,"width":379,"height":319},"skeleton-combo_0":{"x":-33.78,"y":25.23,"width":325,"height":246},"skeleton-combo_1":{"x":-17.43,"y":25.23,"width":325,"height":246},"skeleton-combo_2":{"x":-13.07,"y":25.23,"width":325,"height":246},"skeleton-combo_3":{"x":-34.33,"y":25.23,"width":325,"height":246},"skeleton-combo_4":{"x":-32.69,"y":25.23,"width":325,"height":246},"skeleton-combo_5":{"x":-41.96,"y":25.23,"width":325,"height":246},"skeleton-combo_6":{"x":-53.4,"y":25.23,"width":325,"height":246},"skeleton-combo_7":{"x":-13.07,"y":25.23,"width":325,"height":246},"skeleton-combo_8":{"x":-14.16,"y":25.23,"width":325,"height":246},"skeleton-combo_9":{"x":-23.97,"y":25.23,"width":325,"height":246},"skeleton-combo_10":{"x":-32.69,"y":25.23,"width":325,"height":246},"skeleton-damage_0":{"x":17.93,"y":33.56,"width":397,"height":321},"skeleton-front_0":{"x":40.33,"y":17.06,"width":219,"height":127},"skeleton-idle_0":{"x":-48.9,"y":12.96,"width":227,"height":123},"skeleton-idle_1":{"x":-48.9,"y":12.96,"width":227,"height":123},"skeleton-idle_2":{"x":-48.9,"y":12.96,"width":227,"height":123},"skeleton-idle_3":{"x":-48.9,"y":12.96,"width":227,"height":123},"skeleton-idle_4":{"x":-48.9,"y":12.96,"width":227,"height":123},"skeleton-skill1_0":{"x":-14.71,"y":25.23,"width":268,"height":174},"skeleton-skill1_1":{"x":-14.71,"y":25.23,"width":268,"height":174},"skeleton-skill1_2":{"x":-14.71,"y":25.23,"width":268,"height":174},"skeleton-skill1_10":{"x":-14.71,"y":25.23,"width":268,"height":174},"skeleton-skill1_15":{"x":-14.71,"y":25.23,"width":268,"height":174},"skeleton-skill1_16":{"x":-14.71,"y":25.23,"width":268,"height":174},"skeleton-skill1_18":{"x":-14.71,"y":25.23,"width":268,"height":174},"skeleton-skill1_19":{"x":-14.71,"y":25.23,"width":268,"height":174},"skeleton-skill1_20":{"x":-14.71,"y":25.23,"width":268,"height":174},"skeleton-skill2_0":{"x":14.39,"y":233.1,"width":336,"height":579},"skeleton-skill2_1":{"x":14.4,"y":233.1,"width":336,"height":579},"skeleton-skill2_2":{"x":14.4,"y":233.1,"width":336,"height":579},"skeleton-skill2_4":{"x":14.4,"y":233.1,"width":336,"height":579},"skeleton-skill2_5":{"x":14.4,"y":140.97,"width":336,"height":579},"skeleton-skill2_6":{"x":14.4,"y":63.56,"width":336,"height":579},"skeleton-skill2_7":{"x":14.4,"y":-86.04,"width":336,"height":579},"skeleton-skill2_8":{"x":14.4,"y":-76.46,"width":336,"height":579},"skeleton-skill2_9":{"x":14.4,"y":-87.52,"width":336,"height":579},"skeleton-skill2_10":{"x":14.4,"y":-97.83,"width":336,"height":579},"skeleton-skill2_11":{"x":14.4,"y":-97.84,"width":336,"height":579},"skeleton-skill2_12":{"x":14.4,"y":-97.84,"width":336,"height":579},"skeleton-skill2_13":{"x":14.4,"y":-84.57,"width":336,"height":579},"skeleton-skill2_15":{"x":14.4,"y":-5.71,"width":336,"height":579},"skeleton-skill2_16":{"x":14.4,"y":88.64,"width":336,"height":579},"skeleton-skill2_17":{"x":14.4,"y":233.1,"width":336,"height":579},"skeleton-skill2_19":{"x":14.4,"y":233.1,"width":336,"height":579}}}},"events":{"Event":{},"Hit":{},"HitEffect":{},"Sound1":{},"Sound2":{},"Sound3":{},"Voice":{}},"animations":{"attack1":{"slots":{"DAMAGEAREA":{"attachment":[{"time":0.1666,"name":"DAMAGEAREA"},{"time":0.2666,"name":null},{"time":0.5333,"name":"DAMAGEAREA"},{"time":0.5666,"name":null},{"time":0.7,"name":"DAMAGEAREA"},{"time":0.7333,"name":null},{"time":1.1333,"name":"DAMAGEAREA"},{"time":1.3333,"name":null}]},"EF/trail/10000-combo_7_ef1_1":{"attachment":[{"time":0.5333,"name":"EF/trail/10000-combo_7_ef1_1"},{"time":0.5666,"name":null},{"time":0.7,"name":"EF/trail/EF"},{"time":0.7333,"name":null}]},"EF/trail/sp_ef":{"attachment":[{"time":0.1666,"name":"EF/trail/sp_ef_1"},{"time":0.2,"name":"EF/trail/sp_ef_2"},{"time":0.2333,"name":"EF/trail/sp_ef_3"},{"time":0.2666,"name":null},{"time":1.1333,"name":"EF/trail/sp_ef_1"},{"time":1.1666,"name":"EF/trail/sp_ef_2"},{"time":1.2,"name":"EF/trail/sp_ef_3"},{"time":1.2333,"name":null}]},"MAIN":{"attachment":[{"time":0,"name":"skeleton-combo_0"},{"time":0.1666,"name":"skeleton-combo_1"},{"time":0.2333,"name":"skeleton-combo_2"},{"time":0.3666,"name":"skeleton-combo_3"},{"time":0.4666,"name":"skeleton-combo_4"},{"time":0.5333,"name":"skeleton-combo_5"},{"time":0.6,"name":"skeleton-combo_6"},{"time":0.6666,"name":"skeleton-combo_7"},{"time":0.7,"name":"skeleton-combo_8"},{"time":0.8666,"name":"skeleton-combo_9"},{"time":1,"name":"skeleton-combo_10"},{"time":1.1333,"name":"skeleton-combo_1"},{"time":1.1666,"name":"skeleton-combo_2"},{"time":1.4,"name":"skeleton-back_0"},{"time":1.5666,"name":"skeleton-idle_0"}]}},"bones":{"MAIN":{"translate":[{"time":0,"x":0,"y":0,"curve":"stepped"},{"time":0.1666,"x":0,"y":0},{"time":0.2333,"x":-17.81,"y":0,"curve":"stepped"},{"time":0.3666,"x":-17.81,"y":0},{"time":0.4666,"x":-25.83,"y":0,"curve":"stepped"},{"time":0.6666,"x":-34.74,"y":0,"curve":"stepped"},{"time":1,"x":-34.74,"y":0},{"time":1.1,"x":-26.72,"y":0,"curve":"stepped"},{"time":1.1333,"x":-135.29,"y":0,"curve":[0.152,0.89,0.75,1]},{"time":1.3,"x":-143.18,"y":0,"curve":"stepped"},{"time":1.4,"x":-143.18,"y":0},{"time":1.4666,"x":-24.57,"y":30.28},{"time":1.5666,"x":-4.91,"y":0},{"time":1.6333,"x":0,"y":0}]},"EF_sp_1":{"translate":[{"time":0.1666,"x":45.79,"y":-36.63,"curve":"stepped"},{"time":0.2666,"x":13.73,"y":-36.63,"curve":"stepped"},{"time":1.1333,"x":19.63,"y":-36.63},{"time":1.2333,"x":24.72,"y":-36.63}],"scale":[{"time":0.1666,"x":2,"y":1},{"time":0.2666,"x":2.5,"y":2.5,"curve":"stepped"},{"time":1.1333,"x":2.848,"y":1.709},{"time":1.2333,"x":3,"y":3}]},"EF_trail_sword2":{"rotate":[{"time":0.5333,"angle":62.33,"curve":"stepped"},{"time":0.7,"angle":-11.25}],"translate":[{"time":0.5333,"x":166.36,"y":-103,"curve":"stepped"},{"time":0.7,"x":228.32,"y":38.31}],"scale":[{"time":0.5333,"x":1.9,"y":2.268,"curve":"stepped"},{"time":0.7,"x":2.829,"y":1.51}]},"DAMAGEAREA":{"translate":[{"time":0.1666,"x":-121.52,"y":50.99,"curve":"stepped"},{"time":0.5333,"x":-162.46,"y":34.25},{"time":0.7,"x":-150.6,"y":94.22},{"time":1.1333,"x":-235.44,"y":50.99}],"scale":[{"time":0.1666,"x":1.726,"y":0.479,"curve":"stepped"},{"time":0.5333,"x":1.327,"y":0.767},{"time":0.7,"x":1.441,"y":0.954}]}},"events":[{"time":0,"name":"Event","float":0.2,"string":"kHitStopType_normal"},{"time":0.1333,"name":"Sound1","string":"cri_se_battle_arrow"},{"time":0.1666,"name":"Sound1","string":"setHitSound(se_battle_thrustviolently)"},{"time":0.1666,"name":"Voice","string":"cri_004_voice_attack_random"},{"time":0.5,"name":"Sound1","string":"cri_se_battle_swordswish_light"},{"time":0.5333,"name":"Event","float":0.1,"string":"kHitStopType_normal"},{"time":0.5333,"name":"Hit","string":"resetHitList"},{"time":0.5333,"name":"Sound1","string":"setHitSound(se_battle_017_sword_hit_01)"},{"time":0.6666,"name":"Sound1","string":"cri_se_battle_swordswish_light"},{"time":0.7,"name":"Hit","string":"resetHitList"},{"time":0.7,"name":"Sound1","string":"setHitSound(se_battle_017_sword_hit_01)"},{"time":1,"name":"Voice","string":"cri_004_voice_attack_c"},{"time":1.1,"name":"Sound1","string":"cri_se_battle_swordswish_light"},{"time":1.1333,"name":"Event","float":0.15,"string":"kHitStopType_normal"},{"time":1.1333,"name":"Hit","float":1.25,"string":"resetHitList"},{"time":1.1333,"name":"Sound1","string":"setHitSound(se_battle_thrustviolently)"}]},"back":{"slots":{"MAIN":{"attachment":[{"time":0,"name":"skeleton-back_0"},{"time":0.2666,"name":"skeleton-idle_0"},{"time":0.7333,"name":"skeleton-idle_0"}]}},"bones":{"MAIN":{"translate":[{"time":0,"x":0,"y":0},{"time":0.1333,"x":77.89,"y":14.55},{"time":0.3,"x":130,"y":0,"curve":[0.221,0.72,0.75,1]},{"time":0.5666,"x":140,"y":0}]}},"events":[{"time":0,"name":"Sound1","string":"cri_se_battle_jump"},{"time":0.2666,"name":"Sound1","string":"cri_se_battle_landing"}]},"cast":{"slots":{"EF/trail/10000-combo_7_ef1_1":{"attachment":[{"time":0.5333,"name":"EF/trail/EF"},{"time":0.5666,"name":null}]},"MAIN":{"attachment":[{"time":0,"name":"skeleton-combo_6"},{"time":0.5,"name":"skeleton-combo_7"},{"time":0.5333,"name":"skeleton-combo_8"},{"time":0.8333,"name":"skeleton-idle_0"}]}},"bones":{"MAIN":{"translate":[{"time":0.5,"x":-34.74,"y":0}]},"EF_trail_sword2":{"rotate":[{"time":0.5333,"angle":-11.25}],"translate":[{"time":0.5333,"x":209.76,"y":90.42}],"scale":[{"time":0.5333,"x":3.446,"y":2.244}]}},"events":[{"time":0.5,"name":"Voice","string":"cri_004_voice_item"}]},"damage":{"slots":{"MAIN":{"attachment":[{"time":0,"name":"skeleton-damage_0"}]}}},"front":{"slots":{"MAIN":{"attachment":[{"time":0,"name":"skeleton-front_0"}]}}},"idle":{"slots":{"MAIN":{"attachment":[{"time":0,"name":"skeleton-idle_0"},{"time":0.1666,"name":"skeleton-idle_1"},{"time":0.3333,"name":"skeleton-idle_2"},{"time":0.5,"name":"skeleton-idle_3"},{"time":0.6666,"name":"skeleton-idle_4"},{"time":0.8333,"name":"skeleton-idle_0"}]}}},"skill1":{"slots":{"DAMAGEAREA":{"attachment":[{"time":0.2666,"name":"DAMAGEAREA"},{"time":0.4,"name":null}]},"EF/130_S1_wave1/130_S1_wave1_00000":{"attachment":[{"time":0.2,"name":"EF/130_S1_wave1/130_S1_wave1_00000"},{"time":0.2333,"name":"EF/130_S1_wave1/130_S1_wave1_00002"},{"time":0.2666,"name":"EF/130_S1_wave1/130_S1_wave1_00004"},{"time":0.3333,"name":"EF/130_S1_wave1/130_S1_wave1_00005"},{"time":0.3666,"name":"EF/130_S1_wave1/130_S1_wave1_00006"},{"time":0.4,"name":"EF/130_S1_wave1/130_S1_wave1_00007"},{"time":0.4666,"name":"EF/130_S1_wave1/130_S1_wave1_00008"},{"time":0.5,"name":"EF/130_S1_wave1/130_S1_wave1_00010"},{"time":0.5666,"name":null}]},"MAIN":{"attachment":[{"time":0,"name":"skeleton-skill1_0"},{"time":0.0666,"name":"skeleton-skill1_1"},{"time":0.1333,"name":"skeleton-skill1_2"},{"time":0.8,"name":"skeleton-skill1_10"},{"time":0.9333,"name":"skeleton-skill1_15"},{"time":1.0666,"name":"skeleton-skill1_16"},{"time":1.3,"name":"skeleton-skill1_18"},{"time":1.4,"name":"skeleton-skill1_19"},{"time":1.5,"name":"skeleton-skill1_20"}]}},"bones":{"MAIN":{"translate":[{"time":2,"x":0,"y":0}]},"130_S1_wave1":{"translate":[{"time":0.2,"x":2.98,"y":19.3}],"scale":[{"time":0.2,"x":2,"y":2},{"time":0.5666,"x":3,"y":3}]},"DAMAGEAREA":{"translate":[{"time":0.2666,"x":-8,"y":64.05}],"scale":[{"time":0.2666,"x":1,"y":1}]}},"events":[{"time":0,"name":"HitEffect","string":"setHitEffect(hit01d,1,1,1)"},{"time":0.0666,"name":"Sound1","string":"cri_se_battle_lightning"},{"time":0.0666,"name":"Sound2","string":"cri_se_battle_bell_tree_03"},{"time":0.0666,"name":"Voice","string":"cri_004_voice_skill_all"},{"time":0.2,"name":"Event","int":600,"string":"kImpactType_knock"},{"time":0.2333,"name":"Event","float":0.1,"string":"kHitStopType_enemyonly"},{"time":0.2666,"name":"Event","string":"shakeGround"},{"time":0.5666,"name":"Sound1","string":"cri_se_battle_arrow_light_effect"},{"time":1.7,"name":"Event","string":"runScript-addBuff"}]},"skill2":{"slots":{"DAMAGEAREA":{"attachment":[{"time":1.3,"name":"DAMAGEAREA"},{"time":1.9666,"name":null}]},"EF/130_S1_wave1/130_S1_wave1_00000":{"attachment":[{"time":0.3666,"name":"EF/130_S1_wave1/130_S1_wave1_00000"},{"time":0.4333,"name":"EF/130_S1_wave1/130_S1_wave1_00004"},{"time":0.4666,"name":"EF/130_S1_wave1/130_S1_wave1_00006"},{"time":0.5,"name":"EF/130_S1_wave1/130_S1_wave1_00007"},{"time":0.5333,"name":"EF/130_S1_wave1/130_S1_wave1_00008"},{"time":0.5666,"name":"EF/130_S1_wave1/130_S1_wave1_00010"},{"time":0.6333,"name":null}],"color":[{"time":0.5333,"color":"ffffffff"},{"time":0.6333,"color":"ffffff00"}]},"MAIN":{"attachment":[{"time":0,"name":"skeleton-skill2_0"},{"time":0.0666,"name":"skeleton-skill2_1"},{"time":0.1333,"name":"skeleton-skill2_2"},{"time":0.2,"name":"skeleton-skill2_4"},{"time":0.3333,"name":"skeleton-skill2_5"},{"time":0.4333,"name":"skeleton-skill2_6"},{"time":0.5666,"name":"skeleton-skill2_7"},{"time":0.6333,"name":"skeleton-skill2_8"},{"time":0.7,"name":"skeleton-skill2_9"},{"time":0.9666,"name":"skeleton-skill2_10"},{"time":1,"name":"skeleton-skill2_11"},{"time":1.0666,"name":"skeleton-skill2_12"},{"time":1.8333,"name":"skeleton-skill2_13"},{"time":1.9666,"name":"skeleton-skill2_15"},{"time":2.1666,"name":"skeleton-skill2_16"},{"time":2.2333,"name":"skeleton-skill2_17"},{"time":2.3333,"name":"skeleton-skill2_19"},{"time":2.4666,"name":"skeleton-skill2_19"}]}},"bones":{"MAIN":{"translate":[{"time":0.3333,"x":0,"y":0,"curve":[0.063,0.76,0.75,1]},{"time":0.5666,"x":0,"y":242.42,"curve":[0.106,0.63,0.75,1]},{"time":0.9666,"x":0,"y":246.74,"curve":[0.163,0.79,0.305,1]},{"time":1.5666,"x":0,"y":258.25,"curve":"stepped"},{"time":1.8333,"x":0,"y":258.25,"curve":[0.552,0,0.75,1]},{"time":2.1666,"x":0,"y":0}]},"130_S1_wave1":{"translate":[{"time":0.3666,"x":8.59,"y":32.43}],"scale":[{"time":0.3666,"x":3.68,"y":3.68}]},"DAMAGEAREA":{"translate":[{"time":1.3,"x":-234.8,"y":-7.24},{"time":1.4,"x":-233.17,"y":15.94},{"time":1.4666,"x":255.88,"y":95.2,"curve":"stepped"},{"time":1.6666,"x":62.2,"y":-12.39}],"scale":[{"time":1.3,"x":0.749,"y":2.067},{"time":1.4,"x":1.55,"y":2.087},{"time":1.4666,"x":0.744,"y":2.101},{"time":1.6333,"x":2.343,"y":1.638},{"time":1.6666,"x":0.956,"y":1.638},{"time":1.8666,"x":2.294,"y":1.638}]},"EF_trail_sword2":{"translate":[{"time":1.5,"x":-343.04,"y":-218.86}]},"EF_sp_1":{"translate":[{"time":1.5,"x":-343.04,"y":-218.86}]}},"events":[{"time":0,"name":"HitEffect","string":"setHitEffect(hit04d,1,1,1)"},{"time":0,"name":"Voice","string":"cri_004_voice_fullarts_now"},{"time":0.3333,"name":"Sound1","string":"cri_se_battle_Flutter"},{"time":0.3333,"name":"Sound2","string":"cri_se_battle_jump"},{"time":0.4333,"name":"Sound1","string":"cri_se_battle_charge"},{"time":0.4666,"name":"Sound1","string":"cri_se_battle_lightning"},{"time":1,"name":"Event","string":"addOrbitSystemCamera_Light"},{"time":1,"name":"Sound1","string":"cri_se_battle_arrow_light_effect"},{"time":1,"name":"Voice","string":"cri_004_voice_fullarts_rank2"},{"time":1.2,"name":"Event","string":"kImpactType_up"},{"time":1.2333,"name":"Event","float":0.2,"string":"kHitStopType_enemyonly"},{"time":1.2666,"name":"Sound1","string":"cri_se_battle_lightning"},{"time":1.3,"name":"Event","string":"shakeGround"},{"time":1.3,"name":"Sound1","string":"cri_se_battle_explosion_short"},{"time":1.3666,"name":"Event","string":"shakeGround"},{"time":1.4333,"name":"Sound1","string":"cri_se_battle_lightning"},{"time":1.4666,"name":"Sound1","string":"cri_se_battle_explosion_short"},{"time":1.5666,"name":"Event","string":"shakeGround"},{"time":1.6333,"name":"Sound1","string":"cri_se_battle_lightning"},{"time":1.6666,"name":"Sound1","string":"cri_se_battle_explosion_short"},{"time":1.7,"name":"Event","string":"shakeGround"},{"time":2.1666,"name":"Sound1","string":"cri_se_battle_landing"}]}}}