{"skeleton":{"hash":"L/afJ8krOV85ujbVsQFbyMBAJZ8","spine":"3.0.12","width":479,"height":714},"bones":[{"name":"root"},{"name":"MAIN","parent":"root"}],"slots":[{"name":"09","bone":"MAIN","attachment":"09"},{"name":"08","bone":"MAIN","attachment":"08"},{"name":"07","bone":"MAIN","attachment":"07"},{"name":"06","bone":"MAIN","attachment":"06"},{"name":"05","bone":"MAIN","attachment":"05"},{"name":"04","bone":"MAIN","attachment":"04"},{"name":"03","bone":"MAIN","attachment":"03"},{"name":"face00","bone":"MAIN","attachment":"face03"},{"name":"01","bone":"MAIN","attachment":"01"}],"skins":{"default":{"01":{"01":{"x":16.5,"y":771,"width":75,"height":10}},"03":{"03":{"x":114,"y":681,"width":64,"height":86}},"04":{"04":{"x":153.5,"y":656.5,"width":15,"height":37}},"05":{"05":{"x":-142,"y":396,"width":64,"height":480}},"06":{"06":{"x":18,"y":350,"width":256,"height":576}},"07":{"07":{"x":211,"y":450.5,"width":130,"height":375}},"08":{"08":{"x":-182.5,"y":458.5,"width":17,"height":73}},"09":{"09":{"x":281,"y":437,"width":14,"height":110}},"face00":{"face00":{"x":-14.5,"y":702,"width":193,"height":128},"face02":{"x":-14,"y":702,"width":192,"height":128},"face03":{"x":-14,"y":702,"width":192,"height":128}}}},"animations":{"100":{"slots":{"01":{"attachment":[{"time":0,"name":"01"}]},"03":{"attachment":[{"time":0,"name":"03"}]},"04":{"attachment":[{"time":0,"name":"04"}]},"05":{"attachment":[{"time":0,"name":"05"}]},"06":{"attachment":[{"time":0,"name":"06"}]},"07":{"attachment":[{"time":0,"name":"07"}]},"08":{"attachment":[{"time":0,"name":"08"}]},"09":{"attachment":[{"time":0,"name":"09"}]},"face00":{"attachment":[{"time":0,"name":"face03"}]}}},"110":{"slots":{"01":{"attachment":[{"time":0,"name":"01"}]},"03":{"attachment":[{"time":0,"name":"03"}]},"04":{"attachment":[{"time":0,"name":"04"}]},"05":{"attachment":[{"time":0,"name":"05"}]},"06":{"attachment":[{"time":0,"name":"06"}]},"07":{"attachment":[{"time":0,"name":"07"}]},"08":{"attachment":[{"time":0,"name":"08"}]},"09":{"attachment":[{"time":0,"name":"09"}]},"face00":{"attachment":[{"time":0,"name":"face00"}]}}},"120":{"slots":{"01":{"attachment":[{"time":0,"name":"01"}]},"03":{"attachment":[{"time":0,"name":"03"}]},"04":{"attachment":[{"time":0,"name":"04"}]},"05":{"attachment":[{"time":0,"name":"05"}]},"06":{"attachment":[{"time":0,"name":"06"}]},"07":{"attachment":[{"time":0,"name":"07"}]},"08":{"attachment":[{"time":0,"name":"08"}]},"09":{"attachment":[{"time":0,"name":"09"}]},"face00":{"attachment":[{"time":0,"name":"face02"}]}}}}}