{"skeleton":{"hash":"IYJsYLm+ycJf5Jt2XT43AfCdIE8","spine":"3.0.12","width":464,"height":464},"bones":[{"name":"root"},{"name":"MAIN2","parent":"root","y":73},{"name":"HITBOX2","parent":"MAIN2","y":-73},{"name":"DOT_EF2","parent":"MAIN2","y":-25.66},{"name":"MAIN","parent":"root","y":73},{"name":"HITBOX","parent":"MAIN","y":-73},{"name":"DOT_EF","parent":"MAIN","y":-25.66},{"name":"EF_MAIN","parent":"root"},{"name":"eye_shine","parent":"EF_MAIN","x":800,"y":500},{"name":"ef_trust_sumi7","parent":"EF_MAIN","x":700,"y":300,"scaleX":0.5,"scaleY":0.5},{"name":"ef_trust_sumi6","parent":"EF_MAIN","x":700,"y":300,"scaleX":0.5,"scaleY":0.5},{"name":"ef_trust_sumi5","parent":"EF_MAIN","x":700,"y":300,"scaleX":0.5,"scaleY":0.5},{"name":"ef_trust_sumi4","parent":"EF_MAIN","x":700,"y":300,"scaleX":0.5,"scaleY":0.5},{"name":"ef_trust_sumi3","parent":"EF_MAIN","x":700,"y":300,"scaleX":0.5,"scaleY":0.5},{"name":"ef_trust_sumi2","parent":"EF_MAIN","x":700,"y":300,"scaleX":0.5,"scaleY":0.5},{"name":"ef_trust_sumi","parent":"EF_MAIN","x":700,"y":300,"scaleX":0.5,"scaleY":0.5},{"name":"ef_slash_trust_sumi2","parent":"EF_MAIN","x":700,"y":400},{"name":"ef_slash_trust_sumi","parent":"EF_MAIN","x":700,"y":400},{"name":"ef_slash_B_main","parent":"EF_MAIN","x":700,"y":600},{"name":"ef_slash_A_main","parent":"EF_MAIN","x":600,"y":300},{"name":"ef_rot_wave_sumi2","parent":"EF_MAIN","x":900},{"name":"ef_rot_wave_sumi","parent":"EF_MAIN","x":900},{"name":"ef_lance_rot_sumi2","parent":"EF_MAIN","x":600,"y":400},{"name":"ef_lance_rot_sumi","parent":"EF_MAIN","x":600,"y":400},{"name":"ef_jet_sumi","parent":"EF_MAIN","x":600,"y":500},{"name":"ef_graund_wave_sumi5","parent":"EF_MAIN","x":800},{"name":"ef_graund_wave_sumi4","parent":"EF_MAIN","x":800},{"name":"ef_graund_wave_sumi3","parent":"EF_MAIN","x":800},{"name":"ef_graund_wave_sumi2","parent":"EF_MAIN","x":800},{"name":"ef_graund_wave_sumi","parent":"EF_MAIN","x":800},{"name":"ef_graund_earth_sumi16","parent":"EF_MAIN","x":700,"scaleX":1.1,"scaleY":1.1},{"name":"ef_graund_earth_sumi15","parent":"EF_MAIN","x":700},{"name":"ef_graund_earth_sumi14","parent":"EF_MAIN","x":700},{"name":"ef_graund_earth_sumi13","parent":"EF_MAIN","x":700},{"name":"ef_graund_earth_sumi12","parent":"EF_MAIN","x":700},{"name":"ef_graund_earth_sumi11","parent":"EF_MAIN","x":700},{"name":"ef_graund_earth_sumi10","parent":"EF_MAIN","x":700},{"name":"ef_graund_earth_sumi9","parent":"EF_MAIN","x":700},{"name":"ef_graund_earth_sumi8","parent":"EF_MAIN","x":700},{"name":"ef_graund_earth_sumi7","parent":"EF_MAIN","x":700},{"name":"ef_graund_earth_sumi6","parent":"EF_MAIN","x":700},{"name":"ef_graund_earth_sumi5","parent":"EF_MAIN","x":700},{"name":"ef_graund_earth_sumi4","parent":"EF_MAIN","x":700},{"name":"ef_graund_earth_sumi3","parent":"EF_MAIN","x":700},{"name":"ef_graund_earth_sumi2","parent":"EF_MAIN","x":700},{"name":"ef_graund_earth_sumi","parent":"EF_MAIN","x":700,"scaleX":1.1,"scaleY":1.1},{"name":"ef_dash_sumi","parent":"EF_MAIN","x":600},{"name":"DAMAGEAREA","parent":"root"},{"name":"sphire","parent":"EF_MAIN","x":800,"y":400}],"slots":[{"name":"ef_graund_earth_sumi_a","bone":"ef_graund_earth_sumi"},{"name":"ef_graund_earth_sumi_a16","bone":"ef_graund_earth_sumi16"},{"name":"ef_graund_earth_sumi_a2","bone":"ef_graund_earth_sumi2"},{"name":"ef_graund_earth_sumi_a3","bone":"ef_graund_earth_sumi3"},{"name":"ef_graund_earth_sumi_a4","bone":"ef_graund_earth_sumi4"},{"name":"ef_graund_earth_sumi_a5","bone":"ef_graund_earth_sumi5"},{"name":"ef_graund_earth_sumi_a6","bone":"ef_graund_earth_sumi6"},{"name":"ef_graund_earth_sumi_a7","bone":"ef_graund_earth_sumi7"},{"name":"ef_graund_earth_sumi_a8","bone":"ef_graund_earth_sumi8"},{"name":"ef_graund_earth_sumi_a9","bone":"ef_graund_earth_sumi9"},{"name":"ef_graund_earth_sumi_a10","bone":"ef_graund_earth_sumi10"},{"name":"ef_graund_earth_sumi_a11","bone":"ef_graund_earth_sumi11"},{"name":"ef_graund_earth_sumi_a12","bone":"ef_graund_earth_sumi12"},{"name":"ef_graund_earth_sumi_a13","bone":"ef_graund_earth_sumi13"},{"name":"ef_graund_earth_sumi_a14","bone":"ef_graund_earth_sumi14"},{"name":"ef_graund_earth_sumi_a15","bone":"ef_graund_earth_sumi15"},{"name":"ef_graund_earth_sumi_n","bone":"ef_graund_earth_sumi","blend":"multiply"},{"name":"ef_graund_earth_sumi_n16","bone":"ef_graund_earth_sumi16","blend":"multiply"},{"name":"ef_graund_earth_sumi_n2","bone":"ef_graund_earth_sumi2","blend":"multiply"},{"name":"ef_graund_earth_sumi_n3","bone":"ef_graund_earth_sumi3","blend":"multiply"},{"name":"ef_graund_earth_sumi_n4","bone":"ef_graund_earth_sumi4","blend":"multiply"},{"name":"ef_graund_earth_sumi_n5","bone":"ef_graund_earth_sumi5","blend":"multiply"},{"name":"ef_graund_earth_sumi_n6","bone":"ef_graund_earth_sumi6","blend":"multiply"},{"name":"ef_graund_earth_sumi_n7","bone":"ef_graund_earth_sumi7","blend":"multiply"},{"name":"ef_graund_earth_sumi_n8","bone":"ef_graund_earth_sumi8","blend":"multiply"},{"name":"ef_graund_earth_sumi_n9","bone":"ef_graund_earth_sumi9","blend":"multiply"},{"name":"ef_graund_earth_sumi_n10","bone":"ef_graund_earth_sumi10","blend":"multiply"},{"name":"ef_graund_earth_sumi_n11","bone":"ef_graund_earth_sumi11","blend":"multiply"},{"name":"ef_graund_earth_sumi_n12","bone":"ef_graund_earth_sumi12","blend":"multiply"},{"name":"ef_graund_earth_sumi_n13","bone":"ef_graund_earth_sumi13","blend":"multiply"},{"name":"ef_graund_earth_sumi_n14","bone":"ef_graund_earth_sumi14","blend":"multiply"},{"name":"ef_graund_earth_sumi_n15","bone":"ef_graund_earth_sumi15"},{"name":"ef_graund_wave_sumi_n","bone":"ef_graund_wave_sumi"},{"name":"ef_graund_wave_sumi_n2","bone":"ef_graund_wave_sumi2"},{"name":"ef_graund_wave_sumi_n3","bone":"ef_graund_wave_sumi3"},{"name":"ef_graund_wave_sumi_n4","bone":"ef_graund_wave_sumi4"},{"name":"ef_graund_wave_sumi_n5","bone":"ef_graund_wave_sumi5"},{"name":"ef_rot_wave_sumi_n","bone":"ef_rot_wave_sumi"},{"name":"ef_rot_wave_sumi_n2","bone":"ef_rot_wave_sumi2"},{"name":"ef_graund_wave_sumi_a","bone":"ef_graund_wave_sumi","blend":"additive"},{"name":"ef_graund_wave_sumi_a2","bone":"ef_graund_wave_sumi2","blend":"additive"},{"name":"ef_graund_wave_sumi_a3","bone":"ef_graund_wave_sumi3","blend":"additive"},{"name":"ef_graund_wave_sumi_a4","bone":"ef_graund_wave_sumi4","blend":"additive"},{"name":"ef_graund_wave_sumi_a5","bone":"ef_graund_wave_sumi5","blend":"additive"},{"name":"ef_rot_wave_sumi_a","bone":"ef_rot_wave_sumi","blend":"additive"},{"name":"ef_rot_wave_sumi_a2","bone":"ef_rot_wave_sumi2","blend":"additive"},{"name":"MAIN","bone":"MAIN","attachment":"idle_00"},{"name":"MAIN2","bone":"MAIN2"},{"name":"ef_dash_sumi_n","bone":"ef_dash_sumi"},{"name":"ef_dash_sumi_a","bone":"ef_dash_sumi","blend":"additive"},{"name":"ef_jet_sumi_n","bone":"ef_jet_sumi"},{"name":"ef_lance_rot_sumi_n","bone":"ef_lance_rot_sumi"},{"name":"ef_lance_rot_sumi_n2","bone":"ef_lance_rot_sumi2"},{"name":"ef_slash_A_main_n","bone":"ef_slash_A_main"},{"name":"ef_slash_B_main_n","bone":"ef_slash_B_main"},{"name":"ef_slash_trust_sumi_n","bone":"ef_slash_trust_sumi"},{"name":"ef_slash_trust_sumi_n2","bone":"ef_slash_trust_sumi2"},{"name":"ef_trust_sumi_n4","bone":"ef_trust_sumi4"},{"name":"ef_trust_sumi_n5","bone":"ef_trust_sumi5"},{"name":"ef_trust_sumi_n6","bone":"ef_trust_sumi6"},{"name":"ef_trust_sumi_n7","bone":"ef_trust_sumi7"},{"name":"ef_trust_sumi_n","bone":"ef_trust_sumi"},{"name":"ef_trust_sumi_n2","bone":"ef_trust_sumi2"},{"name":"ef_trust_sumi_n3","bone":"ef_trust_sumi3"},{"name":"ef_jet_sumi_a","bone":"ef_jet_sumi","blend":"additive"},{"name":"ef_lance_rot_sumi_a","bone":"ef_lance_rot_sumi","blend":"additive"},{"name":"ef_lance_rot_sumi_a2","bone":"ef_lance_rot_sumi2","blend":"additive"},{"name":"ef_slash_A_main_a","bone":"ef_slash_A_main","blend":"additive"},{"name":"ef_slash_B_main_a","bone":"ef_slash_B_main","blend":"additive"},{"name":"ef_slash_trust_sumi_a","bone":"ef_slash_trust_sumi"},{"name":"ef_slash_trust_sumi_a2","bone":"ef_slash_trust_sumi2"},{"name":"ef_trust_sumi_a4","bone":"ef_trust_sumi4","blend":"additive"},{"name":"ef_trust_sumi_a5","bone":"ef_trust_sumi5","blend":"additive"},{"name":"ef_trust_sumi_a6","bone":"ef_trust_sumi6","blend":"additive"},{"name":"ef_trust_sumi_a7","bone":"ef_trust_sumi7","blend":"additive"},{"name":"ef_trust_sumi_a","bone":"ef_trust_sumi","blend":"additive"},{"name":"ef_trust_sumi_a2","bone":"ef_trust_sumi2","blend":"additive"},{"name":"ef_trust_sumi_a3","bone":"ef_trust_sumi3","blend":"additive"},{"name":"ef/DOT_EF/attack1_02_EF","bone":"DOT_EF","color":"100014ff"},{"name":"ef/DOT_EF/attack1_02_EF2","bone":"DOT_EF2","color":"100014ff"},{"name":"eye_shine","bone":"eye_shine","blend":"additive"},{"name":"sphire","bone":"sphire","blend":"additive"},{"name":"DAMAGEAREA","bone":"DAMAGEAREA"},{"name":"HITBOX","bone":"HITBOX","attachment":"HITBOX"},{"name":"HITBOX2","bone":"HITBOX2","attachment":"HITBOX"}],"skins":{"default":{"DAMAGEAREA":{"DAMAGEAREA":{"type":"boundingbox","vertices":[-64.86952,-65.00096,63.06347,-65.00096,63.06347,62.17503,-64.86952,62.17503]}},"HITBOX":{"HITBOX":{"type":"boundingbox","vertices":[-29.29049,0.85806,25.97049,0.85806,27.48449,128.03406,-30.80452,127.27705]}},"HITBOX2":{"HITBOX":{"type":"boundingbox","vertices":[-29.29049,0.85806,25.97049,0.85806,27.48449,128.03406,-30.80452,127.27705]}},"MAIN":{"attack1_00":{"y":-3.53,"scaleX":2,"scaleY":2,"width":232,"height":232},"attack1_01":{"y":-3.53,"scaleX":2,"scaleY":2,"width":232,"height":232},"attack1_02":{"y":-3.53,"scaleX":2,"scaleY":2,"width":232,"height":232},"attack1_03":{"y":-3.53,"scaleX":2,"scaleY":2,"width":232,"height":232},"attack1_04":{"y":-3.53,"scaleX":2,"scaleY":2,"width":232,"height":232},"attack1_05":{"y":-3.53,"scaleX":2,"scaleY":2,"width":232,"height":232},"attack1_06":{"y":-3.53,"scaleX":2,"scaleY":2,"width":232,"height":232},"attack1_07":{"y":-3.53,"scaleX":2,"scaleY":2,"width":232,"height":232},"attack1_08":{"y":-3.53,"scaleX":2,"scaleY":2,"width":232,"height":232},"attack1_09":{"y":-3.53,"scaleX":2,"scaleY":2,"width":232,"height":232},"attack1_11":{"y":-3.53,"scaleX":2,"scaleY":2,"width":232,"height":232},"attack1_12":{"y":-3.53,"scaleX":2,"scaleY":2,"width":232,"height":232},"attack1_13":{"y":-3.53,"scaleX":2,"scaleY":2,"width":232,"height":232},"attack1_14":{"y":-3.53,"scaleX":2,"scaleY":2,"width":232,"height":232},"back_00":{"y":-3.53,"scaleX":2,"scaleY":2,"width":232,"height":232},"damage_00":{"x":42.77,"y":-4.69,"scaleX":2,"scaleY":2,"width":232,"height":232},"front_00":{"x":3.46,"y":1.08,"scaleX":2,"scaleY":2,"width":232,"height":232},"idle_00":{"y":-3,"scaleX":2,"scaleY":2,"width":232,"height":232},"idle_01":{"y":-3,"scaleX":2,"scaleY":2,"width":232,"height":232},"idle_02":{"y":-3,"scaleX":2,"scaleY":2,"width":232,"height":232},"idle_03":{"y":-3,"scaleX":2,"scaleY":2,"width":232,"height":232},"skill1_00":{"y":-3.53,"scaleX":2,"scaleY":2,"width":232,"height":232},"skill1_01":{"y":-3.53,"scaleX":2,"scaleY":2,"width":232,"height":232},"skill1_02":{"y":-3.53,"scaleX":2,"scaleY":2,"width":232,"height":232},"skill1_03":{"y":-3.53,"scaleX":2,"scaleY":2,"width":232,"height":232},"skill1_04":{"y":-3.53,"scaleX":2,"scaleY":2,"width":232,"height":232},"skill1_05":{"y":-3.53,"scaleX":2,"scaleY":2,"width":232,"height":232},"skill1_06":{"y":-3.53,"scaleX":2,"scaleY":2,"width":232,"height":232},"skill1_07":{"y":-3.53,"scaleX":2,"scaleY":2,"width":232,"height":232},"skill2_00":{"y":-3.53,"scaleX":2,"scaleY":2,"width":232,"height":232},"skill2_01":{"y":-3.53,"scaleX":2,"scaleY":2,"width":232,"height":232},"skill2_02":{"y":-3.53,"scaleX":2,"scaleY":2,"width":232,"height":232},"skill2_03":{"y":-3.53,"scaleX":2,"scaleY":2,"width":232,"height":232},"skill2_04":{"y":-3.53,"scaleX":2,"scaleY":2,"width":232,"height":232},"skill2_05":{"y":-3.53,"scaleX":2,"scaleY":2,"width":232,"height":232},"skill2_06":{"y":-3.53,"scaleX":2,"scaleY":2,"width":232,"height":232},"skill2_07":{"y":-3.53,"scaleX":2,"scaleY":2,"width":232,"height":232},"skill2_08":{"y":-3.53,"scaleX":2,"scaleY":2,"width":232,"height":232},"skill3_00":{"y":-3.53,"scaleX":2,"scaleY":2,"width":232,"height":232},"skill3_01":{"y":-3.53,"scaleX":2,"scaleY":2,"width":232,"height":232},"skill3_02":{"y":-3.53,"scaleX":2,"scaleY":2,"width":232,"height":232},"skill3_03":{"y":-3.53,"scaleX":2,"scaleY":2,"width":232,"height":232},"skill3_04":{"y":-3.53,"scaleX":2,"scaleY":2,"width":232,"height":232},"skill3_05":{"y":-3.53,"scaleX":2,"scaleY":2,"width":232,"height":232},"skill3_06":{"y":-3.53,"scaleX":2,"scaleY":2,"width":232,"height":232},"skill3_07":{"y":-3.53,"scaleX":2,"scaleY":2,"width":232,"height":232},"skill3_08":{"y":-3.53,"scaleX":2,"scaleY":2,"width":232,"height":232},"skill3_09":{"y":-3.53,"scaleX":2,"scaleY":2,"width":232,"height":232},"skill3_10":{"y":-3.53,"scaleX":2,"scaleY":2,"width":232,"height":232},"skill3_11":{"y":-3.53,"scaleX":2,"scaleY":2,"width":232,"height":232},"skill3_12":{"y":-3.53,"scaleX":2,"scaleY":2,"width":232,"height":232},"skill3_13":{"y":-3.53,"scaleX":2,"scaleY":2,"width":232,"height":232},"skill3_14":{"y":-3.53,"scaleX":2,"scaleY":2,"width":232,"height":232},"skill3_15":{"y":-3.53,"scaleX":2,"scaleY":2,"width":232,"height":232},"skill3_16":{"y":-3.53,"scaleX":2,"scaleY":2,"width":232,"height":232},"skill3_17":{"y":-3.53,"scaleX":2,"scaleY":2,"width":232,"height":232},"skill3_18":{"y":-3.53,"scaleX":2,"scaleY":2,"width":232,"height":232},"skill4_00":{"y":-3.53,"scaleX":2,"scaleY":2,"width":232,"height":232},"skill4_01":{"y":-3.53,"scaleX":2,"scaleY":2,"width":232,"height":232},"skill4_02":{"y":-3.53,"scaleX":2,"scaleY":2,"width":232,"height":232},"skill4_03":{"y":-3.53,"scaleX":2,"scaleY":2,"width":232,"height":232},"skill4_04":{"y":-3.53,"scaleX":2,"scaleY":2,"width":232,"height":232},"skill4_05":{"y":-3.53,"scaleX":2,"scaleY":2,"width":232,"height":232},"skill4_06":{"y":-3.53,"scaleX":2,"scaleY":2,"width":232,"height":232},"skill4_07":{"y":-3.53,"scaleX":2,"scaleY":2,"width":232,"height":232},"skill4_08":{"y":-3.53,"scaleX":2,"scaleY":2,"width":232,"height":232},"skill4_09":{"y":-3.53,"scaleX":2,"scaleY":2,"width":232,"height":232},"stand_00":{"y":-3.53,"scaleX":2,"scaleY":2,"width":232,"height":232}},"MAIN2":{"attack1_00":{"y":-3.53,"scaleX":2,"scaleY":2,"width":232,"height":232},"attack1_01":{"y":-3.53,"scaleX":2,"scaleY":2,"width":232,"height":232},"attack1_02":{"y":-3.53,"scaleX":2,"scaleY":2,"width":232,"height":232},"attack1_03":{"y":-3.53,"scaleX":2,"scaleY":2,"width":232,"height":232},"attack1_04":{"y":-3.53,"scaleX":2,"scaleY":2,"width":232,"height":232},"attack1_05":{"y":-3.53,"scaleX":2,"scaleY":2,"width":232,"height":232},"attack1_06":{"y":-3.53,"scaleX":2,"scaleY":2,"width":232,"height":232},"attack1_07":{"y":-3.53,"scaleX":2,"scaleY":2,"width":232,"height":232},"attack1_08":{"y":-3.53,"scaleX":2,"scaleY":2,"width":232,"height":232},"attack1_09":{"y":-3.53,"scaleX":2,"scaleY":2,"width":232,"height":232},"attack1_11":{"y":-3.53,"scaleX":2,"scaleY":2,"width":232,"height":232},"attack1_12":{"y":-3.53,"scaleX":2,"scaleY":2,"width":232,"height":232},"attack1_13":{"y":-3.53,"scaleX":2,"scaleY":2,"width":232,"height":232},"attack1_14":{"y":-3.53,"scaleX":2,"scaleY":2,"width":232,"height":232},"back_00":{"y":-3.53,"scaleX":2,"scaleY":2,"width":232,"height":232},"damage_00":{"x":42.77,"y":-4.69,"scaleX":2,"scaleY":2,"width":232,"height":232},"front_00":{"x":3.46,"y":1.08,"scaleX":2,"scaleY":2,"width":232,"height":232},"idle_00":{"y":-3,"scaleX":2,"scaleY":2,"width":232,"height":232},"idle_01":{"y":-3,"scaleX":2,"scaleY":2,"width":232,"height":232},"idle_02":{"y":-3,"scaleX":2,"scaleY":2,"width":232,"height":232},"idle_03":{"y":-3,"scaleX":2,"scaleY":2,"width":232,"height":232},"skill1_00":{"y":-3.53,"scaleX":2,"scaleY":2,"width":232,"height":232},"skill1_01":{"y":-3.53,"scaleX":2,"scaleY":2,"width":232,"height":232},"skill1_02":{"y":-3.53,"scaleX":2,"scaleY":2,"width":232,"height":232},"skill1_03":{"y":-3.53,"scaleX":2,"scaleY":2,"width":232,"height":232},"skill1_04":{"y":-3.53,"scaleX":2,"scaleY":2,"width":232,"height":232},"skill1_05":{"y":-3.53,"scaleX":2,"scaleY":2,"width":232,"height":232},"skill1_06":{"y":-3.53,"scaleX":2,"scaleY":2,"width":232,"height":232},"skill1_07":{"y":-3.53,"scaleX":2,"scaleY":2,"width":232,"height":232},"skill2_00":{"y":-3.53,"scaleX":2,"scaleY":2,"width":232,"height":232},"skill2_01":{"y":-3.53,"scaleX":2,"scaleY":2,"width":232,"height":232},"skill2_02":{"y":-3.53,"scaleX":2,"scaleY":2,"width":232,"height":232},"skill2_03":{"y":-3.53,"scaleX":2,"scaleY":2,"width":232,"height":232},"skill2_04":{"y":-3.53,"scaleX":2,"scaleY":2,"width":232,"height":232},"skill2_05":{"y":-3.53,"scaleX":2,"scaleY":2,"width":232,"height":232},"skill2_06":{"y":-3.53,"scaleX":2,"scaleY":2,"width":232,"height":232},"skill2_07":{"y":-3.53,"scaleX":2,"scaleY":2,"width":232,"height":232},"skill2_08":{"y":-3.53,"scaleX":2,"scaleY":2,"width":232,"height":232},"skill3_00":{"y":-3.53,"scaleX":2,"scaleY":2,"width":232,"height":232},"skill3_01":{"y":-3.53,"scaleX":2,"scaleY":2,"width":232,"height":232},"skill3_02":{"y":-3.53,"scaleX":2,"scaleY":2,"width":232,"height":232},"skill3_03":{"y":-3.53,"scaleX":2,"scaleY":2,"width":232,"height":232},"skill3_04":{"y":-3.53,"scaleX":2,"scaleY":2,"width":232,"height":232},"skill3_05":{"y":-3.53,"scaleX":2,"scaleY":2,"width":232,"height":232},"skill3_06":{"y":-3.53,"scaleX":2,"scaleY":2,"width":232,"height":232},"skill3_07":{"y":-3.53,"scaleX":2,"scaleY":2,"width":232,"height":232},"skill3_08":{"y":-3.53,"scaleX":2,"scaleY":2,"width":232,"height":232},"skill3_09":{"y":-3.53,"scaleX":2,"scaleY":2,"width":232,"height":232},"skill3_10":{"y":-3.53,"scaleX":2,"scaleY":2,"width":232,"height":232},"skill3_11":{"y":-3.53,"scaleX":2,"scaleY":2,"width":232,"height":232},"skill3_12":{"y":-3.53,"scaleX":2,"scaleY":2,"width":232,"height":232},"skill3_13":{"y":-3.53,"scaleX":2,"scaleY":2,"width":232,"height":232},"skill3_14":{"y":-3.53,"scaleX":2,"scaleY":2,"width":232,"height":232},"skill3_15":{"y":-3.53,"scaleX":2,"scaleY":2,"width":232,"height":232},"skill3_16":{"y":-3.53,"scaleX":2,"scaleY":2,"width":232,"height":232},"skill3_17":{"y":-3.53,"scaleX":2,"scaleY":2,"width":232,"height":232},"skill3_18":{"y":-3.53,"scaleX":2,"scaleY":2,"width":232,"height":232},"skill4_00":{"y":-3.53,"scaleX":2,"scaleY":2,"width":232,"height":232},"skill4_01":{"y":-3.53,"scaleX":2,"scaleY":2,"width":232,"height":232},"skill4_02":{"y":-3.53,"scaleX":2,"scaleY":2,"width":232,"height":232},"skill4_03":{"y":-3.53,"scaleX":2,"scaleY":2,"width":232,"height":232},"skill4_04":{"y":-3.53,"scaleX":2,"scaleY":2,"width":232,"height":232},"skill4_05":{"y":-3.53,"scaleX":2,"scaleY":2,"width":232,"height":232},"skill4_06":{"y":-3.53,"scaleX":2,"scaleY":2,"width":232,"height":232},"skill4_07":{"y":-3.53,"scaleX":2,"scaleY":2,"width":232,"height":232},"skill4_08":{"y":-3.53,"scaleX":2,"scaleY":2,"width":232,"height":232},"skill4_09":{"y":-3.53,"scaleX":2,"scaleY":2,"width":232,"height":232},"stand_00":{"y":-3.53,"scaleX":2,"scaleY":2,"width":232,"height":232}},"ef/DOT_EF/attack1_02_EF":{"ef/DOT_EF/attack1_02_EF":{"x":-7.11,"scaleX":2,"scaleY":2,"width":149,"height":35},"ef/DOT_EF/attack1_03_EF":{"x":-7.11,"scaleX":2,"scaleY":2,"width":140,"height":32},"ef/DOT_EF/attack1_05_EF":{"x":-7.11,"scaleX":2,"scaleY":2,"width":158,"height":126},"ef/DOT_EF/attack1_07_EF":{"x":-7.11,"scaleX":2,"scaleY":2,"width":143,"height":36},"ef/DOT_EF/attack1_08_EF":{"x":-7.11,"scaleX":2,"scaleY":2,"width":153,"height":37},"ef/DOT_EF/attack1_12_EF":{"x":-7.11,"scaleX":2,"scaleY":2,"width":262,"height":32},"ef/DOT_EF/attack1_13_EF":{"x":-7.11,"scaleX":2,"scaleY":2,"width":243,"height":19},"ef/DOT_EF/skill2_01_EF":{"x":-7.11,"scaleX":2,"scaleY":2,"width":118,"height":32},"ef/DOT_EF/skill3_01_EF":{"x":-7.11,"scaleX":2,"scaleY":2,"width":53,"height":117},"ef/DOT_EF/skill3_07_EF":{"x":-7.11,"scaleX":2,"scaleY":2,"width":151,"height":61},"ef/DOT_EF/skill4_01_EF":{"x":8.34,"y":15.48,"scaleX":2,"scaleY":2,"width":169,"height":167}},"ef/DOT_EF/attack1_02_EF2":{"ef/DOT_EF/attack1_02_EF":{"x":-7.11,"scaleX":2,"scaleY":2,"width":149,"height":35},"ef/DOT_EF/attack1_03_EF":{"x":-7.11,"scaleX":2,"scaleY":2,"width":140,"height":32},"ef/DOT_EF/attack1_05_EF":{"x":-7.11,"scaleX":2,"scaleY":2,"width":158,"height":126},"ef/DOT_EF/attack1_07_EF":{"x":-7.11,"scaleX":2,"scaleY":2,"width":143,"height":36},"ef/DOT_EF/attack1_08_EF":{"x":-7.11,"scaleX":2,"scaleY":2,"width":153,"height":37},"ef/DOT_EF/attack1_12_EF":{"x":-7.11,"scaleX":2,"scaleY":2,"width":262,"height":32},"ef/DOT_EF/attack1_13_EF":{"x":-7.11,"scaleX":2,"scaleY":2,"width":243,"height":19},"ef/DOT_EF/skill2_01_EF":{"x":-7.11,"scaleX":2,"scaleY":2,"width":118,"height":32},"ef/DOT_EF/skill3_01_EF":{"x":-7.11,"scaleX":2,"scaleY":2,"width":53,"height":117},"ef/DOT_EF/skill3_07_EF":{"x":-7.11,"scaleX":2,"scaleY":2,"width":151,"height":61},"ef/DOT_EF/skill4_01_EF":{"x":8.34,"y":15.48,"scaleX":2,"scaleY":2,"width":169,"height":167}},"ef_dash_sumi_a":{"ef/ef_dash_sumi/ef_dash_sumi_00001":{"x":55.08,"y":97.5,"width":250,"height":250},"ef/ef_dash_sumi/ef_dash_sumi_00002":{"x":55.08,"y":97.5,"width":250,"height":250},"ef/ef_dash_sumi/ef_dash_sumi_00003":{"x":55.08,"y":97.5,"width":250,"height":250},"ef/ef_dash_sumi/ef_dash_sumi_00004":{"x":55.08,"y":97.5,"width":250,"height":250},"ef/ef_dash_sumi/ef_dash_sumi_00005":{"x":55.08,"y":97.5,"width":250,"height":250},"ef/ef_dash_sumi/ef_dash_sumi_00006":{"x":55.08,"y":97.5,"width":250,"height":250},"ef/ef_dash_sumi/ef_dash_sumi_00007":{"x":55.08,"y":97.5,"width":250,"height":250},"ef/ef_dash_sumi/ef_dash_sumi_00008":{"x":55.08,"y":97.5,"width":250,"height":250},"ef/ef_dash_sumi/ef_dash_sumi_00009":{"x":55.08,"y":97.5,"width":250,"height":250},"ef/ef_dash_sumi/ef_dash_sumi_00010":{"x":55.08,"y":97.5,"width":250,"height":250},"ef/ef_dash_sumi/ef_dash_sumi_00011":{"x":55.08,"y":97.5,"width":250,"height":250},"ef/ef_dash_sumi/ef_dash_sumi_00012":{"x":55.08,"y":97.5,"width":250,"height":250}},"ef_dash_sumi_n":{"ef/ef_dash_sumi/ef_dash_sumi_00001":{"x":55.08,"y":97.5,"width":250,"height":250},"ef/ef_dash_sumi/ef_dash_sumi_00002":{"x":55.08,"y":97.5,"width":250,"height":250},"ef/ef_dash_sumi/ef_dash_sumi_00003":{"x":55.08,"y":97.5,"width":250,"height":250},"ef/ef_dash_sumi/ef_dash_sumi_00004":{"x":55.08,"y":97.5,"width":250,"height":250},"ef/ef_dash_sumi/ef_dash_sumi_00005":{"x":55.08,"y":97.5,"width":250,"height":250},"ef/ef_dash_sumi/ef_dash_sumi_00006":{"x":55.08,"y":97.5,"width":250,"height":250},"ef/ef_dash_sumi/ef_dash_sumi_00007":{"x":55.08,"y":97.5,"width":250,"height":250},"ef/ef_dash_sumi/ef_dash_sumi_00008":{"x":55.08,"y":97.5,"width":250,"height":250},"ef/ef_dash_sumi/ef_dash_sumi_00009":{"x":55.08,"y":97.5,"width":250,"height":250},"ef/ef_dash_sumi/ef_dash_sumi_00010":{"x":55.08,"y":97.5,"width":250,"height":250},"ef/ef_dash_sumi/ef_dash_sumi_00011":{"x":55.08,"y":97.5,"width":250,"height":250},"ef/ef_dash_sumi/ef_dash_sumi_00012":{"x":55.08,"y":97.5,"width":250,"height":250}},"ef_graund_earth_sumi_a":{"ef/ef_graund_earth_sumi/ef_graund_earth_sumi_00001":{"y":10,"scaleX":1.1,"scaleY":1.1,"width":250,"height":250}},"ef_graund_earth_sumi_a10":{"ef/ef_graund_earth_sumi/ef_graund_earth_sumi_00001":{"y":10,"scaleX":1.1,"scaleY":1.1,"width":250,"height":250}},"ef_graund_earth_sumi_a11":{"ef/ef_graund_earth_sumi/ef_graund_earth_sumi_00001":{"y":10,"scaleX":1.1,"scaleY":1.1,"width":250,"height":250}},"ef_graund_earth_sumi_a12":{"ef/ef_graund_earth_sumi/ef_graund_earth_sumi_00001":{"y":10,"scaleX":1.1,"scaleY":1.1,"width":250,"height":250}},"ef_graund_earth_sumi_a13":{"ef/ef_graund_earth_sumi/ef_graund_earth_sumi_00001":{"y":10,"scaleX":1.1,"scaleY":1.1,"width":250,"height":250}},"ef_graund_earth_sumi_a14":{"ef/ef_graund_earth_sumi/ef_graund_earth_sumi_00001":{"y":10,"scaleX":1.1,"scaleY":1.1,"width":250,"height":250}},"ef_graund_earth_sumi_a15":{"ef/ef_graund_earth_sumi/ef_graund_earth_sumi_00001":{"y":10,"scaleX":1.1,"scaleY":1.1,"width":250,"height":250}},"ef_graund_earth_sumi_a16":{"ef/ef_graund_earth_sumi/ef_graund_earth_sumi_00001":{"y":10,"scaleX":1.1,"scaleY":1.1,"width":250,"height":250}},"ef_graund_earth_sumi_a2":{"ef/ef_graund_earth_sumi/ef_graund_earth_sumi_00001":{"y":10,"scaleX":1.1,"scaleY":1.1,"width":250,"height":250}},"ef_graund_earth_sumi_a3":{"ef/ef_graund_earth_sumi/ef_graund_earth_sumi_00001":{"y":10,"scaleX":1.1,"scaleY":1.1,"width":250,"height":250}},"ef_graund_earth_sumi_a4":{"ef/ef_graund_earth_sumi/ef_graund_earth_sumi_00001":{"y":10,"scaleX":1.1,"scaleY":1.1,"width":250,"height":250}},"ef_graund_earth_sumi_a5":{"ef/ef_graund_earth_sumi/ef_graund_earth_sumi_00001":{"y":10,"scaleX":1.1,"scaleY":1.1,"width":250,"height":250}},"ef_graund_earth_sumi_a6":{"ef/ef_graund_earth_sumi/ef_graund_earth_sumi_00001":{"y":10,"scaleX":1.1,"scaleY":1.1,"width":250,"height":250}},"ef_graund_earth_sumi_a7":{"ef/ef_graund_earth_sumi/ef_graund_earth_sumi_00001":{"y":10,"scaleX":1.1,"scaleY":1.1,"width":250,"height":250}},"ef_graund_earth_sumi_a8":{"ef/ef_graund_earth_sumi/ef_graund_earth_sumi_00001":{"y":10,"scaleX":1.1,"scaleY":1.1,"width":250,"height":250}},"ef_graund_earth_sumi_a9":{"ef/ef_graund_earth_sumi/ef_graund_earth_sumi_00001":{"y":10,"scaleX":1.1,"scaleY":1.1,"width":250,"height":250}},"ef_graund_earth_sumi_n":{"ef/ef_graund_earth_sumi/ef_graund_earth_sumi_00001":{"y":10,"width":250,"height":250}},"ef_graund_earth_sumi_n10":{"ef/ef_graund_earth_sumi/ef_graund_earth_sumi_00001":{"y":10,"width":250,"height":250}},"ef_graund_earth_sumi_n11":{"ef/ef_graund_earth_sumi/ef_graund_earth_sumi_00001":{"y":10,"width":250,"height":250}},"ef_graund_earth_sumi_n12":{"ef/ef_graund_earth_sumi/ef_graund_earth_sumi_00001":{"y":10,"width":250,"height":250}},"ef_graund_earth_sumi_n13":{"ef/ef_graund_earth_sumi/ef_graund_earth_sumi_00001":{"y":10,"width":250,"height":250}},"ef_graund_earth_sumi_n14":{"ef/ef_graund_earth_sumi/ef_graund_earth_sumi_00001":{"y":10,"width":250,"height":250}},"ef_graund_earth_sumi_n15":{"ef/ef_graund_earth_sumi/ef_graund_earth_sumi_00001":{"y":10,"width":250,"height":250}},"ef_graund_earth_sumi_n16":{"ef/ef_graund_earth_sumi/ef_graund_earth_sumi_00001":{"y":10,"width":250,"height":250}},"ef_graund_earth_sumi_n2":{"ef/ef_graund_earth_sumi/ef_graund_earth_sumi_00001":{"y":10,"width":250,"height":250}},"ef_graund_earth_sumi_n3":{"ef/ef_graund_earth_sumi/ef_graund_earth_sumi_00001":{"y":10,"width":250,"height":250}},"ef_graund_earth_sumi_n4":{"ef/ef_graund_earth_sumi/ef_graund_earth_sumi_00001":{"y":10,"width":250,"height":250}},"ef_graund_earth_sumi_n5":{"ef/ef_graund_earth_sumi/ef_graund_earth_sumi_00001":{"y":10,"width":250,"height":250}},"ef_graund_earth_sumi_n6":{"ef/ef_graund_earth_sumi/ef_graund_earth_sumi_00001":{"y":10,"width":250,"height":250}},"ef_graund_earth_sumi_n7":{"ef/ef_graund_earth_sumi/ef_graund_earth_sumi_00001":{"y":10,"width":250,"height":250}},"ef_graund_earth_sumi_n8":{"ef/ef_graund_earth_sumi/ef_graund_earth_sumi_00001":{"y":10,"width":250,"height":250}},"ef_graund_earth_sumi_n9":{"ef/ef_graund_earth_sumi/ef_graund_earth_sumi_00001":{"y":10,"width":250,"height":250}},"ef_graund_wave_sumi_a":{"ef/ef_graund_wave_sumi/ef_graund_wave_sumi_00001":{"y":9.03,"width":200,"height":120},"ef/ef_graund_wave_sumi/ef_graund_wave_sumi_00002":{"y":9.03,"width":200,"height":120},"ef/ef_graund_wave_sumi/ef_graund_wave_sumi_00003":{"y":9.03,"width":200,"height":120},"ef/ef_graund_wave_sumi/ef_graund_wave_sumi_00004":{"y":9.03,"width":200,"height":120},"ef/ef_graund_wave_sumi/ef_graund_wave_sumi_00005":{"y":9.03,"width":200,"height":120},"ef/ef_graund_wave_sumi/ef_graund_wave_sumi_00006":{"y":9.03,"width":200,"height":120},"ef/ef_graund_wave_sumi/ef_graund_wave_sumi_00007":{"y":9.03,"width":200,"height":120},"ef/ef_graund_wave_sumi/ef_graund_wave_sumi_00008":{"y":9.03,"width":200,"height":120},"ef/ef_graund_wave_sumi/ef_graund_wave_sumi_00009":{"y":9.03,"width":200,"height":120},"ef/ef_graund_wave_sumi/ef_graund_wave_sumi_00010":{"y":9.03,"width":200,"height":120},"ef/ef_graund_wave_sumi/ef_graund_wave_sumi_00011":{"y":9.03,"width":200,"height":120},"ef/ef_graund_wave_sumi/ef_graund_wave_sumi_00012":{"y":9.03,"width":200,"height":120},"ef/ef_graund_wave_sumi/ef_graund_wave_sumi_00013":{"y":9.03,"width":200,"height":120}},"ef_graund_wave_sumi_a2":{"ef/ef_graund_wave_sumi/ef_graund_wave_sumi_00001":{"y":9.03,"width":200,"height":120},"ef/ef_graund_wave_sumi/ef_graund_wave_sumi_00002":{"y":9.03,"width":200,"height":120},"ef/ef_graund_wave_sumi/ef_graund_wave_sumi_00003":{"y":9.03,"width":200,"height":120},"ef/ef_graund_wave_sumi/ef_graund_wave_sumi_00004":{"y":9.03,"width":200,"height":120},"ef/ef_graund_wave_sumi/ef_graund_wave_sumi_00005":{"y":9.03,"width":200,"height":120},"ef/ef_graund_wave_sumi/ef_graund_wave_sumi_00006":{"y":9.03,"width":200,"height":120},"ef/ef_graund_wave_sumi/ef_graund_wave_sumi_00007":{"y":9.03,"width":200,"height":120},"ef/ef_graund_wave_sumi/ef_graund_wave_sumi_00008":{"y":9.03,"width":200,"height":120},"ef/ef_graund_wave_sumi/ef_graund_wave_sumi_00009":{"y":9.03,"width":200,"height":120},"ef/ef_graund_wave_sumi/ef_graund_wave_sumi_00010":{"y":9.03,"width":200,"height":120},"ef/ef_graund_wave_sumi/ef_graund_wave_sumi_00011":{"y":9.03,"width":200,"height":120},"ef/ef_graund_wave_sumi/ef_graund_wave_sumi_00012":{"y":9.03,"width":200,"height":120},"ef/ef_graund_wave_sumi/ef_graund_wave_sumi_00013":{"y":9.03,"width":200,"height":120}},"ef_graund_wave_sumi_a3":{"ef/ef_graund_wave_sumi/ef_graund_wave_sumi_00001":{"y":9.03,"width":200,"height":120},"ef/ef_graund_wave_sumi/ef_graund_wave_sumi_00002":{"y":9.03,"width":200,"height":120},"ef/ef_graund_wave_sumi/ef_graund_wave_sumi_00003":{"y":9.03,"width":200,"height":120},"ef/ef_graund_wave_sumi/ef_graund_wave_sumi_00004":{"y":9.03,"width":200,"height":120},"ef/ef_graund_wave_sumi/ef_graund_wave_sumi_00005":{"y":9.03,"width":200,"height":120},"ef/ef_graund_wave_sumi/ef_graund_wave_sumi_00006":{"y":9.03,"width":200,"height":120},"ef/ef_graund_wave_sumi/ef_graund_wave_sumi_00007":{"y":9.03,"width":200,"height":120},"ef/ef_graund_wave_sumi/ef_graund_wave_sumi_00008":{"y":9.03,"width":200,"height":120},"ef/ef_graund_wave_sumi/ef_graund_wave_sumi_00009":{"y":9.03,"width":200,"height":120},"ef/ef_graund_wave_sumi/ef_graund_wave_sumi_00010":{"y":9.03,"width":200,"height":120},"ef/ef_graund_wave_sumi/ef_graund_wave_sumi_00011":{"y":9.03,"width":200,"height":120},"ef/ef_graund_wave_sumi/ef_graund_wave_sumi_00012":{"y":9.03,"width":200,"height":120},"ef/ef_graund_wave_sumi/ef_graund_wave_sumi_00013":{"y":9.03,"width":200,"height":120}},"ef_graund_wave_sumi_a4":{"ef/ef_graund_wave_sumi/ef_graund_wave_sumi_00001":{"y":9.03,"width":200,"height":120},"ef/ef_graund_wave_sumi/ef_graund_wave_sumi_00002":{"y":9.03,"width":200,"height":120},"ef/ef_graund_wave_sumi/ef_graund_wave_sumi_00003":{"y":9.03,"width":200,"height":120},"ef/ef_graund_wave_sumi/ef_graund_wave_sumi_00004":{"y":9.03,"width":200,"height":120},"ef/ef_graund_wave_sumi/ef_graund_wave_sumi_00005":{"y":9.03,"width":200,"height":120},"ef/ef_graund_wave_sumi/ef_graund_wave_sumi_00006":{"y":9.03,"width":200,"height":120},"ef/ef_graund_wave_sumi/ef_graund_wave_sumi_00007":{"y":9.03,"width":200,"height":120},"ef/ef_graund_wave_sumi/ef_graund_wave_sumi_00008":{"y":9.03,"width":200,"height":120},"ef/ef_graund_wave_sumi/ef_graund_wave_sumi_00009":{"y":9.03,"width":200,"height":120},"ef/ef_graund_wave_sumi/ef_graund_wave_sumi_00010":{"y":9.03,"width":200,"height":120},"ef/ef_graund_wave_sumi/ef_graund_wave_sumi_00011":{"y":9.03,"width":200,"height":120},"ef/ef_graund_wave_sumi/ef_graund_wave_sumi_00012":{"y":9.03,"width":200,"height":120},"ef/ef_graund_wave_sumi/ef_graund_wave_sumi_00013":{"y":9.03,"width":200,"height":120}},"ef_graund_wave_sumi_a5":{"ef/ef_graund_wave_sumi/ef_graund_wave_sumi_00001":{"y":9.03,"width":200,"height":120},"ef/ef_graund_wave_sumi/ef_graund_wave_sumi_00002":{"y":9.03,"width":200,"height":120},"ef/ef_graund_wave_sumi/ef_graund_wave_sumi_00003":{"y":9.03,"width":200,"height":120},"ef/ef_graund_wave_sumi/ef_graund_wave_sumi_00004":{"y":9.03,"width":200,"height":120},"ef/ef_graund_wave_sumi/ef_graund_wave_sumi_00005":{"y":9.03,"width":200,"height":120},"ef/ef_graund_wave_sumi/ef_graund_wave_sumi_00006":{"y":9.03,"width":200,"height":120},"ef/ef_graund_wave_sumi/ef_graund_wave_sumi_00007":{"y":9.03,"width":200,"height":120},"ef/ef_graund_wave_sumi/ef_graund_wave_sumi_00008":{"y":9.03,"width":200,"height":120},"ef/ef_graund_wave_sumi/ef_graund_wave_sumi_00009":{"y":9.03,"width":200,"height":120},"ef/ef_graund_wave_sumi/ef_graund_wave_sumi_00010":{"y":9.03,"width":200,"height":120},"ef/ef_graund_wave_sumi/ef_graund_wave_sumi_00011":{"y":9.03,"width":200,"height":120},"ef/ef_graund_wave_sumi/ef_graund_wave_sumi_00012":{"y":9.03,"width":200,"height":120},"ef/ef_graund_wave_sumi/ef_graund_wave_sumi_00013":{"y":9.03,"width":200,"height":120}},"ef_graund_wave_sumi_n":{"ef/ef_graund_wave_sumi/ef_graund_wave_sumi_00001":{"y":9.03,"width":200,"height":120},"ef/ef_graund_wave_sumi/ef_graund_wave_sumi_00002":{"y":9.03,"width":200,"height":120},"ef/ef_graund_wave_sumi/ef_graund_wave_sumi_00003":{"y":9.03,"width":200,"height":120},"ef/ef_graund_wave_sumi/ef_graund_wave_sumi_00004":{"y":9.03,"width":200,"height":120},"ef/ef_graund_wave_sumi/ef_graund_wave_sumi_00005":{"y":9.03,"width":200,"height":120},"ef/ef_graund_wave_sumi/ef_graund_wave_sumi_00006":{"y":9.03,"width":200,"height":120},"ef/ef_graund_wave_sumi/ef_graund_wave_sumi_00007":{"y":9.03,"width":200,"height":120},"ef/ef_graund_wave_sumi/ef_graund_wave_sumi_00008":{"y":9.03,"width":200,"height":120},"ef/ef_graund_wave_sumi/ef_graund_wave_sumi_00009":{"y":9.03,"width":200,"height":120},"ef/ef_graund_wave_sumi/ef_graund_wave_sumi_00010":{"y":9.03,"width":200,"height":120},"ef/ef_graund_wave_sumi/ef_graund_wave_sumi_00011":{"y":9.03,"width":200,"height":120},"ef/ef_graund_wave_sumi/ef_graund_wave_sumi_00012":{"y":9.03,"width":200,"height":120},"ef/ef_graund_wave_sumi/ef_graund_wave_sumi_00013":{"y":9.03,"width":200,"height":120}},"ef_graund_wave_sumi_n2":{"ef/ef_graund_wave_sumi/ef_graund_wave_sumi_00001":{"y":9.03,"width":200,"height":120},"ef/ef_graund_wave_sumi/ef_graund_wave_sumi_00002":{"y":9.03,"width":200,"height":120},"ef/ef_graund_wave_sumi/ef_graund_wave_sumi_00003":{"y":9.03,"width":200,"height":120},"ef/ef_graund_wave_sumi/ef_graund_wave_sumi_00004":{"y":9.03,"width":200,"height":120},"ef/ef_graund_wave_sumi/ef_graund_wave_sumi_00005":{"y":9.03,"width":200,"height":120},"ef/ef_graund_wave_sumi/ef_graund_wave_sumi_00006":{"y":9.03,"width":200,"height":120},"ef/ef_graund_wave_sumi/ef_graund_wave_sumi_00007":{"y":9.03,"width":200,"height":120},"ef/ef_graund_wave_sumi/ef_graund_wave_sumi_00008":{"y":9.03,"width":200,"height":120},"ef/ef_graund_wave_sumi/ef_graund_wave_sumi_00009":{"y":9.03,"width":200,"height":120},"ef/ef_graund_wave_sumi/ef_graund_wave_sumi_00010":{"y":9.03,"width":200,"height":120},"ef/ef_graund_wave_sumi/ef_graund_wave_sumi_00011":{"y":9.03,"width":200,"height":120},"ef/ef_graund_wave_sumi/ef_graund_wave_sumi_00012":{"y":9.03,"width":200,"height":120},"ef/ef_graund_wave_sumi/ef_graund_wave_sumi_00013":{"y":9.03,"width":200,"height":120}},"ef_graund_wave_sumi_n3":{"ef/ef_graund_wave_sumi/ef_graund_wave_sumi_00001":{"y":9.03,"width":200,"height":120},"ef/ef_graund_wave_sumi/ef_graund_wave_sumi_00002":{"y":9.03,"width":200,"height":120},"ef/ef_graund_wave_sumi/ef_graund_wave_sumi_00003":{"y":9.03,"width":200,"height":120},"ef/ef_graund_wave_sumi/ef_graund_wave_sumi_00004":{"y":9.03,"width":200,"height":120},"ef/ef_graund_wave_sumi/ef_graund_wave_sumi_00005":{"y":9.03,"width":200,"height":120},"ef/ef_graund_wave_sumi/ef_graund_wave_sumi_00006":{"y":9.03,"width":200,"height":120},"ef/ef_graund_wave_sumi/ef_graund_wave_sumi_00007":{"y":9.03,"width":200,"height":120},"ef/ef_graund_wave_sumi/ef_graund_wave_sumi_00008":{"y":9.03,"width":200,"height":120},"ef/ef_graund_wave_sumi/ef_graund_wave_sumi_00009":{"y":9.03,"width":200,"height":120},"ef/ef_graund_wave_sumi/ef_graund_wave_sumi_00010":{"y":9.03,"width":200,"height":120},"ef/ef_graund_wave_sumi/ef_graund_wave_sumi_00011":{"y":9.03,"width":200,"height":120},"ef/ef_graund_wave_sumi/ef_graund_wave_sumi_00012":{"y":9.03,"width":200,"height":120},"ef/ef_graund_wave_sumi/ef_graund_wave_sumi_00013":{"y":9.03,"width":200,"height":120}},"ef_graund_wave_sumi_n4":{"ef/ef_graund_wave_sumi/ef_graund_wave_sumi_00001":{"y":9.03,"width":200,"height":120},"ef/ef_graund_wave_sumi/ef_graund_wave_sumi_00002":{"y":9.03,"width":200,"height":120},"ef/ef_graund_wave_sumi/ef_graund_wave_sumi_00003":{"y":9.03,"width":200,"height":120},"ef/ef_graund_wave_sumi/ef_graund_wave_sumi_00004":{"y":9.03,"width":200,"height":120},"ef/ef_graund_wave_sumi/ef_graund_wave_sumi_00005":{"y":9.03,"width":200,"height":120},"ef/ef_graund_wave_sumi/ef_graund_wave_sumi_00006":{"y":9.03,"width":200,"height":120},"ef/ef_graund_wave_sumi/ef_graund_wave_sumi_00007":{"y":9.03,"width":200,"height":120},"ef/ef_graund_wave_sumi/ef_graund_wave_sumi_00008":{"y":9.03,"width":200,"height":120},"ef/ef_graund_wave_sumi/ef_graund_wave_sumi_00009":{"y":9.03,"width":200,"height":120},"ef/ef_graund_wave_sumi/ef_graund_wave_sumi_00010":{"y":9.03,"width":200,"height":120},"ef/ef_graund_wave_sumi/ef_graund_wave_sumi_00011":{"y":9.03,"width":200,"height":120},"ef/ef_graund_wave_sumi/ef_graund_wave_sumi_00012":{"y":9.03,"width":200,"height":120},"ef/ef_graund_wave_sumi/ef_graund_wave_sumi_00013":{"y":9.03,"width":200,"height":120}},"ef_graund_wave_sumi_n5":{"ef/ef_graund_wave_sumi/ef_graund_wave_sumi_00001":{"y":9.03,"width":200,"height":120},"ef/ef_graund_wave_sumi/ef_graund_wave_sumi_00002":{"y":9.03,"width":200,"height":120},"ef/ef_graund_wave_sumi/ef_graund_wave_sumi_00003":{"y":9.03,"width":200,"height":120},"ef/ef_graund_wave_sumi/ef_graund_wave_sumi_00004":{"y":9.03,"width":200,"height":120},"ef/ef_graund_wave_sumi/ef_graund_wave_sumi_00005":{"y":9.03,"width":200,"height":120},"ef/ef_graund_wave_sumi/ef_graund_wave_sumi_00006":{"y":9.03,"width":200,"height":120},"ef/ef_graund_wave_sumi/ef_graund_wave_sumi_00007":{"y":9.03,"width":200,"height":120},"ef/ef_graund_wave_sumi/ef_graund_wave_sumi_00008":{"y":9.03,"width":200,"height":120},"ef/ef_graund_wave_sumi/ef_graund_wave_sumi_00009":{"y":9.03,"width":200,"height":120},"ef/ef_graund_wave_sumi/ef_graund_wave_sumi_00010":{"y":9.03,"width":200,"height":120},"ef/ef_graund_wave_sumi/ef_graund_wave_sumi_00011":{"y":9.03,"width":200,"height":120},"ef/ef_graund_wave_sumi/ef_graund_wave_sumi_00012":{"y":9.03,"width":200,"height":120},"ef/ef_graund_wave_sumi/ef_graund_wave_sumi_00013":{"y":9.03,"width":200,"height":120}},"ef_jet_sumi_a":{"ef/ef_jet_sumi/ef_jet_sumi_00001":{"x":34.64,"width":100,"height":100},"ef/ef_jet_sumi/ef_jet_sumi_00002":{"x":34.64,"width":100,"height":100},"ef/ef_jet_sumi/ef_jet_sumi_00003":{"x":34.64,"width":100,"height":100},"ef/ef_jet_sumi/ef_jet_sumi_00004":{"x":34.64,"width":100,"height":100},"ef/ef_jet_sumi/ef_jet_sumi_00005":{"x":34.64,"width":100,"height":100}},"ef_jet_sumi_n":{"ef/ef_jet_sumi/ef_jet_sumi_00001":{"x":34.64,"width":100,"height":100},"ef/ef_jet_sumi/ef_jet_sumi_00002":{"x":34.64,"width":100,"height":100},"ef/ef_jet_sumi/ef_jet_sumi_00003":{"x":34.64,"width":100,"height":100},"ef/ef_jet_sumi/ef_jet_sumi_00004":{"x":34.64,"width":100,"height":100},"ef/ef_jet_sumi/ef_jet_sumi_00005":{"x":34.64,"width":100,"height":100}},"ef_lance_rot_sumi_a":{"ef/ef_lance_rot_sumi/ef_lance_rot_sumi_00017":{"width":150,"height":150},"ef/ef_lance_rot_sumi/ef_lance_rot_sumi_00019":{"width":150,"height":150},"ef/ef_lance_rot_sumi/ef_lance_rot_sumi_00021":{"width":150,"height":150},"ef/ef_lance_rot_sumi/ef_lance_rot_sumi_00023":{"width":150,"height":150},"ef/ef_lance_rot_sumi/ef_lance_rot_sumi_00025":{"width":150,"height":150},"ef/ef_lance_rot_sumi/ef_lance_rot_sumi_00027":{"width":150,"height":150},"ef/ef_lance_rot_sumi/ef_lance_rot_sumi_00029":{"width":150,"height":150},"ef/ef_lance_rot_sumi/ef_lance_rot_sumi_00032":{"width":150,"height":150},"ef/ef_lance_rot_sumi/ef_lance_rot_sumi_00033":{"width":150,"height":150},"ef/ef_lance_rot_sumi/ef_lance_rot_sumi_00034":{"width":150,"height":150},"ef/ef_lance_rot_sumi/ef_lance_rot_sumi_00036":{"width":150,"height":150},"ef/ef_lance_rot_sumi/ef_lance_rot_sumi_00040":{"width":150,"height":150},"ef/ef_lance_rot_sumi/ef_lance_rot_sumi_00042":{"width":150,"height":150},"ef/ef_lance_rot_sumi/ef_lance_rot_sumi_00044":{"width":150,"height":150},"ef/ef_lance_rot_sumi/ef_lance_rot_sumi_00045":{"width":150,"height":150}},"ef_lance_rot_sumi_a2":{"ef/ef_lance_rot_sumi/ef_lance_rot_sumi_00017":{"width":150,"height":150},"ef/ef_lance_rot_sumi/ef_lance_rot_sumi_00019":{"width":150,"height":150},"ef/ef_lance_rot_sumi/ef_lance_rot_sumi_00021":{"width":150,"height":150},"ef/ef_lance_rot_sumi/ef_lance_rot_sumi_00023":{"width":150,"height":150},"ef/ef_lance_rot_sumi/ef_lance_rot_sumi_00025":{"width":150,"height":150},"ef/ef_lance_rot_sumi/ef_lance_rot_sumi_00027":{"width":150,"height":150},"ef/ef_lance_rot_sumi/ef_lance_rot_sumi_00029":{"width":150,"height":150},"ef/ef_lance_rot_sumi/ef_lance_rot_sumi_00032":{"width":150,"height":150},"ef/ef_lance_rot_sumi/ef_lance_rot_sumi_00033":{"width":150,"height":150},"ef/ef_lance_rot_sumi/ef_lance_rot_sumi_00034":{"width":150,"height":150},"ef/ef_lance_rot_sumi/ef_lance_rot_sumi_00036":{"width":150,"height":150},"ef/ef_lance_rot_sumi/ef_lance_rot_sumi_00040":{"width":150,"height":150},"ef/ef_lance_rot_sumi/ef_lance_rot_sumi_00042":{"width":150,"height":150},"ef/ef_lance_rot_sumi/ef_lance_rot_sumi_00044":{"width":150,"height":150},"ef/ef_lance_rot_sumi/ef_lance_rot_sumi_00045":{"width":150,"height":150}},"ef_lance_rot_sumi_n":{"ef/ef_lance_rot_sumi/ef_lance_rot_sumi_00017":{"width":150,"height":150},"ef/ef_lance_rot_sumi/ef_lance_rot_sumi_00019":{"width":150,"height":150},"ef/ef_lance_rot_sumi/ef_lance_rot_sumi_00021":{"width":150,"height":150},"ef/ef_lance_rot_sumi/ef_lance_rot_sumi_00023":{"width":150,"height":150},"ef/ef_lance_rot_sumi/ef_lance_rot_sumi_00025":{"width":150,"height":150},"ef/ef_lance_rot_sumi/ef_lance_rot_sumi_00027":{"width":150,"height":150},"ef/ef_lance_rot_sumi/ef_lance_rot_sumi_00029":{"width":150,"height":150},"ef/ef_lance_rot_sumi/ef_lance_rot_sumi_00032":{"width":150,"height":150},"ef/ef_lance_rot_sumi/ef_lance_rot_sumi_00033":{"width":150,"height":150},"ef/ef_lance_rot_sumi/ef_lance_rot_sumi_00034":{"width":150,"height":150},"ef/ef_lance_rot_sumi/ef_lance_rot_sumi_00036":{"width":150,"height":150},"ef/ef_lance_rot_sumi/ef_lance_rot_sumi_00040":{"width":150,"height":150},"ef/ef_lance_rot_sumi/ef_lance_rot_sumi_00042":{"width":150,"height":150},"ef/ef_lance_rot_sumi/ef_lance_rot_sumi_00044":{"width":150,"height":150},"ef/ef_lance_rot_sumi/ef_lance_rot_sumi_00045":{"width":150,"height":150}},"ef_lance_rot_sumi_n2":{"ef/ef_lance_rot_sumi/ef_lance_rot_sumi_00017":{"width":150,"height":150},"ef/ef_lance_rot_sumi/ef_lance_rot_sumi_00019":{"width":150,"height":150},"ef/ef_lance_rot_sumi/ef_lance_rot_sumi_00021":{"width":150,"height":150},"ef/ef_lance_rot_sumi/ef_lance_rot_sumi_00023":{"width":150,"height":150},"ef/ef_lance_rot_sumi/ef_lance_rot_sumi_00025":{"width":150,"height":150},"ef/ef_lance_rot_sumi/ef_lance_rot_sumi_00027":{"width":150,"height":150},"ef/ef_lance_rot_sumi/ef_lance_rot_sumi_00029":{"width":150,"height":150},"ef/ef_lance_rot_sumi/ef_lance_rot_sumi_00032":{"width":150,"height":150},"ef/ef_lance_rot_sumi/ef_lance_rot_sumi_00033":{"width":150,"height":150},"ef/ef_lance_rot_sumi/ef_lance_rot_sumi_00034":{"width":150,"height":150},"ef/ef_lance_rot_sumi/ef_lance_rot_sumi_00036":{"width":150,"height":150},"ef/ef_lance_rot_sumi/ef_lance_rot_sumi_00040":{"width":150,"height":150},"ef/ef_lance_rot_sumi/ef_lance_rot_sumi_00042":{"width":150,"height":150},"ef/ef_lance_rot_sumi/ef_lance_rot_sumi_00044":{"width":150,"height":150},"ef/ef_lance_rot_sumi/ef_lance_rot_sumi_00045":{"width":150,"height":150}},"ef_rot_wave_sumi_a":{"ef/ef_rot_wave_sumi/ef_rot_wave_sumi_00001":{"y":9.52,"width":210,"height":100},"ef/ef_rot_wave_sumi/ef_rot_wave_sumi_00002":{"y":9.52,"width":210,"height":100},"ef/ef_rot_wave_sumi/ef_rot_wave_sumi_00003":{"y":9.52,"width":210,"height":100},"ef/ef_rot_wave_sumi/ef_rot_wave_sumi_00004":{"y":9.52,"width":210,"height":100},"ef/ef_rot_wave_sumi/ef_rot_wave_sumi_00005":{"y":9.52,"width":210,"height":100},"ef/ef_rot_wave_sumi/ef_rot_wave_sumi_00006":{"y":9.52,"width":210,"height":100},"ef/ef_rot_wave_sumi/ef_rot_wave_sumi_00007":{"y":9.52,"width":210,"height":100},"ef/ef_rot_wave_sumi/ef_rot_wave_sumi_00008":{"y":9.52,"width":210,"height":100},"ef/ef_rot_wave_sumi/ef_rot_wave_sumi_00009":{"y":9.52,"width":210,"height":100},"ef/ef_rot_wave_sumi/ef_rot_wave_sumi_00010":{"y":9.52,"width":210,"height":100},"ef/ef_rot_wave_sumi/ef_rot_wave_sumi_00011":{"y":9.52,"width":210,"height":100},"ef/ef_rot_wave_sumi/ef_rot_wave_sumi_00012":{"y":9.52,"width":210,"height":100},"ef/ef_rot_wave_sumi/ef_rot_wave_sumi_00013":{"y":9.52,"width":210,"height":100}},"ef_rot_wave_sumi_a2":{"ef/ef_rot_wave_sumi/ef_rot_wave_sumi_00001":{"y":9.52,"width":210,"height":100},"ef/ef_rot_wave_sumi/ef_rot_wave_sumi_00002":{"y":9.52,"width":210,"height":100},"ef/ef_rot_wave_sumi/ef_rot_wave_sumi_00003":{"y":9.52,"width":210,"height":100},"ef/ef_rot_wave_sumi/ef_rot_wave_sumi_00004":{"y":9.52,"width":210,"height":100},"ef/ef_rot_wave_sumi/ef_rot_wave_sumi_00005":{"y":9.52,"width":210,"height":100},"ef/ef_rot_wave_sumi/ef_rot_wave_sumi_00006":{"y":9.52,"width":210,"height":100},"ef/ef_rot_wave_sumi/ef_rot_wave_sumi_00007":{"y":9.52,"width":210,"height":100},"ef/ef_rot_wave_sumi/ef_rot_wave_sumi_00008":{"y":9.52,"width":210,"height":100},"ef/ef_rot_wave_sumi/ef_rot_wave_sumi_00009":{"y":9.52,"width":210,"height":100},"ef/ef_rot_wave_sumi/ef_rot_wave_sumi_00010":{"y":9.52,"width":210,"height":100},"ef/ef_rot_wave_sumi/ef_rot_wave_sumi_00011":{"y":9.52,"width":210,"height":100},"ef/ef_rot_wave_sumi/ef_rot_wave_sumi_00012":{"y":9.52,"width":210,"height":100},"ef/ef_rot_wave_sumi/ef_rot_wave_sumi_00013":{"y":9.52,"width":210,"height":100}},"ef_rot_wave_sumi_n":{"ef/ef_rot_wave_sumi/ef_rot_wave_sumi_00001":{"y":9.52,"scaleX":1.1,"scaleY":1.1,"width":210,"height":100},"ef/ef_rot_wave_sumi/ef_rot_wave_sumi_00002":{"y":9.52,"scaleX":1.1,"scaleY":1.1,"width":210,"height":100},"ef/ef_rot_wave_sumi/ef_rot_wave_sumi_00003":{"y":9.52,"scaleX":1.1,"scaleY":1.1,"width":210,"height":100},"ef/ef_rot_wave_sumi/ef_rot_wave_sumi_00004":{"y":9.52,"scaleX":1.1,"scaleY":1.1,"width":210,"height":100},"ef/ef_rot_wave_sumi/ef_rot_wave_sumi_00005":{"y":9.52,"scaleX":1.1,"scaleY":1.1,"width":210,"height":100},"ef/ef_rot_wave_sumi/ef_rot_wave_sumi_00006":{"y":9.52,"scaleX":1.1,"scaleY":1.1,"width":210,"height":100},"ef/ef_rot_wave_sumi/ef_rot_wave_sumi_00007":{"y":9.52,"scaleX":1.1,"scaleY":1.1,"width":210,"height":100},"ef/ef_rot_wave_sumi/ef_rot_wave_sumi_00008":{"y":9.52,"scaleX":1.1,"scaleY":1.1,"width":210,"height":100},"ef/ef_rot_wave_sumi/ef_rot_wave_sumi_00009":{"y":9.52,"scaleX":1.1,"scaleY":1.1,"width":210,"height":100},"ef/ef_rot_wave_sumi/ef_rot_wave_sumi_00010":{"y":9.52,"scaleX":1.1,"scaleY":1.1,"width":210,"height":100},"ef/ef_rot_wave_sumi/ef_rot_wave_sumi_00011":{"y":9.52,"scaleX":1.1,"scaleY":1.1,"width":210,"height":100},"ef/ef_rot_wave_sumi/ef_rot_wave_sumi_00012":{"y":9.52,"scaleX":1.1,"scaleY":1.1,"width":210,"height":100},"ef/ef_rot_wave_sumi/ef_rot_wave_sumi_00013":{"y":9.52,"scaleX":1.1,"scaleY":1.1,"width":210,"height":100}},"ef_rot_wave_sumi_n2":{"ef/ef_rot_wave_sumi/ef_rot_wave_sumi_00001":{"y":9.52,"width":210,"height":100},"ef/ef_rot_wave_sumi/ef_rot_wave_sumi_00002":{"y":9.52,"width":210,"height":100},"ef/ef_rot_wave_sumi/ef_rot_wave_sumi_00003":{"y":9.52,"width":210,"height":100},"ef/ef_rot_wave_sumi/ef_rot_wave_sumi_00004":{"y":9.52,"width":210,"height":100},"ef/ef_rot_wave_sumi/ef_rot_wave_sumi_00005":{"y":9.52,"width":210,"height":100},"ef/ef_rot_wave_sumi/ef_rot_wave_sumi_00006":{"y":9.52,"width":210,"height":100},"ef/ef_rot_wave_sumi/ef_rot_wave_sumi_00007":{"y":9.52,"width":210,"height":100},"ef/ef_rot_wave_sumi/ef_rot_wave_sumi_00008":{"y":9.52,"width":210,"height":100},"ef/ef_rot_wave_sumi/ef_rot_wave_sumi_00009":{"y":9.52,"width":210,"height":100},"ef/ef_rot_wave_sumi/ef_rot_wave_sumi_00010":{"y":9.52,"width":210,"height":100},"ef/ef_rot_wave_sumi/ef_rot_wave_sumi_00011":{"y":9.52,"width":210,"height":100},"ef/ef_rot_wave_sumi/ef_rot_wave_sumi_00012":{"y":9.52,"width":210,"height":100},"ef/ef_rot_wave_sumi/ef_rot_wave_sumi_00013":{"y":9.52,"width":210,"height":100}},"ef_slash_A_main_a":{"ef/ef_slash_A_main/ef_slash_A_main_00001":{"width":150,"height":120},"ef/ef_slash_A_main/ef_slash_A_main_00002":{"width":150,"height":120},"ef/ef_slash_A_main/ef_slash_A_main_00003":{"width":150,"height":120},"ef/ef_slash_A_main/ef_slash_A_main_00004":{"width":150,"height":120},"ef/ef_slash_A_main/ef_slash_A_main_00005":{"width":150,"height":120},"ef/ef_slash_A_main/ef_slash_A_main_00006":{"width":150,"height":120},"ef/ef_slash_A_main/ef_slash_A_main_00007":{"width":150,"height":120},"ef/ef_slash_A_main/ef_slash_A_main_00008":{"width":150,"height":120}},"ef_slash_A_main_n":{"ef/ef_slash_A_main/ef_slash_A_main_00001":{"width":150,"height":120},"ef/ef_slash_A_main/ef_slash_A_main_00002":{"width":150,"height":120},"ef/ef_slash_A_main/ef_slash_A_main_00003":{"width":150,"height":120},"ef/ef_slash_A_main/ef_slash_A_main_00004":{"width":150,"height":120},"ef/ef_slash_A_main/ef_slash_A_main_00005":{"width":150,"height":120},"ef/ef_slash_A_main/ef_slash_A_main_00006":{"width":150,"height":120},"ef/ef_slash_A_main/ef_slash_A_main_00007":{"width":150,"height":120},"ef/ef_slash_A_main/ef_slash_A_main_00008":{"width":150,"height":120}},"ef_slash_B_main_a":{"ef/ef_slash_B_main/ef_slash_B_main_00001":{"width":100,"height":150},"ef/ef_slash_B_main/ef_slash_B_main_00002":{"width":100,"height":150},"ef/ef_slash_B_main/ef_slash_B_main_00003":{"width":100,"height":150},"ef/ef_slash_B_main/ef_slash_B_main_00004":{"width":100,"height":150},"ef/ef_slash_B_main/ef_slash_B_main_00005":{"width":100,"height":150},"ef/ef_slash_B_main/ef_slash_B_main_00006":{"width":100,"height":150},"ef/ef_slash_B_main/ef_slash_B_main_00007":{"width":100,"height":150}},"ef_slash_B_main_n":{"ef/ef_slash_B_main/ef_slash_B_main_00001":{"width":100,"height":150},"ef/ef_slash_B_main/ef_slash_B_main_00002":{"width":100,"height":150},"ef/ef_slash_B_main/ef_slash_B_main_00003":{"width":100,"height":150},"ef/ef_slash_B_main/ef_slash_B_main_00004":{"width":100,"height":150},"ef/ef_slash_B_main/ef_slash_B_main_00005":{"width":100,"height":150},"ef/ef_slash_B_main/ef_slash_B_main_00006":{"width":100,"height":150},"ef/ef_slash_B_main/ef_slash_B_main_00007":{"width":100,"height":150}},"ef_slash_trust_sumi_a":{"ef/ef_slash_trust_sumi/ef_slash_trust_sumi_00001":{"x":115.47,"width":150,"height":75},"ef/ef_slash_trust_sumi/ef_slash_trust_sumi_00002":{"x":115.47,"width":150,"height":75},"ef/ef_slash_trust_sumi/ef_slash_trust_sumi_00003":{"x":115.47,"width":150,"height":75},"ef/ef_slash_trust_sumi/ef_slash_trust_sumi_00004":{"x":115.47,"width":150,"height":75},"ef/ef_slash_trust_sumi/ef_slash_trust_sumi_00005":{"x":115.47,"width":150,"height":75},"ef/ef_slash_trust_sumi/ef_slash_trust_sumi_00006":{"x":115.47,"width":150,"height":75},"ef/ef_slash_trust_sumi/ef_slash_trust_sumi_00007":{"x":115.47,"width":150,"height":75},"ef/ef_slash_trust_sumi/ef_slash_trust_sumi_00008":{"x":115.47,"width":150,"height":75},"ef/ef_slash_trust_sumi/ef_slash_trust_sumi_00009":{"x":115.47,"width":150,"height":75},"ef/ef_slash_trust_sumi/ef_slash_trust_sumi_00010":{"x":115.47,"width":150,"height":75},"ef/ef_slash_trust_sumi/ef_slash_trust_sumi_00011":{"x":115.47,"width":150,"height":75},"ef/ef_slash_trust_sumi/ef_slash_trust_sumi_00012":{"x":115.47,"width":150,"height":75}},"ef_slash_trust_sumi_a2":{"ef/ef_slash_trust_sumi/ef_slash_trust_sumi_00001":{"x":115.47,"width":150,"height":75},"ef/ef_slash_trust_sumi/ef_slash_trust_sumi_00002":{"x":115.47,"width":150,"height":75},"ef/ef_slash_trust_sumi/ef_slash_trust_sumi_00003":{"x":115.47,"width":150,"height":75},"ef/ef_slash_trust_sumi/ef_slash_trust_sumi_00004":{"x":115.47,"width":150,"height":75},"ef/ef_slash_trust_sumi/ef_slash_trust_sumi_00005":{"x":115.47,"width":150,"height":75},"ef/ef_slash_trust_sumi/ef_slash_trust_sumi_00006":{"x":115.47,"width":150,"height":75},"ef/ef_slash_trust_sumi/ef_slash_trust_sumi_00007":{"x":115.47,"width":150,"height":75},"ef/ef_slash_trust_sumi/ef_slash_trust_sumi_00008":{"x":115.47,"width":150,"height":75},"ef/ef_slash_trust_sumi/ef_slash_trust_sumi_00009":{"x":115.47,"width":150,"height":75},"ef/ef_slash_trust_sumi/ef_slash_trust_sumi_00010":{"x":115.47,"width":150,"height":75},"ef/ef_slash_trust_sumi/ef_slash_trust_sumi_00011":{"x":115.47,"width":150,"height":75},"ef/ef_slash_trust_sumi/ef_slash_trust_sumi_00012":{"x":115.47,"width":150,"height":75}},"ef_slash_trust_sumi_n":{"ef/ef_slash_trust_sumi/ef_slash_trust_sumi_00001":{"x":115.47,"width":150,"height":75},"ef/ef_slash_trust_sumi/ef_slash_trust_sumi_00002":{"x":115.47,"width":150,"height":75},"ef/ef_slash_trust_sumi/ef_slash_trust_sumi_00003":{"x":115.47,"width":150,"height":75},"ef/ef_slash_trust_sumi/ef_slash_trust_sumi_00004":{"x":115.47,"width":150,"height":75},"ef/ef_slash_trust_sumi/ef_slash_trust_sumi_00005":{"x":115.47,"width":150,"height":75},"ef/ef_slash_trust_sumi/ef_slash_trust_sumi_00006":{"x":115.47,"width":150,"height":75},"ef/ef_slash_trust_sumi/ef_slash_trust_sumi_00007":{"x":115.47,"width":150,"height":75},"ef/ef_slash_trust_sumi/ef_slash_trust_sumi_00008":{"x":115.47,"width":150,"height":75},"ef/ef_slash_trust_sumi/ef_slash_trust_sumi_00009":{"x":115.47,"width":150,"height":75},"ef/ef_slash_trust_sumi/ef_slash_trust_sumi_00010":{"x":115.47,"width":150,"height":75},"ef/ef_slash_trust_sumi/ef_slash_trust_sumi_00011":{"x":115.47,"width":150,"height":75},"ef/ef_slash_trust_sumi/ef_slash_trust_sumi_00012":{"x":115.47,"width":150,"height":75}},"ef_slash_trust_sumi_n2":{"ef/ef_slash_trust_sumi/ef_slash_trust_sumi_00001":{"x":115.47,"width":150,"height":75},"ef/ef_slash_trust_sumi/ef_slash_trust_sumi_00002":{"x":115.47,"width":150,"height":75},"ef/ef_slash_trust_sumi/ef_slash_trust_sumi_00003":{"x":115.47,"width":150,"height":75},"ef/ef_slash_trust_sumi/ef_slash_trust_sumi_00004":{"x":115.47,"width":150,"height":75},"ef/ef_slash_trust_sumi/ef_slash_trust_sumi_00005":{"x":115.47,"width":150,"height":75},"ef/ef_slash_trust_sumi/ef_slash_trust_sumi_00006":{"x":115.47,"width":150,"height":75},"ef/ef_slash_trust_sumi/ef_slash_trust_sumi_00007":{"x":115.47,"width":150,"height":75},"ef/ef_slash_trust_sumi/ef_slash_trust_sumi_00008":{"x":115.47,"width":150,"height":75},"ef/ef_slash_trust_sumi/ef_slash_trust_sumi_00009":{"x":115.47,"width":150,"height":75},"ef/ef_slash_trust_sumi/ef_slash_trust_sumi_00010":{"x":115.47,"width":150,"height":75},"ef/ef_slash_trust_sumi/ef_slash_trust_sumi_00011":{"x":115.47,"width":150,"height":75},"ef/ef_slash_trust_sumi/ef_slash_trust_sumi_00012":{"x":115.47,"width":150,"height":75}},"ef_trust_sumi_a":{"ef/ef_trust_sumi/ef_trust_sumi_00001":{"x":72.4,"width":210,"height":150},"ef/ef_trust_sumi/ef_trust_sumi_00002":{"x":72.37,"width":210,"height":150},"ef/ef_trust_sumi/ef_trust_sumi_00003":{"x":72.37,"width":210,"height":150},"ef/ef_trust_sumi/ef_trust_sumi_00004":{"x":72.37,"width":210,"height":150},"ef/ef_trust_sumi/ef_trust_sumi_00005":{"x":72.37,"width":210,"height":150},"ef/ef_trust_sumi/ef_trust_sumi_00006":{"x":72.37,"width":210,"height":150}},"ef_trust_sumi_a2":{"ef/ef_trust_sumi/ef_trust_sumi_00001":{"x":72.37,"width":210,"height":150},"ef/ef_trust_sumi/ef_trust_sumi_00002":{"x":72.37,"width":210,"height":150},"ef/ef_trust_sumi/ef_trust_sumi_00003":{"x":72.37,"width":210,"height":150},"ef/ef_trust_sumi/ef_trust_sumi_00004":{"x":72.37,"width":210,"height":150},"ef/ef_trust_sumi/ef_trust_sumi_00005":{"x":72.37,"width":210,"height":150},"ef/ef_trust_sumi/ef_trust_sumi_00006":{"x":72.37,"width":210,"height":150}},"ef_trust_sumi_a3":{"ef/ef_trust_sumi/ef_trust_sumi_00001":{"x":72.37,"width":210,"height":150},"ef/ef_trust_sumi/ef_trust_sumi_00002":{"x":72.37,"width":210,"height":150},"ef/ef_trust_sumi/ef_trust_sumi_00003":{"x":72.37,"width":210,"height":150},"ef/ef_trust_sumi/ef_trust_sumi_00004":{"x":72.37,"width":210,"height":150},"ef/ef_trust_sumi/ef_trust_sumi_00005":{"x":72.37,"width":210,"height":150},"ef/ef_trust_sumi/ef_trust_sumi_00006":{"x":72.37,"width":210,"height":150}},"ef_trust_sumi_a4":{"ef/ef_trust_sumi/ef_trust_sumi_00001":{"x":72.37,"width":210,"height":150},"ef/ef_trust_sumi/ef_trust_sumi_00002":{"x":72.37,"width":210,"height":150},"ef/ef_trust_sumi/ef_trust_sumi_00003":{"x":72.37,"width":210,"height":150},"ef/ef_trust_sumi/ef_trust_sumi_00004":{"x":72.37,"width":210,"height":150},"ef/ef_trust_sumi/ef_trust_sumi_00005":{"x":72.37,"width":210,"height":150},"ef/ef_trust_sumi/ef_trust_sumi_00006":{"x":72.37,"width":210,"height":150}},"ef_trust_sumi_a5":{"ef/ef_trust_sumi/ef_trust_sumi_00001":{"x":72.37,"width":210,"height":150},"ef/ef_trust_sumi/ef_trust_sumi_00002":{"x":72.37,"width":210,"height":150},"ef/ef_trust_sumi/ef_trust_sumi_00003":{"x":72.37,"width":210,"height":150},"ef/ef_trust_sumi/ef_trust_sumi_00004":{"x":72.37,"width":210,"height":150},"ef/ef_trust_sumi/ef_trust_sumi_00005":{"x":72.37,"width":210,"height":150},"ef/ef_trust_sumi/ef_trust_sumi_00006":{"x":72.37,"width":210,"height":150}},"ef_trust_sumi_a6":{"ef/ef_trust_sumi/ef_trust_sumi_00001":{"x":72.37,"width":210,"height":150},"ef/ef_trust_sumi/ef_trust_sumi_00002":{"x":72.37,"width":210,"height":150},"ef/ef_trust_sumi/ef_trust_sumi_00003":{"x":72.37,"width":210,"height":150},"ef/ef_trust_sumi/ef_trust_sumi_00004":{"x":72.37,"width":210,"height":150},"ef/ef_trust_sumi/ef_trust_sumi_00005":{"x":72.37,"width":210,"height":150},"ef/ef_trust_sumi/ef_trust_sumi_00006":{"x":72.37,"width":210,"height":150}},"ef_trust_sumi_a7":{"ef/ef_trust_sumi/ef_trust_sumi_00001":{"x":72.37,"width":210,"height":150},"ef/ef_trust_sumi/ef_trust_sumi_00002":{"x":72.37,"width":210,"height":150},"ef/ef_trust_sumi/ef_trust_sumi_00003":{"x":72.37,"width":210,"height":150},"ef/ef_trust_sumi/ef_trust_sumi_00004":{"x":72.37,"width":210,"height":150},"ef/ef_trust_sumi/ef_trust_sumi_00005":{"x":72.37,"width":210,"height":150},"ef/ef_trust_sumi/ef_trust_sumi_00006":{"x":72.37,"width":210,"height":150}},"ef_trust_sumi_n":{"ef/ef_trust_sumi/ef_trust_sumi_00001":{"x":72.37,"width":210,"height":150},"ef/ef_trust_sumi/ef_trust_sumi_00002":{"x":72.37,"width":210,"height":150},"ef/ef_trust_sumi/ef_trust_sumi_00003":{"x":72.37,"width":210,"height":150},"ef/ef_trust_sumi/ef_trust_sumi_00004":{"x":72.37,"width":210,"height":150},"ef/ef_trust_sumi/ef_trust_sumi_00005":{"x":72.37,"width":210,"height":150},"ef/ef_trust_sumi/ef_trust_sumi_00006":{"x":72.37,"width":210,"height":150}},"ef_trust_sumi_n2":{"ef/ef_trust_sumi/ef_trust_sumi_00001":{"x":72.37,"width":210,"height":150},"ef/ef_trust_sumi/ef_trust_sumi_00002":{"x":72.37,"width":210,"height":150},"ef/ef_trust_sumi/ef_trust_sumi_00003":{"x":72.37,"width":210,"height":150},"ef/ef_trust_sumi/ef_trust_sumi_00004":{"x":72.37,"width":210,"height":150},"ef/ef_trust_sumi/ef_trust_sumi_00005":{"x":72.37,"width":210,"height":150},"ef/ef_trust_sumi/ef_trust_sumi_00006":{"x":72.37,"width":210,"height":150}},"ef_trust_sumi_n3":{"ef/ef_trust_sumi/ef_trust_sumi_00001":{"x":72.37,"width":210,"height":150},"ef/ef_trust_sumi/ef_trust_sumi_00002":{"x":72.37,"width":210,"height":150},"ef/ef_trust_sumi/ef_trust_sumi_00003":{"x":72.37,"width":210,"height":150},"ef/ef_trust_sumi/ef_trust_sumi_00004":{"x":72.37,"width":210,"height":150},"ef/ef_trust_sumi/ef_trust_sumi_00005":{"x":72.37,"width":210,"height":150},"ef/ef_trust_sumi/ef_trust_sumi_00006":{"x":72.37,"width":210,"height":150}},"ef_trust_sumi_n4":{"ef/ef_trust_sumi/ef_trust_sumi_00001":{"x":72.37,"width":210,"height":150},"ef/ef_trust_sumi/ef_trust_sumi_00002":{"x":72.37,"width":210,"height":150},"ef/ef_trust_sumi/ef_trust_sumi_00003":{"x":72.37,"width":210,"height":150},"ef/ef_trust_sumi/ef_trust_sumi_00004":{"x":72.37,"width":210,"height":150},"ef/ef_trust_sumi/ef_trust_sumi_00005":{"x":72.37,"width":210,"height":150},"ef/ef_trust_sumi/ef_trust_sumi_00006":{"x":72.37,"width":210,"height":150}},"ef_trust_sumi_n5":{"ef/ef_trust_sumi/ef_trust_sumi_00001":{"x":72.37,"width":210,"height":150},"ef/ef_trust_sumi/ef_trust_sumi_00002":{"x":72.37,"width":210,"height":150},"ef/ef_trust_sumi/ef_trust_sumi_00003":{"x":72.37,"width":210,"height":150},"ef/ef_trust_sumi/ef_trust_sumi_00004":{"x":72.37,"width":210,"height":150},"ef/ef_trust_sumi/ef_trust_sumi_00005":{"x":72.37,"width":210,"height":150},"ef/ef_trust_sumi/ef_trust_sumi_00006":{"x":72.37,"width":210,"height":150}},"ef_trust_sumi_n6":{"ef/ef_trust_sumi/ef_trust_sumi_00001":{"x":72.37,"width":210,"height":150},"ef/ef_trust_sumi/ef_trust_sumi_00002":{"x":72.37,"width":210,"height":150},"ef/ef_trust_sumi/ef_trust_sumi_00003":{"x":72.37,"width":210,"height":150},"ef/ef_trust_sumi/ef_trust_sumi_00004":{"x":72.37,"width":210,"height":150},"ef/ef_trust_sumi/ef_trust_sumi_00005":{"x":72.37,"width":210,"height":150},"ef/ef_trust_sumi/ef_trust_sumi_00006":{"x":72.37,"width":210,"height":150}},"ef_trust_sumi_n7":{"ef/ef_trust_sumi/ef_trust_sumi_00001":{"x":72.37,"width":210,"height":150},"ef/ef_trust_sumi/ef_trust_sumi_00002":{"x":72.37,"width":210,"height":150},"ef/ef_trust_sumi/ef_trust_sumi_00003":{"x":72.37,"width":210,"height":150},"ef/ef_trust_sumi/ef_trust_sumi_00004":{"x":72.37,"width":210,"height":150},"ef/ef_trust_sumi/ef_trust_sumi_00005":{"x":72.37,"width":210,"height":150},"ef/ef_trust_sumi/ef_trust_sumi_00006":{"x":72.37,"width":210,"height":150}},"eye_shine":{"ef/eye_shine/ef_shine_main_00001":{"x":-1.49,"y":-1.75,"width":188,"height":188},"ef/eye_shine/ef_shine_main_00002":{"x":-1.49,"y":-1.75,"width":188,"height":188},"ef/eye_shine/ef_shine_main_00003":{"x":-1.49,"y":-1.75,"width":188,"height":188},"ef/eye_shine/ef_shine_main_00004":{"x":-1.49,"y":-1.75,"width":188,"height":188},"ef/eye_shine/ef_shine_main_00005":{"x":-1.49,"y":-1.75,"width":188,"height":188},"ef/eye_shine/ef_shine_main_00006":{"x":-1.49,"y":-1.75,"width":188,"height":188},"ef/eye_shine/ef_shine_main_00007":{"x":-1.49,"y":-1.75,"width":188,"height":188},"ef/eye_shine/ef_shine_main_00008":{"x":-1.49,"y":-1.75,"width":188,"height":188},"ef/eye_shine/ef_shine_main_00009":{"x":-1.49,"y":-1.75,"width":188,"height":188},"ef/eye_shine/ef_shine_main_00010":{"x":-1.49,"y":-1.75,"width":188,"height":188}},"sphire":{"ef/sphire":{"width":200,"height":200}}}},"events":{"Event":{},"Event2":{},"hit":{}},"animations":{"attack1":{"slots":{"DAMAGEAREA":{"attachment":[{"time":0.2,"name":"DAMAGEAREA"},{"time":0.2666,"name":null},{"time":0.7333,"name":"DAMAGEAREA"},{"time":0.8,"name":null},{"time":1.4,"name":"DAMAGEAREA"},{"time":1.4666,"name":null}]},"MAIN":{"attachment":[{"time":0,"name":"idle_00"},{"time":0.0333,"name":"attack1_00"},{"time":0.1,"name":"attack1_01"},{"time":0.2,"name":"attack1_02"},{"time":0.2666,"name":"attack1_03"},{"time":0.4,"name":"attack1_04"},{"time":0.5333,"name":"attack1_05"},{"time":0.6,"name":"attack1_06"},{"time":0.7333,"name":"attack1_07"},{"time":0.8,"name":"attack1_08"},{"time":0.8666,"name":"attack1_09"},{"time":1,"name":"attack1_11"},{"time":1.1333,"name":"attack1_00"},{"time":1.2,"name":"attack1_01"},{"time":1.4,"name":"attack1_12"},{"time":1.4666,"name":"attack1_13"},{"time":1.5333,"name":"attack1_14"},{"time":1.8333,"name":"idle_00"}]},"ef/DOT_EF/attack1_02_EF":{"attachment":[{"time":0.2,"name":"ef/DOT_EF/attack1_02_EF"},{"time":0.2333,"name":"ef/DOT_EF/attack1_03_EF"},{"time":0.2666,"name":null},{"time":0.7333,"name":"ef/DOT_EF/attack1_07_EF"},{"time":0.7666,"name":"ef/DOT_EF/attack1_08_EF"},{"time":0.8,"name":null},{"time":1.4,"name":"ef/DOT_EF/attack1_12_EF"},{"time":1.4333,"name":"ef/DOT_EF/attack1_13_EF"},{"time":1.4666,"name":null}]}},"bones":{"MAIN":{"translate":[{"time":0,"x":0,"y":0,"curve":"stepped"},{"time":0.0333,"x":14.54,"y":0,"curve":[0.057,0.17,0.75,1]},{"time":0.1666,"x":21.15,"y":0,"curve":[0.095,0.49,0.515,0.9]},{"time":0.3,"x":-8.52,"y":0,"curve":"stepped"},{"time":0.4,"x":9.99,"y":0,"curve":"stepped"},{"time":1,"x":12.05,"y":0,"curve":"stepped"},{"time":1.1333,"x":15.97,"y":0,"curve":[0.062,0.45,0.75,1]},{"time":1.3,"x":32.56,"y":0,"curve":"stepped"},{"time":1.4,"x":23.3,"y":0,"curve":[0.08,0.82,0.139,0.92]},{"time":1.6,"x":-14.9,"y":0,"curve":"stepped"},{"time":1.8333,"x":0,"y":0}]},"DOT_EF":{"translate":[{"time":0.2,"x":-171.13,"y":-14.08,"curve":"stepped"},{"time":0.7333,"x":-166.14,"y":62.51,"curve":"stepped"},{"time":1.4,"x":-147.59,"y":30.36}]},"DAMAGEAREA":{"translate":[{"time":0.2,"x":-146.78,"y":46.76,"curve":"stepped"},{"time":0.7333,"x":-154.98,"y":69.98,"curve":"stepped"},{"time":1.4,"x":-192.03,"y":69.98}],"scale":[{"time":0.2,"x":2.365,"y":1.068,"curve":"stepped"},{"time":0.7333,"x":2.577,"y":1.535,"curve":"stepped"},{"time":1.4,"x":3.265,"y":1.398}]}},"events":[{"time":0,"name":"Event","float":0.1,"string":"kHitStopType_normal"},{"time":0.0333,"name":"Event","string":"setHitEffect(hit03e,1,1,1)"},{"time":0.0666,"name":"Event","int":20,"string":"kImpactType_normal"},{"time":0.7333,"name":"hit","string":"resetHitList"},{"time":1.4,"name":"hit","string":"resetHitList"}]},"back":{"slots":{"MAIN":{"attachment":[{"time":0,"name":"back_00"},{"time":0.4,"name":"attack1_01"},{"time":0.6,"name":"idle_03"},{"time":0.7333,"name":"idle_00"}]}},"bones":{"MAIN":{"translate":[{"time":0,"x":0,"y":0,"curve":[0.279,0.46,0.651,0.79]},{"time":0.1666,"x":190.85,"y":9.47,"curve":[0.354,0.46,0.697,0.8]},{"time":0.4,"x":240,"y":0,"curve":[0.124,0.71,0.75,1]},{"time":0.6666,"x":250.05,"y":0}]}}},"damage":{"slots":{"MAIN":{"attachment":[{"time":0,"name":"damage_00"}]}}},"disappear":{"slots":{"MAIN":{"attachment":[{"time":0.0333,"name":null},{"time":0.0666,"name":"idle_00"},{"time":0.1,"name":null}],"color":[{"time":0,"color":"ffffffff"}]},"MAIN2":{"attachment":[{"time":0.0333,"name":"idle_00"},{"time":0.0666,"name":null},{"time":0.1,"name":"idle_00"},{"time":0.1333,"name":null}],"color":[{"time":0.0333,"color":"0000008a"}]}},"bones":{"MAIN":{"translate":[{"time":0,"x":0,"y":0,"curve":"stepped"},{"time":0.0666,"x":-51.58,"y":0}]},"MAIN2":{"translate":[{"time":0.0333,"x":169.44,"y":0,"curve":"stepped"},{"time":0.1,"x":42.58,"y":0}]}}},"disappear2":{"slots":{"MAIN":{"attachment":[{"time":0,"name":"stand_00"},{"time":0.0333,"name":null},{"time":0.0666,"name":"stand_00"},{"time":0.1,"name":null}],"color":[{"time":0,"color":"ffffffff"}]},"MAIN2":{"attachment":[{"time":0.0333,"name":"stand_00"},{"time":0.0666,"name":null},{"time":0.1,"name":"stand_00"},{"time":0.1333,"name":null}],"color":[{"time":0.0333,"color":"0000008a"}]}},"bones":{"MAIN":{"translate":[{"time":0,"x":0,"y":0,"curve":"stepped"},{"time":0.0666,"x":-51.58,"y":0}]},"MAIN2":{"translate":[{"time":0.0333,"x":169.44,"y":0,"curve":"stepped"},{"time":0.1,"x":42.58,"y":0}]}}},"front":{"slots":{"MAIN":{"attachment":[{"time":0,"name":"front_00"}]}}},"idle":{"slots":{"MAIN":{"attachment":[{"time":0,"name":"idle_00"},{"time":0.2666,"name":"idle_01"},{"time":0.5,"name":"idle_02"},{"time":0.7666,"name":"idle_03"},{"time":1,"name":"idle_00"}]}},"bones":{"MAIN":{"translate":[{"time":0,"x":0,"y":0}]}}},"idle2":{"slots":{"MAIN":{"attachment":[{"time":0,"name":"stand_00"}]}},"bones":{"MAIN":{"translate":[{"time":0,"x":0,"y":0}]}}},"in":{"slots":{"MAIN":{"attachment":[{"time":0,"name":"idle_00"},{"time":0.0333,"name":null},{"time":0.0666,"name":"idle_00"},{"time":0.1,"name":null},{"time":0.1333,"name":"idle_00"}],"color":[{"time":0,"color":"0000008a","curve":"stepped"},{"time":0.1666,"color":"ffffffff","curve":"stepped"},{"time":0.3333,"color":"ffffffff"}]},"MAIN2":{"attachment":[{"time":0.0333,"name":"idle_00"},{"time":0.0666,"name":null},{"time":0.1,"name":"idle_00"},{"time":0.1333,"name":null}],"color":[{"time":0.0333,"color":"0000008a"}]}},"bones":{"MAIN":{"translate":[{"time":0,"x":-132.46,"y":0,"curve":"stepped"},{"time":0.0666,"x":-51.58,"y":0,"curve":"stepped"},{"time":0.1333,"x":-34.85,"y":0,"curve":"stepped"},{"time":0.1666,"x":0,"y":0,"curve":"stepped"},{"time":0.3333,"x":0,"y":0}]},"MAIN2":{"translate":[{"time":0.0333,"x":169.44,"y":0,"curve":"stepped"},{"time":0.1,"x":42.58,"y":0}]}}},"in2":{"slots":{"MAIN":{"attachment":[{"time":0,"name":"stand_00"},{"time":0.0333,"name":null},{"time":0.0666,"name":"stand_00"},{"time":0.1,"name":null},{"time":0.1333,"name":"stand_00"}],"color":[{"time":0,"color":"0000008a","curve":"stepped"},{"time":0.1666,"color":"ffffffff","curve":"stepped"},{"time":0.3333,"color":"ffffffff"}]},"MAIN2":{"attachment":[{"time":0.0333,"name":"stand_00"},{"time":0.0666,"name":null},{"time":0.1,"name":"stand_00"},{"time":0.1333,"name":null}],"color":[{"time":0.0333,"color":"0000008a"}]}},"bones":{"MAIN":{"translate":[{"time":0,"x":-132.46,"y":0,"curve":"stepped"},{"time":0.0666,"x":-51.58,"y":0,"curve":"stepped"},{"time":0.1333,"x":-34.85,"y":0,"curve":"stepped"},{"time":0.1666,"x":0,"y":0,"curve":"stepped"},{"time":0.3333,"x":0,"y":0}]},"MAIN2":{"translate":[{"time":0.0333,"x":169.44,"y":0,"curve":"stepped"},{"time":0.1,"x":42.58,"y":0}]}}}}}