{"skeleton":{"hash":"mCAFswn9a5UxZ0u5NlBB6OEwDEk","spine":"3.0.12","width":500,"height":500,"images":"./images2/"},"bones":[{"name":"root"},{"name":"MAIN","parent":"root","y":68},{"name":"SHADOW-OFFSET","parent":"MAIN","y":-68},{"name":"HITBOX","parent":"MAIN","y":-68},{"name":"EF_MAIN","parent":"root","color":"b100d9ff"},{"name":"EF_rotwave1_2","parent":"EF_MAIN","x":200,"color":"d94e00ff"},{"name":"EF_rotwave1_1","parent":"EF_MAIN","x":200,"color":"d94e00ff"},{"name":"EF_magic_root1","parent":"EF_MAIN","color":"b100d9ff"},{"name":"EF_magic2_1","parent":"EF_magic_root1","color":"b100d9ff"},{"name":"EF_magic1_1","parent":"EF_magic_root1","color":"b100d9ff"},{"name":"EF_groundwave2_1","parent":"EF_MAIN","x":350,"color":"b100d9ff"},{"name":"EF_groundwave1_1","parent":"EF_MAIN","x":300,"color":"b100d9ff"},{"name":"EF_dot_slash1","parent":"EF_MAIN","x":250,"y":100,"color":"b100d9ff"},{"name":"EF_dash1_2","parent":"EF_MAIN","x":250,"color":"b100d9ff"},{"name":"EF_dash1_1","parent":"EF_MAIN","x":250,"color":"b100d9ff"},{"name":"DAMAGEAREA","parent":"root"}],"slots":[{"name":"EF_groundwave1_1","bone":"EF_groundwave1_1","blend":"additive"},{"name":"EF_rotwave1_1","bone":"EF_rotwave1_1","blend":"additive"},{"name":"EF_rotwave1_2","bone":"EF_rotwave1_2","blend":"additive"},{"name":"MAIN","bone":"MAIN","attachment":"idle_00"},{"name":"HITBOX","bone":"HITBOX","attachment":"HITBOX"},{"name":"DAMAGEAREA","bone":"DAMAGEAREA"},{"name":"EF_dash1_1","bone":"EF_dash1_1","blend":"additive"},{"name":"EF_dash1_2","bone":"EF_dash1_2","blend":"additive"},{"name":"EF_groundwave2_1","bone":"EF_groundwave2_1","blend":"additive"},{"name":"EF_dot_slash1_1","bone":"EF_dot_slash1","color":"faff12ff","blend":"additive"},{"name":"EF_dot_slash2_1","bone":"EF_dot_slash1","color":"faff12ff","blend":"additive"},{"name":"EF_magic1_1","bone":"EF_magic1_1","blend":"additive"},{"name":"EF_magic2_1","bone":"EF_magic2_1","blend":"additive"}],"skins":{"default":{"DAMAGEAREA":{"DAMAGEAREA":{"type":"boundingbox","vertices":[-98.58879,98.19882,-97.93779,-97.75219,97.36221,-97.75219,98.0132,97.54784]}},"EF_dash1_1":{"EF/EF_dash1/ef_dash_yellow_00002":{"x":28.12,"y":18.59,"width":200,"height":200},"EF/EF_dash1/ef_dash_yellow_00003":{"x":28.12,"y":18.59,"width":200,"height":200},"EF/EF_dash1/ef_dash_yellow_00004":{"x":28.12,"y":18.59,"width":200,"height":200},"EF/EF_dash1/ef_dash_yellow_00005":{"x":28.12,"y":18.59,"width":200,"height":200},"EF/EF_dash1/ef_dash_yellow_00006":{"x":28.12,"y":18.59,"width":200,"height":200},"EF/EF_dash1/ef_dash_yellow_00007":{"x":28.12,"y":18.59,"width":200,"height":200},"EF/EF_dash1/ef_dash_yellow_00008":{"x":28.12,"y":18.59,"width":200,"height":200},"EF/EF_dash1/ef_dash_yellow_00009":{"x":28.12,"y":18.59,"width":200,"height":200},"EF/EF_dash1/ef_dash_yellow_00010":{"x":28.12,"y":18.59,"width":200,"height":200},"EF/EF_dash1/ef_dash_yellow_00011":{"x":28.12,"y":18.59,"width":200,"height":200}},"EF_dash1_2":{"EF/EF_dash1/ef_dash_yellow_00002":{"x":28.12,"y":18.59,"width":200,"height":200},"EF/EF_dash1/ef_dash_yellow_00003":{"x":28.12,"y":18.59,"width":200,"height":200},"EF/EF_dash1/ef_dash_yellow_00004":{"x":28.12,"y":18.59,"width":200,"height":200},"EF/EF_dash1/ef_dash_yellow_00005":{"x":28.12,"y":18.59,"width":200,"height":200},"EF/EF_dash1/ef_dash_yellow_00006":{"x":28.12,"y":18.59,"width":200,"height":200},"EF/EF_dash1/ef_dash_yellow_00007":{"x":28.12,"y":18.59,"width":200,"height":200},"EF/EF_dash1/ef_dash_yellow_00008":{"x":28.12,"y":18.59,"width":200,"height":200},"EF/EF_dash1/ef_dash_yellow_00009":{"x":28.12,"y":18.59,"width":200,"height":200},"EF/EF_dash1/ef_dash_yellow_00010":{"x":28.12,"y":18.59,"width":200,"height":200},"EF/EF_dash1/ef_dash_yellow_00011":{"x":28.12,"y":18.59,"width":200,"height":200}},"EF_dot_slash1_1":{"EF/EF_slash_DOT/10000-combo_16_ef2_1B":{"width":206,"height":171},"EF/EF_slash_DOT/EF_slash":{"width":81,"height":88},"EF/EF_slash_DOT/sp_ef_1":{"width":300,"height":160}},"EF_dot_slash2_1":{"EF/EF_slash_DOT/10000-combo_16_ef2_1F":{"width":206,"height":171}},"EF_groundwave1_1":{"EF/EF_groundwave1/ef_graund_wave_yellow_00002":{"y":15.67,"width":300,"height":180},"EF/EF_groundwave1/ef_graund_wave_yellow_00003":{"y":15.67,"width":300,"height":180},"EF/EF_groundwave1/ef_graund_wave_yellow_00004":{"y":15.67,"width":300,"height":180},"EF/EF_groundwave1/ef_graund_wave_yellow_00005":{"y":15.67,"width":300,"height":180},"EF/EF_groundwave1/ef_graund_wave_yellow_00006":{"y":15.67,"width":300,"height":180},"EF/EF_groundwave1/ef_graund_wave_yellow_00007":{"y":15.67,"width":300,"height":180},"EF/EF_groundwave1/ef_graund_wave_yellow_00008":{"y":15.67,"width":300,"height":180},"EF/EF_groundwave1/ef_graund_wave_yellow_00009":{"y":15.67,"width":300,"height":180},"EF/EF_groundwave1/ef_graund_wave_yellow_00010":{"y":15.67,"width":300,"height":180},"EF/EF_groundwave1/ef_graund_wave_yellow_00011":{"y":15.67,"width":300,"height":180},"EF/EF_groundwave1/ef_graund_wave_yellow_00012":{"y":15.67,"width":300,"height":180}},"EF_groundwave2_1":{"EF/EF_groundwave2/ef_graund_aura_main_00003":{"y":1.82,"width":256,"height":160},"EF/EF_groundwave2/ef_graund_aura_main_00004":{"y":1.82,"width":256,"height":160},"EF/EF_groundwave2/ef_graund_aura_main_00005":{"y":1.82,"width":256,"height":160},"EF/EF_groundwave2/ef_graund_aura_main_00006":{"y":1.82,"width":256,"height":160},"EF/EF_groundwave2/ef_graund_aura_main_00007":{"y":1.82,"width":256,"height":160},"EF/EF_groundwave2/ef_graund_aura_main_00008":{"y":1.82,"width":256,"height":160},"EF/EF_groundwave2/ef_graund_aura_main_00009":{"y":1.82,"width":256,"height":160},"EF/EF_groundwave2/ef_graund_aura_main_00010":{"y":1.82,"width":256,"height":160},"EF/EF_groundwave2/ef_graund_aura_main_00011":{"y":1.82,"width":256,"height":160},"EF/EF_groundwave2/ef_graund_aura_main_00012":{"y":1.82,"width":256,"height":160}},"EF_magic1_1":{"EF/EF_magic/5100_S2_magic1d":{"scaleX":1.1,"scaleY":1.1,"width":204,"height":204}},"EF_magic2_1":{"EF/EF_magic/magic_4light":{"width":168,"height":168}},"EF_rotwave1_1":{"EF/EF_rotwave/ef_rot_wave_main_00001":{"y":17.32,"width":320,"height":160},"EF/EF_rotwave/ef_rot_wave_main_00002":{"y":17.32,"width":320,"height":160},"EF/EF_rotwave/ef_rot_wave_main_00003":{"y":17.32,"width":320,"height":160},"EF/EF_rotwave/ef_rot_wave_main_00004":{"y":17.32,"width":320,"height":160},"EF/EF_rotwave/ef_rot_wave_main_00005":{"y":17.32,"width":320,"height":160},"EF/EF_rotwave/ef_rot_wave_main_00006":{"y":17.32,"width":320,"height":160},"EF/EF_rotwave/ef_rot_wave_main_00007":{"y":17.32,"width":320,"height":160},"EF/EF_rotwave/ef_rot_wave_main_00008":{"y":17.32,"width":320,"height":160},"EF/EF_rotwave/ef_rot_wave_main_00009":{"y":17.32,"width":320,"height":160},"EF/EF_rotwave/ef_rot_wave_main_00010":{"y":17.32,"width":320,"height":160},"EF/EF_rotwave/ef_rot_wave_main_00011":{"y":17.32,"width":320,"height":160},"EF/EF_rotwave/ef_rot_wave_main_00012":{"y":17.32,"width":320,"height":160},"EF/EF_rotwave/ef_rot_wave_main_00013":{"y":17.32,"width":320,"height":160}},"EF_rotwave1_2":{"EF/EF_rotwave/ef_rot_wave_main_00001":{"y":17.32,"width":320,"height":160},"EF/EF_rotwave/ef_rot_wave_main_00002":{"y":17.32,"width":320,"height":160},"EF/EF_rotwave/ef_rot_wave_main_00003":{"y":17.32,"width":320,"height":160},"EF/EF_rotwave/ef_rot_wave_main_00004":{"y":17.32,"width":320,"height":160},"EF/EF_rotwave/ef_rot_wave_main_00005":{"y":17.32,"width":320,"height":160},"EF/EF_rotwave/ef_rot_wave_main_00006":{"y":17.32,"width":320,"height":160},"EF/EF_rotwave/ef_rot_wave_main_00007":{"y":17.32,"width":320,"height":160},"EF/EF_rotwave/ef_rot_wave_main_00008":{"y":17.32,"width":320,"height":160},"EF/EF_rotwave/ef_rot_wave_main_00009":{"y":17.32,"width":320,"height":160},"EF/EF_rotwave/ef_rot_wave_main_00010":{"y":17.32,"width":320,"height":160},"EF/EF_rotwave/ef_rot_wave_main_00011":{"y":17.32,"width":320,"height":160},"EF/EF_rotwave/ef_rot_wave_main_00012":{"y":17.32,"width":320,"height":160},"EF/EF_rotwave/ef_rot_wave_main_00013":{"y":17.32,"width":320,"height":160}},"HITBOX":{"HITBOX":{"type":"boundingbox","vertices":[-36.23631,122.87886,-36.8023,4.01886,31.68367,2.32085,32.24966,122.31284]}},"MAIN":{"attack1_00":{"x":11.66,"y":12.84,"width":500,"height":500},"attack1_01":{"x":-2.39,"y":12.83,"width":500,"height":500},"attack1_02":{"x":-2.39,"y":12.83,"width":500,"height":500},"attack1_03":{"x":-2.39,"y":12.83,"width":500,"height":500},"attack1_04":{"x":30.49,"y":12.83,"width":500,"height":500},"attack1_05":{"x":74.74,"y":35.02,"width":500,"height":500},"attack1_06":{"x":74.75,"y":35,"width":500,"height":500},"attack1_07":{"x":74.75,"y":35,"width":500,"height":500},"attack1_08":{"x":125,"y":35,"width":500,"height":500},"attack1_09":{"x":125,"y":35,"width":500,"height":500},"attack1_10":{"x":71,"y":29,"width":500,"height":500},"attack1_11":{"x":71.25,"y":29,"width":500,"height":500},"attack1_12":{"x":71,"y":29,"width":500,"height":500},"back_00":{"x":-25.71,"y":4.76,"width":500,"height":500},"damage_00":{"x":-15.27,"y":1.99,"width":500,"height":500},"front_00":{"x":5.29,"y":19.49,"width":500,"height":500},"idle_00":{"x":-0.8,"y":-9,"width":500,"height":500},"idle_01":{"x":-0.8,"y":-9,"width":500,"height":500},"idle_02":{"x":-0.8,"y":-9,"width":500,"height":500},"idle_03":{"x":-0.8,"y":-9,"width":500,"height":500},"idle_04":{"x":-0.8,"y":-9,"width":500,"height":500},"skill1_00":{"x":-4.57,"y":-9,"width":500,"height":500},"skill1_01":{"x":-22.21,"y":-9,"width":500,"height":500},"skill1_02":{"x":-22.22,"y":-9,"width":500,"height":500},"skill1_03":{"x":-22.22,"y":-9,"width":500,"height":500},"skill1_04":{"x":28.93,"y":-23.36,"width":500,"height":500},"skill1_05":{"x":25.15,"y":-28.65,"width":500,"height":500},"skill1_06":{"x":23.39,"y":-27.89,"width":500,"height":500},"skill1_07":{"x":14.06,"y":-16.55,"width":500,"height":500},"skill1_08":{"x":8.01,"y":-13.28,"width":500,"height":500},"skill1_09":{"x":8.02,"y":-13.27,"width":500,"height":500},"skill1_10":{"x":8.02,"y":-13.27,"width":500,"height":500},"skill1_11":{"x":28,"y":1,"width":500,"height":500},"skill1_12":{"x":28,"y":1,"width":500,"height":500},"skill1_13":{"x":28,"y":1,"width":500,"height":500},"skill1_14":{"x":28,"y":1,"width":500,"height":500},"skill2_00":{"x":6.5,"y":-2,"width":500,"height":500},"skill2_01":{"x":6.5,"y":-2,"width":500,"height":500},"skill2_02":{"x":6.5,"y":-2,"width":500,"height":500},"skill2_03":{"x":22.69,"y":-2,"width":500,"height":500}}}},"events":{"Event":{},"Event2":{"string":"setForceImpact(1)"},"Hit":{},"Sound1":{},"Sound2":{},"Sound3":{},"Voice":{}},"animations":{"attack1":{"slots":{"DAMAGEAREA":{"attachment":[{"time":0.3666,"name":"DAMAGEAREA"},{"time":0.4333,"name":null},{"time":0.4666,"name":"DAMAGEAREA"},{"time":0.5333,"name":null},{"time":0.6333,"name":"DAMAGEAREA"},{"time":0.7,"name":null}]},"EF_dot_slash1_1":{"attachment":[{"time":0.3666,"name":"EF/EF_slash_DOT/EF_slash"},{"time":0.4,"name":null},{"time":0.4666,"name":"EF/EF_slash_DOT/10000-combo_16_ef2_1B"},{"time":0.5,"name":null},{"time":0.6333,"name":"EF/EF_slash_DOT/sp_ef_1"},{"time":0.7,"name":null}]},"EF_dot_slash2_1":{"attachment":[{"time":0.4666,"name":"EF/EF_slash_DOT/10000-combo_16_ef2_1F"},{"time":0.5,"name":null}]},"MAIN":{"attachment":[{"time":0,"name":"idle_00"},{"time":0.0333,"name":"attack1_00"},{"time":0.0666,"name":"attack1_01"},{"time":0.1333,"name":"attack1_02"},{"time":0.2,"name":"attack1_03"},{"time":0.3333,"name":"attack1_04"},{"time":0.3666,"name":"attack1_05"},{"time":0.4,"name":"attack1_06"},{"time":0.4333,"name":"attack1_07"},{"time":0.4666,"name":"attack1_08"},{"time":0.5333,"name":"attack1_09"},{"time":0.6,"name":"front_00"},{"time":0.6333,"name":"attack1_10"},{"time":0.7,"name":"attack1_11"},{"time":0.8,"name":"attack1_12"},{"time":0.9333,"name":"back_00"},{"time":1.1666,"name":"idle_04"},{"time":1.3333,"name":"idle_03"},{"time":1.5,"name":"idle_00"}]}},"bones":{"MAIN":{"translate":[{"time":0,"x":0,"y":0,"curve":"stepped"},{"time":0.0333,"x":16.76,"y":0,"curve":"stepped"},{"time":0.0666,"x":30.75,"y":0,"curve":"stepped"},{"time":0.3333,"x":-2.54,"y":0,"curve":"stepped"},{"time":0.3666,"x":-45.36,"y":-21.93,"curve":[0.177,0.4,0.75,1]},{"time":0.4333,"x":-75.37,"y":-21.93,"curve":"stepped"},{"time":0.4666,"x":-128.57,"y":-21.93,"curve":[0.221,0.47,0.719,0.91]},{"time":0.5,"x":-133.6,"y":-21.93,"curve":"stepped"},{"time":0.6,"x":-152.74,"y":-21.93,"curve":[0.168,0.25,0.762,0.87]},{"time":0.6333,"x":-364.61,"y":-21.93,"curve":[0.108,0.77,0.668,0.94]},{"time":0.8333,"x":-444.6,"y":-21.93,"curve":"stepped"},{"time":0.9333,"x":-386.64,"y":6.12,"curve":[0.171,0.28,0.544,0.64]},{"time":1,"x":-273.71,"y":58.86,"curve":[0.326,0.33,0.66,0.66]},{"time":1.0333,"x":-208.5,"y":64.85,"curve":[0.323,0.33,0.658,0.67]},{"time":1.1,"x":-95.65,"y":34.2,"curve":[0.33,0.33,0.664,0.67]},{"time":1.1333,"x":-30,"y":6.12},{"time":1.1666,"x":-5,"y":0,"curve":[0.2,0.31,0.75,0.93]},{"time":1.3333,"x":0,"y":0}]},"DAMAGEAREA":{"translate":[{"time":0.3666,"x":-113.84,"y":51.08,"curve":"stepped"},{"time":0.4666,"x":-170.87,"y":51.08,"curve":"stepped"},{"time":0.6333,"x":-178,"y":51.08}],"scale":[{"time":0.3666,"x":1.534,"y":0.682,"curve":"stepped"},{"time":0.6333,"x":2.373,"y":0.682}]},"EF_dot_slash1":{"rotate":[{"time":0.3666,"angle":-169.64,"curve":"stepped"},{"time":0.4666,"angle":1.63,"curve":"stepped"},{"time":0.6333,"angle":0}],"translate":[{"time":0.3666,"x":-341.89,"y":-38.21,"curve":"stepped"},{"time":0.4666,"x":-352.86,"y":-28.92,"curve":"stepped"},{"time":0.6333,"x":-409.73,"y":-44.96},{"time":0.6666,"x":-496.7,"y":-44.96}],"scale":[{"time":0.3666,"x":-4.438,"y":2.809,"curve":"stepped"},{"time":0.4666,"x":2.339,"y":1.41,"curve":"stepped"},{"time":0.6333,"x":2,"y":1.047,"curve":"stepped"},{"time":0.6666,"x":2,"y":0.682}]}},"drawOrder":[{"time":0.4666,"offsets":[{"slot":"EF_dot_slash1_1","offset":-9}]},{"time":0.6333,"offsets":[{"slot":"EF_dot_slash1_1","offset":-5}]}],"events":[{"time":0,"name":"Event","float":0.1,"string":"kHitStopType_normal"},{"time":0.2666,"name":"Voice","string":"cri_131_voice_attack_random"},{"time":0.3333,"name":"Sound1","string":"cri_se_battle_sword_swish_heavy"},{"time":0.3666,"name":"Sound1","string":"setHitSound(se_battle_019_sword_hit_03)"},{"time":0.4333,"name":"Sound1","string":"cri_se_battle_sword_swish_heavy"},{"time":0.4666,"name":"Hit","string":"resetHitList"},{"time":0.4666,"name":"Sound1","string":"setHitSound(se_battle_019_sword_hit_03)"},{"time":0.6,"name":"Sound1","string":"cri_se_battle_sword_swish_heavy"},{"time":0.6,"name":"Voice","string":"cri_131_voice_attack_c"},{"time":0.6333,"name":"Hit","string":"resetHitList"},{"time":0.6333,"name":"Sound1","string":"setHitSound(se_battle_sword_heavy_hit)"},{"time":0.9333,"name":"Sound1","string":"cri_se_battle_jump"},{"time":1.1666,"name":"Sound1","string":"cri_se_battle_landing"}]},"back":{"slots":{"MAIN":{"attachment":[{"time":0,"name":"back_00"},{"time":0.3333,"name":"idle_03"},{"time":0.4666,"name":"idle_04"},{"time":0.6,"name":"idle_00"}]}},"bones":{"MAIN":{"translate":[{"time":0,"x":0,"y":0,"curve":[0.191,0.28,0.577,0.66]},{"time":0.1333,"x":76.29,"y":18.66,"curve":[0.362,0.51,0.765,0.94]},{"time":0.3,"x":130,"y":0,"curve":[0.177,0.36,0.664,0.96]},{"time":0.4666,"x":140,"y":0}]}},"events":[{"time":0,"name":"Sound1","string":"cri_se_battle_jump"},{"time":0.3333,"name":"Sound1","string":"cri_se_battle_landing"}]},"cast":{"slots":{"MAIN":{"attachment":[{"time":0,"name":"idle_00"},{"time":0.0333,"name":"attack1_00"},{"time":0.0666,"name":"attack1_01"},{"time":0.1333,"name":"attack1_02"},{"time":0.2333,"name":"attack1_03"},{"time":0.4666,"name":"attack1_04"},{"time":0.5,"name":"attack1_05"},{"time":0.5666,"name":"attack1_06"},{"time":0.6666,"name":"attack1_07"},{"time":0.8333,"name":"attack1_07"}]}},"bones":{"MAIN":{"translate":[{"time":0,"x":0,"y":0,"curve":"stepped"},{"time":0.0333,"x":16.76,"y":0,"curve":"stepped"},{"time":0.0666,"x":30.75,"y":0,"curve":"stepped"},{"time":0.4666,"x":-2.54,"y":0,"curve":"stepped"},{"time":0.5,"x":-45.36,"y":-21.93}]}},"events":[{"time":0.4666,"name":"Voice","string":"cri_131_voice_item"}]},"damage":{"slots":{"MAIN":{"attachment":[{"time":0,"name":"damage_00"}]}}},"front":{"slots":{"MAIN":{"attachment":[{"time":0,"name":"front_00"}]}},"bones":{"MAIN":{"translate":[{"time":0,"x":0,"y":-13.68}]}}},"idle":{"slots":{"MAIN":{"attachment":[{"time":0,"name":"idle_00"},{"time":0.1666,"name":"idle_01"},{"time":0.3333,"name":"idle_02"},{"time":0.5,"name":"idle_03"},{"time":0.6666,"name":"idle_04"},{"time":0.8333,"name":"idle_00"}]}}},"in":{"slots":{"MAIN":{"attachment":[{"time":0,"name":"skill1_14"},{"time":0.0666,"name":"skill1_13"},{"time":0.1666,"name":"skill1_14"},{"time":0.5,"name":"idle_00"}],"color":[{"time":0,"color":"ffffff00"},{"time":0.1333,"color":"ffffffff"}]}},"bones":{"MAIN":{"translate":[{"time":0,"x":0,"y":0,"curve":[0.25,0,0.226,1.56]},{"time":0.2333,"x":0,"y":-26.78,"curve":"stepped"},{"time":0.5,"x":0,"y":0}]}},"events":[{"time":0,"name":"Event","string":"takeSummon2"}]},"skill1":{"slots":{"DAMAGEAREA":{"attachment":[{"time":0.7333,"name":"DAMAGEAREA"},{"time":0.8,"name":null},{"time":1.2,"name":"DAMAGEAREA"},{"time":1.2666,"name":null}]},"EF_dash1_1":{"attachment":[{"time":0.6666,"name":"EF/EF_dash1/ef_dash_yellow_00002"},{"time":0.7,"name":"EF/EF_dash1/ef_dash_yellow_00003"},{"time":0.7333,"name":"EF/EF_dash1/ef_dash_yellow_00004"},{"time":0.7666,"name":"EF/EF_dash1/ef_dash_yellow_00005"},{"time":0.8,"name":"EF/EF_dash1/ef_dash_yellow_00006"},{"time":0.8333,"name":"EF/EF_dash1/ef_dash_yellow_00007"},{"time":0.8666,"name":"EF/EF_dash1/ef_dash_yellow_00008"},{"time":0.9,"name":"EF/EF_dash1/ef_dash_yellow_00009"},{"time":0.9333,"name":"EF/EF_dash1/ef_dash_yellow_00010"},{"time":0.9666,"name":"EF/EF_dash1/ef_dash_yellow_00011"},{"time":1,"name":null}]},"EF_groundwave1_1":{"attachment":[{"time":0.6666,"name":"EF/EF_groundwave1/ef_graund_wave_yellow_00002"},{"time":0.7,"name":"EF/EF_groundwave1/ef_graund_wave_yellow_00003"},{"time":0.7333,"name":"EF/EF_groundwave1/ef_graund_wave_yellow_00004"},{"time":0.7666,"name":"EF/EF_groundwave1/ef_graund_wave_yellow_00006"},{"time":0.8,"name":"EF/EF_groundwave1/ef_graund_wave_yellow_00007"},{"time":0.8333,"name":"EF/EF_groundwave1/ef_graund_wave_yellow_00008"},{"time":0.8666,"name":"EF/EF_groundwave1/ef_graund_wave_yellow_00009"},{"time":0.9,"name":"EF/EF_groundwave1/ef_graund_wave_yellow_00010"},{"time":0.9333,"name":"EF/EF_groundwave1/ef_graund_wave_yellow_00011"},{"time":0.9666,"name":"EF/EF_groundwave1/ef_graund_wave_yellow_00012"},{"time":1,"name":null}]},"EF_rotwave1_1":{"attachment":[{"time":0.2333,"name":"EF/EF_rotwave/ef_rot_wave_main_00001"},{"time":0.2666,"name":"EF/EF_rotwave/ef_rot_wave_main_00002"},{"time":0.3,"name":"EF/EF_rotwave/ef_rot_wave_main_00003"},{"time":0.3333,"name":"EF/EF_rotwave/ef_rot_wave_main_00004"},{"time":0.3666,"name":"EF/EF_rotwave/ef_rot_wave_main_00005"},{"time":0.4,"name":"EF/EF_rotwave/ef_rot_wave_main_00006"},{"time":0.4333,"name":"EF/EF_rotwave/ef_rot_wave_main_00007"},{"time":0.4666,"name":"EF/EF_rotwave/ef_rot_wave_main_00008"},{"time":0.5,"name":"EF/EF_rotwave/ef_rot_wave_main_00009"},{"time":0.5333,"name":"EF/EF_rotwave/ef_rot_wave_main_00010"},{"time":0.5666,"name":"EF/EF_rotwave/ef_rot_wave_main_00011"},{"time":0.6,"name":"EF/EF_rotwave/ef_rot_wave_main_00012"},{"time":0.6333,"name":"EF/EF_rotwave/ef_rot_wave_main_00013"},{"time":0.6666,"name":null}]},"MAIN":{"attachment":[{"time":0,"name":"idle_00"},{"time":0.0666,"name":"skill1_00"},{"time":0.1333,"name":"skill1_01"},{"time":0.2333,"name":"skill1_02"},{"time":0.3666,"name":"skill1_03"},{"time":0.6666,"name":"skill1_04"},{"time":0.7333,"name":"skill1_05"},{"time":0.7666,"name":"skill1_06"},{"time":0.8,"name":"skill1_07"},{"time":0.8333,"name":"skill1_08"},{"time":0.9,"name":"skill1_09"},{"time":1.1333,"name":"skill1_10"},{"time":1.1666,"name":"skill1_11"},{"time":1.2,"name":"skill1_12"},{"time":1.2666,"name":"skill1_13"},{"time":1.3666,"name":"skill1_14"},{"time":1.6666,"name":"skill1_14"}]}},"bones":{"MAIN":{"translate":[{"time":0,"x":0,"y":0,"curve":"stepped"},{"time":0.0666,"x":23.91,"y":0,"curve":"stepped"},{"time":0.1333,"x":42.67,"y":0,"curve":"stepped"},{"time":0.6666,"x":-37.05,"y":1.87,"curve":[0.156,0.38,0.722,0.97]},{"time":0.7,"x":-61.43,"y":78.32,"curve":[0.068,0.87,0.598,0.98]},{"time":0.8666,"x":-78.76,"y":272.06,"curve":[0.25,0,0.75,1]},{"time":1.1333,"x":-78.76,"y":284.6,"curve":"stepped"},{"time":1.1666,"x":-125.31,"y":-28},{"time":1.2,"x":-125.31,"y":-33},{"time":1.2333,"x":-125.31,"y":-28}]},"DAMAGEAREA":{"translate":[{"time":0.7333,"x":-129.18,"y":174.24,"curve":"stepped"},{"time":1.2,"x":-183.25,"y":180.25}],"scale":[{"time":0.7333,"x":1.525,"y":1.97}]},"EF_groundwave1_1":{"translate":[{"time":0,"x":-301.05,"y":0,"curve":"stepped"},{"time":0.6666,"x":-301.05,"y":0}],"scale":[{"time":0,"x":1.5,"y":1.5,"curve":"stepped"},{"time":0.6666,"x":1.5,"y":1.5}]},"EF_rotwave1_1":{"translate":[{"time":0,"x":-154.49,"y":0,"curve":"stepped"},{"time":0.2333,"x":-154.49,"y":0}],"scale":[{"time":0,"x":1.2,"y":1.2,"curve":"stepped"},{"time":0.2333,"x":1.2,"y":1.2}]},"EF_dash1_1":{"translate":[{"time":0,"x":-213.31,"y":0,"curve":"stepped"},{"time":0.6666,"x":-213.31,"y":0}]}},"drawOrder":[{"time":1.1666}],"events":[{"time":0,"name":"Event","float":0.2,"string":"kHitStopType_normal"},{"time":0.5666,"name":"Event","string":"setForceImpact(1)"},{"time":0.6,"name":"Event","int":400,"string":"kImpactType_up"},{"time":0.6666,"name":"Sound1","string":"cri_se_battle_skill_swish"},{"time":0.6666,"name":"Voice","string":"cri_131_voice_skill_all"},{"time":0.7333,"name":"Event","string":"shakeGround"},{"time":0.7333,"name":"Sound1","string":"setHitSound(se_battle_019_sword_hit_03)"},{"time":1.1666,"name":"Event","string":"kImpactType_down"},{"time":1.1666,"name":"Sound1","string":"cri_se_battle_skill_shot"},{"time":1.2,"name":"Event","string":"shakeGround"},{"time":1.2,"name":"Hit","string":"resetHitList"},{"time":1.2,"name":"Sound1","string":"setHitSound(se_battle_019_sword_hit_03)"}]},"skill2":{"slots":{"DAMAGEAREA":{"attachment":[{"time":2.6333,"name":"DAMAGEAREA"},{"time":2.8666,"name":null}]},"EF_groundwave1_1":{"attachment":[{"time":0.2666,"name":"EF/EF_groundwave1/ef_graund_wave_yellow_00002"},{"time":0.3,"name":"EF/EF_groundwave1/ef_graund_wave_yellow_00003"},{"time":0.3333,"name":"EF/EF_groundwave1/ef_graund_wave_yellow_00004"},{"time":0.3666,"name":"EF/EF_groundwave1/ef_graund_wave_yellow_00005"},{"time":0.4,"name":"EF/EF_groundwave1/ef_graund_wave_yellow_00006"},{"time":0.4333,"name":"EF/EF_groundwave1/ef_graund_wave_yellow_00007"},{"time":0.4666,"name":"EF/EF_groundwave1/ef_graund_wave_yellow_00008"},{"time":0.5,"name":"EF/EF_groundwave1/ef_graund_wave_yellow_00009"},{"time":0.5666,"name":"EF/EF_groundwave1/ef_graund_wave_yellow_00010"},{"time":0.6333,"name":"EF/EF_groundwave1/ef_graund_wave_yellow_00011"},{"time":0.7,"name":"EF/EF_groundwave1/ef_graund_wave_yellow_00012"},{"time":0.7666,"name":null}],"color":[{"time":0.6,"color":"ffffffff"},{"time":0.7666,"color":"ffffff00"}]},"MAIN":{"attachment":[{"time":0,"name":"idle_00"},{"time":0.0333,"name":"skill2_00"},{"time":0.0666,"name":"skill2_01"},{"time":0.1333,"name":"skill2_02"},{"time":0.2666,"name":"skill2_03"},{"time":2.6333,"name":"skill1_14"},{"time":2.6666,"name":"skill1_13"},{"time":2.7333,"name":"skill1_14"},{"time":3.1333,"name":"attack1_05"},{"time":3.1666,"name":"idle_00"}],"color":[{"time":0.2666,"color":"ffffffff","curve":[0.187,0.69,0.75,1]},{"time":0.3333,"color":"ffffff00","curve":"stepped"},{"time":2.6,"color":"ffffff00"},{"time":2.7,"color":"ffffffff"}]}},"bones":{"MAIN":{"rotate":[{"time":0,"angle":0,"curve":"stepped"},{"time":0.2666,"angle":-28.06,"curve":"stepped"},{"time":2.6333,"angle":0}],"translate":[{"time":0,"x":20.52,"y":0,"curve":"stepped"},{"time":0.0333,"x":20.52,"y":0,"curve":"stepped"},{"time":0.2333,"x":20.52,"y":-15,"curve":"stepped"},{"time":0.2666,"x":-14.81,"y":19.37,"curve":[0.151,0.61,0.566,0.84]},{"time":0.5333,"x":-140.44,"y":751.39,"curve":"stepped"},{"time":2.6333,"x":0,"y":-29.74},{"time":2.6666,"x":0,"y":3.41},{"time":2.7,"x":0,"y":1.71,"curve":"stepped"},{"time":2.8333,"x":0,"y":-29.74,"curve":"stepped"},{"time":3.1666,"x":0,"y":-3}]},"DAMAGEAREA":{"translate":[{"time":2.6333,"x":0,"y":64.25},{"time":2.7666,"x":0,"y":104}],"scale":[{"time":2.6333,"x":2.042,"y":1.257},{"time":2.7,"x":2.327,"y":1.432},{"time":2.7666,"x":3.279,"y":1.841}]},"EF_groundwave1_1":{"translate":[{"time":0.2666,"x":-300,"y":0}],"scale":[{"time":0.2666,"x":2,"y":2,"curve":[0.212,0.66,0.663,1]},{"time":0.7333,"x":2.5,"y":2.5}]}},"events":[{"time":0,"name":"Event","float":0.2,"string":"kHitStopType_normal"},{"time":0.0333,"name":"Event","string":"setForceImpact(1)"},{"time":0.0666,"name":"Event","string":"kImpactType_knock"},{"time":0.0666,"name":"Voice","string":"cri_131_voice_fullarts_now"},{"time":0.2666,"name":"Event","string":"shakeGround"},{"time":0.2666,"name":"Sound1","string":"cri_se_battle_monster_jump"},{"time":0.2666,"name":"Sound2","string":"cri_se_battle_skill_swish"},{"time":0.3333,"name":"Event","string":"setInvincibleTime(3.5)"},{"time":1.2666,"name":"Event","string":"setPositionX_Target"},{"time":2,"name":"Voice","string":"cri_131_voice_fullarts_rank5"},{"time":2.5333,"name":"Sound1","string":"cri_se_battle_skill_swish"},{"time":2.5333,"name":"Sound2","string":"cri_se_battle_thunder_small"},{"time":2.6333,"name":"Event","string":"shakeGround"},{"time":2.6333,"name":"Sound1","string":"cri_se_battle_030_explosion_02"}]},"skill3":{"slots":{"DAMAGEAREA":{"attachment":[{"time":0.8666,"name":"DAMAGEAREA"},{"time":0.9666,"name":null},{"time":1.2666,"name":"DAMAGEAREA"},{"time":1.3666,"name":null},{"time":1.7,"name":"DAMAGEAREA"},{"time":1.8,"name":null},{"time":1.9333,"name":"DAMAGEAREA"},{"time":2.0333,"name":null},{"time":2.2,"name":"DAMAGEAREA"},{"time":2.3,"name":null},{"time":2.4333,"name":"DAMAGEAREA"},{"time":2.6,"name":null},{"time":3.1666,"name":"DAMAGEAREA"},{"time":3.5,"name":null},{"time":4.8,"name":"DAMAGEAREA"},{"time":5,"name":null}]},"EF_dash1_1":{"attachment":[{"time":0.8333,"name":"EF/EF_dash1/ef_dash_yellow_00002"},{"time":0.8666,"name":"EF/EF_dash1/ef_dash_yellow_00003"},{"time":0.9,"name":"EF/EF_dash1/ef_dash_yellow_00004"},{"time":0.9333,"name":"EF/EF_dash1/ef_dash_yellow_00005"},{"time":0.9666,"name":"EF/EF_dash1/ef_dash_yellow_00006"},{"time":1,"name":"EF/EF_dash1/ef_dash_yellow_00007"},{"time":1.0333,"name":"EF/EF_dash1/ef_dash_yellow_00008"},{"time":1.0666,"name":"EF/EF_dash1/ef_dash_yellow_00009"},{"time":1.1,"name":"EF/EF_dash1/ef_dash_yellow_00010"},{"time":1.1333,"name":"EF/EF_dash1/ef_dash_yellow_00011"},{"time":1.1666,"name":null},{"time":1.2333,"name":"EF/EF_dash1/ef_dash_yellow_00002"},{"time":1.2666,"name":"EF/EF_dash1/ef_dash_yellow_00003"},{"time":1.3,"name":"EF/EF_dash1/ef_dash_yellow_00004"},{"time":1.3333,"name":"EF/EF_dash1/ef_dash_yellow_00005"},{"time":1.3666,"name":"EF/EF_dash1/ef_dash_yellow_00006"},{"time":1.4,"name":"EF/EF_dash1/ef_dash_yellow_00007"},{"time":1.4333,"name":"EF/EF_dash1/ef_dash_yellow_00008"},{"time":1.4666,"name":"EF/EF_dash1/ef_dash_yellow_00009"},{"time":1.5,"name":"EF/EF_dash1/ef_dash_yellow_00010"},{"time":1.5333,"name":"EF/EF_dash1/ef_dash_yellow_00011"},{"time":1.5666,"name":null},{"time":1.6666,"name":"EF/EF_dash1/ef_dash_yellow_00002"},{"time":1.7,"name":"EF/EF_dash1/ef_dash_yellow_00003"},{"time":1.7333,"name":"EF/EF_dash1/ef_dash_yellow_00004"},{"time":1.7666,"name":"EF/EF_dash1/ef_dash_yellow_00005"},{"time":1.8,"name":"EF/EF_dash1/ef_dash_yellow_00006"},{"time":1.8333,"name":"EF/EF_dash1/ef_dash_yellow_00007"},{"time":1.8666,"name":"EF/EF_dash1/ef_dash_yellow_00008"},{"time":1.9,"name":"EF/EF_dash1/ef_dash_yellow_00009"},{"time":1.9333,"name":"EF/EF_dash1/ef_dash_yellow_00010"},{"time":1.9666,"name":"EF/EF_dash1/ef_dash_yellow_00011"},{"time":2,"name":null},{"time":2.2,"name":"EF/EF_dash1/ef_dash_yellow_00002"},{"time":2.2333,"name":"EF/EF_dash1/ef_dash_yellow_00003"},{"time":2.2666,"name":"EF/EF_dash1/ef_dash_yellow_00004"},{"time":2.3,"name":"EF/EF_dash1/ef_dash_yellow_00005"},{"time":2.3333,"name":"EF/EF_dash1/ef_dash_yellow_00006"},{"time":2.3666,"name":"EF/EF_dash1/ef_dash_yellow_00007"},{"time":2.4,"name":"EF/EF_dash1/ef_dash_yellow_00008"},{"time":2.4333,"name":"EF/EF_dash1/ef_dash_yellow_00009"},{"time":2.4666,"name":"EF/EF_dash1/ef_dash_yellow_00010"},{"time":2.5,"name":"EF/EF_dash1/ef_dash_yellow_00011"},{"time":2.5333,"name":null},{"time":3.1333,"name":"EF/EF_dash1/ef_dash_yellow_00002"},{"time":3.1666,"name":"EF/EF_dash1/ef_dash_yellow_00003"},{"time":3.2,"name":"EF/EF_dash1/ef_dash_yellow_00004"},{"time":3.2333,"name":"EF/EF_dash1/ef_dash_yellow_00005"},{"time":3.2666,"name":"EF/EF_dash1/ef_dash_yellow_00006"},{"time":3.3,"name":"EF/EF_dash1/ef_dash_yellow_00007"},{"time":3.3333,"name":"EF/EF_dash1/ef_dash_yellow_00008"},{"time":3.3666,"name":"EF/EF_dash1/ef_dash_yellow_00009"},{"time":3.4333,"name":"EF/EF_dash1/ef_dash_yellow_00010"},{"time":3.5,"name":"EF/EF_dash1/ef_dash_yellow_00011"},{"time":3.5666,"name":null}]},"EF_dash1_2":{"attachment":[{"time":1.9333,"name":"EF/EF_dash1/ef_dash_yellow_00002"},{"time":1.9666,"name":"EF/EF_dash1/ef_dash_yellow_00003"},{"time":2,"name":"EF/EF_dash1/ef_dash_yellow_00004"},{"time":2.0333,"name":"EF/EF_dash1/ef_dash_yellow_00005"},{"time":2.0666,"name":"EF/EF_dash1/ef_dash_yellow_00006"},{"time":2.1,"name":"EF/EF_dash1/ef_dash_yellow_00007"},{"time":2.1333,"name":"EF/EF_dash1/ef_dash_yellow_00008"},{"time":2.1666,"name":"EF/EF_dash1/ef_dash_yellow_00009"},{"time":2.2,"name":"EF/EF_dash1/ef_dash_yellow_00010"},{"time":2.2333,"name":"EF/EF_dash1/ef_dash_yellow_00011"},{"time":2.2666,"name":null},{"time":2.3666,"name":"EF/EF_dash1/ef_dash_yellow_00002"},{"time":2.4,"name":"EF/EF_dash1/ef_dash_yellow_00003"},{"time":2.4333,"name":"EF/EF_dash1/ef_dash_yellow_00004"},{"time":2.4666,"name":"EF/EF_dash1/ef_dash_yellow_00005"},{"time":2.5,"name":"EF/EF_dash1/ef_dash_yellow_00006"},{"time":2.5333,"name":"EF/EF_dash1/ef_dash_yellow_00007"},{"time":2.5666,"name":"EF/EF_dash1/ef_dash_yellow_00008"},{"time":2.6,"name":"EF/EF_dash1/ef_dash_yellow_00009"},{"time":2.6333,"name":"EF/EF_dash1/ef_dash_yellow_00010"},{"time":2.6666,"name":"EF/EF_dash1/ef_dash_yellow_00011"},{"time":2.7,"name":null},{"time":3.1333,"name":"EF/EF_dash1/ef_dash_yellow_00002"},{"time":3.1666,"name":"EF/EF_dash1/ef_dash_yellow_00003"},{"time":3.2,"name":"EF/EF_dash1/ef_dash_yellow_00004"},{"time":3.2333,"name":"EF/EF_dash1/ef_dash_yellow_00005"},{"time":3.2666,"name":"EF/EF_dash1/ef_dash_yellow_00006"},{"time":3.3,"name":"EF/EF_dash1/ef_dash_yellow_00007"},{"time":3.3333,"name":"EF/EF_dash1/ef_dash_yellow_00008"},{"time":3.3666,"name":"EF/EF_dash1/ef_dash_yellow_00009"},{"time":3.4333,"name":"EF/EF_dash1/ef_dash_yellow_00010"},{"time":3.5,"name":"EF/EF_dash1/ef_dash_yellow_00011"},{"time":3.5666,"name":null}]},"EF_groundwave1_1":{"attachment":[{"time":0.8333,"name":"EF/EF_groundwave1/ef_graund_wave_yellow_00002"},{"time":0.8666,"name":"EF/EF_groundwave1/ef_graund_wave_yellow_00003"},{"time":0.9,"name":"EF/EF_groundwave1/ef_graund_wave_yellow_00004"},{"time":0.9333,"name":"EF/EF_groundwave1/ef_graund_wave_yellow_00005"},{"time":0.9666,"name":"EF/EF_groundwave1/ef_graund_wave_yellow_00006"},{"time":1,"name":"EF/EF_groundwave1/ef_graund_wave_yellow_00007"},{"time":1.0333,"name":"EF/EF_groundwave1/ef_graund_wave_yellow_00008"},{"time":1.0666,"name":"EF/EF_groundwave1/ef_graund_wave_yellow_00009"},{"time":1.1,"name":"EF/EF_groundwave1/ef_graund_wave_yellow_00010"},{"time":1.1333,"name":"EF/EF_groundwave1/ef_graund_wave_yellow_00011"},{"time":1.1666,"name":"EF/EF_groundwave1/ef_graund_wave_yellow_00012"},{"time":1.2,"name":null},{"time":1.2333,"name":"EF/EF_groundwave1/ef_graund_wave_yellow_00002"},{"time":1.2666,"name":"EF/EF_groundwave1/ef_graund_wave_yellow_00003"},{"time":1.3,"name":"EF/EF_groundwave1/ef_graund_wave_yellow_00004"},{"time":1.3333,"name":"EF/EF_groundwave1/ef_graund_wave_yellow_00005"},{"time":1.3666,"name":"EF/EF_groundwave1/ef_graund_wave_yellow_00006"},{"time":1.4,"name":"EF/EF_groundwave1/ef_graund_wave_yellow_00007"},{"time":1.4333,"name":"EF/EF_groundwave1/ef_graund_wave_yellow_00008"},{"time":1.4666,"name":"EF/EF_groundwave1/ef_graund_wave_yellow_00009"},{"time":1.5,"name":"EF/EF_groundwave1/ef_graund_wave_yellow_00010"},{"time":1.5333,"name":"EF/EF_groundwave1/ef_graund_wave_yellow_00011"},{"time":1.5666,"name":"EF/EF_groundwave1/ef_graund_wave_yellow_00012"},{"time":1.6,"name":null}]},"EF_groundwave2_1":{"attachment":[{"time":3.1333,"name":"EF/EF_groundwave2/ef_graund_aura_main_00003"},{"time":3.1666,"name":"EF/EF_groundwave2/ef_graund_aura_main_00004"},{"time":3.2,"name":"EF/EF_groundwave2/ef_graund_aura_main_00005"},{"time":3.2333,"name":"EF/EF_groundwave2/ef_graund_aura_main_00006"},{"time":3.2666,"name":"EF/EF_groundwave2/ef_graund_aura_main_00007"},{"time":3.3,"name":"EF/EF_groundwave2/ef_graund_aura_main_00008"},{"time":3.3333,"name":"EF/EF_groundwave2/ef_graund_aura_main_00009"},{"time":3.3666,"name":"EF/EF_groundwave2/ef_graund_aura_main_00010"},{"time":3.4,"name":"EF/EF_groundwave2/ef_graund_aura_main_00011"},{"time":3.4333,"name":"EF/EF_groundwave2/ef_graund_aura_main_00012"},{"time":3.4666,"name":null}]},"EF_rotwave1_1":{"attachment":[{"time":0,"name":"EF/EF_rotwave/ef_rot_wave_main_00001"},{"time":0.0333,"name":"EF/EF_rotwave/ef_rot_wave_main_00002"},{"time":0.0666,"name":"EF/EF_rotwave/ef_rot_wave_main_00003"},{"time":0.1,"name":"EF/EF_rotwave/ef_rot_wave_main_00004"},{"time":0.1333,"name":"EF/EF_rotwave/ef_rot_wave_main_00005"},{"time":0.1666,"name":"EF/EF_rotwave/ef_rot_wave_main_00006"},{"time":0.2,"name":"EF/EF_rotwave/ef_rot_wave_main_00007"},{"time":0.2333,"name":"EF/EF_rotwave/ef_rot_wave_main_00008"},{"time":0.2666,"name":"EF/EF_rotwave/ef_rot_wave_main_00009"},{"time":0.3,"name":"EF/EF_rotwave/ef_rot_wave_main_00010"},{"time":0.3333,"name":"EF/EF_rotwave/ef_rot_wave_main_00011"},{"time":0.3666,"name":"EF/EF_rotwave/ef_rot_wave_main_00012"},{"time":0.4,"name":"EF/EF_rotwave/ef_rot_wave_main_00013"},{"time":0.4333,"name":null},{"time":1.6,"name":"EF/EF_rotwave/ef_rot_wave_main_00012"},{"time":1.6333,"name":"EF/EF_rotwave/ef_rot_wave_main_00010"},{"time":1.6666,"name":"EF/EF_rotwave/ef_rot_wave_main_00009"},{"time":1.7,"name":"EF/EF_rotwave/ef_rot_wave_main_00008"},{"time":1.7333,"name":"EF/EF_rotwave/ef_rot_wave_main_00007"},{"time":1.7666,"name":"EF/EF_rotwave/ef_rot_wave_main_00006"},{"time":1.8,"name":"EF/EF_rotwave/ef_rot_wave_main_00005"},{"time":1.8333,"name":"EF/EF_rotwave/ef_rot_wave_main_00004"},{"time":1.8666,"name":"EF/EF_rotwave/ef_rot_wave_main_00003"},{"time":1.9,"name":"EF/EF_rotwave/ef_rot_wave_main_00002"},{"time":1.9333,"name":"EF/EF_rotwave/ef_rot_wave_main_00001"},{"time":1.9666,"name":null},{"time":2.1666,"name":"EF/EF_rotwave/ef_rot_wave_main_00012"},{"time":2.2,"name":"EF/EF_rotwave/ef_rot_wave_main_00010"},{"time":2.2333,"name":"EF/EF_rotwave/ef_rot_wave_main_00009"},{"time":2.2666,"name":"EF/EF_rotwave/ef_rot_wave_main_00008"},{"time":2.3,"name":"EF/EF_rotwave/ef_rot_wave_main_00007"},{"time":2.3333,"name":"EF/EF_rotwave/ef_rot_wave_main_00006"},{"time":2.3666,"name":"EF/EF_rotwave/ef_rot_wave_main_00005"},{"time":2.4,"name":"EF/EF_rotwave/ef_rot_wave_main_00004"},{"time":2.4333,"name":"EF/EF_rotwave/ef_rot_wave_main_00003"},{"time":2.4666,"name":"EF/EF_rotwave/ef_rot_wave_main_00002"},{"time":2.5,"name":"EF/EF_rotwave/ef_rot_wave_main_00001"},{"time":2.5333,"name":null},{"time":2.8666,"name":"EF/EF_rotwave/ef_rot_wave_main_00001"},{"time":2.9,"name":"EF/EF_rotwave/ef_rot_wave_main_00002"},{"time":2.9333,"name":"EF/EF_rotwave/ef_rot_wave_main_00003"},{"time":2.9666,"name":"EF/EF_rotwave/ef_rot_wave_main_00004"},{"time":3,"name":"EF/EF_rotwave/ef_rot_wave_main_00005"},{"time":3.0333,"name":"EF/EF_rotwave/ef_rot_wave_main_00006"},{"time":3.0666,"name":"EF/EF_rotwave/ef_rot_wave_main_00007"},{"time":3.1,"name":"EF/EF_rotwave/ef_rot_wave_main_00008"},{"time":3.1333,"name":"EF/EF_rotwave/ef_rot_wave_main_00009"},{"time":3.1666,"name":"EF/EF_rotwave/ef_rot_wave_main_00010"},{"time":3.2,"name":"EF/EF_rotwave/ef_rot_wave_main_00011"},{"time":3.2333,"name":null}]},"EF_rotwave1_2":{"attachment":[{"time":1.8333,"name":"EF/EF_rotwave/ef_rot_wave_main_00012"},{"time":1.8666,"name":"EF/EF_rotwave/ef_rot_wave_main_00011"},{"time":1.9,"name":"EF/EF_rotwave/ef_rot_wave_main_00010"},{"time":1.9333,"name":"EF/EF_rotwave/ef_rot_wave_main_00009"},{"time":1.9666,"name":"EF/EF_rotwave/ef_rot_wave_main_00008"},{"time":2,"name":"EF/EF_rotwave/ef_rot_wave_main_00007"},{"time":2.0333,"name":"EF/EF_rotwave/ef_rot_wave_main_00006"},{"time":2.0666,"name":"EF/EF_rotwave/ef_rot_wave_main_00005"},{"time":2.1,"name":"EF/EF_rotwave/ef_rot_wave_main_00004"},{"time":2.1333,"name":"EF/EF_rotwave/ef_rot_wave_main_00003"},{"time":2.1666,"name":"EF/EF_rotwave/ef_rot_wave_main_00002"},{"time":2.2,"name":"EF/EF_rotwave/ef_rot_wave_main_00001"},{"time":2.2333,"name":null},{"time":2.3333,"name":"EF/EF_rotwave/ef_rot_wave_main_00012"},{"time":2.3666,"name":"EF/EF_rotwave/ef_rot_wave_main_00011"},{"time":2.4,"name":"EF/EF_rotwave/ef_rot_wave_main_00010"},{"time":2.4333,"name":"EF/EF_rotwave/ef_rot_wave_main_00009"},{"time":2.4666,"name":"EF/EF_rotwave/ef_rot_wave_main_00008"},{"time":2.5,"name":"EF/EF_rotwave/ef_rot_wave_main_00007"},{"time":2.5333,"name":"EF/EF_rotwave/ef_rot_wave_main_00006"},{"time":2.5666,"name":"EF/EF_rotwave/ef_rot_wave_main_00005"},{"time":2.6,"name":"EF/EF_rotwave/ef_rot_wave_main_00004"},{"time":2.6333,"name":"EF/EF_rotwave/ef_rot_wave_main_00003"},{"time":2.6666,"name":"EF/EF_rotwave/ef_rot_wave_main_00002"},{"time":2.7,"name":"EF/EF_rotwave/ef_rot_wave_main_00001"},{"time":2.7333,"name":null},{"time":3.1333,"name":"EF/EF_rotwave/ef_rot_wave_main_00011"},{"time":3.1666,"name":"EF/EF_rotwave/ef_rot_wave_main_00010"},{"time":3.2,"name":"EF/EF_rotwave/ef_rot_wave_main_00009"},{"time":3.2333,"name":"EF/EF_rotwave/ef_rot_wave_main_00008"},{"time":3.2666,"name":"EF/EF_rotwave/ef_rot_wave_main_00007"},{"time":3.3,"name":"EF/EF_rotwave/ef_rot_wave_main_00006"},{"time":3.3333,"name":"EF/EF_rotwave/ef_rot_wave_main_00005"},{"time":3.3666,"name":"EF/EF_rotwave/ef_rot_wave_main_00004"},{"time":3.4,"name":"EF/EF_rotwave/ef_rot_wave_main_00003"},{"time":3.4333,"name":"EF/EF_rotwave/ef_rot_wave_main_00002"},{"time":3.4666,"name":"EF/EF_rotwave/ef_rot_wave_main_00001"},{"time":3.5,"name":null}]},"MAIN":{"attachment":[{"time":0,"name":"idle_00"},{"time":0.0666,"name":"skill1_00"},{"time":0.1333,"name":"skill1_01"},{"time":0.2333,"name":"skill1_02"},{"time":0.3666,"name":"skill1_03"},{"time":0.8333,"name":"front_00"},{"time":0.8666,"name":"attack1_05"},{"time":0.9,"name":"attack1_06"},{"time":0.9333,"name":"attack1_07"},{"time":1.2,"name":"attack1_01"},{"time":1.2333,"name":"skill1_04"},{"time":1.3,"name":"skill1_05"},{"time":1.3333,"name":"skill1_06"},{"time":1.3666,"name":"skill1_07"},{"time":1.4333,"name":"skill1_08"},{"time":1.4666,"name":"skill1_09"},{"time":1.6,"name":"skill2_02"},{"time":1.6666,"name":"skill2_03"},{"time":1.7,"name":"attack1_05"},{"time":1.7333,"name":"attack1_06"},{"time":1.7666,"name":"attack1_07"},{"time":1.8333,"name":"skill1_05"},{"time":1.9,"name":"skill2_00"},{"time":1.9333,"name":"attack1_10"},{"time":2.1333,"name":"attack1_04"},{"time":2.1666,"name":"skill1_14"},{"time":2.2,"name":"attack1_08"},{"time":2.3333,"name":"attack1_04"},{"time":2.3666,"name":"skill1_14"},{"time":2.4,"name":"attack1_09"},{"time":2.4333,"name":"attack1_10"},{"time":2.4666,"name":"skill1_04"},{"time":2.5,"name":"skill1_05"},{"time":2.6333,"name":"skill1_06"},{"time":2.7333,"name":"skill1_07"},{"time":2.8,"name":"skill1_10"},{"time":2.9333,"name":"skill2_01"},{"time":3,"name":"skill2_02"},{"time":3.1333,"name":"skill2_03"},{"time":4.7333,"name":"skill1_14"},{"time":4.7666,"name":"skill1_13"},{"time":5.0333,"name":"skill1_14"},{"time":5.8,"name":"attack1_05"},{"time":5.8333,"name":"idle_00"}],"color":[{"time":3.2333,"color":"ffffffff","curve":[0.25,0,0.751,0.52]},{"time":3.4,"color":"ffb40000","curve":"stepped"},{"time":4.7333,"color":"ffffffff"}]}},"bones":{"EF_rotwave1_1":{"rotate":[{"time":1.6,"angle":10.79,"curve":"stepped"},{"time":2.8666,"angle":0}],"translate":[{"time":0,"x":-200,"y":0,"curve":[0.13,0.78,0.494,0.97]},{"time":0.4333,"x":-150.81,"y":0,"curve":"stepped"},{"time":1.6,"x":-183.56,"y":161.32,"curve":"stepped"},{"time":2.1666,"x":-183.56,"y":323.74,"curve":"stepped"},{"time":2.8666,"x":-396.36,"y":158.25}],"scale":[{"time":0,"x":3,"y":3,"curve":"stepped"},{"time":1.6,"x":1.5,"y":1.5}]},"MAIN":{"rotate":[{"time":1.6666,"angle":9.69,"curve":"stepped"},{"time":1.8333,"angle":-13.86,"curve":"stepped"},{"time":1.9333,"angle":14.15,"curve":"stepped"},{"time":2.1333,"angle":10.82,"curve":"stepped"},{"time":2.1666,"angle":-6.16,"curve":"stepped"},{"time":2.3666,"angle":6.63,"curve":"stepped"},{"time":2.4333,"angle":-12.02,"curve":"stepped"},{"time":2.5,"angle":13.93,"curve":"stepped"},{"time":2.7,"angle":-12.41,"curve":"stepped"},{"time":2.9,"angle":1.02,"curve":"stepped"},{"time":3.1333,"angle":-49.61,"curve":"stepped"},{"time":4.7333,"angle":0}],"translate":[{"time":0,"x":0,"y":0,"curve":"stepped"},{"time":0.0666,"x":23.91,"y":0,"curve":"stepped"},{"time":0.1666,"x":42.67,"y":0,"curve":[0.094,0.64,0.506,0.93]},{"time":0.6666,"x":51.63,"y":0,"curve":"stepped"},{"time":0.8333,"x":-29.63,"y":-14.55,"curve":[0.117,0.81,0.328,0.99]},{"time":1,"x":-430.41,"y":-14.55},{"time":1.1666,"x":-457.17,"y":-14.55,"curve":"stepped"},{"time":1.2,"x":-427,"y":0.98,"curve":"stepped"},{"time":1.2333,"x":-279.97,"y":29.34,"curve":[0.156,0.77,0.556,0.94]},{"time":1.5,"x":-44.18,"y":197.2},{"time":1.5666,"x":-25.7,"y":184.88,"curve":"stepped"},{"time":1.6,"x":6.84,"y":164.27,"curve":"stepped"},{"time":1.6666,"x":-28.59,"y":156.64,"curve":[0.056,0.46,0.36,0.72]},{"time":1.7666,"x":-397.81,"y":216.95},{"time":1.8333,"x":-403.19,"y":230.15,"curve":"stepped"},{"time":1.8666,"x":-402.15,"y":229.89,"curve":"stepped"},{"time":1.9333,"x":-393.44,"y":210.99,"curve":[0.043,0.36,0.687,0.89]},{"time":2.1,"x":-0.71,"y":295.68,"curve":"stepped"},{"time":2.1333,"x":30.95,"y":331.81,"curve":"stepped"},{"time":2.1666,"x":-17.63,"y":310.38,"curve":[0.136,0.41,0.75,1]},{"time":2.3,"x":-366.54,"y":347.92,"curve":"stepped"},{"time":2.3333,"x":-403.75,"y":372.7,"curve":"stepped"},{"time":2.3666,"x":-403.75,"y":372.7},{"time":2.4333,"x":-338.88,"y":357.56,"curve":[0.068,0.76,0.364,0.92]},{"time":2.6,"x":-230.53,"y":649.38},{"time":2.7,"x":-198.87,"y":625.86,"curve":[0.275,0.05,0.778,0.57]},{"time":2.9,"x":-186.7,"y":219.3},{"time":3,"x":-185.67,"y":149.97},{"time":3.1,"x":-185.62,"y":147.04,"curve":"stepped"},{"time":3.1333,"x":-185.05,"y":115.46},{"time":3.4,"x":-198.62,"y":1163.12,"curve":"stepped"},{"time":4.7333,"x":0,"y":-29.74},{"time":4.7666,"x":0,"y":-46.22},{"time":4.8,"x":0,"y":-29.74,"curve":"stepped"},{"time":5.8333,"x":0,"y":-3}],"scale":[{"time":1.2333,"x":-1,"y":1,"curve":"stepped"},{"time":1.4333,"x":1,"y":1,"curve":"stepped"},{"time":1.9333,"x":-1,"y":1,"curve":"stepped"},{"time":2.1666,"x":1,"y":1,"curve":"stepped"},{"time":2.3666,"x":-1,"y":1,"curve":"stepped"},{"time":2.7333,"x":1,"y":1}]},"EF_dash1_1":{"rotate":[{"time":1.6666,"angle":6.92,"curve":"stepped"},{"time":3.1333,"angle":0}],"translate":[{"time":0.8333,"x":-150.41,"y":0,"curve":"stepped"},{"time":1.2333,"x":-648.95,"y":0,"curve":"stepped"},{"time":1.6666,"x":-206.4,"y":169.52,"curve":"stepped"},{"time":2.2,"x":-225.3,"y":325,"curve":"stepped"},{"time":3.1333,"x":-376,"y":131.91}],"scale":[{"time":0.8333,"x":2.5,"y":2.5,"curve":"stepped"},{"time":1.2333,"x":-2,"y":2,"curve":"stepped"},{"time":1.6666,"x":2,"y":2}]},"EF_groundwave1_1":{"translate":[{"time":0.8333,"x":-299.61,"y":0,"curve":"stepped"},{"time":1.2333,"x":-661.08,"y":0}],"scale":[{"time":0.8333,"x":3,"y":3,"curve":"stepped"},{"time":1.2333,"x":2,"y":2}]},"EF_rotwave1_2":{"rotate":[{"time":1.8333,"angle":-7.74,"curve":"stepped"},{"time":3.1333,"angle":0}],"translate":[{"time":1.8333,"x":-610.37,"y":223.75,"curve":"stepped"},{"time":2.3333,"x":-640.1,"y":387.32,"curve":"stepped"},{"time":3.1333,"x":-395.81,"y":126.99}],"scale":[{"time":3.1333,"x":3.5,"y":3.5}]},"EF_dash1_2":{"rotate":[{"time":1.9333,"angle":-10.98,"curve":"stepped"},{"time":3.1333,"angle":0}],"translate":[{"time":1.9333,"x":-687.43,"y":225.36,"curve":"stepped"},{"time":2.3666,"x":-721.88,"y":394.89,"curve":"stepped"},{"time":3.1333,"x":-513.86,"y":137.43}],"scale":[{"time":1.9333,"x":-2,"y":2}]},"DAMAGEAREA":{"translate":[{"time":0.8666,"x":-183.73,"y":47.63,"curve":"stepped"},{"time":1.2666,"x":-183.73,"y":185.46,"curve":"stepped"},{"time":1.7,"x":-183.73,"y":256.73,"curve":"stepped"},{"time":1.9333,"x":-183.73,"y":329.28,"curve":"stepped"},{"time":2.2,"x":-183.73,"y":396.7,"curve":"stepped"},{"time":2.4333,"x":-183.73,"y":480.6,"curve":[0.265,0.7,0.75,1]},{"time":2.5666,"x":-164.82,"y":821.96,"curve":"stepped"},{"time":3.1666,"x":-194.95,"y":667.53,"curve":[0.135,0.28,0.426,0.9]},{"time":3.3666,"x":-188.73,"y":864.55,"curve":"stepped"},{"time":4.8,"x":0,"y":228.98,"curve":"stepped"},{"time":5,"x":0,"y":187.77}],"scale":[{"time":0.8666,"x":3.234,"y":1,"curve":"stepped"},{"time":1.2666,"x":3.234,"y":2.048,"curve":"stepped"},{"time":1.7,"x":4.321,"y":1.961,"curve":"stepped"},{"time":1.9333,"x":7.107,"y":2.139,"curve":"stepped"},{"time":2.2,"x":6.156,"y":1.975,"curve":"stepped"},{"time":2.4333,"x":5.178,"y":3.101,"curve":[0.616,0.02,0.415,1]},{"time":2.5666,"x":5.178,"y":5.037,"curve":"stepped"},{"time":3.1666,"x":4.082,"y":6.295,"curve":[0.041,0.27,0.75,1]},{"time":3.3666,"x":4.527,"y":7.842,"curve":"stepped"},{"time":4.8,"x":10.454,"y":10.308,"curve":"stepped"},{"time":5,"x":3.424,"y":2.496}]},"EF_groundwave2_1":{"translate":[{"time":3.1333,"x":-546.48,"y":133.26}],"scale":[{"time":3.1333,"x":4.5,"y":4.5}]}},"events":[{"time":0,"name":"Event","string":"setForceImpact(1)"},{"time":0,"name":"Event2","float":0.05,"string":"kHitStopType_normal"},{"time":0,"name":"Sound1","string":"cri_se_battle_charge"},{"time":0,"name":"Voice","string":"cri_131_voice_fullarts_now_b"},{"time":0.0333,"name":"Event","int":400,"string":"kImpactType_up"},{"time":0.6666,"name":"Event","string":"shakeGround"},{"time":0.6666,"name":"Event2","float":0.1,"string":"kHitStopType_normal"},{"time":0.6666,"name":"Sound3","string":"setHitSound(se_battle_swordslash_heavy)"},{"time":0.8333,"name":"Sound1","string":"cri_se_battle_arrow_light_effect"},{"time":0.8333,"name":"Sound2","string":"cri_se_battle_sword_srash"},{"time":0.8333,"name":"Sound3","string":"cri_se_battle_skill_shot"},{"time":1.2333,"name":"Event","int":200,"string":"kImpactType_up"},{"time":1.2333,"name":"Event2","float":0.3,"string":"kHitStopType_enemyonly"},{"time":1.2333,"name":"Sound1","string":"cri_se_battle_arrow_light_effect"},{"time":1.2333,"name":"Sound2","string":"cri_se_battle_sword_srash"},{"time":1.2333,"name":"Sound3","string":"cri_se_battle_skill_shot"},{"time":1.2666,"name":"Event","string":"shakeGround"},{"time":1.2666,"name":"Hit","string":"resetHitList"},{"time":1.6666,"name":"Sound1","string":"cri_se_battle_arrow_light_effect"},{"time":1.6666,"name":"Sound2","string":"cri_se_battle_sword_srash"},{"time":1.6666,"name":"Sound3","string":"cri_se_battle_skill_shot"},{"time":1.7,"name":"Event","string":"shakeGround"},{"time":1.7,"name":"Hit","float":2,"string":"resetHitList"},{"time":1.9333,"name":"Event","string":"shakeGround"},{"time":1.9333,"name":"Hit","float":3,"string":"resetHitList"},{"time":1.9333,"name":"Sound1","string":"cri_se_battle_arrow_light_effect"},{"time":1.9333,"name":"Sound2","string":"cri_se_battle_sword_srash"},{"time":1.9333,"name":"Sound3","string":"cri_se_battle_skill_shot"},{"time":2.1666,"name":"Sound1","string":"cri_se_battle_arrow_light_effect"},{"time":2.1666,"name":"Sound2","string":"cri_se_battle_sword_srash"},{"time":2.1666,"name":"Sound3","string":"cri_se_battle_skill_shot"},{"time":2.2,"name":"Event","string":"shakeGround"},{"time":2.2,"name":"Hit","float":4,"string":"resetHitList"},{"time":2.3666,"name":"Event","string":"shakeGround"},{"time":2.3666,"name":"Event2","float":0.1,"string":"kHitStopType_enemyonly"},{"time":2.4,"name":"Event","int":300,"string":"kImpactType_up"},{"time":2.4333,"name":"Hit","float":5,"string":"resetHitList"},{"time":3.0333,"name":"Event","int":50,"string":"kImpactType_up"},{"time":3.1333,"name":"Event","string":"shakeGround"},{"time":3.1333,"name":"Event2","float":0.2,"string":"kHitStopType_normal"},{"time":3.1333,"name":"Sound1","string":"cri_se_battle_arrow_light_effect"},{"time":3.1333,"name":"Sound2","string":"cri_se_battle_sword_srash"},{"time":3.1333,"name":"Sound3","string":"cri_se_battle_skill_shot"},{"time":3.1666,"name":"Hit","float":10,"string":"resetHitList"},{"time":3.2,"name":"Event2","float":0.02,"string":"kHitStopType_normal"},{"time":3.2333,"name":"Hit","float":10,"string":"resetHitList"},{"time":3.3,"name":"Hit","float":10,"string":"resetHitList"},{"time":3.3666,"name":"Hit","float":10,"string":"resetHitList"},{"time":3.4333,"name":"Hit","float":10,"string":"resetHitList"},{"time":4.3333,"name":"Event","int":300,"string":"kImpactType_up"},{"time":4.4,"name":"Event","string":"setForceImpact(0)"},{"time":4.5,"name":"Voice","string":"cri_131_voice_fullarts_rank6"},{"time":4.6333,"name":"Sound1","string":"cri_se_battle_darkness_explosion"},{"time":4.6333,"name":"Sound2","string":"cri_se_battle_skill_swish"},{"time":4.7,"name":"Event","string":"setPositionX_Target"},{"time":4.7,"name":"Sound1","string":"cri_se_battle_thunder_small"},{"time":4.7,"name":"Sound2","string":"cri_se_battle_sword_srash_02"},{"time":4.7333,"name":"Event2","float":0.5,"string":"kHitStopType_normal"},{"time":4.8,"name":"Event","float":4,"string":"shakeGround"},{"time":4.8,"name":"Hit","float":150,"string":"resetHitList"},{"time":4.8333,"name":"Event2","float":0.03,"string":"kHitStopType_normal"},{"time":4.8666,"name":"Hit","float":50,"string":"resetHitList"},{"time":4.9333,"name":"Hit","float":50,"string":"resetHitList"}]}}}