{"skeleton":{"hash":"dvI8StBA184IuWXBjvA76Wme4/I","spine":"3.0.12","width":0,"height":0},"bones":[{"name":"root"},{"name":"magic","parent":"root"},{"name":"ef_rot_wave2","parent":"root"},{"name":"ef_rot_wave","parent":"root"},{"name":"MAIN","parent":"root","y":58},{"name":"HITBOX","parent":"MAIN","y":0.96,"scaleX":0.453,"scaleY":0.905},{"name":"EF","parent":"MAIN","y":-58},{"name":"ef_slash_A","parent":"EF"},{"name":"DAMAGEAREA","parent":"root"}],"slots":[{"name":"EF/magic_4light","bone":"magic","blend":"additive"},{"name":"EF/magic_4light2","bone":"magic","blend":"additive"},{"name":"EF/ef_rot_wave_main/ef_rot_wave_main_00001","bone":"ef_rot_wave","blend":"additive"},{"name":"EF/ef_rot_wave_main/ef_rot_wave_main_1","bone":"ef_rot_wave2","blend":"additive"},{"name":"MAIN","bone":"MAIN","attachment":"idle_00"},{"name":"EF/ef_slash_A_main/ef_slash_A_main_00001","bone":"ef_slash_A","blend":"additive"},{"name":"slashing","bone":"MAIN","blend":"additive"},{"name":"HITBOX","bone":"HITBOX","attachment":"HITBOX"},{"name":"DAMAGEAREA","bone":"DAMAGEAREA"}],"skins":{"default":{"DAMAGEAREA":{"DAMAGEAREA":{"type":"boundingbox","vertices":[-64.02825,-64.37663,64.11361,-64.37663,64.11361,63.19822,-64.02825,63.19822]}},"EF/ef_rot_wave_main/ef_rot_wave_main_00001":{"EF/ef_rot_wave_main/ef_rot_wave_main_00001":{"y":37.07,"width":800,"height":400},"EF/ef_rot_wave_main/ef_rot_wave_main_00002":{"y":37.07,"width":800,"height":400},"EF/ef_rot_wave_main/ef_rot_wave_main_00003":{"y":37.07,"width":800,"height":400},"EF/ef_rot_wave_main/ef_rot_wave_main_00004":{"y":37.07,"width":800,"height":400},"EF/ef_rot_wave_main/ef_rot_wave_main_00005":{"y":37.07,"width":800,"height":400},"EF/ef_rot_wave_main/ef_rot_wave_main_00006":{"y":37.07,"width":800,"height":400},"EF/ef_rot_wave_main/ef_rot_wave_main_00007":{"y":37.07,"width":800,"height":400},"EF/ef_rot_wave_main/ef_rot_wave_main_00008":{"y":37.07,"width":800,"height":400},"EF/ef_rot_wave_main/ef_rot_wave_main_00009":{"y":37.07,"width":800,"height":400},"EF/ef_rot_wave_main/ef_rot_wave_main_00010":{"y":37.07,"width":800,"height":400},"EF/ef_rot_wave_main/ef_rot_wave_main_00011":{"y":37.07,"width":800,"height":400},"EF/ef_rot_wave_main/ef_rot_wave_main_00012":{"y":37.07,"width":800,"height":400},"EF/ef_rot_wave_main/ef_rot_wave_main_00013":{"y":37.07,"width":800,"height":400}},"EF/ef_rot_wave_main/ef_rot_wave_main_1":{"EF/ef_rot_wave_main/ef_rot_wave_main_00001":{"y":37.07,"width":800,"height":400},"EF/ef_rot_wave_main/ef_rot_wave_main_00002":{"y":37.07,"width":800,"height":400},"EF/ef_rot_wave_main/ef_rot_wave_main_00003":{"y":37.07,"width":800,"height":400},"EF/ef_rot_wave_main/ef_rot_wave_main_00004":{"y":37.07,"width":800,"height":400},"EF/ef_rot_wave_main/ef_rot_wave_main_00005":{"y":37.07,"width":800,"height":400},"EF/ef_rot_wave_main/ef_rot_wave_main_00006":{"y":37.07,"width":800,"height":400},"EF/ef_rot_wave_main/ef_rot_wave_main_00007":{"y":37.07,"width":800,"height":400},"EF/ef_rot_wave_main/ef_rot_wave_main_00008":{"y":37.07,"width":800,"height":400},"EF/ef_rot_wave_main/ef_rot_wave_main_00009":{"y":37.07,"width":800,"height":400},"EF/ef_rot_wave_main/ef_rot_wave_main_00010":{"y":37.07,"width":800,"height":400},"EF/ef_rot_wave_main/ef_rot_wave_main_00011":{"y":37.07,"width":800,"height":400},"EF/ef_rot_wave_main/ef_rot_wave_main_00012":{"y":37.07,"width":800,"height":400},"EF/ef_rot_wave_main/ef_rot_wave_main_00013":{"y":37.07,"width":800,"height":400}},"EF/ef_slash_A_main/ef_slash_A_main_00001":{"EF/ef_slash_A_main/ef_slash_A_main_00001":{"width":400,"height":400},"EF/ef_slash_A_main/ef_slash_A_main_00002":{"width":400,"height":400},"EF/ef_slash_A_main/ef_slash_A_main_00003":{"width":400,"height":400},"EF/ef_slash_A_main/ef_slash_A_main_00004":{"width":400,"height":400},"EF/ef_slash_A_main/ef_slash_A_main_00005":{"width":400,"height":400},"EF/ef_slash_A_main/ef_slash_A_main_00006":{"width":400,"height":400},"EF/ef_slash_A_main/ef_slash_A_main_00007":{"width":400,"height":400},"EF/ef_slash_A_main/ef_slash_A_main_00008":{"width":400,"height":400},"EF/ef_slash_A_main/ef_slash_A_main_00009":{"width":400,"height":400}},"EF/magic_4light":{"EF/magic_4light":{"type":"mesh","uvs":[1,1,0,1,0,0,1,0],"triangles":[1,2,3,1,3,0],"vertices":[150,-150,-150,-150,-150,150,150,150],"hull":4}},"EF/magic_4light2":{"EF/magic_4light":{"type":"mesh","uvs":[1,1,0,1,0,0,1,0],"triangles":[1,2,3,1,3,0],"vertices":[150,-150,-150,-150,-150,150,150,150],"hull":4}},"HITBOX":{"HITBOX":{"type":"boundingbox","vertices":[-64.02825,-64.37663,65.24762,-63.80964,64.68063,63.19822,-63.46126,62.63123]}},"MAIN":{"attack_00":{"x":-24.18,"y":6.19,"scaleX":2,"scaleY":2,"width":256,"height":256},"attack_01":{"x":-24.18,"y":6.19,"scaleX":2,"scaleY":2,"width":256,"height":256},"attack_02":{"x":-24.18,"y":4.69,"scaleX":2,"scaleY":2,"width":256,"height":256},"attack_04":{"x":-18.83,"y":4.48,"scaleX":2,"scaleY":2,"width":256,"height":256},"back_00":{"x":-15.21,"y":6.19,"scaleX":2,"scaleY":2,"width":256,"height":256},"cast_00":{"x":-14.34,"y":6.19,"scaleX":2,"scaleY":2,"width":256,"height":256},"cast_01":{"x":-14.34,"y":6.19,"scaleX":2,"scaleY":2,"width":256,"height":256},"cast_02":{"x":-14.34,"y":6.19,"scaleX":2,"scaleY":2,"width":256,"height":256},"cast_03":{"x":-14.34,"y":6.19,"scaleX":2,"scaleY":2,"width":256,"height":256},"cast_04":{"x":-16.32,"y":6.19,"scaleX":2,"scaleY":2,"width":256,"height":256},"cast_05":{"x":-14.83,"y":6.19,"scaleX":2,"scaleY":2,"width":256,"height":256},"cast_06":{"x":-14.83,"y":6.19,"scaleX":2,"scaleY":2,"width":256,"height":256},"cast_07":{"x":-14.83,"y":6.19,"scaleX":2,"scaleY":2,"width":256,"height":256},"damage_00":{"x":-16.07,"y":5.61,"scaleX":2,"scaleY":2,"width":256,"height":256},"front_00":{"x":-18.12,"y":5.31,"scaleX":2,"scaleY":2,"width":256,"height":256},"idle_00":{"x":-14.34,"y":6.19,"scaleX":2,"scaleY":2,"width":256,"height":256},"idle_01":{"x":-14.34,"y":6.19,"scaleX":2,"scaleY":2,"width":256,"height":256},"idle_02":{"x":-14.34,"y":6.19,"scaleX":2,"scaleY":2,"width":256,"height":256},"idle_03":{"x":-14.34,"y":6.19,"scaleX":2,"scaleY":2,"width":256,"height":256},"skill1_00":{"x":-14.34,"y":6.19,"scaleX":2,"scaleY":2,"width":256,"height":256},"skill1_01":{"x":-6.3,"y":6.19,"scaleX":2,"scaleY":2,"width":256,"height":256},"skill1_02":{"x":-6.3,"y":6.19,"scaleX":2,"scaleY":2,"width":256,"height":256},"skill1_03":{"x":-6.3,"y":6.19,"scaleX":2,"scaleY":2,"width":256,"height":256},"skill1_04":{"x":-6.3,"y":6.19,"scaleX":2,"scaleY":2,"width":256,"height":256},"skill1_05":{"x":-6.3,"y":6.19,"scaleX":2,"scaleY":2,"width":256,"height":256},"skill2_00":{"x":-14.34,"y":6.19,"scaleX":2,"scaleY":2,"width":256,"height":256},"skill2_01":{"x":-14.34,"y":6.19,"scaleX":2,"scaleY":2,"width":256,"height":256},"skill2_02":{"x":-14.34,"y":6.19,"scaleX":2,"scaleY":2,"width":256,"height":256},"skill2_03":{"x":-14.34,"y":6.19,"scaleX":2,"scaleY":2,"width":256,"height":256},"skill2_04":{"x":-14.34,"y":6.19,"scaleX":2,"scaleY":2,"width":256,"height":256},"skill2_05":{"x":-14.34,"y":6.19,"scaleX":2,"scaleY":2,"width":256,"height":256},"skill2_06":{"x":-14.34,"y":6.19,"scaleX":2,"scaleY":2,"width":256,"height":256},"skill2_07":{"x":-14.34,"y":6.19,"scaleX":2,"scaleY":2,"width":256,"height":256}},"slashing":{"attack_00_ef":{"x":-24.19,"y":6.19,"scaleX":2,"scaleY":2,"width":256,"height":256},"attack_01_ef":{"x":-24.19,"y":6.19,"scaleX":2,"scaleY":2,"width":256,"height":256},"attack_02_ef":{"x":-24.19,"y":6.19,"scaleX":2,"scaleY":2,"width":256,"height":256},"skill1_01_ef":{"x":-6.3,"y":6.19,"scaleX":2,"scaleY":2,"width":256,"height":256}}}},"events":{"Event":{},"Hit":{},"Sound1":{},"Sound2":{},"Sound3":{},"Voice":{}},"animations":{"attack1":{"slots":{"MAIN":{"attachment":[{"time":0,"name":"idle_00"},{"time":0.0666,"name":"attack_00"},{"time":0.4,"name":"attack_01"},{"time":0.4666,"name":"attack_02"},{"time":0.6666,"name":"attack_04"},{"time":0.7666,"name":"idle_00"}]},"slashing":{"attachment":[{"time":0.0666,"name":"attack_00_ef"},{"time":0.4,"name":"attack_01_ef"},{"time":0.4666,"name":"attack_02_ef"},{"time":0.5333,"name":null}],"color":[{"time":0.0666,"color":"ffffff00"},{"time":0.3,"color":"ffffffff"}]}},"bones":{"MAIN":{"translate":[{"time":0.4,"x":-4.53,"y":0},{"time":0.4666,"x":-5.43,"y":0,"curve":"stepped"},{"time":0.6666,"x":0,"y":0}]}},"events":[{"time":0,"name":"Sound1","string":"cri_se_scenario_fetters_magic"},{"time":0.0666,"name":"Voice","string":"cri_173_voice_attack_random"},{"time":0.4,"name":"Event","string":"addOrbitSystemShot(shot2,explosion2,1)"}]},"back":{"slots":{"MAIN":{"attachment":[{"time":0,"name":"back_00"},{"time":0.3666,"name":"idle_00"},{"time":0.4666,"name":"idle_01"},{"time":0.5666,"name":"idle_02"}]}},"bones":{"MAIN":{"translate":[{"time":0,"x":0,"y":0},{"time":0.1333,"x":50,"y":14.23},{"time":0.3,"x":125,"y":0,"curve":[0.214,0.23,0.75,1]},{"time":0.5666,"x":140,"y":0}]}},"events":[{"time":0,"name":"Sound1","string":"cri_se_battle_jump"},{"time":0.3666,"name":"Sound1","string":"cri_se_battle_landing"}]},"cast":{"slots":{"MAIN":{"attachment":[{"time":0,"name":"cast_00"},{"time":0.1333,"name":"cast_01"},{"time":0.2,"name":"cast_02"},{"time":0.2666,"name":"cast_03"},{"time":0.4666,"name":"cast_04"},{"time":0.5333,"name":"cast_06"},{"time":0.6,"name":"cast_05"},{"time":0.6666,"name":"cast_06"},{"time":0.7333,"name":"cast_07"},{"time":0.8,"name":"cast_06"},{"time":0.8666,"name":"cast_05"},{"time":0.9333,"name":"cast_06"},{"time":1,"name":"cast_07"},{"time":1.1666,"name":"idle_00"}]}},"bones":{"MAIN":{"scale":[{"time":0,"x":0.992,"y":0.992}]}},"events":[{"time":0.4666,"name":"Voice","string":"cri_173_voice_item"}]},"damage":{"slots":{"MAIN":{"attachment":[{"time":0,"name":"damage_00"}]}}},"front":{"slots":{"MAIN":{"attachment":[{"time":0,"name":"front_00"}]}}},"idle":{"slots":{"MAIN":{"attachment":[{"time":0,"name":"idle_00"},{"time":0.2666,"name":"idle_01"},{"time":0.5333,"name":"idle_02"},{"time":0.8,"name":"idle_03"},{"time":1.0666,"name":"idle_00"}]}}},"skill1":{"slots":{"EF/ef_rot_wave_main/ef_rot_wave_main_00001":{"attachment":[{"time":0.6666,"name":"EF/ef_rot_wave_main/ef_rot_wave_main_00001"},{"time":0.7,"name":"EF/ef_rot_wave_main/ef_rot_wave_main_00002"},{"time":0.7333,"name":"EF/ef_rot_wave_main/ef_rot_wave_main_00003"},{"time":0.7666,"name":"EF/ef_rot_wave_main/ef_rot_wave_main_00004"},{"time":0.8,"name":"EF/ef_rot_wave_main/ef_rot_wave_main_00005"},{"time":0.8333,"name":"EF/ef_rot_wave_main/ef_rot_wave_main_00006"},{"time":0.8666,"name":"EF/ef_rot_wave_main/ef_rot_wave_main_00007"},{"time":0.9,"name":"EF/ef_rot_wave_main/ef_rot_wave_main_00008"},{"time":0.9333,"name":"EF/ef_rot_wave_main/ef_rot_wave_main_00009"},{"time":0.9666,"name":"EF/ef_rot_wave_main/ef_rot_wave_main_00010"},{"time":1,"name":"EF/ef_rot_wave_main/ef_rot_wave_main_00011"},{"time":1.0333,"name":"EF/ef_rot_wave_main/ef_rot_wave_main_00012"},{"time":1.0666,"name":"EF/ef_rot_wave_main/ef_rot_wave_main_00013"},{"time":1.1,"name":null},{"time":1.1333,"name":"EF/ef_rot_wave_main/ef_rot_wave_main_00001"},{"time":1.1666,"name":"EF/ef_rot_wave_main/ef_rot_wave_main_00002"},{"time":1.2,"name":"EF/ef_rot_wave_main/ef_rot_wave_main_00003"},{"time":1.2333,"name":"EF/ef_rot_wave_main/ef_rot_wave_main_00004"},{"time":1.2666,"name":"EF/ef_rot_wave_main/ef_rot_wave_main_00005"},{"time":1.3,"name":"EF/ef_rot_wave_main/ef_rot_wave_main_00006"},{"time":1.3333,"name":"EF/ef_rot_wave_main/ef_rot_wave_main_00007"},{"time":1.3666,"name":"EF/ef_rot_wave_main/ef_rot_wave_main_00008"},{"time":1.4,"name":"EF/ef_rot_wave_main/ef_rot_wave_main_00009"},{"time":1.4333,"name":"EF/ef_rot_wave_main/ef_rot_wave_main_00010"},{"time":1.4666,"name":"EF/ef_rot_wave_main/ef_rot_wave_main_00011"},{"time":1.5,"name":"EF/ef_rot_wave_main/ef_rot_wave_main_00012"},{"time":1.5333,"name":"EF/ef_rot_wave_main/ef_rot_wave_main_00013"},{"time":1.5666,"name":null},{"time":1.6,"name":"EF/ef_rot_wave_main/ef_rot_wave_main_00001"},{"time":1.6333,"name":"EF/ef_rot_wave_main/ef_rot_wave_main_00002"},{"time":1.6666,"name":"EF/ef_rot_wave_main/ef_rot_wave_main_00003"},{"time":1.7,"name":"EF/ef_rot_wave_main/ef_rot_wave_main_00004"},{"time":1.7333,"name":"EF/ef_rot_wave_main/ef_rot_wave_main_00005"},{"time":1.7666,"name":"EF/ef_rot_wave_main/ef_rot_wave_main_00006"},{"time":1.8,"name":"EF/ef_rot_wave_main/ef_rot_wave_main_00007"},{"time":1.8333,"name":"EF/ef_rot_wave_main/ef_rot_wave_main_00008"},{"time":1.8666,"name":"EF/ef_rot_wave_main/ef_rot_wave_main_00009"},{"time":1.9,"name":"EF/ef_rot_wave_main/ef_rot_wave_main_00010"},{"time":1.9333,"name":"EF/ef_rot_wave_main/ef_rot_wave_main_00011"},{"time":1.9666,"name":"EF/ef_rot_wave_main/ef_rot_wave_main_00012"},{"time":2,"name":"EF/ef_rot_wave_main/ef_rot_wave_main_00013"},{"time":2.0333,"name":null}],"color":[{"time":0.6666,"color":"ffffff00"},{"time":0.8333,"color":"ffffffff","curve":"stepped"},{"time":1.8666,"color":"ffffffff"},{"time":2.0333,"color":"ffffff00"}]},"EF/ef_rot_wave_main/ef_rot_wave_main_1":{"attachment":[{"time":0.9,"name":"EF/ef_rot_wave_main/ef_rot_wave_main_00001"},{"time":0.9333,"name":"EF/ef_rot_wave_main/ef_rot_wave_main_00002"},{"time":0.9666,"name":"EF/ef_rot_wave_main/ef_rot_wave_main_00003"},{"time":1,"name":"EF/ef_rot_wave_main/ef_rot_wave_main_00004"},{"time":1.0333,"name":"EF/ef_rot_wave_main/ef_rot_wave_main_00005"},{"time":1.0666,"name":"EF/ef_rot_wave_main/ef_rot_wave_main_00006"},{"time":1.1,"name":"EF/ef_rot_wave_main/ef_rot_wave_main_00007"},{"time":1.1333,"name":"EF/ef_rot_wave_main/ef_rot_wave_main_00008"},{"time":1.1666,"name":"EF/ef_rot_wave_main/ef_rot_wave_main_00009"},{"time":1.2,"name":"EF/ef_rot_wave_main/ef_rot_wave_main_00010"},{"time":1.2333,"name":"EF/ef_rot_wave_main/ef_rot_wave_main_00011"},{"time":1.2666,"name":"EF/ef_rot_wave_main/ef_rot_wave_main_00012"},{"time":1.3,"name":"EF/ef_rot_wave_main/ef_rot_wave_main_00013"},{"time":1.3333,"name":null},{"time":1.3666,"name":"EF/ef_rot_wave_main/ef_rot_wave_main_00001"},{"time":1.4,"name":"EF/ef_rot_wave_main/ef_rot_wave_main_00002"},{"time":1.4333,"name":"EF/ef_rot_wave_main/ef_rot_wave_main_00003"},{"time":1.4666,"name":"EF/ef_rot_wave_main/ef_rot_wave_main_00004"},{"time":1.5,"name":"EF/ef_rot_wave_main/ef_rot_wave_main_00005"},{"time":1.5333,"name":"EF/ef_rot_wave_main/ef_rot_wave_main_00006"},{"time":1.5666,"name":"EF/ef_rot_wave_main/ef_rot_wave_main_00007"},{"time":1.6,"name":"EF/ef_rot_wave_main/ef_rot_wave_main_00008"},{"time":1.6333,"name":"EF/ef_rot_wave_main/ef_rot_wave_main_00009"},{"time":1.6666,"name":"EF/ef_rot_wave_main/ef_rot_wave_main_00010"},{"time":1.7,"name":"EF/ef_rot_wave_main/ef_rot_wave_main_00011"},{"time":1.7333,"name":"EF/ef_rot_wave_main/ef_rot_wave_main_00012"},{"time":1.7666,"name":"EF/ef_rot_wave_main/ef_rot_wave_main_00013"},{"time":1.8,"name":null},{"time":1.8333,"name":"EF/ef_rot_wave_main/ef_rot_wave_main_00001"},{"time":1.8666,"name":"EF/ef_rot_wave_main/ef_rot_wave_main_00002"},{"time":1.9,"name":"EF/ef_rot_wave_main/ef_rot_wave_main_00003"},{"time":1.9333,"name":"EF/ef_rot_wave_main/ef_rot_wave_main_00004"},{"time":1.9666,"name":"EF/ef_rot_wave_main/ef_rot_wave_main_00005"},{"time":2,"name":"EF/ef_rot_wave_main/ef_rot_wave_main_00006"},{"time":2.0333,"name":"EF/ef_rot_wave_main/ef_rot_wave_main_00007"},{"time":2.0666,"name":"EF/ef_rot_wave_main/ef_rot_wave_main_00008"},{"time":2.1,"name":"EF/ef_rot_wave_main/ef_rot_wave_main_00009"},{"time":2.1333,"name":"EF/ef_rot_wave_main/ef_rot_wave_main_00010"},{"time":2.1666,"name":"EF/ef_rot_wave_main/ef_rot_wave_main_00011"},{"time":2.2,"name":"EF/ef_rot_wave_main/ef_rot_wave_main_00012"},{"time":2.2333,"name":"EF/ef_rot_wave_main/ef_rot_wave_main_00013"},{"time":2.2666,"name":null}],"color":[{"time":2,"color":"ffffffff"},{"time":2.2666,"color":"ffffff00"}]},"MAIN":{"attachment":[{"time":0,"name":"idle_00"},{"time":0.0333,"name":"skill1_00"},{"time":0.6666,"name":"skill1_01"},{"time":0.7666,"name":"skill1_05"},{"time":0.8666,"name":"skill1_02"},{"time":0.9666,"name":"skill1_03"},{"time":1.0666,"name":"skill1_04"},{"time":1.1666,"name":"skill1_05"},{"time":1.2666,"name":"skill1_02"},{"time":1.3666,"name":"skill1_03"},{"time":1.4666,"name":"skill1_04"},{"time":1.5666,"name":"skill1_05"},{"time":1.6666,"name":"skill1_02"},{"time":1.7666,"name":"skill1_03"},{"time":1.8666,"name":"skill1_04"},{"time":1.9666,"name":"skill1_05"},{"time":2.0666,"name":"skill1_02"},{"time":2.6666,"name":"idle_01"}]},"slashing":{"attachment":[{"time":0.6666,"name":"skill1_01_ef"},{"time":0.7333,"name":null}],"color":[{"time":0.6666,"color":"ffffffff"},{"time":0.7333,"color":"ffffff00"}]}},"bones":{"ef_rot_wave":{"translate":[{"time":1.8666,"x":0,"y":0},{"time":2.0333,"x":0,"y":-7.61}],"scale":[{"time":0.6666,"x":1,"y":1},{"time":0.8333,"x":0.986,"y":0.986,"curve":"stepped"},{"time":1.8666,"x":0.986,"y":0.986},{"time":2.0333,"x":1.536,"y":1.36}]},"ef_rot_wave2":{"translate":[{"time":2,"x":0,"y":0},{"time":2.2666,"x":0,"y":-7.61}],"scale":[{"time":0.9,"x":0.986,"y":0.986,"curve":"stepped"},{"time":2,"x":0.986,"y":0.986},{"time":2.2666,"x":1.536,"y":1.36}]}},"events":[{"time":0.6666,"name":"Sound1","string":"cri_se_scenario_no2_magic"},{"time":0.6666,"name":"Voice","string":"cri_173_voice_skill_all"},{"time":0.7666,"name":"Event","string":"shakeGround"},{"time":0.8,"name":"Event","string":"runSkillEffect"},{"time":1.1666,"name":"Sound2","string":"cri_se_battle_lightning"}]},"skill2":{"slots":{"EF/ef_slash_A_main/ef_slash_A_main_00001":{"attachment":[{"time":0.6666,"name":"EF/ef_slash_A_main/ef_slash_A_main_00001"},{"time":0.7,"name":"EF/ef_slash_A_main/ef_slash_A_main_00002"},{"time":0.7333,"name":"EF/ef_slash_A_main/ef_slash_A_main_00003"},{"time":0.7666,"name":"EF/ef_slash_A_main/ef_slash_A_main_00004"},{"time":0.8,"name":"EF/ef_slash_A_main/ef_slash_A_main_00005"},{"time":0.8333,"name":"EF/ef_slash_A_main/ef_slash_A_main_00006"},{"time":0.8666,"name":"EF/ef_slash_A_main/ef_slash_A_main_00007"},{"time":0.9,"name":"EF/ef_slash_A_main/ef_slash_A_main_00008"},{"time":0.9333,"name":"EF/ef_slash_A_main/ef_slash_A_main_00009"},{"time":0.9666,"name":null},{"time":1.0666,"name":"EF/ef_slash_A_main/ef_slash_A_main_00001"},{"time":1.1,"name":"EF/ef_slash_A_main/ef_slash_A_main_00002"},{"time":1.1333,"name":"EF/ef_slash_A_main/ef_slash_A_main_00003"},{"time":1.1666,"name":"EF/ef_slash_A_main/ef_slash_A_main_00004"},{"time":1.2,"name":"EF/ef_slash_A_main/ef_slash_A_main_00005"},{"time":1.2333,"name":"EF/ef_slash_A_main/ef_slash_A_main_00006"},{"time":1.2666,"name":"EF/ef_slash_A_main/ef_slash_A_main_00007"},{"time":1.3,"name":"EF/ef_slash_A_main/ef_slash_A_main_00008"},{"time":1.3333,"name":"EF/ef_slash_A_main/ef_slash_A_main_00009"},{"time":1.3666,"name":null},{"time":1.4666,"name":"EF/ef_slash_A_main/ef_slash_A_main_00001"},{"time":1.5,"name":"EF/ef_slash_A_main/ef_slash_A_main_00002"},{"time":1.5333,"name":"EF/ef_slash_A_main/ef_slash_A_main_00003"},{"time":1.5666,"name":"EF/ef_slash_A_main/ef_slash_A_main_00004"},{"time":1.6,"name":"EF/ef_slash_A_main/ef_slash_A_main_00005"},{"time":1.6333,"name":"EF/ef_slash_A_main/ef_slash_A_main_00006"},{"time":1.6666,"name":"EF/ef_slash_A_main/ef_slash_A_main_00007"},{"time":1.7,"name":"EF/ef_slash_A_main/ef_slash_A_main_00008"},{"time":1.7333,"name":"EF/ef_slash_A_main/ef_slash_A_main_00009"},{"time":1.7666,"name":null},{"time":1.9,"name":"EF/ef_slash_A_main/ef_slash_A_main_00001"},{"time":1.9333,"name":"EF/ef_slash_A_main/ef_slash_A_main_00002"},{"time":1.9666,"name":"EF/ef_slash_A_main/ef_slash_A_main_00003"},{"time":2,"name":"EF/ef_slash_A_main/ef_slash_A_main_00004"},{"time":2.0333,"name":"EF/ef_slash_A_main/ef_slash_A_main_00005"},{"time":2.0666,"name":"EF/ef_slash_A_main/ef_slash_A_main_00006"},{"time":2.1,"name":"EF/ef_slash_A_main/ef_slash_A_main_00007"},{"time":2.1333,"name":"EF/ef_slash_A_main/ef_slash_A_main_00008"},{"time":2.1666,"name":"EF/ef_slash_A_main/ef_slash_A_main_00009"},{"time":2.2,"name":null}]},"EF/magic_4light":{"attachment":[{"time":0.0333,"name":"EF/magic_4light"}],"color":[{"time":0.0333,"color":"ffffff00","curve":[0.25,0,0.75,1]},{"time":0.3666,"color":"ffffffff","curve":"stepped"},{"time":2.0666,"color":"ffffffff"},{"time":2.2333,"color":"ffffff00"}]},"EF/magic_4light2":{"attachment":[{"time":0.0333,"name":"EF/magic_4light"}],"color":[{"time":0.0333,"color":"ffffff00"},{"time":0.2,"color":"ffffffff"},{"time":0.4333,"color":"ffffff00"}]},"MAIN":{"attachment":[{"time":0,"name":"idle_00"},{"time":0.0333,"name":"skill2_00"},{"time":0.6666,"name":"skill2_01"},{"time":0.8,"name":"skill2_02"},{"time":0.9,"name":"skill2_03"},{"time":1,"name":"skill2_04"},{"time":1.1,"name":"skill2_05"},{"time":1.2,"name":"skill2_02"},{"time":1.3,"name":"skill2_03"},{"time":1.4,"name":"skill2_04"},{"time":1.5,"name":"skill2_05"},{"time":1.6,"name":"skill2_02"},{"time":1.7,"name":"skill2_03"},{"time":1.8,"name":"skill2_04"},{"time":1.9,"name":"skill2_05"},{"time":2.0333,"name":"skill2_02"},{"time":2.1,"name":"skill2_03"},{"time":2.1666,"name":"skill2_04"},{"time":2.2333,"name":"skill2_06"},{"time":3.3333,"name":"skill2_07"},{"time":3.4,"name":"idle_01"},{"time":3.6666,"name":"idle_01"}]}},"bones":{"magic":{"rotate":[{"time":0.0333,"angle":0,"curve":"stepped"},{"time":2.0666,"angle":0},{"time":2.2333,"angle":-1.37}],"scale":[{"time":0.0333,"x":0.221,"y":0.221,"curve":[0.25,0,0.75,1]},{"time":0.3666,"x":1.27,"y":1.27,"curve":[0.135,0.63,0.75,1]},{"time":0.6666,"x":1.3,"y":1.3,"curve":"stepped"},{"time":2.0666,"x":1.3,"y":1.3},{"time":2.2333,"x":1.677,"y":1.569}]},"ef_slash_A":{"rotate":[{"time":0.6666,"angle":-7.13,"curve":"stepped"},{"time":0.8,"angle":14.6,"curve":"stepped"},{"time":1.0666,"angle":-7.13,"curve":"stepped"},{"time":1.2,"angle":14.6,"curve":"stepped"},{"time":1.4666,"angle":-7.13,"curve":"stepped"},{"time":1.6,"angle":14.6,"curve":"stepped"},{"time":1.9,"angle":-7.13,"curve":"stepped"},{"time":2.0333,"angle":14.6}],"translate":[{"time":0.6666,"x":-13.85,"y":137.49,"curve":"stepped"},{"time":0.8,"x":-17.31,"y":133.16,"curve":"stepped"},{"time":1.0666,"x":-13.85,"y":137.49,"curve":"stepped"},{"time":1.2,"x":-17.31,"y":133.16,"curve":"stepped"},{"time":1.4666,"x":-13.85,"y":137.49,"curve":"stepped"},{"time":1.6,"x":-17.31,"y":133.16,"curve":"stepped"},{"time":1.9,"x":-13.85,"y":137.49,"curve":"stepped"},{"time":2.0333,"x":-17.31,"y":133.16}],"scale":[{"time":0.6666,"x":1,"y":1},{"time":0.8,"x":0.905,"y":0.905,"curve":"stepped"},{"time":1.0666,"x":1,"y":1},{"time":1.2,"x":0.905,"y":0.905,"curve":"stepped"},{"time":1.4666,"x":1,"y":1},{"time":1.6,"x":0.905,"y":0.905,"curve":"stepped"},{"time":1.9,"x":1,"y":1},{"time":2.0333,"x":0.905,"y":0.905}]}},"ffd":{"default":{"EF/magic_4light":{"EF/magic_4light":[{"time":0.0333,"offset":1,"vertices":[112.35789,0,112.35789,0,-112.35789,0,-112.35791]},{"time":2.6666,"vertices":[-87.6553,103.50402,-62.22447,129.50374,87.65527,-103.50402,62.22449,-129.50374]}]},"EF/magic_4light2":{"EF/magic_4light":[{"time":0.0333,"vertices":[-0.86965,93.78376,-0.76342,92.35697,0.86965,-93.78377,0.76345,-92.35699]},{"time":0.6666,"vertices":[53.83381,96.23775,-54.91925,100.84862,-53.83381,-96.23776,54.91925,-100.84865]}]}}},"events":[{"time":0,"name":"Sound1","string":"cri_se_battle_magic_Invocation_dark"},{"time":0.6666,"name":"Sound1","string":"cri_se_scenario_no2_magic"},{"time":0.6666,"name":"Sound2","string":"cri_se_battle_bell_tree_02"},{"time":0.6666,"name":"Voice","string":"cri_173_voice_fullarts_rank4"},{"time":0.8666,"name":"Event","string":"shakeGround"},{"time":0.9,"name":"Event","string":"runSkillEffect"},{"time":0.9333,"name":"Event","string":"runScript-runRelize"},{"time":1.2666,"name":"Event","string":"shakeGround"},{"time":1.6333,"name":"Event","string":"shakeGround"},{"time":2.1666,"name":"Event","string":"shakeGround"}]}}}