{"skeleton":{"hash":"UH6ijM1ffw+K5BDSUCfPEykCbLE","spine":"3.0.12","width":0,"height":0},"bones":[{"name":"root"},{"name":"MAIN","parent":"root","y":68},{"name":"dot_EF1","parent":"MAIN","x":8.73,"y":9.04},{"name":"Shadow_D","parent":"MAIN","x":8.44,"y":8.83}],"slots":[{"name":"Shadow_D","bone":"Shadow_D","attachment":"shadow/Shadow_idle_00"},{"name":"MAIN","bone":"MAIN","attachment":"idle_00"},{"name":"dot_EF1","bone":"dot_EF1"}],"skins":{"default":{"MAIN":{"idle_00":{"x":16.17,"y":25.3,"width":512,"height":512},"idle_01":{"x":16.17,"y":25.3,"width":512,"height":512},"idle_02":{"x":16.17,"y":25.3,"width":512,"height":512},"idle_03":{"x":16.17,"y":25.3,"width":512,"height":512}},"Shadow_D":{"shadow/Shadow_idle_00":{"x":7.65,"y":16.49,"width":512,"height":512},"shadow/Shadow_idle_01":{"x":7.65,"y":16.49,"width":512,"height":512},"shadow/Shadow_idle_02":{"x":7.65,"y":16.49,"width":512,"height":512},"shadow/Shadow_idle_03":{"x":7.65,"y":16.49,"width":512,"height":512}},"dot_EF1":{"dot_EF/EF_idle_00":{"x":7.65,"y":16.49,"width":512,"height":512},"dot_EF/EF_idle_01":{"x":7.65,"y":16.49,"width":512,"height":512},"dot_EF/EF_idle_02":{"x":7.65,"y":16.49,"width":512,"height":512},"dot_EF/EF_idle_03":{"x":7.65,"y":16.49,"width":512,"height":512}}}},"events":{"Event":{},"Event2":{},"hit":{}},"animations":{"idle":{"slots":{"MAIN":{"attachment":[{"time":0,"name":"idle_00"},{"time":0.2666,"name":"idle_01"},{"time":0.5,"name":"idle_01"},{"time":0.7666,"name":"idle_03"},{"time":1,"name":"idle_00"}]},"Shadow_D":{"attachment":[{"time":0,"name":"shadow/Shadow_idle_00"},{"time":0.2666,"name":"shadow/Shadow_idle_01"},{"time":0.5,"name":"shadow/Shadow_idle_02"},{"time":0.7666,"name":"shadow/Shadow_idle_03"},{"time":1,"name":"shadow/Shadow_idle_00"}]},"dot_EF1":{"attachment":[{"time":0,"name":"dot_EF/EF_idle_00"},{"time":0.2666,"name":"dot_EF/EF_idle_01"},{"time":0.5,"name":"dot_EF/EF_idle_02"},{"time":0.7666,"name":"dot_EF/EF_idle_03"},{"time":1,"name":"dot_EF/EF_idle_00"}]}},"events":[{"time":0,"name":"Event"},{"time":0,"name":"Event2"}]}}}