{"skeleton":{"hash":"dIstVNVoFyu97NLBO3o+slI/HCg","spine":"3.0.12","width":512,"height":512},"bones":[{"name":"root"},{"name":"move_aura","parent":"root","x":200,"y":100},{"name":"dot_EF_1","parent":"root","x":150,"y":50},{"name":"MAIN3","parent":"root","y":50.89},{"name":"MAIN2","parent":"root","y":50.89},{"name":"MAIN","parent":"root","y":50.89},{"name":"SHADOW-OFFSET","parent":"MAIN","x":-15},{"name":"HITBOX","parent":"MAIN","y":-50.89},{"name":"EF_eye_shine","parent":"MAIN","x":100,"y":49.1},{"name":"EF_eye","parent":"MAIN","x":150,"y":49.1},{"name":"EF_main","parent":"root"},{"name":"dash","parent":"EF_main","x":200},{"name":"EF_wave1_1","parent":"EF_main","x":50},{"name":"DAMAGEAREA","parent":"root"},{"name":"rot_wave","parent":"root","x":200,"y":50},{"name":"slash","parent":"EF_main","x":250,"y":100},{"name":"weapon_root","parent":"root","x":100},{"name":"weapon_5","parent":"weapon_root","y":50},{"name":"trust_blue_5","parent":"weapon_5"},{"name":"weapon_4","parent":"weapon_root","y":50},{"name":"trust_blue_4","parent":"weapon_4"},{"name":"weapon_3","parent":"weapon_root","y":50},{"name":"trust_blue_3","parent":"weapon_3"},{"name":"weapon_2","parent":"weapon_root","y":50},{"name":"trust_blue_2","parent":"weapon_2"},{"name":"weapon_1","parent":"weapon_root","y":50},{"name":"trust_blue_1","parent":"weapon_1"}],"slots":[{"name":"EF/main_graund_wave_blue/ef_graund_wave_blue_00002","bone":"EF_wave1_1","blend":"additive"},{"name":"EF/main_rot_wave_blue/ef_rot_wave_blue_00001","bone":"rot_wave","blend":"additive"},{"name":"DAMAGEAREA","bone":"DAMAGEAREA"},{"name":"MAIN","bone":"MAIN","attachment":"idle_00"},{"name":"MAIN3","bone":"MAIN2"},{"name":"MAIN4","bone":"MAIN3"},{"name":"weapon/weapon","bone":"weapon_1"},{"name":"weapon/weapon2","bone":"weapon_2"},{"name":"weapon/weapon3","bone":"weapon_3"},{"name":"weapon/weapon4","bone":"weapon_4"},{"name":"weapon/weapon5","bone":"weapon_5"},{"name":"dot/EF_1","bone":"dot_EF_1","color":"0064ffff","blend":"additive"},{"name":"EF/ef_trust_blue_00003","bone":"trust_blue_1","blend":"additive"},{"name":"EF/ef_trust_blue_3","bone":"trust_blue_2","blend":"additive"},{"name":"EF/ef_trust_blue_4","bone":"trust_blue_3","blend":"additive"},{"name":"EF/ef_trust_blue_5","bone":"trust_blue_4","blend":"additive"},{"name":"EF/ef_trust_blue_6","bone":"trust_blue_5","blend":"additive"},{"name":"EF/main_dash_blue/ef_dash_blue_00001","bone":"dash","blend":"additive"},{"name":"EF/main_move_aura_main/ef_move_aura_main_00001","bone":"move_aura","blend":"additive"},{"name":"EF/eye_shine/ef_shine_main_00001","bone":"EF_eye_shine","blend":"additive"},{"name":"EF/sphire","bone":"EF_eye"},{"name":"EF/slash/ef_slash_move_main_1","bone":"slash","blend":"additive"},{"name":"HITBOX","bone":"HITBOX","attachment":"HITBOX"}],"skins":{"default":{"DAMAGEAREA":{"DAMAGEAREA":{"type":"boundingbox","vertices":[-32.04398,32.00705,-31.99207,-32.00345,31.98687,-32.01448,31.99352,31.96727]}},"EF/ef_trust_blue_00003":{"EF/ef_trust_blue_00003":{"x":20.3,"width":200,"height":117}},"EF/ef_trust_blue_3":{"EF/ef_trust_blue_00003":{"x":20.3,"width":200,"height":117}},"EF/ef_trust_blue_4":{"EF/ef_trust_blue_00003":{"x":20.3,"width":200,"height":117}},"EF/ef_trust_blue_5":{"EF/ef_trust_blue_00003":{"x":20.3,"width":200,"height":117}},"EF/ef_trust_blue_6":{"EF/ef_trust_blue_00003":{"x":20.3,"width":200,"height":117}},"EF/eye_shine/ef_shine_main_00001":{"EF/eye_shine/ef_shine_main_00001":{"x":-1.13,"y":-0.81,"width":188,"height":188},"EF/eye_shine/ef_shine_main_00002":{"x":-1.13,"y":-0.81,"width":188,"height":188},"EF/eye_shine/ef_shine_main_00008":{"x":-1.13,"y":-0.81,"width":188,"height":188},"EF/eye_shine/ef_shine_main_00009":{"x":-1.13,"y":-0.81,"width":188,"height":188},"EF/eye_shine/ef_shine_main_00010":{"x":-1.13,"y":-0.81,"width":188,"height":188}},"EF/main_dash_blue/ef_dash_blue_00001":{"EF/main_dash_blue/ef_dash_blue_00001":{"x":2.61,"y":39.81,"width":160,"height":160},"EF/main_dash_blue/ef_dash_blue_00002":{"x":2.61,"y":39.81,"width":160,"height":160},"EF/main_dash_blue/ef_dash_blue_00003":{"x":2.61,"y":39.81,"width":160,"height":160},"EF/main_dash_blue/ef_dash_blue_00004":{"x":2.61,"y":39.81,"width":160,"height":160},"EF/main_dash_blue/ef_dash_blue_00005":{"x":2.61,"y":39.81,"width":160,"height":160},"EF/main_dash_blue/ef_dash_blue_00006":{"x":2.61,"y":39.81,"width":160,"height":160},"EF/main_dash_blue/ef_dash_blue_00007":{"x":2.61,"y":39.81,"width":160,"height":160},"EF/main_dash_blue/ef_dash_blue_00008":{"x":2.61,"y":39.81,"width":160,"height":160},"EF/main_dash_blue/ef_dash_blue_00009":{"x":2.61,"y":39.81,"width":160,"height":160},"EF/main_dash_blue/ef_dash_blue_00010":{"x":2.61,"y":39.81,"width":160,"height":160},"EF/main_dash_blue/ef_dash_blue_00011":{"x":2.61,"y":39.81,"width":160,"height":160},"EF/main_dash_blue/ef_dash_blue_00012":{"x":2.61,"y":39.81,"width":160,"height":160},"EF/main_dash_blue/ef_dash_blue_00013":{"x":2.61,"y":39.81,"width":160,"height":160},"EF/main_dash_blue/ef_dash_blue_00014":{"x":2.61,"y":39.81,"width":160,"height":160}},"EF/main_graund_wave_blue/ef_graund_wave_blue_00002":{"EF/main_graund_wave_blue/ef_graund_wave_blue_00002":{"x":0.6,"y":9.45,"width":200,"height":120},"EF/main_graund_wave_blue/ef_graund_wave_blue_00003":{"x":0.6,"y":9.45,"width":200,"height":120},"EF/main_graund_wave_blue/ef_graund_wave_blue_00004":{"x":0.6,"y":9.45,"width":200,"height":120},"EF/main_graund_wave_blue/ef_graund_wave_blue_00005":{"x":0.6,"y":9.45,"width":200,"height":120},"EF/main_graund_wave_blue/ef_graund_wave_blue_00006":{"x":0.6,"y":9.45,"width":200,"height":120},"EF/main_graund_wave_blue/ef_graund_wave_blue_00007":{"x":0.6,"y":9.45,"width":200,"height":120},"EF/main_graund_wave_blue/ef_graund_wave_blue_00008":{"x":0.6,"y":9.45,"width":200,"height":120},"EF/main_graund_wave_blue/ef_graund_wave_blue_00009":{"x":0.6,"y":9.45,"width":200,"height":120},"EF/main_graund_wave_blue/ef_graund_wave_blue_00010":{"x":0.6,"y":9.45,"width":200,"height":120},"EF/main_graund_wave_blue/ef_graund_wave_blue_00011":{"x":0.6,"y":9.45,"width":200,"height":120},"EF/main_graund_wave_blue/ef_graund_wave_blue_00012":{"x":0.6,"y":9.45,"width":200,"height":120},"EF/main_graund_wave_blue/ef_graund_wave_blue_00013":{"x":0.6,"y":9.45,"width":200,"height":120}},"EF/main_move_aura_main/ef_move_aura_main_00001":{"EF/main_move_aura_main/ef_move_aura_main_00001":{"y":0.31,"rotation":90,"width":140,"height":350},"EF/main_move_aura_main/ef_move_aura_main_00002":{"y":0.31,"rotation":90,"width":140,"height":350},"EF/main_move_aura_main/ef_move_aura_main_00003":{"y":0.31,"rotation":90,"width":140,"height":350},"EF/main_move_aura_main/ef_move_aura_main_00004":{"y":0.31,"rotation":90,"width":140,"height":350},"EF/main_move_aura_main/ef_move_aura_main_00005":{"y":0.31,"rotation":90,"width":140,"height":350}},"EF/main_rot_wave_blue/ef_rot_wave_blue_00001":{"EF/main_rot_wave_blue/ef_rot_wave_blue_00001":{"x":-0.2,"y":12.78,"width":300,"height":143},"EF/main_rot_wave_blue/ef_rot_wave_blue_00002":{"x":-0.2,"y":12.78,"width":300,"height":143},"EF/main_rot_wave_blue/ef_rot_wave_blue_00003":{"x":-0.2,"y":12.78,"width":300,"height":143},"EF/main_rot_wave_blue/ef_rot_wave_blue_00004":{"x":-0.2,"y":12.78,"width":300,"height":143},"EF/main_rot_wave_blue/ef_rot_wave_blue_00005":{"x":-0.2,"y":12.78,"width":300,"height":143},"EF/main_rot_wave_blue/ef_rot_wave_blue_00006":{"x":-0.2,"y":12.78,"width":300,"height":143},"EF/main_rot_wave_blue/ef_rot_wave_blue_00007":{"x":-0.2,"y":12.78,"width":300,"height":143},"EF/main_rot_wave_blue/ef_rot_wave_blue_00008":{"x":-0.2,"y":12.78,"width":300,"height":143},"EF/main_rot_wave_blue/ef_rot_wave_blue_00009":{"x":-0.2,"y":12.78,"width":300,"height":143},"EF/main_rot_wave_blue/ef_rot_wave_blue_00010":{"x":-0.2,"y":12.78,"width":300,"height":143},"EF/main_rot_wave_blue/ef_rot_wave_blue_00011":{"x":-0.2,"y":12.78,"width":300,"height":143},"EF/main_rot_wave_blue/ef_rot_wave_blue_00012":{"x":-0.2,"y":12.78,"width":300,"height":143},"EF/main_rot_wave_blue/ef_rot_wave_blue_00013":{"x":-0.2,"y":12.78,"width":300,"height":143},"EF/main_rot_wave_blue/ef_rot_wave_blue_00014":{"x":-0.2,"y":12.78,"width":300,"height":143},"EF/main_rot_wave_blue/ef_rot_wave_blue_00015":{"x":-0.2,"y":12.78,"width":300,"height":143}},"EF/slash/ef_slash_move_main_1":{"EF/slash/ef_slash_move_main_00001":{"width":245,"height":168},"EF/slash/ef_slash_move_main_00002":{"width":245,"height":168},"EF/slash/ef_slash_move_main_00003":{"width":245,"height":168},"EF/slash/ef_slash_move_main_00004":{"width":245,"height":168},"EF/slash/ef_slash_move_main_00005":{"width":245,"height":168},"EF/slash/ef_slash_move_main_00006":{"width":245,"height":168},"EF/slash/ef_slash_move_main_00007":{"width":245,"height":168},"EF/slash/ef_slash_move_main_00008":{"width":245,"height":168}},"EF/sphire":{"EF/sphire":{"x":-0.14,"y":-0.09,"width":200,"height":200}},"HITBOX":{"HITBOX":{"type":"boundingbox","vertices":[-36.76361,-2.08785,17.08639,-2.08785,20.31735,93.7651,-34.60962,93.7651]}},"MAIN":{"attack_00":{"x":5.63,"y":17.47,"scaleX":2,"scaleY":2,"width":256,"height":256},"attack_01":{"x":5.63,"y":17.47,"scaleX":2,"scaleY":2,"width":256,"height":256},"attack_02":{"x":5.63,"y":17.47,"scaleX":2,"scaleY":2,"width":256,"height":256},"attack_03":{"x":5.63,"y":17.47,"scaleX":2,"scaleY":2,"width":256,"height":256},"attack_04":{"x":5.63,"y":17.47,"scaleX":2,"scaleY":2,"width":256,"height":256},"attack_05":{"x":5.63,"y":17.47,"scaleX":2,"scaleY":2,"width":256,"height":256},"attack_06":{"x":5.63,"y":17.47,"scaleX":2,"scaleY":2,"width":256,"height":256},"back_00":{"x":5.63,"y":17.47,"scaleX":2,"scaleY":2,"width":256,"height":256},"damage_00":{"x":5.63,"y":17.47,"scaleX":2,"scaleY":2,"width":256,"height":256},"front_00":{"x":5.63,"y":17.47,"scaleX":2,"scaleY":2,"width":256,"height":256},"idle2_00":{"x":5.63,"y":17.47,"scaleX":2,"scaleY":2,"width":256,"height":256},"idle_00":{"x":5.63,"y":17.47,"scaleX":2,"scaleY":2,"width":256,"height":256},"idle_01":{"x":5.63,"y":17.47,"scaleX":2,"scaleY":2,"width":256,"height":256},"idle_02":{"x":5.63,"y":17.47,"scaleX":2,"scaleY":2,"width":256,"height":256},"idle_03":{"x":5.63,"y":17.47,"scaleX":2,"scaleY":2,"width":256,"height":256},"skill1_00":{"x":5.63,"y":17.47,"scaleX":2,"scaleY":2,"width":256,"height":256},"skill1_01":{"x":5.63,"y":17.47,"scaleX":2,"scaleY":2,"width":256,"height":256},"skill1_02":{"x":5.63,"y":17.47,"scaleX":2,"scaleY":2,"width":256,"height":256},"skill1_03":{"x":5.63,"y":17.47,"scaleX":2,"scaleY":2,"width":256,"height":256},"skill1_04":{"x":5.63,"y":17.47,"scaleX":2,"scaleY":2,"width":256,"height":256},"skill1_05":{"x":5.63,"y":17.47,"scaleX":2,"scaleY":2,"width":256,"height":256},"skill1_06":{"x":5.63,"y":17.47,"scaleX":2,"scaleY":2,"width":256,"height":256},"skill1_07":{"x":5.63,"y":17.47,"scaleX":2,"scaleY":2,"width":256,"height":256},"skill1_08":{"x":5.63,"y":17.47,"scaleX":2,"scaleY":2,"width":256,"height":256},"skill1_09":{"x":5.63,"y":17.47,"scaleX":2,"scaleY":2,"width":256,"height":256},"skill1_10":{"x":5.63,"y":17.47,"scaleX":2,"scaleY":2,"width":256,"height":256},"skill1_11":{"x":5.63,"y":17.47,"scaleX":2,"scaleY":2,"width":256,"height":256},"skill1_12":{"x":5.63,"y":17.47,"scaleX":2,"scaleY":2,"width":256,"height":256},"skill1_13":{"x":5.63,"y":17.47,"scaleX":2,"scaleY":2,"width":256,"height":256},"skill1_14":{"x":5.63,"y":17.47,"scaleX":2,"scaleY":2,"width":256,"height":256},"skill1_15":{"x":5.63,"y":17.47,"scaleX":2,"scaleY":2,"width":256,"height":256},"skill1_16":{"x":5.63,"y":17.47,"scaleX":2,"scaleY":2,"width":256,"height":256},"skill1_17":{"x":5.63,"y":17.47,"scaleX":2,"scaleY":2,"width":256,"height":256},"skill1_18":{"x":5.63,"y":17.47,"scaleX":2,"scaleY":2,"width":256,"height":256},"skill1_19":{"x":5.63,"y":17.47,"scaleX":2,"scaleY":2,"width":256,"height":256},"skill2_00":{"x":5.63,"y":17.47,"scaleX":2,"scaleY":2,"width":256,"height":256},"skill2_01":{"x":5.63,"y":17.47,"scaleX":2,"scaleY":2,"width":256,"height":256},"skill2_02":{"x":5.63,"y":17.47,"scaleX":2,"scaleY":2,"width":256,"height":256},"skill2_03":{"x":5.63,"y":17.47,"scaleX":2,"scaleY":2,"width":256,"height":256},"skill2_04":{"x":5.63,"y":17.47,"scaleX":2,"scaleY":2,"width":256,"height":256},"skill2_05":{"x":5.63,"y":17.47,"scaleX":2,"scaleY":2,"width":256,"height":256},"skill2_06":{"x":5.63,"y":17.47,"scaleX":2,"scaleY":2,"width":256,"height":256},"skill2_07":{"x":5.63,"y":17.47,"scaleX":2,"scaleY":2,"width":256,"height":256},"skill2_08":{"x":5.63,"y":17.47,"scaleX":2,"scaleY":2,"width":256,"height":256},"skill2_09":{"x":5.63,"y":17.47,"scaleX":2,"scaleY":2,"width":256,"height":256},"skill2_10":{"x":5.63,"y":17.47,"scaleX":2,"scaleY":2,"width":256,"height":256},"skill2_11":{"x":5.63,"y":17.47,"scaleX":2,"scaleY":2,"width":256,"height":256},"skill3_1_00":{"x":5.63,"y":17.47,"scaleX":2,"scaleY":2,"width":256,"height":256},"skill3_1_01":{"x":5.63,"y":17.47,"scaleX":2,"scaleY":2,"width":256,"height":256},"skill3_1_02":{"x":5.63,"y":17.47,"scaleX":2,"scaleY":2,"width":256,"height":256},"skill3_1_03":{"x":5.63,"y":17.47,"scaleX":2,"scaleY":2,"width":256,"height":256},"skill3_1_04":{"x":5.63,"y":17.47,"scaleX":2,"scaleY":2,"width":256,"height":256},"skill3_1_05":{"x":5.63,"y":17.47,"scaleX":2,"scaleY":2,"width":256,"height":256},"skill3_1_06":{"x":5.63,"y":17.47,"scaleX":2,"scaleY":2,"width":256,"height":256},"skill3_1_07":{"x":5.63,"y":17.47,"scaleX":2,"scaleY":2,"width":256,"height":256},"skill3_2_00":{"x":5.63,"y":17.47,"scaleX":2,"scaleY":2,"width":256,"height":256},"skill3_2_01":{"x":5.63,"y":17.47,"scaleX":2,"scaleY":2,"width":256,"height":256},"skill3_2_02":{"x":5.63,"y":17.47,"scaleX":2,"scaleY":2,"width":256,"height":256},"skill3_2_03":{"x":5.63,"y":17.47,"scaleX":2,"scaleY":2,"width":256,"height":256}},"MAIN3":{"skill2_03":{"x":5.63,"y":17.47,"scaleX":2,"scaleY":2,"width":256,"height":256},"skill2_05":{"x":5.63,"y":17.47,"scaleX":2,"scaleY":2,"width":256,"height":256}},"MAIN4":{"skill2_03":{"x":5.63,"y":17.47,"scaleX":2,"scaleY":2,"width":256,"height":256},"skill2_05":{"x":5.63,"y":17.47,"scaleX":2,"scaleY":2,"width":256,"height":256}},"dot/EF_1":{"dot/EF_1":{"x":-32.82,"y":-59.9,"width":200,"height":200}},"weapon/weapon":{"weapon/weapon":{"scaleX":2,"scaleY":2,"width":40,"height":15}},"weapon/weapon2":{"weapon/weapon":{"scaleX":2,"scaleY":2,"width":40,"height":15}},"weapon/weapon3":{"weapon/weapon":{"scaleX":2,"scaleY":2,"width":40,"height":15}},"weapon/weapon4":{"weapon/weapon":{"scaleX":2,"scaleY":2,"width":40,"height":15}},"weapon/weapon5":{"weapon/weapon":{"scaleX":2,"scaleY":2,"width":40,"height":15}}}},"events":{"Event":{},"Event2":{},"Hit":{},"Sound1":{},"Sound2":{},"Sound3":{},"Voice":{}},"animations":{"attack1":{"slots":{"DAMAGEAREA":{"attachment":[{"time":0.2333,"name":"DAMAGEAREA"},{"time":0.7333,"name":null}]},"EF/ef_trust_blue_00003":{"attachment":[{"time":0.2,"name":"EF/ef_trust_blue_00003"}],"color":[{"time":0.2,"color":"ffffffff"},{"time":0.2666,"color":"ffffff00","curve":"stepped"},{"time":0.6666,"color":"ffffffff"},{"time":0.7333,"color":"ffffff00"}]},"EF/ef_trust_blue_3":{"attachment":[{"time":0.3,"name":"EF/ef_trust_blue_00003"}],"color":[{"time":0.3,"color":"ffffffff"},{"time":0.3666,"color":"ffffff00"}]},"MAIN":{"attachment":[{"time":0,"name":"attack_05"},{"time":0.0666,"name":"attack_02"},{"time":0.2,"name":"attack_03"},{"time":0.3,"name":"attack_01"},{"time":0.4,"name":"attack_00"},{"time":0.6666,"name":"attack_06"},{"time":0.9666,"name":"attack_05"},{"time":1.1,"name":"idle_00"}]},"dot/EF_1":{"attachment":[{"time":0.2,"name":"dot/EF_1"},{"time":0.2333,"name":null},{"time":0.3,"name":"dot/EF_1"},{"time":0.3333,"name":null},{"time":0.6666,"name":"dot/EF_1"},{"time":0.7,"name":null}]},"weapon/weapon":{"attachment":[{"time":0.2,"name":"weapon/weapon"},{"time":0.3333,"name":null},{"time":0.6666,"name":"weapon/weapon"},{"time":0.8,"name":null}],"color":[{"time":0.2,"color":"ffffffff"},{"time":0.2666,"color":"ffffff00","curve":"stepped"},{"time":0.6666,"color":"ffffffff"},{"time":0.7333,"color":"ffffff00"}]},"weapon/weapon2":{"attachment":[{"time":0.3,"name":"weapon/weapon"},{"time":0.4333,"name":null}],"color":[{"time":0.3,"color":"ffffffff"},{"time":0.3666,"color":"ffffff00"}]}},"bones":{"MAIN":{"translate":[{"time":0,"x":0,"y":0,"curve":"stepped"},{"time":0.4,"x":7.38,"y":0,"curve":"stepped"},{"time":0.6666,"x":-1.75,"y":0,"curve":"stepped"},{"time":0.9666,"x":0.65,"y":0,"curve":"stepped"},{"time":1.1,"x":0,"y":0}]},"weapon_1":{"translate":[{"time":0.2,"x":-169.29,"y":16.27},{"time":0.2666,"x":-306.04,"y":16.27},{"time":0.3333,"x":-621.65,"y":16.26,"curve":"stepped"},{"time":0.6666,"x":-186.74,"y":2},{"time":0.8,"x":-611.9,"y":2}]},"weapon_2":{"translate":[{"time":0.3,"x":-182.78,"y":-10},{"time":0.4333,"x":-660.57,"y":-10}]},"dot_EF_1":{"rotate":[{"time":0.2,"angle":68.25,"curve":"stepped"},{"time":0.3,"angle":114.48,"curve":"stepped"},{"time":0.6666,"angle":110.37}],"translate":[{"time":0.2,"x":-213.9,"y":35.86,"curve":"stepped"},{"time":0.3,"x":-215.37,"y":-5,"curve":"stepped"},{"time":0.6666,"x":-208.58,"y":-2.61}],"scale":[{"time":0.2,"x":0.222,"y":1,"curve":"stepped"},{"time":0.6666,"x":0.222,"y":1}]},"DAMAGEAREA":{"translate":[{"time":0.2333,"x":-540.28,"y":51.33}],"scale":[{"time":0.2333,"x":17.01,"y":1.283}]},"trust_blue_2":{"rotate":[{"time":0.3,"angle":0}]}},"events":[{"time":0,"name":"Event","float":0.01,"string":"kHitStopType_normal"},{"time":0,"name":"Sound3","string":"setHitSound(se_battle_thrustviolently)"},{"time":0.2,"name":"Sound1","string":"cri_se_battle_gun_burst"},{"time":0.2,"name":"Sound2","string":"cri_se_battle_tentacle_swing"},{"time":0.2,"name":"Voice","string":"cri_282_voice_attack_random"},{"time":0.3,"name":"Sound1","string":"cri_se_battle_gun_burst"},{"time":0.3,"name":"Sound2","string":"cri_se_battle_tentacle_swing"},{"time":0.3333,"name":"Hit","string":"resetHitList"},{"time":0.6,"name":"Event","float":0.03,"string":"kHitStopType_normal"},{"time":0.6666,"name":"Sound1","string":"cri_se_battle_gun_burst"},{"time":0.6666,"name":"Sound2","string":"cri_se_battle_tentacle_swing"},{"time":0.6666,"name":"Voice","string":"cri_282_voice_attack_c"},{"time":0.7,"name":"Hit","string":"resetHitList"}]},"back":{"slots":{"MAIN":{"attachment":[{"time":0,"name":"back_00"},{"time":0.1666,"name":"idle_02"},{"time":0.3,"name":"idle_03"},{"time":0.5666,"name":"idle_00"}]}},"bones":{"MAIN":{"translate":[{"time":0,"x":0,"y":0},{"time":0.1,"x":62.5,"y":12},{"time":0.2,"x":125,"y":0,"curve":[0.091,0.7,0.75,1]},{"time":0.5,"x":140,"y":0}]}},"events":[{"time":0,"name":"Sound1","string":"cri_se_battle_jump"},{"time":0.1666,"name":"Sound1","string":"cri_se_battle_landing"}]},"cast":{"slots":{"MAIN":{"attachment":[{"time":0,"name":"idle_00"},{"time":0.1,"name":"attack_02"},{"time":0.5,"name":"attack_06"},{"time":1,"name":"attack_01"}]}},"bones":{"MAIN":{"translate":[{"time":0,"x":0,"y":0}]}},"events":[{"time":0.5,"name":"Voice","string":"cri_282_voice_item"}]},"damage":{"slots":{"MAIN":{"attachment":[{"time":0,"name":"damage_00"}]}}},"front":{"slots":{"MAIN":{"attachment":[{"time":0,"name":"front_00"}]}}},"idle":{"slots":{"MAIN":{"attachment":[{"time":0,"name":"idle_00"},{"time":0.2,"name":"idle_01"},{"time":0.4,"name":"idle_02"},{"time":0.6,"name":"idle_03"},{"time":0.8,"name":"idle_00"}]}}},"idle2":{"slots":{"MAIN":{"attachment":[{"time":0,"name":"idle2_00"}]}}},"in":{"slots":{"MAIN":{"attachment":[{"time":0,"name":null},{"time":0.1333,"name":"skill2_05"},{"time":0.1666,"name":null},{"time":0.2,"name":"skill2_05"},{"time":0.2333,"name":null},{"time":0.2666,"name":"skill2_05"},{"time":0.5666,"name":"skill2_01"},{"time":0.6666,"name":"skill2_00"},{"time":0.7666,"name":"idle_03"},{"time":0.9,"name":"idle_00"},{"time":1,"name":"idle_00"}],"color":[{"time":0.1333,"color":"ffffffab","curve":"stepped"},{"time":0.3333,"color":"ffffffff"}]},"MAIN3":{"attachment":[{"time":0.1666,"name":"skill2_05"},{"time":0.2,"name":null},{"time":0.2333,"name":"skill2_05"},{"time":0.2666,"name":null}],"color":[{"time":0.1333,"color":"ffffffaa"}]}},"bones":{"MAIN":{"translate":[{"time":0.1333,"x":-142.86,"y":0,"curve":"stepped"},{"time":0.2,"x":-64.97,"y":0,"curve":"stepped"},{"time":0.2666,"x":-26.13,"y":0,"curve":"stepped"},{"time":0.3333,"x":0,"y":0,"curve":"stepped"},{"time":0.5666,"x":-13.56,"y":0,"curve":"stepped"},{"time":0.6666,"x":-3.87,"y":0,"curve":"stepped"},{"time":0.7666,"x":0,"y":0}]},"MAIN2":{"translate":[{"time":0.1666,"x":100.56,"y":0,"curve":"stepped"},{"time":0.2333,"x":52.46,"y":0}]}},"events":[{"time":0,"name":"Event","string":"takeSummon"},{"time":0.1333,"name":"Sound1","string":"cri_se_battle_teleport"}]},"skill1":{"slots":{"DAMAGEAREA":{"attachment":[{"time":0.3,"name":"DAMAGEAREA"},{"time":0.3666,"name":null},{"time":0.8666,"name":"DAMAGEAREA"},{"time":1.0666,"name":null}]},"EF/ef_trust_blue_00003":{"attachment":[{"time":0.8666,"name":"EF/ef_trust_blue_00003"},{"time":1.0666,"name":null}]},"EF/ef_trust_blue_3":{"attachment":[{"time":0.8666,"name":"EF/ef_trust_blue_00003"},{"time":1.0666,"name":null}]},"EF/ef_trust_blue_4":{"attachment":[{"time":0.8666,"name":"EF/ef_trust_blue_00003"},{"time":1.0666,"name":null}]},"EF/ef_trust_blue_5":{"attachment":[{"time":0.8666,"name":"EF/ef_trust_blue_00003"},{"time":1.0666,"name":null}]},"EF/ef_trust_blue_6":{"attachment":[{"time":0.8666,"name":"EF/ef_trust_blue_00003"},{"time":1.0666,"name":null}]},"EF/main_dash_blue/ef_dash_blue_00001":{"attachment":[{"time":0.2666,"name":"EF/main_dash_blue/ef_dash_blue_00001"},{"time":0.3,"name":"EF/main_dash_blue/ef_dash_blue_00002"},{"time":0.3333,"name":"EF/main_dash_blue/ef_dash_blue_00003"},{"time":0.3666,"name":"EF/main_dash_blue/ef_dash_blue_00004"},{"time":0.4,"name":"EF/main_dash_blue/ef_dash_blue_00005"},{"time":0.4333,"name":"EF/main_dash_blue/ef_dash_blue_00006"},{"time":0.4666,"name":"EF/main_dash_blue/ef_dash_blue_00007"},{"time":0.5,"name":"EF/main_dash_blue/ef_dash_blue_00008"},{"time":0.5333,"name":"EF/main_dash_blue/ef_dash_blue_00009"},{"time":0.5666,"name":"EF/main_dash_blue/ef_dash_blue_00010"},{"time":0.6,"name":"EF/main_dash_blue/ef_dash_blue_00011"},{"time":0.6333,"name":"EF/main_dash_blue/ef_dash_blue_00012"},{"time":0.6666,"name":"EF/main_dash_blue/ef_dash_blue_00013"},{"time":0.7,"name":"EF/main_dash_blue/ef_dash_blue_00014"},{"time":0.7333,"name":null}]},"EF/main_graund_wave_blue/ef_graund_wave_blue_00002":{"attachment":[{"time":0.2666,"name":"EF/main_graund_wave_blue/ef_graund_wave_blue_00002"},{"time":0.3,"name":"EF/main_graund_wave_blue/ef_graund_wave_blue_00004"},{"time":0.3333,"name":"EF/main_graund_wave_blue/ef_graund_wave_blue_00006"},{"time":0.3666,"name":"EF/main_graund_wave_blue/ef_graund_wave_blue_00008"},{"time":0.4,"name":"EF/main_graund_wave_blue/ef_graund_wave_blue_00009"},{"time":0.4333,"name":"EF/main_graund_wave_blue/ef_graund_wave_blue_00010"},{"time":0.4666,"name":"EF/main_graund_wave_blue/ef_graund_wave_blue_00011"},{"time":0.5,"name":"EF/main_graund_wave_blue/ef_graund_wave_blue_00012"},{"time":0.5333,"name":"EF/main_graund_wave_blue/ef_graund_wave_blue_00013"},{"time":0.5666,"name":null},{"time":0.6666,"name":"EF/main_graund_wave_blue/ef_graund_wave_blue_00002"},{"time":0.7,"name":"EF/main_graund_wave_blue/ef_graund_wave_blue_00004"},{"time":0.7333,"name":"EF/main_graund_wave_blue/ef_graund_wave_blue_00006"},{"time":0.7666,"name":"EF/main_graund_wave_blue/ef_graund_wave_blue_00008"},{"time":0.8,"name":"EF/main_graund_wave_blue/ef_graund_wave_blue_00009"},{"time":0.8333,"name":"EF/main_graund_wave_blue/ef_graund_wave_blue_00010"},{"time":0.8666,"name":"EF/main_graund_wave_blue/ef_graund_wave_blue_00011"},{"time":0.9,"name":"EF/main_graund_wave_blue/ef_graund_wave_blue_00012"},{"time":0.9333,"name":"EF/main_graund_wave_blue/ef_graund_wave_blue_00013"},{"time":0.9666,"name":null}]},"EF/slash/ef_slash_move_main_1":{"attachment":[{"time":0.2666,"name":"EF/slash/ef_slash_move_main_00001"},{"time":0.3,"name":"EF/slash/ef_slash_move_main_00002"},{"time":0.3333,"name":"EF/slash/ef_slash_move_main_00003"},{"time":0.3666,"name":"EF/slash/ef_slash_move_main_00004"},{"time":0.4,"name":"EF/slash/ef_slash_move_main_00005"},{"time":0.4333,"name":"EF/slash/ef_slash_move_main_00006"},{"time":0.4666,"name":"EF/slash/ef_slash_move_main_00007"},{"time":0.5,"name":"EF/slash/ef_slash_move_main_00008"},{"time":0.5333,"name":null}]},"MAIN":{"attachment":[{"time":0,"name":"skill1_00"},{"time":0.0666,"name":"skill1_01"},{"time":0.2666,"name":"skill1_02"},{"time":0.3,"name":"skill1_03"},{"time":0.3333,"name":"skill1_04"},{"time":0.3666,"name":"skill1_05"},{"time":0.4333,"name":"skill1_06"},{"time":0.6,"name":"skill1_07"},{"time":0.6666,"name":"skill1_08"},{"time":0.7,"name":"skill1_09"},{"time":0.7333,"name":"skill1_10"},{"time":0.7666,"name":"skill1_11"},{"time":0.8,"name":"skill1_12"},{"time":0.8333,"name":"skill1_13"},{"time":0.8666,"name":"skill1_14"},{"time":0.9,"name":"skill1_15"},{"time":0.9333,"name":"skill1_14"},{"time":1,"name":"skill1_15"},{"time":1.0333,"name":"skill1_16"},{"time":1.2333,"name":"skill1_17"},{"time":1.3,"name":"skill1_18"},{"time":1.4666,"name":"skill1_19"},{"time":1.5333,"name":"idle_00"}]},"weapon/weapon":{"attachment":[{"time":0.8666,"name":"weapon/weapon"},{"time":1.0333,"name":null}]},"weapon/weapon2":{"attachment":[{"time":0.8666,"name":"weapon/weapon"},{"time":1.0333,"name":null}]},"weapon/weapon3":{"attachment":[{"time":0.8666,"name":"weapon/weapon"},{"time":1.0333,"name":null}]},"weapon/weapon4":{"attachment":[{"time":0.8666,"name":"weapon/weapon"},{"time":1.0333,"name":null}]},"weapon/weapon5":{"attachment":[{"time":0.8666,"name":"weapon/weapon"},{"time":1.0333,"name":null}]}},"bones":{"MAIN":{"translate":[{"time":0,"x":0,"y":0,"curve":"stepped"},{"time":0.0666,"x":10.74,"y":0,"curve":"stepped"},{"time":0.2333,"x":-1.19,"y":0,"curve":"stepped"},{"time":0.2666,"x":-2.86,"y":0,"curve":[0.771,0,0.616,1]},{"time":0.3,"x":-299.93,"y":0,"curve":[0.079,0.78,0.75,1]},{"time":0.4333,"x":-357.58,"y":0,"curve":"stepped"},{"time":0.6,"x":-365.2,"y":-3.9},{"time":0.6333,"x":-365.21,"y":-8.79,"curve":"stepped"},{"time":0.6666,"x":-317.76,"y":70.34,"curve":[0.082,0.41,1,1]},{"time":0.8666,"x":-0.97,"y":289.19},{"time":0.9333,"x":44.94,"y":300.91,"curve":[0.427,0,1,1]},{"time":1.2333,"x":100,"y":0}]},"weapon_root":{"rotate":[{"time":0.8666,"angle":36.11}],"translate":[{"time":0.8666,"x":-83.71,"y":353.11}]},"weapon_1":{"rotate":[{"time":0.8666,"angle":350}],"translate":[{"time":0.8666,"x":-94.9,"y":-41.21},{"time":1.1,"x":-1319.16,"y":174.44}]},"weapon_2":{"rotate":[{"time":0.8666,"angle":355}],"translate":[{"time":0.8666,"x":-95,"y":-45.59},{"time":1.1,"x":-1333.4,"y":62.54}]},"weapon_3":{"translate":[{"time":0.8666,"x":-94.42,"y":-50.05},{"time":1.1,"x":-1337.53,"y":-50.25}]},"weapon_4":{"rotate":[{"time":0.8666,"angle":5}],"translate":[{"time":0.8666,"x":-94.22,"y":-54.31},{"time":1.1,"x":-1332.58,"y":-162.85}]},"weapon_5":{"rotate":[{"time":0.8666,"angle":10}],"translate":[{"time":0.8666,"x":-94.93,"y":-58.84},{"time":1.1,"x":-1319.12,"y":-274.9}]},"dash":{"translate":[{"time":0.2666,"x":-140.14,"y":0}],"scale":[{"time":0.2666,"x":2.124,"y":2.124}]},"EF_wave1_1":{"translate":[{"time":0.2666,"x":-63.45,"y":-5.95,"curve":"stepped"},{"time":0.6666,"x":-424.04,"y":0}],"scale":[{"time":0.2666,"x":3.499,"y":3.499}]},"slash":{"translate":[{"time":0.2666,"x":-437.1,"y":-39.71}],"scale":[{"time":0.2666,"x":3.512,"y":2.478}]},"DAMAGEAREA":{"translate":[{"time":0.3,"x":-241.12,"y":69.26,"curve":"stepped"},{"time":0.8666,"x":-72,"y":283.73},{"time":1.0666,"x":-841.37,"y":-315.75}],"scale":[{"time":0.3,"x":8.036,"y":2.835,"curve":"stepped"},{"time":0.8666,"x":3.059,"y":2.244},{"time":1.0666,"x":10.807,"y":6.579}]},"trust_blue_1":{"scale":[{"time":0.8333,"x":1.012,"y":1.387}]},"trust_blue_2":{"scale":[{"time":0.8333,"x":1.012,"y":1.387}]},"trust_blue_3":{"scale":[{"time":0.8333,"x":1.012,"y":1.387}]},"trust_blue_4":{"scale":[{"time":0.8333,"x":1.012,"y":1.387}]},"trust_blue_5":{"scale":[{"time":0.8333,"x":1.012,"y":1.387}]}},"drawOrder":[{"time":0.3333,"offsets":[{"slot":"EF/slash/ef_slash_move_main_1","offset":-21}]}],"events":[{"time":0.2333,"name":"Sound1","string":"cri_se_battle_skill_swish"},{"time":0.2333,"name":"Sound3","string":"setHitSound(se_battle_sword_heavy_hit)"},{"time":0.2333,"name":"Voice","string":"cri_282_voice_skill_all"},{"time":0.3,"name":"Event","float":0.05,"string":"kHitStopType_normal"},{"time":0.6666,"name":"Event","string":"movePosition_Target(0.15,120,0)"},{"time":0.6666,"name":"Sound1","string":"cri_se_battle_jump"},{"time":0.8666,"name":"Hit","string":"resetHitList"},{"time":0.8666,"name":"Sound1","string":"cri_se_battle_skill_shot"},{"time":0.8666,"name":"Sound2","string":"cri_se_battle_gun_burst"},{"time":0.8666,"name":"Sound3","string":"setHitSound(se_battle_thrustviolently)"},{"time":1.2333,"name":"Sound1","string":"cri_se_battle_landing"}]},"skill2":{"slots":{"DAMAGEAREA":{"attachment":[{"time":1.3666,"name":"DAMAGEAREA"},{"time":1.4333,"name":null}]},"EF/main_rot_wave_blue/ef_rot_wave_blue_00001":{"attachment":[{"time":0.0666,"name":"EF/main_rot_wave_blue/ef_rot_wave_blue_00001"},{"time":0.1,"name":"EF/main_rot_wave_blue/ef_rot_wave_blue_00002"},{"time":0.1333,"name":"EF/main_rot_wave_blue/ef_rot_wave_blue_00003"},{"time":0.1666,"name":"EF/main_rot_wave_blue/ef_rot_wave_blue_00004"},{"time":0.2,"name":"EF/main_rot_wave_blue/ef_rot_wave_blue_00005"},{"time":0.2333,"name":"EF/main_rot_wave_blue/ef_rot_wave_blue_00006"},{"time":0.2666,"name":"EF/main_rot_wave_blue/ef_rot_wave_blue_00007"},{"time":0.3,"name":"EF/main_rot_wave_blue/ef_rot_wave_blue_00008"},{"time":0.3333,"name":"EF/main_rot_wave_blue/ef_rot_wave_blue_00009"},{"time":0.3666,"name":"EF/main_rot_wave_blue/ef_rot_wave_blue_00010"},{"time":0.4,"name":"EF/main_rot_wave_blue/ef_rot_wave_blue_00011"},{"time":0.4333,"name":"EF/main_rot_wave_blue/ef_rot_wave_blue_00012"},{"time":0.4666,"name":"EF/main_rot_wave_blue/ef_rot_wave_blue_00013"},{"time":0.5,"name":null}]},"MAIN":{"attachment":[{"time":0,"name":"skill2_00"},{"time":0.1,"name":"skill2_01"},{"time":0.2,"name":"skill2_02"},{"time":0.4666,"name":"skill2_03"},{"time":0.5666,"name":"skill2_03"},{"time":1.3666,"name":"skill2_06"},{"time":1.4,"name":"skill2_07"},{"time":1.5,"name":"skill2_08"},{"time":1.5666,"name":"skill2_09"},{"time":1.6333,"name":"skill2_10"},{"time":1.9666,"name":"skill2_11"},{"time":2.0666,"name":"idle_00"},{"time":2.1666,"name":"idle_00"}],"color":[{"time":0.5666,"color":"ffffff00","curve":"stepped"},{"time":1.2333,"color":"ffffff00","curve":"stepped"},{"time":1.3666,"color":"ffffffff"}]},"MAIN3":{"attachment":[{"time":0.6,"name":"skill2_03"},{"time":0.6333,"name":null},{"time":0.6666,"name":"skill2_03"},{"time":0.7,"name":null},{"time":0.7333,"name":"skill2_03"},{"time":0.7666,"name":null}],"color":[{"time":0.6,"color":"ffffffa8"}]},"MAIN4":{"attachment":[{"time":0.5666,"name":"skill2_03"},{"time":0.6,"name":null},{"time":0.6333,"name":"skill2_03"},{"time":0.6666,"name":null},{"time":0.7,"name":"skill2_03"},{"time":0.7333,"name":null},{"time":0.7666,"name":"skill2_03"},{"time":0.8,"name":null}],"color":[{"time":0.5666,"color":"ffffffab"}]}},"bones":{"MAIN":{"translate":[{"time":0,"x":0,"y":0,"curve":"stepped"},{"time":0.1,"x":-14.34,"y":0,"curve":"stepped"},{"time":0.5666,"x":-1189.42,"y":0,"curve":"stepped"},{"time":1.3666,"x":-78.21,"y":0,"curve":[0.147,0.8,0.75,1]},{"time":1.6,"x":119.41,"y":0,"curve":[0.123,0.32,0.75,1]},{"time":1.8666,"x":143.04,"y":0,"curve":"stepped"},{"time":1.9666,"x":173.31,"y":0}]},"MAIN2":{"translate":[{"time":0.6,"x":4.98,"y":0,"curve":"stepped"},{"time":0.6666,"x":63.74,"y":0,"curve":"stepped"},{"time":0.7333,"x":115.99,"y":0}]},"DAMAGEAREA":{"translate":[{"time":1.3666,"x":-172.75,"y":71.72}],"scale":[{"time":1.3666,"x":26.058,"y":3.475}]},"MAIN3":{"translate":[{"time":0.5666,"x":-92.68,"y":0,"curve":"stepped"},{"time":0.6333,"x":-115.95,"y":0,"curve":"stepped"},{"time":0.7,"x":-180.6,"y":0,"curve":"stepped"},{"time":0.7666,"x":-261.5,"y":0}]},"rot_wave":{"translate":[{"time":0.0666,"x":-218.61,"y":-52.44}],"scale":[{"time":0.0666,"x":1.82,"y":1.82}]}},"events":[{"time":0,"name":"Sound1","string":"cri_se_battle_charge"},{"time":0,"name":"Voice","string":"cri_282_voice_fullarts_now"},{"time":0.4666,"name":"Sound1","string":"cri_se_battle_magic_Invocation_dark"},{"time":0.5666,"name":"Event","string":"ignoreBorder_true"},{"time":1,"name":"Event","int":300,"string":"setPosition_Target"},{"time":1.3333,"name":"Event","float":0.2,"string":"kHitStopType_normal"},{"time":1.3333,"name":"Sound1","string":"cri_se_battle_arrow_light_effect"},{"time":1.3333,"name":"Sound2","string":"cri_se_battle_sword_srash"},{"time":1.3333,"name":"Voice","string":"cri_282_voice_fullarts_rank5_a"},{"time":1.3666,"name":"Event","float":1,"string":"shakeGround"}]},"skill3":{"slots":{"EF/eye_shine/ef_shine_main_00001":{"attachment":[{"time":0.3,"name":"EF/eye_shine/ef_shine_main_00001"},{"time":0.3333,"name":"EF/eye_shine/ef_shine_main_00002"},{"time":0.3666,"name":"EF/eye_shine/ef_shine_main_00008"},{"time":0.4,"name":"EF/eye_shine/ef_shine_main_00009"},{"time":0.4333,"name":"EF/eye_shine/ef_shine_main_00010"},{"time":0.8333,"name":null}],"color":[{"time":0.3666,"color":"ffffffff"},{"time":0.8333,"color":"ffffff00"}]},"EF/main_graund_wave_blue/ef_graund_wave_blue_00002":{"attachment":[{"time":0.2666,"name":"EF/main_graund_wave_blue/ef_graund_wave_blue_00002"},{"time":0.3,"name":"EF/main_graund_wave_blue/ef_graund_wave_blue_00003"},{"time":0.3333,"name":"EF/main_graund_wave_blue/ef_graund_wave_blue_00004"},{"time":0.3666,"name":"EF/main_graund_wave_blue/ef_graund_wave_blue_00005"},{"time":0.4,"name":"EF/main_graund_wave_blue/ef_graund_wave_blue_00006"},{"time":0.4333,"name":"EF/main_graund_wave_blue/ef_graund_wave_blue_00007"},{"time":0.4666,"name":"EF/main_graund_wave_blue/ef_graund_wave_blue_00008"},{"time":0.5,"name":"EF/main_graund_wave_blue/ef_graund_wave_blue_00009"},{"time":0.5333,"name":"EF/main_graund_wave_blue/ef_graund_wave_blue_00010"},{"time":0.5666,"name":"EF/main_graund_wave_blue/ef_graund_wave_blue_00011"},{"time":0.6,"name":"EF/main_graund_wave_blue/ef_graund_wave_blue_00012"},{"time":0.6333,"name":"EF/main_graund_wave_blue/ef_graund_wave_blue_00013"},{"time":0.6666,"name":null}]},"EF/sphire":{"attachment":[{"time":0.2666,"name":"EF/sphire"}],"color":[{"time":0.2333,"color":"ffffff00"},{"time":0.3,"color":"ffffffff"},{"time":0.4,"color":"ffffff00"}]},"MAIN":{"attachment":[{"time":0,"name":"idle_00"},{"time":0.0666,"name":"skill3_2_00"},{"time":0.1333,"name":"skill3_2_01"},{"time":0.2666,"name":"skill3_2_02"},{"time":0.3333,"name":"skill3_2_03"},{"time":0.4,"name":"skill3_2_02"},{"time":0.5,"name":"skill3_2_03"},{"time":0.6333,"name":"skill3_2_02"},{"time":0.7666,"name":"skill3_2_03"},{"time":0.9333,"name":"skill3_1_07"},{"time":1,"name":"idle_00"}],"color":[{"time":0.1,"color":"ffffffff"},{"time":0.2333,"color":"989898ff"},{"time":0.2666,"color":"000000ff","curve":"stepped"},{"time":0.5,"color":"000000ff"},{"time":1,"color":"ffffffff"}]}},"bones":{"MAIN":{"translate":[{"time":0.2666,"x":0,"y":-4.65},{"time":0.3,"x":0,"y":0,"curve":"stepped"},{"time":1,"x":0,"y":0}]},"EF_wave1_1":{"translate":[{"time":0,"x":-50,"y":0}],"scale":[{"time":0.2666,"x":3.5,"y":3.5,"curve":[0.108,0.79,0.242,0.88]},{"time":0.6333,"x":4.5,"y":4.5}]},"EF_eye":{"translate":[{"time":0.2666,"x":-150.12,"y":-9.08}],"scale":[{"time":0.2666,"x":0.625,"y":0.625,"curve":[0.13,0.66,0.75,1]},{"time":0.3666,"x":1.25,"y":1.25}]},"EF_eye_shine":{"translate":[{"time":0.3,"x":-100.13,"y":-8.38}],"scale":[{"time":0.3,"x":2,"y":2}]}},"events":[{"time":0.2666,"name":"Sound1","string":"cri_se_scenario_no2_magic"},{"time":0.2666,"name":"Sound2","string":"cri_se_battle_magic_Invocation_dark"},{"time":0.3,"name":"Event","string":"runScript_md2Start"},{"time":0.3,"name":"Event2","float":1,"string":"shakeGround"},{"time":1.3333,"name":"Voice"}]},"skill3b":{"slots":{"DAMAGEAREA":{"attachment":[{"time":0.3333,"name":"DAMAGEAREA"},{"time":3.2,"name":null},{"time":4.0666,"name":"DAMAGEAREA"},{"time":4.1333,"name":null}]},"EF/main_dash_blue/ef_dash_blue_00001":{"attachment":[{"time":0.3333,"name":"EF/main_dash_blue/ef_dash_blue_00001"},{"time":0.3666,"name":"EF/main_dash_blue/ef_dash_blue_00003"},{"time":0.4,"name":"EF/main_dash_blue/ef_dash_blue_00005"},{"time":0.4333,"name":"EF/main_dash_blue/ef_dash_blue_00007"},{"time":0.5,"name":"EF/main_dash_blue/ef_dash_blue_00009"},{"time":0.5666,"name":"EF/main_dash_blue/ef_dash_blue_00011"},{"time":0.6333,"name":"EF/main_dash_blue/ef_dash_blue_00013"},{"time":0.7,"name":null}]},"EF/main_graund_wave_blue/ef_graund_wave_blue_00002":{"attachment":[{"time":0.3333,"name":"EF/main_graund_wave_blue/ef_graund_wave_blue_00002"},{"time":0.3666,"name":"EF/main_graund_wave_blue/ef_graund_wave_blue_00004"},{"time":0.4,"name":"EF/main_graund_wave_blue/ef_graund_wave_blue_00006"},{"time":0.4333,"name":"EF/main_graund_wave_blue/ef_graund_wave_blue_00008"},{"time":0.4666,"name":"EF/main_graund_wave_blue/ef_graund_wave_blue_00009"},{"time":0.5,"name":"EF/main_graund_wave_blue/ef_graund_wave_blue_00010"},{"time":0.5333,"name":"EF/main_graund_wave_blue/ef_graund_wave_blue_00011"},{"time":0.5666,"name":"EF/main_graund_wave_blue/ef_graund_wave_blue_00012"},{"time":0.6,"name":"EF/main_graund_wave_blue/ef_graund_wave_blue_00013"},{"time":0.6333,"name":null}]},"MAIN":{"attachment":[{"time":0,"name":"skill3_1_01"},{"time":0.2666,"name":"skill1_01"},{"time":0.3,"name":"skill3_1_03"},{"time":3.5666,"name":"skill2_01"},{"time":3.6666,"name":"skill3_2_01"},{"time":4.0666,"name":"skill2_05"},{"time":4.8,"name":"skill1_00"},{"time":4.8666,"name":"attack_05"},{"time":4.9666,"name":"idle_03"},{"time":5.0666,"name":"idle_00"}],"color":[{"time":0.3666,"color":"ffffffff"},{"time":0.4666,"color":"ffffff00","curve":"stepped"},{"time":3.3,"color":"ffffff00"},{"time":3.4,"color":"ffffffff"}]}},"bones":{"MAIN":{"rotate":[{"time":0.4,"angle":0,"curve":"stepped"},{"time":1.0333,"angle":-22.92,"curve":"stepped"},{"time":1.4666,"angle":26.29,"curve":"stepped"},{"time":1.8,"angle":-7.31,"curve":"stepped"},{"time":2.0666,"angle":55.62,"curve":"stepped"},{"time":2.2666,"angle":-49.3,"curve":"stepped"},{"time":2.4,"angle":-35.94,"curve":"stepped"},{"time":2.5333,"angle":29.35,"curve":"stepped"},{"time":2.6666,"angle":-63.95,"curve":"stepped"},{"time":2.8,"angle":7.12,"curve":"stepped"},{"time":2.8666,"angle":86.47,"curve":"stepped"},{"time":2.9333,"angle":-6.2,"curve":"stepped"},{"time":3,"angle":-103.91,"curve":"stepped"},{"time":3.0666,"angle":-26.83,"curve":"stepped"},{"time":3.1333,"angle":-65.51,"curve":"stepped"},{"time":3.3,"angle":0}],"translate":[{"time":0.2333,"x":0,"y":0,"curve":[0.15,0.76,0.75,1]},{"time":0.3,"x":21.32,"y":0,"curve":[0.323,0.57,0.281,0.97]},{"time":0.4666,"x":-1137.06,"y":0,"curve":"stepped"},{"time":1.0333,"x":-974.56,"y":342.8},{"time":1.1333,"x":826.83,"y":-426.45,"curve":"stepped"},{"time":1.4666,"x":826.83,"y":575.39},{"time":1.5666,"x":-908.13,"y":-328.47,"curve":"stepped"},{"time":1.8,"x":-908.13,"y":262.73},{"time":1.9,"x":706.08,"y":66.75,"curve":"stepped"},{"time":2.0666,"x":352.87,"y":1030.37},{"time":2.1666,"x":-922.11,"y":-748.31,"curve":"stepped"},{"time":2.2666,"x":-778.92,"y":689.79},{"time":2.3666,"x":368.85,"y":-643.98,"curve":"stepped"},{"time":2.4,"x":709.98,"y":-350.41},{"time":2.5,"x":-613.43,"y":546,"curve":"stepped"},{"time":2.5333,"x":-1029.48,"y":-98.03},{"time":2.6333,"x":631.96,"y":822.88,"curve":"stepped"},{"time":2.6666,"x":-329.38,"y":896.83},{"time":2.7666,"x":314.41,"y":-447.95,"curve":"stepped"},{"time":2.8,"x":836.5,"y":298.64},{"time":2.8333,"x":-1064.47,"y":104.28,"curve":"stepped"},{"time":2.8666,"x":-0.19,"y":891.63},{"time":2.9,"x":-89.78,"y":-446.85,"curve":"stepped"},{"time":2.9333,"x":-798.4,"y":508.82},{"time":2.9666,"x":781.72,"y":294.33,"curve":"stepped"},{"time":3,"x":-35.48,"y":992.09},{"time":3.0333,"x":-366.71,"y":-550.02,"curve":"stepped"},{"time":3.0666,"x":1045.08,"y":-335.54},{"time":3.1,"x":-632.78,"y":742.31,"curve":"stepped"},{"time":3.1333,"x":-757.67,"y":783.03},{"time":3.1666,"x":-168.52,"y":-609.75,"curve":"stepped"},{"time":3.3,"x":-296.76,"y":0},{"time":3.4,"x":-51.12,"y":0,"curve":[0.148,0.85,0.442,1]},{"time":3.6333,"x":-20.61,"y":0,"curve":"stepped"},{"time":3.6666,"x":16.68,"y":0,"curve":"stepped"},{"time":4.0666,"x":16.69,"y":-4.7},{"time":4.1333,"x":16.69,"y":0,"curve":"stepped"},{"time":4.8,"x":21.32,"y":-7.67,"curve":"stepped"},{"time":4.8666,"x":62.71,"y":0,"curve":"stepped"},{"time":4.9666,"x":75.88,"y":0}],"scale":[{"time":1.4666,"x":-1,"y":1,"curve":"stepped"},{"time":1.8,"x":1,"y":1,"curve":"stepped"},{"time":2.0666,"x":-1,"y":1,"curve":"stepped"},{"time":2.2666,"x":1,"y":1,"curve":"stepped"},{"time":2.4,"x":-1,"y":1,"curve":"stepped"},{"time":2.5333,"x":1,"y":1,"curve":"stepped"},{"time":2.8,"x":-1,"y":1,"curve":"stepped"},{"time":2.9333,"x":1,"y":1,"curve":"stepped"},{"time":3.0666,"x":-1,"y":1,"curve":"stepped"},{"time":3.1333,"x":1,"y":1,"curve":"stepped"},{"time":3.3,"x":-1,"y":1,"curve":"stepped"},{"time":4.8,"x":1,"y":1}]},"weapon_2":{"translate":[{"time":4.2666,"x":0,"y":-4.7}]},"dash":{"translate":[{"time":0.3333,"x":-141.59,"y":0.85}],"scale":[{"time":0.3333,"x":1.097,"y":1.097},{"time":0.3666,"x":2.229,"y":2.229}]},"EF_wave1_1":{"translate":[{"time":0.3333,"x":-91.13,"y":-8.52}],"scale":[{"time":0.3333,"x":4.277,"y":4.277}]},"DAMAGEAREA":{"scale":[{"time":0.3333,"x":46.42,"y":46.42}]}},"events":[{"time":0,"name":"Sound3","string":"setHitSound(se_battle_swordslash_heavy)"},{"time":0,"name":"Voice","string":"cri_282_voice_fullarts_now_b"},{"time":0.3,"name":"Event","string":"blackOutBack(0,4.5,1)"},{"time":0.3,"name":"Sound1","string":"cri_se_battle_skill_shot"},{"time":0.3,"name":"Sound2","string":"cri_se_battle_arrow_light_effect"},{"time":0.3333,"name":"Event","string":"ignoreBorder_true"},{"time":0.6666,"name":"Event","float":0.05,"string":"kHitStopType_normal"},{"time":0.9666,"name":"Event","string":"setPosition_Center"},{"time":1,"name":"Event","float":0.03,"string":"kHitStopType_normal"},{"time":1.0666,"name":"Hit","string":"resetHitList"},{"time":1.0666,"name":"Sound1","string":"cri_se_battle_sword_srash"},{"time":1.4666,"name":"Event","float":0.01,"string":"kHitStopType_normal"},{"time":1.4666,"name":"Hit","string":"resetHitList"},{"time":1.4666,"name":"Sound1","string":"cri_se_battle_sword_srash"},{"time":1.8,"name":"Hit","string":"resetHitList"},{"time":1.8,"name":"Sound1","string":"cri_se_battle_sword_srash"},{"time":2.0666,"name":"Hit","string":"resetHitList"},{"time":2.0666,"name":"Sound1","string":"cri_se_battle_sword_srash"},{"time":2.2666,"name":"Hit","string":"resetHitList"},{"time":2.2666,"name":"Sound1","string":"cri_se_battle_sword_srash"},{"time":2.4,"name":"Hit","string":"resetHitList"},{"time":2.4,"name":"Sound1","string":"cri_se_battle_sword_srash"},{"time":2.5333,"name":"Hit","string":"resetHitList"},{"time":2.5333,"name":"Sound1","string":"cri_se_battle_sword_srash"},{"time":2.6666,"name":"Hit","string":"resetHitList"},{"time":2.6666,"name":"Sound1","string":"cri_se_battle_sword_srash"},{"time":2.7666,"name":"Hit","string":"resetHitList"},{"time":2.8,"name":"Sound1","string":"cri_se_battle_sword_srash"},{"time":2.8333,"name":"Hit","string":"resetHitList"},{"time":2.8666,"name":"Hit","string":"resetHitList"},{"time":2.9,"name":"Sound1","string":"cri_se_battle_sword_srash"},{"time":2.9333,"name":"Hit","string":"resetHitList"},{"time":2.9666,"name":"Hit","string":"resetHitList"},{"time":3,"name":"Hit","string":"resetHitList"},{"time":3,"name":"Sound1","string":"cri_se_battle_sword_srash"},{"time":3.0333,"name":"Hit","string":"resetHitList"},{"time":3.0666,"name":"Hit","string":"resetHitList"},{"time":3.1,"name":"Hit","string":"resetHitList"},{"time":3.1,"name":"Sound1","string":"cri_se_battle_sword_srash"},{"time":3.1333,"name":"Hit","string":"resetHitList"},{"time":3.1666,"name":"Hit","string":"resetHitList"},{"time":3.7333,"name":"Voice","string":"cri_282_voice_fullarts_rank6"},{"time":4,"name":"Event","float":0.15,"string":"kHitStopType_normal"},{"time":4.0333,"name":"Event","string":"whiteOut(0, 0.1 ,0.5)"},{"time":4.0333,"name":"Sound1","string":"cri_se_battle_sword_srash_02"},{"time":4.0666,"name":"Event","float":1,"string":"shakeGround"},{"time":4.0666,"name":"Hit","string":"resetHitList"}]}}}