{"skeleton":{"hash":"u7/nIOOz8P0ZYfCp/Wg+5G4OTa8","spine":"3.0.12","width":0,"height":0,"images":"./images4/"},"bones":[{"name":"root"},{"name":"MAIN","parent":"root","y":43.55},{"name":"sdie_r_wing","parent":"MAIN","y":-45},{"name":"bone8","parent":"sdie_r_wing","x":14.55,"y":24.33},{"name":"side_L_wing","parent":"MAIN","y":-45},{"name":"bone7","parent":"side_L_wing","x":14.05,"y":14.05},{"name":"bone6","parent":"side_L_wing","x":11.71,"y":-17.95}],"slots":[{"name":"side_L_wing_3","bone":"bone7"},{"name":"side_L_wing_1","bone":"bone6"},{"name":"side_R_wing_3","bone":"bone8"},{"name":"MAIN","bone":"MAIN","attachment":"skeleton-idle_2"}],"skins":{"default":{"MAIN":{"skeleton-idle_0":{"x":-48.9,"y":12.96,"width":400,"height":400},"skeleton-idle_1":{"x":-48.9,"y":12.96,"width":400,"height":400},"skeleton-idle_2":{"x":-48.9,"y":12.96,"width":400,"height":400},"skeleton-idle_3":{"x":-48.9,"y":12.96,"width":400,"height":400},"skeleton-idle_4":{"x":-48.9,"y":12.96,"width":400,"height":400}}}},"events":{"Event":{},"Event2":{},"Hit":{},"Sound1":{},"Sound2":{},"Sound3":{},"Voice":{}},"animations":{"idle":{"slots":{"MAIN":{"attachment":[{"time":0,"name":"skeleton-idle_0"},{"time":0.1666,"name":"skeleton-idle_1"},{"time":0.3333,"name":"skeleton-idle_2"},{"time":0.5,"name":"skeleton-idle_3"},{"time":0.6666,"name":"skeleton-idle_4"},{"time":0.8333,"name":"skeleton-idle_0"}]},"side_L_wing_1":{"attachment":[{"time":0.3333,"name":null}]},"side_L_wing_3":{"attachment":[{"time":0.3333,"name":null}]},"side_R_wing_3":{"attachment":[{"time":0.3333,"name":null}]}}}}}