{"skeleton":{"hash":"xyOwECv3fxuI8LMCWv+JAKKvV28","spine":"3.0.12","width":664,"height":814},"bones":[{"name":"MAIN"}],"slots":[{"name":"14","bone":"MAIN","attachment":"14"},{"name":"13","bone":"MAIN","attachment":"13"},{"name":"12","bone":"MAIN","attachment":"12"},{"name":"11","bone":"MAIN","attachment":"11"},{"name":"10","bone":"MAIN","attachment":"10"},{"name":"09","bone":"MAIN","attachment":"09"},{"name":"08","bone":"MAIN","attachment":"08"},{"name":"07","bone":"MAIN","attachment":"07"},{"name":"06","bone":"MAIN","attachment":"06"},{"name":"05","bone":"MAIN","attachment":"05"},{"name":"04","bone":"MAIN","attachment":"04"},{"name":"03","bone":"MAIN","attachment":"03"},{"name":"face_100","bone":"MAIN","attachment":"face_100"},{"name":"02","bone":"MAIN","attachment":"02"},{"name":"01","bone":"MAIN","attachment":"01"}],"skins":{"default":{"01":{"01":{"x":-19,"y":746.5,"width":52,"height":85}},"02":{"02":{"x":42,"y":759,"width":70,"height":110}},"03":{"03":{"x":83.5,"y":670,"width":25,"height":60}},"04":{"04":{"x":-66.5,"y":582.5,"width":19,"height":13}},"05":{"05":{"x":116,"y":608,"width":90,"height":64}},"06":{"06":{"x":39,"y":416,"width":320,"height":320}},"07":{"07":{"x":-174,"y":373.5,"width":106,"height":107}},"08":{"08":{"x":218.5,"y":352.5,"width":39,"height":183}},"09":{"09":{"x":-135,"y":288,"width":28,"height":64}},"10":{"10":{"x":-151.5,"y":128,"width":61,"height":256}},"11":{"11":{"x":-57,"y":128,"width":128,"height":256}},"12":{"12":{"x":71,"y":128,"width":128,"height":256}},"13":{"13":{"x":199,"y":128,"width":128,"height":256}},"14":{"14":{"x":350,"y":126,"width":174,"height":140}},"face_100":{"face_100":{"x":7,"y":640,"width":128,"height":128},"face_110":{"x":7,"y":640,"width":128,"height":128},"face_120":{"x":7,"y":640,"width":128,"height":128},"face_130":{"x":7,"y":640,"width":128,"height":128},"face_140":{"x":7,"y":640,"width":128,"height":128},"face_150":{"x":7,"y":640,"width":128,"height":128},"face_160":{"x":7,"y":640,"width":128,"height":128},"face_170":{"x":7,"y":640,"width":128,"height":128},"face_180":{"x":7,"y":640,"width":128,"height":128}}}},"animations":{"100":{"slots":{"01":{"attachment":[{"time":0,"name":"01"}]},"02":{"attachment":[{"time":0,"name":"02"}]},"03":{"attachment":[{"time":0,"name":"03"}]},"04":{"attachment":[{"time":0,"name":"04"}]},"05":{"attachment":[{"time":0,"name":"05"}]},"06":{"attachment":[{"time":0,"name":"06"}]},"07":{"attachment":[{"time":0,"name":"07"}]},"08":{"attachment":[{"time":0,"name":"08"}]},"09":{"attachment":[{"time":0,"name":"09"}]},"10":{"attachment":[{"time":0,"name":"10"}]},"11":{"attachment":[{"time":0,"name":"11"}]},"12":{"attachment":[{"time":0,"name":"12"}]},"13":{"attachment":[{"time":0,"name":"13"}]},"14":{"attachment":[{"time":0,"name":"14"}]},"face_100":{"attachment":[{"time":0,"name":"face_100"}]}}},"110":{"slots":{"01":{"attachment":[{"time":0,"name":"01"}]},"02":{"attachment":[{"time":0,"name":"02"}]},"03":{"attachment":[{"time":0,"name":"03"}]},"04":{"attachment":[{"time":0,"name":"04"}]},"05":{"attachment":[{"time":0,"name":"05"}]},"06":{"attachment":[{"time":0,"name":"06"}]},"07":{"attachment":[{"time":0,"name":"07"}]},"08":{"attachment":[{"time":0,"name":"08"}]},"09":{"attachment":[{"time":0,"name":"09"}]},"10":{"attachment":[{"time":0,"name":"10"}]},"11":{"attachment":[{"time":0,"name":"11"}]},"12":{"attachment":[{"time":0,"name":"12"}]},"13":{"attachment":[{"time":0,"name":"13"}]},"14":{"attachment":[{"time":0,"name":"14"}]},"face_100":{"attachment":[{"time":0,"name":"face_110"}]}}},"120":{"slots":{"01":{"attachment":[{"time":0,"name":"01"}]},"02":{"attachment":[{"time":0,"name":"02"}]},"03":{"attachment":[{"time":0,"name":"03"}]},"04":{"attachment":[{"time":0,"name":"04"}]},"05":{"attachment":[{"time":0,"name":"05"}]},"06":{"attachment":[{"time":0,"name":"06"}]},"07":{"attachment":[{"time":0,"name":"07"}]},"08":{"attachment":[{"time":0,"name":"08"}]},"09":{"attachment":[{"time":0,"name":"09"}]},"10":{"attachment":[{"time":0,"name":"10"}]},"11":{"attachment":[{"time":0,"name":"11"}]},"12":{"attachment":[{"time":0,"name":"12"}]},"13":{"attachment":[{"time":0,"name":"13"}]},"14":{"attachment":[{"time":0,"name":"14"}]},"face_100":{"attachment":[{"time":0,"name":"face_120"}]}}},"130":{"slots":{"01":{"attachment":[{"time":0,"name":"01"}]},"02":{"attachment":[{"time":0,"name":"02"}]},"03":{"attachment":[{"time":0,"name":"03"}]},"04":{"attachment":[{"time":0,"name":"04"}]},"05":{"attachment":[{"time":0,"name":"05"}]},"06":{"attachment":[{"time":0,"name":"06"}]},"07":{"attachment":[{"time":0,"name":"07"}]},"08":{"attachment":[{"time":0,"name":"08"}]},"09":{"attachment":[{"time":0,"name":"09"}]},"10":{"attachment":[{"time":0,"name":"10"}]},"11":{"attachment":[{"time":0,"name":"11"}]},"12":{"attachment":[{"time":0,"name":"12"}]},"13":{"attachment":[{"time":0,"name":"13"}]},"14":{"attachment":[{"time":0,"name":"14"}]},"face_100":{"attachment":[{"time":0,"name":"face_130"}]}}},"140":{"slots":{"01":{"attachment":[{"time":0,"name":"01"}]},"02":{"attachment":[{"time":0,"name":"02"}]},"03":{"attachment":[{"time":0,"name":"03"}]},"04":{"attachment":[{"time":0,"name":"04"}]},"05":{"attachment":[{"time":0,"name":"05"}]},"06":{"attachment":[{"time":0,"name":"06"}]},"07":{"attachment":[{"time":0,"name":"07"}]},"08":{"attachment":[{"time":0,"name":"08"}]},"09":{"attachment":[{"time":0,"name":"09"}]},"10":{"attachment":[{"time":0,"name":"10"}]},"11":{"attachment":[{"time":0,"name":"11"}]},"12":{"attachment":[{"time":0,"name":"12"}]},"13":{"attachment":[{"time":0,"name":"13"}]},"14":{"attachment":[{"time":0,"name":"14"}]},"face_100":{"attachment":[{"time":0,"name":"face_140"}]}}},"150":{"slots":{"01":{"attachment":[{"time":0,"name":"01"}]},"02":{"attachment":[{"time":0,"name":"02"}]},"03":{"attachment":[{"time":0,"name":"03"}]},"04":{"attachment":[{"time":0,"name":"04"}]},"05":{"attachment":[{"time":0,"name":"05"}]},"06":{"attachment":[{"time":0,"name":"06"}]},"07":{"attachment":[{"time":0,"name":"07"}]},"08":{"attachment":[{"time":0,"name":"08"}]},"09":{"attachment":[{"time":0,"name":"09"}]},"10":{"attachment":[{"time":0,"name":"10"}]},"11":{"attachment":[{"time":0,"name":"11"}]},"12":{"attachment":[{"time":0,"name":"12"}]},"13":{"attachment":[{"time":0,"name":"13"}]},"14":{"attachment":[{"time":0,"name":"14"}]},"face_100":{"attachment":[{"time":0,"name":"face_150"}]}}},"160":{"slots":{"01":{"attachment":[{"time":0,"name":"01"}]},"02":{"attachment":[{"time":0,"name":"02"}]},"03":{"attachment":[{"time":0,"name":"03"}]},"04":{"attachment":[{"time":0,"name":"04"}]},"05":{"attachment":[{"time":0,"name":"05"}]},"06":{"attachment":[{"time":0,"name":"06"}]},"07":{"attachment":[{"time":0,"name":"07"}]},"08":{"attachment":[{"time":0,"name":"08"}]},"09":{"attachment":[{"time":0,"name":"09"}]},"10":{"attachment":[{"time":0,"name":"10"}]},"11":{"attachment":[{"time":0,"name":"11"}]},"12":{"attachment":[{"time":0,"name":"12"}]},"13":{"attachment":[{"time":0,"name":"13"}]},"14":{"attachment":[{"time":0,"name":"14"}]},"face_100":{"attachment":[{"time":0,"name":"face_160"}]}}},"170":{"slots":{"01":{"attachment":[{"time":0,"name":"01"}]},"02":{"attachment":[{"time":0,"name":"02"}]},"03":{"attachment":[{"time":0,"name":"03"}]},"04":{"attachment":[{"time":0,"name":"04"}]},"05":{"attachment":[{"time":0,"name":"05"}]},"06":{"attachment":[{"time":0,"name":"06"}]},"07":{"attachment":[{"time":0,"name":"07"}]},"08":{"attachment":[{"time":0,"name":"08"}]},"09":{"attachment":[{"time":0,"name":"09"}]},"10":{"attachment":[{"time":0,"name":"10"}]},"11":{"attachment":[{"time":0,"name":"11"}]},"12":{"attachment":[{"time":0,"name":"12"}]},"13":{"attachment":[{"time":0,"name":"13"}]},"14":{"attachment":[{"time":0,"name":"14"}]},"face_100":{"attachment":[{"time":0,"name":"face_170"}]}}},"180":{"slots":{"01":{"attachment":[{"time":0,"name":"01"}]},"02":{"attachment":[{"time":0,"name":"02"}]},"03":{"attachment":[{"time":0,"name":"03"}]},"04":{"attachment":[{"time":0,"name":"04"}]},"05":{"attachment":[{"time":0,"name":"05"}]},"06":{"attachment":[{"time":0,"name":"06"}]},"07":{"attachment":[{"time":0,"name":"07"}]},"08":{"attachment":[{"time":0,"name":"08"}]},"09":{"attachment":[{"time":0,"name":"09"}]},"10":{"attachment":[{"time":0,"name":"10"}]},"11":{"attachment":[{"time":0,"name":"11"}]},"12":{"attachment":[{"time":0,"name":"12"}]},"13":{"attachment":[{"time":0,"name":"13"}]},"14":{"attachment":[{"time":0,"name":"14"}]},"face_100":{"attachment":[{"time":0,"name":"face_180"}]}}}}}