{"skeleton":{"hash":"ILgWxbOO8u+rY4r+8Ze+uHzq2Ew","spine":"3.0.12","width":516,"height":671,"images":"./images/"},"bones":[{"name":"root"},{"name":"MAIN","parent":"root"}],"slots":[{"name":"010","bone":"MAIN","attachment":"010"},{"name":"009","bone":"MAIN","attachment":"009"},{"name":"008","bone":"MAIN","attachment":"008"},{"name":"007","bone":"MAIN","attachment":"007"},{"name":"006","bone":"MAIN","attachment":"006"},{"name":"005","bone":"MAIN","attachment":"005"},{"name":"004","bone":"MAIN","attachment":"004"},{"name":"003","bone":"MAIN","attachment":"003"},{"name":"002","bone":"MAIN","attachment":"002"},{"name":"001","bone":"MAIN","attachment":"001"},{"name":"face_100","bone":"MAIN","attachment":"face_170"}],"skins":{"default":{"001":{"001":{"x":68,"y":591.5,"width":212,"height":159}},"002":{"002":{"x":-88,"y":442,"width":74,"height":74}},"003":{"003":{"x":78.5,"y":480,"width":259,"height":64}},"004":{"004":{"x":142.5,"y":384,"width":131,"height":128}},"005":{"005":{"x":-57,"y":350,"width":12,"height":60}},"006":{"006":{"x":13,"y":160,"width":256,"height":320}},"007":{"007":{"x":150,"y":264,"width":18,"height":80}},"008":{"008":{"x":-154.5,"y":173,"width":79,"height":36}},"009":{"009":{"x":231.5,"y":77.5,"width":181,"height":155}},"010":{"010":{"x":-117.5,"y":81,"width":5,"height":12}},"face_100":{"face_100":{"x":13,"y":384,"width":128,"height":128},"face_110":{"x":13,"y":384,"width":128,"height":128},"face_120":{"x":13,"y":384,"width":128,"height":128},"face_130":{"x":13,"y":384,"width":128,"height":128},"face_140":{"x":13,"y":384,"width":128,"height":128},"face_150":{"x":13,"y":384,"width":128,"height":128},"face_160":{"x":13,"y":384,"width":128,"height":128},"face_170":{"x":13,"y":384,"width":128,"height":128}}}},"animations":{"100":{"slots":{"001":{"attachment":[{"time":0,"name":"001"}]},"002":{"attachment":[{"time":0,"name":"002"}]},"003":{"attachment":[{"time":0,"name":"003"}]},"004":{"attachment":[{"time":0,"name":"004"}]},"005":{"attachment":[{"time":0,"name":"005"}]},"006":{"attachment":[{"time":0,"name":"006"}]},"007":{"attachment":[{"time":0,"name":"007"}]},"008":{"attachment":[{"time":0,"name":"008"}]},"009":{"attachment":[{"time":0,"name":"009"}]},"010":{"attachment":[{"time":0,"name":"010"}]},"face_100":{"attachment":[{"time":0,"name":"face_100"}]}}},"110":{"slots":{"001":{"attachment":[{"time":0,"name":"001"}]},"002":{"attachment":[{"time":0,"name":"002"}]},"003":{"attachment":[{"time":0,"name":"003"}]},"004":{"attachment":[{"time":0,"name":"004"}]},"005":{"attachment":[{"time":0,"name":"005"}]},"006":{"attachment":[{"time":0,"name":"006"}]},"007":{"attachment":[{"time":0,"name":"007"}]},"008":{"attachment":[{"time":0,"name":"008"}]},"009":{"attachment":[{"time":0,"name":"009"}]},"010":{"attachment":[{"time":0,"name":"010"}]},"face_100":{"attachment":[{"time":0,"name":"face_110"}]}}},"120":{"slots":{"001":{"attachment":[{"time":0,"name":"001"}]},"002":{"attachment":[{"time":0,"name":"002"}]},"003":{"attachment":[{"time":0,"name":"003"}]},"004":{"attachment":[{"time":0,"name":"004"}]},"005":{"attachment":[{"time":0,"name":"005"}]},"006":{"attachment":[{"time":0,"name":"006"}]},"007":{"attachment":[{"time":0,"name":"007"}]},"008":{"attachment":[{"time":0,"name":"008"}]},"009":{"attachment":[{"time":0,"name":"009"}]},"010":{"attachment":[{"time":0,"name":"010"}]},"face_100":{"attachment":[{"time":0,"name":"face_120"}]}}},"130":{"slots":{"001":{"attachment":[{"time":0,"name":"001"}]},"002":{"attachment":[{"time":0,"name":"002"}]},"003":{"attachment":[{"time":0,"name":"003"}]},"004":{"attachment":[{"time":0,"name":"004"}]},"005":{"attachment":[{"time":0,"name":"005"}]},"006":{"attachment":[{"time":0,"name":"006"}]},"007":{"attachment":[{"time":0,"name":"007"}]},"008":{"attachment":[{"time":0,"name":"008"}]},"009":{"attachment":[{"time":0,"name":"009"}]},"010":{"attachment":[{"time":0,"name":"010"}]},"face_100":{"attachment":[{"time":0,"name":"face_130"}]}}},"140":{"slots":{"001":{"attachment":[{"time":0,"name":"001"}]},"002":{"attachment":[{"time":0,"name":"002"}]},"003":{"attachment":[{"time":0,"name":"003"}]},"004":{"attachment":[{"time":0,"name":"004"}]},"005":{"attachment":[{"time":0,"name":"005"}]},"006":{"attachment":[{"time":0,"name":"006"}]},"007":{"attachment":[{"time":0,"name":"007"}]},"008":{"attachment":[{"time":0,"name":"008"}]},"009":{"attachment":[{"time":0,"name":"009"}]},"010":{"attachment":[{"time":0,"name":"010"}]},"face_100":{"attachment":[{"time":0,"name":"face_140"}]}}},"150":{"slots":{"001":{"attachment":[{"time":0,"name":"001"}]},"002":{"attachment":[{"time":0,"name":"002"}]},"003":{"attachment":[{"time":0,"name":"003"}]},"004":{"attachment":[{"time":0,"name":"004"}]},"005":{"attachment":[{"time":0,"name":"005"}]},"006":{"attachment":[{"time":0,"name":"006"}]},"007":{"attachment":[{"time":0,"name":"007"}]},"008":{"attachment":[{"time":0,"name":"008"}]},"009":{"attachment":[{"time":0,"name":"009"}]},"010":{"attachment":[{"time":0,"name":"010"}]},"face_100":{"attachment":[{"time":0,"name":"face_150"}]}}},"160":{"slots":{"001":{"attachment":[{"time":0,"name":"001"}]},"002":{"attachment":[{"time":0,"name":"002"}]},"003":{"attachment":[{"time":0,"name":"003"}]},"004":{"attachment":[{"time":0,"name":"004"}]},"005":{"attachment":[{"time":0,"name":"005"}]},"006":{"attachment":[{"time":0,"name":"006"}]},"007":{"attachment":[{"time":0,"name":"007"}]},"008":{"attachment":[{"time":0,"name":"008"}]},"009":{"attachment":[{"time":0,"name":"009"}]},"010":{"attachment":[{"time":0,"name":"010"}]},"face_100":{"attachment":[{"time":0,"name":"face_160"}]}}},"170":{"slots":{"001":{"attachment":[{"time":0,"name":"001"}]},"002":{"attachment":[{"time":0,"name":"002"}]},"003":{"attachment":[{"time":0,"name":"003"}]},"004":{"attachment":[{"time":0,"name":"004"}]},"005":{"attachment":[{"time":0,"name":"005"}]},"006":{"attachment":[{"time":0,"name":"006"}]},"007":{"attachment":[{"time":0,"name":"007"}]},"008":{"attachment":[{"time":0,"name":"008"}]},"009":{"attachment":[{"time":0,"name":"009"}]},"010":{"attachment":[{"time":0,"name":"010"}]},"face_100":{"attachment":[{"time":0,"name":"face_170"}]}}}}}