{"skeleton":{"hash":"iX7wEXjQC+WWw3BxIilWC9SkvZk","spine":"3.0.12","width":0,"height":0,"images":"./images2/"},"bones":[{"name":"root"},{"name":"grid","parent":"root"},{"name":"MAIN","parent":"root","y":50},{"name":"SHADOW-OFFSET","parent":"MAIN","x":7},{"name":"HPBAR","parent":"MAIN","x":5,"y":90},{"name":"HITBOX","parent":"MAIN"},{"name":"EF_head_fire2","parent":"root","x":-6,"y":98,"color":"1c8bffff"},{"name":"EF_head_fire1","parent":"root","x":9,"y":93,"color":"1c8bffff"},{"name":"EF_back_fire","parent":"root","x":20.49,"y":78.93,"color":"1c8bffff"},{"name":"EF_R_arm_fire","parent":"root","x":-46,"y":69,"color":"1c8bffff"},{"name":"EF_L_arm_fire2","parent":"root","x":33,"y":79,"color":"1c8bffff"},{"name":"EF_L_arm_fire1","parent":"root","x":46,"y":75,"color":"1c8bffff"},{"name":"DAMAGEAREA","parent":"root"},{"name":"190_S1_magic1","parent":"root","x":900,"scaleX":1.5,"scaleY":1.5}],"slots":[{"name":"grid/bg","bone":"grid","color":"ffffff64"},{"name":"grid/grid","bone":"grid","color":"ffffff95"},{"name":"EF/190_S1_magic1/magic_1fire","bone":"190_S1_magic1","blend":"additive"},{"name":"EF/EF_fire_dot/R_arm_fire1","bone":"EF_R_arm_fire","attachment":"EF/EF_fire_dot/R_arm_fire2"},{"name":"EF/EF_fire_dot/head_fire2-1","bone":"EF_head_fire2","attachment":"EF/EF_fire_dot/head_fire2-2"},{"name":"EF/EF_fire_dot/head_fire1-1","bone":"EF_head_fire1","attachment":"EF/EF_fire_dot/head_fire1-2"},{"name":"EF/EF_fire_dot/back_fire1","bone":"EF_back_fire","attachment":"EF/EF_fire_dot/back_fire2"},{"name":"MAIN","bone":"MAIN","attachment":"skill2_02"},{"name":"EF/EF_fire_dot/L_arm_fire2-1","bone":"EF_L_arm_fire2","attachment":"EF/EF_fire_dot/L_arm_fire2-2"},{"name":"EF/EF_fire_dot/L_arm_fire1-1","bone":"EF_L_arm_fire1","attachment":"EF/EF_fire_dot/L_arm_fire1-2"},{"name":"DAMAGEAREA","bone":"DAMAGEAREA"},{"name":"HITBOX","bone":"HITBOX","attachment":"HITBOX"}],"skins":{"default":{"DAMAGEAREA":{"DAMAGEAREA":{"type":"boundingbox","vertices":[-98.98849,-100.14447,97.30095,-98.90995,98.53545,96.14495,-96.51947,96.14495,0,0,0,0,0,0,0,0]}},"EF/190_S1_magic1/magic_1fire":{"EF/190_S1_magic1/magic_1fire":{"type":"mesh","uvs":[1,1,0,1,0,0,1,0],"triangles":[1,2,3,1,3,0],"vertices":[90,-90,-90,-90,-90,90,90,90],"hull":4,"edges":[0,2,2,4,4,6,0,6],"width":180,"height":180}},"EF/EF_fire_dot/L_arm_fire1-1":{"EF/EF_fire_dot/L_arm_fire1-1":{"x":-44,"width":192,"height":192},"EF/EF_fire_dot/L_arm_fire1-2":{"x":-44,"width":192,"height":192},"EF/EF_fire_dot/L_arm_fire1-3":{"x":-44,"width":192,"height":192},"EF/EF_fire_dot/L_arm_fire1-4":{"x":-44,"width":192,"height":192}},"EF/EF_fire_dot/L_arm_fire2-1":{"EF/EF_fire_dot/L_arm_fire2-1":{"x":-34,"y":-5,"width":192,"height":192},"EF/EF_fire_dot/L_arm_fire2-2":{"x":-34,"y":-5,"width":192,"height":192},"EF/EF_fire_dot/L_arm_fire2-3":{"x":-34,"y":-5,"width":192,"height":192},"EF/EF_fire_dot/L_arm_fire2-4":{"x":-34,"y":-5,"width":192,"height":192}},"EF/EF_fire_dot/R_arm_fire1":{"EF/EF_fire_dot/R_arm_fire1":{"x":46,"y":5,"width":192,"height":192},"EF/EF_fire_dot/R_arm_fire2":{"x":46,"y":5,"width":192,"height":192},"EF/EF_fire_dot/R_arm_fire3":{"x":46,"y":5,"width":192,"height":192},"EF/EF_fire_dot/R_arm_fire4":{"x":46,"y":5,"width":192,"height":192}},"EF/EF_fire_dot/back_fire1":{"EF/EF_fire_dot/back_fire1":{"x":-19,"y":-5,"width":192,"height":192},"EF/EF_fire_dot/back_fire2":{"x":-19,"y":-5,"width":192,"height":192},"EF/EF_fire_dot/back_fire3":{"x":-19,"y":-5,"width":192,"height":192},"EF/EF_fire_dot/back_fire4":{"x":-19,"y":-5,"width":192,"height":192}},"EF/EF_fire_dot/head_fire1-1":{"EF/EF_fire_dot/head_fire1-1":{"x":-9,"y":-20,"width":192,"height":192},"EF/EF_fire_dot/head_fire1-2":{"x":-9,"y":-20,"width":192,"height":192},"EF/EF_fire_dot/head_fire1-3":{"x":-9,"y":-20,"width":192,"height":192},"EF/EF_fire_dot/head_fire1-4":{"x":-9,"y":-20,"width":192,"height":192}},"EF/EF_fire_dot/head_fire2-1":{"EF/EF_fire_dot/head_fire2-1":{"x":6,"y":-25,"width":192,"height":192},"EF/EF_fire_dot/head_fire2-2":{"x":6,"y":-25,"width":192,"height":192},"EF/EF_fire_dot/head_fire2-3":{"x":6,"y":-25,"width":192,"height":192},"EF/EF_fire_dot/head_fire2-4":{"x":6,"y":-25,"width":192,"height":192}},"HITBOX":{"HITBOX":{"type":"boundingbox","vertices":[-35.23007,-38.11516,43.27079,-38.52616,42.85978,51.07171,-34.81907,51.48269,0,0,0,0,0,0,0,0]}},"MAIN":{"attack1_00":{"x":-9,"y":15,"width":300,"height":300},"attack1_01":{"x":-15,"y":15,"width":300,"height":300},"attack1_02":{"x":-15,"y":15,"width":300,"height":300},"attack1_03":{"x":-5,"y":15,"width":300,"height":300},"attack1_04":{"x":-5,"y":15,"width":300,"height":300},"attack1_05":{"x":-5,"y":15,"width":300,"height":300},"attack1_06":{"x":-5,"y":15,"width":300,"height":300},"damage_00":{"x":-15,"y":15,"width":300,"height":300},"front_00":{"x":-9,"y":15,"width":300,"height":300},"front_01":{"x":-9,"y":15,"width":300,"height":300},"front_02":{"x":-9,"y":15,"width":300,"height":300},"front_03":{"x":-9,"y":-10,"width":300,"height":300},"front_04":{"x":-9,"y":-15,"width":300,"height":300},"idle_00":{"x":-9,"y":15,"width":300,"height":300},"idle_01":{"x":-9,"y":15,"width":300,"height":300},"idle_02":{"x":-9,"y":15,"width":300,"height":300},"idle_03":{"x":-9,"y":15,"width":300,"height":300},"idle_04":{"x":-9,"y":15,"width":300,"height":300},"skill1_00":{"x":-20,"y":15,"width":300,"height":300},"skill1_01":{"x":-20,"y":15,"width":300,"height":300},"skill1_02":{"x":-20,"y":15,"width":300,"height":300},"skill1_03":{"x":-20,"y":15,"width":300,"height":300},"skill1_04":{"x":5,"y":15,"width":300,"height":300},"skill1_05":{"x":5,"y":15,"width":300,"height":300},"skill1_06":{"x":5,"y":15,"width":300,"height":300},"skill2_00":{"x":-13,"y":15,"width":300,"height":300},"skill2_01":{"x":-13,"y":15,"width":300,"height":300},"skill2_02":{"x":-13,"y":15,"width":300,"height":300},"skill2_03":{"x":-13,"y":15,"width":300,"height":300},"skill2_04":{"x":-13,"y":15,"width":300,"height":300},"skill2_05":{"x":-13,"y":15,"width":300,"height":300}}}},"events":{"Event":{},"Hit":{},"Sound1":{},"Sound2":{},"View":{},"Voice":{}},"animations":{"attack1":{"slots":{"DAMAGEAREA":{"attachment":[{"time":0.5666,"name":"DAMAGEAREA"},{"time":0.7,"name":null}]},"EF/EF_fire_dot/L_arm_fire1-1":{"attachment":[{"time":0,"name":"EF/EF_fire_dot/L_arm_fire1-1"},{"time":0.1666,"name":"EF/EF_fire_dot/L_arm_fire1-2"},{"time":0.3666,"name":"EF/EF_fire_dot/L_arm_fire1-3"},{"time":0.5333,"name":"EF/EF_fire_dot/L_arm_fire1-4"},{"time":0.7,"name":"EF/EF_fire_dot/L_arm_fire1-1"},{"time":0.8666,"name":"EF/EF_fire_dot/L_arm_fire1-2"},{"time":1.0333,"name":"EF/EF_fire_dot/L_arm_fire1-3"},{"time":1.2333,"name":"EF/EF_fire_dot/L_arm_fire1-1"}]},"EF/EF_fire_dot/L_arm_fire2-1":{"attachment":[{"time":0,"name":"EF/EF_fire_dot/L_arm_fire2-1"},{"time":0.1666,"name":"EF/EF_fire_dot/L_arm_fire2-2"},{"time":0.3666,"name":"EF/EF_fire_dot/L_arm_fire2-3"},{"time":0.5333,"name":"EF/EF_fire_dot/L_arm_fire2-4"},{"time":0.7,"name":"EF/EF_fire_dot/L_arm_fire2-1"},{"time":0.8666,"name":"EF/EF_fire_dot/L_arm_fire2-2"},{"time":1.0333,"name":"EF/EF_fire_dot/L_arm_fire2-3"},{"time":1.2333,"name":"EF/EF_fire_dot/L_arm_fire2-1"}]},"EF/EF_fire_dot/R_arm_fire1":{"attachment":[{"time":0,"name":"EF/EF_fire_dot/R_arm_fire1"},{"time":0.1666,"name":"EF/EF_fire_dot/R_arm_fire2"},{"time":0.3666,"name":"EF/EF_fire_dot/R_arm_fire3"},{"time":0.5333,"name":"EF/EF_fire_dot/R_arm_fire4"},{"time":0.7,"name":"EF/EF_fire_dot/R_arm_fire1"},{"time":0.8666,"name":"EF/EF_fire_dot/R_arm_fire2"},{"time":1.0333,"name":"EF/EF_fire_dot/R_arm_fire3"},{"time":1.2333,"name":"EF/EF_fire_dot/R_arm_fire1"}]},"EF/EF_fire_dot/back_fire1":{"attachment":[{"time":0,"name":"EF/EF_fire_dot/back_fire1"},{"time":0.1666,"name":"EF/EF_fire_dot/back_fire2"},{"time":0.3666,"name":"EF/EF_fire_dot/back_fire3"},{"time":0.5333,"name":"EF/EF_fire_dot/back_fire4"},{"time":0.7,"name":"EF/EF_fire_dot/back_fire1"},{"time":0.8666,"name":"EF/EF_fire_dot/back_fire2"},{"time":1.0333,"name":"EF/EF_fire_dot/back_fire3"},{"time":1.2333,"name":"EF/EF_fire_dot/back_fire1"}]},"EF/EF_fire_dot/head_fire1-1":{"attachment":[{"time":0,"name":"EF/EF_fire_dot/head_fire1-1"},{"time":0.1666,"name":"EF/EF_fire_dot/head_fire1-2"},{"time":0.3666,"name":"EF/EF_fire_dot/head_fire1-3"},{"time":0.5333,"name":"EF/EF_fire_dot/head_fire1-4"},{"time":0.7,"name":"EF/EF_fire_dot/head_fire1-1"},{"time":0.8666,"name":"EF/EF_fire_dot/head_fire1-2"},{"time":1.0333,"name":"EF/EF_fire_dot/head_fire1-3"},{"time":1.2333,"name":"EF/EF_fire_dot/head_fire1-1"}]},"EF/EF_fire_dot/head_fire2-1":{"attachment":[{"time":0,"name":"EF/EF_fire_dot/head_fire2-1"},{"time":0.1666,"name":"EF/EF_fire_dot/head_fire2-2"},{"time":0.3666,"name":"EF/EF_fire_dot/head_fire2-3"},{"time":0.5333,"name":"EF/EF_fire_dot/head_fire2-4"},{"time":0.7,"name":"EF/EF_fire_dot/head_fire2-1"},{"time":0.8666,"name":"EF/EF_fire_dot/head_fire2-2"},{"time":1.0333,"name":"EF/EF_fire_dot/head_fire2-3"},{"time":1.2333,"name":"EF/EF_fire_dot/head_fire2-1"}]},"MAIN":{"attachment":[{"time":0,"name":"attack1_00"},{"time":0.0666,"name":"attack1_01"},{"time":0.1333,"name":"attack1_02"},{"time":0.5666,"name":"attack1_03"},{"time":0.6,"name":"attack1_04"},{"time":0.6666,"name":"attack1_05"},{"time":0.7666,"name":"attack1_06"},{"time":1.2333,"name":"attack1_00"}]}},"bones":{"MAIN":{"translate":[{"time":0,"x":0,"y":0,"curve":"stepped"},{"time":0.0666,"x":6,"y":0,"curve":"stepped"},{"time":0.5666,"x":-4,"y":0}]},"EF_L_arm_fire1":{"rotate":[{"time":0,"angle":0,"curve":"stepped"},{"time":0.0666,"angle":-43.86,"curve":"stepped"},{"time":0.1333,"angle":-67.57,"curve":"stepped"},{"time":0.5666,"angle":-26.07,"curve":"stepped"},{"time":0.6,"angle":-33.16,"curve":"stepped"},{"time":0.6666,"angle":-43.7,"curve":"stepped"},{"time":0.7666,"angle":-35.66,"curve":"stepped"},{"time":1.2333,"angle":0}],"translate":[{"time":0,"x":0,"y":0,"curve":"stepped"},{"time":0.0666,"x":2.35,"y":-11.79,"curve":"stepped"},{"time":0.1333,"x":3.3,"y":-16.51,"curve":"stepped"},{"time":0.5666,"x":-6.6,"y":-19.58,"curve":"stepped"},{"time":0.6,"x":-5.19,"y":-13.21,"curve":"stepped"},{"time":0.6666,"x":-4.95,"y":-11.09,"curve":"stepped"},{"time":0.7666,"x":-6.37,"y":-9.67,"curve":"stepped"},{"time":1.2333,"x":0,"y":0}],"scale":[{"time":0,"x":1,"y":1,"curve":"stepped"},{"time":0.0666,"x":1,"y":1,"curve":"stepped"},{"time":0.1333,"x":1,"y":1,"curve":"stepped"},{"time":0.5666,"x":1,"y":1,"curve":"stepped"},{"time":0.6,"x":1,"y":1,"curve":"stepped"},{"time":0.6666,"x":1,"y":1,"curve":"stepped"},{"time":0.7666,"x":1,"y":1,"curve":"stepped"},{"time":1.2333,"x":1,"y":1}]},"EF_L_arm_fire2":{"rotate":[{"time":0,"angle":0,"curve":"stepped"},{"time":0.0666,"angle":-12.46,"curve":"stepped"},{"time":0.1333,"angle":-27.46,"curve":"stepped"},{"time":0.5666,"angle":-8.14,"curve":"stepped"},{"time":0.6,"angle":-2.38,"curve":"stepped"},{"time":0.6666,"angle":-8.41,"curve":"stepped"},{"time":0.7666,"angle":-5.35,"curve":"stepped"},{"time":1.2333,"angle":0}],"translate":[{"time":0,"x":0,"y":0,"curve":"stepped"},{"time":0.0666,"x":6.37,"y":0,"curve":"stepped"},{"time":0.1333,"x":11.09,"y":-2.36,"curve":"stepped"},{"time":0.5666,"x":-1.41,"y":-13.21,"curve":"stepped"},{"time":0.6,"x":1.18,"y":-13.92,"curve":"stepped"},{"time":0.6666,"x":0.94,"y":-12.74,"curve":"stepped"},{"time":0.7666,"x":-0.23,"y":-13.21,"curve":"stepped"},{"time":1.2333,"x":0,"y":0}],"scale":[{"time":0,"x":1,"y":1,"curve":"stepped"},{"time":0.0666,"x":1,"y":1,"curve":"stepped"},{"time":0.1333,"x":1,"y":1,"curve":"stepped"},{"time":0.5666,"x":1,"y":1,"curve":"stepped"},{"time":0.6,"x":1,"y":1,"curve":"stepped"},{"time":0.6666,"x":1,"y":1,"curve":"stepped"},{"time":0.7666,"x":1,"y":1,"curve":"stepped"},{"time":1.2333,"x":1,"y":1}]},"EF_R_arm_fire":{"rotate":[{"time":0,"angle":0,"curve":"stepped"},{"time":0.0666,"angle":-6.77,"curve":"stepped"},{"time":0.1333,"angle":-6.77,"curve":"stepped"},{"time":0.5666,"angle":-42.64,"curve":"stepped"},{"time":0.6,"angle":-42.64,"curve":"stepped"},{"time":0.6666,"angle":-42.64,"curve":"stepped"},{"time":0.7666,"angle":-40.65,"curve":"stepped"},{"time":1.2333,"angle":0}],"translate":[{"time":0,"x":0,"y":0,"curve":"stepped"},{"time":0.0666,"x":8.96,"y":-0.94,"curve":"stepped"},{"time":0.1333,"x":10.85,"y":-4.24,"curve":"stepped"},{"time":0.5666,"x":-0.94,"y":-11.56,"curve":"stepped"},{"time":0.6,"x":0.94,"y":-7.78,"curve":"stepped"},{"time":0.6666,"x":1.88,"y":-6.13,"curve":"stepped"},{"time":0.7666,"x":1.88,"y":-6.13,"curve":"stepped"},{"time":1.2333,"x":0,"y":0}],"scale":[{"time":0,"x":1,"y":1,"curve":"stepped"},{"time":0.0666,"x":1,"y":1,"curve":"stepped"},{"time":0.1333,"x":1,"y":1,"curve":"stepped"},{"time":0.5666,"x":1,"y":1,"curve":"stepped"},{"time":0.6,"x":1,"y":1,"curve":"stepped"},{"time":0.6666,"x":1,"y":1,"curve":"stepped"},{"time":0.7666,"x":1,"y":1,"curve":"stepped"},{"time":1.2333,"x":1,"y":1}]},"EF_back_fire":{"rotate":[{"time":0,"angle":0,"curve":"stepped"},{"time":0.0666,"angle":-9.33,"curve":"stepped"},{"time":0.1333,"angle":78.54,"curve":"stepped"},{"time":0.5666,"angle":70.31,"curve":"stepped"},{"time":0.6,"angle":70.31,"curve":"stepped"},{"time":0.6666,"angle":64.19,"curve":"stepped"},{"time":0.7666,"angle":57.64,"curve":"stepped"},{"time":1.2333,"angle":0}],"translate":[{"time":0,"x":0,"y":0,"curve":"stepped"},{"time":0.0666,"x":7.31,"y":6.6,"curve":"stepped"},{"time":0.1333,"x":13.21,"y":0.94,"curve":"stepped"},{"time":0.5666,"x":2.83,"y":-15.57,"curve":"stepped"},{"time":0.6,"x":2.36,"y":-11.56,"curve":"stepped"},{"time":0.6666,"x":3.77,"y":-11.32,"curve":"stepped"},{"time":0.7666,"x":2.83,"y":-12.74,"curve":"stepped"},{"time":1.2333,"x":0,"y":0}],"scale":[{"time":0,"x":1,"y":1,"curve":"stepped"},{"time":0.0666,"x":1,"y":1,"curve":"stepped"},{"time":0.1333,"x":1,"y":1,"curve":"stepped"},{"time":0.5666,"x":1,"y":1,"curve":"stepped"},{"time":0.6,"x":1,"y":1,"curve":"stepped"},{"time":0.6666,"x":1,"y":1,"curve":"stepped"},{"time":0.7666,"x":1,"y":1,"curve":"stepped"},{"time":1.2333,"x":1,"y":1}]},"EF_head_fire1":{"rotate":[{"time":0,"angle":0,"curve":"stepped"},{"time":0.0666,"angle":-2.77,"curve":"stepped"},{"time":0.1333,"angle":9.82,"curve":"stepped"},{"time":0.5666,"angle":39.36,"curve":"stepped"},{"time":0.6,"angle":42.62,"curve":"stepped"},{"time":0.6666,"angle":37,"curve":"stepped"},{"time":0.7666,"angle":33.76,"curve":"stepped"},{"time":1.2333,"angle":0}],"translate":[{"time":0,"x":0,"y":0,"curve":"stepped"},{"time":0.0666,"x":8.96,"y":2.36,"curve":"stepped"},{"time":0.1333,"x":9.91,"y":3.06,"curve":"stepped"},{"time":0.5666,"x":8.49,"y":-13.68,"curve":"stepped"},{"time":0.6,"x":9.91,"y":-10.61,"curve":"stepped"},{"time":0.6666,"x":11.32,"y":-10.14,"curve":"stepped"},{"time":0.7666,"x":9.67,"y":-10.14,"curve":"stepped"},{"time":1.2333,"x":0,"y":0}],"scale":[{"time":0,"x":1,"y":1,"curve":"stepped"},{"time":0.0666,"x":1,"y":1,"curve":"stepped"},{"time":0.1333,"x":1,"y":1,"curve":"stepped"},{"time":0.5666,"x":1,"y":1,"curve":"stepped"},{"time":0.6,"x":1,"y":1,"curve":"stepped"},{"time":0.6666,"x":1,"y":1,"curve":"stepped"},{"time":0.7666,"x":1,"y":1,"curve":"stepped"},{"time":1.2333,"x":1,"y":1}]},"EF_head_fire2":{"rotate":[{"time":0,"angle":0,"curve":"stepped"},{"time":0.0666,"angle":11.6,"curve":"stepped"},{"time":0.1333,"angle":15,"curve":"stepped"},{"time":0.5666,"angle":11.39,"curve":"stepped"},{"time":0.6,"angle":11.39,"curve":"stepped"},{"time":0.6666,"angle":7.95,"curve":"stepped"},{"time":0.7666,"angle":10.96,"curve":"stepped"},{"time":1.2333,"angle":0}],"translate":[{"time":0,"x":0,"y":0,"curve":"stepped"},{"time":0.0666,"x":9.2,"y":2.12,"curve":"stepped"},{"time":0.1333,"x":4.95,"y":0.47,"curve":"stepped"},{"time":0.5666,"x":1.88,"y":-12.27,"curve":"stepped"},{"time":0.6,"x":2.12,"y":-8.96,"curve":"stepped"},{"time":0.6666,"x":4.01,"y":-7.31,"curve":"stepped"},{"time":0.7666,"x":2.12,"y":-6.84,"curve":"stepped"},{"time":1.2333,"x":0,"y":0}],"scale":[{"time":0,"x":1,"y":1,"curve":"stepped"},{"time":0.0666,"x":1,"y":1,"curve":"stepped"},{"time":0.1333,"x":1,"y":1,"curve":"stepped"},{"time":0.5666,"x":1,"y":1,"curve":"stepped"},{"time":0.6,"x":1,"y":1,"curve":"stepped"},{"time":0.6666,"x":1,"y":1,"curve":"stepped"},{"time":0.7666,"x":1,"y":1,"curve":"stepped"},{"time":1.2333,"x":1,"y":1}]},"DAMAGEAREA":{"translate":[{"time":0.5666,"x":-62.97,"y":34.71},{"time":0.6666,"x":-45.21,"y":54.9}],"scale":[{"time":0.5666,"x":0.677,"y":0.302},{"time":0.6666,"x":0.464,"y":0.488}]}},"drawOrder":[{"time":0.5666,"offsets":[{"slot":"EF/EF_fire_dot/back_fire1","offset":-2},{"slot":"MAIN","offset":2}]}],"events":[{"time":0.5,"name":"Event","float":0.08,"string":"kHitStopType_normal"},{"time":0.5666,"name":"Sound1","string":"setHitSound(se_battle_025_blow_hit)"},{"time":0.5666,"name":"Voice","string":"cri_006b_voice_attack_random"}]},"back":{"slots":{"EF/EF_fire_dot/L_arm_fire1-1":{"attachment":[{"time":0,"name":"EF/EF_fire_dot/L_arm_fire1-1"},{"time":0.1666,"name":"EF/EF_fire_dot/L_arm_fire1-2"},{"time":0.5333,"name":"EF/EF_fire_dot/L_arm_fire1-4"},{"time":0.7,"name":"EF/EF_fire_dot/L_arm_fire1-1"}]},"EF/EF_fire_dot/L_arm_fire2-1":{"attachment":[{"time":0,"name":"EF/EF_fire_dot/L_arm_fire2-1"},{"time":0.1666,"name":"EF/EF_fire_dot/L_arm_fire2-2"},{"time":0.5333,"name":"EF/EF_fire_dot/L_arm_fire2-4"},{"time":0.7,"name":"EF/EF_fire_dot/L_arm_fire2-1"}]},"EF/EF_fire_dot/R_arm_fire1":{"attachment":[{"time":0,"name":"EF/EF_fire_dot/R_arm_fire1"},{"time":0.1666,"name":"EF/EF_fire_dot/R_arm_fire2"},{"time":0.5333,"name":"EF/EF_fire_dot/R_arm_fire4"},{"time":0.7,"name":"EF/EF_fire_dot/R_arm_fire1"}]},"EF/EF_fire_dot/back_fire1":{"attachment":[{"time":0,"name":"EF/EF_fire_dot/back_fire1"},{"time":0.1666,"name":"EF/EF_fire_dot/back_fire2"},{"time":0.5333,"name":"EF/EF_fire_dot/back_fire4"},{"time":0.7,"name":"EF/EF_fire_dot/back_fire1"}]},"EF/EF_fire_dot/head_fire1-1":{"attachment":[{"time":0,"name":"EF/EF_fire_dot/head_fire1-1"},{"time":0.1666,"name":"EF/EF_fire_dot/head_fire1-2"},{"time":0.5333,"name":"EF/EF_fire_dot/head_fire1-4"},{"time":0.7,"name":"EF/EF_fire_dot/head_fire1-1"}]},"EF/EF_fire_dot/head_fire2-1":{"attachment":[{"time":0,"name":"EF/EF_fire_dot/head_fire2-1"},{"time":0.1666,"name":"EF/EF_fire_dot/head_fire2-2"},{"time":0.5333,"name":"EF/EF_fire_dot/head_fire2-4"},{"time":0.7,"name":"EF/EF_fire_dot/head_fire2-1"}]},"MAIN":{"attachment":[{"time":0,"name":"front_00"},{"time":0.1,"name":"front_01"},{"time":0.3333,"name":"front_03"},{"time":0.4,"name":"front_04"},{"time":0.5333,"name":"front_00"},{"time":0.6666,"name":"idle_00"},{"time":0.8333,"name":"front_00"}]}},"bones":{"MAIN":{"translate":[{"time":0.3333,"x":40,"y":20,"curve":[0.264,0,0.617,0.42]},{"time":0.4,"x":84.86,"y":30,"curve":[0.351,0.4,0.756,1]},{"time":0.5333,"x":135,"y":0,"curve":[0.25,0,0.75,1]},{"time":0.6666,"x":140,"y":0}]},"EF_L_arm_fire2":{"rotate":[{"time":0,"angle":-39.56,"curve":"stepped"},{"time":0.1,"angle":-32.01,"curve":"stepped"},{"time":0.1666,"angle":-32.01,"curve":"stepped"},{"time":0.3333,"angle":15.97,"curve":[0.25,0,0.649,0.48]},{"time":0.4,"angle":25.65,"curve":[0.242,0.27,0.75,1]},{"time":0.5,"angle":7.22,"curve":"stepped"},{"time":0.5333,"angle":-35.23,"curve":"stepped"},{"time":0.6666,"angle":-2.31,"curve":"stepped"},{"time":0.7,"angle":-2.31}],"translate":[{"time":0,"x":-0.56,"y":-7.29,"curve":"stepped"},{"time":0.1,"x":-1.49,"y":-8.78,"curve":"stepped"},{"time":0.1666,"x":-1.49,"y":-8.78,"curve":"stepped"},{"time":0.3333,"x":52.31,"y":26.55,"curve":[0.25,0,0.649,0.48]},{"time":0.4,"x":88.51,"y":41.51,"curve":[0.242,0.27,0.75,1]},{"time":0.5,"x":132.24,"y":17.4,"curve":"stepped"},{"time":0.5333,"x":137.83,"y":-8.45,"curve":"stepped"},{"time":0.6666,"x":143.01,"y":4.6,"curve":"stepped"},{"time":0.7,"x":141.87,"y":2.31}],"scale":[{"time":0,"x":1,"y":1,"curve":"stepped"},{"time":0.1,"x":1,"y":1,"curve":"stepped"},{"time":0.1666,"x":1,"y":1,"curve":"stepped"},{"time":0.3333,"x":1,"y":1,"curve":"stepped"},{"time":0.4,"x":1,"y":1,"curve":"stepped"},{"time":0.5,"x":1,"y":1,"curve":"stepped"},{"time":0.5333,"x":1,"y":1,"curve":"stepped"},{"time":0.6666,"x":1,"y":1,"curve":"stepped"},{"time":0.7,"x":1,"y":1}]},"EF_head_fire2":{"rotate":[{"time":0,"angle":0,"curve":"stepped"},{"time":0.1,"angle":28.9,"curve":"stepped"},{"time":0.1666,"angle":28.9,"curve":"stepped"},{"time":0.3333,"angle":-1.68,"curve":[0.25,0,0.649,0.48]},{"time":0.4,"angle":4.92,"curve":[0.242,0.27,0.75,1]},{"time":0.5,"angle":2.7,"curve":"stepped"},{"time":0.5333,"angle":1.27,"curve":"stepped"},{"time":0.6666,"angle":1.27,"curve":"stepped"},{"time":0.7,"angle":1.27}],"translate":[{"time":0,"x":0,"y":0,"curve":"stepped"},{"time":0.1,"x":1.12,"y":-6.54,"curve":"stepped"},{"time":0.1666,"x":1.12,"y":-6.54,"curve":"stepped"},{"time":0.3333,"x":40.1,"y":24,"curve":[0.25,0,0.649,0.48]},{"time":0.4,"x":82.51,"y":35,"curve":[0.242,0.27,0.75,1]},{"time":0.5,"x":122.1,"y":8.85,"curve":"stepped"},{"time":0.5333,"x":134.9,"y":0,"curve":"stepped"},{"time":0.6666,"x":140.08,"y":-0.18,"curve":"stepped"},{"time":0.7,"x":140.08,"y":-0.18}],"scale":[{"time":0,"x":1,"y":1,"curve":"stepped"},{"time":0.1,"x":1,"y":1,"curve":"stepped"},{"time":0.1666,"x":1,"y":1,"curve":"stepped"},{"time":0.3333,"x":1,"y":1,"curve":"stepped"},{"time":0.4,"x":1,"y":1,"curve":"stepped"},{"time":0.5,"x":1,"y":1,"curve":"stepped"},{"time":0.5333,"x":1,"y":1,"curve":"stepped"},{"time":0.6666,"x":1,"y":1,"curve":"stepped"},{"time":0.7,"x":1,"y":1}]},"EF_back_fire":{"rotate":[{"time":0,"angle":-3.64,"curve":"stepped"},{"time":0.1,"angle":-3.28,"curve":"stepped"},{"time":0.1666,"angle":-3.28,"curve":"stepped"},{"time":0.3333,"angle":16.75,"curve":"stepped"},{"time":0.4,"angle":16.75,"curve":[0.242,0.27,0.75,1]},{"time":0.5,"angle":30.65,"curve":"stepped"},{"time":0.5333,"angle":39.6,"curve":"stepped"},{"time":0.6666,"angle":57.4,"curve":"stepped"},{"time":0.7,"angle":57.4}],"translate":[{"time":0,"x":0.18,"y":-1.3,"curve":"stepped"},{"time":0.1,"x":-2.61,"y":-2.8,"curve":"stepped"},{"time":0.1666,"x":-2.61,"y":-2.8,"curve":"stepped"},{"time":0.3333,"x":45.26,"y":18.62,"curve":[0.25,0,0.649,0.48]},{"time":0.4,"x":87.16,"y":35.32,"curve":[0.242,0.27,0.75,1]},{"time":0.5,"x":130.85,"y":6.6,"curve":"stepped"},{"time":0.5333,"x":138.21,"y":-5.61,"curve":"stepped"},{"time":0.6666,"x":143.78,"y":1.1,"curve":"stepped"},{"time":0.7,"x":143.78,"y":1.1}],"scale":[{"time":0,"x":1,"y":1,"curve":"stepped"},{"time":0.1,"x":1,"y":1,"curve":"stepped"},{"time":0.1666,"x":1,"y":1,"curve":"stepped"},{"time":0.3333,"x":1,"y":1,"curve":"stepped"},{"time":0.4,"x":1,"y":1,"curve":"stepped"},{"time":0.5,"x":1,"y":1,"curve":"stepped"},{"time":0.5333,"x":1,"y":1,"curve":"stepped"},{"time":0.6666,"x":1,"y":1,"curve":"stepped"},{"time":0.7,"x":1,"y":1}]},"EF_head_fire1":{"rotate":[{"time":0,"angle":0,"curve":"stepped"},{"time":0.1,"angle":18.83,"curve":"stepped"},{"time":0.1666,"angle":18.83,"curve":"stepped"},{"time":0.3333,"angle":25.88,"curve":[0.25,0,0.649,0.48]},{"time":0.4,"angle":17.75,"curve":[0.242,0.27,0.75,1]},{"time":0.5,"angle":22.46,"curve":"stepped"},{"time":0.5333,"angle":45.96,"curve":"stepped"},{"time":0.6666,"angle":45.96,"curve":"stepped"},{"time":0.7,"angle":45.96}],"translate":[{"time":0,"x":0,"y":0,"curve":"stepped"},{"time":0.1,"x":2.24,"y":-3.55,"curve":"stepped"},{"time":0.1666,"x":2.24,"y":-3.55,"curve":"stepped"},{"time":0.3333,"x":43.73,"y":16.51,"curve":[0.25,0,0.649,0.48]},{"time":0.4,"x":89.61,"y":33.21,"curve":[0.242,0.27,0.75,1]},{"time":0.5,"x":129.12,"y":9.95,"curve":"stepped"},{"time":0.5333,"x":144.88,"y":-3.31,"curve":"stepped"},{"time":0.6666,"x":144.3,"y":-1.2,"curve":"stepped"},{"time":0.7,"x":144.3,"y":-1.2}],"scale":[{"time":0,"x":1,"y":1,"curve":"stepped"},{"time":0.1,"x":1,"y":1,"curve":"stepped"},{"time":0.1666,"x":1,"y":1,"curve":"stepped"},{"time":0.3333,"x":1,"y":1,"curve":"stepped"},{"time":0.4,"x":1,"y":1,"curve":"stepped"},{"time":0.5,"x":1,"y":1,"curve":"stepped"},{"time":0.5333,"x":1,"y":1,"curve":"stepped"},{"time":0.6666,"x":1,"y":1,"curve":"stepped"},{"time":0.7,"x":1,"y":1}]},"EF_R_arm_fire":{"rotate":[{"time":0,"angle":6.99,"curve":"stepped"},{"time":0.1,"angle":6.99,"curve":"stepped"},{"time":0.1666,"angle":6.99,"curve":"stepped"},{"time":0.3333,"angle":6.99,"curve":[0.25,0,0.649,0.48]},{"time":0.4,"angle":29.17,"curve":"stepped"},{"time":0.5,"angle":29.17,"curve":"stepped"},{"time":0.5333,"angle":29.17,"curve":"stepped"},{"time":0.6666,"angle":0.08,"curve":"stepped"},{"time":0.7,"angle":0.08}],"translate":[{"time":0,"x":5.42,"y":-0.56,"curve":"stepped"},{"time":0.1,"x":5.23,"y":-3.36,"curve":"stepped"},{"time":0.1666,"x":5.23,"y":-3.36,"curve":"stepped"},{"time":0.3333,"x":29.63,"y":23.08,"curve":[0.25,0,0.649,0.48]},{"time":0.4,"x":80.96,"y":46.97,"curve":[0.242,0.27,0.75,1]},{"time":0.5,"x":118.89,"y":20.92,"curve":"stepped"},{"time":0.5333,"x":143.31,"y":4.15,"curve":"stepped"},{"time":0.6666,"x":142.93,"y":4.91,"curve":"stepped"},{"time":0.7,"x":142.93,"y":4.91}],"scale":[{"time":0,"x":1,"y":1,"curve":"stepped"},{"time":0.1,"x":1,"y":1,"curve":"stepped"},{"time":0.1666,"x":1,"y":1,"curve":"stepped"},{"time":0.3333,"x":1,"y":1,"curve":"stepped"},{"time":0.4,"x":1,"y":1,"curve":"stepped"},{"time":0.5,"x":1,"y":1,"curve":"stepped"},{"time":0.5333,"x":1,"y":1,"curve":"stepped"},{"time":0.6666,"x":1,"y":1,"curve":"stepped"},{"time":0.7,"x":1,"y":1}]},"EF_L_arm_fire1":{"rotate":[{"time":0,"angle":-61.89,"curve":"stepped"},{"time":0.1,"angle":-58.49,"curve":"stepped"},{"time":0.1666,"angle":-58.49,"curve":"stepped"},{"time":0.3333,"angle":24.63,"curve":"stepped"},{"time":0.4,"angle":24.63,"curve":[0.242,0.27,0.75,1]},{"time":0.5,"angle":5.95,"curve":"stepped"},{"time":0.5333,"angle":-90.93,"curve":"stepped"},{"time":0.6666,"angle":-2.28,"curve":"stepped"},{"time":0.7,"angle":-3.61}],"translate":[{"time":0,"x":-10.28,"y":-17.39,"curve":"stepped"},{"time":0.1,"x":-8.41,"y":-18.69,"curve":"stepped"},{"time":0.1666,"x":-8.41,"y":-18.69,"curve":"stepped"},{"time":0.3333,"x":55.65,"y":34.87,"curve":[0.25,0,0.649,0.48]},{"time":0.4,"x":92.1,"y":49.84,"curve":[0.242,0.27,0.75,1]},{"time":0.5,"x":134.2,"y":22.35,"curve":"stepped"},{"time":0.5333,"x":124.24,"y":-17.53,"curve":"stepped"},{"time":0.6666,"x":139.61,"y":2.04,"curve":"stepped"},{"time":0.7,"x":138.92,"y":2.04}],"scale":[{"time":0,"x":1,"y":1,"curve":"stepped"},{"time":0.1,"x":1,"y":1,"curve":"stepped"},{"time":0.1666,"x":1,"y":1,"curve":"stepped"},{"time":0.3333,"x":1,"y":1,"curve":"stepped"},{"time":0.4,"x":1,"y":1,"curve":"stepped"},{"time":0.5,"x":1,"y":1,"curve":"stepped"},{"time":0.5333,"x":1,"y":1,"curve":"stepped"},{"time":0.6666,"x":1,"y":1,"curve":"stepped"},{"time":0.7,"x":1,"y":1}]}},"drawOrder":[{"time":0.3333,"offsets":[{"slot":"MAIN","offset":1}]},{"time":0.5,"offsets":[{"slot":"EF/EF_fire_dot/back_fire1","offset":-2},{"slot":"MAIN","offset":2}]},{"time":0.5333,"offsets":[{"slot":"EF/EF_fire_dot/back_fire1","offset":-2}]}],"events":[{"time":0.3333,"name":"Sound1","string":"cri_se_battle_monster_jump"},{"time":0.5333,"name":"Sound1","string":"cri_se_battle_monster_landing"}]},"cast":{"slots":{"EF/EF_fire_dot/L_arm_fire1-1":{"attachment":[{"time":0,"name":"EF/EF_fire_dot/L_arm_fire1-1"},{"time":0.1666,"name":"EF/EF_fire_dot/L_arm_fire1-2"},{"time":0.3666,"name":"EF/EF_fire_dot/L_arm_fire1-3"},{"time":0.5333,"name":"EF/EF_fire_dot/L_arm_fire1-4"},{"time":0.7,"name":"EF/EF_fire_dot/L_arm_fire1-1"},{"time":0.8666,"name":"EF/EF_fire_dot/L_arm_fire1-2"},{"time":1,"name":"EF/EF_fire_dot/L_arm_fire1-1"}]},"EF/EF_fire_dot/L_arm_fire2-1":{"attachment":[{"time":0,"name":"EF/EF_fire_dot/L_arm_fire2-1"},{"time":0.1666,"name":"EF/EF_fire_dot/L_arm_fire2-2"},{"time":0.3666,"name":"EF/EF_fire_dot/L_arm_fire2-3"},{"time":0.5333,"name":"EF/EF_fire_dot/L_arm_fire2-4"},{"time":0.7,"name":"EF/EF_fire_dot/L_arm_fire2-1"},{"time":0.8666,"name":"EF/EF_fire_dot/L_arm_fire2-2"},{"time":1,"name":"EF/EF_fire_dot/L_arm_fire2-1"}]},"EF/EF_fire_dot/R_arm_fire1":{"attachment":[{"time":0,"name":"EF/EF_fire_dot/R_arm_fire1"},{"time":0.1666,"name":"EF/EF_fire_dot/R_arm_fire2"},{"time":0.3666,"name":"EF/EF_fire_dot/R_arm_fire3"},{"time":0.5333,"name":"EF/EF_fire_dot/R_arm_fire4"},{"time":0.7,"name":"EF/EF_fire_dot/R_arm_fire1"},{"time":0.8666,"name":"EF/EF_fire_dot/R_arm_fire2"},{"time":1,"name":"EF/EF_fire_dot/R_arm_fire1"}]},"EF/EF_fire_dot/back_fire1":{"attachment":[{"time":0,"name":"EF/EF_fire_dot/back_fire1"},{"time":0.1666,"name":"EF/EF_fire_dot/back_fire2"},{"time":0.3666,"name":"EF/EF_fire_dot/back_fire3"},{"time":0.5333,"name":"EF/EF_fire_dot/back_fire4"},{"time":0.7,"name":"EF/EF_fire_dot/back_fire1"},{"time":0.8666,"name":"EF/EF_fire_dot/back_fire2"},{"time":1,"name":"EF/EF_fire_dot/back_fire1"}]},"EF/EF_fire_dot/head_fire1-1":{"attachment":[{"time":0,"name":"EF/EF_fire_dot/head_fire1-1"},{"time":0.1666,"name":"EF/EF_fire_dot/head_fire1-2"},{"time":0.3666,"name":"EF/EF_fire_dot/head_fire1-3"},{"time":0.5333,"name":"EF/EF_fire_dot/head_fire1-4"},{"time":0.7,"name":"EF/EF_fire_dot/head_fire1-1"},{"time":0.8666,"name":"EF/EF_fire_dot/head_fire1-2"},{"time":1,"name":"EF/EF_fire_dot/head_fire1-1"}]},"EF/EF_fire_dot/head_fire2-1":{"attachment":[{"time":0,"name":"EF/EF_fire_dot/head_fire2-1"},{"time":0.1666,"name":"EF/EF_fire_dot/head_fire2-2"},{"time":0.3666,"name":"EF/EF_fire_dot/head_fire2-3"},{"time":0.5333,"name":"EF/EF_fire_dot/head_fire2-4"},{"time":0.7,"name":"EF/EF_fire_dot/head_fire2-1"},{"time":0.8666,"name":"EF/EF_fire_dot/head_fire2-2"},{"time":1,"name":"EF/EF_fire_dot/head_fire2-1"}]},"MAIN":{"attachment":[{"time":0,"name":"attack1_00"},{"time":0.0666,"name":"attack1_01"},{"time":0.1333,"name":"attack1_02"},{"time":0.5,"name":"attack1_03"},{"time":0.5333,"name":"attack1_04"},{"time":0.6,"name":"attack1_05"},{"time":0.7,"name":"attack1_06"},{"time":1,"name":null}]}},"bones":{"MAIN":{"translate":[{"time":0,"x":0,"y":0,"curve":"stepped"},{"time":0.0666,"x":6,"y":0,"curve":"stepped"},{"time":0.5,"x":-4,"y":0}]},"EF_back_fire":{"rotate":[{"time":0,"angle":0,"curve":"stepped"},{"time":0.0666,"angle":-9.33,"curve":"stepped"},{"time":0.1333,"angle":78.54,"curve":"stepped"},{"time":0.5,"angle":70.31,"curve":"stepped"},{"time":0.5333,"angle":70.31,"curve":"stepped"},{"time":0.6,"angle":64.19,"curve":"stepped"},{"time":0.7,"angle":57.64,"curve":"stepped"},{"time":1,"angle":0}],"translate":[{"time":0,"x":0,"y":0,"curve":"stepped"},{"time":0.0666,"x":7.31,"y":6.6,"curve":"stepped"},{"time":0.1333,"x":13.21,"y":0.94,"curve":"stepped"},{"time":0.5,"x":2.83,"y":-15.57,"curve":"stepped"},{"time":0.5333,"x":2.36,"y":-11.56,"curve":"stepped"},{"time":0.6,"x":3.77,"y":-11.32,"curve":"stepped"},{"time":0.7,"x":2.83,"y":-12.74,"curve":"stepped"},{"time":1,"x":0,"y":0}],"scale":[{"time":0,"x":1,"y":1,"curve":"stepped"},{"time":0.0666,"x":1,"y":1,"curve":"stepped"},{"time":0.1333,"x":1,"y":1,"curve":"stepped"},{"time":0.5,"x":1,"y":1,"curve":"stepped"},{"time":0.5333,"x":1,"y":1,"curve":"stepped"},{"time":0.6,"x":1,"y":1,"curve":"stepped"},{"time":0.7,"x":1,"y":1,"curve":"stepped"},{"time":1,"x":1,"y":1}]},"EF_head_fire2":{"rotate":[{"time":0,"angle":0,"curve":"stepped"},{"time":0.0666,"angle":11.6,"curve":"stepped"},{"time":0.1333,"angle":15,"curve":"stepped"},{"time":0.5,"angle":11.39,"curve":"stepped"},{"time":0.5333,"angle":11.39,"curve":"stepped"},{"time":0.6,"angle":7.95,"curve":"stepped"},{"time":0.7,"angle":10.96,"curve":"stepped"},{"time":1,"angle":0}],"translate":[{"time":0,"x":0,"y":0,"curve":"stepped"},{"time":0.0666,"x":9.2,"y":2.12,"curve":"stepped"},{"time":0.1333,"x":4.95,"y":0.47,"curve":"stepped"},{"time":0.5,"x":1.88,"y":-12.27,"curve":"stepped"},{"time":0.5333,"x":2.12,"y":-8.96,"curve":"stepped"},{"time":0.6,"x":4.01,"y":-7.31,"curve":"stepped"},{"time":0.7,"x":2.12,"y":-6.84,"curve":"stepped"},{"time":1,"x":0,"y":0}],"scale":[{"time":0,"x":1,"y":1,"curve":"stepped"},{"time":0.0666,"x":1,"y":1,"curve":"stepped"},{"time":0.1333,"x":1,"y":1,"curve":"stepped"},{"time":0.5,"x":1,"y":1,"curve":"stepped"},{"time":0.5333,"x":1,"y":1,"curve":"stepped"},{"time":0.6,"x":1,"y":1,"curve":"stepped"},{"time":0.7,"x":1,"y":1,"curve":"stepped"},{"time":1,"x":1,"y":1}]},"EF_L_arm_fire1":{"rotate":[{"time":0,"angle":0,"curve":"stepped"},{"time":0.0666,"angle":-43.86,"curve":"stepped"},{"time":0.1333,"angle":-67.57,"curve":"stepped"},{"time":0.5,"angle":-26.07,"curve":"stepped"},{"time":0.5333,"angle":-33.16,"curve":"stepped"},{"time":0.6,"angle":-43.7,"curve":"stepped"},{"time":0.7,"angle":-35.66,"curve":"stepped"},{"time":1,"angle":0}],"translate":[{"time":0,"x":0,"y":0,"curve":"stepped"},{"time":0.0666,"x":2.35,"y":-11.79,"curve":"stepped"},{"time":0.1333,"x":3.3,"y":-16.51,"curve":"stepped"},{"time":0.5,"x":-6.6,"y":-19.58,"curve":"stepped"},{"time":0.5333,"x":-5.19,"y":-13.21,"curve":"stepped"},{"time":0.6,"x":-4.95,"y":-11.09,"curve":"stepped"},{"time":0.7,"x":-6.37,"y":-9.67,"curve":"stepped"},{"time":1,"x":0,"y":0}],"scale":[{"time":0,"x":1,"y":1,"curve":"stepped"},{"time":0.0666,"x":1,"y":1,"curve":"stepped"},{"time":0.1333,"x":1,"y":1,"curve":"stepped"},{"time":0.5,"x":1,"y":1,"curve":"stepped"},{"time":0.5333,"x":1,"y":1,"curve":"stepped"},{"time":0.6,"x":1,"y":1,"curve":"stepped"},{"time":0.7,"x":1,"y":1,"curve":"stepped"},{"time":1,"x":1,"y":1}]},"EF_head_fire1":{"rotate":[{"time":0,"angle":0,"curve":"stepped"},{"time":0.0666,"angle":-2.77,"curve":"stepped"},{"time":0.1333,"angle":9.82,"curve":"stepped"},{"time":0.5,"angle":39.36,"curve":"stepped"},{"time":0.5333,"angle":42.62,"curve":"stepped"},{"time":0.6,"angle":37,"curve":"stepped"},{"time":0.7,"angle":33.76,"curve":"stepped"},{"time":1,"angle":0}],"translate":[{"time":0,"x":0,"y":0,"curve":"stepped"},{"time":0.0666,"x":8.96,"y":2.36,"curve":"stepped"},{"time":0.1333,"x":9.91,"y":3.06,"curve":"stepped"},{"time":0.5,"x":8.49,"y":-13.68,"curve":"stepped"},{"time":0.5333,"x":9.91,"y":-10.61,"curve":"stepped"},{"time":0.6,"x":11.32,"y":-10.14,"curve":"stepped"},{"time":0.7,"x":9.67,"y":-10.14,"curve":"stepped"},{"time":1,"x":0,"y":0}],"scale":[{"time":0,"x":1,"y":1,"curve":"stepped"},{"time":0.0666,"x":1,"y":1,"curve":"stepped"},{"time":0.1333,"x":1,"y":1,"curve":"stepped"},{"time":0.5,"x":1,"y":1,"curve":"stepped"},{"time":0.5333,"x":1,"y":1,"curve":"stepped"},{"time":0.6,"x":1,"y":1,"curve":"stepped"},{"time":0.7,"x":1,"y":1,"curve":"stepped"},{"time":1,"x":1,"y":1}]},"EF_L_arm_fire2":{"rotate":[{"time":0,"angle":0,"curve":"stepped"},{"time":0.0666,"angle":-12.46,"curve":"stepped"},{"time":0.1333,"angle":-27.46,"curve":"stepped"},{"time":0.5,"angle":-8.14,"curve":"stepped"},{"time":0.5333,"angle":-2.38,"curve":"stepped"},{"time":0.6,"angle":-8.41,"curve":"stepped"},{"time":0.7,"angle":-5.35,"curve":"stepped"},{"time":1,"angle":0}],"translate":[{"time":0,"x":0,"y":0,"curve":"stepped"},{"time":0.0666,"x":6.37,"y":0,"curve":"stepped"},{"time":0.1333,"x":11.09,"y":-2.36,"curve":"stepped"},{"time":0.5,"x":-1.41,"y":-13.21,"curve":"stepped"},{"time":0.5333,"x":1.18,"y":-13.92,"curve":"stepped"},{"time":0.6,"x":0.94,"y":-12.74,"curve":"stepped"},{"time":0.7,"x":-0.23,"y":-13.21,"curve":"stepped"},{"time":1,"x":0,"y":0}],"scale":[{"time":0,"x":1,"y":1,"curve":"stepped"},{"time":0.0666,"x":1,"y":1,"curve":"stepped"},{"time":0.1333,"x":1,"y":1,"curve":"stepped"},{"time":0.5,"x":1,"y":1,"curve":"stepped"},{"time":0.5333,"x":1,"y":1,"curve":"stepped"},{"time":0.6,"x":1,"y":1,"curve":"stepped"},{"time":0.7,"x":1,"y":1,"curve":"stepped"},{"time":1,"x":1,"y":1}]},"EF_R_arm_fire":{"rotate":[{"time":0,"angle":0,"curve":"stepped"},{"time":0.0666,"angle":-6.77,"curve":"stepped"},{"time":0.1333,"angle":-6.77,"curve":"stepped"},{"time":0.5,"angle":-42.64,"curve":"stepped"},{"time":0.5333,"angle":-42.64,"curve":"stepped"},{"time":0.6,"angle":-42.64,"curve":"stepped"},{"time":0.7,"angle":-40.65,"curve":"stepped"},{"time":1,"angle":0}],"translate":[{"time":0,"x":0,"y":0,"curve":"stepped"},{"time":0.0666,"x":8.96,"y":-0.94,"curve":"stepped"},{"time":0.1333,"x":10.85,"y":-4.24,"curve":"stepped"},{"time":0.5,"x":-0.94,"y":-11.56,"curve":"stepped"},{"time":0.5333,"x":0.94,"y":-7.78,"curve":"stepped"},{"time":0.6,"x":1.88,"y":-6.13,"curve":"stepped"},{"time":0.7,"x":1.88,"y":-6.13,"curve":"stepped"},{"time":1,"x":0,"y":0}],"scale":[{"time":0,"x":1,"y":1,"curve":"stepped"},{"time":0.0666,"x":1,"y":1,"curve":"stepped"},{"time":0.1333,"x":1,"y":1,"curve":"stepped"},{"time":0.5,"x":1,"y":1,"curve":"stepped"},{"time":0.5333,"x":1,"y":1,"curve":"stepped"},{"time":0.6,"x":1,"y":1,"curve":"stepped"},{"time":0.7,"x":1,"y":1,"curve":"stepped"},{"time":1,"x":1,"y":1}]}},"drawOrder":[{"time":0.5,"offsets":[{"slot":"EF/EF_fire_dot/back_fire1","offset":-2},{"slot":"MAIN","offset":2}]}],"events":[{"time":0.5,"name":"Voice","string":"cri_006b_voice_item"}]},"damage":{"slots":{"MAIN":{"attachment":[{"time":0,"name":"damage_00"}]}},"bones":{"MAIN":{"translate":[{"time":0,"x":6,"y":0}]},"EF_head_fire2":{"rotate":[{"time":0,"angle":-8.63}],"translate":[{"time":0,"x":33.78,"y":0.46}]},"EF_head_fire1":{"rotate":[{"time":0,"angle":-11.82}],"translate":[{"time":0,"x":28.89,"y":-6.75}]},"EF_R_arm_fire":{"rotate":[{"time":0,"angle":5.4}],"translate":[{"time":0,"x":19.57,"y":11.18}]},"EF_L_arm_fire1":{"translate":[{"time":0,"x":25.86,"y":-11.88}]},"EF_L_arm_fire2":{"rotate":[{"time":0,"angle":6.58}],"translate":[{"time":0,"x":25.39,"y":-10.25}]},"EF_back_fire":{"rotate":[{"time":0,"angle":-21.22}],"translate":[{"time":0,"x":18.64,"y":-7.45}]}}},"front":{"slots":{"EF/EF_fire_dot/L_arm_fire1-1":{"attachment":[{"time":0,"name":"EF/EF_fire_dot/L_arm_fire1-1"},{"time":0.2,"name":"EF/EF_fire_dot/L_arm_fire1-2"},{"time":0.3666,"name":"EF/EF_fire_dot/L_arm_fire1-3"},{"time":0.5666,"name":"EF/EF_fire_dot/L_arm_fire1-4"},{"time":0.7333,"name":"EF/EF_fire_dot/L_arm_fire1-1"},{"time":0.9333,"name":"EF/EF_fire_dot/L_arm_fire1-2"},{"time":1.1,"name":"EF/EF_fire_dot/L_arm_fire1-3"},{"time":1.3,"name":"EF/EF_fire_dot/L_arm_fire1-4"}]},"EF/EF_fire_dot/L_arm_fire2-1":{"attachment":[{"time":0,"name":"EF/EF_fire_dot/L_arm_fire2-1"},{"time":0.2,"name":"EF/EF_fire_dot/L_arm_fire2-2"},{"time":0.3666,"name":"EF/EF_fire_dot/L_arm_fire2-3"},{"time":0.5666,"name":"EF/EF_fire_dot/L_arm_fire2-4"},{"time":0.7333,"name":"EF/EF_fire_dot/L_arm_fire2-1"},{"time":0.9333,"name":"EF/EF_fire_dot/L_arm_fire2-2"},{"time":1.1,"name":"EF/EF_fire_dot/L_arm_fire2-3"},{"time":1.3,"name":"EF/EF_fire_dot/L_arm_fire2-4"}]},"EF/EF_fire_dot/R_arm_fire1":{"attachment":[{"time":0,"name":"EF/EF_fire_dot/R_arm_fire1"},{"time":0.2,"name":"EF/EF_fire_dot/R_arm_fire2"},{"time":0.3666,"name":"EF/EF_fire_dot/R_arm_fire3"},{"time":0.5666,"name":"EF/EF_fire_dot/R_arm_fire4"},{"time":0.7333,"name":"EF/EF_fire_dot/R_arm_fire1"},{"time":0.9333,"name":"EF/EF_fire_dot/R_arm_fire2"},{"time":1.1,"name":"EF/EF_fire_dot/R_arm_fire3"},{"time":1.3,"name":"EF/EF_fire_dot/R_arm_fire4"}]},"EF/EF_fire_dot/back_fire1":{"attachment":[{"time":0,"name":"EF/EF_fire_dot/back_fire1"},{"time":0.2,"name":"EF/EF_fire_dot/back_fire2"},{"time":0.3666,"name":"EF/EF_fire_dot/back_fire3"},{"time":0.5666,"name":"EF/EF_fire_dot/back_fire4"},{"time":0.7333,"name":"EF/EF_fire_dot/back_fire1"},{"time":0.9333,"name":"EF/EF_fire_dot/back_fire2"},{"time":1.1,"name":"EF/EF_fire_dot/back_fire3"},{"time":1.3,"name":"EF/EF_fire_dot/back_fire4"}]},"EF/EF_fire_dot/head_fire1-1":{"attachment":[{"time":0,"name":"EF/EF_fire_dot/head_fire1-1"},{"time":0.2,"name":"EF/EF_fire_dot/head_fire1-2"},{"time":0.3666,"name":"EF/EF_fire_dot/head_fire1-3"},{"time":0.5666,"name":"EF/EF_fire_dot/head_fire1-4"},{"time":0.7333,"name":"EF/EF_fire_dot/head_fire1-1"},{"time":0.9333,"name":"EF/EF_fire_dot/head_fire1-2"},{"time":1.1,"name":"EF/EF_fire_dot/head_fire1-3"},{"time":1.3,"name":"EF/EF_fire_dot/head_fire1-4"}]},"EF/EF_fire_dot/head_fire2-1":{"attachment":[{"time":0,"name":"EF/EF_fire_dot/head_fire2-1"},{"time":0.2,"name":"EF/EF_fire_dot/head_fire2-2"},{"time":0.3666,"name":"EF/EF_fire_dot/head_fire2-3"},{"time":0.5666,"name":"EF/EF_fire_dot/head_fire2-4"},{"time":0.7333,"name":"EF/EF_fire_dot/head_fire2-1"},{"time":0.9333,"name":"EF/EF_fire_dot/head_fire2-2"},{"time":1.1,"name":"EF/EF_fire_dot/head_fire2-3"},{"time":1.3,"name":"EF/EF_fire_dot/head_fire2-4"}]},"MAIN":{"attachment":[{"time":0,"name":"front_00"},{"time":0.1333,"name":"front_01"},{"time":0.2333,"name":"front_02"},{"time":0.5333,"name":"front_03"},{"time":0.6666,"name":"front_04"},{"time":0.8333,"name":"front_03"},{"time":0.9666,"name":"front_00"},{"time":1.3,"name":"front_00"}]}},"bones":{"MAIN":{"translate":[{"time":0,"x":0,"y":0,"curve":"stepped"},{"time":0.5333,"x":-10,"y":20,"curve":[0.285,0.35,0.621,0.68]},{"time":0.6666,"x":-40,"y":35,"curve":[0.294,0.35,0.63,0.69]},{"time":0.8333,"x":-55,"y":25,"curve":[0.312,0.35,0.647,0.68]},{"time":0.9666,"x":-65,"y":0,"curve":[0.372,0.67,0.711,1]},{"time":1.0333,"x":-70,"y":0,"curve":"stepped"},{"time":1.3,"x":0,"y":0}]},"EF_L_arm_fire1":{"rotate":[{"time":0,"angle":-66.29,"curve":"stepped"},{"time":0.1333,"angle":-65.09,"curve":"stepped"},{"time":0.2,"angle":-65.09,"curve":"stepped"},{"time":0.2333,"angle":-60.96,"curve":"stepped"},{"time":0.3666,"angle":-50.9,"curve":"stepped"},{"time":0.5333,"angle":16.09,"curve":"stepped"},{"time":0.5666,"angle":16.09,"curve":[0.241,0.32,0.736,0.73]},{"time":0.6666,"angle":44.2,"curve":"stepped"},{"time":0.7333,"angle":44.2,"curve":"stepped"},{"time":0.8333,"angle":44.2,"curve":[0.242,0.25,0.642,0.67]},{"time":0.9333,"angle":27.27,"curve":"stepped"},{"time":0.9666,"angle":-63.63,"curve":"stepped"},{"time":1.0333,"angle":-63.63,"curve":"stepped"},{"time":1.1,"angle":-63.63}],"translate":[{"time":0,"x":-10.38,"y":-19.82,"curve":"stepped"},{"time":0.1333,"x":-9.24,"y":-20.5,"curve":"stepped"},{"time":0.2,"x":-9.24,"y":-20.5,"curve":"stepped"},{"time":0.2333,"x":-8.34,"y":-20.73,"curve":"stepped"},{"time":0.3666,"x":-7.93,"y":-21.66,"curve":"stepped"},{"time":0.5333,"x":9.59,"y":33.74,"curve":"stepped"},{"time":0.5666,"x":-7.55,"y":35.58,"curve":[0.241,0.32,0.736,0.73]},{"time":0.6666,"x":-37.38,"y":58.37,"curve":[0.24,0.31,0.75,0.9]},{"time":0.7333,"x":-40.97,"y":52.99,"curve":[0.25,0,0.75,1]},{"time":0.8333,"x":-48.13,"y":40,"curve":[0.242,0.25,0.642,0.67]},{"time":0.9333,"x":-46.15,"y":19.7,"curve":"stepped"},{"time":0.9666,"x":-74.57,"y":-18.68,"curve":[0.385,0.69,0.705,0.99]},{"time":1.0333,"x":-78.15,"y":-19.12,"curve":"stepped"},{"time":1.1,"x":-78.15,"y":-19.12,"curve":"stepped"},{"time":1.3,"x":-10.38,"y":-19.82}]},"EF_L_arm_fire2":{"rotate":[{"time":0,"angle":-35.52,"curve":"stepped"},{"time":0.1333,"angle":-35.52,"curve":"stepped"},{"time":0.2,"angle":-35.52,"curve":"stepped"},{"time":0.2333,"angle":-19.64,"curve":"stepped"},{"time":0.3666,"angle":-19.64,"curve":"stepped"},{"time":0.5333,"angle":28.68,"curve":"stepped"},{"time":0.5666,"angle":28.68,"curve":[0.241,0.32,0.736,0.73]},{"time":0.6666,"angle":44.71,"curve":"stepped"},{"time":0.7333,"angle":44.71,"curve":"stepped"},{"time":0.8333,"angle":44.71,"curve":[0.242,0.25,0.642,0.67]},{"time":0.9333,"angle":34.87,"curve":"stepped"},{"time":0.9666,"angle":-35.42,"curve":"stepped"},{"time":1.0333,"angle":-35.42,"curve":"stepped"},{"time":1.1,"angle":-35.42}],"translate":[{"time":0,"x":-1.18,"y":-6.84,"curve":"stepped"},{"time":0.1333,"x":0.18,"y":-9.79,"curve":"stepped"},{"time":0.2,"x":0.18,"y":-9.79,"curve":"stepped"},{"time":0.2333,"x":-2.99,"y":-10.47,"curve":"stepped"},{"time":0.3666,"x":-2.76,"y":-10.7,"curve":"stepped"},{"time":0.5333,"x":1.54,"y":30.38,"curve":"stepped"},{"time":0.5666,"x":-4.82,"y":30.67,"curve":[0.241,0.32,0.736,0.73]},{"time":0.6666,"x":-36.07,"y":52.91,"curve":[0.24,0.31,0.75,0.9]},{"time":0.7333,"x":-42.57,"y":45.97,"curve":[0.25,0,0.75,1]},{"time":0.8333,"x":-48.84,"y":31.86,"curve":[0.242,0.25,0.642,0.67]},{"time":0.9333,"x":-55.9,"y":14.62,"curve":"stepped"},{"time":0.9666,"x":-66.09,"y":-6.88,"curve":[0.382,0.69,0.702,0.99]},{"time":1.0333,"x":-69.67,"y":-7.33,"curve":"stepped"},{"time":1.1,"x":-69.67,"y":-7.33,"curve":"stepped"},{"time":1.3,"x":-1.18,"y":-6.84}]},"EF_R_arm_fire":{"rotate":[{"time":0,"angle":0,"curve":"stepped"},{"time":0.1333,"angle":-10.36,"curve":"stepped"},{"time":0.2,"angle":-10.36,"curve":"stepped"},{"time":0.2333,"angle":-17.53,"curve":"stepped"},{"time":0.3666,"angle":-17.53,"curve":"stepped"},{"time":0.5333,"angle":-34.79,"curve":"stepped"},{"time":0.5666,"angle":-49.09,"curve":[0.241,0.32,0.736,0.73]},{"time":0.6666,"angle":-63.03,"curve":"stepped"},{"time":0.7333,"angle":-63.03,"curve":"stepped"},{"time":0.8333,"angle":-63.03,"curve":[0.246,0.28,0.731,0.81]},{"time":0.9333,"angle":-38.01,"curve":"stepped"},{"time":0.9666,"angle":10.06,"curve":"stepped"},{"time":1.0333,"angle":10.06,"curve":"stepped"},{"time":1.1,"angle":10.06}],"translate":[{"time":0,"x":4.48,"y":-2.59,"curve":"stepped"},{"time":0.1333,"x":4.48,"y":-5.09,"curve":"stepped"},{"time":0.2,"x":4.48,"y":-5.09,"curve":"stepped"},{"time":0.2333,"x":6.29,"y":-12.35,"curve":"stepped"},{"time":0.3666,"x":4.25,"y":-10.76,"curve":"stepped"},{"time":0.5333,"x":-26.38,"y":23.28,"curve":"stepped"},{"time":0.5666,"x":-23.9,"y":23.99,"curve":[0.241,0.32,0.736,0.73]},{"time":0.6666,"x":-45.5,"y":54.31,"curve":[0.24,0.31,0.75,0.9]},{"time":0.7333,"x":-53.11,"y":47.59,"curve":[0.25,0,0.75,1]},{"time":0.8333,"x":-66.55,"y":28.55,"curve":[0.242,0.25,0.642,0.67]},{"time":0.9333,"x":-72.62,"y":9.63,"curve":"stepped"},{"time":0.9666,"x":-59.83,"y":-2.8,"curve":[0.38,0.68,0.696,1]},{"time":1.0333,"x":-63.42,"y":-3.25,"curve":"stepped"},{"time":1.1,"x":-63.42,"y":-3.25,"curve":"stepped"},{"time":1.3,"x":4.48,"y":-2.59}]},"EF_back_fire":{"rotate":[{"time":0,"angle":0,"curve":"stepped"},{"time":0.1333,"angle":8.6,"curve":"stepped"},{"time":0.2,"angle":-3.43,"curve":"stepped"},{"time":0.2333,"angle":-3.43,"curve":"stepped"},{"time":0.3666,"angle":-3.43,"curve":"stepped"},{"time":0.5333,"angle":12.14,"curve":"stepped"},{"time":0.5666,"angle":49.05,"curve":"stepped"},{"time":0.6666,"angle":49.05,"curve":"stepped"},{"time":0.7333,"angle":49.05,"curve":"stepped"},{"time":0.8333,"angle":49.05,"curve":[0.242,0.25,0.642,0.67]},{"time":0.9333,"angle":56.95,"curve":"stepped"},{"time":0.9666,"angle":56.95,"curve":"stepped"},{"time":1.0333,"angle":56.95,"curve":"stepped"},{"time":1.1,"angle":56.95}],"translate":[{"time":0,"x":0.94,"y":-0.47,"curve":"stepped"},{"time":0.1333,"x":2.07,"y":-3.65,"curve":"stepped"},{"time":0.2,"x":0.26,"y":-5.01,"curve":"stepped"},{"time":0.2333,"x":-2.23,"y":-8.64,"curve":"stepped"},{"time":0.3666,"x":-1.09,"y":-7.05,"curve":"stepped"},{"time":0.5333,"x":-5.63,"y":22.22,"curve":"stepped"},{"time":0.5666,"x":-8.13,"y":18.59,"curve":[0.241,0.32,0.736,0.73]},{"time":0.6666,"x":-36.58,"y":37.67,"curve":[0.24,0.31,0.75,0.9]},{"time":0.7333,"x":-41.95,"y":36.55,"curve":[0.25,0,0.75,1]},{"time":0.8333,"x":-48.23,"y":25.35,"curve":[0.242,0.25,0.642,0.67]},{"time":0.9333,"x":-54.66,"y":10.13,"curve":"stepped"},{"time":0.9666,"x":-55.17,"y":-3.76,"curve":[0.387,0.69,0.697,0.99]},{"time":1.0333,"x":-58.75,"y":-4.21,"curve":"stepped"},{"time":1.1,"x":-61.22,"y":-2.64,"curve":"stepped"},{"time":1.3,"x":0.94,"y":-0.47}]},"EF_head_fire1":{"rotate":[{"time":0,"angle":0,"curve":"stepped"},{"time":0.1333,"angle":9.09,"curve":"stepped"},{"time":0.2,"angle":9.09,"curve":"stepped"},{"time":0.2333,"angle":21.56,"curve":"stepped"},{"time":0.3666,"angle":21.56,"curve":"stepped"},{"time":0.5333,"angle":50.93,"curve":"stepped"},{"time":0.5666,"angle":86.26,"curve":"stepped"},{"time":0.6666,"angle":86.26,"curve":[0.24,0.31,0.75,0.9]},{"time":0.7333,"angle":31.03,"curve":"stepped"},{"time":0.8333,"angle":31.03,"curve":[0.246,0.28,0.731,0.81]},{"time":0.9333,"angle":31.29,"curve":"stepped"},{"time":0.9666,"angle":65.52,"curve":"stepped"},{"time":1.0333,"angle":65.52,"curve":"stepped"},{"time":1.1,"angle":69.89}],"translate":[{"time":0,"x":1.65,"y":-0.94,"curve":"stepped"},{"time":0.1333,"x":3.46,"y":-4.57,"curve":"stepped"},{"time":0.2,"x":4.22,"y":-1.47,"curve":"stepped"},{"time":0.2333,"x":0.97,"y":-16.37,"curve":"stepped"},{"time":0.3666,"x":2.33,"y":-15.01,"curve":"stepped"},{"time":0.5333,"x":-4.7,"y":21.07,"curve":"stepped"},{"time":0.5666,"x":-7.88,"y":24.02,"curve":[0.241,0.32,0.736,0.73]},{"time":0.6666,"x":-32.32,"y":38.01,"curve":[0.24,0.31,0.75,0.9]},{"time":0.7333,"x":-43.74,"y":35.77,"curve":[0.25,0,0.75,1]},{"time":0.8333,"x":-50.02,"y":24.57,"curve":[0.242,0.25,0.642,0.67]},{"time":0.9333,"x":-58.87,"y":6.43,"curve":"stepped"},{"time":0.9666,"x":-52.93,"y":-5.22,"curve":[0.387,0.68,0.696,0.99]},{"time":1.0333,"x":-56.51,"y":-5.66,"curve":"stepped"},{"time":1.1,"x":-60.54,"y":-3.87,"curve":"stepped"},{"time":1.3,"x":1.65,"y":-0.94}]},"EF_head_fire2":{"rotate":[{"time":0,"angle":0,"curve":"stepped"},{"time":0.1333,"angle":15.56,"curve":"stepped"},{"time":0.2,"angle":9.16,"curve":"stepped"},{"time":0.2333,"angle":9.16,"curve":"stepped"},{"time":0.3666,"angle":9.16,"curve":"stepped"},{"time":0.5333,"angle":2.59,"curve":"stepped"},{"time":0.5666,"angle":-3.36,"curve":[0.241,0.32,0.736,0.73]},{"time":0.6666,"angle":1.38,"curve":[0.24,0.31,0.75,0.9]},{"time":0.7333,"angle":8.08,"curve":"stepped"},{"time":0.8333,"angle":8.08,"curve":[0.246,0.28,0.731,0.81]},{"time":0.9333,"angle":-2.14,"curve":"stepped"},{"time":0.9666,"angle":4.25,"curve":"stepped"},{"time":1.0333,"angle":4.25,"curve":"stepped"},{"time":1.1,"angle":4.25}],"translate":[{"time":0,"x":0,"y":0,"curve":"stepped"},{"time":0.1333,"x":-0.22,"y":-6.35,"curve":"stepped"},{"time":0.2,"x":-0.22,"y":-9.53,"curve":"stepped"},{"time":0.2333,"x":-2.49,"y":-18.61,"curve":"stepped"},{"time":0.3666,"x":-2.27,"y":-19.06,"curve":"stepped"},{"time":0.5333,"x":-13.16,"y":24.51,"curve":"stepped"},{"time":0.5666,"x":-10.77,"y":24.23,"curve":[0.241,0.32,0.736,0.73]},{"time":0.6666,"x":-42.55,"y":40.54,"curve":[0.24,0.31,0.75,0.9]},{"time":0.7333,"x":-50.17,"y":39.19,"curve":[0.25,0,0.75,1]},{"time":0.8333,"x":-56.44,"y":27.99,"curve":[0.242,0.25,0.642,0.67]},{"time":0.9333,"x":-62.35,"y":10.5,"curve":"stepped"},{"time":0.9666,"x":-65.62,"y":0.66,"curve":[0.38,0.7,0.696,0.98]},{"time":1.0333,"x":-69.21,"y":0.22,"curve":"stepped"},{"time":1.1,"x":-70.55,"y":0.22,"curve":"stepped"},{"time":1.3,"x":0,"y":0}]}},"drawOrder":[{"time":0.5666,"offsets":[{"slot":"EF/EF_fire_dot/back_fire1","offset":-3}]}]},"idle":{"slots":{"EF/EF_fire_dot/L_arm_fire1-1":{"attachment":[{"time":0,"name":"EF/EF_fire_dot/L_arm_fire1-1"},{"time":0.1666,"name":"EF/EF_fire_dot/L_arm_fire1-2"},{"time":0.3333,"name":"EF/EF_fire_dot/L_arm_fire1-3"},{"time":0.5,"name":"EF/EF_fire_dot/L_arm_fire1-4"},{"time":0.6666,"name":"EF/EF_fire_dot/L_arm_fire1-2"},{"time":0.8333,"name":"EF/EF_fire_dot/L_arm_fire1-1"}]},"EF/EF_fire_dot/L_arm_fire2-1":{"attachment":[{"time":0,"name":"EF/EF_fire_dot/L_arm_fire2-1"},{"time":0.1666,"name":"EF/EF_fire_dot/L_arm_fire2-2"},{"time":0.3333,"name":"EF/EF_fire_dot/L_arm_fire2-3"},{"time":0.5,"name":"EF/EF_fire_dot/L_arm_fire2-4"},{"time":0.6666,"name":"EF/EF_fire_dot/L_arm_fire2-2"},{"time":0.8333,"name":"EF/EF_fire_dot/L_arm_fire2-1"}]},"EF/EF_fire_dot/R_arm_fire1":{"attachment":[{"time":0,"name":"EF/EF_fire_dot/R_arm_fire1"},{"time":0.1666,"name":"EF/EF_fire_dot/R_arm_fire2"},{"time":0.3333,"name":"EF/EF_fire_dot/R_arm_fire3"},{"time":0.5,"name":"EF/EF_fire_dot/R_arm_fire4"},{"time":0.6666,"name":"EF/EF_fire_dot/R_arm_fire2"},{"time":0.8333,"name":"EF/EF_fire_dot/R_arm_fire1"}]},"EF/EF_fire_dot/back_fire1":{"attachment":[{"time":0,"name":"EF/EF_fire_dot/back_fire1"},{"time":0.1666,"name":"EF/EF_fire_dot/back_fire2"},{"time":0.3333,"name":"EF/EF_fire_dot/back_fire3"},{"time":0.5,"name":"EF/EF_fire_dot/back_fire4"},{"time":0.6666,"name":"EF/EF_fire_dot/back_fire2"},{"time":0.8333,"name":"EF/EF_fire_dot/back_fire1"}]},"EF/EF_fire_dot/head_fire1-1":{"attachment":[{"time":0,"name":"EF/EF_fire_dot/head_fire1-1"},{"time":0.1666,"name":"EF/EF_fire_dot/head_fire1-2"},{"time":0.3333,"name":"EF/EF_fire_dot/head_fire1-3"},{"time":0.5,"name":"EF/EF_fire_dot/head_fire1-4"},{"time":0.6666,"name":"EF/EF_fire_dot/head_fire1-2"},{"time":0.8333,"name":"EF/EF_fire_dot/head_fire1-1"}]},"EF/EF_fire_dot/head_fire2-1":{"attachment":[{"time":0,"name":"EF/EF_fire_dot/head_fire2-1"},{"time":0.1666,"name":"EF/EF_fire_dot/head_fire2-2"},{"time":0.3333,"name":"EF/EF_fire_dot/head_fire2-3"},{"time":0.5,"name":"EF/EF_fire_dot/head_fire2-4"},{"time":0.6666,"name":"EF/EF_fire_dot/head_fire2-2"},{"time":0.8333,"name":"EF/EF_fire_dot/head_fire2-1"}]},"MAIN":{"attachment":[{"time":0,"name":"idle_00"},{"time":0.1666,"name":"idle_01"},{"time":0.3333,"name":"idle_02"},{"time":0.5,"name":"idle_03"},{"time":0.6666,"name":"idle_04"},{"time":0.8333,"name":"idle_00"}]}},"bones":{"EF_L_arm_fire1":{"rotate":[{"time":0,"angle":0,"curve":"stepped"},{"time":0.1666,"angle":-1.18,"curve":"stepped"},{"time":0.3333,"angle":-2.37,"curve":"stepped"},{"time":0.5,"angle":-1.58,"curve":"stepped"},{"time":0.6666,"angle":-0.79,"curve":"stepped"},{"time":0.8333,"angle":0}],"translate":[{"time":0,"x":0,"y":0,"curve":"stepped"},{"time":0.1666,"x":0.7,"y":-1.05,"curve":"stepped"},{"time":0.3333,"x":1.41,"y":-2.11,"curve":"stepped"},{"time":0.5,"x":0.94,"y":-1.4,"curve":"stepped"},{"time":0.6666,"x":0.47,"y":-0.7,"curve":"stepped"},{"time":0.8333,"x":0,"y":0}],"scale":[{"time":0,"x":1,"y":1,"curve":"stepped"},{"time":0.1666,"x":1,"y":1,"curve":"stepped"},{"time":0.5,"x":1,"y":1,"curve":"stepped"},{"time":0.6666,"x":1,"y":1,"curve":"stepped"},{"time":0.8333,"x":1,"y":1}]},"EF_L_arm_fire2":{"rotate":[{"time":0,"angle":0,"curve":"stepped"},{"time":0.1666,"angle":5.47,"curve":"stepped"},{"time":0.3333,"angle":10.95,"curve":"stepped"},{"time":0.5,"angle":7.3,"curve":"stepped"},{"time":0.6666,"angle":3.65,"curve":"stepped"},{"time":0.8333,"angle":0}],"translate":[{"time":0,"x":0,"y":0,"curve":"stepped"},{"time":0.1666,"x":0.58,"y":-0.23,"curve":"stepped"},{"time":0.3333,"x":1.17,"y":-0.47,"curve":"stepped"},{"time":0.5,"x":0.78,"y":-0.31,"curve":"stepped"},{"time":0.6666,"x":0.39,"y":-0.15,"curve":"stepped"},{"time":0.8333,"x":0,"y":0}],"scale":[{"time":0,"x":1,"y":1,"curve":"stepped"},{"time":0.1666,"x":1,"y":1,"curve":"stepped"},{"time":0.5,"x":1,"y":1,"curve":"stepped"},{"time":0.6666,"x":1,"y":1,"curve":"stepped"},{"time":0.8333,"x":1,"y":1}]},"EF_R_arm_fire":{"rotate":[{"time":0,"angle":0,"curve":"stepped"},{"time":0.1666,"angle":0,"curve":"stepped"},{"time":0.5,"angle":0,"curve":"stepped"},{"time":0.6666,"angle":0,"curve":"stepped"},{"time":0.8333,"angle":0}],"translate":[{"time":0,"x":0,"y":0,"curve":"stepped"},{"time":0.1666,"x":-1.4,"y":0.7,"curve":"stepped"},{"time":0.3333,"x":-2.81,"y":1.4,"curve":"stepped"},{"time":0.5,"x":-1.87,"y":0.93,"curve":"stepped"},{"time":0.6666,"x":-0.93,"y":0.46,"curve":"stepped"},{"time":0.8333,"x":0,"y":0}],"scale":[{"time":0,"x":1,"y":1,"curve":"stepped"},{"time":0.1666,"x":1,"y":1,"curve":"stepped"},{"time":0.5,"x":1,"y":1,"curve":"stepped"},{"time":0.6666,"x":1,"y":1,"curve":"stepped"},{"time":0.8333,"x":1,"y":1}]},"EF_back_fire":{"rotate":[{"time":0,"angle":0,"curve":"stepped"},{"time":0.1666,"angle":0,"curve":"stepped"},{"time":0.5,"angle":0,"curve":"stepped"},{"time":0.6666,"angle":0,"curve":"stepped"},{"time":0.8333,"angle":0}],"translate":[{"time":0,"x":0,"y":0,"curve":"stepped"},{"time":0.1666,"x":0.58,"y":1.29,"curve":"stepped"},{"time":0.3333,"x":1.17,"y":2.58,"curve":"stepped"},{"time":0.5,"x":0.78,"y":1.72,"curve":"stepped"},{"time":0.6666,"x":0.39,"y":0.86,"curve":"stepped"},{"time":0.8333,"x":0,"y":0}],"scale":[{"time":0,"x":1,"y":1,"curve":"stepped"},{"time":0.1666,"x":1,"y":1,"curve":"stepped"},{"time":0.5,"x":1,"y":1,"curve":"stepped"},{"time":0.6666,"x":1,"y":1,"curve":"stepped"},{"time":0.8333,"x":1,"y":1}]},"EF_head_fire1":{"rotate":[{"time":0,"angle":0,"curve":"stepped"},{"time":0.1666,"angle":-0.26,"curve":"stepped"},{"time":0.3333,"angle":-0.53,"curve":"stepped"},{"time":0.5,"angle":-0.35,"curve":"stepped"},{"time":0.6666,"angle":-0.17,"curve":"stepped"},{"time":0.8333,"angle":0}],"translate":[{"time":0,"x":0,"y":0,"curve":"stepped"},{"time":0.1666,"x":2.23,"y":-1.52,"curve":"stepped"},{"time":0.3333,"x":4.46,"y":-3.05,"curve":"stepped"},{"time":0.5,"x":2.97,"y":-2.03,"curve":"stepped"},{"time":0.6666,"x":1.48,"y":-1.01,"curve":"stepped"},{"time":0.8333,"x":0,"y":0}],"scale":[{"time":0,"x":1,"y":1,"curve":"stepped"},{"time":0.1666,"x":1,"y":1,"curve":"stepped"},{"time":0.5,"x":1,"y":1,"curve":"stepped"},{"time":0.6666,"x":1,"y":1,"curve":"stepped"},{"time":0.8333,"x":1,"y":1}]},"EF_head_fire2":{"rotate":[{"time":0,"angle":0,"curve":"stepped"},{"time":0.1666,"angle":-1.9,"curve":"stepped"},{"time":0.3333,"angle":-3.81,"curve":"stepped"},{"time":0.5,"angle":-2.54,"curve":"stepped"},{"time":0.6666,"angle":-1.27,"curve":"stepped"},{"time":0.8333,"angle":0}],"translate":[{"time":0,"x":0,"y":0,"curve":"stepped"},{"time":0.1666,"x":0.23,"y":-0.93,"curve":"stepped"},{"time":0.3333,"x":0.47,"y":-1.87,"curve":"stepped"},{"time":0.5,"x":0.31,"y":-1.25,"curve":"stepped"},{"time":0.6666,"x":0.15,"y":-0.62,"curve":"stepped"},{"time":0.8333,"x":0,"y":0}],"scale":[{"time":0,"x":1,"y":1,"curve":"stepped"},{"time":0.1666,"x":1,"y":1,"curve":"stepped"},{"time":0.5,"x":1,"y":1,"curve":"stepped"},{"time":0.6666,"x":1,"y":1,"curve":"stepped"},{"time":0.8333,"x":1,"y":1}]}}},"skill1":{"slots":{"DAMAGEAREA":{"attachment":[{"time":0.6666,"name":"DAMAGEAREA"},{"time":1.1666,"name":null}]},"EF/EF_fire_dot/L_arm_fire1-1":{"attachment":[{"time":0,"name":"EF/EF_fire_dot/L_arm_fire1-1"},{"time":0.1666,"name":"EF/EF_fire_dot/L_arm_fire1-2"},{"time":0.3333,"name":"EF/EF_fire_dot/L_arm_fire1-3"},{"time":0.4333,"name":"EF/EF_fire_dot/L_arm_fire1-4"},{"time":0.5,"name":"EF/EF_fire_dot/L_arm_fire1-1"},{"time":0.6666,"name":"EF/EF_fire_dot/L_arm_fire1-2"},{"time":0.8333,"name":"EF/EF_fire_dot/L_arm_fire1-3"},{"time":1,"name":"EF/EF_fire_dot/L_arm_fire1-4"},{"time":1.2,"name":"EF/EF_fire_dot/L_arm_fire1-1"},{"time":1.3666,"name":"EF/EF_fire_dot/L_arm_fire1-2"}]},"EF/EF_fire_dot/L_arm_fire2-1":{"attachment":[{"time":0,"name":"EF/EF_fire_dot/L_arm_fire2-1"},{"time":0.1666,"name":"EF/EF_fire_dot/L_arm_fire2-2"},{"time":0.3333,"name":"EF/EF_fire_dot/L_arm_fire2-3"},{"time":0.4333,"name":"EF/EF_fire_dot/L_arm_fire2-4"},{"time":0.5,"name":"EF/EF_fire_dot/L_arm_fire2-1"},{"time":0.6666,"name":"EF/EF_fire_dot/L_arm_fire2-2"},{"time":0.8333,"name":"EF/EF_fire_dot/L_arm_fire2-3"},{"time":1,"name":"EF/EF_fire_dot/L_arm_fire2-4"},{"time":1.2,"name":"EF/EF_fire_dot/L_arm_fire2-1"},{"time":1.3666,"name":"EF/EF_fire_dot/L_arm_fire2-2"}]},"EF/EF_fire_dot/R_arm_fire1":{"attachment":[{"time":0,"name":"EF/EF_fire_dot/R_arm_fire1"},{"time":0.1666,"name":"EF/EF_fire_dot/R_arm_fire2"},{"time":0.3333,"name":"EF/EF_fire_dot/R_arm_fire3"},{"time":0.4333,"name":"EF/EF_fire_dot/R_arm_fire4"},{"time":0.5,"name":"EF/EF_fire_dot/R_arm_fire1"},{"time":0.6666,"name":"EF/EF_fire_dot/R_arm_fire2"},{"time":0.8333,"name":"EF/EF_fire_dot/R_arm_fire3"},{"time":1,"name":"EF/EF_fire_dot/R_arm_fire4"},{"time":1.2,"name":"EF/EF_fire_dot/R_arm_fire1"},{"time":1.3666,"name":"EF/EF_fire_dot/R_arm_fire2"}]},"EF/EF_fire_dot/back_fire1":{"attachment":[{"time":0,"name":"EF/EF_fire_dot/back_fire1"},{"time":0.1666,"name":"EF/EF_fire_dot/back_fire2"},{"time":0.3333,"name":"EF/EF_fire_dot/back_fire3"},{"time":0.4333,"name":"EF/EF_fire_dot/back_fire4"},{"time":0.5,"name":"EF/EF_fire_dot/back_fire1"},{"time":0.6666,"name":"EF/EF_fire_dot/back_fire2"},{"time":0.8333,"name":"EF/EF_fire_dot/back_fire3"},{"time":1,"name":"EF/EF_fire_dot/back_fire4"},{"time":1.2,"name":"EF/EF_fire_dot/back_fire1"},{"time":1.3666,"name":"EF/EF_fire_dot/back_fire2"}]},"EF/EF_fire_dot/head_fire1-1":{"attachment":[{"time":0,"name":"EF/EF_fire_dot/head_fire1-1"},{"time":0.1666,"name":"EF/EF_fire_dot/head_fire1-2"},{"time":0.3333,"name":"EF/EF_fire_dot/head_fire1-3"},{"time":0.4333,"name":"EF/EF_fire_dot/head_fire1-4"},{"time":0.5,"name":"EF/EF_fire_dot/head_fire1-1"},{"time":0.6666,"name":"EF/EF_fire_dot/head_fire1-2"},{"time":0.8333,"name":"EF/EF_fire_dot/head_fire1-3"},{"time":1,"name":"EF/EF_fire_dot/head_fire1-4"},{"time":1.2,"name":"EF/EF_fire_dot/head_fire1-1"},{"time":1.3666,"name":"EF/EF_fire_dot/head_fire1-2"}]},"EF/EF_fire_dot/head_fire2-1":{"attachment":[{"time":0,"name":"EF/EF_fire_dot/head_fire2-1"},{"time":0.1666,"name":"EF/EF_fire_dot/head_fire2-2"},{"time":0.3333,"name":"EF/EF_fire_dot/head_fire2-3"},{"time":0.4333,"name":"EF/EF_fire_dot/head_fire2-4"},{"time":0.5,"name":"EF/EF_fire_dot/head_fire2-1"},{"time":0.6666,"name":"EF/EF_fire_dot/head_fire2-2"},{"time":0.8333,"name":"EF/EF_fire_dot/head_fire2-3"},{"time":1,"name":"EF/EF_fire_dot/head_fire2-4"},{"time":1.2,"name":"EF/EF_fire_dot/head_fire2-1"},{"time":1.3666,"name":"EF/EF_fire_dot/head_fire2-2"}]},"MAIN":{"attachment":[{"time":0,"name":"skill2_00"},{"time":0.1,"name":"skill2_01"},{"time":0.2,"name":"skill2_02"},{"time":0.5666,"name":"skill2_03"},{"time":0.6333,"name":"skill2_04"},{"time":0.7,"name":"skill2_05"}]}},"bones":{"EF_L_arm_fire1":{"rotate":[{"time":0.1,"angle":-8.03,"curve":"stepped"},{"time":0.1666,"angle":1.72,"curve":"stepped"},{"time":0.2,"angle":-13.7,"curve":"stepped"},{"time":0.5666,"angle":1.77,"curve":"stepped"},{"time":0.6333,"angle":3.22,"curve":"stepped"},{"time":0.6666,"angle":3.77,"curve":"stepped"},{"time":0.7,"angle":1.74,"curve":"stepped"},{"time":1,"angle":10.22}],"translate":[{"time":0.1,"x":-0.53,"y":-5.93,"curve":"stepped"},{"time":0.1666,"x":-1.34,"y":-4.32,"curve":"stepped"},{"time":0.2,"x":-0.26,"y":-6.48,"curve":"stepped"},{"time":0.3333,"x":1.35,"y":-6.48,"curve":"stepped"},{"time":0.4333,"x":2.97,"y":-5.67,"curve":"stepped"},{"time":0.5666,"x":-3.5,"y":-2.97,"curve":"stepped"},{"time":0.6333,"x":-2.96,"y":-2.43,"curve":"stepped"},{"time":0.6666,"x":-4.04,"y":-2.16,"curve":"stepped"},{"time":0.7,"x":-5.93,"y":-0.54,"curve":"stepped"},{"time":0.8333,"x":-7.28,"y":0.26,"curve":"stepped"},{"time":1,"x":-7.82,"y":1.88,"curve":"stepped"},{"time":1.2,"x":-8.9,"y":1.07}]},"EF_L_arm_fire2":{"rotate":[{"time":0.1,"angle":-16.51,"curve":"stepped"},{"time":0.2,"angle":-24.07,"curve":"stepped"},{"time":0.5666,"angle":9.15,"curve":"stepped"},{"time":0.8333,"angle":14.65}],"translate":[{"time":0.1,"x":3.2,"y":-5.99,"curve":"stepped"},{"time":0.1666,"x":0,"y":-3.5,"curve":"stepped"},{"time":0.2,"x":7.01,"y":-0.54,"curve":"stepped"},{"time":0.3333,"x":5.93,"y":0.8,"curve":"stepped"},{"time":0.4333,"x":10.25,"y":1.61,"curve":"stepped"},{"time":0.5666,"x":0,"y":-4.58,"curve":"stepped"},{"time":0.6333,"x":-2.97,"y":-3.23,"curve":"stepped"},{"time":0.6666,"x":-6.74,"y":-2.15,"curve":"stepped"},{"time":0.7,"x":-9.17,"y":-1.61,"curve":"stepped"},{"time":0.8333,"x":-10.52,"y":-0.54,"curve":"stepped"},{"time":1,"x":-8.09,"y":1.34,"curve":"stepped"},{"time":1.2,"x":-6.2,"y":-2.69}]},"EF_R_arm_fire":{"rotate":[{"time":0.1,"angle":-11.37,"curve":"stepped"},{"time":0.2,"angle":-33.54,"curve":"stepped"},{"time":0.4333,"angle":-35.32,"curve":"stepped"},{"time":0.5666,"angle":-13,"curve":"stepped"},{"time":0.6333,"angle":11.64,"curve":"stepped"},{"time":0.7,"angle":9.47,"curve":"stepped"},{"time":1.2,"angle":-6.22}],"translate":[{"time":0.1,"x":3.5,"y":5.66,"curve":"stepped"},{"time":0.1666,"x":7.82,"y":7.55,"curve":"stepped"},{"time":0.2,"x":8.9,"y":7.28,"curve":"stepped"},{"time":0.3333,"x":13.22,"y":9.17,"curve":"stepped"},{"time":0.4333,"x":15.11,"y":9.17,"curve":"stepped"},{"time":0.5666,"x":-7.28,"y":-12.14,"curve":"stepped"},{"time":0.6333,"x":-3.77,"y":-14.3,"curve":"stepped"},{"time":0.6666,"x":-8.09,"y":-18.35,"curve":"stepped"},{"time":0.7,"x":-9.17,"y":-16.19,"curve":"stepped"},{"time":0.8333,"x":-10.25,"y":-16.19,"curve":"stepped"},{"time":1,"x":-10.52,"y":-13.76}]},"EF_head_fire2":{"rotate":[{"time":0.2,"angle":-4.96,"curve":"stepped"},{"time":0.4333,"angle":-6.5,"curve":"stepped"},{"time":0.5666,"angle":11.17,"curve":"stepped"},{"time":0.6333,"angle":-0.59,"curve":"stepped"},{"time":0.7,"angle":-4.26,"curve":"stepped"},{"time":0.8333,"angle":-6.98,"curve":"stepped"},{"time":1,"angle":-10.23,"curve":"stepped"},{"time":1.2,"angle":-12.11}],"translate":[{"time":0.1,"x":10.79,"y":3.5,"curve":"stepped"},{"time":0.1666,"x":9.17,"y":2.42,"curve":"stepped"},{"time":0.2,"x":22.13,"y":5.39,"curve":"stepped"},{"time":0.3333,"x":22.67,"y":5.66,"curve":"stepped"},{"time":0.4333,"x":19.7,"y":3.5,"curve":"stepped"},{"time":0.5666,"x":-6.47,"y":-2.15,"curve":"stepped"},{"time":0.6333,"x":-9.17,"y":-3.77,"curve":"stepped"},{"time":0.6666,"x":-14.3,"y":-5.39,"curve":"stepped"},{"time":0.7,"x":-13.49,"y":-4.58,"curve":"stepped"},{"time":0.8333,"x":-14.84,"y":-4.31,"curve":"stepped"},{"time":1,"x":-14.85,"y":-4.58,"curve":"stepped"},{"time":1.2,"x":-12.69,"y":-4.04}]},"EF_back_fire":{"rotate":[{"time":0.1,"angle":-5.68,"curve":"stepped"},{"time":0.5666,"angle":22.32,"curve":"stepped"},{"time":0.6333,"angle":17.93,"curve":"stepped"},{"time":0.6666,"angle":23.19,"curve":"stepped"},{"time":0.7,"angle":32.59,"curve":"stepped"},{"time":0.8333,"angle":46.5,"curve":"stepped"},{"time":1,"angle":76.92}],"translate":[{"time":0,"x":-4.59,"y":1.53,"curve":"stepped"},{"time":0.1,"x":5.18,"y":-0.37,"curve":"stepped"},{"time":0.2,"x":11.6,"y":7.55,"curve":"stepped"},{"time":0.3333,"x":15.11,"y":8.63,"curve":"stepped"},{"time":0.4333,"x":17.81,"y":4.59,"curve":"stepped"},{"time":0.5666,"x":-4.05,"y":-3.5,"curve":"stepped"},{"time":0.6333,"x":-6.21,"y":-2.15,"curve":"stepped"},{"time":0.6666,"x":-5.94,"y":-3.5,"curve":"stepped"},{"time":0.7,"x":-7.29,"y":-2.15,"curve":"stepped"},{"time":0.8333,"x":-5.4,"y":-1.34,"curve":"stepped"},{"time":1,"x":-6.48,"y":-1.88,"curve":"stepped"},{"time":1.2,"x":-0.81,"y":-3.23}]},"EF_head_fire1":{"rotate":[{"time":0.1,"angle":-4.45,"curve":"stepped"},{"time":0.2,"angle":0.79,"curve":"stepped"},{"time":0.5666,"angle":23.12,"curve":"stepped"},{"time":0.6333,"angle":-4.64,"curve":"stepped"},{"time":0.7,"angle":-9.16,"curve":"stepped"},{"time":1,"angle":12.05,"curve":"stepped"},{"time":1.2,"angle":-5.01}],"translate":[{"time":0.1,"x":8.9,"y":-0.8,"curve":"stepped"},{"time":0.2,"x":23.21,"y":0.54,"curve":"stepped"},{"time":0.3333,"x":26.45,"y":4.86,"curve":"stepped"},{"time":0.4333,"x":30.77,"y":2.97,"curve":"stepped"},{"time":0.5666,"x":-5.67,"y":-6.2,"curve":"stepped"},{"time":0.6333,"x":-10.53,"y":-4.05,"curve":"stepped"},{"time":0.6666,"x":-9.99,"y":-3.24,"curve":"stepped"},{"time":0.7,"x":-10.8,"y":-4.04,"curve":"stepped"},{"time":0.8333,"x":-8.64,"y":-3.24,"curve":"stepped"},{"time":1,"x":-7.56,"y":-5.66,"curve":"stepped"},{"time":1.2,"x":-9.45,"y":-8.09}]},"DAMAGEAREA":{"translate":[{"time":0,"x":0,"y":-2.17,"curve":"stepped"},{"time":0.6666,"x":-166.4,"y":135.3}],"scale":[{"time":0.6666,"x":1.5,"y":1.5}]}},"drawOrder":[{"time":0.4333,"offsets":[{"slot":"EF/EF_fire_dot/head_fire1-1","offset":1}]}],"events":[{"time":0.0333,"name":"Event","string":"setHitEffect(hit04a,1,0.7,30)"},{"time":0.6,"name":"Event","float":0.03,"string":"kHitStopType_normal"},{"time":0.6,"name":"Voice","string":"cri_006b_voice_fullarts_now"},{"time":0.8,"name":"Hit","float":1.25,"string":"resetHitList"},{"time":0.8,"name":"Sound1","string":"cri_se_battle_explosion_short"},{"time":0.8,"name":"Sound2","string":"cri_se_battle_gun_burst"},{"time":0.9,"name":"Hit","float":1.5,"string":"resetHitList"},{"time":0.9,"name":"Sound1","string":"cri_se_battle_explosion_short"},{"time":0.9,"name":"Sound2","string":"cri_se_battle_gun_burst"},{"time":1,"name":"Hit","float":1.5,"string":"resetHitList"},{"time":1,"name":"Sound1","string":"cri_se_battle_explosion_short"},{"time":1,"name":"Sound2","string":"cri_se_battle_gun_burst"}]},"skill2":{"slots":{"DAMAGEAREA":{"attachment":[{"time":0.6666,"name":"DAMAGEAREA"},{"time":0.8,"name":null}]},"EF/190_S1_magic1/magic_1fire":{"attachment":[{"time":0,"name":null},{"time":0.1,"name":"EF/190_S1_magic1/magic_1fire"}],"color":[{"time":0.1,"color":"ffffff00"},{"time":0.2333,"color":"ffffffff","curve":"stepped"},{"time":0.7333,"color":"ffffffff"},{"time":0.8666,"color":"ffffff00"}]},"EF/EF_fire_dot/L_arm_fire1-1":{"attachment":[{"time":0,"name":"EF/EF_fire_dot/L_arm_fire1-2"},{"time":0.1666,"name":"EF/EF_fire_dot/L_arm_fire1-3"},{"time":0.3,"name":"EF/EF_fire_dot/L_arm_fire1-3"},{"time":0.3333,"name":"EF/EF_fire_dot/L_arm_fire1-4"},{"time":0.4333,"name":"EF/EF_fire_dot/L_arm_fire1-3"},{"time":0.5,"name":"EF/EF_fire_dot/L_arm_fire1-1"},{"time":0.5666,"name":"EF/EF_fire_dot/L_arm_fire1-3"},{"time":0.6666,"name":"EF/EF_fire_dot/L_arm_fire1-3"},{"time":0.8333,"name":"EF/EF_fire_dot/L_arm_fire1-4"},{"time":1.0333,"name":"EF/EF_fire_dot/L_arm_fire1-1"},{"time":1.2,"name":"EF/EF_fire_dot/L_arm_fire1-2"}]},"EF/EF_fire_dot/L_arm_fire2-1":{"attachment":[{"time":0,"name":"EF/EF_fire_dot/L_arm_fire2-2"},{"time":0.1666,"name":"EF/EF_fire_dot/L_arm_fire2-3"},{"time":0.3,"name":"EF/EF_fire_dot/L_arm_fire2-3"},{"time":0.3333,"name":"EF/EF_fire_dot/L_arm_fire2-4"},{"time":0.4333,"name":"EF/EF_fire_dot/L_arm_fire2-3"},{"time":0.5,"name":"EF/EF_fire_dot/L_arm_fire2-1"},{"time":0.5666,"name":"EF/EF_fire_dot/L_arm_fire2-3"},{"time":0.6666,"name":"EF/EF_fire_dot/L_arm_fire2-3"},{"time":0.8333,"name":"EF/EF_fire_dot/L_arm_fire2-4"},{"time":1.0333,"name":"EF/EF_fire_dot/L_arm_fire2-1"},{"time":1.2,"name":"EF/EF_fire_dot/L_arm_fire2-2"}]},"EF/EF_fire_dot/R_arm_fire1":{"attachment":[{"time":0,"name":"EF/EF_fire_dot/R_arm_fire2"},{"time":0.1666,"name":"EF/EF_fire_dot/R_arm_fire3"},{"time":0.3,"name":"EF/EF_fire_dot/R_arm_fire3"},{"time":0.3333,"name":"EF/EF_fire_dot/R_arm_fire4"},{"time":0.4333,"name":"EF/EF_fire_dot/R_arm_fire3"},{"time":0.5,"name":"EF/EF_fire_dot/R_arm_fire1"},{"time":0.5666,"name":"EF/EF_fire_dot/R_arm_fire3"},{"time":0.6666,"name":"EF/EF_fire_dot/R_arm_fire3"},{"time":0.8333,"name":"EF/EF_fire_dot/R_arm_fire4"},{"time":1.0333,"name":"EF/EF_fire_dot/R_arm_fire1"},{"time":1.2,"name":"EF/EF_fire_dot/R_arm_fire2"}]},"EF/EF_fire_dot/back_fire1":{"attachment":[{"time":0,"name":"EF/EF_fire_dot/back_fire2"},{"time":0.1666,"name":"EF/EF_fire_dot/back_fire3"},{"time":0.3,"name":"EF/EF_fire_dot/back_fire3"},{"time":0.3333,"name":"EF/EF_fire_dot/back_fire4"},{"time":0.4333,"name":"EF/EF_fire_dot/back_fire3"},{"time":0.5,"name":"EF/EF_fire_dot/back_fire1"},{"time":0.5666,"name":"EF/EF_fire_dot/back_fire3"},{"time":0.6666,"name":"EF/EF_fire_dot/back_fire3"},{"time":0.8333,"name":"EF/EF_fire_dot/back_fire4"},{"time":1.0333,"name":"EF/EF_fire_dot/back_fire1"},{"time":1.2,"name":"EF/EF_fire_dot/back_fire2"}]},"EF/EF_fire_dot/head_fire1-1":{"attachment":[{"time":0,"name":"EF/EF_fire_dot/head_fire1-2"},{"time":0.1666,"name":"EF/EF_fire_dot/head_fire1-3"},{"time":0.3,"name":"EF/EF_fire_dot/head_fire1-3"},{"time":0.3333,"name":"EF/EF_fire_dot/head_fire1-4"},{"time":0.4333,"name":"EF/EF_fire_dot/head_fire1-3"},{"time":0.5,"name":"EF/EF_fire_dot/head_fire1-1"},{"time":0.5666,"name":"EF/EF_fire_dot/head_fire1-3"},{"time":0.6666,"name":"EF/EF_fire_dot/head_fire1-3"},{"time":0.8333,"name":"EF/EF_fire_dot/head_fire1-4"},{"time":1.0333,"name":"EF/EF_fire_dot/head_fire1-1"},{"time":1.2,"name":"EF/EF_fire_dot/head_fire1-2"}]},"EF/EF_fire_dot/head_fire2-1":{"attachment":[{"time":0,"name":"EF/EF_fire_dot/head_fire2-2"},{"time":0.1666,"name":"EF/EF_fire_dot/head_fire2-3"},{"time":0.3,"name":"EF/EF_fire_dot/head_fire2-3"},{"time":0.3333,"name":"EF/EF_fire_dot/head_fire2-4"},{"time":0.4333,"name":"EF/EF_fire_dot/head_fire2-3"},{"time":0.5,"name":"EF/EF_fire_dot/head_fire2-1"},{"time":0.5666,"name":"EF/EF_fire_dot/head_fire2-3"},{"time":0.6666,"name":"EF/EF_fire_dot/head_fire2-3"},{"time":0.8333,"name":"EF/EF_fire_dot/head_fire2-4"},{"time":1.0333,"name":"EF/EF_fire_dot/head_fire2-1"},{"time":1.2,"name":"EF/EF_fire_dot/head_fire2-2"}]},"MAIN":{"attachment":[{"time":0,"name":"skill1_00"},{"time":0.1,"name":"skill1_01"},{"time":0.1666,"name":"skill1_02"},{"time":0.2333,"name":"skill1_03"},{"time":0.3,"name":"skill1_02"},{"time":0.3666,"name":"skill1_03"},{"time":0.4333,"name":"skill1_02"},{"time":0.5,"name":"skill1_03"},{"time":0.5666,"name":"skill1_02"},{"time":0.6666,"name":"skill1_04"},{"time":0.7,"name":"skill1_05"},{"time":0.7333,"name":"skill1_06"},{"time":1.5,"name":"skill1_06"}]}},"bones":{"190_S1_magic1":{"translate":[{"time":0.1,"x":-900,"y":0}],"scale":[{"time":0.1,"x":0.496,"y":0.148},{"time":0.2333,"x":0.745,"y":0.223}]},"MAIN":{"translate":[{"time":0,"x":0,"y":0,"curve":"stepped"},{"time":0.6666,"x":-25,"y":0}]},"EF_L_arm_fire1":{"rotate":[{"time":0,"angle":-30.72,"curve":"stepped"},{"time":0.1,"angle":-56.15,"curve":"stepped"},{"time":0.1666,"angle":-63.06,"curve":"stepped"},{"time":0.2333,"angle":-60.97,"curve":"stepped"},{"time":0.3,"angle":-63.06,"curve":"stepped"},{"time":0.3666,"angle":-60.97,"curve":"stepped"},{"time":0.4333,"angle":-63.06,"curve":"stepped"},{"time":0.5,"angle":-65.38,"curve":"stepped"},{"time":0.5666,"angle":-63.06,"curve":"stepped"},{"time":0.6666,"angle":29.78,"curve":"stepped"},{"time":0.7,"angle":44.25,"curve":"stepped"},{"time":0.7333,"angle":58.72,"curve":"stepped"},{"time":1.0333,"angle":82.73}],"translate":[{"time":0,"x":3.36,"y":-17.64,"curve":"stepped"},{"time":0.1,"x":7.97,"y":-21.63,"curve":"stepped"},{"time":0.1666,"x":3.56,"y":-28.14,"curve":"stepped"},{"time":0.2333,"x":7.13,"y":-27.93,"curve":"stepped"},{"time":0.3,"x":3.56,"y":-28.14,"curve":"stepped"},{"time":0.3666,"x":7.13,"y":-27.93,"curve":"stepped"},{"time":0.4333,"x":3.56,"y":-28.14,"curve":"stepped"},{"time":0.5,"x":8.39,"y":-28.77,"curve":"stepped"},{"time":0.5666,"x":3.56,"y":-28.14,"curve":"stepped"},{"time":0.6666,"x":-49.08,"y":27.11,"curve":"stepped"},{"time":0.7,"x":-59.28,"y":29.5,"curve":"stepped"},{"time":0.7333,"x":-69.47,"y":31.9,"curve":"stepped"},{"time":1.0333,"x":-73.29,"y":35.42}],"scale":[{"time":0,"x":1,"y":1,"curve":"stepped"},{"time":0.1,"x":1,"y":1,"curve":"stepped"},{"time":0.1666,"x":1,"y":1,"curve":"stepped"},{"time":0.2333,"x":1,"y":1,"curve":"stepped"},{"time":0.3,"x":1,"y":1,"curve":"stepped"},{"time":0.3666,"x":1,"y":1,"curve":"stepped"},{"time":0.4333,"x":1,"y":1,"curve":"stepped"},{"time":0.5,"x":1,"y":1,"curve":"stepped"},{"time":0.5666,"x":1,"y":1,"curve":"stepped"},{"time":0.6666,"x":1,"y":1,"curve":"stepped"},{"time":0.7,"x":1,"y":1}]},"EF_L_arm_fire2":{"rotate":[{"time":0,"angle":0,"curve":"stepped"},{"time":0.1,"angle":-4.11,"curve":"stepped"},{"time":0.1666,"angle":-6.86,"curve":"stepped"},{"time":0.2333,"angle":-12.73,"curve":"stepped"},{"time":0.3,"angle":-6.86,"curve":"stepped"},{"time":0.3666,"angle":-12.73,"curve":"stepped"},{"time":0.4333,"angle":-6.86,"curve":"stepped"},{"time":0.5,"angle":-16.73,"curve":"stepped"},{"time":0.5666,"angle":-6.86,"curve":"stepped"},{"time":0.6666,"angle":-33.37,"curve":"stepped"},{"time":0.7,"angle":-22.46,"curve":"stepped"},{"time":0.7333,"angle":-11.54,"curve":"stepped"},{"time":1.0333,"angle":29.91}],"translate":[{"time":0,"x":5.66,"y":-9.66,"curve":"stepped"},{"time":0.1,"x":12.59,"y":-11.13,"curve":"stepped"},{"time":0.1666,"x":7.76,"y":-16.17,"curve":"stepped"},{"time":0.2333,"x":12.17,"y":-16.17,"curve":"stepped"},{"time":0.3,"x":7.76,"y":-16.17,"curve":"stepped"},{"time":0.3666,"x":12.17,"y":-16.17,"curve":"stepped"},{"time":0.4333,"x":7.76,"y":-16.17,"curve":"stepped"},{"time":0.5,"x":16.58,"y":-20.79,"curve":"stepped"},{"time":0.5666,"x":7.76,"y":-16.17,"curve":"stepped"},{"time":0.6666,"x":-46.55,"y":11.42,"curve":"stepped"},{"time":0.7,"x":-54.76,"y":11,"curve":"stepped"},{"time":0.7333,"x":-62.98,"y":10.59,"curve":"stepped"},{"time":1.0333,"x":-62.1,"y":15.58}],"scale":[{"time":0,"x":1,"y":1,"curve":"stepped"},{"time":0.1,"x":1,"y":1,"curve":"stepped"},{"time":0.1666,"x":1,"y":1,"curve":"stepped"},{"time":0.2333,"x":1,"y":1,"curve":"stepped"},{"time":0.3,"x":1,"y":1,"curve":"stepped"},{"time":0.3666,"x":1,"y":1,"curve":"stepped"},{"time":0.4333,"x":1,"y":1,"curve":"stepped"},{"time":0.5,"x":1,"y":1,"curve":"stepped"},{"time":0.5666,"x":1,"y":1,"curve":"stepped"},{"time":0.6666,"x":-1,"y":1,"curve":"stepped"},{"time":0.7,"x":-1,"y":1}]},"EF_R_arm_fire":{"rotate":[{"time":0,"angle":-12.42,"curve":"stepped"},{"time":0.1,"angle":-9.85,"curve":"stepped"},{"time":0.1666,"angle":-8.14,"curve":"stepped"},{"time":0.2333,"angle":-6.42,"curve":"stepped"},{"time":0.3,"angle":-8.14,"curve":"stepped"},{"time":0.3666,"angle":-6.42,"curve":"stepped"},{"time":0.4333,"angle":-8.14,"curve":"stepped"},{"time":0.5,"angle":-39.9,"curve":"stepped"},{"time":0.5666,"angle":-8.14,"curve":"stepped"},{"time":0.6666,"angle":-17.4,"curve":"stepped"},{"time":0.7,"angle":-31.18}],"translate":[{"time":0,"x":41.36,"y":51.03,"curve":"stepped"},{"time":0.1,"x":72.23,"y":41.16,"curve":"stepped"},{"time":0.1666,"x":31.91,"y":50.4,"curve":"stepped"},{"time":0.2333,"x":-14.91,"y":-6.29,"curve":"stepped"},{"time":0.3,"x":31.91,"y":50.4,"curve":"stepped"},{"time":0.3666,"x":-14.91,"y":-6.29,"curve":"stepped"},{"time":0.4333,"x":31.91,"y":50.4,"curve":"stepped"},{"time":0.5,"x":-10.71,"y":-10.7,"curve":"stepped"},{"time":0.5666,"x":31.91,"y":50.4,"curve":"stepped"},{"time":0.6666,"x":-0.35,"y":46.37,"curve":"stepped"},{"time":0.7,"x":-49.54,"y":-7.7,"curve":"stepped"},{"time":0.7333,"x":-59.63,"y":-11.86}],"scale":[{"time":0,"x":1,"y":1,"curve":"stepped"},{"time":0.1,"x":1,"y":1,"curve":"stepped"},{"time":0.1666,"x":1,"y":1,"curve":"stepped"},{"time":0.2333,"x":1,"y":1,"curve":"stepped"},{"time":0.3,"x":1,"y":1,"curve":"stepped"},{"time":0.3666,"x":1,"y":1,"curve":"stepped"},{"time":0.4333,"x":1,"y":1,"curve":"stepped"},{"time":0.5,"x":1,"y":1,"curve":"stepped"},{"time":0.5666,"x":1,"y":1,"curve":"stepped"},{"time":0.6666,"x":1,"y":1,"curve":"stepped"},{"time":0.7,"x":1,"y":1}]},"EF_back_fire":{"rotate":[{"time":0,"angle":0,"curve":"stepped"},{"time":0.1,"angle":-2.6,"curve":"stepped"},{"time":0.1666,"angle":-7.15,"curve":"stepped"},{"time":0.2333,"angle":-11.71,"curve":"stepped"},{"time":0.3,"angle":-7.15,"curve":"stepped"},{"time":0.3666,"angle":-11.71,"curve":"stepped"},{"time":0.4333,"angle":-7.15,"curve":"stepped"},{"time":0.5,"angle":19.88,"curve":"stepped"},{"time":0.5666,"angle":-7.15,"curve":"stepped"},{"time":0.6666,"angle":-61.54,"curve":"stepped"},{"time":0.7,"angle":-61.54}],"translate":[{"time":0,"x":6.3,"y":-6.08,"curve":"stepped"},{"time":0.1,"x":11.34,"y":-7.55,"curve":"stepped"},{"time":0.1666,"x":13.75,"y":-7.76,"curve":"stepped"},{"time":0.2333,"x":16.16,"y":-7.97,"curve":"stepped"},{"time":0.3,"x":13.75,"y":-7.76,"curve":"stepped"},{"time":0.3666,"x":16.16,"y":-7.97,"curve":"stepped"},{"time":0.4333,"x":13.75,"y":-7.76,"curve":"stepped"},{"time":0.5,"x":19.31,"y":-12.8,"curve":"stepped"},{"time":0.5666,"x":13.75,"y":-7.76,"curve":"stepped"},{"time":0.6666,"x":-53.87,"y":5.26,"curve":"stepped"},{"time":0.7,"x":-59.8,"y":2.45,"curve":"stepped"},{"time":0.7333,"x":-65.73,"y":-0.35,"curve":"stepped"},{"time":1.0333,"x":-60.73,"y":3.46}],"scale":[{"time":0,"x":1,"y":1,"curve":"stepped"},{"time":0.1,"x":1,"y":1,"curve":"stepped"},{"time":0.1666,"x":1,"y":1,"curve":"stepped"},{"time":0.2333,"x":1,"y":1,"curve":"stepped"},{"time":0.3,"x":1,"y":1,"curve":"stepped"},{"time":0.3666,"x":1,"y":1,"curve":"stepped"},{"time":0.4333,"x":1,"y":1,"curve":"stepped"},{"time":0.5,"x":1,"y":1,"curve":"stepped"},{"time":0.5666,"x":1,"y":1,"curve":"stepped"},{"time":0.6666,"x":-1,"y":1,"curve":"stepped"},{"time":0.7,"x":-1,"y":1}]},"EF_head_fire1":{"rotate":[{"time":0,"angle":0,"curve":"stepped"},{"time":0.1,"angle":-4.8,"curve":"stepped"},{"time":0.1666,"angle":-8,"curve":"stepped"},{"time":0.2333,"angle":-8,"curve":"stepped"},{"time":0.3,"angle":-8,"curve":"stepped"},{"time":0.3666,"angle":-8,"curve":"stepped"},{"time":0.4333,"angle":-8,"curve":"stepped"},{"time":0.5,"angle":-8,"curve":"stepped"},{"time":0.5666,"angle":-8,"curve":"stepped"},{"time":0.6666,"angle":9.48,"curve":"stepped"},{"time":0.7,"angle":13.75,"curve":"stepped"},{"time":0.7333,"angle":18.02}],"translate":[{"time":0,"x":13.01,"y":-5.03,"curve":"stepped"},{"time":0.1,"x":23.52,"y":-5.66,"curve":"stepped"},{"time":0.1666,"x":26.66,"y":-7.13,"curve":"stepped"},{"time":0.2333,"x":26.66,"y":-7.13,"curve":"stepped"},{"time":0.3,"x":26.66,"y":-7.13,"curve":"stepped"},{"time":0.3666,"x":26.66,"y":-7.13,"curve":"stepped"},{"time":0.4333,"x":26.66,"y":-7.13,"curve":"stepped"},{"time":0.5,"x":28.14,"y":-10.28,"curve":"stepped"},{"time":0.5666,"x":26.66,"y":-7.13,"curve":"stepped"},{"time":0.6666,"x":-49.07,"y":-0.13,"curve":"stepped"},{"time":0.7,"x":-54.38,"y":-3.98,"curve":"stepped"},{"time":0.7333,"x":-59.68,"y":-7.83}],"scale":[{"time":0,"x":1,"y":1,"curve":"stepped"},{"time":0.1,"x":1,"y":1,"curve":"stepped"},{"time":0.1666,"x":1,"y":1,"curve":"stepped"},{"time":0.2333,"x":1,"y":1,"curve":"stepped"},{"time":0.3,"x":1,"y":1,"curve":"stepped"},{"time":0.3666,"x":1,"y":1,"curve":"stepped"},{"time":0.4333,"x":1,"y":1,"curve":"stepped"},{"time":0.5,"x":1,"y":1,"curve":"stepped"},{"time":0.5666,"x":1,"y":1,"curve":"stepped"},{"time":0.6666,"x":1,"y":1,"curve":"stepped"},{"time":0.7,"x":1,"y":1}]},"EF_head_fire2":{"rotate":[{"time":0,"angle":-5.83,"curve":"stepped"},{"time":0.1,"angle":-24.5,"curve":"stepped"},{"time":0.1666,"angle":-18.27,"curve":"stepped"},{"time":0.2333,"angle":-19.57,"curve":"stepped"},{"time":0.3,"angle":-18.27,"curve":"stepped"},{"time":0.3666,"angle":-19.57,"curve":"stepped"},{"time":0.4333,"angle":-18.27,"curve":"stepped"},{"time":0.5,"angle":-8.65,"curve":"stepped"},{"time":0.5666,"angle":-18.27,"curve":"stepped"},{"time":0.6666,"angle":22.96,"curve":"stepped"},{"time":0.7,"angle":22.96,"curve":"stepped"},{"time":0.7333,"angle":22.96}],"translate":[{"time":0,"x":10.92,"y":-0.21,"curve":"stepped"},{"time":0.1,"x":22.89,"y":1.05,"curve":"stepped"},{"time":0.1666,"x":23.3,"y":-0.83,"curve":"stepped"},{"time":0.2333,"x":24.98,"y":-2.72,"curve":"stepped"},{"time":0.3,"x":23.3,"y":-0.83,"curve":"stepped"},{"time":0.3666,"x":24.98,"y":-2.72,"curve":"stepped"},{"time":0.4333,"x":23.3,"y":-0.83,"curve":"stepped"},{"time":0.5,"x":27.92,"y":-6.71,"curve":"stepped"},{"time":0.5666,"x":23.3,"y":-0.83,"curve":"stepped"},{"time":0.6666,"x":-54.1,"y":-11.1,"curve":"stepped"},{"time":0.7,"x":-59.09,"y":-14.74,"curve":"stepped"},{"time":0.7333,"x":-64.08,"y":-18.38}],"scale":[{"time":0,"x":1,"y":1,"curve":"stepped"},{"time":0.1,"x":1,"y":1,"curve":"stepped"},{"time":0.1666,"x":1,"y":1,"curve":"stepped"},{"time":0.2333,"x":1,"y":1,"curve":"stepped"},{"time":0.3,"x":1,"y":1,"curve":"stepped"},{"time":0.3666,"x":1,"y":1,"curve":"stepped"},{"time":0.4333,"x":1,"y":1,"curve":"stepped"},{"time":0.5,"x":1,"y":1,"curve":"stepped"},{"time":0.5666,"x":1,"y":1,"curve":"stepped"},{"time":0.6666,"x":1,"y":1,"curve":"stepped"},{"time":0.7,"x":1,"y":1,"curve":"stepped"},{"time":0.7333,"x":1,"y":1}]},"DAMAGEAREA":{"translate":[{"time":0.6666,"x":-159.86,"y":136.44}],"scale":[{"time":0.6666,"x":1,"y":1},{"time":0.7666,"x":1.718,"y":1.718}]}},"ffd":{"default":{"EF/190_S1_magic1/magic_1fire":{"EF/190_S1_magic1/magic_1fire":[{"time":0.2666},{"time":0.8666,"vertices":[-20.29003,-16.47918,-16.47919,20.29003,20.29003,16.47918,16.47919,-20.29003]}]}}},"drawOrder":[{"time":0,"offsets":[{"slot":"EF/EF_fire_dot/head_fire2-1","offset":3}]},{"time":0.5,"offsets":[{"slot":"EF/EF_fire_dot/back_fire1","offset":-2}]},{"time":0.6666,"offsets":[{"slot":"EF/EF_fire_dot/R_arm_fire1","offset":6},{"slot":"EF/EF_fire_dot/head_fire2-1","offset":4},{"slot":"EF/EF_fire_dot/head_fire1-1","offset":-1},{"slot":"MAIN","offset":0}]},{"time":0.7,"offsets":[{"slot":"EF/EF_fire_dot/R_arm_fire1","offset":4},{"slot":"EF/EF_fire_dot/head_fire2-1","offset":5},{"slot":"EF/EF_fire_dot/head_fire1-1","offset":-1},{"slot":"MAIN","offset":1}]},{"time":0.7333,"offsets":[{"slot":"EF/EF_fire_dot/R_arm_fire1","offset":4},{"slot":"EF/EF_fire_dot/head_fire2-1","offset":5},{"slot":"EF/EF_fire_dot/head_fire1-1","offset":-1},{"slot":"MAIN","offset":1}]},{"time":1.0333,"offsets":[{"slot":"EF/EF_fire_dot/back_fire1","offset":-3},{"slot":"EF/EF_fire_dot/L_arm_fire2-1","offset":-4},{"slot":"EF/EF_fire_dot/L_arm_fire1-1","offset":-4}]}],"events":[{"time":0.0333,"name":"Event","string":"setHitEffect(hit04a,1,0.7,30)"},{"time":0.0666,"name":"Sound1","string":"cri_se_battle_magic_Invocation_dark"},{"time":0.1666,"name":"Sound1","string":"cri_se_battle_monster_swish"},{"time":0.2666,"name":"Sound1","string":"cri_se_battle_monster_swish"},{"time":0.3666,"name":"Sound1","string":"cri_se_battle_monster_swish"},{"time":0.4666,"name":"Sound1","string":"cri_se_battle_monster_swish"},{"time":0.5666,"name":"Sound1","string":"cri_se_battle_monster_swish"},{"time":0.6333,"name":"Event","float":0.15,"string":"kHitStopType_enemyonly"},{"time":0.6333,"name":"Sound1","string":"cri_se_battle_gun_burst"},{"time":0.6333,"name":"Sound2","string":"cri_se_battle_explosion_short"},{"time":0.6666,"name":"Sound1","string":"setHitSound(se_battle_explosion_short)"},{"time":0.6666,"name":"View","string":"shakeGround"},{"time":0.6666,"name":"Voice","string":"cri_006b_voice_skill_b"}]}}}