{"skeleton":{"hash":"NZoS/82hufrtAU4EzDXkxr7qZoU","spine":"3.0.12","width":512,"height":512},"bones":[{"name":"root"},{"name":"S2_beam5","parent":"root","x":-300,"y":100},{"name":"S2_beam4","parent":"root","x":-300,"y":100},{"name":"MAIN","parent":"root","y":65},{"name":"ef","parent":"MAIN"},{"name":"dash_2","parent":"MAIN","x":-300,"y":-65},{"name":"dash_1","parent":"MAIN","x":-300,"y":-65},{"name":"charge_2","parent":"MAIN","x":-200,"y":-65},{"name":"charge_1","parent":"MAIN","x":-200,"y":-65},{"name":"DAMAGEAREA","parent":"root"},{"name":"wave_green_1","parent":"root","x":-400},{"name":"wave_green_2","parent":"root","x":-400},{"name":"wave_green_3","parent":"root","x":-400},{"name":"wave_green_4","parent":"root","x":-400}],"slots":[{"name":"attack_ef3","bone":"ef","blend":"additive"},{"name":"EF/wave_green/370_S1_wave1_00002","bone":"wave_green_1","blend":"additive"},{"name":"EF/wave_green/370_S1_wave1_2","bone":"wave_green_2","blend":"additive"},{"name":"EF/wave_green/370_S1_wave1_3","bone":"wave_green_3","blend":"additive"},{"name":"EF/wave_green/370_S1_wave1_4","bone":"wave_green_4","blend":"additive"},{"name":"EF/730_S1_dash1/5120_S1_dash1_00000","bone":"dash_1","blend":"additive"},{"name":"EF/730_S1_dash1/5120_S1_dash1_0","bone":"dash_2","blend":"additive"},{"name":"MAIN","bone":"MAIN","attachment":"idle_00"},{"name":"attack1_01_z","bone":"ef","blend":"additive"},{"name":"EF/charge/900_S2_sphire1_00001","bone":"charge_1","blend":"additive"},{"name":"EF/charge/900_S2_sphire1_1","bone":"charge_2","blend":"additive"},{"name":"EF/chage_beam/730_S2_beam4_00000","bone":"S2_beam4","blend":"additive"},{"name":"EF/chage_beam/730_S2_beam4_0","bone":"S2_beam5","blend":"additive"},{"name":"DAMAGEAREA","bone":"DAMAGEAREA"}],"skins":{"default":{"DAMAGEAREA":{"DAMAGEAREA":{"type":"boundingbox","vertices":[-63.76251,64.28543,-63.76251,-64.59191,64.8481,-64.09917,64.07501,63.84052]}},"EF/730_S1_dash1/5120_S1_dash1_0":{"EF/730_S1_dash1/5120_S1_dash1_00000":{"x":-12.15,"y":13.72,"rotation":27.75,"width":250,"height":250},"EF/730_S1_dash1/5120_S1_dash1_00001":{"x":-12.15,"y":13.72,"rotation":27.75,"width":250,"height":250},"EF/730_S1_dash1/5120_S1_dash1_00002":{"x":-12.15,"y":13.72,"rotation":27.75,"width":250,"height":250},"EF/730_S1_dash1/5120_S1_dash1_00003":{"x":-12.15,"y":13.72,"rotation":27.75,"width":250,"height":250},"EF/730_S1_dash1/5120_S1_dash1_00004":{"x":-12.15,"y":13.72,"rotation":27.75,"width":250,"height":250},"EF/730_S1_dash1/5120_S1_dash1_00005":{"x":-12.15,"y":13.72,"rotation":27.75,"width":250,"height":250},"EF/730_S1_dash1/5120_S1_dash1_00006":{"x":-12.15,"y":13.72,"rotation":27.75,"width":250,"height":250},"EF/730_S1_dash1/5120_S1_dash1_00007":{"x":-12.15,"y":13.72,"rotation":27.75,"width":250,"height":250},"EF/730_S1_dash1/5120_S1_dash1_00008":{"x":-12.15,"y":13.72,"rotation":27.75,"width":250,"height":250},"EF/730_S1_dash1/5120_S1_dash1_00009":{"x":-12.15,"y":13.72,"rotation":27.75,"width":250,"height":250}},"EF/730_S1_dash1/5120_S1_dash1_00000":{"EF/730_S1_dash1/5120_S1_dash1_00000":{"x":-12.15,"y":13.72,"rotation":27.75,"width":250,"height":250},"EF/730_S1_dash1/5120_S1_dash1_00001":{"x":-12.15,"y":13.72,"rotation":27.75,"width":250,"height":250},"EF/730_S1_dash1/5120_S1_dash1_00002":{"x":-12.15,"y":13.72,"rotation":27.75,"width":250,"height":250},"EF/730_S1_dash1/5120_S1_dash1_00003":{"x":-12.15,"y":13.72,"rotation":27.75,"width":250,"height":250},"EF/730_S1_dash1/5120_S1_dash1_00004":{"x":-12.15,"y":13.72,"rotation":27.75,"width":250,"height":250},"EF/730_S1_dash1/5120_S1_dash1_00005":{"x":-12.15,"y":13.72,"rotation":27.75,"width":250,"height":250},"EF/730_S1_dash1/5120_S1_dash1_00006":{"x":-12.15,"y":13.72,"rotation":27.75,"width":250,"height":250},"EF/730_S1_dash1/5120_S1_dash1_00007":{"x":-12.15,"y":13.72,"rotation":27.75,"width":250,"height":250},"EF/730_S1_dash1/5120_S1_dash1_00008":{"x":-12.15,"y":13.72,"rotation":27.75,"width":250,"height":250},"EF/730_S1_dash1/5120_S1_dash1_00009":{"x":-12.15,"y":13.72,"rotation":27.75,"width":250,"height":250}},"EF/chage_beam/730_S2_beam4_0":{"EF/chage_beam/730_S2_beam4_00000":{"x":6.6,"y":1.43,"width":500,"height":500},"EF/chage_beam/730_S2_beam4_00001":{"x":6.6,"y":1.43,"width":500,"height":500},"EF/chage_beam/730_S2_beam4_00002":{"x":6.6,"y":1.43,"width":500,"height":500},"EF/chage_beam/730_S2_beam4_00003":{"x":6.6,"y":1.43,"width":500,"height":500},"EF/chage_beam/730_S2_beam4_00004":{"x":6.6,"y":1.43,"width":500,"height":500}},"EF/chage_beam/730_S2_beam4_00000":{"EF/chage_beam/730_S2_beam4_00000":{"x":6.6,"y":1.43,"width":500,"height":500},"EF/chage_beam/730_S2_beam4_00001":{"x":6.6,"y":1.43,"width":500,"height":500},"EF/chage_beam/730_S2_beam4_00002":{"x":6.6,"y":1.43,"width":500,"height":500},"EF/chage_beam/730_S2_beam4_00003":{"x":6.6,"y":1.43,"width":500,"height":500},"EF/chage_beam/730_S2_beam4_00004":{"x":6.6,"y":1.43,"width":500,"height":500}},"EF/charge/900_S2_sphire1_00001":{"EF/charge/900_S2_sphire1_00001":{"x":-0.81,"width":500,"height":500},"EF/charge/900_S2_sphire1_00002":{"x":-0.81,"width":500,"height":500},"EF/charge/900_S2_sphire1_00003":{"x":-0.81,"width":500,"height":500},"EF/charge/900_S2_sphire1_00004":{"x":-0.81,"width":500,"height":500}},"EF/charge/900_S2_sphire1_1":{"EF/charge/900_S2_sphire1_00001":{"x":-0.81,"width":500,"height":500},"EF/charge/900_S2_sphire1_00002":{"x":-0.81,"width":500,"height":500},"EF/charge/900_S2_sphire1_00003":{"x":-0.81,"width":500,"height":500},"EF/charge/900_S2_sphire1_00004":{"x":-0.81,"width":500,"height":500}},"EF/wave_green/370_S1_wave1_00002":{"EF/wave_green/370_S1_wave1_00002":{"y":16.44,"width":500,"height":500},"EF/wave_green/370_S1_wave1_00003":{"y":16.44,"width":500,"height":500},"EF/wave_green/370_S1_wave1_00004":{"y":16.44,"width":500,"height":500},"EF/wave_green/370_S1_wave1_00005":{"y":16.44,"width":500,"height":500},"EF/wave_green/370_S1_wave1_00006":{"y":16.44,"width":500,"height":500},"EF/wave_green/370_S1_wave1_00007":{"y":16.44,"width":500,"height":500},"EF/wave_green/370_S1_wave1_00008":{"y":16.44,"width":500,"height":500},"EF/wave_green/370_S1_wave1_00009":{"y":16.44,"width":500,"height":500}},"EF/wave_green/370_S1_wave1_2":{"EF/wave_green/370_S1_wave1_00002":{"y":16.44,"width":500,"height":500},"EF/wave_green/370_S1_wave1_00003":{"y":16.44,"width":500,"height":500},"EF/wave_green/370_S1_wave1_00004":{"y":16.44,"width":500,"height":500},"EF/wave_green/370_S1_wave1_00005":{"y":16.44,"width":500,"height":500},"EF/wave_green/370_S1_wave1_00006":{"y":16.44,"width":500,"height":500},"EF/wave_green/370_S1_wave1_00007":{"y":16.44,"width":500,"height":500},"EF/wave_green/370_S1_wave1_00008":{"y":16.44,"width":500,"height":500},"EF/wave_green/370_S1_wave1_00009":{"y":16.44,"width":500,"height":500}},"EF/wave_green/370_S1_wave1_3":{"EF/wave_green/370_S1_wave1_00002":{"y":16.44,"width":500,"height":500},"EF/wave_green/370_S1_wave1_00003":{"y":16.44,"width":500,"height":500},"EF/wave_green/370_S1_wave1_00004":{"y":16.44,"width":500,"height":500},"EF/wave_green/370_S1_wave1_00005":{"y":16.44,"width":500,"height":500},"EF/wave_green/370_S1_wave1_00006":{"y":16.44,"width":500,"height":500},"EF/wave_green/370_S1_wave1_00007":{"y":16.44,"width":500,"height":500},"EF/wave_green/370_S1_wave1_00008":{"y":16.44,"width":500,"height":500},"EF/wave_green/370_S1_wave1_00009":{"y":16.44,"width":500,"height":500}},"EF/wave_green/370_S1_wave1_4":{"EF/wave_green/370_S1_wave1_00002":{"y":16.44,"width":500,"height":500},"EF/wave_green/370_S1_wave1_00003":{"y":16.44,"width":500,"height":500},"EF/wave_green/370_S1_wave1_00004":{"y":16.44,"width":500,"height":500},"EF/wave_green/370_S1_wave1_00005":{"y":16.44,"width":500,"height":500},"EF/wave_green/370_S1_wave1_00006":{"y":16.44,"width":500,"height":500},"EF/wave_green/370_S1_wave1_00007":{"y":16.44,"width":500,"height":500},"EF/wave_green/370_S1_wave1_00008":{"y":16.44,"width":500,"height":500},"EF/wave_green/370_S1_wave1_00009":{"y":16.44,"width":500,"height":500}},"MAIN":{"attack1_00":{"x":-48.5,"y":-14,"scaleX":2,"scaleY":2,"width":256,"height":256},"attack1_01":{"x":-48.5,"y":-14,"scaleX":2,"scaleY":2,"width":256,"height":256},"attack1_02":{"x":-48.5,"y":-14,"scaleX":2,"scaleY":2,"width":256,"height":256},"attack1_03":{"x":-48.5,"y":-14,"scaleX":2,"scaleY":2,"width":256,"height":256},"attack1_04":{"x":-48.5,"y":-14,"scaleX":2,"scaleY":2,"width":256,"height":256},"attack1_05":{"x":-48.5,"y":-14,"scaleX":2,"scaleY":2,"width":256,"height":256},"attack1_06":{"x":-48.5,"y":-14,"scaleX":2,"scaleY":2,"width":256,"height":256},"attack1_07":{"x":-48.5,"y":-14,"scaleX":2,"scaleY":2,"width":256,"height":256},"attack1_08":{"x":-48.5,"y":-14,"scaleX":2,"scaleY":2,"width":256,"height":256},"attack1_09":{"x":-48.5,"y":-14,"scaleX":2,"scaleY":2,"width":256,"height":256},"attack1_0a":{"x":-48.5,"y":-14,"scaleX":2,"scaleY":2,"width":256,"height":256},"back_00":{"x":-48.5,"y":-14,"scaleX":2,"scaleY":2,"width":256,"height":256},"damage_00":{"x":-48.5,"y":-14,"scaleX":2,"scaleY":2,"width":256,"height":256},"front_00":{"x":-48.5,"y":-14,"scaleX":2,"scaleY":2,"width":256,"height":256},"idle_00":{"x":-48.5,"y":-14,"scaleX":2,"scaleY":2,"width":256,"height":256},"idle_01":{"x":-48.5,"y":-14,"scaleX":2,"scaleY":2,"width":256,"height":256},"idle_02":{"x":-48.5,"y":-14,"scaleX":2,"scaleY":2,"width":256,"height":256},"idle_03":{"x":-48.5,"y":-14,"scaleX":2,"scaleY":2,"width":256,"height":256},"skill1_00":{"x":-48.5,"y":-14,"scaleX":2,"scaleY":2,"width":256,"height":256},"skill1_01":{"x":-48.5,"y":-14,"scaleX":2,"scaleY":2,"width":256,"height":256},"skill1_02":{"x":-48.5,"y":-14,"scaleX":2,"scaleY":2,"width":256,"height":256},"skill2_00":{"x":-48.5,"y":-14,"scaleX":2,"scaleY":2,"width":256,"height":256},"skill2_01":{"x":-48.5,"y":-14,"scaleX":2,"scaleY":2,"width":256,"height":256},"skill3_00":{"x":-48.5,"y":-14,"scaleX":2,"scaleY":2,"width":256,"height":256},"skill3_01":{"x":-48.5,"y":-14,"scaleX":2,"scaleY":2,"width":256,"height":256}},"attack1_01_z":{"attack1_01_z":{"x":-48.35,"y":-13.92,"scaleX":2,"scaleY":2,"width":256,"height":256},"attack1_02_z":{"x":-48.35,"y":-13.92,"scaleX":2,"scaleY":2,"width":256,"height":256}},"attack_ef3":{"attack_ef3":{"x":-48.5,"y":-14,"scaleX":2,"scaleY":2,"width":256,"height":256},"attack_ef4":{"x":-48.5,"y":-14,"scaleX":2,"scaleY":2,"width":256,"height":256},"attack_ef5":{"x":-48.5,"y":-14,"scaleX":2,"scaleY":2,"width":256,"height":256},"attack_ef6":{"x":-48.5,"y":-14,"scaleX":2,"scaleY":2,"width":256,"height":256}}}},"events":{"Event":{},"Event2":{},"Hit":{},"Sound1":{},"Sound2":{},"Sound3":{},"Voice":{}},"animations":{"attack1":{"slots":{"DAMAGEAREA":{"attachment":[{"time":0.3666,"name":"DAMAGEAREA"},{"time":0.4333,"name":null},{"time":0.5666,"name":"DAMAGEAREA"},{"time":0.6333,"name":null},{"time":0.9666,"name":"DAMAGEAREA"},{"time":1.0333,"name":null}]},"MAIN":{"attachment":[{"time":0,"name":"idle_00"},{"time":0.2,"name":"front_00"},{"time":0.3666,"name":"attack1_03"},{"time":0.4333,"name":"attack1_04"},{"time":0.5666,"name":"attack1_05"},{"time":0.6333,"name":"attack1_06"},{"time":0.8,"name":"attack1_07"},{"time":0.8666,"name":"attack1_08"},{"time":0.9,"name":"attack1_09"},{"time":1.1333,"name":"attack1_00"},{"time":1.3333,"name":"attack1_0a"},{"time":1.5,"name":"idle_03"},{"time":1.6666,"name":"idle_00"}]},"attack_ef3":{"attachment":[{"time":0.3666,"name":"attack_ef3"},{"time":0.4,"name":"attack_ef4"},{"time":0.4333,"name":null},{"time":0.5666,"name":"attack_ef5"},{"time":0.6,"name":"attack_ef6"},{"time":0.6333,"name":null}]}},"bones":{"MAIN":{"rotate":[{"time":0,"angle":0,"curve":"stepped"},{"time":0.8666,"angle":2.44,"curve":"stepped"},{"time":1.1333,"angle":0,"curve":"stepped"},{"time":1.6666,"angle":0}],"translate":[{"time":0,"x":0,"y":0,"curve":"stepped"},{"time":0.1666,"x":0,"y":0,"curve":[0.093,0.33,0.75,1]},{"time":0.3,"x":3.62,"y":0,"curve":"stepped"},{"time":0.3666,"x":-31,"y":0,"curve":"stepped"},{"time":0.5666,"x":-52.54,"y":0,"curve":"stepped"},{"time":0.8,"x":-70.5,"y":0,"curve":[0.08,0.49,0.75,1]},{"time":0.8666,"x":-97.66,"y":0,"curve":[0.08,0.49,0.75,1]},{"time":1.1333,"x":195.57,"y":-3.81,"curve":[0.089,0.51,0.75,1]},{"time":1.4666,"x":222.57,"y":0}]},"ef":{"translate":[{"time":0.3666,"x":47.11,"y":0}],"scale":[{"time":0.3666,"x":1.652,"y":1.652}]},"DAMAGEAREA":{"translate":[{"time":0.3666,"x":-152.85,"y":43.92,"curve":"stepped"},{"time":0.9666,"x":-561.35,"y":31.31}],"scale":[{"time":0.3666,"x":2.317,"y":0.701,"curve":"stepped"},{"time":0.9666,"x":9.753,"y":0.525}]}},"events":[{"time":0,"name":"Event","float":0.1,"string":"kHitStopType_normal"},{"time":0.3,"name":"Sound1","string":"cri_se_battle_sword_swish_heavy"},{"time":0.3,"name":"Sound2","string":"setHitSound(se_battle_019_sword_hit_03)"},{"time":0.3,"name":"Voice","string":"cri_226_voice_attack_random"},{"time":0.5,"name":"Sound1","string":"cri_se_battle_sword_swish_heavy"},{"time":0.5666,"name":"Hit","string":"resetHitList"},{"time":0.9,"name":"Sound1","string":"cri_se_battle_sword_swish_heavy"},{"time":0.9,"name":"Voice","string":"cri_226_voice_attack_c"},{"time":0.9666,"name":"Hit","string":"resetHitList"}]},"attack2":{"slots":{"DAMAGEAREA":{"attachment":[{"time":0.4,"name":"DAMAGEAREA"},{"time":1.0666,"name":null}]},"EF/wave_green/370_S1_wave1_00002":{"attachment":[{"time":1,"name":"EF/wave_green/370_S1_wave1_00002"},{"time":1.0333,"name":"EF/wave_green/370_S1_wave1_00003"},{"time":1.0666,"name":"EF/wave_green/370_S1_wave1_00004"},{"time":1.1,"name":"EF/wave_green/370_S1_wave1_00005"},{"time":1.1333,"name":"EF/wave_green/370_S1_wave1_00006"},{"time":1.1666,"name":"EF/wave_green/370_S1_wave1_00007"},{"time":1.2,"name":"EF/wave_green/370_S1_wave1_00008"},{"time":1.2333,"name":"EF/wave_green/370_S1_wave1_00009"},{"time":1.2666,"name":null}]},"MAIN":{"attachment":[{"time":0,"name":"idle_00"},{"time":0.0666,"name":"attack1_0a"},{"time":0.2,"name":"attack1_08"},{"time":0.2333,"name":"skill1_00"},{"time":0.9666,"name":"skill1_02"},{"time":1.0666,"name":"attack1_00"},{"time":1.2,"name":"attack1_0a"},{"time":1.3,"name":"idle_03"},{"time":1.4666,"name":"idle_00"}]}},"bones":{"MAIN":{"rotate":[{"time":0.1333,"angle":0,"curve":"stepped"},{"time":0.2,"angle":-16.58,"curve":"stepped"},{"time":1.0666,"angle":0,"curve":"stepped"},{"time":1.1,"angle":0}],"translate":[{"time":0.1333,"x":0,"y":0,"curve":"stepped"},{"time":0.2,"x":26.23,"y":0,"curve":[0.077,0.49,0.75,1]},{"time":0.3333,"x":85,"y":0,"curve":[0.082,0.49,0.547,1]},{"time":0.4,"x":100,"y":0,"curve":[0.082,0.49,0.547,1]},{"time":0.5,"x":115,"y":0,"curve":[0.082,0.49,0.547,1]},{"time":0.6,"x":130,"y":0,"curve":[0.082,0.49,0.547,1]},{"time":0.7,"x":145,"y":0,"curve":[0.082,0.49,0.547,1]},{"time":0.8,"x":160,"y":0},{"time":0.9,"x":165,"y":0,"curve":[0.25,0,0.75,1]},{"time":0.9666,"x":190,"y":0,"curve":[0.072,0.59,0.75,1]},{"time":1.0666,"x":206.63,"y":0,"curve":"stepped"},{"time":1.1,"x":206.63,"y":0,"curve":[0.067,0.47,0.75,1]},{"time":1.3666,"x":222.06,"y":0}],"scale":[{"time":0.1333,"x":1,"y":1,"curve":"stepped"},{"time":0.2,"x":1,"y":1}]},"wave_green_1":{"translate":[{"time":1,"x":-88.11,"y":-26.49}],"scale":[{"time":1,"x":1.437,"y":1.437}]},"DAMAGEAREA":{"translate":[{"time":0.4,"x":-487.08,"y":49.82,"curve":"stepped"},{"time":0.8333,"x":-167.58,"y":49.82,"curve":"stepped"},{"time":0.9666,"x":-313.27,"y":49.82},{"time":1.0333,"x":-374.61,"y":49.82}],"scale":[{"time":0.4,"x":10.268,"y":1,"curve":"stepped"},{"time":0.8333,"x":6.069,"y":1,"curve":"stepped"},{"time":0.9666,"x":8.396,"y":1},{"time":1.0333,"x":9.04,"y":1.076}]}},"events":[{"time":0,"name":"Event","float":0.1,"string":"kHitStopType_enemyonly"},{"time":0.2,"name":"Event2","float":1,"string":"shakeGround"},{"time":0.3,"name":"Sound2","string":"setHitSound(empty)"},{"time":0.3,"name":"Voice","string":"cri_226_voice_attack_c"},{"time":0.3333,"name":"Sound1","string":"cri_se_battle_beam"},{"time":0.3333,"name":"Sound2","string":"cri_se_battle_machine_missile"},{"time":0.4,"name":"Event2","float":1,"string":"shakeGround"},{"time":0.4333,"name":"Sound1","string":"cri_se_battle_beam"},{"time":0.4666,"name":"Hit","string":"resetHitList"},{"time":0.5,"name":"Sound2","string":"cri_se_battle_machine_missile"},{"time":0.5333,"name":"Sound1","string":"cri_se_battle_beam"},{"time":0.5666,"name":"Event2","float":1,"string":"shakeGround"},{"time":0.5666,"name":"Hit","string":"resetHitList"},{"time":0.6333,"name":"Sound1","string":"cri_se_battle_beam"},{"time":0.6333,"name":"Sound3","string":"cri_se_battle_explosion_short"},{"time":0.6666,"name":"Hit","string":"resetHitList"},{"time":0.6666,"name":"Sound2","string":"cri_se_battle_machine_missile"},{"time":0.7333,"name":"Sound1","string":"cri_se_battle_beam"},{"time":0.7666,"name":"Event2","float":1,"string":"shakeGround"},{"time":0.7666,"name":"Hit","string":"resetHitList"},{"time":0.8,"name":"Sound3","string":"cri_se_battle_explosion_short"},{"time":0.8333,"name":"Hit","string":"resetHitList"},{"time":0.8333,"name":"Sound1","string":"cri_se_battle_beam"},{"time":0.9,"name":"Hit","string":"resetHitList"},{"time":0.9,"name":"Sound3","string":"cri_se_battle_explosion_short"},{"time":0.9333,"name":"Sound1","string":"cri_se_battle_beam"},{"time":0.9666,"name":"Event","string":"setHitBackEnemy(100,0)"},{"time":0.9666,"name":"Hit","string":"resetHitList"},{"time":1,"name":"Event2","float":1,"string":"shakeGround"},{"time":1,"name":"Sound3","string":"cri_se_battle_explosion_short"}]},"attack3":{"slots":{"DAMAGEAREA":{"attachment":[{"time":0.5,"name":"DAMAGEAREA"},{"time":0.7,"name":null}]},"EF/chage_beam/730_S2_beam4_00000":{"attachment":[{"time":0.4333,"name":"EF/chage_beam/730_S2_beam4_00000"},{"time":0.4666,"name":"EF/chage_beam/730_S2_beam4_00001"},{"time":0.5,"name":"EF/chage_beam/730_S2_beam4_00002"},{"time":0.5333,"name":"EF/chage_beam/730_S2_beam4_00003"},{"time":0.5666,"name":"EF/chage_beam/730_S2_beam4_00004"},{"time":0.6,"name":null}],"color":[{"time":0.5333,"color":"ffffffff"},{"time":0.6,"color":"ffffff00"}]},"EF/charge/900_S2_sphire1_00001":{"attachment":[{"time":0.2,"name":"EF/charge/900_S2_sphire1_00001"},{"time":0.2333,"name":"EF/charge/900_S2_sphire1_00002"},{"time":0.2666,"name":"EF/charge/900_S2_sphire1_00003"},{"time":0.3,"name":"EF/charge/900_S2_sphire1_00004"},{"time":0.4666,"name":null}]},"MAIN":{"attachment":[{"time":0,"name":"idle_00"},{"time":0.0333,"name":"attack1_00"},{"time":0.4,"name":"attack1_09"},{"time":0.5666,"name":"attack1_08"},{"time":0.6,"name":"back_00"},{"time":1.1,"name":"idle_01"},{"time":1.2333,"name":"idle_02"},{"time":1.3666,"name":"idle_03"},{"time":1.5,"name":"idle_00"}]}},"bones":{"MAIN":{"translate":[{"time":0.4,"x":-10,"y":0,"curve":[0.25,0,0.75,1]},{"time":0.5666,"x":35,"y":0,"curve":[0.151,0.6,0.75,1]},{"time":0.7666,"x":45,"y":0}]},"charge_1":{"translate":[{"time":0.2,"x":82.83,"y":104.63,"curve":"stepped"},{"time":0.4,"x":83.29,"y":89.24}],"scale":[{"time":0.4,"x":1,"y":1},{"time":0.4666,"x":2.417,"y":2.417}]},"S2_beam4":{"translate":[{"time":0.4333,"x":196.76,"y":-11.17}],"scale":[{"time":0.4333,"x":0.608,"y":0.608,"curve":[0.25,0,0.75,1]},{"time":0.5666,"x":1.5,"y":1.5}]},"DAMAGEAREA":{"translate":[{"time":0.5,"x":-561.73,"y":80.56}],"scale":[{"time":0.5,"x":8.965,"y":1.67}]}},"events":[{"time":0,"name":"Event","float":0.2,"string":"kHitStopType_normal"},{"time":0,"name":"Sound1","string":"cri_se_battle_charge"},{"time":0.3,"name":"Voice","string":"cri_226_voice_attack_random"},{"time":0.3333,"name":"Sound3","string":"setHitSound(se_battle_007_attack_hit_01)"},{"time":0.4,"name":"Sound2","string":"cri_se_battle_darkness_explosion"},{"time":0.4333,"name":"Sound1","string":"cri_se_battle_beam"},{"time":0.5,"name":"Event2","float":2,"string":"shakeGround"},{"time":0.5666,"name":"Event","float":0.1,"string":"kHitStopType_enemyonly"},{"time":0.5666,"name":"Hit","string":"resetHitList"},{"time":0.6333,"name":"Hit","string":"resetHitList"}]},"attack4":{"slots":{"DAMAGEAREA":{"attachment":[{"time":0.5,"name":"DAMAGEAREA"},{"time":0.7666,"name":null}]},"EF/wave_green/370_S1_wave1_00002":{"attachment":[{"time":0.4333,"name":"EF/wave_green/370_S1_wave1_00002"},{"time":0.4666,"name":"EF/wave_green/370_S1_wave1_00003"},{"time":0.5,"name":"EF/wave_green/370_S1_wave1_00004"},{"time":0.5333,"name":"EF/wave_green/370_S1_wave1_00005"},{"time":0.5666,"name":"EF/wave_green/370_S1_wave1_00006"},{"time":0.6,"name":"EF/wave_green/370_S1_wave1_00007"},{"time":0.6333,"name":"EF/wave_green/370_S1_wave1_00008"},{"time":0.6666,"name":"EF/wave_green/370_S1_wave1_00009"},{"time":0.7333,"name":null}],"color":[{"time":0.6,"color":"ffffffff"},{"time":0.7333,"color":"ffffff00"}]},"EF/wave_green/370_S1_wave1_2":{"attachment":[{"time":0.5,"name":"EF/wave_green/370_S1_wave1_00002"},{"time":0.5333,"name":"EF/wave_green/370_S1_wave1_00003"},{"time":0.5666,"name":"EF/wave_green/370_S1_wave1_00004"},{"time":0.6,"name":"EF/wave_green/370_S1_wave1_00005"},{"time":0.6333,"name":"EF/wave_green/370_S1_wave1_00006"},{"time":0.6666,"name":"EF/wave_green/370_S1_wave1_00007"},{"time":0.7,"name":"EF/wave_green/370_S1_wave1_00008"},{"time":0.7333,"name":"EF/wave_green/370_S1_wave1_00009"},{"time":0.7666,"name":null}],"color":[{"time":0.6666,"color":"ffffffff"},{"time":0.7666,"color":"ffffff00"}]},"EF/wave_green/370_S1_wave1_3":{"attachment":[{"time":0.5666,"name":"EF/wave_green/370_S1_wave1_00002"},{"time":0.6,"name":"EF/wave_green/370_S1_wave1_00003"},{"time":0.6333,"name":"EF/wave_green/370_S1_wave1_00004"},{"time":0.6666,"name":"EF/wave_green/370_S1_wave1_00005"},{"time":0.7,"name":"EF/wave_green/370_S1_wave1_00006"},{"time":0.7333,"name":"EF/wave_green/370_S1_wave1_00007"},{"time":0.7666,"name":"EF/wave_green/370_S1_wave1_00008"},{"time":0.8,"name":"EF/wave_green/370_S1_wave1_00009"},{"time":0.8333,"name":null}],"color":[{"time":0.7333,"color":"ffffffff"},{"time":0.8333,"color":"ffffff00"}]},"EF/wave_green/370_S1_wave1_4":{"attachment":[{"time":0.6,"name":"EF/wave_green/370_S1_wave1_00002"},{"time":0.6333,"name":"EF/wave_green/370_S1_wave1_00003"},{"time":0.6666,"name":"EF/wave_green/370_S1_wave1_00004"},{"time":0.7,"name":"EF/wave_green/370_S1_wave1_00005"},{"time":0.7333,"name":"EF/wave_green/370_S1_wave1_00006"},{"time":0.7666,"name":"EF/wave_green/370_S1_wave1_00007"},{"time":0.8,"name":"EF/wave_green/370_S1_wave1_00008"},{"time":0.8333,"name":"EF/wave_green/370_S1_wave1_00009"},{"time":0.8666,"name":null}],"color":[{"time":0.7666,"color":"ffffffff"},{"time":0.8666,"color":"ffffff00"}]},"MAIN":{"attachment":[{"time":0,"name":"idle_00"},{"time":0.0333,"name":"attack1_00"},{"time":0.1,"name":"attack1_01"},{"time":0.1666,"name":"attack1_02"},{"time":0.4,"name":"attack1_01"},{"time":0.4333,"name":"attack1_03"},{"time":0.5,"name":"attack1_04"},{"time":1,"name":"attack1_03"},{"time":1.1,"name":"idle_00"},{"time":1.2333,"name":"idle_02"},{"time":1.3666,"name":"idle_03"},{"time":1.5,"name":"idle_00"}]},"attack1_01_z":{"attachment":[{"time":0.1666,"name":"attack1_02_z"},{"time":0.4,"name":"attack1_01_z"},{"time":0.4333,"name":null}],"color":[{"time":0.1333,"color":"ffffff00","curve":[0.45,0,0.75,1]},{"time":0.3333,"color":"fffee4ff"}]},"attack_ef3":{"attachment":[{"time":0.4333,"name":"attack_ef3"},{"time":0.4666,"name":"attack_ef4"},{"time":0.5,"name":null}]}},"bones":{"MAIN":{"translate":[{"time":0.0333,"x":0,"y":0,"curve":[0.093,0.61,0.75,1]},{"time":0.1666,"x":20,"y":0,"curve":"stepped"},{"time":0.4333,"x":20,"y":0,"curve":[0.144,0.4,0.75,1]},{"time":0.5,"x":5,"y":0,"curve":[0.12,0.57,0.75,1]},{"time":0.6666,"x":0,"y":0}]},"wave_green_1":{"translate":[{"time":0.4333,"x":405,"y":0}],"scale":[{"time":0.4333,"x":1,"y":1},{"time":0.7,"x":2.5,"y":2.5}]},"ef":{"translate":[{"time":0.4333,"x":47.1,"y":-1.34}]},"wave_green_2":{"translate":[{"time":0.5,"x":210,"y":0}],"scale":[{"time":0.5,"x":2,"y":2},{"time":0.7333,"x":2.5,"y":2.5}]},"wave_green_3":{"translate":[{"time":0.5666,"x":10,"y":0}],"scale":[{"time":0.5666,"x":2,"y":2},{"time":0.8,"x":2.5,"y":2.5}]},"wave_green_4":{"translate":[{"time":0.6,"x":-190,"y":0}],"scale":[{"time":0.6,"x":2,"y":2},{"time":0.8333,"x":2.5,"y":2.5}]},"DAMAGEAREA":{"translate":[{"time":0.5,"x":-99.68,"y":107.34},{"time":0.6333,"x":-437.06,"y":107.34}],"scale":[{"time":0.5,"x":3.274,"y":1.795},{"time":0.6333,"x":7.878,"y":1.795}]}},"events":[{"time":0,"name":"Event","float":0.25,"string":"kHitStopType_normal"},{"time":0.3333,"name":"Voice","string":"cri_226_voice_attack_random"},{"time":0.4,"name":"Sound1","string":"cri_se_battle_darkness_explosion"},{"time":0.4,"name":"Sound2","string":"cri_se_battle_thunder_small"},{"time":0.4,"name":"Sound3","string":"setHitSound(se_battle_swordslash_heavy)"},{"time":0.5,"name":"Event2","float":1,"string":"shakeGround"},{"time":0.5666,"name":"Event","float":0.1,"string":"kHitStopType_enemyonly"},{"time":0.5666,"name":"Event2","float":1,"string":"shakeGround"},{"time":0.5666,"name":"Hit","string":"resetHitList"},{"time":0.6333,"name":"Event2","float":1,"string":"shakeGround"},{"time":0.6333,"name":"Hit","string":"resetHitList"},{"time":0.7,"name":"Event2","float":1,"string":"shakeGround"},{"time":0.7,"name":"Hit","string":"resetHitList"}]},"attack5":{"slots":{"DAMAGEAREA":{"attachment":[{"time":0.8333,"name":"DAMAGEAREA"},{"time":1.1666,"name":null}]},"MAIN":{"attachment":[{"time":0,"name":"idle_00"},{"time":0.0333,"name":"attack1_05"},{"time":0.1,"name":"attack1_06"},{"time":0.3666,"name":"attack1_08"},{"time":0.4,"name":"skill1_01"},{"time":0.4333,"name":"skill1_02"},{"time":0.9666,"name":"skill3_00"},{"time":1.1333,"name":"attack1_00"},{"time":1.2333,"name":"idle_03"},{"time":1.3666,"name":"idle_00"},{"time":1.5,"name":"idle_00"}]}},"bones":{"MAIN":{"rotate":[{"time":0.3,"angle":0,"curve":"stepped"},{"time":0.3333,"angle":2.27,"curve":"stepped"},{"time":0.3666,"angle":34.22},{"time":0.4666,"angle":20.99,"curve":"stepped"},{"time":0.9,"angle":20.99},{"time":0.9666,"angle":28.77},{"time":1.1,"angle":35.44,"curve":"stepped"},{"time":1.1333,"angle":0}],"translate":[{"time":0.3,"x":0,"y":0,"curve":"stepped"},{"time":0.3333,"x":-0.88,"y":-4.13,"curve":"stepped"},{"time":0.3666,"x":0,"y":24.44,"curve":[0.25,0,0.75,1]},{"time":0.4666,"x":-5,"y":135,"curve":[0.087,0.61,0.75,1]},{"time":0.9,"x":-7,"y":165},{"time":0.9666,"x":-4,"y":169.07},{"time":1.1333,"x":0,"y":0},{"time":1.1666,"x":0,"y":-5.96,"curve":[0.159,0.54,0.75,1]},{"time":1.2666,"x":0,"y":0}]},"DAMAGEAREA":{"translate":[{"time":0.8333,"x":-424.28,"y":51.11}],"scale":[{"time":0.8333,"x":6.674,"y":1.996}]}},"events":[{"time":0,"name":"Event","float":0.1,"string":"kHitStopType_enemyonly"},{"time":0.3666,"name":"Sound1","string":"cri_se_battle_jump"},{"time":0.4333,"name":"Sound1","string":"cri_se_battle_machine_missile"},{"time":0.4333,"name":"Voice","string":"cri_226_voice_attack_c"},{"time":0.6,"name":"Event2","float":1,"string":"shakeGround"},{"time":0.6,"name":"Sound1","string":"cri_se_battle_machine_missile"},{"time":0.6666,"name":"Sound1","string":"cri_se_battle_031_explosion_03"},{"time":0.6666,"name":"Sound2","string":"cri_se_battle_explosion_short"},{"time":0.6666,"name":"Sound3","string":"setHitSound(se_battle_007_attack_hit_01)"},{"time":0.7333,"name":"Event2","float":1,"string":"shakeGround"},{"time":0.7333,"name":"Sound2","string":"cri_se_battle_explosion_short"},{"time":0.8,"name":"Sound2","string":"cri_se_battle_explosion_short"},{"time":0.8333,"name":"Event2","float":1,"string":"shakeGround"},{"time":0.9,"name":"Hit","string":"resetHitList"},{"time":0.9666,"name":"Event2","float":1,"string":"shakeGround"},{"time":0.9666,"name":"Hit","string":"resetHitList"},{"time":1.0333,"name":"Hit","string":"resetHitList"},{"time":1.1,"name":"Event2","float":1,"string":"shakeGround"},{"time":1.1,"name":"Hit","string":"resetHitList"},{"time":1.1333,"name":"Sound1","string":"cri_se_battle_landing"},{"time":1.2,"name":"Event2","float":1,"string":"shakeGround"}]},"back":{"slots":{"MAIN":{"attachment":[{"time":0,"name":"back_00"},{"time":0.3,"name":"attack1_0a"},{"time":0.3666,"name":"idle_03"},{"time":0.4666,"name":"idle_00"},{"time":0.5333,"name":"idle_00"}]}},"bones":{"MAIN":{"translate":[{"time":0,"x":0,"y":0,"curve":[0.487,0,0.75,1]},{"time":0.2666,"x":125,"y":0,"curve":[0.095,0.47,0.75,1]},{"time":0.5,"x":140,"y":0}]}},"events":[{"time":0,"name":"Sound1","string":"cri_se_battle_teleport"}]},"cast":{"slots":{"MAIN":{"attachment":[{"time":0,"name":"attack1_03"},{"time":0.1,"name":"attack1_04"},{"time":0.5,"name":"attack1_05"},{"time":0.7333,"name":"front_00"},{"time":0.8666,"name":"idle_00"},{"time":1,"name":"idle_00"}]}},"events":[{"time":0.4333,"name":"Voice","string":"cri_226_voice_item"}]},"damage":{"slots":{"MAIN":{"attachment":[{"time":0,"name":"damage_00"}]}}},"front":{"slots":{"MAIN":{"attachment":[{"time":0,"name":"front_00"}]}}},"idle":{"slots":{"MAIN":{"attachment":[{"time":0,"name":"idle_00"},{"time":0.2666,"name":"idle_01"},{"time":0.5333,"name":"idle_02"},{"time":0.8,"name":"idle_03"},{"time":1.0666,"name":"idle_00"}]}}},"in":{"slots":{"MAIN":{"attachment":[{"time":0,"name":"attack1_03"},{"time":0.1,"name":"attack1_04"},{"time":0.3333,"name":"attack1_05"},{"time":0.6,"name":"front_00"},{"time":0.7333,"name":"idle_00"},{"time":1,"name":"idle_00"}]}},"events":[{"time":0,"name":"Event","string":"takeSummon2"}]},"skill1":{"slots":{"DAMAGEAREA":{"attachment":[{"time":0.3666,"name":"DAMAGEAREA"},{"time":0.4333,"name":null},{"time":0.5333,"name":"DAMAGEAREA"},{"time":0.6,"name":null},{"time":0.7,"name":"DAMAGEAREA"},{"time":0.7666,"name":null},{"time":0.8666,"name":"DAMAGEAREA"},{"time":0.9333,"name":null},{"time":1.0333,"name":"DAMAGEAREA"},{"time":1.4333,"name":null}]},"EF/wave_green/370_S1_wave1_00002":{"attachment":[{"time":1.3333,"name":"EF/wave_green/370_S1_wave1_00002"},{"time":1.3666,"name":"EF/wave_green/370_S1_wave1_00003"},{"time":1.4,"name":"EF/wave_green/370_S1_wave1_00004"},{"time":1.4333,"name":"EF/wave_green/370_S1_wave1_00005"},{"time":1.4666,"name":"EF/wave_green/370_S1_wave1_00006"},{"time":1.5,"name":"EF/wave_green/370_S1_wave1_00007"},{"time":1.5333,"name":"EF/wave_green/370_S1_wave1_00008"},{"time":1.5666,"name":"EF/wave_green/370_S1_wave1_00009"},{"time":1.6,"name":null}]},"MAIN":{"attachment":[{"time":0,"name":"idle_00"},{"time":0.0666,"name":"attack1_0a"},{"time":0.2,"name":"attack1_08"},{"time":0.2333,"name":"skill1_00"},{"time":1.3666,"name":"skill1_02"},{"time":1.4666,"name":"attack1_00"},{"time":1.6,"name":"attack1_0a"},{"time":1.7,"name":"idle_03"},{"time":1.8666,"name":"idle_00"}]}},"bones":{"MAIN":{"rotate":[{"time":0.1333,"angle":0,"curve":"stepped"},{"time":0.2,"angle":-16.58,"curve":"stepped"},{"time":1.4666,"angle":0,"curve":"stepped"},{"time":1.5,"angle":0}],"translate":[{"time":0.1333,"x":0,"y":0,"curve":"stepped"},{"time":0.2,"x":26.23,"y":0,"curve":[0.077,0.49,0.75,1]},{"time":0.3333,"x":85,"y":0,"curve":[0.082,0.49,0.547,1]},{"time":0.4666,"x":100,"y":0,"curve":[0.082,0.49,0.547,1]},{"time":0.6333,"x":115,"y":0,"curve":[0.082,0.49,0.547,1]},{"time":0.8,"x":130,"y":0,"curve":[0.082,0.49,0.547,1]},{"time":0.9666,"x":145,"y":0,"curve":[0.082,0.49,0.547,1]},{"time":1.1333,"x":160,"y":0},{"time":1.3333,"x":165,"y":0},{"time":1.3666,"x":190,"y":0,"curve":[0.072,0.59,0.75,1]},{"time":1.4666,"x":206.63,"y":0,"curve":"stepped"},{"time":1.5,"x":206.63,"y":0,"curve":[0.067,0.47,0.75,1]},{"time":1.7666,"x":222.06,"y":0}],"scale":[{"time":0.1333,"x":1,"y":1,"curve":"stepped"},{"time":0.2,"x":1,"y":1}]},"wave_green_1":{"translate":[{"time":1.3333,"x":-88.11,"y":-26.49}],"scale":[{"time":1.3333,"x":1.437,"y":1.437}]},"DAMAGEAREA":{"translate":[{"time":0.3666,"x":-438.87,"y":39.18,"curve":"stepped"},{"time":1.1333,"x":-288.37,"y":66.27,"curve":"stepped"},{"time":1.3666,"x":-417.8,"y":63.26}],"scale":[{"time":0.3666,"x":7.922,"y":0.608,"curve":"stepped"},{"time":1.1333,"x":5.776,"y":1.23,"curve":"stepped"},{"time":1.3666,"x":7.922,"y":1.193}]}},"events":[{"time":0,"name":"Event","float":0.1,"string":"kHitStopType_normal"},{"time":0.0333,"name":"Event","string":"setSkillEffectEnabled(false)"},{"time":0.2,"name":"Sound1","string":"cri_se_battle_jump"},{"time":0.2,"name":"Voice","string":"cri_226_voice_skill_all"},{"time":0.2333,"name":"Sound2","string":"setHitSound(empty)"},{"time":0.3333,"name":"Sound1","string":"cri_se_battle_beam"},{"time":0.3333,"name":"Sound2","string":"cri_se_battle_machine_missile"},{"time":0.4666,"name":"Sound2","string":"cri_se_battle_machine_missile"},{"time":0.5,"name":"Sound1","string":"cri_se_battle_beam"},{"time":0.5333,"name":"Hit","string":"resetHitList"},{"time":0.6333,"name":"Sound2","string":"cri_se_battle_machine_missile"},{"time":0.6333,"name":"Sound3","string":"cri_se_battle_031_explosion_03"},{"time":0.6333,"name":"Voice","string":"cri_se_battle_explosion_short"},{"time":0.6666,"name":"Sound1","string":"cri_se_battle_beam"},{"time":0.7,"name":"Hit","string":"resetHitList"},{"time":0.8,"name":"Sound2","string":"cri_se_battle_machine_missile"},{"time":0.8333,"name":"Sound1","string":"cri_se_battle_beam"},{"time":0.8666,"name":"Hit","string":"resetHitList"},{"time":0.8666,"name":"Voice","string":"cri_se_battle_explosion_short"},{"time":0.9666,"name":"Sound2","string":"cri_se_battle_machine_missile"},{"time":1,"name":"Event","float":0.1,"string":"kHitStopType_enemyonly"},{"time":1,"name":"Sound1","string":"cri_se_battle_beam"},{"time":1,"name":"Voice","string":"cri_se_battle_explosion_short"},{"time":1.0333,"name":"Hit","string":"resetHitList"},{"time":1.1,"name":"Voice","string":"cri_se_battle_explosion_short"},{"time":1.1333,"name":"Hit","string":"resetHitList"},{"time":1.2333,"name":"Hit","string":"resetHitList"},{"time":1.2333,"name":"Voice","string":"cri_se_battle_explosion_short"},{"time":1.3333,"name":"Sound1","string":"cri_se_battle_beam"},{"time":1.3666,"name":"Hit","string":"resetHitList"},{"time":1.4666,"name":"Sound1","string":"cri_se_battle_landing"}]},"skill2":{"slots":{"DAMAGEAREA":{"attachment":[{"time":0.9,"name":"DAMAGEAREA"},{"time":1.5,"name":null},{"time":1.5666,"name":"DAMAGEAREA"},{"time":2.1,"name":null}]},"EF/730_S1_dash1/5120_S1_dash1_0":{"attachment":[{"time":0.4,"name":"EF/730_S1_dash1/5120_S1_dash1_00000"},{"time":0.4333,"name":"EF/730_S1_dash1/5120_S1_dash1_00001"},{"time":0.4666,"name":"EF/730_S1_dash1/5120_S1_dash1_00002"},{"time":0.5,"name":"EF/730_S1_dash1/5120_S1_dash1_00006"},{"time":0.5333,"name":"EF/730_S1_dash1/5120_S1_dash1_00008"},{"time":0.5666,"name":null}]},"EF/730_S1_dash1/5120_S1_dash1_00000":{"attachment":[{"time":0.4,"name":"EF/730_S1_dash1/5120_S1_dash1_00000"},{"time":0.4333,"name":"EF/730_S1_dash1/5120_S1_dash1_00001"},{"time":0.4666,"name":"EF/730_S1_dash1/5120_S1_dash1_00002"},{"time":0.5,"name":"EF/730_S1_dash1/5120_S1_dash1_00006"},{"time":0.5333,"name":"EF/730_S1_dash1/5120_S1_dash1_00008"},{"time":0.5666,"name":null}]},"EF/wave_green/370_S1_wave1_2":{"attachment":[{"time":1.1666,"name":"EF/wave_green/370_S1_wave1_00002"},{"time":1.2,"name":"EF/wave_green/370_S1_wave1_00003"},{"time":1.2333,"name":"EF/wave_green/370_S1_wave1_00004"},{"time":1.2666,"name":"EF/wave_green/370_S1_wave1_00005"},{"time":1.3,"name":"EF/wave_green/370_S1_wave1_00006"},{"time":1.3333,"name":"EF/wave_green/370_S1_wave1_00007"},{"time":1.3666,"name":"EF/wave_green/370_S1_wave1_00008"},{"time":1.4,"name":"EF/wave_green/370_S1_wave1_00009"},{"time":1.4333,"name":null},{"time":1.6,"name":"EF/wave_green/370_S1_wave1_00002"},{"time":1.6333,"name":"EF/wave_green/370_S1_wave1_00003"},{"time":1.6666,"name":"EF/wave_green/370_S1_wave1_00004"},{"time":1.7,"name":"EF/wave_green/370_S1_wave1_00005"},{"time":1.7333,"name":"EF/wave_green/370_S1_wave1_00006"},{"time":1.8,"name":"EF/wave_green/370_S1_wave1_00007"},{"time":1.8666,"name":"EF/wave_green/370_S1_wave1_00008"},{"time":1.9333,"name":"EF/wave_green/370_S1_wave1_00009"},{"time":2,"name":null}],"color":[{"time":1.6,"color":"ffffffff","curve":"stepped"},{"time":1.7333,"color":"ffffffff"},{"time":2,"color":"ffffff00"}]},"EF/wave_green/370_S1_wave1_00002":{"attachment":[{"time":0.9666,"name":"EF/wave_green/370_S1_wave1_00002"},{"time":1,"name":"EF/wave_green/370_S1_wave1_00003"},{"time":1.0333,"name":"EF/wave_green/370_S1_wave1_00004"},{"time":1.0666,"name":"EF/wave_green/370_S1_wave1_00005"},{"time":1.1,"name":"EF/wave_green/370_S1_wave1_00006"},{"time":1.1333,"name":"EF/wave_green/370_S1_wave1_00007"},{"time":1.1666,"name":"EF/wave_green/370_S1_wave1_00008"},{"time":1.2,"name":"EF/wave_green/370_S1_wave1_00009"},{"time":1.2333,"name":null},{"time":1.2666,"name":"EF/wave_green/370_S1_wave1_00002"},{"time":1.3,"name":"EF/wave_green/370_S1_wave1_00003"},{"time":1.3333,"name":"EF/wave_green/370_S1_wave1_00004"},{"time":1.3666,"name":"EF/wave_green/370_S1_wave1_00005"},{"time":1.4,"name":"EF/wave_green/370_S1_wave1_00006"},{"time":1.4333,"name":"EF/wave_green/370_S1_wave1_00007"},{"time":1.4666,"name":"EF/wave_green/370_S1_wave1_00008"},{"time":1.5,"name":"EF/wave_green/370_S1_wave1_00009"},{"time":1.5333,"name":null},{"time":1.5666,"name":"EF/wave_green/370_S1_wave1_00002"},{"time":1.6,"name":"EF/wave_green/370_S1_wave1_00003"},{"time":1.6333,"name":"EF/wave_green/370_S1_wave1_00004"},{"time":1.6666,"name":"EF/wave_green/370_S1_wave1_00005"},{"time":1.7,"name":"EF/wave_green/370_S1_wave1_00006"},{"time":1.7666,"name":"EF/wave_green/370_S1_wave1_00007"},{"time":1.8333,"name":"EF/wave_green/370_S1_wave1_00008"},{"time":1.9,"name":"EF/wave_green/370_S1_wave1_00009"},{"time":1.9666,"name":null}],"color":[{"time":1.7,"color":"ffffffff"},{"time":1.9666,"color":"ffffff00"}]},"EF/wave_green/370_S1_wave1_3":{"attachment":[{"time":1.2666,"name":"EF/wave_green/370_S1_wave1_00002"},{"time":1.3,"name":"EF/wave_green/370_S1_wave1_00003"},{"time":1.3333,"name":"EF/wave_green/370_S1_wave1_00004"},{"time":1.3666,"name":"EF/wave_green/370_S1_wave1_00005"},{"time":1.4,"name":"EF/wave_green/370_S1_wave1_00006"},{"time":1.4333,"name":"EF/wave_green/370_S1_wave1_00007"},{"time":1.4666,"name":"EF/wave_green/370_S1_wave1_00008"},{"time":1.5,"name":"EF/wave_green/370_S1_wave1_00009"},{"time":1.5333,"name":null},{"time":1.6333,"name":"EF/wave_green/370_S1_wave1_00002"},{"time":1.6666,"name":"EF/wave_green/370_S1_wave1_00003"},{"time":1.7,"name":"EF/wave_green/370_S1_wave1_00004"},{"time":1.7333,"name":"EF/wave_green/370_S1_wave1_00005"},{"time":1.7666,"name":"EF/wave_green/370_S1_wave1_00006"},{"time":1.8333,"name":"EF/wave_green/370_S1_wave1_00007"},{"time":1.9,"name":"EF/wave_green/370_S1_wave1_00008"},{"time":1.9666,"name":"EF/wave_green/370_S1_wave1_00009"},{"time":2.0333,"name":null}],"color":[{"time":1.7666,"color":"ffffffff"},{"time":2.0333,"color":"ffffff00"}]},"MAIN":{"attachment":[{"time":0,"name":"idle_00"},{"time":0.0333,"name":"attack1_0a"},{"time":0.1,"name":"attack1_00"},{"time":0.4,"name":"front_00"},{"time":0.8666,"name":"skill2_00"},{"time":1,"name":"skill2_01"},{"time":1.2666,"name":"attack1_0a"},{"time":1.3,"name":"attack1_00"},{"time":1.4,"name":"attack1_08"},{"time":2.1333,"name":"attack1_09"},{"time":2.2666,"name":"attack1_00"},{"time":2.5333,"name":"attack1_0a"},{"time":2.6666,"name":"idle_03"},{"time":2.8666,"name":"idle_00"}]}},"bones":{"MAIN":{"rotate":[{"time":1.3,"angle":0,"curve":"stepped"},{"time":1.4,"angle":-18.27,"curve":"stepped"},{"time":2.2666,"angle":0}],"translate":[{"time":0.3333,"x":0,"y":0},{"time":0.3666,"x":10.57,"y":-3.88,"curve":"stepped"},{"time":0.4,"x":4.51,"y":0,"curve":[0.25,0,0.75,1]},{"time":0.5666,"x":-100,"y":0,"curve":[0.08,0.39,0.75,1]},{"time":0.8333,"x":-110,"y":0,"curve":"stepped"},{"time":0.8666,"x":-110,"y":0,"curve":[0.118,0.41,0.75,1]},{"time":1,"x":-145,"y":0,"curve":[0.111,0.33,0.75,1]},{"time":1.2333,"x":-150,"y":0,"curve":"stepped"},{"time":1.3333,"x":-150,"y":0},{"time":1.3666,"x":-150,"y":-6.69},{"time":1.4,"x":-128.05,"y":0},{"time":1.8666,"x":202.52,"y":0},{"time":2.2666,"x":273.9,"y":0,"curve":[0.067,0.5,0.75,1]},{"time":2.5,"x":296.04,"y":0}],"scale":[{"time":0.3333,"x":1,"y":1},{"time":0.3666,"x":1,"y":0.954,"curve":"stepped"},{"time":0.4,"x":1,"y":1}]},"dash_2":{"rotate":[{"time":0.4,"angle":-71.47}],"translate":[{"time":0.4,"x":287.63,"y":3.84}],"scale":[{"time":0.4,"x":1.16,"y":0.594},{"time":0.4666,"x":0.565,"y":4.18}]},"dash_1":{"rotate":[{"time":0.4,"angle":-72.65}],"translate":[{"time":0.4,"x":335.58,"y":-0.86}],"scale":[{"time":0.4,"x":1.16,"y":0.594},{"time":0.4666,"x":0.565,"y":4.18}]},"wave_green_3":{"translate":[{"time":1.2666,"x":-205.83,"y":-27.87,"curve":"stepped"},{"time":1.6333,"x":-182.87,"y":-25.57}],"scale":[{"time":1.2666,"x":2.191,"y":2.191,"curve":"stepped"},{"time":1.6333,"x":2.164,"y":2.164}]},"wave_green_2":{"translate":[{"time":1.1666,"x":-37.51,"y":-27.87,"curve":"stepped"},{"time":1.6,"x":-16.85,"y":-11.8}],"scale":[{"time":1.1666,"x":2.191,"y":2.191,"curve":"stepped"},{"time":1.6,"x":2.164,"y":2.164}]},"wave_green_1":{"translate":[{"time":0.9666,"x":251.91,"y":-18.22,"curve":"stepped"},{"time":1.2666,"x":-385.5,"y":-18.22,"curve":"stepped"},{"time":1.5666,"x":135.1,"y":0.4}],"scale":[{"time":0.9666,"x":2.191,"y":2.191,"curve":"stepped"},{"time":1.2666,"x":2.191,"y":2.191,"curve":"stepped"},{"time":1.5666,"x":2.164,"y":2.164}]},"DAMAGEAREA":{"translate":[{"time":0.9,"x":-153.51,"y":120.39,"curve":"stepped"},{"time":1.0666,"x":-153.51,"y":120.39,"curve":[0.25,0,0.873,0.52]},{"time":1.5,"x":-838.39,"y":120.39},{"time":1.5666,"x":-799.61,"y":120.39},{"time":2.1,"x":-386.05,"y":120.39}],"scale":[{"time":0.9,"x":2.971,"y":2.204,"curve":"stepped"},{"time":1.0666,"x":2.971,"y":2.204},{"time":1.5,"x":11.042,"y":2.204}]},"root":{"rotate":[{"time":0,"angle":-10}]}},"events":[{"time":0,"name":"Event","float":0.25,"string":"kHitStopType_normal"},{"time":0,"name":"Voice","string":"cri_226_voice_fullarts_now"},{"time":0.0666,"name":"Sound1","string":"cri_se_battle_charge"},{"time":0.4,"name":"Event","string":"movePosition_Target(0.05,200,0)"},{"time":0.6666,"name":"Event","string":"runSkillEffect"},{"time":0.8666,"name":"Sound1","string":"cri_se_battle_darkness_explosion"},{"time":0.8666,"name":"Sound3","string":"setHitSound(se_battle_007_attack_hit_01)"},{"time":0.9,"name":"Event2","float":2,"string":"shakeGround"},{"time":1.0333,"name":"Event","string":"setHitBackEnemy(60,0)"},{"time":1.0666,"name":"Event","float":0.1,"string":"kHitStopType_enemyonly"},{"time":1.0666,"name":"Hit","string":"resetHitList"},{"time":1.0666,"name":"Sound1","string":"cri_se_battle_darkness_explosion"},{"time":1.1333,"name":"Hit","string":"resetHitList"},{"time":1.2,"name":"Hit","string":"resetHitList"},{"time":1.2666,"name":"Hit","string":"resetHitList"},{"time":1.2666,"name":"Voice","string":"cri_226_voice_fullarts_rank5"},{"time":1.4666,"name":"Sound1","string":"cri_se_battle_skill_finallaser"},{"time":1.5666,"name":"Event","string":"setHitBackEnemy(5,0)"},{"time":1.5666,"name":"Event2","float":1,"string":"shakeGround"},{"time":1.5666,"name":"Hit","string":"resetHitList"},{"time":1.6333,"name":"Hit","string":"resetHitList"},{"time":1.7,"name":"Event2","float":1,"string":"shakeGround"},{"time":1.7,"name":"Hit","string":"resetHitList"},{"time":1.7666,"name":"Hit","string":"resetHitList"},{"time":1.8333,"name":"Hit","string":"resetHitList"},{"time":1.8666,"name":"Event2","float":1,"string":"shakeGround"},{"time":1.9,"name":"Hit","string":"resetHitList"},{"time":1.9666,"name":"Hit","string":"resetHitList"},{"time":2,"name":"Event2","float":1,"string":"shakeGround"},{"time":2.0333,"name":"Hit","string":"resetHitList"}]},"skill3":{"slots":{"DAMAGEAREA":{"attachment":[{"time":0.4,"name":"DAMAGEAREA"},{"time":0.4666,"name":null},{"time":0.6,"name":"DAMAGEAREA"},{"time":0.6666,"name":null},{"time":1.2666,"name":"DAMAGEAREA"},{"time":1.7,"name":null},{"time":2.1333,"name":"DAMAGEAREA"},{"time":4,"name":null}]},"EF/730_S1_dash1/5120_S1_dash1_00000":{"attachment":[{"time":1.8,"name":"EF/730_S1_dash1/5120_S1_dash1_00000"},{"time":1.8333,"name":"EF/730_S1_dash1/5120_S1_dash1_00001"},{"time":1.8666,"name":"EF/730_S1_dash1/5120_S1_dash1_00002"},{"time":1.9,"name":"EF/730_S1_dash1/5120_S1_dash1_00006"},{"time":1.9333,"name":"EF/730_S1_dash1/5120_S1_dash1_00008"},{"time":1.9666,"name":null}]},"EF/charge/900_S2_sphire1_1":{"attachment":[{"time":2.2333,"name":"EF/charge/900_S2_sphire1_00001"},{"time":2.3333,"name":"EF/charge/900_S2_sphire1_00002"},{"time":2.4333,"name":"EF/charge/900_S2_sphire1_00003"},{"time":2.5333,"name":"EF/charge/900_S2_sphire1_00004"},{"time":2.6333,"name":null},{"time":2.7,"name":"EF/charge/900_S2_sphire1_00001"},{"time":2.8,"name":"EF/charge/900_S2_sphire1_00002"},{"time":2.9,"name":"EF/charge/900_S2_sphire1_00003"},{"time":3,"name":"EF/charge/900_S2_sphire1_00004"},{"time":3.1,"name":null}],"color":[{"time":2.2333,"color":"ffffff00"},{"time":2.5,"color":"ffffffff","curve":"stepped"},{"time":2.5333,"color":"ffffffff"},{"time":2.6333,"color":"ffffff00","curve":"stepped"},{"time":2.7,"color":"ffffff00"},{"time":2.8,"color":"ffffffff","curve":"stepped"},{"time":2.9333,"color":"ffffffff"},{"time":3,"color":"ffffff00"}]},"EF/charge/900_S2_sphire1_00001":{"attachment":[{"time":2,"name":"EF/charge/900_S2_sphire1_00001"},{"time":2.1,"name":"EF/charge/900_S2_sphire1_00002"},{"time":2.2,"name":"EF/charge/900_S2_sphire1_00003"},{"time":2.3,"name":"EF/charge/900_S2_sphire1_00004"},{"time":2.4,"name":null},{"time":2.4666,"name":"EF/charge/900_S2_sphire1_00001"},{"time":2.5666,"name":"EF/charge/900_S2_sphire1_00002"},{"time":2.6666,"name":"EF/charge/900_S2_sphire1_00003"},{"time":2.7666,"name":"EF/charge/900_S2_sphire1_00004"},{"time":2.8666,"name":null},{"time":2.9333,"name":"EF/charge/900_S2_sphire1_00001"},{"time":3.0333,"name":"EF/charge/900_S2_sphire1_00002"},{"time":3.0666,"name":null}],"color":[{"time":2,"color":"ffffff00"},{"time":2.3,"color":"ffffffff"},{"time":2.4666,"color":"ffffff00"},{"time":2.5666,"color":"ffffffff","curve":"stepped"},{"time":2.7666,"color":"ffffffff"},{"time":2.8666,"color":"ffffff00","curve":"stepped"},{"time":2.9,"color":"ffffff00"},{"time":2.9333,"color":"ffffffff","curve":"stepped"},{"time":2.9666,"color":"ffffffff"},{"time":3.0333,"color":"ffffff00"}]},"EF/wave_green/370_S1_wave1_00002":{"attachment":[{"time":0.3666,"name":"EF/wave_green/370_S1_wave1_00002"},{"time":0.4,"name":"EF/wave_green/370_S1_wave1_00004"},{"time":0.4333,"name":"EF/wave_green/370_S1_wave1_00006"},{"time":0.5,"name":"EF/wave_green/370_S1_wave1_00008"},{"time":0.5666,"name":null},{"time":1.1666,"name":"EF/wave_green/370_S1_wave1_00002"},{"time":1.2,"name":"EF/wave_green/370_S1_wave1_00003"},{"time":1.2333,"name":"EF/wave_green/370_S1_wave1_00004"},{"time":1.2666,"name":"EF/wave_green/370_S1_wave1_00005"},{"time":1.3,"name":"EF/wave_green/370_S1_wave1_00006"},{"time":1.3333,"name":"EF/wave_green/370_S1_wave1_00007"},{"time":1.3666,"name":"EF/wave_green/370_S1_wave1_00008"},{"time":1.4,"name":"EF/wave_green/370_S1_wave1_00009"},{"time":1.4333,"name":null},{"time":1.4666,"name":"EF/wave_green/370_S1_wave1_00002"},{"time":1.5,"name":"EF/wave_green/370_S1_wave1_00003"},{"time":1.5333,"name":"EF/wave_green/370_S1_wave1_00004"},{"time":1.5666,"name":"EF/wave_green/370_S1_wave1_00005"},{"time":1.6,"name":"EF/wave_green/370_S1_wave1_00006"},{"time":1.6333,"name":"EF/wave_green/370_S1_wave1_00007"},{"time":1.6666,"name":"EF/wave_green/370_S1_wave1_00008"},{"time":1.7,"name":"EF/wave_green/370_S1_wave1_00009"},{"time":1.7333,"name":null},{"time":2.9666,"name":"EF/wave_green/370_S1_wave1_00002"},{"time":3,"name":"EF/wave_green/370_S1_wave1_00003"},{"time":3.0333,"name":"EF/wave_green/370_S1_wave1_00004"},{"time":3.0666,"name":"EF/wave_green/370_S1_wave1_00005"},{"time":3.1,"name":"EF/wave_green/370_S1_wave1_00006"},{"time":3.1333,"name":"EF/wave_green/370_S1_wave1_00007"},{"time":3.2,"name":"EF/wave_green/370_S1_wave1_00008"},{"time":3.2666,"name":"EF/wave_green/370_S1_wave1_00009"},{"time":3.3333,"name":null},{"time":3.3666,"name":"EF/wave_green/370_S1_wave1_00002"},{"time":3.4,"name":"EF/wave_green/370_S1_wave1_00003"},{"time":3.4333,"name":"EF/wave_green/370_S1_wave1_00004"},{"time":3.4666,"name":"EF/wave_green/370_S1_wave1_00005"},{"time":3.5,"name":"EF/wave_green/370_S1_wave1_00006"},{"time":3.5333,"name":"EF/wave_green/370_S1_wave1_00007"},{"time":3.6,"name":"EF/wave_green/370_S1_wave1_00008"},{"time":3.6666,"name":"EF/wave_green/370_S1_wave1_00009"},{"time":3.7333,"name":null},{"time":3.7666,"name":"EF/wave_green/370_S1_wave1_00002"},{"time":3.8,"name":"EF/wave_green/370_S1_wave1_00003"},{"time":3.8333,"name":"EF/wave_green/370_S1_wave1_00004"},{"time":3.8666,"name":"EF/wave_green/370_S1_wave1_00005"},{"time":3.9,"name":"EF/wave_green/370_S1_wave1_00006"},{"time":3.9333,"name":"EF/wave_green/370_S1_wave1_00007"},{"time":4,"name":"EF/wave_green/370_S1_wave1_00008"},{"time":4.0666,"name":"EF/wave_green/370_S1_wave1_00009"},{"time":4.1333,"name":null}],"color":[{"time":0.3666,"color":"ffffffff"},{"time":0.5666,"color":"ffffff00","curve":"stepped"},{"time":1.1666,"color":"ffffffff","curve":"stepped"},{"time":3.1,"color":"ffffffff"},{"time":3.3333,"color":"ffffff00","curve":"stepped"},{"time":3.3666,"color":"ffffffff","curve":"stepped"},{"time":3.5,"color":"ffffffff"},{"time":3.7333,"color":"ffffff00","curve":"stepped"},{"time":3.7666,"color":"ffffffff","curve":"stepped"},{"time":3.9,"color":"ffffffff"},{"time":4.1333,"color":"ffffff00"}]},"EF/wave_green/370_S1_wave1_2":{"attachment":[{"time":0.5666,"name":"EF/wave_green/370_S1_wave1_00002"},{"time":0.6,"name":"EF/wave_green/370_S1_wave1_00004"},{"time":0.6333,"name":"EF/wave_green/370_S1_wave1_00006"},{"time":0.7,"name":"EF/wave_green/370_S1_wave1_00008"},{"time":0.7666,"name":null},{"time":1.3666,"name":"EF/wave_green/370_S1_wave1_00002"},{"time":1.4,"name":"EF/wave_green/370_S1_wave1_00003"},{"time":1.4333,"name":"EF/wave_green/370_S1_wave1_00004"},{"time":1.4666,"name":"EF/wave_green/370_S1_wave1_00005"},{"time":1.5,"name":"EF/wave_green/370_S1_wave1_00006"},{"time":1.5333,"name":"EF/wave_green/370_S1_wave1_00007"},{"time":1.5666,"name":"EF/wave_green/370_S1_wave1_00008"},{"time":1.6,"name":"EF/wave_green/370_S1_wave1_00009"},{"time":1.6333,"name":null},{"time":3.1,"name":"EF/wave_green/370_S1_wave1_00002"},{"time":3.1333,"name":"EF/wave_green/370_S1_wave1_00003"},{"time":3.1666,"name":"EF/wave_green/370_S1_wave1_00004"},{"time":3.2,"name":"EF/wave_green/370_S1_wave1_00005"},{"time":3.2333,"name":"EF/wave_green/370_S1_wave1_00006"},{"time":3.2666,"name":"EF/wave_green/370_S1_wave1_00007"},{"time":3.3333,"name":"EF/wave_green/370_S1_wave1_00008"},{"time":3.4,"name":"EF/wave_green/370_S1_wave1_00009"},{"time":3.4666,"name":null},{"time":3.5,"name":"EF/wave_green/370_S1_wave1_00002"},{"time":3.5333,"name":"EF/wave_green/370_S1_wave1_00003"},{"time":3.5666,"name":"EF/wave_green/370_S1_wave1_00004"},{"time":3.6,"name":"EF/wave_green/370_S1_wave1_00005"},{"time":3.6333,"name":"EF/wave_green/370_S1_wave1_00006"},{"time":3.6666,"name":"EF/wave_green/370_S1_wave1_00007"},{"time":3.7333,"name":"EF/wave_green/370_S1_wave1_00008"},{"time":3.8,"name":"EF/wave_green/370_S1_wave1_00009"},{"time":3.8666,"name":null},{"time":3.9,"name":"EF/wave_green/370_S1_wave1_00002"},{"time":3.9333,"name":"EF/wave_green/370_S1_wave1_00003"},{"time":3.9666,"name":"EF/wave_green/370_S1_wave1_00004"},{"time":4,"name":"EF/wave_green/370_S1_wave1_00005"},{"time":4.0333,"name":"EF/wave_green/370_S1_wave1_00006"},{"time":4.0666,"name":"EF/wave_green/370_S1_wave1_00007"},{"time":4.1333,"name":"EF/wave_green/370_S1_wave1_00008"},{"time":4.2,"name":"EF/wave_green/370_S1_wave1_00009"},{"time":4.2666,"name":null}],"color":[{"time":0.5666,"color":"ffffffff"},{"time":0.7666,"color":"ffffff00","curve":"stepped"},{"time":1.3666,"color":"ffffffff","curve":"stepped"},{"time":3.2333,"color":"ffffffff"},{"time":3.4666,"color":"ffffff00","curve":"stepped"},{"time":3.5,"color":"ffffffff","curve":"stepped"},{"time":3.6333,"color":"ffffffff"},{"time":3.8666,"color":"ffffff00","curve":"stepped"},{"time":3.9,"color":"ffffffff","curve":"stepped"},{"time":4.0333,"color":"ffffffff"},{"time":4.2666,"color":"ffffff00"}]},"EF/wave_green/370_S1_wave1_3":{"attachment":[{"time":1.4666,"name":"EF/wave_green/370_S1_wave1_00002"},{"time":1.5,"name":"EF/wave_green/370_S1_wave1_00003"},{"time":1.5333,"name":"EF/wave_green/370_S1_wave1_00004"},{"time":1.5666,"name":"EF/wave_green/370_S1_wave1_00005"},{"time":1.6,"name":"EF/wave_green/370_S1_wave1_00006"},{"time":1.6333,"name":"EF/wave_green/370_S1_wave1_00007"},{"time":1.6666,"name":"EF/wave_green/370_S1_wave1_00008"},{"time":1.7,"name":"EF/wave_green/370_S1_wave1_00009"},{"time":1.7333,"name":null},{"time":3.2333,"name":"EF/wave_green/370_S1_wave1_00002"},{"time":3.2666,"name":"EF/wave_green/370_S1_wave1_00003"},{"time":3.3,"name":"EF/wave_green/370_S1_wave1_00004"},{"time":3.3333,"name":"EF/wave_green/370_S1_wave1_00005"},{"time":3.3666,"name":"EF/wave_green/370_S1_wave1_00006"},{"time":3.4,"name":"EF/wave_green/370_S1_wave1_00007"},{"time":3.4666,"name":"EF/wave_green/370_S1_wave1_00008"},{"time":3.5333,"name":"EF/wave_green/370_S1_wave1_00009"},{"time":3.6,"name":null},{"time":3.6333,"name":"EF/wave_green/370_S1_wave1_00002"},{"time":3.6666,"name":"EF/wave_green/370_S1_wave1_00003"},{"time":3.7,"name":"EF/wave_green/370_S1_wave1_00004"},{"time":3.7333,"name":"EF/wave_green/370_S1_wave1_00005"},{"time":3.7666,"name":"EF/wave_green/370_S1_wave1_00006"},{"time":3.8,"name":"EF/wave_green/370_S1_wave1_00007"},{"time":3.8666,"name":"EF/wave_green/370_S1_wave1_00008"},{"time":3.9333,"name":"EF/wave_green/370_S1_wave1_00009"},{"time":4,"name":null}],"color":[{"time":3.3666,"color":"ffffffff"},{"time":3.6,"color":"ffffff00","curve":"stepped"},{"time":3.6333,"color":"ffffffff","curve":"stepped"},{"time":3.7666,"color":"ffffffff"},{"time":4,"color":"ffffff00"}]},"MAIN":{"attachment":[{"time":0,"name":"idle_00"},{"time":0.0333,"name":"front_00"},{"time":0.3666,"name":"attack1_03"},{"time":0.4333,"name":"attack1_04"},{"time":0.5666,"name":"attack1_05"},{"time":0.6333,"name":"attack1_06"},{"time":0.8666,"name":"front_00"},{"time":1.1666,"name":"skill2_00"},{"time":1.3,"name":"skill2_01"},{"time":1.5666,"name":"attack1_0a"},{"time":1.6,"name":"attack1_00"},{"time":1.7,"name":"attack1_08"},{"time":1.7333,"name":"skill1_00"},{"time":4.1666,"name":"attack1_00"},{"time":4.3,"name":"attack1_0a"},{"time":4.4333,"name":"idle_03"},{"time":4.6333,"name":"idle_00"}]}},"bones":{"MAIN":{"rotate":[{"time":0,"angle":0,"curve":"stepped"},{"time":1.6,"angle":0,"curve":"stepped"},{"time":1.7,"angle":-18.27,"curve":"stepped"},{"time":4.1666,"angle":0}],"translate":[{"time":0,"x":0,"y":0,"curve":"stepped"},{"time":0.1666,"x":0,"y":0,"curve":[0.093,0.33,0.75,1]},{"time":0.3,"x":3.62,"y":0,"curve":"stepped"},{"time":0.3666,"x":-31,"y":0,"curve":"stepped"},{"time":0.5666,"x":-52.54,"y":0,"curve":"stepped"},{"time":0.8666,"x":-69.23,"y":0,"curve":[0.08,0.39,0.75,1]},{"time":1.1333,"x":-88.2,"y":0,"curve":"stepped"},{"time":1.1666,"x":-133.07,"y":0,"curve":[0.118,0.41,0.75,1]},{"time":1.3,"x":-145,"y":0,"curve":[0.111,0.33,0.75,1]},{"time":1.5333,"x":-150,"y":0,"curve":"stepped"},{"time":1.6333,"x":-150,"y":0},{"time":1.6666,"x":-150,"y":-6.69},{"time":1.7,"x":-150,"y":0},{"time":1.8333,"x":-63.78,"y":0,"curve":[0,0,0.534,1]},{"time":2.9,"x":62.77,"y":0,"curve":[0.083,0.69,0.591,1]},{"time":4.1666,"x":192.93,"y":0,"curve":[0.087,0.48,0.75,1]},{"time":4.3333,"x":194.66,"y":0}]},"charge_2":{"translate":[{"time":2.2333,"x":31.4,"y":18.98}],"scale":[{"time":2,"x":0.283,"y":0.283,"curve":[0.427,0,1,1]},{"time":3.1666,"x":2.812,"y":2.812}]},"charge_1":{"translate":[{"time":2,"x":31.4,"y":18.98}],"scale":[{"time":2,"x":0.283,"y":0.283,"curve":[0.427,0,1,1]},{"time":3.1666,"x":2.812,"y":2.812}]},"wave_green_1":{"translate":[{"time":0.3666,"x":61.9,"y":-27.51,"curve":"stepped"},{"time":1.1666,"x":251.91,"y":-18.22,"curve":"stepped"},{"time":1.4666,"x":-385.5,"y":-18.22,"curve":"stepped"},{"time":2.9666,"x":482.03,"y":0,"curve":"stepped"},{"time":3.3666,"x":523.64,"y":0,"curve":"stepped"},{"time":3.7666,"x":557.04,"y":0}],"scale":[{"time":0.3666,"x":2.064,"y":2.064,"curve":"stepped"},{"time":1.1666,"x":2.191,"y":2.191,"curve":"stepped"},{"time":1.4666,"x":2.191,"y":2.191,"curve":"stepped"},{"time":2.9666,"x":2.164,"y":2.164,"curve":"stepped"},{"time":3.3666,"x":2.164,"y":2.164,"curve":"stepped"},{"time":3.7666,"x":2.164,"y":2.164}]},"wave_green_2":{"translate":[{"time":0.5666,"x":188.45,"y":-20.51,"curve":"stepped"},{"time":1.3666,"x":-37.51,"y":-27.87,"curve":"stepped"},{"time":3.1,"x":499.77,"y":0,"curve":"stepped"},{"time":3.5,"x":531.84,"y":0,"curve":"stepped"},{"time":3.9,"x":567.59,"y":0}],"scale":[{"time":0.5666,"x":2.064,"y":2.064,"curve":"stepped"},{"time":1.3666,"x":2.191,"y":2.191,"curve":"stepped"},{"time":3.1,"x":2.164,"y":2.164,"curve":"stepped"},{"time":3.5,"x":2.164,"y":2.164,"curve":"stepped"},{"time":3.9,"x":2.164,"y":2.164}]},"wave_green_3":{"translate":[{"time":1.4666,"x":-205.83,"y":-27.87,"curve":"stepped"},{"time":3.2333,"x":512.51,"y":0,"curve":"stepped"},{"time":3.6333,"x":544.15,"y":0}],"scale":[{"time":1.4666,"x":2.191,"y":2.191,"curve":"stepped"},{"time":3.2333,"x":2.164,"y":2.164,"curve":"stepped"},{"time":3.6333,"x":2.164,"y":2.164}]},"dash_1":{"rotate":[{"time":1.8,"angle":117.1}],"translate":[{"time":1.8,"x":243.93,"y":4.71}],"scale":[{"time":1.8,"x":1.16,"y":0.594},{"time":1.8666,"x":0.565,"y":4.47}]},"dash_2":{"rotate":[{"time":1.8,"angle":-71.47}],"translate":[{"time":1.8,"x":287.63,"y":3.84}],"scale":[{"time":1.8,"x":1.16,"y":0.594},{"time":1.8666,"x":0.565,"y":2.874}]},"DAMAGEAREA":{"translate":[{"time":0.4,"x":-183.32,"y":109.99,"curve":"stepped"},{"time":1.2666,"x":-183.32,"y":109.99},{"time":1.6333,"x":-517.89,"y":109.99},{"time":2.1333,"x":-285.66,"y":109.99}],"scale":[{"time":0.4,"x":4.337,"y":1.822,"curve":"stepped"},{"time":1.2666,"x":4.337,"y":1.822},{"time":1.6333,"x":6.775,"y":1.822},{"time":2.1333,"x":6.025,"y":1.822,"curve":"stepped"},{"time":3,"x":11.006,"y":1.822}]}},"events":[{"time":0,"name":"Event","float":0.15,"string":"kHitStopType_normal"},{"time":0,"name":"Voice","string":"cri_226_voice_fullarts_now_b"},{"time":0.0333,"name":"Event","string":"movePosition_Target(0.2,150,0)"},{"time":0.2333,"name":"Sound3","string":"setHitSound(se_battle_thrustviolently)"},{"time":0.3333,"name":"Sound1","string":"cri_se_battle_arrow_light_effect"},{"time":0.4,"name":"Event2","float":1,"string":"shakeGround"},{"time":0.5333,"name":"Sound1","string":"cri_se_battle_arrow_light_effect"},{"time":0.6,"name":"Event2","float":1,"string":"shakeGround"},{"time":0.6,"name":"Hit","string":"resetHitList"},{"time":0.8666,"name":"Sound1","string":"cri_se_battle_magic_Invocation_dark"},{"time":1.1666,"name":"Sound1","string":"cri_se_battle_darkness_explosion"},{"time":1.1666,"name":"Sound3","string":"setHitSound(se_battle_007_attack_hit_01)"},{"time":1.2666,"name":"Event","string":"setHitBackEnemy(60,0)"},{"time":1.2666,"name":"Event2","float":2,"string":"shakeGround"},{"time":1.3666,"name":"Event","float":0.1,"string":"kHitStopType_enemyonly"},{"time":1.3666,"name":"Event2","float":1,"string":"shakeGround"},{"time":1.3666,"name":"Hit","string":"resetHitList"},{"time":1.3666,"name":"Sound1","string":"cri_se_battle_darkness_explosion"},{"time":1.4333,"name":"Hit","string":"resetHitList"},{"time":1.5,"name":"Hit","string":"resetHitList"},{"time":1.5666,"name":"Hit","string":"resetHitList"},{"time":1.7,"name":"Sound1","string":"cri_se_battle_jump"},{"time":1.7333,"name":"Sound2","string":"setHitSound(empty)"},{"time":1.8666,"name":"Sound2","string":"cri_se_battle_machine_missile"},{"time":1.9666,"name":"Sound1","string":"cri_se_battle_charge"},{"time":2,"name":"Sound2","string":"cri_se_battle_machine_missile"},{"time":2.0333,"name":"Voice","string":"cri_226_voice_fullarts_rank6"},{"time":2.1333,"name":"Event","string":"setHitBackEnemy(0,0)"},{"time":2.1333,"name":"Event2","float":1,"string":"shakeGround"},{"time":2.1333,"name":"Hit","string":"resetHitList"},{"time":2.1333,"name":"Sound2","string":"cri_se_battle_machine_missile"},{"time":2.1333,"name":"Sound3","string":"cri_se_battle_031_explosion_03"},{"time":2.2666,"name":"Event2","float":0.5,"string":"shakeGround"},{"time":2.2666,"name":"Hit","string":"resetHitList"},{"time":2.2666,"name":"Sound3","string":"cri_se_battle_explosion_short"},{"time":2.3,"name":"Sound2","string":"cri_se_battle_machine_missile"},{"time":2.4,"name":"Hit","string":"resetHitList"},{"time":2.4,"name":"Sound3","string":"cri_se_battle_explosion_short"},{"time":2.4666,"name":"Sound2","string":"cri_se_battle_machine_missile"},{"time":2.5333,"name":"Event2","float":0.5,"string":"shakeGround"},{"time":2.5333,"name":"Hit","string":"resetHitList"},{"time":2.5666,"name":"Sound3","string":"cri_se_battle_explosion_short"},{"time":2.6333,"name":"Sound2","string":"cri_se_battle_machine_missile"},{"time":2.6666,"name":"Hit","string":"resetHitList"},{"time":2.7333,"name":"Sound3","string":"cri_se_battle_explosion_short"},{"time":2.7666,"name":"Event2","float":0.5,"string":"shakeGround"},{"time":2.7666,"name":"Sound2","string":"cri_se_battle_machine_missile"},{"time":2.8,"name":"Hit","string":"resetHitList"},{"time":2.8666,"name":"Sound3","string":"cri_se_battle_explosion_short"},{"time":2.9333,"name":"Hit","string":"resetHitList"},{"time":2.9333,"name":"Sound1","string":"cri_se_battle_skill_superlaser"},{"time":2.9333,"name":"Sound2","string":"cri_se_battle_machine_missile"},{"time":3,"name":"Event2","float":3,"string":"shakeGround"},{"time":3,"name":"Hit","string":"resetHitList"},{"time":3.0333,"name":"Sound3","string":"cri_se_battle_explosion_short"},{"time":3.0666,"name":"Hit","string":"resetHitList"},{"time":3.1,"name":"Sound2","string":"cri_se_battle_machine_missile"},{"time":3.1333,"name":"Event2","float":1,"string":"shakeGround"},{"time":3.1333,"name":"Hit","string":"resetHitList"},{"time":3.2,"name":"Event2","float":1,"string":"shakeGround"},{"time":3.2,"name":"Hit","string":"resetHitList"},{"time":3.2,"name":"Sound3","string":"cri_se_battle_explosion_short"},{"time":3.2666,"name":"Hit","string":"resetHitList"},{"time":3.2666,"name":"Sound2","string":"cri_se_battle_machine_missile"},{"time":3.3333,"name":"Hit","string":"resetHitList"},{"time":3.3666,"name":"Sound3","string":"cri_se_battle_explosion_short"},{"time":3.4,"name":"Hit","string":"resetHitList"},{"time":3.4333,"name":"Event2","float":1,"string":"shakeGround"},{"time":3.4333,"name":"Sound2","string":"cri_se_battle_machine_missile"},{"time":3.4666,"name":"Hit","string":"resetHitList"},{"time":3.5333,"name":"Hit","string":"resetHitList"},{"time":3.5666,"name":"Sound3","string":"cri_se_battle_explosion_short"},{"time":3.6,"name":"Event2","float":1,"string":"shakeGround"},{"time":3.6,"name":"Hit","string":"resetHitList"},{"time":3.6666,"name":"Hit","string":"resetHitList"},{"time":3.7333,"name":"Event2","float":1,"string":"shakeGround"},{"time":3.7333,"name":"Hit","string":"resetHitList"},{"time":3.8,"name":"Hit","string":"resetHitList"},{"time":3.8666,"name":"Event2","float":1,"string":"shakeGround"},{"time":3.8666,"name":"Hit","string":"resetHitList"},{"time":4.1333,"name":"Event","string":"runSkillEffect"},{"time":4.1666,"name":"Event","string":"runScript-takeOverHeat"},{"time":4.3666,"name":"Sound1","string":"cri_se_battle_landing"}]}}}