{"skeleton":{"hash":"kgPIdwjG4cc+Cy+i7DT0J/lDr9Q","spine":"3.0.12","width":1180,"height":1180},"bones":[{"name":"root"},{"name":"power3","parent":"root"},{"name":"power2","parent":"root","y":82.37},{"name":"power1","parent":"root"},{"name":"grid","parent":"root"},{"name":"attack_ef","parent":"root","x":-755.27,"y":-1.22},{"name":"SP","parent":"root","x":139.59,"y":65.91},{"name":"armSP4","parent":"SP","x":-42.49,"y":-65.91},{"name":"armSP3","parent":"SP","x":-42.49,"y":-65.91},{"name":"armSP2","parent":"SP","x":-42.49,"y":-65.91},{"name":"R_cain_1","parent":"root","length":30.2,"x":-53.35,"y":-144.15,"rotation":-128.33},{"name":"R_cain_2","parent":"R_cain_1","length":27.48,"x":30.2,"y":0.1,"rotation":14.5},{"name":"R_cain_3","parent":"R_cain_2","length":30.71,"x":27.48,"y":-0.01,"rotation":12.28},{"name":"MAIN","parent":"root","x":0.8,"y":81.29},{"name":"SHADOW-OFFSET","parent":"MAIN","x":10,"y":-90,"scaleX":1.2,"scaleY":1.2},{"name":"HPBAR","parent":"MAIN","x":-0.8,"y":108.71},{"name":"HITBOX","parent":"MAIN","x":-0.8,"y":-81.29},{"name":"L_chain_1","parent":"root","length":26.11,"x":57.76,"y":-115.39,"rotation":-60.26},{"name":"L_chain_2","parent":"L_chain_1","length":31.91,"x":26.11,"y":-0.11,"rotation":-0.5},{"name":"L_chain_3","parent":"L_chain_2","length":30.42,"x":31.91,"y":-0.01,"rotation":-25.8},{"name":"DAMAGEAREA","parent":"root"},{"name":"wave1","parent":"root","x":-2.82,"y":-18.69}],"slots":[{"name":"grid/bg","bone":"grid"},{"name":"grid/grid","bone":"grid"},{"name":"MAIN","bone":"MAIN","attachment":"idle_00"},{"name":"armSP2_00","bone":"armSP2"},{"name":"armSP2_0","bone":"armSP3"},{"name":"armSP2_1","bone":"armSP4"},{"name":"EF/130_S1_wave1/130_S1_wave1_00003","bone":"wave1","blend":"additive"},{"name":"EF/430_S2_power2/430_S2_power2_00000","bone":"power2","blend":"additive"},{"name":"EF/430_S2_power1/430_S2_power1_00002","bone":"power1","blend":"additive"},{"name":"EF/430_S2_power3/430_S2_power3_00003","bone":"power3","blend":"additive"},{"name":"L_chain_1","bone":"L_chain_1"},{"name":"L_chain_2","bone":"L_chain_2"},{"name":"L_chain_3","bone":"L_chain_3"},{"name":"R_cain_1","bone":"R_cain_1"},{"name":"R_cain_2","bone":"R_cain_2"},{"name":"R_cain_3","bone":"R_cain_3"},{"name":"HITBOX","bone":"HITBOX","attachment":"HITBOX"},{"name":"DAMAGEAREA","bone":"DAMAGEAREA"},{"name":"EF/attack_EF/10000-combo_16_ef2_1B","bone":"attack_ef","color":"faff12ff","blend":"additive"},{"name":"EF/attack_EF/10000-combo_16_ef2_1F","bone":"attack_ef","color":"faff12ff","blend":"additive"},{"name":"EF/attack_EF/up_EF_1","bone":"attack_ef","color":"faff12ff","blend":"additive"}],"skins":{"default":{"DAMAGEAREA":{"DAMAGEAREA":{"type":"boundingbox","vertices":[-98.35627,98.04835,-98.35627,-98.46634,97.76144,-98.46634,97.76144,97.65135]}},"EF/130_S1_wave1/130_S1_wave1_00003":{"EF/130_S1_wave1/130_S1_wave1_00003":{"x":2.82,"y":18.69,"width":250,"height":250},"EF/130_S1_wave1/130_S1_wave1_00004":{"x":2.82,"y":18.69,"width":250,"height":250},"EF/130_S1_wave1/130_S1_wave1_00005":{"x":2.82,"y":18.69,"width":250,"height":250},"EF/130_S1_wave1/130_S1_wave1_00006":{"x":2.82,"y":18.69,"width":250,"height":250},"EF/130_S1_wave1/130_S1_wave1_00007":{"x":2.82,"y":18.69,"width":250,"height":250},"EF/130_S1_wave1/130_S1_wave1_00009":{"x":2.82,"y":18.69,"width":250,"height":250}},"EF/430_S2_power1/430_S2_power1_00002":{"EF/430_S2_power1/430_S2_power1_00002":{"width":200,"height":200},"EF/430_S2_power1/430_S2_power1_00003":{"width":200,"height":200},"EF/430_S2_power1/430_S2_power1_00004":{"width":200,"height":200},"EF/430_S2_power1/430_S2_power1_00005":{"width":200,"height":200},"EF/430_S2_power1/430_S2_power1_00007":{"width":200,"height":200},"EF/430_S2_power1/430_S2_power1_00008":{"width":200,"height":200},"EF/430_S2_power1/430_S2_power1_00010":{"width":200,"height":200},"EF/430_S2_power1/430_S2_power1_00013":{"width":200,"height":200},"EF/430_S2_power1/430_S2_power1_00014":{"width":200,"height":200},"EF/430_S2_power1/430_S2_power1_00015":{"width":200,"height":200}},"EF/430_S2_power2/430_S2_power2_00000":{"EF/430_S2_power2/430_S2_power2_00000":{"width":200,"height":200},"EF/430_S2_power2/430_S2_power2_00002":{"width":200,"height":200},"EF/430_S2_power2/430_S2_power2_00003":{"width":200,"height":200},"EF/430_S2_power2/430_S2_power2_00004":{"width":200,"height":200},"EF/430_S2_power2/430_S2_power2_00006":{"width":200,"height":200},"EF/430_S2_power2/430_S2_power2_00008":{"width":200,"height":200}},"EF/430_S2_power3/430_S2_power3_00003":{"EF/430_S2_power3/430_S2_power3_00003":{"width":150,"height":150},"EF/430_S2_power3/430_S2_power3_00005":{"width":150,"height":150},"EF/430_S2_power3/430_S2_power3_00007":{"width":150,"height":150},"EF/430_S2_power3/430_S2_power3_00009":{"width":150,"height":150},"EF/430_S2_power3/430_S2_power3_00011":{"width":150,"height":150}},"EF/attack_EF/10000-combo_16_ef2_1B":{"EF/attack_EF/10000-combo_16_ef2_1B":{"x":-25.69,"y":1.22,"width":412,"height":342}},"EF/attack_EF/10000-combo_16_ef2_1F":{"EF/attack_EF/10000-combo_16_ef2_1F":{"x":-25.69,"y":1.22,"width":412,"height":342}},"EF/attack_EF/up_EF_1":{"EF/attack_EF/up_EF_1":{"x":-19.32,"y":-37.06,"width":200,"height":200},"EF/attack_EF/up_EF_2":{"x":-19.32,"y":-37.05,"width":200,"height":200}},"HITBOX":{"HITBOX":{"type":"boundingbox","vertices":[-98.95827,122.10239,-98.21629,-6.63437,56.11942,-6.26337,55.74846,122.10239]}},"L_chain_1":{"L_chain_1":{"x":-3.69,"y":-64.43,"rotation":60.25,"width":196,"height":176}},"L_chain_2":{"L_chain_2":{"x":-29.28,"y":-64.55,"rotation":60.72,"width":196,"height":176}},"L_chain_3":{"L_chain_3":{"x":-27.02,"y":-84.74,"rotation":86.51,"width":196,"height":176}},"MAIN":{"attack_00":{"x":-16.84,"y":40.61,"width":595,"height":487},"attack_01":{"x":-16.84,"y":40.61,"width":595,"height":487},"attack_02":{"x":-16.84,"y":40.63,"width":595,"height":487},"attack_03":{"x":-16.84,"y":40.63,"width":595,"height":487},"attack_04":{"x":-16.84,"y":40.63,"width":595,"height":487},"attack_05":{"x":-16.84,"y":40.63,"width":595,"height":487},"attack_06":{"x":-16.84,"y":40.63,"width":595,"height":487},"attack_07":{"x":-16.84,"y":40.63,"width":595,"height":487},"attack_08":{"x":-16.84,"y":40.63,"width":595,"height":487},"attack_09":{"x":-16.84,"y":40.63,"width":595,"height":487},"attack_10":{"x":-16.84,"y":40.61,"width":595,"height":487},"attack_11":{"x":-16.84,"y":40.63,"width":595,"height":487},"attack_12":{"x":-16.84,"y":40.63,"width":595,"height":487},"attack_13":{"x":-16.89,"y":41.63,"width":595,"height":487},"attack_14":{"x":-16.89,"y":41.63,"width":595,"height":487},"attack_15":{"x":-16.89,"y":41.63,"width":595,"height":487},"attack_16":{"x":-16.89,"y":41.63,"width":595,"height":487},"attack_17":{"x":-16.89,"y":41.63,"width":595,"height":487},"attack_18":{"x":-16.89,"y":41.63,"width":595,"height":487},"attack_19":{"x":-16.89,"y":41.63,"width":595,"height":487},"attack_10_2":{"x":-16.52,"y":40.7,"width":595,"height":487},"attack_10_3":{"x":-16.52,"y":40.7,"width":595,"height":487},"attack_10_4":{"x":-16.84,"y":40.61,"width":595,"height":487},"attack_10_5":{"x":-16.84,"y":40.61,"width":595,"height":487},"attack_10_6":{"x":-16.84,"y":40.61,"width":595,"height":487},"back_00":{"x":-0.8,"y":-1.99,"width":509,"height":372},"damage_00":{"x":-30.42,"y":-16.65,"width":449,"height":402},"front_00":{"x":-0.8,"y":39.91,"width":504,"height":345},"idle_00":{"x":-9.61,"y":-21.21,"width":436,"height":342},"idle_01":{"x":-9.61,"y":-21.21,"width":436,"height":342},"idle_02":{"x":-9.61,"y":-21.21,"width":436,"height":342},"idle_03":{"x":-9.61,"y":-21.21,"width":436,"height":342},"idle_04":{"x":-9.61,"y":-21.21,"width":436,"height":342},"skill2_00":{"x":-0.8,"y":-8.97,"width":462,"height":381},"skill2_01":{"x":-0.8,"y":-8.97,"width":462,"height":381},"skill2_02":{"x":-0.8,"y":-8.97,"width":462,"height":381},"skill2_03":{"x":-0.8,"y":-8.97,"width":462,"height":381},"skill2_04":{"x":-0.8,"y":-8.97,"width":462,"height":381},"skill2_05":{"x":-0.8,"y":-8.97,"width":462,"height":381},"skill2_06":{"x":-0.8,"y":-8.97,"width":462,"height":381},"skill2_07":{"x":-0.8,"y":-8.97,"width":462,"height":381},"skill2_08":{"x":-0.8,"y":-8.97,"width":462,"height":381}},"R_cain_1":{"R_cain_1":{"x":-33.08,"y":41.85,"rotation":128.3,"width":196,"height":176}},"R_cain_2":{"R_cain_2":{"x":-50.82,"y":56.25,"rotation":113.81,"width":196,"height":176}},"R_cain_3":{"R_cain_3":{"x":-64.53,"y":71.65,"rotation":101.52,"width":196,"height":176}},"armSP2_0":{"armSP2_00":{"x":-97.09,"width":234,"height":50},"armSP2_01":{"x":-97.09,"width":234,"height":50},"armSP2_02":{"x":54.55,"y":0.41,"width":234,"height":50},"armSP2_03":{"x":56.2,"y":9.86,"width":234,"height":50}},"armSP2_00":{"armSP2_00":{"x":-97.09,"width":234,"height":50},"armSP2_01":{"x":-97.09,"width":234,"height":50},"armSP2_02":{"x":57.02,"y":0.82,"width":234,"height":50},"armSP2_03":{"x":58.25,"y":10.68,"width":234,"height":50}},"armSP2_1":{"armSP2_00":{"x":-97.09,"width":234,"height":50},"armSP2_01":{"x":-97.09,"width":234,"height":50},"armSP2_02":{"x":52.09,"width":234,"height":50},"armSP2_03":{"x":53.32,"y":9.86,"width":234,"height":50}}}},"events":{"Event":{},"Hit":{},"HitEffect":{},"Sound1":{},"Sound2":{},"View":{},"Voice":{}},"animations":{"attack1":{"slots":{"DAMAGEAREA":{"attachment":[{"time":0.6333,"name":"DAMAGEAREA"},{"time":0.8,"name":null},{"time":1.5,"name":"DAMAGEAREA"},{"time":1.6666,"name":null},{"time":2.2666,"name":"DAMAGEAREA"},{"time":2.4,"name":null}]},"EF/attack_EF/10000-combo_16_ef2_1B":{"attachment":[{"time":0.6,"name":"EF/attack_EF/10000-combo_16_ef2_1B"},{"time":0.6333,"name":null}]},"EF/attack_EF/10000-combo_16_ef2_1F":{"attachment":[{"time":0.6,"name":"EF/attack_EF/10000-combo_16_ef2_1F"},{"time":0.6333,"name":null}]},"EF/attack_EF/up_EF_1":{"attachment":[{"time":1.4666,"name":"EF/attack_EF/up_EF_1"},{"time":1.5,"name":null},{"time":2.2333,"name":"EF/attack_EF/up_EF_1"},{"time":2.2666,"name":null}]},"L_chain_1":{"attachment":[{"time":0,"name":"L_chain_1"}]},"L_chain_2":{"attachment":[{"time":0,"name":"L_chain_2"}]},"L_chain_3":{"attachment":[{"time":0,"name":"L_chain_3"}]},"MAIN":{"attachment":[{"time":0,"name":"attack_00"},{"time":0.1666,"name":"attack_01"},{"time":0.3,"name":"attack_02"},{"time":0.6,"name":"attack_03"},{"time":0.6666,"name":"attack_04"},{"time":0.7666,"name":"attack_05"},{"time":0.8666,"name":"attack_06"},{"time":0.9666,"name":"attack_07"},{"time":1.0666,"name":"attack_08"},{"time":1.1333,"name":"attack_09"},{"time":1.4,"name":"attack_10"},{"time":1.4666,"name":"attack_11"},{"time":1.6333,"name":"attack_12"},{"time":1.9,"name":"attack_13"},{"time":1.9666,"name":"attack_14"},{"time":2,"name":"attack_15"},{"time":2.0333,"name":"attack_16"},{"time":2.2333,"name":"attack_17"},{"time":2.2666,"name":"attack_18"},{"time":2.3333,"name":"attack_19"},{"time":3,"name":"attack_00"}]},"R_cain_1":{"attachment":[{"time":0,"name":null},{"time":0.6,"name":"R_cain_1"}]},"R_cain_2":{"attachment":[{"time":0,"name":null},{"time":0.6,"name":"R_cain_2"}]},"R_cain_3":{"attachment":[{"time":0,"name":null},{"time":0.6,"name":"R_cain_3"}]}},"bones":{"MAIN":{"translate":[{"time":0,"x":0,"y":0,"curve":"stepped"},{"time":0.6,"x":0,"y":0},{"time":0.6666,"x":-15.17,"y":0,"curve":"stepped"},{"time":1.4,"x":-15.17,"y":0,"curve":[0.154,0.81,0.75,1]},{"time":1.4666,"x":-35.4,"y":0,"curve":[0.154,0.81,0.75,1]},{"time":1.5333,"x":-56.48,"y":0,"curve":"stepped"},{"time":1.6333,"x":-62.38,"y":0,"curve":"stepped"},{"time":1.9,"x":-62.38,"y":-0.48},{"time":1.9666,"x":-58.05,"y":-0.48,"curve":[0.202,0.43,0.75,1]},{"time":2.0333,"x":-50.13,"y":-0.48,"curve":"stepped"},{"time":2.2333,"x":-50.13,"y":-0.48,"curve":[0.174,0.68,0.75,1]},{"time":2.3333,"x":-72.47,"y":-0.48}]},"L_chain_1":{"rotate":[{"time":0,"angle":-44.87,"curve":"stepped"},{"time":0.1666,"angle":-41.15,"curve":"stepped"},{"time":0.6,"angle":97.58,"curve":"stepped"},{"time":0.6666,"angle":89.79,"curve":"stepped"},{"time":0.7666,"angle":26.81,"curve":"stepped"},{"time":0.8666,"angle":-1.37,"curve":"stepped"},{"time":0.9666,"angle":7.93,"curve":"stepped"},{"time":1.0666,"angle":4.43,"curve":"stepped"},{"time":1.1333,"angle":-5.01,"curve":"stepped"},{"time":1.4,"angle":-37.54,"curve":"stepped"},{"time":1.4666,"angle":-98.74,"curve":"stepped"},{"time":1.5333,"angle":-81.73,"curve":"stepped"},{"time":1.6333,"angle":-49.48,"curve":"stepped"},{"time":1.9,"angle":7.38,"curve":"stepped"},{"time":1.9666,"angle":-32.87,"curve":"stepped"},{"time":2.2333,"angle":-78.51,"curve":"stepped"},{"time":2.2666,"angle":236.49,"curve":"stepped"},{"time":2.3333,"angle":221.53,"curve":"stepped"},{"time":2.4666,"angle":239.96,"curve":"stepped"},{"time":2.5666,"angle":-85.63}],"translate":[{"time":0,"x":-137.45,"y":216.86,"curve":"stepped"},{"time":0.1666,"x":-134.72,"y":220.97,"curve":"stepped"},{"time":0.3,"x":-131.98,"y":226.17,"curve":"stepped"},{"time":0.6,"x":28.31,"y":225.1,"curve":"stepped"},{"time":0.6666,"x":-4.53,"y":244.81,"curve":"stepped"},{"time":0.7666,"x":-7.04,"y":249.51,"curve":"stepped"},{"time":0.9666,"x":0.08,"y":261.6,"curve":"stepped"},{"time":1.0666,"x":-5.29,"y":273.45,"curve":"stepped"},{"time":1.1333,"x":-11.63,"y":284.01,"curve":"stepped"},{"time":1.4,"x":-39.31,"y":217.34,"curve":"stepped"},{"time":1.4666,"x":-154.12,"y":230.12,"curve":"stepped"},{"time":1.5333,"x":-173.88,"y":225.44,"curve":"stepped"},{"time":1.6333,"x":-188.96,"y":232.2,"curve":"stepped"},{"time":1.9,"x":-162.21,"y":166.16,"curve":"stepped"},{"time":1.9666,"x":-164.72,"y":170.34,"curve":"stepped"},{"time":2.2333,"x":-139.59,"y":322.8,"curve":"stepped"},{"time":2.2666,"x":-140.56,"y":333.5,"curve":"stepped"},{"time":2.3333,"x":-141.05,"y":332.53,"curve":"stepped"},{"time":3,"x":-126.59,"y":268.34}],"scale":[{"time":1.9666,"x":1,"y":1}]},"L_chain_2":{"rotate":[{"time":0,"angle":0,"curve":"stepped"},{"time":0.1666,"angle":11.32,"curve":"stepped"},{"time":0.3,"angle":23.73,"curve":"stepped"},{"time":0.6,"angle":-19.87,"curve":"stepped"},{"time":0.6666,"angle":-40.81,"curve":"stepped"},{"time":0.7666,"angle":-15.53,"curve":"stepped"},{"time":0.8666,"angle":-35.48,"curve":"stepped"},{"time":0.9666,"angle":-30.62,"curve":"stepped"},{"time":1.0666,"angle":-23.45,"curve":"stepped"},{"time":1.1333,"angle":-12.68,"curve":"stepped"},{"time":1.4,"angle":31.18,"curve":"stepped"},{"time":1.4666,"angle":-24.58,"curve":"stepped"},{"time":1.5333,"angle":-9.72,"curve":"stepped"},{"time":1.6333,"angle":32.08,"curve":"stepped"},{"time":1.9,"angle":27.32,"curve":"stepped"},{"time":1.9666,"angle":74.34,"curve":"stepped"},{"time":2.0333,"angle":58.06,"curve":"stepped"},{"time":2.2333,"angle":31.94,"curve":"stepped"},{"time":2.2666,"angle":27.43,"curve":"stepped"},{"time":2.3333,"angle":-29.05,"curve":"stepped"},{"time":2.4666,"angle":-19.31,"curve":"stepped"},{"time":2.5666,"angle":34.13}],"translate":[{"time":1.9666,"x":0,"y":0}],"scale":[{"time":1.9666,"x":1,"y":1}]},"L_chain_3":{"rotate":[{"time":0,"angle":0,"curve":"stepped"},{"time":0.1666,"angle":14.3,"curve":"stepped"},{"time":0.3,"angle":25.13,"curve":"stepped"},{"time":0.6,"angle":-18.47,"curve":"stepped"},{"time":0.6666,"angle":83.83,"curve":"stepped"},{"time":0.7666,"angle":57.49,"curve":"stepped"},{"time":0.8666,"angle":37.34,"curve":"stepped"},{"time":0.9666,"angle":-12.04,"curve":"stepped"},{"time":1.0666,"angle":47.51,"curve":"stepped"},{"time":1.1333,"angle":11.77,"curve":"stepped"},{"time":1.4,"angle":68.42,"curve":"stepped"},{"time":1.4666,"angle":-28.92,"curve":"stepped"},{"time":1.5333,"angle":-18.9,"curve":"stepped"},{"time":1.6333,"angle":4.72,"curve":"stepped"},{"time":1.9,"angle":48.06,"curve":"stepped"},{"time":1.9666,"angle":95.08,"curve":"stepped"},{"time":2,"angle":75.32,"curve":"stepped"},{"time":2.0333,"angle":62.5,"curve":"stepped"},{"time":2.2333,"angle":44.69,"curve":"stepped"},{"time":2.2666,"angle":49.1,"curve":"stepped"},{"time":2.3333,"angle":64.57,"curve":"stepped"},{"time":2.4666,"angle":-20.4,"curve":"stepped"},{"time":2.5666,"angle":44.23}],"translate":[{"time":0.1666,"x":-1.35,"y":-0.83,"curve":"stepped"},{"time":1.9666,"x":-1.35,"y":-0.83}],"scale":[{"time":1.9666,"x":1,"y":1}]},"R_cain_1":{"rotate":[{"time":0.6,"angle":293.29,"curve":"stepped"},{"time":0.6666,"angle":-27.08,"curve":"stepped"},{"time":0.7666,"angle":-2.64,"curve":"stepped"},{"time":0.8666,"angle":1.99,"curve":"stepped"},{"time":0.9666,"angle":4.03,"curve":"stepped"},{"time":1.0666,"angle":8.24,"curve":"stepped"},{"time":1.1333,"angle":12.1,"curve":"stepped"},{"time":1.4,"angle":72.1,"curve":"stepped"},{"time":1.4666,"angle":-6.45,"curve":"stepped"},{"time":1.6333,"angle":20.58,"curve":"stepped"},{"time":1.9,"angle":83.26,"curve":"stepped"},{"time":1.9666,"angle":76.34,"curve":"stepped"},{"time":2,"angle":62.74,"curve":"stepped"},{"time":2.0333,"angle":53.71,"curve":"stepped"},{"time":2.2333,"angle":94.85,"curve":"stepped"},{"time":2.2666,"angle":107.84,"curve":"stepped"},{"time":2.3333,"angle":84.72,"curve":"stepped"},{"time":2.4666,"angle":77.35,"curve":"stepped"},{"time":2.5666,"angle":73.44}],"translate":[{"time":0.6,"x":-3.41,"y":195.55,"curve":"stepped"},{"time":0.6666,"x":32.85,"y":185.5,"curve":"stepped"},{"time":0.7666,"x":35.67,"y":187.07,"curve":"stepped"},{"time":0.9666,"x":37.84,"y":190.17,"curve":"stepped"},{"time":1.0666,"x":39.37,"y":193.14,"curve":"stepped"},{"time":1.1333,"x":40.07,"y":195.69,"curve":"stepped"},{"time":1.4,"x":71.48,"y":220.44,"curve":"stepped"},{"time":1.4666,"x":94.88,"y":249.04,"curve":"stepped"},{"time":1.5333,"x":80.32,"y":236.56,"curve":"stepped"},{"time":1.6333,"x":64.72,"y":233.44,"curve":"stepped"},{"time":1.9,"x":30.45,"y":214.22,"curve":"stepped"},{"time":1.9666,"x":60.13,"y":252.25,"curve":"stepped"},{"time":2,"x":59.29,"y":252.67,"curve":"stepped"},{"time":2.0333,"x":53.44,"y":256.43,"curve":"stepped"},{"time":2.2333,"x":93.41,"y":212.47,"curve":"stepped"},{"time":2.2666,"x":72.97,"y":212.95,"curve":"stepped"},{"time":2.3333,"x":68.77,"y":208.75,"curve":"stepped"},{"time":2.4666,"x":68.77,"y":205.32,"curve":"stepped"},{"time":3,"x":-88.52,"y":236.05}],"scale":[{"time":1.9666,"x":1,"y":1}]},"R_cain_2":{"rotate":[{"time":0.6,"angle":-57.41,"curve":"stepped"},{"time":0.7666,"angle":-59.1,"curve":"stepped"},{"time":0.8666,"angle":-43.79,"curve":"stepped"},{"time":0.9666,"angle":-40.83,"curve":"stepped"},{"time":1.0666,"angle":-43.27,"curve":"stepped"},{"time":1.1333,"angle":-44.13,"curve":"stepped"},{"time":1.4,"angle":-16.89,"curve":"stepped"},{"time":1.4666,"angle":-69.28,"curve":"stepped"},{"time":1.5333,"angle":-8.24,"curve":"stepped"},{"time":1.6333,"angle":-0.78,"curve":"stepped"},{"time":1.9,"angle":17.79,"curve":"stepped"},{"time":1.9666,"angle":-21.48,"curve":"stepped"},{"time":2,"angle":-34.73,"curve":"stepped"},{"time":2.0333,"angle":-20.66,"curve":"stepped"},{"time":2.2333,"angle":39.38,"curve":"stepped"},{"time":2.2666,"angle":52.37,"curve":"stepped"},{"time":2.3333,"angle":42.76,"curve":"stepped"},{"time":2.4666,"angle":23.33,"curve":"stepped"},{"time":2.5666,"angle":-19.01}],"translate":[{"time":1.9666,"x":0,"y":0}],"scale":[{"time":1.9666,"x":1,"y":1}]},"R_cain_3":{"rotate":[{"time":0.6,"angle":-57.41,"curve":"stepped"},{"time":0.6666,"angle":-72.07,"curve":"stepped"},{"time":0.7666,"angle":-46.67,"curve":"stepped"},{"time":0.8666,"angle":-37.66,"curve":"stepped"},{"time":0.9666,"angle":-44.78,"curve":"stepped"},{"time":1.0666,"angle":-45.23,"curve":"stepped"},{"time":1.1333,"angle":-48.38,"curve":"stepped"},{"time":1.4,"angle":-3.08,"curve":"stepped"},{"time":1.4666,"angle":-65.95,"curve":"stepped"},{"time":1.5333,"angle":-37.65,"curve":"stepped"},{"time":1.6333,"angle":-26.42,"curve":"stepped"},{"time":1.9,"angle":4.97,"curve":"stepped"},{"time":1.9666,"angle":11.7,"curve":"stepped"},{"time":2,"angle":19.19,"curve":"stepped"},{"time":2.0333,"angle":-35.4,"curve":"stepped"},{"time":2.2333,"angle":24.64,"curve":"stepped"},{"time":2.2666,"angle":41.86,"curve":"stepped"},{"time":2.3333,"angle":46.28,"curve":"stepped"},{"time":2.4666,"angle":24.03,"curve":"stepped"},{"time":2.5666,"angle":25.04}],"translate":[{"time":1.9666,"x":0,"y":0}],"scale":[{"time":1.9666,"x":1,"y":1}]},"SP":{"translate":[{"time":0,"x":-19.42,"y":-0.49}]},"DAMAGEAREA":{"translate":[{"time":0.6333,"x":-69.15,"y":45.21,"curve":"stepped"},{"time":1.5,"x":-103.4,"y":56.62,"curve":"stepped"},{"time":2.2666,"x":-92.76,"y":136.44}],"scale":[{"time":0.6333,"x":0.687,"y":0.527,"curve":"stepped"},{"time":1.5,"x":0.901,"y":0.583,"curve":"stepped"},{"time":2.2666,"x":0.685,"y":1.372}]},"attack_ef":{"rotate":[{"time":0.6,"angle":-167.76,"curve":"stepped"},{"time":1.4666,"angle":184.52,"curve":"stepped"},{"time":2.2333,"angle":19.52}],"translate":[{"time":0.6,"x":709.24,"y":75.03,"curve":"stepped"},{"time":1.4666,"x":642.27,"y":110.66,"curve":"stepped"},{"time":2.2333,"x":693.28,"y":167.22}],"scale":[{"time":0.6,"x":-0.554,"y":0.977,"curve":"stepped"},{"time":1.4666,"x":2.56,"y":0.73,"curve":"stepped"},{"time":2.2333,"x":1.741,"y":1.468}]}},"drawOrder":[{"time":0.6,"offsets":[{"slot":"L_chain_1","offset":-8},{"slot":"L_chain_2","offset":-8},{"slot":"L_chain_3","offset":-8}]},{"time":1.4,"offsets":[{"slot":"R_cain_1","offset":-11},{"slot":"R_cain_2","offset":-11},{"slot":"R_cain_3","offset":-11}]},{"time":1.4666,"offsets":[{"slot":"L_chain_1","offset":-5},{"slot":"L_chain_2","offset":-5},{"slot":"L_chain_3","offset":-5},{"slot":"R_cain_1","offset":-11},{"slot":"R_cain_2","offset":-11},{"slot":"R_cain_3","offset":-11}]},{"time":1.9,"offsets":[{"slot":"L_chain_1","offset":-4},{"slot":"L_chain_2","offset":-4},{"slot":"L_chain_3","offset":-4},{"slot":"R_cain_1","offset":-11},{"slot":"R_cain_2","offset":-11},{"slot":"R_cain_3","offset":-11}]},{"time":1.9666,"offsets":[{"slot":"L_chain_1","offset":-5},{"slot":"L_chain_2","offset":-5},{"slot":"L_chain_3","offset":-5},{"slot":"R_cain_1","offset":-11},{"slot":"R_cain_2","offset":-11},{"slot":"R_cain_3","offset":-11}]},{"time":2.2333,"offsets":[{"slot":"L_chain_1","offset":-5},{"slot":"L_chain_2","offset":-5},{"slot":"L_chain_3","offset":-5},{"slot":"R_cain_1","offset":-11},{"slot":"R_cain_2","offset":-11},{"slot":"R_cain_3","offset":-11}]}],"events":[{"time":0.5666,"name":"Event","float":0.05,"string":"kHitStopType_normal"},{"time":0.5666,"name":"Sound1","string":"cri_se_battle_skill_shot"},{"time":0.6,"name":"Sound1","string":"setHitSound(se_battle_hard_hit)"},{"time":0.6,"name":"Sound2","string":"cri_se_battle_metal_rubbing"},{"time":0.6,"name":"Voice","string":"cri_034_voice_attack_a"},{"time":1.4333,"name":"Sound1","string":"cri_se_battle_skill_shot"},{"time":1.4666,"name":"Sound1","string":"setHitSound(se_battle_hard_hit)"},{"time":1.4666,"name":"Sound2","string":"cri_se_battle_metal_rubbing"},{"time":1.4666,"name":"Voice","string":"cri_034_voice_attack_a"},{"time":1.5,"name":"Hit","string":"resetHitList"},{"time":2.2,"name":"Sound1","string":"cri_se_battle_skill_shot"},{"time":2.2333,"name":"Sound1","string":"setHitSound(se_battle_hard_hit)"},{"time":2.2333,"name":"Sound2","string":"cri_se_battle_metal_rubbing"},{"time":2.2333,"name":"Voice","string":"cri_034_voice_attack_b"},{"time":2.2666,"name":"Hit","string":"resetHitList"}]},"back":{"slots":{"MAIN":{"attachment":[{"time":0,"name":"idle_00"},{"time":0.1666,"name":"idle_02"},{"time":0.3333,"name":"back_00"},{"time":0.5666,"name":"idle_00"},{"time":0.6,"name":"idle_02"},{"time":0.7,"name":"idle_04"},{"time":0.9333,"name":"idle_00"}]}},"bones":{"MAIN":{"translate":[{"time":0,"x":0,"y":0,"curve":"stepped"},{"time":0.3333,"x":80.06,"y":24.01,"curve":[0.132,-0.02,0.253,-0.03]},{"time":0.4333,"x":105.46,"y":46.07,"curve":[0.156,0.14,0.445,0.42]},{"time":0.5333,"x":149.19,"y":24.01},{"time":0.5666,"x":139.19,"y":0}]}},"events":[{"time":0.3333,"name":"Sound1","string":"cri_se_battle_monster_jump"},{"time":0.5666,"name":"Sound1","string":"se_battle_monster_landing"}]},"cast":{"slots":{"EF/attack_EF/up_EF_1":{"attachment":[{"time":0.5,"name":"EF/attack_EF/up_EF_1"},{"time":0.5333,"name":"EF/attack_EF/up_EF_2"},{"time":0.5666,"name":null}]},"L_chain_1":{"attachment":[{"time":0,"name":"L_chain_1"}]},"L_chain_2":{"attachment":[{"time":0,"name":"L_chain_2"}]},"L_chain_3":{"attachment":[{"time":0,"name":"L_chain_3"}]},"MAIN":{"attachment":[{"time":0,"name":"attack_14"},{"time":0.0666,"name":"attack_15"},{"time":0.1333,"name":"attack_16"},{"time":0.5,"name":"attack_17"},{"time":0.5666,"name":"attack_18"},{"time":0.6333,"name":"attack_19"},{"time":1,"name":"attack_06"}]},"R_cain_1":{"attachment":[{"time":0,"name":"R_cain_1"}]},"R_cain_2":{"attachment":[{"time":0,"name":"R_cain_2"}]},"R_cain_3":{"attachment":[{"time":0,"name":"R_cain_3"}]}},"bones":{"R_cain_2":{"rotate":[{"time":0,"angle":-21.48,"curve":"stepped"},{"time":0.0666,"angle":-34.73,"curve":"stepped"},{"time":0.1333,"angle":-20.66,"curve":"stepped"},{"time":0.5,"angle":39.38,"curve":"stepped"},{"time":0.5666,"angle":39.59,"curve":"stepped"},{"time":0.6333,"angle":42.76,"curve":"stepped"},{"time":0.7333,"angle":23.33,"curve":"stepped"},{"time":0.8333,"angle":-19.01}],"translate":[{"time":0,"x":0,"y":0}],"scale":[{"time":0,"x":1,"y":1}]},"R_cain_1":{"rotate":[{"time":0,"angle":76.34,"curve":"stepped"},{"time":0.0666,"angle":62.74,"curve":"stepped"},{"time":0.1333,"angle":53.71,"curve":"stepped"},{"time":0.5,"angle":94.85,"curve":"stepped"},{"time":0.5666,"angle":95.06,"curve":"stepped"},{"time":0.6333,"angle":84.72,"curve":"stepped"},{"time":0.7333,"angle":77.35,"curve":"stepped"},{"time":0.8333,"angle":71.07}],"translate":[{"time":0,"x":119.79,"y":252.25,"curve":"stepped"},{"time":0.0666,"x":113.87,"y":252.25,"curve":"stepped"},{"time":0.1333,"x":106.59,"y":252.25,"curve":"stepped"},{"time":0.5,"x":140.47,"y":212.47,"curve":"stepped"},{"time":0.5666,"x":139.38,"y":209.74,"curve":"stepped"},{"time":0.6333,"x":137.2,"y":213.56,"curve":"stepped"},{"time":0.8333,"x":137.2,"y":211.38}],"scale":[{"time":0,"x":1,"y":1}]},"R_cain_3":{"rotate":[{"time":0,"angle":11.7,"curve":"stepped"},{"time":0.0666,"angle":19.19,"curve":"stepped"},{"time":0.1333,"angle":-35.4,"curve":"stepped"},{"time":0.5,"angle":24.64,"curve":"stepped"},{"time":0.5666,"angle":29.07,"curve":"stepped"},{"time":0.6333,"angle":46.28,"curve":"stepped"},{"time":0.7333,"angle":24.03,"curve":"stepped"},{"time":0.8333,"angle":25.04}],"translate":[{"time":0,"x":0,"y":0}],"scale":[{"time":0,"x":1,"y":1}]},"L_chain_1":{"rotate":[{"time":0,"angle":-32.87,"curve":"stepped"},{"time":0.5,"angle":-78.51,"curve":"stepped"},{"time":0.5666,"angle":236.49,"curve":"stepped"},{"time":0.6333,"angle":221.53,"curve":"stepped"},{"time":0.7333,"angle":239.96,"curve":"stepped"},{"time":0.8333,"angle":-79.5}],"translate":[{"time":0,"x":-105.06,"y":170.34,"curve":"stepped"},{"time":0.5,"x":-92.53,"y":322.8,"curve":"stepped"},{"time":0.5666,"x":-79.45,"y":327.7,"curve":"stepped"},{"time":0.6333,"x":-77.27,"y":330.43}],"scale":[{"time":0,"x":1,"y":1}]},"L_chain_2":{"rotate":[{"time":0,"angle":74.34,"curve":"stepped"},{"time":0.1333,"angle":58.06,"curve":"stepped"},{"time":0.5,"angle":31.94,"curve":"stepped"},{"time":0.5666,"angle":27.43,"curve":"stepped"},{"time":0.6333,"angle":-29.05,"curve":"stepped"},{"time":0.7333,"angle":-19.31,"curve":"stepped"},{"time":0.8333,"angle":34.13}],"translate":[{"time":0,"x":0,"y":0}],"scale":[{"time":0,"x":1,"y":1}]},"L_chain_3":{"rotate":[{"time":0,"angle":95.08,"curve":"stepped"},{"time":0.0666,"angle":75.32,"curve":"stepped"},{"time":0.1333,"angle":62.5,"curve":"stepped"},{"time":0.5,"angle":44.69,"curve":"stepped"},{"time":0.5666,"angle":49.1,"curve":"stepped"},{"time":0.6333,"angle":64.57,"curve":"stepped"},{"time":0.7333,"angle":-20.4,"curve":"stepped"},{"time":0.8333,"angle":44.23}],"translate":[{"time":0,"x":-1.35,"y":-0.83}],"scale":[{"time":0,"x":1,"y":1}]},"attack_ef":{"rotate":[{"time":0.5,"angle":19.52}],"translate":[{"time":0.5,"x":744.06,"y":167.22}],"scale":[{"time":0.5,"x":1.741,"y":1.468}]}},"drawOrder":[{"time":0,"offsets":[{"slot":"L_chain_1","offset":-8},{"slot":"L_chain_2","offset":-8},{"slot":"L_chain_3","offset":-8},{"slot":"R_cain_1","offset":-8},{"slot":"R_cain_2","offset":-8},{"slot":"R_cain_3","offset":-8}]},{"time":0.5,"offsets":[{"slot":"L_chain_1","offset":-8},{"slot":"L_chain_2","offset":-8},{"slot":"L_chain_3","offset":-8},{"slot":"R_cain_1","offset":-8},{"slot":"R_cain_2","offset":-8},{"slot":"R_cain_3","offset":-8}]}],"events":[{"time":0.5,"name":"Sound1","string":"cri_se_battle_metal_rubbing"},{"time":0.5,"name":"Voice","string":"cri_034_voice_item"}]},"damage":{"slots":{"MAIN":{"attachment":[{"time":0,"name":"damage_00"}]}}},"front":{"slots":{"MAIN":{"attachment":[{"time":0,"name":"front_00"}]}}},"idle":{"slots":{"MAIN":{"attachment":[{"time":0,"name":"idle_00"},{"time":0.1666,"name":"idle_01"},{"time":0.3333,"name":"idle_02"},{"time":0.5,"name":"idle_03"},{"time":0.6666,"name":"idle_04"},{"time":0.8333,"name":"idle_00"}]}}},"skill1":{"slots":{"DAMAGEAREA":{"attachment":[{"time":0.2,"name":"DAMAGEAREA"},{"time":0.3,"name":null},{"time":0.5666,"name":"DAMAGEAREA"},{"time":0.7,"name":null}]},"EF/130_S1_wave1/130_S1_wave1_00003":{"attachment":[{"time":0.1666,"name":"EF/130_S1_wave1/130_S1_wave1_00003"},{"time":0.2,"name":"EF/130_S1_wave1/130_S1_wave1_00003"},{"time":0.2333,"name":"EF/130_S1_wave1/130_S1_wave1_00004"},{"time":0.2666,"name":"EF/130_S1_wave1/130_S1_wave1_00005"},{"time":0.3,"name":"EF/130_S1_wave1/130_S1_wave1_00006"},{"time":0.3333,"name":"EF/130_S1_wave1/130_S1_wave1_00007"},{"time":0.3666,"name":"EF/130_S1_wave1/130_S1_wave1_00009"},{"time":0.4666,"name":null},{"time":0.5666,"name":"EF/130_S1_wave1/130_S1_wave1_00003"},{"time":0.6,"name":"EF/130_S1_wave1/130_S1_wave1_00004"},{"time":0.6333,"name":"EF/130_S1_wave1/130_S1_wave1_00005"},{"time":0.6666,"name":"EF/130_S1_wave1/130_S1_wave1_00006"},{"time":0.7,"name":"EF/130_S1_wave1/130_S1_wave1_00007"},{"time":0.7333,"name":"EF/130_S1_wave1/130_S1_wave1_00009"},{"time":0.9333,"name":null}],"color":[{"time":0.0333,"color":"fffffff8","curve":"stepped"},{"time":0.2,"color":"fffffff8","curve":"stepped"},{"time":0.3333,"color":"fffffff5","curve":[0.695,0.99,0.75,1]},{"time":0.4333,"color":"ffffff00","curve":"stepped"},{"time":0.5666,"color":"ffffffff","curve":"stepped"},{"time":0.6666,"color":"fffffff5","curve":"stepped"},{"time":0.8666,"color":"ffffff2b","curve":"stepped"},{"time":1.0333,"color":"fffffff8"}]},"L_chain_1":{"attachment":[{"time":0.0333,"name":"L_chain_1"},{"time":1.0333,"name":"L_chain_1"}]},"L_chain_2":{"attachment":[{"time":0.0333,"name":"L_chain_2"},{"time":1.0333,"name":"L_chain_2"}]},"L_chain_3":{"attachment":[{"time":0.0333,"name":"L_chain_3"},{"time":1.0333,"name":"L_chain_3"}]},"MAIN":{"attachment":[{"time":0.0333,"name":"attack_06"},{"time":0.1,"name":"attack_10"},{"time":0.1666,"name":"attack_11"},{"time":0.3666,"name":"attack_14"},{"time":0.4,"name":"attack_15"},{"time":0.4333,"name":"attack_16"},{"time":0.5333,"name":"attack_17"},{"time":0.5666,"name":"attack_18"},{"time":0.6333,"name":"attack_19"},{"time":1.0333,"name":"attack_06"}]},"R_cain_1":{"attachment":[{"time":0.0333,"name":"R_cain_1"},{"time":1.0333,"name":"R_cain_1"}]},"R_cain_2":{"attachment":[{"time":0.0333,"name":"R_cain_2"},{"time":1.0333,"name":"R_cain_2"}]},"R_cain_3":{"attachment":[{"time":0.0333,"name":"R_cain_3"},{"time":1.0333,"name":"R_cain_3"}]}},"bones":{"wave1":{"translate":[{"time":0.1666,"x":-184.83,"y":13.46,"curve":"stepped"},{"time":0.5666,"x":-262.72,"y":13.46}],"scale":[{"time":0.0333,"x":3.509,"y":3.509},{"time":0.1333,"x":3.5,"y":3.5},{"time":0.3333,"x":2.82,"y":2.82,"curve":"stepped"},{"time":0.3666,"x":2.43,"y":2.43},{"time":1.0333,"x":2.8,"y":2.8}]},"MAIN":{"translate":[{"time":0.1666,"x":-131.23,"y":0,"curve":[0.076,0,0.116,0]},{"time":0.2,"x":-105.76,"y":0,"curve":"stepped"},{"time":0.5333,"x":-144.51,"y":0,"curve":[0.084,0,0.116,0]},{"time":0.5666,"x":-149.39,"y":0}]},"L_chain_1":{"rotate":[{"time":0.0333,"angle":8.86,"curve":"stepped"},{"time":0.1,"angle":-39.47,"curve":"stepped"},{"time":0.1666,"angle":-98.74,"curve":"stepped"},{"time":0.2,"angle":-81.73,"curve":"stepped"},{"time":0.2333,"angle":-49.48,"curve":"stepped"},{"time":0.3666,"angle":-32.87,"curve":"stepped"},{"time":0.4333,"angle":-32.87,"curve":"stepped"},{"time":0.5333,"angle":-78.51,"curve":"stepped"},{"time":0.5666,"angle":236.49,"curve":"stepped"},{"time":0.6333,"angle":221.53,"curve":"stepped"},{"time":0.7333,"angle":239.96,"curve":"stepped"},{"time":0.8333,"angle":-85.63,"curve":"stepped"},{"time":1.0333,"angle":8.86}],"translate":[{"time":0.0333,"x":10.08,"y":244.87,"curve":"stepped"},{"time":0.1,"x":-18.24,"y":215.36,"curve":"stepped"},{"time":0.1666,"x":-252.12,"y":223.62,"curve":"stepped"},{"time":0.2,"x":-231.5,"y":233.18,"curve":"stepped"},{"time":0.2333,"x":-229.95,"y":232.99,"curve":"stepped"},{"time":0.3666,"x":-219.6,"y":170.34,"curve":"stepped"},{"time":0.4,"x":-239.06,"y":164.78,"curve":"stepped"},{"time":0.4333,"x":-250.43,"y":169.2,"curve":"stepped"},{"time":0.5333,"x":-235.88,"y":322.8,"curve":"stepped"},{"time":0.5666,"x":-226.12,"y":322.8,"curve":"stepped"},{"time":0.6333,"x":-220.52,"y":332.53,"curve":"stepped"},{"time":1.0333,"x":10.08,"y":244.87}],"scale":[{"time":0.4333,"x":1,"y":1}]},"L_chain_2":{"rotate":[{"time":0.0333,"angle":-38.49,"curve":"stepped"},{"time":0.1,"angle":44.09,"curve":"stepped"},{"time":0.1666,"angle":-24.58,"curve":"stepped"},{"time":0.2,"angle":-9.72,"curve":"stepped"},{"time":0.2333,"angle":32.08,"curve":"stepped"},{"time":0.3666,"angle":74.34,"curve":"stepped"},{"time":0.4333,"angle":58.06,"curve":"stepped"},{"time":0.5333,"angle":31.94,"curve":"stepped"},{"time":0.5666,"angle":27.43,"curve":"stepped"},{"time":0.6333,"angle":-29.05,"curve":"stepped"},{"time":0.7333,"angle":-19.31,"curve":"stepped"},{"time":0.8333,"angle":34.13,"curve":"stepped"},{"time":1.0333,"angle":-38.49}],"translate":[{"time":0.4333,"x":0,"y":0}],"scale":[{"time":0.4333,"x":1,"y":1}]},"L_chain_3":{"rotate":[{"time":0.0333,"angle":29.83,"curve":"stepped"},{"time":0.1,"angle":55.36,"curve":"stepped"},{"time":0.1666,"angle":-28.92,"curve":"stepped"},{"time":0.2,"angle":-18.9,"curve":"stepped"},{"time":0.2333,"angle":4.72,"curve":"stepped"},{"time":0.3666,"angle":95.08,"curve":"stepped"},{"time":0.4,"angle":75.32,"curve":"stepped"},{"time":0.4333,"angle":62.5,"curve":"stepped"},{"time":0.5333,"angle":44.69,"curve":"stepped"},{"time":0.5666,"angle":49.1,"curve":"stepped"},{"time":0.6333,"angle":64.57,"curve":"stepped"},{"time":0.7333,"angle":-20.4,"curve":"stepped"},{"time":0.8333,"angle":44.23,"curve":"stepped"},{"time":1.0333,"angle":29.83}],"translate":[{"time":0.4333,"x":0,"y":0}],"scale":[{"time":0.4333,"x":1,"y":1}]},"R_cain_1":{"rotate":[{"time":0.0333,"angle":10.55,"curve":"stepped"},{"time":0.1,"angle":73.89,"curve":"stepped"},{"time":0.1666,"angle":25.2,"curve":"stepped"},{"time":0.2,"angle":19.23,"curve":"stepped"},{"time":0.2333,"angle":20.58,"curve":"stepped"},{"time":0.3666,"angle":76.34,"curve":"stepped"},{"time":0.4,"angle":62.74,"curve":"stepped"},{"time":0.4333,"angle":53.71,"curve":"stepped"},{"time":0.5333,"angle":94.85,"curve":"stepped"},{"time":0.5666,"angle":107.84,"curve":"stepped"},{"time":0.6333,"angle":84.72,"curve":"stepped"},{"time":0.7333,"angle":77.35,"curve":"stepped"},{"time":0.8333,"angle":73.44,"curve":"stepped"},{"time":1.0333,"angle":10.55}],"translate":[{"time":0.0333,"x":48.38,"y":184.87,"curve":"stepped"},{"time":0.1,"x":16.96,"y":233.02,"curve":"stepped"},{"time":0.1666,"x":-6.37,"y":254.66,"curve":"stepped"},{"time":0.2,"x":24.98,"y":251.13,"curve":"stepped"},{"time":0.2333,"x":29.42,"y":249.02,"curve":"stepped"},{"time":0.3666,"x":5.25,"y":252.25,"curve":"stepped"},{"time":0.4,"x":-1.41,"y":252.25,"curve":"stepped"},{"time":0.4333,"x":-5.33,"y":252.25,"curve":"stepped"},{"time":0.5333,"x":-18.47,"y":212.47,"curve":"stepped"},{"time":0.5666,"x":-35.81,"y":212.47,"curve":"stepped"},{"time":0.6333,"x":-19.76,"y":208.75,"curve":"stepped"},{"time":1.0333,"x":48.38,"y":184.87}],"scale":[{"time":0.4333,"x":1,"y":1}]},"R_cain_2":{"rotate":[{"time":0.0333,"angle":-55.98,"curve":"stepped"},{"time":0.1,"angle":-10.63,"curve":"stepped"},{"time":0.1666,"angle":-59.32,"curve":"stepped"},{"time":0.2,"angle":-8.24,"curve":"stepped"},{"time":0.2333,"angle":-0.78,"curve":"stepped"},{"time":0.3666,"angle":-21.48,"curve":"stepped"},{"time":0.4,"angle":-34.73,"curve":"stepped"},{"time":0.4333,"angle":-20.66,"curve":"stepped"},{"time":0.5333,"angle":39.38,"curve":"stepped"},{"time":0.5666,"angle":52.37,"curve":"stepped"},{"time":0.6333,"angle":42.76,"curve":"stepped"},{"time":0.7333,"angle":23.33,"curve":"stepped"},{"time":0.8333,"angle":-19.01,"curve":"stepped"},{"time":1.0333,"angle":-55.98}],"translate":[{"time":0.4333,"x":0,"y":0}],"scale":[{"time":0.4333,"x":1,"y":1}]},"R_cain_3":{"rotate":[{"time":0.0333,"angle":-37.93,"curve":"stepped"},{"time":0.1,"angle":-25.36,"curve":"stepped"},{"time":0.1666,"angle":-74.05,"curve":"stepped"},{"time":0.2,"angle":-37.65,"curve":"stepped"},{"time":0.2333,"angle":-26.42,"curve":"stepped"},{"time":0.3666,"angle":11.7,"curve":"stepped"},{"time":0.4,"angle":19.19,"curve":"stepped"},{"time":0.4333,"angle":-35.4,"curve":"stepped"},{"time":0.5333,"angle":24.64,"curve":"stepped"},{"time":0.5666,"angle":41.86,"curve":"stepped"},{"time":0.6333,"angle":46.28,"curve":"stepped"},{"time":0.7333,"angle":24.03,"curve":"stepped"},{"time":0.8333,"angle":25.04,"curve":"stepped"},{"time":1.0333,"angle":-37.93}],"translate":[{"time":0.4333,"x":0,"y":0}],"scale":[{"time":0.4333,"x":1,"y":1}]},"DAMAGEAREA":{"translate":[{"time":0.2,"x":-119.15,"y":79.4},{"time":0.2666,"x":-166.32,"y":79.4,"curve":"stepped"},{"time":0.5666,"x":-316.27,"y":148.98}],"scale":[{"time":0.2,"x":1.57,"y":0.541,"curve":"stepped"},{"time":0.5666,"x":1.99,"y":1.602}]},"power2":{"rotate":[{"time":0.4333,"angle":-2.46}]}},"drawOrder":[{"time":0.0333,"offsets":[{"slot":"MAIN","offset":7},{"slot":"armSP2_00","offset":2},{"slot":"EF/430_S2_power2/430_S2_power2_00000","offset":3},{"slot":"EF/430_S2_power1/430_S2_power1_00002","offset":3},{"slot":"EF/430_S2_power3/430_S2_power3_00003","offset":3}]},{"time":0.1,"offsets":[{"slot":"MAIN","offset":7},{"slot":"armSP2_00","offset":2},{"slot":"R_cain_1","offset":-7},{"slot":"R_cain_2","offset":-7},{"slot":"R_cain_3","offset":-7}]},{"time":0.1666,"offsets":[{"slot":"MAIN","offset":10},{"slot":"armSP2_00","offset":2},{"slot":"EF/430_S2_power2/430_S2_power2_00000","offset":6},{"slot":"EF/430_S2_power1/430_S2_power1_00002","offset":6},{"slot":"EF/430_S2_power3/430_S2_power3_00003","offset":6},{"slot":"L_chain_1","offset":-1},{"slot":"L_chain_2","offset":-1},{"slot":"L_chain_3","offset":-1}]},{"time":1.0333,"offsets":[{"slot":"MAIN","offset":7},{"slot":"armSP2_00","offset":2},{"slot":"EF/430_S2_power2/430_S2_power2_00000","offset":3},{"slot":"EF/430_S2_power1/430_S2_power1_00002","offset":3},{"slot":"EF/430_S2_power3/430_S2_power3_00003","offset":3}]}],"events":[{"time":0.0333,"name":"HitEffect","string":"setHitEffect(hit06d,1,1.5,50)"},{"time":0.1,"name":"Event","float":0.1,"string":"kHitStopType_normal"},{"time":0.1333,"name":"Event","string":"setHitBack(25,0)"},{"time":0.1333,"name":"Sound1","string":"cri_se_battle_skill_dash_ef"},{"time":0.1666,"name":"Event","string":"kImpactType_knock"},{"time":0.1666,"name":"Sound1","string":"setHitSound(se_battle_explosion_short)"},{"time":0.1666,"name":"Sound2","string":"cri_se_battle_metal_rubbing"},{"time":0.1666,"name":"Voice","string":"cri_034_voice_skill_b"},{"time":0.5,"name":"Event","string":"setHitBack(0,0)"},{"time":0.5,"name":"Sound1","string":"cri_se_battle_skill_dash_ef"},{"time":0.5333,"name":"Event","string":"kImpactType_up"},{"time":0.5333,"name":"HitEffect","string":"setHitEffect(hit04d,1,0.7,50)"},{"time":0.5333,"name":"Sound1","string":"cri_se_battle_monster_hit"},{"time":0.5333,"name":"Sound2","string":"cri_se_battle_metal_rubbing"},{"time":0.5666,"name":"Hit","float":0.33,"string":"resetHitList"},{"time":0.5666,"name":"View","string":"shakeGround"},{"time":0.6,"name":"Hit","float":0.33,"string":"resetHitList"}]},"skill2":{"slots":{"DAMAGEAREA":{"attachment":[{"time":0.8,"name":"DAMAGEAREA"},{"time":1.9,"name":null},{"time":2.1333,"name":"DAMAGEAREA"},{"time":2.2333,"name":null}]},"EF/130_S1_wave1/130_S1_wave1_00003":{"attachment":[{"time":0.0333,"name":"EF/130_S1_wave1/130_S1_wave1_00003"},{"time":0.0666,"name":"EF/130_S1_wave1/130_S1_wave1_00003"},{"time":0.1,"name":"EF/130_S1_wave1/130_S1_wave1_00004"},{"time":0.1333,"name":"EF/130_S1_wave1/130_S1_wave1_00005"},{"time":0.1666,"name":"EF/130_S1_wave1/130_S1_wave1_00006"},{"time":0.2,"name":"EF/130_S1_wave1/130_S1_wave1_00007"},{"time":0.2333,"name":"EF/130_S1_wave1/130_S1_wave1_00009"},{"time":0.3333,"name":null},{"time":0.4333,"name":"EF/130_S1_wave1/130_S1_wave1_00003"},{"time":0.4666,"name":"EF/130_S1_wave1/130_S1_wave1_00004"},{"time":0.5,"name":"EF/130_S1_wave1/130_S1_wave1_00005"},{"time":0.5333,"name":"EF/130_S1_wave1/130_S1_wave1_00006"},{"time":0.5666,"name":"EF/130_S1_wave1/130_S1_wave1_00007"},{"time":0.6,"name":"EF/130_S1_wave1/130_S1_wave1_00009"},{"time":0.8,"name":null}],"color":[{"time":0.2,"color":"ffffffe7"},{"time":0.3333,"color":"ffffff12","curve":"stepped"},{"time":0.5,"color":"ffffffee"},{"time":0.5666,"color":"ffffffff"},{"time":0.7666,"color":"ffffff09"}]},"EF/430_S2_power1/430_S2_power1_00002":{"attachment":[{"time":0.0333,"name":"EF/430_S2_power1/430_S2_power1_00002"},{"time":0.1,"name":"EF/430_S2_power1/430_S2_power1_00003"},{"time":0.1666,"name":"EF/430_S2_power1/430_S2_power1_00004"},{"time":0.2333,"name":"EF/430_S2_power1/430_S2_power1_00005"},{"time":0.3,"name":"EF/430_S2_power1/430_S2_power1_00007"},{"time":0.3666,"name":"EF/430_S2_power1/430_S2_power1_00008"},{"time":0.4333,"name":"EF/430_S2_power1/430_S2_power1_00010"},{"time":0.5,"name":"EF/430_S2_power1/430_S2_power1_00013"},{"time":0.5666,"name":"EF/430_S2_power1/430_S2_power1_00014"},{"time":0.6333,"name":"EF/430_S2_power1/430_S2_power1_00015"},{"time":0.7,"name":"EF/430_S2_power1/430_S2_power1_00002"},{"time":0.7333,"name":null}],"color":[{"time":0.0333,"color":"ffffffec"},{"time":0.7,"color":"ffffff26"}]},"EF/430_S2_power2/430_S2_power2_00000":{"attachment":[{"time":0.0333,"name":"EF/430_S2_power2/430_S2_power2_00000"},{"time":0.0666,"name":"EF/430_S2_power2/430_S2_power2_00002"},{"time":0.1,"name":"EF/430_S2_power2/430_S2_power2_00003"},{"time":0.1333,"name":"EF/430_S2_power2/430_S2_power2_00004"},{"time":0.1666,"name":"EF/430_S2_power2/430_S2_power2_00006"},{"time":0.2,"name":"EF/430_S2_power2/430_S2_power2_00008"},{"time":0.3666,"name":null}],"color":[{"time":0.0333,"color":"fffffff0"},{"time":0.3666,"color":"ffffff13"}]},"EF/430_S2_power3/430_S2_power3_00003":{"attachment":[{"time":0.0333,"name":"EF/430_S2_power3/430_S2_power3_00003"},{"time":0.1,"name":"EF/430_S2_power3/430_S2_power3_00005"},{"time":0.1666,"name":"EF/430_S2_power3/430_S2_power3_00007"},{"time":0.2333,"name":"EF/430_S2_power3/430_S2_power3_00009"},{"time":0.3,"name":"EF/430_S2_power3/430_S2_power3_00011"},{"time":0.3666,"name":"EF/430_S2_power3/430_S2_power3_00003"},{"time":0.4333,"name":"EF/430_S2_power3/430_S2_power3_00005"},{"time":0.5,"name":"EF/430_S2_power3/430_S2_power3_00007"},{"time":0.5666,"name":"EF/430_S2_power3/430_S2_power3_00009"},{"time":0.6333,"name":"EF/430_S2_power3/430_S2_power3_00011"},{"time":0.7,"name":"EF/430_S2_power3/430_S2_power3_00003"},{"time":0.7333,"name":null}],"color":[{"time":0.0333,"color":"ffffffec"},{"time":0.7333,"color":"ffffff04"}]},"L_chain_1":{"attachment":[{"time":0.0333,"name":null},{"time":2.0333,"name":"L_chain_1"}]},"L_chain_2":{"attachment":[{"time":0.0333,"name":null},{"time":2.0333,"name":"L_chain_2"}]},"L_chain_3":{"attachment":[{"time":0.0333,"name":null},{"time":2.0333,"name":"L_chain_3"}]},"MAIN":{"attachment":[{"time":0.0333,"name":"skill2_00"},{"time":0.1,"name":"skill2_01"},{"time":0.1666,"name":"skill2_02"},{"time":0.2333,"name":"skill2_00"},{"time":0.3,"name":"skill2_01"},{"time":0.3666,"name":"skill2_02"},{"time":0.4333,"name":"skill2_00"},{"time":0.5,"name":"skill2_01"},{"time":0.5666,"name":"skill2_02"},{"time":0.6333,"name":"skill2_00"},{"time":0.7,"name":"skill2_01"},{"time":0.7666,"name":"skill2_02"},{"time":0.8,"name":"skill2_03"},{"time":0.8333,"name":"skill2_04"},{"time":0.8666,"name":"skill2_05"},{"time":0.9,"name":"skill2_03"},{"time":0.9333,"name":"skill2_04"},{"time":0.9666,"name":"skill2_05"},{"time":1,"name":"skill2_03"},{"time":1.0333,"name":"skill2_04"},{"time":1.0666,"name":"skill2_05"},{"time":1.1,"name":"skill2_03"},{"time":1.1333,"name":"skill2_04"},{"time":1.1666,"name":"skill2_05"},{"time":1.2,"name":"skill2_03"},{"time":1.2333,"name":"skill2_04"},{"time":1.2666,"name":"skill2_05"},{"time":1.3,"name":"skill2_03"},{"time":1.3333,"name":"skill2_04"},{"time":1.3666,"name":"skill2_05"},{"time":1.4,"name":"skill2_03"},{"time":1.4333,"name":"skill2_04"},{"time":1.4666,"name":"skill2_05"},{"time":1.5,"name":"skill2_03"},{"time":1.5333,"name":"skill2_04"},{"time":1.5666,"name":"skill2_05"},{"time":1.6,"name":"skill2_03"},{"time":1.6333,"name":"skill2_04"},{"time":1.6666,"name":"skill2_05"},{"time":1.7,"name":"skill2_03"},{"time":1.7333,"name":"skill2_04"},{"time":1.7666,"name":"skill2_05"},{"time":1.8,"name":"skill2_03"},{"time":1.8333,"name":"skill2_04"},{"time":1.8666,"name":"skill2_05"},{"time":1.9,"name":"skill2_03"},{"time":1.9333,"name":"skill2_04"},{"time":1.9666,"name":"skill2_05"},{"time":2,"name":"skill2_03"},{"time":2.0333,"name":"attack_04"},{"time":2.0666,"name":"attack_12"},{"time":2.1,"name":"attack_11"},{"time":2.1333,"name":"attack_12"},{"time":2.1666,"name":"attack_10"},{"time":2.2,"name":"attack_10_2"},{"time":2.2333,"name":"attack_10_3"},{"time":2.2666,"name":"attack_10_4"},{"time":2.3,"name":"attack_10_6"},{"time":2.4333,"name":"attack_10_4"},{"time":2.5,"name":"attack_10_3"},{"time":2.5333,"name":"attack_10_2"},{"time":2.5666,"name":"attack_10"},{"time":2.8666,"name":"attack_10"}]},"R_cain_1":{"attachment":[{"time":0.0333,"name":null},{"time":2.0333,"name":"R_cain_1"}]},"R_cain_2":{"attachment":[{"time":0.0333,"name":null},{"time":2.0333,"name":"R_cain_2"}]},"R_cain_3":{"attachment":[{"time":0.0333,"name":null},{"time":2.0333,"name":"R_cain_3"}]},"armSP2_00":{"attachment":[{"time":0.8,"name":"armSP2_03"},{"time":0.8333,"name":"armSP2_00"},{"time":0.8666,"name":"armSP2_02"},{"time":0.9,"name":"armSP2_03"},{"time":0.9333,"name":"armSP2_00"},{"time":0.9666,"name":"armSP2_02"},{"time":1,"name":"armSP2_03"},{"time":1.0333,"name":"armSP2_00"},{"time":1.0666,"name":"armSP2_02"},{"time":1.1,"name":"armSP2_03"},{"time":1.1333,"name":"armSP2_00"},{"time":1.1666,"name":"armSP2_02"},{"time":1.2,"name":"armSP2_03"},{"time":1.2333,"name":"armSP2_00"},{"time":1.2666,"name":"armSP2_02"},{"time":1.3,"name":"armSP2_03"},{"time":1.3333,"name":"armSP2_00"},{"time":1.3666,"name":"armSP2_02"},{"time":1.4,"name":"armSP2_03"},{"time":1.4333,"name":"armSP2_00"},{"time":1.4666,"name":"armSP2_02"},{"time":1.5,"name":"armSP2_03"},{"time":1.5333,"name":"armSP2_00"},{"time":1.5666,"name":"armSP2_02"},{"time":1.6,"name":"armSP2_03"},{"time":1.6333,"name":"armSP2_00"},{"time":1.6666,"name":"armSP2_02"},{"time":1.7,"name":"armSP2_03"},{"time":1.7333,"name":"armSP2_00"},{"time":1.7666,"name":"armSP2_02"},{"time":1.8,"name":"armSP2_03"},{"time":1.8333,"name":"armSP2_00"},{"time":1.8666,"name":"armSP2_02"},{"time":1.9,"name":"armSP2_03"},{"time":1.9333,"name":"armSP2_00"},{"time":1.9666,"name":"armSP2_02"},{"time":2,"name":"armSP2_03"},{"time":2.0333,"name":null}],"color":[{"time":0.8,"color":"c9c9c9ff","curve":"stepped"},{"time":1.1,"color":"b3b3b3ff","curve":"stepped"},{"time":1.4,"color":"ffffffff","curve":"stepped"},{"time":1.7,"color":"a3a3a3ff"}]},"armSP2_0":{"attachment":[{"time":0.8,"name":"armSP2_02"},{"time":0.8333,"name":"armSP2_01"},{"time":0.8666,"name":"armSP2_00"},{"time":0.9,"name":"armSP2_02"},{"time":0.9333,"name":"armSP2_01"},{"time":0.9666,"name":"armSP2_00"},{"time":1,"name":"armSP2_02"},{"time":1.0333,"name":"armSP2_01"},{"time":1.0666,"name":"armSP2_00"},{"time":1.1,"name":"armSP2_02"},{"time":1.1333,"name":"armSP2_01"},{"time":1.1666,"name":"armSP2_00"},{"time":1.2,"name":"armSP2_02"},{"time":1.2333,"name":"armSP2_01"},{"time":1.2666,"name":"armSP2_00"},{"time":1.3,"name":"armSP2_02"},{"time":1.3333,"name":"armSP2_01"},{"time":1.3666,"name":"armSP2_00"},{"time":1.4,"name":"armSP2_02"},{"time":1.4333,"name":"armSP2_01"},{"time":1.4666,"name":"armSP2_00"},{"time":1.5,"name":"armSP2_02"},{"time":1.5333,"name":"armSP2_01"},{"time":1.5666,"name":"armSP2_00"},{"time":1.6,"name":"armSP2_02"},{"time":1.6333,"name":"armSP2_01"},{"time":1.6666,"name":"armSP2_00"},{"time":1.7,"name":"armSP2_02"},{"time":1.7333,"name":"armSP2_01"},{"time":1.7666,"name":"armSP2_00"},{"time":1.8,"name":"armSP2_02"},{"time":1.8333,"name":"armSP2_01"},{"time":1.8666,"name":"armSP2_00"},{"time":1.9,"name":"armSP2_02"},{"time":1.9333,"name":"armSP2_01"},{"time":1.9666,"name":"armSP2_00"},{"time":2,"name":"armSP2_02"},{"time":2.0333,"name":null}],"color":[{"time":0.8,"color":"969696ff","curve":"stepped"},{"time":1.1,"color":"c4c4c4ff","curve":"stepped"},{"time":1.4,"color":"ffffffff","curve":"stepped"},{"time":1.7,"color":"ffffffff"}]},"armSP2_1":{"attachment":[{"time":0.8,"name":"armSP2_03"},{"time":0.8333,"name":"armSP2_02"},{"time":0.8666,"name":"armSP2_01"},{"time":0.9,"name":"armSP2_03"},{"time":0.9333,"name":"armSP2_02"},{"time":0.9666,"name":"armSP2_01"},{"time":1,"name":"armSP2_03"},{"time":1.0333,"name":"armSP2_02"},{"time":1.0666,"name":"armSP2_01"},{"time":1.1,"name":"armSP2_03"},{"time":1.1333,"name":"armSP2_01"},{"time":1.1666,"name":"armSP2_00"},{"time":1.2,"name":"armSP2_02"},{"time":1.2333,"name":"armSP2_02"},{"time":1.2666,"name":"armSP2_01"},{"time":1.3,"name":"armSP2_03"},{"time":1.3333,"name":"armSP2_02"},{"time":1.3666,"name":"armSP2_01"},{"time":1.4,"name":"armSP2_03"},{"time":1.4333,"name":"armSP2_02"},{"time":1.4666,"name":"armSP2_01"},{"time":1.5,"name":"armSP2_03"},{"time":1.5333,"name":"armSP2_02"},{"time":1.5666,"name":"armSP2_01"},{"time":1.6,"name":"armSP2_03"},{"time":1.6333,"name":"armSP2_02"},{"time":1.6666,"name":"armSP2_01"},{"time":1.7,"name":"armSP2_03"},{"time":1.7333,"name":"armSP2_02"},{"time":1.7666,"name":"armSP2_01"},{"time":1.8,"name":"armSP2_03"},{"time":1.8333,"name":"armSP2_02"},{"time":1.8666,"name":"armSP2_01"},{"time":1.9,"name":"armSP2_03"},{"time":1.9333,"name":"armSP2_02"},{"time":1.9666,"name":"armSP2_01"},{"time":2,"name":"armSP2_03"},{"time":2.0333,"name":null}],"color":[{"time":0.8,"color":"ffffffff","curve":"stepped"},{"time":1.1,"color":"ffffffff","curve":"stepped"},{"time":1.4,"color":"b3b3b3ff","curve":"stepped"},{"time":1.7,"color":"e0e0e0ff"}]}},"bones":{"wave1":{"scale":[{"time":0.0333,"x":3,"y":3}]},"armSP2":{"translate":[{"time":0.8,"x":-298.65,"y":144.11,"curve":"stepped"},{"time":0.8333,"x":-255.06,"y":133.67,"curve":"stepped"},{"time":0.8666,"x":-286.16,"y":134.82,"curve":"stepped"},{"time":0.9,"x":-292.46,"y":142.05,"curve":"stepped"},{"time":0.9333,"x":-253.59,"y":145.41,"curve":"stepped"},{"time":0.9666,"x":-297.16,"y":141.42,"curve":"stepped"},{"time":1,"x":-275.18,"y":138.24,"curve":"stepped"},{"time":1.0333,"x":-238.92,"y":136.61,"curve":"stepped"},{"time":1.0666,"x":-286.16,"y":134.82,"curve":"stepped"},{"time":1.1,"x":-298.65,"y":144.11,"curve":"stepped"},{"time":1.1333,"x":-255.06,"y":133.67,"curve":"stepped"},{"time":1.1666,"x":-286.16,"y":134.82,"curve":"stepped"},{"time":1.2,"x":-292.46,"y":142.05,"curve":"stepped"},{"time":1.2333,"x":-253.59,"y":145.41,"curve":"stepped"},{"time":1.2666,"x":-297.16,"y":141.42,"curve":"stepped"},{"time":1.3,"x":-275.18,"y":138.24,"curve":"stepped"},{"time":1.3333,"x":-238.92,"y":136.61,"curve":"stepped"},{"time":1.3666,"x":-286.16,"y":134.82,"curve":"stepped"},{"time":1.4,"x":-298.65,"y":144.11,"curve":"stepped"},{"time":1.4333,"x":-255.06,"y":133.67,"curve":"stepped"},{"time":1.4666,"x":-286.16,"y":134.82,"curve":"stepped"},{"time":1.5,"x":-292.46,"y":142.05,"curve":"stepped"},{"time":1.5333,"x":-253.59,"y":145.41,"curve":"stepped"},{"time":1.5666,"x":-297.16,"y":141.42,"curve":"stepped"},{"time":1.6,"x":-275.18,"y":138.24,"curve":"stepped"},{"time":1.6333,"x":-238.92,"y":136.61,"curve":"stepped"},{"time":1.6666,"x":-286.16,"y":134.82,"curve":"stepped"},{"time":1.7,"x":-298.65,"y":144.11,"curve":"stepped"},{"time":1.7333,"x":-255.06,"y":133.67,"curve":"stepped"},{"time":1.7666,"x":-286.16,"y":134.82,"curve":"stepped"},{"time":1.8,"x":-292.46,"y":142.05,"curve":"stepped"},{"time":1.8333,"x":-253.59,"y":145.41,"curve":"stepped"},{"time":1.8666,"x":-297.16,"y":141.42,"curve":"stepped"},{"time":1.9,"x":-275.18,"y":138.24,"curve":"stepped"},{"time":1.9333,"x":-238.92,"y":136.61,"curve":"stepped"},{"time":1.9666,"x":-286.16,"y":134.82}]},"armSP3":{"translate":[{"time":0.8,"x":-313.71,"y":35.67,"curve":"stepped"},{"time":0.8333,"x":-228.56,"y":31.99,"curve":"stepped"},{"time":0.8666,"x":-260.24,"y":46.96,"curve":"stepped"},{"time":0.9,"x":-268.31,"y":38.42,"curve":"stepped"},{"time":0.9333,"x":-227.09,"y":42.25,"curve":"stepped"},{"time":0.9666,"x":-240.43,"y":38.89,"curve":"stepped"},{"time":1,"x":-292.44,"y":32,"curve":"stepped"},{"time":1.0333,"x":-254.23,"y":31.99,"curve":"stepped"},{"time":1.0666,"x":-259.5,"y":33.02,"curve":"stepped"},{"time":1.1,"x":-313.71,"y":35.67,"curve":"stepped"},{"time":1.1333,"x":-228.56,"y":31.99,"curve":"stepped"},{"time":1.1666,"x":-260.24,"y":46.96,"curve":"stepped"},{"time":1.2,"x":-268.31,"y":38.42,"curve":"stepped"},{"time":1.2333,"x":-227.09,"y":42.25,"curve":"stepped"},{"time":1.2666,"x":-240.43,"y":38.89,"curve":"stepped"},{"time":1.3,"x":-292.44,"y":32,"curve":"stepped"},{"time":1.3333,"x":-254.23,"y":31.99,"curve":"stepped"},{"time":1.3666,"x":-259.5,"y":33.02,"curve":"stepped"},{"time":1.4,"x":-313.71,"y":35.67,"curve":"stepped"},{"time":1.4333,"x":-228.56,"y":31.99,"curve":"stepped"},{"time":1.4666,"x":-260.24,"y":46.96,"curve":"stepped"},{"time":1.5,"x":-268.31,"y":38.42,"curve":"stepped"},{"time":1.5333,"x":-227.09,"y":42.25,"curve":"stepped"},{"time":1.5666,"x":-240.43,"y":38.89,"curve":"stepped"},{"time":1.6,"x":-292.44,"y":32,"curve":"stepped"},{"time":1.6333,"x":-254.23,"y":31.99,"curve":"stepped"},{"time":1.6666,"x":-259.5,"y":33.02,"curve":"stepped"},{"time":1.7,"x":-313.71,"y":35.67,"curve":"stepped"},{"time":1.7333,"x":-228.56,"y":31.99,"curve":"stepped"},{"time":1.7666,"x":-260.24,"y":46.96,"curve":"stepped"},{"time":1.8,"x":-268.31,"y":38.42,"curve":"stepped"},{"time":1.8333,"x":-227.09,"y":42.25,"curve":"stepped"},{"time":1.8666,"x":-240.43,"y":38.89,"curve":"stepped"},{"time":1.9,"x":-292.44,"y":32,"curve":"stepped"},{"time":1.9333,"x":-254.23,"y":31.99,"curve":"stepped"},{"time":1.9666,"x":-259.5,"y":33.02}]},"armSP4":{"translate":[{"time":0.8,"x":-272.14,"y":88.36,"curve":"stepped"},{"time":0.8333,"x":-320.09,"y":86.77,"curve":"stepped"},{"time":0.8666,"x":-270.7,"y":84.88,"curve":"stepped"},{"time":0.9,"x":-313.42,"y":88.36,"curve":"stepped"},{"time":0.9333,"x":-309.82,"y":88.97,"curve":"stepped"},{"time":0.9666,"x":-275.1,"y":89.28,"curve":"stepped"},{"time":1,"x":-353.56,"y":88.36,"curve":"stepped"},{"time":1.0333,"x":-351.63,"y":88.97,"curve":"stepped"},{"time":1.0666,"x":-319.11,"y":91.48,"curve":"stepped"},{"time":1.1,"x":-272.14,"y":88.36,"curve":"stepped"},{"time":1.1333,"x":-320.09,"y":86.77,"curve":"stepped"},{"time":1.1666,"x":-270.7,"y":84.88,"curve":"stepped"},{"time":1.2,"x":-313.42,"y":88.36,"curve":"stepped"},{"time":1.2333,"x":-309.82,"y":88.97,"curve":"stepped"},{"time":1.2666,"x":-275.1,"y":89.28,"curve":"stepped"},{"time":1.3,"x":-353.56,"y":88.36,"curve":"stepped"},{"time":1.3333,"x":-351.63,"y":88.97,"curve":"stepped"},{"time":1.3666,"x":-319.11,"y":91.48,"curve":"stepped"},{"time":1.4,"x":-272.14,"y":88.36,"curve":"stepped"},{"time":1.4333,"x":-320.09,"y":86.77,"curve":"stepped"},{"time":1.4666,"x":-270.7,"y":84.88,"curve":"stepped"},{"time":1.5,"x":-313.42,"y":88.36,"curve":"stepped"},{"time":1.5333,"x":-309.82,"y":88.97,"curve":"stepped"},{"time":1.5666,"x":-275.1,"y":89.28,"curve":"stepped"},{"time":1.6,"x":-353.56,"y":88.36,"curve":"stepped"},{"time":1.6333,"x":-351.63,"y":88.97,"curve":"stepped"},{"time":1.6666,"x":-319.11,"y":91.48,"curve":"stepped"},{"time":1.7,"x":-272.14,"y":88.36,"curve":"stepped"},{"time":1.7333,"x":-320.09,"y":86.77,"curve":"stepped"},{"time":1.7666,"x":-270.7,"y":84.88,"curve":"stepped"},{"time":1.8,"x":-313.42,"y":88.36,"curve":"stepped"},{"time":1.8333,"x":-309.82,"y":88.97,"curve":"stepped"},{"time":1.8666,"x":-275.1,"y":89.28,"curve":"stepped"},{"time":1.9,"x":-353.56,"y":88.36,"curve":"stepped"},{"time":1.9333,"x":-351.63,"y":88.97,"curve":"stepped"},{"time":1.9666,"x":-319.11,"y":91.48}]},"power2":{"translate":[{"time":0.0333,"x":0,"y":45.07}],"scale":[{"time":0.0333,"x":4.898,"y":4.898},{"time":0.1333,"x":5.649,"y":5.649},{"time":0.1666,"x":4.913,"y":4.913},{"time":0.2,"x":4.629,"y":4.629},{"time":0.3666,"x":5.23,"y":5.23}]},"power1":{"translate":[{"time":0.0333,"x":14.16,"y":84.53}],"scale":[{"time":0.0333,"x":4.586,"y":4.586}]},"power3":{"translate":[{"time":0.0333,"x":0,"y":125.99}],"scale":[{"time":0.0333,"x":5.761,"y":5.761}]},"MAIN":{"translate":[{"time":0.7666,"x":0,"y":0},{"time":0.8,"x":-85.62,"y":0},{"time":2.0333,"x":-100.77,"y":0,"curve":[0.092,0.65,0.75,1]},{"time":2.1333,"x":-162.59,"y":0,"curve":"stepped"},{"time":2.1666,"x":-175.67,"y":0,"curve":[0.162,0.5,0.75,1]},{"time":2.2666,"x":-179.26,"y":-2.9},{"time":2.4333,"x":-190.02,"y":-2.9},{"time":2.5666,"x":-218.17,"y":0}],"scale":[{"time":0.0333,"x":1,"y":1},{"time":2.1666,"x":1,"y":0.961,"curve":[0.162,0.5,0.75,1]},{"time":2.2666,"x":1,"y":0.933,"curve":"stepped"},{"time":2.4333,"x":1,"y":0.933},{"time":2.5666,"x":1,"y":1}]},"SP":{"translate":[{"time":0.8,"x":0,"y":0,"curve":"stepped"},{"time":0.9,"x":-11,"y":-35.08,"curve":"stepped"},{"time":1,"x":-1.6,"y":17.55,"curve":"stepped"},{"time":1.1,"x":0,"y":0,"curve":"stepped"},{"time":1.2,"x":-11,"y":-35.08,"curve":"stepped"},{"time":1.3,"x":-1.6,"y":17.55,"curve":"stepped"},{"time":1.4,"x":0,"y":0,"curve":"stepped"},{"time":1.5,"x":-11,"y":-35.08,"curve":"stepped"},{"time":1.6,"x":-1.6,"y":17.55,"curve":"stepped"},{"time":1.7,"x":0,"y":0,"curve":"stepped"},{"time":1.8,"x":-11,"y":-35.08,"curve":"stepped"},{"time":1.9,"x":-1.6,"y":17.55}]},"L_chain_1":{"rotate":[{"time":2.0333,"angle":-14.54,"curve":"stepped"},{"time":2.0666,"angle":-98.74,"curve":"stepped"},{"time":2.1,"angle":-81.73,"curve":"stepped"},{"time":2.1333,"angle":-49.48,"curve":"stepped"},{"time":2.1666,"angle":-16.96,"curve":"stepped"},{"time":2.3,"angle":-5.53,"curve":"stepped"},{"time":2.3666,"angle":11.25,"curve":"stepped"},{"time":2.5,"angle":3.46,"curve":"stepped"},{"time":2.5333,"angle":0.21,"curve":"stepped"},{"time":2.5666,"angle":-16.06}],"translate":[{"time":2.0333,"x":-154.99,"y":240.03,"curve":"stepped"},{"time":2.0666,"x":-270.24,"y":219.94,"curve":"stepped"},{"time":2.1,"x":-272.05,"y":226.24,"curve":"stepped"},{"time":2.1333,"x":-277.85,"y":226.24,"curve":"stepped"},{"time":2.1666,"x":-202.14,"y":220.39,"curve":"stepped"},{"time":2.2,"x":-198.58,"y":224.46,"curve":"stepped"},{"time":2.2333,"x":-200.45,"y":225.57,"curve":"stepped"},{"time":2.2666,"x":-210.83,"y":229.64,"curve":"stepped"},{"time":2.3,"x":-236.87,"y":234.54},{"time":2.3666,"x":-246.55,"y":233.65,"curve":"stepped"},{"time":2.4333,"x":-229,"y":226.41,"curve":"stepped"},{"time":2.5,"x":-223.38,"y":225.57,"curve":"stepped"},{"time":2.5333,"x":-232.13,"y":221.75,"curve":"stepped"},{"time":2.5666,"x":-246.81,"y":221.24}]},"L_chain_2":{"rotate":[{"time":2.0333,"angle":-4.04,"curve":"stepped"},{"time":2.0666,"angle":-24.58,"curve":"stepped"},{"time":2.1,"angle":-9.72,"curve":"stepped"},{"time":2.1333,"angle":32.08,"curve":"stepped"},{"time":2.1666,"angle":-39.8,"curve":"stepped"},{"time":2.2,"angle":-22.44,"curve":"stepped"},{"time":2.2333,"angle":3.1,"curve":"stepped"},{"time":2.2666,"angle":16.13,"curve":"stepped"},{"time":2.3,"angle":45.46,"curve":"stepped"},{"time":2.3666,"angle":53.86,"curve":"stepped"},{"time":2.4333,"angle":16.13,"curve":"stepped"},{"time":2.5,"angle":3.1,"curve":"stepped"},{"time":2.5333,"angle":-25.28,"curve":"stepped"},{"time":2.5666,"angle":-11.65}]},"L_chain_3":{"rotate":[{"time":2.0333,"angle":39.19,"curve":"stepped"},{"time":2.0666,"angle":-28.92,"curve":"stepped"},{"time":2.1,"angle":-18.9,"curve":"stepped"},{"time":2.1333,"angle":4.72,"curve":"stepped"},{"time":2.1666,"angle":-9.43,"curve":"stepped"},{"time":2.2,"angle":7.92,"curve":"stepped"},{"time":2.2333,"angle":33.47,"curve":"stepped"},{"time":2.2666,"angle":46.5,"curve":"stepped"},{"time":2.3,"angle":75.83,"curve":"stepped"},{"time":2.3666,"angle":84.23,"curve":"stepped"},{"time":2.4333,"angle":46.5,"curve":"stepped"},{"time":2.5,"angle":33.47,"curve":"stepped"},{"time":2.5333,"angle":-0.33,"curve":"stepped"},{"time":2.5666,"angle":24.81}]},"R_cain_1":{"rotate":[{"time":2.0666,"angle":-6.45,"curve":"stepped"},{"time":2.1333,"angle":20.58,"curve":"stepped"},{"time":2.1666,"angle":85.12,"curve":"stepped"},{"time":2.2333,"angle":74.13,"curve":"stepped"},{"time":2.3,"angle":83.49,"curve":"stepped"},{"time":2.3666,"angle":94.87,"curve":"stepped"},{"time":2.4333,"angle":39.41,"curve":"stepped"},{"time":2.5,"angle":38.32,"curve":"stepped"},{"time":2.5333,"angle":28.4}],"translate":[{"time":2.0333,"x":-99.72,"y":190.72,"curve":"stepped"},{"time":2.0666,"x":-40.63,"y":227.7,"curve":"stepped"},{"time":2.1,"x":-18.3,"y":243.59,"curve":"stepped"},{"time":2.1333,"x":-34.4,"y":246.01,"curve":"stepped"},{"time":2.1666,"x":-127.52,"y":245.22,"curve":"stepped"},{"time":2.2,"x":-131.27,"y":236.11,"curve":"stepped"},{"time":2.2333,"x":-141.9,"y":224.32,"curve":"stepped"},{"time":2.2666,"x":-191.11,"y":209.31,"curve":"stepped"},{"time":2.3,"x":-235.45,"y":193.23,"curve":"stepped"},{"time":2.3666,"x":-224.68,"y":193.23,"curve":"stepped"},{"time":2.4333,"x":-194.11,"y":230.32,"curve":"stepped"},{"time":2.4666,"x":-204.2,"y":230.32,"curve":"stepped"},{"time":2.5,"x":-183.26,"y":226.22,"curve":"stepped"},{"time":2.5333,"x":-172.15,"y":231.31,"curve":"stepped"},{"time":2.5666,"x":-195.55,"y":234.25}]},"R_cain_2":{"rotate":[{"time":2.0333,"angle":-39.97,"curve":"stepped"},{"time":2.0666,"angle":-69.28,"curve":"stepped"},{"time":2.1,"angle":-8.24,"curve":"stepped"},{"time":2.1333,"angle":-0.78,"curve":"stepped"},{"time":2.1666,"angle":-20.73,"curve":"stepped"},{"time":2.2666,"angle":-8.26,"curve":"stepped"},{"time":2.3,"angle":7.99,"curve":"stepped"},{"time":2.3666,"angle":1.17,"curve":"stepped"},{"time":2.4333,"angle":-45.35,"curve":"stepped"},{"time":2.5666,"angle":1.67}]},"R_cain_3":{"rotate":[{"time":2.0333,"angle":-39.97,"curve":"stepped"},{"time":2.0666,"angle":-65.95,"curve":"stepped"},{"time":2.1,"angle":-37.65,"curve":"stepped"},{"time":2.1333,"angle":-26.42,"curve":"stepped"},{"time":2.1666,"angle":17.87,"curve":"stepped"},{"time":2.2666,"angle":38.11,"curve":"stepped"},{"time":2.3,"angle":63.6,"curve":"stepped"},{"time":2.3666,"angle":74.98,"curve":"stepped"},{"time":2.4333,"angle":-9.04,"curve":"stepped"},{"time":2.5,"angle":40.52,"curve":"stepped"},{"time":2.5333,"angle":29.64,"curve":"stepped"},{"time":2.5666,"angle":5.92}]},"DAMAGEAREA":{"translate":[{"time":0.8,"x":-254.33,"y":128.07,"curve":"stepped"},{"time":2.0666,"x":-153.32,"y":128.07,"curve":"stepped"},{"time":2.1333,"x":-263.79,"y":128.07}],"scale":[{"time":0.8,"x":1.961,"y":1.73,"curve":"stepped"},{"time":2.1333,"x":2.804,"y":1.062}]}},"drawOrder":[{"time":0.0333,"offsets":[{"slot":"MAIN","offset":4},{"slot":"armSP2_00","offset":4},{"slot":"armSP2_0","offset":4},{"slot":"armSP2_1","offset":4}]},{"time":2.0333,"offsets":[{"slot":"MAIN","offset":7},{"slot":"armSP2_00","offset":7},{"slot":"armSP2_0","offset":7},{"slot":"armSP2_1","offset":7}]},{"time":2.0666,"offsets":[{"slot":"MAIN","offset":10},{"slot":"armSP2_00","offset":10},{"slot":"armSP2_0","offset":10},{"slot":"armSP2_1","offset":10}]},{"time":2.1666,"offsets":[{"slot":"MAIN","offset":7},{"slot":"armSP2_00","offset":10},{"slot":"armSP2_0","offset":10},{"slot":"armSP2_1","offset":10},{"slot":"L_chain_1","offset":0},{"slot":"L_chain_2","offset":0},{"slot":"L_chain_3","offset":0}]},{"time":2.3,"offsets":[{"slot":"MAIN","offset":7},{"slot":"armSP2_00","offset":10},{"slot":"armSP2_0","offset":10},{"slot":"armSP2_1","offset":10},{"slot":"L_chain_1","offset":0},{"slot":"L_chain_2","offset":0},{"slot":"L_chain_3","offset":0}]},{"time":2.5,"offsets":[{"slot":"MAIN","offset":7},{"slot":"armSP2_00","offset":10},{"slot":"armSP2_0","offset":10},{"slot":"armSP2_1","offset":10},{"slot":"L_chain_1","offset":0},{"slot":"L_chain_2","offset":0},{"slot":"L_chain_3","offset":0}]}],"events":[{"time":0.0333,"name":"HitEffect","string":"setHitEffect(hit04d,1,0.75,150)"},{"time":0.0333,"name":"Sound1","string":"cri_se_battle_charge"},{"time":0.0333,"name":"Voice","string":"cri_034_voice_fullarts_now"},{"time":0.7666,"name":"Event","float":0.03,"string":"kHitStopType_enemyonly"},{"time":0.8,"name":"Sound1","string":"setHitSound(se_battle_explosion_short)"},{"time":0.8,"name":"Sound2","string":"cri_se_battle_monster_jump"},{"time":0.8,"name":"View","float":1.2,"string":"shakeGround_Loop"},{"time":0.8666,"name":"Hit","float":1,"string":"resetHitList"},{"time":0.9333,"name":"Hit","float":1,"string":"resetHitList"},{"time":1,"name":"Sound2","string":"cri_se_battle_monster_jump"},{"time":1.0333,"name":"Hit","float":1,"string":"resetHitList"},{"time":1.1,"name":"Hit","float":1,"string":"resetHitList"},{"time":1.2,"name":"Hit","float":1,"string":"resetHitList"},{"time":1.2,"name":"Sound2","string":"cri_se_battle_monster_jump"},{"time":1.2666,"name":"Hit","float":1,"string":"resetHitList"},{"time":1.3333,"name":"Hit","float":1,"string":"resetHitList"},{"time":1.4,"name":"Sound2","string":"cri_se_battle_monster_jump"},{"time":1.4666,"name":"Hit","float":1,"string":"resetHitList"},{"time":1.5,"name":"Hit","float":1,"string":"resetHitList"},{"time":1.6,"name":"Hit","float":1,"string":"resetHitList"},{"time":1.6,"name":"Sound2","string":"cri_se_battle_monster_jump"},{"time":1.6666,"name":"Hit","float":1,"string":"resetHitList"},{"time":1.7,"name":"Hit","float":1,"string":"resetHitList"},{"time":1.8,"name":"Hit","float":1,"string":"resetHitList"},{"time":1.8,"name":"Sound2","string":"cri_se_battle_monster_jump"},{"time":1.8666,"name":"Hit","float":1,"string":"resetHitList"},{"time":2.0333,"name":"Event","float":0.1,"string":"kHitStopType_normal"},{"time":2.0333,"name":"Sound1","string":"cri_se_battle_skill_swish"},{"time":2.0666,"name":"Event","string":"kImpactType_knock"},{"time":2.0666,"name":"Sound1","string":"cri_se_battle_monster_hit"},{"time":2.1,"name":"HitEffect","string":"setHitEffect(hit06d,1,2,1)"},{"time":2.1333,"name":"Hit","float":35,"string":"resetHitList"},{"time":2.1333,"name":"View","string":"shakeGround"}]}}}