{"skeleton":{"hash":"kG5HASAkJo7oy1mZTSe0hLp47To","spine":"3.0.12","width":512,"height":512},"bones":[{"name":"root"},{"name":"MAIN","parent":"root","y":65},{"name":"main_ef","parent":"MAIN"},{"name":"HITBOX","parent":"MAIN","y":-65},{"name":"EF","parent":"root"},{"name":"EF_wave1_4","parent":"EF","x":200},{"name":"EF_wave1_3","parent":"EF","x":200},{"name":"EF_wave1_2","parent":"EF","x":200},{"name":"EF_wave1_1","parent":"EF","x":200},{"name":"EF_stab1_1","parent":"EF","x":250,"y":50},{"name":"EF_slash1_1","parent":"EF","x":200,"y":50},{"name":"EF_shield1_1","parent":"EF","x":350,"y":50},{"name":"EF_rotwave1_1","parent":"EF","x":350},{"name":"EF_rock1_6","parent":"EF","x":300},{"name":"EF_rock1_5","parent":"EF","x":300},{"name":"EF_rock1_4","parent":"EF","x":300},{"name":"EF_rock1_3","parent":"EF","x":300},{"name":"EF_rock1_2","parent":"EF","x":300},{"name":"EF_rock1_1","parent":"EF","x":300},{"name":"EF_energy1_1","parent":"EF","x":150,"y":50},{"name":"EF_earth1_1","parent":"EF","x":250},{"name":"EF_dome1_1","parent":"EF","x":400},{"name":"EF_dash1_6","parent":"EF","x":150},{"name":"EF_dash1_5","parent":"EF","x":150},{"name":"EF_dash1_4","parent":"EF","x":150},{"name":"EF_dash1_3","parent":"EF","x":150},{"name":"EF_dash1_2","parent":"EF","x":150},{"name":"EF_dash1_1","parent":"EF","x":150},{"name":"EF_aura1_1","parent":"EF","x":450},{"name":"DAMAGEAREA","parent":"root"}],"slots":[{"name":"EF_rotwave1_1","bone":"EF_rotwave1_1","blend":"additive"},{"name":"EF_wave1_1","bone":"EF_wave1_1","blend":"additive"},{"name":"EF_wave1_2","bone":"EF_wave1_2","blend":"additive"},{"name":"EF_wave1_3","bone":"EF_wave1_3","blend":"additive"},{"name":"EF_wave1_4","bone":"EF_wave1_4","blend":"additive"},{"name":"EF_earth1_1","bone":"EF_earth1_1","blend":"additive"},{"name":"EF_rock1_2","bone":"EF_rock1_2"},{"name":"EF_rock1_3","bone":"EF_rock1_3"},{"name":"EF_rock1_4","bone":"EF_rock1_4"},{"name":"EF_rock1_5","bone":"EF_rock1_5"},{"name":"EF_rock1_6","bone":"EF_rock1_6"},{"name":"MAIN","bone":"MAIN","attachment":"idle_00"},{"name":"attack1_ef","bone":"main_ef","color":"0064ffff","blend":"additive"},{"name":"EF_dash1_1","bone":"EF_dash1_1","blend":"additive"},{"name":"EF_dash1_2","bone":"EF_dash1_2","blend":"additive"},{"name":"EF_dash1_3","bone":"EF_dash1_3","blend":"additive"},{"name":"EF_dash1_4","bone":"EF_dash1_4","blend":"additive"},{"name":"EF_dash1_5","bone":"EF_dash1_5","blend":"additive"},{"name":"EF_dash1_6","bone":"EF_dash1_6","blend":"additive"},{"name":"EF_energy1_1","bone":"EF_energy1_1","blend":"additive"},{"name":"EF_slash1_1","bone":"EF_slash1_1","blend":"additive"},{"name":"EF_rock1_1","bone":"EF_rock1_1"},{"name":"EF_stab1_1","bone":"EF_stab1_1","blend":"additive"},{"name":"EF_shield1_1","bone":"EF_shield1_1","blend":"additive"},{"name":"EF_dome1_1","bone":"EF_dome1_1","blend":"additive"},{"name":"EF_aura1_1","bone":"EF_aura1_1","blend":"additive"},{"name":"DAMAGEAREA","bone":"DAMAGEAREA"},{"name":"HITBOX","bone":"HITBOX","attachment":"HITBOX"}],"skins":{"default":{"DAMAGEAREA":{"DAMAGEAREA":{"type":"boundingbox","vertices":[-64.57171,-64.13868,63.57816,-64.13868,63.57816,63.54521,-63.17372,64.47721]}},"EF_aura1_1":{"EF/ef_aura_main/ef_aura_main_00009":{"y":84.1,"width":227,"height":227},"EF/ef_aura_main/ef_aura_main_00010":{"y":84.1,"width":227,"height":227},"EF/ef_aura_main/ef_aura_main_00011":{"y":84.1,"width":227,"height":227},"EF/ef_aura_main/ef_aura_main_00012":{"y":84.1,"width":227,"height":227},"EF/ef_aura_main/ef_aura_main_00013":{"y":84.1,"width":227,"height":227},"EF/ef_aura_main/ef_aura_main_00014":{"y":84.1,"width":227,"height":227},"EF/ef_aura_main/ef_aura_main_00015":{"y":84.1,"width":227,"height":227},"EF/ef_aura_main/ef_aura_main_00016":{"y":84.1,"width":227,"height":227}},"EF_dash1_1":{"EF/ef_dash_blue/ef_dash_blue_00002":{"x":-6.28,"y":11.79,"width":250,"height":250},"EF/ef_dash_blue/ef_dash_blue_00003":{"x":-6.28,"y":11.79,"width":250,"height":250},"EF/ef_dash_blue/ef_dash_blue_00004":{"x":-6.28,"y":11.79,"width":250,"height":250},"EF/ef_dash_blue/ef_dash_blue_00005":{"x":-6.28,"y":11.79,"width":250,"height":250},"EF/ef_dash_blue/ef_dash_blue_00006":{"x":-6.28,"y":11.79,"width":250,"height":250},"EF/ef_dash_blue/ef_dash_blue_00007":{"x":-6.28,"y":11.79,"width":250,"height":250},"EF/ef_dash_blue/ef_dash_blue_00008":{"x":-6.28,"y":11.79,"width":250,"height":250},"EF/ef_dash_blue/ef_dash_blue_00009":{"x":-6.28,"y":11.79,"width":250,"height":250},"EF/ef_dash_blue/ef_dash_blue_00010":{"x":-6.28,"y":11.79,"width":250,"height":250},"EF/ef_dash_blue/ef_dash_blue_00011":{"x":-6.28,"y":11.79,"width":250,"height":250},"EF/ef_dash_blue/ef_dash_blue_00012":{"x":-6.28,"y":11.79,"width":250,"height":250}},"EF_dash1_2":{"EF/ef_dash_blue/ef_dash_blue_00002":{"x":-6.28,"y":11.79,"width":250,"height":250},"EF/ef_dash_blue/ef_dash_blue_00003":{"x":-6.28,"y":11.79,"width":250,"height":250},"EF/ef_dash_blue/ef_dash_blue_00004":{"x":-6.28,"y":11.79,"width":250,"height":250},"EF/ef_dash_blue/ef_dash_blue_00005":{"x":-6.28,"y":11.79,"width":250,"height":250},"EF/ef_dash_blue/ef_dash_blue_00006":{"x":-6.28,"y":11.79,"width":250,"height":250},"EF/ef_dash_blue/ef_dash_blue_00007":{"x":-6.28,"y":11.79,"width":250,"height":250},"EF/ef_dash_blue/ef_dash_blue_00008":{"x":-6.28,"y":11.79,"width":250,"height":250},"EF/ef_dash_blue/ef_dash_blue_00009":{"x":-6.28,"y":11.79,"width":250,"height":250},"EF/ef_dash_blue/ef_dash_blue_00010":{"x":-6.28,"y":11.79,"width":250,"height":250},"EF/ef_dash_blue/ef_dash_blue_00011":{"x":-6.28,"y":11.79,"width":250,"height":250},"EF/ef_dash_blue/ef_dash_blue_00012":{"x":-6.28,"y":11.79,"width":250,"height":250}},"EF_dash1_3":{"EF/ef_dash_blue/ef_dash_blue_00002":{"x":-6.28,"y":11.79,"width":250,"height":250},"EF/ef_dash_blue/ef_dash_blue_00003":{"x":-6.28,"y":11.79,"width":250,"height":250},"EF/ef_dash_blue/ef_dash_blue_00004":{"x":-6.28,"y":11.79,"width":250,"height":250},"EF/ef_dash_blue/ef_dash_blue_00005":{"x":-6.28,"y":11.79,"width":250,"height":250},"EF/ef_dash_blue/ef_dash_blue_00006":{"x":-6.28,"y":11.79,"width":250,"height":250},"EF/ef_dash_blue/ef_dash_blue_00007":{"x":-6.28,"y":11.79,"width":250,"height":250},"EF/ef_dash_blue/ef_dash_blue_00008":{"x":-6.28,"y":11.79,"width":250,"height":250},"EF/ef_dash_blue/ef_dash_blue_00009":{"x":-6.28,"y":11.79,"width":250,"height":250},"EF/ef_dash_blue/ef_dash_blue_00010":{"x":-6.28,"y":11.79,"width":250,"height":250},"EF/ef_dash_blue/ef_dash_blue_00011":{"x":-6.28,"y":11.79,"width":250,"height":250},"EF/ef_dash_blue/ef_dash_blue_00012":{"x":-6.28,"y":11.79,"width":250,"height":250}},"EF_dash1_4":{"EF/ef_dash_blue/ef_dash_blue_00002":{"x":-6.28,"y":11.79,"width":250,"height":250},"EF/ef_dash_blue/ef_dash_blue_00003":{"x":-6.28,"y":11.79,"width":250,"height":250},"EF/ef_dash_blue/ef_dash_blue_00004":{"x":-6.28,"y":11.79,"width":250,"height":250},"EF/ef_dash_blue/ef_dash_blue_00005":{"x":-6.28,"y":11.79,"width":250,"height":250},"EF/ef_dash_blue/ef_dash_blue_00006":{"x":-6.28,"y":11.79,"width":250,"height":250},"EF/ef_dash_blue/ef_dash_blue_00007":{"x":-6.28,"y":11.79,"width":250,"height":250},"EF/ef_dash_blue/ef_dash_blue_00008":{"x":-6.28,"y":11.79,"width":250,"height":250},"EF/ef_dash_blue/ef_dash_blue_00009":{"x":-6.28,"y":11.79,"width":250,"height":250},"EF/ef_dash_blue/ef_dash_blue_00010":{"x":-6.28,"y":11.79,"width":250,"height":250},"EF/ef_dash_blue/ef_dash_blue_00011":{"x":-6.28,"y":11.79,"width":250,"height":250},"EF/ef_dash_blue/ef_dash_blue_00012":{"x":-6.28,"y":11.79,"width":250,"height":250}},"EF_dash1_5":{"EF/ef_dash_blue/ef_dash_blue_00002":{"x":-6.28,"y":11.79,"width":250,"height":250},"EF/ef_dash_blue/ef_dash_blue_00003":{"x":-6.28,"y":11.79,"width":250,"height":250},"EF/ef_dash_blue/ef_dash_blue_00004":{"x":-6.28,"y":11.79,"width":250,"height":250},"EF/ef_dash_blue/ef_dash_blue_00005":{"x":-6.28,"y":11.79,"width":250,"height":250},"EF/ef_dash_blue/ef_dash_blue_00006":{"x":-6.28,"y":11.79,"width":250,"height":250},"EF/ef_dash_blue/ef_dash_blue_00007":{"x":-6.28,"y":11.79,"width":250,"height":250},"EF/ef_dash_blue/ef_dash_blue_00008":{"x":-6.28,"y":11.79,"width":250,"height":250},"EF/ef_dash_blue/ef_dash_blue_00009":{"x":-6.28,"y":11.79,"width":250,"height":250},"EF/ef_dash_blue/ef_dash_blue_00010":{"x":-6.28,"y":11.79,"width":250,"height":250},"EF/ef_dash_blue/ef_dash_blue_00011":{"x":-6.28,"y":11.79,"width":250,"height":250},"EF/ef_dash_blue/ef_dash_blue_00012":{"x":-6.28,"y":11.79,"width":250,"height":250}},"EF_dash1_6":{"EF/ef_dash_blue/ef_dash_blue_00002":{"x":-6.28,"y":11.79,"width":250,"height":250},"EF/ef_dash_blue/ef_dash_blue_00003":{"x":-6.28,"y":11.79,"width":250,"height":250},"EF/ef_dash_blue/ef_dash_blue_00004":{"x":-6.28,"y":11.79,"width":250,"height":250},"EF/ef_dash_blue/ef_dash_blue_00005":{"x":-6.28,"y":11.79,"width":250,"height":250},"EF/ef_dash_blue/ef_dash_blue_00006":{"x":-6.28,"y":11.79,"width":250,"height":250},"EF/ef_dash_blue/ef_dash_blue_00007":{"x":-6.28,"y":11.79,"width":250,"height":250},"EF/ef_dash_blue/ef_dash_blue_00008":{"x":-6.28,"y":11.79,"width":250,"height":250},"EF/ef_dash_blue/ef_dash_blue_00009":{"x":-6.28,"y":11.79,"width":250,"height":250},"EF/ef_dash_blue/ef_dash_blue_00010":{"x":-6.28,"y":11.79,"width":250,"height":250},"EF/ef_dash_blue/ef_dash_blue_00011":{"x":-6.28,"y":11.79,"width":250,"height":250},"EF/ef_dash_blue/ef_dash_blue_00012":{"x":-6.28,"y":11.79,"width":250,"height":250}},"EF_dome1_1":{"EF/ef_dome_main/ef_dome_main_00006":{"y":8.35,"width":300,"height":300},"EF/ef_dome_main/ef_dome_main_00008":{"y":8.35,"width":300,"height":300},"EF/ef_dome_main/ef_dome_main_00010":{"y":8.35,"width":300,"height":300},"EF/ef_dome_main/ef_dome_main_00012":{"y":8.35,"width":300,"height":300},"EF/ef_dome_main/ef_dome_main_00014":{"y":8.35,"width":300,"height":300},"EF/ef_dome_main/ef_dome_main_00016":{"y":8.35,"width":300,"height":300},"EF/ef_dome_main/ef_dome_main_00018":{"y":8.35,"width":300,"height":300},"EF/ef_dome_main/ef_dome_main_00020":{"y":8.35,"width":300,"height":300},"EF/ef_dome_main/ef_dome_main_00022":{"y":8.35,"width":300,"height":300},"EF/ef_dome_main/ef_dome_main_00024":{"y":8.35,"width":300,"height":300},"EF/ef_dome_main/ef_dome_main_00026":{"y":8.35,"width":300,"height":300},"EF/ef_dome_main/ef_dome_main_00028":{"y":8.35,"width":300,"height":300},"EF/ef_dome_main/ef_dome_main_00030":{"y":8.35,"width":300,"height":300},"EF/ef_dome_main/ef_dome_main_00032":{"y":8.35,"width":300,"height":300},"EF/ef_dome_main/ef_dome_main_00034":{"y":8.35,"width":300,"height":300}},"EF_earth1_1":{"EF/ef_graund_earth_blue_00005":{"y":5.28,"width":250,"height":250}},"EF_energy1_1":{"EF/ef_energy_sink_blue/ef_energy_sink_blue_00001":{"width":200,"height":200},"EF/ef_energy_sink_blue/ef_energy_sink_blue_00002":{"width":200,"height":200},"EF/ef_energy_sink_blue/ef_energy_sink_blue_00003":{"width":200,"height":200},"EF/ef_energy_sink_blue/ef_energy_sink_blue_00004":{"width":200,"height":200},"EF/ef_energy_sink_blue/ef_energy_sink_blue_00005":{"width":200,"height":200},"EF/ef_energy_sink_blue/ef_energy_sink_blue_00006":{"width":200,"height":200},"EF/ef_energy_sink_blue/ef_energy_sink_blue_00007":{"width":200,"height":200},"EF/ef_energy_sink_blue/ef_energy_sink_blue_00008":{"width":200,"height":200},"EF/ef_energy_sink_blue/ef_energy_sink_blue_00009":{"width":200,"height":200},"EF/ef_energy_sink_blue/ef_energy_sink_blue_00010":{"width":200,"height":200},"EF/ef_energy_sink_blue/ef_energy_sink_blue_00011":{"width":200,"height":200},"EF/ef_energy_sink_blue/ef_energy_sink_blue_00012":{"width":200,"height":200},"EF/ef_energy_sink_blue/ef_energy_sink_blue_00013":{"width":200,"height":200},"EF/ef_energy_sink_blue/ef_energy_sink_blue_00014":{"width":200,"height":200}},"EF_rock1_1":{"EF/ef_rock_main/ef_rock_main_00003":{"y":45.03,"width":150,"height":120},"EF/ef_rock_main/ef_rock_main_00004":{"y":45.03,"width":150,"height":120},"EF/ef_rock_main/ef_rock_main_00005":{"y":45.03,"width":150,"height":120},"EF/ef_rock_main/ef_rock_main_00006":{"y":45.03,"width":150,"height":120},"EF/ef_rock_main/ef_rock_main_00007":{"y":45.03,"width":150,"height":120},"EF/ef_rock_main/ef_rock_main_00008":{"y":45.03,"width":150,"height":120},"EF/ef_rock_main/ef_rock_main_00009":{"y":45.03,"width":150,"height":120},"EF/ef_rock_main/ef_rock_main_00010":{"y":45.03,"width":150,"height":120},"EF/ef_rock_main/ef_rock_main_00011":{"y":45.03,"width":150,"height":120},"EF/ef_rock_main/ef_rock_main_00012":{"y":45.03,"width":150,"height":120}},"EF_rock1_2":{"EF/ef_rock_main/ef_rock_main_00003":{"y":45.03,"width":150,"height":120},"EF/ef_rock_main/ef_rock_main_00004":{"y":45.03,"width":150,"height":120},"EF/ef_rock_main/ef_rock_main_00005":{"y":45.03,"width":150,"height":120},"EF/ef_rock_main/ef_rock_main_00006":{"y":45.03,"width":150,"height":120},"EF/ef_rock_main/ef_rock_main_00007":{"y":45.03,"width":150,"height":120},"EF/ef_rock_main/ef_rock_main_00008":{"y":45.03,"width":150,"height":120},"EF/ef_rock_main/ef_rock_main_00009":{"y":45.03,"width":150,"height":120},"EF/ef_rock_main/ef_rock_main_00010":{"y":45.03,"width":150,"height":120},"EF/ef_rock_main/ef_rock_main_00011":{"y":45.03,"width":150,"height":120},"EF/ef_rock_main/ef_rock_main_00012":{"y":45.03,"width":150,"height":120}},"EF_rock1_3":{"EF/ef_rock_main/ef_rock_main_00003":{"y":45.03,"width":150,"height":120},"EF/ef_rock_main/ef_rock_main_00004":{"y":45.03,"width":150,"height":120},"EF/ef_rock_main/ef_rock_main_00005":{"y":45.03,"width":150,"height":120},"EF/ef_rock_main/ef_rock_main_00006":{"y":45.03,"width":150,"height":120},"EF/ef_rock_main/ef_rock_main_00007":{"y":45.03,"width":150,"height":120},"EF/ef_rock_main/ef_rock_main_00008":{"y":45.03,"width":150,"height":120},"EF/ef_rock_main/ef_rock_main_00009":{"y":45.03,"width":150,"height":120},"EF/ef_rock_main/ef_rock_main_00010":{"y":45.03,"width":150,"height":120},"EF/ef_rock_main/ef_rock_main_00011":{"y":45.03,"width":150,"height":120},"EF/ef_rock_main/ef_rock_main_00012":{"y":45.03,"width":150,"height":120}},"EF_rock1_4":{"EF/ef_rock_main/ef_rock_main_00003":{"y":45.03,"width":150,"height":120},"EF/ef_rock_main/ef_rock_main_00004":{"y":45.03,"width":150,"height":120},"EF/ef_rock_main/ef_rock_main_00005":{"y":45.03,"width":150,"height":120},"EF/ef_rock_main/ef_rock_main_00006":{"y":45.03,"width":150,"height":120},"EF/ef_rock_main/ef_rock_main_00007":{"y":45.03,"width":150,"height":120},"EF/ef_rock_main/ef_rock_main_00008":{"y":45.03,"width":150,"height":120},"EF/ef_rock_main/ef_rock_main_00009":{"y":45.03,"width":150,"height":120},"EF/ef_rock_main/ef_rock_main_00010":{"y":45.03,"width":150,"height":120},"EF/ef_rock_main/ef_rock_main_00011":{"y":45.03,"width":150,"height":120},"EF/ef_rock_main/ef_rock_main_00012":{"y":45.03,"width":150,"height":120}},"EF_rock1_5":{"EF/ef_rock_main/ef_rock_main_00003":{"y":45.03,"width":150,"height":120},"EF/ef_rock_main/ef_rock_main_00004":{"y":45.03,"width":150,"height":120},"EF/ef_rock_main/ef_rock_main_00005":{"y":45.03,"width":150,"height":120},"EF/ef_rock_main/ef_rock_main_00006":{"y":45.03,"width":150,"height":120},"EF/ef_rock_main/ef_rock_main_00007":{"y":45.03,"width":150,"height":120},"EF/ef_rock_main/ef_rock_main_00008":{"y":45.03,"width":150,"height":120},"EF/ef_rock_main/ef_rock_main_00009":{"y":45.03,"width":150,"height":120},"EF/ef_rock_main/ef_rock_main_00010":{"y":45.03,"width":150,"height":120},"EF/ef_rock_main/ef_rock_main_00011":{"y":45.03,"width":150,"height":120},"EF/ef_rock_main/ef_rock_main_00012":{"y":45.03,"width":150,"height":120}},"EF_rock1_6":{"EF/ef_rock_main/ef_rock_main_00003":{"y":45.03,"width":150,"height":120},"EF/ef_rock_main/ef_rock_main_00004":{"y":45.03,"width":150,"height":120},"EF/ef_rock_main/ef_rock_main_00005":{"y":45.03,"width":150,"height":120},"EF/ef_rock_main/ef_rock_main_00006":{"y":45.03,"width":150,"height":120},"EF/ef_rock_main/ef_rock_main_00007":{"y":45.03,"width":150,"height":120},"EF/ef_rock_main/ef_rock_main_00008":{"y":45.03,"width":150,"height":120},"EF/ef_rock_main/ef_rock_main_00009":{"y":45.03,"width":150,"height":120},"EF/ef_rock_main/ef_rock_main_00010":{"y":45.03,"width":150,"height":120},"EF/ef_rock_main/ef_rock_main_00011":{"y":45.03,"width":150,"height":120},"EF/ef_rock_main/ef_rock_main_00012":{"y":45.03,"width":150,"height":120}},"EF_rotwave1_1":{"EF/ef_rotwave/ef_rot_wave_main_00001":{"y":12.93,"width":280,"height":140},"EF/ef_rotwave/ef_rot_wave_main_00002":{"y":12.93,"width":280,"height":140},"EF/ef_rotwave/ef_rot_wave_main_00003":{"y":12.93,"width":280,"height":140},"EF/ef_rotwave/ef_rot_wave_main_00004":{"y":12.93,"width":280,"height":140},"EF/ef_rotwave/ef_rot_wave_main_00005":{"y":12.93,"width":280,"height":140},"EF/ef_rotwave/ef_rot_wave_main_00006":{"y":12.93,"width":280,"height":140},"EF/ef_rotwave/ef_rot_wave_main_00007":{"y":12.93,"width":280,"height":140},"EF/ef_rotwave/ef_rot_wave_main_00008":{"y":12.93,"width":280,"height":140},"EF/ef_rotwave/ef_rot_wave_main_00009":{"y":12.93,"width":280,"height":140},"EF/ef_rotwave/ef_rot_wave_main_00010":{"y":12.93,"width":280,"height":140},"EF/ef_rotwave/ef_rot_wave_main_00011":{"y":12.93,"width":280,"height":140},"EF/ef_rotwave/ef_rot_wave_main_00012":{"y":12.93,"width":280,"height":140},"EF/ef_rotwave/ef_rot_wave_main_00013":{"y":12.93,"width":280,"height":140}},"EF_shield1_1":{"EF/ef_sheld_main_00006":{"width":90,"height":160}},"EF_slash1_1":{"EF/ef_slash_A_main/ef_slash_A_main_00001":{"width":210,"height":200},"EF/ef_slash_A_main/ef_slash_A_main_00002":{"width":210,"height":200},"EF/ef_slash_A_main/ef_slash_A_main_00003":{"width":210,"height":200},"EF/ef_slash_A_main/ef_slash_A_main_00004":{"width":210,"height":200},"EF/ef_slash_A_main/ef_slash_A_main_00005":{"width":210,"height":200},"EF/ef_slash_A_main/ef_slash_A_main_00006":{"width":210,"height":200},"EF/ef_slash_A_main/ef_slash_A_main_00007":{"width":210,"height":200},"EF/ef_slash_A_main/ef_slash_A_main_00008":{"width":210,"height":200},"EF/ef_slash_A_main/ef_slash_A_main_00009":{"width":210,"height":200},"EF/ef_slash_A_main/ef_slash_A_main_00010":{"width":210,"height":200}},"EF_stab1_1":{"EF/ef_stab_blue/ef_stab_blue_00004":{"x":-76.04,"y":2.71,"width":300,"height":300}},"EF_wave1_1":{"EF/ef_graund_wave_blue/ef_graund_wave_blue_00002":{"y":9.73,"width":200,"height":120},"EF/ef_graund_wave_blue/ef_graund_wave_blue_00003":{"y":9.73,"width":200,"height":120},"EF/ef_graund_wave_blue/ef_graund_wave_blue_00004":{"y":9.73,"width":200,"height":120},"EF/ef_graund_wave_blue/ef_graund_wave_blue_00005":{"y":9.73,"width":200,"height":120},"EF/ef_graund_wave_blue/ef_graund_wave_blue_00006":{"y":9.73,"width":200,"height":120},"EF/ef_graund_wave_blue/ef_graund_wave_blue_00007":{"y":9.73,"width":200,"height":120},"EF/ef_graund_wave_blue/ef_graund_wave_blue_00008":{"y":9.73,"width":200,"height":120},"EF/ef_graund_wave_blue/ef_graund_wave_blue_00009":{"y":9.73,"width":200,"height":120},"EF/ef_graund_wave_blue/ef_graund_wave_blue_00010":{"y":9.73,"width":200,"height":120},"EF/ef_graund_wave_blue/ef_graund_wave_blue_00011":{"y":9.73,"width":200,"height":120},"EF/ef_graund_wave_blue/ef_graund_wave_blue_00012":{"y":9.73,"width":200,"height":120}},"EF_wave1_2":{"EF/ef_graund_wave_blue/ef_graund_wave_blue_00002":{"y":9.73,"width":200,"height":120},"EF/ef_graund_wave_blue/ef_graund_wave_blue_00003":{"y":9.73,"width":200,"height":120},"EF/ef_graund_wave_blue/ef_graund_wave_blue_00004":{"y":9.73,"width":200,"height":120},"EF/ef_graund_wave_blue/ef_graund_wave_blue_00005":{"y":9.73,"width":200,"height":120},"EF/ef_graund_wave_blue/ef_graund_wave_blue_00006":{"y":9.73,"width":200,"height":120},"EF/ef_graund_wave_blue/ef_graund_wave_blue_00007":{"y":9.73,"width":200,"height":120},"EF/ef_graund_wave_blue/ef_graund_wave_blue_00008":{"y":9.73,"width":200,"height":120},"EF/ef_graund_wave_blue/ef_graund_wave_blue_00009":{"y":9.73,"width":200,"height":120},"EF/ef_graund_wave_blue/ef_graund_wave_blue_00010":{"y":9.73,"width":200,"height":120},"EF/ef_graund_wave_blue/ef_graund_wave_blue_00011":{"y":9.73,"width":200,"height":120},"EF/ef_graund_wave_blue/ef_graund_wave_blue_00012":{"y":9.73,"width":200,"height":120}},"EF_wave1_3":{"EF/ef_graund_wave_blue/ef_graund_wave_blue_00002":{"y":9.73,"width":200,"height":120},"EF/ef_graund_wave_blue/ef_graund_wave_blue_00003":{"y":9.73,"width":200,"height":120},"EF/ef_graund_wave_blue/ef_graund_wave_blue_00004":{"y":9.73,"width":200,"height":120},"EF/ef_graund_wave_blue/ef_graund_wave_blue_00005":{"y":9.73,"width":200,"height":120},"EF/ef_graund_wave_blue/ef_graund_wave_blue_00006":{"y":9.73,"width":200,"height":120},"EF/ef_graund_wave_blue/ef_graund_wave_blue_00007":{"y":9.73,"width":200,"height":120},"EF/ef_graund_wave_blue/ef_graund_wave_blue_00008":{"y":9.73,"width":200,"height":120},"EF/ef_graund_wave_blue/ef_graund_wave_blue_00009":{"y":9.73,"width":200,"height":120},"EF/ef_graund_wave_blue/ef_graund_wave_blue_00010":{"y":9.73,"width":200,"height":120},"EF/ef_graund_wave_blue/ef_graund_wave_blue_00011":{"y":9.73,"width":200,"height":120},"EF/ef_graund_wave_blue/ef_graund_wave_blue_00012":{"y":9.73,"width":200,"height":120}},"EF_wave1_4":{"EF/ef_graund_wave_blue/ef_graund_wave_blue_00002":{"y":9.73,"width":200,"height":120},"EF/ef_graund_wave_blue/ef_graund_wave_blue_00003":{"y":9.73,"width":200,"height":120},"EF/ef_graund_wave_blue/ef_graund_wave_blue_00004":{"y":9.73,"width":200,"height":120},"EF/ef_graund_wave_blue/ef_graund_wave_blue_00005":{"y":9.73,"width":200,"height":120},"EF/ef_graund_wave_blue/ef_graund_wave_blue_00006":{"y":9.73,"width":200,"height":120},"EF/ef_graund_wave_blue/ef_graund_wave_blue_00007":{"y":9.73,"width":200,"height":120},"EF/ef_graund_wave_blue/ef_graund_wave_blue_00008":{"y":9.73,"width":200,"height":120},"EF/ef_graund_wave_blue/ef_graund_wave_blue_00009":{"y":9.73,"width":200,"height":120},"EF/ef_graund_wave_blue/ef_graund_wave_blue_00010":{"y":9.73,"width":200,"height":120},"EF/ef_graund_wave_blue/ef_graund_wave_blue_00011":{"y":9.73,"width":200,"height":120},"EF/ef_graund_wave_blue/ef_graund_wave_blue_00012":{"y":9.73,"width":200,"height":120}},"HITBOX":{"HITBOX":{"type":"boundingbox","vertices":[-37.54374,-0.29673,19.77421,-0.29673,19.77421,108.28117,-38.47573,107.81517]}},"MAIN":{"attack1_00":{"x":-7,"scaleX":2,"scaleY":2,"width":256,"height":256},"attack1_01":{"x":-7,"scaleX":2,"scaleY":2,"width":256,"height":256},"attack1_02":{"x":-7,"scaleX":2,"scaleY":2,"width":256,"height":256},"attack1_03":{"x":-7,"scaleX":2,"scaleY":2,"width":256,"height":256},"attack1_04":{"x":-7,"scaleX":2,"scaleY":2,"width":256,"height":256},"attack1_05":{"x":-7,"scaleX":2,"scaleY":2,"width":256,"height":256},"attack1_06":{"x":-7,"scaleX":2,"scaleY":2,"width":256,"height":256},"attack1_07":{"x":-7,"scaleX":2,"scaleY":2,"width":256,"height":256},"back_00":{"x":-7,"scaleX":2,"scaleY":2,"width":256,"height":256},"damage_00":{"x":-7,"scaleX":2,"scaleY":2,"width":256,"height":256},"front_00":{"x":-7,"scaleX":2,"scaleY":2,"width":256,"height":256},"idle_00":{"x":-7,"scaleX":2,"scaleY":2,"width":256,"height":256},"idle_01":{"x":-7,"scaleX":2,"scaleY":2,"width":256,"height":256},"idle_02":{"x":-7,"scaleX":2,"scaleY":2,"width":256,"height":256},"idle_03":{"x":-7,"scaleX":2,"scaleY":2,"width":256,"height":256},"skill1_02":{"x":-7,"scaleX":2,"scaleY":2,"width":256,"height":256},"skill1_03":{"x":-7,"scaleX":2,"scaleY":2,"width":256,"height":256},"skill1_05":{"x":-7,"scaleX":2,"scaleY":2,"width":256,"height":256},"skill1_01a":{"x":-7,"scaleX":2,"scaleY":2,"width":256,"height":256},"skill1_01b":{"x":-7,"scaleX":2,"scaleY":2,"width":256,"height":256},"skill1_04a":{"x":-7,"scaleX":2,"scaleY":2,"width":256,"height":256},"skill1_04b":{"x":-7,"scaleX":2,"scaleY":2,"width":256,"height":256},"skill2_01":{"x":-7,"scaleX":2,"scaleY":2,"width":256,"height":256},"skill2_02":{"x":-7,"scaleX":2,"scaleY":2,"width":256,"height":256},"skill2_04":{"x":-7,"scaleX":2,"scaleY":2,"width":256,"height":256},"skill2_05":{"x":-7,"scaleX":2,"scaleY":2,"width":256,"height":256},"skill2_06":{"x":-7,"scaleX":2,"scaleY":2,"width":256,"height":256},"skill2_07":{"x":-7,"scaleX":2,"scaleY":2,"width":256,"height":256},"skill2_08":{"x":-7,"scaleX":2,"scaleY":2,"width":256,"height":256},"skill2_03a":{"x":-7,"scaleX":2,"scaleY":2,"width":256,"height":256},"skill2_03b":{"x":-7,"scaleX":2,"scaleY":2,"width":256,"height":256},"skill2_09a":{"x":-7,"scaleX":2,"scaleY":2,"width":256,"height":256},"skill2_09b":{"x":-7,"scaleX":2,"scaleY":2,"width":256,"height":256},"skill2_09c":{"x":-7,"scaleX":2,"scaleY":2,"width":256,"height":256},"skill3_1_01":{"x":-7,"scaleX":2,"scaleY":2,"width":256,"height":256},"skill3_1_02a":{"x":-7,"scaleX":2,"scaleY":2,"width":256,"height":256},"skill3_1_02b":{"x":-7,"scaleX":2,"scaleY":2,"width":256,"height":256},"skill3_1_02c":{"x":-7,"scaleX":2,"scaleY":2,"width":256,"height":256},"skill3_2_00":{"x":-7,"scaleX":2,"scaleY":2,"width":256,"height":256},"skill3_2_02":{"x":-7,"scaleX":2,"scaleY":2,"width":256,"height":256},"skill3_2_03":{"x":-7,"scaleX":2,"scaleY":2,"width":256,"height":256},"skill3_2_04":{"x":-7,"scaleX":2,"scaleY":2,"width":256,"height":256},"skill3_2_06":{"x":-7,"scaleX":2,"scaleY":2,"width":256,"height":256},"skill3_2_07":{"x":-7,"scaleX":2,"scaleY":2,"width":256,"height":256},"skill3_2_08":{"x":-7,"scaleX":2,"scaleY":2,"width":256,"height":256},"skill3_2_09":{"x":-7,"scaleX":2,"scaleY":2,"width":256,"height":256},"skill3_2_10":{"x":-7,"scaleX":2,"scaleY":2,"width":256,"height":256},"skill3_2_01a":{"x":-7,"scaleX":2,"scaleY":2,"width":256,"height":256},"skill3_2_01b":{"x":-7,"scaleX":2,"scaleY":2,"width":256,"height":256},"skill3_2_01c":{"x":-7,"scaleX":2,"scaleY":2,"width":256,"height":256},"skill3_2_05a":{"x":-7,"scaleX":2,"scaleY":2,"width":256,"height":256},"skill3_2_05b":{"x":-7,"scaleX":2,"scaleY":2,"width":256,"height":256}},"attack1_ef":{"EF/dot/attack1_03_ef":{"x":-7,"scaleX":2,"scaleY":2,"width":256,"height":256},"EF/dot/attack1_04_ef":{"x":-7,"scaleX":2,"scaleY":2,"width":256,"height":256}}}},"events":{"Event":{},"Event2":{},"Hit":{},"Sound1":{},"Sound2":{},"Sound3":{},"Voice":{}},"animations":{"attack1":{"slots":{"DAMAGEAREA":{"attachment":[{"time":0.5333,"name":"DAMAGEAREA"},{"time":0.6,"name":null}]},"MAIN":{"attachment":[{"time":0,"name":"attack1_06"},{"time":0.0333,"name":"attack1_00"},{"time":0.2,"name":"attack1_01"},{"time":0.3,"name":"attack1_02"},{"time":0.5333,"name":"attack1_03"},{"time":0.6333,"name":"attack1_04"},{"time":0.8666,"name":"attack1_05"},{"time":0.9666,"name":"attack1_06"},{"time":1.1,"name":"attack1_07"},{"time":1.2333,"name":"idle_02"},{"time":1.3666,"name":"idle_03"},{"time":1.5,"name":"idle_00"}]},"attack1_ef":{"attachment":[{"time":0.5333,"name":"EF/dot/attack1_03_ef"},{"time":0.5666,"name":"EF/dot/attack1_04_ef"},{"time":0.6,"name":null}]}},"bones":{"MAIN":{"translate":[{"time":0,"x":-34.52,"y":1.58,"curve":"stepped"},{"time":0.2,"x":-25.22,"y":-5.85,"curve":"stepped"},{"time":0.3,"x":-36.95,"y":-6.13,"curve":"stepped"},{"time":0.5333,"x":-36.95,"y":-6.13},{"time":0.5666,"x":-36.95,"y":-19.35},{"time":0.6333,"x":-36.95,"y":-6.13,"curve":"stepped"},{"time":0.9666,"x":-34.52,"y":1.58,"curve":"stepped"},{"time":1.1,"x":-2.14,"y":-3.75,"curve":"stepped"},{"time":1.2333,"x":0,"y":0}]},"main_ef":{"translate":[{"time":0,"x":3.02,"y":1.51,"curve":"stepped"},{"time":0.5333,"x":3.02,"y":1.51}]},"DAMAGEAREA":{"translate":[{"time":0,"x":-150.58,"y":99,"curve":"stepped"},{"time":0.5333,"x":-150.58,"y":99}],"scale":[{"time":0,"x":1.557,"y":2.08,"curve":"stepped"},{"time":0.5333,"x":1.557,"y":2.08}]}},"events":[{"time":0.5,"name":"Sound1","string":"cri_se_battle_sword_swish_heavy"},{"time":0.5,"name":"Sound3","string":"setHitSound(se_battle_019_sword_hit_03)"},{"time":0.5,"name":"Voice","string":"cri_250_voice_attack_random"},{"time":0.5333,"name":"Event","float":0.1,"string":"kHitStopType_normal"}]},"back":{"slots":{"MAIN":{"attachment":[{"time":0,"name":"back_00"},{"time":0.2666,"name":"attack1_00"},{"time":0.3,"name":"skill3_2_00"},{"time":0.4666,"name":"attack1_00"},{"time":0.5,"name":"idle_02"},{"time":0.6333,"name":"idle_03"},{"time":0.7666,"name":"idle_00"}]}},"bones":{"MAIN":{"translate":[{"time":0,"x":0,"y":0},{"time":0.1333,"x":62.5,"y":15},{"time":0.2666,"x":125,"y":0,"curve":[0.057,0.58,0.75,1]},{"time":0.4666,"x":140,"y":0}]}},"events":[{"time":0,"name":"Sound1","string":"cri_se_battle_jump"},{"time":0.2666,"name":"Sound1","string":"cri_se_battle_landing"}]},"cast":{"slots":{"MAIN":{"attachment":[{"time":0,"name":"idle_00"},{"time":0.0333,"name":"attack1_00"},{"time":0.2,"name":"attack1_01"},{"time":0.3,"name":"attack1_02"},{"time":0.4666,"name":"attack1_03"},{"time":0.5666,"name":"attack1_04"},{"time":0.6333,"name":"attack1_05"},{"time":0.7333,"name":"attack1_06"},{"time":0.8666,"name":"attack1_07"},{"time":1,"name":"idle_00"}]},"attack1_ef":{"attachment":[{"time":0.5333,"name":"EF/dot/attack1_03_ef"},{"time":0.5666,"name":"EF/dot/attack1_04_ef"},{"time":0.6,"name":null}]}},"bones":{"MAIN":{"translate":[{"time":0,"x":0,"y":0,"curve":"stepped"},{"time":0.2,"x":-25.22,"y":-5.85,"curve":"stepped"},{"time":0.3,"x":-36.95,"y":-6.13,"curve":"stepped"},{"time":0.4666,"x":-36.95,"y":-6.13},{"time":0.5,"x":-36.95,"y":-19.35},{"time":0.5666,"x":-36.95,"y":-6.13,"curve":"stepped"},{"time":0.7333,"x":-34.52,"y":1.58,"curve":"stepped"},{"time":0.8666,"x":-2.14,"y":-3.75,"curve":"stepped"},{"time":1,"x":0,"y":0}]},"main_ef":{"translate":[{"time":0.5333,"x":3.02,"y":1.51}]}},"events":[{"time":0.4666,"name":"Sound1","string":"cri_250_voice_item"}]},"damage":{"slots":{"MAIN":{"attachment":[{"time":0,"name":"damage_00"}]}}},"front":{"slots":{"MAIN":{"attachment":[{"time":0,"name":"front_00"}]}}},"idle":{"slots":{"MAIN":{"attachment":[{"time":0,"name":"idle_00"},{"time":0.2333,"name":"idle_01"},{"time":0.4666,"name":"idle_02"},{"time":0.7,"name":"idle_03"},{"time":0.9333,"name":"idle_00"}]}}},"in":{"slots":{"MAIN":{"attachment":[{"time":0,"name":"attack1_00"},{"time":0.2666,"name":"idle_00"},{"time":0.3333,"name":"idle_00"}],"color":[{"time":0,"color":"ffffff00"},{"time":0.2666,"color":"ffffffff"}]}},"bones":{"MAIN":{"translate":[{"time":0,"x":0,"y":0,"curve":"stepped"},{"time":0.2666,"x":0,"y":0}]}},"events":[{"time":0,"name":"Event","string":"takeSummon"}]},"rinascita":{"slots":{"MAIN":{"attachment":[{"time":0,"name":"idle_00"},{"time":0.0666,"name":"attack1_00"},{"time":0.2666,"name":"skill3_1_01"},{"time":0.3,"name":"skill3_1_02b"},{"time":0.3666,"name":"skill3_1_02c"},{"time":0.9666,"name":"idle_03"},{"time":1,"name":"idle_00"}]}},"bones":{"MAIN":{"translate":[{"time":0.1666,"x":0,"y":0},{"time":0.2333,"x":0,"y":-3.88},{"time":0.2666,"x":0,"y":0},{"time":0.3,"x":0,"y":1.66},{"time":0.3666,"x":0,"y":0}]}},"events":[{"time":0.2666,"name":"Event","string":"runScript_execRinascita"}]},"skill1":{"slots":{"DAMAGEAREA":{"attachment":[{"time":0.9,"name":"DAMAGEAREA"},{"time":1.0666,"name":null}]},"EF_dash1_1":{"attachment":[{"time":0.8333,"name":"EF/ef_dash_blue/ef_dash_blue_00002"},{"time":0.8666,"name":"EF/ef_dash_blue/ef_dash_blue_00003"},{"time":0.9,"name":"EF/ef_dash_blue/ef_dash_blue_00004"},{"time":0.9333,"name":"EF/ef_dash_blue/ef_dash_blue_00005"},{"time":0.9666,"name":"EF/ef_dash_blue/ef_dash_blue_00006"},{"time":1,"name":"EF/ef_dash_blue/ef_dash_blue_00007"},{"time":1.0333,"name":"EF/ef_dash_blue/ef_dash_blue_00008"},{"time":1.0666,"name":"EF/ef_dash_blue/ef_dash_blue_00009"},{"time":1.1,"name":"EF/ef_dash_blue/ef_dash_blue_00010"},{"time":1.1333,"name":"EF/ef_dash_blue/ef_dash_blue_00011"},{"time":1.1666,"name":"EF/ef_dash_blue/ef_dash_blue_00012"},{"time":1.2,"name":null}]},"EF_rotwave1_1":{"attachment":[{"time":0.2,"name":"EF/ef_rotwave/ef_rot_wave_main_00001"},{"time":0.2333,"name":"EF/ef_rotwave/ef_rot_wave_main_00002"},{"time":0.2666,"name":"EF/ef_rotwave/ef_rot_wave_main_00003"},{"time":0.3,"name":"EF/ef_rotwave/ef_rot_wave_main_00004"},{"time":0.3333,"name":"EF/ef_rotwave/ef_rot_wave_main_00005"},{"time":0.3666,"name":"EF/ef_rotwave/ef_rot_wave_main_00006"},{"time":0.4,"name":"EF/ef_rotwave/ef_rot_wave_main_00007"},{"time":0.4333,"name":"EF/ef_rotwave/ef_rot_wave_main_00008"},{"time":0.4666,"name":"EF/ef_rotwave/ef_rot_wave_main_00009"},{"time":0.5,"name":"EF/ef_rotwave/ef_rot_wave_main_00010"},{"time":0.5333,"name":"EF/ef_rotwave/ef_rot_wave_main_00011"},{"time":0.5666,"name":"EF/ef_rotwave/ef_rot_wave_main_00012"},{"time":0.6,"name":"EF/ef_rotwave/ef_rot_wave_main_00013"},{"time":0.6333,"name":null}]},"EF_slash1_1":{"attachment":[{"time":0.8333,"name":"EF/ef_slash_A_main/ef_slash_A_main_00001"},{"time":0.8666,"name":"EF/ef_slash_A_main/ef_slash_A_main_00002"},{"time":0.9,"name":"EF/ef_slash_A_main/ef_slash_A_main_00003"},{"time":0.9333,"name":"EF/ef_slash_A_main/ef_slash_A_main_00004"},{"time":0.9666,"name":"EF/ef_slash_A_main/ef_slash_A_main_00005"},{"time":1,"name":"EF/ef_slash_A_main/ef_slash_A_main_00006"},{"time":1.0333,"name":"EF/ef_slash_A_main/ef_slash_A_main_00007"},{"time":1.0666,"name":"EF/ef_slash_A_main/ef_slash_A_main_00008"},{"time":1.1,"name":"EF/ef_slash_A_main/ef_slash_A_main_00009"},{"time":1.1333,"name":"EF/ef_slash_A_main/ef_slash_A_main_00010"},{"time":1.1666,"name":null}]},"EF_wave1_1":{"attachment":[{"time":0.8,"name":"EF/ef_graund_wave_blue/ef_graund_wave_blue_00002"},{"time":0.8333,"name":"EF/ef_graund_wave_blue/ef_graund_wave_blue_00003"},{"time":0.8666,"name":"EF/ef_graund_wave_blue/ef_graund_wave_blue_00004"},{"time":0.9,"name":"EF/ef_graund_wave_blue/ef_graund_wave_blue_00005"},{"time":0.9333,"name":"EF/ef_graund_wave_blue/ef_graund_wave_blue_00006"},{"time":0.9666,"name":"EF/ef_graund_wave_blue/ef_graund_wave_blue_00007"},{"time":1,"name":"EF/ef_graund_wave_blue/ef_graund_wave_blue_00008"},{"time":1.0333,"name":"EF/ef_graund_wave_blue/ef_graund_wave_blue_00009"},{"time":1.0666,"name":"EF/ef_graund_wave_blue/ef_graund_wave_blue_00010"},{"time":1.1,"name":"EF/ef_graund_wave_blue/ef_graund_wave_blue_00011"},{"time":1.1333,"name":"EF/ef_graund_wave_blue/ef_graund_wave_blue_00012"},{"time":1.1666,"name":null}]},"MAIN":{"attachment":[{"time":0,"name":"idle_00"},{"time":0.0666,"name":"attack1_00"},{"time":0.2,"name":"skill1_01a"},{"time":0.3,"name":"skill1_01b"},{"time":0.8,"name":"skill1_02"},{"time":0.9,"name":"skill1_03"},{"time":0.9666,"name":"skill1_04a"},{"time":1.0333,"name":"skill1_04b"},{"time":1.1,"name":"skill1_04a"},{"time":1.1666,"name":"skill1_04b"},{"time":1.2666,"name":"skill1_04a"},{"time":1.4,"name":"skill1_04b"},{"time":1.5333,"name":"skill1_05"},{"time":1.6333,"name":"attack1_00"},{"time":1.7333,"name":"idle_02"},{"time":1.8666,"name":"idle_03"},{"time":2,"name":"idle_00"}]}},"bones":{"MAIN":{"translate":[{"time":0.2,"x":0,"y":0},{"time":0.2333,"x":0,"y":-3.13,"curve":[0.148,0.29,0.75,1]},{"time":0.3,"x":0,"y":0}]},"EF_rotwave1_1":{"translate":[{"time":0,"x":-350,"y":0}],"scale":[{"time":0,"x":1.5,"y":1.5}]},"EF_wave1_1":{"translate":[{"time":0.8,"x":-207.34,"y":-2.81}],"scale":[{"time":0.8,"x":3,"y":3}]},"EF_dash1_1":{"translate":[{"time":0.8333,"x":-49.91,"y":0}],"scale":[{"time":0.8333,"x":2.598,"y":2.598}]},"EF_slash1_1":{"translate":[{"time":0.8333,"x":-233.99,"y":43.67}],"scale":[{"time":0.8333,"x":3.5,"y":3.5}]},"DAMAGEAREA":{"translate":[{"time":0.9,"x":-62.66,"y":92.92}],"scale":[{"time":0.9,"x":4.214,"y":2.445}]}},"events":[{"time":0,"name":"Sound1","string":"cri_se_battle_charge"},{"time":0.8,"name":"Sound1","string":"cri_se_battle_skill_ice"},{"time":0.8,"name":"Sound2","string":"cri_se_battle_skill_swish"},{"time":0.8,"name":"Sound3","string":"setHitSound(se_battle_swordslash_heavy)"},{"time":0.8,"name":"Voice","string":"cri_250_voice_skill_all"},{"time":0.9,"name":"Event","float":0.15,"string":"kHitStopType_normal"},{"time":0.9,"name":"Event2","float":1.5,"string":"shakeGround"}]},"skill2":{"slots":{"DAMAGEAREA":{"attachment":[{"time":1.0666,"name":"DAMAGEAREA"},{"time":1.2333,"name":null}]},"EF_aura1_1":{"attachment":[{"time":2.5,"name":"EF/ef_aura_main/ef_aura_main_00009"},{"time":2.5666,"name":"EF/ef_aura_main/ef_aura_main_00010"},{"time":2.6333,"name":"EF/ef_aura_main/ef_aura_main_00011"},{"time":2.7,"name":"EF/ef_aura_main/ef_aura_main_00012"},{"time":2.7666,"name":"EF/ef_aura_main/ef_aura_main_00013"},{"time":2.8333,"name":"EF/ef_aura_main/ef_aura_main_00014"},{"time":2.9,"name":"EF/ef_aura_main/ef_aura_main_00015"},{"time":2.9666,"name":"EF/ef_aura_main/ef_aura_main_00016"},{"time":3.0333,"name":null}],"color":[{"time":2.4333,"color":"ffffff00"},{"time":2.6,"color":"ffffffff","curve":[0.848,0,0.93,0.29]},{"time":3.0333,"color":"ffffff00"}]},"EF_dash1_1":{"attachment":[{"time":1.0666,"name":"EF/ef_dash_blue/ef_dash_blue_00002"},{"time":1.1,"name":"EF/ef_dash_blue/ef_dash_blue_00003"},{"time":1.1333,"name":"EF/ef_dash_blue/ef_dash_blue_00004"},{"time":1.1666,"name":"EF/ef_dash_blue/ef_dash_blue_00005"},{"time":1.2,"name":"EF/ef_dash_blue/ef_dash_blue_00006"},{"time":1.2333,"name":"EF/ef_dash_blue/ef_dash_blue_00007"},{"time":1.2666,"name":"EF/ef_dash_blue/ef_dash_blue_00008"},{"time":1.3,"name":"EF/ef_dash_blue/ef_dash_blue_00009"},{"time":1.3333,"name":"EF/ef_dash_blue/ef_dash_blue_00010"},{"time":1.3666,"name":"EF/ef_dash_blue/ef_dash_blue_00011"},{"time":1.4,"name":"EF/ef_dash_blue/ef_dash_blue_00012"},{"time":1.4333,"name":null}]},"EF_dome1_1":{"attachment":[{"time":2.5,"name":"EF/ef_dome_main/ef_dome_main_00006"},{"time":2.5333,"name":"EF/ef_dome_main/ef_dome_main_00008"},{"time":2.5666,"name":"EF/ef_dome_main/ef_dome_main_00010"},{"time":2.6,"name":"EF/ef_dome_main/ef_dome_main_00012"},{"time":2.6333,"name":"EF/ef_dome_main/ef_dome_main_00014"},{"time":2.7,"name":"EF/ef_dome_main/ef_dome_main_00016"},{"time":2.7666,"name":"EF/ef_dome_main/ef_dome_main_00018"},{"time":2.8333,"name":"EF/ef_dome_main/ef_dome_main_00020"},{"time":2.9,"name":"EF/ef_dome_main/ef_dome_main_00022"},{"time":2.9666,"name":"EF/ef_dome_main/ef_dome_main_00024"},{"time":3.0333,"name":"EF/ef_dome_main/ef_dome_main_00026"},{"time":3.1,"name":"EF/ef_dome_main/ef_dome_main_00028"},{"time":3.1666,"name":"EF/ef_dome_main/ef_dome_main_00030"},{"time":3.2333,"name":"EF/ef_dome_main/ef_dome_main_00032"},{"time":3.3,"name":"EF/ef_dome_main/ef_dome_main_00034"},{"time":3.3666,"name":null}],"color":[{"time":2.4333,"color":"ffffff00"},{"time":2.5333,"color":"ffffffff","curve":"stepped"},{"time":2.6333,"color":"ffffffff"},{"time":3.3666,"color":"ffffff00"}]},"EF_energy1_1":{"attachment":[{"time":0.5333,"name":"EF/ef_energy_sink_blue/ef_energy_sink_blue_00001"},{"time":0.5666,"name":"EF/ef_energy_sink_blue/ef_energy_sink_blue_00002"},{"time":0.6,"name":"EF/ef_energy_sink_blue/ef_energy_sink_blue_00003"},{"time":0.6333,"name":"EF/ef_energy_sink_blue/ef_energy_sink_blue_00004"},{"time":0.6666,"name":"EF/ef_energy_sink_blue/ef_energy_sink_blue_00005"},{"time":0.7,"name":"EF/ef_energy_sink_blue/ef_energy_sink_blue_00006"},{"time":0.7333,"name":"EF/ef_energy_sink_blue/ef_energy_sink_blue_00007"},{"time":0.7666,"name":"EF/ef_energy_sink_blue/ef_energy_sink_blue_00008"},{"time":0.8,"name":"EF/ef_energy_sink_blue/ef_energy_sink_blue_00009"},{"time":0.8333,"name":"EF/ef_energy_sink_blue/ef_energy_sink_blue_00010"},{"time":0.8666,"name":"EF/ef_energy_sink_blue/ef_energy_sink_blue_00011"},{"time":0.9,"name":"EF/ef_energy_sink_blue/ef_energy_sink_blue_00012"},{"time":0.9333,"name":"EF/ef_energy_sink_blue/ef_energy_sink_blue_00013"},{"time":0.9666,"name":"EF/ef_energy_sink_blue/ef_energy_sink_blue_00014"},{"time":1,"name":null}]},"EF_rock1_1":{"attachment":[{"time":1.9333,"name":"EF/ef_rock_main/ef_rock_main_00003"},{"time":1.9666,"name":"EF/ef_rock_main/ef_rock_main_00004"},{"time":2,"name":"EF/ef_rock_main/ef_rock_main_00005"},{"time":2.0333,"name":"EF/ef_rock_main/ef_rock_main_00006"},{"time":2.0666,"name":"EF/ef_rock_main/ef_rock_main_00007"},{"time":2.1,"name":"EF/ef_rock_main/ef_rock_main_00008"},{"time":2.1333,"name":"EF/ef_rock_main/ef_rock_main_00009"},{"time":2.1666,"name":"EF/ef_rock_main/ef_rock_main_00010"},{"time":2.2,"name":"EF/ef_rock_main/ef_rock_main_00011"},{"time":2.2333,"name":"EF/ef_rock_main/ef_rock_main_00012"},{"time":2.2666,"name":null}]},"EF_rotwave1_1":{"attachment":[{"time":2.5,"name":"EF/ef_rotwave/ef_rot_wave_main_00013"},{"time":2.5666,"name":"EF/ef_rotwave/ef_rot_wave_main_00012"},{"time":2.6333,"name":"EF/ef_rotwave/ef_rot_wave_main_00011"},{"time":2.7,"name":"EF/ef_rotwave/ef_rot_wave_main_00010"},{"time":2.7666,"name":"EF/ef_rotwave/ef_rot_wave_main_00009"},{"time":2.8333,"name":"EF/ef_rotwave/ef_rot_wave_main_00008"},{"time":2.9,"name":"EF/ef_rotwave/ef_rot_wave_main_00007"},{"time":2.9666,"name":"EF/ef_rotwave/ef_rot_wave_main_00006"},{"time":3.0333,"name":"EF/ef_rotwave/ef_rot_wave_main_00005"},{"time":3.1,"name":"EF/ef_rotwave/ef_rot_wave_main_00004"},{"time":3.1666,"name":"EF/ef_rotwave/ef_rot_wave_main_00003"},{"time":3.2333,"name":"EF/ef_rotwave/ef_rot_wave_main_00002"},{"time":3.3,"name":"EF/ef_rotwave/ef_rot_wave_main_00001"},{"time":3.3666,"name":null}],"color":[{"time":3.1,"color":"ffffffff"},{"time":3.3666,"color":"ffffff00"}]},"EF_shield1_1":{"attachment":[{"time":2.1,"name":"EF/ef_sheld_main_00006"}],"color":[{"time":2.0666,"color":"ffffff00"},{"time":2.2333,"color":"ffffffff","curve":"stepped"},{"time":2.4333,"color":"ffffffff"},{"time":2.6666,"color":"ffffff00"}]},"EF_stab1_1":{"attachment":[{"time":1.0666,"name":"EF/ef_stab_blue/ef_stab_blue_00004"},{"time":1.3333,"name":null}],"color":[{"time":1.2,"color":"ffffffff"},{"time":1.3333,"color":"ffffff00"}]},"EF_wave1_1":{"attachment":[{"time":1.0666,"name":"EF/ef_graund_wave_blue/ef_graund_wave_blue_00003"},{"time":1.1,"name":"EF/ef_graund_wave_blue/ef_graund_wave_blue_00005"},{"time":1.1333,"name":"EF/ef_graund_wave_blue/ef_graund_wave_blue_00007"},{"time":1.1666,"name":"EF/ef_graund_wave_blue/ef_graund_wave_blue_00009"},{"time":1.2,"name":"EF/ef_graund_wave_blue/ef_graund_wave_blue_00011"},{"time":1.2333,"name":null}]},"MAIN":{"attachment":[{"time":0,"name":"idle_00"},{"time":0.0333,"name":"attack1_00"},{"time":0.1333,"name":"skill2_01"},{"time":0.4333,"name":"skill2_02"},{"time":1.0666,"name":"skill2_03a"},{"time":1.1666,"name":"skill2_03b"},{"time":1.5,"name":"skill2_05"},{"time":1.6333,"name":"skill2_06"},{"time":1.8666,"name":"skill2_07"},{"time":2.1,"name":"skill2_08"},{"time":2.5,"name":"skill2_09a"},{"time":2.5333,"name":"skill2_09b"},{"time":2.5666,"name":"skill2_09c"},{"time":3.4666,"name":"skill2_09b"},{"time":3.6,"name":"skill2_09a"},{"time":3.7333,"name":"skill2_07"},{"time":3.9,"name":"skill2_06"},{"time":4.1,"name":"idle_03"},{"time":4.2666,"name":"idle_00"}]}},"bones":{"MAIN":{"translate":[{"time":0.1333,"x":-3.48,"y":-2.66,"curve":"stepped"},{"time":0.4333,"x":-3.48,"y":-2.66},{"time":0.4666,"x":-3.48,"y":-8,"curve":[0.118,0.63,0.75,1]},{"time":0.5333,"x":-3.48,"y":-2.66,"curve":"stepped"},{"time":1,"x":-3.48,"y":-2.66},{"time":1.0333,"x":2.62,"y":-6.15,"curve":"stepped"},{"time":1.0666,"x":-48.11,"y":-2.66},{"time":1.1666,"x":-160,"y":-2.66,"curve":[0.114,0.56,0.75,1]},{"time":1.4,"x":-200,"y":-2.66}],"scale":[{"time":0.4333,"x":1,"y":1},{"time":0.4666,"x":1,"y":0.99},{"time":0.5333,"x":1,"y":1}]},"EF_energy1_1":{"rotate":[{"time":0.5333,"angle":-4.25}],"translate":[{"time":0.5333,"x":-156.95,"y":11.93}],"scale":[{"time":0.5333,"x":2,"y":2}]},"EF_dash1_1":{"translate":[{"time":1.0666,"x":-100.56,"y":0}],"scale":[{"time":1.0666,"x":4,"y":4}]},"EF_rock1_1":{"translate":[{"time":1.9333,"x":-494.35,"y":-23.16}],"scale":[{"time":1.9333,"x":1.032,"y":1.032}]},"EF_wave1_1":{"translate":[{"time":1.0666,"x":-236.31,"y":0}],"scale":[{"time":1.0666,"x":5,"y":5}]},"EF_stab1_1":{"translate":[{"time":1.0666,"x":-491.75,"y":23.22},{"time":1.2333,"x":-491.75,"y":16.39}],"scale":[{"time":1.0666,"x":2.02,"y":2.02},{"time":1.2333,"x":2.02,"y":0.088}]},"EF_rotwave1_1":{"translate":[{"time":2.2333,"x":-546.98,"y":1.35}],"scale":[{"time":2.5,"x":3.5,"y":3.5,"curve":[0.141,0.39,0.75,1]},{"time":3.3333,"x":5,"y":5}]},"EF_dome1_1":{"translate":[{"time":2.5,"x":-598.59,"y":0}],"scale":[{"time":2.5,"x":4,"y":4,"curve":"stepped"},{"time":2.6333,"x":4,"y":4,"curve":[0.554,0.1,0.853,0.38]},{"time":3.3333,"x":11.848,"y":11.848}]},"EF_shield1_1":{"translate":[{"time":2.1,"x":-616.08,"y":19.37,"curve":"stepped"},{"time":2.5,"x":-616.08,"y":85.24}],"scale":[{"time":2.1,"x":1.471,"y":1.471}]},"EF_aura1_1":{"translate":[{"time":2.5,"x":-639.44,"y":0}],"scale":[{"time":2.5,"x":5.5,"y":5.5},{"time":3,"x":6,"y":6}]},"DAMAGEAREA":{"translate":[{"time":1.0666,"x":-280.88,"y":84.26}],"scale":[{"time":1.0666,"x":4.87,"y":3.231}]}},"events":[{"time":0,"name":"Voice","string":"cri_250_voice_fullarts_now"},{"time":0.3333,"name":"Sound1","string":"cri_se_battle_charge"},{"time":0.8666,"name":"Sound3","string":"setHitSound(se_battle_swordslash_heavy)"},{"time":1.0666,"name":"Event","float":0.22,"string":"kHitStopType_normal"},{"time":1.0666,"name":"Event2","float":2,"string":"shakeGround"},{"time":1.0666,"name":"Sound1","string":"cri_se_battle_skill_dash_ef"},{"time":1.0666,"name":"Sound2","string":"cri_se_battle_arrow_light_effect"},{"time":1.0666,"name":"Sound3","string":"cri_se_battle_044_freeze"},{"time":1.9666,"name":"Sound1","string":"cri_se_battle_stoptime"},{"time":2.3,"name":"Sound3","string":"setHitSound(se_battle_007_attack_hit_01)"},{"time":2.3,"name":"Voice","string":"cri_250_voice_fullarts_rank5_01"},{"time":2.5,"name":"Event","string":"runSkillEffect"},{"time":2.5,"name":"Event2","float":2,"string":"shakeGround"},{"time":2.5,"name":"Sound1","string":"cri_se_battle_skill_reaper"}]}}}