{"skeleton":{"hash":"XFhWpoxIWPGAyanTFPVk9J6rRME","spine":"3.0.12","width":0,"height":0,"images":"./images2/"},"bones":[{"name":"root"},{"name":"MAIN","parent":"root","y":62.81},{"name":"SFADOW_OFFSET","parent":"MAIN","scaleX":2,"scaleY":2},{"name":"HPBAR","parent":"MAIN","y":78.63},{"name":"HITBOX","parent":"MAIN","scaleX":2,"scaleY":2},{"name":"EF_slash2","parent":"root","x":442.03,"y":109.16},{"name":"EF_slash1","parent":"root","x":214.26,"y":221.64},{"name":"EF","parent":"root","x":262.85,"y":3.47},{"name":"EFMagicCircle","parent":"EF","x":-262.85,"y":-3.47},{"name":"Wave2","parent":"EFMagicCircle","x":-3.13,"y":160,"color":"ff1408ff"},{"name":"Wave","parent":"EFMagicCircle","x":-3.13,"y":160,"color":"ff1408ff"},{"name":"Magic","parent":"EFMagicCircle","x":-545.3,"y":451.71},{"name":"DAMAGEAREA","parent":"root"}],"slots":[{"name":"bg/bg","bone":"root"},{"name":"bg/grid","bone":"root"},{"name":"EF/710_S1_wave1/710_S1_wave1_00042","bone":"Wave","blend":"additive"},{"name":"EF/710_S1_wave1/710_S1_wave1_42","bone":"Wave2","blend":"additive"},{"name":"S2_magic_2water","bone":"Magic","blend":"additive"},{"name":"MAIN","bone":"MAIN","attachment":"idle_00"},{"name":"DAMAGEAREA","bone":"DAMAGEAREA"},{"name":"HITBOX","bone":"HITBOX","attachment":"HITBOX"},{"name":"EF/EF_slash_DOT/10000-combo_16_ef2_1F","bone":"EF_slash2","color":"0064ffff","blend":"additive"},{"name":"EF/EF_slash_DOT/10000-combo_16_ef2_2","bone":"EF_slash2","color":"0064ffff","blend":"additive"},{"name":"EF/EF_slash_DOT/10000-combo_7_ef1_1","bone":"EF_slash1","color":"0064ffff","blend":"additive"}],"skins":{"default":{"DAMAGEAREA":{"DAMAGEAREA":{"type":"boundingbox","vertices":[-32.03079,-32.05439,31.99827,-31.99864,31.97723,32.00106,-32.05111,32.04784,0,0,0,0,0,0,0,0]}},"EF/710_S1_wave1/710_S1_wave1_00042":{"EF/710_S1_wave1/710_S1_wave1_00042":{"x":3.13,"y":4.55,"width":200,"height":200},"EF/710_S1_wave1/710_S1_wave1_00044":{"x":3.13,"y":4.55,"width":200,"height":200},"EF/710_S1_wave1/710_S1_wave1_00045":{"x":3.13,"y":4.55,"width":200,"height":200},"EF/710_S1_wave1/710_S1_wave1_00048":{"x":3.13,"y":8.72,"width":200,"height":200}},"EF/710_S1_wave1/710_S1_wave1_42":{"EF/710_S1_wave1/710_S1_wave1_00042":{"x":3.13,"y":4.55,"width":200,"height":200},"EF/710_S1_wave1/710_S1_wave1_00044":{"x":3.13,"y":4.55,"width":200,"height":200},"EF/710_S1_wave1/710_S1_wave1_00045":{"x":3.13,"y":4.55,"width":200,"height":200},"EF/710_S1_wave1/710_S1_wave1_00048":{"x":3.13,"y":8.72,"width":200,"height":200}},"EF/EF_slash_DOT/10000-combo_16_ef2_1F":{"EF/EF_slash_DOT/10000-combo_16_ef2_1F":{"x":-57.84,"y":-26.24,"width":412,"height":342}},"EF/EF_slash_DOT/10000-combo_16_ef2_2":{"EF/EF_slash_DOT/10000-combo_16_ef2_2":{"x":-57.84,"y":-26.24,"width":412,"height":342},"EF/EF_slash_DOT/10000-combo_16_ef2_3":{"x":-57.84,"y":-26.24,"width":412,"height":342},"EF/EF_slash_DOT/10000-combo_16_ef2_1B":{"x":-57.84,"y":-26.24,"width":412,"height":342}},"EF/EF_slash_DOT/10000-combo_7_ef1_1":{"EF/EF_slash_DOT/10000-combo_7_ef1_1":{"x":82.05,"y":65.14,"width":412,"height":342},"EF/EF_slash_DOT/10000-combo_7_ef1_2":{"x":82.05,"y":65.14,"width":412,"height":342},"EF/EF_slash_DOT/10000-combo_7_ef1_3":{"x":82.05,"y":65.14,"width":412,"height":342}},"HITBOX":{"HITBOX":{"type":"boundingbox","vertices":[-13.49211,22.19013,-13.49211,-22.58481,19.93985,-21.39081,18.74586,22.19013,0,0,0,0,0,0,0,0]}},"MAIN":{"attack1_00":{"x":-5,"y":-2.81,"width":410,"height":410},"attack1_01":{"x":-5,"y":-2.81,"width":410,"height":410},"attack1_02":{"x":-5,"y":-2.81,"width":410,"height":410},"attack1_03":{"x":-10.09,"y":-2.31,"width":410,"height":410},"attack1_04":{"x":-10.09,"y":-2.31,"width":410,"height":410},"attack1_05":{"x":-10.09,"y":-2.31,"width":410,"height":410},"back_00":{"x":9.1,"y":3.18,"width":410,"height":410},"damage_00":{"x":12.1,"y":1.68,"width":410,"height":410},"front_00":{"x":26.6,"y":-1.81,"width":410,"height":410},"idle_00":{"x":13,"y":2.18,"width":410,"height":410},"idle_01":{"x":13,"y":2.18,"width":410,"height":410},"idle_02":{"x":13,"y":2.18,"width":410,"height":410},"idle_03":{"x":13,"y":2.18,"width":410,"height":410},"idle_04":{"x":13,"y":2.18,"width":410,"height":410},"skill1_00":{"x":12.1,"y":15.18,"width":410,"height":410},"skill1_01":{"x":12.1,"y":15.18,"width":410,"height":410},"skill1_02":{"x":-27,"y":16.68,"width":410,"height":410},"skill1_03":{"x":-27,"y":16.68,"width":410,"height":410},"skill1_04":{"x":-27,"y":16.68,"width":410,"height":410},"skill2_00":{"x":-7.9,"y":-6.81,"width":410,"height":410},"skill2_01":{"x":-7.9,"y":-6.81,"width":410,"height":410},"skill2_02":{"x":-7.9,"y":-7.81,"width":410,"height":410},"skill2_03":{"x":-7.9,"y":-11.56,"width":410,"height":410},"skill2_04":{"x":-12.4,"y":-10.31,"width":410,"height":410},"skill2_05":{"x":-1.9,"y":27.18,"width":410,"height":410},"skill2_06":{"x":-7.1,"y":-7.31,"width":410,"height":410},"skill2_07":{"x":-6.25,"y":-7.39,"width":410,"height":410},"skill2_08":{"x":-6.25,"y":-7.39,"width":410,"height":410}},"S2_magic_2water":{"EF/710_S2_magic1/magic_2water":{"type":"mesh","uvs":[1,1,0,1,0,0,1,0],"triangles":[1,2,3,1,3,0],"vertices":[209.67,-215.15,-210.32,-215.15,-210.32,204.84,209.67,204.84],"hull":4,"edges":[0,2,2,4,4,6,0,6],"width":300,"height":300}}}},"events":{"event":{},"event2":{},"hit":{},"sound1":{},"sound2":{},"voice":{}},"animations":{"attack1":{"slots":{"DAMAGEAREA":{"attachment":[{"time":0.3666,"name":"DAMAGEAREA"},{"time":0.5666,"name":null},{"time":0.8666,"name":"DAMAGEAREA"},{"time":0.9,"name":null}]},"EF/EF_slash_DOT/10000-combo_16_ef2_2":{"attachment":[{"time":0.3666,"name":"EF/EF_slash_DOT/10000-combo_16_ef2_1B"},{"time":0.4,"name":null},{"time":0.4333,"name":null},{"time":0.5,"name":"EF/EF_slash_DOT/10000-combo_16_ef2_1B"},{"time":0.5333,"name":null},{"time":0.5666,"name":null},{"time":0.8666,"name":"EF/EF_slash_DOT/10000-combo_16_ef2_1B"},{"time":0.9,"name":null},{"time":0.9333,"name":null},{"time":0.9666,"name":null}],"color":[{"time":0.5333,"color":"0064ffff","curve":"stepped"},{"time":0.8666,"color":"0064ffff"},{"time":0.9333,"color":"ffffff9e"},{"time":0.9666,"color":"ffffff00"}]},"EF/EF_slash_DOT/10000-combo_16_ef2_1F":{"attachment":[{"time":0.3666,"name":"EF/EF_slash_DOT/10000-combo_16_ef2_1F"},{"time":0.4,"name":null},{"time":0.5,"name":"EF/EF_slash_DOT/10000-combo_16_ef2_1F"},{"time":0.5333,"name":null},{"time":0.8666,"name":"EF/EF_slash_DOT/10000-combo_16_ef2_1F"},{"time":0.9,"name":null}],"color":[{"time":0.5333,"color":"0064ffff"}]},"EF/EF_slash_DOT/10000-combo_7_ef1_1":{"attachment":[{"time":0.3666,"name":null},{"time":0.8666,"name":null}]},"MAIN":{"attachment":[{"time":0,"name":"attack1_02"},{"time":0.0666,"name":"attack1_01"},{"time":0.1666,"name":"attack1_02"},{"time":0.3666,"name":"attack1_03"},{"time":0.4,"name":"attack1_05"},{"time":0.4333,"name":"skill1_01"},{"time":0.5,"name":"skill1_02"},{"time":0.5333,"name":"skill1_03"},{"time":0.5666,"name":"skill1_04"},{"time":0.6666,"name":"attack1_02"},{"time":0.8333,"name":"skill2_00"},{"time":0.8666,"name":"skill2_02"},{"time":0.9,"name":"skill2_04"},{"time":1.1666,"name":"skill2_06"},{"time":1.4333,"name":"skill1_00"},{"time":1.5,"name":"idle_00"}]}},"bones":{"MAIN":{"rotate":[{"time":0.8333,"angle":-42.9,"curve":"stepped"},{"time":0.8666,"angle":-25.46,"curve":"stepped"},{"time":0.9,"angle":108.19},{"time":0.9666,"angle":-66.42,"curve":[0.152,0.46,0.75,1]},{"time":1.1,"angle":119.52,"curve":"stepped"},{"time":1.1666,"angle":0}],"translate":[{"time":0,"x":0,"y":0,"curve":"stepped"},{"time":0.3666,"x":-56.78,"y":0},{"time":0.4,"x":-63.64,"y":0,"curve":"stepped"},{"time":0.5,"x":-63.64,"y":0},{"time":0.6,"x":-82.99,"y":0,"curve":"stepped"},{"time":0.8333,"x":-124.01,"y":88.76},{"time":0.9,"x":-132.73,"y":117.79},{"time":0.9333,"x":-85.36,"y":152.07,"curve":[0.25,0,0.75,1]},{"time":1.1666,"x":0,"y":-0.77}],"scale":[{"time":0.9,"x":-1,"y":1,"curve":"stepped"},{"time":1.1666,"x":1,"y":1}]},"EF_slash2":{"rotate":[{"time":0.3666,"angle":93.98,"curve":"stepped"},{"time":0.4,"angle":88.83,"curve":"stepped"},{"time":0.5,"angle":107.57,"curve":"stepped"},{"time":0.8666,"angle":131.35},{"time":0.9,"angle":117.31},{"time":0.9333,"angle":112.97}],"translate":[{"time":0.3666,"x":-630.1,"y":-16.15,"curve":"stepped"},{"time":0.4,"x":-589.31,"y":-1.24,"curve":"stepped"},{"time":0.5,"x":-631.56,"y":-81.46},{"time":0.5333,"x":-643.44,"y":-81.46,"curve":"stepped"},{"time":0.8666,"x":-698.41,"y":7.07,"curve":"stepped"},{"time":0.9,"x":-647.38,"y":54.52},{"time":0.9333,"x":-605.96,"y":91.31}],"scale":[{"time":0.3666,"x":0.355,"y":1.912,"curve":"stepped"},{"time":0.5,"x":0.198,"y":1.996,"curve":"stepped"},{"time":0.8666,"x":0.543,"y":2.482},{"time":0.9,"x":0.543,"y":1.983,"curve":"stepped"},{"time":0.9333,"x":0.543,"y":2.482}]},"Magic":{"translate":[{"time":0.5,"x":-2.14,"y":0}]},"HITBOX":{"rotate":[{"time":0,"angle":0}]},"EF":{"translate":[{"time":0.9,"x":0,"y":0.7}]},"DAMAGEAREA":{"translate":[{"time":0.3666,"x":-104.01,"y":41.27,"curve":"stepped"},{"time":0.8666,"x":-197.23,"y":41.27}],"scale":[{"time":0.3666,"x":5.556,"y":1,"curve":"stepped"},{"time":0.8666,"x":4.233,"y":1}]}},"drawOrder":[{"time":0.4,"offsets":[{"slot":"EF/EF_slash_DOT/10000-combo_16_ef2_2","offset":-4}]},{"time":0.4666,"offsets":[{"slot":"EF/EF_slash_DOT/10000-combo_16_ef2_2","offset":-3}]}],"events":[{"time":0,"name":"event","string":"setHitEffect(hit07f, 1)"},{"time":0.3333,"name":"event","float":0.03,"string":"kHitStopType_normal"},{"time":0.3333,"name":"sound1","string":"cri_se_battle_swordswish_light"},{"time":0.3666,"name":"sound2","string":"setHitSound(se_battle_018_sword_hit_02)"},{"time":0.3666,"name":"voice","string":"cri_062_voice_attack_random"},{"time":0.4666,"name":"sound1","string":"cri_se_battle_swordswish_light"},{"time":0.5,"name":"hit","string":"resetHitList"},{"time":0.5,"name":"sound2","string":"setHitSound(se_battle_018_sword_hit_02)"},{"time":0.8333,"name":"event","float":0.3,"string":"kHitStopType_normal"},{"time":0.8333,"name":"sound1","string":"cri_se_battle_swordswish_light"},{"time":0.8333,"name":"sound2","string":"cri_se_battle_jump"},{"time":0.8333,"name":"voice","string":"cri_062_voice_attack_c"},{"time":0.8666,"name":"hit","string":"resetHitList"},{"time":0.8666,"name":"sound2","string":"setHitSound(se_battle_018_sword_hit_02)"},{"time":1.1666,"name":"sound2","string":"cri_se_battle_landing"}]},"back":{"slots":{"MAIN":{"attachment":[{"time":0,"name":"back_00"},{"time":0.3,"name":"idle_00"}]}},"bones":{"MAIN":{"translate":[{"time":0,"x":0,"y":0,"curve":[0.283,0.34,0.623,0.68]},{"time":0.1333,"x":71.34,"y":11.94,"curve":[0.306,0.39,0.648,0.74]},{"time":0.3,"x":129.6,"y":0},{"time":0.4,"x":140,"y":0,"curve":"stepped"},{"time":0.6666,"x":140,"y":0}]}},"events":[{"time":0,"name":"sound1","string":"cri_se_battle_jump"},{"time":0.3,"name":"sound1","string":"cri_se_battle_landing"}]},"cast":{"slots":{"MAIN":{"attachment":[{"time":0,"name":"attack1_00"},{"time":0.0666,"name":"attack1_01"},{"time":0.1666,"name":"attack1_02"},{"time":0.5,"name":"attack1_03"},{"time":0.5333,"name":"attack1_04"},{"time":0.5666,"name":"attack1_05"},{"time":1,"name":"idle_00"}]}},"events":[{"time":0,"name":"event","float":0.05,"string":"kHitStopType_normal"},{"time":0.5,"name":"voice","string":"cri_062_voice_item"}]},"damage":{"slots":{"MAIN":{"attachment":[{"time":0,"name":"damage_00"}]}}},"front":{"slots":{"MAIN":{"attachment":[{"time":0,"name":"front_00"}]}}},"idle":{"slots":{"MAIN":{"attachment":[{"time":0,"name":"idle_00"},{"time":0.2,"name":"idle_01"},{"time":0.4,"name":"idle_02"},{"time":0.6,"name":"idle_03"},{"time":0.8,"name":"idle_04"},{"time":1,"name":"idle_00"}]}},"bones":{"MAIN":{"translate":[{"time":0,"x":0,"y":0}]}}},"skill1":{"slots":{"DAMAGEAREA":{"attachment":[{"time":0.9,"name":"DAMAGEAREA"},{"time":1,"name":null},{"time":1.3333,"name":"DAMAGEAREA"},{"time":1.4333,"name":null}]},"EF/710_S1_wave1/710_S1_wave1_00042":{"attachment":[{"time":0,"name":null},{"time":1.2666,"name":"EF/710_S1_wave1/710_S1_wave1_00042"},{"time":1.3,"name":"EF/710_S1_wave1/710_S1_wave1_00044"},{"time":1.3333,"name":"EF/710_S1_wave1/710_S1_wave1_00045"},{"time":1.3666,"name":"EF/710_S1_wave1/710_S1_wave1_00048"}],"color":[{"time":1.3666,"color":"ffffffff"},{"time":1.5,"color":"ffffff00"}]},"MAIN":{"attachment":[{"time":0.0666,"name":null},{"time":0.4,"name":"attack1_01"},{"time":0.5,"name":"attack1_02"},{"time":0.8333,"name":"attack1_03"},{"time":0.8666,"name":"attack1_04"},{"time":0.9,"name":"attack1_05"},{"time":1.1666,"name":"skill1_00"},{"time":1.2333,"name":"skill1_01"},{"time":1.2666,"name":"skill1_02"},{"time":1.3,"name":"skill1_03"},{"time":1.3333,"name":"skill1_04"},{"time":2.2666,"name":"skill1_04"}],"color":[{"time":0,"color":"ffffffff"},{"time":0.0666,"color":"ffffff00","curve":"stepped"},{"time":0.4,"color":"ffffff00","curve":[0,0.27,0.75,1]},{"time":0.5,"color":"ffffffff"}]}},"bones":{"MAIN":{"translate":[{"time":0,"x":0,"y":0,"curve":"stepped"},{"time":0.3666,"x":99.6,"y":0,"curve":"stepped"},{"time":0.7333,"x":99.6,"y":0,"curve":"stepped"},{"time":0.8333,"x":-182.57,"y":0,"curve":"stepped"},{"time":0.8666,"x":-234.18,"y":0}]},"DAMAGEAREA":{"translate":[{"time":0.9,"x":-33.25,"y":25.89,"curve":"stepped"},{"time":1.3333,"x":-223.8,"y":18.31}],"scale":[{"time":0.9,"x":9.881,"y":0.603,"curve":"stepped"},{"time":1.3333,"x":4.907,"y":1.411}]},"Wave":{"translate":[{"time":1.2666,"x":-231.59,"y":-152.96,"curve":"stepped"},{"time":1.3666,"x":-231.59,"y":-152.96}],"scale":[{"time":1.2666,"x":2.46,"y":2.46,"curve":"stepped"},{"time":1.3666,"x":2.46,"y":2.46},{"time":1.5,"x":3.18,"y":3.18}]}},"events":[{"time":0,"name":"event","string":"setHitEffect(hit07f, 1)"},{"time":0.0666,"name":"sound1","string":"cri_se_battle_teleport"},{"time":0.3,"name":"sound1","string":"cri_se_battle_teleport"},{"time":0.7666,"name":"event","float":0.2,"string":"kHitStopType_normal"},{"time":0.8,"name":"voice","string":"cri_062_voice_skill_all"},{"time":0.8333,"name":"event","string":"kImpactType_knock"},{"time":0.8333,"name":"sound1","string":"setHitSound(se_battle_018_sword_hit_02)"},{"time":0.8333,"name":"sound2","string":"cri_se_battle_teleport"},{"time":0.8666,"name":"sound1","string":"cri_se_battle_skill_dash_ef"},{"time":0.9,"name":"event","string":"shakeGround"},{"time":1.2333,"name":"event","float":0.1,"string":"kHitStopType_enemyonly"},{"time":1.2333,"name":"sound1","string":"cri_se_battle_swordswish_light"},{"time":1.2666,"name":"event","string":"kImpactType_up"},{"time":1.2666,"name":"sound1","string":"cri_se_battle_sword_srash"},{"time":1.2666,"name":"sound2","string":"setHitSound(se_battle_018_sword_hit_02)"},{"time":1.3,"name":"event","string":"shakeGround"},{"time":1.3333,"name":"hit","string":"resetHitList"}]},"skill2":{"slots":{"DAMAGEAREA":{"attachment":[{"time":1.5666,"name":"DAMAGEAREA"},{"time":1.6333,"name":null},{"time":2.0666,"name":"DAMAGEAREA"},{"time":2.6333,"name":null}]},"EF/710_S1_wave1/710_S1_wave1_00042":{"attachment":[{"time":0,"name":null},{"time":1.6,"name":"EF/710_S1_wave1/710_S1_wave1_00042"},{"time":1.6333,"name":"EF/710_S1_wave1/710_S1_wave1_00044"},{"time":1.6666,"name":"EF/710_S1_wave1/710_S1_wave1_00045"},{"time":1.7,"name":"EF/710_S1_wave1/710_S1_wave1_00048"},{"time":2.1,"name":"EF/710_S1_wave1/710_S1_wave1_00042"},{"time":2.1333,"name":"EF/710_S1_wave1/710_S1_wave1_00044"},{"time":2.1666,"name":"EF/710_S1_wave1/710_S1_wave1_00045"},{"time":2.2,"name":"EF/710_S1_wave1/710_S1_wave1_00048"},{"time":2.4333,"name":"EF/710_S1_wave1/710_S1_wave1_00042"},{"time":2.4666,"name":"EF/710_S1_wave1/710_S1_wave1_00044"},{"time":2.5,"name":"EF/710_S1_wave1/710_S1_wave1_00045"},{"time":2.5333,"name":"EF/710_S1_wave1/710_S1_wave1_00048"},{"time":2.6666,"name":"EF/710_S1_wave1/710_S1_wave1_00042"},{"time":2.7,"name":"EF/710_S1_wave1/710_S1_wave1_00044"},{"time":2.7666,"name":"EF/710_S1_wave1/710_S1_wave1_00045"},{"time":2.8333,"name":"EF/710_S1_wave1/710_S1_wave1_00048"},{"time":2.9,"name":null}],"color":[{"time":1.7333,"color":"ffffffff"},{"time":1.8333,"color":"ffffff00","curve":"stepped"},{"time":2.1,"color":"ffffffff","curve":"stepped"},{"time":2.1666,"color":"ffffffff"},{"time":2.3,"color":"ffffff00","curve":"stepped"},{"time":2.4333,"color":"ffffffff","curve":"stepped"},{"time":2.5,"color":"ffffffff"},{"time":2.6333,"color":"ffffff00","curve":"stepped"},{"time":2.6666,"color":"ffffffff","curve":"stepped"},{"time":2.8,"color":"ffffffff"},{"time":2.9,"color":"ffffff00"}]},"EF/710_S1_wave1/710_S1_wave1_42":{"attachment":[{"time":2.2666,"name":"EF/710_S1_wave1/710_S1_wave1_00042"},{"time":2.3,"name":"EF/710_S1_wave1/710_S1_wave1_00044"},{"time":2.3333,"name":"EF/710_S1_wave1/710_S1_wave1_00045"},{"time":2.3666,"name":"EF/710_S1_wave1/710_S1_wave1_00048"}],"color":[{"time":2.3666,"color":"ffffffff"},{"time":2.4666,"color":"ffffff00"}]},"MAIN":{"attachment":[{"time":0,"name":"skill2_06"},{"time":0.0333,"name":"skill1_01"},{"time":0.7,"name":"attack1_00"},{"time":0.8,"name":"attack1_01"},{"time":0.9,"name":"attack1_02"},{"time":1.0333,"name":"attack1_03"},{"time":1.0666,"name":"attack1_04"},{"time":1.1,"name":"attack1_05"},{"time":1.4333,"name":"skill1_00"},{"time":1.5,"name":"skill1_01"},{"time":1.5333,"name":"skill1_02"},{"time":1.5666,"name":"skill1_03"},{"time":1.6,"name":"skill1_04"},{"time":1.6333,"name":"skill1_01"},{"time":1.7333,"name":"skill1_01"},{"time":1.7666,"name":"skill2_00"},{"time":1.8333,"name":"skill2_01"},{"time":2,"name":"skill2_03"},{"time":2.0333,"name":"skill2_04"},{"time":2.0666,"name":"skill2_05"},{"time":2.1,"name":"skill2_06"},{"time":2.1333,"name":"skill2_07"},{"time":2.1666,"name":"skill2_08"},{"time":3.5333,"name":"skill2_06"}],"color":[{"time":0,"color":"ffffffff"},{"time":0.1333,"color":"ffffff00","curve":"stepped"},{"time":0.7,"color":"ffffff00","curve":[0,0.27,0.75,1]},{"time":0.8,"color":"ffffffff","curve":"stepped"},{"time":2.1666,"color":"ffffffff"},{"time":2.3666,"color":"ffffff00","curve":"stepped"},{"time":2.5333,"color":"ffffff00"},{"time":2.6333,"color":"ffffffff"}]},"S2_magic_2water":{"attachment":[{"time":1.5333,"name":"EF/710_S2_magic1/magic_2water"}],"color":[{"time":2.8,"color":"ffffffff","curve":[0.25,0,0.824,0.42]},{"time":3.0666,"color":"ffffff00"}]}},"bones":{"MAIN":{"rotate":[{"time":1.6333,"angle":32.43,"curve":"stepped"},{"time":1.7333,"angle":49.55,"curve":"stepped"},{"time":1.7666,"angle":-15.66,"curve":"stepped"},{"time":1.8333,"angle":8.97,"curve":"stepped"},{"time":2,"angle":84.4,"curve":[0.369,0.11,0.724,0.42]},{"time":2.1,"angle":0}],"translate":[{"time":0,"x":-177.53,"y":0,"curve":[0,0.34,0.75,1]},{"time":0.1333,"x":27.8,"y":0,"curve":"stepped"},{"time":0.7,"x":-0.4,"y":0,"curve":"stepped"},{"time":1.1,"x":0,"y":0,"curve":"stepped"},{"time":1.4333,"x":-21.73,"y":1.1,"curve":"stepped"},{"time":1.5,"x":-18.16,"y":1.1,"curve":"stepped"},{"time":1.5333,"x":-4.62,"y":0.18,"curve":"stepped"},{"time":1.6333,"x":-26.9,"y":20.2,"curve":[0.25,0,0.75,1]},{"time":1.7333,"x":-45.17,"y":250.88},{"time":1.9666,"x":-45.17,"y":256.07,"curve":"stepped"},{"time":2,"x":-50.3,"y":247.39,"curve":[0.369,0.11,0.724,0.42]},{"time":2.1,"x":-307.26,"y":1.66}]},"DAMAGEAREA":{"translate":[{"time":1.5666,"x":-314.4,"y":5.47,"curve":"stepped"},{"time":2.0666,"x":-314.4,"y":219.75}],"scale":[{"time":1.5666,"x":4.032,"y":3.503,"curve":"stepped"},{"time":2.0666,"x":5.664,"y":7.621}]},"Magic":{"rotate":[{"time":1.7333,"angle":0}],"translate":[{"time":1.5333,"x":235.13,"y":-447.37}],"scale":[{"time":1.5333,"x":0.473,"y":0.086},{"time":1.7333,"x":1.102,"y":0.201,"curve":"stepped"},{"time":2,"x":1.102,"y":0.201,"curve":"stepped"},{"time":2.8,"x":1.102,"y":0.201,"curve":[0.25,0,0.817,0.52]},{"time":3.0666,"x":0.276,"y":0.05}]},"Wave":{"translate":[{"time":1.6,"x":-309.28,"y":-153.01,"curve":"stepped"},{"time":1.7,"x":-309.28,"y":-163.35},{"time":1.8,"x":-309.28,"y":-170.87,"curve":"stepped"},{"time":2.1,"x":-304.9,"y":-163.95,"curve":"stepped"},{"time":2.4333,"x":-304.9,"y":-163.95,"curve":"stepped"},{"time":2.7666,"x":-304.9,"y":-163.95,"curve":"stepped"},{"time":2.8333,"x":-304.9,"y":-182.57}],"scale":[{"time":1.6,"x":2.316,"y":2.479,"curve":"stepped"},{"time":1.7,"x":2.316,"y":2.479},{"time":1.8,"x":4.68,"y":5.009,"curve":"stepped"},{"time":2.1,"x":2.811,"y":3.008,"curve":"stepped"},{"time":2.1666,"x":2.811,"y":3.008},{"time":2.3,"x":5.656,"y":6.053,"curve":"stepped"},{"time":2.4333,"x":2.811,"y":3.008,"curve":"stepped"},{"time":2.5,"x":2.811,"y":3.008},{"time":2.6333,"x":5.656,"y":6.053,"curve":"stepped"},{"time":2.6666,"x":3.942,"y":4.219},{"time":2.7666,"x":7.951,"y":8.509},{"time":2.8,"x":8.687,"y":9.297,"curve":"stepped"},{"time":2.8333,"x":7.392,"y":7.912},{"time":2.9,"x":8.564,"y":9.166}]},"Wave2":{"translate":[{"time":2.2666,"x":-305.67,"y":-163.6}],"scale":[{"time":2.2666,"x":3.407,"y":3.407,"curve":"stepped"},{"time":2.3666,"x":3.407,"y":3.407},{"time":2.4666,"x":5.076,"y":5.076}]},"EF_slash2":{"rotate":[{"time":2.0666,"angle":-15.72}]},"EFMagicCircle":{"translate":[{"time":1.5,"x":-77.6,"y":0,"curve":"stepped"},{"time":3.1,"x":0,"y":0}],"scale":[{"time":1.5,"x":0.75,"y":0.75,"curve":"stepped"},{"time":3.1,"x":1,"y":1}]}},"ffd":{"default":{"S2_magic_2water":{"EF/710_S2_magic1/magic_2water":[{"time":1.5333},{"time":3.0666,"vertices":[-59.23694,-45.83702,-45.83667,59.23813,59.23895,45.83735,45.83807,-59.23778]}]}}},"drawOrder":[{"time":0}],"events":[{"time":0.0333,"name":"sound1","string":"cri_se_battle_jump"},{"time":0.3666,"name":"event","int":340,"string":"setPosition_Target"},{"time":0.7333,"name":"sound1","string":"cri_se_battle_teleport"},{"time":1.0333,"name":"voice","string":"cri_062_voice_fullarts_rank4"},{"time":1.1,"name":"event","string":"runSkillEffect"},{"time":1.1,"name":"sound1","string":"cri_se_battle_sword_srash"},{"time":1.2,"name":"event","string":"shakeGround"},{"time":1.5333,"name":"event","float":0.1,"string":"kHitStopType_enemyonly"},{"time":1.5333,"name":"sound1","string":"cri_se_battle_arrow_light_effect"},{"time":1.5333,"name":"sound2","string":"setHitSound(se_battle_thrustviolently)"},{"time":1.5666,"name":"event","string":"shakeGround"},{"time":1.6333,"name":"sound1","string":"cri_se_battle_jump"},{"time":1.7666,"name":"event","float":0.01,"string":"kHitStopType_normal"},{"time":1.9666,"name":"event2","string":"setHitEffect(hit06f, 1,2,0)"},{"time":2.0333,"name":"event","string":"shakeGround"},{"time":2.0666,"name":"hit","string":"resetHitList"},{"time":2.0666,"name":"sound1","string":"setHitSound(se_battle_018_sword_hit_02)"},{"time":2.1,"name":"sound1","string":"cri_se_battle_storm"},{"time":2.1,"name":"sound2","string":"cri_se_battle_darkness_explosion"},{"time":2.1333,"name":"event","string":"setHitEffect(hit07f, 1,1.5,30)"},{"time":2.1666,"name":"event","float":0.04,"string":"kHitStopType_enemyonly"},{"time":2.1666,"name":"hit","string":"resetHitList"},{"time":2.1666,"name":"sound1","string":"setHitSound(se_battle_007_attack_hit_01)"},{"time":2.2333,"name":"hit","string":"resetHitList"},{"time":2.3,"name":"hit","string":"resetHitList"},{"time":2.3666,"name":"hit","string":"resetHitList"},{"time":2.4333,"name":"hit","string":"resetHitList"},{"time":2.5,"name":"hit","string":"resetHitList"},{"time":2.5666,"name":"event","float":0.2,"string":"kHitStopType_normal"},{"time":2.6,"name":"event","string":"shakeGround"},{"time":2.6,"name":"hit","string":"resetHitList"},{"time":2.6,"name":"sound1","string":"cri_se_scenario_sword_repel"}]}}}