{"skeleton":{"hash":"E/Xx9P4omO4XeTLi4jFh7C9Pu5s","spine":"3.0.12","width":0,"height":0},"bones":[{"name":"root"},{"name":"MAIN","parent":"root","y":68.58},{"name":"SHADOW_OFFSET","parent":"MAIN","y":-69.11},{"name":"S1_wave1","parent":"MAIN","x":306.66,"y":-68.58},{"name":"HITBOX","parent":"MAIN","y":-69.11},{"name":"DAMAGEAREA","parent":"root"},{"name":"skill_2_EF","parent":"MAIN","y":74.29},{"name":"slash_DOT/EF_1","parent":"MAIN","x":596.8,"y":-6.36,"scaleX":-1},{"name":"water","parent":"MAIN","y":-50.99},{"name":"water_back","parent":"MAIN","y":-35.54},{"name":"water_table","parent":"MAIN","y":-14.22},{"name":"weapon","parent":"MAIN","length":22.44,"x":124.02,"y":16.68},{"name":"muti2","parent":"weapon","length":22.44,"x":21.59},{"name":"muti3","parent":"muti2","length":22.44,"x":21.84},{"name":"muti4","parent":"muti3","length":22.44,"x":21.84},{"name":"muti5","parent":"muti4","length":22.44,"x":21.67},{"name":"muti6","parent":"muti5","length":22.44,"x":22},{"name":"muti7","parent":"muti6","length":22.44,"x":21.51},{"name":"muti8","parent":"muti7","length":22.44,"x":22},{"name":"muti9","parent":"muti8","length":22.44,"x":21.51},{"name":"muti10","parent":"muti9","length":22.44,"x":21.79},{"name":"muti11","parent":"muti10","length":22.44,"x":21.59},{"name":"sentan","parent":"muti11","x":19.6,"y":0.55,"rotation":180}],"slots":[{"name":"water_back","bone":"water_back"},{"name":"water","bone":"water","attachment":"idle_water_00"},{"name":"body","bone":"MAIN","attachment":"idle_00"},{"name":"water_table","bone":"water_table"},{"name":"EF/skill2_EF/skill2_EF_00","bone":"skill_2_EF"},{"name":"sentan","bone":"sentan","attachment":"whip_08"},{"name":"muti11","bone":"muti11","attachment":"whip_07"},{"name":"muti10","bone":"muti10","attachment":"whip_07"},{"name":"muti9","bone":"muti9","attachment":"whip_07"},{"name":"muti8","bone":"muti8","attachment":"whip_07"},{"name":"muti7","bone":"muti7","attachment":"whip_07"},{"name":"muti6","bone":"muti6","attachment":"whip_07"},{"name":"muti5","bone":"muti5","attachment":"whip_07"},{"name":"muti4","bone":"muti4","attachment":"whip_01"},{"name":"muti3","bone":"muti3","attachment":"whip_01"},{"name":"muti2","bone":"muti2","attachment":"whip_01"},{"name":"muti","bone":"weapon","attachment":"whip_06"},{"name":"EF/610_S1_wave1/610_S1_wave1_00000","bone":"S1_wave1","blend":"additive"},{"name":"EF/EF_slash_DOT/up_EF_1","bone":"slash_DOT/EF_1","color":"0064ffff","blend":"additive"},{"name":"EF/EF_slash_DOT/10000-combo_16_ef2_1Ba","bone":"slash_DOT/EF_1","color":"0064ffff","blend":"additive"},{"name":"EF/EF_slash_DOT/10000-combo_16_ef2_1F","bone":"slash_DOT/EF_1","color":"0064ffff","blend":"additive"},{"name":"HITBOX","bone":"HITBOX","attachment":"HITBOX"},{"name":"DAMAGEAREA","bone":"DAMAGEAREA"}],"skins":{"default":{"DAMAGEAREA":{"DAMAGEAREA":{"type":"boundingbox","vertices":[64.95959,-63.76184,64.95959,64.08609,-63.64935,64.08609,-63.64935,-63.76184]}},"EF/610_S1_wave1/610_S1_wave1_00000":{"EF/610_S1_wave1/610_S1_wave1_00000":{"x":-2.32,"y":8.31,"width":200,"height":200},"EF/610_S1_wave1/610_S1_wave1_00001":{"x":-2.32,"y":8.31,"width":200,"height":200},"EF/610_S1_wave1/610_S1_wave1_00002":{"x":-2.32,"y":8.31,"width":200,"height":200},"EF/610_S1_wave1/610_S1_wave1_00003":{"x":-2.32,"y":8.31,"width":200,"height":200},"EF/610_S1_wave1/610_S1_wave1_00004":{"x":-2.32,"y":8.31,"width":200,"height":200},"EF/610_S1_wave1/610_S1_wave1_00005":{"x":-2.32,"y":8.31,"width":200,"height":200},"EF/610_S1_wave1/610_S1_wave1_00006":{"x":-2.32,"y":8.31,"width":200,"height":200},"EF/610_S1_wave1/610_S1_wave1_00007":{"x":-2.32,"y":8.31,"width":200,"height":200},"EF/610_S1_wave1/610_S1_wave1_00008":{"x":-2.32,"y":8.31,"width":200,"height":200},"EF/610_S1_wave1/610_S1_wave1_00009":{"x":-2.32,"y":8.31,"width":200,"height":200},"EF/610_S1_wave1/610_S1_wave1_00010":{"x":-2.32,"y":8.31,"width":200,"height":200},"EF/610_S1_wave1/610_S1_wave1_00011":{"x":-2.32,"y":8.31,"width":200,"height":200},"EF/610_S1_wave1/610_S1_wave1_00012":{"x":-2.32,"y":8.31,"width":200,"height":200},"EF/610_S1_wave1/610_S1_wave1_00013":{"x":-2.32,"y":8.31,"width":200,"height":200}},"EF/EF_slash_DOT/10000-combo_16_ef2_1Ba":{"EF/EF_slash_DOT/10000-combo_16_ef2_1Ba":{"x":-58.23,"y":-21.42,"width":412,"height":342}},"EF/EF_slash_DOT/10000-combo_16_ef2_1F":{"EF/EF_slash_DOT/10000-combo_16_ef2_1F":{"x":-58.23,"y":-21.42,"width":412,"height":342}},"EF/EF_slash_DOT/up_EF_1":{"EF/EF_slash_DOT/up_EF_1":{"x":-28.26,"y":-58.99,"width":200,"height":200}},"EF/skill2_EF/skill2_EF_00":{"EF/skill2_EF/skill2_EF_00":{"x":7,"y":55.41,"width":200,"height":200},"EF/skill2_EF/skill2_EF_01":{"x":7,"y":55.41,"width":200,"height":200},"EF/skill2_EF/skill2_EF_02":{"x":7,"y":55.41,"width":200,"height":200},"EF/skill2_EF/skill2_EF_03":{"x":7,"y":55.41,"width":200,"height":200}},"HITBOX":{"HITBOX":{"type":"boundingbox","vertices":[36.72479,0.62632,34.3518,127.97725,-33.67416,127.97725,-33.67416,0.62632]}},"body":{"attack1_00":{"x":2.25,"y":19.15,"width":400,"height":400},"attack1_01":{"x":2.25,"y":19.15,"width":400,"height":400},"attack1_02":{"x":2.25,"y":19.15,"width":400,"height":400},"attack1_03":{"x":2.25,"y":19.15,"width":400,"height":400},"attack1_04":{"x":2.25,"y":19.15,"width":400,"height":400},"back":{"y":19.15,"width":400,"height":400},"damage_00":{"y":19.15,"width":400,"height":400},"front_00":{"y":19.68,"width":400,"height":400},"idle_00":{"y":19.15,"width":400,"height":400},"idle_01":{"y":19.15,"width":400,"height":400},"idle_02":{"y":19.15,"width":400,"height":400},"idle_03":{"y":19.15,"width":400,"height":400},"idle_04":{"y":19.15,"width":400,"height":400},"idle_05":{"y":19.15,"width":400,"height":401},"skill2_00":{"y":19.68,"width":400,"height":400},"skill2_01":{"y":19.68,"width":400,"height":400},"skill2_02":{"y":19.68,"width":400,"height":400},"skill2_03":{"y":19.68,"width":400,"height":400},"skill2_04":{"y":19.68,"width":400,"height":400},"skill2_05":{"y":19.68,"width":400,"height":400},"skill2_06":{"y":19.68,"width":400,"height":400},"skill2_07":{"y":19.68,"width":400,"height":400}},"muti":{"whip_00":{"x":10.21,"y":-0.19,"rotation":180,"width":40,"height":40},"whip_01":{"x":10.21,"y":-0.19,"rotation":180,"width":40,"height":40},"whip_02":{"x":10.21,"y":-0.19,"rotation":180,"width":40,"height":40},"whip_03":{"x":10.21,"y":-0.19,"rotation":180,"width":40,"height":40},"whip_04":{"x":10.21,"y":-0.19,"rotation":180,"width":40,"height":40},"whip_05":{"x":10.21,"y":-0.19,"rotation":180,"width":40,"height":40},"whip_06":{"x":10.21,"y":-0.19,"rotation":180,"width":40,"height":40},"whip_07":{"x":10.21,"y":-0.19,"rotation":180,"width":40,"height":40}},"muti10":{"whip_00":{"x":10.21,"y":-0.19,"rotation":180,"width":40,"height":40},"whip_01":{"x":10.21,"y":-0.19,"rotation":180,"width":40,"height":40},"whip_02":{"x":10.21,"y":-0.19,"rotation":180,"width":40,"height":40},"whip_03":{"x":10.21,"y":-0.19,"rotation":180,"width":40,"height":40},"whip_04":{"x":10.21,"y":-0.19,"rotation":180,"width":40,"height":40},"whip_05":{"x":10.21,"y":-0.19,"rotation":180,"width":40,"height":40},"whip_06":{"x":10.21,"y":-0.19,"rotation":180,"width":40,"height":40},"whip_07":{"x":10.21,"y":-0.19,"rotation":180,"width":40,"height":40}},"muti11":{"whip_00":{"x":10.21,"y":-0.19,"rotation":180,"width":40,"height":40},"whip_01":{"x":10.21,"y":-0.19,"rotation":180,"width":40,"height":40},"whip_02":{"x":10.21,"y":-0.19,"rotation":180,"width":40,"height":40},"whip_03":{"x":10.21,"y":-0.19,"rotation":180,"width":40,"height":40},"whip_04":{"x":10.21,"y":-0.19,"rotation":180,"width":40,"height":40},"whip_05":{"x":10.21,"y":-0.19,"rotation":180,"width":40,"height":40},"whip_06":{"x":10.21,"y":-0.19,"rotation":180,"width":40,"height":40},"whip_07":{"x":10.21,"y":-0.19,"rotation":180,"width":40,"height":40}},"muti2":{"whip_00":{"x":10.21,"y":-0.19,"rotation":180,"width":40,"height":40},"whip_01":{"x":10.21,"y":-0.19,"rotation":180,"width":40,"height":40},"whip_02":{"x":10.21,"y":-0.19,"rotation":180,"width":40,"height":40},"whip_03":{"x":10.21,"y":-0.19,"rotation":180,"width":40,"height":40},"whip_04":{"x":10.21,"y":-0.19,"rotation":180,"width":40,"height":40},"whip_05":{"x":10.21,"y":-0.19,"rotation":180,"width":40,"height":40},"whip_06":{"x":10.21,"y":-0.19,"rotation":180,"width":40,"height":40},"whip_07":{"x":10.21,"y":-0.19,"rotation":180,"width":40,"height":40}},"muti3":{"whip_00":{"x":10.21,"y":-0.19,"rotation":180,"width":40,"height":40},"whip_01":{"x":10.21,"y":-0.19,"rotation":180,"width":40,"height":40},"whip_02":{"x":10.21,"y":-0.19,"rotation":180,"width":40,"height":40},"whip_03":{"x":10.21,"y":-0.19,"rotation":180,"width":40,"height":40},"whip_04":{"x":10.21,"y":-0.19,"rotation":180,"width":40,"height":40},"whip_05":{"x":10.21,"y":-0.19,"rotation":180,"width":40,"height":40},"whip_06":{"x":10.21,"y":-0.19,"rotation":180,"width":40,"height":40},"whip_07":{"x":10.21,"y":-0.19,"rotation":180,"width":40,"height":40}},"muti4":{"whip_00":{"x":10.21,"y":-0.19,"rotation":180,"width":40,"height":40},"whip_01":{"x":10.21,"y":-0.19,"rotation":180,"width":40,"height":40},"whip_02":{"x":10.21,"y":-0.19,"rotation":180,"width":40,"height":40},"whip_03":{"x":10.21,"y":-0.19,"rotation":180,"width":40,"height":40},"whip_04":{"x":10.21,"y":-0.19,"rotation":180,"width":40,"height":40},"whip_05":{"x":10.21,"y":-0.19,"rotation":180,"width":40,"height":40},"whip_06":{"x":10.21,"y":-0.19,"rotation":180,"width":40,"height":40},"whip_07":{"x":10.21,"y":-0.19,"rotation":180,"width":40,"height":40}},"muti5":{"whip_00":{"x":10.21,"y":-0.19,"rotation":180,"width":40,"height":40},"whip_01":{"x":10.21,"y":-0.19,"rotation":180,"width":40,"height":40},"whip_02":{"x":10.21,"y":-0.19,"rotation":180,"width":40,"height":40},"whip_03":{"x":10.21,"y":-0.19,"rotation":180,"width":40,"height":40},"whip_04":{"x":10.21,"y":-0.19,"rotation":180,"width":40,"height":40},"whip_05":{"x":10.21,"y":-0.19,"rotation":180,"width":40,"height":40},"whip_06":{"x":10.21,"y":-0.19,"rotation":180,"width":40,"height":40},"whip_07":{"x":10.21,"y":-0.19,"rotation":180,"width":40,"height":40}},"muti6":{"whip_00":{"x":10.21,"y":-0.19,"rotation":180,"width":40,"height":40},"whip_01":{"x":10.21,"y":-0.19,"rotation":180,"width":40,"height":40},"whip_02":{"x":10.21,"y":-0.19,"rotation":180,"width":40,"height":40},"whip_03":{"x":10.21,"y":-0.19,"rotation":180,"width":40,"height":40},"whip_04":{"x":10.21,"y":-0.19,"rotation":180,"width":40,"height":40},"whip_05":{"x":10.21,"y":-0.19,"rotation":180,"width":40,"height":40},"whip_06":{"x":10.21,"y":-0.19,"rotation":180,"width":40,"height":40},"whip_07":{"x":10.21,"y":-0.19,"rotation":180,"width":40,"height":40}},"muti7":{"whip_00":{"x":10.21,"y":-0.19,"rotation":180,"width":40,"height":40},"whip_01":{"x":10.21,"y":-0.19,"rotation":180,"width":40,"height":40},"whip_02":{"x":10.21,"y":-0.19,"rotation":180,"width":40,"height":40},"whip_03":{"x":10.21,"y":-0.19,"rotation":180,"width":40,"height":40},"whip_04":{"x":10.21,"y":-0.19,"rotation":180,"width":40,"height":40},"whip_05":{"x":10.21,"y":-0.19,"rotation":180,"width":40,"height":40},"whip_06":{"x":10.21,"y":-0.19,"rotation":180,"width":40,"height":40},"whip_07":{"x":10.21,"y":-0.19,"rotation":180,"width":40,"height":40}},"muti8":{"whip_00":{"x":10.21,"y":-0.19,"rotation":180,"width":40,"height":40},"whip_01":{"x":10.21,"y":-0.19,"rotation":180,"width":40,"height":40},"whip_02":{"x":10.21,"y":-0.19,"rotation":180,"width":40,"height":40},"whip_03":{"x":10.21,"y":-0.19,"rotation":180,"width":40,"height":40},"whip_04":{"x":10.21,"y":-0.19,"rotation":180,"width":40,"height":40},"whip_05":{"x":10.21,"y":-0.19,"rotation":180,"width":40,"height":40},"whip_06":{"x":10.21,"y":-0.19,"rotation":180,"width":40,"height":40},"whip_07":{"x":10.21,"y":-0.19,"rotation":180,"width":40,"height":40}},"muti9":{"whip_00":{"x":10.21,"y":-0.19,"rotation":180,"width":40,"height":40},"whip_01":{"x":10.21,"y":-0.19,"rotation":180,"width":40,"height":40},"whip_02":{"x":10.21,"y":-0.19,"rotation":180,"width":40,"height":40},"whip_03":{"x":10.21,"y":-0.19,"rotation":180,"width":40,"height":40},"whip_04":{"x":10.21,"y":-0.19,"rotation":180,"width":40,"height":40},"whip_05":{"x":10.21,"y":-0.19,"rotation":180,"width":40,"height":40},"whip_06":{"x":10.21,"y":-0.19,"rotation":180,"width":40,"height":40},"whip_07":{"x":10.21,"y":-0.19,"rotation":180,"width":40,"height":40}},"sentan":{"whip_08":{"x":-15.25,"y":-1.64,"width":40,"height":40},"whip_09":{"x":-14.92,"y":-1.64,"width":40,"height":40},"whip_10":{"x":-14.92,"y":-1.64,"width":40,"height":40}},"water":{"attack1_water00":{"x":2.25,"y":70.14,"width":400,"height":400},"attack1_water01":{"x":2.25,"y":70.14,"width":400,"height":400},"attack1_water02":{"x":2.25,"y":70.14,"width":400,"height":400},"attack1_water03":{"x":2.25,"y":70.14,"width":400,"height":400},"attack1_water04":{"x":2.25,"y":70.14,"width":400,"height":400},"idle_water_00":{"y":70.14,"width":400,"height":400},"idle_water_01":{"y":70.14,"width":400,"height":400},"idle_water_02":{"y":70.14,"width":400,"height":400},"idle_water_03":{"y":70.14,"width":400,"height":400},"idle_water_04":{"y":70.14,"width":400,"height":400}},"water_back":{"back_water_back":{"y":54.69,"width":400,"height":400},"damage_water_back":{"y":54.69,"width":400,"height":400},"front_water_back":{"y":55.22,"width":400,"height":400},"skill2_water_back_00":{"y":55.22,"width":400,"height":400},"skill2_water_back_01":{"y":55.22,"width":400,"height":400},"skill2_water_back_02":{"y":55.22,"width":400,"height":400},"skill2_water_back_03":{"y":55.22,"width":400,"height":400},"skill2_water_back_04":{"y":55.22,"width":400,"height":400},"skill2_water_back_05":{"y":55.22,"width":400,"height":400},"skill2_water_back_06":{"y":55.22,"width":400,"height":400},"skill2_water_back_07":{"y":55.22,"width":400,"height":400}},"water_table":{"back_water_table":{"y":33.37,"width":400,"height":400},"damage_water_table":{"y":33.37,"width":400,"height":400},"front_water_table":{"y":33.9,"width":400,"height":400},"skill2_water_table_00":{"y":33.9,"width":400,"height":400},"skill2_water_table_01":{"y":33.9,"width":400,"height":400},"skill2_water_table_02":{"y":33.9,"width":400,"height":400},"skill2_water_table_03":{"y":33.9,"width":400,"height":400},"skill2_water_table_04":{"y":33.9,"width":400,"height":400},"skill2_water_table_05":{"y":33.9,"width":400,"height":400},"skill2_water_table_06":{"y":33.37,"width":400,"height":400}}}},"events":{"Event":{},"Hit":{},"Sound1":{},"Sound2":{},"Sound3":{},"Voice":{}},"animations":{"attack1":{"slots":{"DAMAGEAREA":{"attachment":[{"time":0.5333,"name":"DAMAGEAREA"},{"time":0.6,"name":null}]},"EF/EF_slash_DOT/10000-combo_16_ef2_1Ba":{"attachment":[{"time":0.5333,"name":"EF/EF_slash_DOT/10000-combo_16_ef2_1Ba"},{"time":0.5666,"name":null}]},"EF/EF_slash_DOT/10000-combo_16_ef2_1F":{"attachment":[{"time":0.5333,"name":"EF/EF_slash_DOT/10000-combo_16_ef2_1F"},{"time":0.5666,"name":null}]},"EF/EF_slash_DOT/up_EF_1":{"attachment":[{"time":0.5333,"name":null},{"time":0.5666,"name":null}]},"body":{"attachment":[{"time":0,"name":"idle_00"},{"time":0.1333,"name":"attack1_00"},{"time":0.2333,"name":"attack1_01"},{"time":0.3333,"name":"attack1_02"},{"time":0.5,"name":"attack1_03"},{"time":0.5333,"name":"attack1_04"}]},"muti":{"attachment":[{"time":0,"name":"whip_06"},{"time":0.1333,"name":"whip_07"},{"time":0.2333,"name":"whip_06"},{"time":0.5333,"name":"whip_06"}],"color":[{"time":0,"color":"e8e8e8ff"}]},"muti2":{"attachment":[{"time":0,"name":"whip_01"},{"time":0.1333,"name":"whip_07"},{"time":0.2333,"name":"whip_06"},{"time":0.5333,"name":"whip_06"}],"color":[{"time":0,"color":"e8e8e8ff"}]},"muti3":{"attachment":[{"time":0,"name":"whip_01"},{"time":0.1333,"name":"whip_07"},{"time":0.2333,"name":"whip_06"}],"color":[{"time":0,"color":"e8e8e8ff"}]},"muti4":{"attachment":[{"time":0,"name":"whip_01"},{"time":0.1333,"name":"whip_07"},{"time":0.2333,"name":"whip_06"}],"color":[{"time":0,"color":"e8e8e8ff"}]},"muti5":{"attachment":[{"time":0,"name":"whip_07"},{"time":0.1333,"name":"whip_07"},{"time":0.2333,"name":"whip_06"}],"color":[{"time":0,"color":"e8e8e8ff"}]},"muti6":{"attachment":[{"time":0,"name":"whip_07"},{"time":0.1333,"name":"whip_07"},{"time":0.2333,"name":"whip_06"}],"color":[{"time":0,"color":"e8e8e8ff"}]},"muti7":{"attachment":[{"time":0,"name":"whip_07"},{"time":0.1333,"name":"whip_07"},{"time":0.5333,"name":"whip_00"}],"color":[{"time":0,"color":"e8e8e8ff"}]},"muti8":{"attachment":[{"time":0,"name":"whip_07"},{"time":0.1333,"name":"whip_07"},{"time":0.5333,"name":"whip_00"}],"color":[{"time":0,"color":"e8e8e8ff"}]},"muti9":{"attachment":[{"time":0,"name":"whip_07"},{"time":0.1333,"name":"whip_07"},{"time":0.5333,"name":"whip_00"}],"color":[{"time":0,"color":"e8e8e8ff"}]},"muti10":{"attachment":[{"time":0,"name":"whip_07"},{"time":0.1333,"name":null},{"time":0.2333,"name":"whip_06"},{"time":0.3333,"name":"whip_07"},{"time":0.5333,"name":null}],"color":[{"time":0,"color":"e8e8e8ff"}]},"muti11":{"attachment":[{"time":0,"name":"whip_07"},{"time":0.1333,"name":null},{"time":0.2333,"name":"whip_07"},{"time":0.5,"name":null}],"color":[{"time":0,"color":"e8e8e8ff"}]},"sentan":{"attachment":[{"time":0,"name":"whip_08"},{"time":0.1333,"name":"whip_08"},{"time":0.3333,"name":"whip_08"},{"time":0.5333,"name":"whip_09"}],"color":[{"time":0,"color":"e8e8e8ff"}]},"water":{"attachment":[{"time":0,"name":"idle_water_00"},{"time":0.1333,"name":"attack1_water00"},{"time":0.2333,"name":"attack1_water01"},{"time":0.3333,"name":"attack1_water02"},{"time":0.5,"name":"attack1_water03"},{"time":0.5333,"name":"attack1_water04"}]}},"bones":{"weapon":{"rotate":[{"time":0,"angle":1.57,"curve":"stepped"},{"time":0.1333,"angle":-2.25,"curve":"stepped"},{"time":0.2333,"angle":-111.41,"curve":"stepped"},{"time":0.3333,"angle":167.9,"curve":"stepped"},{"time":0.5,"angle":-131.08,"curve":"stepped"},{"time":0.5333,"angle":58.44}],"translate":[{"time":0,"x":-91.6,"y":-23.65,"curve":"stepped"},{"time":0.1333,"x":-71.2,"y":-9.98,"curve":"stepped"},{"time":0.2333,"x":-98.35,"y":26.83,"curve":"stepped"},{"time":0.3333,"x":-101.83,"y":26.7,"curve":"stepped"},{"time":0.5,"x":-143.82,"y":23.07,"curve":"stepped"},{"time":0.5333,"x":-71.62,"y":-36.09}],"scale":[{"time":0,"x":0.995,"y":1,"curve":"stepped"},{"time":0.2333,"x":-1,"y":1}]},"muti2":{"rotate":[{"time":0,"angle":18.22,"curve":"stepped"},{"time":0.1333,"angle":-38.85,"curve":"stepped"},{"time":0.2333,"angle":-37.24,"curve":"stepped"},{"time":0.3333,"angle":9.03,"curve":"stepped"},{"time":0.5,"angle":12.4,"curve":"stepped"},{"time":0.5333,"angle":25.08}],"translate":[{"time":0,"x":-5.87,"y":3.4,"curve":"stepped"},{"time":0.2333,"x":-5.02,"y":4.17}]},"muti3":{"rotate":[{"time":0,"angle":-27.23,"curve":"stepped"},{"time":0.1333,"angle":-58.76,"curve":"stepped"},{"time":0.2333,"angle":-34.79,"curve":"stepped"},{"time":0.3333,"angle":3.69,"curve":"stepped"},{"time":0.5,"angle":31.83,"curve":"stepped"},{"time":0.5333,"angle":4.68}],"translate":[{"time":0,"x":-1.3,"y":-3.15,"curve":"stepped"},{"time":0.2333,"x":-0.9,"y":-1.22,"curve":"stepped"},{"time":0.3333,"x":-1.79,"y":3.9}]},"muti4":{"rotate":[{"time":0,"angle":-53.47,"curve":"stepped"},{"time":0.1333,"angle":-22.49,"curve":"stepped"},{"time":0.2333,"angle":-21.62,"curve":"stepped"},{"time":0.5,"angle":19.92}],"translate":[{"time":0,"x":-3.9,"y":-5.1,"curve":"stepped"},{"time":0.1333,"x":-1.61,"y":1.7,"curve":"stepped"},{"time":0.2333,"x":-1.9,"y":-2.65}]},"muti5":{"rotate":[{"time":0,"angle":-54.28,"curve":"stepped"},{"time":0.1333,"angle":-20.32,"curve":"stepped"},{"time":0.2333,"angle":-10.91,"curve":"stepped"},{"time":0.3333,"angle":-12.14,"curve":"stepped"},{"time":0.5,"angle":12.65,"curve":"stepped"},{"time":0.5333,"angle":1.56}],"translate":[{"time":0,"x":0,"y":0,"curve":"stepped"},{"time":0.1333,"x":-1.69,"y":0.85,"curve":"stepped"},{"time":0.2333,"x":-3.75,"y":-1.01}],"scale":[{"time":0,"x":1.001,"y":1.106}]},"muti6":{"rotate":[{"time":0,"angle":-22.98,"curve":"stepped"},{"time":0.1333,"angle":-21.74,"curve":"stepped"},{"time":0.2333,"angle":-30.61,"curve":"stepped"},{"time":0.3333,"angle":-46.07,"curve":"stepped"},{"time":0.5,"angle":5.32}],"translate":[{"time":0,"x":0,"y":0,"curve":"stepped"},{"time":0.1333,"x":-2.6,"y":0.34,"curve":"stepped"},{"time":0.2333,"x":-2.86,"y":-0.15}]},"muti7":{"rotate":[{"time":0,"angle":-9.38,"curve":"stepped"},{"time":0.1333,"angle":-1.76,"curve":"stepped"},{"time":0.2333,"angle":-28.16,"curve":"stepped"},{"time":0.3333,"angle":-53.44,"curve":"stepped"},{"time":0.5,"angle":2.74,"curve":"stepped"},{"time":0.5333,"angle":3.64}],"translate":[{"time":0,"x":0,"y":0,"curve":"stepped"},{"time":0.5,"x":-5.06,"y":0.23,"curve":"stepped"},{"time":0.5333,"x":-2.32,"y":-2.31}]},"muti8":{"rotate":[{"time":0,"angle":-32.58,"curve":"stepped"},{"time":0.1333,"angle":-9.23,"curve":"stepped"},{"time":0.2333,"angle":-25.97,"curve":"stepped"},{"time":0.3333,"angle":-19.98,"curve":"stepped"},{"time":0.5,"angle":-9.89,"curve":"stepped"},{"time":0.5333,"angle":15.75}],"translate":[{"time":0,"x":0,"y":0,"curve":"stepped"},{"time":0.5333,"x":-2.43,"y":-3.48}]},"muti9":{"rotate":[{"time":0,"angle":-14.14,"curve":"stepped"},{"time":0.2333,"angle":-35.2,"curve":"stepped"},{"time":0.3333,"angle":-26.42,"curve":"stepped"},{"time":0.5,"angle":-17.54,"curve":"stepped"},{"time":0.5333,"angle":10.73}],"translate":[{"time":0,"x":0,"y":0,"curve":"stepped"},{"time":0.5333,"x":-2,"y":-4.71}]},"muti10":{"rotate":[{"time":0,"angle":-10.88,"curve":"stepped"},{"time":0.2333,"angle":-15.38,"curve":"stepped"},{"time":0.3333,"angle":-8.62,"curve":"stepped"},{"time":0.5,"angle":-19.37,"curve":"stepped"},{"time":0.5333,"angle":4.74}],"translate":[{"time":0,"x":0,"y":0,"curve":"stepped"},{"time":0.1333,"x":-45.64,"y":1.64,"curve":"stepped"},{"time":0.2333,"x":-4.89,"y":0.29,"curve":"stepped"},{"time":0.3333,"x":-0.93,"y":0.19,"curve":"stepped"},{"time":0.5333,"x":-22.1,"y":-3.05}]},"muti11":{"rotate":[{"time":0,"angle":15.73,"curve":"stepped"},{"time":0.2333,"angle":2.22,"curve":"stepped"},{"time":0.3333,"angle":-10.09}],"translate":[{"time":0,"x":-1.02,"y":0.35,"curve":"stepped"},{"time":0.2333,"x":-2.09,"y":2.37,"curve":"stepped"},{"time":0.3333,"x":1.46,"y":-0.04,"curve":"stepped"},{"time":0.5333,"x":0.44,"y":-2.55}]},"sentan":{"rotate":[{"time":0,"angle":-341.6,"curve":"stepped"},{"time":0.1333,"angle":-12.52,"curve":"stepped"},{"time":0.2333,"angle":-359.39,"curve":"stepped"},{"time":0.3333,"angle":-0.63}],"translate":[{"time":0,"x":-2.34,"y":-1.88,"curve":"stepped"},{"time":0.2333,"x":-2.39,"y":-2.06,"curve":"stepped"},{"time":0.3333,"x":-1.34,"y":-0.78,"curve":"stepped"},{"time":0.5,"x":-22.25,"y":-2.07}]},"slash_DOT/EF_1":{"rotate":[{"time":0.5333,"angle":-6.87}],"translate":[{"time":0.5333,"x":-594.11,"y":-49.47}],"scale":[{"time":0.5333,"x":-0.969,"y":-0.824}]},"DAMAGEAREA":{"translate":[{"time":0.5333,"x":-86.88,"y":51.34}],"scale":[{"time":0.5333,"x":2.201,"y":1}]}},"drawOrder":[{"time":0,"offsets":[{"slot":"muti7","offset":-8},{"slot":"muti6","offset":-8},{"slot":"muti5","offset":-8},{"slot":"muti4","offset":-8},{"slot":"muti3","offset":-8},{"slot":"muti2","offset":-8},{"slot":"muti","offset":-8}]},{"time":0.1333,"offsets":[{"slot":"water_table","offset":12},{"slot":"EF/skill2_EF/skill2_EF_00","offset":12}]},{"time":0.2333,"offsets":[{"slot":"water_table","offset":12},{"slot":"EF/skill2_EF/skill2_EF_00","offset":12},{"slot":"muti","offset":-14}]},{"time":0.5333,"offsets":[{"slot":"water_table","offset":12},{"slot":"EF/skill2_EF/skill2_EF_00","offset":12},{"slot":"sentan","offset":-5}]}],"events":[{"time":0.4666,"name":"Event","float":0.2,"string":"kHitStopType_normal"},{"time":0.4666,"name":"Sound1","string":"cri_se_battle_sword_swish_heavy"},{"time":0.4666,"name":"Voice","string":"cri_134_voice_attack_random"},{"time":0.5333,"name":"Sound1","string":"setHitSound(se_battle_019_sword_hit_03)"},{"time":0.7333,"name":"Event"}]},"back":{"slots":{"body":{"attachment":[{"time":0,"name":"back"},{"time":0.2333,"name":"idle_03"},{"time":0.4666,"name":"idle_04"},{"time":0.5333,"name":"idle_04"}]},"muti":{"attachment":[{"time":0,"name":"whip_06"},{"time":0.2333,"name":"whip_06"}],"color":[{"time":0.2333,"color":"e8e8e8ff"}]},"muti2":{"attachment":[{"time":0,"name":"whip_06"},{"time":0.2333,"name":"whip_01"}],"color":[{"time":0.2333,"color":"e8e8e8ff"}]},"muti3":{"attachment":[{"time":0,"name":"whip_06"},{"time":0.2333,"name":"whip_01"}],"color":[{"time":0.2333,"color":"e8e8e8ff"}]},"muti4":{"attachment":[{"time":0,"name":"whip_06"},{"time":0.2333,"name":"whip_01"}],"color":[{"time":0.2333,"color":"e8e8e8ff"}]},"muti5":{"attachment":[{"time":0,"name":"whip_06"},{"time":0.2333,"name":"whip_07"}],"color":[{"time":0.2333,"color":"e8e8e8ff"}]},"muti6":{"attachment":[{"time":0,"name":"whip_06"},{"time":0.2333,"name":"whip_07"}],"color":[{"time":0.2333,"color":"e8e8e8ff"}]},"muti7":{"attachment":[{"time":0,"name":"whip_06"},{"time":0.2333,"name":"whip_07"}],"color":[{"time":0.2333,"color":"e8e8e8ff"}]},"muti8":{"attachment":[{"time":0,"name":"whip_06"},{"time":0.2333,"name":"whip_07"}],"color":[{"time":0.2333,"color":"e8e8e8ff"}]},"muti9":{"attachment":[{"time":0,"name":"whip_06"},{"time":0.2333,"name":"whip_07"}],"color":[{"time":0.2333,"color":"e8e8e8ff"}]},"muti10":{"attachment":[{"time":0,"name":"whip_01"},{"time":0.2333,"name":"whip_07"}],"color":[{"time":0.2333,"color":"e8e8e8ff"}]},"muti11":{"attachment":[{"time":0,"name":"whip_06"},{"time":0.2333,"name":"whip_07"}],"color":[{"time":0.2333,"color":"e8e8e8ff"}]},"sentan":{"attachment":[{"time":0,"name":"whip_09"},{"time":0.2333,"name":"whip_08"}],"color":[{"time":0.2333,"color":"e8e8e8ff"}]},"water":{"attachment":[{"time":0.2333,"name":"idle_water_03"},{"time":0.3333,"name":"idle_water_04"}]},"water_back":{"attachment":[{"time":0,"name":"back_water_back"}]},"water_table":{"attachment":[{"time":0,"name":"back_water_table"}]}},"bones":{"MAIN":{"rotate":[{"time":0,"angle":0}],"translate":[{"time":0,"x":0,"y":0,"curve":[0.255,0.59,0.75,1]},{"time":0.1,"x":69.3,"y":7.43},{"time":0.2333,"x":114.31,"y":-3.5},{"time":0.3333,"x":130.28,"y":-2.37},{"time":0.4666,"x":139.85,"y":0}]},"weapon":{"rotate":[{"time":0,"angle":143.46,"curve":"stepped"},{"time":0.2333,"angle":1.57,"curve":"stepped"},{"time":0.3333,"angle":1.57}],"translate":[{"time":0,"x":-127.79,"y":-16.97,"curve":"stepped"},{"time":0.2333,"x":-91.43,"y":-25.19,"curve":"stepped"},{"time":0.3333,"x":-91.43,"y":-23.57}],"scale":[{"time":0,"x":0.942,"y":0.874,"curve":"stepped"},{"time":0.2333,"x":0.996,"y":1}]},"muti2":{"rotate":[{"time":0,"angle":1.95,"curve":"stepped"},{"time":0.2333,"angle":18.22,"curve":"stepped"},{"time":0.3333,"angle":18.22}],"translate":[{"time":0,"x":-4.25,"y":1.27,"curve":"stepped"},{"time":0.2333,"x":-5.87,"y":3.4,"curve":"stepped"},{"time":0.3333,"x":-5.87,"y":3.4}]},"muti3":{"rotate":[{"time":0,"angle":12.19,"curve":"stepped"},{"time":0.2333,"angle":-27.23,"curve":"stepped"},{"time":0.3333,"angle":-27.23}],"translate":[{"time":0,"x":-6.57,"y":-0.46,"curve":"stepped"},{"time":0.2333,"x":-1.3,"y":-3.15,"curve":"stepped"},{"time":0.3333,"x":-1.3,"y":-3.15}]},"muti4":{"rotate":[{"time":0,"angle":14.83,"curve":"stepped"},{"time":0.2333,"angle":-49.68,"curve":"stepped"},{"time":0.3333,"angle":-49.68}],"translate":[{"time":0,"x":-5.05,"y":-0.9,"curve":"stepped"},{"time":0.2333,"x":0.58,"y":-4.52,"curve":"stepped"},{"time":0.3333,"x":0.58,"y":-4.52}]},"muti5":{"rotate":[{"time":0,"angle":13.32,"curve":"stepped"},{"time":0.2333,"angle":-54.28,"curve":"stepped"},{"time":0.3333,"angle":-54.28}],"translate":[{"time":0,"x":-4.53,"y":-0.38,"curve":"stepped"},{"time":0.2333,"x":0,"y":0,"curve":"stepped"},{"time":0.3333,"x":0,"y":0}],"scale":[{"time":0.2333,"x":1.001,"y":1.106}]},"muti6":{"rotate":[{"time":0,"angle":23.15,"curve":"stepped"},{"time":0.2333,"angle":-26.47,"curve":"stepped"},{"time":0.3333,"angle":-20.15}],"translate":[{"time":0,"x":-4.32,"y":-0.98,"curve":"stepped"},{"time":0.2333,"x":0,"y":0,"curve":"stepped"},{"time":0.3333,"x":0,"y":0}],"scale":[{"time":0,"x":0.994,"y":0.961}]},"muti7":{"rotate":[{"time":0,"angle":43.11,"curve":"stepped"},{"time":0.2333,"angle":-35.09,"curve":"stepped"},{"time":0.3333,"angle":-32.43}],"translate":[{"time":0,"x":-4.24,"y":-1.32,"curve":"stepped"},{"time":0.2333,"x":0,"y":0,"curve":"stepped"},{"time":0.3333,"x":0,"y":0}]},"muti8":{"rotate":[{"time":0,"angle":13.54,"curve":"stepped"},{"time":0.2333,"angle":-27.08,"curve":"stepped"},{"time":0.3333,"angle":-24.76}],"translate":[{"time":0,"x":-6.31,"y":-0.7,"curve":"stepped"},{"time":0.2333,"x":0,"y":0,"curve":"stepped"},{"time":0.3333,"x":0,"y":0}]},"muti9":{"rotate":[{"time":0,"angle":16.56,"curve":"stepped"},{"time":0.2333,"angle":16.47,"curve":"stepped"},{"time":0.3333,"angle":-3.03}],"translate":[{"time":0,"x":-5.21,"y":4.08,"curve":"stepped"},{"time":0.2333,"x":0,"y":0,"curve":"stepped"},{"time":0.3333,"x":0,"y":0}]},"muti10":{"rotate":[{"time":0,"angle":-23.44,"curve":"stepped"},{"time":0.2333,"angle":20.87,"curve":"stepped"},{"time":0.3333,"angle":-9.49}],"translate":[{"time":0,"x":-3.7,"y":4.79,"curve":"stepped"},{"time":0.2333,"x":0,"y":0,"curve":"stepped"},{"time":0.3333,"x":0,"y":0}]},"muti11":{"rotate":[{"time":0,"angle":-51.12,"curve":"stepped"},{"time":0.2333,"angle":14.06,"curve":"stepped"},{"time":0.3333,"angle":42.78}],"translate":[{"time":0,"x":-3.46,"y":-1.27,"curve":"stepped"},{"time":0.2333,"x":-1.02,"y":0.35,"curve":"stepped"},{"time":0.3333,"x":-1.02,"y":0.35}]},"sentan":{"rotate":[{"time":0,"angle":-70.16,"curve":"stepped"},{"time":0.2333,"angle":-27.19,"curve":"stepped"},{"time":0.3333,"angle":-348.85}],"translate":[{"time":0.2333,"x":-1.87,"y":-0.62,"curve":"stepped"},{"time":0.3333,"x":-1.87,"y":-0.62}]}},"events":[{"time":0,"name":"Sound1","string":"cri_se_battle_jump"},{"time":0.2333,"name":"Sound1","string":"cri_se_battle_landing"}]},"cast":{"slots":{"EF/EF_slash_DOT/10000-combo_16_ef2_1Ba":{"attachment":[{"time":0.5333,"name":"EF/EF_slash_DOT/10000-combo_16_ef2_1Ba"},{"time":0.5666,"name":null}]},"EF/EF_slash_DOT/10000-combo_16_ef2_1F":{"attachment":[{"time":0.5333,"name":"EF/EF_slash_DOT/10000-combo_16_ef2_1F"},{"time":0.5666,"name":null}]},"EF/EF_slash_DOT/up_EF_1":{"attachment":[{"time":0.5333,"name":null},{"time":0.5666,"name":null}]},"body":{"attachment":[{"time":0,"name":"idle_00"},{"time":0.1333,"name":"attack1_00"},{"time":0.2333,"name":"attack1_01"},{"time":0.3333,"name":"attack1_02"},{"time":0.5,"name":"attack1_03"},{"time":0.5333,"name":"attack1_04"}]},"muti":{"attachment":[{"time":0,"name":"whip_06"},{"time":0.1333,"name":"whip_07"},{"time":0.2333,"name":"whip_06"},{"time":0.5333,"name":"whip_06"}],"color":[{"time":0,"color":"e8e8e8ff"}]},"muti2":{"attachment":[{"time":0,"name":"whip_01"},{"time":0.1333,"name":"whip_07"},{"time":0.2333,"name":"whip_06"},{"time":0.5333,"name":"whip_06"}],"color":[{"time":0,"color":"e8e8e8ff"}]},"muti3":{"attachment":[{"time":0,"name":"whip_01"},{"time":0.1333,"name":"whip_07"},{"time":0.2333,"name":"whip_06"}],"color":[{"time":0,"color":"e8e8e8ff"}]},"muti4":{"attachment":[{"time":0,"name":"whip_01"},{"time":0.1333,"name":"whip_07"},{"time":0.2333,"name":"whip_06"}],"color":[{"time":0,"color":"e8e8e8ff"}]},"muti5":{"attachment":[{"time":0,"name":"whip_07"},{"time":0.1333,"name":"whip_07"},{"time":0.2333,"name":"whip_06"}],"color":[{"time":0,"color":"e8e8e8ff"}]},"muti6":{"attachment":[{"time":0,"name":"whip_07"},{"time":0.1333,"name":"whip_07"},{"time":0.2333,"name":"whip_06"}],"color":[{"time":0,"color":"e8e8e8ff"}]},"muti7":{"attachment":[{"time":0,"name":"whip_07"},{"time":0.1333,"name":"whip_07"},{"time":0.5333,"name":"whip_00"}],"color":[{"time":0,"color":"e8e8e8ff"}]},"muti8":{"attachment":[{"time":0,"name":"whip_07"},{"time":0.1333,"name":"whip_07"},{"time":0.5333,"name":"whip_00"}],"color":[{"time":0,"color":"e8e8e8ff"}]},"muti9":{"attachment":[{"time":0,"name":"whip_07"},{"time":0.1333,"name":"whip_07"},{"time":0.5333,"name":"whip_00"}],"color":[{"time":0,"color":"e8e8e8ff"}]},"muti10":{"attachment":[{"time":0,"name":"whip_07"},{"time":0.1333,"name":null},{"time":0.2333,"name":"whip_06"},{"time":0.3333,"name":"whip_07"},{"time":0.5333,"name":null}],"color":[{"time":0,"color":"e8e8e8ff"}]},"muti11":{"attachment":[{"time":0,"name":"whip_07"},{"time":0.1333,"name":null},{"time":0.2333,"name":"whip_07"},{"time":0.5,"name":null}],"color":[{"time":0,"color":"e8e8e8ff"}]},"sentan":{"attachment":[{"time":0,"name":"whip_08"},{"time":0.1333,"name":"whip_08"},{"time":0.3333,"name":"whip_08"},{"time":0.5333,"name":"whip_09"}],"color":[{"time":0,"color":"e8e8e8ff"}]},"water":{"attachment":[{"time":0,"name":"idle_water_00"},{"time":0.1333,"name":"attack1_water00"},{"time":0.2333,"name":"attack1_water01"},{"time":0.3333,"name":"attack1_water02"},{"time":0.5,"name":"attack1_water03"},{"time":0.5333,"name":"attack1_water04"}]}},"bones":{"weapon":{"rotate":[{"time":0,"angle":1.57,"curve":"stepped"},{"time":0.1333,"angle":-2.25,"curve":"stepped"},{"time":0.2333,"angle":-111.41,"curve":"stepped"},{"time":0.3333,"angle":167.9,"curve":"stepped"},{"time":0.5,"angle":-131.08,"curve":"stepped"},{"time":0.5333,"angle":58.44}],"translate":[{"time":0,"x":-91.6,"y":-23.65,"curve":"stepped"},{"time":0.1333,"x":-71.2,"y":-9.98,"curve":"stepped"},{"time":0.2333,"x":-98.35,"y":26.83,"curve":"stepped"},{"time":0.3333,"x":-101.83,"y":26.7,"curve":"stepped"},{"time":0.5,"x":-143.82,"y":23.07,"curve":"stepped"},{"time":0.5333,"x":-71.62,"y":-36.09}],"scale":[{"time":0,"x":0.995,"y":1,"curve":"stepped"},{"time":0.2333,"x":-1,"y":1}]},"muti2":{"rotate":[{"time":0,"angle":18.22,"curve":"stepped"},{"time":0.1333,"angle":-38.85,"curve":"stepped"},{"time":0.2333,"angle":-37.24,"curve":"stepped"},{"time":0.3333,"angle":9.03,"curve":"stepped"},{"time":0.5,"angle":12.4,"curve":"stepped"},{"time":0.5333,"angle":25.08}],"translate":[{"time":0,"x":-5.87,"y":3.4,"curve":"stepped"},{"time":0.2333,"x":-5.02,"y":4.17}]},"muti3":{"rotate":[{"time":0,"angle":-27.23,"curve":"stepped"},{"time":0.1333,"angle":-58.76,"curve":"stepped"},{"time":0.2333,"angle":-34.79,"curve":"stepped"},{"time":0.3333,"angle":3.69,"curve":"stepped"},{"time":0.5,"angle":31.83,"curve":"stepped"},{"time":0.5333,"angle":4.68}],"translate":[{"time":0,"x":-1.3,"y":-3.15,"curve":"stepped"},{"time":0.2333,"x":-0.9,"y":-1.22,"curve":"stepped"},{"time":0.3333,"x":-1.79,"y":3.9}]},"muti4":{"rotate":[{"time":0,"angle":-53.47,"curve":"stepped"},{"time":0.1333,"angle":-22.49,"curve":"stepped"},{"time":0.2333,"angle":-21.62,"curve":"stepped"},{"time":0.5,"angle":19.92}],"translate":[{"time":0,"x":-3.9,"y":-5.1,"curve":"stepped"},{"time":0.1333,"x":-1.61,"y":1.7,"curve":"stepped"},{"time":0.2333,"x":-1.9,"y":-2.65}]},"muti5":{"rotate":[{"time":0,"angle":-54.28,"curve":"stepped"},{"time":0.1333,"angle":-20.32,"curve":"stepped"},{"time":0.2333,"angle":-10.91,"curve":"stepped"},{"time":0.3333,"angle":-12.14,"curve":"stepped"},{"time":0.5,"angle":12.65,"curve":"stepped"},{"time":0.5333,"angle":1.56}],"translate":[{"time":0,"x":0,"y":0,"curve":"stepped"},{"time":0.1333,"x":-1.69,"y":0.85,"curve":"stepped"},{"time":0.2333,"x":-3.75,"y":-1.01}],"scale":[{"time":0,"x":1.001,"y":1.106}]},"muti6":{"rotate":[{"time":0,"angle":-22.98,"curve":"stepped"},{"time":0.1333,"angle":-21.74,"curve":"stepped"},{"time":0.2333,"angle":-30.61,"curve":"stepped"},{"time":0.3333,"angle":-46.07,"curve":"stepped"},{"time":0.5,"angle":5.32}],"translate":[{"time":0,"x":0,"y":0,"curve":"stepped"},{"time":0.1333,"x":-2.6,"y":0.34,"curve":"stepped"},{"time":0.2333,"x":-2.86,"y":-0.15}]},"muti7":{"rotate":[{"time":0,"angle":-9.38,"curve":"stepped"},{"time":0.1333,"angle":-1.76,"curve":"stepped"},{"time":0.2333,"angle":-28.16,"curve":"stepped"},{"time":0.3333,"angle":-53.44,"curve":"stepped"},{"time":0.5,"angle":2.74,"curve":"stepped"},{"time":0.5333,"angle":3.64}],"translate":[{"time":0,"x":0,"y":0,"curve":"stepped"},{"time":0.5,"x":-5.06,"y":0.23,"curve":"stepped"},{"time":0.5333,"x":-2.32,"y":-2.31}]},"muti8":{"rotate":[{"time":0,"angle":-32.58,"curve":"stepped"},{"time":0.1333,"angle":-9.23,"curve":"stepped"},{"time":0.2333,"angle":-25.97,"curve":"stepped"},{"time":0.3333,"angle":-19.98,"curve":"stepped"},{"time":0.5,"angle":-9.89,"curve":"stepped"},{"time":0.5333,"angle":15.75}],"translate":[{"time":0,"x":0,"y":0,"curve":"stepped"},{"time":0.5333,"x":-2.43,"y":-3.48}]},"muti9":{"rotate":[{"time":0,"angle":-14.14,"curve":"stepped"},{"time":0.2333,"angle":-35.2,"curve":"stepped"},{"time":0.3333,"angle":-26.42,"curve":"stepped"},{"time":0.5,"angle":-17.54,"curve":"stepped"},{"time":0.5333,"angle":10.73}],"translate":[{"time":0,"x":0,"y":0,"curve":"stepped"},{"time":0.5333,"x":-2,"y":-4.71}]},"muti10":{"rotate":[{"time":0,"angle":-10.88,"curve":"stepped"},{"time":0.2333,"angle":-15.38,"curve":"stepped"},{"time":0.3333,"angle":-8.62,"curve":"stepped"},{"time":0.5,"angle":-19.37,"curve":"stepped"},{"time":0.5333,"angle":4.74}],"translate":[{"time":0,"x":0,"y":0,"curve":"stepped"},{"time":0.1333,"x":-45.64,"y":1.64,"curve":"stepped"},{"time":0.2333,"x":-4.89,"y":0.29,"curve":"stepped"},{"time":0.3333,"x":-0.93,"y":0.19,"curve":"stepped"},{"time":0.5333,"x":-22.1,"y":-3.05}]},"muti11":{"rotate":[{"time":0,"angle":15.73,"curve":"stepped"},{"time":0.2333,"angle":2.22,"curve":"stepped"},{"time":0.3333,"angle":-10.09}],"translate":[{"time":0,"x":-1.02,"y":0.35,"curve":"stepped"},{"time":0.2333,"x":-2.09,"y":2.37,"curve":"stepped"},{"time":0.3333,"x":1.46,"y":-0.04,"curve":"stepped"},{"time":0.5333,"x":0.44,"y":-2.55}]},"sentan":{"rotate":[{"time":0,"angle":-341.6,"curve":"stepped"},{"time":0.1333,"angle":-12.52,"curve":"stepped"},{"time":0.2333,"angle":-359.39,"curve":"stepped"},{"time":0.3333,"angle":-0.63}],"translate":[{"time":0,"x":-2.34,"y":-1.88,"curve":"stepped"},{"time":0.2333,"x":-2.39,"y":-2.06,"curve":"stepped"},{"time":0.3333,"x":-1.34,"y":-0.78,"curve":"stepped"},{"time":0.5,"x":-22.25,"y":-2.07}]},"slash_DOT/EF_1":{"rotate":[{"time":0.5333,"angle":-6.87}],"translate":[{"time":0.5333,"x":-594.11,"y":-49.47}],"scale":[{"time":0.5333,"x":-0.969,"y":-0.824}]}},"drawOrder":[{"time":0,"offsets":[{"slot":"muti7","offset":-8},{"slot":"muti6","offset":-8},{"slot":"muti5","offset":-8},{"slot":"muti4","offset":-8},{"slot":"muti3","offset":-8},{"slot":"muti2","offset":-8},{"slot":"muti","offset":-8}]},{"time":0.1333,"offsets":[{"slot":"water_table","offset":12},{"slot":"EF/skill2_EF/skill2_EF_00","offset":12}]},{"time":0.2333,"offsets":[{"slot":"water_table","offset":12},{"slot":"EF/skill2_EF/skill2_EF_00","offset":12},{"slot":"muti","offset":-14}]},{"time":0.5333,"offsets":[{"slot":"water_table","offset":12},{"slot":"EF/skill2_EF/skill2_EF_00","offset":12},{"slot":"sentan","offset":-5}]}],"events":[{"time":0.2333,"name":"Voice","string":"cri_134_voice_item"}]},"damage":{"slots":{"body":{"attachment":[{"time":0,"name":"damage_00"}]},"muti":{"attachment":[{"time":0,"name":"whip_00"}]},"muti2":{"attachment":[{"time":0,"name":"whip_02"}]},"muti3":{"attachment":[{"time":0,"name":"whip_02"}]},"muti4":{"attachment":[{"time":0,"name":"whip_02"}]},"muti5":{"attachment":[{"time":0,"name":"whip_06"}]},"muti6":{"attachment":[{"time":0,"name":"whip_02"}]},"muti7":{"attachment":[{"time":0,"name":"whip_04"}]},"muti8":{"attachment":[{"time":0,"name":"whip_02"}]},"muti9":{"attachment":[{"time":0,"name":"whip_07"}]},"muti10":{"attachment":[{"time":0,"name":"whip_07"}]},"muti11":{"attachment":[{"time":0,"name":"whip_07"}]},"sentan":{"attachment":[{"time":0,"name":"whip_10"}]},"water":{"attachment":[{"time":0,"name":null}]},"water_back":{"attachment":[{"time":0,"name":"damage_water_back"}]},"water_table":{"attachment":[{"time":0,"name":"damage_water_table"}]}},"bones":{"weapon":{"rotate":[{"time":0,"angle":-178.32}],"translate":[{"time":0,"x":-111.74,"y":-18.5}]},"muti2":{"rotate":[{"time":0,"angle":21.21}],"translate":[{"time":0,"x":-1.29,"y":3.47}],"scale":[{"time":0,"x":0.996,"y":1.001}]},"muti3":{"rotate":[{"time":0,"angle":18.02}],"scale":[{"time":0,"x":0.896,"y":1}]},"muti4":{"rotate":[{"time":0,"angle":46.28}],"translate":[{"time":0,"x":-1,"y":0.32}],"scale":[{"time":0,"x":0.833,"y":0.861}]},"muti5":{"rotate":[{"time":0,"angle":39.81}],"translate":[{"time":0,"x":-0.95,"y":2.53}],"scale":[{"time":0,"x":0.886,"y":0.934}]},"muti6":{"rotate":[{"time":0,"angle":44.36}],"translate":[{"time":0,"x":-4.7,"y":1.09}],"scale":[{"time":0,"x":1.086,"y":1.089}]},"muti7":{"rotate":[{"time":0,"angle":18.19}],"translate":[{"time":0,"x":-2.52,"y":-0.84}],"scale":[{"time":0,"x":0.912,"y":0.887}]},"muti8":{"rotate":[{"time":0,"angle":8.19}],"translate":[{"time":0,"x":-7.24,"y":-0.04}]},"muti9":{"rotate":[{"time":0,"angle":3.24}]},"muti10":{"rotate":[{"time":0,"angle":0.98}]},"muti11":{"rotate":[{"time":0,"angle":5.32}]},"sentan":{"translate":[{"time":0,"x":-1.56,"y":-1.02}]}},"drawOrder":[{"time":0,"offsets":[{"slot":"body","offset":5},{"slot":"water_table","offset":5},{"slot":"EF/skill2_EF/skill2_EF_00","offset":5},{"slot":"sentan","offset":-5},{"slot":"muti7","offset":2}]}]},"front":{"slots":{"body":{"attachment":[{"time":0,"name":"front_00"}]},"muti":{"attachment":[{"time":0,"name":"whip_00"}]},"muti2":{"attachment":[{"time":0,"name":"whip_00"}]},"muti3":{"attachment":[{"time":0,"name":"whip_00"}]},"muti4":{"attachment":[{"time":0,"name":"whip_00"}]},"muti5":{"attachment":[{"time":0,"name":"whip_00"}]},"muti6":{"attachment":[{"time":0,"name":"whip_00"}]},"muti7":{"attachment":[{"time":0,"name":"whip_00"}]},"muti8":{"attachment":[{"time":0,"name":"whip_00"}]},"muti9":{"attachment":[{"time":0,"name":"whip_00"}]},"muti10":{"attachment":[{"time":0,"name":"whip_00"}]},"muti11":{"attachment":[{"time":0,"name":"whip_00"}]},"sentan":{"attachment":[{"time":0,"name":"whip_08"}]},"water":{"attachment":[{"time":0,"name":null}]},"water_back":{"attachment":[{"time":0,"name":"front_water_back"}]},"water_table":{"attachment":[{"time":0,"name":"front_water_table"}]}},"bones":{"weapon":{"rotate":[{"time":0,"angle":-169.8}],"translate":[{"time":0,"x":-131.61,"y":-40.27}],"scale":[{"time":0,"x":0.765,"y":0.755}]},"muti2":{"rotate":[{"time":0,"angle":31.87}],"translate":[{"time":0,"x":-1.98,"y":1}]},"muti3":{"rotate":[{"time":0,"angle":25.1}],"translate":[{"time":0,"x":-1.83,"y":3.47}]},"muti4":{"rotate":[{"time":0,"angle":48.5}],"translate":[{"time":0,"x":-5.76,"y":1.84}]},"muti5":{"rotate":[{"time":0,"angle":51.01}],"translate":[{"time":0,"x":-2.65,"y":1.26}]},"muti6":{"rotate":[{"time":0,"angle":34.05}],"translate":[{"time":0,"x":-1.33,"y":-0.87}]},"muti7":{"rotate":[{"time":0,"angle":15.42}],"translate":[{"time":0,"x":-2.49,"y":-2.85}]},"muti8":{"rotate":[{"time":0,"angle":9.45}],"translate":[{"time":0,"x":-3.39,"y":-1.64}]},"muti9":{"rotate":[{"time":0,"angle":-9.59}],"translate":[{"time":0,"x":-4.5,"y":-1.45}]},"muti10":{"rotate":[{"time":0,"angle":-4.37}],"translate":[{"time":0,"x":-4.51,"y":-2.01}]},"muti11":{"rotate":[{"time":0,"angle":-16.94}]},"sentan":{"rotate":[{"time":0,"angle":-4.19}],"translate":[{"time":0,"x":-0.81,"y":-0.36}]}},"drawOrder":[{"time":0,"offsets":[{"slot":"body","offset":6},{"slot":"water_table","offset":6},{"slot":"EF/skill2_EF/skill2_EF_00","offset":6},{"slot":"sentan","offset":-5}]}]},"idle":{"slots":{"body":{"attachment":[{"time":0,"name":"idle_00"},{"time":0.2,"name":"idle_01"},{"time":0.4,"name":"idle_02"},{"time":0.6,"name":"idle_03"},{"time":0.8,"name":"idle_04"}]},"muti":{"attachment":[{"time":0,"name":"whip_06"},{"time":1,"name":"whip_06"}],"color":[{"time":0,"color":"e8e8e8ff","curve":"stepped"},{"time":1,"color":"e8e8e8ff"}]},"muti2":{"attachment":[{"time":0,"name":"whip_01"},{"time":1,"name":"whip_01"}],"color":[{"time":0,"color":"e8e8e8ff","curve":"stepped"},{"time":1,"color":"e8e8e8ff"}]},"muti3":{"attachment":[{"time":0,"name":"whip_01"},{"time":1,"name":"whip_01"}],"color":[{"time":0,"color":"e8e8e8ff","curve":"stepped"},{"time":1,"color":"e8e8e8ff"}]},"muti4":{"attachment":[{"time":0,"name":"whip_01"},{"time":1,"name":"whip_01"}],"color":[{"time":0,"color":"e8e8e8ff","curve":"stepped"},{"time":1,"color":"e8e8e8ff"}]},"muti5":{"attachment":[{"time":0,"name":"whip_07"},{"time":1,"name":"whip_07"}],"color":[{"time":0,"color":"e8e8e8ff","curve":"stepped"},{"time":1,"color":"e8e8e8ff"}]},"muti6":{"attachment":[{"time":0,"name":"whip_07"},{"time":1,"name":"whip_07"}],"color":[{"time":0,"color":"e8e8e8ff","curve":"stepped"},{"time":1,"color":"e8e8e8ff"}]},"muti7":{"attachment":[{"time":0,"name":"whip_07"},{"time":1,"name":"whip_07"}],"color":[{"time":0,"color":"e8e8e8ff","curve":"stepped"},{"time":1,"color":"e8e8e8ff"}]},"muti8":{"attachment":[{"time":0,"name":"whip_07"},{"time":1,"name":"whip_07"}],"color":[{"time":0,"color":"e8e8e8ff","curve":"stepped"},{"time":1,"color":"e8e8e8ff"}]},"muti9":{"attachment":[{"time":0,"name":"whip_07"},{"time":1,"name":"whip_07"}],"color":[{"time":0,"color":"e8e8e8ff","curve":"stepped"},{"time":1,"color":"e8e8e8ff"}]},"muti10":{"attachment":[{"time":0,"name":"whip_07"},{"time":1,"name":"whip_07"}],"color":[{"time":0,"color":"e8e8e8ff","curve":"stepped"},{"time":1,"color":"e8e8e8ff"}]},"muti11":{"attachment":[{"time":0,"name":"whip_07"},{"time":1,"name":"whip_07"}],"color":[{"time":0,"color":"e8e8e8ff","curve":"stepped"},{"time":1,"color":"e8e8e8ff"}]},"sentan":{"attachment":[{"time":0,"name":"whip_08"},{"time":1,"name":"whip_08"}],"color":[{"time":0,"color":"e8e8e8ff","curve":"stepped"},{"time":1,"color":"e8e8e8ff"}]},"water":{"attachment":[{"time":0,"name":"idle_water_00"},{"time":0.2,"name":"idle_water_01"},{"time":0.4,"name":"idle_water_02"},{"time":0.6,"name":"idle_water_03"},{"time":0.8,"name":"idle_water_04"},{"time":1,"name":null}]}},"bones":{"weapon":{"rotate":[{"time":0,"angle":1.57,"curve":"stepped"},{"time":0.2,"angle":1.57,"curve":"stepped"},{"time":0.4,"angle":1.57,"curve":"stepped"},{"time":0.6,"angle":1.57,"curve":"stepped"},{"time":0.8,"angle":0.69,"curve":"stepped"},{"time":1,"angle":1.57}],"translate":[{"time":0,"x":-91.6,"y":-23.65,"curve":"stepped"},{"time":0.2,"x":-89.42,"y":-24.05,"curve":"stepped"},{"time":0.6,"x":-91.43,"y":-25.19,"curve":"stepped"},{"time":0.8,"x":-93.58,"y":-26.36,"curve":"stepped"},{"time":1,"x":-91.2,"y":-21.26}],"scale":[{"time":0,"x":0.995,"y":1,"curve":"stepped"},{"time":1,"x":0.889,"y":0.937}]},"muti2":{"rotate":[{"time":0,"angle":18.22,"curve":"stepped"},{"time":0.2,"angle":18.22,"curve":"stepped"},{"time":0.4,"angle":18.22,"curve":"stepped"},{"time":0.6,"angle":18.22,"curve":"stepped"},{"time":0.8,"angle":18.22,"curve":"stepped"},{"time":1,"angle":18.22}],"translate":[{"time":0,"x":-5.87,"y":3.4,"curve":"stepped"},{"time":0.2,"x":-5.87,"y":3.4,"curve":"stepped"},{"time":0.4,"x":-5.87,"y":3.4,"curve":"stepped"},{"time":0.6,"x":-5.87,"y":3.4,"curve":"stepped"},{"time":0.8,"x":-5.87,"y":3.4,"curve":"stepped"},{"time":1,"x":-5.87,"y":3.4}]},"muti3":{"rotate":[{"time":0,"angle":-27.23,"curve":"stepped"},{"time":0.2,"angle":-27.23,"curve":"stepped"},{"time":0.4,"angle":-27.23,"curve":"stepped"},{"time":0.6,"angle":-27.23,"curve":"stepped"},{"time":0.8,"angle":-27.23,"curve":"stepped"},{"time":1,"angle":-27.23}],"translate":[{"time":0,"x":-1.3,"y":-3.15,"curve":"stepped"},{"time":0.2,"x":-1.3,"y":-3.15,"curve":"stepped"},{"time":0.4,"x":-1.3,"y":-3.15,"curve":"stepped"},{"time":0.6,"x":-1.3,"y":-3.15,"curve":"stepped"},{"time":0.8,"x":-1.3,"y":-3.15,"curve":"stepped"},{"time":1,"x":-1.3,"y":-3.15}]},"muti4":{"rotate":[{"time":0,"angle":-53.47,"curve":"stepped"},{"time":0.2,"angle":-52.79,"curve":"stepped"},{"time":0.4,"angle":-49.68,"curve":"stepped"},{"time":0.6,"angle":-49.68,"curve":"stepped"},{"time":0.8,"angle":-49.68,"curve":"stepped"},{"time":1,"angle":-53.47}],"translate":[{"time":0,"x":-3.9,"y":-5.1,"curve":"stepped"},{"time":0.2,"x":-3.21,"y":-5.01,"curve":"stepped"},{"time":0.4,"x":-2.52,"y":-4.92,"curve":"stepped"},{"time":0.6,"x":-2.86,"y":-4.97,"curve":"stepped"},{"time":0.8,"x":-2.86,"y":-5.02,"curve":"stepped"},{"time":1,"x":0.58,"y":-4.52}]},"muti5":{"rotate":[{"time":0,"angle":-54.28,"curve":"stepped"},{"time":0.2,"angle":-54.28,"curve":"stepped"},{"time":0.4,"angle":-54.28,"curve":"stepped"},{"time":0.6,"angle":-54.28,"curve":"stepped"},{"time":0.8,"angle":-54.28,"curve":"stepped"},{"time":1,"angle":-54.28}],"translate":[{"time":0,"x":0,"y":0,"curve":"stepped"},{"time":0.2,"x":0,"y":0,"curve":"stepped"},{"time":0.4,"x":0,"y":0,"curve":"stepped"},{"time":0.6,"x":0,"y":0,"curve":"stepped"},{"time":0.8,"x":0,"y":0,"curve":"stepped"},{"time":1,"x":0,"y":0}],"scale":[{"time":0,"x":1.001,"y":1.106,"curve":"stepped"},{"time":1,"x":1.001,"y":1.106}]},"muti6":{"rotate":[{"time":0,"angle":-22.98,"curve":"stepped"},{"time":0.2,"angle":-22.98,"curve":"stepped"},{"time":0.4,"angle":-32.2,"curve":"stepped"},{"time":0.6,"angle":-26.47,"curve":"stepped"},{"time":0.8,"angle":-20.15,"curve":"stepped"},{"time":1,"angle":-22.98}],"translate":[{"time":0,"x":0,"y":0,"curve":"stepped"},{"time":0.2,"x":0,"y":0,"curve":"stepped"},{"time":0.4,"x":0,"y":0,"curve":"stepped"},{"time":0.6,"x":0,"y":0,"curve":"stepped"},{"time":0.8,"x":0,"y":0,"curve":"stepped"},{"time":1,"x":0,"y":0}]},"muti7":{"rotate":[{"time":0,"angle":-9.38,"curve":"stepped"},{"time":0.2,"angle":-9.38,"curve":"stepped"},{"time":0.4,"angle":-11.98,"curve":"stepped"},{"time":0.6,"angle":-35.09,"curve":"stepped"},{"time":0.8,"angle":-32.43,"curve":"stepped"},{"time":1,"angle":-9.38}],"translate":[{"time":0,"x":0,"y":0,"curve":"stepped"},{"time":0.2,"x":0,"y":0,"curve":"stepped"},{"time":0.4,"x":0,"y":0,"curve":"stepped"},{"time":0.6,"x":0,"y":0,"curve":"stepped"},{"time":0.8,"x":0,"y":0,"curve":"stepped"},{"time":1,"x":0,"y":0}]},"muti8":{"rotate":[{"time":0,"angle":-32.58,"curve":"stepped"},{"time":0.2,"angle":-28.5,"curve":"stepped"},{"time":0.4,"angle":-17.56,"curve":"stepped"},{"time":0.6,"angle":-27.08,"curve":"stepped"},{"time":0.8,"angle":-24.76,"curve":"stepped"},{"time":1,"angle":-32.58}],"translate":[{"time":0,"x":0,"y":0,"curve":"stepped"},{"time":0.2,"x":0,"y":0,"curve":"stepped"},{"time":0.4,"x":0,"y":0,"curve":"stepped"},{"time":0.6,"x":0,"y":0,"curve":"stepped"},{"time":0.8,"x":0,"y":0,"curve":"stepped"},{"time":1,"x":0,"y":0}]},"muti9":{"rotate":[{"time":0,"angle":-14.14,"curve":"stepped"},{"time":0.2,"angle":-5.62,"curve":"stepped"},{"time":0.4,"angle":-3.59,"curve":"stepped"},{"time":0.6,"angle":16.47,"curve":"stepped"},{"time":0.8,"angle":-3.03,"curve":"stepped"},{"time":1,"angle":-14.14}],"translate":[{"time":0,"x":0,"y":0,"curve":"stepped"},{"time":0.2,"x":0,"y":0,"curve":"stepped"},{"time":0.4,"x":0,"y":0,"curve":"stepped"},{"time":0.6,"x":0,"y":0,"curve":"stepped"},{"time":0.8,"x":0,"y":0,"curve":"stepped"},{"time":1,"x":0,"y":0}]},"muti10":{"rotate":[{"time":0,"angle":-10.88,"curve":"stepped"},{"time":0.2,"angle":-0.91,"curve":"stepped"},{"time":0.4,"angle":1.73,"curve":"stepped"},{"time":0.6,"angle":20.87,"curve":"stepped"},{"time":0.8,"angle":-9.49,"curve":"stepped"},{"time":1,"angle":-10.88}],"translate":[{"time":0,"x":0,"y":0,"curve":"stepped"},{"time":0.2,"x":0,"y":0,"curve":"stepped"},{"time":0.4,"x":0,"y":0,"curve":"stepped"},{"time":0.6,"x":0,"y":0,"curve":"stepped"},{"time":0.8,"x":0,"y":0,"curve":"stepped"},{"time":1,"x":0,"y":0}]},"muti11":{"rotate":[{"time":0,"angle":15.73,"curve":"stepped"},{"time":0.2,"angle":-9.54,"curve":"stepped"},{"time":0.4,"angle":-7.7,"curve":"stepped"},{"time":0.6,"angle":14.06,"curve":"stepped"},{"time":0.8,"angle":42.78,"curve":"stepped"},{"time":1,"angle":15.73}],"translate":[{"time":0,"x":-1.02,"y":0.35,"curve":"stepped"},{"time":0.2,"x":-1.02,"y":0.35,"curve":"stepped"},{"time":0.4,"x":-1.02,"y":0.35,"curve":"stepped"},{"time":0.6,"x":-1.02,"y":0.35,"curve":"stepped"},{"time":0.8,"x":-1.02,"y":0.35,"curve":"stepped"},{"time":1,"x":-1.02,"y":0.35}]},"sentan":{"rotate":[{"time":0,"angle":-341.6,"curve":"stepped"},{"time":0.2,"angle":-22.53,"curve":"stepped"},{"time":0.4,"angle":-12.07,"curve":"stepped"},{"time":0.6,"angle":-27.19,"curve":"stepped"},{"time":0.8,"angle":-348.85,"curve":"stepped"},{"time":1,"angle":-341.6}],"translate":[{"time":0,"x":-2.34,"y":-1.88,"curve":"stepped"},{"time":0.2,"x":-1.87,"y":-0.62,"curve":"stepped"},{"time":0.4,"x":-1.87,"y":-0.62,"curve":"stepped"},{"time":0.6,"x":-1.87,"y":-0.62,"curve":"stepped"},{"time":0.8,"x":-1.87,"y":-0.62,"curve":"stepped"},{"time":1,"x":-2.34,"y":-1.88}]}},"drawOrder":[{"time":0,"offsets":[{"slot":"muti7","offset":-8},{"slot":"muti6","offset":-8},{"slot":"muti5","offset":-8},{"slot":"muti4","offset":-8},{"slot":"muti3","offset":-8},{"slot":"muti2","offset":-8},{"slot":"muti","offset":-8}]}]},"skill1":{"slots":{"EF/610_S1_wave1/610_S1_wave1_00000":{"attachment":[{"time":0.1333,"name":"EF/610_S1_wave1/610_S1_wave1_00000"},{"time":0.1666,"name":"EF/610_S1_wave1/610_S1_wave1_00001"},{"time":0.2,"name":"EF/610_S1_wave1/610_S1_wave1_00003"},{"time":0.2333,"name":"EF/610_S1_wave1/610_S1_wave1_00005"},{"time":0.2666,"name":"EF/610_S1_wave1/610_S1_wave1_00007"},{"time":0.3,"name":"EF/610_S1_wave1/610_S1_wave1_00009"},{"time":0.3333,"name":"EF/610_S1_wave1/610_S1_wave1_00009"},{"time":0.3666,"name":"EF/610_S1_wave1/610_S1_wave1_00010"},{"time":0.4,"name":"EF/610_S1_wave1/610_S1_wave1_00000"},{"time":0.4333,"name":"EF/610_S1_wave1/610_S1_wave1_00001"},{"time":0.4666,"name":"EF/610_S1_wave1/610_S1_wave1_00003"},{"time":0.5,"name":"EF/610_S1_wave1/610_S1_wave1_00005"},{"time":0.5333,"name":"EF/610_S1_wave1/610_S1_wave1_00007"},{"time":0.5666,"name":"EF/610_S1_wave1/610_S1_wave1_00009"},{"time":0.6,"name":"EF/610_S1_wave1/610_S1_wave1_00009"},{"time":0.6333,"name":"EF/610_S1_wave1/610_S1_wave1_00010"},{"time":0.6666,"name":null}]},"body":{"attachment":[{"time":0,"name":"skill2_00"},{"time":0.1333,"name":"skill2_01"},{"time":0.2333,"name":"skill2_02"},{"time":0.3666,"name":"skill2_03"},{"time":0.4333,"name":"skill2_04"},{"time":0.5,"name":"skill2_05"},{"time":0.6,"name":"skill2_06"},{"time":0.7333,"name":"skill2_07"},{"time":0.8666,"name":"idle_00"}]},"muti":{"attachment":[{"time":0,"name":"whip_00"},{"time":0.6,"name":"whip_01"},{"time":0.8666,"name":"whip_06"}],"color":[{"time":0,"color":"e8e8e8ff","curve":"stepped"},{"time":0.8666,"color":"e8e8e8ff"}]},"muti2":{"attachment":[{"time":0,"name":"whip_00"},{"time":0.3666,"name":"whip_03"},{"time":0.8666,"name":"whip_01"}],"color":[{"time":0,"color":"e8e8e8ff","curve":"stepped"},{"time":0.8666,"color":"e8e8e8ff"}]},"muti3":{"attachment":[{"time":0,"name":"whip_00"},{"time":0.3666,"name":"whip_01"},{"time":0.8666,"name":"whip_01"}],"color":[{"time":0,"color":"e8e8e8ff","curve":"stepped"},{"time":0.8666,"color":"e8e8e8ff"}]},"muti4":{"attachment":[{"time":0,"name":"whip_00"},{"time":0.2333,"name":"whip_01"},{"time":0.3666,"name":"whip_00"},{"time":0.6,"name":"whip_01"},{"time":0.8666,"name":"whip_01"}],"color":[{"time":0,"color":"e8e8e8ff","curve":"stepped"},{"time":0.8666,"color":"e8e8e8ff"}]},"muti5":{"attachment":[{"time":0,"name":"whip_01"},{"time":0.3666,"name":"whip_00"},{"time":0.6,"name":"whip_01"},{"time":0.8666,"name":"whip_07"}],"color":[{"time":0,"color":"e8e8e8ff","curve":"stepped"},{"time":0.8666,"color":"e8e8e8ff"}]},"muti6":{"attachment":[{"time":0,"name":"whip_01"},{"time":0.2333,"name":"whip_02"},{"time":0.3666,"name":"whip_01"},{"time":0.8666,"name":"whip_07"}],"color":[{"time":0,"color":"e8e8e8ff","curve":"stepped"},{"time":0.8666,"color":"e8e8e8ff"}]},"muti7":{"attachment":[{"time":0,"name":"whip_01"},{"time":0.2333,"name":"whip_02"},{"time":0.3666,"name":"whip_01"},{"time":0.8666,"name":"whip_07"}],"color":[{"time":0,"color":"e8e8e8ff","curve":"stepped"},{"time":0.8666,"color":"e8e8e8ff"}]},"muti8":{"attachment":[{"time":0,"name":"whip_01"},{"time":0.3666,"name":"whip_01"},{"time":0.8666,"name":"whip_07"}],"color":[{"time":0,"color":"e8e8e8ff","curve":"stepped"},{"time":0.8666,"color":"e8e8e8ff"}]},"muti9":{"attachment":[{"time":0,"name":"whip_01"},{"time":0.3666,"name":"whip_01"},{"time":0.7333,"name":null},{"time":0.8666,"name":"whip_07"}],"color":[{"time":0,"color":"e8e8e8ff","curve":"stepped"},{"time":0.8666,"color":"e8e8e8ff"}]},"muti10":{"attachment":[{"time":0,"name":null},{"time":0.1333,"name":null},{"time":0.3666,"name":"whip_01"},{"time":0.7333,"name":null},{"time":0.8666,"name":"whip_07"}],"color":[{"time":0,"color":"e8e8e8ff","curve":"stepped"},{"time":0.8666,"color":"e8e8e8ff"}]},"muti11":{"attachment":[{"time":0,"name":null},{"time":0.1333,"name":null},{"time":0.3666,"name":"whip_01"},{"time":0.7333,"name":null},{"time":0.8666,"name":"whip_07"}],"color":[{"time":0,"color":"e8e8e8ff","curve":"stepped"},{"time":0.8666,"color":"e8e8e8ff"}]},"sentan":{"attachment":[{"time":0,"name":"whip_10"},{"time":0.3666,"name":"whip_10"},{"time":0.5,"name":"whip_10"},{"time":0.7333,"name":"whip_09"},{"time":0.8666,"name":"whip_08"}],"color":[{"time":0,"color":"e8e8e8ff","curve":"stepped"},{"time":0.8666,"color":"e8e8e8ff"}]},"water":{"attachment":[{"time":0,"name":null},{"time":0.8666,"name":"idle_water_00"}]},"water_back":{"attachment":[{"time":0,"name":"skill2_water_back_00"},{"time":0.1333,"name":"skill2_water_back_01"},{"time":0.2333,"name":"skill2_water_back_02"},{"time":0.3666,"name":"skill2_water_back_03"},{"time":0.4333,"name":"skill2_water_back_04"},{"time":0.5,"name":"skill2_water_back_05"},{"time":0.6,"name":"skill2_water_back_06"},{"time":0.7333,"name":"skill2_water_back_07"}]},"water_table":{"attachment":[{"time":0,"name":"skill2_water_table_00"},{"time":0.1333,"name":"skill2_water_table_01"},{"time":0.2333,"name":"skill2_water_table_02"},{"time":0.3666,"name":"skill2_water_table_03"},{"time":0.4333,"name":"skill2_water_table_04"},{"time":0.5,"name":"skill2_water_table_05"},{"time":0.6,"name":"skill2_water_table_06"},{"time":0.7333,"name":null}]}},"bones":{"weapon":{"rotate":[{"time":0,"angle":35.16,"curve":"stepped"},{"time":0.1333,"angle":-14.17,"curve":"stepped"},{"time":0.2333,"angle":30.93,"curve":"stepped"},{"time":0.3666,"angle":153.49,"curve":"stepped"},{"time":0.4333,"angle":-169.07,"curve":"stepped"},{"time":0.5,"angle":53.22,"curve":"stepped"},{"time":0.6,"angle":-39.3,"curve":"stepped"},{"time":0.7333,"angle":-15.51,"curve":"stepped"},{"time":0.8666,"angle":1.57}],"translate":[{"time":0,"x":-158.3,"y":-13.87,"curve":"stepped"},{"time":0.1333,"x":-64.5,"y":15.21,"curve":"stepped"},{"time":0.2333,"x":-68.96,"y":16.83,"curve":"stepped"},{"time":0.3666,"x":-135.35,"y":36.81,"curve":"stepped"},{"time":0.4333,"x":-121.06,"y":39.68,"curve":"stepped"},{"time":0.5,"x":-61.85,"y":27.82,"curve":"stepped"},{"time":0.6,"x":-70.69,"y":-30.13,"curve":"stepped"},{"time":0.7333,"x":-69.43,"y":-30.63,"curve":"stepped"},{"time":0.8666,"x":-91.2,"y":-21.26}],"scale":[{"time":0,"x":1.006,"y":0.925,"curve":"stepped"},{"time":0.1333,"x":0.872,"y":0.765,"curve":"stepped"},{"time":0.2333,"x":1,"y":1,"curve":"stepped"},{"time":0.5,"x":1,"y":-1,"curve":"stepped"},{"time":0.6,"x":1,"y":1,"curve":"stepped"},{"time":0.8666,"x":0.889,"y":0.937}]},"muti2":{"rotate":[{"time":0,"angle":-3.21,"curve":"stepped"},{"time":0.1333,"angle":-43.86,"curve":"stepped"},{"time":0.2333,"angle":22.46,"curve":"stepped"},{"time":0.3666,"angle":-21.68,"curve":"stepped"},{"time":0.4333,"angle":-6.2,"curve":"stepped"},{"time":0.6,"angle":-52.17,"curve":"stepped"},{"time":0.7333,"angle":-6.05,"curve":"stepped"},{"time":0.8666,"angle":18.22}],"translate":[{"time":0,"x":-3.51,"y":0.13,"curve":"stepped"},{"time":0.1333,"x":-6.39,"y":-2.22,"curve":"stepped"},{"time":0.2333,"x":-3.01,"y":-0.5,"curve":"stepped"},{"time":0.3666,"x":-2.56,"y":4.02,"curve":"stepped"},{"time":0.4333,"x":-3.23,"y":1.95,"curve":"stepped"},{"time":0.8666,"x":-5.87,"y":3.4}],"scale":[{"time":0.3666,"x":0.938,"y":0.938}]},"muti3":{"rotate":[{"time":0,"angle":-6.76,"curve":"stepped"},{"time":0.1333,"angle":-45.34,"curve":"stepped"},{"time":0.2333,"angle":-14.4,"curve":"stepped"},{"time":0.3666,"angle":-47.33,"curve":"stepped"},{"time":0.4333,"angle":-14.19,"curve":"stepped"},{"time":0.5,"angle":-30.6,"curve":"stepped"},{"time":0.6,"angle":-36.68,"curve":"stepped"},{"time":0.7333,"angle":-25.83,"curve":"stepped"},{"time":0.8666,"angle":-27.23}],"translate":[{"time":0,"x":-1.3,"y":-3.15,"curve":"stepped"},{"time":0.1333,"x":-5.29,"y":0.65,"curve":"stepped"},{"time":0.3666,"x":-5.54,"y":2.25,"curve":"stepped"},{"time":0.4333,"x":-4.28,"y":-0.85,"curve":"stepped"},{"time":0.5,"x":-3.98,"y":1.03,"curve":"stepped"},{"time":0.8666,"x":-1.3,"y":-3.15}]},"muti4":{"rotate":[{"time":0,"angle":-13.38,"curve":"stepped"},{"time":0.1333,"angle":-23.04,"curve":"stepped"},{"time":0.2333,"angle":-33.72,"curve":"stepped"},{"time":0.3666,"angle":-45.09,"curve":"stepped"},{"time":0.4333,"angle":-9.19,"curve":"stepped"},{"time":0.5,"angle":-39.11,"curve":"stepped"},{"time":0.6,"angle":-38.5,"curve":"stepped"},{"time":0.7333,"angle":-46.11,"curve":"stepped"},{"time":0.8666,"angle":-53.47}],"translate":[{"time":0,"x":-2.76,"y":-3.71,"curve":"stepped"},{"time":0.2333,"x":-1.16,"y":4.41,"curve":"stepped"},{"time":0.3666,"x":-2.85,"y":-1,"curve":"stepped"},{"time":0.4333,"x":-0.29,"y":-0.2,"curve":"stepped"},{"time":0.8666,"x":0.58,"y":-4.52}],"scale":[{"time":0.4333,"x":0.876,"y":0.876,"curve":"stepped"},{"time":0.5,"x":0.997,"y":0.997}]},"muti5":{"rotate":[{"time":0,"angle":-55.16,"curve":"stepped"},{"time":0.1333,"angle":-7.71,"curve":"stepped"},{"time":0.2333,"angle":-22,"curve":"stepped"},{"time":0.3666,"angle":-19.7,"curve":"stepped"},{"time":0.4333,"angle":-33.9,"curve":"stepped"},{"time":0.5,"angle":-34.32,"curve":"stepped"},{"time":0.6,"angle":-11.7,"curve":"stepped"},{"time":0.7333,"angle":-62.75,"curve":"stepped"},{"time":0.8666,"angle":-54.28}],"translate":[{"time":0,"x":-1.47,"y":1.98,"curve":"stepped"},{"time":0.3666,"x":-1.93,"y":-1.11,"curve":"stepped"},{"time":0.4333,"x":-5.7,"y":1.51,"curve":"stepped"},{"time":0.5,"x":-6.17,"y":2.29,"curve":"stepped"},{"time":0.6,"x":-1.9,"y":-0.69,"curve":"stepped"},{"time":0.8666,"x":0,"y":0}],"scale":[{"time":0,"x":1.001,"y":1.106,"curve":"stepped"},{"time":0.4333,"x":1.112,"y":1.112,"curve":"stepped"},{"time":0.8666,"x":1.001,"y":1.106}]},"muti6":{"rotate":[{"time":0,"angle":-36.42,"curve":"stepped"},{"time":0.1333,"angle":-5.78,"curve":"stepped"},{"time":0.2333,"angle":-27.32,"curve":"stepped"},{"time":0.3666,"angle":-15.23,"curve":"stepped"},{"time":0.4333,"angle":-86.94,"curve":"stepped"},{"time":0.5,"angle":-33.12,"curve":"stepped"},{"time":0.6,"angle":-13.7,"curve":"stepped"},{"time":0.7333,"angle":-26.32,"curve":"stepped"},{"time":0.8666,"angle":-22.98}],"translate":[{"time":0,"x":-1.27,"y":1.84,"curve":"stepped"},{"time":0.2333,"x":-1.5,"y":0.41,"curve":"stepped"},{"time":0.3666,"x":0.19,"y":-0.16,"curve":"stepped"},{"time":0.4333,"x":-1.6,"y":8.01,"curve":"stepped"},{"time":0.5,"x":-7.1,"y":3.84,"curve":"stepped"},{"time":0.8666,"x":0,"y":0}],"scale":[{"time":0,"x":1.027,"y":1.027,"curve":"stepped"},{"time":0.4333,"x":0.933,"y":0.933}]},"muti7":{"rotate":[{"time":0,"angle":-30.03,"curve":"stepped"},{"time":0.1333,"angle":-9.79,"curve":"stepped"},{"time":0.2333,"angle":-29.65,"curve":"stepped"},{"time":0.3666,"angle":-4.54,"curve":"stepped"},{"time":0.4333,"angle":-39.38,"curve":"stepped"},{"time":0.5,"angle":-6.01,"curve":"stepped"},{"time":0.7333,"angle":-1.33,"curve":"stepped"},{"time":0.8666,"angle":-9.38}],"translate":[{"time":0,"x":-0.01,"y":0.86,"curve":"stepped"},{"time":0.2333,"x":-3.1,"y":-1.19,"curve":"stepped"},{"time":0.3666,"x":-0.8,"y":-0.05,"curve":"stepped"},{"time":0.8666,"x":0,"y":0}],"scale":[{"time":0,"x":1.044,"y":1.044}]},"muti8":{"rotate":[{"time":0,"angle":-31.45,"curve":"stepped"},{"time":0.1333,"angle":-3.83,"curve":"stepped"},{"time":0.2333,"angle":-31.65,"curve":"stepped"},{"time":0.3666,"angle":-12.93,"curve":"stepped"},{"time":0.4333,"angle":-10.39,"curve":"stepped"},{"time":0.5,"angle":-8.62,"curve":"stepped"},{"time":0.6,"angle":-11.18,"curve":"stepped"},{"time":0.7333,"angle":-11.72,"curve":"stepped"},{"time":0.8666,"angle":-32.58}],"translate":[{"time":0,"x":0,"y":0,"curve":"stepped"},{"time":0.3666,"x":-1.5,"y":1.23,"curve":"stepped"},{"time":0.4333,"x":0,"y":0.58,"curve":"stepped"},{"time":0.6,"x":-0.08,"y":0.9,"curve":"stepped"},{"time":0.8666,"x":0,"y":0}]},"muti9":{"rotate":[{"time":0,"angle":-20.61,"curve":"stepped"},{"time":0.1333,"angle":-11.81,"curve":"stepped"},{"time":0.2333,"angle":-33.47,"curve":"stepped"},{"time":0.3666,"angle":-6.55,"curve":"stepped"},{"time":0.4333,"angle":1.32,"curve":"stepped"},{"time":0.5,"angle":0.43,"curve":"stepped"},{"time":0.6,"angle":-10.32,"curve":"stepped"},{"time":0.7333,"angle":16.3,"curve":"stepped"},{"time":0.8666,"angle":-14.14}],"translate":[{"time":0,"x":0,"y":0,"curve":"stepped"},{"time":0.3666,"x":-1.23,"y":0.22,"curve":"stepped"},{"time":0.4333,"x":0.23,"y":0.03,"curve":"stepped"},{"time":0.7333,"x":-61.74,"y":-3.86,"curve":"stepped"},{"time":0.8666,"x":0,"y":0}]},"muti10":{"rotate":[{"time":0,"angle":37.35,"curve":"stepped"},{"time":0.1333,"angle":8.79,"curve":"stepped"},{"time":0.3666,"angle":11.6,"curve":"stepped"},{"time":0.4333,"angle":11.71,"curve":"stepped"},{"time":0.5,"angle":18.17,"curve":"stepped"},{"time":0.6,"angle":-10.07,"curve":"stepped"},{"time":0.7333,"angle":-9.91,"curve":"stepped"},{"time":0.8666,"angle":-10.88}],"translate":[{"time":0,"x":-39.7,"y":-16.35,"curve":"stepped"},{"time":0.1333,"x":-42.43,"y":-4.26,"curve":"stepped"},{"time":0.3666,"x":-2.24,"y":0.04,"curve":"stepped"},{"time":0.4333,"x":-1.95,"y":1.17,"curve":"stepped"},{"time":0.8666,"x":0,"y":0}]},"muti11":{"rotate":[{"time":0,"angle":-33.98,"curve":"stepped"},{"time":0.1333,"angle":-11.7,"curve":"stepped"},{"time":0.3666,"angle":-6.21,"curve":"stepped"},{"time":0.4333,"angle":3.42,"curve":"stepped"},{"time":0.5,"angle":20.29,"curve":"stepped"},{"time":0.6,"angle":-20.87,"curve":"stepped"},{"time":0.8666,"angle":15.73}],"translate":[{"time":0,"x":-1.02,"y":0.35,"curve":"stepped"},{"time":0.3666,"x":-0.42,"y":-0.18,"curve":"stepped"},{"time":0.8666,"x":-1.02,"y":0.35}]},"sentan":{"rotate":[{"time":0,"angle":-341.6,"curve":"stepped"},{"time":0.1333,"angle":-337.71,"curve":"stepped"},{"time":0.2333,"angle":-4.8,"curve":"stepped"},{"time":0.3666,"angle":-343.87,"curve":"stepped"},{"time":0.5,"angle":-344.39,"curve":"stepped"},{"time":0.6,"angle":-5.37,"curve":"stepped"},{"time":0.7333,"angle":-351.57,"curve":"stepped"},{"time":0.8666,"angle":-341.6}],"translate":[{"time":0,"x":-2.34,"y":-1.88,"curve":"stepped"},{"time":0.3666,"x":0.13,"y":-1.89,"curve":"stepped"},{"time":0.5,"x":-0.29,"y":-0.18,"curve":"stepped"},{"time":0.7333,"x":-1.15,"y":-2.23,"curve":"stepped"},{"time":0.8666,"x":-2.34,"y":-1.88}],"scale":[{"time":0.3666,"x":1,"y":-1,"curve":"stepped"},{"time":0.5,"x":1,"y":1}]},"S1_wave1":{"translate":[{"time":0.1333,"x":-306.63,"y":0}],"scale":[{"time":0.1333,"x":2.5,"y":2.5}]}},"drawOrder":[{"time":0,"offsets":[{"slot":"muti3","offset":-12},{"slot":"muti2","offset":-12},{"slot":"muti","offset":-12}]},{"time":0.1333,"offsets":[{"slot":"muti3","offset":-7},{"slot":"muti2","offset":-7},{"slot":"muti","offset":-7},{"slot":"EF/610_S1_wave1/610_S1_wave1_00000","offset":-17}]}],"events":[{"time":0.1,"name":"Sound1","string":"cri_se_battle_sword_swish_heavy"},{"time":0.1,"name":"Sound2","string":"cri_se_battle_arrow_light_effect"},{"time":0.1,"name":"Voice","string":"cri_134_voice_skill_all"},{"time":0.3666,"name":"Sound1","string":"cri_se_battle_skill_shot"},{"time":0.3666,"name":"Sound3","string":"cri_se_battle_bell_tree_04"},{"time":0.4666,"name":"Sound1","string":"cri_se_battle_skill_shot"},{"time":0.5666,"name":"Sound1","string":"cri_se_battle_skill_shot"},{"time":0.6,"name":"Event","string":"runSkillEffect"},{"time":1.1,"name":"Event"}]},"skill2":{"slots":{"EF/610_S1_wave1/610_S1_wave1_00000":{"attachment":[{"time":0.4666,"name":"EF/610_S1_wave1/610_S1_wave1_00000"},{"time":0.5,"name":"EF/610_S1_wave1/610_S1_wave1_00001"},{"time":0.5333,"name":"EF/610_S1_wave1/610_S1_wave1_00003"},{"time":0.5666,"name":"EF/610_S1_wave1/610_S1_wave1_00005"},{"time":0.6,"name":"EF/610_S1_wave1/610_S1_wave1_00007"},{"time":0.6333,"name":"EF/610_S1_wave1/610_S1_wave1_00009"},{"time":0.6666,"name":"EF/610_S1_wave1/610_S1_wave1_00009"},{"time":0.7,"name":"EF/610_S1_wave1/610_S1_wave1_00010"},{"time":0.7333,"name":"EF/610_S1_wave1/610_S1_wave1_00000"},{"time":0.7666,"name":"EF/610_S1_wave1/610_S1_wave1_00001"},{"time":0.8,"name":"EF/610_S1_wave1/610_S1_wave1_00003"},{"time":0.8333,"name":"EF/610_S1_wave1/610_S1_wave1_00005"},{"time":0.8666,"name":"EF/610_S1_wave1/610_S1_wave1_00007"},{"time":0.9,"name":"EF/610_S1_wave1/610_S1_wave1_00009"},{"time":0.9333,"name":"EF/610_S1_wave1/610_S1_wave1_00009"},{"time":0.9666,"name":"EF/610_S1_wave1/610_S1_wave1_00010"},{"time":1,"name":"EF/610_S1_wave1/610_S1_wave1_00000"},{"time":1.0333,"name":"EF/610_S1_wave1/610_S1_wave1_00001"},{"time":1.0666,"name":"EF/610_S1_wave1/610_S1_wave1_00003"},{"time":1.1,"name":"EF/610_S1_wave1/610_S1_wave1_00005"},{"time":1.1333,"name":"EF/610_S1_wave1/610_S1_wave1_00007"},{"time":1.1666,"name":"EF/610_S1_wave1/610_S1_wave1_00009"},{"time":1.2,"name":"EF/610_S1_wave1/610_S1_wave1_00009"},{"time":1.2333,"name":"EF/610_S1_wave1/610_S1_wave1_00010"},{"time":1.2666,"name":null}]},"EF/skill2_EF/skill2_EF_00":{"attachment":[{"time":0.6666,"name":"EF/skill2_EF/skill2_EF_00"},{"time":0.7666,"name":"EF/skill2_EF/skill2_EF_01"},{"time":0.8666,"name":"EF/skill2_EF/skill2_EF_02"},{"time":0.9666,"name":"EF/skill2_EF/skill2_EF_03"},{"time":1.0666,"name":null}]},"body":{"attachment":[{"time":0,"name":"idle_00"},{"time":0.1666,"name":"skill2_00"},{"time":0.4666,"name":"skill2_01"},{"time":0.5666,"name":"skill2_02"},{"time":0.6666,"name":"skill2_03"},{"time":0.7333,"name":"skill2_04"},{"time":0.8,"name":"skill2_05"},{"time":0.8666,"name":"skill2_03"},{"time":0.9333,"name":"skill2_04"},{"time":1,"name":"skill2_05"},{"time":1.1,"name":"skill2_06"},{"time":1.2333,"name":"skill2_07"},{"time":1.3333,"name":"idle_00"}]},"muti":{"attachment":[{"time":0,"name":"whip_06"},{"time":0.1666,"name":"whip_00"},{"time":1.1,"name":"whip_01"},{"time":1.3333,"name":"whip_06"}],"color":[{"time":0,"color":"e8e8e8ff","curve":"stepped"},{"time":1.3333,"color":"e8e8e8ff"}]},"muti2":{"attachment":[{"time":0,"name":"whip_01"},{"time":0.1666,"name":"whip_00"},{"time":0.6666,"name":"whip_03"},{"time":0.8666,"name":"whip_03"},{"time":1.3333,"name":"whip_01"}],"color":[{"time":0,"color":"e8e8e8ff","curve":"stepped"},{"time":1.3333,"color":"e8e8e8ff"}]},"muti3":{"attachment":[{"time":0,"name":"whip_01"},{"time":0.1666,"name":"whip_00"},{"time":0.6666,"name":"whip_01"},{"time":0.8666,"name":"whip_01"},{"time":1.3333,"name":"whip_01"}],"color":[{"time":0,"color":"e8e8e8ff","curve":"stepped"},{"time":1.3333,"color":"e8e8e8ff"}]},"muti4":{"attachment":[{"time":0,"name":"whip_01"},{"time":0.1666,"name":"whip_00"},{"time":0.5666,"name":"whip_01"},{"time":0.6666,"name":"whip_00"},{"time":0.8666,"name":"whip_00"},{"time":1.1,"name":"whip_01"},{"time":1.3333,"name":"whip_01"}],"color":[{"time":0,"color":"e8e8e8ff","curve":"stepped"},{"time":1.3333,"color":"e8e8e8ff"}]},"muti5":{"attachment":[{"time":0,"name":"whip_07"},{"time":0.1666,"name":"whip_01"},{"time":0.6666,"name":"whip_00"},{"time":0.8666,"name":"whip_00"},{"time":1.1,"name":"whip_01"},{"time":1.3333,"name":"whip_07"}],"color":[{"time":0,"color":"e8e8e8ff","curve":"stepped"},{"time":1.3333,"color":"e8e8e8ff"}]},"muti6":{"attachment":[{"time":0,"name":"whip_07"},{"time":0.1666,"name":"whip_01"},{"time":0.5666,"name":"whip_02"},{"time":0.6666,"name":"whip_01"},{"time":0.8666,"name":"whip_01"},{"time":1.3333,"name":"whip_07"}],"color":[{"time":0,"color":"e8e8e8ff","curve":"stepped"},{"time":1.3333,"color":"e8e8e8ff"}]},"muti7":{"attachment":[{"time":0,"name":"whip_07"},{"time":0.1666,"name":"whip_01"},{"time":0.5666,"name":"whip_02"},{"time":0.6666,"name":"whip_01"},{"time":0.8666,"name":"whip_01"},{"time":1.3333,"name":"whip_07"}],"color":[{"time":0,"color":"e8e8e8ff","curve":"stepped"},{"time":1.3333,"color":"e8e8e8ff"}]},"muti8":{"attachment":[{"time":0,"name":"whip_07"},{"time":0.1666,"name":"whip_01"},{"time":0.6666,"name":"whip_01"},{"time":0.8666,"name":"whip_01"},{"time":1.3333,"name":"whip_07"}],"color":[{"time":0,"color":"e8e8e8ff","curve":"stepped"},{"time":1.3333,"color":"e8e8e8ff"}]},"muti9":{"attachment":[{"time":0,"name":"whip_07"},{"time":0.1666,"name":"whip_01"},{"time":0.6666,"name":"whip_01"},{"time":0.8666,"name":"whip_01"},{"time":1.3333,"name":"whip_07"}],"color":[{"time":0,"color":"e8e8e8ff","curve":"stepped"},{"time":1.3333,"color":"e8e8e8ff"}]},"muti10":{"attachment":[{"time":0,"name":"whip_07"},{"time":0.1666,"name":null},{"time":0.4666,"name":null},{"time":0.6666,"name":"whip_01"},{"time":0.8666,"name":"whip_01"},{"time":1.3333,"name":"whip_07"}],"color":[{"time":0,"color":"e8e8e8ff","curve":"stepped"},{"time":1.3333,"color":"e8e8e8ff"}]},"muti11":{"attachment":[{"time":0,"name":"whip_07"},{"time":0.1666,"name":null},{"time":0.4666,"name":null},{"time":0.6666,"name":"whip_01"},{"time":0.8666,"name":"whip_01"},{"time":1.3333,"name":"whip_07"}],"color":[{"time":0,"color":"e8e8e8ff","curve":"stepped"},{"time":1.3333,"color":"e8e8e8ff"}]},"sentan":{"attachment":[{"time":0,"name":"whip_08"},{"time":0.1666,"name":"whip_10"},{"time":0.6666,"name":"whip_10"},{"time":0.8,"name":"whip_10"},{"time":0.8666,"name":"whip_10"},{"time":1,"name":"whip_10"},{"time":1.2333,"name":"whip_10"},{"time":1.3333,"name":"whip_08"}],"color":[{"time":0,"color":"e8e8e8ff","curve":"stepped"},{"time":1.3333,"color":"e8e8e8ff"}]},"water":{"attachment":[{"time":0,"name":"idle_water_00"},{"time":0.1666,"name":null},{"time":1.3333,"name":"idle_water_00"}]},"water_back":{"attachment":[{"time":0.1666,"name":"skill2_water_back_00"},{"time":0.4666,"name":"skill2_water_back_01"},{"time":0.5666,"name":"skill2_water_back_02"},{"time":0.6666,"name":"skill2_water_back_03"},{"time":0.7333,"name":"skill2_water_back_04"},{"time":0.8,"name":"skill2_water_back_05"},{"time":0.8666,"name":"skill2_water_back_03"},{"time":0.9333,"name":"skill2_water_back_04"},{"time":1,"name":"skill2_water_back_05"},{"time":1.1,"name":"skill2_water_back_06"},{"time":1.2333,"name":"skill2_water_back_07"},{"time":1.3333,"name":null}]},"water_table":{"attachment":[{"time":0.1666,"name":"skill2_water_table_00"},{"time":0.4666,"name":"skill2_water_table_01"},{"time":0.5666,"name":"skill2_water_table_02"},{"time":0.6666,"name":"skill2_water_table_03"},{"time":0.7333,"name":"skill2_water_table_04"},{"time":0.8,"name":"skill2_water_table_05"},{"time":0.8666,"name":"skill2_water_table_03"},{"time":0.9333,"name":"skill2_water_table_04"},{"time":1,"name":"skill2_water_table_05"},{"time":1.1,"name":"skill2_water_table_06"},{"time":1.2333,"name":null},{"time":1.3333,"name":null}]}},"bones":{"skill_2_EF":{"translate":[{"time":0.6666,"x":0,"y":48.87},{"time":1.0666,"x":0,"y":73.13}],"scale":[{"time":0.6666,"x":1.2,"y":1.2}]},"weapon":{"rotate":[{"time":0,"angle":1.57,"curve":"stepped"},{"time":0.1666,"angle":12.08,"curve":"stepped"},{"time":0.4666,"angle":-16.51,"curve":"stepped"},{"time":0.5666,"angle":27.41,"curve":"stepped"},{"time":0.6666,"angle":132.9,"curve":"stepped"},{"time":0.7333,"angle":-179.81,"curve":"stepped"},{"time":0.8,"angle":53.22,"curve":"stepped"},{"time":0.8666,"angle":132.9,"curve":"stepped"},{"time":0.9333,"angle":-179.81,"curve":"stepped"},{"time":1,"angle":53.22,"curve":"stepped"},{"time":1.1,"angle":-32.8,"curve":"stepped"},{"time":1.2333,"angle":-23.77,"curve":"stepped"},{"time":1.3333,"angle":1.57}],"translate":[{"time":0,"x":-91.6,"y":-23.65,"curve":"stepped"},{"time":0.1666,"x":-157.92,"y":-8.56,"curve":"stepped"},{"time":0.4666,"x":-63.97,"y":12.63,"curve":"stepped"},{"time":0.5666,"x":-67.88,"y":17.38,"curve":"stepped"},{"time":0.6666,"x":-133.81,"y":38.35,"curve":"stepped"},{"time":0.7333,"x":-122.61,"y":44.71,"curve":"stepped"},{"time":0.8,"x":-64.95,"y":31.69,"curve":"stepped"},{"time":0.8666,"x":-133.81,"y":38.35,"curve":"stepped"},{"time":0.9333,"x":-122.61,"y":44.71,"curve":"stepped"},{"time":1,"x":-64.95,"y":31.69,"curve":"stepped"},{"time":1.1,"x":-71.08,"y":-30.52,"curve":"stepped"},{"time":1.2333,"x":-71.08,"y":-27.03,"curve":"stepped"},{"time":1.3333,"x":-91.6,"y":-23.65}],"scale":[{"time":0,"x":0.995,"y":1,"curve":"stepped"},{"time":0.1666,"x":0.986,"y":0.906,"curve":"stepped"},{"time":0.4666,"x":0.979,"y":0.859,"curve":"stepped"},{"time":0.5666,"x":1,"y":1,"curve":"stepped"},{"time":0.8,"x":1,"y":-1,"curve":"stepped"},{"time":0.8666,"x":1,"y":1,"curve":"stepped"},{"time":1,"x":1,"y":-1,"curve":"stepped"},{"time":1.1,"x":1,"y":1,"curve":"stepped"},{"time":1.2333,"x":0.962,"y":0.962,"curve":"stepped"},{"time":1.3333,"x":0.995,"y":1}]},"muti2":{"rotate":[{"time":0,"angle":18.22,"curve":"stepped"},{"time":0.1666,"angle":20.53,"curve":"stepped"},{"time":0.4666,"angle":-57.12,"curve":"stepped"},{"time":0.5666,"angle":23.34,"curve":"stepped"},{"time":0.6666,"angle":5.23,"curve":"stepped"},{"time":0.7333,"angle":-6.2,"curve":"stepped"},{"time":0.8666,"angle":5.23,"curve":"stepped"},{"time":0.9333,"angle":-6.2,"curve":"stepped"},{"time":1.1,"angle":-52.17,"curve":"stepped"},{"time":1.2333,"angle":3.54,"curve":"stepped"},{"time":1.3333,"angle":18.22}],"translate":[{"time":0,"x":-5.87,"y":3.4,"curve":"stepped"},{"time":0.1666,"x":-3.51,"y":0.13,"curve":"stepped"},{"time":0.4666,"x":-5.73,"y":-1.57,"curve":"stepped"},{"time":0.5666,"x":-3.01,"y":-0.5,"curve":"stepped"},{"time":0.6666,"x":-5.17,"y":8.03,"curve":"stepped"},{"time":0.7333,"x":-3.23,"y":1.95,"curve":"stepped"},{"time":0.8666,"x":-5.17,"y":8.03,"curve":"stepped"},{"time":0.9333,"x":-3.23,"y":1.95,"curve":"stepped"},{"time":1.3333,"x":-5.87,"y":3.4}],"scale":[{"time":0,"x":1,"y":1,"curve":"stepped"},{"time":0.6666,"x":0.938,"y":0.938,"curve":"stepped"},{"time":0.8666,"x":0.938,"y":0.938,"curve":"stepped"},{"time":1.3333,"x":1,"y":1}]},"muti10":{"rotate":[{"time":0,"angle":-10.88,"curve":"stepped"},{"time":0.1666,"angle":37.35,"curve":"stepped"},{"time":0.4666,"angle":8.79,"curve":"stepped"},{"time":0.6666,"angle":-3.23,"curve":"stepped"},{"time":0.7333,"angle":11.71,"curve":"stepped"},{"time":0.8,"angle":18.17,"curve":"stepped"},{"time":0.8666,"angle":-4.25,"curve":"stepped"},{"time":0.9333,"angle":11.71,"curve":"stepped"},{"time":1,"angle":18.17,"curve":"stepped"},{"time":1.1,"angle":-10.07,"curve":"stepped"},{"time":1.2333,"angle":-12.07,"curve":"stepped"},{"time":1.3333,"angle":-10.88}],"translate":[{"time":0,"x":0,"y":0,"curve":"stepped"},{"time":0.1666,"x":-39.7,"y":-16.35,"curve":"stepped"},{"time":0.4666,"x":-42.43,"y":-4.26,"curve":"stepped"},{"time":0.6666,"x":-2.24,"y":0.04,"curve":"stepped"},{"time":0.7333,"x":-1.95,"y":1.17,"curve":"stepped"},{"time":0.8666,"x":-2.24,"y":0.04,"curve":"stepped"},{"time":0.9333,"x":-1.95,"y":1.17,"curve":"stepped"},{"time":1.3333,"x":0,"y":0}],"scale":[{"time":0,"x":1,"y":1,"curve":"stepped"},{"time":1.3333,"x":1,"y":1}]},"muti5":{"rotate":[{"time":0,"angle":-54.28,"curve":"stepped"},{"time":0.1666,"angle":-55.16,"curve":"stepped"},{"time":0.4666,"angle":-7.71,"curve":"stepped"},{"time":0.5666,"angle":-22,"curve":"stepped"},{"time":0.6666,"angle":-19.7,"curve":"stepped"},{"time":0.7333,"angle":-33.9,"curve":"stepped"},{"time":0.8,"angle":-34.32,"curve":"stepped"},{"time":0.8666,"angle":-19.7,"curve":"stepped"},{"time":0.9333,"angle":-33.9,"curve":"stepped"},{"time":1,"angle":-34.32,"curve":"stepped"},{"time":1.1,"angle":-21.9,"curve":"stepped"},{"time":1.2333,"angle":-61.92,"curve":"stepped"},{"time":1.3333,"angle":-54.28}],"translate":[{"time":0,"x":0,"y":0,"curve":"stepped"},{"time":0.1666,"x":-1.47,"y":1.98,"curve":"stepped"},{"time":0.6666,"x":-1.93,"y":-1.11,"curve":"stepped"},{"time":0.7333,"x":-5.7,"y":1.51,"curve":"stepped"},{"time":0.8,"x":-7.43,"y":-1.39,"curve":"stepped"},{"time":0.8666,"x":-1.93,"y":-1.11,"curve":"stepped"},{"time":0.9333,"x":-5.7,"y":1.51,"curve":"stepped"},{"time":1,"x":-7.43,"y":-1.39,"curve":"stepped"},{"time":1.1,"x":-1.9,"y":-0.69,"curve":"stepped"},{"time":1.3333,"x":0,"y":0}],"scale":[{"time":0,"x":1.001,"y":1.106,"curve":"stepped"},{"time":0.7333,"x":1.112,"y":1.112,"curve":"stepped"},{"time":0.9333,"x":1.112,"y":1.112,"curve":"stepped"},{"time":1.3333,"x":1.001,"y":1.106}]},"muti9":{"rotate":[{"time":0,"angle":-14.14,"curve":"stepped"},{"time":0.1666,"angle":-20.61,"curve":"stepped"},{"time":0.4666,"angle":-11.81,"curve":"stepped"},{"time":0.5666,"angle":-33.47,"curve":"stepped"},{"time":0.6666,"angle":-6.55,"curve":"stepped"},{"time":0.7333,"angle":1.32,"curve":"stepped"},{"time":0.8,"angle":0.43,"curve":"stepped"},{"time":0.8666,"angle":-6.55,"curve":"stepped"},{"time":0.9333,"angle":1.32,"curve":"stepped"},{"time":1,"angle":0.43,"curve":"stepped"},{"time":1.1,"angle":-10.32,"curve":"stepped"},{"time":1.2333,"angle":-10.98,"curve":"stepped"},{"time":1.3333,"angle":-14.14}],"translate":[{"time":0,"x":0,"y":0,"curve":"stepped"},{"time":0.6666,"x":-1.23,"y":0.22,"curve":"stepped"},{"time":0.7333,"x":0.23,"y":0.03,"curve":"stepped"},{"time":0.8666,"x":-1.23,"y":0.22,"curve":"stepped"},{"time":0.9333,"x":0.23,"y":0.03,"curve":"stepped"},{"time":1.3333,"x":0,"y":0}],"scale":[{"time":0,"x":1,"y":1,"curve":"stepped"},{"time":1.3333,"x":1,"y":1}]},"muti7":{"rotate":[{"time":0,"angle":-9.38,"curve":"stepped"},{"time":0.1666,"angle":-30.03,"curve":"stepped"},{"time":0.4666,"angle":-9.79,"curve":"stepped"},{"time":0.5666,"angle":-29.65,"curve":"stepped"},{"time":0.6666,"angle":-4.54,"curve":"stepped"},{"time":0.7333,"angle":-39.38,"curve":"stepped"},{"time":0.8,"angle":-6.01,"curve":"stepped"},{"time":0.8666,"angle":-4.54,"curve":"stepped"},{"time":0.9333,"angle":-39.38,"curve":"stepped"},{"time":1,"angle":-6.01,"curve":"stepped"},{"time":1.2333,"angle":-2.76,"curve":"stepped"},{"time":1.3333,"angle":-9.38}],"translate":[{"time":0,"x":0,"y":0,"curve":"stepped"},{"time":0.1666,"x":-0.01,"y":0.86,"curve":"stepped"},{"time":0.5666,"x":-3.1,"y":-1.19,"curve":"stepped"},{"time":0.6666,"x":-0.8,"y":-0.05,"curve":"stepped"},{"time":0.8666,"x":-0.8,"y":-0.05,"curve":"stepped"},{"time":1.2333,"x":-2.45,"y":0.06,"curve":"stepped"},{"time":1.3333,"x":0,"y":0}],"scale":[{"time":0,"x":1,"y":1,"curve":"stepped"},{"time":0.1666,"x":1.044,"y":1.044,"curve":"stepped"},{"time":1.3333,"x":1,"y":1}]},"sentan":{"rotate":[{"time":0,"angle":-341.6,"curve":"stepped"},{"time":0.4666,"angle":-6.29,"curve":"stepped"},{"time":0.5666,"angle":-4.8,"curve":"stepped"},{"time":0.6666,"angle":-343.87,"curve":"stepped"},{"time":0.8,"angle":-344.39,"curve":"stepped"},{"time":0.8666,"angle":-343.87,"curve":"stepped"},{"time":1,"angle":-344.39,"curve":"stepped"},{"time":1.1,"angle":-5.37,"curve":"stepped"},{"time":1.3333,"angle":-341.6}],"translate":[{"time":0,"x":-2.34,"y":-1.88,"curve":"stepped"},{"time":0.6666,"x":0.13,"y":-1.89,"curve":"stepped"},{"time":0.8,"x":-0.29,"y":-0.18,"curve":"stepped"},{"time":0.8666,"x":0.13,"y":-1.89,"curve":"stepped"},{"time":1,"x":-0.29,"y":-0.18,"curve":"stepped"},{"time":1.3333,"x":-2.34,"y":-1.88}],"scale":[{"time":0,"x":1,"y":1,"curve":"stepped"},{"time":0.6666,"x":1,"y":-1,"curve":"stepped"},{"time":0.8,"x":1,"y":1,"curve":"stepped"},{"time":0.8666,"x":1,"y":-1,"curve":"stepped"},{"time":1,"x":1,"y":1,"curve":"stepped"},{"time":1.2333,"x":1,"y":-1},{"time":1.3333,"x":1,"y":1}]},"muti4":{"rotate":[{"time":0,"angle":-53.47,"curve":"stepped"},{"time":0.1666,"angle":-13.38,"curve":"stepped"},{"time":0.4666,"angle":-18.56,"curve":"stepped"},{"time":0.5666,"angle":-33.72,"curve":"stepped"},{"time":0.6666,"angle":-45.09,"curve":"stepped"},{"time":0.7333,"angle":-9.19,"curve":"stepped"},{"time":0.8,"angle":-39.11,"curve":"stepped"},{"time":0.8666,"angle":-45.09,"curve":"stepped"},{"time":0.9333,"angle":-9.19,"curve":"stepped"},{"time":1,"angle":-39.11,"curve":"stepped"},{"time":1.1,"angle":-38.5,"curve":"stepped"},{"time":1.3333,"angle":-53.47}],"translate":[{"time":0,"x":-3.9,"y":-5.1,"curve":"stepped"},{"time":0.1666,"x":-2.76,"y":-3.71,"curve":"stepped"},{"time":0.4666,"x":-1.05,"y":-0.32,"curve":"stepped"},{"time":0.5666,"x":-1.16,"y":4.41,"curve":"stepped"},{"time":0.6666,"x":-2.85,"y":-1,"curve":"stepped"},{"time":0.7333,"x":-0.29,"y":-0.2,"curve":"stepped"},{"time":0.8,"x":-1.11,"y":-0.2,"curve":"stepped"},{"time":0.8666,"x":-2.85,"y":-1,"curve":"stepped"},{"time":0.9333,"x":-0.29,"y":-0.2,"curve":"stepped"},{"time":1,"x":-1.11,"y":-0.2,"curve":"stepped"},{"time":1.3333,"x":-3.9,"y":-5.1}],"scale":[{"time":0,"x":1,"y":1,"curve":"stepped"},{"time":0.8,"x":0.997,"y":0.997,"curve":"stepped"},{"time":0.9333,"x":0.876,"y":0.876,"curve":"stepped"},{"time":1,"x":0.997,"y":0.997,"curve":"stepped"},{"time":1.3333,"x":1,"y":1}]},"muti8":{"rotate":[{"time":0,"angle":-32.58,"curve":"stepped"},{"time":0.1666,"angle":-31.45,"curve":"stepped"},{"time":0.4666,"angle":-3.83,"curve":"stepped"},{"time":0.5666,"angle":-31.65,"curve":"stepped"},{"time":0.6666,"angle":-12.93,"curve":"stepped"},{"time":0.7333,"angle":-10.39,"curve":"stepped"},{"time":0.8,"angle":-8.62,"curve":"stepped"},{"time":0.8666,"angle":-12.93,"curve":"stepped"},{"time":0.9333,"angle":-10.39,"curve":"stepped"},{"time":1,"angle":-8.62,"curve":"stepped"},{"time":1.1,"angle":-11.18,"curve":"stepped"},{"time":1.2333,"angle":-10.14,"curve":"stepped"},{"time":1.3333,"angle":-32.58}],"translate":[{"time":0,"x":0,"y":0,"curve":"stepped"},{"time":0.6666,"x":-1.5,"y":1.23,"curve":"stepped"},{"time":0.7333,"x":0,"y":0.58,"curve":"stepped"},{"time":0.8666,"x":-1.5,"y":1.23,"curve":"stepped"},{"time":0.9333,"x":0,"y":0.58,"curve":"stepped"},{"time":1.1,"x":-0.08,"y":0.9,"curve":"stepped"},{"time":1.2333,"x":-3.27,"y":-0.22,"curve":"stepped"},{"time":1.3333,"x":0,"y":0}],"scale":[{"time":0,"x":1,"y":1,"curve":"stepped"},{"time":1.3333,"x":1,"y":1}]},"muti6":{"rotate":[{"time":0,"angle":-22.98,"curve":"stepped"},{"time":0.1666,"angle":-36.42,"curve":"stepped"},{"time":0.4666,"angle":-5.78,"curve":"stepped"},{"time":0.5666,"angle":-27.32,"curve":"stepped"},{"time":0.6666,"angle":-15.23,"curve":"stepped"},{"time":0.7333,"angle":-79.37,"curve":"stepped"},{"time":0.8,"angle":-33.12,"curve":"stepped"},{"time":0.8666,"angle":-15.23,"curve":"stepped"},{"time":0.9333,"angle":-79.37,"curve":"stepped"},{"time":1,"angle":-33.12,"curve":"stepped"},{"time":1.1,"angle":-13.7,"curve":"stepped"},{"time":1.2333,"angle":-33.62,"curve":"stepped"},{"time":1.3333,"angle":-22.98}],"translate":[{"time":0,"x":0,"y":0,"curve":"stepped"},{"time":0.1666,"x":-1.27,"y":1.84,"curve":"stepped"},{"time":0.5666,"x":-1.5,"y":0.41,"curve":"stepped"},{"time":0.6666,"x":0.19,"y":-0.16,"curve":"stepped"},{"time":0.7333,"x":-4.44,"y":2.75,"curve":"stepped"},{"time":0.8666,"x":0.19,"y":-0.16,"curve":"stepped"},{"time":0.9333,"x":-4.44,"y":2.75,"curve":"stepped"},{"time":1.3333,"x":0,"y":0}],"scale":[{"time":0,"x":1,"y":1,"curve":"stepped"},{"time":0.1666,"x":1.027,"y":1.027,"curve":"stepped"},{"time":0.7333,"x":0.933,"y":0.933,"curve":"stepped"},{"time":0.9333,"x":0.933,"y":0.933,"curve":"stepped"},{"time":1.3333,"x":1,"y":1}]},"muti11":{"rotate":[{"time":0,"angle":15.73,"curve":"stepped"},{"time":0.1666,"angle":-33.98,"curve":"stepped"},{"time":0.4666,"angle":-11.7,"curve":"stepped"},{"time":0.6666,"angle":-6.21,"curve":"stepped"},{"time":0.7333,"angle":3.42,"curve":"stepped"},{"time":0.8,"angle":20.29,"curve":"stepped"},{"time":0.8666,"angle":-6.21,"curve":"stepped"},{"time":0.9333,"angle":3.42,"curve":"stepped"},{"time":1,"angle":20.29,"curve":"stepped"},{"time":1.1,"angle":-20.87,"curve":"stepped"},{"time":1.2333,"angle":-2.89,"curve":"stepped"},{"time":1.3333,"angle":15.73}],"translate":[{"time":0,"x":-1.02,"y":0.35,"curve":"stepped"},{"time":0.6666,"x":-2.91,"y":-1.89,"curve":"stepped"},{"time":0.8666,"x":-0.42,"y":-0.18,"curve":"stepped"},{"time":1.3333,"x":-1.02,"y":0.35}],"scale":[{"time":0,"x":1,"y":1,"curve":"stepped"},{"time":1.3333,"x":1,"y":1}]},"muti3":{"rotate":[{"time":0,"angle":-27.23,"curve":"stepped"},{"time":0.1666,"angle":3.05,"curve":"stepped"},{"time":0.4666,"angle":-45.34,"curve":"stepped"},{"time":0.5666,"angle":-14.4,"curve":"stepped"},{"time":0.6666,"angle":-47.33,"curve":"stepped"},{"time":0.7333,"angle":-14.19,"curve":"stepped"},{"time":0.8,"angle":-30.6,"curve":"stepped"},{"time":0.8666,"angle":-47.33,"curve":"stepped"},{"time":0.9333,"angle":-14.19,"curve":"stepped"},{"time":1,"angle":-30.6,"curve":"stepped"},{"time":1.1,"angle":-26.02,"curve":"stepped"},{"time":1.2333,"angle":-21.95,"curve":"stepped"},{"time":1.3333,"angle":-27.23}],"translate":[{"time":0,"x":-1.3,"y":-3.15,"curve":"stepped"},{"time":0.4666,"x":-5.29,"y":0.65,"curve":"stepped"},{"time":0.6666,"x":-5.54,"y":2.25,"curve":"stepped"},{"time":0.7333,"x":-4.28,"y":-0.85,"curve":"stepped"},{"time":0.8,"x":-3.98,"y":1.03,"curve":"stepped"},{"time":0.8666,"x":-5.54,"y":2.25,"curve":"stepped"},{"time":0.9333,"x":-4.28,"y":-0.85,"curve":"stepped"},{"time":1,"x":-3.98,"y":1.03,"curve":"stepped"},{"time":1.3333,"x":-1.3,"y":-3.15}],"scale":[{"time":0,"x":1,"y":1,"curve":"stepped"},{"time":1.3333,"x":1,"y":1}]},"S1_wave1":{"translate":[{"time":0.4666,"x":-306.63,"y":0}],"scale":[{"time":0.4666,"x":2.5,"y":2.5}]}},"drawOrder":[{"time":0,"offsets":[{"slot":"muti7","offset":-8},{"slot":"muti6","offset":-8},{"slot":"muti5","offset":-8},{"slot":"muti4","offset":-8},{"slot":"muti3","offset":-8},{"slot":"muti2","offset":-8},{"slot":"muti","offset":-8}]},{"time":0.1666,"offsets":[{"slot":"muti3","offset":-12},{"slot":"muti2","offset":-12},{"slot":"muti","offset":-12}]},{"time":0.4666,"offsets":[{"slot":"muti3","offset":-11},{"slot":"muti2","offset":-11},{"slot":"muti","offset":-11},{"slot":"EF/610_S1_wave1/610_S1_wave1_00000","offset":-17}]},{"time":1.3333,"offsets":[{"slot":"muti7","offset":-8},{"slot":"muti6","offset":-8},{"slot":"muti5","offset":-8},{"slot":"muti4","offset":-8},{"slot":"muti3","offset":-8},{"slot":"muti2","offset":-8},{"slot":"muti","offset":-8}]}],"events":[{"time":0.4666,"name":"Sound1","string":"cri_se_battle_sword_swish_heavy"},{"time":0.4666,"name":"Sound2","string":"cri_se_battle_arrow_light_effect"},{"time":0.4666,"name":"Voice","string":"cri_134_voice_fullarts_rank4"},{"time":0.6666,"name":"Sound1","string":"cri_se_battle_skill_shot"},{"time":0.6666,"name":"Sound3","string":"cri_se_battle_bell_tree_04"},{"time":0.7666,"name":"Event","string":"addOrbitSystem_1_skill2_attack"},{"time":0.7666,"name":"Sound1","string":"cri_se_battle_skill_shot"},{"time":0.8666,"name":"Sound1","string":"cri_se_battle_skill_shot"},{"time":0.9666,"name":"Sound1","string":"cri_se_battle_skill_shot"},{"time":1.0666,"name":"Sound1","string":"cri_se_battle_skill_shot"},{"time":1.5666,"name":"Event"}]}}}