{"skeleton":{"hash":"q5aoCxkZX0Y2gbL+F+6RwUG8Gug","spine":"3.0.12","width":512,"height":512},"bones":[{"name":"root"},{"name":"move_aura","parent":"root","x":200,"y":100},{"name":"dot_EF_2","parent":"root","x":250,"y":50},{"name":"dot_EF_1","parent":"root","x":150,"y":50},{"name":"MAIN3","parent":"root","y":50.89},{"name":"MAIN2","parent":"root","y":50.89},{"name":"MAIN","parent":"root","y":50.89},{"name":"SHADOW-OFFSET","parent":"MAIN","x":-15},{"name":"HITBOX","parent":"MAIN","y":-50.89},{"name":"EF_eye_shine","parent":"MAIN","x":100,"y":49.1},{"name":"EF_eye","parent":"MAIN","x":150,"y":49.1},{"name":"EF_main","parent":"root"},{"name":"dash","parent":"EF_main","x":200},{"name":"EF_wave1_1","parent":"EF_main","x":50},{"name":"rot_wave","parent":"root","x":200,"y":50},{"name":"slash","parent":"EF_main","x":250,"y":100},{"name":"weapon_root","parent":"root","x":100},{"name":"weapon_5","parent":"weapon_root","y":50},{"name":"trust_blue_5","parent":"weapon_5"},{"name":"weapon_4","parent":"weapon_root","y":50},{"name":"trust_blue_4","parent":"weapon_4"},{"name":"weapon_3","parent":"weapon_root","y":50},{"name":"trust_blue_3","parent":"weapon_3"},{"name":"weapon_2","parent":"weapon_root","y":50},{"name":"trust_blue_2","parent":"weapon_2"},{"name":"weapon_1","parent":"weapon_root","y":50},{"name":"trust_blue_1","parent":"weapon_1"}],"slots":[{"name":"EF/main_graund_wave_blue/ef_graund_wave_blue_00002","bone":"EF_wave1_1","blend":"additive"},{"name":"EF/main_rot_wave_blue/ef_rot_wave_blue_00001","bone":"rot_wave","blend":"additive"},{"name":"MAIN","bone":"MAIN","attachment":"idle_00"},{"name":"MAIN3","bone":"MAIN2"},{"name":"MAIN4","bone":"MAIN3"},{"name":"weapon/weapon","bone":"weapon_1"},{"name":"weapon/weapon2","bone":"weapon_2"},{"name":"weapon/weapon3","bone":"weapon_3"},{"name":"weapon/weapon4","bone":"weapon_4"},{"name":"weapon/weapon5","bone":"weapon_5"},{"name":"dot/EF_1","bone":"dot_EF_1","color":"0064ffff","blend":"additive"},{"name":"EF/ef_trust_blue_00003","bone":"trust_blue_1","blend":"additive"},{"name":"EF/ef_trust_blue_3","bone":"trust_blue_2","blend":"additive"},{"name":"EF/ef_trust_blue_4","bone":"trust_blue_3","blend":"additive"},{"name":"EF/ef_trust_blue_5","bone":"trust_blue_4","blend":"additive"},{"name":"EF/ef_trust_blue_6","bone":"trust_blue_5","blend":"additive"},{"name":"EF/main_dash_blue/ef_dash_blue_00001","bone":"dash","blend":"additive"},{"name":"EF/main_move_aura_main/ef_move_aura_main_00001","bone":"move_aura","blend":"additive"},{"name":"EF/eye_shine/ef_shine_main_00001","bone":"EF_eye_shine","blend":"additive"},{"name":"EF/sphire","bone":"EF_eye"},{"name":"EF/slash/ef_slash_move_main_1","bone":"slash","blend":"additive"},{"name":"HITBOX","bone":"HITBOX","attachment":"HITBOX"},{"name":"dot/attack1_07_EF","bone":"dot_EF_2","color":"0064ffff","blend":"additive"}],"skins":{"default":{"EF/ef_trust_blue_00003":{"EF/ef_trust_blue_00003":{"x":20.3,"width":200,"height":117}},"EF/ef_trust_blue_3":{"EF/ef_trust_blue_00003":{"x":20.3,"width":200,"height":117}},"EF/ef_trust_blue_4":{"EF/ef_trust_blue_00003":{"x":20.3,"width":200,"height":117}},"EF/ef_trust_blue_5":{"EF/ef_trust_blue_00003":{"x":20.3,"width":200,"height":117}},"EF/ef_trust_blue_6":{"EF/ef_trust_blue_00003":{"x":20.3,"width":200,"height":117}},"EF/eye_shine/ef_shine_main_00001":{"EF/eye_shine/ef_shine_main_00001":{"x":-1.13,"y":-0.81,"width":188,"height":188},"EF/eye_shine/ef_shine_main_00002":{"x":-1.13,"y":-0.81,"width":188,"height":188},"EF/eye_shine/ef_shine_main_00008":{"x":-1.13,"y":-0.81,"width":188,"height":188},"EF/eye_shine/ef_shine_main_00009":{"x":-1.13,"y":-0.81,"width":188,"height":188},"EF/eye_shine/ef_shine_main_00010":{"x":-1.13,"y":-0.81,"width":188,"height":188}},"EF/main_dash_blue/ef_dash_blue_00001":{"EF/main_dash_blue/ef_dash_blue_00001":{"x":2.61,"y":39.81,"width":160,"height":160},"EF/main_dash_blue/ef_dash_blue_00002":{"x":2.61,"y":39.81,"width":160,"height":160},"EF/main_dash_blue/ef_dash_blue_00003":{"x":2.61,"y":39.81,"width":160,"height":160},"EF/main_dash_blue/ef_dash_blue_00004":{"x":2.61,"y":39.81,"width":160,"height":160},"EF/main_dash_blue/ef_dash_blue_00005":{"x":2.61,"y":39.81,"width":160,"height":160},"EF/main_dash_blue/ef_dash_blue_00006":{"x":2.61,"y":39.81,"width":160,"height":160},"EF/main_dash_blue/ef_dash_blue_00007":{"x":2.61,"y":39.81,"width":160,"height":160},"EF/main_dash_blue/ef_dash_blue_00008":{"x":2.61,"y":39.81,"width":160,"height":160},"EF/main_dash_blue/ef_dash_blue_00009":{"x":2.61,"y":39.81,"width":160,"height":160},"EF/main_dash_blue/ef_dash_blue_00010":{"x":2.61,"y":39.81,"width":160,"height":160},"EF/main_dash_blue/ef_dash_blue_00011":{"x":2.61,"y":39.81,"width":160,"height":160},"EF/main_dash_blue/ef_dash_blue_00012":{"x":2.61,"y":39.81,"width":160,"height":160},"EF/main_dash_blue/ef_dash_blue_00013":{"x":2.61,"y":39.81,"width":160,"height":160},"EF/main_dash_blue/ef_dash_blue_00014":{"x":2.61,"y":39.81,"width":160,"height":160}},"EF/main_graund_wave_blue/ef_graund_wave_blue_00002":{"EF/main_graund_wave_blue/ef_graund_wave_blue_00002":{"x":0.6,"y":9.45,"width":200,"height":120},"EF/main_graund_wave_blue/ef_graund_wave_blue_00003":{"x":0.6,"y":9.45,"width":200,"height":120},"EF/main_graund_wave_blue/ef_graund_wave_blue_00004":{"x":0.6,"y":9.45,"width":200,"height":120},"EF/main_graund_wave_blue/ef_graund_wave_blue_00005":{"x":0.6,"y":9.45,"width":200,"height":120},"EF/main_graund_wave_blue/ef_graund_wave_blue_00006":{"x":0.6,"y":9.45,"width":200,"height":120},"EF/main_graund_wave_blue/ef_graund_wave_blue_00007":{"x":0.6,"y":9.45,"width":200,"height":120},"EF/main_graund_wave_blue/ef_graund_wave_blue_00008":{"x":0.6,"y":9.45,"width":200,"height":120},"EF/main_graund_wave_blue/ef_graund_wave_blue_00009":{"x":0.6,"y":9.45,"width":200,"height":120},"EF/main_graund_wave_blue/ef_graund_wave_blue_00010":{"x":0.6,"y":9.45,"width":200,"height":120},"EF/main_graund_wave_blue/ef_graund_wave_blue_00011":{"x":0.6,"y":9.45,"width":200,"height":120},"EF/main_graund_wave_blue/ef_graund_wave_blue_00012":{"x":0.6,"y":9.45,"width":200,"height":120},"EF/main_graund_wave_blue/ef_graund_wave_blue_00013":{"x":0.6,"y":9.45,"width":200,"height":120}},"EF/main_move_aura_main/ef_move_aura_main_00001":{"EF/main_move_aura_main/ef_move_aura_main_00001":{"y":0.31,"rotation":90,"width":140,"height":350},"EF/main_move_aura_main/ef_move_aura_main_00002":{"y":0.31,"rotation":90,"width":140,"height":350},"EF/main_move_aura_main/ef_move_aura_main_00003":{"y":0.31,"rotation":90,"width":140,"height":350},"EF/main_move_aura_main/ef_move_aura_main_00004":{"y":0.31,"rotation":90,"width":140,"height":350},"EF/main_move_aura_main/ef_move_aura_main_00005":{"y":0.31,"rotation":90,"width":140,"height":350}},"EF/main_rot_wave_blue/ef_rot_wave_blue_00001":{"EF/main_rot_wave_blue/ef_rot_wave_blue_00001":{"x":-0.2,"y":12.78,"width":300,"height":143},"EF/main_rot_wave_blue/ef_rot_wave_blue_00002":{"x":-0.2,"y":12.78,"width":300,"height":143},"EF/main_rot_wave_blue/ef_rot_wave_blue_00003":{"x":-0.2,"y":12.78,"width":300,"height":143},"EF/main_rot_wave_blue/ef_rot_wave_blue_00004":{"x":-0.2,"y":12.78,"width":300,"height":143},"EF/main_rot_wave_blue/ef_rot_wave_blue_00005":{"x":-0.2,"y":12.78,"width":300,"height":143},"EF/main_rot_wave_blue/ef_rot_wave_blue_00006":{"x":-0.2,"y":12.78,"width":300,"height":143},"EF/main_rot_wave_blue/ef_rot_wave_blue_00007":{"x":-0.2,"y":12.78,"width":300,"height":143},"EF/main_rot_wave_blue/ef_rot_wave_blue_00008":{"x":-0.2,"y":12.78,"width":300,"height":143},"EF/main_rot_wave_blue/ef_rot_wave_blue_00009":{"x":-0.2,"y":12.78,"width":300,"height":143},"EF/main_rot_wave_blue/ef_rot_wave_blue_00010":{"x":-0.2,"y":12.78,"width":300,"height":143},"EF/main_rot_wave_blue/ef_rot_wave_blue_00011":{"x":-0.2,"y":12.78,"width":300,"height":143},"EF/main_rot_wave_blue/ef_rot_wave_blue_00012":{"x":-0.2,"y":12.78,"width":300,"height":143},"EF/main_rot_wave_blue/ef_rot_wave_blue_00013":{"x":-0.2,"y":12.78,"width":300,"height":143},"EF/main_rot_wave_blue/ef_rot_wave_blue_00014":{"x":-0.2,"y":12.78,"width":300,"height":143},"EF/main_rot_wave_blue/ef_rot_wave_blue_00015":{"x":-0.2,"y":12.78,"width":300,"height":143}},"EF/slash/ef_slash_move_main_1":{"EF/slash/ef_slash_move_main_00001":{"width":245,"height":168},"EF/slash/ef_slash_move_main_00002":{"width":245,"height":168},"EF/slash/ef_slash_move_main_00003":{"width":245,"height":168},"EF/slash/ef_slash_move_main_00004":{"width":245,"height":168},"EF/slash/ef_slash_move_main_00005":{"width":245,"height":168},"EF/slash/ef_slash_move_main_00006":{"width":245,"height":168},"EF/slash/ef_slash_move_main_00007":{"width":245,"height":168},"EF/slash/ef_slash_move_main_00008":{"width":245,"height":168}},"EF/sphire":{"EF/sphire":{"x":-0.14,"y":-0.09,"width":200,"height":200}},"HITBOX":{"HITBOX":{"type":"boundingbox","vertices":[-36.76361,-2.08785,17.08639,-2.08785,20.31735,93.7651,-34.60962,93.7651]}},"MAIN":{"attack_00":{"x":5.63,"y":17.47,"scaleX":2,"scaleY":2,"width":256,"height":256},"attack_01":{"x":5.63,"y":17.47,"scaleX":2,"scaleY":2,"width":256,"height":256},"attack_02":{"x":5.63,"y":17.47,"scaleX":2,"scaleY":2,"width":256,"height":256},"attack_03":{"x":5.63,"y":17.47,"scaleX":2,"scaleY":2,"width":256,"height":256},"attack_04":{"x":5.63,"y":17.47,"scaleX":2,"scaleY":2,"width":256,"height":256},"attack_05":{"x":5.63,"y":17.47,"scaleX":2,"scaleY":2,"width":256,"height":256},"attack_06":{"x":5.63,"y":17.47,"scaleX":2,"scaleY":2,"width":256,"height":256},"back_00":{"x":5.63,"y":17.47,"scaleX":2,"scaleY":2,"width":256,"height":256},"damage_00":{"x":5.63,"y":17.47,"scaleX":2,"scaleY":2,"width":256,"height":256},"front_00":{"x":5.63,"y":17.47,"scaleX":2,"scaleY":2,"width":256,"height":256},"idle2_00":{"x":5.63,"y":17.47,"scaleX":2,"scaleY":2,"width":256,"height":256},"idle_00":{"x":5.63,"y":17.47,"scaleX":2,"scaleY":2,"width":256,"height":256},"idle_01":{"x":5.63,"y":17.47,"scaleX":2,"scaleY":2,"width":256,"height":256},"idle_02":{"x":5.63,"y":17.47,"scaleX":2,"scaleY":2,"width":256,"height":256},"idle_03":{"x":5.63,"y":17.47,"scaleX":2,"scaleY":2,"width":256,"height":256},"kneel_00":{"x":5.63,"y":17.47,"scaleX":2,"scaleY":2,"width":256,"height":256},"skill1_00":{"x":5.63,"y":17.47,"scaleX":2,"scaleY":2,"width":256,"height":256},"skill1_01":{"x":5.63,"y":17.47,"scaleX":2,"scaleY":2,"width":256,"height":256},"skill1_02":{"x":5.63,"y":17.47,"scaleX":2,"scaleY":2,"width":256,"height":256},"skill1_03":{"x":5.63,"y":17.47,"scaleX":2,"scaleY":2,"width":256,"height":256},"skill1_04":{"x":5.63,"y":17.47,"scaleX":2,"scaleY":2,"width":256,"height":256},"skill1_05":{"x":5.63,"y":17.47,"scaleX":2,"scaleY":2,"width":256,"height":256},"skill1_06":{"x":5.63,"y":17.47,"scaleX":2,"scaleY":2,"width":256,"height":256},"skill1_07":{"x":5.63,"y":17.47,"scaleX":2,"scaleY":2,"width":256,"height":256},"skill1_08":{"x":5.63,"y":17.47,"scaleX":2,"scaleY":2,"width":256,"height":256},"skill1_09":{"x":5.63,"y":17.47,"scaleX":2,"scaleY":2,"width":256,"height":256},"skill1_10":{"x":5.63,"y":17.47,"scaleX":2,"scaleY":2,"width":256,"height":256},"skill1_11":{"x":5.63,"y":17.47,"scaleX":2,"scaleY":2,"width":256,"height":256},"skill1_12":{"x":5.63,"y":17.47,"scaleX":2,"scaleY":2,"width":256,"height":256},"skill1_13":{"x":5.63,"y":17.47,"scaleX":2,"scaleY":2,"width":256,"height":256},"skill1_14":{"x":5.63,"y":17.47,"scaleX":2,"scaleY":2,"width":256,"height":256},"skill1_15":{"x":5.63,"y":17.47,"scaleX":2,"scaleY":2,"width":256,"height":256},"skill1_16":{"x":5.63,"y":17.47,"scaleX":2,"scaleY":2,"width":256,"height":256},"skill1_17":{"x":5.63,"y":17.47,"scaleX":2,"scaleY":2,"width":256,"height":256},"skill1_18":{"x":5.63,"y":17.47,"scaleX":2,"scaleY":2,"width":256,"height":256},"skill1_19":{"x":5.63,"y":17.47,"scaleX":2,"scaleY":2,"width":256,"height":256},"skill2_00":{"x":5.63,"y":17.47,"scaleX":2,"scaleY":2,"width":256,"height":256},"skill2_01":{"x":5.63,"y":17.47,"scaleX":2,"scaleY":2,"width":256,"height":256},"skill2_02":{"x":5.63,"y":17.47,"scaleX":2,"scaleY":2,"width":256,"height":256},"skill2_03":{"x":5.63,"y":17.47,"scaleX":2,"scaleY":2,"width":256,"height":256},"skill2_04":{"x":5.63,"y":17.47,"scaleX":2,"scaleY":2,"width":256,"height":256},"skill2_05":{"x":5.63,"y":17.47,"scaleX":2,"scaleY":2,"width":256,"height":256},"skill2_06":{"x":5.63,"y":17.47,"scaleX":2,"scaleY":2,"width":256,"height":256},"skill2_07":{"x":5.63,"y":17.47,"scaleX":2,"scaleY":2,"width":256,"height":256},"skill2_08":{"x":5.63,"y":17.47,"scaleX":2,"scaleY":2,"width":256,"height":256},"skill2_09":{"x":5.63,"y":17.47,"scaleX":2,"scaleY":2,"width":256,"height":256},"skill2_10":{"x":5.63,"y":17.47,"scaleX":2,"scaleY":2,"width":256,"height":256},"skill2_11":{"x":5.63,"y":17.47,"scaleX":2,"scaleY":2,"width":256,"height":256},"skill3_1_00":{"x":5.63,"y":17.47,"scaleX":2,"scaleY":2,"width":256,"height":256},"skill3_1_01":{"x":5.63,"y":17.47,"scaleX":2,"scaleY":2,"width":256,"height":256},"skill3_1_02":{"x":5.63,"y":17.47,"scaleX":2,"scaleY":2,"width":256,"height":256},"skill3_1_03":{"x":5.63,"y":17.47,"scaleX":2,"scaleY":2,"width":256,"height":256},"skill3_1_04":{"x":5.63,"y":17.47,"scaleX":2,"scaleY":2,"width":256,"height":256},"skill3_1_05":{"x":5.63,"y":17.47,"scaleX":2,"scaleY":2,"width":256,"height":256},"skill3_1_06":{"x":5.63,"y":17.47,"scaleX":2,"scaleY":2,"width":256,"height":256},"skill3_1_07":{"x":5.63,"y":17.47,"scaleX":2,"scaleY":2,"width":256,"height":256},"skill3_2_00":{"x":5.63,"y":17.47,"scaleX":2,"scaleY":2,"width":256,"height":256},"skill3_2_01":{"x":5.63,"y":17.47,"scaleX":2,"scaleY":2,"width":256,"height":256},"skill3_2_02":{"x":5.63,"y":17.47,"scaleX":2,"scaleY":2,"width":256,"height":256},"skill3_2_03":{"x":5.63,"y":17.47,"scaleX":2,"scaleY":2,"width":256,"height":256}},"MAIN3":{"skill2_03":{"x":5.63,"y":17.47,"scaleX":2,"scaleY":2,"width":256,"height":256},"skill2_05":{"x":5.63,"y":17.47,"scaleX":2,"scaleY":2,"width":256,"height":256}},"MAIN4":{"skill2_03":{"x":5.63,"y":17.47,"scaleX":2,"scaleY":2,"width":256,"height":256},"skill2_05":{"x":5.63,"y":17.47,"scaleX":2,"scaleY":2,"width":256,"height":256}},"dot/EF_1":{"dot/EF_1":{"x":-32.82,"y":-59.9,"width":200,"height":200}},"dot/attack1_07_EF":{"dot/attack1_07_EF":{"x":6.47,"y":1.7,"rotation":12.86,"width":143,"height":36},"dot/attack1_08_EF":{"x":6.47,"y":1.7,"rotation":12.86,"width":153,"height":37}},"weapon/weapon":{"weapon/weapon":{"scaleX":2,"scaleY":2,"width":40,"height":15}},"weapon/weapon2":{"weapon/weapon":{"scaleX":2,"scaleY":2,"width":40,"height":15}},"weapon/weapon3":{"weapon/weapon":{"scaleX":2,"scaleY":2,"width":40,"height":15}},"weapon/weapon4":{"weapon/weapon":{"scaleX":2,"scaleY":2,"width":40,"height":15}},"weapon/weapon5":{"weapon/weapon":{"scaleX":2,"scaleY":2,"width":40,"height":15}}}},"events":{"event":{},"event2":{},"hit":{}},"animations":{"attack1":{"slots":{"EF/ef_trust_blue_00003":{"attachment":[{"time":0.2,"name":"EF/ef_trust_blue_00003"}],"color":[{"time":0.2,"color":"ffffffff"},{"time":0.2666,"color":"ffffff00","curve":"stepped"},{"time":0.6666,"color":"ffffffff"},{"time":0.7333,"color":"ffffff00"}]},"EF/ef_trust_blue_3":{"attachment":[{"time":0.3,"name":"EF/ef_trust_blue_00003"}],"color":[{"time":0.3,"color":"ffffffff"},{"time":0.3666,"color":"ffffff00"}]},"MAIN":{"attachment":[{"time":0,"name":"attack_05"},{"time":0.0666,"name":"attack_02"},{"time":0.2,"name":"attack_03"},{"time":0.3,"name":"attack_01"},{"time":0.4,"name":"attack_00"},{"time":0.6666,"name":"attack_06"},{"time":0.9666,"name":"attack_05"},{"time":1.1,"name":"idle_00"}]},"dot/EF_1":{"attachment":[{"time":0.2,"name":"dot/EF_1"},{"time":0.2333,"name":null},{"time":0.3,"name":"dot/EF_1"},{"time":0.3333,"name":null},{"time":0.6666,"name":"dot/EF_1"},{"time":0.7,"name":null}]},"weapon/weapon":{"attachment":[{"time":0.2,"name":"weapon/weapon"},{"time":0.3333,"name":null},{"time":0.6666,"name":"weapon/weapon"},{"time":0.8,"name":null}],"color":[{"time":0.2,"color":"ffffffff"},{"time":0.2666,"color":"ffffff00","curve":"stepped"},{"time":0.6666,"color":"ffffffff"},{"time":0.7333,"color":"ffffff00"}]},"weapon/weapon2":{"attachment":[{"time":0.3,"name":"weapon/weapon"},{"time":0.4333,"name":null}],"color":[{"time":0.3,"color":"ffffffff"},{"time":0.3666,"color":"ffffff00"}]}},"bones":{"MAIN":{"translate":[{"time":0,"x":0,"y":0,"curve":"stepped"},{"time":0.4,"x":7.38,"y":0,"curve":"stepped"},{"time":0.6666,"x":-1.75,"y":0,"curve":"stepped"},{"time":0.9666,"x":0.65,"y":0,"curve":"stepped"},{"time":1.1,"x":0,"y":0}]},"weapon_1":{"translate":[{"time":0.2,"x":-169.29,"y":16.27},{"time":0.2666,"x":-306.04,"y":16.27},{"time":0.3333,"x":-621.65,"y":16.26,"curve":"stepped"},{"time":0.6666,"x":-186.74,"y":2},{"time":0.8,"x":-611.9,"y":2}]},"weapon_2":{"translate":[{"time":0.3,"x":-182.78,"y":-10},{"time":0.4333,"x":-660.57,"y":-10}]},"dot_EF_1":{"rotate":[{"time":0.2,"angle":68.25,"curve":"stepped"},{"time":0.3,"angle":114.48,"curve":"stepped"},{"time":0.6666,"angle":110.37}],"translate":[{"time":0.2,"x":-213.9,"y":35.86,"curve":"stepped"},{"time":0.3,"x":-215.37,"y":-5,"curve":"stepped"},{"time":0.6666,"x":-208.58,"y":-2.61}],"scale":[{"time":0.2,"x":0.222,"y":1,"curve":"stepped"},{"time":0.6666,"x":0.222,"y":1}]},"trust_blue_2":{"rotate":[{"time":0.3,"angle":0}]}},"events":[{"time":0,"name":"event","float":0.01,"string":"kHitStopType_normal"},{"time":0.3333,"name":"hit","string":"resetHitList"},{"time":0.6,"name":"event","float":0.03,"string":"kHitStopType_normal"},{"time":0.7,"name":"hit","string":"resetHitList"}]},"attack2":{"slots":{"MAIN":{"attachment":[{"time":0,"name":"idle_00"},{"time":0.0333,"name":"skill1_00"},{"time":0.1666,"name":"skill3_1_02"},{"time":0.2333,"name":"skill3_1_03"},{"time":0.3666,"name":"skill1_07"},{"time":0.5333,"name":"skill1_08"},{"time":0.6,"name":"skill1_09"},{"time":0.6666,"name":"skill1_10"},{"time":0.7333,"name":"skill1_11"},{"time":0.8,"name":"skill1_12"},{"time":0.9,"name":"skill1_16"},{"time":0.9666,"name":"skill1_17"},{"time":1.0666,"name":"skill1_18"},{"time":1.2,"name":"skill1_19"},{"time":1.3333,"name":"idle_00"}]},"dot/attack1_07_EF":{"attachment":[{"time":0.2333,"name":"dot/attack1_07_EF"},{"time":0.2666,"name":"dot/attack1_08_EF"},{"time":0.3333,"name":null}],"color":[{"time":0.2666,"color":"0064ffff"},{"time":0.3333,"color":"0064ff00"}]}},"bones":{"MAIN":{"translate":[{"time":0,"x":0,"y":0},{"time":0.1666,"x":3.8,"y":0,"curve":[0.124,0.73,0.75,1]},{"time":0.3333,"x":-257.64,"y":0},{"time":0.4666,"x":-259.14,"y":0},{"time":0.5,"x":-283.78,"y":-6.35},{"time":0.5333,"x":-254.53,"y":33.91},{"time":0.6,"x":-165.01,"y":141.6},{"time":0.8333,"x":-70.99,"y":69.72},{"time":0.9666,"x":-22.98,"y":-1.42},{"time":1.1666,"x":-9.41,"y":-1.42},{"time":1.2,"x":-6.03,"y":-1.42,"curve":"stepped"},{"time":1.3333,"x":0,"y":0}]},"dot_EF_2":{"translate":[{"time":0.2333,"x":-520.99,"y":-4.94}],"scale":[{"time":0.2333,"x":6.945,"y":1.869}]}},"drawOrder":[{"time":0.2333}]},"back":{"slots":{"MAIN":{"attachment":[{"time":0,"name":"back_00"},{"time":0.1666,"name":"idle_02"},{"time":0.3,"name":"idle_03"},{"time":0.5666,"name":"idle_00"}]}},"bones":{"MAIN":{"translate":[{"time":0,"x":0,"y":0},{"time":0.1,"x":62.5,"y":12},{"time":0.2,"x":125,"y":0,"curve":[0.091,0.7,0.75,1]},{"time":0.5,"x":140,"y":0}]}}},"damage":{"slots":{"MAIN":{"attachment":[{"time":0,"name":"damage_00"}]}}},"disappear":{"slots":{"MAIN":{"attachment":[{"time":0,"name":"skill2_00"},{"time":0.1,"name":"skill2_01"},{"time":0.2,"name":"skill2_02"},{"time":0.4666,"name":"skill2_03"},{"time":0.5666,"name":"skill2_03"}],"color":[{"time":0.5666,"color":"ffffff00"}]},"MAIN3":{"attachment":[{"time":0.6,"name":"skill2_03"},{"time":0.6333,"name":null},{"time":0.6666,"name":"skill2_03"},{"time":0.7,"name":null},{"time":0.7333,"name":"skill2_03"},{"time":0.7666,"name":null}],"color":[{"time":0.6,"color":"ffffffa8"}]},"MAIN4":{"attachment":[{"time":0.5666,"name":"skill2_03"},{"time":0.6,"name":null},{"time":0.6333,"name":"skill2_03"},{"time":0.6666,"name":null},{"time":0.7,"name":"skill2_03"},{"time":0.7333,"name":null},{"time":0.7666,"name":"skill2_03"},{"time":0.8,"name":null}],"color":[{"time":0.5666,"color":"ffffffab"}]}},"bones":{"MAIN":{"translate":[{"time":0,"x":0,"y":0,"curve":"stepped"},{"time":0.1,"x":-14.34,"y":0,"curve":"stepped"},{"time":0.5666,"x":-1189.42,"y":0}]},"MAIN2":{"translate":[{"time":0.6,"x":4.98,"y":0,"curve":"stepped"},{"time":0.6666,"x":63.74,"y":0,"curve":"stepped"},{"time":0.7333,"x":115.99,"y":0}]},"MAIN3":{"translate":[{"time":0.5666,"x":-92.68,"y":0,"curve":"stepped"},{"time":0.6333,"x":-115.95,"y":0,"curve":"stepped"},{"time":0.7,"x":-180.6,"y":0,"curve":"stepped"},{"time":0.7666,"x":-261.5,"y":0}]}}},"front":{"slots":{"MAIN":{"attachment":[{"time":0,"name":"front_00"}]}}},"idle":{"slots":{"MAIN":{"attachment":[{"time":0,"name":"idle_00"},{"time":0.2,"name":"idle_01"},{"time":0.4,"name":"idle_02"},{"time":0.6,"name":"idle_03"},{"time":0.8,"name":"idle_00"}]}}},"idle2":{"slots":{"MAIN":{"attachment":[{"time":0,"name":"idle2_00"}]}}},"in":{"slots":{"MAIN":{"attachment":[{"time":0,"name":null},{"time":0.1333,"name":"skill2_05"},{"time":0.1666,"name":null},{"time":0.2,"name":"skill2_05"},{"time":0.2333,"name":null},{"time":0.2666,"name":"skill2_05"},{"time":0.5666,"name":"skill2_01"},{"time":0.6666,"name":"skill2_00"},{"time":0.7666,"name":"idle_03"},{"time":0.9,"name":"idle_00"},{"time":1,"name":"idle_00"}],"color":[{"time":0.1333,"color":"ffffffab","curve":"stepped"},{"time":0.3333,"color":"ffffffff"}]},"MAIN3":{"attachment":[{"time":0.1666,"name":"skill2_05"},{"time":0.2,"name":null},{"time":0.2333,"name":"skill2_05"},{"time":0.2666,"name":null}],"color":[{"time":0.1333,"color":"ffffffaa"}]}},"bones":{"MAIN":{"translate":[{"time":0.1333,"x":-142.86,"y":0,"curve":"stepped"},{"time":0.2,"x":-64.97,"y":0,"curve":"stepped"},{"time":0.2666,"x":-26.13,"y":0,"curve":"stepped"},{"time":0.3333,"x":0,"y":0,"curve":"stepped"},{"time":0.5666,"x":-13.56,"y":0,"curve":"stepped"},{"time":0.6666,"x":-3.87,"y":0,"curve":"stepped"},{"time":0.7666,"x":0,"y":0}]},"MAIN2":{"translate":[{"time":0.1666,"x":100.56,"y":0,"curve":"stepped"},{"time":0.2333,"x":52.46,"y":0}]}}},"kneel":{"slots":{"MAIN":{"attachment":[{"time":0,"name":"kneel_00"}]}}},"mudara":{"slots":{"MAIN":{"attachment":[{"time":0,"name":"skill2_00"},{"time":0.2333,"name":"skill2_01"},{"time":0.3333,"name":"skill2_02"},{"time":0.6333,"name":"skill2_03"},{"time":0.9,"name":"attack_05"},{"time":1,"name":"idle_00"}]}},"bones":{"MAIN":{"translate":[{"time":0,"x":0,"y":0,"curve":"stepped"},{"time":0.6,"x":0,"y":1.27,"curve":"stepped"},{"time":0.6333,"x":0,"y":-1.27,"curve":"stepped"},{"time":0.6666,"x":0,"y":0}]}}}}}