{"skeleton":{"hash":"W07vbJFELW56s8NTAEjVvtoeweE","spine":"3.0.12","width":712,"height":712},"bones":[{"name":"root"},{"name":"ef","parent":"root"},{"name":"ef_water_wave_green","parent":"ef","x":-500},{"name":"ef_water_sprash2","parent":"ef","x":-450},{"name":"ef_water_sprash","parent":"ef","x":-450},{"name":"ef_tuti_green2","parent":"ef","x":-550},{"name":"ef_tuti_green","parent":"ef","x":-550},{"name":"ef_stamp_main","parent":"ef","x":-150},{"name":"ef_smash_wave_A_green2","parent":"ef","x":-400},{"name":"ef_smash_wave_A_green","parent":"ef","x":-400},{"name":"ef_slash_sprash","parent":"ef","x":-350},{"name":"ef_slash_shake","parent":"ef"},{"name":"ef_slash_C","parent":"ef","x":-300},{"name":"ef_slash_B","parent":"ef","x":-250},{"name":"ef_slash_A","parent":"ef","x":-200},{"name":"ef_graund_wave_green4","parent":"ef","x":-100},{"name":"ef_graund_wave_green3","parent":"ef","x":-100},{"name":"ef_graund_wave_green2","parent":"ef","x":-100},{"name":"ef_graund_wave_green","parent":"ef","x":-100},{"name":"ef_dash_green3","parent":"ef","x":-50},{"name":"ef_dash_green2","parent":"ef","x":-50},{"name":"ef_dash_green","parent":"ef","x":-50},{"name":"EF_eye_shine","parent":"ef"},{"name":"EF_eye","parent":"ef"},{"name":"MAIN3","parent":"root","y":65},{"name":"MAIN2","parent":"root","y":65},{"name":"MAIN","parent":"root","y":65},{"name":"c_ef","parent":"MAIN"},{"name":"b_ef","parent":"MAIN"},{"name":"a_ef","parent":"MAIN"},{"name":"HITBOX","parent":"MAIN","y":-65},{"name":"DAMAGEAREA","parent":"root"}],"slots":[{"name":"ef_water_wave_green","bone":"ef_water_wave_green","blend":"additive"},{"name":"ef_water_wave_green2","bone":"ef_water_wave_green","blend":"additive"},{"name":"ef_graund_wave_green","bone":"ef_graund_wave_green","blend":"additive"},{"name":"ef_graund_wave_green2","bone":"ef_graund_wave_green2","blend":"additive"},{"name":"ef_graund_wave_green3","bone":"ef_graund_wave_green3","blend":"additive"},{"name":"ef_graund_wave_green4","bone":"ef_graund_wave_green4","blend":"additive"},{"name":"MAIN","bone":"MAIN","attachment":"idle_00"},{"name":"MAIN2","bone":"MAIN2","blend":"additive"},{"name":"MAIN3","bone":"MAIN3","blend":"additive"},{"name":"ef_tuti_green","bone":"ef_tuti_green","blend":"additive"},{"name":"ef_tuti_green3","bone":"ef_tuti_green2","blend":"additive"},{"name":"ef_tuti_green2","bone":"ef_tuti_green","blend":"additive"},{"name":"ef_tuti_green4","bone":"ef_tuti_green2","blend":"additive"},{"name":"attack1_02_ef","bone":"a_ef","color":"00ff53ff","blend":"additive"},{"name":"attack1_04_ef","bone":"c_ef","color":"00ff53ff","blend":"additive"},{"name":"EF_eye_shine","bone":"EF_eye_shine","blend":"additive"},{"name":"EF/sphire","bone":"EF_eye","blend":"additive"},{"name":"skill2_05a_ef","bone":"b_ef"},{"name":"ef_stamp_main","bone":"ef_stamp_main","blend":"additive"},{"name":"ef_dash_green","bone":"ef_dash_green","blend":"additive"},{"name":"ef_dash_green2","bone":"ef_dash_green2","blend":"additive"},{"name":"ef_dash_green3","bone":"ef_dash_green3","blend":"additive"},{"name":"ef_slash_sprash","bone":"ef_slash_sprash","blend":"additive"},{"name":"ef_slash_shake","bone":"ef_slash_shake","blend":"additive"},{"name":"ef_slash_A","bone":"ef_slash_A","blend":"additive"},{"name":"ef_slash_B","bone":"ef_slash_B","blend":"additive"},{"name":"ef_slash_C","bone":"ef_slash_C","blend":"additive"},{"name":"ef_smash_wave_A_green","bone":"ef_smash_wave_A_green","blend":"additive"},{"name":"ef_smash_wave_A_green2","bone":"ef_smash_wave_A_green2","blend":"additive"},{"name":"ef_water_sprash","bone":"ef_water_sprash","blend":"additive"},{"name":"ef_water_sprash2","bone":"ef_water_sprash2","blend":"additive"},{"name":"DAMAGEAREA","bone":"DAMAGEAREA"},{"name":"HITBOX","bone":"HITBOX","attachment":"HITBOX"}],"skins":{"default":{"DAMAGEAREA":{"DAMAGEAREA":{"type":"boundingbox","vertices":[97.75626,-97.50468,98.54926,99.15911,-98.90762,97.57312,-98.90762,-96.71169]}},"EF/sphire":{"EF/sphire":{"width":200,"height":200}},"EF_eye_shine":{"EF/eye_shine/ef_shine_main_00001":{"width":188,"height":188},"EF/eye_shine/ef_shine_main_00002":{"width":188,"height":188},"EF/eye_shine/ef_shine_main_00008":{"width":188,"height":188},"EF/eye_shine/ef_shine_main_00009":{"width":188,"height":188},"EF/eye_shine/ef_shine_main_00010":{"width":188,"height":188}},"HITBOX":{"HITBOX":{"type":"boundingbox","vertices":[-27.55265,0.9024,26.0793,0.9024,24.40332,111.51831,-27.55265,112.35629]}},"MAIN":{"attack1_00":{"y":6.02,"scaleX":2,"scaleY":2,"width":356,"height":356},"attack1_01":{"y":6.02,"scaleX":2,"scaleY":2,"width":356,"height":356},"attack1_02":{"y":6.02,"scaleX":2,"scaleY":2,"width":356,"height":356},"attack1_03":{"y":6.02,"scaleX":2,"scaleY":2,"width":356,"height":356},"attack1_04":{"y":6.02,"scaleX":2,"scaleY":2,"width":356,"height":356},"attack1_05":{"y":6.02,"scaleX":2,"scaleY":2,"width":356,"height":356},"attack1_06":{"y":6.02,"scaleX":2,"scaleY":2,"width":356,"height":356},"attack1_07":{"y":6.02,"scaleX":2,"scaleY":2,"width":356,"height":356},"attack1_08":{"y":6.02,"scaleX":2,"scaleY":2,"width":356,"height":356},"attack1_09":{"y":6.02,"scaleX":2,"scaleY":2,"width":356,"height":356},"attack1_10":{"y":6.02,"scaleX":2,"scaleY":2,"width":356,"height":356},"attack1_11":{"y":6.02,"scaleX":2,"scaleY":2,"width":356,"height":356},"attack1_12":{"y":6.02,"scaleX":2,"scaleY":2,"width":356,"height":356},"attack1_13":{"y":6.02,"scaleX":2,"scaleY":2,"width":356,"height":356},"back_00":{"y":6.02,"scaleX":2,"scaleY":2,"width":356,"height":356},"damage_00":{"y":6.02,"scaleX":2,"scaleY":2,"width":356,"height":356},"front_00":{"y":6.02,"scaleX":2,"scaleY":2,"width":356,"height":356},"idle2_00":{"y":6.02,"scaleX":2,"scaleY":2,"width":356,"height":356},"idle_00":{"y":6.02,"scaleX":2,"scaleY":2,"width":356,"height":356},"idle_01":{"y":6.02,"scaleX":2,"scaleY":2,"width":356,"height":356},"idle_02":{"y":6.02,"scaleX":2,"scaleY":2,"width":356,"height":356},"idle_03":{"y":6.02,"scaleX":2,"scaleY":2,"width":356,"height":356},"skill1_00":{"y":6.02,"scaleX":2,"scaleY":2,"width":356,"height":356},"skill1_01":{"y":6.02,"scaleX":2,"scaleY":2,"width":356,"height":356},"skill1_02":{"y":6.02,"scaleX":2,"scaleY":2,"width":356,"height":356},"skill1_03":{"y":6.02,"scaleX":2,"scaleY":2,"width":356,"height":356},"skill1_05":{"y":6.02,"scaleX":2,"scaleY":2,"width":356,"height":356},"skill1_06":{"y":6.02,"scaleX":2,"scaleY":2,"width":356,"height":356},"skill1_07":{"y":6.02,"scaleX":2,"scaleY":2,"width":356,"height":356},"skill1_09":{"y":6.02,"scaleX":2,"scaleY":2,"width":356,"height":356},"skill1_10":{"y":6.02,"scaleX":2,"scaleY":2,"width":356,"height":356},"skill1_11":{"y":6.02,"scaleX":2,"scaleY":2,"width":356,"height":356},"skill1_04a":{"y":6.02,"scaleX":2,"scaleY":2,"width":356,"height":356},"skill1_04b":{"y":6.02,"scaleX":2,"scaleY":2,"width":356,"height":356},"skill1_08a":{"y":6.02,"scaleX":2,"scaleY":2,"width":356,"height":356},"skill1_08b":{"y":6.02,"scaleX":2,"scaleY":2,"width":356,"height":356},"skill2_00":{"y":6.02,"scaleX":2,"scaleY":2,"width":356,"height":356},"skill2_01":{"y":6.02,"scaleX":2,"scaleY":2,"width":356,"height":356},"skill2_02":{"y":6.02,"scaleX":2,"scaleY":2,"width":356,"height":356},"skill2_03":{"y":6.02,"scaleX":2,"scaleY":2,"width":356,"height":356},"skill2_06":{"y":6.02,"scaleX":2,"scaleY":2,"width":356,"height":356},"skill2_07":{"y":6.02,"scaleX":2,"scaleY":2,"width":356,"height":356},"skill2_077":{"y":6.02,"scaleX":2,"scaleY":2,"width":356,"height":356},"skill2_0777":{"y":6.02,"scaleX":2,"scaleY":2,"width":356,"height":356},"skill2_04a":{"y":6.02,"scaleX":2,"scaleY":2,"width":356,"height":356},"skill2_04b":{"y":6.02,"scaleX":2,"scaleY":2,"width":356,"height":356},"skill2_05a":{"y":6.02,"scaleX":2,"scaleY":2,"width":356,"height":356},"skill2_05b":{"y":6.02,"scaleX":2,"scaleY":2,"width":356,"height":356},"skill2_05c":{"y":6.02,"scaleX":2,"scaleY":2,"width":356,"height":356},"skill3_00":{"y":6.02,"scaleX":2,"scaleY":2,"width":356,"height":356},"skill3_01":{"y":6.02,"scaleX":2,"scaleY":2,"width":356,"height":356},"skill3_2_00":{"y":6.02,"scaleX":2,"scaleY":2,"width":356,"height":356},"skill3_2_01":{"y":6.02,"scaleX":2,"scaleY":2,"width":356,"height":356},"skill3_2_02":{"y":6.02,"scaleX":2,"scaleY":2,"width":356,"height":356},"skill3_2_04":{"y":6.02,"scaleX":2,"scaleY":2,"width":356,"height":356},"skill3_2_05":{"y":6.02,"scaleX":2,"scaleY":2,"width":356,"height":356},"skill3_2_06":{"y":6.02,"scaleX":2,"scaleY":2,"width":356,"height":356},"skill3_2_07":{"y":6.02,"scaleX":2,"scaleY":2,"width":356,"height":356},"skill3_2_03a":{"y":6.02,"scaleX":2,"scaleY":2,"width":356,"height":356}},"MAIN2":{"skill1_00":{"y":6.02,"scaleX":2,"scaleY":2,"width":356,"height":356},"skill1_01":{"y":6.02,"scaleX":2,"scaleY":2,"width":356,"height":356},"skill1_02":{"y":6.02,"scaleX":2,"scaleY":2,"width":356,"height":356},"skill1_03":{"y":6.02,"scaleX":2,"scaleY":2,"width":356,"height":356},"skill1_05":{"y":6.02,"scaleX":2,"scaleY":2,"width":356,"height":356},"skill1_06":{"y":6.02,"scaleX":2,"scaleY":2,"width":356,"height":356},"skill1_07":{"y":6.02,"scaleX":2,"scaleY":2,"width":356,"height":356},"skill1_09":{"y":6.02,"scaleX":2,"scaleY":2,"width":356,"height":356},"skill1_10":{"y":6.02,"scaleX":2,"scaleY":2,"width":356,"height":356},"skill1_11":{"y":6.02,"scaleX":2,"scaleY":2,"width":356,"height":356},"skill1_04a":{"y":6.02,"scaleX":2,"scaleY":2,"width":356,"height":356},"skill1_04b":{"y":6.02,"scaleX":2,"scaleY":2,"width":356,"height":356},"skill1_08a":{"y":6.02,"scaleX":2,"scaleY":2,"width":356,"height":356},"skill1_08b":{"y":6.02,"scaleX":2,"scaleY":2,"width":356,"height":356},"skill2_01":{"y":6.02,"scaleX":2,"scaleY":2,"width":356,"height":356},"skill2_02":{"y":6.02,"scaleX":2,"scaleY":2,"width":356,"height":356},"skill2_03":{"y":6.02,"scaleX":2,"scaleY":2,"width":356,"height":356},"skill3_2_04":{"y":6.02,"scaleX":2,"scaleY":2,"width":356,"height":356}},"MAIN3":{"skill1_00":{"y":6.02,"scaleX":2,"scaleY":2,"width":356,"height":356},"skill1_01":{"y":6.02,"scaleX":2,"scaleY":2,"width":356,"height":356},"skill1_02":{"y":6.02,"scaleX":2,"scaleY":2,"width":356,"height":356},"skill1_03":{"y":6.02,"scaleX":2,"scaleY":2,"width":356,"height":356},"skill1_05":{"y":6.02,"scaleX":2,"scaleY":2,"width":356,"height":356},"skill1_06":{"y":6.02,"scaleX":2,"scaleY":2,"width":356,"height":356},"skill1_07":{"y":6.02,"scaleX":2,"scaleY":2,"width":356,"height":356},"skill1_09":{"y":6.02,"scaleX":2,"scaleY":2,"width":356,"height":356},"skill1_10":{"y":6.02,"scaleX":2,"scaleY":2,"width":356,"height":356},"skill1_11":{"y":6.02,"scaleX":2,"scaleY":2,"width":356,"height":356},"skill1_04a":{"y":6.02,"scaleX":2,"scaleY":2,"width":356,"height":356},"skill1_04b":{"y":6.02,"scaleX":2,"scaleY":2,"width":356,"height":356},"skill1_08a":{"y":6.02,"scaleX":2,"scaleY":2,"width":356,"height":356},"skill1_08b":{"y":6.02,"scaleX":2,"scaleY":2,"width":356,"height":356},"skill2_01":{"y":6.02,"scaleX":2,"scaleY":2,"width":356,"height":356},"skill2_02":{"y":6.02,"scaleX":2,"scaleY":2,"width":356,"height":356},"skill2_03":{"y":6.02,"scaleX":2,"scaleY":2,"width":356,"height":356},"skill3_2_04":{"y":6.02,"scaleX":2,"scaleY":2,"width":356,"height":356}},"attack1_02_ef":{"attack1_02_ef":{"scaleX":2,"scaleY":2,"width":356,"height":356},"attack1_02_ef2":{"scaleX":2,"scaleY":2,"width":356,"height":356},"attack1_02_ef3":{"scaleX":2,"scaleY":2,"width":356,"height":356},"attack1_03_ef":{"scaleX":2,"scaleY":2,"width":356,"height":356},"attack1_04_ef2":{"scaleX":2,"scaleY":2,"width":356,"height":356},"attack1_05_ef2":{"scaleX":2,"scaleY":2,"width":356,"height":356},"attack1_06_ef2":{"scaleX":2,"scaleY":2,"width":356,"height":356},"attack1_07_ef":{"scaleX":2,"scaleY":2,"width":356,"height":356},"attack1_07_ef2":{"scaleX":2,"scaleY":2,"width":356,"height":356},"attack1_08_ef":{"scaleX":2,"scaleY":2,"width":356,"height":356},"attack1_09_ef":{"scaleX":2,"scaleY":2,"width":356,"height":356},"attack1_10_ef":{"scaleX":2,"scaleY":2,"width":356,"height":356},"attack1_11_ef":{"scaleX":2,"scaleY":2,"width":356,"height":356},"attack1_12_ef":{"scaleX":2,"scaleY":2,"width":356,"height":356},"attack1_13_ef":{"scaleX":2,"scaleY":2,"width":356,"height":356},"attack1_13_ef2":{"scaleX":2,"scaleY":2,"width":356,"height":356},"skill1_03_ef":{"scaleX":2,"scaleY":2,"width":356,"height":356},"skill1_04a_ef":{"scaleX":2,"scaleY":2,"width":356,"height":356},"skill1_04b_ef":{"scaleX":2,"scaleY":2,"width":356,"height":356},"skill1_05_ef":{"scaleX":2,"scaleY":2,"width":356,"height":356},"skill2_00_ef":{"scaleX":2,"scaleY":2,"width":356,"height":356},"skill2_00_ef2":{"scaleX":2,"scaleY":2,"width":356,"height":356},"skill2_04a_ef":{"scaleX":2,"scaleY":2,"width":356,"height":356},"skill2_04b_ef":{"scaleX":2,"scaleY":2,"width":356,"height":356},"skill2_06_ef":{"scaleX":2,"scaleY":2,"width":356,"height":356},"skill2_07_ef":{"scaleX":2,"scaleY":2,"width":356,"height":356},"skill2_07_ef2":{"scaleX":2,"scaleY":2,"width":356,"height":356},"skill2_07_ef3":{"scaleX":2,"scaleY":2,"width":356,"height":356},"skill2_ef":{"scaleX":2,"scaleY":2,"width":356,"height":356}},"attack1_04_ef":{"attack1_04_ef":{"scaleX":2,"scaleY":2,"width":356,"height":356},"attack1_05_ef":{"scaleX":2,"scaleY":2,"width":356,"height":356}},"ef_dash_green":{"EF/0h/s123_ef_dash_green/ef_dash_green_00001":{"x":3.79,"y":32.61,"width":300,"height":300},"EF/0h/s123_ef_dash_green/ef_dash_green_00002":{"x":3.79,"y":32.61,"width":300,"height":300},"EF/0h/s123_ef_dash_green/ef_dash_green_00003":{"x":3.79,"y":32.61,"width":300,"height":300},"EF/0h/s123_ef_dash_green/ef_dash_green_00004":{"x":3.79,"y":32.61,"width":300,"height":300},"EF/0h/s123_ef_dash_green/ef_dash_green_00005":{"x":3.79,"y":32.61,"width":300,"height":300},"EF/0h/s123_ef_dash_green/ef_dash_green_00006":{"x":3.79,"y":32.61,"width":300,"height":300},"EF/0h/s123_ef_dash_green/ef_dash_green_00007":{"x":3.79,"y":32.61,"width":300,"height":300},"EF/0h/s123_ef_dash_green/ef_dash_green_00008":{"x":3.79,"y":32.61,"width":300,"height":300},"EF/0h/s123_ef_dash_green/ef_dash_green_00009":{"x":3.79,"y":32.61,"width":300,"height":300},"EF/0h/s123_ef_dash_green/ef_dash_green_00010":{"x":3.79,"y":32.61,"width":300,"height":300},"EF/0h/s123_ef_dash_green/ef_dash_green_00011":{"x":3.79,"y":32.61,"width":300,"height":300},"EF/0h/s123_ef_dash_green/ef_dash_green_00012":{"x":3.79,"y":32.61,"width":300,"height":300},"EF/0h/s123_ef_dash_green/ef_dash_green_00013":{"x":3.79,"y":32.61,"width":300,"height":300}},"ef_dash_green2":{"EF/0h/s123_ef_dash_green/ef_dash_green_00001":{"x":3.79,"y":32.61,"width":300,"height":300},"EF/0h/s123_ef_dash_green/ef_dash_green_00002":{"x":3.79,"y":32.61,"width":300,"height":300},"EF/0h/s123_ef_dash_green/ef_dash_green_00003":{"x":3.79,"y":32.61,"width":300,"height":300},"EF/0h/s123_ef_dash_green/ef_dash_green_00004":{"x":3.79,"y":32.61,"width":300,"height":300},"EF/0h/s123_ef_dash_green/ef_dash_green_00005":{"x":3.79,"y":32.61,"width":300,"height":300},"EF/0h/s123_ef_dash_green/ef_dash_green_00006":{"x":3.79,"y":32.61,"width":300,"height":300},"EF/0h/s123_ef_dash_green/ef_dash_green_00007":{"x":3.79,"y":32.61,"width":300,"height":300},"EF/0h/s123_ef_dash_green/ef_dash_green_00008":{"x":3.79,"y":32.61,"width":300,"height":300},"EF/0h/s123_ef_dash_green/ef_dash_green_00009":{"x":3.79,"y":32.61,"width":300,"height":300},"EF/0h/s123_ef_dash_green/ef_dash_green_00010":{"x":3.79,"y":32.61,"width":300,"height":300},"EF/0h/s123_ef_dash_green/ef_dash_green_00011":{"x":3.79,"y":32.61,"width":300,"height":300},"EF/0h/s123_ef_dash_green/ef_dash_green_00012":{"x":3.79,"y":32.61,"width":300,"height":300},"EF/0h/s123_ef_dash_green/ef_dash_green_00013":{"x":3.79,"y":32.61,"width":300,"height":300}},"ef_dash_green3":{"EF/0h/s123_ef_dash_green/ef_dash_green_00001":{"x":3.79,"y":32.61,"width":300,"height":300},"EF/0h/s123_ef_dash_green/ef_dash_green_00002":{"x":3.79,"y":32.61,"width":300,"height":300},"EF/0h/s123_ef_dash_green/ef_dash_green_00003":{"x":3.79,"y":32.61,"width":300,"height":300},"EF/0h/s123_ef_dash_green/ef_dash_green_00004":{"x":3.79,"y":32.61,"width":300,"height":300},"EF/0h/s123_ef_dash_green/ef_dash_green_00005":{"x":3.79,"y":32.61,"width":300,"height":300},"EF/0h/s123_ef_dash_green/ef_dash_green_00006":{"x":3.79,"y":32.61,"width":300,"height":300},"EF/0h/s123_ef_dash_green/ef_dash_green_00007":{"x":3.79,"y":32.61,"width":300,"height":300},"EF/0h/s123_ef_dash_green/ef_dash_green_00008":{"x":3.79,"y":32.61,"width":300,"height":300},"EF/0h/s123_ef_dash_green/ef_dash_green_00009":{"x":3.79,"y":32.61,"width":300,"height":300},"EF/0h/s123_ef_dash_green/ef_dash_green_00010":{"x":3.79,"y":32.61,"width":300,"height":300},"EF/0h/s123_ef_dash_green/ef_dash_green_00011":{"x":3.79,"y":32.61,"width":300,"height":300},"EF/0h/s123_ef_dash_green/ef_dash_green_00012":{"x":3.79,"y":32.61,"width":300,"height":300},"EF/0h/s123_ef_dash_green/ef_dash_green_00013":{"x":3.79,"y":32.61,"width":300,"height":300}},"ef_graund_wave_green":{"EF/0h/s123_ef_graund_wave_green/ef_graund_wave_green_00002":{"y":10.83,"width":300,"height":300},"EF/0h/s123_ef_graund_wave_green/ef_graund_wave_green_00003":{"y":10.83,"width":300,"height":300},"EF/0h/s123_ef_graund_wave_green/ef_graund_wave_green_00004":{"y":10.83,"width":300,"height":300},"EF/0h/s123_ef_graund_wave_green/ef_graund_wave_green_00005":{"y":10.83,"width":300,"height":300},"EF/0h/s123_ef_graund_wave_green/ef_graund_wave_green_00006":{"y":10.83,"width":300,"height":300},"EF/0h/s123_ef_graund_wave_green/ef_graund_wave_green_00007":{"y":10.83,"width":300,"height":300},"EF/0h/s123_ef_graund_wave_green/ef_graund_wave_green_00008":{"y":10.83,"width":300,"height":300},"EF/0h/s123_ef_graund_wave_green/ef_graund_wave_green_00009":{"y":10.83,"width":300,"height":300},"EF/0h/s123_ef_graund_wave_green/ef_graund_wave_green_00010":{"y":10.83,"width":300,"height":300},"EF/0h/s123_ef_graund_wave_green/ef_graund_wave_green_00011":{"y":10.83,"width":300,"height":300},"EF/0h/s123_ef_graund_wave_green/ef_graund_wave_green_00012":{"y":10.83,"width":300,"height":300},"EF/0h/s123_ef_graund_wave_green/ef_graund_wave_green_00013":{"y":10.83,"width":300,"height":300}},"ef_graund_wave_green2":{"EF/0h/s123_ef_graund_wave_green/ef_graund_wave_green_00002":{"y":10.83,"width":300,"height":300},"EF/0h/s123_ef_graund_wave_green/ef_graund_wave_green_00003":{"y":10.83,"width":300,"height":300},"EF/0h/s123_ef_graund_wave_green/ef_graund_wave_green_00004":{"y":10.83,"width":300,"height":300},"EF/0h/s123_ef_graund_wave_green/ef_graund_wave_green_00005":{"y":10.83,"width":300,"height":300},"EF/0h/s123_ef_graund_wave_green/ef_graund_wave_green_00006":{"y":10.83,"width":300,"height":300},"EF/0h/s123_ef_graund_wave_green/ef_graund_wave_green_00007":{"y":10.83,"width":300,"height":300},"EF/0h/s123_ef_graund_wave_green/ef_graund_wave_green_00008":{"y":10.83,"width":300,"height":300},"EF/0h/s123_ef_graund_wave_green/ef_graund_wave_green_00009":{"y":10.83,"width":300,"height":300},"EF/0h/s123_ef_graund_wave_green/ef_graund_wave_green_00010":{"y":10.83,"width":300,"height":300},"EF/0h/s123_ef_graund_wave_green/ef_graund_wave_green_00011":{"y":10.83,"width":300,"height":300},"EF/0h/s123_ef_graund_wave_green/ef_graund_wave_green_00012":{"y":10.83,"width":300,"height":300},"EF/0h/s123_ef_graund_wave_green/ef_graund_wave_green_00013":{"y":10.83,"width":300,"height":300}},"ef_graund_wave_green3":{"EF/0h/s123_ef_graund_wave_green/ef_graund_wave_green_00002":{"y":10.83,"width":300,"height":300},"EF/0h/s123_ef_graund_wave_green/ef_graund_wave_green_00003":{"y":10.83,"width":300,"height":300},"EF/0h/s123_ef_graund_wave_green/ef_graund_wave_green_00004":{"y":10.83,"width":300,"height":300},"EF/0h/s123_ef_graund_wave_green/ef_graund_wave_green_00005":{"y":10.83,"width":300,"height":300},"EF/0h/s123_ef_graund_wave_green/ef_graund_wave_green_00006":{"y":10.83,"width":300,"height":300},"EF/0h/s123_ef_graund_wave_green/ef_graund_wave_green_00007":{"y":10.83,"width":300,"height":300},"EF/0h/s123_ef_graund_wave_green/ef_graund_wave_green_00008":{"y":10.83,"width":300,"height":300},"EF/0h/s123_ef_graund_wave_green/ef_graund_wave_green_00009":{"y":10.83,"width":300,"height":300},"EF/0h/s123_ef_graund_wave_green/ef_graund_wave_green_00010":{"y":10.83,"width":300,"height":300},"EF/0h/s123_ef_graund_wave_green/ef_graund_wave_green_00011":{"y":10.83,"width":300,"height":300},"EF/0h/s123_ef_graund_wave_green/ef_graund_wave_green_00012":{"y":10.83,"width":300,"height":300},"EF/0h/s123_ef_graund_wave_green/ef_graund_wave_green_00013":{"y":10.83,"width":300,"height":300}},"ef_graund_wave_green4":{"EF/0h/s123_ef_graund_wave_green/ef_graund_wave_green_00002":{"y":10.83,"width":300,"height":300},"EF/0h/s123_ef_graund_wave_green/ef_graund_wave_green_00003":{"y":10.83,"width":300,"height":300},"EF/0h/s123_ef_graund_wave_green/ef_graund_wave_green_00004":{"y":10.83,"width":300,"height":300},"EF/0h/s123_ef_graund_wave_green/ef_graund_wave_green_00005":{"y":10.83,"width":300,"height":300},"EF/0h/s123_ef_graund_wave_green/ef_graund_wave_green_00006":{"y":10.83,"width":300,"height":300},"EF/0h/s123_ef_graund_wave_green/ef_graund_wave_green_00007":{"y":10.83,"width":300,"height":300},"EF/0h/s123_ef_graund_wave_green/ef_graund_wave_green_00008":{"y":10.83,"width":300,"height":300},"EF/0h/s123_ef_graund_wave_green/ef_graund_wave_green_00009":{"y":10.83,"width":300,"height":300},"EF/0h/s123_ef_graund_wave_green/ef_graund_wave_green_00010":{"y":10.83,"width":300,"height":300},"EF/0h/s123_ef_graund_wave_green/ef_graund_wave_green_00011":{"y":10.83,"width":300,"height":300},"EF/0h/s123_ef_graund_wave_green/ef_graund_wave_green_00012":{"y":10.83,"width":300,"height":300},"EF/0h/s123_ef_graund_wave_green/ef_graund_wave_green_00013":{"y":10.83,"width":300,"height":300}},"ef_slash_A":{"EF/0h/s1_ef_slash_A_main/ef_slash_A_main_00001":{"width":224,"height":96},"EF/0h/s1_ef_slash_A_main/ef_slash_A_main_00002":{"width":224,"height":96},"EF/0h/s1_ef_slash_A_main/ef_slash_A_main_00003":{"width":224,"height":96},"EF/0h/s1_ef_slash_A_main/ef_slash_A_main_00004":{"width":224,"height":96},"EF/0h/s1_ef_slash_A_main/ef_slash_A_main_00005":{"width":224,"height":96},"EF/0h/s1_ef_slash_A_main/ef_slash_A_main_00006":{"width":224,"height":96},"EF/0h/s1_ef_slash_A_main/ef_slash_A_main_00007":{"width":224,"height":96},"EF/0h/s1_ef_slash_A_main/ef_slash_A_main_00008":{"width":224,"height":96},"EF/0h/s1_ef_slash_A_main/ef_slash_A_main_00009":{"width":224,"height":96}},"ef_slash_B":{"EF/0h/s2_ef_slash_B_main/ef_slash_B_main_00001":{"width":196,"height":196},"EF/0h/s2_ef_slash_B_main/ef_slash_B_main_00002":{"width":196,"height":196},"EF/0h/s2_ef_slash_B_main/ef_slash_B_main_00003":{"width":196,"height":196},"EF/0h/s2_ef_slash_B_main/ef_slash_B_main_00004":{"width":196,"height":196},"EF/0h/s2_ef_slash_B_main/ef_slash_B_main_00005":{"width":196,"height":196},"EF/0h/s2_ef_slash_B_main/ef_slash_B_main_00006":{"width":196,"height":196},"EF/0h/s2_ef_slash_B_main/ef_slash_B_main_00007":{"width":196,"height":196},"EF/0h/s2_ef_slash_B_main/ef_slash_B_main_00008":{"width":196,"height":196},"EF/0h/s2_ef_slash_B_main/ef_slash_B_main_00009":{"width":196,"height":196}},"ef_slash_C":{"EF/0h/s3_ef_slash_C_main/ef_slash_C_main_00001":{"width":160,"height":128},"EF/0h/s3_ef_slash_C_main/ef_slash_C_main_00002":{"width":160,"height":128},"EF/0h/s3_ef_slash_C_main/ef_slash_C_main_00003":{"width":160,"height":128},"EF/0h/s3_ef_slash_C_main/ef_slash_C_main_00004":{"width":160,"height":128},"EF/0h/s3_ef_slash_C_main/ef_slash_C_main_00005":{"width":160,"height":128},"EF/0h/s3_ef_slash_C_main/ef_slash_C_main_00006":{"width":160,"height":128},"EF/0h/s3_ef_slash_C_main/ef_slash_C_main_00007":{"width":160,"height":128},"EF/0h/s3_ef_slash_C_main/ef_slash_C_main_00008":{"width":160,"height":128},"EF/0h/s3_ef_slash_C_main/ef_slash_C_main_00009":{"width":160,"height":128}},"ef_slash_shake":{"EF/0h/ef_slash_shake_main/ef_slash_shake_main_00001":{"width":120,"height":120},"EF/0h/ef_slash_shake_main/ef_slash_shake_main_00002":{"width":120,"height":120},"EF/0h/ef_slash_shake_main/ef_slash_shake_main_00003":{"width":120,"height":120},"EF/0h/ef_slash_shake_main/ef_slash_shake_main_00004":{"width":120,"height":120},"EF/0h/ef_slash_shake_main/ef_slash_shake_main_00005":{"width":120,"height":120},"EF/0h/ef_slash_shake_main/ef_slash_shake_main_00006":{"width":120,"height":120},"EF/0h/ef_slash_shake_main/ef_slash_shake_main_00007":{"width":120,"height":120},"EF/0h/ef_slash_shake_main/ef_slash_shake_main_00008":{"width":120,"height":120},"EF/0h/ef_slash_shake_main/ef_slash_shake_main_00009":{"width":120,"height":120},"EF/0h/ef_slash_shake_main/ef_slash_shake_main_00010":{"width":120,"height":120},"EF/0h/ef_slash_shake_main/ef_slash_shake_main_00011":{"width":120,"height":120},"EF/0h/ef_slash_shake_main/ef_slash_shake_main_00012":{"width":120,"height":120}},"ef_slash_sprash":{"EF/0h/s2_ef_slash_sprash_main/ef_slash_sprash_main_00001":{"y":-53.55,"width":160,"height":160},"EF/0h/s2_ef_slash_sprash_main/ef_slash_sprash_main_00002":{"y":-53.55,"width":160,"height":160},"EF/0h/s2_ef_slash_sprash_main/ef_slash_sprash_main_00003":{"y":-53.55,"width":160,"height":160}},"ef_smash_wave_A_green":{"EF/0h/s3_smash_wave_A_green/ef_smash_wave_A_green_00001":{"x":2.05,"width":154,"height":205},"EF/0h/s3_smash_wave_A_green/ef_smash_wave_A_green_00002":{"x":2.05,"width":154,"height":205},"EF/0h/s3_smash_wave_A_green/ef_smash_wave_A_green_00003":{"x":2.05,"width":154,"height":205},"EF/0h/s3_smash_wave_A_green/ef_smash_wave_A_green_00004":{"x":2.05,"width":154,"height":205},"EF/0h/s3_smash_wave_A_green/ef_smash_wave_A_green_00005":{"x":2.05,"width":154,"height":205}},"ef_smash_wave_A_green2":{"EF/0h/s3_smash_wave_A_green/ef_smash_wave_A_green_00001":{"x":2.05,"width":154,"height":205},"EF/0h/s3_smash_wave_A_green/ef_smash_wave_A_green_00002":{"x":2.05,"width":154,"height":205},"EF/0h/s3_smash_wave_A_green/ef_smash_wave_A_green_00003":{"x":2.05,"width":154,"height":205},"EF/0h/s3_smash_wave_A_green/ef_smash_wave_A_green_00004":{"x":2.05,"width":154,"height":205},"EF/0h/s3_smash_wave_A_green/ef_smash_wave_A_green_00005":{"x":2.05,"width":154,"height":205}},"ef_stamp_main":{"EF/0h/s123_ef_stamp_main/ef_stamp_main_00001":{"width":216,"height":216},"EF/0h/s123_ef_stamp_main/ef_stamp_main_00002":{"width":216,"height":216},"EF/0h/s123_ef_stamp_main/ef_stamp_main_00003":{"width":216,"height":216}},"ef_tuti_green":{"EF/s23_ef_tuti_green/ef_tuti_green_00001":{"y":8.68,"width":207,"height":139},"EF/s23_ef_tuti_green/ef_tuti_green_00002":{"y":8.68,"width":207,"height":139},"EF/s23_ef_tuti_green/ef_tuti_green_00003":{"y":8.68,"width":207,"height":139},"EF/s23_ef_tuti_green/ef_tuti_green_00004":{"y":8.68,"width":207,"height":139},"EF/s23_ef_tuti_green/ef_tuti_green_00005":{"y":8.68,"width":207,"height":139},"EF/s23_ef_tuti_green/ef_tuti_green_00006":{"y":8.68,"width":207,"height":139},"EF/s23_ef_tuti_green/ef_tuti_green_00007":{"y":8.68,"width":207,"height":139},"EF/s23_ef_tuti_green/ef_tuti_green_00008":{"y":8.68,"width":207,"height":139},"EF/s23_ef_tuti_green/ef_tuti_green_00009":{"y":8.68,"width":207,"height":139},"EF/s23_ef_tuti_green/ef_tuti_green_00010":{"y":8.68,"width":207,"height":139},"EF/s23_ef_tuti_green/ef_tuti_green_00011":{"y":8.68,"width":207,"height":139},"EF/s23_ef_tuti_green/ef_tuti_green_00012":{"y":8.68,"width":207,"height":139},"EF/s23_ef_tuti_green/ef_tuti_green_00013":{"y":8.68,"width":207,"height":139},"EF/s23_ef_tuti_green/ef_tuti_green_00014":{"y":8.68,"width":207,"height":139},"EF/s23_ef_tuti_green/ef_tuti_green_00015":{"y":8.68,"width":207,"height":139},"EF/s23_ef_tuti_green/ef_tuti_green_00016":{"y":8.68,"width":207,"height":139}},"ef_tuti_green2":{"EF/s23_ef_tuti_green/ef_tuti_green_00001":{"y":8.68,"width":207,"height":139},"EF/s23_ef_tuti_green/ef_tuti_green_00002":{"y":8.68,"width":207,"height":139},"EF/s23_ef_tuti_green/ef_tuti_green_00003":{"y":8.68,"width":207,"height":139},"EF/s23_ef_tuti_green/ef_tuti_green_00004":{"y":8.68,"width":207,"height":139},"EF/s23_ef_tuti_green/ef_tuti_green_00005":{"y":8.68,"width":207,"height":139},"EF/s23_ef_tuti_green/ef_tuti_green_00006":{"y":8.68,"width":207,"height":139},"EF/s23_ef_tuti_green/ef_tuti_green_00007":{"y":8.68,"width":207,"height":139},"EF/s23_ef_tuti_green/ef_tuti_green_00008":{"y":8.68,"width":207,"height":139},"EF/s23_ef_tuti_green/ef_tuti_green_00009":{"y":8.68,"width":207,"height":139},"EF/s23_ef_tuti_green/ef_tuti_green_00010":{"y":8.68,"width":207,"height":139},"EF/s23_ef_tuti_green/ef_tuti_green_00011":{"y":8.68,"width":207,"height":139},"EF/s23_ef_tuti_green/ef_tuti_green_00012":{"y":8.68,"width":207,"height":139},"EF/s23_ef_tuti_green/ef_tuti_green_00013":{"y":8.68,"width":207,"height":139},"EF/s23_ef_tuti_green/ef_tuti_green_00014":{"y":8.68,"width":207,"height":139},"EF/s23_ef_tuti_green/ef_tuti_green_00015":{"y":8.68,"width":207,"height":139},"EF/s23_ef_tuti_green/ef_tuti_green_00016":{"y":8.68,"width":207,"height":139}},"ef_tuti_green3":{"EF/s23_ef_tuti_green/ef_tuti_green_00001":{"y":8.68,"width":207,"height":139},"EF/s23_ef_tuti_green/ef_tuti_green_00002":{"y":8.68,"width":207,"height":139},"EF/s23_ef_tuti_green/ef_tuti_green_00003":{"y":8.68,"width":207,"height":139},"EF/s23_ef_tuti_green/ef_tuti_green_00004":{"y":8.68,"width":207,"height":139},"EF/s23_ef_tuti_green/ef_tuti_green_00005":{"y":8.68,"width":207,"height":139},"EF/s23_ef_tuti_green/ef_tuti_green_00006":{"y":8.68,"width":207,"height":139},"EF/s23_ef_tuti_green/ef_tuti_green_00007":{"y":8.68,"width":207,"height":139},"EF/s23_ef_tuti_green/ef_tuti_green_00008":{"y":8.68,"width":207,"height":139},"EF/s23_ef_tuti_green/ef_tuti_green_00009":{"y":8.68,"width":207,"height":139},"EF/s23_ef_tuti_green/ef_tuti_green_00010":{"y":8.68,"width":207,"height":139},"EF/s23_ef_tuti_green/ef_tuti_green_00011":{"y":8.68,"width":207,"height":139},"EF/s23_ef_tuti_green/ef_tuti_green_00012":{"y":8.68,"width":207,"height":139},"EF/s23_ef_tuti_green/ef_tuti_green_00013":{"y":8.68,"width":207,"height":139},"EF/s23_ef_tuti_green/ef_tuti_green_00014":{"y":8.68,"width":207,"height":139},"EF/s23_ef_tuti_green/ef_tuti_green_00015":{"y":8.68,"width":207,"height":139},"EF/s23_ef_tuti_green/ef_tuti_green_00016":{"y":8.68,"width":207,"height":139}},"ef_tuti_green4":{"EF/s23_ef_tuti_green/ef_tuti_green_00001":{"y":8.68,"width":207,"height":139},"EF/s23_ef_tuti_green/ef_tuti_green_00002":{"y":8.68,"width":207,"height":139},"EF/s23_ef_tuti_green/ef_tuti_green_00003":{"y":8.68,"width":207,"height":139},"EF/s23_ef_tuti_green/ef_tuti_green_00004":{"y":8.68,"width":207,"height":139},"EF/s23_ef_tuti_green/ef_tuti_green_00005":{"y":8.68,"width":207,"height":139},"EF/s23_ef_tuti_green/ef_tuti_green_00006":{"y":8.68,"width":207,"height":139},"EF/s23_ef_tuti_green/ef_tuti_green_00007":{"y":8.68,"width":207,"height":139},"EF/s23_ef_tuti_green/ef_tuti_green_00008":{"y":8.68,"width":207,"height":139},"EF/s23_ef_tuti_green/ef_tuti_green_00009":{"y":8.68,"width":207,"height":139},"EF/s23_ef_tuti_green/ef_tuti_green_00010":{"y":8.68,"width":207,"height":139},"EF/s23_ef_tuti_green/ef_tuti_green_00011":{"y":8.68,"width":207,"height":139},"EF/s23_ef_tuti_green/ef_tuti_green_00012":{"y":8.68,"width":207,"height":139},"EF/s23_ef_tuti_green/ef_tuti_green_00013":{"y":8.68,"width":207,"height":139},"EF/s23_ef_tuti_green/ef_tuti_green_00014":{"y":8.68,"width":207,"height":139},"EF/s23_ef_tuti_green/ef_tuti_green_00015":{"y":8.68,"width":207,"height":139},"EF/s23_ef_tuti_green/ef_tuti_green_00016":{"y":8.68,"width":207,"height":139}},"ef_water_sprash":{"EF/0h/s23_ef_water_sprash_main/ef_water_sprash_main_00001":{"width":186,"height":186},"EF/0h/s23_ef_water_sprash_main/ef_water_sprash_main_00002":{"width":186,"height":186},"EF/0h/s23_ef_water_sprash_main/ef_water_sprash_main_00003":{"width":186,"height":186},"EF/0h/s23_ef_water_sprash_main/ef_water_sprash_main_00004":{"width":186,"height":186},"EF/0h/s23_ef_water_sprash_main/ef_water_sprash_main_00005":{"width":186,"height":186},"EF/0h/s23_ef_water_sprash_main/ef_water_sprash_main_00006":{"width":186,"height":186},"EF/0h/s23_ef_water_sprash_main/ef_water_sprash_main_00007":{"width":186,"height":186},"EF/0h/s23_ef_water_sprash_main/ef_water_sprash_main_00008":{"width":186,"height":186},"EF/0h/s23_ef_water_sprash_main/ef_water_sprash_main_00009":{"width":186,"height":186},"EF/0h/s23_ef_water_sprash_main/ef_water_sprash_main_00010":{"width":186,"height":186},"EF/0h/s23_ef_water_sprash_main/ef_water_sprash_main_00011":{"width":186,"height":186},"EF/0h/s23_ef_water_sprash_main/ef_water_sprash_main_00012":{"width":186,"height":186},"EF/0h/s23_ef_water_sprash_main/ef_water_sprash_main_00013":{"width":186,"height":186}},"ef_water_sprash2":{"EF/0h/s23_ef_water_sprash_main/ef_water_sprash_main_00001":{"width":186,"height":186},"EF/0h/s23_ef_water_sprash_main/ef_water_sprash_main_00002":{"width":186,"height":186},"EF/0h/s23_ef_water_sprash_main/ef_water_sprash_main_00003":{"width":186,"height":186},"EF/0h/s23_ef_water_sprash_main/ef_water_sprash_main_00004":{"width":186,"height":186},"EF/0h/s23_ef_water_sprash_main/ef_water_sprash_main_00005":{"width":186,"height":186},"EF/0h/s23_ef_water_sprash_main/ef_water_sprash_main_00006":{"width":186,"height":186},"EF/0h/s23_ef_water_sprash_main/ef_water_sprash_main_00007":{"width":186,"height":186},"EF/0h/s23_ef_water_sprash_main/ef_water_sprash_main_00008":{"width":186,"height":186},"EF/0h/s23_ef_water_sprash_main/ef_water_sprash_main_00009":{"width":186,"height":186},"EF/0h/s23_ef_water_sprash_main/ef_water_sprash_main_00010":{"width":186,"height":186},"EF/0h/s23_ef_water_sprash_main/ef_water_sprash_main_00011":{"width":186,"height":186},"EF/0h/s23_ef_water_sprash_main/ef_water_sprash_main_00012":{"width":186,"height":186},"EF/0h/s23_ef_water_sprash_main/ef_water_sprash_main_00013":{"width":186,"height":186}},"ef_water_wave_green":{"EF/0h/s23_ef_water_wave_green/ef_water_wave_green_00001":{"y":13.91,"width":274,"height":137},"EF/0h/s23_ef_water_wave_green/ef_water_wave_green_00002":{"y":13.91,"width":274,"height":137},"EF/0h/s23_ef_water_wave_green/ef_water_wave_green_00003":{"y":13.91,"width":274,"height":137},"EF/0h/s23_ef_water_wave_green/ef_water_wave_green_00004":{"y":13.91,"width":274,"height":137},"EF/0h/s23_ef_water_wave_green/ef_water_wave_green_00005":{"y":13.91,"width":274,"height":137},"EF/0h/s23_ef_water_wave_green/ef_water_wave_green_00006":{"y":13.91,"width":274,"height":137},"EF/0h/s23_ef_water_wave_green/ef_water_wave_green_00007":{"y":13.91,"width":274,"height":137},"EF/0h/s23_ef_water_wave_green/ef_water_wave_green_00008":{"y":13.91,"width":274,"height":137},"EF/0h/s23_ef_water_wave_green/ef_water_wave_green_00009":{"y":13.91,"width":274,"height":137},"EF/0h/s23_ef_water_wave_green/ef_water_wave_green_00010":{"y":13.91,"width":274,"height":137},"EF/0h/s23_ef_water_wave_green/ef_water_wave_green_00011":{"y":13.91,"width":274,"height":137},"EF/0h/s23_ef_water_wave_green/ef_water_wave_green_00012":{"y":13.91,"width":274,"height":137},"EF/0h/s23_ef_water_wave_green/ef_water_wave_green_00013":{"y":13.91,"width":274,"height":137},"EF/0h/s23_ef_water_wave_green/ef_water_wave_green_00014":{"y":13.91,"width":274,"height":137},"EF/0h/s23_ef_water_wave_green/ef_water_wave_green_00015":{"y":13.91,"width":274,"height":137},"EF/0h/s23_ef_water_wave_green/ef_water_wave_green_00016":{"y":13.91,"width":274,"height":137},"EF/0h/s23_ef_water_wave_green/ef_water_wave_green_00017":{"y":13.91,"width":274,"height":137},"EF/0h/s23_ef_water_wave_green/ef_water_wave_green_00018":{"y":13.91,"width":274,"height":137},"EF/0h/s23_ef_water_wave_green/ef_water_wave_green_00019":{"y":13.91,"width":274,"height":137},"EF/0h/s23_ef_water_wave_green/ef_water_wave_green_00020":{"y":13.91,"width":274,"height":137},"EF/0h/s23_ef_water_wave_green/ef_water_wave_green_00021":{"y":13.91,"width":274,"height":137},"EF/0h/s23_ef_water_wave_green/ef_water_wave_green_00022":{"y":13.91,"width":274,"height":137},"EF/0h/s23_ef_water_wave_green/ef_water_wave_green_00023":{"y":13.91,"width":274,"height":137},"EF/0h/s23_ef_water_wave_green/ef_water_wave_green_00024":{"y":13.91,"width":274,"height":137},"EF/0h/s23_ef_water_wave_green/ef_water_wave_green_00025":{"y":13.91,"width":274,"height":137}},"ef_water_wave_green2":{"EF/0h/s23_ef_water_wave_green/ef_water_wave_green_00001":{"y":13.91,"width":274,"height":137},"EF/0h/s23_ef_water_wave_green/ef_water_wave_green_00002":{"y":13.91,"width":274,"height":137},"EF/0h/s23_ef_water_wave_green/ef_water_wave_green_00003":{"y":13.91,"width":274,"height":137},"EF/0h/s23_ef_water_wave_green/ef_water_wave_green_00004":{"y":13.91,"width":274,"height":137},"EF/0h/s23_ef_water_wave_green/ef_water_wave_green_00005":{"y":13.91,"width":274,"height":137},"EF/0h/s23_ef_water_wave_green/ef_water_wave_green_00006":{"y":13.91,"width":274,"height":137},"EF/0h/s23_ef_water_wave_green/ef_water_wave_green_00007":{"y":13.91,"width":274,"height":137},"EF/0h/s23_ef_water_wave_green/ef_water_wave_green_00008":{"y":13.91,"width":274,"height":137},"EF/0h/s23_ef_water_wave_green/ef_water_wave_green_00009":{"y":13.91,"width":274,"height":137},"EF/0h/s23_ef_water_wave_green/ef_water_wave_green_00010":{"y":13.91,"width":274,"height":137},"EF/0h/s23_ef_water_wave_green/ef_water_wave_green_00011":{"y":13.91,"width":274,"height":137},"EF/0h/s23_ef_water_wave_green/ef_water_wave_green_00012":{"y":13.91,"width":274,"height":137},"EF/0h/s23_ef_water_wave_green/ef_water_wave_green_00013":{"y":13.91,"width":274,"height":137},"EF/0h/s23_ef_water_wave_green/ef_water_wave_green_00014":{"y":13.91,"width":274,"height":137},"EF/0h/s23_ef_water_wave_green/ef_water_wave_green_00015":{"y":13.91,"width":274,"height":137},"EF/0h/s23_ef_water_wave_green/ef_water_wave_green_00016":{"y":13.91,"width":274,"height":137},"EF/0h/s23_ef_water_wave_green/ef_water_wave_green_00017":{"y":13.91,"width":274,"height":137},"EF/0h/s23_ef_water_wave_green/ef_water_wave_green_00018":{"y":13.91,"width":274,"height":137},"EF/0h/s23_ef_water_wave_green/ef_water_wave_green_00019":{"y":13.91,"width":274,"height":137},"EF/0h/s23_ef_water_wave_green/ef_water_wave_green_00020":{"y":13.91,"width":274,"height":137},"EF/0h/s23_ef_water_wave_green/ef_water_wave_green_00021":{"y":13.91,"width":274,"height":137},"EF/0h/s23_ef_water_wave_green/ef_water_wave_green_00022":{"y":13.91,"width":274,"height":137},"EF/0h/s23_ef_water_wave_green/ef_water_wave_green_00023":{"y":13.91,"width":274,"height":137},"EF/0h/s23_ef_water_wave_green/ef_water_wave_green_00024":{"y":13.91,"width":274,"height":137},"EF/0h/s23_ef_water_wave_green/ef_water_wave_green_00025":{"y":13.91,"width":274,"height":137}},"skill2_05a_ef":{"attack1_06_ef":{"scaleX":2,"scaleY":2,"width":356,"height":356},"skill2_05a_ef":{"scaleX":2,"scaleY":2,"width":356,"height":356},"skill2_05b_ef":{"scaleX":2,"scaleY":2,"width":356,"height":356},"skill2_05c_ef":{"scaleX":2,"scaleY":2,"width":356,"height":356},"skill3_00_ef":{"scaleX":2,"scaleY":2,"width":356,"height":356}}}},"events":{"Event":{},"Event2":{},"Hit":{},"Sound1":{},"Sound2":{},"Sound3":{},"Voice":{}},"animations":{"attack1":{"slots":{"DAMAGEAREA":{"attachment":[{"time":0.3666,"name":"DAMAGEAREA"},{"time":0.4333,"name":null},{"time":0.5,"name":"DAMAGEAREA"},{"time":0.6,"name":null}]},"MAIN":{"attachment":[{"time":0,"name":"attack1_00"},{"time":0.0666,"name":"attack1_01"},{"time":0.1333,"name":"attack1_02"},{"time":0.3666,"name":"attack1_03"},{"time":0.4,"name":"attack1_04"},{"time":0.4666,"name":"attack1_05"},{"time":0.5,"name":"attack1_06"},{"time":0.5333,"name":"attack1_07"},{"time":0.8,"name":"attack1_08"},{"time":0.8666,"name":"attack1_09"},{"time":0.9,"name":"attack1_10"},{"time":1,"name":"attack1_11"},{"time":1.0666,"name":"attack1_12"},{"time":1.1333,"name":"attack1_13"},{"time":1.3333,"name":"idle_00"}]},"attack1_02_ef":{"attachment":[{"time":0.1333,"name":"attack1_02_ef"},{"time":0.1666,"name":"attack1_02_ef2"},{"time":0.2,"name":"attack1_02_ef3"},{"time":0.2333,"name":null},{"time":0.3666,"name":"attack1_03_ef"},{"time":0.4,"name":"attack1_04_ef2"},{"time":0.4333,"name":"attack1_05_ef2"},{"time":0.4666,"name":null},{"time":0.5,"name":"attack1_06_ef2"},{"time":0.5333,"name":"attack1_07_ef"},{"time":0.5666,"name":"attack1_07_ef2"},{"time":0.6,"name":null}]},"skill2_05a_ef":{"attachment":[{"time":0.5,"name":"attack1_06_ef"},{"time":0.5333,"name":null}]}},"bones":{"MAIN":{"translate":[{"time":0,"x":0,"y":0,"curve":"stepped"},{"time":0.0666,"x":26,"y":0,"curve":[0.094,0.65,0.75,1]},{"time":0.1333,"x":30,"y":0,"curve":"stepped"},{"time":0.3666,"x":30,"y":0,"curve":[0.103,0.38,0.75,1]},{"time":0.4,"x":-15,"y":0,"curve":[0.068,0.81,0.75,1]},{"time":0.4333,"x":-5,"y":0,"curve":"stepped"},{"time":1.0666,"x":-5,"y":0,"curve":[0.125,0.41,0.75,1]},{"time":1.1666,"x":0,"y":0}]},"a_ef":{"scale":[{"time":0.1333,"x":1,"y":1}]},"DAMAGEAREA":{"translate":[{"time":0.3666,"x":-96.52,"y":93.25},{"time":0.4,"x":-161.14,"y":183.23,"curve":"stepped"},{"time":0.5,"x":-133.33,"y":97.34},{"time":0.5333,"x":-111.24,"y":97.34}],"scale":[{"time":0.3666,"x":1,"y":1},{"time":0.4,"x":1.413,"y":1.853,"curve":"stepped"},{"time":0.5,"x":1.701,"y":1.354},{"time":0.5333,"x":1.944,"y":1.548}]}},"events":[{"time":0.1333,"name":"Sound1","string":"cri_se_battle_machine_pullup"},{"time":0.1333,"name":"Sound3","string":"setHitSound(se_battle_018_sword_hit_02)"},{"time":0.2666,"name":"Voice","string":"cri_288_voice_attack_random"},{"time":0.3333,"name":"Sound1","string":"cri_se_battle_sword_swish_heavy"},{"time":0.3666,"name":"Event","float":0.3,"string":"kHitStopType_enemyonly"},{"time":0.5,"name":"Hit","string":"resetHitList"},{"time":0.5,"name":"Sound1","string":"cri_se_battle_sword_swish_heavy"}]},"back":{"slots":{"MAIN":{"attachment":[{"time":0,"name":"skill1_06"},{"time":0.0333,"name":"skill1_07"},{"time":0.1333,"name":"skill1_08a"},{"time":0.1666,"name":"skill1_08b"},{"time":0.2,"name":"skill1_09"},{"time":0.3333,"name":"skill1_10"},{"time":0.3666,"name":"skill1_11"},{"time":0.4666,"name":"skill1_10"},{"time":0.5,"name":"idle_02"},{"time":0.6,"name":"idle_03"},{"time":0.7,"name":"idle_00"}],"color":[{"time":0,"color":"ffffffff","curve":"stepped"},{"time":0.0333,"color":"c9c9c9ff","curve":"stepped"},{"time":0.1333,"color":"ffffffff"}]}},"bones":{"MAIN":{"rotate":[{"time":0.0333,"angle":0},{"time":0.0666,"angle":-21.57,"curve":"stepped"},{"time":0.1333,"angle":33.47},{"time":0.1666,"angle":-1.76,"curve":"stepped"},{"time":0.2,"angle":0},{"time":0.3,"angle":-28.56,"curve":"stepped"},{"time":0.3333,"angle":0}],"translate":[{"time":0,"x":0,"y":0},{"time":0.0666,"x":36.5,"y":81.08},{"time":0.1666,"x":97.5,"y":121.37},{"time":0.2666,"x":152.37,"y":72.92},{"time":0.3333,"x":195,"y":0,"curve":[0.101,0.34,0.75,1]},{"time":0.4333,"x":200,"y":0}],"scale":[{"time":0.3333,"x":1,"y":0.99},{"time":0.3666,"x":1,"y":1}]}},"events":[{"time":0.0333,"name":"Sound1","string":"cri_se_battle_jump"},{"time":0.3333,"name":"Sound1","string":"cri_se_battle_landing"}]},"cast":{"slots":{"MAIN":{"attachment":[{"time":0,"name":"idle_00"},{"time":0.1666,"name":"idle_01"},{"time":0.3333,"name":"idle_02"},{"time":0.4333,"name":"skill1_03"},{"time":0.5,"name":"skill2_00"},{"time":0.7333,"name":"attack1_09"},{"time":0.8,"name":"attack1_10"},{"time":0.8666,"name":"attack1_11"},{"time":0.9,"name":"attack1_12"},{"time":0.9333,"name":"attack1_13"},{"time":1,"name":"idle_00"}]}},"events":[{"time":0.3333,"name":"Voice","string":"cri_288_voice_item"}]},"damage":{"slots":{"MAIN":{"attachment":[{"time":0,"name":"damage_00"}]}}},"front":{"slots":{"MAIN":{"attachment":[{"time":0,"name":"front_00"}]}}},"idle":{"slots":{"MAIN":{"attachment":[{"time":0,"name":"idle_00"},{"time":0.2,"name":"idle_01"},{"time":0.4,"name":"idle_02"},{"time":0.6,"name":"idle_03"},{"time":0.8,"name":"idle_00"}]}}},"idle2":{"slots":{"MAIN":{"attachment":[{"time":0,"name":"idle2_00"}]}},"bones":{"MAIN":{"translate":[{"time":0,"x":0,"y":7}]}}},"in":{"slots":{"MAIN":{"attachment":[{"time":0,"name":"skill3_2_07"},{"time":0.0666,"name":"skill1_07"},{"time":0.1333,"name":"skill1_08a"},{"time":0.2,"name":"skill3_2_03a"},{"time":0.4,"name":"skill3_2_07"},{"time":0.4666,"name":"skill1_10"},{"time":0.5,"name":"skill1_11"},{"time":0.6333,"name":"skill1_10"},{"time":0.7,"name":"idle_03"},{"time":0.8,"name":"idle_00"}],"color":[{"time":0,"color":"ffffff00"},{"time":0.1666,"color":"ffffffff"}]}},"bones":{"MAIN":{"rotate":[{"time":0,"angle":0,"curve":"stepped"},{"time":0.0666,"angle":0},{"time":0.1,"angle":-23.5,"curve":"stepped"},{"time":0.1333,"angle":44.01},{"time":0.1666,"angle":0,"curve":"stepped"},{"time":0.2,"angle":151.98,"curve":"stepped"},{"time":0.2333,"angle":-176.47,"curve":"stepped"},{"time":0.2666,"angle":107.16,"curve":"stepped"},{"time":0.3,"angle":121.58,"curve":"stepped"},{"time":0.3333,"angle":43.54,"curve":"stepped"},{"time":0.3666,"angle":71.25,"curve":"stepped"},{"time":0.4,"angle":0}],"translate":[{"time":0,"x":0,"y":385,"curve":[0.328,0,0.795,0.69]},{"time":0.4666,"x":0,"y":0},{"time":0.5,"x":0,"y":-5.36},{"time":0.5666,"x":0,"y":0,"curve":"stepped"},{"time":0.6333,"x":0,"y":2.04,"curve":"stepped"},{"time":0.7,"x":0,"y":0}],"scale":[{"time":0.2,"x":1,"y":1,"curve":"stepped"},{"time":0.2333,"x":-1,"y":1,"curve":"stepped"},{"time":0.2666,"x":1,"y":1,"curve":"stepped"},{"time":0.3,"x":-1,"y":1,"curve":"stepped"},{"time":0.3333,"x":1,"y":1,"curve":"stepped"},{"time":0.3666,"x":-1,"y":1,"curve":"stepped"},{"time":0.4,"x":1,"y":1,"curve":"stepped"},{"time":0.6333,"x":1,"y":1.015,"curve":"stepped"},{"time":0.7,"x":1,"y":1}]}},"events":[{"time":0,"name":"Event","string":"takeSummon"},{"time":0.4666,"name":"Sound1","string":"cri_se_battle_landing"}]},"skill1":{"slots":{"DAMAGEAREA":{"attachment":[{"time":0.5666,"name":"DAMAGEAREA"},{"time":0.7666,"name":null}]},"MAIN":{"attachment":[{"time":0,"name":"idle_00"},{"time":0.0333,"name":"skill1_01"},{"time":0.2666,"name":null},{"time":0.5333,"name":"skill1_02"},{"time":0.6,"name":"skill1_03"},{"time":0.6333,"name":"skill1_04a"},{"time":0.6666,"name":"skill1_04b"},{"time":0.7,"name":"skill1_04a"},{"time":0.7666,"name":"skill1_04b"},{"time":0.8333,"name":"skill1_04a"},{"time":0.9,"name":"skill1_04b"},{"time":1,"name":"skill1_04a"},{"time":1.2333,"name":"skill1_05"},{"time":1.3,"name":"attack1_08"},{"time":1.3666,"name":"attack1_09"},{"time":1.4,"name":"attack1_10"},{"time":1.5,"name":"attack1_11"},{"time":1.5333,"name":"attack1_12"},{"time":1.6,"name":"attack1_13"},{"time":1.7333,"name":"skill1_06"},{"time":1.8,"name":"skill1_07"},{"time":1.8666,"name":"skill1_08a"},{"time":2.0666,"name":"skill1_08b"},{"time":2.1333,"name":"skill1_09"},{"time":2.2,"name":"skill1_10"},{"time":2.2333,"name":"skill1_11"},{"time":2.3333,"name":"idle_00"}],"color":[{"time":0.2,"color":"ffffffff"},{"time":0.2666,"color":"ffffff00","curve":"stepped"},{"time":0.5333,"color":"ffffff00"},{"time":0.6,"color":"ffffffff","curve":"stepped"},{"time":1.8,"color":"ffffffff"},{"time":1.8666,"color":"ffffff00","curve":"stepped"},{"time":2.0666,"color":"ffffff00"},{"time":2.1333,"color":"ffffffff"}]},"MAIN2":{"attachment":[{"time":0.2,"name":"skill1_01"},{"time":0.3,"name":null},{"time":0.5,"name":"skill1_02"},{"time":0.6,"name":"skill1_03"},{"time":0.6333,"name":null},{"time":1.8,"name":"skill1_07"},{"time":1.9333,"name":null},{"time":2.0666,"name":"skill1_08b"},{"time":2.1333,"name":"skill1_09"},{"time":2.2666,"name":null}],"color":[{"time":0.2,"color":"16ff00ff","curve":"stepped"},{"time":0.2666,"color":"16ff00ff"},{"time":0.3,"color":"16ff0000","curve":"stepped"},{"time":0.5,"color":"16ff0000"},{"time":0.5333,"color":"16ff00ff","curve":"stepped"},{"time":0.6333,"color":"16ff0000","curve":"stepped"},{"time":1.7666,"color":"16ff0000"},{"time":1.8333,"color":"11c900ff"},{"time":1.9333,"color":"16ff0000","curve":"stepped"},{"time":2.0333,"color":"16ff0000"},{"time":2.1,"color":"16ff00ff"},{"time":2.2666,"color":"16ff0000"}]},"MAIN3":{"attachment":[{"time":0.2,"name":"skill1_01"},{"time":0.3,"name":null},{"time":0.5,"name":"skill1_02"},{"time":0.6,"name":"skill1_03"},{"time":0.6333,"name":null},{"time":1.8,"name":"skill1_07"},{"time":1.9333,"name":null},{"time":2.0666,"name":"skill1_08b"},{"time":2.1666,"name":"skill1_09"},{"time":2.2666,"name":null}],"color":[{"time":0.2,"color":"16ff00ff","curve":"stepped"},{"time":0.2666,"color":"16ff00ff"},{"time":0.3,"color":"16ff0000","curve":"stepped"},{"time":0.5,"color":"16ff0000"},{"time":0.5666,"color":"16ff00ff","curve":"stepped"},{"time":0.6333,"color":"16ff0000","curve":"stepped"},{"time":1.7666,"color":"16ff0000"},{"time":1.8666,"color":"11c900ff"},{"time":1.9333,"color":"16ff0000","curve":"stepped"},{"time":2.0333,"color":"16ff0000"},{"time":2.1333,"color":"16ff00ff","curve":[1,0,0.75,1]},{"time":2.2666,"color":"16ff0000"}]},"attack1_02_ef":{"color":[{"time":0.6,"color":"00ff53ff","curve":"stepped"},{"time":0.6333,"color":"00ff53ff"}]},"ef_graund_wave_green":{"attachment":[{"time":0.5666,"name":"EF/0h/s123_ef_graund_wave_green/ef_graund_wave_green_00002"},{"time":0.6,"name":"EF/0h/s123_ef_graund_wave_green/ef_graund_wave_green_00003"},{"time":0.6333,"name":"EF/0h/s123_ef_graund_wave_green/ef_graund_wave_green_00004"},{"time":0.6666,"name":"EF/0h/s123_ef_graund_wave_green/ef_graund_wave_green_00005"},{"time":0.7,"name":"EF/0h/s123_ef_graund_wave_green/ef_graund_wave_green_00006"},{"time":0.7333,"name":"EF/0h/s123_ef_graund_wave_green/ef_graund_wave_green_00007"},{"time":0.7666,"name":"EF/0h/s123_ef_graund_wave_green/ef_graund_wave_green_00008"},{"time":0.8,"name":"EF/0h/s123_ef_graund_wave_green/ef_graund_wave_green_00009"},{"time":0.8333,"name":"EF/0h/s123_ef_graund_wave_green/ef_graund_wave_green_00010"},{"time":0.8666,"name":"EF/0h/s123_ef_graund_wave_green/ef_graund_wave_green_00011"},{"time":0.9,"name":"EF/0h/s123_ef_graund_wave_green/ef_graund_wave_green_00012"},{"time":0.9333,"name":"EF/0h/s123_ef_graund_wave_green/ef_graund_wave_green_00013"},{"time":0.9666,"name":null}]},"ef_graund_wave_green2":{"attachment":[{"time":0.6,"name":"EF/0h/s123_ef_graund_wave_green/ef_graund_wave_green_00002"},{"time":0.6333,"name":"EF/0h/s123_ef_graund_wave_green/ef_graund_wave_green_00003"},{"time":0.6666,"name":"EF/0h/s123_ef_graund_wave_green/ef_graund_wave_green_00004"},{"time":0.7,"name":"EF/0h/s123_ef_graund_wave_green/ef_graund_wave_green_00005"},{"time":0.7333,"name":"EF/0h/s123_ef_graund_wave_green/ef_graund_wave_green_00006"},{"time":0.7666,"name":"EF/0h/s123_ef_graund_wave_green/ef_graund_wave_green_00007"},{"time":0.8,"name":"EF/0h/s123_ef_graund_wave_green/ef_graund_wave_green_00008"},{"time":0.8333,"name":"EF/0h/s123_ef_graund_wave_green/ef_graund_wave_green_00009"},{"time":0.8666,"name":"EF/0h/s123_ef_graund_wave_green/ef_graund_wave_green_00010"},{"time":0.9,"name":"EF/0h/s123_ef_graund_wave_green/ef_graund_wave_green_00011"},{"time":0.9333,"name":"EF/0h/s123_ef_graund_wave_green/ef_graund_wave_green_00012"},{"time":0.9666,"name":"EF/0h/s123_ef_graund_wave_green/ef_graund_wave_green_00013"},{"time":1,"name":null}]},"ef_graund_wave_green3":{"attachment":[{"time":0.6333,"name":"EF/0h/s123_ef_graund_wave_green/ef_graund_wave_green_00002"},{"time":0.6666,"name":"EF/0h/s123_ef_graund_wave_green/ef_graund_wave_green_00003"},{"time":0.7,"name":"EF/0h/s123_ef_graund_wave_green/ef_graund_wave_green_00004"},{"time":0.7333,"name":"EF/0h/s123_ef_graund_wave_green/ef_graund_wave_green_00005"},{"time":0.7666,"name":"EF/0h/s123_ef_graund_wave_green/ef_graund_wave_green_00006"},{"time":0.8,"name":"EF/0h/s123_ef_graund_wave_green/ef_graund_wave_green_00007"},{"time":0.8333,"name":"EF/0h/s123_ef_graund_wave_green/ef_graund_wave_green_00008"},{"time":0.8666,"name":"EF/0h/s123_ef_graund_wave_green/ef_graund_wave_green_00009"},{"time":0.9,"name":"EF/0h/s123_ef_graund_wave_green/ef_graund_wave_green_00010"},{"time":0.9333,"name":"EF/0h/s123_ef_graund_wave_green/ef_graund_wave_green_00011"},{"time":0.9666,"name":"EF/0h/s123_ef_graund_wave_green/ef_graund_wave_green_00012"},{"time":1,"name":"EF/0h/s123_ef_graund_wave_green/ef_graund_wave_green_00013"},{"time":1.0333,"name":null}]},"ef_slash_A":{"attachment":[{"time":0.5666,"name":"EF/0h/s1_ef_slash_A_main/ef_slash_A_main_00002"},{"time":0.6,"name":"EF/0h/s1_ef_slash_A_main/ef_slash_A_main_00003"},{"time":0.6333,"name":"EF/0h/s1_ef_slash_A_main/ef_slash_A_main_00004"},{"time":0.6666,"name":"EF/0h/s1_ef_slash_A_main/ef_slash_A_main_00005"},{"time":0.7,"name":"EF/0h/s1_ef_slash_A_main/ef_slash_A_main_00006"},{"time":0.7333,"name":"EF/0h/s1_ef_slash_A_main/ef_slash_A_main_00007"},{"time":0.7666,"name":"EF/0h/s1_ef_slash_A_main/ef_slash_A_main_00008"},{"time":0.8,"name":"EF/0h/s1_ef_slash_A_main/ef_slash_A_main_00009"},{"time":0.8333,"name":null}]}},"bones":{"MAIN":{"rotate":[{"time":2.1333,"angle":12.72},{"time":2.1666,"angle":-44.12,"curve":"stepped"},{"time":2.2,"angle":0}],"translate":[{"time":0,"x":0,"y":0,"curve":[0.081,0.58,0.75,1]},{"time":0.1,"x":30,"y":0,"curve":"stepped"},{"time":0.2,"x":30,"y":0,"curve":"stepped"},{"time":0.2333,"x":30,"y":0},{"time":0.2666,"x":26.67,"y":0,"curve":"stepped"},{"time":0.5333,"x":200,"y":0},{"time":0.5666,"x":-50,"y":0,"curve":[0.085,0.78,0.55,1]},{"time":0.8333,"x":-175,"y":0,"curve":"stepped"},{"time":1.7333,"x":-150,"y":0},{"time":1.7666,"x":-150,"y":-5.8,"curve":"stepped"},{"time":1.8,"x":-150,"y":0},{"time":1.8333,"x":-121.85,"y":77.2},{"time":1.8666,"x":-59.82,"y":130.47,"curve":"stepped"},{"time":2.0666,"x":-141.28,"y":170.6},{"time":2.1333,"x":-52.2,"y":109.73},{"time":2.2,"x":-3,"y":3},{"time":2.2333,"x":-2,"y":-1.35},{"time":2.3,"x":0,"y":0}]},"MAIN2":{"rotate":[{"time":2.1333,"angle":6.13},{"time":2.2333,"angle":-70.86,"curve":"stepped"},{"time":2.2666,"angle":0}],"translate":[{"time":0.2,"x":30,"y":0},{"time":0.2333,"x":24,"y":0},{"time":0.3,"x":45,"y":0,"curve":"stepped"},{"time":0.5,"x":400,"y":0},{"time":0.5333,"x":210,"y":0,"curve":[0.145,0.38,0.75,1]},{"time":0.6333,"x":-76.58,"y":0,"curve":"stepped"},{"time":1.8,"x":-150.26,"y":0},{"time":1.8333,"x":-137.76,"y":49.74,"curve":[0.103,0.66,0.75,1]},{"time":1.9333,"x":-59.92,"y":130.54,"curve":"stepped"},{"time":2.0666,"x":-141.29,"y":170.68},{"time":2.1333,"x":-66.64,"y":125.44,"curve":[0.13,0.5,0.75,1]},{"time":2.2666,"x":1.43,"y":-8.44}]},"MAIN3":{"rotate":[{"time":2.1666,"angle":6.13},{"time":2.2333,"angle":-50.43,"curve":"stepped"},{"time":2.2666,"angle":0}],"translate":[{"time":0.2,"x":30,"y":0},{"time":0.2333,"x":36,"y":0},{"time":0.3,"x":15,"y":0,"curve":"stepped"},{"time":0.5,"x":400,"y":0},{"time":0.5333,"x":220,"y":0},{"time":0.6333,"x":-88.67,"y":0,"curve":"stepped"},{"time":1.8,"x":-150.26,"y":0},{"time":1.8666,"x":-137.76,"y":49.74},{"time":1.9333,"x":-59.92,"y":130.54,"curve":"stepped"},{"time":2.0666,"x":-141.29,"y":170.68},{"time":2.1666,"x":-66.64,"y":125.44},{"time":2.2666,"x":1.43,"y":-8.44}]},"ef_graund_wave_green2":{"translate":[{"time":0.6,"x":100,"y":0}],"scale":[{"time":0.6,"x":2,"y":2},{"time":0.9666,"x":2.5,"y":2.5}]},"ef_graund_wave_green3":{"translate":[{"time":0.6333,"x":-50,"y":0}],"scale":[{"time":0.6333,"x":2,"y":2},{"time":1,"x":2.5,"y":2.5}]},"ef_graund_wave_green":{"translate":[{"time":0.5666,"x":250,"y":0}],"scale":[{"time":0.5666,"x":2,"y":2},{"time":0.9333,"x":2.5,"y":2.5}]},"ef_slash_A":{"rotate":[{"time":0.5666,"angle":11.37}],"translate":[{"time":0.5666,"x":209.98,"y":54.59},{"time":0.6666,"x":123.92,"y":54.59}],"scale":[{"time":0.5666,"x":3,"y":4.221},{"time":0.6666,"x":4.678,"y":7.646}]},"DAMAGEAREA":{"translate":[{"time":0.5666,"x":0,"y":75.39},{"time":0.6333,"x":-96.25,"y":75.39}],"scale":[{"time":0.5666,"x":3.575,"y":1},{"time":0.6333,"x":7.962,"y":1.538}]}},"events":[{"time":0.2,"name":"Sound1","string":"cri_se_battle_teleport"},{"time":0.4,"name":"Event","string":"setPosition_Target"},{"time":0.5,"name":"Voice","string":"cri_288_voice_skill_all"},{"time":0.5333,"name":"Event2","string":"kHitStopType_normal"},{"time":0.5333,"name":"Sound1","string":"cri_se_battle_skill_shot"},{"time":0.5333,"name":"Sound2","string":"cri_se_battle_sword_srash"},{"time":0.5333,"name":"Sound3","string":"setHitSound(se_battle_sword_heavy_hit)"},{"time":0.5666,"name":"Event","string":"setHitStopTime(0.12,0.4)"},{"time":0.5666,"name":"Event2","float":1,"string":"shakeGround"},{"time":1.3666,"name":"Sound1","string":"cri_se_battle_sword_sheathe"},{"time":1.8,"name":"Sound1","string":"cri_se_battle_jump"},{"time":1.8,"name":"Sound2","string":"cri_se_battle_teleport"},{"time":2,"name":"Event","string":"setPosition_Default"}]},"skill2":{"slots":{"DAMAGEAREA":{"attachment":[{"time":0.6333,"name":"DAMAGEAREA"},{"time":0.8333,"name":null},{"time":1.1333,"name":"DAMAGEAREA"},{"time":2.0666,"name":null}]},"MAIN":{"attachment":[{"time":0,"name":"idle_00"},{"time":0.0333,"name":"attack1_00"},{"time":0.1,"name":"attack1_01"},{"time":0.1666,"name":"attack1_02"},{"time":0.6333,"name":"attack1_03"},{"time":0.6666,"name":"attack1_04"},{"time":0.7,"name":"skill2_00"},{"time":0.8666,"name":"skill2_01"},{"time":0.9333,"name":"skill2_02"},{"time":1,"name":"skill2_03"},{"time":1.1,"name":"skill2_04a"},{"time":1.1666,"name":"skill2_04b"},{"time":1.2333,"name":"skill2_04a"},{"time":1.3,"name":"skill2_04b"},{"time":1.3666,"name":"skill2_04a"},{"time":1.4333,"name":"skill2_04b"},{"time":1.5,"name":"skill2_04a"},{"time":1.5666,"name":"skill2_04b"},{"time":1.6666,"name":"skill2_04a"},{"time":1.7666,"name":"skill2_04b"},{"time":1.8666,"name":"skill2_04a"},{"time":1.9666,"name":"skill2_04b"},{"time":2.3666,"name":"skill2_05a"},{"time":2.4,"name":"skill2_05b"},{"time":2.4333,"name":"skill2_05c"},{"time":2.4666,"name":"skill2_05a"},{"time":2.5,"name":"skill2_05b"},{"time":2.5333,"name":"skill2_05c"},{"time":2.5666,"name":"skill2_05a"},{"time":2.6,"name":"skill2_05b"},{"time":2.6666,"name":"skill2_06"},{"time":2.7666,"name":"skill2_07"},{"time":2.8333,"name":"skill2_077"},{"time":2.9,"name":"skill2_0777"},{"time":3.0666,"name":"idle_03"},{"time":3.1666,"name":"idle_00"}]},"attack1_02_ef":{"attachment":[{"time":0.6333,"name":"attack1_03_ef"},{"time":0.6666,"name":"attack1_04_ef2"},{"time":0.7,"name":"attack1_05_ef2"},{"time":0.7333,"name":null}]},"ef_dash_green":{"attachment":[{"time":0.6333,"name":"EF/0h/s123_ef_dash_green/ef_dash_green_00001"},{"time":0.6666,"name":"EF/0h/s123_ef_dash_green/ef_dash_green_00002"},{"time":0.7,"name":"EF/0h/s123_ef_dash_green/ef_dash_green_00003"},{"time":0.7333,"name":"EF/0h/s123_ef_dash_green/ef_dash_green_00004"},{"time":0.7666,"name":"EF/0h/s123_ef_dash_green/ef_dash_green_00005"},{"time":0.8,"name":"EF/0h/s123_ef_dash_green/ef_dash_green_00006"},{"time":0.8333,"name":"EF/0h/s123_ef_dash_green/ef_dash_green_00007"},{"time":0.8666,"name":"EF/0h/s123_ef_dash_green/ef_dash_green_00008"},{"time":0.9,"name":"EF/0h/s123_ef_dash_green/ef_dash_green_00009"},{"time":0.9333,"name":"EF/0h/s123_ef_dash_green/ef_dash_green_00010"},{"time":0.9666,"name":"EF/0h/s123_ef_dash_green/ef_dash_green_00011"},{"time":1,"name":"EF/0h/s123_ef_dash_green/ef_dash_green_00012"},{"time":1.0333,"name":"EF/0h/s123_ef_dash_green/ef_dash_green_00013"},{"time":1.0666,"name":null},{"time":1.1,"name":"EF/0h/s123_ef_dash_green/ef_dash_green_00001"},{"time":1.1333,"name":"EF/0h/s123_ef_dash_green/ef_dash_green_00002"},{"time":1.1666,"name":"EF/0h/s123_ef_dash_green/ef_dash_green_00003"},{"time":1.2,"name":"EF/0h/s123_ef_dash_green/ef_dash_green_00004"},{"time":1.2333,"name":"EF/0h/s123_ef_dash_green/ef_dash_green_00005"},{"time":1.2666,"name":"EF/0h/s123_ef_dash_green/ef_dash_green_00006"},{"time":1.3,"name":"EF/0h/s123_ef_dash_green/ef_dash_green_00007"},{"time":1.3333,"name":"EF/0h/s123_ef_dash_green/ef_dash_green_00008"},{"time":1.3666,"name":"EF/0h/s123_ef_dash_green/ef_dash_green_00009"},{"time":1.4,"name":"EF/0h/s123_ef_dash_green/ef_dash_green_00010"},{"time":1.4333,"name":"EF/0h/s123_ef_dash_green/ef_dash_green_00011"},{"time":1.4666,"name":"EF/0h/s123_ef_dash_green/ef_dash_green_00012"},{"time":1.5,"name":"EF/0h/s123_ef_dash_green/ef_dash_green_00013"},{"time":1.5333,"name":null},{"time":1.5666,"name":"EF/0h/s123_ef_dash_green/ef_dash_green_00001"},{"time":1.6,"name":"EF/0h/s123_ef_dash_green/ef_dash_green_00002"},{"time":1.6333,"name":"EF/0h/s123_ef_dash_green/ef_dash_green_00003"},{"time":1.6666,"name":"EF/0h/s123_ef_dash_green/ef_dash_green_00004"},{"time":1.7,"name":"EF/0h/s123_ef_dash_green/ef_dash_green_00005"},{"time":1.7333,"name":"EF/0h/s123_ef_dash_green/ef_dash_green_00006"},{"time":1.7666,"name":"EF/0h/s123_ef_dash_green/ef_dash_green_00007"},{"time":1.8,"name":"EF/0h/s123_ef_dash_green/ef_dash_green_00008"},{"time":1.8333,"name":"EF/0h/s123_ef_dash_green/ef_dash_green_00009"},{"time":1.8666,"name":"EF/0h/s123_ef_dash_green/ef_dash_green_00010"},{"time":1.9,"name":"EF/0h/s123_ef_dash_green/ef_dash_green_00011"},{"time":1.9333,"name":"EF/0h/s123_ef_dash_green/ef_dash_green_00012"},{"time":1.9666,"name":"EF/0h/s123_ef_dash_green/ef_dash_green_00013"},{"time":2,"name":null}]},"ef_dash_green2":{"attachment":[{"time":1.3333,"name":"EF/0h/s123_ef_dash_green/ef_dash_green_00001"},{"time":1.3666,"name":"EF/0h/s123_ef_dash_green/ef_dash_green_00002"},{"time":1.4,"name":"EF/0h/s123_ef_dash_green/ef_dash_green_00003"},{"time":1.4333,"name":"EF/0h/s123_ef_dash_green/ef_dash_green_00004"},{"time":1.4666,"name":"EF/0h/s123_ef_dash_green/ef_dash_green_00005"},{"time":1.5,"name":"EF/0h/s123_ef_dash_green/ef_dash_green_00006"},{"time":1.5333,"name":"EF/0h/s123_ef_dash_green/ef_dash_green_00007"},{"time":1.5666,"name":"EF/0h/s123_ef_dash_green/ef_dash_green_00008"},{"time":1.6,"name":"EF/0h/s123_ef_dash_green/ef_dash_green_00009"},{"time":1.6333,"name":"EF/0h/s123_ef_dash_green/ef_dash_green_00010"},{"time":1.6666,"name":"EF/0h/s123_ef_dash_green/ef_dash_green_00011"},{"time":1.7,"name":"EF/0h/s123_ef_dash_green/ef_dash_green_00012"},{"time":1.7333,"name":"EF/0h/s123_ef_dash_green/ef_dash_green_00013"},{"time":1.7666,"name":null},{"time":1.8,"name":"EF/0h/s123_ef_dash_green/ef_dash_green_00001"},{"time":1.8333,"name":"EF/0h/s123_ef_dash_green/ef_dash_green_00002"},{"time":1.8666,"name":"EF/0h/s123_ef_dash_green/ef_dash_green_00003"},{"time":1.9,"name":"EF/0h/s123_ef_dash_green/ef_dash_green_00004"},{"time":1.9333,"name":"EF/0h/s123_ef_dash_green/ef_dash_green_00005"},{"time":1.9666,"name":"EF/0h/s123_ef_dash_green/ef_dash_green_00006"},{"time":2,"name":"EF/0h/s123_ef_dash_green/ef_dash_green_00007"},{"time":2.0333,"name":"EF/0h/s123_ef_dash_green/ef_dash_green_00008"},{"time":2.0666,"name":"EF/0h/s123_ef_dash_green/ef_dash_green_00009"},{"time":2.1,"name":"EF/0h/s123_ef_dash_green/ef_dash_green_00010"},{"time":2.1333,"name":"EF/0h/s123_ef_dash_green/ef_dash_green_00011"},{"time":2.1666,"name":"EF/0h/s123_ef_dash_green/ef_dash_green_00012"},{"time":2.2,"name":"EF/0h/s123_ef_dash_green/ef_dash_green_00013"},{"time":2.2333,"name":null}]},"ef_graund_wave_green":{"attachment":[{"time":0.6333,"name":"EF/0h/s123_ef_graund_wave_green/ef_graund_wave_green_00002"},{"time":0.6666,"name":"EF/0h/s123_ef_graund_wave_green/ef_graund_wave_green_00003"},{"time":0.7,"name":"EF/0h/s123_ef_graund_wave_green/ef_graund_wave_green_00004"},{"time":0.7333,"name":"EF/0h/s123_ef_graund_wave_green/ef_graund_wave_green_00005"},{"time":0.7666,"name":"EF/0h/s123_ef_graund_wave_green/ef_graund_wave_green_00006"},{"time":0.8,"name":"EF/0h/s123_ef_graund_wave_green/ef_graund_wave_green_00007"},{"time":0.8333,"name":"EF/0h/s123_ef_graund_wave_green/ef_graund_wave_green_00008"},{"time":0.8666,"name":"EF/0h/s123_ef_graund_wave_green/ef_graund_wave_green_00009"},{"time":0.9,"name":"EF/0h/s123_ef_graund_wave_green/ef_graund_wave_green_00010"},{"time":0.9333,"name":"EF/0h/s123_ef_graund_wave_green/ef_graund_wave_green_00011"},{"time":0.9666,"name":"EF/0h/s123_ef_graund_wave_green/ef_graund_wave_green_00012"},{"time":1,"name":"EF/0h/s123_ef_graund_wave_green/ef_graund_wave_green_00013"},{"time":1.0333,"name":null},{"time":1.1,"name":"EF/0h/s123_ef_graund_wave_green/ef_graund_wave_green_00002"},{"time":1.1333,"name":"EF/0h/s123_ef_graund_wave_green/ef_graund_wave_green_00003"},{"time":1.1666,"name":"EF/0h/s123_ef_graund_wave_green/ef_graund_wave_green_00004"},{"time":1.2,"name":"EF/0h/s123_ef_graund_wave_green/ef_graund_wave_green_00005"},{"time":1.2333,"name":"EF/0h/s123_ef_graund_wave_green/ef_graund_wave_green_00006"},{"time":1.2666,"name":"EF/0h/s123_ef_graund_wave_green/ef_graund_wave_green_00007"},{"time":1.3,"name":"EF/0h/s123_ef_graund_wave_green/ef_graund_wave_green_00008"},{"time":1.3333,"name":"EF/0h/s123_ef_graund_wave_green/ef_graund_wave_green_00009"},{"time":1.3666,"name":"EF/0h/s123_ef_graund_wave_green/ef_graund_wave_green_00010"},{"time":1.4,"name":"EF/0h/s123_ef_graund_wave_green/ef_graund_wave_green_00011"},{"time":1.4333,"name":"EF/0h/s123_ef_graund_wave_green/ef_graund_wave_green_00012"},{"time":1.4666,"name":"EF/0h/s123_ef_graund_wave_green/ef_graund_wave_green_00013"},{"time":1.5,"name":null},{"time":1.5666,"name":"EF/0h/s123_ef_graund_wave_green/ef_graund_wave_green_00002"},{"time":1.6,"name":"EF/0h/s123_ef_graund_wave_green/ef_graund_wave_green_00003"},{"time":1.6333,"name":"EF/0h/s123_ef_graund_wave_green/ef_graund_wave_green_00004"},{"time":1.6666,"name":"EF/0h/s123_ef_graund_wave_green/ef_graund_wave_green_00005"},{"time":1.7,"name":"EF/0h/s123_ef_graund_wave_green/ef_graund_wave_green_00006"},{"time":1.7333,"name":"EF/0h/s123_ef_graund_wave_green/ef_graund_wave_green_00007"},{"time":1.7666,"name":"EF/0h/s123_ef_graund_wave_green/ef_graund_wave_green_00008"},{"time":1.8,"name":"EF/0h/s123_ef_graund_wave_green/ef_graund_wave_green_00009"},{"time":1.8333,"name":"EF/0h/s123_ef_graund_wave_green/ef_graund_wave_green_00010"},{"time":1.8666,"name":"EF/0h/s123_ef_graund_wave_green/ef_graund_wave_green_00011"},{"time":1.9,"name":"EF/0h/s123_ef_graund_wave_green/ef_graund_wave_green_00012"},{"time":1.9333,"name":"EF/0h/s123_ef_graund_wave_green/ef_graund_wave_green_00013"},{"time":1.9666,"name":null}]},"ef_graund_wave_green2":{"attachment":[{"time":1.3333,"name":"EF/0h/s123_ef_graund_wave_green/ef_graund_wave_green_00002"},{"time":1.3666,"name":"EF/0h/s123_ef_graund_wave_green/ef_graund_wave_green_00003"},{"time":1.4,"name":"EF/0h/s123_ef_graund_wave_green/ef_graund_wave_green_00004"},{"time":1.4333,"name":"EF/0h/s123_ef_graund_wave_green/ef_graund_wave_green_00005"},{"time":1.4666,"name":"EF/0h/s123_ef_graund_wave_green/ef_graund_wave_green_00006"},{"time":1.5,"name":"EF/0h/s123_ef_graund_wave_green/ef_graund_wave_green_00007"},{"time":1.5333,"name":"EF/0h/s123_ef_graund_wave_green/ef_graund_wave_green_00008"},{"time":1.5666,"name":"EF/0h/s123_ef_graund_wave_green/ef_graund_wave_green_00009"},{"time":1.6,"name":"EF/0h/s123_ef_graund_wave_green/ef_graund_wave_green_00010"},{"time":1.6333,"name":"EF/0h/s123_ef_graund_wave_green/ef_graund_wave_green_00011"},{"time":1.6666,"name":"EF/0h/s123_ef_graund_wave_green/ef_graund_wave_green_00012"},{"time":1.7,"name":"EF/0h/s123_ef_graund_wave_green/ef_graund_wave_green_00013"},{"time":1.7333,"name":null}]},"ef_slash_A":{"attachment":[{"time":0.6,"name":"EF/0h/s1_ef_slash_A_main/ef_slash_A_main_00001"},{"time":0.6333,"name":"EF/0h/s1_ef_slash_A_main/ef_slash_A_main_00002"},{"time":0.6666,"name":"EF/0h/s1_ef_slash_A_main/ef_slash_A_main_00003"},{"time":0.7,"name":"EF/0h/s1_ef_slash_A_main/ef_slash_A_main_00004"},{"time":0.7333,"name":"EF/0h/s1_ef_slash_A_main/ef_slash_A_main_00005"},{"time":0.7666,"name":"EF/0h/s1_ef_slash_A_main/ef_slash_A_main_00006"},{"time":0.8,"name":"EF/0h/s1_ef_slash_A_main/ef_slash_A_main_00007"},{"time":0.8333,"name":"EF/0h/s1_ef_slash_A_main/ef_slash_A_main_00008"},{"time":0.8666,"name":"EF/0h/s1_ef_slash_A_main/ef_slash_A_main_00009"},{"time":0.9,"name":null}]},"ef_slash_C":{"attachment":[{"time":1.1,"name":"EF/0h/s3_ef_slash_C_main/ef_slash_C_main_00002"},{"time":1.1333,"name":"EF/0h/s3_ef_slash_C_main/ef_slash_C_main_00004"},{"time":1.1666,"name":"EF/0h/s3_ef_slash_C_main/ef_slash_C_main_00006"},{"time":1.2,"name":"EF/0h/s3_ef_slash_C_main/ef_slash_C_main_00008"},{"time":1.2333,"name":"EF/0h/s3_ef_slash_C_main/ef_slash_C_main_00009"},{"time":1.2666,"name":null}]},"ef_slash_shake":{"attachment":[{"time":2.3666,"name":"EF/0h/ef_slash_shake_main/ef_slash_shake_main_00001"},{"time":2.4,"name":"EF/0h/ef_slash_shake_main/ef_slash_shake_main_00002"},{"time":2.4333,"name":"EF/0h/ef_slash_shake_main/ef_slash_shake_main_00003"},{"time":2.4666,"name":"EF/0h/ef_slash_shake_main/ef_slash_shake_main_00004"},{"time":2.5,"name":"EF/0h/ef_slash_shake_main/ef_slash_shake_main_00005"},{"time":2.5333,"name":"EF/0h/ef_slash_shake_main/ef_slash_shake_main_00006"},{"time":2.5666,"name":"EF/0h/ef_slash_shake_main/ef_slash_shake_main_00007"},{"time":2.6,"name":"EF/0h/ef_slash_shake_main/ef_slash_shake_main_00008"},{"time":2.6333,"name":"EF/0h/ef_slash_shake_main/ef_slash_shake_main_00009"},{"time":2.6666,"name":"EF/0h/ef_slash_shake_main/ef_slash_shake_main_00010"},{"time":2.7,"name":"EF/0h/ef_slash_shake_main/ef_slash_shake_main_00011"},{"time":2.7333,"name":"EF/0h/ef_slash_shake_main/ef_slash_shake_main_00012"},{"time":2.7666,"name":null}]},"ef_slash_sprash":{"attachment":[{"time":0.6666,"name":"EF/0h/s2_ef_slash_sprash_main/ef_slash_sprash_main_00001"},{"time":0.7,"name":"EF/0h/s2_ef_slash_sprash_main/ef_slash_sprash_main_00002"},{"time":0.7333,"name":"EF/0h/s2_ef_slash_sprash_main/ef_slash_sprash_main_00003"},{"time":0.7666,"name":null}]},"ef_smash_wave_A_green":{"attachment":[{"time":1.1,"name":"EF/0h/s3_smash_wave_A_green/ef_smash_wave_A_green_00001"},{"time":1.1333,"name":"EF/0h/s3_smash_wave_A_green/ef_smash_wave_A_green_00002"},{"time":1.1666,"name":"EF/0h/s3_smash_wave_A_green/ef_smash_wave_A_green_00003"},{"time":1.2,"name":"EF/0h/s3_smash_wave_A_green/ef_smash_wave_A_green_00004"},{"time":1.2333,"name":"EF/0h/s3_smash_wave_A_green/ef_smash_wave_A_green_00005"},{"time":1.3,"name":null}],"color":[{"time":1.2333,"color":"ffffffff"},{"time":1.3,"color":"ffffff00"}]},"ef_tuti_green":{"attachment":[{"time":1.1,"name":"EF/s23_ef_tuti_green/ef_tuti_green_00001"},{"time":1.1333,"name":"EF/s23_ef_tuti_green/ef_tuti_green_00002"},{"time":1.1666,"name":"EF/s23_ef_tuti_green/ef_tuti_green_00003"},{"time":1.2,"name":"EF/s23_ef_tuti_green/ef_tuti_green_00004"},{"time":1.2333,"name":"EF/s23_ef_tuti_green/ef_tuti_green_00005"},{"time":1.2666,"name":"EF/s23_ef_tuti_green/ef_tuti_green_00006"},{"time":1.3,"name":"EF/s23_ef_tuti_green/ef_tuti_green_00007"},{"time":1.3333,"name":"EF/s23_ef_tuti_green/ef_tuti_green_00008"},{"time":1.3666,"name":"EF/s23_ef_tuti_green/ef_tuti_green_00009"},{"time":1.4,"name":"EF/s23_ef_tuti_green/ef_tuti_green_00010"},{"time":1.4333,"name":"EF/s23_ef_tuti_green/ef_tuti_green_00011"},{"time":1.4666,"name":"EF/s23_ef_tuti_green/ef_tuti_green_00012"},{"time":1.5,"name":"EF/s23_ef_tuti_green/ef_tuti_green_00013"},{"time":1.5333,"name":"EF/s23_ef_tuti_green/ef_tuti_green_00014"},{"time":1.5666,"name":"EF/s23_ef_tuti_green/ef_tuti_green_00015"},{"time":1.6,"name":"EF/s23_ef_tuti_green/ef_tuti_green_00016"},{"time":1.6666,"name":null},{"time":1.7,"name":"EF/s23_ef_tuti_green/ef_tuti_green_00001"},{"time":1.7333,"name":"EF/s23_ef_tuti_green/ef_tuti_green_00002"},{"time":1.7666,"name":"EF/s23_ef_tuti_green/ef_tuti_green_00003"},{"time":1.8,"name":"EF/s23_ef_tuti_green/ef_tuti_green_00004"},{"time":1.8333,"name":"EF/s23_ef_tuti_green/ef_tuti_green_00005"},{"time":1.8666,"name":"EF/s23_ef_tuti_green/ef_tuti_green_00006"},{"time":1.9,"name":"EF/s23_ef_tuti_green/ef_tuti_green_00007"},{"time":1.9333,"name":"EF/s23_ef_tuti_green/ef_tuti_green_00008"},{"time":1.9666,"name":"EF/s23_ef_tuti_green/ef_tuti_green_00009"},{"time":2,"name":"EF/s23_ef_tuti_green/ef_tuti_green_00010"},{"time":2.0333,"name":"EF/s23_ef_tuti_green/ef_tuti_green_00011"},{"time":2.0666,"name":"EF/s23_ef_tuti_green/ef_tuti_green_00012"},{"time":2.1,"name":"EF/s23_ef_tuti_green/ef_tuti_green_00013"},{"time":2.1333,"name":"EF/s23_ef_tuti_green/ef_tuti_green_00014"},{"time":2.1666,"name":"EF/s23_ef_tuti_green/ef_tuti_green_00015"},{"time":2.2,"name":"EF/s23_ef_tuti_green/ef_tuti_green_00016"},{"time":2.2666,"name":null}]},"ef_tuti_green2":{"attachment":[{"time":1.4,"name":"EF/s23_ef_tuti_green/ef_tuti_green_00001"},{"time":1.4333,"name":"EF/s23_ef_tuti_green/ef_tuti_green_00002"},{"time":1.4666,"name":"EF/s23_ef_tuti_green/ef_tuti_green_00003"},{"time":1.5,"name":"EF/s23_ef_tuti_green/ef_tuti_green_00004"},{"time":1.5333,"name":"EF/s23_ef_tuti_green/ef_tuti_green_00005"},{"time":1.5666,"name":"EF/s23_ef_tuti_green/ef_tuti_green_00006"},{"time":1.6,"name":"EF/s23_ef_tuti_green/ef_tuti_green_00007"},{"time":1.6333,"name":"EF/s23_ef_tuti_green/ef_tuti_green_00008"},{"time":1.6666,"name":"EF/s23_ef_tuti_green/ef_tuti_green_00009"},{"time":1.7,"name":"EF/s23_ef_tuti_green/ef_tuti_green_00010"},{"time":1.7333,"name":"EF/s23_ef_tuti_green/ef_tuti_green_00011"},{"time":1.7666,"name":"EF/s23_ef_tuti_green/ef_tuti_green_00012"},{"time":1.8,"name":"EF/s23_ef_tuti_green/ef_tuti_green_00013"},{"time":1.8333,"name":"EF/s23_ef_tuti_green/ef_tuti_green_00014"},{"time":1.8666,"name":"EF/s23_ef_tuti_green/ef_tuti_green_00015"},{"time":1.9,"name":"EF/s23_ef_tuti_green/ef_tuti_green_00016"},{"time":1.9666,"name":null}]},"ef_tuti_green3":{"attachment":[{"time":0.6333,"name":"EF/s23_ef_tuti_green/ef_tuti_green_00001"},{"time":0.6666,"name":"EF/s23_ef_tuti_green/ef_tuti_green_00002"},{"time":0.7,"name":"EF/s23_ef_tuti_green/ef_tuti_green_00003"},{"time":0.7333,"name":"EF/s23_ef_tuti_green/ef_tuti_green_00004"},{"time":0.7666,"name":"EF/s23_ef_tuti_green/ef_tuti_green_00005"},{"time":0.8,"name":"EF/s23_ef_tuti_green/ef_tuti_green_00006"},{"time":0.8333,"name":"EF/s23_ef_tuti_green/ef_tuti_green_00007"},{"time":0.8666,"name":"EF/s23_ef_tuti_green/ef_tuti_green_00008"},{"time":0.9,"name":"EF/s23_ef_tuti_green/ef_tuti_green_00009"},{"time":0.9333,"name":"EF/s23_ef_tuti_green/ef_tuti_green_00010"},{"time":0.9666,"name":"EF/s23_ef_tuti_green/ef_tuti_green_00011"},{"time":1,"name":"EF/s23_ef_tuti_green/ef_tuti_green_00012"},{"time":1.0333,"name":"EF/s23_ef_tuti_green/ef_tuti_green_00013"},{"time":1.0666,"name":"EF/s23_ef_tuti_green/ef_tuti_green_00014"},{"time":1.1,"name":"EF/s23_ef_tuti_green/ef_tuti_green_00015"},{"time":1.1333,"name":"EF/s23_ef_tuti_green/ef_tuti_green_00016"},{"time":1.2,"name":null}]},"ef_water_sprash":{"attachment":[{"time":1.1,"name":"EF/0h/s23_ef_water_sprash_main/ef_water_sprash_main_00001"},{"time":1.1333,"name":"EF/0h/s23_ef_water_sprash_main/ef_water_sprash_main_00002"},{"time":1.1666,"name":"EF/0h/s23_ef_water_sprash_main/ef_water_sprash_main_00003"},{"time":1.2,"name":"EF/0h/s23_ef_water_sprash_main/ef_water_sprash_main_00004"},{"time":1.2333,"name":"EF/0h/s23_ef_water_sprash_main/ef_water_sprash_main_00005"},{"time":1.2666,"name":"EF/0h/s23_ef_water_sprash_main/ef_water_sprash_main_00006"},{"time":1.3,"name":"EF/0h/s23_ef_water_sprash_main/ef_water_sprash_main_00007"},{"time":1.3333,"name":"EF/0h/s23_ef_water_sprash_main/ef_water_sprash_main_00008"},{"time":1.3666,"name":"EF/0h/s23_ef_water_sprash_main/ef_water_sprash_main_00009"},{"time":1.4,"name":"EF/0h/s23_ef_water_sprash_main/ef_water_sprash_main_00010"},{"time":1.4333,"name":"EF/0h/s23_ef_water_sprash_main/ef_water_sprash_main_00011"},{"time":1.4666,"name":"EF/0h/s23_ef_water_sprash_main/ef_water_sprash_main_00012"},{"time":1.5,"name":"EF/0h/s23_ef_water_sprash_main/ef_water_sprash_main_00013"},{"time":1.6,"name":null},{"time":1.6333,"name":"EF/0h/s23_ef_water_sprash_main/ef_water_sprash_main_00001"},{"time":1.6666,"name":"EF/0h/s23_ef_water_sprash_main/ef_water_sprash_main_00002"},{"time":1.7,"name":"EF/0h/s23_ef_water_sprash_main/ef_water_sprash_main_00003"},{"time":1.7333,"name":"EF/0h/s23_ef_water_sprash_main/ef_water_sprash_main_00004"},{"time":1.7666,"name":"EF/0h/s23_ef_water_sprash_main/ef_water_sprash_main_00005"},{"time":1.8,"name":"EF/0h/s23_ef_water_sprash_main/ef_water_sprash_main_00006"},{"time":1.8333,"name":"EF/0h/s23_ef_water_sprash_main/ef_water_sprash_main_00007"},{"time":1.8666,"name":"EF/0h/s23_ef_water_sprash_main/ef_water_sprash_main_00008"},{"time":1.9,"name":"EF/0h/s23_ef_water_sprash_main/ef_water_sprash_main_00009"},{"time":1.9333,"name":"EF/0h/s23_ef_water_sprash_main/ef_water_sprash_main_00010"},{"time":1.9666,"name":"EF/0h/s23_ef_water_sprash_main/ef_water_sprash_main_00011"},{"time":2,"name":"EF/0h/s23_ef_water_sprash_main/ef_water_sprash_main_00012"},{"time":2.0333,"name":"EF/0h/s23_ef_water_sprash_main/ef_water_sprash_main_00013"},{"time":2.1333,"name":null}],"color":[{"time":1.3666,"color":"ffffffff"},{"time":1.5666,"color":"ffffff00","curve":"stepped"},{"time":1.6333,"color":"ffffffff","curve":"stepped"},{"time":1.9333,"color":"ffffffff"},{"time":2.1333,"color":"ffffff00"}]},"ef_water_sprash2":{"attachment":[{"time":1.3666,"name":"EF/0h/s23_ef_water_sprash_main/ef_water_sprash_main_00001"},{"time":1.4,"name":"EF/0h/s23_ef_water_sprash_main/ef_water_sprash_main_00002"},{"time":1.4333,"name":"EF/0h/s23_ef_water_sprash_main/ef_water_sprash_main_00003"},{"time":1.4666,"name":"EF/0h/s23_ef_water_sprash_main/ef_water_sprash_main_00004"},{"time":1.5,"name":"EF/0h/s23_ef_water_sprash_main/ef_water_sprash_main_00005"},{"time":1.5333,"name":"EF/0h/s23_ef_water_sprash_main/ef_water_sprash_main_00006"},{"time":1.5666,"name":"EF/0h/s23_ef_water_sprash_main/ef_water_sprash_main_00007"},{"time":1.6,"name":"EF/0h/s23_ef_water_sprash_main/ef_water_sprash_main_00008"},{"time":1.6333,"name":"EF/0h/s23_ef_water_sprash_main/ef_water_sprash_main_00009"},{"time":1.6666,"name":"EF/0h/s23_ef_water_sprash_main/ef_water_sprash_main_00010"},{"time":1.7,"name":"EF/0h/s23_ef_water_sprash_main/ef_water_sprash_main_00011"},{"time":1.7333,"name":"EF/0h/s23_ef_water_sprash_main/ef_water_sprash_main_00012"},{"time":1.7666,"name":"EF/0h/s23_ef_water_sprash_main/ef_water_sprash_main_00013"},{"time":1.8666,"name":null}],"color":[{"time":1.6666,"color":"ffffffff"},{"time":1.8666,"color":"ffffff00"}]},"ef_water_wave_green":{"attachment":[{"time":0.1666,"name":"EF/0h/s23_ef_water_wave_green/ef_water_wave_green_00001"},{"time":0.2,"name":"EF/0h/s23_ef_water_wave_green/ef_water_wave_green_00002"},{"time":0.2333,"name":"EF/0h/s23_ef_water_wave_green/ef_water_wave_green_00003"},{"time":0.2666,"name":"EF/0h/s23_ef_water_wave_green/ef_water_wave_green_00004"},{"time":0.3,"name":"EF/0h/s23_ef_water_wave_green/ef_water_wave_green_00005"},{"time":0.3333,"name":"EF/0h/s23_ef_water_wave_green/ef_water_wave_green_00006"},{"time":0.3666,"name":"EF/0h/s23_ef_water_wave_green/ef_water_wave_green_00007"},{"time":0.4,"name":"EF/0h/s23_ef_water_wave_green/ef_water_wave_green_00008"},{"time":0.4333,"name":"EF/0h/s23_ef_water_wave_green/ef_water_wave_green_00009"},{"time":0.4666,"name":"EF/0h/s23_ef_water_wave_green/ef_water_wave_green_00010"},{"time":0.5,"name":"EF/0h/s23_ef_water_wave_green/ef_water_wave_green_00011"},{"time":0.5333,"name":"EF/0h/s23_ef_water_wave_green/ef_water_wave_green_00012"},{"time":0.5666,"name":"EF/0h/s23_ef_water_wave_green/ef_water_wave_green_00013"},{"time":0.6,"name":null},{"time":1.1,"name":"EF/0h/s23_ef_water_wave_green/ef_water_wave_green_00014"},{"time":1.1333,"name":"EF/0h/s23_ef_water_wave_green/ef_water_wave_green_00015"},{"time":1.1666,"name":"EF/0h/s23_ef_water_wave_green/ef_water_wave_green_00016"},{"time":1.2,"name":"EF/0h/s23_ef_water_wave_green/ef_water_wave_green_00017"},{"time":1.2333,"name":"EF/0h/s23_ef_water_wave_green/ef_water_wave_green_00018"},{"time":1.2666,"name":"EF/0h/s23_ef_water_wave_green/ef_water_wave_green_00019"},{"time":1.3,"name":"EF/0h/s23_ef_water_wave_green/ef_water_wave_green_00020"},{"time":1.3333,"name":"EF/0h/s23_ef_water_wave_green/ef_water_wave_green_00021"},{"time":1.3666,"name":"EF/0h/s23_ef_water_wave_green/ef_water_wave_green_00022"},{"time":1.4,"name":"EF/0h/s23_ef_water_wave_green/ef_water_wave_green_00023"},{"time":1.4333,"name":"EF/0h/s23_ef_water_wave_green/ef_water_wave_green_00024"},{"time":1.4666,"name":"EF/0h/s23_ef_water_wave_green/ef_water_wave_green_00025"},{"time":1.5,"name":null},{"time":1.5666,"name":"EF/0h/s23_ef_water_wave_green/ef_water_wave_green_00014"},{"time":1.6,"name":"EF/0h/s23_ef_water_wave_green/ef_water_wave_green_00015"},{"time":1.6333,"name":"EF/0h/s23_ef_water_wave_green/ef_water_wave_green_00016"},{"time":1.6666,"name":"EF/0h/s23_ef_water_wave_green/ef_water_wave_green_00017"},{"time":1.7,"name":"EF/0h/s23_ef_water_wave_green/ef_water_wave_green_00018"},{"time":1.7333,"name":"EF/0h/s23_ef_water_wave_green/ef_water_wave_green_00019"},{"time":1.7666,"name":"EF/0h/s23_ef_water_wave_green/ef_water_wave_green_00020"},{"time":1.8,"name":"EF/0h/s23_ef_water_wave_green/ef_water_wave_green_00021"},{"time":1.8333,"name":"EF/0h/s23_ef_water_wave_green/ef_water_wave_green_00022"},{"time":1.8666,"name":"EF/0h/s23_ef_water_wave_green/ef_water_wave_green_00023"},{"time":1.9,"name":"EF/0h/s23_ef_water_wave_green/ef_water_wave_green_00024"},{"time":1.9333,"name":"EF/0h/s23_ef_water_wave_green/ef_water_wave_green_00025"},{"time":1.9666,"name":null}],"color":[{"time":0.1333,"color":"ffffff00"},{"time":0.2333,"color":"ffffffff"}]},"ef_water_wave_green2":{"attachment":[{"time":1.3333,"name":"EF/0h/s23_ef_water_wave_green/ef_water_wave_green_00014"},{"time":1.3666,"name":"EF/0h/s23_ef_water_wave_green/ef_water_wave_green_00015"},{"time":1.4,"name":"EF/0h/s23_ef_water_wave_green/ef_water_wave_green_00016"},{"time":1.4333,"name":"EF/0h/s23_ef_water_wave_green/ef_water_wave_green_00017"},{"time":1.4666,"name":"EF/0h/s23_ef_water_wave_green/ef_water_wave_green_00018"},{"time":1.5,"name":"EF/0h/s23_ef_water_wave_green/ef_water_wave_green_00019"},{"time":1.5333,"name":"EF/0h/s23_ef_water_wave_green/ef_water_wave_green_00020"},{"time":1.5666,"name":"EF/0h/s23_ef_water_wave_green/ef_water_wave_green_00021"},{"time":1.6,"name":"EF/0h/s23_ef_water_wave_green/ef_water_wave_green_00022"},{"time":1.6333,"name":"EF/0h/s23_ef_water_wave_green/ef_water_wave_green_00023"},{"time":1.6666,"name":"EF/0h/s23_ef_water_wave_green/ef_water_wave_green_00024"},{"time":1.7,"name":"EF/0h/s23_ef_water_wave_green/ef_water_wave_green_00025"},{"time":1.7333,"name":null},{"time":1.8,"name":"EF/0h/s23_ef_water_wave_green/ef_water_wave_green_00014"},{"time":1.8333,"name":"EF/0h/s23_ef_water_wave_green/ef_water_wave_green_00015"},{"time":1.8666,"name":"EF/0h/s23_ef_water_wave_green/ef_water_wave_green_00016"},{"time":1.9,"name":"EF/0h/s23_ef_water_wave_green/ef_water_wave_green_00017"},{"time":1.9333,"name":"EF/0h/s23_ef_water_wave_green/ef_water_wave_green_00018"},{"time":1.9666,"name":"EF/0h/s23_ef_water_wave_green/ef_water_wave_green_00019"},{"time":2,"name":"EF/0h/s23_ef_water_wave_green/ef_water_wave_green_00020"},{"time":2.0333,"name":"EF/0h/s23_ef_water_wave_green/ef_water_wave_green_00021"},{"time":2.0666,"name":"EF/0h/s23_ef_water_wave_green/ef_water_wave_green_00022"},{"time":2.1,"name":"EF/0h/s23_ef_water_wave_green/ef_water_wave_green_00023"},{"time":2.1333,"name":"EF/0h/s23_ef_water_wave_green/ef_water_wave_green_00024"},{"time":2.1666,"name":"EF/0h/s23_ef_water_wave_green/ef_water_wave_green_00025"},{"time":2.2,"name":null}]},"skill2_05a_ef":{"attachment":[{"time":2.3666,"name":"skill2_05a_ef"},{"time":2.4,"name":"skill2_05b_ef"},{"time":2.4333,"name":"skill2_05c_ef"},{"time":2.4666,"name":"skill2_05a_ef"},{"time":2.5,"name":"skill2_05b_ef"},{"time":2.5333,"name":"skill2_05c_ef"},{"time":2.5666,"name":"skill2_05a_ef"},{"time":2.6,"name":"skill2_05b_ef"},{"time":2.6333,"name":null}]}},"bones":{"MAIN":{"translate":[{"time":0,"x":23.87,"y":0,"curve":"stepped"},{"time":0.1,"x":26,"y":0,"curve":[0.094,0.65,0.75,1]},{"time":0.1666,"x":30,"y":0,"curve":"stepped"},{"time":0.6333,"x":30,"y":0},{"time":0.6666,"x":-10,"y":0,"curve":[0.061,0.74,0.75,1]},{"time":0.7333,"x":5,"y":0,"curve":"stepped"},{"time":0.8666,"x":5,"y":0,"curve":[0.104,0.43,0.75,1]},{"time":0.9666,"x":37.06,"y":0,"curve":"stepped"},{"time":1,"x":22.9,"y":0,"curve":[0.639,0,0.75,1]},{"time":1.1,"x":5.8,"y":0},{"time":1.1333,"x":-20,"y":0,"curve":[0.072,0.77,0.479,1]},{"time":1.2,"x":0,"y":0,"curve":"stepped"},{"time":2.3666,"x":23.87,"y":0}]},"ef_graund_wave_green":{"translate":[{"time":0.6333,"x":120,"y":0,"curve":"stepped"},{"time":0.6666,"x":100,"y":0,"curve":"stepped"},{"time":1.1,"x":75,"y":13.46}],"scale":[{"time":0.6333,"x":2,"y":2},{"time":1,"x":3,"y":3,"curve":"stepped"},{"time":1.1,"x":3,"y":3},{"time":1.4666,"x":4,"y":4,"curve":"stepped"},{"time":1.5666,"x":3,"y":3},{"time":1.9333,"x":4,"y":4}]},"ef_dash_green":{"translate":[{"time":0.6333,"x":123.95,"y":0,"curve":"stepped"},{"time":1.1,"x":123.95,"y":0,"curve":"stepped"},{"time":1.5666,"x":123.95,"y":0}],"scale":[{"time":0.6333,"x":2,"y":2,"curve":"stepped"},{"time":1.1,"x":3,"y":3,"curve":"stepped"},{"time":1.5666,"x":3,"y":3}]},"ef_slash_sprash":{"rotate":[{"time":0.6666,"angle":-135.15}],"translate":[{"time":0.6666,"x":9.12,"y":285.82}],"scale":[{"time":0.6666,"x":3.5,"y":3}]},"ef_slash_C":{"rotate":[{"time":1.1,"angle":42.24}],"translate":[{"time":1.1,"x":199.37,"y":103.31}],"scale":[{"time":1.1,"x":3,"y":-4.214}]},"ef_tuti_green":{"translate":[{"time":1.1,"x":525,"y":0}],"scale":[{"time":1.1,"x":3,"y":3},{"time":1.6333,"x":3.5,"y":3.5},{"time":2.2333,"x":4,"y":4}]},"ef_dash_green2":{"translate":[{"time":1.3333,"x":123.95,"y":0,"curve":"stepped"},{"time":1.8,"x":123.95,"y":0}],"scale":[{"time":1.3333,"x":3,"y":3,"curve":"stepped"},{"time":1.8,"x":3,"y":3}]},"ef_water_wave_green":{"translate":[{"time":0.1666,"x":518.51,"y":0,"curve":"stepped"},{"time":1.1,"x":475,"y":20.78}],"scale":[{"time":0.1666,"x":2,"y":2,"curve":"stepped"},{"time":0.5666,"x":1,"y":1,"curve":"stepped"},{"time":1.1,"x":1,"y":1},{"time":1.2666,"x":2.5,"y":2.5},{"time":2.1666,"x":3,"y":3}]},"ef_graund_wave_green2":{"translate":[{"time":1.3333,"x":75,"y":13.46}],"scale":[{"time":1.3333,"x":3,"y":3},{"time":1.7,"x":4,"y":4}]},"ef_water_sprash":{"rotate":[{"time":1.6333,"angle":46.02}],"translate":[{"time":1.1,"x":387.18,"y":17.65}],"scale":[{"time":1.1,"x":2.5,"y":2.5,"curve":[0.097,0.55,0.75,1]},{"time":1.5666,"x":3,"y":3,"curve":"stepped"},{"time":1.6333,"x":2.5,"y":2.5,"curve":[0.097,0.55,0.75,1]},{"time":2.1,"x":3,"y":3}]},"ef_water_sprash2":{"rotate":[{"time":1.3666,"angle":161.06}],"translate":[{"time":1.3666,"x":387.18,"y":17.65}],"scale":[{"time":1.3666,"x":2.5,"y":2.5,"curve":[0.097,0.55,0.75,1]},{"time":1.8333,"x":3,"y":3}]},"ef_tuti_green2":{"translate":[{"time":0.6333,"x":550,"y":-16.86}],"scale":[{"time":0.6333,"x":3,"y":3},{"time":1.1666,"x":3.5,"y":3.5}]},"ef_slash_shake":{"translate":[{"time":2.3666,"x":31.93,"y":96.02}],"scale":[{"time":2.3666,"x":2,"y":2}]},"ef_slash_A":{"rotate":[{"time":0.6,"angle":-3.36}],"translate":[{"time":0.6,"x":204.96,"y":78.6},{"time":0.6666,"x":129.68,"y":138.6}],"scale":[{"time":0.6,"x":1,"y":4.761},{"time":0.6666,"x":4.051,"y":10.8}]},"ef_smash_wave_A_green":{"rotate":[{"time":1.1,"angle":-90}],"translate":[{"time":1.1,"x":261.44,"y":38.26}],"scale":[{"time":1.1,"x":4.251,"y":4.251},{"time":1.3,"x":5.181,"y":7.301}]},"DAMAGEAREA":{"translate":[{"time":0.6333,"x":-134.29,"y":59.68},{"time":0.6666,"x":-206.42,"y":170.35,"curve":"stepped"},{"time":1.1333,"x":-429.6,"y":391.46},{"time":1.1666,"x":-483.5,"y":429.19}],"scale":[{"time":0.6333,"x":1,"y":1},{"time":0.6666,"x":2.85,"y":2.48,"curve":"stepped"},{"time":1.1333,"x":3.812,"y":5.505},{"time":1.1666,"x":4.78,"y":6.904}]}},"events":[{"time":0,"name":"Sound3","string":"setHitSound(se_battle_swordslash_heavy)"},{"time":0,"name":"Voice","string":"cri_288_voice_fullarts_now"},{"time":0.1666,"name":"Sound1","string":"cri_se_battle_charge"},{"time":0.5666,"name":"Event","string":"kHitStopType_normal"},{"time":0.6,"name":"Event","string":"setHitBackEnemy(30,40)"},{"time":0.6,"name":"Sound1","string":"cri_se_battle_skill_shot"},{"time":0.6,"name":"Sound2","string":"cri_se_battle_037_explosion_element_05"},{"time":0.6333,"name":"Event","string":"setHitStopTime(0.06,0.4)"},{"time":0.6333,"name":"Event2","float":1,"string":"shakeGround"},{"time":0.7333,"name":"Event","string":"setHitStopTime(0.1,0.4)"},{"time":0.7333,"name":"Event2","float":1,"string":"shakeGround"},{"time":0.7333,"name":"Hit","string":"resetHitList"},{"time":1.0333,"name":"Sound1","string":"cri_se_battle_skill_swish"},{"time":1.0333,"name":"Sound3","string":"setHitSound(se_battle_007_attack_hit_01)"},{"time":1.1,"name":"Event","string":"setHitBackEnemy(4,15)"},{"time":1.1,"name":"Sound1","string":"cri_se_battle_sword_srash_02"},{"time":1.1,"name":"Sound2","string":"cri_se_battle_skill_elxplosion"},{"time":1.1,"name":"Sound3","string":"cri_se_battle_darkness_explosion"},{"time":1.1,"name":"Voice","string":"cri_288_voice_fullarts_rank5_01"},{"time":1.1333,"name":"Event","string":"setHitStopTime(0.2,0.4)"},{"time":1.1333,"name":"Event2","float":3,"string":"shakeGround"},{"time":1.1333,"name":"Hit","string":"resetHitList"},{"time":1.2,"name":"Event","string":"setHitStopTime(0,0.4)"},{"time":1.2,"name":"Event2","float":2,"string":"shakeGround"},{"time":1.2,"name":"Hit","string":"resetHitList"},{"time":1.2666,"name":"Hit","string":"resetHitList"},{"time":1.3333,"name":"Event2","float":2,"string":"shakeGround"},{"time":1.3333,"name":"Hit","string":"resetHitList"},{"time":1.4,"name":"Hit","string":"resetHitList"},{"time":1.4666,"name":"Event2","float":2,"string":"shakeGround"},{"time":1.4666,"name":"Hit","string":"resetHitList"},{"time":1.5333,"name":"Hit","string":"resetHitList"},{"time":1.6,"name":"Event2","float":1.6,"string":"shakeGround"},{"time":1.6,"name":"Hit","string":"resetHitList"},{"time":1.6666,"name":"Hit","string":"resetHitList"},{"time":1.7333,"name":"Event2","float":1.4,"string":"shakeGround"},{"time":1.7333,"name":"Hit","string":"resetHitList"},{"time":1.8,"name":"Hit","string":"resetHitList"},{"time":1.8666,"name":"Event2","float":1,"string":"shakeGround"},{"time":1.8666,"name":"Hit","string":"resetHitList"},{"time":1.9333,"name":"Hit","string":"resetHitList"},{"time":2,"name":"Event2","float":0.8,"string":"shakeGround"},{"time":2,"name":"Hit","string":"resetHitList"},{"time":2.1333,"name":"Event2","float":0.5,"string":"shakeGround"},{"time":2.3,"name":"Event2","string":"setForceImpact(0)"},{"time":2.3666,"name":"Sound1","string":"cri_se_battle_sword_swish_heavy"},{"time":2.5,"name":"Sound1","string":"cri_se_battle_sword_swish_heavy"},{"time":2.7333,"name":"Sound1","string":"cri_se_battle_sword_sheathe"}]}}}