{"skeleton":{"hash":"FcSHdo5wZvWXzt6p5bukBnc+RtY","spine":"3.0.12","width":0,"height":0},"bones":[{"name":"root","scaleX":2,"scaleY":2},{"name":"ling","parent":"root"},{"name":"darkball","parent":"root"},{"name":"S1_light1","parent":"root","x":-173.79},{"name":"S1_bom1","parent":"root","x":184.67}],"slots":[{"name":"S1_bom1","bone":"S1_bom1","blend":"additive"},{"name":"S1_light1","bone":"S1_light1","blend":"additive"},{"name":"EF/390_S1_ex1/390_S1_ex1_00038","bone":"darkball","blend":"additive"},{"name":"EF/280_S1_magic2/280_S1_magic2_00045","bone":"ling","blend":"additive"}],"skins":{"default":{"EF/280_S1_magic2/280_S1_magic2_00045":{"EF/280_S1_magic2/280_S1_magic2_00045":{"width":225,"height":225}},"EF/390_S1_ex1/390_S1_ex1_00038":{"EF/390_S1_ex1/390_S1_ex1_00038":{"width":300,"height":300},"EF/390_S1_ex1/390_S1_ex1_00039":{"width":300,"height":300},"EF/390_S1_ex1/390_S1_ex1_00040":{"width":300,"height":300},"EF/390_S1_ex1/390_S1_ex1_00041":{"width":300,"height":300},"EF/390_S1_ex1/390_S1_ex1_00042":{"width":300,"height":300},"EF/390_S1_ex1/390_S1_ex1_00043":{"width":300,"height":300},"EF/390_S1_ex1/390_S1_ex1_00044":{"width":300,"height":300},"EF/390_S1_ex1/390_S1_ex1_00045":{"width":300,"height":300},"EF/390_S1_ex1/390_S1_ex1_00046":{"width":300,"height":300},"EF/390_S1_ex1/390_S1_ex1_00047":{"width":300,"height":300},"EF/390_S1_ex1/390_S1_ex1_00048":{"width":300,"height":300}},"S1_bom1":{"EF/270_S1_bom1/270_S1_bom1_00038":{"width":225,"height":225},"EF/270_S1_bom1/270_S1_bom1_00039":{"width":225,"height":225},"EF/270_S1_bom1/270_S1_bom1_00040":{"width":225,"height":225},"EF/270_S1_bom1/270_S1_bom1_00041":{"width":225,"height":225},"EF/270_S1_bom1/270_S1_bom1_00042":{"width":225,"height":225},"EF/270_S1_bom1/270_S1_bom1_00043":{"width":225,"height":225},"EF/270_S1_bom1/270_S1_bom1_00044":{"width":225,"height":225},"EF/270_S1_bom1/270_S1_bom1_00045":{"width":225,"height":225},"EF/270_S1_bom1/270_S1_bom1_00046":{"width":225,"height":225},"EF/270_S1_bom1/270_S1_bom1_00047":{"width":225,"height":225},"EF/270_S1_bom1/270_S1_bom1_00048":{"width":225,"height":225},"EF/270_S1_bom1/270_S1_bom1_00049":{"width":225,"height":225},"EF/270_S1_bom1/270_S1_bom1_00050":{"width":225,"height":225},"EF/270_S1_bom1/270_S1_bom1_00051":{"width":225,"height":225}},"S1_light1":{"EF/270_S1_light1/270_S1_light1_00038":{"width":300,"height":300},"EF/270_S1_light1/270_S1_light1_00039":{"width":300,"height":300},"EF/270_S1_light1/270_S1_light1_00040":{"width":300,"height":300},"EF/270_S1_light1/270_S1_light1_00041":{"width":300,"height":300},"EF/270_S1_light1/270_S1_light1_00042":{"width":300,"height":300},"EF/270_S1_light1/270_S1_light1_00043":{"width":300,"height":300},"EF/270_S1_light1/270_S1_light1_00044":{"width":300,"height":300},"EF/270_S1_light1/270_S1_light1_00045":{"width":300,"height":300},"EF/270_S1_light1/270_S1_light1_00046":{"width":300,"height":300},"EF/270_S1_light1/270_S1_light1_00047":{"width":300,"height":300},"EF/270_S1_light1/270_S1_light1_00049":{"width":300,"height":300},"EF/270_S1_light1/270_S1_light1_00051":{"width":300,"height":300},"EF/270_S1_light1/270_S1_light1_00053":{"width":300,"height":300},"EF/270_S1_light1/270_S1_light1_00055":{"width":300,"height":300},"EF/270_S1_light1/270_S1_light1_00058":{"width":300,"height":300},"EF/270_S1_light1/270_S1_light1_00060":{"width":300,"height":300},"EF/270_S1_light1/270_S1_light1_00062":{"width":300,"height":300},"EF/270_S1_light1/270_S1_light1_00064":{"width":300,"height":300},"EF/270_S1_light1/270_S1_light1_00066":{"width":300,"height":300},"EF/270_S1_light1/270_S1_light1_00068":{"width":300,"height":300},"EF/270_S1_light1/270_S1_light1_00070":{"width":300,"height":300}}}},"animations":{"1-attack1":{},"1-attack2":{},"1-skill1":{"slots":{"EF/280_S1_magic2/280_S1_magic2_00045":{"attachment":[{"time":2.1666,"name":"EF/280_S1_magic2/280_S1_magic2_00045"}],"color":[{"time":2.1666,"color":"ffffff32"},{"time":2.3,"color":"ffffffff","curve":"stepped"},{"time":2.4666,"color":"ffffffff"},{"time":2.6666,"color":"ffffff02"}]},"EF/390_S1_ex1/390_S1_ex1_00038":{"attachment":[{"time":2.1,"name":"EF/390_S1_ex1/390_S1_ex1_00038"},{"time":2.1333,"name":"EF/390_S1_ex1/390_S1_ex1_00039"},{"time":2.2,"name":"EF/390_S1_ex1/390_S1_ex1_00040"},{"time":2.2333,"name":"EF/390_S1_ex1/390_S1_ex1_00041"},{"time":2.3,"name":"EF/390_S1_ex1/390_S1_ex1_00042"},{"time":2.3333,"name":"EF/390_S1_ex1/390_S1_ex1_00043"},{"time":2.4,"name":"EF/390_S1_ex1/390_S1_ex1_00048"},{"time":2.4333,"name":"EF/390_S1_ex1/390_S1_ex1_00047"},{"time":2.5,"name":"EF/390_S1_ex1/390_S1_ex1_00046"},{"time":2.5333,"name":"EF/390_S1_ex1/390_S1_ex1_00045"},{"time":2.6,"name":"EF/390_S1_ex1/390_S1_ex1_00044"},{"time":2.6333,"name":"EF/390_S1_ex1/390_S1_ex1_00044"}],"color":[{"time":2.4666,"color":"ffffffff"},{"time":2.7,"color":"ffffff00"}]},"S1_bom1":{"attachment":[{"time":0.6666,"name":"EF/270_S1_bom1/270_S1_bom1_00038"},{"time":0.7,"name":"EF/270_S1_bom1/270_S1_bom1_00039"},{"time":0.7333,"name":"EF/270_S1_bom1/270_S1_bom1_00040"},{"time":0.7666,"name":"EF/270_S1_bom1/270_S1_bom1_00041"},{"time":0.8,"name":"EF/270_S1_bom1/270_S1_bom1_00042"},{"time":0.8333,"name":"EF/270_S1_bom1/270_S1_bom1_00043"},{"time":0.8666,"name":"EF/270_S1_bom1/270_S1_bom1_00044"},{"time":0.9,"name":"EF/270_S1_bom1/270_S1_bom1_00045"},{"time":0.9333,"name":"EF/270_S1_bom1/270_S1_bom1_00046"},{"time":0.9666,"name":"EF/270_S1_bom1/270_S1_bom1_00047"},{"time":1,"name":"EF/270_S1_bom1/270_S1_bom1_00048"},{"time":1.0333,"name":"EF/270_S1_bom1/270_S1_bom1_00049"},{"time":1.0666,"name":"EF/270_S1_bom1/270_S1_bom1_00050"},{"time":1.9333,"name":"EF/270_S1_bom1/270_S1_bom1_00051"},{"time":2.1,"name":null},{"time":3.1,"name":null}],"color":[{"time":1.1,"color":"ffffffff"},{"time":1.4,"color":"ffffff70"},{"time":1.7333,"color":"ffffffff"}]},"S1_light1":{"attachment":[{"time":0.9333,"name":"EF/270_S1_light1/270_S1_light1_00038"},{"time":0.9666,"name":"EF/270_S1_light1/270_S1_light1_00039"},{"time":1,"name":"EF/270_S1_light1/270_S1_light1_00040"},{"time":1.0333,"name":"EF/270_S1_light1/270_S1_light1_00041"},{"time":1.0666,"name":"EF/270_S1_light1/270_S1_light1_00042"},{"time":1.1,"name":"EF/270_S1_light1/270_S1_light1_00043"},{"time":1.1333,"name":"EF/270_S1_light1/270_S1_light1_00044"},{"time":1.1666,"name":"EF/270_S1_light1/270_S1_light1_00045"},{"time":1.2,"name":"EF/270_S1_light1/270_S1_light1_00046"},{"time":1.2333,"name":"EF/270_S1_light1/270_S1_light1_00047"},{"time":1.3,"name":"EF/270_S1_light1/270_S1_light1_00049"},{"time":1.3666,"name":"EF/270_S1_light1/270_S1_light1_00051"},{"time":1.4333,"name":"EF/270_S1_light1/270_S1_light1_00053"},{"time":1.5,"name":"EF/270_S1_light1/270_S1_light1_00055"},{"time":1.6,"name":"EF/270_S1_light1/270_S1_light1_00058"},{"time":1.6666,"name":"EF/270_S1_light1/270_S1_light1_00060"},{"time":1.7333,"name":"EF/270_S1_light1/270_S1_light1_00062"},{"time":1.8,"name":"EF/270_S1_light1/270_S1_light1_00064"},{"time":1.8666,"name":"EF/270_S1_light1/270_S1_light1_00066"},{"time":1.9333,"name":"EF/270_S1_light1/270_S1_light1_00068"},{"time":2,"name":"EF/270_S1_light1/270_S1_light1_00070"},{"time":2.1333,"name":null}],"color":[{"time":2,"color":"ffffffff"},{"time":2.1333,"color":"ffffff00"}]}},"bones":{"S1_bom1":{"translate":[{"time":0.6666,"x":-191.25,"y":60.53},{"time":1.9333,"x":-188.76,"y":93.16,"curve":[0.347,0.1,0.559,0.93]},{"time":2.1,"x":-251.13,"y":24.99}],"scale":[{"time":1.0666,"x":0.5,"y":0.5,"curve":[0.255,0.17,0.39,1]},{"time":1.9333,"x":1,"y":1}]},"S1_light1":{"translate":[{"time":0.9333,"x":176.54,"y":9.64}]},"darkball":{"translate":[{"time":2.1,"x":-60.12,"y":25.83}],"scale":[{"time":2.1,"x":0.1,"y":0.1,"curve":[0.157,0.97,0.365,0.98]},{"time":2.3333,"x":0.802,"y":0.802,"curve":"stepped"},{"time":2.5,"x":0.802,"y":0.802,"curve":[0.009,0.97,0.767,1]},{"time":2.7,"x":1,"y":1}]},"ling":{"translate":[{"time":2.1666,"x":-63.3,"y":23.67}],"scale":[{"time":2.1666,"x":0.1,"y":0.1,"curve":[0,0.98,0.233,0.98]},{"time":2.4666,"x":1.094,"y":1.094,"curve":[0.264,0.79,0.655,0.87]},{"time":2.6333,"x":1.846,"y":1.846}]}}},"1-skill2":{"slots":{"S1_light1":{"attachment":[{"time":0,"name":null},{"time":1,"name":"EF/270_S1_light1/270_S1_light1_00038"},{"time":1.0333,"name":"EF/270_S1_light1/270_S1_light1_00039"},{"time":1.0666,"name":"EF/270_S1_light1/270_S1_light1_00040"},{"time":1.1,"name":"EF/270_S1_light1/270_S1_light1_00041"},{"time":1.1333,"name":"EF/270_S1_light1/270_S1_light1_00042"},{"time":1.1666,"name":"EF/270_S1_light1/270_S1_light1_00043"},{"time":1.2,"name":"EF/270_S1_light1/270_S1_light1_00044"},{"time":1.2333,"name":"EF/270_S1_light1/270_S1_light1_00045"},{"time":1.2666,"name":"EF/270_S1_light1/270_S1_light1_00046"},{"time":1.3,"name":"EF/270_S1_light1/270_S1_light1_00047"},{"time":1.3666,"name":"EF/270_S1_light1/270_S1_light1_00049"},{"time":1.4333,"name":"EF/270_S1_light1/270_S1_light1_00051"},{"time":1.5,"name":"EF/270_S1_light1/270_S1_light1_00053"},{"time":1.5666,"name":"EF/270_S1_light1/270_S1_light1_00055"},{"time":1.6666,"name":"EF/270_S1_light1/270_S1_light1_00058"},{"time":1.7333,"name":"EF/270_S1_light1/270_S1_light1_00060"},{"time":1.8,"name":"EF/270_S1_light1/270_S1_light1_00062"},{"time":1.8666,"name":"EF/270_S1_light1/270_S1_light1_00064"},{"time":1.9333,"name":"EF/270_S1_light1/270_S1_light1_00066"},{"time":2,"name":"EF/270_S1_light1/270_S1_light1_00068"},{"time":2.0666,"name":"EF/270_S1_light1/270_S1_light1_00070"},{"time":2.2,"name":null}],"color":[{"time":2.0666,"color":"ffffffff"},{"time":2.2,"color":"ffffff00"}]}},"bones":{"S1_light1":{"translate":[{"time":0.9666,"x":176.54,"y":9.64}],"scale":[{"time":0.9666,"x":0.5,"y":0.5}]}}},"1-skill1-original":{"slots":{"S1_bom1":{"attachment":[{"time":0,"name":null},{"time":0.6666,"name":"EF/270_S1_bom1/270_S1_bom1_00038"},{"time":0.7,"name":"EF/270_S1_bom1/270_S1_bom1_00039"},{"time":0.7333,"name":"EF/270_S1_bom1/270_S1_bom1_00040"},{"time":0.7666,"name":"EF/270_S1_bom1/270_S1_bom1_00041"},{"time":0.8,"name":"EF/270_S1_bom1/270_S1_bom1_00042"},{"time":0.8333,"name":"EF/270_S1_bom1/270_S1_bom1_00043"},{"time":0.8666,"name":"EF/270_S1_bom1/270_S1_bom1_00044"},{"time":0.9,"name":"EF/270_S1_bom1/270_S1_bom1_00045"},{"time":0.9333,"name":"EF/270_S1_bom1/270_S1_bom1_00046"},{"time":0.9666,"name":"EF/270_S1_bom1/270_S1_bom1_00047"},{"time":1,"name":"EF/270_S1_bom1/270_S1_bom1_00048"},{"time":1.0333,"name":"EF/270_S1_bom1/270_S1_bom1_00049"},{"time":1.0666,"name":"EF/270_S1_bom1/270_S1_bom1_00050"},{"time":1.9333,"name":"EF/270_S1_bom1/270_S1_bom1_00051"},{"time":3.1,"name":null}],"color":[{"time":1.1,"color":"ffffffff"},{"time":1.4,"color":"ffffff70"},{"time":1.7333,"color":"ffffffff","curve":"stepped"},{"time":2.9,"color":"ffffffff","curve":[0.141,0.91,0.75,1]},{"time":3.1,"color":"ffffff05"}]},"S1_light1":{"attachment":[{"time":0,"name":null},{"time":0.9333,"name":"EF/270_S1_light1/270_S1_light1_00038"},{"time":0.9666,"name":"EF/270_S1_light1/270_S1_light1_00039"},{"time":1,"name":"EF/270_S1_light1/270_S1_light1_00040"},{"time":1.0333,"name":"EF/270_S1_light1/270_S1_light1_00041"},{"time":1.0666,"name":"EF/270_S1_light1/270_S1_light1_00042"},{"time":1.1,"name":"EF/270_S1_light1/270_S1_light1_00043"},{"time":1.1333,"name":"EF/270_S1_light1/270_S1_light1_00044"},{"time":1.1666,"name":"EF/270_S1_light1/270_S1_light1_00045"},{"time":1.2,"name":"EF/270_S1_light1/270_S1_light1_00046"},{"time":1.2333,"name":"EF/270_S1_light1/270_S1_light1_00047"},{"time":1.3,"name":"EF/270_S1_light1/270_S1_light1_00049"},{"time":1.3666,"name":"EF/270_S1_light1/270_S1_light1_00051"},{"time":1.4333,"name":"EF/270_S1_light1/270_S1_light1_00053"},{"time":1.5,"name":"EF/270_S1_light1/270_S1_light1_00055"},{"time":1.6,"name":"EF/270_S1_light1/270_S1_light1_00058"},{"time":1.6666,"name":"EF/270_S1_light1/270_S1_light1_00060"},{"time":1.7333,"name":"EF/270_S1_light1/270_S1_light1_00062"},{"time":1.8,"name":"EF/270_S1_light1/270_S1_light1_00064"},{"time":1.8666,"name":"EF/270_S1_light1/270_S1_light1_00066"},{"time":1.9333,"name":"EF/270_S1_light1/270_S1_light1_00068"},{"time":2,"name":"EF/270_S1_light1/270_S1_light1_00070"},{"time":2.1333,"name":null}],"color":[{"time":2,"color":"ffffffff"},{"time":2.1333,"color":"ffffff00"}]}},"bones":{"S1_light1":{"translate":[{"time":0.9333,"x":179.29,"y":19.3}]},"S1_bom1":{"translate":[{"time":0.6666,"x":-191.25,"y":60.53,"curve":[0.395,0.93,0.549,0.93]},{"time":1.9333,"x":-188.76,"y":93.16,"curve":[0.347,0.1,0.559,0.93]},{"time":2.1,"x":-251.13,"y":24.99}],"scale":[{"time":1.0666,"x":0.47,"y":0.47,"curve":[0.255,0.17,0.406,0.84]},{"time":1.9333,"x":1,"y":1,"curve":"stepped"},{"time":2.1,"x":0.824,"y":0.824,"curve":[0.13,0.95,0.276,0.97]},{"time":2.3333,"x":1,"y":1}]}}},"2-attack1":{},"2-skill1":{"slots":{"EF/390_S1_ex1/390_S1_ex1_00038":{"attachment":[{"time":2.1333,"name":"EF/390_S1_ex1/390_S1_ex1_00038"},{"time":2.1666,"name":"EF/390_S1_ex1/390_S1_ex1_00039"},{"time":2.2333,"name":"EF/390_S1_ex1/390_S1_ex1_00040"},{"time":2.2666,"name":"EF/390_S1_ex1/390_S1_ex1_00041"},{"time":2.3333,"name":"EF/390_S1_ex1/390_S1_ex1_00042"},{"time":2.3666,"name":"EF/390_S1_ex1/390_S1_ex1_00043"},{"time":2.4333,"name":"EF/390_S1_ex1/390_S1_ex1_00044"},{"time":2.4666,"name":"EF/390_S1_ex1/390_S1_ex1_00045"},{"time":2.5333,"name":"EF/390_S1_ex1/390_S1_ex1_00046"},{"time":2.6,"name":"EF/390_S1_ex1/390_S1_ex1_00047"},{"time":2.6666,"name":"EF/390_S1_ex1/390_S1_ex1_00048"},{"time":2.7333,"name":"EF/390_S1_ex1/390_S1_ex1_00048"}],"color":[{"time":2.6,"color":"ffffffff"},{"time":2.8333,"color":"ffffff00"}]},"S1_bom1":{"attachment":[{"time":0.6666,"name":"EF/270_S1_bom1/270_S1_bom1_00038"},{"time":0.7,"name":"EF/270_S1_bom1/270_S1_bom1_00039"},{"time":0.7333,"name":"EF/270_S1_bom1/270_S1_bom1_00040"},{"time":0.7666,"name":"EF/270_S1_bom1/270_S1_bom1_00041"},{"time":0.8,"name":"EF/270_S1_bom1/270_S1_bom1_00042"},{"time":0.8333,"name":"EF/270_S1_bom1/270_S1_bom1_00043"},{"time":0.8666,"name":"EF/270_S1_bom1/270_S1_bom1_00044"},{"time":0.9,"name":"EF/270_S1_bom1/270_S1_bom1_00045"},{"time":0.9333,"name":"EF/270_S1_bom1/270_S1_bom1_00046"},{"time":0.9666,"name":"EF/270_S1_bom1/270_S1_bom1_00047"},{"time":1,"name":"EF/270_S1_bom1/270_S1_bom1_00048"},{"time":1.0333,"name":"EF/270_S1_bom1/270_S1_bom1_00049"},{"time":1.0666,"name":"EF/270_S1_bom1/270_S1_bom1_00050"},{"time":1.9333,"name":"EF/270_S1_bom1/270_S1_bom1_00051"},{"time":2.1333,"name":null}],"color":[{"time":1.1,"color":"ffffffff"},{"time":1.4,"color":"ffffff70"},{"time":1.7333,"color":"ffffffff"}]},"S1_light1":{"attachment":[{"time":0.9333,"name":"EF/270_S1_light1/270_S1_light1_00038"},{"time":0.9666,"name":"EF/270_S1_light1/270_S1_light1_00039"},{"time":1,"name":"EF/270_S1_light1/270_S1_light1_00040"},{"time":1.0333,"name":"EF/270_S1_light1/270_S1_light1_00041"},{"time":1.0666,"name":"EF/270_S1_light1/270_S1_light1_00042"},{"time":1.1,"name":"EF/270_S1_light1/270_S1_light1_00043"},{"time":1.1333,"name":"EF/270_S1_light1/270_S1_light1_00044"},{"time":1.1666,"name":"EF/270_S1_light1/270_S1_light1_00045"},{"time":1.2,"name":"EF/270_S1_light1/270_S1_light1_00046"},{"time":1.2333,"name":"EF/270_S1_light1/270_S1_light1_00047"},{"time":1.3,"name":"EF/270_S1_light1/270_S1_light1_00049"},{"time":1.3666,"name":"EF/270_S1_light1/270_S1_light1_00051"},{"time":1.4333,"name":"EF/270_S1_light1/270_S1_light1_00053"},{"time":1.5,"name":"EF/270_S1_light1/270_S1_light1_00055"},{"time":1.6,"name":"EF/270_S1_light1/270_S1_light1_00058"},{"time":1.6666,"name":"EF/270_S1_light1/270_S1_light1_00060"},{"time":1.7333,"name":"EF/270_S1_light1/270_S1_light1_00062"},{"time":1.8,"name":"EF/270_S1_light1/270_S1_light1_00064"},{"time":1.8666,"name":"EF/270_S1_light1/270_S1_light1_00066"},{"time":1.9333,"name":"EF/270_S1_light1/270_S1_light1_00068"},{"time":2,"name":"EF/270_S1_light1/270_S1_light1_00070"},{"time":2.1333,"name":null}],"color":[{"time":2,"color":"ffffffff"},{"time":2.1333,"color":"ffffff00"}]}},"bones":{"S1_light1":{"translate":[{"time":0.9333,"x":179.29,"y":19.3}]},"S1_bom1":{"translate":[{"time":0.6666,"x":-191.25,"y":60.53},{"time":1.9333,"x":-188.76,"y":93.16,"curve":[0.347,0.1,0.559,0.93]},{"time":2.1,"x":-251.13,"y":24.99}],"scale":[{"time":1.0666,"x":1,"y":1,"curve":[0.255,0.17,0.39,1]},{"time":1.9333,"x":2,"y":2}]},"darkball":{"translate":[{"time":2.1333,"x":-66.43,"y":24.77}],"scale":[{"time":2.1333,"x":1,"y":1,"curve":[0.099,1,0.393,0.97]},{"time":2.3666,"x":1.6,"y":1.6}]}}},"2-skill2":{"slots":{"S1_light1":{"attachment":[{"time":1,"name":"EF/270_S1_light1/270_S1_light1_00038"},{"time":1.0333,"name":"EF/270_S1_light1/270_S1_light1_00039"},{"time":1.0666,"name":"EF/270_S1_light1/270_S1_light1_00040"},{"time":1.1,"name":"EF/270_S1_light1/270_S1_light1_00041"},{"time":1.1333,"name":"EF/270_S1_light1/270_S1_light1_00042"},{"time":1.1666,"name":"EF/270_S1_light1/270_S1_light1_00043"},{"time":1.2,"name":"EF/270_S1_light1/270_S1_light1_00044"},{"time":1.2333,"name":"EF/270_S1_light1/270_S1_light1_00045"},{"time":1.2666,"name":"EF/270_S1_light1/270_S1_light1_00046"},{"time":1.3,"name":"EF/270_S1_light1/270_S1_light1_00047"},{"time":1.3666,"name":"EF/270_S1_light1/270_S1_light1_00049"},{"time":1.4333,"name":"EF/270_S1_light1/270_S1_light1_00051"},{"time":1.5,"name":"EF/270_S1_light1/270_S1_light1_00053"},{"time":1.5666,"name":"EF/270_S1_light1/270_S1_light1_00055"},{"time":1.6666,"name":"EF/270_S1_light1/270_S1_light1_00058"},{"time":1.7333,"name":"EF/270_S1_light1/270_S1_light1_00060"},{"time":1.8,"name":"EF/270_S1_light1/270_S1_light1_00062"},{"time":1.8666,"name":"EF/270_S1_light1/270_S1_light1_00064"},{"time":1.9333,"name":"EF/270_S1_light1/270_S1_light1_00066"},{"time":2,"name":"EF/270_S1_light1/270_S1_light1_00068"},{"time":2.0666,"name":"EF/270_S1_light1/270_S1_light1_00070"},{"time":2.2,"name":null}],"color":[{"time":2.0666,"color":"ffffffff"},{"time":2.2,"color":"ffffff00"}]}},"bones":{"S1_light1":{"translate":[{"time":1,"x":179.29,"y":19.3}]}}},"empty":{"slots":{"S1_bom1":{"attachment":[{"time":0,"name":null}]},"S1_light1":{"attachment":[{"time":0,"name":null}]}}}}}