{"skeleton":{"hash":"DO7LO+81sg4LBTthFtD8q3p9M6w","spine":"3.0.12","width":727,"height":1292,"images":"./image/"},"bones":[{"name":"root"},{"name":"MAIN","parent":"root","x":3.6,"y":31.8,"color":"ffee00ff"},{"name":"ase3","parent":"MAIN","x":20.89,"y":30.16,"rotation":-45.65,"color":"00ff5dff"},{"name":"ase2","parent":"MAIN","x":7.94,"y":54.42,"color":"00ff5dff"},{"name":"ase1","parent":"MAIN","x":30.96,"y":53.66,"color":"00ff5dff"},{"name":"SHADOW-OFFSET","parent":"MAIN","scaleX":0.7,"scaleY":0.7,"color":"fcffe8ff"}],"slots":[{"name":"0.88bg","bone":"root"},{"name":"scenario_9013-idle_0","bone":"MAIN","attachment":"scenario_9013-idle_0"},{"name":"reaf_tansyuku_5","bone":"MAIN"},{"name":"Sub_emotion_icon_10","bone":"ase2"},{"name":"Sub_emotion_icon_11","bone":"ase3"},{"name":"Sub_emotion_icon_9","bone":"ase1"}],"skins":{"default":{"Sub_emotion_icon_10":{"Sub_emotion_icon_08":{"x":2.03,"y":3.37,"scaleX":0.338,"scaleY":0.338,"rotation":36.22,"width":42,"height":50}},"Sub_emotion_icon_11":{"Sub_emotion_icon_08":{"x":2.03,"y":3.37,"scaleX":0.338,"scaleY":0.338,"rotation":36.22,"width":42,"height":50}},"Sub_emotion_icon_9":{"Sub_emotion_icon_08":{"x":3.55,"y":1.56,"scaleX":0.468,"scaleY":0.468,"width":42,"height":50}},"reaf_tansyuku_5":{"reaf_tansyuku_5":{"x":126.57,"y":-10.63,"width":83,"height":43},"reaf_tansyuku_6":{"x":160.84,"y":-12.53,"width":99,"height":54}},"scenario_9013-idle_0":{"Landing_00":{"x":20.77,"y":42.61,"width":171,"height":168},"Landing_01":{"x":20.77,"y":42.61,"width":171,"height":168},"Landing_02":{"x":20.77,"y":42.61,"width":171,"height":168},"scenario_9013-attack_tansyuku_1":{"x":56.88,"y":15.53,"width":215,"height":175},"scenario_9013-attack_tansyuku_2":{"x":56.88,"y":15.53,"width":215,"height":175},"scenario_9013-attack_tansyuku_4":{"x":56.88,"y":15.53,"width":215,"height":175},"scenario_9013-attack_tansyuku_5":{"x":56.88,"y":15.53,"width":215,"height":175},"scenario_9013-attack_tansyuku_7":{"x":56.88,"y":15.53,"width":215,"height":175},"scenario_9013-attack_tansyuku_8":{"x":56.88,"y":15.53,"width":215,"height":175},"scenario_9013-back_0":{"x":-12.09,"y":36.42,"width":164,"height":140},"scenario_9013-batanQ_tansyuku_1":{"x":-0.9,"y":38.09,"width":201,"height":162},"scenario_9013-batanQ_tansyuku_2":{"x":-0.9,"y":38.09,"width":201,"height":162},"scenario_9013-batanQ_tansyuku_3":{"x":-0.9,"y":38.09,"width":201,"height":162},"scenario_9013-batanQ_tansyuku_4":{"x":-0.9,"y":38.09,"width":201,"height":162},"scenario_9013-batanQ_tansyuku_5":{"x":-0.9,"y":38.09,"width":201,"height":162},"scenario_9013-batanQ_tansyuku_6":{"x":-0.9,"y":38.09,"width":201,"height":162},"scenario_9013-batanQ_tansyuku_7":{"x":-0.9,"y":38.09,"width":201,"height":162},"scenario_9013-bouncing_tansyuku_0":{"x":22.3,"y":65.9,"width":145,"height":197},"scenario_9013-bouncing_tansyuku_1":{"x":22.3,"y":65.91,"width":145,"height":197},"scenario_9013-bouncing_tansyuku_2":{"x":22.3,"y":65.91,"width":145,"height":197},"scenario_9013-bouncing_tansyuku_3":{"x":22.3,"y":65.91,"width":145,"height":197},"scenario_9013-bouncing_tansyuku_4":{"x":22.3,"y":65.91,"width":145,"height":197},"scenario_9013-bouncing_tansyuku_5":{"x":22.3,"y":65.91,"width":145,"height":197},"scenario_9013-front_0":{"x":22.69,"y":25.09,"width":148,"height":116},"scenario_9013-idle_0":{"x":34.02,"y":31.56,"width":129,"height":127},"scenario_9013-idle_1":{"x":34.02,"y":31.56,"width":129,"height":127},"scenario_9013-idle_2":{"x":34.02,"y":31.56,"width":129,"height":127},"scenario_9013-idle_3":{"x":34.02,"y":31.56,"width":129,"height":127},"scenario_9013-idle_4":{"x":34.02,"y":31.56,"width":129,"height":127},"scenario_9013-sinobiasi_tansyuku_0":{"x":30.5,"y":29.67,"width":174,"height":130},"scenario_9013-sinobiasi_tansyuku_1":{"x":30.5,"y":29.68,"width":174,"height":130},"scenario_9013-sinobiasi_tansyuku_2":{"x":30.5,"y":29.68,"width":174,"height":130},"scenario_9013-sinobiasi_tansyuku_3":{"x":30.5,"y":29.68,"width":174,"height":130},"scenario_9013-sinobiasi_tansyuku_4":{"x":30.5,"y":29.68,"width":174,"height":130},"scenario_9013-sinobiasi_tansyuku_5":{"x":30.5,"y":29.68,"width":174,"height":130},"scenario_9013-sinobiasi_tansyuku_6":{"x":30.5,"y":29.68,"width":174,"height":130},"scenario_9013-sinobiasi_tansyuku_7":{"x":30.5,"y":29.68,"width":174,"height":130},"scenario_9013-sirimoti_tansyuku_1":{"x":14.74,"y":38.04,"width":147,"height":137},"scenario_9013-sirimoti_tansyuku_3":{"x":14.74,"y":38.04,"width":147,"height":137},"scenario_9013-sirimoti_tansyuku_4":{"x":14.74,"y":38.04,"width":147,"height":137},"scenario_9013-sirimoti_tansyuku_5":{"x":14.74,"y":38.04,"width":147,"height":137},"scenario_9013-sirimoti_tansyuku_6":{"x":14.74,"y":38.04,"width":147,"height":137},"scenario_9013-suri_tansyuku_0":{"x":44.14,"y":29.96,"width":186,"height":131},"scenario_9013-suri_tansyuku_1":{"x":44.14,"y":29.97,"width":186,"height":131},"scenario_9013-suri_tansyuku_2":{"x":44.14,"y":29.97,"width":186,"height":131},"scenario_9013-suri_tansyuku_3":{"x":44.14,"y":29.97,"width":186,"height":131},"scenario_9013-suri_tansyuku_4":{"x":44.14,"y":29.97,"width":186,"height":131},"scenario_9013-suri_tansyuku_5":{"x":44.14,"y":29.97,"width":186,"height":131},"scenario_9013-suri_tansyuku_6":{"x":44.14,"y":29.97,"width":186,"height":131},"scenario_9013-suri_tansyuku_7":{"x":44.14,"y":29.97,"width":186,"height":131},"scenario_9013-suri_tansyuku_8":{"x":44.14,"y":29.97,"width":186,"height":131},"scenario_9013-walk_tansyuku_0":{"x":28.12,"y":28.57,"width":135,"height":120},"scenario_9013-walk_tansyuku_1":{"x":28.12,"y":28.57,"width":135,"height":120},"scenario_9013-walk_tansyuku_2":{"x":28.12,"y":28.57,"width":135,"height":120},"scenario_9013-walk_tansyuku_3":{"x":28.12,"y":28.57,"width":135,"height":120}}}},"events":{"Sound1":{}},"animations":{"Landing":{"slots":{"scenario_9013-idle_0":{"attachment":[{"time":0,"name":"Landing_00"},{"time":0.0666,"name":"Landing_01"},{"time":0.1666,"name":"Landing_02"},{"time":0.2333,"name":"scenario_9013-idle_0"}]}},"bones":{"MAIN":{"rotate":[{"time":0,"angle":0}]}}},"attack":{"slots":{"scenario_9013-idle_0":{"attachment":[{"time":0,"name":"scenario_9013-idle_0"},{"time":0.0333,"name":"scenario_9013-attack_tansyuku_1"},{"time":0.1,"name":"scenario_9013-attack_tansyuku_1"},{"time":0.1666,"name":"scenario_9013-attack_tansyuku_2"},{"time":0.2,"name":"scenario_9013-attack_tansyuku_4"},{"time":0.2666,"name":"scenario_9013-attack_tansyuku_5"},{"time":0.3333,"name":"scenario_9013-attack_tansyuku_7"},{"time":0.4,"name":"scenario_9013-attack_tansyuku_7"},{"time":0.5,"name":"scenario_9013-attack_tansyuku_8"},{"time":0.6333,"name":"scenario_9013-idle_0"}]}},"bones":{"MAIN":{"translate":[{"time":0,"x":0,"y":0,"curve":"stepped"},{"time":0.0333,"x":0,"y":0,"curve":"stepped"},{"time":0.1,"x":0,"y":35.42,"curve":"stepped"},{"time":0.1666,"x":0,"y":59.23,"curve":"stepped"},{"time":0.2,"x":0,"y":59.23,"curve":"stepped"},{"time":0.2666,"x":0,"y":59.23,"curve":"stepped"},{"time":0.3333,"x":0,"y":57.71,"curve":"stepped"},{"time":0.4,"x":0,"y":4.97,"curve":"stepped"},{"time":0.5,"x":0,"y":0,"curve":"stepped"},{"time":0.6333,"x":0,"y":0}]}},"events":[{"time":0.2666,"name":"Sound1","string":"cri_se_battle_025_blow_hit"}]},"back":{"slots":{"scenario_9013-idle_0":{"attachment":[{"time":0,"name":"scenario_9013-back_0"}]}},"bones":{"root":{"translate":[{"time":0,"x":0,"y":0}]},"MAIN":{"translate":[{"time":0,"x":0,"y":0,"curve":[0.233,0.31,0.592,0.67]},{"time":0.1,"x":64.25,"y":20.32,"curve":[0.341,0.53,0.763,1]},{"time":0.3,"x":130,"y":0},{"time":0.4333,"x":140,"y":0,"curve":"stepped"},{"time":0.5666,"x":140,"y":0}]}},"events":[{"time":0,"name":"Sound1","string":"cri_se_battle_pop_jump"}]},"batanQ":{"slots":{"scenario_9013-idle_0":{"attachment":[{"time":0,"name":"scenario_9013-idle_0"},{"time":0.2,"name":"scenario_9013-batanQ_tansyuku_1"},{"time":0.4,"name":"scenario_9013-batanQ_tansyuku_2"},{"time":0.5666,"name":"scenario_9013-batanQ_tansyuku_3"},{"time":0.7,"name":"scenario_9013-batanQ_tansyuku_4"},{"time":0.8666,"name":"scenario_9013-batanQ_tansyuku_5"},{"time":0.9666,"name":"scenario_9013-batanQ_tansyuku_6"},{"time":1.1,"name":"scenario_9013-batanQ_tansyuku_7"}]}},"events":[{"time":0.8666,"name":"Sound1","string":"cri_se_battle_pop_landing"}]},"bounching":{"slots":{"scenario_9013-idle_0":{"attachment":[{"time":0,"name":"scenario_9013-bouncing_tansyuku_0"},{"time":0.0666,"name":"scenario_9013-bouncing_tansyuku_1"},{"time":0.1333,"name":"scenario_9013-bouncing_tansyuku_2"},{"time":0.2666,"name":"scenario_9013-bouncing_tansyuku_3"},{"time":0.4333,"name":"scenario_9013-bouncing_tansyuku_4"},{"time":0.5,"name":"scenario_9013-bouncing_tansyuku_5"},{"time":0.5666,"name":"scenario_9013-bouncing_tansyuku_0"}]}},"events":[{"time":0,"name":"Sound1","string":"cri_se_battle_pop_jump"}]},"damage":{"slots":{"scenario_9013-idle_0":{"attachment":[{"time":0,"name":"scenario_9013-sirimoti_tansyuku_4"}]}},"bones":{"MAIN":{"translate":[{"time":0,"x":9.95,"y":-28.44}]}}},"down":{"slots":{"scenario_9013-idle_0":{"attachment":[{"time":0,"name":"scenario_9013-batanQ_tansyuku_7"}]}}},"fall":{"slots":{"scenario_9013-idle_0":{"attachment":[{"time":0,"name":"scenario_9013-attack_tansyuku_5"}]}},"bones":{"MAIN":{"rotate":[{"time":0,"angle":64.47}],"translate":[{"time":0,"x":14.34,"y":13.45}]}}},"front":{"slots":{"scenario_9013-idle_0":{"attachment":[{"time":0,"name":"scenario_9013-front_0"}]}}},"idle":{"slots":{"scenario_9013-idle_0":{"attachment":[{"time":0,"name":"scenario_9013-idle_0"},{"time":0.1666,"name":"scenario_9013-idle_1"},{"time":0.3333,"name":"scenario_9013-idle_2"},{"time":0.5,"name":"scenario_9013-idle_3"},{"time":0.6666,"name":"scenario_9013-idle_4"},{"time":0.8333,"name":"scenario_9013-idle_0"}]}}},"run":{"slots":{"reaf_tansyuku_5":{"attachment":[{"time":0.4666,"name":"reaf_tansyuku_5"},{"time":0.5333,"name":"reaf_tansyuku_6"},{"time":0.6,"name":null}]},"scenario_9013-idle_0":{"attachment":[{"time":0,"name":"scenario_9013-sinobiasi_tansyuku_7"},{"time":0.0666,"name":"scenario_9013-suri_tansyuku_0"},{"time":0.2,"name":"scenario_9013-suri_tansyuku_1"},{"time":0.2666,"name":"scenario_9013-suri_tansyuku_2"},{"time":0.3333,"name":"scenario_9013-suri_tansyuku_3"},{"time":0.4,"name":"scenario_9013-suri_tansyuku_4"},{"time":0.4666,"name":"scenario_9013-suri_tansyuku_5"},{"time":0.5333,"name":"scenario_9013-suri_tansyuku_6"},{"time":0.6,"name":"scenario_9013-suri_tansyuku_7"},{"time":0.6666,"name":"scenario_9013-suri_tansyuku_8"},{"time":0.7333,"name":"scenario_9013-suri_tansyuku_5"},{"time":0.8,"name":"scenario_9013-suri_tansyuku_6"},{"time":0.8666,"name":"scenario_9013-suri_tansyuku_7"},{"time":0.9333,"name":"scenario_9013-suri_tansyuku_8"},{"time":1,"name":"scenario_9013-suri_tansyuku_5"},{"time":1.0666,"name":"scenario_9013-suri_tansyuku_6"},{"time":1.1333,"name":"scenario_9013-suri_tansyuku_7"},{"time":1.2,"name":"scenario_9013-suri_tansyuku_8"}]}},"events":[{"time":0.2,"name":"Sound1","string":"cri_se_scenario_lou_run"}]},"runningjump":{"slots":{"Sub_emotion_icon_9":{"attachment":[{"time":0,"name":"Sub_emotion_icon_08"},{"time":0.3,"name":null},{"time":0.3333,"name":"Sub_emotion_icon_08"},{"time":0.6333,"name":null},{"time":0.6666,"name":"Sub_emotion_icon_08"},{"time":0.9666,"name":null},{"time":1,"name":"Sub_emotion_icon_08"},{"time":1.3,"name":null}],"color":[{"time":0.2333,"color":"ffffffff"},{"time":0.3,"color":"ffffff00"},{"time":0.3333,"color":"ffffffff","curve":"stepped"},{"time":0.5666,"color":"ffffffff"},{"time":0.6333,"color":"ffffff00"},{"time":0.9,"color":"ffffffff"},{"time":0.9666,"color":"ffffff00"},{"time":1,"color":"ffffffff","curve":"stepped"},{"time":1.2333,"color":"ffffffff"},{"time":1.3,"color":"ffffff00"}]},"Sub_emotion_icon_10":{"attachment":[{"time":0.0333,"name":"Sub_emotion_icon_08"},{"time":0.3,"name":null},{"time":0.3666,"name":"Sub_emotion_icon_08"},{"time":0.6333,"name":null},{"time":0.7,"name":"Sub_emotion_icon_08"},{"time":0.9666,"name":null},{"time":1.0333,"name":"Sub_emotion_icon_08"},{"time":1.3,"name":null}],"color":[{"time":0.2333,"color":"ffffffff"},{"time":0.3,"color":"ffffff00"},{"time":0.3666,"color":"ffffffff","curve":"stepped"},{"time":0.5333,"color":"ffffffff"},{"time":0.6333,"color":"ffffff00"},{"time":0.9,"color":"ffffffff"},{"time":0.9666,"color":"ffffff00"},{"time":1.0333,"color":"ffffffff","curve":"stepped"},{"time":1.2,"color":"ffffffff"},{"time":1.3,"color":"ffffff00"}]},"Sub_emotion_icon_11":{"attachment":[{"time":0,"name":"Sub_emotion_icon_08"},{"time":0.3333,"name":null},{"time":0.3666,"name":"Sub_emotion_icon_08"},{"time":0.6666,"name":"Sub_emotion_icon_08"},{"time":1,"name":null},{"time":1.0333,"name":"Sub_emotion_icon_08"},{"time":1.3333,"name":null}],"color":[{"time":0.2666,"color":"ffffffff"},{"time":0.3333,"color":"ffffff00"},{"time":0.3666,"color":"ffffffff","curve":"stepped"},{"time":0.6333,"color":"ffffffff"},{"time":0.6666,"color":"ffffff00"},{"time":0.9333,"color":"ffffffff"},{"time":1,"color":"ffffff00"},{"time":1.0333,"color":"ffffffff","curve":"stepped"},{"time":1.3,"color":"ffffffff"},{"time":1.3333,"color":"ffffff00"}]},"scenario_9013-idle_0":{"attachment":[{"time":0,"name":"scenario_9013-suri_tansyuku_6"},{"time":0.0666,"name":"scenario_9013-suri_tansyuku_7"},{"time":0.1333,"name":"scenario_9013-suri_tansyuku_8"},{"time":0.2,"name":"scenario_9013-suri_tansyuku_5"},{"time":0.2666,"name":"scenario_9013-suri_tansyuku_6"},{"time":0.3333,"name":"scenario_9013-suri_tansyuku_7"},{"time":0.4,"name":"scenario_9013-suri_tansyuku_8"},{"time":0.4666,"name":"scenario_9013-suri_tansyuku_5"},{"time":0.5333,"name":"scenario_9013-suri_tansyuku_6"},{"time":0.6,"name":"scenario_9013-suri_tansyuku_7"},{"time":0.6666,"name":"scenario_9013-suri_tansyuku_6"},{"time":0.7333,"name":"scenario_9013-suri_tansyuku_7"},{"time":0.8,"name":"scenario_9013-suri_tansyuku_8"},{"time":0.8666,"name":"scenario_9013-suri_tansyuku_5"},{"time":0.9333,"name":"scenario_9013-suri_tansyuku_6"},{"time":1,"name":"scenario_9013-suri_tansyuku_7"},{"time":1.0666,"name":"scenario_9013-suri_tansyuku_8"},{"time":1.1333,"name":"scenario_9013-suri_tansyuku_5"},{"time":1.2,"name":"scenario_9013-suri_tansyuku_6"},{"time":1.2666,"name":"scenario_9013-suri_tansyuku_7"},{"time":1.3333,"name":"scenario_9013-suri_tansyuku_8"},{"time":1.4,"name":"scenario_9013-bouncing_tansyuku_1"},{"time":1.5333,"name":"scenario_9013-bouncing_tansyuku_2"},{"time":1.8,"name":"scenario_9013-bouncing_tansyuku_3"},{"time":1.9666,"name":"scenario_9013-bouncing_tansyuku_4"},{"time":2.0333,"name":"scenario_9013-bouncing_tansyuku_5"},{"time":2.1,"name":"scenario_9013-bouncing_tansyuku_0"}]}},"bones":{"MAIN":{"translate":[{"time":1.4,"x":0,"y":0},{"time":1.4666,"x":0,"y":-1.99},{"time":1.5333,"x":0,"y":0,"curve":[0.225,0.53,0.75,1]},{"time":1.8,"x":0,"y":24.15},{"time":2.0666,"x":0,"y":0,"curve":[0.225,0.53,0.75,1]},{"time":2.1,"x":0,"y":12.39},{"time":2.1333,"x":0,"y":0}]},"ase2":{"rotate":[{"time":0.0333,"angle":0},{"time":0.2333,"angle":-32.31,"curve":"stepped"},{"time":0.3666,"angle":0},{"time":0.5333,"angle":-32.31,"curve":"stepped"},{"time":0.7,"angle":0},{"time":0.9,"angle":-32.31,"curve":"stepped"},{"time":1.0333,"angle":0},{"time":1.2,"angle":-32.31}],"translate":[{"time":0.0333,"x":0,"y":0},{"time":0.2333,"x":12.41,"y":14.82,"curve":"stepped"},{"time":0.3666,"x":0,"y":0},{"time":0.5333,"x":12.41,"y":14.82,"curve":"stepped"},{"time":0.7,"x":0,"y":0},{"time":0.9,"x":12.41,"y":14.82,"curve":"stepped"},{"time":1.0333,"x":0,"y":0},{"time":1.2,"x":12.41,"y":14.82}]},"ase3":{"rotate":[{"time":0,"angle":0},{"time":0.2333,"angle":-21.44,"curve":"stepped"},{"time":0.3666,"angle":0},{"time":0.6,"angle":-21.44,"curve":"stepped"},{"time":0.6666,"angle":0},{"time":0.9,"angle":-21.44,"curve":"stepped"},{"time":1.0333,"angle":0},{"time":1.2666,"angle":-21.44}],"translate":[{"time":0,"x":0,"y":0},{"time":0.2333,"x":24.13,"y":0.6,"curve":"stepped"},{"time":0.3666,"x":0,"y":0},{"time":0.6,"x":24.13,"y":0.6,"curve":"stepped"},{"time":0.6666,"x":0,"y":0},{"time":0.9,"x":24.13,"y":0.6,"curve":"stepped"},{"time":1.0333,"x":0,"y":0},{"time":1.2666,"x":24.13,"y":0.6}]},"ase1":{"rotate":[{"time":0,"angle":0},{"time":0.2,"angle":-27.68,"curve":"stepped"},{"time":0.3333,"angle":0},{"time":0.5333,"angle":-27.68,"curve":"stepped"},{"time":0.6666,"angle":0},{"time":0.8666,"angle":-27.68,"curve":"stepped"},{"time":1,"angle":0},{"time":1.2,"angle":-27.68}],"translate":[{"time":0,"x":0,"y":0},{"time":0.2,"x":33.3,"y":9.85,"curve":"stepped"},{"time":0.3333,"x":0,"y":0},{"time":0.5333,"x":33.3,"y":9.85,"curve":"stepped"},{"time":0.6666,"x":0,"y":0},{"time":0.8666,"x":33.3,"y":9.85,"curve":"stepped"},{"time":1,"x":0,"y":0},{"time":1.2,"x":33.3,"y":9.85}]}},"events":[{"time":0.2,"name":"Sound1","string":"cri_se_scenario_lou_run"},{"time":1.5333,"name":"Sound1","string":"cri_se_battle_pop_jump"}]},"sinobiasi":{"slots":{"scenario_9013-idle_0":{"attachment":[{"time":0,"name":"scenario_9013-sinobiasi_tansyuku_0"},{"time":0.4,"name":"scenario_9013-sinobiasi_tansyuku_1"},{"time":0.6666,"name":"scenario_9013-sinobiasi_tansyuku_2"},{"time":1.1333,"name":"scenario_9013-sinobiasi_tansyuku_3"},{"time":1.5,"name":"scenario_9013-sinobiasi_tansyuku_4"},{"time":1.9,"name":"scenario_9013-sinobiasi_tansyuku_5"},{"time":2.1666,"name":"scenario_9013-sinobiasi_tansyuku_6"},{"time":2.6666,"name":"scenario_9013-sinobiasi_tansyuku_7"},{"time":3,"name":"scenario_9013-sinobiasi_tansyuku_0"}]}},"bones":{"MAIN":{"translate":[{"time":0,"x":0,"y":0}]}}},"sirimoti":{"slots":{"scenario_9013-idle_0":{"attachment":[{"time":0,"name":"scenario_9013-idle_0"},{"time":0.0666,"name":"scenario_9013-sirimoti_tansyuku_1"},{"time":0.2,"name":"scenario_9013-sirimoti_tansyuku_3"},{"time":0.3,"name":"scenario_9013-sirimoti_tansyuku_4"},{"time":0.4,"name":"scenario_9013-sirimoti_tansyuku_5"},{"time":0.4666,"name":"scenario_9013-sirimoti_tansyuku_6"}]}},"bones":{"MAIN":{"rotate":[{"time":0.1333,"angle":-28.39,"curve":"stepped"},{"time":0.2,"angle":-14.66,"curve":"stepped"},{"time":0.3,"angle":-0.37,"curve":"stepped"},{"time":0.8333,"angle":-0.37}],"translate":[{"time":0,"x":0,"y":0,"curve":"stepped"},{"time":0.0666,"x":22.17,"y":14.74,"curve":"stepped"},{"time":0.1333,"x":28.22,"y":36.1,"curve":"stepped"},{"time":0.2,"x":89.23,"y":34.08,"curve":"stepped"},{"time":0.3,"x":109.77,"y":-24.19,"curve":"stepped"},{"time":0.4,"x":124.2,"y":-5.62,"curve":"stepped"},{"time":0.4666,"x":165.74,"y":-27.79,"curve":"stepped"},{"time":0.5666,"x":190.19,"y":-27.79}]}},"events":[{"time":0.3,"name":"Sound1","string":"cri_se_battle_pop_landing"},{"time":0.4666,"name":"Sound1","string":"cri_se_battle_pop_landing"}]},"suri":{"slots":{"Sub_emotion_icon_9":{"attachment":[{"time":0.4666,"name":"Sub_emotion_icon_08"},{"time":0.8,"name":null},{"time":0.8333,"name":"Sub_emotion_icon_08"},{"time":1.1666,"name":null}],"color":[{"time":0.7333,"color":"ffffffff"},{"time":0.8,"color":"ffffff00"},{"time":0.8333,"color":"ffffffff","curve":"stepped"},{"time":1.1,"color":"ffffffff"},{"time":1.1666,"color":"ffffff00"}]},"Sub_emotion_icon_10":{"attachment":[{"time":0.5,"name":"Sub_emotion_icon_08"},{"time":0.8,"name":null},{"time":0.8666,"name":"Sub_emotion_icon_08"},{"time":1.1666,"name":null}],"color":[{"time":0.7333,"color":"ffffffff"},{"time":0.8,"color":"ffffff00"},{"time":0.8666,"color":"ffffffff","curve":"stepped"},{"time":1.0666,"color":"ffffffff"},{"time":1.1666,"color":"ffffff00"}]},"Sub_emotion_icon_11":{"attachment":[{"time":0.4666,"name":"Sub_emotion_icon_08"},{"time":0.8333,"name":null},{"time":0.8666,"name":"Sub_emotion_icon_08"},{"time":1.2,"name":null}],"color":[{"time":0.7666,"color":"ffffffff"},{"time":0.8333,"color":"ffffff00"},{"time":0.8666,"color":"ffffffff","curve":"stepped"},{"time":1.1666,"color":"ffffffff"},{"time":1.2,"color":"ffffff00"}]},"reaf_tansyuku_5":{"attachment":[{"time":0.4666,"name":"reaf_tansyuku_5"},{"time":0.5333,"name":"reaf_tansyuku_6"},{"time":0.6,"name":null}]},"scenario_9013-idle_0":{"attachment":[{"time":0,"name":"scenario_9013-sinobiasi_tansyuku_7"},{"time":0.0666,"name":"scenario_9013-suri_tansyuku_0"},{"time":0.2,"name":"scenario_9013-suri_tansyuku_1"},{"time":0.2666,"name":"scenario_9013-suri_tansyuku_2"},{"time":0.3333,"name":"scenario_9013-suri_tansyuku_3"},{"time":0.4,"name":"scenario_9013-suri_tansyuku_4"},{"time":0.4666,"name":"scenario_9013-suri_tansyuku_5"},{"time":0.5333,"name":"scenario_9013-suri_tansyuku_6"},{"time":0.6,"name":"scenario_9013-suri_tansyuku_7"},{"time":0.6666,"name":"scenario_9013-suri_tansyuku_8"},{"time":0.7333,"name":"scenario_9013-suri_tansyuku_5"},{"time":0.8,"name":"scenario_9013-suri_tansyuku_6"},{"time":0.8666,"name":"scenario_9013-suri_tansyuku_7"},{"time":0.9333,"name":"scenario_9013-suri_tansyuku_8"},{"time":1,"name":"scenario_9013-suri_tansyuku_5"},{"time":1.0666,"name":"scenario_9013-suri_tansyuku_6"},{"time":1.1333,"name":"scenario_9013-suri_tansyuku_7"},{"time":1.2,"name":"scenario_9013-suri_tansyuku_8"}]}},"bones":{"ase1":{"rotate":[{"time":0.4666,"angle":0},{"time":0.7,"angle":-27.68,"curve":"stepped"},{"time":0.8333,"angle":0},{"time":1.0666,"angle":-27.68}],"translate":[{"time":0.4666,"x":0,"y":0},{"time":0.7,"x":33.3,"y":9.85,"curve":"stepped"},{"time":0.8333,"x":0,"y":0},{"time":1.0666,"x":33.3,"y":9.85}]},"ase2":{"rotate":[{"time":0.5,"angle":0},{"time":0.7333,"angle":-32.31,"curve":"stepped"},{"time":0.8666,"angle":0},{"time":1.0666,"angle":-32.31}],"translate":[{"time":0.5,"x":0,"y":0},{"time":0.7333,"x":12.41,"y":14.82,"curve":"stepped"},{"time":0.8666,"x":0,"y":0},{"time":1.0666,"x":12.41,"y":14.82}]},"ase3":{"rotate":[{"time":0.4666,"angle":0},{"time":0.7333,"angle":-21.44,"curve":"stepped"},{"time":0.8666,"angle":0},{"time":1.1333,"angle":-21.44}],"translate":[{"time":0.4666,"x":0,"y":0},{"time":0.7333,"x":24.13,"y":0.6,"curve":"stepped"},{"time":0.8666,"x":0,"y":0},{"time":1.1333,"x":24.13,"y":0.6}]}},"events":[{"time":0.3,"name":"Sound1","string":"cri_se_scenario_lou_run"}]},"walk":{"slots":{"scenario_9013-idle_0":{"attachment":[{"time":0,"name":"scenario_9013-walk_tansyuku_0"},{"time":0.1666,"name":"scenario_9013-walk_tansyuku_1"},{"time":0.3333,"name":"scenario_9013-walk_tansyuku_2"},{"time":0.5,"name":"scenario_9013-walk_tansyuku_3"},{"time":0.6666,"name":"scenario_9013-walk_tansyuku_0"}]}}}}}