{"skeleton":{"hash":"ds4EW2YUsWnvoDvAsu39DMk14Eo","spine":"3.0.12","width":0,"height":0,"images":"./image2/"},"bones":[{"name":"root"},{"name":"ef_aura_main","parent":"root","x":524.04,"y":-122.2,"color":"ff0900ff"},{"name":"ef2_1B2","parent":"root","x":402.39,"y":20.07},{"name":"ef2_1B","parent":"root","x":402.39,"y":20.07},{"name":"ef2_2","parent":"root","x":402.51,"y":-66.78},{"name":"ef1_1","parent":"root","x":404.04,"y":102.93},{"name":"MAIN","parent":"root","y":55.46},{"name":"lightning2","parent":"MAIN","x":171.24,"y":-55.46},{"name":"lightning","parent":"MAIN","x":171.24,"y":-55.46},{"name":"HITBOX","parent":"MAIN","scaleX":0.497,"scaleY":0.96},{"name":"EF_01","parent":"root","x":401.72,"y":-137.49},{"name":"DAMAGEAREA","parent":"root"},{"name":"sp_ef_1","parent":"root","x":263.88,"y":-26.95},{"name":"sphire1","parent":"MAIN","x":222.01,"y":-55.46,"scaleX":0.298,"scaleY":0.298},{"name":"up_EF_1","parent":"root","x":260.64,"y":32.32},{"name":"up_EF_2","parent":"root","x":260.64,"y":32.32},{"name":"wave_main","parent":"root","x":323.52,"y":-175.87,"color":"ff0200ff"},{"name":"wave_main2","parent":"root","x":323.52,"y":-175.87,"color":"ff0200ff"},{"name":"wave_main3","parent":"root","x":323.52,"y":-175.87,"color":"ff0200ff"},{"name":"wave_main4","parent":"root","x":323.52,"y":-175.87,"color":"ff0200ff"},{"name":"wave_main5","parent":"root","x":323.52,"y":-175.87,"color":"ff0200ff"},{"name":"wave_main6","parent":"root","x":323.52,"y":-175.87,"color":"ff0200ff"}],"slots":[{"name":"grid/nounit(0.88)","bone":"root","color":"bfbfbfff"},{"name":"grid/grid","bone":"root"},{"name":"EF/EF_slash_DOT/up_EF_2","bone":"up_EF_2","color":"a500ffff","blend":"additive"},{"name":"EF/EF_slash_DOT/10000-combo_16_ef2_1B2","bone":"ef2_1B2","color":"a500ffff","blend":"additive"},{"name":"EF/ef_wave_main/ef_wave_main_7","bone":"wave_main4","blend":"additive"},{"name":"EF/ef_wave_main/ef_wave_main_8","bone":"wave_main5","blend":"additive"},{"name":"EF/ef_wave_main/ef_wave_main_9","bone":"wave_main6","blend":"additive"},{"name":"EF/ef_wave_main/ef_wave_main_5","bone":"wave_main2","blend":"additive"},{"name":"EF/ef_wave_main/ef_wave_main_6","bone":"wave_main3","blend":"additive"},{"name":"MAIN","bone":"MAIN","attachment":"idle_00"},{"name":"EF/EF_slash_DOT/10000-combo_16_ef2_1B","bone":"ef2_1B","color":"a500ffff","blend":"additive"},{"name":"EF/EF_slash_DOT/10000-combo_16_ef2_1F","bone":"ef2_1B","color":"a500ffff","blend":"additive"},{"name":"EF/EF_slash_DOT/10000-combo_16_ef2_1F2","bone":"ef2_1B2","color":"a500ffff","blend":"additive"},{"name":"EF/EF_slash_DOT/10000-combo_16_ef2_2","bone":"ef2_2","color":"a500ffff","blend":"additive"},{"name":"EF/EF_slash_DOT/10000-combo_7_ef1_1","bone":"ef1_1","color":"a500ffff","blend":"additive"},{"name":"EF/EF_slash_DOT/up_EF_1","bone":"up_EF_1","color":"a500ffff","blend":"additive"},{"name":"EF/EF_slash_DOT/sp_ef_1","bone":"sp_ef_1","color":"a500ffff","blend":"additive"},{"name":"EF/ef_aura_main/ef_aura_main_00003","bone":"ef_aura_main","blend":"additive"},{"name":"EF/ef_wave_main/ef_wave_main_00005","bone":"wave_main","blend":"additive"},{"name":"EF/EF_slash_DOT/EF_01","bone":"EF_01","color":"a500ffff","blend":"additive"},{"name":"DAMAGEAREA","bone":"DAMAGEAREA"},{"name":"HITBOX","bone":"HITBOX","attachment":"HITBOX"},{"name":"EF/lightning/130_S1_lightning1_00001","bone":"lightning"},{"name":"EF/lightning/130_S1_lightning1_1","bone":"lightning2","blend":"additive"},{"name":"EF/900_S2_sphire1_00004","bone":"sphire1","blend":"additive"}],"skins":{"default":{"DAMAGEAREA":{"DAMAGEAREA":{"type":"boundingbox","vertices":[-64.35354,-63.62179,64.12845,-63.90479,63.84545,64.2942,-64.35354,64.0112]}},"EF/900_S2_sphire1_00004":{"EF/900_S2_sphire1_00004":{"x":-0.43,"width":200,"height":200}},"EF/EF_slash_DOT/10000-combo_16_ef2_1B":{"EF/EF_slash_DOT/10000-combo_16_ef2_1B":{"x":-66.77,"y":-20.07,"width":412,"height":342}},"EF/EF_slash_DOT/10000-combo_16_ef2_1B2":{"EF/EF_slash_DOT/10000-combo_16_ef2_1B":{"x":-66.77,"y":-20.07,"width":412,"height":342}},"EF/EF_slash_DOT/10000-combo_16_ef2_1F":{"EF/EF_slash_DOT/10000-combo_16_ef2_1F":{"x":-66.77,"y":-20.07,"width":412,"height":342}},"EF/EF_slash_DOT/10000-combo_16_ef2_1F2":{"EF/EF_slash_DOT/10000-combo_16_ef2_1F":{"x":-66.77,"y":-20.07,"width":412,"height":342}},"EF/EF_slash_DOT/10000-combo_16_ef2_2":{"EF/EF_slash_DOT/10000-combo_16_ef2_2":{"x":-31.2,"y":2.35,"width":412,"height":342},"EF/EF_slash_DOT/10000-combo_16_ef2_3":{"x":-31.2,"y":2.35,"width":412,"height":342}},"EF/EF_slash_DOT/10000-combo_7_ef1_1":{"EF/EF_slash_DOT/10000-combo_7_ef1_1":{"x":52.52,"y":83.72,"width":412,"height":342},"EF/EF_slash_DOT/10000-combo_7_ef1_2":{"x":52.52,"y":83.72,"width":412,"height":342},"EF/EF_slash_DOT/10000-combo_7_ef1_3":{"x":52.52,"y":83.72,"width":412,"height":342}},"EF/EF_slash_DOT/EF_01":{"EF/EF_slash_DOT/EF_01":{"x":4.16,"y":-45.73,"width":52,"height":101}},"EF/EF_slash_DOT/sp_ef_1":{"EF/EF_slash_DOT/sp_ef_1":{"x":136.72,"y":2.01,"width":300,"height":160},"EF/EF_slash_DOT/sp_ef_2":{"x":136.72,"y":2.01,"width":300,"height":160},"EF/EF_slash_DOT/sp_ef_3":{"x":136.72,"y":2.01,"width":300,"height":160}},"EF/EF_slash_DOT/up_EF_1":{"EF/EF_slash_DOT/up_EF_1":{"x":-21.14,"y":-32.32,"width":200,"height":200},"EF/EF_slash_DOT/up_EF_2":{"x":-21.14,"y":-32.32,"width":200,"height":200},"EF/EF_slash_DOT/up_EF_3":{"x":-21.14,"y":-32.32,"width":200,"height":200},"EF/EF_slash_DOT/up_EF_4":{"x":-21.14,"y":-32.32,"width":200,"height":200}},"EF/EF_slash_DOT/up_EF_2":{"EF/EF_slash_DOT/up_EF_1":{"x":-21.14,"y":-32.32,"width":200,"height":200},"EF/EF_slash_DOT/up_EF_2":{"x":-21.14,"y":-32.32,"width":200,"height":200},"EF/EF_slash_DOT/up_EF_3":{"x":-21.14,"y":-32.32,"width":200,"height":200},"EF/EF_slash_DOT/up_EF_4":{"x":-21.14,"y":-32.32,"width":200,"height":200}},"EF/ef_aura_main/ef_aura_main_00003":{"EF/ef_aura_main/ef_aura_main_00003":{"x":-2.7,"y":-5.18,"width":140,"height":300}},"EF/ef_wave_main/ef_wave_main_00005":{"EF/ef_wave_main/ef_wave_main_00005":{"x":-1.54,"y":18.01,"width":400,"height":200},"EF/ef_wave_main/ef_wave_main_00006":{"x":-1.54,"y":18.01,"width":400,"height":200},"EF/ef_wave_main/ef_wave_main_00007":{"x":-1.54,"y":18.01,"width":400,"height":200},"EF/ef_wave_main/ef_wave_main_00008":{"x":-1.54,"y":18.01,"width":400,"height":200},"EF/ef_wave_main/ef_wave_main_00009":{"x":-1.54,"y":18.01,"width":400,"height":200},"EF/ef_wave_main/ef_wave_main_00010":{"x":-1.54,"y":18.01,"width":400,"height":200},"EF/ef_wave_main/ef_wave_main_00011":{"x":-1.54,"y":18.01,"width":400,"height":200},"EF/ef_wave_main/ef_wave_main_00012":{"x":-1.54,"y":18.01,"width":400,"height":200},"EF/ef_wave_main/ef_wave_main_00013":{"x":-1.54,"y":18.01,"width":400,"height":200},"EF/ef_wave_main/ef_wave_main_00014":{"x":-1.54,"y":18.01,"width":400,"height":200},"EF/ef_wave_main/ef_wave_main_00015":{"x":-1.54,"y":18.01,"width":400,"height":200}},"EF/ef_wave_main/ef_wave_main_5":{"EF/ef_wave_main/ef_wave_main_00005":{"x":-1.54,"y":18.01,"width":400,"height":200},"EF/ef_wave_main/ef_wave_main_00006":{"x":-1.54,"y":18.01,"width":400,"height":200},"EF/ef_wave_main/ef_wave_main_00007":{"x":-1.54,"y":18.01,"width":400,"height":200},"EF/ef_wave_main/ef_wave_main_00008":{"x":-1.54,"y":18.01,"width":400,"height":200},"EF/ef_wave_main/ef_wave_main_00009":{"x":-1.54,"y":18.01,"width":400,"height":200},"EF/ef_wave_main/ef_wave_main_00010":{"x":-1.54,"y":18.01,"width":400,"height":200},"EF/ef_wave_main/ef_wave_main_00011":{"x":-1.54,"y":18.01,"width":400,"height":200},"EF/ef_wave_main/ef_wave_main_00012":{"x":-1.54,"y":18.01,"width":400,"height":200},"EF/ef_wave_main/ef_wave_main_00013":{"x":-1.54,"y":18.01,"width":400,"height":200},"EF/ef_wave_main/ef_wave_main_00014":{"x":-1.54,"y":18.01,"width":400,"height":200},"EF/ef_wave_main/ef_wave_main_00015":{"x":-1.54,"y":18.01,"width":400,"height":200}},"EF/ef_wave_main/ef_wave_main_6":{"EF/ef_wave_main/ef_wave_main_00005":{"x":-1.54,"y":18.01,"width":400,"height":200},"EF/ef_wave_main/ef_wave_main_00006":{"x":-1.54,"y":18.01,"width":400,"height":200},"EF/ef_wave_main/ef_wave_main_00007":{"x":-1.54,"y":18.01,"width":400,"height":200},"EF/ef_wave_main/ef_wave_main_00008":{"x":-1.54,"y":18.01,"width":400,"height":200},"EF/ef_wave_main/ef_wave_main_00009":{"x":-1.54,"y":18.01,"width":400,"height":200},"EF/ef_wave_main/ef_wave_main_00010":{"x":-1.54,"y":18.01,"width":400,"height":200},"EF/ef_wave_main/ef_wave_main_00011":{"x":-1.54,"y":18.01,"width":400,"height":200},"EF/ef_wave_main/ef_wave_main_00012":{"x":-1.54,"y":18.01,"width":400,"height":200},"EF/ef_wave_main/ef_wave_main_00013":{"x":-1.54,"y":18.01,"width":400,"height":200},"EF/ef_wave_main/ef_wave_main_00014":{"x":-1.54,"y":18.01,"width":400,"height":200},"EF/ef_wave_main/ef_wave_main_00015":{"x":-1.54,"y":18.01,"width":400,"height":200}},"EF/ef_wave_main/ef_wave_main_7":{"EF/ef_wave_main/ef_wave_main_00005":{"x":-1.54,"y":18.01,"width":400,"height":200},"EF/ef_wave_main/ef_wave_main_00006":{"x":-1.54,"y":18.01,"width":400,"height":200},"EF/ef_wave_main/ef_wave_main_00007":{"x":-1.54,"y":18.01,"width":400,"height":200},"EF/ef_wave_main/ef_wave_main_00008":{"x":-1.54,"y":18.01,"width":400,"height":200},"EF/ef_wave_main/ef_wave_main_00009":{"x":-1.54,"y":18.01,"width":400,"height":200},"EF/ef_wave_main/ef_wave_main_00010":{"x":-1.54,"y":18.01,"width":400,"height":200},"EF/ef_wave_main/ef_wave_main_00011":{"x":-1.54,"y":18.01,"width":400,"height":200},"EF/ef_wave_main/ef_wave_main_00012":{"x":-1.54,"y":18.01,"width":400,"height":200},"EF/ef_wave_main/ef_wave_main_00013":{"x":-1.54,"y":18.01,"width":400,"height":200},"EF/ef_wave_main/ef_wave_main_00014":{"x":-1.54,"y":18.01,"width":400,"height":200},"EF/ef_wave_main/ef_wave_main_00015":{"x":-1.54,"y":18.01,"width":400,"height":200}},"EF/ef_wave_main/ef_wave_main_8":{"EF/ef_wave_main/ef_wave_main_00005":{"x":-1.54,"y":18.01,"width":400,"height":200},"EF/ef_wave_main/ef_wave_main_00006":{"x":-1.54,"y":18.01,"width":400,"height":200},"EF/ef_wave_main/ef_wave_main_00007":{"x":-1.54,"y":18.01,"width":400,"height":200},"EF/ef_wave_main/ef_wave_main_00008":{"x":-1.54,"y":18.01,"width":400,"height":200},"EF/ef_wave_main/ef_wave_main_00009":{"x":-1.54,"y":18.01,"width":400,"height":200},"EF/ef_wave_main/ef_wave_main_00010":{"x":-1.54,"y":18.01,"width":400,"height":200},"EF/ef_wave_main/ef_wave_main_00011":{"x":-1.54,"y":18.01,"width":400,"height":200},"EF/ef_wave_main/ef_wave_main_00012":{"x":-1.54,"y":18.01,"width":400,"height":200},"EF/ef_wave_main/ef_wave_main_00013":{"x":-1.54,"y":18.01,"width":400,"height":200},"EF/ef_wave_main/ef_wave_main_00014":{"x":-1.54,"y":18.01,"width":400,"height":200},"EF/ef_wave_main/ef_wave_main_00015":{"x":-1.54,"y":18.01,"width":400,"height":200}},"EF/ef_wave_main/ef_wave_main_9":{"EF/ef_wave_main/ef_wave_main_00005":{"x":-1.54,"y":18.01,"width":400,"height":200},"EF/ef_wave_main/ef_wave_main_00006":{"x":-1.54,"y":18.01,"width":400,"height":200},"EF/ef_wave_main/ef_wave_main_00007":{"x":-1.54,"y":18.01,"width":400,"height":200},"EF/ef_wave_main/ef_wave_main_00008":{"x":-1.54,"y":18.01,"width":400,"height":200},"EF/ef_wave_main/ef_wave_main_00009":{"x":-1.54,"y":18.01,"width":400,"height":200},"EF/ef_wave_main/ef_wave_main_00010":{"x":-1.54,"y":18.01,"width":400,"height":200},"EF/ef_wave_main/ef_wave_main_00011":{"x":-1.54,"y":18.01,"width":400,"height":200},"EF/ef_wave_main/ef_wave_main_00012":{"x":-1.54,"y":18.01,"width":400,"height":200},"EF/ef_wave_main/ef_wave_main_00013":{"x":-1.54,"y":18.01,"width":400,"height":200},"EF/ef_wave_main/ef_wave_main_00014":{"x":-1.54,"y":18.01,"width":400,"height":200},"EF/ef_wave_main/ef_wave_main_00015":{"x":-1.54,"y":18.01,"width":400,"height":200}},"EF/lightning/130_S1_lightning1_00001":{"EF/lightning/130_S1_lightning1_00002":{"x":-8.75,"y":0.79,"rotation":90,"width":150,"height":150},"EF/lightning/130_S1_lightning1_00003":{"x":-8.75,"y":0.79,"rotation":90,"width":150,"height":150},"EF/lightning/130_S1_lightning1_00004":{"x":-8.75,"y":0.79,"rotation":90,"width":150,"height":150}},"EF/lightning/130_S1_lightning1_1":{"EF/lightning/130_S1_lightning1_00002":{"x":-8.75,"y":0.79,"rotation":90,"width":150,"height":150},"EF/lightning/130_S1_lightning1_00003":{"x":-8.75,"y":0.79,"rotation":90,"width":150,"height":150},"EF/lightning/130_S1_lightning1_00004":{"x":-8.75,"y":0.79,"rotation":90,"width":150,"height":150}},"HITBOX":{"HITBOX":{"type":"boundingbox","vertices":[-63.50455,-63.62179,64.41145,-65.03679,64.12845,64.2942,-64.35354,63.7282]}},"MAIN":{"attack_00":{"x":-8.69,"y":31.43,"width":557,"height":522},"attack_01":{"x":-8.69,"y":31.43,"width":557,"height":522},"attack_02":{"x":-8.69,"y":31.43,"width":557,"height":522},"attack_03":{"x":-8.69,"y":31.43,"width":557,"height":522},"attack_04":{"x":-8.69,"y":31.43,"width":557,"height":522},"attack_05":{"x":-8.69,"y":31.43,"width":557,"height":522},"attack_06":{"x":-8.69,"y":31.43,"width":557,"height":522},"attack_07":{"x":-8.69,"y":31.43,"width":557,"height":522},"attack_08":{"x":-8.69,"y":31.43,"width":557,"height":522},"attack_09":{"x":-8.69,"y":31.43,"width":557,"height":522},"attack_10":{"x":-8.69,"y":31.43,"width":557,"height":522},"attack_11":{"x":-8.69,"y":31.43,"width":557,"height":522},"attack_12":{"x":-8.69,"y":31.43,"width":557,"height":522},"attack_13":{"x":-8.69,"y":31.43,"width":557,"height":522},"back_00":{"x":-8.69,"y":31.43,"width":557,"height":522},"damage_00":{"x":-8.69,"y":31.43,"width":557,"height":522},"front_00":{"x":-8.69,"y":31.43,"width":557,"height":522},"idle_00":{"x":-8.69,"y":31.43,"width":557,"height":522},"idle_01":{"x":-8.69,"y":31.43,"width":557,"height":522},"idle_02":{"x":-8.69,"y":31.43,"width":557,"height":522},"idle_03":{"x":-8.69,"y":31.43,"width":557,"height":522},"idle_04":{"x":-8.69,"y":31.43,"width":557,"height":522},"out_00":{"x":-8.69,"y":31.43,"width":557,"height":522},"s_idle_put_00":{"x":-8.68,"y":31.43,"width":557,"height":522},"s_idle_put_01":{"x":-8.68,"y":31.43,"width":557,"height":522},"s_idle_put_02":{"x":-8.68,"y":31.43,"width":557,"height":522},"s_idle_put_03":{"x":-8.68,"y":31.43,"width":557,"height":522},"s_idle_put_04":{"x":-8.68,"y":31.43,"width":557,"height":522},"s_up_00":{"x":-8.68,"y":31.43,"width":557,"height":522},"s_up_01":{"x":-8.68,"y":31.43,"width":557,"height":522},"s_up_02":{"x":-8.68,"y":31.43,"width":557,"height":522},"skill1_00":{"x":-8.69,"y":31.43,"width":557,"height":522},"skill1_01":{"x":-8.69,"y":31.43,"width":557,"height":522},"skill1_02":{"x":-8.69,"y":31.43,"width":557,"height":522},"skill1_03":{"x":-8.69,"y":31.43,"width":557,"height":522},"skill1_04":{"x":-8.69,"y":31.43,"width":557,"height":522},"skill1_05":{"x":-8.69,"y":31.43,"width":557,"height":522},"skill1_06":{"x":-8.69,"y":31.43,"width":557,"height":522},"skill2_00":{"x":-8.69,"y":31.43,"width":557,"height":522},"skill2_01":{"x":-8.69,"y":31.43,"width":557,"height":522},"skill2_02":{"x":-8.69,"y":31.43,"width":557,"height":522},"skill2_03":{"x":-8.69,"y":31.43,"width":557,"height":522},"weapon_off_put_00":{"x":-8.68,"y":31.43,"width":557,"height":522},"weapon_off_put_01":{"x":-8.68,"y":31.43,"width":557,"height":522},"weapon_on_put_00":{"x":-8.68,"y":31.43,"width":557,"height":522},"weapon_on_put_01":{"x":-8.68,"y":31.43,"width":557,"height":522}}}},"events":{"Event":{},"Hit":{},"Sound1":{},"Sound2":{},"Sound3":{},"Voice":{}},"animations":{"attack1":{"slots":{"DAMAGEAREA":{"attachment":[{"time":0.0666,"name":"DAMAGEAREA"},{"time":0.5333,"name":null},{"time":0.8333,"name":"DAMAGEAREA"},{"time":0.9333,"name":null}]},"EF/900_S2_sphire1_00004":{"attachment":[{"time":0,"name":"EF/900_S2_sphire1_00004"},{"time":0.6,"name":"EF/900_S2_sphire1_00004"}],"color":[{"time":0,"color":"ffffff00"},{"time":0.0333,"color":"ffffffff"},{"time":0.0666,"color":"ffffff00","curve":"stepped"},{"time":0.6,"color":"ffffff00"},{"time":0.8,"color":"ffffffff"},{"time":0.8333,"color":"ffffff00"}]},"EF/EF_slash_DOT/EF_01":{"attachment":[{"time":0.3666,"name":"EF/EF_slash_DOT/EF_01"},{"time":0.5333,"name":null}]},"EF/EF_slash_DOT/sp_ef_1":{"attachment":[{"time":0.8333,"name":"EF/EF_slash_DOT/sp_ef_1"},{"time":0.8666,"name":"EF/EF_slash_DOT/sp_ef_2"},{"time":0.9,"name":"EF/EF_slash_DOT/sp_ef_3"},{"time":0.9333,"name":null}]},"EF/EF_slash_DOT/up_EF_1":{"attachment":[{"time":0.0666,"name":"EF/EF_slash_DOT/up_EF_1"},{"time":0.1333,"name":null},{"time":0.1666,"name":"EF/EF_slash_DOT/up_EF_1"},{"time":0.2,"name":"EF/EF_slash_DOT/up_EF_2"},{"time":0.2333,"name":null},{"time":0.5,"name":null}]},"EF/lightning/130_S1_lightning1_00001":{"color":[{"time":0.8333,"color":"ffffffff"},{"time":1.0666,"color":"ffffff00"}]},"EF/lightning/130_S1_lightning1_1":{"attachment":[{"time":0.0666,"name":"EF/lightning/130_S1_lightning1_00002"},{"time":0.8333,"name":"EF/lightning/130_S1_lightning1_00002"}],"color":[{"time":0.0666,"color":"ffffffff"},{"time":0.1666,"color":"ffffff00","curve":"stepped"},{"time":0.8333,"color":"ffffffff"},{"time":1.0666,"color":"ffffff00"}]},"MAIN":{"attachment":[{"time":0,"name":"attack_00"},{"time":0.0666,"name":"attack_01"},{"time":0.1333,"name":"attack_02"},{"time":0.1666,"name":"attack_03"},{"time":0.2,"name":"attack_04"},{"time":0.2333,"name":"attack_05"},{"time":0.3666,"name":"attack_06"},{"time":0.4,"name":"attack_07"},{"time":0.4666,"name":"attack_08"},{"time":0.5,"name":"attack_09"},{"time":0.5333,"name":"attack_10"},{"time":0.8333,"name":"attack_11"},{"time":0.8666,"name":"attack_12"},{"time":0.9,"name":"attack_13"},{"time":1.0666,"name":"back_00"},{"time":1.2666,"name":"idle_04"},{"time":1.3333,"name":"idle_03"},{"time":1.6,"name":"idle_03"}]}},"bones":{"MAIN":{"rotate":[{"time":0.4,"angle":0,"curve":"stepped"},{"time":0.4333,"angle":-108.8,"curve":"stepped"},{"time":0.4666,"angle":0}],"translate":[{"time":0,"x":0,"y":0,"curve":"stepped"},{"time":0.0666,"x":-50.66,"y":0,"curve":[0.176,0.76,0.75,1]},{"time":0.2333,"x":-63.19,"y":0,"curve":"stepped"},{"time":0.3666,"x":-63.19,"y":15.25,"curve":[0.112,0.99,0.496,1]},{"time":0.7333,"x":-63.19,"y":113.86,"curve":"stepped"},{"time":0.8333,"x":-63.19,"y":-2.17,"curve":"stepped"},{"time":1.0666,"x":-63.19,"y":-2.17},{"time":1.1666,"x":-34.24,"y":7.78},{"time":1.2333,"x":-14.94,"y":0,"curve":[0.131,0.87,0.75,1]},{"time":1.4,"x":0,"y":0}]},"up_EF_1":{"rotate":[{"time":0,"angle":0,"curve":"stepped"},{"time":0.0666,"angle":92.39,"curve":"stepped"},{"time":0.1666,"angle":-109.57,"curve":"stepped"},{"time":0.3666,"angle":10.34,"curve":"stepped"},{"time":0.4,"angle":-70.77,"curve":"stepped"},{"time":0.4333,"angle":140.43,"curve":"stepped"},{"time":0.4666,"angle":71.03}],"translate":[{"time":0,"x":0,"y":0,"curve":"stepped"},{"time":0.0666,"x":-391.83,"y":39.67,"curve":"stepped"},{"time":0.1666,"x":-295.54,"y":47.61,"curve":"stepped"},{"time":0.3666,"x":-581.56,"y":363.96,"curve":"stepped"},{"time":0.4,"x":-236.58,"y":89.94,"curve":"stepped"},{"time":0.4333,"x":-360.54,"y":91.45,"curve":"stepped"},{"time":0.4666,"x":-411.18,"y":191.98}],"scale":[{"time":0,"x":1,"y":1,"curve":"stepped"},{"time":0.0666,"x":0.31,"y":2.803,"curve":"stepped"},{"time":0.1666,"x":-1.53,"y":1.501,"curve":"stepped"},{"time":0.3666,"x":2.069,"y":2.03}]},"ef1_1":{"rotate":[{"time":0.1666,"angle":144.96}],"translate":[{"time":0.1666,"x":-425.81,"y":21.08}]},"sp_ef_1":{"rotate":[{"time":0.8333,"angle":91.26}],"translate":[{"time":0.8333,"x":-414.19,"y":-2.71}],"scale":[{"time":0.8333,"x":1.458,"y":1.229}]},"EF_01":{"rotate":[{"time":0.3666,"angle":-20.7,"curve":"stepped"},{"time":0.4,"angle":-81.34,"curve":"stepped"},{"time":0.4333,"angle":149.53,"curve":"stepped"},{"time":0.4666,"angle":34.43,"curve":"stepped"},{"time":0.5,"angle":-12.25,"curve":"stepped"},{"time":0.6666,"angle":-81.34}],"translate":[{"time":0.3666,"x":-499.6,"y":384.12,"curve":"stepped"},{"time":0.4,"x":-369.89,"y":353.9,"curve":"stepped"},{"time":0.4333,"x":-487.07,"y":143.12,"curve":"stepped"},{"time":0.4666,"x":-623.42,"y":342.85,"curve":"stepped"},{"time":0.5,"x":-562.98,"y":460.77,"curve":"stepped"},{"time":0.6666,"x":-369.89,"y":341.37}],"scale":[{"time":0.3666,"x":2.547,"y":2.547}]},"DAMAGEAREA":{"translate":[{"time":0.0666,"x":-105.57,"y":38.6,"curve":"stepped"},{"time":0.3666,"x":-105.57,"y":111.08}],"scale":[{"time":0.0666,"x":2.804,"y":0.55,"curve":"stepped"},{"time":0.3666,"x":1.949,"y":1.684}]},"lightning":{"rotate":[{"time":0.8333,"angle":270}],"translate":[{"time":0.8333,"x":-227.36,"y":55.37,"curve":"stepped"},{"time":1.0666,"x":-183.02,"y":90.9}],"scale":[{"time":0.8333,"x":3.108,"y":0.554,"curve":[0.226,0.89,0.625,1]},{"time":1.0666,"x":0.374,"y":0.593}]},"lightning2":{"rotate":[{"time":0.0666,"angle":180,"curve":"stepped"},{"time":0.8333,"angle":270}],"translate":[{"time":0.0666,"x":-231.66,"y":65.77,"curve":"stepped"},{"time":0.8333,"x":-227.36,"y":55.37,"curve":"stepped"},{"time":1.0666,"x":-183.02,"y":90.9}],"scale":[{"time":0.0666,"x":1.502,"y":1},{"time":0.1666,"x":0.803,"y":1,"curve":"stepped"},{"time":0.8333,"x":3.108,"y":0.926,"curve":[0.226,0.89,0.625,1]},{"time":1.0666,"x":0.374,"y":0.593}]},"sphire1":{"rotate":[{"time":0,"angle":50.41,"curve":"stepped"},{"time":0.6,"angle":59.08}],"translate":[{"time":0,"x":-276.14,"y":64.98,"curve":"stepped"},{"time":0.0333,"x":-275.42,"y":64.8,"curve":"stepped"},{"time":0.6,"x":-279.68,"y":95.6}],"scale":[{"time":0,"x":1,"y":1},{"time":0.0666,"x":0.904,"y":1.614,"curve":"stepped"},{"time":0.6,"x":1,"y":1,"curve":[0.48,0,0.84,0.5]},{"time":0.8,"x":1.294,"y":2.308}]}},"events":[{"time":0,"name":"Event","float":0.1,"string":"kHitStopType_normal"},{"time":0,"name":"Voice","string":"cri_205_voice_attack_random"},{"time":0.0333,"name":"Sound1","string":"cri_se_battle_swordswish_light"},{"time":0.0666,"name":"Sound2","string":"setHitSound(se_battle_thrustviolently)"},{"time":0.1666,"name":"Hit","string":"resetHitList"},{"time":0.1666,"name":"Sound2","string":"setHitSound(se_battle_019_sword_hit_03)"},{"time":0.3333,"name":"Sound1","string":"cri_se_battle_monster_swish"},{"time":0.3666,"name":"Hit","string":"resetHitList"},{"time":0.4333,"name":"Sound1","string":"cri_se_battle_sword_swish_heavy"},{"time":0.7333,"name":"Voice","string":"cri_205_voice_attack_c"},{"time":0.8,"name":"Sound1","string":"cri_se_battle_swordswish_light"},{"time":0.8333,"name":"Hit","string":"resetHitList"},{"time":0.8333,"name":"Sound2","string":"setHitSound(se_battle_thrustviolently)"},{"time":1.4,"name":"Event","string":"runScript-addSP"}]},"attack2":{"slots":{"DAMAGEAREA":{"attachment":[{"time":0.3333,"name":"DAMAGEAREA"},{"time":0.4666,"name":null}]},"EF/EF_slash_DOT/10000-combo_16_ef2_2":{"attachment":[{"time":0.3,"name":null},{"time":0.3333,"name":null}]},"EF/EF_slash_DOT/10000-combo_16_ef2_1B":{"attachment":[{"time":0.3,"name":null},{"time":0.3333,"name":null}]},"EF/EF_slash_DOT/10000-combo_16_ef2_1B2":{"attachment":[{"time":0.3333,"name":null}]},"EF/EF_slash_DOT/10000-combo_16_ef2_1F":{"attachment":[{"time":0.3,"name":null},{"time":0.3333,"name":null}]},"EF/EF_slash_DOT/10000-combo_16_ef2_1F2":{"attachment":[{"time":0.3333,"name":null}]},"EF/EF_slash_DOT/up_EF_1":{"attachment":[{"time":0.3,"name":null}]},"EF/EF_slash_DOT/up_EF_2":{"attachment":[{"time":0.3,"name":null}]},"EF/ef_wave_main/ef_wave_main_6":{"attachment":[{"time":0,"name":null},{"time":0.0333,"name":"EF/ef_wave_main/ef_wave_main_00015"},{"time":0.0666,"name":null},{"time":0.3666,"name":"EF/ef_wave_main/ef_wave_main_00005"},{"time":0.4,"name":"EF/ef_wave_main/ef_wave_main_00006"},{"time":0.4333,"name":"EF/ef_wave_main/ef_wave_main_00007"},{"time":0.4666,"name":"EF/ef_wave_main/ef_wave_main_00008"},{"time":0.5,"name":"EF/ef_wave_main/ef_wave_main_00009"},{"time":0.5333,"name":"EF/ef_wave_main/ef_wave_main_00010"},{"time":0.5666,"name":"EF/ef_wave_main/ef_wave_main_00011"},{"time":0.6,"name":"EF/ef_wave_main/ef_wave_main_00012"},{"time":0.6333,"name":"EF/ef_wave_main/ef_wave_main_00013"},{"time":0.6666,"name":"EF/ef_wave_main/ef_wave_main_00014"},{"time":0.7,"name":"EF/ef_wave_main/ef_wave_main_00015"},{"time":0.7333,"name":null}]},"MAIN":{"attachment":[{"time":0,"name":"skill1_00"},{"time":0.1,"name":"skill1_01"},{"time":0.3,"name":"skill1_02"},{"time":0.3333,"name":"skill1_03"},{"time":0.3666,"name":"skill1_04"},{"time":0.4,"name":"skill1_05"},{"time":0.4333,"name":"skill1_06"},{"time":0.6333,"name":"idle_03"},{"time":0.7666,"name":"idle_04"},{"time":0.9333,"name":"idle_00"},{"time":1.1333,"name":"idle_01"},{"time":1.3333,"name":"idle_02"},{"time":1.5333,"name":"idle_03"},{"time":1.7333,"name":"idle_04"},{"time":1.9333,"name":"idle_00"}],"color":[{"time":0,"color":"ffffff00"},{"time":0.1,"color":"ffffffff","curve":"stepped"},{"time":0.3666,"color":"ffffffff"},{"time":0.4666,"color":"ffffff00","curve":"stepped"},{"time":0.6333,"color":"ffffff00"},{"time":0.8,"color":"ffffffff"}]}},"bones":{"MAIN":{"translate":[{"time":0,"x":-164.39,"y":0,"curve":[0.143,0.82,0.47,1]},{"time":0.2666,"x":-184.06,"y":0,"curve":"stepped"},{"time":0.3333,"x":-159.67,"y":0,"curve":"stepped"},{"time":0.3666,"x":-133.71,"y":0,"curve":"stepped"},{"time":0.6333,"x":-12.19,"y":0,"curve":"stepped"},{"time":0.6666,"x":-12.19,"y":0,"curve":[0.185,0.77,0.75,1]},{"time":0.7666,"x":0,"y":0}],"scale":[{"time":0,"x":-1,"y":1,"curve":"stepped"},{"time":0.6333,"x":1,"y":1}]},"ef2_1B":{"rotate":[{"time":0.3333,"angle":0.78}],"translate":[{"time":0.3333,"x":-529.11,"y":68.17}],"scale":[{"time":0.3333,"x":-0.866,"y":0.312}]},"up_EF_1":{"rotate":[{"time":0.3,"angle":8.49,"curve":"stepped"},{"time":0.3333,"angle":6.93}],"translate":[{"time":0.3,"x":-459.87,"y":23.38,"curve":"stepped"},{"time":0.3333,"x":-242.35,"y":38.63}],"scale":[{"time":0.3,"x":1.307,"y":-0.155,"curve":"stepped"},{"time":0.3333,"x":4.278,"y":-0.275}]},"up_EF_2":{"rotate":[{"time":0.3,"angle":-7.35,"curve":"stepped"},{"time":0.3333,"angle":-7.06}],"translate":[{"time":0.3,"x":-444.78,"y":33.84,"curve":"stepped"},{"time":0.3333,"x":-442.75,"y":41.29}],"scale":[{"time":0.3,"x":-2.076,"y":0.287,"curve":"stepped"},{"time":0.3333,"x":-2.919,"y":0.287}]},"ef2_1B2":{"rotate":[{"time":0.3333,"angle":-4.11}],"translate":[{"time":0.3333,"x":-512.58,"y":44.76}],"scale":[{"time":0.3333,"x":0.743,"y":-0.132}]},"wave_main3":{"translate":[{"time":0.3666,"x":-451.07,"y":171.23}]},"DAMAGEAREA":{"translate":[{"time":0.3333,"x":-141.85,"y":57.51}],"scale":[{"time":0.3333,"x":4.159,"y":1}]}},"drawOrder":[{"time":0.3333,"offsets":[{"slot":"EF/EF_slash_DOT/10000-combo_16_ef2_1B2","offset":7},{"slot":"EF/EF_slash_DOT/10000-combo_16_ef2_1F2","offset":-4}]}],"events":[{"time":0,"name":"Event","float":0.2,"string":"kHitStopType_normal"},{"time":0.2666,"name":"Voice","string":"cri_205_voice_attack_c"},{"time":0.3,"name":"Sound1","string":"cri_se_battle_037_explosion_element_05"},{"time":0.3333,"name":"Event","string":"shakeGround"},{"time":0.3333,"name":"Sound2","string":"setHitSound(se_battle_thrustviolently)"},{"time":0.4,"name":"Event","float":0.1,"string":"kHitStopType_normal"},{"time":0.4,"name":"Hit","string":"resetHitList"},{"time":1.3333,"name":"Event","string":"runScript-addSP"}]},"attack3":{"slots":{"DAMAGEAREA":{"attachment":[{"time":0.2666,"name":"DAMAGEAREA"},{"time":0.3666,"name":null}]},"EF/ef_wave_main/ef_wave_main_6":{"attachment":[{"time":0.2,"name":"EF/ef_wave_main/ef_wave_main_00005"},{"time":0.2333,"name":"EF/ef_wave_main/ef_wave_main_00006"},{"time":0.2666,"name":"EF/ef_wave_main/ef_wave_main_00007"},{"time":0.3,"name":"EF/ef_wave_main/ef_wave_main_00008"},{"time":0.3333,"name":"EF/ef_wave_main/ef_wave_main_00009"},{"time":0.3666,"name":"EF/ef_wave_main/ef_wave_main_00010"},{"time":0.4,"name":"EF/ef_wave_main/ef_wave_main_00011"},{"time":0.4333,"name":"EF/ef_wave_main/ef_wave_main_00012"},{"time":0.4666,"name":"EF/ef_wave_main/ef_wave_main_00013"},{"time":0.5,"name":"EF/ef_wave_main/ef_wave_main_00014"},{"time":0.5333,"name":"EF/ef_wave_main/ef_wave_main_00015"},{"time":0.5666,"name":null}]},"MAIN":{"attachment":[{"time":0,"name":"attack_04"},{"time":0.0666,"name":"attack_05"},{"time":0.2,"name":"attack_02"},{"time":0.5,"name":"skill1_00"},{"time":0.6,"name":"skill1_01"},{"time":1,"name":"idle_00"},{"time":1.2,"name":"idle_01"},{"time":1.4,"name":"idle_02"},{"time":1.6,"name":"idle_03"},{"time":1.8,"name":"idle_04"},{"time":2,"name":"idle_00"}],"color":[{"time":0.1666,"color":"ffffffff"},{"time":0.3333,"color":"ffffff00","curve":"stepped"},{"time":0.5,"color":"ffffff00"},{"time":0.6,"color":"ffffffff"}]}},"bones":{"MAIN":{"translate":[{"time":0.2,"x":0,"y":0,"curve":[0.185,0.77,0.75,1]},{"time":0.3333,"x":-157.57,"y":0,"curve":"stepped"},{"time":0.5,"x":-164.39,"y":0,"curve":[0.143,0.82,0.47,1]},{"time":0.7666,"x":-184.06,"y":0}],"scale":[{"time":0.5,"x":-1,"y":1}]},"wave_main3":{"translate":[{"time":0.2,"x":-321.29,"y":172.1}],"scale":[{"time":0.2,"x":1.5,"y":1.5}]},"DAMAGEAREA":{"translate":[{"time":0.2666,"x":-130.55,"y":40.79}],"scale":[{"time":0.2666,"x":4.488,"y":0.673}]}},"events":[{"time":0,"name":"Event","float":0.15,"string":"kHitStopType_normal"},{"time":0.1666,"name":"Voice","string":"cri_205_voice_attack_random"},{"time":0.2,"name":"Sound1","string":"setHitSound(se_battle_arrow_light_effect)"},{"time":0.2666,"name":"Sound2","string":"setHitSound(se_battle_sword_heavy_hit)"},{"time":1.2,"name":"Event","string":"runScript-addSP"}]},"attack4":{"slots":{"DAMAGEAREA":{"attachment":[{"time":0.2666,"name":"DAMAGEAREA"},{"time":0.3666,"name":null},{"time":0.8,"name":"DAMAGEAREA"},{"time":1.3333,"name":null},{"time":1.7,"name":"DAMAGEAREA"},{"time":1.8,"name":null}]},"EF/EF_slash_DOT/10000-combo_16_ef2_2":{"attachment":[{"time":1.6333,"name":null},{"time":1.6666,"name":null}]},"EF/ef_wave_main/ef_wave_main_6":{"attachment":[{"time":0.2,"name":"EF/ef_wave_main/ef_wave_main_00005"},{"time":0.2333,"name":"EF/ef_wave_main/ef_wave_main_00006"},{"time":0.2666,"name":"EF/ef_wave_main/ef_wave_main_00007"},{"time":0.3,"name":"EF/ef_wave_main/ef_wave_main_00008"},{"time":0.3333,"name":"EF/ef_wave_main/ef_wave_main_00009"},{"time":0.3666,"name":"EF/ef_wave_main/ef_wave_main_00010"},{"time":0.4,"name":"EF/ef_wave_main/ef_wave_main_00011"},{"time":0.4333,"name":"EF/ef_wave_main/ef_wave_main_00012"},{"time":0.4666,"name":"EF/ef_wave_main/ef_wave_main_00013"},{"time":0.5,"name":"EF/ef_wave_main/ef_wave_main_00014"},{"time":0.5333,"name":"EF/ef_wave_main/ef_wave_main_00015"},{"time":0.5666,"name":null},{"time":1.6666,"name":"EF/ef_wave_main/ef_wave_main_00005"},{"time":1.7,"name":"EF/ef_wave_main/ef_wave_main_00006"},{"time":1.7333,"name":"EF/ef_wave_main/ef_wave_main_00007"},{"time":1.7666,"name":"EF/ef_wave_main/ef_wave_main_00008"},{"time":1.8,"name":"EF/ef_wave_main/ef_wave_main_00009"},{"time":1.8333,"name":"EF/ef_wave_main/ef_wave_main_00010"},{"time":1.8666,"name":"EF/ef_wave_main/ef_wave_main_00011"},{"time":1.9,"name":"EF/ef_wave_main/ef_wave_main_00012"},{"time":1.9333,"name":"EF/ef_wave_main/ef_wave_main_00013"},{"time":1.9666,"name":"EF/ef_wave_main/ef_wave_main_00014"},{"time":2,"name":"EF/ef_wave_main/ef_wave_main_00015"},{"time":2.0333,"name":null}]},"EF/lightning/130_S1_lightning1_00001":{"attachment":[{"time":0.2,"name":"EF/lightning/130_S1_lightning1_00002"},{"time":1.3333,"name":"EF/lightning/130_S1_lightning1_00002"}],"color":[{"time":0.2,"color":"ffffffff"},{"time":0.3333,"color":"ffffff00","curve":"stepped"},{"time":1.3333,"color":"ffffff00"},{"time":1.5,"color":"ffffffb0"},{"time":1.6,"color":"ffffff00"}]},"MAIN":{"attachment":[{"time":0,"name":"attack_04"},{"time":0.0666,"name":"attack_05"},{"time":0.2,"name":"attack_02"},{"time":1.3333,"name":"skill1_00"},{"time":1.4333,"name":"skill1_01"},{"time":1.6333,"name":"skill1_02"},{"time":1.6666,"name":"skill1_03"},{"time":1.7,"name":"skill1_04"},{"time":1.7333,"name":"skill1_05"},{"time":1.7666,"name":"skill1_06"},{"time":2.0333,"name":"idle_03"},{"time":2.1666,"name":"idle_04"},{"time":2.3,"name":"idle_00"}],"color":[{"time":0.1666,"color":"ffffffff"},{"time":0.3333,"color":"ffffff00","curve":"stepped"},{"time":1.3333,"color":"ffffff00"},{"time":1.4333,"color":"ffffffff","curve":"stepped"},{"time":1.7,"color":"ffffffff"},{"time":1.8,"color":"ffffff00","curve":"stepped"},{"time":2.0333,"color":"ffffff00"},{"time":2.2,"color":"ffffffff"}]}},"bones":{"MAIN":{"translate":[{"time":0.2,"x":0,"y":0,"curve":[0.185,0.77,0.75,1]},{"time":0.3333,"x":-157.57,"y":0,"curve":"stepped"},{"time":1.3333,"x":-164.39,"y":0,"curve":[0.143,0.82,0.47,1]},{"time":1.6,"x":-184.06,"y":0,"curve":"stepped"},{"time":1.6666,"x":-159.67,"y":0,"curve":"stepped"},{"time":1.7,"x":-133.71,"y":0,"curve":"stepped"},{"time":2.0333,"x":-12.19,"y":0,"curve":"stepped"},{"time":2.0666,"x":-12.19,"y":0,"curve":[0.185,0.77,0.75,1]},{"time":2.1666,"x":0,"y":0}],"scale":[{"time":0,"x":1,"y":1,"curve":"stepped"},{"time":1.3333,"x":-1,"y":1,"curve":"stepped"},{"time":2.0333,"x":1,"y":1}]},"wave_main3":{"translate":[{"time":0.2,"x":-321.29,"y":172.1,"curve":"stepped"},{"time":1.6666,"x":-451.07,"y":171.23}],"scale":[{"time":0.2,"x":1.5,"y":1.5}]},"lightning":{"rotate":[{"time":0.2,"angle":180,"curve":"stepped"},{"time":1.3333,"angle":0}],"translate":[{"time":0.2,"x":-232.55,"y":65.93,"curve":"stepped"},{"time":1.3333,"x":-175.32,"y":71.4}],"scale":[{"time":0.2,"x":0.286,"y":0.554,"curve":[0.185,0.77,0.75,1]},{"time":0.3333,"x":1.36,"y":0.688,"curve":"stepped"},{"time":1.3333,"x":0.723,"y":0.554,"curve":[0.23,0.77,0.72,1]},{"time":1.6,"x":0.294,"y":0.476}]},"DAMAGEAREA":{"translate":[{"time":0.2666,"x":-144.57,"y":0,"curve":"stepped"},{"time":0.8,"x":-9.22,"y":110.73,"curve":"stepped"},{"time":1.7,"x":-147.64,"y":110.73}],"scale":[{"time":0.2666,"x":4.291,"y":1,"curve":"stepped"},{"time":0.8,"x":2.401,"y":2.229,"curve":"stepped"},{"time":1.7,"x":4.174,"y":2.229}]}},"drawOrder":[{"time":1.6666,"offsets":[{"slot":"EF/EF_slash_DOT/10000-combo_16_ef2_1B2","offset":7},{"slot":"EF/EF_slash_DOT/10000-combo_16_ef2_1F2","offset":-4}]}],"events":[{"time":0,"name":"Event","float":0.2,"string":"kHitStopType_normal"},{"time":0.2,"name":"Sound1","string":"setHitSound(se_battle_arrow_light_effect)"},{"time":0.2666,"name":"Sound2","string":"setHitSound(se_battle_thrustviolently)"},{"time":0.7,"name":"Event","string":"setPosition_Target"},{"time":0.7333,"name":"Event","float":0.2,"string":"kHitStopType_enemyonly"},{"time":0.7333,"name":"Sound1","string":"cri_se_battle_037_explosion_element_05"},{"time":0.7666,"name":"Sound2","string":"setHitSound(se_battle_thrustviolently)"},{"time":0.8,"name":"Hit","string":"resetHitList"},{"time":0.8666,"name":"Hit","string":"resetHitList"},{"time":0.9333,"name":"Hit","string":"resetHitList"},{"time":0.9333,"name":"Sound1","string":"cri_se_battle_037_explosion_element_05"},{"time":1,"name":"Hit","string":"resetHitList"},{"time":1.0666,"name":"Hit","string":"resetHitList"},{"time":1.1333,"name":"Hit","string":"resetHitList"},{"time":1.1333,"name":"Sound1","string":"cri_se_battle_037_explosion_element_05"},{"time":1.2,"name":"Hit","string":"resetHitList"},{"time":1.2666,"name":"Hit","string":"resetHitList"},{"time":1.6333,"name":"Sound1","string":"cri_se_battle_037_explosion_element_05"},{"time":1.6666,"name":"Event","float":0.2,"string":"kHitStopType_normal"},{"time":1.6666,"name":"Sound2","string":"setHitSound(se_battle_sword_heavy_hit)"},{"time":1.7,"name":"Hit","string":"resetHitList"}]},"back":{"slots":{"EF/lightning/130_S1_lightning1_00001":{"color":[{"time":0.0333,"color":"ffffff00"},{"time":0.1,"color":"ffffffff"},{"time":0.2666,"color":"ffffff00"}]},"EF/lightning/130_S1_lightning1_1":{"attachment":[{"time":0.0333,"name":"EF/lightning/130_S1_lightning1_00002"}],"color":[{"time":0.0333,"color":"ffffff00"},{"time":0.1,"color":"ffffffff"},{"time":0.2666,"color":"ffffff00"}]},"MAIN":{"attachment":[{"time":0,"name":"idle_01"},{"time":0.0333,"name":"idle_02"},{"time":0.0666,"name":"back_00"},{"time":0.2666,"name":"idle_04"},{"time":0.3666,"name":"idle_03"}]}},"bones":{"MAIN":{"translate":[{"time":0.0333,"x":0,"y":0,"curve":[0.158,0.78,0.566,1]},{"time":0.3,"x":130.56,"y":0,"curve":[0.131,0.87,0.75,1]},{"time":0.6333,"x":140,"y":0}]},"lightning":{"rotate":[{"time":0.0333,"angle":0}],"translate":[{"time":0.0333,"x":-163.53,"y":90.9,"curve":"stepped"},{"time":0.2666,"x":-183.02,"y":90.9}],"scale":[{"time":0.0333,"x":0.723,"y":0.554,"curve":[0.23,0.77,0.72,1]},{"time":0.2666,"x":1.427,"y":0.593}]},"lightning2":{"rotate":[{"time":0.0333,"angle":0}],"translate":[{"time":0.0333,"x":-163.53,"y":90.9,"curve":"stepped"},{"time":0.2666,"x":-183.02,"y":90.9}],"scale":[{"time":0.0333,"x":0.723,"y":0.677,"curve":[0.23,0.77,0.72,1]},{"time":0.2666,"x":1.427,"y":0.912}]}},"events":[{"time":0.0666,"name":"Sound1","string":"cri_se_battle_jump"},{"time":0.2666,"name":"Sound1","string":"cri_se_battle_landing"}]},"cast":{"slots":{"EF/lightning/130_S1_lightning1_1":{"attachment":[{"time":0.4666,"name":"EF/lightning/130_S1_lightning1_00002"}],"color":[{"time":0.4666,"color":"ffffffff"},{"time":0.6,"color":"ffffff00"}]},"MAIN":{"attachment":[{"time":0,"name":"skill1_00"},{"time":0.1333,"name":"skill1_01"},{"time":0.3666,"name":"skill1_03"},{"time":0.4666,"name":"skill2_01"},{"time":0.5,"name":"skill2_02"},{"time":0.5333,"name":"skill2_03"},{"time":0.7333,"name":"weapon_on_put_00"},{"time":0.8,"name":"weapon_on_put_01"},{"time":0.9,"name":"idle_04"}]}},"bones":{"MAIN":{"translate":[{"time":0,"x":0,"y":0,"curve":"stepped"},{"time":0.3666,"x":-20.9,"y":0,"curve":"stepped"},{"time":0.4666,"x":-29.16,"y":0,"curve":"stepped"},{"time":0.7333,"x":-13.33,"y":0}],"scale":[{"time":0.3666,"x":1,"y":1,"curve":"stepped"},{"time":0.4,"x":-1,"y":1,"curve":"stepped"},{"time":0.4666,"x":1,"y":1}]},"lightning2":{"rotate":[{"time":0.4666,"angle":-151.25}],"translate":[{"time":0.4666,"x":-224.06,"y":53.64}],"scale":[{"time":0.4666,"x":1.7,"y":0.554,"curve":[0.23,0.77,0.72,1]},{"time":0.6,"x":0.919,"y":0.476}]}},"events":[{"time":0.1333,"name":"Voice","string":"cri_205_voice_item"}]},"damage":{"slots":{"MAIN":{"attachment":[{"time":0,"name":"damage_00"}]}}},"front":{"slots":{"MAIN":{"attachment":[{"time":0,"name":"front_00"}]}},"bones":{"MAIN":{"rotate":[{"time":0,"angle":8.22}]}}},"idle":{"slots":{"EF/900_S2_sphire1_00004":{"attachment":[{"time":0,"name":"EF/900_S2_sphire1_00004"}],"color":[{"time":0,"color":"ffffff00","curve":[0.233,0.9,0.75,1]},{"time":0.5,"color":"ffffff72","curve":[0.691,0,0.75,1]},{"time":1,"color":"ffffff00"}]},"MAIN":{"attachment":[{"time":0,"name":"idle_00"},{"time":0.2,"name":"idle_01"},{"time":0.4,"name":"idle_02"},{"time":0.6,"name":"idle_03"},{"time":0.8,"name":"idle_04"},{"time":1,"name":"idle_00"}]}},"bones":{"sphire1":{"translate":[{"time":0,"x":-234.59,"y":90.89}],"scale":[{"time":0,"x":0.952,"y":1}]}}},"idle2":{"slots":{"MAIN":{"attachment":[{"time":0,"name":"idle_03"},{"time":0.0333,"name":"idle_02"},{"time":0.0666,"name":"back_00"},{"time":0.2666,"name":"idle_04"},{"time":0.3666,"name":"idle_03"},{"time":4,"name":"front_00"}],"color":[{"time":0,"color":"ffffff00"},{"time":0.1,"color":"ffffffff"},{"time":0.2333,"color":"ffffff00","curve":"stepped"},{"time":4,"color":"ffffff00"},{"time":4.1666,"color":"ffffffff"}]}},"bones":{"MAIN":{"translate":[{"time":0,"x":140,"y":0},{"time":0.0333,"x":0,"y":0,"curve":[0.158,0.78,0.566,1]},{"time":0.3,"x":130.56,"y":0,"curve":[0.131,0.87,0.75,1]},{"time":0.6333,"x":140,"y":0,"curve":"stepped"},{"time":4,"x":140,"y":0},{"time":4.1666,"x":0,"y":0}]}},"events":[{"time":0.1666,"name":"Event","string":"setInvincibleTime(2)"},{"time":1.1666,"name":"Event","string":"setInvincibleTime(2)"},{"time":2.1666,"name":"Event","string":"setInvincibleTime(2)"},{"time":3.1666,"name":"Event","string":"setInvincibleTime(2)"},{"time":3.9666,"name":"Event","int":100,"string":"setPosition_Target"},{"time":4,"name":"Event","string":"setInvincibleTime(0)"},{"time":4.0333,"name":"Event","string":"runScript-callAttack"}]},"in":{"slots":{"EF/lightning/130_S1_lightning1_00001":{"color":[{"time":0,"color":"ffffff00"},{"time":0.0333,"color":"ffffffb0"},{"time":0.1333,"color":"ffffff00","curve":"stepped"},{"time":0.2666,"color":"ffffffb0"},{"time":0.4,"color":"ffffff00","curve":"stepped"},{"time":0.5666,"color":"ffffffff"},{"time":0.7666,"color":"ffffff00"}]},"EF/lightning/130_S1_lightning1_1":{"attachment":[{"time":0,"name":"EF/lightning/130_S1_lightning1_00002"}],"color":[{"time":0,"color":"ffffff00"},{"time":0.0333,"color":"ffffffff"},{"time":0.1333,"color":"ffffff00","curve":"stepped"},{"time":0.2666,"color":"ffffffff"},{"time":0.4,"color":"ffffff00","curve":"stepped"},{"time":0.5666,"color":"ffffffff"},{"time":0.7666,"color":"ffffff00"}]},"MAIN":{"attachment":[{"time":0,"name":"front_00"},{"time":0.1333,"name":"skill1_03"},{"time":0.2666,"name":"skill2_02"},{"time":0.3,"name":"skill2_03"},{"time":0.5,"name":"weapon_on_put_00"},{"time":0.5666,"name":"weapon_on_put_01"},{"time":0.6666,"name":"idle_04"},{"time":0.8333,"name":"idle_04"}],"color":[{"time":0,"color":"ffffff00"},{"time":0.2,"color":"ffffffff"}]}},"bones":{"MAIN":{"translate":[{"time":0,"x":219.41,"y":59.49,"curve":[0.147,0.94,0.437,1]},{"time":0.3333,"x":-20.9,"y":0,"curve":"stepped"},{"time":0.5,"x":-13.33,"y":0}],"scale":[{"time":0.1333,"x":1,"y":1,"curve":"stepped"},{"time":0.2,"x":-1,"y":1,"curve":"stepped"},{"time":0.2666,"x":1,"y":1}]},"lightning":{"rotate":[{"time":0,"angle":-162.33,"curve":"stepped"},{"time":0.2666,"angle":-151.25,"curve":"stepped"},{"time":0.5666,"angle":29.8}],"translate":[{"time":0,"x":-249.05,"y":63.45,"curve":"stepped"},{"time":0.2666,"x":-224.06,"y":53.64,"curve":"stepped"},{"time":0.5666,"x":-179.96,"y":90.85}],"scale":[{"time":0,"x":1.7,"y":0.554,"curve":[0.23,0.77,0.72,1]},{"time":0.1333,"x":0.919,"y":0.476,"curve":"stepped"},{"time":0.2666,"x":1.7,"y":0.554,"curve":[0.23,0.77,0.72,1]},{"time":0.4,"x":0.919,"y":0.476,"curve":"stepped"},{"time":0.5666,"x":0.819,"y":0.461,"curve":[0.23,0.77,0.72,1]},{"time":0.7666,"x":0.222,"y":0.476}]},"lightning2":{"rotate":[{"time":0,"angle":-162.33,"curve":"stepped"},{"time":0.2666,"angle":-151.25,"curve":"stepped"},{"time":0.5666,"angle":29.8}],"translate":[{"time":0,"x":-249.05,"y":63.45,"curve":"stepped"},{"time":0.2666,"x":-224.06,"y":53.64,"curve":"stepped"},{"time":0.5666,"x":-179.96,"y":90.85}],"scale":[{"time":0,"x":1.7,"y":0.554,"curve":[0.23,0.77,0.72,1]},{"time":0.1333,"x":0.919,"y":0.476,"curve":"stepped"},{"time":0.2666,"x":1.7,"y":0.554,"curve":[0.23,0.77,0.72,1]},{"time":0.4,"x":0.919,"y":0.476,"curve":"stepped"},{"time":0.5666,"x":0.819,"y":0.461,"curve":[0.23,0.77,0.72,1]},{"time":0.7666,"x":0.222,"y":0.476}]}},"events":[{"time":0,"name":"Sound1","string":"cri_se_battle_teleport"},{"time":0.2666,"name":"Sound1","string":"cri_se_battle_landing"}]},"skill2":{"slots":{"DAMAGEAREA":{"attachment":[{"time":0.7,"name":"DAMAGEAREA"},{"time":1.9666,"name":null}]},"EF/ef_aura_main/ef_aura_main_00003":{"color":[{"time":2.5333,"color":"ffffff00"}]},"EF/ef_wave_main/ef_wave_main_00005":{"attachment":[{"time":0.6333,"name":"EF/ef_wave_main/ef_wave_main_00005"},{"time":0.6666,"name":"EF/ef_wave_main/ef_wave_main_00006"},{"time":0.7,"name":"EF/ef_wave_main/ef_wave_main_00007"},{"time":0.7333,"name":"EF/ef_wave_main/ef_wave_main_00008"},{"time":0.7666,"name":"EF/ef_wave_main/ef_wave_main_00009"},{"time":0.8,"name":"EF/ef_wave_main/ef_wave_main_00010"},{"time":0.8333,"name":"EF/ef_wave_main/ef_wave_main_00011"},{"time":0.8666,"name":"EF/ef_wave_main/ef_wave_main_00012"},{"time":0.9,"name":"EF/ef_wave_main/ef_wave_main_00013"},{"time":0.9333,"name":"EF/ef_wave_main/ef_wave_main_00014"},{"time":0.9666,"name":"EF/ef_wave_main/ef_wave_main_00015"},{"time":1,"name":null},{"time":1.0333,"name":"EF/ef_wave_main/ef_wave_main_00005"},{"time":1.0666,"name":"EF/ef_wave_main/ef_wave_main_00006"},{"time":1.1,"name":"EF/ef_wave_main/ef_wave_main_00007"},{"time":1.1333,"name":"EF/ef_wave_main/ef_wave_main_00008"},{"time":1.1666,"name":"EF/ef_wave_main/ef_wave_main_00009"},{"time":1.2,"name":"EF/ef_wave_main/ef_wave_main_00010"},{"time":1.2333,"name":"EF/ef_wave_main/ef_wave_main_00011"},{"time":1.2666,"name":"EF/ef_wave_main/ef_wave_main_00012"},{"time":1.3,"name":"EF/ef_wave_main/ef_wave_main_00013"},{"time":1.3333,"name":"EF/ef_wave_main/ef_wave_main_00014"},{"time":1.3666,"name":"EF/ef_wave_main/ef_wave_main_00015"},{"time":1.4,"name":null}]},"EF/ef_wave_main/ef_wave_main_5":{"attachment":[{"time":0.7,"name":"EF/ef_wave_main/ef_wave_main_00005"},{"time":0.7333,"name":"EF/ef_wave_main/ef_wave_main_00006"},{"time":0.7666,"name":"EF/ef_wave_main/ef_wave_main_00007"},{"time":0.8,"name":"EF/ef_wave_main/ef_wave_main_00008"},{"time":0.8333,"name":"EF/ef_wave_main/ef_wave_main_00009"},{"time":0.8666,"name":"EF/ef_wave_main/ef_wave_main_00010"},{"time":0.9,"name":"EF/ef_wave_main/ef_wave_main_00011"},{"time":0.9333,"name":"EF/ef_wave_main/ef_wave_main_00012"},{"time":0.9666,"name":"EF/ef_wave_main/ef_wave_main_00013"},{"time":1,"name":"EF/ef_wave_main/ef_wave_main_00014"},{"time":1.0333,"name":"EF/ef_wave_main/ef_wave_main_00015"},{"time":1.0666,"name":null},{"time":1.1,"name":"EF/ef_wave_main/ef_wave_main_00005"},{"time":1.1333,"name":"EF/ef_wave_main/ef_wave_main_00006"},{"time":1.1666,"name":"EF/ef_wave_main/ef_wave_main_00007"},{"time":1.2,"name":"EF/ef_wave_main/ef_wave_main_00008"},{"time":1.2333,"name":"EF/ef_wave_main/ef_wave_main_00009"},{"time":1.2666,"name":"EF/ef_wave_main/ef_wave_main_00010"},{"time":1.3,"name":"EF/ef_wave_main/ef_wave_main_00011"},{"time":1.3333,"name":"EF/ef_wave_main/ef_wave_main_00012"},{"time":1.3666,"name":"EF/ef_wave_main/ef_wave_main_00013"},{"time":1.4,"name":"EF/ef_wave_main/ef_wave_main_00014"},{"time":1.4333,"name":"EF/ef_wave_main/ef_wave_main_00015"},{"time":1.4666,"name":null}]},"EF/ef_wave_main/ef_wave_main_6":{"attachment":[{"time":0.7666,"name":"EF/ef_wave_main/ef_wave_main_00005"},{"time":0.8,"name":"EF/ef_wave_main/ef_wave_main_00006"},{"time":0.8333,"name":"EF/ef_wave_main/ef_wave_main_00007"},{"time":0.8666,"name":"EF/ef_wave_main/ef_wave_main_00008"},{"time":0.9,"name":"EF/ef_wave_main/ef_wave_main_00009"},{"time":0.9333,"name":"EF/ef_wave_main/ef_wave_main_00010"},{"time":0.9666,"name":"EF/ef_wave_main/ef_wave_main_00011"},{"time":1,"name":"EF/ef_wave_main/ef_wave_main_00012"},{"time":1.0333,"name":"EF/ef_wave_main/ef_wave_main_00013"},{"time":1.0666,"name":"EF/ef_wave_main/ef_wave_main_00014"},{"time":1.1,"name":"EF/ef_wave_main/ef_wave_main_00015"},{"time":1.1333,"name":null},{"time":1.1666,"name":"EF/ef_wave_main/ef_wave_main_00005"},{"time":1.2,"name":"EF/ef_wave_main/ef_wave_main_00006"},{"time":1.2333,"name":"EF/ef_wave_main/ef_wave_main_00007"},{"time":1.2666,"name":"EF/ef_wave_main/ef_wave_main_00008"},{"time":1.3,"name":"EF/ef_wave_main/ef_wave_main_00009"},{"time":1.3333,"name":"EF/ef_wave_main/ef_wave_main_00010"},{"time":1.3666,"name":"EF/ef_wave_main/ef_wave_main_00011"},{"time":1.4,"name":"EF/ef_wave_main/ef_wave_main_00012"},{"time":1.4333,"name":"EF/ef_wave_main/ef_wave_main_00013"},{"time":1.4666,"name":"EF/ef_wave_main/ef_wave_main_00014"},{"time":1.5,"name":"EF/ef_wave_main/ef_wave_main_00015"},{"time":1.5333,"name":null}]},"EF/ef_wave_main/ef_wave_main_7":{"attachment":[{"time":0.8333,"name":"EF/ef_wave_main/ef_wave_main_00005"},{"time":0.8666,"name":"EF/ef_wave_main/ef_wave_main_00006"},{"time":0.9,"name":"EF/ef_wave_main/ef_wave_main_00007"},{"time":0.9333,"name":"EF/ef_wave_main/ef_wave_main_00008"},{"time":0.9666,"name":"EF/ef_wave_main/ef_wave_main_00009"},{"time":1,"name":"EF/ef_wave_main/ef_wave_main_00010"},{"time":1.0333,"name":"EF/ef_wave_main/ef_wave_main_00011"},{"time":1.0666,"name":"EF/ef_wave_main/ef_wave_main_00012"},{"time":1.1,"name":"EF/ef_wave_main/ef_wave_main_00013"},{"time":1.1333,"name":"EF/ef_wave_main/ef_wave_main_00014"},{"time":1.1666,"name":"EF/ef_wave_main/ef_wave_main_00015"},{"time":1.2,"name":null}]},"EF/ef_wave_main/ef_wave_main_8":{"attachment":[{"time":0.9,"name":"EF/ef_wave_main/ef_wave_main_00005"},{"time":0.9333,"name":"EF/ef_wave_main/ef_wave_main_00006"},{"time":0.9666,"name":"EF/ef_wave_main/ef_wave_main_00007"},{"time":1,"name":"EF/ef_wave_main/ef_wave_main_00008"},{"time":1.0333,"name":"EF/ef_wave_main/ef_wave_main_00009"},{"time":1.0666,"name":"EF/ef_wave_main/ef_wave_main_00010"},{"time":1.1,"name":"EF/ef_wave_main/ef_wave_main_00011"},{"time":1.1333,"name":"EF/ef_wave_main/ef_wave_main_00012"},{"time":1.1666,"name":"EF/ef_wave_main/ef_wave_main_00013"},{"time":1.2,"name":"EF/ef_wave_main/ef_wave_main_00014"},{"time":1.2333,"name":"EF/ef_wave_main/ef_wave_main_00015"},{"time":1.2666,"name":null}]},"EF/ef_wave_main/ef_wave_main_9":{"attachment":[{"time":0.9666,"name":"EF/ef_wave_main/ef_wave_main_00005"},{"time":1,"name":"EF/ef_wave_main/ef_wave_main_00006"},{"time":1.0333,"name":"EF/ef_wave_main/ef_wave_main_00007"},{"time":1.0666,"name":"EF/ef_wave_main/ef_wave_main_00008"},{"time":1.1,"name":"EF/ef_wave_main/ef_wave_main_00009"},{"time":1.1333,"name":"EF/ef_wave_main/ef_wave_main_00010"},{"time":1.1666,"name":"EF/ef_wave_main/ef_wave_main_00011"},{"time":1.2,"name":"EF/ef_wave_main/ef_wave_main_00012"},{"time":1.2333,"name":"EF/ef_wave_main/ef_wave_main_00013"},{"time":1.2666,"name":"EF/ef_wave_main/ef_wave_main_00014"},{"time":1.3,"name":"EF/ef_wave_main/ef_wave_main_00015"},{"time":1.3333,"name":null}]},"MAIN":{"attachment":[{"time":0,"name":"idle_01"},{"time":0.0333,"name":"idle_02"},{"time":0.0666,"name":"back_00"},{"time":0.4,"name":"idle_04"},{"time":1.3333,"name":"skill2_00"},{"time":1.7,"name":"skill2_01"},{"time":1.7333,"name":"skill2_02"},{"time":1.8,"name":"skill2_03"},{"time":2.1666,"name":"back_00"},{"time":2.5,"name":"idle_03"},{"time":2.6333,"name":"idle_04"},{"time":2.8666,"name":"idle_01"}],"color":[{"time":0.0666,"color":"ffffffff"},{"time":0.3,"color":"ffffff00","curve":"stepped"},{"time":1.4,"color":"ffffff00"},{"time":1.6666,"color":"ffffffff","curve":"stepped"},{"time":2.1666,"color":"ffffffff"},{"time":2.2666,"color":"ffffff00","curve":"stepped"},{"time":2.5,"color":"ffffff00"},{"time":2.6666,"color":"ffffffff"}]}},"bones":{"MAIN":{"translate":[{"time":0.0666,"x":0,"y":0,"curve":[0.153,0.88,0.562,1]},{"time":0.4,"x":130.56,"y":18.87,"curve":"stepped"},{"time":1.3333,"x":197.28,"y":-12.71,"curve":[0.155,0.71,0.75,1]},{"time":1.6666,"x":79.49,"y":70.5,"curve":"stepped"},{"time":1.7,"x":0,"y":3.14,"curve":[0.123,0.94,0.291,1]},{"time":2.1333,"x":-16.51,"y":3.14,"curve":"stepped"},{"time":2.1666,"x":0,"y":0,"curve":[0.182,0.58,0.548,0.86]},{"time":2.3666,"x":123.01,"y":17.78,"curve":"stepped"},{"time":2.5,"x":-12.19,"y":0,"curve":"stepped"},{"time":2.5333,"x":-12.19,"y":0,"curve":[0.185,0.77,0.75,1]},{"time":2.6333,"x":0,"y":0}],"scale":[{"time":2.5,"x":1,"y":1}]},"wave_main4":{"translate":[{"time":0.8333,"x":-672.46,"y":130.69}],"scale":[{"time":0.8333,"x":3.15,"y":3.15}]},"wave_main":{"translate":[{"time":0.6333,"x":-205.69,"y":152.86,"curve":"stepped"},{"time":1.0333,"x":-289.9,"y":138.82}],"scale":[{"time":0.6333,"x":3.15,"y":3.15,"curve":"stepped"},{"time":1.0333,"x":3.15,"y":3.15}]},"wave_main2":{"translate":[{"time":0.7,"x":-29.22,"y":129.25,"curve":"stepped"},{"time":1.1,"x":-428.61,"y":153.5}],"scale":[{"time":0.7,"x":3.15,"y":3.15,"curve":"stepped"},{"time":1.1,"x":3.15,"y":3.15}]},"wave_main3":{"translate":[{"time":0.7666,"x":-343.94,"y":141.62,"curve":"stepped"},{"time":1.1666,"x":-81.08,"y":133.96}],"scale":[{"time":0.7666,"x":3.15,"y":3.15,"curve":"stepped"},{"time":1.1666,"x":3.15,"y":3.15}]},"wave_main5":{"translate":[{"time":0.9,"x":-144.18,"y":144.18}],"scale":[{"time":0.9,"x":3.15,"y":3.15}]},"wave_main6":{"translate":[{"time":0.9666,"x":-501.46,"y":135.25}],"scale":[{"time":0.9666,"x":3.15,"y":3.15}]},"DAMAGEAREA":{"translate":[{"time":0.7,"x":98.5,"y":700.7},{"time":0.8666,"x":-1,"y":700.7}],"scale":[{"time":0.7,"x":3.645,"y":12.56},{"time":0.7666,"x":6.663,"y":10.94},{"time":0.8666,"x":8.597,"y":10.94}]}},"events":[{"time":0,"name":"Event","float":0.1,"string":"kHitStopType_enemyonly"},{"time":0.3,"name":"Event","string":"setPosition_Center"},{"time":0.3333,"name":"Event","string":"setInvincibleTime(2)"},{"time":0.3666,"name":"Event","string":"blackOutBack(0.5,2,1)"},{"time":0.4,"name":"Voice","string":"cri_205_voice_fullarts_rank5"},{"time":0.6333,"name":"Event","string":"shakeGround"},{"time":0.6333,"name":"Sound1","string":"cri_se_battle_darkness_explosion"},{"time":0.6333,"name":"Sound2","string":"setHitSound(se_battle_thrustviolently)"},{"time":0.6333,"name":"Sound3","string":"cri_se_battle_sword_heavy_hit"},{"time":0.7,"name":"Sound2","string":"cri_se_battle_037_explosion_element_05"},{"time":0.7333,"name":"Sound3","string":"cri_se_battle_026_stab"},{"time":0.7666,"name":"Event","string":"shakeGround"},{"time":0.7666,"name":"Hit","string":"resetHitList"},{"time":0.8333,"name":"Hit","string":"resetHitList"},{"time":0.8333,"name":"Sound3","string":"cri_se_battle_sword_heavy_hit"},{"time":0.9,"name":"Event","string":"shakeGround"},{"time":0.9,"name":"Hit","string":"resetHitList"},{"time":0.9333,"name":"Sound3","string":"cri_se_battle_026_stab"},{"time":0.9666,"name":"Hit","string":"resetHitList"},{"time":1,"name":"Event","string":"blackOutBack(0,2,1)"},{"time":1.0333,"name":"Event","string":"shakeGround"},{"time":1.0333,"name":"Hit","string":"resetHitList"},{"time":1.0333,"name":"Sound3","string":"cri_se_battle_sword_heavy_hit"},{"time":1.1,"name":"Hit","string":"resetHitList"},{"time":1.1333,"name":"Event","string":"shakeGround"},{"time":1.1333,"name":"Sound3","string":"cri_se_battle_026_stab"},{"time":1.1666,"name":"Event","float":0.3,"string":"kHitStopType_normal"},{"time":1.1666,"name":"Hit","string":"resetHitList"},{"time":1.2,"name":"Sound1","string":"cri_se_battle_skill_swish"},{"time":1.2333,"name":"Sound3","string":"cri_se_battle_026_stab"},{"time":1.2666,"name":"Event","string":"shakeGround"},{"time":1.3333,"name":"Hit","string":"resetHitList"},{"time":1.5333,"name":"Event","string":"setInvincibleTime(0)"},{"time":1.6666,"name":"Sound1","string":"cri_se_battle_sword_srash"},{"time":1.7666,"name":"Event","string":"shakeGround"},{"time":1.8,"name":"Event","float":0.3,"string":"kHitStopType_normal"},{"time":1.8,"name":"Sound1","string":"setHitSound(se_battle_sword_srash_02)"},{"time":1.8333,"name":"Hit","string":"resetHitList"},{"time":1.8333,"name":"Sound1","string":"cri_se_battle_sword_srash"},{"time":1.8666,"name":"Event","string":"blackOutBack(0,0.1,0.5)"}]},"skll2":{"slots":{"EF/ef_aura_main/ef_aura_main_00003":{"color":[{"time":2.8333,"color":"ffffff00"}]},"EF/ef_wave_main/ef_wave_main_00005":{"attachment":[{"time":0.6333,"name":"EF/ef_wave_main/ef_wave_main_00005"},{"time":0.6666,"name":"EF/ef_wave_main/ef_wave_main_00006"},{"time":0.7,"name":"EF/ef_wave_main/ef_wave_main_00007"},{"time":0.7333,"name":"EF/ef_wave_main/ef_wave_main_00008"},{"time":0.7666,"name":"EF/ef_wave_main/ef_wave_main_00009"},{"time":0.8,"name":"EF/ef_wave_main/ef_wave_main_00010"},{"time":0.8333,"name":"EF/ef_wave_main/ef_wave_main_00011"},{"time":0.8666,"name":"EF/ef_wave_main/ef_wave_main_00012"},{"time":0.9,"name":"EF/ef_wave_main/ef_wave_main_00013"},{"time":0.9333,"name":"EF/ef_wave_main/ef_wave_main_00014"},{"time":0.9666,"name":"EF/ef_wave_main/ef_wave_main_00015"},{"time":1,"name":null},{"time":1.2333,"name":"EF/ef_wave_main/ef_wave_main_00005"},{"time":1.2666,"name":"EF/ef_wave_main/ef_wave_main_00006"},{"time":1.3,"name":"EF/ef_wave_main/ef_wave_main_00007"},{"time":1.3333,"name":"EF/ef_wave_main/ef_wave_main_00008"},{"time":1.3666,"name":"EF/ef_wave_main/ef_wave_main_00009"},{"time":1.4,"name":"EF/ef_wave_main/ef_wave_main_00010"},{"time":1.4333,"name":"EF/ef_wave_main/ef_wave_main_00011"},{"time":1.4666,"name":"EF/ef_wave_main/ef_wave_main_00012"},{"time":1.5,"name":"EF/ef_wave_main/ef_wave_main_00013"},{"time":1.5333,"name":"EF/ef_wave_main/ef_wave_main_00014"},{"time":1.5666,"name":"EF/ef_wave_main/ef_wave_main_00015"},{"time":1.6,"name":null}]},"EF/ef_wave_main/ef_wave_main_5":{"attachment":[{"time":0.7,"name":"EF/ef_wave_main/ef_wave_main_00005"},{"time":0.7333,"name":"EF/ef_wave_main/ef_wave_main_00006"},{"time":0.7666,"name":"EF/ef_wave_main/ef_wave_main_00007"},{"time":0.8,"name":"EF/ef_wave_main/ef_wave_main_00008"},{"time":0.8333,"name":"EF/ef_wave_main/ef_wave_main_00009"},{"time":0.8666,"name":"EF/ef_wave_main/ef_wave_main_00010"},{"time":0.9,"name":"EF/ef_wave_main/ef_wave_main_00011"},{"time":0.9333,"name":"EF/ef_wave_main/ef_wave_main_00012"},{"time":0.9666,"name":"EF/ef_wave_main/ef_wave_main_00013"},{"time":1,"name":"EF/ef_wave_main/ef_wave_main_00014"},{"time":1.0333,"name":"EF/ef_wave_main/ef_wave_main_00005"},{"time":1.0666,"name":"EF/ef_wave_main/ef_wave_main_00006"},{"time":1.1,"name":"EF/ef_wave_main/ef_wave_main_00007"},{"time":1.1333,"name":"EF/ef_wave_main/ef_wave_main_00008"},{"time":1.1666,"name":"EF/ef_wave_main/ef_wave_main_00009"},{"time":1.2,"name":"EF/ef_wave_main/ef_wave_main_00010"},{"time":1.2333,"name":"EF/ef_wave_main/ef_wave_main_00011"},{"time":1.2666,"name":"EF/ef_wave_main/ef_wave_main_00012"},{"time":1.3,"name":"EF/ef_wave_main/ef_wave_main_00013"},{"time":1.3333,"name":"EF/ef_wave_main/ef_wave_main_00014"},{"time":1.3666,"name":"EF/ef_wave_main/ef_wave_main_00005"},{"time":1.4,"name":"EF/ef_wave_main/ef_wave_main_00006"},{"time":1.4333,"name":"EF/ef_wave_main/ef_wave_main_00007"},{"time":1.4666,"name":"EF/ef_wave_main/ef_wave_main_00008"},{"time":1.5,"name":"EF/ef_wave_main/ef_wave_main_00009"},{"time":1.5333,"name":"EF/ef_wave_main/ef_wave_main_00010"},{"time":1.5666,"name":"EF/ef_wave_main/ef_wave_main_00011"},{"time":1.6,"name":"EF/ef_wave_main/ef_wave_main_00012"},{"time":1.6333,"name":"EF/ef_wave_main/ef_wave_main_00013"},{"time":1.6666,"name":"EF/ef_wave_main/ef_wave_main_00014"},{"time":1.7,"name":"EF/ef_wave_main/ef_wave_main_00015"},{"time":1.7333,"name":null}]},"EF/ef_wave_main/ef_wave_main_6":{"attachment":[{"time":0.7666,"name":"EF/ef_wave_main/ef_wave_main_00005"},{"time":0.8,"name":"EF/ef_wave_main/ef_wave_main_00006"},{"time":0.8333,"name":"EF/ef_wave_main/ef_wave_main_00007"},{"time":0.8666,"name":"EF/ef_wave_main/ef_wave_main_00008"},{"time":0.9,"name":"EF/ef_wave_main/ef_wave_main_00009"},{"time":0.9333,"name":"EF/ef_wave_main/ef_wave_main_00010"},{"time":0.9666,"name":"EF/ef_wave_main/ef_wave_main_00011"},{"time":1,"name":"EF/ef_wave_main/ef_wave_main_00012"},{"time":1.0333,"name":"EF/ef_wave_main/ef_wave_main_00013"},{"time":1.0666,"name":"EF/ef_wave_main/ef_wave_main_00014"},{"time":1.1,"name":"EF/ef_wave_main/ef_wave_main_00005"},{"time":1.1333,"name":"EF/ef_wave_main/ef_wave_main_00006"},{"time":1.1666,"name":"EF/ef_wave_main/ef_wave_main_00007"},{"time":1.2,"name":"EF/ef_wave_main/ef_wave_main_00008"},{"time":1.2333,"name":"EF/ef_wave_main/ef_wave_main_00009"},{"time":1.2666,"name":"EF/ef_wave_main/ef_wave_main_00010"},{"time":1.3,"name":"EF/ef_wave_main/ef_wave_main_00011"},{"time":1.3333,"name":"EF/ef_wave_main/ef_wave_main_00012"},{"time":1.3666,"name":"EF/ef_wave_main/ef_wave_main_00013"},{"time":1.4,"name":"EF/ef_wave_main/ef_wave_main_00014"},{"time":1.4333,"name":"EF/ef_wave_main/ef_wave_main_00005"},{"time":1.4666,"name":"EF/ef_wave_main/ef_wave_main_00006"},{"time":1.5,"name":"EF/ef_wave_main/ef_wave_main_00007"},{"time":1.5333,"name":"EF/ef_wave_main/ef_wave_main_00008"},{"time":1.5666,"name":"EF/ef_wave_main/ef_wave_main_00009"},{"time":1.6,"name":"EF/ef_wave_main/ef_wave_main_00010"},{"time":1.6333,"name":"EF/ef_wave_main/ef_wave_main_00011"},{"time":1.6666,"name":"EF/ef_wave_main/ef_wave_main_00012"},{"time":1.7,"name":"EF/ef_wave_main/ef_wave_main_00013"},{"time":1.7333,"name":"EF/ef_wave_main/ef_wave_main_00014"},{"time":1.7666,"name":"EF/ef_wave_main/ef_wave_main_00015"},{"time":1.8,"name":null}]},"EF/ef_wave_main/ef_wave_main_7":{"attachment":[{"time":0.8333,"name":"EF/ef_wave_main/ef_wave_main_00005"},{"time":0.8666,"name":"EF/ef_wave_main/ef_wave_main_00006"},{"time":0.9,"name":"EF/ef_wave_main/ef_wave_main_00007"},{"time":0.9333,"name":"EF/ef_wave_main/ef_wave_main_00008"},{"time":0.9666,"name":"EF/ef_wave_main/ef_wave_main_00009"},{"time":1,"name":"EF/ef_wave_main/ef_wave_main_00010"},{"time":1.0333,"name":"EF/ef_wave_main/ef_wave_main_00011"},{"time":1.0666,"name":"EF/ef_wave_main/ef_wave_main_00012"},{"time":1.1,"name":"EF/ef_wave_main/ef_wave_main_00013"},{"time":1.1333,"name":"EF/ef_wave_main/ef_wave_main_00014"},{"time":1.1666,"name":"EF/ef_wave_main/ef_wave_main_00005"},{"time":1.2,"name":"EF/ef_wave_main/ef_wave_main_00006"},{"time":1.2333,"name":"EF/ef_wave_main/ef_wave_main_00007"},{"time":1.2666,"name":"EF/ef_wave_main/ef_wave_main_00008"},{"time":1.3,"name":"EF/ef_wave_main/ef_wave_main_00009"},{"time":1.3333,"name":"EF/ef_wave_main/ef_wave_main_00010"},{"time":1.3666,"name":"EF/ef_wave_main/ef_wave_main_00011"},{"time":1.4,"name":"EF/ef_wave_main/ef_wave_main_00012"},{"time":1.4333,"name":"EF/ef_wave_main/ef_wave_main_00013"},{"time":1.4666,"name":"EF/ef_wave_main/ef_wave_main_00014"},{"time":1.5,"name":"EF/ef_wave_main/ef_wave_main_00015"},{"time":1.5333,"name":null}]},"EF/ef_wave_main/ef_wave_main_8":{"attachment":[{"time":0.9,"name":"EF/ef_wave_main/ef_wave_main_00005"},{"time":0.9333,"name":"EF/ef_wave_main/ef_wave_main_00006"},{"time":0.9666,"name":"EF/ef_wave_main/ef_wave_main_00007"},{"time":1,"name":"EF/ef_wave_main/ef_wave_main_00008"},{"time":1.0333,"name":"EF/ef_wave_main/ef_wave_main_00009"},{"time":1.0666,"name":"EF/ef_wave_main/ef_wave_main_00010"},{"time":1.1,"name":"EF/ef_wave_main/ef_wave_main_00011"},{"time":1.1333,"name":"EF/ef_wave_main/ef_wave_main_00012"},{"time":1.1666,"name":"EF/ef_wave_main/ef_wave_main_00013"},{"time":1.2,"name":"EF/ef_wave_main/ef_wave_main_00014"},{"time":1.2333,"name":"EF/ef_wave_main/ef_wave_main_00015"},{"time":1.2666,"name":null}]},"EF/ef_wave_main/ef_wave_main_9":{"attachment":[{"time":0.9666,"name":"EF/ef_wave_main/ef_wave_main_00005"},{"time":1,"name":"EF/ef_wave_main/ef_wave_main_00006"},{"time":1.0333,"name":"EF/ef_wave_main/ef_wave_main_00007"},{"time":1.0666,"name":"EF/ef_wave_main/ef_wave_main_00008"},{"time":1.1,"name":"EF/ef_wave_main/ef_wave_main_00009"},{"time":1.1333,"name":"EF/ef_wave_main/ef_wave_main_00010"},{"time":1.1666,"name":"EF/ef_wave_main/ef_wave_main_00011"},{"time":1.2,"name":"EF/ef_wave_main/ef_wave_main_00012"},{"time":1.2333,"name":"EF/ef_wave_main/ef_wave_main_00013"},{"time":1.2666,"name":"EF/ef_wave_main/ef_wave_main_00014"},{"time":1.3,"name":"EF/ef_wave_main/ef_wave_main_00015"},{"time":1.3333,"name":null}]},"EF/lightning/130_S1_lightning1_00001":{"attachment":[{"time":0.0666,"name":"EF/lightning/130_S1_lightning1_00002"},{"time":0.1333,"name":"EF/lightning/130_S1_lightning1_00003"},{"time":0.2,"name":"EF/lightning/130_S1_lightning1_00004"}],"color":[{"time":0.0666,"color":"ffffffff"},{"time":0.2333,"color":"ffffff00","curve":"stepped"},{"time":1.5333,"color":"ffffff00"},{"time":1.7,"color":"ffffffff"},{"time":1.8,"color":"ffffff00","curve":"stepped"},{"time":1.8333,"color":"ffffffff"},{"time":2.2,"color":"ffffff00"}]},"MAIN":{"attachment":[{"time":0,"name":"idle_01"},{"time":0.0333,"name":"idle_02"},{"time":0.0666,"name":"back_00"},{"time":0.4,"name":"idle_04"},{"time":1.4666,"name":"skill2_00"},{"time":1.8333,"name":"skill2_01"},{"time":1.8666,"name":"skill2_02"},{"time":1.9333,"name":"skill2_03"},{"time":2.3,"name":"back_00"},{"time":2.7,"name":"idle_03"},{"time":2.8333,"name":"idle_04"},{"time":3.0333,"name":null}],"color":[{"time":0.0666,"color":"ffffffff"},{"time":0.1666,"color":"ffffff00","curve":"stepped"},{"time":0.3,"color":"ffffff00","curve":"stepped"},{"time":1.5333,"color":"ffffff00"},{"time":1.8,"color":"ffffffff","curve":"stepped"},{"time":2.3,"color":"ffffffff"},{"time":2.4333,"color":"ffffff00","curve":"stepped"},{"time":2.7,"color":"ffffff00"},{"time":2.8666,"color":"ffffffff"}]}},"bones":{"MAIN":{"translate":[{"time":0.0333,"x":0,"y":0,"curve":"stepped"},{"time":0.0666,"x":0,"y":0,"curve":[0.153,0.88,0.562,1]},{"time":0.4,"x":130.56,"y":18.87,"curve":"stepped"},{"time":1.4666,"x":197.28,"y":-12.71,"curve":[0.155,0.71,0.75,1]},{"time":1.8,"x":79.49,"y":70.5,"curve":"stepped"},{"time":1.8333,"x":0,"y":3.14,"curve":[0.123,0.94,0.291,1]},{"time":2.2666,"x":-16.51,"y":3.14,"curve":"stepped"},{"time":2.3,"x":0,"y":0,"curve":[0.182,0.58,0.548,0.86]},{"time":2.5,"x":123.01,"y":17.78,"curve":"stepped"},{"time":2.7,"x":-12.19,"y":0,"curve":"stepped"},{"time":2.7333,"x":-12.19,"y":0,"curve":[0.185,0.77,0.75,1]},{"time":2.8333,"x":0,"y":0}],"scale":[{"time":2.7,"x":1,"y":1}]},"wave_main":{"translate":[{"time":0.6333,"x":-215.61,"y":139.77,"curve":"stepped"},{"time":1.2333,"x":-558.81,"y":130.02}],"scale":[{"time":0.6333,"x":3.15,"y":3.15,"curve":"stepped"},{"time":1.2333,"x":3.15,"y":3.15}]},"wave_main2":{"translate":[{"time":0.7,"x":-30.66,"y":131.31,"curve":"stepped"},{"time":1.0333,"x":-288.06,"y":137.15,"curve":"stepped"},{"time":1.3666,"x":-367.51,"y":105.37}],"scale":[{"time":0.7,"x":3.15,"y":3.15,"curve":"stepped"},{"time":1.0333,"x":3.15,"y":3.15,"curve":"stepped"},{"time":1.3666,"x":3.15,"y":3.15}]},"wave_main3":{"translate":[{"time":0.7666,"x":-350.02,"y":132.76,"curve":"stepped"},{"time":1.1,"x":-426.08,"y":126.91,"curve":"stepped"},{"time":1.4333,"x":10.89,"y":108.75}],"scale":[{"time":0.7666,"x":3.15,"y":3.15,"curve":"stepped"},{"time":1.1,"x":3.15,"y":3.15,"curve":"stepped"},{"time":1.4333,"x":3.15,"y":3.15}]},"wave_main4":{"translate":[{"time":0.8333,"x":-678.59,"y":122.84,"curve":"stepped"},{"time":1.1666,"x":-77.99,"y":118.95}],"scale":[{"time":0.8333,"x":3.15,"y":3.15,"curve":"stepped"},{"time":1.1666,"x":3.15,"y":3.15}]},"wave_main5":{"translate":[{"time":0.9,"x":-146.24,"y":144.29}],"scale":[{"time":0.9,"x":3.15,"y":3.15}]},"wave_main6":{"translate":[{"time":0.9666,"x":-512.84,"y":138.44}],"scale":[{"time":0.9666,"x":3.15,"y":3.15}]},"lightning":{"rotate":[{"time":0.0666,"angle":8.01,"curve":"stepped"},{"time":1.5333,"angle":148.29,"curve":"stepped"},{"time":1.8333,"angle":-143.89}],"translate":[{"time":0.0666,"x":-162.85,"y":91.71,"curve":"stepped"},{"time":1.5333,"x":-168.44,"y":89.75,"curve":"stepped"},{"time":1.8333,"x":-224.75,"y":55.47}],"scale":[{"time":0.0666,"x":0.205,"y":0.666,"curve":[0.153,0.88,0.562,1]},{"time":0.4,"x":1.487,"y":0.666,"curve":"stepped"},{"time":1.5333,"x":0.205,"y":0.666,"curve":[0.153,0.88,0.562,1]},{"time":1.8,"x":0.416,"y":0.482,"curve":"stepped"},{"time":1.8333,"x":1.245,"y":0.666},{"time":2.2,"x":0.861,"y":0.666}]}}}}}