{"skeleton":{"hash":"0gy4+aKjEAfmG9FVY29PwXJUFlA","spine":"3.0.12","width":1180,"height":1180},"bones":[{"name":"root"},{"name":"grid","parent":"root"},{"name":"attack_EF_1_3","parent":"root","x":163.56,"y":2.46},{"name":"attack_EF_1_2","parent":"root","x":163.56,"y":2.46},{"name":"attack_EF_1_0","parent":"root","x":163.56,"y":2.46},{"name":"MAIN","parent":"root","y":40.46},{"name":"SHADOW-OFFSET","parent":"MAIN","y":-53.34,"scaleX":2,"scaleY":2},{"name":"HITBOX","parent":"MAIN","y":-53.34},{"name":"DAMAGEAREA","parent":"root"},{"name":"420_S1_dasty1_re","parent":"root","scaleX":2.5,"scaleY":2.5},{"name":"370_S1_wave1_re","parent":"root","scaleX":3,"scaleY":3}],"slots":[{"name":"grid/bg","bone":"grid","color":"c4c4c494"},{"name":"grid/grid","bone":"grid","color":"ffffff95"},{"name":"EF/370_S1_wave1/370_S1_wave1_0","bone":"370_S1_wave1_re","blend":"additive"},{"name":"MAIN","bone":"MAIN","attachment":"idle_00"},{"name":"EF/420_S1_dasty1/420_S1_dasty1_0","bone":"420_S1_dasty1_re","blend":"additive"},{"name":"EF_re/L_attackEF_1","bone":"attack_EF_1_0","color":"0024ffff","blend":"additive"},{"name":"EF_re/L_attackEF_4","bone":"attack_EF_1_2","color":"0024ffff","blend":"additive"},{"name":"EF_re/L_attackEF_7","bone":"attack_EF_1_3","color":"0024ffff","blend":"additive"},{"name":"EF_re/L_attackEF_2","bone":"attack_EF_1_0","color":"0024ffff","blend":"additive"},{"name":"EF_re/L_attackEF_5","bone":"attack_EF_1_2","color":"0024ffff","blend":"additive"},{"name":"EF_re/L_attackEF_8","bone":"attack_EF_1_3","color":"0024ffff","blend":"additive"},{"name":"EF_re/L_attackEF_3","bone":"attack_EF_1_0","color":"0024ffff","blend":"additive"},{"name":"EF_re/L_attackEF_6","bone":"attack_EF_1_2","color":"0024ffff","blend":"additive"},{"name":"EF_re/L_attackEF_9","bone":"attack_EF_1_3","color":"0024ffff","blend":"additive"},{"name":"HITBOX","bone":"HITBOX","attachment":"HITBOX"},{"name":"DAMAGEAREA","bone":"DAMAGEAREA"}],"skins":{"default":{"DAMAGEAREA":{"DAMAGEAREA":{"type":"boundingbox","vertices":[-99.62878,-97.55643,96.3071,-97.55643,101.33109,99.63554,-97.11685,100.89155]}},"EF/370_S1_wave1/370_S1_wave1_0":{"EF/370_S1_wave1/370_S1_wave1_00000":{"y":23,"width":450,"height":450},"EF/370_S1_wave1/370_S1_wave1_00001":{"y":23,"width":450,"height":450},"EF/370_S1_wave1/370_S1_wave1_00002":{"y":23,"width":450,"height":450},"EF/370_S1_wave1/370_S1_wave1_00003":{"y":23,"width":450,"height":450},"EF/370_S1_wave1/370_S1_wave1_00004":{"y":23,"width":450,"height":450},"EF/370_S1_wave1/370_S1_wave1_00005":{"y":23,"width":450,"height":450},"EF/370_S1_wave1/370_S1_wave1_00006":{"y":23,"width":450,"height":450},"EF/370_S1_wave1/370_S1_wave1_00007":{"y":23,"width":450,"height":450},"EF/370_S1_wave1/370_S1_wave1_00008":{"y":23,"width":450,"height":450},"EF/370_S1_wave1/370_S1_wave1_00009":{"y":23,"width":450,"height":450}},"EF/420_S1_dasty1/420_S1_dasty1_0":{"EF/420_S1_dasty1/420_S1_dasty1_00000":{"y":45,"width":256,"height":256},"EF/420_S1_dasty1/420_S1_dasty1_00002":{"y":45,"width":256,"height":256},"EF/420_S1_dasty1/420_S1_dasty1_00004":{"y":45,"width":256,"height":256},"EF/420_S1_dasty1/420_S1_dasty1_00006":{"y":45,"width":256,"height":256},"EF/420_S1_dasty1/420_S1_dasty1_00008":{"y":45,"width":256,"height":256},"EF/420_S1_dasty1/420_S1_dasty1_00010":{"y":45,"width":256,"height":256},"EF/420_S1_dasty1/420_S1_dasty1_00012":{"y":45,"width":256,"height":256}},"EF_re/L_attackEF_1":{"EF_re/L_attackEF_1":{"x":63.69,"y":81.27,"scaleX":2,"scaleY":2,"width":128,"height":128}},"EF_re/L_attackEF_2":{"EF_re/L_attackEF_2":{"x":63.69,"y":81.27,"scaleX":2,"scaleY":2,"width":128,"height":128}},"EF_re/L_attackEF_3":{"EF_re/L_attackEF_3":{"x":63.69,"y":81.27,"scaleX":2,"scaleY":2,"width":128,"height":128}},"EF_re/L_attackEF_4":{"EF_re/L_attackEF_1":{"x":63.69,"y":81.27,"scaleX":2,"scaleY":2,"width":128,"height":128}},"EF_re/L_attackEF_5":{"EF_re/L_attackEF_2":{"x":63.69,"y":81.27,"scaleX":2,"scaleY":2,"width":128,"height":128}},"EF_re/L_attackEF_6":{"EF_re/L_attackEF_3":{"x":63.69,"y":81.27,"scaleX":2,"scaleY":2,"width":128,"height":128}},"EF_re/L_attackEF_7":{"EF_re/L_attackEF_1":{"x":63.69,"y":81.27,"scaleX":2,"scaleY":2,"width":128,"height":128}},"EF_re/L_attackEF_8":{"EF_re/L_attackEF_2":{"x":63.69,"y":81.27,"scaleX":2,"scaleY":2,"width":128,"height":128}},"EF_re/L_attackEF_9":{"EF_re/L_attackEF_3":{"x":63.69,"y":81.27,"scaleX":2,"scaleY":2,"width":128,"height":128}},"HITBOX":{"HITBOX":{"type":"boundingbox","vertices":[-69.90989,9.52647,68.90012,8.27049,71.41218,108.7505,-68.65388,110.00647]}},"MAIN":{"attack_00":{"x":13.53,"y":162.73,"width":700,"height":700},"attack_01":{"x":13.53,"y":162.73,"width":700,"height":700},"attack_02":{"x":13.53,"y":162.73,"width":700,"height":700},"attack_03":{"x":13.53,"y":162.73,"width":700,"height":700},"attack_04":{"x":13.53,"y":162.73,"width":700,"height":700},"attack_05":{"x":13.53,"y":162.73,"width":700,"height":700},"attack_06":{"x":13.53,"y":162.73,"width":700,"height":700},"attack_07":{"x":13.53,"y":162.73,"width":700,"height":700},"attack_08":{"x":13.53,"y":162.73,"width":700,"height":700},"attack_09":{"x":13.53,"y":162.73,"width":700,"height":700},"attack_10":{"x":13.53,"y":162.73,"width":700,"height":700},"attack_14":{"x":13.53,"y":162.73,"width":700,"height":700},"attack_17":{"x":13.53,"y":162.73,"width":700,"height":700},"attack_18":{"x":13.53,"y":162.73,"width":700,"height":700},"back_00":{"x":13.53,"y":162.73,"width":700,"height":700},"damage_00":{"x":13.53,"y":162.73,"width":700,"height":700},"front_00":{"x":13.53,"y":162.73,"width":700,"height":700},"idle_00":{"x":13.53,"y":162.73,"width":700,"height":700},"idle_01":{"x":13.53,"y":162.73,"width":700,"height":700},"idle_02":{"x":13.53,"y":162.73,"width":700,"height":700},"idle_03":{"x":13.53,"y":162.73,"width":700,"height":700},"idle_04":{"x":13.53,"y":162.73,"width":700,"height":700},"skill1_01":{"x":13.53,"y":162.73,"width":700,"height":700},"skill1_02":{"x":13.53,"y":162.73,"width":700,"height":700},"skill1_03":{"x":13.53,"y":162.73,"width":700,"height":700},"skill1_04":{"x":13.53,"y":162.73,"width":700,"height":700},"skill1_05":{"x":13.53,"y":107.58,"width":700,"height":700},"skill1_06":{"x":13.53,"y":137.55,"width":700,"height":700},"skill1_07":{"x":13.53,"y":162.73,"width":700,"height":700},"skill1_08":{"x":13.53,"y":162.73,"width":700,"height":700},"skill2_04":{"x":76.63,"y":7.01,"scaleX":2,"scaleY":2,"width":230,"height":120},"skill2_05":{"x":76.63,"y":7.01,"scaleX":2,"scaleY":2,"width":230,"height":120},"skill2_06":{"x":76.63,"y":7.01,"scaleX":2,"scaleY":2,"width":230,"height":120}}}},"events":{"Event":{},"Hit":{},"HitEffect":{},"sound_1":{},"sound_2":{},"sound_3":{},"sound_4":{},"voice":{}},"animations":{"attack1":{"slots":{"DAMAGEAREA":{"attachment":[{"time":0.2666,"name":"DAMAGEAREA"},{"time":0.3333,"name":null},{"time":0.6333,"name":"DAMAGEAREA"},{"time":0.7,"name":null},{"time":1.5,"name":"DAMAGEAREA"},{"time":1.5666,"name":null}]},"EF_re/L_attackEF_1":{"attachment":[{"time":0.2666,"name":"EF_re/L_attackEF_1"},{"time":0.3,"name":null},{"time":0.3666,"name":null},{"time":0.6333,"name":"EF_re/L_attackEF_1"},{"time":0.6666,"name":null},{"time":0.7333,"name":null},{"time":1.5,"name":"EF_re/L_attackEF_1"},{"time":1.5333,"name":null},{"time":1.5666,"name":null},{"time":1.6,"name":null}],"color":[{"time":1.6,"color":"0064ffff"}]},"EF_re/L_attackEF_2":{"attachment":[{"time":0.3,"name":"EF_re/L_attackEF_2"},{"time":0.3333,"name":null},{"time":0.3666,"name":null},{"time":0.6333,"name":null},{"time":0.6666,"name":"EF_re/L_attackEF_2"},{"time":0.7,"name":null},{"time":1.5333,"name":"EF_re/L_attackEF_2"},{"time":1.5666,"name":null},{"time":1.6,"name":null}],"color":[{"time":1.6,"color":"0064ffff"}]},"EF_re/L_attackEF_3":{"attachment":[{"time":0.3333,"name":"EF_re/L_attackEF_3"},{"time":0.3666,"name":null},{"time":0.6333,"name":null},{"time":0.7,"name":"EF_re/L_attackEF_3"},{"time":0.7333,"name":null},{"time":1.5666,"name":"EF_re/L_attackEF_3"},{"time":1.6,"name":null}],"color":[{"time":1.6,"color":"0064ffff"}]},"EF_re/L_attackEF_4":{"attachment":[{"time":0.2666,"name":"EF_re/L_attackEF_1"},{"time":0.3,"name":null},{"time":0.6333,"name":"EF_re/L_attackEF_1"},{"time":0.6666,"name":null},{"time":1.5,"name":"EF_re/L_attackEF_1"},{"time":1.5333,"name":null}],"color":[{"time":1.6,"color":"0064ffff"}]},"EF_re/L_attackEF_5":{"attachment":[{"time":0.3,"name":"EF_re/L_attackEF_2"},{"time":0.3333,"name":null},{"time":0.6333,"name":null},{"time":0.6666,"name":"EF_re/L_attackEF_2"},{"time":0.7,"name":null},{"time":1.5333,"name":"EF_re/L_attackEF_2"},{"time":1.5666,"name":null}],"color":[{"time":1.6,"color":"0064ffff"}]},"EF_re/L_attackEF_6":{"attachment":[{"time":0.3333,"name":"EF_re/L_attackEF_3"},{"time":0.3666,"name":null},{"time":0.7,"name":"EF_re/L_attackEF_3"},{"time":0.7333,"name":null},{"time":1.5666,"name":"EF_re/L_attackEF_3"},{"time":1.6,"name":null}],"color":[{"time":1.6,"color":"0064ffff"}]},"EF_re/L_attackEF_7":{"attachment":[{"time":0.2666,"name":"EF_re/L_attackEF_1"},{"time":0.3,"name":null},{"time":0.6333,"name":"EF_re/L_attackEF_1"},{"time":0.6666,"name":null},{"time":1.5,"name":"EF_re/L_attackEF_1"},{"time":1.5333,"name":null}],"color":[{"time":1.6,"color":"0064ffff"}]},"EF_re/L_attackEF_8":{"attachment":[{"time":0.3,"name":"EF_re/L_attackEF_2"},{"time":0.3333,"name":null},{"time":0.6666,"name":"EF_re/L_attackEF_2"},{"time":0.7,"name":null},{"time":1.5333,"name":"EF_re/L_attackEF_2"},{"time":1.5666,"name":null}],"color":[{"time":1.6,"color":"0064ffff"}]},"EF_re/L_attackEF_9":{"attachment":[{"time":0.3333,"name":"EF_re/L_attackEF_3"},{"time":0.3666,"name":null},{"time":0.7,"name":"EF_re/L_attackEF_3"},{"time":0.7333,"name":null},{"time":1.5666,"name":"EF_re/L_attackEF_3"},{"time":1.6,"name":null}],"color":[{"time":1.6,"color":"0064ffff"}]},"MAIN":{"attachment":[{"time":0,"name":"attack_00"},{"time":0.1,"name":"attack_01"},{"time":0.1333,"name":"attack_02"},{"time":0.2666,"name":"attack_03"},{"time":0.3,"name":"attack_04"},{"time":0.4333,"name":"attack_05"},{"time":0.4666,"name":"attack_06"},{"time":0.5,"name":"attack_07"},{"time":0.6333,"name":"attack_08"},{"time":0.6666,"name":"attack_09"},{"time":0.7,"name":"attack_10"},{"time":0.9,"name":"back_00"},{"time":1.0666,"name":"idle_00"},{"time":1.1666,"name":"idle_01"},{"time":1.3333,"name":"attack_14"},{"time":1.5,"name":"attack_03"},{"time":1.5333,"name":"attack_04"},{"time":1.5666,"name":"attack_17"},{"time":1.6,"name":"attack_18"},{"time":1.7666,"name":"back_00"},{"time":1.8333,"name":"idle_00"}]}},"bones":{"MAIN":{"translate":[{"time":0,"x":0,"y":0,"curve":"stepped"},{"time":0.2666,"x":-46.7,"y":-2.83,"curve":"stepped"},{"time":0.6333,"x":-53.77,"y":-2.83,"curve":"stepped"},{"time":0.6666,"x":-65.1,"y":-2.83,"curve":"stepped"},{"time":0.7,"x":-66.51,"y":-2.83,"curve":"stepped"},{"time":0.9,"x":-29.71,"y":23.31,"curve":[0.241,0.84,0.75,1]},{"time":1.1666,"x":139.3,"y":3.97,"curve":"stepped"},{"time":1.3333,"x":59.9,"y":-2.83},{"time":1.4666,"x":-106.99,"y":-2.83,"curve":"stepped"},{"time":1.5,"x":-100,"y":-2.83,"curve":"stepped"},{"time":1.5666,"x":-97,"y":-2.83,"curve":"stepped"},{"time":1.6,"x":-93.5,"y":-2.83,"curve":"stepped"},{"time":1.7666,"x":-92,"y":3.66,"curve":[0.265,0.42,0.614,0.75]},{"time":1.8333,"x":-15,"y":0,"curve":"stepped"},{"time":1.9,"x":-15,"y":0}]},"attack_EF_1_0":{"rotate":[{"time":0.2666,"angle":28.19,"curve":"stepped"},{"time":0.3,"angle":25.36,"curve":"stepped"},{"time":0.3333,"angle":-7.46,"curve":"stepped"},{"time":0.6333,"angle":-46.14,"curve":"stepped"},{"time":0.7,"angle":-34.51,"curve":"stepped"},{"time":1.5,"angle":28.19,"curve":"stepped"},{"time":1.5333,"angle":25.36,"curve":"stepped"},{"time":1.5666,"angle":6.93}],"translate":[{"time":0.2666,"x":-270.29,"y":-5.42,"curve":"stepped"},{"time":0.6333,"x":-364.82,"y":-9.45,"curve":"stepped"},{"time":0.6666,"x":-373.19,"y":-16.53,"curve":"stepped"},{"time":0.7,"x":-371.26,"y":-23.62,"curve":"stepped"},{"time":1.5,"x":-308.78,"y":5.7,"curve":"stepped"},{"time":1.5666,"x":-300.7,"y":-5.42}],"scale":[{"time":0.2666,"x":0.852,"y":0.936,"curve":"stepped"},{"time":0.3,"x":0.852,"y":0.978,"curve":"stepped"},{"time":0.6333,"x":0.407,"y":1.295,"curve":"stepped"},{"time":1.5,"x":0.852,"y":0.936,"curve":"stepped"},{"time":1.5333,"x":0.852,"y":0.978}]},"attack_EF_1_3":{"rotate":[{"time":0.2666,"angle":29.24,"curve":"stepped"},{"time":0.3,"angle":26.84,"curve":"stepped"},{"time":0.3333,"angle":20.64,"curve":"stepped"},{"time":0.6333,"angle":-34.71,"curve":"stepped"},{"time":0.7,"angle":-19.85,"curve":"stepped"},{"time":1.5,"angle":29.24,"curve":"stepped"},{"time":1.5333,"angle":26.84,"curve":"stepped"},{"time":1.5666,"angle":20.64}],"translate":[{"time":0.2666,"x":-289.27,"y":-11.49,"curve":"stepped"},{"time":0.6333,"x":-362.83,"y":-15.36,"curve":"stepped"},{"time":0.6666,"x":-371.2,"y":-22.44,"curve":"stepped"},{"time":0.7,"x":-369.27,"y":-29.52,"curve":"stepped"},{"time":1.5,"x":-329.24,"y":-11.49,"curve":"stepped"},{"time":1.5666,"x":-319.67,"y":-11.49}],"scale":[{"time":0.2666,"x":0.795,"y":0.911,"curve":"stepped"},{"time":0.6333,"x":0.544,"y":1.234,"curve":"stepped"},{"time":1.5,"x":0.795,"y":0.911}]},"attack_EF_1_2":{"rotate":[{"time":0.2666,"angle":1.36,"curve":"stepped"},{"time":0.3,"angle":3.52,"curve":"stepped"},{"time":0.3333,"angle":19.98,"curve":"stepped"},{"time":0.6333,"angle":-19.34,"curve":"stepped"},{"time":0.7,"angle":-3.8,"curve":"stepped"},{"time":1.5,"angle":1.36,"curve":"stepped"},{"time":1.5333,"angle":3.52,"curve":"stepped"},{"time":1.5666,"angle":19.98}],"translate":[{"time":0.2666,"x":-289.99,"y":-9.86,"curve":"stepped"},{"time":0.3333,"x":-280.95,"y":-7.84,"curve":"stepped"},{"time":0.6333,"x":-357.62,"y":-17.23,"curve":"stepped"},{"time":0.6666,"x":-365.99,"y":-24.31,"curve":"stepped"},{"time":0.7,"x":-364.06,"y":-31.4,"curve":"stepped"},{"time":1.5,"x":-329.97,"y":-9.86,"curve":"stepped"},{"time":1.5666,"x":-320.4,"y":-9.86}],"scale":[{"time":0.2666,"x":0.605,"y":1.145,"curve":"stepped"},{"time":0.3,"x":0.519,"y":1.018,"curve":"stepped"},{"time":0.6333,"x":0.642,"y":1.085,"curve":"stepped"},{"time":1.5,"x":0.605,"y":1.145,"curve":"stepped"},{"time":1.5333,"x":0.519,"y":1.018}]},"DAMAGEAREA":{"translate":[{"time":0.2666,"x":-118.19,"y":59.03},{"time":0.3,"x":-156.73,"y":59.03,"curve":"stepped"},{"time":0.6333,"x":-146.83,"y":46.47},{"time":0.6666,"x":-188.81,"y":46.47,"curve":"stepped"},{"time":1.5,"x":-177.66,"y":61.55}],"scale":[{"time":0.2666,"x":0.857,"y":0.698},{"time":0.3,"x":0.426,"y":0.698,"curve":"stepped"},{"time":0.6333,"x":0.753,"y":0.558},{"time":0.6666,"x":0.372,"y":0.558,"curve":"stepped"},{"time":1.5,"x":0.721,"y":0.62}]},"HITBOX":{"translate":[{"time":1.3333,"x":0,"y":72.81,"curve":"stepped"},{"time":1.5,"x":0,"y":0}]}},"events":[{"time":0.2333,"name":"sound_1","string":"cri_se_battle_skill_shot"},{"time":0.2666,"name":"Event","float":0.1,"string":"kHitStopType_enemyonly"},{"time":0.2666,"name":"sound_1","string":"setHitSound(se_battle_monster_claw)"},{"time":0.2666,"name":"voice","string":"cri_033_voice_attack_a"},{"time":0.6,"name":"sound_1","string":"cri_se_battle_skill_shot"},{"time":0.6333,"name":"Hit","string":"resetHitList"},{"time":0.6333,"name":"sound_1","string":"setHitSound(se_battle_monster_claw)"},{"time":0.6333,"name":"voice","string":"cri_033_voice_attack_b"},{"time":0.9,"name":"sound_2","string":"cri_se_battle_monster_landing"},{"time":1.3333,"name":"sound_2","string":"cri_se_battle_monster_landing"},{"time":1.3333,"name":"voice","string":"cri_033_voice_attack_b"},{"time":1.4333,"name":"Event","int":10,"string":"setHitBackEnemy(30,int)"},{"time":1.4666,"name":"Event","int":10,"string":"setHitBackEnemy(30,int)"},{"time":1.4666,"name":"sound_1","string":"cri_se_battle_skill_shot"},{"time":1.5,"name":"Event","float":0.1,"string":"shakeGround_Loop"},{"time":1.5,"name":"Hit","float":1.2,"string":"resetHitList"},{"time":1.5,"name":"sound_1","string":"setHitSound(se_battle_monster_claw)"},{"time":1.5333,"name":"Event","float":0.09,"string":"kHitStopType_enemyonly"},{"time":1.5333,"name":"Hit","float":1.25,"string":"resetHitList"},{"time":1.7666,"name":"sound_2","string":"cri_se_battle_monster_landing"}]},"back":{"slots":{"MAIN":{"attachment":[{"time":0,"name":"back_00"},{"time":0.2666,"name":"idle_00"},{"time":0.3666,"name":"idle_02"},{"time":0.5,"name":"idle_03"},{"time":0.6333,"name":"idle_04"}]}},"bones":{"MAIN":{"translate":[{"time":0,"x":0,"y":0,"curve":[0.175,0.93,0.596,1]},{"time":0.4,"x":140,"y":0}]},"HITBOX":{"translate":[{"time":0,"x":23.61,"y":41.32,"curve":"stepped"},{"time":0.2666,"x":0,"y":0}]}},"events":[{"time":0,"name":"sound_1","string":"cri_se_battle_monster_landing"}]},"cast":{"slots":{"EF_re/L_attackEF_1":{"attachment":[{"time":0.5,"name":"EF_re/L_attackEF_1"},{"time":0.5333,"name":null},{"time":0.6,"name":null}]},"EF_re/L_attackEF_2":{"attachment":[{"time":0.5333,"name":"EF_re/L_attackEF_2"},{"time":0.5666,"name":null},{"time":0.6,"name":null}]},"EF_re/L_attackEF_3":{"attachment":[{"time":0.5666,"name":"EF_re/L_attackEF_3"},{"time":0.6,"name":null}]},"EF_re/L_attackEF_4":{"attachment":[{"time":0.5,"name":"EF_re/L_attackEF_1"},{"time":0.5333,"name":null}]},"EF_re/L_attackEF_5":{"attachment":[{"time":0.5333,"name":"EF_re/L_attackEF_2"},{"time":0.5666,"name":null}]},"EF_re/L_attackEF_6":{"attachment":[{"time":0.5666,"name":"EF_re/L_attackEF_3"},{"time":0.6,"name":null}]},"EF_re/L_attackEF_7":{"attachment":[{"time":0.5,"name":"EF_re/L_attackEF_1"},{"time":0.5333,"name":null}]},"EF_re/L_attackEF_8":{"attachment":[{"time":0.5333,"name":"EF_re/L_attackEF_2"},{"time":0.5666,"name":null}]},"EF_re/L_attackEF_9":{"attachment":[{"time":0.5666,"name":"EF_re/L_attackEF_3"},{"time":0.6,"name":null}]},"MAIN":{"attachment":[{"time":0,"name":"attack_00"},{"time":0.1,"name":"attack_01"},{"time":0.1333,"name":"attack_02"},{"time":0.5,"name":"attack_03"},{"time":0.5333,"name":"attack_04"},{"time":0.8333,"name":"attack_04"}]}},"bones":{"MAIN":{"translate":[{"time":0,"x":0,"y":0,"curve":"stepped"},{"time":0.5,"x":-42.76,"y":0}]},"attack_EF_1_0":{"rotate":[{"time":0.5,"angle":28.19,"curve":"stepped"},{"time":0.5333,"angle":25.36,"curve":"stepped"},{"time":0.5666,"angle":-7.46}],"translate":[{"time":0.5,"x":-249.49,"y":15.25,"curve":"stepped"},{"time":0.5333,"x":-185.88,"y":-0.03}],"scale":[{"time":0.5,"x":0.852,"y":0.936,"curve":"stepped"},{"time":0.5333,"x":0.852,"y":0.978}]},"attack_EF_1_3":{"rotate":[{"time":0.5,"angle":29.24,"curve":"stepped"},{"time":0.5333,"angle":26.84,"curve":"stepped"},{"time":0.5666,"angle":20.64}],"translate":[{"time":0.5,"x":-268.47,"y":9.17,"curve":"stepped"},{"time":0.5333,"x":-204.86,"y":-6.1}],"scale":[{"time":0.5,"x":0.795,"y":0.911}]},"attack_EF_1_2":{"rotate":[{"time":0.5,"angle":1.36,"curve":"stepped"},{"time":0.5333,"angle":3.52,"curve":"stepped"},{"time":0.5666,"angle":19.98}],"translate":[{"time":0.5,"x":-269.2,"y":10.8,"curve":"stepped"},{"time":0.5333,"x":-205.58,"y":-4.48,"curve":"stepped"},{"time":0.5666,"x":-192.91,"y":-6.27}],"scale":[{"time":0.5,"x":0.605,"y":1.145,"curve":"stepped"},{"time":0.5333,"x":0.519,"y":1.018}]}},"events":[{"time":0.5,"name":"voice","string":"cri_033_voice_attack_a"}]},"damage":{"slots":{"MAIN":{"attachment":[{"time":0,"name":"damage_00"}]}}},"front":{"slots":{"MAIN":{"attachment":[{"time":0,"name":"front_00"}]}},"bones":{"MAIN":{"translate":[{"time":0,"x":0,"y":12.7}]},"HITBOX":{"translate":[{"time":0,"x":-47.23,"y":23.61}]}}},"idle":{"slots":{"MAIN":{"attachment":[{"time":0,"name":"idle_00"},{"time":0.1666,"name":"idle_01"},{"time":0.3333,"name":"idle_02"},{"time":0.5,"name":"idle_03"},{"time":0.6666,"name":"idle_04"},{"time":0.8333,"name":"idle_04"}]}}},"skill1":{"slots":{"DAMAGEAREA":{"attachment":[{"time":0.5,"name":"DAMAGEAREA"},{"time":0.6333,"name":null}]},"EF/420_S1_dasty1/420_S1_dasty1_0":{"attachment":[{"time":0.5,"name":"EF/420_S1_dasty1/420_S1_dasty1_00000"},{"time":0.5333,"name":"EF/420_S1_dasty1/420_S1_dasty1_00000"},{"time":0.5666,"name":"EF/420_S1_dasty1/420_S1_dasty1_00002"},{"time":0.6333,"name":"EF/420_S1_dasty1/420_S1_dasty1_00004"},{"time":0.7333,"name":"EF/420_S1_dasty1/420_S1_dasty1_00006"},{"time":0.7666,"name":"EF/420_S1_dasty1/420_S1_dasty1_00008"},{"time":0.8333,"name":"EF/420_S1_dasty1/420_S1_dasty1_00012"},{"time":0.9333,"name":null}],"color":[{"time":0.5,"color":"ffffff00"},{"time":0.5666,"color":"ffffffff","curve":"stepped"},{"time":0.9,"color":"ffffff5f"}]},"MAIN":{"attachment":[{"time":0,"name":"skill1_01"},{"time":0.1666,"name":"skill1_02"},{"time":0.3,"name":"skill1_03"},{"time":0.4666,"name":"skill1_04"},{"time":0.5,"name":"skill1_05"},{"time":0.5666,"name":"skill1_06"},{"time":0.6333,"name":"skill1_07"},{"time":0.6666,"name":"skill1_08"}]}},"bones":{"MAIN":{"translate":[{"time":0,"x":47.99,"y":-6.98,"curve":"stepped"},{"time":0.5,"x":-12.11,"y":8.54,"curve":[0,1,1,1]},{"time":0.5666,"x":-110.57,"y":-15.75,"curve":"stepped"},{"time":0.6333,"x":-136.5,"y":-17.86,"curve":"stepped"},{"time":0.6666,"x":-145.58,"y":-17.86,"curve":"stepped"},{"time":1,"x":-101.32,"y":-17.86}]},"420_S1_dasty1_re":{"translate":[{"time":0.5,"x":-123.55,"y":-47.63,"curve":"stepped"},{"time":0.5666,"x":-123.55,"y":-47.63}],"scale":[{"time":0.5,"x":0.6,"y":0.6},{"time":0.5666,"x":0.8,"y":0.8,"curve":"stepped"},{"time":0.6333,"x":0.8,"y":0.8,"curve":"stepped"},{"time":0.7,"x":0.8,"y":0.8,"curve":"stepped"},{"time":0.7666,"x":0.8,"y":0.8,"curve":"stepped"},{"time":0.8333,"x":0.8,"y":0.8,"curve":"stepped"},{"time":0.8666,"x":0.84,"y":0.8,"curve":"stepped"},{"time":0.9333,"x":0.8,"y":0.8}]},"HITBOX":{"translate":[{"time":0.5,"x":-58.17,"y":47.14},{"time":0.6,"x":-31.09,"y":0}],"scale":[{"time":0,"x":1,"y":1},{"time":0.4333,"x":0.598,"y":2.026},{"time":0.5,"x":1,"y":1,"curve":"stepped"},{"time":0.6,"x":1,"y":1}]},"DAMAGEAREA":{"translate":[{"time":0.5,"x":-161.48,"y":77.23},{"time":0.5333,"x":-202.6,"y":77.23}],"scale":[{"time":0.5,"x":1.461,"y":1},{"time":0.5333,"x":1.815,"y":1}]}},"events":[{"time":0,"name":"HitEffect","string":"setHitEffect(hit06c,1,1.25,1)"},{"time":0.4666,"name":"Event","float":0.26,"string":"kHitStopType_normal"},{"time":0.5,"name":"Event","float":0.5,"string":"shakeGround_Loop"},{"time":0.5,"name":"sound_1","string":"setHitSound(se_battle_monster_claw)"},{"time":0.5,"name":"sound_2","string":"cri_se_battle_skill_shot"},{"time":0.5,"name":"voice","string":"cri_033_voice_skill"},{"time":0.5333,"name":"Event","float":0.4,"string":"kHitStopType_enemyonly"},{"time":0.5666,"name":"Event","string":"kImpactType_knock"},{"time":0.5666,"name":"Hit","float":1.1,"string":"resetHitList"}]},"skill2":{"slots":{"DAMAGEAREA":{"attachment":[{"time":0.5666,"name":"DAMAGEAREA"},{"time":1.0333,"name":null}]},"EF/370_S1_wave1/370_S1_wave1_0":{"attachment":[{"time":0.5666,"name":"EF/370_S1_wave1/370_S1_wave1_00001"},{"time":0.6,"name":"EF/370_S1_wave1/370_S1_wave1_00001"},{"time":0.6333,"name":"EF/370_S1_wave1/370_S1_wave1_00002"},{"time":0.6666,"name":"EF/370_S1_wave1/370_S1_wave1_00003"},{"time":0.7,"name":"EF/370_S1_wave1/370_S1_wave1_00004"},{"time":0.7333,"name":"EF/370_S1_wave1/370_S1_wave1_00005"},{"time":0.7666,"name":"EF/370_S1_wave1/370_S1_wave1_00006"},{"time":0.8,"name":"EF/370_S1_wave1/370_S1_wave1_00007"},{"time":0.8333,"name":"EF/370_S1_wave1/370_S1_wave1_00008"},{"time":0.8666,"name":"EF/370_S1_wave1/370_S1_wave1_00009"},{"time":0.9,"name":null}],"color":[{"time":0.7666,"color":"ffffffff"},{"time":0.9,"color":"ffffff00"}]},"EF/420_S1_dasty1/420_S1_dasty1_0":{"attachment":[{"time":0.6333,"name":"EF/420_S1_dasty1/420_S1_dasty1_00000"},{"time":0.7,"name":"EF/420_S1_dasty1/420_S1_dasty1_00002"},{"time":0.7666,"name":"EF/420_S1_dasty1/420_S1_dasty1_00004"},{"time":0.8333,"name":"EF/420_S1_dasty1/420_S1_dasty1_00006"},{"time":0.9,"name":"EF/420_S1_dasty1/420_S1_dasty1_00008"},{"time":0.9666,"name":"EF/420_S1_dasty1/420_S1_dasty1_00010"},{"time":1.0333,"name":"EF/420_S1_dasty1/420_S1_dasty1_00012"},{"time":1.0666,"name":null}],"color":[{"time":0.9333,"color":"ffffffff"},{"time":1.0666,"color":"ffffff00"}]},"MAIN":{"attachment":[{"time":0,"name":"skill1_01"},{"time":0.1666,"name":"skill1_02"},{"time":0.3333,"name":"skill1_03"},{"time":0.5333,"name":"skill1_04"},{"time":0.5666,"name":"skill2_04"},{"time":0.6,"name":"skill2_05"},{"time":0.6333,"name":"skill2_06"},{"time":0.6666,"name":"skill2_04"},{"time":0.7,"name":"skill2_05"},{"time":0.7333,"name":"skill2_06"},{"time":0.7666,"name":"skill2_04"},{"time":0.8,"name":"skill2_05"},{"time":0.8333,"name":"skill2_06"},{"time":0.9333,"name":"skill1_01"},{"time":1,"name":"idle_00"},{"time":1.0333,"name":"idle_01"},{"time":1.0666,"name":"idle_02"},{"time":1.1,"name":"idle_03"},{"time":1.1333,"name":"idle_04"}]}},"bones":{"MAIN":{"rotate":[{"time":0.9333,"angle":35.85,"curve":"stepped"},{"time":1,"angle":0}],"translate":[{"time":0,"x":47.99,"y":-7.85,"curve":"stepped"},{"time":0.5666,"x":-70.14,"y":74.92,"curve":[0.08,0.73,0.75,1]},{"time":0.8333,"x":-205.98,"y":74.92,"curve":"stepped"},{"time":0.9333,"x":-232.71,"y":24.62,"curve":"stepped"},{"time":0.9666,"x":-249.04,"y":-2.94,"curve":"stepped"},{"time":1,"x":-295.63,"y":-7.66},{"time":1.1333,"x":-295.64,"y":-0.53}],"scale":[{"time":0,"x":1,"y":1,"curve":"stepped"},{"time":0.5666,"x":1.5,"y":1.5,"curve":"stepped"},{"time":0.9333,"x":1,"y":1}]},"370_S1_wave1_re":{"translate":[{"time":0.5666,"x":-244.51,"y":-52.03},{"time":0.7333,"x":-244.51,"y":-59.96}],"scale":[{"time":0.5666,"x":0.864,"y":0.864},{"time":0.7333,"x":1.4,"y":1.4}]},"420_S1_dasty1_re":{"translate":[{"time":0.6333,"x":-243.26,"y":-55.1},{"time":1,"x":-243.26,"y":-75.24}],"scale":[{"time":0.6333,"x":0.8,"y":0.8},{"time":1,"x":1.088,"y":1.088},{"time":1.0666,"x":1.191,"y":0.876}]},"HITBOX":{"scale":[{"time":0,"x":1,"y":1},{"time":0.4333,"x":0.598,"y":2.026},{"time":0.5333,"x":0.77,"y":1.586},{"time":0.5666,"x":0.77,"y":1.02},{"time":1.0333,"x":1,"y":1}]},"DAMAGEAREA":{"translate":[{"time":0.5666,"x":-20.89,"y":185.85},{"time":0.9666,"x":-236.97,"y":158.02},{"time":1,"x":-257.85,"y":114.81}],"scale":[{"time":0.5666,"x":3.609,"y":2.495},{"time":0.9666,"x":3.038,"y":2.147},{"time":1,"x":2.108,"y":1.431}]}},"events":[{"time":0,"name":"HitEffect","string":"setHitEffect(hit06c,1,1.5,50)"},{"time":0.5333,"name":"Event","float":0.2,"string":"kHitStopType_normal"},{"time":0.5666,"name":"sound_1","string":"cri_se_battle_037_explosion_element_05"},{"time":0.5666,"name":"sound_2","string":"cri_se_battle_skill_shot"},{"time":0.5666,"name":"voice","string":"cri_033_voice_fullarts_now"},{"time":0.6333,"name":"Event","float":0.07,"string":"kHitStopType_normal"},{"time":0.6333,"name":"Hit","float":1.1,"string":"resetHitList"},{"time":0.6333,"name":"sound_1","string":"setHitSound(se_battle_monster_claw)"},{"time":0.6666,"name":"sound_2","string":"cri_se_battle_skill_shot"},{"time":0.7,"name":"Hit","float":1.2,"string":"resetHitList"},{"time":0.7666,"name":"Hit","float":1.3,"string":"resetHitList"},{"time":0.7666,"name":"sound_2","string":"cri_se_battle_skill_shot"},{"time":0.8333,"name":"Hit","float":1.3,"string":"resetHitList"},{"time":0.8666,"name":"sound_2","string":"cri_se_battle_skill_shot"},{"time":0.9,"name":"Hit","float":1.3,"string":"resetHitList"},{"time":0.9333,"name":"Event","float":0.2,"string":"kHitStopType_enemyonly"},{"time":0.9666,"name":"Event","string":"kImpactType_up"},{"time":0.9666,"name":"Hit","float":1.3,"string":"resetHitList"},{"time":0.9666,"name":"sound_2","string":"cri_se_battle_skill_shot"}]}}}