{"skeleton":{"hash":"yj+T/MlnqDuOnlkcAbdux7lboKM","spine":"3.0.12","width":0,"height":0},"bones":[{"name":"root"},{"name":"dash_green_2","parent":"root","x":-100},{"name":"dash_green_1","parent":"root","x":-100},{"name":"MAIN","parent":"root","y":49.43},{"name":"graund_circle","parent":"MAIN","x":-200,"y":50.56},{"name":"HITBOX","parent":"MAIN","y":6.5,"scaleY":1.737},{"name":"EF","parent":"root"},{"name":"Hummer","parent":"EF"},{"name":"dark_aura_2","parent":"Hummer","x":-300,"y":100},{"name":"dark_aura_1","parent":"Hummer","x":-300,"y":100},{"name":"Dot_EF1_3","parent":"Hummer","y":-10},{"name":"Dot_EF1_2","parent":"EF"},{"name":"Dot_EF1_1","parent":"EF"},{"name":"DAMAGEAREA","parent":"root"},{"name":"slash_A","parent":"root","x":-300},{"name":"slash_rot_A","parent":"MAIN","x":-400,"y":-49.43},{"name":"slash_rot_B_1","parent":"Dot_EF1_3","x":-500,"y":10},{"name":"slash_rot_B_2","parent":"Dot_EF1_3","x":-500,"y":10},{"name":"wave_green","parent":"root","x":-200},{"name":"wave_green2","parent":"root","x":-200},{"name":"wave_green3","parent":"root","x":-200}],"slots":[{"name":"EF/ef_graund_circle_rot_main/ef_graund_circle_rot_main_00041","bone":"graund_circle","blend":"additive"},{"name":"EF/EF_all/ef_graund_wave_green/ef_graund_wave_green_00001","bone":"wave_green","blend":"additive"},{"name":"EF/EF_all/ef_graund_wave_green/ef_graund_wave_green_1","bone":"wave_green2","blend":"additive"},{"name":"EF/EF_all/ef_graund_wave_green/ef_graund_wave_green_2","bone":"wave_green3","blend":"additive"},{"name":"MAIN","bone":"MAIN","attachment":"idle_00"},{"name":"Hummer","bone":"Hummer"},{"name":"Dot_EF1_1","bone":"Dot_EF1_1","blend":"additive"},{"name":"Dot_EF1_2","bone":"Dot_EF1_2","blend":"additive"},{"name":"Dot_EF1_3","bone":"Dot_EF1_3","blend":"additive"},{"name":"EF/ef_dark_aura_main/ef_dark_aura_main_00002","bone":"dark_aura_1"},{"name":"EF/ef_dark_aura_main/ef_dark_aura_main_2","bone":"dark_aura_2"},{"name":"EF/EF_all/ef_dash_green/ef_dash_green_00001","bone":"dash_green_1","blend":"additive"},{"name":"EF/EF_all/ef_dash_green/ef_dash_green_1","bone":"dash_green_2","blend":"additive"},{"name":"EF/ef_slash_A_main/ef_slash_A_main_00001","bone":"slash_A","blend":"additive"},{"name":"EF/ef_slash_rot_A_main/ef_slash_rot_A_main_00001","bone":"slash_rot_A","blend":"additive"},{"name":"EF/ef_slash_rot_B_main/ef_slash_rot_B_main_00001","bone":"slash_rot_B_1","blend":"additive"},{"name":"EF/ef_slash_rot_B_main/ef_slash_rot_B_main_1","bone":"slash_rot_B_2","blend":"additive"},{"name":"DAMAGEAREA","bone":"DAMAGEAREA"},{"name":"HITBOX","bone":"HITBOX","attachment":"HITBOX"}],"skins":{"default":{"DAMAGEAREA":{"DAMAGEAREA":{"type":"boundingbox","vertices":[-64.4266,63.56337,-63.66559,-64.15564,63.81038,-63.31465,63.35137,63.95936]}},"Dot_EF1_1":{"Dot_EF/EF_attack1_00":{"scaleX":2,"scaleY":2,"width":141,"height":91},"Dot_EF/EF_skill1_00":{"scaleX":2,"scaleY":2,"width":164,"height":100},"Dot_EF/EF_skill1_01":{"scaleX":2,"scaleY":2,"width":164,"height":100},"Dot_EF/EF_skill1_02":{"scaleX":2,"scaleY":2,"width":164,"height":100},"Dot_EF/EF_skill1_03":{"x":18.31,"y":7.66,"scaleX":2,"scaleY":2,"width":164,"height":100},"Dot_EF/EF_skill1_04":{"scaleX":2,"scaleY":2,"width":164,"height":100},"Dot_EF/EF_skill1_05":{"scaleX":2,"scaleY":2,"width":164,"height":100},"Dot_EF/EF_skill1_06":{"x":-14.48,"y":8.51,"scaleX":2,"scaleY":2,"width":164,"height":100},"Dot_EF/EF_skill1_07":{"scaleX":2,"scaleY":2,"width":164,"height":100},"Dot_EF/EF_skill2_00":{"scaleX":2,"scaleY":2,"width":177,"height":135},"Dot_EF/EF_skill2_01":{"scaleX":2,"scaleY":2,"width":177,"height":135},"Dot_EF/EF_skill2_02":{"scaleX":2,"scaleY":2,"width":177,"height":135},"Dot_EF/EF_skill2_03":{"scaleX":2,"scaleY":2,"width":119,"height":73},"Dot_EF/EF_skill2_04":{"scaleX":2,"scaleY":2,"width":119,"height":73},"Dot_EF/EF_skill3_00":{"scaleX":2,"scaleY":2,"width":59,"height":54}},"Dot_EF1_2":{"Dot_EF/EF_attack1_00":{"scaleX":2,"scaleY":2,"width":141,"height":91},"Dot_EF/EF_skill1_00":{"scaleX":2,"scaleY":2,"width":164,"height":100},"Dot_EF/EF_skill1_01":{"scaleX":2,"scaleY":2,"width":164,"height":100},"Dot_EF/EF_skill1_02":{"scaleX":2,"scaleY":2,"width":164,"height":100},"Dot_EF/EF_skill1_03":{"x":18.31,"y":7.66,"scaleX":2,"scaleY":2,"width":164,"height":100},"Dot_EF/EF_skill1_04":{"scaleX":2,"scaleY":2,"width":164,"height":100},"Dot_EF/EF_skill1_05":{"scaleX":2,"scaleY":2,"width":164,"height":100},"Dot_EF/EF_skill1_06":{"x":-14.48,"y":8.51,"scaleX":2,"scaleY":2,"width":164,"height":100},"Dot_EF/EF_skill1_07":{"scaleX":2,"scaleY":2,"width":164,"height":100},"Dot_EF/EF_skill2_00":{"scaleX":2,"scaleY":2,"width":177,"height":135},"Dot_EF/EF_skill2_01":{"scaleX":2,"scaleY":2,"width":177,"height":135},"Dot_EF/EF_skill2_02":{"scaleX":2,"scaleY":2,"width":177,"height":135},"Dot_EF/EF_skill2_03":{"scaleX":2,"scaleY":2,"width":119,"height":73},"Dot_EF/EF_skill2_04":{"scaleX":2,"scaleY":2,"width":119,"height":73},"Dot_EF/EF_skill3_00":{"scaleX":2,"scaleY":2,"width":59,"height":54}},"Dot_EF1_3":{"Dot_EF/EF_attack1_00":{"scaleX":2,"scaleY":2,"width":141,"height":91},"Dot_EF/EF_skill1_00":{"scaleX":2,"scaleY":2,"width":164,"height":100},"Dot_EF/EF_skill1_01":{"scaleX":2,"scaleY":2,"width":164,"height":100},"Dot_EF/EF_skill1_02":{"scaleX":2,"scaleY":2,"width":164,"height":100},"Dot_EF/EF_skill1_03":{"x":18.31,"y":7.66,"scaleX":2,"scaleY":2,"width":164,"height":100},"Dot_EF/EF_skill1_04":{"scaleX":2,"scaleY":2,"width":164,"height":100},"Dot_EF/EF_skill1_05":{"scaleX":2,"scaleY":2,"width":164,"height":100},"Dot_EF/EF_skill1_06":{"x":-14.48,"y":8.51,"scaleX":2,"scaleY":2,"width":164,"height":100},"Dot_EF/EF_skill1_07":{"scaleX":2,"scaleY":2,"width":164,"height":100},"Dot_EF/EF_skill2_00":{"scaleX":2,"scaleY":2,"width":177,"height":135},"Dot_EF/EF_skill2_01":{"scaleX":2,"scaleY":2,"width":177,"height":135},"Dot_EF/EF_skill2_02":{"scaleX":2,"scaleY":2,"width":177,"height":135},"Dot_EF/EF_skill2_03":{"scaleX":2,"scaleY":2,"width":119,"height":73},"Dot_EF/EF_skill2_04":{"scaleX":2,"scaleY":2,"width":119,"height":73},"Dot_EF/EF_skill3_00":{"scaleX":2,"scaleY":2,"width":59,"height":54}},"EF/EF_all/ef_dash_green/ef_dash_green_00001":{"EF/EF_all/ef_dash_green/ef_dash_green_00001":{"x":25,"y":15.39,"width":200,"height":200},"EF/EF_all/ef_dash_green/ef_dash_green_00002":{"x":25,"y":15.39,"width":200,"height":200},"EF/EF_all/ef_dash_green/ef_dash_green_00003":{"x":25,"y":15.39,"width":200,"height":200},"EF/EF_all/ef_dash_green/ef_dash_green_00004":{"x":25,"y":15.39,"width":200,"height":200},"EF/EF_all/ef_dash_green/ef_dash_green_00005":{"x":25,"y":15.39,"width":200,"height":200},"EF/EF_all/ef_dash_green/ef_dash_green_00006":{"x":25,"y":15.39,"width":200,"height":200},"EF/EF_all/ef_dash_green/ef_dash_green_00007":{"x":25,"y":15.39,"width":200,"height":200},"EF/EF_all/ef_dash_green/ef_dash_green_00008":{"x":25,"y":15.39,"width":200,"height":200},"EF/EF_all/ef_dash_green/ef_dash_green_00009":{"x":25,"y":15.39,"width":200,"height":200},"EF/EF_all/ef_dash_green/ef_dash_green_00010":{"x":25,"y":15.39,"width":200,"height":200},"EF/EF_all/ef_dash_green/ef_dash_green_00011":{"x":25,"y":15.39,"width":200,"height":200},"EF/EF_all/ef_dash_green/ef_dash_green_00012":{"x":25,"y":15.39,"width":200,"height":200},"EF/EF_all/ef_dash_green/ef_dash_green_00013":{"x":25,"y":15.39,"width":200,"height":200}},"EF/EF_all/ef_dash_green/ef_dash_green_1":{"EF/EF_all/ef_dash_green/ef_dash_green_00001":{"x":25,"y":15.39,"width":200,"height":200},"EF/EF_all/ef_dash_green/ef_dash_green_00002":{"x":25,"y":15.39,"width":200,"height":200},"EF/EF_all/ef_dash_green/ef_dash_green_00003":{"x":25,"y":15.39,"width":200,"height":200},"EF/EF_all/ef_dash_green/ef_dash_green_00004":{"x":25,"y":15.39,"width":200,"height":200},"EF/EF_all/ef_dash_green/ef_dash_green_00005":{"x":25,"y":15.39,"width":200,"height":200},"EF/EF_all/ef_dash_green/ef_dash_green_00006":{"x":25,"y":15.39,"width":200,"height":200},"EF/EF_all/ef_dash_green/ef_dash_green_00007":{"x":25,"y":15.39,"width":200,"height":200},"EF/EF_all/ef_dash_green/ef_dash_green_00008":{"x":25,"y":15.39,"width":200,"height":200},"EF/EF_all/ef_dash_green/ef_dash_green_00009":{"x":25,"y":15.39,"width":200,"height":200},"EF/EF_all/ef_dash_green/ef_dash_green_00010":{"x":25,"y":15.39,"width":200,"height":200},"EF/EF_all/ef_dash_green/ef_dash_green_00011":{"x":25,"y":15.39,"width":200,"height":200},"EF/EF_all/ef_dash_green/ef_dash_green_00012":{"x":25,"y":15.39,"width":200,"height":200},"EF/EF_all/ef_dash_green/ef_dash_green_00013":{"x":25,"y":15.39,"width":200,"height":200}},"EF/EF_all/ef_graund_wave_green/ef_graund_wave_green_00001":{"EF/EF_all/ef_graund_wave_green/ef_graund_wave_green_00001":{"x":-1.6,"y":17.21,"width":400,"height":229},"EF/EF_all/ef_graund_wave_green/ef_graund_wave_green_00002":{"x":-1.6,"y":17.21,"width":400,"height":229},"EF/EF_all/ef_graund_wave_green/ef_graund_wave_green_00003":{"x":-1.6,"y":17.21,"width":400,"height":229},"EF/EF_all/ef_graund_wave_green/ef_graund_wave_green_00004":{"x":-1.6,"y":17.21,"width":400,"height":229},"EF/EF_all/ef_graund_wave_green/ef_graund_wave_green_00005":{"x":-1.6,"y":17.21,"width":400,"height":229},"EF/EF_all/ef_graund_wave_green/ef_graund_wave_green_00006":{"x":-1.6,"y":17.21,"width":400,"height":229},"EF/EF_all/ef_graund_wave_green/ef_graund_wave_green_00007":{"x":-1.6,"y":17.21,"width":400,"height":229},"EF/EF_all/ef_graund_wave_green/ef_graund_wave_green_00008":{"x":-1.6,"y":17.21,"width":400,"height":229},"EF/EF_all/ef_graund_wave_green/ef_graund_wave_green_00009":{"x":-1.6,"y":17.21,"width":400,"height":229},"EF/EF_all/ef_graund_wave_green/ef_graund_wave_green_00010":{"x":-1.6,"y":17.21,"width":400,"height":229},"EF/EF_all/ef_graund_wave_green/ef_graund_wave_green_00011":{"x":-1.6,"y":17.21,"width":400,"height":229},"EF/EF_all/ef_graund_wave_green/ef_graund_wave_green_00012":{"x":-1.6,"y":17.21,"width":400,"height":229},"EF/EF_all/ef_graund_wave_green/ef_graund_wave_green_00013":{"x":-1.6,"y":17.21,"width":400,"height":229},"EF/EF_all/ef_graund_wave_green/ef_graund_wave_green_00014":{"x":-1.6,"y":17.21,"width":400,"height":229},"EF/EF_all/ef_graund_wave_green/ef_graund_wave_green_00015":{"x":-1.6,"y":17.21,"width":400,"height":229}},"EF/EF_all/ef_graund_wave_green/ef_graund_wave_green_1":{"EF/EF_all/ef_graund_wave_green/ef_graund_wave_green_00001":{"x":-1.6,"y":17.21,"width":400,"height":229},"EF/EF_all/ef_graund_wave_green/ef_graund_wave_green_00002":{"x":-1.6,"y":17.21,"width":400,"height":229},"EF/EF_all/ef_graund_wave_green/ef_graund_wave_green_00003":{"x":-1.6,"y":17.21,"width":400,"height":229},"EF/EF_all/ef_graund_wave_green/ef_graund_wave_green_00004":{"x":-1.6,"y":17.21,"width":400,"height":229},"EF/EF_all/ef_graund_wave_green/ef_graund_wave_green_00005":{"x":-1.6,"y":17.21,"width":400,"height":229},"EF/EF_all/ef_graund_wave_green/ef_graund_wave_green_00006":{"x":-1.6,"y":17.21,"width":400,"height":229},"EF/EF_all/ef_graund_wave_green/ef_graund_wave_green_00007":{"x":-1.6,"y":17.21,"width":400,"height":229},"EF/EF_all/ef_graund_wave_green/ef_graund_wave_green_00008":{"x":-1.6,"y":17.21,"width":400,"height":229},"EF/EF_all/ef_graund_wave_green/ef_graund_wave_green_00009":{"x":-1.6,"y":17.21,"width":400,"height":229},"EF/EF_all/ef_graund_wave_green/ef_graund_wave_green_00010":{"x":-1.6,"y":17.21,"width":400,"height":229},"EF/EF_all/ef_graund_wave_green/ef_graund_wave_green_00011":{"x":-1.6,"y":17.21,"width":400,"height":229},"EF/EF_all/ef_graund_wave_green/ef_graund_wave_green_00012":{"x":-1.6,"y":17.21,"width":400,"height":229},"EF/EF_all/ef_graund_wave_green/ef_graund_wave_green_00013":{"x":-1.6,"y":17.21,"width":400,"height":229},"EF/EF_all/ef_graund_wave_green/ef_graund_wave_green_00014":{"x":-1.6,"y":17.21,"width":400,"height":229},"EF/EF_all/ef_graund_wave_green/ef_graund_wave_green_00015":{"x":-1.6,"y":17.21,"width":400,"height":229}},"EF/EF_all/ef_graund_wave_green/ef_graund_wave_green_2":{"EF/EF_all/ef_graund_wave_green/ef_graund_wave_green_00001":{"x":-1.6,"y":17.21,"width":400,"height":229},"EF/EF_all/ef_graund_wave_green/ef_graund_wave_green_00002":{"x":-1.6,"y":17.21,"width":400,"height":229},"EF/EF_all/ef_graund_wave_green/ef_graund_wave_green_00003":{"x":-1.6,"y":17.21,"width":400,"height":229},"EF/EF_all/ef_graund_wave_green/ef_graund_wave_green_00004":{"x":-1.6,"y":17.21,"width":400,"height":229},"EF/EF_all/ef_graund_wave_green/ef_graund_wave_green_00005":{"x":-1.6,"y":17.21,"width":400,"height":229},"EF/EF_all/ef_graund_wave_green/ef_graund_wave_green_00006":{"x":-1.6,"y":17.21,"width":400,"height":229},"EF/EF_all/ef_graund_wave_green/ef_graund_wave_green_00007":{"x":-1.6,"y":17.21,"width":400,"height":229},"EF/EF_all/ef_graund_wave_green/ef_graund_wave_green_00008":{"x":-1.6,"y":17.21,"width":400,"height":229},"EF/EF_all/ef_graund_wave_green/ef_graund_wave_green_00009":{"x":-1.6,"y":17.21,"width":400,"height":229},"EF/EF_all/ef_graund_wave_green/ef_graund_wave_green_00010":{"x":-1.6,"y":17.21,"width":400,"height":229},"EF/EF_all/ef_graund_wave_green/ef_graund_wave_green_00011":{"x":-1.6,"y":17.21,"width":400,"height":229},"EF/EF_all/ef_graund_wave_green/ef_graund_wave_green_00012":{"x":-1.6,"y":17.21,"width":400,"height":229},"EF/EF_all/ef_graund_wave_green/ef_graund_wave_green_00013":{"x":-1.6,"y":17.21,"width":400,"height":229},"EF/EF_all/ef_graund_wave_green/ef_graund_wave_green_00014":{"x":-1.6,"y":17.21,"width":400,"height":229},"EF/EF_all/ef_graund_wave_green/ef_graund_wave_green_00015":{"x":-1.6,"y":17.21,"width":400,"height":229}},"EF/ef_dark_aura_main/ef_dark_aura_main_00002":{"EF/ef_dark_aura_main/ef_dark_aura_main_00002":{"x":-1.29,"y":30.45,"width":250,"height":250},"EF/ef_dark_aura_main/ef_dark_aura_main_00004":{"x":-1.29,"y":30.45,"width":250,"height":250},"EF/ef_dark_aura_main/ef_dark_aura_main_00006":{"x":-1.29,"y":30.45,"width":250,"height":250},"EF/ef_dark_aura_main/ef_dark_aura_main_00008":{"x":-1.29,"y":30.45,"width":250,"height":250},"EF/ef_dark_aura_main/ef_dark_aura_main_00010":{"x":-1.29,"y":30.45,"width":250,"height":250},"EF/ef_dark_aura_main/ef_dark_aura_main_00012":{"x":-1.29,"y":30.45,"width":250,"height":250},"EF/ef_dark_aura_main/ef_dark_aura_main_00014":{"x":-1.29,"y":30.45,"width":250,"height":250},"EF/ef_dark_aura_main/ef_dark_aura_main_00016":{"x":-1.29,"y":30.45,"width":250,"height":250},"EF/ef_dark_aura_main/ef_dark_aura_main_00018":{"x":-1.29,"y":30.45,"width":250,"height":250},"EF/ef_dark_aura_main/ef_dark_aura_main_00020":{"x":-1.29,"y":30.45,"width":250,"height":250},"EF/ef_dark_aura_main/ef_dark_aura_main_00022":{"x":-1.29,"y":30.45,"width":250,"height":250},"EF/ef_dark_aura_main/ef_dark_aura_main_00024":{"x":-1.29,"y":30.45,"width":250,"height":250}},"EF/ef_dark_aura_main/ef_dark_aura_main_2":{"EF/ef_dark_aura_main/ef_dark_aura_main_00002":{"x":-1.29,"y":30.45,"width":250,"height":250},"EF/ef_dark_aura_main/ef_dark_aura_main_00004":{"x":-1.29,"y":30.45,"width":250,"height":250},"EF/ef_dark_aura_main/ef_dark_aura_main_00006":{"x":-1.29,"y":30.45,"width":250,"height":250},"EF/ef_dark_aura_main/ef_dark_aura_main_00008":{"x":-1.29,"y":30.45,"width":250,"height":250},"EF/ef_dark_aura_main/ef_dark_aura_main_00010":{"x":-1.29,"y":30.45,"width":250,"height":250},"EF/ef_dark_aura_main/ef_dark_aura_main_00012":{"x":-1.29,"y":30.45,"width":250,"height":250},"EF/ef_dark_aura_main/ef_dark_aura_main_00014":{"x":-1.29,"y":30.45,"width":250,"height":250},"EF/ef_dark_aura_main/ef_dark_aura_main_00016":{"x":-1.29,"y":30.45,"width":250,"height":250},"EF/ef_dark_aura_main/ef_dark_aura_main_00018":{"x":-1.29,"y":30.45,"width":250,"height":250},"EF/ef_dark_aura_main/ef_dark_aura_main_00020":{"x":-1.29,"y":30.45,"width":250,"height":250},"EF/ef_dark_aura_main/ef_dark_aura_main_00022":{"x":-1.29,"y":30.45,"width":250,"height":250},"EF/ef_dark_aura_main/ef_dark_aura_main_00024":{"x":-1.29,"y":30.45,"width":250,"height":250}},"EF/ef_graund_circle_rot_main/ef_graund_circle_rot_main_00041":{"EF/ef_graund_circle_rot_main/ef_graund_circle_rot_main_00041":{"x":-0.37,"y":-0.24,"width":200,"height":150},"EF/ef_graund_circle_rot_main/ef_graund_circle_rot_main_00042":{"x":-0.37,"y":-0.24,"width":200,"height":150},"EF/ef_graund_circle_rot_main/ef_graund_circle_rot_main_00043":{"x":-0.37,"y":-0.24,"width":200,"height":150},"EF/ef_graund_circle_rot_main/ef_graund_circle_rot_main_00044":{"x":-0.37,"y":-0.24,"width":200,"height":150},"EF/ef_graund_circle_rot_main/ef_graund_circle_rot_main_00045":{"x":-0.37,"y":-0.24,"width":200,"height":150},"EF/ef_graund_circle_rot_main/ef_graund_circle_rot_main_00046":{"x":-0.37,"y":-0.24,"width":200,"height":150},"EF/ef_graund_circle_rot_main/ef_graund_circle_rot_main_00047":{"x":-0.37,"y":-0.24,"width":200,"height":150},"EF/ef_graund_circle_rot_main/ef_graund_circle_rot_main_00048":{"x":-0.37,"y":-0.24,"width":200,"height":150},"EF/ef_graund_circle_rot_main/ef_graund_circle_rot_main_00049":{"x":-0.37,"y":-0.24,"width":200,"height":150},"EF/ef_graund_circle_rot_main/ef_graund_circle_rot_main_00050":{"x":-0.37,"y":-0.24,"width":200,"height":150},"EF/ef_graund_circle_rot_main/ef_graund_circle_rot_main_00051":{"x":-0.37,"y":-0.24,"width":200,"height":150},"EF/ef_graund_circle_rot_main/ef_graund_circle_rot_main_00052":{"x":-0.37,"y":-0.24,"width":200,"height":150}},"EF/ef_slash_A_main/ef_slash_A_main_00001":{"EF/ef_slash_A_main/ef_slash_A_main_00001":{"x":-29.11,"y":61.76,"width":200,"height":200},"EF/ef_slash_A_main/ef_slash_A_main_00002":{"x":-29.11,"y":61.76,"width":200,"height":200},"EF/ef_slash_A_main/ef_slash_A_main_00003":{"x":-29.11,"y":61.76,"width":200,"height":200},"EF/ef_slash_A_main/ef_slash_A_main_00004":{"x":-29.11,"y":61.76,"width":200,"height":200},"EF/ef_slash_A_main/ef_slash_A_main_00005":{"x":-29.11,"y":61.76,"width":200,"height":200},"EF/ef_slash_A_main/ef_slash_A_main_00006":{"x":-29.11,"y":61.76,"width":200,"height":200},"EF/ef_slash_A_main/ef_slash_A_main_00007":{"x":-29.11,"y":61.76,"width":200,"height":200}},"EF/ef_slash_rot_A_main/ef_slash_rot_A_main_00001":{"EF/ef_slash_rot_A_main/ef_slash_rot_A_main_00001":{"x":4.37,"width":240,"height":140},"EF/ef_slash_rot_A_main/ef_slash_rot_A_main_00002":{"x":4.37,"width":240,"height":140},"EF/ef_slash_rot_A_main/ef_slash_rot_A_main_00003":{"x":4.37,"width":240,"height":140},"EF/ef_slash_rot_A_main/ef_slash_rot_A_main_00004":{"x":4.37,"width":240,"height":140},"EF/ef_slash_rot_A_main/ef_slash_rot_A_main_00005":{"x":4.37,"width":240,"height":140},"EF/ef_slash_rot_A_main/ef_slash_rot_A_main_00006":{"x":4.37,"width":240,"height":140},"EF/ef_slash_rot_A_main/ef_slash_rot_A_main_00007":{"x":4.37,"width":240,"height":140},"EF/ef_slash_rot_A_main/ef_slash_rot_A_main_00008":{"x":4.37,"width":240,"height":140},"EF/ef_slash_rot_A_main/ef_slash_rot_A_main_00009":{"x":4.37,"width":240,"height":140}},"EF/ef_slash_rot_B_main/ef_slash_rot_B_main_00001":{"EF/ef_slash_rot_B_main/ef_slash_rot_B_main_00001":{"x":-0.09,"width":200,"height":200},"EF/ef_slash_rot_B_main/ef_slash_rot_B_main_00002":{"x":-0.09,"width":200,"height":200},"EF/ef_slash_rot_B_main/ef_slash_rot_B_main_00003":{"x":-0.09,"width":200,"height":200},"EF/ef_slash_rot_B_main/ef_slash_rot_B_main_00004":{"x":-0.09,"width":200,"height":200},"EF/ef_slash_rot_B_main/ef_slash_rot_B_main_00005":{"x":-0.09,"width":200,"height":200},"EF/ef_slash_rot_B_main/ef_slash_rot_B_main_00006":{"x":-0.09,"width":200,"height":200},"EF/ef_slash_rot_B_main/ef_slash_rot_B_main_00007":{"x":-0.09,"width":200,"height":200}},"EF/ef_slash_rot_B_main/ef_slash_rot_B_main_1":{"EF/ef_slash_rot_B_main/ef_slash_rot_B_main_00001":{"x":-0.09,"width":200,"height":200},"EF/ef_slash_rot_B_main/ef_slash_rot_B_main_00002":{"x":-0.09,"width":200,"height":200},"EF/ef_slash_rot_B_main/ef_slash_rot_B_main_00003":{"x":-0.09,"width":200,"height":200},"EF/ef_slash_rot_B_main/ef_slash_rot_B_main_00004":{"x":-0.09,"width":200,"height":200},"EF/ef_slash_rot_B_main/ef_slash_rot_B_main_00005":{"x":-0.09,"width":200,"height":200},"EF/ef_slash_rot_B_main/ef_slash_rot_B_main_00006":{"x":-0.09,"width":200,"height":200},"EF/ef_slash_rot_B_main/ef_slash_rot_B_main_00007":{"x":-0.09,"width":200,"height":200}},"HITBOX":{"HITBOX":{"type":"boundingbox","vertices":[-32.93045,-33.25178,30.57343,-32.11778,31.32943,31.38611,-32.55246,31.38611]}},"Hummer":{"Hummer/Hummer_00":{"scaleX":2,"scaleY":2,"width":189,"height":188},"Hummer/Hummer_01":{"scaleX":2,"scaleY":2,"width":189,"height":188},"Hummer/Hummer_02":{"x":-3.53,"y":74.51,"scaleX":2,"scaleY":2,"width":189,"height":188},"Hummer/Hummer_03":{"x":-6.72,"y":145.13,"scaleX":2,"scaleY":2,"width":189,"height":188},"Hummer/Hummer_04":{"x":54.54,"y":145.76,"scaleX":2,"scaleY":2,"width":189,"height":188},"Hummer/Hummer_05":{"x":145.31,"y":96.72,"scaleX":2,"scaleY":2,"width":189,"height":188},"Hummer/Hummer_06":{"x":145.76,"y":25.21,"scaleX":2,"scaleY":2,"width":189,"height":188},"Hummer/Hummer_07":{"x":-146.68,"y":-73.41,"scaleX":2,"scaleY":2,"width":189,"height":188},"Hummer/Hummer_08":{"x":-143.47,"y":-85.83,"scaleX":2,"scaleY":2,"width":189,"height":188},"Hummer/Hummer_09":{"x":-143.22,"y":-95.62,"scaleX":2,"scaleY":2,"width":189,"height":188},"Hummer/Hummer_10":{"x":49.64,"y":69.88,"scaleX":2,"scaleY":2,"width":189,"height":188},"Hummer/Hummer_11":{"x":-82.04,"y":-2.68,"scaleX":2,"scaleY":2,"width":189,"height":188}},"MAIN":{"attack1_00":{"x":15.16,"y":26.59,"scaleX":2,"scaleY":2,"width":512,"height":512},"attack1_01":{"x":-10,"y":26.59,"scaleX":2,"scaleY":2,"width":512,"height":512},"attack1_02":{"x":0.16,"y":26.59,"scaleX":2,"scaleY":2,"width":512,"height":512},"attack1_03":{"x":15.16,"y":26.59,"scaleX":2,"scaleY":2,"width":512,"height":512},"attack1_04":{"x":15.16,"y":26.59,"scaleX":2,"scaleY":2,"width":512,"height":512},"attack1_05":{"x":15.16,"y":26.59,"scaleX":2,"scaleY":2,"width":512,"height":512},"attack1_06":{"x":15.16,"y":26.59,"scaleX":2,"scaleY":2,"width":512,"height":512},"attack1_07":{"x":15.16,"y":26.59,"scaleX":2,"scaleY":2,"width":512,"height":512},"attack1_08":{"x":15.16,"y":26.59,"scaleX":2,"scaleY":2,"width":512,"height":512},"attack1_09":{"x":15.16,"y":26.59,"scaleX":2,"scaleY":2,"width":512,"height":512},"attack1_10":{"x":15.16,"y":26.59,"scaleX":2,"scaleY":2,"width":512,"height":512},"back_00":{"x":15.16,"y":26.59,"scaleX":2,"scaleY":2,"width":512,"height":512},"damage_00":{"x":15.16,"y":26.59,"scaleX":2,"scaleY":2,"width":512,"height":512},"front_00":{"x":15.16,"y":26.59,"scaleX":2,"scaleY":2,"width":512,"height":512},"idle_00":{"x":15.16,"y":26.59,"scaleX":2,"scaleY":2,"width":512,"height":512},"idle_01":{"x":15.16,"y":26.59,"scaleX":2,"scaleY":2,"width":512,"height":512},"idle_02":{"x":15.16,"y":26.59,"scaleX":2,"scaleY":2,"width":512,"height":512},"idle_03":{"x":15.16,"y":26.59,"scaleX":2,"scaleY":2,"width":512,"height":512},"skill1_00":{"x":15.16,"y":26.59,"scaleX":2,"scaleY":2,"width":512,"height":512},"skill1_01":{"x":15.16,"y":26.59,"scaleX":2,"scaleY":2,"width":512,"height":512},"skill1_02":{"x":15.16,"y":26.59,"scaleX":2,"scaleY":2,"width":512,"height":512},"skill1_03":{"x":15.16,"y":26.59,"scaleX":2,"scaleY":2,"width":512,"height":512},"skill1_04":{"x":15.16,"y":26.59,"scaleX":2,"scaleY":2,"width":512,"height":512},"skill1_05":{"x":15.16,"y":26.59,"scaleX":2,"scaleY":2,"width":512,"height":512},"skill1_06":{"x":15.16,"y":26.59,"scaleX":2,"scaleY":2,"width":512,"height":512},"skill1_07":{"x":15.16,"y":26.59,"scaleX":2,"scaleY":2,"width":512,"height":512},"skill1_08":{"x":15.16,"y":26.59,"scaleX":2,"scaleY":2,"width":512,"height":512},"skill1_09":{"x":15.16,"y":26.59,"scaleX":2,"scaleY":2,"width":512,"height":512},"skill1_10":{"x":15.16,"y":26.59,"scaleX":2,"scaleY":2,"width":512,"height":512},"skill1_11":{"x":15.16,"y":26.59,"scaleX":2,"scaleY":2,"width":512,"height":512},"skill1_12":{"x":15.16,"y":26.59,"scaleX":2,"scaleY":2,"width":512,"height":512},"skill1_13":{"x":15.16,"y":26.59,"scaleX":2,"scaleY":2,"width":512,"height":512},"skill1_14":{"x":15.16,"y":26.59,"scaleX":2,"scaleY":2,"width":512,"height":512},"skill2_00":{"x":15.16,"y":26.59,"scaleX":2,"scaleY":2,"width":512,"height":512},"skill2_01":{"x":15.16,"y":26.59,"scaleX":2,"scaleY":2,"width":512,"height":512},"skill2_02":{"x":15.16,"y":26.59,"scaleX":2,"scaleY":2,"width":512,"height":512},"skill2_03":{"x":15.16,"y":26.59,"scaleX":2,"scaleY":2,"width":512,"height":512},"skill2_04":{"x":15.16,"y":26.59,"scaleX":2,"scaleY":2,"width":512,"height":512},"skill2_05":{"x":15.16,"y":26.59,"scaleX":2,"scaleY":2,"width":512,"height":512},"skill2_06":{"x":15.16,"y":26.59,"scaleX":2,"scaleY":2,"width":512,"height":512},"skill2_07":{"x":15.16,"y":26.59,"scaleX":2,"scaleY":2,"width":512,"height":512},"skill2_08":{"x":15.16,"y":26.59,"scaleX":2,"scaleY":2,"width":512,"height":512},"skill2_09":{"x":15.16,"y":26.59,"scaleX":2,"scaleY":2,"width":512,"height":512},"skill2_10":{"x":15.16,"y":26.59,"scaleX":2,"scaleY":2,"width":512,"height":512},"skill2_11":{"x":15.16,"y":26.59,"scaleX":2,"scaleY":2,"width":512,"height":512}}}},"events":{"Event":{},"Event2":{},"Hit":{},"Sound1":{},"Sound2":{},"Sound3":{},"Voice":{}},"animations":{"attack1":{"slots":{"DAMAGEAREA":{"attachment":[{"time":0.4333,"name":"DAMAGEAREA"},{"time":0.5,"name":null},{"time":0.7333,"name":"DAMAGEAREA"},{"time":0.8,"name":null},{"time":1.0666,"name":"DAMAGEAREA"},{"time":1.1333,"name":null}]},"Dot_EF1_1":{"attachment":[{"time":0.4333,"name":"Dot_EF/EF_attack1_00"},{"time":0.4666,"name":null},{"time":0.7333,"name":"Dot_EF/EF_attack1_00"},{"time":0.7666,"name":null},{"time":1.0666,"name":"Dot_EF/EF_skill1_00"},{"time":1.1,"name":null}]},"Dot_EF1_2":{"attachment":[{"time":0.9666,"name":"Dot_EF/EF_skill1_04"},{"time":1,"name":"Dot_EF/EF_skill1_03"},{"time":1.0666,"name":null}]},"MAIN":{"attachment":[{"time":0,"name":"idle_00"},{"time":0.0333,"name":"attack1_00"},{"time":0.1,"name":"attack1_01"},{"time":0.1666,"name":"attack1_02"},{"time":0.3333,"name":"attack1_03"},{"time":0.4333,"name":"attack1_04"},{"time":0.5333,"name":"attack1_05"},{"time":0.6333,"name":"attack1_03"},{"time":0.7333,"name":"attack1_04"},{"time":0.7666,"name":"attack1_05"},{"time":0.8333,"name":"skill1_03"},{"time":0.9666,"name":"attack1_07"},{"time":1.0666,"name":"attack1_08"},{"time":1.4,"name":"attack1_09"},{"time":1.4333,"name":"back_00"},{"time":1.7,"name":"attack1_10"},{"time":1.8,"name":"idle_03"},{"time":1.8333,"name":"idle_00"}]}},"bones":{"MAIN":{"translate":[{"time":0,"x":0,"y":0,"curve":[0.317,0.87,0.75,1]},{"time":0.2333,"x":38.75,"y":0,"curve":"stepped"},{"time":0.3,"x":38.75,"y":0,"curve":[0.246,0.67,0.75,1]},{"time":0.4333,"x":-78.73,"y":0,"curve":"stepped"},{"time":0.6333,"x":-86.91,"y":0,"curve":[0.246,0.67,0.75,1]},{"time":0.7333,"x":-106.44,"y":0,"curve":"stepped"},{"time":0.8333,"x":-101.59,"y":0.46},{"time":0.9333,"x":-110.4,"y":0},{"time":0.9666,"x":-138.27,"y":0,"curve":[0.19,0.49,0.75,1]},{"time":1.1666,"x":-141.92,"y":0,"curve":"stepped"},{"time":1.4,"x":-141.92,"y":-5.18,"curve":[0.174,0.57,0.75,1]},{"time":1.4333,"x":-119.18,"y":5.7},{"time":1.5333,"x":-64,"y":22},{"time":1.7,"x":0,"y":-2.31},{"time":1.7333,"x":0,"y":-5.78},{"time":1.8,"x":0,"y":0}]},"Dot_EF1_1":{"translate":[{"time":0.4333,"x":-74.66,"y":56.28,"curve":"stepped"},{"time":0.7333,"x":-120.23,"y":56.28,"curve":"stepped"},{"time":1.0666,"x":-138.15,"y":83.29}],"scale":[{"time":0.4333,"x":1.2,"y":1,"curve":"stepped"},{"time":0.7333,"x":1.2,"y":1,"curve":"stepped"},{"time":1.0666,"x":1.2,"y":1.5}]},"Dot_EF1_2":{"translate":[{"time":0.9666,"x":-129.35,"y":-7.72},{"time":1.0333,"x":-56.4,"y":-7.72}]},"DAMAGEAREA":{"translate":[{"time":0.4333,"x":-79.34,"y":47.15,"curve":"stepped"},{"time":0.7333,"x":-128.79,"y":47.15,"curve":"stepped"},{"time":1.0666,"x":-157.54,"y":47.15}],"scale":[{"time":0.4333,"x":2.253,"y":0.827}]}},"events":[{"time":0,"name":"Event","float":0.1,"string":"kHitStopType_normal"},{"time":0.3333,"name":"Voice","string":"cri_202_voice_attack_random"},{"time":0.3666,"name":"Sound1","string":"cri_se_battle_sword_swish_heavy"},{"time":0.3666,"name":"Sound3","string":"setHitSound(se_battle_025_blow_hit)"},{"time":0.6666,"name":"Sound1","string":"cri_se_battle_sword_swish_heavy"},{"time":0.7333,"name":"Hit","string":"resetHitList"},{"time":0.9333,"name":"Sound1","string":"cri_se_battle_sword_swish_heavy"},{"time":0.9333,"name":"Voice","string":"cri_202_voice_attack_c"},{"time":1,"name":"Event","string":"kImpactType_up"},{"time":1.0666,"name":"Hit","string":"resetHitList"}]},"back":{"slots":{"MAIN":{"attachment":[{"time":0,"name":"idle_00"},{"time":0.0333,"name":"attack1_10"},{"time":0.0666,"name":"back_00"},{"time":0.3,"name":"attack1_10"},{"time":0.4666,"name":"idle_03"},{"time":0.6333,"name":"idle_00"}]}},"bones":{"MAIN":{"translate":[{"time":0,"x":0,"y":0},{"time":0.0333,"x":0,"y":-1.36},{"time":0.0666,"x":18.91,"y":5.51},{"time":0.1666,"x":88.1,"y":16.62},{"time":0.3,"x":138,"y":-1.78},{"time":0.3333,"x":138.2,"y":-4.4},{"time":0.4,"x":138.59,"y":-1.78},{"time":0.6333,"x":140,"y":0}]}},"events":[{"time":0,"name":"Voice","string":"cri_se_battle_jump"},{"time":0.3,"name":"Voice","string":"cri_se_battle_landing"}]},"cast":{"slots":{"MAIN":{"attachment":[{"time":0,"name":"idle_00"},{"time":0.0333,"name":"attack1_00"},{"time":0.1,"name":"attack1_01"},{"time":0.2333,"name":"attack1_02"},{"time":0.4333,"name":"attack1_07"},{"time":0.5,"name":"attack1_08"},{"time":0.8333,"name":"attack1_09"},{"time":0.9333,"name":"idle_03"},{"time":1,"name":"idle_00"}]}},"bones":{"MAIN":{"translate":[{"time":0,"x":0,"y":0,"curve":"stepped"},{"time":0.0333,"x":0,"y":0,"curve":"stepped"},{"time":0.1,"x":26.64,"y":0},{"time":0.4,"x":27.71,"y":0,"curve":[0.165,0.67,0.75,1]},{"time":0.5333,"x":5,"y":0,"curve":[0.152,0.36,0.75,1]},{"time":0.8333,"x":0,"y":0},{"time":0.9333,"x":0,"y":-0.96},{"time":1,"x":0,"y":0}]}},"events":[{"time":0.4,"name":"Voice","string":"cri_202_voice_item"}]},"damage":{"slots":{"MAIN":{"attachment":[{"time":0,"name":"damage_00"}]}}},"front":{"slots":{"MAIN":{"attachment":[{"time":0,"name":"front_00"}]}}},"idle":{"slots":{"MAIN":{"attachment":[{"time":0,"name":"idle_00"},{"time":0.1666,"name":"idle_01"},{"time":0.3333,"name":"idle_02"},{"time":0.5,"name":"idle_03"},{"time":0.6666,"name":"idle_00"}]}}},"in":{"slots":{"Dot_EF1_3":{"attachment":[{"time":0,"name":"Dot_EF/EF_skill2_01"},{"time":0.0333,"name":"Dot_EF/EF_skill2_02"},{"time":0.0666,"name":"Dot_EF/EF_skill2_01"},{"time":0.1,"name":"Dot_EF/EF_skill2_02"},{"time":0.1333,"name":"Dot_EF/EF_skill2_01"},{"time":0.1666,"name":"Dot_EF/EF_skill2_02"},{"time":0.2,"name":"Dot_EF/EF_skill2_01"},{"time":0.2333,"name":"Dot_EF/EF_skill2_02"},{"time":0.2666,"name":"Dot_EF/EF_skill2_01"},{"time":0.3,"name":"Dot_EF/EF_skill2_02"},{"time":0.3333,"name":"Dot_EF/EF_skill2_01"},{"time":0.3666,"name":"Dot_EF/EF_skill2_02"},{"time":0.4,"name":"Dot_EF/EF_skill2_01"},{"time":0.4333,"name":"Dot_EF/EF_skill2_02"},{"time":0.4666,"name":"Dot_EF/EF_skill2_01"},{"time":0.5,"name":"Dot_EF/EF_skill2_02"},{"time":0.5333,"name":"Dot_EF/EF_skill2_01"},{"time":0.5666,"name":"Dot_EF/EF_skill2_02"},{"time":0.6,"name":"Dot_EF/EF_skill2_01"},{"time":0.6333,"name":"Dot_EF/EF_skill2_02"},{"time":0.6666,"name":null}],"color":[{"time":0,"color":"ffffff00"},{"time":0.1,"color":"ffffffff","curve":"stepped"},{"time":0.5,"color":"ffffffff"},{"time":0.6666,"color":"ffffff00"}]},"Hummer":{"attachment":[{"time":0,"name":"Hummer/Hummer_00"},{"time":0.0333,"name":"Hummer/Hummer_01"},{"time":0.0666,"name":"Hummer/Hummer_00"},{"time":0.1,"name":"Hummer/Hummer_01"},{"time":0.1333,"name":"Hummer/Hummer_00"},{"time":0.1666,"name":"Hummer/Hummer_01"},{"time":0.2,"name":"Hummer/Hummer_00"},{"time":0.2333,"name":"Hummer/Hummer_01"},{"time":0.2666,"name":"Hummer/Hummer_00"},{"time":0.3,"name":"Hummer/Hummer_01"},{"time":0.3333,"name":"Hummer/Hummer_00"},{"time":0.3666,"name":"Hummer/Hummer_01"},{"time":0.4,"name":"Hummer/Hummer_00"},{"time":0.4333,"name":"Hummer/Hummer_01"},{"time":0.4666,"name":"Hummer/Hummer_00"},{"time":0.5,"name":"Hummer/Hummer_01"},{"time":0.5333,"name":"Hummer/Hummer_00"},{"time":0.5666,"name":"Hummer/Hummer_01"},{"time":0.6,"name":"Hummer/Hummer_00"},{"time":0.6333,"name":"Hummer/Hummer_01"},{"time":0.6666,"name":null}],"color":[{"time":0,"color":"ffffff00"},{"time":0.1333,"color":"ffffffff"}]},"MAIN":{"attachment":[{"time":0,"name":"skill2_05"},{"time":0.0666,"name":"skill2_07"},{"time":0.1333,"name":"skill2_06"},{"time":0.6666,"name":"skill2_11"},{"time":0.7,"name":"attack1_09"},{"time":0.7333,"name":"idle_03"},{"time":0.9,"name":"idle_00"}],"color":[{"time":0,"color":"ffffff00"},{"time":0.1666,"color":"ffffffff"}]}},"bones":{"MAIN":{"translate":[{"time":0,"x":0,"y":0},{"time":0.0666,"x":0,"y":-2.24,"curve":"stepped"},{"time":0.1333,"x":0,"y":0.28,"curve":"stepped"},{"time":0.6666,"x":0,"y":4.25},{"time":0.7,"x":0,"y":1.81},{"time":0.7333,"x":0,"y":0.19},{"time":0.8,"x":0,"y":0}]},"Hummer":{"translate":[{"time":0,"x":-15.33,"y":880.85},{"time":0.6333,"x":-15.33,"y":215.15}]}},"events":[{"time":0,"name":"Event","string":"takeSummon"},{"time":0,"name":"Sound1","string":"cri_se_battle_monster_swish"},{"time":0.1333,"name":"Sound1","string":"cri_se_battle_monster_swish"},{"time":0.2666,"name":"Sound1","string":"cri_se_battle_monster_swish"},{"time":0.4,"name":"Sound1","string":"cri_se_battle_monster_swish"},{"time":0.5333,"name":"Sound1","string":"cri_se_battle_monster_swish"},{"time":0.6666,"name":"Sound1","string":"cri_se_battle_landing"}]},"skill1":{"slots":{"DAMAGEAREA":{"attachment":[{"time":0.3333,"name":"DAMAGEAREA"},{"time":0.4,"name":null},{"time":0.5666,"name":"DAMAGEAREA"},{"time":0.6333,"name":null},{"time":0.8666,"name":"DAMAGEAREA"},{"time":0.9333,"name":null},{"time":1.0666,"name":"DAMAGEAREA"},{"time":1.1333,"name":null},{"time":1.6666,"name":"DAMAGEAREA"},{"time":1.7333,"name":null},{"time":2,"name":"DAMAGEAREA"},{"time":2.0666,"name":null},{"time":2.1333,"name":"DAMAGEAREA"},{"time":2.2,"name":null}]},"Dot_EF1_1":{"attachment":[{"time":1.1333,"name":"Dot_EF/EF_skill1_03"},{"time":1.1666,"name":"Dot_EF/EF_skill1_04"},{"time":1.2,"name":null},{"time":2.1666,"name":"Dot_EF/EF_skill1_06"},{"time":2.2,"name":"Dot_EF/EF_skill1_07"},{"time":2.2333,"name":null}]},"EF/EF_all/ef_dash_green/ef_dash_green_00001":{"attachment":[{"time":1,"name":"EF/EF_all/ef_dash_green/ef_dash_green_00001"},{"time":1.0333,"name":"EF/EF_all/ef_dash_green/ef_dash_green_00002"},{"time":1.0666,"name":"EF/EF_all/ef_dash_green/ef_dash_green_00003"},{"time":1.1,"name":"EF/EF_all/ef_dash_green/ef_dash_green_00004"},{"time":1.1333,"name":"EF/EF_all/ef_dash_green/ef_dash_green_00005"},{"time":1.1666,"name":"EF/EF_all/ef_dash_green/ef_dash_green_00006"},{"time":1.2,"name":"EF/EF_all/ef_dash_green/ef_dash_green_00007"},{"time":1.2333,"name":"EF/EF_all/ef_dash_green/ef_dash_green_00008"},{"time":1.2666,"name":"EF/EF_all/ef_dash_green/ef_dash_green_00009"},{"time":1.3,"name":"EF/EF_all/ef_dash_green/ef_dash_green_00010"},{"time":1.3333,"name":"EF/EF_all/ef_dash_green/ef_dash_green_00011"},{"time":1.3666,"name":"EF/EF_all/ef_dash_green/ef_dash_green_00012"},{"time":1.4,"name":"EF/EF_all/ef_dash_green/ef_dash_green_00013"},{"time":1.4333,"name":null},{"time":2.0333,"name":"EF/EF_all/ef_dash_green/ef_dash_green_00001"},{"time":2.0666,"name":"EF/EF_all/ef_dash_green/ef_dash_green_00002"},{"time":2.1,"name":"EF/EF_all/ef_dash_green/ef_dash_green_00003"},{"time":2.1333,"name":"EF/EF_all/ef_dash_green/ef_dash_green_00004"},{"time":2.1666,"name":"EF/EF_all/ef_dash_green/ef_dash_green_00005"},{"time":2.2,"name":"EF/EF_all/ef_dash_green/ef_dash_green_00006"},{"time":2.2333,"name":"EF/EF_all/ef_dash_green/ef_dash_green_00007"},{"time":2.2666,"name":"EF/EF_all/ef_dash_green/ef_dash_green_00008"},{"time":2.3,"name":"EF/EF_all/ef_dash_green/ef_dash_green_00009"},{"time":2.3333,"name":"EF/EF_all/ef_dash_green/ef_dash_green_00010"},{"time":2.3666,"name":"EF/EF_all/ef_dash_green/ef_dash_green_00011"},{"time":2.4,"name":"EF/EF_all/ef_dash_green/ef_dash_green_00012"},{"time":2.4333,"name":"EF/EF_all/ef_dash_green/ef_dash_green_00013"},{"time":2.4666,"name":null}]},"EF/EF_all/ef_dash_green/ef_dash_green_1":{"attachment":[{"time":1.1333,"name":"EF/EF_all/ef_dash_green/ef_dash_green_00001"},{"time":1.1666,"name":"EF/EF_all/ef_dash_green/ef_dash_green_00002"},{"time":1.2,"name":"EF/EF_all/ef_dash_green/ef_dash_green_00003"},{"time":1.2333,"name":"EF/EF_all/ef_dash_green/ef_dash_green_00004"},{"time":1.2666,"name":"EF/EF_all/ef_dash_green/ef_dash_green_00005"},{"time":1.3,"name":"EF/EF_all/ef_dash_green/ef_dash_green_00006"},{"time":1.3333,"name":"EF/EF_all/ef_dash_green/ef_dash_green_00007"},{"time":1.3666,"name":"EF/EF_all/ef_dash_green/ef_dash_green_00008"},{"time":1.4,"name":"EF/EF_all/ef_dash_green/ef_dash_green_00009"},{"time":1.4333,"name":"EF/EF_all/ef_dash_green/ef_dash_green_00010"},{"time":1.4666,"name":"EF/EF_all/ef_dash_green/ef_dash_green_00011"},{"time":1.5,"name":"EF/EF_all/ef_dash_green/ef_dash_green_00012"},{"time":1.5333,"name":"EF/EF_all/ef_dash_green/ef_dash_green_00013"},{"time":1.5666,"name":null},{"time":2.1666,"name":"EF/EF_all/ef_dash_green/ef_dash_green_00001"},{"time":2.2,"name":"EF/EF_all/ef_dash_green/ef_dash_green_00002"},{"time":2.2333,"name":"EF/EF_all/ef_dash_green/ef_dash_green_00003"},{"time":2.2666,"name":"EF/EF_all/ef_dash_green/ef_dash_green_00004"},{"time":2.3,"name":"EF/EF_all/ef_dash_green/ef_dash_green_00005"},{"time":2.3333,"name":"EF/EF_all/ef_dash_green/ef_dash_green_00006"},{"time":2.3666,"name":"EF/EF_all/ef_dash_green/ef_dash_green_00007"},{"time":2.4,"name":"EF/EF_all/ef_dash_green/ef_dash_green_00008"},{"time":2.4333,"name":"EF/EF_all/ef_dash_green/ef_dash_green_00009"},{"time":2.4666,"name":"EF/EF_all/ef_dash_green/ef_dash_green_00010"},{"time":2.5,"name":"EF/EF_all/ef_dash_green/ef_dash_green_00011"},{"time":2.5333,"name":"EF/EF_all/ef_dash_green/ef_dash_green_00012"},{"time":2.5666,"name":"EF/EF_all/ef_dash_green/ef_dash_green_00013"},{"time":2.6,"name":null}]},"EF/EF_all/ef_graund_wave_green/ef_graund_wave_green_00001":{"attachment":[{"time":0,"name":"EF/EF_all/ef_graund_wave_green/ef_graund_wave_green_00001"},{"time":0.0333,"name":"EF/EF_all/ef_graund_wave_green/ef_graund_wave_green_00002"},{"time":0.0666,"name":"EF/EF_all/ef_graund_wave_green/ef_graund_wave_green_00003"},{"time":0.1,"name":"EF/EF_all/ef_graund_wave_green/ef_graund_wave_green_00004"},{"time":0.1333,"name":"EF/EF_all/ef_graund_wave_green/ef_graund_wave_green_00005"},{"time":0.1666,"name":"EF/EF_all/ef_graund_wave_green/ef_graund_wave_green_00006"},{"time":0.2,"name":"EF/EF_all/ef_graund_wave_green/ef_graund_wave_green_00007"},{"time":0.2333,"name":"EF/EF_all/ef_graund_wave_green/ef_graund_wave_green_00008"},{"time":0.2666,"name":"EF/EF_all/ef_graund_wave_green/ef_graund_wave_green_00009"},{"time":0.3,"name":"EF/EF_all/ef_graund_wave_green/ef_graund_wave_green_00010"},{"time":0.3333,"name":"EF/EF_all/ef_graund_wave_green/ef_graund_wave_green_00011"},{"time":0.3666,"name":"EF/EF_all/ef_graund_wave_green/ef_graund_wave_green_00012"},{"time":0.4,"name":"EF/EF_all/ef_graund_wave_green/ef_graund_wave_green_00013"},{"time":0.4333,"name":"EF/EF_all/ef_graund_wave_green/ef_graund_wave_green_00014"},{"time":0.4666,"name":"EF/EF_all/ef_graund_wave_green/ef_graund_wave_green_00015"},{"time":0.5,"name":null},{"time":0.8666,"name":"EF/EF_all/ef_graund_wave_green/ef_graund_wave_green_00001"},{"time":0.9,"name":"EF/EF_all/ef_graund_wave_green/ef_graund_wave_green_00002"},{"time":0.9333,"name":"EF/EF_all/ef_graund_wave_green/ef_graund_wave_green_00003"},{"time":0.9666,"name":"EF/EF_all/ef_graund_wave_green/ef_graund_wave_green_00004"},{"time":1,"name":"EF/EF_all/ef_graund_wave_green/ef_graund_wave_green_00005"},{"time":1.0333,"name":"EF/EF_all/ef_graund_wave_green/ef_graund_wave_green_00006"},{"time":1.0666,"name":"EF/EF_all/ef_graund_wave_green/ef_graund_wave_green_00007"},{"time":1.1,"name":"EF/EF_all/ef_graund_wave_green/ef_graund_wave_green_00008"},{"time":1.1333,"name":"EF/EF_all/ef_graund_wave_green/ef_graund_wave_green_00009"},{"time":1.1666,"name":"EF/EF_all/ef_graund_wave_green/ef_graund_wave_green_00010"},{"time":1.2,"name":"EF/EF_all/ef_graund_wave_green/ef_graund_wave_green_00011"},{"time":1.2333,"name":"EF/EF_all/ef_graund_wave_green/ef_graund_wave_green_00012"},{"time":1.2666,"name":"EF/EF_all/ef_graund_wave_green/ef_graund_wave_green_00013"},{"time":1.3,"name":"EF/EF_all/ef_graund_wave_green/ef_graund_wave_green_00014"},{"time":1.3333,"name":"EF/EF_all/ef_graund_wave_green/ef_graund_wave_green_00015"},{"time":1.3666,"name":null},{"time":2,"name":"EF/EF_all/ef_graund_wave_green/ef_graund_wave_green_00001"},{"time":2.0333,"name":"EF/EF_all/ef_graund_wave_green/ef_graund_wave_green_00002"},{"time":2.0666,"name":"EF/EF_all/ef_graund_wave_green/ef_graund_wave_green_00003"},{"time":2.1,"name":"EF/EF_all/ef_graund_wave_green/ef_graund_wave_green_00004"},{"time":2.1333,"name":"EF/EF_all/ef_graund_wave_green/ef_graund_wave_green_00005"},{"time":2.1666,"name":"EF/EF_all/ef_graund_wave_green/ef_graund_wave_green_00006"},{"time":2.2,"name":"EF/EF_all/ef_graund_wave_green/ef_graund_wave_green_00007"},{"time":2.2333,"name":"EF/EF_all/ef_graund_wave_green/ef_graund_wave_green_00008"},{"time":2.2666,"name":"EF/EF_all/ef_graund_wave_green/ef_graund_wave_green_00009"},{"time":2.3,"name":"EF/EF_all/ef_graund_wave_green/ef_graund_wave_green_00010"},{"time":2.3333,"name":"EF/EF_all/ef_graund_wave_green/ef_graund_wave_green_00011"},{"time":2.3666,"name":"EF/EF_all/ef_graund_wave_green/ef_graund_wave_green_00012"},{"time":2.4,"name":"EF/EF_all/ef_graund_wave_green/ef_graund_wave_green_00013"},{"time":2.4333,"name":"EF/EF_all/ef_graund_wave_green/ef_graund_wave_green_00014"},{"time":2.4666,"name":"EF/EF_all/ef_graund_wave_green/ef_graund_wave_green_00015"},{"time":2.5,"name":null}]},"EF/EF_all/ef_graund_wave_green/ef_graund_wave_green_1":{"attachment":[{"time":1.5666,"name":"EF/EF_all/ef_graund_wave_green/ef_graund_wave_green_00001"},{"time":1.6,"name":"EF/EF_all/ef_graund_wave_green/ef_graund_wave_green_00002"},{"time":1.6333,"name":"EF/EF_all/ef_graund_wave_green/ef_graund_wave_green_00003"},{"time":1.6666,"name":"EF/EF_all/ef_graund_wave_green/ef_graund_wave_green_00004"},{"time":1.7,"name":"EF/EF_all/ef_graund_wave_green/ef_graund_wave_green_00005"},{"time":1.7333,"name":"EF/EF_all/ef_graund_wave_green/ef_graund_wave_green_00006"},{"time":1.7666,"name":"EF/EF_all/ef_graund_wave_green/ef_graund_wave_green_00007"},{"time":1.8,"name":"EF/EF_all/ef_graund_wave_green/ef_graund_wave_green_00008"},{"time":1.8333,"name":"EF/EF_all/ef_graund_wave_green/ef_graund_wave_green_00009"},{"time":1.8666,"name":"EF/EF_all/ef_graund_wave_green/ef_graund_wave_green_00010"},{"time":1.9,"name":"EF/EF_all/ef_graund_wave_green/ef_graund_wave_green_00011"},{"time":1.9333,"name":"EF/EF_all/ef_graund_wave_green/ef_graund_wave_green_00012"},{"time":1.9666,"name":"EF/EF_all/ef_graund_wave_green/ef_graund_wave_green_00013"},{"time":2,"name":"EF/EF_all/ef_graund_wave_green/ef_graund_wave_green_00014"},{"time":2.0333,"name":"EF/EF_all/ef_graund_wave_green/ef_graund_wave_green_00015"}]},"EF/EF_all/ef_graund_wave_green/ef_graund_wave_green_2":{"attachment":[{"time":1.1333,"name":"EF/EF_all/ef_graund_wave_green/ef_graund_wave_green_00001"},{"time":1.1666,"name":"EF/EF_all/ef_graund_wave_green/ef_graund_wave_green_00002"},{"time":1.2,"name":"EF/EF_all/ef_graund_wave_green/ef_graund_wave_green_00003"},{"time":1.2333,"name":"EF/EF_all/ef_graund_wave_green/ef_graund_wave_green_00004"},{"time":1.2666,"name":"EF/EF_all/ef_graund_wave_green/ef_graund_wave_green_00005"},{"time":1.3,"name":"EF/EF_all/ef_graund_wave_green/ef_graund_wave_green_00006"},{"time":1.3333,"name":"EF/EF_all/ef_graund_wave_green/ef_graund_wave_green_00007"},{"time":1.3666,"name":"EF/EF_all/ef_graund_wave_green/ef_graund_wave_green_00008"},{"time":1.4,"name":"EF/EF_all/ef_graund_wave_green/ef_graund_wave_green_00009"},{"time":1.4333,"name":"EF/EF_all/ef_graund_wave_green/ef_graund_wave_green_00010"},{"time":1.4666,"name":"EF/EF_all/ef_graund_wave_green/ef_graund_wave_green_00011"},{"time":1.5,"name":"EF/EF_all/ef_graund_wave_green/ef_graund_wave_green_00012"},{"time":1.5333,"name":"EF/EF_all/ef_graund_wave_green/ef_graund_wave_green_00013"},{"time":1.5666,"name":"EF/EF_all/ef_graund_wave_green/ef_graund_wave_green_00014"},{"time":1.6,"name":"EF/EF_all/ef_graund_wave_green/ef_graund_wave_green_00015"},{"time":1.6333,"name":null},{"time":2.1666,"name":"EF/EF_all/ef_graund_wave_green/ef_graund_wave_green_00001"},{"time":2.2,"name":"EF/EF_all/ef_graund_wave_green/ef_graund_wave_green_00002"},{"time":2.2333,"name":"EF/EF_all/ef_graund_wave_green/ef_graund_wave_green_00003"},{"time":2.2666,"name":"EF/EF_all/ef_graund_wave_green/ef_graund_wave_green_00004"},{"time":2.3,"name":"EF/EF_all/ef_graund_wave_green/ef_graund_wave_green_00005"},{"time":2.3333,"name":"EF/EF_all/ef_graund_wave_green/ef_graund_wave_green_00006"},{"time":2.3666,"name":"EF/EF_all/ef_graund_wave_green/ef_graund_wave_green_00007"},{"time":2.4,"name":"EF/EF_all/ef_graund_wave_green/ef_graund_wave_green_00008"},{"time":2.4333,"name":"EF/EF_all/ef_graund_wave_green/ef_graund_wave_green_00009"},{"time":2.4666,"name":"EF/EF_all/ef_graund_wave_green/ef_graund_wave_green_00010"},{"time":2.5,"name":"EF/EF_all/ef_graund_wave_green/ef_graund_wave_green_00011"},{"time":2.5333,"name":"EF/EF_all/ef_graund_wave_green/ef_graund_wave_green_00012"},{"time":2.5666,"name":"EF/EF_all/ef_graund_wave_green/ef_graund_wave_green_00013"},{"time":2.6,"name":"EF/EF_all/ef_graund_wave_green/ef_graund_wave_green_00014"},{"time":2.6333,"name":"EF/EF_all/ef_graund_wave_green/ef_graund_wave_green_00015"},{"time":2.6666,"name":null}]},"EF/ef_graund_circle_rot_main/ef_graund_circle_rot_main_00041":{"attachment":[{"time":0.1666,"name":"EF/ef_graund_circle_rot_main/ef_graund_circle_rot_main_00041"},{"time":0.2,"name":"EF/ef_graund_circle_rot_main/ef_graund_circle_rot_main_00042"},{"time":0.2333,"name":"EF/ef_graund_circle_rot_main/ef_graund_circle_rot_main_00043"},{"time":0.2666,"name":"EF/ef_graund_circle_rot_main/ef_graund_circle_rot_main_00044"},{"time":0.3,"name":"EF/ef_graund_circle_rot_main/ef_graund_circle_rot_main_00045"},{"time":0.3333,"name":"EF/ef_graund_circle_rot_main/ef_graund_circle_rot_main_00046"},{"time":0.3666,"name":"EF/ef_graund_circle_rot_main/ef_graund_circle_rot_main_00047"},{"time":0.4,"name":"EF/ef_graund_circle_rot_main/ef_graund_circle_rot_main_00048"},{"time":0.4333,"name":"EF/ef_graund_circle_rot_main/ef_graund_circle_rot_main_00049"},{"time":0.4666,"name":"EF/ef_graund_circle_rot_main/ef_graund_circle_rot_main_00050"},{"time":0.5,"name":"EF/ef_graund_circle_rot_main/ef_graund_circle_rot_main_00051"},{"time":0.5333,"name":"EF/ef_graund_circle_rot_main/ef_graund_circle_rot_main_00052"},{"time":0.5666,"name":"EF/ef_graund_circle_rot_main/ef_graund_circle_rot_main_00041"},{"time":0.6,"name":"EF/ef_graund_circle_rot_main/ef_graund_circle_rot_main_00042"},{"time":0.6333,"name":"EF/ef_graund_circle_rot_main/ef_graund_circle_rot_main_00043"},{"time":0.6666,"name":"EF/ef_graund_circle_rot_main/ef_graund_circle_rot_main_00044"},{"time":0.7,"name":"EF/ef_graund_circle_rot_main/ef_graund_circle_rot_main_00045"},{"time":0.7333,"name":"EF/ef_graund_circle_rot_main/ef_graund_circle_rot_main_00046"},{"time":0.7666,"name":"EF/ef_graund_circle_rot_main/ef_graund_circle_rot_main_00047"},{"time":0.8,"name":"EF/ef_graund_circle_rot_main/ef_graund_circle_rot_main_00048"},{"time":0.8333,"name":"EF/ef_graund_circle_rot_main/ef_graund_circle_rot_main_00049"},{"time":0.8666,"name":"EF/ef_graund_circle_rot_main/ef_graund_circle_rot_main_00050"},{"time":0.9,"name":"EF/ef_graund_circle_rot_main/ef_graund_circle_rot_main_00051"},{"time":0.9333,"name":"EF/ef_graund_circle_rot_main/ef_graund_circle_rot_main_00052"},{"time":0.9666,"name":null},{"time":1.5666,"name":"EF/ef_graund_circle_rot_main/ef_graund_circle_rot_main_00041"},{"time":1.6,"name":"EF/ef_graund_circle_rot_main/ef_graund_circle_rot_main_00042"},{"time":1.6333,"name":"EF/ef_graund_circle_rot_main/ef_graund_circle_rot_main_00043"},{"time":1.7,"name":"EF/ef_graund_circle_rot_main/ef_graund_circle_rot_main_00044"},{"time":1.7333,"name":"EF/ef_graund_circle_rot_main/ef_graund_circle_rot_main_00045"},{"time":1.7666,"name":"EF/ef_graund_circle_rot_main/ef_graund_circle_rot_main_00046"},{"time":1.8,"name":"EF/ef_graund_circle_rot_main/ef_graund_circle_rot_main_00047"},{"time":1.8333,"name":"EF/ef_graund_circle_rot_main/ef_graund_circle_rot_main_00048"},{"time":1.8666,"name":"EF/ef_graund_circle_rot_main/ef_graund_circle_rot_main_00049"},{"time":1.9333,"name":"EF/ef_graund_circle_rot_main/ef_graund_circle_rot_main_00050"},{"time":1.9666,"name":"EF/ef_graund_circle_rot_main/ef_graund_circle_rot_main_00051"},{"time":2,"name":"EF/ef_graund_circle_rot_main/ef_graund_circle_rot_main_00052"},{"time":2.0333,"name":null}],"color":[{"time":1.5666,"color":"ffffff00"},{"time":1.6666,"color":"ffffffff"}]},"EF/ef_slash_rot_A_main/ef_slash_rot_A_main_00001":{"attachment":[{"time":0.1666,"name":"EF/ef_slash_rot_A_main/ef_slash_rot_A_main_00001"},{"time":0.2,"name":"EF/ef_slash_rot_A_main/ef_slash_rot_A_main_00002"},{"time":0.2333,"name":"EF/ef_slash_rot_A_main/ef_slash_rot_A_main_00003"},{"time":0.2666,"name":"EF/ef_slash_rot_A_main/ef_slash_rot_A_main_00004"},{"time":0.3,"name":"EF/ef_slash_rot_A_main/ef_slash_rot_A_main_00005"},{"time":0.3333,"name":"EF/ef_slash_rot_A_main/ef_slash_rot_A_main_00006"},{"time":0.3666,"name":"EF/ef_slash_rot_A_main/ef_slash_rot_A_main_00007"},{"time":0.4,"name":"EF/ef_slash_rot_A_main/ef_slash_rot_A_main_00008"},{"time":0.4333,"name":"EF/ef_slash_rot_A_main/ef_slash_rot_A_main_00001"},{"time":0.4666,"name":"EF/ef_slash_rot_A_main/ef_slash_rot_A_main_00002"},{"time":0.5,"name":"EF/ef_slash_rot_A_main/ef_slash_rot_A_main_00003"},{"time":0.5333,"name":"EF/ef_slash_rot_A_main/ef_slash_rot_A_main_00004"},{"time":0.5666,"name":"EF/ef_slash_rot_A_main/ef_slash_rot_A_main_00005"},{"time":0.6,"name":"EF/ef_slash_rot_A_main/ef_slash_rot_A_main_00006"},{"time":0.6333,"name":"EF/ef_slash_rot_A_main/ef_slash_rot_A_main_00007"},{"time":0.6666,"name":"EF/ef_slash_rot_A_main/ef_slash_rot_A_main_00008"},{"time":0.7,"name":"EF/ef_slash_rot_A_main/ef_slash_rot_A_main_00009"},{"time":0.7333,"name":"EF/ef_slash_rot_A_main/ef_slash_rot_A_main_00001"},{"time":0.7666,"name":"EF/ef_slash_rot_A_main/ef_slash_rot_A_main_00002"},{"time":0.8,"name":"EF/ef_slash_rot_A_main/ef_slash_rot_A_main_00003"},{"time":0.8333,"name":"EF/ef_slash_rot_A_main/ef_slash_rot_A_main_00004"},{"time":0.8666,"name":"EF/ef_slash_rot_A_main/ef_slash_rot_A_main_00005"},{"time":0.9,"name":null},{"time":1.5666,"name":"EF/ef_slash_rot_A_main/ef_slash_rot_A_main_00001"},{"time":1.6,"name":"EF/ef_slash_rot_A_main/ef_slash_rot_A_main_00002"},{"time":1.6333,"name":"EF/ef_slash_rot_A_main/ef_slash_rot_A_main_00003"},{"time":1.6666,"name":"EF/ef_slash_rot_A_main/ef_slash_rot_A_main_00004"},{"time":1.7,"name":"EF/ef_slash_rot_A_main/ef_slash_rot_A_main_00005"},{"time":1.7333,"name":"EF/ef_slash_rot_A_main/ef_slash_rot_A_main_00006"},{"time":1.7666,"name":"EF/ef_slash_rot_A_main/ef_slash_rot_A_main_00007"},{"time":1.8,"name":"EF/ef_slash_rot_A_main/ef_slash_rot_A_main_00008"},{"time":1.8333,"name":"EF/ef_slash_rot_A_main/ef_slash_rot_A_main_00001"},{"time":1.8666,"name":"EF/ef_slash_rot_A_main/ef_slash_rot_A_main_00002"},{"time":1.9,"name":"EF/ef_slash_rot_A_main/ef_slash_rot_A_main_00003"},{"time":1.9333,"name":"EF/ef_slash_rot_A_main/ef_slash_rot_A_main_00004"},{"time":1.9666,"name":"EF/ef_slash_rot_A_main/ef_slash_rot_A_main_00005"},{"time":2,"name":"EF/ef_slash_rot_A_main/ef_slash_rot_A_main_00006"},{"time":2.0333,"name":"EF/ef_slash_rot_A_main/ef_slash_rot_A_main_00007"},{"time":2.0666,"name":null}]},"MAIN":{"attachment":[{"time":0,"name":"attack1_01"},{"time":0.1,"name":"attack1_02"},{"time":0.1666,"name":"attack1_06"},{"time":0.2333,"name":"skill1_00"},{"time":0.3333,"name":"skill1_01"},{"time":0.4333,"name":"skill1_02"},{"time":0.5333,"name":"skill1_04"},{"time":0.6333,"name":"skill1_05"},{"time":0.7333,"name":"skill1_03"},{"time":0.8333,"name":"skill1_04"},{"time":0.9,"name":"skill1_06"},{"time":1.1333,"name":"skill1_07"},{"time":1.4666,"name":"skill1_08"},{"time":1.5666,"name":"skill1_09"},{"time":1.6666,"name":"skill1_10"},{"time":1.7666,"name":"skill1_11"},{"time":1.8666,"name":"skill1_12"},{"time":1.9666,"name":"skill1_10"},{"time":2.0333,"name":"skill1_13"},{"time":2.1666,"name":"skill1_14"},{"time":2.4333,"name":"skill1_14"},{"time":2.5666,"name":"attack1_07"},{"time":2.6666,"name":"attack1_09"},{"time":2.8,"name":"idle_03"},{"time":2.9333,"name":"idle_00"}]}},"bones":{"MAIN":{"translate":[{"time":0,"x":0,"y":0,"curve":[0.139,0.58,0.75,1]},{"time":0.1333,"x":9.8,"y":0},{"time":0.8666,"x":-13.98,"y":0,"curve":[0.19,0.39,0.75,1]},{"time":1.1333,"x":-137.94,"y":0,"curve":[0.143,0.46,0.75,1]},{"time":1.4333,"x":-162.9,"y":0,"curve":[0.143,0.46,0.75,1]},{"time":1.4666,"x":-151.76,"y":0},{"time":2,"x":-131.95,"y":0,"curve":[0.148,0.59,0.75,1]},{"time":2.1666,"x":-21.04,"y":0,"curve":[0.091,0.6,0.75,1]},{"time":2.5666,"x":22.6,"y":0}]},"Dot_EF1_1":{"translate":[{"time":1.1333,"x":-320.82,"y":0,"curve":"stepped"},{"time":2.1666,"x":115.58,"y":0}]},"wave_green":{"translate":[{"time":0,"x":202.38,"y":0,"curve":"stepped"},{"time":0.8666,"x":95.3,"y":0,"curve":"stepped"},{"time":2,"x":127.69,"y":0}],"scale":[{"time":0,"x":1.619,"y":1.619,"curve":"stepped"},{"time":0.8666,"x":1.619,"y":1.619,"curve":"stepped"},{"time":2,"x":1.619,"y":1.619}]},"graund_circle":{"translate":[{"time":0.1666,"x":200.15,"y":-97.83,"curve":"stepped"},{"time":0.5666,"x":200.15,"y":-97.83,"curve":"stepped"},{"time":1.5666,"x":200.15,"y":-97.83}],"scale":[{"time":0.1666,"x":-2.28,"y":1.563,"curve":"stepped"},{"time":0.5666,"x":-2.28,"y":1.563,"curve":"stepped"},{"time":1.5666,"x":2.28,"y":1.563}]},"dash_green_1":{"translate":[{"time":1,"x":127.3,"y":4.57,"curve":"stepped"},{"time":2.0333,"x":-93.42,"y":4.57}],"scale":[{"time":1,"x":1.62,"y":1.62,"curve":"stepped"},{"time":2.0333,"x":-1.62,"y":1.62}]},"slash_rot_A":{"translate":[{"time":0.1666,"x":400.78,"y":64.58,"curve":"stepped"},{"time":0.4333,"x":400.78,"y":64.58,"curve":"stepped"},{"time":0.7333,"x":400.78,"y":64.58,"curve":"stepped"},{"time":1.5666,"x":400.78,"y":64.58,"curve":"stepped"},{"time":1.8333,"x":400.78,"y":64.58}],"scale":[{"time":0.1666,"x":2.528,"y":1.559,"curve":"stepped"},{"time":1.5666,"x":-2.53,"y":1.559}]},"wave_green2":{"translate":[{"time":1.5666,"x":34.37,"y":-2.64}],"scale":[{"time":1.5666,"x":1.619,"y":1.619}]},"wave_green3":{"translate":[{"time":1.1333,"x":-60.78,"y":-11.89,"curve":"stepped"},{"time":2.1666,"x":316.61,"y":-11.89}]},"dash_green_2":{"translate":[{"time":1.1333,"x":-228.96,"y":-8.63,"curve":"stepped"},{"time":2.1666,"x":283.4,"y":-8.63}],"scale":[{"time":1.1333,"x":-1,"y":1,"curve":"stepped"},{"time":2.1666,"x":1,"y":1}]},"DAMAGEAREA":{"translate":[{"time":0.3333,"x":-23,"y":43.7,"curve":"stepped"},{"time":0.5666,"x":-36.8,"y":43.7,"curve":"stepped"},{"time":1.0666,"x":-133.39,"y":34.5,"curve":"stepped"},{"time":1.6666,"x":-148.34,"y":34.5,"curve":"stepped"},{"time":2.1333,"x":-48.29,"y":34.5}],"scale":[{"time":0.3333,"x":3.265,"y":1,"curve":"stepped"},{"time":1.0666,"x":4.016,"y":1.425,"curve":"stepped"},{"time":1.6666,"x":3.416,"y":1.13,"curve":"stepped"},{"time":2.1333,"x":4.497,"y":1.558}]}},"events":[{"time":0,"name":"Event","float":0.1,"string":"kHitStopType_normal"},{"time":0.0666,"name":"Event","string":"runScript-addBuff"},{"time":0.1333,"name":"Sound3","string":"setHitSound(se_battle_025_blow_hit)"},{"time":0.1666,"name":"Sound1","string":"cri_se_battle_skill_shot"},{"time":0.3,"name":"Sound1","string":"cri_se_battle_skill_shot"},{"time":0.4333,"name":"Sound1","string":"cri_se_battle_skill_shot"},{"time":0.5666,"name":"Hit","string":"resetHitList"},{"time":0.5666,"name":"Sound1","string":"cri_se_battle_skill_shot"},{"time":0.7,"name":"Sound1","string":"cri_se_battle_skill_shot"},{"time":0.8333,"name":"Sound1","string":"cri_se_battle_skill_shot"},{"time":0.8333,"name":"Voice","string":"cri_202_voice_attack_random"},{"time":0.8666,"name":"Hit","string":"resetHitList"},{"time":0.9333,"name":"Sound1","string":"cri_se_battle_thunder_small"},{"time":1.0333,"name":"Event","float":0.25,"string":"kHitStopType_normal"},{"time":1.0666,"name":"Event2","string":"shakeGround"},{"time":1.0666,"name":"Hit","float":10,"string":"resetHitList"},{"time":1.2,"name":"Event","float":0.1,"string":"kHitStopType_normal"},{"time":1.5333,"name":"Sound1","string":"cri_se_battle_skill_shot"},{"time":1.6333,"name":"Event","string":"setHitBackEnemy(-50,0)"},{"time":1.6666,"name":"Hit","string":"resetHitList"},{"time":1.6666,"name":"Sound1","string":"cri_se_battle_skill_shot"},{"time":1.8,"name":"Sound1","string":"cri_se_battle_skill_shot"},{"time":1.9333,"name":"Sound1","string":"cri_se_battle_skill_shot"},{"time":1.9333,"name":"Voice","string":"cri_202_voice_skill_all"},{"time":2,"name":"Hit","string":"resetHitList"},{"time":2.0333,"name":"Sound1","string":"cri_se_battle_thunder_small"},{"time":2.1,"name":"Event","float":0.25,"string":"kHitStopType_normal"},{"time":2.1333,"name":"Event","int":-200,"string":"kImpactType_knock"},{"time":2.1333,"name":"Event2","string":"shakeGround"},{"time":2.1333,"name":"Hit","float":10,"string":"resetHitList"}]},"skill2":{"slots":{"DAMAGEAREA":{"attachment":[{"time":3.7,"name":"DAMAGEAREA"},{"time":4.5333,"name":null}]},"EF/EF_all/ef_graund_wave_green/ef_graund_wave_green_00001":{"attachment":[{"time":0.8333,"name":"EF/EF_all/ef_graund_wave_green/ef_graund_wave_green_00002"},{"time":0.8666,"name":"EF/EF_all/ef_graund_wave_green/ef_graund_wave_green_00004"},{"time":0.9,"name":"EF/EF_all/ef_graund_wave_green/ef_graund_wave_green_00005"},{"time":0.9333,"name":"EF/EF_all/ef_graund_wave_green/ef_graund_wave_green_00006"},{"time":0.9666,"name":"EF/EF_all/ef_graund_wave_green/ef_graund_wave_green_00007"},{"time":1,"name":"EF/EF_all/ef_graund_wave_green/ef_graund_wave_green_00008"},{"time":1.0333,"name":"EF/EF_all/ef_graund_wave_green/ef_graund_wave_green_00009"},{"time":1.0666,"name":"EF/EF_all/ef_graund_wave_green/ef_graund_wave_green_00010"},{"time":1.1,"name":"EF/EF_all/ef_graund_wave_green/ef_graund_wave_green_00011"},{"time":1.1333,"name":"EF/EF_all/ef_graund_wave_green/ef_graund_wave_green_00012"},{"time":1.1666,"name":"EF/EF_all/ef_graund_wave_green/ef_graund_wave_green_00013"},{"time":1.2,"name":"EF/EF_all/ef_graund_wave_green/ef_graund_wave_green_00014"},{"time":1.2333,"name":"EF/EF_all/ef_graund_wave_green/ef_graund_wave_green_00015"},{"time":1.2666,"name":null},{"time":3.6666,"name":"EF/EF_all/ef_graund_wave_green/ef_graund_wave_green_00001"},{"time":3.7,"name":"EF/EF_all/ef_graund_wave_green/ef_graund_wave_green_00002"},{"time":3.7333,"name":"EF/EF_all/ef_graund_wave_green/ef_graund_wave_green_00003"},{"time":3.7666,"name":"EF/EF_all/ef_graund_wave_green/ef_graund_wave_green_00004"},{"time":3.8,"name":"EF/EF_all/ef_graund_wave_green/ef_graund_wave_green_00005"},{"time":3.8333,"name":"EF/EF_all/ef_graund_wave_green/ef_graund_wave_green_00006"},{"time":3.8666,"name":"EF/EF_all/ef_graund_wave_green/ef_graund_wave_green_00007"},{"time":3.9,"name":"EF/EF_all/ef_graund_wave_green/ef_graund_wave_green_00008"},{"time":3.9333,"name":"EF/EF_all/ef_graund_wave_green/ef_graund_wave_green_00009"},{"time":3.9666,"name":"EF/EF_all/ef_graund_wave_green/ef_graund_wave_green_00010"},{"time":4,"name":"EF/EF_all/ef_graund_wave_green/ef_graund_wave_green_00011"},{"time":4.0333,"name":"EF/EF_all/ef_graund_wave_green/ef_graund_wave_green_00012"},{"time":4.0666,"name":"EF/EF_all/ef_graund_wave_green/ef_graund_wave_green_00013"},{"time":4.1,"name":"EF/EF_all/ef_graund_wave_green/ef_graund_wave_green_00014"},{"time":4.1333,"name":"EF/EF_all/ef_graund_wave_green/ef_graund_wave_green_00015"},{"time":4.1666,"name":null}]},"EF/EF_all/ef_graund_wave_green/ef_graund_wave_green_1":{"attachment":[{"time":3.8,"name":"EF/EF_all/ef_graund_wave_green/ef_graund_wave_green_00001"},{"time":3.8333,"name":"EF/EF_all/ef_graund_wave_green/ef_graund_wave_green_00002"},{"time":3.8666,"name":"EF/EF_all/ef_graund_wave_green/ef_graund_wave_green_00003"},{"time":3.9,"name":"EF/EF_all/ef_graund_wave_green/ef_graund_wave_green_00004"},{"time":3.9333,"name":"EF/EF_all/ef_graund_wave_green/ef_graund_wave_green_00005"},{"time":3.9666,"name":"EF/EF_all/ef_graund_wave_green/ef_graund_wave_green_00006"},{"time":4,"name":"EF/EF_all/ef_graund_wave_green/ef_graund_wave_green_00007"},{"time":4.0333,"name":"EF/EF_all/ef_graund_wave_green/ef_graund_wave_green_00008"},{"time":4.0666,"name":"EF/EF_all/ef_graund_wave_green/ef_graund_wave_green_00009"},{"time":4.1,"name":"EF/EF_all/ef_graund_wave_green/ef_graund_wave_green_00010"},{"time":4.1333,"name":"EF/EF_all/ef_graund_wave_green/ef_graund_wave_green_00011"},{"time":4.1666,"name":"EF/EF_all/ef_graund_wave_green/ef_graund_wave_green_00012"},{"time":4.2,"name":"EF/EF_all/ef_graund_wave_green/ef_graund_wave_green_00013"},{"time":4.2333,"name":"EF/EF_all/ef_graund_wave_green/ef_graund_wave_green_00014"},{"time":4.2666,"name":"EF/EF_all/ef_graund_wave_green/ef_graund_wave_green_00015"},{"time":4.3,"name":null}]},"EF/EF_all/ef_graund_wave_green/ef_graund_wave_green_2":{"attachment":[{"time":3.9333,"name":"EF/EF_all/ef_graund_wave_green/ef_graund_wave_green_00001"},{"time":3.9666,"name":"EF/EF_all/ef_graund_wave_green/ef_graund_wave_green_00002"},{"time":4,"name":"EF/EF_all/ef_graund_wave_green/ef_graund_wave_green_00003"},{"time":4.0333,"name":"EF/EF_all/ef_graund_wave_green/ef_graund_wave_green_00004"},{"time":4.0666,"name":"EF/EF_all/ef_graund_wave_green/ef_graund_wave_green_00005"},{"time":4.1,"name":"EF/EF_all/ef_graund_wave_green/ef_graund_wave_green_00006"},{"time":4.1333,"name":"EF/EF_all/ef_graund_wave_green/ef_graund_wave_green_00007"},{"time":4.1666,"name":"EF/EF_all/ef_graund_wave_green/ef_graund_wave_green_00008"},{"time":4.2,"name":"EF/EF_all/ef_graund_wave_green/ef_graund_wave_green_00009"},{"time":4.2333,"name":"EF/EF_all/ef_graund_wave_green/ef_graund_wave_green_00010"},{"time":4.2666,"name":"EF/EF_all/ef_graund_wave_green/ef_graund_wave_green_00011"},{"time":4.3,"name":"EF/EF_all/ef_graund_wave_green/ef_graund_wave_green_00012"},{"time":4.3333,"name":"EF/EF_all/ef_graund_wave_green/ef_graund_wave_green_00013"},{"time":4.3666,"name":"EF/EF_all/ef_graund_wave_green/ef_graund_wave_green_00014"},{"time":4.4,"name":"EF/EF_all/ef_graund_wave_green/ef_graund_wave_green_00015"},{"time":4.4333,"name":null}]},"EF/ef_dark_aura_main/ef_dark_aura_main_00002":{"attachment":[{"time":1.3666,"name":"EF/ef_dark_aura_main/ef_dark_aura_main_00002"},{"time":1.4,"name":"EF/ef_dark_aura_main/ef_dark_aura_main_00004"},{"time":1.4333,"name":"EF/ef_dark_aura_main/ef_dark_aura_main_00006"},{"time":1.4666,"name":"EF/ef_dark_aura_main/ef_dark_aura_main_00008"},{"time":1.5,"name":"EF/ef_dark_aura_main/ef_dark_aura_main_00010"},{"time":1.5333,"name":"EF/ef_dark_aura_main/ef_dark_aura_main_00012"},{"time":1.5666,"name":"EF/ef_dark_aura_main/ef_dark_aura_main_00014"},{"time":1.6,"name":"EF/ef_dark_aura_main/ef_dark_aura_main_00016"},{"time":1.6333,"name":"EF/ef_dark_aura_main/ef_dark_aura_main_00018"},{"time":1.6666,"name":"EF/ef_dark_aura_main/ef_dark_aura_main_00020"},{"time":1.7,"name":"EF/ef_dark_aura_main/ef_dark_aura_main_00022"},{"time":1.7333,"name":"EF/ef_dark_aura_main/ef_dark_aura_main_00024"},{"time":1.7666,"name":null},{"time":1.8,"name":"EF/ef_dark_aura_main/ef_dark_aura_main_00002"},{"time":1.8333,"name":"EF/ef_dark_aura_main/ef_dark_aura_main_00004"},{"time":1.8666,"name":"EF/ef_dark_aura_main/ef_dark_aura_main_00006"},{"time":1.9,"name":"EF/ef_dark_aura_main/ef_dark_aura_main_00008"},{"time":1.9333,"name":"EF/ef_dark_aura_main/ef_dark_aura_main_00010"},{"time":1.9666,"name":"EF/ef_dark_aura_main/ef_dark_aura_main_00012"},{"time":2,"name":"EF/ef_dark_aura_main/ef_dark_aura_main_00014"},{"time":2.0333,"name":"EF/ef_dark_aura_main/ef_dark_aura_main_00016"},{"time":2.0666,"name":"EF/ef_dark_aura_main/ef_dark_aura_main_00018"},{"time":2.1,"name":"EF/ef_dark_aura_main/ef_dark_aura_main_00020"},{"time":2.1333,"name":"EF/ef_dark_aura_main/ef_dark_aura_main_00022"},{"time":2.1666,"name":"EF/ef_dark_aura_main/ef_dark_aura_main_00024"},{"time":2.2,"name":null},{"time":2.5666,"name":"EF/ef_dark_aura_main/ef_dark_aura_main_00002"},{"time":2.6,"name":"EF/ef_dark_aura_main/ef_dark_aura_main_00004"},{"time":2.6333,"name":"EF/ef_dark_aura_main/ef_dark_aura_main_00006"},{"time":2.6666,"name":"EF/ef_dark_aura_main/ef_dark_aura_main_00008"},{"time":2.7,"name":"EF/ef_dark_aura_main/ef_dark_aura_main_00010"},{"time":2.7333,"name":"EF/ef_dark_aura_main/ef_dark_aura_main_00012"},{"time":2.7666,"name":"EF/ef_dark_aura_main/ef_dark_aura_main_00014"},{"time":2.8,"name":"EF/ef_dark_aura_main/ef_dark_aura_main_00016"},{"time":2.8333,"name":"EF/ef_dark_aura_main/ef_dark_aura_main_00018"},{"time":2.8666,"name":"EF/ef_dark_aura_main/ef_dark_aura_main_00020"},{"time":2.9,"name":"EF/ef_dark_aura_main/ef_dark_aura_main_00022"},{"time":2.9333,"name":"EF/ef_dark_aura_main/ef_dark_aura_main_00024"},{"time":2.9666,"name":null},{"time":3.1666,"name":"EF/ef_dark_aura_main/ef_dark_aura_main_00002"},{"time":3.2333,"name":"EF/ef_dark_aura_main/ef_dark_aura_main_00004"},{"time":3.3,"name":"EF/ef_dark_aura_main/ef_dark_aura_main_00006"},{"time":3.3666,"name":"EF/ef_dark_aura_main/ef_dark_aura_main_00008"},{"time":3.4333,"name":"EF/ef_dark_aura_main/ef_dark_aura_main_00010"},{"time":3.5,"name":"EF/ef_dark_aura_main/ef_dark_aura_main_00012"},{"time":3.5666,"name":"EF/ef_dark_aura_main/ef_dark_aura_main_00014"},{"time":3.6333,"name":"EF/ef_dark_aura_main/ef_dark_aura_main_00016"},{"time":3.6666,"name":null},{"time":4.1666,"name":"EF/ef_dark_aura_main/ef_dark_aura_main_00002"},{"time":4.2333,"name":"EF/ef_dark_aura_main/ef_dark_aura_main_00004"},{"time":4.3,"name":"EF/ef_dark_aura_main/ef_dark_aura_main_00006"},{"time":4.3666,"name":"EF/ef_dark_aura_main/ef_dark_aura_main_00008"},{"time":4.4333,"name":"EF/ef_dark_aura_main/ef_dark_aura_main_00010"},{"time":4.5,"name":"EF/ef_dark_aura_main/ef_dark_aura_main_00012"},{"time":4.5666,"name":"EF/ef_dark_aura_main/ef_dark_aura_main_00014"},{"time":4.6333,"name":"EF/ef_dark_aura_main/ef_dark_aura_main_00016"},{"time":4.7,"name":null}]},"EF/ef_dark_aura_main/ef_dark_aura_main_2":{"attachment":[{"time":2.8333,"name":"EF/ef_dark_aura_main/ef_dark_aura_main_00002"},{"time":2.9,"name":"EF/ef_dark_aura_main/ef_dark_aura_main_00004"},{"time":2.9666,"name":"EF/ef_dark_aura_main/ef_dark_aura_main_00006"},{"time":3.0333,"name":"EF/ef_dark_aura_main/ef_dark_aura_main_00008"},{"time":3.1,"name":"EF/ef_dark_aura_main/ef_dark_aura_main_00010"},{"time":3.1666,"name":"EF/ef_dark_aura_main/ef_dark_aura_main_00012"},{"time":3.2333,"name":"EF/ef_dark_aura_main/ef_dark_aura_main_00014"},{"time":3.3,"name":"EF/ef_dark_aura_main/ef_dark_aura_main_00016"},{"time":3.3666,"name":"EF/ef_dark_aura_main/ef_dark_aura_main_00018"},{"time":3.4333,"name":"EF/ef_dark_aura_main/ef_dark_aura_main_00020"},{"time":3.5,"name":"EF/ef_dark_aura_main/ef_dark_aura_main_00022"},{"time":3.5666,"name":"EF/ef_dark_aura_main/ef_dark_aura_main_00024"},{"time":3.6333,"name":null},{"time":3.7,"name":"EF/ef_dark_aura_main/ef_dark_aura_main_00002"},{"time":3.7333,"name":"EF/ef_dark_aura_main/ef_dark_aura_main_00004"},{"time":3.8,"name":"EF/ef_dark_aura_main/ef_dark_aura_main_00006"},{"time":3.8333,"name":"EF/ef_dark_aura_main/ef_dark_aura_main_00008"},{"time":3.9,"name":"EF/ef_dark_aura_main/ef_dark_aura_main_00010"},{"time":3.9333,"name":"EF/ef_dark_aura_main/ef_dark_aura_main_00012"},{"time":4,"name":"EF/ef_dark_aura_main/ef_dark_aura_main_00014"},{"time":4.0666,"name":"EF/ef_dark_aura_main/ef_dark_aura_main_00016"},{"time":4.1333,"name":"EF/ef_dark_aura_main/ef_dark_aura_main_00018"},{"time":4.2,"name":"EF/ef_dark_aura_main/ef_dark_aura_main_00020"},{"time":4.2666,"name":"EF/ef_dark_aura_main/ef_dark_aura_main_00022"},{"time":4.3333,"name":"EF/ef_dark_aura_main/ef_dark_aura_main_00024"},{"time":4.4,"name":null}]},"EF/ef_slash_A_main/ef_slash_A_main_00001":{"attachment":[{"time":0.8333,"name":"EF/ef_slash_A_main/ef_slash_A_main_00001"},{"time":0.8666,"name":"EF/ef_slash_A_main/ef_slash_A_main_00002"},{"time":0.9,"name":"EF/ef_slash_A_main/ef_slash_A_main_00003"},{"time":0.9333,"name":"EF/ef_slash_A_main/ef_slash_A_main_00004"},{"time":0.9666,"name":"EF/ef_slash_A_main/ef_slash_A_main_00005"},{"time":1,"name":"EF/ef_slash_A_main/ef_slash_A_main_00006"},{"time":1.0333,"name":"EF/ef_slash_A_main/ef_slash_A_main_00007"},{"time":1.0666,"name":null},{"time":3.6666,"name":"EF/ef_slash_A_main/ef_slash_A_main_00001"},{"time":3.7,"name":"EF/ef_slash_A_main/ef_slash_A_main_00002"},{"time":3.7333,"name":"EF/ef_slash_A_main/ef_slash_A_main_00003"},{"time":3.7666,"name":"EF/ef_slash_A_main/ef_slash_A_main_00004"},{"time":3.8,"name":"EF/ef_slash_A_main/ef_slash_A_main_00005"},{"time":3.8333,"name":null}]},"EF/ef_slash_rot_B_main/ef_slash_rot_B_main_00001":{"attachment":[{"time":0.8333,"name":null},{"time":1.3666,"name":"EF/ef_slash_rot_B_main/ef_slash_rot_B_main_00001"},{"time":1.4,"name":"EF/ef_slash_rot_B_main/ef_slash_rot_B_main_00002"},{"time":1.4333,"name":"EF/ef_slash_rot_B_main/ef_slash_rot_B_main_00003"},{"time":1.4666,"name":"EF/ef_slash_rot_B_main/ef_slash_rot_B_main_00004"},{"time":1.5,"name":"EF/ef_slash_rot_B_main/ef_slash_rot_B_main_00005"},{"time":1.5333,"name":"EF/ef_slash_rot_B_main/ef_slash_rot_B_main_00006"},{"time":1.5666,"name":"EF/ef_slash_rot_B_main/ef_slash_rot_B_main_00007"},{"time":1.6,"name":"EF/ef_slash_rot_B_main/ef_slash_rot_B_main_00001"},{"time":1.6333,"name":"EF/ef_slash_rot_B_main/ef_slash_rot_B_main_00002"},{"time":1.6666,"name":"EF/ef_slash_rot_B_main/ef_slash_rot_B_main_00003"},{"time":1.7,"name":"EF/ef_slash_rot_B_main/ef_slash_rot_B_main_00004"},{"time":1.7333,"name":"EF/ef_slash_rot_B_main/ef_slash_rot_B_main_00005"},{"time":1.7666,"name":"EF/ef_slash_rot_B_main/ef_slash_rot_B_main_00006"},{"time":1.8,"name":"EF/ef_slash_rot_B_main/ef_slash_rot_B_main_00007"},{"time":1.8333,"name":"EF/ef_slash_rot_B_main/ef_slash_rot_B_main_00001"},{"time":1.8666,"name":"EF/ef_slash_rot_B_main/ef_slash_rot_B_main_00002"},{"time":1.9,"name":"EF/ef_slash_rot_B_main/ef_slash_rot_B_main_00003"},{"time":1.9333,"name":"EF/ef_slash_rot_B_main/ef_slash_rot_B_main_00004"},{"time":1.9666,"name":"EF/ef_slash_rot_B_main/ef_slash_rot_B_main_00005"},{"time":2,"name":"EF/ef_slash_rot_B_main/ef_slash_rot_B_main_00006"},{"time":2.0333,"name":"EF/ef_slash_rot_B_main/ef_slash_rot_B_main_00007"},{"time":2.0666,"name":null},{"time":4.8,"name":"EF/ef_slash_rot_B_main/ef_slash_rot_B_main_00001"},{"time":4.8333,"name":"EF/ef_slash_rot_B_main/ef_slash_rot_B_main_00002"},{"time":4.8666,"name":"EF/ef_slash_rot_B_main/ef_slash_rot_B_main_00003"},{"time":4.9,"name":"EF/ef_slash_rot_B_main/ef_slash_rot_B_main_00004"},{"time":4.9333,"name":"EF/ef_slash_rot_B_main/ef_slash_rot_B_main_00005"},{"time":4.9666,"name":"EF/ef_slash_rot_B_main/ef_slash_rot_B_main_00006"},{"time":5,"name":"EF/ef_slash_rot_B_main/ef_slash_rot_B_main_00007"},{"time":5.0333,"name":"EF/ef_slash_rot_B_main/ef_slash_rot_B_main_00001"},{"time":5.0666,"name":"EF/ef_slash_rot_B_main/ef_slash_rot_B_main_00002"},{"time":5.1,"name":"EF/ef_slash_rot_B_main/ef_slash_rot_B_main_00003"},{"time":5.1333,"name":"EF/ef_slash_rot_B_main/ef_slash_rot_B_main_00004"},{"time":5.1666,"name":"EF/ef_slash_rot_B_main/ef_slash_rot_B_main_00005"},{"time":5.2,"name":"EF/ef_slash_rot_B_main/ef_slash_rot_B_main_00007"},{"time":5.2333,"name":null}]},"EF/ef_slash_rot_B_main/ef_slash_rot_B_main_1":{"attachment":[{"time":1.3666,"name":"EF/ef_slash_rot_B_main/ef_slash_rot_B_main_00005"},{"time":1.4,"name":"EF/ef_slash_rot_B_main/ef_slash_rot_B_main_00006"},{"time":1.4333,"name":"EF/ef_slash_rot_B_main/ef_slash_rot_B_main_00007"},{"time":1.4666,"name":"EF/ef_slash_rot_B_main/ef_slash_rot_B_main_00001"},{"time":1.5,"name":"EF/ef_slash_rot_B_main/ef_slash_rot_B_main_00002"},{"time":1.5333,"name":"EF/ef_slash_rot_B_main/ef_slash_rot_B_main_00003"},{"time":1.5666,"name":"EF/ef_slash_rot_B_main/ef_slash_rot_B_main_00004"},{"time":1.6,"name":"EF/ef_slash_rot_B_main/ef_slash_rot_B_main_00005"},{"time":1.6333,"name":"EF/ef_slash_rot_B_main/ef_slash_rot_B_main_00006"},{"time":1.6666,"name":"EF/ef_slash_rot_B_main/ef_slash_rot_B_main_00007"},{"time":1.7,"name":"EF/ef_slash_rot_B_main/ef_slash_rot_B_main_00001"},{"time":1.7333,"name":"EF/ef_slash_rot_B_main/ef_slash_rot_B_main_00002"},{"time":1.7666,"name":"EF/ef_slash_rot_B_main/ef_slash_rot_B_main_00003"},{"time":1.8,"name":"EF/ef_slash_rot_B_main/ef_slash_rot_B_main_00004"},{"time":1.8333,"name":"EF/ef_slash_rot_B_main/ef_slash_rot_B_main_00005"},{"time":1.8666,"name":"EF/ef_slash_rot_B_main/ef_slash_rot_B_main_00006"},{"time":1.9,"name":"EF/ef_slash_rot_B_main/ef_slash_rot_B_main_00007"},{"time":1.9333,"name":null},{"time":4.7,"name":"EF/ef_slash_rot_B_main/ef_slash_rot_B_main_00002"},{"time":4.7333,"name":"EF/ef_slash_rot_B_main/ef_slash_rot_B_main_00003"},{"time":4.7666,"name":"EF/ef_slash_rot_B_main/ef_slash_rot_B_main_00004"},{"time":4.8,"name":"EF/ef_slash_rot_B_main/ef_slash_rot_B_main_00005"},{"time":4.8333,"name":"EF/ef_slash_rot_B_main/ef_slash_rot_B_main_00006"},{"time":4.8666,"name":"EF/ef_slash_rot_B_main/ef_slash_rot_B_main_00007"},{"time":4.9,"name":"EF/ef_slash_rot_B_main/ef_slash_rot_B_main_00001"},{"time":4.9333,"name":"EF/ef_slash_rot_B_main/ef_slash_rot_B_main_00002"},{"time":4.9666,"name":"EF/ef_slash_rot_B_main/ef_slash_rot_B_main_00003"},{"time":5,"name":"EF/ef_slash_rot_B_main/ef_slash_rot_B_main_00004"},{"time":5.0333,"name":"EF/ef_slash_rot_B_main/ef_slash_rot_B_main_00005"},{"time":5.0666,"name":"EF/ef_slash_rot_B_main/ef_slash_rot_B_main_00006"},{"time":5.1,"name":"EF/ef_slash_rot_B_main/ef_slash_rot_B_main_00007"},{"time":5.1333,"name":null}]},"Hummer":{"attachment":[{"time":1.3666,"name":"Hummer/Hummer_00"},{"time":1.4,"name":"Hummer/Hummer_01"},{"time":1.4333,"name":"Hummer/Hummer_00"},{"time":1.4666,"name":"Hummer/Hummer_01"},{"time":1.5,"name":"Hummer/Hummer_00"},{"time":1.5333,"name":"Hummer/Hummer_01"},{"time":1.5666,"name":"Hummer/Hummer_00"},{"time":1.6,"name":"Hummer/Hummer_01"},{"time":1.6333,"name":"Hummer/Hummer_00"},{"time":1.6666,"name":"Hummer/Hummer_01"},{"time":1.7,"name":"Hummer/Hummer_00"},{"time":1.7333,"name":"Hummer/Hummer_01"},{"time":1.7666,"name":"Hummer/Hummer_00"},{"time":1.8,"name":"Hummer/Hummer_01"},{"time":1.8333,"name":"Hummer/Hummer_00"},{"time":1.8666,"name":"Hummer/Hummer_01"},{"time":1.9,"name":"Hummer/Hummer_00"},{"time":1.9666,"name":"Hummer/Hummer_01"},{"time":2.0333,"name":"Hummer/Hummer_02"},{"time":2.5333,"name":"Hummer/Hummer_03"},{"time":2.8666,"name":"Hummer/Hummer_04"},{"time":2.9,"name":"Hummer/Hummer_05"},{"time":2.9333,"name":"Hummer/Hummer_06"},{"time":3.6666,"name":"Hummer/Hummer_07"},{"time":3.7333,"name":"Hummer/Hummer_08"},{"time":3.8333,"name":"Hummer/Hummer_09"},{"time":4.7,"name":"Hummer/Hummer_10"},{"time":4.7333,"name":"Hummer/Hummer_10"},{"time":4.7666,"name":"Hummer/Hummer_00"},{"time":4.8,"name":"Hummer/Hummer_01"},{"time":4.8333,"name":"Hummer/Hummer_00"},{"time":4.8666,"name":"Hummer/Hummer_01"},{"time":4.9,"name":"Hummer/Hummer_00"},{"time":4.9333,"name":"Hummer/Hummer_01"},{"time":4.9666,"name":"Hummer/Hummer_00"},{"time":5,"name":"Hummer/Hummer_01"},{"time":5.0333,"name":"Hummer/Hummer_00"},{"time":5.0666,"name":"Hummer/Hummer_01"},{"time":5.1,"name":"Hummer/Hummer_00"},{"time":5.1333,"name":"Hummer/Hummer_01"},{"time":5.1666,"name":null}]},"MAIN":{"attachment":[{"time":0,"name":"idle_00"},{"time":0.0333,"name":"attack1_10"},{"time":0.0666,"name":"back_00"},{"time":0.5,"name":"attack1_10"},{"time":0.5333,"name":"skill2_01"},{"time":0.6333,"name":"skill2_00"},{"time":0.7333,"name":"skill2_01"},{"time":0.8333,"name":"skill2_02"},{"time":0.9,"name":"skill2_03"},{"time":1.3666,"name":"skill2_04"},{"time":1.8666,"name":"skill2_05"},{"time":2,"name":"skill2_06"},{"time":2.7,"name":"skill2_05"},{"time":2.8,"name":"skill2_07"},{"time":2.9,"name":"skill2_08"},{"time":2.9666,"name":"skill2_09"},{"time":3.6666,"name":"skill2_10"},{"time":4.5333,"name":"skill2_05"},{"time":4.6333,"name":"skill2_07"},{"time":4.7,"name":"skill2_06"},{"time":5.1666,"name":"skill2_11"},{"time":5.2666,"name":"attack1_09"},{"time":5.3666,"name":"idle_02"},{"time":5.5333,"name":"idle_03"},{"time":5.7,"name":"idle_00"}],"color":[{"time":0,"color":"ffffffff"},{"time":0.1666,"color":"ffffff00","curve":"stepped"},{"time":0.5,"color":"ffffff00"},{"time":0.6,"color":"ffffffff"}]}},"bones":{"MAIN":{"translate":[{"time":0,"x":0,"y":0},{"time":0.0333,"x":0,"y":-1.36},{"time":0.0666,"x":18.91,"y":5.51},{"time":0.1666,"x":88.1,"y":31.2,"curve":"stepped"},{"time":0.5,"x":0,"y":0},{"time":0.6,"x":-5.26,"y":0},{"time":0.7333,"x":-2.6,"y":0,"curve":[0.128,0.86,0.44,0.95]},{"time":0.9,"x":28.47,"y":0,"curve":[0.146,0.82,0.626,0.95]},{"time":1.1333,"x":35.92,"y":0,"curve":"stepped"},{"time":1.3333,"x":35.92,"y":0},{"time":1.3666,"x":-8.99,"y":0,"curve":[0.149,0.51,0.75,1]},{"time":1.8333,"x":-10.52,"y":0,"curve":"stepped"},{"time":1.8666,"x":-10.52,"y":0,"curve":[0.121,0.52,0.75,1]},{"time":1.9666,"x":-10.52,"y":-3.8,"curve":"stepped"},{"time":2,"x":-10.52,"y":-0.27},{"time":2.0333,"x":-10.52,"y":3.97},{"time":2.1,"x":-10.52,"y":-0.27,"curve":"stepped"},{"time":2.7,"x":-10.52,"y":-0.27,"curve":[0.172,0.83,0.75,1]},{"time":3.1,"x":-4.15,"y":-0.27,"curve":"stepped"},{"time":3.6666,"x":-10.52,"y":0},{"time":3.7,"x":-10.52,"y":-5.07},{"time":3.7333,"x":-10.52,"y":0},{"time":3.7666,"x":-10.52,"y":-5.07},{"time":3.8333,"x":-10.52,"y":0,"curve":"stepped"},{"time":4.5333,"x":-10.52,"y":0},{"time":4.6,"x":-10.52,"y":-2.55},{"time":4.7,"x":-10.52,"y":0,"curve":"stepped"},{"time":5.1666,"x":-10.52,"y":0}]},"Hummer":{"rotate":[{"time":2.8666,"angle":0,"curve":[0.1,0.63,0.75,1]},{"time":3.0333,"angle":-13.66,"curve":"stepped"},{"time":3.6666,"angle":-79.18,"curve":[0.25,0,0.75,1]},{"time":3.7333,"angle":325}],"translate":[{"time":1.3666,"x":-53.93,"y":147.66,"curve":[0.131,0.56,0.75,1]},{"time":2,"x":-53.93,"y":288.89,"curve":"stepped"},{"time":2.0333,"x":-53.93,"y":205.4,"curve":"stepped"},{"time":2.0666,"x":-53.93,"y":205.4,"curve":[0.173,0.68,0.75,1]},{"time":2.5,"x":-53.93,"y":206.6,"curve":"stepped"},{"time":2.5333,"x":-53.08,"y":151.14},{"time":2.8333,"x":-53.08,"y":155.95,"curve":[0.141,0.58,0.75,1]},{"time":3.1333,"x":-45.86,"y":155.95,"curve":"stepped"},{"time":3.6333,"x":-45.86,"y":155.95,"curve":[0.127,0.5,0.75,1]},{"time":3.7333,"x":-45.86,"y":68.13},{"time":3.7666,"x":-45.86,"y":48.89},{"time":3.8,"x":-45.86,"y":71.09},{"time":3.8333,"x":-45.86,"y":62.21},{"time":3.8666,"x":-45.86,"y":71.09,"curve":"stepped"},{"time":4.7,"x":-319.83,"y":33.06,"curve":[0.12,0.41,0.75,1]},{"time":5.1333,"x":-82.91,"y":190.04}]},"slash_rot_B_1":{"translate":[{"time":1.3666,"x":498.01,"y":0,"curve":"stepped"},{"time":1.6,"x":498.01,"y":0,"curve":"stepped"},{"time":1.8333,"x":498.01,"y":0,"curve":"stepped"},{"time":2.0333,"x":498.01,"y":67.2,"curve":"stepped"},{"time":4.8,"x":498.01,"y":0,"curve":"stepped"},{"time":5.0333,"x":498.01,"y":0,"curve":"stepped"},{"time":5.1666,"x":593.23,"y":-2.43}],"scale":[{"time":1.3666,"x":1.66,"y":-1.659,"curve":"stepped"},{"time":1.6,"x":1.66,"y":-1.659,"curve":"stepped"},{"time":1.8333,"x":1.66,"y":-1.659,"curve":"stepped"},{"time":4.8,"x":1.66,"y":-1.659,"curve":"stepped"},{"time":5.0333,"x":1.66,"y":-1.659}]},"slash_A":{"rotate":[{"time":3.6666,"angle":14.28}],"translate":[{"time":0.8333,"x":416.28,"y":-25.99,"curve":"stepped"},{"time":3.6666,"x":130.9,"y":-96.56}],"scale":[{"time":0.8333,"x":2.251,"y":1.911,"curve":"stepped"},{"time":3.6666,"x":-4.685,"y":3.991}]},"wave_green":{"translate":[{"time":0.8333,"x":239.33,"y":-6.46,"curve":"stepped"},{"time":3.6666,"x":-78.38,"y":-25.03}],"scale":[{"time":0.8333,"x":1.476,"y":1.476,"curve":"stepped"},{"time":3.6666,"x":2.595,"y":2.595}]},"slash_rot_B_2":{"translate":[{"time":1.3666,"x":499.42,"y":-0.94,"curve":"stepped"},{"time":1.4666,"x":499.42,"y":-0.94,"curve":"stepped"},{"time":1.7,"x":499.42,"y":-0.94,"curve":"stepped"},{"time":4.6666,"x":536.92,"y":35.53,"curve":"stepped"},{"time":4.9,"x":506.52,"y":10.62}],"scale":[{"time":1.3666,"x":1.66,"y":-1.66,"curve":"stepped"},{"time":1.4666,"x":1.66,"y":-1.66,"curve":"stepped"},{"time":1.7,"x":1.66,"y":-1.66,"curve":"stepped"},{"time":4.6666,"x":1.66,"y":-1.66,"curve":"stepped"},{"time":4.9,"x":1.66,"y":-1.66}]},"dark_aura_1":{"rotate":[{"time":4.1666,"angle":35.25}],"translate":[{"time":1.3666,"x":300.2,"y":-137.93,"curve":"stepped"},{"time":1.8,"x":300.2,"y":-137.93,"curve":"stepped"},{"time":2.5666,"x":327.09,"y":-15.42,"curve":"stepped"},{"time":3.1666,"x":529.09,"y":-98.64,"curve":"stepped"},{"time":4.1666,"x":100.52,"y":-105.92}],"scale":[{"time":1.3666,"x":1.601,"y":1.601,"curve":"stepped"},{"time":1.8,"x":1.601,"y":1.601,"curve":"stepped"},{"time":2.5666,"x":3.399,"y":3.399,"curve":"stepped"},{"time":3.1666,"x":-2.683,"y":2.706,"curve":"stepped"},{"time":4.1666,"x":4.02,"y":4.02}]},"dark_aura_2":{"rotate":[{"time":3.7,"angle":35.25}],"translate":[{"time":2.8333,"x":536.09,"y":-101.84,"curve":"stepped"},{"time":3.7,"x":123.08,"y":-190.48}],"scale":[{"time":2.8333,"x":2.909,"y":2.909,"curve":"stepped"},{"time":3.7,"x":4.02,"y":4.02}]},"wave_green2":{"translate":[{"time":3.8,"x":-78.38,"y":-25.03}],"scale":[{"time":3.8,"x":2.595,"y":2.595}]},"wave_green3":{"translate":[{"time":3.9333,"x":-78.38,"y":-25.03}],"scale":[{"time":3.9333,"x":2.595,"y":2.595}]},"DAMAGEAREA":{"translate":[{"time":3.7,"x":-172.33,"y":270.86}],"scale":[{"time":3.7,"x":7.504,"y":5.506}]}},"events":[{"time":0,"name":"Event","float":0.3,"string":"kHitStopType_normal"},{"time":0,"name":"Voice","string":"cri_202_voice_fullarts_now"},{"time":0.0333,"name":"Sound1","string":"cri_se_battle_teleport"},{"time":0.4,"name":"Event","int":200,"string":"setPosition_Target"},{"time":0.8,"name":"Sound1","string":"cri_se_battle_skill_shot"},{"time":0.8,"name":"Sound2","string":"cri_se_battle_spark"},{"time":1.3333,"name":"Event","string":"runScript-addBuff2"},{"time":1.3333,"name":"Sound1","string":"cri_se_battle_skill_shot"},{"time":1.3666,"name":"Event","string":"runSkillEffect"},{"time":1.3666,"name":"Event2","string":"shakeGround"},{"time":1.4666,"name":"Sound1","string":"cri_se_battle_skill_shot"},{"time":1.6,"name":"Sound1","string":"cri_se_battle_skill_shot"},{"time":1.6666,"name":"Sound2","string":"cri_se_battle_spark"},{"time":1.7333,"name":"Sound1","string":"cri_se_battle_skill_shot"},{"time":1.8666,"name":"Sound1","string":"cri_se_battle_skill_shot"},{"time":2,"name":"Sound1","string":"cri_se_battle_skill_shot"},{"time":2,"name":"Sound2","string":"cri_se_battle_charge_long"},{"time":2.3333,"name":"Sound1","string":"cri_se_battle_037_explosion_element_05"},{"time":3.1666,"name":"Voice","string":"cri_202_voice_fullarts_rank5"},{"time":3.6333,"name":"Event","string":"setHitBackEnemy(0,15)"},{"time":3.6333,"name":"Sound1","string":"cri_se_battle_skill_swish"},{"time":3.6666,"name":"Event","string":"kImpactType_up"},{"time":3.6666,"name":"Sound1","string":"cri_se_battle_030_explosion_02"},{"time":3.6666,"name":"Sound2","string":"cri_se_battle_skill_reaper"},{"time":3.6666,"name":"Sound3","string":"setHitSound(se_battle_007_attack_hit_01)"},{"time":3.7,"name":"Event2","float":3,"string":"shakeGround"},{"time":3.7666,"name":"Event","float":0.1,"string":"kHitStopType_enemyonly"},{"time":3.7666,"name":"Hit","string":"resetHitList"},{"time":3.8333,"name":"Hit","string":"resetHitList"},{"time":3.9,"name":"Hit","string":"resetHitList"},{"time":3.9666,"name":"Hit","string":"resetHitList"},{"time":4.0333,"name":"Hit","string":"resetHitList"},{"time":4.1,"name":"Hit","string":"resetHitList"},{"time":4.1666,"name":"Hit","string":"resetHitList"},{"time":4.2333,"name":"Hit","string":"resetHitList"},{"time":4.3,"name":"Hit","string":"resetHitList"},{"time":4.3666,"name":"Hit","string":"resetHitList"},{"time":4.4333,"name":"Hit","string":"resetHitList"},{"time":4.7,"name":"Sound1","string":"cri_se_battle_skill_shot"},{"time":4.8333,"name":"Sound1","string":"cri_se_battle_skill_shot"},{"time":4.9666,"name":"Sound1","string":"cri_se_battle_skill_shot"},{"time":5.1,"name":"Sound1","string":"cri_se_battle_skill_shot"},{"time":5.1666,"name":"Sound1","string":"cri_se_battle_landing"}]}}}