{"skeleton":{"hash":"p0jTgbkOpQZGFQNH7Ujota8fm5Q","spine":"3.0.12","width":0,"height":0,"images":"./images/"},"bones":[{"name":"root"},{"name":"MAIN","parent":"root","y":100}],"slots":[{"name":"MAIN","bone":"MAIN","attachment":"idle_00"}],"skins":{"default":{"MAIN":{"idle_00":{"x":27.92,"y":14.19,"width":391,"height":324},"idle_01":{"x":24.14,"y":13.64,"width":391,"height":324},"idle_02":{"x":23.86,"y":20.46,"width":391,"height":324},"idle_03":{"x":26.77,"y":17.84,"width":391,"height":324},"idle_04":{"x":27.29,"y":17.32,"width":391,"height":324}}}},"events":{"Event":{},"Hit":{},"Sound1":{},"Sound2":{},"Sound3":{},"Sound4":{},"View":{},"Voice":{}},"animations":{"idle":{"slots":{"MAIN":{"attachment":[{"time":0,"name":"idle_00"},{"time":0.1666,"name":"idle_01"},{"time":0.3333,"name":"idle_02"},{"time":0.5,"name":"idle_03"},{"time":0.6666,"name":"idle_04"},{"time":0.8333,"name":"idle_04"}]}}}}}