{"skeleton":{"hash":"a0TkrBeBSCrC8oP/31JpaMOTwRw","spine":"3.0.12","width":1180,"height":1180},"bones":[{"name":"root"},{"name":"MAIN","parent":"root","y":61.45},{"name":"HPBAR","parent":"MAIN","x":-10,"y":108.54},{"name":"HITBOX","parent":"MAIN","y":-7.73},{"name":"EFWave","parent":"root"},{"name":"210_S1_wave2","parent":"EFWave"},{"name":"210_S1_wave1","parent":"EFWave"},{"name":"DAMAGEAREA","parent":"root"}],"slots":[{"name":"bg","bone":"root"},{"name":"grid","bone":"root"},{"name":"EF/130_S1_wave1/210_S1_wave1_00000","bone":"210_S1_wave1","blend":"additive"},{"name":"EF/130_S1_wave1/210_S1_wave1_00001","bone":"210_S1_wave2","blend":"additive"},{"name":"MAIN","bone":"MAIN","attachment":"idle_00"},{"name":"DAMAGEAREA","bone":"DAMAGEAREA"},{"name":"HITBOX","bone":"HITBOX","attachment":"HITBOX"}],"skins":{"default":{"DAMAGEAREA":{"DAMAGEAREA":{"type":"boundingbox","vertices":[-98.19615,99.38551,-99.08316,-98.41552,99.60486,-98.41552,97.83088,97.6115]}},"EF/130_S1_wave1/210_S1_wave1_00000":{"EF/130_S1_wave1/210_S1_wave1_00000":{"width":240,"height":240},"EF/130_S1_wave1/210_S1_wave1_00001":{"width":240,"height":240},"EF/130_S1_wave1/210_S1_wave1_00002":{"width":240,"height":240},"EF/130_S1_wave1/210_S1_wave1_00003":{"width":240,"height":240},"EF/130_S1_wave1/210_S1_wave1_00004":{"width":240,"height":240},"EF/130_S1_wave1/210_S1_wave1_00005":{"width":240,"height":240},"EF/130_S1_wave1/210_S1_wave1_00006":{"width":240,"height":240},"EF/130_S1_wave1/210_S1_wave1_00007":{"width":240,"height":240},"EF/130_S1_wave1/210_S1_wave1_00008":{"width":240,"height":240},"EF/130_S1_wave1/210_S1_wave1_00009":{"width":240,"height":240},"EF/130_S1_wave1/210_S1_wave1_00010":{"width":240,"height":240},"EF/130_S1_wave1/210_S1_wave1_00011":{"width":240,"height":240}},"EF/130_S1_wave1/210_S1_wave1_00001":{"EF/130_S1_wave1/210_S1_wave1_00000":{"width":240,"height":240},"EF/130_S1_wave1/210_S1_wave1_00001":{"width":240,"height":240},"EF/130_S1_wave1/210_S1_wave1_00002":{"width":240,"height":240},"EF/130_S1_wave1/210_S1_wave1_00003":{"width":240,"height":240},"EF/130_S1_wave1/210_S1_wave1_00004":{"width":240,"height":240},"EF/130_S1_wave1/210_S1_wave1_00005":{"width":240,"height":240},"EF/130_S1_wave1/210_S1_wave1_00006":{"width":240,"height":240},"EF/130_S1_wave1/210_S1_wave1_00007":{"width":240,"height":240},"EF/130_S1_wave1/210_S1_wave1_00008":{"width":240,"height":240},"EF/130_S1_wave1/210_S1_wave1_00009":{"width":240,"height":240},"EF/130_S1_wave1/210_S1_wave1_00010":{"width":240,"height":240},"EF/130_S1_wave1/210_S1_wave1_00011":{"width":240,"height":240}},"HITBOX":{"HITBOX":{"type":"boundingbox","vertices":[-81.88694,70.57116,-83.06493,-61.36477,47.69301,-60.77577,47.69301,68.21518]}},"MAIN":{"attack1_00":{"y":55.37,"width":408,"height":349},"attack1_01":{"y":55.37,"width":408,"height":349},"attack1_02":{"y":55.37,"width":408,"height":349},"attack1_03":{"y":55.37,"width":408,"height":349},"attack1_04":{"y":55.37,"width":408,"height":349},"attack1_05":{"y":55.37,"width":408,"height":349},"attack1_06":{"y":55.37,"width":408,"height":349},"back_00":{"y":55.37,"width":408,"height":349},"damage_00":{"y":55.37,"width":408,"height":349},"front_00":{"y":55.37,"width":408,"height":349},"front_01":{"y":55.37,"width":408,"height":349},"front_02":{"y":55.37,"width":408,"height":349},"front_03":{"y":55.37,"width":408,"height":349},"front_04":{"y":55.37,"width":408,"height":349},"idle_00":{"y":55.37,"width":408,"height":349},"idle_01":{"y":55.37,"width":408,"height":349},"idle_02":{"y":55.37,"width":408,"height":349},"idle_03":{"y":55.37,"width":408,"height":349},"idle_04":{"y":55.37,"width":408,"height":349},"skill2_00":{"y":55.37,"width":408,"height":349},"skill2_01":{"y":55.37,"width":408,"height":349},"skill2_02":{"y":55.37,"width":408,"height":349},"skill2_03":{"y":55.37,"width":408,"height":349},"skill2_04":{"y":55.37,"width":408,"height":349},"skill2_05":{"y":55.37,"width":408,"height":349},"skill2_06":{"y":55.34,"width":408,"height":349},"skill2_07":{"y":55.37,"width":408,"height":349},"skill2_08":{"y":55.37,"width":408,"height":349},"skill2_09":{"y":55.37,"width":408,"height":349},"skill2_roop_00":{"y":55.37,"width":408,"height":349},"skill2_roop_01":{"y":55.37,"width":408,"height":349},"skill2_roop_02":{"y":55.37,"width":408,"height":349}}}},"events":{"Event":{},"Hit":{},"Sound_1":{},"Sound_2":{},"Sound_3":{},"voice":{}},"animations":{"attack1":{"slots":{"MAIN":{"attachment":[{"time":0,"name":"attack1_00"},{"time":0.1333,"name":"attack1_01"},{"time":0.2666,"name":"attack1_02"},{"time":0.7,"name":"attack1_03"},{"time":0.7666,"name":"attack1_04"},{"time":0.9333,"name":"attack1_05"},{"time":1.0666,"name":"attack1_06"},{"time":1.3666,"name":"attack1_00"}]}},"events":[{"time":0.7,"name":"Event","string":"addOrbitSystem_orbit"},{"time":0.7666,"name":"voice","string":"cri_019_voice_attack_a"}]},"back":{"slots":{"MAIN":{"attachment":[{"time":0,"name":"back_00"},{"time":0.2333,"name":"idle_04"},{"time":0.4,"name":"idle_00"},{"time":0.5666,"name":"idle_00"}]}},"bones":{"MAIN":{"translate":[{"time":0,"x":0,"y":0},{"time":0.1333,"x":98.87,"y":16.29},{"time":0.2333,"x":129.8,"y":0,"curve":[0.152,0.62,0.75,1]},{"time":0.4,"x":140,"y":0}]}},"events":[{"time":0,"name":"Sound_1","string":"cri_se_battle_step_horse"}]},"cast":{"slots":{"MAIN":{"attachment":[{"time":0,"name":"attack1_00"},{"time":0.1333,"name":"attack1_01"},{"time":0.2666,"name":"attack1_02"},{"time":0.5,"name":"attack1_03"},{"time":0.5666,"name":"attack1_04"},{"time":0.6666,"name":"attack1_05"},{"time":0.7666,"name":"attack1_06"},{"time":0.9666,"name":"idle_00"}]}},"events":[{"time":0.5666,"name":"Sound_1","string":"cri_019_voice_attack_b"}]},"damage":{"slots":{"MAIN":{"attachment":[{"time":0,"name":"damage_00"}]}}},"front":{"slots":{"MAIN":{"attachment":[{"time":0,"name":"front_00"},{"time":0.1333,"name":"front_01"},{"time":0.3333,"name":"front_02"},{"time":0.4,"name":"front_03"},{"time":0.5333,"name":"front_04"},{"time":0.7333,"name":"front_04"}]}},"bones":{"MAIN":{"rotate":[{"time":0,"angle":0,"curve":"stepped"},{"time":0.7333,"angle":0}],"translate":[{"time":0,"x":0,"y":8.82,"curve":[0.284,0.81,0.75,1]},{"time":0.5333,"x":-70,"y":6.75}]}},"events":[{"time":0.1333,"name":"Sound_1","string":"cri_se_battle_step_horse"},{"time":0.4,"name":"Sound_1","string":"cri_se_battle_step_horse"}]},"idle":{"slots":{"MAIN":{"attachment":[{"time":0,"name":"idle_00"},{"time":0.2,"name":"idle_01"},{"time":0.4,"name":"idle_02"},{"time":0.6,"name":"idle_03"},{"time":0.8,"name":"idle_04"},{"time":1,"name":"idle_00"}]}},"bones":{"MAIN":{"translate":[{"time":0,"x":0,"y":0}]}}},"skill1":{"slots":{"DAMAGEAREA":{"attachment":[{"time":0.5,"name":"DAMAGEAREA"},{"time":0.8666,"name":null},{"time":0.9,"name":"DAMAGEAREA"},{"time":1.2333,"name":null}]},"EF/130_S1_wave1/210_S1_wave1_00000":{"attachment":[{"time":0.5,"name":"EF/130_S1_wave1/210_S1_wave1_00000"},{"time":0.5333,"name":"EF/130_S1_wave1/210_S1_wave1_00001"},{"time":0.5666,"name":"EF/130_S1_wave1/210_S1_wave1_00002"},{"time":0.6,"name":"EF/130_S1_wave1/210_S1_wave1_00003"},{"time":0.6333,"name":"EF/130_S1_wave1/210_S1_wave1_00004"},{"time":0.6666,"name":"EF/130_S1_wave1/210_S1_wave1_00005"},{"time":0.7,"name":"EF/130_S1_wave1/210_S1_wave1_00006"},{"time":0.7333,"name":"EF/130_S1_wave1/210_S1_wave1_00007"},{"time":0.7666,"name":"EF/130_S1_wave1/210_S1_wave1_00008"},{"time":0.8,"name":"EF/130_S1_wave1/210_S1_wave1_00009"},{"time":0.8333,"name":"EF/130_S1_wave1/210_S1_wave1_00010"},{"time":0.8666,"name":"EF/130_S1_wave1/210_S1_wave1_00011"},{"time":0.9,"name":null},{"time":1.0333,"name":"EF/130_S1_wave1/210_S1_wave1_00000"},{"time":1.0666,"name":"EF/130_S1_wave1/210_S1_wave1_00001"},{"time":1.1,"name":"EF/130_S1_wave1/210_S1_wave1_00002"},{"time":1.1333,"name":"EF/130_S1_wave1/210_S1_wave1_00003"},{"time":1.1666,"name":"EF/130_S1_wave1/210_S1_wave1_00004"},{"time":1.2,"name":"EF/130_S1_wave1/210_S1_wave1_00005"},{"time":1.2333,"name":"EF/130_S1_wave1/210_S1_wave1_00006"},{"time":1.2666,"name":"EF/130_S1_wave1/210_S1_wave1_00007"},{"time":1.3,"name":"EF/130_S1_wave1/210_S1_wave1_00008"},{"time":1.3333,"name":"EF/130_S1_wave1/210_S1_wave1_00009"},{"time":1.3666,"name":"EF/130_S1_wave1/210_S1_wave1_00010"},{"time":1.4,"name":"EF/130_S1_wave1/210_S1_wave1_00011"},{"time":1.4333,"name":null}]},"EF/130_S1_wave1/210_S1_wave1_00001":{"attachment":[{"time":0.7666,"name":"EF/130_S1_wave1/210_S1_wave1_00000"},{"time":0.8,"name":"EF/130_S1_wave1/210_S1_wave1_00001"},{"time":0.8333,"name":"EF/130_S1_wave1/210_S1_wave1_00002"},{"time":0.8666,"name":"EF/130_S1_wave1/210_S1_wave1_00003"},{"time":0.9,"name":"EF/130_S1_wave1/210_S1_wave1_00004"},{"time":0.9333,"name":"EF/130_S1_wave1/210_S1_wave1_00005"},{"time":0.9666,"name":"EF/130_S1_wave1/210_S1_wave1_00006"},{"time":1,"name":"EF/130_S1_wave1/210_S1_wave1_00007"},{"time":1.0333,"name":"EF/130_S1_wave1/210_S1_wave1_00008"},{"time":1.0666,"name":"EF/130_S1_wave1/210_S1_wave1_00009"},{"time":1.1,"name":"EF/130_S1_wave1/210_S1_wave1_00010"},{"time":1.1333,"name":"EF/130_S1_wave1/210_S1_wave1_00011"},{"time":1.1666,"name":null}]},"MAIN":{"attachment":[{"time":0,"name":"skill2_00"},{"time":0.1333,"name":"skill2_01"},{"time":0.2666,"name":"skill2_02"},{"time":0.4,"name":"skill2_03"},{"time":0.5,"name":"skill2_04"},{"time":0.6,"name":"skill2_05"},{"time":0.7,"name":"skill2_roop_00"},{"time":0.8,"name":"skill2_roop_01"},{"time":0.9,"name":"skill2_roop_02"},{"time":1,"name":"skill2_roop_00"},{"time":1.1,"name":"skill2_roop_01"},{"time":1.2,"name":"skill2_roop_02"},{"time":1.3,"name":"skill2_roop_00"},{"time":1.4,"name":"skill2_roop_01"},{"time":1.5666,"name":"skill2_06"},{"time":1.6666,"name":"skill2_07"},{"time":1.7666,"name":"skill2_08"},{"time":1.9,"name":"skill2_09"},{"time":2.0333,"name":"idle_00"}]}},"bones":{"MAIN":{"translate":[{"time":2.0333,"x":0,"y":0,"curve":"stepped"},{"time":2.6333,"x":0,"y":0}]},"210_S1_wave1":{"translate":[{"time":0.5,"x":0,"y":63.37}],"scale":[{"time":0.5,"x":4.689,"y":4.689}]},"210_S1_wave2":{"translate":[{"time":0.7666,"x":0,"y":63.37}],"scale":[{"time":0.7666,"x":4.876,"y":4.876}]},"DAMAGEAREA":{"translate":[{"time":0.5,"x":-38.64,"y":271.25},{"time":0.7666,"x":-38.64,"y":218.38,"curve":"stepped"},{"time":0.9,"x":-38.64,"y":271.25},{"time":1.1666,"x":-38.64,"y":218.38}],"scale":[{"time":0.5,"x":0.849,"y":0.733},{"time":0.7666,"x":2.505,"y":2.409,"curve":"stepped"},{"time":0.9,"x":0.849,"y":0.733},{"time":1.1666,"x":2.505,"y":2.409}]},"EFWave":{"scale":[{"time":0.4666,"x":0.6,"y":0.6,"curve":"stepped"},{"time":1.4666,"x":1,"y":1}]}},"events":[{"time":0.0333,"name":"Event","float":0.12,"string":"kHitStopType_enemyonly"},{"time":0.4,"name":"Sound_1","string":"cri_se_battle_step_horse"},{"time":0.5,"name":"Sound_1","string":"cri_se_battle_arrow_light_effect"},{"time":0.5,"name":"Sound_2","string":"cri_se_battle_044_freeze"},{"time":0.5,"name":"Sound_3","string":"cri_se_battle_gun_burst"},{"time":0.5,"name":"voice","string":"cri_019_voice_skill"},{"time":0.7,"name":"Event","string":"shakeGround"},{"time":0.9,"name":"Event","string":"kImpactType_knock"},{"time":0.9,"name":"Hit","string":"resetHitList"},{"time":0.9333,"name":"Sound_1","string":"cri_se_battle_arrow_light_effect"},{"time":0.9333,"name":"Sound_2","string":"cri_se_battle_044_freeze"},{"time":0.9333,"name":"Sound_3","string":"cri_se_battle_gun_burst"},{"time":1.0666,"name":"Event","string":"shakeGround"},{"time":1.6666,"name":"Sound_1","string":"cri_se_battle_step_horse"}]},"skill2":{"slots":{"DAMAGEAREA":{"attachment":[{"time":0.6333,"name":"DAMAGEAREA"},{"time":0.8666,"name":null},{"time":1.5333,"name":"DAMAGEAREA"},{"time":2.0666,"name":null}]},"EF/130_S1_wave1/210_S1_wave1_00000":{"attachment":[{"time":0.5,"name":"EF/130_S1_wave1/210_S1_wave1_00000"},{"time":0.5333,"name":"EF/130_S1_wave1/210_S1_wave1_00001"},{"time":0.5666,"name":"EF/130_S1_wave1/210_S1_wave1_00002"},{"time":0.6,"name":"EF/130_S1_wave1/210_S1_wave1_00003"},{"time":0.6333,"name":"EF/130_S1_wave1/210_S1_wave1_00004"},{"time":0.6666,"name":"EF/130_S1_wave1/210_S1_wave1_00005"},{"time":0.7,"name":"EF/130_S1_wave1/210_S1_wave1_00006"},{"time":0.7333,"name":"EF/130_S1_wave1/210_S1_wave1_00007"},{"time":0.7666,"name":"EF/130_S1_wave1/210_S1_wave1_00008"},{"time":0.8,"name":"EF/130_S1_wave1/210_S1_wave1_00009"},{"time":0.8333,"name":"EF/130_S1_wave1/210_S1_wave1_00010"},{"time":0.8666,"name":"EF/130_S1_wave1/210_S1_wave1_00011"},{"time":0.9,"name":null},{"time":1.2333,"name":"EF/130_S1_wave1/210_S1_wave1_00000"},{"time":1.2666,"name":"EF/130_S1_wave1/210_S1_wave1_00001"},{"time":1.3,"name":"EF/130_S1_wave1/210_S1_wave1_00002"},{"time":1.3333,"name":"EF/130_S1_wave1/210_S1_wave1_00003"},{"time":1.3666,"name":"EF/130_S1_wave1/210_S1_wave1_00004"},{"time":1.4,"name":"EF/130_S1_wave1/210_S1_wave1_00005"},{"time":1.4333,"name":"EF/130_S1_wave1/210_S1_wave1_00006"},{"time":1.4666,"name":"EF/130_S1_wave1/210_S1_wave1_00007"},{"time":1.5,"name":"EF/130_S1_wave1/210_S1_wave1_00008"},{"time":1.5333,"name":"EF/130_S1_wave1/210_S1_wave1_00009"},{"time":1.5666,"name":"EF/130_S1_wave1/210_S1_wave1_00010"},{"time":1.6,"name":"EF/130_S1_wave1/210_S1_wave1_00011"},{"time":1.6333,"name":null},{"time":1.7666,"name":"EF/130_S1_wave1/210_S1_wave1_00000"},{"time":1.8,"name":"EF/130_S1_wave1/210_S1_wave1_00001"},{"time":1.8333,"name":"EF/130_S1_wave1/210_S1_wave1_00002"},{"time":1.8666,"name":"EF/130_S1_wave1/210_S1_wave1_00003"},{"time":1.9,"name":"EF/130_S1_wave1/210_S1_wave1_00004"},{"time":1.9333,"name":"EF/130_S1_wave1/210_S1_wave1_00005"},{"time":1.9666,"name":"EF/130_S1_wave1/210_S1_wave1_00006"},{"time":2,"name":"EF/130_S1_wave1/210_S1_wave1_00007"},{"time":2.0333,"name":"EF/130_S1_wave1/210_S1_wave1_00008"},{"time":2.0666,"name":"EF/130_S1_wave1/210_S1_wave1_00009"},{"time":2.1,"name":"EF/130_S1_wave1/210_S1_wave1_00010"},{"time":2.1333,"name":"EF/130_S1_wave1/210_S1_wave1_00011"},{"time":2.1666,"name":null}]},"EF/130_S1_wave1/210_S1_wave1_00001":{"attachment":[{"time":1.5,"name":"EF/130_S1_wave1/210_S1_wave1_00000"},{"time":1.5333,"name":"EF/130_S1_wave1/210_S1_wave1_00001"},{"time":1.5666,"name":"EF/130_S1_wave1/210_S1_wave1_00002"},{"time":1.6,"name":"EF/130_S1_wave1/210_S1_wave1_00003"},{"time":1.6333,"name":"EF/130_S1_wave1/210_S1_wave1_00004"},{"time":1.6666,"name":"EF/130_S1_wave1/210_S1_wave1_00005"},{"time":1.7,"name":"EF/130_S1_wave1/210_S1_wave1_00006"},{"time":1.7333,"name":"EF/130_S1_wave1/210_S1_wave1_00007"},{"time":1.7666,"name":"EF/130_S1_wave1/210_S1_wave1_00008"},{"time":1.8,"name":"EF/130_S1_wave1/210_S1_wave1_00009"},{"time":1.8333,"name":"EF/130_S1_wave1/210_S1_wave1_00010"},{"time":1.8666,"name":"EF/130_S1_wave1/210_S1_wave1_00011"},{"time":1.9,"name":null}]},"MAIN":{"attachment":[{"time":0,"name":"attack1_00"},{"time":0.1333,"name":"attack1_01"},{"time":0.2666,"name":"attack1_02"},{"time":0.4666,"name":"attack1_03"},{"time":0.5333,"name":"attack1_04"},{"time":0.6333,"name":"attack1_05"},{"time":0.7333,"name":"attack1_06"},{"time":0.9333,"name":"attack1_00"},{"time":1.1666,"name":"skill2_01"},{"time":1.2,"name":"skill2_03"},{"time":1.2666,"name":"skill2_05"},{"time":1.3,"name":"skill2_roop_00"},{"time":1.4,"name":"skill2_roop_01"},{"time":1.5,"name":"skill2_roop_02"},{"time":1.6,"name":"skill2_roop_00"},{"time":1.7,"name":"skill2_roop_01"},{"time":1.8333,"name":"skill2_roop_02"},{"time":1.9333,"name":"skill2_roop_00"},{"time":2.0333,"name":"skill2_roop_01"},{"time":2.1333,"name":"skill2_roop_02"},{"time":2.2333,"name":"skill2_roop_00"},{"time":2.3333,"name":"skill2_roop_01"},{"time":2.4333,"name":"skill2_roop_02"},{"time":2.5333,"name":"skill2_06"},{"time":2.6333,"name":"skill2_07"},{"time":2.7333,"name":"skill2_08"},{"time":2.9333,"name":"skill2_07"},{"time":3.0333,"name":"skill2_09"},{"time":3.1333,"name":"idle_00"},{"time":3.6666,"name":"skill2_00"}]}},"bones":{"MAIN":{"translate":[{"time":3.6666,"x":0,"y":0}]},"210_S1_wave1":{"translate":[{"time":0.5,"x":0,"y":63.37,"curve":"stepped"},{"time":1.2333,"x":0,"y":63.37}],"scale":[{"time":0.5,"x":5,"y":5,"curve":"stepped"},{"time":1.2333,"x":6,"y":6}]},"210_S1_wave2":{"translate":[{"time":1.5,"x":0,"y":63.37}],"scale":[{"time":1.5,"x":6,"y":6}]},"root":{"translate":[{"time":1.1333,"x":0,"y":0}]},"DAMAGEAREA":{"translate":[{"time":0.6333,"x":0,"y":113.29},{"time":0.8333,"x":0,"y":59.93,"curve":"stepped"},{"time":1.5333,"x":-45.05,"y":260.28},{"time":1.9666,"x":-33.92,"y":189.06}],"scale":[{"time":0.6333,"x":1.554,"y":0.98},{"time":0.8333,"x":1.882,"y":0.59,"curve":"stepped"},{"time":1.5333,"x":2.782,"y":2.826},{"time":1.9666,"x":1.204,"y":2.046}]},"EFWave":{"scale":[{"time":0.4666,"x":0.417,"y":0.417},{"time":2.2,"x":0.419,"y":0.419}]}},"events":[{"time":0.0333,"name":"Event","float":0.03,"string":"kHitStopType_enemyonly"},{"time":0.4666,"name":"Sound_1","string":"cri_se_battle_thunder_small"},{"time":0.4666,"name":"Sound_2","string":"cri_se_battle_skill_ice"},{"time":0.4666,"name":"Sound_3","string":"setHitSound(se_battle_spark)"},{"time":0.5,"name":"Sound_1","string":"cri_se_battle_step_horse"},{"time":0.5666,"name":"Sound_1","string":"cri_se_battle_arrow_light_effect"},{"time":0.6666,"name":"Event","string":"shakeGround"},{"time":1.1666,"name":"Sound_1","string":"cri_se_battle_step_horse"},{"time":1.1666,"name":"voice","string":"cri_019_voice_fullarts_now"},{"time":1.3,"name":"Sound_1","string":"cri_se_scenario_no2_magic"},{"time":1.3,"name":"Sound_2","string":"cri_se_battle_lightning"},{"time":1.3,"name":"Sound_3","string":"cri_se_battle_044_freeze"},{"time":1.3666,"name":"Sound_2","string":"cri_se_battle_spark_rise"},{"time":1.4666,"name":"Event","float":0.9,"string":"shakeGround_Loop"},{"time":1.5,"name":"Event","float":0.1,"string":"kHitStopType_normal"},{"time":1.5333,"name":"Hit","float":1.2,"string":"resetHitList"},{"time":1.5333,"name":"Sound_1","string":"setHitSound(se_battle_007_attack_hit_01)"},{"time":1.5666,"name":"Event","float":0.01,"string":"kHitStopType_normal"},{"time":1.6,"name":"Event","string":"addOrbitSystemCamera_flush"},{"time":1.6333,"name":"Hit","float":0.8,"string":"resetHitList"},{"time":1.7,"name":"Hit","float":0.8,"string":"resetHitList"},{"time":1.7333,"name":"Event","string":"kImpactType_down"},{"time":1.7666,"name":"Hit","float":0.6,"string":"resetHitList"},{"time":1.8333,"name":"Hit","float":0.6,"string":"resetHitList"},{"time":2.6333,"name":"Sound_3","string":"cri_se_battle_step_horse"}]}}}