{"skeleton":{"hash":"dAiWnsB2XiaZlSQNw/MZMlsvX/0","spine":"3.0.12","width":0,"height":0},"bones":[{"name":"root"},{"name":"dark","parent":"root","x":4.11,"y":141.52},{"name":"MAIN","parent":"root"},{"name":"explosion","parent":"MAIN","x":200,"y":200},{"name":"DAMAGEAREA","parent":"root"}],"slots":[{"name":"EF/400_S2_explosion1_00049","bone":"explosion","blend":"additive"},{"name":"DMAGEAREA","bone":"DAMAGEAREA"},{"name":"EF/9090A_A1_fire2_00000","bone":"dark","blend":"additive"}],"skins":{"default":{"DMAGEAREA":{"DMAGEAREA":{"type":"boundingbox","vertices":[-32.17859,0.25986,32.39933,0.25286,31.72636,64.29978,-32.17859,63.95978]}},"EF/400_S2_explosion1_00049":{"EF/400_S2_explosion1_00049":{"width":326,"height":350},"EF/400_S2_explosion1_00050":{"width":326,"height":350},"EF/400_S2_explosion1_00051":{"width":326,"height":350},"EF/400_S2_explosion1_00052":{"width":326,"height":350},"EF/400_S2_explosion1_00053":{"width":326,"height":350},"EF/400_S2_explosion1_00054":{"width":326,"height":350},"EF/400_S2_explosion1_00055":{"width":326,"height":350},"EF/400_S2_explosion1_00056":{"width":326,"height":350},"EF/400_S2_explosion1_00057":{"width":326,"height":350},"EF/400_S2_explosion1_00058":{"width":326,"height":350},"EF/400_S2_explosion1_00059":{"width":326,"height":350},"EF/400_S2_explosion1_00060":{"width":326,"height":350},"EF/400_S2_explosion1_00061":{"width":326,"height":350},"EF/400_S2_explosion1_00062":{"width":326,"height":350},"EF/400_S2_explosion1_00063":{"width":326,"height":350},"EF/400_S2_explosion1_00064":{"width":326,"height":350},"EF/400_S2_explosion1_00065":{"width":326,"height":350},"EF/400_S2_explosion1_00066":{"width":326,"height":350},"EF/400_S2_explosion1_00067":{"width":326,"height":350},"EF/400_S2_explosion1_00068":{"width":326,"height":350},"EF/400_S2_explosion1_00069":{"width":326,"height":350},"EF/400_S2_explosion1_00070":{"width":326,"height":350}},"EF/9090A_A1_fire2_00000":{"EF/9090A_A1_fire2_00000":{"x":-0.4,"y":-1.09,"width":500,"height":500},"EF/9090A_A1_fire2_00001":{"x":-0.4,"y":-1.09,"width":500,"height":500},"EF/9090A_A1_fire2_00002":{"x":-0.4,"y":-1.09,"width":500,"height":500},"EF/9090A_A1_fire2_00003":{"x":-0.4,"y":-1.09,"width":500,"height":500},"EF/9090A_A1_fire2_00004":{"x":-0.4,"y":-1.09,"width":500,"height":500},"EF/9090A_A1_fire2_00005":{"x":-0.4,"y":-1.09,"width":500,"height":500},"EF/9090A_A1_fire2_00006":{"x":-0.4,"y":-1.09,"width":500,"height":500},"EF/9090A_A1_fire2_00007":{"x":-0.4,"y":-1.09,"width":500,"height":500},"EF/9090A_A1_fire2_00008":{"x":-0.4,"y":-1.09,"width":500,"height":500}}}},"animations":{"1-attack1":{},"1-attack2":{"slots":{"EF/400_S2_explosion1_00049":{"attachment":[{"time":1.5,"name":"EF/400_S2_explosion1_00055"},{"time":1.5333,"name":"EF/400_S2_explosion1_00056"},{"time":1.5666,"name":"EF/400_S2_explosion1_00057"},{"time":1.6,"name":"EF/400_S2_explosion1_00059"},{"time":1.6333,"name":"EF/400_S2_explosion1_00060"},{"time":1.6666,"name":"EF/400_S2_explosion1_00061"},{"time":1.7,"name":"EF/400_S2_explosion1_00062"},{"time":1.7666,"name":"EF/400_S2_explosion1_00063"},{"time":1.8333,"name":"EF/400_S2_explosion1_00065"},{"time":1.9,"name":"EF/400_S2_explosion1_00066"},{"time":1.9666,"name":"EF/400_S2_explosion1_00067"},{"time":2.0333,"name":"EF/400_S2_explosion1_00068"},{"time":2.1,"name":"EF/400_S2_explosion1_00069"},{"time":2.1666,"name":"EF/400_S2_explosion1_00070"}],"color":[{"time":1.9333,"color":"ffffffff"},{"time":2.3333,"color":"ffffff00"}]},"EF/9090A_A1_fire2_00000":{"attachment":[{"time":1.3666,"name":"EF/9090A_A1_fire2_00000"},{"time":1.4333,"name":"EF/9090A_A1_fire2_00001"},{"time":1.5,"name":"EF/9090A_A1_fire2_00002"},{"time":1.5666,"name":"EF/9090A_A1_fire2_00003"},{"time":1.6333,"name":"EF/9090A_A1_fire2_00004"},{"time":1.7,"name":"EF/9090A_A1_fire2_00005"},{"time":1.7666,"name":"EF/9090A_A1_fire2_00006"},{"time":1.8333,"name":"EF/9090A_A1_fire2_00007"},{"time":1.9,"name":"EF/9090A_A1_fire2_00008"},{"time":1.9666,"name":null}]}},"bones":{"explosion":{"translate":[{"time":1.5,"x":-200.65,"y":-80.51,"curve":"stepped"},{"time":2.6666,"x":-277.3,"y":47.47}],"scale":[{"time":1.5,"x":3.459,"y":3.459}]},"dark":{"translate":[{"time":1.3666,"x":-5.88,"y":-8.83}],"scale":[{"time":1.3666,"x":1.111,"y":1.111,"curve":[0.25,0,0.826,0.52]},{"time":1.7,"x":2.999,"y":2.999}]}}},"1-skill1":{},"1-skill2":{"slots":{"EF/400_S2_explosion1_00049":{"attachment":[{"time":1.5,"name":"EF/400_S2_explosion1_00055"},{"time":1.5333,"name":"EF/400_S2_explosion1_00056"},{"time":1.5666,"name":"EF/400_S2_explosion1_00057"},{"time":1.6,"name":"EF/400_S2_explosion1_00059"},{"time":1.6333,"name":"EF/400_S2_explosion1_00060"},{"time":1.6666,"name":"EF/400_S2_explosion1_00061"},{"time":1.7,"name":"EF/400_S2_explosion1_00062"},{"time":1.7666,"name":"EF/400_S2_explosion1_00063"},{"time":1.8333,"name":"EF/400_S2_explosion1_00065"},{"time":1.9,"name":"EF/400_S2_explosion1_00066"},{"time":1.9666,"name":"EF/400_S2_explosion1_00067"},{"time":2.0333,"name":"EF/400_S2_explosion1_00068"},{"time":2.1,"name":"EF/400_S2_explosion1_00069"},{"time":2.1666,"name":"EF/400_S2_explosion1_00070"}],"color":[{"time":1.9333,"color":"ffffffff"},{"time":2.2,"color":"ffffff00"}]},"EF/9090A_A1_fire2_00000":{"attachment":[{"time":1.3666,"name":"EF/9090A_A1_fire2_00000"},{"time":1.4333,"name":"EF/9090A_A1_fire2_00001"},{"time":1.5,"name":"EF/9090A_A1_fire2_00002"},{"time":1.5666,"name":"EF/9090A_A1_fire2_00003"},{"time":1.6333,"name":"EF/9090A_A1_fire2_00004"},{"time":1.7,"name":"EF/9090A_A1_fire2_00005"},{"time":1.7666,"name":"EF/9090A_A1_fire2_00006"},{"time":1.8333,"name":"EF/9090A_A1_fire2_00007"},{"time":1.9,"name":"EF/9090A_A1_fire2_00008"},{"time":1.9666,"name":null}]}},"bones":{"explosion":{"translate":[{"time":1.5,"x":-200.65,"y":-80.51,"curve":"stepped"},{"time":2.6666,"x":-277.3,"y":47.47}],"scale":[{"time":1.5,"x":3.459,"y":3.459}]},"dark":{"translate":[{"time":1.3666,"x":-5.88,"y":-8.83}],"scale":[{"time":1.3666,"x":1.111,"y":1.111,"curve":[0.25,0,0.826,0.52]},{"time":1.7,"x":2.999,"y":2.999}]}}},"None":{}}}