{"skeleton":{"hash":"VqhWT4qSwhOXxtuBHKsq6dtwFLs","spine":"3.0.12","width":0,"height":0},"bones":[{"name":"root"},{"name":"MAIN","parent":"root","y":65.24}],"slots":[{"name":"MAIN","bone":"MAIN","attachment":"idle01"}],"skins":{"default":{"MAIN":{"idle01":{"x":-19.96,"y":32.31,"width":300,"height":268},"idle02":{"x":-19.96,"y":32.31,"width":300,"height":268},"idle03":{"x":-19.96,"y":32.31,"width":300,"height":268},"idle04":{"x":-19.96,"y":32.31,"width":300,"height":268},"idle05":{"x":-19.96,"y":32.31,"width":300,"height":268}}}},"events":{"Event":{},"Hit":{}},"animations":{"idle":{"slots":{"MAIN":{"attachment":[{"time":0,"name":"idle01"},{"time":0.1666,"name":"idle02"},{"time":0.3333,"name":"idle03"},{"time":0.5,"name":"idle04"},{"time":0.6666,"name":"idle05"},{"time":0.8333,"name":"idle01"}]}},"bones":{"MAIN":{"translate":[{"time":0,"x":0,"y":0}]}}}}}