{"skeleton":{"hash":"nM1fgseaw/bBwcBaqbCGm1z7EN8","spine":"3.0.12","width":1180,"height":1180},"bones":[{"name":"root"},{"name":"MAIN","parent":"root","y":47.02},{"name":"SHADOW-OFFSE","parent":"MAIN"},{"name":"HITBOX","parent":"MAIN"},{"name":"EF_wave2","parent":"root","x":-339.51,"y":8.53},{"name":"EF_wave","parent":"root","x":-339.51,"y":8.53},{"name":"DAMAGEAREA","parent":"root"}],"slots":[{"name":"Grit/bg","bone":"root"},{"name":"Grit/grid","bone":"root"},{"name":"EF/100_S1_wave1/740_S1_wave1_00004","bone":"EF_wave","blend":"additive"},{"name":"EF/100_S1_wave1/740_S1_wave1_4","bone":"EF_wave2","blend":"additive"},{"name":"MAIN","bone":"MAIN","attachment":"idle_0"},{"name":"DAMAGEAREA","bone":"DAMAGEAREA"},{"name":"HITBOX","bone":"HITBOX","attachment":"HITBOX"}],"skins":{"default":{"DAMAGEAREA":{"DAMAGEAREA":{"type":"boundingbox","vertices":[-98.87086,97.64972,-98.87086,-97.87032,97.87119,-97.87032,97.87119,97.64972]}},"EF/100_S1_wave1/740_S1_wave1_00004":{"EF/100_S1_wave1/740_S1_wave1_00004":{"x":-5.04,"y":13.36,"width":400,"height":400},"EF/100_S1_wave1/740_S1_wave1_00006":{"x":-5.04,"y":13.36,"width":400,"height":400},"EF/100_S1_wave1/740_S1_wave1_00008":{"x":-5.04,"y":13.36,"width":400,"height":400},"EF/100_S1_wave1/740_S1_wave1_00009":{"x":-5.04,"y":13.36,"width":400,"height":400},"EF/100_S1_wave1/740_S1_wave1_00010":{"x":-5.04,"y":13.36,"width":400,"height":400}},"EF/100_S1_wave1/740_S1_wave1_4":{"EF/100_S1_wave1/740_S1_wave1_00004":{"x":-5.04,"y":13.36,"width":400,"height":400},"EF/100_S1_wave1/740_S1_wave1_00006":{"x":-5.04,"y":13.36,"width":400,"height":400},"EF/100_S1_wave1/740_S1_wave1_00008":{"x":-5.04,"y":13.36,"width":400,"height":400},"EF/100_S1_wave1/740_S1_wave1_00009":{"x":-5.04,"y":13.36,"width":400,"height":400},"EF/100_S1_wave1/740_S1_wave1_00010":{"x":-5.04,"y":13.36,"width":400,"height":400}},"HITBOX":{"HITBOX":{"type":"boundingbox","vertices":[-72.59787,70.78312,-72.59787,-48.9729,61.21118,-48.3619,61.21118,70.78312]}},"MAIN":{"attack1_01":{"x":16.1,"y":21.22,"width":300,"height":300},"attack1_02":{"x":16.1,"y":21.22,"width":300,"height":300},"attack1_03":{"x":16.1,"y":21.22,"width":300,"height":300},"attack1_04":{"x":16.1,"y":21.22,"width":300,"height":300},"attack1_05":{"x":16.1,"y":21.22,"width":300,"height":300},"attack1_06":{"x":16.1,"y":21.22,"width":300,"height":300},"attack1_07":{"x":16.1,"y":21.22,"width":300,"height":300},"attack1_08":{"x":16.1,"y":21.22,"width":300,"height":300},"attack1_09":{"x":16.1,"y":21.22,"width":300,"height":300},"attack1_10":{"x":16.1,"y":21.22,"width":300,"height":300},"attack1_11":{"x":16.1,"y":21.22,"width":300,"height":300},"attack1_12":{"x":16.1,"y":21.22,"width":300,"height":300},"attack1_13":{"x":16.1,"y":21.22,"width":300,"height":300},"attack1_14":{"x":16.1,"y":21.22,"width":300,"height":300},"back_00":{"x":23.67,"y":26.08,"width":300,"height":300},"damage_00":{"x":29.08,"y":25.54,"width":300,"height":300},"front_00":{"x":16.1,"y":23.92,"width":300,"height":300},"idle_0":{"x":16.1,"y":21.22,"width":300,"height":300},"idle_1":{"x":16.1,"y":21.22,"width":300,"height":300},"idle_2":{"x":16.1,"y":21.22,"width":300,"height":300},"idle_3":{"x":16.1,"y":21.22,"width":300,"height":300},"idle_4":{"x":16.1,"y":21.22,"width":300,"height":300},"skill1_02":{"x":16.1,"y":21.22,"width":300,"height":300},"skill1_03":{"x":16.1,"y":21.22,"width":300,"height":300},"skill1_04":{"x":16.1,"y":21.22,"width":300,"height":300},"skill1_05":{"x":16.1,"y":21.22,"width":300,"height":300},"skill1_07":{"x":16.1,"y":21.22,"width":300,"height":300},"skill1_08":{"x":16.1,"y":21.22,"width":300,"height":300},"skill1_09":{"x":16.1,"y":21.22,"width":300,"height":300},"skill1_10":{"x":16.1,"y":21.22,"width":300,"height":300},"skill1_11":{"x":16.1,"y":21.22,"width":300,"height":300},"skill1_17":{"x":16.1,"y":21.22,"width":300,"height":300},"skill1_18":{"x":16.1,"y":21.22,"width":300,"height":300},"skill1_19":{"x":16.1,"y":21.22,"width":300,"height":300},"skill1_20":{"x":16.1,"y":21.22,"width":300,"height":300},"skill1_21":{"x":16.1,"y":21.22,"width":300,"height":300},"skill1_22":{"x":16.1,"y":21.22,"width":300,"height":300},"skill1_23":{"x":16.1,"y":21.22,"width":300,"height":300},"skill1_24":{"x":16.1,"y":21.22,"width":300,"height":300},"skill1_25":{"x":16.1,"y":21.22,"width":300,"height":300},"skill1_26":{"x":16.1,"y":21.22,"width":300,"height":300},"skill1_27":{"x":16.1,"y":21.22,"width":300,"height":300},"skill1_28":{"x":16.1,"y":21.22,"width":300,"height":300},"skill1_18.2":{"x":16.1,"y":21.22,"width":300,"height":300},"skill1_18.6":{"x":16.1,"y":21.22,"width":300,"height":300},"skill2_13":{"x":16.1,"y":21.22,"width":300,"height":300},"skill2_14":{"x":16.1,"y":21.22,"width":300,"height":300},"skill2_15":{"x":16.1,"y":21.22,"width":300,"height":300},"skill2_32":{"x":16.1,"y":21.22,"width":300,"height":300}}}},"events":{"Event":{},"Hit":{},"Sound1":{},"Sound2":{},"Sound3":{},"voice":{}},"animations":{"attack1":{"slots":{"DAMAGEAREA":{"attachment":[{"time":1.2333,"name":"DAMAGEAREA"},{"time":1.3666,"name":null}]},"MAIN":{"attachment":[{"time":0.1333,"name":"attack1_01"},{"time":0.2333,"name":"attack1_02"},{"time":0.3333,"name":"attack1_03"},{"time":0.5333,"name":"attack1_04"},{"time":0.6333,"name":"attack1_05"},{"time":0.7333,"name":"attack1_06"},{"time":0.8333,"name":"attack1_07"},{"time":0.9333,"name":"attack1_08"},{"time":1.0333,"name":"attack1_09"},{"time":1.1333,"name":"attack1_10"},{"time":1.2333,"name":"attack1_11"},{"time":1.2666,"name":"attack1_12"},{"time":1.4,"name":"attack1_13"},{"time":1.5333,"name":"attack1_10"},{"time":1.6,"name":"attack1_14"},{"time":1.7333,"name":"attack1_01"},{"time":1.8,"name":"idle_0"}]}},"bones":{"MAIN":{"translate":[{"time":0.2333,"x":-25.41,"y":0,"curve":"stepped"},{"time":1.2333,"x":-25.41,"y":0},{"time":1.2666,"x":-14.76,"y":0,"curve":"stepped"},{"time":1.3,"x":-20.79,"y":0,"curve":"stepped"},{"time":1.7,"x":-20.79,"y":0},{"time":1.7333,"x":0,"y":0,"curve":"stepped"},{"time":1.8,"x":0,"y":0}]},"DAMAGEAREA":{"translate":[{"time":1.2333,"x":-126.04,"y":69.48},{"time":1.2666,"x":-260.98,"y":69.48},{"time":1.3,"x":-365.21,"y":79.99},{"time":1.3333,"x":-430.66,"y":79.99}],"scale":[{"time":1.2333,"x":0.439,"y":0.377},{"time":1.2666,"x":0.483,"y":0.818},{"time":1.3,"x":0.483,"y":0.976}]}},"drawOrder":[{"time":0.2333}],"events":[{"time":0.0333,"name":"Event","float":0.2,"string":"kHitStopType_enemyonly"},{"time":0.0666,"name":"Event","string":"kImpactType_knock"},{"time":0.5333,"name":"Sound1","string":"cri_se_battle_charge"},{"time":1.0333,"name":"voice","string":"cri_137_voice_attack_random"},{"time":1.1666,"name":"Sound1","string":"cri_se_battle_gun_burst"},{"time":1.2333,"name":"Sound1","string":"setHitSound(se_battle_017_sword_hit_01)"}]},"back":{"slots":{"MAIN":{"attachment":[{"time":0,"name":"back_00"},{"time":0.3,"name":"idle_4"},{"time":0.3333,"name":"idle_2"},{"time":0.5,"name":"idle_0"}]}},"bones":{"MAIN":{"translate":[{"time":0,"x":20.38,"y":0},{"time":0.1333,"x":65.61,"y":12.06},{"time":0.3,"x":122.14,"y":0,"curve":[0.25,0,0.75,1]},{"time":0.4333,"x":143.93,"y":0,"curve":"stepped"},{"time":0.6,"x":143.93,"y":0}]}},"drawOrder":[{"time":0}],"events":[{"time":0,"name":"Sound1","string":"cri_se_battle_jump"},{"time":0.3,"name":"Sound1","string":"cri_se_battle_landing"}]},"cast":{"slots":{"MAIN":{"attachment":[{"time":0,"name":"idle_0"},{"time":0.0666,"name":"attack1_01"},{"time":0.1666,"name":"attack1_02"},{"time":0.2666,"name":"attack1_03"},{"time":0.3333,"name":"attack1_04"},{"time":0.4333,"name":"attack1_05"},{"time":0.5,"name":"attack1_11"},{"time":0.5333,"name":"attack1_12"},{"time":0.7,"name":"attack1_13"},{"time":0.8333,"name":"attack1_11"},{"time":0.9333,"name":"attack1_14"},{"time":1,"name":"attack1_01"},{"time":1.0666,"name":"idle_0"}]}},"bones":{"MAIN":{"translate":[{"time":0,"x":0,"y":0,"curve":"stepped"},{"time":0.1666,"x":-25.41,"y":0,"curve":"stepped"},{"time":0.5,"x":-25.41,"y":0},{"time":0.5333,"x":-14.76,"y":0,"curve":"stepped"},{"time":0.5666,"x":-20.79,"y":0,"curve":"stepped"},{"time":0.9666,"x":-20.79,"y":0},{"time":1,"x":0,"y":0,"curve":"stepped"},{"time":1.0666,"x":0,"y":0}]}},"drawOrder":[{"time":0.1666},{"time":1.0666}],"events":[{"time":0.5,"name":"voice","string":"cri_137_voice_item"}]},"damage":{"slots":{"MAIN":{"attachment":[{"time":0,"name":"damage_00"}]}},"drawOrder":[{"time":0}]},"front":{"slots":{"MAIN":{"attachment":[{"time":0,"name":"front_00"}]}},"bones":{"MAIN":{"translate":[{"time":0,"x":0,"y":0}]}},"drawOrder":[{"time":0}]},"idle":{"slots":{"MAIN":{"attachment":[{"time":0,"name":"idle_0"},{"time":0.1666,"name":"idle_1"},{"time":0.3333,"name":"idle_2"},{"time":0.5,"name":"idle_3"},{"time":0.6666,"name":"idle_4"},{"time":0.8333,"name":"idle_0"}]}}},"skill1":{"slots":{"DAMAGEAREA":{"attachment":[{"time":2.7666,"name":"DAMAGEAREA"},{"time":2.9,"name":null}]},"EF/100_S1_wave1/740_S1_wave1_00004":{"attachment":[{"time":0.8666,"name":"EF/100_S1_wave1/740_S1_wave1_00006"},{"time":0.9,"name":"EF/100_S1_wave1/740_S1_wave1_00008"},{"time":0.9333,"name":"EF/100_S1_wave1/740_S1_wave1_00009"},{"time":0.9666,"name":"EF/100_S1_wave1/740_S1_wave1_00010"},{"time":1.0666,"name":null}],"color":[{"time":0.9666,"color":"ffffffff"},{"time":1.0666,"color":"ffffff00"}]},"MAIN":{"attachment":[{"time":0,"name":"idle_0"},{"time":0.0666,"name":"attack1_01"},{"time":0.2,"name":"skill1_02"},{"time":0.3333,"name":"skill1_03"},{"time":0.5,"name":"skill1_04"},{"time":0.6666,"name":"skill1_05"},{"time":0.8,"name":"skill1_05"},{"time":0.8666,"name":"skill1_07"},{"time":1,"name":"skill1_08"},{"time":1.1333,"name":"skill1_09"},{"time":1.2666,"name":"skill1_10"},{"time":1.4,"name":"skill1_11"},{"time":1.5333,"name":"skill1_10"},{"time":1.6666,"name":"skill1_08"},{"time":1.8,"name":"skill1_09"},{"time":1.9333,"name":"skill1_10"},{"time":2.0666,"name":"skill1_08"},{"time":2.2,"name":"skill1_17"},{"time":2.3333,"name":"skill1_18"},{"time":2.4333,"name":"skill1_18.2"},{"time":2.5333,"name":"skill1_18.6"},{"time":2.6333,"name":"skill1_19"},{"time":2.7,"name":"skill1_20"},{"time":2.7333,"name":"skill1_21"},{"time":2.9,"name":"skill1_22"},{"time":3.0666,"name":"skill1_23"},{"time":3.2333,"name":"skill1_24"},{"time":3.5,"name":"skill1_25"},{"time":3.5666,"name":"skill1_26"},{"time":3.7333,"name":"skill1_27"},{"time":3.8666,"name":"skill1_28"},{"time":3.9666,"name":"attack1_02"},{"time":4.1,"name":"attack1_01"},{"time":4.1666,"name":"idle_0"}]}},"bones":{"MAIN":{"translate":[{"time":0.8333,"x":0,"y":0},{"time":0.9333,"x":0,"y":224.66},{"time":0.9666,"x":0,"y":239.86},{"time":1.3,"x":0,"y":224.66},{"time":1.5333,"x":0,"y":234.23},{"time":2.2,"x":0,"y":224.66,"curve":"stepped"},{"time":2.2666,"x":0,"y":224.66,"curve":[0.517,0.06,0.766,0.59]},{"time":2.6333,"x":-3.63,"y":221.03,"curve":"stepped"},{"time":2.7,"x":-3.63,"y":221.03},{"time":2.7333,"x":50.02,"y":267.75},{"time":2.8,"x":58.77,"y":278.45},{"time":2.9,"x":49.99,"y":264.54},{"time":3.2333,"x":49.9,"y":251.71},{"time":3.3666,"x":49.9,"y":168.1},{"time":3.5,"x":49.9,"y":0},{"time":3.5333,"x":49.9,"y":-7.06},{"time":3.6,"x":49.9,"y":0}]},"EF_wave":{"translate":[{"time":0.8666,"x":339.29,"y":-7.19}],"scale":[{"time":0.8666,"x":0.732,"y":0.732},{"time":0.9666,"x":1.745,"y":1.745},{"time":1.0666,"x":2.332,"y":2.332}]},"DAMAGEAREA":{"translate":[{"time":2.7666,"x":-228.12,"y":24.14}],"scale":[{"time":2.7666,"x":1.837,"y":1.389}]}},"drawOrder":[{"time":3.5},{"time":4.1666}],"events":[{"time":0.8666,"name":"Sound1","string":"cri_se_battle_jump"},{"time":1.0333,"name":"Event","string":"movePosition_Target(0.8,270,0)"},{"time":1.0333,"name":"Sound1","string":"cri_se_battle_charge_long"},{"time":1.4333,"name":"Sound1","string":"cri_se_battle_skill_electric_1"},{"time":2.2666,"name":"voice","string":"cri_137_voice_skill_all"},{"time":2.7,"name":"Event","string":"kImpactType_down"},{"time":2.7333,"name":"Event","float":0.1,"string":"kHitStopType_enemyonly"},{"time":2.7666,"name":"Event","string":"shakeGround"},{"time":2.7666,"name":"Sound1","string":"cri_se_battle_037_explosion_element_05"},{"time":2.7666,"name":"Sound2","string":"setHitSound(se_battle_thrustviolently)"},{"time":2.8,"name":"Sound2","string":"setHitSound(empty)"},{"time":2.8333,"name":"Hit","string":"resetHitList"},{"time":2.8333,"name":"Sound2","string":"setHitSound(se_battle_thrustviolently)"},{"time":2.8666,"name":"Sound2","string":"setHitSound(empty)"},{"time":3.5,"name":"Sound1","string":"cri_se_battle_landing"}]},"skill2":{"slots":{"DAMAGEAREA":{"attachment":[{"time":1.3666,"name":"DAMAGEAREA"},{"time":4.2333,"name":null}]},"EF/100_S1_wave1/740_S1_wave1_00004":{"attachment":[{"time":1.2333,"name":"EF/100_S1_wave1/740_S1_wave1_00004"},{"time":1.2666,"name":"EF/100_S1_wave1/740_S1_wave1_00006"},{"time":1.3,"name":"EF/100_S1_wave1/740_S1_wave1_00008"},{"time":1.3333,"name":"EF/100_S1_wave1/740_S1_wave1_00009"},{"time":1.3666,"name":"EF/100_S1_wave1/740_S1_wave1_00010"},{"time":1.4333,"name":null},{"time":1.5,"name":"EF/100_S1_wave1/740_S1_wave1_00004"},{"time":1.5333,"name":"EF/100_S1_wave1/740_S1_wave1_00006"},{"time":1.5666,"name":"EF/100_S1_wave1/740_S1_wave1_00008"},{"time":1.6,"name":"EF/100_S1_wave1/740_S1_wave1_00009"},{"time":1.6333,"name":"EF/100_S1_wave1/740_S1_wave1_00010"},{"time":1.7,"name":null},{"time":1.7666,"name":"EF/100_S1_wave1/740_S1_wave1_00004"},{"time":1.8,"name":"EF/100_S1_wave1/740_S1_wave1_00006"},{"time":1.8333,"name":"EF/100_S1_wave1/740_S1_wave1_00008"},{"time":1.8666,"name":"EF/100_S1_wave1/740_S1_wave1_00009"},{"time":1.9,"name":"EF/100_S1_wave1/740_S1_wave1_00010"},{"time":1.9666,"name":null},{"time":2.0333,"name":"EF/100_S1_wave1/740_S1_wave1_00004"},{"time":2.0666,"name":"EF/100_S1_wave1/740_S1_wave1_00006"},{"time":2.1,"name":"EF/100_S1_wave1/740_S1_wave1_00008"},{"time":2.1333,"name":"EF/100_S1_wave1/740_S1_wave1_00009"},{"time":2.1666,"name":"EF/100_S1_wave1/740_S1_wave1_00010"},{"time":2.2333,"name":null},{"time":2.3,"name":"EF/100_S1_wave1/740_S1_wave1_00004"},{"time":2.3333,"name":"EF/100_S1_wave1/740_S1_wave1_00006"},{"time":2.3666,"name":"EF/100_S1_wave1/740_S1_wave1_00008"},{"time":2.4,"name":"EF/100_S1_wave1/740_S1_wave1_00009"},{"time":2.4333,"name":"EF/100_S1_wave1/740_S1_wave1_00010"},{"time":2.5,"name":null}],"color":[{"time":1.2333,"color":"ffffffff","curve":"stepped"},{"time":1.3666,"color":"ffffffff"},{"time":1.4333,"color":"ffffff00","curve":"stepped"},{"time":1.5,"color":"ffffffff","curve":"stepped"},{"time":1.6333,"color":"ffffffff"},{"time":1.7,"color":"ffffff00","curve":"stepped"},{"time":1.7666,"color":"ffffffff","curve":"stepped"},{"time":1.9,"color":"ffffffff"},{"time":1.9666,"color":"ffffff00","curve":"stepped"},{"time":2.0333,"color":"ffffffff","curve":"stepped"},{"time":2.1666,"color":"ffffffff"},{"time":2.2333,"color":"ffffff00","curve":"stepped"},{"time":2.3,"color":"ffffffff","curve":"stepped"},{"time":2.4333,"color":"ffffffff"},{"time":2.5,"color":"ffffff00"}]},"EF/100_S1_wave1/740_S1_wave1_4":{"attachment":[{"time":1.3666,"name":"EF/100_S1_wave1/740_S1_wave1_00004"},{"time":1.4,"name":"EF/100_S1_wave1/740_S1_wave1_00006"},{"time":1.4333,"name":"EF/100_S1_wave1/740_S1_wave1_00008"},{"time":1.4666,"name":"EF/100_S1_wave1/740_S1_wave1_00009"},{"time":1.5,"name":"EF/100_S1_wave1/740_S1_wave1_00010"},{"time":1.5666,"name":null},{"time":1.6333,"name":"EF/100_S1_wave1/740_S1_wave1_00004"},{"time":1.6666,"name":"EF/100_S1_wave1/740_S1_wave1_00006"},{"time":1.7,"name":"EF/100_S1_wave1/740_S1_wave1_00008"},{"time":1.7333,"name":"EF/100_S1_wave1/740_S1_wave1_00009"},{"time":1.7666,"name":"EF/100_S1_wave1/740_S1_wave1_00010"},{"time":1.8333,"name":null},{"time":1.9,"name":"EF/100_S1_wave1/740_S1_wave1_00004"},{"time":1.9333,"name":"EF/100_S1_wave1/740_S1_wave1_00006"},{"time":1.9666,"name":"EF/100_S1_wave1/740_S1_wave1_00008"},{"time":2,"name":"EF/100_S1_wave1/740_S1_wave1_00009"},{"time":2.0333,"name":"EF/100_S1_wave1/740_S1_wave1_00010"},{"time":2.1,"name":null},{"time":2.1666,"name":"EF/100_S1_wave1/740_S1_wave1_00004"},{"time":2.2,"name":"EF/100_S1_wave1/740_S1_wave1_00006"},{"time":2.2333,"name":"EF/100_S1_wave1/740_S1_wave1_00008"},{"time":2.2666,"name":"EF/100_S1_wave1/740_S1_wave1_00009"},{"time":2.3,"name":"EF/100_S1_wave1/740_S1_wave1_00010"},{"time":2.3666,"name":null},{"time":2.4333,"name":"EF/100_S1_wave1/740_S1_wave1_00004"},{"time":2.4666,"name":"EF/100_S1_wave1/740_S1_wave1_00006"},{"time":2.5,"name":"EF/100_S1_wave1/740_S1_wave1_00008"},{"time":2.5333,"name":"EF/100_S1_wave1/740_S1_wave1_00009"},{"time":2.5666,"name":"EF/100_S1_wave1/740_S1_wave1_00010"},{"time":2.6333,"name":null}],"color":[{"time":1.3666,"color":"ffffffff","curve":"stepped"},{"time":1.5,"color":"ffffffff"},{"time":1.5666,"color":"ffffff00","curve":"stepped"},{"time":1.6333,"color":"ffffffff","curve":"stepped"},{"time":1.7666,"color":"ffffffff"},{"time":1.8333,"color":"ffffff00","curve":"stepped"},{"time":1.9,"color":"ffffffff","curve":"stepped"},{"time":2.0333,"color":"ffffffff"},{"time":2.1,"color":"ffffff00","curve":"stepped"},{"time":2.1666,"color":"ffffffff","curve":"stepped"},{"time":2.3,"color":"ffffffff"},{"time":2.3666,"color":"ffffff00","curve":"stepped"},{"time":2.4333,"color":"ffffffff","curve":"stepped"},{"time":2.5666,"color":"ffffffff"},{"time":2.6333,"color":"ffffff00"}]},"MAIN":{"attachment":[{"time":0.1333,"name":"attack1_01"},{"time":0.2333,"name":"attack1_02"},{"time":0.3333,"name":"attack1_03"},{"time":0.5333,"name":"attack1_04"},{"time":0.6333,"name":"attack1_05"},{"time":0.7333,"name":"attack1_06"},{"time":0.8333,"name":"attack1_07"},{"time":0.9333,"name":"attack1_08"},{"time":1.0333,"name":"attack1_09"},{"time":1.1333,"name":"attack1_10"},{"time":1.2333,"name":"attack1_11"},{"time":1.2666,"name":"attack1_12"},{"time":1.3666,"name":"skill2_13"},{"time":1.4333,"name":"skill2_14"},{"time":1.5,"name":"skill2_15"},{"time":1.6,"name":"skill2_14"},{"time":1.6666,"name":"skill2_15"},{"time":1.7666,"name":"skill2_14"},{"time":1.8666,"name":"skill2_15"},{"time":1.9333,"name":"skill2_14"},{"time":2.0333,"name":"skill2_15"},{"time":2.1,"name":"skill2_14"},{"time":2.2,"name":"skill2_15"},{"time":2.3,"name":"skill2_14"},{"time":2.4,"name":"skill2_15"},{"time":2.4666,"name":"skill2_14"},{"time":2.5333,"name":"attack1_13"},{"time":2.7,"name":"skill2_32"},{"time":2.8666,"name":"attack1_11"},{"time":2.9666,"name":"attack1_14"},{"time":3.0333,"name":"attack1_01"},{"time":3.1,"name":"idle_0"}]}},"bones":{"MAIN":{"translate":[{"time":0.2333,"x":-25.41,"y":0,"curve":"stepped"},{"time":1.2333,"x":-25.41,"y":0},{"time":1.2666,"x":-14.76,"y":0,"curve":"stepped"},{"time":1.3,"x":-20.79,"y":0,"curve":"stepped"},{"time":3,"x":-20.79,"y":0},{"time":3.0333,"x":0,"y":0,"curve":"stepped"},{"time":3.1,"x":0,"y":0}]},"EF_wave":{"translate":[{"time":1.2333,"x":327.29,"y":-8.44}],"scale":[{"time":1.2333,"x":0.782,"y":0.782},{"time":1.4333,"x":1,"y":1,"curve":"stepped"},{"time":1.5,"x":0.782,"y":0.782},{"time":1.7,"x":1,"y":1,"curve":"stepped"},{"time":1.7666,"x":0.782,"y":0.782},{"time":1.9666,"x":1,"y":1,"curve":"stepped"},{"time":2.0333,"x":0.782,"y":0.782},{"time":2.2333,"x":1,"y":1,"curve":"stepped"},{"time":2.3,"x":0.782,"y":0.782},{"time":2.5,"x":1,"y":1}]},"EF_wave2":{"translate":[{"time":1.3666,"x":327.43,"y":-8.72,"curve":"stepped"},{"time":1.6333,"x":327.43,"y":-8.72}],"scale":[{"time":1.3666,"x":0.782,"y":0.782},{"time":1.5666,"x":1,"y":1,"curve":"stepped"},{"time":1.6333,"x":0.782,"y":0.782},{"time":1.8333,"x":1,"y":1,"curve":"stepped"},{"time":1.9,"x":0.782,"y":0.782},{"time":2.1,"x":1,"y":1,"curve":"stepped"},{"time":2.1666,"x":0.782,"y":0.782},{"time":2.3666,"x":1,"y":1,"curve":"stepped"},{"time":2.4333,"x":0.782,"y":0.782},{"time":2.6333,"x":1,"y":1}]},"DAMAGEAREA":{"translate":[{"time":1.3666,"x":-208.84,"y":78.31},{"time":1.4,"x":-250.06,"y":78.31},{"time":1.4333,"x":-296.78,"y":78.31},{"time":1.5333,"x":-387.46,"y":78.31},{"time":1.6666,"x":-514,"y":78.31,"curve":"stepped"},{"time":2.1,"x":-514,"y":78.31},{"time":2.2666,"x":-334.74,"y":78.31},{"time":2.5333,"x":-269.36,"y":78.31,"curve":"stepped"},{"time":3.8,"x":-269.36,"y":78.31},{"time":3.8666,"x":-349.5,"y":78.31}],"scale":[{"time":1.3666,"x":2.126,"y":0.835},{"time":1.4,"x":2.564,"y":0.835},{"time":1.4333,"x":3.023,"y":0.835},{"time":1.5333,"x":3.978,"y":0.835},{"time":1.6666,"x":5.237,"y":0.835,"curve":"stepped"},{"time":2.1,"x":5.237,"y":0.835},{"time":2.2666,"x":5.458,"y":1.645},{"time":2.5333,"x":5.458,"y":2.686,"curve":"stepped"},{"time":3.8,"x":5.458,"y":2.686},{"time":3.8333,"x":3.27,"y":2.686}]}},"drawOrder":[{"time":0.2333},{"time":3.1}],"events":[{"time":0.7333,"name":"Sound1","string":"cri_se_battle_charge"},{"time":0.7333,"name":"voice","string":"cri_137_voice_fullarts_rank4"},{"time":1.1,"name":"Event","string":"kImpactType_down"},{"time":1.1333,"name":"Event","float":0.4,"string":"kHitStopType_normal"},{"time":1.2,"name":"Event","string":"setHitBackEnemy(5,3)"},{"time":1.2,"name":"Sound1","string":"cri_se_battle_037_explosion_element_05"},{"time":1.2,"name":"Sound2","string":"cri_se_battle_beam"},{"time":1.2666,"name":"Event","float":3,"string":"shakeGround_Loop"},{"time":1.3333,"name":"Event","string":"shakeGround"},{"time":1.3666,"name":"Sound1","string":"setHitSound(se_battle_007_attack_hit_01)"},{"time":1.4,"name":"Event","float":0.2,"string":"kHitStopType_enemyonly"},{"time":1.4,"name":"Hit","string":"resetHitList"},{"time":1.4,"name":"Sound1","string":"setHitSound(empty)"},{"time":1.4333,"name":"Hit","string":"resetHitList"},{"time":1.4666,"name":"Hit","string":"resetHitList"},{"time":1.4666,"name":"Sound1","string":"setHitSound(se_battle_007_attack_hit_01)"},{"time":1.5,"name":"Hit","string":"resetHitList"},{"time":1.5,"name":"Sound1","string":"setHitSound(empty)"},{"time":1.5333,"name":"Hit","string":"resetHitList"},{"time":1.5666,"name":"Hit","string":"resetHitList"},{"time":1.5666,"name":"Sound1","string":"setHitSound(se_battle_007_attack_hit_01)"},{"time":1.6,"name":"Hit","string":"resetHitList"},{"time":1.6,"name":"Sound1","string":"setHitSound(empty)"},{"time":1.6333,"name":"Hit","string":"resetHitList"},{"time":1.6666,"name":"Hit","string":"resetHitList"},{"time":1.6666,"name":"Sound1","string":"setHitSound(se_battle_007_attack_hit_01)"},{"time":1.7,"name":"Hit","string":"resetHitList"},{"time":1.7,"name":"Sound1","string":"setHitSound(empty)"},{"time":1.7333,"name":"Hit","string":"resetHitList"},{"time":1.7666,"name":"Hit","string":"resetHitList"},{"time":1.7666,"name":"Sound1","string":"setHitSound(se_battle_007_attack_hit_01)"},{"time":1.8,"name":"Hit","string":"resetHitList"},{"time":1.8,"name":"Sound1","string":"setHitSound(empty)"},{"time":1.8333,"name":"Hit","string":"resetHitList"},{"time":1.8666,"name":"Hit","string":"resetHitList"},{"time":1.8666,"name":"Sound1","string":"setHitSound(se_battle_007_attack_hit_01)"},{"time":1.9,"name":"Hit","string":"resetHitList"},{"time":1.9,"name":"Sound1","string":"setHitSound(empty)"},{"time":1.9333,"name":"Hit","string":"resetHitList"},{"time":1.9666,"name":"Hit","string":"resetHitList"},{"time":1.9666,"name":"Sound1","string":"setHitSound(se_battle_007_attack_hit_01)"},{"time":2,"name":"Hit","string":"resetHitList"},{"time":2,"name":"Sound1","string":"setHitSound(empty)"},{"time":2.0333,"name":"Hit","string":"resetHitList"},{"time":2.0666,"name":"Hit","string":"resetHitList"},{"time":2.0666,"name":"Sound1","string":"setHitSound(se_battle_007_attack_hit_01)"},{"time":2.1,"name":"Hit","string":"resetHitList"},{"time":2.1,"name":"Sound1","string":"setHitSound(empty)"},{"time":2.1333,"name":"Event","float":-1,"string":"addOrbitSystem_skillEF_CoupDeGrace"},{"time":2.1333,"name":"Hit","string":"resetHitList"},{"time":2.1666,"name":"Event","string":"shakeGround"},{"time":2.1666,"name":"Hit","string":"resetHitList"},{"time":2.1666,"name":"Sound1","string":"setHitSound(se_battle_007_attack_hit_01)"},{"time":2.2,"name":"Hit","string":"resetHitList"},{"time":2.2,"name":"Sound1","string":"setHitSound(empty)"},{"time":2.2333,"name":"Event","string":"setHitBackEnemy(-5,3)"},{"time":2.2333,"name":"Hit","string":"resetHitList"},{"time":2.2666,"name":"Hit","string":"resetHitList"},{"time":2.2666,"name":"Sound1","string":"setHitSound(se_battle_007_attack_hit_01)"},{"time":2.3,"name":"Hit","string":"resetHitList"},{"time":2.3,"name":"Sound1","string":"setHitSound(empty)"},{"time":2.3333,"name":"Hit","string":"resetHitList"},{"time":2.3666,"name":"Hit","string":"resetHitList"},{"time":2.3666,"name":"Sound1","string":"setHitSound(se_battle_007_attack_hit_01)"},{"time":2.4,"name":"Hit","string":"resetHitList"},{"time":2.4,"name":"Sound1","string":"setHitSound(empty)"},{"time":2.4333,"name":"Hit","string":"resetHitList"},{"time":2.4666,"name":"Hit","string":"resetHitList"},{"time":2.4666,"name":"Sound1","string":"setHitSound(se_battle_007_attack_hit_01)"},{"time":2.5,"name":"Hit","string":"resetHitList"},{"time":2.5,"name":"Sound1","string":"setHitSound(empty)"},{"time":2.5333,"name":"Event","string":"shakeGround"},{"time":2.5333,"name":"Hit","string":"resetHitList"},{"time":2.5666,"name":"Hit","string":"resetHitList"},{"time":2.5666,"name":"Sound1","string":"setHitSound(se_battle_007_attack_hit_01)"},{"time":2.6,"name":"Event","string":"setHitBackEnemy(5,0)"},{"time":2.6,"name":"Hit","string":"resetHitList"},{"time":2.6,"name":"Sound1","string":"setHitSound(empty)"},{"time":2.6333,"name":"Hit","string":"resetHitList"},{"time":2.6666,"name":"Hit","string":"resetHitList"},{"time":2.6666,"name":"Sound1","string":"setHitSound(se_battle_007_attack_hit_01)"},{"time":2.7,"name":"Hit","string":"resetHitList"},{"time":2.7,"name":"Sound1","string":"setHitSound(empty)"},{"time":2.7333,"name":"Hit","string":"resetHitList"},{"time":2.7666,"name":"Hit","string":"resetHitList"},{"time":2.7666,"name":"Sound1","string":"setHitSound(se_battle_007_attack_hit_01)"},{"time":2.8,"name":"Hit","string":"resetHitList"},{"time":2.8,"name":"Sound1","string":"setHitSound(empty)"},{"time":2.8333,"name":"Hit","string":"resetHitList"},{"time":2.8666,"name":"Event","string":"shakeGround"},{"time":2.8666,"name":"Hit","string":"resetHitList"},{"time":2.8666,"name":"Sound1","string":"setHitSound(se_battle_007_attack_hit_01)"},{"time":2.9,"name":"Hit","string":"resetHitList"},{"time":2.9,"name":"Sound1","string":"setHitSound(empty)"},{"time":2.9333,"name":"Event","string":"setHitBackEnemy(0,0)"},{"time":2.9333,"name":"Hit","string":"resetHitList"},{"time":2.9666,"name":"Hit","string":"resetHitList"},{"time":2.9666,"name":"Sound1","string":"setHitSound(se_battle_007_attack_hit_01)"},{"time":3,"name":"Hit","string":"resetHitList"},{"time":3,"name":"Sound1","string":"setHitSound(empty)"},{"time":3.0333,"name":"Hit","string":"resetHitList"},{"time":3.0666,"name":"Hit","string":"resetHitList"},{"time":3.0666,"name":"Sound1","string":"setHitSound(se_battle_007_attack_hit_01)"},{"time":3.1,"name":"Hit","string":"resetHitList"},{"time":3.1,"name":"Sound1","string":"setHitSound(empty)"},{"time":3.1333,"name":"Hit","string":"resetHitList"},{"time":3.1666,"name":"Hit","string":"resetHitList"},{"time":3.1666,"name":"Sound1","string":"setHitSound(se_battle_007_attack_hit_01)"},{"time":3.2,"name":"Hit","string":"resetHitList"},{"time":3.2,"name":"Sound1","string":"setHitSound(empty)"},{"time":3.2333,"name":"Hit","string":"resetHitList"},{"time":3.2666,"name":"Hit","string":"resetHitList"},{"time":3.2666,"name":"Sound1","string":"setHitSound(se_battle_007_attack_hit_01)"},{"time":3.3,"name":"Hit","string":"resetHitList"},{"time":3.3,"name":"Sound1","string":"setHitSound(empty)"},{"time":3.3333,"name":"Hit","string":"resetHitList"},{"time":3.3666,"name":"Hit","string":"resetHitList"},{"time":3.3666,"name":"Sound1","string":"setHitSound(se_battle_007_attack_hit_01)"},{"time":3.4,"name":"Hit","string":"resetHitList"},{"time":3.4,"name":"Sound1","string":"setHitSound(empty)"},{"time":3.4333,"name":"Hit","string":"resetHitList"},{"time":3.4666,"name":"Hit","string":"resetHitList"},{"time":3.4666,"name":"Sound1","string":"setHitSound(se_battle_007_attack_hit_01)"},{"time":3.5,"name":"Hit","string":"resetHitList"},{"time":3.5,"name":"Sound1","string":"setHitSound(empty)"},{"time":3.5333,"name":"Hit","string":"resetHitList"},{"time":3.5666,"name":"Hit","string":"resetHitList"},{"time":3.5666,"name":"Sound1","string":"setHitSound(se_battle_007_attack_hit_01)"},{"time":3.6,"name":"Hit","string":"resetHitList"},{"time":3.6,"name":"Sound1","string":"setHitSound(empty)"},{"time":3.6333,"name":"Hit","string":"resetHitList"},{"time":3.6666,"name":"Hit","string":"resetHitList"},{"time":3.6666,"name":"Sound1","string":"setHitSound(se_battle_007_attack_hit_01)"},{"time":3.7,"name":"Hit","string":"resetHitList"},{"time":3.7,"name":"Sound1","string":"setHitSound(empty)"},{"time":3.7333,"name":"Hit","string":"resetHitList"},{"time":3.7666,"name":"Hit","string":"resetHitList"},{"time":3.7666,"name":"Sound1","string":"setHitSound(se_battle_007_attack_hit_01)"},{"time":3.8,"name":"Hit","string":"resetHitList"},{"time":3.8,"name":"Sound1","string":"setHitSound(empty)"},{"time":3.8333,"name":"Hit","string":"resetHitList"},{"time":3.8666,"name":"Hit","string":"resetHitList"},{"time":3.8666,"name":"Sound1","string":"setHitSound(se_battle_007_attack_hit_01)"},{"time":3.9,"name":"Hit","string":"resetHitList"},{"time":3.9,"name":"Sound1","string":"setHitSound(empty)"},{"time":3.9333,"name":"Hit","string":"resetHitList"},{"time":3.9666,"name":"Hit","string":"resetHitList"},{"time":3.9666,"name":"Sound1","string":"setHitSound(se_battle_007_attack_hit_01)"},{"time":4,"name":"Hit","string":"resetHitList"},{"time":4,"name":"Sound1","string":"setHitSound(empty)"},{"time":4.0333,"name":"Hit","string":"resetHitList"},{"time":4.0666,"name":"Hit","string":"resetHitList"},{"time":4.0666,"name":"Sound1","string":"setHitSound(se_battle_007_attack_hit_01)"},{"time":4.1,"name":"Hit","string":"resetHitList"},{"time":4.1,"name":"Sound1","string":"setHitSound(empty)"},{"time":4.1333,"name":"Hit","string":"resetHitList"},{"time":4.1666,"name":"Hit","string":"resetHitList"},{"time":4.2,"name":"Hit","string":"resetHitList"}]}}}