{"skeleton":{"hash":"izSpsDQIKYPV7MpXvIU6Xe0cKTc","spine":"3.0.12","width":0,"height":0,"images":"./images2/"},"bones":[{"name":"root"},{"name":"crystal_root","parent":"root","x":-20,"y":150,"scaleX":0.82,"scaleY":0.82},{"name":"crystal_4","parent":"crystal_root","x":177.73,"y":-145.6,"scaleX":1.34,"scaleY":1.34},{"name":"crystal_3","parent":"crystal_root","x":67.29,"y":15.36,"scaleX":1.34,"scaleY":1.34},{"name":"crystal_2","parent":"crystal_root","x":4.82,"y":-115.57,"scaleX":1.34,"scaleY":1.34},{"name":"crystal_1","parent":"crystal_root","x":-117.62,"y":-86.09,"scaleX":1.34,"scaleY":1.34},{"name":"MAIN","parent":"root","y":66.5,"scaleX":1.1,"scaleY":1.1},{"name":"deco","parent":"MAIN","x":9.32,"y":115.5,"scaleX":-1},{"name":"HPBAR","parent":"MAIN","y":175.9},{"name":"EF","parent":"root","y":37.25},{"name":"S1_wave1_2","parent":"EF","x":730.64,"y":492.02},{"name":"S1_wave1_1","parent":"EF","x":665.67,"y":491.54}],"slots":[{"name":"S1_wave1_1","bone":"S1_wave1_1","blend":"additive"},{"name":"S1_wave1_2","bone":"S1_wave1_2","blend":"additive"},{"name":"RB_crystal","bone":"crystal_3","attachment":"RB_crystal"},{"name":"RB crystal_2_flash_1","bone":"crystal_3"},{"name":"RF_crystal","bone":"crystal_1","attachment":"RF_crystal"},{"name":"RF crystal_2_flash_1","bone":"crystal_1"},{"name":"deco","bone":"deco"},{"name":"MAIN","bone":"MAIN","attachment":"idle_00"},{"name":"LF_crystal","bone":"crystal_2","attachment":"LF_crystal"},{"name":"LF crystal_2_flash_1","bone":"crystal_2"},{"name":"cloak_2","bone":"crystal_4","attachment":"cloak_2"},{"name":"LB crystal_2_flash_1","bone":"crystal_4"}],"skins":{"default":{"LB crystal_2_flash_1":{"LB crystal_2_flash_2":{"x":-78.73,"y":72.08,"width":350,"height":260}},"LF crystal_2_flash_1":{"LF crystal_2_flash_2":{"x":35.14,"y":63.97,"width":350,"height":260}},"LF_crystal":{"LF_crystal":{"x":35.14,"y":63.97,"width":350,"height":260}},"MAIN":{"idle_00":{"x":-2.46,"y":37.8,"width":466,"height":366},"idle_01":{"x":-2.46,"y":37.8,"width":466,"height":366},"idle_02":{"x":-2.46,"y":37.8,"width":466,"height":366},"idle_03":{"x":-2.46,"y":37.8,"width":466,"height":366},"idle_04":{"x":-2.46,"y":37.8,"width":466,"height":366}},"RB crystal_2_flash_1":{"RB crystal_2_flash_2":{"x":-6.96,"y":34.41,"width":350,"height":260}},"RB_crystal":{"RB_crystal":{"x":-6.96,"y":34.4,"width":350,"height":260}},"RF crystal_2_flash_1":{"RF crystal_2_flash_2":{"x":110.97,"y":35.15,"width":350,"height":260}},"RF_crystal":{"RF_crystal":{"x":110.97,"y":35.16,"width":350,"height":260}},"cloak_2":{"cloak_2":{"x":-78.73,"y":72.12,"width":350,"height":260}}}},"events":{"Event":{},"Hit":{},"HitEffect":{},"Sound1":{},"Sound2":{},"Sound3":{},"Voice":{}},"animations":{"idle":{"slots":{"LB crystal_2_flash_1":{"attachment":[{"time":0.2,"name":"LB crystal_2_flash_2"}],"color":[{"time":0.2,"color":"ffffff64","curve":"stepped"},{"time":0.4,"color":"ffffff95","curve":"stepped"},{"time":0.6,"color":"ffffff64","curve":"stepped"},{"time":0.8,"color":"ffffff32"}]},"LF crystal_2_flash_1":{"attachment":[{"time":0,"name":"LF crystal_2_flash_2"},{"time":0.2,"name":"LF crystal_2_flash_2"}],"color":[{"time":0,"color":"ffffff95"},{"time":0.2,"color":"ffffff64","curve":"stepped"},{"time":0.4,"color":"ffffff32","curve":"stepped"},{"time":0.6,"color":"ffffff32","curve":"stepped"},{"time":0.8,"color":"ffffff64"}]},"LF_crystal":{"attachment":[{"time":0,"name":"LF_crystal"}]},"MAIN":{"attachment":[{"time":0,"name":"idle_00"},{"time":0.2,"name":"idle_01"},{"time":0.4,"name":"idle_02"},{"time":0.6,"name":"idle_03"},{"time":0.8,"name":"idle_04"},{"time":1,"name":"idle_04"}]},"RB crystal_2_flash_1":{"attachment":[{"time":0.2,"name":"RB crystal_2_flash_2"}],"color":[{"time":0.2,"color":"ffffff32","curve":"stepped"},{"time":0.4,"color":"ffffff64","curve":"stepped"},{"time":0.6,"color":"ffffff95","curve":"stepped"},{"time":0.8,"color":"ffffff64"}]},"RB_crystal":{"attachment":[{"time":0,"name":"RB_crystal"},{"time":1,"name":"RB_crystal"}]},"RF crystal_2_flash_1":{"attachment":[{"time":0.2,"name":"RF crystal_2_flash_2"}],"color":[{"time":0.2,"color":"ffffff95","curve":"stepped"},{"time":0.4,"color":"ffffff95","curve":"stepped"},{"time":0.6,"color":"ffffff64","curve":"stepped"},{"time":0.8,"color":"ffffff32"}]},"RF_crystal":{"attachment":[{"time":0,"name":"RF_crystal"}]},"S1_wave1_1":{"attachment":[{"time":0,"name":null}]},"S1_wave1_2":{"attachment":[{"time":0,"name":null}]},"cloak_2":{"attachment":[{"time":0,"name":"cloak_2"}]}},"bones":{"crystal_4":{"translate":[{"time":0,"x":0,"y":0,"curve":"stepped"},{"time":0.2,"x":0,"y":3.91,"curve":"stepped"},{"time":0.4,"x":0,"y":7.83,"curve":"stepped"},{"time":0.6,"x":0,"y":5.22,"curve":"stepped"},{"time":0.8,"x":0,"y":2.61,"curve":"stepped"},{"time":1,"x":0,"y":0}]},"crystal_2":{"translate":[{"time":0,"x":0,"y":0,"curve":"stepped"},{"time":0.2,"x":0,"y":-2.87,"curve":"stepped"},{"time":0.4,"x":0,"y":-5.74,"curve":"stepped"},{"time":0.6,"x":0,"y":-8.62,"curve":"stepped"},{"time":0.8,"x":0,"y":-4.31,"curve":"stepped"},{"time":1,"x":0,"y":0}]},"MAIN":{"translate":[{"time":0,"x":0,"y":0}]},"crystal_3":{"translate":[{"time":0,"x":0,"y":0,"curve":"stepped"},{"time":0.2,"x":0,"y":1.95,"curve":"stepped"},{"time":0.4,"x":0,"y":3.91,"curve":"stepped"},{"time":0.6,"x":0,"y":5.87,"curve":"stepped"},{"time":0.8,"x":0,"y":2.94,"curve":"stepped"},{"time":1,"x":0,"y":0}]},"crystal_1":{"translate":[{"time":0,"x":0,"y":-0.24,"curve":"stepped"},{"time":0.2,"x":0,"y":3.47,"curve":"stepped"},{"time":0.4,"x":0,"y":1.01,"curve":"stepped"},{"time":0.6,"x":0,"y":-1.44,"curve":"stepped"},{"time":0.8,"x":0,"y":-3.9,"curve":"stepped"},{"time":1,"x":0,"y":0}]},"deco":{"translate":[{"time":0,"x":0,"y":0,"curve":"stepped"},{"time":0.2,"x":0,"y":-2.15,"curve":"stepped"},{"time":0.4,"x":0,"y":-4.3,"curve":"stepped"},{"time":0.6,"x":0,"y":-2.87,"curve":"stepped"},{"time":0.8,"x":0,"y":-1.43,"curve":"stepped"},{"time":1,"x":0,"y":0}]}}}}}