{"skeleton":{"hash":"um/Z8zD79+Etdxqijba/GLwFRV0","spine":"3.0.12","width":644.83,"height":630.52,"images":"./images/"},"bones":[{"name":"root","rotation":-0.01},{"name":"ryusen","parent":"root","x":114.8,"y":226.7,"scaleX":6.096,"scaleY":3.969,"color":"9b1b00ff"},{"name":"ryusen2","parent":"root","x":114.8,"y":226.7,"scaleX":6.096,"scaleY":3.969,"color":"9b1b00ff"},{"name":"skill4","parent":"root","color":"9b0006ff"},{"name":"bone5","parent":"skill4","color":"9b0006ff"},{"name":"bone4","parent":"skill4","color":"9b0006ff"},{"name":"bone3","parent":"skill4","color":"9b0006ff"},{"name":"bone2","parent":"skill4","color":"9b0006ff"},{"name":"bone","parent":"skill4","color":"9b0006ff"}],"slots":[{"name":"bg/bg","bone":"root"},{"name":"ryusen/ryu/Package_30000","bone":"ryusen"},{"name":"ryusen/ryu/Package_30001","bone":"ryusen2"},{"name":"EF/out/9140_OUT_shine2/9140_OUT_shine2_00001","bone":"bone","blend":"additive"},{"name":"EF/out/9140_OUT_shine3/9140_OUT_shine3_00003","bone":"bone2","blend":"additive"},{"name":"EF/out/9140_OUT_shine4/9140_OUT_shine4_00003","bone":"bone3","blend":"additive"},{"name":"EF/out/9140_OUT_shine5/9140_OUT_shine5_00002","bone":"bone4","blend":"additive"},{"name":"EF/out/9140_OUT_shine6/9140_OUT_shine6_00003","bone":"bone5","blend":"additive"}],"skins":{"default":{"EF/out/9140_OUT_shine2/9140_OUT_shine2_00001":{"EF/out/9140_OUT_shine2/9140_OUT_shine2_00001":{"width":200,"height":200},"EF/out/9140_OUT_shine2/9140_OUT_shine2_00003":{"width":200,"height":200},"EF/out/9140_OUT_shine2/9140_OUT_shine2_00005":{"width":200,"height":200},"EF/out/9140_OUT_shine2/9140_OUT_shine2_00007":{"width":200,"height":200},"EF/out/9140_OUT_shine2/9140_OUT_shine2_00009":{"width":200,"height":200}},"EF/out/9140_OUT_shine3/9140_OUT_shine3_00003":{"EF/out/9140_OUT_shine3/9140_OUT_shine3_00003":{"width":200,"height":200},"EF/out/9140_OUT_shine3/9140_OUT_shine3_00005":{"width":200,"height":200},"EF/out/9140_OUT_shine3/9140_OUT_shine3_00007":{"width":200,"height":200},"EF/out/9140_OUT_shine3/9140_OUT_shine3_00009":{"width":200,"height":200},"EF/out/9140_OUT_shine3/9140_OUT_shine3_00011":{"width":200,"height":200},"EF/out/9140_OUT_shine3/9140_OUT_shine3_00013":{"width":200,"height":200},"EF/out/9140_OUT_shine3/9140_OUT_shine3_00015":{"width":200,"height":200},"EF/out/9140_OUT_shine3/9140_OUT_shine3_00017":{"width":200,"height":200},"EF/out/9140_OUT_shine3/9140_OUT_shine3_00019":{"width":200,"height":200},"EF/out/9140_OUT_shine3/9140_OUT_shine3_00021":{"width":200,"height":200}},"EF/out/9140_OUT_shine4/9140_OUT_shine4_00003":{"EF/out/9140_OUT_shine4/9140_OUT_shine4_00003":{"width":200,"height":200},"EF/out/9140_OUT_shine4/9140_OUT_shine4_00005":{"width":200,"height":200},"EF/out/9140_OUT_shine4/9140_OUT_shine4_00007":{"width":200,"height":200},"EF/out/9140_OUT_shine4/9140_OUT_shine4_00009":{"width":200,"height":200},"EF/out/9140_OUT_shine4/9140_OUT_shine4_00011":{"width":200,"height":200},"EF/out/9140_OUT_shine4/9140_OUT_shine4_00013":{"width":200,"height":200},"EF/out/9140_OUT_shine4/9140_OUT_shine4_00015":{"width":200,"height":200},"EF/out/9140_OUT_shine4/9140_OUT_shine4_00017":{"width":200,"height":200},"EF/out/9140_OUT_shine4/9140_OUT_shine4_00019":{"width":200,"height":200},"EF/out/9140_OUT_shine4/9140_OUT_shine4_00021":{"width":200,"height":200},"EF/out/9140_OUT_shine4/9140_OUT_shine4_00023":{"width":200,"height":200},"EF/out/9140_OUT_shine4/9140_OUT_shine4_00025":{"width":200,"height":200}},"EF/out/9140_OUT_shine5/9140_OUT_shine5_00002":{"EF/out/9140_OUT_shine5/9140_OUT_shine5_00002":{"width":200,"height":200},"EF/out/9140_OUT_shine5/9140_OUT_shine5_00003":{"width":200,"height":200},"EF/out/9140_OUT_shine5/9140_OUT_shine5_00004":{"width":200,"height":200},"EF/out/9140_OUT_shine5/9140_OUT_shine5_00005":{"width":200,"height":200}},"EF/out/9140_OUT_shine6/9140_OUT_shine6_00003":{"EF/out/9140_OUT_shine6/9140_OUT_shine6_00003":{"width":200,"height":200},"EF/out/9140_OUT_shine6/9140_OUT_shine6_00005":{"width":200,"height":200},"EF/out/9140_OUT_shine6/9140_OUT_shine6_00008":{"width":200,"height":200},"EF/out/9140_OUT_shine6/9140_OUT_shine6_00010":{"width":200,"height":200}},"ryusen/ryu/Package_30000":{"ryusen/ryu/Package_030000":{"width":205,"height":205},"ryusen/ryu/Package_030001":{"width":205,"height":205},"ryusen/ryu/Package_030002":{"width":205,"height":205},"ryusen/ryu/Package_030003":{"width":205,"height":205},"ryusen/ryu/Package_030004":{"width":205,"height":205},"ryusen/ryu/Package_030005":{"width":205,"height":205},"ryusen/ryu/Package_030006":{"width":205,"height":205},"ryusen/ryu/Package_030007":{"width":205,"height":205},"ryusen/ryu/Package_030008":{"width":205,"height":205},"ryusen/ryu/Package_030009":{"width":205,"height":205},"ryusen/ryu/Package_030010":{"width":205,"height":205},"ryusen/ryu/Package_030011":{"width":205,"height":205},"ryusen/ryu/Package_030012":{"width":205,"height":205},"ryusen/ryu/Package_030013":{"width":205,"height":205},"ryusen/ryu/Package_030014":{"width":205,"height":205},"ryusen/ryu/Package_030015":{"width":205,"height":205},"ryusen/ryu/Package_030016":{"width":205,"height":205},"ryusen/ryu/Package_030017":{"width":205,"height":205},"ryusen/ryu/Package_030018":{"width":205,"height":205},"ryusen/ryu/Package_030019":{"width":205,"height":205}},"ryusen/ryu/Package_30001":{"ryusen/ryu/Package_030000":{"width":205,"height":205},"ryusen/ryu/Package_030001":{"width":205,"height":205},"ryusen/ryu/Package_030002":{"width":205,"height":205},"ryusen/ryu/Package_030003":{"width":205,"height":205},"ryusen/ryu/Package_030004":{"width":205,"height":205},"ryusen/ryu/Package_030005":{"width":205,"height":205},"ryusen/ryu/Package_030006":{"width":205,"height":205},"ryusen/ryu/Package_030007":{"width":205,"height":205},"ryusen/ryu/Package_030008":{"width":205,"height":205},"ryusen/ryu/Package_030009":{"width":205,"height":205},"ryusen/ryu/Package_030010":{"width":205,"height":205},"ryusen/ryu/Package_030011":{"width":205,"height":205},"ryusen/ryu/Package_030012":{"width":205,"height":205},"ryusen/ryu/Package_030013":{"width":205,"height":205},"ryusen/ryu/Package_030014":{"width":205,"height":205},"ryusen/ryu/Package_030015":{"width":205,"height":205},"ryusen/ryu/Package_030016":{"width":205,"height":205},"ryusen/ryu/Package_030017":{"width":205,"height":205},"ryusen/ryu/Package_030018":{"width":205,"height":205},"ryusen/ryu/Package_030019":{"width":205,"height":205}}}},"events":{"EFEvent":{},"EFEvent2":{},"EFHit":{},"Sound1":{},"Sound2":{}},"animations":{"enpty":{"events":[{"time":0,"name":"EFEvent"}]},"skill4":{"slots":{"EF/out/9140_OUT_shine2/9140_OUT_shine2_00001":{"attachment":[{"time":10.3333,"name":"EF/out/9140_OUT_shine2/9140_OUT_shine2_00001"},{"time":10.4,"name":"EF/out/9140_OUT_shine2/9140_OUT_shine2_00003"},{"time":10.4666,"name":"EF/out/9140_OUT_shine2/9140_OUT_shine2_00005"},{"time":10.5333,"name":"EF/out/9140_OUT_shine2/9140_OUT_shine2_00007"},{"time":10.6,"name":"EF/out/9140_OUT_shine2/9140_OUT_shine2_00009"},{"time":10.6666,"name":null}],"color":[{"time":10.5666,"color":"ffffffff"},{"time":10.6666,"color":"ffffff00"}]},"EF/out/9140_OUT_shine3/9140_OUT_shine3_00003":{"attachment":[{"time":10.3333,"name":"EF/out/9140_OUT_shine3/9140_OUT_shine3_00003"},{"time":10.4,"name":"EF/out/9140_OUT_shine3/9140_OUT_shine3_00005"},{"time":10.4333,"name":"EF/out/9140_OUT_shine3/9140_OUT_shine3_00007"},{"time":10.4666,"name":"EF/out/9140_OUT_shine3/9140_OUT_shine3_00009"},{"time":10.5,"name":"EF/out/9140_OUT_shine3/9140_OUT_shine3_00011"},{"time":10.5333,"name":"EF/out/9140_OUT_shine3/9140_OUT_shine3_00013"},{"time":10.5666,"name":"EF/out/9140_OUT_shine3/9140_OUT_shine3_00015"},{"time":10.6,"name":"EF/out/9140_OUT_shine3/9140_OUT_shine3_00017"},{"time":10.6333,"name":"EF/out/9140_OUT_shine3/9140_OUT_shine3_00019"},{"time":10.6666,"name":"EF/out/9140_OUT_shine3/9140_OUT_shine3_00021"},{"time":10.7,"name":null}]},"EF/out/9140_OUT_shine4/9140_OUT_shine4_00003":{"attachment":[{"time":10.3333,"name":"EF/out/9140_OUT_shine4/9140_OUT_shine4_00003"},{"time":10.3666,"name":"EF/out/9140_OUT_shine4/9140_OUT_shine4_00005"},{"time":10.4,"name":"EF/out/9140_OUT_shine4/9140_OUT_shine4_00007"},{"time":10.4333,"name":"EF/out/9140_OUT_shine4/9140_OUT_shine4_00009"},{"time":10.4666,"name":"EF/out/9140_OUT_shine4/9140_OUT_shine4_00011"},{"time":10.5,"name":"EF/out/9140_OUT_shine4/9140_OUT_shine4_00013"},{"time":10.5333,"name":"EF/out/9140_OUT_shine4/9140_OUT_shine4_00015"},{"time":10.5666,"name":"EF/out/9140_OUT_shine4/9140_OUT_shine4_00017"},{"time":10.6,"name":"EF/out/9140_OUT_shine4/9140_OUT_shine4_00019"},{"time":10.6333,"name":"EF/out/9140_OUT_shine4/9140_OUT_shine4_00021"},{"time":10.6666,"name":"EF/out/9140_OUT_shine4/9140_OUT_shine4_00023"},{"time":10.7,"name":"EF/out/9140_OUT_shine4/9140_OUT_shine4_00025"},{"time":10.7333,"name":null}]},"EF/out/9140_OUT_shine5/9140_OUT_shine5_00002":{"attachment":[{"time":10.2333,"name":"EF/out/9140_OUT_shine5/9140_OUT_shine5_00002"},{"time":10.2666,"name":"EF/out/9140_OUT_shine5/9140_OUT_shine5_00003"},{"time":10.3,"name":"EF/out/9140_OUT_shine5/9140_OUT_shine5_00004"},{"time":10.3333,"name":"EF/out/9140_OUT_shine5/9140_OUT_shine5_00005"},{"time":10.3666,"name":null}],"color":[{"time":10.2333,"color":"ffffff69"},{"time":10.3,"color":"ffffffff"}]},"EF/out/9140_OUT_shine6/9140_OUT_shine6_00003":{"attachment":[{"time":10.2666,"name":"EF/out/9140_OUT_shine6/9140_OUT_shine6_00003"},{"time":10.3,"name":"EF/out/9140_OUT_shine6/9140_OUT_shine6_00005"},{"time":10.3333,"name":"EF/out/9140_OUT_shine6/9140_OUT_shine6_00008"},{"time":10.3666,"name":"EF/out/9140_OUT_shine6/9140_OUT_shine6_00010"},{"time":10.4,"name":null}],"color":[{"time":10.2666,"color":"ffffff8a"},{"time":10.3333,"color":"ffffffff"}]},"ryusen/ryu/Package_30000":{"attachment":[{"time":2,"name":"ryusen/ryu/Package_030000"},{"time":2.0333,"name":"ryusen/ryu/Package_030001"},{"time":2.0666,"name":"ryusen/ryu/Package_030002"},{"time":2.1,"name":"ryusen/ryu/Package_030003"},{"time":2.1333,"name":"ryusen/ryu/Package_030004"},{"time":2.1666,"name":"ryusen/ryu/Package_030005"},{"time":2.2,"name":"ryusen/ryu/Package_030006"},{"time":2.2333,"name":"ryusen/ryu/Package_030007"},{"time":2.2666,"name":"ryusen/ryu/Package_030008"},{"time":2.3,"name":"ryusen/ryu/Package_030009"},{"time":2.3333,"name":"ryusen/ryu/Package_030010"},{"time":2.3666,"name":"ryusen/ryu/Package_030011"},{"time":2.4,"name":"ryusen/ryu/Package_030012"},{"time":2.4333,"name":"ryusen/ryu/Package_030013"},{"time":2.4666,"name":"ryusen/ryu/Package_030014"},{"time":2.5,"name":"ryusen/ryu/Package_030015"},{"time":2.5333,"name":"ryusen/ryu/Package_030016"},{"time":2.5666,"name":"ryusen/ryu/Package_030017"},{"time":2.6,"name":"ryusen/ryu/Package_030018"},{"time":2.6333,"name":"ryusen/ryu/Package_030019"},{"time":2.6666,"name":"ryusen/ryu/Package_030000"},{"time":2.7,"name":"ryusen/ryu/Package_030001"},{"time":2.7333,"name":"ryusen/ryu/Package_030002"},{"time":2.7666,"name":"ryusen/ryu/Package_030003"},{"time":2.8,"name":"ryusen/ryu/Package_030004"},{"time":2.8333,"name":"ryusen/ryu/Package_030005"},{"time":2.8666,"name":"ryusen/ryu/Package_030006"},{"time":2.9,"name":"ryusen/ryu/Package_030007"},{"time":2.9333,"name":"ryusen/ryu/Package_030008"},{"time":2.9666,"name":"ryusen/ryu/Package_030009"},{"time":3,"name":"ryusen/ryu/Package_030010"},{"time":3.0333,"name":"ryusen/ryu/Package_030011"},{"time":3.0666,"name":"ryusen/ryu/Package_030012"},{"time":3.1,"name":"ryusen/ryu/Package_030013"},{"time":3.1333,"name":"ryusen/ryu/Package_030014"},{"time":3.1666,"name":"ryusen/ryu/Package_030015"},{"time":3.2,"name":"ryusen/ryu/Package_030016"},{"time":3.2333,"name":"ryusen/ryu/Package_030017"},{"time":3.2666,"name":"ryusen/ryu/Package_030018"},{"time":3.3,"name":"ryusen/ryu/Package_030019"},{"time":3.3333,"name":"ryusen/ryu/Package_030000"},{"time":3.3666,"name":"ryusen/ryu/Package_030001"},{"time":3.4,"name":"ryusen/ryu/Package_030002"},{"time":3.4333,"name":"ryusen/ryu/Package_030003"},{"time":3.4666,"name":"ryusen/ryu/Package_030004"},{"time":3.5,"name":"ryusen/ryu/Package_030005"},{"time":3.5333,"name":"ryusen/ryu/Package_030006"},{"time":3.5666,"name":"ryusen/ryu/Package_030007"},{"time":3.6,"name":"ryusen/ryu/Package_030008"},{"time":3.6333,"name":"ryusen/ryu/Package_030009"},{"time":3.6666,"name":"ryusen/ryu/Package_030010"},{"time":3.7,"name":"ryusen/ryu/Package_030011"},{"time":3.7333,"name":"ryusen/ryu/Package_030012"},{"time":3.7666,"name":"ryusen/ryu/Package_030013"},{"time":3.8,"name":"ryusen/ryu/Package_030014"},{"time":3.8333,"name":"ryusen/ryu/Package_030015"},{"time":3.8666,"name":"ryusen/ryu/Package_030016"},{"time":3.9,"name":"ryusen/ryu/Package_030017"},{"time":3.9333,"name":"ryusen/ryu/Package_030018"},{"time":3.9666,"name":"ryusen/ryu/Package_030019"},{"time":4,"name":"ryusen/ryu/Package_030000"},{"time":4.0333,"name":"ryusen/ryu/Package_030001"},{"time":4.0666,"name":"ryusen/ryu/Package_030002"},{"time":4.1,"name":"ryusen/ryu/Package_030003"},{"time":4.1333,"name":"ryusen/ryu/Package_030004"},{"time":4.1666,"name":"ryusen/ryu/Package_030005"},{"time":4.2,"name":"ryusen/ryu/Package_030006"},{"time":4.2333,"name":"ryusen/ryu/Package_030007"},{"time":4.2666,"name":"ryusen/ryu/Package_030008"},{"time":4.3,"name":"ryusen/ryu/Package_030009"},{"time":4.3333,"name":"ryusen/ryu/Package_030010"},{"time":4.3666,"name":"ryusen/ryu/Package_030011"},{"time":4.4,"name":"ryusen/ryu/Package_030012"},{"time":4.4333,"name":"ryusen/ryu/Package_030013"},{"time":4.4666,"name":"ryusen/ryu/Package_030014"},{"time":4.5,"name":"ryusen/ryu/Package_030015"},{"time":4.5333,"name":"ryusen/ryu/Package_030016"},{"time":4.5666,"name":"ryusen/ryu/Package_030017"},{"time":4.6,"name":"ryusen/ryu/Package_030018"},{"time":4.6333,"name":"ryusen/ryu/Package_030019"},{"time":4.6666,"name":"ryusen/ryu/Package_030000"},{"time":4.7,"name":"ryusen/ryu/Package_030001"},{"time":4.7333,"name":"ryusen/ryu/Package_030002"},{"time":4.7666,"name":"ryusen/ryu/Package_030003"},{"time":4.8,"name":"ryusen/ryu/Package_030004"},{"time":4.8333,"name":"ryusen/ryu/Package_030005"},{"time":4.8666,"name":"ryusen/ryu/Package_030006"},{"time":4.9,"name":"ryusen/ryu/Package_030007"},{"time":4.9333,"name":"ryusen/ryu/Package_030008"},{"time":4.9666,"name":"ryusen/ryu/Package_030009"},{"time":5,"name":"ryusen/ryu/Package_030010"},{"time":5.0333,"name":"ryusen/ryu/Package_030011"},{"time":5.0666,"name":"ryusen/ryu/Package_030012"},{"time":5.1,"name":"ryusen/ryu/Package_030013"},{"time":5.1333,"name":"ryusen/ryu/Package_030014"},{"time":5.1666,"name":"ryusen/ryu/Package_030015"},{"time":5.2,"name":"ryusen/ryu/Package_030016"},{"time":5.2333,"name":"ryusen/ryu/Package_030017"},{"time":5.2666,"name":"ryusen/ryu/Package_030018"},{"time":5.3,"name":"ryusen/ryu/Package_030019"},{"time":5.3333,"name":"ryusen/ryu/Package_030000"},{"time":5.3666,"name":"ryusen/ryu/Package_030001"},{"time":5.4,"name":"ryusen/ryu/Package_030002"},{"time":5.4333,"name":"ryusen/ryu/Package_030003"},{"time":5.4666,"name":"ryusen/ryu/Package_030004"},{"time":5.5,"name":"ryusen/ryu/Package_030005"},{"time":5.5333,"name":"ryusen/ryu/Package_030006"},{"time":5.5666,"name":"ryusen/ryu/Package_030007"},{"time":5.6,"name":"ryusen/ryu/Package_030008"},{"time":5.6333,"name":"ryusen/ryu/Package_030009"},{"time":5.6666,"name":"ryusen/ryu/Package_030010"},{"time":5.7,"name":"ryusen/ryu/Package_030011"},{"time":5.7333,"name":"ryusen/ryu/Package_030012"},{"time":5.7666,"name":"ryusen/ryu/Package_030013"},{"time":5.8,"name":"ryusen/ryu/Package_030014"},{"time":5.8333,"name":"ryusen/ryu/Package_030015"},{"time":5.8666,"name":"ryusen/ryu/Package_030016"},{"time":5.9,"name":"ryusen/ryu/Package_030017"},{"time":5.9333,"name":"ryusen/ryu/Package_030018"},{"time":5.9666,"name":"ryusen/ryu/Package_030019"},{"time":6,"name":"ryusen/ryu/Package_030000"},{"time":6.0333,"name":"ryusen/ryu/Package_030001"},{"time":6.0666,"name":"ryusen/ryu/Package_030002"},{"time":6.1,"name":"ryusen/ryu/Package_030003"},{"time":6.1333,"name":"ryusen/ryu/Package_030004"},{"time":6.1666,"name":"ryusen/ryu/Package_030005"},{"time":6.2,"name":"ryusen/ryu/Package_030006"},{"time":6.2333,"name":"ryusen/ryu/Package_030007"},{"time":6.2666,"name":"ryusen/ryu/Package_030008"},{"time":6.3,"name":"ryusen/ryu/Package_030009"},{"time":6.3333,"name":"ryusen/ryu/Package_030010"},{"time":6.3666,"name":"ryusen/ryu/Package_030011"},{"time":6.4,"name":"ryusen/ryu/Package_030012"},{"time":6.4333,"name":"ryusen/ryu/Package_030013"},{"time":6.4666,"name":"ryusen/ryu/Package_030014"},{"time":6.5,"name":"ryusen/ryu/Package_030015"},{"time":6.5333,"name":"ryusen/ryu/Package_030016"},{"time":6.5666,"name":"ryusen/ryu/Package_030017"},{"time":6.6,"name":"ryusen/ryu/Package_030018"},{"time":6.6333,"name":"ryusen/ryu/Package_030019"},{"time":6.6666,"name":"ryusen/ryu/Package_030000"},{"time":6.7,"name":"ryusen/ryu/Package_030001"},{"time":6.7333,"name":"ryusen/ryu/Package_030002"},{"time":6.7666,"name":"ryusen/ryu/Package_030003"},{"time":6.8,"name":"ryusen/ryu/Package_030004"},{"time":6.8333,"name":"ryusen/ryu/Package_030005"},{"time":6.8666,"name":"ryusen/ryu/Package_030006"},{"time":6.9,"name":"ryusen/ryu/Package_030007"},{"time":6.9333,"name":"ryusen/ryu/Package_030008"},{"time":6.9666,"name":"ryusen/ryu/Package_030009"},{"time":7,"name":"ryusen/ryu/Package_030010"},{"time":7.0333,"name":"ryusen/ryu/Package_030011"},{"time":7.0666,"name":"ryusen/ryu/Package_030012"},{"time":7.1,"name":"ryusen/ryu/Package_030013"},{"time":7.1333,"name":"ryusen/ryu/Package_030014"},{"time":7.1666,"name":"ryusen/ryu/Package_030015"},{"time":7.2,"name":"ryusen/ryu/Package_030016"},{"time":7.2333,"name":"ryusen/ryu/Package_030017"},{"time":7.2666,"name":"ryusen/ryu/Package_030018"},{"time":7.3,"name":"ryusen/ryu/Package_030019"},{"time":7.3333,"name":"ryusen/ryu/Package_030000"},{"time":7.3666,"name":"ryusen/ryu/Package_030001"},{"time":7.4,"name":"ryusen/ryu/Package_030002"},{"time":7.4333,"name":"ryusen/ryu/Package_030003"},{"time":7.4666,"name":"ryusen/ryu/Package_030004"},{"time":7.5,"name":"ryusen/ryu/Package_030005"},{"time":7.5333,"name":"ryusen/ryu/Package_030006"},{"time":7.5666,"name":"ryusen/ryu/Package_030007"},{"time":7.6,"name":"ryusen/ryu/Package_030008"},{"time":7.6333,"name":"ryusen/ryu/Package_030009"},{"time":7.6666,"name":"ryusen/ryu/Package_030010"},{"time":7.7,"name":"ryusen/ryu/Package_030011"},{"time":7.7333,"name":"ryusen/ryu/Package_030012"},{"time":7.7666,"name":"ryusen/ryu/Package_030013"},{"time":7.8,"name":"ryusen/ryu/Package_030014"},{"time":7.8333,"name":"ryusen/ryu/Package_030015"},{"time":7.8666,"name":"ryusen/ryu/Package_030016"},{"time":7.9,"name":"ryusen/ryu/Package_030017"},{"time":7.9333,"name":"ryusen/ryu/Package_030018"},{"time":7.9666,"name":"ryusen/ryu/Package_030019"},{"time":8,"name":"ryusen/ryu/Package_030000"},{"time":8.0333,"name":"ryusen/ryu/Package_030001"},{"time":8.0666,"name":"ryusen/ryu/Package_030002"},{"time":8.1,"name":"ryusen/ryu/Package_030003"},{"time":8.1333,"name":"ryusen/ryu/Package_030004"},{"time":8.1666,"name":"ryusen/ryu/Package_030005"},{"time":8.2,"name":"ryusen/ryu/Package_030006"},{"time":8.2333,"name":"ryusen/ryu/Package_030007"},{"time":8.2666,"name":"ryusen/ryu/Package_030008"},{"time":8.3,"name":"ryusen/ryu/Package_030009"},{"time":8.3333,"name":"ryusen/ryu/Package_030010"},{"time":8.3666,"name":"ryusen/ryu/Package_030011"},{"time":8.4,"name":"ryusen/ryu/Package_030012"},{"time":8.4333,"name":"ryusen/ryu/Package_030013"},{"time":8.4666,"name":"ryusen/ryu/Package_030014"},{"time":8.5,"name":"ryusen/ryu/Package_030015"},{"time":8.5333,"name":"ryusen/ryu/Package_030016"},{"time":8.5666,"name":"ryusen/ryu/Package_030017"},{"time":8.6,"name":"ryusen/ryu/Package_030018"},{"time":8.6333,"name":"ryusen/ryu/Package_030019"},{"time":8.6666,"name":"ryusen/ryu/Package_030000"},{"time":8.7,"name":"ryusen/ryu/Package_030001"},{"time":8.7333,"name":"ryusen/ryu/Package_030002"},{"time":8.7666,"name":"ryusen/ryu/Package_030003"},{"time":8.8,"name":"ryusen/ryu/Package_030004"},{"time":8.8333,"name":"ryusen/ryu/Package_030005"},{"time":8.8666,"name":"ryusen/ryu/Package_030006"},{"time":8.9,"name":"ryusen/ryu/Package_030007"},{"time":8.9333,"name":"ryusen/ryu/Package_030008"},{"time":8.9666,"name":"ryusen/ryu/Package_030009"},{"time":9,"name":"ryusen/ryu/Package_030010"},{"time":9.0333,"name":"ryusen/ryu/Package_030011"},{"time":9.0666,"name":"ryusen/ryu/Package_030012"},{"time":9.1,"name":"ryusen/ryu/Package_030013"},{"time":9.1333,"name":"ryusen/ryu/Package_030014"},{"time":9.1666,"name":"ryusen/ryu/Package_030015"},{"time":9.2,"name":"ryusen/ryu/Package_030016"},{"time":9.2333,"name":"ryusen/ryu/Package_030017"},{"time":9.2666,"name":"ryusen/ryu/Package_030018"},{"time":9.3,"name":"ryusen/ryu/Package_030019"},{"time":9.3333,"name":"ryusen/ryu/Package_030000"},{"time":9.3666,"name":"ryusen/ryu/Package_030001"},{"time":9.4,"name":"ryusen/ryu/Package_030002"},{"time":9.4333,"name":"ryusen/ryu/Package_030003"},{"time":9.4666,"name":"ryusen/ryu/Package_030004"},{"time":9.5,"name":"ryusen/ryu/Package_030005"},{"time":9.5333,"name":"ryusen/ryu/Package_030006"},{"time":9.5666,"name":"ryusen/ryu/Package_030007"},{"time":9.6,"name":"ryusen/ryu/Package_030008"},{"time":9.6333,"name":"ryusen/ryu/Package_030009"},{"time":9.6666,"name":"ryusen/ryu/Package_030010"},{"time":9.7,"name":"ryusen/ryu/Package_030011"},{"time":9.7333,"name":"ryusen/ryu/Package_030012"},{"time":9.7666,"name":"ryusen/ryu/Package_030013"},{"time":9.8,"name":"ryusen/ryu/Package_030014"},{"time":9.8333,"name":"ryusen/ryu/Package_030015"},{"time":9.8666,"name":"ryusen/ryu/Package_030016"},{"time":9.9,"name":"ryusen/ryu/Package_030017"},{"time":9.9333,"name":"ryusen/ryu/Package_030018"},{"time":9.9666,"name":"ryusen/ryu/Package_030019"},{"time":10,"name":"ryusen/ryu/Package_030000"},{"time":10.0333,"name":"ryusen/ryu/Package_030001"},{"time":10.0666,"name":"ryusen/ryu/Package_030002"},{"time":10.1,"name":"ryusen/ryu/Package_030003"},{"time":10.1333,"name":"ryusen/ryu/Package_030004"},{"time":10.1666,"name":"ryusen/ryu/Package_030005"},{"time":10.2,"name":"ryusen/ryu/Package_030006"},{"time":10.2333,"name":"ryusen/ryu/Package_030007"},{"time":10.2666,"name":"ryusen/ryu/Package_030008"},{"time":10.3,"name":"ryusen/ryu/Package_030009"},{"time":10.3333,"name":"ryusen/ryu/Package_030010"},{"time":10.3666,"name":"ryusen/ryu/Package_030011"},{"time":10.4,"name":"ryusen/ryu/Package_030012"},{"time":10.4333,"name":"ryusen/ryu/Package_030013"},{"time":10.4666,"name":"ryusen/ryu/Package_030014"},{"time":10.5,"name":"ryusen/ryu/Package_030015"},{"time":10.5333,"name":"ryusen/ryu/Package_030016"},{"time":10.5666,"name":"ryusen/ryu/Package_030017"},{"time":10.6,"name":"ryusen/ryu/Package_030018"},{"time":10.6333,"name":"ryusen/ryu/Package_030019"},{"time":10.6666,"name":"ryusen/ryu/Package_030000"},{"time":10.7,"name":"ryusen/ryu/Package_030001"},{"time":10.7333,"name":"ryusen/ryu/Package_030002"},{"time":10.7666,"name":"ryusen/ryu/Package_030003"},{"time":10.8,"name":"ryusen/ryu/Package_030004"},{"time":10.8333,"name":"ryusen/ryu/Package_030005"},{"time":10.8666,"name":"ryusen/ryu/Package_030006"},{"time":10.9,"name":"ryusen/ryu/Package_030007"},{"time":10.9333,"name":"ryusen/ryu/Package_030008"},{"time":10.9666,"name":"ryusen/ryu/Package_030009"},{"time":11,"name":"ryusen/ryu/Package_030010"},{"time":11.0333,"name":"ryusen/ryu/Package_030011"},{"time":11.0666,"name":"ryusen/ryu/Package_030012"},{"time":11.1,"name":"ryusen/ryu/Package_030013"},{"time":11.1333,"name":"ryusen/ryu/Package_030014"},{"time":11.1666,"name":"ryusen/ryu/Package_030015"},{"time":11.2,"name":"ryusen/ryu/Package_030016"},{"time":11.2333,"name":"ryusen/ryu/Package_030017"},{"time":11.2666,"name":"ryusen/ryu/Package_030018"},{"time":11.3,"name":"ryusen/ryu/Package_030019"},{"time":11.3333,"name":"ryusen/ryu/Package_030000"},{"time":11.3666,"name":"ryusen/ryu/Package_030001"},{"time":11.4,"name":"ryusen/ryu/Package_030002"},{"time":11.4333,"name":"ryusen/ryu/Package_030003"},{"time":11.4666,"name":"ryusen/ryu/Package_030004"},{"time":11.5,"name":"ryusen/ryu/Package_030005"},{"time":11.5333,"name":"ryusen/ryu/Package_030006"},{"time":11.5666,"name":"ryusen/ryu/Package_030007"},{"time":11.6,"name":"ryusen/ryu/Package_030008"},{"time":11.6333,"name":"ryusen/ryu/Package_030009"},{"time":11.6666,"name":"ryusen/ryu/Package_030010"},{"time":11.7,"name":"ryusen/ryu/Package_030011"},{"time":11.7333,"name":"ryusen/ryu/Package_030012"},{"time":11.7666,"name":"ryusen/ryu/Package_030013"},{"time":11.8,"name":"ryusen/ryu/Package_030014"},{"time":11.8333,"name":"ryusen/ryu/Package_030015"},{"time":11.8666,"name":"ryusen/ryu/Package_030016"},{"time":11.9,"name":"ryusen/ryu/Package_030017"},{"time":11.9333,"name":"ryusen/ryu/Package_030018"},{"time":11.9666,"name":"ryusen/ryu/Package_030019"},{"time":12,"name":"ryusen/ryu/Package_030000"},{"time":12.0333,"name":"ryusen/ryu/Package_030001"},{"time":12.0666,"name":"ryusen/ryu/Package_030002"},{"time":12.1,"name":"ryusen/ryu/Package_030003"},{"time":12.1333,"name":"ryusen/ryu/Package_030004"},{"time":12.1666,"name":"ryusen/ryu/Package_030005"},{"time":12.2,"name":"ryusen/ryu/Package_030006"},{"time":12.2333,"name":"ryusen/ryu/Package_030007"},{"time":12.2666,"name":"ryusen/ryu/Package_030008"},{"time":12.3,"name":"ryusen/ryu/Package_030009"},{"time":12.3333,"name":"ryusen/ryu/Package_030010"},{"time":12.3666,"name":"ryusen/ryu/Package_030011"},{"time":12.4,"name":"ryusen/ryu/Package_030012"},{"time":12.4333,"name":"ryusen/ryu/Package_030013"},{"time":12.4666,"name":"ryusen/ryu/Package_030014"},{"time":12.5,"name":"ryusen/ryu/Package_030015"},{"time":12.5333,"name":"ryusen/ryu/Package_030016"},{"time":12.5666,"name":"ryusen/ryu/Package_030017"},{"time":12.6,"name":"ryusen/ryu/Package_030018"},{"time":12.6333,"name":"ryusen/ryu/Package_030019"},{"time":12.6666,"name":"ryusen/ryu/Package_030000"},{"time":12.7,"name":"ryusen/ryu/Package_030001"},{"time":12.7333,"name":"ryusen/ryu/Package_030002"},{"time":12.7666,"name":"ryusen/ryu/Package_030003"},{"time":12.8,"name":"ryusen/ryu/Package_030004"},{"time":12.8333,"name":"ryusen/ryu/Package_030005"},{"time":12.8666,"name":"ryusen/ryu/Package_030006"},{"time":12.9,"name":"ryusen/ryu/Package_030007"},{"time":12.9333,"name":"ryusen/ryu/Package_030008"},{"time":12.9666,"name":"ryusen/ryu/Package_030009"},{"time":13,"name":"ryusen/ryu/Package_030010"},{"time":13.0333,"name":"ryusen/ryu/Package_030011"},{"time":13.0666,"name":"ryusen/ryu/Package_030012"},{"time":13.1,"name":"ryusen/ryu/Package_030013"},{"time":13.1333,"name":"ryusen/ryu/Package_030014"},{"time":13.1666,"name":"ryusen/ryu/Package_030015"},{"time":13.2,"name":"ryusen/ryu/Package_030016"},{"time":13.2333,"name":"ryusen/ryu/Package_030017"},{"time":13.2666,"name":"ryusen/ryu/Package_030018"},{"time":13.3,"name":"ryusen/ryu/Package_030019"},{"time":13.3333,"name":"ryusen/ryu/Package_030000"},{"time":13.3666,"name":"ryusen/ryu/Package_030001"},{"time":13.4,"name":"ryusen/ryu/Package_030002"},{"time":13.4333,"name":"ryusen/ryu/Package_030003"},{"time":13.4666,"name":"ryusen/ryu/Package_030004"},{"time":13.5,"name":"ryusen/ryu/Package_030005"},{"time":13.5333,"name":"ryusen/ryu/Package_030006"},{"time":13.5666,"name":"ryusen/ryu/Package_030007"},{"time":13.6,"name":"ryusen/ryu/Package_030008"},{"time":13.6333,"name":"ryusen/ryu/Package_030009"},{"time":13.6666,"name":"ryusen/ryu/Package_030010"},{"time":13.7,"name":"ryusen/ryu/Package_030011"},{"time":13.7333,"name":"ryusen/ryu/Package_030012"},{"time":13.7666,"name":"ryusen/ryu/Package_030013"},{"time":13.8,"name":"ryusen/ryu/Package_030014"},{"time":13.8333,"name":"ryusen/ryu/Package_030015"},{"time":13.8666,"name":"ryusen/ryu/Package_030016"},{"time":13.9,"name":"ryusen/ryu/Package_030017"},{"time":13.9333,"name":"ryusen/ryu/Package_030018"},{"time":13.9666,"name":"ryusen/ryu/Package_030019"},{"time":14,"name":"ryusen/ryu/Package_030000"},{"time":14.0333,"name":"ryusen/ryu/Package_030001"},{"time":14.0666,"name":"ryusen/ryu/Package_030002"},{"time":14.1,"name":"ryusen/ryu/Package_030003"},{"time":14.1333,"name":"ryusen/ryu/Package_030004"},{"time":14.1666,"name":"ryusen/ryu/Package_030005"},{"time":14.2,"name":"ryusen/ryu/Package_030006"},{"time":14.2333,"name":"ryusen/ryu/Package_030007"},{"time":14.2666,"name":"ryusen/ryu/Package_030008"},{"time":14.3,"name":"ryusen/ryu/Package_030009"},{"time":14.3333,"name":"ryusen/ryu/Package_030010"},{"time":14.3666,"name":"ryusen/ryu/Package_030011"},{"time":14.4,"name":"ryusen/ryu/Package_030012"},{"time":14.4333,"name":"ryusen/ryu/Package_030013"},{"time":14.4666,"name":"ryusen/ryu/Package_030014"},{"time":14.5,"name":"ryusen/ryu/Package_030015"},{"time":14.5333,"name":"ryusen/ryu/Package_030016"},{"time":14.5666,"name":"ryusen/ryu/Package_030017"},{"time":14.6,"name":"ryusen/ryu/Package_030018"},{"time":14.6333,"name":"ryusen/ryu/Package_030019"},{"time":14.6666,"name":"ryusen/ryu/Package_030000"},{"time":14.7,"name":"ryusen/ryu/Package_030001"},{"time":14.7333,"name":"ryusen/ryu/Package_030002"},{"time":14.7666,"name":"ryusen/ryu/Package_030003"},{"time":14.8,"name":"ryusen/ryu/Package_030004"},{"time":14.8333,"name":"ryusen/ryu/Package_030005"},{"time":14.8666,"name":"ryusen/ryu/Package_030006"},{"time":14.9,"name":"ryusen/ryu/Package_030007"},{"time":14.9333,"name":"ryusen/ryu/Package_030008"},{"time":14.9666,"name":"ryusen/ryu/Package_030009"},{"time":15,"name":"ryusen/ryu/Package_030010"},{"time":15.0333,"name":"ryusen/ryu/Package_030011"},{"time":15.0666,"name":"ryusen/ryu/Package_030012"},{"time":15.1,"name":"ryusen/ryu/Package_030013"},{"time":15.1333,"name":"ryusen/ryu/Package_030014"},{"time":15.1666,"name":"ryusen/ryu/Package_030015"},{"time":15.2,"name":"ryusen/ryu/Package_030016"},{"time":15.2333,"name":"ryusen/ryu/Package_030017"},{"time":15.2666,"name":"ryusen/ryu/Package_030018"},{"time":15.3,"name":"ryusen/ryu/Package_030019"},{"time":15.3333,"name":"ryusen/ryu/Package_030000"},{"time":15.3666,"name":"ryusen/ryu/Package_030001"},{"time":15.4,"name":"ryusen/ryu/Package_030002"},{"time":15.4333,"name":"ryusen/ryu/Package_030003"},{"time":15.4666,"name":"ryusen/ryu/Package_030004"},{"time":15.5,"name":"ryusen/ryu/Package_030005"},{"time":15.5333,"name":"ryusen/ryu/Package_030006"},{"time":15.5666,"name":"ryusen/ryu/Package_030007"},{"time":15.6,"name":"ryusen/ryu/Package_030008"},{"time":15.6333,"name":"ryusen/ryu/Package_030009"},{"time":15.6666,"name":"ryusen/ryu/Package_030010"},{"time":15.7,"name":"ryusen/ryu/Package_030011"},{"time":15.7333,"name":"ryusen/ryu/Package_030012"},{"time":15.7666,"name":"ryusen/ryu/Package_030013"},{"time":15.8,"name":"ryusen/ryu/Package_030014"},{"time":15.8333,"name":"ryusen/ryu/Package_030015"},{"time":15.8666,"name":"ryusen/ryu/Package_030016"},{"time":15.9,"name":"ryusen/ryu/Package_030017"},{"time":15.9333,"name":"ryusen/ryu/Package_030018"},{"time":15.9666,"name":"ryusen/ryu/Package_030019"},{"time":16,"name":"ryusen/ryu/Package_030000"},{"time":16.0333,"name":"ryusen/ryu/Package_030001"},{"time":16.0666,"name":"ryusen/ryu/Package_030002"},{"time":16.1,"name":"ryusen/ryu/Package_030003"},{"time":16.1333,"name":"ryusen/ryu/Package_030004"},{"time":16.1666,"name":"ryusen/ryu/Package_030005"},{"time":16.2,"name":"ryusen/ryu/Package_030006"},{"time":16.2333,"name":"ryusen/ryu/Package_030007"},{"time":16.2666,"name":"ryusen/ryu/Package_030008"},{"time":16.3,"name":"ryusen/ryu/Package_030009"},{"time":16.3333,"name":"ryusen/ryu/Package_030010"},{"time":16.3666,"name":"ryusen/ryu/Package_030011"},{"time":16.4,"name":"ryusen/ryu/Package_030012"},{"time":16.4333,"name":"ryusen/ryu/Package_030013"},{"time":16.4666,"name":"ryusen/ryu/Package_030014"},{"time":16.5,"name":"ryusen/ryu/Package_030015"},{"time":16.5333,"name":"ryusen/ryu/Package_030016"},{"time":16.5666,"name":"ryusen/ryu/Package_030017"},{"time":16.6,"name":"ryusen/ryu/Package_030018"},{"time":16.6333,"name":"ryusen/ryu/Package_030019"},{"time":16.6666,"name":"ryusen/ryu/Package_030000"},{"time":16.7,"name":"ryusen/ryu/Package_030001"},{"time":16.7333,"name":"ryusen/ryu/Package_030002"},{"time":16.7666,"name":"ryusen/ryu/Package_030003"},{"time":16.8,"name":"ryusen/ryu/Package_030004"},{"time":16.8333,"name":"ryusen/ryu/Package_030005"},{"time":16.8666,"name":"ryusen/ryu/Package_030006"},{"time":16.9,"name":"ryusen/ryu/Package_030007"},{"time":16.9333,"name":"ryusen/ryu/Package_030008"},{"time":16.9666,"name":"ryusen/ryu/Package_030009"},{"time":17,"name":"ryusen/ryu/Package_030010"},{"time":17.0333,"name":"ryusen/ryu/Package_030011"},{"time":17.0666,"name":"ryusen/ryu/Package_030012"},{"time":17.1,"name":"ryusen/ryu/Package_030013"},{"time":17.1333,"name":"ryusen/ryu/Package_030014"},{"time":17.1666,"name":"ryusen/ryu/Package_030015"},{"time":17.2,"name":"ryusen/ryu/Package_030016"},{"time":17.2333,"name":"ryusen/ryu/Package_030017"},{"time":17.2666,"name":"ryusen/ryu/Package_030018"},{"time":17.3,"name":"ryusen/ryu/Package_030019"},{"time":17.3333,"name":"ryusen/ryu/Package_030000"},{"time":17.3666,"name":"ryusen/ryu/Package_030001"},{"time":17.4,"name":"ryusen/ryu/Package_030002"},{"time":17.4333,"name":"ryusen/ryu/Package_030003"},{"time":17.4666,"name":"ryusen/ryu/Package_030004"},{"time":17.5666,"name":"ryusen/ryu/Package_030005"},{"time":17.6,"name":"ryusen/ryu/Package_030006"},{"time":17.6333,"name":"ryusen/ryu/Package_030007"},{"time":17.6666,"name":"ryusen/ryu/Package_030008"},{"time":17.7,"name":"ryusen/ryu/Package_030009"},{"time":17.7333,"name":"ryusen/ryu/Package_030010"},{"time":17.7666,"name":"ryusen/ryu/Package_030011"},{"time":17.8,"name":"ryusen/ryu/Package_030012"},{"time":17.8333,"name":"ryusen/ryu/Package_030013"},{"time":17.8666,"name":"ryusen/ryu/Package_030014"},{"time":17.9,"name":"ryusen/ryu/Package_030015"},{"time":17.9333,"name":"ryusen/ryu/Package_030016"},{"time":17.9666,"name":"ryusen/ryu/Package_030017"},{"time":18,"name":"ryusen/ryu/Package_030018"},{"time":18.0333,"name":"ryusen/ryu/Package_030019"},{"time":18.0666,"name":"ryusen/ryu/Package_030000"},{"time":18.1,"name":"ryusen/ryu/Package_030001"},{"time":18.1333,"name":"ryusen/ryu/Package_030002"},{"time":18.1666,"name":"ryusen/ryu/Package_030003"},{"time":18.2,"name":"ryusen/ryu/Package_030004"},{"time":18.2333,"name":"ryusen/ryu/Package_030005"},{"time":18.2666,"name":"ryusen/ryu/Package_030006"},{"time":18.3,"name":"ryusen/ryu/Package_030007"},{"time":18.3333,"name":"ryusen/ryu/Package_030008"},{"time":18.3666,"name":"ryusen/ryu/Package_030009"},{"time":18.4,"name":"ryusen/ryu/Package_030010"},{"time":18.4333,"name":"ryusen/ryu/Package_030011"},{"time":18.4666,"name":"ryusen/ryu/Package_030012"},{"time":18.5,"name":"ryusen/ryu/Package_030013"},{"time":18.5333,"name":"ryusen/ryu/Package_030014"},{"time":18.5666,"name":"ryusen/ryu/Package_030015"},{"time":18.6,"name":"ryusen/ryu/Package_030016"},{"time":18.6333,"name":"ryusen/ryu/Package_030017"},{"time":18.6666,"name":"ryusen/ryu/Package_030018"},{"time":18.7,"name":"ryusen/ryu/Package_030019"},{"time":23.1,"name":null}],"color":[{"time":2,"color":"ffffff00"},{"time":2.3333,"color":"ffffffff","curve":"stepped"},{"time":17.4,"color":"ffffffff"},{"time":17.4666,"color":"e6e6e6ff","curve":"stepped"},{"time":17.5666,"color":"e6e6e6ff","curve":[0.25,0,0.75,1]},{"time":17.8,"color":"000000ff","curve":"stepped"},{"time":23.1,"color":"000000ff"},{"time":23.2333,"color":"00000000"}]},"ryusen/ryu/Package_30001":{"attachment":[{"time":15.5666,"name":"ryusen/ryu/Package_030000"},{"time":23.2333,"name":null}],"color":[{"time":15.5666,"color":"00000000","curve":[0.28,0,0.622,0.39]},{"time":15.6333,"color":"00000027","curve":[0.326,0.3,0.757,1]},{"time":15.8666,"color":"000000ff","curve":"stepped"},{"time":23.1,"color":"000000ff"},{"time":23.2333,"color":"00000000"}]}},"bones":{"bone":{"scale":[{"time":10.3333,"x":1,"y":1},{"time":10.6333,"x":1.159,"y":1.159}]},"skill4":{"translate":[{"time":10.2333,"x":-14.77,"y":204.6,"curve":"stepped"},{"time":10.3,"x":-14.77,"y":204.6},{"time":10.3666,"x":-54.74,"y":250.77}],"scale":[{"time":10.2333,"x":5.525,"y":5.525}]},"bone4":{"scale":[{"time":10.2333,"x":1.816,"y":1.816},{"time":10.3666,"x":1,"y":1}]},"bone3":{"scale":[{"time":10.3333,"x":1,"y":1},{"time":10.7333,"x":1.302,"y":1.302}]},"bone5":{"scale":[{"time":10.2666,"x":1,"y":1},{"time":10.3666,"x":0.054,"y":0.054}]},"ryusen":{"scale":[{"time":2,"x":1.1,"y":1.385}]},"ryusen2":{"translate":[{"time":15.5666,"x":0,"y":450.39}],"scale":[{"time":15.5666,"x":2.48,"y":3.032}]}},"events":[{"time":2,"name":"EFEvent","string":"setZorder(1)"},{"time":2,"name":"Sound1","string":"cri_se_battle_sonic_a"},{"time":2,"name":"Sound2","string":"cri_se_battle_sonic_b"},{"time":4.8333,"name":"Sound2","string":"cri_se_battle_sonic_b"},{"time":7.5,"name":"Sound2","string":"cri_se_battle_sonic_b"},{"time":10.1666,"name":"Sound2","string":"cri_se_battle_sonic_b"},{"time":13,"name":"Sound2","string":"cri_se_battle_sonic_b"},{"time":15.8333,"name":"Sound2","string":"cri_se_battle_sonic_b"}]}}}