{"skeleton":{"hash":"btPZhntzy3skx2tZ9RCyXO13xoo","spine":"3.0.12","width":0,"height":0,"images":"./images/"},"bones":[{"name":"root"},{"name":"MAIN","parent":"root","y":55}],"slots":[{"name":"MAIN","bone":"MAIN","attachment":"idle_00"}],"skins":{"default":{"MAIN":{"idle_00":{"x":-5,"y":35,"rotation":-0.02,"width":400,"height":400},"idle_01":{"x":-5,"y":35,"rotation":-0.02,"width":400,"height":400},"idle_02":{"x":-5,"y":35,"rotation":-0.02,"width":400,"height":400},"idle_03":{"x":-5,"y":35,"rotation":-0.02,"width":400,"height":400},"idle_04":{"x":-5,"y":35,"rotation":-0.02,"width":400,"height":400}}}},"events":{"Event":{},"Hit":{},"HitEffect":{},"Sound1":{},"Sound2":{},"View":{},"Voice":{}},"animations":{"idle":{"slots":{"MAIN":{"attachment":[{"time":0,"name":"idle_00"},{"time":0.2,"name":"idle_01"},{"time":0.4,"name":"idle_02"},{"time":0.6,"name":"idle_03"},{"time":0.8,"name":"idle_04"},{"time":1,"name":null}]}}}}}