{"skeleton":{"hash":"Z9dCKQ5VlNTcMitalnzq55zujxw","spine":"3.0.12","width":0,"height":0},"bones":[{"name":"root"},{"name":"MAIN","parent":"root","y":65}],"slots":[{"name":"MAIN","bone":"MAIN","attachment":"idle_00"}],"skins":{"default":{"MAIN":{"idle_00":{"x":-0.75,"y":-5.26,"width":512,"height":512},"idle_01":{"x":-0.75,"y":-5.26,"width":512,"height":512},"idle_02":{"x":-0.75,"y":-5.26,"width":512,"height":512},"idle_03":{"x":-0.75,"y":-5.26,"width":512,"height":512},"idle_04":{"x":-0.75,"y":-5.26,"width":512,"height":512},"idle_05":{"x":-0.75,"y":-5.26,"width":512,"height":512},"idle_06":{"x":-0.75,"y":-5.26,"width":512,"height":512},"idle_07":{"x":-0.75,"y":-5.26,"width":512,"height":512}}}},"animations":{"idle":{"slots":{"MAIN":{"attachment":[{"time":0,"name":"idle_00"},{"time":0.2333,"name":"idle_01"},{"time":0.5,"name":"idle_02"},{"time":0.7333,"name":"idle_03"},{"time":0.9333,"name":"idle_00"},{"time":1.1666,"name":"idle_01"},{"time":1.4333,"name":"idle_02"},{"time":1.6666,"name":"idle_03"},{"time":1.8666,"name":"idle_00"},{"time":2.1,"name":"idle_01"},{"time":2.3666,"name":"idle_02"},{"time":2.6,"name":"idle_04"},{"time":2.6333,"name":"idle_05"},{"time":2.7,"name":"idle_06"},{"time":2.7666,"name":"idle_07"},{"time":2.8,"name":"idle_00"}]}}}}}