{"skeleton":{"hash":"FxdFUF8ZjG2skBn4lK6Kvcgbp1g","spine":"3.0.12","width":526,"height":470},"bones":[{"name":"root"},{"name":"MAIN","parent":"root","y":61.31},{"name":"SHADOW-OFFSET","parent":"MAIN","y":-61.31},{"name":"HITBOX","parent":"MAIN","y":-1.95,"scaleX":0.292,"scaleY":0.689},{"name":"EF_wave_3","parent":"root","scaleX":2.5,"scaleY":2.5},{"name":"EF_wave2","parent":"root","scaleX":2.5,"scaleY":2.5},{"name":"EF_wave1","parent":"root","scaleX":2.5,"scaleY":2.5},{"name":"EF_shadow6","parent":"root","y":61.31},{"name":"EF_shadow5","parent":"root","y":61.31},{"name":"EF_shadow4","parent":"root","y":61.31},{"name":"EF_shadow3","parent":"root","y":61.31},{"name":"EF_shadow2","parent":"root","y":61.31},{"name":"EF_shadow1","parent":"root","y":61.31},{"name":"EF_magic2","parent":"root","y":100,"scaleX":1.5,"scaleY":1.5},{"name":"EF_magic1","parent":"root","y":100,"scaleX":1.5,"scaleY":1.5},{"name":"DAMAGEAREA","parent":"root","x":-0.03,"y":94.89}],"slots":[{"name":"EF_wave1","bone":"EF_wave1","blend":"additive"},{"name":"EF_wave2","bone":"EF_wave2","blend":"additive"},{"name":"EF_magic2","bone":"EF_magic2","blend":"additive"},{"name":"EF_magic1","bone":"EF_magic1","blend":"additive"},{"name":"EF_wave_3","bone":"EF_wave_3","blend":"additive"},{"name":"EF_shadow4","bone":"EF_shadow4","color":"e444ff66"},{"name":"EF_shadow5","bone":"EF_shadow5","color":"e444ff66"},{"name":"EF_shadow6","bone":"EF_shadow6","color":"e444ff66"},{"name":"MAIN","bone":"MAIN","attachment":"skill2_00"},{"name":"EF_shadow","bone":"EF_shadow1","color":"e444ff66"},{"name":"EF_shadow2","bone":"EF_shadow2","color":"e444ff66"},{"name":"EF_shadow3","bone":"EF_shadow3","color":"e444ff66"},{"name":"DAMAGEAREA","bone":"DAMAGEAREA"},{"name":"HITBOX","bone":"HITBOX","attachment":"HITBOX"}],"skins":{"default":{"DAMAGEAREA":{"DAMAGEAREA":{"type":"boundingbox","vertices":[-98.61943,-97.17343,98.67838,-95.69044,98.55638,100.49037,-97.6244,99.37336]}},"EF_magic1":{"EF/magic_5dark":{"width":210,"height":210}},"EF_magic2":{"EF/magic_5dark":{"width":210,"height":210}},"EF_shadow":{"front_00":{"x":-6.18,"y":42.62,"width":526,"height":470},"front_01":{"x":-6.18,"y":42.62,"width":526,"height":470},"front_02":{"x":-6.18,"y":42.62,"width":526,"height":470},"front_03":{"x":-6.18,"y":42.62,"width":526,"height":470},"skill2_03":{"x":-2.06,"y":42.68,"width":526,"height":470}},"EF_shadow2":{"front_00":{"x":-6.18,"y":42.62,"width":526,"height":470},"front_01":{"x":-6.18,"y":42.62,"width":526,"height":470},"front_02":{"x":-6.18,"y":42.62,"width":526,"height":470},"front_03":{"x":-6.18,"y":42.62,"width":526,"height":470},"skill2_03":{"x":-2.06,"y":42.68,"width":526,"height":470}},"EF_shadow3":{"front_00":{"x":-6.18,"y":42.62,"width":526,"height":470},"front_01":{"x":-6.18,"y":42.62,"width":526,"height":470},"front_02":{"x":-6.18,"y":42.62,"width":526,"height":470},"front_03":{"x":-6.18,"y":42.62,"width":526,"height":470},"skill2_03":{"x":-2.06,"y":42.68,"width":526,"height":470}},"EF_shadow4":{"front_00":{"x":-6.18,"y":42.62,"width":526,"height":470},"front_01":{"x":-6.18,"y":42.62,"width":526,"height":470},"front_02":{"x":-6.18,"y":42.62,"width":526,"height":470},"front_03":{"x":-6.18,"y":42.62,"width":526,"height":470},"skill2_03":{"x":-2.06,"y":42.68,"width":526,"height":470}},"EF_shadow5":{"front_00":{"x":-6.18,"y":42.62,"width":526,"height":470},"front_01":{"x":-6.18,"y":42.62,"width":526,"height":470},"front_02":{"x":-6.18,"y":42.62,"width":526,"height":470},"front_03":{"x":-6.18,"y":42.62,"width":526,"height":470},"skill2_03":{"x":-2.06,"y":42.68,"width":526,"height":470}},"EF_shadow6":{"front_00":{"x":-6.18,"y":42.62,"width":526,"height":470},"front_01":{"x":-6.18,"y":42.62,"width":526,"height":470},"front_02":{"x":-6.18,"y":42.62,"width":526,"height":470},"front_03":{"x":-6.18,"y":42.62,"width":526,"height":470},"skill2_03":{"x":-2.06,"y":42.68,"width":526,"height":470}},"EF_wave1":{"EF/5150_A1_wave1/5150_A1_wave1_00000":{"y":2.89,"width":300,"height":300},"EF/5150_A1_wave1/5150_A1_wave1_00002":{"y":2.89,"width":300,"height":300},"EF/5150_A1_wave1/5150_A1_wave1_00004":{"y":2.89,"width":300,"height":300},"EF/5150_A1_wave1/5150_A1_wave1_00005":{"y":2.89,"width":300,"height":300},"EF/5150_A1_wave1/5150_A1_wave1_00007":{"y":2.89,"width":300,"height":300},"EF/5150_A1_wave1/5150_A1_wave1_00009":{"y":2.89,"width":300,"height":300},"EF/5150_A1_wave1/5150_A1_wave1_00010":{"y":2.89,"width":300,"height":300},"EF/5150_A1_wave1/5150_A1_wave1_00011":{"y":2.89,"width":300,"height":300}},"EF_wave2":{"EF/5150_A1_wave1/5150_A1_wave1_00000":{"y":2.89,"width":300,"height":300},"EF/5150_A1_wave1/5150_A1_wave1_00002":{"y":2.89,"width":300,"height":300},"EF/5150_A1_wave1/5150_A1_wave1_00004":{"y":2.89,"width":300,"height":300},"EF/5150_A1_wave1/5150_A1_wave1_00005":{"y":2.89,"width":300,"height":300},"EF/5150_A1_wave1/5150_A1_wave1_00007":{"y":2.89,"width":300,"height":300},"EF/5150_A1_wave1/5150_A1_wave1_00009":{"y":2.89,"width":300,"height":300},"EF/5150_A1_wave1/5150_A1_wave1_00010":{"y":2.89,"width":300,"height":300},"EF/5150_A1_wave1/5150_A1_wave1_00011":{"y":2.89,"width":300,"height":300}},"EF_wave_3":{"EF/740_S1_wave1/740_S1_wave1_00000":{"y":12.89,"width":300,"height":300},"EF/740_S1_wave1/740_S1_wave1_00002":{"y":12.89,"width":300,"height":300},"EF/740_S1_wave1/740_S1_wave1_00004":{"y":12.89,"width":300,"height":300},"EF/740_S1_wave1/740_S1_wave1_00006":{"y":12.89,"width":300,"height":300},"EF/740_S1_wave1/740_S1_wave1_00008":{"y":12.89,"width":300,"height":300},"EF/740_S1_wave1/740_S1_wave1_00009":{"y":12.89,"width":300,"height":300},"EF/740_S1_wave1/740_S1_wave1_00010":{"y":12.89,"width":300,"height":300},"EF/740_S1_wave1/740_S1_wave1_00011":{"y":12.89,"width":300,"height":300}},"HITBOX":{"HITBOX":{"type":"boundingbox","vertices":[-96.90805,-99.54616,97.7708,-97.80016,98.64376,96.87866,-99.52707,96.00566]}},"MAIN":{"attack1_00":{"y":35.2,"width":526,"height":470},"attack1_01":{"y":35.2,"width":526,"height":470},"attack1_02":{"y":35.2,"width":526,"height":470},"attack1_03":{"y":32.52,"width":526,"height":470},"attack1_04":{"x":-2,"y":26.51,"width":526,"height":470},"attack1_05":{"y":35.2,"width":526,"height":470},"attack1_06":{"x":-6,"y":35.2,"width":526,"height":470},"attack1_07":{"x":-6,"y":35.2,"width":526,"height":470},"attack1_08":{"x":-6,"y":35.2,"width":526,"height":470},"attack1_09":{"x":-6.67,"y":35.2,"width":526,"height":470},"attack1_10":{"y":35.2,"width":526,"height":470},"attack1_11":{"x":-6,"y":35.2,"width":526,"height":470},"attack1_12":{"x":-6,"y":35.2,"width":526,"height":470},"attack1_13":{"x":-6,"y":35.2,"width":526,"height":470},"attack1_14":{"x":-6,"y":35.2,"width":526,"height":470},"attack1_15":{"x":-6,"y":35.2,"width":526,"height":470},"attack1_16":{"x":-6,"y":35.2,"width":526,"height":470},"attack1_17":{"x":-6,"y":35.2,"width":526,"height":470},"attack1_18":{"x":-6,"y":35.2,"width":526,"height":470},"damage_00":{"x":-10.02,"y":27.4,"width":526,"height":470},"front_00":{"x":-6.18,"y":42.62,"width":526,"height":470},"front_01":{"x":-6.18,"y":42.62,"width":526,"height":470},"front_02":{"x":-6.18,"y":42.62,"width":526,"height":470},"front_03":{"x":-6.18,"y":42.62,"width":526,"height":470},"idle_00":{"x":-6.65,"y":34.73,"width":526,"height":470},"idle_01":{"x":-6.65,"y":34.73,"width":526,"height":470},"idle_02":{"x":-6.65,"y":34.73,"width":526,"height":470},"idle_03":{"x":-6.65,"y":34.73,"width":526,"height":470},"idle_04":{"x":-6.65,"y":34.73,"width":526,"height":470},"skill1_00":{"x":-2.05,"y":42.7,"width":526,"height":470},"skill1_01":{"x":6.17,"y":26.74,"width":526,"height":470},"skill1_02":{"x":6.17,"y":26.74,"width":526,"height":470},"skill1_03":{"x":6.17,"y":26.74,"width":526,"height":470},"skill1_04":{"x":6.17,"y":26.74,"width":526,"height":470},"skill1_05":{"x":6.17,"y":26.74,"width":526,"height":470},"skill1_06":{"x":6.17,"y":26.74,"width":526,"height":470},"skill1_07":{"x":6.17,"y":26.74,"width":526,"height":470},"skill1_08":{"x":15.96,"y":17.46,"width":526,"height":470},"skill1_09":{"x":15.96,"y":17.46,"width":526,"height":470},"skill1_10":{"x":5.66,"y":6.65,"width":526,"height":470},"skill1_11":{"x":-2.05,"y":42.7,"width":526,"height":470},"skill1_12":{"x":-2.05,"y":42.7,"width":526,"height":470},"skill2_00":{"x":-2.05,"y":42.7,"width":526,"height":470},"skill2_01":{"x":-2.05,"y":42.7,"width":526,"height":470},"skill2_02":{"x":-2.05,"y":42.7,"width":526,"height":470},"skill2_03":{"x":-2.05,"y":42.68,"width":526,"height":470}}}},"events":{"Event":{},"Hit":{},"HitEffect":{},"Sound1":{},"Sound2":{},"Sound3":{},"Voice":{}},"animations":{"attack1":{"slots":{"DAMAGEAREA":{"attachment":[{"time":1.1666,"name":"DAMAGEAREA"},{"time":1.4333,"name":null},{"time":1.7666,"name":"DAMAGEAREA"},{"time":2.0333,"name":null}]},"EF_wave1":{"attachment":[{"time":0,"name":"EF/5150_A1_wave1/5150_A1_wave1_00000"},{"time":0.0333,"name":"EF/5150_A1_wave1/5150_A1_wave1_00002"},{"time":0.0666,"name":"EF/5150_A1_wave1/5150_A1_wave1_00004"},{"time":0.1,"name":"EF/5150_A1_wave1/5150_A1_wave1_00005"},{"time":0.1333,"name":"EF/5150_A1_wave1/5150_A1_wave1_00007"},{"time":0.1666,"name":"EF/5150_A1_wave1/5150_A1_wave1_00009"},{"time":0.2,"name":"EF/5150_A1_wave1/5150_A1_wave1_00010"},{"time":0.2333,"name":"EF/5150_A1_wave1/5150_A1_wave1_00011"},{"time":0.3333,"name":null}],"color":[{"time":0,"color":"ffffffff","curve":"stepped"},{"time":0.2333,"color":"ffffffff"},{"time":0.3333,"color":"ffffff00"}]},"EF_wave2":{"attachment":[{"time":0.2,"name":"EF/5150_A1_wave1/5150_A1_wave1_00000"},{"time":0.2333,"name":"EF/5150_A1_wave1/5150_A1_wave1_00002"},{"time":0.2666,"name":"EF/5150_A1_wave1/5150_A1_wave1_00004"},{"time":0.3,"name":"EF/5150_A1_wave1/5150_A1_wave1_00005"},{"time":0.3333,"name":"EF/5150_A1_wave1/5150_A1_wave1_00007"},{"time":0.3666,"name":"EF/5150_A1_wave1/5150_A1_wave1_00009"},{"time":0.4,"name":"EF/5150_A1_wave1/5150_A1_wave1_00010"},{"time":0.4333,"name":"EF/5150_A1_wave1/5150_A1_wave1_00011"},{"time":0.5333,"name":null}],"color":[{"time":0.2,"color":"ffffffff","curve":"stepped"},{"time":0.4333,"color":"ffffffff"},{"time":0.5333,"color":"ffffff00"}]},"EF_wave_3":{"attachment":[{"time":1.7666,"name":"EF/740_S1_wave1/740_S1_wave1_00000"},{"time":1.8,"name":"EF/740_S1_wave1/740_S1_wave1_00002"},{"time":1.8333,"name":"EF/740_S1_wave1/740_S1_wave1_00004"},{"time":1.8666,"name":"EF/740_S1_wave1/740_S1_wave1_00006"},{"time":1.9,"name":"EF/740_S1_wave1/740_S1_wave1_00008"},{"time":1.9333,"name":"EF/740_S1_wave1/740_S1_wave1_00009"},{"time":1.9666,"name":"EF/740_S1_wave1/740_S1_wave1_00010"},{"time":2,"name":"EF/740_S1_wave1/740_S1_wave1_00011"},{"time":2.0666,"name":null}],"color":[{"time":2,"color":"ffffffff"},{"time":2.0666,"color":"ffffff00"}]},"MAIN":{"attachment":[{"time":0,"name":"attack1_00"},{"time":0.1666,"name":"attack1_01"},{"time":0.3333,"name":"attack1_02"},{"time":0.5,"name":"attack1_00"},{"time":0.6666,"name":"attack1_00"},{"time":0.7666,"name":"attack1_03"},{"time":0.8333,"name":"attack1_04"},{"time":0.8666,"name":"attack1_05"},{"time":0.9,"name":"attack1_06"},{"time":0.9333,"name":"attack1_07"},{"time":1,"name":"attack1_08"},{"time":1.1666,"name":"attack1_09"},{"time":1.2333,"name":"attack1_10"},{"time":1.5333,"name":"attack1_05"},{"time":1.6,"name":"attack1_11"},{"time":1.7666,"name":"attack1_12"},{"time":1.8,"name":"attack1_17"},{"time":1.8333,"name":"attack1_18"},{"time":2.1333,"name":"attack1_13"},{"time":2.2,"name":"attack1_14"},{"time":2.2333,"name":"attack1_15"},{"time":2.3,"name":"attack1_16"},{"time":2.3666,"name":"idle_00"},{"time":2.5666,"name":"idle_00"}]}},"bones":{"DAMAGEAREA":{"translate":[{"time":1.1666,"x":-72.62,"y":-52.73},{"time":1.3666,"x":-229.84,"y":-52.73},{"time":1.7666,"x":-216.9,"y":-52.73},{"time":1.9,"x":-298.69,"y":-52.73}],"scale":[{"time":1.1666,"x":0.791,"y":0.602},{"time":1.7666,"x":1.176,"y":0.602},{"time":1.9,"x":1.94,"y":0.602}]},"EF_wave_3":{"translate":[{"time":1.7666,"x":-207.2,"y":0}],"scale":[{"time":1.7666,"x":1,"y":1},{"time":2.0666,"x":1.056,"y":1.056}]},"MAIN":{"rotate":[{"time":1.7666,"angle":7.74,"curve":"stepped"},{"time":2.3666,"angle":0}],"translate":[{"time":0,"x":0,"y":0,"curve":"stepped"},{"time":0.8666,"x":0,"y":-7.34,"curve":"stepped"},{"time":1.1666,"x":0,"y":-4,"curve":"stepped"},{"time":1.6,"x":0,"y":6.67,"curve":[0.25,0,0.75,1]},{"time":1.7,"x":-55.78,"y":86.01,"curve":[0.25,0,0.75,1]},{"time":1.7666,"x":-116.03,"y":2.11,"curve":"stepped"},{"time":2.1333,"x":-95.44,"y":41.64,"curve":[0.29,0,0.629,0.37]},{"time":2.1666,"x":-86.23,"y":55.07,"curve":[0.31,0.25,0.756,1]},{"time":2.3333,"x":-0.07,"y":0.55}]}},"events":[{"time":0,"name":"Event","float":0.1,"string":"kHitStopType_enemyonly"},{"time":0,"name":"HitEffect","string":"setHitEffect(hit02e,1,0.8,1)"},{"time":0,"name":"Sound1","string":"cri_se_battle_charge"},{"time":0.7,"name":"Sound1","string":"cri_se_battle_charge_completion"},{"time":1.1666,"name":"Sound1","string":"cri_se_battle_gun_burst"},{"time":1.1666,"name":"Sound2","string":"cri_se_battle_skill_swish"},{"time":1.3666,"name":"Sound1","string":"cri_se_battle_037_explosion_element_05"},{"time":1.5666,"name":"Voice","string":"cri_107_voice_attack_random"},{"time":1.6666,"name":"Event","float":0.1,"string":"kHitStopType_normal"},{"time":1.7333,"name":"Sound1","string":"cri_se_battle_skill_swish"},{"time":1.7666,"name":"Event","float":-1,"string":"addOrbitSystem-1attack1ice"},{"time":1.7666,"name":"Hit","float":3.5,"string":"resetHitList"},{"time":1.7666,"name":"HitEffect","string":"setHitEffect(hit04e,1,0.8,80)"},{"time":1.7666,"name":"Sound1","string":"cri_se_battle_hands_hit"},{"time":1.7666,"name":"Sound2","string":"cri_se_battle_skill_ice_short"},{"time":1.7666,"name":"Sound3","string":"cri_se_battle_037_explosion_element_05"},{"time":1.8333,"name":"Event","float":0.1,"string":"kHitStopType_enemyonly"},{"time":1.8333,"name":"Hit","float":3.5,"string":"resetHitList"},{"time":1.8333,"name":"Sound1","string":"cri_se_battle_skill_ice"},{"time":1.8333,"name":"Sound2","string":"setHitSound(se_battle_thrustviolently)"},{"time":1.8666,"name":"Hit","float":3.5,"string":"resetHitList"}]},"back":{"slots":{"MAIN":{"attachment":[{"time":0,"name":"skill1_00"},{"time":0.4333,"name":"front_00"},{"time":0.5333,"name":"front_01"},{"time":0.6666,"name":"front_02"},{"time":0.8,"name":"front_03"},{"time":0.9333,"name":"idle_00"}],"color":[{"time":0,"color":"ffffffff","curve":[0.836,0.03,0.926,0.95]},{"time":0.3333,"color":"ffffff00","curve":"stepped"},{"time":0.4333,"color":"ffffff00","curve":[0.4,0.23,0.584,0.39]},{"time":0.9333,"color":"ffffffff"}]}},"bones":{"MAIN":{"translate":[{"time":0,"x":0,"y":0,"curve":[0.836,0.03,0.926,0.95]},{"time":0.3333,"x":45,"y":0,"curve":"stepped"},{"time":0.4333,"x":155,"y":0},{"time":0.9333,"x":140,"y":0}]}},"events":[{"time":0,"name":"Event","string":"setInvincibleTime(0.8)"},{"time":0,"name":"Sound1","string":"cri_se_battle_teleport"}]},"cast":{"slots":{"MAIN":{"attachment":[{"time":0,"name":"skill2_00"},{"time":0.1,"name":"skill2_01"},{"time":0.5,"name":"skill2_02"},{"time":0.5666,"name":"skill2_03"},{"time":1,"name":"skill2_00"}]}},"events":[{"time":0.5,"name":"Voice","string":"cri_107_voice_item"}]},"damage":{"slots":{"MAIN":{"attachment":[{"time":0,"name":"damage_00"}]}}},"front":{"slots":{"MAIN":{"attachment":[{"time":0,"name":"front_00"},{"time":0.2333,"name":"front_01"},{"time":0.4666,"name":"front_02"},{"time":0.7,"name":"front_03"},{"time":0.9333,"name":"front_00"}]}},"events":[{"time":0,"name":"Event","float":0.4,"string":"setMoveSpeedRate"}]},"idle":{"slots":{"MAIN":{"attachment":[{"time":0,"name":"idle_00"},{"time":0.2333,"name":"idle_01"},{"time":0.4666,"name":"idle_02"},{"time":0.7,"name":"idle_03"},{"time":0.9333,"name":"idle_04"},{"time":1.1666,"name":"idle_00"}]}}},"in":{"slots":{"EF_magic1":{"attachment":[{"time":0,"name":"EF/magic_5dark"},{"time":0.7666,"name":null}],"color":[{"time":0,"color":"ffffffff","curve":"stepped"},{"time":0.6,"color":"ffffffff"},{"time":0.7666,"color":"ffffff00"}]},"EF_magic2":{"attachment":[{"time":0,"name":"EF/magic_5dark"},{"time":0.3666,"name":null}],"color":[{"time":0,"color":"ffffffff","curve":"stepped"},{"time":0.2,"color":"ffffffff"},{"time":0.3666,"color":"ffffff00"}]},"MAIN":{"attachment":[{"time":0.1333,"name":"idle_00"},{"time":0.3,"name":"idle_01"},{"time":0.4666,"name":"idle_02"},{"time":0.6333,"name":"idle_03"},{"time":0.8,"name":"idle_04"}],"color":[{"time":0,"color":"ffffff00","curve":"stepped"},{"time":0.1333,"color":"ffffff00"},{"time":0.2666,"color":"ffffffff"}]}},"bones":{"EF_magic1":{"rotate":[{"time":0,"angle":-54.52},{"time":0.3666,"angle":-65.4}],"translate":[{"time":0,"x":1.96,"y":-3.03}],"scale":[{"time":0,"x":0.15,"y":0.15},{"time":0.2,"x":0.8,"y":0.8,"curve":"stepped"},{"time":0.5,"x":0.8,"y":0.8},{"time":0.6,"x":0.933,"y":0.933},{"time":0.7666,"x":0.006,"y":0.006}]},"EF_magic2":{"rotate":[{"time":0,"angle":-54.52},{"time":0.3666,"angle":-65.4}],"translate":[{"time":0,"x":1.96,"y":-3.03}],"scale":[{"time":0,"x":0.15,"y":0.15},{"time":0.2,"x":0.8,"y":0.8},{"time":0.3666,"x":1,"y":1}]},"MAIN":{"translate":[{"time":0.1333,"x":0,"y":0}]}},"events":[{"time":0,"name":"Sound1","string":"cri_se_battle_magic_Invocation_dark"},{"time":0.8,"name":"Event","string":"takeIdle"}]},"skill1":{"slots":{"DAMAGEAREA":{"attachment":[{"time":3.8666,"name":"DAMAGEAREA"},{"time":4.4333,"name":null}]},"EF_magic1":{"attachment":[{"time":0,"name":"EF/magic_5dark"},{"time":1.2666,"name":null},{"time":1.6666,"name":"EF/magic_5dark"},{"time":4.4666,"name":null},{"time":4.5666,"name":"EF/magic_5dark"},{"time":5.3333,"name":null}],"color":[{"time":0,"color":"ffffff00","curve":"stepped"},{"time":0.1333,"color":"ffffffff","curve":"stepped"},{"time":1.1,"color":"ffffffff"},{"time":1.2666,"color":"ffffff00","curve":"stepped"},{"time":1.6666,"color":"ffffffff","curve":"stepped"},{"time":4.3,"color":"ffffffff"},{"time":4.4666,"color":"ffffff00","curve":"stepped"},{"time":4.5666,"color":"ffffffff","curve":"stepped"},{"time":5.1666,"color":"ffffffff"},{"time":5.3333,"color":"ffffff00"}]},"EF_magic2":{"attachment":[{"time":0,"name":"EF/magic_5dark"},{"time":0.5,"name":null},{"time":1.6666,"name":"EF/magic_5dark"},{"time":2.1,"name":null},{"time":4.5666,"name":"EF/magic_5dark"},{"time":4.9333,"name":null}],"color":[{"time":0,"color":"ffffff00","curve":"stepped"},{"time":0.1333,"color":"ffffffff","curve":"stepped"},{"time":0.3333,"color":"ffffffff"},{"time":0.5,"color":"ffffff00","curve":"stepped"},{"time":1.6666,"color":"ffffffff","curve":"stepped"},{"time":1.8666,"color":"ffffffff"},{"time":2.1,"color":"ffffff00","curve":"stepped"},{"time":4.5666,"color":"ffffffff","curve":"stepped"},{"time":4.7666,"color":"ffffffff"},{"time":4.9333,"color":"ffffff00"}]},"HITBOX":{"attachment":[{"time":0.8333,"name":null},{"time":1.8333,"name":"HITBOX"},{"time":4.3666,"name":null},{"time":4.7,"name":"HITBOX"}]},"MAIN":{"attachment":[{"time":0,"name":"idle_00"},{"time":0.1666,"name":"skill1_00"},{"time":0.2666,"name":"front_00"},{"time":0.5666,"name":"front_01"},{"time":0.8,"name":"front_02"},{"time":1,"name":"front_03"},{"time":1.8333,"name":"skill1_01"},{"time":1.9333,"name":"skill1_02"},{"time":2.0333,"name":"skill1_03"},{"time":2.1,"name":"skill1_01"},{"time":2.1666,"name":"skill1_02"},{"time":2.2333,"name":"skill1_03"},{"time":2.3,"name":"skill1_01"},{"time":2.3666,"name":"skill1_02"},{"time":2.4333,"name":"skill1_03"},{"time":2.5,"name":"skill1_01"},{"time":2.5666,"name":"skill1_02"},{"time":2.6333,"name":"skill1_03"},{"time":2.7,"name":"skill1_01"},{"time":2.7666,"name":"skill1_02"},{"time":2.8333,"name":"skill1_03"},{"time":2.9,"name":"skill1_01"},{"time":2.9666,"name":"skill1_02"},{"time":3.0333,"name":"skill1_03"},{"time":3.1,"name":"skill1_01"},{"time":3.1666,"name":"skill1_02"},{"time":3.2333,"name":"skill1_03"},{"time":3.3,"name":"skill1_01"},{"time":3.3666,"name":"skill1_02"},{"time":3.4333,"name":"skill1_03"},{"time":3.5,"name":"skill1_01"},{"time":3.5333,"name":"skill1_02"},{"time":3.5666,"name":"skill1_03"},{"time":3.6333,"name":"skill1_06"},{"time":3.7,"name":"skill1_07"},{"time":3.7666,"name":"skill1_08"},{"time":3.8333,"name":"skill1_09"},{"time":3.9,"name":"skill1_10"},{"time":3.9666,"name":"skill1_11"},{"time":4.0333,"name":"skill1_12"},{"time":4.7,"name":"idle_00"}],"color":[{"time":0.2666,"color":"ffffffff","curve":[0.883,0,0.928,0.94]},{"time":1.1666,"color":"ffffff00","curve":"stepped"},{"time":1.8333,"color":"ffffffff","curve":"stepped"},{"time":4.2666,"color":"ffffffff"},{"time":4.4333,"color":"ffffff00","curve":"stepped"},{"time":4.7,"color":"ffffffff"}]}},"bones":{"DAMAGEAREA":{"translate":[{"time":3.8666,"x":-345.38,"y":-28.78,"curve":"stepped"},{"time":3.9666,"x":-345.38,"y":-28.78},{"time":4.1333,"x":-356.45,"y":30.99}],"scale":[{"time":3.8666,"x":1.178,"y":0.785,"curve":"stepped"},{"time":3.9666,"x":1.178,"y":0.785},{"time":4.1333,"x":1.725,"y":1.324}]},"EF_magic1":{"rotate":[{"time":0,"angle":-23.82},{"time":0.1333,"angle":0},{"time":0.3333,"angle":-18.98},{"time":1.2666,"angle":-49.62,"curve":"stepped"},{"time":1.6666,"angle":100.76},{"time":4.4666,"angle":66.83},{"time":4.5666,"angle":-54.52},{"time":4.9333,"angle":-65.4}],"translate":[{"time":0.1333,"x":59.84,"y":-27.78,"curve":"stepped"},{"time":1.6666,"x":-57.09,"y":248.46,"curve":"stepped"},{"time":3.6,"x":-57.09,"y":248.46,"curve":[0.319,0.34,0.654,0.68]},{"time":3.6666,"x":-79.22,"y":218.19,"curve":[0.332,0.6,0.751,1]},{"time":4.2,"x":-32.72,"y":279.75,"curve":"stepped"},{"time":4.5666,"x":1.96,"y":-3.03}],"scale":[{"time":0.1333,"x":0.15,"y":0.15},{"time":0.3333,"x":0.8,"y":0.8,"curve":"stepped"},{"time":1,"x":0.8,"y":0.8},{"time":1.1,"x":0.933,"y":0.933},{"time":1.2666,"x":0.006,"y":0.006,"curve":"stepped"},{"time":1.6666,"x":0.15,"y":0.15},{"time":1.8666,"x":0.8,"y":0.8,"curve":"stepped"},{"time":4.2,"x":0.8,"y":0.8},{"time":4.3,"x":0.933,"y":0.933},{"time":4.4666,"x":0.006,"y":0.006,"curve":"stepped"},{"time":4.5666,"x":0.15,"y":0.15},{"time":4.7666,"x":0.8,"y":0.8,"curve":"stepped"},{"time":5.0666,"x":0.8,"y":0.8},{"time":5.1666,"x":0.933,"y":0.933},{"time":5.3333,"x":0.006,"y":0.006}]},"EF_magic2":{"rotate":[{"time":0.1333,"angle":0},{"time":0.3333,"angle":27.13,"curve":"stepped"},{"time":1.6666,"angle":100.76},{"time":4.4666,"angle":-54.52,"curve":"stepped"},{"time":4.5666,"angle":-54.52},{"time":4.9333,"angle":-65.4}],"translate":[{"time":0.1333,"x":59.84,"y":-27.78,"curve":"stepped"},{"time":1.6666,"x":-58.74,"y":247.74,"curve":"stepped"},{"time":4.5666,"x":1.96,"y":-3.03}],"scale":[{"time":0,"x":0.15,"y":0.15,"curve":"stepped"},{"time":0.1333,"x":0.15,"y":0.15},{"time":0.3333,"x":0.8,"y":0.8},{"time":0.5,"x":1,"y":1,"curve":"stepped"},{"time":1.6666,"x":0.15,"y":0.15,"curve":"stepped"},{"time":1.8666,"x":0.8,"y":0.8},{"time":2.1,"x":1,"y":1,"curve":"stepped"},{"time":4.5666,"x":0.15,"y":0.15},{"time":4.7666,"x":0.8,"y":0.8},{"time":4.9333,"x":1,"y":1}]},"MAIN":{"translate":[{"time":0.2666,"x":0,"y":0},{"time":1.1666,"x":54.91,"y":0,"curve":"stepped"},{"time":1.8333,"x":-48.15,"y":281.81,"curve":"stepped"},{"time":3.5666,"x":-48.15,"y":281.81,"curve":"stepped"},{"time":3.6333,"x":-66.5,"y":192.22,"curve":[0.236,0.42,0.548,0.75]},{"time":3.8333,"x":-59.37,"y":260.04,"curve":[0.252,0.56,0.491,0.8]},{"time":4.2666,"x":-42.63,"y":295.84,"curve":"stepped"},{"time":4.7,"x":0,"y":0}],"scale":[{"time":0.2666,"x":-1,"y":1,"curve":"stepped"},{"time":1.1666,"x":1,"y":1}]}},"events":[{"time":0,"name":"HitEffect","string":"setHitEffect(hit02e,1,0.8,200)"},{"time":0.0333,"name":"Event","string":"kImpactType_up"},{"time":0.1333,"name":"Sound1","string":"cri_se_battle_magic_Invocation_dark"},{"time":0.7333,"name":"Event","string":"setInvincibleTime(1.2)"},{"time":1.5666,"name":"Event","int":380,"string":"setPosition_Target"},{"time":1.8333,"name":"Event","string":"runSkillEffect"},{"time":1.8333,"name":"Sound1","string":"cri_se_battle_magic_Invocation_dark"},{"time":1.8333,"name":"Sound2","string":"cri_se_battle_darkness_explosion"},{"time":1.8666,"name":"Voice","string":"cri_107_voice_skill_all"},{"time":2.0333,"name":"Sound2","string":"cri_se_battle_skill_electric_1"},{"time":3.6333,"name":"Sound1","string":"cri_se_battle_skill_shot"},{"time":3.6333,"name":"Sound2","string":"cri_se_battle_arrow_light_effect"},{"time":3.7333,"name":"Event","float":0.1,"string":"kHitStopType_normal"},{"time":3.7666,"name":"Sound3","string":"cri_se_battle_darkness_explosion"},{"time":3.8333,"name":"Event","string":"shakeGround"},{"time":3.9666,"name":"Event","float":0.1,"string":"kHitStopType_enemyonly"},{"time":3.9666,"name":"Sound1","string":"cri_se_battle_030_explosion_02"},{"time":3.9666,"name":"Sound2","string":"cri_se_battle_033_explosion_element_01"},{"time":4,"name":"Hit","string":"resetHitList"},{"time":4,"name":"Sound2","string":"setHitSound(se_battle_explosion_short)"},{"time":4.1,"name":"Hit","string":"resetHitList"},{"time":4.2,"name":"Hit","string":"resetHitList"},{"time":4.3,"name":"Hit","string":"resetHitList"},{"time":4.4,"name":"Hit","string":"resetHitList"},{"time":4.5666,"name":"Sound1","string":"cri_se_battle_magic_Invocation_dark"}]},"skill2":{"slots":{"DAMAGEAREA":{"attachment":[{"time":0.6333,"name":"DAMAGEAREA"},{"time":3.2333,"name":"DAMAGEAREA"},{"time":3.7,"name":null}]},"EF_shadow":{"attachment":[{"time":0.9333,"name":"skill2_03"},{"time":1,"name":"front_00"},{"time":1.2333,"name":"front_01"},{"time":1.4666,"name":"front_02"},{"time":1.7,"name":"front_03"},{"time":1.9333,"name":"front_00"},{"time":2.1666,"name":"front_01"},{"time":2.3,"name":null}],"color":[{"time":0.9333,"color":"e444ff00"},{"time":1.1666,"color":"e444ff65"},{"time":1.9333,"color":"e444ff60"},{"time":2.3,"color":"e444ff00"}]},"EF_shadow2":{"attachment":[{"time":0.9333,"name":"skill2_03"},{"time":1,"name":"front_00"},{"time":1.2333,"name":"front_01"},{"time":1.4666,"name":"front_02"},{"time":1.7,"name":"front_03"},{"time":1.9333,"name":"front_00"},{"time":2.1666,"name":"front_01"},{"time":2.3,"name":null}],"color":[{"time":0.9333,"color":"e444ff00"},{"time":1.1666,"color":"e444ff66"},{"time":1.9333,"color":"e444ff60"},{"time":2.3,"color":"e444ff00"}]},"EF_shadow3":{"attachment":[{"time":0.9333,"name":"skill2_03"},{"time":1,"name":"front_00"},{"time":1.2333,"name":"front_01"},{"time":1.4666,"name":"front_02"},{"time":1.7,"name":"front_03"},{"time":1.9333,"name":"front_00"},{"time":2.1666,"name":"front_01"},{"time":2.3,"name":null}],"color":[{"time":0.9333,"color":"e444ff00"},{"time":1.1666,"color":"e444ff66"},{"time":2.1666,"color":"e444ff60"},{"time":2.3,"color":"e444ff00"}]},"EF_shadow4":{"attachment":[{"time":0.9333,"name":"skill2_03"},{"time":1,"name":"front_00"},{"time":1.2333,"name":"front_01"},{"time":1.4666,"name":"front_02"},{"time":1.7,"name":"front_03"},{"time":1.9333,"name":"front_00"},{"time":2.1666,"name":"front_01"},{"time":2.3,"name":null}],"color":[{"time":0.9333,"color":"e444ff00"},{"time":1.1666,"color":"e444ff66"},{"time":1.9666,"color":"e444ff60"},{"time":2.3,"color":"e444ff00"}]},"EF_shadow5":{"attachment":[{"time":0.9333,"name":"skill2_03"},{"time":1,"name":"front_00"},{"time":1.2333,"name":"front_01"},{"time":1.4666,"name":"front_02"},{"time":1.7,"name":"front_03"},{"time":1.9333,"name":"front_00"},{"time":2.1666,"name":"front_01"},{"time":2.3,"name":null}],"color":[{"time":0.9333,"color":"e444ff00"},{"time":1.1666,"color":"e444ff66"},{"time":1.9333,"color":"e444ff60"},{"time":2.3,"color":"e444ff00"}]},"EF_shadow6":{"attachment":[{"time":0.9333,"name":"skill2_03"},{"time":1,"name":"front_00"},{"time":1.2333,"name":"front_01"},{"time":1.4666,"name":"front_02"},{"time":1.7,"name":"front_03"},{"time":2.1666,"name":"front_01"},{"time":2.3,"name":null}],"color":[{"time":0.9333,"color":"e444ff00"},{"time":1.1666,"color":"e444ff66"},{"time":1.9333,"color":"e444ff00"}]},"HITBOX":{"attachment":[{"time":0.6,"name":null},{"time":3.2333,"name":"HITBOX"}]},"MAIN":{"attachment":[{"time":0,"name":"skill2_00"},{"time":0.1,"name":"skill2_01"},{"time":0.5,"name":"skill2_02"},{"time":0.5666,"name":"skill2_03"},{"time":0.8333,"name":"skill2_00"},{"time":1,"name":"front_00"},{"time":1.2333,"name":"front_01"},{"time":1.4666,"name":"front_02"},{"time":1.7,"name":"front_03"},{"time":1.9333,"name":"front_00"},{"time":2.1666,"name":"front_01"},{"time":2.3,"name":null},{"time":3.2333,"name":"idle_00"},{"time":3.4666,"name":"idle_01"},{"time":3.7,"name":"idle_02"},{"time":3.9333,"name":"idle_03"},{"time":4.1666,"name":"idle_04"},{"time":4.4,"name":"idle_00"},{"time":4.6333,"name":"idle_01"},{"time":4.8666,"name":"idle_02"},{"time":5.1,"name":"idle_03"},{"time":5.3333,"name":"idle_04"},{"time":5.5666,"name":"idle_00"}],"color":[{"time":1.9333,"color":"ffffffff"},{"time":2.3,"color":"ffffff00"},{"time":3.2333,"color":"ffffffff"}]}},"bones":{"DAMAGEAREA":{"translate":[{"time":0.6333,"x":25.31,"y":0},{"time":3.2333,"x":-440.58,"y":183.76},{"time":3.3,"x":-370.48,"y":113.66}],"scale":[{"time":0.6333,"x":2.26,"y":2.26},{"time":0.7,"x":6.153,"y":6.165},{"time":0.8333,"x":26.479,"y":26.573,"curve":"stepped"},{"time":3.2333,"x":1.488,"y":1.85},{"time":3.3,"x":1.988,"y":2.642},{"time":3.4333,"x":2.769,"y":3.086}]},"EF_shadow1":{"translate":[{"time":1,"x":0,"y":0},{"time":2.1666,"x":-153.53,"y":0}]},"EF_shadow2":{"translate":[{"time":1,"x":0,"y":0},{"time":2.1666,"x":-119.54,"y":0}]},"EF_shadow3":{"translate":[{"time":1,"x":0,"y":0},{"time":2.1666,"x":-88.48,"y":0}]},"EF_shadow4":{"translate":[{"time":1,"x":0,"y":0},{"time":2.1666,"x":-49.81,"y":0}]},"EF_shadow5":{"translate":[{"time":1,"x":0,"y":0},{"time":2.1666,"x":-18.75,"y":0}]},"EF_shadow6":{"translate":[{"time":1,"x":0,"y":0},{"time":2.1666,"x":-1.75,"y":0}]},"MAIN":{"translate":[{"time":1,"x":0,"y":0},{"time":2.1666,"x":-70.01,"y":0,"curve":"stepped"},{"time":3.2333,"x":0,"y":0}]}},"events":[{"time":0,"name":"Event","float":2,"string":"kHitStopType_enemyonly"},{"time":0,"name":"HitEffect","string":"setHitEffect(hit02e,1,0.8,0)"},{"time":0.0333,"name":"Event","string":"kImpactType_up"},{"time":0.0666,"name":"Event","string":"setSkillEffectEnabled(false)"},{"time":0.0666,"name":"Voice","string":"cri_107_voice_fullarts_rank4"},{"time":0.1,"name":"Event","string":"setHitStopLevel(10)"},{"time":0.5,"name":"Sound1","string":"cri_se_battle_magic_Invocation_dark"},{"time":0.5333,"name":"Event","string":"shakeGround"},{"time":0.5666,"name":"Event","string":"blackOutBack(0.3,3,0.1)"},{"time":0.6,"name":"Event","string":"runScript-theWorld"},{"time":0.6,"name":"Sound1","string":"cri_se_battle_stoptime"},{"time":0.6333,"name":"Event","string":"setInvincibleTime(5)"},{"time":1.5,"name":"Sound1","string":"setHitSound(se_battle_explosion_short)"},{"time":1.6666,"name":"Event","string":"blackOutBack(0,3,0.1)"},{"time":1.6666,"name":"Hit","string":"resetHitList"},{"time":2.8333,"name":"Event","string":"whiteOut(0.1,0.3,0.3)"},{"time":2.9,"name":"Event","string":"blackOutBack(0,0,0.1)"},{"time":3,"name":"Event","int":440,"string":"setPosition_Target"},{"time":3.1,"name":"Sound1","string":"setHitSound(empty)"},{"time":3.1666,"name":"Event","string":"runScript-worldEnd"},{"time":3.1666,"name":"Voice","string":"cri_107_voice_fullarts_now"},{"time":3.2,"name":"Event","string":"shakeGround"},{"time":3.2333,"name":"Event","float":0.1,"string":"kHitStopType_enemyonly"},{"time":3.2333,"name":"Hit","float":5,"string":"resetHitList"},{"time":3.2333,"name":"Sound1","string":"cri_se_battle_explosion_short"},{"time":3.2333,"name":"Sound2","string":"cri_se_battle_037_explosion_element_05"},{"time":3.2666,"name":"Event","string":"setSkillEffectEnabled(true)"},{"time":3.3,"name":"Hit","float":5,"string":"resetHitList"},{"time":3.3,"name":"Sound1","string":"cri_se_battle_explosion_short"},{"time":3.3666,"name":"Event","string":"shakeGround"},{"time":3.3666,"name":"Hit","float":5,"string":"resetHitList"},{"time":3.3666,"name":"Sound1","string":"cri_se_battle_explosion_short"},{"time":3.4333,"name":"Hit","float":5,"string":"resetHitList"},{"time":3.4333,"name":"Sound1","string":"cri_se_battle_explosion_short"},{"time":3.4666,"name":"Event","string":"shakeGround"},{"time":3.5,"name":"Hit","float":5,"string":"resetHitList"},{"time":3.5,"name":"Sound1","string":"cri_se_battle_explosion_short"},{"time":3.5333,"name":"Event","string":"shakeGround"},{"time":3.5666,"name":"Hit","float":5,"string":"resetHitList"},{"time":3.5666,"name":"Sound1","string":"cri_se_battle_explosion_short"},{"time":3.6333,"name":"Event","string":"shakeGround"},{"time":3.6333,"name":"Hit","float":5,"string":"resetHitList"},{"time":3.6333,"name":"Sound1","string":"cri_se_battle_explosion_short"}]}}}