{"skeleton":{"hash":"PYzWCrQ1pUT0K4z/QdaJawzt7XY","spine":"3.0.12","width":0,"height":0},"bones":[{"name":"root"},{"name":"MAIN","parent":"root","y":140},{"name":"HPBAR","parent":"MAIN","y":76.83},{"name":"HITBOX","parent":"MAIN","y":-17.1,"scaleX":0.498},{"name":"EF_wave2_1","parent":"root","scaleX":2,"scaleY":1.5},{"name":"EF_wave1_3","parent":"root"},{"name":"EF_wave1_2","parent":"root"},{"name":"EF_wave1_1","parent":"root"},{"name":"EF_magic3","parent":"root","scaleX":2,"scaleY":0.3},{"name":"EF_magic4","parent":"EF_magic3"},{"name":"EF_magic1","parent":"root","scaleX":2,"scaleY":0.3},{"name":"EF_magic2","parent":"EF_magic1"},{"name":"EF_flare1_2","parent":"root","scaleX":2.5,"scaleY":2.5},{"name":"EF_flare1_1","parent":"root","scaleX":2.5,"scaleY":2.5},{"name":"EF_aura_charge1","parent":"root","y":117.31,"scaleX":3.5,"scaleY":3.5},{"name":"DAMAGEAREA","parent":"root"}],"slots":[{"name":"EF/5100_S2_magic1d","bone":"EF_magic1","blend":"additive"},{"name":"EF/5100_S2_magic1d2","bone":"EF_magic3","blend":"additive"},{"name":"EF/magic_4light","bone":"EF_magic2","blend":"additive"},{"name":"EF/magic_4light2","bone":"EF_magic4","blend":"additive"},{"name":"EF_wave1_1","bone":"EF_wave1_1","blend":"additive"},{"name":"EF_wave1_2","bone":"EF_wave1_2","blend":"additive"},{"name":"EF_wave1_3","bone":"EF_wave1_3","blend":"additive"},{"name":"MAIN","bone":"MAIN","attachment":"idle_00"},{"name":"EF_wave2_1","bone":"EF_wave2_1","blend":"additive"},{"name":"EF_flare1_1","bone":"EF_flare1_1"},{"name":"EF_flare1_2","bone":"EF_flare1_2"},{"name":"EF_aura_charge1","bone":"EF_aura_charge1","blend":"additive"},{"name":"DAMAGEAREA","bone":"DAMAGEAREA"},{"name":"HITBOX","bone":"HITBOX","attachment":"HITBOX"}],"skins":{"default":{"DAMAGEAREA":{"DAMAGEAREA":{"type":"boundingbox","vertices":[-65.18884,-64.90927,64.88906,-64.90927,64.88906,63.01265,-65.18883,62.29398]}},"EF/5100_S2_magic1d":{"EF/5100_S2_magic1d":{"type":"mesh","uvs":[1,1,0,1,0,0,1,0],"triangles":[1,2,3,1,3,0],"vertices":[91,-91,-91,-91,-91,91,91,91],"hull":4}},"EF/5100_S2_magic1d2":{"EF/5100_S2_magic1d":{"type":"mesh","uvs":[1,1,0,1,0,0,1,0],"triangles":[1,2,3,1,3,0],"vertices":[91,-91,-91,-91,-91,91,91,91],"hull":4}},"EF/magic_4light":{"EF/magic_4light":{"type":"mesh","uvs":[1,1,0,1,0,0,1,0],"triangles":[1,2,3,1,3,0],"vertices":[75,-75,-75,-75,-75,75,75,75],"hull":4}},"EF/magic_4light2":{"EF/magic_4light":{"type":"mesh","uvs":[1,1,0,1,0,0,1,0],"triangles":[1,2,3,1,3,0],"vertices":[75,-75,-75,-75,-75,75,75,75],"hull":4}},"EF_aura_charge1":{"EF/ef_power_main/ef_power_main_00001":{"width":160,"height":160},"EF/ef_power_main/ef_power_main_00002":{"width":160,"height":160},"EF/ef_power_main/ef_power_main_00003":{"width":160,"height":160},"EF/ef_power_main/ef_power_main_00005":{"width":160,"height":160},"EF/ef_power_main/ef_power_main_00006":{"width":160,"height":160},"EF/ef_power_main/ef_power_main_00008":{"width":160,"height":160},"EF/ef_power_main/ef_power_main_00009":{"width":160,"height":160},"EF/ef_power_main/ef_power_main_00011":{"width":160,"height":160},"EF/ef_power_main/ef_power_main_00012":{"width":160,"height":160},"EF/ef_power_main/ef_power_main_00014":{"width":160,"height":160},"EF/ef_power_main/ef_power_main_00015":{"width":160,"height":160},"EF/ef_power_main/ef_power_main_00016":{"width":160,"height":160}},"EF_flare1_1":{"EF/ef_flare_B_main/ef_flare_B_main_00001":{"width":120,"height":120},"EF/ef_flare_B_main/ef_flare_B_main_00002":{"width":120,"height":120},"EF/ef_flare_B_main/ef_flare_B_main_00004":{"width":120,"height":120},"EF/ef_flare_B_main/ef_flare_B_main_00005":{"width":120,"height":120},"EF/ef_flare_B_main/ef_flare_B_main_00006":{"width":120,"height":120},"EF/ef_flare_B_main/ef_flare_B_main_00007":{"width":120,"height":120},"EF/ef_flare_B_main/ef_flare_B_main_00009":{"width":120,"height":120},"EF/ef_flare_B_main/ef_flare_B_main_00010":{"width":120,"height":120}},"EF_flare1_2":{"EF/ef_flare_B_main/ef_flare_B_main_00001":{"width":120,"height":120},"EF/ef_flare_B_main/ef_flare_B_main_00002":{"width":120,"height":120},"EF/ef_flare_B_main/ef_flare_B_main_00004":{"width":120,"height":120},"EF/ef_flare_B_main/ef_flare_B_main_00005":{"width":120,"height":120},"EF/ef_flare_B_main/ef_flare_B_main_00006":{"width":120,"height":120},"EF/ef_flare_B_main/ef_flare_B_main_00007":{"width":120,"height":120},"EF/ef_flare_B_main/ef_flare_B_main_00009":{"width":120,"height":120},"EF/ef_flare_B_main/ef_flare_B_main_00010":{"width":120,"height":120}},"EF_wave1_1":{"EF/ef_wave_main/ef_wave_main_00001":{"y":17.06,"width":160,"height":80},"EF/ef_wave_main/ef_wave_main_00003":{"y":17.06,"width":160,"height":80},"EF/ef_wave_main/ef_wave_main_00005":{"y":17.06,"width":160,"height":80},"EF/ef_wave_main/ef_wave_main_00007":{"y":17.06,"width":160,"height":80},"EF/ef_wave_main/ef_wave_main_00009":{"y":17.06,"width":160,"height":80},"EF/ef_wave_main/ef_wave_main_00011":{"y":17.06,"width":160,"height":80},"EF/ef_wave_main/ef_wave_main_00013":{"y":17.06,"width":160,"height":80}},"EF_wave1_2":{"EF/ef_wave_main/ef_wave_main_00001":{"y":17.06,"width":160,"height":80},"EF/ef_wave_main/ef_wave_main_00003":{"y":17.06,"width":160,"height":80},"EF/ef_wave_main/ef_wave_main_00005":{"y":17.06,"width":160,"height":80},"EF/ef_wave_main/ef_wave_main_00007":{"y":17.06,"width":160,"height":80},"EF/ef_wave_main/ef_wave_main_00009":{"y":17.06,"width":160,"height":80},"EF/ef_wave_main/ef_wave_main_00011":{"y":17.06,"width":160,"height":80},"EF/ef_wave_main/ef_wave_main_00013":{"y":17.06,"width":160,"height":80}},"EF_wave1_3":{"EF/ef_wave_main/ef_wave_main_00001":{"y":17.06,"width":160,"height":80},"EF/ef_wave_main/ef_wave_main_00003":{"y":17.06,"width":160,"height":80},"EF/ef_wave_main/ef_wave_main_00005":{"y":17.06,"width":160,"height":80},"EF/ef_wave_main/ef_wave_main_00007":{"y":17.06,"width":160,"height":80},"EF/ef_wave_main/ef_wave_main_00009":{"y":17.06,"width":160,"height":80},"EF/ef_wave_main/ef_wave_main_00011":{"y":17.06,"width":160,"height":80},"EF/ef_wave_main/ef_wave_main_00013":{"y":17.06,"width":160,"height":80}},"EF_wave2_1":{"EF/550_S1_wave1/550_S1_wave1_00040":{"y":-2.04,"width":120,"height":120},"EF/550_S1_wave1/550_S1_wave1_00042":{"y":-2.04,"width":120,"height":120},"EF/550_S1_wave1/550_S1_wave1_00044":{"y":-2.04,"width":120,"height":120},"EF/550_S1_wave1/550_S1_wave1_00046":{"y":-2.04,"width":120,"height":120},"EF/550_S1_wave1/550_S1_wave1_00048":{"y":-2.04,"width":120,"height":120},"EF/550_S1_wave1/550_S1_wave1_00050":{"y":-2.04,"width":120,"height":120}},"HITBOX":{"HITBOX":{"type":"boundingbox","vertices":[-63.03285,-65.62793,62.73308,-64.90927,63.45173,61.57531,-63.75154,61.57531]}},"MAIN":{"attack_00":{"y":-23.57,"scaleX":2,"scaleY":2,"width":256,"height":256},"attack_01":{"y":-23.57,"scaleX":2,"scaleY":2,"width":256,"height":256},"attack_02":{"y":-23.57,"scaleX":2,"scaleY":2,"width":256,"height":256},"attack_03":{"y":-23.57,"scaleX":2,"scaleY":2,"width":256,"height":256},"back_00":{"y":-23.57,"scaleX":2,"scaleY":2,"width":256,"height":256},"damage_00":{"y":-23.57,"scaleX":2,"scaleY":2,"width":256,"height":256},"front_00":{"y":-23.57,"scaleX":2,"scaleY":2,"width":256,"height":256},"idle_00":{"y":-23.59,"scaleX":2,"scaleY":2,"rotation":-0.11,"width":256,"height":256},"idle_01":{"y":-23.57,"scaleX":2,"scaleY":2,"width":256,"height":256},"idle_02":{"y":-23.57,"scaleX":2,"scaleY":2,"width":256,"height":256},"idle_03":{"y":-23.57,"scaleX":2,"scaleY":2,"width":256,"height":256},"idle_00b":{"y":-23.57,"scaleX":2,"scaleY":2,"width":256,"height":256},"skill1_00":{"y":-23.59,"scaleX":2,"scaleY":2,"width":256,"height":256},"skill1_01":{"y":-23.57,"scaleX":2,"scaleY":2,"width":256,"height":256},"skill1_02":{"y":-23.57,"scaleX":2,"scaleY":2,"width":256,"height":256},"skill1_03":{"y":-23.57,"scaleX":2,"scaleY":2,"width":256,"height":256},"skill2_00":{"y":-23.59,"scaleX":2,"scaleY":2,"width":256,"height":256},"skill2_01":{"y":-23.59,"scaleX":2,"scaleY":2,"width":256,"height":256},"skill2_02":{"x":-2.27,"y":-25.87,"scaleX":2,"scaleY":2,"width":256,"height":256},"skill2_03":{"x":-4.17,"y":-22.08,"scaleX":2,"scaleY":2,"width":256,"height":256},"skill2_04":{"x":-4.18,"y":-22.41,"scaleX":2,"scaleY":2,"width":256,"height":256}}}},"events":{"Event":{},"Hit":{},"Sound1":{},"Sound2":{},"Sound3":{},"Voice":{}},"animations":{"attack1":{"slots":{"MAIN":{"attachment":[{"time":0,"name":"attack_02"},{"time":0.1,"name":"attack_01"},{"time":0.2,"name":"attack_00"},{"time":0.3,"name":"attack_01"},{"time":0.4,"name":"attack_00"},{"time":0.5,"name":"attack_01"},{"time":0.6,"name":"attack_00"},{"time":0.7,"name":"attack_01"},{"time":0.8,"name":"attack_00"},{"time":0.9,"name":"attack_01"},{"time":1,"name":"attack_00"},{"time":1.1,"name":"attack_01"},{"time":1.1666,"name":"idle_00b"},{"time":1.2333,"name":"attack_02"},{"time":1.3,"name":"attack_03"},{"time":1.3666,"name":"attack_02"},{"time":1.4333,"name":"attack_03"},{"time":1.5,"name":"attack_02"},{"time":1.5666,"name":"attack_03"},{"time":1.6333,"name":"attack_02"},{"time":1.7,"name":"attack_03"},{"time":1.7666,"name":"attack_02"},{"time":1.8333,"name":"attack_03"},{"time":1.9333,"name":"attack_02"},{"time":2.0333,"name":"attack_03"},{"time":2.1666,"name":"idle_00"}]}},"bones":{"MAIN":{"translate":[{"time":1.1666,"x":0,"y":0,"curve":"stepped"},{"time":1.2333,"x":1.81,"y":0.59,"curve":[0.25,0,0.75,1]},{"time":1.4666,"x":0,"y":0}]}},"events":[{"time":0,"name":"Sound1","string":"cri_se_battle_charge_long"},{"time":1.1,"name":"Voice","string":"cri_164_voice_attack_random"},{"time":1.1666,"name":"Sound1","string":"cri_se_battle_gun_burst"},{"time":1.2333,"name":"Event","string":"addOrbitSystemInsightRotation(shot2,hit2,1,-50,120,180,0);"}]},"back":{"slots":{"MAIN":{"attachment":[{"time":0,"name":"back_00"},{"time":0.5333,"name":"idle_02"},{"time":0.6,"name":"idle_01"},{"time":0.6666,"name":"idle_00"}]}},"bones":{"MAIN":{"translate":[{"time":0,"x":0,"y":0,"curve":[0.27,0,0.75,1]},{"time":0.4333,"x":120,"y":0,"curve":[0.143,0.4,0.75,1]},{"time":0.6666,"x":140,"y":0}]}}},"cast":{"slots":{"MAIN":{"attachment":[{"time":0,"name":"attack_00"},{"time":0.1,"name":"attack_01"},{"time":0.2,"name":"attack_00"},{"time":0.3,"name":"attack_01"},{"time":0.4,"name":"attack_00"},{"time":0.4333,"name":"idle_00b"},{"time":0.5,"name":"attack_02"},{"time":0.5666,"name":"attack_03"},{"time":0.6333,"name":"attack_02"},{"time":0.7,"name":"attack_03"},{"time":0.7666,"name":"attack_02"},{"time":0.8333,"name":"attack_03"},{"time":0.9,"name":"attack_02"},{"time":1,"name":"idle_00"}]}},"bones":{"MAIN":{"translate":[{"time":0.4333,"x":0,"y":0,"curve":"stepped"},{"time":0.5,"x":1.81,"y":0.59,"curve":[0.25,0,0.75,1]},{"time":0.7333,"x":0,"y":0}]}},"events":[{"time":0.4333,"name":"Voice","string":"cri_164_voice_item"}]},"damage":{"slots":{"MAIN":{"attachment":[{"time":0,"name":"damage_00"}]}}},"empty":{},"front":{"slots":{"MAIN":{"attachment":[{"time":0,"name":"front_00"}]}}},"idle":{"slots":{"MAIN":{"attachment":[{"time":0,"name":"idle_00"},{"time":0.2333,"name":"idle_01"},{"time":0.4666,"name":"idle_02"},{"time":0.7,"name":"idle_03"},{"time":0.9333,"name":"idle_02"},{"time":1.1666,"name":"idle_01"},{"time":1.4,"name":"idle_00"}]}},"bones":{"MAIN":{"translate":[{"time":0,"x":0,"y":0,"curve":[0.401,0,0.75,1]},{"time":0.7,"x":0,"y":3,"curve":[0.323,-0.16,0.75,1]},{"time":1.4,"x":0,"y":0}]}}},"skill1":{"slots":{"EF_wave1_1":{"attachment":[{"time":1.9333,"name":"EF/ef_wave_main/ef_wave_main_00001"},{"time":2,"name":"EF/ef_wave_main/ef_wave_main_00003"},{"time":2.0666,"name":"EF/ef_wave_main/ef_wave_main_00005"},{"time":2.1333,"name":"EF/ef_wave_main/ef_wave_main_00007"},{"time":2.2,"name":"EF/ef_wave_main/ef_wave_main_00009"},{"time":2.2666,"name":"EF/ef_wave_main/ef_wave_main_00011"},{"time":2.3333,"name":"EF/ef_wave_main/ef_wave_main_00013"},{"time":2.4,"name":null},{"time":2.4333,"name":"EF/ef_wave_main/ef_wave_main_00001"},{"time":2.5,"name":"EF/ef_wave_main/ef_wave_main_00003"},{"time":2.5666,"name":"EF/ef_wave_main/ef_wave_main_00005"},{"time":2.6333,"name":"EF/ef_wave_main/ef_wave_main_00007"},{"time":2.7,"name":"EF/ef_wave_main/ef_wave_main_00009"},{"time":2.7666,"name":"EF/ef_wave_main/ef_wave_main_00011"},{"time":2.8333,"name":"EF/ef_wave_main/ef_wave_main_00013"},{"time":2.9,"name":null},{"time":2.9333,"name":"EF/ef_wave_main/ef_wave_main_00001"},{"time":3,"name":"EF/ef_wave_main/ef_wave_main_00003"},{"time":3.0666,"name":"EF/ef_wave_main/ef_wave_main_00005"},{"time":3.1333,"name":"EF/ef_wave_main/ef_wave_main_00007"},{"time":3.2,"name":"EF/ef_wave_main/ef_wave_main_00009"},{"time":3.2666,"name":"EF/ef_wave_main/ef_wave_main_00011"},{"time":3.3333,"name":"EF/ef_wave_main/ef_wave_main_00013"},{"time":3.4,"name":null}]},"EF_wave1_2":{"attachment":[{"time":2.1,"name":"EF/ef_wave_main/ef_wave_main_00001"},{"time":2.1666,"name":"EF/ef_wave_main/ef_wave_main_00003"},{"time":2.2333,"name":"EF/ef_wave_main/ef_wave_main_00005"},{"time":2.3,"name":"EF/ef_wave_main/ef_wave_main_00007"},{"time":2.3666,"name":"EF/ef_wave_main/ef_wave_main_00009"},{"time":2.4333,"name":"EF/ef_wave_main/ef_wave_main_00011"},{"time":2.5,"name":"EF/ef_wave_main/ef_wave_main_00013"},{"time":2.5666,"name":null},{"time":2.6,"name":"EF/ef_wave_main/ef_wave_main_00001"},{"time":2.6666,"name":"EF/ef_wave_main/ef_wave_main_00003"},{"time":2.7333,"name":"EF/ef_wave_main/ef_wave_main_00005"},{"time":2.8,"name":"EF/ef_wave_main/ef_wave_main_00007"},{"time":2.8666,"name":"EF/ef_wave_main/ef_wave_main_00009"},{"time":2.9333,"name":"EF/ef_wave_main/ef_wave_main_00011"},{"time":3,"name":"EF/ef_wave_main/ef_wave_main_00013"},{"time":3.0666,"name":null},{"time":3.1,"name":"EF/ef_wave_main/ef_wave_main_00001"},{"time":3.1666,"name":"EF/ef_wave_main/ef_wave_main_00003"},{"time":3.2333,"name":"EF/ef_wave_main/ef_wave_main_00005"},{"time":3.3,"name":"EF/ef_wave_main/ef_wave_main_00007"},{"time":3.3666,"name":"EF/ef_wave_main/ef_wave_main_00009"},{"time":3.4333,"name":"EF/ef_wave_main/ef_wave_main_00011"},{"time":3.5,"name":"EF/ef_wave_main/ef_wave_main_00013"},{"time":3.5666,"name":null}]},"EF_wave1_3":{"attachment":[{"time":2.2666,"name":"EF/ef_wave_main/ef_wave_main_00001"},{"time":2.3333,"name":"EF/ef_wave_main/ef_wave_main_00003"},{"time":2.4,"name":"EF/ef_wave_main/ef_wave_main_00005"},{"time":2.4666,"name":"EF/ef_wave_main/ef_wave_main_00007"},{"time":2.5333,"name":"EF/ef_wave_main/ef_wave_main_00009"},{"time":2.6,"name":"EF/ef_wave_main/ef_wave_main_00011"},{"time":2.6666,"name":"EF/ef_wave_main/ef_wave_main_00013"},{"time":2.7333,"name":null},{"time":2.7666,"name":"EF/ef_wave_main/ef_wave_main_00001"},{"time":2.8333,"name":"EF/ef_wave_main/ef_wave_main_00003"},{"time":2.9,"name":"EF/ef_wave_main/ef_wave_main_00005"},{"time":2.9666,"name":"EF/ef_wave_main/ef_wave_main_00007"},{"time":3.0333,"name":"EF/ef_wave_main/ef_wave_main_00009"},{"time":3.1,"name":"EF/ef_wave_main/ef_wave_main_00011"},{"time":3.1666,"name":"EF/ef_wave_main/ef_wave_main_00013"},{"time":3.2333,"name":null},{"time":3.2666,"name":"EF/ef_wave_main/ef_wave_main_00001"},{"time":3.3333,"name":"EF/ef_wave_main/ef_wave_main_00003"},{"time":3.4,"name":"EF/ef_wave_main/ef_wave_main_00005"},{"time":3.4666,"name":"EF/ef_wave_main/ef_wave_main_00007"},{"time":3.5333,"name":"EF/ef_wave_main/ef_wave_main_00009"},{"time":3.6,"name":"EF/ef_wave_main/ef_wave_main_00011"},{"time":3.6666,"name":"EF/ef_wave_main/ef_wave_main_00013"},{"time":3.7333,"name":null}]},"MAIN":{"attachment":[{"time":0,"name":"skill1_00"},{"time":0.1,"name":"skill1_01"},{"time":0.2,"name":"skill1_00"},{"time":0.3,"name":"skill1_01"},{"time":0.4,"name":"skill1_00"},{"time":0.5,"name":"skill1_01"},{"time":0.6,"name":"skill1_00"},{"time":0.7,"name":"skill1_01"},{"time":0.8,"name":"skill1_00"},{"time":0.9,"name":"skill1_01"},{"time":1,"name":"skill1_00"},{"time":1.1,"name":"skill1_01"},{"time":1.2,"name":"skill1_00"},{"time":1.3,"name":"skill1_01"},{"time":1.4,"name":"skill1_00"},{"time":1.5,"name":"skill1_01"},{"time":1.6,"name":"skill1_00"},{"time":1.7,"name":"skill1_01"},{"time":1.8,"name":"skill1_00"},{"time":1.9333,"name":"skill1_02"},{"time":2.0333,"name":"skill1_03"},{"time":2.1333,"name":"skill1_02"},{"time":2.2333,"name":"skill1_03"},{"time":2.3333,"name":"skill1_02"},{"time":2.4333,"name":"skill1_03"},{"time":2.5333,"name":"skill1_02"},{"time":2.6333,"name":"skill1_03"},{"time":2.7333,"name":"skill1_02"},{"time":2.8333,"name":"skill1_03"},{"time":2.9333,"name":"skill1_02"},{"time":3.0333,"name":"skill1_03"},{"time":3.1333,"name":"skill1_02"},{"time":3.2333,"name":"skill1_03"},{"time":3.3333,"name":"skill1_02"},{"time":3.4333,"name":"skill1_03"},{"time":3.5333,"name":"skill1_02"},{"time":3.6333,"name":"skill1_03"},{"time":3.7333,"name":"skill1_02"},{"time":3.8333,"name":"skill1_03"},{"time":3.9333,"name":"skill1_02"},{"time":4.0333,"name":"skill1_03"},{"time":4.1666,"name":"idle_00"}]}},"bones":{"MAIN":{"translate":[{"time":1.8,"x":0,"y":0,"curve":"stepped"},{"time":1.9333,"x":0,"y":0,"curve":[0.111,0.78,0.75,1]},{"time":2.2333,"x":0,"y":2},{"time":3.5333,"x":0,"y":3,"curve":"stepped"},{"time":4.1666,"x":0,"y":0}]},"EF_wave1_1":{"scale":[{"time":1.9333,"x":3,"y":3}]},"EF_wave1_2":{"scale":[{"time":2.1,"x":3,"y":3}]},"EF_wave1_3":{"scale":[{"time":2.2666,"x":3,"y":3}]}},"events":[{"time":0,"name":"Sound1","string":"cri_se_battle_charge_04"},{"time":1.6666,"name":"Voice","string":"cri_164_voice_skill_all"},{"time":1.9333,"name":"Sound1","string":"cri_se_battle_arrow_light_effect"},{"time":2.3666,"name":"Sound1","string":"cri_se_battle_036_explosion_element_04"},{"time":2.3666,"name":"Sound2","string":"cri_se_battle_bell_tree_02"},{"time":2.6666,"name":"Event","string":"runSkillEffect"}]},"skill2":{"slots":{"DAMAGEAREA":{"attachment":[{"time":1.9666,"name":"DAMAGEAREA"},{"time":3.6,"name":null}]},"EF_aura_charge1":{"attachment":[{"time":0.1666,"name":"EF/ef_power_main/ef_power_main_00001"},{"time":0.2333,"name":"EF/ef_power_main/ef_power_main_00002"},{"time":0.3,"name":"EF/ef_power_main/ef_power_main_00003"},{"time":0.3666,"name":"EF/ef_power_main/ef_power_main_00005"},{"time":0.4333,"name":"EF/ef_power_main/ef_power_main_00006"},{"time":0.5,"name":"EF/ef_power_main/ef_power_main_00008"},{"time":0.5666,"name":"EF/ef_power_main/ef_power_main_00009"},{"time":0.6333,"name":"EF/ef_power_main/ef_power_main_00011"},{"time":0.7,"name":"EF/ef_power_main/ef_power_main_00012"},{"time":0.7666,"name":"EF/ef_power_main/ef_power_main_00014"},{"time":0.8333,"name":"EF/ef_power_main/ef_power_main_00015"},{"time":0.9,"name":"EF/ef_power_main/ef_power_main_00016"},{"time":0.9666,"name":null}],"color":[{"time":0.5666,"color":"ffffffff"},{"time":0.9666,"color":"ffffff00"}]},"EF_flare1_1":{"attachment":[{"time":0.1666,"name":"EF/ef_flare_B_main/ef_flare_B_main_00001"},{"time":0.2,"name":"EF/ef_flare_B_main/ef_flare_B_main_00002"},{"time":0.2333,"name":"EF/ef_flare_B_main/ef_flare_B_main_00004"},{"time":0.2666,"name":"EF/ef_flare_B_main/ef_flare_B_main_00005"},{"time":0.3,"name":"EF/ef_flare_B_main/ef_flare_B_main_00006"},{"time":0.3333,"name":"EF/ef_flare_B_main/ef_flare_B_main_00007"},{"time":0.3666,"name":"EF/ef_flare_B_main/ef_flare_B_main_00009"},{"time":0.4,"name":"EF/ef_flare_B_main/ef_flare_B_main_00010"},{"time":0.4333,"name":null},{"time":0.4666,"name":"EF/ef_flare_B_main/ef_flare_B_main_00001"},{"time":0.5,"name":"EF/ef_flare_B_main/ef_flare_B_main_00002"},{"time":0.5333,"name":"EF/ef_flare_B_main/ef_flare_B_main_00004"},{"time":0.5666,"name":"EF/ef_flare_B_main/ef_flare_B_main_00005"},{"time":0.6,"name":"EF/ef_flare_B_main/ef_flare_B_main_00006"},{"time":0.6333,"name":"EF/ef_flare_B_main/ef_flare_B_main_00007"},{"time":0.6666,"name":"EF/ef_flare_B_main/ef_flare_B_main_00009"},{"time":0.7,"name":"EF/ef_flare_B_main/ef_flare_B_main_00010"},{"time":0.7333,"name":null},{"time":0.7666,"name":"EF/ef_flare_B_main/ef_flare_B_main_00001"},{"time":0.8,"name":"EF/ef_flare_B_main/ef_flare_B_main_00002"},{"time":0.8333,"name":"EF/ef_flare_B_main/ef_flare_B_main_00004"},{"time":0.8666,"name":"EF/ef_flare_B_main/ef_flare_B_main_00005"},{"time":0.9,"name":"EF/ef_flare_B_main/ef_flare_B_main_00006"},{"time":0.9333,"name":"EF/ef_flare_B_main/ef_flare_B_main_00007"},{"time":0.9666,"name":"EF/ef_flare_B_main/ef_flare_B_main_00009"},{"time":1,"name":"EF/ef_flare_B_main/ef_flare_B_main_00010"},{"time":1.0333,"name":null},{"time":1.0666,"name":"EF/ef_flare_B_main/ef_flare_B_main_00001"},{"time":1.1,"name":"EF/ef_flare_B_main/ef_flare_B_main_00002"},{"time":1.1333,"name":"EF/ef_flare_B_main/ef_flare_B_main_00004"},{"time":1.1666,"name":"EF/ef_flare_B_main/ef_flare_B_main_00005"},{"time":1.2,"name":"EF/ef_flare_B_main/ef_flare_B_main_00006"},{"time":1.2333,"name":"EF/ef_flare_B_main/ef_flare_B_main_00007"},{"time":1.2666,"name":"EF/ef_flare_B_main/ef_flare_B_main_00009"},{"time":1.3,"name":"EF/ef_flare_B_main/ef_flare_B_main_00010"},{"time":1.3333,"name":null},{"time":1.3666,"name":"EF/ef_flare_B_main/ef_flare_B_main_00001"},{"time":1.4,"name":"EF/ef_flare_B_main/ef_flare_B_main_00002"},{"time":1.4333,"name":"EF/ef_flare_B_main/ef_flare_B_main_00004"},{"time":1.4666,"name":"EF/ef_flare_B_main/ef_flare_B_main_00005"},{"time":1.5,"name":"EF/ef_flare_B_main/ef_flare_B_main_00006"},{"time":1.5333,"name":"EF/ef_flare_B_main/ef_flare_B_main_00007"},{"time":1.5666,"name":"EF/ef_flare_B_main/ef_flare_B_main_00009"},{"time":1.6,"name":"EF/ef_flare_B_main/ef_flare_B_main_00010"},{"time":1.6333,"name":null},{"time":1.8333,"name":"EF/ef_flare_B_main/ef_flare_B_main_00001"},{"time":1.8666,"name":"EF/ef_flare_B_main/ef_flare_B_main_00002"},{"time":1.9,"name":"EF/ef_flare_B_main/ef_flare_B_main_00004"},{"time":1.9333,"name":"EF/ef_flare_B_main/ef_flare_B_main_00005"},{"time":1.9666,"name":"EF/ef_flare_B_main/ef_flare_B_main_00006"},{"time":2,"name":"EF/ef_flare_B_main/ef_flare_B_main_00007"},{"time":2.0333,"name":"EF/ef_flare_B_main/ef_flare_B_main_00009"},{"time":2.0666,"name":"EF/ef_flare_B_main/ef_flare_B_main_00010"},{"time":2.1,"name":null}]},"EF_flare1_2":{"attachment":[{"time":0.1666,"name":"EF/ef_flare_B_main/ef_flare_B_main_00001"},{"time":0.2,"name":"EF/ef_flare_B_main/ef_flare_B_main_00002"},{"time":0.2333,"name":"EF/ef_flare_B_main/ef_flare_B_main_00004"},{"time":0.2666,"name":"EF/ef_flare_B_main/ef_flare_B_main_00005"},{"time":0.3,"name":"EF/ef_flare_B_main/ef_flare_B_main_00006"},{"time":0.3333,"name":"EF/ef_flare_B_main/ef_flare_B_main_00007"},{"time":0.3666,"name":"EF/ef_flare_B_main/ef_flare_B_main_00009"},{"time":0.4,"name":"EF/ef_flare_B_main/ef_flare_B_main_00010"},{"time":0.4333,"name":null},{"time":0.4666,"name":"EF/ef_flare_B_main/ef_flare_B_main_00001"},{"time":0.5,"name":"EF/ef_flare_B_main/ef_flare_B_main_00002"},{"time":0.5333,"name":"EF/ef_flare_B_main/ef_flare_B_main_00004"},{"time":0.5666,"name":"EF/ef_flare_B_main/ef_flare_B_main_00005"},{"time":0.6,"name":"EF/ef_flare_B_main/ef_flare_B_main_00006"},{"time":0.6333,"name":"EF/ef_flare_B_main/ef_flare_B_main_00007"},{"time":0.6666,"name":"EF/ef_flare_B_main/ef_flare_B_main_00009"},{"time":0.7,"name":"EF/ef_flare_B_main/ef_flare_B_main_00010"},{"time":0.7333,"name":null},{"time":0.7666,"name":"EF/ef_flare_B_main/ef_flare_B_main_00001"},{"time":0.8,"name":"EF/ef_flare_B_main/ef_flare_B_main_00002"},{"time":0.8333,"name":"EF/ef_flare_B_main/ef_flare_B_main_00004"},{"time":0.8666,"name":"EF/ef_flare_B_main/ef_flare_B_main_00005"},{"time":0.9,"name":"EF/ef_flare_B_main/ef_flare_B_main_00006"},{"time":0.9333,"name":"EF/ef_flare_B_main/ef_flare_B_main_00007"},{"time":0.9666,"name":"EF/ef_flare_B_main/ef_flare_B_main_00009"},{"time":1,"name":"EF/ef_flare_B_main/ef_flare_B_main_00010"},{"time":1.0333,"name":null},{"time":1.0666,"name":"EF/ef_flare_B_main/ef_flare_B_main_00001"},{"time":1.1,"name":"EF/ef_flare_B_main/ef_flare_B_main_00002"},{"time":1.1333,"name":"EF/ef_flare_B_main/ef_flare_B_main_00004"},{"time":1.1666,"name":"EF/ef_flare_B_main/ef_flare_B_main_00005"},{"time":1.2,"name":"EF/ef_flare_B_main/ef_flare_B_main_00006"},{"time":1.2333,"name":"EF/ef_flare_B_main/ef_flare_B_main_00007"},{"time":1.2666,"name":"EF/ef_flare_B_main/ef_flare_B_main_00009"},{"time":1.3,"name":"EF/ef_flare_B_main/ef_flare_B_main_00010"},{"time":1.3333,"name":null},{"time":1.3666,"name":"EF/ef_flare_B_main/ef_flare_B_main_00001"},{"time":1.4,"name":"EF/ef_flare_B_main/ef_flare_B_main_00002"},{"time":1.4333,"name":"EF/ef_flare_B_main/ef_flare_B_main_00004"},{"time":1.4666,"name":"EF/ef_flare_B_main/ef_flare_B_main_00005"},{"time":1.5,"name":"EF/ef_flare_B_main/ef_flare_B_main_00006"},{"time":1.5333,"name":"EF/ef_flare_B_main/ef_flare_B_main_00007"},{"time":1.5666,"name":"EF/ef_flare_B_main/ef_flare_B_main_00009"},{"time":1.6,"name":"EF/ef_flare_B_main/ef_flare_B_main_00010"},{"time":1.6333,"name":null},{"time":1.8333,"name":"EF/ef_flare_B_main/ef_flare_B_main_00001"},{"time":1.8666,"name":"EF/ef_flare_B_main/ef_flare_B_main_00002"},{"time":1.9,"name":"EF/ef_flare_B_main/ef_flare_B_main_00004"},{"time":1.9333,"name":"EF/ef_flare_B_main/ef_flare_B_main_00005"},{"time":1.9666,"name":"EF/ef_flare_B_main/ef_flare_B_main_00006"},{"time":2,"name":"EF/ef_flare_B_main/ef_flare_B_main_00007"},{"time":2.0333,"name":"EF/ef_flare_B_main/ef_flare_B_main_00009"},{"time":2.0666,"name":"EF/ef_flare_B_main/ef_flare_B_main_00010"},{"time":2.1,"name":null}]},"EF_wave1_1":{"attachment":[{"time":0,"name":"EF/ef_wave_main/ef_wave_main_00001"},{"time":0.0666,"name":"EF/ef_wave_main/ef_wave_main_00003"},{"time":0.1333,"name":"EF/ef_wave_main/ef_wave_main_00005"},{"time":0.2,"name":"EF/ef_wave_main/ef_wave_main_00007"},{"time":0.2666,"name":"EF/ef_wave_main/ef_wave_main_00009"},{"time":0.3333,"name":"EF/ef_wave_main/ef_wave_main_00011"},{"time":0.4,"name":"EF/ef_wave_main/ef_wave_main_00013"},{"time":0.4666,"name":null},{"time":0.5,"name":"EF/ef_wave_main/ef_wave_main_00001"},{"time":0.5666,"name":"EF/ef_wave_main/ef_wave_main_00003"},{"time":0.6333,"name":"EF/ef_wave_main/ef_wave_main_00005"},{"time":0.7,"name":"EF/ef_wave_main/ef_wave_main_00007"},{"time":0.7666,"name":"EF/ef_wave_main/ef_wave_main_00009"},{"time":0.8333,"name":"EF/ef_wave_main/ef_wave_main_00011"},{"time":0.9,"name":"EF/ef_wave_main/ef_wave_main_00013"},{"time":0.9666,"name":null},{"time":1,"name":"EF/ef_wave_main/ef_wave_main_00001"},{"time":1.0666,"name":"EF/ef_wave_main/ef_wave_main_00003"},{"time":1.1333,"name":"EF/ef_wave_main/ef_wave_main_00005"},{"time":1.2,"name":"EF/ef_wave_main/ef_wave_main_00007"},{"time":1.2666,"name":"EF/ef_wave_main/ef_wave_main_00009"},{"time":1.3333,"name":"EF/ef_wave_main/ef_wave_main_00011"},{"time":1.4,"name":"EF/ef_wave_main/ef_wave_main_00013"},{"time":1.4666,"name":null},{"time":1.9333,"name":"EF/ef_wave_main/ef_wave_main_00001"},{"time":2,"name":"EF/ef_wave_main/ef_wave_main_00003"},{"time":2.0666,"name":"EF/ef_wave_main/ef_wave_main_00005"},{"time":2.1333,"name":"EF/ef_wave_main/ef_wave_main_00007"},{"time":2.2,"name":"EF/ef_wave_main/ef_wave_main_00009"},{"time":2.2666,"name":"EF/ef_wave_main/ef_wave_main_00011"},{"time":2.3333,"name":"EF/ef_wave_main/ef_wave_main_00013"},{"time":2.4,"name":null}]},"EF_wave1_2":{"attachment":[{"time":0.1666,"name":"EF/ef_wave_main/ef_wave_main_00001"},{"time":0.2333,"name":"EF/ef_wave_main/ef_wave_main_00003"},{"time":0.3,"name":"EF/ef_wave_main/ef_wave_main_00005"},{"time":0.3666,"name":"EF/ef_wave_main/ef_wave_main_00007"},{"time":0.4333,"name":"EF/ef_wave_main/ef_wave_main_00009"},{"time":0.5,"name":"EF/ef_wave_main/ef_wave_main_00011"},{"time":0.5666,"name":"EF/ef_wave_main/ef_wave_main_00013"},{"time":0.6333,"name":null},{"time":0.6666,"name":"EF/ef_wave_main/ef_wave_main_00001"},{"time":0.7333,"name":"EF/ef_wave_main/ef_wave_main_00003"},{"time":0.8,"name":"EF/ef_wave_main/ef_wave_main_00005"},{"time":0.8666,"name":"EF/ef_wave_main/ef_wave_main_00007"},{"time":0.9333,"name":"EF/ef_wave_main/ef_wave_main_00009"},{"time":1,"name":"EF/ef_wave_main/ef_wave_main_00011"},{"time":1.0666,"name":"EF/ef_wave_main/ef_wave_main_00013"},{"time":1.1333,"name":null},{"time":1.1666,"name":"EF/ef_wave_main/ef_wave_main_00001"},{"time":1.2333,"name":"EF/ef_wave_main/ef_wave_main_00003"},{"time":1.3,"name":"EF/ef_wave_main/ef_wave_main_00005"},{"time":1.3666,"name":"EF/ef_wave_main/ef_wave_main_00007"},{"time":1.4333,"name":"EF/ef_wave_main/ef_wave_main_00009"},{"time":1.5,"name":"EF/ef_wave_main/ef_wave_main_00011"},{"time":1.5666,"name":"EF/ef_wave_main/ef_wave_main_00013"},{"time":1.6333,"name":null},{"time":2.1,"name":"EF/ef_wave_main/ef_wave_main_00001"},{"time":2.1666,"name":"EF/ef_wave_main/ef_wave_main_00003"},{"time":2.2333,"name":"EF/ef_wave_main/ef_wave_main_00005"},{"time":2.3,"name":"EF/ef_wave_main/ef_wave_main_00007"},{"time":2.3666,"name":"EF/ef_wave_main/ef_wave_main_00009"},{"time":2.4333,"name":"EF/ef_wave_main/ef_wave_main_00011"},{"time":2.5,"name":"EF/ef_wave_main/ef_wave_main_00013"},{"time":2.5666,"name":null}]},"EF_wave1_3":{"attachment":[{"time":0.3333,"name":"EF/ef_wave_main/ef_wave_main_00001"},{"time":0.4,"name":"EF/ef_wave_main/ef_wave_main_00003"},{"time":0.4666,"name":"EF/ef_wave_main/ef_wave_main_00005"},{"time":0.5333,"name":"EF/ef_wave_main/ef_wave_main_00007"},{"time":0.6,"name":"EF/ef_wave_main/ef_wave_main_00009"},{"time":0.6666,"name":"EF/ef_wave_main/ef_wave_main_00011"},{"time":0.7333,"name":"EF/ef_wave_main/ef_wave_main_00013"},{"time":0.8,"name":null},{"time":0.8333,"name":"EF/ef_wave_main/ef_wave_main_00001"},{"time":0.9,"name":"EF/ef_wave_main/ef_wave_main_00003"},{"time":0.9666,"name":"EF/ef_wave_main/ef_wave_main_00005"},{"time":1.0333,"name":"EF/ef_wave_main/ef_wave_main_00007"},{"time":1.1,"name":"EF/ef_wave_main/ef_wave_main_00009"},{"time":1.1666,"name":"EF/ef_wave_main/ef_wave_main_00011"},{"time":1.2333,"name":"EF/ef_wave_main/ef_wave_main_00013"},{"time":1.3,"name":null},{"time":1.3333,"name":"EF/ef_wave_main/ef_wave_main_00001"},{"time":1.4,"name":"EF/ef_wave_main/ef_wave_main_00003"},{"time":1.4666,"name":"EF/ef_wave_main/ef_wave_main_00005"},{"time":1.5333,"name":"EF/ef_wave_main/ef_wave_main_00007"},{"time":1.6,"name":"EF/ef_wave_main/ef_wave_main_00009"},{"time":1.6666,"name":"EF/ef_wave_main/ef_wave_main_00011"},{"time":1.7333,"name":"EF/ef_wave_main/ef_wave_main_00013"},{"time":1.8,"name":null},{"time":2.2666,"name":"EF/ef_wave_main/ef_wave_main_00001"},{"time":2.3333,"name":"EF/ef_wave_main/ef_wave_main_00003"},{"time":2.4,"name":"EF/ef_wave_main/ef_wave_main_00005"},{"time":2.4666,"name":"EF/ef_wave_main/ef_wave_main_00007"},{"time":2.5333,"name":"EF/ef_wave_main/ef_wave_main_00009"},{"time":2.6,"name":"EF/ef_wave_main/ef_wave_main_00011"},{"time":2.6666,"name":"EF/ef_wave_main/ef_wave_main_00013"},{"time":2.7333,"name":null}]},"MAIN":{"attachment":[{"time":0,"name":"idle_00"},{"time":0.0333,"name":"skill2_00"},{"time":0.0666,"name":"skill2_01"},{"time":0.1333,"name":"skill2_02"},{"time":0.2,"name":"skill2_01"},{"time":0.2666,"name":"skill2_02"},{"time":0.3333,"name":"skill2_01"},{"time":0.4,"name":"skill2_02"},{"time":0.4666,"name":"skill2_01"},{"time":0.5333,"name":"skill2_02"},{"time":0.6,"name":"skill2_01"},{"time":0.6666,"name":"skill2_02"},{"time":0.7333,"name":"skill2_01"},{"time":0.8,"name":"skill2_02"},{"time":0.8666,"name":"skill2_01"},{"time":0.9333,"name":"skill2_02"},{"time":1,"name":"skill2_01"},{"time":1.0666,"name":"skill2_02"},{"time":1.1333,"name":"skill2_01"},{"time":1.2,"name":"skill2_02"},{"time":1.2666,"name":"skill2_01"},{"time":1.3333,"name":"skill2_02"},{"time":1.4,"name":"skill2_01"},{"time":1.4666,"name":"skill2_01"},{"time":1.5333,"name":"skill2_02"},{"time":1.6,"name":"skill2_01"},{"time":1.6666,"name":"skill2_02"},{"time":1.7333,"name":"skill2_01"},{"time":1.8,"name":"skill2_02"},{"time":1.8666,"name":"skill2_01"},{"time":1.9333,"name":"skill2_03"},{"time":1.9666,"name":"skill2_04"},{"time":2,"name":"skill2_03"},{"time":2.0333,"name":"skill2_04"},{"time":2.0666,"name":"skill2_03"},{"time":2.1,"name":"skill2_04"},{"time":2.1333,"name":"skill2_03"},{"time":2.1666,"name":"skill2_04"},{"time":2.2,"name":"skill2_03"},{"time":2.2333,"name":"skill2_04"},{"time":2.2666,"name":"skill2_03"},{"time":2.3,"name":"skill2_04"},{"time":2.3333,"name":"skill2_03"},{"time":2.3666,"name":"skill2_04"},{"time":2.4,"name":"skill2_03"},{"time":2.4333,"name":"skill2_04"},{"time":2.4666,"name":"skill2_03"},{"time":2.5,"name":"skill2_04"},{"time":2.5666,"name":"skill2_03"},{"time":2.6333,"name":"skill2_04"},{"time":2.7,"name":"skill2_03"},{"time":2.7666,"name":"skill2_04"},{"time":2.8333,"name":"skill2_03"},{"time":2.9,"name":"skill2_04"},{"time":2.9666,"name":"skill2_03"},{"time":3.0333,"name":"skill2_04"},{"time":3.1,"name":"skill2_03"},{"time":3.1666,"name":"skill2_04"},{"time":3.2333,"name":"skill2_03"},{"time":3.3,"name":"skill2_04"},{"time":3.4666,"name":"skill2_03"},{"time":3.5333,"name":"skill2_00"},{"time":3.6333,"name":"idle_00"},{"time":4,"name":"idle_00"}]}},"bones":{"MAIN":{"rotate":[{"time":0,"angle":0},{"time":0.0666,"angle":5.81,"curve":"stepped"},{"time":3.6333,"angle":0}],"translate":[{"time":0,"x":0,"y":0},{"time":0.0333,"x":-11.74,"y":20.1,"curve":"stepped"},{"time":0.0666,"x":-34.54,"y":55.89,"curve":"stepped"},{"time":1.9,"x":-34.54,"y":55.89,"curve":"stepped"},{"time":1.9333,"x":-2.82,"y":68.73,"curve":"stepped"},{"time":3.5333,"x":13.67,"y":32.42,"curve":"stepped"},{"time":3.6333,"x":30.18,"y":0}]},"EF_aura_charge1":{"translate":[{"time":0.1666,"x":-111.97,"y":68.62}]},"EF_flare1_1":{"rotate":[{"time":0.1666,"angle":13.2}],"translate":[{"time":0.1666,"x":-39.05,"y":84.6,"curve":"stepped"},{"time":1.8333,"x":-8.83,"y":99.31}],"scale":[{"time":1.8333,"x":2,"y":2}]},"EF_flare1_2":{"rotate":[{"time":0.1666,"angle":13.25}],"translate":[{"time":0.1666,"x":0.16,"y":94.53,"curve":"stepped"},{"time":1.8333,"x":30.52,"y":108.62}],"scale":[{"time":0.1666,"x":-1,"y":1,"curve":"stepped"},{"time":1.8333,"x":-2,"y":2}]},"EF_wave1_3":{"translate":[{"time":1.9333,"x":30.42,"y":0}],"scale":[{"time":0.3333,"x":3,"y":3}]},"EF_wave1_1":{"translate":[{"time":1.9333,"x":30.42,"y":0}],"scale":[{"time":0,"x":3,"y":3}]},"EF_wave1_2":{"translate":[{"time":1.9333,"x":30.42,"y":0}],"scale":[{"time":0.1666,"x":3,"y":3}]},"DAMAGEAREA":{"translate":[{"time":1.9666,"x":-518.12,"y":125.44},{"time":2.1666,"x":-518.12,"y":368.62}],"scale":[{"time":1.9666,"x":2.113,"y":1.908},{"time":2.1666,"x":3.459,"y":6.002}]}},"events":[{"time":0,"name":"Event","float":0.1,"string":"kHitStopType_enemyonly"},{"time":0,"name":"Sound1","string":"cri_se_battle_charge_04"},{"time":0.1666,"name":"Voice","string":"cri_164_voice_fullarts_now"},{"time":1.6333,"name":"Event","string":"shakeGround"},{"time":1.9666,"name":"Event","string":"shakeGround"},{"time":1.9666,"name":"Sound1","string":"cri_se_battle_skill_elxplosion"},{"time":1.9666,"name":"Sound2","string":"setHitSound(se_battle_explosion_short)"},{"time":1.9666,"name":"Voice","string":"cri_164_voice_fullarts_rank4"},{"time":2.0333,"name":"Hit","string":"resetHitList"},{"time":2.1,"name":"Event","string":"shakeGround"},{"time":2.1,"name":"Hit","string":"resetHitList"},{"time":2.1666,"name":"Hit","string":"resetHitList"},{"time":2.2333,"name":"Hit","string":"resetHitList"},{"time":2.3,"name":"Hit","string":"resetHitList"},{"time":2.3666,"name":"Hit","string":"resetHitList"},{"time":2.4333,"name":"Event","string":"shakeGround"},{"time":2.4333,"name":"Hit","string":"resetHitList"},{"time":2.5,"name":"Hit","string":"resetHitList"},{"time":2.5666,"name":"Event","string":"shakeGround"},{"time":2.5666,"name":"Hit","string":"resetHitList"},{"time":2.6333,"name":"Hit","string":"resetHitList"},{"time":2.7,"name":"Hit","string":"resetHitList"},{"time":2.7666,"name":"Hit","string":"resetHitList"},{"time":2.8333,"name":"Hit","string":"resetHitList"},{"time":2.9,"name":"Hit","string":"resetHitList"},{"time":2.9666,"name":"Hit","string":"resetHitList"},{"time":3.0333,"name":"Event","string":"shakeGround"},{"time":3.0333,"name":"Hit","string":"resetHitList"},{"time":3.1,"name":"Hit","string":"resetHitList"},{"time":3.1666,"name":"Hit","string":"resetHitList"},{"time":3.2333,"name":"Event","string":"shakeGround"},{"time":3.2333,"name":"Hit","string":"resetHitList"},{"time":3.3,"name":"Hit","string":"resetHitList"},{"time":3.3666,"name":"Hit","string":"resetHitList"},{"time":3.4333,"name":"Hit","string":"resetHitList"},{"time":3.5,"name":"Hit","string":"resetHitList"}]}}}