{"skeleton":{"hash":"2Igtmj5NvoF7aAT5H0H8lLkWthg","spine":"3.0.12","width":1180,"height":1180},"bones":[{"name":"root"},{"name":"grid","parent":"root"},{"name":"MAIN","parent":"root","y":50},{"name":"fire","parent":"MAIN","x":-9.2,"y":5.06},{"name":"SHADOW-OFFSET","parent":"MAIN","scaleX":0.5,"scaleY":0.5},{"name":"HPBAR","parent":"MAIN","x":-5,"y":70},{"name":"HITBOX","parent":"MAIN"},{"name":"DAMAGEAREA","parent":"root"},{"name":"190_S1_magic1","parent":"root","x":900}],"slots":[{"name":"grid/bg","bone":"grid","color":"ffffff64"},{"name":"grid/grid","bone":"grid","color":"ffffff95"},{"name":"EF/190_S1_magic1/magic_1fire","bone":"190_S1_magic1","blend":"additive"},{"name":"fire","bone":"fire","attachment":"fire_1"},{"name":"MAIN","bone":"MAIN","attachment":"idle_00"},{"name":"DAMAGEAREA","bone":"DAMAGEAREA"},{"name":"HITBOX","bone":"HITBOX","attachment":"HITBOX"}],"skins":{"default":{"DAMAGEAREA":{"DAMAGEAREA":{"type":"boundingbox","vertices":[-97.61139,-97.84244,96.21655,-96.81145,98.27853,98.0475,-98.64241,94.95451]}},"EF/190_S1_magic1/magic_1fire":{"EF/190_S1_magic1/magic_1fire":{"type":"mesh","uvs":[1,1,0,1,0,0,1,0],"triangles":[1,2,3,1,3,0],"vertices":[150,-150,-150,-150,-150,150,150,150],"hull":4}},"HITBOX":{"HITBOX":{"type":"boundingbox","vertices":[-38.87101,-44.12822,15.27392,-44.12822,16.37895,8.91176,-38.87107,8.91176]}},"MAIN":{"attack1_01":{"x":17.8,"y":11.84,"width":400,"height":400},"attack1_02":{"x":17.8,"y":11.84,"width":400,"height":400},"attack1_03":{"x":17.8,"y":11.84,"width":400,"height":400},"attack1_04":{"x":17.8,"y":11.84,"width":400,"height":400},"attack1_05":{"x":17.8,"y":11.84,"width":400,"height":400},"attack1_06":{"x":17.8,"y":11.84,"width":400,"height":400},"attack1_07":{"x":17.8,"y":11.84,"width":400,"height":400},"damage_00":{"x":19.12,"y":16.69,"width":400,"height":400},"front_00":{"x":14.25,"y":13.76,"width":400,"height":400},"front_01":{"x":14.25,"y":13.76,"width":400,"height":400},"front_02":{"x":14.25,"y":13.76,"width":400,"height":400},"idle_00":{"x":14.99,"y":12.55,"width":400,"height":400},"idle_01":{"x":14.99,"y":12.55,"width":400,"height":400},"idle_02":{"x":14.99,"y":12.55,"width":400,"height":400},"idle_03":{"x":14.99,"y":12.55,"width":400,"height":400},"skill1_01":{"x":17.99,"y":12.24,"width":400,"height":400},"skill1_02":{"x":17.99,"y":12.24,"width":400,"height":400},"skill1_03":{"x":17.99,"y":12.24,"width":400,"height":400},"skill1_04":{"x":17.99,"y":12.24,"width":400,"height":400},"skill1_05":{"x":17.99,"y":12.24,"width":400,"height":400},"skill1_06":{"x":17.99,"y":12.24,"width":400,"height":400},"skill1_07":{"x":17.99,"y":12.24,"width":400,"height":400},"skill1_08":{"x":17.99,"y":12.24,"width":400,"height":400}},"fire":{"fire_1":{"x":6.32,"y":-10.97,"width":104,"height":94},"fire_2":{"x":6.32,"y":-10.97,"width":104,"height":94},"fire_3":{"x":6.32,"y":-10.97,"width":104,"height":94},"fire_4":{"x":6.32,"y":-10.97,"width":104,"height":94}}}},"events":{"Event":{},"Hit":{},"Sound1":{},"Sound2":{},"View":{},"Voice":{}},"animations":{"attack1":{"slots":{"DAMAGEAREA":{"attachment":[{"time":0.4333,"name":"DAMAGEAREA"},{"time":0.5333,"name":null}]},"MAIN":{"attachment":[{"time":0,"name":"idle_00"},{"time":0.1,"name":"attack1_01"},{"time":0.2,"name":"attack1_02"},{"time":0.3333,"name":"attack1_03"},{"time":0.4,"name":"attack1_04"},{"time":0.4666,"name":"attack1_05"},{"time":0.5333,"name":"attack1_06"},{"time":0.6,"name":"attack1_07"},{"time":0.7,"name":"front_00"},{"time":0.7666,"name":"front_01"},{"time":0.8333,"name":"front_02"},{"time":0.9,"name":"front_00"},{"time":0.9666,"name":"front_01"},{"time":1.0333,"name":"front_02"},{"time":1.1,"name":"attack1_07"}]},"fire":{"attachment":[{"time":0,"name":"fire_1"},{"time":0.1,"name":"fire_2"},{"time":0.2,"name":"fire_3"},{"time":0.3,"name":"fire_4"},{"time":0.4,"name":"fire_1"},{"time":0.5,"name":"fire_2"},{"time":0.6,"name":"fire_3"},{"time":0.7,"name":"fire_4"},{"time":0.8,"name":"fire_1"},{"time":0.9,"name":"fire_2"},{"time":1,"name":"fire_3"}]}},"bones":{"MAIN":{"translate":[{"time":0.3333,"x":-33.15,"y":0,"curve":"stepped"},{"time":0.7,"x":-33.15,"y":0,"curve":[0,0.87,0.75,1]},{"time":1.1,"x":-17.67,"y":0}],"scale":[{"time":0.7,"x":-1,"y":1}]},"fire":{"rotate":[{"time":0.1,"angle":29.26,"curve":"stepped"},{"time":0.2,"angle":37.14,"curve":"stepped"},{"time":0.3333,"angle":6.11,"curve":"stepped"},{"time":0.4,"angle":8.74,"curve":"stepped"},{"time":0.4666,"angle":39.44,"curve":"stepped"},{"time":0.5333,"angle":28.23,"curve":"stepped"},{"time":0.6,"angle":24.76,"curve":"stepped"},{"time":0.7,"angle":4.52,"curve":"stepped"},{"time":0.7666,"angle":7.32,"curve":"stepped"},{"time":0.8333,"angle":16.77,"curve":"stepped"},{"time":0.9,"angle":6.69,"curve":"stepped"},{"time":1.0333,"angle":9.56}],"translate":[{"time":0.1,"x":-8.08,"y":-4.04,"curve":"stepped"},{"time":0.2,"x":-12.13,"y":-6.74,"curve":"stepped"},{"time":0.3333,"x":5.39,"y":45.83,"curve":"stepped"},{"time":0.4,"x":-4.71,"y":43.8,"curve":"stepped"},{"time":0.4666,"x":-22.24,"y":0.67,"curve":"stepped"},{"time":0.5333,"x":-17.52,"y":-2.02,"curve":"stepped"},{"time":0.6,"x":-10.78,"y":1.34,"curve":"stepped"},{"time":0.7,"x":-9.74,"y":13.85,"curve":"stepped"},{"time":0.7666,"x":-17.03,"y":0.3,"curve":"stepped"},{"time":0.8333,"x":-15.47,"y":-5.94,"curve":"stepped"},{"time":0.9,"x":-9.74,"y":11.76,"curve":"stepped"},{"time":0.9666,"x":-17.03,"y":-0.21,"curve":"stepped"},{"time":1.0333,"x":-14.95,"y":-6.98}],"scale":[{"time":0.3333,"x":1.217,"y":1.217,"curve":"stepped"},{"time":0.4,"x":1.316,"y":1.316,"curve":"stepped"},{"time":0.5333,"x":1.45,"y":0.99,"curve":"stepped"},{"time":0.6,"x":1,"y":1}]},"DAMAGEAREA":{"translate":[{"time":0.4333,"x":-55.32,"y":54.14},{"time":0.4666,"x":-60.08,"y":38.67}],"scale":[{"time":0.4333,"x":0.579,"y":0.559}]}},"events":[{"time":0.3333,"name":"Sound1","string":"setHitSound(se_battle_monster_claw)"},{"time":0.3333,"name":"Voice","string":"cri_006_voice_attack_random"},{"time":0.4,"name":"Event","float":0.08,"string":"kHitStopType_normal"},{"time":0.6666,"name":"Event","string":"runScript-backStart"},{"time":0.7,"name":"Sound1","string":"cri_se_battle_pop_landing"},{"time":0.9,"name":"Sound1","string":"cri_se_battle_pop_landing"},{"time":1,"name":"Event","string":"runScript-backEnd"}]},"back":{"slots":{"MAIN":{"attachment":[{"time":0,"name":"front_00"},{"time":0.1,"name":"front_01"},{"time":0.2,"name":"front_02"},{"time":0.3,"name":"front_00"},{"time":0.4,"name":"front_01"},{"time":0.5,"name":"front_02"},{"time":0.6,"name":"front_00"}]},"fire":{"attachment":[{"time":0.1,"name":"fire_2"},{"time":0.2,"name":"fire_3"}]}},"bones":{"MAIN":{"translate":[{"time":0,"x":0,"y":0}],"scale":[{"time":0,"x":-1,"y":1}]},"fire":{"rotate":[{"time":0.1,"angle":4.77,"curve":"stepped"},{"time":0.2,"angle":16.46,"curve":"stepped"},{"time":0.4,"angle":4.77,"curve":"stepped"},{"time":0.5,"angle":16.46}],"translate":[{"time":0,"x":-8.08,"y":10.78,"curve":"stepped"},{"time":0.1,"x":-14.82,"y":0,"curve":"stepped"},{"time":0.2,"x":-14.15,"y":-8.08,"curve":"stepped"},{"time":0.3,"x":-8.08,"y":10.78,"curve":"stepped"},{"time":0.4,"x":-14.82,"y":0,"curve":"stepped"},{"time":0.5,"x":-14.15,"y":-8.08,"curve":"stepped"},{"time":0.6,"x":-8.08,"y":10.78}]}},"events":[{"time":0,"name":"Event","string":"runScript-backStart"},{"time":0,"name":"Sound1","string":"cri_se_battle_pop_landing"},{"time":0.3,"name":"Sound1","string":"cri_se_battle_pop_landing"},{"time":0.6,"name":"Event","string":"runScript-backEnd"}]},"cast":{"slots":{"MAIN":{"attachment":[{"time":0,"name":"idle_00"},{"time":0.1,"name":"idle_00"},{"time":0.2,"name":"skill1_01"},{"time":0.3333,"name":"skill1_02"},{"time":0.5,"name":"skill1_03"},{"time":0.5333,"name":"skill1_04"},{"time":0.6,"name":"skill1_05"},{"time":0.8,"name":"skill1_02"},{"time":0.9333,"name":"skill1_01"}]},"fire":{"attachment":[{"time":0,"name":"fire_1"},{"time":0.1,"name":"fire_2"},{"time":0.2,"name":"fire_3"},{"time":0.3,"name":"fire_4"},{"time":0.4,"name":"fire_1"},{"time":0.5,"name":"fire_2"},{"time":0.5666,"name":"fire_3"},{"time":0.6333,"name":"fire_4"},{"time":0.8666,"name":"fire_1"},{"time":0.9333,"name":"fire_2"}]}},"bones":{"MAIN":{"translate":[{"time":0.5,"x":0,"y":5.92,"curve":"stepped"},{"time":0.8,"x":0,"y":-1.93,"curve":"stepped"},{"time":0.9333,"x":0,"y":-0.35}]},"fire":{"rotate":[{"time":0,"angle":6.55,"curve":"stepped"},{"time":0.2,"angle":20.93,"curve":"stepped"},{"time":0.3333,"angle":37.78,"curve":"stepped"},{"time":0.5,"angle":-21.11,"curve":"stepped"},{"time":0.5333,"angle":-31.95,"curve":"stepped"},{"time":0.6,"angle":-44.71,"curve":"stepped"},{"time":0.8,"angle":37.78,"curve":"stepped"},{"time":0.9333,"angle":32.82}],"translate":[{"time":0,"x":-2.82,"y":0.54,"curve":"stepped"},{"time":0.2,"x":-9.6,"y":-7.08,"curve":"stepped"},{"time":0.3333,"x":-13.96,"y":-7.97,"curve":"stepped"},{"time":0.5,"x":9.97,"y":19.28,"curve":"stepped"},{"time":0.5333,"x":15.29,"y":18.61,"curve":"stepped"},{"time":0.6,"x":26.88,"y":17.17,"curve":"stepped"},{"time":0.8,"x":-13.96,"y":-7.97,"curve":"stepped"},{"time":0.9333,"x":-11.3,"y":-1.99}]}},"events":[{"time":0.5,"name":"Voice","string":"cri_006_voice_item"}]},"damage":{"slots":{"MAIN":{"attachment":[{"time":0,"name":"damage_00"}]}},"bones":{"MAIN":{"scale":[{"time":0,"x":1.017,"y":1.017}]},"fire":{"rotate":[{"time":0,"angle":-62.09}],"translate":[{"time":0,"x":43.72,"y":11.26}]}}},"front":{"slots":{"MAIN":{"attachment":[{"time":0,"name":"front_00"},{"time":0.1,"name":"front_01"},{"time":0.2,"name":"front_02"},{"time":0.3,"name":"front_02"}]},"fire":{"attachment":[{"time":0,"name":"fire_1"},{"time":0.1,"name":"fire_2"},{"time":0.2,"name":"fire_3"}]}},"bones":{"fire":{"rotate":[{"time":0.1,"angle":10.46}],"translate":[{"time":0,"x":-10.11,"y":11.45,"curve":"stepped"},{"time":0.1,"x":-15.5,"y":0.67,"curve":"stepped"},{"time":0.2,"x":-12.13,"y":-6.06}]}}},"idle":{"slots":{"MAIN":{"attachment":[{"time":0,"name":"idle_00"},{"time":0.1666,"name":"idle_01"},{"time":0.3333,"name":"idle_02"},{"time":0.5,"name":"idle_03"},{"time":0.6666,"name":"idle_00"}]},"fire":{"attachment":[{"time":0,"name":"fire_1"},{"time":0.1666,"name":"fire_2"},{"time":0.3333,"name":"fire_3"},{"time":0.5,"name":"fire_4"},{"time":0.6666,"name":"fire_1"}]}},"bones":{"fire":{"rotate":[{"time":0,"angle":0,"curve":"stepped"},{"time":0.1666,"angle":3.2,"curve":"stepped"},{"time":0.3333,"angle":10.08,"curve":"stepped"},{"time":0.5,"angle":7.01,"curve":"stepped"},{"time":0.6666,"angle":0}],"translate":[{"time":0,"x":0,"y":0,"curve":"stepped"},{"time":0.3333,"x":-2.02,"y":0,"curve":"stepped"},{"time":0.6666,"x":0,"y":0}]}}},"skill1":{"slots":{"DAMAGEAREA":{"attachment":[{"time":0.6666,"name":"DAMAGEAREA"},{"time":1.1666,"name":null}]},"MAIN":{"attachment":[{"time":0,"name":"idle_00"},{"time":0.1,"name":"idle_00"},{"time":0.2,"name":"skill1_01"},{"time":0.3333,"name":"skill1_02"},{"time":0.6,"name":"skill1_03"},{"time":0.6666,"name":"skill1_04"},{"time":0.8666,"name":"skill1_05"},{"time":1.2,"name":"skill1_01"},{"time":1.2666,"name":"skill1_02"},{"time":1.3333,"name":"skill1_01"},{"time":1.4,"name":"idle_00"}]},"fire":{"attachment":[{"time":0,"name":"fire_1"},{"time":0.1,"name":"fire_2"},{"time":0.2,"name":"fire_3"},{"time":0.3,"name":"fire_4"},{"time":0.4,"name":"fire_1"},{"time":0.5,"name":"fire_2"},{"time":0.6,"name":"fire_3"},{"time":0.6666,"name":"fire_4"},{"time":0.7333,"name":"fire_1"},{"time":0.8,"name":"fire_2"},{"time":0.8666,"name":"fire_3"},{"time":0.9333,"name":"fire_4"},{"time":1.2,"name":"fire_1"},{"time":1.2666,"name":"fire_2"},{"time":1.3333,"name":"fire_2"},{"time":1.4,"name":"fire_4"},{"time":1.4333,"name":"fire_3"}]}},"bones":{"MAIN":{"translate":[{"time":0.6,"x":0,"y":5.92,"curve":[0.326,0.59,0.75,1]},{"time":0.6666,"x":0,"y":50,"curve":[0.25,0,0.75,1]},{"time":1.1333,"x":0,"y":52,"curve":[0.195,0.34,0.72,0.93]},{"time":1.2,"x":0,"y":0}]},"fire":{"rotate":[{"time":0.2,"angle":32.82,"curve":"stepped"},{"time":0.3333,"angle":37.78,"curve":"stepped"},{"time":0.6,"angle":-21.11,"curve":"stepped"},{"time":0.7333,"angle":-31.95,"curve":"stepped"},{"time":0.8666,"angle":-44.71,"curve":"stepped"},{"time":1.2,"angle":30.93,"curve":"stepped"},{"time":1.2666,"angle":37.21,"curve":"stepped"},{"time":1.3333,"angle":28.92,"curve":"stepped"},{"time":1.4,"angle":10.03}],"translate":[{"time":0.2,"x":-11.3,"y":-1.99,"curve":"stepped"},{"time":0.3333,"x":-13.96,"y":-7.97,"curve":"stepped"},{"time":0.6,"x":9.97,"y":19.28,"curve":"stepped"},{"time":0.7333,"x":15.29,"y":18.61,"curve":"stepped"},{"time":0.8666,"x":26.88,"y":17.17,"curve":"stepped"},{"time":1.2,"x":-10.78,"y":-3.11,"curve":"stepped"},{"time":1.2666,"x":-14.16,"y":-6.01,"curve":"stepped"},{"time":1.3333,"x":-10.78,"y":-3.59,"curve":"stepped"},{"time":1.4,"x":-2.09,"y":2.19}]},"DAMAGEAREA":{"translate":[{"time":0.6666,"x":-79.65,"y":90}],"scale":[{"time":0.6666,"x":1.429,"y":1.085}]}},"events":[{"time":0.0333,"name":"Event","string":"setHitEffect(hit04a,1,0.7,30)"},{"time":0.6,"name":"Event","float":0.03,"string":"kHitStopType_normal"},{"time":0.6,"name":"Voice","string":"cri_006_voice_fullarts_now"},{"time":0.8,"name":"Sound1","string":"cri_se_battle_explosion_short"},{"time":0.8,"name":"Sound2","string":"cri_se_battle_gun_burst"}]},"skill2":{"slots":{"DAMAGEAREA":{"attachment":[{"time":0.6666,"name":"DAMAGEAREA"},{"time":1.1666,"name":null}]},"EF/190_S1_magic1/magic_1fire":{"attachment":[{"time":0.6666,"name":"EF/190_S1_magic1/magic_1fire"}],"color":[{"time":0.6666,"color":"ffffff00"},{"time":0.8,"color":"ffffffff","curve":"stepped"},{"time":1.1333,"color":"ffffffff"},{"time":1.2666,"color":"ffffff00"}]},"MAIN":{"attachment":[{"time":0,"name":"idle_00"},{"time":0.1,"name":"idle_00"},{"time":0.2,"name":"skill1_01"},{"time":0.3333,"name":"skill1_02"},{"time":0.6,"name":"skill1_03"},{"time":0.6666,"name":"skill1_04"},{"time":0.8666,"name":"skill1_05"},{"time":1.2,"name":"skill1_01"},{"time":1.2666,"name":"skill1_02"},{"time":1.3333,"name":"skill1_01"},{"time":1.4,"name":"idle_00"}]},"fire":{"attachment":[{"time":0,"name":"fire_1"},{"time":0.1,"name":"fire_2"},{"time":0.2,"name":"fire_3"},{"time":0.3,"name":"fire_4"},{"time":0.4,"name":"fire_1"},{"time":0.5,"name":"fire_2"},{"time":0.6,"name":"fire_3"},{"time":0.6666,"name":"fire_4"},{"time":0.7333,"name":"fire_1"},{"time":0.8,"name":"fire_2"},{"time":0.8666,"name":"fire_3"},{"time":0.9333,"name":"fire_4"},{"time":1.2,"name":"fire_1"},{"time":1.2666,"name":"fire_2"},{"time":1.3333,"name":"fire_2"},{"time":1.4,"name":"fire_4"},{"time":1.4333,"name":"fire_3"}]}},"bones":{"190_S1_magic1":{"translate":[{"time":0.6666,"x":-900,"y":0}],"scale":[{"time":0.6666,"x":0.496,"y":0.148},{"time":0.8,"x":0.745,"y":0.223}]},"MAIN":{"translate":[{"time":0.6,"x":0,"y":5.92,"curve":[0.326,0.59,0.75,1]},{"time":0.6666,"x":0,"y":50,"curve":[0.25,0,0.75,1]},{"time":1.1333,"x":0,"y":52,"curve":[0.195,0.34,0.72,0.93]},{"time":1.2,"x":0,"y":0}]},"fire":{"rotate":[{"time":0.2,"angle":32.82,"curve":"stepped"},{"time":0.3333,"angle":37.78,"curve":"stepped"},{"time":0.6,"angle":-21.11,"curve":"stepped"},{"time":0.7333,"angle":-31.95,"curve":"stepped"},{"time":0.8666,"angle":-44.71,"curve":"stepped"},{"time":1.2,"angle":30.93,"curve":"stepped"},{"time":1.2666,"angle":37.21,"curve":"stepped"},{"time":1.3333,"angle":28.92,"curve":"stepped"},{"time":1.4,"angle":10.03}],"translate":[{"time":0.2,"x":-11.3,"y":-1.99,"curve":"stepped"},{"time":0.3333,"x":-13.96,"y":-7.97,"curve":"stepped"},{"time":0.6,"x":9.97,"y":19.28,"curve":"stepped"},{"time":0.7333,"x":15.29,"y":18.61,"curve":"stepped"},{"time":0.8666,"x":26.88,"y":17.17,"curve":"stepped"},{"time":1.2,"x":-10.78,"y":-3.11,"curve":"stepped"},{"time":1.2666,"x":-14.16,"y":-6.01,"curve":"stepped"},{"time":1.3333,"x":-10.78,"y":-3.59,"curve":"stepped"},{"time":1.4,"x":-2.09,"y":2.19}]},"DAMAGEAREA":{"translate":[{"time":0.6666,"x":-122.24,"y":130}],"scale":[{"time":0.6666,"x":1.928,"y":1.4}]}},"ffd":{"default":{"EF/190_S1_magic1/magic_1fire":{"EF/190_S1_magic1/magic_1fire":[{"time":0.8333,"offset":1,"vertices":[-0.13633]},{"time":1.2666,"vertices":[-15.70245,-14.24627,-14.10821,15.69334,15.69587,14.11257,14.11509,-15.69138]}]}}},"events":[{"time":0.0333,"name":"Event","string":"setHitEffect(hit04a,1,0.7,30)"},{"time":0.6,"name":"Event","float":0.03,"string":"kHitStopType_normal"},{"time":0.6,"name":"Voice","string":"cri_006_voice_fullarts_now"},{"time":0.8,"name":"Hit","float":1.25,"string":"resetHitList"},{"time":0.8,"name":"Sound1","string":"cri_se_battle_explosion_short"},{"time":0.8,"name":"Sound2","string":"cri_se_battle_gun_burst"},{"time":0.9,"name":"Hit","float":1.5,"string":"resetHitList"},{"time":0.9,"name":"Sound1","string":"cri_se_battle_explosion_short"},{"time":0.9,"name":"Sound2","string":"cri_se_battle_gun_burst"},{"time":1,"name":"Hit","float":1.5,"string":"resetHitList"},{"time":1,"name":"Sound1","string":"cri_se_battle_explosion_short"},{"time":1,"name":"Sound2","string":"cri_se_battle_gun_burst"}]}}}