{"skeleton":{"hash":"qs9MM1jLPbsjwjAc8o2PpNN+HgI","spine":"3.0.12","width":0,"height":0,"images":"./images/"},"bones":[{"name":"root"},{"name":"MAIN","parent":"root","y":86.37},{"name":"SHADOW-OFFSET","parent":"MAIN","y":-77.21,"scaleX":1.4,"scaleY":1.4},{"name":"HPBAR","parent":"MAIN","y":80},{"name":"HITBOX","parent":"MAIN","y":-45.21},{"name":"EF","parent":"root","y":6.65},{"name":"S1_wave1_2","parent":"EF","x":1.74,"y":-45.32},{"name":"S1_wave1","parent":"EF","y":-3},{"name":"DAMAGEAREA","parent":"root"}],"slots":[{"name":"DAMAGEAREA","bone":"DAMAGEAREA"},{"name":"HITBOX","bone":"HITBOX","attachment":"HITBOX"},{"name":"MAIN","bone":"MAIN","attachment":"570-idle_00"},{"name":"S1_wave1","bone":"S1_wave1"},{"name":"S1_wave1_2","bone":"S1_wave1_2","blend":"additive"}],"skins":{"default":{"DAMAGEAREA":{"DAMAGEAREA":{"type":"boundingbox","vertices":[-31.74405,-31.98281,31.8679,-31.98281,33.40688,31.11611,-30.71804,31.11611,0,0,0,0,0,0,0,0]}},"HITBOX":{"HITBOX":{"type":"boundingbox","vertices":[-35.38667,-36.74235,44.4121,-36.74235,44.4121,38.28041,-35.38666,38.28041,0,0,0,0,0,0,0,0]}},"MAIN":{"570-attack1_00":{"x":-3.2,"y":16,"width":500,"height":500},"570-attack1_01":{"x":-3.2,"y":16,"width":500,"height":500},"570-attack1_02":{"x":-3.2,"y":16,"width":500,"height":500},"570-attack1_03":{"x":-3.2,"y":16,"width":500,"height":500},"570-attack1_04":{"x":-3.2,"y":16,"width":500,"height":500},"570-damage_00":{"x":-3.2,"y":8,"width":500,"height":500},"570-front_00":{"x":-3.2,"y":15.99,"width":500,"height":500},"570-front_01":{"x":-3.2,"y":15.99,"width":500,"height":500},"570-front_02":{"x":-3.2,"y":15.99,"width":500,"height":500},"570-idle_00":{"x":-3.2,"y":15.99,"width":500,"height":500},"570-idle_01":{"x":-3.2,"y":15.99,"width":500,"height":500},"570-idle_02":{"x":-3.2,"y":15.99,"width":500,"height":500},"570-idle_03":{"x":-3.2,"y":15.99,"width":500,"height":500},"570-skill1_00":{"x":-3.2,"y":15.99,"width":500,"height":500},"570-skill1_01":{"x":-3.2,"y":15.99,"width":500,"height":500},"570-skill1_02":{"x":-3.2,"y":15.99,"width":500,"height":500},"570-skill1_03":{"x":-3.2,"y":15.99,"width":500,"height":500},"570-skill1_04":{"x":-3.2,"y":16,"width":500,"height":500},"570-skill1_05":{"x":-3.2,"y":15.99,"width":500,"height":500},"570-skill2_00":{"x":-3.2,"y":15.99,"width":500,"height":500},"570-skill2_01":{"x":-3.2,"y":15.99,"width":500,"height":500},"570-skill2_02":{"x":-3.2,"y":15.99,"width":500,"height":500},"570-skill2_03":{"x":-3.2,"y":15.99,"width":500,"height":500},"570-skill2_04":{"x":-3.2,"y":15.99,"width":500,"height":500},"570-skill2_05":{"x":-3.2,"y":14.2,"width":500,"height":500}},"S1_wave1":{"EF/620_S1_wave1/620_S1_wave1_00038":{"y":14.24,"scaleX":2,"scaleY":2,"width":300,"height":300},"EF/620_S1_wave1/620_S1_wave1_00039":{"y":14.24,"scaleX":2,"scaleY":2,"width":300,"height":300},"EF/620_S1_wave1/620_S1_wave1_00040":{"y":14.24,"scaleX":2,"scaleY":2,"width":300,"height":300},"EF/620_S1_wave1/620_S1_wave1_00041":{"y":14.24,"scaleX":2,"scaleY":2,"width":300,"height":300},"EF/620_S1_wave1/620_S1_wave1_00042":{"y":14.24,"scaleX":2,"scaleY":2,"width":300,"height":300},"EF/620_S1_wave1/620_S1_wave1_00043":{"y":14.24,"scaleX":2,"scaleY":2,"width":300,"height":300},"EF/620_S1_wave1/620_S1_wave1_00044":{"y":14.24,"scaleX":2,"scaleY":2,"width":300,"height":300},"EF/620_S1_wave1/620_S1_wave1_00045":{"y":14.24,"scaleX":2,"scaleY":2,"width":300,"height":300},"EF/620_S1_wave1/620_S1_wave1_00046":{"y":14.24,"scaleX":2,"scaleY":2,"width":300,"height":300},"EF/620_S1_wave1/620_S1_wave1_00047":{"y":14.24,"scaleX":2,"scaleY":2,"width":300,"height":300},"EF/620_S1_wave1/620_S1_wave1_00048":{"y":14.24,"scaleX":2,"scaleY":2,"width":300,"height":300},"EF/620_S1_wave1/620_S1_wave1_00049":{"y":14.24,"scaleX":2,"scaleY":2,"width":300,"height":300},"EF/620_S1_wave1/620_S1_wave1_00050":{"y":14.24,"scaleX":2,"scaleY":2,"width":300,"height":300}},"S1_wave1_2":{"EF/620_S1_wave1/620_S1_wave1_00038":{"y":14.25,"scaleX":2,"scaleY":2,"width":300,"height":300},"EF/620_S1_wave1/620_S1_wave1_00039":{"y":14.25,"scaleX":2,"scaleY":2,"width":300,"height":300},"EF/620_S1_wave1/620_S1_wave1_00040":{"y":14.25,"scaleX":2,"scaleY":2,"width":300,"height":300},"EF/620_S1_wave1/620_S1_wave1_00041":{"y":14.25,"scaleX":2,"scaleY":2,"width":300,"height":300},"EF/620_S1_wave1/620_S1_wave1_00042":{"y":14.25,"scaleX":2,"scaleY":2,"width":300,"height":300},"EF/620_S1_wave1/620_S1_wave1_00043":{"y":14.25,"scaleX":2,"scaleY":2,"width":300,"height":300},"EF/620_S1_wave1/620_S1_wave1_00044":{"y":14.25,"scaleX":2,"scaleY":2,"width":300,"height":300},"EF/620_S1_wave1/620_S1_wave1_00045":{"y":14.25,"scaleX":2,"scaleY":2,"width":300,"height":300},"EF/620_S1_wave1/620_S1_wave1_00046":{"y":14.25,"scaleX":2,"scaleY":2,"width":300,"height":300},"EF/620_S1_wave1/620_S1_wave1_00047":{"y":14.25,"scaleX":2,"scaleY":2,"width":300,"height":300},"EF/620_S1_wave1/620_S1_wave1_00048":{"y":14.25,"scaleX":2,"scaleY":2,"width":300,"height":300},"EF/620_S1_wave1/620_S1_wave1_00049":{"y":14.25,"scaleX":2,"scaleY":2,"width":300,"height":300},"EF/620_S1_wave1/620_S1_wave1_00050":{"y":14.25,"scaleX":2,"scaleY":2,"width":300,"height":300}}}},"events":{"Event":{},"Hit":{},"HitEffect":{},"Sound1":{},"Sound2":{},"Sound3":{},"Voice":{}},"animations":{"attack1":{"slots":{"DAMAGEAREA":{"attachment":[{"time":0.7,"name":"DAMAGEAREA"},{"time":0.8333,"name":null},{"time":0.9,"name":"DAMAGEAREA"},{"time":1,"name":null},{"time":1.8666,"name":"DAMAGEAREA"},{"time":1.9666,"name":null}]},"MAIN":{"attachment":[{"time":0.1,"name":"570-skill1_00"},{"time":0.1666,"name":"570-skill1_01"},{"time":0.2333,"name":"570-skill1_02"},{"time":0.6333,"name":"570-skill1_03"},{"time":0.7,"name":"570-skill1_04"},{"time":0.7666,"name":"570-skill1_05"},{"time":0.8333,"name":"570-skill1_03"},{"time":0.9,"name":"570-skill1_04"},{"time":0.9666,"name":"570-skill1_05"},{"time":1.8333,"name":"570-skill1_03"},{"time":1.9,"name":"570-skill1_04"},{"time":1.9666,"name":"570-skill1_05"},{"time":2.2666,"name":"570-front_00"},{"time":2.3,"name":"570-front_01"},{"time":2.4333,"name":"570-front_02"},{"time":2.6,"name":"570-front_00"}]}},"bones":{"MAIN":{"translate":[{"time":0,"x":0,"y":-0.74,"curve":"stepped"},{"time":1.8333,"x":0,"y":-0.74,"curve":[0.196,0.36,0.75,1]},{"time":1.9666,"x":20,"y":-0.74},{"time":2.1333,"x":25,"y":-0.74,"curve":"stepped"},{"time":2.2666,"x":25,"y":-0.74},{"time":2.4,"x":15,"y":17.38},{"time":2.6,"x":0,"y":-0.74,"curve":"stepped"},{"time":2.6666,"x":0,"y":-0.74}]},"DAMAGEAREA":{"translate":[{"time":0.7,"x":-227.66,"y":91.97,"curve":"stepped"},{"time":1.8666,"x":-503.6,"y":103.15}],"scale":[{"time":0.7,"x":6.814,"y":0.614,"curve":"stepped"},{"time":1.8666,"x":17.588,"y":0.614}]}},"events":[{"time":0,"name":"Event","float":0.05,"string":"kHitStopType_enemyonly"},{"time":0,"name":"HitEffect","string":"setHitEffect(hit04c,1,0.6,1)"},{"time":0.2333,"name":"Voice","string":"cri_048_voice_attack_a"},{"time":0.3,"name":"Event"},{"time":0.6333,"name":"Sound1","string":"cri_se_battle_beam"},{"time":0.8333,"name":"Sound1","string":"cri_se_battle_beam"},{"time":0.9,"name":"Hit","string":"resetHitList"},{"time":1.0666,"name":"Sound1","string":"cri_se_battle_charge"},{"time":1.5,"name":"Voice","string":"cri_048_voice_attack_b"},{"time":1.8333,"name":"Sound1","string":"cri_se_battle_beam"},{"time":1.8333,"name":"Sound2","string":"cri_se_Battle_hard_hit"},{"time":1.9,"name":"Hit","float":1.25,"string":"resetHitList"},{"time":2.3,"name":"Sound1","string":"cri_se_battle_jump"},{"time":2.6,"name":"Sound1","string":"cri_se_battle_landing"}]},"back":{"slots":{"MAIN":{"attachment":[{"time":0,"name":"570-idle_00"},{"time":0.0666,"name":"570-front_00"},{"time":0.2333,"name":"570-front_01"},{"time":0.5666,"name":"570-idle_00"},{"time":0.8333,"name":"570-idle_00"}]},"S1_wave1":{"attachment":[{"time":0,"name":null}]},"S1_wave1_2":{"attachment":[{"time":0,"name":null}]}},"bones":{"MAIN":{"translate":[{"time":0.1333,"x":0,"y":0},{"time":0.2,"x":0,"y":-3.74},{"time":0.2333,"x":0,"y":0},{"time":0.3,"x":62.31,"y":14.67},{"time":0.3333,"x":90.53,"y":18.53},{"time":0.3666,"x":124.96,"y":24.88,"curve":[0.25,0,0.75,1]},{"time":0.5666,"x":140,"y":3.09},{"time":0.6,"x":140,"y":-8.76},{"time":0.6666,"x":140,"y":3.61},{"time":0.7333,"x":140,"y":0}]},"HITBOX":{"translate":[{"time":0.3,"x":-6.62,"y":0},{"time":0.3333,"x":-8.48,"y":0},{"time":0.3666,"x":-13.24,"y":-2.5},{"time":0.5666,"x":0,"y":-3.09},{"time":0.6,"x":0,"y":5.01},{"time":0.6333,"x":0,"y":-5.65}]},"SHADOW-OFFSET":{"translate":[{"time":0.3,"x":-6.62,"y":0},{"time":0.3333,"x":-8.48,"y":0},{"time":0.3666,"x":-13.24,"y":-2.5},{"time":0.5666,"x":0,"y":-3.09},{"time":0.6,"x":0,"y":5.01},{"time":0.6333,"x":0,"y":-5.65}]}},"events":[{"time":0.2333,"name":"Sound1","string":"cri_se_battle_jump"},{"time":0.5666,"name":"Sound1","string":"cri_se_battle_landing"}]},"cast":{"slots":{"MAIN":{"attachment":[{"time":0,"name":"570-idle_00"},{"time":0.1666,"name":"570-skill1_00"},{"time":0.2333,"name":"570-skill1_01"},{"time":0.3,"name":"570-skill1_02"},{"time":0.6666,"name":"570-skill1_03"},{"time":0.7333,"name":"570-skill1_04"},{"time":0.8,"name":"570-skill1_05"},{"time":1.3333,"name":"570-skill1_00"}]},"S1_wave1":{"attachment":[{"time":0,"name":null}]},"S1_wave1_2":{"attachment":[{"time":0,"name":null}]}},"events":[{"time":1.3333,"name":"Voice","string":"cri_048_voice_item"}]},"damage":{"slots":{"MAIN":{"attachment":[{"time":0,"name":"570-damage_00"}]},"S1_wave1":{"attachment":[{"time":0,"name":null}]},"S1_wave1_2":{"attachment":[{"time":0,"name":null}]}}},"front":{"slots":{"MAIN":{"attachment":[{"time":0,"name":"570-idle_00"},{"time":0.3333,"name":"570-front_00"},{"time":0.5,"name":"570-front_01"},{"time":0.8333,"name":"570-idle_00"},{"time":1.1666,"name":"570-idle_00"}]},"S1_wave1":{"attachment":[{"time":0,"name":null}]},"S1_wave1_2":{"attachment":[{"time":0,"name":null}]}},"bones":{"MAIN":{"translate":[{"time":0.4,"x":0,"y":0},{"time":0.4666,"x":0,"y":-3.74},{"time":0.5,"x":0,"y":0},{"time":0.5666,"x":0,"y":14.67},{"time":0.6333,"x":0,"y":26.62,"curve":[0.25,0,0.75,1]},{"time":0.8333,"x":0,"y":0},{"time":0.8666,"x":0,"y":-10.71},{"time":0.9333,"x":0,"y":2.14},{"time":1,"x":0,"y":0}]},"HITBOX":{"translate":[{"time":0.5666,"x":7.63,"y":0},{"time":0.6333,"x":10.17,"y":-4.23},{"time":0.8666,"x":0,"y":6.96},{"time":0.9,"x":0,"y":-2.32}]},"SHADOW-OFFSET":{"translate":[{"time":0.5666,"x":7.63,"y":0},{"time":0.6333,"x":10.17,"y":-4.23},{"time":0.8666,"x":0,"y":6.96},{"time":0.9,"x":0,"y":-2.32}]}},"events":[{"time":0,"name":"Event","string":"setMoveSpeedRate"},{"time":0.5333,"name":"Event","float":1.5,"string":"setMoveSpeedRate"},{"time":0.9,"name":"Event","string":"setMoveSpeedRate"}]},"idle":{"slots":{"MAIN":{"attachment":[{"time":0,"name":"570-idle_00"},{"time":0.2666,"name":"570-idle_01"},{"time":0.5333,"name":"570-idle_02"},{"time":0.8,"name":"570-idle_03"},{"time":1.0666,"name":"570-idle_00"}]},"S1_wave1":{"attachment":[{"time":0,"name":null}]},"S1_wave1_2":{"attachment":[{"time":0,"name":null}]}},"bones":{"MAIN":{"translate":[{"time":0,"x":0,"y":-0.74}]}}},"skill1":{"slots":{"DAMAGEAREA":{"attachment":[{"time":1.2,"name":"DAMAGEAREA"},{"time":1.3333,"name":null},{"time":1.6333,"name":"DAMAGEAREA"},{"time":1.7666,"name":null}]},"MAIN":{"attachment":[{"time":0,"name":"570-skill1_04"},{"time":0.0666,"name":"570-idle_01"},{"time":0.1666,"name":"570-idle_02"},{"time":0.2666,"name":"570-idle_03"},{"time":0.3333,"name":"570-skill1_00"},{"time":0.4,"name":"570-skill1_01"},{"time":0.4666,"name":"570-skill1_02"},{"time":1.1333,"name":"570-skill1_03"},{"time":1.2,"name":"570-skill1_04"},{"time":1.2666,"name":"570-skill1_05"},{"time":1.4666,"name":"570-skill1_05"},{"time":1.5666,"name":"570-skill1_03"},{"time":1.6333,"name":"570-skill1_04"},{"time":1.7,"name":"570-skill1_05"}]},"S1_wave1":{"attachment":[{"time":1.1,"name":"EF/620_S1_wave1/620_S1_wave1_00038"},{"time":1.1333,"name":"EF/620_S1_wave1/620_S1_wave1_00039"},{"time":1.1666,"name":"EF/620_S1_wave1/620_S1_wave1_00040"},{"time":1.2,"name":"EF/620_S1_wave1/620_S1_wave1_00041"},{"time":1.2333,"name":"EF/620_S1_wave1/620_S1_wave1_00042"},{"time":1.2666,"name":"EF/620_S1_wave1/620_S1_wave1_00043"},{"time":1.3,"name":"EF/620_S1_wave1/620_S1_wave1_00044"},{"time":1.3333,"name":"EF/620_S1_wave1/620_S1_wave1_00045"},{"time":1.3666,"name":"EF/620_S1_wave1/620_S1_wave1_00046"},{"time":1.4,"name":"EF/620_S1_wave1/620_S1_wave1_00047"},{"time":1.4333,"name":"EF/620_S1_wave1/620_S1_wave1_00048"},{"time":1.4666,"name":"EF/620_S1_wave1/620_S1_wave1_00049"},{"time":1.5,"name":"EF/620_S1_wave1/620_S1_wave1_00050"},{"time":1.5333,"name":"EF/620_S1_wave1/620_S1_wave1_00038"},{"time":1.5666,"name":"EF/620_S1_wave1/620_S1_wave1_00039"},{"time":1.6,"name":"EF/620_S1_wave1/620_S1_wave1_00040"},{"time":1.6333,"name":"EF/620_S1_wave1/620_S1_wave1_00041"},{"time":1.6666,"name":"EF/620_S1_wave1/620_S1_wave1_00042"},{"time":1.7,"name":"EF/620_S1_wave1/620_S1_wave1_00043"},{"time":1.7333,"name":"EF/620_S1_wave1/620_S1_wave1_00044"},{"time":1.7666,"name":"EF/620_S1_wave1/620_S1_wave1_00045"},{"time":1.8,"name":"EF/620_S1_wave1/620_S1_wave1_00046"},{"time":1.8333,"name":"EF/620_S1_wave1/620_S1_wave1_00047"},{"time":1.8666,"name":"EF/620_S1_wave1/620_S1_wave1_00048"},{"time":1.9,"name":"EF/620_S1_wave1/620_S1_wave1_00049"},{"time":1.9333,"name":"EF/620_S1_wave1/620_S1_wave1_00050"},{"time":1.9666,"name":null}]}},"bones":{"MAIN":{"translate":[{"time":1.1333,"x":0,"y":0,"curve":[0,0.56,0.494,0.99]},{"time":1.3,"x":3.87,"y":0,"curve":"stepped"},{"time":1.5,"x":3.87,"y":0,"curve":[0,0.6,0.593,1]},{"time":1.7,"x":25,"y":0}]},"EF":{"scale":[{"time":1.1,"x":2,"y":2}]},"S1_wave1":{"translate":[{"time":1.1,"x":0,"y":0}],"scale":[{"time":1.1,"x":0.85,"y":0.85}]},"DAMAGEAREA":{"translate":[{"time":1.2,"x":-235.41,"y":90.53,"curve":"stepped"},{"time":1.6333,"x":-415.43,"y":90.53}],"scale":[{"time":1.2,"x":10.125,"y":1},{"time":1.6333,"x":14.622,"y":1}]},"root":{"rotate":[{"time":1.1,"angle":0}]}},"drawOrder":[{"time":0,"offsets":[{"slot":"MAIN","offset":2},{"slot":"S1_wave1","offset":0}]},{"time":1.5666,"offsets":[{"slot":"MAIN","offset":2},{"slot":"S1_wave1","offset":0}]}],"events":[{"time":0,"name":"HitEffect","string":"setHitEffect(hit04c,1,0.8,1)"},{"time":0.5666,"name":"Sound1","string":"cri_se_battle_charge"},{"time":0.5666,"name":"Voice","string":"cri_048_voice_skill_b"},{"time":1.0666,"name":"Event","float":0.1,"string":"kHitStopType_enemyonly"},{"time":1.1,"name":"Sound1","string":"cri_se_battle_beam"},{"time":1.1,"name":"Sound2","string":"cri_se_battle_gun_burst"},{"time":1.1,"name":"Sound3","string":"cri_se_battle_hard_hit"},{"time":1.5333,"name":"Sound1","string":"cri_se_battle_beam"},{"time":1.5333,"name":"Sound2","string":"cri_se_battle_gun_burst"},{"time":1.5333,"name":"Sound3","string":"cri_se_battle_hard_hit"},{"time":1.6,"name":"Event","string":"kImpactType_knock"},{"time":1.6333,"name":"Event","string":"shakeGround"},{"time":1.6333,"name":"Hit","string":"resetHitList"}]},"skill2":{"slots":{"DAMAGEAREA":{"attachment":[{"time":1.1333,"name":"DAMAGEAREA"},{"time":1.4333,"name":null},{"time":1.6333,"name":"DAMAGEAREA"},{"time":2.0666,"name":null}]},"MAIN":{"attachment":[{"time":0,"name":"570-skill2_00"},{"time":0.1,"name":"570-skill2_01"},{"time":0.2,"name":"570-skill2_02"},{"time":0.3,"name":"570-skill2_00"},{"time":0.4,"name":"570-skill2_02"},{"time":0.5,"name":"570-skill2_01"},{"time":0.6,"name":"570-skill2_02"},{"time":0.7,"name":"570-skill2_01"},{"time":0.8,"name":"570-skill2_02"},{"time":0.9,"name":"570-skill2_01"},{"time":1,"name":"570-skill2_03"},{"time":1.0666,"name":"570-skill2_04"},{"time":1.2333,"name":"570-skill2_05"},{"time":1.4333,"name":"570-skill2_05"}]},"S1_wave1":{"attachment":[{"time":0.7333,"name":"EF/620_S1_wave1/620_S1_wave1_00038"},{"time":0.7666,"name":"EF/620_S1_wave1/620_S1_wave1_00039"},{"time":0.8,"name":"EF/620_S1_wave1/620_S1_wave1_00040"},{"time":0.8333,"name":"EF/620_S1_wave1/620_S1_wave1_00041"},{"time":0.8666,"name":"EF/620_S1_wave1/620_S1_wave1_00042"},{"time":0.9,"name":"EF/620_S1_wave1/620_S1_wave1_00043"},{"time":0.9333,"name":"EF/620_S1_wave1/620_S1_wave1_00044"},{"time":0.9666,"name":"EF/620_S1_wave1/620_S1_wave1_00045"},{"time":1,"name":"EF/620_S1_wave1/620_S1_wave1_00046"},{"time":1.0333,"name":"EF/620_S1_wave1/620_S1_wave1_00047"},{"time":1.0666,"name":"EF/620_S1_wave1/620_S1_wave1_00048"},{"time":1.1,"name":"EF/620_S1_wave1/620_S1_wave1_00049"},{"time":1.1333,"name":"EF/620_S1_wave1/620_S1_wave1_00050"},{"time":1.1666,"name":null}]}},"bones":{"MAIN":{"translate":[{"time":1.0666,"x":0,"y":0,"curve":[0,0.58,0.468,0.99]},{"time":1.8666,"x":75.41,"y":0}]},"S1_wave1":{"translate":[{"time":0.7333,"x":9.66,"y":13.75}],"scale":[{"time":0.7333,"x":1.7,"y":1.7}]},"DAMAGEAREA":{"translate":[{"time":1.1333,"x":-250.12,"y":87.01,"curve":"stepped"},{"time":1.6333,"x":-284.29,"y":49.6,"curve":[1,0,1,0.5]},{"time":1.8,"x":-373.13,"y":49.6}],"scale":[{"time":1.1333,"x":14.476,"y":1,"curve":"stepped"},{"time":1.6333,"x":6.737,"y":3.91,"curve":[1,0,1,0.5]},{"time":1.8,"x":8.678,"y":3.91}]}},"drawOrder":[{"time":0,"offsets":[{"slot":"MAIN","offset":2}]}],"events":[{"time":0,"name":"HitEffect","string":"setHitEffect(hit04c,1,0.8,1)"},{"time":0.3,"name":"Event","float":1,"string":"shakeGround_Loop "},{"time":0.3,"name":"Sound1","string":"cri_se_battle_charge"},{"time":0.3,"name":"Voice","string":"cri_048_voice_fullarts_b"},{"time":0.5666,"name":"Event","float":0.3,"string":"kHitStopType_normal"},{"time":1.0666,"name":"Event","string":"shakeGround"},{"time":1.1,"name":"Sound1","string":"cri_se_battle_gun_burst"},{"time":1.1,"name":"Sound2","string":"cri_se_battle_hard_hit"},{"time":1.1333,"name":"Sound2","string":"cri_se_battle_beam"},{"time":1.6333,"name":"Event","float":0.05,"string":"kHitStopType_normal"},{"time":1.6333,"name":"Hit","string":"resetHitList"},{"time":1.6333,"name":"HitEffect","string":"setHitEffect(hit02c,1,0.6,100)"},{"time":1.6333,"name":"Sound1","string":"cri_se_battle_hard_hit"},{"time":1.6333,"name":"Sound2","string":"cri_se_battle_explosion_short"},{"time":1.7,"name":"Event","string":"addOrbitSystemCamera_screen"},{"time":1.7,"name":"Hit","string":"resetHitList"},{"time":1.7666,"name":"Hit","string":"resetHitList"},{"time":1.7666,"name":"Sound1","string":"cri_se_battle_hard_hit"},{"time":1.7666,"name":"Sound2","string":"cri_se_battle_explosion_short"},{"time":1.9,"name":"Hit","string":"resetHitList"},{"time":1.9666,"name":"Hit","string":"resetHitList"},{"time":2.0333,"name":"Event","string":"kImpactType_up"},{"time":2.0333,"name":"Hit","string":"resetHitList"}]}}}