{"skeleton":{"hash":"X4393Idiz+58cJCtK/JTAK3l9ok","spine":"3.0.12","width":0,"height":0},"bones":[{"name":"root"},{"name":"ef","parent":"root"},{"name":"ef_wave3","parent":"ef","x":-500},{"name":"ef_wave2","parent":"ef","x":-500},{"name":"ef_wave","parent":"ef","x":-500},{"name":"ef_tuti_blue","parent":"ef","x":-100},{"name":"ef_trust_main5","parent":"ef","x":-150},{"name":"ef_trust_main4","parent":"ef","x":-150},{"name":"ef_trust_main3","parent":"ef","x":-150},{"name":"ef_trust_main2","parent":"ef","x":-150},{"name":"ef_trust_main","parent":"ef","x":-150},{"name":"ef_slash_F2","parent":"ef","x":-350},{"name":"ef_slash_F","parent":"ef","x":-350},{"name":"ef_slash_E","parent":"ef","x":-300},{"name":"ef_slash_D","parent":"ef","x":-250},{"name":"ef_slash_C2","parent":"ef"},{"name":"ef_slash_C","parent":"ef"},{"name":"ef_slash_B","parent":"ef","x":-200},{"name":"ef_graund_wave_blue2","parent":"ef","x":-50},{"name":"ef_graund_wave_blue","parent":"ef","x":-50},{"name":"ef_cross_line_Y","parent":"ef","x":-400},{"name":"ef_cross_line_T","parent":"ef","x":-450},{"name":"ef_cross_blue","parent":"ef","x":-600},{"name":"ef_cross","parent":"ef","x":-550},{"name":"MAIN","parent":"root","y":64.83},{"name":"HITBOX","parent":"MAIN","y":-5.28,"scaleX":0.455,"scaleY":0.927},{"name":"DOTEF","parent":"MAIN","x":220.9,"y":-64.83},{"name":"DAMAGEAREA","parent":"root"},{"name":"skill3EF","parent":"DOTEF","x":52.4,"scaleX":2,"scaleY":2}],"slots":[{"name":"EF/0h/s123_ef_graund_wave_blue/ef_graund_wave_blue_00001","bone":"ef_graund_wave_blue","blend":"additive"},{"name":"EF/0h/s123_ef_graund_wave_blue/ef_graund_wave_blue_2","bone":"ef_graund_wave_blue2","blend":"additive"},{"name":"EF/0h/s123_ef_graund_wave_blue/ef_graund_wave_blue_1","bone":"ef_graund_wave_blue","blend":"additive"},{"name":"EF/0h/s123_ef_graund_wave_blue/ef_graund_wave_blue_3","bone":"ef_graund_wave_blue2","blend":"additive"},{"name":"EF/0h/s3_ef_cross_line_main/ef_cross_line_main_00001","bone":"ef_cross_line_Y","blend":"additive"},{"name":"EF/0h/s3_ef_cross_line_main/ef_cross_line_main_1","bone":"ef_cross_line_T","blend":"additive"},{"name":"MAIN","bone":"MAIN","attachment":"idle_00"},{"name":"EF/0h/s12_ef_tuti_blue/ef_tuti_blue_00001","bone":"ef_tuti_blue","blend":"additive"},{"name":"DOT/attack1EF_00","bone":"DOTEF"},{"name":"DOT/skill1EF_00","bone":"DOTEF"},{"name":"DOT/skill2EF_00","bone":"DOTEF"},{"name":"DOT/skill3EF_00","bone":"skill3EF"},{"name":"EF/0h/s3_ef_wave_main/ef_wave_main_00001","bone":"ef_wave","blend":"additive"},{"name":"EF/0h/s3_ef_wave_main/ef_wave_main_1","bone":"ef_wave2","blend":"additive"},{"name":"EF/0h/s3_ef_wave_main/ef_wave_main_2","bone":"ef_wave3","blend":"additive"},{"name":"EF/0h/s1_ef_slash_B_main/ef_slash_B_main_00001","bone":"ef_slash_B","blend":"additive"},{"name":"EF/0h/s1_ef_trust_main/ef_trust_main_00001","bone":"ef_trust_main","blend":"additive"},{"name":"EF/0h/s1_ef_trust_main/ef_trust_main_1","bone":"ef_trust_main2","blend":"additive"},{"name":"EF/0h/s1_ef_trust_main/ef_trust_main_2","bone":"ef_trust_main3","blend":"additive"},{"name":"EF/0h/s1_ef_trust_main/ef_trust_main_3","bone":"ef_trust_main4","blend":"additive"},{"name":"EF/0h/s1_ef_trust_main/ef_trust_main_4","bone":"ef_trust_main5","blend":"additive"},{"name":"EF/0h/s23_ef_slash_C_main/ef_slash_C_main_00001","bone":"ef_slash_C","blend":"additive"},{"name":"EF/0h/s23_ef_slash_C_main/ef_slash_C_main_1","bone":"ef_slash_C2","blend":"additive"},{"name":"EF/0h/s2_ef_slash_F_main/ef_slash_F_main_00001","bone":"ef_slash_F","blend":"additive"},{"name":"EF/0h/s2_ef_slash_F_main/ef_slash_F_main_1","bone":"ef_slash_F2","blend":"additive"},{"name":"EF/0h/s3_ef_slash_D_main/ef_slash_D_main_00002","bone":"ef_slash_D","blend":"additive"},{"name":"EF/0h/s3_ef_slash_E_main/ef_slash_E_main_00002","bone":"ef_slash_E","blend":"additive"},{"name":"EF/s23_ef_cross_blue_main/ef_cross_blue_main_00001","bone":"ef_cross_blue","blend":"additive"},{"name":"EF/s3_ef_cross_main/ef_cross_main_1","bone":"ef_cross","blend":"additive"},{"name":"DAMAGEAREA","bone":"DAMAGEAREA"},{"name":"HITBOX","bone":"HITBOX","attachment":"HITBOX"}],"skins":{"default":{"DAMAGEAREA":{"DAMAGEAREA":{"type":"boundingbox","vertices":[-64.07777,63.85316,-64.07776,-64.01877,64.17815,-64.01877,63.6005,63.64361]}},"DOT/attack1EF_00":{"DOT/attack1EF_00":{"x":15.54,"scaleX":2,"scaleY":2,"width":220,"height":147},"DOT/attack1EF_01":{"x":15.54,"scaleX":2,"scaleY":2,"width":220,"height":147},"DOT/attack1EF_02":{"x":15.54,"scaleX":2,"scaleY":2,"width":220,"height":147},"DOT/attack1EF_03":{"x":15.54,"scaleX":2,"scaleY":2,"width":220,"height":147},"DOT/attack1EF_04":{"x":15.54,"scaleX":2,"scaleY":2,"width":220,"height":147},"DOT/attack1EF_05":{"x":15.54,"scaleX":2,"scaleY":2,"width":220,"height":147}},"DOT/skill1EF_00":{"DOT/skill1EF_00":{"x":15.54,"scaleX":2,"scaleY":2,"width":212,"height":136},"DOT/skill1EF_01":{"x":15.54,"scaleX":2,"scaleY":2,"width":212,"height":136},"DOT/skill1EF_02":{"x":15.54,"scaleX":2,"scaleY":2,"width":212,"height":136},"DOT/skill1EF_03":{"x":15.54,"scaleX":2,"scaleY":2,"width":212,"height":136},"DOT/skill1EF_04":{"x":15.54,"scaleX":2,"scaleY":2,"width":212,"height":136},"DOT/skill1EF_05":{"x":15.54,"scaleX":2,"scaleY":2,"width":212,"height":136},"DOT/skill1EF_06":{"x":15.54,"scaleX":2,"scaleY":2,"width":212,"height":136},"DOT/skill1EF_07":{"x":15.54,"scaleX":2,"scaleY":2,"width":212,"height":136}},"DOT/skill2EF_00":{"DOT/skill2EF_00":{"x":15.54,"scaleX":2,"scaleY":2,"width":267,"height":181},"DOT/skill2EF_01":{"x":15.54,"scaleX":2,"scaleY":2,"width":267,"height":181},"DOT/skill2EF_02":{"x":15.54,"scaleX":2,"scaleY":2,"width":267,"height":181}},"DOT/skill3EF_00":{"DOT/skill3EF_00":{"x":-88.8,"y":32.76,"width":320,"height":145},"DOT/skill3EF_01":{"x":-88.8,"y":32.76,"width":320,"height":145},"DOT/skill3EF_02":{"x":-88.8,"y":32.76,"width":320,"height":145},"DOT/skill3EF_03":{"x":-88.8,"y":32.76,"width":320,"height":145},"DOT/skill3EF_04":{"x":-88.8,"y":32.76,"width":320,"height":145}},"EF/0h/s123_ef_graund_wave_blue/ef_graund_wave_blue_00001":{"EF/0h/s123_ef_graund_wave_blue/ef_graund_wave_blue_00001":{"y":14.91,"width":320,"height":192},"EF/0h/s123_ef_graund_wave_blue/ef_graund_wave_blue_00002":{"y":14.91,"width":320,"height":192},"EF/0h/s123_ef_graund_wave_blue/ef_graund_wave_blue_00003":{"y":14.91,"width":320,"height":192},"EF/0h/s123_ef_graund_wave_blue/ef_graund_wave_blue_00004":{"y":14.91,"width":320,"height":192},"EF/0h/s123_ef_graund_wave_blue/ef_graund_wave_blue_00005":{"y":14.91,"width":320,"height":192},"EF/0h/s123_ef_graund_wave_blue/ef_graund_wave_blue_00006":{"y":14.91,"width":320,"height":192},"EF/0h/s123_ef_graund_wave_blue/ef_graund_wave_blue_00007":{"y":14.91,"width":320,"height":192},"EF/0h/s123_ef_graund_wave_blue/ef_graund_wave_blue_00008":{"y":14.91,"width":320,"height":192},"EF/0h/s123_ef_graund_wave_blue/ef_graund_wave_blue_00009":{"y":14.91,"width":320,"height":192},"EF/0h/s123_ef_graund_wave_blue/ef_graund_wave_blue_00010":{"y":14.91,"width":320,"height":192},"EF/0h/s123_ef_graund_wave_blue/ef_graund_wave_blue_00011":{"y":14.91,"width":320,"height":192},"EF/0h/s123_ef_graund_wave_blue/ef_graund_wave_blue_00012":{"y":14.91,"width":320,"height":192},"EF/0h/s123_ef_graund_wave_blue/ef_graund_wave_blue_00013":{"y":14.91,"width":320,"height":192},"EF/0h/s123_ef_graund_wave_blue/ef_graund_wave_blue_00014":{"y":14.91,"width":320,"height":192}},"EF/0h/s123_ef_graund_wave_blue/ef_graund_wave_blue_1":{"EF/0h/s123_ef_graund_wave_blue/ef_graund_wave_blue_00001":{"y":14.91,"width":320,"height":192},"EF/0h/s123_ef_graund_wave_blue/ef_graund_wave_blue_00002":{"y":14.91,"width":320,"height":192},"EF/0h/s123_ef_graund_wave_blue/ef_graund_wave_blue_00003":{"y":14.91,"width":320,"height":192},"EF/0h/s123_ef_graund_wave_blue/ef_graund_wave_blue_00004":{"y":14.91,"width":320,"height":192},"EF/0h/s123_ef_graund_wave_blue/ef_graund_wave_blue_00005":{"y":14.91,"width":320,"height":192},"EF/0h/s123_ef_graund_wave_blue/ef_graund_wave_blue_00006":{"y":14.91,"width":320,"height":192},"EF/0h/s123_ef_graund_wave_blue/ef_graund_wave_blue_00007":{"y":14.91,"width":320,"height":192},"EF/0h/s123_ef_graund_wave_blue/ef_graund_wave_blue_00008":{"y":14.91,"width":320,"height":192},"EF/0h/s123_ef_graund_wave_blue/ef_graund_wave_blue_00009":{"y":14.91,"width":320,"height":192},"EF/0h/s123_ef_graund_wave_blue/ef_graund_wave_blue_00010":{"y":14.91,"width":320,"height":192},"EF/0h/s123_ef_graund_wave_blue/ef_graund_wave_blue_00011":{"y":14.91,"width":320,"height":192},"EF/0h/s123_ef_graund_wave_blue/ef_graund_wave_blue_00012":{"y":14.91,"width":320,"height":192},"EF/0h/s123_ef_graund_wave_blue/ef_graund_wave_blue_00013":{"y":14.91,"width":320,"height":192},"EF/0h/s123_ef_graund_wave_blue/ef_graund_wave_blue_00014":{"y":14.91,"width":320,"height":192}},"EF/0h/s123_ef_graund_wave_blue/ef_graund_wave_blue_2":{"EF/0h/s123_ef_graund_wave_blue/ef_graund_wave_blue_00001":{"y":14.91,"width":320,"height":192},"EF/0h/s123_ef_graund_wave_blue/ef_graund_wave_blue_00002":{"y":14.91,"width":320,"height":192},"EF/0h/s123_ef_graund_wave_blue/ef_graund_wave_blue_00003":{"y":14.91,"width":320,"height":192},"EF/0h/s123_ef_graund_wave_blue/ef_graund_wave_blue_00004":{"y":14.91,"width":320,"height":192},"EF/0h/s123_ef_graund_wave_blue/ef_graund_wave_blue_00005":{"y":14.91,"width":320,"height":192},"EF/0h/s123_ef_graund_wave_blue/ef_graund_wave_blue_00006":{"y":14.91,"width":320,"height":192},"EF/0h/s123_ef_graund_wave_blue/ef_graund_wave_blue_00007":{"y":14.91,"width":320,"height":192},"EF/0h/s123_ef_graund_wave_blue/ef_graund_wave_blue_00008":{"y":14.91,"width":320,"height":192},"EF/0h/s123_ef_graund_wave_blue/ef_graund_wave_blue_00009":{"y":14.91,"width":320,"height":192},"EF/0h/s123_ef_graund_wave_blue/ef_graund_wave_blue_00010":{"y":14.91,"width":320,"height":192},"EF/0h/s123_ef_graund_wave_blue/ef_graund_wave_blue_00011":{"y":14.91,"width":320,"height":192},"EF/0h/s123_ef_graund_wave_blue/ef_graund_wave_blue_00012":{"y":14.91,"width":320,"height":192},"EF/0h/s123_ef_graund_wave_blue/ef_graund_wave_blue_00013":{"y":14.91,"width":320,"height":192},"EF/0h/s123_ef_graund_wave_blue/ef_graund_wave_blue_00014":{"y":14.91,"width":320,"height":192}},"EF/0h/s123_ef_graund_wave_blue/ef_graund_wave_blue_3":{"EF/0h/s123_ef_graund_wave_blue/ef_graund_wave_blue_00001":{"y":14.91,"width":320,"height":192},"EF/0h/s123_ef_graund_wave_blue/ef_graund_wave_blue_00002":{"y":14.91,"width":320,"height":192},"EF/0h/s123_ef_graund_wave_blue/ef_graund_wave_blue_00003":{"y":14.91,"width":320,"height":192},"EF/0h/s123_ef_graund_wave_blue/ef_graund_wave_blue_00004":{"y":14.91,"width":320,"height":192},"EF/0h/s123_ef_graund_wave_blue/ef_graund_wave_blue_00005":{"y":14.91,"width":320,"height":192},"EF/0h/s123_ef_graund_wave_blue/ef_graund_wave_blue_00006":{"y":14.91,"width":320,"height":192},"EF/0h/s123_ef_graund_wave_blue/ef_graund_wave_blue_00007":{"y":14.91,"width":320,"height":192},"EF/0h/s123_ef_graund_wave_blue/ef_graund_wave_blue_00008":{"y":14.91,"width":320,"height":192},"EF/0h/s123_ef_graund_wave_blue/ef_graund_wave_blue_00009":{"y":14.91,"width":320,"height":192},"EF/0h/s123_ef_graund_wave_blue/ef_graund_wave_blue_00010":{"y":14.91,"width":320,"height":192},"EF/0h/s123_ef_graund_wave_blue/ef_graund_wave_blue_00011":{"y":14.91,"width":320,"height":192},"EF/0h/s123_ef_graund_wave_blue/ef_graund_wave_blue_00012":{"y":14.91,"width":320,"height":192},"EF/0h/s123_ef_graund_wave_blue/ef_graund_wave_blue_00013":{"y":14.91,"width":320,"height":192},"EF/0h/s123_ef_graund_wave_blue/ef_graund_wave_blue_00014":{"y":14.91,"width":320,"height":192}},"EF/0h/s12_ef_tuti_blue/ef_tuti_blue_00001":{"EF/0h/s12_ef_tuti_blue/ef_tuti_blue_00001":{"y":10.71,"width":230,"height":139},"EF/0h/s12_ef_tuti_blue/ef_tuti_blue_00002":{"y":10.71,"width":230,"height":139},"EF/0h/s12_ef_tuti_blue/ef_tuti_blue_00003":{"y":10.71,"width":230,"height":139},"EF/0h/s12_ef_tuti_blue/ef_tuti_blue_00004":{"y":10.71,"width":230,"height":139},"EF/0h/s12_ef_tuti_blue/ef_tuti_blue_00005":{"y":10.71,"width":230,"height":139},"EF/0h/s12_ef_tuti_blue/ef_tuti_blue_00006":{"y":10.71,"width":230,"height":139},"EF/0h/s12_ef_tuti_blue/ef_tuti_blue_00007":{"y":10.71,"width":230,"height":139},"EF/0h/s12_ef_tuti_blue/ef_tuti_blue_00008":{"y":10.71,"width":230,"height":139},"EF/0h/s12_ef_tuti_blue/ef_tuti_blue_00009":{"y":10.71,"width":230,"height":139},"EF/0h/s12_ef_tuti_blue/ef_tuti_blue_00010":{"y":10.71,"width":230,"height":139},"EF/0h/s12_ef_tuti_blue/ef_tuti_blue_00011":{"y":10.71,"width":230,"height":139},"EF/0h/s12_ef_tuti_blue/ef_tuti_blue_00012":{"y":10.71,"width":230,"height":139},"EF/0h/s12_ef_tuti_blue/ef_tuti_blue_00013":{"y":10.71,"width":230,"height":139},"EF/0h/s12_ef_tuti_blue/ef_tuti_blue_00014":{"y":10.71,"width":230,"height":139},"EF/0h/s12_ef_tuti_blue/ef_tuti_blue_00015":{"y":10.71,"width":230,"height":139},"EF/0h/s12_ef_tuti_blue/ef_tuti_blue_00016":{"y":10.71,"width":230,"height":139},"EF/0h/s12_ef_tuti_blue/ef_tuti_blue_00017":{"y":10.71,"width":230,"height":139}},"EF/0h/s1_ef_slash_B_main/ef_slash_B_main_00001":{"EF/0h/s1_ef_slash_B_main/ef_slash_B_main_00001":{"width":300,"height":150},"EF/0h/s1_ef_slash_B_main/ef_slash_B_main_00002":{"width":300,"height":150},"EF/0h/s1_ef_slash_B_main/ef_slash_B_main_00003":{"width":300,"height":150},"EF/0h/s1_ef_slash_B_main/ef_slash_B_main_00004":{"width":300,"height":150},"EF/0h/s1_ef_slash_B_main/ef_slash_B_main_00005":{"width":300,"height":150}},"EF/0h/s1_ef_trust_main/ef_trust_main_00001":{"EF/0h/s1_ef_trust_main/ef_trust_main_00001":{"y":-52.39,"width":80,"height":200},"EF/0h/s1_ef_trust_main/ef_trust_main_00002":{"y":-52.39,"width":80,"height":200},"EF/0h/s1_ef_trust_main/ef_trust_main_00003":{"y":-52.39,"width":80,"height":200},"EF/0h/s1_ef_trust_main/ef_trust_main_00004":{"y":-52.39,"width":80,"height":200}},"EF/0h/s1_ef_trust_main/ef_trust_main_1":{"EF/0h/s1_ef_trust_main/ef_trust_main_00001":{"y":-52.39,"width":80,"height":200},"EF/0h/s1_ef_trust_main/ef_trust_main_00002":{"y":-52.39,"width":80,"height":200},"EF/0h/s1_ef_trust_main/ef_trust_main_00003":{"y":-52.39,"width":80,"height":200},"EF/0h/s1_ef_trust_main/ef_trust_main_00004":{"y":-52.39,"width":80,"height":200}},"EF/0h/s1_ef_trust_main/ef_trust_main_2":{"EF/0h/s1_ef_trust_main/ef_trust_main_00001":{"y":-52.39,"width":80,"height":200},"EF/0h/s1_ef_trust_main/ef_trust_main_00002":{"y":-52.39,"width":80,"height":200},"EF/0h/s1_ef_trust_main/ef_trust_main_00003":{"y":-52.39,"width":80,"height":200},"EF/0h/s1_ef_trust_main/ef_trust_main_00004":{"y":-52.39,"width":80,"height":200}},"EF/0h/s1_ef_trust_main/ef_trust_main_3":{"EF/0h/s1_ef_trust_main/ef_trust_main_00001":{"y":-52.39,"width":80,"height":200},"EF/0h/s1_ef_trust_main/ef_trust_main_00002":{"y":-52.39,"width":80,"height":200},"EF/0h/s1_ef_trust_main/ef_trust_main_00003":{"y":-52.39,"width":80,"height":200},"EF/0h/s1_ef_trust_main/ef_trust_main_00004":{"y":-52.39,"width":80,"height":200}},"EF/0h/s1_ef_trust_main/ef_trust_main_4":{"EF/0h/s1_ef_trust_main/ef_trust_main_00001":{"y":-52.39,"width":80,"height":200},"EF/0h/s1_ef_trust_main/ef_trust_main_00002":{"y":-52.39,"width":80,"height":200},"EF/0h/s1_ef_trust_main/ef_trust_main_00003":{"y":-52.39,"width":80,"height":200},"EF/0h/s1_ef_trust_main/ef_trust_main_00004":{"y":-52.39,"width":80,"height":200}},"EF/0h/s23_ef_slash_C_main/ef_slash_C_main_00001":{"EF/0h/s23_ef_slash_C_main/ef_slash_C_main_00001":{"width":200,"height":200},"EF/0h/s23_ef_slash_C_main/ef_slash_C_main_00002":{"width":200,"height":200},"EF/0h/s23_ef_slash_C_main/ef_slash_C_main_00003":{"width":200,"height":200},"EF/0h/s23_ef_slash_C_main/ef_slash_C_main_00004":{"width":200,"height":200},"EF/0h/s23_ef_slash_C_main/ef_slash_C_main_00005":{"width":200,"height":200}},"EF/0h/s23_ef_slash_C_main/ef_slash_C_main_1":{"EF/0h/s23_ef_slash_C_main/ef_slash_C_main_00001":{"width":200,"height":200},"EF/0h/s23_ef_slash_C_main/ef_slash_C_main_00002":{"width":200,"height":200},"EF/0h/s23_ef_slash_C_main/ef_slash_C_main_00003":{"width":200,"height":200},"EF/0h/s23_ef_slash_C_main/ef_slash_C_main_00004":{"width":200,"height":200},"EF/0h/s23_ef_slash_C_main/ef_slash_C_main_00005":{"width":200,"height":200}},"EF/0h/s2_ef_slash_F_main/ef_slash_F_main_00001":{"EF/0h/s2_ef_slash_F_main/ef_slash_F_main_00001":{"width":192,"height":192},"EF/0h/s2_ef_slash_F_main/ef_slash_F_main_00002":{"width":192,"height":192},"EF/0h/s2_ef_slash_F_main/ef_slash_F_main_00003":{"width":192,"height":192},"EF/0h/s2_ef_slash_F_main/ef_slash_F_main_00004":{"width":192,"height":192},"EF/0h/s2_ef_slash_F_main/ef_slash_F_main_00005":{"width":192,"height":192},"EF/0h/s2_ef_slash_F_main/ef_slash_F_main_00006":{"width":192,"height":192}},"EF/0h/s2_ef_slash_F_main/ef_slash_F_main_1":{"EF/0h/s2_ef_slash_F_main/ef_slash_F_main_00001":{"width":192,"height":192},"EF/0h/s2_ef_slash_F_main/ef_slash_F_main_00002":{"width":192,"height":192},"EF/0h/s2_ef_slash_F_main/ef_slash_F_main_00003":{"width":192,"height":192},"EF/0h/s2_ef_slash_F_main/ef_slash_F_main_00004":{"width":192,"height":192},"EF/0h/s2_ef_slash_F_main/ef_slash_F_main_00005":{"width":192,"height":192},"EF/0h/s2_ef_slash_F_main/ef_slash_F_main_00006":{"width":192,"height":192}},"EF/0h/s3_ef_cross_line_main/ef_cross_line_main_00001":{"EF/0h/s3_ef_cross_line_main/ef_cross_line_main_00001":{"width":400,"height":100},"EF/0h/s3_ef_cross_line_main/ef_cross_line_main_00002":{"width":400,"height":100},"EF/0h/s3_ef_cross_line_main/ef_cross_line_main_00003":{"width":400,"height":100},"EF/0h/s3_ef_cross_line_main/ef_cross_line_main_00004":{"width":400,"height":100},"EF/0h/s3_ef_cross_line_main/ef_cross_line_main_00006":{"width":400,"height":100},"EF/0h/s3_ef_cross_line_main/ef_cross_line_main_00008":{"width":400,"height":100},"EF/0h/s3_ef_cross_line_main/ef_cross_line_main_00010":{"width":400,"height":100},"EF/0h/s3_ef_cross_line_main/ef_cross_line_main_00012":{"width":400,"height":100},"EF/0h/s3_ef_cross_line_main/ef_cross_line_main_00026":{"width":400,"height":100},"EF/0h/s3_ef_cross_line_main/ef_cross_line_main_00027":{"width":400,"height":100}},"EF/0h/s3_ef_cross_line_main/ef_cross_line_main_1":{"EF/0h/s3_ef_cross_line_main/ef_cross_line_main_00001":{"rotation":90,"width":400,"height":100},"EF/0h/s3_ef_cross_line_main/ef_cross_line_main_00002":{"rotation":90,"width":400,"height":100},"EF/0h/s3_ef_cross_line_main/ef_cross_line_main_00003":{"rotation":90,"width":400,"height":100},"EF/0h/s3_ef_cross_line_main/ef_cross_line_main_00004":{"rotation":90,"width":400,"height":100},"EF/0h/s3_ef_cross_line_main/ef_cross_line_main_00006":{"rotation":90,"width":400,"height":100},"EF/0h/s3_ef_cross_line_main/ef_cross_line_main_00008":{"rotation":90,"width":400,"height":100},"EF/0h/s3_ef_cross_line_main/ef_cross_line_main_00010":{"rotation":90,"width":400,"height":100},"EF/0h/s3_ef_cross_line_main/ef_cross_line_main_00012":{"rotation":90,"width":400,"height":100},"EF/0h/s3_ef_cross_line_main/ef_cross_line_main_00026":{"rotation":90,"width":400,"height":100},"EF/0h/s3_ef_cross_line_main/ef_cross_line_main_00027":{"rotation":90,"width":400,"height":100}},"EF/0h/s3_ef_slash_D_main/ef_slash_D_main_00002":{"EF/0h/s3_ef_slash_D_main/ef_slash_D_main_00002":{"width":200,"height":200},"EF/0h/s3_ef_slash_D_main/ef_slash_D_main_00003":{"width":200,"height":200},"EF/0h/s3_ef_slash_D_main/ef_slash_D_main_00004":{"width":200,"height":200},"EF/0h/s3_ef_slash_D_main/ef_slash_D_main_00005":{"width":200,"height":200}},"EF/0h/s3_ef_slash_E_main/ef_slash_E_main_00002":{"EF/0h/s3_ef_slash_E_main/ef_slash_E_main_00002":{"width":276,"height":240},"EF/0h/s3_ef_slash_E_main/ef_slash_E_main_00003":{"width":276,"height":240},"EF/0h/s3_ef_slash_E_main/ef_slash_E_main_00004":{"width":276,"height":240},"EF/0h/s3_ef_slash_E_main/ef_slash_E_main_00005":{"width":276,"height":240}},"EF/0h/s3_ef_wave_main/ef_wave_main_00001":{"EF/0h/s3_ef_wave_main/ef_wave_main_00001":{"width":576,"height":180},"EF/0h/s3_ef_wave_main/ef_wave_main_00002":{"width":576,"height":180},"EF/0h/s3_ef_wave_main/ef_wave_main_00003":{"width":576,"height":180},"EF/0h/s3_ef_wave_main/ef_wave_main_00004":{"width":576,"height":180}},"EF/0h/s3_ef_wave_main/ef_wave_main_1":{"EF/0h/s3_ef_wave_main/ef_wave_main_00001":{"width":576,"height":180},"EF/0h/s3_ef_wave_main/ef_wave_main_00002":{"width":576,"height":180},"EF/0h/s3_ef_wave_main/ef_wave_main_00003":{"width":576,"height":180},"EF/0h/s3_ef_wave_main/ef_wave_main_00004":{"width":576,"height":180}},"EF/0h/s3_ef_wave_main/ef_wave_main_2":{"EF/0h/s3_ef_wave_main/ef_wave_main_00001":{"width":576,"height":180},"EF/0h/s3_ef_wave_main/ef_wave_main_00002":{"width":576,"height":180},"EF/0h/s3_ef_wave_main/ef_wave_main_00003":{"width":576,"height":180},"EF/0h/s3_ef_wave_main/ef_wave_main_00004":{"width":576,"height":180}},"EF/s23_ef_cross_blue_main/ef_cross_blue_main_00001":{"EF/s23_ef_cross_blue_main/ef_cross_blue_main_00001":{"width":180,"height":180},"EF/s23_ef_cross_blue_main/ef_cross_blue_main_00002":{"width":180,"height":180},"EF/s23_ef_cross_blue_main/ef_cross_blue_main_00003":{"width":180,"height":180},"EF/s23_ef_cross_blue_main/ef_cross_blue_main_00004":{"width":180,"height":180}},"EF/s3_ef_cross_main/ef_cross_main_1":{"EF/s3_ef_cross_main/ef_cross_main_00001":{"width":120,"height":120},"EF/s3_ef_cross_main/ef_cross_main_00002":{"width":120,"height":120},"EF/s3_ef_cross_main/ef_cross_main_00003":{"width":120,"height":120}},"HITBOX":{"HITBOX":{"type":"boundingbox","vertices":[-64.20094,63.60422,-63.55671,-64.18442,65.33657,-63.57665,63.10912,63.60425]}},"MAIN":{"attack1_00":{"x":20.95,"scaleX":2,"scaleY":2,"width":250,"height":250},"attack1_01":{"x":20.95,"scaleX":2,"scaleY":2,"width":250,"height":250},"attack1_02":{"x":20.95,"scaleX":2,"scaleY":2,"width":250,"height":250},"attack1_03":{"x":20.95,"scaleX":2,"scaleY":2,"width":250,"height":250},"attack1_04":{"x":20.95,"scaleX":2,"scaleY":2,"width":250,"height":250},"attack1_05":{"x":20.95,"scaleX":2,"scaleY":2,"width":250,"height":250},"attack1_06":{"x":20.95,"scaleX":2,"scaleY":2,"width":250,"height":250},"attack1_07":{"x":20.95,"scaleX":2,"scaleY":2,"width":250,"height":250},"attack1_08":{"x":20.95,"scaleX":2,"scaleY":2,"width":250,"height":250},"attack1_09":{"x":20.95,"scaleX":2,"scaleY":2,"width":250,"height":250},"attack1_10":{"x":20.95,"scaleX":2,"scaleY":2,"width":250,"height":250},"attack1_11":{"x":20.95,"scaleX":2,"scaleY":2,"width":250,"height":250},"attack1_12":{"x":20.95,"scaleX":2,"scaleY":2,"width":250,"height":250},"back_00":{"x":20.95,"scaleX":2,"scaleY":2,"width":250,"height":250},"back_01":{"x":20.95,"scaleX":2,"scaleY":2,"width":250,"height":250},"damage_00":{"x":20.95,"scaleX":2,"scaleY":2,"width":250,"height":250},"front_00":{"x":20.95,"scaleX":2,"scaleY":2,"width":250,"height":250},"idle_00":{"x":20.95,"scaleX":2,"scaleY":2,"width":250,"height":250},"idle_01":{"x":20.95,"scaleX":2,"scaleY":2,"width":250,"height":250},"idle_02":{"x":20.95,"scaleX":2,"scaleY":2,"width":250,"height":250},"idle_03":{"x":20.95,"scaleX":2,"scaleY":2,"width":250,"height":250},"skill1_00":{"x":20.95,"scaleX":2,"scaleY":2,"width":250,"height":250},"skill1_01":{"x":20.95,"scaleX":2,"scaleY":2,"width":250,"height":250},"skill1_02":{"x":20.95,"scaleX":2,"scaleY":2,"width":250,"height":250},"skill1_03":{"x":20.95,"scaleX":2,"scaleY":2,"width":250,"height":250},"skill1_04":{"x":20.95,"scaleX":2,"scaleY":2,"width":250,"height":250},"skill1_05":{"x":20.95,"scaleX":2,"scaleY":2,"width":250,"height":250},"skill1_06":{"x":20.95,"scaleX":2,"scaleY":2,"width":250,"height":250},"skill1_07":{"x":20.95,"scaleX":2,"scaleY":2,"width":250,"height":250},"skill1_08":{"x":20.95,"scaleX":2,"scaleY":2,"width":250,"height":250},"skill1_09":{"x":20.95,"scaleX":2,"scaleY":2,"width":250,"height":250},"skill1_10":{"x":20.95,"scaleX":2,"scaleY":2,"width":250,"height":250},"skill1_11":{"x":20.95,"scaleX":2,"scaleY":2,"width":250,"height":250},"skill1_12":{"x":20.95,"scaleX":2,"scaleY":2,"width":250,"height":250},"skill1_13":{"x":20.95,"scaleX":2,"scaleY":2,"width":250,"height":250},"skill1_14":{"x":20.95,"scaleX":2,"scaleY":2,"width":250,"height":250},"skill1_15":{"x":20.95,"scaleX":2,"scaleY":2,"width":250,"height":250},"skill1_16":{"x":20.95,"scaleX":2,"scaleY":2,"width":250,"height":250},"skill2_00":{"x":20.95,"scaleX":2,"scaleY":2,"width":250,"height":250},"skill2_01":{"x":20.95,"scaleX":2,"scaleY":2,"width":250,"height":250},"skill2_02":{"x":20.95,"scaleX":2,"scaleY":2,"width":250,"height":250},"skill2_03":{"x":20.95,"scaleX":2,"scaleY":2,"width":250,"height":250},"skill2_04":{"x":20.95,"scaleX":2,"scaleY":2,"width":250,"height":250},"skill2_05":{"x":20.95,"scaleX":2,"scaleY":2,"width":250,"height":250},"skill2_06":{"x":20.95,"scaleX":2,"scaleY":2,"width":250,"height":250},"skill2_07":{"x":20.95,"scaleX":2,"scaleY":2,"width":250,"height":250},"skill2_08":{"x":20.95,"scaleX":2,"scaleY":2,"width":250,"height":250},"skill2_09":{"x":20.95,"scaleX":2,"scaleY":2,"width":250,"height":250},"skill2_10":{"x":20.95,"scaleX":2,"scaleY":2,"width":250,"height":250},"skill2_11":{"x":20.95,"scaleX":2,"scaleY":2,"width":250,"height":250},"skill2_12":{"x":20.95,"scaleX":2,"scaleY":2,"width":250,"height":250},"skill2_13":{"x":20.95,"scaleX":2,"scaleY":2,"width":250,"height":250},"skill2_14":{"x":20.95,"scaleX":2,"scaleY":2,"width":250,"height":250},"skill2_15":{"x":20.95,"scaleX":2,"scaleY":2,"width":250,"height":250},"skill2_16":{"x":20.95,"scaleX":2,"scaleY":2,"width":250,"height":250},"skill2_17":{"x":20.95,"scaleX":2,"scaleY":2,"width":250,"height":250},"skill2_18":{"x":20.95,"scaleX":2,"scaleY":2,"width":250,"height":250},"skill2_19":{"x":20.95,"scaleX":2,"scaleY":2,"width":250,"height":250},"skill3_00":{"x":20.95,"scaleX":2,"scaleY":2,"width":250,"height":250},"skill3_01":{"x":20.95,"scaleX":2,"scaleY":2,"width":250,"height":250},"skill3_02":{"x":20.95,"scaleX":2,"scaleY":2,"width":250,"height":250},"skill3_03":{"x":20.95,"scaleX":2,"scaleY":2,"width":250,"height":250},"skill3_04":{"x":20.95,"scaleX":2,"scaleY":2,"width":250,"height":250},"skill3_05":{"x":20.95,"scaleX":2,"scaleY":2,"width":250,"height":250},"skill3_06":{"x":20.95,"scaleX":2,"scaleY":2,"width":250,"height":250},"skill3_07":{"x":20.95,"scaleX":2,"scaleY":2,"width":250,"height":250},"skill3_08":{"x":20.95,"scaleX":2,"scaleY":2,"width":250,"height":250},"skill3_09":{"x":20.95,"scaleX":2,"scaleY":2,"width":250,"height":250},"skill3_10":{"x":20.95,"scaleX":2,"scaleY":2,"width":250,"height":250},"skill3_11":{"x":20.95,"scaleX":2,"scaleY":2,"width":250,"height":250},"skill3_12":{"x":20.95,"scaleX":2,"scaleY":2,"width":250,"height":250},"skill3_13":{"x":20.95,"scaleX":2,"scaleY":2,"width":250,"height":250},"skill3_14":{"x":20.95,"scaleX":2,"scaleY":2,"width":250,"height":250},"skill3_15":{"x":20.95,"scaleX":2,"scaleY":2,"width":250,"height":250},"skill3_16":{"x":20.95,"scaleX":2,"scaleY":2,"width":250,"height":250},"skill3_17":{"x":20.95,"scaleX":2,"scaleY":2,"width":250,"height":250},"skill3_18":{"x":20.95,"scaleX":2,"scaleY":2,"width":250,"height":250},"skill3_19":{"x":20.95,"scaleX":2,"scaleY":2,"width":250,"height":250},"skill3_20":{"x":20.95,"scaleX":2,"scaleY":2,"width":250,"height":250},"skill3_21":{"x":20.95,"scaleX":2,"scaleY":2,"width":250,"height":250},"skill3_22":{"x":20.95,"scaleX":2,"scaleY":2,"width":250,"height":250},"skill3_23":{"x":20.95,"scaleX":2,"scaleY":2,"width":250,"height":250},"skill3_24":{"x":20.95,"scaleX":2,"scaleY":2,"width":250,"height":250},"skill3_25":{"x":20.95,"scaleX":2,"scaleY":2,"width":250,"height":250},"skill3_26":{"x":20.95,"scaleX":2,"scaleY":2,"width":250,"height":250},"skill3_27":{"x":20.95,"scaleX":2,"scaleY":2,"width":250,"height":250},"skill3_28":{"x":20.95,"scaleX":2,"scaleY":2,"width":250,"height":250},"skill3_29":{"x":20.95,"scaleX":2,"scaleY":2,"width":250,"height":250}}}},"events":{"Event":{},"Event2":{},"Hit":{},"Sound1":{},"Sound2":{},"Sound3":{},"Voice":{}},"animations":{"attack1":{"slots":{"DAMAGEAREA":{"attachment":[{"time":0.1,"name":"DAMAGEAREA"},{"time":0.1666,"name":null},{"time":0.4666,"name":"DAMAGEAREA"},{"time":0.7666,"name":null}]},"DOT/attack1EF_00":{"attachment":[{"time":0.1,"name":"DOT/attack1EF_00"},{"time":0.1333,"name":"DOT/attack1EF_01"},{"time":0.1666,"name":null},{"time":0.3666,"name":"DOT/attack1EF_02"},{"time":0.4666,"name":"DOT/attack1EF_03"},{"time":0.5333,"name":"DOT/attack1EF_04"},{"time":0.6333,"name":"DOT/attack1EF_05"},{"time":0.7333,"name":null}]},"MAIN":{"attachment":[{"time":0,"name":"attack1_00"},{"time":0.1,"name":"attack1_01"},{"time":0.1666,"name":"attack1_02"},{"time":0.2333,"name":"attack1_03"},{"time":0.3666,"name":"attack1_04"},{"time":0.4666,"name":"attack1_05"},{"time":0.5666,"name":"attack1_06"},{"time":0.6666,"name":"attack1_07"},{"time":0.7333,"name":"attack1_08"},{"time":0.8,"name":"attack1_09"},{"time":0.8666,"name":"attack1_10"},{"time":0.9333,"name":"attack1_11"},{"time":1.1666,"name":"attack1_12"}]}},"bones":{"DOTEF":{"translate":[{"time":0.1,"x":-287.42,"y":110.07}]},"DAMAGEAREA":{"translate":[{"time":0.1,"x":-83.98,"y":36.64,"curve":"stepped"},{"time":0.4666,"x":-83.98,"y":56.49}],"scale":[{"time":0.1,"x":2.236,"y":0.559,"curve":"stepped"},{"time":0.4666,"x":2.236,"y":0.875}]}},"drawOrder":[{"time":0.3666,"offsets":[{"slot":"MAIN","offset":2}]}],"events":[{"time":0,"name":"Event","float":0.1,"string":"kHitStopType_normal"},{"time":0.0666,"name":"Sound1","string":"cri_se_battle_sword_swish_heavy"},{"time":0.0666,"name":"Sound2","string":"setHitSound(se_battle_019_sword_hit_03)"},{"time":0.0666,"name":"Voice","string":"cri_221_voice_attack_random"},{"time":0.3333,"name":"Sound1","string":"cri_se_battle_sword_swish_heavy"},{"time":0.4333,"name":"Event","float":0.1,"string":"kHitStopType_enemyonly"},{"time":0.4666,"name":"Hit","string":"resetHitList"},{"time":0.5333,"name":"Voice","string":"cri_221_voice_attack_c"},{"time":0.5666,"name":"Sound1","string":"cri_se_battle_sword_swish_heavy"},{"time":0.7,"name":"Hit","string":"resetHitList"}]},"back":{"slots":{"MAIN":{"attachment":[{"time":0,"name":"back_00"},{"time":0.2333,"name":"back_01"},{"time":0.5,"name":"idle_02"},{"time":0.6333,"name":"idle_00"}]}},"bones":{"MAIN":{"translate":[{"time":0,"x":0,"y":0},{"time":0.1333,"x":87.74,"y":22.03},{"time":0.2333,"x":130,"y":0,"curve":[0.25,0,0.75,1]},{"time":0.4,"x":140,"y":0}]}},"events":[{"time":0,"name":"Sound1","string":"cri_se_battle_jump"},{"time":0.2333,"name":"Sound1","string":"cri_se_battle_landing"}]},"cast":{"slots":{"MAIN":{"attachment":[{"time":0,"name":"idle_00"},{"time":0.1,"name":"idle_01"},{"time":0.2,"name":"attack1_00"},{"time":0.5,"name":"attack1_01"},{"time":0.5666,"name":"attack1_02"},{"time":0.6333,"name":"attack1_03"},{"time":0.8333,"name":"idle_00"}]}},"drawOrder":[{"time":0.3666,"offsets":[{"slot":"MAIN","offset":2}]}],"events":[{"time":0.3666,"name":"Voice","string":"cri_221_voice_item"}]},"damage":{"slots":{"MAIN":{"attachment":[{"time":0,"name":"damage_00"}]}}},"front":{"slots":{"MAIN":{"attachment":[{"time":0,"name":"front_00"}]}}},"idle":{"slots":{"MAIN":{"attachment":[{"time":0,"name":"idle_00"},{"time":0.2333,"name":"idle_01"},{"time":0.4666,"name":"idle_02"},{"time":0.7,"name":"idle_03"},{"time":0.9333,"name":"idle_00"}]}}},"in":{"slots":{"MAIN":{"attachment":[{"time":0,"name":"front_00"},{"time":0.2333,"name":"skill1_11"},{"time":0.3,"name":"skill1_10"},{"time":0.3666,"name":"skill1_13"},{"time":0.4333,"name":"skill1_14"},{"time":0.5,"name":"skill1_15"},{"time":0.5666,"name":"idle_00"},{"time":0.6666,"name":null}],"color":[{"time":0,"color":"ffffff00"},{"time":0.2333,"color":"ffffffff"}]}},"bones":{"MAIN":{"translate":[{"time":0,"x":264.28,"y":0},{"time":0.2333,"x":22.25,"y":0,"curve":[0.077,0.49,0.648,1]},{"time":0.4333,"x":0,"y":0}]}},"events":[{"time":0.2333,"name":"Sound1","string":"cri_se_battle_sword_swish_heavy"}]},"skill1":{"slots":{"DAMAGEAREA":{"attachment":[{"time":0.4,"name":"DAMAGEAREA"},{"time":1.2666,"name":null},{"time":1.5333,"name":"DAMAGEAREA"},{"time":1.6,"name":null}]},"DOT/skill1EF_00":{"attachment":[{"time":0.3666,"name":"DOT/skill1EF_00"},{"time":0.4,"name":"DOT/skill1EF_01"},{"time":0.4666,"name":"DOT/skill1EF_02"},{"time":0.5333,"name":"DOT/skill1EF_03"},{"time":0.6,"name":"DOT/skill1EF_01"},{"time":0.6666,"name":"DOT/skill1EF_02"},{"time":0.7333,"name":"DOT/skill1EF_03"},{"time":0.8,"name":"DOT/skill1EF_01"},{"time":0.8666,"name":"DOT/skill1EF_02"},{"time":0.9333,"name":"DOT/skill1EF_03"},{"time":1,"name":"DOT/skill1EF_01"},{"time":1.0666,"name":"DOT/skill1EF_02"},{"time":1.1333,"name":"DOT/skill1EF_04"},{"time":1.2,"name":"DOT/skill1EF_05"},{"time":1.2333,"name":null},{"time":1.4666,"name":"DOT/skill1EF_06"},{"time":1.5333,"name":"DOT/skill1EF_07"},{"time":1.6,"name":null}]},"EF/0h/s123_ef_graund_wave_blue/ef_graund_wave_blue_00001":{"attachment":[{"time":0.3666,"name":"EF/0h/s123_ef_graund_wave_blue/ef_graund_wave_blue_00001"},{"time":0.4,"name":"EF/0h/s123_ef_graund_wave_blue/ef_graund_wave_blue_00002"},{"time":0.4333,"name":"EF/0h/s123_ef_graund_wave_blue/ef_graund_wave_blue_00003"},{"time":0.4666,"name":"EF/0h/s123_ef_graund_wave_blue/ef_graund_wave_blue_00004"},{"time":0.5,"name":"EF/0h/s123_ef_graund_wave_blue/ef_graund_wave_blue_00005"},{"time":0.5333,"name":"EF/0h/s123_ef_graund_wave_blue/ef_graund_wave_blue_00006"},{"time":0.5666,"name":"EF/0h/s123_ef_graund_wave_blue/ef_graund_wave_blue_00007"},{"time":0.6,"name":"EF/0h/s123_ef_graund_wave_blue/ef_graund_wave_blue_00008"},{"time":0.6333,"name":"EF/0h/s123_ef_graund_wave_blue/ef_graund_wave_blue_00009"},{"time":0.6666,"name":"EF/0h/s123_ef_graund_wave_blue/ef_graund_wave_blue_00010"},{"time":0.7,"name":"EF/0h/s123_ef_graund_wave_blue/ef_graund_wave_blue_00011"},{"time":0.7333,"name":"EF/0h/s123_ef_graund_wave_blue/ef_graund_wave_blue_00012"},{"time":0.7666,"name":"EF/0h/s123_ef_graund_wave_blue/ef_graund_wave_blue_00013"},{"time":0.8,"name":"EF/0h/s123_ef_graund_wave_blue/ef_graund_wave_blue_00014"},{"time":0.8333,"name":null},{"time":1.4666,"name":"EF/0h/s123_ef_graund_wave_blue/ef_graund_wave_blue_00001"},{"time":1.5,"name":"EF/0h/s123_ef_graund_wave_blue/ef_graund_wave_blue_00002"},{"time":1.5333,"name":"EF/0h/s123_ef_graund_wave_blue/ef_graund_wave_blue_00003"},{"time":1.5666,"name":"EF/0h/s123_ef_graund_wave_blue/ef_graund_wave_blue_00004"},{"time":1.6,"name":"EF/0h/s123_ef_graund_wave_blue/ef_graund_wave_blue_00005"},{"time":1.6333,"name":"EF/0h/s123_ef_graund_wave_blue/ef_graund_wave_blue_00006"},{"time":1.6666,"name":"EF/0h/s123_ef_graund_wave_blue/ef_graund_wave_blue_00007"},{"time":1.7,"name":"EF/0h/s123_ef_graund_wave_blue/ef_graund_wave_blue_00008"},{"time":1.7333,"name":"EF/0h/s123_ef_graund_wave_blue/ef_graund_wave_blue_00009"},{"time":1.7666,"name":"EF/0h/s123_ef_graund_wave_blue/ef_graund_wave_blue_00010"},{"time":1.8,"name":"EF/0h/s123_ef_graund_wave_blue/ef_graund_wave_blue_00011"},{"time":1.8333,"name":"EF/0h/s123_ef_graund_wave_blue/ef_graund_wave_blue_00012"},{"time":1.8666,"name":"EF/0h/s123_ef_graund_wave_blue/ef_graund_wave_blue_00013"},{"time":1.9,"name":"EF/0h/s123_ef_graund_wave_blue/ef_graund_wave_blue_00014"},{"time":1.9333,"name":null}]},"EF/0h/s12_ef_tuti_blue/ef_tuti_blue_00001":{"attachment":[{"time":1.4666,"name":"EF/0h/s12_ef_tuti_blue/ef_tuti_blue_00001"},{"time":1.5,"name":"EF/0h/s12_ef_tuti_blue/ef_tuti_blue_00002"},{"time":1.5333,"name":"EF/0h/s12_ef_tuti_blue/ef_tuti_blue_00003"},{"time":1.5666,"name":"EF/0h/s12_ef_tuti_blue/ef_tuti_blue_00004"},{"time":1.6,"name":"EF/0h/s12_ef_tuti_blue/ef_tuti_blue_00005"},{"time":1.6333,"name":"EF/0h/s12_ef_tuti_blue/ef_tuti_blue_00006"},{"time":1.6666,"name":"EF/0h/s12_ef_tuti_blue/ef_tuti_blue_00007"},{"time":1.7,"name":"EF/0h/s12_ef_tuti_blue/ef_tuti_blue_00008"},{"time":1.7333,"name":"EF/0h/s12_ef_tuti_blue/ef_tuti_blue_00009"},{"time":1.7666,"name":"EF/0h/s12_ef_tuti_blue/ef_tuti_blue_00010"},{"time":1.8,"name":"EF/0h/s12_ef_tuti_blue/ef_tuti_blue_00011"},{"time":1.8333,"name":"EF/0h/s12_ef_tuti_blue/ef_tuti_blue_00012"},{"time":1.8666,"name":"EF/0h/s12_ef_tuti_blue/ef_tuti_blue_00013"},{"time":1.9,"name":"EF/0h/s12_ef_tuti_blue/ef_tuti_blue_00014"},{"time":1.9333,"name":"EF/0h/s12_ef_tuti_blue/ef_tuti_blue_00015"},{"time":1.9666,"name":"EF/0h/s12_ef_tuti_blue/ef_tuti_blue_00016"},{"time":2,"name":"EF/0h/s12_ef_tuti_blue/ef_tuti_blue_00017"},{"time":2.0333,"name":null}]},"EF/0h/s1_ef_slash_B_main/ef_slash_B_main_00001":{"attachment":[{"time":1.4666,"name":"EF/0h/s1_ef_slash_B_main/ef_slash_B_main_00001"},{"time":1.5,"name":"EF/0h/s1_ef_slash_B_main/ef_slash_B_main_00002"},{"time":1.5333,"name":"EF/0h/s1_ef_slash_B_main/ef_slash_B_main_00003"},{"time":1.5666,"name":"EF/0h/s1_ef_slash_B_main/ef_slash_B_main_00004"},{"time":1.6,"name":"EF/0h/s1_ef_slash_B_main/ef_slash_B_main_00005"},{"time":1.6333,"name":null}]},"EF/0h/s1_ef_trust_main/ef_trust_main_00001":{"attachment":[{"time":0.3666,"name":"EF/0h/s1_ef_trust_main/ef_trust_main_00001"},{"time":0.4,"name":"EF/0h/s1_ef_trust_main/ef_trust_main_00002"},{"time":0.4333,"name":"EF/0h/s1_ef_trust_main/ef_trust_main_00003"},{"time":0.4666,"name":"EF/0h/s1_ef_trust_main/ef_trust_main_00004"},{"time":0.5,"name":"EF/0h/s1_ef_trust_main/ef_trust_main_00001"},{"time":0.5333,"name":"EF/0h/s1_ef_trust_main/ef_trust_main_00002"},{"time":0.5666,"name":"EF/0h/s1_ef_trust_main/ef_trust_main_00003"},{"time":0.6,"name":"EF/0h/s1_ef_trust_main/ef_trust_main_00004"},{"time":0.6333,"name":null},{"time":0.6666,"name":"EF/0h/s1_ef_trust_main/ef_trust_main_00001"},{"time":0.7,"name":"EF/0h/s1_ef_trust_main/ef_trust_main_00002"},{"time":0.7333,"name":"EF/0h/s1_ef_trust_main/ef_trust_main_00003"},{"time":0.7666,"name":"EF/0h/s1_ef_trust_main/ef_trust_main_00004"},{"time":0.8,"name":null},{"time":0.8333,"name":"EF/0h/s1_ef_trust_main/ef_trust_main_00001"},{"time":0.8666,"name":"EF/0h/s1_ef_trust_main/ef_trust_main_00002"},{"time":0.9,"name":"EF/0h/s1_ef_trust_main/ef_trust_main_00003"},{"time":0.9333,"name":"EF/0h/s1_ef_trust_main/ef_trust_main_00004"},{"time":0.9666,"name":"EF/0h/s1_ef_trust_main/ef_trust_main_00001"},{"time":1,"name":"EF/0h/s1_ef_trust_main/ef_trust_main_00002"},{"time":1.0333,"name":"EF/0h/s1_ef_trust_main/ef_trust_main_00003"},{"time":1.0666,"name":"EF/0h/s1_ef_trust_main/ef_trust_main_00004"},{"time":1.1,"name":"EF/0h/s1_ef_trust_main/ef_trust_main_00001"},{"time":1.1333,"name":"EF/0h/s1_ef_trust_main/ef_trust_main_00002"},{"time":1.1666,"name":"EF/0h/s1_ef_trust_main/ef_trust_main_00003"},{"time":1.2,"name":"EF/0h/s1_ef_trust_main/ef_trust_main_00004"},{"time":1.2333,"name":null}]},"EF/0h/s1_ef_trust_main/ef_trust_main_1":{"attachment":[{"time":0.3666,"name":"EF/0h/s1_ef_trust_main/ef_trust_main_00001"},{"time":0.4,"name":"EF/0h/s1_ef_trust_main/ef_trust_main_00002"},{"time":0.4333,"name":"EF/0h/s1_ef_trust_main/ef_trust_main_00003"},{"time":0.4666,"name":"EF/0h/s1_ef_trust_main/ef_trust_main_00004"},{"time":0.5,"name":null},{"time":0.5333,"name":"EF/0h/s1_ef_trust_main/ef_trust_main_00001"},{"time":0.5666,"name":"EF/0h/s1_ef_trust_main/ef_trust_main_00002"},{"time":0.6,"name":"EF/0h/s1_ef_trust_main/ef_trust_main_00003"},{"time":0.6333,"name":"EF/0h/s1_ef_trust_main/ef_trust_main_00004"},{"time":0.6666,"name":null},{"time":0.7,"name":"EF/0h/s1_ef_trust_main/ef_trust_main_00001"},{"time":0.7333,"name":"EF/0h/s1_ef_trust_main/ef_trust_main_00002"},{"time":0.7666,"name":"EF/0h/s1_ef_trust_main/ef_trust_main_00003"},{"time":0.8,"name":"EF/0h/s1_ef_trust_main/ef_trust_main_00004"},{"time":0.8333,"name":null},{"time":0.8666,"name":"EF/0h/s1_ef_trust_main/ef_trust_main_00001"},{"time":0.9,"name":"EF/0h/s1_ef_trust_main/ef_trust_main_00002"},{"time":0.9333,"name":"EF/0h/s1_ef_trust_main/ef_trust_main_00003"},{"time":0.9666,"name":"EF/0h/s1_ef_trust_main/ef_trust_main_00004"},{"time":1,"name":null},{"time":1.0333,"name":"EF/0h/s1_ef_trust_main/ef_trust_main_00001"},{"time":1.0666,"name":"EF/0h/s1_ef_trust_main/ef_trust_main_00002"},{"time":1.1,"name":"EF/0h/s1_ef_trust_main/ef_trust_main_00003"},{"time":1.1333,"name":"EF/0h/s1_ef_trust_main/ef_trust_main_00004"},{"time":1.1666,"name":"EF/0h/s1_ef_trust_main/ef_trust_main_00001"},{"time":1.2,"name":"EF/0h/s1_ef_trust_main/ef_trust_main_00002"},{"time":1.2333,"name":"EF/0h/s1_ef_trust_main/ef_trust_main_00003"},{"time":1.2666,"name":"EF/0h/s1_ef_trust_main/ef_trust_main_00004"},{"time":1.3,"name":null}]},"EF/0h/s1_ef_trust_main/ef_trust_main_2":{"attachment":[{"time":0.4,"name":"EF/0h/s1_ef_trust_main/ef_trust_main_00001"},{"time":0.4333,"name":"EF/0h/s1_ef_trust_main/ef_trust_main_00002"},{"time":0.4666,"name":"EF/0h/s1_ef_trust_main/ef_trust_main_00003"},{"time":0.5,"name":"EF/0h/s1_ef_trust_main/ef_trust_main_00004"},{"time":0.5333,"name":null},{"time":0.5666,"name":"EF/0h/s1_ef_trust_main/ef_trust_main_00001"},{"time":0.6,"name":"EF/0h/s1_ef_trust_main/ef_trust_main_00002"},{"time":0.6333,"name":"EF/0h/s1_ef_trust_main/ef_trust_main_00003"},{"time":0.6666,"name":"EF/0h/s1_ef_trust_main/ef_trust_main_00004"},{"time":0.7,"name":"EF/0h/s1_ef_trust_main/ef_trust_main_00001"},{"time":0.7333,"name":"EF/0h/s1_ef_trust_main/ef_trust_main_00002"},{"time":0.7666,"name":"EF/0h/s1_ef_trust_main/ef_trust_main_00003"},{"time":0.8,"name":"EF/0h/s1_ef_trust_main/ef_trust_main_00004"},{"time":0.8333,"name":null},{"time":0.8666,"name":"EF/0h/s1_ef_trust_main/ef_trust_main_00001"},{"time":0.9,"name":"EF/0h/s1_ef_trust_main/ef_trust_main_00002"},{"time":0.9333,"name":"EF/0h/s1_ef_trust_main/ef_trust_main_00003"},{"time":0.9666,"name":"EF/0h/s1_ef_trust_main/ef_trust_main_00004"},{"time":1,"name":"EF/0h/s1_ef_trust_main/ef_trust_main_00001"},{"time":1.0333,"name":"EF/0h/s1_ef_trust_main/ef_trust_main_00002"},{"time":1.0666,"name":"EF/0h/s1_ef_trust_main/ef_trust_main_00003"},{"time":1.1,"name":"EF/0h/s1_ef_trust_main/ef_trust_main_00004"},{"time":1.1333,"name":"EF/0h/s1_ef_trust_main/ef_trust_main_00001"},{"time":1.1666,"name":"EF/0h/s1_ef_trust_main/ef_trust_main_00002"},{"time":1.2,"name":"EF/0h/s1_ef_trust_main/ef_trust_main_00003"},{"time":1.2333,"name":"EF/0h/s1_ef_trust_main/ef_trust_main_00004"},{"time":1.2666,"name":null}]},"EF/0h/s1_ef_trust_main/ef_trust_main_3":{"attachment":[{"time":0.4333,"name":"EF/0h/s1_ef_trust_main/ef_trust_main_00001"},{"time":0.4666,"name":"EF/0h/s1_ef_trust_main/ef_trust_main_00002"},{"time":0.5,"name":"EF/0h/s1_ef_trust_main/ef_trust_main_00003"},{"time":0.5333,"name":"EF/0h/s1_ef_trust_main/ef_trust_main_00004"},{"time":0.5666,"name":null},{"time":0.6,"name":"EF/0h/s1_ef_trust_main/ef_trust_main_00001"},{"time":0.6333,"name":"EF/0h/s1_ef_trust_main/ef_trust_main_00002"},{"time":0.6666,"name":"EF/0h/s1_ef_trust_main/ef_trust_main_00003"},{"time":0.7,"name":"EF/0h/s1_ef_trust_main/ef_trust_main_00004"},{"time":0.7333,"name":null},{"time":0.7666,"name":"EF/0h/s1_ef_trust_main/ef_trust_main_00001"},{"time":0.8,"name":"EF/0h/s1_ef_trust_main/ef_trust_main_00002"},{"time":0.8333,"name":"EF/0h/s1_ef_trust_main/ef_trust_main_00003"},{"time":0.8666,"name":"EF/0h/s1_ef_trust_main/ef_trust_main_00004"},{"time":0.9,"name":null},{"time":0.9333,"name":"EF/0h/s1_ef_trust_main/ef_trust_main_00001"},{"time":0.9666,"name":"EF/0h/s1_ef_trust_main/ef_trust_main_00002"},{"time":1,"name":"EF/0h/s1_ef_trust_main/ef_trust_main_00003"},{"time":1.0333,"name":"EF/0h/s1_ef_trust_main/ef_trust_main_00004"},{"time":1.0666,"name":"EF/0h/s1_ef_trust_main/ef_trust_main_00001"},{"time":1.1,"name":"EF/0h/s1_ef_trust_main/ef_trust_main_00002"},{"time":1.1333,"name":"EF/0h/s1_ef_trust_main/ef_trust_main_00003"},{"time":1.1666,"name":"EF/0h/s1_ef_trust_main/ef_trust_main_00004"},{"time":1.2,"name":null}]},"EF/0h/s1_ef_trust_main/ef_trust_main_4":{"attachment":[{"time":0.4666,"name":"EF/0h/s1_ef_trust_main/ef_trust_main_00001"},{"time":0.5,"name":"EF/0h/s1_ef_trust_main/ef_trust_main_00002"},{"time":0.5333,"name":"EF/0h/s1_ef_trust_main/ef_trust_main_00003"},{"time":0.5666,"name":"EF/0h/s1_ef_trust_main/ef_trust_main_00004"},{"time":0.6,"name":null},{"time":0.6333,"name":"EF/0h/s1_ef_trust_main/ef_trust_main_00001"},{"time":0.6666,"name":"EF/0h/s1_ef_trust_main/ef_trust_main_00002"},{"time":0.7,"name":"EF/0h/s1_ef_trust_main/ef_trust_main_00003"},{"time":0.7333,"name":"EF/0h/s1_ef_trust_main/ef_trust_main_00004"},{"time":0.7666,"name":null},{"time":0.8,"name":"EF/0h/s1_ef_trust_main/ef_trust_main_00001"},{"time":0.8333,"name":"EF/0h/s1_ef_trust_main/ef_trust_main_00002"},{"time":0.8666,"name":"EF/0h/s1_ef_trust_main/ef_trust_main_00003"},{"time":0.9,"name":"EF/0h/s1_ef_trust_main/ef_trust_main_00004"},{"time":0.9333,"name":null},{"time":0.9666,"name":"EF/0h/s1_ef_trust_main/ef_trust_main_00001"},{"time":1,"name":"EF/0h/s1_ef_trust_main/ef_trust_main_00002"},{"time":1.0333,"name":"EF/0h/s1_ef_trust_main/ef_trust_main_00003"},{"time":1.0666,"name":"EF/0h/s1_ef_trust_main/ef_trust_main_00004"},{"time":1.1,"name":"EF/0h/s1_ef_trust_main/ef_trust_main_00001"},{"time":1.1333,"name":"EF/0h/s1_ef_trust_main/ef_trust_main_00002"},{"time":1.1666,"name":"EF/0h/s1_ef_trust_main/ef_trust_main_00003"},{"time":1.2,"name":"EF/0h/s1_ef_trust_main/ef_trust_main_00004"},{"time":1.2333,"name":null}]},"EF/0h/s3_ef_wave_main/ef_wave_main_00001":{"attachment":[{"time":1.5,"name":"EF/0h/s3_ef_wave_main/ef_wave_main_00001"},{"time":1.5333,"name":"EF/0h/s3_ef_wave_main/ef_wave_main_00002"},{"time":1.5666,"name":"EF/0h/s3_ef_wave_main/ef_wave_main_00003"},{"time":1.6,"name":"EF/0h/s3_ef_wave_main/ef_wave_main_00004"},{"time":1.6666,"name":null}],"color":[{"time":1.5666,"color":"ffffffff"},{"time":1.6666,"color":"ffffff00"}]},"MAIN":{"attachment":[{"time":0,"name":"skill1_00"},{"time":0.1,"name":"skill1_01"},{"time":0.2,"name":"skill1_02"},{"time":0.3666,"name":"skill1_03"},{"time":0.4,"name":"skill1_04"},{"time":0.5,"name":"skill1_05"},{"time":0.5666,"name":"skill1_06"},{"time":0.6333,"name":"skill1_07"},{"time":0.7,"name":"skill1_05"},{"time":0.7666,"name":"skill1_06"},{"time":0.8333,"name":"skill1_07"},{"time":0.9,"name":"skill1_05"},{"time":0.9666,"name":"skill1_06"},{"time":1.0333,"name":"skill1_07"},{"time":1.1,"name":"skill1_08"},{"time":1.1666,"name":"skill1_09"},{"time":1.2333,"name":"skill1_10"},{"time":1.3,"name":"skill1_11"},{"time":1.4666,"name":"skill1_12"},{"time":1.5333,"name":"skill1_13"},{"time":1.6,"name":"skill1_14"},{"time":1.6666,"name":"skill1_15"},{"time":1.7333,"name":"skill1_16"},{"time":2.1666,"name":"idle_00"}]}},"bones":{"MAIN":{"translate":[{"time":0,"x":0,"y":0,"curve":"stepped"},{"time":0.3666,"x":-67.52,"y":0,"curve":[0.291,0.33,0.625,0.66]},{"time":0.5,"x":-69.31,"y":0,"curve":[0.316,0.33,0.649,0.66]},{"time":0.5666,"x":-68.49,"y":0,"curve":[0.318,0.33,0.651,0.66]},{"time":0.6333,"x":-70.73,"y":0,"curve":[0.319,0.33,0.653,0.66]},{"time":0.7,"x":-70.29,"y":0,"curve":[0.32,0.33,0.654,0.66]},{"time":0.7666,"x":-71.89,"y":0,"curve":[0.321,0.33,0.655,0.66]},{"time":0.8333,"x":-71.35,"y":0,"curve":[0.322,0.33,0.656,0.66]},{"time":0.9,"x":-72.87,"y":0,"curve":[0.323,0.33,0.657,0.66]},{"time":0.9666,"x":-72.26,"y":0,"curve":[0.324,0.33,0.657,0.66]},{"time":1.0333,"x":-73.71,"y":0,"curve":[0.325,0.33,0.658,0.66]},{"time":1.1,"x":-72.53,"y":0,"curve":[0.325,0.33,0.658,0.66]},{"time":1.2333,"x":-74.8,"y":0,"curve":"stepped"},{"time":1.4666,"x":-92.67,"y":0,"curve":[0.1,0.39,0.75,1]},{"time":1.6,"x":-102.68,"y":0}]},"DOTEF":{"translate":[{"time":0.3666,"x":-271.11,"y":59.11,"curve":"stepped"},{"time":1.4666,"x":-251.75,"y":59.11}]},"ef_trust_main":{"rotate":[{"time":0.3666,"angle":90,"curve":"stepped"},{"time":0.5,"angle":90,"curve":"stepped"},{"time":0.6666,"angle":90,"curve":"stepped"},{"time":0.8333,"angle":90,"curve":"stepped"},{"time":0.9666,"angle":90,"curve":"stepped"},{"time":1.1,"angle":90}],"translate":[{"time":0.3666,"x":-210.26,"y":61.77},{"time":0.4666,"x":-330.01,"y":61.77,"curve":"stepped"},{"time":0.5,"x":-96.58,"y":41.47},{"time":0.6,"x":-261.85,"y":41.47,"curve":"stepped"},{"time":0.6666,"x":-76.61,"y":105.75},{"time":0.7666,"x":-286.5,"y":105.75,"curve":"stepped"},{"time":0.8333,"x":-210.26,"y":51.68},{"time":0.9333,"x":-330.01,"y":51.69,"curve":"stepped"},{"time":0.9666,"x":-96.58,"y":41.47},{"time":1.0666,"x":-261.85,"y":41.47,"curve":"stepped"},{"time":1.1,"x":-76.61,"y":105.75},{"time":1.2,"x":-286.5,"y":105.75}],"scale":[{"time":0.3666,"x":-3,"y":3,"curve":"stepped"},{"time":0.5,"x":-1.5,"y":3,"curve":"stepped"},{"time":0.6666,"x":1.5,"y":3,"curve":"stepped"},{"time":0.8333,"x":-3,"y":3,"curve":"stepped"},{"time":0.9666,"x":-1.5,"y":3,"curve":"stepped"},{"time":1.1,"x":1.5,"y":3}]},"ef_trust_main2":{"rotate":[{"time":0.3666,"angle":90,"curve":"stepped"},{"time":0.5333,"angle":90,"curve":"stepped"},{"time":0.7,"angle":90,"curve":"stepped"},{"time":0.8666,"angle":90,"curve":"stepped"},{"time":1.0333,"angle":90,"curve":"stepped"},{"time":1.1666,"angle":90}],"translate":[{"time":0.3666,"x":-60.51,"y":102.39},{"time":0.4666,"x":-181.5,"y":102.4,"curve":"stepped"},{"time":0.5333,"x":-104.36,"y":119.48},{"time":0.6333,"x":-196.92,"y":119.5,"curve":"stepped"},{"time":0.7,"x":-132.44,"y":59.94},{"time":0.8,"x":-320.81,"y":59.95,"curve":"stepped"},{"time":0.8666,"x":-60.51,"y":102.39},{"time":0.9666,"x":-181.5,"y":102.4,"curve":"stepped"},{"time":1.0333,"x":-104.36,"y":119.48},{"time":1.1333,"x":-196.92,"y":119.5,"curve":"stepped"},{"time":1.1666,"x":-132.44,"y":59.94},{"time":1.2666,"x":-320.81,"y":59.95}],"scale":[{"time":0.3666,"x":2.5,"y":2.5,"curve":"stepped"},{"time":0.5333,"x":-2,"y":2.5,"curve":"stepped"},{"time":0.7,"x":-3,"y":2.5,"curve":"stepped"},{"time":0.8666,"x":2.5,"y":2.5,"curve":"stepped"},{"time":1.0333,"x":-2,"y":2.5,"curve":"stepped"},{"time":1.1666,"x":-3,"y":2.5}]},"ef_trust_main3":{"rotate":[{"time":0.4,"angle":90,"curve":"stepped"},{"time":0.5666,"angle":90,"curve":"stepped"},{"time":0.7,"angle":90,"curve":"stepped"},{"time":0.8666,"angle":90,"curve":"stepped"},{"time":1,"angle":90,"curve":"stepped"},{"time":1.1333,"angle":90}],"translate":[{"time":0.4,"x":-116.54,"y":26.27},{"time":0.5,"x":-271.92,"y":26.27,"curve":"stepped"},{"time":0.5666,"x":-75.94,"y":12},{"time":0.6666,"x":-230.46,"y":12,"curve":"stepped"},{"time":0.7,"x":-84.17,"y":27.44},{"time":0.8,"x":-208.72,"y":21.95,"curve":"stepped"},{"time":0.8666,"x":-116.54,"y":26.27},{"time":0.9666,"x":-271.92,"y":26.27,"curve":"stepped"},{"time":1,"x":-75.94,"y":12},{"time":1.1,"x":-230.46,"y":12,"curve":"stepped"},{"time":1.1333,"x":-84.17,"y":27.44},{"time":1.2333,"x":-208.72,"y":21.95}],"scale":[{"time":0.4,"x":-2,"y":3,"curve":"stepped"},{"time":0.5666,"x":-3,"y":3,"curve":"stepped"},{"time":0.7,"x":-1.5,"y":3,"curve":"stepped"},{"time":0.8666,"x":-2,"y":3,"curve":"stepped"},{"time":1,"x":-3,"y":3,"curve":"stepped"},{"time":1.1333,"x":-1.5,"y":3}]},"ef_trust_main4":{"rotate":[{"time":0.4333,"angle":90,"curve":"stepped"},{"time":0.6,"angle":90,"curve":"stepped"},{"time":0.7666,"angle":90,"curve":"stepped"},{"time":0.9333,"angle":90,"curve":"stepped"},{"time":1.0666,"angle":90}],"translate":[{"time":0.4333,"x":-22.67,"y":9.29},{"time":0.5333,"x":-156.48,"y":9.29,"curve":"stepped"},{"time":0.6,"x":-159.08,"y":73.15},{"time":0.7,"x":-255.75,"y":73.15,"curve":"stepped"},{"time":0.7666,"x":-22.67,"y":9.29},{"time":0.8666,"x":-156.48,"y":9.29,"curve":"stepped"},{"time":0.9333,"x":-159.08,"y":73.15},{"time":1.0333,"x":-255.75,"y":73.15,"curve":"stepped"},{"time":1.0666,"x":-22.67,"y":9.29},{"time":1.1666,"x":-156.48,"y":9.29}],"scale":[{"time":0.4333,"x":1.5,"y":3,"curve":"stepped"},{"time":0.6,"x":1.5,"y":3,"curve":"stepped"},{"time":0.7666,"x":1.5,"y":3,"curve":"stepped"},{"time":0.9333,"x":1.5,"y":3,"curve":"stepped"},{"time":1.0666,"x":1.5,"y":3}]},"ef_trust_main5":{"rotate":[{"time":0.4666,"angle":90,"curve":"stepped"},{"time":0.6333,"angle":90,"curve":"stepped"},{"time":0.8,"angle":90,"curve":"stepped"},{"time":0.9666,"angle":90,"curve":"stepped"},{"time":1.1,"angle":90}],"translate":[{"time":0.4666,"x":-86.17,"y":88.42},{"time":0.5666,"x":-300.3,"y":88.43,"curve":"stepped"},{"time":0.6333,"x":-65.06,"y":39.94},{"time":0.7333,"x":-256.27,"y":39.95,"curve":"stepped"},{"time":0.8,"x":-86.17,"y":88.42},{"time":0.9,"x":-300.3,"y":88.43,"curve":"stepped"},{"time":0.9666,"x":-65.06,"y":39.94},{"time":1.0666,"x":-256.27,"y":39.95,"curve":"stepped"},{"time":1.1,"x":-86.17,"y":88.42},{"time":1.2,"x":-300.3,"y":88.43}],"scale":[{"time":0.4666,"x":1.5,"y":3,"curve":"stepped"},{"time":0.6333,"x":-2,"y":3,"curve":"stepped"},{"time":0.8,"x":1.5,"y":3,"curve":"stepped"},{"time":0.9666,"x":-2,"y":3,"curve":"stepped"},{"time":1.1,"x":1.5,"y":3}]},"ef_slash_B":{"rotate":[{"time":1.4666,"angle":-7.63,"curve":"stepped"},{"time":1.5,"angle":0,"curve":"stepped"},{"time":1.5666,"angle":5.32}],"translate":[{"time":1.4666,"x":83.51,"y":18.33,"curve":"stepped"},{"time":1.5,"x":21.02,"y":18.33,"curve":"stepped"},{"time":1.5333,"x":21.02,"y":46.1,"curve":"stepped"},{"time":1.5666,"x":22.98,"y":50.99}],"scale":[{"time":1.4666,"x":3,"y":3}]},"ef_graund_wave_blue":{"translate":[{"time":0.3666,"x":-19.96,"y":0,"curve":"stepped"},{"time":1.4666,"x":-49.93,"y":-3.22}],"scale":[{"time":0.3666,"x":2,"y":2},{"time":0.6,"x":2.5,"y":2.5}]},"ef_tuti_blue":{"translate":[{"time":1.4666,"x":0,"y":-7.98}],"scale":[{"time":1.4666,"x":2,"y":2},{"time":1.6,"x":3,"y":3}]},"ef_wave":{"translate":[{"time":1.5,"x":386.87,"y":52.41}],"scale":[{"time":1.5,"x":1.196,"y":1.196},{"time":1.6333,"x":1.864,"y":2.216}]},"DAMAGEAREA":{"translate":[{"time":0.4,"x":-196.97,"y":56.49,"curve":"stepped"},{"time":1.5333,"x":-166.43,"y":56.49}],"scale":[{"time":0.4,"x":4.878,"y":0.832,"curve":"stepped"},{"time":1.5333,"x":4.984,"y":0.832}]}},"events":[{"time":0,"name":"Event","float":0.15,"string":"kHitStopType_normal"},{"time":0.3,"name":"Sound2","string":"setHitSound(se_battle_019_sword_hit_03)"},{"time":0.3333,"name":"Sound1","string":"cri_se_battle_swordswish_light"},{"time":0.4,"name":"Event2","string":"shakeGround"},{"time":0.4333,"name":"Event","float":0.1,"string":"kHitStopType_enemyonly"},{"time":0.4666,"name":"Hit","string":"resetHitList"},{"time":0.4666,"name":"Sound1","string":"cri_se_battle_swordswish_light"},{"time":0.4666,"name":"Voice","string":"cri_221_voice_skill_all"},{"time":0.5333,"name":"Hit","string":"resetHitList"},{"time":0.6,"name":"Hit","string":"resetHitList"},{"time":0.6,"name":"Sound1","string":"cri_se_battle_swordswish_light"},{"time":0.6666,"name":"Hit","string":"resetHitList"},{"time":0.7333,"name":"Hit","string":"resetHitList"},{"time":0.7333,"name":"Sound1","string":"cri_se_battle_swordswish_light"},{"time":0.8,"name":"Hit","string":"resetHitList"},{"time":0.8666,"name":"Hit","string":"resetHitList"},{"time":0.8666,"name":"Sound1","string":"cri_se_battle_swordswish_light"},{"time":0.9333,"name":"Hit","string":"resetHitList"},{"time":1,"name":"Hit","string":"resetHitList"},{"time":1,"name":"Sound1","string":"cri_se_battle_swordswish_light"},{"time":1.0666,"name":"Hit","string":"resetHitList"},{"time":1.1333,"name":"Hit","string":"resetHitList"},{"time":1.1333,"name":"Sound1","string":"cri_se_battle_swordswish_light"},{"time":1.2,"name":"Hit","string":"resetHitList"},{"time":1.4333,"name":"Sound1","string":"cri_se_battle_darkness_explosion"},{"time":1.4333,"name":"Sound2","string":"cri_se_battle_monster_hit"},{"time":1.4666,"name":"Event","string":"kImpactType_knock"},{"time":1.5,"name":"Event","float":0.3,"string":"kHitStopType_normal"},{"time":1.5333,"name":"Event2","float":2,"string":"shakeGround"},{"time":1.5333,"name":"Hit","float":30,"string":"resetHitList"}]},"skill2":{"slots":{"DAMAGEAREA":{"attachment":[{"time":1.1333,"name":"DAMAGEAREA"},{"time":1.2666,"name":null},{"time":2.2,"name":"DAMAGEAREA"},{"time":3.2666,"name":null}]},"DOT/skill2EF_00":{"attachment":[{"time":1.0333,"name":"DOT/skill2EF_00"},{"time":1.1,"name":"DOT/skill2EF_01"},{"time":1.1666,"name":"DOT/skill2EF_02"},{"time":1.2333,"name":null}]},"EF/0h/s123_ef_graund_wave_blue/ef_graund_wave_blue_00001":{"attachment":[{"time":1.0333,"name":"EF/0h/s123_ef_graund_wave_blue/ef_graund_wave_blue_00001"},{"time":1.0666,"name":"EF/0h/s123_ef_graund_wave_blue/ef_graund_wave_blue_00002"},{"time":1.1,"name":"EF/0h/s123_ef_graund_wave_blue/ef_graund_wave_blue_00003"},{"time":1.1333,"name":"EF/0h/s123_ef_graund_wave_blue/ef_graund_wave_blue_00004"},{"time":1.1666,"name":"EF/0h/s123_ef_graund_wave_blue/ef_graund_wave_blue_00005"},{"time":1.2,"name":"EF/0h/s123_ef_graund_wave_blue/ef_graund_wave_blue_00006"},{"time":1.2333,"name":"EF/0h/s123_ef_graund_wave_blue/ef_graund_wave_blue_00007"},{"time":1.2666,"name":"EF/0h/s123_ef_graund_wave_blue/ef_graund_wave_blue_00008"},{"time":1.3,"name":"EF/0h/s123_ef_graund_wave_blue/ef_graund_wave_blue_00009"},{"time":1.3333,"name":"EF/0h/s123_ef_graund_wave_blue/ef_graund_wave_blue_00010"},{"time":1.3666,"name":"EF/0h/s123_ef_graund_wave_blue/ef_graund_wave_blue_00011"},{"time":1.4,"name":"EF/0h/s123_ef_graund_wave_blue/ef_graund_wave_blue_00012"},{"time":1.4333,"name":"EF/0h/s123_ef_graund_wave_blue/ef_graund_wave_blue_00013"},{"time":1.4666,"name":"EF/0h/s123_ef_graund_wave_blue/ef_graund_wave_blue_00014"},{"time":1.5,"name":null}]},"EF/0h/s12_ef_tuti_blue/ef_tuti_blue_00001":{"attachment":[{"time":1.1,"name":"EF/0h/s12_ef_tuti_blue/ef_tuti_blue_00001"},{"time":1.1333,"name":"EF/0h/s12_ef_tuti_blue/ef_tuti_blue_00002"},{"time":1.1666,"name":"EF/0h/s12_ef_tuti_blue/ef_tuti_blue_00003"},{"time":1.2,"name":"EF/0h/s12_ef_tuti_blue/ef_tuti_blue_00004"},{"time":1.2333,"name":"EF/0h/s12_ef_tuti_blue/ef_tuti_blue_00005"},{"time":1.2666,"name":"EF/0h/s12_ef_tuti_blue/ef_tuti_blue_00006"},{"time":1.3,"name":"EF/0h/s12_ef_tuti_blue/ef_tuti_blue_00007"},{"time":1.3333,"name":"EF/0h/s12_ef_tuti_blue/ef_tuti_blue_00008"},{"time":1.3666,"name":"EF/0h/s12_ef_tuti_blue/ef_tuti_blue_00009"},{"time":1.4,"name":"EF/0h/s12_ef_tuti_blue/ef_tuti_blue_00010"},{"time":1.4333,"name":"EF/0h/s12_ef_tuti_blue/ef_tuti_blue_00011"},{"time":1.4666,"name":"EF/0h/s12_ef_tuti_blue/ef_tuti_blue_00012"},{"time":1.5,"name":"EF/0h/s12_ef_tuti_blue/ef_tuti_blue_00013"},{"time":1.5333,"name":"EF/0h/s12_ef_tuti_blue/ef_tuti_blue_00014"},{"time":1.5666,"name":"EF/0h/s12_ef_tuti_blue/ef_tuti_blue_00015"},{"time":1.6,"name":"EF/0h/s12_ef_tuti_blue/ef_tuti_blue_00016"},{"time":1.6333,"name":"EF/0h/s12_ef_tuti_blue/ef_tuti_blue_00017"},{"time":1.6666,"name":null}],"color":[{"time":1.4666,"color":"ffffffff"},{"time":1.6666,"color":"ffffff00"}]},"EF/0h/s23_ef_slash_C_main/ef_slash_C_main_00001":{"attachment":[{"time":1.1,"name":"EF/0h/s23_ef_slash_C_main/ef_slash_C_main_00001"},{"time":1.1333,"name":"EF/0h/s23_ef_slash_C_main/ef_slash_C_main_00002"},{"time":1.1666,"name":"EF/0h/s23_ef_slash_C_main/ef_slash_C_main_00003"},{"time":1.2,"name":"EF/0h/s23_ef_slash_C_main/ef_slash_C_main_00004"},{"time":1.2333,"name":"EF/0h/s23_ef_slash_C_main/ef_slash_C_main_00005"},{"time":1.2666,"name":null}]},"EF/0h/s23_ef_slash_C_main/ef_slash_C_main_1":{"attachment":[{"time":1.1333,"name":"EF/0h/s23_ef_slash_C_main/ef_slash_C_main_00001"},{"time":1.1666,"name":"EF/0h/s23_ef_slash_C_main/ef_slash_C_main_00002"},{"time":1.2,"name":"EF/0h/s23_ef_slash_C_main/ef_slash_C_main_00003"},{"time":1.2333,"name":"EF/0h/s23_ef_slash_C_main/ef_slash_C_main_00004"},{"time":1.2666,"name":"EF/0h/s23_ef_slash_C_main/ef_slash_C_main_00005"},{"time":1.3,"name":null}]},"EF/0h/s2_ef_slash_F_main/ef_slash_F_main_00001":{"attachment":[{"time":1.0666,"name":"EF/0h/s2_ef_slash_F_main/ef_slash_F_main_00001"},{"time":1.1,"name":"EF/0h/s2_ef_slash_F_main/ef_slash_F_main_00002"},{"time":1.1333,"name":"EF/0h/s2_ef_slash_F_main/ef_slash_F_main_00003"},{"time":1.1666,"name":"EF/0h/s2_ef_slash_F_main/ef_slash_F_main_00004"},{"time":1.2,"name":"EF/0h/s2_ef_slash_F_main/ef_slash_F_main_00005"},{"time":1.2333,"name":"EF/0h/s2_ef_slash_F_main/ef_slash_F_main_00006"},{"time":1.2666,"name":null}]},"MAIN":{"attachment":[{"time":0,"name":"skill2_00"},{"time":0.1,"name":"skill2_01"},{"time":0.2,"name":"skill2_02"},{"time":0.3333,"name":"skill2_03"},{"time":0.4333,"name":"skill2_04"},{"time":1.0333,"name":"skill2_05"},{"time":1.1,"name":"skill2_06"},{"time":1.2,"name":"skill2_07"},{"time":1.3,"name":"skill2_08"},{"time":1.4,"name":"skill2_09"},{"time":2.0666,"name":"skill2_10"},{"time":2.1333,"name":"skill2_11"},{"time":2.2,"name":"skill2_12"},{"time":2.2666,"name":"skill2_13"},{"time":2.3333,"name":"skill2_10"},{"time":2.4,"name":"skill2_11"},{"time":2.4666,"name":"skill2_12"},{"time":2.5333,"name":"skill2_13"},{"time":2.6,"name":"skill2_10"},{"time":2.6666,"name":"skill2_11"},{"time":2.7333,"name":"skill2_12"},{"time":2.8,"name":"skill2_13"},{"time":2.8666,"name":"skill2_10"},{"time":2.9333,"name":"skill2_11"},{"time":3,"name":"skill2_12"},{"time":3.0666,"name":"skill2_13"},{"time":3.1333,"name":"skill2_12"},{"time":3.2,"name":"skill2_13"},{"time":3.2666,"name":"skill2_14"},{"time":3.3,"name":"skill2_15"},{"time":3.3333,"name":"skill2_16"},{"time":3.4,"name":"skill2_17"},{"time":3.8,"name":"skill2_18"},{"time":3.8666,"name":"skill2_19"},{"time":4.1666,"name":"idle_00"}]}},"bones":{"MAIN":{"translate":[{"time":0,"x":0,"y":0,"curve":"stepped"},{"time":0.2,"x":1.99,"y":0,"curve":"stepped"},{"time":0.3333,"x":4.27,"y":0,"curve":"stepped"},{"time":1,"x":10.86,"y":-1.8,"curve":"stepped"},{"time":1.0333,"x":-100.25,"y":0,"curve":[0.062,0.4,0.599,1]},{"time":1.5333,"x":-106.67,"y":0}],"scale":[{"time":1,"x":1,"y":0.983},{"time":1.0333,"x":1,"y":1}]},"DOTEF":{"rotate":[{"time":1.1,"angle":-2.98}],"translate":[{"time":1.0333,"x":-268.56,"y":92.01},{"time":1.1,"x":-320.55,"y":128.19}],"scale":[{"time":1.1,"x":1.281,"y":1.383}]},"ef_graund_wave_blue":{"translate":[{"time":1.0333,"x":-49.3,"y":0}],"scale":[{"time":1.0333,"x":2.5,"y":2.5},{"time":1.5,"x":3,"y":3}]},"ef_slash_F":{"rotate":[{"time":1.0666,"angle":93.79,"curve":"stepped"},{"time":1.1,"angle":0},{"time":1.2,"angle":27.79}],"translate":[{"time":1.0666,"x":342.98,"y":245.23,"curve":"stepped"},{"time":1.1,"x":160.34,"y":-3.37,"curve":[0.077,0.77,0.75,1]},{"time":1.2,"x":89.29,"y":98.83}],"scale":[{"time":1.0666,"x":4,"y":4,"curve":"stepped"},{"time":1.1,"x":4.48,"y":4.986,"curve":[0.065,0.45,0.75,1]},{"time":1.2,"x":4.224,"y":4.224}]},"ef_slash_C":{"rotate":[{"time":1.1,"angle":-28.36},{"time":1.1333,"angle":-10.66}],"translate":[{"time":1.1,"x":-11.9,"y":88.65},{"time":1.1333,"x":-6.36,"y":78.5}],"scale":[{"time":1.1,"x":-1.8,"y":1.8}]},"ef_tuti_blue":{"translate":[{"time":1.1,"x":-92.36,"y":-6.27}],"scale":[{"time":1.1,"x":3,"y":3},{"time":1.4666,"x":3.631,"y":3.306}]},"ef_slash_C2":{"rotate":[{"time":1.1333,"angle":178.45},{"time":1.2333,"angle":170.89},{"time":1.3,"angle":162.43}],"translate":[{"time":1.1333,"x":-358.9,"y":213.57},{"time":1.2333,"x":-304.6,"y":214},{"time":1.3,"x":-291.41,"y":206.46}],"scale":[{"time":1.1333,"x":-1.5,"y":1.5},{"time":1.2333,"x":-2.05,"y":1.5}]},"DAMAGEAREA":{"translate":[{"time":1.1333,"x":-254.95,"y":115.65,"curve":"stepped"},{"time":2.2,"x":-485.7,"y":323.29}],"scale":[{"time":1.1333,"x":6.859,"y":2.077,"curve":"stepped"},{"time":2.2,"x":9.924,"y":5.354}]}},"events":[{"time":0,"name":"Event","float":0.2,"string":"kHitStopType_normal"},{"time":0.0333,"name":"Event","string":"kImpactType_up"},{"time":0.0666,"name":"Event","string":"setHitBackEnemy(50,50)"},{"time":0.8666,"name":"Sound2","string":"setHitSound(se_battle_swordslash_heavy)"},{"time":0.9666,"name":"Sound1","string":"cri_se_battle_sword_srash_02"},{"time":1.0333,"name":"Sound2","string":"cri_se_battle_monster_hit"},{"time":1.0333,"name":"Voice","string":"cri_221_voice_fullarts_rank5"},{"time":1.0666,"name":"Event2","string":"shakeGround"},{"time":1.1333,"name":"Event2","float":3,"string":"shakeGround"},{"time":1.1666,"name":"Event","float":1.5,"string":"kHitStopType_enemyonly"},{"time":1.2,"name":"Hit","string":"resetHitList"},{"time":2.1,"name":"Sound1","string":"cri_se_battle_skill_reaper"},{"time":2.1,"name":"Sound2","string":"setHitSound(se_battle_007_attack_hit_01)"},{"time":2.1333,"name":"Event","string":"setHitBackEnemy(0,15)"},{"time":2.1666,"name":"Event","float":0.2,"string":"kHitStopType_normal"},{"time":2.2,"name":"Event2","float":3,"string":"shakeGround"},{"time":2.2,"name":"Hit","string":"resetHitList"},{"time":2.2333,"name":"Event","float":0.1,"string":"kHitStopType_enemyonly"},{"time":2.2666,"name":"Event2","string":"shakeGround"},{"time":2.2666,"name":"Hit","string":"resetHitList"},{"time":2.3333,"name":"Hit","string":"resetHitList"},{"time":2.4,"name":"Event2","string":"shakeGround"},{"time":2.4,"name":"Hit","string":"resetHitList"},{"time":2.4666,"name":"Hit","string":"resetHitList"},{"time":2.5,"name":"Event2","string":"shakeGround"},{"time":2.5333,"name":"Hit","string":"resetHitList"},{"time":2.5666,"name":"Event2","string":"shakeGround"},{"time":2.6,"name":"Hit","string":"resetHitList"},{"time":2.6666,"name":"Hit","string":"resetHitList"},{"time":2.7,"name":"Event2","string":"shakeGround"},{"time":2.7333,"name":"Hit","string":"resetHitList"},{"time":2.8,"name":"Hit","string":"resetHitList"},{"time":2.8333,"name":"Event2","string":"shakeGround"},{"time":2.8666,"name":"Hit","string":"resetHitList"},{"time":2.9333,"name":"Event2","string":"shakeGround"},{"time":2.9333,"name":"Hit","string":"resetHitList"},{"time":3,"name":"Hit","string":"resetHitList"},{"time":3.0666,"name":"Event2","string":"shakeGround"},{"time":3.0666,"name":"Hit","string":"resetHitList"},{"time":3.1333,"name":"Hit","string":"resetHitList"},{"time":3.1666,"name":"Event2","string":"shakeGround"},{"time":3.2,"name":"Hit","string":"resetHitList"}]}}}