{"skeleton":{"hash":"9ZQnIWRKMq+ZpT7ckgfrSstw2Tg","spine":"3.0.12","width":0,"height":0},"bones":[{"name":"root"},{"name":"MAIN","parent":"root"},{"name":"EF_wing1_4","parent":"MAIN","x":250,"y":50},{"name":"EF_wing1_3","parent":"MAIN","x":250,"y":50},{"name":"EF_wing1_2","parent":"MAIN","x":250,"y":50},{"name":"EF_wing1_1","parent":"MAIN","x":250,"y":50},{"name":"EF_wind1_1","parent":"MAIN","x":400},{"name":"EF_waveslash1_1","parent":"MAIN","x":450},{"name":"EF_wave2_1","parent":"MAIN","x":350,"y":151.63},{"name":"EF_wave1_1","parent":"MAIN","x":200,"y":150},{"name":"EF_waterdash1_7","parent":"MAIN","x":300},{"name":"EF_waterdash1_6","parent":"MAIN","x":300},{"name":"EF_waterdash1_5","parent":"MAIN","x":300},{"name":"EF_waterdash1_4","parent":"MAIN","x":300},{"name":"EF_waterdash1_3","parent":"MAIN","x":300},{"name":"EF_waterdash1_2","parent":"MAIN","x":300},{"name":"EF_waterdash1_1","parent":"MAIN","x":300},{"name":"EF_water1_1","parent":"MAIN"},{"name":"EF_trust1_1","parent":"MAIN","x":300,"y":100},{"name":"EF_sword1_1","parent":"MAIN","x":350,"y":50},{"name":"EF_slashwave1_1","parent":"MAIN","x":350},{"name":"EF_slash1_5","parent":"MAIN","x":200,"y":50},{"name":"EF_slash1_4","parent":"MAIN","x":200,"y":50},{"name":"EF_slash1_3","parent":"MAIN","x":200,"y":50},{"name":"EF_slash1_2","parent":"MAIN","x":200,"y":50},{"name":"EF_slash1_1","parent":"MAIN","x":200,"y":50},{"name":"EF_lightning1_1","parent":"MAIN","x":250,"y":150},{"name":"EF_flashring1_1","parent":"MAIN","x":350,"y":100},{"name":"EF_circlecrash1_2","parent":"MAIN","x":300,"y":150},{"name":"EF_circlecrash1_1","parent":"MAIN","x":300,"y":150},{"name":"EF_aura1_2","parent":"MAIN","x":250,"y":100},{"name":"EF_aura1_1","parent":"MAIN","x":250,"y":100},{"name":"BG_white1_1","parent":"MAIN","x":300,"y":50}],"slots":[{"name":"BG_white1_1","bone":"BG_white1_1","color":"000000ff"},{"name":"EF_wave1_1","bone":"EF_wave1_1","blend":"additive"},{"name":"EF_lightning1_1","bone":"EF_lightning1_1","blend":"additive"},{"name":"EF_circlecrash1_1","bone":"EF_circlecrash1_1","blend":"additive"},{"name":"EF_circlecrash1_2","bone":"EF_circlecrash1_2","blend":"additive"},{"name":"EF_wave2_1","bone":"EF_wave2_1","blend":"additive"},{"name":"EF_aura1_1","bone":"EF_aura1_1","blend":"additive"},{"name":"EF_aura1_2","bone":"EF_aura1_2","blend":"additive"},{"name":"EF_trust1_1","bone":"EF_trust1_1","blend":"additive"},{"name":"EF_flashring1_1","bone":"EF_flashring1_1","blend":"additive"},{"name":"EF_slash1_1","bone":"EF_slash1_1","blend":"additive"},{"name":"EF_slash1_2","bone":"EF_slash1_2","blend":"additive"},{"name":"EF_slash1_3","bone":"EF_slash1_3","blend":"additive"},{"name":"EF_slash1_4","bone":"EF_slash1_4","blend":"additive"},{"name":"EF_slash1_5","bone":"EF_slash1_5","blend":"additive"},{"name":"EF_wing1_1","bone":"EF_wing1_1","blend":"additive"},{"name":"EF_wing1_2","bone":"EF_wing1_2","blend":"additive"},{"name":"EF_wing1_3","bone":"EF_wing1_3","blend":"additive"},{"name":"EF_wing1_4","bone":"EF_wing1_4","blend":"additive"},{"name":"EF_sword1_1","bone":"EF_sword1_1","blend":"additive"},{"name":"EF_sword1_2","bone":"EF_sword1_1","blend":"additive"},{"name":"EF_slashwave1_1","bone":"EF_slashwave1_1","blend":"additive"},{"name":"EF_water1_1","bone":"EF_water1_1","blend":"additive"},{"name":"EF_waterdash1_1","bone":"EF_waterdash1_1","blend":"additive"},{"name":"EF_waterdash1_7","bone":"EF_waterdash1_7","blend":"additive"},{"name":"EF_waterdash1_2","bone":"EF_waterdash1_2","blend":"additive"},{"name":"EF_waterdash1_3","bone":"EF_waterdash1_3","blend":"additive"},{"name":"EF_waterdash1_4","bone":"EF_waterdash1_4","blend":"additive"},{"name":"EF_waterdash1_5","bone":"EF_waterdash1_5","blend":"additive"},{"name":"EF_waterdash1_6","bone":"EF_waterdash1_6","blend":"additive"},{"name":"EF_wind1_1","bone":"EF_wind1_1","blend":"additive"},{"name":"EF_waveslash1_1","bone":"EF_waveslash1_1","blend":"additive"}],"skins":{"default":{"BG_white1_1":{"EF/white":{"width":64,"height":64}},"EF_aura1_1":{"EF/ef_sword_aura_main/ef_sword_aura_main_00002":{"width":150,"height":240},"EF/ef_sword_aura_main/ef_sword_aura_main_00004":{"width":150,"height":240},"EF/ef_sword_aura_main/ef_sword_aura_main_00006":{"width":150,"height":240},"EF/ef_sword_aura_main/ef_sword_aura_main_00008":{"width":150,"height":240},"EF/ef_sword_aura_main/ef_sword_aura_main_00010":{"width":150,"height":240},"EF/ef_sword_aura_main/ef_sword_aura_main_00012":{"width":150,"height":240},"EF/ef_sword_aura_main/ef_sword_aura_main_00014":{"width":150,"height":240},"EF/ef_sword_aura_main/ef_sword_aura_main_00016":{"width":150,"height":240},"EF/ef_sword_aura_main/ef_sword_aura_main_00017":{"width":150,"height":240},"EF/ef_sword_aura_main/ef_sword_aura_main_00018":{"width":150,"height":240}},"EF_aura1_2":{"EF/ef_sword_aura_main/ef_sword_aura_main_00002":{"width":150,"height":240},"EF/ef_sword_aura_main/ef_sword_aura_main_00004":{"width":150,"height":240},"EF/ef_sword_aura_main/ef_sword_aura_main_00006":{"width":150,"height":240},"EF/ef_sword_aura_main/ef_sword_aura_main_00008":{"width":150,"height":240},"EF/ef_sword_aura_main/ef_sword_aura_main_00010":{"width":150,"height":240},"EF/ef_sword_aura_main/ef_sword_aura_main_00012":{"width":150,"height":240},"EF/ef_sword_aura_main/ef_sword_aura_main_00014":{"width":150,"height":240},"EF/ef_sword_aura_main/ef_sword_aura_main_00016":{"width":150,"height":240},"EF/ef_sword_aura_main/ef_sword_aura_main_00017":{"width":150,"height":240},"EF/ef_sword_aura_main/ef_sword_aura_main_00018":{"width":150,"height":240}},"EF_circlecrash1_1":{"EF/ef_magic_circle_crash_main/ef_magic_circle_crash_main_00002":{"width":300,"height":300},"EF/ef_magic_circle_crash_main/ef_magic_circle_crash_main_00004":{"width":300,"height":300},"EF/ef_magic_circle_crash_main/ef_magic_circle_crash_main_00006":{"width":300,"height":300},"EF/ef_magic_circle_crash_main/ef_magic_circle_crash_main_00008":{"width":300,"height":300},"EF/ef_magic_circle_crash_main/ef_magic_circle_crash_main_00009":{"width":300,"height":300},"EF/ef_magic_circle_crash_main/ef_magic_circle_crash_main_00010":{"width":300,"height":300},"EF/ef_magic_circle_crash_main/ef_magic_circle_crash_main_00012":{"width":300,"height":300},"EF/ef_magic_circle_crash_main/ef_magic_circle_crash_main_00013":{"width":300,"height":300}},"EF_circlecrash1_2":{"EF/ef_magic_circle_crash_main/ef_magic_circle_crash_main_00002":{"width":300,"height":300},"EF/ef_magic_circle_crash_main/ef_magic_circle_crash_main_00004":{"width":300,"height":300},"EF/ef_magic_circle_crash_main/ef_magic_circle_crash_main_00006":{"width":300,"height":300},"EF/ef_magic_circle_crash_main/ef_magic_circle_crash_main_00008":{"width":300,"height":300},"EF/ef_magic_circle_crash_main/ef_magic_circle_crash_main_00009":{"width":300,"height":300},"EF/ef_magic_circle_crash_main/ef_magic_circle_crash_main_00010":{"width":300,"height":300},"EF/ef_magic_circle_crash_main/ef_magic_circle_crash_main_00012":{"width":300,"height":300},"EF/ef_magic_circle_crash_main/ef_magic_circle_crash_main_00013":{"width":300,"height":300}},"EF_flashring1_1":{"EF/flash_ring/5140_S1B_power1_00001":{"width":250,"height":250},"EF/flash_ring/5140_S1B_power1_00002":{"width":250,"height":250},"EF/flash_ring/5140_S1B_power1_00003":{"width":250,"height":250},"EF/flash_ring/5140_S1B_power1_00004":{"width":250,"height":250},"EF/flash_ring/5140_S1B_power1_00005":{"width":250,"height":250},"EF/flash_ring/5140_S1B_power1_00006":{"width":250,"height":250},"EF/flash_ring/5140_S1B_power1_00007":{"width":250,"height":250}},"EF_lightning1_1":{"EF/ef_lightning_water_main/ef_lightning_water_main_00002":{"width":192,"height":152},"EF/ef_lightning_water_main/ef_lightning_water_main_00004":{"width":192,"height":152},"EF/ef_lightning_water_main/ef_lightning_water_main_00006":{"width":192,"height":152},"EF/ef_lightning_water_main/ef_lightning_water_main_00008":{"width":192,"height":152},"EF/ef_lightning_water_main/ef_lightning_water_main_00010":{"width":192,"height":152},"EF/ef_lightning_water_main/ef_lightning_water_main_00012":{"width":192,"height":152},"EF/ef_lightning_water_main/ef_lightning_water_main_00014":{"width":192,"height":152}},"EF_slash1_1":{"EF/line_slash1/5220_S3_slash1_00006":{"width":500,"height":500},"EF/slash_bolt/ef_slash_bolt_main_00001":{"width":400,"height":200},"EF/slash_bolt/ef_slash_bolt_main_00002":{"width":400,"height":200}},"EF_slash1_2":{"EF/line_slash1/5220_S3_slash1_00006":{"width":500,"height":500},"EF/slash_bolt/ef_slash_bolt_main_00001":{"width":400,"height":200},"EF/slash_bolt/ef_slash_bolt_main_00002":{"width":400,"height":200}},"EF_slash1_3":{"EF/line_slash1/5220_S3_slash1_00006":{"width":500,"height":500},"EF/slash_bolt/ef_slash_bolt_main_00001":{"width":400,"height":200},"EF/slash_bolt/ef_slash_bolt_main_00002":{"width":400,"height":200}},"EF_slash1_4":{"EF/line_slash1/5220_S3_slash1_00006":{"width":500,"height":500},"EF/slash_bolt/ef_slash_bolt_main_00001":{"width":400,"height":200},"EF/slash_bolt/ef_slash_bolt_main_00002":{"width":400,"height":200}},"EF_slash1_5":{"EF/line_slash1/5220_S3_slash1_00006":{"width":500,"height":500},"EF/slash_bolt/ef_slash_bolt_main_00001":{"width":400,"height":200},"EF/slash_bolt/ef_slash_bolt_main_00002":{"width":400,"height":200}},"EF_slashwave1_1":{"EF/ef_slash_wave_main3/ef_water_slash_main_00004":{"x":43.23,"y":68.28,"width":200,"height":200},"EF/ef_slash_wave_main3/ef_water_slash_main_00006":{"x":43.23,"y":68.28,"width":200,"height":200},"EF/ef_slash_wave_main3/ef_water_slash_main_00014":{"x":43.23,"y":68.28,"width":200,"height":200},"EF/ef_slash_wave_main3/ef_water_slash_main_00015":{"x":43.23,"y":68.28,"width":200,"height":200}},"EF_sword1_1":{"EF/skill2_EF_sword00":{"x":-122.66,"width":375,"height":113}},"EF_sword1_2":{"EF/skill2_EF_sword01":{"x":-122.7,"width":375,"height":113}},"EF_trust1_1":{"EF/ef_trust_main/ef_trust_main_00001":{"x":5.54,"width":258,"height":120},"EF/ef_trust_main/ef_trust_main_00002":{"x":5.54,"width":258,"height":120},"EF/ef_trust_main/ef_trust_main_00003":{"x":5.54,"width":258,"height":120},"EF/ef_trust_main/ef_trust_main_00004":{"x":5.54,"width":258,"height":120},"EF/ef_trust_main/ef_trust_main_00006":{"x":5.54,"width":258,"height":120},"EF/ef_trust_main/ef_trust_main_00008":{"x":5.54,"width":258,"height":120},"EF/ef_trust_main/ef_trust_main_00009":{"x":5.54,"width":258,"height":120}},"EF_water1_1":{"EF/ef_slash_wave_ac/ef_water_main_00002":{"y":76.55,"width":180,"height":204},"EF/ef_slash_wave_ac/ef_water_main_00003":{"y":76.55,"width":180,"height":204},"EF/ef_slash_wave_ac/ef_water_main_00004":{"y":76.55,"width":180,"height":204},"EF/ef_slash_wave_ac/ef_water_main_00005":{"y":76.55,"width":180,"height":204},"EF/ef_slash_wave_ac/ef_water_main_00006":{"y":76.55,"width":180,"height":204},"EF/ef_slash_wave_ac/ef_water_main_00007":{"y":76.55,"width":180,"height":204},"EF/ef_slash_wave_ac/ef_water_main_00008":{"y":76.55,"width":180,"height":204},"EF/ef_slash_wave_ac/ef_water_main_00009":{"y":76.55,"width":180,"height":204},"EF/ef_slash_wave_ac/ef_water_main_00010":{"y":76.55,"width":180,"height":204},"EF/ef_slash_wave_ac/ef_water_main_00011":{"y":76.55,"width":180,"height":204}},"EF_waterdash1_1":{"EF/ef_water_dash_main/ef_water_dash_main_00001":{"y":57.12,"width":240,"height":240},"EF/ef_water_dash_main/ef_water_dash_main_00002":{"y":57.12,"width":240,"height":240},"EF/ef_water_dash_main/ef_water_dash_main_00003":{"y":57.12,"width":240,"height":240},"EF/ef_water_dash_main/ef_water_dash_main_00004":{"y":57.12,"width":240,"height":240},"EF/ef_water_dash_main/ef_water_dash_main_00005":{"y":57.12,"width":240,"height":240},"EF/ef_water_dash_main/ef_water_dash_main_00006":{"y":57.12,"width":240,"height":240},"EF/ef_water_dash_main/ef_water_dash_main_00007":{"y":57.12,"width":240,"height":240},"EF/ef_water_dash_main/ef_water_dash_main_00008":{"y":57.12,"width":240,"height":240},"EF/ef_water_dash_main/ef_water_dash_main_00009":{"y":57.12,"width":240,"height":240},"EF/ef_water_dash_main/ef_water_dash_main_00010":{"y":57.12,"width":240,"height":240},"EF/ef_water_dash_main/ef_water_dash_main_00011":{"y":57.12,"width":240,"height":240},"EF/ef_water_dash_main/ef_water_dash_main_00012":{"y":57.12,"width":240,"height":240},"EF/ef_water_dash_main/ef_water_dash_main_00013":{"y":57.12,"width":240,"height":240},"EF/ef_water_dash_main/ef_water_dash_main_00014":{"y":57.12,"width":240,"height":240}},"EF_waterdash1_2":{"EF/ef_water_dash_main/ef_water_dash_main_00001":{"y":57.12,"width":240,"height":240},"EF/ef_water_dash_main/ef_water_dash_main_00002":{"y":57.12,"width":240,"height":240},"EF/ef_water_dash_main/ef_water_dash_main_00003":{"y":57.12,"width":240,"height":240},"EF/ef_water_dash_main/ef_water_dash_main_00004":{"y":57.12,"width":240,"height":240},"EF/ef_water_dash_main/ef_water_dash_main_00005":{"y":57.12,"width":240,"height":240},"EF/ef_water_dash_main/ef_water_dash_main_00006":{"y":57.12,"width":240,"height":240},"EF/ef_water_dash_main/ef_water_dash_main_00007":{"y":57.12,"width":240,"height":240},"EF/ef_water_dash_main/ef_water_dash_main_00008":{"y":57.12,"width":240,"height":240},"EF/ef_water_dash_main/ef_water_dash_main_00009":{"y":57.12,"width":240,"height":240},"EF/ef_water_dash_main/ef_water_dash_main_00010":{"y":57.12,"width":240,"height":240},"EF/ef_water_dash_main/ef_water_dash_main_00011":{"y":57.12,"width":240,"height":240},"EF/ef_water_dash_main/ef_water_dash_main_00012":{"y":57.12,"width":240,"height":240},"EF/ef_water_dash_main/ef_water_dash_main_00013":{"y":57.12,"width":240,"height":240},"EF/ef_water_dash_main/ef_water_dash_main_00014":{"y":57.12,"width":240,"height":240}},"EF_waterdash1_3":{"EF/ef_water_dash_main/ef_water_dash_main_00001":{"y":57.12,"width":240,"height":240},"EF/ef_water_dash_main/ef_water_dash_main_00002":{"y":57.12,"width":240,"height":240},"EF/ef_water_dash_main/ef_water_dash_main_00003":{"y":57.12,"width":240,"height":240},"EF/ef_water_dash_main/ef_water_dash_main_00004":{"y":57.12,"width":240,"height":240},"EF/ef_water_dash_main/ef_water_dash_main_00005":{"y":57.12,"width":240,"height":240},"EF/ef_water_dash_main/ef_water_dash_main_00006":{"y":57.12,"width":240,"height":240},"EF/ef_water_dash_main/ef_water_dash_main_00007":{"y":57.12,"width":240,"height":240},"EF/ef_water_dash_main/ef_water_dash_main_00008":{"y":57.12,"width":240,"height":240},"EF/ef_water_dash_main/ef_water_dash_main_00009":{"y":57.12,"width":240,"height":240},"EF/ef_water_dash_main/ef_water_dash_main_00010":{"y":57.12,"width":240,"height":240},"EF/ef_water_dash_main/ef_water_dash_main_00011":{"y":57.12,"width":240,"height":240},"EF/ef_water_dash_main/ef_water_dash_main_00012":{"y":57.12,"width":240,"height":240},"EF/ef_water_dash_main/ef_water_dash_main_00013":{"y":57.12,"width":240,"height":240},"EF/ef_water_dash_main/ef_water_dash_main_00014":{"y":57.12,"width":240,"height":240}},"EF_waterdash1_4":{"EF/ef_water_dash_main/ef_water_dash_main_00001":{"y":57.12,"width":240,"height":240},"EF/ef_water_dash_main/ef_water_dash_main_00002":{"y":57.12,"width":240,"height":240},"EF/ef_water_dash_main/ef_water_dash_main_00003":{"y":57.12,"width":240,"height":240},"EF/ef_water_dash_main/ef_water_dash_main_00004":{"y":57.12,"width":240,"height":240},"EF/ef_water_dash_main/ef_water_dash_main_00005":{"y":57.12,"width":240,"height":240},"EF/ef_water_dash_main/ef_water_dash_main_00006":{"y":57.12,"width":240,"height":240},"EF/ef_water_dash_main/ef_water_dash_main_00007":{"y":57.12,"width":240,"height":240},"EF/ef_water_dash_main/ef_water_dash_main_00008":{"y":57.12,"width":240,"height":240},"EF/ef_water_dash_main/ef_water_dash_main_00009":{"y":57.12,"width":240,"height":240},"EF/ef_water_dash_main/ef_water_dash_main_00010":{"y":57.12,"width":240,"height":240},"EF/ef_water_dash_main/ef_water_dash_main_00011":{"y":57.12,"width":240,"height":240},"EF/ef_water_dash_main/ef_water_dash_main_00012":{"y":57.12,"width":240,"height":240},"EF/ef_water_dash_main/ef_water_dash_main_00013":{"y":57.12,"width":240,"height":240},"EF/ef_water_dash_main/ef_water_dash_main_00014":{"y":57.12,"width":240,"height":240}},"EF_waterdash1_5":{"EF/ef_water_dash_main/ef_water_dash_main_00001":{"y":57.12,"width":240,"height":240},"EF/ef_water_dash_main/ef_water_dash_main_00002":{"y":57.12,"width":240,"height":240},"EF/ef_water_dash_main/ef_water_dash_main_00003":{"y":57.12,"width":240,"height":240},"EF/ef_water_dash_main/ef_water_dash_main_00004":{"y":57.12,"width":240,"height":240},"EF/ef_water_dash_main/ef_water_dash_main_00005":{"y":57.12,"width":240,"height":240},"EF/ef_water_dash_main/ef_water_dash_main_00006":{"y":57.12,"width":240,"height":240},"EF/ef_water_dash_main/ef_water_dash_main_00007":{"y":57.12,"width":240,"height":240},"EF/ef_water_dash_main/ef_water_dash_main_00008":{"y":57.12,"width":240,"height":240},"EF/ef_water_dash_main/ef_water_dash_main_00009":{"y":57.12,"width":240,"height":240},"EF/ef_water_dash_main/ef_water_dash_main_00010":{"y":57.12,"width":240,"height":240},"EF/ef_water_dash_main/ef_water_dash_main_00011":{"y":57.12,"width":240,"height":240},"EF/ef_water_dash_main/ef_water_dash_main_00012":{"y":57.12,"width":240,"height":240},"EF/ef_water_dash_main/ef_water_dash_main_00013":{"y":57.12,"width":240,"height":240},"EF/ef_water_dash_main/ef_water_dash_main_00014":{"y":57.12,"width":240,"height":240}},"EF_waterdash1_6":{"EF/ef_water_dash_main/ef_water_dash_main_00001":{"y":57.12,"width":240,"height":240},"EF/ef_water_dash_main/ef_water_dash_main_00002":{"y":57.12,"width":240,"height":240},"EF/ef_water_dash_main/ef_water_dash_main_00003":{"y":57.12,"width":240,"height":240},"EF/ef_water_dash_main/ef_water_dash_main_00004":{"y":57.12,"width":240,"height":240},"EF/ef_water_dash_main/ef_water_dash_main_00005":{"y":57.12,"width":240,"height":240},"EF/ef_water_dash_main/ef_water_dash_main_00006":{"y":57.12,"width":240,"height":240},"EF/ef_water_dash_main/ef_water_dash_main_00007":{"y":57.12,"width":240,"height":240},"EF/ef_water_dash_main/ef_water_dash_main_00008":{"y":57.12,"width":240,"height":240},"EF/ef_water_dash_main/ef_water_dash_main_00009":{"y":57.12,"width":240,"height":240},"EF/ef_water_dash_main/ef_water_dash_main_00010":{"y":57.12,"width":240,"height":240},"EF/ef_water_dash_main/ef_water_dash_main_00011":{"y":57.12,"width":240,"height":240},"EF/ef_water_dash_main/ef_water_dash_main_00012":{"y":57.12,"width":240,"height":240},"EF/ef_water_dash_main/ef_water_dash_main_00013":{"y":57.12,"width":240,"height":240},"EF/ef_water_dash_main/ef_water_dash_main_00014":{"y":57.12,"width":240,"height":240}},"EF_waterdash1_7":{"EF/ef_water_dash_main/ef_water_dash_main_00001":{"y":57.12,"width":240,"height":240},"EF/ef_water_dash_main/ef_water_dash_main_00002":{"y":57.12,"width":240,"height":240},"EF/ef_water_dash_main/ef_water_dash_main_00003":{"y":57.12,"width":240,"height":240},"EF/ef_water_dash_main/ef_water_dash_main_00004":{"y":57.12,"width":240,"height":240},"EF/ef_water_dash_main/ef_water_dash_main_00005":{"y":57.12,"width":240,"height":240},"EF/ef_water_dash_main/ef_water_dash_main_00006":{"y":57.12,"width":240,"height":240},"EF/ef_water_dash_main/ef_water_dash_main_00007":{"y":57.12,"width":240,"height":240},"EF/ef_water_dash_main/ef_water_dash_main_00008":{"y":57.12,"width":240,"height":240},"EF/ef_water_dash_main/ef_water_dash_main_00009":{"y":57.12,"width":240,"height":240},"EF/ef_water_dash_main/ef_water_dash_main_00010":{"y":57.12,"width":240,"height":240},"EF/ef_water_dash_main/ef_water_dash_main_00011":{"y":57.12,"width":240,"height":240},"EF/ef_water_dash_main/ef_water_dash_main_00012":{"y":57.12,"width":240,"height":240},"EF/ef_water_dash_main/ef_water_dash_main_00013":{"y":57.12,"width":240,"height":240},"EF/ef_water_dash_main/ef_water_dash_main_00014":{"y":57.12,"width":240,"height":240}},"EF_wave1_1":{"EF/710_S1_wave3/710_S1_wave3_00039":{"rotation":74,"width":200,"height":200},"EF/710_S1_wave3/710_S1_wave3_00040":{"rotation":74,"width":200,"height":200},"EF/710_S1_wave3/710_S1_wave3_00041":{"rotation":74,"width":200,"height":200},"EF/710_S1_wave3/710_S1_wave3_00042":{"rotation":74,"width":200,"height":200},"EF/710_S1_wave3/710_S1_wave3_00043":{"rotation":74,"width":200,"height":200},"EF/710_S1_wave3/710_S1_wave3_00044":{"rotation":74,"width":200,"height":200},"EF/710_S1_wave3/710_S1_wave3_00045":{"rotation":74,"width":200,"height":200},"EF/710_S1_wave3/710_S1_wave3_00046":{"rotation":74,"width":200,"height":200},"EF/710_S1_wave3/710_S1_wave3_00047":{"rotation":74,"width":200,"height":200}},"EF_wave2_1":{"EF/attack_wave/BLD_WTR_wave2_00002":{"x":2.46,"y":4.93,"width":250,"height":250},"EF/attack_wave/BLD_WTR_wave2_00003":{"x":2.46,"y":4.93,"width":250,"height":250},"EF/attack_wave/BLD_WTR_wave2_00004":{"x":2.46,"y":4.93,"width":250,"height":250},"EF/attack_wave/BLD_WTR_wave2_00005":{"x":2.46,"y":4.93,"width":250,"height":250},"EF/attack_wave/BLD_WTR_wave2_00006":{"x":2.46,"y":4.93,"width":250,"height":250}},"EF_waveslash1_1":{"EF/ef_slash_wave_main 2/ef_slash_wave_main_00002":{"x":4.95,"y":79.83,"width":230,"height":230},"EF/ef_slash_wave_main 2/ef_slash_wave_main_00003":{"x":4.95,"y":79.83,"width":230,"height":230},"EF/ef_slash_wave_main 2/ef_slash_wave_main_00004":{"x":4.95,"y":79.83,"width":230,"height":230},"EF/ef_slash_wave_main 2/ef_slash_wave_main_00005":{"x":4.95,"y":79.83,"width":230,"height":230},"EF/ef_slash_wave_main 2/ef_slash_wave_main_00006":{"x":4.95,"y":79.83,"width":230,"height":230},"EF/ef_slash_wave_main 2/ef_slash_wave_main_00007":{"x":4.95,"y":79.83,"width":230,"height":230},"EF/ef_slash_wave_main 2/ef_slash_wave_main_00008":{"x":4.95,"y":79.83,"width":230,"height":230},"EF/ef_slash_wave_main 2/ef_slash_wave_main_00009":{"x":4.95,"y":79.83,"width":230,"height":230},"EF/ef_slash_wave_main 2/ef_slash_wave_main_00010":{"x":4.95,"y":79.83,"width":230,"height":230},"EF/ef_slash_wave_main 2/ef_slash_wave_main_00011":{"x":4.95,"y":79.83,"width":230,"height":230}},"EF_wind1_1":{"EF/ef_wind/ef_wind_slash_main_00001":{"y":71.55,"width":240,"height":240},"EF/ef_wind/ef_wind_slash_main_00002":{"y":71.55,"width":240,"height":240},"EF/ef_wind/ef_wind_slash_main_00003":{"y":71.55,"width":240,"height":240},"EF/ef_wind/ef_wind_slash_main_00004":{"y":71.55,"width":240,"height":240},"EF/ef_wind/ef_wind_slash_main_00005":{"y":71.55,"width":240,"height":240},"EF/ef_wind/ef_wind_slash_main_00006":{"y":71.55,"width":240,"height":240},"EF/ef_wind/ef_wind_slash_main_00007":{"y":71.55,"width":240,"height":240},"EF/ef_wind/ef_wind_slash_main_00008":{"y":71.55,"width":240,"height":240},"EF/ef_wind/ef_wind_slash_main_00009":{"y":71.55,"width":240,"height":240},"EF/ef_wind/ef_wind_slash_main_00010":{"y":71.55,"width":240,"height":240},"EF/ef_wind/ef_wind_slash_main_00011":{"y":71.55,"width":240,"height":240},"EF/ef_wind/ef_wind_slash_main_00012":{"y":71.55,"width":240,"height":240}},"EF_wing1_1":{"EF/wing/330_S2_wing2_00002":{"width":300,"height":300},"EF/wing/330_S2_wing2_00004":{"width":300,"height":300},"EF/wing/330_S2_wing2_00008":{"width":300,"height":300},"EF/wing/330_S2_wing2_00012":{"width":300,"height":300},"EF/wing/330_S2_wing2_00016":{"width":300,"height":300},"EF/wing/330_S2_wing2_00020":{"width":300,"height":300},"EF/wing/330_S2_wing2_00022":{"width":300,"height":300},"EF/wing/330_S2_wing2_00024":{"width":300,"height":300}},"EF_wing1_2":{"EF/wing/330_S2_wing2_00002":{"width":300,"height":300},"EF/wing/330_S2_wing2_00004":{"width":300,"height":300},"EF/wing/330_S2_wing2_00008":{"width":300,"height":300},"EF/wing/330_S2_wing2_00012":{"width":300,"height":300},"EF/wing/330_S2_wing2_00016":{"width":300,"height":300},"EF/wing/330_S2_wing2_00020":{"width":300,"height":300},"EF/wing/330_S2_wing2_00022":{"width":300,"height":300},"EF/wing/330_S2_wing2_00024":{"width":300,"height":300}},"EF_wing1_3":{"EF/wing/330_S2_wing2_00002":{"width":300,"height":300},"EF/wing/330_S2_wing2_00004":{"width":300,"height":300},"EF/wing/330_S2_wing2_00008":{"width":300,"height":300},"EF/wing/330_S2_wing2_00012":{"width":300,"height":300},"EF/wing/330_S2_wing2_00016":{"width":300,"height":300},"EF/wing/330_S2_wing2_00020":{"width":300,"height":300},"EF/wing/330_S2_wing2_00022":{"width":300,"height":300},"EF/wing/330_S2_wing2_00024":{"width":300,"height":300}},"EF_wing1_4":{"EF/wing/330_S2_wing2_00002":{"width":300,"height":300},"EF/wing/330_S2_wing2_00004":{"width":300,"height":300},"EF/wing/330_S2_wing2_00008":{"width":300,"height":300},"EF/wing/330_S2_wing2_00012":{"width":300,"height":300},"EF/wing/330_S2_wing2_00016":{"width":300,"height":300},"EF/wing/330_S2_wing2_00020":{"width":300,"height":300},"EF/wing/330_S2_wing2_00022":{"width":300,"height":300},"EF/wing/330_S2_wing2_00024":{"width":300,"height":300}}}},"animations":{"1-attack1":{},"1-skill1":{"slots":{"EF_slashwave1_1":{"attachment":[{"time":0.6333,"name":"EF/ef_slash_wave_main3/ef_water_slash_main_00004"},{"time":0.8333,"name":"EF/ef_slash_wave_main3/ef_water_slash_main_00006"},{"time":0.9,"name":"EF/ef_slash_wave_main3/ef_water_slash_main_00014"},{"time":0.9666,"name":null}]},"EF_waterdash1_1":{"attachment":[{"time":0.7666,"name":"EF/ef_water_dash_main/ef_water_dash_main_00001"},{"time":0.8,"name":"EF/ef_water_dash_main/ef_water_dash_main_00002"},{"time":0.8333,"name":"EF/ef_water_dash_main/ef_water_dash_main_00003"},{"time":0.8666,"name":"EF/ef_water_dash_main/ef_water_dash_main_00004"},{"time":0.9,"name":"EF/ef_water_dash_main/ef_water_dash_main_00005"},{"time":0.9333,"name":"EF/ef_water_dash_main/ef_water_dash_main_00006"},{"time":0.9666,"name":"EF/ef_water_dash_main/ef_water_dash_main_00007"},{"time":1,"name":"EF/ef_water_dash_main/ef_water_dash_main_00008"},{"time":1.0333,"name":"EF/ef_water_dash_main/ef_water_dash_main_00009"},{"time":1.0666,"name":"EF/ef_water_dash_main/ef_water_dash_main_00010"},{"time":1.1,"name":"EF/ef_water_dash_main/ef_water_dash_main_00011"},{"time":1.1333,"name":"EF/ef_water_dash_main/ef_water_dash_main_00012"},{"time":1.1666,"name":"EF/ef_water_dash_main/ef_water_dash_main_00013"},{"time":1.2,"name":"EF/ef_water_dash_main/ef_water_dash_main_00014"},{"time":1.2333,"name":null}]},"EF_waterdash1_2":{"attachment":[{"time":0.8,"name":"EF/ef_water_dash_main/ef_water_dash_main_00001"},{"time":0.8333,"name":"EF/ef_water_dash_main/ef_water_dash_main_00002"},{"time":0.8666,"name":"EF/ef_water_dash_main/ef_water_dash_main_00003"},{"time":0.9,"name":"EF/ef_water_dash_main/ef_water_dash_main_00004"},{"time":0.9333,"name":"EF/ef_water_dash_main/ef_water_dash_main_00005"},{"time":0.9666,"name":"EF/ef_water_dash_main/ef_water_dash_main_00006"},{"time":1,"name":"EF/ef_water_dash_main/ef_water_dash_main_00007"},{"time":1.0333,"name":"EF/ef_water_dash_main/ef_water_dash_main_00008"},{"time":1.0666,"name":"EF/ef_water_dash_main/ef_water_dash_main_00009"},{"time":1.1,"name":"EF/ef_water_dash_main/ef_water_dash_main_00010"},{"time":1.1333,"name":"EF/ef_water_dash_main/ef_water_dash_main_00011"},{"time":1.1666,"name":"EF/ef_water_dash_main/ef_water_dash_main_00012"},{"time":1.2,"name":"EF/ef_water_dash_main/ef_water_dash_main_00013"},{"time":1.2333,"name":"EF/ef_water_dash_main/ef_water_dash_main_00014"},{"time":1.2666,"name":null}]},"EF_waterdash1_3":{"attachment":[{"time":0.8333,"name":"EF/ef_water_dash_main/ef_water_dash_main_00001"},{"time":0.8666,"name":"EF/ef_water_dash_main/ef_water_dash_main_00002"},{"time":0.9,"name":"EF/ef_water_dash_main/ef_water_dash_main_00003"},{"time":0.9333,"name":"EF/ef_water_dash_main/ef_water_dash_main_00004"},{"time":0.9666,"name":"EF/ef_water_dash_main/ef_water_dash_main_00005"},{"time":1,"name":"EF/ef_water_dash_main/ef_water_dash_main_00006"},{"time":1.0333,"name":"EF/ef_water_dash_main/ef_water_dash_main_00007"},{"time":1.0666,"name":"EF/ef_water_dash_main/ef_water_dash_main_00008"},{"time":1.1,"name":"EF/ef_water_dash_main/ef_water_dash_main_00009"},{"time":1.1333,"name":"EF/ef_water_dash_main/ef_water_dash_main_00010"},{"time":1.1666,"name":"EF/ef_water_dash_main/ef_water_dash_main_00011"},{"time":1.2,"name":"EF/ef_water_dash_main/ef_water_dash_main_00012"},{"time":1.2333,"name":"EF/ef_water_dash_main/ef_water_dash_main_00013"},{"time":1.2666,"name":"EF/ef_water_dash_main/ef_water_dash_main_00014"},{"time":1.3,"name":null}]},"EF_waterdash1_4":{"attachment":[{"time":0.8666,"name":"EF/ef_water_dash_main/ef_water_dash_main_00001"},{"time":0.9,"name":"EF/ef_water_dash_main/ef_water_dash_main_00002"},{"time":0.9333,"name":"EF/ef_water_dash_main/ef_water_dash_main_00003"},{"time":0.9666,"name":"EF/ef_water_dash_main/ef_water_dash_main_00004"},{"time":1,"name":"EF/ef_water_dash_main/ef_water_dash_main_00005"},{"time":1.0333,"name":"EF/ef_water_dash_main/ef_water_dash_main_00006"},{"time":1.0666,"name":"EF/ef_water_dash_main/ef_water_dash_main_00007"},{"time":1.1,"name":"EF/ef_water_dash_main/ef_water_dash_main_00008"},{"time":1.1333,"name":"EF/ef_water_dash_main/ef_water_dash_main_00009"},{"time":1.1666,"name":"EF/ef_water_dash_main/ef_water_dash_main_00010"},{"time":1.2,"name":"EF/ef_water_dash_main/ef_water_dash_main_00011"},{"time":1.2333,"name":"EF/ef_water_dash_main/ef_water_dash_main_00012"},{"time":1.2666,"name":"EF/ef_water_dash_main/ef_water_dash_main_00013"},{"time":1.3,"name":"EF/ef_water_dash_main/ef_water_dash_main_00014"},{"time":1.3333,"name":null}]},"EF_waterdash1_5":{"attachment":[{"time":0.9,"name":"EF/ef_water_dash_main/ef_water_dash_main_00001"},{"time":0.9333,"name":"EF/ef_water_dash_main/ef_water_dash_main_00002"},{"time":0.9666,"name":"EF/ef_water_dash_main/ef_water_dash_main_00003"},{"time":1,"name":"EF/ef_water_dash_main/ef_water_dash_main_00004"},{"time":1.0333,"name":"EF/ef_water_dash_main/ef_water_dash_main_00005"},{"time":1.0666,"name":"EF/ef_water_dash_main/ef_water_dash_main_00006"},{"time":1.1,"name":"EF/ef_water_dash_main/ef_water_dash_main_00007"},{"time":1.1333,"name":"EF/ef_water_dash_main/ef_water_dash_main_00008"},{"time":1.1666,"name":"EF/ef_water_dash_main/ef_water_dash_main_00009"},{"time":1.2,"name":"EF/ef_water_dash_main/ef_water_dash_main_00010"},{"time":1.2333,"name":"EF/ef_water_dash_main/ef_water_dash_main_00011"},{"time":1.2666,"name":"EF/ef_water_dash_main/ef_water_dash_main_00012"},{"time":1.3,"name":"EF/ef_water_dash_main/ef_water_dash_main_00013"},{"time":1.3333,"name":"EF/ef_water_dash_main/ef_water_dash_main_00014"},{"time":1.3666,"name":null}]},"EF_waterdash1_6":{"attachment":[{"time":0.9333,"name":"EF/ef_water_dash_main/ef_water_dash_main_00001"},{"time":0.9666,"name":"EF/ef_water_dash_main/ef_water_dash_main_00002"},{"time":1,"name":"EF/ef_water_dash_main/ef_water_dash_main_00003"},{"time":1.0333,"name":"EF/ef_water_dash_main/ef_water_dash_main_00004"},{"time":1.0666,"name":"EF/ef_water_dash_main/ef_water_dash_main_00005"},{"time":1.1,"name":"EF/ef_water_dash_main/ef_water_dash_main_00006"},{"time":1.1333,"name":"EF/ef_water_dash_main/ef_water_dash_main_00007"},{"time":1.1666,"name":"EF/ef_water_dash_main/ef_water_dash_main_00008"},{"time":1.2,"name":"EF/ef_water_dash_main/ef_water_dash_main_00009"},{"time":1.2333,"name":"EF/ef_water_dash_main/ef_water_dash_main_00010"},{"time":1.2666,"name":"EF/ef_water_dash_main/ef_water_dash_main_00011"},{"time":1.3,"name":"EF/ef_water_dash_main/ef_water_dash_main_00012"},{"time":1.3333,"name":"EF/ef_water_dash_main/ef_water_dash_main_00013"},{"time":1.3666,"name":"EF/ef_water_dash_main/ef_water_dash_main_00014"},{"time":1.4,"name":null}]},"EF_waterdash1_7":{"attachment":[{"time":0.7,"name":"EF/ef_water_dash_main/ef_water_dash_main_00001"},{"time":0.7333,"name":"EF/ef_water_dash_main/ef_water_dash_main_00002"},{"time":0.7666,"name":"EF/ef_water_dash_main/ef_water_dash_main_00003"},{"time":0.8,"name":"EF/ef_water_dash_main/ef_water_dash_main_00004"},{"time":0.8333,"name":"EF/ef_water_dash_main/ef_water_dash_main_00005"},{"time":0.8666,"name":"EF/ef_water_dash_main/ef_water_dash_main_00006"},{"time":0.9,"name":"EF/ef_water_dash_main/ef_water_dash_main_00007"},{"time":0.9333,"name":"EF/ef_water_dash_main/ef_water_dash_main_00008"},{"time":0.9666,"name":"EF/ef_water_dash_main/ef_water_dash_main_00009"},{"time":1,"name":"EF/ef_water_dash_main/ef_water_dash_main_00010"},{"time":1.0333,"name":"EF/ef_water_dash_main/ef_water_dash_main_00011"},{"time":1.0666,"name":"EF/ef_water_dash_main/ef_water_dash_main_00012"},{"time":1.1,"name":"EF/ef_water_dash_main/ef_water_dash_main_00013"},{"time":1.1333,"name":"EF/ef_water_dash_main/ef_water_dash_main_00014"},{"time":1.1666,"name":null}]},"EF_waveslash1_1":{"attachment":[{"time":0.6333,"name":"EF/ef_slash_wave_main 2/ef_slash_wave_main_00002"},{"time":0.6666,"name":"EF/ef_slash_wave_main 2/ef_slash_wave_main_00003"},{"time":0.7,"name":"EF/ef_slash_wave_main 2/ef_slash_wave_main_00004"},{"time":0.7333,"name":"EF/ef_slash_wave_main 2/ef_slash_wave_main_00005"},{"time":0.7666,"name":"EF/ef_slash_wave_main 2/ef_slash_wave_main_00006"},{"time":0.8,"name":"EF/ef_slash_wave_main 2/ef_slash_wave_main_00007"},{"time":0.8333,"name":"EF/ef_slash_wave_main 2/ef_slash_wave_main_00009"},{"time":0.8666,"name":"EF/ef_slash_wave_main 2/ef_slash_wave_main_00011"},{"time":0.9,"name":null}],"color":[{"time":0.8,"color":"ffffffff"},{"time":0.9,"color":"ffffff00"}]},"EF_wind1_1":{"attachment":[{"time":0.6666,"name":"EF/ef_wind/ef_wind_slash_main_00001"},{"time":0.7,"name":"EF/ef_wind/ef_wind_slash_main_00003"},{"time":0.7333,"name":"EF/ef_wind/ef_wind_slash_main_00004"},{"time":0.7666,"name":"EF/ef_wind/ef_wind_slash_main_00005"},{"time":0.8,"name":"EF/ef_wind/ef_wind_slash_main_00006"},{"time":0.8333,"name":"EF/ef_wind/ef_wind_slash_main_00007"},{"time":0.8666,"name":"EF/ef_wind/ef_wind_slash_main_00008"},{"time":0.9,"name":"EF/ef_wind/ef_wind_slash_main_00009"},{"time":0.9333,"name":"EF/ef_wind/ef_wind_slash_main_00010"},{"time":0.9666,"name":"EF/ef_wind/ef_wind_slash_main_00011"},{"time":1,"name":"EF/ef_wind/ef_wind_slash_main_00012"},{"time":1.0333,"name":null}]},"EF_wing1_1":{"attachment":[{"time":0.7666,"name":"EF/wing/330_S2_wing2_00002"},{"time":0.8333,"name":"EF/wing/330_S2_wing2_00004"},{"time":0.9,"name":"EF/wing/330_S2_wing2_00008"},{"time":0.9666,"name":"EF/wing/330_S2_wing2_00012"},{"time":1.0333,"name":"EF/wing/330_S2_wing2_00016"},{"time":1.1,"name":"EF/wing/330_S2_wing2_00020"},{"time":1.1666,"name":"EF/wing/330_S2_wing2_00022"},{"time":1.2333,"name":"EF/wing/330_S2_wing2_00024"},{"time":1.3,"name":null}]},"EF_wing1_2":{"attachment":[{"time":0.8,"name":"EF/wing/330_S2_wing2_00002"},{"time":0.8666,"name":"EF/wing/330_S2_wing2_00004"},{"time":0.9333,"name":"EF/wing/330_S2_wing2_00008"},{"time":1,"name":"EF/wing/330_S2_wing2_00012"},{"time":1.0666,"name":"EF/wing/330_S2_wing2_00016"},{"time":1.1333,"name":"EF/wing/330_S2_wing2_00020"},{"time":1.2,"name":"EF/wing/330_S2_wing2_00022"},{"time":1.2666,"name":"EF/wing/330_S2_wing2_00024"},{"time":1.3333,"name":null}]},"EF_wing1_3":{"attachment":[{"time":0.8333,"name":"EF/wing/330_S2_wing2_00002"},{"time":0.9,"name":"EF/wing/330_S2_wing2_00004"},{"time":0.9666,"name":"EF/wing/330_S2_wing2_00008"},{"time":1.0333,"name":"EF/wing/330_S2_wing2_00012"},{"time":1.1,"name":"EF/wing/330_S2_wing2_00016"},{"time":1.1666,"name":"EF/wing/330_S2_wing2_00020"},{"time":1.2333,"name":"EF/wing/330_S2_wing2_00022"},{"time":1.3,"name":"EF/wing/330_S2_wing2_00024"},{"time":1.3666,"name":null}]},"EF_wing1_4":{"attachment":[{"time":0.8666,"name":"EF/wing/330_S2_wing2_00002"},{"time":0.9333,"name":"EF/wing/330_S2_wing2_00004"},{"time":1,"name":"EF/wing/330_S2_wing2_00008"},{"time":1.0666,"name":"EF/wing/330_S2_wing2_00012"},{"time":1.1333,"name":"EF/wing/330_S2_wing2_00016"},{"time":1.2,"name":"EF/wing/330_S2_wing2_00020"},{"time":1.2666,"name":"EF/wing/330_S2_wing2_00022"},{"time":1.3333,"name":"EF/wing/330_S2_wing2_00024"},{"time":1.4,"name":null}]}},"bones":{"EF_slashwave1_1":{"translate":[{"time":0.6333,"x":-521.47,"y":0,"curve":[0.532,0.02,0.881,0.57]},{"time":0.9666,"x":-1641.21,"y":0}],"scale":[{"time":0.6333,"x":4,"y":3,"curve":[0.136,0.48,0.75,1]},{"time":0.8333,"x":4,"y":4},{"time":0.9666,"x":4.2,"y":4.2}]},"EF_waveslash1_1":{"translate":[{"time":0.6333,"x":-592.66,"y":0}],"scale":[{"time":0.6333,"x":2,"y":2}]},"EF_waterdash1_1":{"translate":[{"time":0.7666,"x":-698.51,"y":0}],"scale":[{"time":0.7666,"x":3,"y":3}]},"EF_waterdash1_5":{"translate":[{"time":0.9,"x":-1139.18,"y":0}],"scale":[{"time":0.9,"x":3,"y":3}]},"EF_waterdash1_4":{"translate":[{"time":0.8666,"x":-1024.32,"y":0}],"scale":[{"time":0.8666,"x":3,"y":3}]},"EF_waterdash1_3":{"translate":[{"time":0.8333,"x":-918.84,"y":0}],"scale":[{"time":0.8333,"x":3,"y":3}]},"EF_waterdash1_2":{"translate":[{"time":0.8,"x":-808.67,"y":0}],"scale":[{"time":0.8,"x":3,"y":3}]},"EF_waterdash1_6":{"translate":[{"time":0.9333,"x":-1260.68,"y":0}],"scale":[{"time":0.9333,"x":3,"y":3}]},"EF_wing1_1":{"translate":[{"time":0.7666,"x":-567.08,"y":100}],"scale":[{"time":0.7666,"x":1.753,"y":1.753}]},"EF_wing1_4":{"translate":[{"time":0.8666,"x":-1204.39,"y":100}],"scale":[{"time":0.8666,"x":1.753,"y":1.753}]},"EF_wing1_3":{"translate":[{"time":0.8333,"x":-878.15,"y":100}],"scale":[{"time":0.8333,"x":1.753,"y":1.753}]},"EF_wing1_2":{"translate":[{"time":0.8,"x":-637.89,"y":100}],"scale":[{"time":0.8,"x":1.753,"y":1.753}]},"EF_wind1_1":{"rotate":[{"time":0.6666,"angle":270}],"translate":[{"time":0.6666,"x":-648.29,"y":195.5}],"scale":[{"time":0.6666,"x":2.161,"y":2.161}]},"EF_waterdash1_7":{"translate":[{"time":0.7,"x":-569.05,"y":0}],"scale":[{"time":0.7,"x":3,"y":3}]}}},"1-skill2":{},"1-skill2-library":{"slots":{"EF_circlecrash1_1":{"attachment":[{"time":2.0333,"name":"EF/ef_magic_circle_crash_main/ef_magic_circle_crash_main_00002"},{"time":2.0666,"name":"EF/ef_magic_circle_crash_main/ef_magic_circle_crash_main_00004"},{"time":2.1,"name":"EF/ef_magic_circle_crash_main/ef_magic_circle_crash_main_00006"},{"time":2.1333,"name":"EF/ef_magic_circle_crash_main/ef_magic_circle_crash_main_00008"},{"time":2.1666,"name":"EF/ef_magic_circle_crash_main/ef_magic_circle_crash_main_00009"},{"time":2.2,"name":"EF/ef_magic_circle_crash_main/ef_magic_circle_crash_main_00010"},{"time":2.2333,"name":"EF/ef_magic_circle_crash_main/ef_magic_circle_crash_main_00012"},{"time":2.2666,"name":"EF/ef_magic_circle_crash_main/ef_magic_circle_crash_main_00013"},{"time":2.3,"name":null}],"color":[{"time":2.2,"color":"ffffffff"},{"time":2.3,"color":"ffffff00"}]},"EF_circlecrash1_2":{"attachment":[{"time":2.0333,"name":"EF/ef_magic_circle_crash_main/ef_magic_circle_crash_main_00002"},{"time":2.0666,"name":"EF/ef_magic_circle_crash_main/ef_magic_circle_crash_main_00004"},{"time":2.1,"name":"EF/ef_magic_circle_crash_main/ef_magic_circle_crash_main_00006"},{"time":2.1333,"name":"EF/ef_magic_circle_crash_main/ef_magic_circle_crash_main_00008"},{"time":2.1666,"name":"EF/ef_magic_circle_crash_main/ef_magic_circle_crash_main_00009"},{"time":2.2,"name":"EF/ef_magic_circle_crash_main/ef_magic_circle_crash_main_00010"},{"time":2.2333,"name":"EF/ef_magic_circle_crash_main/ef_magic_circle_crash_main_00012"},{"time":2.2666,"name":"EF/ef_magic_circle_crash_main/ef_magic_circle_crash_main_00013"},{"time":2.3,"name":null}],"color":[{"time":2.2,"color":"ffffffff"},{"time":2.3,"color":"ffffff00"}]},"EF_flashring1_1":{"attachment":[{"time":1.3333,"name":"EF/flash_ring/5140_S1B_power1_00001"},{"time":1.3666,"name":"EF/flash_ring/5140_S1B_power1_00002"},{"time":1.4,"name":"EF/flash_ring/5140_S1B_power1_00003"},{"time":1.4666,"name":"EF/flash_ring/5140_S1B_power1_00004"},{"time":1.5333,"name":"EF/flash_ring/5140_S1B_power1_00005"},{"time":1.6,"name":"EF/flash_ring/5140_S1B_power1_00006"},{"time":1.6666,"name":"EF/flash_ring/5140_S1B_power1_00007"},{"time":1.7333,"name":null}],"color":[{"time":1.5666,"color":"ffffffff"},{"time":1.7333,"color":"ffffff00"}]},"EF_lightning1_1":{"attachment":[{"time":2.0333,"name":"EF/ef_lightning_water_main/ef_lightning_water_main_00002"},{"time":2.0666,"name":"EF/ef_lightning_water_main/ef_lightning_water_main_00004"},{"time":2.1,"name":"EF/ef_lightning_water_main/ef_lightning_water_main_00006"},{"time":2.1333,"name":"EF/ef_lightning_water_main/ef_lightning_water_main_00008"},{"time":2.1666,"name":"EF/ef_lightning_water_main/ef_lightning_water_main_00010"},{"time":2.2,"name":"EF/ef_lightning_water_main/ef_lightning_water_main_00012"},{"time":2.2333,"name":"EF/ef_lightning_water_main/ef_lightning_water_main_00014"},{"time":2.2666,"name":null}]},"EF_sword1_1":{"attachment":[{"time":2.0333,"name":"EF/skill2_EF_sword00"}],"color":[{"time":2,"color":"ffffff00"},{"time":2.1,"color":"ffffffff","curve":"stepped"},{"time":2.5,"color":"ffffffff"},{"time":2.6666,"color":"ffffff00"}]},"EF_sword1_2":{"attachment":[{"time":2.0333,"name":"EF/skill2_EF_sword01"}],"color":[{"time":2.6,"color":"ffffffff"},{"time":2.8333,"color":"ffffff00"}]},"EF_trust1_1":{"attachment":[{"time":2.0333,"name":"EF/ef_trust_main/ef_trust_main_00004"},{"time":2.1,"name":"EF/ef_trust_main/ef_trust_main_00006"},{"time":2.1666,"name":"EF/ef_trust_main/ef_trust_main_00008"},{"time":2.2333,"name":"EF/ef_trust_main/ef_trust_main_00009"},{"time":2.3,"name":null}]},"EF_wave1_1":{"attachment":[{"time":2.0333,"name":"EF/710_S1_wave3/710_S1_wave3_00039"},{"time":2.0666,"name":"EF/710_S1_wave3/710_S1_wave3_00040"},{"time":2.1,"name":"EF/710_S1_wave3/710_S1_wave3_00044"},{"time":2.1333,"name":"EF/710_S1_wave3/710_S1_wave3_00045"},{"time":2.1666,"name":"EF/710_S1_wave3/710_S1_wave3_00046"},{"time":2.2,"name":"EF/710_S1_wave3/710_S1_wave3_00047"},{"time":2.2333,"name":null}]},"EF_wind1_1":{"attachment":[{"time":2,"name":"EF/ef_wind/ef_wind_slash_main_00001"},{"time":2.0333,"name":"EF/ef_wind/ef_wind_slash_main_00002"},{"time":2.0666,"name":"EF/ef_wind/ef_wind_slash_main_00003"},{"time":2.1,"name":"EF/ef_wind/ef_wind_slash_main_00004"},{"time":2.1333,"name":"EF/ef_wind/ef_wind_slash_main_00005"},{"time":2.1666,"name":"EF/ef_wind/ef_wind_slash_main_00006"},{"time":2.2,"name":"EF/ef_wind/ef_wind_slash_main_00007"},{"time":2.2333,"name":"EF/ef_wind/ef_wind_slash_main_00008"},{"time":2.2666,"name":"EF/ef_wind/ef_wind_slash_main_00009"},{"time":2.3,"name":"EF/ef_wind/ef_wind_slash_main_00010"},{"time":2.3333,"name":"EF/ef_wind/ef_wind_slash_main_00011"},{"time":2.3666,"name":"EF/ef_wind/ef_wind_slash_main_00012"},{"time":2.4,"name":null}]}},"bones":{"EF_wave1_1":{"translate":[{"time":2.0333,"x":-272.57,"y":-54.19}],"scale":[{"time":2.0333,"x":12,"y":5.5}]},"EF_circlecrash1_1":{"translate":[{"time":2.0333,"x":-379.51,"y":-50.28}],"scale":[{"time":2.0333,"x":3.251,"y":3.251}]},"EF_circlecrash1_2":{"translate":[{"time":2.0333,"x":-330.14,"y":-50.28}],"scale":[{"time":2.0333,"x":2.5,"y":2.5}]},"EF_flashring1_1":{"translate":[{"time":1.3333,"x":-430.82,"y":0}],"scale":[{"time":1.3333,"x":3.965,"y":3.965,"curve":[0.195,0.37,0.555,0.71]},{"time":1.4333,"x":10,"y":10,"curve":[0.307,0.63,0.771,1]},{"time":1.7,"x":15,"y":15}]},"EF_trust1_1":{"translate":[{"time":2.0333,"x":-290.88,"y":0}],"scale":[{"time":2.0333,"x":6.944,"y":3.657}]},"EF_lightning1_1":{"translate":[{"time":2.0333,"x":-523.16,"y":-50}],"scale":[{"time":2.0333,"x":3,"y":2.5}]},"EF_wind1_1":{"rotate":[{"time":2,"angle":270}],"translate":[{"time":2,"x":-783.57,"y":100.7}],"scale":[{"time":2,"x":2,"y":4.5}]},"EF_sword1_1":{"translate":[{"time":2.0333,"x":-470.61,"y":49.59,"curve":[0.111,0.73,0.265,0.94]},{"time":2.1333,"x":-488.89,"y":49.59}],"scale":[{"time":2.0333,"x":1.5,"y":1.5}]}}},"1skill2Failed":{"slots":{"EF_sword1_1":{"attachment":[{"time":0.7,"name":null}],"color":[{"time":0.6666,"color":"ffffff00"},{"time":0.7666,"color":"ffffffff","curve":"stepped"},{"time":1.1666,"color":"ffffffff"},{"time":1.3333,"color":"ffffff00"}]},"EF_sword1_2":{"attachment":[{"time":0.7,"name":null}],"color":[{"time":1.2666,"color":"ffffffff"},{"time":1.5,"color":"ffffff00"}]},"EF_trust1_1":{"attachment":[{"time":0.7,"name":"EF/ef_trust_main/ef_trust_main_00004"},{"time":0.7333,"name":"EF/ef_trust_main/ef_trust_main_00006"},{"time":0.7666,"name":"EF/ef_trust_main/ef_trust_main_00008"},{"time":0.8,"name":"EF/ef_trust_main/ef_trust_main_00009"},{"time":0.8333,"name":null}]}},"bones":{"EF_sword1_1":{"translate":[{"time":0.7,"x":-470.61,"y":49.59,"curve":[0.111,0.73,0.265,0.94]},{"time":0.8,"x":-488.89,"y":49.59}],"scale":[{"time":0.7,"x":1.5,"y":1.5}]},"EF_trust1_1":{"translate":[{"time":0.7,"x":-290.88,"y":-52.14}],"scale":[{"time":0.7,"x":6.944,"y":3.657}]}}},"1skill2counter":{"slots":{"EF_circlecrash1_1":{"attachment":[{"time":0.7,"name":"EF/ef_magic_circle_crash_main/ef_magic_circle_crash_main_00002"},{"time":0.7333,"name":"EF/ef_magic_circle_crash_main/ef_magic_circle_crash_main_00004"},{"time":0.7666,"name":"EF/ef_magic_circle_crash_main/ef_magic_circle_crash_main_00006"},{"time":0.8,"name":"EF/ef_magic_circle_crash_main/ef_magic_circle_crash_main_00008"},{"time":0.8333,"name":"EF/ef_magic_circle_crash_main/ef_magic_circle_crash_main_00009"},{"time":0.8666,"name":"EF/ef_magic_circle_crash_main/ef_magic_circle_crash_main_00010"},{"time":0.9,"name":"EF/ef_magic_circle_crash_main/ef_magic_circle_crash_main_00012"},{"time":0.9333,"name":"EF/ef_magic_circle_crash_main/ef_magic_circle_crash_main_00013"},{"time":0.9666,"name":null}],"color":[{"time":0.8666,"color":"ffffffff"},{"time":0.9666,"color":"ffffff00"}]},"EF_circlecrash1_2":{"attachment":[{"time":0.7,"name":"EF/ef_magic_circle_crash_main/ef_magic_circle_crash_main_00002"},{"time":0.7333,"name":"EF/ef_magic_circle_crash_main/ef_magic_circle_crash_main_00004"},{"time":0.7666,"name":"EF/ef_magic_circle_crash_main/ef_magic_circle_crash_main_00006"},{"time":0.8,"name":"EF/ef_magic_circle_crash_main/ef_magic_circle_crash_main_00008"},{"time":0.8333,"name":"EF/ef_magic_circle_crash_main/ef_magic_circle_crash_main_00009"},{"time":0.8666,"name":"EF/ef_magic_circle_crash_main/ef_magic_circle_crash_main_00010"},{"time":0.9,"name":"EF/ef_magic_circle_crash_main/ef_magic_circle_crash_main_00012"},{"time":0.9333,"name":"EF/ef_magic_circle_crash_main/ef_magic_circle_crash_main_00013"},{"time":0.9666,"name":null}],"color":[{"time":0.8666,"color":"ffffffff"},{"time":0.9666,"color":"ffffff00"}]},"EF_flashring1_1":{"attachment":[{"time":0,"name":"EF/flash_ring/5140_S1B_power1_00001"},{"time":0.0333,"name":"EF/flash_ring/5140_S1B_power1_00002"},{"time":0.0666,"name":"EF/flash_ring/5140_S1B_power1_00003"},{"time":0.1333,"name":"EF/flash_ring/5140_S1B_power1_00004"},{"time":0.2,"name":"EF/flash_ring/5140_S1B_power1_00005"},{"time":0.2666,"name":"EF/flash_ring/5140_S1B_power1_00006"},{"time":0.3333,"name":"EF/flash_ring/5140_S1B_power1_00007"},{"time":0.4,"name":null}],"color":[{"time":0.2333,"color":"ffffffff"},{"time":0.4,"color":"ffffff00"}]},"EF_lightning1_1":{"attachment":[{"time":0.7,"name":"EF/ef_lightning_water_main/ef_lightning_water_main_00002"},{"time":0.7333,"name":"EF/ef_lightning_water_main/ef_lightning_water_main_00004"},{"time":0.7666,"name":"EF/ef_lightning_water_main/ef_lightning_water_main_00006"},{"time":0.8,"name":"EF/ef_lightning_water_main/ef_lightning_water_main_00008"},{"time":0.8333,"name":"EF/ef_lightning_water_main/ef_lightning_water_main_00010"},{"time":0.8666,"name":"EF/ef_lightning_water_main/ef_lightning_water_main_00012"},{"time":0.9,"name":"EF/ef_lightning_water_main/ef_lightning_water_main_00014"},{"time":0.9333,"name":null}]},"EF_sword1_1":{"attachment":[{"time":0.7,"name":"EF/skill2_EF_sword00"}],"color":[{"time":0.6666,"color":"ffffff00"},{"time":0.7666,"color":"ffffffff","curve":"stepped"},{"time":1.1666,"color":"ffffffff"},{"time":1.3333,"color":"ffffff00"}]},"EF_sword1_2":{"attachment":[{"time":0.7,"name":"EF/skill2_EF_sword01"}],"color":[{"time":1.2666,"color":"ffffffff"},{"time":1.5,"color":"ffffff00"}]},"EF_trust1_1":{"attachment":[{"time":0.7,"name":"EF/ef_trust_main/ef_trust_main_00004"},{"time":0.7666,"name":"EF/ef_trust_main/ef_trust_main_00006"},{"time":0.8333,"name":"EF/ef_trust_main/ef_trust_main_00008"},{"time":0.9,"name":"EF/ef_trust_main/ef_trust_main_00009"},{"time":0.9666,"name":null}]},"EF_wave1_1":{"attachment":[{"time":0.7,"name":"EF/710_S1_wave3/710_S1_wave3_00039"},{"time":0.7333,"name":"EF/710_S1_wave3/710_S1_wave3_00040"},{"time":0.7666,"name":"EF/710_S1_wave3/710_S1_wave3_00044"},{"time":0.8,"name":"EF/710_S1_wave3/710_S1_wave3_00045"},{"time":0.8333,"name":"EF/710_S1_wave3/710_S1_wave3_00046"},{"time":0.8666,"name":"EF/710_S1_wave3/710_S1_wave3_00047"},{"time":0.9,"name":null}]},"EF_wind1_1":{"attachment":[{"time":0.6666,"name":"EF/ef_wind/ef_wind_slash_main_00001"},{"time":0.7,"name":"EF/ef_wind/ef_wind_slash_main_00002"},{"time":0.7333,"name":"EF/ef_wind/ef_wind_slash_main_00003"},{"time":0.7666,"name":"EF/ef_wind/ef_wind_slash_main_00004"},{"time":0.8,"name":"EF/ef_wind/ef_wind_slash_main_00005"},{"time":0.8333,"name":"EF/ef_wind/ef_wind_slash_main_00006"},{"time":0.8666,"name":"EF/ef_wind/ef_wind_slash_main_00007"},{"time":0.9,"name":"EF/ef_wind/ef_wind_slash_main_00008"},{"time":0.9333,"name":"EF/ef_wind/ef_wind_slash_main_00009"},{"time":0.9666,"name":"EF/ef_wind/ef_wind_slash_main_00010"},{"time":1,"name":"EF/ef_wind/ef_wind_slash_main_00011"},{"time":1.0333,"name":"EF/ef_wind/ef_wind_slash_main_00012"},{"time":1.0666,"name":null}]}},"bones":{"EF_sword1_1":{"translate":[{"time":0.7,"x":-470.61,"y":49.59,"curve":[0.111,0.73,0.265,0.94]},{"time":0.8,"x":-488.89,"y":49.59}],"scale":[{"time":0.7,"x":1.5,"y":1.5}]},"EF_circlecrash1_1":{"translate":[{"time":0.7,"x":-379.51,"y":-50.28}],"scale":[{"time":0.7,"x":3.251,"y":3.251}]},"EF_flashring1_1":{"translate":[{"time":0,"x":-430.82,"y":0}],"scale":[{"time":0,"x":3.965,"y":3.965,"curve":[0.195,0.37,0.555,0.71]},{"time":0.1,"x":10,"y":10,"curve":[0.307,0.63,0.771,1]},{"time":0.3666,"x":15,"y":15}]},"EF_lightning1_1":{"translate":[{"time":0.7,"x":-523.16,"y":-50}],"scale":[{"time":0.7,"x":3,"y":2.5}]},"EF_circlecrash1_2":{"translate":[{"time":0.7,"x":-330.14,"y":-50.28}],"scale":[{"time":0.7,"x":2.5,"y":2.5}]},"EF_trust1_1":{"translate":[{"time":0.7,"x":-290.88,"y":0}],"scale":[{"time":0.7,"x":6.944,"y":3.657}]},"EF_wave1_1":{"translate":[{"time":0.7,"x":-272.57,"y":-54.19}],"scale":[{"time":0.7,"x":12,"y":5.5}]},"EF_wind1_1":{"rotate":[{"time":0.6666,"angle":270}],"translate":[{"time":0.6666,"x":-783.57,"y":100.7}],"scale":[{"time":0.6666,"x":2,"y":4.5}]}}},"2-attack1":{},"2-skill1":{"slots":{"EF_slashwave1_1":{"attachment":[{"time":0.6333,"name":"EF/ef_slash_wave_main3/ef_water_slash_main_00004"},{"time":0.8333,"name":"EF/ef_slash_wave_main3/ef_water_slash_main_00006"},{"time":0.9,"name":"EF/ef_slash_wave_main3/ef_water_slash_main_00014"},{"time":0.9666,"name":null}]},"EF_waterdash1_1":{"attachment":[{"time":0.7666,"name":"EF/ef_water_dash_main/ef_water_dash_main_00001"},{"time":0.8,"name":"EF/ef_water_dash_main/ef_water_dash_main_00002"},{"time":0.8333,"name":"EF/ef_water_dash_main/ef_water_dash_main_00003"},{"time":0.8666,"name":"EF/ef_water_dash_main/ef_water_dash_main_00004"},{"time":0.9,"name":"EF/ef_water_dash_main/ef_water_dash_main_00005"},{"time":0.9333,"name":"EF/ef_water_dash_main/ef_water_dash_main_00006"},{"time":0.9666,"name":"EF/ef_water_dash_main/ef_water_dash_main_00007"},{"time":1,"name":"EF/ef_water_dash_main/ef_water_dash_main_00008"},{"time":1.0333,"name":"EF/ef_water_dash_main/ef_water_dash_main_00009"},{"time":1.0666,"name":"EF/ef_water_dash_main/ef_water_dash_main_00010"},{"time":1.1,"name":"EF/ef_water_dash_main/ef_water_dash_main_00011"},{"time":1.1333,"name":"EF/ef_water_dash_main/ef_water_dash_main_00012"},{"time":1.1666,"name":"EF/ef_water_dash_main/ef_water_dash_main_00013"},{"time":1.2,"name":"EF/ef_water_dash_main/ef_water_dash_main_00014"},{"time":1.2333,"name":null}]},"EF_waterdash1_2":{"attachment":[{"time":0.8,"name":"EF/ef_water_dash_main/ef_water_dash_main_00001"},{"time":0.8333,"name":"EF/ef_water_dash_main/ef_water_dash_main_00002"},{"time":0.8666,"name":"EF/ef_water_dash_main/ef_water_dash_main_00003"},{"time":0.9,"name":"EF/ef_water_dash_main/ef_water_dash_main_00004"},{"time":0.9333,"name":"EF/ef_water_dash_main/ef_water_dash_main_00005"},{"time":0.9666,"name":"EF/ef_water_dash_main/ef_water_dash_main_00006"},{"time":1,"name":"EF/ef_water_dash_main/ef_water_dash_main_00007"},{"time":1.0333,"name":"EF/ef_water_dash_main/ef_water_dash_main_00008"},{"time":1.0666,"name":"EF/ef_water_dash_main/ef_water_dash_main_00009"},{"time":1.1,"name":"EF/ef_water_dash_main/ef_water_dash_main_00010"},{"time":1.1333,"name":"EF/ef_water_dash_main/ef_water_dash_main_00011"},{"time":1.1666,"name":"EF/ef_water_dash_main/ef_water_dash_main_00012"},{"time":1.2,"name":"EF/ef_water_dash_main/ef_water_dash_main_00013"},{"time":1.2333,"name":"EF/ef_water_dash_main/ef_water_dash_main_00014"},{"time":1.2666,"name":null}]},"EF_waterdash1_3":{"attachment":[{"time":0.8333,"name":"EF/ef_water_dash_main/ef_water_dash_main_00001"},{"time":0.8666,"name":"EF/ef_water_dash_main/ef_water_dash_main_00002"},{"time":0.9,"name":"EF/ef_water_dash_main/ef_water_dash_main_00003"},{"time":0.9333,"name":"EF/ef_water_dash_main/ef_water_dash_main_00004"},{"time":0.9666,"name":"EF/ef_water_dash_main/ef_water_dash_main_00005"},{"time":1,"name":"EF/ef_water_dash_main/ef_water_dash_main_00006"},{"time":1.0333,"name":"EF/ef_water_dash_main/ef_water_dash_main_00007"},{"time":1.0666,"name":"EF/ef_water_dash_main/ef_water_dash_main_00008"},{"time":1.1,"name":"EF/ef_water_dash_main/ef_water_dash_main_00009"},{"time":1.1333,"name":"EF/ef_water_dash_main/ef_water_dash_main_00010"},{"time":1.1666,"name":"EF/ef_water_dash_main/ef_water_dash_main_00011"},{"time":1.2,"name":"EF/ef_water_dash_main/ef_water_dash_main_00012"},{"time":1.2333,"name":"EF/ef_water_dash_main/ef_water_dash_main_00013"},{"time":1.2666,"name":"EF/ef_water_dash_main/ef_water_dash_main_00014"},{"time":1.3,"name":null}]},"EF_waterdash1_4":{"attachment":[{"time":0.8666,"name":"EF/ef_water_dash_main/ef_water_dash_main_00001"},{"time":0.9,"name":"EF/ef_water_dash_main/ef_water_dash_main_00002"},{"time":0.9333,"name":"EF/ef_water_dash_main/ef_water_dash_main_00003"},{"time":0.9666,"name":"EF/ef_water_dash_main/ef_water_dash_main_00004"},{"time":1,"name":"EF/ef_water_dash_main/ef_water_dash_main_00005"},{"time":1.0333,"name":"EF/ef_water_dash_main/ef_water_dash_main_00006"},{"time":1.0666,"name":"EF/ef_water_dash_main/ef_water_dash_main_00007"},{"time":1.1,"name":"EF/ef_water_dash_main/ef_water_dash_main_00008"},{"time":1.1333,"name":"EF/ef_water_dash_main/ef_water_dash_main_00009"},{"time":1.1666,"name":"EF/ef_water_dash_main/ef_water_dash_main_00010"},{"time":1.2,"name":"EF/ef_water_dash_main/ef_water_dash_main_00011"},{"time":1.2333,"name":"EF/ef_water_dash_main/ef_water_dash_main_00012"},{"time":1.2666,"name":"EF/ef_water_dash_main/ef_water_dash_main_00013"},{"time":1.3,"name":"EF/ef_water_dash_main/ef_water_dash_main_00014"},{"time":1.3333,"name":null}]},"EF_waterdash1_5":{"attachment":[{"time":0.9,"name":"EF/ef_water_dash_main/ef_water_dash_main_00001"},{"time":0.9333,"name":"EF/ef_water_dash_main/ef_water_dash_main_00002"},{"time":0.9666,"name":"EF/ef_water_dash_main/ef_water_dash_main_00003"},{"time":1,"name":"EF/ef_water_dash_main/ef_water_dash_main_00004"},{"time":1.0333,"name":"EF/ef_water_dash_main/ef_water_dash_main_00005"},{"time":1.0666,"name":"EF/ef_water_dash_main/ef_water_dash_main_00006"},{"time":1.1,"name":"EF/ef_water_dash_main/ef_water_dash_main_00007"},{"time":1.1333,"name":"EF/ef_water_dash_main/ef_water_dash_main_00008"},{"time":1.1666,"name":"EF/ef_water_dash_main/ef_water_dash_main_00009"},{"time":1.2,"name":"EF/ef_water_dash_main/ef_water_dash_main_00010"},{"time":1.2333,"name":"EF/ef_water_dash_main/ef_water_dash_main_00011"},{"time":1.2666,"name":"EF/ef_water_dash_main/ef_water_dash_main_00012"},{"time":1.3,"name":"EF/ef_water_dash_main/ef_water_dash_main_00013"},{"time":1.3333,"name":"EF/ef_water_dash_main/ef_water_dash_main_00014"},{"time":1.3666,"name":null}]},"EF_waterdash1_6":{"attachment":[{"time":0.9333,"name":"EF/ef_water_dash_main/ef_water_dash_main_00001"},{"time":0.9666,"name":"EF/ef_water_dash_main/ef_water_dash_main_00002"},{"time":1,"name":"EF/ef_water_dash_main/ef_water_dash_main_00003"},{"time":1.0333,"name":"EF/ef_water_dash_main/ef_water_dash_main_00004"},{"time":1.0666,"name":"EF/ef_water_dash_main/ef_water_dash_main_00005"},{"time":1.1,"name":"EF/ef_water_dash_main/ef_water_dash_main_00006"},{"time":1.1333,"name":"EF/ef_water_dash_main/ef_water_dash_main_00007"},{"time":1.1666,"name":"EF/ef_water_dash_main/ef_water_dash_main_00008"},{"time":1.2,"name":"EF/ef_water_dash_main/ef_water_dash_main_00009"},{"time":1.2333,"name":"EF/ef_water_dash_main/ef_water_dash_main_00010"},{"time":1.2666,"name":"EF/ef_water_dash_main/ef_water_dash_main_00011"},{"time":1.3,"name":"EF/ef_water_dash_main/ef_water_dash_main_00012"},{"time":1.3333,"name":"EF/ef_water_dash_main/ef_water_dash_main_00013"},{"time":1.3666,"name":"EF/ef_water_dash_main/ef_water_dash_main_00014"},{"time":1.4,"name":null}]},"EF_waterdash1_7":{"attachment":[{"time":0.7,"name":"EF/ef_water_dash_main/ef_water_dash_main_00001"},{"time":0.7333,"name":"EF/ef_water_dash_main/ef_water_dash_main_00002"},{"time":0.7666,"name":"EF/ef_water_dash_main/ef_water_dash_main_00003"},{"time":0.8,"name":"EF/ef_water_dash_main/ef_water_dash_main_00004"},{"time":0.8333,"name":"EF/ef_water_dash_main/ef_water_dash_main_00005"},{"time":0.8666,"name":"EF/ef_water_dash_main/ef_water_dash_main_00006"},{"time":0.9,"name":"EF/ef_water_dash_main/ef_water_dash_main_00007"},{"time":0.9333,"name":"EF/ef_water_dash_main/ef_water_dash_main_00008"},{"time":0.9666,"name":"EF/ef_water_dash_main/ef_water_dash_main_00009"},{"time":1,"name":"EF/ef_water_dash_main/ef_water_dash_main_00010"},{"time":1.0333,"name":"EF/ef_water_dash_main/ef_water_dash_main_00011"},{"time":1.0666,"name":"EF/ef_water_dash_main/ef_water_dash_main_00012"},{"time":1.1,"name":"EF/ef_water_dash_main/ef_water_dash_main_00013"},{"time":1.1333,"name":"EF/ef_water_dash_main/ef_water_dash_main_00014"},{"time":1.1666,"name":null}]},"EF_waveslash1_1":{"attachment":[{"time":0.6333,"name":"EF/ef_slash_wave_main 2/ef_slash_wave_main_00002"},{"time":0.6666,"name":"EF/ef_slash_wave_main 2/ef_slash_wave_main_00003"},{"time":0.7,"name":"EF/ef_slash_wave_main 2/ef_slash_wave_main_00004"},{"time":0.7333,"name":"EF/ef_slash_wave_main 2/ef_slash_wave_main_00005"},{"time":0.7666,"name":"EF/ef_slash_wave_main 2/ef_slash_wave_main_00006"},{"time":0.8,"name":"EF/ef_slash_wave_main 2/ef_slash_wave_main_00007"},{"time":0.8333,"name":"EF/ef_slash_wave_main 2/ef_slash_wave_main_00009"},{"time":0.8666,"name":"EF/ef_slash_wave_main 2/ef_slash_wave_main_00011"},{"time":0.9,"name":null}],"color":[{"time":0.8,"color":"ffffffff"},{"time":0.9,"color":"ffffff00"}]},"EF_wind1_1":{"attachment":[{"time":0.6666,"name":"EF/ef_wind/ef_wind_slash_main_00001"},{"time":0.7,"name":"EF/ef_wind/ef_wind_slash_main_00003"},{"time":0.7333,"name":"EF/ef_wind/ef_wind_slash_main_00004"},{"time":0.7666,"name":"EF/ef_wind/ef_wind_slash_main_00005"},{"time":0.8,"name":"EF/ef_wind/ef_wind_slash_main_00006"},{"time":0.8333,"name":"EF/ef_wind/ef_wind_slash_main_00007"},{"time":0.8666,"name":"EF/ef_wind/ef_wind_slash_main_00008"},{"time":0.9,"name":"EF/ef_wind/ef_wind_slash_main_00009"},{"time":0.9333,"name":"EF/ef_wind/ef_wind_slash_main_00010"},{"time":0.9666,"name":"EF/ef_wind/ef_wind_slash_main_00011"},{"time":1,"name":"EF/ef_wind/ef_wind_slash_main_00012"},{"time":1.0333,"name":null}]},"EF_wing1_1":{"attachment":[{"time":0.7666,"name":"EF/wing/330_S2_wing2_00002"},{"time":0.8333,"name":"EF/wing/330_S2_wing2_00004"},{"time":0.9,"name":"EF/wing/330_S2_wing2_00008"},{"time":0.9666,"name":"EF/wing/330_S2_wing2_00012"},{"time":1.0333,"name":"EF/wing/330_S2_wing2_00016"},{"time":1.1,"name":"EF/wing/330_S2_wing2_00020"},{"time":1.1666,"name":"EF/wing/330_S2_wing2_00022"},{"time":1.2333,"name":"EF/wing/330_S2_wing2_00024"},{"time":1.3,"name":null}]},"EF_wing1_2":{"attachment":[{"time":0.8,"name":"EF/wing/330_S2_wing2_00002"},{"time":0.8666,"name":"EF/wing/330_S2_wing2_00004"},{"time":0.9333,"name":"EF/wing/330_S2_wing2_00008"},{"time":1,"name":"EF/wing/330_S2_wing2_00012"},{"time":1.0666,"name":"EF/wing/330_S2_wing2_00016"},{"time":1.1333,"name":"EF/wing/330_S2_wing2_00020"},{"time":1.2,"name":"EF/wing/330_S2_wing2_00022"},{"time":1.2666,"name":"EF/wing/330_S2_wing2_00024"},{"time":1.3333,"name":null}]},"EF_wing1_3":{"attachment":[{"time":0.8333,"name":"EF/wing/330_S2_wing2_00002"},{"time":0.9,"name":"EF/wing/330_S2_wing2_00004"},{"time":0.9666,"name":"EF/wing/330_S2_wing2_00008"},{"time":1.0333,"name":"EF/wing/330_S2_wing2_00012"},{"time":1.1,"name":"EF/wing/330_S2_wing2_00016"},{"time":1.1666,"name":"EF/wing/330_S2_wing2_00020"},{"time":1.2333,"name":"EF/wing/330_S2_wing2_00022"},{"time":1.3,"name":"EF/wing/330_S2_wing2_00024"},{"time":1.3666,"name":null}]},"EF_wing1_4":{"attachment":[{"time":0.8666,"name":"EF/wing/330_S2_wing2_00002"},{"time":0.9333,"name":"EF/wing/330_S2_wing2_00004"},{"time":1,"name":"EF/wing/330_S2_wing2_00008"},{"time":1.0666,"name":"EF/wing/330_S2_wing2_00012"},{"time":1.1333,"name":"EF/wing/330_S2_wing2_00016"},{"time":1.2,"name":"EF/wing/330_S2_wing2_00020"},{"time":1.2666,"name":"EF/wing/330_S2_wing2_00022"},{"time":1.3333,"name":"EF/wing/330_S2_wing2_00024"},{"time":1.4,"name":null}]}},"bones":{"EF_slashwave1_1":{"translate":[{"time":0.6333,"x":-521.47,"y":0,"curve":[0.532,0.02,0.881,0.57]},{"time":0.9666,"x":-1641.21,"y":0}],"scale":[{"time":0.6333,"x":4,"y":3,"curve":[0.136,0.48,0.75,1]},{"time":0.8333,"x":4,"y":4},{"time":0.9666,"x":4.2,"y":4.2}]},"EF_waveslash1_1":{"translate":[{"time":0.6333,"x":-592.66,"y":0}],"scale":[{"time":0.6333,"x":2,"y":2}]},"EF_waterdash1_1":{"translate":[{"time":0.7666,"x":-698.51,"y":0}],"scale":[{"time":0.7666,"x":3,"y":3}]},"EF_waterdash1_5":{"translate":[{"time":0.9,"x":-1139.18,"y":0}],"scale":[{"time":0.9,"x":3,"y":3}]},"EF_waterdash1_4":{"translate":[{"time":0.8666,"x":-1024.32,"y":0}],"scale":[{"time":0.8666,"x":3,"y":3}]},"EF_waterdash1_3":{"translate":[{"time":0.8333,"x":-918.84,"y":0}],"scale":[{"time":0.8333,"x":3,"y":3}]},"EF_waterdash1_2":{"translate":[{"time":0.8,"x":-808.67,"y":0}],"scale":[{"time":0.8,"x":3,"y":3}]},"EF_waterdash1_6":{"translate":[{"time":0.9333,"x":-1260.68,"y":0}],"scale":[{"time":0.9333,"x":3,"y":3}]},"EF_wing1_1":{"translate":[{"time":0.7666,"x":-567.08,"y":100}],"scale":[{"time":0.7666,"x":1.753,"y":1.753}]},"EF_wing1_4":{"translate":[{"time":0.8666,"x":-1204.39,"y":100}],"scale":[{"time":0.8666,"x":1.753,"y":1.753}]},"EF_wing1_3":{"translate":[{"time":0.8333,"x":-878.15,"y":100}],"scale":[{"time":0.8333,"x":1.753,"y":1.753}]},"EF_wing1_2":{"translate":[{"time":0.8,"x":-637.89,"y":100}],"scale":[{"time":0.8,"x":1.753,"y":1.753}]},"EF_wind1_1":{"rotate":[{"time":0.6666,"angle":270}],"translate":[{"time":0.6666,"x":-648.29,"y":195.5}],"scale":[{"time":0.6666,"x":2.161,"y":2.161}]},"EF_waterdash1_7":{"translate":[{"time":0.7,"x":-569.05,"y":0}],"scale":[{"time":0.7,"x":3,"y":3}]}}},"2-skill2":{},"2-skill3":{"slots":{"EF_aura1_1":{"attachment":[{"time":5.1666,"name":"EF/ef_sword_aura_main/ef_sword_aura_main_00002"},{"time":5.2,"name":"EF/ef_sword_aura_main/ef_sword_aura_main_00004"},{"time":5.2333,"name":"EF/ef_sword_aura_main/ef_sword_aura_main_00006"},{"time":5.2666,"name":"EF/ef_sword_aura_main/ef_sword_aura_main_00008"},{"time":5.3,"name":"EF/ef_sword_aura_main/ef_sword_aura_main_00010"},{"time":5.3333,"name":"EF/ef_sword_aura_main/ef_sword_aura_main_00012"},{"time":5.3666,"name":"EF/ef_sword_aura_main/ef_sword_aura_main_00014"},{"time":5.4,"name":"EF/ef_sword_aura_main/ef_sword_aura_main_00016"},{"time":5.4333,"name":"EF/ef_sword_aura_main/ef_sword_aura_main_00017"},{"time":5.4666,"name":"EF/ef_sword_aura_main/ef_sword_aura_main_00018"},{"time":5.5,"name":null}]},"EF_aura1_2":{"attachment":[{"time":5.1666,"name":"EF/ef_sword_aura_main/ef_sword_aura_main_00002"},{"time":5.2,"name":"EF/ef_sword_aura_main/ef_sword_aura_main_00004"},{"time":5.2333,"name":"EF/ef_sword_aura_main/ef_sword_aura_main_00006"},{"time":5.2666,"name":"EF/ef_sword_aura_main/ef_sword_aura_main_00008"},{"time":5.3,"name":"EF/ef_sword_aura_main/ef_sword_aura_main_00010"},{"time":5.3333,"name":"EF/ef_sword_aura_main/ef_sword_aura_main_00012"},{"time":5.3666,"name":"EF/ef_sword_aura_main/ef_sword_aura_main_00014"},{"time":5.4,"name":"EF/ef_sword_aura_main/ef_sword_aura_main_00016"},{"time":5.4333,"name":"EF/ef_sword_aura_main/ef_sword_aura_main_00017"},{"time":5.4666,"name":"EF/ef_sword_aura_main/ef_sword_aura_main_00018"},{"time":5.5,"name":null}]},"EF_slash1_1":{"attachment":[{"time":1.8333,"name":"EF/slash_bolt/ef_slash_bolt_main_00001"},{"time":1.8666,"name":"EF/slash_bolt/ef_slash_bolt_main_00002"},{"time":1.9,"name":"EF/line_slash1/5220_S3_slash1_00006"},{"time":2.1,"name":null},{"time":2.2666,"name":"EF/slash_bolt/ef_slash_bolt_main_00001"},{"time":2.3,"name":"EF/slash_bolt/ef_slash_bolt_main_00002"},{"time":2.3333,"name":"EF/line_slash1/5220_S3_slash1_00006"},{"time":2.5333,"name":null},{"time":2.7666,"name":"EF/slash_bolt/ef_slash_bolt_main_00001"},{"time":2.8,"name":"EF/slash_bolt/ef_slash_bolt_main_00002"},{"time":2.8333,"name":"EF/line_slash1/5220_S3_slash1_00006"},{"time":3.0333,"name":null},{"time":3.2666,"name":"EF/slash_bolt/ef_slash_bolt_main_00001"},{"time":3.3,"name":"EF/slash_bolt/ef_slash_bolt_main_00002"},{"time":3.3333,"name":"EF/line_slash1/5220_S3_slash1_00006"},{"time":3.5333,"name":null},{"time":3.9,"name":"EF/slash_bolt/ef_slash_bolt_main_00001"},{"time":3.9333,"name":"EF/slash_bolt/ef_slash_bolt_main_00002"},{"time":3.9666,"name":"EF/line_slash1/5220_S3_slash1_00006"},{"time":4.1666,"name":null},{"time":4.5,"name":"EF/slash_bolt/ef_slash_bolt_main_00001"},{"time":4.5333,"name":"EF/slash_bolt/ef_slash_bolt_main_00002"},{"time":4.5666,"name":"EF/line_slash1/5220_S3_slash1_00006"},{"time":4.7666,"name":null},{"time":5.3333,"name":"EF/slash_bolt/ef_slash_bolt_main_00001"},{"time":5.3666,"name":"EF/slash_bolt/ef_slash_bolt_main_00002"},{"time":5.4,"name":"EF/line_slash1/5220_S3_slash1_00006"},{"time":5.8,"name":null}]},"EF_slash1_2":{"attachment":[{"time":2.3,"name":"EF/slash_bolt/ef_slash_bolt_main_00001"},{"time":2.3333,"name":"EF/slash_bolt/ef_slash_bolt_main_00002"},{"time":2.3666,"name":"EF/line_slash1/5220_S3_slash1_00006"},{"time":2.5666,"name":null},{"time":2.8,"name":"EF/slash_bolt/ef_slash_bolt_main_00001"},{"time":2.8333,"name":"EF/slash_bolt/ef_slash_bolt_main_00002"},{"time":2.8666,"name":"EF/line_slash1/5220_S3_slash1_00006"},{"time":3.0666,"name":null},{"time":3.3,"name":"EF/slash_bolt/ef_slash_bolt_main_00001"},{"time":3.3333,"name":"EF/slash_bolt/ef_slash_bolt_main_00002"},{"time":3.3666,"name":"EF/line_slash1/5220_S3_slash1_00006"},{"time":3.5666,"name":null},{"time":3.9,"name":"EF/slash_bolt/ef_slash_bolt_main_00001"},{"time":3.9333,"name":"EF/slash_bolt/ef_slash_bolt_main_00002"},{"time":3.9666,"name":"EF/line_slash1/5220_S3_slash1_00006"},{"time":4.1666,"name":null},{"time":4.5,"name":"EF/slash_bolt/ef_slash_bolt_main_00001"},{"time":4.5333,"name":"EF/slash_bolt/ef_slash_bolt_main_00002"},{"time":4.5666,"name":"EF/line_slash1/5220_S3_slash1_00006"},{"time":4.7666,"name":null},{"time":5.3333,"name":"EF/slash_bolt/ef_slash_bolt_main_00001"},{"time":5.3666,"name":"EF/slash_bolt/ef_slash_bolt_main_00002"},{"time":5.4,"name":"EF/line_slash1/5220_S3_slash1_00006"},{"time":5.8,"name":null}]},"EF_slash1_3":{"attachment":[{"time":3.3333,"name":"EF/slash_bolt/ef_slash_bolt_main_00001"},{"time":3.3666,"name":"EF/slash_bolt/ef_slash_bolt_main_00002"},{"time":3.4,"name":"EF/line_slash1/5220_S3_slash1_00006"},{"time":3.6,"name":null},{"time":3.9333,"name":"EF/slash_bolt/ef_slash_bolt_main_00001"},{"time":3.9666,"name":"EF/slash_bolt/ef_slash_bolt_main_00002"},{"time":4,"name":"EF/line_slash1/5220_S3_slash1_00006"},{"time":4.2,"name":null},{"time":4.4666,"name":"EF/slash_bolt/ef_slash_bolt_main_00001"},{"time":4.5,"name":"EF/slash_bolt/ef_slash_bolt_main_00002"},{"time":4.5333,"name":"EF/line_slash1/5220_S3_slash1_00006"},{"time":4.7333,"name":null}]},"EF_slash1_4":{"attachment":[{"time":3.5,"name":"EF/slash_bolt/ef_slash_bolt_main_00001"},{"time":3.5333,"name":"EF/slash_bolt/ef_slash_bolt_main_00002"},{"time":3.5666,"name":"EF/line_slash1/5220_S3_slash1_00006"},{"time":3.7666,"name":null},{"time":3.9666,"name":"EF/slash_bolt/ef_slash_bolt_main_00001"},{"time":4,"name":"EF/slash_bolt/ef_slash_bolt_main_00001"},{"time":4.0333,"name":"EF/line_slash1/5220_S3_slash1_00006"},{"time":4.2333,"name":null},{"time":4.4,"name":"EF/slash_bolt/ef_slash_bolt_main_00001"},{"time":4.4333,"name":"EF/slash_bolt/ef_slash_bolt_main_00001"},{"time":4.4666,"name":"EF/line_slash1/5220_S3_slash1_00006"},{"time":4.6666,"name":null}]},"EF_slash1_5":{"attachment":[{"time":3.5333,"name":"EF/slash_bolt/ef_slash_bolt_main_00001"},{"time":3.5666,"name":"EF/slash_bolt/ef_slash_bolt_main_00002"},{"time":3.6,"name":"EF/line_slash1/5220_S3_slash1_00006"},{"time":3.8,"name":null},{"time":3.9666,"name":"EF/slash_bolt/ef_slash_bolt_main_00001"},{"time":4,"name":"EF/slash_bolt/ef_slash_bolt_main_00002"},{"time":4.0333,"name":"EF/line_slash1/5220_S3_slash1_00006"},{"time":4.2333,"name":null},{"time":4.4,"name":"EF/slash_bolt/ef_slash_bolt_main_00001"},{"time":4.4333,"name":"EF/slash_bolt/ef_slash_bolt_main_00002"},{"time":4.4666,"name":"EF/line_slash1/5220_S3_slash1_00006"},{"time":4.6666,"name":null}]},"EF_wing1_1":{"attachment":[{"time":0.7,"name":"EF/wing/330_S2_wing2_00002"},{"time":0.7333,"name":"EF/wing/330_S2_wing2_00004"},{"time":0.7666,"name":"EF/wing/330_S2_wing2_00008"},{"time":0.8333,"name":"EF/wing/330_S2_wing2_00012"},{"time":0.9,"name":"EF/wing/330_S2_wing2_00016"},{"time":0.9666,"name":"EF/wing/330_S2_wing2_00020"},{"time":1.0333,"name":"EF/wing/330_S2_wing2_00022"},{"time":1.1,"name":"EF/wing/330_S2_wing2_00024"},{"time":1.1666,"name":null},{"time":5.3333,"name":"EF/wing/330_S2_wing2_00002"},{"time":5.4,"name":"EF/wing/330_S2_wing2_00004"},{"time":5.4666,"name":"EF/wing/330_S2_wing2_00008"},{"time":5.5333,"name":"EF/wing/330_S2_wing2_00012"},{"time":5.6,"name":"EF/wing/330_S2_wing2_00016"},{"time":5.6666,"name":"EF/wing/330_S2_wing2_00020"},{"time":5.7333,"name":"EF/wing/330_S2_wing2_00022"},{"time":5.8,"name":"EF/wing/330_S2_wing2_00024"},{"time":5.8666,"name":null}],"color":[{"time":5.7,"color":"ffffffff"},{"time":5.8666,"color":"ffffff00"}]},"EF_wing1_2":{"attachment":[{"time":0.8,"name":"EF/wing/330_S2_wing2_00002"},{"time":0.8333,"name":"EF/wing/330_S2_wing2_00004"},{"time":0.8666,"name":"EF/wing/330_S2_wing2_00008"},{"time":0.9333,"name":"EF/wing/330_S2_wing2_00012"},{"time":1,"name":"EF/wing/330_S2_wing2_00016"},{"time":1.0666,"name":"EF/wing/330_S2_wing2_00020"},{"time":1.1333,"name":"EF/wing/330_S2_wing2_00022"},{"time":1.2,"name":"EF/wing/330_S2_wing2_00024"},{"time":1.2666,"name":null},{"time":5.4333,"name":"EF/wing/330_S2_wing2_00002"},{"time":5.5,"name":"EF/wing/330_S2_wing2_00004"},{"time":5.5666,"name":"EF/wing/330_S2_wing2_00008"},{"time":5.6333,"name":"EF/wing/330_S2_wing2_00012"},{"time":5.7,"name":"EF/wing/330_S2_wing2_00016"},{"time":5.7666,"name":"EF/wing/330_S2_wing2_00020"},{"time":5.8333,"name":"EF/wing/330_S2_wing2_00022"},{"time":5.9,"name":"EF/wing/330_S2_wing2_00024"},{"time":5.9666,"name":null}],"color":[{"time":5.8,"color":"ffffffff"},{"time":5.9666,"color":"ffffff00"}]},"EF_wing1_3":{"attachment":[{"time":0.8,"name":"EF/wing/330_S2_wing2_00002"},{"time":0.8333,"name":"EF/wing/330_S2_wing2_00004"},{"time":0.8666,"name":"EF/wing/330_S2_wing2_00008"},{"time":0.9333,"name":"EF/wing/330_S2_wing2_00012"},{"time":1,"name":"EF/wing/330_S2_wing2_00016"},{"time":1.0666,"name":"EF/wing/330_S2_wing2_00020"},{"time":1.1333,"name":"EF/wing/330_S2_wing2_00022"},{"time":1.2,"name":"EF/wing/330_S2_wing2_00024"},{"time":1.2666,"name":null},{"time":5.5333,"name":"EF/wing/330_S2_wing2_00002"},{"time":5.6,"name":"EF/wing/330_S2_wing2_00004"},{"time":5.6666,"name":"EF/wing/330_S2_wing2_00008"},{"time":5.7333,"name":"EF/wing/330_S2_wing2_00012"},{"time":5.8,"name":"EF/wing/330_S2_wing2_00016"},{"time":5.8666,"name":"EF/wing/330_S2_wing2_00020"},{"time":5.9333,"name":"EF/wing/330_S2_wing2_00022"},{"time":6,"name":"EF/wing/330_S2_wing2_00024"},{"time":6.0666,"name":null}],"color":[{"time":5.9,"color":"ffffffff"},{"time":6.0666,"color":"ffffff00"}]}},"bones":{"EF_wing1_1":{"translate":[{"time":0.7,"x":-252.78,"y":0,"curve":"stepped"},{"time":5.3333,"x":-605,"y":63.21}],"scale":[{"time":0.7,"x":1,"y":1,"curve":"stepped"},{"time":5.3333,"x":2.5,"y":2.5}]},"EF_wing1_3":{"translate":[{"time":0.8,"x":-340.52,"y":0,"curve":"stepped"},{"time":5.5333,"x":-349.69,"y":66.72}],"scale":[{"time":5.5333,"x":2.5,"y":2.5}]},"EF_wing1_2":{"translate":[{"time":0.8,"x":-133.7,"y":0,"curve":"stepped"},{"time":5.4333,"x":-448.02,"y":66.72}],"scale":[{"time":5.4333,"x":2.5,"y":2.5}]},"EF_slash1_1":{"rotate":[{"time":2.2666,"angle":-16.16,"curve":"stepped"},{"time":2.7666,"angle":52.13,"curve":"stepped"},{"time":3.2666,"angle":52.13,"curve":"stepped"},{"time":3.9,"angle":-17.73,"curve":"stepped"},{"time":4.5,"angle":-17.73,"curve":"stepped"},{"time":5.3333,"angle":30.08}],"translate":[{"time":1.8333,"x":-200,"y":63.47,"curve":"stepped"},{"time":2.2666,"x":-430.38,"y":130.15,"curve":"stepped"},{"time":2.7666,"x":-510.55,"y":259.52,"curve":"stepped"},{"time":3.2666,"x":-209.53,"y":25.44,"curve":"stepped"},{"time":3.9,"x":-209.53,"y":25.44,"curve":"stepped"},{"time":4.5,"x":-390.4,"y":-102.74,"curve":"stepped"},{"time":5.3333,"x":-591.33,"y":54.7}],"scale":[{"time":1.8333,"x":3.071,"y":3.071},{"time":1.9,"x":15.942,"y":6.391,"curve":[0.165,0.62,0.75,1]},{"time":1.9666,"x":15.942,"y":0.731},{"time":2.0666,"x":15.942,"y":0.112,"curve":"stepped"},{"time":2.2666,"x":3.071,"y":3.071},{"time":2.3333,"x":15.942,"y":6.391,"curve":[0.165,0.62,0.75,1]},{"time":2.4,"x":15.942,"y":0.731},{"time":2.5,"x":15.942,"y":0.112,"curve":"stepped"},{"time":2.7666,"x":3.071,"y":3.071},{"time":2.8333,"x":15.942,"y":6.391,"curve":[0.165,0.62,0.75,1]},{"time":2.9,"x":15.942,"y":0.731},{"time":3,"x":15.942,"y":0.112,"curve":"stepped"},{"time":3.2666,"x":3.071,"y":3.071},{"time":3.3333,"x":15.942,"y":6.391,"curve":[0.165,0.62,0.75,1]},{"time":3.4,"x":15.942,"y":0.731},{"time":3.5,"x":15.942,"y":0.112,"curve":"stepped"},{"time":3.9,"x":3.071,"y":3.071},{"time":3.9666,"x":15.942,"y":6.391,"curve":[0.165,0.62,0.75,1]},{"time":4.0333,"x":15.942,"y":0.731},{"time":4.1333,"x":15.942,"y":0.112,"curve":"stepped"},{"time":4.5,"x":3.071,"y":3.071},{"time":4.5666,"x":15.942,"y":6.391,"curve":[0.165,0.62,0.75,1]},{"time":4.6333,"x":15.942,"y":0.731},{"time":4.7333,"x":15.942,"y":0.112,"curve":"stepped"},{"time":5.3333,"x":3.071,"y":3.071},{"time":5.4,"x":15.942,"y":6.391,"curve":[0.324,0.39,0.653,0.71]},{"time":5.4666,"x":15.942,"y":0.544,"curve":[0.268,0.52,0.575,0.78]},{"time":5.7666,"x":15.942,"y":0.044}]},"EF_slash1_5":{"rotate":[{"time":3.5333,"angle":13.75,"curve":"stepped"},{"time":3.9666,"angle":13.75,"curve":"stepped"},{"time":4.4,"angle":13.75}],"translate":[{"time":3.5333,"x":-632.73,"y":109.34,"curve":"stepped"},{"time":3.9666,"x":-503.11,"y":348.11,"curve":"stepped"},{"time":4.4,"x":-683.98,"y":219.92}],"scale":[{"time":3.5333,"x":3.071,"y":3.071},{"time":3.6,"x":15.942,"y":6.391,"curve":[0.165,0.62,0.75,1]},{"time":3.6666,"x":15.942,"y":0.731},{"time":3.7666,"x":15.942,"y":0.112,"curve":"stepped"},{"time":3.9666,"x":3.071,"y":3.071},{"time":4.0333,"x":15.942,"y":6.391,"curve":[0.165,0.62,0.75,1]},{"time":4.1,"x":15.942,"y":0.731},{"time":4.2,"x":15.942,"y":0.112,"curve":"stepped"},{"time":4.4,"x":3.071,"y":3.071},{"time":4.4666,"x":15.942,"y":6.391,"curve":[0.165,0.62,0.75,1]},{"time":4.5333,"x":15.942,"y":0.731},{"time":4.6333,"x":15.942,"y":0.112}]},"EF_slash1_4":{"rotate":[{"time":3.5,"angle":94.97,"curve":"stepped"},{"time":3.9666,"angle":94.97,"curve":"stepped"},{"time":4.4,"angle":67.51}],"translate":[{"time":3.5,"x":-426.91,"y":-101.55,"curve":"stepped"},{"time":3.9666,"x":-297.29,"y":137.21,"curve":"stepped"},{"time":4.4,"x":-478.16,"y":9.02}],"scale":[{"time":3.5,"x":3.071,"y":3.071},{"time":3.5666,"x":15.942,"y":6.391,"curve":[0.165,0.62,0.75,1]},{"time":3.6333,"x":15.942,"y":0.731},{"time":3.7333,"x":15.942,"y":0.112,"curve":"stepped"},{"time":3.9666,"x":3.071,"y":3.071},{"time":4.0333,"x":15.942,"y":6.391,"curve":[0.165,0.62,0.75,1]},{"time":4.1,"x":15.942,"y":0.731},{"time":4.2,"x":15.942,"y":0.112,"curve":"stepped"},{"time":4.4,"x":3.071,"y":3.071},{"time":4.4666,"x":15.942,"y":6.391,"curve":[0.165,0.62,0.75,1]},{"time":4.5333,"x":15.942,"y":0.731},{"time":4.6333,"x":15.942,"y":0.112}]},"EF_slash1_3":{"rotate":[{"time":3.3333,"angle":26.91,"curve":"stepped"},{"time":3.9333,"angle":26.91,"curve":"stepped"},{"time":4.4666,"angle":124.01}],"translate":[{"time":3.3333,"x":-439.13,"y":149.46,"curve":"stepped"},{"time":3.9333,"x":-439.13,"y":149.46,"curve":"stepped"},{"time":4.4666,"x":-496.55,"y":137.86}],"scale":[{"time":3.3333,"x":3.071,"y":3.071},{"time":3.4,"x":15.942,"y":6.391,"curve":[0.165,0.62,0.75,1]},{"time":3.4666,"x":15.942,"y":0.731},{"time":3.5666,"x":15.942,"y":0.112,"curve":"stepped"},{"time":3.9333,"x":3.071,"y":3.071},{"time":4,"x":15.942,"y":6.391,"curve":[0.165,0.62,0.75,1]},{"time":4.0666,"x":15.942,"y":0.731},{"time":4.1666,"x":15.942,"y":0.112,"curve":"stepped"},{"time":4.4666,"x":3.071,"y":3.071},{"time":4.5333,"x":15.942,"y":6.391,"curve":[0.165,0.62,0.75,1]},{"time":4.6,"x":15.942,"y":0.731},{"time":4.7,"x":15.942,"y":0.112}]},"EF_slash1_2":{"rotate":[{"time":2.3,"angle":20.83,"curve":"stepped"},{"time":2.8,"angle":-20.07,"curve":"stepped"},{"time":3.3,"angle":-51.66,"curve":"stepped"},{"time":3.9,"angle":-51.66,"curve":"stepped"},{"time":4.5,"angle":-88.46,"curve":"stepped"},{"time":5.3333,"angle":-31.4}],"translate":[{"time":2.3,"x":-361.72,"y":26.73,"curve":"stepped"},{"time":2.8,"x":-434.71,"y":158.32,"curve":"stepped"},{"time":3.3,"x":-690.88,"y":-44.27,"curve":"stepped"},{"time":3.9,"x":-690.88,"y":-44.27,"curve":"stepped"},{"time":4.5,"x":-871.74,"y":-172.46,"curve":"stepped"},{"time":5.3333,"x":-605.13,"y":106.95}],"scale":[{"time":2.3,"x":3.071,"y":3.071},{"time":2.3666,"x":15.942,"y":6.391,"curve":[0.165,0.62,0.75,1]},{"time":2.4333,"x":15.942,"y":0.731},{"time":2.5333,"x":15.942,"y":0.112,"curve":"stepped"},{"time":2.8,"x":3.071,"y":3.071},{"time":2.8666,"x":15.942,"y":6.391,"curve":[0.165,0.62,0.75,1]},{"time":2.9333,"x":15.942,"y":0.731},{"time":3.0333,"x":15.942,"y":0.112,"curve":"stepped"},{"time":3.3,"x":3.071,"y":3.071},{"time":3.3666,"x":15.942,"y":6.391,"curve":[0.165,0.62,0.75,1]},{"time":3.4333,"x":15.942,"y":0.731},{"time":3.5333,"x":15.942,"y":0.112,"curve":"stepped"},{"time":3.9,"x":3.071,"y":3.071},{"time":3.9666,"x":15.942,"y":6.391,"curve":[0.165,0.62,0.75,1]},{"time":4.0333,"x":15.942,"y":0.731},{"time":4.1333,"x":15.942,"y":0.112,"curve":"stepped"},{"time":4.5,"x":3.071,"y":3.071},{"time":4.5666,"x":15.942,"y":6.391,"curve":[0.165,0.62,0.75,1]},{"time":4.6333,"x":15.942,"y":0.731},{"time":4.7333,"x":15.942,"y":0.112,"curve":"stepped"},{"time":5.3333,"x":3.071,"y":3.071},{"time":5.4,"x":15.942,"y":6.391,"curve":[0.324,0.39,0.653,0.71]},{"time":5.4666,"x":15.942,"y":0.544,"curve":[0.268,0.52,0.575,0.78]},{"time":5.7666,"x":15.942,"y":0.044}]},"EF_aura1_1":{"rotate":[{"time":5.1666,"angle":54.95}],"translate":[{"time":5.1666,"x":-626.2,"y":23.53}],"scale":[{"time":5.1666,"x":4.826,"y":24.205}]},"EF_aura1_2":{"rotate":[{"time":5.1666,"angle":120.43}],"translate":[{"time":5.1666,"x":-614.54,"y":-3.68}],"scale":[{"time":5.1666,"x":4.826,"y":24.205}]},"MAIN":{"translate":[{"time":2.2333,"x":355,"y":0}]}}},"2-skill2-library":{"slots":{"EF_circlecrash1_1":{"attachment":[{"time":2.0333,"name":"EF/ef_magic_circle_crash_main/ef_magic_circle_crash_main_00002"},{"time":2.0666,"name":"EF/ef_magic_circle_crash_main/ef_magic_circle_crash_main_00004"},{"time":2.1,"name":"EF/ef_magic_circle_crash_main/ef_magic_circle_crash_main_00006"},{"time":2.1333,"name":"EF/ef_magic_circle_crash_main/ef_magic_circle_crash_main_00008"},{"time":2.1666,"name":"EF/ef_magic_circle_crash_main/ef_magic_circle_crash_main_00009"},{"time":2.2,"name":"EF/ef_magic_circle_crash_main/ef_magic_circle_crash_main_00010"},{"time":2.2333,"name":"EF/ef_magic_circle_crash_main/ef_magic_circle_crash_main_00012"},{"time":2.2666,"name":"EF/ef_magic_circle_crash_main/ef_magic_circle_crash_main_00013"},{"time":2.3,"name":null}],"color":[{"time":2.2,"color":"ffffffff"},{"time":2.3,"color":"ffffff00"}]},"EF_circlecrash1_2":{"attachment":[{"time":2.0333,"name":"EF/ef_magic_circle_crash_main/ef_magic_circle_crash_main_00002"},{"time":2.0666,"name":"EF/ef_magic_circle_crash_main/ef_magic_circle_crash_main_00004"},{"time":2.1,"name":"EF/ef_magic_circle_crash_main/ef_magic_circle_crash_main_00006"},{"time":2.1333,"name":"EF/ef_magic_circle_crash_main/ef_magic_circle_crash_main_00008"},{"time":2.1666,"name":"EF/ef_magic_circle_crash_main/ef_magic_circle_crash_main_00009"},{"time":2.2,"name":"EF/ef_magic_circle_crash_main/ef_magic_circle_crash_main_00010"},{"time":2.2333,"name":"EF/ef_magic_circle_crash_main/ef_magic_circle_crash_main_00012"},{"time":2.2666,"name":"EF/ef_magic_circle_crash_main/ef_magic_circle_crash_main_00013"},{"time":2.3,"name":null}],"color":[{"time":2.2,"color":"ffffffff"},{"time":2.3,"color":"ffffff00"}]},"EF_flashring1_1":{"attachment":[{"time":1.3333,"name":"EF/flash_ring/5140_S1B_power1_00001"},{"time":1.3666,"name":"EF/flash_ring/5140_S1B_power1_00002"},{"time":1.4,"name":"EF/flash_ring/5140_S1B_power1_00003"},{"time":1.4666,"name":"EF/flash_ring/5140_S1B_power1_00004"},{"time":1.5333,"name":"EF/flash_ring/5140_S1B_power1_00005"},{"time":1.6,"name":"EF/flash_ring/5140_S1B_power1_00006"},{"time":1.6666,"name":"EF/flash_ring/5140_S1B_power1_00007"},{"time":1.7333,"name":null}],"color":[{"time":1.5666,"color":"ffffffff"},{"time":1.7333,"color":"ffffff00"}]},"EF_lightning1_1":{"attachment":[{"time":2.0333,"name":"EF/ef_lightning_water_main/ef_lightning_water_main_00002"},{"time":2.0666,"name":"EF/ef_lightning_water_main/ef_lightning_water_main_00004"},{"time":2.1,"name":"EF/ef_lightning_water_main/ef_lightning_water_main_00006"},{"time":2.1333,"name":"EF/ef_lightning_water_main/ef_lightning_water_main_00008"},{"time":2.1666,"name":"EF/ef_lightning_water_main/ef_lightning_water_main_00010"},{"time":2.2,"name":"EF/ef_lightning_water_main/ef_lightning_water_main_00012"},{"time":2.2333,"name":"EF/ef_lightning_water_main/ef_lightning_water_main_00014"},{"time":2.2666,"name":null}]},"EF_sword1_1":{"attachment":[{"time":2.0333,"name":"EF/skill2_EF_sword00"}],"color":[{"time":2,"color":"ffffff00"},{"time":2.1,"color":"ffffffff","curve":"stepped"},{"time":2.5,"color":"ffffffff"},{"time":2.6666,"color":"ffffff00"}]},"EF_sword1_2":{"attachment":[{"time":2.0333,"name":"EF/skill2_EF_sword01"}],"color":[{"time":2.6,"color":"ffffffff"},{"time":2.8333,"color":"ffffff00"}]},"EF_trust1_1":{"attachment":[{"time":2.0333,"name":"EF/ef_trust_main/ef_trust_main_00004"},{"time":2.1,"name":"EF/ef_trust_main/ef_trust_main_00006"},{"time":2.1666,"name":"EF/ef_trust_main/ef_trust_main_00008"},{"time":2.2333,"name":"EF/ef_trust_main/ef_trust_main_00009"},{"time":2.3,"name":null}]},"EF_wave1_1":{"attachment":[{"time":2.0333,"name":"EF/710_S1_wave3/710_S1_wave3_00039"},{"time":2.0666,"name":"EF/710_S1_wave3/710_S1_wave3_00040"},{"time":2.1,"name":"EF/710_S1_wave3/710_S1_wave3_00044"},{"time":2.1333,"name":"EF/710_S1_wave3/710_S1_wave3_00045"},{"time":2.1666,"name":"EF/710_S1_wave3/710_S1_wave3_00046"},{"time":2.2,"name":"EF/710_S1_wave3/710_S1_wave3_00047"},{"time":2.2333,"name":null}]},"EF_wind1_1":{"attachment":[{"time":2,"name":"EF/ef_wind/ef_wind_slash_main_00001"},{"time":2.0333,"name":"EF/ef_wind/ef_wind_slash_main_00002"},{"time":2.0666,"name":"EF/ef_wind/ef_wind_slash_main_00003"},{"time":2.1,"name":"EF/ef_wind/ef_wind_slash_main_00004"},{"time":2.1333,"name":"EF/ef_wind/ef_wind_slash_main_00005"},{"time":2.1666,"name":"EF/ef_wind/ef_wind_slash_main_00006"},{"time":2.2,"name":"EF/ef_wind/ef_wind_slash_main_00007"},{"time":2.2333,"name":"EF/ef_wind/ef_wind_slash_main_00008"},{"time":2.2666,"name":"EF/ef_wind/ef_wind_slash_main_00009"},{"time":2.3,"name":"EF/ef_wind/ef_wind_slash_main_00010"},{"time":2.3333,"name":"EF/ef_wind/ef_wind_slash_main_00011"},{"time":2.3666,"name":"EF/ef_wind/ef_wind_slash_main_00012"},{"time":2.4,"name":null}]}},"bones":{"EF_wave1_1":{"translate":[{"time":2.0333,"x":-272.57,"y":-54.19}],"scale":[{"time":2.0333,"x":12,"y":5.5}]},"EF_circlecrash1_1":{"translate":[{"time":2.0333,"x":-379.51,"y":-50.28}],"scale":[{"time":2.0333,"x":3.251,"y":3.251}]},"EF_circlecrash1_2":{"translate":[{"time":2.0333,"x":-330.14,"y":-50.28}],"scale":[{"time":2.0333,"x":2.5,"y":2.5}]},"EF_flashring1_1":{"translate":[{"time":1.3333,"x":-430.82,"y":0}],"scale":[{"time":1.3333,"x":3.965,"y":3.965,"curve":[0.195,0.37,0.555,0.71]},{"time":1.4333,"x":10,"y":10,"curve":[0.307,0.63,0.771,1]},{"time":1.7,"x":15,"y":15}]},"EF_trust1_1":{"translate":[{"time":2.0333,"x":-290.88,"y":0}],"scale":[{"time":2.0333,"x":6.944,"y":3.657}]},"EF_lightning1_1":{"translate":[{"time":2.0333,"x":-523.16,"y":-50}],"scale":[{"time":2.0333,"x":3,"y":2.5}]},"EF_wind1_1":{"rotate":[{"time":2,"angle":270}],"translate":[{"time":2,"x":-783.57,"y":100.7}],"scale":[{"time":2,"x":2,"y":4.5}]},"EF_sword1_1":{"translate":[{"time":2.0333,"x":-470.61,"y":49.59,"curve":[0.111,0.73,0.265,0.94]},{"time":2.1333,"x":-488.89,"y":49.59}],"scale":[{"time":2.0333,"x":1.5,"y":1.5}]}}},"2skill2Failed":{"slots":{"EF_sword1_1":{"attachment":[{"time":0.7,"name":null}],"color":[{"time":0.6666,"color":"ffffff00"},{"time":0.7666,"color":"ffffffff","curve":"stepped"},{"time":1.1666,"color":"ffffffff"},{"time":1.3333,"color":"ffffff00"}]},"EF_sword1_2":{"attachment":[{"time":0.7,"name":null}],"color":[{"time":1.2666,"color":"ffffffff"},{"time":1.5,"color":"ffffff00"}]},"EF_trust1_1":{"attachment":[{"time":0.7,"name":"EF/ef_trust_main/ef_trust_main_00004"},{"time":0.7333,"name":"EF/ef_trust_main/ef_trust_main_00006"},{"time":0.7666,"name":"EF/ef_trust_main/ef_trust_main_00008"},{"time":0.8,"name":"EF/ef_trust_main/ef_trust_main_00009"},{"time":0.8333,"name":null}]}},"bones":{"EF_sword1_1":{"translate":[{"time":0.7,"x":-470.61,"y":49.59,"curve":[0.111,0.73,0.265,0.94]},{"time":0.8,"x":-488.89,"y":49.59}],"scale":[{"time":0.7,"x":1.5,"y":1.5}]},"EF_trust1_1":{"translate":[{"time":0.7,"x":-290.88,"y":-52.14}],"scale":[{"time":0.7,"x":6.944,"y":3.657}]}}},"2skill2counter":{"slots":{"EF_circlecrash1_1":{"attachment":[{"time":0.7,"name":"EF/ef_magic_circle_crash_main/ef_magic_circle_crash_main_00002"},{"time":0.7333,"name":"EF/ef_magic_circle_crash_main/ef_magic_circle_crash_main_00004"},{"time":0.7666,"name":"EF/ef_magic_circle_crash_main/ef_magic_circle_crash_main_00006"},{"time":0.8,"name":"EF/ef_magic_circle_crash_main/ef_magic_circle_crash_main_00008"},{"time":0.8333,"name":"EF/ef_magic_circle_crash_main/ef_magic_circle_crash_main_00009"},{"time":0.8666,"name":"EF/ef_magic_circle_crash_main/ef_magic_circle_crash_main_00010"},{"time":0.9,"name":"EF/ef_magic_circle_crash_main/ef_magic_circle_crash_main_00012"},{"time":0.9333,"name":"EF/ef_magic_circle_crash_main/ef_magic_circle_crash_main_00013"},{"time":0.9666,"name":null}],"color":[{"time":0.8666,"color":"ffffffff"},{"time":0.9666,"color":"ffffff00"}]},"EF_circlecrash1_2":{"attachment":[{"time":0.7,"name":"EF/ef_magic_circle_crash_main/ef_magic_circle_crash_main_00002"},{"time":0.7333,"name":"EF/ef_magic_circle_crash_main/ef_magic_circle_crash_main_00004"},{"time":0.7666,"name":"EF/ef_magic_circle_crash_main/ef_magic_circle_crash_main_00006"},{"time":0.8,"name":"EF/ef_magic_circle_crash_main/ef_magic_circle_crash_main_00008"},{"time":0.8333,"name":"EF/ef_magic_circle_crash_main/ef_magic_circle_crash_main_00009"},{"time":0.8666,"name":"EF/ef_magic_circle_crash_main/ef_magic_circle_crash_main_00010"},{"time":0.9,"name":"EF/ef_magic_circle_crash_main/ef_magic_circle_crash_main_00012"},{"time":0.9333,"name":"EF/ef_magic_circle_crash_main/ef_magic_circle_crash_main_00013"},{"time":0.9666,"name":null}],"color":[{"time":0.8666,"color":"ffffffff"},{"time":0.9666,"color":"ffffff00"}]},"EF_flashring1_1":{"attachment":[{"time":0,"name":"EF/flash_ring/5140_S1B_power1_00001"},{"time":0.0333,"name":"EF/flash_ring/5140_S1B_power1_00002"},{"time":0.0666,"name":"EF/flash_ring/5140_S1B_power1_00003"},{"time":0.1333,"name":"EF/flash_ring/5140_S1B_power1_00004"},{"time":0.2,"name":"EF/flash_ring/5140_S1B_power1_00005"},{"time":0.2666,"name":"EF/flash_ring/5140_S1B_power1_00006"},{"time":0.3333,"name":"EF/flash_ring/5140_S1B_power1_00007"},{"time":0.4,"name":null}],"color":[{"time":0.2333,"color":"ffffffff"},{"time":0.4,"color":"ffffff00"}]},"EF_lightning1_1":{"attachment":[{"time":0.7,"name":"EF/ef_lightning_water_main/ef_lightning_water_main_00002"},{"time":0.7333,"name":"EF/ef_lightning_water_main/ef_lightning_water_main_00004"},{"time":0.7666,"name":"EF/ef_lightning_water_main/ef_lightning_water_main_00006"},{"time":0.8,"name":"EF/ef_lightning_water_main/ef_lightning_water_main_00008"},{"time":0.8333,"name":"EF/ef_lightning_water_main/ef_lightning_water_main_00010"},{"time":0.8666,"name":"EF/ef_lightning_water_main/ef_lightning_water_main_00012"},{"time":0.9,"name":"EF/ef_lightning_water_main/ef_lightning_water_main_00014"},{"time":0.9333,"name":null}]},"EF_sword1_1":{"attachment":[{"time":0.7,"name":"EF/skill2_EF_sword00"}],"color":[{"time":0.6666,"color":"ffffff00"},{"time":0.7666,"color":"ffffffff","curve":"stepped"},{"time":1.1666,"color":"ffffffff"},{"time":1.3333,"color":"ffffff00"}]},"EF_sword1_2":{"attachment":[{"time":0.7,"name":"EF/skill2_EF_sword01"}],"color":[{"time":1.2666,"color":"ffffffff"},{"time":1.5,"color":"ffffff00"}]},"EF_trust1_1":{"attachment":[{"time":0.7,"name":"EF/ef_trust_main/ef_trust_main_00004"},{"time":0.7666,"name":"EF/ef_trust_main/ef_trust_main_00006"},{"time":0.8333,"name":"EF/ef_trust_main/ef_trust_main_00008"},{"time":0.9,"name":"EF/ef_trust_main/ef_trust_main_00009"},{"time":0.9666,"name":null}]},"EF_wave1_1":{"attachment":[{"time":0.7,"name":"EF/710_S1_wave3/710_S1_wave3_00039"},{"time":0.7333,"name":"EF/710_S1_wave3/710_S1_wave3_00040"},{"time":0.7666,"name":"EF/710_S1_wave3/710_S1_wave3_00044"},{"time":0.8,"name":"EF/710_S1_wave3/710_S1_wave3_00045"},{"time":0.8333,"name":"EF/710_S1_wave3/710_S1_wave3_00046"},{"time":0.8666,"name":"EF/710_S1_wave3/710_S1_wave3_00047"},{"time":0.9,"name":null}]},"EF_wind1_1":{"attachment":[{"time":0.6666,"name":"EF/ef_wind/ef_wind_slash_main_00001"},{"time":0.7,"name":"EF/ef_wind/ef_wind_slash_main_00002"},{"time":0.7333,"name":"EF/ef_wind/ef_wind_slash_main_00003"},{"time":0.7666,"name":"EF/ef_wind/ef_wind_slash_main_00004"},{"time":0.8,"name":"EF/ef_wind/ef_wind_slash_main_00005"},{"time":0.8333,"name":"EF/ef_wind/ef_wind_slash_main_00006"},{"time":0.8666,"name":"EF/ef_wind/ef_wind_slash_main_00007"},{"time":0.9,"name":"EF/ef_wind/ef_wind_slash_main_00008"},{"time":0.9333,"name":"EF/ef_wind/ef_wind_slash_main_00009"},{"time":0.9666,"name":"EF/ef_wind/ef_wind_slash_main_00010"},{"time":1,"name":"EF/ef_wind/ef_wind_slash_main_00011"},{"time":1.0333,"name":"EF/ef_wind/ef_wind_slash_main_00012"},{"time":1.0666,"name":null}]}},"bones":{"EF_sword1_1":{"translate":[{"time":0.7,"x":-470.61,"y":49.59,"curve":[0.111,0.73,0.265,0.94]},{"time":0.8,"x":-488.89,"y":49.59}],"scale":[{"time":0.7,"x":1.5,"y":1.5}]},"EF_circlecrash1_1":{"translate":[{"time":0.7,"x":-379.51,"y":-50.28}],"scale":[{"time":0.7,"x":3.251,"y":3.251}]},"EF_flashring1_1":{"translate":[{"time":0,"x":-430.82,"y":0}],"scale":[{"time":0,"x":3.965,"y":3.965,"curve":[0.195,0.37,0.555,0.71]},{"time":0.1,"x":10,"y":10,"curve":[0.307,0.63,0.771,1]},{"time":0.3666,"x":15,"y":15}]},"EF_lightning1_1":{"translate":[{"time":0.7,"x":-523.16,"y":-50}],"scale":[{"time":0.7,"x":3,"y":2.5}]},"EF_circlecrash1_2":{"translate":[{"time":0.7,"x":-330.14,"y":-50.28}],"scale":[{"time":0.7,"x":2.5,"y":2.5}]},"EF_trust1_1":{"translate":[{"time":0.7,"x":-290.88,"y":0}],"scale":[{"time":0.7,"x":6.944,"y":3.657}]},"EF_wave1_1":{"translate":[{"time":0.7,"x":-272.57,"y":-54.19}],"scale":[{"time":0.7,"x":12,"y":5.5}]},"EF_wind1_1":{"rotate":[{"time":0.6666,"angle":270}],"translate":[{"time":0.6666,"x":-783.57,"y":100.7}],"scale":[{"time":0.6666,"x":2,"y":4.5}]}}},"empty":{}}}