{"skeleton":{"hash":"h0z7tIvaCvE+yqLtHenKH9KjuWA","spine":"3.0.12","width":1180,"height":1180},"bones":[{"name":"root"},{"name":"grid","parent":"root"},{"name":"MAIN","parent":"root","y":50.78},{"name":"SHADOW-OFFSET","parent":"MAIN","y":-58.96},{"name":"HITBOX","parent":"MAIN","x":-7,"y":-4.5},{"name":"EF/up_EF","parent":"root","x":20.35,"y":30.8},{"name":"EF/10000","parent":"root","x":28.78,"y":-6.24},{"name":"DAMAGEAREA","parent":"root"}],"slots":[{"name":"grid/bg","bone":"grid"},{"name":"grid/grid","bone":"grid"},{"name":"MAIN","bone":"MAIN","attachment":"idle_00"},{"name":"EF/10000-combo_16_ef2_1B","bone":"EF/10000","color":"a500ffff","blend":"additive"},{"name":"EF/10000-combo_16_ef2_1F","bone":"EF/10000","color":"a500ffff","blend":"additive"},{"name":"EF/up_EF_1","bone":"EF/up_EF","color":"a500ffff","blend":"additive"},{"name":"DAMAGEAREA","bone":"DAMAGEAREA"},{"name":"HITBOX","bone":"HITBOX","attachment":"HITBOX"}],"skins":{"default":{"DAMAGEAREA":{"DAMAGEAREA":{"type":"boundingbox","vertices":[-98.51263,97.28236,-98.51263,-98.77357,98.32137,-98.77357,97.93239,97.67138]}},"EF/10000-combo_16_ef2_1B":{"EF/10000-combo_16_ef2_1B":{"x":-28.78,"y":6.24,"width":412,"height":342}},"EF/10000-combo_16_ef2_1F":{"EF/10000-combo_16_ef2_1F":{"x":-28.78,"y":6.24,"width":412,"height":342}},"EF/up_EF_1":{"EF/up_EF_1":{"x":-20.35,"y":-30.8,"width":200,"height":200}},"HITBOX":{"HITBOX":{"type":"boundingbox","vertices":[-47.94264,50.9952,-47.16463,-46.64377,45.02835,-46.25477,45.02835,51.38421]}},"MAIN":{"back_00":{"x":-14.47,"y":24.15,"width":431,"height":358},"damage_00":{"x":10,"y":29.13,"width":380,"height":298},"front_00":{"x":-18.82,"y":0.64,"width":383,"height":441},"idle_00":{"x":-35.97,"y":-0.49,"width":273,"height":300},"idle_01":{"x":-35.98,"y":-0.49,"width":273,"height":300},"idle_02":{"x":-35.98,"y":-0.49,"width":273,"height":300},"idle_03":{"x":-35.98,"y":-0.49,"width":273,"height":300},"idle_04":{"x":-35.98,"y":-0.49,"width":273,"height":300},"skill_1_00":{"x":-31.37,"y":32.17,"width":579,"height":396},"skill_1_01":{"x":-31.37,"y":32.17,"width":579,"height":396},"skill_1_02":{"x":-31.37,"y":32.17,"width":579,"height":396},"skill_1_03":{"x":-31.37,"y":32.17,"width":579,"height":396},"skill_1_04":{"x":-31.37,"y":32.17,"width":579,"height":396},"skill_1_05":{"x":-31.37,"y":32.17,"width":579,"height":396},"skill_1_06":{"x":-31.37,"y":32.17,"width":579,"height":396},"skill_1_07":{"x":-31.37,"y":32.17,"width":579,"height":396},"skill_1_08":{"x":-31.37,"y":32.17,"width":579,"height":396},"skill_1_09":{"x":-31.37,"y":32.17,"width":579,"height":396},"skill_1_10":{"x":-31.37,"y":32.17,"width":579,"height":396},"skill_1_11":{"x":-31.37,"y":32.17,"width":579,"height":396},"skill_1_12":{"x":-31.37,"y":32.17,"width":579,"height":396},"skill_1_13":{"x":-31.37,"y":32.17,"width":579,"height":396},"skill_1_14":{"x":-31.37,"y":32.17,"width":579,"height":396},"skill_1_15":{"x":-31.37,"y":32.17,"width":579,"height":396},"skill_1_16":{"x":-31.37,"y":32.17,"width":579,"height":396},"skill_1_18":{"x":-31.37,"y":32.17,"width":579,"height":396},"skill_1_19":{"x":-31.37,"y":32.17,"width":579,"height":396},"skill_1_20":{"x":-31.37,"y":32.17,"width":579,"height":396},"skill_2_00":{"x":-8.13,"y":-13.56,"width":510,"height":390},"skill_2_01":{"x":-8.13,"y":-13.56,"width":510,"height":390},"skill_2_02":{"x":-8.13,"y":-13.56,"width":510,"height":390},"skill_2_03":{"x":-8.13,"y":-13.56,"width":510,"height":390},"skill_2_04":{"y":-13.56,"width":510,"height":390},"skill_2_05":{"y":-13.56,"width":510,"height":390},"skill_2_06":{"y":-13.56,"width":510,"height":390},"skill_2_07":{"y":-13.56,"width":510,"height":390},"skill_2_08":{"y":-13.56,"width":510,"height":390},"skill_2_09":{"y":-13.56,"width":510,"height":390},"skill_2_10":{"y":-13.56,"width":510,"height":390},"skill_2_11":{"y":-13.56,"width":510,"height":390},"skill_2_12":{"y":-13.56,"width":510,"height":390},"skill_2_13":{"y":-13.56,"width":510,"height":390},"skill_2_14":{"y":-13.56,"width":510,"height":390},"skill_2_15":{"y":-13.56,"width":510,"height":390},"skill_2_16":{"y":-13.56,"width":510,"height":390},"skill_2_17":{"y":-37.35,"width":510,"height":390},"skill_2_18":{"y":-36.1,"width":510,"height":390},"skill_2_19":{"y":-36.1,"width":510,"height":390},"skill_2_20":{"y":-36.1,"width":510,"height":390}}}},"events":{"Event":{},"Hit":{},"HitEffect":{},"Sound1":{},"Sound2":{},"Sound3":{},"Voice":{}},"animations":{"attack1":{"slots":{"DAMAGEAREA":{"attachment":[{"time":0.5666,"name":"DAMAGEAREA"},{"time":0.7333,"name":null},{"time":1.2666,"name":"DAMAGEAREA"},{"time":1.4333,"name":null}]},"EF/10000-combo_16_ef2_1B":{"attachment":[{"time":1.2,"name":"EF/10000-combo_16_ef2_1B"},{"time":1.2333,"name":null}]},"EF/10000-combo_16_ef2_1F":{"attachment":[{"time":1.2,"name":"EF/10000-combo_16_ef2_1F"},{"time":1.2333,"name":null}]},"EF/up_EF_1":{"attachment":[{"time":0.5333,"name":"EF/up_EF_1"},{"time":0.5666,"name":null}]},"MAIN":{"attachment":[{"time":0,"name":"skill_1_13"},{"time":0.0333,"name":"skill_1_01"},{"time":0.1,"name":"skill_1_02"},{"time":0.1666,"name":"skill_1_03"},{"time":0.2666,"name":"skill_1_04"},{"time":0.3666,"name":"skill_1_05"},{"time":0.5333,"name":"skill_1_06"},{"time":0.5666,"name":"skill_1_07"},{"time":0.6,"name":"skill_1_08"},{"time":0.6333,"name":"skill_1_09"},{"time":0.7666,"name":"skill_1_10"},{"time":0.8333,"name":"skill_1_11"},{"time":0.9333,"name":"skill_1_12"},{"time":1,"name":"skill_1_13"},{"time":1.2,"name":"skill_1_14"},{"time":1.2666,"name":"skill_1_15"},{"time":1.3333,"name":"skill_1_16"},{"time":1.4,"name":"skill_1_18"},{"time":1.4333,"name":"skill_1_19"},{"time":1.4666,"name":"skill_1_20"},{"time":1.6666,"name":"skill_1_20"}]}},"bones":{"MAIN":{"translate":[{"time":0,"x":-21.26,"y":0},{"time":0.1,"x":0,"y":0,"curve":[0.231,0.88,0.432,1]},{"time":0.4666,"x":17.72,"y":0,"curve":"stepped"},{"time":0.5333,"x":-21.26,"y":0,"curve":"stepped"},{"time":1.2,"x":0,"y":0}]},"EF/up_EF":{"rotate":[{"time":0,"angle":84.7,"curve":"stepped"},{"time":0.5333,"angle":84.7}],"translate":[{"time":0,"x":-115.97,"y":5.15,"curve":"stepped"},{"time":0.5333,"x":-115.97,"y":5.15}],"scale":[{"time":0,"x":-2.381,"y":1.757,"curve":"stepped"},{"time":0.5333,"x":-2.381,"y":1.757}]},"EF/10000":{"rotate":[{"time":1.2,"angle":38.74}],"translate":[{"time":1.2,"x":17.31,"y":146.08}],"scale":[{"time":1.2,"x":1.078,"y":-0.557}]},"DAMAGEAREA":{"translate":[{"time":0,"x":-121.49,"y":72.89,"curve":"stepped"},{"time":0.5666,"x":-121.49,"y":72.89,"curve":"stepped"},{"time":1.2666,"x":-63.98,"y":72.89}],"scale":[{"time":0,"x":0.711,"y":0.821,"curve":"stepped"},{"time":0.5666,"x":0.711,"y":0.821,"curve":"stepped"},{"time":1.2666,"x":0.644,"y":0.821}]}},"events":[{"time":0.0333,"name":"Event","float":0.2,"string":"kHitStopType_normal"},{"time":0.0666,"name":"Voice","string":"cri_027_voice_attack_random"},{"time":0.5,"name":"Sound1","string":"cri_se_battle_skill_shot"},{"time":0.5666,"name":"Sound1","string":"setHitSound(se_battle_019_sword_hit_03)"},{"time":1.2,"name":"Sound1","string":"cri_se_battle_skill_shot"},{"time":1.2,"name":"Voice","string":"cri_027_voice_attack_c"},{"time":1.2666,"name":"Hit","float":1.25,"string":"resetHitList"},{"time":1.2666,"name":"Sound1","string":"setHitSound(se_battle_019_sword_hit_03)"}]},"back":{"slots":{"MAIN":{"attachment":[{"time":0,"name":"back_00"},{"time":0.2333,"name":"idle_02"},{"time":0.3,"name":"idle_01"},{"time":0.4333,"name":"idle_00"},{"time":0.7333,"name":"idle_00"}]}},"bones":{"MAIN":{"translate":[{"time":0,"x":0,"y":6.55},{"time":0.1333,"x":89.23,"y":16.6},{"time":0.2,"x":120,"y":0,"curve":[0.158,0.83,0.545,1]},{"time":0.6666,"x":140,"y":0}]}},"events":[{"time":0,"name":"Sound1","string":"cri_se_battle_jump"},{"time":0.2333,"name":"Sound1","string":"cri_se_battle_landing"}]},"cast":{"slots":{"EF/10000-combo_16_ef2_1B":{"attachment":[{"time":0.5,"name":"EF/10000-combo_16_ef2_1B"},{"time":0.5333,"name":null}]},"EF/10000-combo_16_ef2_1F":{"attachment":[{"time":0.5,"name":"EF/10000-combo_16_ef2_1F"},{"time":0.5333,"name":null}]},"MAIN":{"attachment":[{"time":0,"name":"skill_1_11"},{"time":0.1,"name":"skill_1_12"},{"time":0.1666,"name":"skill_1_13"},{"time":0.5,"name":"skill_1_14"},{"time":0.5666,"name":"skill_1_15"},{"time":0.6333,"name":"skill_1_16"},{"time":0.6666,"name":"skill_1_18"},{"time":0.7,"name":"skill_1_19"},{"time":0.7333,"name":"skill_1_20"},{"time":0.9666,"name":"skill_1_20"}]}},"bones":{"MAIN":{"translate":[{"time":0,"x":-10.35,"y":0,"curve":"stepped"},{"time":0.5,"x":0,"y":0}]},"EF/10000":{"rotate":[{"time":0.5,"angle":53.81}],"translate":[{"time":0.5,"x":0.04,"y":156.08}],"scale":[{"time":0.5,"x":1.011,"y":-0.602}]}},"events":[{"time":0.4666,"name":"Voice","string":"cri_027_voice_item"}]},"damage":{"slots":{"MAIN":{"attachment":[{"time":0,"name":"damage_00"}]}}},"front":{"slots":{"MAIN":{"attachment":[{"time":0,"name":"front_00"}]}},"bones":{"MAIN":{"translate":[{"time":0,"x":0,"y":-2.16}]}}},"idle":{"slots":{"MAIN":{"attachment":[{"time":0,"name":"idle_00"},{"time":0.1666,"name":"idle_01"},{"time":0.3333,"name":"idle_02"},{"time":0.5,"name":"idle_03"},{"time":0.6666,"name":"idle_04"},{"time":0.8333,"name":"idle_00"}]}},"bones":{"MAIN":{"translate":[{"time":0,"x":0,"y":0}]}}},"skill1":{"slots":{"DAMAGEAREA":{"attachment":[{"time":1.2,"name":"DAMAGEAREA"},{"time":1.4,"name":null},{"time":1.8333,"name":"DAMAGEAREA"},{"time":2.0333,"name":null}]},"MAIN":{"attachment":[{"time":0,"name":"skill_1_07"},{"time":0.1,"name":"skill_1_01"},{"time":0.2,"name":"skill_1_02"},{"time":0.3,"name":"skill_1_03"},{"time":0.4,"name":"skill_1_03"},{"time":0.5,"name":"skill_1_04"},{"time":0.6,"name":"skill_1_05"},{"time":1.1,"name":"skill_1_06"},{"time":1.1333,"name":"skill_1_07"},{"time":1.1666,"name":"skill_1_08"},{"time":1.2666,"name":"skill_1_09"},{"time":1.3333,"name":"skill_1_10"},{"time":1.4,"name":"skill_1_11"},{"time":1.5333,"name":"skill_1_12"},{"time":1.6333,"name":"skill_1_13"},{"time":1.8,"name":"skill_1_14"},{"time":1.8666,"name":"skill_1_15"},{"time":1.9333,"name":"skill_1_16"},{"time":2,"name":"skill_1_18"},{"time":2.0333,"name":"skill_1_19"},{"time":2.0666,"name":"skill_1_20"},{"time":2.4,"name":"skill_1_20"}]}},"bones":{"MAIN":{"translate":[{"time":0,"x":-29.4,"y":0,"curve":"stepped"},{"time":1.1,"x":-29.4,"y":0}]},"DAMAGEAREA":{"translate":[{"time":1.2,"x":-136.17,"y":97,"curve":"stepped"},{"time":1.2666,"x":-194.51,"y":8.91,"curve":"stepped"},{"time":1.8333,"x":-224.84,"y":95.39},{"time":1.9,"x":-245.28,"y":104.6},{"time":1.9666,"x":-261.34,"y":124.43}],"scale":[{"time":1.2,"x":0.794,"y":0.961,"curve":"stepped"},{"time":1.2666,"x":1.003,"y":0.296,"curve":"stepped"},{"time":1.8333,"x":0.787,"y":0.771},{"time":1.9,"x":1.136,"y":1.112},{"time":1.9666,"x":1.291,"y":1.222}]}},"events":[{"time":0,"name":"HitEffect","string":"setHitEffect(hit02e,1,0.75,1)"},{"time":1.0333,"name":"Sound1","string":"cri_se_battle_skill_shot"},{"time":1.1,"name":"Sound1","string":"cri_se_battle_037_explosion_element_05"},{"time":1.1,"name":"Sound2","string":"cri_se_battle_monster_hit"},{"time":1.1,"name":"Sound3","string":"cri_se_battle_thrustviolently"},{"time":1.1,"name":"Voice","string":"cri_027_voice_skill_all"},{"time":1.1333,"name":"Event","float":0.25,"string":"kHitStopType_enemyonly"},{"time":1.2333,"name":"Event","string":"shakeGround"},{"time":1.2666,"name":"Hit","float":0.9,"string":"resetHitList"},{"time":1.3,"name":"Hit","float":0.8,"string":"resetHitList"},{"time":1.7666,"name":"Sound1","string":"cri_se_battle_skill_shot"},{"time":1.8,"name":"Sound1","string":"cri_se_battle_037_explosion_element_05"},{"time":1.8,"name":"Sound2","string":"setHitSound(se_battle_explosion_short)"},{"time":1.8333,"name":"Hit","float":1,"string":"resetHitList"},{"time":1.8666,"name":"Event","string":"kImpactType_up"},{"time":1.9,"name":"Event","string":"shakeGround"},{"time":1.9,"name":"Hit","float":1.2,"string":"resetHitList"},{"time":1.9666,"name":"Hit","float":1.25,"string":"resetHitList"}]},"skill2":{"slots":{"DAMAGEAREA":{"attachment":[{"time":1.4666,"name":"DAMAGEAREA"},{"time":1.8666,"name":null}]},"MAIN":{"attachment":[{"time":0,"name":"skill_2_00"},{"time":0.0666,"name":"skill_2_01"},{"time":0.1333,"name":"skill_2_02"},{"time":0.2,"name":"skill_2_03"},{"time":0.4,"name":"skill_2_04"},{"time":0.5,"name":"skill_2_05"},{"time":0.5666,"name":"skill_2_06"},{"time":0.6333,"name":"skill_2_07"},{"time":0.7,"name":"skill_2_08"},{"time":0.7666,"name":"skill_2_09"},{"time":0.8666,"name":"skill_2_10"},{"time":0.9666,"name":"skill_2_11"},{"time":1.1,"name":"skill_2_12"},{"time":1.2333,"name":"skill_2_13"},{"time":1.4666,"name":"skill_2_14"},{"time":1.5333,"name":"skill_2_15"},{"time":1.7666,"name":"skill_2_16"},{"time":1.8,"name":"skill_2_17"},{"time":1.8666,"name":"skill_2_18"},{"time":1.9333,"name":"skill_2_19"},{"time":2,"name":"skill_2_20"},{"time":2.0666,"name":"skill_2_20"},{"time":2.5,"name":"skill_2_20"}]}},"bones":{"MAIN":{"translate":[{"time":0.4,"x":-2.64,"y":99.76},{"time":0.5,"x":-8.94,"y":196.96,"curve":[0,0.97,0.506,1]},{"time":1.3333,"x":-16.65,"y":230.12,"curve":"stepped"},{"time":1.4666,"x":-80.98,"y":19.86,"curve":"stepped"},{"time":1.7666,"x":-71.45,"y":1.84,"curve":"stepped"},{"time":1.8,"x":-56.64,"y":-1.33}]},"DAMAGEAREA":{"translate":[{"time":1.4666,"x":-229.15,"y":57.21},{"time":1.6666,"x":-231.86,"y":69.92}],"scale":[{"time":1.4666,"x":0.678,"y":0.636},{"time":1.6666,"x":1.743,"y":0.791}]}},"events":[{"time":0,"name":"HitEffect","string":"setHitEffect(hit02e,1,1,50)"},{"time":0.4,"name":"Sound1","string":"cri_se_battle_jump"},{"time":0.4,"name":"Voice","string":"cri_027_voice_fullarts_rank2"},{"time":1.3333,"name":"Event","float":0.2,"string":"kHitStopType_normal"},{"time":1.3666,"name":"Event","string":"setHitBackEnemy(0,15)"},{"time":1.4,"name":"Event","string":"addOrbitSystemCamera_flush"},{"time":1.4,"name":"Sound1","string":"cri_se_battle_skill_shot"},{"time":1.4666,"name":"Event","float":0.5,"string":"shakeGround_Loop"},{"time":1.4666,"name":"Sound1","string":"cri_se_battle_037_explosion_element_05"},{"time":1.4666,"name":"Sound2","string":"cri_se_battle_monster_hit"},{"time":1.4666,"name":"Sound3","string":"cri_se_battle_darkness_explosion"},{"time":1.5,"name":"Event","string":"kHitStopType_normal"},{"time":1.5,"name":"Sound1","string":"setHitSound(se_battle_hard_hit)"},{"time":1.5333,"name":"Event","float":0.1,"string":"kHitStopType_enemyonly"},{"time":1.5333,"name":"Hit","float":1.1,"string":"resetHitList"},{"time":1.5333,"name":"Sound1","string":"setHitSound(empty)"},{"time":1.5666,"name":"Hit","float":1.25,"string":"resetHitList"},{"time":1.6,"name":"Hit","float":1.45,"string":"resetHitList"},{"time":1.6,"name":"Sound1","string":"setHitSound(se_battle_hard_hit)"},{"time":1.6333,"name":"Hit","float":1.5,"string":"resetHitList"},{"time":1.6333,"name":"Sound1","string":"setHitSound(empty)"},{"time":1.6666,"name":"Hit","float":1.5,"string":"resetHitList"},{"time":1.7,"name":"Hit","float":1.5,"string":"resetHitList"},{"time":1.7,"name":"Sound1","string":"setHitSound(se_battle_hard_hit)"},{"time":1.7333,"name":"Hit","float":1.5,"string":"resetHitList"},{"time":1.7333,"name":"Sound1","string":"setHitSound(empty)"},{"time":1.7666,"name":"Hit","float":1.5,"string":"resetHitList"},{"time":1.8,"name":"Hit","float":1.5,"string":"resetHitList"},{"time":1.8,"name":"Sound1","string":"setHitSound(se_battle_hard_hit)"},{"time":1.8333,"name":"Hit","float":1.5,"string":"resetHitList"},{"time":1.8333,"name":"Sound1","string":"setHitSound(empty)"},{"time":1.8333,"name":"Sound2","string":"cri_se_battle_landing"}]}}}