{"skeleton":{"hash":"h5vUz7pAKy8MG5nz5jqa0A3z18U","spine":"3.0.12","width":600,"height":500},"bones":[{"name":"root"},{"name":"MAIN","parent":"root","y":61},{"name":"ef_slash_main 2","parent":"MAIN","x":800,"y":539},{"name":"ef_slash_main","parent":"MAIN","x":800,"y":239},{"name":"HITBOX","parent":"MAIN","y":-61},{"name":"EF","parent":"MAIN","y":19},{"name":"EF2","parent":"root"},{"name":"ef_tuti_blue6","parent":"EF2","x":2100},{"name":"ef_tuti_blue5","parent":"EF2","x":2100},{"name":"ef_tuti_blue4","parent":"EF2","x":2100},{"name":"ef_tuti_blue3","parent":"EF2","x":2100},{"name":"ef_tuti_blue2","parent":"EF2","x":2100},{"name":"ef_tuti_blue","parent":"EF2","x":2100},{"name":"ef_graund_wave_blue5","parent":"EF2","x":1200},{"name":"ef_graund_wave_blue4","parent":"EF2","x":1200},{"name":"ef_graund_wave_blue3","parent":"EF2","x":1200},{"name":"ef_graund_wave_blue2","parent":"EF2","x":1200},{"name":"ef_graund_wave_blue","parent":"EF2","x":1200},{"name":"ef_graund_ice_new_main4","parent":"EF2","x":2700},{"name":"ef_graund_ice_new_main3","parent":"EF2","x":2700},{"name":"ef_graund_ice_new_main2","parent":"EF2","x":2700},{"name":"ef_graund_ice_new_main","parent":"EF2","x":2700},{"name":"ef_graund_ice_main","parent":"EF2","x":1000},{"name":"ef_dash_blue2","parent":"EF2","x":766.34},{"name":"ef_dash_blue","parent":"EF2","x":766.34},{"name":"S2_snow4","parent":"EF2","x":1500,"y":800},{"name":"S2_snow3","parent":"EF2","x":1500,"y":800},{"name":"S2_snow2","parent":"EF2","x":1500,"y":800},{"name":"S2_snow1","parent":"EF2","x":1500,"y":800},{"name":"DAMAGEAREA","parent":"root"}],"slots":[{"name":"ef_graund_ice_new_main","bone":"ef_graund_ice_new_main","blend":"additive"},{"name":"ef_graund_ice_new_main2","bone":"ef_graund_ice_new_main2","blend":"additive"},{"name":"ef_graund_ice_new_main3","bone":"ef_graund_ice_new_main3"},{"name":"ef_graund_ice_new_main4","bone":"ef_graund_ice_new_main4","blend":"additive"},{"name":"ef_graund_ice_main","bone":"ef_graund_ice_main","blend":"additive"},{"name":"ef_graund_wave_blue","bone":"ef_graund_wave_blue","blend":"additive"},{"name":"ef_graund_wave_blue4","bone":"ef_graund_wave_blue4","blend":"additive"},{"name":"ef_graund_wave_blue5","bone":"ef_graund_wave_blue5","blend":"additive"},{"name":"ef_graund_wave_blue2","bone":"ef_graund_wave_blue2","blend":"additive"},{"name":"ef_graund_wave_blue3","bone":"ef_graund_wave_blue3","blend":"additive"},{"name":"ef_tuti_blue","bone":"ef_tuti_blue","blend":"additive"},{"name":"ef_tuti_blue2","bone":"ef_tuti_blue2","blend":"additive"},{"name":"ef_tuti_blue3","bone":"ef_tuti_blue3","blend":"additive"},{"name":"ef_tuti_blue4","bone":"ef_tuti_blue4","blend":"additive"},{"name":"ef_tuti_blue5","bone":"ef_tuti_blue5","blend":"additive"},{"name":"ef_tuti_blue6","bone":"ef_tuti_blue6","blend":"additive"},{"name":"MAIN","bone":"MAIN","attachment":"idle1_1"},{"name":"EF/attack1_3_ef","bone":"EF","blend":"additive"},{"name":"ef_dash_blue","bone":"ef_dash_blue","blend":"additive"},{"name":"ef_dash_blue2","bone":"ef_dash_blue2","blend":"additive"},{"name":"ef_slash_main","bone":"ef_slash_main","blend":"additive"},{"name":"ef_slash_main2","bone":"ef_slash_main 2","blend":"additive"},{"name":"S2_snow1","bone":"S2_snow1","blend":"additive"},{"name":"S2_snow2","bone":"S2_snow2","blend":"screen"},{"name":"S2_snow3","bone":"S2_snow3","blend":"additive"},{"name":"S2_snow4","bone":"S2_snow4","blend":"additive"},{"name":"DAMAGEAREA","bone":"DAMAGEAREA"},{"name":"HITBOX","bone":"HITBOX","attachment":"HITBOX"}],"skins":{"default":{"DAMAGEAREA":{"DAMAGEAREA":{"type":"boundingbox","vertices":[-64.56155,63.77692,-64.56155,-63.90294,64.07831,-63.90294,64.07831,63.29691]}},"EF/attack1_3_ef":{"EF/attack1_3_ef":{"y":-4.64,"scaleX":2,"scaleY":2,"width":300,"height":250},"EF/attack1_5_ef":{"y":-4.64,"scaleX":2,"scaleY":2,"width":300,"height":250},"EF/attack1_9_ef":{"y":-4.64,"scaleX":2,"scaleY":2,"width":300,"height":250},"EF/skill1_6_ef":{"y":-4.64,"scaleX":2,"scaleY":2,"width":300,"height":250}},"HITBOX":{"HITBOX":{"type":"boundingbox","vertices":[-27.1216,-1.02301,31.43834,-1.02301,29.99836,98.81689,-27.60159,98.33688]}},"MAIN":{"attack1_1":{"x":-2.84,"y":10.66,"scaleX":2,"scaleY":2,"width":300,"height":250},"attack1_2":{"x":-2.84,"y":10.66,"scaleX":2,"scaleY":2,"width":300,"height":250},"attack1_3":{"x":-2.84,"y":10.66,"scaleX":2,"scaleY":2,"width":300,"height":250},"attack1_4":{"x":-2.84,"y":10.66,"scaleX":2,"scaleY":2,"width":300,"height":250},"attack1_5":{"x":-2.84,"y":10.66,"scaleX":2,"scaleY":2,"width":300,"height":250},"attack1_6":{"x":-2.84,"y":10.66,"scaleX":2,"scaleY":2,"width":300,"height":250},"attack1_7":{"x":-2.84,"y":10.66,"scaleX":2,"scaleY":2,"width":300,"height":250},"attack1_8":{"x":-2.84,"y":10.66,"scaleX":2,"scaleY":2,"width":300,"height":250},"attack1_9":{"x":-2.84,"y":10.66,"scaleX":2,"scaleY":2,"width":300,"height":250},"back1_1":{"x":-2.84,"y":10.66,"scaleX":2,"scaleY":2,"width":300,"height":250},"damage_1":{"x":-2.84,"y":10.66,"scaleX":2,"scaleY":2,"width":300,"height":250},"dash1_1":{"x":-2.84,"y":10.66,"scaleX":2,"scaleY":2,"width":300,"height":250},"idle1_1":{"x":-2.84,"y":10.66,"scaleX":2,"scaleY":2,"width":300,"height":250},"idle1_2":{"x":-2.84,"y":10.66,"scaleX":2,"scaleY":2,"width":300,"height":250},"idle1_3":{"x":-2.84,"y":10.66,"scaleX":2,"scaleY":2,"width":300,"height":250},"idle1_4":{"x":-2.84,"y":10.66,"scaleX":2,"scaleY":2,"width":300,"height":250},"skill1_1":{"x":-2.84,"y":10.66,"scaleX":2,"scaleY":2,"width":300,"height":250},"skill1_2":{"x":-2.84,"y":10.66,"scaleX":2,"scaleY":2,"width":300,"height":250},"skill1_3":{"x":-2.84,"y":10.66,"scaleX":2,"scaleY":2,"width":300,"height":250},"skill1_4":{"x":-2.84,"y":10.66,"scaleX":2,"scaleY":2,"width":300,"height":250},"skill1_5":{"x":-2.84,"y":10.66,"scaleX":2,"scaleY":2,"width":300,"height":250},"skill1_6":{"x":-2.84,"y":10.66,"scaleX":2,"scaleY":2,"width":300,"height":250},"skill1_7":{"x":-2.84,"y":10.66,"scaleX":2,"scaleY":2,"width":300,"height":250},"skill1_8":{"x":-2.84,"y":10.66,"scaleX":2,"scaleY":2,"width":300,"height":250},"skill2_1":{"x":-2.84,"y":10.66,"scaleX":2,"scaleY":2,"width":300,"height":250},"skill2_2":{"x":-2.84,"y":10.66,"scaleX":2,"scaleY":2,"width":300,"height":250},"skill2_3":{"x":-2.84,"y":10.66,"scaleX":2,"scaleY":2,"width":300,"height":250},"skill2_4":{"x":-2.84,"y":10.66,"scaleX":2,"scaleY":2,"width":300,"height":250},"skill2_5":{"x":-2.84,"y":10.66,"scaleX":2,"scaleY":2,"width":300,"height":250},"skill2_6":{"x":-2.84,"y":10.66,"scaleX":2,"scaleY":2,"width":300,"height":250}},"S2_snow1":{"EF/S2_snow1/10118_S2_snow1_00007":{"width":500,"height":500}},"S2_snow2":{"EF/S2_snow1/10118_S2_snow1_00007":{"width":500,"height":500}},"S2_snow3":{"EF/S2_snow1/10118_S2_snow1_00007":{"width":500,"height":500}},"S2_snow4":{"EF/S2_snow1/10118_S2_snow1_00007":{"width":500,"height":500}},"ef_dash_blue":{"EF/ef_dash_blue/ef_dash_blue_00001":{"x":33.65,"y":40.5,"width":160,"height":160},"EF/ef_dash_blue/ef_dash_blue_00004":{"x":33.23,"y":40.5,"width":160,"height":160},"EF/ef_dash_blue/ef_dash_blue_00005":{"x":33.65,"y":40.5,"width":160,"height":160},"EF/ef_dash_blue/ef_dash_blue_00006":{"x":33.65,"y":40.5,"width":160,"height":160},"EF/ef_dash_blue/ef_dash_blue_00007":{"x":33.65,"y":40.5,"width":160,"height":160},"EF/ef_dash_blue/ef_dash_blue_00009":{"x":33.65,"y":40.5,"width":160,"height":160},"EF/ef_dash_blue/ef_dash_blue_00011":{"x":33.65,"y":40.5,"width":160,"height":160},"EF/ef_dash_blue/ef_dash_blue_00012":{"x":33.65,"y":40.5,"width":160,"height":160}},"ef_dash_blue2":{"EF/ef_dash_blue/ef_dash_blue_00001":{"x":33.65,"y":40.5,"width":160,"height":160},"EF/ef_dash_blue/ef_dash_blue_00004":{"x":33.23,"y":40.5,"width":160,"height":160},"EF/ef_dash_blue/ef_dash_blue_00005":{"x":33.65,"y":40.5,"width":160,"height":160},"EF/ef_dash_blue/ef_dash_blue_00006":{"x":33.65,"y":40.5,"width":160,"height":160},"EF/ef_dash_blue/ef_dash_blue_00007":{"x":33.65,"y":40.5,"width":160,"height":160},"EF/ef_dash_blue/ef_dash_blue_00009":{"x":33.65,"y":40.5,"width":160,"height":160},"EF/ef_dash_blue/ef_dash_blue_00011":{"x":33.65,"y":40.5,"width":160,"height":160},"EF/ef_dash_blue/ef_dash_blue_00012":{"x":33.65,"y":40.5,"width":160,"height":160}},"ef_graund_ice_main":{"EF/ef_graund_ice_main/ef_graund_ice_main_00001":{"y":5.14,"width":300,"height":160},"EF/ef_graund_ice_main/ef_graund_ice_main_00002":{"y":5.14,"width":300,"height":160},"EF/ef_graund_ice_main/ef_graund_ice_main_00003":{"y":5.14,"width":300,"height":160},"EF/ef_graund_ice_main/ef_graund_ice_main_00004":{"y":5.14,"width":300,"height":160},"EF/ef_graund_ice_main/ef_graund_ice_main_00005":{"y":5.14,"width":300,"height":160},"EF/ef_graund_ice_main/ef_graund_ice_main_00006":{"y":5.14,"width":300,"height":160},"EF/ef_graund_ice_main/ef_graund_ice_main_00007":{"y":5.14,"width":300,"height":160},"EF/ef_graund_ice_main/ef_graund_ice_main_00008":{"y":5.14,"width":300,"height":160},"EF/ef_graund_ice_main/ef_graund_ice_main_00009":{"y":5.14,"width":300,"height":160},"EF/ef_graund_ice_main/ef_graund_ice_main_00010":{"y":5.14,"width":300,"height":160},"EF/ef_graund_ice_main/ef_graund_ice_main_00011":{"y":5.14,"width":300,"height":160},"EF/ef_graund_ice_main/ef_graund_ice_main_00012":{"y":5.14,"width":300,"height":160},"EF/ef_graund_ice_main/ef_graund_ice_main_00013":{"y":5.14,"width":300,"height":160},"EF/ef_graund_ice_main/ef_graund_ice_main_00014":{"y":5.14,"width":300,"height":160},"EF/ef_graund_ice_main/ef_graund_ice_main_00015":{"y":5.14,"width":300,"height":160}},"ef_graund_ice_new_main":{"EF/ef_graund_ice_new_main/ef_graund_ice_new_main_00001":{"width":300,"height":160}},"ef_graund_ice_new_main2":{"EF/ef_graund_ice_new_main/ef_graund_ice_new_main_00002":{"width":300,"height":160}},"ef_graund_ice_new_main3":{"EF/ef_graund_ice_new_main/ef_graund_ice_new_main_00003":{"width":300,"height":160}},"ef_graund_ice_new_main4":{"EF/ef_graund_ice_new_main/ef_graund_ice_new_main_00004":{"width":300,"height":160}},"ef_graund_wave_blue":{"EF/ef_graund_wave_blue/ef_graund_wave_blue_00001":{"y":21,"width":400,"height":240},"EF/ef_graund_wave_blue/ef_graund_wave_blue_00002":{"y":21,"width":400,"height":240},"EF/ef_graund_wave_blue/ef_graund_wave_blue_00003":{"y":21,"width":400,"height":240},"EF/ef_graund_wave_blue/ef_graund_wave_blue_00004":{"y":21,"width":400,"height":240},"EF/ef_graund_wave_blue/ef_graund_wave_blue_00005":{"y":21,"width":400,"height":240},"EF/ef_graund_wave_blue/ef_graund_wave_blue_00006":{"y":21,"width":400,"height":240},"EF/ef_graund_wave_blue/ef_graund_wave_blue_00007":{"y":21,"width":400,"height":240},"EF/ef_graund_wave_blue/ef_graund_wave_blue_00008":{"y":21,"width":400,"height":240},"EF/ef_graund_wave_blue/ef_graund_wave_blue_00010":{"y":21,"width":400,"height":240},"EF/ef_graund_wave_blue/ef_graund_wave_blue_00011":{"y":21,"width":400,"height":240}},"ef_graund_wave_blue2":{"EF/ef_graund_wave_blue/ef_graund_wave_blue_00001":{"y":21,"width":400,"height":240},"EF/ef_graund_wave_blue/ef_graund_wave_blue_00002":{"y":21,"width":400,"height":240},"EF/ef_graund_wave_blue/ef_graund_wave_blue_00003":{"y":21,"width":400,"height":240},"EF/ef_graund_wave_blue/ef_graund_wave_blue_00004":{"y":21,"width":400,"height":240},"EF/ef_graund_wave_blue/ef_graund_wave_blue_00005":{"y":21,"width":400,"height":240},"EF/ef_graund_wave_blue/ef_graund_wave_blue_00006":{"y":21,"width":400,"height":240},"EF/ef_graund_wave_blue/ef_graund_wave_blue_00007":{"y":21,"width":400,"height":240},"EF/ef_graund_wave_blue/ef_graund_wave_blue_00008":{"y":21,"width":400,"height":240},"EF/ef_graund_wave_blue/ef_graund_wave_blue_00010":{"y":21,"width":400,"height":240},"EF/ef_graund_wave_blue/ef_graund_wave_blue_00011":{"y":21,"width":400,"height":240}},"ef_graund_wave_blue3":{"EF/ef_graund_wave_blue/ef_graund_wave_blue_00001":{"y":21,"width":400,"height":240},"EF/ef_graund_wave_blue/ef_graund_wave_blue_00002":{"y":21,"width":400,"height":240},"EF/ef_graund_wave_blue/ef_graund_wave_blue_00003":{"y":21,"width":400,"height":240},"EF/ef_graund_wave_blue/ef_graund_wave_blue_00004":{"y":21,"width":400,"height":240},"EF/ef_graund_wave_blue/ef_graund_wave_blue_00005":{"y":21,"width":400,"height":240},"EF/ef_graund_wave_blue/ef_graund_wave_blue_00006":{"y":21,"width":400,"height":240},"EF/ef_graund_wave_blue/ef_graund_wave_blue_00007":{"y":21,"width":400,"height":240},"EF/ef_graund_wave_blue/ef_graund_wave_blue_00008":{"y":21,"width":400,"height":240},"EF/ef_graund_wave_blue/ef_graund_wave_blue_00010":{"y":21,"width":400,"height":240},"EF/ef_graund_wave_blue/ef_graund_wave_blue_00011":{"y":21,"width":400,"height":240}},"ef_graund_wave_blue4":{"EF/ef_graund_wave_blue/ef_graund_wave_blue_00001":{"y":21,"width":400,"height":240},"EF/ef_graund_wave_blue/ef_graund_wave_blue_00002":{"y":21,"width":400,"height":240},"EF/ef_graund_wave_blue/ef_graund_wave_blue_00003":{"y":21,"width":400,"height":240},"EF/ef_graund_wave_blue/ef_graund_wave_blue_00004":{"y":21,"width":400,"height":240},"EF/ef_graund_wave_blue/ef_graund_wave_blue_00005":{"y":21,"width":400,"height":240},"EF/ef_graund_wave_blue/ef_graund_wave_blue_00006":{"y":21,"width":400,"height":240},"EF/ef_graund_wave_blue/ef_graund_wave_blue_00007":{"y":21,"width":400,"height":240},"EF/ef_graund_wave_blue/ef_graund_wave_blue_00008":{"y":21,"width":400,"height":240},"EF/ef_graund_wave_blue/ef_graund_wave_blue_00010":{"y":21,"width":400,"height":240},"EF/ef_graund_wave_blue/ef_graund_wave_blue_00011":{"y":21,"width":400,"height":240}},"ef_graund_wave_blue5":{"EF/ef_graund_wave_blue/ef_graund_wave_blue_00001":{"y":21,"width":400,"height":240},"EF/ef_graund_wave_blue/ef_graund_wave_blue_00002":{"y":21,"width":400,"height":240},"EF/ef_graund_wave_blue/ef_graund_wave_blue_00003":{"y":21,"width":400,"height":240},"EF/ef_graund_wave_blue/ef_graund_wave_blue_00004":{"y":21,"width":400,"height":240},"EF/ef_graund_wave_blue/ef_graund_wave_blue_00005":{"y":21,"width":400,"height":240},"EF/ef_graund_wave_blue/ef_graund_wave_blue_00006":{"y":21,"width":400,"height":240},"EF/ef_graund_wave_blue/ef_graund_wave_blue_00007":{"y":21,"width":400,"height":240},"EF/ef_graund_wave_blue/ef_graund_wave_blue_00008":{"y":21,"width":400,"height":240},"EF/ef_graund_wave_blue/ef_graund_wave_blue_00010":{"y":21,"width":400,"height":240},"EF/ef_graund_wave_blue/ef_graund_wave_blue_00011":{"y":21,"width":400,"height":240}},"ef_slash_main":{"EF/ef_slash_main/ef_slash_main_00001":{"x":-40,"y":-17,"scaleX":3,"scaleY":3,"width":115,"height":115},"EF/ef_slash_main/ef_slash_main_00002":{"x":-40,"y":-17,"scaleX":3,"scaleY":3,"width":115,"height":115},"EF/ef_slash_main/ef_slash_main_00003":{"x":-40,"y":-17,"scaleX":3,"scaleY":3,"width":115,"height":115},"EF/ef_slash_main/ef_slash_main_00004":{"x":-40,"y":-17,"scaleX":3,"scaleY":3,"width":115,"height":115},"EF/ef_slash_main/ef_slash_main_00005":{"x":-40,"y":-17,"scaleX":3,"scaleY":3,"width":115,"height":115},"EF/ef_slash_main/ef_slash_main_00006":{"x":-40,"y":-17,"scaleX":3,"scaleY":3,"width":115,"height":115},"EF/ef_slash_main/ef_slash_main_00007":{"x":-40,"y":-17,"scaleX":3,"scaleY":3,"width":115,"height":115},"EF/ef_slash_main/ef_slash_main_00008":{"x":-40,"y":-17,"scaleX":3,"scaleY":3,"width":115,"height":115},"EF/ef_slash_main/ef_slash_main_00009":{"x":-40,"y":-17,"scaleX":3,"scaleY":3,"width":115,"height":115},"EF/ef_slash_main/ef_slash_main_00010":{"x":-40,"y":-17,"scaleX":3,"scaleY":3,"width":115,"height":115}},"ef_slash_main2":{"EF/ef_slash_main2/ef_slash_main2_00001":{"y":-38.95,"scaleX":2,"scaleY":2,"width":200,"height":80},"EF/ef_slash_main2/ef_slash_main2_00002":{"y":-38.95,"scaleX":2,"scaleY":2,"width":200,"height":80},"EF/ef_slash_main2/ef_slash_main2_00003":{"y":-38.95,"scaleX":2,"scaleY":2,"width":200,"height":80},"EF/ef_slash_main2/ef_slash_main2_00004":{"y":-38.95,"scaleX":2,"scaleY":2,"width":200,"height":80},"EF/ef_slash_main2/ef_slash_main2_00005":{"y":-38.95,"scaleX":2,"scaleY":2,"width":200,"height":80},"EF/ef_slash_main2/ef_slash_main2_00006":{"y":-38.95,"scaleX":2,"scaleY":2,"width":200,"height":80},"EF/ef_slash_main2/ef_slash_main2_00007":{"y":-38.95,"scaleX":2,"scaleY":2,"width":200,"height":80},"EF/ef_slash_main2/ef_slash_main2_00008":{"y":-38.95,"scaleX":2,"scaleY":2,"width":200,"height":80},"EF/ef_slash_main2/ef_slash_main2_00009":{"y":-38.95,"scaleX":2,"scaleY":2,"width":200,"height":80}},"ef_tuti_blue":{"EF/ef_tuti_blue/ef_tuti_blue_00006":{"y":5.25,"width":400,"height":240},"EF/ef_tuti_blue/ef_tuti_blue_00007":{"y":5.25,"width":400,"height":240},"EF/ef_tuti_blue/ef_tuti_blue_00009":{"y":5.25,"width":400,"height":240},"EF/ef_tuti_blue/ef_tuti_blue_00011":{"y":5.25,"width":400,"height":240},"EF/ef_tuti_blue/ef_tuti_blue_00013":{"y":5.25,"width":400,"height":240},"EF/ef_tuti_blue/ef_tuti_blue_00015":{"y":5.25,"width":400,"height":240},"EF/ef_tuti_blue/ef_tuti_blue_00017":{"y":5.25,"width":400,"height":240}},"ef_tuti_blue2":{"EF/ef_tuti_blue/ef_tuti_blue_00006":{"y":5.25,"width":400,"height":240},"EF/ef_tuti_blue/ef_tuti_blue_00007":{"y":5.25,"width":400,"height":240},"EF/ef_tuti_blue/ef_tuti_blue_00009":{"y":5.25,"width":400,"height":240},"EF/ef_tuti_blue/ef_tuti_blue_00011":{"y":5.25,"width":400,"height":240},"EF/ef_tuti_blue/ef_tuti_blue_00013":{"y":5.25,"width":400,"height":240},"EF/ef_tuti_blue/ef_tuti_blue_00015":{"y":5.25,"width":400,"height":240},"EF/ef_tuti_blue/ef_tuti_blue_00017":{"y":5.25,"width":400,"height":240}},"ef_tuti_blue3":{"EF/ef_tuti_blue/ef_tuti_blue_00006":{"y":5.25,"width":400,"height":240},"EF/ef_tuti_blue/ef_tuti_blue_00007":{"y":5.25,"width":400,"height":240},"EF/ef_tuti_blue/ef_tuti_blue_00009":{"y":5.25,"width":400,"height":240},"EF/ef_tuti_blue/ef_tuti_blue_00011":{"y":5.25,"width":400,"height":240},"EF/ef_tuti_blue/ef_tuti_blue_00013":{"y":5.25,"width":400,"height":240},"EF/ef_tuti_blue/ef_tuti_blue_00015":{"y":5.25,"width":400,"height":240},"EF/ef_tuti_blue/ef_tuti_blue_00017":{"y":5.25,"width":400,"height":240}},"ef_tuti_blue4":{"EF/ef_tuti_blue/ef_tuti_blue_00006":{"y":5.25,"width":400,"height":240},"EF/ef_tuti_blue/ef_tuti_blue_00007":{"y":5.25,"width":400,"height":240},"EF/ef_tuti_blue/ef_tuti_blue_00009":{"y":5.25,"width":400,"height":240},"EF/ef_tuti_blue/ef_tuti_blue_00011":{"y":5.25,"width":400,"height":240},"EF/ef_tuti_blue/ef_tuti_blue_00013":{"y":5.25,"width":400,"height":240},"EF/ef_tuti_blue/ef_tuti_blue_00015":{"y":5.25,"width":400,"height":240},"EF/ef_tuti_blue/ef_tuti_blue_00017":{"y":5.25,"width":400,"height":240}},"ef_tuti_blue5":{"EF/ef_tuti_blue/ef_tuti_blue_00006":{"y":5.25,"width":400,"height":240},"EF/ef_tuti_blue/ef_tuti_blue_00007":{"y":5.25,"width":400,"height":240},"EF/ef_tuti_blue/ef_tuti_blue_00009":{"y":5.25,"width":400,"height":240},"EF/ef_tuti_blue/ef_tuti_blue_00011":{"y":5.25,"width":400,"height":240},"EF/ef_tuti_blue/ef_tuti_blue_00013":{"y":5.25,"width":400,"height":240},"EF/ef_tuti_blue/ef_tuti_blue_00015":{"y":5.25,"width":400,"height":240},"EF/ef_tuti_blue/ef_tuti_blue_00017":{"y":5.25,"width":400,"height":240}},"ef_tuti_blue6":{"EF/ef_tuti_blue/ef_tuti_blue_00006":{"y":5.25,"width":400,"height":240},"EF/ef_tuti_blue/ef_tuti_blue_00007":{"y":5.25,"width":400,"height":240},"EF/ef_tuti_blue/ef_tuti_blue_00009":{"y":5.25,"width":400,"height":240},"EF/ef_tuti_blue/ef_tuti_blue_00011":{"y":5.25,"width":400,"height":240},"EF/ef_tuti_blue/ef_tuti_blue_00013":{"y":5.25,"width":400,"height":240},"EF/ef_tuti_blue/ef_tuti_blue_00015":{"y":5.25,"width":400,"height":240},"EF/ef_tuti_blue/ef_tuti_blue_00017":{"y":5.25,"width":400,"height":240}}}},"events":{"Event":{},"Event2":{},"Sound1":{},"Sound2":{},"Sound3":{},"Voice":{},"hit":{}},"animations":{"attack1":{"slots":{"DAMAGEAREA":{"attachment":[{"time":0.2666,"name":"DAMAGEAREA"},{"time":0.3333,"name":null},{"time":0.6,"name":"DAMAGEAREA"},{"time":0.6666,"name":null},{"time":1.2333,"name":"DAMAGEAREA"},{"time":1.3333,"name":null}]},"EF/attack1_3_ef":{"attachment":[{"time":0.2666,"name":"EF/attack1_3_ef"},{"time":0.6,"name":"EF/attack1_5_ef"},{"time":1.2333,"name":"EF/attack1_9_ef"}],"color":[{"time":0.2666,"color":"ffffffff"},{"time":0.3333,"color":"ffffff00","curve":"stepped"},{"time":0.6,"color":"ffffffff"},{"time":0.6666,"color":"ffffff00","curve":"stepped"},{"time":1.2333,"color":"ffffffff"},{"time":1.4333,"color":"ffffff00"}]},"MAIN":{"attachment":[{"time":0,"name":"idle1_1"},{"time":0.0333,"name":"attack1_1"},{"time":0.1,"name":"attack1_2"},{"time":0.2666,"name":"attack1_3"},{"time":0.4333,"name":"attack1_4"},{"time":0.6,"name":"attack1_5"},{"time":0.8666,"name":"attack1_6"},{"time":0.9666,"name":"attack1_7"},{"time":1.1,"name":"attack1_8"},{"time":1.2333,"name":"attack1_9"},{"time":1.6333,"name":"back1_1"},{"time":2,"name":"idle1_1"}]}},"bones":{"MAIN":{"translate":[{"time":0,"x":0,"y":0,"curve":"stepped"},{"time":0.1,"x":0,"y":0,"curve":[0.236,1,0.603,0.91]},{"time":0.2333,"x":2,"y":0,"curve":[0.153,0.83,0.75,1]},{"time":0.4333,"x":0,"y":0,"curve":[0.77,0.01,0.867,0.25]},{"time":0.6,"x":-17.85,"y":0,"curve":[0.168,0.66,0.75,1]},{"time":0.8666,"x":-32.21,"y":0,"curve":"stepped"},{"time":0.9333,"x":-32.21,"y":0},{"time":0.9666,"x":2.98,"y":0,"curve":[0.293,0.18,0.755,1]},{"time":1.1,"x":-9.19,"y":26.66,"curve":[0.293,0.18,0.755,1]},{"time":1.2,"x":-75.08,"y":53.32,"curve":"stepped"},{"time":1.2333,"x":-80.35,"y":-18.32,"curve":[0.293,0.18,0.755,1]},{"time":1.4333,"x":-83.87,"y":-4.26,"curve":"stepped"},{"time":1.6,"x":-83.87,"y":-4.26,"curve":[0.293,0.18,0.755,1]},{"time":1.6333,"x":-52.22,"y":-4.26,"curve":[0.258,0.56,0.755,1]},{"time":1.8333,"x":-22.53,"y":28.68,"curve":[0.491,0.19,0.747,0.46]},{"time":2,"x":0,"y":0}]},"EF":{"translate":[{"time":0.2666,"x":0,"y":0,"curve":"stepped"},{"time":0.6,"x":0,"y":0,"curve":"stepped"},{"time":1.2333,"x":0,"y":0}]},"DAMAGEAREA":{"translate":[{"time":0.2666,"x":-90.38,"y":119.81,"curve":"stepped"},{"time":0.6,"x":-84.07,"y":84.08,"curve":"stepped"},{"time":1.2333,"x":-130.32,"y":79.87}],"scale":[{"time":0.2666,"x":1.295,"y":1.653,"curve":"stepped"},{"time":0.6,"x":1.374,"y":1.653,"curve":"stepped"},{"time":1.2333,"x":1.432,"y":2.169}]}},"events":[{"time":0.2666,"name":"Event","float":0.06,"string":"kHitStopType_normal"},{"time":0.2666,"name":"Sound1","string":"cri_se_battle_sword_swish_heavy"},{"time":0.2666,"name":"Voice","string":"cri_246_voice_attack_random"},{"time":0.6,"name":"Sound1","string":"cri_se_battle_sword_swish_heavy"},{"time":0.6,"name":"hit","string":"resetHitList"},{"time":0.9666,"name":"Sound1","string":"cri_se_battle_jump"},{"time":1.2,"name":"Voice","string":"cri_246_voice_attack_c"},{"time":1.2333,"name":"Event","float":0.1,"string":"kHitStopType_normal"},{"time":1.2333,"name":"Sound1","string":"cri_se_battle_sword_swish_heavy"},{"time":1.2333,"name":"Voice","string":"cri_246_voice_attack_c"},{"time":1.2333,"name":"hit","string":"resetHitList"},{"time":1.6333,"name":"Sound1","string":"cri_se_battle_jump"},{"time":2,"name":"Sound1","string":"cri_se_battle_landing"}]},"back":{"slots":{"MAIN":{"attachment":[{"time":0,"name":"idle1_1"},{"time":0.0333,"name":"back1_1"},{"time":0.4,"name":"skill1_5"},{"time":0.6333,"name":"idle1_1"}]}},"bones":{"MAIN":{"translate":[{"time":0,"x":0,"y":0,"curve":[0.306,0.35,0.643,0.69]},{"time":0.0333,"x":35.8,"y":6.03,"curve":[0.22,0.72,0.576,0.92]},{"time":0.1666,"x":105,"y":27.24,"curve":[0.268,0.41,0.675,0.87]},{"time":0.4,"x":134,"y":0,"curve":[0.101,0.68,0.75,1]},{"time":0.6,"x":140,"y":0,"curve":"stepped"},{"time":1,"x":140,"y":0}]}},"events":[{"time":0.0333,"name":"Sound1","string":"cri_se_battle_jump"},{"time":0.4,"name":"Sound1","string":"cri_se_battle_landing"}]},"cast":{"slots":{"MAIN":{"attachment":[{"time":0,"name":"idle1_1"},{"time":0.0333,"name":"attack1_2"},{"time":0.2333,"name":"attack1_3"},{"time":0.3333,"name":"attack1_4"},{"time":0.5,"name":"attack1_5"},{"time":1,"name":"attack1_1"}]}},"bones":{"MAIN":{"translate":[{"time":0,"x":0,"y":0,"curve":"stepped"},{"time":0.0333,"x":-9.82,"y":0,"curve":"stepped"},{"time":0.3333,"x":3.77,"y":0,"curve":"stepped"},{"time":0.5,"x":3.77,"y":0,"curve":[0.153,0.81,0.75,1]},{"time":0.6,"x":0,"y":0}]}},"events":[{"time":0.3333,"name":"Voice","string":"cri_246_voice_item"}]},"damage":{"slots":{"MAIN":{"attachment":[{"time":0,"name":"damage_1"}]}},"bones":{"MAIN":{"translate":[{"time":0,"x":0,"y":0}]}}},"front":{"slots":{"MAIN":{"attachment":[{"time":0,"name":"dash1_1"}]}},"bones":{"MAIN":{"translate":[{"time":0,"x":0,"y":0}]}}},"idle":{"slots":{"MAIN":{"attachment":[{"time":0,"name":"idle1_1"},{"time":0.1333,"name":"idle1_2"},{"time":0.3666,"name":"idle1_3"},{"time":0.6666,"name":"idle1_4"},{"time":1,"name":"idle1_1"}]}},"bones":{"MAIN":{"translate":[{"time":0,"x":0,"y":0,"curve":"stepped"},{"time":1,"x":0,"y":0}]},"EF":{"translate":[{"time":0,"x":0,"y":0}]}}},"in":{"slots":{"MAIN":{"attachment":[{"time":0,"name":"back1_1"},{"time":0.2666,"name":"attack1_9"},{"time":0.5,"name":"idle1_1"}],"color":[{"time":0,"color":"ffffff00"},{"time":0.2333,"color":"ffffffff"}]}},"bones":{"MAIN":{"translate":[{"time":0,"x":0,"y":49.58,"curve":[0.695,0.04,0.88,0.48]},{"time":0.2666,"x":0,"y":-10.54,"curve":[0.25,0,0.82,0.53]},{"time":0.3333,"x":0,"y":0,"curve":"stepped"},{"time":0.5,"x":0,"y":0}]}},"events":[{"time":0,"name":"Event","string":"takeSummon"},{"time":0.2666,"name":"Sound1","string":"cri_se_battle_landing"}]},"skill1":{"slots":{"DAMAGEAREA":{"attachment":[{"time":1.1666,"name":"DAMAGEAREA"},{"time":1.7,"name":null},{"time":2.0333,"name":"DAMAGEAREA"},{"time":2.3,"name":null}]},"EF/attack1_3_ef":{"attachment":[{"time":1.1,"name":"EF/skill1_6_ef"}],"color":[{"time":1.1,"color":"ffffff64"},{"time":1.1333,"color":"ffffffff"},{"time":1.2,"color":"ffffff00"}]},"MAIN":{"attachment":[{"time":0,"name":"skill1_8"},{"time":0.0333,"name":"skill1_1"},{"time":0.1,"name":"skill1_2"},{"time":0.2666,"name":"skill1_3"},{"time":0.3666,"name":"skill1_4"},{"time":0.5,"name":"skill2_1"},{"time":0.5666,"name":"skill2_2"},{"time":0.6,"name":"skill2_3"},{"time":1.0666,"name":"attack1_2"},{"time":1.1,"name":"skill1_6"},{"time":1.1333,"name":"skill1_7"},{"time":2.0333,"name":"skill1_8"},{"time":2.7,"name":"idle1_1"}]},"ef_dash_blue":{"attachment":[{"time":1.1,"name":"EF/ef_dash_blue/ef_dash_blue_00001"},{"time":1.1666,"name":"EF/ef_dash_blue/ef_dash_blue_00004"},{"time":1.2,"name":"EF/ef_dash_blue/ef_dash_blue_00005"},{"time":1.2333,"name":"EF/ef_dash_blue/ef_dash_blue_00006"},{"time":1.2666,"name":"EF/ef_dash_blue/ef_dash_blue_00007"},{"time":1.3333,"name":"EF/ef_dash_blue/ef_dash_blue_00009"},{"time":1.4,"name":"EF/ef_dash_blue/ef_dash_blue_00011"},{"time":1.4333,"name":"EF/ef_dash_blue/ef_dash_blue_00012"},{"time":1.5333,"name":null}],"color":[{"time":1.1,"color":"ffffffff","curve":"stepped"},{"time":1.4333,"color":"ffffffff"},{"time":1.5333,"color":"ffffff00"}]},"ef_graund_ice_main":{"attachment":[{"time":1.4333,"name":"EF/ef_graund_ice_main/ef_graund_ice_main_00001"},{"time":1.4666,"name":"EF/ef_graund_ice_main/ef_graund_ice_main_00002"},{"time":1.5,"name":"EF/ef_graund_ice_main/ef_graund_ice_main_00003"},{"time":1.5333,"name":"EF/ef_graund_ice_main/ef_graund_ice_main_00004"},{"time":1.5666,"name":"EF/ef_graund_ice_main/ef_graund_ice_main_00005"},{"time":1.6,"name":"EF/ef_graund_ice_main/ef_graund_ice_main_00006"},{"time":1.6333,"name":"EF/ef_graund_ice_main/ef_graund_ice_main_00007"},{"time":1.6666,"name":"EF/ef_graund_ice_main/ef_graund_ice_main_00008"},{"time":1.7,"name":"EF/ef_graund_ice_main/ef_graund_ice_main_00009"},{"time":1.7333,"name":"EF/ef_graund_ice_main/ef_graund_ice_main_00010"},{"time":1.7666,"name":"EF/ef_graund_ice_main/ef_graund_ice_main_00011"},{"time":1.8,"name":"EF/ef_graund_ice_main/ef_graund_ice_main_00012"},{"time":1.8333,"name":"EF/ef_graund_ice_main/ef_graund_ice_main_00013"},{"time":1.8666,"name":"EF/ef_graund_ice_main/ef_graund_ice_main_00014"},{"time":1.9,"name":"EF/ef_graund_ice_main/ef_graund_ice_main_00015"},{"time":1.9333,"name":"EF/ef_graund_ice_main/ef_graund_ice_main_00001"},{"time":1.9666,"name":"EF/ef_graund_ice_main/ef_graund_ice_main_00002"},{"time":2,"name":"EF/ef_graund_ice_main/ef_graund_ice_main_00003"},{"time":2.0333,"name":null}],"color":[{"time":1.4333,"color":"ffffff9a"}]},"ef_graund_ice_new_main":{"attachment":[{"time":1.1,"name":"EF/ef_graund_ice_new_main/ef_graund_ice_new_main_00001"},{"time":1.1666,"name":null},{"time":2.3666,"name":"EF/ef_graund_ice_new_main/ef_graund_ice_new_main_00001"},{"time":2.4,"name":null}],"color":[{"time":2.3666,"color":"ffffff99"}]},"ef_graund_ice_new_main2":{"attachment":[{"time":1.1333,"name":"EF/ef_graund_ice_new_main/ef_graund_ice_new_main_00002"},{"time":1.1666,"name":null},{"time":2.2,"name":"EF/ef_graund_ice_new_main/ef_graund_ice_new_main_00002"},{"time":2.3666,"name":null}],"color":[{"time":1.1333,"color":"ffffff99"}]},"ef_graund_ice_new_main3":{"attachment":[{"time":1.1666,"name":"EF/ef_graund_ice_new_main/ef_graund_ice_new_main_00003"},{"time":1.4,"name":null},{"time":2.0666,"name":"EF/ef_graund_ice_new_main/ef_graund_ice_new_main_00003"},{"time":2.2,"name":null}],"color":[{"time":1.1666,"color":"ffffff99"}]},"ef_graund_ice_new_main4":{"attachment":[{"time":1.4,"name":"EF/ef_graund_ice_new_main/ef_graund_ice_new_main_00004"},{"time":1.4333,"name":null},{"time":2.0333,"name":"EF/ef_graund_ice_new_main/ef_graund_ice_new_main_00004"},{"time":2.0666,"name":null}],"color":[{"time":1.4,"color":"ffffff9a"}]},"ef_graund_wave_blue":{"attachment":[{"time":1.0666,"name":"EF/ef_graund_wave_blue/ef_graund_wave_blue_00001"},{"time":1.1333,"name":"EF/ef_graund_wave_blue/ef_graund_wave_blue_00002"},{"time":1.2,"name":"EF/ef_graund_wave_blue/ef_graund_wave_blue_00003"},{"time":1.2666,"name":"EF/ef_graund_wave_blue/ef_graund_wave_blue_00004"},{"time":1.3333,"name":"EF/ef_graund_wave_blue/ef_graund_wave_blue_00005"},{"time":1.4,"name":"EF/ef_graund_wave_blue/ef_graund_wave_blue_00006"},{"time":1.4666,"name":"EF/ef_graund_wave_blue/ef_graund_wave_blue_00007"},{"time":1.5333,"name":"EF/ef_graund_wave_blue/ef_graund_wave_blue_00008"},{"time":1.6666,"name":"EF/ef_graund_wave_blue/ef_graund_wave_blue_00010"},{"time":1.7333,"name":"EF/ef_graund_wave_blue/ef_graund_wave_blue_00011"},{"time":1.8666,"name":null}],"color":[{"time":1.5333,"color":"ffffffff","curve":[0.25,0,1,0]},{"time":1.8666,"color":"ffffff00"}]},"ef_slash_main":{"attachment":[{"time":1.1,"name":"EF/ef_slash_main/ef_slash_main_00001"},{"time":1.1333,"name":"EF/ef_slash_main/ef_slash_main_00002"},{"time":1.1666,"name":"EF/ef_slash_main/ef_slash_main_00003"},{"time":1.2,"name":"EF/ef_slash_main/ef_slash_main_00004"},{"time":1.2333,"name":"EF/ef_slash_main/ef_slash_main_00005"},{"time":1.2666,"name":"EF/ef_slash_main/ef_slash_main_00006"},{"time":1.3,"name":"EF/ef_slash_main/ef_slash_main_00007"},{"time":1.3333,"name":"EF/ef_slash_main/ef_slash_main_00008"},{"time":1.3666,"name":"EF/ef_slash_main/ef_slash_main_00009"},{"time":1.4,"name":"EF/ef_slash_main/ef_slash_main_00010"},{"time":1.4333,"name":null}]}},"bones":{"MAIN":{"translate":[{"time":0,"x":-19.43,"y":-2.21,"curve":"stepped"},{"time":0.5,"x":-11.22,"y":0,"curve":[0.321,0.5,0.535,0.8]},{"time":0.8333,"x":0,"y":0,"curve":"stepped"},{"time":1.0666,"x":6.91,"y":0,"curve":[0.32,0.35,0.653,0.67]},{"time":1.1,"x":0,"y":0,"curve":[0.243,0.66,0.572,0.95]},{"time":1.2666,"x":-15,"y":0,"curve":"stepped"},{"time":2.0333,"x":-15,"y":0}]},"EF":{"translate":[{"time":1.1,"x":0,"y":0}]},"ef_slash_main":{"translate":[{"time":1.1,"x":-782.98,"y":-155.33}],"scale":[{"time":1.1,"x":1.5,"y":1.5}]},"ef_graund_wave_blue":{"translate":[{"time":1.0666,"x":-1192.84,"y":-0.56}],"scale":[{"time":1.0666,"x":1.4,"y":1.4,"curve":[0.098,0.97,0.183,0.97]},{"time":1.8666,"x":2,"y":2}]},"ef_dash_blue":{"translate":[{"time":1.1,"x":-688.89,"y":0},{"time":1.5333,"x":-677.23,"y":0}],"scale":[{"time":1.1,"x":2,"y":2}]},"ef_graund_ice_main":{"translate":[{"time":1.4333,"x":-1134.18,"y":-8.33}],"scale":[{"time":1.4333,"x":4,"y":2}]},"ef_graund_ice_new_main":{"translate":[{"time":1.1,"x":-2712.79,"y":0,"curve":"stepped"},{"time":1.1333,"x":-2750.97,"y":0,"curve":"stepped"},{"time":1.1666,"x":-2706.42,"y":0,"curve":"stepped"},{"time":2.3666,"x":-2810.26,"y":0}],"scale":[{"time":1.1,"x":2,"y":2,"curve":[0.558,0.57,0.414,0.83]},{"time":1.1333,"x":2.4,"y":2,"curve":"stepped"},{"time":2.3666,"x":-3.5,"y":2,"curve":"stepped"},{"time":2.4,"x":-3.5,"y":2}]},"ef_graund_ice_new_main2":{"translate":[{"time":1.1333,"x":-2786.71,"y":1.4,"curve":"stepped"},{"time":2.2,"x":-2826.47,"y":1.4},{"time":2.3,"x":-2899.79,"y":1.4},{"time":2.3333,"x":-2967.47,"y":1.4}],"scale":[{"time":1.1333,"x":2,"y":2,"curve":"stepped"},{"time":2.2,"x":-3.5,"y":2},{"time":2.3,"x":-2.348,"y":2},{"time":2.3333,"x":-1.664,"y":2}]},"ef_graund_ice_new_main4":{"translate":[{"time":1.4,"x":-2835.98,"y":0}],"scale":[{"time":1.4,"x":4,"y":2}]},"ef_graund_ice_new_main3":{"translate":[{"time":1.1666,"x":-2696.9,"y":0},{"time":1.3666,"x":-2835.98,"y":0,"curve":"stepped"},{"time":2.0666,"x":-2823.36,"y":0},{"time":2.2,"x":-2991.57,"y":0}],"scale":[{"time":1.1666,"x":2,"y":2},{"time":1.3666,"x":4,"y":2,"curve":"stepped"},{"time":2.0666,"x":-4.118,"y":2},{"time":2.2,"x":-2.094,"y":2}]},"DAMAGEAREA":{"translate":[{"time":1.1666,"x":-2.37,"y":61.44},{"time":1.5,"x":-257.57,"y":74.2}],"scale":[{"time":1.1666,"x":3.026,"y":1.204},{"time":1.5,"x":5.373,"y":1.649}]}},"events":[{"time":0.6,"name":"Voice","string":"cri_246_voice_skill_all"},{"time":1.1,"name":"Event","string":"kHitStopType_normal"},{"time":1.1,"name":"Sound1","string":"cri_se_battle_044_freeze"},{"time":1.1,"name":"Sound2","string":"cri_se_battle_darkness_explosion"},{"time":1.1,"name":"Sound3","string":"setHitSound(se_battle_swordslash_heavy)"},{"time":1.1333,"name":"Event","string":"setHitBackEnemy(30,0)"},{"time":1.1666,"name":"Event","string":"setHitStopTime(0,0.4)"},{"time":1.2333,"name":"hit","string":"resetHitList"},{"time":1.3,"name":"hit","string":"resetHitList"},{"time":1.3666,"name":"hit","string":"resetHitList"},{"time":1.4333,"name":"hit","string":"resetHitList"},{"time":1.5,"name":"hit","string":"resetHitList"},{"time":1.5666,"name":"hit","string":"resetHitList"},{"time":1.6333,"name":"hit","string":"resetHitList"},{"time":2.0333,"name":"Event","string":"setHitBackEnemy(0,0)"},{"time":2.0333,"name":"Sound1","string":"cri_se_battle_053_break"},{"time":2.0333,"name":"hit","string":"resetHitList"},{"time":2.1,"name":"hit","string":"resetHitList"},{"time":2.1666,"name":"hit","string":"resetHitList"},{"time":2.2333,"name":"hit","string":"resetHitList"}]},"skill2":{"slots":{"DAMAGEAREA":{"attachment":[{"time":1.7666,"name":"DAMAGEAREA"},{"time":3.6666,"name":null}]},"MAIN":{"attachment":[{"time":0,"name":"idle1_1"},{"time":0.1,"name":"attack1_1"},{"time":0.2,"name":"skill2_1"},{"time":0.5,"name":"skill2_2"},{"time":0.6666,"name":"skill2_3"},{"time":0.8666,"name":"skill2_2"},{"time":1.0333,"name":"skill2_3"},{"time":1.2333,"name":"skill1_6"},{"time":1.2666,"name":"skill2_4"},{"time":1.3333,"name":"skill2_5"},{"time":3.3333,"name":"skill2_4"},{"time":3.6666,"name":"attack1_9"},{"time":4,"name":"idle1_2"},{"time":4.1666,"name":"idle1_3"},{"time":4.3333,"name":"idle1_4"},{"time":4.5,"name":"idle1_1"}]},"S2_snow1":{"attachment":[{"time":1.3333,"name":"EF/S2_snow1/10118_S2_snow1_00007"},{"time":2.2666,"name":"EF/S2_snow1/10118_S2_snow1_00007"},{"time":3.2,"name":"EF/S2_snow1/10118_S2_snow1_00007"},{"time":3.7666,"name":null}],"color":[{"time":1.3333,"color":"ffffff00","curve":[0.466,0.2,0.782,0.35]},{"time":1.9333,"color":"ffffffc7","curve":[0.174,0.59,0.75,1]},{"time":2.2333,"color":"ffffff00","curve":"stepped"},{"time":2.2666,"color":"ffffff00"},{"time":2.4,"color":"ffffffc7","curve":"stepped"},{"time":2.8666,"color":"ffffffc7","curve":[0.174,0.59,0.75,1]},{"time":3.1666,"color":"ffffff00","curve":"stepped"},{"time":3.2,"color":"ffffff00"},{"time":3.3666,"color":"ffffffc7","curve":"stepped"},{"time":3.5666,"color":"ffffffc7","curve":[0.174,0.59,0.75,1]},{"time":3.7666,"color":"ffffff00"}]},"S2_snow2":{"attachment":[{"time":1.6333,"name":"EF/S2_snow1/10118_S2_snow1_00007"},{"time":2.5333,"name":"EF/S2_snow1/10118_S2_snow1_00007"},{"time":3.4333,"name":"EF/S2_snow1/10118_S2_snow1_00007"},{"time":3.9,"name":null}],"color":[{"time":1.6333,"color":"ffffff00"},{"time":1.7666,"color":"ffffffc7","curve":"stepped"},{"time":2.1666,"color":"ffffffc7","curve":[0.174,0.59,0.75,1]},{"time":2.5,"color":"ffffff00","curve":"stepped"},{"time":2.5333,"color":"ffffff00"},{"time":2.7,"color":"ffffffc7","curve":"stepped"},{"time":3.0666,"color":"ffffffc7","curve":[0.174,0.59,0.75,1]},{"time":3.4,"color":"ffffff00","curve":"stepped"},{"time":3.4333,"color":"ffffff00"},{"time":3.6,"color":"ffffffc7","curve":"stepped"},{"time":3.7,"color":"ffffffc7","curve":[0.174,0.59,0.75,1]},{"time":3.9,"color":"ffffff00"}]},"S2_snow3":{"attachment":[{"time":1.8666,"name":"EF/S2_snow1/10118_S2_snow1_00007"},{"time":3.6333,"name":null}],"color":[{"time":1.8666,"color":"ffffff00"},{"time":2.1,"color":"ffffffc7","curve":"stepped"},{"time":2.4,"color":"ffffffc7","curve":[0.174,0.59,0.75,1]},{"time":2.7333,"color":"ffffff00","curve":"stepped"},{"time":2.7666,"color":"ffffff00"},{"time":2.9333,"color":"ffffffc7","curve":"stepped"},{"time":3.3666,"color":"ffffffc7","curve":[0.174,0.59,0.75,1]},{"time":3.6333,"color":"ffffff00"}]},"S2_snow4":{"attachment":[{"time":2.1,"name":"EF/S2_snow1/10118_S2_snow1_00007"},{"time":3.8333,"name":null}],"color":[{"time":2.1,"color":"ffffff00"},{"time":2.3,"color":"ffffffc7","curve":"stepped"},{"time":2.7666,"color":"ffffffc7","curve":[0.174,0.59,0.75,1]},{"time":2.9666,"color":"ffffff00","curve":"stepped"},{"time":3.0333,"color":"ffffff00"},{"time":3.2333,"color":"ffffffc7","curve":"stepped"},{"time":3.6333,"color":"ffffffc7","curve":[0.174,0.59,0.75,1]},{"time":3.8333,"color":"ffffff00"}]},"ef_dash_blue":{"attachment":[{"time":1.2666,"name":"EF/ef_dash_blue/ef_dash_blue_00001"},{"time":1.3,"name":"EF/ef_dash_blue/ef_dash_blue_00004"},{"time":1.3333,"name":"EF/ef_dash_blue/ef_dash_blue_00005"},{"time":1.3666,"name":"EF/ef_dash_blue/ef_dash_blue_00006"},{"time":1.4,"name":"EF/ef_dash_blue/ef_dash_blue_00007"},{"time":1.4333,"name":"EF/ef_dash_blue/ef_dash_blue_00009"},{"time":1.4666,"name":"EF/ef_dash_blue/ef_dash_blue_00011"},{"time":1.5,"name":"EF/ef_dash_blue/ef_dash_blue_00012"},{"time":1.5333,"name":null}]},"ef_dash_blue2":{"attachment":[{"time":1.2666,"name":"EF/ef_dash_blue/ef_dash_blue_00001"},{"time":1.3,"name":"EF/ef_dash_blue/ef_dash_blue_00004"},{"time":1.3333,"name":"EF/ef_dash_blue/ef_dash_blue_00005"},{"time":1.3666,"name":"EF/ef_dash_blue/ef_dash_blue_00006"},{"time":1.4,"name":"EF/ef_dash_blue/ef_dash_blue_00007"},{"time":1.4333,"name":"EF/ef_dash_blue/ef_dash_blue_00009"},{"time":1.4666,"name":"EF/ef_dash_blue/ef_dash_blue_00011"},{"time":1.5,"name":"EF/ef_dash_blue/ef_dash_blue_00012"},{"time":1.5333,"name":null}]},"ef_graund_wave_blue":{"attachment":[{"time":1.2333,"name":"EF/ef_graund_wave_blue/ef_graund_wave_blue_00001"},{"time":1.2666,"name":"EF/ef_graund_wave_blue/ef_graund_wave_blue_00002"},{"time":1.3,"name":"EF/ef_graund_wave_blue/ef_graund_wave_blue_00003"},{"time":1.3333,"name":"EF/ef_graund_wave_blue/ef_graund_wave_blue_00004"},{"time":1.3666,"name":"EF/ef_graund_wave_blue/ef_graund_wave_blue_00005"},{"time":1.4,"name":"EF/ef_graund_wave_blue/ef_graund_wave_blue_00006"},{"time":1.4333,"name":"EF/ef_graund_wave_blue/ef_graund_wave_blue_00007"},{"time":1.4666,"name":"EF/ef_graund_wave_blue/ef_graund_wave_blue_00008"},{"time":1.5,"name":"EF/ef_graund_wave_blue/ef_graund_wave_blue_00010"},{"time":1.5333,"name":"EF/ef_graund_wave_blue/ef_graund_wave_blue_00011"},{"time":1.6,"name":null}],"color":[{"time":1.5333,"color":"ffffffff"},{"time":1.6,"color":"ffffff00"}]},"ef_tuti_blue":{"attachment":[{"time":1.8333,"name":"EF/ef_tuti_blue/ef_tuti_blue_00006"},{"time":1.8666,"name":"EF/ef_tuti_blue/ef_tuti_blue_00007"},{"time":1.9,"name":"EF/ef_tuti_blue/ef_tuti_blue_00009"},{"time":1.9333,"name":"EF/ef_tuti_blue/ef_tuti_blue_00011"},{"time":1.9666,"name":"EF/ef_tuti_blue/ef_tuti_blue_00013"},{"time":2,"name":"EF/ef_tuti_blue/ef_tuti_blue_00015"},{"time":2.0333,"name":"EF/ef_tuti_blue/ef_tuti_blue_00017"},{"time":2.0666,"name":null},{"time":2.1333,"name":"EF/ef_tuti_blue/ef_tuti_blue_00006"},{"time":2.1666,"name":"EF/ef_tuti_blue/ef_tuti_blue_00007"},{"time":2.2,"name":"EF/ef_tuti_blue/ef_tuti_blue_00009"},{"time":2.2333,"name":"EF/ef_tuti_blue/ef_tuti_blue_00011"},{"time":2.2666,"name":"EF/ef_tuti_blue/ef_tuti_blue_00013"},{"time":2.3,"name":"EF/ef_tuti_blue/ef_tuti_blue_00015"},{"time":2.3333,"name":"EF/ef_tuti_blue/ef_tuti_blue_00017"},{"time":2.3666,"name":null},{"time":2.4333,"name":"EF/ef_tuti_blue/ef_tuti_blue_00006"},{"time":2.4666,"name":"EF/ef_tuti_blue/ef_tuti_blue_00007"},{"time":2.5,"name":"EF/ef_tuti_blue/ef_tuti_blue_00009"},{"time":2.5333,"name":"EF/ef_tuti_blue/ef_tuti_blue_00011"},{"time":2.5666,"name":"EF/ef_tuti_blue/ef_tuti_blue_00013"},{"time":2.6,"name":"EF/ef_tuti_blue/ef_tuti_blue_00015"},{"time":2.6333,"name":"EF/ef_tuti_blue/ef_tuti_blue_00017"},{"time":2.6666,"name":null},{"time":2.7666,"name":"EF/ef_tuti_blue/ef_tuti_blue_00006"},{"time":2.8,"name":"EF/ef_tuti_blue/ef_tuti_blue_00007"},{"time":2.8333,"name":"EF/ef_tuti_blue/ef_tuti_blue_00009"},{"time":2.8666,"name":"EF/ef_tuti_blue/ef_tuti_blue_00011"},{"time":2.9,"name":"EF/ef_tuti_blue/ef_tuti_blue_00013"},{"time":2.9333,"name":"EF/ef_tuti_blue/ef_tuti_blue_00015"},{"time":2.9666,"name":"EF/ef_tuti_blue/ef_tuti_blue_00017"},{"time":3,"name":null},{"time":3.1,"name":"EF/ef_tuti_blue/ef_tuti_blue_00006"},{"time":3.1333,"name":"EF/ef_tuti_blue/ef_tuti_blue_00007"},{"time":3.1666,"name":"EF/ef_tuti_blue/ef_tuti_blue_00009"},{"time":3.2,"name":"EF/ef_tuti_blue/ef_tuti_blue_00011"},{"time":3.2333,"name":"EF/ef_tuti_blue/ef_tuti_blue_00013"},{"time":3.2666,"name":"EF/ef_tuti_blue/ef_tuti_blue_00015"},{"time":3.3,"name":"EF/ef_tuti_blue/ef_tuti_blue_00017"},{"time":3.3333,"name":null},{"time":3.4,"name":"EF/ef_tuti_blue/ef_tuti_blue_00006"},{"time":3.4333,"name":"EF/ef_tuti_blue/ef_tuti_blue_00007"},{"time":3.4666,"name":"EF/ef_tuti_blue/ef_tuti_blue_00009"},{"time":3.5,"name":"EF/ef_tuti_blue/ef_tuti_blue_00011"},{"time":3.5333,"name":"EF/ef_tuti_blue/ef_tuti_blue_00013"},{"time":3.5666,"name":"EF/ef_tuti_blue/ef_tuti_blue_00015"},{"time":3.6,"name":"EF/ef_tuti_blue/ef_tuti_blue_00017"},{"time":3.6333,"name":null}]},"ef_tuti_blue2":{"attachment":[{"time":1.8666,"name":"EF/ef_tuti_blue/ef_tuti_blue_00006"},{"time":1.9,"name":"EF/ef_tuti_blue/ef_tuti_blue_00007"},{"time":1.9333,"name":"EF/ef_tuti_blue/ef_tuti_blue_00009"},{"time":1.9666,"name":"EF/ef_tuti_blue/ef_tuti_blue_00011"},{"time":2,"name":"EF/ef_tuti_blue/ef_tuti_blue_00013"},{"time":2.0333,"name":"EF/ef_tuti_blue/ef_tuti_blue_00015"},{"time":2.0666,"name":"EF/ef_tuti_blue/ef_tuti_blue_00017"},{"time":2.1,"name":null},{"time":2.2333,"name":"EF/ef_tuti_blue/ef_tuti_blue_00006"},{"time":2.2666,"name":"EF/ef_tuti_blue/ef_tuti_blue_00007"},{"time":2.3,"name":"EF/ef_tuti_blue/ef_tuti_blue_00009"},{"time":2.3333,"name":"EF/ef_tuti_blue/ef_tuti_blue_00011"},{"time":2.3666,"name":"EF/ef_tuti_blue/ef_tuti_blue_00013"},{"time":2.4,"name":"EF/ef_tuti_blue/ef_tuti_blue_00015"},{"time":2.4333,"name":"EF/ef_tuti_blue/ef_tuti_blue_00017"},{"time":2.4666,"name":null},{"time":2.6333,"name":"EF/ef_tuti_blue/ef_tuti_blue_00006"},{"time":2.6666,"name":"EF/ef_tuti_blue/ef_tuti_blue_00007"},{"time":2.7,"name":"EF/ef_tuti_blue/ef_tuti_blue_00009"},{"time":2.7333,"name":"EF/ef_tuti_blue/ef_tuti_blue_00011"},{"time":2.7666,"name":"EF/ef_tuti_blue/ef_tuti_blue_00013"},{"time":2.8,"name":"EF/ef_tuti_blue/ef_tuti_blue_00015"},{"time":2.8333,"name":"EF/ef_tuti_blue/ef_tuti_blue_00017"},{"time":2.8666,"name":null},{"time":2.9333,"name":"EF/ef_tuti_blue/ef_tuti_blue_00006"},{"time":2.9666,"name":"EF/ef_tuti_blue/ef_tuti_blue_00007"},{"time":3,"name":"EF/ef_tuti_blue/ef_tuti_blue_00009"},{"time":3.0333,"name":"EF/ef_tuti_blue/ef_tuti_blue_00011"},{"time":3.0666,"name":"EF/ef_tuti_blue/ef_tuti_blue_00013"},{"time":3.1,"name":"EF/ef_tuti_blue/ef_tuti_blue_00015"},{"time":3.1333,"name":"EF/ef_tuti_blue/ef_tuti_blue_00017"},{"time":3.1666,"name":null},{"time":3.2,"name":"EF/ef_tuti_blue/ef_tuti_blue_00006"},{"time":3.2333,"name":"EF/ef_tuti_blue/ef_tuti_blue_00007"},{"time":3.2666,"name":"EF/ef_tuti_blue/ef_tuti_blue_00009"},{"time":3.3,"name":"EF/ef_tuti_blue/ef_tuti_blue_00011"},{"time":3.3333,"name":"EF/ef_tuti_blue/ef_tuti_blue_00013"},{"time":3.3666,"name":"EF/ef_tuti_blue/ef_tuti_blue_00015"},{"time":3.4,"name":"EF/ef_tuti_blue/ef_tuti_blue_00017"},{"time":3.4333,"name":null},{"time":3.4666,"name":"EF/ef_tuti_blue/ef_tuti_blue_00006"},{"time":3.5,"name":"EF/ef_tuti_blue/ef_tuti_blue_00007"},{"time":3.5333,"name":"EF/ef_tuti_blue/ef_tuti_blue_00009"},{"time":3.5666,"name":"EF/ef_tuti_blue/ef_tuti_blue_00011"},{"time":3.6,"name":"EF/ef_tuti_blue/ef_tuti_blue_00013"},{"time":3.6333,"name":"EF/ef_tuti_blue/ef_tuti_blue_00015"},{"time":3.6666,"name":"EF/ef_tuti_blue/ef_tuti_blue_00017"},{"time":3.7,"name":null}]},"ef_tuti_blue3":{"attachment":[{"time":1.9333,"name":"EF/ef_tuti_blue/ef_tuti_blue_00006"},{"time":1.9666,"name":"EF/ef_tuti_blue/ef_tuti_blue_00007"},{"time":2,"name":"EF/ef_tuti_blue/ef_tuti_blue_00009"},{"time":2.0333,"name":"EF/ef_tuti_blue/ef_tuti_blue_00011"},{"time":2.0666,"name":"EF/ef_tuti_blue/ef_tuti_blue_00013"},{"time":2.1,"name":"EF/ef_tuti_blue/ef_tuti_blue_00015"},{"time":2.1333,"name":"EF/ef_tuti_blue/ef_tuti_blue_00017"},{"time":2.1666,"name":null},{"time":2.3333,"name":"EF/ef_tuti_blue/ef_tuti_blue_00006"},{"time":2.3666,"name":"EF/ef_tuti_blue/ef_tuti_blue_00007"},{"time":2.4,"name":"EF/ef_tuti_blue/ef_tuti_blue_00009"},{"time":2.4333,"name":"EF/ef_tuti_blue/ef_tuti_blue_00011"},{"time":2.4666,"name":"EF/ef_tuti_blue/ef_tuti_blue_00013"},{"time":2.5,"name":"EF/ef_tuti_blue/ef_tuti_blue_00015"},{"time":2.5333,"name":"EF/ef_tuti_blue/ef_tuti_blue_00017"},{"time":2.5666,"name":null},{"time":2.6,"name":"EF/ef_tuti_blue/ef_tuti_blue_00006"},{"time":2.6333,"name":"EF/ef_tuti_blue/ef_tuti_blue_00007"},{"time":2.6666,"name":"EF/ef_tuti_blue/ef_tuti_blue_00009"},{"time":2.7,"name":"EF/ef_tuti_blue/ef_tuti_blue_00011"},{"time":2.7333,"name":"EF/ef_tuti_blue/ef_tuti_blue_00013"},{"time":2.7666,"name":"EF/ef_tuti_blue/ef_tuti_blue_00015"},{"time":2.8,"name":"EF/ef_tuti_blue/ef_tuti_blue_00017"},{"time":2.8333,"name":null},{"time":3,"name":"EF/ef_tuti_blue/ef_tuti_blue_00006"},{"time":3.0333,"name":"EF/ef_tuti_blue/ef_tuti_blue_00007"},{"time":3.0666,"name":"EF/ef_tuti_blue/ef_tuti_blue_00009"},{"time":3.1,"name":"EF/ef_tuti_blue/ef_tuti_blue_00011"},{"time":3.1333,"name":"EF/ef_tuti_blue/ef_tuti_blue_00013"},{"time":3.1666,"name":"EF/ef_tuti_blue/ef_tuti_blue_00015"},{"time":3.2,"name":"EF/ef_tuti_blue/ef_tuti_blue_00017"},{"time":3.2333,"name":null},{"time":3.2666,"name":"EF/ef_tuti_blue/ef_tuti_blue_00006"},{"time":3.3,"name":"EF/ef_tuti_blue/ef_tuti_blue_00007"},{"time":3.3333,"name":"EF/ef_tuti_blue/ef_tuti_blue_00009"},{"time":3.3666,"name":"EF/ef_tuti_blue/ef_tuti_blue_00011"},{"time":3.4,"name":"EF/ef_tuti_blue/ef_tuti_blue_00013"},{"time":3.4333,"name":"EF/ef_tuti_blue/ef_tuti_blue_00015"},{"time":3.4666,"name":"EF/ef_tuti_blue/ef_tuti_blue_00017"},{"time":3.5,"name":null}]},"ef_tuti_blue4":{"attachment":[{"time":2,"name":"EF/ef_tuti_blue/ef_tuti_blue_00006"},{"time":2.0333,"name":"EF/ef_tuti_blue/ef_tuti_blue_00007"},{"time":2.0666,"name":"EF/ef_tuti_blue/ef_tuti_blue_00009"},{"time":2.1,"name":"EF/ef_tuti_blue/ef_tuti_blue_00011"},{"time":2.1333,"name":"EF/ef_tuti_blue/ef_tuti_blue_00013"},{"time":2.1666,"name":"EF/ef_tuti_blue/ef_tuti_blue_00015"},{"time":2.2,"name":"EF/ef_tuti_blue/ef_tuti_blue_00017"},{"time":2.2333,"name":null},{"time":2.4,"name":"EF/ef_tuti_blue/ef_tuti_blue_00006"},{"time":2.4333,"name":"EF/ef_tuti_blue/ef_tuti_blue_00007"},{"time":2.4666,"name":"EF/ef_tuti_blue/ef_tuti_blue_00009"},{"time":2.5,"name":"EF/ef_tuti_blue/ef_tuti_blue_00011"},{"time":2.5333,"name":"EF/ef_tuti_blue/ef_tuti_blue_00013"},{"time":2.5666,"name":"EF/ef_tuti_blue/ef_tuti_blue_00015"},{"time":2.6,"name":"EF/ef_tuti_blue/ef_tuti_blue_00017"},{"time":2.6333,"name":null},{"time":2.6666,"name":"EF/ef_tuti_blue/ef_tuti_blue_00006"},{"time":2.7,"name":"EF/ef_tuti_blue/ef_tuti_blue_00007"},{"time":2.7333,"name":"EF/ef_tuti_blue/ef_tuti_blue_00009"},{"time":2.7666,"name":"EF/ef_tuti_blue/ef_tuti_blue_00011"},{"time":2.8,"name":"EF/ef_tuti_blue/ef_tuti_blue_00013"},{"time":2.8333,"name":"EF/ef_tuti_blue/ef_tuti_blue_00015"},{"time":2.8666,"name":"EF/ef_tuti_blue/ef_tuti_blue_00017"},{"time":2.9,"name":null},{"time":3.1,"name":"EF/ef_tuti_blue/ef_tuti_blue_00006"},{"time":3.1333,"name":"EF/ef_tuti_blue/ef_tuti_blue_00007"},{"time":3.1666,"name":"EF/ef_tuti_blue/ef_tuti_blue_00009"},{"time":3.2,"name":"EF/ef_tuti_blue/ef_tuti_blue_00011"},{"time":3.2333,"name":"EF/ef_tuti_blue/ef_tuti_blue_00013"},{"time":3.2666,"name":"EF/ef_tuti_blue/ef_tuti_blue_00015"},{"time":3.3,"name":"EF/ef_tuti_blue/ef_tuti_blue_00017"},{"time":3.3333,"name":null}]},"ef_tuti_blue5":{"attachment":[{"time":2.0333,"name":"EF/ef_tuti_blue/ef_tuti_blue_00006"},{"time":2.0666,"name":"EF/ef_tuti_blue/ef_tuti_blue_00007"},{"time":2.1,"name":"EF/ef_tuti_blue/ef_tuti_blue_00009"},{"time":2.1333,"name":"EF/ef_tuti_blue/ef_tuti_blue_00011"},{"time":2.1666,"name":"EF/ef_tuti_blue/ef_tuti_blue_00013"},{"time":2.2,"name":"EF/ef_tuti_blue/ef_tuti_blue_00015"},{"time":2.2333,"name":"EF/ef_tuti_blue/ef_tuti_blue_00017"},{"time":2.2666,"name":null},{"time":2.5,"name":"EF/ef_tuti_blue/ef_tuti_blue_00006"},{"time":2.5333,"name":"EF/ef_tuti_blue/ef_tuti_blue_00007"},{"time":2.5666,"name":"EF/ef_tuti_blue/ef_tuti_blue_00009"},{"time":2.6,"name":"EF/ef_tuti_blue/ef_tuti_blue_00011"},{"time":2.6333,"name":"EF/ef_tuti_blue/ef_tuti_blue_00013"},{"time":2.6666,"name":"EF/ef_tuti_blue/ef_tuti_blue_00015"},{"time":2.7,"name":"EF/ef_tuti_blue/ef_tuti_blue_00017"},{"time":2.7333,"name":null},{"time":2.8666,"name":"EF/ef_tuti_blue/ef_tuti_blue_00006"},{"time":2.9,"name":"EF/ef_tuti_blue/ef_tuti_blue_00007"},{"time":2.9333,"name":"EF/ef_tuti_blue/ef_tuti_blue_00009"},{"time":2.9666,"name":"EF/ef_tuti_blue/ef_tuti_blue_00011"},{"time":3,"name":"EF/ef_tuti_blue/ef_tuti_blue_00013"},{"time":3.0333,"name":"EF/ef_tuti_blue/ef_tuti_blue_00015"},{"time":3.0666,"name":"EF/ef_tuti_blue/ef_tuti_blue_00017"},{"time":3.1,"name":null},{"time":3.3333,"name":"EF/ef_tuti_blue/ef_tuti_blue_00006"},{"time":3.3666,"name":"EF/ef_tuti_blue/ef_tuti_blue_00007"},{"time":3.4,"name":"EF/ef_tuti_blue/ef_tuti_blue_00009"},{"time":3.4333,"name":"EF/ef_tuti_blue/ef_tuti_blue_00011"},{"time":3.4666,"name":"EF/ef_tuti_blue/ef_tuti_blue_00013"},{"time":3.5,"name":"EF/ef_tuti_blue/ef_tuti_blue_00015"},{"time":3.5333,"name":"EF/ef_tuti_blue/ef_tuti_blue_00017"},{"time":3.5666,"name":null}]},"ef_tuti_blue6":{"attachment":[{"time":2.3,"name":"EF/ef_tuti_blue/ef_tuti_blue_00006"},{"time":2.3333,"name":"EF/ef_tuti_blue/ef_tuti_blue_00007"},{"time":2.3666,"name":"EF/ef_tuti_blue/ef_tuti_blue_00009"},{"time":2.4,"name":"EF/ef_tuti_blue/ef_tuti_blue_00011"},{"time":2.4333,"name":"EF/ef_tuti_blue/ef_tuti_blue_00013"},{"time":2.4666,"name":"EF/ef_tuti_blue/ef_tuti_blue_00015"},{"time":2.5,"name":"EF/ef_tuti_blue/ef_tuti_blue_00017"},{"time":2.5333,"name":null}]}},"bones":{"MAIN":{"rotate":[{"time":1.2666,"angle":9.81},{"time":1.3333,"angle":0}],"translate":[{"time":0,"x":0,"y":0,"curve":"stepped"},{"time":1.2333,"x":0,"y":0,"curve":"stepped"},{"time":1.2666,"x":0,"y":0,"curve":[0.167,0.71,0.75,1]},{"time":1.4666,"x":0,"y":140,"curve":[0.25,0,0.793,0.52]},{"time":3.3333,"x":0,"y":152.62,"curve":[0.25,0,0.782,0.51]},{"time":3.6666,"x":0,"y":-10.64,"curve":[0.267,0.61,0.75,1]},{"time":4,"x":0,"y":0}]},"ef_graund_wave_blue":{"translate":[{"time":1.2333,"x":-1200,"y":0}],"scale":[{"time":1.2333,"x":1.5,"y":1.5},{"time":1.6,"x":1.6,"y":1.6}]},"ef_dash_blue":{"translate":[{"time":1.2666,"x":-706.8,"y":0},{"time":1.5333,"x":-618.04,"y":0}]},"ef_dash_blue2":{"translate":[{"time":1.2666,"x":-830.9,"y":0},{"time":1.5333,"x":-914.64,"y":0}],"scale":[{"time":1.2666,"x":-1,"y":1}]},"S2_snow1":{"translate":[{"time":1.3333,"x":0,"y":-300},{"time":2.2333,"x":-3000,"y":-1300,"curve":"stepped"},{"time":2.2666,"x":0,"y":-300},{"time":3.1666,"x":-3000,"y":-1300,"curve":"stepped"},{"time":3.2,"x":0,"y":-300},{"time":3.7666,"x":-3000,"y":-1300}],"scale":[{"time":1.3333,"x":3.5,"y":3.5}]},"S2_snow2":{"translate":[{"time":1.6333,"x":0,"y":-300},{"time":2.5,"x":-3000,"y":-1300,"curve":"stepped"},{"time":2.5333,"x":0,"y":-300},{"time":3.4,"x":-3000,"y":-1300,"curve":"stepped"},{"time":3.4333,"x":0,"y":-300},{"time":3.9,"x":-3000,"y":-1300}],"scale":[{"time":1.6333,"x":3.5,"y":3.5}]},"S2_snow3":{"translate":[{"time":1.8666,"x":0,"y":-300},{"time":2.7333,"x":-3000,"y":-1300,"curve":"stepped"},{"time":2.7666,"x":0,"y":-300},{"time":3.6333,"x":-3000,"y":-1300}],"scale":[{"time":1.8666,"x":3.5,"y":3.5}]},"S2_snow4":{"translate":[{"time":2.1,"x":0,"y":-300},{"time":2.9666,"x":-3000,"y":-1300,"curve":"stepped"},{"time":3,"x":0,"y":-300},{"time":3.8333,"x":-3000,"y":-1300}],"scale":[{"time":2.1,"x":3.5,"y":3.5}]},"ef_tuti_blue":{"translate":[{"time":1.8333,"x":-2551.19,"y":4.01,"curve":"stepped"},{"time":2.1333,"x":-2582.92,"y":-31.16,"curve":"stepped"},{"time":2.4333,"x":-2700.62,"y":-99.55,"curve":"stepped"},{"time":2.7666,"x":-2443.53,"y":-82.14,"curve":"stepped"},{"time":3.1,"x":-2762.22,"y":-110.38,"curve":"stepped"},{"time":3.4,"x":-2139.51,"y":-52.99}],"scale":[{"time":1.8333,"x":1,"y":1},{"time":1.9333,"x":2,"y":2,"curve":"stepped"},{"time":2.1333,"x":1,"y":1},{"time":2.2333,"x":2.5,"y":2.5,"curve":"stepped"},{"time":2.4333,"x":1,"y":1},{"time":2.5333,"x":2.5,"y":2.5,"curve":"stepped"},{"time":2.7666,"x":1,"y":1},{"time":2.8666,"x":1.5,"y":1.5,"curve":"stepped"},{"time":3.1,"x":1,"y":1},{"time":3.2,"x":2.2,"y":2.2,"curve":"stepped"},{"time":3.4,"x":1,"y":1},{"time":3.5,"x":2.2,"y":2.2}]},"ef_tuti_blue2":{"translate":[{"time":1.7333,"x":-10,"y":0},{"time":1.8666,"x":-2318.1,"y":69.06,"curve":"stepped"},{"time":2.2333,"x":-2446.62,"y":67.43,"curve":"stepped"},{"time":2.6333,"x":-2772.77,"y":-15.26,"curve":"stepped"},{"time":2.9333,"x":-2549.75,"y":30.39,"curve":"stepped"},{"time":3.2,"x":-2168.87,"y":30.39,"curve":"stepped"},{"time":3.4666,"x":-2389.78,"y":5.36}],"scale":[{"time":1.8666,"x":1,"y":1},{"time":1.9666,"x":1.5,"y":1.5,"curve":"stepped"},{"time":2.2333,"x":1,"y":1},{"time":2.3333,"x":1.5,"y":1.5,"curve":"stepped"},{"time":2.6333,"x":1,"y":1},{"time":2.7333,"x":1.5,"y":1.5,"curve":"stepped"},{"time":2.9333,"x":1,"y":1},{"time":3.0333,"x":2,"y":2,"curve":"stepped"},{"time":3.2,"x":1,"y":1},{"time":3.3,"x":2.5,"y":2.5,"curve":"stepped"},{"time":3.4666,"x":1,"y":1},{"time":3.5666,"x":3,"y":3}]},"ef_tuti_blue3":{"translate":[{"time":1.9333,"x":-2197.81,"y":-46.67,"curve":"stepped"},{"time":2.3333,"x":-2481.46,"y":-99.86,"curve":"stepped"},{"time":2.6,"x":-2453.34,"y":82.24,"curve":"stepped"},{"time":3,"x":-2310.44,"y":-73.76,"curve":"stepped"},{"time":3.2666,"x":-2713.7,"y":-17.92}],"scale":[{"time":1.9333,"x":1,"y":1},{"time":2.0333,"x":2,"y":2,"curve":"stepped"},{"time":2.3333,"x":1,"y":1},{"time":2.4333,"x":2,"y":2,"curve":"stepped"},{"time":2.6,"x":1,"y":1},{"time":2.7,"x":1.8,"y":1.8,"curve":"stepped"},{"time":3,"x":1,"y":1},{"time":3.1,"x":2.5,"y":2.5,"curve":"stepped"},{"time":3.2666,"x":1,"y":1},{"time":3.3666,"x":2.8,"y":2.8}]},"ef_tuti_blue4":{"translate":[{"time":2,"x":-1887.88,"y":11.66,"curve":"stepped"},{"time":2.4,"x":-2795.06,"y":-17.63,"curve":"stepped"},{"time":2.6666,"x":-1947.55,"y":-49.18,"curve":"stepped"},{"time":3.1,"x":-1787.41,"y":-9.14}],"scale":[{"time":2,"x":1,"y":1},{"time":2.1,"x":1.5,"y":1.5,"curve":"stepped"},{"time":2.4,"x":1,"y":1},{"time":2.5,"x":1.5,"y":1.5,"curve":"stepped"},{"time":2.6666,"x":1,"y":1},{"time":2.7666,"x":1.5,"y":1.5,"curve":"stepped"},{"time":3.1,"x":1,"y":1},{"time":3.2,"x":1.8,"y":1.8}]},"ef_tuti_blue5":{"translate":[{"time":2.0333,"x":-1666.51,"y":42.16,"curve":"stepped"},{"time":2.5,"x":-2375.66,"y":-23.14,"curve":"stepped"},{"time":2.8666,"x":-2854.78,"y":-23.14,"curve":"stepped"},{"time":3.3333,"x":-2550.37,"y":41.65}],"scale":[{"time":2.0333,"x":1,"y":1},{"time":2.1333,"x":2,"y":2,"curve":"stepped"},{"time":2.5,"x":1,"y":1},{"time":2.6,"x":2,"y":2,"curve":"stepped"},{"time":2.8666,"x":1,"y":1},{"time":2.9666,"x":2,"y":2,"curve":"stepped"},{"time":3.3333,"x":1,"y":1},{"time":3.4333,"x":2,"y":2}]},"ef_tuti_blue6":{"translate":[{"time":2.3,"x":-1778.71,"y":27.46}],"scale":[{"time":2.3,"x":1,"y":1},{"time":2.4,"x":2,"y":2}]},"DAMAGEAREA":{"translate":[{"time":1.7666,"x":-95.28,"y":146.09}],"scale":[{"time":1.7666,"x":9.086,"y":5.41}]}},"events":[{"time":0,"name":"Voice","string":"cri_246_voice_fullarts_now"},{"time":0.1333,"name":"Sound1","string":"cri_se_battle_charge_long"},{"time":1.6,"name":"Sound1","string":"cri_se_battle_storm"},{"time":1.6,"name":"Sound2","string":"cri_se_battle_darkness_explosion"},{"time":1.6,"name":"Sound3","string":"setHitSound(se_battle_007_attack_hit_01)"},{"time":1.7666,"name":"Event","float":0.25,"string":"kHitStopType_enemyonly"},{"time":1.7666,"name":"Event2","float":2,"string":"shakeGround"},{"time":1.7666,"name":"Voice","string":"cri_246_voice_fullarts_rank5"},{"time":1.8,"name":"Event","float":0.05,"string":"kHitStopType_enemyonly"},{"time":1.8,"name":"Sound2","string":"cri_se_battle_thrustviolently"},{"time":1.8333,"name":"Event","float":0.15,"string":"kImpactType_up"},{"time":1.8666,"name":"Event2","float":2,"string":"shakeGround"},{"time":1.8666,"name":"hit","string":"resetHitList"},{"time":1.9333,"name":"Event2","float":2,"string":"shakeGround"},{"time":1.9333,"name":"Sound2","string":"cri_se_battle_thrustviolently"},{"time":1.9333,"name":"hit","string":"resetHitList"},{"time":2,"name":"Event2","float":2,"string":"shakeGround"},{"time":2,"name":"Sound2","string":"cri_se_battle_thrustviolently"},{"time":2,"name":"hit","string":"resetHitList"},{"time":2.0666,"name":"Event2","float":2,"string":"shakeGround"},{"time":2.0666,"name":"hit","string":"resetHitList"},{"time":2.1,"name":"Sound2","string":"cri_se_battle_thrustviolently"},{"time":2.1333,"name":"Event2","float":2,"string":"shakeGround"},{"time":2.1333,"name":"hit","string":"resetHitList"},{"time":2.2,"name":"Event2","float":2,"string":"shakeGround"},{"time":2.2,"name":"Sound2","string":"cri_se_battle_thrustviolently"},{"time":2.2,"name":"hit","string":"resetHitList"},{"time":2.2666,"name":"Event2","float":2,"string":"shakeGround"},{"time":2.2666,"name":"hit","string":"resetHitList"},{"time":2.3,"name":"Sound2","string":"cri_se_battle_thrustviolently"},{"time":2.3333,"name":"Event2","float":2,"string":"shakeGround"},{"time":2.3333,"name":"hit","string":"resetHitList"},{"time":2.4,"name":"Event2","float":2,"string":"shakeGround"},{"time":2.4,"name":"Sound1","string":"cri_se_battle_lightning"},{"time":2.4,"name":"Sound2","string":"cri_se_battle_thrustviolently"},{"time":2.4,"name":"hit","string":"resetHitList"},{"time":2.4666,"name":"Event2","float":2,"string":"shakeGround"},{"time":2.4666,"name":"hit","string":"resetHitList"},{"time":2.5,"name":"Sound2","string":"cri_se_battle_thrustviolently"},{"time":2.5333,"name":"Event2","float":2,"string":"shakeGround"},{"time":2.5333,"name":"hit","string":"resetHitList"},{"time":2.6,"name":"Event2","float":2,"string":"shakeGround"},{"time":2.6,"name":"Sound2","string":"cri_se_battle_thrustviolently"},{"time":2.6,"name":"hit","string":"resetHitList"},{"time":2.6666,"name":"Event2","float":2,"string":"shakeGround"},{"time":2.6666,"name":"hit","string":"resetHitList"},{"time":2.7,"name":"Sound2","string":"cri_se_battle_thrustviolently"},{"time":2.7333,"name":"Event2","float":2,"string":"shakeGround"},{"time":2.7333,"name":"hit","string":"resetHitList"},{"time":2.8,"name":"Event2","float":2,"string":"shakeGround"},{"time":2.8,"name":"Sound2","string":"cri_se_battle_thrustviolently"},{"time":2.8,"name":"hit","string":"resetHitList"},{"time":2.8666,"name":"Event2","float":2,"string":"shakeGround"},{"time":2.8666,"name":"hit","string":"resetHitList"},{"time":2.9,"name":"Sound2","string":"cri_se_battle_thrustviolently"},{"time":2.9333,"name":"Event2","float":2,"string":"shakeGround"},{"time":2.9333,"name":"hit","string":"resetHitList"},{"time":3,"name":"Event2","float":2,"string":"shakeGround"},{"time":3,"name":"Sound2","string":"cri_se_battle_thrustviolently"},{"time":3,"name":"hit","string":"resetHitList"},{"time":3.0666,"name":"Event2","float":2,"string":"shakeGround"},{"time":3.0666,"name":"hit","string":"resetHitList"},{"time":3.1,"name":"Sound2","string":"cri_se_battle_thrustviolently"},{"time":3.1333,"name":"Event2","float":2,"string":"shakeGround"},{"time":3.1333,"name":"hit","string":"resetHitList"},{"time":3.2,"name":"Event2","float":2,"string":"shakeGround"},{"time":3.2,"name":"Sound2","string":"cri_se_battle_thrustviolently"},{"time":3.2,"name":"hit","string":"resetHitList"},{"time":3.2666,"name":"Event2","float":2,"string":"shakeGround"},{"time":3.2666,"name":"hit","string":"resetHitList"},{"time":3.3,"name":"Sound2","string":"cri_se_battle_thrustviolently"},{"time":3.3333,"name":"Event2","float":2,"string":"shakeGround"},{"time":3.3333,"name":"hit","string":"resetHitList"},{"time":3.4,"name":"Event2","float":2,"string":"shakeGround"},{"time":3.4,"name":"Sound2","string":"cri_se_battle_thrustviolently"},{"time":3.4,"name":"hit","string":"resetHitList"},{"time":3.4666,"name":"Event2","float":2,"string":"shakeGround"},{"time":3.4666,"name":"hit","string":"resetHitList"},{"time":3.5333,"name":"Event2","float":2,"string":"shakeGround"},{"time":3.5333,"name":"hit","string":"resetHitList"},{"time":3.6,"name":"Event2","float":2,"string":"shakeGround"},{"time":3.6,"name":"hit","string":"resetHitList"}]}}}