{"skeleton":{"hash":"kbANNRw5k5LyT74ZPgolD10iClA","spine":"3.0.12","width":300,"height":300,"images":"./images2/"},"bones":[{"name":"root"},{"name":"MAIN","parent":"root","y":94.2,"color":"0000ffff"},{"name":"SHADOW-OFFSET","parent":"MAIN","y":-78.8,"color":"ff0015ff"},{"name":"HITBOX","parent":"MAIN","color":"ff0015ff"},{"name":"EF/130_S1_wave1/700_S1_wave1_00003","parent":"root","y":-300},{"name":"EF/130_S1_wave1/700_S1_wave1_3","parent":"root","y":-325.85},{"name":"DAMAGEAREA","parent":"root"}],"slots":[{"name":"EF/130_S1_wave1/700_S1_wave1_3","bone":"EF/130_S1_wave1/700_S1_wave1_3","blend":"additive"},{"name":"EF/130_S1_wave1/700_S1_wave1_00003","bone":"EF/130_S1_wave1/700_S1_wave1_00003","blend":"additive"},{"name":"MAIN","bone":"MAIN","attachment":"skill1_02"},{"name":"DAMAGEAREA","bone":"DAMAGEAREA"},{"name":"HITBOX","bone":"HITBOX","attachment":"HITBOX"}],"skins":{"default":{"DAMAGEAREA":{"DAMAGEAREA":{"type":"boundingbox","vertices":[-63.71174,63.55366,-63.71174,-63.70832,62.90423,-63.70832,62.90423,61.61566]}},"EF/130_S1_wave1/700_S1_wave1_00003":{"EF/130_S1_wave1/700_S1_wave1_00003":{"width":250,"height":250},"EF/130_S1_wave1/700_S1_wave1_00004":{"width":250,"height":250},"EF/130_S1_wave1/700_S1_wave1_00005":{"width":250,"height":250},"EF/130_S1_wave1/700_S1_wave1_00006":{"width":250,"height":250},"EF/130_S1_wave1/700_S1_wave1_00007":{"width":250,"height":250},"EF/130_S1_wave1/700_S1_wave1_00008":{"width":250,"height":250},"EF/130_S1_wave1/700_S1_wave1_00009":{"width":250,"height":250},"EF/130_S1_wave1/700_S1_wave1_00010":{"width":250,"height":250}},"EF/130_S1_wave1/700_S1_wave1_3":{"EF/130_S1_wave1/700_S1_wave1_00003":{"width":250,"height":250},"EF/130_S1_wave1/700_S1_wave1_00004":{"width":250,"height":250},"EF/130_S1_wave1/700_S1_wave1_00005":{"width":250,"height":250},"EF/130_S1_wave1/700_S1_wave1_00006":{"width":250,"height":250},"EF/130_S1_wave1/700_S1_wave1_00007":{"width":250,"height":250},"EF/130_S1_wave1/700_S1_wave1_00008":{"width":250,"height":250},"EF/130_S1_wave1/700_S1_wave1_00009":{"width":250,"height":250},"EF/130_S1_wave1/700_S1_wave1_00010":{"width":250,"height":250}},"HITBOX":{"HITBOX":{"type":"boundingbox","vertices":[-32.05774,64.95681,-31.41175,-62.30516,43.52423,-62.30516,44.81625,64.95681]}},"MAIN":{"attack1_00":{"x":16.53,"y":23.21,"width":300,"height":300},"attack1_01":{"x":18.65,"y":23.21,"width":300,"height":300},"attack1_02":{"x":19.83,"y":23.21,"width":300,"height":300},"attack1_03":{"x":19.24,"y":23.21,"width":300,"height":300},"attack1_04":{"x":30.19,"y":23.21,"width":300,"height":300},"attack1_05":{"x":30.19,"y":23.21,"width":300,"height":300},"attack1_06":{"x":30.19,"y":23.21,"width":300,"height":300},"attack1_07":{"x":27.53,"y":23.21,"width":300,"height":300},"attack1_08":{"x":22.79,"y":23.21,"width":300,"height":300},"attack1_09":{"x":25.16,"y":23.21,"width":300,"height":300},"attack1_10":{"x":19.54,"y":23.21,"width":300,"height":300},"attack1_11":{"x":18.06,"y":23.21,"width":300,"height":300},"back_00":{"x":30.19,"y":23.21,"width":300,"height":300},"damage_00":{"x":15.1,"y":23.21,"width":300,"height":300},"front_00":{"x":30.19,"y":33.87,"width":300,"height":300},"idle_00":{"x":30.19,"y":23.21,"width":300,"height":300},"idle_01":{"x":30.19,"y":23.21,"width":300,"height":300},"idle_02":{"x":30.19,"y":23.21,"width":300,"height":300},"idle_03":{"x":30.19,"y":23.21,"width":300,"height":300},"idle_04":{"x":30.19,"y":23.21,"width":300,"height":300},"skill1_00":{"x":7.39,"y":33.29,"width":300,"height":300},"skill1_01":{"x":30.19,"y":23.21,"width":300,"height":300},"skill1_02":{"x":30.19,"y":23.21,"width":300,"height":300},"skill1_03":{"x":30.19,"y":26.02,"width":300,"height":300},"skill1_roop_00":{"x":22.2,"y":23.21,"width":300,"height":300},"skill1_roop_01":{"x":22.2,"y":23.19,"width":300,"height":300},"skill1_roop_02":{"x":22.2,"y":23.21,"width":300,"height":300},"skill2_00":{"x":30.19,"y":23.21,"width":300,"height":300},"skill2_01":{"x":30.19,"y":23.21,"width":300,"height":300},"skill2_02":{"x":30.19,"y":23.21,"width":300,"height":300},"skill2_03":{"x":33.36,"y":24.79,"width":300,"height":300},"skill2_04":{"x":35.26,"y":33.04,"width":300,"height":300},"skill2_05":{"x":30.19,"y":23.21,"width":300,"height":300},"skill2_06":{"x":29.24,"y":23.21,"width":300,"height":300},"skill2_07":{"x":30.19,"y":23.21,"width":300,"height":300},"skill2_08":{"x":30.19,"y":23.21,"width":300,"height":300},"skill2_loop_00":{"x":34.31,"y":19.39,"width":300,"height":300},"skill2_loop_01":{"x":34.63,"y":19.41,"width":300,"height":300},"skill2_loop_02":{"x":34.63,"y":19.39,"width":300,"height":300}}}},"events":{"Event":{},"Hit":{},"Sound1":{},"Sound2":{},"Voice":{}},"animations":{"attack1":{"slots":{"DAMAGEAREA":{"attachment":[{"time":0.4,"name":"DAMAGEAREA"},{"time":0.5333,"name":null},{"time":0.8,"name":"DAMAGEAREA"},{"time":0.9333,"name":null},{"time":1.1666,"name":"DAMAGEAREA"},{"time":1.3,"name":null}]},"MAIN":{"attachment":[{"time":0,"name":"idle_00"},{"time":0.0333,"name":"attack1_00"},{"time":0.1666,"name":"attack1_01"},{"time":0.4,"name":"attack1_02"},{"time":0.4666,"name":"attack1_03"},{"time":0.5333,"name":"attack1_04"},{"time":0.5666,"name":"attack1_05"},{"time":0.8,"name":"attack1_06"},{"time":0.8666,"name":"attack1_07"},{"time":0.9333,"name":"attack1_08"},{"time":1.1666,"name":"attack1_09"},{"time":1.2666,"name":"attack1_10"},{"time":1.3666,"name":"attack1_11"},{"time":1.6,"name":"idle_01"}]}},"bones":{"MAIN":{"rotate":[{"time":0,"angle":0,"curve":"stepped"},{"time":0.4,"angle":2.48},{"time":0.5666,"angle":1.36,"curve":"stepped"},{"time":0.8,"angle":0,"curve":"stepped"},{"time":0.9333,"angle":0,"curve":"stepped"},{"time":1.3666,"angle":-4.16,"curve":[0.233,0.39,0.75,1]},{"time":1.6,"angle":0}],"translate":[{"time":0,"x":0,"y":0,"curve":[0.171,0.57,0.75,1]},{"time":0.1666,"x":-25.26,"y":-22.78},{"time":0.2666,"x":-25.26,"y":-19.68,"curve":"stepped"},{"time":0.4,"x":-25.26,"y":-19.68,"curve":"stepped"},{"time":0.4666,"x":-18.4,"y":-19.68,"curve":"stepped"},{"time":0.5,"x":-13.8,"y":-19.68,"curve":"stepped"},{"time":0.5333,"x":-14.78,"y":-19.68,"curve":"stepped"},{"time":0.8,"x":-7.91,"y":-19.68,"curve":[0.191,0.48,0.75,1]},{"time":0.9333,"x":-10.85,"y":-19.68,"curve":"stepped"},{"time":1.1666,"x":1.89,"y":-19.68,"curve":"stepped"},{"time":1.3,"x":-5.56,"y":-19.68,"curve":"stepped"},{"time":1.3666,"x":2.1,"y":-20.05,"curve":[0.213,0.43,0.75,1]},{"time":1.6,"x":0,"y":0}]},"DAMAGEAREA":{"translate":[{"time":0.4,"x":-98.17,"y":91.57},{"time":0.4333,"x":-245.85,"y":91.57},{"time":0.4666,"x":-332.47,"y":91.57,"curve":"stepped"},{"time":0.8,"x":-99.82,"y":91.57},{"time":0.8333,"x":-249.15,"y":91.57},{"time":0.8666,"x":-334.12,"y":91.57,"curve":"stepped"},{"time":1.1666,"x":-181.5,"y":91.57},{"time":1.2,"x":-333.3,"y":91.57},{"time":1.2333,"x":-418.27,"y":91.57}],"scale":[{"time":0.4,"x":0.744,"y":0.382}]}},"events":[{"time":0.0333,"name":"Event","float":0.1,"string":"kHitStopType_enemyonly"},{"time":0.3666,"name":"Sound1","string":"cri_se_battle_gun_burst"},{"time":0.3666,"name":"Voice","string":"cri_122_voice_attack_random"},{"time":0.7666,"name":"Sound1","string":"cri_se_battle_gun_burst"},{"time":0.7666,"name":"Voice","string":"cri_122_voice_attack_random"},{"time":0.8,"name":"Hit","string":"resetHitList"},{"time":1.1333,"name":"Sound1","string":"cri_se_battle_gun_burst"},{"time":1.1333,"name":"Voice","string":"cri_122_voice_attack_c"},{"time":1.1666,"name":"Hit","string":"resetHitList"}]},"back":{"slots":{"MAIN":{"attachment":[{"time":0,"name":"back_00"},{"time":0.5666,"name":"idle_00"},{"time":0.7666,"name":"idle_01"},{"time":1,"name":"idle_03"}]}},"bones":{"MAIN":{"rotate":[{"time":0,"angle":-6.28,"curve":"stepped"},{"time":0.5666,"angle":0}],"translate":[{"time":0,"x":0,"y":0,"curve":[0.164,0.86,0.573,0.93]},{"time":0.5,"x":135,"y":0},{"time":0.6666,"x":140,"y":0}]}}},"cast":{"slots":{"MAIN":{"attachment":[{"time":0,"name":"idle_00"},{"time":0.2,"name":"attack1_00"},{"time":0.2333,"name":"attack1_01"},{"time":0.5,"name":"attack1_02"},{"time":1,"name":"idle_00"}]}},"events":[{"time":0.5,"name":"Voice","string":"cri_122_voice_item"}]},"damage":{"slots":{"MAIN":{"attachment":[{"time":0,"name":"damage_00"}]}},"bones":{"MAIN":{"translate":[{"time":0,"x":0,"y":-13.32}]}}},"front":{"slots":{"MAIN":{"attachment":[{"time":0,"name":"front_00"}]}},"bones":{"MAIN":{"rotate":[{"time":0,"angle":3.47}],"translate":[{"time":0,"x":0,"y":-15.71}]}}},"idle":{"slots":{"MAIN":{"attachment":[{"time":0,"name":"idle_00"},{"time":0.2333,"name":"idle_01"},{"time":0.4666,"name":"idle_02"},{"time":0.7,"name":"idle_03"},{"time":0.9333,"name":"idle_04"},{"time":1.1666,"name":"idle_00"}]}}},"skill1":{"slots":{"EF/130_S1_wave1/700_S1_wave1_00003":{"attachment":[{"time":0.9333,"name":"EF/130_S1_wave1/700_S1_wave1_00003"},{"time":0.9666,"name":"EF/130_S1_wave1/700_S1_wave1_00004"},{"time":1,"name":"EF/130_S1_wave1/700_S1_wave1_00005"},{"time":1.0333,"name":"EF/130_S1_wave1/700_S1_wave1_00006"},{"time":1.0666,"name":"EF/130_S1_wave1/700_S1_wave1_00007"},{"time":1.1,"name":"EF/130_S1_wave1/700_S1_wave1_00008"},{"time":1.1333,"name":"EF/130_S1_wave1/700_S1_wave1_00009"},{"time":1.1666,"name":"EF/130_S1_wave1/700_S1_wave1_00010"},{"time":1.2333,"name":null}],"color":[{"time":0.9333,"color":"ffffffc7","curve":"stepped"},{"time":1.0666,"color":"ffffffc7"},{"time":1.2,"color":"ffffff00"}]},"EF/130_S1_wave1/700_S1_wave1_3":{"attachment":[{"time":1.0666,"name":"EF/130_S1_wave1/700_S1_wave1_00003"},{"time":1.1,"name":"EF/130_S1_wave1/700_S1_wave1_00004"},{"time":1.1333,"name":"EF/130_S1_wave1/700_S1_wave1_00005"},{"time":1.1666,"name":"EF/130_S1_wave1/700_S1_wave1_00006"},{"time":1.2,"name":"EF/130_S1_wave1/700_S1_wave1_00007"},{"time":1.2333,"name":"EF/130_S1_wave1/700_S1_wave1_00008"},{"time":1.2666,"name":"EF/130_S1_wave1/700_S1_wave1_00009"},{"time":1.3,"name":"EF/130_S1_wave1/700_S1_wave1_00010"},{"time":1.3666,"name":null}],"color":[{"time":1.0666,"color":"ffffffc7","curve":"stepped"},{"time":1.2,"color":"ffffffc7"},{"time":1.3333,"color":"ffffff00"}]},"MAIN":{"attachment":[{"time":0,"name":"idle_00"},{"time":0.0666,"name":"skill1_00"},{"time":0.1333,"name":"skill1_01"},{"time":0.2,"name":"skill1_02"},{"time":0.3,"name":"skill1_03"},{"time":0.4,"name":"skill1_roop_00"},{"time":0.4666,"name":"skill1_roop_01"},{"time":0.5333,"name":"skill1_roop_02"},{"time":0.6,"name":"skill1_roop_00"},{"time":0.6333,"name":"skill1_roop_01"},{"time":0.6666,"name":"skill1_roop_02"},{"time":0.7,"name":"skill1_roop_00"},{"time":0.7333,"name":"skill1_roop_01"},{"time":0.7666,"name":"skill1_roop_02"},{"time":0.8,"name":"skill1_roop_00"},{"time":0.8333,"name":"skill1_roop_01"},{"time":0.8666,"name":"skill1_roop_02"},{"time":0.9333,"name":"attack1_09"},{"time":1,"name":"attack1_10"},{"time":1.1666,"name":"attack1_11"},{"time":1.3,"name":"idle_00"}]}},"bones":{"MAIN":{"rotate":[{"time":0,"angle":0,"curve":[0.25,0,0.792,0.67]},{"time":0.3,"angle":-3.98,"curve":[0.25,0,0.814,0.24]},{"time":0.4,"angle":7.66,"curve":"stepped"},{"time":1.1666,"angle":0}],"translate":[{"time":0,"x":0,"y":0},{"time":0.3,"x":4.38,"y":0,"curve":"stepped"},{"time":0.9,"x":4.38,"y":0},{"time":0.9333,"x":30.94,"y":8.9},{"time":1,"x":25.84,"y":7.09,"curve":"stepped"},{"time":1.1666,"x":25.84,"y":7.09,"curve":[0.25,0,0.75,1]},{"time":1.4333,"x":14.87,"y":-2.2},{"time":1.6666,"x":14.87,"y":0}]},"EF/130_S1_wave1/700_S1_wave1_00003":{"translate":[{"time":0.9333,"x":0,"y":301.4}],"scale":[{"time":0.9333,"x":2.574,"y":2.574},{"time":1.1666,"x":4.133,"y":4.133}]},"EF/130_S1_wave1/700_S1_wave1_3":{"translate":[{"time":1.0666,"x":0,"y":325.7}],"scale":[{"time":1.0666,"x":2.574,"y":2.574},{"time":1.3,"x":4.133,"y":4.133}]}},"events":[{"time":0.0333,"name":"Sound1","string":"cri_se_battle_gun_burst"},{"time":0.4333,"name":"Event","string":"runScript_BurstBurningSkill1"},{"time":0.6666,"name":"Voice","string":"cri_122_voice_skill_all"},{"time":0.9,"name":"Event","string":"shakeGround"},{"time":0.9333,"name":"Event","string":"runScript_skill1Shot"},{"time":1.6,"name":"Event","string":"excuteAction"},{"time":1.6666,"name":"Event","string":"runSkillEffect"}]},"skill2":{"slots":{"DAMAGEAREA":{"attachment":[{"time":1.9,"name":"DAMAGEAREA"},{"time":3.1333,"name":null}]},"EF/130_S1_wave1/700_S1_wave1_00003":{"attachment":[{"time":0.2,"name":"EF/130_S1_wave1/700_S1_wave1_00003"},{"time":0.2333,"name":"EF/130_S1_wave1/700_S1_wave1_00004"},{"time":0.2666,"name":"EF/130_S1_wave1/700_S1_wave1_00005"},{"time":0.3,"name":"EF/130_S1_wave1/700_S1_wave1_00006"},{"time":0.3333,"name":"EF/130_S1_wave1/700_S1_wave1_00007"},{"time":0.3666,"name":"EF/130_S1_wave1/700_S1_wave1_00008"},{"time":0.4,"name":"EF/130_S1_wave1/700_S1_wave1_00009"},{"time":0.4333,"name":"EF/130_S1_wave1/700_S1_wave1_00010"},{"time":0.4666,"name":null}],"color":[{"time":0.2,"color":"ffffffc7","curve":"stepped"},{"time":0.3,"color":"ffffffc7"},{"time":0.4,"color":"ffffff00"}]},"MAIN":{"attachment":[{"time":0.0666,"name":"skill2_01"},{"time":0.2,"name":"skill2_02"},{"time":0.4666,"name":"skill2_03"},{"time":0.7666,"name":"skill2_04"},{"time":0.9,"name":"skill2_05"},{"time":0.9666,"name":"skill2_05"},{"time":1.1,"name":"skill2_06"},{"time":1.1666,"name":"skill2_loop_00"},{"time":1.4,"name":"skill1_01"},{"time":1.5333,"name":"skill1_02"},{"time":1.7666,"name":"skill1_03"},{"time":1.8333,"name":"skill1_roop_01"},{"time":1.9,"name":"skill1_roop_02"},{"time":1.9666,"name":"skill1_roop_00"},{"time":2.0333,"name":"skill1_roop_01"},{"time":2.1,"name":"skill1_roop_02"},{"time":2.1666,"name":"skill1_roop_00"},{"time":2.2333,"name":"skill1_roop_01"},{"time":2.3,"name":"skill1_roop_02"},{"time":2.3666,"name":"skill1_roop_00"},{"time":2.4333,"name":"skill1_roop_01"},{"time":2.5,"name":"skill1_roop_02"},{"time":2.5666,"name":"skill1_roop_00"},{"time":2.6333,"name":"skill1_roop_01"},{"time":2.7,"name":"skill1_roop_02"},{"time":2.7666,"name":"skill1_roop_00"},{"time":2.8333,"name":"skill1_roop_01"},{"time":2.9,"name":"skill1_roop_02"},{"time":2.9666,"name":"skill1_roop_00"},{"time":3.0333,"name":"skill1_roop_01"},{"time":3.1,"name":"skill1_roop_02"},{"time":3.1666,"name":"skill1_roop_00"},{"time":3.2333,"name":"skill1_roop_02"},{"time":3.4333,"name":"skill2_07"},{"time":3.6666,"name":"skill2_08"},{"time":4.2333,"name":"idle_00"},{"time":4.6666,"name":"idle_00"}]}},"bones":{"MAIN":{"rotate":[{"time":0.2,"angle":-16.33,"curve":"stepped"},{"time":0.4666,"angle":20.79,"curve":[0.196,0.66,0.75,1]},{"time":0.8333,"angle":21.75,"curve":"stepped"},{"time":1.1,"angle":0,"curve":"stepped"},{"time":1.1666,"angle":0,"curve":"stepped"},{"time":1.4,"angle":-3.38,"curve":[0.664,0,0.884,0.24]},{"time":1.6666,"angle":1.09,"curve":"stepped"},{"time":1.7666,"angle":30.96,"curve":"stepped"},{"time":3.4333,"angle":23.1,"curve":[0.125,0.6,0.763,1]},{"time":3.5333,"angle":0}],"translate":[{"time":0.1666,"x":6.58,"y":-5.79,"curve":[0.343,0.28,0.676,0.61]},{"time":0.2,"x":-17.36,"y":33.58,"curve":[0.214,0.73,0.603,0.91]},{"time":0.5333,"x":-51.26,"y":160.84,"curve":"stepped"},{"time":0.5666,"x":-51.26,"y":160.84,"curve":[0.25,0,0.75,1]},{"time":0.9,"x":-53.08,"y":156.24,"curve":[0.65,0,0.888,0.44]},{"time":0.9666,"x":-54.67,"y":154,"curve":[0.65,0,0.888,0.44]},{"time":1.1,"x":-61.51,"y":170.12,"curve":"stepped"},{"time":1.4,"x":-60.69,"y":168.49},{"time":1.6666,"x":-52.54,"y":175.82,"curve":"stepped"},{"time":1.8333,"x":-68.48,"y":163.32,"curve":"stepped"},{"time":3.4333,"x":-62.72,"y":163.07,"curve":[0.62,0.06,0.546,0.96]},{"time":4.2333,"x":-70.66,"y":0,"curve":[0.603,0.05,0.936,0.39]},{"time":4.3,"x":-70.67,"y":-3.39,"curve":[0.603,0.05,0.936,0.39]},{"time":4.4333,"x":-70.67,"y":0,"curve":"stepped"},{"time":4.6666,"x":-70.67,"y":0}]},"EF/130_S1_wave1/700_S1_wave1_00003":{"translate":[{"time":0.2,"x":40.97,"y":303.3}],"scale":[{"time":0.2,"x":2.409,"y":2.409},{"time":0.4,"x":4.272,"y":4.272}]},"DAMAGEAREA":{"translate":[{"time":1.9,"x":-368.22,"y":149.96}],"scale":[{"time":1.9,"x":5.137,"y":4.091}]}},"events":[{"time":0.0666,"name":"Event","string":"kImpactType_down"},{"time":0.2,"name":"Event","string":"movePosition_Target(0.3,450,50)"},{"time":0.6666,"name":"Sound1","string":"cri_se_battle_arrow_light_effect"},{"time":1.1,"name":"Sound1","string":"cri_se_battle_charge_completion"},{"time":1.2,"name":"Event","string":"shakeGround"},{"time":1.4,"name":"Voice","string":"cri_122_voice_fullarts_rank5"},{"time":1.8333,"name":"Event","float":1.2,"string":"shakeGround_Loop"},{"time":1.8333,"name":"Sound1","string":"cri_se_battle_skill_finallaser"},{"time":1.8333,"name":"Sound2","string":"cri_se_battle_machine_missile"},{"time":1.9666,"name":"Hit","string":"resetHitList"},{"time":2,"name":"Sound2","string":"cri_se_battle_machine_missile"},{"time":2.0333,"name":"Hit","string":"resetHitList"},{"time":2.1,"name":"Hit","string":"resetHitList"},{"time":2.1333,"name":"Sound1","string":"cri_se_battle_032_explosion_04"},{"time":2.1666,"name":"Hit","string":"resetHitList"},{"time":2.1666,"name":"Sound2","string":"cri_se_battle_machine_missile"},{"time":2.2333,"name":"Hit","string":"resetHitList"},{"time":2.2333,"name":"Sound1","string":"cri_se_battle_explosion_short"},{"time":2.3,"name":"Hit","string":"resetHitList"},{"time":2.3333,"name":"Sound1","string":"cri_se_battle_explosion_short"},{"time":2.3333,"name":"Sound2","string":"cri_se_battle_machine_missile"},{"time":2.3666,"name":"Hit","string":"resetHitList"},{"time":2.4333,"name":"Hit","string":"resetHitList"},{"time":2.4333,"name":"Sound1","string":"cri_se_battle_explosion_short"},{"time":2.5,"name":"Hit","string":"resetHitList"},{"time":2.5,"name":"Sound2","string":"cri_se_battle_machine_missile"},{"time":2.5333,"name":"Sound1","string":"cri_se_battle_explosion_short"},{"time":2.5666,"name":"Hit","string":"resetHitList"},{"time":2.6333,"name":"Hit","string":"resetHitList"},{"time":2.6333,"name":"Sound1","string":"cri_se_battle_explosion_short"},{"time":2.6666,"name":"Sound2","string":"cri_se_battle_machine_missile"},{"time":2.7,"name":"Hit","string":"resetHitList"},{"time":2.7333,"name":"Sound1","string":"cri_se_battle_explosion_short"},{"time":2.7666,"name":"Hit","string":"resetHitList"},{"time":2.8333,"name":"Hit","string":"resetHitList"},{"time":2.8333,"name":"Sound1","string":"cri_se_battle_explosion_short"},{"time":2.9,"name":"Hit","string":"resetHitList"},{"time":2.9333,"name":"Sound1","string":"cri_se_battle_explosion_short"},{"time":2.9666,"name":"Hit","string":"resetHitList"},{"time":3.0333,"name":"Hit","string":"resetHitList"},{"time":3.1,"name":"Hit","string":"resetHitList"},{"time":3.4333,"name":"Event","string":"runScript_BurstBurningSkill2"},{"time":3.4333,"name":"Sound1","string":"cri_se_battle_charge_completion"},{"time":3.5666,"name":"Sound1","string":"cri_se_battle_charge_completion"}]},"skill1-library":{"slots":{"EF/130_S1_wave1/700_S1_wave1_00003":{"attachment":[{"time":0.9333,"name":"EF/130_S1_wave1/700_S1_wave1_00003"},{"time":0.9666,"name":"EF/130_S1_wave1/700_S1_wave1_00004"},{"time":1,"name":"EF/130_S1_wave1/700_S1_wave1_00005"},{"time":1.0333,"name":"EF/130_S1_wave1/700_S1_wave1_00006"},{"time":1.0666,"name":"EF/130_S1_wave1/700_S1_wave1_00007"},{"time":1.1,"name":"EF/130_S1_wave1/700_S1_wave1_00008"},{"time":1.1333,"name":"EF/130_S1_wave1/700_S1_wave1_00009"},{"time":1.1666,"name":"EF/130_S1_wave1/700_S1_wave1_00010"},{"time":1.2333,"name":null}],"color":[{"time":0.9333,"color":"ffffffc7","curve":"stepped"},{"time":1.0666,"color":"ffffffc7"},{"time":1.2,"color":"ffffff00"}]},"EF/130_S1_wave1/700_S1_wave1_3":{"attachment":[{"time":1.0666,"name":"EF/130_S1_wave1/700_S1_wave1_00003"},{"time":1.1,"name":"EF/130_S1_wave1/700_S1_wave1_00004"},{"time":1.1333,"name":"EF/130_S1_wave1/700_S1_wave1_00005"},{"time":1.1666,"name":"EF/130_S1_wave1/700_S1_wave1_00006"},{"time":1.2,"name":"EF/130_S1_wave1/700_S1_wave1_00007"},{"time":1.2333,"name":"EF/130_S1_wave1/700_S1_wave1_00008"},{"time":1.2666,"name":"EF/130_S1_wave1/700_S1_wave1_00009"},{"time":1.3,"name":"EF/130_S1_wave1/700_S1_wave1_00010"},{"time":1.3666,"name":null}],"color":[{"time":1.0666,"color":"ffffffc7","curve":"stepped"},{"time":1.2,"color":"ffffffc7"},{"time":1.3333,"color":"ffffff00"}]},"MAIN":{"attachment":[{"time":0,"name":"idle_00"},{"time":0.0666,"name":"skill1_00"},{"time":0.1333,"name":"skill1_01"},{"time":0.2,"name":"skill1_02"},{"time":0.3,"name":"skill1_03"},{"time":0.4,"name":"skill1_roop_00"},{"time":0.4666,"name":"skill1_roop_01"},{"time":0.5333,"name":"skill1_roop_02"},{"time":0.6,"name":"skill1_roop_00"},{"time":0.6333,"name":"skill1_roop_01"},{"time":0.6666,"name":"skill1_roop_02"},{"time":0.7,"name":"skill1_roop_00"},{"time":0.7333,"name":"skill1_roop_01"},{"time":0.7666,"name":"skill1_roop_02"},{"time":0.8,"name":"skill1_roop_00"},{"time":0.8333,"name":"skill1_roop_01"},{"time":0.8666,"name":"skill1_roop_02"},{"time":0.9333,"name":"attack1_09"},{"time":1,"name":"attack1_10"},{"time":1.1666,"name":"attack1_11"},{"time":1.3,"name":"idle_00"}]}},"bones":{"MAIN":{"rotate":[{"time":0,"angle":0,"curve":[0.25,0,0.792,0.67]},{"time":0.3,"angle":-3.98,"curve":[0.25,0,0.814,0.24]},{"time":0.4,"angle":7.66,"curve":"stepped"},{"time":1.1666,"angle":0}],"translate":[{"time":0,"x":0,"y":0},{"time":0.3,"x":4.38,"y":0,"curve":"stepped"},{"time":0.9,"x":4.38,"y":0},{"time":0.9333,"x":30.94,"y":8.9},{"time":1,"x":25.84,"y":7.09,"curve":"stepped"},{"time":1.1666,"x":25.84,"y":7.09,"curve":[0.25,0,0.75,1]},{"time":1.4333,"x":14.87,"y":-2.2},{"time":1.6666,"x":14.87,"y":0}]},"EF/130_S1_wave1/700_S1_wave1_00003":{"translate":[{"time":0.9333,"x":0,"y":301.4}],"scale":[{"time":0.9333,"x":2.574,"y":2.574},{"time":1.1666,"x":4.133,"y":4.133}]},"EF/130_S1_wave1/700_S1_wave1_3":{"translate":[{"time":1.0666,"x":0,"y":325.7}],"scale":[{"time":1.0666,"x":2.574,"y":2.574},{"time":1.3,"x":4.133,"y":4.133}]}},"events":[{"time":0.0333,"name":"Sound1","string":"cri_se_battle_gun_burst"},{"time":0.4333,"name":"Event","string":"runScript_BurstBurningSkill1"},{"time":0.6666,"name":"Voice","string":"cri_122_voice_skill_all"},{"time":0.9,"name":"Event","string":"shakeGround"},{"time":0.9333,"name":"Event","string":"runScript_skill1Shot"},{"time":1.6,"name":"Event","string":"excuteAction"},{"time":1.6666,"name":"Event","string":"runSkillEffect"}]},"skill2-library":{"slots":{"DAMAGEAREA":{"attachment":[{"time":1.9,"name":"DAMAGEAREA"},{"time":3.1333,"name":null}]},"EF/130_S1_wave1/700_S1_wave1_00003":{"attachment":[{"time":0.2,"name":"EF/130_S1_wave1/700_S1_wave1_00003"},{"time":0.2333,"name":"EF/130_S1_wave1/700_S1_wave1_00004"},{"time":0.2666,"name":"EF/130_S1_wave1/700_S1_wave1_00005"},{"time":0.3,"name":"EF/130_S1_wave1/700_S1_wave1_00006"},{"time":0.3333,"name":"EF/130_S1_wave1/700_S1_wave1_00007"},{"time":0.3666,"name":"EF/130_S1_wave1/700_S1_wave1_00008"},{"time":0.4,"name":"EF/130_S1_wave1/700_S1_wave1_00009"},{"time":0.4333,"name":"EF/130_S1_wave1/700_S1_wave1_00010"},{"time":0.4666,"name":null}],"color":[{"time":0.2,"color":"ffffffc7","curve":"stepped"},{"time":0.3,"color":"ffffffc7"},{"time":0.4,"color":"ffffff00"}]},"MAIN":{"attachment":[{"time":0.0666,"name":"skill2_01"},{"time":0.2,"name":"skill2_02"},{"time":0.4666,"name":"skill2_03"},{"time":0.7666,"name":"skill2_04"},{"time":0.9,"name":"skill2_05"},{"time":0.9666,"name":"skill2_05"},{"time":1.1,"name":"skill2_06"},{"time":1.1666,"name":"skill2_loop_00"},{"time":1.4,"name":"skill1_01"},{"time":1.5333,"name":"skill1_02"},{"time":1.7666,"name":"skill1_03"},{"time":1.8333,"name":"skill1_roop_01"},{"time":1.9,"name":"skill1_roop_02"},{"time":1.9666,"name":"skill1_roop_00"},{"time":2.0333,"name":"skill1_roop_01"},{"time":2.1,"name":"skill1_roop_02"},{"time":2.1666,"name":"skill1_roop_00"},{"time":2.2333,"name":"skill1_roop_01"},{"time":2.3,"name":"skill1_roop_02"},{"time":2.3666,"name":"skill1_roop_00"},{"time":2.4333,"name":"skill1_roop_01"},{"time":2.5,"name":"skill1_roop_02"},{"time":2.5666,"name":"skill1_roop_00"},{"time":2.6333,"name":"skill1_roop_01"},{"time":2.7,"name":"skill1_roop_02"},{"time":2.7666,"name":"skill1_roop_00"},{"time":2.8333,"name":"skill1_roop_01"},{"time":2.9,"name":"skill1_roop_02"},{"time":2.9666,"name":"skill1_roop_00"},{"time":3.0333,"name":"skill1_roop_01"},{"time":3.1,"name":"skill1_roop_02"},{"time":3.1666,"name":"skill1_roop_00"},{"time":3.2333,"name":"skill1_roop_02"},{"time":3.4333,"name":"skill2_07"},{"time":3.6666,"name":"skill2_08"},{"time":4.2333,"name":"idle_00"},{"time":4.6666,"name":"idle_00"}]}},"bones":{"MAIN":{"rotate":[{"time":0.2,"angle":-16.33,"curve":"stepped"},{"time":0.4666,"angle":20.79,"curve":[0.196,0.66,0.75,1]},{"time":0.8333,"angle":21.75,"curve":"stepped"},{"time":1.1,"angle":0,"curve":"stepped"},{"time":1.1666,"angle":0,"curve":"stepped"},{"time":1.4,"angle":-3.38,"curve":[0.664,0,0.884,0.24]},{"time":1.6666,"angle":1.09,"curve":"stepped"},{"time":1.7666,"angle":30.96,"curve":"stepped"},{"time":3.4333,"angle":23.1,"curve":[0.125,0.6,0.763,1]},{"time":3.5333,"angle":0}],"translate":[{"time":0.1666,"x":6.58,"y":-5.79,"curve":[0.343,0.28,0.676,0.61]},{"time":0.2,"x":-17.36,"y":33.58,"curve":[0.214,0.73,0.603,0.91]},{"time":0.5333,"x":-51.26,"y":160.84,"curve":"stepped"},{"time":0.5666,"x":-51.26,"y":160.84,"curve":[0.25,0,0.75,1]},{"time":0.9,"x":-53.08,"y":156.24,"curve":[0.65,0,0.888,0.44]},{"time":0.9666,"x":-54.67,"y":154,"curve":[0.65,0,0.888,0.44]},{"time":1.1,"x":-61.51,"y":170.12,"curve":"stepped"},{"time":1.4,"x":-60.69,"y":168.49},{"time":1.6666,"x":-52.54,"y":175.82,"curve":"stepped"},{"time":1.8333,"x":-68.48,"y":163.32,"curve":"stepped"},{"time":3.4333,"x":-62.72,"y":163.07,"curve":[0.62,0.06,0.546,0.96]},{"time":4.2333,"x":-70.66,"y":0,"curve":[0.603,0.05,0.936,0.39]},{"time":4.3,"x":-70.67,"y":-3.39,"curve":[0.603,0.05,0.936,0.39]},{"time":4.4333,"x":-70.67,"y":0,"curve":"stepped"},{"time":4.6666,"x":-70.67,"y":0}]},"EF/130_S1_wave1/700_S1_wave1_00003":{"translate":[{"time":0.2,"x":40.97,"y":303.3}],"scale":[{"time":0.2,"x":2.409,"y":2.409},{"time":0.4,"x":4.272,"y":4.272}]},"DAMAGEAREA":{"translate":[{"time":1.9,"x":-368.22,"y":149.96}],"scale":[{"time":1.9,"x":5.137,"y":4.091}]}},"events":[{"time":0.0666,"name":"Event","string":"kImpactType_down"},{"time":0.2,"name":"Event","string":"movePosition_Target(0.3,450,50)"},{"time":0.6666,"name":"Sound1","string":"cri_se_battle_arrow_light_effect"},{"time":1.1,"name":"Sound1","string":"cri_se_battle_charge_completion"},{"time":1.2,"name":"Event","string":"shakeGround"},{"time":1.4,"name":"Voice","string":"cri_122_voice_fullarts_rank5"},{"time":1.8333,"name":"Event","float":1.2,"string":"shakeGround_Loop"},{"time":1.8333,"name":"Sound1","string":"cri_se_battle_skill_finallaser"},{"time":1.8333,"name":"Sound2","string":"cri_se_battle_machine_missile"},{"time":1.9666,"name":"Hit","string":"resetHitList"},{"time":2,"name":"Sound2","string":"cri_se_battle_machine_missile"},{"time":2.0333,"name":"Hit","string":"resetHitList"},{"time":2.1,"name":"Hit","string":"resetHitList"},{"time":2.1333,"name":"Sound1","string":"cri_se_battle_032_explosion_04"},{"time":2.1666,"name":"Hit","string":"resetHitList"},{"time":2.1666,"name":"Sound2","string":"cri_se_battle_machine_missile"},{"time":2.2333,"name":"Hit","string":"resetHitList"},{"time":2.2333,"name":"Sound1","string":"cri_se_battle_explosion_short"},{"time":2.3,"name":"Hit","string":"resetHitList"},{"time":2.3333,"name":"Sound1","string":"cri_se_battle_explosion_short"},{"time":2.3333,"name":"Sound2","string":"cri_se_battle_machine_missile"},{"time":2.3666,"name":"Hit","string":"resetHitList"},{"time":2.4333,"name":"Hit","string":"resetHitList"},{"time":2.4333,"name":"Sound1","string":"cri_se_battle_explosion_short"},{"time":2.5,"name":"Hit","string":"resetHitList"},{"time":2.5,"name":"Sound2","string":"cri_se_battle_machine_missile"},{"time":2.5333,"name":"Sound1","string":"cri_se_battle_explosion_short"},{"time":2.5666,"name":"Hit","string":"resetHitList"},{"time":2.6333,"name":"Hit","string":"resetHitList"},{"time":2.6333,"name":"Sound1","string":"cri_se_battle_explosion_short"},{"time":2.6666,"name":"Sound2","string":"cri_se_battle_machine_missile"},{"time":2.7,"name":"Hit","string":"resetHitList"},{"time":2.7333,"name":"Sound1","string":"cri_se_battle_explosion_short"},{"time":2.7666,"name":"Hit","string":"resetHitList"},{"time":2.8333,"name":"Hit","string":"resetHitList"},{"time":2.8333,"name":"Sound1","string":"cri_se_battle_explosion_short"},{"time":2.9,"name":"Hit","string":"resetHitList"},{"time":2.9333,"name":"Sound1","string":"cri_se_battle_explosion_short"},{"time":2.9666,"name":"Hit","string":"resetHitList"},{"time":3.0333,"name":"Hit","string":"resetHitList"},{"time":3.1,"name":"Hit","string":"resetHitList"},{"time":3.4333,"name":"Event","string":"runScript_BurstBurningSkill2"},{"time":3.4333,"name":"Sound1","string":"cri_se_battle_charge_completion"},{"time":3.5666,"name":"Sound1","string":"cri_se_battle_charge_completion"}]}}}