{"skeleton":{"hash":"RWey8eLDjK4ymCJyNpF+z7YfKI8","spine":"3.0.12","width":0,"height":0},"bones":[{"name":"root"},{"name":"MAIN","parent":"root","y":40,"rotation":1.2}],"slots":[{"name":"MAIN","bone":"MAIN","attachment":"idle_00"}],"skins":{"default":{"MAIN":{"idle_00":{"x":-0.02,"y":36,"width":512,"height":512},"idle_01":{"x":-0.02,"y":36,"width":512,"height":512},"idle_02":{"x":-0.02,"y":36,"width":512,"height":512},"idle_03":{"x":-0.02,"y":36,"width":512,"height":512},"idle_04":{"x":-0.02,"y":36,"width":512,"height":512}}}},"events":{"Event":{}},"animations":{"idle":{"slots":{"MAIN":{"attachment":[{"time":0,"name":"idle_00"},{"time":0.1666,"name":"idle_01"},{"time":0.3333,"name":"idle_02"},{"time":0.5,"name":"idle_03"},{"time":0.6666,"name":"idle_04"},{"time":0.8333,"name":"idle_00"}]}}}}}