{"skeleton":{"hash":"yE+EGYZQYp960L0P23uKcR7WI3E","spine":"3.0.12","width":512,"height":512},"bones":[{"name":"root"},{"name":"MAIN","parent":"root","y":82},{"name":"HITBOX","parent":"MAIN","y":-18.37,"scaleX":0.493},{"name":"EF","parent":"root"},{"name":"ef_wave_A_main3","parent":"EF"},{"name":"ef_wave_A_main2","parent":"EF"},{"name":"ef_wave_A_main","parent":"EF"},{"name":"ef_tuti_main","parent":"EF"},{"name":"ef_slash_C","parent":"EF"},{"name":"ef_slash_B","parent":"EF"},{"name":"ef_slash_A","parent":"EF"},{"name":"ef_graund_wave_main3","parent":"EF"},{"name":"ef_graund_wave_main2","parent":"EF"},{"name":"ef_graund_wave_main","parent":"EF"},{"name":"ef_graund_aura_render","parent":"EF"},{"name":"ef_dash_main","parent":"EF"},{"name":"ef_OF_main4","parent":"EF"},{"name":"ef_OF_main3","parent":"EF"},{"name":"ef_OF_main2","parent":"EF"},{"name":"ef_OF_main","parent":"EF"},{"name":"DAMAGEAREA","parent":"root"}],"slots":[{"name":"EF/hon/ef_graund_wave_main_s12_H/ef_graund_wave_main_00001","bone":"ef_graund_wave_main","blend":"additive"},{"name":"EF/hon/ef_graund_wave_main_s12_H/ef_graund_wave_main_1","bone":"ef_graund_wave_main2","blend":"additive"},{"name":"EF/hon/ef_graund_wave_main_s12_H/ef_graund_wave_main_2","bone":"ef_graund_wave_main3","blend":"additive"},{"name":"EF/hon/ef_graund_aura_render_s2_H/ef_graund_aura_render_00002","bone":"ef_graund_aura_render","blend":"additive"},{"name":"MAIN","bone":"MAIN","attachment":"idle_00"},{"name":"attack1_01_ef","bone":"MAIN"},{"name":"EF/hon/ef_OF_main_s12_H/ef_OF_main_00001","bone":"ef_OF_main","blend":"additive"},{"name":"EF/hon/ef_OF_main_s12_H/ef_OF_main_1","bone":"ef_OF_main2","blend":"additive"},{"name":"EF/hon/ef_OF_main_s12_H/ef_OF_main_2","bone":"ef_OF_main3","blend":"additive"},{"name":"EF/hon/ef_OF_main_s12_H/ef_OF_main_3","bone":"ef_OF_main4","blend":"additive"},{"name":"EF/hon/ef_dash_main_s12_H/ef_dash_main_00001","bone":"ef_dash_main","blend":"additive"},{"name":"EF/hon/ef_slash_A_main_s12_H/ef_slash_A_main_00001","bone":"ef_slash_A","blend":"additive"},{"name":"EF/hon/ef_slash_B_main_s2_H/ef_slash_B_main_00001","bone":"ef_slash_B","blend":"additive"},{"name":"EF/hon/ef_tuti_main_s2_H/ef_tuti_main_00001","bone":"ef_tuti_main","blend":"additive"},{"name":"EF/hon/ef_wave_A_main_s12_H/ef_wave_A_main_00001","bone":"ef_wave_A_main","blend":"additive"},{"name":"EF/hon/ef_wave_A_main_s12_H/ef_wave_A_main_1","bone":"ef_wave_A_main2","blend":"additive"},{"name":"EF/hon/ef_wave_A_main_s12_H/ef_wave_A_main_2","bone":"ef_wave_A_main3","blend":"additive"},{"name":"EF/ef/ef_slash_C_main_s2_EF/ef_slash_C_main_00001","bone":"ef_slash_C","blend":"additive"},{"name":"DAMAGEAREA","bone":"DAMAGEAREA"},{"name":"HITBOX","bone":"HITBOX","attachment":"HITBOX"}],"skins":{"default":{"DAMAGEAREA":{"DAMAGEAREA":{"type":"boundingbox","vertices":[-62.84112,64.17265,-62.84112,-64.03918,63.44274,-64.03918,63.44274,64.17265]}},"EF/ef/ef_slash_C_main_s2_EF/ef_slash_C_main_00001":{"EF/ef/ef_slash_C_main_s2_EF/ef_slash_C_main_00001":{"width":240,"height":240},"EF/ef/ef_slash_C_main_s2_EF/ef_slash_C_main_00002":{"width":240,"height":240},"EF/ef/ef_slash_C_main_s2_EF/ef_slash_C_main_00003":{"width":240,"height":240},"EF/ef/ef_slash_C_main_s2_EF/ef_slash_C_main_00004":{"width":240,"height":240},"EF/ef/ef_slash_C_main_s2_EF/ef_slash_C_main_00005":{"width":240,"height":240},"EF/ef/ef_slash_C_main_s2_EF/ef_slash_C_main_00006":{"width":240,"height":240},"EF/ef/ef_slash_C_main_s2_EF/ef_slash_C_main_00007":{"width":240,"height":240},"EF/ef/ef_slash_C_main_s2_EF/ef_slash_C_main_00008":{"width":240,"height":240}},"EF/hon/ef_OF_main_s12_H/ef_OF_main_00001":{"EF/hon/ef_OF_main_s12_H/ef_OF_main_00001":{"width":400,"height":400}},"EF/hon/ef_OF_main_s12_H/ef_OF_main_1":{"EF/hon/ef_OF_main_s12_H/ef_OF_main_00001":{"width":400,"height":400}},"EF/hon/ef_OF_main_s12_H/ef_OF_main_2":{"EF/hon/ef_OF_main_s12_H/ef_OF_main_00001":{"width":400,"height":400}},"EF/hon/ef_OF_main_s12_H/ef_OF_main_3":{"EF/hon/ef_OF_main_s12_H/ef_OF_main_00001":{"width":400,"height":400}},"EF/hon/ef_dash_main_s12_H/ef_dash_main_00001":{"EF/hon/ef_dash_main_s12_H/ef_dash_main_00001":{"x":22.03,"y":14.27,"width":160,"height":160},"EF/hon/ef_dash_main_s12_H/ef_dash_main_00002":{"x":22.03,"y":14.27,"width":160,"height":160},"EF/hon/ef_dash_main_s12_H/ef_dash_main_00003":{"x":22.03,"y":14.27,"width":160,"height":160},"EF/hon/ef_dash_main_s12_H/ef_dash_main_00004":{"x":22.03,"y":14.27,"width":160,"height":160},"EF/hon/ef_dash_main_s12_H/ef_dash_main_00005":{"x":22.03,"y":14.27,"width":160,"height":160},"EF/hon/ef_dash_main_s12_H/ef_dash_main_00006":{"x":22.03,"y":14.27,"width":160,"height":160},"EF/hon/ef_dash_main_s12_H/ef_dash_main_00007":{"x":22.03,"y":14.27,"width":160,"height":160},"EF/hon/ef_dash_main_s12_H/ef_dash_main_00008":{"x":22.03,"y":14.27,"width":160,"height":160},"EF/hon/ef_dash_main_s12_H/ef_dash_main_00009":{"x":22.03,"y":14.27,"width":160,"height":160},"EF/hon/ef_dash_main_s12_H/ef_dash_main_00010":{"x":22.03,"y":14.27,"width":160,"height":160},"EF/hon/ef_dash_main_s12_H/ef_dash_main_00011":{"x":22.03,"y":14.27,"width":160,"height":160},"EF/hon/ef_dash_main_s12_H/ef_dash_main_00012":{"x":22.03,"y":14.27,"width":160,"height":160},"EF/hon/ef_dash_main_s12_H/ef_dash_main_00013":{"x":22.03,"y":14.27,"width":160,"height":160}},"EF/hon/ef_graund_aura_render_s2_H/ef_graund_aura_render_00002":{"EF/hon/ef_graund_aura_render_s2_H/ef_graund_aura_render_00002":{"width":200,"height":200},"EF/hon/ef_graund_aura_render_s2_H/ef_graund_aura_render_00003":{"width":200,"height":200},"EF/hon/ef_graund_aura_render_s2_H/ef_graund_aura_render_00004":{"width":200,"height":200},"EF/hon/ef_graund_aura_render_s2_H/ef_graund_aura_render_00005":{"width":200,"height":200},"EF/hon/ef_graund_aura_render_s2_H/ef_graund_aura_render_00006":{"width":200,"height":200},"EF/hon/ef_graund_aura_render_s2_H/ef_graund_aura_render_00007":{"width":200,"height":200},"EF/hon/ef_graund_aura_render_s2_H/ef_graund_aura_render_00008":{"width":200,"height":200},"EF/hon/ef_graund_aura_render_s2_H/ef_graund_aura_render_00009":{"width":200,"height":200},"EF/hon/ef_graund_aura_render_s2_H/ef_graund_aura_render_00010":{"width":200,"height":200},"EF/hon/ef_graund_aura_render_s2_H/ef_graund_aura_render_00011":{"width":200,"height":200}},"EF/hon/ef_graund_wave_main_s12_H/ef_graund_wave_main_00001":{"EF/hon/ef_graund_wave_main_s12_H/ef_graund_wave_main_00001":{"width":240,"height":144},"EF/hon/ef_graund_wave_main_s12_H/ef_graund_wave_main_00002":{"width":240,"height":144},"EF/hon/ef_graund_wave_main_s12_H/ef_graund_wave_main_00003":{"width":240,"height":144},"EF/hon/ef_graund_wave_main_s12_H/ef_graund_wave_main_00004":{"width":240,"height":144},"EF/hon/ef_graund_wave_main_s12_H/ef_graund_wave_main_00005":{"width":240,"height":144},"EF/hon/ef_graund_wave_main_s12_H/ef_graund_wave_main_00006":{"width":240,"height":144},"EF/hon/ef_graund_wave_main_s12_H/ef_graund_wave_main_00007":{"width":240,"height":144},"EF/hon/ef_graund_wave_main_s12_H/ef_graund_wave_main_00008":{"width":240,"height":144},"EF/hon/ef_graund_wave_main_s12_H/ef_graund_wave_main_00009":{"width":240,"height":144},"EF/hon/ef_graund_wave_main_s12_H/ef_graund_wave_main_00010":{"width":240,"height":144},"EF/hon/ef_graund_wave_main_s12_H/ef_graund_wave_main_00011":{"width":240,"height":144},"EF/hon/ef_graund_wave_main_s12_H/ef_graund_wave_main_00012":{"width":240,"height":144}},"EF/hon/ef_graund_wave_main_s12_H/ef_graund_wave_main_1":{"EF/hon/ef_graund_wave_main_s12_H/ef_graund_wave_main_00001":{"width":240,"height":144},"EF/hon/ef_graund_wave_main_s12_H/ef_graund_wave_main_00002":{"width":240,"height":144},"EF/hon/ef_graund_wave_main_s12_H/ef_graund_wave_main_00003":{"width":240,"height":144},"EF/hon/ef_graund_wave_main_s12_H/ef_graund_wave_main_00004":{"width":240,"height":144},"EF/hon/ef_graund_wave_main_s12_H/ef_graund_wave_main_00005":{"width":240,"height":144},"EF/hon/ef_graund_wave_main_s12_H/ef_graund_wave_main_00006":{"width":240,"height":144},"EF/hon/ef_graund_wave_main_s12_H/ef_graund_wave_main_00007":{"width":240,"height":144},"EF/hon/ef_graund_wave_main_s12_H/ef_graund_wave_main_00008":{"width":240,"height":144},"EF/hon/ef_graund_wave_main_s12_H/ef_graund_wave_main_00009":{"width":240,"height":144},"EF/hon/ef_graund_wave_main_s12_H/ef_graund_wave_main_00010":{"width":240,"height":144},"EF/hon/ef_graund_wave_main_s12_H/ef_graund_wave_main_00011":{"width":240,"height":144},"EF/hon/ef_graund_wave_main_s12_H/ef_graund_wave_main_00012":{"width":240,"height":144}},"EF/hon/ef_graund_wave_main_s12_H/ef_graund_wave_main_2":{"EF/hon/ef_graund_wave_main_s12_H/ef_graund_wave_main_00001":{"width":240,"height":144},"EF/hon/ef_graund_wave_main_s12_H/ef_graund_wave_main_00002":{"width":240,"height":144},"EF/hon/ef_graund_wave_main_s12_H/ef_graund_wave_main_00003":{"width":240,"height":144},"EF/hon/ef_graund_wave_main_s12_H/ef_graund_wave_main_00004":{"width":240,"height":144},"EF/hon/ef_graund_wave_main_s12_H/ef_graund_wave_main_00005":{"width":240,"height":144},"EF/hon/ef_graund_wave_main_s12_H/ef_graund_wave_main_00006":{"width":240,"height":144},"EF/hon/ef_graund_wave_main_s12_H/ef_graund_wave_main_00007":{"width":240,"height":144},"EF/hon/ef_graund_wave_main_s12_H/ef_graund_wave_main_00008":{"width":240,"height":144},"EF/hon/ef_graund_wave_main_s12_H/ef_graund_wave_main_00009":{"width":240,"height":144},"EF/hon/ef_graund_wave_main_s12_H/ef_graund_wave_main_00010":{"width":240,"height":144},"EF/hon/ef_graund_wave_main_s12_H/ef_graund_wave_main_00011":{"width":240,"height":144},"EF/hon/ef_graund_wave_main_s12_H/ef_graund_wave_main_00012":{"width":240,"height":144}},"EF/hon/ef_slash_A_main_s12_H/ef_slash_A_main_00001":{"EF/hon/ef_slash_A_main_s12_H/ef_slash_A_main_00001":{"width":320,"height":320},"EF/hon/ef_slash_A_main_s12_H/ef_slash_A_main_00002":{"width":320,"height":320},"EF/hon/ef_slash_A_main_s12_H/ef_slash_A_main_00003":{"width":320,"height":320},"EF/hon/ef_slash_A_main_s12_H/ef_slash_A_main_00004":{"width":320,"height":320},"EF/hon/ef_slash_A_main_s12_H/ef_slash_A_main_00005":{"width":320,"height":320},"EF/hon/ef_slash_A_main_s12_H/ef_slash_A_main_00006":{"width":320,"height":320},"EF/hon/ef_slash_A_main_s12_H/ef_slash_A_main_00007":{"width":320,"height":320},"EF/hon/ef_slash_A_main_s12_H/ef_slash_A_main_00008":{"width":320,"height":320}},"EF/hon/ef_slash_B_main_s2_H/ef_slash_B_main_00001":{"EF/hon/ef_slash_B_main_s2_H/ef_slash_B_main_00001":{"width":320,"height":320},"EF/hon/ef_slash_B_main_s2_H/ef_slash_B_main_00002":{"width":320,"height":320},"EF/hon/ef_slash_B_main_s2_H/ef_slash_B_main_00003":{"width":320,"height":320},"EF/hon/ef_slash_B_main_s2_H/ef_slash_B_main_00004":{"width":320,"height":320},"EF/hon/ef_slash_B_main_s2_H/ef_slash_B_main_00005":{"width":320,"height":320},"EF/hon/ef_slash_B_main_s2_H/ef_slash_B_main_00006":{"width":320,"height":320},"EF/hon/ef_slash_B_main_s2_H/ef_slash_B_main_00007":{"width":320,"height":320},"EF/hon/ef_slash_B_main_s2_H/ef_slash_B_main_00008":{"width":320,"height":320},"EF/hon/ef_slash_B_main_s2_H/ef_slash_B_main_00009":{"width":320,"height":320},"EF/hon/ef_slash_B_main_s2_H/ef_slash_B_main_00010":{"width":320,"height":320}},"EF/hon/ef_tuti_main_s2_H/ef_tuti_main_00001":{"EF/hon/ef_tuti_main_s2_H/ef_tuti_main_00001":{"width":216,"height":144},"EF/hon/ef_tuti_main_s2_H/ef_tuti_main_00002":{"width":216,"height":144},"EF/hon/ef_tuti_main_s2_H/ef_tuti_main_00003":{"width":216,"height":144},"EF/hon/ef_tuti_main_s2_H/ef_tuti_main_00004":{"width":216,"height":144},"EF/hon/ef_tuti_main_s2_H/ef_tuti_main_00005":{"width":216,"height":144},"EF/hon/ef_tuti_main_s2_H/ef_tuti_main_00006":{"width":216,"height":144},"EF/hon/ef_tuti_main_s2_H/ef_tuti_main_00007":{"width":216,"height":144},"EF/hon/ef_tuti_main_s2_H/ef_tuti_main_00008":{"width":216,"height":144},"EF/hon/ef_tuti_main_s2_H/ef_tuti_main_00009":{"width":216,"height":144},"EF/hon/ef_tuti_main_s2_H/ef_tuti_main_00010":{"width":216,"height":144},"EF/hon/ef_tuti_main_s2_H/ef_tuti_main_00011":{"width":216,"height":144},"EF/hon/ef_tuti_main_s2_H/ef_tuti_main_00012":{"width":216,"height":144},"EF/hon/ef_tuti_main_s2_H/ef_tuti_main_00013":{"width":216,"height":144},"EF/hon/ef_tuti_main_s2_H/ef_tuti_main_00014":{"width":216,"height":144},"EF/hon/ef_tuti_main_s2_H/ef_tuti_main_00015":{"width":216,"height":144},"EF/hon/ef_tuti_main_s2_H/ef_tuti_main_00016":{"width":216,"height":144}},"EF/hon/ef_wave_A_main_s12_H/ef_wave_A_main_00001":{"EF/hon/ef_wave_A_main_s12_H/ef_wave_A_main_00001":{"width":192,"height":192},"EF/hon/ef_wave_A_main_s12_H/ef_wave_A_main_00002":{"width":192,"height":192},"EF/hon/ef_wave_A_main_s12_H/ef_wave_A_main_00003":{"width":192,"height":192},"EF/hon/ef_wave_A_main_s12_H/ef_wave_A_main_00004":{"width":192,"height":192},"EF/hon/ef_wave_A_main_s12_H/ef_wave_A_main_00005":{"width":192,"height":192},"EF/hon/ef_wave_A_main_s12_H/ef_wave_A_main_00006":{"width":192,"height":192}},"EF/hon/ef_wave_A_main_s12_H/ef_wave_A_main_1":{"EF/hon/ef_wave_A_main_s12_H/ef_wave_A_main_00001":{"width":192,"height":192},"EF/hon/ef_wave_A_main_s12_H/ef_wave_A_main_00002":{"width":192,"height":192},"EF/hon/ef_wave_A_main_s12_H/ef_wave_A_main_00003":{"width":192,"height":192},"EF/hon/ef_wave_A_main_s12_H/ef_wave_A_main_00004":{"width":192,"height":192},"EF/hon/ef_wave_A_main_s12_H/ef_wave_A_main_00005":{"width":192,"height":192},"EF/hon/ef_wave_A_main_s12_H/ef_wave_A_main_00006":{"width":192,"height":192}},"EF/hon/ef_wave_A_main_s12_H/ef_wave_A_main_2":{"EF/hon/ef_wave_A_main_s12_H/ef_wave_A_main_00001":{"width":192,"height":192},"EF/hon/ef_wave_A_main_s12_H/ef_wave_A_main_00002":{"width":192,"height":192},"EF/hon/ef_wave_A_main_s12_H/ef_wave_A_main_00003":{"width":192,"height":192},"EF/hon/ef_wave_A_main_s12_H/ef_wave_A_main_00004":{"width":192,"height":192},"EF/hon/ef_wave_A_main_s12_H/ef_wave_A_main_00005":{"width":192,"height":192},"EF/hon/ef_wave_A_main_s12_H/ef_wave_A_main_00006":{"width":192,"height":192}},"HITBOX":{"HITBOX":{"type":"boundingbox","vertices":[-63.32311,63.69065,-63.32311,-64.03918,63.44274,-64.03918,62.47873,64.17265]}},"MAIN":{"attack1_00":{"x":-15.76,"y":0.62,"scaleX":2,"scaleY":2,"width":256,"height":256},"attack1_01":{"x":-15.76,"y":0.62,"scaleX":2,"scaleY":2,"width":256,"height":256},"attack1_02":{"x":-15.76,"y":0.62,"scaleX":2,"scaleY":2,"width":256,"height":256},"attack1_03":{"x":-15.76,"y":0.62,"scaleX":2,"scaleY":2,"width":256,"height":256},"attack1_04":{"x":-15.76,"y":0.62,"scaleX":2,"scaleY":2,"width":256,"height":256},"attack1_05":{"x":-15.76,"y":0.62,"scaleX":2,"scaleY":2,"width":256,"height":256},"attack1_06":{"x":-15.76,"y":0.62,"scaleX":2,"scaleY":2,"width":256,"height":256},"back_00":{"x":-15.76,"y":0.62,"scaleX":2,"scaleY":2,"width":256,"height":256},"damage_00":{"x":-15.76,"y":0.62,"scaleX":2,"scaleY":2,"width":256,"height":256},"front_00":{"x":-15.76,"y":0.62,"scaleX":2,"scaleY":2,"width":256,"height":256},"idle_00":{"x":-15.76,"y":0.62,"scaleX":2,"scaleY":2,"width":256,"height":256},"idle_01":{"x":-15.76,"y":0.62,"scaleX":2,"scaleY":2,"width":256,"height":256},"idle_02":{"x":-15.76,"y":0.62,"scaleX":2,"scaleY":2,"width":256,"height":256},"idle_03":{"x":-15.76,"y":0.62,"scaleX":2,"scaleY":2,"width":256,"height":256},"in_00":{"x":-15.77,"y":0.62,"scaleX":2,"scaleY":2,"width":256,"height":256},"skill1_00":{"x":-15.76,"y":0.62,"scaleX":2,"scaleY":2,"width":256,"height":256},"skill1_01":{"x":-15.76,"y":0.62,"scaleX":2,"scaleY":2,"width":256,"height":256},"skill1_02":{"x":-15.76,"y":0.62,"scaleX":2,"scaleY":2,"width":256,"height":256},"skill1_03":{"x":-15.76,"y":0.62,"scaleX":2,"scaleY":2,"width":256,"height":256},"skill2_00":{"x":-15.76,"y":0.62,"scaleX":2,"scaleY":2,"width":256,"height":256},"skill2_01":{"x":-15.76,"y":0.62,"scaleX":2,"scaleY":2,"width":256,"height":256},"skill2_02":{"x":-15.76,"y":0.62,"scaleX":2,"scaleY":2,"width":256,"height":256},"skill2_03":{"x":-15.76,"y":0.62,"scaleX":2,"scaleY":2,"width":256,"height":256},"skill2_04":{"x":-15.76,"y":0.62,"scaleX":2,"scaleY":2,"width":256,"height":256},"skill2_05":{"x":-15.76,"y":0.62,"scaleX":2,"scaleY":2,"width":256,"height":256},"skill2_06":{"x":-15.76,"y":0.62,"scaleX":2,"scaleY":2,"width":256,"height":256},"skill2_04b":{"x":-15.77,"y":0.62,"scaleX":2,"scaleY":2,"width":256,"height":256}},"attack1_01_ef":{"attack1_01_ef":{"x":-15.76,"y":0.62,"scaleX":2,"scaleY":2,"width":256,"height":256},"attack1_04_ef":{"x":-15.76,"y":0.62,"scaleX":2,"scaleY":2,"width":256,"height":256},"attack1_05_ef":{"x":-15.76,"y":0.62,"scaleX":2,"scaleY":2,"width":256,"height":256},"skill2_03_ef":{"x":-15.76,"y":0.62,"scaleX":2,"scaleY":2,"width":256,"height":256},"skill2_04_ef":{"x":-15.76,"y":0.62,"scaleX":2,"scaleY":2,"width":256,"height":256}}}},"events":{"Event":{},"Event2":{},"Hit":{},"Sound1":{},"Sound2":{},"Sound3":{},"Voice":{}},"animations":{"attack1":{"slots":{"DAMAGEAREA":{"attachment":[{"time":0.3,"name":"DAMAGEAREA"},{"time":0.3666,"name":null},{"time":0.8666,"name":"DAMAGEAREA"},{"time":0.9333,"name":null}]},"MAIN":{"attachment":[{"time":0,"name":"idle_00"},{"time":0.0333,"name":"attack1_00"},{"time":0.3,"name":"attack1_01"},{"time":0.3333,"name":"attack1_02"},{"time":0.4,"name":"attack1_01"},{"time":0.4666,"name":"attack1_02"},{"time":0.5666,"name":"attack1_01"},{"time":0.6666,"name":"attack1_03"},{"time":0.8333,"name":"attack1_04"},{"time":0.8666,"name":"attack1_05"},{"time":0.9333,"name":"attack1_06"},{"time":1,"name":"attack1_02"},{"time":1.1333,"name":"attack1_01"},{"time":1.3666,"name":"back_00"},{"time":1.5666,"name":"idle_01"},{"time":1.6666,"name":"idle_00"}]},"attack1_01_ef":{"attachment":[{"time":0.3,"name":"attack1_01_ef"},{"time":0.3666,"name":null},{"time":0.8333,"name":"attack1_04_ef"},{"time":0.8666,"name":"attack1_05_ef"},{"time":0.9333,"name":null}]}},"bones":{"MAIN":{"translate":[{"time":0,"x":0,"y":0,"curve":[0.169,0.38,0.75,1]},{"time":0.2666,"x":5,"y":0},{"time":0.3333,"x":-20.5,"y":0,"curve":[0.119,0.41,0.75,1]},{"time":0.6,"x":-23,"y":0,"curve":"stepped"},{"time":0.6666,"x":-23,"y":0,"curve":[0.171,0.39,0.75,1]},{"time":0.7666,"x":-31.32,"y":0,"curve":"stepped"},{"time":0.8,"x":-31.32,"y":0,"curve":[0.183,0.32,0.75,1]},{"time":0.8666,"x":-40.08,"y":70.3},{"time":0.9666,"x":-67.43,"y":94.42},{"time":1.0333,"x":-78.21,"y":66.01},{"time":1.1666,"x":-83.67,"y":2,"curve":[0.138,0.38,0.75,1]},{"time":1.3666,"x":-83.67,"y":0},{"time":1.5333,"x":-11.77,"y":0,"curve":[0.169,0.38,0.75,1]},{"time":1.6666,"x":0,"y":0}]},"DAMAGEAREA":{"translate":[{"time":0.3,"x":-26.16,"y":63.34,"curve":"stepped"},{"time":0.8666,"x":-99.14,"y":92.25}],"scale":[{"time":0.3,"x":2.427,"y":0.962,"curve":"stepped"},{"time":0.8666,"x":2.427,"y":1.386}]}},"events":[{"time":0,"name":"Event","float":0.1,"string":"kHitStopType_normal"},{"time":0.2666,"name":"Sound1","string":"cri_se_battle_sword_swish_heavy"},{"time":0.2666,"name":"Sound3","string":"setHitSound(se_battle_sword_heavy_hit)"},{"time":0.2666,"name":"Voice","string":"cri_190_voice_attack_random"},{"time":0.8,"name":"Sound1","string":"cri_se_battle_sword_swish_heavy"},{"time":0.8,"name":"Voice","string":"cri_190_voice_attack_c"},{"time":0.8666,"name":"Hit","string":"resetHitList"}]},"back":{"slots":{"MAIN":{"attachment":[{"time":0,"name":"back_00"},{"time":0.4666,"name":"idle_02"},{"time":0.5666,"name":"idle_01"},{"time":0.6333,"name":"idle_00"}]}},"bones":{"MAIN":{"translate":[{"time":0,"x":0,"y":0,"curve":[0.131,0,0.75,1]},{"time":0.4,"x":119,"y":0,"curve":[0.155,0.43,0.75,1]},{"time":0.6333,"x":140,"y":0}]}}},"cast":{"slots":{"MAIN":{"attachment":[{"time":0,"name":"idle_00"},{"time":0.0333,"name":"attack1_00"},{"time":0.5,"name":"attack1_01"},{"time":0.5333,"name":"attack1_02"},{"time":0.6,"name":"attack1_01"},{"time":0.6666,"name":"attack1_02"},{"time":0.7666,"name":"attack1_01"},{"time":0.8666,"name":"attack1_03"}]},"attack1_01_ef":{"attachment":[{"time":0.5,"name":"attack1_01_ef"},{"time":0.5666,"name":null}]}},"events":[{"time":0.5,"name":"Voice","string":"cri_190_voice_item"}]},"damage":{"slots":{"MAIN":{"attachment":[{"time":0,"name":"damage_00"}]}}},"front":{"slots":{"MAIN":{"attachment":[{"time":0,"name":"front_00"}]}}},"idle":{"slots":{"MAIN":{"attachment":[{"time":0,"name":"idle_00"},{"time":0.2333,"name":"idle_01"},{"time":0.4666,"name":"idle_02"},{"time":0.7,"name":"idle_03"},{"time":0.9333,"name":"idle_00"}]}}},"in":{"slots":{"MAIN":{"attachment":[{"time":0,"name":"in_00"},{"time":0.3333,"name":"attack1_04"},{"time":0.4333,"name":"attack1_05"},{"time":0.5333,"name":"idle_02"},{"time":0.6,"name":"idle_03"},{"time":0.7333,"name":"idle_00"},{"time":0.8666,"name":"idle_01"},{"time":1,"name":"idle_00"}]}},"bones":{"MAIN":{"translate":[{"time":0,"x":0,"y":21.66,"curve":[0.136,0.33,0.75,1]},{"time":0.3333,"x":0,"y":2.67},{"time":0.4666,"x":0,"y":-2.06,"curve":"stepped"},{"time":0.5333,"x":0,"y":0},{"time":0.6,"x":0,"y":-4.19,"curve":[0.137,0.28,0.75,1]},{"time":0.9,"x":0,"y":0}]}},"events":[{"time":0,"name":"Event","string":"takeSummon"}]},"skill1":{"slots":{"DAMAGEAREA":{"attachment":[{"time":0.1,"name":"DAMAGEAREA"},{"time":0.9666,"name":null}]},"EF/hon/ef_OF_main_s12_H/ef_OF_main_00001":{"attachment":[{"time":0.0666,"name":"EF/hon/ef_OF_main_s12_H/ef_OF_main_00001"}],"color":[{"time":0.1666,"color":"ffffffff"},{"time":0.2666,"color":"ffffff00"}]},"EF/hon/ef_dash_main_s12_H/ef_dash_main_00001":{"attachment":[{"time":0.0666,"name":"EF/hon/ef_dash_main_s12_H/ef_dash_main_00001"},{"time":0.1,"name":"EF/hon/ef_dash_main_s12_H/ef_dash_main_00002"},{"time":0.1333,"name":"EF/hon/ef_dash_main_s12_H/ef_dash_main_00003"},{"time":0.1666,"name":"EF/hon/ef_dash_main_s12_H/ef_dash_main_00004"},{"time":0.2,"name":"EF/hon/ef_dash_main_s12_H/ef_dash_main_00005"},{"time":0.2333,"name":"EF/hon/ef_dash_main_s12_H/ef_dash_main_00006"},{"time":0.2666,"name":"EF/hon/ef_dash_main_s12_H/ef_dash_main_00007"},{"time":0.3,"name":"EF/hon/ef_dash_main_s12_H/ef_dash_main_00008"},{"time":0.3333,"name":"EF/hon/ef_dash_main_s12_H/ef_dash_main_00009"},{"time":0.3666,"name":"EF/hon/ef_dash_main_s12_H/ef_dash_main_00010"},{"time":0.4,"name":"EF/hon/ef_dash_main_s12_H/ef_dash_main_00011"},{"time":0.4333,"name":"EF/hon/ef_dash_main_s12_H/ef_dash_main_00012"},{"time":0.4666,"name":"EF/hon/ef_dash_main_s12_H/ef_dash_main_00013"},{"time":0.5,"name":null}]},"EF/hon/ef_graund_wave_main_s12_H/ef_graund_wave_main_00001":{"attachment":[{"time":0.0666,"name":"EF/hon/ef_graund_wave_main_s12_H/ef_graund_wave_main_00001"},{"time":0.1,"name":"EF/hon/ef_graund_wave_main_s12_H/ef_graund_wave_main_00002"},{"time":0.1333,"name":"EF/hon/ef_graund_wave_main_s12_H/ef_graund_wave_main_00003"},{"time":0.1666,"name":"EF/hon/ef_graund_wave_main_s12_H/ef_graund_wave_main_00004"},{"time":0.2,"name":"EF/hon/ef_graund_wave_main_s12_H/ef_graund_wave_main_00005"},{"time":0.2333,"name":"EF/hon/ef_graund_wave_main_s12_H/ef_graund_wave_main_00006"},{"time":0.2666,"name":"EF/hon/ef_graund_wave_main_s12_H/ef_graund_wave_main_00007"},{"time":0.3,"name":"EF/hon/ef_graund_wave_main_s12_H/ef_graund_wave_main_00008"},{"time":0.3333,"name":"EF/hon/ef_graund_wave_main_s12_H/ef_graund_wave_main_00009"},{"time":0.3666,"name":"EF/hon/ef_graund_wave_main_s12_H/ef_graund_wave_main_00010"},{"time":0.4,"name":"EF/hon/ef_graund_wave_main_s12_H/ef_graund_wave_main_00011"},{"time":0.4333,"name":"EF/hon/ef_graund_wave_main_s12_H/ef_graund_wave_main_00012"},{"time":0.4666,"name":null}]},"EF/hon/ef_slash_A_main_s12_H/ef_slash_A_main_00001":{"attachment":[{"time":0.0666,"name":"EF/hon/ef_slash_A_main_s12_H/ef_slash_A_main_00001"},{"time":0.1,"name":"EF/hon/ef_slash_A_main_s12_H/ef_slash_A_main_00002"},{"time":0.1333,"name":"EF/hon/ef_slash_A_main_s12_H/ef_slash_A_main_00003"},{"time":0.1666,"name":"EF/hon/ef_slash_A_main_s12_H/ef_slash_A_main_00004"},{"time":0.2,"name":"EF/hon/ef_slash_A_main_s12_H/ef_slash_A_main_00005"},{"time":0.2333,"name":"EF/hon/ef_slash_A_main_s12_H/ef_slash_A_main_00006"},{"time":0.2666,"name":"EF/hon/ef_slash_A_main_s12_H/ef_slash_A_main_00007"},{"time":0.3,"name":"EF/hon/ef_slash_A_main_s12_H/ef_slash_A_main_00008"},{"time":0.3333,"name":null}]},"EF/hon/ef_wave_A_main_s12_H/ef_wave_A_main_00001":{"attachment":[{"time":0.0666,"name":"EF/hon/ef_wave_A_main_s12_H/ef_wave_A_main_00001"},{"time":0.1,"name":"EF/hon/ef_wave_A_main_s12_H/ef_wave_A_main_00002"},{"time":0.1333,"name":"EF/hon/ef_wave_A_main_s12_H/ef_wave_A_main_00003"},{"time":0.1666,"name":"EF/hon/ef_wave_A_main_s12_H/ef_wave_A_main_00004"},{"time":0.2,"name":"EF/hon/ef_wave_A_main_s12_H/ef_wave_A_main_00005"},{"time":0.2333,"name":"EF/hon/ef_wave_A_main_s12_H/ef_wave_A_main_00006"},{"time":0.2666,"name":null}]},"MAIN":{"attachment":[{"time":0,"name":"skill1_00"},{"time":0.0666,"name":"skill1_01"},{"time":0.1333,"name":"skill1_02"},{"time":0.2,"name":"skill1_02"},{"time":0.2666,"name":"skill1_03"},{"time":0.3333,"name":"skill1_02"},{"time":0.4,"name":"skill1_03"},{"time":0.4666,"name":"skill1_02"},{"time":0.5333,"name":"skill1_03"},{"time":0.6,"name":"skill1_02"},{"time":0.6666,"name":"skill1_03"},{"time":0.7333,"name":"skill1_02"},{"time":0.8,"name":"skill1_03"},{"time":0.9,"name":"skill1_02"},{"time":1.1,"name":"skill1_01"},{"time":1.1666,"name":"idle_00"}]}},"bones":{"MAIN":{"translate":[{"time":0,"x":0,"y":0,"curve":"stepped"},{"time":0.0333,"x":0,"y":0,"curve":"stepped"},{"time":0.0666,"x":-28.45,"y":0,"curve":"stepped"},{"time":0.1333,"x":-28.45,"y":0,"curve":[0.124,0.4,0.75,1]},{"time":0.3,"x":-40.25,"y":0,"curve":[0.081,0.31,0.75,1]},{"time":0.8,"x":-40.8,"y":0.49,"curve":"stepped"},{"time":1.1,"x":-31.82,"y":0,"curve":"stepped"},{"time":1.1666,"x":0,"y":0}]},"ef_graund_wave_main":{"translate":[{"time":0.0666,"x":-17.74,"y":26.49}],"scale":[{"time":0.0666,"x":2.5,"y":2.5}]},"ef_slash_A":{"translate":[{"time":0.0666,"x":-95.77,"y":131.16}],"scale":[{"time":0.0666,"x":1.4,"y":1.4}]},"ef_dash_main":{"translate":[{"time":0.0666,"x":37.63,"y":0}],"scale":[{"time":0.0666,"x":2,"y":2}]},"ef_wave_A_main":{"translate":[{"time":0.0666,"x":84.49,"y":92.3}],"scale":[{"time":0.0666,"x":2,"y":2}]},"ef_OF_main":{"translate":[{"time":0.0666,"x":86.62,"y":93}],"scale":[{"time":0.0666,"x":1,"y":1},{"time":0.1,"x":1.316,"y":1.316},{"time":0.2666,"x":0.061,"y":0.061}]},"DAMAGEAREA":{"translate":[{"time":0.1,"x":-57.43,"y":94.88,"curve":"stepped"},{"time":0.2,"x":-57.43,"y":94.88},{"time":0.2333,"x":-177.28,"y":209.74}],"scale":[{"time":0.1,"x":4.345,"y":1.424,"curve":"stepped"},{"time":0.2,"x":4.345,"y":1.424},{"time":0.2333,"x":3.477,"y":3.274}]}},"events":[{"time":0,"name":"Event","float":0.3,"string":"kHitStopType_normal"},{"time":0,"name":"Sound3","string":"setHitSound(se_battle_sword_heavy_hit)"},{"time":0,"name":"Voice","string":"cri_190_voice_skill_all"},{"time":0.0666,"name":"Sound1","string":"cri_se_battle_skill_shot"},{"time":0.0666,"name":"Sound2","string":"cri_se_battle_arrow_light_effect"},{"time":0.1,"name":"Event2","string":"shakeGround"},{"time":0.1666,"name":"Event","float":0.1,"string":"kHitStopType_enemyonly"},{"time":0.1666,"name":"Event2","string":"shakeGround"},{"time":0.1666,"name":"Hit","string":"resetHitList"},{"time":0.2,"name":"Sound1","string":"cri_se_battle_skill_shot"},{"time":0.2333,"name":"Hit","string":"resetHitList"},{"time":0.3,"name":"Hit","string":"resetHitList"},{"time":0.3333,"name":"Sound1","string":"cri_se_battle_skill_shot"},{"time":0.3666,"name":"Hit","string":"resetHitList"},{"time":0.4333,"name":"Hit","string":"resetHitList"},{"time":0.4666,"name":"Sound1","string":"cri_se_battle_skill_shot"},{"time":0.5,"name":"Hit","string":"resetHitList"},{"time":0.5666,"name":"Hit","string":"resetHitList"},{"time":0.6,"name":"Sound1","string":"cri_se_battle_skill_shot"},{"time":0.6333,"name":"Hit","string":"resetHitList"},{"time":0.7,"name":"Hit","string":"resetHitList"},{"time":0.7333,"name":"Sound1","string":"cri_se_battle_skill_shot"},{"time":0.7666,"name":"Hit","string":"resetHitList"},{"time":0.8333,"name":"Hit","string":"resetHitList"},{"time":0.8666,"name":"Event","string":"kImpactType_knock_up"},{"time":0.8666,"name":"Event2","string":"setForceImpact(1)"},{"time":0.8666,"name":"Sound1","string":"cri_se_battle_skill_shot"},{"time":0.9,"name":"Event","float":0.35,"string":"kHitStopType_normal"},{"time":0.9,"name":"Event2","float":3,"string":"shakeGround"},{"time":0.9,"name":"Hit","string":"resetHitList"}]},"skill2":{"slots":{"DAMAGEAREA":{"attachment":[{"time":1.6666,"name":"DAMAGEAREA"},{"time":1.8666,"name":"DAMAGEAREA"},{"time":1.9333,"name":null},{"time":2.1666,"name":"DAMAGEAREA"},{"time":2.5666,"name":null}]},"EF/ef/ef_slash_C_main_s2_EF/ef_slash_C_main_00001":{"attachment":[{"time":2.1666,"name":"EF/ef/ef_slash_C_main_s2_EF/ef_slash_C_main_00001"},{"time":2.2,"name":"EF/ef/ef_slash_C_main_s2_EF/ef_slash_C_main_00002"},{"time":2.2333,"name":"EF/ef/ef_slash_C_main_s2_EF/ef_slash_C_main_00003"},{"time":2.2666,"name":"EF/ef/ef_slash_C_main_s2_EF/ef_slash_C_main_00004"},{"time":2.3,"name":"EF/ef/ef_slash_C_main_s2_EF/ef_slash_C_main_00005"},{"time":2.3333,"name":"EF/ef/ef_slash_C_main_s2_EF/ef_slash_C_main_00006"},{"time":2.3666,"name":"EF/ef/ef_slash_C_main_s2_EF/ef_slash_C_main_00007"},{"time":2.4,"name":"EF/ef/ef_slash_C_main_s2_EF/ef_slash_C_main_00008"},{"time":2.4333,"name":null}],"color":[{"time":2.3333,"color":"ffffffff"},{"time":2.4333,"color":"ffffff00"}]},"EF/hon/ef_OF_main_s12_H/ef_OF_main_00001":{"attachment":[{"time":1.8333,"name":"EF/hon/ef_OF_main_s12_H/ef_OF_main_00001"},{"time":2.0333,"name":null}]},"EF/hon/ef_dash_main_s12_H/ef_dash_main_00001":{"attachment":[{"time":1.6666,"name":"EF/hon/ef_dash_main_s12_H/ef_dash_main_00001"},{"time":1.7,"name":"EF/hon/ef_dash_main_s12_H/ef_dash_main_00002"},{"time":1.7333,"name":"EF/hon/ef_dash_main_s12_H/ef_dash_main_00003"},{"time":1.7666,"name":"EF/hon/ef_dash_main_s12_H/ef_dash_main_00004"},{"time":1.8,"name":"EF/hon/ef_dash_main_s12_H/ef_dash_main_00005"},{"time":1.8333,"name":"EF/hon/ef_dash_main_s12_H/ef_dash_main_00006"},{"time":1.8666,"name":"EF/hon/ef_dash_main_s12_H/ef_dash_main_00007"},{"time":1.9,"name":"EF/hon/ef_dash_main_s12_H/ef_dash_main_00008"},{"time":1.9333,"name":"EF/hon/ef_dash_main_s12_H/ef_dash_main_00009"},{"time":1.9666,"name":"EF/hon/ef_dash_main_s12_H/ef_dash_main_00010"},{"time":2,"name":"EF/hon/ef_dash_main_s12_H/ef_dash_main_00011"},{"time":2.0333,"name":"EF/hon/ef_dash_main_s12_H/ef_dash_main_00012"},{"time":2.0666,"name":"EF/hon/ef_dash_main_s12_H/ef_dash_main_00013"},{"time":2.1,"name":null}]},"EF/hon/ef_graund_aura_render_s2_H/ef_graund_aura_render_00002":{"attachment":[{"time":0,"name":"EF/hon/ef_graund_aura_render_s2_H/ef_graund_aura_render_00002"},{"time":0.0333,"name":"EF/hon/ef_graund_aura_render_s2_H/ef_graund_aura_render_00003"},{"time":0.0666,"name":"EF/hon/ef_graund_aura_render_s2_H/ef_graund_aura_render_00004"},{"time":0.1,"name":"EF/hon/ef_graund_aura_render_s2_H/ef_graund_aura_render_00005"},{"time":0.1333,"name":"EF/hon/ef_graund_aura_render_s2_H/ef_graund_aura_render_00006"},{"time":0.1666,"name":"EF/hon/ef_graund_aura_render_s2_H/ef_graund_aura_render_00007"},{"time":0.2,"name":"EF/hon/ef_graund_aura_render_s2_H/ef_graund_aura_render_00008"},{"time":0.2333,"name":"EF/hon/ef_graund_aura_render_s2_H/ef_graund_aura_render_00009"},{"time":0.2666,"name":"EF/hon/ef_graund_aura_render_s2_H/ef_graund_aura_render_00010"},{"time":0.3,"name":"EF/hon/ef_graund_aura_render_s2_H/ef_graund_aura_render_00011"},{"time":0.4,"name":null},{"time":0.4333,"name":"EF/hon/ef_graund_aura_render_s2_H/ef_graund_aura_render_00002"},{"time":0.4666,"name":"EF/hon/ef_graund_aura_render_s2_H/ef_graund_aura_render_00003"},{"time":0.5,"name":"EF/hon/ef_graund_aura_render_s2_H/ef_graund_aura_render_00004"},{"time":0.5333,"name":"EF/hon/ef_graund_aura_render_s2_H/ef_graund_aura_render_00005"},{"time":0.5666,"name":"EF/hon/ef_graund_aura_render_s2_H/ef_graund_aura_render_00006"},{"time":0.6,"name":"EF/hon/ef_graund_aura_render_s2_H/ef_graund_aura_render_00007"},{"time":0.6333,"name":"EF/hon/ef_graund_aura_render_s2_H/ef_graund_aura_render_00008"},{"time":0.6666,"name":"EF/hon/ef_graund_aura_render_s2_H/ef_graund_aura_render_00009"},{"time":0.7,"name":"EF/hon/ef_graund_aura_render_s2_H/ef_graund_aura_render_00010"},{"time":0.7333,"name":"EF/hon/ef_graund_aura_render_s2_H/ef_graund_aura_render_00011"},{"time":0.8333,"name":null},{"time":0.8666,"name":"EF/hon/ef_graund_aura_render_s2_H/ef_graund_aura_render_00002"},{"time":0.9,"name":"EF/hon/ef_graund_aura_render_s2_H/ef_graund_aura_render_00003"},{"time":0.9333,"name":"EF/hon/ef_graund_aura_render_s2_H/ef_graund_aura_render_00004"},{"time":0.9666,"name":"EF/hon/ef_graund_aura_render_s2_H/ef_graund_aura_render_00005"},{"time":1,"name":"EF/hon/ef_graund_aura_render_s2_H/ef_graund_aura_render_00006"},{"time":1.0333,"name":"EF/hon/ef_graund_aura_render_s2_H/ef_graund_aura_render_00007"},{"time":1.0666,"name":"EF/hon/ef_graund_aura_render_s2_H/ef_graund_aura_render_00008"},{"time":1.1,"name":"EF/hon/ef_graund_aura_render_s2_H/ef_graund_aura_render_00009"},{"time":1.1333,"name":"EF/hon/ef_graund_aura_render_s2_H/ef_graund_aura_render_00010"},{"time":1.1666,"name":"EF/hon/ef_graund_aura_render_s2_H/ef_graund_aura_render_00011"},{"time":1.2666,"name":null}],"color":[{"time":0.3,"color":"ffffffff"},{"time":0.4,"color":"ffffff00","curve":"stepped"},{"time":0.4333,"color":"ffffffff","curve":"stepped"},{"time":0.7333,"color":"ffffffff"},{"time":0.8333,"color":"ffffff00","curve":"stepped"},{"time":0.8666,"color":"ffffffff","curve":"stepped"},{"time":1.1666,"color":"ffffffff"},{"time":1.2666,"color":"ffffff00"}]},"EF/hon/ef_graund_wave_main_s12_H/ef_graund_wave_main_00001":{"attachment":[{"time":0,"name":"EF/hon/ef_graund_wave_main_s12_H/ef_graund_wave_main_00001"},{"time":0.0333,"name":"EF/hon/ef_graund_wave_main_s12_H/ef_graund_wave_main_00002"},{"time":0.0666,"name":"EF/hon/ef_graund_wave_main_s12_H/ef_graund_wave_main_00003"},{"time":0.1,"name":"EF/hon/ef_graund_wave_main_s12_H/ef_graund_wave_main_00004"},{"time":0.1333,"name":"EF/hon/ef_graund_wave_main_s12_H/ef_graund_wave_main_00005"},{"time":0.1666,"name":"EF/hon/ef_graund_wave_main_s12_H/ef_graund_wave_main_00006"},{"time":0.2,"name":"EF/hon/ef_graund_wave_main_s12_H/ef_graund_wave_main_00007"},{"time":0.2333,"name":"EF/hon/ef_graund_wave_main_s12_H/ef_graund_wave_main_00008"},{"time":0.2666,"name":"EF/hon/ef_graund_wave_main_s12_H/ef_graund_wave_main_00009"},{"time":0.3,"name":"EF/hon/ef_graund_wave_main_s12_H/ef_graund_wave_main_00010"},{"time":0.3333,"name":"EF/hon/ef_graund_wave_main_s12_H/ef_graund_wave_main_00011"},{"time":0.3666,"name":"EF/hon/ef_graund_wave_main_s12_H/ef_graund_wave_main_00012"},{"time":0.4,"name":"EF/hon/ef_graund_wave_main_s12_H/ef_graund_wave_main_00002"},{"time":0.4333,"name":"EF/hon/ef_graund_wave_main_s12_H/ef_graund_wave_main_00003"},{"time":0.4666,"name":"EF/hon/ef_graund_wave_main_s12_H/ef_graund_wave_main_00004"},{"time":0.5,"name":"EF/hon/ef_graund_wave_main_s12_H/ef_graund_wave_main_00005"},{"time":0.5333,"name":"EF/hon/ef_graund_wave_main_s12_H/ef_graund_wave_main_00006"},{"time":0.5666,"name":"EF/hon/ef_graund_wave_main_s12_H/ef_graund_wave_main_00007"},{"time":0.6,"name":"EF/hon/ef_graund_wave_main_s12_H/ef_graund_wave_main_00008"},{"time":0.6333,"name":"EF/hon/ef_graund_wave_main_s12_H/ef_graund_wave_main_00009"},{"time":0.6666,"name":"EF/hon/ef_graund_wave_main_s12_H/ef_graund_wave_main_00010"},{"time":0.7,"name":"EF/hon/ef_graund_wave_main_s12_H/ef_graund_wave_main_00011"},{"time":0.7333,"name":"EF/hon/ef_graund_wave_main_s12_H/ef_graund_wave_main_00012"},{"time":0.7666,"name":"EF/hon/ef_graund_wave_main_s12_H/ef_graund_wave_main_00002"},{"time":0.8,"name":"EF/hon/ef_graund_wave_main_s12_H/ef_graund_wave_main_00003"},{"time":0.8333,"name":"EF/hon/ef_graund_wave_main_s12_H/ef_graund_wave_main_00004"},{"time":0.8666,"name":"EF/hon/ef_graund_wave_main_s12_H/ef_graund_wave_main_00005"},{"time":0.9,"name":"EF/hon/ef_graund_wave_main_s12_H/ef_graund_wave_main_00006"},{"time":0.9333,"name":"EF/hon/ef_graund_wave_main_s12_H/ef_graund_wave_main_00007"},{"time":0.9666,"name":"EF/hon/ef_graund_wave_main_s12_H/ef_graund_wave_main_00008"},{"time":1,"name":"EF/hon/ef_graund_wave_main_s12_H/ef_graund_wave_main_00009"},{"time":1.0333,"name":"EF/hon/ef_graund_wave_main_s12_H/ef_graund_wave_main_00010"},{"time":1.0666,"name":"EF/hon/ef_graund_wave_main_s12_H/ef_graund_wave_main_00011"},{"time":1.1,"name":"EF/hon/ef_graund_wave_main_s12_H/ef_graund_wave_main_00012"},{"time":1.1333,"name":null},{"time":1.6666,"name":"EF/hon/ef_graund_wave_main_s12_H/ef_graund_wave_main_00001"},{"time":1.7,"name":"EF/hon/ef_graund_wave_main_s12_H/ef_graund_wave_main_00002"},{"time":1.7333,"name":"EF/hon/ef_graund_wave_main_s12_H/ef_graund_wave_main_00003"},{"time":1.7666,"name":"EF/hon/ef_graund_wave_main_s12_H/ef_graund_wave_main_00004"},{"time":1.8,"name":"EF/hon/ef_graund_wave_main_s12_H/ef_graund_wave_main_00005"},{"time":1.8333,"name":"EF/hon/ef_graund_wave_main_s12_H/ef_graund_wave_main_00006"},{"time":1.8666,"name":"EF/hon/ef_graund_wave_main_s12_H/ef_graund_wave_main_00007"},{"time":1.9,"name":"EF/hon/ef_graund_wave_main_s12_H/ef_graund_wave_main_00008"},{"time":1.9333,"name":"EF/hon/ef_graund_wave_main_s12_H/ef_graund_wave_main_00009"},{"time":1.9666,"name":"EF/hon/ef_graund_wave_main_s12_H/ef_graund_wave_main_00010"},{"time":2,"name":"EF/hon/ef_graund_wave_main_s12_H/ef_graund_wave_main_00011"},{"time":2.0333,"name":"EF/hon/ef_graund_wave_main_s12_H/ef_graund_wave_main_00012"},{"time":2.0666,"name":null},{"time":2.1666,"name":"EF/hon/ef_graund_wave_main_s12_H/ef_graund_wave_main_00001"},{"time":2.2,"name":"EF/hon/ef_graund_wave_main_s12_H/ef_graund_wave_main_00002"},{"time":2.2333,"name":"EF/hon/ef_graund_wave_main_s12_H/ef_graund_wave_main_00003"},{"time":2.2666,"name":"EF/hon/ef_graund_wave_main_s12_H/ef_graund_wave_main_00004"},{"time":2.3,"name":"EF/hon/ef_graund_wave_main_s12_H/ef_graund_wave_main_00005"},{"time":2.3333,"name":"EF/hon/ef_graund_wave_main_s12_H/ef_graund_wave_main_00006"},{"time":2.3666,"name":"EF/hon/ef_graund_wave_main_s12_H/ef_graund_wave_main_00007"},{"time":2.4,"name":"EF/hon/ef_graund_wave_main_s12_H/ef_graund_wave_main_00008"},{"time":2.4333,"name":"EF/hon/ef_graund_wave_main_s12_H/ef_graund_wave_main_00009"},{"time":2.4666,"name":"EF/hon/ef_graund_wave_main_s12_H/ef_graund_wave_main_00010"},{"time":2.5,"name":"EF/hon/ef_graund_wave_main_s12_H/ef_graund_wave_main_00011"},{"time":2.5333,"name":"EF/hon/ef_graund_wave_main_s12_H/ef_graund_wave_main_00012"},{"time":2.5666,"name":null}]},"EF/hon/ef_graund_wave_main_s12_H/ef_graund_wave_main_1":{"attachment":[{"time":2.3,"name":"EF/hon/ef_graund_wave_main_s12_H/ef_graund_wave_main_00001"},{"time":2.3333,"name":"EF/hon/ef_graund_wave_main_s12_H/ef_graund_wave_main_00002"},{"time":2.3666,"name":"EF/hon/ef_graund_wave_main_s12_H/ef_graund_wave_main_00003"},{"time":2.4,"name":"EF/hon/ef_graund_wave_main_s12_H/ef_graund_wave_main_00004"},{"time":2.4333,"name":"EF/hon/ef_graund_wave_main_s12_H/ef_graund_wave_main_00005"},{"time":2.4666,"name":"EF/hon/ef_graund_wave_main_s12_H/ef_graund_wave_main_00006"},{"time":2.5,"name":"EF/hon/ef_graund_wave_main_s12_H/ef_graund_wave_main_00007"},{"time":2.5333,"name":"EF/hon/ef_graund_wave_main_s12_H/ef_graund_wave_main_00008"},{"time":2.5666,"name":"EF/hon/ef_graund_wave_main_s12_H/ef_graund_wave_main_00009"},{"time":2.6,"name":"EF/hon/ef_graund_wave_main_s12_H/ef_graund_wave_main_00010"},{"time":2.6333,"name":"EF/hon/ef_graund_wave_main_s12_H/ef_graund_wave_main_00011"},{"time":2.6666,"name":"EF/hon/ef_graund_wave_main_s12_H/ef_graund_wave_main_00012"},{"time":2.7,"name":null}]},"EF/hon/ef_slash_A_main_s12_H/ef_slash_A_main_00001":{"attachment":[{"time":1.6333,"name":"EF/hon/ef_slash_A_main_s12_H/ef_slash_A_main_00001"},{"time":1.6666,"name":"EF/hon/ef_slash_A_main_s12_H/ef_slash_A_main_00002"},{"time":1.7,"name":"EF/hon/ef_slash_A_main_s12_H/ef_slash_A_main_00003"},{"time":1.7333,"name":"EF/hon/ef_slash_A_main_s12_H/ef_slash_A_main_00004"},{"time":1.7666,"name":"EF/hon/ef_slash_A_main_s12_H/ef_slash_A_main_00005"},{"time":1.8,"name":"EF/hon/ef_slash_A_main_s12_H/ef_slash_A_main_00006"},{"time":1.8333,"name":"EF/hon/ef_slash_A_main_s12_H/ef_slash_A_main_00007"},{"time":1.8666,"name":"EF/hon/ef_slash_A_main_s12_H/ef_slash_A_main_00008"},{"time":1.9,"name":null}]},"EF/hon/ef_slash_B_main_s2_H/ef_slash_B_main_00001":{"attachment":[{"time":1.8333,"name":"EF/hon/ef_slash_B_main_s2_H/ef_slash_B_main_00001"},{"time":1.8666,"name":"EF/hon/ef_slash_B_main_s2_H/ef_slash_B_main_00002"},{"time":1.9,"name":"EF/hon/ef_slash_B_main_s2_H/ef_slash_B_main_00003"},{"time":1.9333,"name":"EF/hon/ef_slash_B_main_s2_H/ef_slash_B_main_00004"},{"time":1.9666,"name":"EF/hon/ef_slash_B_main_s2_H/ef_slash_B_main_00005"},{"time":2,"name":"EF/hon/ef_slash_B_main_s2_H/ef_slash_B_main_00006"},{"time":2.0333,"name":"EF/hon/ef_slash_B_main_s2_H/ef_slash_B_main_00007"},{"time":2.0666,"name":"EF/hon/ef_slash_B_main_s2_H/ef_slash_B_main_00008"},{"time":2.1,"name":"EF/hon/ef_slash_B_main_s2_H/ef_slash_B_main_00009"},{"time":2.1333,"name":"EF/hon/ef_slash_B_main_s2_H/ef_slash_B_main_00010"},{"time":2.1666,"name":null}]},"EF/hon/ef_tuti_main_s2_H/ef_tuti_main_00001":{"attachment":[{"time":2.2,"name":"EF/hon/ef_tuti_main_s2_H/ef_tuti_main_00001"},{"time":2.2333,"name":"EF/hon/ef_tuti_main_s2_H/ef_tuti_main_00002"},{"time":2.2666,"name":"EF/hon/ef_tuti_main_s2_H/ef_tuti_main_00003"},{"time":2.3,"name":"EF/hon/ef_tuti_main_s2_H/ef_tuti_main_00004"},{"time":2.3333,"name":"EF/hon/ef_tuti_main_s2_H/ef_tuti_main_00005"},{"time":2.3666,"name":"EF/hon/ef_tuti_main_s2_H/ef_tuti_main_00006"},{"time":2.4,"name":"EF/hon/ef_tuti_main_s2_H/ef_tuti_main_00007"},{"time":2.4333,"name":"EF/hon/ef_tuti_main_s2_H/ef_tuti_main_00008"},{"time":2.4666,"name":"EF/hon/ef_tuti_main_s2_H/ef_tuti_main_00009"},{"time":2.5,"name":"EF/hon/ef_tuti_main_s2_H/ef_tuti_main_00010"},{"time":2.5333,"name":"EF/hon/ef_tuti_main_s2_H/ef_tuti_main_00011"},{"time":2.5666,"name":"EF/hon/ef_tuti_main_s2_H/ef_tuti_main_00012"},{"time":2.6,"name":"EF/hon/ef_tuti_main_s2_H/ef_tuti_main_00013"},{"time":2.6333,"name":"EF/hon/ef_tuti_main_s2_H/ef_tuti_main_00014"},{"time":2.6666,"name":"EF/hon/ef_tuti_main_s2_H/ef_tuti_main_00015"},{"time":2.7,"name":"EF/hon/ef_tuti_main_s2_H/ef_tuti_main_00016"},{"time":2.7333,"name":null}]},"EF/hon/ef_wave_A_main_s12_H/ef_wave_A_main_00001":{"attachment":[{"time":1.8333,"name":"EF/hon/ef_wave_A_main_s12_H/ef_wave_A_main_00001"},{"time":1.8666,"name":"EF/hon/ef_wave_A_main_s12_H/ef_wave_A_main_00002"},{"time":1.9,"name":"EF/hon/ef_wave_A_main_s12_H/ef_wave_A_main_00003"},{"time":1.9333,"name":"EF/hon/ef_wave_A_main_s12_H/ef_wave_A_main_00004"},{"time":1.9666,"name":"EF/hon/ef_wave_A_main_s12_H/ef_wave_A_main_00005"},{"time":2,"name":"EF/hon/ef_wave_A_main_s12_H/ef_wave_A_main_00006"},{"time":2.0333,"name":null}]},"MAIN":{"attachment":[{"time":0,"name":"skill2_00"},{"time":0.0666,"name":"skill2_01"},{"time":0.1333,"name":"skill2_00"},{"time":0.2,"name":"skill2_01"},{"time":0.2666,"name":"skill2_00"},{"time":0.3333,"name":"skill2_01"},{"time":0.4,"name":"skill2_00"},{"time":0.4666,"name":"skill2_01"},{"time":0.5333,"name":"skill2_00"},{"time":0.6,"name":"skill2_01"},{"time":0.6666,"name":"skill2_00"},{"time":0.7333,"name":"skill2_01"},{"time":0.8,"name":"skill2_00"},{"time":0.8666,"name":"skill2_01"},{"time":0.9333,"name":"skill2_00"},{"time":1,"name":"skill2_01"},{"time":1.0666,"name":"skill2_00"},{"time":1.1333,"name":"skill2_01"},{"time":1.2,"name":"skill2_00"},{"time":1.2666,"name":"skill2_01"},{"time":1.3333,"name":"skill2_00"},{"time":1.4333,"name":"skill2_02"},{"time":1.6333,"name":"skill2_03"},{"time":1.8333,"name":"skill2_04"},{"time":2.1666,"name":"skill2_05"},{"time":2.2333,"name":"skill2_06"},{"time":2.3,"name":"skill2_05"},{"time":2.3666,"name":"skill2_06"},{"time":2.4333,"name":"skill2_05"},{"time":2.5,"name":"skill2_06"},{"time":2.5666,"name":"skill2_05"},{"time":2.6333,"name":"skill2_06"},{"time":2.7,"name":"skill2_05"},{"time":2.7666,"name":"skill2_06"},{"time":2.8333,"name":"skill2_05"},{"time":2.9,"name":"skill2_06"},{"time":2.9666,"name":"skill2_05"},{"time":3.0333,"name":"skill2_06"},{"time":3.1,"name":"skill2_05"},{"time":3.2,"name":"skill2_06"},{"time":3.3333,"name":"skill2_02"},{"time":3.5333,"name":"idle_03"},{"time":3.6333,"name":"idle_01"},{"time":4,"name":"idle_00"}]}},"bones":{"MAIN":{"rotate":[{"time":2.1666,"angle":0},{"time":2.3333,"angle":4.44,"curve":[0.127,0.49,0.75,1]},{"time":3.1666,"angle":5.7}],"translate":[{"time":0,"x":0,"y":0,"curve":[0.117,0.46,0.75,1]},{"time":0.4,"x":0,"y":10,"curve":"stepped"},{"time":1.4333,"x":8.39,"y":6.95,"curve":[0.1,0.45,0.75,1]},{"time":1.6,"x":23.2,"y":3.3,"curve":"stepped"},{"time":1.6333,"x":34.26,"y":9.45,"curve":[0.25,0,0.75,1]},{"time":1.7333,"x":22.88,"y":68.37},{"time":1.8333,"x":-25.17,"y":108.94,"curve":[0.122,0.34,0.75,1]},{"time":2.1,"x":-34.17,"y":113.03,"curve":"stepped"},{"time":2.1666,"x":-34.17,"y":113.03,"curve":[0.119,0.42,0.75,1]},{"time":2.3,"x":-59.37,"y":86.36,"curve":[0.055,0.57,0.612,1]},{"time":3,"x":-64.67,"y":82.62,"curve":"stepped"},{"time":3.2666,"x":-64.67,"y":82.62},{"time":3.4,"x":-24.63,"y":63.4},{"time":3.5333,"x":0,"y":0,"curve":[0.177,0.32,0.534,0.66]},{"time":3.6333,"x":0,"y":-4.62,"curve":[0.138,0.3,0.75,1]},{"time":3.9666,"x":0,"y":0}]},"ef_graund_wave_main":{"translate":[{"time":0,"x":0,"y":39.21,"curve":"stepped"},{"time":2.1666,"x":-134.35,"y":36.82}],"scale":[{"time":0,"x":3.5,"y":3.5},{"time":0.1,"x":4,"y":4,"curve":"stepped"},{"time":1.6666,"x":3,"y":3,"curve":"stepped"},{"time":2.1666,"x":4,"y":4}]},"ef_graund_aura_render":{"scale":[{"time":0,"x":3.5,"y":3.5}]},"ef_slash_A":{"translate":[{"time":1.6333,"x":15.81,"y":123.31}],"scale":[{"time":1.6333,"x":-2,"y":2}]},"ef_dash_main":{"translate":[{"time":1.6666,"x":-64.29,"y":0}],"scale":[{"time":1.6666,"x":-3,"y":3}]},"ef_slash_B":{"rotate":[{"time":1.8333,"angle":-5.99}],"translate":[{"time":1.8333,"x":-14.62,"y":215.71}],"scale":[{"time":1.8333,"x":2,"y":2}]},"ef_wave_A_main":{"translate":[{"time":1.8333,"x":105.39,"y":340.44}],"scale":[{"time":1.8333,"x":2.5,"y":2.5}]},"ef_OF_main":{"translate":[{"time":1.8333,"x":105.39,"y":340.44}],"scale":[{"time":1.8333,"x":1.5,"y":1.5},{"time":2.0333,"x":0.056,"y":0.056}]},"ef_slash_C":{"translate":[{"time":2.1666,"x":-90.42,"y":238.58}],"scale":[{"time":2.1666,"x":3,"y":3}]},"ef_tuti_main":{"translate":[{"time":2.2,"x":-135.94,"y":25.57}],"scale":[{"time":2.2,"x":4,"y":4}]},"ef_graund_wave_main2":{"translate":[{"time":2.3,"x":-134.35,"y":36.82}],"scale":[{"time":2.3,"x":4,"y":4}]},"DAMAGEAREA":{"translate":[{"time":1.6666,"x":2.49,"y":97.14,"curve":"stepped"},{"time":1.8666,"x":62.72,"y":254.06,"curve":"stepped"},{"time":2.1666,"x":-146.95,"y":254.06},{"time":2.4333,"x":-288.93,"y":254.06}],"scale":[{"time":1.6666,"x":4.835,"y":1.996,"curve":"stepped"},{"time":1.8666,"x":4.026,"y":4.184,"curve":"stepped"},{"time":2.1666,"x":6.753,"y":4.184}]}},"events":[{"time":0,"name":"Event","float":0.1,"string":"kHitStopType_normal"},{"time":0,"name":"Sound1","string":"cri_se_battle_arrow_light_effect"},{"time":0,"name":"Sound2","string":"cri_se_battle_033_explosion_element_01"},{"time":0.0333,"name":"Event2","string":"shakeGround"},{"time":0.1,"name":"Voice","string":"cri_190_voice_fullarts_now"},{"time":0.4,"name":"Sound1","string":"cri_se_battle_arrow_light_effect"},{"time":0.8333,"name":"Sound1","string":"cri_se_battle_arrow_light_effect"},{"time":1.6,"name":"Event2","string":"setHitBackEnemy(-40,0)"},{"time":1.6333,"name":"Sound1","string":"cri_se_battle_skill_swish"},{"time":1.6333,"name":"Sound2","string":"cri_se_battle_arrow_light_effect"},{"time":1.6333,"name":"Sound3","string":"setHitSound(se_battle_007_attack_hit_01)"},{"time":1.6333,"name":"Voice","string":"cri_190_voice_fullarts_c_rank5"},{"time":1.6666,"name":"Event2","string":"shakeGround"},{"time":1.7333,"name":"Event","float":0.02,"string":"kHitStopType_normal"},{"time":1.7333,"name":"Hit","string":"resetHitList"},{"time":1.8,"name":"Hit","string":"resetHitList"},{"time":1.8333,"name":"Event","string":"kImpactType_knock_up"},{"time":1.8333,"name":"Event2","string":"setHitBackEnemy(0,0)"},{"time":1.8666,"name":"Event","float":0.2,"string":"kHitStopType_normal"},{"time":1.8666,"name":"Event2","string":"shakeGround"},{"time":1.8666,"name":"Hit","string":"resetHitList"},{"time":2.1333,"name":"Event","float":0.3,"string":"kHitStopType_normal"},{"time":2.1333,"name":"Sound1","string":"cri_se_battle_skill_swish"},{"time":2.1333,"name":"Sound2","string":"cri_se_battle_darkness_explosion"},{"time":2.1666,"name":"Event2","float":4,"string":"shakeGround"},{"time":2.1666,"name":"Hit","float":40,"string":"resetHitList"},{"time":2.2333,"name":"Event","float":0.1,"string":"kHitStopType_enemyonly"},{"time":2.2333,"name":"Hit","float":10,"string":"resetHitList"},{"time":2.3,"name":"Hit","float":12,"string":"resetHitList"},{"time":2.3666,"name":"Hit","float":12,"string":"resetHitList"},{"time":2.4333,"name":"Hit","float":9,"string":"resetHitList"},{"time":2.5,"name":"Hit","float":14,"string":"resetHitList"}]}}}