{"skeleton":{"hash":"PNeaFjXor5NKTQsztKo7VnD7Aho","spine":"3.0.12","width":1180,"height":1180},"bones":[{"name":"root"},{"name":"grid","parent":"root","x":-151.46,"y":-62.36},{"name":"S1_wave1_8","parent":"root","x":1054.72,"y":-421.88},{"name":"S1_wave1_7","parent":"root","x":1054.72,"y":-421.88},{"name":"S1_wave1_6","parent":"root","x":1054.72,"y":-421.88},{"name":"S1_wave1_5","parent":"root","x":1054.72,"y":-421.88},{"name":"S1_wave1_4","parent":"root","x":1054.72,"y":-421.88},{"name":"S1_wave1_3","parent":"root","x":1054.72,"y":-421.88},{"name":"S1_wave1_2","parent":"root","x":949.92,"y":-421.88},{"name":"S1_wave1","parent":"root","x":777.42,"y":-421.88},{"name":"MAIN","parent":"root","y":50},{"name":"SHADOW-OFFSET","parent":"MAIN","y":-50},{"name":"HPBAR","parent":"MAIN","y":85},{"name":"HITBOX","parent":"MAIN"},{"name":"DAMAGEAREA","parent":"root"},{"name":"tsuki_DOT","parent":"root","x":723.51,"y":415.3}],"slots":[{"name":"grid/bg","bone":"grid","color":"ffffff64"},{"name":"grid/grid","bone":"grid"},{"name":"S1_wave1","bone":"S1_wave1","blend":"additive"},{"name":"S1_wave2","bone":"S1_wave1_2","blend":"additive"},{"name":"S1_wave3","bone":"S1_wave1_3","blend":"additive"},{"name":"S1_wave4","bone":"S1_wave1_4","blend":"additive"},{"name":"S1_wave5","bone":"S1_wave1_5","blend":"additive"},{"name":"S1_wave6","bone":"S1_wave1_6","blend":"additive"},{"name":"S1_wave7","bone":"S1_wave1_7","blend":"additive"},{"name":"S1_wave8","bone":"S1_wave1_8","blend":"additive"},{"name":"MAIN","bone":"MAIN","attachment":"idle_00"},{"name":"DAMAGEAREA","bone":"DAMAGEAREA"},{"name":"HITBOX","bone":"HITBOX","attachment":"HITBOX"},{"name":"EF/tsuki_DOT/sp_ef_1","bone":"tsuki_DOT","color":"0041ffff","blend":"additive"}],"skins":{"default":{"DAMAGEAREA":{"DAMAGEAREA":{"type":"boundingbox","vertices":[-98.22602,-98.38316,100.0012,-98.2195,97.09762,96.99965,-96.41698,96.95551]}},"EF/tsuki_DOT/sp_ef_1":{"EF/tsuki_DOT/sp_ef_1":{"x":125.39,"y":1,"width":300,"height":160},"EF/tsuki_DOT/sp_ef_2":{"x":125.39,"y":1,"width":300,"height":160},"EF/tsuki_DOT/sp_ef_3":{"x":125.39,"y":1,"width":300,"height":160}},"HITBOX":{"HITBOX":{"type":"boundingbox","vertices":[-43.92058,-48.67179,33.44539,-48.67179,31.14744,48.6102,-44.6866,50.14219]}},"MAIN":{"attack1_00":{"x":-30,"y":20,"width":600,"height":400},"attack1_01":{"x":-30,"y":20,"width":600,"height":400},"attack1_02":{"x":-30,"y":20,"width":600,"height":400},"attack1_03":{"x":-15,"y":20,"width":600,"height":400},"attack1_04":{"x":-15,"y":20,"width":600,"height":400},"attack1_05":{"x":-15,"y":20,"width":600,"height":400},"attack1_06":{"x":-15,"y":20,"width":600,"height":400},"attack1_07":{"x":-15,"y":20,"width":600,"height":400},"attack1_08":{"x":-15,"y":20,"width":600,"height":400},"attack1_09":{"x":-15,"y":20,"width":600,"height":400},"attack1_10":{"x":-15,"y":20,"width":600,"height":400},"attack1_11":{"x":-15,"y":20,"width":600,"height":400},"attack1_12":{"x":-15,"y":20,"width":600,"height":400},"attack1_13":{"x":-15,"y":20,"width":600,"height":400},"attack1_14":{"x":-15,"y":20,"width":600,"height":400},"back_00":{"x":-50,"y":20,"width":600,"height":400},"damage_00":{"x":-70,"y":15,"width":600,"height":400},"front_00":{"x":-60,"y":5,"width":600,"height":400},"idle_00":{"x":-70,"y":15,"width":600,"height":400},"idle_01":{"x":-70,"y":15,"width":600,"height":400},"idle_02":{"x":-70,"y":15,"width":600,"height":400},"idle_03":{"x":-70,"y":15,"width":600,"height":400},"idle_04":{"x":-70,"y":15,"width":600,"height":400},"skill1_00":{"x":-60,"y":15,"width":600,"height":400},"skill1_01":{"x":-60,"y":15,"width":600,"height":400},"skill1_02":{"x":-60,"y":15,"width":600,"height":400},"skill1_03":{"x":-45,"y":15,"width":600,"height":400},"skill1_04":{"x":-45,"y":15,"width":600,"height":400},"skill1_05":{"x":-45,"y":15,"width":600,"height":400},"skill1_06":{"x":-45,"y":15,"width":600,"height":400},"skill2_00":{"x":-70,"y":15,"width":600,"height":400},"skill2_01":{"x":-70,"y":15,"width":600,"height":400},"skill2_02":{"x":-70,"y":15,"width":600,"height":400},"skill2_03":{"x":-70,"y":15,"width":600,"height":400},"skill2_04":{"x":-70,"y":15,"width":600,"height":400},"skill2_05":{"x":-70,"y":15,"width":600,"height":400},"skill2_06":{"x":-70,"y":15,"width":600,"height":400}},"S1_wave1":{"EF/710_S1_wave1/710_S1_wave1_00038":{"y":5.23,"width":200,"height":200},"EF/710_S1_wave1/710_S1_wave1_00039":{"y":5.23,"width":200,"height":200},"EF/710_S1_wave1/710_S1_wave1_00040":{"y":5.23,"width":200,"height":200},"EF/710_S1_wave1/710_S1_wave1_00041":{"y":5.23,"width":200,"height":200},"EF/710_S1_wave1/710_S1_wave1_00042":{"y":5.23,"width":200,"height":200},"EF/710_S1_wave1/710_S1_wave1_00043":{"y":5.23,"width":200,"height":200},"EF/710_S1_wave1/710_S1_wave1_00044":{"y":5.23,"width":200,"height":200},"EF/710_S1_wave1/710_S1_wave1_00045":{"y":5.23,"width":200,"height":200},"EF/710_S1_wave1/710_S1_wave1_00046":{"y":5.23,"width":200,"height":200},"EF/710_S1_wave1/710_S1_wave1_00047":{"y":5.23,"width":200,"height":200},"EF/710_S1_wave1/710_S1_wave1_00048":{"y":5.23,"width":200,"height":200},"EF/710_S1_wave1/710_S1_wave1_00049":{"y":5.23,"width":200,"height":200},"EF/710_S1_wave1/710_S1_wave1_00050":{"y":5.23,"width":200,"height":200},"EF/710_S1_wave1/710_S1_wave1_00051":{"y":5.23,"width":200,"height":200}},"S1_wave2":{"EF/710_S1_wave1/710_S1_wave1_00038":{"y":5.23,"width":200,"height":200},"EF/710_S1_wave1/710_S1_wave1_00039":{"y":5.23,"width":200,"height":200},"EF/710_S1_wave1/710_S1_wave1_00040":{"y":5.23,"width":200,"height":200},"EF/710_S1_wave1/710_S1_wave1_00041":{"y":5.23,"width":200,"height":200},"EF/710_S1_wave1/710_S1_wave1_00042":{"y":5.23,"width":200,"height":200},"EF/710_S1_wave1/710_S1_wave1_00043":{"y":5.23,"width":200,"height":200},"EF/710_S1_wave1/710_S1_wave1_00044":{"y":5.23,"width":200,"height":200},"EF/710_S1_wave1/710_S1_wave1_00045":{"y":5.23,"width":200,"height":200},"EF/710_S1_wave1/710_S1_wave1_00046":{"y":5.23,"width":200,"height":200},"EF/710_S1_wave1/710_S1_wave1_00047":{"y":5.23,"width":200,"height":200},"EF/710_S1_wave1/710_S1_wave1_00048":{"y":5.23,"width":200,"height":200},"EF/710_S1_wave1/710_S1_wave1_00049":{"y":5.23,"width":200,"height":200},"EF/710_S1_wave1/710_S1_wave1_00050":{"y":5.23,"width":200,"height":200},"EF/710_S1_wave1/710_S1_wave1_00051":{"y":5.23,"width":200,"height":200}},"S1_wave3":{"EF/710_S1_wave1/710_S1_wave1_00038":{"y":5.23,"width":200,"height":200},"EF/710_S1_wave1/710_S1_wave1_00039":{"y":5.23,"width":200,"height":200},"EF/710_S1_wave1/710_S1_wave1_00040":{"y":5.23,"width":200,"height":200},"EF/710_S1_wave1/710_S1_wave1_00041":{"y":5.23,"width":200,"height":200},"EF/710_S1_wave1/710_S1_wave1_00042":{"y":5.23,"width":200,"height":200},"EF/710_S1_wave1/710_S1_wave1_00043":{"y":5.23,"width":200,"height":200},"EF/710_S1_wave1/710_S1_wave1_00044":{"y":5.23,"width":200,"height":200},"EF/710_S1_wave1/710_S1_wave1_00045":{"y":5.23,"width":200,"height":200},"EF/710_S1_wave1/710_S1_wave1_00046":{"y":5.23,"width":200,"height":200},"EF/710_S1_wave1/710_S1_wave1_00047":{"y":5.23,"width":200,"height":200},"EF/710_S1_wave1/710_S1_wave1_00048":{"y":5.23,"width":200,"height":200},"EF/710_S1_wave1/710_S1_wave1_00049":{"y":5.23,"width":200,"height":200},"EF/710_S1_wave1/710_S1_wave1_00050":{"y":5.23,"width":200,"height":200},"EF/710_S1_wave1/710_S1_wave1_00051":{"y":5.23,"width":200,"height":200}},"S1_wave4":{"EF/710_S1_wave1/710_S1_wave1_00038":{"y":5.23,"width":200,"height":200},"EF/710_S1_wave1/710_S1_wave1_00039":{"y":5.23,"width":200,"height":200},"EF/710_S1_wave1/710_S1_wave1_00040":{"y":5.23,"width":200,"height":200},"EF/710_S1_wave1/710_S1_wave1_00041":{"y":5.23,"width":200,"height":200},"EF/710_S1_wave1/710_S1_wave1_00042":{"y":5.23,"width":200,"height":200},"EF/710_S1_wave1/710_S1_wave1_00043":{"y":5.23,"width":200,"height":200},"EF/710_S1_wave1/710_S1_wave1_00044":{"y":5.23,"width":200,"height":200},"EF/710_S1_wave1/710_S1_wave1_00045":{"y":5.23,"width":200,"height":200},"EF/710_S1_wave1/710_S1_wave1_00046":{"y":5.23,"width":200,"height":200},"EF/710_S1_wave1/710_S1_wave1_00047":{"y":5.23,"width":200,"height":200},"EF/710_S1_wave1/710_S1_wave1_00048":{"y":5.23,"width":200,"height":200},"EF/710_S1_wave1/710_S1_wave1_00049":{"y":5.23,"width":200,"height":200},"EF/710_S1_wave1/710_S1_wave1_00050":{"y":5.23,"width":200,"height":200},"EF/710_S1_wave1/710_S1_wave1_00051":{"y":5.23,"width":200,"height":200}},"S1_wave5":{"EF/710_S1_wave1/710_S1_wave1_00038":{"y":5.23,"width":200,"height":200},"EF/710_S1_wave1/710_S1_wave1_00039":{"y":5.23,"width":200,"height":200},"EF/710_S1_wave1/710_S1_wave1_00040":{"y":5.23,"width":200,"height":200},"EF/710_S1_wave1/710_S1_wave1_00041":{"y":5.23,"width":200,"height":200},"EF/710_S1_wave1/710_S1_wave1_00042":{"y":5.23,"width":200,"height":200},"EF/710_S1_wave1/710_S1_wave1_00043":{"y":5.23,"width":200,"height":200},"EF/710_S1_wave1/710_S1_wave1_00044":{"y":5.23,"width":200,"height":200},"EF/710_S1_wave1/710_S1_wave1_00045":{"y":5.23,"width":200,"height":200},"EF/710_S1_wave1/710_S1_wave1_00046":{"y":5.23,"width":200,"height":200},"EF/710_S1_wave1/710_S1_wave1_00047":{"y":5.23,"width":200,"height":200},"EF/710_S1_wave1/710_S1_wave1_00048":{"y":5.23,"width":200,"height":200},"EF/710_S1_wave1/710_S1_wave1_00049":{"y":5.23,"width":200,"height":200},"EF/710_S1_wave1/710_S1_wave1_00050":{"y":5.23,"width":200,"height":200},"EF/710_S1_wave1/710_S1_wave1_00051":{"y":5.23,"width":200,"height":200}},"S1_wave6":{"EF/710_S1_wave1/710_S1_wave1_00038":{"y":5.23,"width":200,"height":200},"EF/710_S1_wave1/710_S1_wave1_00039":{"y":5.23,"width":200,"height":200},"EF/710_S1_wave1/710_S1_wave1_00040":{"y":5.23,"width":200,"height":200},"EF/710_S1_wave1/710_S1_wave1_00041":{"y":5.23,"width":200,"height":200},"EF/710_S1_wave1/710_S1_wave1_00042":{"y":5.23,"width":200,"height":200},"EF/710_S1_wave1/710_S1_wave1_00043":{"y":5.23,"width":200,"height":200},"EF/710_S1_wave1/710_S1_wave1_00044":{"y":5.23,"width":200,"height":200},"EF/710_S1_wave1/710_S1_wave1_00045":{"y":5.23,"width":200,"height":200},"EF/710_S1_wave1/710_S1_wave1_00046":{"y":5.23,"width":200,"height":200},"EF/710_S1_wave1/710_S1_wave1_00047":{"y":5.23,"width":200,"height":200},"EF/710_S1_wave1/710_S1_wave1_00048":{"y":5.23,"width":200,"height":200},"EF/710_S1_wave1/710_S1_wave1_00049":{"y":5.23,"width":200,"height":200},"EF/710_S1_wave1/710_S1_wave1_00050":{"y":5.23,"width":200,"height":200},"EF/710_S1_wave1/710_S1_wave1_00051":{"y":5.23,"width":200,"height":200}},"S1_wave7":{"EF/710_S1_wave1/710_S1_wave1_00038":{"y":5.23,"width":200,"height":200},"EF/710_S1_wave1/710_S1_wave1_00039":{"y":5.23,"width":200,"height":200},"EF/710_S1_wave1/710_S1_wave1_00040":{"y":5.23,"width":200,"height":200},"EF/710_S1_wave1/710_S1_wave1_00041":{"y":5.23,"width":200,"height":200},"EF/710_S1_wave1/710_S1_wave1_00042":{"y":5.23,"width":200,"height":200},"EF/710_S1_wave1/710_S1_wave1_00043":{"y":5.23,"width":200,"height":200},"EF/710_S1_wave1/710_S1_wave1_00044":{"y":5.23,"width":200,"height":200},"EF/710_S1_wave1/710_S1_wave1_00045":{"y":5.23,"width":200,"height":200},"EF/710_S1_wave1/710_S1_wave1_00046":{"y":5.23,"width":200,"height":200},"EF/710_S1_wave1/710_S1_wave1_00047":{"y":5.23,"width":200,"height":200},"EF/710_S1_wave1/710_S1_wave1_00048":{"y":5.23,"width":200,"height":200},"EF/710_S1_wave1/710_S1_wave1_00049":{"y":5.23,"width":200,"height":200},"EF/710_S1_wave1/710_S1_wave1_00050":{"y":5.23,"width":200,"height":200},"EF/710_S1_wave1/710_S1_wave1_00051":{"y":5.23,"width":200,"height":200}},"S1_wave8":{"EF/710_S1_wave1/710_S1_wave1_00038":{"y":5.23,"width":200,"height":200},"EF/710_S1_wave1/710_S1_wave1_00039":{"y":5.23,"width":200,"height":200},"EF/710_S1_wave1/710_S1_wave1_00040":{"y":5.23,"width":200,"height":200},"EF/710_S1_wave1/710_S1_wave1_00041":{"y":5.23,"width":200,"height":200},"EF/710_S1_wave1/710_S1_wave1_00042":{"y":5.23,"width":200,"height":200},"EF/710_S1_wave1/710_S1_wave1_00043":{"y":5.23,"width":200,"height":200},"EF/710_S1_wave1/710_S1_wave1_00044":{"y":5.23,"width":200,"height":200},"EF/710_S1_wave1/710_S1_wave1_00045":{"y":5.23,"width":200,"height":200},"EF/710_S1_wave1/710_S1_wave1_00046":{"y":5.23,"width":200,"height":200},"EF/710_S1_wave1/710_S1_wave1_00047":{"y":5.23,"width":200,"height":200},"EF/710_S1_wave1/710_S1_wave1_00048":{"y":5.23,"width":200,"height":200},"EF/710_S1_wave1/710_S1_wave1_00049":{"y":5.23,"width":200,"height":200},"EF/710_S1_wave1/710_S1_wave1_00050":{"y":5.23,"width":200,"height":200},"EF/710_S1_wave1/710_S1_wave1_00051":{"y":5.23,"width":200,"height":200}}}},"events":{"Event":{},"Hit":{},"sound_1":{},"sound_2":{},"sound_3":{},"voice":{}},"animations":{"attack1":{"slots":{"DAMAGEAREA":{"attachment":[{"time":0.4,"name":"DAMAGEAREA"},{"time":0.4666,"name":null},{"time":0.6,"name":"DAMAGEAREA"},{"time":0.6666,"name":null},{"time":0.9333,"name":"DAMAGEAREA"},{"time":1.0666,"name":null}]},"EF/tsuki_DOT/sp_ef_1":{"attachment":[{"time":0.4,"name":"EF/tsuki_DOT/sp_ef_1"},{"time":0.4333,"name":"EF/tsuki_DOT/sp_ef_2"},{"time":0.4666,"name":"EF/tsuki_DOT/sp_ef_3"},{"time":0.5,"name":null},{"time":0.6,"name":"EF/tsuki_DOT/sp_ef_1"},{"time":0.6333,"name":"EF/tsuki_DOT/sp_ef_2"},{"time":0.6666,"name":"EF/tsuki_DOT/sp_ef_3"},{"time":0.7,"name":null},{"time":0.9333,"name":"EF/tsuki_DOT/sp_ef_1"},{"time":0.9666,"name":"EF/tsuki_DOT/sp_ef_2"},{"time":1,"name":"EF/tsuki_DOT/sp_ef_3"},{"time":1.0333,"name":null}]},"MAIN":{"attachment":[{"time":0,"name":"attack1_00"},{"time":0.1,"name":"attack1_01"},{"time":0.2,"name":"attack1_02"},{"time":0.4,"name":"attack1_03"},{"time":0.4333,"name":"attack1_04"},{"time":0.4666,"name":"attack1_05"},{"time":0.5,"name":"attack1_06"},{"time":0.6,"name":"attack1_07"},{"time":0.6333,"name":"attack1_08"},{"time":0.6666,"name":"attack1_09"},{"time":0.7333,"name":"attack1_10"},{"time":0.8,"name":"attack1_11"},{"time":0.9333,"name":"attack1_12"},{"time":0.9666,"name":"attack1_13"},{"time":1.2,"name":"back_00"},{"time":1.3333,"name":"idle_00"},{"time":1.6666,"name":null}]}},"bones":{"MAIN":{"translate":[{"time":0,"x":0,"y":0,"curve":"stepped"},{"time":0.4,"x":-45,"y":0,"curve":"stepped"},{"time":0.9333,"x":-65,"y":0,"curve":"stepped"},{"time":0.9666,"x":-90,"y":0},{"time":1,"x":-100,"y":0,"curve":"stepped"},{"time":1.2,"x":-100,"y":12.46},{"time":1.2666,"x":-38.31,"y":14.02},{"time":1.3333,"x":-20.25,"y":-1.55,"curve":[0.229,0.8,0.75,1]},{"time":1.5666,"x":0,"y":0}]},"tsuki_DOT":{"rotate":[{"time":0,"angle":0,"curve":"stepped"},{"time":0.4,"angle":-15.27,"curve":"stepped"},{"time":0.6,"angle":18.44,"curve":"stepped"},{"time":0.9333,"angle":0}],"translate":[{"time":0.4,"x":-982.85,"y":-313.16},{"time":0.4666,"x":-1022.69,"y":-303.51,"curve":"stepped"},{"time":0.6,"x":-982.85,"y":-460.55},{"time":0.6666,"x":-1022.69,"y":-471.72,"curve":"stepped"},{"time":0.9333,"x":-1002.08,"y":-368.53},{"time":1,"x":-1070.48,"y":-371.2}],"scale":[{"time":0.4,"x":1.1,"y":1.1,"curve":"stepped"},{"time":0.6,"x":1.1,"y":1.1,"curve":"stepped"},{"time":0.9333,"x":1.6,"y":1.6}]},"DAMAGEAREA":{"translate":[{"time":0.4,"x":-172.35,"y":66.49,"curve":"stepped"},{"time":0.6,"x":-172.35,"y":-8.94,"curve":"stepped"},{"time":0.9333,"x":-172.35,"y":55.59},{"time":1.0666,"x":-210.53,"y":55.59}],"scale":[{"time":0.4,"x":1.188,"y":0.533,"curve":"stepped"},{"time":0.6,"x":1.188,"y":0.533,"curve":"stepped"},{"time":0.9333,"x":1.188,"y":0.533}]},"SHADOW-OFFSET":{"translate":[{"time":0,"x":15,"y":0,"curve":"stepped"},{"time":1.2,"x":0,"y":0}]}},"events":[{"time":0,"name":"Event","float":0.05,"string":"kHitStopType_normal"},{"time":0.3666,"name":"sound_1","string":"cri_se_battle_sword_swish_heavy"},{"time":0.4,"name":"sound_1","string":"setHitSound(se_battle_026_stab)"},{"time":0.4,"name":"voice","string":"cri_017_voice_attack_random"},{"time":0.5666,"name":"sound_1","string":"cri_se_battle_sword_swish_heavy"},{"time":0.6,"name":"Hit","string":"resetHitList"},{"time":0.6,"name":"sound_1","string":"setHitSound(se_battle_026_stab)"},{"time":0.9,"name":"Event","float":0.15,"string":"kHitStopType_normal"},{"time":0.9,"name":"sound_1","string":"cri_se_battle_sword_swish_heavy"},{"time":0.9,"name":"voice","string":"cri_017_voice_attack_random"},{"time":0.9333,"name":"Event","float":0.1,"string":"shakeGround_Loop"},{"time":0.9333,"name":"Hit","float":1.25,"string":"resetHitList"},{"time":0.9333,"name":"sound_1","string":"setHitSound(se_battle_026_stab)"},{"time":1.2,"name":"sound_1","string":"cri_se_battle_step"}]},"back":{"slots":{"MAIN":{"attachment":[{"time":0,"name":"back_00"},{"time":0.2666,"name":"idle_00"}]},"S1_wave1":{"attachment":[{"time":0,"name":null}]},"S1_wave2":{"attachment":[{"time":0,"name":null}]}},"bones":{"MAIN":{"translate":[{"time":0,"x":0,"y":0},{"time":0.1,"x":70.99,"y":20.09},{"time":0.3,"x":130,"y":0,"curve":[0.204,0.72,0.75,1]},{"time":0.6,"x":140,"y":0,"curve":"stepped"},{"time":0.7666,"x":140,"y":0}]}},"events":[{"time":0,"name":"sound_1","string":"cri_se_battle_step"}]},"cast":{"slots":{"MAIN":{"attachment":[{"time":0,"name":"attack1_00"},{"time":0.1333,"name":"attack1_01"},{"time":0.2666,"name":"attack1_02"},{"time":0.5,"name":"attack1_12"},{"time":0.5333,"name":"attack1_13"},{"time":0.6,"name":"attack1_14"},{"time":1,"name":"idle_00"}]}},"bones":{"SHADOW-OFFSET":{"translate":[{"time":0,"x":15,"y":0}]}},"events":[{"time":0.4666,"name":"voice","string":"cri_017_voice_item"}]},"damage":{"slots":{"MAIN":{"attachment":[{"time":0,"name":"damage_00"}]},"S1_wave1":{"attachment":[{"time":0,"name":null}]},"S1_wave2":{"attachment":[{"time":0,"name":null}]}}},"front":{"slots":{"MAIN":{"attachment":[{"time":0,"name":"front_00"}]},"S1_wave1":{"attachment":[{"time":0,"name":null}]},"S1_wave2":{"attachment":[{"time":0,"name":null}]}}},"idle":{"slots":{"MAIN":{"attachment":[{"time":0,"name":"idle_00"},{"time":0.1666,"name":"idle_01"},{"time":0.3333,"name":"idle_02"},{"time":0.5,"name":"idle_03"},{"time":0.6666,"name":"idle_04"},{"time":0.8333,"name":"idle_00"}]},"S1_wave1":{"attachment":[{"time":0,"name":null}]},"S1_wave2":{"attachment":[{"time":0,"name":null}]}}},"skill1":{"slots":{"DAMAGEAREA":{"attachment":[{"time":0.5666,"name":"DAMAGEAREA"},{"time":1.4333,"name":null},{"time":2.2,"name":"DAMAGEAREA"},{"time":2.3666,"name":null}]},"MAIN":{"attachment":[{"time":0,"name":"attack1_12"},{"time":0.0333,"name":"skill1_01"},{"time":0.0666,"name":"skill1_02"},{"time":0.5666,"name":"skill1_03"},{"time":0.6,"name":"skill1_04"},{"time":0.6333,"name":"skill1_05"},{"time":0.6666,"name":"skill1_04"},{"time":0.7,"name":"skill1_06"},{"time":0.7333,"name":"skill1_04"},{"time":0.7666,"name":"skill1_03"},{"time":0.8,"name":"skill1_04"},{"time":0.8333,"name":"skill1_05"},{"time":0.8666,"name":"skill1_04"},{"time":0.9,"name":"skill1_06"},{"time":0.9333,"name":"skill1_04"},{"time":0.9666,"name":"skill1_03"},{"time":1,"name":"skill1_04"},{"time":1.0333,"name":"skill1_05"},{"time":1.0666,"name":"skill1_04"},{"time":1.1,"name":"skill1_06"},{"time":1.1333,"name":"skill1_04"},{"time":1.1666,"name":"skill1_05"},{"time":1.2,"name":"skill1_04"},{"time":1.2333,"name":"skill1_06"},{"time":1.2666,"name":"skill1_04"},{"time":1.3,"name":"skill1_03"},{"time":1.3333,"name":"skill1_04"},{"time":1.3666,"name":"skill1_05"},{"time":1.4,"name":"skill1_04"},{"time":1.4333,"name":"skill1_06"},{"time":1.4666,"name":"skill1_04"},{"time":1.5,"name":"back_00"},{"time":1.6666,"name":"attack1_00"},{"time":1.7333,"name":"attack1_01"},{"time":1.8,"name":"attack1_02"},{"time":2.2,"name":"attack1_12"},{"time":2.2666,"name":"attack1_13"},{"time":2.3333,"name":"attack1_14"},{"time":2.6666,"name":"skill1_00"}]},"S1_wave1":{"attachment":[{"time":0,"name":null}]},"S1_wave2":{"attachment":[{"time":0,"name":null}]}},"bones":{"MAIN":{"translate":[{"time":0.5666,"x":-50,"y":0,"curve":"stepped"},{"time":1.0666,"x":-50,"y":0},{"time":1.1,"x":-46.43,"y":0},{"time":1.1333,"x":-50,"y":0},{"time":1.1666,"x":-46.43,"y":0},{"time":1.2,"x":-50,"y":0},{"time":1.2333,"x":-46.43,"y":0},{"time":1.2666,"x":-50,"y":0},{"time":1.3,"x":-46.43,"y":0},{"time":1.3333,"x":-50,"y":0},{"time":1.3666,"x":-46.43,"y":0},{"time":1.4,"x":-50,"y":0},{"time":1.4333,"x":-46.43,"y":0},{"time":1.4666,"x":-50,"y":0},{"time":1.5,"x":0,"y":0},{"time":1.5666,"x":69.26,"y":19.03},{"time":1.6333,"x":138.5,"y":0,"curve":"stepped"},{"time":2.2,"x":88.5,"y":0,"curve":[0.141,0.44,0.75,1]},{"time":2.2333,"x":-140,"y":0},{"time":2.2666,"x":-160,"y":0},{"time":2.3333,"x":-150,"y":0}]},"DAMAGEAREA":{"translate":[{"time":0.5666,"x":-246.21,"y":83.11,"curve":"stepped"},{"time":2.2,"x":-66.33,"y":46.24},{"time":2.2666,"x":-331.63,"y":46.24}],"scale":[{"time":0.5666,"x":2.108,"y":1.234,"curve":"stepped"},{"time":2.2,"x":1.515,"y":0.591}]},"SHADOW-OFFSET":{"translate":[{"time":0,"x":15,"y":0,"curve":"stepped"},{"time":0.5666,"x":20,"y":0,"curve":"stepped"},{"time":1.5,"x":0,"y":0,"curve":"stepped"},{"time":1.6666,"x":15,"y":0}]}},"events":[{"time":0,"name":"Event","float":0.12,"string":"kHitStopType_enemyonly"},{"time":0.0333,"name":"Event","string":"setHitEffect(hit08b, 1,1.5,100)"},{"time":0.3333,"name":"voice","string":"cri_017_voice_skill_a"},{"time":0.5333,"name":"sound_1","string":"cri_se_battle_sword_swish_heavy"},{"time":0.5666,"name":"sound_1","string":"setHitSound(se_battle_026_stab)"},{"time":0.5666,"name":"sound_2","string":"cri_se_battle_explosion_water_02"},{"time":0.6333,"name":"Hit","string":"resetHitList"},{"time":0.6666,"name":"sound_1","string":"cri_se_battle_sword_swish_heavy"},{"time":0.7,"name":"Hit","string":"resetHitList"},{"time":0.7,"name":"sound_2","string":"cri_se_battle_explosion_water_02"},{"time":0.8,"name":"Hit","string":"resetHitList"},{"time":0.8,"name":"sound_1","string":"cri_se_battle_sword_swish_heavy"},{"time":0.8,"name":"sound_2","string":"cri_se_battle_explosion_water_02"},{"time":0.9,"name":"Hit","string":"resetHitList"},{"time":0.9,"name":"sound_2","string":"cri_se_battle_explosion_water_02"},{"time":0.9333,"name":"sound_1","string":"cri_se_battle_sword_swish_heavy"},{"time":1,"name":"Hit","string":"resetHitList"},{"time":1,"name":"sound_2","string":"cri_se_battle_explosion_water_02"},{"time":1.0666,"name":"Hit","string":"resetHitList"},{"time":1.0666,"name":"sound_1","string":"cri_se_battle_sword_swish_heavy"},{"time":1.0666,"name":"sound_2","string":"cri_se_battle_explosion_water_02"},{"time":1.1666,"name":"Hit","string":"resetHitList"},{"time":1.1666,"name":"sound_2","string":"cri_se_battle_explosion_water_02"},{"time":1.2,"name":"sound_1","string":"cri_se_battle_sword_swish_heavy"},{"time":1.2333,"name":"Hit","string":"resetHitList"},{"time":1.2333,"name":"sound_2","string":"cri_se_battle_explosion_water_02"},{"time":1.3,"name":"Hit","string":"resetHitList"},{"time":1.3333,"name":"sound_1","string":"cri_se_battle_sword_swish_heavy"},{"time":1.3333,"name":"sound_2","string":"cri_se_battle_explosion_water_02"},{"time":1.4,"name":"Hit","string":"resetHitList"},{"time":1.4666,"name":"sound_1","string":"cri_se_battle_sword_swish_heavy"},{"time":2,"name":"voice","string":"cri_017_voice_attack_random"},{"time":2.1333,"name":"Event","string":"setHitEffect(hit08b, 0,2,0)"},{"time":2.1666,"name":"Event","float":0.15,"string":"kHitStopType_normal"},{"time":2.1666,"name":"sound_1","string":"cri_se_battle_sword_swish_heavy"},{"time":2.2,"name":"Event","float":0.3,"string":"shakeGround_Loop"},{"time":2.2,"name":"Hit","float":1.2,"string":"resetHitList"},{"time":2.2,"name":"sound_1","string":"setHitSound(se_battle_026_stab)"},{"time":2.2,"name":"sound_2","string":"cri_se_battle_explosion_water_02"},{"time":2.2666,"name":"Event","float":0.15,"string":"kHitStopType_enemyonly"},{"time":2.3,"name":"Event","string":"kImpactType_knock"},{"time":2.3,"name":"Hit","float":1.5,"string":"resetHitList"}]},"skill2":{"slots":{"DAMAGEAREA":{"attachment":[{"time":0,"name":"DAMAGEAREA"},{"time":0.9,"name":null},{"time":1.3,"name":"DAMAGEAREA"},{"time":1.7333,"name":null}]},"MAIN":{"attachment":[{"time":0,"name":"skill2_06"},{"time":0.0333,"name":"skill2_01"},{"time":0.0666,"name":"skill2_02"},{"time":0.1,"name":"skill2_00"},{"time":0.1333,"name":"skill2_01"},{"time":0.1666,"name":"skill2_02"},{"time":0.2,"name":"skill2_00"},{"time":0.2333,"name":"skill2_01"},{"time":0.2666,"name":"skill2_02"},{"time":0.3,"name":"skill2_00"},{"time":0.3333,"name":"skill2_01"},{"time":0.3666,"name":"skill2_02"},{"time":0.4,"name":"skill2_00"},{"time":0.4333,"name":"skill2_01"},{"time":0.4666,"name":"skill2_02"},{"time":0.5,"name":"skill2_00"},{"time":0.5333,"name":"skill2_01"},{"time":0.5666,"name":"skill2_02"},{"time":0.6,"name":"skill2_00"},{"time":0.6333,"name":"skill2_01"},{"time":0.6666,"name":"skill2_02"},{"time":0.7,"name":"skill2_00"},{"time":0.7333,"name":"skill2_01"},{"time":0.7666,"name":"skill2_02"},{"time":0.8333,"name":"skill2_03"},{"time":0.9,"name":"skill2_04"},{"time":1.3,"name":"skill2_05"},{"time":1.3333,"name":"skill2_06"},{"time":1.8666,"name":"skill2_06"}]},"S1_wave1":{"attachment":[{"time":0.0666,"name":"EF/710_S1_wave1/710_S1_wave1_00038"},{"time":0.1,"name":"EF/710_S1_wave1/710_S1_wave1_00039"},{"time":0.1333,"name":"EF/710_S1_wave1/710_S1_wave1_00040"},{"time":0.1666,"name":"EF/710_S1_wave1/710_S1_wave1_00041"},{"time":0.2,"name":"EF/710_S1_wave1/710_S1_wave1_00042"},{"time":0.2333,"name":"EF/710_S1_wave1/710_S1_wave1_00043"},{"time":0.2666,"name":"EF/710_S1_wave1/710_S1_wave1_00044"},{"time":0.3,"name":"EF/710_S1_wave1/710_S1_wave1_00045"},{"time":0.3333,"name":"EF/710_S1_wave1/710_S1_wave1_00046"},{"time":0.3666,"name":"EF/710_S1_wave1/710_S1_wave1_00047"},{"time":0.4,"name":"EF/710_S1_wave1/710_S1_wave1_00048"},{"time":0.4333,"name":"EF/710_S1_wave1/710_S1_wave1_00049"},{"time":0.4666,"name":"EF/710_S1_wave1/710_S1_wave1_00050"},{"time":0.5,"name":"EF/710_S1_wave1/710_S1_wave1_00051"},{"time":0.5333,"name":null},{"time":0.6,"name":"EF/710_S1_wave1/710_S1_wave1_00038"},{"time":0.6333,"name":"EF/710_S1_wave1/710_S1_wave1_00039"},{"time":0.6666,"name":"EF/710_S1_wave1/710_S1_wave1_00040"},{"time":0.7,"name":"EF/710_S1_wave1/710_S1_wave1_00041"},{"time":0.7333,"name":"EF/710_S1_wave1/710_S1_wave1_00042"},{"time":0.7666,"name":"EF/710_S1_wave1/710_S1_wave1_00043"},{"time":0.8,"name":"EF/710_S1_wave1/710_S1_wave1_00044"},{"time":0.8333,"name":"EF/710_S1_wave1/710_S1_wave1_00045"},{"time":0.8666,"name":"EF/710_S1_wave1/710_S1_wave1_00046"},{"time":0.9,"name":"EF/710_S1_wave1/710_S1_wave1_00047"},{"time":0.9333,"name":"EF/710_S1_wave1/710_S1_wave1_00048"},{"time":0.9666,"name":"EF/710_S1_wave1/710_S1_wave1_00049"},{"time":1,"name":"EF/710_S1_wave1/710_S1_wave1_00050"},{"time":1.0333,"name":"EF/710_S1_wave1/710_S1_wave1_00051"},{"time":1.0666,"name":null},{"time":1.3,"name":"EF/710_S1_wave1/710_S1_wave1_00039"},{"time":1.3333,"name":"EF/710_S1_wave1/710_S1_wave1_00040"},{"time":1.3666,"name":"EF/710_S1_wave1/710_S1_wave1_00041"},{"time":1.4,"name":"EF/710_S1_wave1/710_S1_wave1_00042"},{"time":1.4333,"name":"EF/710_S1_wave1/710_S1_wave1_00043"},{"time":1.4666,"name":"EF/710_S1_wave1/710_S1_wave1_00044"},{"time":1.5,"name":"EF/710_S1_wave1/710_S1_wave1_00045"},{"time":1.5333,"name":"EF/710_S1_wave1/710_S1_wave1_00047"},{"time":1.5666,"name":"EF/710_S1_wave1/710_S1_wave1_00049"},{"time":1.6,"name":"EF/710_S1_wave1/710_S1_wave1_00051"},{"time":1.6333,"name":null}]},"S1_wave2":{"attachment":[{"time":0.3666,"name":"EF/710_S1_wave1/710_S1_wave1_00038"},{"time":0.4,"name":"EF/710_S1_wave1/710_S1_wave1_00039"},{"time":0.4333,"name":"EF/710_S1_wave1/710_S1_wave1_00040"},{"time":0.4666,"name":"EF/710_S1_wave1/710_S1_wave1_00041"},{"time":0.5,"name":"EF/710_S1_wave1/710_S1_wave1_00042"},{"time":0.5333,"name":"EF/710_S1_wave1/710_S1_wave1_00043"},{"time":0.5666,"name":"EF/710_S1_wave1/710_S1_wave1_00044"},{"time":0.6,"name":"EF/710_S1_wave1/710_S1_wave1_00045"},{"time":0.6333,"name":"EF/710_S1_wave1/710_S1_wave1_00046"},{"time":0.6666,"name":"EF/710_S1_wave1/710_S1_wave1_00047"},{"time":0.7,"name":"EF/710_S1_wave1/710_S1_wave1_00048"},{"time":0.7333,"name":"EF/710_S1_wave1/710_S1_wave1_00049"},{"time":0.7666,"name":"EF/710_S1_wave1/710_S1_wave1_00050"},{"time":0.8,"name":"EF/710_S1_wave1/710_S1_wave1_00051"},{"time":0.8333,"name":null},{"time":1.3333,"name":"EF/710_S1_wave1/710_S1_wave1_00038"},{"time":1.3666,"name":"EF/710_S1_wave1/710_S1_wave1_00039"},{"time":1.4,"name":"EF/710_S1_wave1/710_S1_wave1_00040"},{"time":1.4333,"name":"EF/710_S1_wave1/710_S1_wave1_00041"},{"time":1.4666,"name":"EF/710_S1_wave1/710_S1_wave1_00042"},{"time":1.5,"name":"EF/710_S1_wave1/710_S1_wave1_00043"},{"time":1.5333,"name":"EF/710_S1_wave1/710_S1_wave1_00044"},{"time":1.5666,"name":"EF/710_S1_wave1/710_S1_wave1_00046"},{"time":1.6,"name":"EF/710_S1_wave1/710_S1_wave1_00048"},{"time":1.6333,"name":"EF/710_S1_wave1/710_S1_wave1_00050"},{"time":1.6666,"name":null}]},"S1_wave3":{"attachment":[{"time":1.3666,"name":"EF/710_S1_wave1/710_S1_wave1_00038"},{"time":1.4,"name":"EF/710_S1_wave1/710_S1_wave1_00039"},{"time":1.4333,"name":"EF/710_S1_wave1/710_S1_wave1_00040"},{"time":1.4666,"name":"EF/710_S1_wave1/710_S1_wave1_00041"},{"time":1.5,"name":"EF/710_S1_wave1/710_S1_wave1_00042"},{"time":1.5333,"name":"EF/710_S1_wave1/710_S1_wave1_00043"},{"time":1.5666,"name":"EF/710_S1_wave1/710_S1_wave1_00044"},{"time":1.6,"name":"EF/710_S1_wave1/710_S1_wave1_00046"},{"time":1.6333,"name":"EF/710_S1_wave1/710_S1_wave1_00048"},{"time":1.6666,"name":"EF/710_S1_wave1/710_S1_wave1_00050"},{"time":1.7,"name":null}]},"S1_wave4":{"attachment":[{"time":1.4,"name":"EF/710_S1_wave1/710_S1_wave1_00038"},{"time":1.4333,"name":"EF/710_S1_wave1/710_S1_wave1_00039"},{"time":1.4666,"name":"EF/710_S1_wave1/710_S1_wave1_00040"},{"time":1.5,"name":"EF/710_S1_wave1/710_S1_wave1_00041"},{"time":1.5333,"name":"EF/710_S1_wave1/710_S1_wave1_00042"},{"time":1.5666,"name":"EF/710_S1_wave1/710_S1_wave1_00043"},{"time":1.6,"name":"EF/710_S1_wave1/710_S1_wave1_00044"},{"time":1.6333,"name":"EF/710_S1_wave1/710_S1_wave1_00046"},{"time":1.6666,"name":"EF/710_S1_wave1/710_S1_wave1_00048"},{"time":1.7,"name":"EF/710_S1_wave1/710_S1_wave1_00050"},{"time":1.7333,"name":null}]},"S1_wave5":{"attachment":[{"time":1.4333,"name":"EF/710_S1_wave1/710_S1_wave1_00038"},{"time":1.4666,"name":"EF/710_S1_wave1/710_S1_wave1_00039"},{"time":1.5,"name":"EF/710_S1_wave1/710_S1_wave1_00040"},{"time":1.5333,"name":"EF/710_S1_wave1/710_S1_wave1_00041"},{"time":1.5666,"name":"EF/710_S1_wave1/710_S1_wave1_00042"},{"time":1.6,"name":"EF/710_S1_wave1/710_S1_wave1_00043"},{"time":1.6333,"name":"EF/710_S1_wave1/710_S1_wave1_00044"},{"time":1.6666,"name":"EF/710_S1_wave1/710_S1_wave1_00046"},{"time":1.7,"name":"EF/710_S1_wave1/710_S1_wave1_00048"},{"time":1.7333,"name":"EF/710_S1_wave1/710_S1_wave1_00050"},{"time":1.7666,"name":null}]},"S1_wave6":{"attachment":[{"time":1.4666,"name":"EF/710_S1_wave1/710_S1_wave1_00038"},{"time":1.5,"name":"EF/710_S1_wave1/710_S1_wave1_00039"},{"time":1.5333,"name":"EF/710_S1_wave1/710_S1_wave1_00040"},{"time":1.5666,"name":"EF/710_S1_wave1/710_S1_wave1_00041"},{"time":1.6,"name":"EF/710_S1_wave1/710_S1_wave1_00042"},{"time":1.6333,"name":"EF/710_S1_wave1/710_S1_wave1_00043"},{"time":1.6666,"name":"EF/710_S1_wave1/710_S1_wave1_00044"},{"time":1.7,"name":"EF/710_S1_wave1/710_S1_wave1_00046"},{"time":1.7333,"name":"EF/710_S1_wave1/710_S1_wave1_00048"},{"time":1.7666,"name":"EF/710_S1_wave1/710_S1_wave1_00050"},{"time":1.8,"name":null}]},"S1_wave7":{"attachment":[{"time":1.5,"name":"EF/710_S1_wave1/710_S1_wave1_00038"},{"time":1.5333,"name":"EF/710_S1_wave1/710_S1_wave1_00039"},{"time":1.5666,"name":"EF/710_S1_wave1/710_S1_wave1_00040"},{"time":1.6,"name":"EF/710_S1_wave1/710_S1_wave1_00041"},{"time":1.6333,"name":"EF/710_S1_wave1/710_S1_wave1_00042"},{"time":1.6666,"name":"EF/710_S1_wave1/710_S1_wave1_00043"},{"time":1.7,"name":"EF/710_S1_wave1/710_S1_wave1_00044"},{"time":1.7333,"name":"EF/710_S1_wave1/710_S1_wave1_00046"},{"time":1.7666,"name":"EF/710_S1_wave1/710_S1_wave1_00048"},{"time":1.8,"name":"EF/710_S1_wave1/710_S1_wave1_00050"},{"time":1.8333,"name":null}]},"S1_wave8":{"attachment":[{"time":1.5333,"name":"EF/710_S1_wave1/710_S1_wave1_00038"},{"time":1.5666,"name":"EF/710_S1_wave1/710_S1_wave1_00039"},{"time":1.6,"name":"EF/710_S1_wave1/710_S1_wave1_00040"},{"time":1.6333,"name":"EF/710_S1_wave1/710_S1_wave1_00041"},{"time":1.6666,"name":"EF/710_S1_wave1/710_S1_wave1_00042"},{"time":1.7,"name":"EF/710_S1_wave1/710_S1_wave1_00043"},{"time":1.7333,"name":"EF/710_S1_wave1/710_S1_wave1_00044"},{"time":1.7666,"name":"EF/710_S1_wave1/710_S1_wave1_00046"},{"time":1.8,"name":"EF/710_S1_wave1/710_S1_wave1_00048"},{"time":1.8333,"name":"EF/710_S1_wave1/710_S1_wave1_00050"},{"time":1.8666,"name":null}]}},"bones":{"S1_wave1":{"translate":[{"time":0.0666,"x":-779.07,"y":415.85}],"scale":[{"time":0.0666,"x":2.355,"y":2.355,"curve":"stepped"},{"time":1.3,"x":5.1,"y":5.1}]},"MAIN":{"translate":[{"time":0,"x":0,"y":-0.83}]},"S1_wave1_2":{"translate":[{"time":0.3666,"x":-951.52,"y":415.65}],"scale":[{"time":0.3666,"x":3.002,"y":3.002,"curve":"stepped"},{"time":1.3333,"x":5.1,"y":5.1}]},"S1_wave1_3":{"translate":[{"time":1.3666,"x":-1244.72,"y":389.42}],"scale":[{"time":1.3666,"x":1.808,"y":1.808},{"time":1.5666,"x":2.579,"y":2.579}]},"S1_wave1_4":{"translate":[{"time":1.4,"x":-1354.72,"y":442.02}],"scale":[{"time":1.4,"x":1.808,"y":1.808},{"time":1.6,"x":2.996,"y":2.996}]},"S1_wave1_5":{"translate":[{"time":1.4333,"x":-1464.72,"y":389.42}],"scale":[{"time":1.4333,"x":1.808,"y":1.808},{"time":1.6333,"x":2.996,"y":2.996}]},"S1_wave1_6":{"translate":[{"time":1.4666,"x":-1574.72,"y":442.03}],"scale":[{"time":1.4666,"x":1.808,"y":1.808},{"time":1.6666,"x":2.996,"y":2.996}]},"S1_wave1_7":{"translate":[{"time":1.5,"x":-1684.72,"y":389.42}],"scale":[{"time":1.5,"x":1.808,"y":1.808},{"time":1.7,"x":2.996,"y":2.996}]},"S1_wave1_8":{"translate":[{"time":1.5333,"x":-1794.72,"y":442.03}],"scale":[{"time":1.5333,"x":1.808,"y":1.808},{"time":1.7333,"x":2.996,"y":2.996}]},"DAMAGEAREA":{"translate":[{"time":0,"x":0,"y":89.06},{"time":0.2333,"x":-10.03,"y":99.62,"curve":"stepped"},{"time":1.3,"x":0,"y":75.47},{"time":1.7,"x":-421.42,"y":131.4}],"scale":[{"time":0,"x":1.932,"y":1},{"time":0.2333,"x":2.661,"y":1.196,"curve":"stepped"},{"time":1.3,"x":1.043,"y":0.997},{"time":1.7,"x":4.528,"y":1.735}]}},"events":[{"time":0,"name":"Event","float":0.1,"string":"kHitStopType_enemyonly"},{"time":0,"name":"sound_1","string":"cri_se_battle_sword_swish_heavy"},{"time":0,"name":"sound_2","string":"cri_se_battle_storm"},{"time":0,"name":"sound_3","string":"cri_se_battle_034_explosion_element_02"},{"time":0,"name":"voice","string":"cri_017_voice_fullarts_now"},{"time":0.0333,"name":"Event","float":0.08,"string":"shakeGround_Loop"},{"time":0.0333,"name":"Hit","string":"resetHitList"},{"time":0.0333,"name":"sound_2","string":"cri_se_battle_magic_Invocation_dark"},{"time":0.0333,"name":"sound_3","string":"setHitSound(se_battle_007_attack_hit_01)"},{"time":0.1333,"name":"sound_1","string":"cri_se_battle_sword_swish_heavy"},{"time":0.1666,"name":"Hit","string":"resetHitList"},{"time":0.2,"name":"Event","float":0.08,"string":"shakeGround_Loop"},{"time":0.2,"name":"Hit","string":"resetHitList"},{"time":0.2666,"name":"sound_1","string":"cri_se_battle_sword_swish_heavy"},{"time":0.3333,"name":"Hit","string":"resetHitList"},{"time":0.3666,"name":"Event","float":0.08,"string":"shakeGround_Loop"},{"time":0.3666,"name":"Hit","string":"resetHitList"},{"time":0.4,"name":"sound_1","string":"cri_se_battle_sword_swish_heavy"},{"time":0.5,"name":"Hit","string":"resetHitList"},{"time":0.5333,"name":"Event","float":0.08,"string":"shakeGround_Loop"},{"time":0.5333,"name":"Hit","string":"resetHitList"},{"time":0.5333,"name":"sound_1","string":"cri_se_battle_sword_swish_heavy"},{"time":0.6666,"name":"Hit","string":"resetHitList"},{"time":0.6666,"name":"sound_1","string":"cri_se_battle_sword_swish_heavy"},{"time":0.7,"name":"Event","float":0.08,"string":"shakeGround_Loop"},{"time":0.7,"name":"Hit","string":"resetHitList"},{"time":0.8,"name":"sound_1","string":"cri_se_battle_sword_swish_heavy"},{"time":0.8333,"name":"Hit","string":"resetHitList"},{"time":0.8666,"name":"Event","float":0.08,"string":"shakeGround_Loop"},{"time":0.8666,"name":"Hit","string":"resetHitList"},{"time":1.2333,"name":"Event","float":0.18,"string":"kHitStopType_enemyonly"},{"time":1.2333,"name":"voice","string":"cri_017_voice_fullarts_rank2"},{"time":1.2666,"name":"Event","string":"shakeGround"},{"time":1.3,"name":"Event","string":"kImpactType_up"},{"time":1.3,"name":"Hit","float":1.35,"string":"resetHitList"},{"time":1.3,"name":"sound_1","string":"cri_se_battle_034_explosion_element_02"},{"time":1.3,"name":"sound_2","string":"cri_se_battle_explosion_water_02"},{"time":1.3,"name":"sound_3","string":"cri_se_battle_hard_hit"},{"time":1.3333,"name":"sound_3","string":"cri_se_battle_hard_hit"},{"time":1.4,"name":"Event","string":"setHitBackEnemy(60,0)"},{"time":1.4,"name":"sound_2","string":"cri_se_battle_explosion_water_02"},{"time":1.4,"name":"sound_3","string":"cri_se_battle_hard_hit"},{"time":1.4666,"name":"sound_3","string":"cri_se_battle_hard_hit"},{"time":1.5333,"name":"Hit","float":1.5,"string":"resetHitList"},{"time":1.5333,"name":"sound_1","string":"cri_se_battle_034_explosion_element_02"},{"time":1.5333,"name":"sound_2","string":"cri_se_battle_explosion_water_02"},{"time":1.5333,"name":"sound_3","string":"cri_se_battle_hard_hit"},{"time":1.6,"name":"Hit","float":1.5,"string":"resetHitList"},{"time":1.6,"name":"sound_3","string":"cri_se_battle_hard_hit"},{"time":1.6666,"name":"Hit","float":1.5,"string":"resetHitList"},{"time":1.6666,"name":"sound_2","string":"cri_se_battle_explosion_water_02"},{"time":1.6666,"name":"sound_3","string":"cri_se_battle_hard_hit"},{"time":1.7,"name":"Hit","float":1.5,"string":"resetHitList"},{"time":1.7,"name":"sound_3","string":"cri_se_battle_hard_hit"}]}}}