{"skeleton":{"hash":"hoZc/WJJKJn+Fq2FxP41SQ2Res8","spine":"3.0.12","width":0,"height":0},"bones":[{"name":"root"},{"name":"rock4","parent":"root","x":-446.5},{"name":"rock3","parent":"root","x":-446.5},{"name":"rock2","parent":"root","x":-446.5},{"name":"rock1","parent":"root","x":-446.5},{"name":"ground_wave2","parent":"root","x":279.6},{"name":"ground_wave","parent":"root","x":279.6},{"name":"chage1_2","parent":"root","x":325.84},{"name":"chage1_1","parent":"root","x":325.84},{"name":"DAMAGEAREA","parent":"root"},{"name":"wind1_1","parent":"root","x":-394.02},{"name":"wind1_2","parent":"root","x":-394.02},{"name":"wind1_3","parent":"root","x":-394.02},{"name":"wind1_4","parent":"root","x":-394.02},{"name":"wind2_1","parent":"root","x":362.3}],"slots":[{"name":"EF/ef_rock_main/ef_rock_main_00004","bone":"rock1"},{"name":"EF/ef_rock_main/ef_rock_main_5","bone":"rock3"},{"name":"EF/ef_rock_main/ef_rock_main_6","bone":"rock4"},{"name":"EF/ef_rock_main/ef_rock_main_4","bone":"rock2"},{"name":"EF/ground_wave/5110_S1_wave1_00003","bone":"ground_wave","blend":"additive"},{"name":"EF/ground_wave/5110_S1_wave1_3","bone":"ground_wave2","blend":"additive"},{"name":"EF/9020_wind4_00005","bone":"wind1_1","color":"7fa0ffff","blend":"additive"},{"name":"EF/9020_wind4_6","bone":"wind1_3","color":"7fa0ffff","blend":"additive"},{"name":"EF/9020_wind4_7","bone":"wind1_4","color":"7fa0ffff","blend":"additive"},{"name":"EF/9020_wind4_5","bone":"wind1_2","color":"7fa0ffff","blend":"additive"},{"name":"EF/S2_wind/9020_wind2_00001","bone":"wind2_1","blend":"additive"},{"name":"EF/S2_chage/9020_wind1_00003","bone":"chage1_1","blend":"additive"},{"name":"EF/S2_chage/9020_wind1_3","bone":"chage1_2","blend":"additive"},{"name":"DAMAGEAREA","bone":"DAMAGEAREA"}],"skins":{"default":{"DAMAGEAREA":{"DAMAGEAREA":{"type":"boundingbox","vertices":[-63.44894,64.27755,-63.44894,-64.96535,64.50798,-63.67936,63.222,63.63456]}},"EF/9020_wind4_00005":{"EF/9020_wind4_00005":{"y":23.9,"width":160,"height":284}},"EF/9020_wind4_5":{"EF/9020_wind4_00005":{"y":23.9,"width":160,"height":284}},"EF/9020_wind4_6":{"EF/9020_wind4_00005":{"y":23.9,"width":160,"height":284}},"EF/9020_wind4_7":{"EF/9020_wind4_00005":{"y":23.9,"width":160,"height":284}},"EF/S2_chage/9020_wind1_00003":{"EF/S2_chage/9020_wind1_00003":{"width":200,"height":200},"EF/S2_chage/9020_wind1_00004":{"width":200,"height":200},"EF/S2_chage/9020_wind1_00005":{"width":200,"height":200},"EF/S2_chage/9020_wind1_00006":{"width":200,"height":200},"EF/S2_chage/9020_wind1_00007":{"width":200,"height":200},"EF/S2_chage/9020_wind1_00008":{"width":200,"height":200},"EF/S2_chage/9020_wind1_00009":{"width":200,"height":200},"EF/S2_chage/9020_wind1_00010":{"width":200,"height":200},"EF/S2_chage/9020_wind1_00011":{"width":200,"height":200},"EF/S2_chage/9020_wind1_00012":{"width":200,"height":200},"EF/S2_chage/9020_wind1_00013":{"width":200,"height":200}},"EF/S2_chage/9020_wind1_3":{"EF/S2_chage/9020_wind1_00003":{"width":200,"height":200},"EF/S2_chage/9020_wind1_00004":{"width":200,"height":200},"EF/S2_chage/9020_wind1_00005":{"width":200,"height":200},"EF/S2_chage/9020_wind1_00006":{"width":200,"height":200},"EF/S2_chage/9020_wind1_00007":{"width":200,"height":200},"EF/S2_chage/9020_wind1_00008":{"width":200,"height":200},"EF/S2_chage/9020_wind1_00009":{"width":200,"height":200},"EF/S2_chage/9020_wind1_00010":{"width":200,"height":200},"EF/S2_chage/9020_wind1_00011":{"width":200,"height":200},"EF/S2_chage/9020_wind1_00012":{"width":200,"height":200},"EF/S2_chage/9020_wind1_00013":{"width":200,"height":200}},"EF/S2_wind/9020_wind2_00001":{"EF/S2_wind/9020_wind2_00001":{"x":-1.88,"width":200,"height":200},"EF/S2_wind/9020_wind2_00003":{"x":-1.88,"width":200,"height":200},"EF/S2_wind/9020_wind2_00005":{"x":-1.88,"width":200,"height":200},"EF/S2_wind/9020_wind2_00007":{"x":-1.88,"width":200,"height":200}},"EF/ef_rock_main/ef_rock_main_00004":{"EF/ef_rock_main/ef_rock_main_00004":{"x":0.52,"y":64.09,"width":240,"height":192},"EF/ef_rock_main/ef_rock_main_00006":{"x":0.52,"y":64.09,"width":240,"height":192},"EF/ef_rock_main/ef_rock_main_00008":{"x":0.52,"y":64.09,"width":240,"height":192},"EF/ef_rock_main/ef_rock_main_00010":{"x":0.52,"y":64.09,"width":240,"height":192},"EF/ef_rock_main/ef_rock_main_00012":{"x":0.52,"y":64.09,"width":240,"height":192}},"EF/ef_rock_main/ef_rock_main_4":{"EF/ef_rock_main/ef_rock_main_00004":{"x":0.52,"y":64.09,"width":240,"height":192},"EF/ef_rock_main/ef_rock_main_00006":{"x":0.52,"y":64.09,"width":240,"height":192},"EF/ef_rock_main/ef_rock_main_00008":{"x":0.52,"y":64.09,"width":240,"height":192},"EF/ef_rock_main/ef_rock_main_00010":{"x":0.52,"y":64.09,"width":240,"height":192},"EF/ef_rock_main/ef_rock_main_00012":{"x":0.52,"y":64.09,"width":240,"height":192}},"EF/ef_rock_main/ef_rock_main_5":{"EF/ef_rock_main/ef_rock_main_00004":{"x":0.52,"y":64.09,"width":240,"height":192},"EF/ef_rock_main/ef_rock_main_00006":{"x":0.52,"y":64.09,"width":240,"height":192},"EF/ef_rock_main/ef_rock_main_00008":{"x":0.52,"y":64.09,"width":240,"height":192},"EF/ef_rock_main/ef_rock_main_00010":{"x":0.52,"y":64.09,"width":240,"height":192},"EF/ef_rock_main/ef_rock_main_00012":{"x":0.52,"y":64.09,"width":240,"height":192}},"EF/ef_rock_main/ef_rock_main_6":{"EF/ef_rock_main/ef_rock_main_00004":{"x":0.52,"y":64.09,"width":240,"height":192},"EF/ef_rock_main/ef_rock_main_00006":{"x":0.52,"y":64.09,"width":240,"height":192},"EF/ef_rock_main/ef_rock_main_00008":{"x":0.52,"y":64.09,"width":240,"height":192},"EF/ef_rock_main/ef_rock_main_00010":{"x":0.52,"y":64.09,"width":240,"height":192},"EF/ef_rock_main/ef_rock_main_00012":{"x":0.52,"y":64.09,"width":240,"height":192}},"EF/ground_wave/5110_S1_wave1_00003":{"EF/ground_wave/5110_S1_wave1_00003":{"x":-1.27,"y":2.11,"width":400,"height":400},"EF/ground_wave/5110_S1_wave1_00005":{"x":-1.27,"y":2.11,"width":400,"height":400},"EF/ground_wave/5110_S1_wave1_00006":{"x":-1.27,"y":2.11,"width":400,"height":400},"EF/ground_wave/5110_S1_wave1_00007":{"x":-1.27,"y":2.11,"width":400,"height":400},"EF/ground_wave/5110_S1_wave1_00008":{"x":-1.27,"y":2.11,"width":400,"height":400},"EF/ground_wave/5110_S1_wave1_00009":{"x":-1.27,"y":2.11,"width":400,"height":400}},"EF/ground_wave/5110_S1_wave1_3":{"EF/ground_wave/5110_S1_wave1_00003":{"x":-1.27,"y":2.11,"width":400,"height":400},"EF/ground_wave/5110_S1_wave1_00005":{"x":-1.27,"y":2.11,"width":400,"height":400},"EF/ground_wave/5110_S1_wave1_00006":{"x":-1.27,"y":2.11,"width":400,"height":400},"EF/ground_wave/5110_S1_wave1_00007":{"x":-1.27,"y":2.11,"width":400,"height":400},"EF/ground_wave/5110_S1_wave1_00008":{"x":-1.27,"y":2.11,"width":400,"height":400},"EF/ground_wave/5110_S1_wave1_00009":{"x":-1.27,"y":2.11,"width":400,"height":400}}}},"events":{"Event":{},"Hit":{}},"animations":{"in":{}}}