{"skeleton":{"hash":"Acw7b+E1bmTTG/A7Vc3YOZsFgRg","spine":"3.0.12","width":0,"height":0,"images":"./images/"},"bones":[{"name":"root"},{"name":"grid","parent":"root"},{"name":"S2_weapon","parent":"root","color":"20ff00ff"},{"name":"S2_wave2","parent":"root","y":-30,"scaleX":3.5,"scaleY":3.5,"color":"3eff00ff"},{"name":"S1,2_wave1","parent":"root","y":-30,"scaleX":3.5,"scaleY":3.5,"color":"ffe700ff"},{"name":"S1,2_dasty1","parent":"root","y":-53.48,"scaleX":2.8,"scaleY":2.8,"color":"fffb00ff"},{"name":"MAIN","parent":"root","y":44.72,"scaleX":1.1,"scaleY":1.1},{"name":"SHADOW-OFFSET","parent":"MAIN"},{"name":"HITBOX","parent":"MAIN","scaleX":0.547,"scaleY":1.056},{"name":"DAMAGEAREA","parent":"root"},{"name":"A1_spear","parent":"root","x":469.89,"y":-14.75,"color":"ff0b00ff"},{"name":"A1_slash","parent":"root","x":541.4,"y":-16.08,"color":"ff0b00ff"}],"slots":[{"name":"grid/bg","bone":"grid","color":"ffffff64"},{"name":"grid/grid","bone":"grid","color":"ffffff64"},{"name":"EF/100_S1_wave1/100_S1_wave1_0","bone":"S2_wave2","blend":"additive"},{"name":"EF/100_S1_wave1/100_S1_wave1_1","bone":"S1,2_wave1","blend":"additive"},{"name":"MAIN","bone":"MAIN","attachment":"idle_00"},{"name":"EF/S2_weapon/weapon_c1","bone":"S2_weapon"},{"name":"EF/350_S1_dasty1/350_S1_dasty1_0","bone":"S1,2_dasty1","blend":"additive"},{"name":"EF/EF_attack_Dot/EF_3","bone":"A1_slash","color":"ff2612ff","blend":"additive"},{"name":"A1_slash","bone":"A1_slash","color":"ff2612ff","blend":"additive"},{"name":"A1_spear","bone":"A1_spear","color":"ff2612ff","blend":"additive"},{"name":"DAMAGEAREA","bone":"DAMAGEAREA"},{"name":"HITBOX","bone":"HITBOX","attachment":"HITBOX"}],"skins":{"default":{"A1_slash":{"EF/EF_attack_Dot/EF_slash":{"x":0.93,"y":-57.42,"width":394,"height":176}},"A1_spear":{"EF/EF_attack_Dot/sp_ef_1":{"x":76.76,"y":0.68,"scaleX":1.01,"scaleY":1.01,"width":300,"height":160},"EF/EF_attack_Dot/sp_ef_2":{"x":76.76,"y":0.68,"width":300,"height":160},"EF/EF_attack_Dot/sp_ef_3":{"x":76.76,"y":0.68,"width":300,"height":160}},"DAMAGEAREA":{"DAMAGEAREA":{"type":"boundingbox","vertices":[-64.68971,63.82089,-64.68971,-64.16508,65.35226,-64.16508,64.83827,64.33488,0,0,0,0,0,0,0,0]}},"EF/100_S1_wave1/100_S1_wave1_0":{"EF/100_S1_wave1/100_S1_wave1_00001":{"y":23,"width":224,"height":224},"EF/100_S1_wave1/100_S1_wave1_00003":{"y":23,"width":224,"height":224},"EF/100_S1_wave1/100_S1_wave1_00004":{"y":23,"width":224,"height":224},"EF/100_S1_wave1/100_S1_wave1_00005":{"y":23,"width":224,"height":224},"EF/100_S1_wave1/100_S1_wave1_00006":{"y":23,"width":224,"height":224},"EF/100_S1_wave1/100_S1_wave1_00007":{"y":23,"width":224,"height":224},"EF/100_S1_wave1/100_S1_wave1_00008":{"y":23,"width":224,"height":224},"EF/100_S1_wave1/100_S1_wave1_00009":{"y":23,"width":224,"height":224}},"EF/100_S1_wave1/100_S1_wave1_1":{"EF/100_S1_wave1/100_S1_wave1_00001":{"y":23,"width":224,"height":224},"EF/100_S1_wave1/100_S1_wave1_00003":{"y":23,"width":224,"height":224},"EF/100_S1_wave1/100_S1_wave1_00004":{"y":23,"width":224,"height":224},"EF/100_S1_wave1/100_S1_wave1_00005":{"y":23,"width":224,"height":224},"EF/100_S1_wave1/100_S1_wave1_00006":{"y":23,"width":224,"height":224},"EF/100_S1_wave1/100_S1_wave1_00007":{"y":23,"width":224,"height":224},"EF/100_S1_wave1/100_S1_wave1_00008":{"y":23,"width":224,"height":224},"EF/100_S1_wave1/100_S1_wave1_00009":{"y":23,"width":224,"height":224}},"EF/350_S1_dasty1/350_S1_dasty1_0":{"EF/350_S1_dasty1/350_S1_dasty1_00000":{"y":25,"width":224,"height":224},"EF/350_S1_dasty1/350_S1_dasty1_00001":{"y":25,"width":224,"height":224},"EF/350_S1_dasty1/350_S1_dasty1_00002":{"y":25,"width":224,"height":224},"EF/350_S1_dasty1/350_S1_dasty1_00003":{"y":25,"width":224,"height":224},"EF/350_S1_dasty1/350_S1_dasty1_00004":{"y":25,"width":224,"height":224},"EF/350_S1_dasty1/350_S1_dasty1_00005":{"y":25,"width":224,"height":224},"EF/350_S1_dasty1/350_S1_dasty1_00006":{"y":25,"width":224,"height":224},"EF/350_S1_dasty1/350_S1_dasty1_00007":{"y":25,"width":224,"height":224},"EF/350_S1_dasty1/350_S1_dasty1_00008":{"y":25,"width":224,"height":224},"EF/350_S1_dasty1/350_S1_dasty1_00009":{"y":25,"width":224,"height":224},"EF/350_S1_dasty1/350_S1_dasty1_00010":{"y":25,"width":224,"height":224},"EF/350_S1_dasty1/350_S1_dasty1_00011":{"y":25,"width":224,"height":224}},"EF/EF_attack_Dot/EF_3":{"EF/EF_attack_Dot/EF_3":{"x":-36.52,"y":-58.66,"width":200,"height":200}},"EF/S2_weapon/weapon_c1":{"EF/S2_weapon/weapon_c1":{"width":155,"height":40},"EF/S2_weapon/weapon_c2":{"width":155,"height":40},"EF/S2_weapon/weapon_c3":{"width":155,"height":40}},"HITBOX":{"HITBOX":{"type":"boundingbox","vertices":[-39.67036,39.32022,-40.36144,-38.24705,44.4387,-38.71429,42.81314,38.85275,0,0,0,0,0,0,0,0]}},"MAIN":{"attack1_00":{"x":-10.4,"width":540,"height":540},"attack1_01":{"x":-10.4,"width":540,"height":540},"attack1_02":{"x":-10.4,"width":540,"height":540},"attack1_03":{"x":-10.4,"width":540,"height":540},"attack1_04":{"x":-10.4,"width":540,"height":540},"attack1_05":{"x":-10.4,"width":540,"height":540},"attack1_06":{"x":-10.4,"width":540,"height":540},"attack1_07":{"x":-10.4,"width":540,"height":540},"attack1_08":{"x":-10.4,"width":540,"height":540},"attack1_09":{"x":-10.4,"width":540,"height":540},"attack1_10":{"x":-10.4,"width":540,"height":540},"attack1_11":{"x":-10.4,"width":540,"height":540},"attack1_12":{"x":-10.4,"width":540,"height":540},"attack1_13":{"x":-10.02,"width":540,"height":540},"attack1_14":{"x":-10.02,"width":540,"height":540},"back_00":{"x":-5.23,"y":-18.68,"width":540,"height":540},"damage_00":{"width":540,"height":540},"front_00":{"x":11.81,"y":-2.61,"width":540,"height":540},"idle_00":{"x":-4.09,"y":-3.38,"width":540,"height":540},"idle_01":{"x":-4.09,"y":-3.38,"width":540,"height":540},"idle_02":{"x":-4.09,"y":-3.38,"width":540,"height":540},"idle_03":{"x":-4.09,"y":-3.38,"width":540,"height":540},"idle_04":{"x":-4.09,"y":-3.38,"width":540,"height":540},"skill1_00":{"x":-26.44,"width":540,"height":540},"skill1_01":{"x":-26.44,"width":540,"height":540},"skill1_02":{"x":-26.44,"width":540,"height":540},"skill1_03":{"x":-26.44,"width":540,"height":540},"skill1_04":{"x":-0.9,"width":540,"height":540},"skill1_05":{"x":20,"width":540,"height":540},"skill1_06":{"x":23.98,"width":540,"height":540},"skill1_07":{"x":23.98,"y":-0.63,"width":540,"height":540},"skill1_08":{"x":23.98,"y":-0.63,"width":540,"height":540},"skill1_09":{"x":23.98,"y":-0.63,"width":540,"height":540},"skill2_00":{"x":-7.38,"width":540,"height":540},"skill2_01":{"x":-7.38,"width":540,"height":540},"skill2_02":{"x":-7.37,"width":540,"height":540},"skill2_03":{"x":-7.38,"width":540,"height":540},"skill2_04":{"x":-7.38,"width":540,"height":540},"skill2_05":{"x":-7.38,"width":540,"height":540},"skill2_06":{"x":-7.38,"width":540,"height":540},"skill2_07":{"x":-7.38,"width":540,"height":540},"skill2_08":{"x":-7.38,"width":540,"height":540},"skill2_09":{"x":-7.37,"width":540,"height":540}}}},"events":{"Event":{},"Event2":{},"Hit":{},"HitEffect":{},"Sound_1":{},"Sound_2":{},"voice":{}},"animations":{"attack1":{"slots":{"A1_slash":{"attachment":[{"time":1.1333,"name":null},{"time":1.1666,"name":"EF/EF_attack_Dot/EF_slash"},{"time":1.2,"name":null}]},"A1_spear":{"attachment":[{"time":0.3,"name":"EF/EF_attack_Dot/sp_ef_1"},{"time":0.3333,"name":"EF/EF_attack_Dot/sp_ef_2"},{"time":0.3666,"name":"EF/EF_attack_Dot/sp_ef_3"},{"time":0.4,"name":"EF/EF_attack_Dot/sp_ef_1"},{"time":0.4333,"name":"EF/EF_attack_Dot/sp_ef_2"},{"time":0.4666,"name":"EF/EF_attack_Dot/sp_ef_3"},{"time":0.5,"name":"EF/EF_attack_Dot/sp_ef_1"},{"time":0.5333,"name":"EF/EF_attack_Dot/sp_ef_2"},{"time":0.5666,"name":"EF/EF_attack_Dot/sp_ef_3"},{"time":0.6,"name":"EF/EF_attack_Dot/sp_ef_1"},{"time":0.6333,"name":"EF/EF_attack_Dot/sp_ef_2"},{"time":0.6666,"name":"EF/EF_attack_Dot/sp_ef_3"},{"time":0.7,"name":"EF/EF_attack_Dot/sp_ef_1"},{"time":0.7333,"name":"EF/EF_attack_Dot/sp_ef_2"},{"time":0.7666,"name":"EF/EF_attack_Dot/sp_ef_3"},{"time":0.8,"name":null}]},"DAMAGEAREA":{"attachment":[{"time":0.3,"name":"DAMAGEAREA"},{"time":0.8,"name":null},{"time":1.1333,"name":"DAMAGEAREA"},{"time":1.2333,"name":null}]},"EF/EF_attack_Dot/EF_3":{"attachment":[{"time":1.1333,"name":"EF/EF_attack_Dot/EF_3"},{"time":1.1666,"name":null}]},"MAIN":{"attachment":[{"time":0,"name":"attack1_00"},{"time":0.1333,"name":"attack1_01"},{"time":0.2,"name":"attack1_02"},{"time":0.3,"name":"attack1_03"},{"time":0.3666,"name":"attack1_04"},{"time":0.4,"name":"attack1_05"},{"time":0.4666,"name":"attack1_04"},{"time":0.5,"name":"attack1_06"},{"time":0.5666,"name":"attack1_04"},{"time":0.6,"name":"attack1_05"},{"time":0.6666,"name":"attack1_04"},{"time":0.7,"name":"attack1_06"},{"time":0.7666,"name":"attack1_04"},{"time":0.8333,"name":"attack1_07"},{"time":0.9,"name":"attack1_08"},{"time":0.9666,"name":"attack1_09"},{"time":1.0333,"name":"attack1_10"},{"time":1.1333,"name":"attack1_11"},{"time":1.1666,"name":"attack1_12"},{"time":1.2333,"name":"attack1_13"},{"time":1.3,"name":"attack1_14"},{"time":1.4,"name":"back_00"},{"time":1.6333,"name":"idle_00"},{"time":1.8333,"name":"idle_00"}]}},"bones":{"MAIN":{"translate":[{"time":0,"x":0,"y":0,"curve":"stepped"},{"time":0.3,"x":-29.49,"y":0,"curve":[0.226,0.46,0.708,0.97]},{"time":0.4,"x":-41.13,"y":0,"curve":"stepped"},{"time":1.1333,"x":-64.86,"y":0},{"time":1.1666,"x":-123.09,"y":0,"curve":[0.261,0.49,0.743,0.96]},{"time":1.3,"x":-137.38,"y":0,"curve":"stepped"},{"time":1.4,"x":-103,"y":12.94,"curve":[0.248,0.31,0.596,0.65]},{"time":1.5,"x":-54.16,"y":27.9,"curve":[0.304,0.34,0.649,0.69]},{"time":1.6,"x":-17.64,"y":12.94,"curve":"stepped"},{"time":1.6333,"x":-15,"y":0},{"time":1.7666,"x":0,"y":0}]},"A1_spear":{"rotate":[{"time":0.4,"angle":-17.71,"curve":"stepped"},{"time":0.5,"angle":13.69,"curve":"stepped"},{"time":0.6,"angle":-17.71,"curve":"stepped"},{"time":0.7,"angle":13.69}],"translate":[{"time":0.3,"x":-672.96,"y":73.18,"curve":"stepped"},{"time":0.4,"x":-683.02,"y":106.9,"curve":"stepped"},{"time":0.5,"x":-659.45,"y":38.07,"curve":"stepped"},{"time":0.6,"x":-683.02,"y":106.9,"curve":"stepped"},{"time":0.7,"x":-659.45,"y":38.07}],"scale":[{"time":0.3,"x":1.496,"y":1.496}]},"A1_slash":{"rotate":[{"time":1.1333,"angle":170.21,"curve":"stepped"},{"time":1.1666,"angle":0}],"translate":[{"time":1.1333,"x":-862.91,"y":50.29,"curve":"stepped"},{"time":1.1666,"x":-542.25,"y":164.43}],"scale":[{"time":1.1333,"x":6.035,"y":1.826,"curve":"stepped"},{"time":1.1666,"x":3.525,"y":1.352}]},"DAMAGEAREA":{"translate":[{"time":0.3,"x":-138.4,"y":33.17,"curve":"stepped"},{"time":1.1333,"x":-153.26,"y":75.93}],"scale":[{"time":0.3,"x":2.558,"y":0.503,"curve":"stepped"},{"time":1.1333,"x":2.65,"y":1.6},{"time":1.1666,"x":3.929,"y":1.6}]},"S2_wave2":{"rotate":[{"time":1.1333,"angle":-13.47}]}},"drawOrder":[{"time":1.1333,"offsets":[{"slot":"MAIN","offset":5}]}],"events":[{"time":0.2666,"name":"Event","float":0.05,"string":"kHitStopType_normal"},{"time":0.2666,"name":"Sound_2","string":"cri_se_battle_sword_swish_heavy"},{"time":0.3,"name":"Sound_1","string":"setHitSound(se_battle_thrustviolently)"},{"time":0.3,"name":"voice","string":"cri_026_voice_attack_random"},{"time":0.3666,"name":"Sound_2","string":"cri_se_battle_sword_swish_heavy"},{"time":0.4,"name":"Hit","float":1,"string":"resetHitList"},{"time":0.4,"name":"Sound_1","string":"setHitSound(se_battle_thrustviolently)"},{"time":0.4666,"name":"Sound_2","string":"cri_se_battle_sword_swish_heavy"},{"time":0.5,"name":"Hit","float":1,"string":"resetHitList"},{"time":0.5,"name":"Sound_1","string":"setHitSound(se_battle_thrustviolently)"},{"time":0.5666,"name":"Sound_2","string":"cri_se_battle_sword_swish_heavy"},{"time":0.6,"name":"Hit","float":1,"string":"resetHitList"},{"time":0.6,"name":"Sound_1","string":"setHitSound(se_battle_thrustviolently)"},{"time":0.6666,"name":"Sound_2","string":"cri_se_battle_sword_swish_heavy"},{"time":0.7,"name":"Hit","float":1,"string":"resetHitList"},{"time":0.7,"name":"Sound_1","string":"setHitSound(se_battle_thrustviolently)"},{"time":0.8333,"name":"Sound_2","string":"cri_se_battle_sword_swish_heavy"},{"time":1.0666,"name":"Sound_2","string":"cri_se_battle_sword_swish_heavy"},{"time":1.1,"name":"Event","float":0.08,"string":"kHitStopType_normal"},{"time":1.1,"name":"HitEffect","string":"setHitEffect(hit0,1,1.5,1)"},{"time":1.1,"name":"Sound_1","string":"setHitSound(se_battle_019_sword_hit_03)"},{"time":1.1,"name":"voice","string":"cri_026_voice_attack_c"},{"time":1.1333,"name":"Event","float":0.2,"string":"kHitStopType_normal"},{"time":1.1333,"name":"Hit","float":3,"string":"resetHitList"},{"time":1.1333,"name":"Sound_1","string":"setHitSound(se_battle_019_sword_hit_03)"},{"time":1.3666,"name":"Sound_1","string":"cri_se_battle_step"}]},"back":{"slots":{"MAIN":{"attachment":[{"time":0,"name":"back_00"},{"time":0.3333,"name":"idle_00"},{"time":0.5666,"name":"idle_00"}]}},"bones":{"MAIN":{"translate":[{"time":0,"x":0,"y":0,"curve":[0.183,0.3,0.563,0.66]},{"time":0.1333,"x":72.05,"y":21.63,"curve":[0.351,0.54,0.769,1]},{"time":0.3333,"x":125,"y":0},{"time":0.5,"x":140,"y":0}]}},"events":[{"time":0,"name":"Sound_1","string":"cri_se_battle_step"}]},"cast":{"slots":{"A1_slash":{"attachment":[{"time":0.5,"name":"EF/EF_attack_Dot/EF_slash"},{"time":0.5333,"name":null}]},"MAIN":{"attachment":[{"time":0,"name":"attack1_08"},{"time":0.0666,"name":"attack1_09"},{"time":0.1333,"name":"attack1_10"},{"time":0.4666,"name":"attack1_11"},{"time":0.5,"name":"attack1_12"},{"time":0.5666,"name":"attack1_13"},{"time":0.6333,"name":"attack1_14"},{"time":1,"name":null}]}},"bones":{"A1_slash":{"translate":[{"time":0.5,"x":-421.93,"y":164.43}],"scale":[{"time":0.5,"x":3.525,"y":1.352}]}},"events":[{"time":0.5,"name":"Sound_1","string":"cri_se_battle_018_cri_se_battle_019_sword_hit_03sword_hit_02"},{"time":0.5,"name":"voice","string":"cri_026_voice_item"}]},"damage":{"slots":{"MAIN":{"attachment":[{"time":0,"name":"damage_00"}]}}},"front":{"slots":{"MAIN":{"attachment":[{"time":0,"name":"front_00"}]}}},"idle":{"slots":{"MAIN":{"attachment":[{"time":0,"name":"idle_00"},{"time":0.2,"name":"idle_01"},{"time":0.4,"name":"idle_02"},{"time":0.6,"name":"idle_03"},{"time":0.8,"name":"idle_04"},{"time":1,"name":"idle_00"}]}}},"skill1":{"slots":{"DAMAGEAREA":{"attachment":[{"time":1.0333,"name":"DAMAGEAREA"},{"time":1.1666,"name":null}]},"EF/100_S1_wave1/100_S1_wave1_0":{"attachment":[{"time":0.9666,"name":"EF/100_S1_wave1/100_S1_wave1_00001"},{"time":1.0666,"name":"EF/100_S1_wave1/100_S1_wave1_00003"},{"time":1.1,"name":"EF/100_S1_wave1/100_S1_wave1_00004"},{"time":1.1333,"name":"EF/100_S1_wave1/100_S1_wave1_00005"},{"time":1.1666,"name":"EF/100_S1_wave1/100_S1_wave1_00006"},{"time":1.2,"name":"EF/100_S1_wave1/100_S1_wave1_00007"},{"time":1.2333,"name":"EF/100_S1_wave1/100_S1_wave1_00008"},{"time":1.2666,"name":"EF/100_S1_wave1/100_S1_wave1_00009"}],"color":[{"time":1.2666,"color":"ffffffff"},{"time":1.4333,"color":"ffffff00"}]},"MAIN":{"attachment":[{"time":0,"name":"skill1_00"},{"time":0.3333,"name":"skill1_01"},{"time":0.4333,"name":"skill1_02"},{"time":0.5333,"name":"skill1_03"},{"time":0.9333,"name":"skill1_04"},{"time":0.9666,"name":"skill1_05"},{"time":1,"name":"skill1_06"},{"time":1.0666,"name":"skill1_07"},{"time":1.1333,"name":"skill1_08"},{"time":1.2333,"name":"skill1_09"}]}},"bones":{"S2_wave2":{"translate":[{"time":0.9666,"x":-50.9,"y":-22.9,"curve":"stepped"},{"time":1.2,"x":-50.9,"y":-20.97},{"time":1.2666,"x":-50.9,"y":-24.31},{"time":1.4333,"x":-50.9,"y":-24.74}],"scale":[{"time":0.9666,"x":0.9,"y":0.9},{"time":1.0666,"x":0.873,"y":0.873,"curve":"stepped"},{"time":1.2,"x":1,"y":1},{"time":1.4333,"x":1.211,"y":1.113}]},"MAIN":{"translate":[{"time":0,"x":0,"y":0,"curve":"stepped"},{"time":0.3333,"x":0,"y":0,"curve":[0.215,0.81,0.75,1]},{"time":0.5333,"x":4.8,"y":0,"curve":"stepped"},{"time":0.9333,"x":-4.1,"y":0,"curve":"stepped"},{"time":0.9666,"x":-36.46,"y":0,"curve":"stepped"},{"time":1,"x":-58.92,"y":0}]},"DAMAGEAREA":{"translate":[{"time":1.0333,"x":-351.6,"y":66.97}],"scale":[{"time":1.0333,"x":7.26,"y":1}]}},"events":[{"time":0.9333,"name":"Event","float":0.15,"string":"kHitStopType_normal"},{"time":0.9333,"name":"Sound_1","string":"se_battle_033_explosion_element_01.wav"},{"time":0.9333,"name":"Sound_2","string":"cri_se_battle_sword_swish_heavy"},{"time":0.9666,"name":"Sound_1","string":"setHitSound(se_battle_007_attack_hit_01)"},{"time":0.9666,"name":"voice","string":"cri_026_voice_skill_all"},{"time":1.0333,"name":"Sound_2","string":"cri_se_battle_gun_burst"},{"time":1.0666,"name":"Event","string":"shakeGround"},{"time":1.0666,"name":"Hit","float":1,"string":"resetHitList"},{"time":1.1,"name":"Event2","string":"kImpactType_knock"},{"time":1.1,"name":"Hit","float":3,"string":"resetHitList"},{"time":1.1,"name":"HitEffect","string":"setHitEffect(hit04a,1,1,1)"}]},"skill2":{"slots":{"DAMAGEAREA":{"attachment":[{"time":0.1666,"name":"DAMAGEAREA"},{"time":0.2666,"name":"DAMAGEAREA"},{"time":0.8666,"name":null},{"time":1.1333,"name":"DAMAGEAREA"},{"time":1.3333,"name":null}]},"EF/100_S1_wave1/100_S1_wave1_0":{"attachment":[{"time":0.1666,"name":"EF/100_S1_wave1/100_S1_wave1_00003"},{"time":0.2333,"name":"EF/100_S1_wave1/100_S1_wave1_00003"},{"time":0.3,"name":"EF/100_S1_wave1/100_S1_wave1_00004"},{"time":0.3333,"name":"EF/100_S1_wave1/100_S1_wave1_00005"},{"time":0.3666,"name":"EF/100_S1_wave1/100_S1_wave1_00006"},{"time":0.4,"name":"EF/100_S1_wave1/100_S1_wave1_00007"},{"time":0.4333,"name":"EF/100_S1_wave1/100_S1_wave1_00008"},{"time":0.5,"name":"EF/100_S1_wave1/100_S1_wave1_00009"},{"time":0.7,"name":"EF/100_S1_wave1/100_S1_wave1_00001"},{"time":0.7666,"name":"EF/100_S1_wave1/100_S1_wave1_00003"},{"time":0.8333,"name":"EF/100_S1_wave1/100_S1_wave1_00004"},{"time":0.8666,"name":"EF/100_S1_wave1/100_S1_wave1_00005"},{"time":0.9,"name":"EF/100_S1_wave1/100_S1_wave1_00006"},{"time":0.9333,"name":"EF/100_S1_wave1/100_S1_wave1_00007"},{"time":0.9666,"name":"EF/100_S1_wave1/100_S1_wave1_00008"},{"time":1.0333,"name":"EF/100_S1_wave1/100_S1_wave1_00009"}],"color":[{"time":0.4666,"color":"ffffffff"},{"time":0.6333,"color":"ffffff00","curve":"stepped"},{"time":0.7,"color":"ffffffff","curve":"stepped"},{"time":1,"color":"ffffffff"},{"time":1.1666,"color":"ffffff00"}]},"EF/100_S1_wave1/100_S1_wave1_1":{"attachment":[{"time":0.4333,"name":"EF/100_S1_wave1/100_S1_wave1_00001"},{"time":0.5,"name":"EF/100_S1_wave1/100_S1_wave1_00003"},{"time":0.5666,"name":"EF/100_S1_wave1/100_S1_wave1_00004"},{"time":0.6,"name":"EF/100_S1_wave1/100_S1_wave1_00005"},{"time":0.6333,"name":"EF/100_S1_wave1/100_S1_wave1_00006"},{"time":0.6666,"name":"EF/100_S1_wave1/100_S1_wave1_00007"},{"time":0.7,"name":"EF/100_S1_wave1/100_S1_wave1_00008"},{"time":0.7666,"name":"EF/100_S1_wave1/100_S1_wave1_00009"},{"time":1.1333,"name":"EF/100_S1_wave1/100_S1_wave1_00001"},{"time":1.2,"name":"EF/100_S1_wave1/100_S1_wave1_00003"},{"time":1.2666,"name":"EF/100_S1_wave1/100_S1_wave1_00004"},{"time":1.3,"name":"EF/100_S1_wave1/100_S1_wave1_00005"},{"time":1.3333,"name":"EF/100_S1_wave1/100_S1_wave1_00006"},{"time":1.3666,"name":"EF/100_S1_wave1/100_S1_wave1_00007"},{"time":1.4,"name":"EF/100_S1_wave1/100_S1_wave1_00008"},{"time":1.4666,"name":"EF/100_S1_wave1/100_S1_wave1_00009"}],"color":[{"time":0.7333,"color":"ffffffff"},{"time":0.9,"color":"ffffff00","curve":"stepped"},{"time":1.1333,"color":"ffffffff","curve":"stepped"},{"time":1.4333,"color":"ffffffff"},{"time":1.6,"color":"ffffff00"}]},"EF/350_S1_dasty1/350_S1_dasty1_0":{"attachment":[{"time":1.1333,"name":"EF/350_S1_dasty1/350_S1_dasty1_00000"},{"time":1.1666,"name":"EF/350_S1_dasty1/350_S1_dasty1_00001"},{"time":1.2,"name":"EF/350_S1_dasty1/350_S1_dasty1_00002"},{"time":1.2333,"name":"EF/350_S1_dasty1/350_S1_dasty1_00003"},{"time":1.2666,"name":"EF/350_S1_dasty1/350_S1_dasty1_00004"},{"time":1.3,"name":"EF/350_S1_dasty1/350_S1_dasty1_00005"},{"time":1.3333,"name":"EF/350_S1_dasty1/350_S1_dasty1_00006"},{"time":1.3666,"name":"EF/350_S1_dasty1/350_S1_dasty1_00007"},{"time":1.4,"name":"EF/350_S1_dasty1/350_S1_dasty1_00008"},{"time":1.4333,"name":"EF/350_S1_dasty1/350_S1_dasty1_00009"},{"time":1.4666,"name":"EF/350_S1_dasty1/350_S1_dasty1_00010"},{"time":1.5,"name":"EF/350_S1_dasty1/350_S1_dasty1_00011"}],"color":[{"time":1.4666,"color":"ffffffff"},{"time":1.6,"color":"ffffff00"}]},"EF/S2_weapon/weapon_c1":{"attachment":[{"time":0.1666,"name":"EF/S2_weapon/weapon_c1"},{"time":0.2,"name":"EF/S2_weapon/weapon_c2"},{"time":0.2333,"name":"EF/S2_weapon/weapon_c3"},{"time":0.2666,"name":"EF/S2_weapon/weapon_c1"},{"time":0.3,"name":"EF/S2_weapon/weapon_c2"},{"time":0.3333,"name":"EF/S2_weapon/weapon_c3"},{"time":0.3666,"name":"EF/S2_weapon/weapon_c1"},{"time":0.4,"name":"EF/S2_weapon/weapon_c2"},{"time":0.4333,"name":"EF/S2_weapon/weapon_c3"},{"time":0.4666,"name":"EF/S2_weapon/weapon_c1"},{"time":0.5,"name":"EF/S2_weapon/weapon_c2"},{"time":0.5333,"name":"EF/S2_weapon/weapon_c3"},{"time":0.5666,"name":"EF/S2_weapon/weapon_c1"},{"time":0.6,"name":"EF/S2_weapon/weapon_c2"},{"time":0.6333,"name":"EF/S2_weapon/weapon_c3"},{"time":0.6666,"name":"EF/S2_weapon/weapon_c1"},{"time":0.7,"name":"EF/S2_weapon/weapon_c2"},{"time":0.7333,"name":"EF/S2_weapon/weapon_c3"},{"time":0.7666,"name":"EF/S2_weapon/weapon_c1"},{"time":0.8,"name":"EF/S2_weapon/weapon_c2"},{"time":0.8333,"name":null}]},"MAIN":{"attachment":[{"time":0,"name":"front_00"},{"time":0.1666,"name":"skill2_01"},{"time":0.2,"name":"skill2_01"},{"time":0.2333,"name":"skill2_00"},{"time":0.2666,"name":"skill2_01"},{"time":0.3,"name":"skill2_00"},{"time":0.3333,"name":"skill2_01"},{"time":0.3666,"name":"skill2_00"},{"time":0.4,"name":"skill2_01"},{"time":0.4333,"name":"skill2_00"},{"time":0.4666,"name":"skill2_01"},{"time":0.5,"name":"skill2_00"},{"time":0.5333,"name":"skill2_01"},{"time":0.5666,"name":"skill2_00"},{"time":0.6,"name":"skill2_01"},{"time":0.6333,"name":"skill2_00"},{"time":0.6666,"name":"skill2_01"},{"time":0.7,"name":"skill2_00"},{"time":0.7333,"name":"skill2_01"},{"time":0.7666,"name":"skill2_00"},{"time":0.8,"name":"skill2_01"},{"time":0.9333,"name":"skill2_03"},{"time":1.1,"name":"skill2_04"},{"time":1.1666,"name":"skill2_05"},{"time":1.3,"name":"skill2_06"},{"time":1.3666,"name":"skill2_07"},{"time":1.4333,"name":"skill2_08"}]}},"bones":{"S2_wave2":{"translate":[{"time":0.1666,"x":-86.95,"y":-11.14,"curve":"stepped"},{"time":0.7,"x":-86.95,"y":-6.72},{"time":0.8,"x":-86.95,"y":-11.14,"curve":"stepped"},{"time":1.1333,"x":-86.95,"y":-11.14}],"scale":[{"time":0.1666,"x":0.869,"y":0.869,"curve":"stepped"},{"time":0.2666,"x":0.869,"y":0.869},{"time":0.6333,"x":0.964,"y":0.876,"curve":"stepped"},{"time":0.7,"x":0.764,"y":0.764},{"time":0.8,"x":0.869,"y":0.869},{"time":1.1666,"x":0.964,"y":0.876}]},"S1,2_wave1":{"translate":[{"time":0.4333,"x":-86.94,"y":-6.72},{"time":0.5333,"x":-86.95,"y":-11.14,"curve":"stepped"},{"time":1.1333,"x":-90,"y":-6.72},{"time":1.2333,"x":-86.95,"y":-11.14},{"time":1.4,"x":-86.95,"y":-22.36}],"scale":[{"time":0.4333,"x":0.764,"y":0.764},{"time":0.5333,"x":0.869,"y":0.869},{"time":0.9,"x":0.964,"y":0.876,"curve":"stepped"},{"time":1.1333,"x":0.764,"y":0.764},{"time":1.2333,"x":0.869,"y":0.869},{"time":1.6,"x":1.247,"y":1.134}]},"S1,2_dasty1":{"translate":[{"time":0.1666,"x":-25.15,"y":0,"curve":"stepped"},{"time":1.1333,"x":-86.95,"y":10.5}],"scale":[{"time":1.1333,"x":1,"y":1},{"time":1.4666,"x":0.761,"y":0.761}]},"MAIN":{"translate":[{"time":0,"x":0,"y":0,"curve":[0,0.63,0.47,0.99]},{"time":0.1666,"x":-88.86,"y":0}]},"S2_weapon":{"rotate":[{"time":0.1666,"angle":0.6}],"translate":[{"time":0.1666,"x":-93.16,"y":131.52}],"scale":[{"time":0.1666,"x":2.809,"y":1.558,"curve":"stepped"},{"time":0.2,"x":2.809,"y":1.558,"curve":"stepped"},{"time":0.2333,"x":2.809,"y":1.558,"curve":"stepped"},{"time":0.2666,"x":2.809,"y":1.558}]},"DAMAGEAREA":{"translate":[{"time":0.1666,"x":-92.79,"y":94.28,"curve":"stepped"},{"time":1.1333,"x":-112.54,"y":127.11}],"scale":[{"time":0.1666,"x":3.06,"y":1.558,"curve":"stepped"},{"time":0.2666,"x":3.06,"y":1.558,"curve":"stepped"},{"time":1.1333,"x":3.478,"y":2.173}]}},"events":[{"time":0.1666,"name":"Sound_2","string":"cri_se_battle_sword_swish_heavy"},{"time":0.2666,"name":"Event","string":"setHitBackEnemy(0,5)"},{"time":0.2666,"name":"Sound_1","string":"setHitSound(se_battle_029_explosion_01)"},{"time":0.2666,"name":"Sound_2","string":"cri_se_battle_sword_swish_heavy"},{"time":0.3,"name":"Event","float":0.05,"string":"kHitStopType_normal"},{"time":0.3,"name":"Hit","float":1,"string":"resetHitList"},{"time":0.3333,"name":"Hit","float":1,"string":"resetHitList"},{"time":0.3666,"name":"Hit","float":1,"string":"resetHitList"},{"time":0.3666,"name":"Sound_2","string":"cri_se_battle_sword_swish_heavy"},{"time":0.4,"name":"Hit","float":1,"string":"resetHitList"},{"time":0.4333,"name":"Hit","float":1,"string":"resetHitList"},{"time":0.4666,"name":"Hit","float":1,"string":"resetHitList"},{"time":0.4666,"name":"Sound_2","string":"cri_se_battle_sword_swish_heavy"},{"time":0.5,"name":"Hit","float":1,"string":"resetHitList"},{"time":0.5333,"name":"Hit","float":1,"string":"resetHitList"},{"time":0.5666,"name":"Hit","float":1,"string":"resetHitList"},{"time":0.5666,"name":"Sound_2","string":"cri_se_battle_sword_swish_heavy"},{"time":0.6,"name":"Hit","float":1,"string":"resetHitList"},{"time":0.6333,"name":"Hit","float":1,"string":"resetHitList"},{"time":0.6666,"name":"Hit","float":1,"string":"resetHitList"},{"time":0.6666,"name":"Sound_2","string":"cri_se_battle_sword_swish_heavy"},{"time":0.7,"name":"Hit","float":1,"string":"resetHitList"},{"time":0.7333,"name":"Hit","float":1,"string":"resetHitList"},{"time":0.7666,"name":"Hit","float":1,"string":"resetHitList"},{"time":0.7666,"name":"Sound_2","string":"cri_se_battle_sword_swish_heavy"},{"time":0.8,"name":"Hit","float":1,"string":"resetHitList"},{"time":0.8333,"name":"voice","string":"cri_026_voice_fullarts_rank2"},{"time":1.0333,"name":"Event","float":0.3,"string":"kHitStopType_normal"},{"time":1.1,"name":"Event","string":"kImpactType_up"},{"time":1.1333,"name":"Event","string":"addOrbitSystemCamera_flash"},{"time":1.1333,"name":"HitEffect","string":"setHitEffect(hit02a,1,0.8,50)"},{"time":1.1333,"name":"Sound_1","string":"cri_se_battle_030_explosion_02"},{"time":1.1333,"name":"Sound_2","string":"cri_se_battle_monster_hit"},{"time":1.1666,"name":"Event","string":"shakeGround"},{"time":1.1666,"name":"Hit","float":2,"string":"resetHitList"},{"time":1.1666,"name":"Sound_2","string":"setHitSound(se_battle_explosion_short)"},{"time":1.2,"name":"Event","float":0.04,"string":"kHitStopType_normal"},{"time":1.2,"name":"Hit","float":2,"string":"resetHitList"},{"time":1.2333,"name":"Event","string":"setHitBackEnemy(60,0)"},{"time":1.2333,"name":"Hit","float":2,"string":"resetHitList"},{"time":1.2666,"name":"Event","string":"setHitBackEnemy(100,0)"},{"time":1.2666,"name":"Hit","float":2,"string":"resetHitList"}]}}}