{"skeleton":{"hash":"zedr+b8OaukszHkmeejCglqilLQ","spine":"3.0.12","width":512,"height":512},"bones":[{"name":"root"},{"name":"MAIN","parent":"root","y":50}],"slots":[{"name":"MAIN","bone":"MAIN","attachment":"idle_00"}],"skins":{"default":{"MAIN":{"back_00":{"y":29.22,"scaleX":2,"scaleY":2,"width":256,"height":256},"damage_00":{"y":29.22,"scaleX":2,"scaleY":2,"width":256,"height":256},"down_00":{"y":29.22,"scaleX":2,"scaleY":2,"width":256,"height":256},"front_00":{"y":29.22,"scaleX":2,"scaleY":2,"width":256,"height":256},"idle2_00":{"y":29.22,"scaleX":2,"scaleY":2,"width":256,"height":256},"idle_00":{"y":29.22,"scaleX":2,"scaleY":2,"width":256,"height":256},"idle_01":{"y":29.22,"scaleX":2,"scaleY":2,"width":256,"height":256},"idle_02":{"y":29.22,"scaleX":2,"scaleY":2,"width":256,"height":256},"idle_03":{"y":29.22,"scaleX":2,"scaleY":2,"width":256,"height":256}}}},"animations":{"back":{"slots":{"MAIN":{"attachment":[{"time":0,"name":"idle_01"},{"time":0.0333,"name":"back_00"},{"time":0.3666,"name":"idle_01"},{"time":0.4333,"name":"idle_02"},{"time":0.5333,"name":"idle_03"},{"time":0.6666,"name":"idle_00"}]}},"bones":{"MAIN":{"translate":[{"time":0,"x":0,"y":0},{"time":0.0333,"x":32.92,"y":24.42,"curve":[0.114,0.51,0.75,1]},{"time":0.3333,"x":135.1,"y":27.35},{"time":0.3666,"x":138,"y":0},{"time":0.6666,"x":140,"y":0}]}}},"back2":{"slots":{"MAIN":{"attachment":[{"time":0,"name":"idle_01"},{"time":0.0333,"name":"back_00"},{"time":0.3666,"name":"idle_01"},{"time":0.4333,"name":"idle_02"},{"time":0.5333,"name":"idle_03"},{"time":0.6666,"name":"idle_00"}]}},"bones":{"MAIN":{"translate":[{"time":0,"x":0,"y":0},{"time":0.0333,"x":32.92,"y":24.42,"curve":[0.114,0.51,0.75,1]},{"time":0.3333,"x":248,"y":25.41},{"time":0.3666,"x":248,"y":0},{"time":0.6666,"x":270,"y":0}]}}},"damage":{"slots":{"MAIN":{"attachment":[{"time":0,"name":"damage_00"}]}},"bones":{"MAIN":{"translate":[{"time":0,"x":0,"y":20.17}]}}},"down":{"slots":{"MAIN":{"attachment":[{"time":0,"name":"down_00"}]}}},"front":{"slots":{"MAIN":{"attachment":[{"time":0,"name":"front_00"}]}}},"idle":{"slots":{"MAIN":{"attachment":[{"time":0,"name":"idle_00"},{"time":0.2,"name":"idle_01"},{"time":0.4,"name":"idle_02"},{"time":0.6,"name":"idle_03"},{"time":0.8,"name":"idle_00"}]}}},"idle2":{"slots":{"MAIN":{"attachment":[{"time":0,"name":"idle2_00"}]}}}}}