{"skeleton":{"hash":"6+jLjzV4ot4fQM2cvNRAxQwAuhE","spine":"3.0.12","width":400,"height":400},"bones":[{"name":"root"},{"name":"MAIN","parent":"root","y":80}],"slots":[{"name":"MAIN","bone":"MAIN","attachment":"idle_00"}],"skins":{"default":{"MAIN":{"Injury":{"x":-26.49,"y":3.26,"scaleX":2,"scaleY":2,"width":200,"height":200},"front2_00":{"x":-0.27,"y":-10.15,"scaleX":2,"scaleY":2,"width":256,"height":256},"idle2_00":{"x":-13.36,"y":3.26,"scaleX":2,"scaleY":2,"width":200,"height":200},"idle2_01":{"x":-13.36,"y":3.26,"scaleX":2,"scaleY":2,"width":200,"height":200},"idle2_02":{"x":-13.36,"y":3.26,"scaleX":2,"scaleY":2,"width":200,"height":200},"idle2_03":{"x":-13.36,"y":3.26,"scaleX":2,"scaleY":2,"width":200,"height":200},"idle_00":{"x":-13.36,"y":3.26,"scaleX":2,"scaleY":2,"width":200,"height":200},"weapon_off_00":{"x":-13.36,"y":3.26,"scaleX":2,"scaleY":2,"width":200,"height":200},"weapon_off_01":{"x":-13.36,"y":3.26,"scaleX":2,"scaleY":2,"width":200,"height":200},"weapon_off_02":{"x":-13.36,"y":3.26,"scaleX":2,"scaleY":2,"width":200,"height":200},"weapon_off_03":{"x":-13.36,"y":3.26,"scaleX":2,"scaleY":2,"width":200,"height":200},"weapon_off_04":{"x":-13.36,"y":3.26,"scaleX":2,"scaleY":2,"width":200,"height":200}}}},"animations":{"Injury":{"slots":{"MAIN":{"attachment":[{"time":0,"name":"Injury"}]}},"bones":{"MAIN":{"translate":[{"time":0,"x":0,"y":0}]}}},"front2":{"slots":{"MAIN":{"attachment":[{"time":0,"name":"front2_00"}]}}},"idle2":{"slots":{"MAIN":{"attachment":[{"time":0,"name":"idle_00"}]}},"bones":{"MAIN":{"translate":[{"time":0,"x":0,"y":0}]}}},"idle3":{"slots":{"MAIN":{"attachment":[{"time":0,"name":"idle2_00"},{"time":0.2666,"name":"idle2_01"},{"time":0.5,"name":"idle2_02"},{"time":0.7666,"name":"idle2_03"},{"time":1,"name":"idle2_03"}]}},"bones":{"MAIN":{"translate":[{"time":0,"x":0,"y":0}]}}},"weapon_off_1":{"slots":{"MAIN":{"attachment":[{"time":0,"name":"idle_00"},{"time":0.1333,"name":"weapon_off_00"},{"time":0.2333,"name":"weapon_off_01"},{"time":0.3666,"name":"weapon_off_02"},{"time":0.5,"name":"weapon_off_03"},{"time":0.6333,"name":"weapon_off_04"}]}}},"weapon_off_2":{"slots":{"MAIN":{"attachment":[{"time":0,"name":"weapon_off_04"}]}},"bones":{"MAIN":{"translate":[{"time":0,"x":0,"y":0}]}}},"weapon_on":{"slots":{"MAIN":{"attachment":[{"time":0,"name":"weapon_off_04"},{"time":0.1,"name":"weapon_off_03"},{"time":0.2666,"name":"weapon_off_02"},{"time":0.5,"name":"weapon_off_01"},{"time":0.6333,"name":"weapon_off_00"},{"time":0.8333,"name":"idle_00"}]}},"bones":{"MAIN":{"translate":[{"time":0,"x":0,"y":0,"curve":"stepped"},{"time":0.8333,"x":0,"y":0}]}}}}}