{"skeleton":{"hash":"Ph0eASbEDoSAH2IbQqHyc2O2Hpk","spine":"3.0.12","width":0,"height":0,"images":"./images2/"},"bones":[{"name":"root"},{"name":"grid","parent":"root"},{"name":"MAIN4","parent":"root","x":1642.32,"y":96.68},{"name":"MAIN3","parent":"root","x":1431,"y":96.68},{"name":"MAIN2","parent":"root","x":1241,"y":96.68},{"name":"MAIN","parent":"root","y":53.45},{"name":"SHADOW-OFFSET","parent":"MAIN"},{"name":"HITBOX","parent":"MAIN"},{"name":"EF/sword/up_EF2","parent":"root","x":1538.61,"y":-682.51},{"name":"EF/sword/up_EF","parent":"root","x":1538.61,"y":-497.73},{"name":"EF/sword/10000-combo_7_ef1","parent":"root","x":1728.26,"y":-512.28},{"name":"EF/sword/10000-combo_16_ef2","parent":"root","x":2011.46,"y":-489.54},{"name":"DAMAGEAREA","parent":"root"}],"slots":[{"name":"grid/bg","bone":"grid","color":"adadad95"},{"name":"grid/grid","bone":"grid","color":"ffffff47"},{"name":"MAIN4","bone":"MAIN4","color":"ffffffcb"},{"name":"MAIN3","bone":"MAIN3","color":"ffffffcb"},{"name":"MAIN2","bone":"MAIN2","color":"ffffffd3"},{"name":"MAIN","bone":"MAIN","attachment":"idle_00"},{"name":"HITBOX","bone":"HITBOX","attachment":"HITBOX"},{"name":"DAMAGEAREA","bone":"DAMAGEAREA"},{"name":"EF/sword/up_EF","bone":"EF/sword/up_EF","color":"faff12ff","blend":"additive"},{"name":"EF/sword/up_EF2","bone":"EF/sword/up_EF2","color":"faff12ff","blend":"additive"},{"name":"EF/sword/10000-combo_7_ef","bone":"EF/sword/10000-combo_7_ef1","color":"faff12ff","blend":"additive"},{"name":"EF/sword/10000-combo_16_ef2_1B","bone":"EF/sword/10000-combo_16_ef2","color":"faff12ff","blend":"additive"},{"name":"EF/sword/10000-combo_16_ef2_1B2","bone":"EF/sword/10000-combo_16_ef2","color":"faff12ff","blend":"additive"},{"name":"EF/sword/10000-combo_16_ef2_1F","bone":"EF/sword/10000-combo_16_ef2","color":"faff12ff","blend":"additive"},{"name":"EF/sword/10000-combo_16_ef2_2","bone":"EF/sword/10000-combo_16_ef2","color":"faff12ff","blend":"additive"},{"name":"EF/sword/10000-combo_16_ef2_3","bone":"EF/sword/10000-combo_16_ef2","color":"faff12ff","blend":"additive"}],"skins":{"default":{"DAMAGEAREA":{"DAMAGEAREA":{"type":"boundingbox","vertices":[-98.64017,98.88397,-98.64017,-98.0519,98.29572,-97.57391,99.25172,97.92797,0,0,0,0,0,0,0,0]}},"EF/sword/10000-combo_16_ef2_1B":{"EF/sword/10000-combo_16_ef2_1B":{"x":-16.56,"y":19.78,"rotation":-32.05,"width":412,"height":342}},"EF/sword/10000-combo_16_ef2_1B2":{"EF/sword/10000-combo_16_ef2_1B":{"x":-16.56,"y":19.78,"rotation":-32.05,"width":412,"height":342}},"EF/sword/10000-combo_16_ef2_1F":{"EF/sword/10000-combo_16_ef2_1F":{"x":-16.56,"y":19.78,"rotation":-32.05,"width":412,"height":342}},"EF/sword/10000-combo_16_ef2_2":{"EF/sword/10000-combo_16_ef2_2":{"x":-16.56,"y":19.78,"rotation":-32.05,"width":412,"height":342},"EF/sword/10000-combo_16_ef2_3":{"x":-16.56,"y":19.78,"rotation":-32.05,"width":412,"height":342}},"EF/sword/10000-combo_16_ef2_3":{"EF/sword/10000-combo_16_ef2_2":{"x":-16.56,"y":19.78,"rotation":-32.05,"width":412,"height":342},"EF/sword/10000-combo_16_ef2_3":{"x":-16.56,"y":19.78,"rotation":-32.05,"width":412,"height":342}},"EF/sword/10000-combo_7_ef":{"EF/sword/10000-combo_7_ef1_1":{"x":29.69,"y":83.99,"width":412,"height":342},"EF/sword/10000-combo_7_ef1_2":{"x":29.69,"y":83.99,"width":412,"height":342},"EF/sword/10000-combo_7_ef1_3":{"x":29.69,"y":83.99,"width":412,"height":342}},"EF/sword/up_EF":{"EF/sword/up_EF_1":{"x":-19.9,"y":-31.41,"width":200,"height":200},"EF/sword/up_EF_2":{"x":-19.9,"y":-31.41,"width":200,"height":200},"EF/sword/up_EF_3":{"x":-19.9,"y":-31.41,"width":200,"height":200},"EF/sword/up_EF_4":{"x":-19.9,"y":-31.41,"width":200,"height":200}},"EF/sword/up_EF2":{"EF/sword/up_EF_1":{"x":-19.9,"y":-31.41,"width":200,"height":200},"EF/sword/up_EF_2":{"x":-19.9,"y":-31.41,"width":200,"height":200},"EF/sword/up_EF_3":{"x":-19.9,"y":-31.41,"width":200,"height":200},"EF/sword/up_EF_4":{"x":-19.9,"y":-31.41,"width":200,"height":200}},"HITBOX":{"HITBOX":{"type":"boundingbox","vertices":[-35.04231,55.73597,-35.04231,-54.253,34.29066,-54.253,34.29066,55.73597,0,0,0,0,0,0,0,0]}},"MAIN":{"attack1_00":{"x":2.09,"y":22.5,"width":347,"height":256},"attack1_01":{"x":2.09,"y":21.78,"width":347,"height":256},"attack1_02":{"x":2.09,"y":21.78,"width":347,"height":256},"attack1_03":{"x":2.09,"y":21.78,"width":347,"height":256},"attack1_04":{"x":2.09,"y":21.78,"width":347,"height":256},"attack1_05":{"x":2.09,"y":21.78,"width":347,"height":256},"attack2_00":{"x":-10.55,"y":-8.57,"width":352,"height":315},"attack2_01":{"x":-10.55,"y":-8.57,"width":352,"height":315},"attack2_02":{"x":-10.55,"y":-8.57,"width":352,"height":315},"attack2_03":{"x":-10.55,"y":-8.57,"width":352,"height":315},"attack2_04":{"x":-10.55,"y":-8.57,"width":352,"height":315},"back_00":{"x":8.24,"y":19.76,"width":250,"height":216},"damage_00":{"x":16.5,"y":39.02,"width":192,"height":255},"front_00":{"x":16.62,"y":-19.21,"width":222,"height":255},"front_01":{"x":16.62,"y":-19.21,"width":222,"height":255},"front_02":{"x":16.62,"y":-19.21,"width":222,"height":255},"idle_00":{"x":33.36,"y":7.21,"width":285,"height":172},"idle_01":{"x":33.36,"y":7.21,"width":285,"height":172},"idle_02":{"x":33.36,"y":7.21,"width":285,"height":172},"idle_03":{"x":33.36,"y":7.21,"width":285,"height":172},"idle_04":{"x":33.36,"y":7.21,"width":285,"height":172},"skill2_00":{"x":-4.46,"y":22.05,"width":287,"height":274},"skill2_01":{"x":-4.48,"y":22.06,"width":287,"height":274},"skill2_02":{"x":-4.48,"y":22.06,"width":287,"height":274},"skill2_03":{"x":-4.48,"y":22.06,"width":287,"height":274},"skill2_04":{"x":-4.48,"y":22.06,"width":287,"height":274},"skill2_05":{"x":-4.48,"y":22.06,"width":287,"height":274},"skill2_06":{"x":-4.48,"y":22.06,"width":287,"height":274},"skill2_07":{"x":-4.48,"y":22.06,"width":287,"height":274},"skill2_08":{"x":-4.48,"y":22.06,"width":287,"height":274},"skill2_09":{"x":-4.48,"y":22.06,"width":287,"height":274},"skill2_10":{"x":-4.48,"y":22.06,"width":287,"height":274},"skill2_11":{"x":-4.48,"y":22.06,"width":287,"height":274},"skill2_12":{"x":-4.48,"y":22.06,"width":287,"height":274}},"MAIN2":{"attack1_00":{"x":-11.88,"y":21.77,"width":347,"height":256},"attack1_01":{"x":-11.88,"y":21.78,"width":347,"height":256},"attack1_02":{"x":-11.88,"y":21.78,"width":347,"height":256},"attack1_03":{"x":-11.88,"y":21.78,"width":347,"height":256},"attack1_04":{"x":-11.88,"y":21.78,"width":347,"height":256},"attack2_00":{"x":-10.55,"y":-8.57,"width":352,"height":315},"attack2_01":{"x":-10.55,"y":-8.57,"width":352,"height":315},"attack2_02":{"x":-10.55,"y":-8.57,"width":352,"height":315},"attack2_03":{"x":-10.55,"y":-8.57,"width":352,"height":315},"attack2_04":{"x":-11,"y":-8.57,"width":352,"height":315},"back_00":{"x":8.24,"y":18.79,"width":250,"height":216},"damage_00":{"x":16.5,"y":39.02,"width":192,"height":255},"front_00":{"x":16.62,"y":-19.21,"width":222,"height":255},"front_01":{"x":16.62,"y":-19.21,"width":222,"height":255},"front_02":{"x":16.62,"y":-19.21,"width":222,"height":255},"idle_00":{"x":33.36,"y":7.21,"width":285,"height":172},"idle_01":{"x":33.36,"y":7.21,"width":285,"height":172},"idle_02":{"x":33.36,"y":7.21,"width":285,"height":172},"idle_03":{"x":33.36,"y":7.21,"width":285,"height":172},"idle_04":{"x":33.36,"y":7.21,"width":285,"height":172},"skill2_00":{"x":-4.46,"y":22.05,"width":287,"height":274},"skill2_01":{"x":-4.48,"y":22.06,"width":287,"height":274},"skill2_02":{"x":-4.48,"y":22.06,"width":287,"height":274},"skill2_03":{"x":-4.48,"y":22.06,"width":287,"height":274},"skill2_04":{"x":-4.48,"y":22.06,"width":287,"height":274},"skill2_05":{"x":-4,"y":22.06,"width":287,"height":274},"skill2_06":{"x":-4.48,"y":22.06,"width":287,"height":274},"skill2_07":{"x":-4.48,"y":22.06,"width":287,"height":274},"skill2_08":{"x":-4.48,"y":22.06,"width":287,"height":274},"skill2_09":{"x":-4.48,"y":22.06,"width":287,"height":274},"skill2_10":{"x":-4.48,"y":22.06,"width":287,"height":274},"skill2_11":{"x":-4.48,"y":22.06,"width":287,"height":274},"skill2_12":{"x":-4.48,"y":22.06,"width":287,"height":274}},"MAIN3":{"attack1_00":{"x":-11.88,"y":21.77,"width":347,"height":256},"attack1_01":{"x":-11.88,"y":21.78,"width":347,"height":256},"attack1_02":{"x":-11.88,"y":21.78,"width":347,"height":256},"attack1_03":{"x":-11.88,"y":21.78,"width":347,"height":256},"attack1_04":{"x":-11.88,"y":21.78,"width":347,"height":256},"attack2_00":{"x":-10.55,"y":-8.57,"width":352,"height":315},"attack2_01":{"x":-10.55,"y":-8.57,"width":352,"height":315},"attack2_02":{"x":-10.55,"y":-8.57,"width":352,"height":315},"attack2_03":{"x":-10.55,"y":-8.57,"width":352,"height":315},"attack2_04":{"x":-11,"y":-8.57,"width":352,"height":315},"back_00":{"x":8.24,"y":18.79,"width":250,"height":216},"damage_00":{"x":16.5,"y":39.02,"width":192,"height":255},"front_00":{"x":16.62,"y":-19.21,"width":222,"height":255},"front_01":{"x":16.62,"y":-19.21,"width":222,"height":255},"front_02":{"x":16.62,"y":-19.21,"width":222,"height":255},"idle_00":{"x":33,"y":7.21,"width":285,"height":172},"idle_01":{"x":33.36,"y":7.21,"width":285,"height":172},"idle_02":{"x":33.36,"y":7.21,"width":285,"height":172},"idle_03":{"x":33.36,"y":7.21,"width":285,"height":172},"idle_04":{"x":33.36,"y":7.21,"width":285,"height":172},"skill2_00":{"x":-4.46,"y":22.05,"width":287,"height":274},"skill2_01":{"x":-4.48,"y":22.06,"width":287,"height":274},"skill2_02":{"x":-4.48,"y":22.06,"width":287,"height":274},"skill2_03":{"x":-4.48,"y":22.06,"width":287,"height":274},"skill2_04":{"x":-4.48,"y":22.06,"width":287,"height":274},"skill2_05":{"x":-4.48,"y":22.06,"width":287,"height":274},"skill2_06":{"x":-4.48,"y":22.06,"width":287,"height":274},"skill2_07":{"x":-4.48,"y":22.06,"width":287,"height":274},"skill2_08":{"x":-4.48,"y":22.06,"width":287,"height":274},"skill2_09":{"x":-4.48,"y":22.06,"width":287,"height":274},"skill2_10":{"x":-4.48,"y":22.06,"width":287,"height":274},"skill2_11":{"x":-4.48,"y":22.06,"width":287,"height":274},"skill2_12":{"x":-4.48,"y":22.06,"width":287,"height":274}},"MAIN4":{"attack1_00":{"x":-11.88,"y":21.77,"width":347,"height":256},"attack1_01":{"x":-11.88,"y":21.78,"width":347,"height":256},"attack1_02":{"x":-11.88,"y":21.78,"width":347,"height":256},"attack1_03":{"x":-11.88,"y":21.78,"width":347,"height":256},"attack1_04":{"x":-11.88,"y":21.78,"width":347,"height":256},"attack2_00":{"x":-10.55,"y":-8.57,"width":352,"height":315},"attack2_01":{"x":-10.55,"y":-8.57,"width":352,"height":315},"attack2_02":{"x":-10.55,"y":-8.57,"width":352,"height":315},"attack2_03":{"x":-10.55,"y":-8.57,"width":352,"height":315},"attack2_04":{"x":-11,"y":-8.57,"width":352,"height":315},"back_00":{"x":8.24,"y":18.79,"width":250,"height":216},"damage_00":{"x":16.5,"y":39.02,"width":192,"height":255},"front_00":{"x":16.62,"y":-19.21,"width":222,"height":255},"front_01":{"x":16.62,"y":-19.21,"width":222,"height":255},"front_02":{"x":16.62,"y":-19.21,"width":222,"height":255},"idle_00":{"x":33,"y":7.21,"width":285,"height":172},"idle_01":{"x":33.36,"y":7.21,"width":285,"height":172},"idle_02":{"x":33.36,"y":7.21,"width":285,"height":172},"idle_03":{"x":33.36,"y":7.21,"width":285,"height":172},"idle_04":{"x":33.36,"y":7.21,"width":285,"height":172},"skill2_00":{"x":-4.46,"y":22.05,"width":287,"height":274},"skill2_01":{"x":-4.48,"y":22.06,"width":287,"height":274},"skill2_02":{"x":-4.48,"y":22.06,"width":287,"height":274},"skill2_03":{"x":-4.48,"y":22.06,"width":287,"height":274},"skill2_04":{"x":-4.48,"y":22.06,"width":287,"height":274},"skill2_05":{"x":-4.48,"y":22.06,"width":287,"height":274},"skill2_06":{"x":-4.48,"y":22.06,"width":287,"height":274},"skill2_07":{"x":-4.48,"y":22.06,"width":287,"height":274},"skill2_08":{"x":-4.48,"y":22.06,"width":287,"height":274},"skill2_09":{"x":-4.48,"y":22.06,"width":287,"height":274},"skill2_10":{"x":-4.48,"y":22.06,"width":287,"height":274},"skill2_11":{"x":-4.48,"y":22.06,"width":287,"height":274},"skill2_12":{"x":-4.48,"y":22.06,"width":287,"height":274}}}},"events":{"Event":{},"Hit":{},"HitEffect":{},"Sound":{},"Sound2":{},"View":{},"Voice":{}},"animations":{"attack1":{"slots":{"DAMAGEAREA":{"attachment":[{"time":0.1,"name":"DAMAGEAREA"},{"time":0.4,"name":null}]},"EF/sword/10000-combo_16_ef2_2":{"attachment":[{"time":0.1666,"name":null},{"time":0.2,"name":null}]},"EF/sword/10000-combo_16_ef2_1B":{"attachment":[{"time":0.1,"name":"EF/sword/10000-combo_16_ef2_1B"},{"time":0.1666,"name":null}]},"EF/sword/10000-combo_16_ef2_1B2":{"attachment":[{"time":0.1,"name":"EF/sword/10000-combo_16_ef2_1B"},{"time":0.1666,"name":null}]},"EF/sword/10000-combo_16_ef2_1F":{"attachment":[{"time":0.1,"name":"EF/sword/10000-combo_16_ef2_1F"},{"time":0.1666,"name":null}]},"EF/sword/up_EF":{"attachment":[{"time":0.1666,"name":"EF/sword/up_EF_2"},{"time":0.2,"name":null}],"color":[{"time":0.1666,"color":"ffe54aff"}]},"EF/sword/up_EF2":{"attachment":[{"time":0.2666,"name":"EF/sword/up_EF_2"},{"time":0.3333,"name":"EF/sword/up_EF_3"},{"time":0.4,"name":null}],"color":[{"time":0.2666,"color":"ffeb4aff"},{"time":0.4,"color":"ffeb4a00"}]},"MAIN":{"attachment":[{"time":0.1,"name":"attack1_01"},{"time":0.1666,"name":"attack1_02"},{"time":0.2666,"name":"attack1_03"},{"time":0.3333,"name":"attack1_04"},{"time":0.4,"name":"attack1_05"},{"time":0.6666,"name":"skill2_12"},{"time":0.7,"name":"idle_00"}]},"MAIN2":{"attachment":[{"time":0.1,"name":"skill2_02"},{"time":0.1666,"name":"skill2_03"},{"time":0.2,"name":"skill2_04"},{"time":0.2666,"name":null}]},"MAIN3":{"attachment":[{"time":0.2,"name":"attack2_00"},{"time":0.2666,"name":"attack2_01"},{"time":0.3333,"name":"attack2_02"},{"time":0.4,"name":null}]}},"bones":{"DAMAGEAREA":{"translate":[{"time":0.1,"x":-59.39,"y":29.84,"curve":"stepped"},{"time":0.1666,"x":-73.54,"y":54.29,"curve":"stepped"},{"time":0.2666,"x":-138.78,"y":47.31}],"scale":[{"time":0.1,"x":0.726,"y":0.556,"curve":"stepped"},{"time":0.1333,"x":0.846,"y":0.649,"curve":"stepped"},{"time":0.1666,"x":0.851,"y":0.561,"curve":"stepped"},{"time":0.2666,"x":0.921,"y":0.478}]},"EF/sword/10000-combo_16_ef2":{"rotate":[{"time":0.1,"angle":-151.75}],"translate":[{"time":0.1,"x":-1972.52,"y":593.5}],"scale":[{"time":0.1,"x":-1.007,"y":0.625}]},"EF/sword/up_EF":{"rotate":[{"time":0.1666,"angle":-166.3}],"translate":[{"time":0.1666,"x":-1599.59,"y":555.19}],"scale":[{"time":0.1666,"x":-1.432,"y":1.421}]},"EF/sword/up_EF2":{"rotate":[{"time":0.2666,"angle":74.55}],"translate":[{"time":0.2666,"x":-1681.21,"y":792.15}],"scale":[{"time":0.2666,"x":1.416,"y":1.411}]},"MAIN":{"translate":[{"time":0.0666,"x":0,"y":0},{"time":0.1,"x":-17.62,"y":0,"curve":"stepped"},{"time":0.6666,"x":-17.62,"y":0},{"time":0.7,"x":0,"y":0}]},"MAIN2":{"translate":[{"time":0.1,"x":-1289.21,"y":-43.39,"curve":"stepped"},{"time":0.1666,"x":-1298.16,"y":-43.39}]},"MAIN3":{"translate":[{"time":0.2,"x":-1489.91,"y":-42.29,"curve":"stepped"},{"time":0.2666,"x":-1508.61,"y":-42.29}]}},"drawOrder":[{"time":0.1,"offsets":[{"slot":"EF/sword/up_EF","offset":-3},{"slot":"EF/sword/up_EF2","offset":-3},{"slot":"EF/sword/10000-combo_16_ef2_1F","offset":-6}]},{"time":0.2666,"offsets":[{"slot":"DAMAGEAREA","offset":3},{"slot":"EF/sword/up_EF","offset":-3},{"slot":"EF/sword/10000-combo_16_ef2_1F","offset":-7}]}],"events":[{"time":0.0666,"name":"Sound","string":"cri_se_battle_sword_swish_heavy"},{"time":0.1,"name":"Event","float":0.05,"string":"kHitStopType_normal"},{"time":0.1,"name":"Sound2","string":"cri_se_battle_018_sword_hit_02"},{"time":0.1,"name":"Voice","string":"cri_029_voice_attack_random"},{"time":0.1333,"name":"Sound","string":"cri_se_battle_sword_swish_heavy"},{"time":0.1333,"name":"Sound2","string":"cri_se_battle_019_sword_hit_03"},{"time":0.1666,"name":"Hit","string":"resetHitList"},{"time":0.2333,"name":"Sound2","string":"cri_se_battle_019_sword_hit_03"},{"time":0.2666,"name":"Hit","string":"resetHitList"}]},"back":{"slots":{"MAIN":{"attachment":[{"time":0,"name":"back_00"},{"time":0.3,"name":"idle_04"},{"time":0.4333,"name":"idle_00"},{"time":0.5666,"name":"idle_00"}]}},"bones":{"MAIN":{"translate":[{"time":0,"x":14.45,"y":0,"curve":[0.329,0.33,0.662,0.67]},{"time":0.1,"x":51.26,"y":14.72,"curve":[0.33,0.33,0.664,0.66]},{"time":0.1666,"x":74.87,"y":14.2,"curve":[0.328,0.33,0.661,0.67]},{"time":0.3,"x":120,"y":0,"curve":[0.25,0,0.75,1]},{"time":0.4333,"x":154,"y":0}]}},"events":[{"time":0,"name":"Sound","string":"cri_se_battle_jump"},{"time":0.3,"name":"Sound","string":"cri_se_battle_landing"}]},"cast":{"slots":{"EF/sword/10000-combo_16_ef2_2":{"attachment":[{"time":0.5333,"name":"EF/sword/10000-combo_16_ef2_2"},{"time":0.5666,"name":null}]},"EF/sword/10000-combo_16_ef2_1B":{"attachment":[{"time":0.5,"name":"EF/sword/10000-combo_16_ef2_1B"},{"time":0.5333,"name":null}]},"EF/sword/10000-combo_16_ef2_1F":{"attachment":[{"time":0.5,"name":"EF/sword/10000-combo_16_ef2_1F"},{"time":0.5333,"name":null}]},"MAIN":{"attachment":[{"time":0,"name":"attack1_00"},{"time":0.5,"name":"attack1_01"},{"time":0.5333,"name":"attack1_02"},{"time":0.6,"name":"attack1_03"},{"time":0.6333,"name":"attack1_04"},{"time":0.6666,"name":"attack1_05"},{"time":1,"name":"attack1_04"}]}},"bones":{"EF/sword/10000-combo_16_ef2":{"rotate":[{"time":0.5,"angle":-151.75}],"translate":[{"time":0.5,"x":-1976.18,"y":596.11}],"scale":[{"time":0.5,"x":-0.981,"y":0.549}]}},"drawOrder":[{"time":0.5,"offsets":[{"slot":"EF/sword/10000-combo_16_ef2_1F","offset":-8}]}],"events":[{"time":0.5,"name":"Voice","string":"cri_029_voice_item"}]},"damage":{"slots":{"MAIN":{"attachment":[{"time":0,"name":"damage_00"}]}}},"front":{"slots":{"MAIN":{"attachment":[{"time":0,"name":"front_00"}]}}},"idle":{"slots":{"MAIN":{"attachment":[{"time":0,"name":"idle_00"},{"time":0.1666,"name":"idle_01"},{"time":0.3333,"name":"idle_02"},{"time":0.5,"name":"idle_03"},{"time":0.6666,"name":"idle_04"},{"time":0.8333,"name":"idle_00"}]}}},"skill1":{"slots":{"DAMAGEAREA":{"attachment":[{"time":0.9333,"name":"DAMAGEAREA"},{"time":1.1666,"name":null}]},"EF/sword/up_EF":{"attachment":[{"time":0.9,"name":"EF/sword/up_EF_2"},{"time":0.9333,"name":"EF/sword/up_EF_3"},{"time":0.9666,"name":null}]},"EF/sword/up_EF2":{"attachment":[{"time":0.9,"name":null}]},"MAIN":{"attachment":[{"time":0.2666,"name":"skill2_01"},{"time":0.4333,"name":"skill2_02"},{"time":0.9,"name":"skill2_03"},{"time":0.9333,"name":"skill2_04"},{"time":0.9666,"name":"skill2_05"},{"time":1,"name":"skill2_06"},{"time":1.0666,"name":"skill2_07"},{"time":1.1333,"name":"skill2_08"},{"time":1.2,"name":"skill2_09"},{"time":1.2666,"name":"skill2_10"},{"time":1.3666,"name":"skill2_11"},{"time":1.5,"name":"skill2_12"},{"time":1.6,"name":"back_00"},{"time":1.8666,"name":"idle_03"},{"time":2.0666,"name":"idle_04"},{"time":2.2666,"name":"idle_04"}]}},"bones":{"DAMAGEAREA":{"translate":[{"time":0.9333,"x":-210.82,"y":48.27},{"time":1,"x":-234.15,"y":48.27}],"scale":[{"time":0.9333,"x":2.535,"y":0.347}]},"EF/sword/up_EF":{"rotate":[{"time":0.9,"angle":-149.49}],"translate":[{"time":0.9,"x":-1879.7,"y":544.21}],"scale":[{"time":0.9,"x":-1.334,"y":1.314}]},"MAIN":{"translate":[{"time":0.9,"x":-355.11,"y":0,"curve":"stepped"},{"time":1.6,"x":-355.11,"y":0},{"time":1.7666,"x":-128.6,"y":32.77},{"time":1.8666,"x":-16,"y":0},{"time":1.9333,"x":0,"y":0,"curve":"stepped"},{"time":2.2666,"x":0,"y":0}]},"root":{"translate":[{"time":2.1,"x":0,"y":0}]}},"events":[{"time":0,"name":"HitEffect","string":"setHitEffect(hit06d,1,1,1)"},{"time":0.0333,"name":"Sound","string":"cri_se_battle_charge"},{"time":0.0333,"name":"Voice","string":"cri_029_voice_skill_all"},{"time":0.1666,"name":"View","float":0.34,"string":"shakeGround_Loop"},{"time":0.9,"name":"Event","float":0.3,"string":"shakeGround_Loop"},{"time":0.9,"name":"Sound","string":"cri_se_battle_skill_dash_ef"},{"time":0.9,"name":"Sound2","string":"cri_se_battle_arrow_light_effect"},{"time":0.9333,"name":"Event","float":0.25,"string":"kHitStopType_normal"},{"time":0.9333,"name":"Sound","string":"cri_se_battle_sword_srash"},{"time":0.9666,"name":"Event","float":0.08,"string":"kHitStopType_enemyonly"},{"time":0.9666,"name":"HitEffect","string":"setHitEffect(hit06d,1,3.5,1)"},{"time":0.9666,"name":"Sound2","string":"setHitSound(se_battle_019_sword_hit_03)"},{"time":0.9666,"name":"View","string":"shakeGround"},{"time":1,"name":"Event","string":"kImpactType_knock"},{"time":1,"name":"Hit","float":15,"string":"resetHitList"}]},"skill2":{"slots":{"DAMAGEAREA":{"attachment":[{"time":0.5333,"name":"DAMAGEAREA"},{"time":1.2,"name":null},{"time":2.2666,"name":"DAMAGEAREA"},{"time":2.5,"name":null}]},"EF/sword/10000-combo_16_ef2_1B":{"attachment":[{"time":0.5333,"name":"EF/sword/10000-combo_16_ef2_1B"},{"time":0.5666,"name":null}]},"EF/sword/10000-combo_16_ef2_1F":{"attachment":[{"time":0.5333,"name":"EF/sword/10000-combo_16_ef2_1F"},{"time":0.5666,"name":null}]},"EF/sword/up_EF":{"attachment":[{"time":0.9,"name":"EF/sword/up_EF_2"},{"time":0.9333,"name":null},{"time":2.2,"name":"EF/sword/up_EF_2"},{"time":2.2333,"name":"EF/sword/up_EF_3"},{"time":2.2666,"name":null}]},"EF/sword/up_EF2":{"attachment":[{"time":0.7333,"name":"EF/sword/up_EF_2"},{"time":0.7666,"name":"EF/sword/up_EF_3"},{"time":0.8,"name":null},{"time":0.9,"name":null}]},"MAIN":{"attachment":[{"time":0,"name":"skill2_09"},{"time":0.0666,"name":"front_02"},{"time":0.3,"name":"idle_00"},{"time":0.5,"name":"attack1_00"},{"time":0.5333,"name":"attack1_01"},{"time":0.5666,"name":"attack1_02"},{"time":0.6,"name":"attack1_03"},{"time":0.6333,"name":"attack1_04"},{"time":0.6666,"name":"attack2_00"},{"time":0.7333,"name":"attack2_01"},{"time":0.7666,"name":"attack2_02"},{"time":0.8,"name":"attack2_03"},{"time":0.8666,"name":"attack2_04"},{"time":0.9,"name":"skill2_04"},{"time":0.9333,"name":"skill2_05"},{"time":0.9666,"name":"skill2_06"},{"time":1,"name":"skill2_07"},{"time":1.0333,"name":"skill2_08"},{"time":1.0666,"name":"skill2_09"},{"time":1.4333,"name":"skill2_00"},{"time":1.6,"name":"skill2_01"},{"time":1.8,"name":"skill2_02"},{"time":2.2,"name":"skill2_03"},{"time":2.2666,"name":"skill2_04"},{"time":2.3333,"name":"skill2_05"},{"time":2.4,"name":"skill2_06"},{"time":2.4666,"name":"skill2_07"},{"time":2.5333,"name":"skill2_08"},{"time":2.6,"name":"skill2_09"},{"time":2.6666,"name":"skill2_10"},{"time":2.7666,"name":"skill2_11"},{"time":2.8666,"name":"skill2_12"},{"time":3,"name":"skill2_12"},{"time":3.3333,"name":"skill2_12"}],"color":[{"time":0.0333,"color":"ffffffff","curve":[0.181,0.4,0.745,0.89]},{"time":0.2,"color":"ffffff00","curve":"stepped"},{"time":0.3,"color":"ffffff00"},{"time":0.4,"color":"ffffffff"}]}},"bones":{"DAMAGEAREA":{"translate":[{"time":0.5333,"x":-113.63,"y":160.64,"curve":"stepped"},{"time":2.2666,"x":-131.27,"y":63.65},{"time":2.4333,"x":-259.13,"y":63.65}],"scale":[{"time":0.5333,"x":2,"y":2.5,"curve":"stepped"},{"time":2.2666,"x":3.904,"y":1.006},{"time":2.4333,"x":3.904,"y":0.297}]},"EF/sword/10000-combo_16_ef2":{"rotate":[{"time":0.5333,"angle":-151.75}],"translate":[{"time":0.5333,"x":-1970.71,"y":593.07}],"scale":[{"time":0.5333,"x":-1.029,"y":0.566}]},"EF/sword/up_EF":{"rotate":[{"time":0,"angle":-166.3,"curve":"stepped"},{"time":0.9,"angle":-166.3,"curve":"stepped"},{"time":2.2,"angle":-151.13}],"translate":[{"time":0,"x":-1531.96,"y":555.19,"curve":"stepped"},{"time":0.9,"x":-1531.96,"y":555.19,"curve":"stepped"},{"time":2.2,"x":-1776.16,"y":544.21}],"scale":[{"time":0,"x":-1.432,"y":1.421,"curve":"stepped"},{"time":0.9,"x":-1.432,"y":1.421,"curve":"stepped"},{"time":2.2,"x":-1.334,"y":1.314}]},"EF/sword/up_EF2":{"rotate":[{"time":0.7333,"angle":74.55}],"translate":[{"time":0.7333,"x":-1605.35,"y":787.97}],"scale":[{"time":0.7333,"x":1.416,"y":1.411}]},"MAIN":{"translate":[{"time":0,"x":0,"y":0,"curve":[0.186,0.65,0.73,1]},{"time":0.1666,"x":-200,"y":0,"curve":"stepped"},{"time":0.3,"x":0,"y":0,"curve":"stepped"},{"time":2.2,"x":-250.4,"y":0,"curve":[0.25,0.38,0.75,1]},{"time":2.8666,"x":-252.79,"y":0}]}},"drawOrder":[{"time":0.5333,"offsets":[{"slot":"EF/sword/10000-combo_16_ef2_1F","offset":-8}]}],"events":[{"time":0,"name":"HitEffect","string":"setHitEffect(hit06d,1,3,1)"},{"time":0,"name":"Sound","string":"cri_se_battle_teleport"},{"time":0,"name":"Voice","string":"cri_029_voice_fullarts_now"},{"time":0.3,"name":"Event","int":150,"string":"setPosition_Target"},{"time":0.5,"name":"Event","float":0.75,"string":"shakeGround_Loop"},{"time":0.5,"name":"Sound","string":"cri_se_battle_skill_shot"},{"time":0.5333,"name":"Event","float":1.1,"string":"kHitStopType_enemyonly"},{"time":0.5333,"name":"Sound","string":"setHitSound(se_battle_thrustviolently)"},{"time":0.5333,"name":"Sound2","string":"cri_se_battle_arrow_light_effect"},{"time":0.6,"name":"Hit","float":1.1,"string":"resetHitList"},{"time":0.6333,"name":"Sound","string":"cri_se_battle_skill_shot"},{"time":0.6666,"name":"Hit","float":1.1,"string":"resetHitList"},{"time":0.6666,"name":"Sound2","string":"cri_se_battle_arrow_light_effect"},{"time":0.7333,"name":"Hit","float":1.1,"string":"resetHitList"},{"time":0.7666,"name":"Sound","string":"cri_se_battle_skill_shot"},{"time":0.8,"name":"Hit","float":1.2,"string":"resetHitList"},{"time":0.8,"name":"Sound2","string":"cri_se_battle_arrow_light_effect"},{"time":0.8666,"name":"Hit","float":1.2,"string":"resetHitList"},{"time":0.9,"name":"Sound","string":"cri_se_battle_skill_shot"},{"time":0.9333,"name":"Hit","float":1.2,"string":"resetHitList"},{"time":0.9333,"name":"Sound2","string":"cri_se_battle_arrow_light_effect"},{"time":1,"name":"Hit","float":1.3,"string":"resetHitList"},{"time":1.0333,"name":"Sound","string":"cri_se_battle_skill_shot"},{"time":1.0666,"name":"Hit","float":1.3,"string":"resetHitList"},{"time":1.0666,"name":"Sound2","string":"cri_se_battle_arrow_light_effect"},{"time":1.1333,"name":"Hit","float":1.3,"string":"resetHitList"},{"time":1.4666,"name":"Sound","string":"cri_se_battle_charge"},{"time":1.5666,"name":"View","float":0.35,"string":"shakeGround_Loop"},{"time":1.8333,"name":"Voice","string":"cri_029_voice_fullarts_rank3"},{"time":2.2,"name":"HitEffect","string":"setHitEffect(hit04d,1,0,0)"},{"time":2.2,"name":"Sound","string":"cri_se_battle_033_explosion_element_01"},{"time":2.2,"name":"Sound2","string":"cri_se_battle_arrow_light_effect"},{"time":2.2666,"name":"Event","float":0.23,"string":"kHitStopType_normal"},{"time":2.2666,"name":"Hit","float":2.5,"string":"resetHitList"},{"time":2.2666,"name":"Sound","string":"cri_se_battle_sword_srash"},{"time":2.2666,"name":"Sound2","string":"cri_se_battle_sword_heavy_hit"},{"time":2.2666,"name":"View","string":"shakeGround"},{"time":2.3,"name":"Event","float":0.12,"string":"kHitStopType_enemyonly"},{"time":2.3333,"name":"Hit","float":3,"string":"resetHitList"},{"time":2.3666,"name":"HitEffect","string":"setHitEffect(hit04d,1,2,0)"},{"time":2.4,"name":"Event","string":"kImpactType_knock"},{"time":2.4,"name":"Hit","float":3.5,"string":"resetHitList"},{"time":2.5666,"name":"Event","float":0.23,"string":"kHitStopType_normal"}]}}}