{"skeleton":{"hash":"3YwKCMEdSCk+FYXfOEywfNMmFwY","spine":"3.0.12","width":697,"height":846},"bones":[{"name":"root"},{"name":"MAIN","parent":"root"},{"name":"Boundingbox","parent":"root"}],"slots":[{"name":"01","bone":"MAIN","attachment":"01"},{"name":"face_1","bone":"MAIN","attachment":"face_1"},{"name":"Boundingbox","bone":"Boundingbox","attachment":"Boundingbox"}],"skins":{"default":{"01":{"01":{"x":347.5,"y":176,"width":71,"height":214}},"Boundingbox":{"Boundingbox":{"type":"boundingbox","vertices":[-109.97099,-106.17363,108.90877,-106.17363,108.90877,106.94616,-108.77103,106.70617]}},"face_1":{"face_1":{"x":3.5,"y":492,"width":635,"height":846},"face_2":{"x":3.5,"y":495,"width":635,"height":852}}}},"animations":{"1":{"slots":{"01":{"attachment":[{"time":0,"name":"01"}]},"Boundingbox":{"attachment":[{"time":0,"name":null}]},"face_1":{"attachment":[{"time":0,"name":"face_1"}]}}},"2":{"slots":{"01":{"attachment":[{"time":0,"name":"01"}]},"Boundingbox":{"attachment":[{"time":0,"name":null}]},"face_1":{"attachment":[{"time":0,"name":"face_2"}]}}},"window-1":{"slots":{"01":{"attachment":[{"time":0,"name":"01"}]},"Boundingbox":{"attachment":[{"time":0,"name":"Boundingbox"}]},"face_1":{"attachment":[{"time":0,"name":"face_1"}]}},"bones":{"Boundingbox":{"translate":[{"time":0,"x":0,"y":718.49}]},"MAIN":{"scale":[{"time":0,"x":0.98,"y":0.98}]}}},"window-2":{"slots":{"01":{"attachment":[{"time":0,"name":"01"}]},"Boundingbox":{"attachment":[{"time":0,"name":"Boundingbox"}]},"face_1":{"attachment":[{"time":0,"name":"face_2"}]}},"bones":{"Boundingbox":{"translate":[{"time":0,"x":0,"y":718.49}]},"MAIN":{"scale":[{"time":0,"x":0.98,"y":0.98}]}}}}}