{"skeleton":{"hash":"Niy6swtcxnk8XVimmKFDdmUggvA","spine":"3.0.12","width":500,"height":500,"images":"./image/"},"bones":[{"name":"root"},{"name":"dotef","parent":"root","x":100,"y":-100},{"name":"MAIN","parent":"root","y":61},{"name":"HITBOX","parent":"MAIN","y":-61},{"name":"EF_swordaura1_1","parent":"MAIN","x":200,"y":-11,"color":"009b06ff"},{"name":"EF_sink1_2","parent":"MAIN","x":300,"y":38.99,"color":"009b06ff"},{"name":"EF_sink1_1","parent":"MAIN","x":300,"y":38.99,"color":"009b06ff"},{"name":"EF_power1_1","parent":"MAIN","color":"009b06ff"},{"name":"EF_particle1_1","parent":"MAIN","x":150,"y":-11,"color":"009b06ff"},{"name":"EF_main","parent":"root","color":"009b06ff"},{"name":"EF_wave1_3","parent":"EF_main","x":200,"color":"009b06ff"},{"name":"EF_wave1_2","parent":"EF_main","x":200,"color":"009b06ff"},{"name":"EF_wave1_1","parent":"EF_main","x":200,"color":"009b06ff"},{"name":"EF_slash2_1","parent":"EF_main","x":300,"y":50,"color":"009b06ff"},{"name":"EF_slash1_1","parent":"EF_main","x":250,"y":50,"color":"009b06ff"},{"name":"EF_rotwave1_2","parent":"EF_main","x":300,"color":"009b06ff"},{"name":"EF_rotwave1_1","parent":"EF_main","x":300,"color":"009b06ff"},{"name":"EF_rotaura1_2","parent":"EF_main","x":250,"color":"009b06ff"},{"name":"EF_rotaura1_1","parent":"EF_main","x":250,"color":"009b06ff"},{"name":"EF_earth1_3","parent":"EF_main","x":350,"color":"009b06ff"},{"name":"EF_earth1_2","parent":"EF_main","x":350,"color":"009b06ff"},{"name":"EF_earth1_1","parent":"EF_main","x":350,"color":"009b06ff"},{"name":"EF_dash1_1","parent":"EF_main","x":150,"color":"009b06ff"},{"name":"DAMAGEAREA","parent":"root","color":"9b001bff"}],"slots":[{"name":"DOT_EF2/combo_ef3","bone":"dotef","color":"a500ffff","blend":"additive"},{"name":"EF_rotwave1_1","bone":"EF_rotwave1_1","blend":"additive"},{"name":"EF_rotwave1_2","bone":"EF_rotwave1_2","blend":"additive"},{"name":"EF_wave1_1","bone":"EF_wave1_1","blend":"additive"},{"name":"EF_wave1_2","bone":"EF_wave1_2","blend":"additive"},{"name":"EF_wave1_3","bone":"EF_wave1_3","blend":"additive"},{"name":"EF_earth1_1","bone":"EF_earth1_1","blend":"additive"},{"name":"EF_earth1_2","bone":"EF_earth1_2","blend":"additive"},{"name":"EF_earth1_3","bone":"EF_earth1_3","blend":"additive"},{"name":"EF_rotaura1_2","bone":"EF_rotaura1_2","blend":"additive"},{"name":"MAIN","bone":"MAIN","attachment":"idle_00"},{"name":"DOT_EF2/combo_ef2","bone":"dotef","color":"a500ffff","blend":"additive"},{"name":"EF_dash1_1","bone":"EF_dash1_1","blend":"additive"},{"name":"EF_particle1_1","bone":"EF_particle1_1","blend":"additive"},{"name":"EF_rotaura1_1","bone":"EF_rotaura1_1","blend":"additive"},{"name":"EF_swordaura1_1","bone":"EF_swordaura1_1","blend":"additive"},{"name":"EF_slash1_1","bone":"EF_slash1_1","blend":"additive"},{"name":"EF_slash2_1","bone":"EF_slash2_1","blend":"additive"},{"name":"EF_power1_1","bone":"EF_power1_1","blend":"additive"},{"name":"EF_sink1_1","bone":"EF_sink1_1","blend":"additive"},{"name":"EF_sink1_2","bone":"EF_sink1_2","blend":"additive"},{"name":"DAMAGEAREA","bone":"DAMAGEAREA"},{"name":"HITBOX","bone":"HITBOX","attachment":"HITBOX"}],"skins":{"default":{"DAMAGEAREA":{"DAMAGEAREA":{"type":"boundingbox","vertices":[-32.01344,-31.94894,32.07045,-31.94894,32.07045,31.98695,-32.01344,31.98695]}},"DOT_EF2/combo_ef2":{"DOT_EF2/combo_ef2":{"x":-13.67,"y":-3.64,"width":206,"height":171}},"DOT_EF2/combo_ef3":{"DOT_EF2/combo_ef3":{"x":-13.67,"y":-3.64,"width":206,"height":171}},"EF_dash1_1":{"EF/ef_dash_purple/ef_dash_purple_00001":{"y":46.43,"width":192,"height":192},"EF/ef_dash_purple/ef_dash_purple_00002":{"y":46.43,"width":192,"height":192},"EF/ef_dash_purple/ef_dash_purple_00003":{"y":46.43,"width":192,"height":192},"EF/ef_dash_purple/ef_dash_purple_00004":{"y":46.43,"width":192,"height":192},"EF/ef_dash_purple/ef_dash_purple_00005":{"y":46.43,"width":192,"height":192},"EF/ef_dash_purple/ef_dash_purple_00006":{"y":46.43,"width":192,"height":192},"EF/ef_dash_purple/ef_dash_purple_00007":{"y":46.43,"width":192,"height":192},"EF/ef_dash_purple/ef_dash_purple_00008":{"y":46.43,"width":192,"height":192},"EF/ef_dash_purple/ef_dash_purple_00009":{"y":46.43,"width":192,"height":192},"EF/ef_dash_purple/ef_dash_purple_00010":{"y":46.43,"width":192,"height":192},"EF/ef_dash_purple/ef_dash_purple_00011":{"y":46.43,"width":192,"height":192},"EF/ef_dash_purple/ef_dash_purple_00012":{"y":46.43,"width":192,"height":192},"EF/ef_dash_purple/ef_dash_purple_00013":{"y":46.43,"width":192,"height":192},"EF/ef_dash_purple/ef_dash_purple_00014":{"y":46.43,"width":192,"height":192}},"EF_earth1_1":{"EF/ef_graund_earth_red_00001":{"width":250,"height":250}},"EF_earth1_2":{"EF/ef_graund_earth_red_00001":{"width":250,"height":250}},"EF_earth1_3":{"EF/ef_graund_earth_red_00001":{"width":250,"height":250}},"EF_particle1_1":{"EF/ef_particle_main 2/ef_particle_main 2_00001":{"width":200,"height":200},"EF/ef_particle_main 2/ef_particle_main 2_00002":{"width":200,"height":200},"EF/ef_particle_main 2/ef_particle_main 2_00003":{"width":200,"height":200},"EF/ef_particle_main 2/ef_particle_main 2_00004":{"width":200,"height":200},"EF/ef_particle_main 2/ef_particle_main 2_00005":{"width":200,"height":200},"EF/ef_particle_main 2/ef_particle_main 2_00006":{"width":200,"height":200},"EF/ef_particle_main 2/ef_particle_main 2_00007":{"width":200,"height":200},"EF/ef_particle_main 2/ef_particle_main 2_00008":{"width":200,"height":200},"EF/ef_particle_main 2/ef_particle_main 2_00009":{"width":200,"height":200},"EF/ef_particle_main 2/ef_particle_main 2_00010":{"width":200,"height":200},"EF/ef_particle_main 2/ef_particle_main 2_00011":{"width":200,"height":200}},"EF_power1_1":{"EF/ef_power2/ef_spirit_sink_main_00001":{"width":240,"height":240},"EF/ef_power2/ef_spirit_sink_main_00002":{"width":240,"height":240},"EF/ef_power2/ef_spirit_sink_main_00003":{"width":240,"height":240},"EF/ef_power2/ef_spirit_sink_main_00004":{"width":240,"height":240},"EF/ef_power2/ef_spirit_sink_main_00005":{"width":240,"height":240},"EF/ef_power2/ef_spirit_sink_main_00006":{"width":240,"height":240},"EF/ef_power2/ef_spirit_sink_main_00007":{"width":240,"height":240},"EF/ef_power2/ef_spirit_sink_main_00008":{"width":240,"height":240},"EF/ef_power2/ef_spirit_sink_main_00009":{"width":240,"height":240},"EF/ef_power2/ef_spirit_sink_main_00010":{"width":240,"height":240},"EF/ef_power2/ef_spirit_sink_main_00011":{"width":240,"height":240},"EF/ef_power2/ef_spirit_sink_main_00012":{"width":240,"height":240},"EF/ef_power2/ef_spirit_sink_main_00013":{"width":240,"height":240},"EF/ef_power2/ef_spirit_sink_main_00014":{"width":240,"height":240}},"EF_rotaura1_1":{"EF/ef_rot_aura/ef_rot_aura_main_00001":{"y":56.91,"width":200,"height":200},"EF/ef_rot_aura/ef_rot_aura_main_00002":{"y":56.91,"width":200,"height":200},"EF/ef_rot_aura/ef_rot_aura_main_00003":{"y":56.91,"width":200,"height":200},"EF/ef_rot_aura/ef_rot_aura_main_00004":{"y":56.91,"width":200,"height":200},"EF/ef_rot_aura/ef_rot_aura_main_00005":{"y":56.91,"width":200,"height":200},"EF/ef_rot_aura/ef_rot_aura_main_00006":{"y":56.91,"width":200,"height":200},"EF/ef_rot_aura/ef_rot_aura_main_00007":{"y":56.91,"width":200,"height":200},"EF/ef_rot_aura/ef_rot_aura_main_00008":{"y":56.91,"width":200,"height":200},"EF/ef_rot_aura/ef_rot_aura_main_00009":{"y":56.91,"width":200,"height":200},"EF/ef_rot_aura/ef_rot_aura_main_00010":{"y":56.91,"width":200,"height":200},"EF/ef_rot_aura/ef_rot_aura_main_00011":{"y":56.91,"width":200,"height":200},"EF/ef_rot_aura/ef_rot_aura_main_00012":{"y":56.91,"width":200,"height":200}},"EF_rotaura1_2":{"EF/ef_rot_aura/ef_rot_aura_main_00001":{"y":56.91,"width":200,"height":200},"EF/ef_rot_aura/ef_rot_aura_main_00002":{"y":56.91,"width":200,"height":200},"EF/ef_rot_aura/ef_rot_aura_main_00003":{"y":56.91,"width":200,"height":200},"EF/ef_rot_aura/ef_rot_aura_main_00004":{"y":56.91,"width":200,"height":200},"EF/ef_rot_aura/ef_rot_aura_main_00005":{"y":56.91,"width":200,"height":200},"EF/ef_rot_aura/ef_rot_aura_main_00006":{"y":56.91,"width":200,"height":200},"EF/ef_rot_aura/ef_rot_aura_main_00007":{"y":56.91,"width":200,"height":200},"EF/ef_rot_aura/ef_rot_aura_main_00008":{"y":56.91,"width":200,"height":200},"EF/ef_rot_aura/ef_rot_aura_main_00009":{"y":56.91,"width":200,"height":200},"EF/ef_rot_aura/ef_rot_aura_main_00010":{"y":56.91,"width":200,"height":200},"EF/ef_rot_aura/ef_rot_aura_main_00011":{"y":56.91,"width":200,"height":200},"EF/ef_rot_aura/ef_rot_aura_main_00012":{"y":56.91,"width":200,"height":200}},"EF_rotwave1_1":{"EF/ef_rot_wave_main/ef_rot_wave_main_00001":{"y":11.83,"width":294,"height":140},"EF/ef_rot_wave_main/ef_rot_wave_main_00002":{"y":11.83,"width":294,"height":140},"EF/ef_rot_wave_main/ef_rot_wave_main_00003":{"y":11.83,"width":294,"height":140},"EF/ef_rot_wave_main/ef_rot_wave_main_00004":{"y":11.83,"width":294,"height":140},"EF/ef_rot_wave_main/ef_rot_wave_main_00005":{"y":11.83,"width":294,"height":140},"EF/ef_rot_wave_main/ef_rot_wave_main_00006":{"y":11.83,"width":294,"height":140},"EF/ef_rot_wave_main/ef_rot_wave_main_00007":{"y":11.83,"width":294,"height":140},"EF/ef_rot_wave_main/ef_rot_wave_main_00008":{"y":11.83,"width":294,"height":140},"EF/ef_rot_wave_main/ef_rot_wave_main_00009":{"y":11.83,"width":294,"height":140},"EF/ef_rot_wave_main/ef_rot_wave_main_00010":{"y":11.83,"width":294,"height":140},"EF/ef_rot_wave_main/ef_rot_wave_main_00011":{"y":11.83,"width":294,"height":140},"EF/ef_rot_wave_main/ef_rot_wave_main_00012":{"y":11.83,"width":294,"height":140},"EF/ef_rot_wave_main/ef_rot_wave_main_00013":{"y":11.83,"width":294,"height":140},"EF/ef_rot_wave_main/ef_rot_wave_main_00014":{"y":11.83,"width":294,"height":140},"EF/ef_rot_wave_main/ef_rot_wave_main_00015":{"y":11.83,"width":294,"height":140}},"EF_rotwave1_2":{"EF/ef_rot_wave_main/ef_rot_wave_main_00001":{"y":11.83,"width":294,"height":140},"EF/ef_rot_wave_main/ef_rot_wave_main_00002":{"y":11.83,"width":294,"height":140},"EF/ef_rot_wave_main/ef_rot_wave_main_00003":{"y":11.83,"width":294,"height":140},"EF/ef_rot_wave_main/ef_rot_wave_main_00004":{"y":11.83,"width":294,"height":140},"EF/ef_rot_wave_main/ef_rot_wave_main_00005":{"y":11.83,"width":294,"height":140},"EF/ef_rot_wave_main/ef_rot_wave_main_00006":{"y":11.83,"width":294,"height":140},"EF/ef_rot_wave_main/ef_rot_wave_main_00007":{"y":11.83,"width":294,"height":140},"EF/ef_rot_wave_main/ef_rot_wave_main_00008":{"y":11.83,"width":294,"height":140},"EF/ef_rot_wave_main/ef_rot_wave_main_00009":{"y":11.83,"width":294,"height":140},"EF/ef_rot_wave_main/ef_rot_wave_main_00010":{"y":11.83,"width":294,"height":140},"EF/ef_rot_wave_main/ef_rot_wave_main_00011":{"y":11.83,"width":294,"height":140},"EF/ef_rot_wave_main/ef_rot_wave_main_00012":{"y":11.83,"width":294,"height":140},"EF/ef_rot_wave_main/ef_rot_wave_main_00013":{"y":11.83,"width":294,"height":140},"EF/ef_rot_wave_main/ef_rot_wave_main_00014":{"y":11.83,"width":294,"height":140},"EF/ef_rot_wave_main/ef_rot_wave_main_00015":{"y":11.83,"width":294,"height":140}},"EF_sink1_1":{"EF/ef_sink/ef_wind_sink_main_00001":{"width":240,"height":240},"EF/ef_sink/ef_wind_sink_main_00002":{"width":240,"height":240},"EF/ef_sink/ef_wind_sink_main_00003":{"width":240,"height":240},"EF/ef_sink/ef_wind_sink_main_00004":{"width":240,"height":240},"EF/ef_sink/ef_wind_sink_main_00005":{"width":240,"height":240},"EF/ef_sink/ef_wind_sink_main_00006":{"width":240,"height":240},"EF/ef_sink/ef_wind_sink_main_00007":{"width":240,"height":240},"EF/ef_sink/ef_wind_sink_main_00008":{"width":240,"height":240},"EF/ef_sink/ef_wind_sink_main_00009":{"width":240,"height":240},"EF/ef_sink/ef_wind_sink_main_00010":{"width":240,"height":240},"EF/ef_sink/ef_wind_sink_main_00011":{"width":240,"height":240},"EF/ef_sink/ef_wind_sink_main_00012":{"width":240,"height":240},"EF/ef_sink/ef_wind_sink_main_00013":{"width":240,"height":240},"EF/ef_sink/ef_wind_sink_main_00014":{"width":240,"height":240},"EF/ef_sink/ef_wind_sink_main_00015":{"width":240,"height":240},"EF/ef_sink/ef_wind_sink_main_00016":{"width":240,"height":240}},"EF_sink1_2":{"EF/ef_sink/ef_wind_sink_main_00001":{"width":240,"height":240},"EF/ef_sink/ef_wind_sink_main_00002":{"width":240,"height":240},"EF/ef_sink/ef_wind_sink_main_00003":{"width":240,"height":240},"EF/ef_sink/ef_wind_sink_main_00004":{"width":240,"height":240},"EF/ef_sink/ef_wind_sink_main_00005":{"width":240,"height":240},"EF/ef_sink/ef_wind_sink_main_00006":{"width":240,"height":240},"EF/ef_sink/ef_wind_sink_main_00007":{"width":240,"height":240},"EF/ef_sink/ef_wind_sink_main_00008":{"width":240,"height":240},"EF/ef_sink/ef_wind_sink_main_00009":{"width":240,"height":240},"EF/ef_sink/ef_wind_sink_main_00010":{"width":240,"height":240},"EF/ef_sink/ef_wind_sink_main_00011":{"width":240,"height":240},"EF/ef_sink/ef_wind_sink_main_00012":{"width":240,"height":240},"EF/ef_sink/ef_wind_sink_main_00013":{"width":240,"height":240},"EF/ef_sink/ef_wind_sink_main_00014":{"width":240,"height":240},"EF/ef_sink/ef_wind_sink_main_00015":{"width":240,"height":240},"EF/ef_sink/ef_wind_sink_main_00016":{"width":240,"height":240}},"EF_slash1_1":{"EF/ef_slash_A_main/ef_slash_A_main_00001":{"width":200,"height":240},"EF/ef_slash_A_main/ef_slash_A_main_00002":{"width":200,"height":240},"EF/ef_slash_A_main/ef_slash_A_main_00003":{"width":200,"height":240},"EF/ef_slash_A_main/ef_slash_A_main_00004":{"width":200,"height":240},"EF/ef_slash_A_main/ef_slash_A_main_00005":{"width":200,"height":240},"EF/ef_slash_A_main/ef_slash_A_main_00006":{"width":200,"height":240},"EF/ef_slash_A_main/ef_slash_A_main_00007":{"width":200,"height":240},"EF/ef_slash_A_main/ef_slash_A_main_00008":{"width":200,"height":240}},"EF_slash2_1":{"EF/ef_slash_B_main/ef_slash_B_main_00001":{"width":208,"height":160},"EF/ef_slash_B_main/ef_slash_B_main_00002":{"width":208,"height":160},"EF/ef_slash_B_main/ef_slash_B_main_00003":{"width":208,"height":160},"EF/ef_slash_B_main/ef_slash_B_main_00004":{"width":208,"height":160},"EF/ef_slash_B_main/ef_slash_B_main_00005":{"width":208,"height":160},"EF/ef_slash_B_main/ef_slash_B_main_00006":{"width":208,"height":160},"EF/ef_slash_B_main/ef_slash_B_main_00007":{"width":208,"height":160},"EF/ef_slash_B_main/ef_slash_B_main_00008":{"width":208,"height":160},"EF/ef_slash_B_main/ef_slash_B_main_00009":{"width":208,"height":160},"EF/ef_slash_B_main/ef_slash_B_main_00010":{"width":208,"height":160}},"EF_swordaura1_1":{"EF/ef_sword_ray_main/ef_sword_ray_main_00001":{"y":35.64,"width":150,"height":150},"EF/ef_sword_ray_main/ef_sword_ray_main_00002":{"y":35.64,"width":150,"height":150},"EF/ef_sword_ray_main/ef_sword_ray_main_00003":{"y":35.64,"width":150,"height":150},"EF/ef_sword_ray_main/ef_sword_ray_main_00004":{"y":35.64,"width":150,"height":150},"EF/ef_sword_ray_main/ef_sword_ray_main_00005":{"y":35.64,"width":150,"height":150},"EF/ef_sword_ray_main/ef_sword_ray_main_00006":{"y":35.64,"width":150,"height":150},"EF/ef_sword_ray_main/ef_sword_ray_main_00007":{"y":35.64,"width":150,"height":150},"EF/ef_sword_ray_main/ef_sword_ray_main_00008":{"y":35.64,"width":150,"height":150},"EF/ef_sword_ray_main/ef_sword_ray_main_00009":{"y":35.64,"width":150,"height":150},"EF/ef_sword_ray_main/ef_sword_ray_main_00010":{"y":35.64,"width":150,"height":150},"EF/ef_sword_ray_main/ef_sword_ray_main_00011":{"y":35.64,"width":150,"height":150},"EF/ef_sword_ray_main/ef_sword_ray_main_00012":{"y":35.64,"width":150,"height":150},"EF/ef_sword_ray_main/ef_sword_ray_main_00013":{"y":35.64,"width":150,"height":150},"EF/ef_sword_ray_main/ef_sword_ray_main_00014":{"y":35.64,"width":150,"height":150}},"EF_wave1_1":{"EF/ef_graund_wave_purple/ef_graund_wave_purple_00002":{"y":8.98,"width":200,"height":200},"EF/ef_graund_wave_purple/ef_graund_wave_purple_00003":{"y":8.98,"width":200,"height":200},"EF/ef_graund_wave_purple/ef_graund_wave_purple_00004":{"y":8.98,"width":200,"height":200},"EF/ef_graund_wave_purple/ef_graund_wave_purple_00005":{"y":8.98,"width":200,"height":200},"EF/ef_graund_wave_purple/ef_graund_wave_purple_00006":{"y":8.98,"width":200,"height":200},"EF/ef_graund_wave_purple/ef_graund_wave_purple_00007":{"y":8.98,"width":200,"height":200},"EF/ef_graund_wave_purple/ef_graund_wave_purple_00008":{"y":8.98,"width":200,"height":200},"EF/ef_graund_wave_purple/ef_graund_wave_purple_00009":{"y":8.98,"width":200,"height":200},"EF/ef_graund_wave_purple/ef_graund_wave_purple_00010":{"y":8.98,"width":200,"height":200},"EF/ef_graund_wave_purple/ef_graund_wave_purple_00011":{"y":8.98,"width":200,"height":200},"EF/ef_graund_wave_purple/ef_graund_wave_purple_00012":{"y":8.98,"width":200,"height":200}},"EF_wave1_2":{"EF/ef_graund_wave_purple/ef_graund_wave_purple_00002":{"y":8.98,"width":200,"height":200},"EF/ef_graund_wave_purple/ef_graund_wave_purple_00003":{"y":8.98,"width":200,"height":200},"EF/ef_graund_wave_purple/ef_graund_wave_purple_00004":{"y":8.98,"width":200,"height":200},"EF/ef_graund_wave_purple/ef_graund_wave_purple_00005":{"y":8.98,"width":200,"height":200},"EF/ef_graund_wave_purple/ef_graund_wave_purple_00006":{"y":8.98,"width":200,"height":200},"EF/ef_graund_wave_purple/ef_graund_wave_purple_00007":{"y":8.98,"width":200,"height":200},"EF/ef_graund_wave_purple/ef_graund_wave_purple_00008":{"y":8.98,"width":200,"height":200},"EF/ef_graund_wave_purple/ef_graund_wave_purple_00009":{"y":8.98,"width":200,"height":200},"EF/ef_graund_wave_purple/ef_graund_wave_purple_00010":{"y":8.98,"width":200,"height":200},"EF/ef_graund_wave_purple/ef_graund_wave_purple_00011":{"y":8.98,"width":200,"height":200},"EF/ef_graund_wave_purple/ef_graund_wave_purple_00012":{"y":8.98,"width":200,"height":200}},"EF_wave1_3":{"EF/ef_graund_wave_purple/ef_graund_wave_purple_00002":{"y":8.98,"width":200,"height":200},"EF/ef_graund_wave_purple/ef_graund_wave_purple_00003":{"y":8.98,"width":200,"height":200},"EF/ef_graund_wave_purple/ef_graund_wave_purple_00004":{"y":8.98,"width":200,"height":200},"EF/ef_graund_wave_purple/ef_graund_wave_purple_00005":{"y":8.98,"width":200,"height":200},"EF/ef_graund_wave_purple/ef_graund_wave_purple_00006":{"y":8.98,"width":200,"height":200},"EF/ef_graund_wave_purple/ef_graund_wave_purple_00007":{"y":8.98,"width":200,"height":200},"EF/ef_graund_wave_purple/ef_graund_wave_purple_00008":{"y":8.98,"width":200,"height":200},"EF/ef_graund_wave_purple/ef_graund_wave_purple_00009":{"y":8.98,"width":200,"height":200},"EF/ef_graund_wave_purple/ef_graund_wave_purple_00010":{"y":8.98,"width":200,"height":200},"EF/ef_graund_wave_purple/ef_graund_wave_purple_00011":{"y":8.98,"width":200,"height":200},"EF/ef_graund_wave_purple/ef_graund_wave_purple_00012":{"y":8.98,"width":200,"height":200}},"HITBOX":{"HITBOX":{"type":"boundingbox","vertices":[-35.22595,-0.44113,42.47503,-1.00013,42.47503,114.15388,-36.90295,113.59488]}},"MAIN":{"attack1_00":{"x":-4.58,"y":9.39,"scaleX":2,"scaleY":2,"width":250,"height":250},"attack1_01":{"x":-4.58,"y":9.39,"scaleX":2,"scaleY":2,"width":250,"height":250},"attack1_02":{"x":-4.58,"y":9.39,"scaleX":2,"scaleY":2,"width":250,"height":250},"attack1_03":{"x":-4.58,"y":9.39,"scaleX":2,"scaleY":2,"width":250,"height":250},"attack1_04":{"x":-4.58,"y":9.39,"scaleX":2,"scaleY":2,"width":250,"height":250},"attack1_05":{"x":-4.58,"y":9.39,"scaleX":2,"scaleY":2,"width":250,"height":250},"attack1_06":{"x":-4.58,"y":9.39,"scaleX":2,"scaleY":2,"width":250,"height":250},"back_00":{"x":-4.58,"y":9.39,"scaleX":2,"scaleY":2,"width":250,"height":250},"damage_00":{"x":-4.58,"y":9.39,"scaleX":2,"scaleY":2,"width":250,"height":250},"front_00":{"x":-4.58,"y":9.39,"scaleX":2,"scaleY":2,"width":250,"height":250},"idle_00":{"x":-4.58,"y":9.39,"scaleX":2,"scaleY":2,"width":250,"height":250},"idle_01":{"x":-4.58,"y":9.39,"scaleX":2,"scaleY":2,"width":250,"height":250},"idle_02":{"x":-4.58,"y":9.39,"scaleX":2,"scaleY":2,"width":250,"height":250},"idle_03":{"x":-4.58,"y":9.39,"scaleX":2,"scaleY":2,"width":250,"height":250},"idle_04":{"x":-4.58,"y":9.39,"scaleX":2,"scaleY":2,"width":250,"height":250},"skill1_00":{"x":-4.58,"y":9.39,"scaleX":2,"scaleY":2,"width":250,"height":250},"skill1_01":{"x":-4.58,"y":9.39,"scaleX":2,"scaleY":2,"width":250,"height":250},"skill1_02":{"x":-4.58,"y":9.39,"scaleX":2,"scaleY":2,"width":250,"height":250},"skill1_03":{"x":-4.58,"y":9.39,"scaleX":2,"scaleY":2,"width":250,"height":250},"skill1_04":{"x":-4.58,"y":9.39,"scaleX":2,"scaleY":2,"width":250,"height":250},"skill1_05":{"x":-4.58,"y":9.39,"scaleX":2,"scaleY":2,"width":250,"height":250},"skill1_06":{"x":-4.58,"y":9.39,"scaleX":2,"scaleY":2,"width":250,"height":250},"skill1_07":{"x":-4.58,"y":9.39,"scaleX":2,"scaleY":2,"width":250,"height":250},"skill1_08":{"x":-4.58,"y":9.39,"scaleX":2,"scaleY":2,"width":250,"height":250},"skill1_09":{"x":-4.58,"y":9.39,"scaleX":2,"scaleY":2,"width":250,"height":250},"skill2_00":{"x":-4.58,"y":9.39,"scaleX":2,"scaleY":2,"width":250,"height":250},"skill2_01":{"x":-4.58,"y":9.39,"scaleX":2,"scaleY":2,"width":250,"height":250},"skill2_02":{"x":-4.58,"y":9.39,"scaleX":2,"scaleY":2,"width":250,"height":250},"skill2_03":{"x":-4.58,"y":9.39,"scaleX":2,"scaleY":2,"width":250,"height":250},"skill2_04":{"x":-4.58,"y":9.39,"scaleX":2,"scaleY":2,"width":250,"height":250},"skill2_05":{"x":-4.58,"y":9.39,"scaleX":2,"scaleY":2,"width":250,"height":250},"skill2_06":{"x":-4.58,"y":9.39,"scaleX":2,"scaleY":2,"width":250,"height":250},"skill2_07":{"x":-4.58,"y":9.39,"scaleX":2,"scaleY":2,"width":250,"height":250},"skill2_08":{"x":-4.58,"y":9.39,"scaleX":2,"scaleY":2,"width":250,"height":250},"skill2_09":{"x":-4.58,"y":9.39,"scaleX":2,"scaleY":2,"width":250,"height":250},"skill2_10":{"x":-4.58,"y":9.39,"scaleX":2,"scaleY":2,"width":250,"height":250}}}},"events":{"Event1":{},"Event2":{},"HitEvent":{},"Sound1":{},"Sound2":{},"Sound3":{},"Voice":{}},"animations":{"attack1":{"slots":{"DAMAGEAREA":{"attachment":[{"time":0.3,"name":"DAMAGEAREA"},{"time":0.3333,"name":null},{"time":1.0666,"name":"DAMAGEAREA"},{"time":1.1,"name":null}]},"DOT_EF2/combo_ef2":{"attachment":[{"time":0.3,"name":"DOT_EF2/combo_ef2"},{"time":0.3333,"name":null},{"time":1.0666,"name":"DOT_EF2/combo_ef2"},{"time":1.1,"name":null}]},"DOT_EF2/combo_ef3":{"attachment":[{"time":0.3,"name":"DOT_EF2/combo_ef3"},{"time":0.3333,"name":null},{"time":1.0666,"name":"DOT_EF2/combo_ef3"},{"time":1.1,"name":null}]},"MAIN":{"attachment":[{"time":0,"name":"skill2_04"},{"time":0.1,"name":"attack1_00"},{"time":0.3,"name":"attack1_01"},{"time":0.4,"name":"attack1_02"},{"time":0.6,"name":"skill2_08"},{"time":0.7333,"name":"attack1_03"},{"time":1,"name":"skill2_08"},{"time":1.0666,"name":"attack1_04"},{"time":1.2,"name":"attack1_05"},{"time":1.3333,"name":"skill2_03"},{"time":1.4666,"name":"idle_00"},{"time":1.6666,"name":"idle_00"}]}},"bones":{"MAIN":{"translate":[{"time":0,"x":0,"y":0,"curve":"stepped"},{"time":0.3,"x":24.14,"y":0,"curve":"stepped"},{"time":0.6,"x":22.2,"y":4.6,"curve":"stepped"},{"time":1,"x":22.2,"y":4.6,"curve":"stepped"},{"time":1.0666,"x":-2.21,"y":7.42,"curve":[0.106,0.74,0.315,0.95]},{"time":1.3,"x":-7,"y":7.42,"curve":"stepped"},{"time":1.3333,"x":3.8,"y":7.42,"curve":"stepped"},{"time":1.4666,"x":0,"y":0}]},"dotef":{"rotate":[{"time":1.0666,"angle":58.12}],"translate":[{"time":0.3,"x":-39.32,"y":140.57,"curve":"stepped"},{"time":1.0666,"x":-166.87,"y":254.48}],"scale":[{"time":0.3,"x":2.294,"y":-2.022,"curve":"stepped"},{"time":1.0666,"x":1.255,"y":4.612}]},"DAMAGEAREA":{"translate":[{"time":0.3,"x":-72.77,"y":77.14,"curve":"stepped"},{"time":1.0666,"x":-72.53,"y":106.25}],"scale":[{"time":0.3,"x":3.551,"y":2.827,"curve":"stepped"},{"time":1.0666,"x":5.334,"y":4.247}]}},"drawOrder":[{"time":0.5333,"offsets":[{"slot":"DOT_EF2/combo_ef3","offset":10}]}],"events":[{"time":0,"name":"Event1","float":0.12,"string":"kHitStopType_normal"},{"time":0,"name":"Sound3","string":"setHitSound(se_battle_019_sword_hit_03)"},{"time":0.3,"name":"Sound1","string":"cri_se_battle_sword_swish_heavy"},{"time":0.3,"name":"Voice","string":"cri_281_voice_attack_random"},{"time":1.0666,"name":"HitEvent","string":"resetHitList"},{"time":1.0666,"name":"Sound1","string":"cri_se_battle_sword_swish_heavy"},{"time":1.0666,"name":"Voice","string":"cri_281_voice_attack_c"}]},"back":{"slots":{"MAIN":{"attachment":[{"time":0,"name":"back_00"},{"time":0.3,"name":"idle_02"},{"time":0.4333,"name":"idle_00"},{"time":0.5666,"name":"idle_00"}]}},"bones":{"MAIN":{"translate":[{"time":0,"x":0,"y":0},{"time":0.2,"x":159.92,"y":23.05},{"time":0.3,"x":200,"y":0,"curve":[0.195,0.69,0.75,1]},{"time":0.5666,"x":205,"y":0}]}},"events":[{"time":0,"name":"Sound1","string":"cri_se_battle_jump"},{"time":0.3,"name":"Sound1","string":"cri_se_battle_landing"}]},"cast":{"slots":{"MAIN":{"attachment":[{"time":0,"name":"idle_00"},{"time":0.1333,"name":"skill2_07"},{"time":0.2,"name":"attack1_03"},{"time":0.5,"name":"attack1_04"},{"time":0.5666,"name":"attack1_05"},{"time":0.7333,"name":"attack1_05"}]}},"bones":{"MAIN":{"translate":[{"time":0,"x":0,"y":0,"curve":"stepped"},{"time":0.5,"x":7.12,"y":0},{"time":0.5666,"x":0,"y":0}]}},"events":[{"time":0.2,"name":"Voice","string":"cri_281_voice_item"}]},"damage":{"slots":{"MAIN":{"attachment":[{"time":0,"name":"damage_00"}]}}},"front":{"slots":{"MAIN":{"attachment":[{"time":0,"name":"front_00"}]}}},"idle":{"slots":{"MAIN":{"attachment":[{"time":0,"name":"idle_00"},{"time":0.2,"name":"idle_01"},{"time":0.4,"name":"idle_02"},{"time":0.6,"name":"idle_03"},{"time":0.8,"name":"idle_04"},{"time":1,"name":"idle_00"}]}}},"in":{"slots":{"MAIN":{"attachment":[{"time":0,"name":"skill2_00"},{"time":0.3,"name":"skill2_01"},{"time":0.3333,"name":"skill2_02"},{"time":0.4,"name":"skill2_01"},{"time":0.4666,"name":"skill2_02"},{"time":0.5333,"name":"skill2_01"},{"time":0.6,"name":"skill2_02"},{"time":0.7333,"name":"skill2_03"},{"time":0.8333,"name":"idle_00"},{"time":1,"name":"idle_00"}]}},"events":[{"time":0,"name":"Event1","string":"takeSummon"}]},"skill1":{"slots":{"DAMAGEAREA":{"attachment":[{"time":1.3,"name":"DAMAGEAREA"},{"time":1.5,"name":null}]},"EF_power1_1":{"attachment":[{"time":0.5333,"name":"EF/ef_power2/ef_spirit_sink_main_00001"},{"time":0.5666,"name":"EF/ef_power2/ef_spirit_sink_main_00002"},{"time":0.6,"name":"EF/ef_power2/ef_spirit_sink_main_00003"},{"time":0.6333,"name":"EF/ef_power2/ef_spirit_sink_main_00004"},{"time":0.6666,"name":"EF/ef_power2/ef_spirit_sink_main_00005"},{"time":0.7,"name":"EF/ef_power2/ef_spirit_sink_main_00006"},{"time":0.7333,"name":"EF/ef_power2/ef_spirit_sink_main_00007"},{"time":0.7666,"name":"EF/ef_power2/ef_spirit_sink_main_00008"},{"time":0.8,"name":"EF/ef_power2/ef_spirit_sink_main_00009"},{"time":0.8333,"name":"EF/ef_power2/ef_spirit_sink_main_00010"},{"time":0.8666,"name":"EF/ef_power2/ef_spirit_sink_main_00011"},{"time":0.9,"name":"EF/ef_power2/ef_spirit_sink_main_00012"},{"time":0.9333,"name":"EF/ef_power2/ef_spirit_sink_main_00013"},{"time":0.9666,"name":"EF/ef_power2/ef_spirit_sink_main_00014"},{"time":1,"name":null}]},"EF_slash1_1":{"attachment":[{"time":1.3,"name":"EF/ef_slash_A_main/ef_slash_A_main_00001"},{"time":1.3333,"name":"EF/ef_slash_A_main/ef_slash_A_main_00002"},{"time":1.3666,"name":"EF/ef_slash_A_main/ef_slash_A_main_00003"},{"time":1.4,"name":"EF/ef_slash_A_main/ef_slash_A_main_00004"},{"time":1.4333,"name":"EF/ef_slash_A_main/ef_slash_A_main_00005"},{"time":1.4666,"name":"EF/ef_slash_A_main/ef_slash_A_main_00006"},{"time":1.5,"name":"EF/ef_slash_A_main/ef_slash_A_main_00007"},{"time":1.5333,"name":"EF/ef_slash_A_main/ef_slash_A_main_00008"},{"time":1.5666,"name":null}]},"EF_wave1_1":{"attachment":[{"time":0,"name":"EF/ef_graund_wave_purple/ef_graund_wave_purple_00002"},{"time":0.0333,"name":"EF/ef_graund_wave_purple/ef_graund_wave_purple_00004"},{"time":0.0666,"name":"EF/ef_graund_wave_purple/ef_graund_wave_purple_00006"},{"time":0.1,"name":"EF/ef_graund_wave_purple/ef_graund_wave_purple_00008"},{"time":0.1333,"name":"EF/ef_graund_wave_purple/ef_graund_wave_purple_00009"},{"time":0.1666,"name":"EF/ef_graund_wave_purple/ef_graund_wave_purple_00010"},{"time":0.2,"name":"EF/ef_graund_wave_purple/ef_graund_wave_purple_00011"},{"time":0.2333,"name":"EF/ef_graund_wave_purple/ef_graund_wave_purple_00012"},{"time":0.2666,"name":null},{"time":1.3,"name":"EF/ef_graund_wave_purple/ef_graund_wave_purple_00002"},{"time":1.3333,"name":"EF/ef_graund_wave_purple/ef_graund_wave_purple_00003"},{"time":1.3666,"name":"EF/ef_graund_wave_purple/ef_graund_wave_purple_00004"},{"time":1.4,"name":"EF/ef_graund_wave_purple/ef_graund_wave_purple_00005"},{"time":1.4333,"name":"EF/ef_graund_wave_purple/ef_graund_wave_purple_00006"},{"time":1.4666,"name":"EF/ef_graund_wave_purple/ef_graund_wave_purple_00007"},{"time":1.5,"name":"EF/ef_graund_wave_purple/ef_graund_wave_purple_00008"},{"time":1.5333,"name":"EF/ef_graund_wave_purple/ef_graund_wave_purple_00009"},{"time":1.5666,"name":"EF/ef_graund_wave_purple/ef_graund_wave_purple_00010"},{"time":1.6,"name":"EF/ef_graund_wave_purple/ef_graund_wave_purple_00011"},{"time":1.6333,"name":"EF/ef_graund_wave_purple/ef_graund_wave_purple_00012"},{"time":1.6666,"name":null}]},"MAIN":{"attachment":[{"time":0,"name":"attack1_06"},{"time":0.1,"name":"skill1_00"},{"time":0.3666,"name":"skill1_01"},{"time":0.4333,"name":"skill1_02"},{"time":0.6666,"name":"skill1_03"},{"time":0.7,"name":"skill1_04"},{"time":0.7333,"name":"skill1_05"},{"time":1.0333,"name":"skill1_06"},{"time":1.2,"name":"skill1_07"},{"time":1.3,"name":"skill1_08"},{"time":1.3333,"name":"skill1_09"},{"time":1.8666,"name":"skill2_03"},{"time":2,"name":"idle_00"}]}},"bones":{"MAIN":{"translate":[{"time":0,"x":0,"y":0},{"time":0.0666,"x":0,"y":-5.65,"curve":[0.049,0.67,0.75,1]},{"time":0.3333,"x":0,"y":348.53},{"time":0.5,"x":0,"y":359.84,"curve":"stepped"},{"time":1,"x":0,"y":359.84,"curve":[0.25,0,0.858,0.52]},{"time":1.1666,"x":-9.41,"y":475.69,"curve":[0.25,0,0.672,0.25]},{"time":1.3,"x":-20,"y":0},{"time":1.3333,"x":-20,"y":-6.12},{"time":1.3666,"x":-20,"y":7.84},{"time":1.4,"x":-20,"y":-13.97},{"time":1.4333,"x":-20,"y":-9.42,"curve":"stepped"},{"time":1.8666,"x":26.1,"y":-0.01,"curve":"stepped"},{"time":2,"x":26.1,"y":-0.01}]},"EF_power1_1":{"scale":[{"time":0.5333,"x":2.5,"y":2.5},{"time":0.6666,"x":1.5,"y":1.5},{"time":0.7,"x":2.5,"y":2.5,"curve":[0.067,0.52,0.75,1]},{"time":0.9666,"x":3,"y":3}]},"EF_slash1_1":{"rotate":[{"time":1.3,"angle":19.31}],"translate":[{"time":1.3,"x":-323.59,"y":152.65}],"scale":[{"time":1.3,"x":3.177,"y":3.177}]},"EF_wave1_1":{"translate":[{"time":0,"x":-200,"y":0,"curve":"stepped"},{"time":1.3,"x":-277.24,"y":-16.97}],"scale":[{"time":0,"x":2,"y":2,"curve":[0.265,0.75,0.617,0.97]},{"time":0.2333,"x":3,"y":3,"curve":"stepped"},{"time":1.3,"x":4.226,"y":4.226,"curve":[0.058,0.85,0.243,0.92]},{"time":1.6666,"x":4,"y":4}]},"EF_earth1_1":{"translate":[{"time":1.3,"x":-475.27,"y":5.65}]},"DAMAGEAREA":{"translate":[{"time":1.3,"x":-169.27,"y":120.7}],"scale":[{"time":1.3,"x":5.7,"y":4.694}]}},"events":[{"time":0,"name":"Sound3","string":"setHitSound(se_battle_007_attack_hit_01)"},{"time":0.1,"name":"Event1","string":"movePosition_Target(0.17,100,0)"},{"time":0.1,"name":"Sound1","string":"cri_se_battle_jump"},{"time":0.1,"name":"Sound2","string":"cri_se_battle_charge"},{"time":0.7,"name":"Sound1","string":"cri_se_battle_magic_Invocation_dark"},{"time":1.2666,"name":"Event1","float":0.17,"string":"kHitStopType_normal"},{"time":1.3,"name":"Event1","float":1.5,"string":"shakeGround"},{"time":1.3,"name":"Sound1","string":"cri_se_battle_monster_hit"},{"time":1.3,"name":"Sound2","string":"cri_se_battle_037_explosion_element_05"},{"time":1.3,"name":"Voice","string":"cri_281_voice_skill_all"},{"time":1.3666,"name":"Event1","float":0.08,"string":"kHitStopType_normal"},{"time":1.3666,"name":"HitEvent","string":"resetHitList"},{"time":1.4333,"name":"HitEvent","string":"resetHitList"}]},"skill2":{"slots":{"DAMAGEAREA":{"attachment":[{"time":1.6,"name":"DAMAGEAREA"},{"time":1.8666,"name":null}]},"EF_particle1_1":{"attachment":[{"time":0.5,"name":"EF/ef_particle_main 2/ef_particle_main 2_00001"},{"time":0.5333,"name":"EF/ef_particle_main 2/ef_particle_main 2_00002"},{"time":0.5666,"name":"EF/ef_particle_main 2/ef_particle_main 2_00003"},{"time":0.6,"name":"EF/ef_particle_main 2/ef_particle_main 2_00004"},{"time":0.6333,"name":"EF/ef_particle_main 2/ef_particle_main 2_00005"},{"time":0.6666,"name":"EF/ef_particle_main 2/ef_particle_main 2_00006"},{"time":0.7,"name":"EF/ef_particle_main 2/ef_particle_main 2_00007"},{"time":0.7666,"name":"EF/ef_particle_main 2/ef_particle_main 2_00008"},{"time":0.8333,"name":"EF/ef_particle_main 2/ef_particle_main 2_00009"},{"time":0.9,"name":"EF/ef_particle_main 2/ef_particle_main 2_00010"},{"time":0.9666,"name":"EF/ef_particle_main 2/ef_particle_main 2_00011"},{"time":1.0333,"name":null}]},"EF_rotaura1_1":{"attachment":[{"time":0.5,"name":"EF/ef_rot_aura/ef_rot_aura_main_00001"},{"time":0.5333,"name":"EF/ef_rot_aura/ef_rot_aura_main_00002"},{"time":0.5666,"name":"EF/ef_rot_aura/ef_rot_aura_main_00003"},{"time":0.6,"name":"EF/ef_rot_aura/ef_rot_aura_main_00004"},{"time":0.6333,"name":"EF/ef_rot_aura/ef_rot_aura_main_00005"},{"time":0.6666,"name":"EF/ef_rot_aura/ef_rot_aura_main_00006"},{"time":0.7,"name":"EF/ef_rot_aura/ef_rot_aura_main_00007"},{"time":0.7333,"name":"EF/ef_rot_aura/ef_rot_aura_main_00008"},{"time":0.7666,"name":"EF/ef_rot_aura/ef_rot_aura_main_00009"},{"time":0.8,"name":"EF/ef_rot_aura/ef_rot_aura_main_00010"},{"time":0.8333,"name":"EF/ef_rot_aura/ef_rot_aura_main_00011"},{"time":0.8666,"name":"EF/ef_rot_aura/ef_rot_aura_main_00012"},{"time":0.9,"name":null}]},"EF_rotaura1_2":{"attachment":[{"time":0.5333,"name":"EF/ef_rot_aura/ef_rot_aura_main_00001"},{"time":0.5666,"name":"EF/ef_rot_aura/ef_rot_aura_main_00002"},{"time":0.6,"name":"EF/ef_rot_aura/ef_rot_aura_main_00003"},{"time":0.6333,"name":"EF/ef_rot_aura/ef_rot_aura_main_00004"},{"time":0.6666,"name":"EF/ef_rot_aura/ef_rot_aura_main_00005"},{"time":0.7,"name":"EF/ef_rot_aura/ef_rot_aura_main_00006"},{"time":0.7333,"name":"EF/ef_rot_aura/ef_rot_aura_main_00007"},{"time":0.7666,"name":"EF/ef_rot_aura/ef_rot_aura_main_00008"},{"time":0.8,"name":"EF/ef_rot_aura/ef_rot_aura_main_00009"},{"time":0.8333,"name":"EF/ef_rot_aura/ef_rot_aura_main_00010"},{"time":0.8666,"name":"EF/ef_rot_aura/ef_rot_aura_main_00011"},{"time":0.9,"name":"EF/ef_rot_aura/ef_rot_aura_main_00012"},{"time":0.9333,"name":null}]},"EF_rotwave1_1":{"attachment":[{"time":0,"name":"EF/ef_rot_wave_main/ef_rot_wave_main_00001"},{"time":0.0333,"name":"EF/ef_rot_wave_main/ef_rot_wave_main_00002"},{"time":0.0666,"name":"EF/ef_rot_wave_main/ef_rot_wave_main_00003"},{"time":0.1,"name":"EF/ef_rot_wave_main/ef_rot_wave_main_00004"},{"time":0.1333,"name":"EF/ef_rot_wave_main/ef_rot_wave_main_00005"},{"time":0.1666,"name":"EF/ef_rot_wave_main/ef_rot_wave_main_00006"},{"time":0.2,"name":"EF/ef_rot_wave_main/ef_rot_wave_main_00007"},{"time":0.2333,"name":"EF/ef_rot_wave_main/ef_rot_wave_main_00008"},{"time":0.2666,"name":"EF/ef_rot_wave_main/ef_rot_wave_main_00009"},{"time":0.3,"name":"EF/ef_rot_wave_main/ef_rot_wave_main_00010"},{"time":0.3333,"name":"EF/ef_rot_wave_main/ef_rot_wave_main_00011"},{"time":0.3666,"name":"EF/ef_rot_wave_main/ef_rot_wave_main_00012"},{"time":0.4,"name":"EF/ef_rot_wave_main/ef_rot_wave_main_00013"},{"time":0.4333,"name":"EF/ef_rot_wave_main/ef_rot_wave_main_00014"},{"time":0.4666,"name":"EF/ef_rot_wave_main/ef_rot_wave_main_00015"},{"time":0.5,"name":null}]},"EF_rotwave1_2":{"attachment":[{"time":0.5,"name":"EF/ef_rot_wave_main/ef_rot_wave_main_00015"},{"time":0.5333,"name":"EF/ef_rot_wave_main/ef_rot_wave_main_00014"},{"time":0.5666,"name":"EF/ef_rot_wave_main/ef_rot_wave_main_00013"},{"time":0.6,"name":"EF/ef_rot_wave_main/ef_rot_wave_main_00012"},{"time":0.6333,"name":"EF/ef_rot_wave_main/ef_rot_wave_main_00011"},{"time":0.6666,"name":"EF/ef_rot_wave_main/ef_rot_wave_main_00010"},{"time":0.7,"name":"EF/ef_rot_wave_main/ef_rot_wave_main_00009"},{"time":0.7333,"name":"EF/ef_rot_wave_main/ef_rot_wave_main_00008"},{"time":0.7666,"name":"EF/ef_rot_wave_main/ef_rot_wave_main_00007"},{"time":0.8,"name":"EF/ef_rot_wave_main/ef_rot_wave_main_00006"},{"time":0.8333,"name":"EF/ef_rot_wave_main/ef_rot_wave_main_00005"},{"time":0.8666,"name":"EF/ef_rot_wave_main/ef_rot_wave_main_00004"},{"time":0.9,"name":"EF/ef_rot_wave_main/ef_rot_wave_main_00003"},{"time":0.9333,"name":"EF/ef_rot_wave_main/ef_rot_wave_main_00002"},{"time":0.9666,"name":"EF/ef_rot_wave_main/ef_rot_wave_main_00001"},{"time":1,"name":null}]},"EF_slash2_1":{"attachment":[{"time":1.5666,"name":"EF/ef_slash_B_main/ef_slash_B_main_00001"},{"time":1.6,"name":"EF/ef_slash_B_main/ef_slash_B_main_00002"},{"time":1.6333,"name":"EF/ef_slash_B_main/ef_slash_B_main_00003"},{"time":1.6666,"name":"EF/ef_slash_B_main/ef_slash_B_main_00004"},{"time":1.7,"name":"EF/ef_slash_B_main/ef_slash_B_main_00005"},{"time":1.7333,"name":"EF/ef_slash_B_main/ef_slash_B_main_00006"},{"time":1.7666,"name":"EF/ef_slash_B_main/ef_slash_B_main_00007"},{"time":1.8,"name":"EF/ef_slash_B_main/ef_slash_B_main_00008"},{"time":1.8333,"name":"EF/ef_slash_B_main/ef_slash_B_main_00009"},{"time":1.8666,"name":"EF/ef_slash_B_main/ef_slash_B_main_00010"},{"time":1.9,"name":null}]},"EF_swordaura1_1":{"attachment":[{"time":1.0333,"name":"EF/ef_sword_ray_main/ef_sword_ray_main_00001"},{"time":1.0666,"name":"EF/ef_sword_ray_main/ef_sword_ray_main_00002"},{"time":1.1,"name":"EF/ef_sword_ray_main/ef_sword_ray_main_00003"},{"time":1.1333,"name":"EF/ef_sword_ray_main/ef_sword_ray_main_00004"},{"time":1.1666,"name":"EF/ef_sword_ray_main/ef_sword_ray_main_00005"},{"time":1.2,"name":"EF/ef_sword_ray_main/ef_sword_ray_main_00006"},{"time":1.2333,"name":"EF/ef_sword_ray_main/ef_sword_ray_main_00007"},{"time":1.2666,"name":"EF/ef_sword_ray_main/ef_sword_ray_main_00008"},{"time":1.3,"name":"EF/ef_sword_ray_main/ef_sword_ray_main_00009"},{"time":1.3333,"name":"EF/ef_sword_ray_main/ef_sword_ray_main_00010"},{"time":1.3666,"name":"EF/ef_sword_ray_main/ef_sword_ray_main_00011"},{"time":1.4,"name":"EF/ef_sword_ray_main/ef_sword_ray_main_00012"},{"time":1.4333,"name":"EF/ef_sword_ray_main/ef_sword_ray_main_00013"},{"time":1.4666,"name":"EF/ef_sword_ray_main/ef_sword_ray_main_00014"},{"time":1.5,"name":"EF/ef_sword_ray_main/ef_sword_ray_main_00001"},{"time":1.5333,"name":"EF/ef_sword_ray_main/ef_sword_ray_main_00002"},{"time":1.5666,"name":"EF/ef_sword_ray_main/ef_sword_ray_main_00003"},{"time":1.6,"name":null}]},"EF_wave1_1":{"attachment":[{"time":1.5666,"name":"EF/ef_graund_wave_purple/ef_graund_wave_purple_00002"},{"time":1.6,"name":"EF/ef_graund_wave_purple/ef_graund_wave_purple_00003"},{"time":1.6333,"name":"EF/ef_graund_wave_purple/ef_graund_wave_purple_00004"},{"time":1.6666,"name":"EF/ef_graund_wave_purple/ef_graund_wave_purple_00005"},{"time":1.7,"name":"EF/ef_graund_wave_purple/ef_graund_wave_purple_00006"},{"time":1.7333,"name":"EF/ef_graund_wave_purple/ef_graund_wave_purple_00007"},{"time":1.7666,"name":"EF/ef_graund_wave_purple/ef_graund_wave_purple_00008"},{"time":1.8,"name":"EF/ef_graund_wave_purple/ef_graund_wave_purple_00009"},{"time":1.8333,"name":"EF/ef_graund_wave_purple/ef_graund_wave_purple_00010"},{"time":1.8666,"name":"EF/ef_graund_wave_purple/ef_graund_wave_purple_00011"},{"time":1.9,"name":"EF/ef_graund_wave_purple/ef_graund_wave_purple_00012"},{"time":1.9333,"name":null}]},"MAIN":{"attachment":[{"time":0,"name":"idle_00"},{"time":0.1,"name":"attack1_01"},{"time":0.2,"name":"attack1_03"},{"time":0.5,"name":"skill2_09"},{"time":0.5666,"name":"skill2_10"},{"time":1,"name":"skill2_03"},{"time":1.1,"name":"skill2_04"},{"time":1.2,"name":"skill2_05"},{"time":1.5666,"name":"skill2_06"},{"time":1.6,"name":"skill2_07"},{"time":1.7,"name":"skill2_08"},{"time":2.2333,"name":"idle_04"},{"time":2.3333,"name":"idle_00"}]}},"bones":{"MAIN":{"translate":[{"time":0,"x":0,"y":0,"curve":"stepped"},{"time":0.5,"x":-28.23,"y":7.77,"curve":"stepped"},{"time":1,"x":-5.78,"y":7.77,"curve":[0.131,0.76,0.75,1]},{"time":1.3333,"x":-1.91,"y":7.77,"curve":"stepped"},{"time":1.5666,"x":-1.91,"y":7.77,"curve":[0.131,0.76,0.75,1]},{"time":1.7,"x":-6.55,"y":7.77,"curve":"stepped"},{"time":2.2333,"x":-6.55,"y":0}]},"EF_rotwave1_1":{"translate":[{"time":0,"x":-298.5,"y":0}],"scale":[{"time":0,"x":2,"y":2}]},"EF_rotaura1_1":{"translate":[{"time":0.5,"x":-269.65,"y":0}],"scale":[{"time":0.5,"x":2,"y":2}]},"EF_rotaura1_2":{"translate":[{"time":0.5333,"x":-269.65,"y":0}],"scale":[{"time":0.5333,"x":-2,"y":2}]},"EF_rotwave1_2":{"translate":[{"time":0.5,"x":-321.72,"y":0}],"scale":[{"time":0.5,"x":3,"y":3}]},"EF_particle1_1":{"translate":[{"time":0.5,"x":-131.21,"y":117.61}],"scale":[{"time":0.5,"x":3.031,"y":3.031}]},"EF_swordaura1_1":{"rotate":[{"time":1.0333,"angle":110.2,"curve":"stepped"},{"time":1.1,"angle":75.72,"curve":"stepped"},{"time":1.2,"angle":34.46,"curve":"stepped"},{"time":1.5666,"angle":77.86}],"translate":[{"time":1.0333,"x":-295.9,"y":35.65,"curve":"stepped"},{"time":1.1,"x":-249.04,"y":81.64,"curve":"stepped"},{"time":1.2,"x":-199.58,"y":79.9,"curve":"stepped"},{"time":1.5666,"x":-324.53,"y":34.78}],"scale":[{"time":1.0333,"x":2,"y":2}]},"EF_wave1_1":{"translate":[{"time":1.5666,"x":-208.04,"y":0}],"scale":[{"time":1.5666,"x":3,"y":3,"curve":[0.159,0.62,0.391,0.87]},{"time":1.9,"x":5,"y":5}]},"EF_slash2_1":{"translate":[{"time":1.5666,"x":-400.66,"y":56.14}],"scale":[{"time":1.5666,"x":3.359,"y":3.359}]},"DAMAGEAREA":{"translate":[{"time":1.6,"x":-140.84,"y":66.27,"curve":[0.148,0.49,0.472,1]},{"time":1.8333,"x":-351.36,"y":66.27}],"scale":[{"time":1.6,"x":7.633,"y":4.397,"curve":[0.053,0.38,0.646,0.99]},{"time":1.8333,"x":13.689,"y":4.397}]}},"events":[{"time":0,"name":"Sound1","string":"cri_se_battle_charge"},{"time":0,"name":"Sound3","string":"setHitSound(se_battle_007_attack_hit_01)"},{"time":0,"name":"Voice","string":"cri_281_voice_fullarts_now"},{"time":0.5,"name":"Event1","string":"addOrbitSystemCamera_ShieldBuff_center"},{"time":0.5,"name":"Sound1","string":"cri_se_battle_037_explosion_element_05"},{"time":0.9666,"name":"Event1"},{"time":0.9666,"name":"HitEvent","string":"setHitEffect(hit02e, 0)"},{"time":1.5333,"name":"Event1","string":"setHitBackEnemy(55,0)"},{"time":1.5333,"name":"Sound1","string":"cri_se_battle_skill_swish"},{"time":1.5333,"name":"Sound2","string":"cri_se_battle_arrow_light_effect"},{"time":1.5666,"name":"Event1","string":"kHitStopType_normal"},{"time":1.5666,"name":"Voice","string":"cri_281_voice_fullarts_rank5"},{"time":1.6,"name":"Event1","string":"setHitStopTime(0.15,0.4)"},{"time":1.6666,"name":"Event1","string":"setHitStopTime(0.02,0.4)"},{"time":1.6666,"name":"HitEvent","string":"resetHitList"},{"time":1.7333,"name":"HitEvent","string":"resetHitList"},{"time":1.8,"name":"HitEvent","string":"resetHitList"}]}}}