{"skeleton":{"hash":"+1OY6SoKHxRnO3E4aXgM6Jaxj48","spine":"3.0.12","width":0,"height":0},"bones":[{"name":"root"},{"name":"MAIN","parent":"root","y":70}],"slots":[{"name":"MAIN","bone":"MAIN","attachment":"idle_00"}],"skins":{"default":{"MAIN":{"idle_00":{"x":14.62,"y":8.71,"width":512,"height":512},"idle_01":{"x":14.62,"y":8.71,"width":512,"height":512},"idle_02":{"x":14.62,"y":8.71,"width":512,"height":512},"idle_03":{"x":14.62,"y":8.71,"width":512,"height":512},"idle_04":{"x":14.62,"y":8.71,"width":512,"height":512},"idle_05":{"x":14.62,"y":8.71,"width":512,"height":512}}}},"events":{"Events":{},"Hit":{}},"animations":{"idle":{"slots":{"MAIN":{"attachment":[{"time":0,"name":"idle_00"},{"time":0.2333,"name":"idle_01"},{"time":0.4333,"name":"idle_02"},{"time":0.6666,"name":"idle_03"},{"time":0.9,"name":"idle_04"},{"time":1.1,"name":"idle_05"},{"time":1.3333,"name":"idle_00"}]}},"bones":{"MAIN":{"translate":[{"time":0,"x":0,"y":0}]}}}}}