{"skeleton":{"hash":"EMuaz2iDCR1rfhBCsdHiOGzi/+U","spine":"3.0.12","width":0,"height":0},"bones":[{"name":"root"},{"name":"EF/950_S2_dome2/950_S2_dome2_00003","parent":"root"},{"name":"EF/9020_wind4/9020_wind4_00006","parent":"root"},{"name":"EF/9020_wind2/9020_wind2_00003","parent":"root"},{"name":"EF/690_S2_rock2/690_S2_rock2_00002","parent":"root"},{"name":"EF/690_S2_rock2/690_S2_rock2_2","parent":"root"},{"name":"EF/690_S2_rock1/690_S2_rock1_00001","parent":"root"},{"name":"EF/130_S1_wing1/130_S1_wing1_00041","parent":"root"},{"name":"EF/1070_S2_wave1/1070_S2_wave1_00003","parent":"root"},{"name":"EF/1070_S2_dome1/1070_S2_dome1_00002","parent":"root"},{"name":"EF/1070_S1_ex1/1070_S1_ex1_00001","parent":"root"}],"slots":[{"name":"EF/1070_S1_ex1/1070_S1_ex1_00002","bone":"EF/1070_S1_ex1/1070_S1_ex1_00001","blend":"additive"},{"name":"EF/1070_S2_dome1/1070_S2_dome1_00003","bone":"EF/1070_S2_dome1/1070_S2_dome1_00002","blend":"additive"},{"name":"EF/1070_S2_wave1/1070_S2_wave1_00005","bone":"EF/1070_S2_wave1/1070_S2_wave1_00003","blend":"additive"},{"name":"EF/130_S1_wing1/130_S1_wing1_00041","bone":"EF/130_S1_wing1/130_S1_wing1_00041","blend":"additive"},{"name":"EF/690_S2_rock1/690_S2_rock1_00003","bone":"EF/690_S2_rock1/690_S2_rock1_00001"},{"name":"EF/690_S2_rock2/690_S2_rock2_00005","bone":"EF/690_S2_rock2/690_S2_rock2_00002"},{"name":"EF/690_S2_rock2/690_S2_rock2_5","bone":"EF/690_S2_rock2/690_S2_rock2_2"},{"name":"EF/9020_wind2/9020_wind2_00023","bone":"EF/9020_wind2/9020_wind2_00003","blend":"additive"},{"name":"EF/9020_wind4/9020_wind4_00005","bone":"EF/9020_wind4/9020_wind4_00006","blend":"additive"},{"name":"EF/950_S2_dome2/950_S2_dome2_00002","bone":"EF/950_S2_dome2/950_S2_dome2_00003","blend":"additive"}],"skins":{"default":{"EF/1070_S1_ex1/1070_S1_ex1_00002":{"EF/1070_S1_ex1/1070_S1_ex1_00004":{"y":14.1,"width":200,"height":200},"EF/1070_S1_ex1/1070_S1_ex1_00005":{"y":14.1,"width":200,"height":200},"EF/1070_S1_ex1/1070_S1_ex1_00007":{"y":14.1,"width":200,"height":200},"EF/1070_S1_ex1/1070_S1_ex1_00009":{"y":14.1,"width":200,"height":200}},"EF/1070_S2_dome1/1070_S2_dome1_00003":{"EF/1070_S2_dome1/1070_S2_dome1_00002":{"y":16.84,"width":300,"height":300},"EF/1070_S2_dome1/1070_S2_dome1_00003":{"y":16.83,"width":300,"height":300},"EF/1070_S2_dome1/1070_S2_dome1_00004":{"y":16.83,"width":300,"height":300},"EF/1070_S2_dome1/1070_S2_dome1_00005":{"y":16.83,"width":300,"height":300},"EF/1070_S2_dome1/1070_S2_dome1_00006":{"y":16.83,"width":300,"height":300},"EF/1070_S2_dome1/1070_S2_dome1_00008":{"y":16.83,"width":300,"height":300},"EF/1070_S2_dome1/1070_S2_dome1_00010":{"y":16.83,"width":300,"height":300},"EF/1070_S2_dome1/1070_S2_dome1_00012":{"y":16.83,"width":300,"height":300},"EF/1070_S2_dome1/1070_S2_dome1_00013":{"y":16.83,"width":300,"height":300}},"EF/1070_S2_wave1/1070_S2_wave1_00005":{"EF/1070_S2_wave1/1070_S2_wave1_00003":{"width":375,"height":375},"EF/1070_S2_wave1/1070_S2_wave1_00005":{"width":375,"height":375},"EF/1070_S2_wave1/1070_S2_wave1_00007":{"width":375,"height":375},"EF/1070_S2_wave1/1070_S2_wave1_00009":{"width":375,"height":375}},"EF/130_S1_wing1/130_S1_wing1_00041":{"EF/130_S1_wing1/130_S1_wing1_00041":{"y":41.85,"width":360,"height":360},"EF/130_S1_wing1/130_S1_wing1_00043":{"y":41.85,"width":360,"height":360},"EF/130_S1_wing1/130_S1_wing1_00047":{"y":41.85,"width":360,"height":360},"EF/130_S1_wing1/130_S1_wing1_00050":{"y":41.85,"width":360,"height":360},"EF/130_S1_wing1/130_S1_wing1_00053":{"y":41.85,"width":360,"height":360},"EF/130_S1_wing1/130_S1_wing1_00056":{"y":41.85,"width":360,"height":360},"EF/130_S1_wing1/130_S1_wing1_00058":{"y":41.85,"width":360,"height":360},"EF/130_S1_wing1/130_S1_wing1_00061":{"y":41.85,"width":360,"height":360},"EF/130_S1_wing1/130_S1_wing1_00062":{"y":41.85,"width":360,"height":360},"EF/130_S1_wing1/130_S1_wing1_00063":{"y":41.85,"width":360,"height":360}},"EF/690_S2_rock1/690_S2_rock1_00003":{"EF/690_S2_rock1/690_S2_rock1_00001":{"y":57.78,"width":150,"height":150},"EF/690_S2_rock1/690_S2_rock1_00003":{"y":57.78,"width":150,"height":150},"EF/690_S2_rock1/690_S2_rock1_00005":{"y":57.78,"width":150,"height":150}},"EF/690_S2_rock2/690_S2_rock2_00005":{"EF/690_S2_rock2/690_S2_rock2_00005":{"width":225,"height":225}},"EF/690_S2_rock2/690_S2_rock2_5":{"EF/690_S2_rock2/690_S2_rock2_00005":{"width":225,"height":225}},"EF/9020_wind2/9020_wind2_00023":{"EF/9020_wind2/9020_wind2_00023":{"width":101,"height":101},"EF/9020_wind2/9020_wind2_00024":{"width":101,"height":101},"EF/9020_wind2/9020_wind2_00025":{"width":101,"height":101}},"EF/9020_wind4/9020_wind4_00005":{"EF/9020_wind4/9020_wind4_00005":{"width":19,"height":34},"EF/9020_wind4/9020_wind4_00006":{"width":19,"height":34},"EF/9020_wind4/9020_wind4_00007":{"width":19,"height":34}},"EF/950_S2_dome2/950_S2_dome2_00002":{"EF/950_S2_dome2/950_S2_dome2_00003":{"y":48.68,"width":375,"height":375},"EF/950_S2_dome2/950_S2_dome2_00004":{"y":48.68,"width":375,"height":375},"EF/950_S2_dome2/950_S2_dome2_00005":{"y":48.68,"width":375,"height":375},"EF/950_S2_dome2/950_S2_dome2_00006":{"y":48.68,"width":375,"height":375},"EF/950_S2_dome2/950_S2_dome2_00007":{"y":48.68,"width":375,"height":375},"EF/950_S2_dome2/950_S2_dome2_00010":{"y":48.68,"width":375,"height":375},"EF/950_S2_dome2/950_S2_dome2_00012":{"y":48.68,"width":375,"height":375},"EF/950_S2_dome2/950_S2_dome2_00013":{"y":48.68,"width":375,"height":375}}}},"animations":{"1-attack1":{},"1-skill1":{"slots":{"EF/1070_S1_ex1/1070_S1_ex1_00002":{"attachment":[{"time":1,"name":"EF/1070_S1_ex1/1070_S1_ex1_00004"},{"time":1.0333,"name":"EF/1070_S1_ex1/1070_S1_ex1_00005"},{"time":1.1,"name":"EF/1070_S1_ex1/1070_S1_ex1_00007"},{"time":1.1666,"name":"EF/1070_S1_ex1/1070_S1_ex1_00009"},{"time":1.3333,"name":null}],"color":[{"time":1,"color":"ffffff56","curve":"stepped"},{"time":1.1333,"color":"fffffff3"},{"time":1.3666,"color":"ffffff0c"}]},"EF/690_S2_rock1/690_S2_rock1_00003":{"attachment":[{"time":1,"name":"EF/690_S2_rock1/690_S2_rock1_00001"},{"time":1.0666,"name":"EF/690_S2_rock1/690_S2_rock1_00003"},{"time":1.1333,"name":"EF/690_S2_rock1/690_S2_rock1_00005"},{"time":1.2,"name":"EF/690_S2_rock1/690_S2_rock1_00001"},{"time":1.2666,"name":"EF/690_S2_rock1/690_S2_rock1_00003"},{"time":1.3333,"name":"EF/690_S2_rock1/690_S2_rock1_00005"},{"time":1.5666,"name":null}],"color":[{"time":1.1333,"color":"fffffff5"},{"time":1.1666,"color":"ffffff09"},{"time":1.2,"color":"ffffffff"},{"time":1.2333,"color":"fffffff5"},{"time":1.3666,"color":"ffffff09"}]}},"bones":{"EF/1070_S1_ex1/1070_S1_ex1_00001":{"translate":[{"time":1,"x":-96.33,"y":0}],"scale":[{"time":1,"x":1.2,"y":1.2,"curve":"stepped"},{"time":1.1333,"x":1.2,"y":1.2},{"time":1.2666,"x":1.6,"y":1.8}]},"EF/690_S2_rock1/690_S2_rock1_00001":{"translate":[{"time":1,"x":-95.84,"y":0,"curve":"stepped"},{"time":1.2,"x":-95.84,"y":0}],"scale":[{"time":1,"x":1.7,"y":1.7}]}}},"1-skill2":{"slots":{"EF/1070_S2_dome1/1070_S2_dome1_00003":{"attachment":[{"time":1.2666,"name":"EF/1070_S2_dome1/1070_S2_dome1_00003"},{"time":1.3,"name":"EF/1070_S2_dome1/1070_S2_dome1_00002"},{"time":1.3666,"name":"EF/1070_S2_dome1/1070_S2_dome1_00003"},{"time":1.4333,"name":"EF/1070_S2_dome1/1070_S2_dome1_00004"},{"time":1.4666,"name":"EF/1070_S2_dome1/1070_S2_dome1_00005"},{"time":1.5,"name":"EF/1070_S2_dome1/1070_S2_dome1_00006"},{"time":1.5333,"name":"EF/1070_S2_dome1/1070_S2_dome1_00006"},{"time":1.5666,"name":"EF/1070_S2_dome1/1070_S2_dome1_00008"},{"time":1.6666,"name":"EF/1070_S2_dome1/1070_S2_dome1_00010"},{"time":1.7,"name":"EF/1070_S2_dome1/1070_S2_dome1_00012"},{"time":1.8,"name":"EF/1070_S2_dome1/1070_S2_dome1_00013"},{"time":1.9,"name":"EF/1070_S2_dome1/1070_S2_dome1_00013"},{"time":2.0666,"name":null}],"color":[{"time":1.7333,"color":"fffffff4"},{"time":2.0333,"color":"ffffff18"}]},"EF/1070_S2_wave1/1070_S2_wave1_00005":{"attachment":[{"time":1.3333,"name":"EF/1070_S2_wave1/1070_S2_wave1_00003"},{"time":1.4,"name":"EF/1070_S2_wave1/1070_S2_wave1_00005"},{"time":1.4666,"name":"EF/1070_S2_wave1/1070_S2_wave1_00007"},{"time":1.5333,"name":"EF/1070_S2_wave1/1070_S2_wave1_00009"},{"time":1.7333,"name":null}],"color":[{"time":1.5,"color":"fffffff8"},{"time":1.6,"color":"ffffff0c"}]},"EF/9020_wind2/9020_wind2_00023":{"attachment":[{"time":1.2666,"name":"EF/9020_wind2/9020_wind2_00023"},{"time":1.3333,"name":"EF/9020_wind2/9020_wind2_00024"},{"time":1.4,"name":"EF/9020_wind2/9020_wind2_00025"},{"time":1.4666,"name":"EF/9020_wind2/9020_wind2_00023"},{"time":1.5333,"name":"EF/9020_wind2/9020_wind2_00024"},{"time":1.6,"name":"EF/9020_wind2/9020_wind2_00025"},{"time":1.6666,"name":"EF/9020_wind2/9020_wind2_00023"},{"time":1.7333,"name":"EF/9020_wind2/9020_wind2_00024"},{"time":1.8,"name":"EF/9020_wind2/9020_wind2_00025"},{"time":1.8666,"name":"EF/9020_wind2/9020_wind2_00023"},{"time":1.9333,"name":"EF/9020_wind2/9020_wind2_00024"},{"time":2,"name":null}]},"EF/950_S2_dome2/950_S2_dome2_00002":{"attachment":[{"time":1.3666,"name":"EF/950_S2_dome2/950_S2_dome2_00004"},{"time":1.4333,"name":"EF/950_S2_dome2/950_S2_dome2_00005"},{"time":1.5,"name":"EF/950_S2_dome2/950_S2_dome2_00006"},{"time":1.5666,"name":"EF/950_S2_dome2/950_S2_dome2_00007"},{"time":1.6333,"name":"EF/950_S2_dome2/950_S2_dome2_00003"},{"time":1.7,"name":"EF/950_S2_dome2/950_S2_dome2_00004"},{"time":1.7666,"name":"EF/950_S2_dome2/950_S2_dome2_00005"},{"time":1.8333,"name":"EF/950_S2_dome2/950_S2_dome2_00006"},{"time":1.9,"name":"EF/950_S2_dome2/950_S2_dome2_00007"},{"time":1.9666,"name":"EF/950_S2_dome2/950_S2_dome2_00010"},{"time":2.0333,"name":"EF/950_S2_dome2/950_S2_dome2_00012"},{"time":2.0666,"name":null},{"time":2.1333,"name":null}],"color":[{"time":1.7333,"color":"ffffffd8"},{"time":2.0333,"color":"ffffff1d"}]}},"bones":{"EF/1070_S2_dome1/1070_S2_dome1_00002":{"translate":[{"time":1.2666,"x":0,"y":1.69},{"time":1.3333,"x":0,"y":18.04}],"scale":[{"time":1.2666,"x":0.1,"y":0.1},{"time":1.3333,"x":2.4,"y":2.4}]},"EF/950_S2_dome2/950_S2_dome2_00003":{"translate":[{"time":1.2666,"x":0,"y":0,"curve":"stepped"},{"time":1.3666,"x":0,"y":-43.42}],"scale":[{"time":1.3666,"x":1.9,"y":1.9}]},"EF/9020_wind2/9020_wind2_00003":{"translate":[{"time":1.2666,"x":0,"y":74.86}],"scale":[{"time":1.2666,"x":12.608,"y":12.608}]},"EF/1070_S2_wave1/1070_S2_wave1_00003":{"translate":[{"time":1.3333,"x":0,"y":118.06}],"scale":[{"time":1.3333,"x":2,"y":2},{"time":1.3666,"x":5.4,"y":5.4,"curve":"stepped"},{"time":1.4,"x":4.2,"y":4.2,"curve":"stepped"},{"time":1.4333,"x":5.2,"y":5.2,"curve":"stepped"},{"time":1.4666,"x":3.9,"y":3.9,"curve":"stepped"},{"time":1.5,"x":4.6,"y":4.6,"curve":"stepped"},{"time":1.5333,"x":4.7,"y":4.7,"curve":"stepped"},{"time":1.6,"x":6.7,"y":6.7}]}}},"1-skill2-original":{"slots":{"EF/1070_S2_dome1/1070_S2_dome1_00003":{"attachment":[{"time":1.2666,"name":"EF/1070_S2_dome1/1070_S2_dome1_00003"},{"time":1.3,"name":"EF/1070_S2_dome1/1070_S2_dome1_00002"},{"time":1.3666,"name":"EF/1070_S2_dome1/1070_S2_dome1_00003"},{"time":1.4333,"name":"EF/1070_S2_dome1/1070_S2_dome1_00004"},{"time":1.4666,"name":"EF/1070_S2_dome1/1070_S2_dome1_00005"},{"time":1.5,"name":"EF/1070_S2_dome1/1070_S2_dome1_00006"},{"time":1.5333,"name":"EF/1070_S2_dome1/1070_S2_dome1_00006"},{"time":1.5666,"name":"EF/1070_S2_dome1/1070_S2_dome1_00008"},{"time":1.6666,"name":"EF/1070_S2_dome1/1070_S2_dome1_00010"},{"time":1.7,"name":"EF/1070_S2_dome1/1070_S2_dome1_00012"},{"time":1.8,"name":"EF/1070_S2_dome1/1070_S2_dome1_00013"},{"time":1.9,"name":"EF/1070_S2_dome1/1070_S2_dome1_00013"},{"time":2.0666,"name":null}],"color":[{"time":1.7333,"color":"fffffff4"},{"time":2.0333,"color":"ffffff18"}]},"EF/1070_S2_wave1/1070_S2_wave1_00005":{"attachment":[{"time":1.3333,"name":"EF/1070_S2_wave1/1070_S2_wave1_00003"},{"time":1.4,"name":"EF/1070_S2_wave1/1070_S2_wave1_00005"},{"time":1.4666,"name":"EF/1070_S2_wave1/1070_S2_wave1_00007"},{"time":1.5333,"name":"EF/1070_S2_wave1/1070_S2_wave1_00009"},{"time":1.6333,"name":"EF/1070_S2_wave1/1070_S2_wave1_00003"},{"time":1.7,"name":"EF/1070_S2_wave1/1070_S2_wave1_00005"},{"time":1.7666,"name":"EF/1070_S2_wave1/1070_S2_wave1_00007"},{"time":1.8333,"name":"EF/1070_S2_wave1/1070_S2_wave1_00009"},{"time":2.0666,"name":null}],"color":[{"time":1.5,"color":"fffffff8"},{"time":1.6,"color":"ffffff0c","curve":"stepped"},{"time":1.6333,"color":"ffffffff","curve":"stepped"},{"time":1.8,"color":"fffffff8"},{"time":1.9,"color":"ffffff0c"}]},"EF/690_S2_rock2/690_S2_rock2_5":{"attachment":[{"time":1.3666,"name":"EF/690_S2_rock2/690_S2_rock2_00005"},{"time":2.0666,"name":null}]},"EF/690_S2_rock2/690_S2_rock2_00005":{"attachment":[{"time":1.3666,"name":"EF/690_S2_rock2/690_S2_rock2_00005"},{"time":2.0666,"name":null}]},"EF/9020_wind2/9020_wind2_00023":{"attachment":[{"time":1.2666,"name":"EF/9020_wind2/9020_wind2_00023"},{"time":1.3333,"name":"EF/9020_wind2/9020_wind2_00024"},{"time":1.4,"name":"EF/9020_wind2/9020_wind2_00025"},{"time":1.4666,"name":"EF/9020_wind2/9020_wind2_00023"},{"time":1.5333,"name":"EF/9020_wind2/9020_wind2_00024"},{"time":1.6,"name":"EF/9020_wind2/9020_wind2_00025"},{"time":1.6666,"name":"EF/9020_wind2/9020_wind2_00023"},{"time":1.7333,"name":"EF/9020_wind2/9020_wind2_00024"},{"time":1.8,"name":"EF/9020_wind2/9020_wind2_00025"},{"time":1.8666,"name":"EF/9020_wind2/9020_wind2_00023"},{"time":1.9333,"name":"EF/9020_wind2/9020_wind2_00024"},{"time":2,"name":null}]},"EF/9020_wind4/9020_wind4_00005":{"attachment":[{"time":1.2666,"name":"EF/9020_wind4/9020_wind4_00005"},{"time":1.3333,"name":"EF/9020_wind4/9020_wind4_00007"},{"time":1.4,"name":"EF/9020_wind4/9020_wind4_00006"},{"time":1.4666,"name":"EF/9020_wind4/9020_wind4_00005"},{"time":1.5333,"name":"EF/9020_wind4/9020_wind4_00007"},{"time":1.6,"name":"EF/9020_wind4/9020_wind4_00006"},{"time":1.6666,"name":"EF/9020_wind4/9020_wind4_00005"},{"time":1.7333,"name":"EF/9020_wind4/9020_wind4_00007"},{"time":1.8,"name":"EF/9020_wind4/9020_wind4_00006"},{"time":1.8666,"name":"EF/9020_wind4/9020_wind4_00005"},{"time":1.9333,"name":"EF/9020_wind4/9020_wind4_00007"},{"time":2,"name":null}],"color":[{"time":1.2666,"color":"ffffff91"}]},"EF/950_S2_dome2/950_S2_dome2_00002":{"attachment":[{"time":1.3666,"name":"EF/950_S2_dome2/950_S2_dome2_00004"},{"time":1.4333,"name":"EF/950_S2_dome2/950_S2_dome2_00005"},{"time":1.5,"name":"EF/950_S2_dome2/950_S2_dome2_00006"},{"time":1.5666,"name":"EF/950_S2_dome2/950_S2_dome2_00007"},{"time":1.6333,"name":"EF/950_S2_dome2/950_S2_dome2_00003"},{"time":1.7,"name":"EF/950_S2_dome2/950_S2_dome2_00004"},{"time":1.7666,"name":"EF/950_S2_dome2/950_S2_dome2_00005"},{"time":1.8333,"name":"EF/950_S2_dome2/950_S2_dome2_00006"},{"time":1.9,"name":"EF/950_S2_dome2/950_S2_dome2_00007"},{"time":1.9666,"name":"EF/950_S2_dome2/950_S2_dome2_00010"},{"time":2.0333,"name":"EF/950_S2_dome2/950_S2_dome2_00012"},{"time":2.0666,"name":null},{"time":2.1333,"name":null}],"color":[{"time":1.7333,"color":"ffffffd8"},{"time":2.0333,"color":"ffffff1d"}]}},"bones":{"EF/1070_S2_dome1/1070_S2_dome1_00002":{"translate":[{"time":1.2666,"x":0,"y":1.69},{"time":1.3333,"x":0,"y":18.04}],"scale":[{"time":1.2666,"x":0.604,"y":0.604},{"time":1.3333,"x":2.865,"y":2.865}]},"EF/950_S2_dome2/950_S2_dome2_00003":{"translate":[{"time":1.2666,"x":0,"y":0,"curve":"stepped"},{"time":1.3666,"x":0,"y":-43.42}],"scale":[{"time":1.3666,"x":2.226,"y":2.226}]},"EF/690_S2_rock2/690_S2_rock2_2":{"translate":[{"time":1.3666,"x":0,"y":-1627.83},{"time":1.8666,"x":0,"y":1690.23}],"scale":[{"time":1.3666,"x":3.517,"y":3.517}]},"EF/690_S2_rock2/690_S2_rock2_00002":{"translate":[{"time":1.3666,"x":0,"y":-935.86},{"time":1.8666,"x":0,"y":2287.45}],"scale":[{"time":1.3666,"x":3.517,"y":3.517}]},"EF/9020_wind2/9020_wind2_00003":{"translate":[{"time":1.2666,"x":0,"y":74.86}],"scale":[{"time":1.2666,"x":12.608,"y":12.608}]},"EF/9020_wind4/9020_wind4_00006":{"translate":[{"time":1.2666,"x":0,"y":1.59}],"scale":[{"time":1.2666,"x":33.685,"y":33.685}]},"EF/1070_S2_wave1/1070_S2_wave1_00003":{"translate":[{"time":1.3333,"x":0,"y":118.06}],"scale":[{"time":1.3333,"x":2.736,"y":2.736},{"time":1.3666,"x":6.17,"y":6.17,"curve":"stepped"},{"time":1.4,"x":4.957,"y":4.957,"curve":"stepped"},{"time":1.4333,"x":6.006,"y":6.006,"curve":"stepped"},{"time":1.4666,"x":4.677,"y":4.677,"curve":"stepped"},{"time":1.5,"x":5.334,"y":5.334,"curve":"stepped"},{"time":1.5333,"x":5.453,"y":5.453,"curve":"stepped"},{"time":1.6,"x":7.574,"y":7.574,"curve":"stepped"},{"time":1.6333,"x":2.736,"y":2.736},{"time":1.6666,"x":6.17,"y":6.17,"curve":"stepped"},{"time":1.7,"x":4.957,"y":4.957,"curve":"stepped"},{"time":1.7333,"x":6.006,"y":6.006,"curve":"stepped"},{"time":1.7666,"x":4.677,"y":4.677,"curve":"stepped"},{"time":1.8,"x":5.294,"y":5.294,"curve":"stepped"},{"time":1.8333,"x":5.453,"y":5.453,"curve":"stepped"},{"time":1.9,"x":7.574,"y":7.574}]}}},"2-skill1":{"slots":{"EF/1070_S1_ex1/1070_S1_ex1_00002":{"attachment":[{"time":1,"name":"EF/1070_S1_ex1/1070_S1_ex1_00004"},{"time":1.0333,"name":"EF/1070_S1_ex1/1070_S1_ex1_00005"},{"time":1.1,"name":"EF/1070_S1_ex1/1070_S1_ex1_00007"},{"time":1.1666,"name":"EF/1070_S1_ex1/1070_S1_ex1_00009"},{"time":1.3333,"name":null}],"color":[{"time":1,"color":"ffffff56","curve":"stepped"},{"time":1.1333,"color":"fffffff3"},{"time":1.3666,"color":"ffffff0c"}]},"EF/130_S1_wing1/130_S1_wing1_00041":{"attachment":[{"time":1,"name":"EF/130_S1_wing1/130_S1_wing1_00041"},{"time":1.0333,"name":"EF/130_S1_wing1/130_S1_wing1_00043"},{"time":1.1,"name":"EF/130_S1_wing1/130_S1_wing1_00047"},{"time":1.1333,"name":"EF/130_S1_wing1/130_S1_wing1_00050"},{"time":1.2,"name":"EF/130_S1_wing1/130_S1_wing1_00053"},{"time":1.2666,"name":"EF/130_S1_wing1/130_S1_wing1_00056"},{"time":1.3,"name":"EF/130_S1_wing1/130_S1_wing1_00058"},{"time":1.3333,"name":"EF/130_S1_wing1/130_S1_wing1_00058"},{"time":1.4,"name":"EF/130_S1_wing1/130_S1_wing1_00061"},{"time":1.4666,"name":"EF/130_S1_wing1/130_S1_wing1_00062"},{"time":1.5333,"name":"EF/130_S1_wing1/130_S1_wing1_00063"},{"time":1.6,"name":null}],"color":[{"time":1,"color":"ffffffa3","curve":"stepped"},{"time":1.4666,"color":"fffffff6"},{"time":1.6333,"color":"ffffff0f"}]},"EF/690_S2_rock1/690_S2_rock1_00003":{"attachment":[{"time":1,"name":"EF/690_S2_rock1/690_S2_rock1_00001"},{"time":1.0666,"name":"EF/690_S2_rock1/690_S2_rock1_00003"},{"time":1.1333,"name":"EF/690_S2_rock1/690_S2_rock1_00005"},{"time":1.2,"name":"EF/690_S2_rock1/690_S2_rock1_00001"},{"time":1.2666,"name":"EF/690_S2_rock1/690_S2_rock1_00003"},{"time":1.3333,"name":"EF/690_S2_rock1/690_S2_rock1_00005"},{"time":1.5666,"name":null}],"color":[{"time":1.1333,"color":"fffffff5"},{"time":1.1666,"color":"ffffff09"},{"time":1.2,"color":"ffffffff"},{"time":1.2333,"color":"fffffff5"},{"time":1.3666,"color":"ffffff09"}]}},"bones":{"EF/1070_S1_ex1/1070_S1_ex1_00001":{"translate":[{"time":1,"x":-96.33,"y":0}],"scale":[{"time":1,"x":1.537,"y":1.537,"curve":"stepped"},{"time":1.1333,"x":1.537,"y":1.537},{"time":1.2666,"x":0.938,"y":2.187}]},"EF/130_S1_wing1/130_S1_wing1_00041":{"translate":[{"time":1,"x":-93.87,"y":0}],"scale":[{"time":1,"x":1.56,"y":1.56}]},"EF/690_S2_rock1/690_S2_rock1_00001":{"translate":[{"time":1,"x":-95.84,"y":0,"curve":"stepped"},{"time":1.2,"x":-95.84,"y":0}],"scale":[{"time":1,"x":2.055,"y":2.055}]}}},"2-skill2":{"slots":{"EF/1070_S2_dome1/1070_S2_dome1_00003":{"attachment":[{"time":1.2666,"name":"EF/1070_S2_dome1/1070_S2_dome1_00003"},{"time":1.3,"name":"EF/1070_S2_dome1/1070_S2_dome1_00002"},{"time":1.3666,"name":"EF/1070_S2_dome1/1070_S2_dome1_00003"},{"time":1.4333,"name":"EF/1070_S2_dome1/1070_S2_dome1_00004"},{"time":1.4666,"name":"EF/1070_S2_dome1/1070_S2_dome1_00005"},{"time":1.5,"name":"EF/1070_S2_dome1/1070_S2_dome1_00006"},{"time":1.5333,"name":"EF/1070_S2_dome1/1070_S2_dome1_00006"},{"time":1.5666,"name":"EF/1070_S2_dome1/1070_S2_dome1_00008"},{"time":1.6666,"name":"EF/1070_S2_dome1/1070_S2_dome1_00010"},{"time":1.7,"name":"EF/1070_S2_dome1/1070_S2_dome1_00012"},{"time":1.8,"name":"EF/1070_S2_dome1/1070_S2_dome1_00013"},{"time":1.9,"name":"EF/1070_S2_dome1/1070_S2_dome1_00013"},{"time":2.0666,"name":null}],"color":[{"time":1.7333,"color":"fffffff4"},{"time":2.0333,"color":"ffffff18"}]},"EF/1070_S2_wave1/1070_S2_wave1_00005":{"attachment":[{"time":1.3333,"name":"EF/1070_S2_wave1/1070_S2_wave1_00003"},{"time":1.4,"name":"EF/1070_S2_wave1/1070_S2_wave1_00005"},{"time":1.4666,"name":"EF/1070_S2_wave1/1070_S2_wave1_00007"},{"time":1.5333,"name":"EF/1070_S2_wave1/1070_S2_wave1_00009"},{"time":1.6333,"name":"EF/1070_S2_wave1/1070_S2_wave1_00003"},{"time":1.7,"name":"EF/1070_S2_wave1/1070_S2_wave1_00005"},{"time":1.7666,"name":"EF/1070_S2_wave1/1070_S2_wave1_00007"},{"time":1.8333,"name":"EF/1070_S2_wave1/1070_S2_wave1_00009"},{"time":2.0666,"name":null}],"color":[{"time":1.5,"color":"fffffff8"},{"time":1.6,"color":"ffffff0c","curve":"stepped"},{"time":1.6333,"color":"ffffffff","curve":"stepped"},{"time":1.8,"color":"fffffff8"},{"time":1.9,"color":"ffffff0c"}]},"EF/690_S2_rock2/690_S2_rock2_5":{"attachment":[{"time":1.3666,"name":"EF/690_S2_rock2/690_S2_rock2_00005"},{"time":2.0666,"name":null}]},"EF/690_S2_rock2/690_S2_rock2_00005":{"attachment":[{"time":1.3666,"name":"EF/690_S2_rock2/690_S2_rock2_00005"},{"time":2.0666,"name":null}]},"EF/9020_wind2/9020_wind2_00023":{"attachment":[{"time":1.2666,"name":"EF/9020_wind2/9020_wind2_00023"},{"time":1.3333,"name":"EF/9020_wind2/9020_wind2_00024"},{"time":1.4,"name":"EF/9020_wind2/9020_wind2_00025"},{"time":1.4666,"name":"EF/9020_wind2/9020_wind2_00023"},{"time":1.5333,"name":"EF/9020_wind2/9020_wind2_00024"},{"time":1.6,"name":"EF/9020_wind2/9020_wind2_00025"},{"time":1.6666,"name":"EF/9020_wind2/9020_wind2_00023"},{"time":1.7333,"name":"EF/9020_wind2/9020_wind2_00024"},{"time":1.8,"name":"EF/9020_wind2/9020_wind2_00025"},{"time":1.8666,"name":"EF/9020_wind2/9020_wind2_00023"},{"time":1.9333,"name":"EF/9020_wind2/9020_wind2_00024"},{"time":2,"name":null}]},"EF/950_S2_dome2/950_S2_dome2_00002":{"attachment":[{"time":1.3666,"name":"EF/950_S2_dome2/950_S2_dome2_00004"},{"time":1.4333,"name":"EF/950_S2_dome2/950_S2_dome2_00005"},{"time":1.5,"name":"EF/950_S2_dome2/950_S2_dome2_00006"},{"time":1.5666,"name":"EF/950_S2_dome2/950_S2_dome2_00007"},{"time":1.6333,"name":"EF/950_S2_dome2/950_S2_dome2_00003"},{"time":1.7,"name":"EF/950_S2_dome2/950_S2_dome2_00004"},{"time":1.7666,"name":"EF/950_S2_dome2/950_S2_dome2_00005"},{"time":1.8333,"name":"EF/950_S2_dome2/950_S2_dome2_00006"},{"time":1.9,"name":"EF/950_S2_dome2/950_S2_dome2_00007"},{"time":1.9666,"name":"EF/950_S2_dome2/950_S2_dome2_00010"},{"time":2.0333,"name":"EF/950_S2_dome2/950_S2_dome2_00012"},{"time":2.0666,"name":null},{"time":2.1333,"name":null}],"color":[{"time":1.7333,"color":"ffffffd8"},{"time":2.0333,"color":"ffffff1d"}]}},"bones":{"EF/1070_S2_dome1/1070_S2_dome1_00002":{"translate":[{"time":1.2666,"x":0,"y":1.69},{"time":1.3333,"x":0,"y":18.04}],"scale":[{"time":1.2666,"x":0.604,"y":0.604},{"time":1.3333,"x":2.865,"y":2.865}]},"EF/950_S2_dome2/950_S2_dome2_00003":{"translate":[{"time":1.2666,"x":0,"y":0,"curve":"stepped"},{"time":1.3666,"x":0,"y":-43.42}],"scale":[{"time":1.3666,"x":2.226,"y":2.226}]},"EF/690_S2_rock2/690_S2_rock2_2":{"translate":[{"time":1.3666,"x":0,"y":-1627.83},{"time":1.8666,"x":0,"y":1690.23}],"scale":[{"time":1.3666,"x":3.517,"y":3.517}]},"EF/690_S2_rock2/690_S2_rock2_00002":{"translate":[{"time":1.3666,"x":0,"y":-935.86},{"time":1.8666,"x":0,"y":2287.45}],"scale":[{"time":1.3666,"x":3.517,"y":3.517}]},"EF/9020_wind2/9020_wind2_00003":{"translate":[{"time":1.2666,"x":0,"y":74.86}],"scale":[{"time":1.2666,"x":12.608,"y":12.608}]},"EF/1070_S2_wave1/1070_S2_wave1_00003":{"translate":[{"time":1.3333,"x":0,"y":118.06}],"scale":[{"time":1.3333,"x":2.736,"y":2.736},{"time":1.3666,"x":6.17,"y":6.17,"curve":"stepped"},{"time":1.4,"x":4.957,"y":4.957,"curve":"stepped"},{"time":1.4333,"x":6.006,"y":6.006,"curve":"stepped"},{"time":1.4666,"x":4.677,"y":4.677,"curve":"stepped"},{"time":1.5,"x":5.334,"y":5.334,"curve":"stepped"},{"time":1.5333,"x":5.453,"y":5.453,"curve":"stepped"},{"time":1.6,"x":7.574,"y":7.574,"curve":"stepped"},{"time":1.6333,"x":2.736,"y":2.736},{"time":1.6666,"x":6.17,"y":6.17,"curve":"stepped"},{"time":1.7,"x":4.957,"y":4.957,"curve":"stepped"},{"time":1.7333,"x":6.006,"y":6.006,"curve":"stepped"},{"time":1.7666,"x":4.677,"y":4.677,"curve":"stepped"},{"time":1.8,"x":5.294,"y":5.294,"curve":"stepped"},{"time":1.8333,"x":5.453,"y":5.453,"curve":"stepped"},{"time":1.9,"x":7.574,"y":7.574}]}}},"3-skill1":{"slots":{"EF/1070_S1_ex1/1070_S1_ex1_00002":{"attachment":[{"time":1,"name":"EF/1070_S1_ex1/1070_S1_ex1_00004"},{"time":1.0333,"name":"EF/1070_S1_ex1/1070_S1_ex1_00005"},{"time":1.1,"name":"EF/1070_S1_ex1/1070_S1_ex1_00007"},{"time":1.1666,"name":"EF/1070_S1_ex1/1070_S1_ex1_00009"},{"time":1.3333,"name":null}],"color":[{"time":1,"color":"ffffff56","curve":"stepped"},{"time":1.1333,"color":"fffffff3"},{"time":1.3666,"color":"ffffff0c"}]},"EF/130_S1_wing1/130_S1_wing1_00041":{"attachment":[{"time":1,"name":"EF/130_S1_wing1/130_S1_wing1_00041"},{"time":1.0333,"name":"EF/130_S1_wing1/130_S1_wing1_00043"},{"time":1.1,"name":"EF/130_S1_wing1/130_S1_wing1_00047"},{"time":1.1333,"name":"EF/130_S1_wing1/130_S1_wing1_00050"},{"time":1.2,"name":"EF/130_S1_wing1/130_S1_wing1_00053"},{"time":1.2666,"name":"EF/130_S1_wing1/130_S1_wing1_00056"},{"time":1.3,"name":"EF/130_S1_wing1/130_S1_wing1_00058"},{"time":1.3333,"name":"EF/130_S1_wing1/130_S1_wing1_00058"},{"time":1.4,"name":"EF/130_S1_wing1/130_S1_wing1_00061"},{"time":1.4666,"name":"EF/130_S1_wing1/130_S1_wing1_00062"},{"time":1.5333,"name":"EF/130_S1_wing1/130_S1_wing1_00063"}],"color":[{"time":1,"color":"ffffffa3","curve":"stepped"},{"time":1.4666,"color":"fffffff6","curve":[0.25,0,0.75,1]},{"time":1.6333,"color":"ffffff0f"}]},"EF/690_S2_rock1/690_S2_rock1_00003":{"attachment":[{"time":1,"name":"EF/690_S2_rock1/690_S2_rock1_00001"},{"time":1.0666,"name":"EF/690_S2_rock1/690_S2_rock1_00003"},{"time":1.1333,"name":"EF/690_S2_rock1/690_S2_rock1_00005"},{"time":1.2,"name":"EF/690_S2_rock1/690_S2_rock1_00001"},{"time":1.2666,"name":"EF/690_S2_rock1/690_S2_rock1_00003"},{"time":1.3333,"name":"EF/690_S2_rock1/690_S2_rock1_00005"},{"time":1.5666,"name":null}],"color":[{"time":1.1333,"color":"fffffff5"},{"time":1.1666,"color":"ffffff09"},{"time":1.2,"color":"ffffffff"},{"time":1.2333,"color":"fffffff5"},{"time":1.3666,"color":"ffffff09"}]}},"bones":{"EF/1070_S1_ex1/1070_S1_ex1_00001":{"translate":[{"time":1,"x":-122.37,"y":0}],"scale":[{"time":1,"x":3.091,"y":3.091},{"time":1.1333,"x":4.045,"y":4.045},{"time":1.2666,"x":2.703,"y":6.299}]},"EF/130_S1_wing1/130_S1_wing1_00041":{"translate":[{"time":1,"x":-119.92,"y":0}],"scale":[{"time":1,"x":2.724,"y":2.724}]},"EF/690_S2_rock1/690_S2_rock1_00001":{"translate":[{"time":1,"x":-121.88,"y":0}],"scale":[{"time":1,"x":3.861,"y":3.861}]}}},"3-skill2":{"slots":{"EF/1070_S2_dome1/1070_S2_dome1_00003":{"attachment":[{"time":1.2666,"name":"EF/1070_S2_dome1/1070_S2_dome1_00003"},{"time":1.3,"name":"EF/1070_S2_dome1/1070_S2_dome1_00002"},{"time":1.3666,"name":"EF/1070_S2_dome1/1070_S2_dome1_00003"},{"time":1.4333,"name":"EF/1070_S2_dome1/1070_S2_dome1_00004"},{"time":1.4666,"name":"EF/1070_S2_dome1/1070_S2_dome1_00005"},{"time":1.5,"name":"EF/1070_S2_dome1/1070_S2_dome1_00006"},{"time":1.5333,"name":"EF/1070_S2_dome1/1070_S2_dome1_00006"},{"time":1.5666,"name":"EF/1070_S2_dome1/1070_S2_dome1_00008"},{"time":1.6666,"name":"EF/1070_S2_dome1/1070_S2_dome1_00010"},{"time":1.7,"name":"EF/1070_S2_dome1/1070_S2_dome1_00012"},{"time":1.8,"name":"EF/1070_S2_dome1/1070_S2_dome1_00013"},{"time":1.9,"name":"EF/1070_S2_dome1/1070_S2_dome1_00013"},{"time":2.0666,"name":null}],"color":[{"time":1.7333,"color":"fffffff4"},{"time":2.0333,"color":"ffffff18"}]},"EF/1070_S2_wave1/1070_S2_wave1_00005":{"attachment":[{"time":1.3333,"name":"EF/1070_S2_wave1/1070_S2_wave1_00003"},{"time":1.4,"name":"EF/1070_S2_wave1/1070_S2_wave1_00005"},{"time":1.4666,"name":"EF/1070_S2_wave1/1070_S2_wave1_00007"},{"time":1.5333,"name":"EF/1070_S2_wave1/1070_S2_wave1_00009"},{"time":1.6333,"name":"EF/1070_S2_wave1/1070_S2_wave1_00003"},{"time":1.7,"name":"EF/1070_S2_wave1/1070_S2_wave1_00005"},{"time":1.7666,"name":"EF/1070_S2_wave1/1070_S2_wave1_00007"},{"time":1.8333,"name":"EF/1070_S2_wave1/1070_S2_wave1_00009"},{"time":2.0666,"name":null}],"color":[{"time":1.5,"color":"fffffff8"},{"time":1.6,"color":"ffffff0c","curve":"stepped"},{"time":1.6333,"color":"ffffffff","curve":"stepped"},{"time":1.8,"color":"fffffff8"},{"time":1.9,"color":"ffffff0c"}]},"EF/690_S2_rock2/690_S2_rock2_5":{"attachment":[{"time":1.3666,"name":"EF/690_S2_rock2/690_S2_rock2_00005"},{"time":2.0666,"name":null}]},"EF/690_S2_rock2/690_S2_rock2_00005":{"attachment":[{"time":1.3666,"name":"EF/690_S2_rock2/690_S2_rock2_00005"},{"time":2.0666,"name":null}]},"EF/9020_wind2/9020_wind2_00023":{"attachment":[{"time":1.2666,"name":"EF/9020_wind2/9020_wind2_00023"},{"time":1.3333,"name":"EF/9020_wind2/9020_wind2_00024"},{"time":1.4,"name":"EF/9020_wind2/9020_wind2_00025"},{"time":1.4666,"name":"EF/9020_wind2/9020_wind2_00023"},{"time":1.5333,"name":"EF/9020_wind2/9020_wind2_00024"},{"time":1.6,"name":"EF/9020_wind2/9020_wind2_00025"},{"time":1.6666,"name":"EF/9020_wind2/9020_wind2_00023"},{"time":1.7333,"name":"EF/9020_wind2/9020_wind2_00024"},{"time":1.8,"name":"EF/9020_wind2/9020_wind2_00025"},{"time":1.8666,"name":"EF/9020_wind2/9020_wind2_00023"},{"time":1.9333,"name":"EF/9020_wind2/9020_wind2_00024"},{"time":2,"name":null}]},"EF/950_S2_dome2/950_S2_dome2_00002":{"attachment":[{"time":1.3666,"name":"EF/950_S2_dome2/950_S2_dome2_00004"},{"time":1.4333,"name":"EF/950_S2_dome2/950_S2_dome2_00005"},{"time":1.5,"name":"EF/950_S2_dome2/950_S2_dome2_00006"},{"time":1.5666,"name":"EF/950_S2_dome2/950_S2_dome2_00007"},{"time":1.6333,"name":"EF/950_S2_dome2/950_S2_dome2_00003"},{"time":1.7,"name":"EF/950_S2_dome2/950_S2_dome2_00004"},{"time":1.7666,"name":"EF/950_S2_dome2/950_S2_dome2_00005"},{"time":1.8333,"name":"EF/950_S2_dome2/950_S2_dome2_00006"},{"time":1.9,"name":"EF/950_S2_dome2/950_S2_dome2_00007"},{"time":1.9666,"name":"EF/950_S2_dome2/950_S2_dome2_00010"},{"time":2.0333,"name":"EF/950_S2_dome2/950_S2_dome2_00012"},{"time":2.0666,"name":null},{"time":2.1333,"name":null}],"color":[{"time":1.7333,"color":"ffffffd8"},{"time":2.0333,"color":"ffffff1d"}]}},"bones":{"EF/1070_S2_dome1/1070_S2_dome1_00002":{"translate":[{"time":1.2666,"x":0,"y":1.69},{"time":1.3333,"x":0,"y":18.04}],"scale":[{"time":1.2666,"x":1.201,"y":1.201},{"time":1.3333,"x":4.6,"y":4.6}]},"EF/950_S2_dome2/950_S2_dome2_00003":{"translate":[{"time":1.2666,"x":0,"y":0,"curve":"stepped"},{"time":1.3666,"x":0,"y":-43.42}],"scale":[{"time":1.3666,"x":3.276,"y":3.276}]},"EF/690_S2_rock2/690_S2_rock2_2":{"translate":[{"time":1.3666,"x":0,"y":-1627.83},{"time":1.8666,"x":0,"y":1690.23}],"scale":[{"time":1.3666,"x":3.517,"y":3.517}]},"EF/690_S2_rock2/690_S2_rock2_00002":{"translate":[{"time":1.3666,"x":0,"y":-935.86},{"time":1.8666,"x":0,"y":2287.45}],"scale":[{"time":1.3666,"x":3.517,"y":3.517}]},"EF/9020_wind2/9020_wind2_00003":{"translate":[{"time":1.2666,"x":0,"y":74.86}],"scale":[{"time":1.2666,"x":12.608,"y":12.608}]},"EF/1070_S2_wave1/1070_S2_wave1_00003":{"translate":[{"time":1.3333,"x":0,"y":118.06}],"scale":[{"time":1.3333,"x":2.736,"y":2.736},{"time":1.3666,"x":6.17,"y":6.17,"curve":"stepped"},{"time":1.4,"x":4.957,"y":4.957,"curve":"stepped"},{"time":1.4333,"x":6.006,"y":6.006,"curve":"stepped"},{"time":1.4666,"x":4.677,"y":4.677,"curve":"stepped"},{"time":1.5,"x":5.334,"y":5.334,"curve":"stepped"},{"time":1.5333,"x":5.453,"y":5.453,"curve":"stepped"},{"time":1.6,"x":7.574,"y":7.574,"curve":"stepped"},{"time":1.6333,"x":2.736,"y":2.736},{"time":1.6666,"x":6.17,"y":6.17,"curve":"stepped"},{"time":1.7,"x":4.957,"y":4.957,"curve":"stepped"},{"time":1.7333,"x":6.006,"y":6.006,"curve":"stepped"},{"time":1.7666,"x":4.677,"y":4.677,"curve":"stepped"},{"time":1.8,"x":5.294,"y":5.294,"curve":"stepped"},{"time":1.8333,"x":5.453,"y":5.453,"curve":"stepped"},{"time":1.9,"x":7.574,"y":7.574}]}}},"empty":{},"flush":{"slots":{"EF/9020_wind4/9020_wind4_00005":{"attachment":[{"time":0,"name":"EF/9020_wind4/9020_wind4_00005"},{"time":0.0666,"name":"EF/9020_wind4/9020_wind4_00007"},{"time":0.1333,"name":"EF/9020_wind4/9020_wind4_00006"},{"time":0.2,"name":"EF/9020_wind4/9020_wind4_00005"},{"time":0.2666,"name":"EF/9020_wind4/9020_wind4_00007"},{"time":0.3333,"name":"EF/9020_wind4/9020_wind4_00006"},{"time":0.4,"name":"EF/9020_wind4/9020_wind4_00005"},{"time":0.4666,"name":"EF/9020_wind4/9020_wind4_00007"},{"time":0.5333,"name":"EF/9020_wind4/9020_wind4_00006"},{"time":0.6,"name":"EF/9020_wind4/9020_wind4_00005"},{"time":0.6666,"name":"EF/9020_wind4/9020_wind4_00007"},{"time":0.7333,"name":null}],"color":[{"time":0,"color":"ffffff91"}]}},"bones":{"EF/9020_wind4/9020_wind4_00006":{"translate":[{"time":0,"x":0,"y":1.59}],"scale":[{"time":0,"x":33.685,"y":33.685}]}}},"rock":{"slots":{"EF/690_S2_rock2/690_S2_rock2_5":{"attachment":[{"time":0,"name":"EF/690_S2_rock2/690_S2_rock2_00005"},{"time":0.7,"name":null}]},"EF/690_S2_rock2/690_S2_rock2_00005":{"attachment":[{"time":0,"name":"EF/690_S2_rock2/690_S2_rock2_00005"},{"time":0.7,"name":null}]}},"bones":{"EF/690_S2_rock2/690_S2_rock2_2":{"translate":[{"time":0,"x":0,"y":-1627.83},{"time":0.5,"x":0,"y":1690.23}],"scale":[{"time":0,"x":3.517,"y":3.517}]},"EF/690_S2_rock2/690_S2_rock2_00002":{"translate":[{"time":0,"x":0,"y":-935.86},{"time":0.5,"x":0,"y":2287.45}],"scale":[{"time":0,"x":3.517,"y":3.517}]}}}}}