{"skeleton":{"hash":"jLKd+v1idr4IuWXiYmerRCjvEAY","spine":"3.0.12","width":600,"height":600},"bones":[{"name":"root"},{"name":"ef","parent":"root"},{"name":"ef_water_blade","parent":"ef","x":-50},{"name":"ef_sprash_A_blue","parent":"ef","x":-200},{"name":"ef_smoke_wave","parent":"ef"},{"name":"ef_smash_wave_A_blue","parent":"ef","x":-250},{"name":"ef_smash_wave2","parent":"ef","x":-400},{"name":"ef_smash_wave","parent":"ef","x":-400},{"name":"ef_line","parent":"ef","x":-150},{"name":"ef_hit2","parent":"ef","x":-350},{"name":"ef_hit","parent":"ef","x":-350},{"name":"ef_graund_wave_blue","parent":"ef","x":-450},{"name":"ef_graund_shock_blue","parent":"ef","x":-100},{"name":"ef_energy_ball","parent":"ef","x":-300},{"name":"ef_OF_main","parent":"ef"},{"name":"MAIN","parent":"root","y":22.5},{"name":"HITBOX","parent":"MAIN","x":-2.64,"y":7.06,"scaleX":0.493,"scaleY":0.493},{"name":"DAMAGEAREA","parent":"root"}],"slots":[{"name":"EF/0h/s3_ef_graund_wave_blue/ef_graund_wave_blue_00001","bone":"ef_graund_wave_blue","blend":"additive"},{"name":"EF/0h/s3_ef_graund_wave_blue/ef_graund_wave_blue_1","bone":"ef_graund_wave_blue","blend":"additive"},{"name":"MAIN","bone":"MAIN","attachment":"idle_00"},{"name":"EF/0h/as13ef_graund_shock_blue/ef_graund_shock_blue_00001","bone":"ef_graund_shock_blue","blend":"additive"},{"name":"EF/0h/a1_ef_OF_main/ef_OF_main_00001","bone":"ef_OF_main","blend":"additive"},{"name":"EF/0h/a1_ef_water_blade_main/ef_water_blade_main_00001","bone":"ef_water_blade","blend":"additive"},{"name":"EF/0h/s1_ef_hit_main/ef_hit_main_00001","bone":"ef_hit","blend":"additive"},{"name":"EF/0h/s1_ef_hit_main/ef_hit_main_1","bone":"ef_hit2","blend":"additive"},{"name":"EF/0h/as2_ef_line_main/ef_line_main_00001","bone":"ef_line","blend":"additive"},{"name":"EF/0h/as2_smash_sprash_A_blue/ef_sprash_A_blue_00001","bone":"ef_sprash_A_blue","blend":"additive"},{"name":"EF/0h/as2_smash_wave_A_blue/ef_smash_wave_A_blue_00001","bone":"ef_smash_wave_A_blue","blend":"additive"},{"name":"EF/0h/s1_ef_energy_ball_main/ef_energy_ball_main_00001","bone":"ef_energy_ball","blend":"additive"},{"name":"EF/0h/s1_ef_smash_wave_main/ef_smash_wave_main_00001","bone":"ef_smash_wave","blend":"additive"},{"name":"EF/0h/s1_ef_smash_wave_main/ef_smash_wave_main_1","bone":"ef_smash_wave2","blend":"additive"},{"name":"EF/0h/s3_ef_smoke_wave_main/ef_smoke_wave_main_00001","bone":"ef_smoke_wave"},{"name":"DAMAGEAREA","bone":"DAMAGEAREA"},{"name":"HITBOX","bone":"HITBOX","attachment":"HITBOX"}],"skins":{"default":{"DAMAGEAREA":{"DAMAGEAREA":{"type":"boundingbox","vertices":[-63.26593,64.20969,-63.85791,-63.95808,63.71788,-64.25409,63.71788,63.32169]}},"EF/0h/a1_ef_OF_main/ef_OF_main_00001":{"EF/0h/a1_ef_OF_main/ef_OF_main_00001":{"width":256,"height":256},"EF/0h/a1_ef_OF_main/ef_OF_main_00002":{"width":256,"height":256},"EF/0h/a1_ef_OF_main/ef_OF_main_00003":{"width":256,"height":256},"EF/0h/a1_ef_OF_main/ef_OF_main_00004":{"width":256,"height":256},"EF/0h/a1_ef_OF_main/ef_OF_main_00005":{"width":256,"height":256},"EF/0h/a1_ef_OF_main/ef_OF_main_00006":{"width":256,"height":256},"EF/0h/a1_ef_OF_main/ef_OF_main_00007":{"width":256,"height":256},"EF/0h/a1_ef_OF_main/ef_OF_main_00008":{"width":256,"height":256},"EF/0h/a1_ef_OF_main/ef_OF_main_00009":{"width":256,"height":256},"EF/0h/a1_ef_OF_main/ef_OF_main_00010":{"width":256,"height":256}},"EF/0h/a1_ef_water_blade_main/ef_water_blade_main_00001":{"EF/0h/a1_ef_water_blade_main/ef_water_blade_main_00001":{"width":168,"height":160},"EF/0h/a1_ef_water_blade_main/ef_water_blade_main_00002":{"width":168,"height":160},"EF/0h/a1_ef_water_blade_main/ef_water_blade_main_00003":{"width":168,"height":160},"EF/0h/a1_ef_water_blade_main/ef_water_blade_main_00004":{"width":168,"height":160},"EF/0h/a1_ef_water_blade_main/ef_water_blade_main_00005":{"width":168,"height":160},"EF/0h/a1_ef_water_blade_main/ef_water_blade_main_00006":{"width":168,"height":160},"EF/0h/a1_ef_water_blade_main/ef_water_blade_main_00007":{"width":168,"height":160},"EF/0h/a1_ef_water_blade_main/ef_water_blade_main_00008":{"width":168,"height":160},"EF/0h/a1_ef_water_blade_main/ef_water_blade_main_00009":{"width":168,"height":160},"EF/0h/a1_ef_water_blade_main/ef_water_blade_main_00010":{"width":168,"height":160},"EF/0h/a1_ef_water_blade_main/ef_water_blade_main_00011":{"width":168,"height":160},"EF/0h/a1_ef_water_blade_main/ef_water_blade_main_00012":{"width":168,"height":160},"EF/0h/a1_ef_water_blade_main/ef_water_blade_main_00013":{"width":168,"height":160},"EF/0h/a1_ef_water_blade_main/ef_water_blade_main_00014":{"width":168,"height":160},"EF/0h/a1_ef_water_blade_main/ef_water_blade_main_00015":{"width":168,"height":160},"EF/0h/a1_ef_water_blade_main/ef_water_blade_main_00016":{"width":168,"height":160},"EF/0h/a1_ef_water_blade_main/ef_water_blade_main_00017":{"width":168,"height":160},"EF/0h/a1_ef_water_blade_main/ef_water_blade_main_00018":{"width":168,"height":160},"EF/0h/a1_ef_water_blade_main/ef_water_blade_main_00019":{"width":168,"height":160}},"EF/0h/as13ef_graund_shock_blue/ef_graund_shock_blue_00001":{"EF/0h/as13ef_graund_shock_blue/ef_graund_shock_blue_00001":{"width":250,"height":150},"EF/0h/as13ef_graund_shock_blue/ef_graund_shock_blue_00002":{"width":250,"height":150},"EF/0h/as13ef_graund_shock_blue/ef_graund_shock_blue_00003":{"width":250,"height":150},"EF/0h/as13ef_graund_shock_blue/ef_graund_shock_blue_00004":{"width":250,"height":150}},"EF/0h/as2_ef_line_main/ef_line_main_00001":{"EF/0h/as2_ef_line_main/ef_line_main_00001":{"x":-98.04,"width":288,"height":108},"EF/0h/as2_ef_line_main/ef_line_main_00002":{"x":-98.04,"width":288,"height":108},"EF/0h/as2_ef_line_main/ef_line_main_00003":{"x":-98.04,"width":288,"height":108},"EF/0h/as2_ef_line_main/ef_line_main_00004":{"x":-98.04,"width":288,"height":108},"EF/0h/as2_ef_line_main/ef_line_main_00005":{"x":-98.04,"width":288,"height":108},"EF/0h/as2_ef_line_main/ef_line_main_00006":{"x":-98.04,"width":288,"height":108},"EF/0h/as2_ef_line_main/ef_line_main_00007":{"x":-98.04,"width":288,"height":108},"EF/0h/as2_ef_line_main/ef_line_main_00008":{"x":-98.04,"width":288,"height":108},"EF/0h/as2_ef_line_main/ef_line_main_00009":{"x":-98.04,"width":288,"height":108}},"EF/0h/as2_smash_sprash_A_blue/ef_sprash_A_blue_00001":{"EF/0h/as2_smash_sprash_A_blue/ef_sprash_A_blue_00001":{"width":200,"height":200},"EF/0h/as2_smash_sprash_A_blue/ef_sprash_A_blue_00002":{"width":200,"height":200},"EF/0h/as2_smash_sprash_A_blue/ef_sprash_A_blue_00003":{"width":200,"height":200},"EF/0h/as2_smash_sprash_A_blue/ef_sprash_A_blue_00004":{"width":200,"height":200},"EF/0h/as2_smash_sprash_A_blue/ef_sprash_A_blue_00005":{"width":200,"height":200},"EF/0h/as2_smash_sprash_A_blue/ef_sprash_A_blue_00006":{"width":200,"height":200},"EF/0h/as2_smash_sprash_A_blue/ef_sprash_A_blue_00007":{"width":200,"height":200},"EF/0h/as2_smash_sprash_A_blue/ef_sprash_A_blue_00008":{"width":200,"height":200},"EF/0h/as2_smash_sprash_A_blue/ef_sprash_A_blue_00009":{"width":200,"height":200}},"EF/0h/as2_smash_wave_A_blue/ef_smash_wave_A_blue_00001":{"EF/0h/as2_smash_wave_A_blue/ef_smash_wave_A_blue_00001":{"width":192,"height":256},"EF/0h/as2_smash_wave_A_blue/ef_smash_wave_A_blue_00002":{"width":192,"height":256},"EF/0h/as2_smash_wave_A_blue/ef_smash_wave_A_blue_00003":{"width":192,"height":256},"EF/0h/as2_smash_wave_A_blue/ef_smash_wave_A_blue_00004":{"width":192,"height":256},"EF/0h/as2_smash_wave_A_blue/ef_smash_wave_A_blue_00005":{"width":192,"height":256}},"EF/0h/s1_ef_energy_ball_main/ef_energy_ball_main_00001":{"EF/0h/s1_ef_energy_ball_main/ef_energy_ball_main_00001":{"y":24.85,"width":165,"height":165},"EF/0h/s1_ef_energy_ball_main/ef_energy_ball_main_00002":{"y":24.85,"width":165,"height":165},"EF/0h/s1_ef_energy_ball_main/ef_energy_ball_main_00003":{"y":24.85,"width":165,"height":165},"EF/0h/s1_ef_energy_ball_main/ef_energy_ball_main_00004":{"y":24.85,"width":165,"height":165}},"EF/0h/s1_ef_hit_main/ef_hit_main_00001":{"EF/0h/s1_ef_hit_main/ef_hit_main_00001":{"width":250,"height":200},"EF/0h/s1_ef_hit_main/ef_hit_main_00002":{"width":250,"height":200},"EF/0h/s1_ef_hit_main/ef_hit_main_00003":{"width":250,"height":200},"EF/0h/s1_ef_hit_main/ef_hit_main_00004":{"width":250,"height":200},"EF/0h/s1_ef_hit_main/ef_hit_main_00005":{"width":250,"height":200}},"EF/0h/s1_ef_hit_main/ef_hit_main_1":{"EF/0h/s1_ef_hit_main/ef_hit_main_00001":{"width":250,"height":200},"EF/0h/s1_ef_hit_main/ef_hit_main_00002":{"width":250,"height":200},"EF/0h/s1_ef_hit_main/ef_hit_main_00003":{"width":250,"height":200},"EF/0h/s1_ef_hit_main/ef_hit_main_00004":{"width":250,"height":200},"EF/0h/s1_ef_hit_main/ef_hit_main_00005":{"width":250,"height":200}},"EF/0h/s1_ef_smash_wave_main/ef_smash_wave_main_00001":{"EF/0h/s1_ef_smash_wave_main/ef_smash_wave_main_00001":{"width":160,"height":288},"EF/0h/s1_ef_smash_wave_main/ef_smash_wave_main_00002":{"width":160,"height":288},"EF/0h/s1_ef_smash_wave_main/ef_smash_wave_main_00003":{"width":160,"height":288},"EF/0h/s1_ef_smash_wave_main/ef_smash_wave_main_00004":{"width":160,"height":288},"EF/0h/s1_ef_smash_wave_main/ef_smash_wave_main_00005":{"width":160,"height":288},"EF/0h/s1_ef_smash_wave_main/ef_smash_wave_main_00006":{"width":160,"height":288},"EF/0h/s1_ef_smash_wave_main/ef_smash_wave_main_00007":{"width":160,"height":288},"EF/0h/s1_ef_smash_wave_main/ef_smash_wave_main_00008":{"width":160,"height":288}},"EF/0h/s1_ef_smash_wave_main/ef_smash_wave_main_1":{"EF/0h/s1_ef_smash_wave_main/ef_smash_wave_main_00001":{"width":160,"height":288},"EF/0h/s1_ef_smash_wave_main/ef_smash_wave_main_00002":{"width":160,"height":288},"EF/0h/s1_ef_smash_wave_main/ef_smash_wave_main_00003":{"width":160,"height":288},"EF/0h/s1_ef_smash_wave_main/ef_smash_wave_main_00004":{"width":160,"height":288},"EF/0h/s1_ef_smash_wave_main/ef_smash_wave_main_00005":{"width":160,"height":288},"EF/0h/s1_ef_smash_wave_main/ef_smash_wave_main_00006":{"width":160,"height":288},"EF/0h/s1_ef_smash_wave_main/ef_smash_wave_main_00007":{"width":160,"height":288},"EF/0h/s1_ef_smash_wave_main/ef_smash_wave_main_00008":{"width":160,"height":288}},"EF/0h/s3_ef_graund_wave_blue/ef_graund_wave_blue_00001":{"EF/0h/s3_ef_graund_wave_blue/ef_graund_wave_blue_00001":{"y":14.97,"width":320,"height":192},"EF/0h/s3_ef_graund_wave_blue/ef_graund_wave_blue_00002":{"y":14.97,"width":320,"height":192},"EF/0h/s3_ef_graund_wave_blue/ef_graund_wave_blue_00003":{"y":14.97,"width":320,"height":192},"EF/0h/s3_ef_graund_wave_blue/ef_graund_wave_blue_00004":{"y":14.97,"width":320,"height":192},"EF/0h/s3_ef_graund_wave_blue/ef_graund_wave_blue_00005":{"y":14.97,"width":320,"height":192},"EF/0h/s3_ef_graund_wave_blue/ef_graund_wave_blue_00006":{"y":14.97,"width":320,"height":192},"EF/0h/s3_ef_graund_wave_blue/ef_graund_wave_blue_00007":{"y":14.97,"width":320,"height":192},"EF/0h/s3_ef_graund_wave_blue/ef_graund_wave_blue_00008":{"y":14.97,"width":320,"height":192},"EF/0h/s3_ef_graund_wave_blue/ef_graund_wave_blue_00009":{"y":14.97,"width":320,"height":192},"EF/0h/s3_ef_graund_wave_blue/ef_graund_wave_blue_00010":{"y":14.97,"width":320,"height":192},"EF/0h/s3_ef_graund_wave_blue/ef_graund_wave_blue_00011":{"y":14.97,"width":320,"height":192},"EF/0h/s3_ef_graund_wave_blue/ef_graund_wave_blue_00012":{"y":14.97,"width":320,"height":192},"EF/0h/s3_ef_graund_wave_blue/ef_graund_wave_blue_00014":{"y":14.97,"width":320,"height":192}},"EF/0h/s3_ef_graund_wave_blue/ef_graund_wave_blue_1":{"EF/0h/s3_ef_graund_wave_blue/ef_graund_wave_blue_00001":{"y":14.97,"width":320,"height":192},"EF/0h/s3_ef_graund_wave_blue/ef_graund_wave_blue_00002":{"y":14.97,"width":320,"height":192},"EF/0h/s3_ef_graund_wave_blue/ef_graund_wave_blue_00003":{"y":14.97,"width":320,"height":192},"EF/0h/s3_ef_graund_wave_blue/ef_graund_wave_blue_00004":{"y":14.97,"width":320,"height":192},"EF/0h/s3_ef_graund_wave_blue/ef_graund_wave_blue_00005":{"y":14.97,"width":320,"height":192},"EF/0h/s3_ef_graund_wave_blue/ef_graund_wave_blue_00006":{"y":14.97,"width":320,"height":192},"EF/0h/s3_ef_graund_wave_blue/ef_graund_wave_blue_00007":{"y":14.97,"width":320,"height":192},"EF/0h/s3_ef_graund_wave_blue/ef_graund_wave_blue_00008":{"y":14.97,"width":320,"height":192},"EF/0h/s3_ef_graund_wave_blue/ef_graund_wave_blue_00009":{"y":14.97,"width":320,"height":192},"EF/0h/s3_ef_graund_wave_blue/ef_graund_wave_blue_00010":{"y":14.97,"width":320,"height":192},"EF/0h/s3_ef_graund_wave_blue/ef_graund_wave_blue_00011":{"y":14.97,"width":320,"height":192},"EF/0h/s3_ef_graund_wave_blue/ef_graund_wave_blue_00012":{"y":14.97,"width":320,"height":192},"EF/0h/s3_ef_graund_wave_blue/ef_graund_wave_blue_00014":{"y":14.97,"width":320,"height":192}},"EF/0h/s3_ef_smoke_wave_main/ef_smoke_wave_main_00001":{"EF/0h/s3_ef_smoke_wave_main/ef_smoke_wave_main_00001":{"x":54.13,"width":180,"height":180},"EF/0h/s3_ef_smoke_wave_main/ef_smoke_wave_main_00002":{"x":54.13,"width":180,"height":180},"EF/0h/s3_ef_smoke_wave_main/ef_smoke_wave_main_00003":{"x":54.13,"width":180,"height":180},"EF/0h/s3_ef_smoke_wave_main/ef_smoke_wave_main_00004":{"x":54.13,"width":180,"height":180},"EF/0h/s3_ef_smoke_wave_main/ef_smoke_wave_main_00005":{"x":54.13,"width":180,"height":180},"EF/0h/s3_ef_smoke_wave_main/ef_smoke_wave_main_00006":{"x":54.13,"width":180,"height":180},"EF/0h/s3_ef_smoke_wave_main/ef_smoke_wave_main_00007":{"x":54.13,"width":180,"height":180},"EF/0h/s3_ef_smoke_wave_main/ef_smoke_wave_main_00008":{"x":54.13,"width":180,"height":180},"EF/0h/s3_ef_smoke_wave_main/ef_smoke_wave_main_00009":{"x":54.13,"width":180,"height":180},"EF/0h/s3_ef_smoke_wave_main/ef_smoke_wave_main_00010":{"x":54.13,"width":180,"height":180},"EF/0h/s3_ef_smoke_wave_main/ef_smoke_wave_main_00011":{"x":54.13,"width":180,"height":180},"EF/0h/s3_ef_smoke_wave_main/ef_smoke_wave_main_00012":{"x":54.13,"width":180,"height":180},"EF/0h/s3_ef_smoke_wave_main/ef_smoke_wave_main_00013":{"x":54.13,"width":180,"height":180},"EF/0h/s3_ef_smoke_wave_main/ef_smoke_wave_main_00014":{"x":54.13,"width":180,"height":180},"EF/0h/s3_ef_smoke_wave_main/ef_smoke_wave_main_00015":{"x":54.13,"width":180,"height":180},"EF/0h/s3_ef_smoke_wave_main/ef_smoke_wave_main_00016":{"x":54.13,"width":180,"height":180}},"HITBOX":{"HITBOX":{"type":"boundingbox","vertices":[-63.85857,64.13341,-63.33056,-64.17054,63.91738,-63.64255,64.44539,63.60541]}},"MAIN":{"attack1_00":{"y":172.5,"scaleX":2,"scaleY":2,"width":300,"height":300},"attack1_01":{"y":172.5,"scaleX":2,"scaleY":2,"width":300,"height":300},"attack1_02":{"y":172.5,"scaleX":2,"scaleY":2,"width":300,"height":300},"attack1_03":{"y":172.5,"scaleX":2,"scaleY":2,"width":300,"height":300},"attack1_04":{"y":172.5,"scaleX":2,"scaleY":2,"width":300,"height":300},"back_00":{"y":172.5,"scaleX":2,"scaleY":2,"width":300,"height":300},"back_01":{"y":172.5,"scaleX":2,"scaleY":2,"width":300,"height":300},"damage_00":{"y":172.5,"scaleX":2,"scaleY":2,"width":300,"height":300},"front_00":{"y":172.5,"scaleX":2,"scaleY":2,"width":300,"height":300},"idle_00":{"y":172.5,"scaleX":2,"scaleY":2,"width":300,"height":300},"idle_01":{"y":172.5,"scaleX":2,"scaleY":2,"width":300,"height":300},"idle_02":{"y":172.5,"scaleX":2,"scaleY":2,"width":300,"height":300},"idle_03":{"y":172.5,"scaleX":2,"scaleY":2,"width":300,"height":300},"idle_04":{"y":172.5,"scaleX":2,"scaleY":2,"width":300,"height":300},"idle_05":{"y":172.5,"scaleX":2,"scaleY":2,"width":300,"height":300},"idle_06":{"y":172.5,"scaleX":2,"scaleY":2,"width":300,"height":300},"idle_07":{"y":172.5,"scaleX":2,"scaleY":2,"width":300,"height":300},"idle_08":{"y":172.5,"scaleX":2,"scaleY":2,"width":300,"height":300},"idle_09":{"y":172.5,"scaleX":2,"scaleY":2,"width":300,"height":300},"idle_10":{"y":172.5,"scaleX":2,"scaleY":2,"width":300,"height":300},"idle_11":{"y":172.5,"scaleX":2,"scaleY":2,"width":300,"height":300},"in_00":{"y":172.5,"scaleX":2,"scaleY":2,"width":300,"height":300},"skill1_00":{"y":172.5,"scaleX":2,"scaleY":2,"width":300,"height":300},"skill1_01":{"y":172.5,"scaleX":2,"scaleY":2,"width":300,"height":300},"skill1_02":{"y":172.5,"scaleX":2,"scaleY":2,"width":300,"height":300},"skill1_03":{"y":172.5,"scaleX":2,"scaleY":2,"width":300,"height":300},"skill1_04":{"y":172.5,"scaleX":2,"scaleY":2,"width":300,"height":300},"skill1_05":{"y":172.5,"scaleX":2,"scaleY":2,"width":300,"height":300},"skill1_06":{"y":172.5,"scaleX":2,"scaleY":2,"width":300,"height":300},"skill1_07":{"y":172.5,"scaleX":2,"scaleY":2,"width":300,"height":300},"skill1_08":{"y":172.5,"scaleX":2,"scaleY":2,"width":300,"height":300},"skill1_09":{"y":172.5,"scaleX":2,"scaleY":2,"width":300,"height":300},"skill1_10":{"y":172.5,"scaleX":2,"scaleY":2,"width":300,"height":300},"skill1_11":{"y":172.5,"scaleX":2,"scaleY":2,"width":300,"height":300},"skill1_12":{"y":172.5,"scaleX":2,"scaleY":2,"width":300,"height":300},"skill1_13":{"y":172.5,"scaleX":2,"scaleY":2,"width":300,"height":300},"skill1_14":{"y":172.5,"scaleX":2,"scaleY":2,"width":300,"height":300},"skill1_15":{"y":172.5,"scaleX":2,"scaleY":2,"width":300,"height":300},"skill2_00":{"y":172.5,"scaleX":2,"scaleY":2,"width":300,"height":300},"skill2_01":{"y":172.5,"scaleX":2,"scaleY":2,"width":300,"height":300},"skill2_02":{"y":172.51,"scaleX":2,"scaleY":2,"width":300,"height":300},"skill2_03":{"y":172.5,"scaleX":2,"scaleY":2,"width":300,"height":300},"skill3_00":{"y":172.5,"scaleX":2,"scaleY":2,"width":256,"height":256},"skill3_01":{"y":172.5,"scaleX":2,"scaleY":2,"width":256,"height":256},"skill3_02":{"y":172.5,"scaleX":2,"scaleY":2,"width":256,"height":256},"skill3_03":{"y":172.5,"scaleX":2,"scaleY":2,"width":256,"height":256},"skill3_04":{"y":172.5,"scaleX":2,"scaleY":2,"width":256,"height":256},"skill3_05":{"y":172.5,"scaleX":2,"scaleY":2,"width":256,"height":256},"skill3_06":{"y":172.5,"scaleX":2,"scaleY":2,"width":256,"height":256},"skill3_07":{"y":172.5,"scaleX":2,"scaleY":2,"width":256,"height":256},"skill3_08":{"y":172.5,"scaleX":2,"scaleY":2,"width":256,"height":256},"skill3_09":{"y":172.5,"scaleX":2,"scaleY":2,"width":256,"height":256},"skill3_10":{"y":172.5,"scaleX":2,"scaleY":2,"width":256,"height":256}}}},"events":{"Event":{},"Event2":{},"Event3":{},"Hit":{},"Sound1":{},"Sound2":{},"Sound3":{},"Voice":{}},"animations":{"attack1":{"slots":{"DAMAGEAREA":{"attachment":[{"time":0.3,"name":"DAMAGEAREA"},{"time":0.5666,"name":null},{"time":1,"name":"DAMAGEAREA"},{"time":1.2333,"name":null}]},"EF/0h/a1_ef_OF_main/ef_OF_main_00001":{"attachment":[{"time":0.8666,"name":"EF/0h/a1_ef_OF_main/ef_OF_main_00001"},{"time":0.9,"name":"EF/0h/a1_ef_OF_main/ef_OF_main_00002"},{"time":0.9333,"name":"EF/0h/a1_ef_OF_main/ef_OF_main_00003"},{"time":0.9666,"name":"EF/0h/a1_ef_OF_main/ef_OF_main_00004"},{"time":1,"name":"EF/0h/a1_ef_OF_main/ef_OF_main_00005"},{"time":1.0333,"name":"EF/0h/a1_ef_OF_main/ef_OF_main_00006"},{"time":1.0666,"name":"EF/0h/a1_ef_OF_main/ef_OF_main_00007"},{"time":1.1,"name":"EF/0h/a1_ef_OF_main/ef_OF_main_00008"},{"time":1.1333,"name":"EF/0h/a1_ef_OF_main/ef_OF_main_00009"},{"time":1.1666,"name":"EF/0h/a1_ef_OF_main/ef_OF_main_00010"},{"time":1.2,"name":null}]},"EF/0h/a1_ef_water_blade_main/ef_water_blade_main_00001":{"attachment":[{"time":0.2,"name":"EF/0h/a1_ef_water_blade_main/ef_water_blade_main_00001"},{"time":0.2333,"name":"EF/0h/a1_ef_water_blade_main/ef_water_blade_main_00002"},{"time":0.2666,"name":"EF/0h/a1_ef_water_blade_main/ef_water_blade_main_00003"},{"time":0.3,"name":"EF/0h/a1_ef_water_blade_main/ef_water_blade_main_00004"},{"time":0.3333,"name":"EF/0h/a1_ef_water_blade_main/ef_water_blade_main_00005"},{"time":0.3666,"name":"EF/0h/a1_ef_water_blade_main/ef_water_blade_main_00006"},{"time":0.4,"name":"EF/0h/a1_ef_water_blade_main/ef_water_blade_main_00007"},{"time":0.4333,"name":"EF/0h/a1_ef_water_blade_main/ef_water_blade_main_00008"},{"time":0.4666,"name":"EF/0h/a1_ef_water_blade_main/ef_water_blade_main_00009"},{"time":0.5,"name":"EF/0h/a1_ef_water_blade_main/ef_water_blade_main_00010"},{"time":0.5333,"name":"EF/0h/a1_ef_water_blade_main/ef_water_blade_main_00011"},{"time":0.5666,"name":"EF/0h/a1_ef_water_blade_main/ef_water_blade_main_00012"},{"time":0.6,"name":"EF/0h/a1_ef_water_blade_main/ef_water_blade_main_00013"},{"time":0.6333,"name":"EF/0h/a1_ef_water_blade_main/ef_water_blade_main_00014"},{"time":0.6666,"name":"EF/0h/a1_ef_water_blade_main/ef_water_blade_main_00015"},{"time":0.7,"name":"EF/0h/a1_ef_water_blade_main/ef_water_blade_main_00016"},{"time":0.7333,"name":"EF/0h/a1_ef_water_blade_main/ef_water_blade_main_00017"},{"time":0.7666,"name":"EF/0h/a1_ef_water_blade_main/ef_water_blade_main_00018"},{"time":0.8,"name":"EF/0h/a1_ef_water_blade_main/ef_water_blade_main_00019"},{"time":0.8333,"name":null},{"time":0.9,"name":"EF/0h/a1_ef_water_blade_main/ef_water_blade_main_00001"},{"time":0.9333,"name":"EF/0h/a1_ef_water_blade_main/ef_water_blade_main_00003"},{"time":0.9666,"name":"EF/0h/a1_ef_water_blade_main/ef_water_blade_main_00004"},{"time":1,"name":"EF/0h/a1_ef_water_blade_main/ef_water_blade_main_00005"},{"time":1.0333,"name":"EF/0h/a1_ef_water_blade_main/ef_water_blade_main_00006"},{"time":1.0666,"name":"EF/0h/a1_ef_water_blade_main/ef_water_blade_main_00007"},{"time":1.1,"name":"EF/0h/a1_ef_water_blade_main/ef_water_blade_main_00008"},{"time":1.1333,"name":"EF/0h/a1_ef_water_blade_main/ef_water_blade_main_00009"},{"time":1.1666,"name":"EF/0h/a1_ef_water_blade_main/ef_water_blade_main_00010"},{"time":1.2,"name":"EF/0h/a1_ef_water_blade_main/ef_water_blade_main_00011"},{"time":1.2333,"name":"EF/0h/a1_ef_water_blade_main/ef_water_blade_main_00012"},{"time":1.2666,"name":"EF/0h/a1_ef_water_blade_main/ef_water_blade_main_00013"},{"time":1.3,"name":"EF/0h/a1_ef_water_blade_main/ef_water_blade_main_00014"},{"time":1.3333,"name":"EF/0h/a1_ef_water_blade_main/ef_water_blade_main_00015"},{"time":1.3666,"name":"EF/0h/a1_ef_water_blade_main/ef_water_blade_main_00016"},{"time":1.4,"name":"EF/0h/a1_ef_water_blade_main/ef_water_blade_main_00017"},{"time":1.4333,"name":"EF/0h/a1_ef_water_blade_main/ef_water_blade_main_00018"},{"time":1.4666,"name":"EF/0h/a1_ef_water_blade_main/ef_water_blade_main_00019"},{"time":1.5,"name":null}],"color":[{"time":0.4333,"color":"ffffffff"},{"time":0.5333,"color":"ffffff00","curve":"stepped"},{"time":0.9,"color":"ffffffff","curve":"stepped"},{"time":1.1333,"color":"ffffffff"},{"time":1.2333,"color":"ffffff00"}]},"EF/0h/as2_ef_line_main/ef_line_main_00001":{"attachment":[{"time":0.2333,"name":"EF/0h/as2_ef_line_main/ef_line_main_00001"},{"time":0.2666,"name":"EF/0h/as2_ef_line_main/ef_line_main_00002"},{"time":0.3,"name":"EF/0h/as2_ef_line_main/ef_line_main_00003"},{"time":0.3333,"name":"EF/0h/as2_ef_line_main/ef_line_main_00004"},{"time":0.3666,"name":"EF/0h/as2_ef_line_main/ef_line_main_00005"},{"time":0.4,"name":"EF/0h/as2_ef_line_main/ef_line_main_00006"},{"time":0.4333,"name":"EF/0h/as2_ef_line_main/ef_line_main_00007"},{"time":0.4666,"name":"EF/0h/as2_ef_line_main/ef_line_main_00008"},{"time":0.5,"name":"EF/0h/as2_ef_line_main/ef_line_main_00009"},{"time":0.5333,"name":null},{"time":0.9333,"name":"EF/0h/as2_ef_line_main/ef_line_main_00001"},{"time":0.9666,"name":"EF/0h/as2_ef_line_main/ef_line_main_00002"},{"time":1,"name":"EF/0h/as2_ef_line_main/ef_line_main_00003"},{"time":1.0333,"name":"EF/0h/as2_ef_line_main/ef_line_main_00004"},{"time":1.0666,"name":"EF/0h/as2_ef_line_main/ef_line_main_00005"},{"time":1.1,"name":"EF/0h/as2_ef_line_main/ef_line_main_00006"},{"time":1.1333,"name":"EF/0h/as2_ef_line_main/ef_line_main_00007"},{"time":1.1666,"name":"EF/0h/as2_ef_line_main/ef_line_main_00008"},{"time":1.2,"name":"EF/0h/as2_ef_line_main/ef_line_main_00009"},{"time":1.2333,"name":null}],"color":[{"time":0.2333,"color":"ffffffff"},{"time":0.5,"color":"ffffff00","curve":"stepped"},{"time":0.9333,"color":"ffffffff"},{"time":1.2,"color":"ffffff00"}]},"EF/0h/as2_smash_sprash_A_blue/ef_sprash_A_blue_00001":{"attachment":[{"time":0.2333,"name":"EF/0h/as2_smash_sprash_A_blue/ef_sprash_A_blue_00001"},{"time":0.2666,"name":"EF/0h/as2_smash_sprash_A_blue/ef_sprash_A_blue_00002"},{"time":0.3,"name":"EF/0h/as2_smash_sprash_A_blue/ef_sprash_A_blue_00003"},{"time":0.3333,"name":"EF/0h/as2_smash_sprash_A_blue/ef_sprash_A_blue_00004"},{"time":0.3666,"name":"EF/0h/as2_smash_sprash_A_blue/ef_sprash_A_blue_00005"},{"time":0.4,"name":"EF/0h/as2_smash_sprash_A_blue/ef_sprash_A_blue_00006"},{"time":0.4333,"name":"EF/0h/as2_smash_sprash_A_blue/ef_sprash_A_blue_00007"},{"time":0.4666,"name":"EF/0h/as2_smash_sprash_A_blue/ef_sprash_A_blue_00008"},{"time":0.5,"name":"EF/0h/as2_smash_sprash_A_blue/ef_sprash_A_blue_00009"},{"time":0.5333,"name":null},{"time":0.9333,"name":"EF/0h/as2_smash_sprash_A_blue/ef_sprash_A_blue_00001"},{"time":0.9666,"name":"EF/0h/as2_smash_sprash_A_blue/ef_sprash_A_blue_00002"},{"time":1,"name":"EF/0h/as2_smash_sprash_A_blue/ef_sprash_A_blue_00003"},{"time":1.0333,"name":"EF/0h/as2_smash_sprash_A_blue/ef_sprash_A_blue_00004"},{"time":1.0666,"name":"EF/0h/as2_smash_sprash_A_blue/ef_sprash_A_blue_00005"},{"time":1.1,"name":"EF/0h/as2_smash_sprash_A_blue/ef_sprash_A_blue_00006"},{"time":1.1333,"name":"EF/0h/as2_smash_sprash_A_blue/ef_sprash_A_blue_00007"},{"time":1.1666,"name":"EF/0h/as2_smash_sprash_A_blue/ef_sprash_A_blue_00008"},{"time":1.2,"name":"EF/0h/as2_smash_sprash_A_blue/ef_sprash_A_blue_00009"},{"time":1.2333,"name":null}]},"EF/0h/as2_smash_wave_A_blue/ef_smash_wave_A_blue_00001":{"attachment":[{"time":0.2333,"name":"EF/0h/as2_smash_wave_A_blue/ef_smash_wave_A_blue_00001"},{"time":0.2666,"name":"EF/0h/as2_smash_wave_A_blue/ef_smash_wave_A_blue_00002"},{"time":0.3,"name":"EF/0h/as2_smash_wave_A_blue/ef_smash_wave_A_blue_00003"},{"time":0.3333,"name":"EF/0h/as2_smash_wave_A_blue/ef_smash_wave_A_blue_00004"},{"time":0.3666,"name":"EF/0h/as2_smash_wave_A_blue/ef_smash_wave_A_blue_00005"},{"time":0.4,"name":null},{"time":0.9333,"name":"EF/0h/as2_smash_wave_A_blue/ef_smash_wave_A_blue_00001"},{"time":0.9666,"name":"EF/0h/as2_smash_wave_A_blue/ef_smash_wave_A_blue_00002"},{"time":1,"name":"EF/0h/as2_smash_wave_A_blue/ef_smash_wave_A_blue_00003"},{"time":1.0333,"name":"EF/0h/as2_smash_wave_A_blue/ef_smash_wave_A_blue_00004"},{"time":1.0666,"name":"EF/0h/as2_smash_wave_A_blue/ef_smash_wave_A_blue_00005"},{"time":1.1,"name":null}]},"MAIN":{"attachment":[{"time":0,"name":"idle_00"},{"time":0.0333,"name":"idle_01"},{"time":0.2333,"name":"attack1_00"},{"time":0.3,"name":"attack1_02"},{"time":0.3666,"name":"attack1_01"},{"time":0.4333,"name":"idle_01"},{"time":0.5,"name":"idle_04"},{"time":0.6333,"name":"idle_05"},{"time":0.7666,"name":"idle_06"},{"time":0.8,"name":"idle_07"},{"time":0.8666,"name":"idle_08"},{"time":0.9333,"name":"attack1_03"},{"time":0.9666,"name":"attack1_04"},{"time":1.0333,"name":"idle_09"},{"time":1.1,"name":"idle_10"},{"time":1.2,"name":"idle_04"},{"time":1.2666,"name":"idle_09"},{"time":1.4666,"name":"idle_04"},{"time":1.6333,"name":"idle_03"},{"time":1.7666,"name":"idle_01"},{"time":1.8333,"name":"idle_02"},{"time":1.9,"name":"idle_03"},{"time":1.9666,"name":"idle_01"},{"time":2.0333,"name":"idle_02"},{"time":2.1,"name":"idle_03"},{"time":2.1666,"name":"idle_00"}]}},"bones":{"MAIN":{"rotate":[{"time":1.1,"angle":15.34},{"time":1.2333,"angle":0},{"time":1.2666,"angle":3.5},{"time":1.3666,"angle":-1.42,"curve":"stepped"},{"time":1.4666,"angle":0}],"translate":[{"time":0.0333,"x":0,"y":0},{"time":0.1,"x":2.96,"y":-0.68,"curve":"stepped"},{"time":0.2333,"x":0,"y":0},{"time":0.2666,"x":-10.1,"y":0,"curve":[0.139,0.26,0.75,1]},{"time":0.3666,"x":0.96,"y":0},{"time":0.4333,"x":0,"y":0,"curve":"stepped"},{"time":0.5,"x":0,"y":0,"curve":[0.13,0.28,0.75,1]},{"time":0.6,"x":0,"y":-1.64},{"time":0.6333,"x":0,"y":0},{"time":0.7333,"x":0,"y":117.5,"curve":"stepped"},{"time":0.7666,"x":0,"y":162.5,"curve":[0.25,0,0.75,1]},{"time":0.9,"x":0,"y":172.5},{"time":0.9333,"x":0,"y":180.5,"curve":[0.25,0,0.75,1]},{"time":1,"x":40,"y":203.4},{"time":1.0666,"x":80,"y":181},{"time":1.2,"x":105,"y":0},{"time":1.2333,"x":107,"y":-6.78,"curve":"stepped"},{"time":1.2666,"x":107,"y":-0.71},{"time":1.3666,"x":117.62,"y":20.47},{"time":1.4666,"x":130,"y":0},{"time":1.5333,"x":132,"y":-3.15},{"time":1.6,"x":133,"y":12.92},{"time":1.6666,"x":135,"y":0},{"time":1.7,"x":135,"y":-2.83},{"time":1.7666,"x":135,"y":0,"curve":[0.25,0,0.75,1]},{"time":1.9666,"x":67,"y":0,"curve":[0.25,0,0.75,1]},{"time":2.1666,"x":0,"y":0}],"scale":[{"time":0.0333,"x":1,"y":1},{"time":0.1,"x":1.04,"y":0.972,"curve":"stepped"},{"time":0.2333,"x":1,"y":1,"curve":[0.25,0,0.75,1]},{"time":0.3,"x":1.048,"y":1,"curve":[0.25,0,0.75,1]},{"time":0.3666,"x":0.961,"y":0.943,"curve":[0.25,0,0.75,1]},{"time":0.4333,"x":1,"y":1,"curve":"stepped"},{"time":0.5,"x":1,"y":1,"curve":[0.13,0.28,0.75,1]},{"time":0.6,"x":1.082,"y":0.934},{"time":0.6333,"x":1,"y":1},{"time":0.7,"x":0.841,"y":1.063},{"time":0.7666,"x":1,"y":1},{"time":0.8333,"x":0.973,"y":1.121,"curve":[0.132,0.35,0.75,1]},{"time":0.9333,"x":1,"y":1},{"time":1,"x":1.104,"y":0.941},{"time":1.0666,"x":1,"y":1,"curve":"stepped"},{"time":1.2,"x":1,"y":1},{"time":1.2333,"x":1.185,"y":0.871},{"time":1.2666,"x":1,"y":0.884},{"time":1.3666,"x":0.784,"y":1.055},{"time":1.4666,"x":1,"y":1},{"time":1.5333,"x":1.115,"y":0.921},{"time":1.6,"x":0.928,"y":1.225,"curve":"stepped"},{"time":1.6333,"x":1,"y":0.948},{"time":1.7,"x":1,"y":1}]},"ef_sprash_A_blue":{"rotate":[{"time":0.9333,"angle":8.33}],"translate":[{"time":0.2333,"x":154.71,"y":24.33,"curve":"stepped"},{"time":0.9333,"x":155.5,"y":199.36}],"scale":[{"time":0.2333,"x":1.5,"y":1.5,"curve":"stepped"},{"time":0.9333,"x":1.5,"y":1.5},{"time":1.2,"x":2,"y":2}]},"ef_smash_wave_A_blue":{"rotate":[{"time":0.9333,"angle":12.66}],"translate":[{"time":0.2333,"x":204.71,"y":24.33,"curve":"stepped"},{"time":0.9333,"x":205.5,"y":199.36}],"scale":[{"time":0.2333,"x":1.3,"y":1.3,"curve":"stepped"},{"time":0.9333,"x":1.5,"y":1.5}]},"ef_line":{"rotate":[{"time":0.9333,"angle":13.61}],"translate":[{"time":0.2333,"x":105.27,"y":23.49,"curve":"stepped"},{"time":0.3333,"x":105.27,"y":23.49,"curve":[0.09,0.46,0.75,1]},{"time":0.5,"x":-169.7,"y":23.49,"curve":"stepped"},{"time":0.9333,"x":105.27,"y":200,"curve":"stepped"},{"time":1.0333,"x":105.27,"y":200,"curve":[0.09,0.46,0.75,1]},{"time":1.2,"x":-159.73,"y":155.66}],"scale":[{"time":0.2333,"x":2,"y":2},{"time":0.3333,"x":2,"y":1.758},{"time":0.5,"x":2,"y":1.327,"curve":"stepped"},{"time":0.9333,"x":2,"y":2},{"time":1.0333,"x":2,"y":1.758},{"time":1.2,"x":2,"y":1.327}]},"ef_water_blade":{"rotate":[{"time":0.9,"angle":12.36}],"translate":[{"time":0.2,"x":41.36,"y":23.76},{"time":0.3,"x":-175.08,"y":23.76},{"time":0.4666,"x":-723.9,"y":23.76},{"time":0.5666,"x":-917.5,"y":23.76,"curve":"stepped"},{"time":0.9,"x":41.36,"y":200},{"time":1,"x":-175.08,"y":154.85},{"time":1.1666,"x":-713.89,"y":42.24},{"time":1.2666,"x":-907.5,"y":14.93}],"scale":[{"time":0.2,"x":1.5,"y":1.5,"curve":"stepped"},{"time":0.9,"x":1.5,"y":1.5}]},"ef_OF_main":{"rotate":[{"time":0.8666,"angle":12.18}],"translate":[{"time":0.8666,"x":-44.19,"y":201.58,"curve":[0.11,0.28,0.75,1]},{"time":1.1666,"x":-84.34,"y":195.89}],"scale":[{"time":0.8666,"x":3,"y":3}]},"DAMAGEAREA":{"translate":[{"time":0.3,"x":-195.48,"y":27.15},{"time":0.5,"x":-800.4,"y":27.15,"curve":"stepped"},{"time":1,"x":-203.18,"y":138.88},{"time":1.2,"x":-781.13,"y":73.38}],"scale":[{"time":0.3,"x":2.015,"y":1.226,"curve":"stepped"},{"time":1,"x":2.17,"y":1.367}]}},"drawOrder":[{"time":0,"offsets":[{"slot":"EF/0h/a1_ef_OF_main/ef_OF_main_00001","offset":1}]}],"events":[{"time":0.2333,"name":"Sound1","string":"cri_se_battle_gun_burst"},{"time":0.2333,"name":"Voice","string":"cri_714_voice_attack_random"},{"time":0.3,"name":"Event","float":0.1,"string":"kHitStopType_enemyonly"},{"time":0.6333,"name":"Sound1","string":"cri_se_battle_pop_jump"},{"time":0.9,"name":"Sound1","string":"cri_se_battle_gun_burst"},{"time":0.9333,"name":"Voice","string":"cri_714_voice_attack_c"},{"time":1,"name":"Hit","string":"resetHitList"},{"time":1.2,"name":"Sound1","string":"cri_se_battle_pop_landing"}]},"back":{"slots":{"MAIN":{"attachment":[{"time":0,"name":"back_00"},{"time":0.1666,"name":"back_01"},{"time":0.2333,"name":"idle_02"},{"time":0.3,"name":"idle_01"},{"time":0.3666,"name":"idle_03"},{"time":0.4666,"name":"idle_00"}]}},"bones":{"MAIN":{"rotate":[{"time":0.1666,"angle":0,"curve":[0.25,0,0.75,1]},{"time":0.2666,"angle":-1,"curve":[0.25,0,0.75,1]},{"time":0.4,"angle":1,"curve":[0.25,0,0.75,1]},{"time":0.5666,"angle":0}],"translate":[{"time":0,"x":42.75,"y":0},{"time":0.1333,"x":120,"y":0,"curve":"stepped"},{"time":0.1666,"x":130,"y":0,"curve":[0.099,0.6,0.75,1]},{"time":0.4666,"x":140,"y":0}],"scale":[{"time":0,"x":0.664,"y":1},{"time":0.1333,"x":1.026,"y":0.947},{"time":0.1666,"x":1,"y":0.974},{"time":0.2333,"x":1,"y":1},{"time":0.3333,"x":1,"y":1.015},{"time":0.4333,"x":1,"y":1}]}}},"cast":{"slots":{"MAIN":{"attachment":[{"time":0,"name":"idle_00"},{"time":0.0333,"name":"idle_01"},{"time":0.4666,"name":"attack1_00"},{"time":0.5333,"name":"attack1_02"},{"time":0.6,"name":"attack1_01"},{"time":0.6666,"name":"idle_01"}]}},"bones":{"MAIN":{"translate":[{"time":0.0333,"x":0,"y":0},{"time":0.1,"x":2.96,"y":-0.68,"curve":"stepped"},{"time":0.4666,"x":0,"y":0},{"time":0.5,"x":-10.1,"y":0,"curve":[0.139,0.26,0.75,1]},{"time":0.6,"x":0.96,"y":0},{"time":0.6666,"x":0,"y":0}],"scale":[{"time":0.0333,"x":1,"y":1},{"time":0.1,"x":1.04,"y":0.972,"curve":"stepped"},{"time":0.4666,"x":1,"y":1,"curve":[0.25,0,0.75,1]},{"time":0.5333,"x":1.048,"y":1,"curve":[0.25,0,0.75,1]},{"time":0.6,"x":0.961,"y":0.943,"curve":[0.25,0,0.75,1]},{"time":0.6666,"x":1,"y":1}]}},"events":[{"time":0.4,"name":"Voice","string":"cri_714_voice_item"}]},"damage":{"slots":{"MAIN":{"attachment":[{"time":0,"name":"damage_00"}]}}},"front":{"slots":{"MAIN":{"attachment":[{"time":0,"name":"front_00"}]}}},"idle":{"slots":{"MAIN":{"attachment":[{"time":0,"name":"idle_00"},{"time":0.1,"name":"idle_01"},{"time":0.2333,"name":"idle_02"},{"time":0.3,"name":"idle_01"},{"time":0.3666,"name":"idle_03"},{"time":0.4666,"name":"idle_00"},{"time":0.6,"name":"idle_04"},{"time":0.7,"name":"idle_05"},{"time":0.8,"name":"idle_06"},{"time":0.8666,"name":"idle_07"},{"time":0.9333,"name":"idle_08"},{"time":1,"name":"idle_09"},{"time":1.0666,"name":"idle_10"},{"time":1.1666,"name":"idle_04"},{"time":1.2666,"name":"idle_11"},{"time":1.3666,"name":"idle_00"}]}},"bones":{"MAIN":{"translate":[{"time":0.6,"x":0,"y":0,"curve":[0.153,0.37,0.75,1]},{"time":0.6666,"x":0,"y":-4.63},{"time":0.7,"x":0,"y":0},{"time":0.7666,"x":0,"y":52.5,"curve":"stepped"},{"time":0.8,"x":0,"y":100,"curve":[0.114,0.67,0.75,1]},{"time":1,"x":0,"y":132.5,"curve":[0.635,0,0.75,1]},{"time":1.0666,"x":0,"y":82.5},{"time":1.1666,"x":0,"y":0},{"time":1.2,"x":0,"y":-6.28,"curve":[0.25,0,0.75,1]},{"time":1.3,"x":0,"y":6.51},{"time":1.3333,"x":0,"y":0}],"scale":[{"time":0.6,"x":1,"y":1,"curve":[0.153,0.37,0.75,1]},{"time":0.6666,"x":1.201,"y":0.914},{"time":0.7,"x":1.177,"y":0.855},{"time":0.7666,"x":0.839,"y":1.017},{"time":0.8,"x":0.842,"y":1.008},{"time":0.8333,"x":1.096,"y":1},{"time":0.8666,"x":1,"y":1},{"time":0.9666,"x":0.918,"y":1.107},{"time":1.0666,"x":1,"y":1},{"time":1.1333,"x":0.882,"y":1.05,"curve":"stepped"},{"time":1.1666,"x":1,"y":1},{"time":1.2,"x":1.216,"y":0.872},{"time":1.2333,"x":1.039,"y":1.056},{"time":1.2666,"x":1.145,"y":0.863},{"time":1.3,"x":0.9,"y":1.123},{"time":1.3333,"x":1,"y":1}]}},"events":[{"time":0.7,"name":"Sound1","string":"cri_se_battle_pop_jump"},{"time":1.1666,"name":"Sound1","string":"cri_se_battle_pop_landing"}]},"idle2":{"slots":{"MAIN":{"attachment":[{"time":0,"name":"idle_00"},{"time":1.1666,"name":"idle_00"}]}},"bones":{"MAIN":{"rotate":[{"time":0,"angle":0,"curve":[0.25,0,0.75,1]},{"time":0.3,"angle":1,"curve":[0.162,-0.15,0.239,-0.15]},{"time":0.6333,"angle":-0.5},{"time":0.9,"angle":1},{"time":1.1666,"angle":0}],"translate":[{"time":0,"x":0,"y":0,"curve":[0.25,0,0.75,1]},{"time":0.3,"x":0,"y":-1.4,"curve":[0.162,-0.15,0.239,-0.15]},{"time":0.6333,"x":0,"y":1.17},{"time":0.9,"x":0,"y":-1.41},{"time":1.1666,"x":0,"y":0}],"scale":[{"time":0,"x":1,"y":1,"curve":[0.25,0,0.75,1]},{"time":0.3,"x":1.04,"y":0.97,"curve":[0.162,-0.15,0.239,-0.15]},{"time":0.6333,"x":0.98,"y":1.03},{"time":0.9,"x":1.077,"y":0.97},{"time":1.1666,"x":1,"y":1}]}}},"idle3":{"slots":{"MAIN":{"attachment":[{"time":0,"name":"idle_00"},{"time":0.1333,"name":"idle_04"},{"time":0.2333,"name":"idle_05"},{"time":0.3333,"name":"idle_06"},{"time":0.4,"name":"idle_07"},{"time":0.4666,"name":"idle_08"},{"time":0.5333,"name":"idle_09"},{"time":0.6,"name":"idle_10"},{"time":0.7,"name":"idle_04"},{"time":0.8,"name":"idle_11"},{"time":0.9,"name":"idle_00"}]}},"bones":{"MAIN":{"translate":[{"time":0.1333,"x":0,"y":0,"curve":[0.153,0.37,0.75,1]},{"time":0.2,"x":0,"y":-4.63},{"time":0.2333,"x":0,"y":0},{"time":0.3,"x":0,"y":52.5,"curve":"stepped"},{"time":0.3333,"x":0,"y":100,"curve":[0.114,0.67,0.75,1]},{"time":0.5333,"x":0,"y":132.5,"curve":[0.635,0,0.75,1]},{"time":0.6,"x":0,"y":82.5},{"time":0.7,"x":0,"y":0},{"time":0.7333,"x":0,"y":-6.28},{"time":0.8333,"x":0,"y":6.51},{"time":0.8666,"x":0,"y":0}],"scale":[{"time":0.1333,"x":1,"y":1,"curve":[0.153,0.37,0.75,1]},{"time":0.2,"x":1.201,"y":0.914},{"time":0.2333,"x":1.177,"y":0.855},{"time":0.3,"x":0.839,"y":1.017},{"time":0.3333,"x":0.842,"y":1.008},{"time":0.3666,"x":1.096,"y":1},{"time":0.4,"x":1,"y":1},{"time":0.5,"x":0.918,"y":1.107},{"time":0.6,"x":1,"y":1},{"time":0.6666,"x":0.882,"y":1.05,"curve":"stepped"},{"time":0.7,"x":1,"y":1},{"time":0.7333,"x":1.216,"y":0.872},{"time":0.7666,"x":1.039,"y":1.056},{"time":0.8,"x":1.145,"y":0.863},{"time":0.8333,"x":0.9,"y":1.123},{"time":0.8666,"x":1,"y":1}]}},"events":[{"time":0.2333,"name":"Sound1","string":"cri_se_battle_pop_jump"},{"time":0.7,"name":"Sound1","string":"cri_se_battle_pop_landing"}]},"in":{"slots":{"MAIN":{"attachment":[{"time":0,"name":"in_00"},{"time":0.1666,"name":"skill2_03"},{"time":0.2,"name":"idle_11"},{"time":0.2666,"name":"idle_04"},{"time":0.3333,"name":"idle_01"},{"time":0.4,"name":"idle_02"},{"time":0.4666,"name":"idle_01"},{"time":0.5333,"name":"idle_03"},{"time":0.6,"name":"idle_00"},{"time":0.7666,"name":"idle_00"}],"color":[{"time":0,"color":"ffffff00","curve":[0.25,0,0.75,1]},{"time":0.1666,"color":"ffffffff"}]}},"bones":{"MAIN":{"translate":[{"time":0,"x":0,"y":277.5,"curve":[0.729,0,0.75,1]},{"time":0.1666,"x":0,"y":0,"curve":"stepped"},{"time":0.2,"x":0,"y":0},{"time":0.2333,"x":0,"y":1.52},{"time":0.2666,"x":0,"y":3.05},{"time":0.3333,"x":0,"y":-0.82},{"time":0.4,"x":0,"y":0}],"scale":[{"time":0,"x":1,"y":1},{"time":0.1,"x":0.794,"y":1.099},{"time":0.1666,"x":1,"y":1,"curve":"stepped"},{"time":0.2,"x":1,"y":1},{"time":0.2333,"x":0.943,"y":1.101},{"time":0.2666,"x":0.931,"y":1.145},{"time":0.3333,"x":1,"y":0.962},{"time":0.4,"x":1,"y":1}]}},"events":[{"time":0.1666,"name":"Sound1","string":"cri_se_battle_pop_landing"}]},"skill1":{"slots":{"DAMAGEAREA":{"attachment":[{"time":0.7333,"name":"DAMAGEAREA"},{"time":1.5,"name":null}]},"EF/0h/as13ef_graund_shock_blue/ef_graund_shock_blue_00001":{"attachment":[{"time":0.4666,"name":"EF/0h/as13ef_graund_shock_blue/ef_graund_shock_blue_00001"},{"time":0.5,"name":"EF/0h/as13ef_graund_shock_blue/ef_graund_shock_blue_00002"},{"time":0.5333,"name":"EF/0h/as13ef_graund_shock_blue/ef_graund_shock_blue_00003"},{"time":0.5666,"name":"EF/0h/as13ef_graund_shock_blue/ef_graund_shock_blue_00004"},{"time":0.6,"name":null},{"time":0.8333,"name":"EF/0h/as13ef_graund_shock_blue/ef_graund_shock_blue_00001"},{"time":0.8666,"name":"EF/0h/as13ef_graund_shock_blue/ef_graund_shock_blue_00002"},{"time":0.9,"name":"EF/0h/as13ef_graund_shock_blue/ef_graund_shock_blue_00003"},{"time":0.9333,"name":"EF/0h/as13ef_graund_shock_blue/ef_graund_shock_blue_00004"},{"time":0.9666,"name":null}]},"EF/0h/s1_ef_energy_ball_main/ef_energy_ball_main_00001":{"attachment":[{"time":0.7333,"name":"EF/0h/s1_ef_energy_ball_main/ef_energy_ball_main_00001"},{"time":0.7666,"name":"EF/0h/s1_ef_energy_ball_main/ef_energy_ball_main_00002"},{"time":0.8,"name":"EF/0h/s1_ef_energy_ball_main/ef_energy_ball_main_00003"},{"time":0.8333,"name":"EF/0h/s1_ef_energy_ball_main/ef_energy_ball_main_00004"},{"time":0.8666,"name":null}]},"EF/0h/s1_ef_hit_main/ef_hit_main_00001":{"attachment":[{"time":0.8,"name":"EF/0h/s1_ef_hit_main/ef_hit_main_00001"},{"time":0.8333,"name":"EF/0h/s1_ef_hit_main/ef_hit_main_00002"},{"time":0.8666,"name":"EF/0h/s1_ef_hit_main/ef_hit_main_00003"},{"time":0.9,"name":"EF/0h/s1_ef_hit_main/ef_hit_main_00004"},{"time":0.9333,"name":"EF/0h/s1_ef_hit_main/ef_hit_main_00005"},{"time":0.9666,"name":null},{"time":1.0666,"name":"EF/0h/s1_ef_hit_main/ef_hit_main_00001"},{"time":1.1,"name":"EF/0h/s1_ef_hit_main/ef_hit_main_00002"},{"time":1.1333,"name":"EF/0h/s1_ef_hit_main/ef_hit_main_00003"},{"time":1.1666,"name":"EF/0h/s1_ef_hit_main/ef_hit_main_00004"},{"time":1.2,"name":"EF/0h/s1_ef_hit_main/ef_hit_main_00005"},{"time":1.2333,"name":null},{"time":1.3333,"name":"EF/0h/s1_ef_hit_main/ef_hit_main_00001"},{"time":1.3666,"name":"EF/0h/s1_ef_hit_main/ef_hit_main_00002"},{"time":1.4,"name":"EF/0h/s1_ef_hit_main/ef_hit_main_00003"},{"time":1.4333,"name":"EF/0h/s1_ef_hit_main/ef_hit_main_00004"},{"time":1.4666,"name":"EF/0h/s1_ef_hit_main/ef_hit_main_00005"},{"time":1.5,"name":null}]},"EF/0h/s1_ef_hit_main/ef_hit_main_1":{"attachment":[{"time":0.9333,"name":"EF/0h/s1_ef_hit_main/ef_hit_main_00001"},{"time":0.9666,"name":"EF/0h/s1_ef_hit_main/ef_hit_main_00002"},{"time":1,"name":"EF/0h/s1_ef_hit_main/ef_hit_main_00003"},{"time":1.0333,"name":"EF/0h/s1_ef_hit_main/ef_hit_main_00004"},{"time":1.0666,"name":"EF/0h/s1_ef_hit_main/ef_hit_main_00005"},{"time":1.1,"name":null},{"time":1.2,"name":"EF/0h/s1_ef_hit_main/ef_hit_main_00001"},{"time":1.2333,"name":"EF/0h/s1_ef_hit_main/ef_hit_main_00002"},{"time":1.2666,"name":"EF/0h/s1_ef_hit_main/ef_hit_main_00003"},{"time":1.3,"name":"EF/0h/s1_ef_hit_main/ef_hit_main_00004"},{"time":1.3333,"name":"EF/0h/s1_ef_hit_main/ef_hit_main_00005"},{"time":1.3666,"name":null}]},"EF/0h/s1_ef_smash_wave_main/ef_smash_wave_main_00001":{"attachment":[{"time":0.8,"name":"EF/0h/s1_ef_smash_wave_main/ef_smash_wave_main_00001"},{"time":0.8333,"name":"EF/0h/s1_ef_smash_wave_main/ef_smash_wave_main_00002"},{"time":0.8666,"name":"EF/0h/s1_ef_smash_wave_main/ef_smash_wave_main_00003"},{"time":0.9,"name":"EF/0h/s1_ef_smash_wave_main/ef_smash_wave_main_00004"},{"time":0.9333,"name":"EF/0h/s1_ef_smash_wave_main/ef_smash_wave_main_00005"},{"time":0.9666,"name":"EF/0h/s1_ef_smash_wave_main/ef_smash_wave_main_00006"},{"time":1,"name":"EF/0h/s1_ef_smash_wave_main/ef_smash_wave_main_00007"},{"time":1.0333,"name":"EF/0h/s1_ef_smash_wave_main/ef_smash_wave_main_00008"},{"time":1.0666,"name":"EF/0h/s1_ef_smash_wave_main/ef_smash_wave_main_00001"},{"time":1.1,"name":"EF/0h/s1_ef_smash_wave_main/ef_smash_wave_main_00002"},{"time":1.1333,"name":"EF/0h/s1_ef_smash_wave_main/ef_smash_wave_main_00003"},{"time":1.1666,"name":"EF/0h/s1_ef_smash_wave_main/ef_smash_wave_main_00004"},{"time":1.2,"name":"EF/0h/s1_ef_smash_wave_main/ef_smash_wave_main_00005"},{"time":1.2333,"name":"EF/0h/s1_ef_smash_wave_main/ef_smash_wave_main_00006"},{"time":1.2666,"name":"EF/0h/s1_ef_smash_wave_main/ef_smash_wave_main_00007"},{"time":1.3,"name":"EF/0h/s1_ef_smash_wave_main/ef_smash_wave_main_00008"},{"time":1.3333,"name":"EF/0h/s1_ef_smash_wave_main/ef_smash_wave_main_00001"},{"time":1.3666,"name":"EF/0h/s1_ef_smash_wave_main/ef_smash_wave_main_00002"},{"time":1.4,"name":"EF/0h/s1_ef_smash_wave_main/ef_smash_wave_main_00003"},{"time":1.4333,"name":"EF/0h/s1_ef_smash_wave_main/ef_smash_wave_main_00004"},{"time":1.4666,"name":"EF/0h/s1_ef_smash_wave_main/ef_smash_wave_main_00005"},{"time":1.5,"name":"EF/0h/s1_ef_smash_wave_main/ef_smash_wave_main_00006"},{"time":1.5333,"name":"EF/0h/s1_ef_smash_wave_main/ef_smash_wave_main_00007"},{"time":1.5666,"name":"EF/0h/s1_ef_smash_wave_main/ef_smash_wave_main_00008"},{"time":1.6,"name":null}]},"EF/0h/s1_ef_smash_wave_main/ef_smash_wave_main_1":{"attachment":[{"time":0.9333,"name":"EF/0h/s1_ef_smash_wave_main/ef_smash_wave_main_00001"},{"time":0.9666,"name":"EF/0h/s1_ef_smash_wave_main/ef_smash_wave_main_00002"},{"time":1,"name":"EF/0h/s1_ef_smash_wave_main/ef_smash_wave_main_00003"},{"time":1.0333,"name":"EF/0h/s1_ef_smash_wave_main/ef_smash_wave_main_00004"},{"time":1.0666,"name":"EF/0h/s1_ef_smash_wave_main/ef_smash_wave_main_00005"},{"time":1.1,"name":"EF/0h/s1_ef_smash_wave_main/ef_smash_wave_main_00006"},{"time":1.1333,"name":"EF/0h/s1_ef_smash_wave_main/ef_smash_wave_main_00007"},{"time":1.1666,"name":"EF/0h/s1_ef_smash_wave_main/ef_smash_wave_main_00008"},{"time":1.2,"name":"EF/0h/s1_ef_smash_wave_main/ef_smash_wave_main_00001"},{"time":1.2333,"name":"EF/0h/s1_ef_smash_wave_main/ef_smash_wave_main_00002"},{"time":1.2666,"name":"EF/0h/s1_ef_smash_wave_main/ef_smash_wave_main_00003"},{"time":1.3,"name":"EF/0h/s1_ef_smash_wave_main/ef_smash_wave_main_00004"},{"time":1.3333,"name":"EF/0h/s1_ef_smash_wave_main/ef_smash_wave_main_00005"},{"time":1.3666,"name":"EF/0h/s1_ef_smash_wave_main/ef_smash_wave_main_00006"},{"time":1.4,"name":"EF/0h/s1_ef_smash_wave_main/ef_smash_wave_main_00007"},{"time":1.4333,"name":"EF/0h/s1_ef_smash_wave_main/ef_smash_wave_main_00008"},{"time":1.4666,"name":null}]},"EF/0h/s3_ef_graund_wave_blue/ef_graund_wave_blue_00001":{"attachment":[{"time":0.7333,"name":"EF/0h/s3_ef_graund_wave_blue/ef_graund_wave_blue_00001"},{"time":0.7666,"name":"EF/0h/s3_ef_graund_wave_blue/ef_graund_wave_blue_00002"},{"time":0.8,"name":"EF/0h/s3_ef_graund_wave_blue/ef_graund_wave_blue_00003"},{"time":0.8333,"name":"EF/0h/s3_ef_graund_wave_blue/ef_graund_wave_blue_00004"},{"time":0.8666,"name":"EF/0h/s3_ef_graund_wave_blue/ef_graund_wave_blue_00005"},{"time":0.9,"name":"EF/0h/s3_ef_graund_wave_blue/ef_graund_wave_blue_00006"},{"time":0.9333,"name":"EF/0h/s3_ef_graund_wave_blue/ef_graund_wave_blue_00007"},{"time":0.9666,"name":"EF/0h/s3_ef_graund_wave_blue/ef_graund_wave_blue_00008"},{"time":1,"name":"EF/0h/s3_ef_graund_wave_blue/ef_graund_wave_blue_00009"},{"time":1.0333,"name":"EF/0h/s3_ef_graund_wave_blue/ef_graund_wave_blue_00010"},{"time":1.0666,"name":"EF/0h/s3_ef_graund_wave_blue/ef_graund_wave_blue_00011"},{"time":1.1,"name":"EF/0h/s3_ef_graund_wave_blue/ef_graund_wave_blue_00012"},{"time":1.1333,"name":"EF/0h/s3_ef_graund_wave_blue/ef_graund_wave_blue_00014"},{"time":1.1666,"name":null}]},"MAIN":{"attachment":[{"time":0,"name":"idle_00"},{"time":0.0666,"name":"idle_01"},{"time":0.3666,"name":"skill1_00"},{"time":0.4333,"name":"skill1_01"},{"time":0.4666,"name":null},{"time":0.5,"name":"front_00"},{"time":0.5666,"name":"skill1_02"},{"time":0.6333,"name":"skill1_03"},{"time":0.6666,"name":"skill1_04"},{"time":0.7333,"name":"skill1_05"},{"time":0.8,"name":"skill1_06"},{"time":0.8666,"name":"skill1_07"},{"time":0.9333,"name":"skill1_08"},{"time":1,"name":"skill1_09"},{"time":1.0666,"name":"skill1_06"},{"time":1.1333,"name":"skill1_07"},{"time":1.2,"name":"skill1_08"},{"time":1.2666,"name":"skill1_09"},{"time":1.3333,"name":"skill1_10"},{"time":1.4,"name":"skill1_11"},{"time":1.4666,"name":"skill1_12"},{"time":1.5333,"name":"skill1_13"},{"time":1.6,"name":"skill1_14"},{"time":1.6666,"name":"skill1_15"},{"time":1.7333,"name":"idle_02"},{"time":1.8,"name":"idle_01"},{"time":1.8666,"name":"idle_00"},{"time":2.1666,"name":"idle_00"}]}},"bones":{"MAIN":{"rotate":[{"time":0.4333,"angle":0,"curve":"stepped"},{"time":0.5,"angle":-3.75,"curve":"stepped"},{"time":0.5666,"angle":0,"curve":"stepped"},{"time":0.6666,"angle":0},{"time":0.7,"angle":2.23,"curve":"stepped"},{"time":0.7333,"angle":0,"curve":"stepped"},{"time":0.8666,"angle":0,"curve":"stepped"},{"time":0.9333,"angle":8.8,"curve":"stepped"},{"time":1,"angle":0}],"translate":[{"time":0.0666,"x":0,"y":0,"curve":[0.137,0.36,0.75,1]},{"time":0.1666,"x":3.66,"y":-0.68,"curve":"stepped"},{"time":0.3333,"x":3.66,"y":-0.68},{"time":0.3666,"x":3.82,"y":-2.72},{"time":0.4,"x":0,"y":0,"curve":"stepped"},{"time":0.4333,"x":0,"y":0,"curve":"stepped"},{"time":0.4666,"x":-78.12,"y":36.35},{"time":0.5333,"x":-148.48,"y":60.99,"curve":"stepped"},{"time":0.5666,"x":-197.09,"y":41.72},{"time":0.6333,"x":-228.67,"y":50.26},{"time":0.6666,"x":-240,"y":59.97},{"time":0.7333,"x":-260,"y":0,"curve":"stepped"},{"time":0.8666,"x":-260,"y":0},{"time":0.9,"x":-260,"y":2.31,"curve":"stepped"},{"time":0.9333,"x":-260,"y":0,"curve":"stepped"},{"time":1.1333,"x":-260,"y":0},{"time":1.1666,"x":-260,"y":-2.88,"curve":"stepped"},{"time":1.2,"x":-260,"y":0,"curve":"stepped"},{"time":1.2666,"x":-260,"y":0},{"time":1.3,"x":-260,"y":-2.31,"curve":"stepped"},{"time":1.3333,"x":-260,"y":0,"curve":"stepped"},{"time":1.4,"x":-260,"y":0},{"time":1.4333,"x":-260,"y":-2.31,"curve":"stepped"},{"time":1.4666,"x":-260,"y":0,"curve":"stepped"},{"time":1.8666,"x":-260,"y":0},{"time":1.9,"x":-260,"y":1.7},{"time":1.9666,"x":-260,"y":0}],"scale":[{"time":0.0666,"x":1,"y":1,"curve":[0.137,0.36,0.75,1]},{"time":0.1666,"x":1.078,"y":0.972,"curve":"stepped"},{"time":0.3666,"x":1,"y":1,"curve":"stepped"},{"time":0.4333,"x":1,"y":1,"curve":"stepped"},{"time":0.5666,"x":1,"y":1},{"time":0.6333,"x":1.267,"y":1.267,"curve":"stepped"},{"time":0.6666,"x":1,"y":1},{"time":0.7,"x":1.1,"y":1.1,"curve":"stepped"},{"time":0.7333,"x":1,"y":1,"curve":"stepped"},{"time":0.8,"x":-1,"y":1,"curve":"stepped"},{"time":0.8666,"x":-1,"y":1},{"time":0.9,"x":-0.936,"y":1.086,"curve":"stepped"},{"time":0.9333,"x":-0.912,"y":0.868},{"time":0.9666,"x":-0.959,"y":0.823,"curve":"stepped"},{"time":1,"x":-1,"y":1},{"time":1.0333,"x":-1.057,"y":0.942,"curve":"stepped"},{"time":1.0666,"x":1,"y":1},{"time":1.1,"x":0.964,"y":0.964,"curve":"stepped"},{"time":1.1333,"x":1,"y":1},{"time":1.1666,"x":1.036,"y":0.883,"curve":"stepped"},{"time":1.2,"x":0.952,"y":0.957},{"time":1.2333,"x":1,"y":1,"curve":"stepped"},{"time":1.2666,"x":1,"y":1},{"time":1.3,"x":1.04,"y":0.913,"curve":"stepped"},{"time":1.3333,"x":1.09,"y":0.957},{"time":1.3666,"x":1,"y":1.016,"curve":"stepped"},{"time":1.4,"x":1,"y":1},{"time":1.4333,"x":1,"y":0.924,"curve":"stepped"},{"time":1.4666,"x":1,"y":1,"curve":"stepped"},{"time":1.8666,"x":1,"y":1},{"time":1.9,"x":0.974,"y":1.038},{"time":1.9666,"x":1,"y":1}]},"ef_graund_shock_blue":{"translate":[{"time":0.4666,"x":100,"y":0,"curve":"stepped"},{"time":0.8333,"x":-160,"y":5.76}],"scale":[{"time":0.4666,"x":2,"y":2,"curve":"stepped"},{"time":0.8333,"x":2,"y":2},{"time":0.9333,"x":3,"y":3}]},"ef_energy_ball":{"translate":[{"time":0.7333,"x":39.52,"y":32.96}],"scale":[{"time":0.7333,"x":4.5,"y":4.5}]},"ef_graund_wave_blue":{"translate":[{"time":0.7333,"x":190,"y":0}],"scale":[{"time":0.7333,"x":2,"y":2}]},"ef_smash_wave":{"rotate":[{"time":0.8,"angle":127.99,"curve":"stepped"},{"time":1.0666,"angle":109.11,"curve":"stepped"},{"time":1.3333,"angle":129.2}],"translate":[{"time":0.8,"x":136.73,"y":127.52,"curve":"stepped"},{"time":1.0666,"x":136.73,"y":121.16,"curve":"stepped"},{"time":1.3333,"x":142.69,"y":136.06}],"scale":[{"time":0.8,"x":2.5,"y":2.5,"curve":"stepped"},{"time":1.0666,"x":3,"y":3,"curve":"stepped"},{"time":1.3333,"x":3,"y":3}]},"ef_hit":{"rotate":[{"time":0.8,"angle":56.29,"curve":"stepped"},{"time":1.0666,"angle":-42.02,"curve":"stepped"},{"time":1.3333,"angle":131.88}],"translate":[{"time":0.8,"x":134.64,"y":177.07,"curve":"stepped"},{"time":1.0666,"x":132.77,"y":115.71,"curve":"stepped"},{"time":1.3333,"x":116.73,"y":145.36}],"scale":[{"time":0.8,"x":3,"y":3,"curve":"stepped"},{"time":1.0666,"x":3.5,"y":3.5,"curve":"stepped"},{"time":1.3333,"x":3.5,"y":3.5}]},"ef_hit2":{"rotate":[{"time":0.9333,"angle":105.55,"curve":"stepped"},{"time":1.2,"angle":-137.51}],"translate":[{"time":0.9333,"x":43.45,"y":142.03,"curve":"stepped"},{"time":1.2,"x":27.6,"y":163.55}],"scale":[{"time":0.9333,"x":3,"y":3,"curve":"stepped"},{"time":1.2,"x":3.5,"y":3.5}]},"ef_smash_wave2":{"rotate":[{"time":0.9333,"angle":66.23,"curve":"stepped"},{"time":1.2,"angle":74.16}],"translate":[{"time":0.9333,"x":136.73,"y":127.52,"curve":"stepped"},{"time":1.2,"x":116.35,"y":181.88}],"scale":[{"time":0.9333,"x":2.5,"y":3,"curve":"stepped"},{"time":1.2,"x":3,"y":3}]},"DAMAGEAREA":{"translate":[{"time":0.7333,"x":-285.64,"y":150.67}],"scale":[{"time":0.7333,"x":3.576,"y":3.482}]}},"events":[{"time":0.4333,"name":"Sound1","string":"cri_se_battle_pop_landing"},{"time":0.6666,"name":"Sound1","string":"cri_se_battle_skill_swish"},{"time":0.6666,"name":"Sound3","string":"setHitSound(se_battle_025_blow_hit)"},{"time":0.6666,"name":"Voice","string":"cri_714_voice_skill_all"},{"time":0.7333,"name":"Event","float":0.12,"string":"kHitStopType_normal"},{"time":0.8,"name":"Event","float":0.12,"string":"kHitStopType_enemyonly"},{"time":0.8,"name":"Hit","string":"resetHitList"},{"time":0.8,"name":"Sound1","string":"cri_se_battle_tentacle_swing"},{"time":0.8666,"name":"Hit","string":"resetHitList"},{"time":0.9333,"name":"Hit","string":"resetHitList"},{"time":0.9333,"name":"Sound1","string":"cri_se_battle_tentacle_swing"},{"time":1,"name":"Hit","string":"resetHitList"},{"time":1.0666,"name":"Hit","string":"resetHitList"},{"time":1.0666,"name":"Sound1","string":"cri_se_battle_tentacle_swing"},{"time":1.1333,"name":"Hit","string":"resetHitList"},{"time":1.2,"name":"Hit","string":"resetHitList"},{"time":1.2,"name":"Sound1","string":"cri_se_battle_tentacle_swing"},{"time":1.2666,"name":"Hit","string":"resetHitList"},{"time":1.3333,"name":"Hit","string":"resetHitList"},{"time":1.3333,"name":"Sound1","string":"cri_se_battle_tentacle_swing"},{"time":1.4,"name":"Hit","string":"resetHitList"}]},"skill2":{"slots":{"DAMAGEAREA":{"attachment":[{"time":1.1333,"name":"DAMAGEAREA"},{"time":1.4666,"name":null},{"time":2.0333,"name":"DAMAGEAREA"},{"time":2.6333,"name":null}]},"EF/0h/as2_ef_line_main/ef_line_main_00001":{"attachment":[{"time":0.4333,"name":"EF/0h/as2_ef_line_main/ef_line_main_00001"},{"time":0.4666,"name":"EF/0h/as2_ef_line_main/ef_line_main_00002"},{"time":0.5,"name":"EF/0h/as2_ef_line_main/ef_line_main_00003"},{"time":0.5333,"name":"EF/0h/as2_ef_line_main/ef_line_main_00004"},{"time":0.5666,"name":"EF/0h/as2_ef_line_main/ef_line_main_00005"},{"time":0.6,"name":"EF/0h/as2_ef_line_main/ef_line_main_00006"},{"time":0.6333,"name":"EF/0h/as2_ef_line_main/ef_line_main_00007"},{"time":0.6666,"name":"EF/0h/as2_ef_line_main/ef_line_main_00008"},{"time":0.7,"name":"EF/0h/as2_ef_line_main/ef_line_main_00009"},{"time":0.7333,"name":null}]},"EF/0h/as2_smash_sprash_A_blue/ef_sprash_A_blue_00001":{"attachment":[{"time":0.4333,"name":"EF/0h/as2_smash_sprash_A_blue/ef_sprash_A_blue_00001"},{"time":0.4666,"name":"EF/0h/as2_smash_sprash_A_blue/ef_sprash_A_blue_00002"},{"time":0.5,"name":"EF/0h/as2_smash_sprash_A_blue/ef_sprash_A_blue_00003"},{"time":0.5333,"name":"EF/0h/as2_smash_sprash_A_blue/ef_sprash_A_blue_00004"},{"time":0.5666,"name":"EF/0h/as2_smash_sprash_A_blue/ef_sprash_A_blue_00005"},{"time":0.6,"name":"EF/0h/as2_smash_sprash_A_blue/ef_sprash_A_blue_00006"},{"time":0.6333,"name":"EF/0h/as2_smash_sprash_A_blue/ef_sprash_A_blue_00007"},{"time":0.6666,"name":"EF/0h/as2_smash_sprash_A_blue/ef_sprash_A_blue_00008"},{"time":0.7,"name":"EF/0h/as2_smash_sprash_A_blue/ef_sprash_A_blue_00009"},{"time":0.7333,"name":null}]},"EF/0h/as2_smash_wave_A_blue/ef_smash_wave_A_blue_00001":{"attachment":[{"time":0.4333,"name":"EF/0h/as2_smash_wave_A_blue/ef_smash_wave_A_blue_00001"},{"time":0.4666,"name":"EF/0h/as2_smash_wave_A_blue/ef_smash_wave_A_blue_00002"},{"time":0.5,"name":"EF/0h/as2_smash_wave_A_blue/ef_smash_wave_A_blue_00003"},{"time":0.5333,"name":"EF/0h/as2_smash_wave_A_blue/ef_smash_wave_A_blue_00004"},{"time":0.5666,"name":"EF/0h/as2_smash_wave_A_blue/ef_smash_wave_A_blue_00005"},{"time":0.6,"name":null}]},"MAIN":{"attachment":[{"time":0,"name":"idle_00"},{"time":0.0666,"name":"idle_01"},{"time":0.4333,"name":"skill2_01"},{"time":0.6333,"name":"attack1_01"},{"time":0.6666,"name":"attack1_02"},{"time":0.8,"name":null},{"time":2.8,"name":"idle_06"},{"time":2.9333,"name":"skill2_02"},{"time":3,"name":"skill2_03"},{"time":3.0666,"name":"skill2_00"},{"time":3.1333,"name":"idle_02"},{"time":3.2,"name":"idle_01"},{"time":3.2666,"name":"idle_03"},{"time":3.3333,"name":"idle_00"},{"time":3.5666,"name":"idle_00"}],"color":[{"time":0.6666,"color":"ffffffff"},{"time":0.8,"color":"ffffff00","curve":"stepped"},{"time":2.8,"color":"ffffff00"},{"time":2.9,"color":"ffffffff"}]}},"bones":{"MAIN":{"rotate":[{"time":0.6333,"angle":-5.37},{"time":0.6666,"angle":-22.7,"curve":[0.109,0.51,0.75,1]},{"time":0.8,"angle":-35.6,"curve":"stepped"},{"time":2.8,"angle":-32.96,"curve":"stepped"},{"time":2.9333,"angle":0}],"translate":[{"time":0.0666,"x":0,"y":0,"curve":[0.137,0.36,0.75,1]},{"time":0.1666,"x":3.66,"y":-0.68,"curve":"stepped"},{"time":0.4333,"x":3.66,"y":-0.68},{"time":0.4666,"x":-3.41,"y":0.56},{"time":0.5,"x":3.66,"y":-0.68,"curve":"stepped"},{"time":0.6333,"x":3.03,"y":1.18,"curve":"stepped"},{"time":0.6666,"x":3.03,"y":1.18,"curve":[0.765,0,0.75,1]},{"time":0.8,"x":-105.65,"y":77.26,"curve":"stepped"},{"time":2.8,"x":-218.84,"y":170.47},{"time":2.9,"x":-33.27,"y":28.5,"curve":"stepped"},{"time":2.9333,"x":0,"y":0},{"time":3.0333,"x":0,"y":-6.4},{"time":3.1,"x":0,"y":0}],"scale":[{"time":0.0666,"x":1,"y":1,"curve":[0.137,0.36,0.75,1]},{"time":0.1666,"x":1.078,"y":0.972,"curve":"stepped"},{"time":0.4333,"x":1.078,"y":0.972},{"time":0.4666,"x":1.152,"y":1.009},{"time":0.5,"x":1.078,"y":0.972,"curve":[0.136,0.4,0.75,1]},{"time":0.5666,"x":1,"y":1,"curve":"stepped"},{"time":0.6666,"x":1.078,"y":0.972},{"time":0.7,"x":1.312,"y":0.913,"curve":"stepped"},{"time":2.8,"x":1.312,"y":0.713},{"time":2.9,"x":1.133,"y":0.986,"curve":"stepped"},{"time":2.9333,"x":1.312,"y":0.913},{"time":3.0333,"x":1.541,"y":0.825},{"time":3.1,"x":1.312,"y":0.913},{"time":3.1666,"x":1,"y":1}]},"ef_sprash_A_blue":{"rotate":[{"time":0.4333,"angle":-39.62}],"translate":[{"time":0.4333,"x":155.9,"y":42.18}],"scale":[{"time":0.4333,"x":1.5,"y":1.5},{"time":0.6666,"x":2.5,"y":2.5}]},"ef_smash_wave_A_blue":{"rotate":[{"time":0.4333,"angle":-39.62}],"translate":[{"time":0.4333,"x":205.89,"y":42.18}],"scale":[{"time":0.4333,"x":1.3,"y":1.3},{"time":0.6,"x":2,"y":2}]},"ef_line":{"rotate":[{"time":0.4333,"angle":320}],"translate":[{"time":0.4333,"x":89.44,"y":59.62},{"time":0.5333,"x":-71.65,"y":198.08},{"time":0.7,"x":-549.66,"y":600.63}],"scale":[{"time":0.4333,"x":2,"y":2},{"time":0.5333,"x":2,"y":3},{"time":0.6333,"x":2,"y":2}]},"DAMAGEAREA":{"translate":[{"time":1.1333,"x":236.38,"y":192.06,"curve":"stepped"},{"time":2.0333,"x":103.41,"y":199.44}],"scale":[{"time":1.1333,"x":10.783,"y":6.54}]}},"events":[{"time":0,"name":"Voice","string":"cri_714_voice_fullarts_now"},{"time":0.4333,"name":"Sound1","string":"cri_se_battle_tentacle_swing"},{"time":0.8666,"name":"Event","string":"setPosition_Center"},{"time":1.0666,"name":"Sound1","string":"cri_se_battle_arrow"},{"time":1.0666,"name":"Sound2","string":"cri_se_battle_arrow_light_effect"},{"time":1.1,"name":"Event","string":"kHitStopType_normal"},{"time":1.1333,"name":"Event","string":"setHitStopTime(0.05,0.2)"},{"time":1.1333,"name":"Event2","float":1.2,"string":"shakeGround"},{"time":1.1333,"name":"Sound3","string":"setHitSound(se_battle_017_sword_hit_01)"},{"time":1.1666,"name":"Sound1","string":"cri_se_battle_arrow"},{"time":1.2,"name":"Event2","float":1.2,"string":"shakeGround"},{"time":1.2,"name":"Hit","string":"resetHitList"},{"time":1.2666,"name":"Event2","float":1.2,"string":"shakeGround"},{"time":1.2666,"name":"Hit","string":"resetHitList"},{"time":1.2666,"name":"Sound1","string":"cri_se_battle_arrow"},{"time":1.3333,"name":"Event","string":"setHitStopTime(0.05,0.8)"},{"time":1.3333,"name":"Event2","float":1.2,"string":"shakeGround"},{"time":1.3333,"name":"Hit","string":"resetHitList"},{"time":1.9,"name":"Voice","string":"cri_714_voice_fullarts_rank5"},{"time":2.0333,"name":"Event","string":"setHitStopTime(0.02,0.6)"},{"time":2.0333,"name":"Event2","float":1.2,"string":"shakeGround"},{"time":2.0333,"name":"Hit","string":"resetHitList"},{"time":2.0333,"name":"Sound1","string":"cri_se_battle_arrow"},{"time":2.0333,"name":"Sound2","string":"cri_se_battle_arrow_light_effect"},{"time":2.1,"name":"Event2","float":1.2,"string":"shakeGround"},{"time":2.1,"name":"Hit","string":"resetHitList"},{"time":2.1333,"name":"Sound1","string":"cri_se_battle_arrow"},{"time":2.1666,"name":"Event2","float":1.2,"string":"shakeGround"},{"time":2.1666,"name":"Hit","string":"resetHitList"},{"time":2.2333,"name":"Event2","float":1.2,"string":"shakeGround"},{"time":2.2333,"name":"Hit","string":"resetHitList"},{"time":2.2333,"name":"Sound1","string":"cri_se_battle_arrow"},{"time":2.3,"name":"Event2","float":1.2,"string":"shakeGround"},{"time":2.3,"name":"Hit","string":"resetHitList"},{"time":2.3666,"name":"Event2","float":1.2,"string":"shakeGround"},{"time":2.3666,"name":"Hit","string":"resetHitList"},{"time":2.4333,"name":"Event2","float":1.2,"string":"shakeGround"},{"time":2.4333,"name":"Hit","string":"resetHitList"},{"time":2.5,"name":"Event2","float":1.2,"string":"shakeGround"},{"time":2.5,"name":"Hit","string":"resetHitList"},{"time":2.9333,"name":"Sound1","string":"cri_se_battle_pop_landing"}]},"skill3":{"slots":{"DAMAGEAREA":{"attachment":[{"time":2.1333,"name":"DAMAGEAREA"},{"time":5,"name":null}]},"EF/0h/as13ef_graund_shock_blue/ef_graund_shock_blue_00001":{"attachment":[{"time":0.2666,"name":"EF/0h/as13ef_graund_shock_blue/ef_graund_shock_blue_00001"},{"time":0.3,"name":"EF/0h/as13ef_graund_shock_blue/ef_graund_shock_blue_00002"},{"time":0.3333,"name":"EF/0h/as13ef_graund_shock_blue/ef_graund_shock_blue_00003"},{"time":0.3666,"name":"EF/0h/as13ef_graund_shock_blue/ef_graund_shock_blue_00004"},{"time":0.4,"name":null}]},"EF/0h/s1_ef_energy_ball_main/ef_energy_ball_main_00001":{"attachment":[{"time":1.5666,"name":"EF/0h/s1_ef_energy_ball_main/ef_energy_ball_main_00001"},{"time":1.6,"name":"EF/0h/s1_ef_energy_ball_main/ef_energy_ball_main_00002"},{"time":1.6333,"name":"EF/0h/s1_ef_energy_ball_main/ef_energy_ball_main_00003"},{"time":1.6666,"name":"EF/0h/s1_ef_energy_ball_main/ef_energy_ball_main_00004"},{"time":1.7,"name":null}]},"EF/0h/s3_ef_graund_wave_blue/ef_graund_wave_blue_00001":{"attachment":[{"time":0.7,"name":"EF/0h/s3_ef_graund_wave_blue/ef_graund_wave_blue_00001"},{"time":0.7333,"name":"EF/0h/s3_ef_graund_wave_blue/ef_graund_wave_blue_00002"},{"time":0.7666,"name":"EF/0h/s3_ef_graund_wave_blue/ef_graund_wave_blue_00003"},{"time":0.8,"name":"EF/0h/s3_ef_graund_wave_blue/ef_graund_wave_blue_00004"},{"time":0.8333,"name":"EF/0h/s3_ef_graund_wave_blue/ef_graund_wave_blue_00005"},{"time":0.8666,"name":"EF/0h/s3_ef_graund_wave_blue/ef_graund_wave_blue_00006"},{"time":0.9,"name":"EF/0h/s3_ef_graund_wave_blue/ef_graund_wave_blue_00007"},{"time":0.9333,"name":"EF/0h/s3_ef_graund_wave_blue/ef_graund_wave_blue_00008"},{"time":0.9666,"name":"EF/0h/s3_ef_graund_wave_blue/ef_graund_wave_blue_00009"},{"time":1,"name":"EF/0h/s3_ef_graund_wave_blue/ef_graund_wave_blue_00010"},{"time":1.0333,"name":"EF/0h/s3_ef_graund_wave_blue/ef_graund_wave_blue_00011"},{"time":1.0666,"name":"EF/0h/s3_ef_graund_wave_blue/ef_graund_wave_blue_00012"},{"time":1.1,"name":"EF/0h/s3_ef_graund_wave_blue/ef_graund_wave_blue_00014"},{"time":1.1333,"name":null},{"time":1.5333,"name":"EF/0h/s3_ef_graund_wave_blue/ef_graund_wave_blue_00001"},{"time":1.5666,"name":"EF/0h/s3_ef_graund_wave_blue/ef_graund_wave_blue_00002"},{"time":1.6,"name":"EF/0h/s3_ef_graund_wave_blue/ef_graund_wave_blue_00003"},{"time":1.6333,"name":"EF/0h/s3_ef_graund_wave_blue/ef_graund_wave_blue_00004"},{"time":1.6666,"name":"EF/0h/s3_ef_graund_wave_blue/ef_graund_wave_blue_00005"},{"time":1.7,"name":"EF/0h/s3_ef_graund_wave_blue/ef_graund_wave_blue_00006"},{"time":1.7333,"name":"EF/0h/s3_ef_graund_wave_blue/ef_graund_wave_blue_00007"},{"time":1.7666,"name":"EF/0h/s3_ef_graund_wave_blue/ef_graund_wave_blue_00008"},{"time":1.8,"name":"EF/0h/s3_ef_graund_wave_blue/ef_graund_wave_blue_00009"},{"time":1.8333,"name":"EF/0h/s3_ef_graund_wave_blue/ef_graund_wave_blue_00010"},{"time":1.8666,"name":"EF/0h/s3_ef_graund_wave_blue/ef_graund_wave_blue_00011"},{"time":1.9,"name":"EF/0h/s3_ef_graund_wave_blue/ef_graund_wave_blue_00012"},{"time":1.9333,"name":"EF/0h/s3_ef_graund_wave_blue/ef_graund_wave_blue_00014"},{"time":1.9666,"name":"EF/0h/s3_ef_graund_wave_blue/ef_graund_wave_blue_00001"},{"time":2,"name":"EF/0h/s3_ef_graund_wave_blue/ef_graund_wave_blue_00002"},{"time":2.0333,"name":"EF/0h/s3_ef_graund_wave_blue/ef_graund_wave_blue_00003"},{"time":2.0666,"name":"EF/0h/s3_ef_graund_wave_blue/ef_graund_wave_blue_00004"},{"time":2.1,"name":"EF/0h/s3_ef_graund_wave_blue/ef_graund_wave_blue_00005"},{"time":2.1333,"name":"EF/0h/s3_ef_graund_wave_blue/ef_graund_wave_blue_00006"},{"time":2.1666,"name":"EF/0h/s3_ef_graund_wave_blue/ef_graund_wave_blue_00007"},{"time":2.2,"name":"EF/0h/s3_ef_graund_wave_blue/ef_graund_wave_blue_00008"},{"time":2.2333,"name":"EF/0h/s3_ef_graund_wave_blue/ef_graund_wave_blue_00009"},{"time":2.2666,"name":"EF/0h/s3_ef_graund_wave_blue/ef_graund_wave_blue_00010"},{"time":2.3,"name":"EF/0h/s3_ef_graund_wave_blue/ef_graund_wave_blue_00011"},{"time":2.3333,"name":"EF/0h/s3_ef_graund_wave_blue/ef_graund_wave_blue_00012"},{"time":2.3666,"name":"EF/0h/s3_ef_graund_wave_blue/ef_graund_wave_blue_00014"},{"time":2.4,"name":"EF/0h/s3_ef_graund_wave_blue/ef_graund_wave_blue_00001"},{"time":2.4333,"name":"EF/0h/s3_ef_graund_wave_blue/ef_graund_wave_blue_00002"},{"time":2.4666,"name":"EF/0h/s3_ef_graund_wave_blue/ef_graund_wave_blue_00003"},{"time":2.5,"name":"EF/0h/s3_ef_graund_wave_blue/ef_graund_wave_blue_00004"},{"time":2.5333,"name":"EF/0h/s3_ef_graund_wave_blue/ef_graund_wave_blue_00005"},{"time":2.5666,"name":"EF/0h/s3_ef_graund_wave_blue/ef_graund_wave_blue_00006"},{"time":2.6,"name":"EF/0h/s3_ef_graund_wave_blue/ef_graund_wave_blue_00007"},{"time":2.6333,"name":"EF/0h/s3_ef_graund_wave_blue/ef_graund_wave_blue_00008"},{"time":2.6666,"name":"EF/0h/s3_ef_graund_wave_blue/ef_graund_wave_blue_00009"},{"time":2.7,"name":"EF/0h/s3_ef_graund_wave_blue/ef_graund_wave_blue_00010"},{"time":2.7333,"name":"EF/0h/s3_ef_graund_wave_blue/ef_graund_wave_blue_00011"},{"time":2.7666,"name":"EF/0h/s3_ef_graund_wave_blue/ef_graund_wave_blue_00012"},{"time":2.8,"name":"EF/0h/s3_ef_graund_wave_blue/ef_graund_wave_blue_00014"},{"time":2.8333,"name":"EF/0h/s3_ef_graund_wave_blue/ef_graund_wave_blue_00001"},{"time":2.8666,"name":"EF/0h/s3_ef_graund_wave_blue/ef_graund_wave_blue_00002"},{"time":2.9,"name":"EF/0h/s3_ef_graund_wave_blue/ef_graund_wave_blue_00003"},{"time":2.9333,"name":"EF/0h/s3_ef_graund_wave_blue/ef_graund_wave_blue_00004"},{"time":2.9666,"name":"EF/0h/s3_ef_graund_wave_blue/ef_graund_wave_blue_00005"},{"time":3,"name":"EF/0h/s3_ef_graund_wave_blue/ef_graund_wave_blue_00006"},{"time":3.0333,"name":"EF/0h/s3_ef_graund_wave_blue/ef_graund_wave_blue_00007"},{"time":3.0666,"name":"EF/0h/s3_ef_graund_wave_blue/ef_graund_wave_blue_00008"},{"time":3.1,"name":"EF/0h/s3_ef_graund_wave_blue/ef_graund_wave_blue_00009"},{"time":3.1333,"name":"EF/0h/s3_ef_graund_wave_blue/ef_graund_wave_blue_00010"},{"time":3.1666,"name":"EF/0h/s3_ef_graund_wave_blue/ef_graund_wave_blue_00011"},{"time":3.2,"name":"EF/0h/s3_ef_graund_wave_blue/ef_graund_wave_blue_00012"},{"time":3.2333,"name":"EF/0h/s3_ef_graund_wave_blue/ef_graund_wave_blue_00014"},{"time":3.2666,"name":null}]},"EF/0h/s3_ef_graund_wave_blue/ef_graund_wave_blue_1":{"attachment":[{"time":1.7333,"name":"EF/0h/s3_ef_graund_wave_blue/ef_graund_wave_blue_00001"},{"time":1.7666,"name":"EF/0h/s3_ef_graund_wave_blue/ef_graund_wave_blue_00002"},{"time":1.8,"name":"EF/0h/s3_ef_graund_wave_blue/ef_graund_wave_blue_00003"},{"time":1.8333,"name":"EF/0h/s3_ef_graund_wave_blue/ef_graund_wave_blue_00004"},{"time":1.8666,"name":"EF/0h/s3_ef_graund_wave_blue/ef_graund_wave_blue_00005"},{"time":1.9,"name":"EF/0h/s3_ef_graund_wave_blue/ef_graund_wave_blue_00006"},{"time":1.9333,"name":"EF/0h/s3_ef_graund_wave_blue/ef_graund_wave_blue_00007"},{"time":1.9666,"name":"EF/0h/s3_ef_graund_wave_blue/ef_graund_wave_blue_00008"},{"time":2,"name":"EF/0h/s3_ef_graund_wave_blue/ef_graund_wave_blue_00009"},{"time":2.0333,"name":"EF/0h/s3_ef_graund_wave_blue/ef_graund_wave_blue_00010"},{"time":2.0666,"name":"EF/0h/s3_ef_graund_wave_blue/ef_graund_wave_blue_00011"},{"time":2.1,"name":"EF/0h/s3_ef_graund_wave_blue/ef_graund_wave_blue_00012"},{"time":2.1333,"name":"EF/0h/s3_ef_graund_wave_blue/ef_graund_wave_blue_00014"},{"time":2.1666,"name":"EF/0h/s3_ef_graund_wave_blue/ef_graund_wave_blue_00001"},{"time":2.2,"name":"EF/0h/s3_ef_graund_wave_blue/ef_graund_wave_blue_00002"},{"time":2.2333,"name":"EF/0h/s3_ef_graund_wave_blue/ef_graund_wave_blue_00003"},{"time":2.2666,"name":"EF/0h/s3_ef_graund_wave_blue/ef_graund_wave_blue_00004"},{"time":2.3,"name":"EF/0h/s3_ef_graund_wave_blue/ef_graund_wave_blue_00005"},{"time":2.3333,"name":"EF/0h/s3_ef_graund_wave_blue/ef_graund_wave_blue_00006"},{"time":2.3666,"name":"EF/0h/s3_ef_graund_wave_blue/ef_graund_wave_blue_00007"},{"time":2.4,"name":"EF/0h/s3_ef_graund_wave_blue/ef_graund_wave_blue_00008"},{"time":2.4333,"name":"EF/0h/s3_ef_graund_wave_blue/ef_graund_wave_blue_00009"},{"time":2.4666,"name":"EF/0h/s3_ef_graund_wave_blue/ef_graund_wave_blue_00010"},{"time":2.5,"name":"EF/0h/s3_ef_graund_wave_blue/ef_graund_wave_blue_00011"},{"time":2.5333,"name":"EF/0h/s3_ef_graund_wave_blue/ef_graund_wave_blue_00012"},{"time":2.5666,"name":"EF/0h/s3_ef_graund_wave_blue/ef_graund_wave_blue_00014"},{"time":2.6,"name":"EF/0h/s3_ef_graund_wave_blue/ef_graund_wave_blue_00001"},{"time":2.6333,"name":"EF/0h/s3_ef_graund_wave_blue/ef_graund_wave_blue_00002"},{"time":2.6666,"name":"EF/0h/s3_ef_graund_wave_blue/ef_graund_wave_blue_00003"},{"time":2.7,"name":"EF/0h/s3_ef_graund_wave_blue/ef_graund_wave_blue_00004"},{"time":2.7333,"name":"EF/0h/s3_ef_graund_wave_blue/ef_graund_wave_blue_00005"},{"time":2.7666,"name":"EF/0h/s3_ef_graund_wave_blue/ef_graund_wave_blue_00006"},{"time":2.8,"name":"EF/0h/s3_ef_graund_wave_blue/ef_graund_wave_blue_00007"},{"time":2.8333,"name":"EF/0h/s3_ef_graund_wave_blue/ef_graund_wave_blue_00008"},{"time":2.8666,"name":"EF/0h/s3_ef_graund_wave_blue/ef_graund_wave_blue_00009"},{"time":2.9,"name":"EF/0h/s3_ef_graund_wave_blue/ef_graund_wave_blue_00010"},{"time":2.9333,"name":"EF/0h/s3_ef_graund_wave_blue/ef_graund_wave_blue_00011"},{"time":2.9666,"name":"EF/0h/s3_ef_graund_wave_blue/ef_graund_wave_blue_00012"},{"time":3,"name":"EF/0h/s3_ef_graund_wave_blue/ef_graund_wave_blue_00014"},{"time":3.0333,"name":null}]},"EF/0h/s3_ef_smoke_wave_main/ef_smoke_wave_main_00001":{"attachment":[{"time":0.7333,"name":"EF/0h/s3_ef_smoke_wave_main/ef_smoke_wave_main_00001"},{"time":0.7666,"name":"EF/0h/s3_ef_smoke_wave_main/ef_smoke_wave_main_00002"},{"time":0.8,"name":"EF/0h/s3_ef_smoke_wave_main/ef_smoke_wave_main_00003"},{"time":0.8333,"name":"EF/0h/s3_ef_smoke_wave_main/ef_smoke_wave_main_00004"},{"time":0.8666,"name":"EF/0h/s3_ef_smoke_wave_main/ef_smoke_wave_main_00005"},{"time":0.9,"name":"EF/0h/s3_ef_smoke_wave_main/ef_smoke_wave_main_00006"},{"time":0.9333,"name":"EF/0h/s3_ef_smoke_wave_main/ef_smoke_wave_main_00007"},{"time":0.9666,"name":"EF/0h/s3_ef_smoke_wave_main/ef_smoke_wave_main_00008"},{"time":1,"name":"EF/0h/s3_ef_smoke_wave_main/ef_smoke_wave_main_00009"},{"time":1.0333,"name":"EF/0h/s3_ef_smoke_wave_main/ef_smoke_wave_main_00010"},{"time":1.0666,"name":"EF/0h/s3_ef_smoke_wave_main/ef_smoke_wave_main_00011"},{"time":1.1,"name":"EF/0h/s3_ef_smoke_wave_main/ef_smoke_wave_main_00012"},{"time":1.1333,"name":"EF/0h/s3_ef_smoke_wave_main/ef_smoke_wave_main_00013"},{"time":1.1666,"name":"EF/0h/s3_ef_smoke_wave_main/ef_smoke_wave_main_00014"},{"time":1.2,"name":"EF/0h/s3_ef_smoke_wave_main/ef_smoke_wave_main_00015"},{"time":1.2333,"name":"EF/0h/s3_ef_smoke_wave_main/ef_smoke_wave_main_00016"},{"time":1.2666,"name":null},{"time":5.4333,"name":"EF/0h/s3_ef_smoke_wave_main/ef_smoke_wave_main_00001"},{"time":5.4666,"name":"EF/0h/s3_ef_smoke_wave_main/ef_smoke_wave_main_00002"},{"time":5.5,"name":"EF/0h/s3_ef_smoke_wave_main/ef_smoke_wave_main_00003"},{"time":5.5333,"name":"EF/0h/s3_ef_smoke_wave_main/ef_smoke_wave_main_00004"},{"time":5.5666,"name":"EF/0h/s3_ef_smoke_wave_main/ef_smoke_wave_main_00005"},{"time":5.6,"name":"EF/0h/s3_ef_smoke_wave_main/ef_smoke_wave_main_00006"},{"time":5.6333,"name":"EF/0h/s3_ef_smoke_wave_main/ef_smoke_wave_main_00007"},{"time":5.6666,"name":"EF/0h/s3_ef_smoke_wave_main/ef_smoke_wave_main_00008"},{"time":5.7,"name":"EF/0h/s3_ef_smoke_wave_main/ef_smoke_wave_main_00009"},{"time":5.7333,"name":"EF/0h/s3_ef_smoke_wave_main/ef_smoke_wave_main_00010"},{"time":5.7666,"name":"EF/0h/s3_ef_smoke_wave_main/ef_smoke_wave_main_00011"},{"time":5.8,"name":"EF/0h/s3_ef_smoke_wave_main/ef_smoke_wave_main_00012"},{"time":5.8333,"name":"EF/0h/s3_ef_smoke_wave_main/ef_smoke_wave_main_00013"},{"time":5.8666,"name":"EF/0h/s3_ef_smoke_wave_main/ef_smoke_wave_main_00014"},{"time":5.9,"name":"EF/0h/s3_ef_smoke_wave_main/ef_smoke_wave_main_00015"},{"time":5.9333,"name":"EF/0h/s3_ef_smoke_wave_main/ef_smoke_wave_main_00016"},{"time":5.9666,"name":null}]},"MAIN":{"attachment":[{"time":0,"name":"idle_00"},{"time":0.0666,"name":"idle_01"},{"time":0.1333,"name":"idle_04"},{"time":0.2666,"name":"idle_05"},{"time":0.3666,"name":"idle_06"},{"time":0.4333,"name":"idle_07"},{"time":0.5,"name":"idle_08"},{"time":0.5666,"name":"idle_09"},{"time":0.6333,"name":"idle_10"},{"time":0.7,"name":"idle_04"},{"time":0.7333,"name":"skill3_00"},{"time":0.7666,"name":"skill1_05"},{"time":0.8333,"name":"skill1_06"},{"time":0.9,"name":"skill1_07"},{"time":0.9666,"name":"skill3_01"},{"time":1.0333,"name":"skill3_02"},{"time":1.0666,"name":"skill3_03"},{"time":1.5333,"name":"skill3_04"},{"time":1.6333,"name":"skill3_05"},{"time":1.9,"name":"skill3_06"},{"time":1.9666,"name":"skill3_07"},{"time":2.0333,"name":"skill3_08"},{"time":2.1,"name":"skill3_09"},{"time":2.1666,"name":"skill3_08"},{"time":2.2333,"name":"skill3_09"},{"time":2.3,"name":"skill3_08"},{"time":2.3666,"name":"skill3_09"},{"time":2.4333,"name":"skill3_08"},{"time":2.5,"name":"skill3_09"},{"time":2.5666,"name":"skill3_08"},{"time":2.6333,"name":"skill3_09"},{"time":2.7,"name":"skill3_08"},{"time":2.7666,"name":"skill3_09"},{"time":2.8333,"name":"skill3_08"},{"time":2.9,"name":"skill3_09"},{"time":2.9666,"name":"skill3_08"},{"time":3.0333,"name":"skill3_09"},{"time":3.1,"name":"skill3_08"},{"time":3.1666,"name":"skill3_09"},{"time":3.2333,"name":"skill3_08"},{"time":3.3,"name":"skill3_09"},{"time":3.3666,"name":"skill3_08"},{"time":3.4333,"name":"skill3_09"},{"time":3.5,"name":"skill3_08"},{"time":3.5666,"name":"skill3_09"},{"time":3.6333,"name":"skill3_08"},{"time":3.7,"name":"skill3_09"},{"time":3.7666,"name":"skill3_08"},{"time":3.8333,"name":"skill3_09"},{"time":3.9,"name":"skill3_08"},{"time":3.9666,"name":"skill3_09"},{"time":4.0333,"name":"skill3_08"},{"time":4.1,"name":"skill3_09"},{"time":4.1666,"name":"skill3_08"},{"time":4.2333,"name":"skill3_09"},{"time":4.3,"name":"skill3_08"},{"time":4.3666,"name":"skill3_09"},{"time":4.4333,"name":"skill3_08"},{"time":4.5,"name":"skill3_09"},{"time":4.5666,"name":"skill3_08"},{"time":4.6333,"name":"skill3_09"},{"time":4.7,"name":"skill3_08"},{"time":4.8,"name":"skill3_09"},{"time":4.9,"name":"skill3_08"},{"time":5.4333,"name":"skill3_10"},{"time":5.5333,"name":"skill3_02"},{"time":5.5666,"name":"skill3_01"},{"time":5.6333,"name":"skill1_06"},{"time":5.7,"name":"skill3_00"},{"time":5.7666,"name":"idle_01"},{"time":5.8333,"name":"idle_00"},{"time":6.3666,"name":"idle_00"}]}},"bones":{"MAIN":{"translate":[{"time":0.1333,"x":0,"y":0,"curve":[0.153,0.37,0.75,1]},{"time":0.2333,"x":0,"y":-4.63},{"time":0.2666,"x":0,"y":0},{"time":0.3333,"x":0,"y":52.5,"curve":"stepped"},{"time":0.3666,"x":0,"y":100,"curve":[0.114,0.67,0.75,1]},{"time":0.5666,"x":0,"y":132.5,"curve":[0.635,0,0.75,1]},{"time":0.6333,"x":0,"y":82.5},{"time":0.7,"x":0,"y":0},{"time":0.7333,"x":0,"y":-4.67},{"time":0.7666,"x":0,"y":0,"curve":"stepped"},{"time":0.8,"x":0,"y":0,"curve":"stepped"},{"time":0.9,"x":0,"y":4.13,"curve":[0.122,0.41,0.75,1]},{"time":0.9333,"x":0,"y":-2.75,"curve":"stepped"},{"time":0.9666,"x":0,"y":-8.26,"curve":[0.14,0.29,0.75,1]},{"time":1.0333,"x":0,"y":0,"curve":"stepped"},{"time":1.5333,"x":0,"y":0},{"time":1.5666,"x":0,"y":-1.5},{"time":1.6,"x":0,"y":0},{"time":1.6333,"x":0,"y":-1.5},{"time":1.6666,"x":0,"y":0},{"time":1.7,"x":0,"y":-1.5},{"time":1.7333,"x":0,"y":0},{"time":1.7666,"x":0,"y":-1.5},{"time":1.8,"x":0,"y":0},{"time":1.8333,"x":0,"y":-1.5},{"time":1.8666,"x":0,"y":0},{"time":1.9,"x":0,"y":-1.5},{"time":1.9333,"x":0,"y":0,"curve":"stepped"},{"time":5.5666,"x":0,"y":0,"curve":"stepped"},{"time":5.6333,"x":0,"y":0,"curve":"stepped"},{"time":5.7,"x":0,"y":15.53},{"time":5.7666,"x":0,"y":-8.7},{"time":5.8333,"x":0,"y":2.15},{"time":5.9333,"x":0,"y":6.5,"curve":[0.25,0,0.75,1]},{"time":6.0666,"x":0,"y":0},{"time":6.1333,"x":0,"y":-3.59},{"time":6.2333,"x":0,"y":0}],"scale":[{"time":0.1333,"x":1,"y":1,"curve":[0.153,0.37,0.75,1]},{"time":0.2333,"x":1.201,"y":0.914},{"time":0.2666,"x":1.177,"y":0.855},{"time":0.3333,"x":0.839,"y":1.017},{"time":0.3666,"x":0.842,"y":1.008},{"time":0.4,"x":1.096,"y":1},{"time":0.4333,"x":1,"y":1},{"time":0.5333,"x":0.918,"y":1.107},{"time":0.6333,"x":1,"y":1},{"time":0.6666,"x":0.882,"y":1.05,"curve":"stepped"},{"time":0.7,"x":1,"y":1},{"time":0.7333,"x":1.117,"y":0.824},{"time":0.7666,"x":0.879,"y":0.879},{"time":0.8,"x":1,"y":1,"curve":"stepped"},{"time":0.9,"x":0.869,"y":1.275,"curve":[0.122,0.41,0.75,1]},{"time":0.9333,"x":1,"y":1,"curve":"stepped"},{"time":0.9666,"x":0.983,"y":0.788,"curve":[0.14,0.29,0.75,1]},{"time":1.0333,"x":0.947,"y":0.947},{"time":1.0666,"x":1,"y":1,"curve":"stepped"},{"time":5.5666,"x":0.971,"y":0.971},{"time":5.6,"x":1.062,"y":1.062,"curve":"stepped"},{"time":5.6333,"x":1,"y":1},{"time":5.6666,"x":0.854,"y":0.797,"curve":"stepped"},{"time":5.7,"x":1.234,"y":2.023},{"time":5.7666,"x":1.102,"y":0.691},{"time":5.8333,"x":1.005,"y":1.089},{"time":5.9333,"x":1,"y":1},{"time":6,"x":0.971,"y":1.064},{"time":6.0666,"x":1,"y":1},{"time":6.1333,"x":1.021,"y":0.922},{"time":6.2333,"x":1,"y":1}]},"ef_graund_shock_blue":{"translate":[{"time":0.2666,"x":100,"y":0}],"scale":[{"time":0.2666,"x":1,"y":1},{"time":0.4,"x":2,"y":2}]},"ef_graund_wave_blue":{"translate":[{"time":0.7,"x":450,"y":0,"curve":"stepped"},{"time":1.5333,"x":450,"y":0}],"scale":[{"time":0.7,"x":2,"y":2},{"time":1.1,"x":2.5,"y":2.5,"curve":"stepped"},{"time":1.5333,"x":2,"y":2},{"time":1.9666,"x":3,"y":3,"curve":"stepped"},{"time":2.1666,"x":3,"y":3},{"time":2.5666,"x":4,"y":4}]},"ef_smoke_wave":{"rotate":[{"time":0.7333,"angle":90}],"scale":[{"time":0.7333,"x":3,"y":3},{"time":1.2333,"x":3.3,"y":3.3,"curve":"stepped"},{"time":5.4333,"x":2.837,"y":-3.521}]},"ef_energy_ball":{"translate":[{"time":1.5666,"x":300,"y":0}],"scale":[{"time":1.5666,"x":1,"y":1}]},"DAMAGEAREA":{"translate":[{"time":2.1333,"x":0,"y":175.78,"curve":"stepped"},{"time":3.4,"x":0,"y":175.78},{"time":5,"x":-492.82,"y":254.25}],"scale":[{"time":2.1333,"x":3.479,"y":3.81}]}},"events":[{"time":0,"name":"Sound3","string":"setHitSound(se_battle_007_attack_hit_01)"},{"time":0,"name":"Voice","string":"cri_714_voice_fullarts_now_b"},{"time":0.2666,"name":"Sound1","string":"cri_se_battle_pop_jump"},{"time":0.7,"name":"Sound1","string":"cri_se_battle_pop_landing"},{"time":0.7,"name":"Sound2","string":"cri_se_battle_037_explosion_element_05"},{"time":1.5333,"name":"Sound1","string":"cri_se_battle_skill_electric_1"},{"time":2,"name":"Event3","string":"runScript_drawEnemy"},{"time":2.0333,"name":"Event3","string":"runScript_drawEnemy"},{"time":2.0333,"name":"Sound1","string":"cri_se_battle_cyclone"},{"time":2.0333,"name":"Voice","string":"cri_714_voice_fullarts_rank6"},{"time":2.0666,"name":"Event3","string":"runScript_drawEnemy"},{"time":2.1,"name":"Event","string":"setHitBackEnemy(5,5)"},{"time":2.1,"name":"Event3","string":"runScript_drawEnemy"},{"time":2.1333,"name":"Event","float":0.15,"string":"kHitStopType_enemyonly"},{"time":2.1333,"name":"Event2","float":2,"string":"shakeGround_Loop"},{"time":2.1333,"name":"Event3","string":"runScript_drawEnemy"},{"time":2.2,"name":"Event3","string":"runScript_drawEnemy"},{"time":2.2,"name":"Hit","string":"resetHitList"},{"time":2.2666,"name":"Event3","string":"runScript_drawEnemy"},{"time":2.2666,"name":"Hit","string":"resetHitList"},{"time":2.3333,"name":"Event3","string":"runScript_drawEnemy"},{"time":2.3333,"name":"Hit","string":"resetHitList"},{"time":2.3333,"name":"Sound2","string":"cri_se_battle_darkness_explosion"},{"time":2.4,"name":"Event3","string":"runScript_drawEnemy"},{"time":2.4,"name":"Hit","string":"resetHitList"},{"time":2.4666,"name":"Event3","string":"runScript_drawEnemy"},{"time":2.4666,"name":"Hit","string":"resetHitList"},{"time":2.5333,"name":"Event3","string":"runScript_drawEnemy"},{"time":2.5333,"name":"Hit","string":"resetHitList"},{"time":2.6,"name":"Event3","string":"runScript_drawEnemy"},{"time":2.6,"name":"Hit","string":"resetHitList"},{"time":2.6666,"name":"Event3","string":"runScript_drawEnemy"},{"time":2.6666,"name":"Hit","string":"resetHitList"},{"time":2.7333,"name":"Event3","string":"runScript_drawEnemy"},{"time":2.7333,"name":"Hit","string":"resetHitList"},{"time":2.8,"name":"Hit","string":"resetHitList"},{"time":2.8666,"name":"Hit","string":"resetHitList"},{"time":2.9333,"name":"Hit","string":"resetHitList"},{"time":3,"name":"Hit","string":"resetHitList"},{"time":3.0666,"name":"Hit","string":"resetHitList"},{"time":3.1333,"name":"Event2","float":2,"string":"shakeGround_Loop"},{"time":3.1333,"name":"Hit","string":"resetHitList"},{"time":3.2,"name":"Hit","string":"resetHitList"},{"time":3.2,"name":"Sound1","string":"cri_se_battle_storm"},{"time":3.2666,"name":"Hit","string":"resetHitList"},{"time":3.3333,"name":"Hit","string":"resetHitList"},{"time":3.4,"name":"Event","string":"setHitBackEnemy(16,5)"},{"time":3.4,"name":"Hit","string":"resetHitList"},{"time":3.4666,"name":"Hit","string":"resetHitList"},{"time":3.5333,"name":"Hit","string":"resetHitList"},{"time":3.6,"name":"Hit","string":"resetHitList"},{"time":3.6666,"name":"Hit","string":"resetHitList"},{"time":3.7333,"name":"Hit","string":"resetHitList"},{"time":3.8,"name":"Hit","string":"resetHitList"},{"time":3.8666,"name":"Hit","string":"resetHitList"},{"time":3.9333,"name":"Hit","string":"resetHitList"},{"time":4,"name":"Hit","string":"resetHitList"},{"time":4.0666,"name":"Hit","string":"resetHitList"},{"time":4.1333,"name":"Event2","float":2,"string":"shakeGround_Loop"},{"time":4.1333,"name":"Hit","string":"resetHitList"},{"time":4.2,"name":"Hit","string":"resetHitList"},{"time":4.2666,"name":"Hit","string":"resetHitList"},{"time":4.3333,"name":"Hit","string":"resetHitList"},{"time":4.4,"name":"Hit","string":"resetHitList"},{"time":4.4666,"name":"Hit","string":"resetHitList"},{"time":4.5333,"name":"Hit","string":"resetHitList"},{"time":4.6,"name":"Hit","string":"resetHitList"},{"time":4.6666,"name":"Hit","string":"resetHitList"},{"time":4.7333,"name":"Hit","string":"resetHitList"},{"time":4.8,"name":"Hit","string":"resetHitList"},{"time":4.8666,"name":"Hit","string":"resetHitList"},{"time":4.9333,"name":"Event","float":200,"string":"kImpactType_up"},{"time":4.9333,"name":"Event2","float":2,"string":"shakeGround"},{"time":4.9333,"name":"Hit","string":"resetHitList"},{"time":5.4333,"name":"Sound1","string":"cri_se_battle_037_explosion_element_05"}]}}}