{"skeleton":{"hash":"klFbQbvKMK+lVxWtIYQao8oJjEs","spine":"3.0.12","width":512,"height":512,"images":"./images/"},"bones":[{"name":"root"},{"name":"MAIN","parent":"root","y":70,"color":"9c0000ff"}],"slots":[{"name":"MAIN","bone":"MAIN","attachment":"idle_00"},{"name":"EF","bone":"MAIN","blend":"additive"}],"skins":{"default":{"EF":{"EF_attack1_03":{"x":2.48,"y":2.62,"scaleX":2,"scaleY":2,"width":256,"height":256},"EF_attack1_04":{"x":2.48,"y":2.62,"scaleX":2,"scaleY":2,"width":256,"height":256},"EF_attack1_05":{"x":2.48,"y":2.62,"scaleX":2,"scaleY":2,"width":256,"height":256},"EF_attack1_06":{"x":2.48,"y":2.62,"scaleX":2,"scaleY":2,"width":256,"height":256},"EF_attack1_07":{"x":2.48,"y":2.62,"scaleX":2,"scaleY":2,"width":256,"height":256},"EF_attack1_08":{"x":2.48,"y":2.62,"scaleX":2,"scaleY":2,"width":256,"height":256},"EF_attack1_09":{"x":2.48,"y":2.62,"scaleX":2,"scaleY":2,"width":256,"height":256},"EF_attack1_10":{"x":2.48,"y":2.62,"scaleX":2,"scaleY":2,"width":256,"height":256}},"MAIN":{"attack1_00":{"x":2.48,"y":2.62,"scaleX":2,"scaleY":2,"width":256,"height":256},"attack1_01":{"x":2.48,"y":2.62,"scaleX":2,"scaleY":2,"width":256,"height":256},"attack1_02":{"x":2.48,"y":2.62,"scaleX":2,"scaleY":2,"width":256,"height":256},"attack1_03":{"x":2.48,"y":2.62,"scaleX":2,"scaleY":2,"width":256,"height":256},"attack1_04":{"x":2.48,"y":2.62,"scaleX":2,"scaleY":2,"width":256,"height":256},"attack1_05":{"x":2.48,"y":2.62,"scaleX":2,"scaleY":2,"width":256,"height":256},"attack1_06":{"x":2.48,"y":2.62,"scaleX":2,"scaleY":2,"width":256,"height":256},"attack1_07":{"x":2.48,"y":2.62,"scaleX":2,"scaleY":2,"width":256,"height":256},"attack1_08":{"x":2.48,"y":2.62,"scaleX":2,"scaleY":2,"width":256,"height":256},"attack1_09":{"x":2.48,"y":2.62,"scaleX":2,"scaleY":2,"width":256,"height":256},"attack1_10":{"x":2.48,"y":2.62,"scaleX":2,"scaleY":2,"width":256,"height":256},"back_00":{"x":2.48,"y":2.62,"scaleX":2,"scaleY":2,"width":256,"height":256},"damage_00":{"x":2.48,"y":2.62,"scaleX":2,"scaleY":2,"width":256,"height":256},"front_00":{"x":2.48,"y":2.62,"scaleX":2,"scaleY":2,"width":256,"height":256},"idle2_00":{"x":2.48,"y":2.62,"scaleX":2,"scaleY":2,"width":256,"height":256},"idle_00":{"x":2.48,"y":2.62,"scaleX":2,"scaleY":2,"width":256,"height":256},"idle_01":{"x":2.48,"y":2.62,"scaleX":2,"scaleY":2,"width":256,"height":256},"idle_02":{"x":2.48,"y":2.62,"scaleX":2,"scaleY":2,"width":256,"height":256},"idle_03":{"x":2.48,"y":2.62,"scaleX":2,"scaleY":2,"width":256,"height":256},"link_00":{"x":2.48,"y":2.62,"scaleX":2,"scaleY":2,"width":256,"height":256},"link_01":{"x":2.48,"y":2.62,"scaleX":2,"scaleY":2,"width":256,"height":256},"link_02":{"x":2.48,"y":2.62,"scaleX":2,"scaleY":2,"width":256,"height":256},"link_03":{"x":2.48,"y":2.62,"scaleX":2,"scaleY":2,"width":256,"height":256},"skill1_00":{"x":2.48,"y":2.62,"scaleX":2,"scaleY":2,"width":256,"height":256},"skill1_01":{"x":2.48,"y":2.62,"scaleX":2,"scaleY":2,"width":256,"height":256},"skill1_02":{"x":2.48,"y":2.62,"scaleX":2,"scaleY":2,"width":256,"height":256},"skill1_03":{"x":2.48,"y":2.62,"scaleX":2,"scaleY":2,"width":256,"height":256},"skill1_04":{"x":2.48,"y":2.62,"scaleX":2,"scaleY":2,"width":256,"height":256},"skill1_05":{"x":2.48,"y":2.62,"scaleX":2,"scaleY":2,"width":256,"height":256},"skill1_06":{"x":2.48,"y":2.62,"scaleX":2,"scaleY":2,"width":256,"height":256},"skill1_07":{"x":2.48,"y":2.62,"scaleX":2,"scaleY":2,"width":256,"height":256},"skill2_00":{"x":2.48,"y":2.62,"scaleX":2,"scaleY":2,"width":256,"height":256},"skill2_01":{"x":2.48,"y":2.62,"scaleX":2,"scaleY":2,"width":256,"height":256},"skill2_02":{"x":2.48,"y":2.62,"scaleX":2,"scaleY":2,"width":256,"height":256},"skill2_03":{"x":2.48,"y":2.62,"scaleX":2,"scaleY":2,"width":256,"height":256},"skill2_04":{"x":2.48,"y":2.62,"scaleX":2,"scaleY":2,"width":256,"height":256},"skill2_05":{"x":2.48,"y":2.62,"scaleX":2,"scaleY":2,"width":256,"height":256},"skill2_06":{"x":2.48,"y":2.62,"scaleX":2,"scaleY":2,"width":256,"height":256},"skill2_07":{"x":2.48,"y":2.62,"scaleX":2,"scaleY":2,"width":256,"height":256},"skill2_08":{"x":2.48,"y":2.62,"scaleX":2,"scaleY":2,"width":256,"height":256},"skill2_09":{"x":2.48,"y":2.62,"scaleX":2,"scaleY":2,"width":256,"height":256},"skill2_10":{"x":2.48,"y":2.62,"scaleX":2,"scaleY":2,"width":256,"height":256},"skill2_11":{"x":2.48,"y":2.62,"scaleX":2,"scaleY":2,"width":256,"height":256},"skill2_12":{"x":2.48,"y":2.62,"scaleX":2,"scaleY":2,"width":256,"height":256},"skill3_00":{"x":2.48,"y":2.62,"scaleX":2,"scaleY":2,"width":256,"height":256},"skill3_01":{"x":2.48,"y":2.62,"scaleX":2,"scaleY":2,"width":256,"height":256},"skill3_02":{"x":2.48,"y":2.62,"scaleX":2,"scaleY":2,"width":256,"height":256},"skill3_03":{"x":2.48,"y":2.62,"scaleX":2,"scaleY":2,"width":256,"height":256},"skill3_04":{"x":2.48,"y":2.62,"scaleX":2,"scaleY":2,"width":256,"height":256},"skill3_05":{"x":2.48,"y":2.62,"scaleX":2,"scaleY":2,"width":256,"height":256},"skill3_06":{"x":2.48,"y":2.62,"scaleX":2,"scaleY":2,"width":256,"height":256},"skill3_07":{"x":2.48,"y":2.62,"scaleX":2,"scaleY":2,"width":256,"height":256},"skill3_08":{"x":2.48,"y":2.62,"scaleX":2,"scaleY":2,"width":256,"height":256},"skill3_09":{"x":2.48,"y":2.62,"scaleX":2,"scaleY":2,"width":256,"height":256},"skill3_10":{"x":2.48,"y":2.62,"scaleX":2,"scaleY":2,"width":256,"height":256},"skill3_11":{"x":2.48,"y":2.62,"scaleX":2,"scaleY":2,"width":256,"height":256},"skill3_12":{"x":2.48,"y":2.62,"scaleX":2,"scaleY":2,"width":256,"height":256},"skill3_13":{"x":2.48,"y":2.62,"scaleX":2,"scaleY":2,"width":256,"height":256}}}},"events":{"Event":{},"Event2":{},"Hit":{"string":"resetHitList"}},"animations":{"front":{"slots":{"MAIN":{"attachment":[{"time":0,"name":"front_00"}]}}},"idle":{"slots":{"MAIN":{"attachment":[{"time":0,"name":"idle_00"},{"time":0.2333,"name":"idle_01"},{"time":0.4666,"name":"idle_02"},{"time":0.7,"name":"idle_03"},{"time":0.9333,"name":"idle_00"}]}}},"idle2":{"slots":{"MAIN":{"attachment":[{"time":0,"name":"idle2_00"}]}}}}}