{"skeleton":{"hash":"mJyUToFOr2YQqjANbLZ1d1Cp+D8","spine":"3.0.12","width":637,"height":645,"images":"./images/"},"bones":[{"name":"root"},{"name":"MAIN","parent":"root"},{"name":"Boundingbox","parent":"root"}],"slots":[{"name":"246","bone":"MAIN","attachment":"246"},{"name":"119","bone":"MAIN","attachment":"119"},{"name":"90","bone":"MAIN","attachment":"90"},{"name":"23","bone":"MAIN","attachment":"23"},{"name":"86","bone":"MAIN","attachment":"86"},{"name":"face_1","bone":"MAIN","attachment":"face_1"},{"name":"03","bone":"root"},{"name":"Boundingbox","bone":"Boundingbox"}],"skins":{"default":{"119":{"119":{"x":-25,"y":384,"width":192,"height":384}},"23":{"23":{"x":235,"y":156,"width":200,"height":72}},"246":{"246":{"x":-2.5,"y":144,"width":275,"height":96}},"86":{"86":{"x":-211.5,"y":371,"width":181,"height":550}},"90":{"90":{"x":158,"y":418,"width":174,"height":452}},"Boundingbox":{"Boundingbox":{"type":"boundingbox","vertices":[-108.68069,106.21918,-109.24771,-104.1376,108.48007,-107.53961,108.48007,105.65217]}},"face_1":{"face_1":{"x":-25,"y":658.5,"width":192,"height":165},"face_2":{"x":-25,"y":658.5,"width":192,"height":165},"face_3":{"x":-25,"y":658.5,"width":192,"height":165},"face_4":{"x":-25,"y":658.5,"width":192,"height":165},"face_5":{"x":-25,"y":658.5,"width":192,"height":165},"face_6":{"x":-25,"y":658.5,"width":192,"height":165},"face_7":{"x":-25,"y":658.5,"width":192,"height":165},"face_8":{"x":-25,"y":658.5,"width":192,"height":165},"face_9":{"x":-25,"y":658.5,"width":192,"height":165}}}},"animations":{"1":{"slots":{"119":{"attachment":[{"time":0,"name":"119"}]},"23":{"attachment":[{"time":0,"name":"23"}]},"246":{"attachment":[{"time":0,"name":"246"}]},"86":{"attachment":[{"time":0,"name":"86"}]},"90":{"attachment":[{"time":0,"name":"90"}]},"face_1":{"attachment":[{"time":0,"name":"face_1"}]}}},"2":{"slots":{"119":{"attachment":[{"time":0,"name":"119"}]},"23":{"attachment":[{"time":0,"name":"23"}]},"246":{"attachment":[{"time":0,"name":"246"}]},"86":{"attachment":[{"time":0,"name":"86"}]},"90":{"attachment":[{"time":0,"name":"90"}]},"face_1":{"attachment":[{"time":0,"name":"face_2"}]}}},"3":{"slots":{"119":{"attachment":[{"time":0,"name":"119"}]},"23":{"attachment":[{"time":0,"name":"23"}]},"246":{"attachment":[{"time":0,"name":"246"}]},"86":{"attachment":[{"time":0,"name":"86"}]},"90":{"attachment":[{"time":0,"name":"90"}]},"face_1":{"attachment":[{"time":0,"name":"face_3"}]}}},"4":{"slots":{"119":{"attachment":[{"time":0,"name":"119"}]},"23":{"attachment":[{"time":0,"name":"23"}]},"246":{"attachment":[{"time":0,"name":"246"}]},"86":{"attachment":[{"time":0,"name":"86"}]},"90":{"attachment":[{"time":0,"name":"90"}]},"face_1":{"attachment":[{"time":0,"name":"face_4"}]}}},"5":{"slots":{"119":{"attachment":[{"time":0,"name":"119"}]},"23":{"attachment":[{"time":0,"name":"23"}]},"246":{"attachment":[{"time":0,"name":"246"}]},"86":{"attachment":[{"time":0,"name":"86"}]},"90":{"attachment":[{"time":0,"name":"90"}]},"face_1":{"attachment":[{"time":0,"name":"face_5"}]}}},"6":{"slots":{"119":{"attachment":[{"time":0,"name":"119"}]},"23":{"attachment":[{"time":0,"name":"23"}]},"246":{"attachment":[{"time":0,"name":"246"}]},"86":{"attachment":[{"time":0,"name":"86"}]},"90":{"attachment":[{"time":0,"name":"90"}]},"face_1":{"attachment":[{"time":0,"name":"face_6"}]}}},"7":{"slots":{"119":{"attachment":[{"time":0,"name":"119"}]},"23":{"attachment":[{"time":0,"name":"23"}]},"246":{"attachment":[{"time":0,"name":"246"}]},"86":{"attachment":[{"time":0,"name":"86"}]},"90":{"attachment":[{"time":0,"name":"90"}]},"face_1":{"attachment":[{"time":0,"name":"face_7"}]}}},"8":{"slots":{"119":{"attachment":[{"time":0,"name":"119"}]},"23":{"attachment":[{"time":0,"name":"23"}]},"246":{"attachment":[{"time":0,"name":"246"}]},"86":{"attachment":[{"time":0,"name":"86"}]},"90":{"attachment":[{"time":0,"name":"90"}]},"face_1":{"attachment":[{"time":0,"name":"face_8"}]}}},"9":{"slots":{"119":{"attachment":[{"time":0,"name":"119"}]},"23":{"attachment":[{"time":0,"name":"23"}]},"246":{"attachment":[{"time":0,"name":"246"}]},"86":{"attachment":[{"time":0,"name":"86"}]},"90":{"attachment":[{"time":0,"name":"90"}]},"face_1":{"attachment":[{"time":0,"name":"face_9"}]}}},"windows-1":{"slots":{"119":{"attachment":[{"time":0,"name":"119"}]},"23":{"attachment":[{"time":0,"name":"23"}]},"246":{"attachment":[{"time":0,"name":"246"}]},"86":{"attachment":[{"time":0,"name":"86"}]},"90":{"attachment":[{"time":0,"name":"90"}]},"Boundingbox":{"attachment":[{"time":0,"name":"Boundingbox"}]},"face_1":{"attachment":[{"time":0,"name":"face_1"}]}},"bones":{"Boundingbox":{"translate":[{"time":0,"x":0,"y":663.49}]}}},"windows-2":{"slots":{"119":{"attachment":[{"time":0,"name":"119"}]},"23":{"attachment":[{"time":0,"name":"23"}]},"246":{"attachment":[{"time":0,"name":"246"}]},"86":{"attachment":[{"time":0,"name":"86"}]},"90":{"attachment":[{"time":0,"name":"90"}]},"Boundingbox":{"attachment":[{"time":0,"name":"Boundingbox"}]},"face_1":{"attachment":[{"time":0,"name":"face_2"}]}},"bones":{"Boundingbox":{"translate":[{"time":0,"x":0,"y":663.49}]}}},"windows-3":{"slots":{"119":{"attachment":[{"time":0,"name":"119"}]},"23":{"attachment":[{"time":0,"name":"23"}]},"246":{"attachment":[{"time":0,"name":"246"}]},"86":{"attachment":[{"time":0,"name":"86"}]},"90":{"attachment":[{"time":0,"name":"90"}]},"Boundingbox":{"attachment":[{"time":0,"name":"Boundingbox"}]},"face_1":{"attachment":[{"time":0,"name":"face_3"}]}},"bones":{"Boundingbox":{"translate":[{"time":0,"x":0,"y":663.49}]}}},"windows-4":{"slots":{"119":{"attachment":[{"time":0,"name":"119"}]},"23":{"attachment":[{"time":0,"name":"23"}]},"246":{"attachment":[{"time":0,"name":"246"}]},"86":{"attachment":[{"time":0,"name":"86"}]},"90":{"attachment":[{"time":0,"name":"90"}]},"Boundingbox":{"attachment":[{"time":0,"name":"Boundingbox"}]},"face_1":{"attachment":[{"time":0,"name":"face_4"}]}},"bones":{"Boundingbox":{"translate":[{"time":0,"x":0,"y":663.49}]}}},"windows-5":{"slots":{"119":{"attachment":[{"time":0,"name":"119"}]},"23":{"attachment":[{"time":0,"name":"23"}]},"246":{"attachment":[{"time":0,"name":"246"}]},"86":{"attachment":[{"time":0,"name":"86"}]},"90":{"attachment":[{"time":0,"name":"90"}]},"Boundingbox":{"attachment":[{"time":0,"name":"Boundingbox"}]},"face_1":{"attachment":[{"time":0,"name":"face_5"}]}},"bones":{"Boundingbox":{"translate":[{"time":0,"x":0,"y":663.49}]}}},"windows-6":{"slots":{"119":{"attachment":[{"time":0,"name":"119"}]},"23":{"attachment":[{"time":0,"name":"23"}]},"246":{"attachment":[{"time":0,"name":"246"}]},"86":{"attachment":[{"time":0,"name":"86"}]},"90":{"attachment":[{"time":0,"name":"90"}]},"Boundingbox":{"attachment":[{"time":0,"name":"Boundingbox"}]},"face_1":{"attachment":[{"time":0,"name":"face_6"}]}},"bones":{"Boundingbox":{"translate":[{"time":0,"x":0,"y":663.49}]}}},"windows-7":{"slots":{"119":{"attachment":[{"time":0,"name":"119"}]},"23":{"attachment":[{"time":0,"name":"23"}]},"246":{"attachment":[{"time":0,"name":"246"}]},"86":{"attachment":[{"time":0,"name":"86"}]},"90":{"attachment":[{"time":0,"name":"90"}]},"Boundingbox":{"attachment":[{"time":0,"name":"Boundingbox"}]},"face_1":{"attachment":[{"time":0,"name":"face_7"}]}},"bones":{"Boundingbox":{"translate":[{"time":0,"x":0,"y":663.49}]}}},"windows-8":{"slots":{"119":{"attachment":[{"time":0,"name":"119"}]},"23":{"attachment":[{"time":0,"name":"23"}]},"246":{"attachment":[{"time":0,"name":"246"}]},"86":{"attachment":[{"time":0,"name":"86"}]},"90":{"attachment":[{"time":0,"name":"90"}]},"Boundingbox":{"attachment":[{"time":0,"name":"Boundingbox"}]},"face_1":{"attachment":[{"time":0,"name":"face_8"}]}},"bones":{"Boundingbox":{"translate":[{"time":0,"x":0,"y":663.49}]}}},"windows-9":{"slots":{"119":{"attachment":[{"time":0,"name":"119"}]},"23":{"attachment":[{"time":0,"name":"23"}]},"246":{"attachment":[{"time":0,"name":"246"}]},"86":{"attachment":[{"time":0,"name":"86"}]},"90":{"attachment":[{"time":0,"name":"90"}]},"Boundingbox":{"attachment":[{"time":0,"name":"Boundingbox"}]},"face_1":{"attachment":[{"time":0,"name":"face_9"}]}},"bones":{"Boundingbox":{"translate":[{"time":0,"x":0,"y":663.49}]}}}}}