{"skeleton":{"hash":"EMRbBxx+WCFRdZzghoL1OgNlKo4","spine":"3.0.12","width":0,"height":0,"images":"./images/"},"bones":[{"name":"root"},{"name":"MAIN","parent":"root","y":30.47},{"name":"HPBAR","parent":"MAIN","x":5,"y":89.53}],"slots":[{"name":"MAIN","bone":"MAIN","attachment":"idle_00"}],"skins":{"default":{"MAIN":{"idle_00":{"y":20,"width":160,"height":160},"idle_01":{"y":20,"width":160,"height":160},"idle_02":{"y":20,"width":160,"height":160},"idle_03":{"y":20,"width":160,"height":160},"idle_04":{"y":20,"width":160,"height":160},"idle_05":{"y":20,"width":160,"height":160},"idle_06":{"y":20,"width":160,"height":160},"idle_07":{"y":20,"width":160,"height":160}}}},"events":{"EVENT":{},"HIT":{},"SOUND":{},"voice":{}},"animations":{"idle":{"slots":{"MAIN":{"attachment":[{"time":0,"name":"idle_00"},{"time":0.2,"name":"idle_01"},{"time":0.3666,"name":"idle_02"},{"time":0.4666,"name":"idle_03"},{"time":0.6,"name":"idle_04"},{"time":0.8,"name":"idle_05"},{"time":1,"name":"idle_06"},{"time":1.1,"name":"idle_07"},{"time":1.2333,"name":"idle_00"}]}},"bones":{"MAIN":{"translate":[{"time":0,"x":0,"y":0,"curve":"stepped"},{"time":0.2,"x":0,"y":5,"curve":"stepped"},{"time":0.3666,"x":0,"y":0,"curve":"stepped"},{"time":0.8,"x":0,"y":5,"curve":"stepped"},{"time":1,"x":0,"y":0}]}}}}}