{"skeleton":{"hash":"Bw3QGBoFGF5eFhEk0xlO/gzKMN8","spine":"3.0.12","width":0,"height":0},"bones":[{"name":"root"},{"name":"ef_meet_crash_main","parent":"root"},{"name":"ef_kabo_crash","parent":"root","y":45},{"name":"SHADOW-OFFSET","parent":"root"},{"name":"MAIN","parent":"root","y":45}],"slots":[{"name":"ef_meet_crash_main","bone":"ef_meet_crash_main"},{"name":"pumpkinhead00","bone":"MAIN","attachment":"pumpkinhead00"},{"name":"ef_kabo_crash","bone":"ef_kabo_crash"},{"name":"pumpkinhead_eye01","bone":"MAIN","attachment":"pumpkinhead_eye01"},{"name":"pumpkinhead_eye00","bone":"MAIN","attachment":"pumpkinhead_eye00"}],"skins":{"default":{"ef_kabo_crash":{"ef_kabo_crash_03":{"y":10.45,"scaleX":1.5,"scaleY":1.5,"width":300,"height":300},"ef_kabo_crash_05":{"y":10.45,"scaleX":1.5,"scaleY":1.5,"width":300,"height":300},"ef_kabo_crash_07":{"y":10.45,"scaleX":1.5,"scaleY":1.5,"width":300,"height":300},"ef_kabo_crash_09":{"y":10.45,"scaleX":1.5,"scaleY":1.5,"width":300,"height":300},"ef_kabo_crash_11":{"y":10.45,"scaleX":1.5,"scaleY":1.5,"width":300,"height":300},"ef_kabo_crash_13":{"y":10.45,"scaleX":1.5,"scaleY":1.5,"width":300,"height":300},"ef_kabo_crash_15":{"y":10.45,"scaleX":1.5,"scaleY":1.5,"width":300,"height":300},"ef_kabo_crash_17":{"y":10.45,"scaleX":1.5,"scaleY":1.5,"width":300,"height":300},"ef_kabo_crash_19":{"y":10.45,"scaleX":1.5,"scaleY":1.5,"width":300,"height":300},"ef_kabo_crash_21":{"y":10.45,"scaleX":1.5,"scaleY":1.5,"width":300,"height":300},"ef_kabo_crash_23":{"y":10.45,"scaleX":1.5,"scaleY":1.5,"width":300,"height":300}},"ef_meet_crash_main":{"ef_meet_crash_main/ef_meet_crash_main_00002":{"x":1.5,"y":130.85,"width":300,"height":300},"ef_meet_crash_main/ef_meet_crash_main_00003":{"x":1.5,"y":130.85,"width":300,"height":300},"ef_meet_crash_main/ef_meet_crash_main_00004":{"x":1.5,"y":130.85,"width":300,"height":300},"ef_meet_crash_main/ef_meet_crash_main_00005":{"x":1.5,"y":130.85,"width":300,"height":300},"ef_meet_crash_main/ef_meet_crash_main_00006":{"x":1.5,"y":130.85,"width":300,"height":300},"ef_meet_crash_main/ef_meet_crash_main_00007":{"x":1.5,"y":130.85,"width":300,"height":300},"ef_meet_crash_main/ef_meet_crash_main_00008":{"x":1.5,"y":130.85,"width":300,"height":300},"ef_meet_crash_main/ef_meet_crash_main_00009":{"x":1.5,"y":130.85,"width":300,"height":300},"ef_meet_crash_main/ef_meet_crash_main_00010":{"x":1.5,"y":130.85,"width":300,"height":300}},"pumpkinhead00":{"pumpkinhead00":{"y":11.7,"width":165,"height":165}},"pumpkinhead_eye00":{"pumpkinhead_eye00":{"y":11.7,"width":165,"height":165}},"pumpkinhead_eye01":{"pumpkinhead_eye01":{"y":11.7,"width":165,"height":165}}}},"animations":{"idle":{"slots":{"pumpkinhead_eye00":{"color":[{"time":0,"color":"ffffffa8","curve":[0.584,0.01,0.597,0.79]},{"time":1.5,"color":"ffffffff","curve":[0.496,0.09,0.444,0.88]},{"time":3,"color":"ffffffa8"}]},"pumpkinhead_eye01":{"attachment":[{"time":0,"name":"pumpkinhead_eye01"}],"color":[{"time":0,"color":"ffffffce","curve":[0.443,0.4,0.407,0.79]},{"time":1.5,"color":"ffffff00","curve":[0.398,0.12,0.835,0.48]},{"time":3,"color":"ffffffce"}]}}},"idle2":{"slots":{"pumpkinhead_eye00":{"color":[{"time":0,"color":"ffffffa8","curve":[0.584,0.01,0.597,0.79]},{"time":1.6666,"color":"ffffffff","curve":[0.496,0.09,0.444,0.88]},{"time":3,"color":"ffffffa8"}]},"pumpkinhead_eye01":{"attachment":[{"time":0,"name":"pumpkinhead_eye01"}],"color":[{"time":0,"color":"ffffffce","curve":[0.443,0.4,0.407,0.79]},{"time":1.6666,"color":"ffffff00","curve":[0.398,0.12,0.835,0.48]},{"time":3,"color":"ffffffce"}]}},"bones":{"MAIN":{"rotate":[{"time":0,"angle":10}],"translate":[{"time":0,"x":0,"y":-2}]}}},"idle3":{"slots":{"pumpkinhead_eye00":{"color":[{"time":0,"color":"ffffffa8","curve":[0.584,0.01,0.597,0.79]},{"time":1.3333,"color":"ffffffff","curve":[0.496,0.09,0.444,0.88]},{"time":3,"color":"ffffffa8"}]},"pumpkinhead_eye01":{"attachment":[{"time":0,"name":"pumpkinhead_eye01"}],"color":[{"time":0,"color":"ffffffce","curve":[0.443,0.4,0.407,0.79]},{"time":1.3333,"color":"ffffff00","curve":[0.398,0.12,0.835,0.48]},{"time":3,"color":"ffffffce"}]}},"bones":{"MAIN":{"rotate":[{"time":0,"angle":-10.02}],"translate":[{"time":0,"x":0,"y":-2}]}}},"in":{"slots":{"pumpkinhead00":{"color":[{"time":0,"color":"ffffff00","curve":[0.765,0.08,0.711,0.99]},{"time":0.3333,"color":"ffffffff"}]},"pumpkinhead_eye00":{"attachment":[{"time":0,"name":"pumpkinhead_eye00"}],"color":[{"time":0,"color":"ffffff00","curve":"stepped"},{"time":0.3333,"color":"ffffff00","curve":[0.598,0,0.537,0.97]},{"time":0.5333,"color":"ffffffff","curve":[0.738,0,0.75,1]},{"time":1,"color":"ffffffce"}]},"pumpkinhead_eye01":{"attachment":[{"time":0,"name":"pumpkinhead_eye01"}],"color":[{"time":0,"color":"ffffff00","curve":[0.765,0.08,0.711,0.99]},{"time":0.3333,"color":"ffffffce","curve":"stepped"},{"time":1,"color":"ffffffce"}]}},"bones":{"MAIN":{"rotate":[{"time":0,"angle":12.45,"curve":[0.65,0.05,0.859,0.51]},{"time":0.3333,"angle":10,"curve":[0.25,0,0.75,1]},{"time":0.4333,"angle":2.73,"curve":[0.25,0,0.75,1]},{"time":0.5333,"angle":350,"curve":[0.25,0,0.75,1]},{"time":0.6333,"angle":10,"curve":[0.25,0,0.75,1]},{"time":0.7,"angle":2.73,"curve":[0.25,0,0.75,1]},{"time":0.7666,"angle":-3.37},{"time":0.8333,"angle":0},{"time":0.9,"angle":-3.8},{"time":0.9666,"angle":-2.94}],"translate":[{"time":0,"x":0,"y":1355,"curve":[0.394,0.15,0.73,0.65]},{"time":0.3333,"x":-5,"y":-10,"curve":[0.166,0.66,0.75,1]},{"time":0.4333,"x":0,"y":7.92,"curve":[0.25,0,0.827,0.48]},{"time":0.5333,"x":5,"y":-0.17,"curve":[0.342,0.43,0.679,0.75]},{"time":0.5666,"x":-1.71,"y":6.89,"curve":[0.385,0.76,0.733,1]},{"time":0.6333,"x":-7,"y":1.41,"curve":[0.166,0.66,0.75,1]},{"time":0.7,"x":-3.42,"y":4.06,"curve":[0.25,0,0.827,0.48]},{"time":0.7666,"x":2.73,"y":0},{"time":0.8,"x":0.54,"y":2},{"time":0.8333,"x":0,"y":0},{"time":0.8666,"x":0,"y":1},{"time":0.9,"x":0,"y":0},{"time":0.9666,"x":0,"y":-1.29}],"scale":[{"time":0,"x":1,"y":1,"curve":"stepped"},{"time":0.3333,"x":1,"y":0.943,"curve":[0.305,0.45,0.624,0.77]},{"time":0.3666,"x":1.2,"y":1.2,"curve":[0.281,0.51,0.604,0.82]},{"time":0.4,"x":1,"y":1.052,"curve":[0.275,0.7,0.601,0.91]},{"time":0.4333,"x":1,"y":1.057,"curve":[0.658,0,0.861,0.47]},{"time":0.5333,"x":1,"y":0.981,"curve":"stepped"},{"time":0.6,"x":1,"y":0.981,"curve":[0.179,0.88,0.382,0.97]},{"time":0.6333,"x":1,"y":0.97},{"time":0.7666,"x":1,"y":1}]}}},"in2":{"slots":{"pumpkinhead00":{"color":[{"time":0,"color":"ffffff00","curve":[0.765,0.08,0.711,0.99]},{"time":0.3333,"color":"ffffffff"}]},"pumpkinhead_eye00":{"attachment":[{"time":0,"name":"pumpkinhead_eye00"}],"color":[{"time":0,"color":"ffffff00","curve":"stepped"},{"time":0.3333,"color":"ffffff00","curve":[0.598,0,0.537,0.97]},{"time":0.5333,"color":"ffffffff","curve":[0.738,0,0.75,1]},{"time":1,"color":"ffffffa8"}]},"pumpkinhead_eye01":{"attachment":[{"time":0,"name":"pumpkinhead_eye01"}],"color":[{"time":0,"color":"ffffff00","curve":[0.765,0.08,0.711,0.99]},{"time":0.3333,"color":"ffffffce","curve":"stepped"},{"time":1,"color":"ffffffce"}]}},"bones":{"MAIN":{"rotate":[{"time":0,"angle":-23.97,"curve":[0.525,0.25,0.793,0.62]},{"time":0.3333,"angle":4.78,"curve":[0.25,0,0.75,1]},{"time":0.4333,"angle":2.73,"curve":[0.018,0.71,0.75,1]},{"time":0.6,"angle":-16.61,"curve":[0.836,0.15,0.656,0.54]},{"time":1,"angle":10}],"translate":[{"time":0,"x":29,"y":1355,"curve":[0.394,0.15,0.73,0.65]},{"time":0.3333,"x":0,"y":-6.51,"curve":[0.548,0,0.861,0.41]},{"time":0.4333,"x":0.12,"y":5.34,"curve":[0.291,0,0.629,0.34]},{"time":0.4666,"x":0.53,"y":-2.87,"curve":[0.308,0.22,0.645,0.56]},{"time":0.5,"x":1.36,"y":9.73,"curve":[0.313,0.21,0.674,0.56]},{"time":0.6,"x":5.73,"y":4.52,"curve":[0.427,0.29,0.805,0.64]},{"time":1,"x":0,"y":-2}],"scale":[{"time":0,"x":1,"y":1,"curve":"stepped"},{"time":0.3333,"x":1,"y":0.872,"curve":[0.254,0.47,0.581,0.78]},{"time":0.3666,"x":1.2,"y":1.2,"curve":[0.27,0.55,0.6,0.84]},{"time":0.4,"x":1,"y":0.996,"curve":[0.281,0.77,0.612,0.88]},{"time":0.4333,"x":1,"y":1,"curve":"stepped"},{"time":0.5333,"x":1,"y":0.974,"curve":[0.373,0,0.704,0.15]},{"time":1,"x":1,"y":1}]}}},"in3":{"slots":{"pumpkinhead00":{"color":[{"time":0,"color":"ffffff00","curve":[0.765,0.08,0.711,0.99]},{"time":0.3333,"color":"ffffffff"}]},"pumpkinhead_eye00":{"attachment":[{"time":0,"name":"pumpkinhead_eye00"}],"color":[{"time":0,"color":"ffffff00","curve":"stepped"},{"time":0.3333,"color":"ffffff00","curve":[0.598,0,0.537,0.97]},{"time":0.5333,"color":"ffffffff","curve":[0.738,0,0.75,1]},{"time":1,"color":"ffffffa8"}]},"pumpkinhead_eye01":{"attachment":[{"time":0,"name":"pumpkinhead_eye01"}],"color":[{"time":0,"color":"ffffff00","curve":[0.765,0.08,0.711,0.99]},{"time":0.3333,"color":"ffffffce","curve":"stepped"},{"time":1,"color":"ffffffce"}]}},"bones":{"MAIN":{"rotate":[{"time":0,"angle":-23.97,"curve":[0.525,0.25,0.793,0.62]},{"time":0.3333,"angle":-4.78,"curve":[0.25,0,0.75,1]},{"time":0.4333,"angle":-2.74,"curve":[0.25,0,0.75,1]},{"time":0.5333,"angle":-351.52,"curve":[0.941,0.07,0.734,0.49]},{"time":1,"angle":-10.02}],"translate":[{"time":0,"x":29,"y":1355,"curve":[0.394,0.15,0.73,0.65]},{"time":0.3333,"x":0,"y":-6.51,"curve":[0.548,0,0.861,0.41]},{"time":0.4333,"x":-0.12,"y":5.34,"curve":[0.25,0,0.827,0.48]},{"time":0.5333,"x":-5.14,"y":-0.69,"curve":[0.335,0,0.668,0.31]},{"time":0.5666,"x":-5.1,"y":3.23,"curve":[0.335,0.21,0.668,0.53]},{"time":0.6,"x":-4.97,"y":0.73,"curve":[0.348,0.09,0.681,0.36]},{"time":1,"x":0,"y":-2}],"scale":[{"time":0,"x":1,"y":1,"curve":"stepped"},{"time":0.3333,"x":1,"y":0.872,"curve":[0.254,0.47,0.581,0.78]},{"time":0.3666,"x":1.2,"y":1.2,"curve":[0.27,0.55,0.6,0.84]},{"time":0.4,"x":1,"y":0.996,"curve":[0.281,0.77,0.612,0.88]},{"time":0.4333,"x":1,"y":1,"curve":"stepped"},{"time":0.5333,"x":1,"y":0.974,"curve":[0.373,0,0.704,0.15]},{"time":1,"x":1,"y":1}]}}},"out":{"slots":{"ef_kabo_crash":{"attachment":[{"time":0.2,"name":"ef_kabo_crash_03"},{"time":0.2333,"name":"ef_kabo_crash_05"},{"time":0.2666,"name":"ef_kabo_crash_07"},{"time":0.3,"name":"ef_kabo_crash_09"},{"time":0.3333,"name":"ef_kabo_crash_11"},{"time":0.3666,"name":"ef_kabo_crash_13"},{"time":0.4,"name":"ef_kabo_crash_15"},{"time":0.4333,"name":"ef_kabo_crash_17"},{"time":0.4666,"name":"ef_kabo_crash_19"},{"time":0.5,"name":"ef_kabo_crash_21"},{"time":0.5333,"name":"ef_kabo_crash_23"},{"time":0.6666,"name":null}],"color":[{"time":0.2,"color":"ffffffff","curve":[0.25,0,0.823,0.44]},{"time":0.6666,"color":"ffffff00"}]},"ef_meet_crash_main":{"attachment":[{"time":0.2,"name":"ef_meet_crash_main/ef_meet_crash_main_00002"},{"time":0.2666,"name":"ef_meet_crash_main/ef_meet_crash_main_00003"},{"time":0.3,"name":"ef_meet_crash_main/ef_meet_crash_main_00004"},{"time":0.3333,"name":"ef_meet_crash_main/ef_meet_crash_main_00005"},{"time":0.3666,"name":"ef_meet_crash_main/ef_meet_crash_main_00006"},{"time":0.4,"name":"ef_meet_crash_main/ef_meet_crash_main_00007"},{"time":0.4333,"name":"ef_meet_crash_main/ef_meet_crash_main_00008"},{"time":0.4666,"name":"ef_meet_crash_main/ef_meet_crash_main_00009"},{"time":0.5333,"name":"ef_meet_crash_main/ef_meet_crash_main_00010"},{"time":0.6666,"name":null}],"color":[{"time":0.4,"color":"ffffffff"},{"time":0.6666,"color":"ffffff00"}]},"pumpkinhead00":{"color":[{"time":0.1666,"color":"ffffffff","curve":[0,1,0.087,0.95]},{"time":0.4666,"color":"ffffff00"}]},"pumpkinhead_eye00":{"color":[{"time":0,"color":"ffffffa8","curve":[0.584,0.01,0.597,0.79]},{"time":0.1666,"color":"ffffffff","curve":[0,1,0.087,0.95]},{"time":0.4666,"color":"ffffff00"}]},"pumpkinhead_eye01":{"attachment":[{"time":0,"name":"pumpkinhead_eye01"}],"color":[{"time":0,"color":"ffffffce","curve":[0.443,0.4,0.407,0.79]},{"time":0.1666,"color":"ffffffff","curve":[0.318,0.41,0.608,0.82]},{"time":0.6666,"color":"ffffff00"}]}},"bones":{"MAIN":{"rotate":[{"time":0,"angle":0},{"time":0.0333,"angle":3.48},{"time":0.0666,"angle":0.14},{"time":0.1,"angle":3.48},{"time":0.1333,"angle":0.14}],"translate":[{"time":0,"x":0,"y":0},{"time":0.0333,"x":-1.04,"y":0},{"time":0.0666,"x":0.52,"y":0},{"time":0.1,"x":-1.04,"y":0},{"time":0.1333,"x":0.52,"y":0}],"scale":[{"time":0,"x":1,"y":1,"curve":[0.243,0,0.838,0.39]},{"time":0.1333,"x":0.98,"y":0.98,"curve":"stepped"},{"time":0.1666,"x":0.98,"y":0.98,"curve":[0.004,0.96,0.225,0.96]},{"time":0.6666,"x":2,"y":2}]},"ef_meet_crash_main":{"scale":[{"time":0.2,"x":0.5,"y":0.5},{"time":0.2666,"x":1,"y":1,"curve":[0.11,0.9,0.332,0.98]},{"time":0.6666,"x":1.25,"y":1}]},"SHADOW-OFFSET":{"scale":[{"time":0,"x":1,"y":1},{"time":0.3333,"x":0,"y":0}]}}},"out2":{"slots":{"ef_kabo_crash":{"attachment":[{"time":0.2,"name":"ef_kabo_crash_03"},{"time":0.2333,"name":"ef_kabo_crash_05"},{"time":0.2666,"name":"ef_kabo_crash_07"},{"time":0.3,"name":"ef_kabo_crash_09"},{"time":0.3333,"name":"ef_kabo_crash_11"},{"time":0.3666,"name":"ef_kabo_crash_13"},{"time":0.4,"name":"ef_kabo_crash_15"},{"time":0.4333,"name":"ef_kabo_crash_17"},{"time":0.4666,"name":"ef_kabo_crash_19"},{"time":0.5,"name":"ef_kabo_crash_21"},{"time":0.5333,"name":"ef_kabo_crash_23"},{"time":0.6666,"name":null}],"color":[{"time":0.2,"color":"ffffffff","curve":[0.25,0,0.823,0.44]},{"time":0.6666,"color":"ffffff00"}]},"ef_meet_crash_main":{"attachment":[{"time":0.2,"name":"ef_meet_crash_main/ef_meet_crash_main_00002"},{"time":0.2666,"name":"ef_meet_crash_main/ef_meet_crash_main_00003"},{"time":0.3,"name":"ef_meet_crash_main/ef_meet_crash_main_00004"},{"time":0.3333,"name":"ef_meet_crash_main/ef_meet_crash_main_00005"},{"time":0.3666,"name":"ef_meet_crash_main/ef_meet_crash_main_00006"},{"time":0.4,"name":"ef_meet_crash_main/ef_meet_crash_main_00007"},{"time":0.4333,"name":"ef_meet_crash_main/ef_meet_crash_main_00008"},{"time":0.4666,"name":"ef_meet_crash_main/ef_meet_crash_main_00009"},{"time":0.5333,"name":"ef_meet_crash_main/ef_meet_crash_main_00010"},{"time":0.6666,"name":null}],"color":[{"time":0.4,"color":"ffffffff"},{"time":0.6666,"color":"ffffff00"}]},"pumpkinhead00":{"color":[{"time":0.1666,"color":"ffffffff","curve":[0,1,0.087,0.95]},{"time":0.4666,"color":"ffffff00"}]},"pumpkinhead_eye00":{"color":[{"time":0,"color":"ffffffa8","curve":[0.584,0.01,0.597,0.79]},{"time":0.1666,"color":"ffffffff","curve":[0,1,0.087,0.95]},{"time":0.4666,"color":"ffffff00"}]},"pumpkinhead_eye01":{"attachment":[{"time":0,"name":"pumpkinhead_eye01"}],"color":[{"time":0,"color":"ffffffce","curve":[0.443,0.4,0.407,0.79]},{"time":0.1666,"color":"ffffffff","curve":[0.318,0.41,0.608,0.82]},{"time":0.6666,"color":"ffffff00"}]}},"bones":{"MAIN":{"rotate":[{"time":0,"angle":10},{"time":0.0333,"angle":7.59},{"time":0.0666,"angle":10},{"time":0.1,"angle":7.59},{"time":0.1333,"angle":10}],"translate":[{"time":0,"x":0,"y":-2},{"time":0.0333,"x":0,"y":1.11},{"time":0.0666,"x":0,"y":-2},{"time":0.1,"x":0,"y":1.11},{"time":0.1333,"x":0,"y":-2}],"scale":[{"time":0,"x":1,"y":1,"curve":[0.243,0,0.838,0.39]},{"time":0.1333,"x":0.98,"y":0.98,"curve":"stepped"},{"time":0.1666,"x":0.98,"y":0.98,"curve":[0.004,0.96,0.225,0.96]},{"time":0.6666,"x":2,"y":2}]},"ef_kabo_crash":{"rotate":[{"time":0.2,"angle":10}]},"ef_meet_crash_main":{"rotate":[{"time":0.2,"angle":7.47}],"scale":[{"time":0.2,"x":0.5,"y":0.5},{"time":0.2666,"x":1,"y":1,"curve":[0.11,0.9,0.332,0.98]},{"time":0.6666,"x":1.25,"y":1}]},"SHADOW-OFFSET":{"scale":[{"time":0,"x":1,"y":1},{"time":0.3333,"x":0,"y":0}]}}},"out3":{"slots":{"ef_kabo_crash":{"attachment":[{"time":0.2,"name":"ef_kabo_crash_03"},{"time":0.2333,"name":"ef_kabo_crash_05"},{"time":0.2666,"name":"ef_kabo_crash_07"},{"time":0.3,"name":"ef_kabo_crash_09"},{"time":0.3333,"name":"ef_kabo_crash_11"},{"time":0.3666,"name":"ef_kabo_crash_13"},{"time":0.4,"name":"ef_kabo_crash_15"},{"time":0.4333,"name":"ef_kabo_crash_17"},{"time":0.4666,"name":"ef_kabo_crash_19"},{"time":0.5,"name":"ef_kabo_crash_21"},{"time":0.5333,"name":"ef_kabo_crash_23"},{"time":0.6666,"name":null}],"color":[{"time":0.2,"color":"ffffffff","curve":[0.25,0,0.823,0.44]},{"time":0.6666,"color":"ffffff00"}]},"ef_meet_crash_main":{"attachment":[{"time":0.2,"name":"ef_meet_crash_main/ef_meet_crash_main_00002"},{"time":0.2666,"name":"ef_meet_crash_main/ef_meet_crash_main_00003"},{"time":0.3,"name":"ef_meet_crash_main/ef_meet_crash_main_00004"},{"time":0.3333,"name":"ef_meet_crash_main/ef_meet_crash_main_00005"},{"time":0.3666,"name":"ef_meet_crash_main/ef_meet_crash_main_00006"},{"time":0.4,"name":"ef_meet_crash_main/ef_meet_crash_main_00007"},{"time":0.4333,"name":"ef_meet_crash_main/ef_meet_crash_main_00008"},{"time":0.4666,"name":"ef_meet_crash_main/ef_meet_crash_main_00009"},{"time":0.5333,"name":"ef_meet_crash_main/ef_meet_crash_main_00010"},{"time":0.6666,"name":null}],"color":[{"time":0.4,"color":"ffffffff"},{"time":0.6666,"color":"ffffff00"}]},"pumpkinhead00":{"color":[{"time":0.1666,"color":"ffffffff","curve":[0,1,0.087,0.95]},{"time":0.4666,"color":"ffffff00"}]},"pumpkinhead_eye00":{"color":[{"time":0,"color":"ffffffa8","curve":[0.584,0.01,0.597,0.79]},{"time":0.1666,"color":"ffffffff","curve":[0,1,0.087,0.95]},{"time":0.4666,"color":"ffffff00"}]},"pumpkinhead_eye01":{"attachment":[{"time":0,"name":"pumpkinhead_eye01"}],"color":[{"time":0,"color":"ffffffce","curve":[0.443,0.4,0.407,0.79]},{"time":0.1666,"color":"ffffffff","curve":[0.318,0.41,0.608,0.82]},{"time":0.6666,"color":"ffffff00"}]}},"bones":{"MAIN":{"rotate":[{"time":0,"angle":-10.02},{"time":0.0333,"angle":-5.58},{"time":0.0666,"angle":-10.02},{"time":0.1,"angle":-5.58},{"time":0.1333,"angle":-10.02}],"translate":[{"time":0,"x":0,"y":-2},{"time":0.0333,"x":-0.14,"y":-0.1},{"time":0.0666,"x":0,"y":-2},{"time":0.1,"x":-0.14,"y":-0.1},{"time":0.1333,"x":0,"y":-2}],"scale":[{"time":0,"x":1,"y":1,"curve":[0.243,0,0.838,0.39]},{"time":0.1333,"x":0.98,"y":0.98,"curve":"stepped"},{"time":0.1666,"x":0.98,"y":0.98,"curve":[0.004,0.96,0.225,0.96]},{"time":0.6666,"x":2,"y":2}]},"ef_kabo_crash":{"rotate":[{"time":0.2,"angle":-10.02}]},"ef_meet_crash_main":{"rotate":[{"time":0.2,"angle":-10.02}],"scale":[{"time":0.2,"x":-0.5,"y":0.5},{"time":0.2666,"x":-1,"y":1,"curve":[0.11,0.9,0.332,0.98]},{"time":0.6666,"x":-1.25,"y":1}]},"SHADOW-OFFSET":{"scale":[{"time":0,"x":1,"y":1},{"time":0.3333,"x":0,"y":0}]}}}}}