{"skeleton":{"hash":"VYfd7MESRw3VPg+n6QTsZxzolEc","spine":"3.0.12","width":0,"height":0},"bones":[{"name":"root"},{"name":"ring_yellow","parent":"root","x":100,"y":-200},{"name":"graund_wave_4","parent":"root","x":100,"y":-150},{"name":"graund_wave_3","parent":"root","x":100,"y":-150},{"name":"graund_wave_2","parent":"root","x":100,"y":-150},{"name":"graund_wave_1","parent":"root","x":100,"y":-150},{"name":"earth_5","parent":"root","x":200,"y":-100},{"name":"earth_4","parent":"root","x":200,"y":-100},{"name":"earth_3","parent":"root","x":200,"y":-100},{"name":"earth_2","parent":"root","x":200,"y":-100},{"name":"earth_1","parent":"root","x":200,"y":-100},{"name":"dash_yellow","parent":"root","x":100,"y":-50},{"name":"MAIN","parent":"root","y":77},{"name":"HITBOX","parent":"MAIN","y":-77},{"name":"DotEF","parent":"root","x":100,"y":600},{"name":"DAMAGEAREA","parent":"root"},{"name":"shine_yellow","parent":"root","x":100,"y":-250},{"name":"slash_1","parent":"root","x":-100,"y":-300},{"name":"slash_2","parent":"root","x":-100,"y":-300},{"name":"weapon_A_main","parent":"root"},{"name":"weapon_B_main","parent":"root"}],"slots":[{"name":"EF/allEF/main_graund_wave_yellow/ef_graund_wave_yellow_00002","bone":"graund_wave_1","blend":"additive"},{"name":"EF/allEF/main_graund_wave_yellow/ef_graund_wave_yellow_2","bone":"graund_wave_2","blend":"additive"},{"name":"EF/allEF/main_graund_wave_yellow/ef_graund_wave_yellow_3","bone":"graund_wave_3","blend":"additive"},{"name":"EF/allEF/main_graund_wave_yellow/ef_graund_wave_yellow_4","bone":"graund_wave_4","blend":"additive"},{"name":"EF/Slash/100_S3_slash1_00000","bone":"slash_1","blend":"additive"},{"name":"EF/Slash/100_S3_slash1_0","bone":"slash_2","blend":"additive"},{"name":"DAMAGEAREA","bone":"DAMAGEAREA","blend":"additive"},{"name":"EF/efr_ATK2_earth2_00001","bone":"earth_1","blend":"additive"},{"name":"EF/efr_ATK2_earth2_1","bone":"earth_2","blend":"additive"},{"name":"EF/efr_ATK2_earth2_2","bone":"earth_3","blend":"additive"},{"name":"EF/efr_ATK2_earth2_3","bone":"earth_4","blend":"additive"},{"name":"EF/efr_ATK2_earth2_4","bone":"earth_5","blend":"additive"},{"name":"MAIN","bone":"MAIN","attachment":"idle_00"},{"name":"weapon_A_main","bone":"weapon_A_main"},{"name":"weapon_B_main","bone":"weapon_B_main"},{"name":"EF/DOT/attack_04_EF","bone":"DotEF","blend":"additive"},{"name":"EF/allEF/main_dash_yellow/ef_dash_yellow_00002","bone":"dash_yellow","blend":"additive"},{"name":"EF/allEF/main_ring_yellow/ef_ring_yellow_00001","bone":"ring_yellow","blend":"additive"},{"name":"EF/allEF/main_shine_yellow/ef_shine_yellow_00001","bone":"shine_yellow","blend":"additive"},{"name":"HITBOX","bone":"HITBOX","attachment":"HITBOX"}],"skins":{"default":{"DAMAGEAREA":{"DAMAGEAREA":{"type":"boundingbox","vertices":[-98.71672,-98.7474,98.15106,-98.7474,98.15106,98.74335,-98.71672,98.12035]}},"EF/DOT/attack_04_EF":{"EF/DOT/attack_04_EF":{"scaleX":2,"scaleY":2,"width":250,"height":250},"EF/DOT/attack_05_EF1":{"scaleX":2,"scaleY":2,"width":250,"height":250},"EF/DOT/attack_05_EF2":{"scaleX":2,"scaleY":2,"width":250,"height":250},"EF/DOT/attack_06_EF":{"scaleX":2,"scaleY":2,"width":250,"height":250},"EF/DOT/attack_07_EF":{"scaleX":2,"scaleY":2,"width":250,"height":250},"EF/DOT/attack_09_EF1":{"scaleX":2,"scaleY":2,"width":250,"height":250},"EF/DOT/attack_09_EF2":{"scaleX":2,"scaleY":2,"width":250,"height":250}},"EF/Slash/100_S3_slash1_0":{"EF/Slash/100_S3_slash1_00000":{"x":50.23,"y":0.85,"rotation":-40.11,"width":250,"height":250},"EF/Slash/100_S3_slash1_00001":{"x":50.23,"y":0.85,"rotation":-40.11,"width":250,"height":250},"EF/Slash/100_S3_slash1_00002":{"x":50.23,"y":0.85,"rotation":-40.11,"width":250,"height":250},"EF/Slash/100_S3_slash1_00003":{"x":50.23,"y":0.85,"rotation":-40.11,"width":250,"height":250},"EF/Slash/100_S3_slash1_00004":{"x":50.23,"y":0.85,"rotation":-40.11,"width":250,"height":250},"EF/Slash/100_S3_slash1_00005":{"x":50.23,"y":0.85,"rotation":-40.11,"width":250,"height":250}},"EF/Slash/100_S3_slash1_00000":{"EF/Slash/100_S3_slash1_00000":{"x":50.23,"y":0.85,"rotation":-40.11,"width":250,"height":250},"EF/Slash/100_S3_slash1_00001":{"x":50.23,"y":0.85,"rotation":-40.11,"width":250,"height":250},"EF/Slash/100_S3_slash1_00002":{"x":50.23,"y":0.85,"rotation":-40.11,"width":250,"height":250},"EF/Slash/100_S3_slash1_00003":{"x":50.23,"y":0.85,"rotation":-40.11,"width":250,"height":250},"EF/Slash/100_S3_slash1_00004":{"x":50.23,"y":0.85,"rotation":-40.11,"width":250,"height":250},"EF/Slash/100_S3_slash1_00005":{"x":50.23,"y":0.85,"rotation":-40.11,"width":250,"height":250}},"EF/allEF/main_dash_yellow/ef_dash_yellow_00002":{"EF/allEF/main_dash_yellow/ef_dash_yellow_00002":{"x":29.94,"y":19.86,"width":200,"height":200},"EF/allEF/main_dash_yellow/ef_dash_yellow_00004":{"x":29.94,"y":19.86,"width":200,"height":200},"EF/allEF/main_dash_yellow/ef_dash_yellow_00006":{"x":29.94,"y":19.86,"width":200,"height":200},"EF/allEF/main_dash_yellow/ef_dash_yellow_00008":{"x":29.94,"y":19.86,"width":200,"height":200},"EF/allEF/main_dash_yellow/ef_dash_yellow_00010":{"x":29.94,"y":19.86,"width":200,"height":200},"EF/allEF/main_dash_yellow/ef_dash_yellow_00012":{"x":29.94,"y":19.86,"width":200,"height":200}},"EF/allEF/main_graund_wave_yellow/ef_graund_wave_yellow_00002":{"EF/allEF/main_graund_wave_yellow/ef_graund_wave_yellow_00002":{"x":-1.57,"y":19.87,"width":400,"height":240},"EF/allEF/main_graund_wave_yellow/ef_graund_wave_yellow_00004":{"x":-1.57,"y":19.87,"width":400,"height":240},"EF/allEF/main_graund_wave_yellow/ef_graund_wave_yellow_00006":{"x":-1.57,"y":19.87,"width":400,"height":240},"EF/allEF/main_graund_wave_yellow/ef_graund_wave_yellow_00008":{"x":-1.57,"y":19.87,"width":400,"height":240},"EF/allEF/main_graund_wave_yellow/ef_graund_wave_yellow_00010":{"x":-1.57,"y":19.87,"width":400,"height":240},"EF/allEF/main_graund_wave_yellow/ef_graund_wave_yellow_00012":{"x":-1.57,"y":19.87,"width":400,"height":240},"EF/allEF/main_graund_wave_yellow/ef_graund_wave_yellow_00014":{"x":-1.57,"y":19.87,"width":400,"height":240}},"EF/allEF/main_graund_wave_yellow/ef_graund_wave_yellow_2":{"EF/allEF/main_graund_wave_yellow/ef_graund_wave_yellow_00002":{"x":-1.57,"y":19.87,"width":400,"height":240},"EF/allEF/main_graund_wave_yellow/ef_graund_wave_yellow_00004":{"x":-1.57,"y":19.87,"width":400,"height":240},"EF/allEF/main_graund_wave_yellow/ef_graund_wave_yellow_00006":{"x":-1.57,"y":19.87,"width":400,"height":240},"EF/allEF/main_graund_wave_yellow/ef_graund_wave_yellow_00008":{"x":-1.57,"y":19.87,"width":400,"height":240},"EF/allEF/main_graund_wave_yellow/ef_graund_wave_yellow_00010":{"x":-1.57,"y":19.87,"width":400,"height":240},"EF/allEF/main_graund_wave_yellow/ef_graund_wave_yellow_00012":{"x":-1.57,"y":19.87,"width":400,"height":240},"EF/allEF/main_graund_wave_yellow/ef_graund_wave_yellow_00014":{"x":-1.57,"y":19.87,"width":400,"height":240}},"EF/allEF/main_graund_wave_yellow/ef_graund_wave_yellow_3":{"EF/allEF/main_graund_wave_yellow/ef_graund_wave_yellow_00002":{"x":-1.57,"y":19.87,"width":400,"height":240},"EF/allEF/main_graund_wave_yellow/ef_graund_wave_yellow_00004":{"x":-1.57,"y":19.87,"width":400,"height":240},"EF/allEF/main_graund_wave_yellow/ef_graund_wave_yellow_00006":{"x":-1.57,"y":19.87,"width":400,"height":240},"EF/allEF/main_graund_wave_yellow/ef_graund_wave_yellow_00008":{"x":-1.57,"y":19.87,"width":400,"height":240},"EF/allEF/main_graund_wave_yellow/ef_graund_wave_yellow_00010":{"x":-1.57,"y":19.87,"width":400,"height":240},"EF/allEF/main_graund_wave_yellow/ef_graund_wave_yellow_00012":{"x":-1.57,"y":19.87,"width":400,"height":240},"EF/allEF/main_graund_wave_yellow/ef_graund_wave_yellow_00014":{"x":-1.57,"y":19.87,"width":400,"height":240}},"EF/allEF/main_graund_wave_yellow/ef_graund_wave_yellow_4":{"EF/allEF/main_graund_wave_yellow/ef_graund_wave_yellow_00002":{"x":-1.57,"y":19.87,"width":400,"height":240},"EF/allEF/main_graund_wave_yellow/ef_graund_wave_yellow_00004":{"x":-1.57,"y":19.87,"width":400,"height":240},"EF/allEF/main_graund_wave_yellow/ef_graund_wave_yellow_00006":{"x":-1.57,"y":19.87,"width":400,"height":240},"EF/allEF/main_graund_wave_yellow/ef_graund_wave_yellow_00008":{"x":-1.57,"y":19.87,"width":400,"height":240},"EF/allEF/main_graund_wave_yellow/ef_graund_wave_yellow_00010":{"x":-1.57,"y":19.87,"width":400,"height":240},"EF/allEF/main_graund_wave_yellow/ef_graund_wave_yellow_00012":{"x":-1.57,"y":19.87,"width":400,"height":240},"EF/allEF/main_graund_wave_yellow/ef_graund_wave_yellow_00014":{"x":-1.57,"y":19.87,"width":400,"height":240}},"EF/allEF/main_ring_yellow/ef_ring_yellow_00001":{"EF/allEF/main_ring_yellow/ef_ring_yellow_00001":{"x":-9.01,"y":-11.45,"width":350,"height":350},"EF/allEF/main_ring_yellow/ef_ring_yellow_00002":{"x":-9.01,"y":-11.45,"width":350,"height":350},"EF/allEF/main_ring_yellow/ef_ring_yellow_00003":{"x":-9.01,"y":-11.45,"width":350,"height":350},"EF/allEF/main_ring_yellow/ef_ring_yellow_00004":{"x":-9.01,"y":-11.45,"width":350,"height":350},"EF/allEF/main_ring_yellow/ef_ring_yellow_00005":{"x":-9.01,"y":-11.45,"width":350,"height":350},"EF/allEF/main_ring_yellow/ef_ring_yellow_00006":{"x":-9.01,"y":-11.45,"width":350,"height":350},"EF/allEF/main_ring_yellow/ef_ring_yellow_00007":{"x":-9.01,"y":-11.45,"width":350,"height":350},"EF/allEF/main_ring_yellow/ef_ring_yellow_00008":{"x":-9.01,"y":-11.45,"width":350,"height":350},"EF/allEF/main_ring_yellow/ef_ring_yellow_00009":{"x":-9.01,"y":-11.45,"width":350,"height":350},"EF/allEF/main_ring_yellow/ef_ring_yellow_00010":{"x":-9.01,"y":-11.45,"width":350,"height":350},"EF/allEF/main_ring_yellow/ef_ring_yellow_00011":{"x":-9.01,"y":-11.45,"width":350,"height":350},"EF/allEF/main_ring_yellow/ef_ring_yellow_00012":{"x":-9.01,"y":-11.45,"width":350,"height":350}},"EF/allEF/main_shine_yellow/ef_shine_yellow_00001":{"EF/allEF/main_shine_yellow/ef_shine_yellow_00001":{"x":0.53,"y":-0.61,"width":125,"height":125},"EF/allEF/main_shine_yellow/ef_shine_yellow_00002":{"x":0.53,"y":-0.61,"width":125,"height":125},"EF/allEF/main_shine_yellow/ef_shine_yellow_00003":{"x":0.53,"y":-0.61,"width":125,"height":125},"EF/allEF/main_shine_yellow/ef_shine_yellow_00004":{"x":0.53,"y":-0.61,"width":125,"height":125},"EF/allEF/main_shine_yellow/ef_shine_yellow_00005":{"x":0.53,"y":-0.61,"width":125,"height":125},"EF/allEF/main_shine_yellow/ef_shine_yellow_00006":{"x":0.53,"y":-0.61,"width":125,"height":125},"EF/allEF/main_shine_yellow/ef_shine_yellow_00007":{"x":0.53,"y":-0.61,"width":125,"height":125},"EF/allEF/main_shine_yellow/ef_shine_yellow_00008":{"x":0.53,"y":-0.61,"width":125,"height":125},"EF/allEF/main_shine_yellow/ef_shine_yellow_00009":{"x":0.53,"y":-0.61,"width":125,"height":125},"EF/allEF/main_shine_yellow/ef_shine_yellow_00010":{"x":0.53,"y":-0.61,"width":125,"height":125},"EF/allEF/main_shine_yellow/ef_shine_yellow_00011":{"x":0.53,"y":-0.61,"width":125,"height":125},"EF/allEF/main_shine_yellow/ef_shine_yellow_00012":{"x":0.53,"y":-0.61,"width":125,"height":125},"EF/allEF/main_shine_yellow/ef_shine_yellow_00013":{"x":0.53,"y":-0.61,"width":125,"height":125},"EF/allEF/main_shine_yellow/ef_shine_yellow_00014":{"x":0.53,"y":-0.61,"width":125,"height":125}},"EF/efr_ATK2_earth2_00001":{"EF/efr_ATK2_earth2_00001":{"x":-6.29,"y":-4.37,"width":300,"height":57}},"EF/efr_ATK2_earth2_1":{"EF/efr_ATK2_earth2_00001":{"x":-6.29,"y":-4.37,"width":300,"height":57}},"EF/efr_ATK2_earth2_2":{"EF/efr_ATK2_earth2_00001":{"x":-6.29,"y":-4.37,"width":300,"height":57}},"EF/efr_ATK2_earth2_3":{"EF/efr_ATK2_earth2_00001":{"x":-6.29,"y":-4.37,"width":300,"height":57}},"EF/efr_ATK2_earth2_4":{"EF/efr_ATK2_earth2_00001":{"x":-6.29,"y":-4.37,"width":300,"height":57}},"HITBOX":{"HITBOX":{"type":"boundingbox","vertices":[-18.13056,0.40272,23.51936,-0.02227,22.66934,136.4025,-19.40556,136.4025]}},"MAIN":{"attack_01":{"x":-15.61,"y":16.16,"scaleX":2,"scaleY":2,"width":250,"height":250},"attack_02":{"x":-15.61,"y":16.16,"scaleX":2,"scaleY":2,"width":250,"height":250},"attack_03":{"x":-15.61,"y":16.16,"scaleX":2,"scaleY":2,"width":250,"height":250},"attack_05":{"x":-15.61,"y":16.16,"scaleX":2,"scaleY":2,"width":250,"height":250},"attack_06":{"x":-15.61,"y":16.16,"scaleX":2,"scaleY":2,"width":250,"height":250},"attack_07":{"x":-15.61,"y":16.16,"scaleX":2,"scaleY":2,"width":250,"height":250},"attack_08":{"x":-15.61,"y":16.16,"scaleX":2,"scaleY":2,"width":250,"height":250},"attack_09":{"x":-15.61,"y":16.16,"scaleX":2,"scaleY":2,"width":250,"height":250},"attack_04a":{"x":-15.61,"y":16.16,"scaleX":2,"scaleY":2,"width":250,"height":250},"attack_04b":{"x":-15.61,"y":16.16,"scaleX":2,"scaleY":2,"width":250,"height":250},"back_00":{"x":-15.61,"y":16.16,"scaleX":2,"scaleY":2,"width":250,"height":250},"damage_00":{"x":-15.61,"y":16.16,"scaleX":2,"scaleY":2,"width":250,"height":250},"front_00":{"x":-15.61,"y":16.16,"scaleX":2,"scaleY":2,"width":250,"height":250},"idle_00":{"x":-15.61,"y":16.16,"scaleX":2,"scaleY":2,"width":250,"height":250},"idle_01":{"x":-15.61,"y":16.16,"scaleX":2,"scaleY":2,"width":250,"height":250},"idle_02":{"x":-15.61,"y":16.16,"scaleX":2,"scaleY":2,"width":250,"height":250},"idle_03":{"x":-15.61,"y":16.16,"scaleX":2,"scaleY":2,"width":250,"height":250},"skill1_01":{"x":-15.61,"y":16.16,"scaleX":2,"scaleY":2,"width":250,"height":250},"skill1_02":{"x":-15.61,"y":16.16,"scaleX":2,"scaleY":2,"width":250,"height":250},"skill1_03":{"x":-15.61,"y":16.16,"scaleX":2,"scaleY":2,"width":250,"height":250},"skill1_04":{"x":-15.61,"y":16.16,"scaleX":2,"scaleY":2,"width":250,"height":250},"skill1_05":{"x":-15.61,"y":16.16,"scaleX":2,"scaleY":2,"width":250,"height":250},"skill1_06":{"x":-15.61,"y":16.16,"scaleX":2,"scaleY":2,"width":250,"height":250},"skill1_07":{"x":-15.61,"y":16.16,"scaleX":2,"scaleY":2,"width":250,"height":250},"skill1_08":{"x":-15.61,"y":16.16,"scaleX":2,"scaleY":2,"width":250,"height":250},"skill2_01":{"x":-15.61,"y":16.16,"scaleX":2,"scaleY":2,"width":250,"height":250},"skill2_02":{"x":-20.91,"y":-7,"scaleX":2,"scaleY":2,"width":250,"height":250},"skill2_03":{"x":-48.12,"y":16.16,"scaleX":2,"scaleY":2,"width":250,"height":250},"skill2_04":{"x":-15.61,"y":16.16,"scaleX":2,"scaleY":2,"width":250,"height":250},"skill2_05":{"x":-15.61,"y":16.16,"scaleX":2,"scaleY":2,"width":250,"height":250},"skill2_06":{"x":-15.61,"y":16.16,"scaleX":2,"scaleY":2,"width":250,"height":250},"skill2_07":{"x":-15.61,"y":16.16,"scaleX":2,"scaleY":2,"width":250,"height":250},"skill2_08":{"x":-15.61,"y":16.16,"scaleX":2,"scaleY":2,"width":250,"height":250},"skill2_09":{"x":-15.61,"y":16.16,"scaleX":2,"scaleY":2,"width":250,"height":250},"skill2_10":{"x":-15.61,"y":16.16,"scaleX":2,"scaleY":2,"width":250,"height":250},"skill2_12":{"x":-15.61,"y":16.16,"scaleX":2,"scaleY":2,"width":250,"height":250},"skill2_13":{"x":-15.61,"y":16.16,"scaleX":2,"scaleY":2,"width":250,"height":250},"skill2_14":{"x":-15.61,"y":16.16,"scaleX":2,"scaleY":2,"width":250,"height":250},"skill2_15":{"x":-15.61,"y":16.16,"scaleX":2,"scaleY":2,"width":250,"height":250},"skill2_11a":{"x":-15.61,"y":16.16,"scaleX":2,"scaleY":2,"width":250,"height":250},"skill2_11b":{"x":-15.61,"y":16.16,"scaleX":2,"scaleY":2,"width":250,"height":250},"skill3_01":{"x":-15.61,"y":16.16,"scaleX":2,"scaleY":2,"width":250,"height":250},"skill3_02":{"x":-15.61,"y":16.16,"scaleX":2,"scaleY":2,"width":250,"height":250},"skill3_03":{"x":-15.61,"y":16.16,"scaleX":2,"scaleY":2,"width":250,"height":250},"skill3_04":{"x":-15.61,"y":16.16,"scaleX":2,"scaleY":2,"width":250,"height":250},"skill3_05":{"x":-15.61,"y":16.16,"scaleX":2,"scaleY":2,"width":250,"height":250},"skill3_06":{"x":10.59,"y":16.16,"scaleX":2,"scaleY":2,"width":250,"height":250},"skill3_07":{"x":4.77,"y":16.16,"scaleX":2,"scaleY":2,"width":250,"height":250},"skill3_08":{"x":-15.61,"y":16.16,"scaleX":2,"scaleY":2,"width":250,"height":250},"skill3_09":{"x":-15.61,"y":16.16,"scaleX":2,"scaleY":2,"width":250,"height":250},"skill3_10":{"x":-15.61,"y":16.16,"scaleX":2,"scaleY":2,"width":250,"height":250},"skill3_11":{"x":-15.61,"y":16.16,"scaleX":2,"scaleY":2,"width":250,"height":250},"skill3_12":{"x":-15.61,"y":16.16,"scaleX":2,"scaleY":2,"width":250,"height":250}},"weapon_A_main":{"EF/weapon/attack_06_weapon_A":{"x":-12.62,"y":5.78,"scaleX":2,"scaleY":2,"width":250,"height":250},"EF/weapon/attack_07_weapon_A":{"x":-12.62,"y":5.78,"scaleX":2,"scaleY":2,"width":250,"height":250},"EF/weapon/attack_08_weapon_A":{"x":-12.62,"y":5.78,"scaleX":2,"scaleY":2,"width":250,"height":250},"EF/weapon/skill3_05_weaponA":{"x":-12.62,"y":5.78,"scaleX":2,"scaleY":2,"width":250,"height":250}},"weapon_B_main":{"EF/weapon/attack_06_weapon_B":{"x":-12.62,"y":5.78,"scaleX":2,"scaleY":2,"width":250,"height":250},"EF/weapon/attack_07_weapon_B":{"x":-12.62,"y":5.78,"scaleX":2,"scaleY":2,"width":250,"height":250},"EF/weapon/attack_08_weapon_B":{"x":-12.62,"y":5.78,"scaleX":2,"scaleY":2,"width":250,"height":250},"EF/weapon/skill3_05_weaponB":{"x":-12.62,"y":5.78,"scaleX":2,"scaleY":2,"width":250,"height":250}}}},"events":{"Event":{},"Event2":{},"Hit":{},"Sound1":{},"Sound2":{},"Sound3":{},"Voice":{}},"animations":{"attack1":{"slots":{"DAMAGEAREA":{"attachment":[{"time":0.7333,"name":"DAMAGEAREA"},{"time":1.6666,"name":null}]},"EF/DOT/attack_04_EF":{"attachment":[{"time":0.4333,"name":"EF/DOT/attack_04_EF"},{"time":0.5,"name":"EF/DOT/attack_05_EF1"},{"time":0.5666,"name":null},{"time":0.6,"name":"EF/DOT/attack_05_EF2"},{"time":0.7,"name":null},{"time":0.7333,"name":"EF/DOT/attack_06_EF"},{"time":0.8,"name":"EF/DOT/attack_07_EF"},{"time":0.8666,"name":null},{"time":1.6666,"name":"EF/DOT/attack_09_EF1"},{"time":1.7333,"name":"EF/DOT/attack_09_EF2"},{"time":1.8,"name":null}]},"MAIN":{"attachment":[{"time":0,"name":"idle_00"},{"time":0.0333,"name":"attack_01"},{"time":0.1666,"name":"attack_02"},{"time":0.3,"name":"attack_03"},{"time":0.4333,"name":"attack_04b"},{"time":0.5,"name":"attack_05"},{"time":0.7333,"name":"attack_06"},{"time":0.8666,"name":"attack_07"},{"time":1,"name":"attack_06"},{"time":1.1333,"name":"attack_07"},{"time":1.2666,"name":"attack_06"},{"time":1.4,"name":"attack_07"},{"time":1.5666,"name":"attack_08"},{"time":1.6666,"name":"attack_09"},{"time":1.8,"name":"attack_04a"},{"time":1.8333,"name":"idle_00"}]},"weapon_A_main":{"attachment":[{"time":0.7333,"name":"EF/weapon/attack_06_weapon_A"},{"time":0.9333,"name":"EF/weapon/attack_07_weapon_A"},{"time":1.3,"name":"EF/weapon/attack_08_weapon_A"},{"time":1.6666,"name":null}]},"weapon_B_main":{"attachment":[{"time":0.7333,"name":"EF/weapon/attack_06_weapon_B"},{"time":1.1333,"name":"EF/weapon/attack_07_weapon_B"},{"time":1.4333,"name":"EF/weapon/attack_08_weapon_B"},{"time":1.6666,"name":null}]}},"bones":{"MAIN":{"translate":[{"time":0.4333,"x":0,"y":0,"curve":[0.239,0.4,0.589,0.73]},{"time":0.6,"x":7,"y":0,"curve":"stepped"},{"time":0.7333,"x":-11.97,"y":0,"curve":"stepped"},{"time":1.5666,"x":-11.97,"y":0,"curve":"stepped"},{"time":1.6666,"x":-11.97,"y":0,"curve":[0.126,0.8,0.397,0.98]},{"time":1.8333,"x":0,"y":0}]},"weapon_B_main":{"rotate":[{"time":0.7333,"angle":0},{"time":0.7666,"angle":120},{"time":0.8,"angle":240},{"time":0.8333,"angle":0},{"time":0.8666,"angle":120},{"time":0.9,"angle":240},{"time":0.9333,"angle":0},{"time":0.9666,"angle":120},{"time":1,"angle":240},{"time":1.0333,"angle":0},{"time":1.0666,"angle":120},{"time":1.1,"angle":240},{"time":1.1333,"angle":0},{"time":1.1666,"angle":120},{"time":1.2,"angle":240},{"time":1.2333,"angle":0},{"time":1.2666,"angle":120},{"time":1.3,"angle":240},{"time":1.3333,"angle":0},{"time":1.3666,"angle":120},{"time":1.4,"angle":240},{"time":1.4333,"angle":0},{"time":1.4666,"angle":120},{"time":1.5,"angle":240},{"time":1.5333,"angle":0},{"time":1.5666,"angle":120},{"time":1.6,"angle":240},{"time":1.6333,"angle":0}],"translate":[{"time":0.7333,"x":-66.83,"y":17.35,"curve":[0.25,0,0.835,0.51]},{"time":0.9,"x":-299.66,"y":-11.75},{"time":1.0333,"x":-392.69,"y":68.69},{"time":1.2666,"x":-392.69,"y":85.18,"curve":[0.25,0,0.85,0.7]},{"time":1.5333,"x":-233.93,"y":118.7},{"time":1.6333,"x":-98.08,"y":61.29}]},"weapon_A_main":{"rotate":[{"time":0.7333,"angle":0},{"time":0.7666,"angle":120},{"time":0.8,"angle":240},{"time":0.8333,"angle":0},{"time":0.8666,"angle":120},{"time":0.9,"angle":240},{"time":0.9333,"angle":0},{"time":0.9666,"angle":120},{"time":1,"angle":240},{"time":1.0333,"angle":0},{"time":1.0666,"angle":120},{"time":1.1,"angle":240},{"time":1.1333,"angle":0},{"time":1.1666,"angle":120},{"time":1.2,"angle":240},{"time":1.2333,"angle":0},{"time":1.2666,"angle":120},{"time":1.3,"angle":240},{"time":1.3333,"angle":0},{"time":1.3666,"angle":120},{"time":1.4,"angle":240},{"time":1.4333,"angle":0},{"time":1.4666,"angle":120},{"time":1.5,"angle":240},{"time":1.5333,"angle":0},{"time":1.5666,"angle":120},{"time":1.6,"angle":240},{"time":1.6333,"angle":0}],"translate":[{"time":0.7333,"x":-112.86,"y":34.64,"curve":[0.25,0,0.835,0.51]},{"time":0.9333,"x":-321.83,"y":28.37},{"time":1.0666,"x":-400,"y":44.79},{"time":1.3,"x":-400,"y":61.28,"curve":[0.25,0,0.85,0.7]},{"time":1.5333,"x":-277.93,"y":119.14},{"time":1.6333,"x":-115.45,"y":93.07}]},"DotEF":{"translate":[{"time":0.4333,"x":-115.71,"y":-504,"curve":"stepped"},{"time":0.4666,"x":-112.92,"y":-504,"curve":"stepped"},{"time":0.5,"x":-112.21,"y":-504,"curve":"stepped"},{"time":0.6,"x":-108.71,"y":-504,"curve":"stepped"},{"time":0.7333,"x":-125.08,"y":-504,"curve":"stepped"},{"time":1.6666,"x":-125.08,"y":-504,"curve":"stepped"},{"time":1.7,"x":-118.38,"y":-504,"curve":"stepped"},{"time":1.8333,"x":-115.71,"y":-504}]},"DAMAGEAREA":{"translate":[{"time":0.7333,"x":-75.61,"y":22.36,"curve":[0.544,0.19,0.8,0.65]},{"time":0.9333,"x":-313.1,"y":15.97},{"time":1.0666,"x":-388.72,"y":55.37},{"time":1.2,"x":-388.72,"y":74.05,"curve":[0.25,0,0.897,0.33]},{"time":1.5,"x":-281.15,"y":106.92},{"time":1.6333,"x":-87.68,"y":71.06}],"scale":[{"time":0.7333,"x":0.85,"y":0.542},{"time":0.8,"x":0.681,"y":0.593},{"time":0.8333,"x":0.686,"y":0.589},{"time":0.8666,"x":0.602,"y":0.544},{"time":0.9,"x":0.561,"y":0.596},{"time":0.9333,"x":0.564,"y":0.574},{"time":0.9666,"x":0.542,"y":0.512},{"time":1,"x":0.566,"y":0.482},{"time":1.0333,"x":0.565,"y":0.572},{"time":1.0666,"x":0.564,"y":0.592},{"time":1.1,"x":0.575,"y":0.622},{"time":1.1333,"x":0.564,"y":0.6},{"time":1.1666,"x":0.564,"y":0.612},{"time":1.2,"x":0.608,"y":0.625},{"time":1.2333,"x":0.572,"y":0.632},{"time":1.2666,"x":0.545,"y":0.62},{"time":1.3,"x":0.568,"y":0.602},{"time":1.3333,"x":0.56,"y":0.602},{"time":1.3666,"x":0.554,"y":0.555},{"time":1.4,"x":0.601,"y":0.584},{"time":1.4333,"x":0.603,"y":0.582},{"time":1.4666,"x":0.606,"y":0.488},{"time":1.5,"x":0.707,"y":0.545},{"time":1.5333,"x":0.68,"y":0.492},{"time":1.5666,"x":0.68,"y":0.555},{"time":1.6,"x":0.741,"y":0.555},{"time":1.6333,"x":0.741,"y":0.646}]},"root":{"translate":[{"time":0,"x":-10,"y":0}]}},"events":[{"time":0,"name":"Event","float":0.03,"string":"kHitStopType_normal"},{"time":0,"name":"Event2"},{"time":0,"name":"Sound3","string":"setHitSound(se_battle_thrustviolently)"},{"time":0.0333,"name":"Event","string":"setHitEffect(hit03d, 1)"},{"time":0.0666,"name":"Event","int":1,"string":"kImpactType_up"},{"time":0.3333,"name":"Voice","string":"cri_271_voice_attack_random"},{"time":0.4333,"name":"Sound1","string":"cri_se_battle_arrow_light_effect"},{"time":0.7333,"name":"Sound1","string":"cri_se_battle_arrow"},{"time":0.7333,"name":"Sound2","string":"cri_se_battle_sword_swish_heavy"},{"time":0.8333,"name":"Sound1","string":"cri_se_battle_arrow"},{"time":0.8333,"name":"Voice","string":"cri_271_voice_attack_c"},{"time":0.9333,"name":"Hit","string":"resetHitList"},{"time":0.9333,"name":"Sound1","string":"cri_se_battle_arrow"},{"time":1,"name":"Hit","string":"resetHitList"},{"time":1.0333,"name":"Sound1","string":"cri_se_battle_arrow"},{"time":1.0666,"name":"Hit","string":"resetHitList"},{"time":1.1333,"name":"Hit","string":"resetHitList"},{"time":1.1333,"name":"Sound1","string":"cri_se_battle_arrow"},{"time":1.2,"name":"Hit","string":"resetHitList"},{"time":1.2333,"name":"Sound1","string":"cri_se_battle_arrow"},{"time":1.2666,"name":"Hit","string":"resetHitList"},{"time":1.3333,"name":"Hit","string":"resetHitList"},{"time":1.3333,"name":"Sound1","string":"cri_se_battle_arrow"},{"time":1.4,"name":"Hit","string":"resetHitList"},{"time":1.4333,"name":"Sound1","string":"cri_se_battle_arrow"},{"time":1.4666,"name":"Hit","string":"resetHitList"},{"time":1.5333,"name":"Sound1","string":"cri_se_battle_arrow"},{"time":1.6333,"name":"Sound1","string":"cri_se_battle_arrow"}]},"back":{"slots":{"MAIN":{"attachment":[{"time":0,"name":"idle_00"},{"time":0.0333,"name":"back_00"},{"time":0.4333,"name":"skill1_07"},{"time":0.5666,"name":"skill1_08"},{"time":0.6666,"name":"idle_00"}]}},"bones":{"MAIN":{"translate":[{"time":0.0333,"x":40.82,"y":-13.04,"curve":[0.276,0.86,0.336,0.74]},{"time":0.2,"x":151.18,"y":6.66},{"time":0.4,"x":171.4,"y":-10.69,"curve":"stepped"},{"time":0.4333,"x":160,"y":0,"curve":[0.243,0.69,0.616,0.82]},{"time":0.6333,"x":180,"y":0,"curve":"stepped"},{"time":0.6666,"x":200,"y":0}]}},"events":[{"time":0.0333,"name":"Sound1","string":"cri_se_battle_jump"},{"time":0.4333,"name":"Sound1","string":"cri_se_battle_landing"}]},"cast":{"slots":{"MAIN":{"attachment":[{"time":0,"name":"idle_00"},{"time":0.0333,"name":"skill1_06"},{"time":0.5,"name":"skill1_08"},{"time":0.8666,"name":"skill1_01"},{"time":1,"name":"idle_00"}]}},"bones":{"MAIN":{"translate":[{"time":0,"x":0,"y":0,"curve":"stepped"},{"time":0.0333,"x":-6.21,"y":0,"curve":"stepped"},{"time":0.5,"x":-23.79,"y":-2,"curve":"stepped"},{"time":0.5333,"x":-23.79,"y":0,"curve":"stepped"},{"time":0.5666,"x":-23.79,"y":-2,"curve":"stepped"},{"time":0.6,"x":-23.79,"y":0,"curve":"stepped"},{"time":0.8666,"x":0,"y":0}]}},"events":[{"time":0.5,"name":"Voice","string":"cri_271_voice_item"}]},"damage":{"slots":{"MAIN":{"attachment":[{"time":0,"name":"damage_00"}]}}},"empty":{"events":[{"time":0,"name":"Event"},{"time":0,"name":"Event2"}]},"front":{"slots":{"MAIN":{"attachment":[{"time":0,"name":"front_00"}]}},"bones":{"MAIN":{"translate":[{"time":0,"x":0,"y":0}]}}},"idle":{"slots":{"MAIN":{"attachment":[{"time":0,"name":"idle_00"},{"time":0.2666,"name":"idle_01"},{"time":0.5,"name":"idle_02"},{"time":0.7666,"name":"idle_03"},{"time":1,"name":"idle_00"}]}},"bones":{"MAIN":{"translate":[{"time":0,"x":0,"y":0}]}}},"in":{"slots":{"MAIN":{"attachment":[{"time":0,"name":"skill1_01"},{"time":0.1,"name":"skill1_02"},{"time":0.2,"name":"skill1_03"},{"time":0.4,"name":"skill1_04"},{"time":0.5,"name":"skill1_05"},{"time":0.8333,"name":"idle_00"}]}},"bones":{"MAIN":{"translate":[{"time":0,"x":-10.76,"y":0,"curve":"stepped"},{"time":0.2,"x":11.59,"y":0,"curve":"stepped"},{"time":0.3666,"x":11.59,"y":2.48,"curve":"stepped"},{"time":0.4,"x":0,"y":-3,"curve":"stepped"},{"time":0.4333,"x":0,"y":-1.65,"curve":"stepped"},{"time":0.4666,"x":0,"y":-3,"curve":"stepped"},{"time":0.5,"x":0,"y":0}]}},"events":[{"time":0.4,"name":"Event","string":"shakeGround"},{"time":0.4,"name":"Event2","string":"takeSummon2"}]},"skill1":{"slots":{"EF/allEF/main_graund_wave_yellow/ef_graund_wave_yellow_00002":{"attachment":[{"time":0.7,"name":"EF/allEF/main_graund_wave_yellow/ef_graund_wave_yellow_00002"},{"time":0.7333,"name":"EF/allEF/main_graund_wave_yellow/ef_graund_wave_yellow_00004"},{"time":0.7666,"name":"EF/allEF/main_graund_wave_yellow/ef_graund_wave_yellow_00006"},{"time":0.8,"name":"EF/allEF/main_graund_wave_yellow/ef_graund_wave_yellow_00008"},{"time":0.8333,"name":"EF/allEF/main_graund_wave_yellow/ef_graund_wave_yellow_00010"},{"time":0.8666,"name":"EF/allEF/main_graund_wave_yellow/ef_graund_wave_yellow_00012"},{"time":0.9,"name":"EF/allEF/main_graund_wave_yellow/ef_graund_wave_yellow_00014"},{"time":0.9333,"name":null},{"time":1.1666,"name":"EF/allEF/main_graund_wave_yellow/ef_graund_wave_yellow_00002"},{"time":1.2,"name":"EF/allEF/main_graund_wave_yellow/ef_graund_wave_yellow_00004"},{"time":1.2333,"name":"EF/allEF/main_graund_wave_yellow/ef_graund_wave_yellow_00006"},{"time":1.2666,"name":"EF/allEF/main_graund_wave_yellow/ef_graund_wave_yellow_00008"},{"time":1.3,"name":"EF/allEF/main_graund_wave_yellow/ef_graund_wave_yellow_00010"},{"time":1.3333,"name":"EF/allEF/main_graund_wave_yellow/ef_graund_wave_yellow_00012"},{"time":1.3666,"name":"EF/allEF/main_graund_wave_yellow/ef_graund_wave_yellow_00014"},{"time":1.4,"name":null},{"time":2,"name":"EF/allEF/main_graund_wave_yellow/ef_graund_wave_yellow_00002"},{"time":2.0333,"name":"EF/allEF/main_graund_wave_yellow/ef_graund_wave_yellow_00004"},{"time":2.0666,"name":"EF/allEF/main_graund_wave_yellow/ef_graund_wave_yellow_00006"},{"time":2.1,"name":"EF/allEF/main_graund_wave_yellow/ef_graund_wave_yellow_00008"},{"time":2.1333,"name":"EF/allEF/main_graund_wave_yellow/ef_graund_wave_yellow_00010"},{"time":2.1666,"name":"EF/allEF/main_graund_wave_yellow/ef_graund_wave_yellow_00012"},{"time":2.2,"name":"EF/allEF/main_graund_wave_yellow/ef_graund_wave_yellow_00014"},{"time":2.2333,"name":null}]},"EF/allEF/main_graund_wave_yellow/ef_graund_wave_yellow_4":{"attachment":[{"time":2.6666,"name":"EF/allEF/main_graund_wave_yellow/ef_graund_wave_yellow_00002"},{"time":2.7,"name":"EF/allEF/main_graund_wave_yellow/ef_graund_wave_yellow_00004"},{"time":2.7333,"name":"EF/allEF/main_graund_wave_yellow/ef_graund_wave_yellow_00006"},{"time":2.7666,"name":"EF/allEF/main_graund_wave_yellow/ef_graund_wave_yellow_00008"},{"time":2.8,"name":"EF/allEF/main_graund_wave_yellow/ef_graund_wave_yellow_00010"},{"time":2.8333,"name":"EF/allEF/main_graund_wave_yellow/ef_graund_wave_yellow_00012"},{"time":2.8666,"name":"EF/allEF/main_graund_wave_yellow/ef_graund_wave_yellow_00014"},{"time":2.9,"name":null}]},"EF/allEF/main_ring_yellow/ef_ring_yellow_00001":{"attachment":[{"time":2,"name":"EF/allEF/main_ring_yellow/ef_ring_yellow_00001"},{"time":2.0333,"name":"EF/allEF/main_ring_yellow/ef_ring_yellow_00002"},{"time":2.0666,"name":"EF/allEF/main_ring_yellow/ef_ring_yellow_00003"},{"time":2.1,"name":"EF/allEF/main_ring_yellow/ef_ring_yellow_00004"},{"time":2.1333,"name":"EF/allEF/main_ring_yellow/ef_ring_yellow_00005"},{"time":2.1666,"name":"EF/allEF/main_ring_yellow/ef_ring_yellow_00006"},{"time":2.2,"name":"EF/allEF/main_ring_yellow/ef_ring_yellow_00007"},{"time":2.2333,"name":"EF/allEF/main_ring_yellow/ef_ring_yellow_00008"},{"time":2.2666,"name":"EF/allEF/main_ring_yellow/ef_ring_yellow_00009"},{"time":2.3,"name":"EF/allEF/main_ring_yellow/ef_ring_yellow_00010"},{"time":2.3333,"name":"EF/allEF/main_ring_yellow/ef_ring_yellow_00011"},{"time":2.3666,"name":"EF/allEF/main_ring_yellow/ef_ring_yellow_00012"},{"time":2.4,"name":null}]},"EF/allEF/main_shine_yellow/ef_shine_yellow_00001":{"attachment":[{"time":2,"name":"EF/allEF/main_shine_yellow/ef_shine_yellow_00001"},{"time":2.0666,"name":"EF/allEF/main_shine_yellow/ef_shine_yellow_00002"},{"time":2.1,"name":"EF/allEF/main_shine_yellow/ef_shine_yellow_00003"},{"time":2.1666,"name":"EF/allEF/main_shine_yellow/ef_shine_yellow_00004"},{"time":2.2,"name":"EF/allEF/main_shine_yellow/ef_shine_yellow_00005"},{"time":2.2666,"name":"EF/allEF/main_shine_yellow/ef_shine_yellow_00006"},{"time":2.3,"name":"EF/allEF/main_shine_yellow/ef_shine_yellow_00007"},{"time":2.3666,"name":"EF/allEF/main_shine_yellow/ef_shine_yellow_00008"},{"time":2.4,"name":"EF/allEF/main_shine_yellow/ef_shine_yellow_00009"},{"time":2.4666,"name":"EF/allEF/main_shine_yellow/ef_shine_yellow_00010"},{"time":2.5,"name":"EF/allEF/main_shine_yellow/ef_shine_yellow_00011"},{"time":2.5666,"name":"EF/allEF/main_shine_yellow/ef_shine_yellow_00012"},{"time":2.6,"name":"EF/allEF/main_shine_yellow/ef_shine_yellow_00013"},{"time":2.6666,"name":"EF/allEF/main_shine_yellow/ef_shine_yellow_00014"},{"time":2.7,"name":null}]},"MAIN":{"attachment":[{"time":0,"name":"idle_00"},{"time":0.0333,"name":"attack_01"},{"time":0.1333,"name":"attack_02"},{"time":0.2666,"name":"attack_03"},{"time":0.4,"name":"attack_04b"},{"time":0.5,"name":"attack_05"},{"time":0.7,"name":"attack_06"},{"time":0.8666,"name":"attack_07"},{"time":1,"name":"attack_08"},{"time":1.1666,"name":"skill1_01"},{"time":1.2666,"name":"skill1_02"},{"time":1.5666,"name":"skill1_03"},{"time":2,"name":"skill1_04"},{"time":2.1666,"name":"skill1_05"},{"time":2.3333,"name":"skill1_04"},{"time":2.5,"name":"skill1_05"},{"time":2.6666,"name":"skill1_06"},{"time":3.0666,"name":"idle_01"}]}},"bones":{"MAIN":{"translate":[{"time":0,"x":0,"y":0,"curve":"stepped"},{"time":0.4,"x":0,"y":0,"curve":[0.239,0.4,0.589,0.73]},{"time":0.5333,"x":7,"y":0,"curve":"stepped"},{"time":0.6666,"x":10,"y":0,"curve":"stepped"},{"time":0.7,"x":-11.97,"y":0,"curve":"stepped"},{"time":1.1333,"x":-11.97,"y":0,"curve":"stepped"},{"time":1.1666,"x":-1.99,"y":0,"curve":[0.147,0.64,0.384,0.9]},{"time":1.5,"x":10,"y":0,"curve":"stepped"},{"time":1.5666,"x":34.56,"y":0,"curve":"stepped"},{"time":1.9666,"x":34.56,"y":1.62,"curve":"stepped"},{"time":2,"x":18.81,"y":-5},{"time":2.0333,"x":24.82,"y":0},{"time":2.0666,"x":24.82,"y":-5},{"time":2.1,"x":24.82,"y":0,"curve":"stepped"},{"time":2.6666,"x":24.82,"y":0,"curve":"stepped"},{"time":3.0666,"x":0,"y":0}]},"graund_wave_1":{"translate":[{"time":0.7,"x":-122.98,"y":144.44,"curve":"stepped"},{"time":1.1666,"x":-99.27,"y":144.44,"curve":"stepped"},{"time":2,"x":-113.45,"y":144.44}]},"ring_yellow":{"translate":[{"time":2,"x":-128.91,"y":286.77}],"scale":[{"time":2,"x":1.509,"y":1.509}]},"shine_yellow":{"translate":[{"time":2,"x":-135.05,"y":331.5}],"scale":[{"time":2,"x":3.127,"y":3.127},{"time":2.7,"x":1.73,"y":1.73}]},"graund_wave_4":{"translate":[{"time":2.6666,"x":-113.45,"y":144.44}]}},"events":[{"time":0,"name":"Event2"},{"time":0.0333,"name":"Hit"},{"time":0.6666,"name":"Sound1","string":"cri_se_battle_skill_shot"},{"time":0.7,"name":"Event","string":"addOrbitSystem_shot1"},{"time":1.0333,"name":"Sound1","string":"cri_se_battle_skill_shot"},{"time":1.1666,"name":"Event","string":"addOrbitSystem_shot2"},{"time":1.9666,"name":"Event","string":"addOrbitSystem_explosion"},{"time":1.9666,"name":"Sound1","string":"cri_se_battle_charge"},{"time":1.9666,"name":"Voice","string":"cri_271_voice_skill_all"},{"time":2.6666,"name":"Sound1","string":"cri_se_battle_036_explosion_element_04"}]},"skill2":{"slots":{"DAMAGEAREA":{"attachment":[{"time":0.4,"name":"DAMAGEAREA"},{"time":0.5333,"name":null},{"time":1.4666,"name":"DAMAGEAREA"},{"time":1.6333,"name":null},{"time":2.6,"name":"DAMAGEAREA"},{"time":2.8666,"name":null}]},"EF/Slash/100_S3_slash1_00000":{"attachment":[{"time":0.3666,"name":"EF/Slash/100_S3_slash1_00000"},{"time":0.4,"name":"EF/Slash/100_S3_slash1_00001"},{"time":0.4333,"name":"EF/Slash/100_S3_slash1_00002"},{"time":0.4666,"name":"EF/Slash/100_S3_slash1_00003"},{"time":0.5,"name":"EF/Slash/100_S3_slash1_00004"},{"time":0.5333,"name":"EF/Slash/100_S3_slash1_00005"},{"time":0.5666,"name":null},{"time":1.4666,"name":"EF/Slash/100_S3_slash1_00002"},{"time":1.5,"name":"EF/Slash/100_S3_slash1_00004"},{"time":1.5333,"name":"EF/Slash/100_S3_slash1_00005"},{"time":1.5666,"name":null},{"time":2.6333,"name":"EF/Slash/100_S3_slash1_00002"},{"time":2.6666,"name":"EF/Slash/100_S3_slash1_00003"},{"time":2.7,"name":"EF/Slash/100_S3_slash1_00004"},{"time":2.7333,"name":"EF/Slash/100_S3_slash1_00005"},{"time":2.7666,"name":null}]},"EF/allEF/main_dash_yellow/ef_dash_yellow_00002":{"attachment":[{"time":2.6,"name":"EF/allEF/main_dash_yellow/ef_dash_yellow_00002"},{"time":2.6333,"name":"EF/allEF/main_dash_yellow/ef_dash_yellow_00004"},{"time":2.6666,"name":"EF/allEF/main_dash_yellow/ef_dash_yellow_00006"},{"time":2.7,"name":"EF/allEF/main_dash_yellow/ef_dash_yellow_00008"},{"time":2.7333,"name":"EF/allEF/main_dash_yellow/ef_dash_yellow_00010"},{"time":2.7666,"name":"EF/allEF/main_dash_yellow/ef_dash_yellow_00012"},{"time":2.8,"name":null}]},"EF/allEF/main_graund_wave_yellow/ef_graund_wave_yellow_00002":{"attachment":[{"time":1,"name":"EF/allEF/main_graund_wave_yellow/ef_graund_wave_yellow_00002"},{"time":1.0666,"name":"EF/allEF/main_graund_wave_yellow/ef_graund_wave_yellow_00004"},{"time":1.1333,"name":"EF/allEF/main_graund_wave_yellow/ef_graund_wave_yellow_00006"},{"time":1.2,"name":"EF/allEF/main_graund_wave_yellow/ef_graund_wave_yellow_00008"},{"time":1.2666,"name":"EF/allEF/main_graund_wave_yellow/ef_graund_wave_yellow_00010"},{"time":1.3333,"name":"EF/allEF/main_graund_wave_yellow/ef_graund_wave_yellow_00012"},{"time":1.4,"name":"EF/allEF/main_graund_wave_yellow/ef_graund_wave_yellow_00014"},{"time":1.4666,"name":null},{"time":2.6,"name":"EF/allEF/main_graund_wave_yellow/ef_graund_wave_yellow_00002"},{"time":2.6333,"name":"EF/allEF/main_graund_wave_yellow/ef_graund_wave_yellow_00004"},{"time":2.6666,"name":"EF/allEF/main_graund_wave_yellow/ef_graund_wave_yellow_00006"},{"time":2.7,"name":"EF/allEF/main_graund_wave_yellow/ef_graund_wave_yellow_00008"},{"time":2.7666,"name":"EF/allEF/main_graund_wave_yellow/ef_graund_wave_yellow_00010"},{"time":2.8333,"name":"EF/allEF/main_graund_wave_yellow/ef_graund_wave_yellow_00012"},{"time":2.9,"name":"EF/allEF/main_graund_wave_yellow/ef_graund_wave_yellow_00014"},{"time":2.9666,"name":null}]},"EF/allEF/main_graund_wave_yellow/ef_graund_wave_yellow_2":{"attachment":[{"time":1.4666,"name":"EF/allEF/main_graund_wave_yellow/ef_graund_wave_yellow_00002"},{"time":1.5,"name":"EF/allEF/main_graund_wave_yellow/ef_graund_wave_yellow_00004"},{"time":1.5333,"name":"EF/allEF/main_graund_wave_yellow/ef_graund_wave_yellow_00006"},{"time":1.5666,"name":"EF/allEF/main_graund_wave_yellow/ef_graund_wave_yellow_00008"},{"time":1.6,"name":"EF/allEF/main_graund_wave_yellow/ef_graund_wave_yellow_00010"},{"time":1.6333,"name":"EF/allEF/main_graund_wave_yellow/ef_graund_wave_yellow_00012"},{"time":1.6666,"name":"EF/allEF/main_graund_wave_yellow/ef_graund_wave_yellow_00014"},{"time":1.7,"name":null},{"time":2.6333,"name":"EF/allEF/main_graund_wave_yellow/ef_graund_wave_yellow_00002"},{"time":2.6666,"name":"EF/allEF/main_graund_wave_yellow/ef_graund_wave_yellow_00004"},{"time":2.7,"name":"EF/allEF/main_graund_wave_yellow/ef_graund_wave_yellow_00006"},{"time":2.7333,"name":"EF/allEF/main_graund_wave_yellow/ef_graund_wave_yellow_00008"},{"time":2.7666,"name":"EF/allEF/main_graund_wave_yellow/ef_graund_wave_yellow_00010"},{"time":2.8,"name":"EF/allEF/main_graund_wave_yellow/ef_graund_wave_yellow_00012"},{"time":2.8333,"name":"EF/allEF/main_graund_wave_yellow/ef_graund_wave_yellow_00014"},{"time":2.8666,"name":null}]},"EF/allEF/main_graund_wave_yellow/ef_graund_wave_yellow_3":{"attachment":[{"time":1.4666,"name":"EF/allEF/main_graund_wave_yellow/ef_graund_wave_yellow_00006"},{"time":1.5,"name":"EF/allEF/main_graund_wave_yellow/ef_graund_wave_yellow_00008"},{"time":1.5333,"name":"EF/allEF/main_graund_wave_yellow/ef_graund_wave_yellow_00010"},{"time":1.5666,"name":"EF/allEF/main_graund_wave_yellow/ef_graund_wave_yellow_00002"},{"time":1.6,"name":"EF/allEF/main_graund_wave_yellow/ef_graund_wave_yellow_00004"},{"time":1.6333,"name":null},{"time":2.6666,"name":"EF/allEF/main_graund_wave_yellow/ef_graund_wave_yellow_00002"},{"time":2.7,"name":"EF/allEF/main_graund_wave_yellow/ef_graund_wave_yellow_00004"},{"time":2.7333,"name":"EF/allEF/main_graund_wave_yellow/ef_graund_wave_yellow_00006"},{"time":2.7666,"name":"EF/allEF/main_graund_wave_yellow/ef_graund_wave_yellow_00008"},{"time":2.8,"name":"EF/allEF/main_graund_wave_yellow/ef_graund_wave_yellow_00010"},{"time":2.8333,"name":"EF/allEF/main_graund_wave_yellow/ef_graund_wave_yellow_00012"},{"time":2.8666,"name":"EF/allEF/main_graund_wave_yellow/ef_graund_wave_yellow_00014"},{"time":2.9,"name":null}]},"EF/allEF/main_graund_wave_yellow/ef_graund_wave_yellow_4":{"attachment":[{"time":1.5,"name":"EF/allEF/main_graund_wave_yellow/ef_graund_wave_yellow_00002"},{"time":1.5333,"name":"EF/allEF/main_graund_wave_yellow/ef_graund_wave_yellow_00004"},{"time":1.5666,"name":"EF/allEF/main_graund_wave_yellow/ef_graund_wave_yellow_00006"},{"time":1.6,"name":"EF/allEF/main_graund_wave_yellow/ef_graund_wave_yellow_00008"},{"time":1.6333,"name":"EF/allEF/main_graund_wave_yellow/ef_graund_wave_yellow_00010"},{"time":1.6666,"name":"EF/allEF/main_graund_wave_yellow/ef_graund_wave_yellow_00012"},{"time":1.7,"name":"EF/allEF/main_graund_wave_yellow/ef_graund_wave_yellow_00014"},{"time":1.7333,"name":null}]},"EF/efr_ATK2_earth2_1":{"attachment":[{"time":1.4666,"name":"EF/efr_ATK2_earth2_00001"}],"color":[{"time":3.3,"color":"ffffffff"},{"time":3.7,"color":"ffffff00"}]},"EF/efr_ATK2_earth2_00001":{"attachment":[{"time":1.4666,"name":"EF/efr_ATK2_earth2_00001"}],"color":[{"time":3.3,"color":"ffffffff"},{"time":3.7,"color":"ffffff00"}]},"EF/efr_ATK2_earth2_2":{"attachment":[{"time":2.6666,"name":"EF/efr_ATK2_earth2_00001"}],"color":[{"time":2.6666,"color":"ffffff00"},{"time":2.7333,"color":"ffffffff","curve":"stepped"},{"time":3.3,"color":"ffffffff"},{"time":3.7,"color":"ffffff00"}]},"MAIN":{"attachment":[{"time":0,"name":"idle_00"},{"time":0.0333,"name":"skill2_05"},{"time":0.0666,"name":"skill2_01"},{"time":0.3333,"name":"skill2_02"},{"time":0.3666,"name":"skill2_03"},{"time":0.8666,"name":"skill2_04"},{"time":1,"name":"skill2_05"},{"time":1.0666,"name":"skill2_06"},{"time":1.2333,"name":"skill2_07"},{"time":1.4666,"name":"skill2_08"},{"time":1.7666,"name":"skill2_09"},{"time":2.1,"name":"skill2_10"},{"time":2.6,"name":"skill2_11a"},{"time":2.7,"name":"skill2_12"},{"time":2.8,"name":"skill2_13"},{"time":2.9666,"name":"skill2_14"},{"time":3.2333,"name":"skill2_15"},{"time":3.2666,"name":"back_00"},{"time":3.5,"name":"skill1_07"},{"time":3.6333,"name":"skill1_08"},{"time":3.7333,"name":"idle_02"},{"time":3.8333,"name":"idle_00"}]}},"bones":{"MAIN":{"rotate":[{"time":0,"angle":0,"curve":"stepped"},{"time":0.0333,"angle":21.27,"curve":"stepped"},{"time":0.0666,"angle":0,"curve":"stepped"},{"time":1,"angle":-14.02,"curve":"stepped"},{"time":1.0666,"angle":0},{"time":1.1333,"angle":89.81},{"time":1.2,"angle":-177.84,"curve":"stepped"},{"time":1.2333,"angle":0}],"translate":[{"time":0,"x":0,"y":0,"curve":"stepped"},{"time":0.0333,"x":-63.42,"y":-30.36,"curve":"stepped"},{"time":0.0666,"x":-120.6,"y":0,"curve":[0.14,0.73,0.75,1]},{"time":0.3,"x":-183.49,"y":0,"curve":"stepped"},{"time":0.3333,"x":-153.75,"y":0,"curve":[0.122,0.77,0.017,0.98]},{"time":0.8333,"x":180,"y":0,"curve":"stepped"},{"time":0.8666,"x":147.48,"y":0,"curve":"stepped"},{"time":1,"x":118.7,"y":-15.77},{"time":1.2333,"x":30,"y":233},{"time":1.4,"x":0,"y":235.78},{"time":1.4666,"x":-100,"y":-5},{"time":1.5,"x":-100,"y":0,"curve":"stepped"},{"time":2.1,"x":-66.22,"y":0,"curve":[0.205,0.82,0.201,0.94]},{"time":2.5666,"x":-40,"y":0,"curve":"stepped"},{"time":2.6,"x":-102.52,"y":0,"curve":[0.19,0.76,0.298,0.97]},{"time":3.2,"x":-130,"y":0,"curve":"stepped"},{"time":3.2333,"x":-81.22,"y":-11.59,"curve":[0.124,0.51,0.75,1]},{"time":3.3666,"x":54.54,"y":27.52},{"time":3.5,"x":134.51,"y":0,"curve":[0.214,0.63,0.33,0.94]},{"time":3.7,"x":140.14,"y":0}]},"DAMAGEAREA":{"translate":[{"time":0.4,"x":-114.89,"y":53.47,"curve":"stepped"},{"time":1.4666,"x":-241.55,"y":121.95,"curve":"stepped"},{"time":2.6,"x":-246.24,"y":130.85}],"scale":[{"time":0.4,"x":2.461,"y":0.857,"curve":"stepped"},{"time":1.4666,"x":1.838,"y":1.397,"curve":"stepped"},{"time":2.6,"x":2.267,"y":1.786}]},"graund_wave_1":{"translate":[{"time":1,"x":43.83,"y":141.05,"curve":"stepped"},{"time":2.6,"x":-314.32,"y":167.08}],"scale":[{"time":2.6,"x":2.273,"y":2.273}]},"graund_wave_2":{"translate":[{"time":1.4666,"x":-335.91,"y":137.21,"curve":"stepped"},{"time":2.6333,"x":-433.27,"y":167.08}],"scale":[{"time":1.4666,"x":2.273,"y":2.273,"curve":"stepped"},{"time":2.6333,"x":2.273,"y":2.273}]},"graund_wave_3":{"translate":[{"time":1.4666,"x":-335.91,"y":137.21,"curve":"stepped"},{"time":2.6666,"x":-356.7,"y":119.12}],"scale":[{"time":1.4666,"x":2.273,"y":2.273,"curve":"stepped"},{"time":2.6666,"x":2.273,"y":2.273}]},"graund_wave_4":{"translate":[{"time":1.5,"x":-335.91,"y":137.21}],"scale":[{"time":1.5,"x":2.273,"y":2.273}]},"dash_yellow":{"translate":[{"time":2.6,"x":-64.65,"y":50.42}],"scale":[{"time":2.6,"x":2.351,"y":2.351}]},"slash_1":{"rotate":[{"time":0.3666,"angle":-73.41,"curve":"stepped"},{"time":1.4666,"angle":-34.4,"curve":"stepped"},{"time":2.6333,"angle":109.14}],"translate":[{"time":0.3666,"x":-46.55,"y":402.83,"curve":"stepped"},{"time":1.4666,"x":-86.1,"y":518.6,"curve":"stepped"},{"time":2.6333,"x":-22.25,"y":412.93}],"scale":[{"time":0.3666,"x":1.426,"y":-4.115,"curve":"stepped"},{"time":1.4666,"x":1.575,"y":-3.339,"curve":"stepped"},{"time":2.6333,"x":-0.738,"y":-3.339}]},"earth_2":{"translate":[{"time":1.4666,"x":-445.47,"y":105.65}],"scale":[{"time":1.4666,"x":1.466,"y":1.092}]},"earth_1":{"rotate":[{"time":1.4666,"angle":-178.77}],"translate":[{"time":1.4666,"x":-368.64,"y":65.77}],"scale":[{"time":1.4666,"x":1.283,"y":1.263}]},"earth_5":{"translate":[{"time":1.4666,"x":0,"y":0}]},"earth_4":{"translate":[{"time":1.4666,"x":0,"y":0}]},"earth_3":{"rotate":[{"time":2.6666,"angle":179.19}],"translate":[{"time":2.6666,"x":-571.98,"y":81.44}],"scale":[{"time":2.6666,"x":1.333,"y":1.333}]}},"events":[{"time":0,"name":"Sound1","string":"cri_se_battle_jump"},{"time":0,"name":"Sound3","string":"setHitSound(se_battle_025_blow_hit)"},{"time":0,"name":"Voice","string":"cri_271_voice_fullarts_now"},{"time":0.0333,"name":"Event","string":"movePosition_Target(0.03,60,0"},{"time":0.0666,"name":"Event","int":1,"string":"kImpactType_up"},{"time":0.2,"name":"Event2"},{"time":0.3333,"name":"Event","string":"runScript_barrier"},{"time":0.3333,"name":"Sound1","string":"cri_se_battle_skill_shot"},{"time":0.3333,"name":"Sound2","string":"cri_se_battle_033_explosion_element_01"},{"time":0.4,"name":"Event","float":0.08,"string":"kHitStopType_normal"},{"time":0.9666,"name":"Sound1","string":"cri_se_battle_jump"},{"time":1.4666,"name":"Event","float":0.15,"string":"kHitStopType_normal"},{"time":1.4666,"name":"Event2","float":2,"string":"shakeGround"},{"time":1.4666,"name":"Hit","string":"resetHitList"},{"time":1.4666,"name":"Sound1","string":"cri_se_battle_031_explosion_03"},{"time":2.1,"name":"Voice","string":"cri_271_voice_fullarts_rank5"},{"time":2.3666,"name":"Sound3","string":"setHitSound(se_battle_007_attack_hit_01)"},{"time":2.6,"name":"Event","float":0.15,"string":"kHitStopType_normal"},{"time":2.6,"name":"Event2","float":2,"string":"shakeGround"},{"time":2.6,"name":"Hit","string":"resetHitList"},{"time":2.6,"name":"Sound1","string":"cri_se_battle_029_explosion_01"},{"time":2.6,"name":"Sound2","string":"cri_se_battle_monster_hit"},{"time":3.2333,"name":"Sound1","string":"cri_se_battle_jump"},{"time":3.5,"name":"Sound1","string":"cri_se_battle_landing"}]},"skill3":{"slots":{"DAMAGEAREA":{"attachment":[{"time":3,"name":"DAMAGEAREA"},{"time":3.1666,"name":null},{"time":3.3333,"name":"DAMAGEAREA"},{"time":3.4333,"name":null},{"time":3.7666,"name":"DAMAGEAREA"},{"time":4.6666,"name":null}]},"EF/Slash/100_S3_slash1_00000":{"attachment":[{"time":2.9333,"name":"EF/Slash/100_S3_slash1_00001"},{"time":3,"name":null},{"time":3.3333,"name":"EF/Slash/100_S3_slash1_00001"},{"time":3.3666,"name":"EF/Slash/100_S3_slash1_00002"},{"time":3.4,"name":"EF/Slash/100_S3_slash1_00003"},{"time":3.4333,"name":"EF/Slash/100_S3_slash1_00004"},{"time":3.4666,"name":null},{"time":3.7666,"name":"EF/Slash/100_S3_slash1_00001"},{"time":3.8,"name":"EF/Slash/100_S3_slash1_00002"},{"time":3.8333,"name":"EF/Slash/100_S3_slash1_00003"},{"time":3.8666,"name":"EF/Slash/100_S3_slash1_00004"},{"time":3.9,"name":"EF/Slash/100_S3_slash1_00005"},{"time":3.9333,"name":null}]},"EF/Slash/100_S3_slash1_0":{"attachment":[{"time":3.3333,"name":"EF/Slash/100_S3_slash1_00001"},{"time":3.3666,"name":"EF/Slash/100_S3_slash1_00002"},{"time":3.4,"name":"EF/Slash/100_S3_slash1_00003"},{"time":3.4333,"name":"EF/Slash/100_S3_slash1_00004"},{"time":3.4666,"name":null},{"time":3.7666,"name":"EF/Slash/100_S3_slash1_00001"},{"time":3.8,"name":"EF/Slash/100_S3_slash1_00002"},{"time":3.8333,"name":"EF/Slash/100_S3_slash1_00003"},{"time":3.8666,"name":"EF/Slash/100_S3_slash1_00004"},{"time":3.9,"name":"EF/Slash/100_S3_slash1_00005"},{"time":3.9333,"name":null}]},"EF/allEF/main_graund_wave_yellow/ef_graund_wave_yellow_00002":{"attachment":[{"time":0.5,"name":"EF/allEF/main_graund_wave_yellow/ef_graund_wave_yellow_00002"},{"time":0.5333,"name":"EF/allEF/main_graund_wave_yellow/ef_graund_wave_yellow_00004"},{"time":0.5666,"name":"EF/allEF/main_graund_wave_yellow/ef_graund_wave_yellow_00006"},{"time":0.6,"name":"EF/allEF/main_graund_wave_yellow/ef_graund_wave_yellow_00008"},{"time":0.6333,"name":"EF/allEF/main_graund_wave_yellow/ef_graund_wave_yellow_00010"},{"time":0.6666,"name":"EF/allEF/main_graund_wave_yellow/ef_graund_wave_yellow_00012"},{"time":0.7,"name":"EF/allEF/main_graund_wave_yellow/ef_graund_wave_yellow_00014"},{"time":0.7333,"name":null},{"time":2.9333,"name":"EF/allEF/main_graund_wave_yellow/ef_graund_wave_yellow_00002"},{"time":2.9666,"name":"EF/allEF/main_graund_wave_yellow/ef_graund_wave_yellow_00004"},{"time":3,"name":"EF/allEF/main_graund_wave_yellow/ef_graund_wave_yellow_00006"},{"time":3.0333,"name":"EF/allEF/main_graund_wave_yellow/ef_graund_wave_yellow_00008"},{"time":3.0666,"name":"EF/allEF/main_graund_wave_yellow/ef_graund_wave_yellow_00010"},{"time":3.1,"name":"EF/allEF/main_graund_wave_yellow/ef_graund_wave_yellow_00012"},{"time":3.1333,"name":"EF/allEF/main_graund_wave_yellow/ef_graund_wave_yellow_00014"},{"time":3.1666,"name":null},{"time":3.7666,"name":"EF/allEF/main_graund_wave_yellow/ef_graund_wave_yellow_00002"},{"time":3.8,"name":"EF/allEF/main_graund_wave_yellow/ef_graund_wave_yellow_00004"},{"time":3.8333,"name":"EF/allEF/main_graund_wave_yellow/ef_graund_wave_yellow_00006"},{"time":3.8666,"name":"EF/allEF/main_graund_wave_yellow/ef_graund_wave_yellow_00008"},{"time":3.9,"name":"EF/allEF/main_graund_wave_yellow/ef_graund_wave_yellow_00010"},{"time":3.9333,"name":"EF/allEF/main_graund_wave_yellow/ef_graund_wave_yellow_00012"},{"time":3.9666,"name":"EF/allEF/main_graund_wave_yellow/ef_graund_wave_yellow_00014"},{"time":4,"name":null}]},"EF/allEF/main_graund_wave_yellow/ef_graund_wave_yellow_2":{"attachment":[{"time":0.6,"name":"EF/allEF/main_graund_wave_yellow/ef_graund_wave_yellow_00002"},{"time":0.6333,"name":"EF/allEF/main_graund_wave_yellow/ef_graund_wave_yellow_00004"},{"time":0.6666,"name":"EF/allEF/main_graund_wave_yellow/ef_graund_wave_yellow_00006"},{"time":0.7,"name":"EF/allEF/main_graund_wave_yellow/ef_graund_wave_yellow_00008"},{"time":0.7333,"name":"EF/allEF/main_graund_wave_yellow/ef_graund_wave_yellow_00010"},{"time":0.7666,"name":"EF/allEF/main_graund_wave_yellow/ef_graund_wave_yellow_00012"},{"time":0.8,"name":"EF/allEF/main_graund_wave_yellow/ef_graund_wave_yellow_00014"},{"time":0.8333,"name":null},{"time":3.0333,"name":"EF/allEF/main_graund_wave_yellow/ef_graund_wave_yellow_00002"},{"time":3.0666,"name":"EF/allEF/main_graund_wave_yellow/ef_graund_wave_yellow_00004"},{"time":3.1,"name":"EF/allEF/main_graund_wave_yellow/ef_graund_wave_yellow_00006"},{"time":3.1333,"name":"EF/allEF/main_graund_wave_yellow/ef_graund_wave_yellow_00008"},{"time":3.1666,"name":"EF/allEF/main_graund_wave_yellow/ef_graund_wave_yellow_00010"},{"time":3.2,"name":"EF/allEF/main_graund_wave_yellow/ef_graund_wave_yellow_00012"},{"time":3.2333,"name":"EF/allEF/main_graund_wave_yellow/ef_graund_wave_yellow_00014"},{"time":3.2666,"name":null},{"time":3.8333,"name":"EF/allEF/main_graund_wave_yellow/ef_graund_wave_yellow_00002"},{"time":3.8666,"name":"EF/allEF/main_graund_wave_yellow/ef_graund_wave_yellow_00004"},{"time":3.9,"name":"EF/allEF/main_graund_wave_yellow/ef_graund_wave_yellow_00006"},{"time":3.9333,"name":"EF/allEF/main_graund_wave_yellow/ef_graund_wave_yellow_00008"},{"time":3.9666,"name":"EF/allEF/main_graund_wave_yellow/ef_graund_wave_yellow_00010"},{"time":4.0333,"name":"EF/allEF/main_graund_wave_yellow/ef_graund_wave_yellow_00012"},{"time":4.1,"name":"EF/allEF/main_graund_wave_yellow/ef_graund_wave_yellow_00014"},{"time":4.1666,"name":null}]},"EF/allEF/main_graund_wave_yellow/ef_graund_wave_yellow_3":{"attachment":[{"time":0.7,"name":"EF/allEF/main_graund_wave_yellow/ef_graund_wave_yellow_00002"},{"time":0.7333,"name":"EF/allEF/main_graund_wave_yellow/ef_graund_wave_yellow_00004"},{"time":0.7666,"name":"EF/allEF/main_graund_wave_yellow/ef_graund_wave_yellow_00006"},{"time":0.8,"name":"EF/allEF/main_graund_wave_yellow/ef_graund_wave_yellow_00008"},{"time":0.8333,"name":"EF/allEF/main_graund_wave_yellow/ef_graund_wave_yellow_00010"},{"time":0.8666,"name":"EF/allEF/main_graund_wave_yellow/ef_graund_wave_yellow_00012"},{"time":0.9,"name":"EF/allEF/main_graund_wave_yellow/ef_graund_wave_yellow_00014"},{"time":0.9333,"name":null},{"time":3.9,"name":"EF/allEF/main_graund_wave_yellow/ef_graund_wave_yellow_00002"},{"time":3.9333,"name":"EF/allEF/main_graund_wave_yellow/ef_graund_wave_yellow_00004"},{"time":3.9666,"name":"EF/allEF/main_graund_wave_yellow/ef_graund_wave_yellow_00006"},{"time":4.0333,"name":"EF/allEF/main_graund_wave_yellow/ef_graund_wave_yellow_00008"},{"time":4.1,"name":"EF/allEF/main_graund_wave_yellow/ef_graund_wave_yellow_00010"},{"time":4.1666,"name":"EF/allEF/main_graund_wave_yellow/ef_graund_wave_yellow_00012"},{"time":4.2333,"name":"EF/allEF/main_graund_wave_yellow/ef_graund_wave_yellow_00014"},{"time":4.3,"name":null}]},"EF/allEF/main_graund_wave_yellow/ef_graund_wave_yellow_4":{"attachment":[{"time":3.9666,"name":"EF/allEF/main_graund_wave_yellow/ef_graund_wave_yellow_00002"},{"time":4.0333,"name":"EF/allEF/main_graund_wave_yellow/ef_graund_wave_yellow_00004"},{"time":4.1,"name":"EF/allEF/main_graund_wave_yellow/ef_graund_wave_yellow_00006"},{"time":4.1666,"name":"EF/allEF/main_graund_wave_yellow/ef_graund_wave_yellow_00008"},{"time":4.2333,"name":"EF/allEF/main_graund_wave_yellow/ef_graund_wave_yellow_00010"},{"time":4.3,"name":"EF/allEF/main_graund_wave_yellow/ef_graund_wave_yellow_00012"},{"time":4.3666,"name":"EF/allEF/main_graund_wave_yellow/ef_graund_wave_yellow_00014"},{"time":4.4333,"name":null}]},"EF/allEF/main_ring_yellow/ef_ring_yellow_00001":{"attachment":[{"time":0.0333,"name":"EF/allEF/main_ring_yellow/ef_ring_yellow_00001"},{"time":0.0666,"name":"EF/allEF/main_ring_yellow/ef_ring_yellow_00002"},{"time":0.1,"name":"EF/allEF/main_ring_yellow/ef_ring_yellow_00003"},{"time":0.1333,"name":"EF/allEF/main_ring_yellow/ef_ring_yellow_00004"},{"time":0.1666,"name":"EF/allEF/main_ring_yellow/ef_ring_yellow_00005"},{"time":0.2,"name":"EF/allEF/main_ring_yellow/ef_ring_yellow_00006"},{"time":0.2333,"name":"EF/allEF/main_ring_yellow/ef_ring_yellow_00007"},{"time":0.2666,"name":"EF/allEF/main_ring_yellow/ef_ring_yellow_00008"},{"time":0.3,"name":"EF/allEF/main_ring_yellow/ef_ring_yellow_00009"},{"time":0.3333,"name":"EF/allEF/main_ring_yellow/ef_ring_yellow_00010"},{"time":0.3666,"name":"EF/allEF/main_ring_yellow/ef_ring_yellow_00011"},{"time":0.4,"name":"EF/allEF/main_ring_yellow/ef_ring_yellow_00012"},{"time":0.4333,"name":null}]},"EF/allEF/main_shine_yellow/ef_shine_yellow_00001":{"attachment":[{"time":0.0333,"name":"EF/allEF/main_shine_yellow/ef_shine_yellow_00005"},{"time":0.0666,"name":"EF/allEF/main_shine_yellow/ef_shine_yellow_00006"},{"time":0.1333,"name":"EF/allEF/main_shine_yellow/ef_shine_yellow_00007"},{"time":0.1666,"name":"EF/allEF/main_shine_yellow/ef_shine_yellow_00008"},{"time":0.2333,"name":"EF/allEF/main_shine_yellow/ef_shine_yellow_00009"},{"time":0.2666,"name":"EF/allEF/main_shine_yellow/ef_shine_yellow_00010"},{"time":0.3,"name":"EF/allEF/main_shine_yellow/ef_shine_yellow_00011"},{"time":0.3666,"name":"EF/allEF/main_shine_yellow/ef_shine_yellow_00012"},{"time":0.4,"name":"EF/allEF/main_shine_yellow/ef_shine_yellow_00013"},{"time":0.4666,"name":"EF/allEF/main_shine_yellow/ef_shine_yellow_00014"},{"time":0.5,"name":null}]},"EF/efr_ATK2_earth2_00001":{"attachment":[{"time":3.0333,"name":"EF/efr_ATK2_earth2_00001"}],"color":[{"time":4.8,"color":"ffffffff"},{"time":5.2,"color":"ffffff00"}]},"EF/efr_ATK2_earth2_1":{"attachment":[{"time":3.0333,"name":"EF/efr_ATK2_earth2_00001"}],"color":[{"time":4.8,"color":"ffffffff"},{"time":5.2,"color":"ffffff00"}]},"EF/efr_ATK2_earth2_2":{"attachment":[{"time":3.7666,"name":"EF/efr_ATK2_earth2_00001"}],"color":[{"time":3.7666,"color":"ffffff00"},{"time":3.8333,"color":"ffffffff","curve":"stepped"},{"time":4.8,"color":"ffffffff"},{"time":5.2,"color":"ffffff00"}]},"EF/efr_ATK2_earth2_3":{"attachment":[{"time":3.7666,"name":"EF/efr_ATK2_earth2_00001"}],"color":[{"time":3.7666,"color":"ffffff00"},{"time":3.8333,"color":"ffffffff","curve":"stepped"},{"time":4.8,"color":"ffffffff"},{"time":5.2,"color":"ffffff00"}]},"EF/efr_ATK2_earth2_4":{"attachment":[{"time":3.7666,"name":"EF/efr_ATK2_earth2_00001"}],"color":[{"time":3.7666,"color":"ffffff00"},{"time":3.8333,"color":"ffffffff","curve":"stepped"},{"time":4.8,"color":"ffffffff"},{"time":5.2,"color":"ffffff00"}]},"MAIN":{"attachment":[{"time":0,"name":"idle_00"},{"time":0.0333,"name":"skill3_01"},{"time":0.5,"name":"skill3_03"},{"time":0.5666,"name":"skill3_02"},{"time":0.6333,"name":"skill3_03"},{"time":0.7333,"name":"skill3_02"},{"time":0.8333,"name":"skill3_03"},{"time":0.9666,"name":"skill3_02"},{"time":1.2333,"name":"skill3_04"},{"time":1.3333,"name":"skill3_05"},{"time":2.0666,"name":"skill2_05"},{"time":2.2333,"name":"skill2_06"},{"time":2.8,"name":"skill2_07"},{"time":2.8666,"name":"skill2_07"},{"time":2.9333,"name":"skill2_08"},{"time":3,"name":"skill2_09"},{"time":3.0666,"name":"skill2_08"},{"time":3.3333,"name":"skill3_08"},{"time":3.4,"name":"skill3_09"},{"time":3.7333,"name":"skill3_10"},{"time":3.7666,"name":"skill3_11"},{"time":3.9333,"name":"skill3_12"},{"time":4,"name":"skill3_11"},{"time":4.0666,"name":"skill3_12"},{"time":4.1333,"name":"skill3_11"},{"time":4.2,"name":"skill3_12"},{"time":4.2666,"name":"skill3_11"},{"time":4.3333,"name":"skill3_12"},{"time":4.4,"name":"skill3_11"},{"time":4.4666,"name":"skill3_12"},{"time":4.5333,"name":"skill3_11"},{"time":4.6,"name":"skill3_12"},{"time":4.7,"name":"skill3_11"},{"time":4.8,"name":"skill3_12"},{"time":4.9,"name":"skill3_11"},{"time":5.0666,"name":"attack_02"},{"time":5.1666,"name":"attack_03"},{"time":5.3,"name":"back_00"},{"time":5.6333,"name":"skill1_07"},{"time":5.7666,"name":"skill1_08"},{"time":5.8666,"name":"idle_03"}]}},"bones":{"MAIN":{"rotate":[{"time":2.2333,"angle":0},{"time":2.3,"angle":120},{"time":2.3666,"angle":240},{"time":2.4333,"angle":0},{"time":2.5,"angle":120},{"time":2.5666,"angle":240},{"time":2.6333,"angle":0},{"time":2.7,"angle":118.56},{"time":2.7666,"angle":-176.65,"curve":"stepped"},{"time":2.8,"angle":8.43},{"time":2.8666,"angle":22.64,"curve":"stepped"},{"time":2.9333,"angle":0}],"translate":[{"time":0,"x":0,"y":0,"curve":"stepped"},{"time":0.5,"x":0,"y":-7.81},{"time":0.5333,"x":0,"y":0},{"time":0.5666,"x":0,"y":-7.81},{"time":0.6,"x":0,"y":0,"curve":"stepped"},{"time":1.2333,"x":0,"y":0,"curve":[0.201,0.45,0.75,1]},{"time":1.5,"x":-5,"y":0,"curve":"stepped"},{"time":2.0666,"x":0,"y":-23.98},{"time":2.2333,"x":0,"y":323,"curve":"stepped"},{"time":2.8666,"x":0,"y":323},{"time":2.9333,"x":0,"y":-12.16,"curve":"stepped"},{"time":2.9666,"x":0,"y":-2,"curve":"stepped"},{"time":3,"x":0,"y":-12.16,"curve":"stepped"},{"time":3.0333,"x":0,"y":-2,"curve":"stepped"},{"time":3.3333,"x":23.29,"y":-2,"curve":[0.059,0.83,0.184,0.87]},{"time":3.5333,"x":144.71,"y":-2,"curve":"stepped"},{"time":3.7333,"x":99.2,"y":-2,"curve":[0.228,0.54,0.508,0.84]},{"time":3.7666,"x":70,"y":-10.71,"curve":[0.291,0.47,0.621,0.78]},{"time":3.8,"x":60,"y":5.59,"curve":[0.294,0.48,0.625,0.75]},{"time":3.8333,"x":60,"y":-2,"curve":"stepped"},{"time":3.8666,"x":60,"y":-7.81,"curve":"stepped"},{"time":3.9,"x":60,"y":-2,"curve":"stepped"},{"time":5.0666,"x":50,"y":-2,"curve":"stepped"},{"time":5.3,"x":100.03,"y":-17.07,"curve":[0.132,0.21,0.75,1]},{"time":5.4666,"x":189.37,"y":12.53},{"time":5.6333,"x":230,"y":0,"curve":[0.022,0.91,0.75,1]},{"time":5.8666,"x":250,"y":0}]},"DAMAGEAREA":{"translate":[{"time":3,"x":-125.78,"y":136.26,"curve":"stepped"},{"time":3.3333,"x":-81.68,"y":131.15,"curve":"stepped"},{"time":3.7666,"x":-162.41,"y":118.8}],"scale":[{"time":3,"x":1.67,"y":1.737,"curve":"stepped"},{"time":3.3333,"x":2.633,"y":1.849,"curve":"stepped"},{"time":3.7666,"x":3.133,"y":1.883}]},"graund_wave_1":{"translate":[{"time":0.5,"x":-107.42,"y":145.92,"curve":"stepped"},{"time":2.9333,"x":-216.02,"y":136.2,"curve":"stepped"},{"time":3.7666,"x":-297.03,"y":118.93}],"scale":[{"time":0.5,"x":1.615,"y":1.615,"curve":"stepped"},{"time":2.9333,"x":2.34,"y":2.34,"curve":"stepped"},{"time":3.7666,"x":3.172,"y":2.54}]},"graund_wave_2":{"translate":[{"time":0.6,"x":-107.42,"y":145.92,"curve":"stepped"},{"time":3.0333,"x":-216.02,"y":136.2,"curve":"stepped"},{"time":3.8333,"x":-297.03,"y":118.93}],"scale":[{"time":0.6,"x":1.615,"y":1.615,"curve":"stepped"},{"time":3.0333,"x":2.34,"y":2.34,"curve":"stepped"},{"time":3.8333,"x":3.172,"y":2.54}]},"graund_wave_3":{"translate":[{"time":0.7,"x":-107.42,"y":145.92,"curve":"stepped"},{"time":3.9,"x":-297.03,"y":118.93}],"scale":[{"time":0.7,"x":1.615,"y":1.615,"curve":"stepped"},{"time":3.9,"x":3.172,"y":2.54}]},"slash_1":{"rotate":[{"time":2.9333,"angle":-11.94,"curve":"stepped"},{"time":3.3333,"angle":119.7,"curve":"stepped"},{"time":3.7666,"angle":-62.2}],"translate":[{"time":2.9333,"x":-45.33,"y":527.66,"curve":"stepped"},{"time":3.3333,"x":58.21,"y":464.58,"curve":"stepped"},{"time":3.7666,"x":118.15,"y":453.98}],"scale":[{"time":2.9333,"x":2.406,"y":-4.692,"curve":"stepped"},{"time":3.3333,"x":-2.292,"y":3.897,"curve":"stepped"},{"time":3.7666,"x":1.806,"y":3.253}]},"slash_2":{"rotate":[{"time":3.3333,"angle":135.21,"curve":"stepped"},{"time":3.7666,"angle":-32.8}],"translate":[{"time":3.3333,"x":-62.25,"y":495.74,"curve":"stepped"},{"time":3.7666,"x":27.49,"y":456.05}],"scale":[{"time":3.3333,"x":-2.589,"y":3.546,"curve":"stepped"},{"time":3.7666,"x":1.84,"y":2.95}]},"graund_wave_4":{"translate":[{"time":3.9666,"x":-297.03,"y":118.93}],"scale":[{"time":3.9666,"x":3.172,"y":2.54}]},"shine_yellow":{"translate":[{"time":0.0333,"x":-88.48,"y":328.22}],"scale":[{"time":0.0333,"x":5.292,"y":5.292,"curve":[0.596,0,0.991,1]},{"time":0.5,"x":1.73,"y":1.73}]},"ring_yellow":{"translate":[{"time":0.0333,"x":-88.59,"y":285.59}],"scale":[{"time":0.0333,"x":3.207,"y":3.207},{"time":0.4333,"x":0.86,"y":0.86}]},"earth_1":{"rotate":[{"time":3.0333,"angle":-178.77}],"translate":[{"time":3.0333,"x":-312.76,"y":65.77}],"scale":[{"time":3.0333,"x":1.283,"y":1.263}]},"earth_2":{"translate":[{"time":3.0333,"x":-330.89,"y":105.65}],"scale":[{"time":3.0333,"x":1.466,"y":1.092}]},"earth_3":{"rotate":[{"time":3.7666,"angle":-177.99}],"translate":[{"time":3.7666,"x":-459.86,"y":74.45}],"scale":[{"time":3.7666,"x":1.424,"y":1.424}]},"earth_4":{"rotate":[{"time":3.7666,"angle":178.66}],"translate":[{"time":3.7666,"x":-279.78,"y":33.05}],"scale":[{"time":3.7666,"x":1.647,"y":1.647}]},"earth_5":{"translate":[{"time":3.7666,"x":-171.69,"y":114.89}],"scale":[{"time":3.7666,"x":1.448,"y":1.09}]}},"drawOrder":[{"time":2.9333,"offsets":[{"slot":"EF/Slash/100_S3_slash1_00000","offset":8}]}],"events":[{"time":0,"name":"Event","string":"setHitEffect(hit03d, 1)"},{"time":0,"name":"Event2"},{"time":0,"name":"Sound1","string":"cri_se_battle_charge"},{"time":0,"name":"Sound3","string":"setHitSound(se_battle_007_attack_hit_01)"},{"time":0,"name":"Voice","string":"cri_271_voice_fullarts_now_b"},{"time":0.5,"name":"Event","string":"shakeGround"},{"time":0.5,"name":"Sound1","string":"cri_se_battle_arrow_light_effect"},{"time":1.3333,"name":"Event","string":"runScript_weapon"},{"time":2.0666,"name":"Sound1","string":"cri_se_battle_jump"},{"time":2.2333,"name":"Event","string":"movePosition_Target(0.5,100,0)"},{"time":2.8666,"name":"Sound1","string":"cri_se_battle_skill_shot"},{"time":2.9333,"name":"Sound1","string":"cri_se_battle_031_explosion_03"},{"time":2.9333,"name":"Sound2","string":"cri_se_battle_monster_hit"},{"time":3,"name":"Event","float":0.15,"string":"kHitStopType_normal"},{"time":3,"name":"Event2","float":1.5,"string":"shakeGround"},{"time":3.3333,"name":"Event","float":0.2,"string":"kHitStopType_normal"},{"time":3.3333,"name":"Event2","float":1.7,"string":"shakeGround"},{"time":3.3333,"name":"Hit","string":"resetHitList"},{"time":3.3333,"name":"Sound1","string":"cri_se_battle_skill_shot"},{"time":3.3333,"name":"Sound2","string":"cri_se_battle_monster_hit"},{"time":3.3333,"name":"Sound3","string":"cri_se_battle_030_explosion_02"},{"time":3.7333,"name":"Event","string":"setForceImpact(1)"},{"time":3.7333,"name":"Event2","int":50,"string":"kImpactType_knock_up"},{"time":3.7333,"name":"Sound1","string":"cri_se_battle_skill_shot"},{"time":3.7333,"name":"Voice","string":"cri_271_voice_fullarts_rank6"},{"time":3.7666,"name":"Event","float":0.25,"string":"kHitStopType_normal"},{"time":3.7666,"name":"Event2","float":2,"string":"shakeGround"},{"time":3.7666,"name":"Hit","string":"resetHitList"},{"time":3.7666,"name":"Sound2","string":"cri_se_battle_monster_hit"},{"time":3.7666,"name":"Sound3","string":"cri_se_battle_032_explosion_04"},{"time":3.8,"name":"Event2","int":1,"string":"kImpactType_knock_up"},{"time":3.8333,"name":"Event","float":0.02,"string":"kHitStopType_normal"},{"time":3.8333,"name":"Event2","float":1.6,"string":"shakeGround"},{"time":3.8333,"name":"Hit","string":"resetHitList"},{"time":3.9,"name":"Hit","string":"resetHitList"},{"time":3.9333,"name":"Sound3","string":"cri_se_battle_030_explosion_02"},{"time":3.9666,"name":"Event2","float":1.6,"string":"shakeGround"},{"time":3.9666,"name":"Hit","string":"resetHitList"},{"time":4.0333,"name":"Hit","string":"resetHitList"},{"time":4.1,"name":"Event2","float":1.6,"string":"shakeGround"},{"time":4.1,"name":"Hit","string":"resetHitList"},{"time":4.1666,"name":"Hit","string":"resetHitList"},{"time":4.2333,"name":"Event2","float":1.6,"string":"shakeGround"},{"time":4.2333,"name":"Hit","string":"resetHitList"},{"time":4.3,"name":"Hit","string":"resetHitList"},{"time":4.3666,"name":"Event2","float":1.6,"string":"shakeGround"},{"time":4.3666,"name":"Hit","string":"resetHitList"},{"time":4.4333,"name":"Hit","string":"resetHitList"},{"time":4.5,"name":"Event2","float":1.6,"string":"shakeGround"},{"time":4.5,"name":"Hit","string":"resetHitList"},{"time":5.2333,"name":"Sound3","string":"cri_se_battle_jump"},{"time":5.6333,"name":"Sound3","string":"cri_se_battle_landing"}]},"skill3-library":{"slots":{"DAMAGEAREA":{"attachment":[{"time":3,"name":"DAMAGEAREA"},{"time":3.1666,"name":null},{"time":3.3333,"name":"DAMAGEAREA"},{"time":3.4333,"name":null},{"time":3.7666,"name":"DAMAGEAREA"},{"time":4.6666,"name":null}]},"EF/Slash/100_S3_slash1_00000":{"attachment":[{"time":2.9333,"name":"EF/Slash/100_S3_slash1_00001"},{"time":3,"name":null},{"time":3.3333,"name":"EF/Slash/100_S3_slash1_00001"},{"time":3.3666,"name":"EF/Slash/100_S3_slash1_00002"},{"time":3.4,"name":"EF/Slash/100_S3_slash1_00003"},{"time":3.4333,"name":"EF/Slash/100_S3_slash1_00004"},{"time":3.4666,"name":null},{"time":3.7666,"name":"EF/Slash/100_S3_slash1_00001"},{"time":3.8,"name":"EF/Slash/100_S3_slash1_00002"},{"time":3.8333,"name":"EF/Slash/100_S3_slash1_00003"},{"time":3.8666,"name":"EF/Slash/100_S3_slash1_00004"},{"time":3.9,"name":"EF/Slash/100_S3_slash1_00005"},{"time":3.9333,"name":null}]},"EF/Slash/100_S3_slash1_0":{"attachment":[{"time":3.3333,"name":"EF/Slash/100_S3_slash1_00001"},{"time":3.3666,"name":"EF/Slash/100_S3_slash1_00002"},{"time":3.4,"name":"EF/Slash/100_S3_slash1_00003"},{"time":3.4333,"name":"EF/Slash/100_S3_slash1_00004"},{"time":3.4666,"name":null},{"time":3.7666,"name":"EF/Slash/100_S3_slash1_00001"},{"time":3.8,"name":"EF/Slash/100_S3_slash1_00002"},{"time":3.8333,"name":"EF/Slash/100_S3_slash1_00003"},{"time":3.8666,"name":"EF/Slash/100_S3_slash1_00004"},{"time":3.9,"name":"EF/Slash/100_S3_slash1_00005"},{"time":3.9333,"name":null}]},"EF/allEF/main_graund_wave_yellow/ef_graund_wave_yellow_00002":{"attachment":[{"time":0.5,"name":"EF/allEF/main_graund_wave_yellow/ef_graund_wave_yellow_00002"},{"time":0.5333,"name":"EF/allEF/main_graund_wave_yellow/ef_graund_wave_yellow_00004"},{"time":0.5666,"name":"EF/allEF/main_graund_wave_yellow/ef_graund_wave_yellow_00006"},{"time":0.6,"name":"EF/allEF/main_graund_wave_yellow/ef_graund_wave_yellow_00008"},{"time":0.6333,"name":"EF/allEF/main_graund_wave_yellow/ef_graund_wave_yellow_00010"},{"time":0.6666,"name":"EF/allEF/main_graund_wave_yellow/ef_graund_wave_yellow_00012"},{"time":0.7,"name":"EF/allEF/main_graund_wave_yellow/ef_graund_wave_yellow_00014"},{"time":0.7333,"name":null},{"time":2.9333,"name":"EF/allEF/main_graund_wave_yellow/ef_graund_wave_yellow_00002"},{"time":2.9666,"name":"EF/allEF/main_graund_wave_yellow/ef_graund_wave_yellow_00004"},{"time":3,"name":"EF/allEF/main_graund_wave_yellow/ef_graund_wave_yellow_00006"},{"time":3.0333,"name":"EF/allEF/main_graund_wave_yellow/ef_graund_wave_yellow_00008"},{"time":3.0666,"name":"EF/allEF/main_graund_wave_yellow/ef_graund_wave_yellow_00010"},{"time":3.1,"name":"EF/allEF/main_graund_wave_yellow/ef_graund_wave_yellow_00012"},{"time":3.1333,"name":"EF/allEF/main_graund_wave_yellow/ef_graund_wave_yellow_00014"},{"time":3.1666,"name":null},{"time":3.7666,"name":"EF/allEF/main_graund_wave_yellow/ef_graund_wave_yellow_00002"},{"time":3.8,"name":"EF/allEF/main_graund_wave_yellow/ef_graund_wave_yellow_00004"},{"time":3.8333,"name":"EF/allEF/main_graund_wave_yellow/ef_graund_wave_yellow_00006"},{"time":3.8666,"name":"EF/allEF/main_graund_wave_yellow/ef_graund_wave_yellow_00008"},{"time":3.9,"name":"EF/allEF/main_graund_wave_yellow/ef_graund_wave_yellow_00010"},{"time":3.9333,"name":"EF/allEF/main_graund_wave_yellow/ef_graund_wave_yellow_00012"},{"time":3.9666,"name":"EF/allEF/main_graund_wave_yellow/ef_graund_wave_yellow_00014"},{"time":4,"name":null}]},"EF/allEF/main_graund_wave_yellow/ef_graund_wave_yellow_2":{"attachment":[{"time":0.6,"name":"EF/allEF/main_graund_wave_yellow/ef_graund_wave_yellow_00002"},{"time":0.6333,"name":"EF/allEF/main_graund_wave_yellow/ef_graund_wave_yellow_00004"},{"time":0.6666,"name":"EF/allEF/main_graund_wave_yellow/ef_graund_wave_yellow_00006"},{"time":0.7,"name":"EF/allEF/main_graund_wave_yellow/ef_graund_wave_yellow_00008"},{"time":0.7333,"name":"EF/allEF/main_graund_wave_yellow/ef_graund_wave_yellow_00010"},{"time":0.7666,"name":"EF/allEF/main_graund_wave_yellow/ef_graund_wave_yellow_00012"},{"time":0.8,"name":"EF/allEF/main_graund_wave_yellow/ef_graund_wave_yellow_00014"},{"time":0.8333,"name":null},{"time":3.0333,"name":"EF/allEF/main_graund_wave_yellow/ef_graund_wave_yellow_00002"},{"time":3.0666,"name":"EF/allEF/main_graund_wave_yellow/ef_graund_wave_yellow_00004"},{"time":3.1,"name":"EF/allEF/main_graund_wave_yellow/ef_graund_wave_yellow_00006"},{"time":3.1333,"name":"EF/allEF/main_graund_wave_yellow/ef_graund_wave_yellow_00008"},{"time":3.1666,"name":"EF/allEF/main_graund_wave_yellow/ef_graund_wave_yellow_00010"},{"time":3.2,"name":"EF/allEF/main_graund_wave_yellow/ef_graund_wave_yellow_00012"},{"time":3.2333,"name":"EF/allEF/main_graund_wave_yellow/ef_graund_wave_yellow_00014"},{"time":3.2666,"name":null},{"time":3.8333,"name":"EF/allEF/main_graund_wave_yellow/ef_graund_wave_yellow_00002"},{"time":3.8666,"name":"EF/allEF/main_graund_wave_yellow/ef_graund_wave_yellow_00004"},{"time":3.9,"name":"EF/allEF/main_graund_wave_yellow/ef_graund_wave_yellow_00006"},{"time":3.9333,"name":"EF/allEF/main_graund_wave_yellow/ef_graund_wave_yellow_00008"},{"time":3.9666,"name":"EF/allEF/main_graund_wave_yellow/ef_graund_wave_yellow_00010"},{"time":4.0333,"name":"EF/allEF/main_graund_wave_yellow/ef_graund_wave_yellow_00012"},{"time":4.1,"name":"EF/allEF/main_graund_wave_yellow/ef_graund_wave_yellow_00014"},{"time":4.1666,"name":null}]},"EF/allEF/main_graund_wave_yellow/ef_graund_wave_yellow_3":{"attachment":[{"time":0.7,"name":"EF/allEF/main_graund_wave_yellow/ef_graund_wave_yellow_00002"},{"time":0.7333,"name":"EF/allEF/main_graund_wave_yellow/ef_graund_wave_yellow_00004"},{"time":0.7666,"name":"EF/allEF/main_graund_wave_yellow/ef_graund_wave_yellow_00006"},{"time":0.8,"name":"EF/allEF/main_graund_wave_yellow/ef_graund_wave_yellow_00008"},{"time":0.8333,"name":"EF/allEF/main_graund_wave_yellow/ef_graund_wave_yellow_00010"},{"time":0.8666,"name":"EF/allEF/main_graund_wave_yellow/ef_graund_wave_yellow_00012"},{"time":0.9,"name":"EF/allEF/main_graund_wave_yellow/ef_graund_wave_yellow_00014"},{"time":0.9333,"name":null},{"time":3.9,"name":"EF/allEF/main_graund_wave_yellow/ef_graund_wave_yellow_00002"},{"time":3.9333,"name":"EF/allEF/main_graund_wave_yellow/ef_graund_wave_yellow_00004"},{"time":3.9666,"name":"EF/allEF/main_graund_wave_yellow/ef_graund_wave_yellow_00006"},{"time":4.0333,"name":"EF/allEF/main_graund_wave_yellow/ef_graund_wave_yellow_00008"},{"time":4.1,"name":"EF/allEF/main_graund_wave_yellow/ef_graund_wave_yellow_00010"},{"time":4.1666,"name":"EF/allEF/main_graund_wave_yellow/ef_graund_wave_yellow_00012"},{"time":4.2333,"name":"EF/allEF/main_graund_wave_yellow/ef_graund_wave_yellow_00014"},{"time":4.3,"name":null}]},"EF/allEF/main_graund_wave_yellow/ef_graund_wave_yellow_4":{"attachment":[{"time":3.9666,"name":"EF/allEF/main_graund_wave_yellow/ef_graund_wave_yellow_00002"},{"time":4.0333,"name":"EF/allEF/main_graund_wave_yellow/ef_graund_wave_yellow_00004"},{"time":4.1,"name":"EF/allEF/main_graund_wave_yellow/ef_graund_wave_yellow_00006"},{"time":4.1666,"name":"EF/allEF/main_graund_wave_yellow/ef_graund_wave_yellow_00008"},{"time":4.2333,"name":"EF/allEF/main_graund_wave_yellow/ef_graund_wave_yellow_00010"},{"time":4.3,"name":"EF/allEF/main_graund_wave_yellow/ef_graund_wave_yellow_00012"},{"time":4.3666,"name":"EF/allEF/main_graund_wave_yellow/ef_graund_wave_yellow_00014"},{"time":4.4333,"name":null}]},"EF/allEF/main_ring_yellow/ef_ring_yellow_00001":{"attachment":[{"time":0.0333,"name":"EF/allEF/main_ring_yellow/ef_ring_yellow_00001"},{"time":0.0666,"name":"EF/allEF/main_ring_yellow/ef_ring_yellow_00002"},{"time":0.1,"name":"EF/allEF/main_ring_yellow/ef_ring_yellow_00003"},{"time":0.1333,"name":"EF/allEF/main_ring_yellow/ef_ring_yellow_00004"},{"time":0.1666,"name":"EF/allEF/main_ring_yellow/ef_ring_yellow_00005"},{"time":0.2,"name":"EF/allEF/main_ring_yellow/ef_ring_yellow_00006"},{"time":0.2333,"name":"EF/allEF/main_ring_yellow/ef_ring_yellow_00007"},{"time":0.2666,"name":"EF/allEF/main_ring_yellow/ef_ring_yellow_00008"},{"time":0.3,"name":"EF/allEF/main_ring_yellow/ef_ring_yellow_00009"},{"time":0.3333,"name":"EF/allEF/main_ring_yellow/ef_ring_yellow_00010"},{"time":0.3666,"name":"EF/allEF/main_ring_yellow/ef_ring_yellow_00011"},{"time":0.4,"name":"EF/allEF/main_ring_yellow/ef_ring_yellow_00012"},{"time":0.4333,"name":null}]},"EF/allEF/main_shine_yellow/ef_shine_yellow_00001":{"attachment":[{"time":0.0333,"name":"EF/allEF/main_shine_yellow/ef_shine_yellow_00005"},{"time":0.0666,"name":"EF/allEF/main_shine_yellow/ef_shine_yellow_00006"},{"time":0.1333,"name":"EF/allEF/main_shine_yellow/ef_shine_yellow_00007"},{"time":0.1666,"name":"EF/allEF/main_shine_yellow/ef_shine_yellow_00008"},{"time":0.2333,"name":"EF/allEF/main_shine_yellow/ef_shine_yellow_00009"},{"time":0.2666,"name":"EF/allEF/main_shine_yellow/ef_shine_yellow_00010"},{"time":0.3,"name":"EF/allEF/main_shine_yellow/ef_shine_yellow_00011"},{"time":0.3666,"name":"EF/allEF/main_shine_yellow/ef_shine_yellow_00012"},{"time":0.4,"name":"EF/allEF/main_shine_yellow/ef_shine_yellow_00013"},{"time":0.4666,"name":"EF/allEF/main_shine_yellow/ef_shine_yellow_00014"},{"time":0.5,"name":null}]},"EF/efr_ATK2_earth2_00001":{"attachment":[{"time":3.0333,"name":"EF/efr_ATK2_earth2_00001"}],"color":[{"time":4.8,"color":"ffffffff"},{"time":5.2,"color":"ffffff00"}]},"EF/efr_ATK2_earth2_1":{"attachment":[{"time":3.0333,"name":"EF/efr_ATK2_earth2_00001"}],"color":[{"time":4.8,"color":"ffffffff"},{"time":5.2,"color":"ffffff00"}]},"EF/efr_ATK2_earth2_2":{"attachment":[{"time":3.7666,"name":"EF/efr_ATK2_earth2_00001"}],"color":[{"time":3.7666,"color":"ffffff00"},{"time":3.8333,"color":"ffffffff","curve":"stepped"},{"time":4.8,"color":"ffffffff"},{"time":5.2,"color":"ffffff00"}]},"EF/efr_ATK2_earth2_3":{"attachment":[{"time":3.7666,"name":"EF/efr_ATK2_earth2_00001"}],"color":[{"time":3.7666,"color":"ffffff00"},{"time":3.8333,"color":"ffffffff","curve":"stepped"},{"time":4.8,"color":"ffffffff"},{"time":5.2,"color":"ffffff00"}]},"EF/efr_ATK2_earth2_4":{"attachment":[{"time":3.7666,"name":"EF/efr_ATK2_earth2_00001"}],"color":[{"time":3.7666,"color":"ffffff00"},{"time":3.8333,"color":"ffffffff","curve":"stepped"},{"time":4.8,"color":"ffffffff"},{"time":5.2,"color":"ffffff00"}]},"MAIN":{"attachment":[{"time":0,"name":"idle_00"},{"time":0.0333,"name":"skill3_01"},{"time":0.5,"name":"skill3_03"},{"time":0.5666,"name":"skill3_02"},{"time":0.6333,"name":"skill3_03"},{"time":0.7333,"name":"skill3_02"},{"time":0.8333,"name":"skill3_03"},{"time":0.9666,"name":"skill3_02"},{"time":1.2333,"name":"skill3_04"},{"time":1.3333,"name":"skill3_05"},{"time":2.0666,"name":"skill2_05"},{"time":2.2333,"name":"skill2_06"},{"time":2.8,"name":"skill2_07"},{"time":2.8666,"name":"skill2_07"},{"time":2.9333,"name":"skill2_08"},{"time":3,"name":"skill2_09"},{"time":3.0666,"name":"skill2_08"},{"time":3.3333,"name":"skill3_08"},{"time":3.4,"name":"skill3_09"},{"time":3.7333,"name":"skill3_10"},{"time":3.7666,"name":"skill3_11"},{"time":3.9333,"name":"skill3_12"},{"time":4,"name":"skill3_11"},{"time":4.0666,"name":"skill3_12"},{"time":4.1333,"name":"skill3_11"},{"time":4.2,"name":"skill3_12"},{"time":4.2666,"name":"skill3_11"},{"time":4.3333,"name":"skill3_12"},{"time":4.4,"name":"skill3_11"},{"time":4.4666,"name":"skill3_12"},{"time":4.5333,"name":"skill3_11"},{"time":4.6,"name":"skill3_12"},{"time":4.7,"name":"skill3_11"},{"time":4.8,"name":"skill3_12"},{"time":4.9,"name":"skill3_11"},{"time":5.0666,"name":"attack_02"},{"time":5.1666,"name":"attack_03"},{"time":5.3,"name":"back_00"},{"time":5.6333,"name":"skill1_07"},{"time":5.7666,"name":"skill1_08"},{"time":5.8666,"name":"idle_03"}]}},"bones":{"MAIN":{"rotate":[{"time":2.2333,"angle":0},{"time":2.3,"angle":120},{"time":2.3666,"angle":240},{"time":2.4333,"angle":0},{"time":2.5,"angle":120},{"time":2.5666,"angle":240},{"time":2.6333,"angle":0},{"time":2.7,"angle":118.56},{"time":2.7666,"angle":-176.65,"curve":"stepped"},{"time":2.8,"angle":8.43},{"time":2.8666,"angle":22.64,"curve":"stepped"},{"time":2.9333,"angle":0}],"translate":[{"time":0,"x":0,"y":0,"curve":"stepped"},{"time":0.5,"x":0,"y":-7.81},{"time":0.5333,"x":0,"y":0},{"time":0.5666,"x":0,"y":-7.81},{"time":0.6,"x":0,"y":0,"curve":"stepped"},{"time":1.2333,"x":0,"y":0,"curve":[0.201,0.45,0.75,1]},{"time":1.5,"x":-5,"y":0,"curve":"stepped"},{"time":2.0666,"x":0,"y":-23.98},{"time":2.2333,"x":0,"y":323,"curve":"stepped"},{"time":2.8666,"x":0,"y":323},{"time":2.9333,"x":0,"y":-12.16,"curve":"stepped"},{"time":2.9666,"x":0,"y":-2,"curve":"stepped"},{"time":3,"x":0,"y":-12.16,"curve":"stepped"},{"time":3.0333,"x":0,"y":-2,"curve":"stepped"},{"time":3.3333,"x":23.29,"y":-2,"curve":[0.059,0.83,0.184,0.87]},{"time":3.5333,"x":144.71,"y":-2,"curve":"stepped"},{"time":3.7333,"x":99.2,"y":-2,"curve":[0.228,0.54,0.508,0.84]},{"time":3.7666,"x":70,"y":-10.71,"curve":[0.291,0.47,0.621,0.78]},{"time":3.8,"x":60,"y":5.59,"curve":[0.294,0.48,0.625,0.75]},{"time":3.8333,"x":60,"y":-2,"curve":"stepped"},{"time":3.8666,"x":60,"y":-7.81,"curve":"stepped"},{"time":3.9,"x":60,"y":-2,"curve":"stepped"},{"time":5.0666,"x":50,"y":-2,"curve":"stepped"},{"time":5.3,"x":100.03,"y":-17.07,"curve":[0.132,0.21,0.75,1]},{"time":5.4666,"x":189.37,"y":12.53},{"time":5.6333,"x":230,"y":0,"curve":[0.022,0.91,0.75,1]},{"time":5.8666,"x":250,"y":0}]},"DAMAGEAREA":{"translate":[{"time":3,"x":-125.78,"y":136.26,"curve":"stepped"},{"time":3.3333,"x":-81.68,"y":131.15,"curve":"stepped"},{"time":3.7666,"x":-162.41,"y":118.8}],"scale":[{"time":3,"x":1.67,"y":1.737,"curve":"stepped"},{"time":3.3333,"x":2.633,"y":1.849,"curve":"stepped"},{"time":3.7666,"x":3.133,"y":1.883}]},"graund_wave_1":{"translate":[{"time":0.5,"x":-107.42,"y":145.92,"curve":"stepped"},{"time":2.9333,"x":-216.02,"y":136.2,"curve":"stepped"},{"time":3.7666,"x":-297.03,"y":118.93}],"scale":[{"time":0.5,"x":1.615,"y":1.615,"curve":"stepped"},{"time":2.9333,"x":2.34,"y":2.34,"curve":"stepped"},{"time":3.7666,"x":3.172,"y":2.54}]},"graund_wave_2":{"translate":[{"time":0.6,"x":-107.42,"y":145.92,"curve":"stepped"},{"time":3.0333,"x":-216.02,"y":136.2,"curve":"stepped"},{"time":3.8333,"x":-297.03,"y":118.93}],"scale":[{"time":0.6,"x":1.615,"y":1.615,"curve":"stepped"},{"time":3.0333,"x":2.34,"y":2.34,"curve":"stepped"},{"time":3.8333,"x":3.172,"y":2.54}]},"graund_wave_3":{"translate":[{"time":0.7,"x":-107.42,"y":145.92,"curve":"stepped"},{"time":3.9,"x":-297.03,"y":118.93}],"scale":[{"time":0.7,"x":1.615,"y":1.615,"curve":"stepped"},{"time":3.9,"x":3.172,"y":2.54}]},"slash_1":{"rotate":[{"time":2.9333,"angle":-11.94,"curve":"stepped"},{"time":3.3333,"angle":119.7,"curve":"stepped"},{"time":3.7666,"angle":-62.2}],"translate":[{"time":2.9333,"x":-45.33,"y":527.66,"curve":"stepped"},{"time":3.3333,"x":58.21,"y":464.58,"curve":"stepped"},{"time":3.7666,"x":118.15,"y":453.98}],"scale":[{"time":2.9333,"x":2.406,"y":-4.692,"curve":"stepped"},{"time":3.3333,"x":-2.292,"y":3.897,"curve":"stepped"},{"time":3.7666,"x":1.806,"y":3.253}]},"slash_2":{"rotate":[{"time":3.3333,"angle":135.21,"curve":"stepped"},{"time":3.7666,"angle":-32.8}],"translate":[{"time":3.3333,"x":-62.25,"y":495.74,"curve":"stepped"},{"time":3.7666,"x":27.49,"y":456.05}],"scale":[{"time":3.3333,"x":-2.589,"y":3.546,"curve":"stepped"},{"time":3.7666,"x":1.84,"y":2.95}]},"graund_wave_4":{"translate":[{"time":3.9666,"x":-297.03,"y":118.93}],"scale":[{"time":3.9666,"x":3.172,"y":2.54}]},"shine_yellow":{"translate":[{"time":0.0333,"x":-88.48,"y":328.22}],"scale":[{"time":0.0333,"x":5.292,"y":5.292,"curve":[0.596,0,0.991,1]},{"time":0.5,"x":1.73,"y":1.73}]},"ring_yellow":{"translate":[{"time":0.0333,"x":-88.59,"y":285.59}],"scale":[{"time":0.0333,"x":3.207,"y":3.207},{"time":0.4333,"x":0.86,"y":0.86}]},"earth_1":{"rotate":[{"time":3.0333,"angle":-178.77}],"translate":[{"time":3.0333,"x":-312.76,"y":65.77}],"scale":[{"time":3.0333,"x":1.283,"y":1.263}]},"earth_2":{"translate":[{"time":3.0333,"x":-330.89,"y":105.65}],"scale":[{"time":3.0333,"x":1.466,"y":1.092}]},"earth_3":{"rotate":[{"time":3.7666,"angle":-177.99}],"translate":[{"time":3.7666,"x":-459.86,"y":74.45}],"scale":[{"time":3.7666,"x":1.424,"y":1.424}]},"earth_4":{"rotate":[{"time":3.7666,"angle":178.66}],"translate":[{"time":3.7666,"x":-279.78,"y":33.05}],"scale":[{"time":3.7666,"x":1.647,"y":1.647}]},"earth_5":{"translate":[{"time":3.7666,"x":-171.69,"y":114.89}],"scale":[{"time":3.7666,"x":1.448,"y":1.09}]}},"drawOrder":[{"time":2.9333,"offsets":[{"slot":"EF/Slash/100_S3_slash1_00000","offset":8}]}],"events":[{"time":0,"name":"Event","string":"setHitEffect(hit03d, 1)"},{"time":0,"name":"Event2"},{"time":0,"name":"Sound1","string":"cri_se_battle_charge"},{"time":0,"name":"Sound3","string":"setHitSound(se_battle_007_attack_hit_01)"},{"time":0,"name":"Voice","string":"cri_271_voice_fullarts_now_b"},{"time":0.5,"name":"Event","string":"shakeGround"},{"time":0.5,"name":"Sound1","string":"cri_se_battle_arrow_light_effect"},{"time":1.3333,"name":"Event","string":"addOrbitSystem_weapon"},{"time":2.0666,"name":"Sound1","string":"cri_se_battle_jump"},{"time":2.2333,"name":"Event","string":"movePosition_Target(0.5,100,0)"},{"time":2.8666,"name":"Sound1","string":"cri_se_battle_skill_shot"},{"time":2.9333,"name":"Sound1","string":"cri_se_battle_031_explosion_03"},{"time":2.9333,"name":"Sound2","string":"cri_se_battle_monster_hit"},{"time":3,"name":"Event","float":0.15,"string":"kHitStopType_normal"},{"time":3,"name":"Event2","float":1.5,"string":"shakeGround"},{"time":3.3333,"name":"Event","float":0.2,"string":"kHitStopType_normal"},{"time":3.3333,"name":"Event2","float":1.7,"string":"shakeGround"},{"time":3.3333,"name":"Hit","string":"resetHitList"},{"time":3.3333,"name":"Sound1","string":"cri_se_battle_skill_shot"},{"time":3.3333,"name":"Sound2","string":"cri_se_battle_monster_hit"},{"time":3.3333,"name":"Sound3","string":"cri_se_battle_030_explosion_02"},{"time":3.7333,"name":"Event","string":"setForceImpact(1)"},{"time":3.7333,"name":"Event2","int":50,"string":"kImpactType_knock_up"},{"time":3.7333,"name":"Sound1","string":"cri_se_battle_skill_shot"},{"time":3.7333,"name":"Voice","string":"cri_271_voice_fullarts_rank6"},{"time":3.7666,"name":"Event","float":0.25,"string":"kHitStopType_normal"},{"time":3.7666,"name":"Event2","float":2,"string":"shakeGround"},{"time":3.7666,"name":"Hit","string":"resetHitList"},{"time":3.7666,"name":"Sound2","string":"cri_se_battle_monster_hit"},{"time":3.7666,"name":"Sound3","string":"cri_se_battle_032_explosion_04"},{"time":3.8,"name":"Event2","int":1,"string":"kImpactType_knock_up"},{"time":3.8333,"name":"Event","float":0.02,"string":"kHitStopType_normal"},{"time":3.8333,"name":"Event2","float":1.6,"string":"shakeGround"},{"time":3.8333,"name":"Hit","string":"resetHitList"},{"time":3.9,"name":"Hit","string":"resetHitList"},{"time":3.9333,"name":"Sound3","string":"cri_se_battle_030_explosion_02"},{"time":3.9666,"name":"Event2","float":1.6,"string":"shakeGround"},{"time":3.9666,"name":"Hit","string":"resetHitList"},{"time":4.0333,"name":"Hit","string":"resetHitList"},{"time":4.1,"name":"Event2","float":1.6,"string":"shakeGround"},{"time":4.1,"name":"Hit","string":"resetHitList"},{"time":4.1666,"name":"Hit","string":"resetHitList"},{"time":4.2333,"name":"Event2","float":1.6,"string":"shakeGround"},{"time":4.2333,"name":"Hit","string":"resetHitList"},{"time":4.3,"name":"Hit","string":"resetHitList"},{"time":4.3666,"name":"Event2","float":1.6,"string":"shakeGround"},{"time":4.3666,"name":"Hit","string":"resetHitList"},{"time":4.4333,"name":"Hit","string":"resetHitList"},{"time":4.5,"name":"Event2","float":1.6,"string":"shakeGround"},{"time":4.5,"name":"Hit","string":"resetHitList"},{"time":5.2333,"name":"Sound3","string":"cri_se_battle_jump"},{"time":5.6333,"name":"Sound3","string":"cri_se_battle_landing"}]}}}