{"skeleton":{"hash":"Y4oReqlsq4mLojR6jvcSbIERAX4","spine":"3.0.12","width":572,"height":637,"images":"./images/"},"bones":[{"name":"root"}],"slots":[{"name":"pose 9","bone":"root","attachment":"pose_c_9"},{"name":"pose 8","bone":"root","attachment":"pose_c_8"},{"name":"pose 7","bone":"root","attachment":"pose_c_7"},{"name":"pose 6","bone":"root","attachment":"pose_c_6"},{"name":"pose 5","bone":"root","attachment":"pose_c_5"},{"name":"pose 4","bone":"root","attachment":"pose_c_4"},{"name":"pose_all_10","bone":"root","attachment":"pose_all_10"},{"name":"pose_all_3","bone":"root","attachment":"pose_all_3"},{"name":"pose_all_2","bone":"root","attachment":"pose_all_2"},{"name":"pose_all_1","bone":"root","attachment":"pose_all_1"},{"name":"face","bone":"root","attachment":"face_10"}],"skins":{"default":{"face":{"face_1":{"x":16,"y":593,"width":76,"height":90},"face_2":{"x":16,"y":593,"width":76,"height":90},"face_3":{"x":16,"y":593,"width":76,"height":90},"face_4":{"x":16,"y":593,"width":76,"height":90},"face_5":{"x":16,"y":593,"width":76,"height":90},"face_6":{"x":16,"y":593,"width":76,"height":90},"face_7":{"x":16,"y":593,"width":76,"height":90},"face_8":{"x":16,"y":593,"width":76,"height":90},"face_9":{"x":16,"y":593,"width":76,"height":90},"face_10":{"x":16,"y":593,"width":76,"height":90}},"pose 4":{"pose_a_4":{"x":-59.5,"y":520.5,"width":75,"height":77},"pose_b_4":{"x":-59,"y":520.5,"width":74,"height":77},"pose_c_4":{"x":-62,"y":520.5,"width":80,"height":77}},"pose 5":{"pose_a_5":{"x":16,"y":515,"width":76,"height":66},"pose_b_5":{"x":16,"y":515,"width":76,"height":66},"pose_c_5":{"x":16,"y":515,"width":76,"height":66}},"pose 6":{"pose_a_6":{"x":107.5,"y":523,"width":107,"height":82},"pose_b_6":{"x":106.5,"y":523,"width":105,"height":82},"pose_c_6":{"x":107,"y":523,"width":106,"height":82}},"pose 7":{"pose_a_7":{"x":-135.5,"y":310,"width":59,"height":284},"pose_b_7":{"x":-131.5,"y":308.5,"width":51,"height":281},"pose_c_7":{"x":-182,"y":320.5,"width":152,"height":305}},"pose 8":{"pose_a_8":{"x":37,"y":344.5,"width":286,"height":275},"pose_b_8":{"x":35,"y":344.5,"width":282,"height":275},"pose_c_8":{"x":44.5,"y":344.5,"width":301,"height":275}},"pose 9":{"pose_a_9":{"x":27,"y":187.5,"width":266,"height":39},"pose_b_9":{"x":27,"y":187.5,"width":266,"height":39},"pose_c_9":{"x":27,"y":187.5,"width":266,"height":39}},"pose_all_1":{"pose_all_1":{"x":-36,"y":622.5,"width":28,"height":103}},"pose_all_10":{"pose_all_10":{"x":-47,"y":116,"width":572,"height":104}},"pose_all_2":{"pose_all_2":{"x":16,"y":669.5,"width":76,"height":63}},"pose_all_3":{"pose_all_3":{"x":68.5,"y":617.5,"width":29,"height":107}}}},"animations":{"100":{"slots":{"face":{"attachment":[{"time":0,"name":"face_10"}]},"pose 4":{"attachment":[{"time":0,"name":"pose_a_4"}]},"pose 5":{"attachment":[{"time":0,"name":"pose_a_5"}]},"pose 6":{"attachment":[{"time":0,"name":"pose_a_6"}]},"pose 7":{"attachment":[{"time":0,"name":"pose_a_7"}]},"pose 8":{"attachment":[{"time":0,"name":"pose_a_8"}]},"pose 9":{"attachment":[{"time":0,"name":"pose_a_9"}]},"pose_all_1":{"attachment":[{"time":0,"name":"pose_all_1"}]},"pose_all_2":{"attachment":[{"time":0,"name":"pose_all_2"}]},"pose_all_3":{"attachment":[{"time":0,"name":"pose_all_3"}]},"pose_all_10":{"attachment":[{"time":0,"name":"pose_all_10"}]}},"drawOrder":[{"time":0}]},"110":{"slots":{"face":{"attachment":[{"time":0,"name":"face_1"}]},"pose 4":{"attachment":[{"time":0,"name":"pose_a_4"}]},"pose 5":{"attachment":[{"time":0,"name":"pose_a_5"}]},"pose 6":{"attachment":[{"time":0,"name":"pose_a_6"}]},"pose 7":{"attachment":[{"time":0,"name":"pose_a_7"}]},"pose 8":{"attachment":[{"time":0,"name":"pose_a_8"}]},"pose 9":{"attachment":[{"time":0,"name":"pose_a_9"}]},"pose_all_1":{"attachment":[{"time":0,"name":"pose_all_1"}]},"pose_all_2":{"attachment":[{"time":0,"name":"pose_all_2"}]},"pose_all_3":{"attachment":[{"time":0,"name":"pose_all_3"}]},"pose_all_10":{"attachment":[{"time":0,"name":"pose_all_10"}]}},"drawOrder":[{"time":0}]},"120":{"slots":{"face":{"attachment":[{"time":0,"name":"face_2"}]},"pose 4":{"attachment":[{"time":0,"name":"pose_a_4"}]},"pose 5":{"attachment":[{"time":0,"name":"pose_a_5"}]},"pose 6":{"attachment":[{"time":0,"name":"pose_a_6"}]},"pose 7":{"attachment":[{"time":0,"name":"pose_a_7"}]},"pose 8":{"attachment":[{"time":0,"name":"pose_a_8"}]},"pose 9":{"attachment":[{"time":0,"name":"pose_a_9"}]},"pose_all_1":{"attachment":[{"time":0,"name":"pose_all_1"}]},"pose_all_2":{"attachment":[{"time":0,"name":"pose_all_2"}]},"pose_all_3":{"attachment":[{"time":0,"name":"pose_all_3"}]},"pose_all_10":{"attachment":[{"time":0,"name":"pose_all_10"}]}},"drawOrder":[{"time":0}]},"130":{"slots":{"face":{"attachment":[{"time":0,"name":"face_3"}]},"pose 4":{"attachment":[{"time":0,"name":"pose_a_4"}]},"pose 5":{"attachment":[{"time":0,"name":"pose_a_5"}]},"pose 6":{"attachment":[{"time":0,"name":"pose_a_6"}]},"pose 7":{"attachment":[{"time":0,"name":"pose_a_7"}]},"pose 8":{"attachment":[{"time":0,"name":"pose_a_8"}]},"pose 9":{"attachment":[{"time":0,"name":"pose_a_9"}]},"pose_all_1":{"attachment":[{"time":0,"name":"pose_all_1"}]},"pose_all_2":{"attachment":[{"time":0,"name":"pose_all_2"}]},"pose_all_3":{"attachment":[{"time":0,"name":"pose_all_3"}]},"pose_all_10":{"attachment":[{"time":0,"name":"pose_all_10"}]}},"drawOrder":[{"time":0}]},"140":{"slots":{"face":{"attachment":[{"time":0,"name":"face_4"}]},"pose 4":{"attachment":[{"time":0,"name":"pose_a_4"}]},"pose 5":{"attachment":[{"time":0,"name":"pose_a_5"}]},"pose 6":{"attachment":[{"time":0,"name":"pose_a_6"}]},"pose 7":{"attachment":[{"time":0,"name":"pose_a_7"}]},"pose 8":{"attachment":[{"time":0,"name":"pose_a_8"}]},"pose 9":{"attachment":[{"time":0,"name":"pose_a_9"}]},"pose_all_1":{"attachment":[{"time":0,"name":"pose_all_1"}]},"pose_all_2":{"attachment":[{"time":0,"name":"pose_all_2"}]},"pose_all_3":{"attachment":[{"time":0,"name":"pose_all_3"}]},"pose_all_10":{"attachment":[{"time":0,"name":"pose_all_10"}]}},"drawOrder":[{"time":0}]},"150":{"slots":{"face":{"attachment":[{"time":0,"name":"face_5"}]},"pose 4":{"attachment":[{"time":0,"name":"pose_a_4"}]},"pose 5":{"attachment":[{"time":0,"name":"pose_a_5"}]},"pose 6":{"attachment":[{"time":0,"name":"pose_a_6"}]},"pose 7":{"attachment":[{"time":0,"name":"pose_a_7"}]},"pose 8":{"attachment":[{"time":0,"name":"pose_a_8"}]},"pose 9":{"attachment":[{"time":0,"name":"pose_a_9"}]},"pose_all_1":{"attachment":[{"time":0,"name":"pose_all_1"}]},"pose_all_2":{"attachment":[{"time":0,"name":"pose_all_2"}]},"pose_all_3":{"attachment":[{"time":0,"name":"pose_all_3"}]},"pose_all_10":{"attachment":[{"time":0,"name":"pose_all_10"}]}},"drawOrder":[{"time":0}]},"160":{"slots":{"face":{"attachment":[{"time":0,"name":"face_6"}]},"pose 4":{"attachment":[{"time":0,"name":"pose_a_4"}]},"pose 5":{"attachment":[{"time":0,"name":"pose_a_5"}]},"pose 6":{"attachment":[{"time":0,"name":"pose_a_6"}]},"pose 7":{"attachment":[{"time":0,"name":"pose_a_7"}]},"pose 8":{"attachment":[{"time":0,"name":"pose_a_8"}]},"pose 9":{"attachment":[{"time":0,"name":"pose_a_9"}]},"pose_all_1":{"attachment":[{"time":0,"name":"pose_all_1"}]},"pose_all_2":{"attachment":[{"time":0,"name":"pose_all_2"}]},"pose_all_3":{"attachment":[{"time":0,"name":"pose_all_3"}]},"pose_all_10":{"attachment":[{"time":0,"name":"pose_all_10"}]}},"drawOrder":[{"time":0}]},"170":{"slots":{"face":{"attachment":[{"time":0,"name":"face_7"}]},"pose 4":{"attachment":[{"time":0,"name":"pose_a_4"}]},"pose 5":{"attachment":[{"time":0,"name":"pose_a_5"}]},"pose 6":{"attachment":[{"time":0,"name":"pose_a_6"}]},"pose 7":{"attachment":[{"time":0,"name":"pose_a_7"}]},"pose 8":{"attachment":[{"time":0,"name":"pose_a_8"}]},"pose 9":{"attachment":[{"time":0,"name":"pose_a_9"}]},"pose_all_1":{"attachment":[{"time":0,"name":"pose_all_1"}]},"pose_all_2":{"attachment":[{"time":0,"name":"pose_all_2"}]},"pose_all_3":{"attachment":[{"time":0,"name":"pose_all_3"}]},"pose_all_10":{"attachment":[{"time":0,"name":"pose_all_10"}]}},"drawOrder":[{"time":0}]},"180":{"slots":{"face":{"attachment":[{"time":0,"name":"face_8"}]},"pose 4":{"attachment":[{"time":0,"name":"pose_a_4"}]},"pose 5":{"attachment":[{"time":0,"name":"pose_a_5"}]},"pose 6":{"attachment":[{"time":0,"name":"pose_a_6"}]},"pose 7":{"attachment":[{"time":0,"name":"pose_a_7"}]},"pose 8":{"attachment":[{"time":0,"name":"pose_a_8"}]},"pose 9":{"attachment":[{"time":0,"name":"pose_a_9"}]},"pose_all_1":{"attachment":[{"time":0,"name":"pose_all_1"}]},"pose_all_2":{"attachment":[{"time":0,"name":"pose_all_2"}]},"pose_all_3":{"attachment":[{"time":0,"name":"pose_all_3"}]},"pose_all_10":{"attachment":[{"time":0,"name":"pose_all_10"}]}},"drawOrder":[{"time":0}]},"190":{"slots":{"face":{"attachment":[{"time":0,"name":"face_9"}]},"pose 4":{"attachment":[{"time":0,"name":"pose_a_4"}]},"pose 5":{"attachment":[{"time":0,"name":"pose_a_5"}]},"pose 6":{"attachment":[{"time":0,"name":"pose_a_6"}]},"pose 7":{"attachment":[{"time":0,"name":"pose_a_7"}]},"pose 8":{"attachment":[{"time":0,"name":"pose_a_8"}]},"pose 9":{"attachment":[{"time":0,"name":"pose_a_9"}]},"pose_all_1":{"attachment":[{"time":0,"name":"pose_all_1"}]},"pose_all_2":{"attachment":[{"time":0,"name":"pose_all_2"}]},"pose_all_3":{"attachment":[{"time":0,"name":"pose_all_3"}]},"pose_all_10":{"attachment":[{"time":0,"name":"pose_all_10"}]}},"drawOrder":[{"time":0}]},"200":{"slots":{"face":{"attachment":[{"time":0,"name":"face_10"}]},"pose 4":{"attachment":[{"time":0,"name":"pose_b_4"}]},"pose 5":{"attachment":[{"time":0,"name":"pose_b_5"}]},"pose 6":{"attachment":[{"time":0,"name":"pose_b_6"}]},"pose 7":{"attachment":[{"time":0,"name":"pose_b_7"}]},"pose 8":{"attachment":[{"time":0,"name":"pose_b_8"}]},"pose 9":{"attachment":[{"time":0,"name":"pose_b_9"}]},"pose_all_1":{"attachment":[{"time":0,"name":"pose_all_1"}]},"pose_all_2":{"attachment":[{"time":0,"name":"pose_all_2"}]},"pose_all_3":{"attachment":[{"time":0,"name":"pose_all_3"}]},"pose_all_10":{"attachment":[{"time":0,"name":"pose_all_10"}]}},"drawOrder":[{"time":0}]},"210":{"slots":{"face":{"attachment":[{"time":0,"name":"face_1"}]},"pose 4":{"attachment":[{"time":0,"name":"pose_b_4"}]},"pose 5":{"attachment":[{"time":0,"name":"pose_b_5"}]},"pose 6":{"attachment":[{"time":0,"name":"pose_b_6"}]},"pose 7":{"attachment":[{"time":0,"name":"pose_b_7"}]},"pose 8":{"attachment":[{"time":0,"name":"pose_b_8"}]},"pose 9":{"attachment":[{"time":0,"name":"pose_b_9"}]},"pose_all_1":{"attachment":[{"time":0,"name":"pose_all_1"}]},"pose_all_2":{"attachment":[{"time":0,"name":"pose_all_2"}]},"pose_all_3":{"attachment":[{"time":0,"name":"pose_all_3"}]},"pose_all_10":{"attachment":[{"time":0,"name":"pose_all_10"}]}},"drawOrder":[{"time":0}]},"220":{"slots":{"face":{"attachment":[{"time":0,"name":"face_2"}]},"pose 4":{"attachment":[{"time":0,"name":"pose_b_4"}]},"pose 5":{"attachment":[{"time":0,"name":"pose_b_5"}]},"pose 6":{"attachment":[{"time":0,"name":"pose_b_6"}]},"pose 7":{"attachment":[{"time":0,"name":"pose_b_7"}]},"pose 8":{"attachment":[{"time":0,"name":"pose_b_8"}]},"pose 9":{"attachment":[{"time":0,"name":"pose_b_9"}]},"pose_all_1":{"attachment":[{"time":0,"name":"pose_all_1"}]},"pose_all_2":{"attachment":[{"time":0,"name":"pose_all_2"}]},"pose_all_3":{"attachment":[{"time":0,"name":"pose_all_3"}]},"pose_all_10":{"attachment":[{"time":0,"name":"pose_all_10"}]}},"drawOrder":[{"time":0}]},"230":{"slots":{"face":{"attachment":[{"time":0,"name":"face_3"}]},"pose 4":{"attachment":[{"time":0,"name":"pose_b_4"}]},"pose 5":{"attachment":[{"time":0,"name":"pose_b_5"}]},"pose 6":{"attachment":[{"time":0,"name":"pose_b_6"}]},"pose 7":{"attachment":[{"time":0,"name":"pose_b_7"}]},"pose 8":{"attachment":[{"time":0,"name":"pose_b_8"}]},"pose 9":{"attachment":[{"time":0,"name":"pose_b_9"}]},"pose_all_1":{"attachment":[{"time":0,"name":"pose_all_1"}]},"pose_all_2":{"attachment":[{"time":0,"name":"pose_all_2"}]},"pose_all_3":{"attachment":[{"time":0,"name":"pose_all_3"}]},"pose_all_10":{"attachment":[{"time":0,"name":"pose_all_10"}]}},"drawOrder":[{"time":0}]},"240":{"slots":{"face":{"attachment":[{"time":0,"name":"face_4"}]},"pose 4":{"attachment":[{"time":0,"name":"pose_b_4"}]},"pose 5":{"attachment":[{"time":0,"name":"pose_b_5"}]},"pose 6":{"attachment":[{"time":0,"name":"pose_b_6"}]},"pose 7":{"attachment":[{"time":0,"name":"pose_b_7"}]},"pose 8":{"attachment":[{"time":0,"name":"pose_b_8"}]},"pose 9":{"attachment":[{"time":0,"name":"pose_b_9"}]},"pose_all_1":{"attachment":[{"time":0,"name":"pose_all_1"}]},"pose_all_2":{"attachment":[{"time":0,"name":"pose_all_2"}]},"pose_all_3":{"attachment":[{"time":0,"name":"pose_all_3"}]},"pose_all_10":{"attachment":[{"time":0,"name":"pose_all_10"}]}},"drawOrder":[{"time":0}]},"250":{"slots":{"face":{"attachment":[{"time":0,"name":"face_5"}]},"pose 4":{"attachment":[{"time":0,"name":"pose_b_4"}]},"pose 5":{"attachment":[{"time":0,"name":"pose_b_5"}]},"pose 6":{"attachment":[{"time":0,"name":"pose_b_6"}]},"pose 7":{"attachment":[{"time":0,"name":"pose_b_7"}]},"pose 8":{"attachment":[{"time":0,"name":"pose_b_8"}]},"pose 9":{"attachment":[{"time":0,"name":"pose_b_9"}]},"pose_all_1":{"attachment":[{"time":0,"name":"pose_all_1"}]},"pose_all_2":{"attachment":[{"time":0,"name":"pose_all_2"}]},"pose_all_3":{"attachment":[{"time":0,"name":"pose_all_3"}]},"pose_all_10":{"attachment":[{"time":0,"name":"pose_all_10"}]}},"drawOrder":[{"time":0}]},"260":{"slots":{"face":{"attachment":[{"time":0,"name":"face_6"}]},"pose 4":{"attachment":[{"time":0,"name":"pose_b_4"}]},"pose 5":{"attachment":[{"time":0,"name":"pose_b_5"}]},"pose 6":{"attachment":[{"time":0,"name":"pose_b_6"}]},"pose 7":{"attachment":[{"time":0,"name":"pose_b_7"}]},"pose 8":{"attachment":[{"time":0,"name":"pose_b_8"}]},"pose 9":{"attachment":[{"time":0,"name":"pose_b_9"}]},"pose_all_1":{"attachment":[{"time":0,"name":"pose_all_1"}]},"pose_all_2":{"attachment":[{"time":0,"name":"pose_all_2"}]},"pose_all_3":{"attachment":[{"time":0,"name":"pose_all_3"}]},"pose_all_10":{"attachment":[{"time":0,"name":"pose_all_10"}]}},"drawOrder":[{"time":0}]},"270":{"slots":{"face":{"attachment":[{"time":0,"name":"face_7"}]},"pose 4":{"attachment":[{"time":0,"name":"pose_b_4"}]},"pose 5":{"attachment":[{"time":0,"name":"pose_b_5"}]},"pose 6":{"attachment":[{"time":0,"name":"pose_b_6"}]},"pose 7":{"attachment":[{"time":0,"name":"pose_b_7"}]},"pose 8":{"attachment":[{"time":0,"name":"pose_b_8"}]},"pose 9":{"attachment":[{"time":0,"name":"pose_b_9"}]},"pose_all_1":{"attachment":[{"time":0,"name":"pose_all_1"}]},"pose_all_2":{"attachment":[{"time":0,"name":"pose_all_2"}]},"pose_all_3":{"attachment":[{"time":0,"name":"pose_all_3"}]},"pose_all_10":{"attachment":[{"time":0,"name":"pose_all_10"}]}},"drawOrder":[{"time":0}]},"280":{"slots":{"face":{"attachment":[{"time":0,"name":"face_8"}]},"pose 4":{"attachment":[{"time":0,"name":"pose_b_4"}]},"pose 5":{"attachment":[{"time":0,"name":"pose_b_5"}]},"pose 6":{"attachment":[{"time":0,"name":"pose_b_6"}]},"pose 7":{"attachment":[{"time":0,"name":"pose_b_7"}]},"pose 8":{"attachment":[{"time":0,"name":"pose_b_8"}]},"pose 9":{"attachment":[{"time":0,"name":"pose_b_9"}]},"pose_all_1":{"attachment":[{"time":0,"name":"pose_all_1"}]},"pose_all_2":{"attachment":[{"time":0,"name":"pose_all_2"}]},"pose_all_3":{"attachment":[{"time":0,"name":"pose_all_3"}]},"pose_all_10":{"attachment":[{"time":0,"name":"pose_all_10"}]}},"drawOrder":[{"time":0}]},"290":{"slots":{"face":{"attachment":[{"time":0,"name":"face_9"}]},"pose 4":{"attachment":[{"time":0,"name":"pose_b_4"}]},"pose 5":{"attachment":[{"time":0,"name":"pose_b_5"}]},"pose 6":{"attachment":[{"time":0,"name":"pose_b_6"}]},"pose 7":{"attachment":[{"time":0,"name":"pose_b_7"}]},"pose 8":{"attachment":[{"time":0,"name":"pose_b_8"}]},"pose 9":{"attachment":[{"time":0,"name":"pose_b_9"}]},"pose_all_1":{"attachment":[{"time":0,"name":"pose_all_1"}]},"pose_all_2":{"attachment":[{"time":0,"name":"pose_all_2"}]},"pose_all_3":{"attachment":[{"time":0,"name":"pose_all_3"}]},"pose_all_10":{"attachment":[{"time":0,"name":"pose_all_10"}]}},"drawOrder":[{"time":0}]},"300":{"slots":{"face":{"attachment":[{"time":0,"name":"face_10"}]},"pose 4":{"attachment":[{"time":0,"name":"pose_c_4"}]},"pose 5":{"attachment":[{"time":0,"name":"pose_c_5"}]},"pose 6":{"attachment":[{"time":0,"name":"pose_c_6"}]},"pose 7":{"attachment":[{"time":0,"name":"pose_c_7"}]},"pose 8":{"attachment":[{"time":0,"name":"pose_c_8"}]},"pose 9":{"attachment":[{"time":0,"name":"pose_c_9"}]},"pose_all_1":{"attachment":[{"time":0,"name":"pose_all_1"}]},"pose_all_2":{"attachment":[{"time":0,"name":"pose_all_2"}]},"pose_all_3":{"attachment":[{"time":0,"name":"pose_all_3"}]},"pose_all_10":{"attachment":[{"time":0,"name":"pose_all_10"}]}}},"310":{"slots":{"face":{"attachment":[{"time":0,"name":"face_1"}]},"pose 4":{"attachment":[{"time":0,"name":"pose_c_4"}]},"pose 5":{"attachment":[{"time":0,"name":"pose_c_5"}]},"pose 6":{"attachment":[{"time":0,"name":"pose_c_6"}]},"pose 7":{"attachment":[{"time":0,"name":"pose_c_7"}]},"pose 8":{"attachment":[{"time":0,"name":"pose_c_8"}]},"pose 9":{"attachment":[{"time":0,"name":"pose_c_9"}]},"pose_all_1":{"attachment":[{"time":0,"name":"pose_all_1"}]},"pose_all_2":{"attachment":[{"time":0,"name":"pose_all_2"}]},"pose_all_3":{"attachment":[{"time":0,"name":"pose_all_3"}]},"pose_all_10":{"attachment":[{"time":0,"name":"pose_all_10"}]}}},"320":{"slots":{"face":{"attachment":[{"time":0,"name":"face_2"}]},"pose 4":{"attachment":[{"time":0,"name":"pose_c_4"}]},"pose 5":{"attachment":[{"time":0,"name":"pose_c_5"}]},"pose 6":{"attachment":[{"time":0,"name":"pose_c_6"}]},"pose 7":{"attachment":[{"time":0,"name":"pose_c_7"}]},"pose 8":{"attachment":[{"time":0,"name":"pose_c_8"}]},"pose 9":{"attachment":[{"time":0,"name":"pose_c_9"}]},"pose_all_1":{"attachment":[{"time":0,"name":"pose_all_1"}]},"pose_all_2":{"attachment":[{"time":0,"name":"pose_all_2"}]},"pose_all_3":{"attachment":[{"time":0,"name":"pose_all_3"}]},"pose_all_10":{"attachment":[{"time":0,"name":"pose_all_10"}]}}},"330":{"slots":{"face":{"attachment":[{"time":0,"name":"face_3"}]},"pose 4":{"attachment":[{"time":0,"name":"pose_c_4"}]},"pose 5":{"attachment":[{"time":0,"name":"pose_c_5"}]},"pose 6":{"attachment":[{"time":0,"name":"pose_c_6"}]},"pose 7":{"attachment":[{"time":0,"name":"pose_c_7"}]},"pose 8":{"attachment":[{"time":0,"name":"pose_c_8"}]},"pose 9":{"attachment":[{"time":0,"name":"pose_c_9"}]},"pose_all_1":{"attachment":[{"time":0,"name":"pose_all_1"}]},"pose_all_2":{"attachment":[{"time":0,"name":"pose_all_2"}]},"pose_all_3":{"attachment":[{"time":0,"name":"pose_all_3"}]},"pose_all_10":{"attachment":[{"time":0,"name":"pose_all_10"}]}}},"340":{"slots":{"face":{"attachment":[{"time":0,"name":"face_4"}]},"pose 4":{"attachment":[{"time":0,"name":"pose_c_4"}]},"pose 5":{"attachment":[{"time":0,"name":"pose_c_5"}]},"pose 6":{"attachment":[{"time":0,"name":"pose_c_6"}]},"pose 7":{"attachment":[{"time":0,"name":"pose_c_7"}]},"pose 8":{"attachment":[{"time":0,"name":"pose_c_8"}]},"pose 9":{"attachment":[{"time":0,"name":"pose_c_9"}]},"pose_all_1":{"attachment":[{"time":0,"name":"pose_all_1"}]},"pose_all_2":{"attachment":[{"time":0,"name":"pose_all_2"}]},"pose_all_3":{"attachment":[{"time":0,"name":"pose_all_3"}]},"pose_all_10":{"attachment":[{"time":0,"name":"pose_all_10"}]}}},"350":{"slots":{"face":{"attachment":[{"time":0,"name":"face_5"}]},"pose 4":{"attachment":[{"time":0,"name":"pose_c_4"}]},"pose 5":{"attachment":[{"time":0,"name":"pose_c_5"}]},"pose 6":{"attachment":[{"time":0,"name":"pose_c_6"}]},"pose 7":{"attachment":[{"time":0,"name":"pose_c_7"}]},"pose 8":{"attachment":[{"time":0,"name":"pose_c_8"}]},"pose 9":{"attachment":[{"time":0,"name":"pose_c_9"}]},"pose_all_1":{"attachment":[{"time":0,"name":"pose_all_1"}]},"pose_all_2":{"attachment":[{"time":0,"name":"pose_all_2"}]},"pose_all_3":{"attachment":[{"time":0,"name":"pose_all_3"}]},"pose_all_10":{"attachment":[{"time":0,"name":"pose_all_10"}]}}},"360":{"slots":{"face":{"attachment":[{"time":0,"name":"face_6"}]},"pose 4":{"attachment":[{"time":0,"name":"pose_c_4"}]},"pose 5":{"attachment":[{"time":0,"name":"pose_c_5"}]},"pose 6":{"attachment":[{"time":0,"name":"pose_c_6"}]},"pose 7":{"attachment":[{"time":0,"name":"pose_c_7"}]},"pose 8":{"attachment":[{"time":0,"name":"pose_c_8"}]},"pose 9":{"attachment":[{"time":0,"name":"pose_c_9"}]},"pose_all_1":{"attachment":[{"time":0,"name":"pose_all_1"}]},"pose_all_2":{"attachment":[{"time":0,"name":"pose_all_2"}]},"pose_all_3":{"attachment":[{"time":0,"name":"pose_all_3"}]},"pose_all_10":{"attachment":[{"time":0,"name":"pose_all_10"}]}}},"370":{"slots":{"face":{"attachment":[{"time":0,"name":"face_7"}]},"pose 4":{"attachment":[{"time":0,"name":"pose_c_4"}]},"pose 5":{"attachment":[{"time":0,"name":"pose_c_5"}]},"pose 6":{"attachment":[{"time":0,"name":"pose_c_6"}]},"pose 7":{"attachment":[{"time":0,"name":"pose_c_7"}]},"pose 8":{"attachment":[{"time":0,"name":"pose_c_8"}]},"pose 9":{"attachment":[{"time":0,"name":"pose_c_9"}]},"pose_all_1":{"attachment":[{"time":0,"name":"pose_all_1"}]},"pose_all_2":{"attachment":[{"time":0,"name":"pose_all_2"}]},"pose_all_3":{"attachment":[{"time":0,"name":"pose_all_3"}]},"pose_all_10":{"attachment":[{"time":0,"name":"pose_all_10"}]}}},"380":{"slots":{"face":{"attachment":[{"time":0,"name":"face_8"}]},"pose 4":{"attachment":[{"time":0,"name":"pose_c_4"}]},"pose 5":{"attachment":[{"time":0,"name":"pose_c_5"}]},"pose 6":{"attachment":[{"time":0,"name":"pose_c_6"}]},"pose 7":{"attachment":[{"time":0,"name":"pose_c_7"}]},"pose 8":{"attachment":[{"time":0,"name":"pose_c_8"}]},"pose 9":{"attachment":[{"time":0,"name":"pose_c_9"}]},"pose_all_1":{"attachment":[{"time":0,"name":"pose_all_1"}]},"pose_all_2":{"attachment":[{"time":0,"name":"pose_all_2"}]},"pose_all_3":{"attachment":[{"time":0,"name":"pose_all_3"}]},"pose_all_10":{"attachment":[{"time":0,"name":"pose_all_10"}]}}},"390":{"slots":{"face":{"attachment":[{"time":0,"name":"face_9"}]},"pose 4":{"attachment":[{"time":0,"name":"pose_c_4"}]},"pose 5":{"attachment":[{"time":0,"name":"pose_c_5"}]},"pose 6":{"attachment":[{"time":0,"name":"pose_c_6"}]},"pose 7":{"attachment":[{"time":0,"name":"pose_c_7"}]},"pose 8":{"attachment":[{"time":0,"name":"pose_c_8"}]},"pose 9":{"attachment":[{"time":0,"name":"pose_c_9"}]},"pose_all_1":{"attachment":[{"time":0,"name":"pose_all_1"}]},"pose_all_2":{"attachment":[{"time":0,"name":"pose_all_2"}]},"pose_all_3":{"attachment":[{"time":0,"name":"pose_all_3"}]},"pose_all_10":{"attachment":[{"time":0,"name":"pose_all_10"}]}}}}}