{"skeleton":{"hash":"jwDR/8bmI0h8hPvZx0SmMv00MJE","spine":"3.0.12","width":129,"height":127,"images":"./image/"},"bones":[{"name":"root"},{"name":"MAIN","parent":"root","x":3.6,"y":31.8,"color":"ffee00ff"},{"name":"ase3","parent":"MAIN","x":20.89,"y":30.16,"rotation":-45.65,"color":"00ff5dff"},{"name":"ase2","parent":"MAIN","x":7.94,"y":54.42,"color":"00ff5dff"},{"name":"ase1","parent":"MAIN","x":30.96,"y":53.66,"color":"00ff5dff"},{"name":"SHADOW-OFFSET","parent":"MAIN","scaleX":0.7,"scaleY":0.7,"color":"fcffe8ff"}],"slots":[{"name":"0.88bg","bone":"root"},{"name":"scenario_9013-idle_0","bone":"MAIN","attachment":"scenario_9013-idle_0"},{"name":"reaf_tansyuku_5","bone":"MAIN"},{"name":"Sub_emotion_icon_10","bone":"ase2"},{"name":"Sub_emotion_icon_11","bone":"ase3"},{"name":"Sub_emotion_icon_9","bone":"ase1"}],"skins":{"default":{"Sub_emotion_icon_10":{"Sub_emotion_icon_08":{"x":2.03,"y":3.37,"scaleX":0.338,"scaleY":0.338,"rotation":36.22,"width":42,"height":50}},"Sub_emotion_icon_11":{"Sub_emotion_icon_08":{"x":2.03,"y":3.37,"scaleX":0.338,"scaleY":0.338,"rotation":36.22,"width":42,"height":50}},"Sub_emotion_icon_9":{"Sub_emotion_icon_08":{"x":3.55,"y":1.56,"scaleX":0.468,"scaleY":0.468,"width":42,"height":50}},"reaf_tansyuku_5":{"reaf_tansyuku_5":{"x":126.57,"y":-10.63,"width":83,"height":43},"reaf_tansyuku_6":{"x":160.84,"y":-12.53,"width":99,"height":54}},"scenario_9013-idle_0":{"Landing_00":{"x":20.77,"y":42.61,"width":171,"height":168},"Landing_01":{"x":20.77,"y":42.61,"width":171,"height":168},"Landing_02":{"x":20.77,"y":42.61,"width":171,"height":168},"idle_stretch_00":{"x":27.41,"y":44.68,"width":244,"height":241},"idle_stretch_01":{"x":27.41,"y":44.68,"width":244,"height":241},"idle_stretch_02":{"x":27.41,"y":44.68,"width":244,"height":241},"idle_stretch_03":{"x":27.41,"y":44.68,"width":244,"height":241},"idle_stretch_04":{"x":27.41,"y":44.68,"width":244,"height":241},"idle_stretch_05":{"x":27.41,"y":44.68,"width":244,"height":241},"idle_stretch_06":{"x":27.41,"y":44.68,"width":244,"height":241},"joy_00":{"x":39.58,"y":31.47,"width":140,"height":145},"joy_01":{"x":39.58,"y":31.47,"width":140,"height":145},"joy_02":{"x":39.58,"y":31.47,"width":140,"height":145},"joy_03":{"x":39.58,"y":31.47,"width":140,"height":145},"scenario_9013-attack_tansyuku_1":{"x":56.88,"y":15.53,"width":215,"height":175},"scenario_9013-attack_tansyuku_2":{"x":56.88,"y":15.53,"width":215,"height":175},"scenario_9013-attack_tansyuku_4":{"x":56.88,"y":15.53,"width":215,"height":175},"scenario_9013-attack_tansyuku_5":{"x":56.88,"y":15.53,"width":215,"height":175},"scenario_9013-attack_tansyuku_7":{"x":56.88,"y":15.53,"width":215,"height":175},"scenario_9013-attack_tansyuku_8":{"x":56.88,"y":15.53,"width":215,"height":175},"scenario_9013-back_0":{"x":-12.09,"y":36.42,"width":164,"height":140},"scenario_9013-batanQ_tansyuku_1":{"x":-0.9,"y":38.09,"width":201,"height":162},"scenario_9013-batanQ_tansyuku_2":{"x":-0.9,"y":38.09,"width":201,"height":162},"scenario_9013-batanQ_tansyuku_3":{"x":-0.9,"y":38.09,"width":201,"height":162},"scenario_9013-batanQ_tansyuku_4":{"x":-0.9,"y":38.09,"width":201,"height":162},"scenario_9013-batanQ_tansyuku_5":{"x":-0.9,"y":38.09,"width":201,"height":162},"scenario_9013-batanQ_tansyuku_6":{"x":-0.9,"y":38.09,"width":201,"height":162},"scenario_9013-batanQ_tansyuku_7":{"x":-0.9,"y":38.09,"width":201,"height":162},"scenario_9013-bouncing_tansyuku_0":{"x":22.3,"y":65.9,"width":145,"height":197},"scenario_9013-bouncing_tansyuku_1":{"x":22.3,"y":65.91,"width":145,"height":197},"scenario_9013-bouncing_tansyuku_2":{"x":22.3,"y":65.91,"width":145,"height":197},"scenario_9013-bouncing_tansyuku_3":{"x":22.3,"y":65.91,"width":145,"height":197},"scenario_9013-bouncing_tansyuku_4":{"x":22.3,"y":65.91,"width":145,"height":197},"scenario_9013-bouncing_tansyuku_5":{"x":22.3,"y":65.91,"width":145,"height":197},"scenario_9013-front_0":{"x":22.69,"y":25.09,"width":148,"height":116},"scenario_9013-idle_0":{"x":34.02,"y":31.56,"width":129,"height":127},"scenario_9013-idle_1":{"x":34.02,"y":31.56,"width":129,"height":127},"scenario_9013-idle_2":{"x":34.02,"y":31.56,"width":129,"height":127},"scenario_9013-idle_3":{"x":34.02,"y":31.56,"width":129,"height":127},"scenario_9013-idle_4":{"x":34.02,"y":31.56,"width":129,"height":127},"scenario_9013-sinobiasi_tansyuku_0":{"x":30.5,"y":29.67,"width":174,"height":130},"scenario_9013-sinobiasi_tansyuku_1":{"x":30.5,"y":29.68,"width":174,"height":130},"scenario_9013-sinobiasi_tansyuku_2":{"x":30.5,"y":29.68,"width":174,"height":130},"scenario_9013-sinobiasi_tansyuku_3":{"x":30.5,"y":29.68,"width":174,"height":130},"scenario_9013-sinobiasi_tansyuku_4":{"x":30.5,"y":29.68,"width":174,"height":130},"scenario_9013-sinobiasi_tansyuku_5":{"x":30.5,"y":29.68,"width":174,"height":130},"scenario_9013-sinobiasi_tansyuku_6":{"x":30.5,"y":29.68,"width":174,"height":130},"scenario_9013-sinobiasi_tansyuku_7":{"x":30.5,"y":29.68,"width":174,"height":130},"scenario_9013-sirimoti_tansyuku_1":{"x":14.74,"y":38.04,"width":147,"height":137},"scenario_9013-sirimoti_tansyuku_3":{"x":14.74,"y":38.04,"width":147,"height":137},"scenario_9013-sirimoti_tansyuku_4":{"x":14.74,"y":38.04,"width":147,"height":137},"scenario_9013-sirimoti_tansyuku_5":{"x":14.74,"y":38.04,"width":147,"height":137},"scenario_9013-sirimoti_tansyuku_6":{"x":14.74,"y":38.04,"width":147,"height":137},"scenario_9013-suri_tansyuku_0":{"x":44.14,"y":29.96,"width":186,"height":131},"scenario_9013-suri_tansyuku_1":{"x":44.14,"y":29.97,"width":186,"height":131},"scenario_9013-suri_tansyuku_2":{"x":44.14,"y":29.97,"width":186,"height":131},"scenario_9013-suri_tansyuku_3":{"x":44.14,"y":29.97,"width":186,"height":131},"scenario_9013-suri_tansyuku_4":{"x":44.14,"y":29.97,"width":186,"height":131},"scenario_9013-suri_tansyuku_5":{"x":44.14,"y":29.97,"width":186,"height":131},"scenario_9013-suri_tansyuku_6":{"x":44.14,"y":29.97,"width":186,"height":131},"scenario_9013-suri_tansyuku_7":{"x":44.14,"y":29.97,"width":186,"height":131},"scenario_9013-suri_tansyuku_8":{"x":44.14,"y":29.97,"width":186,"height":131},"scenario_9013-walk_tansyuku_0":{"x":28.12,"y":28.57,"width":135,"height":120},"scenario_9013-walk_tansyuku_1":{"x":28.12,"y":28.57,"width":135,"height":120},"scenario_9013-walk_tansyuku_2":{"x":28.12,"y":28.57,"width":135,"height":120},"scenario_9013-walk_tansyuku_3":{"x":28.12,"y":28.57,"width":135,"height":120}}}},"events":{"Sound1":{}},"animations":{"front":{"slots":{"scenario_9013-idle_0":{"attachment":[{"time":0,"name":"scenario_9013-bouncing_tansyuku_0"},{"time":0.0666,"name":"scenario_9013-bouncing_tansyuku_1"},{"time":0.1333,"name":"scenario_9013-bouncing_tansyuku_2"},{"time":0.2666,"name":"scenario_9013-bouncing_tansyuku_3"},{"time":0.4333,"name":"scenario_9013-bouncing_tansyuku_4"},{"time":0.5,"name":"scenario_9013-bouncing_tansyuku_5"},{"time":0.5666,"name":"scenario_9013-bouncing_tansyuku_0"}]}},"events":[{"time":0,"name":"Sound1","string":"cri_se_battle_pop_jump"}]},"goal":{"slots":{"scenario_9013-idle_0":{"attachment":[{"time":0,"name":"scenario_9013-idle_0"},{"time":0.1666,"name":"joy_00"},{"time":0.3333,"name":"joy_01"},{"time":0.5,"name":"joy_02"},{"time":0.6666,"name":"joy_03"},{"time":1.2,"name":"joy_03"},{"time":1.5,"name":"joy_03"}]}},"events":[{"time":0.5,"name":"Sound1","string":"cri_se_battle_charge_completion"}]},"idle":{"slots":{"scenario_9013-idle_0":{"attachment":[{"time":0,"name":"scenario_9013-idle_0"},{"time":0.1666,"name":"scenario_9013-idle_1"},{"time":0.3333,"name":"scenario_9013-idle_2"},{"time":0.5,"name":"scenario_9013-idle_3"},{"time":0.6666,"name":"scenario_9013-idle_4"},{"time":0.8333,"name":"scenario_9013-idle_0"},{"time":1,"name":"scenario_9013-idle_1"},{"time":1.1666,"name":"scenario_9013-idle_2"},{"time":1.3333,"name":"scenario_9013-idle_3"},{"time":1.5,"name":"scenario_9013-idle_4"},{"time":1.6666,"name":"scenario_9013-idle_0"},{"time":1.8333,"name":"scenario_9013-idle_1"},{"time":2,"name":"scenario_9013-idle_2"},{"time":2.1666,"name":"scenario_9013-idle_3"},{"time":2.3333,"name":"scenario_9013-idle_4"},{"time":2.5,"name":"scenario_9013-idle_0"},{"time":2.6333,"name":"idle_stretch_00"},{"time":2.7666,"name":"idle_stretch_01"},{"time":2.9,"name":"idle_stretch_02"},{"time":3.0333,"name":"idle_stretch_03"},{"time":3.1333,"name":"idle_stretch_04"},{"time":3.2333,"name":"idle_stretch_03"},{"time":3.3333,"name":"idle_stretch_04"},{"time":3.4333,"name":"idle_stretch_03"},{"time":3.5333,"name":"idle_stretch_04"},{"time":3.6333,"name":"idle_stretch_03"},{"time":3.7333,"name":"idle_stretch_04"},{"time":3.8333,"name":"idle_stretch_03"},{"time":3.9333,"name":"idle_stretch_04"},{"time":4.0333,"name":"idle_stretch_03"},{"time":4.1333,"name":"idle_stretch_04"},{"time":4.2333,"name":"idle_stretch_05"},{"time":4.3666,"name":"idle_stretch_06"},{"time":4.5,"name":"scenario_9013-idle_0"},{"time":4.6666,"name":"scenario_9013-idle_1"},{"time":4.8333,"name":"scenario_9013-idle_2"},{"time":5,"name":"scenario_9013-idle_3"},{"time":5.1666,"name":"scenario_9013-idle_4"},{"time":5.3333,"name":"scenario_9013-idle_0"}]}}}}}