{"skeleton":{"hash":"eiWEJ0o9Oq0iHoI/D1Zg0V4BoKQ","spine":"3.0.12","width":0,"height":0},"bones":[{"name":"root"},{"name":"MAIN","parent":"root"},{"name":"S2_wave1_01","parent":"MAIN","x":1148.39,"y":-97.17},{"name":"S2_wave1_00","parent":"MAIN","x":1148.39,"y":-34.88},{"name":"S2_rock2_02","parent":"MAIN","x":2048.06,"y":-335.39},{"name":"S2_rock2_01","parent":"MAIN","x":1782.38,"y":-335.39},{"name":"S2_rock2_00","parent":"MAIN","x":1542.69,"y":-335.39},{"name":"S2_rock1_00","parent":"MAIN","x":897.21,"y":-89.77},{"name":"S2_dome1_03","parent":"MAIN","x":704.3,"y":-339.07},{"name":"S2_dome1_02","parent":"MAIN","x":699.81,"y":-339.07,"scaleX":-1},{"name":"S2_dome1_01","parent":"MAIN","x":699.81,"y":-339.07,"scaleX":-1},{"name":"S2_dome1_00","parent":"MAIN","x":704.3,"y":-339.07},{"name":"S1_tower1_01","parent":"MAIN","x":703.27,"y":-68.35},{"name":"S1_tower1_00","parent":"MAIN","x":703.27,"y":-68.35},{"name":"S1_dusty1_00","parent":"MAIN","x":919.78,"y":-347.13},{"name":"wind2_00","parent":"MAIN","x":1155.49,"y":-329.38},{"name":"wind4_00","parent":"MAIN","x":1335.17,"y":-336.18}],"slots":[{"name":"S2_dome1_00","bone":"S2_dome1_00","blend":"additive"},{"name":"S2_dome1_03","bone":"S2_dome1_03","blend":"additive"},{"name":"S2_dome1_01","bone":"S2_dome1_01","blend":"additive"},{"name":"S2_dome1_02","bone":"S2_dome1_02","blend":"additive"},{"name":"S1_tower1_00","bone":"S1_tower1_00","blend":"additive"},{"name":"S1_tower1_01","bone":"S1_tower1_01","blend":"additive"},{"name":"S1_dusty1_00","bone":"S1_dusty1_00","blend":"additive"},{"name":"S2_wave1_00","bone":"S2_wave1_00","blend":"additive"},{"name":"S2_wave1_01","bone":"S2_wave1_01","blend":"additive"},{"name":"wind4_00","bone":"wind4_00","blend":"additive"},{"name":"wind2_00","bone":"wind2_00","blend":"additive"},{"name":"S2_rock1_00","bone":"S2_rock1_00"},{"name":"S2_rock2_00","bone":"S2_rock2_00"},{"name":"S2_rock2_01","bone":"S2_rock2_01"},{"name":"S2_rock2_02","bone":"S2_rock2_02"}],"skins":{"default":{"S1_dusty1_00":{"100_S1_dusty1/100_S1_dusty1_00007":{"x":-0.87,"y":10.39,"width":298,"height":298},"100_S1_dusty1/100_S1_dusty1_00008":{"x":-0.87,"y":10.39,"width":298,"height":298},"100_S1_dusty1/100_S1_dusty1_00009":{"x":-0.87,"y":10.39,"width":298,"height":298}},"S1_tower1_00":{"950_S1_tower1/950_S1_tower1_00001":{"x":3.58,"y":71.59,"width":319,"height":319},"950_S1_tower1/950_S1_tower1_00002":{"x":3.58,"y":71.59,"width":319,"height":319},"950_S1_tower1/950_S1_tower1_00004":{"x":3.58,"y":71.59,"width":319,"height":319},"950_S1_tower1/950_S1_tower1_00006":{"x":3.58,"y":71.59,"width":319,"height":319},"950_S1_tower1/950_S1_tower1_00010":{"x":3.58,"y":71.59,"width":319,"height":319},"950_S1_tower1/950_S1_tower1_00012":{"x":3.58,"y":71.59,"width":319,"height":319},"950_S1_tower1/950_S1_tower1_00014":{"x":3.58,"y":71.59,"width":319,"height":319},"950_S1_tower1/950_S1_tower1_00016":{"x":3.58,"y":71.59,"width":319,"height":319},"950_S1_tower1/950_S1_tower1_00018":{"x":3.58,"y":71.59,"width":319,"height":319},"950_S1_tower1/950_S1_tower1_00020":{"x":3.58,"y":71.59,"width":319,"height":319},"950_S1_tower1/950_S1_tower1_00021":{"x":3.58,"y":71.59,"width":319,"height":319},"950_S1_tower1/950_S1_tower1_00022":{"x":3.58,"y":71.59,"width":319,"height":319},"950_S1_tower1/950_S1_tower1_00023":{"x":3.58,"y":71.59,"width":319,"height":319}},"S1_tower1_01":{"950_S1_tower1/950_S1_tower1_00001":{"x":3.58,"y":71.59,"width":319,"height":319},"950_S1_tower1/950_S1_tower1_00002":{"x":3.58,"y":71.59,"width":319,"height":319},"950_S1_tower1/950_S1_tower1_00004":{"x":3.58,"y":71.59,"width":319,"height":319},"950_S1_tower1/950_S1_tower1_00006":{"x":3.58,"y":71.59,"width":319,"height":319},"950_S1_tower1/950_S1_tower1_00010":{"x":3.58,"y":71.59,"width":319,"height":319},"950_S1_tower1/950_S1_tower1_00012":{"x":3.58,"y":71.59,"width":319,"height":319},"950_S1_tower1/950_S1_tower1_00014":{"x":3.58,"y":71.59,"width":319,"height":319},"950_S1_tower1/950_S1_tower1_00016":{"x":3.58,"y":71.59,"width":319,"height":319},"950_S1_tower1/950_S1_tower1_00018":{"x":3.58,"y":71.59,"width":319,"height":319},"950_S1_tower1/950_S1_tower1_00020":{"x":3.58,"y":71.59,"width":319,"height":319},"950_S1_tower1/950_S1_tower1_00021":{"x":3.58,"y":71.59,"width":319,"height":319},"950_S1_tower1/950_S1_tower1_00022":{"x":3.58,"y":71.59,"width":319,"height":319},"950_S1_tower1/950_S1_tower1_00023":{"x":3.58,"y":71.59,"width":319,"height":319}},"S2_dome1_00":{"950_S2_dome1/950_S2_dome1_00000":{"x":1.67,"y":36.73,"width":341,"height":341},"950_S2_dome1/950_S2_dome1_03_dome2_09":{"x":1.67,"y":36.73,"width":341,"height":341},"950_S2_dome1/950_S2_dome1_05_dome2_10":{"x":1.67,"y":36.73,"width":341,"height":341},"950_S2_dome1/950_S2_dome1_07_dome2_11":{"x":1.67,"y":36.73,"width":341,"height":341},"950_S2_dome1/950_S2_dome1_09_dome2_12":{"x":1.67,"y":36.73,"width":341,"height":341},"950_S2_dome1/950_S2_dome1_11_dome2_13":{"x":1.67,"y":36.73,"width":341,"height":341},"950_S2_dome1/950_S2_dome1_13_dome2_14":{"x":1.67,"y":36.73,"width":341,"height":341}},"S2_dome1_01":{"950_S2_dome1/950_S2_dome1_00000":{"x":1.67,"y":36.73,"width":341,"height":341},"950_S2_dome1/950_S2_dome1_03_dome2_09":{"x":1.67,"y":36.73,"width":341,"height":341},"950_S2_dome1/950_S2_dome1_05_dome2_10":{"x":1.67,"y":36.73,"width":341,"height":341},"950_S2_dome1/950_S2_dome1_07_dome2_11":{"x":1.67,"y":36.73,"width":341,"height":341},"950_S2_dome1/950_S2_dome1_09_dome2_12":{"x":1.67,"y":36.73,"width":341,"height":341},"950_S2_dome1/950_S2_dome1_11_dome2_13":{"x":1.67,"y":36.73,"width":341,"height":341},"950_S2_dome1/950_S2_dome1_13_dome2_14":{"x":1.67,"y":36.73,"width":341,"height":341}},"S2_dome1_02":{"950_S2_dome1/950_S2_dome1_00000":{"x":1.67,"y":36.73,"width":341,"height":341},"950_S2_dome1/950_S2_dome1_03_dome2_09":{"x":1.67,"y":36.73,"width":341,"height":341},"950_S2_dome1/950_S2_dome1_05_dome2_10":{"x":1.67,"y":36.73,"width":341,"height":341},"950_S2_dome1/950_S2_dome1_07_dome2_11":{"x":1.67,"y":36.73,"width":341,"height":341},"950_S2_dome1/950_S2_dome1_09_dome2_12":{"x":1.67,"y":36.73,"width":341,"height":341},"950_S2_dome1/950_S2_dome1_11_dome2_13":{"x":1.67,"y":36.73,"width":341,"height":341},"950_S2_dome1/950_S2_dome1_13_dome2_14":{"x":1.67,"y":36.73,"width":341,"height":341}},"S2_dome1_03":{"950_S2_dome1/950_S2_dome1_00000":{"x":1.67,"y":36.73,"width":341,"height":341},"950_S2_dome1/950_S2_dome1_03_dome2_09":{"x":1.67,"y":36.73,"width":341,"height":341},"950_S2_dome1/950_S2_dome1_05_dome2_10":{"x":1.67,"y":36.73,"width":341,"height":341},"950_S2_dome1/950_S2_dome1_07_dome2_11":{"x":1.67,"y":36.73,"width":341,"height":341},"950_S2_dome1/950_S2_dome1_09_dome2_12":{"x":1.67,"y":36.73,"width":341,"height":341},"950_S2_dome1/950_S2_dome1_11_dome2_13":{"x":1.67,"y":36.73,"width":341,"height":341},"950_S2_dome1/950_S2_dome1_13_dome2_14":{"x":1.67,"y":36.73,"width":341,"height":341}},"S2_rock1_00":{"690_S2_rock1/690_S2_rock1_00001":{"x":2.59,"y":67.21,"width":211,"height":211},"690_S2_rock1/690_S2_rock1_00002":{"x":2.31,"y":67.21,"width":211,"height":211},"690_S2_rock1/690_S2_rock1_00003":{"x":2.31,"y":67.21,"width":211,"height":211},"690_S2_rock1/690_S2_rock1_00005":{"x":2.31,"y":67.21,"width":211,"height":211},"690_S2_rock1/690_S2_rock1_00007":{"x":2.59,"y":67.2,"width":211,"height":211}},"S2_rock2_00":{"690_S2_rock2/690_S2_rock2_00004":{"x":2.8,"y":4.28,"width":313,"height":313}},"S2_rock2_01":{"690_S2_rock2/690_S2_rock2_00004":{"x":2.8,"y":4.28,"width":313,"height":313}},"S2_rock2_02":{"690_S2_rock2/690_S2_rock2_00004":{"x":2.8,"y":4.28,"width":313,"height":313}},"S2_wave1_00":{"950_S2_wave1/950_S2_wave1_00006":{"x":2.02,"y":-2.11,"width":347,"height":347},"950_S2_wave1/950_S2_wave1_00007":{"x":2.02,"y":-2.11,"width":347,"height":347},"950_S2_wave1/950_S2_wave1_00010":{"x":2.02,"y":-2.11,"width":347,"height":347}},"S2_wave1_01":{"950_S2_wave1/950_S2_wave1_00006":{"x":2.02,"y":-2.11,"width":347,"height":347},"950_S2_wave1/950_S2_wave1_00007":{"x":2.02,"y":-2.11,"width":347,"height":347},"950_S2_wave1/950_S2_wave1_00010":{"x":2.02,"y":-2.11,"width":347,"height":347}},"wind2_00":{"9020_wind2/9020_wind2_00004":{"x":5.11,"y":7.06,"width":186,"height":186}},"wind4_00":{"9020_wind4/9020_wind4_00005_6":{"width":94,"height":73}}}},"animations":{"1-attack1":{},"1-skill1":{"slots":{"S1_tower1_00":{"attachment":[{"time":0.9333,"name":"950_S1_tower1/950_S1_tower1_00001"},{"time":0.9666,"name":"950_S1_tower1/950_S1_tower1_00002"},{"time":1,"name":"950_S1_tower1/950_S1_tower1_00004"},{"time":1.0333,"name":"950_S1_tower1/950_S1_tower1_00006"},{"time":1.0666,"name":"950_S1_tower1/950_S1_tower1_00010"},{"time":1.1,"name":"950_S1_tower1/950_S1_tower1_00012"},{"time":1.1333,"name":"950_S1_tower1/950_S1_tower1_00014"},{"time":1.1666,"name":"950_S1_tower1/950_S1_tower1_00021"},{"time":1.2333,"name":"950_S1_tower1/950_S1_tower1_00022"},{"time":1.3,"name":"950_S1_tower1/950_S1_tower1_00023"},{"time":1.4333,"name":null}],"color":[{"time":1.2333,"color":"ffffffff"},{"time":1.4333,"color":"ffffff00"}]},"S1_tower1_01":{"attachment":[{"time":0.9333,"name":"950_S1_tower1/950_S1_tower1_00001"},{"time":0.9666,"name":"950_S1_tower1/950_S1_tower1_00002"},{"time":1,"name":"950_S1_tower1/950_S1_tower1_00004"},{"time":1.0333,"name":"950_S1_tower1/950_S1_tower1_00006"},{"time":1.0666,"name":"950_S1_tower1/950_S1_tower1_00012"},{"time":1.1,"name":"950_S1_tower1/950_S1_tower1_00021"},{"time":1.1333,"name":"950_S1_tower1/950_S1_tower1_00022"},{"time":1.2,"name":"950_S1_tower1/950_S1_tower1_00023"},{"time":1.3333,"name":null}],"color":[{"time":1.1333,"color":"ffffffff"},{"time":1.3333,"color":"ffffff00"}]},"S2_rock1_00":{"attachment":[{"time":0.9333,"name":"690_S2_rock1/690_S2_rock1_00001"},{"time":0.9666,"name":"690_S2_rock1/690_S2_rock1_00002"},{"time":1,"name":"690_S2_rock1/690_S2_rock1_00003"},{"time":1.0666,"name":"690_S2_rock1/690_S2_rock1_00005"},{"time":1.1333,"name":"690_S2_rock1/690_S2_rock1_00007"}],"color":[{"time":1.1,"color":"ffffffff"},{"time":1.3,"color":"ffffff00"}]},"S2_wave1_00":{"attachment":[{"time":0.9666,"name":"950_S2_wave1/950_S2_wave1_00007"},{"time":1,"name":"950_S2_wave1/950_S2_wave1_00006"},{"time":1.0333,"name":"950_S2_wave1/950_S2_wave1_00007"},{"time":1.0666,"name":"950_S2_wave1/950_S2_wave1_00006"},{"time":1.1,"name":"950_S2_wave1/950_S2_wave1_00007"},{"time":1.1333,"name":"950_S2_wave1/950_S2_wave1_00006"},{"time":1.1666,"name":"950_S2_wave1/950_S2_wave1_00007"},{"time":1.2,"name":"950_S2_wave1/950_S2_wave1_00006"},{"time":1.2333,"name":"950_S2_wave1/950_S2_wave1_00007"},{"time":1.2666,"name":"950_S2_wave1/950_S2_wave1_00010"},{"time":1.4,"name":null}],"color":[{"time":1.2666,"color":"ffffffff"},{"time":1.4,"color":"ffffff00"}]},"S2_wave1_01":{"attachment":[{"time":0.9666,"name":"950_S2_wave1/950_S2_wave1_00007"},{"time":1,"name":"950_S2_wave1/950_S2_wave1_00006"},{"time":1.0333,"name":"950_S2_wave1/950_S2_wave1_00007"},{"time":1.0666,"name":"950_S2_wave1/950_S2_wave1_00006"},{"time":1.1,"name":"950_S2_wave1/950_S2_wave1_00007"},{"time":1.1333,"name":"950_S2_wave1/950_S2_wave1_00006"},{"time":1.1666,"name":"950_S2_wave1/950_S2_wave1_00007"},{"time":1.2,"name":"950_S2_wave1/950_S2_wave1_00006"},{"time":1.2333,"name":"950_S2_wave1/950_S2_wave1_00007"},{"time":1.2666,"name":"950_S2_wave1/950_S2_wave1_00010"},{"time":1.4,"name":null}],"color":[{"time":1.2666,"color":"ffffffff"},{"time":1.4,"color":"ffffff00"}]}},"bones":{"S1_tower1_01":{"translate":[{"time":0.9333,"x":-960.79,"y":38.54}],"scale":[{"time":0.9333,"x":-1.7,"y":1.7}]},"S1_tower1_00":{"translate":[{"time":0.9333,"x":-960.79,"y":38.54}],"scale":[{"time":0.9333,"x":1.689,"y":1.689}]},"S2_rock1_00":{"translate":[{"time":0.9333,"x":-1156.21,"y":77.38,"curve":"stepped"},{"time":1,"x":-1156.21,"y":77.38},{"time":1.1,"x":-1156.21,"y":93.29,"curve":[0.769,0,1,0.59]},{"time":1.4333,"x":-1156.21,"y":110.53}],"scale":[{"time":0.9333,"x":1.549,"y":1.549}]},"S2_wave1_00":{"translate":[{"time":0.9666,"x":-1405.03,"y":222.68}],"scale":[{"time":0.9666,"x":0.2,"y":0.2,"curve":"stepped"},{"time":1.1333,"x":0.8,"y":0.8},{"time":1.2,"x":1.1,"y":1.1},{"time":1.2666,"x":1.5,"y":1.5},{"time":1.4,"x":2,"y":2}]},"S2_wave1_01":{"translate":[{"time":0.9666,"x":-1405.03,"y":240.77}],"scale":[{"time":0.9666,"x":0.4,"y":0.4,"curve":"stepped"},{"time":1.1333,"x":1.1,"y":1.1},{"time":1.2,"x":1.6,"y":1.6},{"time":1.2666,"x":1.8,"y":1.8},{"time":1.4,"x":2.5,"y":2.5}]},"root":{"translate":[{"time":0.9333,"x":125.58,"y":0},{"time":1.0666,"x":133.52,"y":0}]}}},"1-skill2":{"slots":{"S1_dusty1_00":{"attachment":[{"time":1.4666,"name":"100_S1_dusty1/100_S1_dusty1_00007"},{"time":1.6,"name":"100_S1_dusty1/100_S1_dusty1_00007"},{"time":1.6666,"name":"100_S1_dusty1/100_S1_dusty1_00008"},{"time":1.7333,"name":"100_S1_dusty1/100_S1_dusty1_00009"},{"time":1.8333,"name":null}],"color":[{"time":1.6,"color":"ffffffff"},{"time":1.8333,"color":"ffffff00"}]},"S2_dome1_00":{"attachment":[{"time":1.3333,"name":"950_S2_dome1/950_S2_dome1_00000"},{"time":1.4333,"name":"950_S2_dome1/950_S2_dome1_03_dome2_09"},{"time":1.4666,"name":"950_S2_dome1/950_S2_dome1_05_dome2_10"},{"time":1.5333,"name":"950_S2_dome1/950_S2_dome1_07_dome2_11"},{"time":1.6,"name":"950_S2_dome1/950_S2_dome1_09_dome2_12"},{"time":1.6666,"name":"950_S2_dome1/950_S2_dome1_11_dome2_13"},{"time":1.7333,"name":"950_S2_dome1/950_S2_dome1_13_dome2_14"},{"time":1.9666,"name":null}],"color":[{"time":1.6,"color":"ffffffff"},{"time":1.9666,"color":"ffffff00"}]},"S2_dome1_01":{"attachment":[{"time":1.3333,"name":"950_S2_dome1/950_S2_dome1_00000"},{"time":1.4333,"name":"950_S2_dome1/950_S2_dome1_13_dome2_14"},{"time":1.5,"name":"950_S2_dome1/950_S2_dome1_11_dome2_13"},{"time":1.5666,"name":"950_S2_dome1/950_S2_dome1_09_dome2_12"},{"time":1.6333,"name":"950_S2_dome1/950_S2_dome1_07_dome2_11"},{"time":1.7,"name":"950_S2_dome1/950_S2_dome1_05_dome2_10"},{"time":2.0666,"name":null}],"color":[{"time":1.7,"color":"ffffffff"},{"time":2.0666,"color":"ffffff00"}]},"S2_dome1_02":{"attachment":[{"time":1.7,"name":"950_S2_dome1/950_S2_dome1_03_dome2_09"},{"time":1.7333,"name":"950_S2_dome1/950_S2_dome1_05_dome2_10"},{"time":1.8,"name":"950_S2_dome1/950_S2_dome1_07_dome2_11"},{"time":1.8666,"name":"950_S2_dome1/950_S2_dome1_09_dome2_12"},{"time":1.9333,"name":"950_S2_dome1/950_S2_dome1_11_dome2_13"},{"time":2,"name":null}],"color":[{"time":1.7,"color":"fffffffc"},{"time":1.9333,"color":"ffffff00"}]},"S2_dome1_03":{"attachment":[{"time":1.3333,"name":"950_S2_dome1/950_S2_dome1_13_dome2_14"},{"time":1.4,"name":"950_S2_dome1/950_S2_dome1_11_dome2_13"},{"time":1.4666,"name":"950_S2_dome1/950_S2_dome1_09_dome2_12"},{"time":1.5333,"name":"950_S2_dome1/950_S2_dome1_07_dome2_11"},{"time":1.6,"name":"950_S2_dome1/950_S2_dome1_05_dome2_10"},{"time":1.8333,"name":null}],"color":[{"time":1.3333,"color":"ffffff00"},{"time":1.5666,"color":"ffffffff","curve":"stepped"},{"time":1.6,"color":"ffffffff"},{"time":1.8333,"color":"ffffff00"}]},"S2_rock2_01":{"attachment":[{"time":1.6666,"name":null}]},"S2_wave1_00":{"attachment":[{"time":1.4666,"name":"950_S2_wave1/950_S2_wave1_00006"},{"time":1.5,"name":"950_S2_wave1/950_S2_wave1_00007"},{"time":1.5333,"name":"950_S2_wave1/950_S2_wave1_00006"},{"time":1.5666,"name":"950_S2_wave1/950_S2_wave1_00007"},{"time":1.6,"name":"950_S2_wave1/950_S2_wave1_00006"},{"time":1.6333,"name":"950_S2_wave1/950_S2_wave1_00007"},{"time":1.6666,"name":"950_S2_wave1/950_S2_wave1_00006"},{"time":1.7,"name":"950_S2_wave1/950_S2_wave1_00007"},{"time":1.7333,"name":"950_S2_wave1/950_S2_wave1_00010"}],"color":[{"time":1.7333,"color":"ffffffff"},{"time":1.8333,"color":"ffffff00"}]},"wind2_00":{"attachment":[{"time":1.3333,"name":"9020_wind2/9020_wind2_00004"},{"time":2.1333,"name":null}],"color":[{"time":1.4666,"color":"ffffffff"},{"time":1.8666,"color":"ffffff00"}]}},"bones":{"S2_dome1_00":{"translate":[{"time":1.3333,"x":-702.18,"y":289.07}],"scale":[{"time":1.3333,"x":1.15,"y":1.15},{"time":1.4,"x":3.49,"y":3.49,"curve":"stepped"},{"time":1.4333,"x":2.04,"y":2.04}]},"S2_dome1_03":{"translate":[{"time":1.3333,"x":-706.67,"y":289.07}],"scale":[{"time":1.3333,"x":-2.04,"y":2.04}]},"S2_dome1_01":{"translate":[{"time":1.3333,"x":-702.18,"y":289.07}],"scale":[{"time":1.3333,"x":1.15,"y":1.15},{"time":1.4,"x":3.49,"y":3.49,"curve":"stepped"},{"time":1.4333,"x":2.34,"y":2.34},{"time":1.4666,"x":2.04,"y":2.04}]},"S1_dusty1_00":{"translate":[{"time":1.4666,"x":-914.88,"y":350.84},{"time":1.6,"x":-914.88,"y":326.73}],"scale":[{"time":1.4666,"x":1,"y":1},{"time":1.6,"x":2.925,"y":2.925,"curve":[0.106,0.43,0.75,1]},{"time":1.8333,"x":4.078,"y":3.953}]},"S2_wave1_00":{"translate":[{"time":1.4666,"x":-1147.56,"y":143.13}],"scale":[{"time":1.4666,"x":0.45,"y":0.45,"curve":"stepped"},{"time":1.5333,"x":0.91,"y":0.91,"curve":"stepped"},{"time":1.6,"x":2.08,"y":2.08,"curve":"stepped"},{"time":1.6666,"x":3.06,"y":3.06,"curve":"stepped"},{"time":1.7333,"x":3.06,"y":3.06},{"time":1.8333,"x":3.55,"y":3.55}]},"wind2_00":{"rotate":[{"time":1.3333,"angle":0,"curve":"stepped"},{"time":1.4,"angle":-134.78,"curve":"stepped"},{"time":1.4666,"angle":110.38,"curve":"stepped"},{"time":1.5333,"angle":0,"curve":"stepped"},{"time":1.6,"angle":-134.78,"curve":"stepped"},{"time":1.6666,"angle":110.38,"curve":"stepped"},{"time":1.7333,"angle":0,"curve":"stepped"},{"time":1.8,"angle":-134.78,"curve":"stepped"},{"time":1.8666,"angle":110.38,"curve":"stepped"},{"time":1.9333,"angle":0,"curve":"stepped"},{"time":2,"angle":-134.78,"curve":"stepped"},{"time":2.0666,"angle":110.38}],"translate":[{"time":1.3333,"x":-1156.29,"y":428.05}],"scale":[{"time":1.3333,"x":2.48,"y":2.48},{"time":1.4,"x":9.86,"y":9.86}]},"S2_rock2_01":{"translate":[{"time":1.6333,"x":-1785.32,"y":1536.65}]},"S2_dome1_02":{"translate":[{"time":1.7,"x":-702.18,"y":289.07}],"scale":[{"time":1.7,"x":-2.04,"y":2.04}]}}},"1-skill2-original":{"slots":{"S1_dusty1_00":{"attachment":[{"time":1.4666,"name":"100_S1_dusty1/100_S1_dusty1_00007"},{"time":1.6,"name":"100_S1_dusty1/100_S1_dusty1_00007"},{"time":1.6666,"name":"100_S1_dusty1/100_S1_dusty1_00008"},{"time":1.7333,"name":"100_S1_dusty1/100_S1_dusty1_00009"},{"time":2.0333,"name":null}],"color":[{"time":1.8,"color":"ffffffff"},{"time":2.0333,"color":"ffffff00"}]},"S2_dome1_00":{"attachment":[{"time":1.3333,"name":"950_S2_dome1/950_S2_dome1_00000"},{"time":1.4333,"name":"950_S2_dome1/950_S2_dome1_03_dome2_09"},{"time":1.4666,"name":"950_S2_dome1/950_S2_dome1_05_dome2_10"},{"time":1.5333,"name":"950_S2_dome1/950_S2_dome1_07_dome2_11"},{"time":1.6,"name":"950_S2_dome1/950_S2_dome1_09_dome2_12"},{"time":1.6666,"name":"950_S2_dome1/950_S2_dome1_11_dome2_13"},{"time":1.7333,"name":"950_S2_dome1/950_S2_dome1_13_dome2_14"},{"time":1.9666,"name":"950_S2_dome1/950_S2_dome1_03_dome2_09"},{"time":2,"name":"950_S2_dome1/950_S2_dome1_05_dome2_10"},{"time":2.0666,"name":"950_S2_dome1/950_S2_dome1_07_dome2_11"},{"time":2.1333,"name":"950_S2_dome1/950_S2_dome1_09_dome2_12"},{"time":2.2,"name":"950_S2_dome1/950_S2_dome1_11_dome2_13"},{"time":2.2666,"name":"950_S2_dome1/950_S2_dome1_13_dome2_14"},{"time":2.4666,"name":null},{"time":2.9333,"name":null}],"color":[{"time":1.7,"color":"ffffff7e"},{"time":1.9333,"color":"ffffff00","curve":"stepped"},{"time":1.9666,"color":"ffffff00"},{"time":2.2,"color":"ffffff7e","curve":"stepped"},{"time":2.2333,"color":"ffffff7e"},{"time":2.4666,"color":"ffffff00"}]},"S2_dome1_01":{"attachment":[{"time":1.3333,"name":"950_S2_dome1/950_S2_dome1_00000"},{"time":1.4333,"name":"950_S2_dome1/950_S2_dome1_13_dome2_14"},{"time":1.5,"name":"950_S2_dome1/950_S2_dome1_11_dome2_13"},{"time":1.5666,"name":"950_S2_dome1/950_S2_dome1_09_dome2_12"},{"time":1.6333,"name":"950_S2_dome1/950_S2_dome1_07_dome2_11"},{"time":1.7,"name":"950_S2_dome1/950_S2_dome1_05_dome2_10"},{"time":1.9666,"name":"950_S2_dome1/950_S2_dome1_13_dome2_14"},{"time":2.0333,"name":"950_S2_dome1/950_S2_dome1_11_dome2_13"},{"time":2.1,"name":"950_S2_dome1/950_S2_dome1_09_dome2_12"},{"time":2.1666,"name":"950_S2_dome1/950_S2_dome1_07_dome2_11"},{"time":2.2333,"name":"950_S2_dome1/950_S2_dome1_05_dome2_10"},{"time":2.4666,"name":null}],"color":[{"time":1.7,"color":"ffffff7e"},{"time":1.9333,"color":"ffffff00","curve":"stepped"},{"time":1.9666,"color":"ffffff00"},{"time":2.2,"color":"ffffff7e","curve":"stepped"},{"time":2.2333,"color":"ffffff7e"},{"time":2.4666,"color":"ffffff00"}]},"S2_dome1_02":{"attachment":[{"time":1.7,"name":"950_S2_dome1/950_S2_dome1_03_dome2_09"},{"time":1.7333,"name":"950_S2_dome1/950_S2_dome1_05_dome2_10"},{"time":1.8,"name":"950_S2_dome1/950_S2_dome1_07_dome2_11"},{"time":1.8666,"name":"950_S2_dome1/950_S2_dome1_09_dome2_12"},{"time":1.9333,"name":"950_S2_dome1/950_S2_dome1_11_dome2_13"},{"time":2,"name":"950_S2_dome1/950_S2_dome1_13_dome2_14"},{"time":2.2,"name":null}],"color":[{"time":1.7,"color":"ffffff00"},{"time":1.9333,"color":"ffffff7e","curve":"stepped"},{"time":1.9666,"color":"ffffff7e"},{"time":2.2,"color":"ffffff00"}]},"S2_dome1_03":{"attachment":[{"time":1.7,"name":"950_S2_dome1/950_S2_dome1_13_dome2_14"},{"time":1.7666,"name":"950_S2_dome1/950_S2_dome1_11_dome2_13"},{"time":1.8333,"name":"950_S2_dome1/950_S2_dome1_09_dome2_12"},{"time":1.9,"name":"950_S2_dome1/950_S2_dome1_07_dome2_11"},{"time":1.9666,"name":"950_S2_dome1/950_S2_dome1_05_dome2_10"},{"time":2.2,"name":null}],"color":[{"time":1.7,"color":"ffffff00"},{"time":1.9333,"color":"ffffff7e","curve":"stepped"},{"time":1.9666,"color":"ffffff7e"},{"time":2.2,"color":"ffffff00"}]},"S2_rock2_00":{"attachment":[{"time":1.3333,"name":"690_S2_rock2/690_S2_rock2_00004"},{"time":1.5666,"name":null}]},"S2_rock2_01":{"attachment":[{"time":1.3333,"name":"690_S2_rock2/690_S2_rock2_00004"},{"time":1.6666,"name":null}]},"S2_rock2_02":{"attachment":[{"time":1.4,"name":"690_S2_rock2/690_S2_rock2_00004"},{"time":1.7333,"name":null}]},"S2_wave1_00":{"attachment":[{"time":1.4666,"name":"950_S2_wave1/950_S2_wave1_00006"},{"time":1.5,"name":"950_S2_wave1/950_S2_wave1_00007"},{"time":1.5333,"name":"950_S2_wave1/950_S2_wave1_00006"},{"time":1.5666,"name":"950_S2_wave1/950_S2_wave1_00007"},{"time":1.6,"name":"950_S2_wave1/950_S2_wave1_00006"},{"time":1.6333,"name":"950_S2_wave1/950_S2_wave1_00007"},{"time":1.6666,"name":"950_S2_wave1/950_S2_wave1_00006"},{"time":1.7,"name":"950_S2_wave1/950_S2_wave1_00007"},{"time":1.7333,"name":"950_S2_wave1/950_S2_wave1_00010"},{"time":1.9333,"name":"950_S2_wave1/950_S2_wave1_00006"},{"time":1.9666,"name":"950_S2_wave1/950_S2_wave1_00007"},{"time":2,"name":"950_S2_wave1/950_S2_wave1_00006"},{"time":2.0333,"name":"950_S2_wave1/950_S2_wave1_00007"},{"time":2.0666,"name":"950_S2_wave1/950_S2_wave1_00006"},{"time":2.1,"name":"950_S2_wave1/950_S2_wave1_00007"},{"time":2.1333,"name":"950_S2_wave1/950_S2_wave1_00006"},{"time":2.1666,"name":"950_S2_wave1/950_S2_wave1_00007"},{"time":2.2,"name":"950_S2_wave1/950_S2_wave1_00010"},{"time":2.3,"name":null}],"color":[{"time":1.7333,"color":"ffffffff"},{"time":1.8333,"color":"ffffff00","curve":"stepped"},{"time":1.9333,"color":"ffffffff","curve":"stepped"},{"time":2.2,"color":"ffffffff"},{"time":2.3,"color":"ffffff00"}]},"S2_wave1_01":{"attachment":[{"time":1.7,"name":"950_S2_wave1/950_S2_wave1_00006"},{"time":1.7333,"name":"950_S2_wave1/950_S2_wave1_00007"},{"time":1.7666,"name":"950_S2_wave1/950_S2_wave1_00006"},{"time":1.8,"name":"950_S2_wave1/950_S2_wave1_00007"},{"time":1.8333,"name":"950_S2_wave1/950_S2_wave1_00006"},{"time":1.8666,"name":"950_S2_wave1/950_S2_wave1_00007"},{"time":1.9,"name":"950_S2_wave1/950_S2_wave1_00006"},{"time":1.9333,"name":"950_S2_wave1/950_S2_wave1_00007"},{"time":1.9666,"name":"950_S2_wave1/950_S2_wave1_00010"},{"time":2.0666,"name":null}],"color":[{"time":1.9666,"color":"ffffffff"},{"time":2.0666,"color":"ffffff00"}]},"wind2_00":{"attachment":[{"time":1.3333,"name":"9020_wind2/9020_wind2_00004"},{"time":2.1333,"name":null}],"color":[{"time":1.4666,"color":"ffffffff"},{"time":2.1333,"color":"ffffff00"}]},"wind4_00":{"attachment":[{"time":1.3333,"name":"9020_wind4/9020_wind4_00005_6"},{"time":2.3,"name":null}]}},"bones":{"S2_dome1_00":{"translate":[{"time":1.3333,"x":-702.18,"y":289.07}],"scale":[{"time":1.3333,"x":1.946,"y":1.946},{"time":1.4,"x":4.288,"y":4.288,"curve":"stepped"},{"time":1.4333,"x":2.843,"y":2.843}]},"S2_dome1_02":{"translate":[{"time":1.7,"x":-702.18,"y":289.07}],"scale":[{"time":1.7,"x":-2.84,"y":2.84}]},"S2_dome1_03":{"translate":[{"time":1.7,"x":-706.67,"y":289.07}],"scale":[{"time":1.7,"x":-2.84,"y":2.84}]},"S2_dome1_01":{"translate":[{"time":1.3333,"x":-702.18,"y":289.07}],"scale":[{"time":1.3333,"x":1.95,"y":1.946},{"time":1.4,"x":4.29,"y":4.29,"curve":"stepped"},{"time":1.4333,"x":2.84,"y":2.84}]},"S1_dusty1_00":{"translate":[{"time":1.4666,"x":-914.88,"y":350.84},{"time":1.6,"x":-914.88,"y":326.73}],"scale":[{"time":1.4666,"x":1,"y":1},{"time":1.6,"x":2.925,"y":2.925,"curve":[0.106,0.43,0.75,1]},{"time":2.0333,"x":4.078,"y":3.953}]},"S2_wave1_00":{"translate":[{"time":1.4666,"x":-1147.56,"y":143.13}],"scale":[{"time":1.4666,"x":1.747,"y":1.747,"curve":"stepped"},{"time":1.5333,"x":2.199,"y":2.199,"curve":"stepped"},{"time":1.6,"x":3.372,"y":3.372,"curve":"stepped"},{"time":1.6666,"x":4.553,"y":4.553,"curve":"stepped"},{"time":1.7333,"x":4.553,"y":4.553},{"time":1.8333,"x":4.852,"y":4.852,"curve":"stepped"},{"time":1.9333,"x":1.747,"y":1.747,"curve":"stepped"},{"time":2,"x":2.199,"y":2.199,"curve":"stepped"},{"time":2.0666,"x":3.372,"y":3.372,"curve":"stepped"},{"time":2.1333,"x":4.553,"y":4.553,"curve":"stepped"},{"time":2.2,"x":4.553,"y":4.553},{"time":2.3,"x":4.852,"y":4.852}]},"S2_wave1_01":{"translate":[{"time":1.7,"x":-1147.56,"y":205.39}],"scale":[{"time":1.7,"x":1.75,"y":1.75,"curve":"stepped"},{"time":1.7666,"x":2.2,"y":2.2,"curve":"stepped"},{"time":1.8333,"x":3.37,"y":3.37,"curve":"stepped"},{"time":1.9,"x":4.55,"y":4.55,"curve":"stepped"},{"time":1.9666,"x":4.55,"y":4.55,"curve":"stepped"},{"time":2.0666,"x":4.85,"y":4.85}]},"wind2_00":{"rotate":[{"time":1.3333,"angle":0,"curve":"stepped"},{"time":1.4,"angle":-134.78,"curve":"stepped"},{"time":1.4666,"angle":110.38,"curve":"stepped"},{"time":1.5333,"angle":0,"curve":"stepped"},{"time":1.6,"angle":-134.78,"curve":"stepped"},{"time":1.6666,"angle":110.38,"curve":"stepped"},{"time":1.7333,"angle":0,"curve":"stepped"},{"time":1.8,"angle":-134.78,"curve":"stepped"},{"time":1.8666,"angle":110.38,"curve":"stepped"},{"time":1.9333,"angle":0,"curve":"stepped"},{"time":2,"angle":-134.78,"curve":"stepped"},{"time":2.0666,"angle":110.38}],"translate":[{"time":1.3333,"x":-1156.29,"y":428.05}],"scale":[{"time":1.3333,"x":2.48,"y":2.48},{"time":1.4,"x":9.86,"y":9.86}]},"wind4_00":{"translate":[{"time":1.3333,"x":-1335.17,"y":-886.5},{"time":1.4666,"x":-1335.17,"y":1653.91,"curve":"stepped"},{"time":1.5333,"x":-1335.17,"y":-401.43},{"time":1.6666,"x":-1335.17,"y":1653.91,"curve":"stepped"},{"time":1.7333,"x":-1335.17,"y":-401.43},{"time":1.8666,"x":-1335.17,"y":1653.91,"curve":"stepped"},{"time":1.9333,"x":-1335.17,"y":-401.43},{"time":2.0666,"x":-1335.17,"y":1653.91,"curve":"stepped"},{"time":2.1333,"x":-1335.17,"y":-401.43},{"time":2.2666,"x":-1335.17,"y":1653.91}],"scale":[{"time":1.3333,"x":12.923,"y":15.943}]},"S2_rock2_00":{"rotate":[{"time":1.3333,"angle":91.09}],"translate":[{"time":1.3333,"x":-1543.15,"y":-336.32},{"time":1.5666,"x":-1543.15,"y":1783.11}],"scale":[{"time":1.3333,"x":4.623,"y":4.623}]},"S2_rock2_01":{"rotate":[{"time":1.3333,"angle":-176.16}],"translate":[{"time":1.3333,"x":-1785.32,"y":-636.52},{"time":1.6333,"x":-1785.32,"y":1536.65}],"scale":[{"time":1.3333,"x":-4.2,"y":4.2}]},"S2_rock2_02":{"rotate":[{"time":1.4,"angle":-93.8}],"translate":[{"time":1.4,"x":-2044.25,"y":-1520.27},{"time":1.7,"x":-2044.25,"y":1245.01}],"scale":[{"time":1.4,"x":3.125,"y":3.125}]}}},"2-attack1":{},"2-skill1":{"slots":{"S1_tower1_00":{"attachment":[{"time":0.9333,"name":"950_S1_tower1/950_S1_tower1_00001"},{"time":0.9666,"name":"950_S1_tower1/950_S1_tower1_00002"},{"time":1,"name":"950_S1_tower1/950_S1_tower1_00004"},{"time":1.0333,"name":"950_S1_tower1/950_S1_tower1_00006"},{"time":1.0666,"name":"950_S1_tower1/950_S1_tower1_00010"},{"time":1.1,"name":"950_S1_tower1/950_S1_tower1_00012"},{"time":1.1666,"name":"950_S1_tower1/950_S1_tower1_00014"},{"time":1.2333,"name":"950_S1_tower1/950_S1_tower1_00016"},{"time":1.3,"name":"950_S1_tower1/950_S1_tower1_00018"},{"time":1.3666,"name":"950_S1_tower1/950_S1_tower1_00020"},{"time":1.4666,"name":"950_S1_tower1/950_S1_tower1_00021"},{"time":1.5333,"name":"950_S1_tower1/950_S1_tower1_00022"},{"time":1.6,"name":"950_S1_tower1/950_S1_tower1_00023"},{"time":1.7333,"name":null}],"color":[{"time":1.5333,"color":"ffffffff"},{"time":1.7333,"color":"ffffff00"}]},"S1_tower1_01":{"attachment":[{"time":0.9333,"name":"950_S1_tower1/950_S1_tower1_00001"},{"time":0.9666,"name":"950_S1_tower1/950_S1_tower1_00002"},{"time":1,"name":"950_S1_tower1/950_S1_tower1_00004"},{"time":1.0333,"name":"950_S1_tower1/950_S1_tower1_00006"},{"time":1.0666,"name":"950_S1_tower1/950_S1_tower1_00010"},{"time":1.1333,"name":"950_S1_tower1/950_S1_tower1_00012"},{"time":1.2,"name":"950_S1_tower1/950_S1_tower1_00014"},{"time":1.2666,"name":"950_S1_tower1/950_S1_tower1_00016"},{"time":1.3333,"name":"950_S1_tower1/950_S1_tower1_00018"},{"time":1.4,"name":"950_S1_tower1/950_S1_tower1_00020"},{"time":1.4666,"name":"950_S1_tower1/950_S1_tower1_00021"},{"time":1.5333,"name":"950_S1_tower1/950_S1_tower1_00022"},{"time":1.6,"name":"950_S1_tower1/950_S1_tower1_00023"},{"time":1.7333,"name":null}],"color":[{"time":1.5333,"color":"ffffffff"},{"time":1.7333,"color":"ffffff00"}]},"S2_rock1_00":{"attachment":[{"time":0.9333,"name":"690_S2_rock1/690_S2_rock1_00001"},{"time":0.9666,"name":"690_S2_rock1/690_S2_rock1_00002"},{"time":1,"name":"690_S2_rock1/690_S2_rock1_00003"},{"time":1.0666,"name":"690_S2_rock1/690_S2_rock1_00005"},{"time":1.1333,"name":"690_S2_rock1/690_S2_rock1_00007"}],"color":[{"time":1.1,"color":"ffffffff"},{"time":1.3,"color":"ffffff00"}]},"S2_wave1_00":{"attachment":[{"time":0.9666,"name":"950_S2_wave1/950_S2_wave1_00007"},{"time":1,"name":"950_S2_wave1/950_S2_wave1_00006"},{"time":1.0333,"name":"950_S2_wave1/950_S2_wave1_00007"},{"time":1.0666,"name":"950_S2_wave1/950_S2_wave1_00006"},{"time":1.1,"name":"950_S2_wave1/950_S2_wave1_00007"},{"time":1.1333,"name":"950_S2_wave1/950_S2_wave1_00006"},{"time":1.1666,"name":"950_S2_wave1/950_S2_wave1_00007"},{"time":1.2,"name":"950_S2_wave1/950_S2_wave1_00006"},{"time":1.2333,"name":"950_S2_wave1/950_S2_wave1_00007"},{"time":1.2666,"name":"950_S2_wave1/950_S2_wave1_00010"},{"time":1.4,"name":null}],"color":[{"time":1.2666,"color":"ffffffff"},{"time":1.4,"color":"ffffff00"}]},"S2_wave1_01":{"attachment":[{"time":0.9666,"name":"950_S2_wave1/950_S2_wave1_00007"},{"time":1,"name":"950_S2_wave1/950_S2_wave1_00006"},{"time":1.0333,"name":"950_S2_wave1/950_S2_wave1_00007"},{"time":1.0666,"name":"950_S2_wave1/950_S2_wave1_00006"},{"time":1.1,"name":"950_S2_wave1/950_S2_wave1_00007"},{"time":1.1333,"name":"950_S2_wave1/950_S2_wave1_00006"},{"time":1.1666,"name":"950_S2_wave1/950_S2_wave1_00007"},{"time":1.2,"name":"950_S2_wave1/950_S2_wave1_00006"},{"time":1.2333,"name":"950_S2_wave1/950_S2_wave1_00007"},{"time":1.2666,"name":"950_S2_wave1/950_S2_wave1_00010"},{"time":1.4,"name":null}],"color":[{"time":1.2666,"color":"ffffffff"},{"time":1.4,"color":"ffffff00"}]}},"bones":{"S1_tower1_01":{"translate":[{"time":0.9333,"x":-960.79,"y":38.54}],"scale":[{"time":0.9333,"x":-2.2,"y":2.2}]},"S1_tower1_00":{"translate":[{"time":0.9333,"x":-960.79,"y":38.54}],"scale":[{"time":0.9333,"x":2.2,"y":2.2}]},"S2_rock1_00":{"translate":[{"time":0.9333,"x":-1156.21,"y":77.38,"curve":"stepped"},{"time":1,"x":-1156.21,"y":77.38},{"time":1.1,"x":-1156.21,"y":93.29,"curve":[0.769,0,1,0.59]},{"time":1.4333,"x":-1156.21,"y":110.53}],"scale":[{"time":0.9333,"x":1.549,"y":1.549}]},"S2_wave1_00":{"translate":[{"time":0.9666,"x":-1405.03,"y":242.7}],"scale":[{"time":0.9666,"x":0.662,"y":0.662,"curve":"stepped"},{"time":1,"x":0.875,"y":0.875,"curve":"stepped"},{"time":1.0666,"x":1.062,"y":1.062,"curve":"stepped"},{"time":1.1333,"x":1.367,"y":1.367,"curve":"stepped"},{"time":1.2,"x":1.777,"y":1.777,"curve":"stepped"},{"time":1.2666,"x":1.533,"y":1.533},{"time":1.4,"x":1.65,"y":1.65}]},"S2_wave1_01":{"translate":[{"time":0.9666,"x":-1405.03,"y":260.74}],"scale":[{"time":0.9666,"x":0.853,"y":0.853,"curve":"stepped"},{"time":1,"x":1.126,"y":1.126,"curve":"stepped"},{"time":1.0666,"x":1.353,"y":1.353,"curve":"stepped"},{"time":1.1333,"x":1.748,"y":1.748,"curve":"stepped"},{"time":1.2,"x":2.279,"y":2.279,"curve":"stepped"},{"time":1.2666,"x":1.966,"y":1.966},{"time":1.4,"x":2.116,"y":2.116}]},"root":{"translate":[{"time":0.9333,"x":125.58,"y":0},{"time":1.0666,"x":133.52,"y":0}]}}},"2-skill2":{"slots":{"S1_dusty1_00":{"attachment":[{"time":1.4666,"name":"100_S1_dusty1/100_S1_dusty1_00007"},{"time":1.6,"name":"100_S1_dusty1/100_S1_dusty1_00007"},{"time":1.6666,"name":"100_S1_dusty1/100_S1_dusty1_00008"},{"time":1.7333,"name":"100_S1_dusty1/100_S1_dusty1_00009"},{"time":2.0333,"name":null}],"color":[{"time":1.8,"color":"ffffffff"},{"time":2.0333,"color":"ffffff00"}]},"S2_dome1_00":{"attachment":[{"time":1.3333,"name":"950_S2_dome1/950_S2_dome1_00000"},{"time":1.4333,"name":"950_S2_dome1/950_S2_dome1_03_dome2_09"},{"time":1.4666,"name":"950_S2_dome1/950_S2_dome1_05_dome2_10"},{"time":1.5333,"name":"950_S2_dome1/950_S2_dome1_07_dome2_11"},{"time":1.6,"name":"950_S2_dome1/950_S2_dome1_09_dome2_12"},{"time":1.6666,"name":"950_S2_dome1/950_S2_dome1_11_dome2_13"},{"time":1.7333,"name":"950_S2_dome1/950_S2_dome1_13_dome2_14"},{"time":1.9666,"name":"950_S2_dome1/950_S2_dome1_03_dome2_09"},{"time":2,"name":"950_S2_dome1/950_S2_dome1_05_dome2_10"},{"time":2.0666,"name":"950_S2_dome1/950_S2_dome1_07_dome2_11"},{"time":2.1333,"name":"950_S2_dome1/950_S2_dome1_09_dome2_12"},{"time":2.2,"name":"950_S2_dome1/950_S2_dome1_11_dome2_13"},{"time":2.2666,"name":"950_S2_dome1/950_S2_dome1_13_dome2_14"},{"time":2.4666,"name":null},{"time":2.9333,"name":null}],"color":[{"time":1.7,"color":"ffffffff"},{"time":1.9333,"color":"ffffff00","curve":"stepped"},{"time":1.9666,"color":"ffffff00"},{"time":2.2,"color":"ffffffff","curve":"stepped"},{"time":2.2333,"color":"ffffffff"},{"time":2.4666,"color":"ffffff00"}]},"S2_dome1_01":{"attachment":[{"time":1.3333,"name":"950_S2_dome1/950_S2_dome1_00000"},{"time":1.4333,"name":"950_S2_dome1/950_S2_dome1_13_dome2_14"},{"time":1.5,"name":"950_S2_dome1/950_S2_dome1_11_dome2_13"},{"time":1.5666,"name":"950_S2_dome1/950_S2_dome1_09_dome2_12"},{"time":1.6333,"name":"950_S2_dome1/950_S2_dome1_07_dome2_11"},{"time":1.7,"name":"950_S2_dome1/950_S2_dome1_05_dome2_10"},{"time":1.9666,"name":"950_S2_dome1/950_S2_dome1_13_dome2_14"},{"time":2.0333,"name":"950_S2_dome1/950_S2_dome1_11_dome2_13"},{"time":2.1,"name":"950_S2_dome1/950_S2_dome1_09_dome2_12"},{"time":2.1666,"name":"950_S2_dome1/950_S2_dome1_07_dome2_11"},{"time":2.2333,"name":"950_S2_dome1/950_S2_dome1_05_dome2_10"},{"time":2.4666,"name":null}],"color":[{"time":1.7,"color":"ffffffff"},{"time":1.9333,"color":"ffffff00","curve":"stepped"},{"time":1.9666,"color":"ffffff00"},{"time":2.2,"color":"ffffffff","curve":"stepped"},{"time":2.2333,"color":"ffffffff"},{"time":2.4666,"color":"ffffff00"}]},"S2_dome1_02":{"attachment":[{"time":1.7,"name":"950_S2_dome1/950_S2_dome1_03_dome2_09"},{"time":1.7333,"name":"950_S2_dome1/950_S2_dome1_05_dome2_10"},{"time":1.8,"name":"950_S2_dome1/950_S2_dome1_07_dome2_11"},{"time":1.8666,"name":"950_S2_dome1/950_S2_dome1_09_dome2_12"},{"time":1.9333,"name":"950_S2_dome1/950_S2_dome1_11_dome2_13"},{"time":2,"name":"950_S2_dome1/950_S2_dome1_13_dome2_14"},{"time":2.2,"name":null}],"color":[{"time":1.7,"color":"ffffff00"},{"time":1.9333,"color":"ffffffff","curve":"stepped"},{"time":1.9666,"color":"ffffffff"},{"time":2.2,"color":"ffffff00"}]},"S2_dome1_03":{"attachment":[{"time":1.7,"name":"950_S2_dome1/950_S2_dome1_13_dome2_14"},{"time":1.7666,"name":"950_S2_dome1/950_S2_dome1_11_dome2_13"},{"time":1.8333,"name":"950_S2_dome1/950_S2_dome1_09_dome2_12"},{"time":1.9,"name":"950_S2_dome1/950_S2_dome1_07_dome2_11"},{"time":1.9666,"name":"950_S2_dome1/950_S2_dome1_05_dome2_10"},{"time":2.2,"name":null}],"color":[{"time":1.7,"color":"ffffff00"},{"time":1.9333,"color":"ffffffff","curve":"stepped"},{"time":1.9666,"color":"ffffffff"},{"time":2.2,"color":"ffffff00"}]},"S2_rock2_01":{"attachment":[{"time":1.6666,"name":null}]},"S2_wave1_00":{"attachment":[{"time":1.4666,"name":"950_S2_wave1/950_S2_wave1_00006"},{"time":1.5,"name":"950_S2_wave1/950_S2_wave1_00007"},{"time":1.5333,"name":"950_S2_wave1/950_S2_wave1_00006"},{"time":1.5666,"name":"950_S2_wave1/950_S2_wave1_00007"},{"time":1.6,"name":"950_S2_wave1/950_S2_wave1_00006"},{"time":1.6333,"name":"950_S2_wave1/950_S2_wave1_00007"},{"time":1.6666,"name":"950_S2_wave1/950_S2_wave1_00006"},{"time":1.7,"name":"950_S2_wave1/950_S2_wave1_00007"},{"time":1.7333,"name":"950_S2_wave1/950_S2_wave1_00010"},{"time":1.9333,"name":"950_S2_wave1/950_S2_wave1_00006"},{"time":1.9666,"name":"950_S2_wave1/950_S2_wave1_00007"},{"time":2,"name":"950_S2_wave1/950_S2_wave1_00006"},{"time":2.0333,"name":"950_S2_wave1/950_S2_wave1_00007"},{"time":2.0666,"name":"950_S2_wave1/950_S2_wave1_00006"},{"time":2.1,"name":"950_S2_wave1/950_S2_wave1_00007"},{"time":2.1333,"name":"950_S2_wave1/950_S2_wave1_00006"},{"time":2.1666,"name":"950_S2_wave1/950_S2_wave1_00007"},{"time":2.2,"name":"950_S2_wave1/950_S2_wave1_00010"},{"time":2.3,"name":null}],"color":[{"time":1.7333,"color":"ffffffff"},{"time":1.8333,"color":"ffffff00","curve":"stepped"},{"time":1.9333,"color":"ffffffff","curve":"stepped"},{"time":2.2,"color":"ffffffff"},{"time":2.3,"color":"ffffff00"}]},"S2_wave1_01":{"attachment":[{"time":1.7,"name":"950_S2_wave1/950_S2_wave1_00006"},{"time":1.7333,"name":"950_S2_wave1/950_S2_wave1_00007"},{"time":1.7666,"name":"950_S2_wave1/950_S2_wave1_00006"},{"time":1.8,"name":"950_S2_wave1/950_S2_wave1_00007"},{"time":1.8333,"name":"950_S2_wave1/950_S2_wave1_00006"},{"time":1.8666,"name":"950_S2_wave1/950_S2_wave1_00007"},{"time":1.9,"name":"950_S2_wave1/950_S2_wave1_00006"},{"time":1.9333,"name":"950_S2_wave1/950_S2_wave1_00007"},{"time":1.9666,"name":"950_S2_wave1/950_S2_wave1_00010"},{"time":2.0666,"name":null}],"color":[{"time":1.9666,"color":"ffffffff"},{"time":2.0666,"color":"ffffff00"}]},"wind2_00":{"attachment":[{"time":1.3333,"name":"9020_wind2/9020_wind2_00004"},{"time":2.1333,"name":null}],"color":[{"time":1.4666,"color":"ffffffff"},{"time":2.1333,"color":"ffffff00"}]}},"bones":{"S2_dome1_00":{"translate":[{"time":1.3333,"x":-702.18,"y":289.07}],"scale":[{"time":1.3333,"x":1.946,"y":1.946},{"time":1.4,"x":4.288,"y":4.288,"curve":"stepped"},{"time":1.4333,"x":2.843,"y":2.843}]},"S2_dome1_02":{"translate":[{"time":1.7,"x":-702.18,"y":289.07}],"scale":[{"time":1.7,"x":-2.84,"y":2.84}]},"S2_dome1_03":{"translate":[{"time":1.7,"x":-706.67,"y":289.07}],"scale":[{"time":1.7,"x":-2.84,"y":2.84}]},"S2_dome1_01":{"translate":[{"time":1.3333,"x":-702.18,"y":289.07}],"scale":[{"time":1.3333,"x":1.95,"y":1.946},{"time":1.4,"x":4.29,"y":4.29,"curve":"stepped"},{"time":1.4333,"x":2.84,"y":2.84}]},"S1_dusty1_00":{"translate":[{"time":1.4666,"x":-914.88,"y":350.84},{"time":1.6,"x":-914.88,"y":326.73}],"scale":[{"time":1.4666,"x":1,"y":1},{"time":1.6,"x":2.925,"y":2.925,"curve":[0.106,0.43,0.75,1]},{"time":2.0333,"x":4.078,"y":3.953}]},"S2_wave1_00":{"translate":[{"time":1.4666,"x":-1147.56,"y":143.13}],"scale":[{"time":1.4666,"x":1.747,"y":1.747,"curve":"stepped"},{"time":1.5333,"x":2.199,"y":2.199,"curve":"stepped"},{"time":1.6,"x":3.372,"y":3.372,"curve":"stepped"},{"time":1.6666,"x":4.553,"y":4.553,"curve":"stepped"},{"time":1.7333,"x":4.553,"y":4.553},{"time":1.8333,"x":4.852,"y":4.852,"curve":"stepped"},{"time":1.9333,"x":1.747,"y":1.747,"curve":"stepped"},{"time":2,"x":2.199,"y":2.199,"curve":"stepped"},{"time":2.0666,"x":3.372,"y":3.372,"curve":"stepped"},{"time":2.1333,"x":4.553,"y":4.553,"curve":"stepped"},{"time":2.2,"x":4.553,"y":4.553},{"time":2.3,"x":4.852,"y":4.852}]},"S2_wave1_01":{"translate":[{"time":1.7,"x":-1147.56,"y":205.39}],"scale":[{"time":1.7,"x":1.75,"y":1.75,"curve":"stepped"},{"time":1.7666,"x":2.2,"y":2.2,"curve":"stepped"},{"time":1.8333,"x":3.37,"y":3.37,"curve":"stepped"},{"time":1.9,"x":4.55,"y":4.55,"curve":"stepped"},{"time":1.9666,"x":4.55,"y":4.55,"curve":"stepped"},{"time":2.0666,"x":4.85,"y":4.85}]},"wind2_00":{"rotate":[{"time":1.3333,"angle":0,"curve":"stepped"},{"time":1.4,"angle":-134.78,"curve":"stepped"},{"time":1.4666,"angle":110.38,"curve":"stepped"},{"time":1.5333,"angle":0,"curve":"stepped"},{"time":1.6,"angle":-134.78,"curve":"stepped"},{"time":1.6666,"angle":110.38,"curve":"stepped"},{"time":1.7333,"angle":0,"curve":"stepped"},{"time":1.8,"angle":-134.78,"curve":"stepped"},{"time":1.8666,"angle":110.38,"curve":"stepped"},{"time":1.9333,"angle":0,"curve":"stepped"},{"time":2,"angle":-134.78,"curve":"stepped"},{"time":2.0666,"angle":110.38}],"translate":[{"time":1.3333,"x":-1156.29,"y":428.05}],"scale":[{"time":1.3333,"x":2.48,"y":2.48},{"time":1.4,"x":9.86,"y":9.86}]},"S2_rock2_01":{"translate":[{"time":1.6333,"x":-1785.32,"y":1536.65}]}}},"RockAndWind":{"slots":{"S2_rock2_00":{"attachment":[{"time":0,"name":"690_S2_rock2/690_S2_rock2_00004"},{"time":0.2333,"name":null}]},"S2_rock2_01":{"attachment":[{"time":0,"name":"690_S2_rock2/690_S2_rock2_00004"},{"time":0.3333,"name":null}]},"S2_rock2_02":{"attachment":[{"time":0.0666,"name":"690_S2_rock2/690_S2_rock2_00004"},{"time":0.4,"name":null}]},"wind4_00":{"attachment":[{"time":0,"name":"9020_wind4/9020_wind4_00005_6"},{"time":0.9666,"name":null}]}},"bones":{"wind4_00":{"translate":[{"time":0,"x":-1335.17,"y":-886.5},{"time":0.1333,"x":-1335.17,"y":1653.91,"curve":"stepped"},{"time":0.2,"x":-1335.17,"y":-401.43},{"time":0.3333,"x":-1335.17,"y":1653.91,"curve":"stepped"},{"time":0.4,"x":-1335.17,"y":-401.43},{"time":0.5333,"x":-1335.17,"y":1653.91,"curve":"stepped"},{"time":0.6,"x":-1335.17,"y":-401.43},{"time":0.7333,"x":-1335.17,"y":1653.91,"curve":"stepped"},{"time":0.8,"x":-1335.17,"y":-401.43},{"time":0.9333,"x":-1335.17,"y":1653.91}],"scale":[{"time":0,"x":12.923,"y":15.943}]},"S2_rock2_00":{"rotate":[{"time":0,"angle":91.09}],"translate":[{"time":0,"x":-1543.15,"y":-336.32},{"time":0.2333,"x":-1543.15,"y":1783.11}],"scale":[{"time":0,"x":4.623,"y":4.623}]},"S2_rock2_01":{"rotate":[{"time":0,"angle":-176.16}],"translate":[{"time":0,"x":-1785.32,"y":-636.52},{"time":0.3,"x":-1785.32,"y":1536.65}],"scale":[{"time":0,"x":-4.2,"y":4.2}]},"S2_rock2_02":{"rotate":[{"time":0.0666,"angle":-93.8}],"translate":[{"time":0.0666,"x":-2044.25,"y":-1520.27},{"time":0.3666,"x":-2044.25,"y":1245.01}],"scale":[{"time":0.0666,"x":3.125,"y":3.125}]},"MAIN":{"translate":[{"time":0,"x":0,"y":0}]}}},"empty":{}}}