{"skeleton":{"hash":"qUGRhiX6AdSQP/TrNEO63zlXeZk","spine":"3.0.12","width":526,"height":470},"bones":[{"name":"root"},{"name":"MAIN","parent":"root","y":61.31},{"name":"SHADOW-OFFSET","parent":"MAIN","y":-61.31},{"name":"HITBOX","parent":"MAIN","y":-1.95,"scaleX":0.745,"scaleY":0.689},{"name":"EF_wave_3","parent":"root","scaleX":2.5,"scaleY":2.5},{"name":"EF_wave2","parent":"root","scaleX":2.5,"scaleY":2.5},{"name":"EF_wave1","parent":"root","scaleX":2.5,"scaleY":2.5},{"name":"EF_shadow6","parent":"root","y":61.31},{"name":"EF_shadow5","parent":"root","y":61.31},{"name":"EF_shadow4","parent":"root","y":61.31},{"name":"EF_shadow3","parent":"root","y":61.31},{"name":"EF_shadow2","parent":"root","y":61.31},{"name":"EF_shadow1","parent":"root","y":61.31},{"name":"EF_magic2","parent":"root","y":100,"scaleX":1.5,"scaleY":1.5},{"name":"EF_magic1","parent":"root","y":100,"scaleX":1.5,"scaleY":1.5},{"name":"DAMAGEAREA","parent":"root","x":-0.03,"y":94.89}],"slots":[{"name":"EF_wave1","bone":"EF_wave1","blend":"additive"},{"name":"EF_wave2","bone":"EF_wave2","blend":"additive"},{"name":"EF_magic2","bone":"EF_magic2","blend":"additive"},{"name":"EF_magic1","bone":"EF_magic1","blend":"additive"},{"name":"EF_wave_3","bone":"EF_wave_3","blend":"additive"},{"name":"EF_shadow4","bone":"EF_shadow4","color":"e444ff66"},{"name":"EF_shadow5","bone":"EF_shadow5","color":"e444ff66"},{"name":"EF_shadow6","bone":"EF_shadow6","color":"e444ff66"},{"name":"MAIN","bone":"MAIN","attachment":"idle_00"},{"name":"EF_shadow","bone":"EF_shadow1","color":"e444ff66"},{"name":"EF_shadow2","bone":"EF_shadow2","color":"e444ff66"},{"name":"EF_shadow3","bone":"EF_shadow3","color":"e444ff66"},{"name":"DAMAGEAREA","bone":"DAMAGEAREA"},{"name":"HITBOX","bone":"HITBOX","attachment":"HITBOX"},{"name":"out","bone":"root"}],"skins":{"default":{"DAMAGEAREA":{"DAMAGEAREA":{"type":"boundingbox","vertices":[-98.61943,-97.17343,98.67838,-95.69044,98.55638,100.49037,-97.6244,99.37336]}},"EF_magic1":{"EF/magic_5dark":{"width":210,"height":210}},"EF_magic2":{"EF/magic_5dark":{"width":210,"height":210}},"EF_shadow":{"front_00":{"x":-6.18,"y":42.62,"width":526,"height":470},"front_01":{"x":-6.18,"y":42.62,"width":526,"height":470},"front_02":{"x":-6.18,"y":42.62,"width":526,"height":470},"front_03":{"x":-6.18,"y":42.62,"width":526,"height":470},"skill2_03":{"x":-2.06,"y":42.68,"width":526,"height":470}},"EF_shadow2":{"front_00":{"x":-6.18,"y":42.62,"width":526,"height":470},"front_01":{"x":-6.18,"y":42.62,"width":526,"height":470},"front_02":{"x":-6.18,"y":42.62,"width":526,"height":470},"front_03":{"x":-6.18,"y":42.62,"width":526,"height":470},"skill2_03":{"x":-2.06,"y":42.68,"width":526,"height":470}},"EF_shadow3":{"front_00":{"x":-6.18,"y":42.62,"width":526,"height":470},"front_01":{"x":-6.18,"y":42.62,"width":526,"height":470},"front_02":{"x":-6.18,"y":42.62,"width":526,"height":470},"front_03":{"x":-6.18,"y":42.62,"width":526,"height":470},"skill2_03":{"x":-2.06,"y":42.68,"width":526,"height":470}},"EF_shadow4":{"front_00":{"x":-6.18,"y":42.62,"width":526,"height":470},"front_01":{"x":-6.18,"y":42.62,"width":526,"height":470},"front_02":{"x":-6.18,"y":42.62,"width":526,"height":470},"front_03":{"x":-6.18,"y":42.62,"width":526,"height":470},"skill2_03":{"x":-2.06,"y":42.68,"width":526,"height":470}},"EF_shadow5":{"front_00":{"x":-6.18,"y":42.62,"width":526,"height":470},"front_01":{"x":-6.18,"y":42.62,"width":526,"height":470},"front_02":{"x":-6.18,"y":42.62,"width":526,"height":470},"front_03":{"x":-6.18,"y":42.62,"width":526,"height":470},"skill2_03":{"x":-2.06,"y":42.68,"width":526,"height":470}},"EF_shadow6":{"front_00":{"x":-6.18,"y":42.62,"width":526,"height":470},"front_01":{"x":-6.18,"y":42.62,"width":526,"height":470},"front_02":{"x":-6.18,"y":42.62,"width":526,"height":470},"front_03":{"x":-6.18,"y":42.62,"width":526,"height":470},"skill2_03":{"x":-2.06,"y":42.68,"width":526,"height":470}},"EF_wave1":{"EF/5150_A1_wave1/5150_A1_wave1_00000":{"y":2.89,"width":300,"height":300},"EF/5150_A1_wave1/5150_A1_wave1_00002":{"y":2.89,"width":300,"height":300},"EF/5150_A1_wave1/5150_A1_wave1_00004":{"y":2.89,"width":300,"height":300},"EF/5150_A1_wave1/5150_A1_wave1_00005":{"y":2.89,"width":300,"height":300},"EF/5150_A1_wave1/5150_A1_wave1_00007":{"y":2.89,"width":300,"height":300},"EF/5150_A1_wave1/5150_A1_wave1_00009":{"y":2.89,"width":300,"height":300},"EF/5150_A1_wave1/5150_A1_wave1_00010":{"y":2.89,"width":300,"height":300},"EF/5150_A1_wave1/5150_A1_wave1_00011":{"y":2.89,"width":300,"height":300}},"EF_wave2":{"EF/5150_A1_wave1/5150_A1_wave1_00000":{"y":2.89,"width":300,"height":300},"EF/5150_A1_wave1/5150_A1_wave1_00002":{"y":2.89,"width":300,"height":300},"EF/5150_A1_wave1/5150_A1_wave1_00004":{"y":2.89,"width":300,"height":300},"EF/5150_A1_wave1/5150_A1_wave1_00005":{"y":2.89,"width":300,"height":300},"EF/5150_A1_wave1/5150_A1_wave1_00007":{"y":2.89,"width":300,"height":300},"EF/5150_A1_wave1/5150_A1_wave1_00009":{"y":2.89,"width":300,"height":300},"EF/5150_A1_wave1/5150_A1_wave1_00010":{"y":2.89,"width":300,"height":300},"EF/5150_A1_wave1/5150_A1_wave1_00011":{"y":2.89,"width":300,"height":300}},"EF_wave_3":{"EF/740_S1_wave1/740_S1_wave1_00000":{"y":12.89,"width":300,"height":300},"EF/740_S1_wave1/740_S1_wave1_00002":{"y":12.89,"width":300,"height":300},"EF/740_S1_wave1/740_S1_wave1_00004":{"y":12.89,"width":300,"height":300},"EF/740_S1_wave1/740_S1_wave1_00006":{"y":12.89,"width":300,"height":300},"EF/740_S1_wave1/740_S1_wave1_00008":{"y":12.89,"width":300,"height":300},"EF/740_S1_wave1/740_S1_wave1_00009":{"y":12.89,"width":300,"height":300},"EF/740_S1_wave1/740_S1_wave1_00010":{"y":12.89,"width":300,"height":300},"EF/740_S1_wave1/740_S1_wave1_00011":{"y":12.89,"width":300,"height":300}},"HITBOX":{"HITBOX":{"type":"boundingbox","vertices":[-96.90805,-99.54616,97.7708,-97.80016,98.64376,96.87866,-99.52707,96.00566]}},"MAIN":{"MvsC_00":{"x":-6.52,"y":34.72,"width":526,"height":470},"MvsC_01":{"x":-6.52,"y":34.72,"width":526,"height":470},"attack1_00":{"y":35.2,"width":526,"height":470},"attack1_01":{"y":35.2,"width":526,"height":470},"attack1_02":{"y":35.2,"width":526,"height":470},"attack1_03":{"y":32.52,"width":526,"height":470},"attack1_04":{"x":-2,"y":26.51,"width":526,"height":470},"attack1_05":{"y":35.2,"width":526,"height":470},"attack1_06":{"x":-6,"y":35.2,"width":526,"height":470},"attack1_07":{"x":-6,"y":35.2,"width":526,"height":470},"attack1_08":{"x":-6,"y":35.2,"width":526,"height":470},"attack1_09":{"x":-6.67,"y":35.2,"width":526,"height":470},"attack1_10":{"y":35.2,"width":526,"height":470},"attack1_11":{"x":-6,"y":35.2,"width":526,"height":470},"attack1_12":{"x":-6,"y":35.2,"width":526,"height":470},"attack1_13":{"x":-6,"y":35.2,"width":526,"height":470},"attack1_14":{"x":-6,"y":35.2,"width":526,"height":470},"attack1_15":{"x":-6,"y":35.2,"width":526,"height":470},"attack1_16":{"x":-6,"y":35.2,"width":526,"height":470},"damage_00":{"x":-10.02,"y":27.4,"width":526,"height":470},"front_00":{"x":-6.18,"y":42.62,"width":526,"height":470},"front_01":{"x":-6.18,"y":42.62,"width":526,"height":470},"front_02":{"x":-6.18,"y":42.62,"width":526,"height":470},"front_03":{"x":-6.18,"y":42.62,"width":526,"height":470},"idle_00":{"x":-6.65,"y":34.73,"width":526,"height":470},"idle_01":{"x":-6.65,"y":34.73,"width":526,"height":470},"idle_02":{"x":-6.65,"y":34.73,"width":526,"height":470},"idle_03":{"x":-6.65,"y":34.73,"width":526,"height":470},"idle_04":{"x":-6.65,"y":34.73,"width":526,"height":470},"out":{"x":-6.8,"y":32.19,"width":526,"height":470},"skill1_00":{"x":-2.05,"y":42.7,"width":526,"height":470},"skill1_01":{"x":6.17,"y":26.74,"width":526,"height":470},"skill1_02":{"x":6.17,"y":26.74,"width":526,"height":470},"skill1_03":{"x":6.17,"y":26.74,"width":526,"height":470},"skill1_04":{"x":6.17,"y":26.74,"width":526,"height":470},"skill1_05":{"x":6.17,"y":26.74,"width":526,"height":470},"skill1_06":{"x":6.17,"y":26.74,"width":526,"height":470},"skill1_07":{"x":6.17,"y":26.74,"width":526,"height":470},"skill1_08":{"x":15.96,"y":17.47,"width":526,"height":470},"skill1_09":{"x":15.96,"y":17.47,"width":526,"height":470},"skill1_10":{"x":5.66,"y":6.65,"width":526,"height":470},"skill1_11":{"x":-2.05,"y":42.7,"width":526,"height":470},"skill1_12":{"x":-2.05,"y":42.7,"width":526,"height":470},"skill2_00":{"x":-2.05,"y":42.7,"width":526,"height":470},"skill2_01":{"x":-2.05,"y":42.7,"width":526,"height":470},"skill2_02":{"x":-2.05,"y":42.7,"width":526,"height":470},"skill2_03":{"x":-2.05,"y":42.68,"width":526,"height":470}}}},"events":{"Event":{},"Hit":{},"Sound1":{},"Sound2":{},"Voice":{}},"animations":{"attack1":{"slots":{"EF_wave1":{"attachment":[{"time":0,"name":"EF/5150_A1_wave1/5150_A1_wave1_00000"},{"time":0.0333,"name":"EF/5150_A1_wave1/5150_A1_wave1_00002"},{"time":0.0666,"name":"EF/5150_A1_wave1/5150_A1_wave1_00004"},{"time":0.1,"name":"EF/5150_A1_wave1/5150_A1_wave1_00005"},{"time":0.1333,"name":"EF/5150_A1_wave1/5150_A1_wave1_00007"},{"time":0.1666,"name":"EF/5150_A1_wave1/5150_A1_wave1_00009"},{"time":0.2,"name":"EF/5150_A1_wave1/5150_A1_wave1_00010"},{"time":0.2333,"name":"EF/5150_A1_wave1/5150_A1_wave1_00011"},{"time":0.3333,"name":null}],"color":[{"time":0,"color":"ffffffff","curve":"stepped"},{"time":0.2333,"color":"ffffffff"},{"time":0.3333,"color":"ffffff00"}]},"EF_wave2":{"attachment":[{"time":0.2,"name":"EF/5150_A1_wave1/5150_A1_wave1_00000"},{"time":0.2333,"name":"EF/5150_A1_wave1/5150_A1_wave1_00002"},{"time":0.2666,"name":"EF/5150_A1_wave1/5150_A1_wave1_00004"},{"time":0.3,"name":"EF/5150_A1_wave1/5150_A1_wave1_00005"},{"time":0.3333,"name":"EF/5150_A1_wave1/5150_A1_wave1_00007"},{"time":0.3666,"name":"EF/5150_A1_wave1/5150_A1_wave1_00009"},{"time":0.4,"name":"EF/5150_A1_wave1/5150_A1_wave1_00010"},{"time":0.4333,"name":"EF/5150_A1_wave1/5150_A1_wave1_00011"},{"time":0.5333,"name":null}],"color":[{"time":0.2,"color":"ffffffff","curve":"stepped"},{"time":0.4333,"color":"ffffffff"},{"time":0.5333,"color":"ffffff00"}]},"MAIN":{"attachment":[{"time":0,"name":"attack1_00"},{"time":0.1666,"name":"attack1_01"},{"time":0.3333,"name":"attack1_02"},{"time":0.5,"name":"attack1_00"},{"time":0.6,"name":"attack1_03"},{"time":0.7666,"name":"attack1_04"}]}},"bones":{"MAIN":{"translate":[{"time":0,"x":0,"y":0}]},"DAMAGEAREA":{"scale":[{"time":0,"x":-49.732,"y":-49.732}]}},"events":[{"time":0,"name":"Event","float":0.1,"string":"kHitStopType_enemyonly"},{"time":0.5333,"name":"Sound1","string":"cri_se_battle_magic_Invocation_dark"},{"time":0.5333,"name":"Voice","string":"cri_107_voice_attack_random"},{"time":0.7333,"name":"Event","string":"runScript-addSP"}]},"attack2":{"slots":{"DAMAGEAREA":{"attachment":[{"time":0.9666,"name":"DAMAGEAREA"},{"time":1.3,"name":null}]},"MAIN":{"attachment":[{"time":0,"name":"attack1_04"},{"time":0.1333,"name":"attack1_05"},{"time":0.2333,"name":"attack1_06"},{"time":0.3666,"name":"attack1_07"},{"time":0.5666,"name":"attack1_08"},{"time":0.9666,"name":"attack1_09"},{"time":1.0333,"name":"attack1_10"},{"time":1.5666,"name":"attack1_10"}]}},"bones":{"MAIN":{"translate":[{"time":0.1333,"x":0,"y":-7.34,"curve":"stepped"},{"time":0.9666,"x":0,"y":-4}]},"DAMAGEAREA":{"translate":[{"time":0.9666,"x":-72.63,"y":-52.73},{"time":1.1666,"x":-249.39,"y":-52.73}],"scale":[{"time":0.9666,"x":0.791,"y":0.602}]}},"events":[{"time":0.1,"name":"Sound1","string":"cri_se_battle_skill_charge"},{"time":0.8,"name":"Event","string":"setForceImpact(1)"},{"time":0.9333,"name":"Event","int":280,"string":"kImpactType_knock"},{"time":0.9666,"name":"Sound1","string":"cri_se_battle_gun_burst"},{"time":0.9666,"name":"Voice","string":"cri_107_voice_attack_c"},{"time":1.3,"name":"Event","string":"runScript-addSP"}]},"attack3":{"slots":{"DAMAGEAREA":{"attachment":[{"time":0,"name":null},{"time":0.2,"name":"DAMAGEAREA"},{"time":0.4666,"name":null}]},"MAIN":{"attachment":[{"time":0,"name":"attack1_11"},{"time":0.2,"name":"attack1_12"},{"time":0.4,"name":"attack1_13"},{"time":0.4666,"name":"attack1_14"},{"time":0.5333,"name":"attack1_15"},{"time":0.6,"name":"attack1_16"},{"time":0.6666,"name":"idle_00"},{"time":0.8333,"name":"idle_00"}]}},"bones":{"MAIN":{"rotate":[{"time":0.2,"angle":7.74,"curve":"stepped"},{"time":0.5333,"angle":0}],"translate":[{"time":0,"x":0,"y":6.67,"curve":[0.16,0.45,0.75,1]},{"time":0.1333,"x":-55.78,"y":59.04},{"time":0.2,"x":-80.83,"y":2.12}]},"DAMAGEAREA":{"translate":[{"time":0.2,"x":-216.9,"y":-52.73},{"time":0.2666,"x":-334.9,"y":-52.73},{"time":0.3,"x":-379.51,"y":-52.73}],"scale":[{"time":0.2,"x":1.176,"y":0.602}]}},"events":[{"time":0,"name":"Event","string":"setForceImpact(1)"},{"time":0,"name":"Sound1","string":"cri_se_battle_step"},{"time":0.0333,"name":"Event","string":"kImpactType_down"},{"time":0.2,"name":"Event","float":0.1,"string":"kHitStopType_normal"},{"time":0.2,"name":"Hit","string":"resetHitList"},{"time":0.2,"name":"Sound1","string":"cri_se_battle_025_blow_hit"},{"time":0.2,"name":"Sound2","string":"cri_se_battle_explosion_short"},{"time":0.2666,"name":"Event","float":0.1,"string":"kHitStopType_enemyonly"},{"time":0.2666,"name":"Hit","string":"resetHitList"},{"time":0.2666,"name":"Sound1","string":"cri_se_battle_skill_ice"},{"time":0.2666,"name":"Sound2","string":"cri_se_battle_026_stab"},{"time":0.3,"name":"Hit","string":"resetHitList"},{"time":0.3333,"name":"Event","string":"runScript-addSP"},{"time":0.4666,"name":"Sound2","string":"cri_se_battle_sword_swish_heavy"},{"time":0.5666,"name":"Sound2","string":"cri_se_battle_sword_swish_heavy"},{"time":0.7333,"name":"Sound1","string":"cri_se_battle_skill_ice_Vanish"},{"time":0.8,"name":"Sound1","string":"cri_se_battle_skill_ice_Vanish"}]},"attack4":{"slots":{"DAMAGEAREA":{"attachment":[{"time":0.2333,"name":"DAMAGEAREA"},{"time":0.5,"name":null},{"time":0.6666,"name":"DAMAGEAREA"},{"time":0.9333,"name":null}]},"EF_wave_3":{"attachment":[{"time":0.6666,"name":"EF/740_S1_wave1/740_S1_wave1_00000"},{"time":0.7,"name":"EF/740_S1_wave1/740_S1_wave1_00002"},{"time":0.7333,"name":"EF/740_S1_wave1/740_S1_wave1_00004"},{"time":0.7666,"name":"EF/740_S1_wave1/740_S1_wave1_00006"},{"time":0.8,"name":"EF/740_S1_wave1/740_S1_wave1_00008"},{"time":0.8333,"name":"EF/740_S1_wave1/740_S1_wave1_00009"},{"time":0.8666,"name":"EF/740_S1_wave1/740_S1_wave1_00010"},{"time":0.9,"name":"EF/740_S1_wave1/740_S1_wave1_00011"},{"time":0.9666,"name":null}],"color":[{"time":0.9,"color":"ffffffff"},{"time":0.9666,"color":"ffffff00"}]},"MAIN":{"attachment":[{"time":0,"name":"attack1_03"},{"time":0.1,"name":"attack1_04"},{"time":0.2333,"name":"attack1_09"},{"time":0.3,"name":"attack1_10"},{"time":0.5,"name":"attack1_11"},{"time":0.6666,"name":"attack1_12"},{"time":0.8666,"name":"attack1_13"},{"time":0.9333,"name":"attack1_14"},{"time":1,"name":"attack1_15"},{"time":1.0666,"name":"attack1_16"},{"time":1.1333,"name":"idle_00"}]}},"bones":{"MAIN":{"rotate":[{"time":0.6666,"angle":7.74,"curve":"stepped"},{"time":1,"angle":0}],"translate":[{"time":0.2333,"x":0,"y":-4,"curve":"stepped"},{"time":0.5,"x":0,"y":6.67},{"time":0.6,"x":-55.78,"y":59.04},{"time":0.6666,"x":-80.83,"y":2.12}]},"EF_wave_3":{"translate":[{"time":0.6666,"x":-207.2,"y":0}],"scale":[{"time":0.6666,"x":1,"y":1},{"time":0.9666,"x":1.056,"y":1.056}]},"DAMAGEAREA":{"translate":[{"time":0.2333,"x":-72.63,"y":-52.73},{"time":0.4333,"x":-229.84,"y":-52.73},{"time":0.6666,"x":-216.9,"y":-52.73},{"time":0.7333,"x":-334.9,"y":-52.73},{"time":0.7666,"x":-379.51,"y":-52.73}],"scale":[{"time":0.2333,"x":0.791,"y":0.602},{"time":0.6666,"x":1.176,"y":0.602}]}},"events":[{"time":0,"name":"Event","string":"setForceImpact(1)"},{"time":0.2333,"name":"Event","int":80,"string":"kImpactType_knock"},{"time":0.2333,"name":"Sound1","string":"cri_se_battle_gun_burst"},{"time":0.2333,"name":"Voice","string":"cri_107_voice_attack_c"},{"time":0.5,"name":"Sound1","string":"cri_se_battle_step"},{"time":0.6333,"name":"Event","int":60,"string":"kImpactType_up"},{"time":0.6666,"name":"Event","float":0.1,"string":"kHitStopType_normal"},{"time":0.6666,"name":"Hit","string":"resetHitList"},{"time":0.6666,"name":"Sound1","string":"cri_se_battle_025_blow_hit"},{"time":0.6666,"name":"Sound2","string":"cri_se_battle_explosion_short"},{"time":0.7333,"name":"Hit","string":"resetHitList"},{"time":0.7333,"name":"Sound1","string":"cri_se_battle_skill_ice"},{"time":0.7333,"name":"Sound2","string":"cri_se_battle_026_stab"},{"time":0.7666,"name":"Hit","string":"resetHitList"},{"time":0.8,"name":"Event","string":"runScript-addSP"},{"time":0.8333,"name":"Sound1","string":"cri_se_battle_step"},{"time":0.9333,"name":"Sound2","string":"cri_se_battle_sword_swish_heavy"},{"time":1.0333,"name":"Sound2","string":"cri_se_battle_sword_swish_heavy"},{"time":1.2,"name":"Sound1","string":"cri_se_battle_skill_ice_Vanish"},{"time":1.2666,"name":"Sound1","string":"cri_se_battle_skill_ice_Vanish"}]},"attack5":{"slots":{"DAMAGEAREA":{"attachment":[{"time":5.7,"name":"DAMAGEAREA"},{"time":6.2666,"name":null}]},"EF_magic1":{"attachment":[{"time":0,"name":"EF/magic_5dark"},{"time":1.2666,"name":null},{"time":3.5,"name":"EF/magic_5dark"},{"time":6.3,"name":null},{"time":6.4,"name":"EF/magic_5dark"},{"time":7.1666,"name":null}],"color":[{"time":0,"color":"ffffff00","curve":"stepped"},{"time":0.1333,"color":"ffffffff","curve":"stepped"},{"time":1.1,"color":"ffffffff"},{"time":1.2666,"color":"ffffff00","curve":"stepped"},{"time":3.5,"color":"ffffffff","curve":"stepped"},{"time":6.1333,"color":"ffffffff"},{"time":6.3,"color":"ffffff00","curve":"stepped"},{"time":6.4,"color":"ffffffff","curve":"stepped"},{"time":7,"color":"ffffffff"},{"time":7.1666,"color":"ffffff00"}]},"EF_magic2":{"attachment":[{"time":0,"name":"EF/magic_5dark"},{"time":0.5,"name":null},{"time":3.5,"name":"EF/magic_5dark"},{"time":3.9333,"name":null},{"time":6.4,"name":"EF/magic_5dark"},{"time":6.7666,"name":null}],"color":[{"time":0,"color":"ffffff00","curve":"stepped"},{"time":0.1333,"color":"ffffffff","curve":"stepped"},{"time":0.3333,"color":"ffffffff"},{"time":0.5,"color":"ffffff00","curve":"stepped"},{"time":3.5,"color":"ffffffff","curve":"stepped"},{"time":3.7,"color":"ffffffff"},{"time":3.9333,"color":"ffffff00","curve":"stepped"},{"time":6.4,"color":"ffffffff","curve":"stepped"},{"time":6.6,"color":"ffffffff"},{"time":6.7666,"color":"ffffff00"}]},"HITBOX":{"attachment":[{"time":0.8333,"name":null},{"time":3.6666,"name":"HITBOX"},{"time":6.2,"name":null},{"time":6.5333,"name":"HITBOX"}]},"MAIN":{"attachment":[{"time":0,"name":"idle_00"},{"time":0.1666,"name":"skill1_00"},{"time":0.2666,"name":"front_00"},{"time":0.5666,"name":"front_01"},{"time":0.8,"name":"front_02"},{"time":1,"name":"front_03"},{"time":3.6666,"name":"skill1_01"},{"time":3.7666,"name":"skill1_02"},{"time":3.8666,"name":"skill1_03"},{"time":3.9333,"name":"skill1_01"},{"time":4,"name":"skill1_02"},{"time":4.0666,"name":"skill1_03"},{"time":4.1333,"name":"skill1_01"},{"time":4.2,"name":"skill1_02"},{"time":4.2666,"name":"skill1_03"},{"time":4.3333,"name":"skill1_01"},{"time":4.4,"name":"skill1_02"},{"time":4.4666,"name":"skill1_03"},{"time":4.5333,"name":"skill1_01"},{"time":4.6,"name":"skill1_02"},{"time":4.6666,"name":"skill1_03"},{"time":4.7333,"name":"skill1_01"},{"time":4.8,"name":"skill1_02"},{"time":4.8666,"name":"skill1_03"},{"time":4.9333,"name":"skill1_01"},{"time":5,"name":"skill1_02"},{"time":5.0666,"name":"skill1_03"},{"time":5.1333,"name":"skill1_01"},{"time":5.2,"name":"skill1_02"},{"time":5.2666,"name":"skill1_03"},{"time":5.3333,"name":"skill1_01"},{"time":5.3666,"name":"skill1_02"},{"time":5.4,"name":"skill1_03"},{"time":5.4666,"name":"skill1_06"},{"time":5.5333,"name":"skill1_07"},{"time":5.6,"name":"skill1_08"},{"time":5.6666,"name":"skill1_09"},{"time":5.7333,"name":"skill1_10"},{"time":5.8,"name":"skill1_11"},{"time":5.8666,"name":"skill1_12"},{"time":6.5333,"name":"idle_00"}],"color":[{"time":0.2666,"color":"ffffffff","curve":[0.883,0,0.928,0.94]},{"time":1.1666,"color":"ffffff00","curve":"stepped"},{"time":3.6666,"color":"ffffffff","curve":"stepped"},{"time":6.1,"color":"ffffffff"},{"time":6.2666,"color":"ffffff00","curve":"stepped"},{"time":6.5333,"color":"ffffffff"}]}},"bones":{"MAIN":{"translate":[{"time":0.2666,"x":0,"y":0},{"time":1.1666,"x":54.91,"y":0,"curve":"stepped"},{"time":3.6666,"x":-48.15,"y":281.81,"curve":"stepped"},{"time":5.4,"x":-48.15,"y":281.81,"curve":"stepped"},{"time":5.4666,"x":-66.5,"y":192.22,"curve":[0.236,0.42,0.548,0.75]},{"time":5.6666,"x":-59.37,"y":260.05,"curve":[0.252,0.56,0.491,0.8]},{"time":6.1,"x":-42.63,"y":295.84,"curve":"stepped"},{"time":6.5333,"x":0,"y":0}],"scale":[{"time":0.2666,"x":-1,"y":1,"curve":"stepped"},{"time":1.1666,"x":1,"y":1}]},"EF_magic2":{"rotate":[{"time":0.1333,"angle":0},{"time":0.3333,"angle":27.13,"curve":"stepped"},{"time":3.5,"angle":100.76},{"time":6.3,"angle":-54.52,"curve":"stepped"},{"time":6.4,"angle":-54.52},{"time":6.7666,"angle":-65.4}],"translate":[{"time":0.1333,"x":59.84,"y":-27.78,"curve":"stepped"},{"time":3.5,"x":-58.74,"y":247.74,"curve":"stepped"},{"time":6.4,"x":1.96,"y":-3.03}],"scale":[{"time":0,"x":0.15,"y":0.15,"curve":"stepped"},{"time":0.1333,"x":0.15,"y":0.15},{"time":0.3333,"x":0.8,"y":0.8},{"time":0.5,"x":1,"y":1,"curve":"stepped"},{"time":3.5,"x":0.15,"y":0.15,"curve":"stepped"},{"time":3.7,"x":0.8,"y":0.8},{"time":3.9333,"x":1,"y":1,"curve":"stepped"},{"time":6.4,"x":0.15,"y":0.15},{"time":6.6,"x":0.8,"y":0.8},{"time":6.7666,"x":1,"y":1}]},"EF_magic1":{"rotate":[{"time":0,"angle":-23.82},{"time":0.1333,"angle":0},{"time":0.3333,"angle":-18.98},{"time":1.2666,"angle":-49.62,"curve":"stepped"},{"time":3.5,"angle":100.76},{"time":6.3,"angle":66.84},{"time":6.4,"angle":-54.52},{"time":6.7666,"angle":-65.4}],"translate":[{"time":0.1333,"x":59.84,"y":-27.78,"curve":"stepped"},{"time":3.5,"x":-57.09,"y":248.46,"curve":"stepped"},{"time":5.4333,"x":-57.09,"y":248.46,"curve":[0.319,0.34,0.654,0.68]},{"time":5.5,"x":-79.22,"y":218.19,"curve":[0.332,0.6,0.751,1]},{"time":6.0333,"x":-32.72,"y":279.75,"curve":"stepped"},{"time":6.4,"x":1.96,"y":-3.03}],"scale":[{"time":0.1333,"x":0.15,"y":0.15},{"time":0.3333,"x":0.8,"y":0.8,"curve":"stepped"},{"time":1,"x":0.8,"y":0.8},{"time":1.1,"x":0.933,"y":0.933},{"time":1.2666,"x":0.006,"y":0.006,"curve":"stepped"},{"time":3.5,"x":0.15,"y":0.15},{"time":3.7,"x":0.8,"y":0.8,"curve":"stepped"},{"time":6.0333,"x":0.8,"y":0.8},{"time":6.1333,"x":0.933,"y":0.933},{"time":6.3,"x":0.006,"y":0.006,"curve":"stepped"},{"time":6.4,"x":0.15,"y":0.15},{"time":6.6,"x":0.8,"y":0.8,"curve":"stepped"},{"time":6.9,"x":0.8,"y":0.8},{"time":7,"x":0.933,"y":0.933},{"time":7.1666,"x":0.006,"y":0.006}]},"DAMAGEAREA":{"translate":[{"time":5.7,"x":-345.38,"y":-28.78,"curve":"stepped"},{"time":5.8,"x":-345.38,"y":-28.78},{"time":5.9666,"x":-356.45,"y":30.99}],"scale":[{"time":5.7,"x":1.178,"y":0.785,"curve":"stepped"},{"time":5.8,"x":1.178,"y":0.785},{"time":5.9666,"x":1.725,"y":1.324}]},"HITBOX":{"translate":[{"time":0,"x":0,"y":-1859.08}]}},"events":[{"time":0,"name":"Event","float":0.1,"string":"kHitStopType_enemyonly"},{"time":0.0333,"name":"Event","string":"kImpactType_up"},{"time":0.1333,"name":"Sound1","string":"cri_se_battle_magic_Invocation_dark"},{"time":1.5,"name":"Event","string":"runScript-summon"},{"time":3.4,"name":"Event","int":380,"string":"setPosition_Target"},{"time":3.5,"name":"Sound1","string":"cri_se_battle_magic_Invocation_dark"},{"time":3.8666,"name":"Sound1","string":"cri_se_battle_magic_Invocation_dark"},{"time":3.8666,"name":"Sound2","string":"cri_se_battle_skill_electric_1"},{"time":4.6666,"name":"Voice","string":"cri_107_voice_skill_all"},{"time":5.4666,"name":"Sound1","string":"cri_se_battle_skill_shot"},{"time":5.4666,"name":"Sound2","string":"cri_se_battle_arrow_light_effect"},{"time":5.6666,"name":"Event","string":"shakeGround"},{"time":5.8,"name":"Sound1","string":"cri_se_battle_030_explosion_02"},{"time":5.8,"name":"Sound2","string":"cri_se_battle_hard_hit"},{"time":5.8333,"name":"Hit","string":"resetHitList"},{"time":5.9333,"name":"Hit","string":"resetHitList"},{"time":6.0333,"name":"Hit","string":"resetHitList"},{"time":6.1333,"name":"Hit","string":"resetHitList"},{"time":6.2333,"name":"Hit","string":"resetHitList"},{"time":6.4,"name":"Sound1","string":"cri_se_battle_magic_Invocation_dark"},{"time":6.6666,"name":"Event","string":"runScript-addSP"}]},"back":{"slots":{"MAIN":{"attachment":[{"time":0,"name":"skill1_00"},{"time":0.4333,"name":"front_00"},{"time":0.5333,"name":"front_01"},{"time":0.6666,"name":"front_02"},{"time":0.8,"name":"front_03"},{"time":0.9333,"name":"idle_00"}],"color":[{"time":0,"color":"ffffffff","curve":[0.836,0.03,0.926,0.95]},{"time":0.3333,"color":"ffffff00","curve":"stepped"},{"time":0.4333,"color":"ffffff00","curve":[0.4,0.23,0.584,0.39]},{"time":0.9333,"color":"ffffffff"}]}},"bones":{"MAIN":{"translate":[{"time":0,"x":0,"y":0,"curve":[0.836,0.03,0.926,0.95]},{"time":0.3333,"x":45,"y":0,"curve":"stepped"},{"time":0.4333,"x":155,"y":0},{"time":0.9333,"x":140,"y":0}]}},"events":[{"time":0,"name":"Sound1","string":"cri_se_battle_jump"},{"time":0.3333,"name":"Sound1","string":"cri_se_battle_landing"}]},"damage":{"slots":{"MAIN":{"attachment":[{"time":0,"name":"damage_00"}]}}},"front":{"slots":{"MAIN":{"attachment":[{"time":0,"name":"front_00"},{"time":0.2333,"name":"front_01"},{"time":0.4666,"name":"front_02"},{"time":0.7,"name":"front_03"},{"time":0.9333,"name":"front_00"}]}}},"idle":{"slots":{"MAIN":{"attachment":[{"time":0,"name":"idle_00"},{"time":0.2333,"name":"idle_01"},{"time":0.4666,"name":"idle_02"},{"time":0.7,"name":"idle_03"},{"time":0.9333,"name":"idle_04"},{"time":1.1666,"name":"idle_00"}]}}},"in":{"slots":{"MAIN":{"attachment":[{"time":0,"name":"front_00"},{"time":0.1333,"name":"front_01"},{"time":0.3,"name":"front_02"},{"time":0.4666,"name":"front_03"},{"time":0.6333,"name":"front_00"},{"time":0.7666,"name":"front_01"},{"time":0.9333,"name":"front_02"},{"time":1.1333,"name":"attack1_04"},{"time":1.2666,"name":"attack1_14"},{"time":1.4,"name":"attack1_15"},{"time":1.5333,"name":"attack1_16"},{"time":1.6666,"name":"idle_04"},{"time":1.8333,"name":"idle_04"}],"color":[{"time":0,"color":"ffffff00","curve":[0.4,0.23,0.584,0.39]},{"time":1.2333,"color":"ffffffff"}]}},"bones":{"MAIN":{"translate":[{"time":0,"x":79.48,"y":0},{"time":1.1333,"x":3.07,"y":0,"curve":[0.141,0.84,0.554,1]},{"time":1.5333,"x":0,"y":0}]}},"events":[{"time":1.2666,"name":"Sound1","string":"cri_se_battle_sword_swish_heavy"},{"time":1.4,"name":"Sound1","string":"cri_se_battle_sword_swish_heavy"}]},"out":{"slots":{"MAIN":{"attachment":[{"time":0,"name":"damage_00"},{"time":0.9333,"name":"out"}]}},"bones":{"MAIN":{"rotate":[{"time":0,"angle":-15.89,"curve":"stepped"},{"time":0.9333,"angle":0}],"translate":[{"time":0,"x":0,"y":0,"curve":[0.206,0.67,0.75,1]},{"time":0.6,"x":51.76,"y":0}]}}},"skill1":{"slots":{"DAMAGEAREA":{"attachment":[{"time":2.9333,"name":"DAMAGEAREA"},{"time":3.5,"name":null}]},"EF_magic1":{"attachment":[{"time":2.6666,"name":"EF/magic_5dark"},{"time":3.5333,"name":null},{"time":3.6333,"name":"EF/magic_5dark"},{"time":4.4,"name":null}],"color":[{"time":2.6666,"color":"ffffffff","curve":"stepped"},{"time":3.3666,"color":"ffffffff"},{"time":3.5333,"color":"ffffff00","curve":"stepped"},{"time":3.6333,"color":"ffffffff","curve":"stepped"},{"time":4.2333,"color":"ffffffff"},{"time":4.4,"color":"ffffff00"}]},"EF_magic2":{"attachment":[{"time":3.6333,"name":"EF/magic_5dark"},{"time":4,"name":null}],"color":[{"time":3.6333,"color":"ffffffff","curve":"stepped"},{"time":3.8333,"color":"ffffffff"},{"time":4,"color":"ffffff00"}]},"EF_shadow":{"attachment":[{"time":0.9333,"name":"skill2_03"},{"time":1,"name":"front_00"},{"time":1.2333,"name":"front_01"},{"time":1.4666,"name":"front_02"},{"time":1.7,"name":"front_03"},{"time":1.9333,"name":"front_00"},{"time":2.1666,"name":"front_01"},{"time":2.2,"name":null}],"color":[{"time":0.9333,"color":"e444ff00"},{"time":1.1666,"color":"e444ff66"},{"time":2.1,"color":"e444ff60"}]},"EF_shadow2":{"attachment":[{"time":0.9333,"name":"skill2_03"},{"time":1,"name":"front_00"},{"time":1.2333,"name":"front_01"},{"time":1.4666,"name":"front_02"},{"time":1.7,"name":"front_03"},{"time":1.9333,"name":"front_00"},{"time":2.1666,"name":"front_01"},{"time":2.2,"name":null}],"color":[{"time":0.9333,"color":"e444ff00"},{"time":1.1666,"color":"e444ff66"},{"time":2.1,"color":"e444ff60"}]},"EF_shadow3":{"attachment":[{"time":0.9333,"name":"skill2_03"},{"time":1,"name":"front_00"},{"time":1.2333,"name":"front_01"},{"time":1.4666,"name":"front_02"},{"time":1.7,"name":"front_03"},{"time":1.9333,"name":"front_00"},{"time":2.1666,"name":"front_01"},{"time":2.2,"name":null}],"color":[{"time":0.9333,"color":"e444ff00"},{"time":1.1666,"color":"e444ff66"},{"time":2.1666,"color":"e444ff60"}]},"EF_shadow4":{"attachment":[{"time":0.9333,"name":"skill2_03"},{"time":1,"name":"front_00"},{"time":1.2333,"name":"front_01"},{"time":1.4666,"name":"front_02"},{"time":1.7,"name":"front_03"},{"time":1.9333,"name":"front_00"},{"time":2.1666,"name":"front_01"},{"time":2.2,"name":null}],"color":[{"time":0.9333,"color":"e444ff00"},{"time":1.1666,"color":"e444ff66"},{"time":2.1333,"color":"e444ff60"}]},"EF_shadow5":{"attachment":[{"time":0.9333,"name":"skill2_03"},{"time":1,"name":"front_00"},{"time":1.2333,"name":"front_01"},{"time":1.4666,"name":"front_02"},{"time":1.7,"name":"front_03"},{"time":1.9333,"name":"front_00"},{"time":2.1666,"name":"front_01"},{"time":2.2,"name":null}],"color":[{"time":0.9333,"color":"e444ff00"},{"time":1.1666,"color":"e444ff66"},{"time":2.1,"color":"e444ff60"}]},"EF_shadow6":{"attachment":[{"time":0.9333,"name":"skill2_03"},{"time":1,"name":"front_00"},{"time":1.2333,"name":"front_01"},{"time":1.4666,"name":"front_02"},{"time":1.7,"name":"front_03"},{"time":2.1666,"name":"front_01"},{"time":2.2,"name":null}],"color":[{"time":0.9333,"color":"e444ff00"},{"time":1.1666,"color":"e444ff66"},{"time":1.9333,"color":"e444ff00"}]},"HITBOX":{"attachment":[{"time":0.6,"name":null},{"time":3.4333,"name":null},{"time":3.7666,"name":"HITBOX"}]},"MAIN":{"attachment":[{"time":0,"name":"skill2_00"},{"time":0.1,"name":"skill2_01"},{"time":0.5,"name":"skill2_02"},{"time":0.5666,"name":"skill2_03"},{"time":0.8333,"name":"skill2_00"},{"time":1,"name":"front_00"},{"time":1.2333,"name":"front_01"},{"time":1.4666,"name":"front_02"},{"time":1.7,"name":"front_03"},{"time":1.9333,"name":"front_00"},{"time":2.1666,"name":"front_01"},{"time":2.2,"name":null},{"time":2.7,"name":"skill1_06"},{"time":2.7666,"name":"skill1_07"},{"time":2.8333,"name":"skill1_08"},{"time":2.9,"name":"skill1_09"},{"time":2.9666,"name":"skill1_10"},{"time":3.0333,"name":"skill1_11"},{"time":3.1,"name":"skill1_12"},{"time":3.7666,"name":"idle_00"}],"color":[{"time":2.6666,"color":"ffffffff","curve":"stepped"},{"time":3.3333,"color":"ffffffff"},{"time":3.5,"color":"ffffff00","curve":"stepped"},{"time":3.7666,"color":"ffffffff"}]}},"bones":{"MAIN":{"rotate":[{"time":2.6666,"angle":0}],"translate":[{"time":1,"x":0,"y":0},{"time":2.1666,"x":-70.02,"y":0,"curve":"stepped"},{"time":2.6666,"x":-48.15,"y":281.81,"curve":"stepped"},{"time":2.7,"x":-66.5,"y":192.22,"curve":[0.236,0.42,0.548,0.75]},{"time":2.9,"x":-59.37,"y":260.05,"curve":[0.252,0.56,0.491,0.8]},{"time":3.3333,"x":-42.63,"y":295.84,"curve":"stepped"},{"time":3.7666,"x":0,"y":0}],"scale":[{"time":2.6666,"x":1,"y":1}]},"EF_shadow1":{"rotate":[{"time":2.6666,"angle":0}],"translate":[{"time":1,"x":0,"y":0},{"time":2.1666,"x":-153.53,"y":0,"curve":"stepped"},{"time":2.6666,"x":-153.53,"y":0}],"scale":[{"time":2.6666,"x":1,"y":1}]},"EF_shadow2":{"rotate":[{"time":2.6666,"angle":0}],"translate":[{"time":1,"x":0,"y":0},{"time":2.1666,"x":-119.54,"y":0,"curve":"stepped"},{"time":2.6666,"x":-119.54,"y":0}],"scale":[{"time":2.6666,"x":1,"y":1}]},"EF_shadow3":{"rotate":[{"time":2.6666,"angle":0}],"translate":[{"time":1,"x":0,"y":0},{"time":2.1666,"x":-88.48,"y":0,"curve":"stepped"},{"time":2.6666,"x":-88.48,"y":0}],"scale":[{"time":2.6666,"x":1,"y":1}]},"EF_shadow4":{"rotate":[{"time":2.6666,"angle":0}],"translate":[{"time":1,"x":0,"y":0},{"time":2.1666,"x":-49.81,"y":0,"curve":"stepped"},{"time":2.6666,"x":-49.81,"y":0}],"scale":[{"time":2.6666,"x":1,"y":1}]},"EF_shadow5":{"rotate":[{"time":2.6666,"angle":0}],"translate":[{"time":1,"x":0,"y":0},{"time":2.1666,"x":-18.75,"y":0,"curve":"stepped"},{"time":2.6666,"x":-18.75,"y":0}],"scale":[{"time":2.6666,"x":1,"y":1}]},"EF_shadow6":{"rotate":[{"time":2.6666,"angle":0}],"translate":[{"time":1,"x":0,"y":0},{"time":2.1666,"x":-1.75,"y":0,"curve":"stepped"},{"time":2.6666,"x":-1.75,"y":0}],"scale":[{"time":2.6666,"x":1,"y":1}]},"DAMAGEAREA":{"rotate":[{"time":2.6666,"angle":0}],"translate":[{"time":0.0333,"x":-3723.38,"y":60.51},{"time":2.6666,"x":-529.22,"y":-23.92},{"time":2.9333,"x":-345.38,"y":-28.78,"curve":"stepped"},{"time":3.0333,"x":-345.38,"y":-28.78},{"time":3.2,"x":-356.45,"y":30.99}],"scale":[{"time":2.6666,"x":1,"y":1},{"time":2.9333,"x":1.178,"y":0.785,"curve":"stepped"},{"time":3.0333,"x":1.178,"y":0.785},{"time":3.2,"x":1.725,"y":1.324}]},"EF_magic1":{"rotate":[{"time":2.6666,"angle":77.34},{"time":3.5333,"angle":66.84},{"time":3.6333,"angle":-54.52},{"time":4,"angle":-65.4}],"translate":[{"time":2.6666,"x":-57.09,"y":248.46,"curve":[0.319,0.34,0.654,0.68]},{"time":2.7333,"x":-79.22,"y":218.19,"curve":[0.332,0.6,0.751,1]},{"time":3.2666,"x":-32.72,"y":279.75,"curve":"stepped"},{"time":3.6333,"x":1.96,"y":-3.03}],"scale":[{"time":2.6666,"x":0.8,"y":0.8,"curve":"stepped"},{"time":3.2666,"x":0.8,"y":0.8},{"time":3.3666,"x":0.933,"y":0.933},{"time":3.5333,"x":0.006,"y":0.006,"curve":"stepped"},{"time":3.6333,"x":0.15,"y":0.15},{"time":3.8333,"x":0.8,"y":0.8,"curve":"stepped"},{"time":4.1333,"x":0.8,"y":0.8},{"time":4.2333,"x":0.933,"y":0.933},{"time":4.4,"x":0.006,"y":0.006}]},"EF_magic2":{"rotate":[{"time":2.6666,"angle":-6.46},{"time":3.5333,"angle":-54.52,"curve":"stepped"},{"time":3.6333,"angle":-54.52},{"time":4,"angle":-65.4}],"translate":[{"time":2.6666,"x":-58.74,"y":247.74,"curve":"stepped"},{"time":3.6333,"x":1.96,"y":-3.03}],"scale":[{"time":2.6666,"x":1,"y":1,"curve":"stepped"},{"time":3.6333,"x":0.15,"y":0.15},{"time":3.8333,"x":0.8,"y":0.8},{"time":4,"x":1,"y":1}]},"EF_wave_3":{"rotate":[{"time":2.6666,"angle":0}],"translate":[{"time":2.6666,"x":0,"y":0}],"scale":[{"time":2.6666,"x":1,"y":1}]},"EF_wave2":{"rotate":[{"time":2.6666,"angle":0}],"translate":[{"time":2.6666,"x":0,"y":0}],"scale":[{"time":2.6666,"x":1,"y":1}]},"EF_wave1":{"rotate":[{"time":2.6666,"angle":0}],"translate":[{"time":2.6666,"x":0,"y":0}],"scale":[{"time":2.6666,"x":1,"y":1}]}},"events":[{"time":0,"name":"Event","float":0.1,"string":"kHitStopType_enemyonly"},{"time":0.0333,"name":"Event","string":"kImpactType_up"},{"time":0.4666,"name":"Voice","string":"cri_107_voice_fullarts_now"},{"time":0.5,"name":"Sound1","string":"cri_se_battle_magic_Invocation_dark"},{"time":0.5333,"name":"Event","string":"shakeGround"},{"time":0.5666,"name":"Event","string":"blackOutBack(0.3,1,0.1)"},{"time":0.6,"name":"Event","string":"runScript-theWorld"},{"time":1.8,"name":"Event","string":"whiteOut(0.3,0.6,0.3)"},{"time":2.4333,"name":"Event","int":380,"string":"setPosition_Target"},{"time":2.6666,"name":"Event","string":"runScript-worldEnd"},{"time":2.7,"name":"Sound1","string":"cri_se_battle_skill_shot"},{"time":2.7,"name":"Sound2","string":"cri_se_battle_arrow_light_effect"},{"time":2.9,"name":"Event","string":"shakeGround"},{"time":3.0333,"name":"Sound1","string":"cri_se_battle_030_explosion_02"},{"time":3.0333,"name":"Sound2","string":"cri_se_battle_hard_hit"},{"time":3.0666,"name":"Hit","string":"resetHitList"},{"time":3.1666,"name":"Hit","string":"resetHitList"},{"time":3.2666,"name":"Hit","string":"resetHitList"},{"time":3.3666,"name":"Hit","string":"resetHitList"},{"time":3.4666,"name":"Hit","string":"resetHitList"},{"time":3.6333,"name":"Sound1","string":"cri_se_battle_magic_Invocation_dark"}]},"skill1origin":{"slots":{"DAMAGEAREA":{"attachment":[{"time":4.9333,"name":"DAMAGEAREA"},{"time":5.5,"name":null}]},"EF_magic1":{"attachment":[{"time":2.7333,"name":"EF/magic_5dark"},{"time":5.5333,"name":null},{"time":5.6333,"name":"EF/magic_5dark"},{"time":6.4,"name":null}],"color":[{"time":2.7333,"color":"ffffffff","curve":"stepped"},{"time":5.3666,"color":"ffffffff"},{"time":5.5333,"color":"ffffff00","curve":"stepped"},{"time":5.6333,"color":"ffffffff","curve":"stepped"},{"time":6.2333,"color":"ffffffff"},{"time":6.4,"color":"ffffff00"}]},"EF_magic2":{"attachment":[{"time":2.7333,"name":"EF/magic_5dark"},{"time":3.1666,"name":null},{"time":5.6333,"name":"EF/magic_5dark"},{"time":6,"name":null}],"color":[{"time":2.7333,"color":"ffffffff","curve":"stepped"},{"time":2.9333,"color":"ffffffff"},{"time":3.1666,"color":"ffffff00","curve":"stepped"},{"time":5.6333,"color":"ffffffff","curve":"stepped"},{"time":5.8333,"color":"ffffffff"},{"time":6,"color":"ffffff00"}]},"EF_shadow":{"attachment":[{"time":0.9333,"name":"skill2_03"},{"time":1,"name":"front_00"},{"time":1.2333,"name":"front_01"},{"time":1.4666,"name":"front_02"},{"time":1.7,"name":"front_03"},{"time":1.9333,"name":"front_00"},{"time":2.1666,"name":"front_01"},{"time":2.2,"name":null}],"color":[{"time":0.9333,"color":"e444ff00"},{"time":1.1666,"color":"e444ff66"},{"time":2.1,"color":"e444ff60"}]},"EF_shadow2":{"attachment":[{"time":0.9333,"name":"skill2_03"},{"time":1,"name":"front_00"},{"time":1.2333,"name":"front_01"},{"time":1.4666,"name":"front_02"},{"time":1.7,"name":"front_03"},{"time":1.9333,"name":"front_00"},{"time":2.1666,"name":"front_01"},{"time":2.2,"name":null}],"color":[{"time":0.9333,"color":"e444ff00"},{"time":1.1666,"color":"e444ff66"},{"time":2.1,"color":"e444ff60"}]},"EF_shadow3":{"attachment":[{"time":0.9333,"name":"skill2_03"},{"time":1,"name":"front_00"},{"time":1.2333,"name":"front_01"},{"time":1.4666,"name":"front_02"},{"time":1.7,"name":"front_03"},{"time":1.9333,"name":"front_00"},{"time":2.1666,"name":"front_01"},{"time":2.2,"name":null}],"color":[{"time":0.9333,"color":"e444ff00"},{"time":1.1666,"color":"e444ff66"},{"time":2.1666,"color":"e444ff60"}]},"EF_shadow4":{"attachment":[{"time":0.9333,"name":"skill2_03"},{"time":1,"name":"front_00"},{"time":1.2333,"name":"front_01"},{"time":1.4666,"name":"front_02"},{"time":1.7,"name":"front_03"},{"time":1.9333,"name":"front_00"},{"time":2.1666,"name":"front_01"},{"time":2.2,"name":null}],"color":[{"time":0.9333,"color":"e444ff00"},{"time":1.1666,"color":"e444ff66"},{"time":2.1333,"color":"e444ff60"}]},"EF_shadow5":{"attachment":[{"time":0.9333,"name":"skill2_03"},{"time":1,"name":"front_00"},{"time":1.2333,"name":"front_01"},{"time":1.4666,"name":"front_02"},{"time":1.7,"name":"front_03"},{"time":1.9333,"name":"front_00"},{"time":2.1666,"name":"front_01"},{"time":2.2,"name":null}],"color":[{"time":0.9333,"color":"e444ff00"},{"time":1.1666,"color":"e444ff66"},{"time":2.1,"color":"e444ff60"}]},"EF_shadow6":{"attachment":[{"time":0.9333,"name":"skill2_03"},{"time":1,"name":"front_00"},{"time":1.2333,"name":"front_01"},{"time":1.4666,"name":"front_02"},{"time":1.7,"name":"front_03"},{"time":2.1666,"name":"front_01"},{"time":2.2,"name":null}],"color":[{"time":0.9333,"color":"e444ff00"},{"time":1.1666,"color":"e444ff66"},{"time":1.9333,"color":"e444ff00"}]},"HITBOX":{"attachment":[{"time":0.6,"name":null},{"time":2.9,"name":"HITBOX"},{"time":5.4333,"name":null},{"time":5.7666,"name":"HITBOX"}]},"MAIN":{"attachment":[{"time":0,"name":"skill2_00"},{"time":0.1,"name":"skill2_01"},{"time":0.5,"name":"skill2_02"},{"time":0.5666,"name":"skill2_03"},{"time":0.8333,"name":"skill2_00"},{"time":1,"name":"front_00"},{"time":1.2333,"name":"front_01"},{"time":1.4666,"name":"front_02"},{"time":1.7,"name":"front_03"},{"time":1.9333,"name":"front_00"},{"time":2.1666,"name":"front_01"},{"time":2.2,"name":null},{"time":2.9,"name":"skill1_01"},{"time":3,"name":"skill1_02"},{"time":3.1,"name":"skill1_03"},{"time":3.1666,"name":"skill1_01"},{"time":3.2333,"name":"skill1_02"},{"time":3.3,"name":"skill1_03"},{"time":3.3666,"name":"skill1_01"},{"time":3.4333,"name":"skill1_02"},{"time":3.5,"name":"skill1_03"},{"time":3.5666,"name":"skill1_01"},{"time":3.6333,"name":"skill1_02"},{"time":3.7,"name":"skill1_03"},{"time":3.7666,"name":"skill1_01"},{"time":3.8333,"name":"skill1_02"},{"time":3.9,"name":"skill1_03"},{"time":3.9666,"name":"skill1_01"},{"time":4.0333,"name":"skill1_02"},{"time":4.1,"name":"skill1_03"},{"time":4.1666,"name":"skill1_01"},{"time":4.2333,"name":"skill1_02"},{"time":4.3,"name":"skill1_03"},{"time":4.3666,"name":"skill1_01"},{"time":4.4333,"name":"skill1_02"},{"time":4.5,"name":"skill1_03"},{"time":4.5666,"name":"skill1_01"},{"time":4.6,"name":"skill1_02"},{"time":4.6333,"name":"skill1_03"},{"time":4.7,"name":"skill1_06"},{"time":4.7666,"name":"skill1_07"},{"time":4.8333,"name":"skill1_08"},{"time":4.9,"name":"skill1_09"},{"time":4.9666,"name":"skill1_10"},{"time":5.0333,"name":"skill1_11"},{"time":5.1,"name":"skill1_12"},{"time":5.7666,"name":"idle_00"}],"color":[{"time":2.9,"color":"ffffffff","curve":"stepped"},{"time":5.3333,"color":"ffffffff"},{"time":5.5,"color":"ffffff00","curve":"stepped"},{"time":5.7666,"color":"ffffffff"}]}},"bones":{"MAIN":{"translate":[{"time":1,"x":0,"y":0},{"time":2.1666,"x":-70.02,"y":0,"curve":"stepped"},{"time":2.9,"x":-48.15,"y":281.81,"curve":"stepped"},{"time":4.6333,"x":-48.15,"y":281.81,"curve":"stepped"},{"time":4.7,"x":-66.5,"y":192.22,"curve":[0.236,0.42,0.548,0.75]},{"time":4.9,"x":-59.37,"y":260.05,"curve":[0.252,0.56,0.491,0.8]},{"time":5.3333,"x":-42.63,"y":295.84,"curve":"stepped"},{"time":5.7666,"x":0,"y":0}]},"EF_shadow1":{"translate":[{"time":1,"x":0,"y":0},{"time":2.1666,"x":-153.53,"y":0}]},"EF_shadow2":{"translate":[{"time":1,"x":0,"y":0},{"time":2.1666,"x":-119.54,"y":0}]},"EF_shadow3":{"translate":[{"time":1,"x":0,"y":0},{"time":2.1666,"x":-88.48,"y":0}]},"EF_shadow4":{"translate":[{"time":1,"x":0,"y":0},{"time":2.1666,"x":-49.81,"y":0}]},"EF_shadow5":{"translate":[{"time":1,"x":0,"y":0},{"time":2.1666,"x":-18.75,"y":0}]},"EF_shadow6":{"translate":[{"time":1,"x":0,"y":0},{"time":2.1666,"x":-1.75,"y":0}]},"DAMAGEAREA":{"translate":[{"time":0.0333,"x":-3723.38,"y":60.51},{"time":4.9333,"x":-345.38,"y":-28.78,"curve":"stepped"},{"time":5.0333,"x":-345.38,"y":-28.78},{"time":5.2,"x":-356.45,"y":30.99}],"scale":[{"time":4.9333,"x":1.178,"y":0.785,"curve":"stepped"},{"time":5.0333,"x":1.178,"y":0.785},{"time":5.2,"x":1.725,"y":1.324}]},"EF_magic1":{"rotate":[{"time":2.7333,"angle":100.76},{"time":5.5333,"angle":66.84},{"time":5.6333,"angle":-54.52},{"time":6,"angle":-65.4}],"translate":[{"time":2.7333,"x":-57.09,"y":248.46,"curve":"stepped"},{"time":4.6666,"x":-57.09,"y":248.46,"curve":[0.319,0.34,0.654,0.68]},{"time":4.7333,"x":-79.22,"y":218.19,"curve":[0.332,0.6,0.751,1]},{"time":5.2666,"x":-32.72,"y":279.75,"curve":"stepped"},{"time":5.6333,"x":1.96,"y":-3.03}],"scale":[{"time":2.7333,"x":0.15,"y":0.15},{"time":2.9333,"x":0.8,"y":0.8,"curve":"stepped"},{"time":5.2666,"x":0.8,"y":0.8},{"time":5.3666,"x":0.933,"y":0.933},{"time":5.5333,"x":0.006,"y":0.006,"curve":"stepped"},{"time":5.6333,"x":0.15,"y":0.15},{"time":5.8333,"x":0.8,"y":0.8,"curve":"stepped"},{"time":6.1333,"x":0.8,"y":0.8},{"time":6.2333,"x":0.933,"y":0.933},{"time":6.4,"x":0.006,"y":0.006}]},"EF_magic2":{"rotate":[{"time":2.7333,"angle":100.76},{"time":5.5333,"angle":-54.52,"curve":"stepped"},{"time":5.6333,"angle":-54.52},{"time":6,"angle":-65.4}],"translate":[{"time":2.7333,"x":-58.74,"y":247.74,"curve":"stepped"},{"time":5.6333,"x":1.96,"y":-3.03}],"scale":[{"time":2.7333,"x":0.15,"y":0.15,"curve":"stepped"},{"time":2.9333,"x":0.8,"y":0.8},{"time":3.1666,"x":1,"y":1,"curve":"stepped"},{"time":5.6333,"x":0.15,"y":0.15},{"time":5.8333,"x":0.8,"y":0.8},{"time":6,"x":1,"y":1}]}},"events":[{"time":0,"name":"Event","float":0.1,"string":"kHitStopType_enemyonly"},{"time":0.0333,"name":"Event","string":"kImpactType_up"},{"time":0.4666,"name":"Voice","string":"cri_107_voice_fullarts_now"},{"time":0.5,"name":"Sound1","string":"cri_se_battle_magic_Invocation_dark"},{"time":0.5333,"name":"Event","string":"shakeGround"},{"time":0.5666,"name":"Event","string":"blackOutBack(0.3,1,0.1)"},{"time":0.6,"name":"Event","string":"runScript-theWorld"},{"time":1.8333,"name":"Event","string":"whiteOut(0.3,0.6,0.3)"},{"time":2.5,"name":"Event","string":"runScript-worldEnd"},{"time":2.6333,"name":"Event","int":380,"string":"setPosition_Target"},{"time":3.1,"name":"Sound1","string":"cri_se_battle_magic_Invocation_dark"},{"time":3.1,"name":"Sound2","string":"cri_se_battle_skill_electric_1"},{"time":3.9,"name":"Voice","string":"cri_107_voice_skill_all"},{"time":4.7,"name":"Sound1","string":"cri_se_battle_skill_shot"},{"time":4.7,"name":"Sound2","string":"cri_se_battle_arrow_light_effect"},{"time":4.9,"name":"Event","string":"shakeGround"},{"time":5.0333,"name":"Sound1","string":"cri_se_battle_030_explosion_02"},{"time":5.0333,"name":"Sound2","string":"cri_se_battle_hard_hit"},{"time":5.0666,"name":"Hit","string":"resetHitList"},{"time":5.1666,"name":"Hit","string":"resetHitList"},{"time":5.2666,"name":"Hit","string":"resetHitList"},{"time":5.3666,"name":"Hit","string":"resetHitList"},{"time":5.4666,"name":"Hit","string":"resetHitList"}]}}}