{"skeleton":{"hash":"OyEfSGFXQIyyq6vW9jcoaIim6nk","spine":"3.0.12","width":0,"height":0,"images":"./images2/"},"bones":[{"name":"root"},{"name":"MAIN","parent":"root","x":0.8,"y":81.29},{"name":"HPBAR","parent":"MAIN","x":-0.8,"y":113.71}],"slots":[{"name":"MAIN","bone":"MAIN","attachment":"idle_00"}],"skins":{"default":{"MAIN":{"attack_00":{"x":-16.84,"y":40.61,"width":595,"height":487},"attack_01":{"x":-16.84,"y":40.61,"width":595,"height":487},"attack_02":{"x":-16.84,"y":40.63,"width":595,"height":487},"attack_03":{"x":-16.84,"y":40.63,"width":595,"height":487},"attack_04":{"x":-16.84,"y":40.63,"width":595,"height":487},"attack_05":{"x":-16.84,"y":40.63,"width":595,"height":487},"attack_06":{"x":-16.84,"y":40.63,"width":595,"height":487},"attack_07":{"x":-16.84,"y":40.63,"width":595,"height":487},"attack_08":{"x":-16.84,"y":40.63,"width":595,"height":487},"attack_09":{"x":-16.84,"y":40.63,"width":595,"height":487},"attack_10":{"x":-16.84,"y":40.61,"width":595,"height":487},"attack_11":{"x":-16.84,"y":40.63,"width":595,"height":487},"attack_12":{"x":-16.84,"y":40.63,"width":595,"height":487},"attack_13":{"x":-16.89,"y":41.63,"width":595,"height":487},"attack_14":{"x":-16.89,"y":41.63,"width":595,"height":487},"attack_15":{"x":-16.89,"y":41.63,"width":595,"height":487},"attack_16":{"x":-16.89,"y":41.63,"width":595,"height":487},"attack_17":{"x":-16.89,"y":41.63,"width":595,"height":487},"attack_18":{"x":-16.89,"y":41.63,"width":595,"height":487},"attack_19":{"x":-16.89,"y":41.63,"width":595,"height":487},"attack_10_2":{"x":-16.52,"y":40.7,"width":595,"height":487},"attack_10_3":{"x":-16.52,"y":40.7,"width":595,"height":487},"attack_10_4":{"x":-16.84,"y":40.61,"width":595,"height":487},"attack_10_5":{"x":-16.84,"y":40.61,"width":595,"height":487},"attack_10_6":{"x":-16.84,"y":40.61,"width":595,"height":487},"back_00":{"x":-0.8,"y":-1.99,"width":509,"height":372},"damage_00":{"x":-30.42,"y":-16.65,"width":449,"height":402},"front_00":{"x":-0.8,"y":39.91,"width":504,"height":345},"idle_00":{"x":-9.61,"y":-21.21,"width":436,"height":342},"idle_01":{"x":-9.61,"y":-21.21,"width":436,"height":342},"idle_02":{"x":-9.61,"y":-21.21,"width":436,"height":342},"idle_03":{"x":-9.61,"y":-21.21,"width":436,"height":342},"idle_04":{"x":-9.61,"y":-21.21,"width":436,"height":342},"skill2_00":{"x":-0.8,"y":-8.97,"width":462,"height":381},"skill2_01":{"x":-0.8,"y":-8.97,"width":462,"height":381},"skill2_02":{"x":-0.8,"y":-8.97,"width":462,"height":381},"skill2_03":{"x":-0.8,"y":-8.97,"width":462,"height":381},"skill2_04":{"x":-0.8,"y":-8.97,"width":462,"height":381},"skill2_05":{"x":-0.8,"y":-8.97,"width":462,"height":381}}}},"events":{"Event":{},"Hit":{},"HitEffect":{},"Sound1":{},"Sound2":{},"View":{},"Voice":{}},"animations":{"idle":{"slots":{"MAIN":{"attachment":[{"time":0,"name":"idle_00"},{"time":0.1666,"name":"idle_01"},{"time":0.3333,"name":"idle_02"},{"time":0.5,"name":"idle_03"},{"time":0.6666,"name":"idle_04"},{"time":0.8333,"name":"idle_00"}]}},"bones":{"MAIN":{"rotate":[{"time":0,"angle":0}],"translate":[{"time":0,"x":0,"y":0}]}}}}}