{"skeleton":{"hash":"DZ5Gi1Wo2O7K9vEtuSzGL1t8tTQ","spine":"3.0.12","width":1180,"height":1292},"bones":[{"name":"root"},{"name":"MAIN","parent":"root","y":60.8},{"name":"SHADOW-OFFSET","parent":"MAIN","y":-60.8},{"name":"HITBOX","parent":"MAIN","x":-5.58,"y":-9.47,"scaleX":0.324,"scaleY":0.567},{"name":"Dot_EF","parent":"MAIN","x":-34.95,"y":4.85},{"name":"DAMAGEAREA","parent":"root"},{"name":"wave","parent":"root","y":-18.61},{"name":"wave2","parent":"root","y":-18.61}],"slots":[{"name":"grid/bg3","bone":"root","color":"b8b8b8ff"},{"name":"grid/grid","bone":"root"},{"name":"EF/mainef_graund_wave_main/ef_graund_wave_main_00002","bone":"wave","blend":"additive"},{"name":"EF/mainef_graund_wave_main/ef_graund_wave_main_2","bone":"wave2","blend":"additive"},{"name":"MAIN","bone":"MAIN","attachment":"idle_01"},{"name":"sample","bone":"root"},{"name":"Dot_EF","bone":"Dot_EF","blend":"additive"},{"name":"DAMAGEAREA","bone":"DAMAGEAREA"},{"name":"HITBOX","bone":"HITBOX","attachment":"HITBOX"}],"skins":{"default":{"DAMAGEAREA":{"DAMAGEAREA":{"type":"boundingbox","vertices":[-99.41377,-98.27673,98.11819,-99.39275,98.11819,97.02321,-98.29774,97.02321]}},"Dot_EF":{"Dot/02":{"x":-29.87,"y":6.25,"scaleX":2,"scaleY":2,"width":250,"height":250},"Dot/03":{"x":-29.87,"y":6.25,"scaleX":2,"scaleY":2,"width":250,"height":250},"Dot/05":{"x":-29.87,"y":6.25,"scaleX":2,"scaleY":2,"width":250,"height":250},"Dot/06":{"x":-29.87,"y":6.25,"scaleX":2,"scaleY":2,"width":250,"height":250},"Dot/07":{"x":-29.87,"y":6.25,"scaleX":2,"scaleY":2,"width":250,"height":250},"Dot/09":{"x":-29.87,"y":6.25,"scaleX":2,"scaleY":2,"width":250,"height":250},"Dot/10":{"x":-29.87,"y":6.25,"scaleX":2,"scaleY":2,"width":250,"height":250}},"EF/mainef_graund_wave_main/ef_graund_wave_main_00002":{"EF/mainef_graund_wave_main/ef_graund_wave_main_00002":{"y":18.61,"width":400,"height":240},"EF/mainef_graund_wave_main/ef_graund_wave_main_00004":{"y":18.61,"width":400,"height":240},"EF/mainef_graund_wave_main/ef_graund_wave_main_00006":{"y":18.61,"width":400,"height":240},"EF/mainef_graund_wave_main/ef_graund_wave_main_00008":{"y":18.61,"width":400,"height":240},"EF/mainef_graund_wave_main/ef_graund_wave_main_00010":{"y":18.61,"width":400,"height":240},"EF/mainef_graund_wave_main/ef_graund_wave_main_00012":{"y":18.61,"width":400,"height":240},"EF/mainef_graund_wave_main/ef_graund_wave_main_00014":{"y":18.61,"width":400,"height":240}},"EF/mainef_graund_wave_main/ef_graund_wave_main_2":{"EF/mainef_graund_wave_main/ef_graund_wave_main_00002":{"y":18.61,"width":400,"height":240},"EF/mainef_graund_wave_main/ef_graund_wave_main_00004":{"y":18.61,"width":400,"height":240},"EF/mainef_graund_wave_main/ef_graund_wave_main_00006":{"y":18.61,"width":400,"height":240},"EF/mainef_graund_wave_main/ef_graund_wave_main_00008":{"y":18.61,"width":400,"height":240},"EF/mainef_graund_wave_main/ef_graund_wave_main_00010":{"y":18.61,"width":400,"height":240},"EF/mainef_graund_wave_main/ef_graund_wave_main_00012":{"y":18.61,"width":400,"height":240},"EF/mainef_graund_wave_main/ef_graund_wave_main_00014":{"y":18.61,"width":400,"height":240}},"HITBOX":{"HITBOX":{"type":"boundingbox","vertices":[-99.41377,-101.62473,98.11819,-101.62473,98.11819,97.02321,-98.29774,95.90722]}},"MAIN":{"attack_01":{"x":8.04,"y":7.62,"scaleX":2,"scaleY":2,"width":250,"height":250},"attack_02":{"x":8.04,"y":7.62,"scaleX":2,"scaleY":2,"width":250,"height":250},"attack_03":{"x":8.04,"y":7.62,"scaleX":2,"scaleY":2,"width":250,"height":250},"attack_04":{"x":8.04,"y":7.62,"scaleX":2,"scaleY":2,"width":250,"height":250},"attack_05":{"x":8.04,"y":7.62,"scaleX":2,"scaleY":2,"width":250,"height":250},"attack_06":{"x":8.04,"y":7.62,"scaleX":2,"scaleY":2,"width":250,"height":250},"attack_07":{"x":8.04,"y":7.62,"scaleX":2,"scaleY":2,"width":250,"height":250},"attack_08":{"x":8.04,"y":7.62,"scaleX":2,"scaleY":2,"width":250,"height":250},"attack_09":{"x":8.04,"y":7.62,"scaleX":2,"scaleY":2,"width":250,"height":250},"back_01":{"x":8.04,"y":7.62,"scaleX":2,"scaleY":2,"width":250,"height":250},"damage_01":{"x":8.04,"y":7.62,"scaleX":2,"scaleY":2,"width":250,"height":250},"front_01":{"x":8.04,"y":7.62,"scaleX":2,"scaleY":2,"width":250,"height":250},"idle_01":{"x":8.04,"y":7.62,"scaleX":2,"scaleY":2,"width":250,"height":250},"idle_02":{"x":8.04,"y":7.62,"scaleX":2,"scaleY":2,"width":250,"height":250},"idle_03":{"x":8.04,"y":7.62,"scaleX":2,"scaleY":2,"width":250,"height":250},"idle_04":{"x":8.04,"y":7.62,"scaleX":2,"scaleY":2,"width":250,"height":250},"idle_05":{"x":8.04,"y":7.62,"scaleX":2,"scaleY":2,"width":250,"height":250},"skill1_01":{"x":8.04,"y":7.62,"scaleX":2,"scaleY":2,"width":250,"height":250},"skill1_02":{"x":8.04,"y":7.62,"scaleX":2,"scaleY":2,"width":250,"height":250},"skill1_03":{"x":8.04,"y":7.62,"scaleX":2,"scaleY":2,"width":250,"height":250},"skill1_04":{"x":8.04,"y":7.62,"scaleX":2,"scaleY":2,"width":250,"height":250},"skill1_05":{"x":8.04,"y":7.62,"scaleX":2,"scaleY":2,"width":250,"height":250},"skill2_02":{"x":8.04,"y":7.62,"scaleX":2,"scaleY":2,"width":250,"height":250},"skill2_03":{"x":8.04,"y":7.62,"scaleX":2,"scaleY":2,"width":250,"height":250}}}},"events":{"Event":{},"Hit":{},"Sound1":{},"Sound2":{},"Sound3":{},"Voice":{}},"animations":{"attack1":{"slots":{"DAMAGEAREA":{"attachment":[{"time":0.0666,"name":"DAMAGEAREA"},{"time":0.1333,"name":null},{"time":0.1666,"name":"DAMAGEAREA"},{"time":0.2333,"name":null},{"time":0.3333,"name":"DAMAGEAREA"},{"time":0.5,"name":null},{"time":0.7333,"name":"DAMAGEAREA"},{"time":0.9,"name":null}]},"Dot_EF":{"attachment":[{"time":0.0666,"name":"Dot/02"},{"time":0.1,"name":null},{"time":0.1666,"name":"Dot/03"},{"time":0.2,"name":null},{"time":0.3333,"name":"Dot/05"},{"time":0.3666,"name":null},{"time":0.4333,"name":"Dot/06"},{"time":0.4666,"name":"Dot/07"},{"time":0.5,"name":null},{"time":0.7333,"name":"Dot/09"},{"time":0.7666,"name":"Dot/10"},{"time":0.8,"name":null}]},"MAIN":{"attachment":[{"time":0,"name":"idle_01"},{"time":0.0666,"name":"attack_01"},{"time":0.1666,"name":"attack_02"},{"time":0.2666,"name":"attack_03"},{"time":0.3333,"name":"attack_04"},{"time":0.4333,"name":"attack_05"},{"time":0.5666,"name":"attack_06"},{"time":0.6333,"name":"attack_07"},{"time":0.7333,"name":"attack_08"},{"time":0.8333,"name":"attack_09"},{"time":0.9666,"name":"idle_01"},{"time":1.0333,"name":"idle_01"}]}},"bones":{"MAIN":{"translate":[{"time":0,"x":0,"y":0,"curve":"stepped"},{"time":0.0666,"x":-31.4,"y":0,"curve":"stepped"},{"time":0.1666,"x":-58.96,"y":0,"curve":"stepped"},{"time":0.2666,"x":-21.27,"y":22.28,"curve":"stepped"},{"time":0.3333,"x":9.11,"y":23.29,"curve":"stepped"},{"time":0.4333,"x":34.44,"y":0,"curve":"stepped"},{"time":0.7333,"x":-3.03,"y":7.09,"curve":"stepped"},{"time":0.7666,"x":-14.18,"y":10.13,"curve":"stepped"},{"time":0.9666,"x":0,"y":0}]},"Dot_EF":{"translate":[{"time":0.0666,"x":44.57,"y":17.22,"curve":"stepped"},{"time":0.1666,"x":72.93,"y":21.27,"curve":"stepped"},{"time":0.3333,"x":12.15,"y":-8.1,"curve":"stepped"},{"time":0.4333,"x":2.02,"y":24.31,"curve":"stepped"},{"time":0.7333,"x":38.49,"y":0}],"scale":[{"time":0.0666,"x":1.263,"y":1,"curve":"stepped"},{"time":0.1666,"x":1.221,"y":1,"curve":"stepped"},{"time":0.3333,"x":1.363,"y":1,"curve":"stepped"},{"time":0.4333,"x":1.653,"y":1,"curve":"stepped"},{"time":0.7333,"x":1.304,"y":1}]},"DAMAGEAREA":{"translate":[{"time":0.0666,"x":-108.8,"y":64.86}],"scale":[{"time":0.0666,"x":1.167,"y":0.623}]}},"events":[{"time":0,"name":"Event","float":0.05,"string":"kHitStopType_normal"},{"time":0.0333,"name":"Sound1","string":"cri_se_battle_sword_swish_heavy"},{"time":0.0666,"name":"Sound1","string":"setHitSound(se_battle_hands_hit)"},{"time":0.0666,"name":"Voice","string":"cri_159_voice_attack_random"},{"time":0.1333,"name":"Sound1","string":"cri_se_battle_sword_swish_heavy"},{"time":0.1666,"name":"Hit","string":"resetHitList"},{"time":0.3,"name":"Sound1","string":"cri_se_battle_sword_swish_heavy"},{"time":0.3333,"name":"Hit","string":"resetHitList"},{"time":0.3333,"name":"Voice","string":"cri_159_voice_attack_random"},{"time":0.7,"name":"Sound1","string":"cri_se_battle_sword_swish_heavy"},{"time":0.7333,"name":"Hit","string":"resetHitList"},{"time":0.7333,"name":"Voice","string":"cri_159_voice_attack_c"}]},"back":{"slots":{"MAIN":{"attachment":[{"time":0,"name":"back_01"},{"time":0.2333,"name":"idle_01"},{"time":0.4,"name":"idle_01"}]}},"bones":{"MAIN":{"translate":[{"time":0,"x":0,"y":0},{"time":0.1333,"x":98.88,"y":15.87},{"time":0.2333,"x":134.19,"y":0,"curve":[0.182,0.7,0.75,1]},{"time":0.4,"x":140,"y":0}]}},"events":[{"time":0,"name":"Sound1","string":"cri_se_battle_jump"},{"time":0.2333,"name":"Sound1","string":"cri_se_battle_landing"}]},"cast":{"slots":{"MAIN":{"attachment":[{"time":0,"name":"idle_01"},{"time":0.0666,"name":"skill1_01"},{"time":0.2333,"name":"skill2_02"},{"time":0.3666,"name":"skill2_03"},{"time":0.5,"name":"skill1_04"},{"time":0.5666,"name":"skill1_05"},{"time":0.7666,"name":"idle_01"}]}},"bones":{"MAIN":{"translate":[{"time":0,"x":0,"y":0}]}},"events":[{"time":0.2333,"name":"Voice","string":"cri_159_voice_item"}]},"damage":{"slots":{"MAIN":{"attachment":[{"time":0,"name":"damage_01"}]}}},"front":{"slots":{"MAIN":{"attachment":[{"time":0,"name":"front_01"}]}}},"idle":{"slots":{"MAIN":{"attachment":[{"time":0,"name":"idle_01"},{"time":0.1333,"name":"idle_02"},{"time":0.2666,"name":"idle_03"},{"time":0.4333,"name":"idle_04"},{"time":0.5666,"name":"idle_05"},{"time":0.7,"name":"idle_04"},{"time":0.8333,"name":"idle_01"}]}}},"skill1":{"slots":{"DAMAGEAREA":{"attachment":[{"time":1.3666,"name":null}]},"EF/mainef_graund_wave_main/ef_graund_wave_main_00002":{"attachment":[{"time":1.1,"name":"EF/mainef_graund_wave_main/ef_graund_wave_main_00002"},{"time":1.1333,"name":"EF/mainef_graund_wave_main/ef_graund_wave_main_00004"},{"time":1.1666,"name":"EF/mainef_graund_wave_main/ef_graund_wave_main_00006"},{"time":1.2,"name":"EF/mainef_graund_wave_main/ef_graund_wave_main_00008"},{"time":1.2333,"name":"EF/mainef_graund_wave_main/ef_graund_wave_main_00010"},{"time":1.2666,"name":"EF/mainef_graund_wave_main/ef_graund_wave_main_00012"},{"time":1.3,"name":"EF/mainef_graund_wave_main/ef_graund_wave_main_00014"},{"time":1.3666,"name":null}]},"EF/mainef_graund_wave_main/ef_graund_wave_main_2":{"attachment":[{"time":1.2333,"name":"EF/mainef_graund_wave_main/ef_graund_wave_main_00002"},{"time":1.2666,"name":"EF/mainef_graund_wave_main/ef_graund_wave_main_00004"},{"time":1.3,"name":"EF/mainef_graund_wave_main/ef_graund_wave_main_00006"},{"time":1.3333,"name":"EF/mainef_graund_wave_main/ef_graund_wave_main_00008"},{"time":1.3666,"name":"EF/mainef_graund_wave_main/ef_graund_wave_main_00010"},{"time":1.4,"name":"EF/mainef_graund_wave_main/ef_graund_wave_main_00012"},{"time":1.4333,"name":"EF/mainef_graund_wave_main/ef_graund_wave_main_00014"},{"time":1.5,"name":null}]},"MAIN":{"attachment":[{"time":0,"name":"skill1_01"},{"time":0.5333,"name":"skill1_02"},{"time":0.7,"name":"skill1_03"},{"time":1.1,"name":"skill1_04"},{"time":1.1666,"name":"skill1_05"},{"time":1.4333,"name":"skill1_05"}]}},"bones":{"MAIN":{"translate":[{"time":0,"x":0,"y":0,"curve":"stepped"},{"time":0.5,"x":0,"y":0,"curve":[0.088,0.93,0.391,1]},{"time":0.9666,"x":-33.59,"y":235.14,"curve":"stepped"},{"time":1.0666,"x":-33.59,"y":235.14},{"time":1.1,"x":-112.4,"y":-12.91},{"time":1.1333,"x":-112.4,"y":2.58},{"time":1.2,"x":-112.4,"y":-7.74,"curve":[0.214,0.88,0.75,1]},{"time":1.2666,"x":-112.4,"y":0,"curve":"stepped"},{"time":1.3,"x":-112.4,"y":0}]},"wave":{"translate":[{"time":1.1,"x":-186.16,"y":4.92}],"scale":[{"time":1.1,"x":1.595,"y":1.595}]},"wave2":{"translate":[{"time":1.2333,"x":-186.16,"y":0.98}],"scale":[{"time":1.2333,"x":1.595,"y":1.595}]},"DAMAGEAREA":{"translate":[{"time":1.2333,"x":-352.02,"y":235.99}],"scale":[{"time":1.2333,"x":2.44,"y":2.783}]}},"events":[{"time":0,"name":"Sound1","string":"cri_se_battle_charge"},{"time":0.5,"name":"Event","string":"movePosition_Target(0.1,350,0)"},{"time":0.5333,"name":"Sound1","string":"cri_se_battle_jump"},{"time":0.5333,"name":"Voice","string":"cri_159_voice_skill_all"},{"time":1.0666,"name":"Event","string":"shakeGround"},{"time":1.0666,"name":"Sound1","string":"cri_se_battle_skill_shot"},{"time":1.1,"name":"Event","string":"addOrbitSystem_1skill1rock"},{"time":1.1,"name":"Sound1","string":"cri_se_battle_hard_hit"},{"time":1.1,"name":"Sound2","string":"cri_se_battle_monster_footstep"},{"time":1.2333,"name":"Event","string":"shakeGround"},{"time":1.3,"name":"Event","string":"shakeGround"}]},"skill2":{"slots":{"DAMAGEAREA":{"attachment":[{"time":1.9666,"name":"DAMAGEAREA"},{"time":2.3666,"name":null}]},"EF/mainef_graund_wave_main/ef_graund_wave_main_00002":{"attachment":[{"time":1.6666,"name":"EF/mainef_graund_wave_main/ef_graund_wave_main_00002"},{"time":1.7,"name":"EF/mainef_graund_wave_main/ef_graund_wave_main_00004"},{"time":1.7333,"name":"EF/mainef_graund_wave_main/ef_graund_wave_main_00006"},{"time":1.7666,"name":"EF/mainef_graund_wave_main/ef_graund_wave_main_00008"},{"time":1.8,"name":"EF/mainef_graund_wave_main/ef_graund_wave_main_00010"},{"time":1.8333,"name":"EF/mainef_graund_wave_main/ef_graund_wave_main_00012"},{"time":1.8666,"name":"EF/mainef_graund_wave_main/ef_graund_wave_main_00014"},{"time":1.9,"name":null}]},"MAIN":{"attachment":[{"time":0,"name":"skill1_01"},{"time":1.0666,"name":"skill2_02"},{"time":1.2333,"name":"skill2_03"},{"time":1.6666,"name":"skill1_04"},{"time":1.7333,"name":"skill1_05"},{"time":2.1666,"name":"skill1_05"}]}},"bones":{"MAIN":{"translate":[{"time":0,"x":0,"y":0,"curve":"stepped"},{"time":1.0666,"x":0,"y":0,"curve":[0.231,0.74,0.75,1]},{"time":1.2333,"x":11.62,"y":0,"curve":"stepped"},{"time":1.6333,"x":11.62,"y":0,"curve":[0.136,0.97,0.496,1]},{"time":1.8333,"x":-32.29,"y":0}]},"wave":{"translate":[{"time":1.6666,"x":-75.21,"y":12.53}],"scale":[{"time":1.6666,"x":1.402,"y":1.402}]},"DAMAGEAREA":{"translate":[{"time":1.9666,"x":469.08,"y":161.1,"curve":[0.307,0.19,0.75,1]},{"time":2.3333,"x":-919.18,"y":161.1}],"scale":[{"time":1.9666,"x":3.698,"y":2.55}]}},"events":[{"time":0,"name":"Event","string":"kImpactType_knock"},{"time":0,"name":"Sound1","string":"cri_se_battle_charge_long"},{"time":0,"name":"Voice","string":"cri_159_voice_fullarts_now"},{"time":0.0333,"name":"Event","float":0.3,"string":"kHitStopType_normal"},{"time":0.0666,"name":"Event","string":"setHitEffect(hit02c,1,2)"},{"time":0.2,"name":"Event","float":2,"string":"shakeGround-Loop"},{"time":1.1666,"name":"Event","string":"shakeGround"},{"time":1.5,"name":"Voice","string":"cri_159_voice_fullarts_rank4"},{"time":1.6666,"name":"Sound1","string":"cri_se_battle_skill_dash_ef"},{"time":1.6666,"name":"Sound2","string":"cri_se_battle_arrow_light_effect"},{"time":1.7,"name":"Event","string":"shakeGround"},{"time":1.7,"name":"Sound1","string":"setHitSound(se_battle_hard_hit)"},{"time":1.9333,"name":"Event","string":"runScript-hitShake"}]}}}