{"skeleton":{"hash":"Gxt6sXriGsud9nbAOEfHGxvU6aU","spine":"3.0.12","width":0,"height":0,"images":"./images/idle/"},"bones":[{"name":"root"},{"name":"MAIN","parent":"root","y":60,"color":"ff0d00ff"},{"name":"EF_bladeaura1_1","parent":"MAIN","x":41.39,"y":-28.95,"scaleX":1.141,"scaleY":1.141,"rotation":-99.49,"color":"ff0d00ff"}],"slots":[{"name":"EF_bladeaura2_1","bone":"EF_bladeaura1_1"},{"name":"MAIN","bone":"MAIN","attachment":"idle_00"},{"name":"EF_bladeaura1_1","bone":"EF_bladeaura1_1","color":"ff001dff","blend":"additive"}],"skins":{"default":{"EF_bladeaura1_1":{"EF/ef_blade_dark_aura_main/ef_blade_dark_aura_main_00003":{"y":51.26,"width":150,"height":200},"EF/ef_blade_dark_aura_main/ef_blade_dark_aura_main_00004":{"y":51.26,"width":150,"height":200},"EF/ef_blade_dark_aura_main/ef_blade_dark_aura_main_00005":{"y":51.26,"width":150,"height":200},"EF/ef_blade_dark_aura_main/ef_blade_dark_aura_main_00006":{"y":51.26,"width":150,"height":200},"EF/ef_blade_dark_aura_main/ef_blade_dark_aura_main_00007":{"y":51.26,"width":150,"height":200},"EF/ef_blade_dark_aura_main/ef_blade_dark_aura_main_00008":{"y":51.26,"width":150,"height":200},"EF/ef_blade_dark_aura_main/ef_blade_dark_aura_main_00009":{"y":51.26,"width":150,"height":200},"EF/ef_blade_dark_aura_main/ef_blade_dark_aura_main_00010":{"y":51.26,"width":150,"height":200},"EF/ef_blade_dark_aura_main/ef_blade_dark_aura_main_00011":{"y":51.26,"width":150,"height":200},"EF/ef_blade_dark_aura_main/ef_blade_dark_aura_main_00012":{"y":51.26,"width":150,"height":200},"EF/ef_blade_dark_aura_main/ef_blade_dark_aura_main_00013":{"y":51.26,"width":150,"height":200},"EF/ef_blade_dark_aura_main/ef_blade_dark_aura_main_00014":{"y":51.26,"width":150,"height":200}},"EF_bladeaura2_1":{"EF/ef_blade_dark_aura_main/ef_blade_dark_aura_main_00003":{"y":55,"scaleX":-1.2,"scaleY":1.2,"width":150,"height":200},"EF/ef_blade_dark_aura_main/ef_blade_dark_aura_main_00004":{"y":55,"scaleX":-1.2,"scaleY":1.2,"width":150,"height":200},"EF/ef_blade_dark_aura_main/ef_blade_dark_aura_main_00005":{"y":55,"scaleX":-1.2,"scaleY":1.2,"width":150,"height":200},"EF/ef_blade_dark_aura_main/ef_blade_dark_aura_main_00006":{"y":55,"scaleX":-1.2,"scaleY":1.2,"width":150,"height":200},"EF/ef_blade_dark_aura_main/ef_blade_dark_aura_main_00007":{"y":55,"scaleX":-1.2,"scaleY":1.2,"width":150,"height":200},"EF/ef_blade_dark_aura_main/ef_blade_dark_aura_main_00008":{"y":55,"scaleX":-1.2,"scaleY":1.2,"width":150,"height":200},"EF/ef_blade_dark_aura_main/ef_blade_dark_aura_main_00009":{"y":55,"scaleX":-1.2,"scaleY":1.2,"width":150,"height":200},"EF/ef_blade_dark_aura_main/ef_blade_dark_aura_main_00010":{"y":55,"scaleX":-1.2,"scaleY":1.2,"width":150,"height":200},"EF/ef_blade_dark_aura_main/ef_blade_dark_aura_main_00011":{"y":55,"scaleX":-1.2,"scaleY":1.2,"width":150,"height":200},"EF/ef_blade_dark_aura_main/ef_blade_dark_aura_main_00012":{"y":55,"scaleX":-1.2,"scaleY":1.2,"width":150,"height":200},"EF/ef_blade_dark_aura_main/ef_blade_dark_aura_main_00013":{"y":55,"scaleX":-1.2,"scaleY":1.2,"width":150,"height":200},"EF/ef_blade_dark_aura_main/ef_blade_dark_aura_main_00014":{"y":55,"scaleX":-1.2,"scaleY":1.2,"width":150,"height":200}},"MAIN":{"idle_00":{"x":-2.49,"y":-8.24,"width":512,"height":512},"idle_01":{"x":-2.49,"y":-8.24,"width":512,"height":512},"idle_02":{"x":-2.49,"y":-8.24,"width":512,"height":512},"idle_03":{"x":-2.49,"y":-8.24,"width":512,"height":512}}}},"events":{"event":{},"event2":{},"hit":{}},"animations":{"idle":{"slots":{"EF_bladeaura1_1":{"attachment":[{"time":0.1,"name":"EF/ef_blade_dark_aura_main/ef_blade_dark_aura_main_00003"},{"time":0.1666,"name":"EF/ef_blade_dark_aura_main/ef_blade_dark_aura_main_00004"},{"time":0.2333,"name":"EF/ef_blade_dark_aura_main/ef_blade_dark_aura_main_00005"},{"time":0.3,"name":"EF/ef_blade_dark_aura_main/ef_blade_dark_aura_main_00006"},{"time":0.3666,"name":"EF/ef_blade_dark_aura_main/ef_blade_dark_aura_main_00007"},{"time":0.4333,"name":"EF/ef_blade_dark_aura_main/ef_blade_dark_aura_main_00008"},{"time":0.5,"name":"EF/ef_blade_dark_aura_main/ef_blade_dark_aura_main_00009"},{"time":0.5666,"name":"EF/ef_blade_dark_aura_main/ef_blade_dark_aura_main_00010"},{"time":0.6333,"name":"EF/ef_blade_dark_aura_main/ef_blade_dark_aura_main_00011"},{"time":0.7,"name":"EF/ef_blade_dark_aura_main/ef_blade_dark_aura_main_00012"},{"time":0.7666,"name":"EF/ef_blade_dark_aura_main/ef_blade_dark_aura_main_00013"},{"time":0.8333,"name":"EF/ef_blade_dark_aura_main/ef_blade_dark_aura_main_00014"},{"time":0.9,"name":null}]},"MAIN":{"attachment":[{"time":0,"name":"idle_00"},{"time":0.2666,"name":"idle_01"},{"time":0.5,"name":"idle_02"},{"time":0.7666,"name":"idle_03"},{"time":1,"name":"idle_00"}]}}}}}