{"skeleton":{"hash":"54Cq7lCHi/DFouuFSe5xx73HuDo","spine":"3.0.12","width":512,"height":512},"bones":[{"name":"root"},{"name":"MAIN","parent":"root","y":82},{"name":"HITBOX","parent":"MAIN","y":-17.73,"scaleX":0.441},{"name":"EF","parent":"root"},{"name":"ef_wave_A_main3","parent":"EF"},{"name":"ef_wave_A_main2","parent":"EF"},{"name":"ef_wave_A_main","parent":"EF"},{"name":"ef_tuti_main","parent":"EF"},{"name":"ef_slash_C","parent":"EF"},{"name":"ef_slash_B","parent":"EF"},{"name":"ef_slash_A","parent":"EF"},{"name":"ef_graund_wave_main3","parent":"EF"},{"name":"ef_graund_wave_main2","parent":"EF"},{"name":"ef_graund_wave_main","parent":"EF"},{"name":"ef_graund_aura_render","parent":"EF"},{"name":"ef_dash_main","parent":"EF"},{"name":"ef_OF_main4","parent":"EF"},{"name":"ef_OF_main3","parent":"EF"},{"name":"ef_OF_main2","parent":"EF"},{"name":"ef_OF_main","parent":"EF"},{"name":"DAMAGEAREA","parent":"root"}],"slots":[{"name":"EF/hon/ef_graund_wave_main_s12_H/ef_graund_wave_main_00001","bone":"ef_graund_wave_main","blend":"additive"},{"name":"EF/hon/ef_graund_wave_main_s12_H/ef_graund_wave_main_1","bone":"ef_graund_wave_main2","blend":"additive"},{"name":"EF/hon/ef_graund_wave_main_s12_H/ef_graund_wave_main_2","bone":"ef_graund_wave_main3","blend":"additive"},{"name":"EF/hon/ef_graund_aura_render_s2_H/ef_graund_aura_render_00002","bone":"ef_graund_aura_render","blend":"additive"},{"name":"MAIN","bone":"MAIN","attachment":"idle_00"},{"name":"attack1_01_ef","bone":"MAIN"},{"name":"EF/hon/ef_OF_main_s12_H/ef_OF_main_00001","bone":"ef_OF_main","blend":"additive"},{"name":"EF/hon/ef_OF_main_s12_H/ef_OF_main_1","bone":"ef_OF_main2","blend":"additive"},{"name":"EF/hon/ef_OF_main_s12_H/ef_OF_main_2","bone":"ef_OF_main3","blend":"additive"},{"name":"EF/hon/ef_OF_main_s12_H/ef_OF_main_3","bone":"ef_OF_main4","blend":"additive"},{"name":"EF/hon/ef_dash_main_s12_H/ef_dash_main_00001","bone":"ef_dash_main","blend":"additive"},{"name":"EF/hon/ef_slash_A_main_s12_H/ef_slash_A_main_00001","bone":"ef_slash_A","blend":"additive"},{"name":"EF/hon/ef_slash_B_main_s2_H/ef_slash_B_main_00001","bone":"ef_slash_B","blend":"additive"},{"name":"EF/hon/ef_tuti_main_s2_H/ef_tuti_main_00001","bone":"ef_tuti_main","blend":"additive"},{"name":"EF/hon/ef_wave_A_main_s12_H/ef_wave_A_main_00001","bone":"ef_wave_A_main","blend":"additive"},{"name":"EF/hon/ef_wave_A_main_s12_H/ef_wave_A_main_1","bone":"ef_wave_A_main2","blend":"additive"},{"name":"EF/hon/ef_wave_A_main_s12_H/ef_wave_A_main_2","bone":"ef_wave_A_main3","blend":"additive"},{"name":"EF/ef/ef_slash_C_main_s2_EF/ef_slash_C_main_00001","bone":"ef_slash_C","blend":"additive"},{"name":"DAMAGEAREA","bone":"DAMAGEAREA"},{"name":"HITBOX","bone":"HITBOX","attachment":"HITBOX"}],"skins":{"default":{"DAMAGEAREA":{"DAMAGEAREA":{"type":"boundingbox","vertices":[-64.03496,63.68414,-64.03496,-64.32278,64.40295,-64.75377,63.77733,64.21184]}},"EF/ef/ef_slash_C_main_s2_EF/ef_slash_C_main_00001":{"EF/ef/ef_slash_C_main_s2_EF/ef_slash_C_main_00001":{"width":240,"height":240},"EF/ef/ef_slash_C_main_s2_EF/ef_slash_C_main_00002":{"width":240,"height":240},"EF/ef/ef_slash_C_main_s2_EF/ef_slash_C_main_00003":{"width":240,"height":240},"EF/ef/ef_slash_C_main_s2_EF/ef_slash_C_main_00004":{"width":240,"height":240},"EF/ef/ef_slash_C_main_s2_EF/ef_slash_C_main_00005":{"width":240,"height":240},"EF/ef/ef_slash_C_main_s2_EF/ef_slash_C_main_00006":{"width":240,"height":240},"EF/ef/ef_slash_C_main_s2_EF/ef_slash_C_main_00007":{"width":240,"height":240},"EF/ef/ef_slash_C_main_s2_EF/ef_slash_C_main_00008":{"width":240,"height":240}},"EF/hon/ef_OF_main_s12_H/ef_OF_main_00001":{"EF/hon/ef_OF_main_s12_H/ef_OF_main_00001":{"width":400,"height":400}},"EF/hon/ef_OF_main_s12_H/ef_OF_main_1":{"EF/hon/ef_OF_main_s12_H/ef_OF_main_00001":{"width":400,"height":400}},"EF/hon/ef_OF_main_s12_H/ef_OF_main_2":{"EF/hon/ef_OF_main_s12_H/ef_OF_main_00001":{"width":400,"height":400}},"EF/hon/ef_OF_main_s12_H/ef_OF_main_3":{"EF/hon/ef_OF_main_s12_H/ef_OF_main_00001":{"width":400,"height":400}},"EF/hon/ef_dash_main_s12_H/ef_dash_main_00001":{"EF/hon/ef_dash_main_s12_H/ef_dash_main_00001":{"x":22.03,"y":14.27,"width":160,"height":160},"EF/hon/ef_dash_main_s12_H/ef_dash_main_00002":{"x":22.03,"y":14.27,"width":160,"height":160},"EF/hon/ef_dash_main_s12_H/ef_dash_main_00003":{"x":22.03,"y":14.27,"width":160,"height":160},"EF/hon/ef_dash_main_s12_H/ef_dash_main_00004":{"x":22.03,"y":14.27,"width":160,"height":160},"EF/hon/ef_dash_main_s12_H/ef_dash_main_00005":{"x":22.03,"y":14.27,"width":160,"height":160},"EF/hon/ef_dash_main_s12_H/ef_dash_main_00006":{"x":22.03,"y":14.27,"width":160,"height":160},"EF/hon/ef_dash_main_s12_H/ef_dash_main_00007":{"x":22.03,"y":14.27,"width":160,"height":160},"EF/hon/ef_dash_main_s12_H/ef_dash_main_00008":{"x":22.03,"y":14.27,"width":160,"height":160},"EF/hon/ef_dash_main_s12_H/ef_dash_main_00009":{"x":22.03,"y":14.27,"width":160,"height":160},"EF/hon/ef_dash_main_s12_H/ef_dash_main_00010":{"x":22.03,"y":14.27,"width":160,"height":160},"EF/hon/ef_dash_main_s12_H/ef_dash_main_00011":{"x":22.03,"y":14.27,"width":160,"height":160},"EF/hon/ef_dash_main_s12_H/ef_dash_main_00012":{"x":22.03,"y":14.27,"width":160,"height":160},"EF/hon/ef_dash_main_s12_H/ef_dash_main_00013":{"x":22.03,"y":14.27,"width":160,"height":160}},"EF/hon/ef_graund_aura_render_s2_H/ef_graund_aura_render_00002":{"EF/hon/ef_graund_aura_render_s2_H/ef_graund_aura_render_00002":{"width":200,"height":200},"EF/hon/ef_graund_aura_render_s2_H/ef_graund_aura_render_00003":{"width":200,"height":200},"EF/hon/ef_graund_aura_render_s2_H/ef_graund_aura_render_00004":{"width":200,"height":200},"EF/hon/ef_graund_aura_render_s2_H/ef_graund_aura_render_00005":{"width":200,"height":200},"EF/hon/ef_graund_aura_render_s2_H/ef_graund_aura_render_00006":{"width":200,"height":200},"EF/hon/ef_graund_aura_render_s2_H/ef_graund_aura_render_00007":{"width":200,"height":200},"EF/hon/ef_graund_aura_render_s2_H/ef_graund_aura_render_00008":{"width":200,"height":200},"EF/hon/ef_graund_aura_render_s2_H/ef_graund_aura_render_00009":{"width":200,"height":200},"EF/hon/ef_graund_aura_render_s2_H/ef_graund_aura_render_00010":{"width":200,"height":200},"EF/hon/ef_graund_aura_render_s2_H/ef_graund_aura_render_00011":{"width":200,"height":200}},"EF/hon/ef_graund_wave_main_s12_H/ef_graund_wave_main_00001":{"EF/hon/ef_graund_wave_main_s12_H/ef_graund_wave_main_00001":{"width":240,"height":144},"EF/hon/ef_graund_wave_main_s12_H/ef_graund_wave_main_00002":{"width":240,"height":144},"EF/hon/ef_graund_wave_main_s12_H/ef_graund_wave_main_00003":{"width":240,"height":144},"EF/hon/ef_graund_wave_main_s12_H/ef_graund_wave_main_00004":{"width":240,"height":144},"EF/hon/ef_graund_wave_main_s12_H/ef_graund_wave_main_00005":{"width":240,"height":144},"EF/hon/ef_graund_wave_main_s12_H/ef_graund_wave_main_00006":{"width":240,"height":144},"EF/hon/ef_graund_wave_main_s12_H/ef_graund_wave_main_00007":{"width":240,"height":144},"EF/hon/ef_graund_wave_main_s12_H/ef_graund_wave_main_00008":{"width":240,"height":144},"EF/hon/ef_graund_wave_main_s12_H/ef_graund_wave_main_00009":{"width":240,"height":144},"EF/hon/ef_graund_wave_main_s12_H/ef_graund_wave_main_00010":{"width":240,"height":144},"EF/hon/ef_graund_wave_main_s12_H/ef_graund_wave_main_00011":{"width":240,"height":144},"EF/hon/ef_graund_wave_main_s12_H/ef_graund_wave_main_00012":{"width":240,"height":144}},"EF/hon/ef_graund_wave_main_s12_H/ef_graund_wave_main_1":{"EF/hon/ef_graund_wave_main_s12_H/ef_graund_wave_main_00001":{"width":240,"height":144},"EF/hon/ef_graund_wave_main_s12_H/ef_graund_wave_main_00002":{"width":240,"height":144},"EF/hon/ef_graund_wave_main_s12_H/ef_graund_wave_main_00003":{"width":240,"height":144},"EF/hon/ef_graund_wave_main_s12_H/ef_graund_wave_main_00004":{"width":240,"height":144},"EF/hon/ef_graund_wave_main_s12_H/ef_graund_wave_main_00005":{"width":240,"height":144},"EF/hon/ef_graund_wave_main_s12_H/ef_graund_wave_main_00006":{"width":240,"height":144},"EF/hon/ef_graund_wave_main_s12_H/ef_graund_wave_main_00007":{"width":240,"height":144},"EF/hon/ef_graund_wave_main_s12_H/ef_graund_wave_main_00008":{"width":240,"height":144},"EF/hon/ef_graund_wave_main_s12_H/ef_graund_wave_main_00009":{"width":240,"height":144},"EF/hon/ef_graund_wave_main_s12_H/ef_graund_wave_main_00010":{"width":240,"height":144},"EF/hon/ef_graund_wave_main_s12_H/ef_graund_wave_main_00011":{"width":240,"height":144},"EF/hon/ef_graund_wave_main_s12_H/ef_graund_wave_main_00012":{"width":240,"height":144}},"EF/hon/ef_graund_wave_main_s12_H/ef_graund_wave_main_2":{"EF/hon/ef_graund_wave_main_s12_H/ef_graund_wave_main_00001":{"width":240,"height":144},"EF/hon/ef_graund_wave_main_s12_H/ef_graund_wave_main_00002":{"width":240,"height":144},"EF/hon/ef_graund_wave_main_s12_H/ef_graund_wave_main_00003":{"width":240,"height":144},"EF/hon/ef_graund_wave_main_s12_H/ef_graund_wave_main_00004":{"width":240,"height":144},"EF/hon/ef_graund_wave_main_s12_H/ef_graund_wave_main_00005":{"width":240,"height":144},"EF/hon/ef_graund_wave_main_s12_H/ef_graund_wave_main_00006":{"width":240,"height":144},"EF/hon/ef_graund_wave_main_s12_H/ef_graund_wave_main_00007":{"width":240,"height":144},"EF/hon/ef_graund_wave_main_s12_H/ef_graund_wave_main_00008":{"width":240,"height":144},"EF/hon/ef_graund_wave_main_s12_H/ef_graund_wave_main_00009":{"width":240,"height":144},"EF/hon/ef_graund_wave_main_s12_H/ef_graund_wave_main_00010":{"width":240,"height":144},"EF/hon/ef_graund_wave_main_s12_H/ef_graund_wave_main_00011":{"width":240,"height":144},"EF/hon/ef_graund_wave_main_s12_H/ef_graund_wave_main_00012":{"width":240,"height":144}},"EF/hon/ef_slash_A_main_s12_H/ef_slash_A_main_00001":{"EF/hon/ef_slash_A_main_s12_H/ef_slash_A_main_00001":{"width":320,"height":320},"EF/hon/ef_slash_A_main_s12_H/ef_slash_A_main_00002":{"width":320,"height":320},"EF/hon/ef_slash_A_main_s12_H/ef_slash_A_main_00003":{"width":320,"height":320},"EF/hon/ef_slash_A_main_s12_H/ef_slash_A_main_00004":{"width":320,"height":320},"EF/hon/ef_slash_A_main_s12_H/ef_slash_A_main_00005":{"width":320,"height":320},"EF/hon/ef_slash_A_main_s12_H/ef_slash_A_main_00006":{"width":320,"height":320},"EF/hon/ef_slash_A_main_s12_H/ef_slash_A_main_00007":{"width":320,"height":320},"EF/hon/ef_slash_A_main_s12_H/ef_slash_A_main_00008":{"width":320,"height":320}},"EF/hon/ef_slash_B_main_s2_H/ef_slash_B_main_00001":{"EF/hon/ef_slash_B_main_s2_H/ef_slash_B_main_00001":{"width":320,"height":320},"EF/hon/ef_slash_B_main_s2_H/ef_slash_B_main_00002":{"width":320,"height":320},"EF/hon/ef_slash_B_main_s2_H/ef_slash_B_main_00003":{"width":320,"height":320},"EF/hon/ef_slash_B_main_s2_H/ef_slash_B_main_00004":{"width":320,"height":320},"EF/hon/ef_slash_B_main_s2_H/ef_slash_B_main_00005":{"width":320,"height":320},"EF/hon/ef_slash_B_main_s2_H/ef_slash_B_main_00006":{"width":320,"height":320},"EF/hon/ef_slash_B_main_s2_H/ef_slash_B_main_00007":{"width":320,"height":320},"EF/hon/ef_slash_B_main_s2_H/ef_slash_B_main_00008":{"width":320,"height":320},"EF/hon/ef_slash_B_main_s2_H/ef_slash_B_main_00009":{"width":320,"height":320},"EF/hon/ef_slash_B_main_s2_H/ef_slash_B_main_00010":{"width":320,"height":320}},"EF/hon/ef_tuti_main_s2_H/ef_tuti_main_00001":{"EF/hon/ef_tuti_main_s2_H/ef_tuti_main_00001":{"width":216,"height":144},"EF/hon/ef_tuti_main_s2_H/ef_tuti_main_00002":{"width":216,"height":144},"EF/hon/ef_tuti_main_s2_H/ef_tuti_main_00003":{"width":216,"height":144},"EF/hon/ef_tuti_main_s2_H/ef_tuti_main_00004":{"width":216,"height":144},"EF/hon/ef_tuti_main_s2_H/ef_tuti_main_00005":{"width":216,"height":144},"EF/hon/ef_tuti_main_s2_H/ef_tuti_main_00006":{"width":216,"height":144},"EF/hon/ef_tuti_main_s2_H/ef_tuti_main_00007":{"width":216,"height":144},"EF/hon/ef_tuti_main_s2_H/ef_tuti_main_00008":{"width":216,"height":144},"EF/hon/ef_tuti_main_s2_H/ef_tuti_main_00009":{"width":216,"height":144},"EF/hon/ef_tuti_main_s2_H/ef_tuti_main_00010":{"width":216,"height":144},"EF/hon/ef_tuti_main_s2_H/ef_tuti_main_00011":{"width":216,"height":144},"EF/hon/ef_tuti_main_s2_H/ef_tuti_main_00012":{"width":216,"height":144},"EF/hon/ef_tuti_main_s2_H/ef_tuti_main_00013":{"width":216,"height":144},"EF/hon/ef_tuti_main_s2_H/ef_tuti_main_00014":{"width":216,"height":144},"EF/hon/ef_tuti_main_s2_H/ef_tuti_main_00015":{"width":216,"height":144},"EF/hon/ef_tuti_main_s2_H/ef_tuti_main_00016":{"width":216,"height":144}},"EF/hon/ef_wave_A_main_s12_H/ef_wave_A_main_00001":{"EF/hon/ef_wave_A_main_s12_H/ef_wave_A_main_00001":{"width":192,"height":192},"EF/hon/ef_wave_A_main_s12_H/ef_wave_A_main_00002":{"width":192,"height":192},"EF/hon/ef_wave_A_main_s12_H/ef_wave_A_main_00003":{"width":192,"height":192},"EF/hon/ef_wave_A_main_s12_H/ef_wave_A_main_00004":{"width":192,"height":192},"EF/hon/ef_wave_A_main_s12_H/ef_wave_A_main_00005":{"width":192,"height":192},"EF/hon/ef_wave_A_main_s12_H/ef_wave_A_main_00006":{"width":192,"height":192}},"EF/hon/ef_wave_A_main_s12_H/ef_wave_A_main_1":{"EF/hon/ef_wave_A_main_s12_H/ef_wave_A_main_00001":{"width":192,"height":192},"EF/hon/ef_wave_A_main_s12_H/ef_wave_A_main_00002":{"width":192,"height":192},"EF/hon/ef_wave_A_main_s12_H/ef_wave_A_main_00003":{"width":192,"height":192},"EF/hon/ef_wave_A_main_s12_H/ef_wave_A_main_00004":{"width":192,"height":192},"EF/hon/ef_wave_A_main_s12_H/ef_wave_A_main_00005":{"width":192,"height":192},"EF/hon/ef_wave_A_main_s12_H/ef_wave_A_main_00006":{"width":192,"height":192}},"EF/hon/ef_wave_A_main_s12_H/ef_wave_A_main_2":{"EF/hon/ef_wave_A_main_s12_H/ef_wave_A_main_00001":{"width":192,"height":192},"EF/hon/ef_wave_A_main_s12_H/ef_wave_A_main_00002":{"width":192,"height":192},"EF/hon/ef_wave_A_main_s12_H/ef_wave_A_main_00003":{"width":192,"height":192},"EF/hon/ef_wave_A_main_s12_H/ef_wave_A_main_00004":{"width":192,"height":192},"EF/hon/ef_wave_A_main_s12_H/ef_wave_A_main_00005":{"width":192,"height":192},"EF/hon/ef_wave_A_main_s12_H/ef_wave_A_main_00006":{"width":192,"height":192}},"HITBOX":{"HITBOX":{"type":"boundingbox","vertices":[-64.78116,64.81911,-64.78116,-64.7176,64.08955,-64.0516,63.42355,64.48612]}},"MAIN":{"attack1_00":{"x":-15.76,"y":0.62,"scaleX":2,"scaleY":2,"width":256,"height":256},"attack1_01":{"x":-15.76,"y":0.62,"scaleX":2,"scaleY":2,"width":256,"height":256},"attack1_02":{"x":-15.76,"y":0.62,"scaleX":2,"scaleY":2,"width":256,"height":256},"attack1_03":{"x":-15.76,"y":0.62,"scaleX":2,"scaleY":2,"width":256,"height":256},"attack1_04":{"x":-15.76,"y":0.62,"scaleX":2,"scaleY":2,"width":256,"height":256},"attack1_05":{"x":-15.76,"y":0.62,"scaleX":2,"scaleY":2,"width":256,"height":256},"attack1_06":{"x":-15.76,"y":0.62,"scaleX":2,"scaleY":2,"width":256,"height":256},"back_00":{"x":-15.76,"y":0.62,"scaleX":2,"scaleY":2,"width":256,"height":256},"damage_00":{"x":-15.76,"y":0.62,"scaleX":2,"scaleY":2,"width":256,"height":256},"front_00":{"x":-15.76,"y":0.62,"scaleX":2,"scaleY":2,"width":256,"height":256},"idle_00":{"x":-15.76,"y":0.62,"scaleX":2,"scaleY":2,"width":256,"height":256},"idle_01":{"x":-15.76,"y":0.62,"scaleX":2,"scaleY":2,"width":256,"height":256},"idle_02":{"x":-15.76,"y":0.62,"scaleX":2,"scaleY":2,"width":256,"height":256},"idle_03":{"x":-15.76,"y":0.62,"scaleX":2,"scaleY":2,"width":256,"height":256},"in_00":{"x":-15.77,"y":0.62,"scaleX":2,"scaleY":2,"width":256,"height":256},"skill1_00":{"x":-15.76,"y":0.62,"scaleX":2,"scaleY":2,"width":256,"height":256},"skill1_01":{"x":-15.76,"y":0.62,"scaleX":2,"scaleY":2,"width":256,"height":256},"skill1_02":{"x":-15.76,"y":0.62,"scaleX":2,"scaleY":2,"width":256,"height":256},"skill1_03":{"x":-15.76,"y":0.62,"scaleX":2,"scaleY":2,"width":256,"height":256},"skill2_00":{"x":-15.76,"y":0.62,"scaleX":2,"scaleY":2,"width":256,"height":256},"skill2_01":{"x":-15.76,"y":0.62,"scaleX":2,"scaleY":2,"width":256,"height":256},"skill2_02":{"x":-15.76,"y":0.62,"scaleX":2,"scaleY":2,"width":256,"height":256},"skill2_03":{"x":-15.76,"y":0.62,"scaleX":2,"scaleY":2,"width":256,"height":256},"skill2_04":{"x":-15.76,"y":0.62,"scaleX":2,"scaleY":2,"width":256,"height":256},"skill2_05":{"x":-15.76,"y":0.62,"scaleX":2,"scaleY":2,"width":256,"height":256},"skill2_06":{"x":-15.76,"y":0.62,"scaleX":2,"scaleY":2,"width":256,"height":256},"skill2_04b":{"x":-15.77,"y":0.62,"scaleX":2,"scaleY":2,"width":256,"height":256}},"attack1_01_ef":{"attack1_01_ef":{"x":-15.76,"y":0.62,"scaleX":2,"scaleY":2,"width":256,"height":256},"attack1_02_ef":{"x":-15.76,"y":0.62,"scaleX":2,"scaleY":2,"width":256,"height":256},"attack1_04_ef":{"x":-15.76,"y":0.62,"scaleX":2,"scaleY":2,"width":256,"height":256},"attack1_05_ef":{"x":-15.76,"y":0.62,"scaleX":2,"scaleY":2,"width":256,"height":256},"skill2_03_ef":{"x":-15.76,"y":0.62,"scaleX":2,"scaleY":2,"width":256,"height":256},"skill2_04_ef":{"x":-15.76,"y":0.62,"scaleX":2,"scaleY":2,"width":256,"height":256}}}},"events":{"Event":{},"Event2":{},"Hit":{},"Sound1":{},"Sound2":{},"Sound3":{},"Voice":{}},"animations":{"attack1":{"slots":{"DAMAGEAREA":{"attachment":[{"time":0.3,"name":"DAMAGEAREA"},{"time":0.3666,"name":null},{"time":0.8666,"name":"DAMAGEAREA"},{"time":0.9333,"name":null}]},"MAIN":{"attachment":[{"time":0,"name":"idle_00"},{"time":0.0333,"name":"attack1_00"},{"time":0.3,"name":"attack1_01"},{"time":0.3333,"name":"attack1_02"},{"time":0.4,"name":"attack1_01"},{"time":0.4666,"name":"attack1_02"},{"time":0.5666,"name":"attack1_01"},{"time":0.6666,"name":"attack1_03"},{"time":0.8333,"name":"attack1_04"},{"time":0.8666,"name":"attack1_05"},{"time":0.9333,"name":"attack1_06"},{"time":1,"name":"attack1_02"},{"time":1.1333,"name":"attack1_01"},{"time":1.3666,"name":"back_00"},{"time":1.5666,"name":"idle_01"},{"time":1.6666,"name":"idle_00"}]},"attack1_01_ef":{"attachment":[{"time":0.3,"name":"attack1_01_ef"},{"time":0.3333,"name":"attack1_02_ef"},{"time":0.3666,"name":null},{"time":0.8333,"name":"attack1_04_ef"},{"time":0.8666,"name":"attack1_05_ef"},{"time":0.9333,"name":null}]}},"bones":{"MAIN":{"translate":[{"time":0,"x":0,"y":0,"curve":[0.169,0.38,0.75,1]},{"time":0.2666,"x":5,"y":0},{"time":0.3333,"x":-20.5,"y":0,"curve":[0.119,0.41,0.75,1]},{"time":0.6,"x":-23,"y":0,"curve":"stepped"},{"time":0.6666,"x":-23,"y":0,"curve":[0.171,0.39,0.75,1]},{"time":0.7666,"x":-31.32,"y":0,"curve":"stepped"},{"time":0.8,"x":-31.32,"y":0,"curve":[0.183,0.32,0.75,1]},{"time":0.8666,"x":-40.08,"y":70.3},{"time":0.9666,"x":-67.43,"y":94.42},{"time":1.0333,"x":-78.21,"y":66.01},{"time":1.1666,"x":-83.67,"y":2,"curve":[0.138,0.38,0.75,1]},{"time":1.3666,"x":-83.67,"y":0},{"time":1.5333,"x":-11.77,"y":0,"curve":[0.169,0.38,0.75,1]},{"time":1.6666,"x":0,"y":0}]},"DAMAGEAREA":{"translate":[{"time":0.3,"x":-26.16,"y":63.34,"curve":"stepped"},{"time":0.8666,"x":-99.14,"y":92.25}],"scale":[{"time":0.3,"x":2.427,"y":0.962,"curve":"stepped"},{"time":0.8666,"x":2.427,"y":1.386}]}},"events":[{"time":0,"name":"Event","float":0.1,"string":"kHitStopType_normal"},{"time":0.2666,"name":"Sound1","string":"cri_se_battle_sword_swish_heavy"},{"time":0.2666,"name":"Sound3","string":"setHitSound(se_battle_sword_heavy_hit)"},{"time":0.2666,"name":"Voice","string":"cri_190_voice_attack_random"},{"time":0.8,"name":"Sound1","string":"cri_se_battle_sword_swish_heavy"},{"time":0.8,"name":"Voice","string":"cri_190_voice_attack_c"},{"time":0.8666,"name":"Hit","string":"resetHitList"}]},"back":{"slots":{"MAIN":{"attachment":[{"time":0,"name":"back_00"},{"time":0.4666,"name":"idle_02"},{"time":0.5666,"name":"idle_01"},{"time":0.6333,"name":"idle_00"}]}},"bones":{"MAIN":{"translate":[{"time":0,"x":0,"y":0,"curve":[0.131,0,0.75,1]},{"time":0.4,"x":119,"y":0,"curve":[0.155,0.43,0.75,1]},{"time":0.6333,"x":140,"y":0}]}}},"cast":{"slots":{"MAIN":{"attachment":[{"time":0,"name":"idle_00"},{"time":0.0333,"name":"attack1_00"},{"time":0.5,"name":"attack1_01"},{"time":0.5333,"name":"attack1_02"},{"time":0.6,"name":"attack1_01"},{"time":0.6666,"name":"attack1_02"},{"time":0.7666,"name":"attack1_01"},{"time":0.8666,"name":"attack1_03"}]},"attack1_01_ef":{"attachment":[{"time":0.5,"name":"attack1_01_ef"},{"time":0.5333,"name":"attack1_02_ef"},{"time":0.5666,"name":null}]}},"events":[{"time":0.5,"name":"Voice","string":"cri_190_voice_item"}]},"damage":{"slots":{"MAIN":{"attachment":[{"time":0,"name":"damage_00"}]}}},"front":{"slots":{"MAIN":{"attachment":[{"time":0,"name":"front_00"}]}}},"idle":{"slots":{"MAIN":{"attachment":[{"time":0,"name":"idle_00"},{"time":0.2333,"name":"idle_01"},{"time":0.4666,"name":"idle_02"},{"time":0.7,"name":"idle_03"},{"time":0.9333,"name":"idle_00"}]}}},"in":{"slots":{"MAIN":{"attachment":[{"time":0,"name":"in_00"},{"time":0.3333,"name":"attack1_04"},{"time":0.4333,"name":"attack1_05"},{"time":0.5333,"name":"idle_02"},{"time":0.6,"name":"idle_03"},{"time":0.7333,"name":"idle_00"},{"time":0.8666,"name":"idle_01"},{"time":1,"name":"idle_00"}]}},"bones":{"MAIN":{"translate":[{"time":0,"x":0,"y":21.66,"curve":[0.136,0.33,0.75,1]},{"time":0.3333,"x":0,"y":2.67},{"time":0.4666,"x":0,"y":-2.06,"curve":"stepped"},{"time":0.5333,"x":0,"y":0},{"time":0.6,"x":0,"y":-4.19,"curve":[0.137,0.28,0.75,1]},{"time":0.9,"x":0,"y":0}]}},"events":[{"time":0,"name":"Event","string":"takeSummon2"}]},"skill1":{"slots":{"DAMAGEAREA":{"attachment":[{"time":0.1,"name":"DAMAGEAREA"},{"time":0.9666,"name":null}]},"EF/hon/ef_OF_main_s12_H/ef_OF_main_00001":{"attachment":[{"time":0.0666,"name":"EF/hon/ef_OF_main_s12_H/ef_OF_main_00001"}],"color":[{"time":0.1666,"color":"ffffffff"},{"time":0.2666,"color":"ffffff00"}]},"EF/hon/ef_dash_main_s12_H/ef_dash_main_00001":{"attachment":[{"time":0.0666,"name":"EF/hon/ef_dash_main_s12_H/ef_dash_main_00001"},{"time":0.1,"name":"EF/hon/ef_dash_main_s12_H/ef_dash_main_00002"},{"time":0.1333,"name":"EF/hon/ef_dash_main_s12_H/ef_dash_main_00003"},{"time":0.1666,"name":"EF/hon/ef_dash_main_s12_H/ef_dash_main_00004"},{"time":0.2,"name":"EF/hon/ef_dash_main_s12_H/ef_dash_main_00005"},{"time":0.2333,"name":"EF/hon/ef_dash_main_s12_H/ef_dash_main_00006"},{"time":0.2666,"name":"EF/hon/ef_dash_main_s12_H/ef_dash_main_00007"},{"time":0.3,"name":"EF/hon/ef_dash_main_s12_H/ef_dash_main_00008"},{"time":0.3333,"name":"EF/hon/ef_dash_main_s12_H/ef_dash_main_00009"},{"time":0.3666,"name":"EF/hon/ef_dash_main_s12_H/ef_dash_main_00010"},{"time":0.4,"name":"EF/hon/ef_dash_main_s12_H/ef_dash_main_00011"},{"time":0.4333,"name":"EF/hon/ef_dash_main_s12_H/ef_dash_main_00012"},{"time":0.4666,"name":"EF/hon/ef_dash_main_s12_H/ef_dash_main_00013"},{"time":0.5,"name":null}]},"EF/hon/ef_graund_wave_main_s12_H/ef_graund_wave_main_00001":{"attachment":[{"time":0.0666,"name":"EF/hon/ef_graund_wave_main_s12_H/ef_graund_wave_main_00001"},{"time":0.1,"name":"EF/hon/ef_graund_wave_main_s12_H/ef_graund_wave_main_00002"},{"time":0.1333,"name":"EF/hon/ef_graund_wave_main_s12_H/ef_graund_wave_main_00003"},{"time":0.1666,"name":"EF/hon/ef_graund_wave_main_s12_H/ef_graund_wave_main_00004"},{"time":0.2,"name":"EF/hon/ef_graund_wave_main_s12_H/ef_graund_wave_main_00005"},{"time":0.2333,"name":"EF/hon/ef_graund_wave_main_s12_H/ef_graund_wave_main_00006"},{"time":0.2666,"name":"EF/hon/ef_graund_wave_main_s12_H/ef_graund_wave_main_00007"},{"time":0.3,"name":"EF/hon/ef_graund_wave_main_s12_H/ef_graund_wave_main_00008"},{"time":0.3333,"name":"EF/hon/ef_graund_wave_main_s12_H/ef_graund_wave_main_00009"},{"time":0.3666,"name":"EF/hon/ef_graund_wave_main_s12_H/ef_graund_wave_main_00010"},{"time":0.4,"name":"EF/hon/ef_graund_wave_main_s12_H/ef_graund_wave_main_00011"},{"time":0.4333,"name":"EF/hon/ef_graund_wave_main_s12_H/ef_graund_wave_main_00012"},{"time":0.4666,"name":null}]},"EF/hon/ef_slash_A_main_s12_H/ef_slash_A_main_00001":{"attachment":[{"time":0.0666,"name":"EF/hon/ef_slash_A_main_s12_H/ef_slash_A_main_00001"},{"time":0.1,"name":"EF/hon/ef_slash_A_main_s12_H/ef_slash_A_main_00002"},{"time":0.1333,"name":"EF/hon/ef_slash_A_main_s12_H/ef_slash_A_main_00003"},{"time":0.1666,"name":"EF/hon/ef_slash_A_main_s12_H/ef_slash_A_main_00004"},{"time":0.2,"name":"EF/hon/ef_slash_A_main_s12_H/ef_slash_A_main_00005"},{"time":0.2333,"name":"EF/hon/ef_slash_A_main_s12_H/ef_slash_A_main_00006"},{"time":0.2666,"name":"EF/hon/ef_slash_A_main_s12_H/ef_slash_A_main_00007"},{"time":0.3,"name":"EF/hon/ef_slash_A_main_s12_H/ef_slash_A_main_00008"},{"time":0.3333,"name":null}]},"EF/hon/ef_wave_A_main_s12_H/ef_wave_A_main_00001":{"attachment":[{"time":0.0666,"name":"EF/hon/ef_wave_A_main_s12_H/ef_wave_A_main_00001"},{"time":0.1,"name":"EF/hon/ef_wave_A_main_s12_H/ef_wave_A_main_00002"},{"time":0.1333,"name":"EF/hon/ef_wave_A_main_s12_H/ef_wave_A_main_00003"},{"time":0.1666,"name":"EF/hon/ef_wave_A_main_s12_H/ef_wave_A_main_00004"},{"time":0.2,"name":"EF/hon/ef_wave_A_main_s12_H/ef_wave_A_main_00005"},{"time":0.2333,"name":"EF/hon/ef_wave_A_main_s12_H/ef_wave_A_main_00006"},{"time":0.2666,"name":null}]},"MAIN":{"attachment":[{"time":0,"name":"skill1_00"},{"time":0.0666,"name":"skill1_01"},{"time":0.1333,"name":"skill1_03"},{"time":0.2,"name":"skill1_02"},{"time":0.2666,"name":"skill1_03"},{"time":0.3333,"name":"skill1_02"},{"time":0.4,"name":"skill1_03"},{"time":0.4666,"name":"skill1_02"},{"time":0.5333,"name":"skill1_03"},{"time":0.6,"name":"skill1_02"},{"time":0.6666,"name":"skill1_03"},{"time":0.7333,"name":"skill1_02"},{"time":0.8,"name":"skill1_03"},{"time":0.8666,"name":"skill1_02"},{"time":0.9333,"name":"skill1_03"},{"time":1,"name":"skill1_02"},{"time":1.0666,"name":"skill1_03"},{"time":1.1666,"name":"skill1_02"},{"time":1.3333,"name":"skill1_01"},{"time":1.4,"name":"idle_00"}]}},"bones":{"MAIN":{"translate":[{"time":0,"x":0,"y":0,"curve":"stepped"},{"time":0.0333,"x":0,"y":0,"curve":"stepped"},{"time":0.0666,"x":-28.45,"y":0,"curve":"stepped"},{"time":0.1333,"x":-28.45,"y":0,"curve":[0.124,0.4,0.75,1]},{"time":0.3,"x":-40.25,"y":0,"curve":[0.081,0.31,0.75,1]},{"time":0.8,"x":-40.8,"y":0.49,"curve":"stepped"},{"time":1.3333,"x":-31.82,"y":0,"curve":"stepped"},{"time":1.4,"x":0,"y":0}]},"ef_graund_wave_main":{"translate":[{"time":0.0666,"x":-17.74,"y":29.58}],"scale":[{"time":0.0666,"x":3.2,"y":3.2}]},"ef_dash_main":{"translate":[{"time":0.0666,"x":54.25,"y":0}],"scale":[{"time":0.0666,"x":3,"y":3}]},"ef_wave_A_main":{"translate":[{"time":0.0666,"x":84.49,"y":92.3}],"scale":[{"time":0.0666,"x":2.5,"y":2.5}]},"ef_OF_main":{"translate":[{"time":0.0666,"x":86.62,"y":93}],"scale":[{"time":0.0666,"x":1.5,"y":1.5},{"time":0.1,"x":1.82,"y":1.82},{"time":0.2666,"x":0.2,"y":0.2}]},"ef_slash_A":{"translate":[{"time":0.0666,"x":-95.77,"y":131.16}],"scale":[{"time":0.0666,"x":1.7,"y":1.7}]},"DAMAGEAREA":{"translate":[{"time":0.1,"x":-57.43,"y":94.88,"curve":"stepped"},{"time":0.2,"x":-57.43,"y":94.88},{"time":0.2333,"x":-177.28,"y":209.74}],"scale":[{"time":0.1,"x":4.345,"y":1.424,"curve":"stepped"},{"time":0.2,"x":4.345,"y":1.424},{"time":0.2333,"x":3.477,"y":3.274}]}},"events":[{"time":0,"name":"Event","float":0.3,"string":"kHitStopType_normal"},{"time":0,"name":"Sound3","string":"setHitSound(se_battle_sword_heavy_hit)"},{"time":0,"name":"Voice","string":"cri_190_voice_skill_all"},{"time":0.0666,"name":"Sound1","string":"cri_se_battle_skill_shot"},{"time":0.0666,"name":"Sound2","string":"cri_se_battle_arrow_light_effect"},{"time":0.1,"name":"Event2","string":"shakeGround"},{"time":0.1666,"name":"Event","float":0.1,"string":"kHitStopType_enemyonly"},{"time":0.1666,"name":"Event2","string":"shakeGround"},{"time":0.1666,"name":"Hit","string":"resetHitList"},{"time":0.2,"name":"Sound1","string":"cri_se_battle_skill_shot"},{"time":0.2333,"name":"Hit","string":"resetHitList"},{"time":0.3,"name":"Hit","string":"resetHitList"},{"time":0.3333,"name":"Sound1","string":"cri_se_battle_skill_shot"},{"time":0.3666,"name":"Hit","string":"resetHitList"},{"time":0.4333,"name":"Hit","string":"resetHitList"},{"time":0.4666,"name":"Sound1","string":"cri_se_battle_skill_shot"},{"time":0.5,"name":"Hit","string":"resetHitList"},{"time":0.5666,"name":"Hit","string":"resetHitList"},{"time":0.6,"name":"Sound1","string":"cri_se_battle_skill_shot"},{"time":0.6333,"name":"Hit","string":"resetHitList"},{"time":0.7,"name":"Hit","string":"resetHitList"},{"time":0.7333,"name":"Sound1","string":"cri_se_battle_skill_shot"},{"time":0.7666,"name":"Hit","string":"resetHitList"},{"time":0.8333,"name":"Hit","string":"resetHitList"},{"time":0.8666,"name":"Event","string":"kImpactType_knock_up"},{"time":0.8666,"name":"Event2","string":"setForceImpact(1)"},{"time":0.8666,"name":"Sound1","string":"cri_se_battle_skill_shot"},{"time":0.9,"name":"Event","float":0.35,"string":"kHitStopType_normal"},{"time":0.9,"name":"Event2","float":3,"string":"shakeGround"},{"time":0.9,"name":"Hit","string":"resetHitList"}]},"skill2":{"slots":{"DAMAGEAREA":{"attachment":[{"time":1.6666,"name":"DAMAGEAREA"},{"time":1.8666,"name":"DAMAGEAREA"},{"time":1.9333,"name":null},{"time":2.1666,"name":"DAMAGEAREA"},{"time":2.5666,"name":null}]},"EF/ef/ef_slash_C_main_s2_EF/ef_slash_C_main_00001":{"attachment":[{"time":2.1666,"name":"EF/ef/ef_slash_C_main_s2_EF/ef_slash_C_main_00001"},{"time":2.2,"name":"EF/ef/ef_slash_C_main_s2_EF/ef_slash_C_main_00002"},{"time":2.2333,"name":"EF/ef/ef_slash_C_main_s2_EF/ef_slash_C_main_00003"},{"time":2.2666,"name":"EF/ef/ef_slash_C_main_s2_EF/ef_slash_C_main_00004"},{"time":2.3,"name":"EF/ef/ef_slash_C_main_s2_EF/ef_slash_C_main_00005"},{"time":2.3333,"name":"EF/ef/ef_slash_C_main_s2_EF/ef_slash_C_main_00006"},{"time":2.3666,"name":"EF/ef/ef_slash_C_main_s2_EF/ef_slash_C_main_00007"},{"time":2.4,"name":"EF/ef/ef_slash_C_main_s2_EF/ef_slash_C_main_00008"},{"time":2.4333,"name":null}],"color":[{"time":2.3333,"color":"ffffffff"},{"time":2.4333,"color":"ffffff00"}]},"EF/hon/ef_OF_main_s12_H/ef_OF_main_00001":{"attachment":[{"time":1.8333,"name":"EF/hon/ef_OF_main_s12_H/ef_OF_main_00001"},{"time":2.0333,"name":null}]},"EF/hon/ef_dash_main_s12_H/ef_dash_main_00001":{"attachment":[{"time":1.6666,"name":"EF/hon/ef_dash_main_s12_H/ef_dash_main_00001"},{"time":1.7,"name":"EF/hon/ef_dash_main_s12_H/ef_dash_main_00002"},{"time":1.7333,"name":"EF/hon/ef_dash_main_s12_H/ef_dash_main_00003"},{"time":1.7666,"name":"EF/hon/ef_dash_main_s12_H/ef_dash_main_00004"},{"time":1.8,"name":"EF/hon/ef_dash_main_s12_H/ef_dash_main_00005"},{"time":1.8333,"name":"EF/hon/ef_dash_main_s12_H/ef_dash_main_00006"},{"time":1.8666,"name":"EF/hon/ef_dash_main_s12_H/ef_dash_main_00007"},{"time":1.9,"name":"EF/hon/ef_dash_main_s12_H/ef_dash_main_00008"},{"time":1.9333,"name":"EF/hon/ef_dash_main_s12_H/ef_dash_main_00009"},{"time":1.9666,"name":"EF/hon/ef_dash_main_s12_H/ef_dash_main_00010"},{"time":2,"name":"EF/hon/ef_dash_main_s12_H/ef_dash_main_00011"},{"time":2.0333,"name":"EF/hon/ef_dash_main_s12_H/ef_dash_main_00012"},{"time":2.0666,"name":"EF/hon/ef_dash_main_s12_H/ef_dash_main_00013"},{"time":2.1,"name":null}]},"EF/hon/ef_graund_aura_render_s2_H/ef_graund_aura_render_00002":{"attachment":[{"time":0,"name":"EF/hon/ef_graund_aura_render_s2_H/ef_graund_aura_render_00002"},{"time":0.0333,"name":"EF/hon/ef_graund_aura_render_s2_H/ef_graund_aura_render_00003"},{"time":0.0666,"name":"EF/hon/ef_graund_aura_render_s2_H/ef_graund_aura_render_00004"},{"time":0.1,"name":"EF/hon/ef_graund_aura_render_s2_H/ef_graund_aura_render_00005"},{"time":0.1333,"name":"EF/hon/ef_graund_aura_render_s2_H/ef_graund_aura_render_00006"},{"time":0.1666,"name":"EF/hon/ef_graund_aura_render_s2_H/ef_graund_aura_render_00007"},{"time":0.2,"name":"EF/hon/ef_graund_aura_render_s2_H/ef_graund_aura_render_00008"},{"time":0.2333,"name":"EF/hon/ef_graund_aura_render_s2_H/ef_graund_aura_render_00009"},{"time":0.2666,"name":"EF/hon/ef_graund_aura_render_s2_H/ef_graund_aura_render_00010"},{"time":0.3,"name":"EF/hon/ef_graund_aura_render_s2_H/ef_graund_aura_render_00011"},{"time":0.4,"name":null},{"time":0.4333,"name":"EF/hon/ef_graund_aura_render_s2_H/ef_graund_aura_render_00002"},{"time":0.4666,"name":"EF/hon/ef_graund_aura_render_s2_H/ef_graund_aura_render_00003"},{"time":0.5,"name":"EF/hon/ef_graund_aura_render_s2_H/ef_graund_aura_render_00004"},{"time":0.5333,"name":"EF/hon/ef_graund_aura_render_s2_H/ef_graund_aura_render_00005"},{"time":0.5666,"name":"EF/hon/ef_graund_aura_render_s2_H/ef_graund_aura_render_00006"},{"time":0.6,"name":"EF/hon/ef_graund_aura_render_s2_H/ef_graund_aura_render_00007"},{"time":0.6333,"name":"EF/hon/ef_graund_aura_render_s2_H/ef_graund_aura_render_00008"},{"time":0.6666,"name":"EF/hon/ef_graund_aura_render_s2_H/ef_graund_aura_render_00009"},{"time":0.7,"name":"EF/hon/ef_graund_aura_render_s2_H/ef_graund_aura_render_00010"},{"time":0.7333,"name":"EF/hon/ef_graund_aura_render_s2_H/ef_graund_aura_render_00011"},{"time":0.8333,"name":null},{"time":0.8666,"name":"EF/hon/ef_graund_aura_render_s2_H/ef_graund_aura_render_00002"},{"time":0.9,"name":"EF/hon/ef_graund_aura_render_s2_H/ef_graund_aura_render_00003"},{"time":0.9333,"name":"EF/hon/ef_graund_aura_render_s2_H/ef_graund_aura_render_00004"},{"time":0.9666,"name":"EF/hon/ef_graund_aura_render_s2_H/ef_graund_aura_render_00005"},{"time":1,"name":"EF/hon/ef_graund_aura_render_s2_H/ef_graund_aura_render_00006"},{"time":1.0333,"name":"EF/hon/ef_graund_aura_render_s2_H/ef_graund_aura_render_00007"},{"time":1.0666,"name":"EF/hon/ef_graund_aura_render_s2_H/ef_graund_aura_render_00008"},{"time":1.1,"name":"EF/hon/ef_graund_aura_render_s2_H/ef_graund_aura_render_00009"},{"time":1.1333,"name":"EF/hon/ef_graund_aura_render_s2_H/ef_graund_aura_render_00010"},{"time":1.1666,"name":"EF/hon/ef_graund_aura_render_s2_H/ef_graund_aura_render_00011"},{"time":1.2666,"name":null}],"color":[{"time":0.3,"color":"ffffffff"},{"time":0.4,"color":"ffffff00","curve":"stepped"},{"time":0.4333,"color":"ffffffff","curve":"stepped"},{"time":0.7333,"color":"ffffffff"},{"time":0.8333,"color":"ffffff00","curve":"stepped"},{"time":0.8666,"color":"ffffffff","curve":"stepped"},{"time":1.1666,"color":"ffffffff"},{"time":1.2666,"color":"ffffff00"}]},"EF/hon/ef_graund_wave_main_s12_H/ef_graund_wave_main_00001":{"attachment":[{"time":0,"name":"EF/hon/ef_graund_wave_main_s12_H/ef_graund_wave_main_00001"},{"time":0.0333,"name":"EF/hon/ef_graund_wave_main_s12_H/ef_graund_wave_main_00002"},{"time":0.0666,"name":"EF/hon/ef_graund_wave_main_s12_H/ef_graund_wave_main_00003"},{"time":0.1,"name":"EF/hon/ef_graund_wave_main_s12_H/ef_graund_wave_main_00004"},{"time":0.1333,"name":"EF/hon/ef_graund_wave_main_s12_H/ef_graund_wave_main_00005"},{"time":0.1666,"name":"EF/hon/ef_graund_wave_main_s12_H/ef_graund_wave_main_00006"},{"time":0.2,"name":"EF/hon/ef_graund_wave_main_s12_H/ef_graund_wave_main_00007"},{"time":0.2333,"name":"EF/hon/ef_graund_wave_main_s12_H/ef_graund_wave_main_00008"},{"time":0.2666,"name":"EF/hon/ef_graund_wave_main_s12_H/ef_graund_wave_main_00009"},{"time":0.3,"name":"EF/hon/ef_graund_wave_main_s12_H/ef_graund_wave_main_00010"},{"time":0.3333,"name":"EF/hon/ef_graund_wave_main_s12_H/ef_graund_wave_main_00011"},{"time":0.3666,"name":"EF/hon/ef_graund_wave_main_s12_H/ef_graund_wave_main_00012"},{"time":0.4,"name":"EF/hon/ef_graund_wave_main_s12_H/ef_graund_wave_main_00002"},{"time":0.4333,"name":"EF/hon/ef_graund_wave_main_s12_H/ef_graund_wave_main_00003"},{"time":0.4666,"name":"EF/hon/ef_graund_wave_main_s12_H/ef_graund_wave_main_00004"},{"time":0.5,"name":"EF/hon/ef_graund_wave_main_s12_H/ef_graund_wave_main_00005"},{"time":0.5333,"name":"EF/hon/ef_graund_wave_main_s12_H/ef_graund_wave_main_00006"},{"time":0.5666,"name":"EF/hon/ef_graund_wave_main_s12_H/ef_graund_wave_main_00007"},{"time":0.6,"name":"EF/hon/ef_graund_wave_main_s12_H/ef_graund_wave_main_00008"},{"time":0.6333,"name":"EF/hon/ef_graund_wave_main_s12_H/ef_graund_wave_main_00009"},{"time":0.6666,"name":"EF/hon/ef_graund_wave_main_s12_H/ef_graund_wave_main_00010"},{"time":0.7,"name":"EF/hon/ef_graund_wave_main_s12_H/ef_graund_wave_main_00011"},{"time":0.7333,"name":"EF/hon/ef_graund_wave_main_s12_H/ef_graund_wave_main_00012"},{"time":0.7666,"name":"EF/hon/ef_graund_wave_main_s12_H/ef_graund_wave_main_00002"},{"time":0.8,"name":"EF/hon/ef_graund_wave_main_s12_H/ef_graund_wave_main_00003"},{"time":0.8333,"name":"EF/hon/ef_graund_wave_main_s12_H/ef_graund_wave_main_00004"},{"time":0.8666,"name":"EF/hon/ef_graund_wave_main_s12_H/ef_graund_wave_main_00005"},{"time":0.9,"name":"EF/hon/ef_graund_wave_main_s12_H/ef_graund_wave_main_00006"},{"time":0.9333,"name":"EF/hon/ef_graund_wave_main_s12_H/ef_graund_wave_main_00007"},{"time":0.9666,"name":"EF/hon/ef_graund_wave_main_s12_H/ef_graund_wave_main_00008"},{"time":1,"name":"EF/hon/ef_graund_wave_main_s12_H/ef_graund_wave_main_00009"},{"time":1.0333,"name":"EF/hon/ef_graund_wave_main_s12_H/ef_graund_wave_main_00010"},{"time":1.0666,"name":"EF/hon/ef_graund_wave_main_s12_H/ef_graund_wave_main_00011"},{"time":1.1,"name":"EF/hon/ef_graund_wave_main_s12_H/ef_graund_wave_main_00012"},{"time":1.1333,"name":null},{"time":1.6666,"name":"EF/hon/ef_graund_wave_main_s12_H/ef_graund_wave_main_00001"},{"time":1.7,"name":"EF/hon/ef_graund_wave_main_s12_H/ef_graund_wave_main_00002"},{"time":1.7333,"name":"EF/hon/ef_graund_wave_main_s12_H/ef_graund_wave_main_00003"},{"time":1.7666,"name":"EF/hon/ef_graund_wave_main_s12_H/ef_graund_wave_main_00004"},{"time":1.8,"name":"EF/hon/ef_graund_wave_main_s12_H/ef_graund_wave_main_00005"},{"time":1.8333,"name":"EF/hon/ef_graund_wave_main_s12_H/ef_graund_wave_main_00006"},{"time":1.8666,"name":"EF/hon/ef_graund_wave_main_s12_H/ef_graund_wave_main_00007"},{"time":1.9,"name":"EF/hon/ef_graund_wave_main_s12_H/ef_graund_wave_main_00008"},{"time":1.9333,"name":"EF/hon/ef_graund_wave_main_s12_H/ef_graund_wave_main_00009"},{"time":1.9666,"name":"EF/hon/ef_graund_wave_main_s12_H/ef_graund_wave_main_00010"},{"time":2,"name":"EF/hon/ef_graund_wave_main_s12_H/ef_graund_wave_main_00011"},{"time":2.0333,"name":"EF/hon/ef_graund_wave_main_s12_H/ef_graund_wave_main_00012"},{"time":2.0666,"name":null},{"time":2.1666,"name":"EF/hon/ef_graund_wave_main_s12_H/ef_graund_wave_main_00001"},{"time":2.2,"name":"EF/hon/ef_graund_wave_main_s12_H/ef_graund_wave_main_00002"},{"time":2.2333,"name":"EF/hon/ef_graund_wave_main_s12_H/ef_graund_wave_main_00003"},{"time":2.2666,"name":"EF/hon/ef_graund_wave_main_s12_H/ef_graund_wave_main_00004"},{"time":2.3,"name":"EF/hon/ef_graund_wave_main_s12_H/ef_graund_wave_main_00005"},{"time":2.3333,"name":"EF/hon/ef_graund_wave_main_s12_H/ef_graund_wave_main_00006"},{"time":2.3666,"name":"EF/hon/ef_graund_wave_main_s12_H/ef_graund_wave_main_00007"},{"time":2.4,"name":"EF/hon/ef_graund_wave_main_s12_H/ef_graund_wave_main_00008"},{"time":2.4333,"name":"EF/hon/ef_graund_wave_main_s12_H/ef_graund_wave_main_00009"},{"time":2.4666,"name":"EF/hon/ef_graund_wave_main_s12_H/ef_graund_wave_main_00010"},{"time":2.5,"name":"EF/hon/ef_graund_wave_main_s12_H/ef_graund_wave_main_00011"},{"time":2.5333,"name":"EF/hon/ef_graund_wave_main_s12_H/ef_graund_wave_main_00012"},{"time":2.5666,"name":null}]},"EF/hon/ef_graund_wave_main_s12_H/ef_graund_wave_main_1":{"attachment":[{"time":2.3,"name":"EF/hon/ef_graund_wave_main_s12_H/ef_graund_wave_main_00001"},{"time":2.3333,"name":"EF/hon/ef_graund_wave_main_s12_H/ef_graund_wave_main_00002"},{"time":2.3666,"name":"EF/hon/ef_graund_wave_main_s12_H/ef_graund_wave_main_00003"},{"time":2.4,"name":"EF/hon/ef_graund_wave_main_s12_H/ef_graund_wave_main_00004"},{"time":2.4333,"name":"EF/hon/ef_graund_wave_main_s12_H/ef_graund_wave_main_00005"},{"time":2.4666,"name":"EF/hon/ef_graund_wave_main_s12_H/ef_graund_wave_main_00006"},{"time":2.5,"name":"EF/hon/ef_graund_wave_main_s12_H/ef_graund_wave_main_00007"},{"time":2.5333,"name":"EF/hon/ef_graund_wave_main_s12_H/ef_graund_wave_main_00008"},{"time":2.5666,"name":"EF/hon/ef_graund_wave_main_s12_H/ef_graund_wave_main_00009"},{"time":2.6,"name":"EF/hon/ef_graund_wave_main_s12_H/ef_graund_wave_main_00010"},{"time":2.6333,"name":"EF/hon/ef_graund_wave_main_s12_H/ef_graund_wave_main_00011"},{"time":2.6666,"name":"EF/hon/ef_graund_wave_main_s12_H/ef_graund_wave_main_00012"},{"time":2.7,"name":null}]},"EF/hon/ef_slash_A_main_s12_H/ef_slash_A_main_00001":{"attachment":[{"time":1.6333,"name":"EF/hon/ef_slash_A_main_s12_H/ef_slash_A_main_00001"},{"time":1.6666,"name":"EF/hon/ef_slash_A_main_s12_H/ef_slash_A_main_00002"},{"time":1.7,"name":"EF/hon/ef_slash_A_main_s12_H/ef_slash_A_main_00003"},{"time":1.7333,"name":"EF/hon/ef_slash_A_main_s12_H/ef_slash_A_main_00004"},{"time":1.7666,"name":"EF/hon/ef_slash_A_main_s12_H/ef_slash_A_main_00005"},{"time":1.8,"name":"EF/hon/ef_slash_A_main_s12_H/ef_slash_A_main_00006"},{"time":1.8333,"name":"EF/hon/ef_slash_A_main_s12_H/ef_slash_A_main_00007"},{"time":1.8666,"name":"EF/hon/ef_slash_A_main_s12_H/ef_slash_A_main_00008"},{"time":1.9,"name":null}]},"EF/hon/ef_slash_B_main_s2_H/ef_slash_B_main_00001":{"attachment":[{"time":1.8333,"name":"EF/hon/ef_slash_B_main_s2_H/ef_slash_B_main_00001"},{"time":1.8666,"name":"EF/hon/ef_slash_B_main_s2_H/ef_slash_B_main_00002"},{"time":1.9,"name":"EF/hon/ef_slash_B_main_s2_H/ef_slash_B_main_00003"},{"time":1.9333,"name":"EF/hon/ef_slash_B_main_s2_H/ef_slash_B_main_00004"},{"time":1.9666,"name":"EF/hon/ef_slash_B_main_s2_H/ef_slash_B_main_00005"},{"time":2,"name":"EF/hon/ef_slash_B_main_s2_H/ef_slash_B_main_00006"},{"time":2.0333,"name":"EF/hon/ef_slash_B_main_s2_H/ef_slash_B_main_00007"},{"time":2.0666,"name":"EF/hon/ef_slash_B_main_s2_H/ef_slash_B_main_00008"},{"time":2.1,"name":"EF/hon/ef_slash_B_main_s2_H/ef_slash_B_main_00009"},{"time":2.1333,"name":"EF/hon/ef_slash_B_main_s2_H/ef_slash_B_main_00010"},{"time":2.1666,"name":null}]},"EF/hon/ef_tuti_main_s2_H/ef_tuti_main_00001":{"attachment":[{"time":2.2,"name":"EF/hon/ef_tuti_main_s2_H/ef_tuti_main_00001"},{"time":2.2333,"name":"EF/hon/ef_tuti_main_s2_H/ef_tuti_main_00002"},{"time":2.2666,"name":"EF/hon/ef_tuti_main_s2_H/ef_tuti_main_00003"},{"time":2.3,"name":"EF/hon/ef_tuti_main_s2_H/ef_tuti_main_00004"},{"time":2.3333,"name":"EF/hon/ef_tuti_main_s2_H/ef_tuti_main_00005"},{"time":2.3666,"name":"EF/hon/ef_tuti_main_s2_H/ef_tuti_main_00006"},{"time":2.4,"name":"EF/hon/ef_tuti_main_s2_H/ef_tuti_main_00007"},{"time":2.4333,"name":"EF/hon/ef_tuti_main_s2_H/ef_tuti_main_00008"},{"time":2.4666,"name":"EF/hon/ef_tuti_main_s2_H/ef_tuti_main_00009"},{"time":2.5,"name":"EF/hon/ef_tuti_main_s2_H/ef_tuti_main_00010"},{"time":2.5333,"name":"EF/hon/ef_tuti_main_s2_H/ef_tuti_main_00011"},{"time":2.5666,"name":"EF/hon/ef_tuti_main_s2_H/ef_tuti_main_00012"},{"time":2.6,"name":"EF/hon/ef_tuti_main_s2_H/ef_tuti_main_00013"},{"time":2.6333,"name":"EF/hon/ef_tuti_main_s2_H/ef_tuti_main_00014"},{"time":2.6666,"name":"EF/hon/ef_tuti_main_s2_H/ef_tuti_main_00015"},{"time":2.7,"name":"EF/hon/ef_tuti_main_s2_H/ef_tuti_main_00016"},{"time":2.7333,"name":null}]},"EF/hon/ef_wave_A_main_s12_H/ef_wave_A_main_00001":{"attachment":[{"time":1.8333,"name":"EF/hon/ef_wave_A_main_s12_H/ef_wave_A_main_00001"},{"time":1.8666,"name":"EF/hon/ef_wave_A_main_s12_H/ef_wave_A_main_00002"},{"time":1.9,"name":"EF/hon/ef_wave_A_main_s12_H/ef_wave_A_main_00003"},{"time":1.9333,"name":"EF/hon/ef_wave_A_main_s12_H/ef_wave_A_main_00004"},{"time":1.9666,"name":"EF/hon/ef_wave_A_main_s12_H/ef_wave_A_main_00005"},{"time":2,"name":"EF/hon/ef_wave_A_main_s12_H/ef_wave_A_main_00006"},{"time":2.0333,"name":null}]},"MAIN":{"attachment":[{"time":0,"name":"skill2_00"},{"time":0.0666,"name":"skill2_01"},{"time":0.1333,"name":"skill2_00"},{"time":0.2,"name":"skill2_01"},{"time":0.2666,"name":"skill2_00"},{"time":0.3333,"name":"skill2_01"},{"time":0.4,"name":"skill2_00"},{"time":0.4666,"name":"skill2_01"},{"time":0.5333,"name":"skill2_00"},{"time":0.6,"name":"skill2_01"},{"time":0.6666,"name":"skill2_00"},{"time":0.7333,"name":"skill2_01"},{"time":0.8,"name":"skill2_00"},{"time":0.8666,"name":"skill2_01"},{"time":0.9333,"name":"skill2_00"},{"time":1,"name":"skill2_01"},{"time":1.0666,"name":"skill2_00"},{"time":1.1333,"name":"skill2_01"},{"time":1.2,"name":"skill2_00"},{"time":1.2666,"name":"skill2_01"},{"time":1.3333,"name":"skill2_00"},{"time":1.4333,"name":"skill2_02"},{"time":1.6333,"name":"skill2_03"},{"time":1.8333,"name":"skill2_04"},{"time":2.1666,"name":"skill2_05"},{"time":2.2333,"name":"skill2_06"},{"time":2.3,"name":"skill2_05"},{"time":2.3666,"name":"skill2_06"},{"time":2.4333,"name":"skill2_05"},{"time":2.5,"name":"skill2_06"},{"time":2.5666,"name":"skill2_05"},{"time":2.6333,"name":"skill2_06"},{"time":2.7,"name":"skill2_05"},{"time":2.7666,"name":"skill2_06"},{"time":2.8333,"name":"skill2_05"},{"time":2.9,"name":"skill2_06"},{"time":2.9666,"name":"skill2_05"},{"time":3.0333,"name":"skill2_06"},{"time":3.1,"name":"skill2_05"},{"time":3.1666,"name":"skill2_06"},{"time":3.2333,"name":"skill2_05"},{"time":3.3,"name":"skill2_06"},{"time":3.4,"name":"skill2_05"},{"time":3.5333,"name":"skill2_02"},{"time":3.8666,"name":"idle_03"},{"time":3.9666,"name":"idle_01"},{"time":4.3333,"name":"idle_00"}]}},"bones":{"MAIN":{"rotate":[{"time":2.1666,"angle":0},{"time":2.3333,"angle":4.44,"curve":[0.127,0.49,0.75,1]},{"time":3.2333,"angle":5.7}],"translate":[{"time":0,"x":0,"y":0,"curve":[0.117,0.46,0.75,1]},{"time":0.4,"x":0,"y":10,"curve":"stepped"},{"time":1.4333,"x":8.39,"y":6.95,"curve":[0.1,0.45,0.75,1]},{"time":1.6,"x":23.2,"y":3.3,"curve":"stepped"},{"time":1.6333,"x":34.26,"y":9.45,"curve":[0.25,0,0.75,1]},{"time":1.7333,"x":22.88,"y":78.88},{"time":1.8333,"x":-25.17,"y":189.73,"curve":[0.122,0.34,0.75,1]},{"time":2.1,"x":-34.17,"y":201.21,"curve":[0.907,0,0.75,1]},{"time":2.1666,"x":-34.17,"y":113.03,"curve":[0.119,0.42,0.75,1]},{"time":2.3,"x":-59.37,"y":86.36,"curve":[0.055,0.57,0.612,1]},{"time":3,"x":-64.67,"y":82.62,"curve":"stepped"},{"time":3.6,"x":-64.67,"y":82.62},{"time":3.7333,"x":-24.63,"y":63.4},{"time":3.8666,"x":0,"y":0,"curve":[0.177,0.32,0.534,0.66]},{"time":3.9666,"x":0,"y":-4.62,"curve":[0.138,0.3,0.75,1]},{"time":4.3,"x":0,"y":0}]},"ef_graund_wave_main":{"translate":[{"time":0,"x":0,"y":46.96,"curve":"stepped"},{"time":2.1666,"x":-264.27,"y":50.75}],"scale":[{"time":0,"x":3.5,"y":3.5},{"time":0.1,"x":5,"y":5,"curve":"stepped"},{"time":1.6666,"x":4,"y":4,"curve":"stepped"},{"time":2.1666,"x":5,"y":5}]},"ef_graund_aura_render":{"scale":[{"time":0,"x":4,"y":4},{"time":0.4,"x":4.5,"y":4.5,"curve":"stepped"},{"time":0.4333,"x":4,"y":4},{"time":0.8333,"x":4.5,"y":4.5,"curve":"stepped"},{"time":0.8666,"x":4,"y":4},{"time":1.2666,"x":4.5,"y":4.5}]},"ef_slash_A":{"translate":[{"time":1.6333,"x":15.81,"y":123.31}],"scale":[{"time":1.6333,"x":-2.5,"y":2.5}]},"ef_dash_main":{"translate":[{"time":1.6666,"x":-64.29,"y":0}],"scale":[{"time":1.6666,"x":-4,"y":4}]},"ef_slash_B":{"rotate":[{"time":1.8333,"angle":-5.99}],"translate":[{"time":1.8333,"x":-14.62,"y":215.71}],"scale":[{"time":1.8333,"x":3,"y":3}]},"ef_wave_A_main":{"translate":[{"time":1.8333,"x":202.15,"y":422.53}],"scale":[{"time":1.8333,"x":4.296,"y":4.296}]},"ef_OF_main":{"translate":[{"time":1.8333,"x":202.15,"y":422.53}],"scale":[{"time":1.8333,"x":2.577,"y":2.577},{"time":2.0333,"x":0.056,"y":0.056}]},"ef_slash_C":{"translate":[{"time":2.1666,"x":-90.42,"y":283.58}],"scale":[{"time":2.1666,"x":4,"y":4}]},"ef_tuti_main":{"translate":[{"time":2.2,"x":-265.86,"y":25.57}],"scale":[{"time":2.2,"x":5,"y":5}]},"ef_graund_wave_main2":{"translate":[{"time":2.3,"x":-264.27,"y":50.75}],"scale":[{"time":2.3,"x":5,"y":5}]},"DAMAGEAREA":{"translate":[{"time":1.6666,"x":2.49,"y":97.14,"curve":"stepped"},{"time":1.8666,"x":62.72,"y":254.06,"curve":"stepped"},{"time":2.1666,"x":-146.95,"y":254.06},{"time":2.4333,"x":-288.93,"y":254.06}],"scale":[{"time":1.6666,"x":4.835,"y":1.996,"curve":"stepped"},{"time":1.8666,"x":4.026,"y":4.184,"curve":"stepped"},{"time":2.1666,"x":6.753,"y":4.184}]}},"events":[{"time":0,"name":"Event","float":0.1,"string":"kHitStopType_normal"},{"time":0,"name":"Sound1","string":"cri_se_battle_arrow_light_effect"},{"time":0,"name":"Sound2","string":"cri_se_battle_033_explosion_element_01"},{"time":0.0333,"name":"Event2","string":"shakeGround"},{"time":0.1,"name":"Voice","string":"cri_190_voice_fullarts_now"},{"time":0.4,"name":"Sound1","string":"cri_se_battle_arrow_light_effect"},{"time":0.8333,"name":"Sound1","string":"cri_se_battle_arrow_light_effect"},{"time":1.6,"name":"Event2","string":"setHitBackEnemy(-40,0)"},{"time":1.6333,"name":"Sound1","string":"cri_se_battle_skill_swish"},{"time":1.6333,"name":"Sound2","string":"cri_se_battle_arrow_light_effect"},{"time":1.6333,"name":"Sound3","string":"setHitSound(se_battle_007_attack_hit_01)"},{"time":1.6333,"name":"Voice","string":"cri_190_voice_fullarts_c_rank5"},{"time":1.6666,"name":"Event2","string":"shakeGround"},{"time":1.7333,"name":"Event","float":0.02,"string":"kHitStopType_normal"},{"time":1.7333,"name":"Hit","string":"resetHitList"},{"time":1.8,"name":"Hit","string":"resetHitList"},{"time":1.8333,"name":"Event","string":"kImpactType_knock_up"},{"time":1.8333,"name":"Event2","string":"setHitBackEnemy(0,0)"},{"time":1.8666,"name":"Event","float":0.2,"string":"kHitStopType_normal"},{"time":1.8666,"name":"Event2","string":"shakeGround"},{"time":1.8666,"name":"Hit","string":"resetHitList"},{"time":2.1333,"name":"Event","float":0.3,"string":"kHitStopType_normal"},{"time":2.1333,"name":"Sound1","string":"cri_se_battle_skill_swish"},{"time":2.1333,"name":"Sound2","string":"cri_se_battle_darkness_explosion"},{"time":2.1666,"name":"Event2","float":4,"string":"shakeGround"},{"time":2.1666,"name":"Hit","float":40,"string":"resetHitList"},{"time":2.2333,"name":"Event","float":0.1,"string":"kHitStopType_enemyonly"},{"time":2.2333,"name":"Hit","float":10,"string":"resetHitList"},{"time":2.3,"name":"Hit","float":12,"string":"resetHitList"},{"time":2.3666,"name":"Hit","float":12,"string":"resetHitList"},{"time":2.4333,"name":"Hit","float":9,"string":"resetHitList"},{"time":2.5,"name":"Hit","float":14,"string":"resetHitList"}]},"skill3":{"slots":{"DAMAGEAREA":{"attachment":[{"time":1.9,"name":"DAMAGEAREA"},{"time":2.1666,"name":null},{"time":2.5,"name":"DAMAGEAREA"},{"time":5.0666,"name":null}]},"EF/ef/ef_slash_C_main_s2_EF/ef_slash_C_main_00001":{"attachment":[{"time":1.8666,"name":"EF/ef/ef_slash_C_main_s2_EF/ef_slash_C_main_00001"},{"time":1.9,"name":"EF/ef/ef_slash_C_main_s2_EF/ef_slash_C_main_00002"},{"time":1.9333,"name":"EF/ef/ef_slash_C_main_s2_EF/ef_slash_C_main_00003"},{"time":1.9666,"name":"EF/ef/ef_slash_C_main_s2_EF/ef_slash_C_main_00004"},{"time":2,"name":"EF/ef/ef_slash_C_main_s2_EF/ef_slash_C_main_00005"},{"time":2.0333,"name":"EF/ef/ef_slash_C_main_s2_EF/ef_slash_C_main_00006"},{"time":2.0666,"name":"EF/ef/ef_slash_C_main_s2_EF/ef_slash_C_main_00007"},{"time":2.1,"name":"EF/ef/ef_slash_C_main_s2_EF/ef_slash_C_main_00008"},{"time":2.1333,"name":null},{"time":2.4333,"name":"EF/ef/ef_slash_C_main_s2_EF/ef_slash_C_main_00001"},{"time":2.4666,"name":"EF/ef/ef_slash_C_main_s2_EF/ef_slash_C_main_00002"},{"time":2.5,"name":"EF/ef/ef_slash_C_main_s2_EF/ef_slash_C_main_00003"},{"time":2.5333,"name":"EF/ef/ef_slash_C_main_s2_EF/ef_slash_C_main_00004"},{"time":2.5666,"name":"EF/ef/ef_slash_C_main_s2_EF/ef_slash_C_main_00005"},{"time":2.6,"name":"EF/ef/ef_slash_C_main_s2_EF/ef_slash_C_main_00006"},{"time":2.6333,"name":"EF/ef/ef_slash_C_main_s2_EF/ef_slash_C_main_00007"},{"time":2.6666,"name":"EF/ef/ef_slash_C_main_s2_EF/ef_slash_C_main_00008"},{"time":2.7,"name":null}],"color":[{"time":2,"color":"ffffffff"},{"time":2.1,"color":"ffffff00","curve":"stepped"},{"time":2.4333,"color":"ffffffff","curve":"stepped"},{"time":2.6,"color":"ffffffff"},{"time":2.7,"color":"ffffff00"}]},"EF/hon/ef_OF_main_s12_H/ef_OF_main_00001":{"attachment":[{"time":0.8666,"name":"EF/hon/ef_OF_main_s12_H/ef_OF_main_00001"},{"time":1.9,"name":"EF/hon/ef_OF_main_s12_H/ef_OF_main_00001"},{"time":2.5,"name":"EF/hon/ef_OF_main_s12_H/ef_OF_main_00001"},{"time":4.3,"name":"EF/hon/ef_OF_main_s12_H/ef_OF_main_00001"},{"time":4.7,"name":"EF/hon/ef_OF_main_s12_H/ef_OF_main_00001"}],"color":[{"time":0.9666,"color":"ffffffff"},{"time":1.0666,"color":"ffffff00","curve":"stepped"},{"time":1.9,"color":"ffffffff","curve":"stepped"},{"time":1.9666,"color":"ffffffff"},{"time":2.0666,"color":"ffffff00","curve":"stepped"},{"time":2.5,"color":"ffffffff","curve":"stepped"},{"time":2.6,"color":"ffffffff"},{"time":2.7,"color":"ffffff00","curve":"stepped"},{"time":4.3,"color":"ffffffff","curve":"stepped"},{"time":4.4,"color":"ffffffff"},{"time":4.5,"color":"ffffff00","curve":"stepped"},{"time":4.7,"color":"ffffffff","curve":"stepped"},{"time":4.8,"color":"ffffffff"},{"time":4.9,"color":"ffffff00"}]},"EF/hon/ef_OF_main_s12_H/ef_OF_main_1":{"attachment":[{"time":0.9666,"name":"EF/hon/ef_OF_main_s12_H/ef_OF_main_00001"},{"time":1.9,"name":"EF/hon/ef_OF_main_s12_H/ef_OF_main_00001"},{"time":2.8333,"name":"EF/hon/ef_OF_main_s12_H/ef_OF_main_00001"},{"time":3.2333,"name":"EF/hon/ef_OF_main_s12_H/ef_OF_main_00001"},{"time":3.6333,"name":"EF/hon/ef_OF_main_s12_H/ef_OF_main_00001"},{"time":4.0333,"name":"EF/hon/ef_OF_main_s12_H/ef_OF_main_00001"},{"time":4.4333,"name":"EF/hon/ef_OF_main_s12_H/ef_OF_main_00001"}],"color":[{"time":1.0666,"color":"ffffffff"},{"time":1.1666,"color":"ffffff00","curve":"stepped"},{"time":1.9,"color":"ffffffff","curve":"stepped"},{"time":2,"color":"ffffffff"},{"time":2.1,"color":"ffffff00","curve":"stepped"},{"time":2.8333,"color":"ffffffff","curve":"stepped"},{"time":2.9333,"color":"ffffffff"},{"time":3.0333,"color":"ffffff00","curve":"stepped"},{"time":3.2333,"color":"ffffffff","curve":"stepped"},{"time":3.3333,"color":"ffffffff"},{"time":3.4333,"color":"ffffff00","curve":"stepped"},{"time":3.6333,"color":"ffffffff","curve":"stepped"},{"time":3.7333,"color":"ffffffff"},{"time":3.8333,"color":"ffffff00","curve":"stepped"},{"time":4.0333,"color":"ffffffff","curve":"stepped"},{"time":4.1333,"color":"ffffffff"},{"time":4.2333,"color":"ffffff00","curve":"stepped"},{"time":4.4333,"color":"ffffffff","curve":"stepped"},{"time":4.5333,"color":"ffffffff"},{"time":4.6333,"color":"ffffff00"}]},"EF/hon/ef_OF_main_s12_H/ef_OF_main_2":{"attachment":[{"time":1.0666,"name":"EF/hon/ef_OF_main_s12_H/ef_OF_main_00001"},{"time":1.8666,"name":"EF/hon/ef_OF_main_s12_H/ef_OF_main_00001"},{"time":2.6333,"name":"EF/hon/ef_OF_main_s12_H/ef_OF_main_00001"},{"time":3.0333,"name":"EF/hon/ef_OF_main_s12_H/ef_OF_main_00001"},{"time":3.4333,"name":"EF/hon/ef_OF_main_s12_H/ef_OF_main_00001"},{"time":3.8333,"name":"EF/hon/ef_OF_main_s12_H/ef_OF_main_00001"},{"time":4.2333,"name":"EF/hon/ef_OF_main_s12_H/ef_OF_main_00001"}],"color":[{"time":1.1666,"color":"ffffffff"},{"time":1.2666,"color":"ffffff00","curve":"stepped"},{"time":1.8666,"color":"ffffffff","curve":"stepped"},{"time":1.9666,"color":"ffffffff"},{"time":2.0666,"color":"ffffff00","curve":"stepped"},{"time":2.6333,"color":"ffffffff","curve":"stepped"},{"time":2.7333,"color":"ffffffff"},{"time":2.8333,"color":"ffffff00","curve":"stepped"},{"time":3.0333,"color":"ffffffff","curve":"stepped"},{"time":3.1333,"color":"ffffffff"},{"time":3.2333,"color":"ffffff00","curve":"stepped"},{"time":3.4333,"color":"ffffffff","curve":"stepped"},{"time":3.5333,"color":"ffffffff"},{"time":3.6333,"color":"ffffff00","curve":"stepped"},{"time":3.8333,"color":"ffffffff","curve":"stepped"},{"time":3.9333,"color":"ffffffff"},{"time":4.0333,"color":"ffffff00","curve":"stepped"},{"time":4.2333,"color":"ffffffff","curve":"stepped"},{"time":4.3333,"color":"ffffffff"},{"time":4.4333,"color":"ffffff00"}]},"EF/hon/ef_OF_main_s12_H/ef_OF_main_3":{"attachment":[{"time":1.8666,"name":"EF/hon/ef_OF_main_s12_H/ef_OF_main_00001"},{"time":2.4666,"name":"EF/hon/ef_OF_main_s12_H/ef_OF_main_00001"}],"color":[{"time":1.8666,"color":"ffffffff","curve":"stepped"},{"time":1.9666,"color":"ffffffff"},{"time":2.0666,"color":"ffffff00","curve":"stepped"},{"time":2.4666,"color":"ffffffff","curve":"stepped"},{"time":2.5666,"color":"ffffffff"},{"time":2.6666,"color":"ffffff00"}]},"EF/hon/ef_dash_main_s12_H/ef_dash_main_00001":{"attachment":[{"time":1.4666,"name":"EF/hon/ef_dash_main_s12_H/ef_dash_main_00001"},{"time":1.5,"name":"EF/hon/ef_dash_main_s12_H/ef_dash_main_00002"},{"time":1.5333,"name":"EF/hon/ef_dash_main_s12_H/ef_dash_main_00003"},{"time":1.5666,"name":"EF/hon/ef_dash_main_s12_H/ef_dash_main_00004"},{"time":1.6,"name":"EF/hon/ef_dash_main_s12_H/ef_dash_main_00005"},{"time":1.6333,"name":"EF/hon/ef_dash_main_s12_H/ef_dash_main_00006"},{"time":1.6666,"name":"EF/hon/ef_dash_main_s12_H/ef_dash_main_00007"},{"time":1.7,"name":"EF/hon/ef_dash_main_s12_H/ef_dash_main_00008"},{"time":1.7333,"name":"EF/hon/ef_dash_main_s12_H/ef_dash_main_00009"},{"time":1.7666,"name":"EF/hon/ef_dash_main_s12_H/ef_dash_main_00010"},{"time":1.8,"name":"EF/hon/ef_dash_main_s12_H/ef_dash_main_00011"},{"time":1.8333,"name":"EF/hon/ef_dash_main_s12_H/ef_dash_main_00012"},{"time":1.8666,"name":"EF/hon/ef_dash_main_s12_H/ef_dash_main_00013"},{"time":1.9,"name":null},{"time":2.4666,"name":"EF/hon/ef_dash_main_s12_H/ef_dash_main_00001"},{"time":2.5,"name":"EF/hon/ef_dash_main_s12_H/ef_dash_main_00002"},{"time":2.5333,"name":"EF/hon/ef_dash_main_s12_H/ef_dash_main_00003"},{"time":2.5666,"name":"EF/hon/ef_dash_main_s12_H/ef_dash_main_00004"},{"time":2.6,"name":"EF/hon/ef_dash_main_s12_H/ef_dash_main_00005"},{"time":2.6333,"name":"EF/hon/ef_dash_main_s12_H/ef_dash_main_00006"},{"time":2.6666,"name":"EF/hon/ef_dash_main_s12_H/ef_dash_main_00007"},{"time":2.7,"name":"EF/hon/ef_dash_main_s12_H/ef_dash_main_00008"},{"time":2.7333,"name":"EF/hon/ef_dash_main_s12_H/ef_dash_main_00009"},{"time":2.7666,"name":"EF/hon/ef_dash_main_s12_H/ef_dash_main_00010"},{"time":2.8,"name":"EF/hon/ef_dash_main_s12_H/ef_dash_main_00011"},{"time":2.8333,"name":"EF/hon/ef_dash_main_s12_H/ef_dash_main_00012"},{"time":2.8666,"name":"EF/hon/ef_dash_main_s12_H/ef_dash_main_00013"},{"time":2.9,"name":null}]},"EF/hon/ef_graund_aura_render_s2_H/ef_graund_aura_render_00002":{"attachment":[{"time":0.0333,"name":"EF/hon/ef_graund_aura_render_s2_H/ef_graund_aura_render_00002"},{"time":0.1,"name":"EF/hon/ef_graund_aura_render_s2_H/ef_graund_aura_render_00003"},{"time":0.1666,"name":"EF/hon/ef_graund_aura_render_s2_H/ef_graund_aura_render_00004"},{"time":0.2,"name":"EF/hon/ef_graund_aura_render_s2_H/ef_graund_aura_render_00005"},{"time":0.2666,"name":"EF/hon/ef_graund_aura_render_s2_H/ef_graund_aura_render_00006"},{"time":0.3,"name":"EF/hon/ef_graund_aura_render_s2_H/ef_graund_aura_render_00007"},{"time":0.3666,"name":"EF/hon/ef_graund_aura_render_s2_H/ef_graund_aura_render_00008"},{"time":0.4,"name":"EF/hon/ef_graund_aura_render_s2_H/ef_graund_aura_render_00009"},{"time":0.4666,"name":"EF/hon/ef_graund_aura_render_s2_H/ef_graund_aura_render_00010"},{"time":0.5333,"name":"EF/hon/ef_graund_aura_render_s2_H/ef_graund_aura_render_00011"},{"time":0.6333,"name":null}],"color":[{"time":0.4666,"color":"ffffffff"},{"time":0.6333,"color":"ffffff00"}]},"EF/hon/ef_graund_wave_main_s12_H/ef_graund_wave_main_00001":{"attachment":[{"time":0.0333,"name":"EF/hon/ef_graund_wave_main_s12_H/ef_graund_wave_main_00001"},{"time":0.0666,"name":"EF/hon/ef_graund_wave_main_s12_H/ef_graund_wave_main_00002"},{"time":0.1,"name":"EF/hon/ef_graund_wave_main_s12_H/ef_graund_wave_main_00003"},{"time":0.1333,"name":"EF/hon/ef_graund_wave_main_s12_H/ef_graund_wave_main_00004"},{"time":0.1666,"name":"EF/hon/ef_graund_wave_main_s12_H/ef_graund_wave_main_00005"},{"time":0.2,"name":"EF/hon/ef_graund_wave_main_s12_H/ef_graund_wave_main_00006"},{"time":0.2333,"name":"EF/hon/ef_graund_wave_main_s12_H/ef_graund_wave_main_00007"},{"time":0.2666,"name":"EF/hon/ef_graund_wave_main_s12_H/ef_graund_wave_main_00008"},{"time":0.3,"name":"EF/hon/ef_graund_wave_main_s12_H/ef_graund_wave_main_00009"},{"time":0.3333,"name":"EF/hon/ef_graund_wave_main_s12_H/ef_graund_wave_main_00010"},{"time":0.3666,"name":"EF/hon/ef_graund_wave_main_s12_H/ef_graund_wave_main_00011"},{"time":0.4,"name":"EF/hon/ef_graund_wave_main_s12_H/ef_graund_wave_main_00012"},{"time":0.4333,"name":null},{"time":0.8666,"name":"EF/hon/ef_graund_wave_main_s12_H/ef_graund_wave_main_00001"},{"time":0.9,"name":"EF/hon/ef_graund_wave_main_s12_H/ef_graund_wave_main_00002"},{"time":0.9333,"name":"EF/hon/ef_graund_wave_main_s12_H/ef_graund_wave_main_00003"},{"time":0.9666,"name":"EF/hon/ef_graund_wave_main_s12_H/ef_graund_wave_main_00004"},{"time":1,"name":"EF/hon/ef_graund_wave_main_s12_H/ef_graund_wave_main_00005"},{"time":1.0333,"name":"EF/hon/ef_graund_wave_main_s12_H/ef_graund_wave_main_00006"},{"time":1.0666,"name":"EF/hon/ef_graund_wave_main_s12_H/ef_graund_wave_main_00007"},{"time":1.1,"name":"EF/hon/ef_graund_wave_main_s12_H/ef_graund_wave_main_00008"},{"time":1.1333,"name":"EF/hon/ef_graund_wave_main_s12_H/ef_graund_wave_main_00009"},{"time":1.1666,"name":"EF/hon/ef_graund_wave_main_s12_H/ef_graund_wave_main_00010"},{"time":1.2,"name":"EF/hon/ef_graund_wave_main_s12_H/ef_graund_wave_main_00011"},{"time":1.2333,"name":"EF/hon/ef_graund_wave_main_s12_H/ef_graund_wave_main_00012"},{"time":1.2666,"name":null},{"time":1.4666,"name":"EF/hon/ef_graund_wave_main_s12_H/ef_graund_wave_main_00001"},{"time":1.5,"name":"EF/hon/ef_graund_wave_main_s12_H/ef_graund_wave_main_00002"},{"time":1.5333,"name":"EF/hon/ef_graund_wave_main_s12_H/ef_graund_wave_main_00003"},{"time":1.5666,"name":"EF/hon/ef_graund_wave_main_s12_H/ef_graund_wave_main_00004"},{"time":1.6,"name":"EF/hon/ef_graund_wave_main_s12_H/ef_graund_wave_main_00005"},{"time":1.6333,"name":"EF/hon/ef_graund_wave_main_s12_H/ef_graund_wave_main_00006"},{"time":1.6666,"name":"EF/hon/ef_graund_wave_main_s12_H/ef_graund_wave_main_00007"},{"time":1.7,"name":"EF/hon/ef_graund_wave_main_s12_H/ef_graund_wave_main_00008"},{"time":1.7333,"name":"EF/hon/ef_graund_wave_main_s12_H/ef_graund_wave_main_00009"},{"time":1.7666,"name":"EF/hon/ef_graund_wave_main_s12_H/ef_graund_wave_main_00010"},{"time":1.8,"name":"EF/hon/ef_graund_wave_main_s12_H/ef_graund_wave_main_00011"},{"time":1.8333,"name":"EF/hon/ef_graund_wave_main_s12_H/ef_graund_wave_main_00012"},{"time":1.8666,"name":null},{"time":2.4333,"name":"EF/hon/ef_graund_wave_main_s12_H/ef_graund_wave_main_00001"},{"time":2.4666,"name":"EF/hon/ef_graund_wave_main_s12_H/ef_graund_wave_main_00002"},{"time":2.5,"name":"EF/hon/ef_graund_wave_main_s12_H/ef_graund_wave_main_00003"},{"time":2.5333,"name":"EF/hon/ef_graund_wave_main_s12_H/ef_graund_wave_main_00004"},{"time":2.5666,"name":"EF/hon/ef_graund_wave_main_s12_H/ef_graund_wave_main_00005"},{"time":2.6,"name":"EF/hon/ef_graund_wave_main_s12_H/ef_graund_wave_main_00006"},{"time":2.6333,"name":"EF/hon/ef_graund_wave_main_s12_H/ef_graund_wave_main_00007"},{"time":2.6666,"name":"EF/hon/ef_graund_wave_main_s12_H/ef_graund_wave_main_00008"},{"time":2.7,"name":"EF/hon/ef_graund_wave_main_s12_H/ef_graund_wave_main_00009"},{"time":2.7333,"name":"EF/hon/ef_graund_wave_main_s12_H/ef_graund_wave_main_00010"},{"time":2.7666,"name":"EF/hon/ef_graund_wave_main_s12_H/ef_graund_wave_main_00011"},{"time":2.8,"name":"EF/hon/ef_graund_wave_main_s12_H/ef_graund_wave_main_00012"},{"time":2.8333,"name":null},{"time":4.7,"name":"EF/hon/ef_graund_wave_main_s12_H/ef_graund_wave_main_00001"},{"time":4.7333,"name":"EF/hon/ef_graund_wave_main_s12_H/ef_graund_wave_main_00002"},{"time":4.7666,"name":"EF/hon/ef_graund_wave_main_s12_H/ef_graund_wave_main_00003"},{"time":4.8,"name":"EF/hon/ef_graund_wave_main_s12_H/ef_graund_wave_main_00004"},{"time":4.8333,"name":"EF/hon/ef_graund_wave_main_s12_H/ef_graund_wave_main_00005"},{"time":4.8666,"name":"EF/hon/ef_graund_wave_main_s12_H/ef_graund_wave_main_00006"},{"time":4.9,"name":"EF/hon/ef_graund_wave_main_s12_H/ef_graund_wave_main_00007"},{"time":4.9333,"name":"EF/hon/ef_graund_wave_main_s12_H/ef_graund_wave_main_00008"},{"time":4.9666,"name":"EF/hon/ef_graund_wave_main_s12_H/ef_graund_wave_main_00009"},{"time":5,"name":"EF/hon/ef_graund_wave_main_s12_H/ef_graund_wave_main_00010"},{"time":5.0333,"name":"EF/hon/ef_graund_wave_main_s12_H/ef_graund_wave_main_00011"},{"time":5.0666,"name":"EF/hon/ef_graund_wave_main_s12_H/ef_graund_wave_main_00012"},{"time":5.1,"name":null}]},"EF/hon/ef_graund_wave_main_s12_H/ef_graund_wave_main_1":{"attachment":[{"time":0.1333,"name":"EF/hon/ef_graund_wave_main_s12_H/ef_graund_wave_main_00001"},{"time":0.1666,"name":"EF/hon/ef_graund_wave_main_s12_H/ef_graund_wave_main_00002"},{"time":0.2,"name":"EF/hon/ef_graund_wave_main_s12_H/ef_graund_wave_main_00003"},{"time":0.2333,"name":"EF/hon/ef_graund_wave_main_s12_H/ef_graund_wave_main_00004"},{"time":0.2666,"name":"EF/hon/ef_graund_wave_main_s12_H/ef_graund_wave_main_00005"},{"time":0.3,"name":"EF/hon/ef_graund_wave_main_s12_H/ef_graund_wave_main_00006"},{"time":0.3333,"name":"EF/hon/ef_graund_wave_main_s12_H/ef_graund_wave_main_00007"},{"time":0.3666,"name":"EF/hon/ef_graund_wave_main_s12_H/ef_graund_wave_main_00008"},{"time":0.4,"name":"EF/hon/ef_graund_wave_main_s12_H/ef_graund_wave_main_00009"},{"time":0.4333,"name":"EF/hon/ef_graund_wave_main_s12_H/ef_graund_wave_main_00010"},{"time":0.4666,"name":"EF/hon/ef_graund_wave_main_s12_H/ef_graund_wave_main_00011"},{"time":0.5,"name":"EF/hon/ef_graund_wave_main_s12_H/ef_graund_wave_main_00012"},{"time":0.5333,"name":null},{"time":1.9,"name":"EF/hon/ef_graund_wave_main_s12_H/ef_graund_wave_main_00001"},{"time":1.9333,"name":"EF/hon/ef_graund_wave_main_s12_H/ef_graund_wave_main_00002"},{"time":1.9666,"name":"EF/hon/ef_graund_wave_main_s12_H/ef_graund_wave_main_00003"},{"time":2,"name":"EF/hon/ef_graund_wave_main_s12_H/ef_graund_wave_main_00004"},{"time":2.0333,"name":"EF/hon/ef_graund_wave_main_s12_H/ef_graund_wave_main_00005"},{"time":2.0666,"name":"EF/hon/ef_graund_wave_main_s12_H/ef_graund_wave_main_00006"},{"time":2.1,"name":"EF/hon/ef_graund_wave_main_s12_H/ef_graund_wave_main_00007"},{"time":2.1333,"name":"EF/hon/ef_graund_wave_main_s12_H/ef_graund_wave_main_00008"},{"time":2.1666,"name":"EF/hon/ef_graund_wave_main_s12_H/ef_graund_wave_main_00009"},{"time":2.2,"name":"EF/hon/ef_graund_wave_main_s12_H/ef_graund_wave_main_00010"},{"time":2.2333,"name":"EF/hon/ef_graund_wave_main_s12_H/ef_graund_wave_main_00011"},{"time":2.2666,"name":"EF/hon/ef_graund_wave_main_s12_H/ef_graund_wave_main_00012"},{"time":2.3,"name":null},{"time":2.5666,"name":"EF/hon/ef_graund_wave_main_s12_H/ef_graund_wave_main_00001"},{"time":2.6,"name":"EF/hon/ef_graund_wave_main_s12_H/ef_graund_wave_main_00002"},{"time":2.6333,"name":"EF/hon/ef_graund_wave_main_s12_H/ef_graund_wave_main_00003"},{"time":2.6666,"name":"EF/hon/ef_graund_wave_main_s12_H/ef_graund_wave_main_00004"},{"time":2.7,"name":"EF/hon/ef_graund_wave_main_s12_H/ef_graund_wave_main_00005"},{"time":2.7333,"name":"EF/hon/ef_graund_wave_main_s12_H/ef_graund_wave_main_00006"},{"time":2.7666,"name":"EF/hon/ef_graund_wave_main_s12_H/ef_graund_wave_main_00007"},{"time":2.8,"name":"EF/hon/ef_graund_wave_main_s12_H/ef_graund_wave_main_00008"},{"time":2.8333,"name":"EF/hon/ef_graund_wave_main_s12_H/ef_graund_wave_main_00009"},{"time":2.8666,"name":"EF/hon/ef_graund_wave_main_s12_H/ef_graund_wave_main_00010"},{"time":2.9,"name":"EF/hon/ef_graund_wave_main_s12_H/ef_graund_wave_main_00011"},{"time":2.9333,"name":"EF/hon/ef_graund_wave_main_s12_H/ef_graund_wave_main_00012"},{"time":2.9666,"name":null},{"time":4.8,"name":"EF/hon/ef_graund_wave_main_s12_H/ef_graund_wave_main_00001"},{"time":4.8333,"name":"EF/hon/ef_graund_wave_main_s12_H/ef_graund_wave_main_00002"},{"time":4.8666,"name":"EF/hon/ef_graund_wave_main_s12_H/ef_graund_wave_main_00003"},{"time":4.9,"name":"EF/hon/ef_graund_wave_main_s12_H/ef_graund_wave_main_00004"},{"time":4.9333,"name":"EF/hon/ef_graund_wave_main_s12_H/ef_graund_wave_main_00005"},{"time":4.9666,"name":"EF/hon/ef_graund_wave_main_s12_H/ef_graund_wave_main_00006"},{"time":5,"name":"EF/hon/ef_graund_wave_main_s12_H/ef_graund_wave_main_00007"},{"time":5.0333,"name":"EF/hon/ef_graund_wave_main_s12_H/ef_graund_wave_main_00008"},{"time":5.0666,"name":"EF/hon/ef_graund_wave_main_s12_H/ef_graund_wave_main_00009"},{"time":5.1,"name":"EF/hon/ef_graund_wave_main_s12_H/ef_graund_wave_main_00010"},{"time":5.1333,"name":"EF/hon/ef_graund_wave_main_s12_H/ef_graund_wave_main_00011"},{"time":5.1666,"name":"EF/hon/ef_graund_wave_main_s12_H/ef_graund_wave_main_00012"},{"time":5.2,"name":null}]},"EF/hon/ef_graund_wave_main_s12_H/ef_graund_wave_main_2":{"attachment":[{"time":0.2333,"name":"EF/hon/ef_graund_wave_main_s12_H/ef_graund_wave_main_00001"},{"time":0.2666,"name":"EF/hon/ef_graund_wave_main_s12_H/ef_graund_wave_main_00002"},{"time":0.3,"name":"EF/hon/ef_graund_wave_main_s12_H/ef_graund_wave_main_00003"},{"time":0.3333,"name":"EF/hon/ef_graund_wave_main_s12_H/ef_graund_wave_main_00004"},{"time":0.3666,"name":"EF/hon/ef_graund_wave_main_s12_H/ef_graund_wave_main_00005"},{"time":0.4,"name":"EF/hon/ef_graund_wave_main_s12_H/ef_graund_wave_main_00006"},{"time":0.4333,"name":"EF/hon/ef_graund_wave_main_s12_H/ef_graund_wave_main_00007"},{"time":0.4666,"name":"EF/hon/ef_graund_wave_main_s12_H/ef_graund_wave_main_00008"},{"time":0.5,"name":"EF/hon/ef_graund_wave_main_s12_H/ef_graund_wave_main_00009"},{"time":0.5333,"name":"EF/hon/ef_graund_wave_main_s12_H/ef_graund_wave_main_00010"},{"time":0.5666,"name":"EF/hon/ef_graund_wave_main_s12_H/ef_graund_wave_main_00011"},{"time":0.6,"name":"EF/hon/ef_graund_wave_main_s12_H/ef_graund_wave_main_00012"},{"time":0.6333,"name":null},{"time":1.9666,"name":"EF/hon/ef_graund_wave_main_s12_H/ef_graund_wave_main_00001"},{"time":2,"name":"EF/hon/ef_graund_wave_main_s12_H/ef_graund_wave_main_00002"},{"time":2.0333,"name":"EF/hon/ef_graund_wave_main_s12_H/ef_graund_wave_main_00003"},{"time":2.0666,"name":"EF/hon/ef_graund_wave_main_s12_H/ef_graund_wave_main_00004"},{"time":2.1,"name":"EF/hon/ef_graund_wave_main_s12_H/ef_graund_wave_main_00005"},{"time":2.1333,"name":"EF/hon/ef_graund_wave_main_s12_H/ef_graund_wave_main_00006"},{"time":2.1666,"name":"EF/hon/ef_graund_wave_main_s12_H/ef_graund_wave_main_00007"},{"time":2.2,"name":"EF/hon/ef_graund_wave_main_s12_H/ef_graund_wave_main_00008"},{"time":2.2333,"name":"EF/hon/ef_graund_wave_main_s12_H/ef_graund_wave_main_00009"},{"time":2.2666,"name":"EF/hon/ef_graund_wave_main_s12_H/ef_graund_wave_main_00010"},{"time":2.3,"name":"EF/hon/ef_graund_wave_main_s12_H/ef_graund_wave_main_00011"},{"time":2.3333,"name":"EF/hon/ef_graund_wave_main_s12_H/ef_graund_wave_main_00012"},{"time":2.3666,"name":null},{"time":4.9,"name":"EF/hon/ef_graund_wave_main_s12_H/ef_graund_wave_main_00001"},{"time":4.9333,"name":"EF/hon/ef_graund_wave_main_s12_H/ef_graund_wave_main_00002"},{"time":4.9666,"name":"EF/hon/ef_graund_wave_main_s12_H/ef_graund_wave_main_00003"},{"time":5,"name":"EF/hon/ef_graund_wave_main_s12_H/ef_graund_wave_main_00004"},{"time":5.0333,"name":"EF/hon/ef_graund_wave_main_s12_H/ef_graund_wave_main_00005"},{"time":5.0666,"name":"EF/hon/ef_graund_wave_main_s12_H/ef_graund_wave_main_00006"},{"time":5.1,"name":"EF/hon/ef_graund_wave_main_s12_H/ef_graund_wave_main_00007"},{"time":5.1333,"name":"EF/hon/ef_graund_wave_main_s12_H/ef_graund_wave_main_00008"},{"time":5.1666,"name":"EF/hon/ef_graund_wave_main_s12_H/ef_graund_wave_main_00009"},{"time":5.2,"name":"EF/hon/ef_graund_wave_main_s12_H/ef_graund_wave_main_00010"},{"time":5.2333,"name":"EF/hon/ef_graund_wave_main_s12_H/ef_graund_wave_main_00011"},{"time":5.2666,"name":"EF/hon/ef_graund_wave_main_s12_H/ef_graund_wave_main_00012"},{"time":5.3,"name":null}]},"EF/hon/ef_slash_B_main_s2_H/ef_slash_B_main_00001":{"attachment":[{"time":2.4333,"name":"EF/hon/ef_slash_B_main_s2_H/ef_slash_B_main_00001"},{"time":2.4666,"name":"EF/hon/ef_slash_B_main_s2_H/ef_slash_B_main_00002"},{"time":2.5,"name":"EF/hon/ef_slash_B_main_s2_H/ef_slash_B_main_00003"},{"time":2.5333,"name":"EF/hon/ef_slash_B_main_s2_H/ef_slash_B_main_00004"},{"time":2.5666,"name":"EF/hon/ef_slash_B_main_s2_H/ef_slash_B_main_00005"},{"time":2.6,"name":"EF/hon/ef_slash_B_main_s2_H/ef_slash_B_main_00006"},{"time":2.6333,"name":"EF/hon/ef_slash_B_main_s2_H/ef_slash_B_main_00007"},{"time":2.6666,"name":"EF/hon/ef_slash_B_main_s2_H/ef_slash_B_main_00008"},{"time":2.7,"name":"EF/hon/ef_slash_B_main_s2_H/ef_slash_B_main_00009"},{"time":2.7333,"name":"EF/hon/ef_slash_B_main_s2_H/ef_slash_B_main_00010"},{"time":2.7666,"name":null}],"color":[{"time":2.6,"color":"ffffffff"},{"time":2.7,"color":"ffffff00"}]},"EF/hon/ef_tuti_main_s2_H/ef_tuti_main_00001":{"attachment":[{"time":1.9,"name":"EF/hon/ef_tuti_main_s2_H/ef_tuti_main_00001"},{"time":1.9333,"name":"EF/hon/ef_tuti_main_s2_H/ef_tuti_main_00002"},{"time":1.9666,"name":"EF/hon/ef_tuti_main_s2_H/ef_tuti_main_00003"},{"time":2,"name":"EF/hon/ef_tuti_main_s2_H/ef_tuti_main_00004"},{"time":2.0333,"name":"EF/hon/ef_tuti_main_s2_H/ef_tuti_main_00005"},{"time":2.0666,"name":"EF/hon/ef_tuti_main_s2_H/ef_tuti_main_00006"},{"time":2.1,"name":"EF/hon/ef_tuti_main_s2_H/ef_tuti_main_00007"},{"time":2.1333,"name":"EF/hon/ef_tuti_main_s2_H/ef_tuti_main_00008"},{"time":2.1666,"name":"EF/hon/ef_tuti_main_s2_H/ef_tuti_main_00009"},{"time":2.2,"name":"EF/hon/ef_tuti_main_s2_H/ef_tuti_main_00010"},{"time":2.2333,"name":"EF/hon/ef_tuti_main_s2_H/ef_tuti_main_00011"},{"time":2.2666,"name":"EF/hon/ef_tuti_main_s2_H/ef_tuti_main_00012"},{"time":2.3,"name":"EF/hon/ef_tuti_main_s2_H/ef_tuti_main_00013"},{"time":2.3333,"name":"EF/hon/ef_tuti_main_s2_H/ef_tuti_main_00014"},{"time":2.3666,"name":"EF/hon/ef_tuti_main_s2_H/ef_tuti_main_00015"},{"time":2.4,"name":"EF/hon/ef_tuti_main_s2_H/ef_tuti_main_00016"},{"time":2.4333,"name":null},{"time":4.7,"name":"EF/hon/ef_tuti_main_s2_H/ef_tuti_main_00001"},{"time":4.7333,"name":"EF/hon/ef_tuti_main_s2_H/ef_tuti_main_00002"},{"time":4.7666,"name":"EF/hon/ef_tuti_main_s2_H/ef_tuti_main_00003"},{"time":4.8,"name":"EF/hon/ef_tuti_main_s2_H/ef_tuti_main_00004"},{"time":4.8333,"name":"EF/hon/ef_tuti_main_s2_H/ef_tuti_main_00005"},{"time":4.8666,"name":"EF/hon/ef_tuti_main_s2_H/ef_tuti_main_00006"},{"time":4.9,"name":"EF/hon/ef_tuti_main_s2_H/ef_tuti_main_00007"},{"time":4.9333,"name":"EF/hon/ef_tuti_main_s2_H/ef_tuti_main_00008"},{"time":4.9666,"name":"EF/hon/ef_tuti_main_s2_H/ef_tuti_main_00009"},{"time":5,"name":"EF/hon/ef_tuti_main_s2_H/ef_tuti_main_00010"},{"time":5.0333,"name":"EF/hon/ef_tuti_main_s2_H/ef_tuti_main_00011"},{"time":5.0666,"name":"EF/hon/ef_tuti_main_s2_H/ef_tuti_main_00012"},{"time":5.1,"name":"EF/hon/ef_tuti_main_s2_H/ef_tuti_main_00013"},{"time":5.1333,"name":"EF/hon/ef_tuti_main_s2_H/ef_tuti_main_00014"},{"time":5.1666,"name":"EF/hon/ef_tuti_main_s2_H/ef_tuti_main_00015"},{"time":5.2,"name":"EF/hon/ef_tuti_main_s2_H/ef_tuti_main_00016"},{"time":5.2333,"name":null}]},"EF/hon/ef_wave_A_main_s12_H/ef_wave_A_main_00001":{"attachment":[{"time":0.8666,"name":"EF/hon/ef_wave_A_main_s12_H/ef_wave_A_main_00001"},{"time":0.9,"name":"EF/hon/ef_wave_A_main_s12_H/ef_wave_A_main_00002"},{"time":0.9333,"name":"EF/hon/ef_wave_A_main_s12_H/ef_wave_A_main_00003"},{"time":0.9666,"name":"EF/hon/ef_wave_A_main_s12_H/ef_wave_A_main_00004"},{"time":1,"name":"EF/hon/ef_wave_A_main_s12_H/ef_wave_A_main_00005"},{"time":1.0333,"name":"EF/hon/ef_wave_A_main_s12_H/ef_wave_A_main_00006"},{"time":1.0666,"name":null},{"time":1.8666,"name":"EF/hon/ef_wave_A_main_s12_H/ef_wave_A_main_00001"},{"time":1.9,"name":"EF/hon/ef_wave_A_main_s12_H/ef_wave_A_main_00002"},{"time":1.9333,"name":"EF/hon/ef_wave_A_main_s12_H/ef_wave_A_main_00003"},{"time":1.9666,"name":"EF/hon/ef_wave_A_main_s12_H/ef_wave_A_main_00004"},{"time":2,"name":"EF/hon/ef_wave_A_main_s12_H/ef_wave_A_main_00005"},{"time":2.0333,"name":"EF/hon/ef_wave_A_main_s12_H/ef_wave_A_main_00006"},{"time":2.0666,"name":null},{"time":2.4666,"name":"EF/hon/ef_wave_A_main_s12_H/ef_wave_A_main_00001"},{"time":2.5,"name":"EF/hon/ef_wave_A_main_s12_H/ef_wave_A_main_00002"},{"time":2.5333,"name":"EF/hon/ef_wave_A_main_s12_H/ef_wave_A_main_00003"},{"time":2.5666,"name":"EF/hon/ef_wave_A_main_s12_H/ef_wave_A_main_00004"},{"time":2.6,"name":"EF/hon/ef_wave_A_main_s12_H/ef_wave_A_main_00005"},{"time":2.6333,"name":"EF/hon/ef_wave_A_main_s12_H/ef_wave_A_main_00006"},{"time":2.6666,"name":null},{"time":4.3,"name":"EF/hon/ef_wave_A_main_s12_H/ef_wave_A_main_00001"},{"time":4.3333,"name":"EF/hon/ef_wave_A_main_s12_H/ef_wave_A_main_00002"},{"time":4.3666,"name":"EF/hon/ef_wave_A_main_s12_H/ef_wave_A_main_00003"},{"time":4.4,"name":"EF/hon/ef_wave_A_main_s12_H/ef_wave_A_main_00004"},{"time":4.4333,"name":"EF/hon/ef_wave_A_main_s12_H/ef_wave_A_main_00005"},{"time":4.4666,"name":"EF/hon/ef_wave_A_main_s12_H/ef_wave_A_main_00006"},{"time":4.5,"name":null}]},"EF/hon/ef_wave_A_main_s12_H/ef_wave_A_main_1":{"attachment":[{"time":0,"name":"EF/hon/ef_wave_A_main_s12_H/ef_wave_A_main_00001"},{"time":0.0666,"name":"EF/hon/ef_wave_A_main_s12_H/ef_wave_A_main_00002"},{"time":0.1,"name":"EF/hon/ef_wave_A_main_s12_H/ef_wave_A_main_00003"},{"time":0.1333,"name":"EF/hon/ef_wave_A_main_s12_H/ef_wave_A_main_00004"},{"time":0.1666,"name":"EF/hon/ef_wave_A_main_s12_H/ef_wave_A_main_00005"},{"time":0.2333,"name":"EF/hon/ef_wave_A_main_s12_H/ef_wave_A_main_00006"},{"time":0.3,"name":null},{"time":0.9666,"name":"EF/hon/ef_wave_A_main_s12_H/ef_wave_A_main_00001"},{"time":1,"name":"EF/hon/ef_wave_A_main_s12_H/ef_wave_A_main_00002"},{"time":1.0333,"name":"EF/hon/ef_wave_A_main_s12_H/ef_wave_A_main_00003"},{"time":1.0666,"name":"EF/hon/ef_wave_A_main_s12_H/ef_wave_A_main_00004"},{"time":1.1,"name":"EF/hon/ef_wave_A_main_s12_H/ef_wave_A_main_00005"},{"time":1.1333,"name":"EF/hon/ef_wave_A_main_s12_H/ef_wave_A_main_00006"},{"time":1.1666,"name":null},{"time":1.9,"name":"EF/hon/ef_wave_A_main_s12_H/ef_wave_A_main_00001"},{"time":1.9333,"name":"EF/hon/ef_wave_A_main_s12_H/ef_wave_A_main_00002"},{"time":1.9666,"name":"EF/hon/ef_wave_A_main_s12_H/ef_wave_A_main_00003"},{"time":2,"name":"EF/hon/ef_wave_A_main_s12_H/ef_wave_A_main_00004"},{"time":2.0333,"name":"EF/hon/ef_wave_A_main_s12_H/ef_wave_A_main_00005"},{"time":2.0666,"name":"EF/hon/ef_wave_A_main_s12_H/ef_wave_A_main_00006"},{"time":2.1,"name":null}],"color":[{"time":0,"color":"ffffff00"},{"time":0.0666,"color":"ffffffff","curve":"stepped"},{"time":0.1666,"color":"ffffffff"},{"time":0.3,"color":"ffffff00","curve":"stepped"},{"time":0.9333,"color":"ffffffff"}]},"EF/hon/ef_wave_A_main_s12_H/ef_wave_A_main_2":{"attachment":[{"time":0,"name":"EF/hon/ef_wave_A_main_s12_H/ef_wave_A_main_00001"},{"time":0.0666,"name":"EF/hon/ef_wave_A_main_s12_H/ef_wave_A_main_00002"},{"time":0.1,"name":"EF/hon/ef_wave_A_main_s12_H/ef_wave_A_main_00003"},{"time":0.1333,"name":"EF/hon/ef_wave_A_main_s12_H/ef_wave_A_main_00004"},{"time":0.1666,"name":"EF/hon/ef_wave_A_main_s12_H/ef_wave_A_main_00005"},{"time":0.2333,"name":"EF/hon/ef_wave_A_main_s12_H/ef_wave_A_main_00006"},{"time":0.3,"name":null},{"time":1.0666,"name":"EF/hon/ef_wave_A_main_s12_H/ef_wave_A_main_00001"},{"time":1.1,"name":"EF/hon/ef_wave_A_main_s12_H/ef_wave_A_main_00002"},{"time":1.1333,"name":"EF/hon/ef_wave_A_main_s12_H/ef_wave_A_main_00003"},{"time":1.1666,"name":"EF/hon/ef_wave_A_main_s12_H/ef_wave_A_main_00004"},{"time":1.2,"name":"EF/hon/ef_wave_A_main_s12_H/ef_wave_A_main_00005"},{"time":1.2333,"name":"EF/hon/ef_wave_A_main_s12_H/ef_wave_A_main_00006"},{"time":1.2666,"name":null},{"time":1.8666,"name":"EF/hon/ef_wave_A_main_s12_H/ef_wave_A_main_00001"},{"time":1.9,"name":"EF/hon/ef_wave_A_main_s12_H/ef_wave_A_main_00002"},{"time":1.9333,"name":"EF/hon/ef_wave_A_main_s12_H/ef_wave_A_main_00003"},{"time":1.9666,"name":"EF/hon/ef_wave_A_main_s12_H/ef_wave_A_main_00004"},{"time":2,"name":"EF/hon/ef_wave_A_main_s12_H/ef_wave_A_main_00005"},{"time":2.0333,"name":"EF/hon/ef_wave_A_main_s12_H/ef_wave_A_main_00006"},{"time":2.0666,"name":null},{"time":2.4666,"name":"EF/hon/ef_wave_A_main_s12_H/ef_wave_A_main_00001"},{"time":2.5,"name":"EF/hon/ef_wave_A_main_s12_H/ef_wave_A_main_00002"},{"time":2.5333,"name":"EF/hon/ef_wave_A_main_s12_H/ef_wave_A_main_00003"},{"time":2.5666,"name":"EF/hon/ef_wave_A_main_s12_H/ef_wave_A_main_00004"},{"time":2.6,"name":"EF/hon/ef_wave_A_main_s12_H/ef_wave_A_main_00005"},{"time":2.6333,"name":"EF/hon/ef_wave_A_main_s12_H/ef_wave_A_main_00006"},{"time":2.6666,"name":null}],"color":[{"time":0,"color":"ffffff00"},{"time":0.0666,"color":"ffffffff","curve":"stepped"},{"time":0.1666,"color":"ffffffff"},{"time":0.3,"color":"ffffff00","curve":"stepped"},{"time":1.0666,"color":"ffffffff","curve":"stepped"},{"time":1.8666,"color":"ffffffff"}]},"MAIN":{"attachment":[{"time":0,"name":"skill2_00"},{"time":0.0666,"name":"skill2_01"},{"time":0.1333,"name":"skill2_00"},{"time":0.2,"name":"skill2_01"},{"time":0.2666,"name":"skill2_00"},{"time":0.3333,"name":"skill2_01"},{"time":0.4,"name":"skill2_00"},{"time":0.4666,"name":"skill2_01"},{"time":0.5333,"name":"skill2_00"},{"time":0.7333,"name":"attack1_00"},{"time":0.8333,"name":"attack1_02"},{"time":0.8666,"name":"attack1_01"},{"time":1.3333,"name":"skill2_02"},{"time":1.4666,"name":"skill2_03"},{"time":1.6666,"name":"skill2_04"},{"time":1.8666,"name":"skill2_05"},{"time":1.9333,"name":"skill2_06"},{"time":2.2666,"name":"attack1_03"},{"time":2.4333,"name":"attack1_04"},{"time":2.5,"name":"attack1_05"},{"time":2.5666,"name":"skill2_02"},{"time":2.6,"name":"skill2_04b"},{"time":4.1,"name":"skill2_02"},{"time":4.1666,"name":"skill2_03"},{"time":4.2666,"name":"skill2_04b"},{"time":4.6,"name":"skill2_05"},{"time":4.6666,"name":"skill2_06"},{"time":4.7333,"name":"skill2_05"},{"time":4.8,"name":"skill2_06"},{"time":4.8666,"name":"skill2_05"},{"time":4.9333,"name":"skill2_06"},{"time":5,"name":"skill2_05"},{"time":5.0666,"name":"skill2_06"},{"time":5.1333,"name":"skill2_05"},{"time":5.2333,"name":"skill2_06"},{"time":5.3333,"name":"skill2_05"},{"time":5.4666,"name":"skill2_06"},{"time":5.8,"name":"skill2_02"},{"time":6.2,"name":"idle_03"},{"time":6.3,"name":"idle_01"},{"time":6.6666,"name":"idle_00"}]}},"bones":{"MAIN":{"rotate":[{"time":1.6666,"angle":0,"curve":[0.07,0.75,0.75,1]},{"time":1.8333,"angle":-2.29,"curve":"stepped"},{"time":1.8666,"angle":-13.67,"curve":[0.132,0.41,0.75,1]},{"time":1.9333,"angle":0,"curve":"stepped"},{"time":2.2666,"angle":14.69,"curve":[0.135,0.56,0.75,1]},{"time":2.4,"angle":16.11,"curve":"stepped"},{"time":2.4333,"angle":0,"curve":"stepped"},{"time":2.6666,"angle":0,"curve":"stepped"},{"time":4.3,"angle":-0.89,"curve":[0.095,0.69,0.75,1]},{"time":4.5,"angle":-4.8,"curve":"stepped"},{"time":4.6,"angle":-16.61},{"time":4.7,"angle":-0.89}],"translate":[{"time":1.3333,"x":8.39,"y":6.95,"curve":[0.1,0.45,0.75,1]},{"time":1.4333,"x":30.44,"y":3.3,"curve":"stepped"},{"time":1.4666,"x":34.26,"y":-6.07,"curve":[0.25,0,0.75,1]},{"time":1.5666,"x":27.07,"y":85.87},{"time":1.6666,"x":-38.98,"y":133.54,"curve":[0.119,0.3,0.642,1]},{"time":1.8333,"x":-53.83,"y":155.99,"curve":"stepped"},{"time":1.8666,"x":-54.42,"y":156.57,"curve":[0.25,0,0.75,1]},{"time":1.9333,"x":-64.86,"y":22.36,"curve":[0.09,0.58,0.75,1]},{"time":2.1,"x":-67.4,"y":16.43,"curve":"stepped"},{"time":2.2666,"x":-70.48,"y":0,"curve":[0.135,0.56,0.75,1]},{"time":2.4,"x":-87.93,"y":-1.34,"curve":"stepped"},{"time":2.4333,"x":-72.99,"y":0,"curve":[0.25,0,0.75,1]},{"time":2.5666,"x":-91.79,"y":324.92},{"time":2.6666,"x":-111.21,"y":372.93,"curve":[0.056,0.81,0.75,1]},{"time":3.4666,"x":-111.21,"y":390.47,"curve":[0.181,-0.18,0.206,-0.18]},{"time":4.2666,"x":-111.21,"y":387.48},{"time":4.3,"x":-114.81,"y":388.57},{"time":4.4,"x":-133.99,"y":407.76},{"time":4.5,"x":-157.84,"y":416.66},{"time":4.5666,"x":-161.9,"y":419.09,"curve":"stepped"},{"time":4.6,"x":-161.89,"y":388.57,"curve":[0.25,0,0.75,1]},{"time":4.7333,"x":-161.89,"y":29.96,"curve":"stepped"},{"time":5.8,"x":-173.14,"y":30.45},{"time":5.9333,"x":-109.08,"y":53.46},{"time":6.2,"x":0,"y":0},{"time":6.3,"x":0,"y":-4.62},{"time":6.6333,"x":0,"y":0}]},"ef_wave_A_main":{"translate":[{"time":0.8666,"x":59.4,"y":26.59,"curve":"stepped"},{"time":1.8666,"x":146.85,"y":169.5,"curve":"stepped"},{"time":2.4666,"x":-30.7,"y":13.76,"curve":"stepped"},{"time":4.3,"x":-46.66,"y":560.09}],"scale":[{"time":0.8666,"x":2,"y":2,"curve":"stepped"},{"time":1.8666,"x":1.7,"y":1.7,"curve":"stepped"},{"time":2.4666,"x":2,"y":2},{"time":2.5666,"x":2.5,"y":2.5,"curve":"stepped"},{"time":4.3,"x":2,"y":2},{"time":4.4,"x":4,"y":4}]},"ef_OF_main":{"rotate":[{"time":1.9,"angle":6.62,"curve":"stepped"},{"time":2.5,"angle":0,"curve":"stepped"},{"time":4.3,"angle":0,"curve":"stepped"},{"time":4.7,"angle":7.97}],"translate":[{"time":0.8666,"x":61.53,"y":27.3,"curve":"stepped"},{"time":1.9,"x":-258.23,"y":150.81,"curve":"stepped"},{"time":2.5,"x":-258.23,"y":150.81,"curve":"stepped"},{"time":4.3,"x":-46.49,"y":559.49,"curve":"stepped"},{"time":4.7,"x":-258.23,"y":150.81}],"scale":[{"time":0.8666,"x":1,"y":1,"curve":[0.135,0.48,0.75,1]},{"time":1.0666,"x":0.2,"y":0.2,"curve":"stepped"},{"time":1.9,"x":1.127,"y":1.127,"curve":[0.135,0.48,0.75,1]},{"time":2.0666,"x":2,"y":2,"curve":"stepped"},{"time":2.5,"x":1.252,"y":1.252,"curve":[0.135,0.48,0.75,1]},{"time":2.6666,"x":2.456,"y":2.456,"curve":"stepped"},{"time":4.3,"x":0.855,"y":0.855,"curve":[0.135,0.48,0.75,1]},{"time":4.4666,"x":3,"y":3,"curve":"stepped"},{"time":4.7,"x":1.252,"y":1.252,"curve":[0.25,0,0.75,1]},{"time":4.7333,"x":2.581,"y":2.581,"curve":[0.252,0.53,0.767,1]},{"time":4.9,"x":4,"y":4}]},"ef_dash_main":{"translate":[{"time":1.4666,"x":95.7,"y":0,"curve":"stepped"},{"time":2.4666,"x":43.1,"y":0}],"scale":[{"time":1.4666,"x":3,"y":3},{"time":1.7333,"x":4,"y":4,"curve":"stepped"},{"time":2.4666,"x":3.889,"y":3.889},{"time":2.8,"x":4.29,"y":4.29}]},"ef_graund_wave_main":{"translate":[{"time":0.0333,"x":0,"y":31.37,"curve":"stepped"},{"time":0.8666,"x":0,"y":31.37,"curve":"stepped"},{"time":1.4666,"x":32.09,"y":31.37,"curve":"stepped"},{"time":2.4333,"x":-81.53,"y":40.71,"curve":"stepped"},{"time":4.7,"x":-269.25,"y":63.95}],"scale":[{"time":0.0333,"x":4.025,"y":4.025,"curve":"stepped"},{"time":0.8666,"x":3.5,"y":4.025,"curve":"stepped"},{"time":1.4666,"x":4.025,"y":4.025,"curve":"stepped"},{"time":2.4333,"x":4,"y":4,"curve":"stepped"},{"time":4.7,"x":6,"y":6}]},"ef_graund_wave_main2":{"translate":[{"time":0.1333,"x":0,"y":31.37,"curve":"stepped"},{"time":1.9,"x":-115.73,"y":32.84,"curve":"stepped"},{"time":2.5666,"x":-257.71,"y":32.84,"curve":"stepped"},{"time":4.8,"x":-269.25,"y":63.95}],"scale":[{"time":0.1333,"x":4.025,"y":4.025,"curve":"stepped"},{"time":1.9,"x":4.5,"y":4.5,"curve":"stepped"},{"time":2.5666,"x":4,"y":4,"curve":"stepped"},{"time":4.8,"x":6.5,"y":6}]},"ef_OF_main2":{"rotate":[{"time":0.9666,"angle":-41.49,"curve":"stepped"},{"time":1.9,"angle":-100.62,"curve":"stepped"},{"time":2.8333,"angle":-41.49,"curve":"stepped"},{"time":3.2333,"angle":-31.15,"curve":"stepped"},{"time":3.6333,"angle":-63.61,"curve":"stepped"},{"time":4.0333,"angle":-31.15,"curve":"stepped"},{"time":4.4333,"angle":-31.15}],"translate":[{"time":0.9666,"x":118.68,"y":70.64,"curve":"stepped"},{"time":1.9,"x":-87.38,"y":354.31,"curve":"stepped"},{"time":2.8333,"x":-281.04,"y":145.3,"curve":"stepped"},{"time":3.2333,"x":-281.04,"y":145.3,"curve":"stepped"},{"time":3.6333,"x":-281.04,"y":145.3,"curve":"stepped"},{"time":4.0333,"x":-281.04,"y":145.3,"curve":"stepped"},{"time":4.4333,"x":-281.04,"y":145.3}],"scale":[{"time":0.9666,"x":1,"y":1,"curve":[0.135,0.48,0.75,1]},{"time":1.1666,"x":0.2,"y":0.2,"curve":"stepped"},{"time":1.9,"x":1,"y":1},{"time":1.9333,"x":1.33,"y":1.33,"curve":[0.25,0,0.75,1]},{"time":2.1,"x":0.2,"y":0.2,"curve":"stepped"},{"time":2.8333,"x":1,"y":1,"curve":[0.168,0.37,0.75,1]},{"time":3.0333,"x":1.979,"y":1.979,"curve":"stepped"},{"time":3.2333,"x":1,"y":1,"curve":[0.168,0.37,0.75,1]},{"time":3.4333,"x":1.979,"y":1.979,"curve":"stepped"},{"time":3.6333,"x":1,"y":1,"curve":[0.168,0.37,0.75,1]},{"time":3.8333,"x":1.979,"y":1.979,"curve":"stepped"},{"time":4.0333,"x":1,"y":1,"curve":[0.168,0.37,0.75,1]},{"time":4.2333,"x":1.979,"y":1.979,"curve":"stepped"},{"time":4.4333,"x":1,"y":1,"curve":[0.168,0.37,0.75,1]},{"time":4.6333,"x":1.979,"y":1.979}]},"ef_wave_A_main2":{"rotate":[{"time":0,"angle":35,"curve":"stepped"},{"time":0.9666,"angle":-41.49,"curve":"stepped"},{"time":1.9,"angle":-41.49}],"translate":[{"time":0,"x":0,"y":80.74,"curve":"stepped"},{"time":0.9666,"x":116.55,"y":69.93,"curve":"stepped"},{"time":1.9,"x":-87.14,"y":354.69}],"scale":[{"time":0,"x":1,"y":-0.22,"curve":[0.25,0,0.75,1]},{"time":0.3,"x":7,"y":-0.569,"curve":"stepped"},{"time":0.9666,"x":2,"y":2,"curve":"stepped"},{"time":1.9,"x":1.7,"y":1.7}]},"ef_OF_main3":{"rotate":[{"time":1.0666,"angle":-69.54,"curve":"stepped"},{"time":1.8666,"angle":-69.54,"curve":"stepped"},{"time":2.6333,"angle":-120.56,"curve":"stepped"},{"time":3.0333,"angle":-72.44,"curve":"stepped"},{"time":3.4333,"angle":-120.56,"curve":"stepped"},{"time":3.8333,"angle":-171.16,"curve":"stepped"},{"time":4.2333,"angle":8.75}],"translate":[{"time":1.0666,"x":114.86,"y":151.82,"curve":"stepped"},{"time":1.8666,"x":147.06,"y":170.02,"curve":"stepped"},{"time":2.6333,"x":-247.92,"y":163.2,"curve":"stepped"},{"time":3.0333,"x":-247.92,"y":163.2,"curve":"stepped"},{"time":3.4333,"x":-247.92,"y":163.2,"curve":"stepped"},{"time":3.8333,"x":-247.92,"y":163.2,"curve":"stepped"},{"time":4.2333,"x":-247.92,"y":163.2}],"scale":[{"time":1.0666,"x":1,"y":1,"curve":[0.135,0.48,0.75,1]},{"time":1.2666,"x":0.2,"y":0.2,"curve":"stepped"},{"time":1.8666,"x":1,"y":1},{"time":1.9,"x":1.33,"y":1.33,"curve":[0.25,0,0.75,1]},{"time":2.0666,"x":0.2,"y":0.2,"curve":"stepped"},{"time":2.6333,"x":1,"y":1,"curve":[0.168,0.37,0.75,1]},{"time":2.8333,"x":1.979,"y":1.979,"curve":"stepped"},{"time":3.0333,"x":1,"y":1,"curve":[0.168,0.37,0.75,1]},{"time":3.2333,"x":1.979,"y":1.979,"curve":"stepped"},{"time":3.4333,"x":1,"y":1,"curve":[0.168,0.37,0.75,1]},{"time":3.6333,"x":1.979,"y":1.979,"curve":"stepped"},{"time":3.8333,"x":1,"y":1,"curve":[0.168,0.37,0.75,1]},{"time":4.0333,"x":1.979,"y":1.979,"curve":"stepped"},{"time":4.2333,"x":1,"y":1,"curve":[0.168,0.37,0.75,1]},{"time":4.4333,"x":1.979,"y":1.979}]},"ef_wave_A_main3":{"rotate":[{"time":0,"angle":-35,"curve":"stepped"},{"time":1.0666,"angle":-69.54,"curve":"stepped"},{"time":1.8666,"angle":-69.54,"curve":"stepped"},{"time":2.4666,"angle":-41.02}],"translate":[{"time":0,"x":0,"y":80.74,"curve":"stepped"},{"time":1.0666,"x":112.73,"y":151.11,"curve":"stepped"},{"time":1.8666,"x":11.41,"y":416.67,"curve":"stepped"},{"time":2.4666,"x":-138.89,"y":165.77}],"scale":[{"time":0,"x":1,"y":-0.22,"curve":[0.25,0,0.75,1]},{"time":0.3,"x":7,"y":-0.569,"curve":"stepped"},{"time":1.0666,"x":2,"y":2,"curve":"stepped"},{"time":1.8666,"x":1.7,"y":1.7,"curve":"stepped"},{"time":2.4666,"x":1.266,"y":2.996},{"time":2.6333,"x":2.154,"y":4.7}]},"ef_slash_B":{"rotate":[{"time":2.4333,"angle":-133.55},{"time":2.5,"angle":-116.92},{"time":2.7,"angle":-124.9}],"translate":[{"time":2.4333,"x":23.82,"y":219.37},{"time":2.5,"x":21.36,"y":266.63},{"time":2.6,"x":22.68,"y":298.68}],"scale":[{"time":2.4333,"x":2,"y":-1.666},{"time":2.5,"x":2.07,"y":-2.09}]},"ef_slash_C":{"rotate":[{"time":1.8666,"angle":-15.77,"curve":"stepped"},{"time":2.4333,"angle":68.14}],"translate":[{"time":1.8666,"x":-99.26,"y":229.25,"curve":"stepped"},{"time":2.4333,"x":-66.69,"y":134.78},{"time":2.5333,"x":-85.16,"y":288.4}],"scale":[{"time":1.8666,"x":2.197,"y":3.34,"curve":"stepped"},{"time":2.4333,"x":1.628,"y":-1.904},{"time":2.5,"x":3.73,"y":-2.07}]},"ef_tuti_main":{"translate":[{"time":1.9,"x":-115.73,"y":11.32,"curve":"stepped"},{"time":4.7,"x":-269.41,"y":39.46}],"scale":[{"time":1.9,"x":4,"y":4,"curve":"stepped"},{"time":4.7,"x":4,"y":4},{"time":5.1333,"x":4.812,"y":4.812}]},"ef_graund_aura_render":{"scale":[{"time":0.0333,"x":3.515,"y":3.515}]},"ef_graund_wave_main3":{"translate":[{"time":0.2333,"x":0,"y":31.37,"curve":"stepped"},{"time":1.9666,"x":-115.73,"y":32.84,"curve":"stepped"},{"time":4.9,"x":-269.25,"y":63.95}],"scale":[{"time":0.2333,"x":4.025,"y":4.025,"curve":"stepped"},{"time":1.9666,"x":4.5,"y":4.5,"curve":"stepped"},{"time":4.9,"x":7,"y":6}]},"ef_OF_main4":{"rotate":[{"time":1.8666,"angle":-130.33,"curve":"stepped"},{"time":2.4666,"angle":-130.33}],"translate":[{"time":1.8666,"x":10.5,"y":416.46,"curve":"stepped"},{"time":2.4666,"x":-30.72,"y":13.86}],"scale":[{"time":1.8666,"x":1,"y":1},{"time":1.9,"x":1.33,"y":1.33,"curve":[0.25,0,0.75,1]},{"time":2.0666,"x":0.2,"y":0.2,"curve":"stepped"},{"time":2.4666,"x":1,"y":1},{"time":2.5,"x":2.23,"y":2.23,"curve":[0.25,0,0.75,1]},{"time":2.6666,"x":0.2,"y":0.2}]},"EF":{"scale":[{"time":0,"x":0.95,"y":0.95}]},"DAMAGEAREA":{"translate":[{"time":1.9,"x":-97.72,"y":231.41,"curve":"stepped"},{"time":2.6666,"x":-274.05,"y":144.7,"curve":"stepped"},{"time":4.7666,"x":-274.05,"y":144.7}],"scale":[{"time":1.9,"x":4.857,"y":3.739,"curve":"stepped"},{"time":2.6666,"x":4.051,"y":2.993,"curve":"stepped"},{"time":4.7666,"x":7.273,"y":2.993,"curve":[0,0.7,0.75,1]},{"time":5,"x":9.439,"y":2.993}]}},"events":[{"time":0,"name":"Event","float":0.2,"string":"kHitStopType_normal"},{"time":0,"name":"Sound1","string":"cri_se_battle_darkness_explosion"},{"time":0.1333,"name":"Voice","string":"cri_190_voice_fullarts_now_b"},{"time":0.8666,"name":"Sound1","string":"cri_se_battle_charge_completion"},{"time":1.0666,"name":"Sound1","string":"cri_se_battle_charge_completion"},{"time":1.8333,"name":"Event2","string":"setHitBackEnemy(-25,0)"},{"time":1.8666,"name":"Sound1","string":"cri_se_battle_charge_completion"},{"time":1.8666,"name":"Sound2","string":"cri_se_battle_skill_swish"},{"time":1.8666,"name":"Sound3","string":"cri_se_battle_arrow_light_effect"},{"time":1.9,"name":"Event2","string":"shakeGround"},{"time":1.9,"name":"Sound3","string":"setHitSound(se_battle_007_attack_hit_01)"},{"time":1.9666,"name":"Event","float":0.02,"string":"kHitStopType_normal"},{"time":1.9666,"name":"Hit","string":"resetHitList"},{"time":2.0333,"name":"Hit","string":"resetHitList"},{"time":2.1,"name":"Hit","string":"resetHitList"},{"time":2.4,"name":"Sound3","string":"setHitSound(se_battle_018_sword_hit_02)"},{"time":2.4333,"name":"Event2","string":"setHitBackEnemy(0,0)"},{"time":2.4333,"name":"Sound1","string":"cri_se_battle_arrow_light_effect"},{"time":2.4333,"name":"Sound2","string":"cri_se_battle_thunder_small"},{"time":2.5,"name":"Event","float":0.2,"string":"kHitStopType_normal"},{"time":2.5,"name":"Event2","float":3,"string":"shakeGround"},{"time":2.5,"name":"Hit","float":20,"string":"resetHitList"},{"time":2.5333,"name":"Event","float":0.1,"string":"kHitStopType_enemyonly"},{"time":2.5666,"name":"Hit","string":"resetHitList"},{"time":2.6,"name":"Sound1","string":"cri_se_battle_arrow_light_effect"},{"time":2.6333,"name":"Hit","string":"resetHitList"},{"time":2.6666,"name":"Event2","string":"shakeGround"},{"time":2.7,"name":"Hit","string":"resetHitList"},{"time":2.7666,"name":"Hit","string":"resetHitList"},{"time":2.7666,"name":"Sound1","string":"cri_se_battle_arrow_light_effect"},{"time":2.8,"name":"Event2","string":"shakeGround"},{"time":2.8333,"name":"Hit","string":"resetHitList"},{"time":2.9,"name":"Hit","string":"resetHitList"},{"time":2.9333,"name":"Event2","string":"shakeGround"},{"time":2.9333,"name":"Sound1","string":"cri_se_battle_arrow_light_effect"},{"time":2.9666,"name":"Hit","string":"resetHitList"},{"time":3.0333,"name":"Hit","string":"resetHitList"},{"time":3.1,"name":"Event2","string":"shakeGround"},{"time":3.1,"name":"Hit","string":"resetHitList"},{"time":3.1,"name":"Sound1","string":"cri_se_battle_arrow_light_effect"},{"time":3.1666,"name":"Hit","string":"resetHitList"},{"time":3.2333,"name":"Event2","string":"shakeGround"},{"time":3.2333,"name":"Hit","string":"resetHitList"},{"time":3.2666,"name":"Sound1","string":"cri_se_battle_arrow_light_effect"},{"time":3.3,"name":"Hit","string":"resetHitList"},{"time":3.3666,"name":"Event2","string":"shakeGround"},{"time":3.3666,"name":"Hit","string":"resetHitList"},{"time":3.4333,"name":"Hit","string":"resetHitList"},{"time":3.4333,"name":"Sound1","string":"cri_se_battle_arrow_light_effect"},{"time":3.5,"name":"Hit","string":"resetHitList"},{"time":3.5666,"name":"Event2","string":"shakeGround"},{"time":3.5666,"name":"Hit","string":"resetHitList"},{"time":3.6,"name":"Sound1","string":"cri_se_battle_arrow_light_effect"},{"time":3.6333,"name":"Hit","string":"resetHitList"},{"time":3.7,"name":"Hit","string":"resetHitList"},{"time":3.7666,"name":"Hit","string":"resetHitList"},{"time":3.7666,"name":"Sound1","string":"cri_se_battle_arrow_light_effect"},{"time":3.8,"name":"Event2","string":"shakeGround"},{"time":3.8333,"name":"Hit","string":"resetHitList"},{"time":3.9,"name":"Hit","string":"resetHitList"},{"time":3.9,"name":"Voice","string":"cri_190_voice_fullarts_c_rank6"},{"time":3.9333,"name":"Sound1","string":"cri_se_battle_arrow_light_effect"},{"time":3.9666,"name":"Hit","string":"resetHitList"},{"time":4,"name":"Event2","string":"shakeGround"},{"time":4.0333,"name":"Hit","string":"resetHitList"},{"time":4.1,"name":"Hit","string":"resetHitList"},{"time":4.1,"name":"Sound1","string":"cri_se_battle_arrow_light_effect"},{"time":4.1666,"name":"Hit","string":"resetHitList"},{"time":4.2333,"name":"Hit","string":"resetHitList"},{"time":4.2666,"name":"Sound1","string":"cri_se_battle_arrow_light_effect"},{"time":4.3,"name":"Hit","string":"resetHitList"},{"time":4.3,"name":"Sound2","string":"cri_se_battle_charge_completion"},{"time":4.3666,"name":"Hit","string":"resetHitList"},{"time":4.4,"name":"Event2","string":"shakeGround"},{"time":4.4333,"name":"Hit","string":"resetHitList"},{"time":4.4333,"name":"Sound1","string":"cri_se_battle_arrow_light_effect"},{"time":4.5,"name":"Hit","string":"resetHitList"},{"time":4.5666,"name":"Hit","string":"resetHitList"},{"time":4.6,"name":"Sound1","string":"cri_se_battle_arrow_light_effect"},{"time":4.6,"name":"Sound2","string":"cri_se_battle_sword_srash_02"},{"time":4.6,"name":"Sound3","string":"cri_se_battle_darkness_explosion"},{"time":4.6333,"name":"Hit","string":"resetHitList"},{"time":4.6666,"name":"Sound3","string":"setHitSound(se_battle_007_attack_hit_01)"},{"time":4.7,"name":"Hit","string":"resetHitList"},{"time":4.7333,"name":"Event","string":"kImpactType_up"},{"time":4.7666,"name":"Event","float":0.3,"string":"kHitStopType_normal"},{"time":4.7666,"name":"Event2","float":5,"string":"shakeGround"},{"time":4.7666,"name":"Hit","float":50,"string":"resetHitList"},{"time":4.8333,"name":"Event","float":0.05,"string":"kHitStopType_normal"},{"time":4.8333,"name":"Hit","float":20,"string":"resetHitList"},{"time":4.9333,"name":"Event","float":0.1,"string":"kHitStopType_enemyonly"},{"time":4.9333,"name":"Hit","float":20,"string":"resetHitList"},{"time":5,"name":"Hit","float":20,"string":"resetHitList"}]}}}