{"skeleton":{"hash":"vxtQm5K57tk05Noee1tp6lRQ7Yc","spine":"3.0.12","width":512,"height":512},"bones":[{"name":"root"},{"name":"MAIN","parent":"root","y":66}],"slots":[{"name":"MAIN","bone":"MAIN","attachment":"idle_00"},{"name":"Broom2","bone":"MAIN"},{"name":"idle2_00","bone":"root"}],"skins":{"default":{"Broom2":{"Broom":{"x":7.2,"y":13.39,"scaleX":2,"scaleY":2,"width":256,"height":256},"skill1_01_broom1":{"x":7.2,"y":13.39,"scaleX":2,"scaleY":2,"width":256,"height":256},"skill1_01_broom2":{"x":7.2,"y":13.39,"scaleX":2,"scaleY":2,"width":256,"height":256},"skill2_00_broom1":{"x":7.2,"y":13.39,"scaleX":2,"scaleY":2,"width":256,"height":256},"skill2_00_broom2":{"x":7.2,"y":13.39,"scaleX":2,"scaleY":2,"width":256,"height":256},"skill3_05_broom1":{"x":7.2,"y":13.39,"scaleX":2,"scaleY":2,"width":256,"height":256},"skill3_05_broom2":{"x":7.2,"y":13.39,"scaleX":2,"scaleY":2,"width":256,"height":256},"skill3_05_broom3":{"x":7.2,"y":13.39,"scaleX":2,"scaleY":2,"width":256,"height":256},"skill3_06_broom":{"x":7.2,"y":13.39,"scaleX":2,"scaleY":2,"width":256,"height":256}},"MAIN":{"attack1_00":{"x":7.2,"y":13.39,"scaleX":2,"scaleY":2,"width":256,"height":256},"attack1_01":{"x":7.2,"y":13.39,"scaleX":2,"scaleY":2,"width":256,"height":256},"attack1_02":{"x":7.2,"y":13.39,"scaleX":2,"scaleY":2,"width":256,"height":256},"attack1_03a":{"x":7.2,"y":13.39,"scaleX":2,"scaleY":2,"width":256,"height":256},"attack1_03b":{"x":7.2,"y":13.39,"scaleX":2,"scaleY":2,"width":256,"height":256},"back_00":{"x":7.2,"y":13.39,"scaleX":2,"scaleY":2,"width":256,"height":256},"damage_00":{"x":7.2,"y":13.39,"scaleX":2,"scaleY":2,"width":256,"height":256},"front_00":{"x":7.2,"y":13.39,"scaleX":2,"scaleY":2,"width":256,"height":256},"idle2_00":{"x":7.2,"y":13.39,"scaleX":2,"scaleY":2,"width":256,"height":256},"idle_00":{"x":7.2,"y":13.39,"scaleX":2,"scaleY":2,"width":256,"height":256},"idle_01":{"x":7.2,"y":13.39,"scaleX":2,"scaleY":2,"width":256,"height":256},"idle_02":{"x":7.2,"y":13.39,"scaleX":2,"scaleY":2,"width":256,"height":256},"idle_03":{"x":7.2,"y":13.39,"scaleX":2,"scaleY":2,"width":256,"height":256},"skill1_00":{"x":7.2,"y":13.39,"scaleX":2,"scaleY":2,"width":256,"height":256},"skill1_01":{"x":7.2,"y":13.39,"scaleX":2,"scaleY":2,"width":256,"height":256},"skill1_02":{"x":7.2,"y":13.39,"scaleX":2,"scaleY":2,"width":256,"height":256},"skill1_03":{"x":7.2,"y":13.39,"scaleX":2,"scaleY":2,"width":256,"height":256},"skill1_05":{"x":7.2,"y":13.39,"scaleX":2,"scaleY":2,"width":256,"height":256},"skill1_04a":{"x":7.2,"y":13.39,"scaleX":2,"scaleY":2,"width":256,"height":256},"skill1_04b":{"x":7.2,"y":13.39,"scaleX":2,"scaleY":2,"width":256,"height":256},"skill1_04c":{"x":7.2,"y":13.39,"scaleX":2,"scaleY":2,"width":256,"height":256},"skill2_00":{"x":7.2,"y":13.39,"scaleX":2,"scaleY":2,"width":256,"height":256},"skill2_01":{"x":7.2,"y":13.39,"scaleX":2,"scaleY":2,"width":256,"height":256},"skill2_02":{"x":7.2,"y":13.39,"scaleX":2,"scaleY":2,"width":256,"height":256},"skill2_03":{"x":7.2,"y":13.39,"scaleX":2,"scaleY":2,"width":256,"height":256},"skill2_04":{"x":7.2,"y":13.39,"scaleX":2,"scaleY":2,"width":256,"height":256},"skill2_05":{"x":7.2,"y":13.39,"scaleX":2,"scaleY":2,"width":256,"height":256},"skill2_08":{"x":7.2,"y":13.39,"scaleX":2,"scaleY":2,"width":256,"height":256},"skill2_09":{"x":7.2,"y":13.39,"scaleX":2,"scaleY":2,"width":256,"height":256},"skill2_10":{"x":7.2,"y":13.39,"scaleX":2,"scaleY":2,"width":256,"height":256},"skill2_06a":{"x":7.2,"y":13.39,"scaleX":2,"scaleY":2,"width":256,"height":256},"skill2_06b":{"x":7.2,"y":13.39,"scaleX":2,"scaleY":2,"width":256,"height":256},"skill2_07a":{"x":7.2,"y":13.39,"scaleX":2,"scaleY":2,"width":256,"height":256},"skill2_07b":{"x":7.2,"y":13.39,"scaleX":2,"scaleY":2,"width":256,"height":256},"skill3_01":{"x":7.2,"y":13.39,"scaleX":2,"scaleY":2,"width":256,"height":256},"skill3_02":{"x":7.2,"y":13.39,"scaleX":2,"scaleY":2,"width":256,"height":256},"skill3_03":{"x":7.2,"y":13.39,"scaleX":2,"scaleY":2,"width":256,"height":256},"skill3_05":{"x":7.2,"y":13.39,"scaleX":2,"scaleY":2,"width":256,"height":256},"skill3_06":{"x":7.2,"y":13.39,"scaleX":2,"scaleY":2,"width":256,"height":256},"skill3_00a":{"x":7.2,"y":13.39,"scaleX":2,"scaleY":2,"width":256,"height":256},"skill3_00b":{"x":7.2,"y":13.39,"scaleX":2,"scaleY":2,"width":256,"height":256},"skill3_04a":{"x":7.2,"y":13.39,"scaleX":2,"scaleY":2,"width":256,"height":256},"skill3_04b":{"x":7.2,"y":13.39,"scaleX":2,"scaleY":2,"width":256,"height":256}}}},"events":{"event":{},"event2":{},"hit":{}},"animations":{"front":{"slots":{"MAIN":{"attachment":[{"time":0,"name":"front_00"}]}}},"idle":{"slots":{"MAIN":{"attachment":[{"time":0,"name":"idle_00"},{"time":0.2333,"name":"idle_01"},{"time":0.4666,"name":"idle_02"},{"time":0.7,"name":"idle_03"},{"time":0.9333,"name":"idle_00"}]}}},"idle2":{"slots":{"MAIN":{"attachment":[{"time":0,"name":"idle2_00"}]}}}}}