{"skeleton":{"hash":"o4abtXemXW64DrWh9bTy00mjgug","spine":"3.0.12","width":0,"height":0,"images":"./images2/"},"bones":[{"name":"root"},{"name":"grid/bg","parent":"root"},{"name":"S2_shine1","parent":"root","x":627.65,"y":-334.67,"scaleX":4,"scaleY":4,"color":"3fff00ff"},{"name":"S2_power1","parent":"root","x":627.46,"y":-186.87,"scaleX":2.795,"scaleY":2.795,"color":"34ff00ff"},{"name":"S2_line2","parent":"root","x":858.94,"y":-185.91,"scaleX":2.104,"scaleY":2.104,"color":"0dff00ff"},{"name":"S2_lightning1","parent":"root","x":941.86,"y":-195.91,"scaleX":2.7,"scaleY":2.7,"color":"21ff00ff"},{"name":"S1,2_wave3","parent":"root","x":409.7,"y":-401.83,"scaleX":2.5,"scaleY":2.5,"color":"fff300ff"},{"name":"S1,2_wave2","parent":"root","x":409.7,"y":-300.79,"scaleX":2.5,"scaleY":2.5,"color":"fff300ff"},{"name":"S1,2_wave1","parent":"root","x":409.7,"y":-196.62,"scaleX":2.5,"scaleY":2.5,"color":"fff300ff"},{"name":"MAIN","parent":"root","y":66,"scaleX":1.2,"scaleY":1.2},{"name":"SHADOW-OFFSET","parent":"MAIN","y":-66,"scaleX":1.3,"scaleY":1.3},{"name":"HPBAR","parent":"MAIN","x":0.55,"y":118.03},{"name":"HITBOX","parent":"MAIN","y":-66},{"name":"DAMAGEAREA","parent":"root"}],"slots":[{"name":"grid/bg","bone":"grid/bg","color":"ffffff92"},{"name":"grid/grid","bone":"grid/bg","color":"ffffff92"},{"name":"580_S1_wave1","bone":"S1,2_wave1","blend":"additive"},{"name":"580_S1_wave2","bone":"S1,2_wave2","blend":"additive"},{"name":"580_S1_wave3","bone":"S1,2_wave3","blend":"additive"},{"name":"580_S2_power1","bone":"S2_power1","blend":"additive"},{"name":"580_S2_line2","bone":"S2_line2","blend":"additive"},{"name":"580_S2_shine1","bone":"S2_shine1","blend":"additive"},{"name":"130_S1_lightning1","bone":"S2_lightning1","blend":"additive"},{"name":"MAIN","bone":"MAIN","attachment":"idle_00"},{"name":"DAMAGEAREA","bone":"DAMAGEAREA"},{"name":"HITBOX","bone":"HITBOX","attachment":"HITBOX"}],"skins":{"default":{"130_S1_lightning1":{"EF/130_S1_lightning1/130_S1_lightning1_00001":{"x":2,"y":-99.99,"width":225,"height":225},"EF/130_S1_lightning1/130_S1_lightning1_00002":{"x":2,"y":-99.99,"width":225,"height":225},"EF/130_S1_lightning1/130_S1_lightning1_00003":{"x":2,"y":-99.99,"width":225,"height":225},"EF/130_S1_lightning1/130_S1_lightning1_00004":{"x":2,"y":-99.99,"width":225,"height":225}},"580_S1_wave1":{"EF/580_S1_wave1/580_S1_wave1_00001":{"x":0.49,"y":7.45,"width":405,"height":405},"EF/580_S1_wave1/580_S1_wave1_00003":{"x":0.49,"y":7.45,"width":405,"height":405},"EF/580_S1_wave1/580_S1_wave1_00004":{"x":0.49,"y":7.45,"width":405,"height":405},"EF/580_S1_wave1/580_S1_wave1_00005":{"x":0.49,"y":7.45,"width":405,"height":405},"EF/580_S1_wave1/580_S1_wave1_00006":{"x":0.49,"y":7.45,"width":405,"height":405},"EF/580_S1_wave1/580_S1_wave1_00007":{"x":0.49,"y":7.45,"width":405,"height":405},"EF/580_S1_wave1/580_S1_wave1_00008":{"x":0.49,"y":7.45,"width":405,"height":405}},"580_S1_wave2":{"EF/580_S1_wave1/580_S1_wave1_00001":{"x":0.49,"y":7.45,"width":405,"height":405},"EF/580_S1_wave1/580_S1_wave1_00003":{"x":0.49,"y":7.45,"width":405,"height":405},"EF/580_S1_wave1/580_S1_wave1_00004":{"x":0.49,"y":7.45,"width":405,"height":405},"EF/580_S1_wave1/580_S1_wave1_00005":{"x":0.49,"y":7.45,"width":405,"height":405},"EF/580_S1_wave1/580_S1_wave1_00006":{"x":0.49,"y":7.45,"width":405,"height":405},"EF/580_S1_wave1/580_S1_wave1_00007":{"x":0.49,"y":7.45,"width":405,"height":405},"EF/580_S1_wave1/580_S1_wave1_00008":{"x":0.49,"y":7.45,"width":405,"height":405}},"580_S1_wave3":{"EF/580_S1_wave1/580_S1_wave1_00001":{"x":0.49,"y":7.45,"width":405,"height":405},"EF/580_S1_wave1/580_S1_wave1_00003":{"x":0.49,"y":7.45,"width":405,"height":405},"EF/580_S1_wave1/580_S1_wave1_00004":{"x":0.49,"y":7.45,"width":405,"height":405},"EF/580_S1_wave1/580_S1_wave1_00005":{"x":0.49,"y":7.45,"width":405,"height":405},"EF/580_S1_wave1/580_S1_wave1_00006":{"x":0.49,"y":7.45,"width":405,"height":405},"EF/580_S1_wave1/580_S1_wave1_00007":{"x":0.49,"y":7.45,"width":405,"height":405},"EF/580_S1_wave1/580_S1_wave1_00008":{"x":0.49,"y":7.45,"width":405,"height":405}},"580_S2_line2":{"EF/580_S2_line2/580_S2_line2_00000":{"x":-2.48,"y":-141.79,"width":405,"height":405},"EF/580_S2_line2/580_S2_line2_00002":{"x":-2.48,"y":-141.79,"width":405,"height":405},"EF/580_S2_line2/580_S2_line2_00004":{"x":-2.48,"y":-141.79,"width":405,"height":405}},"580_S2_power1":{"EF/580_S2_power1/580_S2_power1_00000":{"x":-4.9,"y":-2.96,"width":266,"height":266},"EF/580_S2_power1/580_S2_power1_00001":{"x":-4.9,"y":-2.96,"width":266,"height":266},"EF/580_S2_power1/580_S2_power1_00002":{"x":-4.9,"y":-2.96,"width":266,"height":266},"EF/580_S2_power1/580_S2_power1_00004":{"x":-4.9,"y":-2.96,"width":266,"height":266},"EF/580_S2_power1/580_S2_power1_00005":{"x":-4.9,"y":-2.96,"width":266,"height":266},"EF/580_S2_power1/580_S2_power1_00006":{"x":-4.9,"y":-2.96,"width":266,"height":266},"EF/580_S2_power1/580_S2_power1_00008":{"x":-4.9,"y":-2.96,"width":266,"height":266},"EF/580_S2_power1/580_S2_power1_00009":{"x":-4.9,"y":-2.96,"width":266,"height":266},"EF/580_S2_power1/580_S2_power1_00010":{"x":-4.9,"y":-2.96,"width":266,"height":266},"EF/580_S2_power1/580_S2_power1_00011":{"x":-4.9,"y":-2.96,"width":266,"height":266},"EF/580_S2_power1/580_S2_power1_00013":{"x":-4.9,"y":-2.96,"width":266,"height":266},"EF/580_S2_power1/580_S2_power1_00015":{"x":-4.9,"y":-2.96,"width":266,"height":266}},"580_S2_shine1":{"EF/580_S2_shine1/580_S2_shine1_00000":{"x":0.58,"y":1.74,"width":239,"height":239},"EF/580_S2_shine1/580_S2_shine1_00002":{"x":0.58,"y":1.74,"width":239,"height":239},"EF/580_S2_shine1/580_S2_shine1_00003":{"x":0.58,"y":1.74,"width":239,"height":239},"EF/580_S2_shine1/580_S2_shine1_00004":{"x":0.58,"y":1.74,"width":239,"height":239},"EF/580_S2_shine1/580_S2_shine1_00005":{"x":0.58,"y":1.74,"width":239,"height":239},"EF/580_S2_shine1/580_S2_shine1_00006":{"x":0.58,"y":1.74,"width":239,"height":239},"EF/580_S2_shine1/580_S2_shine1_00007":{"x":0.58,"y":1.74,"width":239,"height":239}},"DAMAGEAREA":{"DAMAGEAREA":{"type":"boundingbox","vertices":[-98.27016,98.23785,-98.66714,-98.27684,97.84752,-98.27684,97.84752,97.44383,0,0,0,0,0,0,0,0]}},"HITBOX":{"HITBOX":{"type":"boundingbox","vertices":[-66.22021,147.01901,-66.22021,-0.77554,85.9586,-2.23973,85.9586,145.55482,0,0,0,0,0,0,0,0]}},"MAIN":{"attack1_00":{"x":21,"y":29,"width":390,"height":355},"attack1_01":{"x":21,"y":29,"width":390,"height":355},"attack1_02":{"x":21,"y":29,"width":390,"height":355},"attack1_03":{"x":21,"y":29,"width":390,"height":355},"attack1_04":{"x":21,"y":29,"width":390,"height":355},"attack1_05":{"x":21,"y":29,"width":390,"height":355},"back_00":{"x":4,"y":9,"width":395,"height":403},"damage_00":{"x":4.79,"y":13.47,"width":443,"height":420},"front_00":{"x":-1.4,"y":27.24,"width":510,"height":394},"idle_00":{"x":-0.48,"y":14.16,"scaleX":1.1,"scaleY":1.1,"width":340,"height":227},"idle_01":{"x":-0.48,"y":14.16,"scaleX":1.1,"scaleY":1.1,"width":340,"height":227},"idle_02":{"x":-0.48,"y":14.16,"scaleX":1.1,"scaleY":1.1,"width":340,"height":227},"idle_03":{"x":-0.48,"y":14.16,"scaleX":1.1,"scaleY":1.1,"width":340,"height":227},"idle_04":{"x":-0.48,"y":14.16,"scaleX":1.1,"scaleY":1.1,"width":340,"height":227},"skill1_00":{"x":9.39,"y":33,"width":419,"height":438},"skill1_01":{"x":9.39,"y":33,"width":419,"height":438},"skill1_02":{"x":9.39,"y":33,"width":419,"height":438},"skill1_03":{"x":9.39,"y":33,"width":419,"height":438},"skill1_04":{"x":9.39,"y":33,"width":419,"height":438},"skill1_05":{"x":9.39,"y":33,"width":419,"height":438},"skill1_06":{"x":9.39,"y":33,"width":419,"height":438},"skill1_07":{"x":9.39,"y":33,"width":419,"height":438},"skill2_00":{"x":-19,"y":-15,"width":386,"height":366},"skill2_01":{"x":-19,"y":-15,"width":386,"height":366},"skill2_02":{"x":-19,"y":-15,"width":386,"height":366},"skill2_03":{"x":-19,"y":-15,"width":386,"height":366}}}},"events":{"Event":{},"Hit":{},"HitEffect":{},"Sound_1":{},"Sound_2":{},"Sound_3":{},"voice":{}},"animations":{"attack1":{"slots":{"DAMAGEAREA":{"attachment":[{"time":0.7,"name":"DAMAGEAREA"},{"time":0.9,"name":null}]},"MAIN":{"attachment":[{"time":0,"name":"attack1_05"},{"time":0.1,"name":"attack1_00"},{"time":0.1666,"name":"attack1_01"},{"time":0.2333,"name":"attack1_02"},{"time":0.6666,"name":"attack1_03"},{"time":0.7,"name":"attack1_04"},{"time":0.7333,"name":"attack1_05"},{"time":1.3333,"name":"attack1_05"}]}},"bones":{"DAMAGEAREA":{"translate":[{"time":0,"x":-93,"y":63.61,"curve":"stepped"},{"time":0.7,"x":-93,"y":63.61},{"time":0.8333,"x":-146.7,"y":129.39}],"scale":[{"time":0,"x":0.624,"y":0.621,"curve":"stepped"},{"time":0.7,"x":0.624,"y":0.621},{"time":0.8333,"x":1.033,"y":1.3}]}},"events":[{"time":0,"name":"HitEffect","string":"setHitEffect(hit04f,1,0.75,1)"},{"time":0.6333,"name":"Event","float":0.1,"string":"kHitStopType_normal"},{"time":0.6666,"name":"Sound_1","string":"cri_se_battle_spark"},{"time":0.6666,"name":"voice","string":"cri_049_voice_attack_random"},{"time":0.7666,"name":"Hit","string":"resetHitList"},{"time":0.8333,"name":"Hit","string":"resetHitList"}]},"back":{"slots":{"MAIN":{"attachment":[{"time":0,"name":"back_00"},{"time":0.3,"name":"idle_00"},{"time":0.5,"name":"idle_01"}]}},"bones":{"MAIN":{"translate":[{"time":0,"x":0,"y":0,"curve":[0.21,0.28,0.574,0.64]},{"time":0.1,"x":62.41,"y":13.09,"curve":[0.335,0.51,0.767,1]},{"time":0.3,"x":130,"y":0},{"time":0.4,"x":140,"y":0}]}},"events":[{"time":0,"name":"Sound_1","string":"cri_se_battle_monster_landing"}]},"cast":{"slots":{"MAIN":{"attachment":[{"time":0,"name":"idle_00"},{"time":0.1,"name":"attack1_00"},{"time":0.1666,"name":"attack1_01"},{"time":0.2333,"name":"attack1_02"},{"time":0.4666,"name":"attack1_03"},{"time":0.5,"name":"attack1_04"},{"time":0.5333,"name":"attack1_05"},{"time":1,"name":"attack1_05"}]}},"events":[{"time":0.4666,"name":"Sound_1","string":"cri_se_battle_flutter"},{"time":0.4666,"name":"voice","string":"cri_049_voice_attack_a"},{"time":0.5,"name":"Sound_2","string":"cri_se_battle_roar"}]},"damage":{"slots":{"MAIN":{"attachment":[{"time":0,"name":"damage_00"}]}}},"front":{"slots":{"MAIN":{"attachment":[{"time":0,"name":"front_00"}]}}},"idle":{"slots":{"MAIN":{"attachment":[{"time":0,"name":"idle_00"},{"time":0.1666,"name":"idle_01"},{"time":0.3333,"name":"idle_02"},{"time":0.5,"name":"idle_03"},{"time":0.6666,"name":"idle_04"},{"time":0.8333,"name":"idle_00"}]}}},"skill1":{"slots":{"580_S1_wave1":{"attachment":[{"time":0.8666,"name":"EF/580_S1_wave1/580_S1_wave1_00001"},{"time":0.9,"name":"EF/580_S1_wave1/580_S1_wave1_00003"},{"time":0.9333,"name":"EF/580_S1_wave1/580_S1_wave1_00004"},{"time":0.9666,"name":"EF/580_S1_wave1/580_S1_wave1_00005"},{"time":1,"name":"EF/580_S1_wave1/580_S1_wave1_00006"},{"time":1.0333,"name":"EF/580_S1_wave1/580_S1_wave1_00007"},{"time":1.0666,"name":"EF/580_S1_wave1/580_S1_wave1_00008"},{"time":1.4,"name":"EF/580_S1_wave1/580_S1_wave1_00001"},{"time":1.4333,"name":"EF/580_S1_wave1/580_S1_wave1_00003"},{"time":1.4666,"name":"EF/580_S1_wave1/580_S1_wave1_00004"},{"time":1.5,"name":"EF/580_S1_wave1/580_S1_wave1_00005"},{"time":1.5333,"name":"EF/580_S1_wave1/580_S1_wave1_00006"},{"time":1.5666,"name":"EF/580_S1_wave1/580_S1_wave1_00007"},{"time":1.6,"name":"EF/580_S1_wave1/580_S1_wave1_00008"}],"color":[{"time":1.0666,"color":"ffffffff"},{"time":1.1666,"color":"ffffff00","curve":"stepped"},{"time":1.4,"color":"ffffffff","curve":"stepped"},{"time":1.6,"color":"ffffffff"},{"time":1.7333,"color":"ffffff00"}]},"580_S1_wave2":{"attachment":[{"time":0.8666,"name":"EF/580_S1_wave1/580_S1_wave1_00001"},{"time":0.9,"name":"EF/580_S1_wave1/580_S1_wave1_00003"},{"time":0.9333,"name":"EF/580_S1_wave1/580_S1_wave1_00004"},{"time":0.9666,"name":"EF/580_S1_wave1/580_S1_wave1_00005"},{"time":1,"name":"EF/580_S1_wave1/580_S1_wave1_00006"},{"time":1.0333,"name":"EF/580_S1_wave1/580_S1_wave1_00007"},{"time":1.0666,"name":"EF/580_S1_wave1/580_S1_wave1_00008"}],"color":[{"time":1.0666,"color":"ffffffff"},{"time":1.1666,"color":"ffffff00"}]},"580_S1_wave3":{"attachment":[{"time":1.1333,"name":"EF/580_S1_wave1/580_S1_wave1_00001"},{"time":1.1666,"name":"EF/580_S1_wave1/580_S1_wave1_00003"},{"time":1.2,"name":"EF/580_S1_wave1/580_S1_wave1_00004"},{"time":1.2333,"name":"EF/580_S1_wave1/580_S1_wave1_00005"},{"time":1.2666,"name":"EF/580_S1_wave1/580_S1_wave1_00006"},{"time":1.3,"name":"EF/580_S1_wave1/580_S1_wave1_00007"},{"time":1.3333,"name":"EF/580_S1_wave1/580_S1_wave1_00008"}],"color":[{"time":1.3333,"color":"ffffffff"},{"time":1.4333,"color":"ffffff00"}]},"DAMAGEAREA":{"attachment":[{"time":0.9333,"name":"DAMAGEAREA"},{"time":1.7333,"name":null}]},"MAIN":{"attachment":[{"time":0,"name":"idle_00"},{"time":0.1,"name":"attack1_00"},{"time":0.1666,"name":"attack1_01"},{"time":0.2666,"name":"skill1_00"},{"time":0.3666,"name":"skill1_01"},{"time":0.5,"name":"skill1_02"},{"time":0.8666,"name":"skill1_03"},{"time":0.9,"name":"skill1_04"},{"time":0.9333,"name":"skill1_05"},{"time":0.9666,"name":"skill1_06"},{"time":1,"name":"skill1_07"},{"time":1.0333,"name":"skill1_04"},{"time":1.0666,"name":"skill1_05"},{"time":1.1,"name":"skill1_06"},{"time":1.1333,"name":"skill1_07"},{"time":1.1666,"name":"skill1_04"},{"time":1.2,"name":"skill1_05"},{"time":1.2333,"name":"skill1_06"},{"time":1.2666,"name":"skill1_07"},{"time":1.3,"name":"skill1_04"},{"time":1.3333,"name":"skill1_05"},{"time":1.3666,"name":"skill1_06"},{"time":1.4,"name":"skill1_07"},{"time":1.4333,"name":"skill1_04"},{"time":1.4666,"name":"skill1_05"},{"time":1.5,"name":"skill1_06"},{"time":1.5333,"name":"skill1_07"},{"time":1.6,"name":"skill1_04"},{"time":1.6666,"name":"skill1_05"},{"time":1.7666,"name":"skill1_06"},{"time":1.8666,"name":"skill1_07"},{"time":2.1666,"name":"skill1_04"}]}},"bones":{"S1,2_wave1":{"translate":[{"time":0.8666,"x":-412.3,"y":197.73,"curve":"stepped"},{"time":1.4,"x":-657.5,"y":197.73},{"time":1.7,"x":-750.1,"y":197.73}],"scale":[{"time":1.0666,"x":1,"y":1},{"time":1.1666,"x":1.5,"y":1.5,"curve":"stepped"},{"time":1.4,"x":1,"y":1,"curve":"stepped"},{"time":1.6,"x":1,"y":1},{"time":1.7333,"x":1.5,"y":1.5}]},"S1,2_wave2":{"translate":[{"time":0.8666,"x":-544.5,"y":300.95},{"time":1.1666,"x":-553.9,"y":300.95}],"scale":[{"time":1.0666,"x":1,"y":1},{"time":1.1666,"x":1.5,"y":1.5}]},"S1,2_wave3":{"translate":[{"time":1.1333,"x":-564.3,"y":400.23},{"time":1.4333,"x":-653.9,"y":400.23}],"scale":[{"time":1.3333,"x":1,"y":1},{"time":1.4333,"x":1.5,"y":1.5}]},"DAMAGEAREA":{"translate":[{"time":0.9333,"x":-235,"y":196.64},{"time":1.6666,"x":-428.8,"y":196.64}],"scale":[{"time":0.9333,"x":1.234,"y":1.94,"curve":"stepped"},{"time":1.6666,"x":1.234,"y":1.94}]}},"events":[{"time":0,"name":"HitEffect","string":"setHitEffect(hit02f,1,0.75,100)"},{"time":0.8333,"name":"Event","float":0.15,"string":"kHitStopType_enemyonly"},{"time":0.8666,"name":"Event","string":"setHitBackEnemy(10,0)"},{"time":0.8666,"name":"Sound_1","string":"cri_se_battle_cyclone"},{"time":0.8666,"name":"Sound_2","string":"cri_se_battle_flutter"},{"time":0.8666,"name":"voice","string":"cri_049_voice_skill_b"},{"time":0.9,"name":"Event","float":1,"string":"shakeGround_Loop"},{"time":0.9333,"name":"Sound_1","string":"setHitSound(se_battle_007_attack_hit_01)"},{"time":1,"name":"Sound_2","string":"cri_se_battle_flutter"},{"time":1.0333,"name":"Hit","float":1.1,"string":"resetHitList"},{"time":1.1333,"name":"Hit","float":1.2,"string":"resetHitList"},{"time":1.1333,"name":"Sound_2","string":"cri_se_battle_flutter"},{"time":1.2333,"name":"Hit","float":1.3,"string":"resetHitList"},{"time":1.2666,"name":"Sound_2","string":"cri_se_battle_flutter"},{"time":1.3333,"name":"Hit","float":1.4,"string":"resetHitList"},{"time":1.4,"name":"Sound_2","string":"cri_se_battle_flutter"},{"time":1.4333,"name":"Hit","float":1.5,"string":"resetHitList"},{"time":1.5333,"name":"Hit","float":1.5,"string":"resetHitList"},{"time":1.5333,"name":"Sound_2","string":"cri_se_battle_flutter"},{"time":1.6333,"name":"Hit","float":1.5,"string":"resetHitList"},{"time":1.9,"name":"Sound_2","string":"cri_se_battle_flutter"}]},"skill2":{"slots":{"130_S1_lightning1":{"attachment":[{"time":0.7,"name":"EF/130_S1_lightning1/130_S1_lightning1_00001"},{"time":0.7333,"name":"EF/130_S1_lightning1/130_S1_lightning1_00002"},{"time":0.7666,"name":"EF/130_S1_lightning1/130_S1_lightning1_00003"},{"time":0.8,"name":"EF/130_S1_lightning1/130_S1_lightning1_00004"},{"time":0.8666,"name":null}]},"580_S1_wave1":{"attachment":[{"time":1.4,"name":"EF/580_S1_wave1/580_S1_wave1_00001"},{"time":1.4333,"name":"EF/580_S1_wave1/580_S1_wave1_00003"},{"time":1.4666,"name":"EF/580_S1_wave1/580_S1_wave1_00004"},{"time":1.5,"name":"EF/580_S1_wave1/580_S1_wave1_00005"},{"time":1.5333,"name":"EF/580_S1_wave1/580_S1_wave1_00006"},{"time":1.5666,"name":"EF/580_S1_wave1/580_S1_wave1_00007"},{"time":1.6,"name":"EF/580_S1_wave1/580_S1_wave1_00008"}],"color":[{"time":1.6,"color":"ffffffff"},{"time":1.7,"color":"ffffff00"}]},"580_S2_line2":{"attachment":[{"time":0.7,"name":"EF/580_S2_line2/580_S2_line2_00000"},{"time":0.7333,"name":"EF/580_S2_line2/580_S2_line2_00002"},{"time":0.7666,"name":"EF/580_S2_line2/580_S2_line2_00004"},{"time":0.8,"name":null}]},"580_S2_power1":{"attachment":[{"time":0.6666,"name":"EF/580_S2_power1/580_S2_power1_00000"},{"time":0.7,"name":"EF/580_S2_power1/580_S2_power1_00001"},{"time":0.7333,"name":"EF/580_S2_power1/580_S2_power1_00002"},{"time":0.8,"name":"EF/580_S2_power1/580_S2_power1_00004"},{"time":0.8333,"name":"EF/580_S2_power1/580_S2_power1_00005"},{"time":0.8666,"name":"EF/580_S2_power1/580_S2_power1_00006"},{"time":0.9333,"name":"EF/580_S2_power1/580_S2_power1_00008"},{"time":0.9666,"name":"EF/580_S2_power1/580_S2_power1_00009"},{"time":1,"name":"EF/580_S2_power1/580_S2_power1_00011"},{"time":1.0333,"name":"EF/580_S2_power1/580_S2_power1_00013"},{"time":1.0666,"name":"EF/580_S2_power1/580_S2_power1_00015"},{"time":1.1,"name":"EF/580_S2_power1/580_S2_power1_00011"},{"time":1.1333,"name":"EF/580_S2_power1/580_S2_power1_00013"},{"time":1.1666,"name":"EF/580_S2_power1/580_S2_power1_00015"},{"time":1.2,"name":"EF/580_S2_power1/580_S2_power1_00011"},{"time":1.2333,"name":"EF/580_S2_power1/580_S2_power1_00013"},{"time":1.2666,"name":"EF/580_S2_power1/580_S2_power1_00015"},{"time":1.3,"name":"EF/580_S2_power1/580_S2_power1_00011"},{"time":1.3333,"name":"EF/580_S2_power1/580_S2_power1_00013"},{"time":1.3666,"name":"EF/580_S2_power1/580_S2_power1_00015"}],"color":[{"time":1.1,"color":"ffffffff","curve":[0.25,0,0.863,0.35]},{"time":1.4,"color":"ffffff00"}]},"580_S2_shine1":{"attachment":[{"time":0.6,"name":"EF/580_S2_shine1/580_S2_shine1_00000"},{"time":0.6666,"name":"EF/580_S2_shine1/580_S2_shine1_00002"},{"time":0.7,"name":"EF/580_S2_shine1/580_S2_shine1_00003"},{"time":0.7333,"name":"EF/580_S2_shine1/580_S2_shine1_00004"},{"time":0.7666,"name":"EF/580_S2_shine1/580_S2_shine1_00005"},{"time":0.8,"name":"EF/580_S2_shine1/580_S2_shine1_00006"},{"time":0.8333,"name":"EF/580_S2_shine1/580_S2_shine1_00007"}],"color":[{"time":0.8333,"color":"ffffffff"},{"time":1.0666,"color":"ffffff00"}]},"DAMAGEAREA":{"attachment":[{"time":1.5,"name":"DAMAGEAREA"},{"time":2.1,"name":null}]},"MAIN":{"attachment":[{"time":0,"name":"skill2_02"},{"time":0.1,"name":"skill2_00"},{"time":0.5,"name":"skill2_01"},{"time":0.6333,"name":"skill1_00"},{"time":0.8,"name":"skill1_01"},{"time":1,"name":"skill1_02"},{"time":1.4,"name":"skill2_01"},{"time":1.4333,"name":"skill2_00"},{"time":1.5,"name":"skill2_02"},{"time":1.5666,"name":"skill2_03"},{"time":1.6333,"name":"skill2_02"},{"time":1.7,"name":"skill2_03"},{"time":1.7666,"name":"skill2_02"},{"time":1.8333,"name":"skill2_03"},{"time":1.9,"name":"skill2_02"},{"time":1.9666,"name":"skill2_03"},{"time":2.0333,"name":"skill2_02"},{"time":2.1,"name":"skill2_03"},{"time":2.1666,"name":"skill2_02"}],"color":[{"time":2.6666,"color":"ffffffff"}]}},"bones":{"S2_shine1":{"translate":[{"time":0.6,"x":-629.87,"y":430.83}],"scale":[{"time":0.6,"x":1,"y":1,"curve":"stepped"},{"time":0.6333,"x":0.864,"y":0.864,"curve":"stepped"},{"time":0.6666,"x":1,"y":1,"curve":"stepped"},{"time":0.8333,"x":1,"y":1},{"time":1.0666,"x":1.23,"y":1.23}]},"S2_power1":{"translate":[{"time":0.6666,"x":-606.04,"y":280.36}],"scale":[{"time":1,"x":1,"y":1,"curve":"stepped"},{"time":1.1,"x":1,"y":-1,"curve":"stepped"},{"time":1.2,"x":-1,"y":-1,"curve":"stepped"},{"time":1.3,"x":-1,"y":0.999}]},"S2_lightning1":{"rotate":[{"time":0.7,"angle":180}],"translate":[{"time":0.7,"x":-942.7,"y":183.89,"curve":[0.217,0.47,0.75,1]},{"time":0.8666,"x":-942.7,"y":1078.95}],"scale":[{"time":0.7,"x":1,"y":0.781,"curve":"stepped"},{"time":0.7333,"x":1,"y":1}]},"S1,2_wave1":{"translate":[{"time":1.4,"x":-426.11,"y":201.63}],"scale":[{"time":1.6,"x":1,"y":1},{"time":1.7,"x":1.5,"y":1.5}]},"S2_line2":{"translate":[{"time":0.7,"x":-863.28,"y":579.99,"curve":[0.224,0.34,0.75,1]},{"time":0.7666,"x":-863.28,"y":1223.61}],"scale":[{"time":0.7,"x":1,"y":0.701,"curve":"stepped"},{"time":1.0666,"x":1,"y":1}]},"DAMAGEAREA":{"translate":[{"time":1.5,"x":-74.09,"y":105.45},{"time":1.6333,"x":-88.34,"y":17.1},{"time":2.0333,"x":-65.54,"y":45.6}],"scale":[{"time":1.5,"x":2.202,"y":1.042},{"time":1.6333,"x":3.301,"y":1.367},{"time":2.0333,"x":2.266,"y":1.094}]}},"events":[{"time":0,"name":"HitEffect","string":"setHitEffect(hit04f,1,1,100)"},{"time":0.6,"name":"Sound_1","string":"cri_se_battle_arrow_light_effect"},{"time":0.6,"name":"Sound_2","string":"cri_se_battle_charge"},{"time":0.8,"name":"Event","string":"shakeGround"},{"time":0.8666,"name":"Sound_1","string":"cri_se_battle_skill_electric_1"},{"time":1.4333,"name":"Event","float":0.15,"string":"kHitStopType_normal"},{"time":1.4666,"name":"Event","string":"kImpactType_down"},{"time":1.4666,"name":"Sound_1","string":"cri_se_battle_lightning"},{"time":1.4666,"name":"Sound_2","string":"cri_se_battle_spark_rise"},{"time":1.4666,"name":"Sound_3","string":"cri_se_battle_skill_elxplosion"},{"time":1.4666,"name":"voice","string":"cri_049_voice_skill_b"},{"time":1.5,"name":"Event","float":0.9,"string":"shakeGround_Loop"},{"time":1.5333,"name":"Event","float":0.04,"string":"kHitStopType_normal"},{"time":1.5333,"name":"Hit","string":"resetHitList"},{"time":1.5333,"name":"Sound_3","string":"cri_se_battle_thunder_small"},{"time":1.5666,"name":"Hit","string":"resetHitList"},{"time":1.6,"name":"Hit","string":"resetHitList"},{"time":1.6333,"name":"Event","string":"runSkillEffect"},{"time":1.6333,"name":"Hit","string":"resetHitList"},{"time":1.6333,"name":"Sound_1","string":"cri_se_battle_spark"},{"time":1.6666,"name":"Event","string":"addOrbitSystemCamera_wind"},{"time":1.6666,"name":"Hit","string":"resetHitList"},{"time":1.6666,"name":"Sound_3","string":"cri_se_battle_thunder_small"},{"time":1.7,"name":"Hit","string":"resetHitList"},{"time":1.7333,"name":"Hit","string":"resetHitList"},{"time":1.7666,"name":"Hit","string":"resetHitList"},{"time":1.8,"name":"Hit","string":"resetHitList"},{"time":1.8,"name":"Sound_3","string":"cri_se_battle_thunder_small"},{"time":1.8333,"name":"Hit","string":"resetHitList"},{"time":1.8666,"name":"Hit","string":"resetHitList"},{"time":1.9,"name":"Hit","string":"resetHitList"},{"time":1.9333,"name":"Sound_3","string":"cri_se_battle_thunder_small"},{"time":1.9666,"name":"Hit","string":"resetHitList"},{"time":2.0333,"name":"Hit","string":"resetHitList"}]}}}