{"skeleton":{"hash":"KYA6Sy3X5SU+m6dbrzWYuv9Q4kE","spine":"3.0.12","width":0,"height":0,"images":"./images/"},"bones":[{"name":"root"},{"name":"S_B_wing1_00","parent":"root","x":810.77,"y":115.84,"scaleX":2.497,"scaleY":2.497,"color":"0017ffff"},{"name":"S_B_wing1_0","parent":"root","x":810.77,"y":61.88,"scaleX":2.497,"scaleY":2.497,"color":"0017ffff"},{"name":"S_B_slash2","parent":"root","x":695.27,"y":116.21,"scaleX":1.999,"scaleY":1.999,"color":"0017ffff"},{"name":"S_B_exC6","parent":"root","x":566.97,"y":-66.91,"scaleX":1.995,"scaleY":1.995,"color":"0017ffff"},{"name":"S_B_exC5","parent":"root","x":566.97,"y":-36.55,"scaleX":1.995,"scaleY":1.995,"color":"0017ffff"},{"name":"S_B_exC4","parent":"root","x":566.97,"y":-6.83,"scaleX":1.995,"scaleY":1.995,"color":"0017ffff"},{"name":"S_B_exC3","parent":"root","x":566.97,"y":29.67,"scaleX":1.995,"scaleY":1.995,"color":"0017ffff"},{"name":"S_B_exC2","parent":"root","x":566.97,"y":71.81,"scaleX":1.995,"scaleY":1.995,"color":"0017ffff"},{"name":"S_B_exC1","parent":"root","x":566.97,"y":115.78,"scaleX":1.995,"scaleY":1.995,"color":"0017ffff"},{"name":"S_A_slash1","parent":"root","x":696.53,"y":309.8,"scaleX":2.002,"scaleY":2.002,"color":"ff0600ff"},{"name":"S_A_fire1","parent":"root","x":437.99,"y":314.74,"scaleX":2.197,"scaleY":2.197,"color":"ff0400ff"},{"name":"S_A_exA1","parent":"root","x":570.18,"y":311.44,"scaleX":2,"scaleY":2,"color":"ff0b00ff"},{"name":"S_A_attackD2","parent":"root","x":308.21,"y":242.43,"scaleX":3,"scaleY":3,"color":"ff1b00ff"},{"name":"S_A_attackD1","parent":"root","x":308.21,"y":318.11,"scaleX":3,"scaleY":3,"color":"ff1b00ff"},{"name":"S_A_attack3","parent":"root","x":823.78,"y":553.36,"color":"ff0300ff"},{"name":"S_A_attack2","parent":"root","x":704.16,"y":554.45,"scaleX":1.991,"scaleY":1.991,"color":"ff1000ff"},{"name":"S_A_attack1","parent":"root","x":576.65,"y":554.54,"scaleX":2.003,"scaleY":2.003,"color":"ff0800ff"},{"name":"S_AB_rock4","parent":"root","x":438.87,"y":-415.71,"scaleX":2.301,"scaleY":2.301,"color":"ff00cbff"},{"name":"S_AB_rock3","parent":"root","x":438.87,"y":-381.26,"scaleX":2.301,"scaleY":2.301,"color":"ff00cbff"},{"name":"S_AB_rock2","parent":"root","x":438.87,"y":-345.88,"scaleX":2.301,"scaleY":2.301,"color":"ff00cbff"},{"name":"S_AB_rock1","parent":"root","x":438.87,"y":-304.92,"scaleX":2.301,"scaleY":2.301,"color":"ff00cbff"},{"name":"S_AB_dash1","parent":"root","x":301.44,"y":-305.73,"scaleX":1.997,"scaleY":1.997,"color":"ff00cbff"},{"name":"S2_powerB1","parent":"root","x":600.41,"y":-112.23,"scaleX":2.492,"scaleY":2.492,"color":"1fff00ff"},{"name":"S2_powerA1","parent":"root","x":439.78,"y":-107.15,"scaleX":1.997,"scaleY":1.997,"color":"1fff00ff"},{"name":"S2_ex1","parent":"root","x":293.3,"y":-104.87,"scaleX":1.999,"scaleY":1.999,"color":"1fff00ff"},{"name":"S1_B_shine","parent":"root","x":952.48,"y":123.01,"color":"0500ffff"},{"name":"S1_B_power1","parent":"root","x":427.4,"y":116.02,"scaleX":3,"scaleY":3,"color":"0900ffff"},{"name":"S1_B_magic2","parent":"root","x":295.82,"y":61,"color":"0900ffff"},{"name":"S1_B_magic1","parent":"root","x":295.99,"y":120.81,"color":"0900ffff"},{"name":"S1_A_shine","parent":"root","x":819.73,"y":305.31,"color":"ff1600ff"},{"name":"S1_A_power1","parent":"root","x":443.12,"y":555.55,"scaleX":3,"scaleY":3,"rotation":357.6,"color":"ff2a00ff"},{"name":"S1_A_magic2","parent":"root","x":313.16,"y":468.02,"color":"ff0002ff"},{"name":"S1_A_magic1","parent":"root","x":313.16,"y":557.59,"color":"ff0002ff"}],"slots":[{"name":"S2_attack1_00","bone":"S_A_attack1","blend":"additive"},{"name":"S2_attack2_00","bone":"S_A_attack2","blend":"additive"},{"name":"S2_ex1_00","bone":"S2_ex1","blend":"additive"},{"name":"S2_fire1_00","bone":"S_A_fire1","blend":"additive"},{"name":"S2_slash1_00","bone":"S_A_slash1","blend":"additive"},{"name":"S2_slash2_00","bone":"S_B_slash2","blend":"additive"},{"name":"S2_ex3_00","bone":"S_B_exC1","blend":"additive"},{"name":"S2_ex3_0","bone":"S_B_exC2","blend":"additive"},{"name":"S2_ex3_1","bone":"S_B_exC3","blend":"additive"},{"name":"S2_ex3_3","bone":"S_B_exC4","blend":"additive"},{"name":"S2_ex3_4","bone":"S_B_exC5","blend":"additive"},{"name":"S2_ex3_5","bone":"S_B_exC6","blend":"additive"},{"name":"S1_magic1_A1","bone":"S1_A_magic1","color":"ff4100ff","blend":"additive"},{"name":"S1_magic1_A2","bone":"S1_A_magic2","color":"ff4100ff","blend":"additive"},{"name":"S1_magic1_B1","bone":"S1_B_magic1","color":"44c9ffff","blend":"additive"},{"name":"S1_magic1_B3","bone":"S1_B_magic2","color":"44c9ffff","blend":"additive"},{"name":"EF/5140_S1B_power1/5140_S1B_power1_00000","bone":"S1_B_power1","blend":"additive"},{"name":"EF/5140_S1A_power1/5140_S1A_power1_00000","bone":"S1_A_power1","blend":"additive"},{"name":"EF/5140_S2_attack3/5140_S2_attack3_00000","bone":"S_A_attack3","blend":"additive"},{"name":"EF/5140_S2_attack4/5140_S2_attack4_00002","bone":"S_A_attackD1","blend":"additive"},{"name":"EF/5140_S2_attack4/5140_S2_attack4_2","bone":"S_A_attackD2","blend":"additive"},{"name":"EF/5140_S2_dash1/5140_S2_dash1_00000","bone":"S_AB_dash1","blend":"additive"},{"name":"EF/5140_S2_power1/5140_S2_power1_00001","bone":"S2_powerB1","blend":"additive"},{"name":"EF/5140_S2_ex2/5140_S2_ex2_00000","bone":"S_A_exA1","blend":"additive"},{"name":"EF/5140_S2_power2/5140_S2_power2_00000","bone":"S2_powerA1","blend":"additive"},{"name":"EF/5250_S2_light1/5250_S2_light1_00003","bone":"S1_A_shine","color":"ffaeaeff","blend":"additive"},{"name":"EF/5250_S2_light1/680_S2_shine1_00007","bone":"S1_B_shine","blend":"additive"},{"name":"EF/5140_S2_wing1/5140_S2_wing1_00001","bone":"S_B_wing1_00","blend":"additive"},{"name":"EF/5140_S2_wing1/5140_S2_wing1_1","bone":"S_B_wing1_0","blend":"additive"},{"name":"EF/690_S2_rock1/690_S2_rock1_00000","bone":"S_AB_rock1"},{"name":"EF/690_S2_rock1/690_S2_rock1_0","bone":"S_AB_rock2"},{"name":"EF/690_S2_rock1/690_S2_rock1_1","bone":"S_AB_rock3"},{"name":"EF/690_S2_rock1/690_S2_rock1_2","bone":"S_AB_rock4"}],"skins":{"default":{"EF/5140_S1A_power1/5140_S1A_power1_00000":{"EF/5140_S1A_power1/5140_S1A_power1_00000":{"x":0.72,"y":2.16,"rotation":2.4,"width":250,"height":250},"EF/5140_S1A_power1/5140_S1A_power1_00003":{"x":0.72,"y":2.16,"rotation":2.4,"width":250,"height":250},"EF/5140_S1A_power1/5140_S1A_power1_00004":{"x":0.72,"y":2.16,"rotation":2.4,"width":250,"height":250},"EF/5140_S1A_power1/5140_S1A_power1_00005":{"x":0.72,"y":2.16,"rotation":2.4,"width":250,"height":250},"EF/5140_S1A_power1/5140_S1A_power1_00006":{"x":0.72,"y":2.16,"rotation":2.4,"width":250,"height":250},"EF/5140_S1A_power1/5140_S1A_power1_00007":{"x":0.72,"y":2.16,"rotation":2.4,"width":250,"height":250},"EF/5140_S1A_power1/5140_S1A_power1_00008":{"x":0.72,"y":2.16,"rotation":2.4,"width":250,"height":250}},"EF/5140_S1B_power1/5140_S1B_power1_00000":{"EF/5140_S1B_power1/5140_S1B_power1_00000":{"x":0.68,"y":1,"width":250,"height":250},"EF/5140_S1B_power1/5140_S1B_power1_00003":{"x":0.68,"y":1,"width":250,"height":250},"EF/5140_S1B_power1/5140_S1B_power1_00004":{"x":0.68,"y":1,"width":250,"height":250},"EF/5140_S1B_power1/5140_S1B_power1_00005":{"x":0.68,"y":1,"width":250,"height":250},"EF/5140_S1B_power1/5140_S1B_power1_00006":{"x":0.68,"y":1,"width":250,"height":250},"EF/5140_S1B_power1/5140_S1B_power1_00007":{"x":0.68,"y":1,"width":250,"height":250},"EF/5140_S1B_power1/5140_S1B_power1_00008":{"x":0.68,"y":1,"width":250,"height":250}},"EF/5140_S2_attack3/5140_S2_attack3_00000":{"EF/5140_S2_attack3/5140_S2_attack3_00000":{"x":1.96,"y":-2.3,"width":250,"height":250},"EF/5140_S2_attack3/5140_S2_attack3_00001":{"x":3.59,"y":-2.3,"width":250,"height":250},"EF/5140_S2_attack3/5140_S2_attack3_00002":{"x":5.77,"y":-2.3,"width":250,"height":250},"EF/5140_S2_attack3/5140_S2_attack3_00003":{"x":8.22,"y":-2.3,"width":250,"height":250}},"EF/5140_S2_attack4/5140_S2_attack4_00002":{"EF/5140_S2_attack4/5140_S2_attack4_00002":{"x":24.18,"y":-5.1,"width":250,"height":250},"EF/5140_S2_attack4/5140_S2_attack4_00003":{"x":24.18,"y":-5.1,"width":250,"height":250},"EF/5140_S2_attack4/5140_S2_attack4_00004":{"x":24.18,"y":-5.1,"width":250,"height":250},"EF/5140_S2_attack4/5140_S2_attack4_00005":{"x":24.18,"y":-5.1,"width":250,"height":250},"EF/5140_S2_attack4/5140_S2_attack4_00006":{"x":24.18,"y":-5.1,"width":250,"height":250}},"EF/5140_S2_attack4/5140_S2_attack4_2":{"EF/5140_S2_attack4/5140_S2_attack4_00002":{"x":24.18,"y":5.1,"scaleY":-1,"width":250,"height":250},"EF/5140_S2_attack4/5140_S2_attack4_00003":{"x":24.18,"y":5.1,"scaleY":-1,"width":250,"height":250},"EF/5140_S2_attack4/5140_S2_attack4_00004":{"x":24.18,"y":5.1,"scaleY":-1,"width":250,"height":250},"EF/5140_S2_attack4/5140_S2_attack4_00005":{"x":24.18,"y":5.1,"scaleY":-1,"width":250,"height":250},"EF/5140_S2_attack4/5140_S2_attack4_00006":{"x":24.18,"y":5.1,"scaleY":-1,"width":250,"height":250}},"EF/5140_S2_dash1/5140_S2_dash1_00000":{"EF/5140_S2_dash1/5140_S2_dash1_00000":{"x":-4.96,"y":6.27,"width":250,"height":250},"EF/5140_S2_dash1/5140_S2_dash1_00001":{"x":-4.96,"y":6.27,"width":250,"height":250},"EF/5140_S2_dash1/5140_S2_dash1_00002":{"x":-4.96,"y":6.27,"width":250,"height":250},"EF/5140_S2_dash1/5140_S2_dash1_00003":{"x":-4.96,"y":6.27,"width":250,"height":250},"EF/5140_S2_dash1/5140_S2_dash1_00004":{"x":-4.96,"y":6.27,"width":250,"height":250},"EF/5140_S2_dash1/5140_S2_dash1_00005":{"x":-4.96,"y":6.27,"width":250,"height":250},"EF/5140_S2_dash1/5140_S2_dash1_00006":{"x":-4.96,"y":6.27,"width":250,"height":250},"EF/5140_S2_dash1/5140_S2_dash1_00007":{"x":-4.96,"y":6.27,"width":250,"height":250},"EF/5140_S2_dash1/5140_S2_dash1_00008":{"x":-4.96,"y":6.27,"width":250,"height":250}},"EF/5140_S2_ex2/5140_S2_ex2_00000":{"EF/5140_S2_ex2/5140_S2_ex2_00000":{"x":2.76,"y":12.12,"rotation":-1.2,"width":250,"height":250},"EF/5140_S2_ex2/5140_S2_ex2_00001":{"x":2.76,"y":12.12,"rotation":-1.2,"width":250,"height":250},"EF/5140_S2_ex2/5140_S2_ex2_00002":{"x":2.76,"y":12.12,"rotation":-1.2,"width":250,"height":250},"EF/5140_S2_ex2/5140_S2_ex2_00003":{"x":2.76,"y":12.12,"rotation":-1.2,"width":250,"height":250},"EF/5140_S2_ex2/5140_S2_ex2_00004":{"x":2.76,"y":12.12,"rotation":-1.2,"width":250,"height":250},"EF/5140_S2_ex2/5140_S2_ex2_00005":{"x":2.76,"y":12.12,"rotation":-1.2,"width":250,"height":250},"EF/5140_S2_ex2/5140_S2_ex2_00006":{"x":2.76,"y":12.12,"rotation":-1.2,"width":250,"height":250},"EF/5140_S2_ex2/5140_S2_ex2_00007":{"x":2.76,"y":12.12,"rotation":-1.2,"width":250,"height":250},"EF/5140_S2_ex2/5140_S2_ex2_00008":{"x":2.76,"y":12.12,"rotation":-1.2,"width":250,"height":250},"EF/5140_S2_ex2/5140_S2_ex2_00009":{"x":2.76,"y":12.12,"rotation":-1.2,"width":250,"height":250},"EF/5140_S2_ex2/5140_S2_ex2_00010":{"x":2.76,"y":12.12,"rotation":-1.2,"width":250,"height":250},"EF/5140_S2_ex2/5140_S2_ex2_00011":{"x":2.76,"y":12.12,"rotation":-1.2,"width":250,"height":250},"EF/5140_S2_ex2/5140_S2_ex2_00012":{"x":2.76,"y":12.12,"rotation":-1.2,"width":250,"height":250}},"EF/5140_S2_power1/5140_S2_power1_00001":{"EF/5140_S2_power1/5140_S2_power1_00001":{"x":0.72,"y":1.76,"width":250,"height":250},"EF/5140_S2_power1/5140_S2_power1_00002":{"x":0.72,"y":1.76,"width":250,"height":250},"EF/5140_S2_power1/5140_S2_power1_00003":{"x":0.72,"y":1.76,"width":250,"height":250},"EF/5140_S2_power1/5140_S2_power1_00004":{"x":0.72,"y":1.76,"width":250,"height":250},"EF/5140_S2_power1/5140_S2_power1_00005":{"x":0.72,"y":1.76,"width":250,"height":250},"EF/5140_S2_power1/5140_S2_power1_00006":{"x":0.72,"y":1.76,"width":250,"height":250},"EF/5140_S2_power1/5140_S2_power1_00007":{"x":0.72,"y":1.76,"width":250,"height":250},"EF/5140_S2_power1/5140_S2_power1_00008":{"x":0.72,"y":1.76,"width":250,"height":250},"EF/5140_S2_power1/5140_S2_power1_00009":{"x":0.72,"y":1.76,"width":250,"height":250},"EF/5140_S2_power1/5140_S2_power1_00010":{"x":0.72,"y":1.76,"width":250,"height":250},"EF/5140_S2_power1/5140_S2_power1_00011":{"x":0.72,"y":1.76,"width":250,"height":250},"EF/5140_S2_power1/5140_S2_power1_00012":{"x":0.72,"y":1.76,"width":250,"height":250},"EF/5140_S2_power1/5140_S2_power1_00013":{"x":0.72,"y":1.76,"width":250,"height":250},"EF/5140_S2_power1/5140_S2_power1_00014":{"x":0.72,"y":1.76,"width":250,"height":250},"EF/5140_S2_power1/5140_S2_power1_00015":{"x":0.72,"y":1.76,"width":250,"height":250},"EF/5140_S2_power1/5140_S2_power1_00016":{"x":0.72,"y":1.76,"width":250,"height":250}},"EF/5140_S2_power2/5140_S2_power2_00000":{"EF/5140_S2_power2/5140_S2_power2_00000":{"x":-0.07,"y":1.56,"width":250,"height":250},"EF/5140_S2_power2/5140_S2_power2_00003":{"x":-0.07,"y":1.56,"width":250,"height":250},"EF/5140_S2_power2/5140_S2_power2_00004":{"x":-0.07,"y":1.56,"width":250,"height":250},"EF/5140_S2_power2/5140_S2_power2_00005":{"x":-0.07,"y":1.56,"width":250,"height":250},"EF/5140_S2_power2/5140_S2_power2_00006":{"x":-0.07,"y":1.56,"width":250,"height":250},"EF/5140_S2_power2/5140_S2_power2_00007":{"x":-0.07,"y":1.56,"width":250,"height":250},"EF/5140_S2_power2/5140_S2_power2_00008":{"x":-0.07,"y":1.56,"width":250,"height":250}},"EF/5140_S2_wing1/5140_S2_wing1_00001":{"EF/5140_S2_wing1/5140_S2_wing1_00001":{"x":1.7,"y":-1.83,"width":250,"height":250},"EF/5140_S2_wing1/5140_S2_wing1_00002":{"x":1.7,"y":-1.83,"width":250,"height":250},"EF/5140_S2_wing1/5140_S2_wing1_00003":{"x":1.7,"y":-1.83,"width":250,"height":250},"EF/5140_S2_wing1/5140_S2_wing1_00004":{"x":1.7,"y":-1.83,"width":250,"height":250},"EF/5140_S2_wing1/5140_S2_wing1_00005":{"x":1.7,"y":-1.83,"width":250,"height":250},"EF/5140_S2_wing1/5140_S2_wing1_00006":{"x":1.7,"y":-1.83,"width":250,"height":250},"EF/5140_S2_wing1/5140_S2_wing1_00007":{"x":1.7,"y":-1.83,"width":250,"height":250},"EF/5140_S2_wing1/5140_S2_wing1_00008":{"x":1.7,"y":-1.83,"width":250,"height":250},"EF/5140_S2_wing1/5140_S2_wing1_00009":{"x":1.7,"y":-1.83,"width":250,"height":250},"EF/5140_S2_wing1/5140_S2_wing1_00010":{"x":1.7,"y":-1.83,"width":250,"height":250},"EF/5140_S2_wing1/5140_S2_wing1_00011":{"x":1.7,"y":-1.83,"width":250,"height":250},"EF/5140_S2_wing1/5140_S2_wing1_00012":{"x":1.7,"y":-1.83,"width":250,"height":250},"EF/5140_S2_wing1/5140_S2_wing1_00013":{"x":1.7,"y":-1.83,"width":250,"height":250},"EF/5140_S2_wing1/5140_S2_wing1_00014":{"x":1.7,"y":-1.83,"width":250,"height":250},"EF/5140_S2_wing1/5140_S2_wing1_00015":{"x":1.7,"y":-1.83,"width":250,"height":250},"EF/5140_S2_wing1/5140_S2_wing1_00016":{"x":1.7,"y":-1.83,"width":250,"height":250},"EF/5140_S2_wing1/5140_S2_wing1_00017":{"x":1.7,"y":-1.83,"width":250,"height":250},"EF/5140_S2_wing1/5140_S2_wing1_00018":{"x":1.7,"y":-1.83,"width":250,"height":250},"EF/5140_S2_wing1/5140_S2_wing1_00019":{"x":1.7,"y":-1.83,"width":250,"height":250},"EF/5140_S2_wing1/5140_S2_wing1_00020":{"x":1.7,"y":-1.83,"width":250,"height":250},"EF/5140_S2_wing1/5140_S2_wing1_00021":{"x":1.7,"y":-1.83,"width":250,"height":250},"EF/5140_S2_wing1/5140_S2_wing1_00022":{"x":1.7,"y":-1.83,"width":250,"height":250},"EF/5140_S2_wing1/5140_S2_wing1_00023":{"x":1.7,"y":-1.83,"width":250,"height":250},"EF/5140_S2_wing1/5140_S2_wing1_00024":{"x":1.7,"y":-1.83,"width":250,"height":250},"EF/5140_S2_wing1/5140_S2_wing1_00025":{"x":1.7,"y":-1.83,"width":250,"height":250},"EF/5140_S2_wing1/5140_S2_wing1_00026":{"x":1.7,"y":-1.83,"width":250,"height":250},"EF/5140_S2_wing1/5140_S2_wing1_00027":{"x":1.7,"y":-1.83,"width":250,"height":250},"EF/5140_S2_wing1/5140_S2_wing1_00028":{"x":1.7,"y":-1.83,"width":250,"height":250},"EF/5140_S2_wing1/5140_S2_wing1_00029":{"x":1.7,"y":-1.83,"width":250,"height":250},"EF/5140_S2_wing1/5140_S2_wing1_00030":{"x":1.7,"y":-1.83,"width":250,"height":250}},"EF/5140_S2_wing1/5140_S2_wing1_1":{"EF/5140_S2_wing1/5140_S2_wing1_00001":{"x":1.7,"y":-1.83,"width":250,"height":250},"EF/5140_S2_wing1/5140_S2_wing1_00002":{"x":1.7,"y":-1.83,"width":250,"height":250},"EF/5140_S2_wing1/5140_S2_wing1_00003":{"x":1.7,"y":-1.83,"width":250,"height":250},"EF/5140_S2_wing1/5140_S2_wing1_00004":{"x":1.7,"y":-1.83,"width":250,"height":250},"EF/5140_S2_wing1/5140_S2_wing1_00005":{"x":1.7,"y":-1.83,"width":250,"height":250},"EF/5140_S2_wing1/5140_S2_wing1_00006":{"x":1.7,"y":-1.83,"width":250,"height":250},"EF/5140_S2_wing1/5140_S2_wing1_00007":{"x":1.7,"y":-1.83,"width":250,"height":250},"EF/5140_S2_wing1/5140_S2_wing1_00008":{"x":1.7,"y":-1.83,"width":250,"height":250},"EF/5140_S2_wing1/5140_S2_wing1_00009":{"x":1.7,"y":-1.83,"width":250,"height":250},"EF/5140_S2_wing1/5140_S2_wing1_00010":{"x":1.7,"y":-1.83,"width":250,"height":250},"EF/5140_S2_wing1/5140_S2_wing1_00011":{"x":1.7,"y":-1.83,"width":250,"height":250},"EF/5140_S2_wing1/5140_S2_wing1_00012":{"x":1.7,"y":-1.83,"width":250,"height":250},"EF/5140_S2_wing1/5140_S2_wing1_00013":{"x":1.7,"y":-1.83,"width":250,"height":250},"EF/5140_S2_wing1/5140_S2_wing1_00014":{"x":1.7,"y":-1.83,"width":250,"height":250},"EF/5140_S2_wing1/5140_S2_wing1_00015":{"x":1.7,"y":-1.83,"width":250,"height":250},"EF/5140_S2_wing1/5140_S2_wing1_00016":{"x":1.7,"y":-1.83,"width":250,"height":250},"EF/5140_S2_wing1/5140_S2_wing1_00017":{"x":1.7,"y":-1.83,"width":250,"height":250},"EF/5140_S2_wing1/5140_S2_wing1_00018":{"x":1.7,"y":-1.83,"width":250,"height":250},"EF/5140_S2_wing1/5140_S2_wing1_00019":{"x":1.7,"y":-1.83,"width":250,"height":250},"EF/5140_S2_wing1/5140_S2_wing1_00020":{"x":1.7,"y":-1.83,"width":250,"height":250},"EF/5140_S2_wing1/5140_S2_wing1_00021":{"x":1.7,"y":-1.83,"width":250,"height":250},"EF/5140_S2_wing1/5140_S2_wing1_00022":{"x":1.7,"y":-1.83,"width":250,"height":250},"EF/5140_S2_wing1/5140_S2_wing1_00023":{"x":1.7,"y":-1.83,"width":250,"height":250},"EF/5140_S2_wing1/5140_S2_wing1_00024":{"x":1.7,"y":-1.83,"width":250,"height":250},"EF/5140_S2_wing1/5140_S2_wing1_00025":{"x":1.7,"y":-1.83,"width":250,"height":250},"EF/5140_S2_wing1/5140_S2_wing1_00026":{"x":1.7,"y":-1.83,"width":250,"height":250},"EF/5140_S2_wing1/5140_S2_wing1_00027":{"x":1.7,"y":-1.83,"width":250,"height":250},"EF/5140_S2_wing1/5140_S2_wing1_00028":{"x":1.7,"y":-1.83,"width":250,"height":250},"EF/5140_S2_wing1/5140_S2_wing1_00029":{"x":1.7,"y":-1.83,"width":250,"height":250},"EF/5140_S2_wing1/5140_S2_wing1_00030":{"x":1.7,"y":-1.83,"width":250,"height":250}},"EF/5250_S2_light1/5250_S2_light1_00003":{"EF/5250_S2_light1/5250_S2_light1_00003":{"x":0.19,"y":-0.78,"width":250,"height":250}},"EF/5250_S2_light1/680_S2_shine1_00007":{"EF/5250_S2_light1/680_S2_shine1_00007":{"x":-0.88,"y":-0.71,"scaleX":1.495,"scaleY":1.495,"width":250,"height":250}},"EF/690_S2_rock1/690_S2_rock1_0":{"EF/690_S2_rock1/690_S2_rock1_00000":{"x":1.9,"y":27.94,"width":125,"height":125},"EF/690_S2_rock1/690_S2_rock1_00002":{"x":1.9,"y":27.94,"width":125,"height":125},"EF/690_S2_rock1/690_S2_rock1_00004":{"x":1.9,"y":27.94,"width":125,"height":125},"EF/690_S2_rock1/690_S2_rock1_00006":{"x":1.9,"y":27.94,"width":125,"height":125},"EF/690_S2_rock1/690_S2_rock1_00007":{"x":1.9,"y":27.94,"width":125,"height":125},"EF/690_S2_rock1/690_S2_rock1_00008":{"x":1.9,"y":27.94,"width":125,"height":125}},"EF/690_S2_rock1/690_S2_rock1_00000":{"EF/690_S2_rock1/690_S2_rock1_00000":{"x":1.9,"y":27.94,"width":125,"height":125},"EF/690_S2_rock1/690_S2_rock1_00002":{"x":1.9,"y":27.94,"width":125,"height":125},"EF/690_S2_rock1/690_S2_rock1_00004":{"x":1.9,"y":27.94,"width":125,"height":125},"EF/690_S2_rock1/690_S2_rock1_00006":{"x":1.9,"y":27.94,"width":125,"height":125},"EF/690_S2_rock1/690_S2_rock1_00007":{"x":1.9,"y":27.94,"width":125,"height":125},"EF/690_S2_rock1/690_S2_rock1_00008":{"x":1.9,"y":27.94,"width":125,"height":125}},"EF/690_S2_rock1/690_S2_rock1_1":{"EF/690_S2_rock1/690_S2_rock1_00000":{"x":1.9,"y":27.94,"width":125,"height":125},"EF/690_S2_rock1/690_S2_rock1_00002":{"x":1.9,"y":27.94,"width":125,"height":125},"EF/690_S2_rock1/690_S2_rock1_00004":{"x":1.9,"y":27.94,"width":125,"height":125},"EF/690_S2_rock1/690_S2_rock1_00006":{"x":1.9,"y":27.94,"width":125,"height":125},"EF/690_S2_rock1/690_S2_rock1_00007":{"x":1.9,"y":27.94,"width":125,"height":125},"EF/690_S2_rock1/690_S2_rock1_00008":{"x":1.9,"y":27.94,"width":125,"height":125}},"EF/690_S2_rock1/690_S2_rock1_2":{"EF/690_S2_rock1/690_S2_rock1_00000":{"x":1.9,"y":27.94,"width":125,"height":125},"EF/690_S2_rock1/690_S2_rock1_00002":{"x":1.9,"y":27.94,"width":125,"height":125},"EF/690_S2_rock1/690_S2_rock1_00004":{"x":1.9,"y":27.94,"width":125,"height":125},"EF/690_S2_rock1/690_S2_rock1_00006":{"x":1.9,"y":27.94,"width":125,"height":125},"EF/690_S2_rock1/690_S2_rock1_00007":{"x":1.9,"y":27.94,"width":125,"height":125},"EF/690_S2_rock1/690_S2_rock1_00008":{"x":1.9,"y":27.94,"width":125,"height":125}},"S1_magic1_A1":{"EF/5140_S1_magic1":{"type":"mesh","uvs":[1,1,0,1,0,0,1,0],"triangles":[1,2,3,1,3,0],"vertices":[100,-100,-100,-100,-100,100,100,100],"hull":4,"edges":[0,2,2,4,4,6,0,6],"width":200,"height":200}},"S1_magic1_A2":{"EF/5140_S1_magic1":{"type":"mesh","uvs":[1,1,0,1,0,0,1,0],"triangles":[1,2,3,1,3,0],"vertices":[100,-100,-100,-100,-100,100,100,100],"hull":4,"edges":[0,2,2,4,4,6,0,6],"width":200,"height":200}},"S1_magic1_B1":{"EF/5140_S1_magic1":{"type":"mesh","uvs":[1,1,0,1,0,0,1,0],"triangles":[1,2,3,1,3,0],"vertices":[100,-100,-100,-100,-100,100,100,100],"hull":4,"edges":[0,2,2,4,4,6,0,6],"width":200,"height":200}},"S1_magic1_B3":{"EF/5140_S1_magic1":{"type":"mesh","uvs":[1,1,0,1,0,0,1,0],"triangles":[1,2,3,1,3,0],"vertices":[100,-100,-100,-100,-100,100,100,100],"hull":4,"edges":[0,2,2,4,4,6,0,6],"width":200,"height":200}},"S2_attack1_00":{"EF/5140_S2_attack1/5140_S2_attack1_00002":{"x":-22.04,"y":1.56,"width":250,"height":250}},"S2_attack2_00":{"EF/5140_S2_attack2/5140_S2_attack2_00000":{"x":14,"y":-4.41,"width":250,"height":250},"EF/5140_S2_attack2/5140_S2_attack2_00001":{"x":14.49,"y":-4.41,"width":250,"height":250},"EF/5140_S2_attack2/5140_S2_attack2_00002":{"x":14.49,"y":-4.41,"width":250,"height":250},"EF/5140_S2_attack2/5140_S2_attack2_00003":{"x":14.49,"y":-4.41,"width":250,"height":250},"EF/5140_S2_attack2/5140_S2_attack2_00004":{"x":14.49,"y":-4.41,"width":250,"height":250},"EF/5140_S2_attack2/5140_S2_attack2_00005":{"x":14.49,"y":-4.41,"width":250,"height":250}},"S2_ex1_00":{"EF/5140_S2_ex1/5140_S2_ex1_00000":{"x":-0.73,"y":7.5,"width":250,"height":250},"EF/5140_S2_ex1/5140_S2_ex1_00001":{"x":-0.73,"y":7.5,"width":250,"height":250},"EF/5140_S2_ex1/5140_S2_ex1_00002":{"x":-0.73,"y":7.5,"width":250,"height":250},"EF/5140_S2_ex1/5140_S2_ex1_00003":{"x":-0.73,"y":7.5,"width":250,"height":250},"EF/5140_S2_ex1/5140_S2_ex1_00004":{"x":-0.73,"y":7.5,"width":250,"height":250},"EF/5140_S2_ex1/5140_S2_ex1_00005":{"x":-0.73,"y":7.5,"width":250,"height":250},"EF/5140_S2_ex1/5140_S2_ex1_00006":{"x":-0.73,"y":7.5,"width":250,"height":250},"EF/5140_S2_ex1/5140_S2_ex1_00007":{"x":-0.73,"y":7.5,"width":250,"height":250},"EF/5140_S2_ex1/5140_S2_ex1_00008":{"x":-0.73,"y":7.5,"width":250,"height":250},"EF/5140_S2_ex1/5140_S2_ex1_00009":{"x":-0.73,"y":7.5,"width":250,"height":250},"EF/5140_S2_ex1/5140_S2_ex1_00010":{"x":-0.73,"y":7.5,"width":250,"height":250},"EF/5140_S2_ex1/5140_S2_ex1_00011":{"x":-0.73,"y":7.5,"width":250,"height":250},"EF/5140_S2_ex1/5140_S2_ex1_00012":{"x":-0.73,"y":7.5,"width":250,"height":250}},"S2_ex3_0":{"EF/5140_S2_ex3/5140_S2_ex3_00000":{"x":7.56,"y":20.07,"width":250,"height":250},"EF/5140_S2_ex3/5140_S2_ex3_00001":{"x":7.56,"y":20.07,"width":250,"height":250},"EF/5140_S2_ex3/5140_S2_ex3_00002":{"x":7.56,"y":20.06,"width":250,"height":250},"EF/5140_S2_ex3/5140_S2_ex3_00003":{"x":7.56,"y":20.06,"width":250,"height":250},"EF/5140_S2_ex3/5140_S2_ex3_00004":{"x":7.56,"y":20.06,"width":250,"height":250},"EF/5140_S2_ex3/5140_S2_ex3_00005":{"x":7.56,"y":20.06,"width":250,"height":250},"EF/5140_S2_ex3/5140_S2_ex3_00006":{"x":7.56,"y":20.06,"width":250,"height":250},"EF/5140_S2_ex3/5140_S2_ex3_00007":{"x":7.56,"y":20.06,"width":250,"height":250},"EF/5140_S2_ex3/5140_S2_ex3_00008":{"x":7.56,"y":20.06,"width":250,"height":250},"EF/5140_S2_ex3/5140_S2_ex3_00009":{"x":7.56,"y":20.06,"width":250,"height":250},"EF/5140_S2_ex3/5140_S2_ex3_00010":{"x":7.56,"y":20.06,"width":250,"height":250},"EF/5140_S2_ex3/5140_S2_ex3_00011":{"x":7.56,"y":20.06,"width":250,"height":250},"EF/5140_S2_ex3/5140_S2_ex3_00012":{"x":7.56,"y":20.07,"width":250,"height":250}},"S2_ex3_00":{"EF/5140_S2_ex3/5140_S2_ex3_00000":{"x":7.56,"y":20.07,"width":250,"height":250},"EF/5140_S2_ex3/5140_S2_ex3_00001":{"x":7.56,"y":20.07,"width":250,"height":250},"EF/5140_S2_ex3/5140_S2_ex3_00002":{"x":7.56,"y":20.06,"width":250,"height":250},"EF/5140_S2_ex3/5140_S2_ex3_00003":{"x":7.56,"y":20.06,"width":250,"height":250},"EF/5140_S2_ex3/5140_S2_ex3_00004":{"x":7.56,"y":20.06,"width":250,"height":250},"EF/5140_S2_ex3/5140_S2_ex3_00005":{"x":7.56,"y":20.06,"width":250,"height":250},"EF/5140_S2_ex3/5140_S2_ex3_00006":{"x":7.56,"y":20.06,"width":250,"height":250},"EF/5140_S2_ex3/5140_S2_ex3_00007":{"x":7.56,"y":20.06,"width":250,"height":250},"EF/5140_S2_ex3/5140_S2_ex3_00008":{"x":7.56,"y":20.06,"width":250,"height":250},"EF/5140_S2_ex3/5140_S2_ex3_00009":{"x":7.56,"y":20.06,"width":250,"height":250},"EF/5140_S2_ex3/5140_S2_ex3_00010":{"x":7.56,"y":20.06,"width":250,"height":250},"EF/5140_S2_ex3/5140_S2_ex3_00011":{"x":7.56,"y":20.06,"width":250,"height":250},"EF/5140_S2_ex3/5140_S2_ex3_00012":{"x":7.56,"y":20.07,"width":250,"height":250}},"S2_ex3_1":{"EF/5140_S2_ex3/5140_S2_ex3_00000":{"x":7.56,"y":20.07,"width":250,"height":250},"EF/5140_S2_ex3/5140_S2_ex3_00001":{"x":7.56,"y":20.07,"width":250,"height":250},"EF/5140_S2_ex3/5140_S2_ex3_00002":{"x":7.56,"y":20.06,"width":250,"height":250},"EF/5140_S2_ex3/5140_S2_ex3_00003":{"x":7.56,"y":20.06,"width":250,"height":250},"EF/5140_S2_ex3/5140_S2_ex3_00004":{"x":7.56,"y":20.06,"width":250,"height":250},"EF/5140_S2_ex3/5140_S2_ex3_00005":{"x":7.56,"y":20.06,"width":250,"height":250},"EF/5140_S2_ex3/5140_S2_ex3_00006":{"x":7.56,"y":20.06,"width":250,"height":250},"EF/5140_S2_ex3/5140_S2_ex3_00007":{"x":7.56,"y":20.06,"width":250,"height":250},"EF/5140_S2_ex3/5140_S2_ex3_00008":{"x":7.56,"y":20.06,"width":250,"height":250},"EF/5140_S2_ex3/5140_S2_ex3_00009":{"x":7.56,"y":20.06,"width":250,"height":250},"EF/5140_S2_ex3/5140_S2_ex3_00010":{"x":7.56,"y":20.06,"width":250,"height":250},"EF/5140_S2_ex3/5140_S2_ex3_00011":{"x":7.56,"y":20.06,"width":250,"height":250},"EF/5140_S2_ex3/5140_S2_ex3_00012":{"x":7.56,"y":20.07,"width":250,"height":250}},"S2_ex3_3":{"EF/5140_S2_ex3/5140_S2_ex3_00000":{"x":7.56,"y":20.07,"width":250,"height":250},"EF/5140_S2_ex3/5140_S2_ex3_00001":{"x":7.56,"y":20.07,"width":250,"height":250},"EF/5140_S2_ex3/5140_S2_ex3_00002":{"x":7.56,"y":20.06,"width":250,"height":250},"EF/5140_S2_ex3/5140_S2_ex3_00003":{"x":7.56,"y":20.06,"width":250,"height":250},"EF/5140_S2_ex3/5140_S2_ex3_00004":{"x":7.56,"y":20.06,"width":250,"height":250},"EF/5140_S2_ex3/5140_S2_ex3_00005":{"x":7.56,"y":20.06,"width":250,"height":250},"EF/5140_S2_ex3/5140_S2_ex3_00006":{"x":7.56,"y":20.06,"width":250,"height":250},"EF/5140_S2_ex3/5140_S2_ex3_00007":{"x":7.56,"y":20.06,"width":250,"height":250},"EF/5140_S2_ex3/5140_S2_ex3_00008":{"x":7.56,"y":20.06,"width":250,"height":250},"EF/5140_S2_ex3/5140_S2_ex3_00009":{"x":7.56,"y":20.06,"width":250,"height":250},"EF/5140_S2_ex3/5140_S2_ex3_00010":{"x":7.56,"y":20.06,"width":250,"height":250},"EF/5140_S2_ex3/5140_S2_ex3_00011":{"x":7.56,"y":20.06,"width":250,"height":250},"EF/5140_S2_ex3/5140_S2_ex3_00012":{"x":7.56,"y":20.07,"width":250,"height":250}},"S2_ex3_4":{"EF/5140_S2_ex3/5140_S2_ex3_00000":{"x":7.56,"y":20.07,"width":250,"height":250},"EF/5140_S2_ex3/5140_S2_ex3_00001":{"x":7.56,"y":20.07,"width":250,"height":250},"EF/5140_S2_ex3/5140_S2_ex3_00002":{"x":7.56,"y":20.06,"width":250,"height":250},"EF/5140_S2_ex3/5140_S2_ex3_00003":{"x":7.56,"y":20.06,"width":250,"height":250},"EF/5140_S2_ex3/5140_S2_ex3_00004":{"x":7.56,"y":20.06,"width":250,"height":250},"EF/5140_S2_ex3/5140_S2_ex3_00005":{"x":7.56,"y":20.06,"width":250,"height":250},"EF/5140_S2_ex3/5140_S2_ex3_00006":{"x":7.56,"y":20.06,"width":250,"height":250},"EF/5140_S2_ex3/5140_S2_ex3_00007":{"x":7.56,"y":20.06,"width":250,"height":250},"EF/5140_S2_ex3/5140_S2_ex3_00008":{"x":7.56,"y":20.06,"width":250,"height":250},"EF/5140_S2_ex3/5140_S2_ex3_00009":{"x":7.56,"y":20.06,"width":250,"height":250},"EF/5140_S2_ex3/5140_S2_ex3_00010":{"x":7.56,"y":20.06,"width":250,"height":250},"EF/5140_S2_ex3/5140_S2_ex3_00011":{"x":7.56,"y":20.06,"width":250,"height":250},"EF/5140_S2_ex3/5140_S2_ex3_00012":{"x":7.56,"y":20.07,"width":250,"height":250}},"S2_ex3_5":{"EF/5140_S2_ex3/5140_S2_ex3_00000":{"x":7.56,"y":20.07,"width":250,"height":250},"EF/5140_S2_ex3/5140_S2_ex3_00001":{"x":7.56,"y":20.07,"width":250,"height":250},"EF/5140_S2_ex3/5140_S2_ex3_00002":{"x":7.56,"y":20.06,"width":250,"height":250},"EF/5140_S2_ex3/5140_S2_ex3_00003":{"x":7.56,"y":20.06,"width":250,"height":250},"EF/5140_S2_ex3/5140_S2_ex3_00004":{"x":7.56,"y":20.06,"width":250,"height":250},"EF/5140_S2_ex3/5140_S2_ex3_00005":{"x":7.56,"y":20.06,"width":250,"height":250},"EF/5140_S2_ex3/5140_S2_ex3_00006":{"x":7.56,"y":20.06,"width":250,"height":250},"EF/5140_S2_ex3/5140_S2_ex3_00007":{"x":7.56,"y":20.06,"width":250,"height":250},"EF/5140_S2_ex3/5140_S2_ex3_00008":{"x":7.56,"y":20.06,"width":250,"height":250},"EF/5140_S2_ex3/5140_S2_ex3_00009":{"x":7.56,"y":20.06,"width":250,"height":250},"EF/5140_S2_ex3/5140_S2_ex3_00010":{"x":7.56,"y":20.06,"width":250,"height":250},"EF/5140_S2_ex3/5140_S2_ex3_00011":{"x":7.56,"y":20.06,"width":250,"height":250},"EF/5140_S2_ex3/5140_S2_ex3_00012":{"x":7.56,"y":20.07,"width":250,"height":250}},"S2_fire1_00":{"EF/5140_S2_fire1/5140_S2_fire1_00000":{"x":-5.43,"y":-3.82,"width":250,"height":250},"EF/5140_S2_fire1/5140_S2_fire1_00001":{"x":-5.43,"y":-3.82,"width":250,"height":250},"EF/5140_S2_fire1/5140_S2_fire1_00002":{"x":-5.43,"y":-3.82,"width":250,"height":250},"EF/5140_S2_fire1/5140_S2_fire1_00003":{"x":-5.43,"y":-3.82,"width":250,"height":250},"EF/5140_S2_fire1/5140_S2_fire1_00004":{"x":-5.43,"y":-3.82,"width":250,"height":250},"EF/5140_S2_fire1/5140_S2_fire1_00005":{"x":-5.43,"y":-3.82,"width":250,"height":250},"EF/5140_S2_fire1/5140_S2_fire1_00006":{"x":-5.43,"y":-3.82,"width":250,"height":250}},"S2_slash1_00":{"EF/5140_S2_slash1/5140_S2_slash1_00000":{"x":4.95,"y":-30.28,"scaleY":1.011,"width":250,"height":250},"EF/5140_S2_slash1/5140_S2_slash1_00001":{"x":4.95,"y":-30.28,"width":250,"height":250},"EF/5140_S2_slash1/5140_S2_slash1_00002":{"x":4.95,"y":-30.28,"width":250,"height":250},"EF/5140_S2_slash1/5140_S2_slash1_00003":{"x":4.95,"y":-30.28,"width":250,"height":250},"EF/5140_S2_slash1/5140_S2_slash1_00004":{"x":4.95,"y":-30.28,"width":250,"height":250}},"S2_slash2_00":{"EF/5140_S2_slash2/5140_S2_slash2_00000":{"x":65.33,"y":31.83,"width":250,"height":250},"EF/5140_S2_slash2/5140_S2_slash2_00001":{"x":65.33,"y":31.83,"width":250,"height":250},"EF/5140_S2_slash2/5140_S2_slash2_00002":{"x":65.33,"y":31.83,"width":250,"height":250},"EF/5140_S2_slash2/5140_S2_slash2_00003":{"x":65.33,"y":31.83,"width":250,"height":250}}}},"animations":{"2-attack1":{},"2-attack2":{},"2-attack3":{},"2-skill1":{"slots":{"EF/5140_S1A_power1/5140_S1A_power1_00000":{"attachment":[{"time":0,"name":null},{"time":0.1666,"name":"EF/5140_S1A_power1/5140_S1A_power1_00000"},{"time":0.2333,"name":"EF/5140_S1A_power1/5140_S1A_power1_00004"},{"time":0.2666,"name":"EF/5140_S1A_power1/5140_S1A_power1_00005"},{"time":0.3,"name":"EF/5140_S1A_power1/5140_S1A_power1_00006"},{"time":0.3333,"name":"EF/5140_S1A_power1/5140_S1A_power1_00007"},{"time":0.3666,"name":"EF/5140_S1A_power1/5140_S1A_power1_00008"}],"color":[{"time":0.3666,"color":"ffffffff"},{"time":0.4666,"color":"ffffff00"}]},"EF/5140_S2_attack3/5140_S2_attack3_00000":{"attachment":[{"time":0.6,"name":"EF/5140_S2_attack3/5140_S2_attack3_00000"},{"time":0.6333,"name":"EF/5140_S2_attack3/5140_S2_attack3_00001"},{"time":0.6666,"name":"EF/5140_S2_attack3/5140_S2_attack3_00002"},{"time":0.7,"name":"EF/5140_S2_attack3/5140_S2_attack3_00003"},{"time":0.7333,"name":null}]},"EF/5140_S2_attack4/5140_S2_attack4_00002":{"attachment":[{"time":0.6,"name":"EF/5140_S2_attack4/5140_S2_attack4_00002"},{"time":0.6333,"name":"EF/5140_S2_attack4/5140_S2_attack4_00003"},{"time":0.6666,"name":"EF/5140_S2_attack4/5140_S2_attack4_00004"},{"time":0.7,"name":"EF/5140_S2_attack4/5140_S2_attack4_00005"},{"time":0.7333,"name":"EF/5140_S2_attack4/5140_S2_attack4_00006"},{"time":0.7666,"name":null}]},"EF/5140_S2_attack4/5140_S2_attack4_2":{"attachment":[{"time":0.6,"name":"EF/5140_S2_attack4/5140_S2_attack4_00002"},{"time":0.6333,"name":"EF/5140_S2_attack4/5140_S2_attack4_00003"},{"time":0.6666,"name":"EF/5140_S2_attack4/5140_S2_attack4_00004"},{"time":0.7,"name":"EF/5140_S2_attack4/5140_S2_attack4_00005"},{"time":0.7333,"name":"EF/5140_S2_attack4/5140_S2_attack4_00006"},{"time":0.7666,"name":null}]},"EF/5140_S2_dash1/5140_S2_dash1_00000":{"attachment":[{"time":0.5333,"name":"EF/5140_S2_dash1/5140_S2_dash1_00000"},{"time":0.5666,"name":"EF/5140_S2_dash1/5140_S2_dash1_00001"},{"time":0.6,"name":"EF/5140_S2_dash1/5140_S2_dash1_00002"},{"time":0.6333,"name":"EF/5140_S2_dash1/5140_S2_dash1_00003"},{"time":0.6666,"name":"EF/5140_S2_dash1/5140_S2_dash1_00004"},{"time":0.7,"name":"EF/5140_S2_dash1/5140_S2_dash1_00005"},{"time":0.7333,"name":"EF/5140_S2_dash1/5140_S2_dash1_00006"},{"time":0.7666,"name":"EF/5140_S2_dash1/5140_S2_dash1_00007"},{"time":0.8,"name":"EF/5140_S2_dash1/5140_S2_dash1_00008"}],"color":[{"time":0.8,"color":"ffffffff"},{"time":0.8666,"color":"ffffff00"}]},"EF/5140_S2_ex2/5140_S2_ex2_00000":{"color":[{"time":1,"color":"ffffff00"}]},"EF/5250_S2_light1/5250_S2_light1_00003":{"attachment":[{"time":0.1666,"name":"EF/5250_S2_light1/5250_S2_light1_00003"},{"time":0.3,"name":null}]},"S1_magic1_A1":{"attachment":[{"time":0.1666,"name":"EF/5140_S1_magic1"}],"color":[{"time":0.1666,"color":"ff410061"},{"time":0.2333,"color":"ff4100ff","curve":[0.25,0,0.865,0.33]},{"time":0.5333,"color":"ff410000"}]},"S1_magic1_A2":{"attachment":[{"time":0.1666,"name":"EF/5140_S1_magic1"}],"color":[{"time":0.1666,"color":"ff410061"},{"time":0.2333,"color":"ff4100ff","curve":[0.25,0,0.865,0.33]},{"time":0.5333,"color":"ff410000"}]},"S2_attack1_00":{"attachment":[{"time":0.6,"name":"EF/5140_S2_attack1/5140_S2_attack1_00002"},{"time":0.7,"name":null}]},"S2_attack2_00":{"attachment":[{"time":0.6,"name":"EF/5140_S2_attack2/5140_S2_attack2_00000"},{"time":0.6333,"name":"EF/5140_S2_attack2/5140_S2_attack2_00001"},{"time":0.6666,"name":"EF/5140_S2_attack2/5140_S2_attack2_00002"},{"time":0.7,"name":"EF/5140_S2_attack2/5140_S2_attack2_00003"},{"time":0.7333,"name":"EF/5140_S2_attack2/5140_S2_attack2_00004"},{"time":0.7666,"name":"EF/5140_S2_attack2/5140_S2_attack2_00005"},{"time":0.8,"name":null}]}},"bones":{"S1_A_magic1":{"rotate":[{"time":0.1666,"angle":-25.9}],"translate":[{"time":0.1666,"x":-304.25,"y":-497.25}],"scale":[{"time":0.1666,"x":1.886,"y":0.458,"curve":[0.074,0.76,0.75,1]},{"time":0.3333,"x":2.416,"y":0.587}]},"S1_A_power1":{"translate":[{"time":0.1666,"x":-433.15,"y":-503.13}],"scale":[{"time":0.1666,"x":1,"y":1,"curve":"stepped"},{"time":0.2,"x":1.237,"y":1.237,"curve":"stepped"},{"time":0.2333,"x":1.666,"y":1.666,"curve":"stepped"},{"time":0.3666,"x":1.666,"y":1.666},{"time":0.4666,"x":2,"y":2}]},"S_A_attack1":{"translate":[{"time":0.6,"x":-771.47,"y":-491.95}],"scale":[{"time":0.6,"x":1.912,"y":0.798,"curve":"stepped"},{"time":0.6333,"x":1.912,"y":1.845},{"time":0.7,"x":1.912,"y":0.286}]},"S_A_attack2":{"translate":[{"time":0.6,"x":-984.26,"y":-493.5}],"scale":[{"time":0.6,"x":1.506,"y":1.004}]},"S_AB_dash1":{"translate":[{"time":0.5333,"x":-211.67,"y":343.72}],"scale":[{"time":0.5333,"x":1.652,"y":1.652}]},"S1_A_shine":{"translate":[{"time":0.1666,"x":-813.28,"y":-245.53}],"scale":[{"time":0.1666,"x":2,"y":2},{"time":0.2,"x":2.297,"y":2.297},{"time":0.3,"x":0.1,"y":0.1}]},"S_A_attack3":{"translate":[{"time":0.6,"x":-1020.4,"y":-491.49}],"scale":[{"time":0.6,"x":3,"y":3}]},"S1_A_magic2":{"rotate":[{"time":0.1666,"angle":25.46}],"translate":[{"time":0.1666,"x":-307.5,"y":-411.23}],"scale":[{"time":0.1666,"x":1.865,"y":0.509,"curve":[0.074,0.76,0.75,1]},{"time":0.3333,"x":2.39,"y":0.652}]},"S_A_attackD1":{"translate":[{"time":0.6,"x":-513.91,"y":-192.91}],"scale":[{"time":0.6,"x":0.837,"y":0.837}]},"S_A_attackD2":{"translate":[{"time":0.6,"x":-507.32,"y":-228.72}],"scale":[{"time":0.6,"x":0.838,"y":0.838}]},"S_A_exA1":{"scale":[{"time":1,"x":1.95,"y":1.85}]}},"ffd":{"default":{"S1_magic1_A1":{"EF/5140_S1_magic1":[{"time":0.1666},{"time":0.4333,"vertices":[-25.79451,-20.37357,-20.37371,25.79473,25.79453,20.37387,20.37374,-25.79443]}]},"S1_magic1_A2":{"EF/5140_S1_magic1":[{"time":0.1666},{"time":0.4333,"vertices":[24.10322,32.18929,32.18924,-24.10364,-24.10365,-32.18972,-32.1897,24.10321]}]}}}},"2-skill2":{"slots":{"EF/5140_S2_attack3/5140_S2_attack3_00000":{"attachment":[{"time":1.7666,"name":"EF/5140_S2_attack3/5140_S2_attack3_00000"},{"time":1.8,"name":"EF/5140_S2_attack3/5140_S2_attack3_00001"},{"time":1.8333,"name":"EF/5140_S2_attack3/5140_S2_attack3_00002"},{"time":1.8666,"name":"EF/5140_S2_attack3/5140_S2_attack3_00003"},{"time":1.9,"name":null}]},"EF/5140_S2_attack4/5140_S2_attack4_2":{"attachment":[{"time":1.7666,"name":"EF/5140_S2_attack4/5140_S2_attack4_00002"},{"time":1.8,"name":"EF/5140_S2_attack4/5140_S2_attack4_00003"},{"time":1.8333,"name":"EF/5140_S2_attack4/5140_S2_attack4_00004"},{"time":1.8666,"name":"EF/5140_S2_attack4/5140_S2_attack4_00005"},{"time":1.9,"name":"EF/5140_S2_attack4/5140_S2_attack4_00006"},{"time":1.9333,"name":null}]},"EF/5140_S2_attack4/5140_S2_attack4_00002":{"attachment":[{"time":1.7666,"name":"EF/5140_S2_attack4/5140_S2_attack4_00002"},{"time":1.8,"name":"EF/5140_S2_attack4/5140_S2_attack4_00003"},{"time":1.8333,"name":"EF/5140_S2_attack4/5140_S2_attack4_00004"},{"time":1.8666,"name":"EF/5140_S2_attack4/5140_S2_attack4_00005"},{"time":1.9,"name":"EF/5140_S2_attack4/5140_S2_attack4_00006"},{"time":1.9333,"name":null},{"time":2.7,"name":"EF/5140_S2_attack4/5140_S2_attack4_00002"},{"time":2.7333,"name":"EF/5140_S2_attack4/5140_S2_attack4_00003"},{"time":2.7666,"name":"EF/5140_S2_attack4/5140_S2_attack4_00004"},{"time":2.8,"name":"EF/5140_S2_attack4/5140_S2_attack4_00005"},{"time":2.8333,"name":"EF/5140_S2_attack4/5140_S2_attack4_00006"},{"time":2.8666,"name":null}]},"EF/5140_S2_dash1/5140_S2_dash1_00000":{"attachment":[{"time":1.7,"name":"EF/5140_S2_dash1/5140_S2_dash1_00000"},{"time":1.7333,"name":"EF/5140_S2_dash1/5140_S2_dash1_00001"},{"time":1.7666,"name":"EF/5140_S2_dash1/5140_S2_dash1_00002"},{"time":1.8,"name":"EF/5140_S2_dash1/5140_S2_dash1_00003"},{"time":1.8333,"name":"EF/5140_S2_dash1/5140_S2_dash1_00004"},{"time":1.8666,"name":"EF/5140_S2_dash1/5140_S2_dash1_00005"},{"time":1.9,"name":"EF/5140_S2_dash1/5140_S2_dash1_00006"},{"time":1.9333,"name":"EF/5140_S2_dash1/5140_S2_dash1_00007"},{"time":1.9666,"name":"EF/5140_S2_dash1/5140_S2_dash1_00008"},{"time":3.5666,"name":"EF/5140_S2_dash1/5140_S2_dash1_00000"},{"time":3.6,"name":"EF/5140_S2_dash1/5140_S2_dash1_00001"},{"time":3.6333,"name":"EF/5140_S2_dash1/5140_S2_dash1_00002"},{"time":3.6666,"name":"EF/5140_S2_dash1/5140_S2_dash1_00003"},{"time":3.7,"name":"EF/5140_S2_dash1/5140_S2_dash1_00004"},{"time":3.7333,"name":"EF/5140_S2_dash1/5140_S2_dash1_00005"},{"time":3.7666,"name":"EF/5140_S2_dash1/5140_S2_dash1_00006"},{"time":3.8,"name":"EF/5140_S2_dash1/5140_S2_dash1_00007"},{"time":3.8333,"name":"EF/5140_S2_dash1/5140_S2_dash1_00008"}],"color":[{"time":1.9666,"color":"ffffffff"},{"time":2.0333,"color":"ffffff00","curve":"stepped"},{"time":3.5666,"color":"ffffffff","curve":"stepped"},{"time":3.8333,"color":"ffffffff"},{"time":3.9,"color":"ffffff00"}]},"EF/5140_S2_ex2/5140_S2_ex2_00000":{"attachment":[{"time":2.7,"name":"EF/5140_S2_ex2/5140_S2_ex2_00000"},{"time":2.7333,"name":"EF/5140_S2_ex2/5140_S2_ex2_00001"},{"time":2.7666,"name":"EF/5140_S2_ex2/5140_S2_ex2_00002"},{"time":2.8,"name":"EF/5140_S2_ex2/5140_S2_ex2_00003"},{"time":2.8333,"name":"EF/5140_S2_ex2/5140_S2_ex2_00004"},{"time":2.8666,"name":"EF/5140_S2_ex2/5140_S2_ex2_00005"},{"time":2.9,"name":"EF/5140_S2_ex2/5140_S2_ex2_00006"},{"time":2.9333,"name":"EF/5140_S2_ex2/5140_S2_ex2_00007"},{"time":2.9666,"name":"EF/5140_S2_ex2/5140_S2_ex2_00008"},{"time":3,"name":"EF/5140_S2_ex2/5140_S2_ex2_00009"},{"time":3.0333,"name":"EF/5140_S2_ex2/5140_S2_ex2_00010"},{"time":3.0666,"name":"EF/5140_S2_ex2/5140_S2_ex2_00011"},{"time":3.1,"name":"EF/5140_S2_ex2/5140_S2_ex2_00012"}],"color":[{"time":3.1,"color":"ffffffff"},{"time":3.2333,"color":"ffffff00"}]},"EF/5140_S2_power1/5140_S2_power1_00001":{"attachment":[{"time":0,"name":"EF/5140_S2_power1/5140_S2_power1_00016"},{"time":0.0333,"name":"EF/5140_S2_power1/5140_S2_power1_00002"},{"time":0.0666,"name":"EF/5140_S2_power1/5140_S2_power1_00003"},{"time":0.1,"name":"EF/5140_S2_power1/5140_S2_power1_00004"},{"time":0.1333,"name":"EF/5140_S2_power1/5140_S2_power1_00005"},{"time":0.1666,"name":"EF/5140_S2_power1/5140_S2_power1_00006"},{"time":0.2,"name":"EF/5140_S2_power1/5140_S2_power1_00007"},{"time":0.2333,"name":"EF/5140_S2_power1/5140_S2_power1_00008"},{"time":0.2666,"name":"EF/5140_S2_power1/5140_S2_power1_00009"},{"time":0.3,"name":"EF/5140_S2_power1/5140_S2_power1_00010"},{"time":0.3333,"name":"EF/5140_S2_power1/5140_S2_power1_00011"},{"time":0.3666,"name":"EF/5140_S2_power1/5140_S2_power1_00012"},{"time":0.4,"name":"EF/5140_S2_power1/5140_S2_power1_00003"},{"time":0.4333,"name":"EF/5140_S2_power1/5140_S2_power1_00004"},{"time":0.4666,"name":"EF/5140_S2_power1/5140_S2_power1_00005"},{"time":0.5,"name":"EF/5140_S2_power1/5140_S2_power1_00006"},{"time":0.5333,"name":"EF/5140_S2_power1/5140_S2_power1_00007"},{"time":0.5666,"name":"EF/5140_S2_power1/5140_S2_power1_00008"},{"time":0.6,"name":"EF/5140_S2_power1/5140_S2_power1_00009"},{"time":0.6333,"name":"EF/5140_S2_power1/5140_S2_power1_00010"},{"time":0.6666,"name":"EF/5140_S2_power1/5140_S2_power1_00011"},{"time":0.7,"name":"EF/5140_S2_power1/5140_S2_power1_00012"},{"time":0.7333,"name":"EF/5140_S2_power1/5140_S2_power1_00003"},{"time":0.7666,"name":"EF/5140_S2_power1/5140_S2_power1_00004"},{"time":0.8,"name":"EF/5140_S2_power1/5140_S2_power1_00005"},{"time":0.8333,"name":"EF/5140_S2_power1/5140_S2_power1_00006"},{"time":0.8666,"name":"EF/5140_S2_power1/5140_S2_power1_00007"},{"time":0.9,"name":"EF/5140_S2_power1/5140_S2_power1_00008"},{"time":0.9333,"name":"EF/5140_S2_power1/5140_S2_power1_00009"},{"time":0.9666,"name":"EF/5140_S2_power1/5140_S2_power1_00003"},{"time":1,"name":"EF/5140_S2_power1/5140_S2_power1_00004"},{"time":1.0333,"name":"EF/5140_S2_power1/5140_S2_power1_00005"},{"time":1.0666,"name":"EF/5140_S2_power1/5140_S2_power1_00006"},{"time":1.1,"name":"EF/5140_S2_power1/5140_S2_power1_00007"},{"time":1.1333,"name":"EF/5140_S2_power1/5140_S2_power1_00008"},{"time":1.1666,"name":"EF/5140_S2_power1/5140_S2_power1_00009"},{"time":1.2,"name":"EF/5140_S2_power1/5140_S2_power1_00003"},{"time":1.2333,"name":"EF/5140_S2_power1/5140_S2_power1_00004"},{"time":1.2666,"name":"EF/5140_S2_power1/5140_S2_power1_00005"},{"time":1.3,"name":"EF/5140_S2_power1/5140_S2_power1_00006"},{"time":1.3333,"name":"EF/5140_S2_power1/5140_S2_power1_00007"},{"time":1.3666,"name":"EF/5140_S2_power1/5140_S2_power1_00008"},{"time":1.4,"name":"EF/5140_S2_power1/5140_S2_power1_00009"},{"time":1.4333,"name":"EF/5140_S2_power1/5140_S2_power1_00010"},{"time":1.4666,"name":"EF/5140_S2_power1/5140_S2_power1_00011"},{"time":1.5,"name":"EF/5140_S2_power1/5140_S2_power1_00012"},{"time":1.5333,"name":"EF/5140_S2_power1/5140_S2_power1_00013"},{"time":1.5666,"name":"EF/5140_S2_power1/5140_S2_power1_00014"},{"time":1.6,"name":"EF/5140_S2_power1/5140_S2_power1_00015"},{"time":1.6333,"name":"EF/5140_S2_power1/5140_S2_power1_00016"}],"color":[{"time":0,"color":"ffffff00"},{"time":0.1666,"color":"ffffffc6"},{"time":0.5,"color":"ffffff72"},{"time":0.8333,"color":"ffffffc6"},{"time":1.1666,"color":"ffffff72"},{"time":1.5,"color":"ffffffc6"},{"time":1.6333,"color":"ffffff00"}]},"EF/5140_S2_power2/5140_S2_power2_00000":{"attachment":[{"time":0,"name":null},{"time":1.5,"name":"EF/5140_S2_power2/5140_S2_power2_00000"},{"time":1.5333,"name":"EF/5140_S2_power2/5140_S2_power2_00005"},{"time":1.5666,"name":"EF/5140_S2_power2/5140_S2_power2_00006"},{"time":1.6,"name":"EF/5140_S2_power2/5140_S2_power2_00007"},{"time":1.6333,"name":"EF/5140_S2_power2/5140_S2_power2_00008"}],"color":[{"time":0,"color":"ffffff00"},{"time":1.6333,"color":"ffffffff"},{"time":1.7,"color":"ffffff00"}]},"EF/5140_S2_wing1/5140_S2_wing1_00001":{"attachment":[{"time":3.5666,"name":"EF/5140_S2_wing1/5140_S2_wing1_00001"},{"time":3.6,"name":"EF/5140_S2_wing1/5140_S2_wing1_00002"},{"time":3.6333,"name":"EF/5140_S2_wing1/5140_S2_wing1_00003"},{"time":3.6666,"name":"EF/5140_S2_wing1/5140_S2_wing1_00004"},{"time":3.7,"name":"EF/5140_S2_wing1/5140_S2_wing1_00005"},{"time":3.7333,"name":"EF/5140_S2_wing1/5140_S2_wing1_00006"},{"time":3.7666,"name":"EF/5140_S2_wing1/5140_S2_wing1_00007"},{"time":3.8,"name":"EF/5140_S2_wing1/5140_S2_wing1_00008"},{"time":3.8333,"name":"EF/5140_S2_wing1/5140_S2_wing1_00009"},{"time":3.8666,"name":"EF/5140_S2_wing1/5140_S2_wing1_00010"},{"time":3.9,"name":"EF/5140_S2_wing1/5140_S2_wing1_00011"},{"time":3.9333,"name":"EF/5140_S2_wing1/5140_S2_wing1_00012"},{"time":3.9666,"name":"EF/5140_S2_wing1/5140_S2_wing1_00013"},{"time":4,"name":"EF/5140_S2_wing1/5140_S2_wing1_00014"},{"time":4.0333,"name":"EF/5140_S2_wing1/5140_S2_wing1_00015"},{"time":4.0666,"name":"EF/5140_S2_wing1/5140_S2_wing1_00016"},{"time":4.1,"name":"EF/5140_S2_wing1/5140_S2_wing1_00017"},{"time":4.1333,"name":"EF/5140_S2_wing1/5140_S2_wing1_00018"},{"time":4.1666,"name":"EF/5140_S2_wing1/5140_S2_wing1_00019"},{"time":4.2,"name":"EF/5140_S2_wing1/5140_S2_wing1_00020"},{"time":4.2333,"name":"EF/5140_S2_wing1/5140_S2_wing1_00021"},{"time":4.2666,"name":"EF/5140_S2_wing1/5140_S2_wing1_00022"},{"time":4.3,"name":"EF/5140_S2_wing1/5140_S2_wing1_00023"},{"time":4.3333,"name":"EF/5140_S2_wing1/5140_S2_wing1_00024"},{"time":4.3666,"name":"EF/5140_S2_wing1/5140_S2_wing1_00025"}],"color":[{"time":3.5666,"color":"ffffff35"},{"time":3.7333,"color":"ffffffff","curve":"stepped"},{"time":4.2333,"color":"ffffffff"},{"time":4.3666,"color":"ffffff00"}]},"EF/5140_S2_wing1/5140_S2_wing1_1":{"attachment":[{"time":3.6666,"name":"EF/5140_S2_wing1/5140_S2_wing1_00001"},{"time":3.7,"name":"EF/5140_S2_wing1/5140_S2_wing1_00002"},{"time":3.7333,"name":"EF/5140_S2_wing1/5140_S2_wing1_00003"},{"time":3.7666,"name":"EF/5140_S2_wing1/5140_S2_wing1_00004"},{"time":3.8,"name":"EF/5140_S2_wing1/5140_S2_wing1_00005"},{"time":3.8333,"name":"EF/5140_S2_wing1/5140_S2_wing1_00006"},{"time":3.8666,"name":"EF/5140_S2_wing1/5140_S2_wing1_00007"},{"time":3.9,"name":"EF/5140_S2_wing1/5140_S2_wing1_00008"},{"time":3.9333,"name":"EF/5140_S2_wing1/5140_S2_wing1_00009"},{"time":3.9666,"name":"EF/5140_S2_wing1/5140_S2_wing1_00010"},{"time":4,"name":"EF/5140_S2_wing1/5140_S2_wing1_00011"},{"time":4.0333,"name":"EF/5140_S2_wing1/5140_S2_wing1_00012"},{"time":4.0666,"name":"EF/5140_S2_wing1/5140_S2_wing1_00013"},{"time":4.1,"name":"EF/5140_S2_wing1/5140_S2_wing1_00014"},{"time":4.1333,"name":"EF/5140_S2_wing1/5140_S2_wing1_00015"},{"time":4.1666,"name":"EF/5140_S2_wing1/5140_S2_wing1_00016"},{"time":4.2,"name":"EF/5140_S2_wing1/5140_S2_wing1_00017"},{"time":4.2333,"name":"EF/5140_S2_wing1/5140_S2_wing1_00018"},{"time":4.2666,"name":"EF/5140_S2_wing1/5140_S2_wing1_00019"},{"time":4.3,"name":"EF/5140_S2_wing1/5140_S2_wing1_00020"},{"time":4.3333,"name":"EF/5140_S2_wing1/5140_S2_wing1_00021"},{"time":4.3666,"name":"EF/5140_S2_wing1/5140_S2_wing1_00022"},{"time":4.4,"name":"EF/5140_S2_wing1/5140_S2_wing1_00023"},{"time":4.4333,"name":"EF/5140_S2_wing1/5140_S2_wing1_00024"},{"time":4.4666,"name":"EF/5140_S2_wing1/5140_S2_wing1_00025"}],"color":[{"time":4.3333,"color":"ffffffff"},{"time":4.4666,"color":"ffffff00"}]},"EF/690_S2_rock1/690_S2_rock1_00000":{"attachment":[{"time":2.7,"name":"EF/690_S2_rock1/690_S2_rock1_00000"},{"time":2.7333,"name":"EF/690_S2_rock1/690_S2_rock1_00002"},{"time":2.7666,"name":"EF/690_S2_rock1/690_S2_rock1_00004"},{"time":2.8,"name":"EF/690_S2_rock1/690_S2_rock1_00006"},{"time":2.8333,"name":"EF/690_S2_rock1/690_S2_rock1_00007"},{"time":2.8666,"name":"EF/690_S2_rock1/690_S2_rock1_00008"},{"time":2.9,"name":null},{"time":3.5666,"name":"EF/690_S2_rock1/690_S2_rock1_00000"},{"time":3.6,"name":"EF/690_S2_rock1/690_S2_rock1_00002"},{"time":3.6333,"name":"EF/690_S2_rock1/690_S2_rock1_00004"},{"time":3.6666,"name":"EF/690_S2_rock1/690_S2_rock1_00006"},{"time":3.7,"name":"EF/690_S2_rock1/690_S2_rock1_00007"},{"time":3.7333,"name":"EF/690_S2_rock1/690_S2_rock1_00008"},{"time":3.7666,"name":null},{"time":3.8333,"name":"EF/690_S2_rock1/690_S2_rock1_00000"},{"time":3.8666,"name":"EF/690_S2_rock1/690_S2_rock1_00002"},{"time":3.9,"name":"EF/690_S2_rock1/690_S2_rock1_00004"},{"time":3.9333,"name":"EF/690_S2_rock1/690_S2_rock1_00006"},{"time":3.9666,"name":"EF/690_S2_rock1/690_S2_rock1_00007"},{"time":4,"name":"EF/690_S2_rock1/690_S2_rock1_00008"},{"time":4.0333,"name":null}]},"EF/690_S2_rock1/690_S2_rock1_0":{"attachment":[{"time":2.7666,"name":"EF/690_S2_rock1/690_S2_rock1_00000"},{"time":2.8,"name":"EF/690_S2_rock1/690_S2_rock1_00002"},{"time":2.8333,"name":"EF/690_S2_rock1/690_S2_rock1_00004"},{"time":2.8666,"name":"EF/690_S2_rock1/690_S2_rock1_00006"},{"time":2.9,"name":"EF/690_S2_rock1/690_S2_rock1_00007"},{"time":2.9333,"name":"EF/690_S2_rock1/690_S2_rock1_00008"},{"time":2.9666,"name":null},{"time":3.6333,"name":"EF/690_S2_rock1/690_S2_rock1_00000"},{"time":3.6666,"name":"EF/690_S2_rock1/690_S2_rock1_00002"},{"time":3.7,"name":"EF/690_S2_rock1/690_S2_rock1_00004"},{"time":3.7333,"name":"EF/690_S2_rock1/690_S2_rock1_00006"},{"time":3.7666,"name":"EF/690_S2_rock1/690_S2_rock1_00007"},{"time":3.8,"name":"EF/690_S2_rock1/690_S2_rock1_00008"},{"time":3.8333,"name":null}]},"EF/690_S2_rock1/690_S2_rock1_1":{"attachment":[{"time":2.8333,"name":"EF/690_S2_rock1/690_S2_rock1_00000"},{"time":2.8666,"name":"EF/690_S2_rock1/690_S2_rock1_00002"},{"time":2.9,"name":"EF/690_S2_rock1/690_S2_rock1_00004"},{"time":2.9333,"name":"EF/690_S2_rock1/690_S2_rock1_00006"},{"time":2.9666,"name":"EF/690_S2_rock1/690_S2_rock1_00007"},{"time":3,"name":"EF/690_S2_rock1/690_S2_rock1_00008"},{"time":3.0333,"name":null},{"time":3.7,"name":"EF/690_S2_rock1/690_S2_rock1_00000"},{"time":3.7333,"name":"EF/690_S2_rock1/690_S2_rock1_00002"},{"time":3.7666,"name":"EF/690_S2_rock1/690_S2_rock1_00004"},{"time":3.8,"name":"EF/690_S2_rock1/690_S2_rock1_00006"},{"time":3.8333,"name":"EF/690_S2_rock1/690_S2_rock1_00007"},{"time":3.8666,"name":"EF/690_S2_rock1/690_S2_rock1_00008"},{"time":3.9,"name":null}]},"EF/690_S2_rock1/690_S2_rock1_2":{"attachment":[{"time":3.7666,"name":"EF/690_S2_rock1/690_S2_rock1_00000"},{"time":3.8,"name":"EF/690_S2_rock1/690_S2_rock1_00002"},{"time":3.8333,"name":"EF/690_S2_rock1/690_S2_rock1_00004"},{"time":3.8666,"name":"EF/690_S2_rock1/690_S2_rock1_00006"},{"time":3.9,"name":"EF/690_S2_rock1/690_S2_rock1_00007"},{"time":3.9333,"name":"EF/690_S2_rock1/690_S2_rock1_00008"},{"time":3.9666,"name":null}]},"S2_attack1_00":{"attachment":[{"time":1.7666,"name":"EF/5140_S2_attack1/5140_S2_attack1_00002"},{"time":1.8666,"name":null}]},"S2_attack2_00":{"attachment":[{"time":1.7666,"name":"EF/5140_S2_attack2/5140_S2_attack2_00000"},{"time":1.8,"name":"EF/5140_S2_attack2/5140_S2_attack2_00001"},{"time":1.8333,"name":"EF/5140_S2_attack2/5140_S2_attack2_00002"},{"time":1.8666,"name":"EF/5140_S2_attack2/5140_S2_attack2_00003"},{"time":1.9,"name":"EF/5140_S2_attack2/5140_S2_attack2_00004"},{"time":1.9333,"name":"EF/5140_S2_attack2/5140_S2_attack2_00005"},{"time":1.9666,"name":null}]},"S2_ex1_00":{"attachment":[{"time":2.7,"name":"EF/5140_S2_ex1/5140_S2_ex1_00000"},{"time":2.7333,"name":"EF/5140_S2_ex1/5140_S2_ex1_00001"},{"time":2.7666,"name":"EF/5140_S2_ex1/5140_S2_ex1_00002"},{"time":2.8,"name":"EF/5140_S2_ex1/5140_S2_ex1_00003"},{"time":2.8333,"name":"EF/5140_S2_ex1/5140_S2_ex1_00004"},{"time":2.8666,"name":"EF/5140_S2_ex1/5140_S2_ex1_00005"},{"time":2.9,"name":"EF/5140_S2_ex1/5140_S2_ex1_00006"},{"time":2.9333,"name":"EF/5140_S2_ex1/5140_S2_ex1_00007"},{"time":2.9666,"name":"EF/5140_S2_ex1/5140_S2_ex1_00008"},{"time":3,"name":"EF/5140_S2_ex1/5140_S2_ex1_00009"},{"time":3.0333,"name":"EF/5140_S2_ex1/5140_S2_ex1_00010"},{"time":3.0666,"name":"EF/5140_S2_ex1/5140_S2_ex1_00011"},{"time":3.1,"name":"EF/5140_S2_ex1/5140_S2_ex1_00012"}],"color":[{"time":3.1,"color":"ffffffff"},{"time":3.2333,"color":"ffffff00"}]},"S2_ex3_0":{"attachment":[{"time":3.6333,"name":"EF/5140_S2_ex3/5140_S2_ex3_00000"},{"time":3.6666,"name":"EF/5140_S2_ex3/5140_S2_ex3_00001"},{"time":3.7,"name":"EF/5140_S2_ex3/5140_S2_ex3_00002"},{"time":3.7333,"name":"EF/5140_S2_ex3/5140_S2_ex3_00003"},{"time":3.7666,"name":"EF/5140_S2_ex3/5140_S2_ex3_00004"},{"time":3.8,"name":"EF/5140_S2_ex3/5140_S2_ex3_00005"},{"time":3.8333,"name":"EF/5140_S2_ex3/5140_S2_ex3_00006"},{"time":3.8666,"name":"EF/5140_S2_ex3/5140_S2_ex3_00007"},{"time":3.9,"name":"EF/5140_S2_ex3/5140_S2_ex3_00008"},{"time":3.9333,"name":"EF/5140_S2_ex3/5140_S2_ex3_00009"},{"time":3.9666,"name":"EF/5140_S2_ex3/5140_S2_ex3_00010"},{"time":4,"name":"EF/5140_S2_ex3/5140_S2_ex3_00011"},{"time":4.0333,"name":"EF/5140_S2_ex3/5140_S2_ex3_00012"}],"color":[{"time":4.0333,"color":"ffffffff"},{"time":4.1,"color":"ffffff00"}]},"S2_ex3_00":{"attachment":[{"time":3.5666,"name":"EF/5140_S2_ex3/5140_S2_ex3_00000"},{"time":3.6,"name":"EF/5140_S2_ex3/5140_S2_ex3_00001"},{"time":3.6333,"name":"EF/5140_S2_ex3/5140_S2_ex3_00002"},{"time":3.6666,"name":"EF/5140_S2_ex3/5140_S2_ex3_00003"},{"time":3.7,"name":"EF/5140_S2_ex3/5140_S2_ex3_00004"},{"time":3.7333,"name":"EF/5140_S2_ex3/5140_S2_ex3_00005"},{"time":3.7666,"name":"EF/5140_S2_ex3/5140_S2_ex3_00006"},{"time":3.8,"name":"EF/5140_S2_ex3/5140_S2_ex3_00007"},{"time":3.8333,"name":"EF/5140_S2_ex3/5140_S2_ex3_00008"},{"time":3.8666,"name":"EF/5140_S2_ex3/5140_S2_ex3_00009"},{"time":3.9,"name":"EF/5140_S2_ex3/5140_S2_ex3_00010"},{"time":3.9333,"name":"EF/5140_S2_ex3/5140_S2_ex3_00011"},{"time":3.9666,"name":"EF/5140_S2_ex3/5140_S2_ex3_00012"}],"color":[{"time":3.9666,"color":"ffffffff"},{"time":4.0333,"color":"ffffff00"}]},"S2_ex3_1":{"attachment":[{"time":3.7,"name":"EF/5140_S2_ex3/5140_S2_ex3_00000"},{"time":3.7333,"name":"EF/5140_S2_ex3/5140_S2_ex3_00001"},{"time":3.7666,"name":"EF/5140_S2_ex3/5140_S2_ex3_00002"},{"time":3.8,"name":"EF/5140_S2_ex3/5140_S2_ex3_00003"},{"time":3.8333,"name":"EF/5140_S2_ex3/5140_S2_ex3_00004"},{"time":3.8666,"name":"EF/5140_S2_ex3/5140_S2_ex3_00005"},{"time":3.9,"name":"EF/5140_S2_ex3/5140_S2_ex3_00006"},{"time":3.9333,"name":"EF/5140_S2_ex3/5140_S2_ex3_00007"},{"time":3.9666,"name":"EF/5140_S2_ex3/5140_S2_ex3_00008"},{"time":4,"name":"EF/5140_S2_ex3/5140_S2_ex3_00009"},{"time":4.0333,"name":"EF/5140_S2_ex3/5140_S2_ex3_00010"},{"time":4.0666,"name":"EF/5140_S2_ex3/5140_S2_ex3_00011"},{"time":4.1,"name":"EF/5140_S2_ex3/5140_S2_ex3_00012"},{"time":4.1666,"name":"EF/5140_S2_ex3/5140_S2_ex3_00000"}],"color":[{"time":4.1,"color":"ffffffff"},{"time":4.1666,"color":"ffffff00"}]},"S2_ex3_3":{"attachment":[{"time":3.7666,"name":"EF/5140_S2_ex3/5140_S2_ex3_00000"},{"time":3.8,"name":"EF/5140_S2_ex3/5140_S2_ex3_00001"},{"time":3.8333,"name":"EF/5140_S2_ex3/5140_S2_ex3_00002"},{"time":3.8666,"name":"EF/5140_S2_ex3/5140_S2_ex3_00003"},{"time":3.9,"name":"EF/5140_S2_ex3/5140_S2_ex3_00004"},{"time":3.9333,"name":"EF/5140_S2_ex3/5140_S2_ex3_00005"},{"time":3.9666,"name":"EF/5140_S2_ex3/5140_S2_ex3_00006"},{"time":4,"name":"EF/5140_S2_ex3/5140_S2_ex3_00007"},{"time":4.0333,"name":"EF/5140_S2_ex3/5140_S2_ex3_00008"},{"time":4.0666,"name":"EF/5140_S2_ex3/5140_S2_ex3_00009"},{"time":4.1,"name":"EF/5140_S2_ex3/5140_S2_ex3_00010"},{"time":4.1333,"name":"EF/5140_S2_ex3/5140_S2_ex3_00011"},{"time":4.1666,"name":"EF/5140_S2_ex3/5140_S2_ex3_00012"}],"color":[{"time":4.1666,"color":"ffffffff"},{"time":4.2333,"color":"ffffff00"}]},"S2_ex3_4":{"attachment":[{"time":3.8333,"name":"EF/5140_S2_ex3/5140_S2_ex3_00000"},{"time":3.8666,"name":"EF/5140_S2_ex3/5140_S2_ex3_00001"},{"time":3.9,"name":"EF/5140_S2_ex3/5140_S2_ex3_00002"},{"time":3.9333,"name":"EF/5140_S2_ex3/5140_S2_ex3_00003"},{"time":3.9666,"name":"EF/5140_S2_ex3/5140_S2_ex3_00004"},{"time":4,"name":"EF/5140_S2_ex3/5140_S2_ex3_00005"},{"time":4.0333,"name":"EF/5140_S2_ex3/5140_S2_ex3_00006"},{"time":4.0666,"name":"EF/5140_S2_ex3/5140_S2_ex3_00007"},{"time":4.1,"name":"EF/5140_S2_ex3/5140_S2_ex3_00008"},{"time":4.1333,"name":"EF/5140_S2_ex3/5140_S2_ex3_00009"},{"time":4.1666,"name":"EF/5140_S2_ex3/5140_S2_ex3_00010"},{"time":4.2,"name":"EF/5140_S2_ex3/5140_S2_ex3_00011"},{"time":4.2333,"name":"EF/5140_S2_ex3/5140_S2_ex3_00012"}],"color":[{"time":4.2333,"color":"ffffffff"},{"time":4.3,"color":"ffffff00"}]},"S2_fire1_00":{"attachment":[{"time":3.6,"name":"EF/5140_S2_fire1/5140_S2_fire1_00000"},{"time":3.6333,"name":"EF/5140_S2_fire1/5140_S2_fire1_00001"},{"time":3.6666,"name":"EF/5140_S2_fire1/5140_S2_fire1_00002"},{"time":3.7,"name":"EF/5140_S2_fire1/5140_S2_fire1_00003"},{"time":3.7333,"name":"EF/5140_S2_fire1/5140_S2_fire1_00004"},{"time":3.7666,"name":"EF/5140_S2_fire1/5140_S2_fire1_00005"},{"time":3.8,"name":"EF/5140_S2_fire1/5140_S2_fire1_00006"}],"color":[{"time":3.8,"color":"ffffffff"},{"time":3.9,"color":"ffffff00"}]},"S2_slash1_00":{"attachment":[{"time":2.7,"name":"EF/5140_S2_slash1/5140_S2_slash1_00002"},{"time":2.7333,"name":"EF/5140_S2_slash1/5140_S2_slash1_00003"},{"time":2.7666,"name":"EF/5140_S2_slash1/5140_S2_slash1_00004"},{"time":2.8,"name":null}]},"S2_slash2_00":{"attachment":[{"time":3.5666,"name":"EF/5140_S2_slash2/5140_S2_slash2_00000"},{"time":3.6,"name":"EF/5140_S2_slash2/5140_S2_slash2_00001"},{"time":3.6333,"name":"EF/5140_S2_slash2/5140_S2_slash2_00002"},{"time":3.6666,"name":"EF/5140_S2_slash2/5140_S2_slash2_00003"},{"time":3.7,"name":"EF/5140_S2_slash2/5140_S2_slash2_00001"},{"time":3.7333,"name":"EF/5140_S2_slash2/5140_S2_slash2_00002"},{"time":3.7666,"name":"EF/5140_S2_slash2/5140_S2_slash2_00003"},{"time":3.8,"name":"EF/5140_S2_slash2/5140_S2_slash2_00001"},{"time":3.8333,"name":"EF/5140_S2_slash2/5140_S2_slash2_00002"},{"time":3.8666,"name":"EF/5140_S2_slash2/5140_S2_slash2_00003"}],"color":[{"time":3.7666,"color":"ffffffff"},{"time":3.8666,"color":"ffffff00"}]}},"bones":{"S2_powerA1":{"translate":[{"time":0,"x":-434.57,"y":166.06,"curve":"stepped"},{"time":1.5,"x":-434.57,"y":166.06}],"scale":[{"time":0,"x":3.192,"y":3.192},{"time":1.5,"x":2.002,"y":2.002},{"time":1.5333,"x":2.503,"y":2.503,"curve":"stepped"},{"time":1.6333,"x":2.606,"y":2.606,"curve":[0.165,0.33,0.75,1]},{"time":1.7,"x":3.192,"y":3.192}]},"S2_powerB1":{"translate":[{"time":0,"x":-600.52,"y":169.64}],"scale":[{"time":0,"x":2.808,"y":2.808,"curve":"stepped"},{"time":1.6333,"x":2.808,"y":2.808}]},"S_AB_dash1":{"translate":[{"time":1.7,"x":-211.67,"y":343.72,"curve":"stepped"},{"time":3.5666,"x":-355.23,"y":329.74}],"scale":[{"time":1.7,"x":1.902,"y":1.902,"curve":"stepped"},{"time":3.5666,"x":1.902,"y":1.902}]},"S_A_exA1":{"translate":[{"time":2.7,"x":-935.9,"y":-293.46}],"scale":[{"time":2.7,"x":2.05,"y":2.05,"curve":"stepped"},{"time":3.1,"x":2.05,"y":2.05},{"time":3.2333,"x":2.198,"y":2.099}]},"S_AB_rock1":{"translate":[{"time":2.7,"x":-807.28,"y":358.35,"curve":"stepped"},{"time":3.5666,"x":-763.19,"y":338.9,"curve":"stepped"},{"time":3.8333,"x":-1300.41,"y":333.36}],"scale":[{"time":2.7,"x":1.39,"y":1.39,"curve":"stepped"},{"time":3.5666,"x":1.174,"y":1.174}]},"S_A_slash1":{"rotate":[{"time":2.7,"angle":12.12}],"translate":[{"time":2.7,"x":-961.74,"y":-80.79}],"scale":[{"time":2.7,"x":1.745,"y":1.745}]},"S_AB_rock2":{"translate":[{"time":2.7666,"x":-745.57,"y":385.29,"curve":"stepped"},{"time":3.5666,"x":-746.09,"y":385.29,"curve":"stepped"},{"time":3.6333,"x":-892.52,"y":378.45}],"scale":[{"time":2.7666,"x":1.39,"y":1.39,"curve":"stepped"},{"time":3.6333,"x":1.173,"y":1.173}]},"S_B_exC2":{"translate":[{"time":3.6333,"x":-1026.06,"y":-47.76}],"scale":[{"time":3.6333,"x":1.753,"y":1.753,"curve":"stepped"},{"time":4.0333,"x":1.753,"y":1.753},{"time":4.1,"x":1.954,"y":1.803}]},"S_B_exC4":{"translate":[{"time":3.7666,"x":-1282.75,"y":29.02}],"scale":[{"time":3.7666,"x":1.753,"y":1.753,"curve":"stepped"},{"time":4.1666,"x":1.753,"y":1.753},{"time":4.2333,"x":1.954,"y":1.803}]},"S_B_exC3":{"translate":[{"time":3.7,"x":-1137.32,"y":-8.19}],"scale":[{"time":3.7,"x":1.753,"y":1.753,"curve":"stepped"},{"time":4.1,"x":1.753,"y":1.753},{"time":4.1666,"x":1.954,"y":1.805}]},"S_A_fire1":{"translate":[{"time":3.6,"x":-750.99,"y":-143.08}],"scale":[{"time":3.6,"x":1.594,"y":1.594}]},"S_B_wing1_00":{"translate":[{"time":3.5666,"x":-1507.05,"y":0.51}],"scale":[{"time":3.5666,"x":1.401,"y":1.401}]},"S_B_exC5":{"translate":[{"time":3.8333,"x":-1433.49,"y":58.5}],"scale":[{"time":3.8333,"x":1.753,"y":1.753,"curve":"stepped"},{"time":4.2333,"x":1.753,"y":1.753},{"time":4.3,"x":1.954,"y":1.803}]},"S_B_slash2":{"translate":[{"time":3.5666,"x":-1045.27,"y":-56.18,"curve":[0.418,0.13,0.917,0.41]},{"time":3.8,"x":-1843.27,"y":-56.18}],"scale":[{"time":3.5666,"x":1.25,"y":1.25}]},"S_B_exC1":{"translate":[{"time":3.5666,"x":-898.1,"y":-87.71}],"scale":[{"time":3.5666,"x":1.753,"y":1.753,"curve":"stepped"},{"time":3.9666,"x":1.753,"y":1.753},{"time":4.0333,"x":1.904,"y":1.805}]},"S_AB_rock4":{"translate":[{"time":3.7666,"x":-1148.34,"y":444.62}],"scale":[{"time":3.7666,"x":1.173,"y":1.173}]},"S_AB_rock3":{"translate":[{"time":2.8333,"x":-885,"y":417.14,"curve":"stepped"},{"time":3.7,"x":-1001.06,"y":410.55}],"scale":[{"time":2.8333,"x":1.39,"y":1.39,"curve":"stepped"},{"time":3.7,"x":1.173,"y":1.173}]},"S_A_attack3":{"translate":[{"time":1.7666,"x":-1028.45,"y":-491.49}],"scale":[{"time":1.7666,"x":3.508,"y":3.508}]},"S_A_attackD2":{"translate":[{"time":1.7666,"x":-507.32,"y":-228.72}],"scale":[{"time":1.7666,"x":0.934,"y":0.934}]},"S_A_attack1":{"translate":[{"time":1.7666,"x":-771.47,"y":-491.95}],"scale":[{"time":1.7666,"x":1.912,"y":1.049,"curve":"stepped"},{"time":1.8,"x":1.912,"y":2.623},{"time":1.8666,"x":1.912,"y":0.286}]},"S_A_attackD1":{"rotate":[{"time":2.7,"angle":21.99}],"translate":[{"time":1.7666,"x":-513.91,"y":-192.91,"curve":"stepped"},{"time":2.7,"x":-584.61,"y":-92.26}],"scale":[{"time":1.7666,"x":0.934,"y":0.934,"curve":"stepped"},{"time":2.7,"x":1.167,"y":1.167}]},"S_A_attack2":{"translate":[{"time":1.7666,"x":-993.46,"y":-493.5}],"scale":[{"time":1.7666,"x":1.761,"y":1.761}]},"S2_ex1":{"translate":[{"time":2.7,"x":-676.12,"y":122.24}],"scale":[{"time":2.7,"x":2,"y":2,"curve":"stepped"},{"time":3.1,"x":2,"y":2},{"time":3.2333,"x":2.148,"y":2.049}]},"S_B_wing1_0":{"translate":[{"time":3.6666,"x":-1201.66,"y":132.12}],"scale":[{"time":3.6666,"x":-1.401,"y":1.401}]}}},"2-skill3":{"slots":{"EF/5140_S1B_power1/5140_S1B_power1_00000":{"attachment":[{"time":0.1666,"name":"EF/5140_S1B_power1/5140_S1B_power1_00000"},{"time":0.2333,"name":"EF/5140_S1B_power1/5140_S1B_power1_00004"},{"time":0.2666,"name":"EF/5140_S1B_power1/5140_S1B_power1_00005"},{"time":0.3,"name":"EF/5140_S1B_power1/5140_S1B_power1_00006"},{"time":0.3333,"name":"EF/5140_S1B_power1/5140_S1B_power1_00007"},{"time":0.3666,"name":"EF/5140_S1B_power1/5140_S1B_power1_00008"}],"color":[{"time":0.3666,"color":"ffffffff"},{"time":0.4666,"color":"ffffff00"}]},"EF/5140_S2_dash1/5140_S2_dash1_00000":{"attachment":[{"time":0.8333,"name":"EF/5140_S2_dash1/5140_S2_dash1_00000"},{"time":0.8666,"name":"EF/5140_S2_dash1/5140_S2_dash1_00001"},{"time":0.9,"name":"EF/5140_S2_dash1/5140_S2_dash1_00002"},{"time":0.9333,"name":"EF/5140_S2_dash1/5140_S2_dash1_00003"},{"time":0.9666,"name":"EF/5140_S2_dash1/5140_S2_dash1_00004"},{"time":1,"name":"EF/5140_S2_dash1/5140_S2_dash1_00005"},{"time":1.0333,"name":"EF/5140_S2_dash1/5140_S2_dash1_00006"},{"time":1.0666,"name":"EF/5140_S2_dash1/5140_S2_dash1_00007"},{"time":1.1,"name":"EF/5140_S2_dash1/5140_S2_dash1_00008"}],"color":[{"time":1.1,"color":"ffffffff"},{"time":1.1666,"color":"ffffff00"}]},"EF/5140_S2_wing1/5140_S2_wing1_00001":{"attachment":[{"time":0.8333,"name":"EF/5140_S2_wing1/5140_S2_wing1_00001"},{"time":0.8666,"name":"EF/5140_S2_wing1/5140_S2_wing1_00002"},{"time":0.9,"name":"EF/5140_S2_wing1/5140_S2_wing1_00003"},{"time":0.9333,"name":"EF/5140_S2_wing1/5140_S2_wing1_00004"},{"time":0.9666,"name":"EF/5140_S2_wing1/5140_S2_wing1_00005"},{"time":1,"name":"EF/5140_S2_wing1/5140_S2_wing1_00006"},{"time":1.0333,"name":"EF/5140_S2_wing1/5140_S2_wing1_00007"},{"time":1.0666,"name":"EF/5140_S2_wing1/5140_S2_wing1_00008"},{"time":1.1,"name":"EF/5140_S2_wing1/5140_S2_wing1_00009"},{"time":1.1333,"name":"EF/5140_S2_wing1/5140_S2_wing1_00010"},{"time":1.1666,"name":"EF/5140_S2_wing1/5140_S2_wing1_00011"},{"time":1.2,"name":"EF/5140_S2_wing1/5140_S2_wing1_00012"},{"time":1.2333,"name":"EF/5140_S2_wing1/5140_S2_wing1_00013"},{"time":1.2666,"name":"EF/5140_S2_wing1/5140_S2_wing1_00014"},{"time":1.3,"name":"EF/5140_S2_wing1/5140_S2_wing1_00015"},{"time":1.3333,"name":"EF/5140_S2_wing1/5140_S2_wing1_00016"},{"time":1.3666,"name":"EF/5140_S2_wing1/5140_S2_wing1_00017"},{"time":1.4,"name":"EF/5140_S2_wing1/5140_S2_wing1_00018"},{"time":1.4333,"name":"EF/5140_S2_wing1/5140_S2_wing1_00019"},{"time":1.4666,"name":"EF/5140_S2_wing1/5140_S2_wing1_00020"},{"time":1.5,"name":"EF/5140_S2_wing1/5140_S2_wing1_00021"},{"time":1.5333,"name":"EF/5140_S2_wing1/5140_S2_wing1_00022"},{"time":1.5666,"name":"EF/5140_S2_wing1/5140_S2_wing1_00023"},{"time":1.6,"name":"EF/5140_S2_wing1/5140_S2_wing1_00024"},{"time":1.6333,"name":"EF/5140_S2_wing1/5140_S2_wing1_00025"},{"time":1.6666,"name":"EF/5140_S2_wing1/5140_S2_wing1_00026"},{"time":1.7,"name":"EF/5140_S2_wing1/5140_S2_wing1_00027"},{"time":1.7333,"name":"EF/5140_S2_wing1/5140_S2_wing1_00028"},{"time":1.7666,"name":"EF/5140_S2_wing1/5140_S2_wing1_00029"},{"time":1.8,"name":"EF/5140_S2_wing1/5140_S2_wing1_00030"}],"color":[{"time":0.8333,"color":"ffffff35"},{"time":1,"color":"ffffffff","curve":"stepped"},{"time":1.6666,"color":"ffffffff"},{"time":1.8,"color":"ffffff00"}]},"EF/5250_S2_light1/680_S2_shine1_00007":{"attachment":[{"time":0.1666,"name":"EF/5250_S2_light1/680_S2_shine1_00007"},{"time":0.3,"name":null}]},"EF/690_S2_rock1/690_S2_rock1_00000":{"attachment":[{"time":0.8333,"name":"EF/690_S2_rock1/690_S2_rock1_00000"},{"time":0.8666,"name":"EF/690_S2_rock1/690_S2_rock1_00002"},{"time":0.9,"name":"EF/690_S2_rock1/690_S2_rock1_00004"},{"time":0.9333,"name":"EF/690_S2_rock1/690_S2_rock1_00006"},{"time":0.9666,"name":"EF/690_S2_rock1/690_S2_rock1_00007"},{"time":1,"name":"EF/690_S2_rock1/690_S2_rock1_00008"},{"time":1.0333,"name":null},{"time":1.1,"name":"EF/690_S2_rock1/690_S2_rock1_00000"},{"time":1.1333,"name":"EF/690_S2_rock1/690_S2_rock1_00002"},{"time":1.1666,"name":"EF/690_S2_rock1/690_S2_rock1_00004"},{"time":1.2,"name":"EF/690_S2_rock1/690_S2_rock1_00006"},{"time":1.2333,"name":"EF/690_S2_rock1/690_S2_rock1_00007"},{"time":1.2666,"name":"EF/690_S2_rock1/690_S2_rock1_00008"},{"time":1.3,"name":null}]},"EF/690_S2_rock1/690_S2_rock1_0":{"attachment":[{"time":0.9,"name":"EF/690_S2_rock1/690_S2_rock1_00000"},{"time":0.9333,"name":"EF/690_S2_rock1/690_S2_rock1_00002"},{"time":0.9666,"name":"EF/690_S2_rock1/690_S2_rock1_00004"},{"time":1,"name":"EF/690_S2_rock1/690_S2_rock1_00006"},{"time":1.0333,"name":"EF/690_S2_rock1/690_S2_rock1_00007"},{"time":1.0666,"name":"EF/690_S2_rock1/690_S2_rock1_00008"},{"time":1.1,"name":null},{"time":1.1666,"name":"EF/690_S2_rock1/690_S2_rock1_00000"},{"time":1.2,"name":"EF/690_S2_rock1/690_S2_rock1_00002"},{"time":1.2333,"name":"EF/690_S2_rock1/690_S2_rock1_00004"},{"time":1.2666,"name":"EF/690_S2_rock1/690_S2_rock1_00006"},{"time":1.3,"name":"EF/690_S2_rock1/690_S2_rock1_00007"},{"time":1.3333,"name":"EF/690_S2_rock1/690_S2_rock1_00008"},{"time":1.3666,"name":null}]},"EF/690_S2_rock1/690_S2_rock1_1":{"attachment":[{"time":0.9666,"name":"EF/690_S2_rock1/690_S2_rock1_00000"},{"time":1,"name":"EF/690_S2_rock1/690_S2_rock1_00002"},{"time":1.0333,"name":"EF/690_S2_rock1/690_S2_rock1_00004"},{"time":1.0666,"name":"EF/690_S2_rock1/690_S2_rock1_00006"},{"time":1.1,"name":"EF/690_S2_rock1/690_S2_rock1_00007"},{"time":1.1333,"name":"EF/690_S2_rock1/690_S2_rock1_00008"},{"time":1.1666,"name":null}]},"EF/690_S2_rock1/690_S2_rock1_2":{"attachment":[{"time":1.0333,"name":"EF/690_S2_rock1/690_S2_rock1_00000"},{"time":1.0666,"name":"EF/690_S2_rock1/690_S2_rock1_00002"},{"time":1.1,"name":"EF/690_S2_rock1/690_S2_rock1_00004"},{"time":1.1333,"name":"EF/690_S2_rock1/690_S2_rock1_00006"},{"time":1.1666,"name":"EF/690_S2_rock1/690_S2_rock1_00007"},{"time":1.2,"name":"EF/690_S2_rock1/690_S2_rock1_00008"},{"time":1.2333,"name":null}]},"S1_magic1_B1":{"attachment":[{"time":0.1666,"name":"EF/5140_S1_magic1"}],"color":[{"time":0.1666,"color":"44c9ff44"},{"time":0.2333,"color":"44c9ffff","curve":[0.25,0,0.814,0.4]},{"time":0.5333,"color":"44c9ff00"}]},"S1_magic1_B3":{"attachment":[{"time":0.1666,"name":"EF/5140_S1_magic1"}],"color":[{"time":0.1666,"color":"44c9ff44"},{"time":0.2333,"color":"44c9ffff","curve":[0.25,0,0.814,0.4]},{"time":0.5333,"color":"44c9ff00"}]},"S2_ex3_00":{"attachment":[{"time":0.8333,"name":"EF/5140_S2_ex3/5140_S2_ex3_00000"},{"time":0.8666,"name":"EF/5140_S2_ex3/5140_S2_ex3_00001"},{"time":0.9,"name":"EF/5140_S2_ex3/5140_S2_ex3_00002"},{"time":0.9333,"name":"EF/5140_S2_ex3/5140_S2_ex3_00003"},{"time":0.9666,"name":"EF/5140_S2_ex3/5140_S2_ex3_00004"},{"time":1,"name":"EF/5140_S2_ex3/5140_S2_ex3_00005"},{"time":1.0333,"name":"EF/5140_S2_ex3/5140_S2_ex3_00006"},{"time":1.0666,"name":"EF/5140_S2_ex3/5140_S2_ex3_00007"},{"time":1.1,"name":"EF/5140_S2_ex3/5140_S2_ex3_00008"},{"time":1.1333,"name":"EF/5140_S2_ex3/5140_S2_ex3_00009"},{"time":1.1666,"name":"EF/5140_S2_ex3/5140_S2_ex3_00010"},{"time":1.2,"name":"EF/5140_S2_ex3/5140_S2_ex3_00011"},{"time":1.2333,"name":"EF/5140_S2_ex3/5140_S2_ex3_00012"}],"color":[{"time":1.2333,"color":"ffffffff"},{"time":1.3,"color":"ffffff00"}]},"S2_ex3_0":{"attachment":[{"time":0.9,"name":"EF/5140_S2_ex3/5140_S2_ex3_00000"},{"time":0.9333,"name":"EF/5140_S2_ex3/5140_S2_ex3_00001"},{"time":0.9666,"name":"EF/5140_S2_ex3/5140_S2_ex3_00002"},{"time":1,"name":"EF/5140_S2_ex3/5140_S2_ex3_00003"},{"time":1.0333,"name":"EF/5140_S2_ex3/5140_S2_ex3_00004"},{"time":1.0666,"name":"EF/5140_S2_ex3/5140_S2_ex3_00005"},{"time":1.1,"name":"EF/5140_S2_ex3/5140_S2_ex3_00006"},{"time":1.1333,"name":"EF/5140_S2_ex3/5140_S2_ex3_00007"},{"time":1.1666,"name":"EF/5140_S2_ex3/5140_S2_ex3_00008"},{"time":1.2,"name":"EF/5140_S2_ex3/5140_S2_ex3_00009"},{"time":1.2333,"name":"EF/5140_S2_ex3/5140_S2_ex3_00010"},{"time":1.2666,"name":"EF/5140_S2_ex3/5140_S2_ex3_00011"},{"time":1.3,"name":"EF/5140_S2_ex3/5140_S2_ex3_00012"}],"color":[{"time":1.3,"color":"ffffffff"},{"time":1.3666,"color":"ffffff00"}]},"S2_ex3_1":{"attachment":[{"time":0.9666,"name":"EF/5140_S2_ex3/5140_S2_ex3_00000"},{"time":1,"name":"EF/5140_S2_ex3/5140_S2_ex3_00001"},{"time":1.0333,"name":"EF/5140_S2_ex3/5140_S2_ex3_00002"},{"time":1.0666,"name":"EF/5140_S2_ex3/5140_S2_ex3_00003"},{"time":1.1,"name":"EF/5140_S2_ex3/5140_S2_ex3_00004"},{"time":1.1333,"name":"EF/5140_S2_ex3/5140_S2_ex3_00005"},{"time":1.1666,"name":"EF/5140_S2_ex3/5140_S2_ex3_00006"},{"time":1.2,"name":"EF/5140_S2_ex3/5140_S2_ex3_00007"},{"time":1.2333,"name":"EF/5140_S2_ex3/5140_S2_ex3_00008"},{"time":1.2666,"name":"EF/5140_S2_ex3/5140_S2_ex3_00009"},{"time":1.3,"name":"EF/5140_S2_ex3/5140_S2_ex3_00010"},{"time":1.3333,"name":"EF/5140_S2_ex3/5140_S2_ex3_00011"},{"time":1.3666,"name":"EF/5140_S2_ex3/5140_S2_ex3_00012"},{"time":1.4333,"name":"EF/5140_S2_ex3/5140_S2_ex3_00000"}],"color":[{"time":1.3666,"color":"ffffffff"},{"time":1.4333,"color":"ffffff00"}]},"S2_ex3_3":{"attachment":[{"time":1.0333,"name":"EF/5140_S2_ex3/5140_S2_ex3_00000"},{"time":1.0666,"name":"EF/5140_S2_ex3/5140_S2_ex3_00001"},{"time":1.1,"name":"EF/5140_S2_ex3/5140_S2_ex3_00002"},{"time":1.1333,"name":"EF/5140_S2_ex3/5140_S2_ex3_00003"},{"time":1.1666,"name":"EF/5140_S2_ex3/5140_S2_ex3_00004"},{"time":1.2,"name":"EF/5140_S2_ex3/5140_S2_ex3_00005"},{"time":1.2333,"name":"EF/5140_S2_ex3/5140_S2_ex3_00006"},{"time":1.2666,"name":"EF/5140_S2_ex3/5140_S2_ex3_00007"},{"time":1.3,"name":"EF/5140_S2_ex3/5140_S2_ex3_00008"},{"time":1.3333,"name":"EF/5140_S2_ex3/5140_S2_ex3_00009"},{"time":1.3666,"name":"EF/5140_S2_ex3/5140_S2_ex3_00010"},{"time":1.4,"name":"EF/5140_S2_ex3/5140_S2_ex3_00011"},{"time":1.4333,"name":"EF/5140_S2_ex3/5140_S2_ex3_00012"}],"color":[{"time":1.4333,"color":"ffffffff"},{"time":1.5,"color":"ffffff00"}]},"S2_ex3_4":{"attachment":[{"time":1.1,"name":"EF/5140_S2_ex3/5140_S2_ex3_00000"},{"time":1.1333,"name":"EF/5140_S2_ex3/5140_S2_ex3_00001"},{"time":1.1666,"name":"EF/5140_S2_ex3/5140_S2_ex3_00002"},{"time":1.2,"name":"EF/5140_S2_ex3/5140_S2_ex3_00003"},{"time":1.2333,"name":"EF/5140_S2_ex3/5140_S2_ex3_00004"},{"time":1.2666,"name":"EF/5140_S2_ex3/5140_S2_ex3_00005"},{"time":1.3,"name":"EF/5140_S2_ex3/5140_S2_ex3_00006"},{"time":1.3333,"name":"EF/5140_S2_ex3/5140_S2_ex3_00007"},{"time":1.3666,"name":"EF/5140_S2_ex3/5140_S2_ex3_00008"},{"time":1.4,"name":"EF/5140_S2_ex3/5140_S2_ex3_00009"},{"time":1.4333,"name":"EF/5140_S2_ex3/5140_S2_ex3_00010"},{"time":1.4666,"name":"EF/5140_S2_ex3/5140_S2_ex3_00011"},{"time":1.5,"name":"EF/5140_S2_ex3/5140_S2_ex3_00012"}],"color":[{"time":1.5,"color":"ffffffff"},{"time":1.5666,"color":"ffffff00"}]},"S2_ex3_5":{"attachment":[{"time":1.1666,"name":"EF/5140_S2_ex3/5140_S2_ex3_00000"},{"time":1.2,"name":"EF/5140_S2_ex3/5140_S2_ex3_00001"},{"time":1.2333,"name":"EF/5140_S2_ex3/5140_S2_ex3_00002"},{"time":1.2666,"name":"EF/5140_S2_ex3/5140_S2_ex3_00003"},{"time":1.3,"name":"EF/5140_S2_ex3/5140_S2_ex3_00004"},{"time":1.3333,"name":"EF/5140_S2_ex3/5140_S2_ex3_00005"},{"time":1.3666,"name":"EF/5140_S2_ex3/5140_S2_ex3_00006"},{"time":1.4,"name":"EF/5140_S2_ex3/5140_S2_ex3_00007"},{"time":1.4333,"name":"EF/5140_S2_ex3/5140_S2_ex3_00008"},{"time":1.4666,"name":"EF/5140_S2_ex3/5140_S2_ex3_00009"},{"time":1.5,"name":"EF/5140_S2_ex3/5140_S2_ex3_00010"},{"time":1.5333,"name":"EF/5140_S2_ex3/5140_S2_ex3_00011"},{"time":1.5666,"name":"EF/5140_S2_ex3/5140_S2_ex3_00012"}],"color":[{"time":1.5666,"color":"ffffffff"},{"time":1.6333,"color":"ffffff00"}]},"S2_fire1_00":{"attachment":[{"time":0.8666,"name":"EF/5140_S2_fire1/5140_S2_fire1_00000"},{"time":0.9,"name":"EF/5140_S2_fire1/5140_S2_fire1_00001"},{"time":0.9333,"name":"EF/5140_S2_fire1/5140_S2_fire1_00002"},{"time":0.9666,"name":"EF/5140_S2_fire1/5140_S2_fire1_00003"},{"time":1,"name":"EF/5140_S2_fire1/5140_S2_fire1_00004"},{"time":1.0333,"name":"EF/5140_S2_fire1/5140_S2_fire1_00005"},{"time":1.0666,"name":"EF/5140_S2_fire1/5140_S2_fire1_00006"}],"color":[{"time":1.0666,"color":"ffffffff"},{"time":1.1666,"color":"ffffff00"}]},"S2_slash2_00":{"attachment":[{"time":0.8333,"name":"EF/5140_S2_slash2/5140_S2_slash2_00000"},{"time":0.8666,"name":"EF/5140_S2_slash2/5140_S2_slash2_00001"},{"time":0.9,"name":"EF/5140_S2_slash2/5140_S2_slash2_00002"},{"time":0.9333,"name":"EF/5140_S2_slash2/5140_S2_slash2_00003"},{"time":0.9666,"name":"EF/5140_S2_slash2/5140_S2_slash2_00001"},{"time":1,"name":"EF/5140_S2_slash2/5140_S2_slash2_00002"},{"time":1.0333,"name":"EF/5140_S2_slash2/5140_S2_slash2_00003"},{"time":1.0666,"name":"EF/5140_S2_slash2/5140_S2_slash2_00001"},{"time":1.1,"name":"EF/5140_S2_slash2/5140_S2_slash2_00002"},{"time":1.1333,"name":"EF/5140_S2_slash2/5140_S2_slash2_00003"}],"color":[{"time":1.0333,"color":"ffffffff"},{"time":1.1333,"color":"ffffff00"}]}},"bones":{"S1_B_magic1":{"rotate":[{"time":0.1666,"angle":24.96}],"translate":[{"time":0.1666,"x":-291.28,"y":-62.59}],"scale":[{"time":0.1666,"x":1.901,"y":0.506,"curve":[0.074,0.76,0.75,1]},{"time":0.3333,"x":2.388,"y":0.677}]},"S1_B_magic2":{"rotate":[{"time":0.1666,"angle":-25.69}],"translate":[{"time":0.1666,"x":-285.87,"y":-0.27}],"scale":[{"time":0.1666,"x":1.883,"y":0.44,"curve":[0.074,0.76,0.75,1]},{"time":0.3333,"x":2.406,"y":0.596}]},"S1_B_power1":{"translate":[{"time":0.1666,"x":-422.81,"y":-58.81}],"scale":[{"time":0.1666,"x":1,"y":1,"curve":"stepped"},{"time":0.2,"x":1.233,"y":1.233,"curve":"stepped"},{"time":0.2333,"x":1.666,"y":1.666,"curve":"stepped"},{"time":0.3666,"x":1.666,"y":1.666},{"time":0.4666,"x":2,"y":2}]},"S_AB_rock1":{"translate":[{"time":0.8333,"x":-591.24,"y":338.9,"curve":"stepped"},{"time":1.1,"x":-1063.78,"y":333.36}],"scale":[{"time":0.8333,"x":1.174,"y":1.174}]},"S_B_slash2":{"translate":[{"time":0.8333,"x":-823.22,"y":-16.5,"curve":[0.418,0.13,0.917,0.41]},{"time":1.0666,"x":-1683.93,"y":-12.73}],"scale":[{"time":0.8333,"x":1.25,"y":1.25}]},"S_A_fire1":{"translate":[{"time":0.8666,"x":-549.4,"y":-98.48}],"scale":[{"time":0.8666,"x":1.594,"y":1.594}]},"S_B_exC1":{"translate":[{"time":0.8333,"x":-726.14,"y":-87.71}],"scale":[{"time":0.8333,"x":1.503,"y":1.503,"curve":"stepped"},{"time":1.2333,"x":1.503,"y":1.503},{"time":1.3,"x":1.653,"y":1.553}]},"S_B_wing1_00":{"translate":[{"time":0.8333,"x":-1161.06,"y":0.51}],"scale":[{"time":0.8333,"x":1.218,"y":1.218}]},"S1_B_shine":{"translate":[{"time":0.1666,"x":-947.89,"y":-65.56}],"scale":[{"time":0.1666,"x":1.997,"y":1.997},{"time":0.2,"x":2.3,"y":2.3},{"time":0.3,"x":0.1,"y":0.1}]},"S_B_exC2":{"translate":[{"time":0.9,"x":-837.42,"y":-47.76}],"scale":[{"time":0.9,"x":1.503,"y":1.503,"curve":"stepped"},{"time":1.3,"x":1.503,"y":1.503},{"time":1.3666,"x":1.653,"y":1.553}]},"S_B_exC3":{"translate":[{"time":0.9666,"x":-947.37,"y":-8.19}],"scale":[{"time":0.9666,"x":1.503,"y":1.503,"curve":"stepped"},{"time":1.3666,"x":1.503,"y":1.503},{"time":1.4333,"x":1.653,"y":1.553}]},"S_AB_rock2":{"translate":[{"time":0.9,"x":-703.88,"y":378.45,"curve":"stepped"},{"time":1.1666,"x":-1209.07,"y":373.94}],"scale":[{"time":0.9,"x":1.173,"y":1.173}]},"S_AB_rock3":{"translate":[{"time":0.9666,"x":-811.11,"y":410.55}],"scale":[{"time":0.9666,"x":1.173,"y":1.173}]},"S_B_exC4":{"translate":[{"time":1.0333,"x":-1053.72,"y":29.02}],"scale":[{"time":1.0333,"x":1.503,"y":1.503,"curve":"stepped"},{"time":1.4333,"x":1.503,"y":1.503},{"time":1.5,"x":1.653,"y":1.553}]},"S_AB_rock4":{"translate":[{"time":1.0333,"x":-919.31,"y":444.62}],"scale":[{"time":1.0333,"x":1.173,"y":1.173}]},"S_B_exC5":{"translate":[{"time":1.1,"x":-1196.87,"y":58.5}],"scale":[{"time":1.1,"x":1.503,"y":1.503,"curve":"stepped"},{"time":1.5,"x":1.503,"y":1.503},{"time":1.5666,"x":1.653,"y":1.553}]},"S_B_exC6":{"translate":[{"time":1.1666,"x":-1342.3,"y":88.74}],"scale":[{"time":1.1666,"x":1.503,"y":1.503,"curve":"stepped"},{"time":1.5666,"x":1.503,"y":1.503},{"time":1.6333,"x":1.653,"y":1.553}]},"S_AB_dash1":{"translate":[{"time":0.8333,"x":-188.01,"y":326.96}],"scale":[{"time":0.8333,"x":1.652,"y":1.652}]}},"ffd":{"default":{"S1_magic1_B1":{"EF/5140_S1_magic1":[{"time":0.1666,"vertices":[0.24795,0.25079,0.25081,-0.24801,-0.24794,-0.2508,-0.25082,0.24789]},{"time":0.4333,"vertices":[24.20531,32.38228,32.38102,-24.20444,-24.20567,-32.3801,-32.38146,24.2066]}]},"S1_magic1_B3":{"EF/5140_S1_magic1":[{"time":0.1666},{"time":0.4333,"vertices":[-26.44231,-20.77038,-20.77015,26.44253,26.44272,20.77034,20.77056,-26.44258]}]}}}},"none":{}}}