{"skeleton":{"hash":"RFskhzh7pP9xiDkmDHDfrTMZ6dU","spine":"3.0.12","width":0,"height":0},"bones":[{"name":"root"},{"name":"EF","parent":"root"},{"name":"ef_wind_wall_blue","parent":"EF","x":300},{"name":"ef_sprash_A_blue","parent":"EF"},{"name":"ef_smash_wave_A_blue2","parent":"EF","x":50},{"name":"ef_smash_wave_A_blue","parent":"EF","x":50},{"name":"ef_slash_bolt_main4","parent":"EF","x":150},{"name":"ef_slash_bolt_main3","parent":"EF","x":150},{"name":"ef_slash_bolt_main2","parent":"EF","x":150},{"name":"ef_slash_bolt_main","parent":"EF","x":150},{"name":"ef_shine_main","parent":"EF","x":250},{"name":"ef_hit_main2","parent":"EF","x":200},{"name":"ef_hit_main","parent":"EF","x":200},{"name":"ef_flower_main3","parent":"EF","x":100},{"name":"ef_flower_main2","parent":"EF","x":100},{"name":"ef_flower_main","parent":"EF","x":100},{"name":"bubble","parent":"EF"},{"name":"smash_wave","parent":"EF"},{"name":"smash_wave2","parent":"EF"},{"name":"smash_wave3","parent":"EF"}],"slots":[{"name":"0e/s2_ef_hit_main/ef_hit_main_00001","bone":"ef_hit_main","blend":"additive"},{"name":"0e/s2_ef_hit_main/ef_hit_main_1","bone":"ef_hit_main2","blend":"additive"},{"name":"0e/s123_smash_sprash_A_blue/ef_sprash_A_blue_00001","bone":"ef_sprash_A_blue","blend":"additive"},{"name":"0e/s123_smash_wave_A_blue/ef_smash_wave_A_blue_00001","bone":"ef_smash_wave_A_blue","blend":"additive"},{"name":"0e/s123_smash_wave_A_blue/ef_smash_wave_A_blue_1","bone":"ef_smash_wave_A_blue2","blend":"additive"},{"name":"0e/s23_ef_slash_bolt_main/ef_slash_bolt_main_00001","bone":"ef_slash_bolt_main","blend":"additive"},{"name":"0e/s23_ef_slash_bolt_main/ef_slash_bolt_main_1","bone":"ef_slash_bolt_main2","blend":"additive"},{"name":"0e/s23_ef_slash_bolt_main/ef_slash_bolt_main_2","bone":"ef_slash_bolt_main3","blend":"additive"},{"name":"0e/s23_ef_slash_bolt_main/ef_slash_bolt_main_3","bone":"ef_slash_bolt_main4","blend":"additive"},{"name":"0e/s23_ef_flower_main/ef_flower_main_00001","bone":"ef_flower_main","blend":"additive"},{"name":"0e/s23_ef_flower_main/ef_flower_main_1","bone":"ef_flower_main2","blend":"additive"},{"name":"0e/s23_ef_flower_main/ef_flower_main_2","bone":"ef_flower_main3","blend":"additive"},{"name":"0e/s2_ef_shine_main/ef_shine_main_00001","bone":"ef_shine_main","blend":"additive"},{"name":"0e/s3_ef_wind_wall_blue/ef_wind_wall_blue_00001","bone":"ef_wind_wall_blue","blend":"additive"},{"name":"wave/ef_smash_wave_main 2_00001","bone":"smash_wave","blend":"additive"},{"name":"wave/ef_smash_wave_main 2_1","bone":"smash_wave2","blend":"additive"},{"name":"wave/ef_smash_wave_main 2_2","bone":"smash_wave3","blend":"additive"},{"name":"bubble/ef_bubble_ram_main_00001","bone":"bubble","blend":"additive"}],"skins":{"default":{"0e/s123_smash_sprash_A_blue/ef_sprash_A_blue_00001":{"0e/s123_smash_sprash_A_blue/ef_sprash_A_blue_00001":{"width":200,"height":200},"0e/s123_smash_sprash_A_blue/ef_sprash_A_blue_00002":{"width":200,"height":200},"0e/s123_smash_sprash_A_blue/ef_sprash_A_blue_00003":{"width":200,"height":200},"0e/s123_smash_sprash_A_blue/ef_sprash_A_blue_00004":{"width":200,"height":200},"0e/s123_smash_sprash_A_blue/ef_sprash_A_blue_00005":{"width":200,"height":200},"0e/s123_smash_sprash_A_blue/ef_sprash_A_blue_00006":{"width":200,"height":200},"0e/s123_smash_sprash_A_blue/ef_sprash_A_blue_00007":{"width":200,"height":200},"0e/s123_smash_sprash_A_blue/ef_sprash_A_blue_00008":{"width":200,"height":200},"0e/s123_smash_sprash_A_blue/ef_sprash_A_blue_00009":{"width":200,"height":200},"0e/s123_smash_sprash_A_blue/ef_sprash_A_blue_00010":{"width":200,"height":200}},"0e/s123_smash_wave_A_blue/ef_smash_wave_A_blue_00001":{"0e/s123_smash_wave_A_blue/ef_smash_wave_A_blue_00001":{"width":192,"height":256},"0e/s123_smash_wave_A_blue/ef_smash_wave_A_blue_00002":{"width":192,"height":256},"0e/s123_smash_wave_A_blue/ef_smash_wave_A_blue_00003":{"width":192,"height":256},"0e/s123_smash_wave_A_blue/ef_smash_wave_A_blue_00004":{"width":192,"height":256},"0e/s123_smash_wave_A_blue/ef_smash_wave_A_blue_00005":{"width":192,"height":256}},"0e/s123_smash_wave_A_blue/ef_smash_wave_A_blue_1":{"0e/s123_smash_wave_A_blue/ef_smash_wave_A_blue_00001":{"width":192,"height":256},"0e/s123_smash_wave_A_blue/ef_smash_wave_A_blue_00002":{"width":192,"height":256},"0e/s123_smash_wave_A_blue/ef_smash_wave_A_blue_00003":{"width":192,"height":256},"0e/s123_smash_wave_A_blue/ef_smash_wave_A_blue_00004":{"width":192,"height":256},"0e/s123_smash_wave_A_blue/ef_smash_wave_A_blue_00005":{"width":192,"height":256}},"0e/s23_ef_flower_main/ef_flower_main_00001":{"0e/s23_ef_flower_main/ef_flower_main_00001":{"width":346,"height":346},"0e/s23_ef_flower_main/ef_flower_main_00002":{"width":346,"height":346},"0e/s23_ef_flower_main/ef_flower_main_00003":{"width":346,"height":346},"0e/s23_ef_flower_main/ef_flower_main_00004":{"width":346,"height":346},"0e/s23_ef_flower_main/ef_flower_main_00005":{"width":346,"height":346},"0e/s23_ef_flower_main/ef_flower_main_00006":{"width":346,"height":346},"0e/s23_ef_flower_main/ef_flower_main_00007":{"width":346,"height":346},"0e/s23_ef_flower_main/ef_flower_main_00009":{"width":346,"height":346},"0e/s23_ef_flower_main/ef_flower_main_00010":{"width":346,"height":346},"0e/s23_ef_flower_main/ef_flower_main_00011":{"width":346,"height":346},"0e/s23_ef_flower_main/ef_flower_main_00012":{"width":346,"height":346},"0e/s23_ef_flower_main/ef_flower_main_00014":{"width":346,"height":346},"0e/s23_ef_flower_main/ef_flower_main_00015":{"width":346,"height":346},"0e/s23_ef_flower_main/ef_flower_main_00016":{"width":346,"height":346},"0e/s23_ef_flower_main/ef_flower_main_00017":{"width":346,"height":346},"0e/s23_ef_flower_main/ef_flower_main_00019":{"width":346,"height":346},"0e/s23_ef_flower_main/ef_flower_main_00020":{"width":346,"height":346},"0e/s23_ef_flower_main/ef_flower_main_00021":{"width":346,"height":346},"0e/s23_ef_flower_main/ef_flower_main_00022":{"width":346,"height":346},"0e/s23_ef_flower_main/ef_flower_main_00024":{"width":346,"height":346}},"0e/s23_ef_flower_main/ef_flower_main_1":{"0e/s23_ef_flower_main/ef_flower_main_00001":{"width":346,"height":346},"0e/s23_ef_flower_main/ef_flower_main_00002":{"width":346,"height":346},"0e/s23_ef_flower_main/ef_flower_main_00003":{"width":346,"height":346},"0e/s23_ef_flower_main/ef_flower_main_00004":{"width":346,"height":346},"0e/s23_ef_flower_main/ef_flower_main_00005":{"width":346,"height":346},"0e/s23_ef_flower_main/ef_flower_main_00006":{"width":346,"height":346},"0e/s23_ef_flower_main/ef_flower_main_00007":{"width":346,"height":346},"0e/s23_ef_flower_main/ef_flower_main_00009":{"width":346,"height":346},"0e/s23_ef_flower_main/ef_flower_main_00010":{"width":346,"height":346},"0e/s23_ef_flower_main/ef_flower_main_00011":{"width":346,"height":346},"0e/s23_ef_flower_main/ef_flower_main_00012":{"width":346,"height":346},"0e/s23_ef_flower_main/ef_flower_main_00014":{"width":346,"height":346},"0e/s23_ef_flower_main/ef_flower_main_00015":{"width":346,"height":346},"0e/s23_ef_flower_main/ef_flower_main_00016":{"width":346,"height":346},"0e/s23_ef_flower_main/ef_flower_main_00017":{"width":346,"height":346},"0e/s23_ef_flower_main/ef_flower_main_00019":{"width":346,"height":346},"0e/s23_ef_flower_main/ef_flower_main_00020":{"width":346,"height":346},"0e/s23_ef_flower_main/ef_flower_main_00021":{"width":346,"height":346},"0e/s23_ef_flower_main/ef_flower_main_00022":{"width":346,"height":346},"0e/s23_ef_flower_main/ef_flower_main_00024":{"width":346,"height":346}},"0e/s23_ef_flower_main/ef_flower_main_2":{"0e/s23_ef_flower_main/ef_flower_main_00001":{"width":346,"height":346},"0e/s23_ef_flower_main/ef_flower_main_00002":{"width":346,"height":346},"0e/s23_ef_flower_main/ef_flower_main_00003":{"width":346,"height":346},"0e/s23_ef_flower_main/ef_flower_main_00004":{"width":346,"height":346},"0e/s23_ef_flower_main/ef_flower_main_00005":{"width":346,"height":346},"0e/s23_ef_flower_main/ef_flower_main_00006":{"width":346,"height":346},"0e/s23_ef_flower_main/ef_flower_main_00007":{"width":346,"height":346},"0e/s23_ef_flower_main/ef_flower_main_00009":{"width":346,"height":346},"0e/s23_ef_flower_main/ef_flower_main_00010":{"width":346,"height":346},"0e/s23_ef_flower_main/ef_flower_main_00011":{"width":346,"height":346},"0e/s23_ef_flower_main/ef_flower_main_00012":{"width":346,"height":346},"0e/s23_ef_flower_main/ef_flower_main_00014":{"width":346,"height":346},"0e/s23_ef_flower_main/ef_flower_main_00015":{"width":346,"height":346},"0e/s23_ef_flower_main/ef_flower_main_00016":{"width":346,"height":346},"0e/s23_ef_flower_main/ef_flower_main_00017":{"width":346,"height":346},"0e/s23_ef_flower_main/ef_flower_main_00019":{"width":346,"height":346},"0e/s23_ef_flower_main/ef_flower_main_00020":{"width":346,"height":346},"0e/s23_ef_flower_main/ef_flower_main_00021":{"width":346,"height":346},"0e/s23_ef_flower_main/ef_flower_main_00022":{"width":346,"height":346},"0e/s23_ef_flower_main/ef_flower_main_00024":{"width":346,"height":346}},"0e/s23_ef_slash_bolt_main/ef_slash_bolt_main_00001":{"0e/s23_ef_slash_bolt_main/ef_slash_bolt_main_00001":{"x":5,"width":120,"height":320},"0e/s23_ef_slash_bolt_main/ef_slash_bolt_main_00002":{"x":5,"width":120,"height":320},"0e/s23_ef_slash_bolt_main/ef_slash_bolt_main_00003":{"x":5,"width":120,"height":320},"0e/s23_ef_slash_bolt_main/ef_slash_bolt_main_00004":{"x":5,"width":120,"height":320},"0e/s23_ef_slash_bolt_main/ef_slash_bolt_main_00005":{"x":5,"width":120,"height":320},"0e/s23_ef_slash_bolt_main/ef_slash_bolt_main_00006":{"x":5,"width":120,"height":320},"0e/s23_ef_slash_bolt_main/ef_slash_bolt_main_00007":{"x":5,"width":120,"height":320},"0e/s23_ef_slash_bolt_main/ef_slash_bolt_main_00008":{"x":5,"width":120,"height":320},"0e/s23_ef_slash_bolt_main/ef_slash_bolt_main_00009":{"x":5,"width":120,"height":320},"0e/s23_ef_slash_bolt_main/ef_slash_bolt_main_00010":{"x":5,"width":120,"height":320},"0e/s23_ef_slash_bolt_main/ef_slash_bolt_main_00011":{"x":5,"width":120,"height":320},"0e/s23_ef_slash_bolt_main/ef_slash_bolt_main_00012":{"x":5,"width":120,"height":320}},"0e/s23_ef_slash_bolt_main/ef_slash_bolt_main_1":{"0e/s23_ef_slash_bolt_main/ef_slash_bolt_main_00001":{"x":5,"width":120,"height":320},"0e/s23_ef_slash_bolt_main/ef_slash_bolt_main_00002":{"x":5,"width":120,"height":320},"0e/s23_ef_slash_bolt_main/ef_slash_bolt_main_00003":{"x":5,"width":120,"height":320},"0e/s23_ef_slash_bolt_main/ef_slash_bolt_main_00004":{"x":5,"width":120,"height":320},"0e/s23_ef_slash_bolt_main/ef_slash_bolt_main_00005":{"x":5,"width":120,"height":320},"0e/s23_ef_slash_bolt_main/ef_slash_bolt_main_00006":{"x":5,"width":120,"height":320},"0e/s23_ef_slash_bolt_main/ef_slash_bolt_main_00007":{"x":5,"width":120,"height":320},"0e/s23_ef_slash_bolt_main/ef_slash_bolt_main_00008":{"x":5,"width":120,"height":320},"0e/s23_ef_slash_bolt_main/ef_slash_bolt_main_00009":{"x":5,"width":120,"height":320},"0e/s23_ef_slash_bolt_main/ef_slash_bolt_main_00010":{"x":5,"width":120,"height":320},"0e/s23_ef_slash_bolt_main/ef_slash_bolt_main_00011":{"x":5,"width":120,"height":320},"0e/s23_ef_slash_bolt_main/ef_slash_bolt_main_00012":{"x":5,"width":120,"height":320}},"0e/s23_ef_slash_bolt_main/ef_slash_bolt_main_2":{"0e/s23_ef_slash_bolt_main/ef_slash_bolt_main_00001":{"x":5,"width":120,"height":320},"0e/s23_ef_slash_bolt_main/ef_slash_bolt_main_00002":{"x":5,"width":120,"height":320},"0e/s23_ef_slash_bolt_main/ef_slash_bolt_main_00003":{"x":5,"width":120,"height":320},"0e/s23_ef_slash_bolt_main/ef_slash_bolt_main_00004":{"x":5,"width":120,"height":320},"0e/s23_ef_slash_bolt_main/ef_slash_bolt_main_00005":{"x":5,"width":120,"height":320},"0e/s23_ef_slash_bolt_main/ef_slash_bolt_main_00006":{"x":5,"width":120,"height":320},"0e/s23_ef_slash_bolt_main/ef_slash_bolt_main_00007":{"x":5,"width":120,"height":320},"0e/s23_ef_slash_bolt_main/ef_slash_bolt_main_00008":{"x":5,"width":120,"height":320},"0e/s23_ef_slash_bolt_main/ef_slash_bolt_main_00009":{"x":5,"width":120,"height":320},"0e/s23_ef_slash_bolt_main/ef_slash_bolt_main_00010":{"x":5,"width":120,"height":320},"0e/s23_ef_slash_bolt_main/ef_slash_bolt_main_00011":{"x":5,"width":120,"height":320},"0e/s23_ef_slash_bolt_main/ef_slash_bolt_main_00012":{"x":5,"width":120,"height":320}},"0e/s23_ef_slash_bolt_main/ef_slash_bolt_main_3":{"0e/s23_ef_slash_bolt_main/ef_slash_bolt_main_00001":{"x":5,"width":120,"height":320},"0e/s23_ef_slash_bolt_main/ef_slash_bolt_main_00002":{"x":5,"width":120,"height":320},"0e/s23_ef_slash_bolt_main/ef_slash_bolt_main_00003":{"x":5,"width":120,"height":320},"0e/s23_ef_slash_bolt_main/ef_slash_bolt_main_00004":{"x":5,"width":120,"height":320},"0e/s23_ef_slash_bolt_main/ef_slash_bolt_main_00005":{"x":5,"width":120,"height":320},"0e/s23_ef_slash_bolt_main/ef_slash_bolt_main_00006":{"x":5,"width":120,"height":320},"0e/s23_ef_slash_bolt_main/ef_slash_bolt_main_00007":{"x":5,"width":120,"height":320},"0e/s23_ef_slash_bolt_main/ef_slash_bolt_main_00008":{"x":5,"width":120,"height":320},"0e/s23_ef_slash_bolt_main/ef_slash_bolt_main_00009":{"x":5,"width":120,"height":320},"0e/s23_ef_slash_bolt_main/ef_slash_bolt_main_00010":{"x":5,"width":120,"height":320},"0e/s23_ef_slash_bolt_main/ef_slash_bolt_main_00011":{"x":5,"width":120,"height":320},"0e/s23_ef_slash_bolt_main/ef_slash_bolt_main_00012":{"x":5,"width":120,"height":320}},"0e/s2_ef_hit_main/ef_hit_main_00001":{"0e/s2_ef_hit_main/ef_hit_main_00001":{"width":192,"height":160},"0e/s2_ef_hit_main/ef_hit_main_00002":{"width":192,"height":160},"0e/s2_ef_hit_main/ef_hit_main_00003":{"width":192,"height":160},"0e/s2_ef_hit_main/ef_hit_main_00004":{"width":192,"height":160},"0e/s2_ef_hit_main/ef_hit_main_00005":{"width":192,"height":160}},"0e/s2_ef_hit_main/ef_hit_main_1":{"0e/s2_ef_hit_main/ef_hit_main_00001":{"width":192,"height":160},"0e/s2_ef_hit_main/ef_hit_main_00002":{"width":192,"height":160},"0e/s2_ef_hit_main/ef_hit_main_00003":{"width":192,"height":160},"0e/s2_ef_hit_main/ef_hit_main_00004":{"width":192,"height":160},"0e/s2_ef_hit_main/ef_hit_main_00005":{"width":192,"height":160}},"0e/s2_ef_shine_main/ef_shine_main_00001":{"0e/s2_ef_shine_main/ef_shine_main_00001":{"width":300,"height":300}},"0e/s3_ef_wind_wall_blue/ef_wind_wall_blue_00001":{"0e/s3_ef_wind_wall_blue/ef_wind_wall_blue_00001":{"width":64,"height":114},"0e/s3_ef_wind_wall_blue/ef_wind_wall_blue_00002":{"width":64,"height":114},"0e/s3_ef_wind_wall_blue/ef_wind_wall_blue_00003":{"width":64,"height":114},"0e/s3_ef_wind_wall_blue/ef_wind_wall_blue_00004":{"width":64,"height":114},"0e/s3_ef_wind_wall_blue/ef_wind_wall_blue_00005":{"width":64,"height":114}},"bubble/ef_bubble_ram_main_00001":{"bubble/ef_bubble_ram_main_00001":{"width":193,"height":164},"bubble/ef_bubble_ram_main_00003":{"width":193,"height":164},"bubble/ef_bubble_ram_main_00004":{"width":193,"height":164},"bubble/ef_bubble_ram_main_00005":{"width":193,"height":164},"bubble/ef_bubble_ram_main_00008":{"width":193,"height":164},"bubble/ef_bubble_ram_main_00009":{"width":193,"height":164},"bubble/ef_bubble_ram_main_00012":{"width":193,"height":164},"bubble/ef_bubble_ram_main_00013":{"width":193,"height":164},"bubble/ef_bubble_ram_main_00015":{"width":193,"height":164},"bubble/ef_bubble_ram_main_00016":{"width":193,"height":164},"bubble/ef_bubble_ram_main_00017":{"width":193,"height":164},"bubble/ef_bubble_ram_main_00019":{"width":193,"height":164},"bubble/ef_bubble_ram_main_00020":{"width":193,"height":164},"bubble/ef_bubble_ram_main_00021":{"width":193,"height":164},"bubble/ef_bubble_ram_main_00023":{"width":193,"height":164}},"wave/ef_smash_wave_main 2_00001":{"wave/ef_smash_wave_main 2_00001":{"width":120,"height":240},"wave/ef_smash_wave_main 2_00002":{"width":120,"height":240},"wave/ef_smash_wave_main 2_00003":{"width":120,"height":240},"wave/ef_smash_wave_main 2_00004":{"width":120,"height":240},"wave/ef_smash_wave_main 2_00005":{"width":120,"height":240},"wave/ef_smash_wave_main 2_00006":{"width":120,"height":240},"wave/ef_smash_wave_main 2_00007":{"width":120,"height":240},"wave/ef_smash_wave_main 2_00008":{"width":120,"height":240}},"wave/ef_smash_wave_main 2_1":{"wave/ef_smash_wave_main 2_00001":{"width":120,"height":240},"wave/ef_smash_wave_main 2_00002":{"width":120,"height":240},"wave/ef_smash_wave_main 2_00003":{"width":120,"height":240},"wave/ef_smash_wave_main 2_00004":{"width":120,"height":240},"wave/ef_smash_wave_main 2_00005":{"width":120,"height":240},"wave/ef_smash_wave_main 2_00006":{"width":120,"height":240},"wave/ef_smash_wave_main 2_00007":{"width":120,"height":240},"wave/ef_smash_wave_main 2_00008":{"width":120,"height":240}},"wave/ef_smash_wave_main 2_2":{"wave/ef_smash_wave_main 2_00001":{"width":120,"height":240},"wave/ef_smash_wave_main 2_00002":{"width":120,"height":240},"wave/ef_smash_wave_main 2_00003":{"width":120,"height":240},"wave/ef_smash_wave_main 2_00004":{"width":120,"height":240},"wave/ef_smash_wave_main 2_00005":{"width":120,"height":240},"wave/ef_smash_wave_main 2_00006":{"width":120,"height":240},"wave/ef_smash_wave_main 2_00007":{"width":120,"height":240},"wave/ef_smash_wave_main 2_00008":{"width":120,"height":240}}}},"animations":{"1-skill1":{"slots":{"0e/s123_smash_sprash_A_blue/ef_sprash_A_blue_00001":{"attachment":[{"time":0.9666,"name":"0e/s123_smash_sprash_A_blue/ef_sprash_A_blue_00001"},{"time":1,"name":"0e/s123_smash_sprash_A_blue/ef_sprash_A_blue_00002"},{"time":1.0333,"name":"0e/s123_smash_sprash_A_blue/ef_sprash_A_blue_00003"},{"time":1.0666,"name":"0e/s123_smash_sprash_A_blue/ef_sprash_A_blue_00004"},{"time":1.1,"name":"0e/s123_smash_sprash_A_blue/ef_sprash_A_blue_00005"},{"time":1.1333,"name":"0e/s123_smash_sprash_A_blue/ef_sprash_A_blue_00006"},{"time":1.1666,"name":"0e/s123_smash_sprash_A_blue/ef_sprash_A_blue_00007"},{"time":1.2,"name":"0e/s123_smash_sprash_A_blue/ef_sprash_A_blue_00008"},{"time":1.2333,"name":"0e/s123_smash_sprash_A_blue/ef_sprash_A_blue_00009"},{"time":1.2666,"name":"0e/s123_smash_sprash_A_blue/ef_sprash_A_blue_00010"},{"time":1.3,"name":null}]},"0e/s123_smash_wave_A_blue/ef_smash_wave_A_blue_00001":{"attachment":[{"time":0.9666,"name":"0e/s123_smash_wave_A_blue/ef_smash_wave_A_blue_00001"},{"time":1,"name":"0e/s123_smash_wave_A_blue/ef_smash_wave_A_blue_00002"},{"time":1.0333,"name":"0e/s123_smash_wave_A_blue/ef_smash_wave_A_blue_00003"},{"time":1.0666,"name":"0e/s123_smash_wave_A_blue/ef_smash_wave_A_blue_00004"},{"time":1.1,"name":"0e/s123_smash_wave_A_blue/ef_smash_wave_A_blue_00005"},{"time":1.1333,"name":null}]}},"bones":{"ef_smash_wave_A_blue":{"translate":[{"time":0.9666,"x":-100,"y":50}],"scale":[{"time":0.9666,"x":2.5,"y":2.5}]},"ef_sprash_A_blue":{"translate":[{"time":0.9666,"x":-100,"y":50}],"scale":[{"time":0.9666,"x":-3,"y":3},{"time":1.2,"x":-4,"y":4}]}}},"1-skill2":{"slots":{"0e/s123_smash_wave_A_blue/ef_smash_wave_A_blue_00001":{"attachment":[{"time":3.1,"name":"0e/s123_smash_wave_A_blue/ef_smash_wave_A_blue_00001"},{"time":3.1333,"name":"0e/s123_smash_wave_A_blue/ef_smash_wave_A_blue_00002"},{"time":3.1666,"name":"0e/s123_smash_wave_A_blue/ef_smash_wave_A_blue_00003"},{"time":3.2,"name":"0e/s123_smash_wave_A_blue/ef_smash_wave_A_blue_00004"},{"time":3.2333,"name":"0e/s123_smash_wave_A_blue/ef_smash_wave_A_blue_00005"},{"time":3.2666,"name":null}]},"0e/s123_smash_wave_A_blue/ef_smash_wave_A_blue_1":{"attachment":[{"time":3.1,"name":"0e/s123_smash_wave_A_blue/ef_smash_wave_A_blue_00001"},{"time":3.1333,"name":"0e/s123_smash_wave_A_blue/ef_smash_wave_A_blue_00002"},{"time":3.1666,"name":"0e/s123_smash_wave_A_blue/ef_smash_wave_A_blue_00003"},{"time":3.2,"name":"0e/s123_smash_wave_A_blue/ef_smash_wave_A_blue_00004"},{"time":3.2333,"name":"0e/s123_smash_wave_A_blue/ef_smash_wave_A_blue_00005"},{"time":3.2666,"name":null}]},"0e/s23_ef_flower_main/ef_flower_main_00001":{"attachment":[{"time":0.0333,"name":"0e/s23_ef_flower_main/ef_flower_main_00001"},{"time":0.0666,"name":"0e/s23_ef_flower_main/ef_flower_main_00002"},{"time":0.1,"name":"0e/s23_ef_flower_main/ef_flower_main_00003"},{"time":0.1333,"name":"0e/s23_ef_flower_main/ef_flower_main_00004"},{"time":0.1666,"name":"0e/s23_ef_flower_main/ef_flower_main_00005"},{"time":0.2,"name":"0e/s23_ef_flower_main/ef_flower_main_00006"},{"time":0.2333,"name":"0e/s23_ef_flower_main/ef_flower_main_00007"},{"time":0.2666,"name":"0e/s23_ef_flower_main/ef_flower_main_00009"},{"time":0.3,"name":"0e/s23_ef_flower_main/ef_flower_main_00010"},{"time":0.3333,"name":"0e/s23_ef_flower_main/ef_flower_main_00011"},{"time":0.3666,"name":"0e/s23_ef_flower_main/ef_flower_main_00012"},{"time":0.4,"name":"0e/s23_ef_flower_main/ef_flower_main_00014"},{"time":0.4333,"name":"0e/s23_ef_flower_main/ef_flower_main_00015"},{"time":0.4666,"name":"0e/s23_ef_flower_main/ef_flower_main_00016"},{"time":0.5,"name":"0e/s23_ef_flower_main/ef_flower_main_00017"},{"time":0.5333,"name":"0e/s23_ef_flower_main/ef_flower_main_00019"},{"time":0.5666,"name":"0e/s23_ef_flower_main/ef_flower_main_00020"},{"time":0.6,"name":"0e/s23_ef_flower_main/ef_flower_main_00021"},{"time":0.6333,"name":"0e/s23_ef_flower_main/ef_flower_main_00022"},{"time":0.6666,"name":"0e/s23_ef_flower_main/ef_flower_main_00024"},{"time":0.7666,"name":null}],"color":[{"time":0.0333,"color":"ffffffff"},{"time":0.7666,"color":"5b69ffff"}]},"0e/s23_ef_slash_bolt_main/ef_slash_bolt_main_1":{"attachment":[{"time":3.0666,"name":"0e/s23_ef_slash_bolt_main/ef_slash_bolt_main_00001"},{"time":3.1,"name":"0e/s23_ef_slash_bolt_main/ef_slash_bolt_main_00002"},{"time":3.1333,"name":"0e/s23_ef_slash_bolt_main/ef_slash_bolt_main_00003"},{"time":3.1666,"name":"0e/s23_ef_slash_bolt_main/ef_slash_bolt_main_00004"},{"time":3.2,"name":"0e/s23_ef_slash_bolt_main/ef_slash_bolt_main_00005"},{"time":3.2333,"name":"0e/s23_ef_slash_bolt_main/ef_slash_bolt_main_00006"},{"time":3.2666,"name":"0e/s23_ef_slash_bolt_main/ef_slash_bolt_main_00007"},{"time":3.3,"name":"0e/s23_ef_slash_bolt_main/ef_slash_bolt_main_00008"},{"time":3.3333,"name":"0e/s23_ef_slash_bolt_main/ef_slash_bolt_main_00009"},{"time":3.3666,"name":"0e/s23_ef_slash_bolt_main/ef_slash_bolt_main_00010"},{"time":3.4,"name":"0e/s23_ef_slash_bolt_main/ef_slash_bolt_main_00011"},{"time":3.4333,"name":"0e/s23_ef_slash_bolt_main/ef_slash_bolt_main_00012"},{"time":3.4666,"name":null}]},"0e/s2_ef_hit_main/ef_hit_main_00001":{"attachment":[{"time":2.6333,"name":"0e/s2_ef_hit_main/ef_hit_main_00001"},{"time":2.6666,"name":"0e/s2_ef_hit_main/ef_hit_main_00002"},{"time":2.7,"name":"0e/s2_ef_hit_main/ef_hit_main_00003"},{"time":2.7333,"name":"0e/s2_ef_hit_main/ef_hit_main_00004"},{"time":2.7666,"name":"0e/s2_ef_hit_main/ef_hit_main_00005"},{"time":2.8,"name":null}]},"0e/s2_ef_hit_main/ef_hit_main_1":{"attachment":[{"time":2.6666,"name":"0e/s2_ef_hit_main/ef_hit_main_00001"},{"time":2.7,"name":"0e/s2_ef_hit_main/ef_hit_main_00002"},{"time":2.7333,"name":"0e/s2_ef_hit_main/ef_hit_main_00003"},{"time":2.7666,"name":"0e/s2_ef_hit_main/ef_hit_main_00004"},{"time":2.8,"name":"0e/s2_ef_hit_main/ef_hit_main_00005"},{"time":2.8333,"name":null}]},"0e/s2_ef_shine_main/ef_shine_main_00001":{"attachment":[{"time":0.0333,"name":"0e/s2_ef_shine_main/ef_shine_main_00001"}],"color":[{"time":0.1666,"color":"ffffffff"},{"time":0.3333,"color":"ffffff00"}]}},"bones":{"ef_shine_main":{"translate":[{"time":0.0333,"x":-250,"y":50}],"scale":[{"time":0.0333,"x":0.558,"y":0.558},{"time":0.1333,"x":1.7,"y":1.7,"curve":[0.128,0.58,0.75,1]},{"time":0.3333,"x":1.9,"y":2.2}]},"ef_flower_main":{"translate":[{"time":0.0333,"x":-100,"y":50}],"scale":[{"time":0.0333,"x":1,"y":1,"curve":[0.146,0.29,0.75,1]},{"time":0.5,"x":2.7,"y":2.7},{"time":0.7666,"x":2.9,"y":2.9}]},"ef_hit_main":{"rotate":[{"time":2.6333,"angle":240}],"translate":[{"time":2.6333,"x":-47.61,"y":93.59}],"scale":[{"time":2.6333,"x":2.9,"y":2.9}]},"ef_hit_main2":{"rotate":[{"time":2.6666,"angle":-47.59}],"translate":[{"time":2.6666,"x":-36.12,"y":109.19}],"scale":[{"time":2.6666,"x":-2.9,"y":2.9}]},"ef_slash_bolt_main2":{"rotate":[{"time":3.0666,"angle":128.52}],"translate":[{"time":3.0666,"x":86.19,"y":175.17}],"scale":[{"time":3.0666,"x":3.7,"y":3.7}]},"ef_smash_wave_A_blue":{"rotate":[{"time":3.1,"angle":-154.1}],"translate":[{"time":3.1,"x":146.69,"y":116.28}],"scale":[{"time":3.1,"x":2.042,"y":2.042},{"time":3.2333,"x":3,"y":3}]},"ef_smash_wave_A_blue2":{"rotate":[{"time":3.1,"angle":-53.59}],"translate":[{"time":3.1,"x":146.69,"y":116.28}],"scale":[{"time":3.1,"x":2.042,"y":2.042},{"time":3.2333,"x":3,"y":3}]}}},"2-skill1":{"slots":{"0e/s123_smash_sprash_A_blue/ef_sprash_A_blue_00001":{"attachment":[{"time":0.9666,"name":"0e/s123_smash_sprash_A_blue/ef_sprash_A_blue_00001"},{"time":1,"name":"0e/s123_smash_sprash_A_blue/ef_sprash_A_blue_00002"},{"time":1.0333,"name":"0e/s123_smash_sprash_A_blue/ef_sprash_A_blue_00003"},{"time":1.0666,"name":"0e/s123_smash_sprash_A_blue/ef_sprash_A_blue_00004"},{"time":1.1,"name":"0e/s123_smash_sprash_A_blue/ef_sprash_A_blue_00005"},{"time":1.1333,"name":"0e/s123_smash_sprash_A_blue/ef_sprash_A_blue_00006"},{"time":1.1666,"name":"0e/s123_smash_sprash_A_blue/ef_sprash_A_blue_00007"},{"time":1.2,"name":"0e/s123_smash_sprash_A_blue/ef_sprash_A_blue_00008"},{"time":1.2333,"name":"0e/s123_smash_sprash_A_blue/ef_sprash_A_blue_00009"},{"time":1.2666,"name":"0e/s123_smash_sprash_A_blue/ef_sprash_A_blue_00010"},{"time":1.3,"name":null}]},"0e/s123_smash_wave_A_blue/ef_smash_wave_A_blue_00001":{"attachment":[{"time":0.9666,"name":"0e/s123_smash_wave_A_blue/ef_smash_wave_A_blue_00001"},{"time":1,"name":"0e/s123_smash_wave_A_blue/ef_smash_wave_A_blue_00002"},{"time":1.0333,"name":"0e/s123_smash_wave_A_blue/ef_smash_wave_A_blue_00003"},{"time":1.0666,"name":"0e/s123_smash_wave_A_blue/ef_smash_wave_A_blue_00004"},{"time":1.1,"name":"0e/s123_smash_wave_A_blue/ef_smash_wave_A_blue_00005"},{"time":1.1333,"name":null}]}},"bones":{"ef_smash_wave_A_blue":{"translate":[{"time":0.9666,"x":-100,"y":50}],"scale":[{"time":0.9666,"x":3,"y":3}]},"ef_sprash_A_blue":{"translate":[{"time":0.9666,"x":-100,"y":50}],"scale":[{"time":0.9666,"x":-3.5,"y":3.5},{"time":1.2,"x":-4.5,"y":4.5}]}}},"2-skill2":{"slots":{"0e/s123_smash_wave_A_blue/ef_smash_wave_A_blue_00001":{"attachment":[{"time":3.1,"name":"0e/s123_smash_wave_A_blue/ef_smash_wave_A_blue_00001"},{"time":3.1333,"name":"0e/s123_smash_wave_A_blue/ef_smash_wave_A_blue_00002"},{"time":3.1666,"name":"0e/s123_smash_wave_A_blue/ef_smash_wave_A_blue_00003"},{"time":3.2,"name":"0e/s123_smash_wave_A_blue/ef_smash_wave_A_blue_00004"},{"time":3.2333,"name":"0e/s123_smash_wave_A_blue/ef_smash_wave_A_blue_00005"},{"time":3.2666,"name":null}]},"0e/s123_smash_wave_A_blue/ef_smash_wave_A_blue_1":{"attachment":[{"time":3.1,"name":"0e/s123_smash_wave_A_blue/ef_smash_wave_A_blue_00001"},{"time":3.1333,"name":"0e/s123_smash_wave_A_blue/ef_smash_wave_A_blue_00002"},{"time":3.1666,"name":"0e/s123_smash_wave_A_blue/ef_smash_wave_A_blue_00003"},{"time":3.2,"name":"0e/s123_smash_wave_A_blue/ef_smash_wave_A_blue_00004"},{"time":3.2333,"name":"0e/s123_smash_wave_A_blue/ef_smash_wave_A_blue_00005"},{"time":3.2666,"name":null}]},"0e/s23_ef_flower_main/ef_flower_main_00001":{"attachment":[{"time":0.0333,"name":"0e/s23_ef_flower_main/ef_flower_main_00001"},{"time":0.0666,"name":"0e/s23_ef_flower_main/ef_flower_main_00002"},{"time":0.1,"name":"0e/s23_ef_flower_main/ef_flower_main_00003"},{"time":0.1333,"name":"0e/s23_ef_flower_main/ef_flower_main_00004"},{"time":0.1666,"name":"0e/s23_ef_flower_main/ef_flower_main_00005"},{"time":0.2,"name":"0e/s23_ef_flower_main/ef_flower_main_00006"},{"time":0.2333,"name":"0e/s23_ef_flower_main/ef_flower_main_00007"},{"time":0.2666,"name":"0e/s23_ef_flower_main/ef_flower_main_00009"},{"time":0.3,"name":"0e/s23_ef_flower_main/ef_flower_main_00010"},{"time":0.3333,"name":"0e/s23_ef_flower_main/ef_flower_main_00011"},{"time":0.3666,"name":"0e/s23_ef_flower_main/ef_flower_main_00012"},{"time":0.4,"name":"0e/s23_ef_flower_main/ef_flower_main_00014"},{"time":0.4333,"name":"0e/s23_ef_flower_main/ef_flower_main_00015"},{"time":0.4666,"name":"0e/s23_ef_flower_main/ef_flower_main_00016"},{"time":0.5,"name":"0e/s23_ef_flower_main/ef_flower_main_00017"},{"time":0.5333,"name":"0e/s23_ef_flower_main/ef_flower_main_00019"},{"time":0.5666,"name":"0e/s23_ef_flower_main/ef_flower_main_00020"},{"time":0.6,"name":"0e/s23_ef_flower_main/ef_flower_main_00021"},{"time":0.6333,"name":"0e/s23_ef_flower_main/ef_flower_main_00022"},{"time":0.6666,"name":"0e/s23_ef_flower_main/ef_flower_main_00024"},{"time":0.7666,"name":null}],"color":[{"time":0.0333,"color":"ffffffff"},{"time":0.7666,"color":"5b69ffff"}]},"0e/s23_ef_flower_main/ef_flower_main_1":{"attachment":[{"time":0.0666,"name":"0e/s23_ef_flower_main/ef_flower_main_00001"},{"time":0.1,"name":"0e/s23_ef_flower_main/ef_flower_main_00002"},{"time":0.1333,"name":"0e/s23_ef_flower_main/ef_flower_main_00003"},{"time":0.1666,"name":"0e/s23_ef_flower_main/ef_flower_main_00004"},{"time":0.2,"name":"0e/s23_ef_flower_main/ef_flower_main_00005"},{"time":0.2333,"name":"0e/s23_ef_flower_main/ef_flower_main_00006"},{"time":0.2666,"name":"0e/s23_ef_flower_main/ef_flower_main_00007"},{"time":0.3,"name":"0e/s23_ef_flower_main/ef_flower_main_00009"},{"time":0.3333,"name":"0e/s23_ef_flower_main/ef_flower_main_00010"},{"time":0.3666,"name":"0e/s23_ef_flower_main/ef_flower_main_00011"},{"time":0.4,"name":"0e/s23_ef_flower_main/ef_flower_main_00012"},{"time":0.4333,"name":"0e/s23_ef_flower_main/ef_flower_main_00014"},{"time":0.4666,"name":"0e/s23_ef_flower_main/ef_flower_main_00015"},{"time":0.5,"name":"0e/s23_ef_flower_main/ef_flower_main_00016"},{"time":0.5333,"name":"0e/s23_ef_flower_main/ef_flower_main_00017"},{"time":0.5666,"name":"0e/s23_ef_flower_main/ef_flower_main_00019"},{"time":0.6,"name":"0e/s23_ef_flower_main/ef_flower_main_00020"},{"time":0.6333,"name":"0e/s23_ef_flower_main/ef_flower_main_00021"},{"time":0.6666,"name":"0e/s23_ef_flower_main/ef_flower_main_00022"},{"time":0.7,"name":"0e/s23_ef_flower_main/ef_flower_main_00024"},{"time":0.8,"name":null}],"color":[{"time":0.0666,"color":"002fffff"},{"time":0.8,"color":"002fff00"}]},"0e/s23_ef_slash_bolt_main/ef_slash_bolt_main_1":{"attachment":[{"time":3.0666,"name":"0e/s23_ef_slash_bolt_main/ef_slash_bolt_main_00001"},{"time":3.1,"name":"0e/s23_ef_slash_bolt_main/ef_slash_bolt_main_00002"},{"time":3.1333,"name":"0e/s23_ef_slash_bolt_main/ef_slash_bolt_main_00003"},{"time":3.1666,"name":"0e/s23_ef_slash_bolt_main/ef_slash_bolt_main_00004"},{"time":3.2,"name":"0e/s23_ef_slash_bolt_main/ef_slash_bolt_main_00005"},{"time":3.2333,"name":"0e/s23_ef_slash_bolt_main/ef_slash_bolt_main_00006"},{"time":3.2666,"name":"0e/s23_ef_slash_bolt_main/ef_slash_bolt_main_00007"},{"time":3.3,"name":"0e/s23_ef_slash_bolt_main/ef_slash_bolt_main_00008"},{"time":3.3333,"name":"0e/s23_ef_slash_bolt_main/ef_slash_bolt_main_00009"},{"time":3.3666,"name":"0e/s23_ef_slash_bolt_main/ef_slash_bolt_main_00010"},{"time":3.4,"name":"0e/s23_ef_slash_bolt_main/ef_slash_bolt_main_00011"},{"time":3.4333,"name":"0e/s23_ef_slash_bolt_main/ef_slash_bolt_main_00012"},{"time":3.4666,"name":null}]},"0e/s2_ef_hit_main/ef_hit_main_00001":{"attachment":[{"time":2.6333,"name":"0e/s2_ef_hit_main/ef_hit_main_00001"},{"time":2.6666,"name":"0e/s2_ef_hit_main/ef_hit_main_00002"},{"time":2.7,"name":"0e/s2_ef_hit_main/ef_hit_main_00003"},{"time":2.7333,"name":"0e/s2_ef_hit_main/ef_hit_main_00004"},{"time":2.7666,"name":"0e/s2_ef_hit_main/ef_hit_main_00005"},{"time":2.8,"name":null}]},"0e/s2_ef_hit_main/ef_hit_main_1":{"attachment":[{"time":2.6666,"name":"0e/s2_ef_hit_main/ef_hit_main_00001"},{"time":2.7,"name":"0e/s2_ef_hit_main/ef_hit_main_00002"},{"time":2.7333,"name":"0e/s2_ef_hit_main/ef_hit_main_00003"},{"time":2.7666,"name":"0e/s2_ef_hit_main/ef_hit_main_00004"},{"time":2.8,"name":"0e/s2_ef_hit_main/ef_hit_main_00005"},{"time":2.8333,"name":null}]},"0e/s2_ef_shine_main/ef_shine_main_00001":{"attachment":[{"time":0.0333,"name":"0e/s2_ef_shine_main/ef_shine_main_00001"}],"color":[{"time":0.1666,"color":"ffffffff"},{"time":0.3333,"color":"ffffff00"}]}},"bones":{"ef_shine_main":{"translate":[{"time":0.0333,"x":-250,"y":50}],"scale":[{"time":0.0333,"x":0.558,"y":0.558},{"time":0.1333,"x":2,"y":2,"curve":[0.128,0.58,0.75,1]},{"time":0.3333,"x":2.5,"y":2.5}]},"ef_flower_main":{"translate":[{"time":0.0333,"x":-100,"y":50}],"scale":[{"time":0.0333,"x":1,"y":1,"curve":[0.146,0.29,0.75,1]},{"time":0.5,"x":3,"y":3},{"time":0.7666,"x":3.2,"y":3.2}]},"ef_hit_main":{"rotate":[{"time":2.6333,"angle":240}],"translate":[{"time":2.6333,"x":-47.61,"y":93.59}],"scale":[{"time":2.6333,"x":3.2,"y":3.2}]},"ef_hit_main2":{"rotate":[{"time":2.6666,"angle":-47.59}],"translate":[{"time":2.6666,"x":-36.12,"y":109.19}],"scale":[{"time":2.6666,"x":-3.2,"y":3.2}]},"ef_slash_bolt_main2":{"rotate":[{"time":3.0666,"angle":128.52}],"translate":[{"time":3.0666,"x":86.19,"y":175.17}],"scale":[{"time":3.0666,"x":4,"y":4}]},"ef_smash_wave_A_blue":{"rotate":[{"time":3.1,"angle":-154.1}],"translate":[{"time":3.1,"x":146.69,"y":116.28}],"scale":[{"time":3.1,"x":2.042,"y":2.042},{"time":3.2333,"x":3,"y":3}]},"ef_smash_wave_A_blue2":{"rotate":[{"time":3.1,"angle":-53.59}],"translate":[{"time":3.1,"x":146.69,"y":116.28}],"scale":[{"time":3.1,"x":2.042,"y":2.042},{"time":3.2333,"x":3,"y":3}]},"ef_flower_main2":{"rotate":[{"time":0.0666,"angle":0},{"time":0.7666,"angle":-5.56}],"translate":[{"time":0.0666,"x":-100,"y":50}],"scale":[{"time":0.0666,"x":-1,"y":1,"curve":[0.146,0.29,0.75,1]},{"time":0.5333,"x":-2.8,"y":2.8},{"time":0.8,"x":-3,"y":3}]}}},"2-skill3":{"slots":{"0e/s123_smash_sprash_A_blue/ef_sprash_A_blue_00001":{"attachment":[{"time":1.1,"name":"0e/s123_smash_sprash_A_blue/ef_sprash_A_blue_00001"},{"time":1.1333,"name":"0e/s123_smash_sprash_A_blue/ef_sprash_A_blue_00002"},{"time":1.1666,"name":"0e/s123_smash_sprash_A_blue/ef_sprash_A_blue_00003"},{"time":1.2,"name":"0e/s123_smash_sprash_A_blue/ef_sprash_A_blue_00004"},{"time":1.2333,"name":"0e/s123_smash_sprash_A_blue/ef_sprash_A_blue_00005"},{"time":1.2666,"name":"0e/s123_smash_sprash_A_blue/ef_sprash_A_blue_00006"},{"time":1.3,"name":"0e/s123_smash_sprash_A_blue/ef_sprash_A_blue_00007"},{"time":1.3333,"name":"0e/s123_smash_sprash_A_blue/ef_sprash_A_blue_00008"},{"time":1.3666,"name":"0e/s123_smash_sprash_A_blue/ef_sprash_A_blue_00009"},{"time":1.4,"name":"0e/s123_smash_sprash_A_blue/ef_sprash_A_blue_00010"},{"time":1.4333,"name":null},{"time":1.7666,"name":"0e/s123_smash_sprash_A_blue/ef_sprash_A_blue_00001"},{"time":1.8,"name":"0e/s123_smash_sprash_A_blue/ef_sprash_A_blue_00002"},{"time":1.8333,"name":"0e/s123_smash_sprash_A_blue/ef_sprash_A_blue_00003"},{"time":1.8666,"name":"0e/s123_smash_sprash_A_blue/ef_sprash_A_blue_00004"},{"time":1.9,"name":"0e/s123_smash_sprash_A_blue/ef_sprash_A_blue_00005"},{"time":1.9333,"name":"0e/s123_smash_sprash_A_blue/ef_sprash_A_blue_00006"},{"time":1.9666,"name":"0e/s123_smash_sprash_A_blue/ef_sprash_A_blue_00007"},{"time":2,"name":"0e/s123_smash_sprash_A_blue/ef_sprash_A_blue_00008"},{"time":2.0333,"name":"0e/s123_smash_sprash_A_blue/ef_sprash_A_blue_00009"},{"time":2.0666,"name":"0e/s123_smash_sprash_A_blue/ef_sprash_A_blue_00010"},{"time":2.1,"name":null},{"time":2.3666,"name":"0e/s123_smash_sprash_A_blue/ef_sprash_A_blue_00001"},{"time":2.4,"name":"0e/s123_smash_sprash_A_blue/ef_sprash_A_blue_00002"},{"time":2.4333,"name":"0e/s123_smash_sprash_A_blue/ef_sprash_A_blue_00003"},{"time":2.4666,"name":"0e/s123_smash_sprash_A_blue/ef_sprash_A_blue_00004"},{"time":2.5,"name":"0e/s123_smash_sprash_A_blue/ef_sprash_A_blue_00005"},{"time":2.5333,"name":"0e/s123_smash_sprash_A_blue/ef_sprash_A_blue_00006"},{"time":2.5666,"name":"0e/s123_smash_sprash_A_blue/ef_sprash_A_blue_00007"},{"time":2.6,"name":"0e/s123_smash_sprash_A_blue/ef_sprash_A_blue_00008"},{"time":2.6333,"name":"0e/s123_smash_sprash_A_blue/ef_sprash_A_blue_00009"},{"time":2.6666,"name":"0e/s123_smash_sprash_A_blue/ef_sprash_A_blue_00010"},{"time":2.7,"name":null},{"time":3,"name":"0e/s123_smash_sprash_A_blue/ef_sprash_A_blue_00001"},{"time":3.0333,"name":"0e/s123_smash_sprash_A_blue/ef_sprash_A_blue_00002"},{"time":3.0666,"name":"0e/s123_smash_sprash_A_blue/ef_sprash_A_blue_00003"},{"time":3.1,"name":"0e/s123_smash_sprash_A_blue/ef_sprash_A_blue_00004"},{"time":3.1333,"name":"0e/s123_smash_sprash_A_blue/ef_sprash_A_blue_00005"},{"time":3.1666,"name":"0e/s123_smash_sprash_A_blue/ef_sprash_A_blue_00006"},{"time":3.2,"name":"0e/s123_smash_sprash_A_blue/ef_sprash_A_blue_00007"},{"time":3.2333,"name":"0e/s123_smash_sprash_A_blue/ef_sprash_A_blue_00008"},{"time":3.2666,"name":"0e/s123_smash_sprash_A_blue/ef_sprash_A_blue_00009"},{"time":3.3,"name":"0e/s123_smash_sprash_A_blue/ef_sprash_A_blue_00010"},{"time":3.3333,"name":null}]},"0e/s123_smash_wave_A_blue/ef_smash_wave_A_blue_00001":{"attachment":[{"time":1.1,"name":"0e/s123_smash_wave_A_blue/ef_smash_wave_A_blue_00001"},{"time":1.1333,"name":"0e/s123_smash_wave_A_blue/ef_smash_wave_A_blue_00002"},{"time":1.1666,"name":"0e/s123_smash_wave_A_blue/ef_smash_wave_A_blue_00003"},{"time":1.2,"name":"0e/s123_smash_wave_A_blue/ef_smash_wave_A_blue_00004"},{"time":1.2333,"name":"0e/s123_smash_wave_A_blue/ef_smash_wave_A_blue_00005"},{"time":1.2666,"name":null},{"time":1.7666,"name":"0e/s123_smash_wave_A_blue/ef_smash_wave_A_blue_00001"},{"time":1.8,"name":"0e/s123_smash_wave_A_blue/ef_smash_wave_A_blue_00002"},{"time":1.8333,"name":"0e/s123_smash_wave_A_blue/ef_smash_wave_A_blue_00003"},{"time":1.8666,"name":"0e/s123_smash_wave_A_blue/ef_smash_wave_A_blue_00004"},{"time":1.9,"name":"0e/s123_smash_wave_A_blue/ef_smash_wave_A_blue_00005"},{"time":1.9333,"name":null},{"time":2.3666,"name":"0e/s123_smash_wave_A_blue/ef_smash_wave_A_blue_00001"},{"time":2.4,"name":"0e/s123_smash_wave_A_blue/ef_smash_wave_A_blue_00002"},{"time":2.4333,"name":"0e/s123_smash_wave_A_blue/ef_smash_wave_A_blue_00003"},{"time":2.4666,"name":"0e/s123_smash_wave_A_blue/ef_smash_wave_A_blue_00004"},{"time":2.5,"name":"0e/s123_smash_wave_A_blue/ef_smash_wave_A_blue_00005"},{"time":2.5333,"name":null},{"time":3,"name":"0e/s123_smash_wave_A_blue/ef_smash_wave_A_blue_00001"},{"time":3.0333,"name":"0e/s123_smash_wave_A_blue/ef_smash_wave_A_blue_00002"},{"time":3.0666,"name":"0e/s123_smash_wave_A_blue/ef_smash_wave_A_blue_00003"},{"time":3.1,"name":"0e/s123_smash_wave_A_blue/ef_smash_wave_A_blue_00004"},{"time":3.1333,"name":"0e/s123_smash_wave_A_blue/ef_smash_wave_A_blue_00005"},{"time":3.1666,"name":null}]},"0e/s23_ef_flower_main/ef_flower_main_00001":{"attachment":[{"time":4.2333,"name":"0e/s23_ef_flower_main/ef_flower_main_00001"},{"time":4.2666,"name":"0e/s23_ef_flower_main/ef_flower_main_00002"},{"time":4.3,"name":"0e/s23_ef_flower_main/ef_flower_main_00003"},{"time":4.3333,"name":"0e/s23_ef_flower_main/ef_flower_main_00004"},{"time":4.3666,"name":"0e/s23_ef_flower_main/ef_flower_main_00005"},{"time":4.4,"name":"0e/s23_ef_flower_main/ef_flower_main_00006"},{"time":4.4333,"name":"0e/s23_ef_flower_main/ef_flower_main_00007"},{"time":4.4666,"name":"0e/s23_ef_flower_main/ef_flower_main_00009"},{"time":4.5,"name":"0e/s23_ef_flower_main/ef_flower_main_00010"},{"time":4.5333,"name":"0e/s23_ef_flower_main/ef_flower_main_00011"},{"time":4.5666,"name":"0e/s23_ef_flower_main/ef_flower_main_00012"},{"time":4.6,"name":"0e/s23_ef_flower_main/ef_flower_main_00014"},{"time":4.6333,"name":"0e/s23_ef_flower_main/ef_flower_main_00015"},{"time":4.6666,"name":"0e/s23_ef_flower_main/ef_flower_main_00016"},{"time":4.7,"name":"0e/s23_ef_flower_main/ef_flower_main_00017"},{"time":4.7333,"name":"0e/s23_ef_flower_main/ef_flower_main_00019"},{"time":4.7666,"name":"0e/s23_ef_flower_main/ef_flower_main_00020"},{"time":4.8,"name":"0e/s23_ef_flower_main/ef_flower_main_00021"},{"time":4.8333,"name":"0e/s23_ef_flower_main/ef_flower_main_00022"},{"time":4.8666,"name":"0e/s23_ef_flower_main/ef_flower_main_00024"},{"time":4.9333,"name":null}]},"0e/s23_ef_flower_main/ef_flower_main_1":{"attachment":[{"time":4.2666,"name":"0e/s23_ef_flower_main/ef_flower_main_00001"},{"time":4.3,"name":"0e/s23_ef_flower_main/ef_flower_main_00002"},{"time":4.3333,"name":"0e/s23_ef_flower_main/ef_flower_main_00003"},{"time":4.3666,"name":"0e/s23_ef_flower_main/ef_flower_main_00004"},{"time":4.4,"name":"0e/s23_ef_flower_main/ef_flower_main_00005"},{"time":4.4333,"name":"0e/s23_ef_flower_main/ef_flower_main_00006"},{"time":4.4666,"name":"0e/s23_ef_flower_main/ef_flower_main_00007"},{"time":4.5,"name":"0e/s23_ef_flower_main/ef_flower_main_00009"},{"time":4.5333,"name":"0e/s23_ef_flower_main/ef_flower_main_00010"},{"time":4.5666,"name":"0e/s23_ef_flower_main/ef_flower_main_00011"},{"time":4.6,"name":"0e/s23_ef_flower_main/ef_flower_main_00012"},{"time":4.6333,"name":"0e/s23_ef_flower_main/ef_flower_main_00014"},{"time":4.6666,"name":"0e/s23_ef_flower_main/ef_flower_main_00015"},{"time":4.7,"name":"0e/s23_ef_flower_main/ef_flower_main_00016"},{"time":4.7333,"name":"0e/s23_ef_flower_main/ef_flower_main_00017"},{"time":4.7666,"name":"0e/s23_ef_flower_main/ef_flower_main_00019"},{"time":4.8,"name":"0e/s23_ef_flower_main/ef_flower_main_00020"},{"time":4.8333,"name":"0e/s23_ef_flower_main/ef_flower_main_00021"},{"time":4.8666,"name":"0e/s23_ef_flower_main/ef_flower_main_00022"},{"time":4.9,"name":"0e/s23_ef_flower_main/ef_flower_main_00024"},{"time":4.9666,"name":null}],"color":[{"time":4.2666,"color":"005cffff"}]},"0e/s23_ef_flower_main/ef_flower_main_2":{"attachment":[{"time":4.3,"name":"0e/s23_ef_flower_main/ef_flower_main_00001"},{"time":4.3333,"name":"0e/s23_ef_flower_main/ef_flower_main_00002"},{"time":4.3666,"name":"0e/s23_ef_flower_main/ef_flower_main_00003"},{"time":4.4,"name":"0e/s23_ef_flower_main/ef_flower_main_00004"},{"time":4.4333,"name":"0e/s23_ef_flower_main/ef_flower_main_00005"},{"time":4.4666,"name":"0e/s23_ef_flower_main/ef_flower_main_00006"},{"time":4.5,"name":"0e/s23_ef_flower_main/ef_flower_main_00007"},{"time":4.5333,"name":"0e/s23_ef_flower_main/ef_flower_main_00009"},{"time":4.5666,"name":"0e/s23_ef_flower_main/ef_flower_main_00010"},{"time":4.6,"name":"0e/s23_ef_flower_main/ef_flower_main_00011"},{"time":4.6333,"name":"0e/s23_ef_flower_main/ef_flower_main_00012"},{"time":4.6666,"name":"0e/s23_ef_flower_main/ef_flower_main_00014"},{"time":4.7,"name":"0e/s23_ef_flower_main/ef_flower_main_00015"},{"time":4.7333,"name":"0e/s23_ef_flower_main/ef_flower_main_00016"},{"time":4.7666,"name":"0e/s23_ef_flower_main/ef_flower_main_00017"},{"time":4.8,"name":"0e/s23_ef_flower_main/ef_flower_main_00019"},{"time":4.8333,"name":"0e/s23_ef_flower_main/ef_flower_main_00020"},{"time":4.8666,"name":"0e/s23_ef_flower_main/ef_flower_main_00021"},{"time":4.9,"name":"0e/s23_ef_flower_main/ef_flower_main_00022"},{"time":4.9333,"name":"0e/s23_ef_flower_main/ef_flower_main_00024"},{"time":5,"name":null}],"color":[{"time":4.3,"color":"e200ffff"}]},"0e/s23_ef_slash_bolt_main/ef_slash_bolt_main_00001":{"attachment":[{"time":1.0666,"name":"0e/s23_ef_slash_bolt_main/ef_slash_bolt_main_00001"},{"time":1.1,"name":"0e/s23_ef_slash_bolt_main/ef_slash_bolt_main_00002"},{"time":1.1333,"name":"0e/s23_ef_slash_bolt_main/ef_slash_bolt_main_00003"},{"time":1.1666,"name":"0e/s23_ef_slash_bolt_main/ef_slash_bolt_main_00004"},{"time":1.2,"name":"0e/s23_ef_slash_bolt_main/ef_slash_bolt_main_00005"},{"time":1.2333,"name":"0e/s23_ef_slash_bolt_main/ef_slash_bolt_main_00006"},{"time":1.2666,"name":"0e/s23_ef_slash_bolt_main/ef_slash_bolt_main_00007"},{"time":1.3,"name":"0e/s23_ef_slash_bolt_main/ef_slash_bolt_main_00008"},{"time":1.3333,"name":"0e/s23_ef_slash_bolt_main/ef_slash_bolt_main_00009"},{"time":1.3666,"name":"0e/s23_ef_slash_bolt_main/ef_slash_bolt_main_00010"},{"time":1.4,"name":"0e/s23_ef_slash_bolt_main/ef_slash_bolt_main_00012"},{"time":1.4333,"name":null},{"time":1.7333,"name":"0e/s23_ef_slash_bolt_main/ef_slash_bolt_main_00001"},{"time":1.7666,"name":"0e/s23_ef_slash_bolt_main/ef_slash_bolt_main_00002"},{"time":1.8,"name":"0e/s23_ef_slash_bolt_main/ef_slash_bolt_main_00003"},{"time":1.8333,"name":"0e/s23_ef_slash_bolt_main/ef_slash_bolt_main_00004"},{"time":1.8666,"name":"0e/s23_ef_slash_bolt_main/ef_slash_bolt_main_00005"},{"time":1.9,"name":"0e/s23_ef_slash_bolt_main/ef_slash_bolt_main_00006"},{"time":1.9333,"name":"0e/s23_ef_slash_bolt_main/ef_slash_bolt_main_00007"},{"time":1.9666,"name":"0e/s23_ef_slash_bolt_main/ef_slash_bolt_main_00008"},{"time":2,"name":"0e/s23_ef_slash_bolt_main/ef_slash_bolt_main_00009"},{"time":2.0333,"name":"0e/s23_ef_slash_bolt_main/ef_slash_bolt_main_00010"},{"time":2.0666,"name":"0e/s23_ef_slash_bolt_main/ef_slash_bolt_main_00012"},{"time":2.1,"name":null},{"time":2.3333,"name":"0e/s23_ef_slash_bolt_main/ef_slash_bolt_main_00001"},{"time":2.3666,"name":"0e/s23_ef_slash_bolt_main/ef_slash_bolt_main_00002"},{"time":2.4,"name":"0e/s23_ef_slash_bolt_main/ef_slash_bolt_main_00003"},{"time":2.4333,"name":"0e/s23_ef_slash_bolt_main/ef_slash_bolt_main_00004"},{"time":2.4666,"name":"0e/s23_ef_slash_bolt_main/ef_slash_bolt_main_00005"},{"time":2.5,"name":"0e/s23_ef_slash_bolt_main/ef_slash_bolt_main_00006"},{"time":2.5333,"name":"0e/s23_ef_slash_bolt_main/ef_slash_bolt_main_00007"},{"time":2.5666,"name":"0e/s23_ef_slash_bolt_main/ef_slash_bolt_main_00008"},{"time":2.6,"name":"0e/s23_ef_slash_bolt_main/ef_slash_bolt_main_00009"},{"time":2.6333,"name":"0e/s23_ef_slash_bolt_main/ef_slash_bolt_main_00010"},{"time":2.6666,"name":"0e/s23_ef_slash_bolt_main/ef_slash_bolt_main_00012"},{"time":2.7,"name":null},{"time":2.9666,"name":"0e/s23_ef_slash_bolt_main/ef_slash_bolt_main_00001"},{"time":3,"name":"0e/s23_ef_slash_bolt_main/ef_slash_bolt_main_00002"},{"time":3.0333,"name":"0e/s23_ef_slash_bolt_main/ef_slash_bolt_main_00003"},{"time":3.0666,"name":"0e/s23_ef_slash_bolt_main/ef_slash_bolt_main_00004"},{"time":3.1,"name":"0e/s23_ef_slash_bolt_main/ef_slash_bolt_main_00005"},{"time":3.1333,"name":"0e/s23_ef_slash_bolt_main/ef_slash_bolt_main_00006"},{"time":3.1666,"name":"0e/s23_ef_slash_bolt_main/ef_slash_bolt_main_00007"},{"time":3.2,"name":"0e/s23_ef_slash_bolt_main/ef_slash_bolt_main_00008"},{"time":3.2333,"name":"0e/s23_ef_slash_bolt_main/ef_slash_bolt_main_00009"},{"time":3.2666,"name":"0e/s23_ef_slash_bolt_main/ef_slash_bolt_main_00010"},{"time":3.3,"name":"0e/s23_ef_slash_bolt_main/ef_slash_bolt_main_00012"},{"time":3.3333,"name":null},{"time":3.8333,"name":"0e/s23_ef_slash_bolt_main/ef_slash_bolt_main_00001"},{"time":3.8666,"name":"0e/s23_ef_slash_bolt_main/ef_slash_bolt_main_00002"},{"time":3.9,"name":"0e/s23_ef_slash_bolt_main/ef_slash_bolt_main_00003"},{"time":3.9333,"name":"0e/s23_ef_slash_bolt_main/ef_slash_bolt_main_00004"},{"time":3.9666,"name":"0e/s23_ef_slash_bolt_main/ef_slash_bolt_main_00005"},{"time":4,"name":"0e/s23_ef_slash_bolt_main/ef_slash_bolt_main_00006"},{"time":4.0333,"name":"0e/s23_ef_slash_bolt_main/ef_slash_bolt_main_00007"},{"time":4.0666,"name":"0e/s23_ef_slash_bolt_main/ef_slash_bolt_main_00008"},{"time":4.1,"name":"0e/s23_ef_slash_bolt_main/ef_slash_bolt_main_00009"},{"time":4.1333,"name":"0e/s23_ef_slash_bolt_main/ef_slash_bolt_main_00010"},{"time":4.1666,"name":"0e/s23_ef_slash_bolt_main/ef_slash_bolt_main_00011"},{"time":4.2,"name":"0e/s23_ef_slash_bolt_main/ef_slash_bolt_main_00012"},{"time":4.2333,"name":null}],"color":[{"time":1.3666,"color":"ffffffff"},{"time":1.4333,"color":"ffffff00","curve":"stepped"},{"time":1.7333,"color":"ffffffff","curve":"stepped"},{"time":2.0333,"color":"ffffffff"},{"time":2.1,"color":"ffffff00","curve":"stepped"},{"time":2.3333,"color":"ffffffff","curve":"stepped"},{"time":2.6333,"color":"ffffffff"},{"time":2.7,"color":"ffffff00","curve":"stepped"},{"time":2.9666,"color":"ffffffff","curve":"stepped"},{"time":3.2666,"color":"ffffffff"},{"time":3.3333,"color":"ffffff00","curve":"stepped"},{"time":3.8333,"color":"ffffffff"}]},"0e/s23_ef_slash_bolt_main/ef_slash_bolt_main_1":{"attachment":[{"time":3.8333,"name":"0e/s23_ef_slash_bolt_main/ef_slash_bolt_main_00001"},{"time":3.8666,"name":"0e/s23_ef_slash_bolt_main/ef_slash_bolt_main_00002"},{"time":3.9,"name":"0e/s23_ef_slash_bolt_main/ef_slash_bolt_main_00003"},{"time":3.9333,"name":"0e/s23_ef_slash_bolt_main/ef_slash_bolt_main_00004"},{"time":3.9666,"name":"0e/s23_ef_slash_bolt_main/ef_slash_bolt_main_00005"},{"time":4,"name":"0e/s23_ef_slash_bolt_main/ef_slash_bolt_main_00006"},{"time":4.0333,"name":"0e/s23_ef_slash_bolt_main/ef_slash_bolt_main_00007"},{"time":4.0666,"name":"0e/s23_ef_slash_bolt_main/ef_slash_bolt_main_00008"},{"time":4.1,"name":"0e/s23_ef_slash_bolt_main/ef_slash_bolt_main_00009"},{"time":4.1333,"name":"0e/s23_ef_slash_bolt_main/ef_slash_bolt_main_00010"},{"time":4.1666,"name":"0e/s23_ef_slash_bolt_main/ef_slash_bolt_main_00011"},{"time":4.2,"name":"0e/s23_ef_slash_bolt_main/ef_slash_bolt_main_00012"},{"time":4.2333,"name":null}]},"0e/s23_ef_slash_bolt_main/ef_slash_bolt_main_2":{"attachment":[{"time":3.8333,"name":"0e/s23_ef_slash_bolt_main/ef_slash_bolt_main_00001"},{"time":3.8666,"name":"0e/s23_ef_slash_bolt_main/ef_slash_bolt_main_00002"},{"time":3.9,"name":"0e/s23_ef_slash_bolt_main/ef_slash_bolt_main_00003"},{"time":3.9333,"name":"0e/s23_ef_slash_bolt_main/ef_slash_bolt_main_00004"},{"time":3.9666,"name":"0e/s23_ef_slash_bolt_main/ef_slash_bolt_main_00005"},{"time":4,"name":"0e/s23_ef_slash_bolt_main/ef_slash_bolt_main_00006"},{"time":4.0333,"name":"0e/s23_ef_slash_bolt_main/ef_slash_bolt_main_00007"},{"time":4.0666,"name":"0e/s23_ef_slash_bolt_main/ef_slash_bolt_main_00008"},{"time":4.1,"name":"0e/s23_ef_slash_bolt_main/ef_slash_bolt_main_00009"},{"time":4.1333,"name":"0e/s23_ef_slash_bolt_main/ef_slash_bolt_main_00010"},{"time":4.1666,"name":"0e/s23_ef_slash_bolt_main/ef_slash_bolt_main_00011"},{"time":4.2,"name":"0e/s23_ef_slash_bolt_main/ef_slash_bolt_main_00012"},{"time":4.2333,"name":null}]},"0e/s23_ef_slash_bolt_main/ef_slash_bolt_main_3":{"attachment":[{"time":3.8333,"name":"0e/s23_ef_slash_bolt_main/ef_slash_bolt_main_00001"},{"time":3.8666,"name":"0e/s23_ef_slash_bolt_main/ef_slash_bolt_main_00002"},{"time":3.9,"name":"0e/s23_ef_slash_bolt_main/ef_slash_bolt_main_00003"},{"time":3.9333,"name":"0e/s23_ef_slash_bolt_main/ef_slash_bolt_main_00004"},{"time":3.9666,"name":"0e/s23_ef_slash_bolt_main/ef_slash_bolt_main_00005"},{"time":4,"name":"0e/s23_ef_slash_bolt_main/ef_slash_bolt_main_00006"},{"time":4.0333,"name":"0e/s23_ef_slash_bolt_main/ef_slash_bolt_main_00007"},{"time":4.0666,"name":"0e/s23_ef_slash_bolt_main/ef_slash_bolt_main_00008"},{"time":4.1,"name":"0e/s23_ef_slash_bolt_main/ef_slash_bolt_main_00009"},{"time":4.1333,"name":"0e/s23_ef_slash_bolt_main/ef_slash_bolt_main_00010"},{"time":4.1666,"name":"0e/s23_ef_slash_bolt_main/ef_slash_bolt_main_00011"},{"time":4.2,"name":"0e/s23_ef_slash_bolt_main/ef_slash_bolt_main_00012"},{"time":4.2333,"name":null}]},"0e/s2_ef_hit_main/ef_hit_main_00001":{"attachment":[{"time":1.1,"name":"0e/s2_ef_hit_main/ef_hit_main_00001"},{"time":1.4333,"name":"0e/s2_ef_hit_main/ef_hit_main_00002"},{"time":1.4666,"name":"0e/s2_ef_hit_main/ef_hit_main_00003"},{"time":1.5,"name":"0e/s2_ef_hit_main/ef_hit_main_00004"},{"time":1.5333,"name":"0e/s2_ef_hit_main/ef_hit_main_00005"},{"time":1.5666,"name":null},{"time":1.7666,"name":"0e/s2_ef_hit_main/ef_hit_main_00001"},{"time":2.1,"name":"0e/s2_ef_hit_main/ef_hit_main_00002"},{"time":2.1333,"name":"0e/s2_ef_hit_main/ef_hit_main_00003"},{"time":2.1666,"name":"0e/s2_ef_hit_main/ef_hit_main_00004"},{"time":2.2,"name":"0e/s2_ef_hit_main/ef_hit_main_00005"},{"time":2.2333,"name":null},{"time":2.3666,"name":"0e/s2_ef_hit_main/ef_hit_main_00001"},{"time":2.7,"name":"0e/s2_ef_hit_main/ef_hit_main_00002"},{"time":2.7333,"name":"0e/s2_ef_hit_main/ef_hit_main_00003"},{"time":2.7666,"name":"0e/s2_ef_hit_main/ef_hit_main_00004"},{"time":2.8,"name":"0e/s2_ef_hit_main/ef_hit_main_00005"},{"time":2.8333,"name":null},{"time":3,"name":"0e/s2_ef_hit_main/ef_hit_main_00001"},{"time":3.3333,"name":"0e/s2_ef_hit_main/ef_hit_main_00002"},{"time":3.3666,"name":"0e/s2_ef_hit_main/ef_hit_main_00003"},{"time":3.4,"name":"0e/s2_ef_hit_main/ef_hit_main_00004"},{"time":3.4333,"name":"0e/s2_ef_hit_main/ef_hit_main_00005"},{"time":3.4666,"name":null},{"time":3.9,"name":"0e/s2_ef_hit_main/ef_hit_main_00001"},{"time":4.3,"name":"0e/s2_ef_hit_main/ef_hit_main_00002"},{"time":4.3333,"name":"0e/s2_ef_hit_main/ef_hit_main_00003"},{"time":4.3666,"name":"0e/s2_ef_hit_main/ef_hit_main_00004"},{"time":4.4,"name":"0e/s2_ef_hit_main/ef_hit_main_00005"},{"time":4.4666,"name":null}],"color":[{"time":1.5,"color":"ffffffff","curve":[0.125,0.48,0.75,1]},{"time":1.5666,"color":"ffffff00","curve":"stepped"},{"time":1.7666,"color":"ffffffff","curve":"stepped"},{"time":2.1666,"color":"ffffffff","curve":[0.125,0.48,0.75,1]},{"time":2.2333,"color":"ffffff00","curve":"stepped"},{"time":2.3666,"color":"ffffffff","curve":"stepped"},{"time":2.7666,"color":"ffffffff","curve":[0.125,0.48,0.75,1]},{"time":2.8333,"color":"ffffff00","curve":"stepped"},{"time":3,"color":"ffffffff","curve":"stepped"},{"time":3.4,"color":"ffffffff","curve":[0.125,0.48,0.75,1]},{"time":3.4666,"color":"ffffff00","curve":"stepped"},{"time":3.9,"color":"ffffffff","curve":"stepped"},{"time":4.4,"color":"ffffffff"},{"time":4.4666,"color":"ffffff00"}]},"0e/s2_ef_hit_main/ef_hit_main_1":{"attachment":[{"time":1.1,"name":"0e/s2_ef_hit_main/ef_hit_main_00001"},{"time":1.4333,"name":"0e/s2_ef_hit_main/ef_hit_main_00002"},{"time":1.4666,"name":"0e/s2_ef_hit_main/ef_hit_main_00003"},{"time":1.5,"name":"0e/s2_ef_hit_main/ef_hit_main_00004"},{"time":1.5333,"name":"0e/s2_ef_hit_main/ef_hit_main_00005"},{"time":1.5666,"name":null},{"time":1.7666,"name":"0e/s2_ef_hit_main/ef_hit_main_00001"},{"time":2.1,"name":"0e/s2_ef_hit_main/ef_hit_main_00002"},{"time":2.1333,"name":"0e/s2_ef_hit_main/ef_hit_main_00003"},{"time":2.1666,"name":"0e/s2_ef_hit_main/ef_hit_main_00004"},{"time":2.2,"name":"0e/s2_ef_hit_main/ef_hit_main_00005"},{"time":2.2333,"name":null},{"time":2.3666,"name":"0e/s2_ef_hit_main/ef_hit_main_00001"},{"time":2.7,"name":"0e/s2_ef_hit_main/ef_hit_main_00002"},{"time":2.7333,"name":"0e/s2_ef_hit_main/ef_hit_main_00003"},{"time":2.7666,"name":"0e/s2_ef_hit_main/ef_hit_main_00004"},{"time":2.8,"name":"0e/s2_ef_hit_main/ef_hit_main_00005"},{"time":2.8333,"name":null},{"time":3,"name":"0e/s2_ef_hit_main/ef_hit_main_00001"},{"time":3.3333,"name":"0e/s2_ef_hit_main/ef_hit_main_00002"},{"time":3.3666,"name":"0e/s2_ef_hit_main/ef_hit_main_00003"},{"time":3.4,"name":"0e/s2_ef_hit_main/ef_hit_main_00004"},{"time":3.4333,"name":"0e/s2_ef_hit_main/ef_hit_main_00005"},{"time":3.4666,"name":null},{"time":3.9,"name":"0e/s2_ef_hit_main/ef_hit_main_00001"},{"time":4.3,"name":"0e/s2_ef_hit_main/ef_hit_main_00002"},{"time":4.3333,"name":"0e/s2_ef_hit_main/ef_hit_main_00003"},{"time":4.3666,"name":"0e/s2_ef_hit_main/ef_hit_main_00004"},{"time":4.4,"name":"0e/s2_ef_hit_main/ef_hit_main_00005"},{"time":4.4666,"name":null}],"color":[{"time":1.5,"color":"ffffffff","curve":[0.125,0.48,0.75,1]},{"time":1.5666,"color":"ffffff00","curve":"stepped"},{"time":1.7666,"color":"ffffffff","curve":"stepped"},{"time":2.1666,"color":"ffffffff","curve":[0.125,0.48,0.75,1]},{"time":2.2333,"color":"ffffff00","curve":"stepped"},{"time":2.3666,"color":"ffffffff","curve":"stepped"},{"time":2.7666,"color":"ffffffff","curve":[0.125,0.48,0.75,1]},{"time":2.8333,"color":"ffffff00","curve":"stepped"},{"time":3,"color":"ffffffff","curve":"stepped"},{"time":3.4,"color":"ffffffff","curve":[0.125,0.48,0.75,1]},{"time":3.4666,"color":"ffffff00","curve":"stepped"},{"time":3.9,"color":"ffffffff","curve":"stepped"},{"time":4.4,"color":"ffffffff"},{"time":4.4666,"color":"ffffff00"}]},"0e/s2_ef_shine_main/ef_shine_main_00001":{"attachment":[{"time":1.3333,"name":"0e/s2_ef_shine_main/ef_shine_main_00001"},{"time":1.5333,"name":null},{"time":2,"name":"0e/s2_ef_shine_main/ef_shine_main_00001"},{"time":2.2,"name":null},{"time":2.6,"name":"0e/s2_ef_shine_main/ef_shine_main_00001"},{"time":2.8,"name":null},{"time":3.2333,"name":"0e/s2_ef_shine_main/ef_shine_main_00001"},{"time":3.4333,"name":null},{"time":3.8666,"name":"0e/s2_ef_shine_main/ef_shine_main_00001"},{"time":4.2666,"name":"0e/s2_ef_shine_main/ef_shine_main_00001"}],"color":[{"time":1.3333,"color":"ffffffff","curve":"stepped"},{"time":1.4666,"color":"ffffffff"},{"time":1.5333,"color":"ffffff00","curve":"stepped"},{"time":2,"color":"ffffffff","curve":"stepped"},{"time":2.1333,"color":"ffffffff"},{"time":2.2,"color":"ffffff00","curve":"stepped"},{"time":2.6,"color":"ffffffff","curve":"stepped"},{"time":2.7333,"color":"ffffffff"},{"time":2.8,"color":"ffffff00","curve":"stepped"},{"time":3.2333,"color":"ffffffff","curve":"stepped"},{"time":3.3666,"color":"ffffffff"},{"time":3.4333,"color":"ffffff00","curve":"stepped"},{"time":3.8666,"color":"ffffffff","curve":"stepped"},{"time":3.9666,"color":"ffffffff"},{"time":4.0666,"color":"ffffff00","curve":"stepped"},{"time":4.2666,"color":"ffffffff","curve":"stepped"},{"time":4.3666,"color":"ffffffff"},{"time":4.4666,"color":"ffffff00"}]},"0e/s3_ef_wind_wall_blue/ef_wind_wall_blue_00001":{"attachment":[{"time":1.1,"name":"0e/s3_ef_wind_wall_blue/ef_wind_wall_blue_00001"},{"time":1.1333,"name":"0e/s3_ef_wind_wall_blue/ef_wind_wall_blue_00002"},{"time":1.1666,"name":"0e/s3_ef_wind_wall_blue/ef_wind_wall_blue_00003"},{"time":1.2,"name":"0e/s3_ef_wind_wall_blue/ef_wind_wall_blue_00004"},{"time":1.2333,"name":"0e/s3_ef_wind_wall_blue/ef_wind_wall_blue_00005"},{"time":1.2666,"name":null},{"time":1.4333,"name":"0e/s3_ef_wind_wall_blue/ef_wind_wall_blue_00001"},{"time":1.4666,"name":"0e/s3_ef_wind_wall_blue/ef_wind_wall_blue_00002"},{"time":1.5,"name":"0e/s3_ef_wind_wall_blue/ef_wind_wall_blue_00003"},{"time":1.5333,"name":"0e/s3_ef_wind_wall_blue/ef_wind_wall_blue_00004"},{"time":1.5666,"name":"0e/s3_ef_wind_wall_blue/ef_wind_wall_blue_00005"},{"time":1.6,"name":null},{"time":1.7666,"name":"0e/s3_ef_wind_wall_blue/ef_wind_wall_blue_00001"},{"time":1.8,"name":"0e/s3_ef_wind_wall_blue/ef_wind_wall_blue_00002"},{"time":1.8333,"name":"0e/s3_ef_wind_wall_blue/ef_wind_wall_blue_00003"},{"time":1.8666,"name":"0e/s3_ef_wind_wall_blue/ef_wind_wall_blue_00004"},{"time":1.9,"name":"0e/s3_ef_wind_wall_blue/ef_wind_wall_blue_00005"},{"time":1.9333,"name":null},{"time":2.1,"name":"0e/s3_ef_wind_wall_blue/ef_wind_wall_blue_00001"},{"time":2.1333,"name":"0e/s3_ef_wind_wall_blue/ef_wind_wall_blue_00002"},{"time":2.1666,"name":"0e/s3_ef_wind_wall_blue/ef_wind_wall_blue_00003"},{"time":2.2,"name":"0e/s3_ef_wind_wall_blue/ef_wind_wall_blue_00004"},{"time":2.2333,"name":"0e/s3_ef_wind_wall_blue/ef_wind_wall_blue_00005"},{"time":2.2666,"name":null},{"time":2.3666,"name":"0e/s3_ef_wind_wall_blue/ef_wind_wall_blue_00001"},{"time":2.4,"name":"0e/s3_ef_wind_wall_blue/ef_wind_wall_blue_00002"},{"time":2.4333,"name":"0e/s3_ef_wind_wall_blue/ef_wind_wall_blue_00003"},{"time":2.4666,"name":"0e/s3_ef_wind_wall_blue/ef_wind_wall_blue_00004"},{"time":2.5,"name":"0e/s3_ef_wind_wall_blue/ef_wind_wall_blue_00005"},{"time":2.5333,"name":null},{"time":2.7,"name":"0e/s3_ef_wind_wall_blue/ef_wind_wall_blue_00001"},{"time":2.7333,"name":"0e/s3_ef_wind_wall_blue/ef_wind_wall_blue_00002"},{"time":2.7666,"name":"0e/s3_ef_wind_wall_blue/ef_wind_wall_blue_00003"},{"time":2.8,"name":"0e/s3_ef_wind_wall_blue/ef_wind_wall_blue_00004"},{"time":2.8333,"name":"0e/s3_ef_wind_wall_blue/ef_wind_wall_blue_00005"},{"time":2.8666,"name":null},{"time":3,"name":"0e/s3_ef_wind_wall_blue/ef_wind_wall_blue_00001"},{"time":3.0333,"name":"0e/s3_ef_wind_wall_blue/ef_wind_wall_blue_00002"},{"time":3.0666,"name":"0e/s3_ef_wind_wall_blue/ef_wind_wall_blue_00003"},{"time":3.1,"name":"0e/s3_ef_wind_wall_blue/ef_wind_wall_blue_00004"},{"time":3.1333,"name":"0e/s3_ef_wind_wall_blue/ef_wind_wall_blue_00005"},{"time":3.1666,"name":null},{"time":3.3333,"name":"0e/s3_ef_wind_wall_blue/ef_wind_wall_blue_00001"},{"time":3.3666,"name":"0e/s3_ef_wind_wall_blue/ef_wind_wall_blue_00002"},{"time":3.4,"name":"0e/s3_ef_wind_wall_blue/ef_wind_wall_blue_00003"},{"time":3.4333,"name":"0e/s3_ef_wind_wall_blue/ef_wind_wall_blue_00004"},{"time":3.4666,"name":"0e/s3_ef_wind_wall_blue/ef_wind_wall_blue_00005"},{"time":3.5,"name":null},{"time":3.8333,"name":"0e/s3_ef_wind_wall_blue/ef_wind_wall_blue_00001"},{"time":3.8666,"name":"0e/s3_ef_wind_wall_blue/ef_wind_wall_blue_00002"},{"time":3.9,"name":"0e/s3_ef_wind_wall_blue/ef_wind_wall_blue_00003"},{"time":3.9333,"name":"0e/s3_ef_wind_wall_blue/ef_wind_wall_blue_00004"},{"time":3.9666,"name":"0e/s3_ef_wind_wall_blue/ef_wind_wall_blue_00005"},{"time":4,"name":null},{"time":4.0333,"name":"0e/s3_ef_wind_wall_blue/ef_wind_wall_blue_00001"},{"time":4.0666,"name":"0e/s3_ef_wind_wall_blue/ef_wind_wall_blue_00002"},{"time":4.1,"name":"0e/s3_ef_wind_wall_blue/ef_wind_wall_blue_00003"},{"time":4.1333,"name":"0e/s3_ef_wind_wall_blue/ef_wind_wall_blue_00004"},{"time":4.1666,"name":"0e/s3_ef_wind_wall_blue/ef_wind_wall_blue_00005"},{"time":4.2,"name":null},{"time":4.2333,"name":"0e/s3_ef_wind_wall_blue/ef_wind_wall_blue_00001"},{"time":4.2666,"name":"0e/s3_ef_wind_wall_blue/ef_wind_wall_blue_00002"},{"time":4.3,"name":"0e/s3_ef_wind_wall_blue/ef_wind_wall_blue_00003"},{"time":4.3333,"name":"0e/s3_ef_wind_wall_blue/ef_wind_wall_blue_00004"},{"time":4.3666,"name":"0e/s3_ef_wind_wall_blue/ef_wind_wall_blue_00005"},{"time":4.4,"name":null},{"time":4.4333,"name":"0e/s3_ef_wind_wall_blue/ef_wind_wall_blue_00001"},{"time":4.4666,"name":"0e/s3_ef_wind_wall_blue/ef_wind_wall_blue_00002"},{"time":4.5,"name":"0e/s3_ef_wind_wall_blue/ef_wind_wall_blue_00003"},{"time":4.5333,"name":"0e/s3_ef_wind_wall_blue/ef_wind_wall_blue_00004"},{"time":4.5666,"name":"0e/s3_ef_wind_wall_blue/ef_wind_wall_blue_00005"},{"time":4.6,"name":null},{"time":4.6333,"name":"0e/s3_ef_wind_wall_blue/ef_wind_wall_blue_00001"},{"time":4.6666,"name":"0e/s3_ef_wind_wall_blue/ef_wind_wall_blue_00002"},{"time":4.7,"name":"0e/s3_ef_wind_wall_blue/ef_wind_wall_blue_00003"},{"time":4.7333,"name":"0e/s3_ef_wind_wall_blue/ef_wind_wall_blue_00004"},{"time":4.7666,"name":"0e/s3_ef_wind_wall_blue/ef_wind_wall_blue_00005"},{"time":4.8,"name":null}],"color":[{"time":1.1,"color":"ffffff49","curve":"stepped"},{"time":1.4333,"color":"ffffffff","curve":"stepped"},{"time":1.7666,"color":"ffffff49","curve":"stepped"},{"time":2.1,"color":"ffffffff","curve":"stepped"},{"time":2.3666,"color":"ffffff49","curve":"stepped"},{"time":2.7,"color":"ffffffff","curve":"stepped"},{"time":3,"color":"ffffff49","curve":"stepped"},{"time":3.3333,"color":"ffffffff","curve":"stepped"},{"time":4.5333,"color":"ffffffff"},{"time":4.8,"color":"ffffff00"}]},"bubble/ef_bubble_ram_main_00001":{"attachment":[{"time":1.2333,"name":"bubble/ef_bubble_ram_main_00023"},{"time":1.2666,"name":"bubble/ef_bubble_ram_main_00021"},{"time":1.3,"name":"bubble/ef_bubble_ram_main_00020"},{"time":1.3333,"name":"bubble/ef_bubble_ram_main_00019"},{"time":1.3666,"name":"bubble/ef_bubble_ram_main_00017"},{"time":1.4,"name":"bubble/ef_bubble_ram_main_00016"},{"time":1.4333,"name":"bubble/ef_bubble_ram_main_00015"},{"time":1.4666,"name":"bubble/ef_bubble_ram_main_00013"},{"time":1.5,"name":"bubble/ef_bubble_ram_main_00012"},{"time":1.5333,"name":"bubble/ef_bubble_ram_main_00009"},{"time":1.5666,"name":"bubble/ef_bubble_ram_main_00008"},{"time":1.6,"name":"bubble/ef_bubble_ram_main_00005"},{"time":1.6333,"name":"bubble/ef_bubble_ram_main_00004"},{"time":1.6666,"name":"bubble/ef_bubble_ram_main_00003"},{"time":1.7,"name":"bubble/ef_bubble_ram_main_00001"},{"time":1.7333,"name":null},{"time":1.9,"name":"bubble/ef_bubble_ram_main_00023"},{"time":1.9333,"name":"bubble/ef_bubble_ram_main_00021"},{"time":1.9666,"name":"bubble/ef_bubble_ram_main_00020"},{"time":2,"name":"bubble/ef_bubble_ram_main_00019"},{"time":2.0333,"name":"bubble/ef_bubble_ram_main_00017"},{"time":2.0666,"name":"bubble/ef_bubble_ram_main_00016"},{"time":2.1,"name":"bubble/ef_bubble_ram_main_00015"},{"time":2.1333,"name":"bubble/ef_bubble_ram_main_00013"},{"time":2.1666,"name":"bubble/ef_bubble_ram_main_00012"},{"time":2.2,"name":"bubble/ef_bubble_ram_main_00009"},{"time":2.2333,"name":"bubble/ef_bubble_ram_main_00008"},{"time":2.2666,"name":"bubble/ef_bubble_ram_main_00005"},{"time":2.3,"name":"bubble/ef_bubble_ram_main_00004"},{"time":2.3333,"name":"bubble/ef_bubble_ram_main_00003"},{"time":2.3666,"name":"bubble/ef_bubble_ram_main_00001"},{"time":2.4,"name":null},{"time":2.5,"name":"bubble/ef_bubble_ram_main_00023"},{"time":2.5333,"name":"bubble/ef_bubble_ram_main_00021"},{"time":2.5666,"name":"bubble/ef_bubble_ram_main_00020"},{"time":2.6,"name":"bubble/ef_bubble_ram_main_00019"},{"time":2.6333,"name":"bubble/ef_bubble_ram_main_00017"},{"time":2.6666,"name":"bubble/ef_bubble_ram_main_00016"},{"time":2.7,"name":"bubble/ef_bubble_ram_main_00015"},{"time":2.7333,"name":"bubble/ef_bubble_ram_main_00013"},{"time":2.7666,"name":"bubble/ef_bubble_ram_main_00012"},{"time":2.8,"name":"bubble/ef_bubble_ram_main_00009"},{"time":2.8333,"name":"bubble/ef_bubble_ram_main_00008"},{"time":2.8666,"name":"bubble/ef_bubble_ram_main_00005"},{"time":2.9,"name":"bubble/ef_bubble_ram_main_00004"},{"time":2.9333,"name":"bubble/ef_bubble_ram_main_00003"},{"time":2.9666,"name":"bubble/ef_bubble_ram_main_00001"},{"time":3,"name":null},{"time":3.1333,"name":"bubble/ef_bubble_ram_main_00023"},{"time":3.1666,"name":"bubble/ef_bubble_ram_main_00021"},{"time":3.2,"name":"bubble/ef_bubble_ram_main_00020"},{"time":3.2333,"name":"bubble/ef_bubble_ram_main_00019"},{"time":3.2666,"name":"bubble/ef_bubble_ram_main_00017"},{"time":3.3,"name":"bubble/ef_bubble_ram_main_00016"},{"time":3.3333,"name":"bubble/ef_bubble_ram_main_00015"},{"time":3.3666,"name":"bubble/ef_bubble_ram_main_00013"},{"time":3.4,"name":"bubble/ef_bubble_ram_main_00012"},{"time":3.4333,"name":"bubble/ef_bubble_ram_main_00009"},{"time":3.4666,"name":"bubble/ef_bubble_ram_main_00008"},{"time":3.5,"name":"bubble/ef_bubble_ram_main_00005"},{"time":3.5333,"name":"bubble/ef_bubble_ram_main_00004"},{"time":3.5666,"name":"bubble/ef_bubble_ram_main_00003"},{"time":3.6,"name":"bubble/ef_bubble_ram_main_00001"},{"time":3.6333,"name":null},{"time":4.2,"name":"bubble/ef_bubble_ram_main_00023"},{"time":4.2333,"name":"bubble/ef_bubble_ram_main_00021"},{"time":4.2666,"name":"bubble/ef_bubble_ram_main_00020"},{"time":4.3,"name":"bubble/ef_bubble_ram_main_00019"},{"time":4.3333,"name":"bubble/ef_bubble_ram_main_00017"},{"time":4.3666,"name":"bubble/ef_bubble_ram_main_00016"},{"time":4.4,"name":"bubble/ef_bubble_ram_main_00015"},{"time":4.4333,"name":"bubble/ef_bubble_ram_main_00013"},{"time":4.4666,"name":"bubble/ef_bubble_ram_main_00012"},{"time":4.5,"name":"bubble/ef_bubble_ram_main_00009"},{"time":4.5333,"name":"bubble/ef_bubble_ram_main_00008"},{"time":4.5666,"name":"bubble/ef_bubble_ram_main_00005"},{"time":4.6,"name":"bubble/ef_bubble_ram_main_00004"},{"time":4.6333,"name":"bubble/ef_bubble_ram_main_00003"},{"time":4.6666,"name":"bubble/ef_bubble_ram_main_00001"},{"time":4.7,"name":null}],"color":[{"time":1.6666,"color":"ffffffff"},{"time":1.7333,"color":"ffffff00","curve":"stepped"},{"time":1.9,"color":"ffffffff","curve":"stepped"},{"time":2.3333,"color":"ffffffff"},{"time":2.4,"color":"ffffff00","curve":"stepped"},{"time":2.5,"color":"ffffffff","curve":"stepped"},{"time":2.9333,"color":"ffffffff"},{"time":3,"color":"ffffff00","curve":"stepped"},{"time":3.1333,"color":"ffffffff","curve":"stepped"},{"time":3.5666,"color":"ffffffff"},{"time":3.6333,"color":"ffffff00","curve":"stepped"},{"time":4.2,"color":"ffffffff"},{"time":4.4666,"color":"002bffff"},{"time":4.7,"color":"ffffff00"}]},"wave/ef_smash_wave_main 2_00001":{"attachment":[{"time":1.3666,"name":"wave/ef_smash_wave_main 2_00001"},{"time":1.4,"name":"wave/ef_smash_wave_main 2_00002"},{"time":1.4333,"name":"wave/ef_smash_wave_main 2_00003"},{"time":1.4666,"name":"wave/ef_smash_wave_main 2_00004"},{"time":1.5,"name":"wave/ef_smash_wave_main 2_00005"},{"time":1.5333,"name":"wave/ef_smash_wave_main 2_00006"},{"time":1.5666,"name":"wave/ef_smash_wave_main 2_00007"},{"time":1.6,"name":"wave/ef_smash_wave_main 2_00008"},{"time":1.6333,"name":null},{"time":2.0333,"name":"wave/ef_smash_wave_main 2_00001"},{"time":2.0666,"name":"wave/ef_smash_wave_main 2_00002"},{"time":2.1,"name":"wave/ef_smash_wave_main 2_00003"},{"time":2.1333,"name":"wave/ef_smash_wave_main 2_00004"},{"time":2.1666,"name":"wave/ef_smash_wave_main 2_00005"},{"time":2.2,"name":"wave/ef_smash_wave_main 2_00006"},{"time":2.2333,"name":"wave/ef_smash_wave_main 2_00007"},{"time":2.2666,"name":"wave/ef_smash_wave_main 2_00008"},{"time":2.3,"name":null},{"time":2.6333,"name":"wave/ef_smash_wave_main 2_00001"},{"time":2.6666,"name":"wave/ef_smash_wave_main 2_00002"},{"time":2.7,"name":"wave/ef_smash_wave_main 2_00003"},{"time":2.7333,"name":"wave/ef_smash_wave_main 2_00004"},{"time":2.7666,"name":"wave/ef_smash_wave_main 2_00005"},{"time":2.8,"name":"wave/ef_smash_wave_main 2_00006"},{"time":2.8333,"name":"wave/ef_smash_wave_main 2_00007"},{"time":2.8666,"name":"wave/ef_smash_wave_main 2_00008"},{"time":2.9,"name":null},{"time":3.2666,"name":"wave/ef_smash_wave_main 2_00001"},{"time":3.3,"name":"wave/ef_smash_wave_main 2_00002"},{"time":3.3333,"name":"wave/ef_smash_wave_main 2_00003"},{"time":3.3666,"name":"wave/ef_smash_wave_main 2_00004"},{"time":3.4,"name":"wave/ef_smash_wave_main 2_00005"},{"time":3.4333,"name":"wave/ef_smash_wave_main 2_00006"},{"time":3.4666,"name":"wave/ef_smash_wave_main 2_00007"},{"time":3.5,"name":"wave/ef_smash_wave_main 2_00008"},{"time":3.5333,"name":null},{"time":4.3,"name":"wave/ef_smash_wave_main 2_00001"},{"time":4.3333,"name":"wave/ef_smash_wave_main 2_00002"},{"time":4.3666,"name":"wave/ef_smash_wave_main 2_00003"},{"time":4.4,"name":"wave/ef_smash_wave_main 2_00004"},{"time":4.4333,"name":"wave/ef_smash_wave_main 2_00005"},{"time":4.4666,"name":"wave/ef_smash_wave_main 2_00006"},{"time":4.5,"name":"wave/ef_smash_wave_main 2_00007"},{"time":4.5333,"name":"wave/ef_smash_wave_main 2_00008"},{"time":4.5666,"name":null}],"color":[{"time":1.5333,"color":"ffffffff"},{"time":1.6333,"color":"ffffff00","curve":"stepped"},{"time":2.0333,"color":"ffffffff","curve":"stepped"},{"time":2.2,"color":"ffffffff"},{"time":2.3,"color":"ffffff00","curve":"stepped"},{"time":2.6333,"color":"ffffffff","curve":"stepped"},{"time":2.8,"color":"ffffffff"},{"time":2.9,"color":"ffffff00","curve":"stepped"},{"time":3.2666,"color":"ffffffff","curve":"stepped"},{"time":3.4333,"color":"ffffffff"},{"time":3.5333,"color":"ffffff00","curve":"stepped"},{"time":4.3,"color":"ffffffff","curve":"stepped"},{"time":4.4666,"color":"ffffffff"},{"time":4.5666,"color":"ffffff00"}]},"wave/ef_smash_wave_main 2_1":{"attachment":[{"time":1.4,"name":"wave/ef_smash_wave_main 2_00001"},{"time":1.4333,"name":"wave/ef_smash_wave_main 2_00002"},{"time":1.4666,"name":"wave/ef_smash_wave_main 2_00003"},{"time":1.5,"name":"wave/ef_smash_wave_main 2_00004"},{"time":1.5333,"name":"wave/ef_smash_wave_main 2_00005"},{"time":1.5666,"name":"wave/ef_smash_wave_main 2_00006"},{"time":1.6,"name":"wave/ef_smash_wave_main 2_00007"},{"time":1.6333,"name":"wave/ef_smash_wave_main 2_00008"},{"time":1.6666,"name":null},{"time":2.0666,"name":"wave/ef_smash_wave_main 2_00001"},{"time":2.1,"name":"wave/ef_smash_wave_main 2_00002"},{"time":2.1333,"name":"wave/ef_smash_wave_main 2_00003"},{"time":2.1666,"name":"wave/ef_smash_wave_main 2_00004"},{"time":2.2,"name":"wave/ef_smash_wave_main 2_00005"},{"time":2.2333,"name":"wave/ef_smash_wave_main 2_00006"},{"time":2.2666,"name":"wave/ef_smash_wave_main 2_00007"},{"time":2.3,"name":"wave/ef_smash_wave_main 2_00008"},{"time":2.3333,"name":null},{"time":2.6666,"name":"wave/ef_smash_wave_main 2_00001"},{"time":2.7,"name":"wave/ef_smash_wave_main 2_00002"},{"time":2.7333,"name":"wave/ef_smash_wave_main 2_00003"},{"time":2.7666,"name":"wave/ef_smash_wave_main 2_00004"},{"time":2.8,"name":"wave/ef_smash_wave_main 2_00005"},{"time":2.8333,"name":"wave/ef_smash_wave_main 2_00006"},{"time":2.8666,"name":"wave/ef_smash_wave_main 2_00007"},{"time":2.9,"name":"wave/ef_smash_wave_main 2_00008"},{"time":2.9333,"name":null},{"time":3.3,"name":"wave/ef_smash_wave_main 2_00001"},{"time":3.3333,"name":"wave/ef_smash_wave_main 2_00002"},{"time":3.3666,"name":"wave/ef_smash_wave_main 2_00003"},{"time":3.4,"name":"wave/ef_smash_wave_main 2_00004"},{"time":3.4333,"name":"wave/ef_smash_wave_main 2_00005"},{"time":3.4666,"name":"wave/ef_smash_wave_main 2_00006"},{"time":3.5,"name":"wave/ef_smash_wave_main 2_00007"},{"time":3.5333,"name":"wave/ef_smash_wave_main 2_00008"},{"time":3.5666,"name":null},{"time":4.3333,"name":"wave/ef_smash_wave_main 2_00001"},{"time":4.3666,"name":"wave/ef_smash_wave_main 2_00002"},{"time":4.4,"name":"wave/ef_smash_wave_main 2_00003"},{"time":4.4333,"name":"wave/ef_smash_wave_main 2_00004"},{"time":4.4666,"name":"wave/ef_smash_wave_main 2_00005"},{"time":4.5,"name":"wave/ef_smash_wave_main 2_00006"},{"time":4.5333,"name":"wave/ef_smash_wave_main 2_00007"},{"time":4.5666,"name":"wave/ef_smash_wave_main 2_00008"},{"time":4.6,"name":null}],"color":[{"time":1.5666,"color":"ffffffff"},{"time":1.6666,"color":"ffffff00","curve":"stepped"},{"time":2.0666,"color":"ffffffff","curve":"stepped"},{"time":2.2333,"color":"ffffffff"},{"time":2.3333,"color":"ffffff00","curve":"stepped"},{"time":2.6666,"color":"ffffffff","curve":"stepped"},{"time":2.8333,"color":"ffffffff"},{"time":2.9333,"color":"ffffff00","curve":"stepped"},{"time":3.3,"color":"ffffffff","curve":"stepped"},{"time":3.4666,"color":"ffffffff"},{"time":3.5666,"color":"ffffff00","curve":"stepped"},{"time":4.3333,"color":"ffffffff","curve":"stepped"},{"time":4.5,"color":"ffffffff"},{"time":4.6,"color":"ffffff00"}]},"wave/ef_smash_wave_main 2_2":{"attachment":[{"time":4.3666,"name":"wave/ef_smash_wave_main 2_00001"},{"time":4.4,"name":"wave/ef_smash_wave_main 2_00002"},{"time":4.4333,"name":"wave/ef_smash_wave_main 2_00003"},{"time":4.4666,"name":"wave/ef_smash_wave_main 2_00004"},{"time":4.5,"name":"wave/ef_smash_wave_main 2_00005"},{"time":4.5333,"name":"wave/ef_smash_wave_main 2_00006"},{"time":4.5666,"name":"wave/ef_smash_wave_main 2_00007"},{"time":4.6,"name":"wave/ef_smash_wave_main 2_00008"},{"time":4.6333,"name":null}],"color":[{"time":4.3666,"color":"ffffffff","curve":"stepped"},{"time":4.5333,"color":"ffffffff"},{"time":4.6333,"color":"ffffff00"}]}},"bones":{"ef_smash_wave_A_blue":{"rotate":[{"time":1.1,"angle":-140.4,"curve":"stepped"},{"time":1.7666,"angle":-55.48,"curve":"stepped"},{"time":2.3666,"angle":42,"curve":"stepped"},{"time":3,"angle":138.78}],"translate":[{"time":1.1,"x":-81.63,"y":47.41,"curve":"stepped"},{"time":1.7666,"x":-55.71,"y":96.21,"curve":"stepped"},{"time":2.3666,"x":49.51,"y":80.96,"curve":"stepped"},{"time":3,"x":-152.93,"y":41.59}],"scale":[{"time":1.1,"x":3,"y":3,"curve":"stepped"},{"time":1.7666,"x":3,"y":3,"curve":"stepped"},{"time":2.3666,"x":3,"y":3,"curve":"stepped"},{"time":3,"x":3,"y":3}]},"ef_sprash_A_blue":{"rotate":[{"time":1.1,"angle":-140.4,"curve":"stepped"},{"time":1.7666,"angle":-55.48,"curve":"stepped"},{"time":2.3666,"angle":42,"curve":"stepped"},{"time":3,"angle":138.78}],"translate":[{"time":1.1,"x":-60.46,"y":34.76,"curve":"stepped"},{"time":1.7666,"x":-0.98,"y":36.28,"curve":"stepped"},{"time":2.3666,"x":148.46,"y":100.33,"curve":"stepped"},{"time":3,"x":-124.47,"y":74.04}],"scale":[{"time":1.1,"x":3.5,"y":3.5,"curve":"stepped"},{"time":1.7666,"x":3.5,"y":3.5,"curve":[0.162,0.33,0.75,1]},{"time":2.0666,"x":4.5,"y":4.5,"curve":"stepped"},{"time":2.3666,"x":3.5,"y":3.5,"curve":[0.162,0.33,0.75,1]},{"time":2.6666,"x":4.5,"y":4.5,"curve":"stepped"},{"time":3,"x":3.5,"y":3.5,"curve":[0.162,0.33,0.75,1]},{"time":3.3,"x":4.5,"y":4.5}]},"ef_slash_bolt_main":{"rotate":[{"time":1.0666,"angle":121.99,"curve":"stepped"},{"time":1.7333,"angle":-140.9,"curve":"stepped"},{"time":2.3333,"angle":-49.26,"curve":"stepped"},{"time":2.9666,"angle":48.44,"curve":"stepped"},{"time":3.8333,"angle":20.9}],"translate":[{"time":1.0666,"x":-185.36,"y":61.66,"curve":"stepped"},{"time":1.7333,"x":-150,"y":113.85,"curve":"stepped"},{"time":2.3333,"x":-101.26,"y":48.87,"curve":"stepped"},{"time":2.9666,"x":-245.85,"y":44,"curve":"stepped"},{"time":3.8333,"x":-168.36,"y":68.13}],"scale":[{"time":1.0666,"x":5,"y":5},{"time":1.2,"x":5,"y":5.5},{"time":1.3,"x":5.471,"y":5.5},{"time":1.4,"x":1.259,"y":5.5,"curve":"stepped"},{"time":1.7333,"x":5,"y":5},{"time":1.8666,"x":5,"y":5.5},{"time":1.9666,"x":5.471,"y":5.5},{"time":2.0666,"x":1.259,"y":5.5,"curve":"stepped"},{"time":2.3333,"x":5,"y":5},{"time":2.4666,"x":5,"y":5.5},{"time":2.5666,"x":5.471,"y":5.5},{"time":2.6666,"x":1.259,"y":5.5,"curve":"stepped"},{"time":2.9666,"x":5,"y":5},{"time":3.1,"x":5,"y":5.5},{"time":3.2,"x":5.471,"y":5.5},{"time":3.3,"x":1.259,"y":5.5,"curve":"stepped"},{"time":3.8333,"x":5,"y":5.5,"curve":[0.139,0.54,0.75,1]},{"time":4.1333,"x":5.5,"y":6}]},"ef_shine_main":{"translate":[{"time":1.3333,"x":-250,"y":80,"curve":"stepped"},{"time":2,"x":-230.8,"y":92.24,"curve":"stepped"},{"time":2.6,"x":-163.33,"y":74.22,"curve":"stepped"},{"time":3.2333,"x":-348.4,"y":39.06,"curve":"stepped"},{"time":3.8666,"x":-250,"y":49.69,"curve":"stepped"},{"time":4.2666,"x":-250,"y":49.69}],"scale":[{"time":1.3333,"x":0.569,"y":0.569},{"time":1.5333,"x":6.5,"y":6.5,"curve":"stepped"},{"time":2,"x":0.569,"y":0.569},{"time":2.2,"x":6.5,"y":6.5,"curve":"stepped"},{"time":2.6,"x":0.569,"y":0.569},{"time":2.8,"x":6.5,"y":6.5,"curve":"stepped"},{"time":3.2333,"x":0.569,"y":0.569},{"time":3.4333,"x":6.5,"y":6.5,"curve":"stepped"},{"time":3.8666,"x":7,"y":7,"curve":[0.139,0.5,0.75,1]},{"time":4.0666,"x":2,"y":2,"curve":"stepped"},{"time":4.2666,"x":2,"y":2},{"time":4.4666,"x":12,"y":12}]},"smash_wave":{"rotate":[{"time":1.3666,"angle":21.61,"curve":"stepped"},{"time":2.0333,"angle":-91.15,"curve":"stepped"},{"time":2.6333,"angle":84.27,"curve":"stepped"},{"time":3.2666,"angle":-13.48,"curve":"stepped"},{"time":4.3,"angle":-13.48}],"translate":[{"time":1.3666,"x":0,"y":80,"curve":"stepped"},{"time":2.0333,"x":19.41,"y":92.26,"curve":"stepped"},{"time":2.6333,"x":86.47,"y":74.36,"curve":"stepped"},{"time":3.2666,"x":-98.99,"y":39.2,"curve":"stepped"},{"time":4.3,"x":0,"y":49.78}],"scale":[{"time":1.3666,"x":3,"y":3,"curve":[0.116,0.68,0.75,1]},{"time":1.6,"x":7,"y":7,"curve":"stepped"},{"time":2.0333,"x":3,"y":3,"curve":[0.116,0.68,0.75,1]},{"time":2.2666,"x":7.1,"y":7.1,"curve":"stepped"},{"time":2.6333,"x":3,"y":3,"curve":[0.116,0.68,0.75,1]},{"time":2.8666,"x":7.2,"y":7.2,"curve":"stepped"},{"time":3.2666,"x":3,"y":3,"curve":[0.116,0.68,0.75,1]},{"time":3.5,"x":7.3,"y":7.3,"curve":"stepped"},{"time":4.3,"x":3,"y":3,"curve":[0.116,0.68,0.75,1]},{"time":4.5333,"x":12,"y":12}]},"smash_wave2":{"rotate":[{"time":1.4,"angle":-87.2,"curve":"stepped"},{"time":2.0666,"angle":160.07,"curve":"stepped"},{"time":2.6666,"angle":2.96,"curve":"stepped"},{"time":3.3,"angle":-68.7,"curve":"stepped"},{"time":4.3333,"angle":-68.7}],"translate":[{"time":1.4,"x":0,"y":80,"curve":"stepped"},{"time":2.0666,"x":19.41,"y":92.26,"curve":"stepped"},{"time":2.6666,"x":86.47,"y":74.36,"curve":"stepped"},{"time":3.3,"x":-98.99,"y":39.2,"curve":"stepped"},{"time":4.3333,"x":0,"y":49.78}],"scale":[{"time":1.4,"x":3,"y":3,"curve":[0.116,0.68,0.75,1]},{"time":1.6333,"x":7,"y":7,"curve":"stepped"},{"time":2.0666,"x":3,"y":3,"curve":[0.116,0.68,0.75,1]},{"time":2.3,"x":7.1,"y":7.1,"curve":"stepped"},{"time":2.6666,"x":3,"y":3,"curve":[0.116,0.68,0.75,1]},{"time":2.9,"x":7.2,"y":7.2,"curve":"stepped"},{"time":3.3,"x":3,"y":3,"curve":[0.116,0.68,0.75,1]},{"time":3.5333,"x":7.3,"y":7.3,"curve":"stepped"},{"time":4.3333,"x":3,"y":3,"curve":[0.116,0.68,0.75,1]},{"time":4.5666,"x":12,"y":12}]},"bubble":{"rotate":[{"time":1.9,"angle":-0.66,"curve":"stepped"},{"time":2.5,"angle":11.53,"curve":"stepped"},{"time":3.1333,"angle":-6.67,"curve":"stepped"},{"time":4.2,"angle":0}],"translate":[{"time":1.2333,"x":0,"y":80,"curve":"stepped"},{"time":1.9,"x":19.46,"y":92.05,"curve":"stepped"},{"time":2.5,"x":86.96,"y":74.34,"curve":"stepped"},{"time":3.1333,"x":-98.4,"y":38.95,"curve":"stepped"},{"time":4.2,"x":0,"y":50.4}],"scale":[{"time":1.2333,"x":4,"y":4,"curve":"stepped"},{"time":1.4333,"x":4,"y":4},{"time":1.7,"x":4.5,"y":4.5,"curve":"stepped"},{"time":1.9,"x":-4,"y":4,"curve":"stepped"},{"time":2.1,"x":-4,"y":4},{"time":2.3666,"x":-4.5,"y":4.5,"curve":"stepped"},{"time":2.5,"x":4,"y":4,"curve":"stepped"},{"time":2.7,"x":4,"y":4},{"time":2.9666,"x":4.5,"y":4.5,"curve":"stepped"},{"time":3.1333,"x":4,"y":4,"curve":"stepped"},{"time":3.3333,"x":4,"y":4},{"time":3.6,"x":4.5,"y":4.5,"curve":"stepped"},{"time":4.2,"x":4,"y":4},{"time":4.6333,"x":6,"y":6}]},"ef_wind_wall_blue":{"translate":[{"time":1.1,"x":-300,"y":250,"curve":"stepped"},{"time":3.8333,"x":-300,"y":250}],"scale":[{"time":1.1,"x":30,"y":16,"curve":"stepped"},{"time":3.8333,"x":30,"y":16}]},"ef_hit_main":{"rotate":[{"time":1.1,"angle":-34.54,"curve":"stepped"},{"time":1.7666,"angle":16.89,"curve":"stepped"},{"time":2.3666,"angle":16.89,"curve":"stepped"},{"time":3,"angle":2.53,"curve":"stepped"},{"time":3.9,"angle":36}],"translate":[{"time":1.1,"x":-184.32,"y":89.13,"curve":"stepped"},{"time":1.7666,"x":-167.88,"y":97.64,"curve":"stepped"},{"time":2.3666,"x":-110.97,"y":73.33,"curve":"stepped"},{"time":3,"x":-283.26,"y":27.48,"curve":"stepped"},{"time":3.9,"x":-200,"y":49.47}],"scale":[{"time":1.1,"x":-3,"y":3},{"time":1.2666,"x":-4,"y":4,"curve":"stepped"},{"time":1.4333,"x":-4,"y":4},{"time":1.5333,"x":-9,"y":9},{"time":1.5666,"x":-9,"y":3.356,"curve":"stepped"},{"time":1.7666,"x":-3,"y":3},{"time":1.9333,"x":-4,"y":4,"curve":"stepped"},{"time":2.1,"x":-4,"y":4},{"time":2.2,"x":-9,"y":9},{"time":2.2333,"x":-9,"y":3.356,"curve":"stepped"},{"time":2.3666,"x":-3,"y":3},{"time":2.5333,"x":-4,"y":4,"curve":"stepped"},{"time":2.7,"x":-4,"y":4},{"time":2.8,"x":-9,"y":9},{"time":2.8333,"x":-9,"y":3.356,"curve":"stepped"},{"time":3,"x":-3,"y":3},{"time":3.1666,"x":-4,"y":4,"curve":"stepped"},{"time":3.3333,"x":-4,"y":4},{"time":3.4333,"x":-9,"y":9},{"time":3.4666,"x":-9,"y":3.356,"curve":"stepped"},{"time":3.9,"x":-3,"y":3},{"time":4.0666,"x":-4,"y":4,"curve":"stepped"},{"time":4.3,"x":-4,"y":4},{"time":4.4,"x":-13,"y":9},{"time":4.4666,"x":-13,"y":3.356}]},"ef_hit_main2":{"rotate":[{"time":1.1,"angle":59.56,"curve":"stepped"},{"time":1.7666,"angle":95.5,"curve":"stepped"},{"time":2.3666,"angle":114.97,"curve":"stepped"},{"time":3,"angle":81.14,"curve":"stepped"},{"time":3.9,"angle":-62.99}],"translate":[{"time":1.1,"x":-195.67,"y":68.32,"curve":"stepped"},{"time":1.7666,"x":-179.23,"y":76.82,"curve":"stepped"},{"time":2.3666,"x":-88.96,"y":28.89,"curve":"stepped"},{"time":3,"x":-294.61,"y":6.67,"curve":"stepped"},{"time":3.9,"x":-200,"y":49.47}],"scale":[{"time":1.1,"x":3,"y":3},{"time":1.2666,"x":4,"y":4,"curve":"stepped"},{"time":1.4333,"x":4,"y":4},{"time":1.5333,"x":9,"y":9},{"time":1.5666,"x":9,"y":3.04,"curve":"stepped"},{"time":1.7666,"x":3,"y":3},{"time":1.9333,"x":4,"y":4,"curve":"stepped"},{"time":2.1,"x":4,"y":4},{"time":2.2,"x":9,"y":9},{"time":2.2333,"x":9,"y":3.04,"curve":"stepped"},{"time":2.3666,"x":3,"y":3},{"time":2.5333,"x":4,"y":4,"curve":"stepped"},{"time":2.7,"x":4,"y":4},{"time":2.8,"x":9,"y":9},{"time":2.8333,"x":9,"y":3.04,"curve":"stepped"},{"time":3,"x":3,"y":3},{"time":3.1666,"x":4,"y":4,"curve":"stepped"},{"time":3.3333,"x":4,"y":4},{"time":3.4333,"x":9,"y":9},{"time":3.4666,"x":9,"y":3.04,"curve":"stepped"},{"time":3.9,"x":3,"y":3},{"time":4.0666,"x":4,"y":4,"curve":"stepped"},{"time":4.3,"x":4,"y":4},{"time":4.4,"x":13,"y":9},{"time":4.4666,"x":13,"y":3.04}]},"ef_slash_bolt_main3":{"rotate":[{"time":3.8333,"angle":108.35}],"translate":[{"time":3.8333,"x":-62.01,"y":70.94}],"scale":[{"time":3.8333,"x":5,"y":5.5,"curve":[0.139,0.54,0.75,1]},{"time":4.1333,"x":5.5,"y":6}]},"ef_slash_bolt_main4":{"rotate":[{"time":3.8333,"angle":-149.3}],"translate":[{"time":3.8333,"x":-194.13,"y":134.12}],"scale":[{"time":3.8333,"x":5,"y":5.5,"curve":[0.139,0.54,0.75,1]},{"time":4.1333,"x":5.5,"y":6}]},"ef_slash_bolt_main2":{"rotate":[{"time":3.8333,"angle":-53.49}],"translate":[{"time":3.8333,"x":-143.88,"y":33.85}],"scale":[{"time":3.8333,"x":5,"y":5.5,"curve":[0.139,0.54,0.75,1]},{"time":4.1333,"x":5.5,"y":6}]},"ef_flower_main":{"translate":[{"time":4.2333,"x":-100,"y":49.91}],"scale":[{"time":4.2333,"x":3,"y":3,"curve":[0.095,0.69,0.75,1]},{"time":4.9,"x":5,"y":5}]},"ef_flower_main3":{"rotate":[{"time":4.3,"angle":-151.64}],"translate":[{"time":4.3,"x":-100,"y":49.91}],"scale":[{"time":4.3,"x":2.5,"y":2.5,"curve":[0.095,0.69,0.75,1]},{"time":4.9666,"x":3,"y":3}]},"ef_flower_main2":{"translate":[{"time":4.2666,"x":-100,"y":49.91}],"scale":[{"time":4.2666,"x":-3,"y":3,"curve":[0.095,0.69,0.75,1]},{"time":4.9333,"x":-4,"y":4}]},"smash_wave3":{"rotate":[{"time":4.3666,"angle":-123.77}],"translate":[{"time":4.3666,"x":0,"y":49.78}],"scale":[{"time":4.3666,"x":3,"y":3,"curve":[0.116,0.68,0.75,1]},{"time":4.6,"x":12,"y":12}]}}},"emp":{}}}