{"skeleton":{"hash":"FVuV1KBfIuexc5z4/mfp5kTTl9g","spine":"3.0.12","width":0,"height":0,"images":""},"bones":[{"name":"root"},{"name":"MAIN","parent":"root"},{"name":"S2_shine1_2","parent":"MAIN","x":-466.81,"y":150},{"name":"S2_shine1","parent":"MAIN","x":-300,"y":150},{"name":"S2_screen1","parent":"MAIN","y":-300.74},{"name":"S2_dome1_4","parent":"MAIN","x":-150,"y":271.28},{"name":"S2_dome1_3","parent":"MAIN","x":-150,"y":215.35},{"name":"S2_dome1_2","parent":"MAIN","x":-150,"y":159.66},{"name":"S2_dome1","parent":"MAIN","x":-150,"y":100},{"name":"S2_charge2","parent":"MAIN","x":-359.21,"y":-150},{"name":"S2_charge1","parent":"MAIN","x":-300,"y":-150},{"name":"S2_beam1b","parent":"MAIN","x":-147.83,"y":-99.86},{"name":"S2_beam1","parent":"MAIN","x":300,"y":-150},{"name":"S1_wave1_3","parent":"MAIN","x":250,"y":-100},{"name":"S1_wave1_2","parent":"MAIN","x":200,"y":-100},{"name":"S1_wave1","parent":"MAIN","x":150,"y":-100},{"name":"S1_dusty1_4","parent":"MAIN","x":446.6,"y":109.8},{"name":"S1_dusty1_3","parent":"MAIN","x":396.48,"y":150},{"name":"S1_dusty1_2","parent":"MAIN","x":300,"y":150},{"name":"S1_dusty1","parent":"MAIN","x":344.55,"y":183.44},{"name":"S1_dash1_2","parent":"MAIN","x":210,"y":100},{"name":"S1_dash1","parent":"MAIN","x":150,"y":100},{"name":"S1_beam1","parent":"MAIN","y":150}],"slots":[{"name":"S1_dusty1","bone":"S1_dusty1","blend":"additive"},{"name":"S1_dusty2","bone":"S1_dusty1_2","blend":"additive"},{"name":"S1_dusty3","bone":"S1_dusty1_3","blend":"additive"},{"name":"S1_dusty4","bone":"S1_dusty1_4","blend":"additive"},{"name":"S1_beam1","bone":"S1_beam1","blend":"additive"},{"name":"S1_wave1","bone":"S1_wave1","blend":"additive"},{"name":"S2_beam1","bone":"S2_beam1","blend":"additive"},{"name":"S2_dome1","bone":"S2_dome1","blend":"additive"},{"name":"S2_dome1_2","bone":"S2_dome1_2","blend":"additive"},{"name":"S2_dome1_3","bone":"S2_dome1_3","blend":"additive"},{"name":"S2_dome1_4","bone":"S2_dome1_4","blend":"additive"},{"name":"S1_dash1","bone":"S1_dash1","blend":"additive"},{"name":"S1_dash1_2","bone":"S1_dash1_2","blend":"additive"},{"name":"S2_beam1b","bone":"S2_beam1b","blend":"additive"},{"name":"S2_charge1","bone":"S2_charge1","blend":"additive"},{"name":"S2_charge2","bone":"S2_charge2","blend":"additive"},{"name":"S2_shine1","bone":"S2_shine1","blend":"additive"},{"name":"S2_shine1_2","bone":"S2_shine1_2","blend":"additive"},{"name":"S2_screen1","bone":"S2_screen1","blend":"additive"},{"name":"S1_wave1_2","bone":"S1_wave1_2","blend":"additive"},{"name":"S1_wave1_3","bone":"S1_wave1_3","blend":"additive"}],"skins":{"default":{"S1_beam1":{"images/EF/570_S1_beam1/570_S1_beam1_00038":{"scaleX":2,"scaleY":2,"width":150,"height":150},"images/EF/570_S1_beam1/570_S1_beam1_00039":{"scaleX":2,"scaleY":2,"width":150,"height":150},"images/EF/570_S1_beam1/570_S1_beam1_00040":{"scaleX":2,"scaleY":2,"width":150,"height":150},"images/EF/570_S1_beam1/570_S1_beam1_00041":{"scaleX":2,"scaleY":2,"width":150,"height":150},"images/EF/570_S1_beam1/570_S1_beam1_00042":{"scaleX":2,"scaleY":2,"width":150,"height":150},"images/EF/570_S1_beam1/570_S1_beam1_00043":{"scaleX":2,"scaleY":2,"width":150,"height":150},"images/EF/570_S1_beam1/570_S1_beam1_00044":{"scaleX":2,"scaleY":2,"width":150,"height":150},"images/EF/570_S1_beam1/570_S1_beam1_00045":{"scaleX":2,"scaleY":2,"width":150,"height":150},"images/EF/570_S1_beam1/570_S1_beam1_00046":{"scaleX":2,"scaleY":2,"width":300,"height":300},"images/EF/570_S1_beam1/570_S1_beam1_00047":{"scaleX":2,"scaleY":2,"width":300,"height":300},"images/EF/570_S1_beam1/570_S1_beam1_00048":{"scaleX":2,"scaleY":2,"width":300,"height":300},"images/EF/570_S1_beam1/570_S1_beam1_00049":{"scaleX":2,"scaleY":2,"width":300,"height":300},"images/EF/570_S1_beam1/570_S1_beam1_00050":{"scaleX":2,"scaleY":2,"width":300,"height":300},"images/EF/570_S1_beam1/570_S1_beam1_00051":{"scaleX":2,"scaleY":2,"width":300,"height":300},"images/EF/570_S1_beam1/570_S1_beam1_00052":{"scaleX":2,"scaleY":2,"width":300,"height":300}},"S1_dash1":{"images/EF/620_S1_dash1/620_S1_dash1_00038":{"y":40.77,"scaleX":2,"scaleY":2,"width":300,"height":300},"images/EF/620_S1_dash1/620_S1_dash1_00039":{"y":40.77,"scaleX":2,"scaleY":2,"width":300,"height":300},"images/EF/620_S1_dash1/620_S1_dash1_00040":{"y":40.77,"scaleX":2,"scaleY":2,"width":300,"height":300},"images/EF/620_S1_dash1/620_S1_dash1_00041":{"y":40.77,"scaleX":2,"scaleY":2,"width":300,"height":300},"images/EF/620_S1_dash1/620_S1_dash1_00042":{"y":40.77,"scaleX":2,"scaleY":2,"width":300,"height":300},"images/EF/620_S1_dash1/620_S1_dash1_00043":{"y":40.77,"scaleX":2,"scaleY":2,"width":300,"height":300},"images/EF/620_S1_dash1/620_S1_dash1_00044":{"y":40.77,"scaleX":2,"scaleY":2,"width":300,"height":300},"images/EF/620_S1_dash1/620_S1_dash1_00045":{"y":40.77,"scaleX":2,"scaleY":2,"width":300,"height":300},"images/EF/620_S1_dash1/620_S1_dash1_00046":{"y":40.77,"scaleX":2,"scaleY":2,"width":300,"height":300},"images/EF/620_S1_dash1/620_S1_dash1_00047":{"y":40.77,"scaleX":2,"scaleY":2,"width":300,"height":300},"images/EF/620_S1_dash1/620_S1_dash1_00048":{"y":40.77,"scaleX":2,"scaleY":2,"width":300,"height":300},"images/EF/620_S1_dash1/620_S1_dash1_00049":{"y":40.77,"scaleX":2,"scaleY":2,"width":300,"height":300}},"S1_dash1_2":{"images/EF/620_S1_dash1/620_S1_dash1_00038":{"y":40.77,"scaleX":2,"scaleY":2,"width":300,"height":300},"images/EF/620_S1_dash1/620_S1_dash1_00039":{"y":40.77,"scaleX":2,"scaleY":2,"width":300,"height":300},"images/EF/620_S1_dash1/620_S1_dash1_00040":{"y":40.77,"scaleX":2,"scaleY":2,"width":300,"height":300},"images/EF/620_S1_dash1/620_S1_dash1_00041":{"y":40.77,"scaleX":2,"scaleY":2,"width":300,"height":300},"images/EF/620_S1_dash1/620_S1_dash1_00042":{"y":40.77,"scaleX":2,"scaleY":2,"width":300,"height":300},"images/EF/620_S1_dash1/620_S1_dash1_00043":{"y":40.77,"scaleX":2,"scaleY":2,"width":300,"height":300},"images/EF/620_S1_dash1/620_S1_dash1_00044":{"y":40.77,"scaleX":2,"scaleY":2,"width":300,"height":300},"images/EF/620_S1_dash1/620_S1_dash1_00045":{"y":40.77,"scaleX":2,"scaleY":2,"width":300,"height":300},"images/EF/620_S1_dash1/620_S1_dash1_00046":{"y":40.77,"scaleX":2,"scaleY":2,"width":300,"height":300},"images/EF/620_S1_dash1/620_S1_dash1_00047":{"y":40.77,"scaleX":2,"scaleY":2,"width":300,"height":300},"images/EF/620_S1_dash1/620_S1_dash1_00048":{"y":40.77,"scaleX":2,"scaleY":2,"width":300,"height":300},"images/EF/620_S1_dash1/620_S1_dash1_00049":{"y":40.77,"scaleX":2,"scaleY":2,"width":300,"height":300}},"S1_dusty1":{"images/EF/320_S1_dusty1/320_S1_dusty1_00038":{"y":26.57,"scaleX":2.6,"scaleY":2.6,"width":225,"height":225},"images/EF/320_S1_dusty1/320_S1_dusty1_00039":{"y":26.57,"scaleX":2.6,"scaleY":2.6,"width":225,"height":225},"images/EF/320_S1_dusty1/320_S1_dusty1_00040":{"y":26.57,"scaleX":2.6,"scaleY":2.6,"width":225,"height":225},"images/EF/320_S1_dusty1/320_S1_dusty1_00041":{"y":26.57,"scaleX":2.6,"scaleY":2.6,"width":225,"height":225},"images/EF/320_S1_dusty1/320_S1_dusty1_00042":{"y":26.57,"scaleX":2.6,"scaleY":2.6,"width":225,"height":225},"images/EF/320_S1_dusty1/320_S1_dusty1_00044":{"y":26.57,"scaleX":2.6,"scaleY":2.6,"width":225,"height":225},"images/EF/320_S1_dusty1/320_S1_dusty1_00046":{"y":26.57,"scaleX":2.6,"scaleY":2.6,"width":225,"height":225},"images/EF/320_S1_dusty1/320_S1_dusty1_00048":{"y":26.57,"scaleX":2.6,"scaleY":2.6,"width":225,"height":225},"images/EF/320_S1_dusty1/320_S1_dusty1_00050":{"y":26.57,"scaleX":2.6,"scaleY":2.6,"width":225,"height":225},"images/EF/320_S1_dusty1/320_S1_dusty1_00052":{"y":26.57,"scaleX":2.6,"scaleY":2.6,"width":225,"height":225},"images/EF/320_S1_dusty1/320_S1_dusty1_00053":{"y":26.57,"scaleX":2.6,"scaleY":2.6,"width":225,"height":225},"images/EF/320_S1_dusty1/320_S1_dusty1_00054":{"y":26.57,"scaleX":2.6,"scaleY":2.6,"width":225,"height":225}},"S1_dusty2":{"images/EF/320_S1_dusty1/320_S1_dusty1_00038":{"y":26.57,"scaleX":2.6,"scaleY":2.6,"width":225,"height":225},"images/EF/320_S1_dusty1/320_S1_dusty1_00039":{"y":26.57,"scaleX":2.6,"scaleY":2.6,"width":225,"height":225},"images/EF/320_S1_dusty1/320_S1_dusty1_00040":{"y":26.57,"scaleX":2.6,"scaleY":2.6,"width":225,"height":225},"images/EF/320_S1_dusty1/320_S1_dusty1_00041":{"y":26.57,"scaleX":2.6,"scaleY":2.6,"width":225,"height":225},"images/EF/320_S1_dusty1/320_S1_dusty1_00042":{"y":26.57,"scaleX":2.6,"scaleY":2.6,"width":225,"height":225},"images/EF/320_S1_dusty1/320_S1_dusty1_00044":{"y":26.57,"scaleX":2.6,"scaleY":2.6,"width":225,"height":225},"images/EF/320_S1_dusty1/320_S1_dusty1_00046":{"y":26.57,"scaleX":2.6,"scaleY":2.6,"width":225,"height":225},"images/EF/320_S1_dusty1/320_S1_dusty1_00048":{"y":26.57,"scaleX":2.6,"scaleY":2.6,"width":225,"height":225},"images/EF/320_S1_dusty1/320_S1_dusty1_00050":{"y":26.57,"scaleX":2.6,"scaleY":2.6,"width":225,"height":225},"images/EF/320_S1_dusty1/320_S1_dusty1_00052":{"y":26.57,"scaleX":2.6,"scaleY":2.6,"width":225,"height":225},"images/EF/320_S1_dusty1/320_S1_dusty1_00053":{"y":26.57,"scaleX":2.6,"scaleY":2.6,"width":225,"height":225},"images/EF/320_S1_dusty1/320_S1_dusty1_00054":{"y":26.57,"scaleX":2.6,"scaleY":2.6,"width":225,"height":225}},"S1_dusty3":{"images/EF/320_S1_dusty1/320_S1_dusty1_00038":{"y":26.57,"scaleX":2.6,"scaleY":2.6,"width":225,"height":225},"images/EF/320_S1_dusty1/320_S1_dusty1_00039":{"y":26.57,"scaleX":2.6,"scaleY":2.6,"width":225,"height":225},"images/EF/320_S1_dusty1/320_S1_dusty1_00040":{"y":26.57,"scaleX":2.6,"scaleY":2.6,"width":225,"height":225},"images/EF/320_S1_dusty1/320_S1_dusty1_00041":{"y":26.57,"scaleX":2.6,"scaleY":2.6,"width":225,"height":225},"images/EF/320_S1_dusty1/320_S1_dusty1_00042":{"y":26.57,"scaleX":2.6,"scaleY":2.6,"width":225,"height":225},"images/EF/320_S1_dusty1/320_S1_dusty1_00044":{"y":26.57,"scaleX":2.6,"scaleY":2.6,"width":225,"height":225},"images/EF/320_S1_dusty1/320_S1_dusty1_00046":{"y":26.57,"scaleX":2.6,"scaleY":2.6,"width":225,"height":225},"images/EF/320_S1_dusty1/320_S1_dusty1_00048":{"y":26.57,"scaleX":2.6,"scaleY":2.6,"width":225,"height":225},"images/EF/320_S1_dusty1/320_S1_dusty1_00050":{"y":26.57,"scaleX":2.6,"scaleY":2.6,"width":225,"height":225},"images/EF/320_S1_dusty1/320_S1_dusty1_00052":{"y":26.57,"scaleX":2.6,"scaleY":2.6,"width":225,"height":225},"images/EF/320_S1_dusty1/320_S1_dusty1_00053":{"y":26.57,"scaleX":2.6,"scaleY":2.6,"width":225,"height":225},"images/EF/320_S1_dusty1/320_S1_dusty1_00054":{"y":26.57,"scaleX":2.6,"scaleY":2.6,"width":225,"height":225}},"S1_dusty4":{"images/EF/320_S1_dusty1/320_S1_dusty1_00038":{"y":26.57,"scaleX":2.6,"scaleY":2.6,"width":225,"height":225},"images/EF/320_S1_dusty1/320_S1_dusty1_00039":{"y":26.57,"scaleX":2.6,"scaleY":2.6,"width":225,"height":225},"images/EF/320_S1_dusty1/320_S1_dusty1_00040":{"y":26.57,"scaleX":2.6,"scaleY":2.6,"width":225,"height":225},"images/EF/320_S1_dusty1/320_S1_dusty1_00041":{"y":26.57,"scaleX":2.6,"scaleY":2.6,"width":225,"height":225},"images/EF/320_S1_dusty1/320_S1_dusty1_00042":{"y":26.57,"scaleX":2.6,"scaleY":2.6,"width":225,"height":225},"images/EF/320_S1_dusty1/320_S1_dusty1_00044":{"y":26.57,"scaleX":2.6,"scaleY":2.6,"width":225,"height":225},"images/EF/320_S1_dusty1/320_S1_dusty1_00046":{"y":26.57,"scaleX":2.6,"scaleY":2.6,"width":225,"height":225},"images/EF/320_S1_dusty1/320_S1_dusty1_00048":{"y":26.57,"scaleX":2.6,"scaleY":2.6,"width":225,"height":225},"images/EF/320_S1_dusty1/320_S1_dusty1_00050":{"y":26.57,"scaleX":2.6,"scaleY":2.6,"width":225,"height":225},"images/EF/320_S1_dusty1/320_S1_dusty1_00052":{"y":26.57,"scaleX":2.6,"scaleY":2.6,"width":225,"height":225},"images/EF/320_S1_dusty1/320_S1_dusty1_00053":{"y":26.57,"scaleX":2.6,"scaleY":2.6,"width":225,"height":225},"images/EF/320_S1_dusty1/320_S1_dusty1_00054":{"y":26.57,"scaleX":2.6,"scaleY":2.6,"width":225,"height":225}},"S1_wave1":{"images/EF/570_S1_wave1/570_S1_wave1_00038_1":{"scaleX":4,"scaleY":4,"width":150,"height":150},"images/EF/570_S1_wave1/570_S1_wave1_00039_1":{"scaleX":4,"scaleY":4,"width":150,"height":150},"images/EF/570_S1_wave1/570_S1_wave1_00040_1":{"scaleX":4,"scaleY":4,"width":150,"height":150},"images/EF/570_S1_wave1/570_S1_wave1_00041_1":{"scaleX":4,"scaleY":4,"width":150,"height":150},"images/EF/570_S1_wave1/570_S1_wave1_00042_1":{"scaleX":4,"scaleY":4,"width":150,"height":150}},"S1_wave1_2":{"images/EF/570_S1_wave1/570_S1_wave1_00038_1":{"scaleX":4,"scaleY":4,"width":150,"height":150},"images/EF/570_S1_wave1/570_S1_wave1_00039_1":{"scaleX":4,"scaleY":4,"width":150,"height":150},"images/EF/570_S1_wave1/570_S1_wave1_00040_1":{"scaleX":4,"scaleY":4,"width":150,"height":150},"images/EF/570_S1_wave1/570_S1_wave1_00041_1":{"scaleX":4,"scaleY":4,"width":150,"height":150},"images/EF/570_S1_wave1/570_S1_wave1_00042_1":{"scaleX":4,"scaleY":4,"width":150,"height":150}},"S1_wave1_3":{"images/EF/570_S1_wave1/570_S1_wave1_00038_1":{"scaleX":4,"scaleY":4,"width":150,"height":150},"images/EF/570_S1_wave1/570_S1_wave1_00039_1":{"scaleX":4,"scaleY":4,"width":150,"height":150},"images/EF/570_S1_wave1/570_S1_wave1_00040_1":{"scaleX":4,"scaleY":4,"width":150,"height":150},"images/EF/570_S1_wave1/570_S1_wave1_00041_1":{"scaleX":4,"scaleY":4,"width":150,"height":150},"images/EF/570_S1_wave1/570_S1_wave1_00042_1":{"scaleX":4,"scaleY":4,"width":150,"height":150}},"S2_beam1":{"images/EF/570_S2_beam1/570_S2_beam1_00038":{"scaleX":2,"scaleY":2,"width":300,"height":300},"images/EF/570_S2_beam1/570_S2_beam1_00039":{"scaleX":2,"scaleY":2,"width":300,"height":300},"images/EF/570_S2_beam1/570_S2_beam1_00040":{"scaleX":2,"scaleY":2,"width":300,"height":300},"images/EF/570_S2_beam1/570_S2_beam1_00041":{"scaleX":2,"scaleY":2,"width":300,"height":300},"images/EF/570_S2_beam1/570_S2_beam1_00042":{"scaleX":2,"scaleY":2,"width":300,"height":300},"images/EF/570_S2_beam1/570_S2_beam1_00043":{"scaleX":2,"scaleY":2,"width":300,"height":300},"images/EF/570_S2_beam1/570_S2_beam1_00044":{"scaleX":2,"scaleY":2,"width":300,"height":300},"images/EF/570_S2_beam1/570_S2_beam1_00045":{"scaleX":2,"scaleY":2,"width":300,"height":300}},"S2_beam1b":{"images/EF/620_S2_beam1b/620_S2_beam1b_00038":{"scaleX":4,"scaleY":4,"width":150,"height":150},"images/EF/620_S2_beam1b/620_S2_beam1b_00039":{"scaleX":4,"scaleY":4,"width":150,"height":150},"images/EF/620_S2_beam1b/620_S2_beam1b_00040":{"scaleX":4,"scaleY":4,"width":150,"height":150},"images/EF/620_S2_beam1b/620_S2_beam1b_00041":{"scaleX":4,"scaleY":4,"width":150,"height":150},"images/EF/620_S2_beam1b/620_S2_beam1b_00042":{"scaleX":4,"scaleY":4,"width":150,"height":150},"images/EF/620_S2_beam1b/620_S2_beam1b_00043":{"scaleX":4,"scaleY":4,"width":150,"height":150},"images/EF/620_S2_beam1b/620_S2_beam1b_00044":{"scaleX":4,"scaleY":4,"width":150,"height":150}},"S2_charge1":{"images/EF/620_S2_charge1/620_S2_charge1_00051":{"scaleX":2.6,"scaleY":2.6,"width":225,"height":225},"images/EF/620_S2_charge1/620_S2_charge1_00052":{"scaleX":2.6,"scaleY":2.6,"width":225,"height":225},"images/EF/620_S2_charge1/620_S2_charge1_00053":{"scaleX":2.6,"scaleY":2.6,"width":225,"height":225},"images/EF/620_S2_charge1/620_S2_charge1_00055":{"scaleX":2.6,"scaleY":2.6,"width":225,"height":225},"images/EF/620_S2_charge1/620_S2_charge1_00058":{"scaleX":2.6,"scaleY":2.6,"width":225,"height":225},"images/EF/620_S2_charge1/620_S2_charge1_00059":{"scaleX":2.6,"scaleY":2.6,"width":225,"height":225},"images/EF/620_S2_charge1/620_S2_charge1_00060":{"scaleX":2.6,"scaleY":2.6,"width":225,"height":225},"images/EF/620_S2_charge1/620_S2_charge1_00062":{"scaleX":2.6,"scaleY":2.6,"width":225,"height":225},"images/EF/620_S2_charge1/620_S2_charge1_00063":{"scaleX":2.6,"scaleY":2.6,"width":225,"height":225},"images/EF/620_S2_charge1/620_S2_charge1_00064":{"scaleX":2.6,"scaleY":2.6,"width":225,"height":225}},"S2_charge2":{"images/EF/620_S2_charge1/620_S2_charge1_00051":{"scaleX":2.6,"scaleY":2.6,"width":225,"height":225},"images/EF/620_S2_charge1/620_S2_charge1_00052":{"scaleX":2.6,"scaleY":2.6,"width":225,"height":225},"images/EF/620_S2_charge1/620_S2_charge1_00053":{"scaleX":2.6,"scaleY":2.6,"width":225,"height":225},"images/EF/620_S2_charge1/620_S2_charge1_00055":{"scaleX":2.6,"scaleY":2.6,"width":225,"height":225},"images/EF/620_S2_charge1/620_S2_charge1_00058":{"scaleX":2.6,"scaleY":2.6,"width":225,"height":225},"images/EF/620_S2_charge1/620_S2_charge1_00059":{"scaleX":2.6,"scaleY":2.6,"width":225,"height":225},"images/EF/620_S2_charge1/620_S2_charge1_00060":{"scaleX":2.6,"scaleY":2.6,"width":225,"height":225},"images/EF/620_S2_charge1/620_S2_charge1_00062":{"scaleX":2.6,"scaleY":2.6,"width":225,"height":225},"images/EF/620_S2_charge1/620_S2_charge1_00063":{"scaleX":2.6,"scaleY":2.6,"width":225,"height":225},"images/EF/620_S2_charge1/620_S2_charge1_00064":{"scaleX":2.6,"scaleY":2.6,"width":225,"height":225}},"S2_dome1":{"images/EF/570_S2_dome1/570_S2_dome1_00038":{"scaleX":2.6,"scaleY":2.6,"width":225,"height":225},"images/EF/570_S2_dome1/570_S2_dome1_00039":{"scaleX":2.6,"scaleY":2.6,"width":225,"height":225},"images/EF/570_S2_dome1/570_S2_dome1_00040":{"scaleX":2.6,"scaleY":2.6,"width":225,"height":225},"images/EF/570_S2_dome1/570_S2_dome1_00042":{"scaleX":2.6,"scaleY":2.6,"width":225,"height":225},"images/EF/570_S2_dome1/570_S2_dome1_00043":{"scaleX":2.6,"scaleY":2.6,"width":225,"height":225},"images/EF/570_S2_dome1/570_S2_dome1_00045":{"scaleX":2.6,"scaleY":2.6,"width":225,"height":225},"images/EF/570_S2_dome1/570_S2_dome1_00047":{"scaleX":2.6,"scaleY":2.6,"width":225,"height":225},"images/EF/570_S2_dome1/570_S2_dome1_00048":{"scaleX":2.6,"scaleY":2.6,"width":225,"height":225},"images/EF/570_S2_dome1/570_S2_dome1_00049":{"scaleX":2.6,"scaleY":2.6,"width":225,"height":225}},"S2_dome1_2":{"images/EF/570_S2_dome1/570_S2_dome1_00038":{"scaleX":2.6,"scaleY":2.6,"width":225,"height":225},"images/EF/570_S2_dome1/570_S2_dome1_00039":{"scaleX":2.6,"scaleY":2.6,"width":225,"height":225},"images/EF/570_S2_dome1/570_S2_dome1_00040":{"scaleX":2.6,"scaleY":2.6,"width":225,"height":225},"images/EF/570_S2_dome1/570_S2_dome1_00042":{"scaleX":2.6,"scaleY":2.6,"width":225,"height":225},"images/EF/570_S2_dome1/570_S2_dome1_00043":{"scaleX":2.6,"scaleY":2.6,"width":225,"height":225},"images/EF/570_S2_dome1/570_S2_dome1_00045":{"scaleX":2.6,"scaleY":2.6,"width":225,"height":225},"images/EF/570_S2_dome1/570_S2_dome1_00047":{"scaleX":2.6,"scaleY":2.6,"width":225,"height":225},"images/EF/570_S2_dome1/570_S2_dome1_00048":{"scaleX":2.6,"scaleY":2.6,"width":225,"height":225},"images/EF/570_S2_dome1/570_S2_dome1_00049":{"scaleX":2.6,"scaleY":2.6,"width":225,"height":225}},"S2_dome1_3":{"images/EF/570_S2_dome1/570_S2_dome1_00038":{"scaleX":2.6,"scaleY":2.6,"width":225,"height":225},"images/EF/570_S2_dome1/570_S2_dome1_00039":{"scaleX":2.6,"scaleY":2.6,"width":225,"height":225},"images/EF/570_S2_dome1/570_S2_dome1_00040":{"scaleX":2.6,"scaleY":2.6,"width":225,"height":225},"images/EF/570_S2_dome1/570_S2_dome1_00042":{"scaleX":2.6,"scaleY":2.6,"width":225,"height":225},"images/EF/570_S2_dome1/570_S2_dome1_00043":{"scaleX":2.6,"scaleY":2.6,"width":225,"height":225},"images/EF/570_S2_dome1/570_S2_dome1_00045":{"scaleX":2.6,"scaleY":2.6,"width":225,"height":225},"images/EF/570_S2_dome1/570_S2_dome1_00047":{"scaleX":2.6,"scaleY":2.6,"width":225,"height":225},"images/EF/570_S2_dome1/570_S2_dome1_00048":{"scaleX":2.6,"scaleY":2.6,"width":225,"height":225},"images/EF/570_S2_dome1/570_S2_dome1_00049":{"scaleX":2.6,"scaleY":2.6,"width":225,"height":225}},"S2_dome1_4":{"images/EF/570_S2_dome1/570_S2_dome1_00038":{"scaleX":2.6,"scaleY":2.6,"width":225,"height":225},"images/EF/570_S2_dome1/570_S2_dome1_00039":{"scaleX":2.6,"scaleY":2.6,"width":225,"height":225},"images/EF/570_S2_dome1/570_S2_dome1_00040":{"scaleX":2.6,"scaleY":2.6,"width":225,"height":225},"images/EF/570_S2_dome1/570_S2_dome1_00042":{"scaleX":2.6,"scaleY":2.6,"width":225,"height":225},"images/EF/570_S2_dome1/570_S2_dome1_00043":{"scaleX":2.6,"scaleY":2.6,"width":225,"height":225},"images/EF/570_S2_dome1/570_S2_dome1_00045":{"scaleX":2.6,"scaleY":2.6,"width":225,"height":225},"images/EF/570_S2_dome1/570_S2_dome1_00047":{"scaleX":2.6,"scaleY":2.6,"width":225,"height":225},"images/EF/570_S2_dome1/570_S2_dome1_00048":{"scaleX":2.6,"scaleY":2.6,"width":225,"height":225},"images/EF/570_S2_dome1/570_S2_dome1_00049":{"scaleX":2.6,"scaleY":2.6,"width":225,"height":225}},"S2_screen1":{"images/EF/10020_S2_screen1/10020_S2_screen1_00038":{"scaleX":2,"scaleY":2,"width":169,"height":300},"images/EF/10020_S2_screen1/10020_S2_screen1_00039":{"scaleX":2,"scaleY":2,"width":169,"height":300},"images/EF/10020_S2_screen1/10020_S2_screen1_00040":{"scaleX":2,"scaleY":2,"width":169,"height":300},"images/EF/10020_S2_screen1/10020_S2_screen1_00041":{"scaleX":2,"scaleY":2,"width":169,"height":300},"images/EF/10020_S2_screen1/10020_S2_screen1_00042":{"scaleX":2,"scaleY":2,"width":169,"height":300},"images/EF/10020_S2_screen1/10020_S2_screen1_00043":{"scaleX":2,"scaleY":2,"width":169,"height":300},"images/EF/10020_S2_screen1/10020_S2_screen1_00044":{"scaleX":2,"scaleY":2,"width":169,"height":300},"images/EF/10020_S2_screen1/10020_S2_screen1_00045":{"scaleX":2,"scaleY":2,"width":169,"height":300},"images/EF/10020_S2_screen1/10020_S2_screen1_00046":{"scaleX":2,"scaleY":2,"width":169,"height":300},"images/EF/10020_S2_screen1/10020_S2_screen1_00047":{"scaleX":2,"scaleY":2,"width":169,"height":300}},"S2_shine1":{"images/EF/620_S2_shine1/620_S2_shine1_00038":{"scaleX":2,"scaleY":2,"width":300,"height":300},"images/EF/620_S2_shine1/620_S2_shine1_00040":{"scaleX":2,"scaleY":2,"width":300,"height":300},"images/EF/620_S2_shine1/620_S2_shine1_00041":{"scaleX":2,"scaleY":2,"width":300,"height":300},"images/EF/620_S2_shine1/620_S2_shine1_00042":{"scaleX":2,"scaleY":2,"width":300,"height":300},"images/EF/620_S2_shine1/620_S2_shine1_00043":{"scaleX":2,"scaleY":2,"width":300,"height":300}},"S2_shine1_2":{"images/EF/620_S2_shine1/620_S2_shine1_00038":{"scaleX":2,"scaleY":2,"width":300,"height":300},"images/EF/620_S2_shine1/620_S2_shine1_00040":{"scaleX":2,"scaleY":2,"width":300,"height":300},"images/EF/620_S2_shine1/620_S2_shine1_00041":{"scaleX":2,"scaleY":2,"width":300,"height":300},"images/EF/620_S2_shine1/620_S2_shine1_00042":{"scaleX":2,"scaleY":2,"width":300,"height":300},"images/EF/620_S2_shine1/620_S2_shine1_00043":{"scaleX":2,"scaleY":2,"width":300,"height":300}}}},"animations":{"1-attack1":{"slots":{"S1_wave1":{"attachment":[{"time":0.6333,"name":"images/EF/570_S1_wave1/570_S1_wave1_00038_1"},{"time":0.6666,"name":"images/EF/570_S1_wave1/570_S1_wave1_00039_1"},{"time":0.7,"name":"images/EF/570_S1_wave1/570_S1_wave1_00040_1"},{"time":0.7333,"name":"images/EF/570_S1_wave1/570_S1_wave1_00042_1"},{"time":0.7666,"name":null},{"time":0.8333,"name":"images/EF/570_S1_wave1/570_S1_wave1_00038_1"},{"time":0.8666,"name":"images/EF/570_S1_wave1/570_S1_wave1_00039_1"},{"time":0.9,"name":"images/EF/570_S1_wave1/570_S1_wave1_00040_1"},{"time":0.9333,"name":"images/EF/570_S1_wave1/570_S1_wave1_00041_1"},{"time":0.9666,"name":null},{"time":1.8333,"name":"images/EF/570_S1_wave1/570_S1_wave1_00038_1"},{"time":1.8666,"name":"images/EF/570_S1_wave1/570_S1_wave1_00039_1"},{"time":1.9,"name":"images/EF/570_S1_wave1/570_S1_wave1_00040_1"},{"time":1.9333,"name":"images/EF/570_S1_wave1/570_S1_wave1_00041_1"},{"time":1.9666,"name":null}]},"S1_wave1_2":{"attachment":[{"time":0.6333,"name":null}]},"S2_beam1":{"attachment":[{"time":0.6333,"name":"images/EF/570_S2_beam1/570_S2_beam1_00038"},{"time":0.6666,"name":"images/EF/570_S2_beam1/570_S2_beam1_00039"},{"time":0.7333,"name":"images/EF/570_S2_beam1/570_S2_beam1_00043"},{"time":0.7666,"name":"images/EF/570_S2_beam1/570_S2_beam1_00044"},{"time":0.8,"name":null},{"time":0.8333,"name":"images/EF/570_S2_beam1/570_S2_beam1_00038"},{"time":0.8666,"name":"images/EF/570_S2_beam1/570_S2_beam1_00039"},{"time":0.9333,"name":"images/EF/570_S2_beam1/570_S2_beam1_00043"},{"time":0.9666,"name":"images/EF/570_S2_beam1/570_S2_beam1_00044"},{"time":1,"name":null},{"time":1.8333,"name":"images/EF/570_S2_beam1/570_S2_beam1_00038"},{"time":1.8666,"name":"images/EF/570_S2_beam1/570_S2_beam1_00039"},{"time":1.9333,"name":"images/EF/570_S2_beam1/570_S2_beam1_00043"},{"time":1.9666,"name":"images/EF/570_S2_beam1/570_S2_beam1_00044"},{"time":2,"name":null}]},"S2_beam1b":{"attachment":[{"time":0.6333,"name":null}]},"S2_charge1":{"attachment":[{"time":1.0666,"name":"images/EF/620_S2_charge1/620_S2_charge1_00051"},{"time":1.1333,"name":"images/EF/620_S2_charge1/620_S2_charge1_00052"},{"time":1.2,"name":"images/EF/620_S2_charge1/620_S2_charge1_00053"},{"time":1.2666,"name":"images/EF/620_S2_charge1/620_S2_charge1_00055"},{"time":1.3333,"name":"images/EF/620_S2_charge1/620_S2_charge1_00058"},{"time":1.4,"name":"images/EF/620_S2_charge1/620_S2_charge1_00059"},{"time":1.4666,"name":"images/EF/620_S2_charge1/620_S2_charge1_00060"},{"time":1.5333,"name":"images/EF/620_S2_charge1/620_S2_charge1_00062"},{"time":1.6,"name":"images/EF/620_S2_charge1/620_S2_charge1_00063"},{"time":1.6666,"name":"images/EF/620_S2_charge1/620_S2_charge1_00064"},{"time":1.7333,"name":null}]},"S2_charge2":{"attachment":[{"time":1.2333,"name":"images/EF/620_S2_charge1/620_S2_charge1_00051"},{"time":1.3,"name":"images/EF/620_S2_charge1/620_S2_charge1_00052"},{"time":1.3666,"name":"images/EF/620_S2_charge1/620_S2_charge1_00053"},{"time":1.4333,"name":"images/EF/620_S2_charge1/620_S2_charge1_00055"},{"time":1.5,"name":"images/EF/620_S2_charge1/620_S2_charge1_00058"},{"time":1.5666,"name":"images/EF/620_S2_charge1/620_S2_charge1_00059"},{"time":1.6333,"name":"images/EF/620_S2_charge1/620_S2_charge1_00060"},{"time":1.7,"name":"images/EF/620_S2_charge1/620_S2_charge1_00062"},{"time":1.7666,"name":"images/EF/620_S2_charge1/620_S2_charge1_00063"},{"time":1.8333,"name":null}]}},"bones":{"S2_beam1":{"translate":[{"time":0.6333,"x":-368.97,"y":249.17,"curve":"stepped"},{"time":0.6666,"x":-364.27,"y":249.17,"curve":"stepped"},{"time":0.7,"x":-364.27,"y":249.17,"curve":"stepped"},{"time":0.7333,"x":-404.12,"y":249.17,"curve":"stepped"},{"time":0.7666,"x":-410.06,"y":249.17,"curve":"stepped"},{"time":0.8333,"x":-368.97,"y":249.17,"curve":"stepped"},{"time":0.8666,"x":-364.27,"y":249.17,"curve":"stepped"},{"time":0.9,"x":-364.27,"y":249.17,"curve":"stepped"},{"time":0.9333,"x":-404.12,"y":249.17,"curve":"stepped"},{"time":0.9666,"x":-410.06,"y":249.17,"curve":"stepped"},{"time":1.8333,"x":-368.97,"y":249.17,"curve":"stepped"},{"time":1.8666,"x":-364.27,"y":249.17,"curve":"stepped"},{"time":1.9,"x":-364.27,"y":249.17,"curve":"stepped"},{"time":1.9333,"x":-404.12,"y":249.17,"curve":"stepped"},{"time":1.9666,"x":-410.06,"y":249.17}],"scale":[{"time":0.6333,"x":1,"y":3.398},{"time":0.6666,"x":0.352,"y":1.987},{"time":0.7,"x":0.835,"y":1.074},{"time":0.7333,"x":1.316,"y":0.506,"curve":"stepped"},{"time":0.8333,"x":1,"y":3.398},{"time":0.8666,"x":0.352,"y":1.987},{"time":0.9,"x":0.835,"y":1.074},{"time":0.9333,"x":1.316,"y":0.506,"curve":"stepped"},{"time":1.8333,"x":1.581,"y":3.623},{"time":1.8666,"x":1.447,"y":1.865},{"time":1.9,"x":2.843,"y":1.553},{"time":1.9333,"x":2.772,"y":0.635}]},"S2_charge1":{"translate":[{"time":1.0666,"x":252.56,"y":237.44}],"scale":[{"time":1.0666,"x":0.3,"y":0.3,"curve":"stepped"},{"time":1.7333,"x":0.3,"y":0.3},{"time":1.8,"x":0.197,"y":0.197}]},"S1_wave1":{"translate":[{"time":0.6333,"x":-217.69,"y":192.49}],"scale":[{"time":0.6333,"x":0.5,"y":0.5}]},"S2_charge2":{"rotate":[{"time":1.2,"angle":-23.72}],"translate":[{"time":1.2,"x":309.39,"y":237}],"scale":[{"time":1.2,"x":0.394,"y":0.394}]},"root":{"translate":[{"time":1.8333,"x":7.25,"y":-13.29}],"scale":[{"time":1.8333,"x":1.196,"y":1.196}]},"S2_dome1":{"scale":[{"time":0.6666,"x":0.595,"y":1}]}}},"1-skill1":{"slots":{"S1_dash1":{"attachment":[{"time":1.1,"name":"images/EF/620_S1_dash1/620_S1_dash1_00038"},{"time":1.1333,"name":"images/EF/620_S1_dash1/620_S1_dash1_00039"},{"time":1.1666,"name":"images/EF/620_S1_dash1/620_S1_dash1_00040"},{"time":1.2,"name":"images/EF/620_S1_dash1/620_S1_dash1_00041"},{"time":1.2333,"name":"images/EF/620_S1_dash1/620_S1_dash1_00042"},{"time":1.2666,"name":"images/EF/620_S1_dash1/620_S1_dash1_00043"},{"time":1.3,"name":"images/EF/620_S1_dash1/620_S1_dash1_00044"},{"time":1.3333,"name":"images/EF/620_S1_dash1/620_S1_dash1_00045"},{"time":1.3666,"name":"images/EF/620_S1_dash1/620_S1_dash1_00046"},{"time":1.4,"name":"images/EF/620_S1_dash1/620_S1_dash1_00047"},{"time":1.4333,"name":"images/EF/620_S1_dash1/620_S1_dash1_00048"},{"time":1.4666,"name":"images/EF/620_S1_dash1/620_S1_dash1_00049"},{"time":1.5,"name":"images/EF/620_S1_dash1/620_S1_dash1_00045"},{"time":1.5333,"name":"images/EF/620_S1_dash1/620_S1_dash1_00046"},{"time":1.5666,"name":"images/EF/620_S1_dash1/620_S1_dash1_00047"},{"time":1.6,"name":"images/EF/620_S1_dash1/620_S1_dash1_00048"},{"time":1.6333,"name":"images/EF/620_S1_dash1/620_S1_dash1_00049"},{"time":1.6666,"name":null}]},"S1_dash1_2":{"attachment":[{"time":1.5,"name":"images/EF/620_S1_dash1/620_S1_dash1_00043"},{"time":1.5333,"name":"images/EF/620_S1_dash1/620_S1_dash1_00044"},{"time":1.5666,"name":"images/EF/620_S1_dash1/620_S1_dash1_00045"},{"time":1.6,"name":"images/EF/620_S1_dash1/620_S1_dash1_00046"},{"time":1.6333,"name":"images/EF/620_S1_dash1/620_S1_dash1_00047"},{"time":1.6666,"name":"images/EF/620_S1_dash1/620_S1_dash1_00048"},{"time":1.7,"name":"images/EF/620_S1_dash1/620_S1_dash1_00049"},{"time":1.7333,"name":null}]},"S1_wave1":{"attachment":[{"time":1.1,"name":"images/EF/570_S1_wave1/570_S1_wave1_00038_1"},{"time":1.1333,"name":"images/EF/570_S1_wave1/570_S1_wave1_00039_1"},{"time":1.1666,"name":"images/EF/570_S1_wave1/570_S1_wave1_00040_1"},{"time":1.2,"name":"images/EF/570_S1_wave1/570_S1_wave1_00041_1"},{"time":1.2333,"name":"images/EF/570_S1_wave1/570_S1_wave1_00042_1"},{"time":1.2666,"name":null},{"time":1.5,"name":null},{"time":1.5333,"name":null},{"time":1.5666,"name":"images/EF/570_S1_wave1/570_S1_wave1_00038_1"},{"time":1.6,"name":"images/EF/570_S1_wave1/570_S1_wave1_00039_1"},{"time":1.6333,"name":"images/EF/570_S1_wave1/570_S1_wave1_00040_1"},{"time":1.6666,"name":"images/EF/570_S1_wave1/570_S1_wave1_00041_1"},{"time":1.7,"name":"images/EF/570_S1_wave1/570_S1_wave1_00042_1"},{"time":1.7333,"name":null}]},"S1_wave1_2":{"attachment":[{"time":1.1333,"name":"images/EF/570_S1_wave1/570_S1_wave1_00038_1"},{"time":1.1666,"name":"images/EF/570_S1_wave1/570_S1_wave1_00039_1"},{"time":1.2,"name":"images/EF/570_S1_wave1/570_S1_wave1_00040_1"},{"time":1.2333,"name":"images/EF/570_S1_wave1/570_S1_wave1_00041_1"},{"time":1.2666,"name":"images/EF/570_S1_wave1/570_S1_wave1_00042_1"},{"time":1.3,"name":null},{"time":1.5,"name":"images/EF/570_S1_wave1/570_S1_wave1_00042_1"},{"time":1.5333,"name":null},{"time":1.6,"name":"images/EF/570_S1_wave1/570_S1_wave1_00038_1"},{"time":1.6333,"name":"images/EF/570_S1_wave1/570_S1_wave1_00039_1"},{"time":1.6666,"name":"images/EF/570_S1_wave1/570_S1_wave1_00040_1"},{"time":1.7,"name":"images/EF/570_S1_wave1/570_S1_wave1_00041_1"},{"time":1.7333,"name":"images/EF/570_S1_wave1/570_S1_wave1_00042_1"},{"time":1.7666,"name":null}]},"S1_wave1_3":{"attachment":[{"time":1.1666,"name":"images/EF/570_S1_wave1/570_S1_wave1_00038_1"},{"time":1.2,"name":"images/EF/570_S1_wave1/570_S1_wave1_00039_1"},{"time":1.2333,"name":"images/EF/570_S1_wave1/570_S1_wave1_00040_1"},{"time":1.2666,"name":"images/EF/570_S1_wave1/570_S1_wave1_00041_1"},{"time":1.3,"name":"images/EF/570_S1_wave1/570_S1_wave1_00042_1"},{"time":1.3333,"name":null},{"time":1.5,"name":"images/EF/570_S1_wave1/570_S1_wave1_00041_1"},{"time":1.5333,"name":"images/EF/570_S1_wave1/570_S1_wave1_00042_1"},{"time":1.5666,"name":null},{"time":1.6333,"name":"images/EF/570_S1_wave1/570_S1_wave1_00038_1"},{"time":1.6666,"name":"images/EF/570_S1_wave1/570_S1_wave1_00039_1"},{"time":1.7,"name":"images/EF/570_S1_wave1/570_S1_wave1_00040_1"},{"time":1.7333,"name":"images/EF/570_S1_wave1/570_S1_wave1_00041_1"},{"time":1.7666,"name":"images/EF/570_S1_wave1/570_S1_wave1_00042_1"},{"time":1.8,"name":null}]},"S2_beam1":{"attachment":[{"time":0.9,"name":null},{"time":1.1,"name":"images/EF/570_S2_beam1/570_S2_beam1_00038"},{"time":1.1333,"name":"images/EF/570_S2_beam1/570_S2_beam1_00039"},{"time":1.2,"name":"images/EF/570_S2_beam1/570_S2_beam1_00043"},{"time":1.2333,"name":"images/EF/570_S2_beam1/570_S2_beam1_00044"},{"time":1.2666,"name":null},{"time":1.5666,"name":"images/EF/570_S2_beam1/570_S2_beam1_00038"},{"time":1.6,"name":"images/EF/570_S2_beam1/570_S2_beam1_00039"},{"time":1.6666,"name":"images/EF/570_S2_beam1/570_S2_beam1_00043"},{"time":1.7,"name":"images/EF/570_S2_beam1/570_S2_beam1_00044"},{"time":1.7333,"name":null}]},"S2_beam1b":{"attachment":[{"time":1.1,"name":"images/EF/620_S2_beam1b/620_S2_beam1b_00038"},{"time":1.1333,"name":"images/EF/620_S2_beam1b/620_S2_beam1b_00039"},{"time":1.1666,"name":"images/EF/620_S2_beam1b/620_S2_beam1b_00040"},{"time":1.2,"name":"images/EF/620_S2_beam1b/620_S2_beam1b_00041"},{"time":1.2333,"name":"images/EF/620_S2_beam1b/620_S2_beam1b_00042"},{"time":1.2666,"name":"images/EF/620_S2_beam1b/620_S2_beam1b_00043"},{"time":1.3,"name":"images/EF/620_S2_beam1b/620_S2_beam1b_00044"},{"time":1.3333,"name":null},{"time":1.5333,"name":"images/EF/620_S2_beam1b/620_S2_beam1b_00039"},{"time":1.5666,"name":"images/EF/620_S2_beam1b/620_S2_beam1b_00040"},{"time":1.6,"name":"images/EF/620_S2_beam1b/620_S2_beam1b_00041"},{"time":1.6333,"name":"images/EF/620_S2_beam1b/620_S2_beam1b_00042"},{"time":1.6666,"name":"images/EF/620_S2_beam1b/620_S2_beam1b_00043"},{"time":1.7,"name":null}]},"S2_charge1":{"attachment":[{"time":0.5333,"name":"images/EF/620_S2_charge1/620_S2_charge1_00051"},{"time":0.6,"name":"images/EF/620_S2_charge1/620_S2_charge1_00052"},{"time":0.6333,"name":"images/EF/620_S2_charge1/620_S2_charge1_00053"},{"time":0.7,"name":"images/EF/620_S2_charge1/620_S2_charge1_00055"},{"time":0.7333,"name":"images/EF/620_S2_charge1/620_S2_charge1_00058"},{"time":0.8,"name":"images/EF/620_S2_charge1/620_S2_charge1_00059"},{"time":0.8333,"name":"images/EF/620_S2_charge1/620_S2_charge1_00060"},{"time":0.8666,"name":"images/EF/620_S2_charge1/620_S2_charge1_00062"},{"time":0.9333,"name":"images/EF/620_S2_charge1/620_S2_charge1_00063"},{"time":0.9666,"name":"images/EF/620_S2_charge1/620_S2_charge1_00064"}],"color":[{"time":0.5333,"color":"ffffff00"},{"time":0.6666,"color":"ffffffff","curve":[0.893,0,0.75,1]},{"time":0.9666,"color":"ffffff00"}]},"S2_shine1":{"attachment":[{"time":1.1,"name":"images/EF/620_S2_shine1/620_S2_shine1_00038"},{"time":1.1666,"name":"images/EF/620_S2_shine1/620_S2_shine1_00040"},{"time":1.2,"name":"images/EF/620_S2_shine1/620_S2_shine1_00041"},{"time":1.2333,"name":"images/EF/620_S2_shine1/620_S2_shine1_00042"},{"time":1.2666,"name":"images/EF/620_S2_shine1/620_S2_shine1_00043"},{"time":1.3,"name":null},{"time":1.5,"name":"images/EF/620_S2_shine1/620_S2_shine1_00043"},{"time":1.5333,"name":"images/EF/620_S2_shine1/620_S2_shine1_00038"},{"time":1.5666,"name":"images/EF/620_S2_shine1/620_S2_shine1_00038"},{"time":1.6333,"name":"images/EF/620_S2_shine1/620_S2_shine1_00040"},{"time":1.6666,"name":"images/EF/620_S2_shine1/620_S2_shine1_00041"},{"time":1.7,"name":"images/EF/620_S2_shine1/620_S2_shine1_00042"},{"time":1.7333,"name":"images/EF/620_S2_shine1/620_S2_shine1_00043"},{"time":1.7666,"name":null}]},"S2_shine1_2":{"attachment":[{"time":1.1,"name":"images/EF/620_S2_shine1/620_S2_shine1_00038"},{"time":1.1666,"name":"images/EF/620_S2_shine1/620_S2_shine1_00040"},{"time":1.2,"name":"images/EF/620_S2_shine1/620_S2_shine1_00041"},{"time":1.2333,"name":"images/EF/620_S2_shine1/620_S2_shine1_00042"},{"time":1.2666,"name":"images/EF/620_S2_shine1/620_S2_shine1_00043"},{"time":1.3,"name":null},{"time":1.5,"name":"images/EF/620_S2_shine1/620_S2_shine1_00043"},{"time":1.5333,"name":null},{"time":1.5666,"name":"images/EF/620_S2_shine1/620_S2_shine1_00038"},{"time":1.6333,"name":"images/EF/620_S2_shine1/620_S2_shine1_00040"},{"time":1.6666,"name":"images/EF/620_S2_shine1/620_S2_shine1_00041"},{"time":1.7,"name":"images/EF/620_S2_shine1/620_S2_shine1_00042"},{"time":1.7333,"name":"images/EF/620_S2_shine1/620_S2_shine1_00043"},{"time":1.7666,"name":null}]}},"bones":{"S1_dash1":{"translate":[{"time":1.1,"x":-13.33,"y":-71.36}]},"S1_wave1":{"translate":[{"time":1.1,"x":-352.38,"y":193.86},{"time":1.6666,"x":-349.38,"y":193.86}],"scale":[{"time":1.1,"x":0.5,"y":0.5}]},"S2_beam1":{"translate":[{"time":1.1,"x":-368.97,"y":249.17,"curve":"stepped"},{"time":1.1333,"x":-364.27,"y":249.17,"curve":"stepped"},{"time":1.1666,"x":-364.27,"y":249.17,"curve":"stepped"},{"time":1.2,"x":-404.12,"y":249.17,"curve":"stepped"},{"time":1.2333,"x":-410.06,"y":249.17,"curve":"stepped"},{"time":1.5666,"x":-368.97,"y":249.17,"curve":"stepped"},{"time":1.6,"x":-364.27,"y":249.17,"curve":"stepped"},{"time":1.6333,"x":-364.27,"y":249.17,"curve":"stepped"},{"time":1.6666,"x":-404.12,"y":249.17,"curve":"stepped"},{"time":1.7,"x":-410.06,"y":249.17}],"scale":[{"time":1.1,"x":1,"y":3.398},{"time":1.1333,"x":0.352,"y":1.987},{"time":1.1666,"x":0.835,"y":1.074},{"time":1.2,"x":1.316,"y":0.506,"curve":"stepped"},{"time":1.5666,"x":1.581,"y":3.623},{"time":1.6,"x":1.447,"y":1.865},{"time":1.6333,"x":2.843,"y":1.553},{"time":1.6666,"x":2.772,"y":0.635}]},"S2_beam1b":{"translate":[{"time":1.1,"x":44.99,"y":197.2}]},"S2_charge1":{"translate":[{"time":0.5333,"x":253,"y":237.6}],"scale":[{"time":0.5333,"x":2.526,"y":2.526,"curve":[0.222,0.3,0.75,1]},{"time":0.8666,"x":0.824,"y":0.824,"curve":"stepped"},{"time":0.9666,"x":0.771,"y":0.771}]},"S2_dome1":{"translate":[{"time":1.1,"x":98.99,"y":0}]},"S2_shine1":{"translate":[{"time":1.1,"x":190.93,"y":-54.44}]},"S1_dash1_2":{"translate":[{"time":1.3333,"x":-71.48,"y":-70.49}]},"S1_wave1_2":{"translate":[{"time":1.1333,"x":-466.51,"y":194.36}],"scale":[{"time":1.1333,"x":0.5,"y":0.5}]},"S1_wave1_3":{"translate":[{"time":1.1666,"x":-578.51,"y":194.36}],"scale":[{"time":1.1666,"x":0.5,"y":0.5}]},"S2_shine1_2":{"rotate":[{"time":1.1,"angle":90}],"translate":[{"time":1.1,"x":356.73,"y":-54.43}]}}},"1-skill2":{"slots":{"S1_dash1":{"attachment":[{"time":1.1,"name":"images/EF/620_S1_dash1/620_S1_dash1_00038"},{"time":1.1333,"name":"images/EF/620_S1_dash1/620_S1_dash1_00039"},{"time":1.1666,"name":"images/EF/620_S1_dash1/620_S1_dash1_00040"},{"time":1.2,"name":"images/EF/620_S1_dash1/620_S1_dash1_00041"},{"time":1.2333,"name":"images/EF/620_S1_dash1/620_S1_dash1_00042"},{"time":1.2666,"name":"images/EF/620_S1_dash1/620_S1_dash1_00043"},{"time":1.3,"name":"images/EF/620_S1_dash1/620_S1_dash1_00044"},{"time":1.3333,"name":"images/EF/620_S1_dash1/620_S1_dash1_00045"},{"time":1.3666,"name":"images/EF/620_S1_dash1/620_S1_dash1_00046"},{"time":1.4,"name":"images/EF/620_S1_dash1/620_S1_dash1_00047"},{"time":1.4333,"name":"images/EF/620_S1_dash1/620_S1_dash1_00048"},{"time":1.4666,"name":"images/EF/620_S1_dash1/620_S1_dash1_00049"},{"time":1.5,"name":null}]},"S1_dusty1":{"attachment":[{"time":1.6333,"name":"images/EF/320_S1_dusty1/320_S1_dusty1_00038"},{"time":1.6666,"name":"images/EF/320_S1_dusty1/320_S1_dusty1_00039"},{"time":1.7,"name":"images/EF/320_S1_dusty1/320_S1_dusty1_00040"},{"time":1.7333,"name":"images/EF/320_S1_dusty1/320_S1_dusty1_00041"},{"time":1.7666,"name":"images/EF/320_S1_dusty1/320_S1_dusty1_00042"},{"time":1.8333,"name":"images/EF/320_S1_dusty1/320_S1_dusty1_00044"},{"time":1.9,"name":"images/EF/320_S1_dusty1/320_S1_dusty1_00046"},{"time":1.9666,"name":"images/EF/320_S1_dusty1/320_S1_dusty1_00048"},{"time":2.0333,"name":"images/EF/320_S1_dusty1/320_S1_dusty1_00050"},{"time":2.1,"name":"images/EF/320_S1_dusty1/320_S1_dusty1_00052"},{"time":2.1333,"name":"images/EF/320_S1_dusty1/320_S1_dusty1_00053"},{"time":2.1666,"name":"images/EF/320_S1_dusty1/320_S1_dusty1_00054"},{"time":2.2333,"name":null}]},"S1_dusty2":{"attachment":[{"time":1.7666,"name":"images/EF/320_S1_dusty1/320_S1_dusty1_00038"},{"time":1.8,"name":"images/EF/320_S1_dusty1/320_S1_dusty1_00039"},{"time":1.8333,"name":"images/EF/320_S1_dusty1/320_S1_dusty1_00040"},{"time":1.8666,"name":"images/EF/320_S1_dusty1/320_S1_dusty1_00041"},{"time":1.9,"name":"images/EF/320_S1_dusty1/320_S1_dusty1_00042"},{"time":1.9666,"name":"images/EF/320_S1_dusty1/320_S1_dusty1_00044"},{"time":2.0333,"name":"images/EF/320_S1_dusty1/320_S1_dusty1_00046"},{"time":2.1,"name":"images/EF/320_S1_dusty1/320_S1_dusty1_00048"},{"time":2.1666,"name":"images/EF/320_S1_dusty1/320_S1_dusty1_00050"},{"time":2.2333,"name":"images/EF/320_S1_dusty1/320_S1_dusty1_00052"},{"time":2.2666,"name":"images/EF/320_S1_dusty1/320_S1_dusty1_00053"},{"time":2.3,"name":"images/EF/320_S1_dusty1/320_S1_dusty1_00054"},{"time":2.3666,"name":null}]},"S1_wave1":{"attachment":[{"time":1.1,"name":"images/EF/570_S1_wave1/570_S1_wave1_00038_1"},{"time":1.1333,"name":"images/EF/570_S1_wave1/570_S1_wave1_00039_1"},{"time":1.1666,"name":"images/EF/570_S1_wave1/570_S1_wave1_00040_1"},{"time":1.2,"name":"images/EF/570_S1_wave1/570_S1_wave1_00041_1"},{"time":1.2333,"name":"images/EF/570_S1_wave1/570_S1_wave1_00042_1"},{"time":1.2666,"name":null}]},"S1_wave1_2":{"attachment":[{"time":1.1333,"name":"images/EF/570_S1_wave1/570_S1_wave1_00038_1"},{"time":1.1666,"name":"images/EF/570_S1_wave1/570_S1_wave1_00039_1"},{"time":1.2,"name":"images/EF/570_S1_wave1/570_S1_wave1_00040_1"},{"time":1.2333,"name":"images/EF/570_S1_wave1/570_S1_wave1_00041_1"},{"time":1.2666,"name":"images/EF/570_S1_wave1/570_S1_wave1_00042_1"},{"time":1.3,"name":null}]},"S1_wave1_3":{"attachment":[{"time":1.1666,"name":"images/EF/570_S1_wave1/570_S1_wave1_00038_1"},{"time":1.2,"name":"images/EF/570_S1_wave1/570_S1_wave1_00039_1"},{"time":1.2333,"name":"images/EF/570_S1_wave1/570_S1_wave1_00040_1"},{"time":1.2666,"name":"images/EF/570_S1_wave1/570_S1_wave1_00041_1"},{"time":1.3,"name":"images/EF/570_S1_wave1/570_S1_wave1_00042_1"},{"time":1.3333,"name":null}]},"S2_beam1":{"attachment":[{"time":1.1,"name":"images/EF/570_S2_beam1/570_S2_beam1_00038"},{"time":1.1333,"name":"images/EF/570_S2_beam1/570_S2_beam1_00039"},{"time":1.1666,"name":"images/EF/570_S2_beam1/570_S2_beam1_00041"},{"time":1.2333,"name":"images/EF/570_S2_beam1/570_S2_beam1_00042"},{"time":1.2666,"name":"images/EF/570_S2_beam1/570_S2_beam1_00043"},{"time":1.3,"name":"images/EF/570_S2_beam1/570_S2_beam1_00044"},{"time":1.3333,"name":null}]},"S2_beam1b":{"attachment":[{"time":1.1,"name":"images/EF/620_S2_beam1b/620_S2_beam1b_00038"},{"time":1.1333,"name":"images/EF/620_S2_beam1b/620_S2_beam1b_00039"},{"time":1.1666,"name":"images/EF/620_S2_beam1b/620_S2_beam1b_00040"},{"time":1.2,"name":"images/EF/620_S2_beam1b/620_S2_beam1b_00041"},{"time":1.2333,"name":"images/EF/620_S2_beam1b/620_S2_beam1b_00042"},{"time":1.2666,"name":"images/EF/620_S2_beam1b/620_S2_beam1b_00043"},{"time":1.3,"name":"images/EF/620_S2_beam1b/620_S2_beam1b_00044"},{"time":1.3333,"name":null}]},"S2_charge1":{"attachment":[{"time":0.2666,"name":"images/EF/620_S2_charge1/620_S2_charge1_00051"},{"time":0.4666,"name":"images/EF/620_S2_charge1/620_S2_charge1_00052"},{"time":0.5,"name":"images/EF/620_S2_charge1/620_S2_charge1_00053"},{"time":0.5666,"name":"images/EF/620_S2_charge1/620_S2_charge1_00055"},{"time":0.6666,"name":"images/EF/620_S2_charge1/620_S2_charge1_00058"},{"time":0.7,"name":"images/EF/620_S2_charge1/620_S2_charge1_00059"},{"time":0.7333,"name":"images/EF/620_S2_charge1/620_S2_charge1_00060"},{"time":0.8,"name":"images/EF/620_S2_charge1/620_S2_charge1_00062"},{"time":0.8333,"name":"images/EF/620_S2_charge1/620_S2_charge1_00063"},{"time":0.8666,"name":"images/EF/620_S2_charge1/620_S2_charge1_00064"},{"time":1.1,"name":null}],"color":[{"time":0.2666,"color":"ffffff00"},{"time":0.4666,"color":"ffffffff","curve":"stepped"},{"time":0.9,"color":"ffffffff"},{"time":1.0666,"color":"ffffffb7"}]},"S2_dome1":{"attachment":[{"time":1.6333,"name":"images/EF/570_S2_dome1/570_S2_dome1_00038"},{"time":1.6666,"name":"images/EF/570_S2_dome1/570_S2_dome1_00039"},{"time":1.7,"name":"images/EF/570_S2_dome1/570_S2_dome1_00040"},{"time":1.7666,"name":"images/EF/570_S2_dome1/570_S2_dome1_00042"},{"time":1.8,"name":"images/EF/570_S2_dome1/570_S2_dome1_00043"},{"time":1.8666,"name":"images/EF/570_S2_dome1/570_S2_dome1_00045"},{"time":1.9333,"name":"images/EF/570_S2_dome1/570_S2_dome1_00047"},{"time":1.9666,"name":"images/EF/570_S2_dome1/570_S2_dome1_00048"},{"time":2,"name":"images/EF/570_S2_dome1/570_S2_dome1_00049"},{"time":2.0666,"name":null}]},"S2_dome1_2":{"attachment":[{"time":1.7666,"name":"images/EF/570_S2_dome1/570_S2_dome1_00038"},{"time":1.8,"name":"images/EF/570_S2_dome1/570_S2_dome1_00039"},{"time":1.8333,"name":"images/EF/570_S2_dome1/570_S2_dome1_00040"},{"time":1.9,"name":"images/EF/570_S2_dome1/570_S2_dome1_00042"},{"time":1.9333,"name":"images/EF/570_S2_dome1/570_S2_dome1_00043"},{"time":2,"name":"images/EF/570_S2_dome1/570_S2_dome1_00045"},{"time":2.0666,"name":"images/EF/570_S2_dome1/570_S2_dome1_00047"},{"time":2.1,"name":"images/EF/570_S2_dome1/570_S2_dome1_00048"},{"time":2.1333,"name":"images/EF/570_S2_dome1/570_S2_dome1_00049"},{"time":2.2,"name":null}]},"S2_shine1":{"attachment":[{"time":1.1,"name":"images/EF/620_S2_shine1/620_S2_shine1_00038"},{"time":1.1666,"name":"images/EF/620_S2_shine1/620_S2_shine1_00040"},{"time":1.2,"name":"images/EF/620_S2_shine1/620_S2_shine1_00041"},{"time":1.2333,"name":"images/EF/620_S2_shine1/620_S2_shine1_00042"},{"time":1.2666,"name":"images/EF/620_S2_shine1/620_S2_shine1_00043"},{"time":1.3,"name":null}]},"S2_shine1_2":{"attachment":[{"time":1.1,"name":"images/EF/620_S2_shine1/620_S2_shine1_00038"},{"time":1.1666,"name":"images/EF/620_S2_shine1/620_S2_shine1_00040"},{"time":1.2,"name":"images/EF/620_S2_shine1/620_S2_shine1_00041"},{"time":1.2333,"name":"images/EF/620_S2_shine1/620_S2_shine1_00042"},{"time":1.2666,"name":"images/EF/620_S2_shine1/620_S2_shine1_00043"},{"time":1.3,"name":null}]}},"bones":{"S2_shine1":{"translate":[{"time":1.1,"x":133.27,"y":-53.92}],"scale":[{"time":1.1,"x":1.2,"y":1.2}]},"S2_shine1_2":{"rotate":[{"time":1.1,"angle":90}],"translate":[{"time":1.1,"x":299.07,"y":-53.91}],"scale":[{"time":1.1,"x":1.2,"y":1.2}]},"S1_dash1":{"translate":[{"time":1.1,"x":-19.83,"y":-71.88}]},"S1_dusty1":{"translate":[{"time":1.6333,"x":-617.27,"y":-197.87}],"scale":[{"time":1.6333,"x":2,"y":2}]},"S1_wave1":{"translate":[{"time":1.1,"x":-412.68,"y":193.55}],"scale":[{"time":1.1,"x":0.8,"y":0.8}]},"S1_wave1_2":{"translate":[{"time":1.1333,"x":-541.32,"y":195.2}],"scale":[{"time":1.1333,"x":0.8,"y":0.8}]},"S1_wave1_3":{"translate":[{"time":1.1666,"x":-674,"y":189.55}],"scale":[{"time":1.1666,"x":0.8,"y":0.8}]},"S2_beam1":{"translate":[{"time":1.1,"x":-470.93,"y":247.2,"curve":"stepped"},{"time":1.1333,"x":-460.94,"y":247.2,"curve":"stepped"},{"time":1.1666,"x":-465.97,"y":247.2,"curve":"stepped"},{"time":1.2,"x":-472.28,"y":247.2,"curve":"stepped"},{"time":1.2333,"x":-472.28,"y":247.2,"curve":"stepped"},{"time":1.3,"x":-625.85,"y":247.2},{"time":1.3333,"x":-705.05,"y":247.2}],"scale":[{"time":1.1,"x":1.695,"y":6.126},{"time":1.1333,"x":0.599,"y":3.449},{"time":1.1666,"x":1.252,"y":1.2},{"time":1.2,"x":1.85,"y":0.437},{"time":1.2333,"x":1.887,"y":0.231,"curve":"stepped"},{"time":1.3,"x":1.32,"y":1},{"time":1.3333,"x":1.036,"y":1.2}]},"S2_beam1b":{"translate":[{"time":1.1,"x":11.37,"y":197.71}],"scale":[{"time":1.1,"x":1.2,"y":1.2}]},"S2_charge1":{"translate":[{"time":0.2666,"x":290.01,"y":229.34,"curve":"stepped"},{"time":0.8666,"x":290.01,"y":229.34},{"time":1,"x":292.06,"y":226.74}],"scale":[{"time":0.8666,"x":1,"y":1},{"time":1,"x":0.151,"y":0.151}]},"S2_dome1":{"translate":[{"time":1.6333,"x":-121.47,"y":-109.8}],"scale":[{"time":1.6333,"x":1.3,"y":1.3}]},"root":{"translate":[{"time":1.1,"x":0,"y":0}]},"S2_dome1_2":{"translate":[{"time":1.7666,"x":-271.06,"y":-117.73}],"scale":[{"time":1.7666,"x":1.3,"y":1.3}]},"S1_dusty1_2":{"translate":[{"time":1.7666,"x":-721.04,"y":-117.59}],"scale":[{"time":1.7666,"x":1.3,"y":1.3},{"time":1.8666,"x":2,"y":2}]}}},"2-attack1":{"slots":{"S1_wave1":{"attachment":[{"time":0.6333,"name":"images/EF/570_S1_wave1/570_S1_wave1_00038_1"},{"time":0.6666,"name":"images/EF/570_S1_wave1/570_S1_wave1_00039_1"},{"time":0.7,"name":"images/EF/570_S1_wave1/570_S1_wave1_00040_1"},{"time":0.7333,"name":"images/EF/570_S1_wave1/570_S1_wave1_00041_1"},{"time":0.7666,"name":"images/EF/570_S1_wave1/570_S1_wave1_00042_1"},{"time":0.8,"name":null},{"time":1.3,"name":"images/EF/570_S1_wave1/570_S1_wave1_00038_1"},{"time":1.3333,"name":"images/EF/570_S1_wave1/570_S1_wave1_00039_1"},{"time":1.3666,"name":"images/EF/570_S1_wave1/570_S1_wave1_00040_1"},{"time":1.4,"name":"images/EF/570_S1_wave1/570_S1_wave1_00041_1"},{"time":1.4333,"name":"images/EF/570_S1_wave1/570_S1_wave1_00042_1"},{"time":1.4666,"name":null},{"time":1.6333,"name":"images/EF/570_S1_wave1/570_S1_wave1_00038_1"},{"time":1.6666,"name":"images/EF/570_S1_wave1/570_S1_wave1_00039_1"},{"time":1.7,"name":"images/EF/570_S1_wave1/570_S1_wave1_00040_1"},{"time":1.7333,"name":"images/EF/570_S1_wave1/570_S1_wave1_00041_1"},{"time":1.7666,"name":"images/EF/570_S1_wave1/570_S1_wave1_00042_1"},{"time":1.8,"name":null}]},"S1_wave1_2":{"attachment":[{"time":0.6333,"name":null}]},"S2_beam1":{"attachment":[{"time":0.6333,"name":"images/EF/570_S2_beam1/570_S2_beam1_00038"},{"time":0.6666,"name":"images/EF/570_S2_beam1/570_S2_beam1_00039"},{"time":0.7333,"name":"images/EF/570_S2_beam1/570_S2_beam1_00043"},{"time":0.7666,"name":"images/EF/570_S2_beam1/570_S2_beam1_00044"},{"time":0.8,"name":null},{"time":1.3,"name":"images/EF/570_S2_beam1/570_S2_beam1_00038"},{"time":1.3333,"name":"images/EF/570_S2_beam1/570_S2_beam1_00039"},{"time":1.4,"name":"images/EF/570_S2_beam1/570_S2_beam1_00043"},{"time":1.4333,"name":"images/EF/570_S2_beam1/570_S2_beam1_00044"},{"time":1.4666,"name":null},{"time":1.6333,"name":"images/EF/570_S2_beam1/570_S2_beam1_00038"},{"time":1.6666,"name":"images/EF/570_S2_beam1/570_S2_beam1_00039"},{"time":1.7333,"name":"images/EF/570_S2_beam1/570_S2_beam1_00043"},{"time":1.7666,"name":"images/EF/570_S2_beam1/570_S2_beam1_00044"},{"time":1.8,"name":null}]},"S2_beam1b":{"attachment":[{"time":0.6333,"name":null}]},"S2_charge1":{"attachment":[{"time":0.9,"name":"images/EF/620_S2_charge1/620_S2_charge1_00051"},{"time":0.9333,"name":"images/EF/620_S2_charge1/620_S2_charge1_00052"},{"time":0.9666,"name":"images/EF/620_S2_charge1/620_S2_charge1_00053"},{"time":1.0333,"name":"images/EF/620_S2_charge1/620_S2_charge1_00055"},{"time":1.1333,"name":"images/EF/620_S2_charge1/620_S2_charge1_00058"},{"time":1.1666,"name":"images/EF/620_S2_charge1/620_S2_charge1_00059"},{"time":1.2,"name":"images/EF/620_S2_charge1/620_S2_charge1_00060"},{"time":1.2666,"name":"images/EF/620_S2_charge1/620_S2_charge1_00062"},{"time":1.3,"name":"images/EF/620_S2_charge1/620_S2_charge1_00063"},{"time":1.3333,"name":"images/EF/620_S2_charge1/620_S2_charge1_00064"},{"time":1.7333,"name":null}]}},"bones":{"S2_beam1":{"translate":[{"time":0.6333,"x":-368.97,"y":249.17,"curve":"stepped"},{"time":0.6666,"x":-364.27,"y":249.17,"curve":"stepped"},{"time":0.7,"x":-364.27,"y":249.17,"curve":"stepped"},{"time":0.7333,"x":-404.12,"y":249.17,"curve":"stepped"},{"time":0.7666,"x":-410.06,"y":249.17,"curve":"stepped"},{"time":1.3,"x":-368.97,"y":249.17,"curve":"stepped"},{"time":1.3333,"x":-364.27,"y":249.17,"curve":"stepped"},{"time":1.3666,"x":-364.27,"y":249.17,"curve":"stepped"},{"time":1.4,"x":-404.12,"y":249.17,"curve":"stepped"},{"time":1.4333,"x":-410.06,"y":249.17,"curve":"stepped"},{"time":1.6333,"x":-368.97,"y":249.17,"curve":"stepped"},{"time":1.6666,"x":-364.27,"y":249.17,"curve":"stepped"},{"time":1.7,"x":-364.27,"y":249.17,"curve":"stepped"},{"time":1.7333,"x":-404.12,"y":249.17,"curve":"stepped"},{"time":1.7666,"x":-410.06,"y":249.17}],"scale":[{"time":0.6333,"x":1,"y":3.398},{"time":0.6666,"x":0.352,"y":1.987},{"time":0.7,"x":0.835,"y":1.074},{"time":0.7333,"x":1.111,"y":0.506,"curve":"stepped"},{"time":1.3,"x":1,"y":3.398},{"time":1.3333,"x":0.352,"y":1.987},{"time":1.3666,"x":0.835,"y":1.074},{"time":1.4,"x":1.111,"y":0.506,"curve":"stepped"},{"time":1.6333,"x":1,"y":3.398},{"time":1.6666,"x":0.352,"y":1.987},{"time":1.7,"x":0.835,"y":1.074},{"time":1.7333,"x":1.111,"y":0.506}]},"S2_charge1":{"translate":[{"time":0.9,"x":252.56,"y":237.44}],"scale":[{"time":0.9,"x":0.3,"y":0.3}]},"S1_wave1":{"translate":[{"time":0.6333,"x":-217.69,"y":192.49}]}}},"2-skill1":{"slots":{"S1_beam1":{"attachment":[{"time":0,"name":null},{"time":1.1,"name":"images/EF/570_S1_beam1/570_S1_beam1_00038"},{"time":1.1333,"name":"images/EF/570_S1_beam1/570_S1_beam1_00039"},{"time":1.1666,"name":"images/EF/570_S1_beam1/570_S1_beam1_00040"},{"time":1.2,"name":"images/EF/570_S1_beam1/570_S1_beam1_00041"},{"time":1.2333,"name":"images/EF/570_S1_beam1/570_S1_beam1_00042"},{"time":1.2666,"name":"images/EF/570_S1_beam1/570_S1_beam1_00043"},{"time":1.3,"name":"images/EF/570_S1_beam1/570_S1_beam1_00044"},{"time":1.3333,"name":"images/EF/570_S1_beam1/570_S1_beam1_00045"},{"time":1.3666,"name":"images/EF/570_S1_beam1/570_S1_beam1_00046"},{"time":1.4,"name":"images/EF/570_S1_beam1/570_S1_beam1_00047"},{"time":1.4333,"name":"images/EF/570_S1_beam1/570_S1_beam1_00048"},{"time":1.4666,"name":"images/EF/570_S1_beam1/570_S1_beam1_00049"},{"time":1.5,"name":"images/EF/570_S1_beam1/570_S1_beam1_00050"},{"time":1.5333,"name":"images/EF/570_S1_beam1/570_S1_beam1_00051"},{"time":1.5666,"name":"images/EF/570_S1_beam1/570_S1_beam1_00052"},{"time":1.6,"name":"images/EF/570_S1_beam1/570_S1_beam1_00047"},{"time":1.6333,"name":"images/EF/570_S1_beam1/570_S1_beam1_00050"},{"time":1.7666,"name":null}],"color":[{"time":1.2666,"color":"ffffffff"},{"time":1.3,"color":"ffffff95","curve":"stepped"},{"time":1.3333,"color":"ffffffff","curve":"stepped"},{"time":1.4666,"color":"ffffffff"},{"time":1.5,"color":"ffffff95","curve":"stepped"},{"time":1.5333,"color":"ffffffff","curve":"stepped"},{"time":1.6666,"color":"ffffffff"},{"time":1.7333,"color":"ffffff64"}]},"S1_dash1":{"attachment":[{"time":0,"name":null},{"time":1.1,"name":"images/EF/620_S1_dash1/620_S1_dash1_00038"},{"time":1.1333,"name":"images/EF/620_S1_dash1/620_S1_dash1_00039"},{"time":1.1666,"name":"images/EF/620_S1_dash1/620_S1_dash1_00040"},{"time":1.2,"name":"images/EF/620_S1_dash1/620_S1_dash1_00041"},{"time":1.2333,"name":"images/EF/620_S1_dash1/620_S1_dash1_00042"},{"time":1.2666,"name":"images/EF/620_S1_dash1/620_S1_dash1_00043"},{"time":1.3,"name":"images/EF/620_S1_dash1/620_S1_dash1_00044"},{"time":1.3333,"name":"images/EF/620_S1_dash1/620_S1_dash1_00045"},{"time":1.3666,"name":"images/EF/620_S1_dash1/620_S1_dash1_00046"},{"time":1.4,"name":"images/EF/620_S1_dash1/620_S1_dash1_00047"},{"time":1.4333,"name":"images/EF/620_S1_dash1/620_S1_dash1_00048"},{"time":1.4666,"name":"images/EF/620_S1_dash1/620_S1_dash1_00049"},{"time":1.5,"name":null},{"time":1.5333,"name":"images/EF/620_S1_dash1/620_S1_dash1_00038"},{"time":1.5666,"name":"images/EF/620_S1_dash1/620_S1_dash1_00039"},{"time":1.6,"name":"images/EF/620_S1_dash1/620_S1_dash1_00040"},{"time":1.6333,"name":"images/EF/620_S1_dash1/620_S1_dash1_00041"},{"time":1.6666,"name":"images/EF/620_S1_dash1/620_S1_dash1_00042"},{"time":1.7,"name":"images/EF/620_S1_dash1/620_S1_dash1_00043"},{"time":1.7333,"name":"images/EF/620_S1_dash1/620_S1_dash1_00044"},{"time":1.7666,"name":"images/EF/620_S1_dash1/620_S1_dash1_00045"},{"time":1.8,"name":"images/EF/620_S1_dash1/620_S1_dash1_00046"},{"time":1.8333,"name":"images/EF/620_S1_dash1/620_S1_dash1_00047"},{"time":1.8666,"name":"images/EF/620_S1_dash1/620_S1_dash1_00048"},{"time":1.9,"name":"images/EF/620_S1_dash1/620_S1_dash1_00049"},{"time":1.9333,"name":null}]},"S1_dash1_2":{"attachment":[{"time":0,"name":null},{"time":1.3333,"name":"images/EF/620_S1_dash1/620_S1_dash1_00038"},{"time":1.3666,"name":"images/EF/620_S1_dash1/620_S1_dash1_00039"},{"time":1.4,"name":"images/EF/620_S1_dash1/620_S1_dash1_00040"},{"time":1.4333,"name":"images/EF/620_S1_dash1/620_S1_dash1_00041"},{"time":1.4666,"name":"images/EF/620_S1_dash1/620_S1_dash1_00042"},{"time":1.5,"name":"images/EF/620_S1_dash1/620_S1_dash1_00043"},{"time":1.5333,"name":"images/EF/620_S1_dash1/620_S1_dash1_00044"},{"time":1.5666,"name":"images/EF/620_S1_dash1/620_S1_dash1_00045"},{"time":1.6,"name":"images/EF/620_S1_dash1/620_S1_dash1_00046"},{"time":1.6333,"name":"images/EF/620_S1_dash1/620_S1_dash1_00047"},{"time":1.6666,"name":"images/EF/620_S1_dash1/620_S1_dash1_00048"},{"time":1.7,"name":"images/EF/620_S1_dash1/620_S1_dash1_00049"},{"time":1.7333,"name":null}]},"S1_dusty1":{"attachment":[{"time":0,"name":null}]},"S1_dusty2":{"attachment":[{"time":0,"name":null}]},"S1_dusty3":{"attachment":[{"time":0,"name":null}]},"S1_dusty4":{"attachment":[{"time":0,"name":null}]},"S1_wave1":{"attachment":[{"time":0,"name":null},{"time":1.1,"name":"images/EF/570_S1_wave1/570_S1_wave1_00038_1"},{"time":1.1333,"name":"images/EF/570_S1_wave1/570_S1_wave1_00039_1"},{"time":1.1666,"name":"images/EF/570_S1_wave1/570_S1_wave1_00040_1"},{"time":1.2,"name":"images/EF/570_S1_wave1/570_S1_wave1_00041_1"},{"time":1.2333,"name":"images/EF/570_S1_wave1/570_S1_wave1_00042_1"},{"time":1.2666,"name":null},{"time":1.3333,"name":"images/EF/570_S1_wave1/570_S1_wave1_00038_1"},{"time":1.3666,"name":"images/EF/570_S1_wave1/570_S1_wave1_00039_1"},{"time":1.4,"name":"images/EF/570_S1_wave1/570_S1_wave1_00040_1"},{"time":1.4333,"name":"images/EF/570_S1_wave1/570_S1_wave1_00041_1"},{"time":1.4666,"name":"images/EF/570_S1_wave1/570_S1_wave1_00042_1"},{"time":1.5,"name":null},{"time":1.5333,"name":null},{"time":1.5666,"name":"images/EF/570_S1_wave1/570_S1_wave1_00038_1"},{"time":1.6,"name":"images/EF/570_S1_wave1/570_S1_wave1_00039_1"},{"time":1.6333,"name":"images/EF/570_S1_wave1/570_S1_wave1_00040_1"},{"time":1.6666,"name":"images/EF/570_S1_wave1/570_S1_wave1_00041_1"},{"time":1.7,"name":"images/EF/570_S1_wave1/570_S1_wave1_00042_1"},{"time":1.7333,"name":null}]},"S1_wave1_2":{"attachment":[{"time":0,"name":null},{"time":1.1333,"name":"images/EF/570_S1_wave1/570_S1_wave1_00038_1"},{"time":1.1666,"name":"images/EF/570_S1_wave1/570_S1_wave1_00039_1"},{"time":1.2,"name":"images/EF/570_S1_wave1/570_S1_wave1_00040_1"},{"time":1.2333,"name":"images/EF/570_S1_wave1/570_S1_wave1_00041_1"},{"time":1.2666,"name":"images/EF/570_S1_wave1/570_S1_wave1_00042_1"},{"time":1.3,"name":null},{"time":1.3666,"name":"images/EF/570_S1_wave1/570_S1_wave1_00038_1"},{"time":1.4,"name":"images/EF/570_S1_wave1/570_S1_wave1_00039_1"},{"time":1.4333,"name":"images/EF/570_S1_wave1/570_S1_wave1_00040_1"},{"time":1.4666,"name":"images/EF/570_S1_wave1/570_S1_wave1_00041_1"},{"time":1.5,"name":"images/EF/570_S1_wave1/570_S1_wave1_00042_1"},{"time":1.5333,"name":null},{"time":1.6,"name":"images/EF/570_S1_wave1/570_S1_wave1_00038_1"},{"time":1.6333,"name":"images/EF/570_S1_wave1/570_S1_wave1_00039_1"},{"time":1.6666,"name":"images/EF/570_S1_wave1/570_S1_wave1_00040_1"},{"time":1.7,"name":"images/EF/570_S1_wave1/570_S1_wave1_00041_1"},{"time":1.7333,"name":"images/EF/570_S1_wave1/570_S1_wave1_00042_1"},{"time":1.7666,"name":null}]},"S1_wave1_3":{"attachment":[{"time":0,"name":null},{"time":1.1666,"name":"images/EF/570_S1_wave1/570_S1_wave1_00038_1"},{"time":1.2,"name":"images/EF/570_S1_wave1/570_S1_wave1_00039_1"},{"time":1.2333,"name":"images/EF/570_S1_wave1/570_S1_wave1_00040_1"},{"time":1.2666,"name":"images/EF/570_S1_wave1/570_S1_wave1_00041_1"},{"time":1.3,"name":"images/EF/570_S1_wave1/570_S1_wave1_00042_1"},{"time":1.3333,"name":null},{"time":1.4,"name":"images/EF/570_S1_wave1/570_S1_wave1_00038_1"},{"time":1.4333,"name":"images/EF/570_S1_wave1/570_S1_wave1_00039_1"},{"time":1.4666,"name":"images/EF/570_S1_wave1/570_S1_wave1_00040_1"},{"time":1.5,"name":"images/EF/570_S1_wave1/570_S1_wave1_00041_1"},{"time":1.5333,"name":"images/EF/570_S1_wave1/570_S1_wave1_00042_1"},{"time":1.5666,"name":null},{"time":1.6333,"name":"images/EF/570_S1_wave1/570_S1_wave1_00038_1"},{"time":1.6666,"name":"images/EF/570_S1_wave1/570_S1_wave1_00039_1"},{"time":1.7,"name":"images/EF/570_S1_wave1/570_S1_wave1_00040_1"},{"time":1.7333,"name":"images/EF/570_S1_wave1/570_S1_wave1_00041_1"},{"time":1.7666,"name":"images/EF/570_S1_wave1/570_S1_wave1_00042_1"},{"time":1.8,"name":null}]},"S2_beam1":{"attachment":[{"time":0,"name":null},{"time":1.2333,"name":"images/EF/570_S2_beam1/570_S2_beam1_00038"},{"time":1.2666,"name":"images/EF/570_S2_beam1/570_S2_beam1_00039"},{"time":1.3333,"name":null},{"time":1.4333,"name":"images/EF/570_S2_beam1/570_S2_beam1_00038"},{"time":1.4666,"name":"images/EF/570_S2_beam1/570_S2_beam1_00039"},{"time":1.5333,"name":null}]},"S2_beam1b":{"attachment":[{"time":0,"name":null},{"time":1.1,"name":"images/EF/620_S2_beam1b/620_S2_beam1b_00038"},{"time":1.1333,"name":"images/EF/620_S2_beam1b/620_S2_beam1b_00039"},{"time":1.1666,"name":"images/EF/620_S2_beam1b/620_S2_beam1b_00040"},{"time":1.2,"name":"images/EF/620_S2_beam1b/620_S2_beam1b_00041"},{"time":1.2333,"name":"images/EF/620_S2_beam1b/620_S2_beam1b_00042"},{"time":1.2666,"name":"images/EF/620_S2_beam1b/620_S2_beam1b_00043"},{"time":1.3,"name":"images/EF/620_S2_beam1b/620_S2_beam1b_00044"},{"time":1.3333,"name":"images/EF/620_S2_beam1b/620_S2_beam1b_00039"},{"time":1.3666,"name":"images/EF/620_S2_beam1b/620_S2_beam1b_00040"},{"time":1.4,"name":"images/EF/620_S2_beam1b/620_S2_beam1b_00041"},{"time":1.4333,"name":"images/EF/620_S2_beam1b/620_S2_beam1b_00042"},{"time":1.4666,"name":"images/EF/620_S2_beam1b/620_S2_beam1b_00043"},{"time":1.5,"name":"images/EF/620_S2_beam1b/620_S2_beam1b_00044"},{"time":1.5333,"name":"images/EF/620_S2_beam1b/620_S2_beam1b_00039"},{"time":1.5666,"name":"images/EF/620_S2_beam1b/620_S2_beam1b_00040"},{"time":1.6,"name":"images/EF/620_S2_beam1b/620_S2_beam1b_00041"},{"time":1.6333,"name":"images/EF/620_S2_beam1b/620_S2_beam1b_00042"},{"time":1.6666,"name":"images/EF/620_S2_beam1b/620_S2_beam1b_00043"},{"time":1.7,"name":null}]},"S2_charge1":{"attachment":[{"time":0,"name":null},{"time":0.5333,"name":"images/EF/620_S2_charge1/620_S2_charge1_00051"},{"time":0.6,"name":"images/EF/620_S2_charge1/620_S2_charge1_00052"},{"time":0.6333,"name":"images/EF/620_S2_charge1/620_S2_charge1_00053"},{"time":0.7,"name":"images/EF/620_S2_charge1/620_S2_charge1_00055"},{"time":0.7333,"name":"images/EF/620_S2_charge1/620_S2_charge1_00058"},{"time":0.8,"name":"images/EF/620_S2_charge1/620_S2_charge1_00059"},{"time":0.8333,"name":"images/EF/620_S2_charge1/620_S2_charge1_00060"},{"time":0.8666,"name":"images/EF/620_S2_charge1/620_S2_charge1_00062"},{"time":0.9333,"name":"images/EF/620_S2_charge1/620_S2_charge1_00063"},{"time":0.9666,"name":"images/EF/620_S2_charge1/620_S2_charge1_00064"}],"color":[{"time":0.5333,"color":"ffffff00"},{"time":0.6666,"color":"ffffffff","curve":[0.893,0,0.75,1]},{"time":0.9666,"color":"ffffff00"}]},"S2_dome1":{"attachment":[{"time":0,"name":null}]},"S2_dome1_2":{"attachment":[{"time":0,"name":null}]},"S2_dome1_3":{"attachment":[{"time":0,"name":null}]},"S2_dome1_4":{"attachment":[{"time":0,"name":null}]},"S2_screen1":{"attachment":[{"time":0,"name":null}]},"S2_shine1":{"attachment":[{"time":0,"name":null},{"time":1.1,"name":"images/EF/620_S2_shine1/620_S2_shine1_00038"},{"time":1.1666,"name":"images/EF/620_S2_shine1/620_S2_shine1_00040"},{"time":1.2,"name":"images/EF/620_S2_shine1/620_S2_shine1_00041"},{"time":1.2333,"name":"images/EF/620_S2_shine1/620_S2_shine1_00042"},{"time":1.2666,"name":"images/EF/620_S2_shine1/620_S2_shine1_00043"},{"time":1.3,"name":null},{"time":1.3333,"name":"images/EF/620_S2_shine1/620_S2_shine1_00038"},{"time":1.4,"name":"images/EF/620_S2_shine1/620_S2_shine1_00040"},{"time":1.4333,"name":"images/EF/620_S2_shine1/620_S2_shine1_00041"},{"time":1.4666,"name":"images/EF/620_S2_shine1/620_S2_shine1_00042"},{"time":1.5,"name":"images/EF/620_S2_shine1/620_S2_shine1_00043"},{"time":1.5333,"name":null},{"time":1.5666,"name":"images/EF/620_S2_shine1/620_S2_shine1_00038"},{"time":1.6333,"name":"images/EF/620_S2_shine1/620_S2_shine1_00040"},{"time":1.6666,"name":"images/EF/620_S2_shine1/620_S2_shine1_00041"},{"time":1.7,"name":"images/EF/620_S2_shine1/620_S2_shine1_00042"},{"time":1.7333,"name":"images/EF/620_S2_shine1/620_S2_shine1_00043"},{"time":1.7666,"name":null}]},"S2_shine1_2":{"attachment":[{"time":0,"name":null},{"time":1.1,"name":"images/EF/620_S2_shine1/620_S2_shine1_00038"},{"time":1.1666,"name":"images/EF/620_S2_shine1/620_S2_shine1_00040"},{"time":1.2,"name":"images/EF/620_S2_shine1/620_S2_shine1_00041"},{"time":1.2333,"name":"images/EF/620_S2_shine1/620_S2_shine1_00042"},{"time":1.2666,"name":"images/EF/620_S2_shine1/620_S2_shine1_00043"},{"time":1.3,"name":null},{"time":1.3333,"name":"images/EF/620_S2_shine1/620_S2_shine1_00038"},{"time":1.4,"name":"images/EF/620_S2_shine1/620_S2_shine1_00040"},{"time":1.4333,"name":"images/EF/620_S2_shine1/620_S2_shine1_00041"},{"time":1.4666,"name":"images/EF/620_S2_shine1/620_S2_shine1_00042"},{"time":1.5,"name":"images/EF/620_S2_shine1/620_S2_shine1_00043"},{"time":1.5333,"name":null},{"time":1.5666,"name":"images/EF/620_S2_shine1/620_S2_shine1_00038"},{"time":1.6333,"name":"images/EF/620_S2_shine1/620_S2_shine1_00040"},{"time":1.6666,"name":"images/EF/620_S2_shine1/620_S2_shine1_00041"},{"time":1.7,"name":"images/EF/620_S2_shine1/620_S2_shine1_00042"},{"time":1.7333,"name":"images/EF/620_S2_shine1/620_S2_shine1_00043"},{"time":1.7666,"name":null}]}},"bones":{"S1_beam1":{"translate":[{"time":1.0666,"x":-88.89,"y":-54.55,"curve":"stepped"},{"time":1.1666,"x":-88.89,"y":-54.55},{"time":1.2666,"x":-186.16,"y":-54.55},{"time":1.3,"x":-220.07,"y":-54.55,"curve":"stepped"},{"time":1.3333,"x":-88.89,"y":-54.55,"curve":"stepped"},{"time":1.3666,"x":-88.89,"y":-54.55},{"time":1.5,"x":-121.73,"y":-54.55,"curve":"stepped"},{"time":1.5333,"x":-88.89,"y":-54.55},{"time":1.6,"x":-101.42,"y":-54.55},{"time":1.6333,"x":-105.63,"y":-54.55},{"time":1.7333,"x":-326.48,"y":-54.55}],"scale":[{"time":1.1,"x":3,"y":9.427,"curve":"stepped"},{"time":1.1333,"x":2.195,"y":4.125,"curve":"stepped"},{"time":1.1666,"x":2.963,"y":1.348},{"time":1.3,"x":2.238,"y":0.466,"curve":"stepped"},{"time":1.3333,"x":2.963,"y":0.867,"curve":"stepped"},{"time":1.3666,"x":1.5,"y":0.507},{"time":1.5,"x":1.5,"y":0.217,"curve":"stepped"},{"time":1.5333,"x":1.5,"y":0.366},{"time":1.6333,"x":1.5,"y":0.448},{"time":1.7333,"x":0.793,"y":0.134}]},"S1_dash1":{"translate":[{"time":1.1,"x":-13.33,"y":-71.36}]},"S1_wave1":{"translate":[{"time":1.1,"x":-352.38,"y":193.86},{"time":1.6666,"x":-349.38,"y":193.86}],"scale":[{"time":1.1,"x":0.5,"y":0.5}]},"S2_beam1":{"translate":[{"time":1.2333,"x":-408.97,"y":249.17,"curve":"stepped"},{"time":1.2666,"x":-404.28,"y":249.17,"curve":"stepped"},{"time":1.3,"x":-404.28,"y":249.17,"curve":"stepped"},{"time":1.4333,"x":-408.97,"y":249.17,"curve":"stepped"},{"time":1.4666,"x":-404.28,"y":249.17,"curve":"stepped"},{"time":1.5,"x":-404.28,"y":249.17}],"scale":[{"time":1.2333,"x":1,"y":3.398},{"time":1.2666,"x":0.413,"y":1.278},{"time":1.3,"x":0.905,"y":0.819,"curve":"stepped"},{"time":1.4333,"x":1,"y":3.398},{"time":1.4666,"x":0.413,"y":1.278},{"time":1.5,"x":0.905,"y":0.819}]},"S2_beam1b":{"translate":[{"time":1.1,"x":44.99,"y":197.2}]},"S2_charge1":{"translate":[{"time":0.5333,"x":253,"y":237.6}],"scale":[{"time":0.5333,"x":2.526,"y":2.526,"curve":[0.222,0.3,0.75,1]},{"time":0.8666,"x":0.824,"y":0.824,"curve":"stepped"},{"time":0.9666,"x":0.771,"y":0.771}]},"S2_dome1":{"translate":[{"time":1.1,"x":98.99,"y":0}]},"S2_shine1":{"translate":[{"time":1.1,"x":190.93,"y":-54.44}]},"S1_dash1_2":{"translate":[{"time":1.3333,"x":-71.48,"y":-70.49}]},"S1_wave1_2":{"translate":[{"time":1.1333,"x":-466.51,"y":194.36}],"scale":[{"time":1.1333,"x":0.5,"y":0.5}]},"S1_wave1_3":{"translate":[{"time":1.1666,"x":-578.51,"y":194.36}],"scale":[{"time":1.1666,"x":0.5,"y":0.5}]},"S2_shine1_2":{"rotate":[{"time":1.1,"angle":90}],"translate":[{"time":1.1,"x":356.73,"y":-54.43}]}}},"2-skill2":{"slots":{"S1_dash1":{"attachment":[{"time":1.1,"name":"images/EF/620_S1_dash1/620_S1_dash1_00038"},{"time":1.1333,"name":"images/EF/620_S1_dash1/620_S1_dash1_00039"},{"time":1.1666,"name":"images/EF/620_S1_dash1/620_S1_dash1_00040"},{"time":1.2,"name":"images/EF/620_S1_dash1/620_S1_dash1_00041"},{"time":1.2333,"name":"images/EF/620_S1_dash1/620_S1_dash1_00042"},{"time":1.2666,"name":"images/EF/620_S1_dash1/620_S1_dash1_00043"},{"time":1.3,"name":"images/EF/620_S1_dash1/620_S1_dash1_00044"},{"time":1.3333,"name":"images/EF/620_S1_dash1/620_S1_dash1_00045"},{"time":1.3666,"name":"images/EF/620_S1_dash1/620_S1_dash1_00046"},{"time":1.4,"name":"images/EF/620_S1_dash1/620_S1_dash1_00047"},{"time":1.4333,"name":"images/EF/620_S1_dash1/620_S1_dash1_00048"},{"time":1.4666,"name":"images/EF/620_S1_dash1/620_S1_dash1_00049"},{"time":1.5,"name":null}]},"S1_dusty1":{"attachment":[{"time":1.6333,"name":"images/EF/320_S1_dusty1/320_S1_dusty1_00038"},{"time":1.6666,"name":"images/EF/320_S1_dusty1/320_S1_dusty1_00039"},{"time":1.7,"name":"images/EF/320_S1_dusty1/320_S1_dusty1_00040"},{"time":1.7333,"name":"images/EF/320_S1_dusty1/320_S1_dusty1_00041"},{"time":1.7666,"name":"images/EF/320_S1_dusty1/320_S1_dusty1_00042"},{"time":1.8333,"name":"images/EF/320_S1_dusty1/320_S1_dusty1_00044"},{"time":1.9,"name":"images/EF/320_S1_dusty1/320_S1_dusty1_00046"},{"time":1.9666,"name":"images/EF/320_S1_dusty1/320_S1_dusty1_00048"},{"time":2.0333,"name":"images/EF/320_S1_dusty1/320_S1_dusty1_00050"},{"time":2.1,"name":"images/EF/320_S1_dusty1/320_S1_dusty1_00052"},{"time":2.1333,"name":"images/EF/320_S1_dusty1/320_S1_dusty1_00053"},{"time":2.1666,"name":"images/EF/320_S1_dusty1/320_S1_dusty1_00054"},{"time":2.2333,"name":null}]},"S1_dusty2":{"attachment":[{"time":1.7666,"name":"images/EF/320_S1_dusty1/320_S1_dusty1_00038"},{"time":1.8,"name":"images/EF/320_S1_dusty1/320_S1_dusty1_00039"},{"time":1.8333,"name":"images/EF/320_S1_dusty1/320_S1_dusty1_00040"},{"time":1.8666,"name":"images/EF/320_S1_dusty1/320_S1_dusty1_00041"},{"time":1.9,"name":"images/EF/320_S1_dusty1/320_S1_dusty1_00042"},{"time":1.9666,"name":"images/EF/320_S1_dusty1/320_S1_dusty1_00044"},{"time":2.0333,"name":"images/EF/320_S1_dusty1/320_S1_dusty1_00046"},{"time":2.1,"name":"images/EF/320_S1_dusty1/320_S1_dusty1_00048"},{"time":2.1666,"name":"images/EF/320_S1_dusty1/320_S1_dusty1_00050"},{"time":2.2333,"name":"images/EF/320_S1_dusty1/320_S1_dusty1_00052"},{"time":2.2666,"name":"images/EF/320_S1_dusty1/320_S1_dusty1_00053"},{"time":2.3,"name":"images/EF/320_S1_dusty1/320_S1_dusty1_00054"},{"time":2.3666,"name":null}]},"S1_dusty3":{"attachment":[{"time":2.0333,"name":"images/EF/320_S1_dusty1/320_S1_dusty1_00038"},{"time":2.0666,"name":"images/EF/320_S1_dusty1/320_S1_dusty1_00039"},{"time":2.1,"name":"images/EF/320_S1_dusty1/320_S1_dusty1_00040"},{"time":2.1333,"name":"images/EF/320_S1_dusty1/320_S1_dusty1_00041"},{"time":2.1666,"name":"images/EF/320_S1_dusty1/320_S1_dusty1_00042"},{"time":2.2333,"name":"images/EF/320_S1_dusty1/320_S1_dusty1_00044"},{"time":2.3,"name":"images/EF/320_S1_dusty1/320_S1_dusty1_00046"},{"time":2.3666,"name":"images/EF/320_S1_dusty1/320_S1_dusty1_00048"},{"time":2.4333,"name":"images/EF/320_S1_dusty1/320_S1_dusty1_00050"},{"time":2.5,"name":"images/EF/320_S1_dusty1/320_S1_dusty1_00052"},{"time":2.5333,"name":"images/EF/320_S1_dusty1/320_S1_dusty1_00053"},{"time":2.5666,"name":"images/EF/320_S1_dusty1/320_S1_dusty1_00054"},{"time":2.6333,"name":null}]},"S1_dusty4":{"attachment":[{"time":2.1666,"name":"images/EF/320_S1_dusty1/320_S1_dusty1_00038"},{"time":2.2,"name":"images/EF/320_S1_dusty1/320_S1_dusty1_00039"},{"time":2.2333,"name":"images/EF/320_S1_dusty1/320_S1_dusty1_00040"},{"time":2.2666,"name":"images/EF/320_S1_dusty1/320_S1_dusty1_00041"},{"time":2.3,"name":"images/EF/320_S1_dusty1/320_S1_dusty1_00042"},{"time":2.3666,"name":"images/EF/320_S1_dusty1/320_S1_dusty1_00044"},{"time":2.4333,"name":"images/EF/320_S1_dusty1/320_S1_dusty1_00046"},{"time":2.5,"name":"images/EF/320_S1_dusty1/320_S1_dusty1_00048"},{"time":2.5666,"name":"images/EF/320_S1_dusty1/320_S1_dusty1_00050"},{"time":2.6333,"name":"images/EF/320_S1_dusty1/320_S1_dusty1_00052"},{"time":2.6666,"name":"images/EF/320_S1_dusty1/320_S1_dusty1_00053"},{"time":2.7,"name":"images/EF/320_S1_dusty1/320_S1_dusty1_00054"},{"time":2.7666,"name":null}]},"S1_wave1":{"attachment":[{"time":1.1,"name":"images/EF/570_S1_wave1/570_S1_wave1_00038_1"},{"time":1.1333,"name":"images/EF/570_S1_wave1/570_S1_wave1_00039_1"},{"time":1.1666,"name":"images/EF/570_S1_wave1/570_S1_wave1_00040_1"},{"time":1.2,"name":"images/EF/570_S1_wave1/570_S1_wave1_00041_1"},{"time":1.2333,"name":"images/EF/570_S1_wave1/570_S1_wave1_00042_1"},{"time":1.2666,"name":null}]},"S1_wave1_2":{"attachment":[{"time":1.1333,"name":"images/EF/570_S1_wave1/570_S1_wave1_00038_1"},{"time":1.1666,"name":"images/EF/570_S1_wave1/570_S1_wave1_00039_1"},{"time":1.2,"name":"images/EF/570_S1_wave1/570_S1_wave1_00040_1"},{"time":1.2333,"name":"images/EF/570_S1_wave1/570_S1_wave1_00041_1"},{"time":1.2666,"name":"images/EF/570_S1_wave1/570_S1_wave1_00042_1"},{"time":1.3,"name":null}]},"S1_wave1_3":{"attachment":[{"time":1.1666,"name":"images/EF/570_S1_wave1/570_S1_wave1_00038_1"},{"time":1.2,"name":"images/EF/570_S1_wave1/570_S1_wave1_00039_1"},{"time":1.2333,"name":"images/EF/570_S1_wave1/570_S1_wave1_00040_1"},{"time":1.2666,"name":"images/EF/570_S1_wave1/570_S1_wave1_00041_1"},{"time":1.3,"name":"images/EF/570_S1_wave1/570_S1_wave1_00042_1"},{"time":1.3333,"name":null}]},"S2_beam1":{"attachment":[{"time":1.1,"name":"images/EF/570_S2_beam1/570_S2_beam1_00038"},{"time":1.1333,"name":"images/EF/570_S2_beam1/570_S2_beam1_00039"},{"time":1.1666,"name":"images/EF/570_S2_beam1/570_S2_beam1_00041"},{"time":1.2333,"name":"images/EF/570_S2_beam1/570_S2_beam1_00042"},{"time":1.2666,"name":"images/EF/570_S2_beam1/570_S2_beam1_00043"},{"time":1.3,"name":"images/EF/570_S2_beam1/570_S2_beam1_00044"},{"time":1.3333,"name":null}]},"S2_beam1b":{"attachment":[{"time":1.1,"name":"images/EF/620_S2_beam1b/620_S2_beam1b_00038"},{"time":1.1333,"name":"images/EF/620_S2_beam1b/620_S2_beam1b_00039"},{"time":1.1666,"name":"images/EF/620_S2_beam1b/620_S2_beam1b_00040"},{"time":1.2,"name":"images/EF/620_S2_beam1b/620_S2_beam1b_00041"},{"time":1.2333,"name":"images/EF/620_S2_beam1b/620_S2_beam1b_00042"},{"time":1.2666,"name":"images/EF/620_S2_beam1b/620_S2_beam1b_00043"},{"time":1.3,"name":"images/EF/620_S2_beam1b/620_S2_beam1b_00044"},{"time":1.3333,"name":null}]},"S2_charge1":{"attachment":[{"time":0.2666,"name":"images/EF/620_S2_charge1/620_S2_charge1_00051"},{"time":0.4666,"name":"images/EF/620_S2_charge1/620_S2_charge1_00052"},{"time":0.5,"name":"images/EF/620_S2_charge1/620_S2_charge1_00053"},{"time":0.5666,"name":"images/EF/620_S2_charge1/620_S2_charge1_00055"},{"time":0.6666,"name":"images/EF/620_S2_charge1/620_S2_charge1_00058"},{"time":0.7,"name":"images/EF/620_S2_charge1/620_S2_charge1_00059"},{"time":0.7333,"name":"images/EF/620_S2_charge1/620_S2_charge1_00060"},{"time":0.8,"name":"images/EF/620_S2_charge1/620_S2_charge1_00062"},{"time":0.8333,"name":"images/EF/620_S2_charge1/620_S2_charge1_00063"},{"time":0.8666,"name":"images/EF/620_S2_charge1/620_S2_charge1_00064"},{"time":1.1,"name":null}],"color":[{"time":0.2666,"color":"ffffff00"},{"time":0.4666,"color":"ffffffff","curve":"stepped"},{"time":0.9,"color":"ffffffff"},{"time":1.0666,"color":"ffffffb7"}]},"S2_dome1":{"attachment":[{"time":1.6333,"name":"images/EF/570_S2_dome1/570_S2_dome1_00038"},{"time":1.6666,"name":"images/EF/570_S2_dome1/570_S2_dome1_00039"},{"time":1.7333,"name":"images/EF/570_S2_dome1/570_S2_dome1_00040"},{"time":1.7666,"name":"images/EF/570_S2_dome1/570_S2_dome1_00042"},{"time":1.8333,"name":"images/EF/570_S2_dome1/570_S2_dome1_00043"},{"time":1.8666,"name":"images/EF/570_S2_dome1/570_S2_dome1_00045"},{"time":1.9333,"name":"images/EF/570_S2_dome1/570_S2_dome1_00047"},{"time":1.9666,"name":"images/EF/570_S2_dome1/570_S2_dome1_00048"},{"time":2,"name":"images/EF/570_S2_dome1/570_S2_dome1_00049"},{"time":2.0666,"name":null}]},"S2_dome1_2":{"attachment":[{"time":1.7666,"name":"images/EF/570_S2_dome1/570_S2_dome1_00038"},{"time":1.8,"name":"images/EF/570_S2_dome1/570_S2_dome1_00039"},{"time":1.8666,"name":"images/EF/570_S2_dome1/570_S2_dome1_00040"},{"time":1.9,"name":"images/EF/570_S2_dome1/570_S2_dome1_00042"},{"time":1.9666,"name":"images/EF/570_S2_dome1/570_S2_dome1_00043"},{"time":2,"name":"images/EF/570_S2_dome1/570_S2_dome1_00045"},{"time":2.0666,"name":"images/EF/570_S2_dome1/570_S2_dome1_00047"},{"time":2.1,"name":"images/EF/570_S2_dome1/570_S2_dome1_00048"},{"time":2.1333,"name":"images/EF/570_S2_dome1/570_S2_dome1_00049"},{"time":2.2,"name":null}]},"S2_dome1_3":{"attachment":[{"time":2.0333,"name":"images/EF/570_S2_dome1/570_S2_dome1_00038"},{"time":2.0666,"name":"images/EF/570_S2_dome1/570_S2_dome1_00039"},{"time":2.1333,"name":"images/EF/570_S2_dome1/570_S2_dome1_00040"},{"time":2.1666,"name":"images/EF/570_S2_dome1/570_S2_dome1_00042"},{"time":2.2333,"name":"images/EF/570_S2_dome1/570_S2_dome1_00043"},{"time":2.2666,"name":"images/EF/570_S2_dome1/570_S2_dome1_00045"},{"time":2.3333,"name":"images/EF/570_S2_dome1/570_S2_dome1_00047"},{"time":2.3666,"name":"images/EF/570_S2_dome1/570_S2_dome1_00048"},{"time":2.4,"name":"images/EF/570_S2_dome1/570_S2_dome1_00049"},{"time":2.4666,"name":null}]},"S2_dome1_4":{"attachment":[{"time":2.1666,"name":"images/EF/570_S2_dome1/570_S2_dome1_00038"},{"time":2.2,"name":"images/EF/570_S2_dome1/570_S2_dome1_00039"},{"time":2.2666,"name":"images/EF/570_S2_dome1/570_S2_dome1_00040"},{"time":2.3,"name":"images/EF/570_S2_dome1/570_S2_dome1_00042"},{"time":2.3666,"name":"images/EF/570_S2_dome1/570_S2_dome1_00043"},{"time":2.4,"name":"images/EF/570_S2_dome1/570_S2_dome1_00045"},{"time":2.4666,"name":"images/EF/570_S2_dome1/570_S2_dome1_00047"},{"time":2.5,"name":"images/EF/570_S2_dome1/570_S2_dome1_00048"},{"time":2.5333,"name":"images/EF/570_S2_dome1/570_S2_dome1_00049"},{"time":2.6,"name":null}]},"S2_shine1":{"attachment":[{"time":1.1,"name":"images/EF/620_S2_shine1/620_S2_shine1_00038"},{"time":1.1666,"name":"images/EF/620_S2_shine1/620_S2_shine1_00040"},{"time":1.2,"name":"images/EF/620_S2_shine1/620_S2_shine1_00041"},{"time":1.2333,"name":"images/EF/620_S2_shine1/620_S2_shine1_00042"},{"time":1.2666,"name":"images/EF/620_S2_shine1/620_S2_shine1_00043"},{"time":1.3,"name":null}]},"S2_shine1_2":{"attachment":[{"time":1.1,"name":"images/EF/620_S2_shine1/620_S2_shine1_00038"},{"time":1.1666,"name":"images/EF/620_S2_shine1/620_S2_shine1_00040"},{"time":1.2,"name":"images/EF/620_S2_shine1/620_S2_shine1_00041"},{"time":1.2333,"name":"images/EF/620_S2_shine1/620_S2_shine1_00042"},{"time":1.2666,"name":"images/EF/620_S2_shine1/620_S2_shine1_00043"},{"time":1.3,"name":null}]}},"bones":{"S2_shine1":{"translate":[{"time":1.1,"x":133.27,"y":-53.92}],"scale":[{"time":1.1,"x":1.2,"y":1.2}]},"S2_shine1_2":{"rotate":[{"time":1.1,"angle":90}],"translate":[{"time":1.1,"x":299.07,"y":-53.91}],"scale":[{"time":1.1,"x":1.2,"y":1.2}]},"S1_dash1":{"translate":[{"time":1.1,"x":-19.83,"y":-71.88}]},"S1_dusty1":{"translate":[{"time":1.6333,"x":-617.27,"y":-197.87}],"scale":[{"time":1.6333,"x":2,"y":2,"curve":"stepped"},{"time":2.1666,"x":2,"y":2},{"time":2.2,"x":2.043,"y":2.043}]},"S1_wave1":{"translate":[{"time":1.1,"x":-412.68,"y":193.55}],"scale":[{"time":1.1,"x":0.8,"y":0.8}]},"S1_wave1_2":{"translate":[{"time":1.1333,"x":-541.32,"y":195.2}],"scale":[{"time":1.1333,"x":0.8,"y":0.8}]},"S1_wave1_3":{"translate":[{"time":1.1666,"x":-674,"y":189.55}],"scale":[{"time":1.1666,"x":0.8,"y":0.8}]},"S2_beam1":{"translate":[{"time":1.1,"x":-470.93,"y":247.2,"curve":"stepped"},{"time":1.1333,"x":-460.94,"y":247.2,"curve":"stepped"},{"time":1.1666,"x":-465.97,"y":247.2,"curve":"stepped"},{"time":1.2,"x":-472.28,"y":247.2,"curve":"stepped"},{"time":1.2333,"x":-472.28,"y":247.2,"curve":"stepped"},{"time":1.3,"x":-625.85,"y":247.2},{"time":1.3333,"x":-705.05,"y":247.2}],"scale":[{"time":1.1,"x":1.695,"y":6.126},{"time":1.1333,"x":0.599,"y":3.449},{"time":1.1666,"x":1.252,"y":1.2},{"time":1.2,"x":1.85,"y":0.437},{"time":1.2333,"x":1.887,"y":0.231,"curve":"stepped"},{"time":1.3,"x":1.32,"y":1},{"time":1.3333,"x":1.036,"y":1.2}]},"S2_beam1b":{"translate":[{"time":1.1,"x":11.37,"y":197.71}],"scale":[{"time":1.1,"x":1.2,"y":1.2}]},"S2_charge1":{"translate":[{"time":0.2666,"x":290.01,"y":229.34,"curve":"stepped"},{"time":0.8666,"x":290.01,"y":229.34},{"time":1,"x":292.06,"y":226.74}],"scale":[{"time":0.8666,"x":1,"y":1},{"time":1,"x":0.151,"y":0.151}]},"S2_dome1":{"translate":[{"time":1.6333,"x":-121.47,"y":-109.8}],"scale":[{"time":1.6333,"x":1.3,"y":1.3}]},"root":{"translate":[{"time":1.1,"x":0,"y":0}]},"S2_dome1_2":{"translate":[{"time":1.7666,"x":-271.06,"y":-117.73}],"scale":[{"time":1.7666,"x":1.3,"y":1.3}]},"S1_dusty1_2":{"translate":[{"time":1.7666,"x":-721.04,"y":-117.59}],"scale":[{"time":1.7666,"x":1.3,"y":1.3},{"time":1.8666,"x":2,"y":2,"curve":"stepped"},{"time":2.3,"x":2,"y":2},{"time":2.3333,"x":2.043,"y":2.043}]},"S2_dome1_3":{"translate":[{"time":2.0333,"x":-398.37,"y":-170.88}],"scale":[{"time":2.0333,"x":1.3,"y":1.3}]},"S1_dusty1_3":{"translate":[{"time":2.0333,"x":-945.07,"y":-114.98}],"scale":[{"time":2.0333,"x":2,"y":2,"curve":"stepped"},{"time":2.5666,"x":2,"y":2},{"time":2.6,"x":2.043,"y":2.043}]},"S1_dusty1_4":{"translate":[{"time":2.1666,"x":-828.07,"y":-142.87}],"scale":[{"time":2.1666,"x":2,"y":2,"curve":"stepped"},{"time":2.7,"x":2,"y":2},{"time":2.7333,"x":2.043,"y":2.043}]},"S2_dome1_4":{"translate":[{"time":2.1666,"x":-232.54,"y":-294.25}],"scale":[{"time":2.1666,"x":1.3,"y":1.3}]}}},"empty":{"slots":{"S1_beam1":{"attachment":[{"time":0,"name":null}]},"S1_dash1":{"attachment":[{"time":0,"name":null}]},"S1_dash1_2":{"attachment":[{"time":0,"name":null}]},"S1_dusty1":{"attachment":[{"time":0,"name":null}]},"S1_dusty2":{"attachment":[{"time":0,"name":null}]},"S1_dusty3":{"attachment":[{"time":0,"name":null}]},"S1_dusty4":{"attachment":[{"time":0,"name":null}]},"S1_wave1":{"attachment":[{"time":0,"name":null}]},"S1_wave1_2":{"attachment":[{"time":0,"name":null}]},"S1_wave1_3":{"attachment":[{"time":0,"name":null}]},"S2_beam1":{"attachment":[{"time":0,"name":null}]},"S2_beam1b":{"attachment":[{"time":0,"name":null}]},"S2_charge1":{"attachment":[{"time":0,"name":null}]},"S2_dome1":{"attachment":[{"time":0,"name":null}]},"S2_dome1_2":{"attachment":[{"time":0,"name":null}]},"S2_dome1_3":{"attachment":[{"time":0,"name":null}]},"S2_dome1_4":{"attachment":[{"time":0,"name":null}]},"S2_screen1":{"attachment":[{"time":0,"name":null}]},"S2_shine1":{"attachment":[{"time":0,"name":null}]},"S2_shine1_2":{"attachment":[{"time":0,"name":null}]}}},"screen":{"slots":{"S2_screen1":{"attachment":[{"time":0,"name":"images/EF/10020_S2_screen1/10020_S2_screen1_00038"},{"time":0.0333,"name":"images/EF/10020_S2_screen1/10020_S2_screen1_00039"},{"time":0.0666,"name":"images/EF/10020_S2_screen1/10020_S2_screen1_00040"},{"time":0.1,"name":"images/EF/10020_S2_screen1/10020_S2_screen1_00041"},{"time":0.1333,"name":"images/EF/10020_S2_screen1/10020_S2_screen1_00042"},{"time":0.1666,"name":"images/EF/10020_S2_screen1/10020_S2_screen1_00043"},{"time":0.2,"name":"images/EF/10020_S2_screen1/10020_S2_screen1_00044"},{"time":0.2333,"name":"images/EF/10020_S2_screen1/10020_S2_screen1_00045"},{"time":0.2666,"name":"images/EF/10020_S2_screen1/10020_S2_screen1_00046"},{"time":0.3,"name":"images/EF/10020_S2_screen1/10020_S2_screen1_00047"},{"time":0.3666,"name":"images/EF/10020_S2_screen1/10020_S2_screen1_00038"},{"time":0.4,"name":"images/EF/10020_S2_screen1/10020_S2_screen1_00039"},{"time":0.4333,"name":"images/EF/10020_S2_screen1/10020_S2_screen1_00040"},{"time":0.4666,"name":"images/EF/10020_S2_screen1/10020_S2_screen1_00041"},{"time":0.5,"name":"images/EF/10020_S2_screen1/10020_S2_screen1_00042"},{"time":0.5333,"name":"images/EF/10020_S2_screen1/10020_S2_screen1_00043"},{"time":0.5666,"name":"images/EF/10020_S2_screen1/10020_S2_screen1_00044"},{"time":0.6,"name":"images/EF/10020_S2_screen1/10020_S2_screen1_00045"},{"time":0.6333,"name":"images/EF/10020_S2_screen1/10020_S2_screen1_00046"},{"time":0.6666,"name":"images/EF/10020_S2_screen1/10020_S2_screen1_00047"},{"time":0.7,"name":null}]}},"bones":{"S2_screen1":{"translate":[{"time":0,"x":-89.07,"y":360.07}],"scale":[{"time":0,"x":4,"y":2}]},"MAIN":{"translate":[{"time":0,"x":81.09,"y":0}]}}}}}