{"skeleton":{"hash":"yy8zlOvkCEotDpAE5XmdHLcYmkY","spine":"3.0.12","width":514.88,"height":514.26},"bones":[{"name":"root"},{"name":"MAIN","parent":"root","y":70},{"name":"ef_slash_A_main","parent":"MAIN","x":150,"y":-70},{"name":"HITBOX","parent":"MAIN","y":-5.31,"scaleX":0.506},{"name":"EF_weapon1_1","parent":"MAIN","x":36.8,"y":-10.02},{"name":"EF","parent":"root"},{"name":"ef_wave_B2","parent":"EF"},{"name":"ef_wave_B","parent":"EF"},{"name":"ef_wave_A4","parent":"EF","x":500},{"name":"ef_wave_A3","parent":"EF","x":500},{"name":"ef_wave_A2","parent":"EF","x":500},{"name":"ef_wave_A","parent":"EF","x":500},{"name":"ef_slash_B3","parent":"EF","x":450},{"name":"ef_slash_B2","parent":"EF","x":450},{"name":"ef_slash_B","parent":"EF","x":450},{"name":"ef_graund_wave_main0","parent":"EF","y":50},{"name":"ef_graund_wave_main6","parent":"ef_graund_wave_main0","x":100,"y":-50},{"name":"ef_graund_wave_main5","parent":"ef_graund_wave_main0","x":100,"y":-50},{"name":"ef_graund_wave_main4","parent":"ef_graund_wave_main0","x":100,"y":-50},{"name":"ef_graund_wave_main3","parent":"ef_graund_wave_main0","x":100,"y":-50},{"name":"ef_graund_wave_main2","parent":"ef_graund_wave_main0","x":100,"y":-50},{"name":"ef_graund_wave_main","parent":"ef_graund_wave_main0","x":100,"y":-50},{"name":"ef_graund_rock_A3","parent":"EF","x":350},{"name":"ef_graund_rock_A2","parent":"EF","x":350},{"name":"ef_graund_rock_A","parent":"EF","x":350},{"name":"ef_dash_main","parent":"EF","x":50},{"name":"ef_blade_main11","parent":"EF","x":300},{"name":"ef_blade_main10","parent":"EF","x":300},{"name":"ef_blade_main9","parent":"EF","x":300},{"name":"ef_blade_main8","parent":"EF","x":300},{"name":"ef_blade_main7","parent":"EF","x":300},{"name":"ef_blade_main6","parent":"EF","x":300},{"name":"ef_blade_main5","parent":"EF","x":300},{"name":"ef_blade_main4","parent":"EF","x":300},{"name":"ef_blade_main3","parent":"EF","x":300},{"name":"ef_blade_main2","parent":"EF","x":300},{"name":"ef_blade_main","parent":"EF","x":300},{"name":"ef_OF_main2","parent":"EF","x":250},{"name":"ef_OF_main","parent":"EF","x":200},{"name":"DAMAGEAREA","parent":"root"}],"slots":[{"name":"EF/0h/s12_ef_graund_wave_main/ef_graund_wave_main_00001","bone":"ef_graund_wave_main","blend":"additive"},{"name":"EF/0h/s12_ef_graund_wave_main/ef_graund_wave_main_1","bone":"ef_graund_wave_main2","blend":"additive"},{"name":"EF/0h/s12_ef_graund_wave_main/ef_graund_wave_main_2","bone":"ef_graund_wave_main3","blend":"additive"},{"name":"EF/0h/s12_ef_graund_wave_main/ef_graund_wave_main_3","bone":"ef_graund_wave_main4","blend":"additive"},{"name":"EF/0h/s12_ef_graund_wave_main/ef_graund_wave_main_4","bone":"ef_graund_wave_main5","blend":"additive"},{"name":"EF/0h/s12_ef_graund_wave_main/ef_graund_wave_main_5","bone":"ef_graund_wave_main6","blend":"additive"},{"name":"weapon_a","bone":"EF_weapon1_1","attachment":"EF_weapon/idle_00"},{"name":"MAIN","bone":"MAIN","attachment":"idle_00"},{"name":"weapon_b","bone":"EF_weapon1_1","blend":"additive"},{"name":"EF/0h/s12_ef_dash_main/ef_dash_main_00001","bone":"ef_dash_main","blend":"additive"},{"name":"EF/0h/s1_ef_slash_A_main/ef_slash_A_main_00001","bone":"ef_slash_A_main","blend":"additive"},{"name":"EF/0h/s2_ef_OF_main/ef_OF_main_00001","bone":"ef_OF_main","blend":"additive"},{"name":"EF/0h/s2_ef_OF_main2/ef_OF_main 2_00001","bone":"ef_OF_main2","blend":"additive"},{"name":"EF/0h/s2_ef_blade_main/ef_blade_main_00001","bone":"ef_blade_main","blend":"additive"},{"name":"EF/0h/s2_ef_blade_main/ef_blade_main_1","bone":"ef_blade_main2","blend":"additive"},{"name":"EF/0h/s2_ef_blade_main/ef_blade_main_2","bone":"ef_blade_main3","blend":"additive"},{"name":"EF/0h/s2_ef_blade_main/ef_blade_main_3","bone":"ef_blade_main4","blend":"additive"},{"name":"EF/0h/s2_ef_blade_main/ef_blade_main_4","bone":"ef_blade_main5","blend":"additive"},{"name":"EF/0h/s2_ef_blade_main/ef_blade_main_5","bone":"ef_blade_main6","blend":"additive"},{"name":"EF/0h/s2_ef_blade_main/ef_blade_main_6","bone":"ef_blade_main7","blend":"additive"},{"name":"EF/0h/s2_ef_blade_main/ef_blade_main_7","bone":"ef_blade_main8","blend":"additive"},{"name":"EF/0h/s2_ef_blade_main/ef_blade_main_8","bone":"ef_blade_main9","blend":"additive"},{"name":"EF/0h/s2_ef_blade_main/ef_blade_main_9","bone":"ef_blade_main10","blend":"additive"},{"name":"EF/0h/s2_ef_blade_main/ef_blade_main_10","bone":"ef_blade_main11","blend":"additive"},{"name":"EF/0h/s2_ef_graund_rock_A_main/ef_graund_rock_A_main_00001","bone":"ef_graund_rock_A"},{"name":"EF/0h/s2_ef_graund_rock_A_main/ef_graund_rock_A_main_1","bone":"ef_graund_rock_A2"},{"name":"EF/0h/s2_ef_graund_rock_A_main/ef_graund_rock_A_main_2","bone":"ef_graund_rock_A3"},{"name":"EF/0h/s2_ef_slash_B_main/ef_slash_B_main_00001","bone":"ef_slash_B","blend":"additive"},{"name":"EF/0h/s2_ef_slash_B_main/ef_slash_B_main_1","bone":"ef_slash_B2","blend":"additive"},{"name":"EF/0h/s2_ef_slash_B_main/ef_slash_B_main_2","bone":"ef_slash_B3","blend":"additive"},{"name":"EF/0h/s2_ef_wave_A_main/ef_wave_A_main_00001","bone":"ef_wave_A","blend":"additive"},{"name":"EF/0h/s2_ef_wave_A_main/ef_wave_A_main_1","bone":"ef_wave_A2","blend":"additive"},{"name":"EF/0h/s2_ef_wave_A_main/ef_wave_A_main_2","bone":"ef_wave_A3","blend":"additive"},{"name":"EF/0h/s2_ef_wave_A_main/ef_wave_A_main_3","bone":"ef_wave_A4","blend":"additive"},{"name":"EF/0h/s2_ef_wave_B_main/ef_wave_B_main_00001","bone":"ef_wave_B","blend":"additive"},{"name":"EF/0h/s2_ef_wave_B_main/ef_wave_B_main_1","bone":"ef_wave_B2","blend":"additive"},{"name":"DAMAGEAREA","bone":"DAMAGEAREA"},{"name":"HITBOX","bone":"HITBOX","attachment":"HITBOX"}],"skins":{"default":{"DAMAGEAREA":{"DAMAGEAREA":{"type":"boundingbox","vertices":[-64.22829,63.90876,-64.00948,-64.0542,63.9665,-64.01402,64.02848,64.14575]}},"EF/0h/s12_ef_dash_main/ef_dash_main_00001":{"EF/0h/s12_ef_dash_main/ef_dash_main_00001":{"x":30.91,"y":17.27,"width":200,"height":200},"EF/0h/s12_ef_dash_main/ef_dash_main_00002":{"x":30.91,"y":17.27,"width":200,"height":200},"EF/0h/s12_ef_dash_main/ef_dash_main_00003":{"x":30.91,"y":17.27,"width":200,"height":200},"EF/0h/s12_ef_dash_main/ef_dash_main_00004":{"x":30.91,"y":17.27,"width":200,"height":200},"EF/0h/s12_ef_dash_main/ef_dash_main_00005":{"x":30.91,"y":17.27,"width":200,"height":200},"EF/0h/s12_ef_dash_main/ef_dash_main_00006":{"x":30.91,"y":17.27,"width":200,"height":200},"EF/0h/s12_ef_dash_main/ef_dash_main_00007":{"x":30.91,"y":17.27,"width":200,"height":200},"EF/0h/s12_ef_dash_main/ef_dash_main_00008":{"x":30.91,"y":17.27,"width":200,"height":200},"EF/0h/s12_ef_dash_main/ef_dash_main_00009":{"x":30.91,"y":17.27,"width":200,"height":200},"EF/0h/s12_ef_dash_main/ef_dash_main_00010":{"x":30.91,"y":17.27,"width":200,"height":200},"EF/0h/s12_ef_dash_main/ef_dash_main_00011":{"x":30.91,"y":17.27,"width":200,"height":200},"EF/0h/s12_ef_dash_main/ef_dash_main_00012":{"x":30.91,"y":17.27,"width":200,"height":200},"EF/0h/s12_ef_dash_main/ef_dash_main_00013":{"x":30.91,"y":17.27,"width":200,"height":200}},"EF/0h/s12_ef_graund_wave_main/ef_graund_wave_main_00001":{"EF/0h/s12_ef_graund_wave_main/ef_graund_wave_main_00001":{"y":15.91,"width":320,"height":192},"EF/0h/s12_ef_graund_wave_main/ef_graund_wave_main_00002":{"y":15.91,"width":320,"height":192},"EF/0h/s12_ef_graund_wave_main/ef_graund_wave_main_00003":{"y":15.91,"width":320,"height":192},"EF/0h/s12_ef_graund_wave_main/ef_graund_wave_main_00004":{"y":15.91,"width":320,"height":192},"EF/0h/s12_ef_graund_wave_main/ef_graund_wave_main_00005":{"y":15.91,"width":320,"height":192},"EF/0h/s12_ef_graund_wave_main/ef_graund_wave_main_00006":{"y":15.91,"width":320,"height":192},"EF/0h/s12_ef_graund_wave_main/ef_graund_wave_main_00007":{"y":15.91,"width":320,"height":192},"EF/0h/s12_ef_graund_wave_main/ef_graund_wave_main_00008":{"y":15.91,"width":320,"height":192},"EF/0h/s12_ef_graund_wave_main/ef_graund_wave_main_00009":{"y":15.91,"width":320,"height":192},"EF/0h/s12_ef_graund_wave_main/ef_graund_wave_main_00010":{"y":15.91,"width":320,"height":192},"EF/0h/s12_ef_graund_wave_main/ef_graund_wave_main_00011":{"y":15.91,"width":320,"height":192},"EF/0h/s12_ef_graund_wave_main/ef_graund_wave_main_00012":{"y":15.91,"width":320,"height":192},"EF/0h/s12_ef_graund_wave_main/ef_graund_wave_main_00013":{"y":15.91,"width":320,"height":192},"EF/0h/s12_ef_graund_wave_main/ef_graund_wave_main_00014":{"y":15.91,"width":320,"height":192}},"EF/0h/s12_ef_graund_wave_main/ef_graund_wave_main_1":{"EF/0h/s12_ef_graund_wave_main/ef_graund_wave_main_00001":{"y":15.91,"width":320,"height":192},"EF/0h/s12_ef_graund_wave_main/ef_graund_wave_main_00002":{"y":15.91,"width":320,"height":192},"EF/0h/s12_ef_graund_wave_main/ef_graund_wave_main_00003":{"y":15.91,"width":320,"height":192},"EF/0h/s12_ef_graund_wave_main/ef_graund_wave_main_00004":{"y":15.91,"width":320,"height":192},"EF/0h/s12_ef_graund_wave_main/ef_graund_wave_main_00005":{"y":15.91,"width":320,"height":192},"EF/0h/s12_ef_graund_wave_main/ef_graund_wave_main_00006":{"y":15.91,"width":320,"height":192},"EF/0h/s12_ef_graund_wave_main/ef_graund_wave_main_00007":{"y":15.91,"width":320,"height":192},"EF/0h/s12_ef_graund_wave_main/ef_graund_wave_main_00008":{"y":15.91,"width":320,"height":192},"EF/0h/s12_ef_graund_wave_main/ef_graund_wave_main_00009":{"y":15.91,"width":320,"height":192},"EF/0h/s12_ef_graund_wave_main/ef_graund_wave_main_00010":{"y":15.91,"width":320,"height":192},"EF/0h/s12_ef_graund_wave_main/ef_graund_wave_main_00011":{"y":15.91,"width":320,"height":192},"EF/0h/s12_ef_graund_wave_main/ef_graund_wave_main_00012":{"y":15.91,"width":320,"height":192},"EF/0h/s12_ef_graund_wave_main/ef_graund_wave_main_00013":{"y":15.91,"width":320,"height":192},"EF/0h/s12_ef_graund_wave_main/ef_graund_wave_main_00014":{"y":15.91,"width":320,"height":192}},"EF/0h/s12_ef_graund_wave_main/ef_graund_wave_main_2":{"EF/0h/s12_ef_graund_wave_main/ef_graund_wave_main_00001":{"y":15.91,"width":320,"height":192},"EF/0h/s12_ef_graund_wave_main/ef_graund_wave_main_00002":{"y":15.91,"width":320,"height":192},"EF/0h/s12_ef_graund_wave_main/ef_graund_wave_main_00003":{"y":15.91,"width":320,"height":192},"EF/0h/s12_ef_graund_wave_main/ef_graund_wave_main_00004":{"y":15.91,"width":320,"height":192},"EF/0h/s12_ef_graund_wave_main/ef_graund_wave_main_00005":{"y":15.91,"width":320,"height":192},"EF/0h/s12_ef_graund_wave_main/ef_graund_wave_main_00006":{"y":15.91,"width":320,"height":192},"EF/0h/s12_ef_graund_wave_main/ef_graund_wave_main_00007":{"y":15.91,"width":320,"height":192},"EF/0h/s12_ef_graund_wave_main/ef_graund_wave_main_00008":{"y":15.91,"width":320,"height":192},"EF/0h/s12_ef_graund_wave_main/ef_graund_wave_main_00009":{"y":15.91,"width":320,"height":192},"EF/0h/s12_ef_graund_wave_main/ef_graund_wave_main_00010":{"y":15.91,"width":320,"height":192},"EF/0h/s12_ef_graund_wave_main/ef_graund_wave_main_00011":{"y":15.91,"width":320,"height":192},"EF/0h/s12_ef_graund_wave_main/ef_graund_wave_main_00012":{"y":15.91,"width":320,"height":192},"EF/0h/s12_ef_graund_wave_main/ef_graund_wave_main_00013":{"y":15.91,"width":320,"height":192},"EF/0h/s12_ef_graund_wave_main/ef_graund_wave_main_00014":{"y":15.91,"width":320,"height":192}},"EF/0h/s12_ef_graund_wave_main/ef_graund_wave_main_3":{"EF/0h/s12_ef_graund_wave_main/ef_graund_wave_main_00001":{"y":15.91,"width":320,"height":192},"EF/0h/s12_ef_graund_wave_main/ef_graund_wave_main_00002":{"y":15.91,"width":320,"height":192},"EF/0h/s12_ef_graund_wave_main/ef_graund_wave_main_00003":{"y":15.91,"width":320,"height":192},"EF/0h/s12_ef_graund_wave_main/ef_graund_wave_main_00004":{"y":15.91,"width":320,"height":192},"EF/0h/s12_ef_graund_wave_main/ef_graund_wave_main_00005":{"y":15.91,"width":320,"height":192},"EF/0h/s12_ef_graund_wave_main/ef_graund_wave_main_00006":{"y":15.91,"width":320,"height":192},"EF/0h/s12_ef_graund_wave_main/ef_graund_wave_main_00007":{"y":15.91,"width":320,"height":192},"EF/0h/s12_ef_graund_wave_main/ef_graund_wave_main_00008":{"y":15.91,"width":320,"height":192},"EF/0h/s12_ef_graund_wave_main/ef_graund_wave_main_00009":{"y":15.91,"width":320,"height":192},"EF/0h/s12_ef_graund_wave_main/ef_graund_wave_main_00010":{"y":15.91,"width":320,"height":192},"EF/0h/s12_ef_graund_wave_main/ef_graund_wave_main_00011":{"y":15.91,"width":320,"height":192},"EF/0h/s12_ef_graund_wave_main/ef_graund_wave_main_00012":{"y":15.91,"width":320,"height":192},"EF/0h/s12_ef_graund_wave_main/ef_graund_wave_main_00013":{"y":15.91,"width":320,"height":192},"EF/0h/s12_ef_graund_wave_main/ef_graund_wave_main_00014":{"y":15.91,"width":320,"height":192}},"EF/0h/s12_ef_graund_wave_main/ef_graund_wave_main_4":{"EF/0h/s12_ef_graund_wave_main/ef_graund_wave_main_00001":{"y":15.91,"width":320,"height":192},"EF/0h/s12_ef_graund_wave_main/ef_graund_wave_main_00002":{"y":15.91,"width":320,"height":192},"EF/0h/s12_ef_graund_wave_main/ef_graund_wave_main_00003":{"y":15.91,"width":320,"height":192},"EF/0h/s12_ef_graund_wave_main/ef_graund_wave_main_00004":{"y":15.91,"width":320,"height":192},"EF/0h/s12_ef_graund_wave_main/ef_graund_wave_main_00005":{"y":15.91,"width":320,"height":192},"EF/0h/s12_ef_graund_wave_main/ef_graund_wave_main_00006":{"y":15.91,"width":320,"height":192},"EF/0h/s12_ef_graund_wave_main/ef_graund_wave_main_00007":{"y":15.91,"width":320,"height":192},"EF/0h/s12_ef_graund_wave_main/ef_graund_wave_main_00008":{"y":15.91,"width":320,"height":192},"EF/0h/s12_ef_graund_wave_main/ef_graund_wave_main_00009":{"y":15.91,"width":320,"height":192},"EF/0h/s12_ef_graund_wave_main/ef_graund_wave_main_00010":{"y":15.91,"width":320,"height":192},"EF/0h/s12_ef_graund_wave_main/ef_graund_wave_main_00011":{"y":15.91,"width":320,"height":192},"EF/0h/s12_ef_graund_wave_main/ef_graund_wave_main_00012":{"y":15.91,"width":320,"height":192},"EF/0h/s12_ef_graund_wave_main/ef_graund_wave_main_00013":{"y":15.91,"width":320,"height":192},"EF/0h/s12_ef_graund_wave_main/ef_graund_wave_main_00014":{"y":15.91,"width":320,"height":192}},"EF/0h/s12_ef_graund_wave_main/ef_graund_wave_main_5":{"EF/0h/s12_ef_graund_wave_main/ef_graund_wave_main_00001":{"y":15.91,"width":320,"height":192},"EF/0h/s12_ef_graund_wave_main/ef_graund_wave_main_00002":{"y":15.91,"width":320,"height":192},"EF/0h/s12_ef_graund_wave_main/ef_graund_wave_main_00003":{"y":15.91,"width":320,"height":192},"EF/0h/s12_ef_graund_wave_main/ef_graund_wave_main_00004":{"y":15.91,"width":320,"height":192},"EF/0h/s12_ef_graund_wave_main/ef_graund_wave_main_00005":{"y":15.91,"width":320,"height":192},"EF/0h/s12_ef_graund_wave_main/ef_graund_wave_main_00006":{"y":15.91,"width":320,"height":192},"EF/0h/s12_ef_graund_wave_main/ef_graund_wave_main_00007":{"y":15.91,"width":320,"height":192},"EF/0h/s12_ef_graund_wave_main/ef_graund_wave_main_00008":{"y":15.91,"width":320,"height":192},"EF/0h/s12_ef_graund_wave_main/ef_graund_wave_main_00009":{"y":15.91,"width":320,"height":192},"EF/0h/s12_ef_graund_wave_main/ef_graund_wave_main_00010":{"y":15.91,"width":320,"height":192},"EF/0h/s12_ef_graund_wave_main/ef_graund_wave_main_00011":{"y":15.91,"width":320,"height":192},"EF/0h/s12_ef_graund_wave_main/ef_graund_wave_main_00012":{"y":15.91,"width":320,"height":192},"EF/0h/s12_ef_graund_wave_main/ef_graund_wave_main_00013":{"y":15.91,"width":320,"height":192},"EF/0h/s12_ef_graund_wave_main/ef_graund_wave_main_00014":{"y":15.91,"width":320,"height":192}},"EF/0h/s1_ef_slash_A_main/ef_slash_A_main_00001":{"EF/0h/s1_ef_slash_A_main/ef_slash_A_main_00001":{"width":180,"height":180},"EF/0h/s1_ef_slash_A_main/ef_slash_A_main_00002":{"width":180,"height":180},"EF/0h/s1_ef_slash_A_main/ef_slash_A_main_00003":{"width":180,"height":180},"EF/0h/s1_ef_slash_A_main/ef_slash_A_main_00004":{"width":180,"height":180},"EF/0h/s1_ef_slash_A_main/ef_slash_A_main_00005":{"width":180,"height":180},"EF/0h/s1_ef_slash_A_main/ef_slash_A_main_00006":{"width":180,"height":180},"EF/0h/s1_ef_slash_A_main/ef_slash_A_main_00007":{"width":180,"height":180},"EF/0h/s1_ef_slash_A_main/ef_slash_A_main_00008":{"width":180,"height":180},"EF/0h/s1_ef_slash_A_main/ef_slash_A_main_00009":{"width":180,"height":180}},"EF/0h/s2_ef_OF_main/ef_OF_main_00001":{"EF/0h/s2_ef_OF_main/ef_OF_main_00001":{"width":320,"height":320}},"EF/0h/s2_ef_OF_main2/ef_OF_main 2_00001":{"EF/0h/s2_ef_OF_main2/ef_OF_main 2_00001":{"width":320,"height":320}},"EF/0h/s2_ef_blade_main/ef_blade_main_00001":{"EF/0h/s2_ef_blade_main/ef_blade_main_00001":{"x":-126.8,"width":400,"height":150},"EF/0h/s2_ef_blade_main/ef_blade_main_00002":{"x":-126.8,"width":400,"height":150},"EF/0h/s2_ef_blade_main/ef_blade_main_00003":{"x":-126.8,"width":400,"height":150},"EF/0h/s2_ef_blade_main/ef_blade_main_00004":{"x":-126.8,"width":400,"height":150},"EF/0h/s2_ef_blade_main/ef_blade_main_00005":{"x":-126.8,"width":400,"height":150},"EF/0h/s2_ef_blade_main/ef_blade_main_00006":{"x":-126.8,"width":400,"height":150},"EF/0h/s2_ef_blade_main/ef_blade_main_00007":{"x":-126.8,"width":400,"height":150},"EF/0h/s2_ef_blade_main/ef_blade_main_00008":{"x":-126.8,"width":400,"height":150},"EF/0h/s2_ef_blade_main/ef_blade_main_00009":{"x":-126.8,"width":400,"height":150},"EF/0h/s2_ef_blade_main/ef_blade_main_00010":{"x":-126.8,"width":400,"height":150},"EF/0h/s2_ef_blade_main/ef_blade_main_00011":{"x":-126.8,"width":400,"height":150},"EF/0h/s2_ef_blade_main/ef_blade_main_00012":{"x":-126.8,"width":400,"height":150},"EF/0h/s2_ef_blade_main/ef_blade_main_00013":{"x":-126.8,"width":400,"height":150},"EF/0h/s2_ef_blade_main/ef_blade_main_00014":{"x":-126.8,"width":400,"height":150}},"EF/0h/s2_ef_blade_main/ef_blade_main_1":{"EF/0h/s2_ef_blade_main/ef_blade_main_00001":{"x":-126.8,"width":400,"height":150},"EF/0h/s2_ef_blade_main/ef_blade_main_00002":{"x":-126.8,"width":400,"height":150},"EF/0h/s2_ef_blade_main/ef_blade_main_00003":{"x":-126.8,"width":400,"height":150},"EF/0h/s2_ef_blade_main/ef_blade_main_00004":{"x":-126.8,"width":400,"height":150},"EF/0h/s2_ef_blade_main/ef_blade_main_00005":{"x":-126.8,"width":400,"height":150},"EF/0h/s2_ef_blade_main/ef_blade_main_00006":{"x":-126.8,"width":400,"height":150},"EF/0h/s2_ef_blade_main/ef_blade_main_00007":{"x":-126.8,"width":400,"height":150},"EF/0h/s2_ef_blade_main/ef_blade_main_00008":{"x":-126.8,"width":400,"height":150},"EF/0h/s2_ef_blade_main/ef_blade_main_00009":{"x":-126.8,"width":400,"height":150},"EF/0h/s2_ef_blade_main/ef_blade_main_00010":{"x":-126.8,"width":400,"height":150},"EF/0h/s2_ef_blade_main/ef_blade_main_00011":{"x":-126.8,"width":400,"height":150},"EF/0h/s2_ef_blade_main/ef_blade_main_00012":{"x":-126.8,"width":400,"height":150},"EF/0h/s2_ef_blade_main/ef_blade_main_00013":{"x":-126.8,"width":400,"height":150},"EF/0h/s2_ef_blade_main/ef_blade_main_00014":{"x":-126.8,"width":400,"height":150}},"EF/0h/s2_ef_blade_main/ef_blade_main_10":{"EF/0h/s2_ef_blade_main/ef_blade_main_00001":{"x":107.3,"y":67.29,"rotation":-147.88,"width":400,"height":150},"EF/0h/s2_ef_blade_main/ef_blade_main_00002":{"x":107.3,"y":67.29,"rotation":-147.88,"width":400,"height":150},"EF/0h/s2_ef_blade_main/ef_blade_main_00003":{"x":107.3,"y":67.29,"rotation":-147.88,"width":400,"height":150},"EF/0h/s2_ef_blade_main/ef_blade_main_00004":{"x":107.3,"y":67.29,"rotation":-147.88,"width":400,"height":150},"EF/0h/s2_ef_blade_main/ef_blade_main_00005":{"x":107.3,"y":67.29,"rotation":-147.88,"width":400,"height":150},"EF/0h/s2_ef_blade_main/ef_blade_main_00006":{"x":107.3,"y":67.29,"rotation":-147.88,"width":400,"height":150},"EF/0h/s2_ef_blade_main/ef_blade_main_00007":{"x":107.3,"y":67.29,"rotation":-147.88,"width":400,"height":150},"EF/0h/s2_ef_blade_main/ef_blade_main_00008":{"x":107.3,"y":67.29,"rotation":-147.88,"width":400,"height":150},"EF/0h/s2_ef_blade_main/ef_blade_main_00009":{"x":107.3,"y":67.29,"rotation":-147.88,"width":400,"height":150},"EF/0h/s2_ef_blade_main/ef_blade_main_00010":{"x":107.3,"y":67.29,"rotation":-147.88,"width":400,"height":150},"EF/0h/s2_ef_blade_main/ef_blade_main_00011":{"x":107.3,"y":67.29,"rotation":-147.88,"width":400,"height":150},"EF/0h/s2_ef_blade_main/ef_blade_main_00012":{"x":107.3,"y":67.29,"rotation":-147.88,"width":400,"height":150},"EF/0h/s2_ef_blade_main/ef_blade_main_00013":{"x":107.3,"y":67.29,"rotation":-147.88,"width":400,"height":150},"EF/0h/s2_ef_blade_main/ef_blade_main_00014":{"x":107.3,"y":67.29,"rotation":-147.88,"width":400,"height":150}},"EF/0h/s2_ef_blade_main/ef_blade_main_2":{"EF/0h/s2_ef_blade_main/ef_blade_main_00001":{"x":-126.8,"width":400,"height":150},"EF/0h/s2_ef_blade_main/ef_blade_main_00002":{"x":-126.8,"width":400,"height":150},"EF/0h/s2_ef_blade_main/ef_blade_main_00003":{"x":-126.8,"width":400,"height":150},"EF/0h/s2_ef_blade_main/ef_blade_main_00004":{"x":-126.8,"width":400,"height":150},"EF/0h/s2_ef_blade_main/ef_blade_main_00005":{"x":-126.8,"width":400,"height":150},"EF/0h/s2_ef_blade_main/ef_blade_main_00006":{"x":-126.8,"width":400,"height":150},"EF/0h/s2_ef_blade_main/ef_blade_main_00007":{"x":-126.8,"width":400,"height":150},"EF/0h/s2_ef_blade_main/ef_blade_main_00008":{"x":-126.8,"width":400,"height":150},"EF/0h/s2_ef_blade_main/ef_blade_main_00009":{"x":-126.8,"width":400,"height":150},"EF/0h/s2_ef_blade_main/ef_blade_main_00010":{"x":-126.8,"width":400,"height":150},"EF/0h/s2_ef_blade_main/ef_blade_main_00011":{"x":-126.8,"width":400,"height":150},"EF/0h/s2_ef_blade_main/ef_blade_main_00012":{"x":-126.8,"width":400,"height":150},"EF/0h/s2_ef_blade_main/ef_blade_main_00013":{"x":-126.8,"width":400,"height":150},"EF/0h/s2_ef_blade_main/ef_blade_main_00014":{"x":-126.8,"width":400,"height":150}},"EF/0h/s2_ef_blade_main/ef_blade_main_3":{"EF/0h/s2_ef_blade_main/ef_blade_main_00001":{"x":-126.8,"width":400,"height":150},"EF/0h/s2_ef_blade_main/ef_blade_main_00002":{"x":-126.8,"width":400,"height":150},"EF/0h/s2_ef_blade_main/ef_blade_main_00003":{"x":-126.8,"width":400,"height":150},"EF/0h/s2_ef_blade_main/ef_blade_main_00004":{"x":-126.8,"width":400,"height":150},"EF/0h/s2_ef_blade_main/ef_blade_main_00005":{"x":-126.8,"width":400,"height":150},"EF/0h/s2_ef_blade_main/ef_blade_main_00006":{"x":-126.8,"width":400,"height":150},"EF/0h/s2_ef_blade_main/ef_blade_main_00007":{"x":-126.8,"width":400,"height":150},"EF/0h/s2_ef_blade_main/ef_blade_main_00008":{"x":-126.8,"width":400,"height":150},"EF/0h/s2_ef_blade_main/ef_blade_main_00009":{"x":-126.8,"width":400,"height":150},"EF/0h/s2_ef_blade_main/ef_blade_main_00010":{"x":-126.8,"width":400,"height":150},"EF/0h/s2_ef_blade_main/ef_blade_main_00011":{"x":-126.8,"width":400,"height":150},"EF/0h/s2_ef_blade_main/ef_blade_main_00012":{"x":-126.8,"width":400,"height":150},"EF/0h/s2_ef_blade_main/ef_blade_main_00013":{"x":-126.8,"width":400,"height":150},"EF/0h/s2_ef_blade_main/ef_blade_main_00014":{"x":-126.8,"width":400,"height":150}},"EF/0h/s2_ef_blade_main/ef_blade_main_4":{"EF/0h/s2_ef_blade_main/ef_blade_main_00001":{"x":-126.8,"width":400,"height":150},"EF/0h/s2_ef_blade_main/ef_blade_main_00002":{"x":-126.8,"width":400,"height":150},"EF/0h/s2_ef_blade_main/ef_blade_main_00003":{"x":-126.8,"width":400,"height":150},"EF/0h/s2_ef_blade_main/ef_blade_main_00004":{"x":-126.8,"width":400,"height":150},"EF/0h/s2_ef_blade_main/ef_blade_main_00005":{"x":-126.8,"width":400,"height":150},"EF/0h/s2_ef_blade_main/ef_blade_main_00006":{"x":-126.8,"width":400,"height":150},"EF/0h/s2_ef_blade_main/ef_blade_main_00007":{"x":-126.8,"width":400,"height":150},"EF/0h/s2_ef_blade_main/ef_blade_main_00008":{"x":-126.8,"width":400,"height":150},"EF/0h/s2_ef_blade_main/ef_blade_main_00009":{"x":-126.8,"width":400,"height":150},"EF/0h/s2_ef_blade_main/ef_blade_main_00010":{"x":-126.8,"width":400,"height":150},"EF/0h/s2_ef_blade_main/ef_blade_main_00011":{"x":-126.8,"width":400,"height":150},"EF/0h/s2_ef_blade_main/ef_blade_main_00012":{"x":-126.8,"width":400,"height":150},"EF/0h/s2_ef_blade_main/ef_blade_main_00013":{"x":-126.8,"width":400,"height":150},"EF/0h/s2_ef_blade_main/ef_blade_main_00014":{"x":-126.8,"width":400,"height":150}},"EF/0h/s2_ef_blade_main/ef_blade_main_5":{"EF/0h/s2_ef_blade_main/ef_blade_main_00001":{"x":-126.8,"width":400,"height":150},"EF/0h/s2_ef_blade_main/ef_blade_main_00002":{"x":-126.8,"width":400,"height":150},"EF/0h/s2_ef_blade_main/ef_blade_main_00003":{"x":-126.8,"width":400,"height":150},"EF/0h/s2_ef_blade_main/ef_blade_main_00004":{"x":-126.8,"width":400,"height":150},"EF/0h/s2_ef_blade_main/ef_blade_main_00005":{"x":-126.8,"width":400,"height":150},"EF/0h/s2_ef_blade_main/ef_blade_main_00006":{"x":-126.8,"width":400,"height":150},"EF/0h/s2_ef_blade_main/ef_blade_main_00007":{"x":-126.8,"width":400,"height":150},"EF/0h/s2_ef_blade_main/ef_blade_main_00008":{"x":-126.8,"width":400,"height":150},"EF/0h/s2_ef_blade_main/ef_blade_main_00009":{"x":-126.8,"width":400,"height":150},"EF/0h/s2_ef_blade_main/ef_blade_main_00010":{"x":-126.8,"width":400,"height":150},"EF/0h/s2_ef_blade_main/ef_blade_main_00011":{"x":-126.8,"width":400,"height":150},"EF/0h/s2_ef_blade_main/ef_blade_main_00012":{"x":-126.8,"width":400,"height":150},"EF/0h/s2_ef_blade_main/ef_blade_main_00013":{"x":-126.8,"width":400,"height":150},"EF/0h/s2_ef_blade_main/ef_blade_main_00014":{"x":-126.8,"width":400,"height":150}},"EF/0h/s2_ef_blade_main/ef_blade_main_6":{"EF/0h/s2_ef_blade_main/ef_blade_main_00001":{"x":-126.8,"width":400,"height":150},"EF/0h/s2_ef_blade_main/ef_blade_main_00002":{"x":-126.8,"width":400,"height":150},"EF/0h/s2_ef_blade_main/ef_blade_main_00003":{"x":-126.8,"width":400,"height":150},"EF/0h/s2_ef_blade_main/ef_blade_main_00004":{"x":-126.8,"width":400,"height":150},"EF/0h/s2_ef_blade_main/ef_blade_main_00005":{"x":-126.8,"width":400,"height":150},"EF/0h/s2_ef_blade_main/ef_blade_main_00006":{"x":-126.8,"width":400,"height":150},"EF/0h/s2_ef_blade_main/ef_blade_main_00007":{"x":-126.8,"width":400,"height":150},"EF/0h/s2_ef_blade_main/ef_blade_main_00008":{"x":-126.8,"width":400,"height":150},"EF/0h/s2_ef_blade_main/ef_blade_main_00009":{"x":-126.8,"width":400,"height":150},"EF/0h/s2_ef_blade_main/ef_blade_main_00010":{"x":-126.8,"width":400,"height":150},"EF/0h/s2_ef_blade_main/ef_blade_main_00011":{"x":-126.8,"width":400,"height":150},"EF/0h/s2_ef_blade_main/ef_blade_main_00012":{"x":-126.8,"width":400,"height":150},"EF/0h/s2_ef_blade_main/ef_blade_main_00013":{"x":-126.8,"width":400,"height":150},"EF/0h/s2_ef_blade_main/ef_blade_main_00014":{"x":-126.8,"width":400,"height":150}},"EF/0h/s2_ef_blade_main/ef_blade_main_7":{"EF/0h/s2_ef_blade_main/ef_blade_main_00001":{"x":-126.8,"width":400,"height":150},"EF/0h/s2_ef_blade_main/ef_blade_main_00002":{"x":-126.8,"width":400,"height":150},"EF/0h/s2_ef_blade_main/ef_blade_main_00003":{"x":-126.8,"width":400,"height":150},"EF/0h/s2_ef_blade_main/ef_blade_main_00004":{"x":-126.8,"width":400,"height":150},"EF/0h/s2_ef_blade_main/ef_blade_main_00005":{"x":-126.8,"width":400,"height":150},"EF/0h/s2_ef_blade_main/ef_blade_main_00006":{"x":-126.8,"width":400,"height":150},"EF/0h/s2_ef_blade_main/ef_blade_main_00007":{"x":-126.8,"width":400,"height":150},"EF/0h/s2_ef_blade_main/ef_blade_main_00008":{"x":-126.8,"width":400,"height":150},"EF/0h/s2_ef_blade_main/ef_blade_main_00009":{"x":-126.8,"width":400,"height":150},"EF/0h/s2_ef_blade_main/ef_blade_main_00010":{"x":-126.8,"width":400,"height":150},"EF/0h/s2_ef_blade_main/ef_blade_main_00011":{"x":-126.8,"width":400,"height":150},"EF/0h/s2_ef_blade_main/ef_blade_main_00012":{"x":-126.8,"width":400,"height":150},"EF/0h/s2_ef_blade_main/ef_blade_main_00013":{"x":-126.8,"width":400,"height":150},"EF/0h/s2_ef_blade_main/ef_blade_main_00014":{"x":-126.8,"width":400,"height":150}},"EF/0h/s2_ef_blade_main/ef_blade_main_8":{"EF/0h/s2_ef_blade_main/ef_blade_main_00001":{"x":-126.8,"width":400,"height":150},"EF/0h/s2_ef_blade_main/ef_blade_main_00002":{"x":-126.8,"width":400,"height":150},"EF/0h/s2_ef_blade_main/ef_blade_main_00003":{"x":-126.8,"width":400,"height":150},"EF/0h/s2_ef_blade_main/ef_blade_main_00004":{"x":-126.8,"width":400,"height":150},"EF/0h/s2_ef_blade_main/ef_blade_main_00005":{"x":-126.8,"width":400,"height":150},"EF/0h/s2_ef_blade_main/ef_blade_main_00006":{"x":-126.8,"width":400,"height":150},"EF/0h/s2_ef_blade_main/ef_blade_main_00007":{"x":-126.8,"width":400,"height":150},"EF/0h/s2_ef_blade_main/ef_blade_main_00008":{"x":-126.8,"width":400,"height":150},"EF/0h/s2_ef_blade_main/ef_blade_main_00009":{"x":-126.8,"width":400,"height":150},"EF/0h/s2_ef_blade_main/ef_blade_main_00010":{"x":-126.8,"width":400,"height":150},"EF/0h/s2_ef_blade_main/ef_blade_main_00011":{"x":-126.8,"width":400,"height":150},"EF/0h/s2_ef_blade_main/ef_blade_main_00012":{"x":-126.8,"width":400,"height":150},"EF/0h/s2_ef_blade_main/ef_blade_main_00013":{"x":-126.8,"width":400,"height":150},"EF/0h/s2_ef_blade_main/ef_blade_main_00014":{"x":-126.8,"width":400,"height":150}},"EF/0h/s2_ef_blade_main/ef_blade_main_9":{"EF/0h/s2_ef_blade_main/ef_blade_main_00001":{"x":-126.8,"width":400,"height":150},"EF/0h/s2_ef_blade_main/ef_blade_main_00002":{"x":-126.8,"width":400,"height":150},"EF/0h/s2_ef_blade_main/ef_blade_main_00003":{"x":-126.8,"width":400,"height":150},"EF/0h/s2_ef_blade_main/ef_blade_main_00004":{"x":-126.8,"width":400,"height":150},"EF/0h/s2_ef_blade_main/ef_blade_main_00005":{"x":-126.8,"width":400,"height":150},"EF/0h/s2_ef_blade_main/ef_blade_main_00006":{"x":-126.8,"width":400,"height":150},"EF/0h/s2_ef_blade_main/ef_blade_main_00007":{"x":-126.8,"width":400,"height":150},"EF/0h/s2_ef_blade_main/ef_blade_main_00008":{"x":-126.8,"width":400,"height":150},"EF/0h/s2_ef_blade_main/ef_blade_main_00009":{"x":-126.8,"width":400,"height":150},"EF/0h/s2_ef_blade_main/ef_blade_main_00010":{"x":-126.8,"width":400,"height":150},"EF/0h/s2_ef_blade_main/ef_blade_main_00011":{"x":-126.8,"width":400,"height":150},"EF/0h/s2_ef_blade_main/ef_blade_main_00012":{"x":-126.8,"width":400,"height":150},"EF/0h/s2_ef_blade_main/ef_blade_main_00013":{"x":-126.8,"width":400,"height":150},"EF/0h/s2_ef_blade_main/ef_blade_main_00014":{"x":-126.8,"width":400,"height":150}},"EF/0h/s2_ef_graund_rock_A_main/ef_graund_rock_A_main_00001":{"EF/0h/s2_ef_graund_rock_A_main/ef_graund_rock_A_main_00001":{"y":14.94,"width":300,"height":200},"EF/0h/s2_ef_graund_rock_A_main/ef_graund_rock_A_main_00002":{"y":14.94,"width":300,"height":200},"EF/0h/s2_ef_graund_rock_A_main/ef_graund_rock_A_main_00003":{"y":14.94,"width":300,"height":200},"EF/0h/s2_ef_graund_rock_A_main/ef_graund_rock_A_main_00004":{"y":14.94,"width":300,"height":200},"EF/0h/s2_ef_graund_rock_A_main/ef_graund_rock_A_main_00005":{"y":14.94,"width":300,"height":200},"EF/0h/s2_ef_graund_rock_A_main/ef_graund_rock_A_main_00006":{"y":14.94,"width":300,"height":200},"EF/0h/s2_ef_graund_rock_A_main/ef_graund_rock_A_main_00007":{"y":14.94,"width":300,"height":200},"EF/0h/s2_ef_graund_rock_A_main/ef_graund_rock_A_main_00008":{"y":14.94,"width":300,"height":200}},"EF/0h/s2_ef_graund_rock_A_main/ef_graund_rock_A_main_1":{"EF/0h/s2_ef_graund_rock_A_main/ef_graund_rock_A_main_00001":{"y":14.94,"width":300,"height":200},"EF/0h/s2_ef_graund_rock_A_main/ef_graund_rock_A_main_00002":{"y":14.94,"width":300,"height":200},"EF/0h/s2_ef_graund_rock_A_main/ef_graund_rock_A_main_00003":{"y":14.94,"width":300,"height":200},"EF/0h/s2_ef_graund_rock_A_main/ef_graund_rock_A_main_00004":{"y":14.94,"width":300,"height":200},"EF/0h/s2_ef_graund_rock_A_main/ef_graund_rock_A_main_00005":{"y":14.94,"width":300,"height":200},"EF/0h/s2_ef_graund_rock_A_main/ef_graund_rock_A_main_00006":{"y":14.94,"width":300,"height":200},"EF/0h/s2_ef_graund_rock_A_main/ef_graund_rock_A_main_00007":{"y":14.94,"width":300,"height":200},"EF/0h/s2_ef_graund_rock_A_main/ef_graund_rock_A_main_00008":{"y":14.94,"width":300,"height":200}},"EF/0h/s2_ef_graund_rock_A_main/ef_graund_rock_A_main_2":{"EF/0h/s2_ef_graund_rock_A_main/ef_graund_rock_A_main_00001":{"y":14.94,"width":300,"height":200},"EF/0h/s2_ef_graund_rock_A_main/ef_graund_rock_A_main_00002":{"y":14.94,"width":300,"height":200},"EF/0h/s2_ef_graund_rock_A_main/ef_graund_rock_A_main_00003":{"y":14.94,"width":300,"height":200},"EF/0h/s2_ef_graund_rock_A_main/ef_graund_rock_A_main_00004":{"y":14.94,"width":300,"height":200},"EF/0h/s2_ef_graund_rock_A_main/ef_graund_rock_A_main_00005":{"y":14.94,"width":300,"height":200},"EF/0h/s2_ef_graund_rock_A_main/ef_graund_rock_A_main_00006":{"y":14.94,"width":300,"height":200},"EF/0h/s2_ef_graund_rock_A_main/ef_graund_rock_A_main_00007":{"y":14.94,"width":300,"height":200},"EF/0h/s2_ef_graund_rock_A_main/ef_graund_rock_A_main_00008":{"y":14.94,"width":300,"height":200}},"EF/0h/s2_ef_slash_B_main/ef_slash_B_main_00001":{"EF/0h/s2_ef_slash_B_main/ef_slash_B_main_00001":{"x":-57.01,"y":14.58,"width":180,"height":180},"EF/0h/s2_ef_slash_B_main/ef_slash_B_main_00002":{"x":-57.01,"y":14.58,"width":180,"height":180},"EF/0h/s2_ef_slash_B_main/ef_slash_B_main_00003":{"x":-57.01,"y":14.58,"width":180,"height":180},"EF/0h/s2_ef_slash_B_main/ef_slash_B_main_00004":{"x":-57.01,"y":14.58,"width":180,"height":180},"EF/0h/s2_ef_slash_B_main/ef_slash_B_main_00005":{"x":-57.01,"y":14.58,"width":180,"height":180},"EF/0h/s2_ef_slash_B_main/ef_slash_B_main_00006":{"x":-57.01,"y":14.58,"width":180,"height":180},"EF/0h/s2_ef_slash_B_main/ef_slash_B_main_00007":{"x":-57.01,"y":14.58,"width":180,"height":180},"EF/0h/s2_ef_slash_B_main/ef_slash_B_main_00008":{"x":-57.01,"y":14.58,"width":180,"height":180},"EF/0h/s2_ef_slash_B_main/ef_slash_B_main_00009":{"x":-57.01,"y":14.58,"width":180,"height":180}},"EF/0h/s2_ef_slash_B_main/ef_slash_B_main_1":{"EF/0h/s2_ef_slash_B_main/ef_slash_B_main_00001":{"x":-57.01,"y":14.58,"width":180,"height":180},"EF/0h/s2_ef_slash_B_main/ef_slash_B_main_00002":{"x":-57.01,"y":14.58,"width":180,"height":180},"EF/0h/s2_ef_slash_B_main/ef_slash_B_main_00003":{"x":-57.01,"y":14.58,"width":180,"height":180},"EF/0h/s2_ef_slash_B_main/ef_slash_B_main_00004":{"x":-57.01,"y":14.58,"width":180,"height":180},"EF/0h/s2_ef_slash_B_main/ef_slash_B_main_00005":{"x":-57.01,"y":14.58,"width":180,"height":180},"EF/0h/s2_ef_slash_B_main/ef_slash_B_main_00006":{"x":-57.01,"y":14.58,"width":180,"height":180},"EF/0h/s2_ef_slash_B_main/ef_slash_B_main_00007":{"x":-57.01,"y":14.58,"width":180,"height":180},"EF/0h/s2_ef_slash_B_main/ef_slash_B_main_00008":{"x":-57.01,"y":14.58,"width":180,"height":180},"EF/0h/s2_ef_slash_B_main/ef_slash_B_main_00009":{"x":-57.01,"y":14.58,"width":180,"height":180}},"EF/0h/s2_ef_slash_B_main/ef_slash_B_main_2":{"EF/0h/s2_ef_slash_B_main/ef_slash_B_main_00001":{"x":-57.01,"y":14.58,"width":180,"height":180},"EF/0h/s2_ef_slash_B_main/ef_slash_B_main_00002":{"x":-57.01,"y":14.58,"width":180,"height":180},"EF/0h/s2_ef_slash_B_main/ef_slash_B_main_00003":{"x":-57.01,"y":14.58,"width":180,"height":180},"EF/0h/s2_ef_slash_B_main/ef_slash_B_main_00004":{"x":-57.01,"y":14.58,"width":180,"height":180},"EF/0h/s2_ef_slash_B_main/ef_slash_B_main_00005":{"x":-57.01,"y":14.58,"width":180,"height":180},"EF/0h/s2_ef_slash_B_main/ef_slash_B_main_00006":{"x":-57.01,"y":14.58,"width":180,"height":180},"EF/0h/s2_ef_slash_B_main/ef_slash_B_main_00007":{"x":-57.01,"y":14.58,"width":180,"height":180},"EF/0h/s2_ef_slash_B_main/ef_slash_B_main_00008":{"x":-57.01,"y":14.58,"width":180,"height":180},"EF/0h/s2_ef_slash_B_main/ef_slash_B_main_00009":{"x":-57.01,"y":14.58,"width":180,"height":180}},"EF/0h/s2_ef_wave_A_main/ef_wave_A_main_00001":{"EF/0h/s2_ef_wave_A_main/ef_wave_A_main_00001":{"width":288,"height":288},"EF/0h/s2_ef_wave_A_main/ef_wave_A_main_00002":{"width":288,"height":288},"EF/0h/s2_ef_wave_A_main/ef_wave_A_main_00003":{"width":288,"height":288},"EF/0h/s2_ef_wave_A_main/ef_wave_A_main_00004":{"width":288,"height":288},"EF/0h/s2_ef_wave_A_main/ef_wave_A_main_00005":{"width":288,"height":288},"EF/0h/s2_ef_wave_A_main/ef_wave_A_main_00006":{"width":288,"height":288}},"EF/0h/s2_ef_wave_A_main/ef_wave_A_main_1":{"EF/0h/s2_ef_wave_A_main/ef_wave_A_main_00001":{"width":288,"height":288},"EF/0h/s2_ef_wave_A_main/ef_wave_A_main_00002":{"width":288,"height":288},"EF/0h/s2_ef_wave_A_main/ef_wave_A_main_00003":{"width":288,"height":288},"EF/0h/s2_ef_wave_A_main/ef_wave_A_main_00004":{"width":288,"height":288},"EF/0h/s2_ef_wave_A_main/ef_wave_A_main_00005":{"width":288,"height":288},"EF/0h/s2_ef_wave_A_main/ef_wave_A_main_00006":{"width":288,"height":288}},"EF/0h/s2_ef_wave_A_main/ef_wave_A_main_2":{"EF/0h/s2_ef_wave_A_main/ef_wave_A_main_00001":{"width":288,"height":288},"EF/0h/s2_ef_wave_A_main/ef_wave_A_main_00002":{"width":288,"height":288},"EF/0h/s2_ef_wave_A_main/ef_wave_A_main_00003":{"width":288,"height":288},"EF/0h/s2_ef_wave_A_main/ef_wave_A_main_00004":{"width":288,"height":288},"EF/0h/s2_ef_wave_A_main/ef_wave_A_main_00005":{"width":288,"height":288},"EF/0h/s2_ef_wave_A_main/ef_wave_A_main_00006":{"width":288,"height":288}},"EF/0h/s2_ef_wave_A_main/ef_wave_A_main_3":{"EF/0h/s2_ef_wave_A_main/ef_wave_A_main_00001":{"width":288,"height":288},"EF/0h/s2_ef_wave_A_main/ef_wave_A_main_00002":{"width":288,"height":288},"EF/0h/s2_ef_wave_A_main/ef_wave_A_main_00003":{"width":288,"height":288},"EF/0h/s2_ef_wave_A_main/ef_wave_A_main_00004":{"width":288,"height":288},"EF/0h/s2_ef_wave_A_main/ef_wave_A_main_00005":{"width":288,"height":288},"EF/0h/s2_ef_wave_A_main/ef_wave_A_main_00006":{"width":288,"height":288}},"EF/0h/s2_ef_wave_B_main/ef_wave_B_main_00001":{"EF/0h/s2_ef_wave_B_main/ef_wave_B_main_00001":{"width":150,"height":240},"EF/0h/s2_ef_wave_B_main/ef_wave_B_main_00002":{"width":150,"height":240},"EF/0h/s2_ef_wave_B_main/ef_wave_B_main_00003":{"width":150,"height":240},"EF/0h/s2_ef_wave_B_main/ef_wave_B_main_00004":{"width":150,"height":240},"EF/0h/s2_ef_wave_B_main/ef_wave_B_main_00005":{"width":150,"height":240},"EF/0h/s2_ef_wave_B_main/ef_wave_B_main_00006":{"width":150,"height":240},"EF/0h/s2_ef_wave_B_main/ef_wave_B_main_00007":{"width":150,"height":240}},"EF/0h/s2_ef_wave_B_main/ef_wave_B_main_1":{"EF/0h/s2_ef_wave_B_main/ef_wave_B_main_00001":{"width":150,"height":240},"EF/0h/s2_ef_wave_B_main/ef_wave_B_main_00002":{"width":150,"height":240},"EF/0h/s2_ef_wave_B_main/ef_wave_B_main_00003":{"width":150,"height":240},"EF/0h/s2_ef_wave_B_main/ef_wave_B_main_00004":{"width":150,"height":240},"EF/0h/s2_ef_wave_B_main/ef_wave_B_main_00005":{"width":150,"height":240},"EF/0h/s2_ef_wave_B_main/ef_wave_B_main_00006":{"width":150,"height":240},"EF/0h/s2_ef_wave_B_main/ef_wave_B_main_00007":{"width":150,"height":240}},"HITBOX":{"HITBOX":{"type":"boundingbox","vertices":[63.88246,-64.08539,63.88246,63.93052,-64.13345,63.93052,-64.13345,-64.58939]}},"MAIN":{"attack1_00":{"x":8.52,"y":8.33,"scaleX":2,"scaleY":2,"width":256,"height":256},"attack1_01":{"x":8.52,"y":8.33,"scaleX":2,"scaleY":2,"width":256,"height":256},"attack1_02":{"x":8.52,"y":8.33,"scaleX":2,"scaleY":2,"width":256,"height":256},"attack1_03":{"x":8.52,"y":8.33,"scaleX":2,"scaleY":2,"width":256,"height":256},"attack1_04":{"x":8.52,"y":8.33,"scaleX":2,"scaleY":2,"width":256,"height":256},"attack1_05":{"x":8.52,"y":8.33,"scaleX":2,"scaleY":2,"width":256,"height":256},"attack1_06":{"x":8.52,"y":8.33,"scaleX":2,"scaleY":2,"width":256,"height":256},"attack1_07":{"x":8.52,"y":8.33,"scaleX":2,"scaleY":2,"width":256,"height":256},"attack1_08":{"x":8.52,"y":8.33,"scaleX":2,"scaleY":2,"width":256,"height":256},"attack1_09":{"x":8.52,"y":8.33,"scaleX":2,"scaleY":2,"width":256,"height":256},"back_00":{"x":-4.87,"y":8.33,"scaleX":2,"scaleY":2,"width":256,"height":256},"damage_00":{"x":-4.87,"y":8.33,"scaleX":2,"scaleY":2,"width":256,"height":256},"front_00":{"x":-4.87,"y":8.33,"scaleX":2,"scaleY":2,"width":256,"height":256},"idle_00":{"x":-4.87,"y":8.33,"scaleX":2,"scaleY":2,"width":256,"height":256},"idle_01":{"x":-4.87,"y":8.33,"scaleX":2,"scaleY":2,"width":256,"height":256},"idle_02":{"x":-4.87,"y":8.33,"scaleX":2,"scaleY":2,"width":256,"height":256},"idle_03":{"x":-4.87,"y":8.33,"scaleX":2,"scaleY":2,"width":256,"height":256},"skill1_00":{"x":-4.87,"y":8.33,"scaleX":2,"scaleY":2,"width":256,"height":256},"skill1_01":{"x":-4.87,"y":8.33,"scaleX":2,"scaleY":2,"width":256,"height":256},"skill1_02":{"x":-4.87,"y":8.33,"scaleX":2,"scaleY":2,"width":256,"height":256},"skill1_03":{"x":-4.87,"y":8.33,"scaleX":2,"scaleY":2,"width":256,"height":256},"skill1_04":{"x":-4.87,"y":8.33,"scaleX":2,"scaleY":2,"width":256,"height":256},"skill1_05":{"x":-4.87,"y":8.33,"scaleX":2,"scaleY":2,"width":256,"height":256},"skill1_06":{"x":-4.87,"y":8.33,"scaleX":2,"scaleY":2,"width":256,"height":256},"skill1_07":{"x":-4.87,"y":8.33,"scaleX":2,"scaleY":2,"width":256,"height":256},"skill2_00":{"x":-4.87,"y":8.33,"scaleX":2,"scaleY":2,"width":256,"height":256},"skill2_01":{"x":-4.87,"y":8.33,"scaleX":2,"scaleY":2,"width":256,"height":256},"skill2_02":{"x":-4.87,"y":8.33,"scaleX":2,"scaleY":2,"width":256,"height":256},"skill2_03":{"x":-4.87,"y":8.33,"scaleX":2,"scaleY":2,"width":256,"height":256},"skill2_04":{"x":-4.87,"y":8.33,"scaleX":2,"scaleY":2,"width":256,"height":256},"skill2_05":{"x":-4.87,"y":8.33,"scaleX":2,"scaleY":2,"width":256,"height":256},"skill2_06":{"x":-4.87,"y":8.33,"scaleX":2,"scaleY":2,"width":256,"height":256},"skill2_07":{"x":-4.87,"y":8.33,"scaleX":2,"scaleY":2,"width":256,"height":256},"skill2_08":{"x":-4.87,"y":8.33,"scaleX":2,"scaleY":2,"width":256,"height":256},"skill2_09":{"x":-4.87,"y":8.33,"scaleX":2,"scaleY":2,"width":256,"height":256},"skill2_10":{"x":-4.87,"y":8.33,"scaleX":2,"scaleY":2,"width":256,"height":256}},"weapon_a":{"EF_weapon/attack1_00":{"y":-6.62,"scaleX":2,"scaleY":2,"width":256,"height":256},"EF_weapon/attack1_01":{"y":-11.04,"scaleX":2,"scaleY":2,"width":256,"height":256},"EF_weapon/attack1_02":{"y":-12.69,"scaleX":2,"scaleY":2,"width":256,"height":256},"EF_weapon/attack1_03":{"scaleX":2,"scaleY":2,"width":256,"height":256},"EF_weapon/attack1_04":{"scaleX":2,"scaleY":2,"width":256,"height":256},"EF_weapon/attack1_06":{"scaleX":2,"scaleY":2,"width":256,"height":256},"EF_weapon/attack1_07":{"x":23.73,"scaleX":2,"scaleY":2,"width":256,"height":256},"EF_weapon/attack1_08":{"x":26.49,"scaleX":2,"scaleY":2,"width":256,"height":256},"EF_weapon/attack1_10":{"x":4.96,"scaleX":2,"scaleY":2,"width":256,"height":256},"EF_weapon/attack1_11":{"x":-9.93,"scaleX":2,"scaleY":2,"width":256,"height":256},"EF_weapon/attack1_05a":{"scaleX":2,"scaleY":2,"width":256,"height":256},"EF_weapon/attack1_09a":{"y":23.73,"scaleX":2,"scaleY":2,"width":256,"height":256},"EF_weapon/back_00":{"x":20.62,"y":26.45,"scaleX":2,"scaleY":2,"width":256,"height":256},"EF_weapon/damege_00":{"x":-12.72,"y":18.3,"scaleX":2,"scaleY":2,"width":256,"height":256},"EF_weapon/front_00":{"x":22.36,"y":22.95,"scaleX":2,"scaleY":2,"width":256,"height":256},"EF_weapon/idle_00":{"x":-44.56,"y":20.63,"scaleX":2,"scaleY":2,"width":256,"height":256},"EF_weapon/idle_01":{"x":-44.56,"y":20.63,"scaleX":2,"scaleY":2,"width":256,"height":256},"EF_weapon/idle_02":{"x":-44.56,"y":20.63,"scaleX":2,"scaleY":2,"width":256,"height":256},"EF_weapon/idle_03":{"x":-44.56,"y":20.63,"scaleX":2,"scaleY":2,"width":256,"height":256},"EF_weapon/in_00":{"x":-4.07,"y":-4.95,"width":256,"height":256},"EF_weapon/skill1_00":{"x":1.42,"y":-6.22,"scaleX":2,"scaleY":2,"width":256,"height":256},"EF_weapon/skill1_01":{"x":12.86,"y":15.35,"scaleX":2,"scaleY":2,"width":256,"height":256},"EF_weapon/skill1_02":{"x":-44.56,"y":20.63,"scaleX":2,"scaleY":2,"width":256,"height":256},"EF_weapon/skill1_03":{"x":-44.56,"y":20.63,"scaleX":2,"scaleY":2,"width":256,"height":256},"EF_weapon/skill1_04":{"x":-44.56,"y":20.63,"scaleX":2,"scaleY":2,"width":256,"height":256},"EF_weapon/skill1_05":{"x":12.86,"y":15.35,"scaleX":2,"scaleY":2,"width":256,"height":256},"EF_weapon/skill2_00":{"y":20.63,"scaleX":2,"scaleY":2,"width":256,"height":256},"EF_weapon/skill2_01":{"y":20.63,"scaleX":2,"scaleY":2,"width":256,"height":256},"EF_weapon/skill2_02":{"y":20.63,"scaleX":2,"scaleY":2,"width":256,"height":256},"EF_weapon/skill2_03":{"y":20.63,"scaleX":2,"scaleY":2,"width":256,"height":256},"EF_weapon/skill2_04":{"y":20.63,"scaleX":2,"scaleY":2,"width":256,"height":256},"EF_weapon/skill2_05":{"y":20.63,"scaleX":2,"scaleY":2,"width":256,"height":256},"EF_weapon/skill2_06":{"x":0.59,"y":-6.01,"scaleX":2,"scaleY":2,"width":256,"height":256},"EF_weapon/skill2_07":{"x":-7.25,"y":-9.68,"scaleX":2,"scaleY":2,"width":256,"height":256},"EF_weapon/skill2_08":{"x":10.7,"y":38.37,"scaleX":2,"scaleY":2,"width":256,"height":256}},"weapon_b":{"EF_weapon/attack1_05b":{"scaleX":2,"scaleY":2,"width":256,"height":256},"EF_weapon/attack1_09b":{"y":23.74,"scaleX":2,"scaleY":2,"width":256,"height":256}}}},"events":{"Event":{},"Event2":{},"Hit":{},"Sound1":{},"Sound2":{},"Sound3":{},"Voice":{}},"animations":{"attack1":{"slots":{"DAMAGEAREA":{"attachment":[{"time":0.6666,"name":"DAMAGEAREA"},{"time":0.7333,"name":null},{"time":1,"name":"DAMAGEAREA"},{"time":1.0666,"name":null},{"time":1.3333,"name":"DAMAGEAREA"},{"time":1.4,"name":null}]},"MAIN":{"attachment":[{"time":0,"name":"attack1_00"},{"time":0.3333,"name":"attack1_01"},{"time":0.4333,"name":"attack1_02"},{"time":0.6666,"name":"attack1_03"},{"time":0.7333,"name":"attack1_04"},{"time":0.8,"name":"attack1_05"},{"time":0.8666,"name":"attack1_02"},{"time":1,"name":"attack1_03"},{"time":1.0666,"name":"attack1_04"},{"time":1.1666,"name":"attack1_05"},{"time":1.2,"name":"attack1_06"},{"time":1.2666,"name":"attack1_07"},{"time":1.3333,"name":"attack1_08"},{"time":1.5,"name":"skill2_02"},{"time":1.5666,"name":"idle_00"}]},"weapon_a":{"attachment":[{"time":0,"name":"EF_weapon/attack1_00"},{"time":0.1,"name":"EF_weapon/attack1_01"},{"time":0.1333,"name":"EF_weapon/attack1_02"},{"time":0.3333,"name":"EF_weapon/attack1_03"},{"time":0.4333,"name":"EF_weapon/attack1_05a"},{"time":0.6666,"name":"EF_weapon/attack1_06"},{"time":0.8,"name":"EF_weapon/attack1_04"},{"time":0.8666,"name":"EF_weapon/attack1_05a"},{"time":1,"name":"EF_weapon/attack1_06"},{"time":1.1666,"name":"EF_weapon/attack1_04"},{"time":1.2,"name":"EF_weapon/attack1_07"},{"time":1.2666,"name":"EF_weapon/attack1_09a"},{"time":1.3333,"name":"EF_weapon/attack1_10"},{"time":1.5,"name":"EF_weapon/attack1_01"},{"time":1.5333,"name":"EF_weapon/attack1_00"},{"time":1.5666,"name":"EF_weapon/idle_00"}]},"weapon_b":{"attachment":[{"time":0.4333,"name":"EF_weapon/attack1_05b"},{"time":0.6666,"name":null},{"time":0.8666,"name":"EF_weapon/attack1_05b"},{"time":1,"name":null},{"time":1.2666,"name":"EF_weapon/attack1_09b"},{"time":1.3333,"name":null}]}},"bones":{"MAIN":{"translate":[{"time":0,"x":0,"y":0,"curve":"stepped"},{"time":0.3333,"x":-46.04,"y":0,"curve":"stepped"},{"time":1.2,"x":-46.04,"y":0},{"time":1.2666,"x":-41.83,"y":18.25,"curve":[0.776,0,0.8,1]},{"time":1.3333,"x":-32.89,"y":18.25,"curve":[0.067,0.61,0.75,1]},{"time":1.5,"x":-5.11,"y":16.09},{"time":1.5666,"x":-5,"y":-0.52,"curve":[0.149,0.42,0.75,1]},{"time":1.6666,"x":0,"y":0}]},"EF_weapon1_1":{"rotate":[{"time":1.5,"angle":125.69,"curve":"stepped"},{"time":1.5666,"angle":0}],"translate":[{"time":0,"x":-36.8,"y":97.65,"curve":"stepped"},{"time":0.1,"x":-36.8,"y":86.06,"curve":"stepped"},{"time":0.3333,"x":-69.37,"y":22.58,"curve":"stepped"},{"time":0.4333,"x":-92.55,"y":14.85,"curve":"stepped"},{"time":0.8,"x":-92.55,"y":14.85,"curve":"stepped"},{"time":1.1666,"x":-92.55,"y":14.85,"curve":"stepped"},{"time":1.2,"x":-74.89,"y":18.16,"curve":"stepped"},{"time":1.2666,"x":-66.65,"y":27.99,"curve":"stepped"},{"time":1.3333,"x":-86.77,"y":36.48,"curve":"stepped"},{"time":1.5,"x":-73.29,"y":5.03,"curve":"stepped"},{"time":1.5666,"x":0,"y":0}]},"DAMAGEAREA":{"translate":[{"time":0.6666,"x":-385.05,"y":30.75}],"scale":[{"time":0.6666,"x":5.998,"y":0.451}]}},"drawOrder":[{"time":1.5,"offsets":[{"slot":"weapon_a","offset":1}]},{"time":1.5666}],"events":[{"time":0,"name":"Event","float":0.15,"string":"kHitStopType_normal"},{"time":0.0333,"name":"Event","string":"setHitEffect(hit03c,1)"},{"time":0.6333,"name":"Sound1","string":"cri_se_battle_arrow"},{"time":0.6333,"name":"Sound2","string":"setHitSound(se_battle_017_sword_hit_01)"},{"time":0.6333,"name":"Voice","string":"cri_194_voice_attack_random"},{"time":0.9666,"name":"Sound1","string":"cri_se_battle_arrow"},{"time":1,"name":"Hit","string":"resetHitList"},{"time":1.3,"name":"Sound1","string":"cri_se_battle_arrow"},{"time":1.3,"name":"Voice","string":"cri_194_voice_attack_c"},{"time":1.3333,"name":"Hit","string":"resetHitList"}]},"back":{"slots":{"MAIN":{"attachment":[{"time":0.0333,"name":"back_00"},{"time":0.3,"name":"idle_03"},{"time":0.4666,"name":"idle_00"}]},"weapon_a":{"attachment":[{"time":0,"name":"EF_weapon/skill2_06"},{"time":0.0333,"name":"EF_weapon/back_00"},{"time":0.2666,"name":"EF_weapon/skill1_03"},{"time":0.3,"name":"EF_weapon/idle_03"},{"time":0.4666,"name":"EF_weapon/idle_00"}],"color":[{"time":0.0333,"color":"ffffffff"}]}},"bones":{"MAIN":{"rotate":[{"time":0,"angle":0,"curve":"stepped"},{"time":0.5,"angle":0}],"translate":[{"time":0,"x":0,"y":0},{"time":0.0333,"x":48.29,"y":9.85},{"time":0.1,"x":89.89,"y":24.17},{"time":0.2666,"x":124.99,"y":-2.92},{"time":0.3,"x":128,"y":0,"curve":[0.1,0.66,0.75,1]},{"time":0.5,"x":140,"y":0}]},"EF_weapon1_1":{"rotate":[{"time":0,"angle":-127.66,"curve":"stepped"},{"time":0.0333,"angle":0,"curve":"stepped"},{"time":0.2666,"angle":-63.98,"curve":"stepped"},{"time":0.3,"angle":0}],"translate":[{"time":0,"x":15.21,"y":-3.04,"curve":"stepped"},{"time":0.0333,"x":-43.05,"y":-5.42,"curve":"stepped"},{"time":0.2666,"x":6.53,"y":-2.79,"curve":"stepped"},{"time":0.3,"x":0,"y":0}]}},"drawOrder":[{"time":0,"offsets":[{"slot":"weapon_a","offset":1}]},{"time":0.3}],"events":[{"time":0,"name":"Sound1","string":"cri_se_battle_jump"},{"time":0.3,"name":"Sound1","string":"cri_se_battle_landing"}]},"cast":{"slots":{"MAIN":{"attachment":[{"time":0,"name":"idle_00"},{"time":0.1666,"name":"attack1_00"},{"time":0.6666,"name":"attack1_01"}]},"weapon_a":{"attachment":[{"time":0,"name":null}]}},"bones":{"MAIN":{"translate":[{"time":0.1666,"x":0,"y":0,"curve":"stepped"},{"time":0.6666,"x":-46.04,"y":0}]},"EF_weapon1_1":{"translate":[{"time":0,"x":-36.8,"y":97.65}]}}},"damage":{"slots":{"MAIN":{"attachment":[{"time":0,"name":"damage_00"}]},"weapon_a":{"attachment":[{"time":0,"name":"EF_weapon/damege_00"}]}},"drawOrder":[{"time":0,"offsets":[{"slot":"weapon_a","offset":1}]}]},"front":{"slots":{"MAIN":{"attachment":[{"time":0,"name":"front_00"}]},"weapon_a":{"attachment":[{"time":0,"name":"EF_weapon/front_00"}]}},"bones":{"EF_weapon1_1":{"rotate":[{"time":0,"angle":2.63}],"translate":[{"time":0,"x":-11.35,"y":-4.71}]}},"drawOrder":[{"time":0,"offsets":[{"slot":"weapon_a","offset":1}]}]},"idle":{"slots":{"MAIN":{"attachment":[{"time":0,"name":"idle_00"},{"time":0.2333,"name":"idle_01"},{"time":0.4666,"name":"idle_02"},{"time":0.7,"name":"idle_03"},{"time":0.9333,"name":"idle_00"}]},"weapon_a":{"attachment":[{"time":0,"name":"EF_weapon/idle_00"},{"time":0.2333,"name":"EF_weapon/idle_01"},{"time":0.4666,"name":"EF_weapon/idle_02"},{"time":0.7,"name":"EF_weapon/idle_03"},{"time":0.9333,"name":"EF_weapon/idle_00"}]}},"bones":{"EF_weapon1_1":{"translate":[{"time":0,"x":0,"y":0}]}}},"in":{"slots":{"MAIN":{"attachment":[{"time":0,"name":"skill2_10"},{"time":0.5333,"name":"skill2_06"},{"time":0.6333,"name":"idle_03"},{"time":0.8,"name":"idle_00"}],"color":[{"time":0,"color":"ffffff00"},{"time":0.2,"color":"ffffffff"}]},"weapon_a":{"attachment":[{"time":0,"name":"EF_weapon/skill2_08"},{"time":0.0333,"name":"EF_weapon/back_00"},{"time":0.5333,"name":"EF_weapon/skill2_07"},{"time":0.6333,"name":"EF_weapon/idle_03"},{"time":0.8,"name":"EF_weapon/idle_00"}],"color":[{"time":0,"color":"ffffff00"},{"time":0.1333,"color":"ffffffff"}]}},"bones":{"EF_weapon1_1":{"rotate":[{"time":0,"angle":1.14,"curve":"stepped"},{"time":0.0333,"angle":-154.64,"curve":"stepped"},{"time":0.5333,"angle":0}],"translate":[{"time":0,"x":-84.35,"y":-24.3,"curve":"stepped"},{"time":0.0333,"x":-88.44,"y":-23.22,"curve":"stepped"},{"time":0.5333,"x":-11.29,"y":-15.3,"curve":"stepped"},{"time":0.6333,"x":0,"y":0}],"scale":[{"time":0.0333,"x":0.554,"y":0.554},{"time":0.3333,"x":1,"y":1}]}},"events":[{"time":0,"name":"Event","string":"takeSummon"}]},"skill1":{"slots":{"DAMAGEAREA":{"attachment":[{"time":0.9,"name":"DAMAGEAREA"},{"time":1.3,"name":null}]},"EF/0h/s12_ef_dash_main/ef_dash_main_00001":{"attachment":[{"time":0.3666,"name":"EF/0h/s12_ef_dash_main/ef_dash_main_00001"},{"time":0.4,"name":"EF/0h/s12_ef_dash_main/ef_dash_main_00002"},{"time":0.4333,"name":"EF/0h/s12_ef_dash_main/ef_dash_main_00003"},{"time":0.4666,"name":"EF/0h/s12_ef_dash_main/ef_dash_main_00004"},{"time":0.5,"name":"EF/0h/s12_ef_dash_main/ef_dash_main_00005"},{"time":0.5333,"name":"EF/0h/s12_ef_dash_main/ef_dash_main_00006"},{"time":0.5666,"name":"EF/0h/s12_ef_dash_main/ef_dash_main_00007"},{"time":0.6,"name":"EF/0h/s12_ef_dash_main/ef_dash_main_00008"},{"time":0.6333,"name":"EF/0h/s12_ef_dash_main/ef_dash_main_00009"},{"time":0.6666,"name":"EF/0h/s12_ef_dash_main/ef_dash_main_00010"},{"time":0.7,"name":"EF/0h/s12_ef_dash_main/ef_dash_main_00011"},{"time":0.7333,"name":"EF/0h/s12_ef_dash_main/ef_dash_main_00012"},{"time":0.7666,"name":"EF/0h/s12_ef_dash_main/ef_dash_main_00013"},{"time":0.8,"name":null},{"time":0.9333,"name":"EF/0h/s12_ef_dash_main/ef_dash_main_00005"},{"time":0.9666,"name":"EF/0h/s12_ef_dash_main/ef_dash_main_00006"},{"time":1,"name":"EF/0h/s12_ef_dash_main/ef_dash_main_00007"},{"time":1.0333,"name":"EF/0h/s12_ef_dash_main/ef_dash_main_00008"},{"time":1.0666,"name":"EF/0h/s12_ef_dash_main/ef_dash_main_00009"},{"time":1.1,"name":"EF/0h/s12_ef_dash_main/ef_dash_main_00010"},{"time":1.1333,"name":"EF/0h/s12_ef_dash_main/ef_dash_main_00011"},{"time":1.1666,"name":"EF/0h/s12_ef_dash_main/ef_dash_main_00012"},{"time":1.2,"name":"EF/0h/s12_ef_dash_main/ef_dash_main_00013"},{"time":1.2333,"name":null}]},"EF/0h/s12_ef_graund_wave_main/ef_graund_wave_main_00001":{"attachment":[{"time":0.3666,"name":"EF/0h/s12_ef_graund_wave_main/ef_graund_wave_main_00001"},{"time":0.4,"name":"EF/0h/s12_ef_graund_wave_main/ef_graund_wave_main_00002"},{"time":0.4333,"name":"EF/0h/s12_ef_graund_wave_main/ef_graund_wave_main_00003"},{"time":0.4666,"name":"EF/0h/s12_ef_graund_wave_main/ef_graund_wave_main_00004"},{"time":0.5,"name":"EF/0h/s12_ef_graund_wave_main/ef_graund_wave_main_00005"},{"time":0.5333,"name":"EF/0h/s12_ef_graund_wave_main/ef_graund_wave_main_00006"},{"time":0.5666,"name":"EF/0h/s12_ef_graund_wave_main/ef_graund_wave_main_00007"},{"time":0.6,"name":"EF/0h/s12_ef_graund_wave_main/ef_graund_wave_main_00008"},{"time":0.6333,"name":"EF/0h/s12_ef_graund_wave_main/ef_graund_wave_main_00009"},{"time":0.6666,"name":"EF/0h/s12_ef_graund_wave_main/ef_graund_wave_main_00010"},{"time":0.7,"name":"EF/0h/s12_ef_graund_wave_main/ef_graund_wave_main_00011"},{"time":0.7333,"name":"EF/0h/s12_ef_graund_wave_main/ef_graund_wave_main_00012"},{"time":0.7666,"name":"EF/0h/s12_ef_graund_wave_main/ef_graund_wave_main_00013"},{"time":0.8,"name":"EF/0h/s12_ef_graund_wave_main/ef_graund_wave_main_00014"},{"time":0.8333,"name":null},{"time":1,"name":"EF/0h/s12_ef_graund_wave_main/ef_graund_wave_main_00001"},{"time":1.0333,"name":"EF/0h/s12_ef_graund_wave_main/ef_graund_wave_main_00002"},{"time":1.0666,"name":"EF/0h/s12_ef_graund_wave_main/ef_graund_wave_main_00003"},{"time":1.1,"name":"EF/0h/s12_ef_graund_wave_main/ef_graund_wave_main_00004"},{"time":1.1333,"name":"EF/0h/s12_ef_graund_wave_main/ef_graund_wave_main_00005"},{"time":1.1666,"name":"EF/0h/s12_ef_graund_wave_main/ef_graund_wave_main_00006"},{"time":1.2,"name":"EF/0h/s12_ef_graund_wave_main/ef_graund_wave_main_00007"},{"time":1.2333,"name":"EF/0h/s12_ef_graund_wave_main/ef_graund_wave_main_00008"},{"time":1.2666,"name":"EF/0h/s12_ef_graund_wave_main/ef_graund_wave_main_00009"},{"time":1.3,"name":"EF/0h/s12_ef_graund_wave_main/ef_graund_wave_main_00010"},{"time":1.3333,"name":"EF/0h/s12_ef_graund_wave_main/ef_graund_wave_main_00011"},{"time":1.3666,"name":"EF/0h/s12_ef_graund_wave_main/ef_graund_wave_main_00012"},{"time":1.4,"name":"EF/0h/s12_ef_graund_wave_main/ef_graund_wave_main_00013"},{"time":1.4333,"name":"EF/0h/s12_ef_graund_wave_main/ef_graund_wave_main_00014"},{"time":1.4666,"name":null}]},"EF/0h/s1_ef_slash_A_main/ef_slash_A_main_00001":{"attachment":[{"time":0.8333,"name":"EF/0h/s1_ef_slash_A_main/ef_slash_A_main_00001"},{"time":0.8666,"name":"EF/0h/s1_ef_slash_A_main/ef_slash_A_main_00002"},{"time":0.9,"name":"EF/0h/s1_ef_slash_A_main/ef_slash_A_main_00003"},{"time":0.9333,"name":"EF/0h/s1_ef_slash_A_main/ef_slash_A_main_00004"},{"time":0.9666,"name":"EF/0h/s1_ef_slash_A_main/ef_slash_A_main_00005"},{"time":1,"name":"EF/0h/s1_ef_slash_A_main/ef_slash_A_main_00006"},{"time":1.0333,"name":"EF/0h/s1_ef_slash_A_main/ef_slash_A_main_00007"},{"time":1.0666,"name":"EF/0h/s1_ef_slash_A_main/ef_slash_A_main_00008"},{"time":1.1,"name":"EF/0h/s1_ef_slash_A_main/ef_slash_A_main_00009"},{"time":1.1333,"name":null}]},"MAIN":{"attachment":[{"time":0,"name":"idle_00"},{"time":0.0333,"name":"idle_01"},{"time":0.0666,"name":"skill1_00"},{"time":0.3666,"name":"skill1_01"},{"time":0.5,"name":"skill1_02"},{"time":0.6,"name":"skill1_03"},{"time":0.7,"name":"skill1_04"},{"time":0.8,"name":"skill1_02"},{"time":0.8666,"name":"front_00"},{"time":0.9,"name":"skill1_05"},{"time":0.9666,"name":"skill1_06"},{"time":1.0333,"name":"skill1_07"},{"time":1.1,"name":"skill1_05"},{"time":1.1666,"name":"skill1_06"},{"time":1.2333,"name":"skill1_07"},{"time":1.3,"name":"skill1_05"},{"time":1.4,"name":"skill1_06"},{"time":1.5,"name":"skill1_07"}]},"weapon_a":{"attachment":[{"time":0,"name":"EF_weapon/idle_00"},{"time":0.0333,"name":"EF_weapon/idle_01"},{"time":0.0666,"name":"EF_weapon/skill1_03"},{"time":0.3666,"name":"EF_weapon/skill1_00"},{"time":0.4333,"name":"EF_weapon/front_00"},{"time":0.8,"name":"EF_weapon/skill1_01"},{"time":0.8666,"name":"EF_weapon/skill1_05"},{"time":0.9,"name":"EF_weapon/skill1_02"}]}},"bones":{"MAIN":{"rotate":[{"time":0.8,"angle":0},{"time":0.8333,"angle":13.81,"curve":"stepped"},{"time":0.8666,"angle":17.8,"curve":"stepped"},{"time":0.9,"angle":0}],"translate":[{"time":0.0333,"x":0,"y":0,"curve":[0.091,0.61,0.75,1]},{"time":0.1333,"x":9.84,"y":0,"curve":"stepped"},{"time":0.3,"x":9.84,"y":0},{"time":0.3333,"x":2.5,"y":-7.79,"curve":[0.226,0.66,0.75,1]},{"time":0.5,"x":-89.36,"y":203.1},{"time":0.6333,"x":-104.05,"y":214.79},{"time":0.8,"x":-106.42,"y":215.6,"curve":[0.755,0,0.75,1]},{"time":0.9,"x":-240.11,"y":-2.44,"curve":[0.228,0.4,0.75,1]},{"time":1.1666,"x":-245,"y":-2.44}]},"EF_weapon1_1":{"rotate":[{"time":0.4333,"angle":-84.91,"curve":"stepped"},{"time":0.5,"angle":-5.89,"curve":"stepped"},{"time":0.8666,"angle":-177.78,"curve":"stepped"},{"time":0.9,"angle":0}],"translate":[{"time":0.0666,"x":-1.5,"y":2,"curve":"stepped"},{"time":0.3666,"x":8.12,"y":18.05,"curve":"stepped"},{"time":0.4333,"x":5.27,"y":25.41,"curve":"stepped"},{"time":0.5,"x":-53.98,"y":57.17,"curve":"stepped"},{"time":0.8,"x":-53.98,"y":52.32,"curve":"stepped"},{"time":0.8666,"x":-16.2,"y":-2.61,"curve":"stepped"},{"time":0.9,"x":15,"y":17.57}]},"ef_graund_wave_main":{"translate":[{"time":0.3666,"x":-100,"y":0,"curve":"stepped"},{"time":1,"x":-606.88,"y":0}],"scale":[{"time":0.3666,"x":2,"y":2,"curve":"stepped"},{"time":1,"x":2,"y":2},{"time":1.2333,"x":3,"y":3}]},"ef_dash_main":{"rotate":[{"time":0.9333,"angle":-35.45},{"time":1.2333,"angle":-28.16}],"translate":[{"time":0.9333,"x":-86.89,"y":47.46},{"time":1.1333,"x":-75.5,"y":45.25}],"scale":[{"time":0.3666,"x":2,"y":2,"curve":"stepped"},{"time":0.9333,"x":-1.693,"y":1.413},{"time":1.2666,"x":-3.5,"y":3.5}]},"ef_slash_A_main":{"translate":[{"time":0.8333,"x":-140.43,"y":12.46},{"time":0.9,"x":-96.94,"y":152.13}],"scale":[{"time":0.8333,"x":3,"y":3},{"time":0.9,"x":3.5,"y":3.5}]},"DAMAGEAREA":{"translate":[{"time":0.9,"x":-230.09,"y":112.1},{"time":1.1,"x":-368.75,"y":112.1}],"scale":[{"time":0.9,"x":3.445,"y":3.445},{"time":1.1,"x":6.393,"y":3.445}]}},"drawOrder":[{"time":0.3666,"offsets":[{"slot":"weapon_a","offset":1}]},{"time":0.5},{"time":0.8666,"offsets":[{"slot":"weapon_a","offset":1}]},{"time":1.6666}],"events":[{"time":0,"name":"Event","float":0.3,"string":"kHitStopType_normal"},{"time":0.3666,"name":"Sound1","string":"cri_se_battle_arrow_light_effect"},{"time":0.3666,"name":"Sound2","string":"cri_se_battle_skill_shot"},{"time":0.3666,"name":"Voice","string":"cri_194_voice_skill_all"},{"time":0.5,"name":"Sound1","string":"cri_se_battle_charge_completion"},{"time":0.8333,"name":"Sound1","string":"cri_se_battle_skill_swish"},{"time":0.8666,"name":"Event","string":"setHitBackEnemy(40,0)"},{"time":0.9,"name":"Event2","string":"shakeGround"},{"time":0.9,"name":"Sound1","string":"cri_se_battle_spark_rise"},{"time":0.9,"name":"Sound2","string":"setHitSound(se_battle_007_attack_hit_01)"},{"time":0.9333,"name":"Event","float":0.01,"string":"kHitStopType_normal"},{"time":0.9666,"name":"Event","string":"resetAddConditionList"},{"time":0.9666,"name":"Hit","string":"resetHitList"},{"time":1,"name":"Event2","string":"shakeGround"},{"time":1.0333,"name":"Event","string":"resetAddConditionList"},{"time":1.0333,"name":"Hit","string":"resetHitList"},{"time":1.0333,"name":"Sound1","string":"cri_se_battle_thunder_small"},{"time":1.0666,"name":"Event2","string":"shakeGround"},{"time":1.1,"name":"Event","string":"resetAddConditionList"},{"time":1.1,"name":"Hit","string":"resetHitList"},{"time":1.1666,"name":"Event","string":"resetAddConditionList"},{"time":1.1666,"name":"Hit","string":"resetHitList"},{"time":1.2,"name":"Event","string":"resetAddConditionList"},{"time":1.2,"name":"Event2","string":"shakeGround"},{"time":1.2333,"name":"Event","string":"kImpactType_knock"},{"time":1.2333,"name":"Hit","string":"resetHitList"}]},"skill2":{"slots":{"DAMAGEAREA":{"attachment":[{"time":0.7333,"name":"DAMAGEAREA"},{"time":1.4666,"name":null},{"time":2.3333,"name":"DAMAGEAREA"},{"time":2.5333,"name":null}]},"EF/0h/s12_ef_dash_main/ef_dash_main_00001":{"attachment":[{"time":0.2333,"name":"EF/0h/s12_ef_dash_main/ef_dash_main_00001"},{"time":0.2666,"name":"EF/0h/s12_ef_dash_main/ef_dash_main_00002"},{"time":0.3,"name":"EF/0h/s12_ef_dash_main/ef_dash_main_00003"},{"time":0.3333,"name":"EF/0h/s12_ef_dash_main/ef_dash_main_00004"},{"time":0.3666,"name":"EF/0h/s12_ef_dash_main/ef_dash_main_00005"},{"time":0.4,"name":"EF/0h/s12_ef_dash_main/ef_dash_main_00006"},{"time":0.4333,"name":"EF/0h/s12_ef_dash_main/ef_dash_main_00007"},{"time":0.4666,"name":"EF/0h/s12_ef_dash_main/ef_dash_main_00008"},{"time":0.5,"name":"EF/0h/s12_ef_dash_main/ef_dash_main_00009"},{"time":0.5333,"name":"EF/0h/s12_ef_dash_main/ef_dash_main_00010"},{"time":0.5666,"name":"EF/0h/s12_ef_dash_main/ef_dash_main_00011"},{"time":0.6,"name":"EF/0h/s12_ef_dash_main/ef_dash_main_00012"},{"time":0.6333,"name":"EF/0h/s12_ef_dash_main/ef_dash_main_00013"},{"time":0.6666,"name":null}]},"EF/0h/s12_ef_graund_wave_main/ef_graund_wave_main_00001":{"attachment":[{"time":0.2333,"name":"EF/0h/s12_ef_graund_wave_main/ef_graund_wave_main_00001"},{"time":0.2666,"name":"EF/0h/s12_ef_graund_wave_main/ef_graund_wave_main_00002"},{"time":0.3,"name":"EF/0h/s12_ef_graund_wave_main/ef_graund_wave_main_00003"},{"time":0.3333,"name":"EF/0h/s12_ef_graund_wave_main/ef_graund_wave_main_00004"},{"time":0.3666,"name":"EF/0h/s12_ef_graund_wave_main/ef_graund_wave_main_00005"},{"time":0.4,"name":"EF/0h/s12_ef_graund_wave_main/ef_graund_wave_main_00006"},{"time":0.4333,"name":"EF/0h/s12_ef_graund_wave_main/ef_graund_wave_main_00007"},{"time":0.4666,"name":"EF/0h/s12_ef_graund_wave_main/ef_graund_wave_main_00008"},{"time":0.5,"name":"EF/0h/s12_ef_graund_wave_main/ef_graund_wave_main_00009"},{"time":0.5333,"name":"EF/0h/s12_ef_graund_wave_main/ef_graund_wave_main_00010"},{"time":0.5666,"name":"EF/0h/s12_ef_graund_wave_main/ef_graund_wave_main_00011"},{"time":0.6,"name":"EF/0h/s12_ef_graund_wave_main/ef_graund_wave_main_00012"},{"time":0.6333,"name":"EF/0h/s12_ef_graund_wave_main/ef_graund_wave_main_00013"},{"time":0.6666,"name":"EF/0h/s12_ef_graund_wave_main/ef_graund_wave_main_00014"},{"time":0.7,"name":null},{"time":2.2333,"name":"EF/0h/s12_ef_graund_wave_main/ef_graund_wave_main_00001"},{"time":2.2666,"name":"EF/0h/s12_ef_graund_wave_main/ef_graund_wave_main_00002"},{"time":2.3,"name":"EF/0h/s12_ef_graund_wave_main/ef_graund_wave_main_00003"},{"time":2.3333,"name":"EF/0h/s12_ef_graund_wave_main/ef_graund_wave_main_00004"},{"time":2.3666,"name":"EF/0h/s12_ef_graund_wave_main/ef_graund_wave_main_00005"},{"time":2.4,"name":"EF/0h/s12_ef_graund_wave_main/ef_graund_wave_main_00006"},{"time":2.4333,"name":"EF/0h/s12_ef_graund_wave_main/ef_graund_wave_main_00007"},{"time":2.4666,"name":"EF/0h/s12_ef_graund_wave_main/ef_graund_wave_main_00008"},{"time":2.5,"name":"EF/0h/s12_ef_graund_wave_main/ef_graund_wave_main_00009"},{"time":2.5333,"name":"EF/0h/s12_ef_graund_wave_main/ef_graund_wave_main_00010"},{"time":2.5666,"name":"EF/0h/s12_ef_graund_wave_main/ef_graund_wave_main_00011"},{"time":2.6,"name":"EF/0h/s12_ef_graund_wave_main/ef_graund_wave_main_00012"},{"time":2.6333,"name":"EF/0h/s12_ef_graund_wave_main/ef_graund_wave_main_00013"},{"time":2.6666,"name":"EF/0h/s12_ef_graund_wave_main/ef_graund_wave_main_00014"},{"time":2.7,"name":null}]},"EF/0h/s2_ef_OF_main/ef_OF_main_00001":{"attachment":[{"time":0.5333,"name":"EF/0h/s2_ef_OF_main/ef_OF_main_00001"},{"time":0.7,"name":"EF/0h/s2_ef_OF_main/ef_OF_main_00001"},{"time":0.8666,"name":"EF/0h/s2_ef_OF_main/ef_OF_main_00001"},{"time":1.0333,"name":null},{"time":2.2666,"name":"EF/0h/s2_ef_OF_main/ef_OF_main_00001"},{"time":2.4666,"name":null}]},"EF/0h/s2_ef_OF_main2/ef_OF_main 2_00001":{"attachment":[{"time":1.9,"name":"EF/0h/s2_ef_OF_main2/ef_OF_main 2_00001"}],"color":[{"time":2.0333,"color":"ffffffff"},{"time":2.1,"color":"ffffff00"}]},"EF/0h/s2_ef_blade_main/ef_blade_main_00001":{"attachment":[{"time":2.2666,"name":"EF/0h/s2_ef_blade_main/ef_blade_main_00001"},{"time":2.3,"name":"EF/0h/s2_ef_blade_main/ef_blade_main_00002"},{"time":2.3333,"name":"EF/0h/s2_ef_blade_main/ef_blade_main_00003"},{"time":2.3666,"name":"EF/0h/s2_ef_blade_main/ef_blade_main_00004"},{"time":2.4,"name":"EF/0h/s2_ef_blade_main/ef_blade_main_00005"},{"time":2.4333,"name":"EF/0h/s2_ef_blade_main/ef_blade_main_00006"},{"time":2.4666,"name":"EF/0h/s2_ef_blade_main/ef_blade_main_00007"},{"time":2.5,"name":"EF/0h/s2_ef_blade_main/ef_blade_main_00008"},{"time":2.5333,"name":"EF/0h/s2_ef_blade_main/ef_blade_main_00009"},{"time":2.5666,"name":"EF/0h/s2_ef_blade_main/ef_blade_main_00010"},{"time":2.6,"name":"EF/0h/s2_ef_blade_main/ef_blade_main_00011"},{"time":2.6333,"name":"EF/0h/s2_ef_blade_main/ef_blade_main_00012"},{"time":2.6666,"name":"EF/0h/s2_ef_blade_main/ef_blade_main_00013"},{"time":2.7,"name":"EF/0h/s2_ef_blade_main/ef_blade_main_00014"},{"time":2.7333,"name":null}]},"EF/0h/s2_ef_slash_B_main/ef_slash_B_main_00001":{"attachment":[{"time":2.2333,"name":"EF/0h/s2_ef_slash_B_main/ef_slash_B_main_00001"},{"time":2.2666,"name":"EF/0h/s2_ef_slash_B_main/ef_slash_B_main_00002"},{"time":2.3,"name":"EF/0h/s2_ef_slash_B_main/ef_slash_B_main_00003"},{"time":2.3333,"name":"EF/0h/s2_ef_slash_B_main/ef_slash_B_main_00004"},{"time":2.3666,"name":"EF/0h/s2_ef_slash_B_main/ef_slash_B_main_00005"},{"time":2.4,"name":"EF/0h/s2_ef_slash_B_main/ef_slash_B_main_00006"},{"time":2.4333,"name":"EF/0h/s2_ef_slash_B_main/ef_slash_B_main_00007"},{"time":2.4666,"name":"EF/0h/s2_ef_slash_B_main/ef_slash_B_main_00008"},{"time":2.5,"name":"EF/0h/s2_ef_slash_B_main/ef_slash_B_main_00009"},{"time":2.5333,"name":null}]},"EF/0h/s2_ef_wave_A_main/ef_wave_A_main_00001":{"attachment":[{"time":0.5333,"name":"EF/0h/s2_ef_wave_A_main/ef_wave_A_main_00001"},{"time":0.5666,"name":"EF/0h/s2_ef_wave_A_main/ef_wave_A_main_00002"},{"time":0.6,"name":"EF/0h/s2_ef_wave_A_main/ef_wave_A_main_00003"},{"time":0.6333,"name":"EF/0h/s2_ef_wave_A_main/ef_wave_A_main_00004"},{"time":0.6666,"name":"EF/0h/s2_ef_wave_A_main/ef_wave_A_main_00005"},{"time":0.7,"name":"EF/0h/s2_ef_wave_A_main/ef_wave_A_main_00006"},{"time":0.7333,"name":null},{"time":0.8666,"name":"EF/0h/s2_ef_wave_A_main/ef_wave_A_main_00001"},{"time":0.9,"name":"EF/0h/s2_ef_wave_A_main/ef_wave_A_main_00002"},{"time":0.9333,"name":"EF/0h/s2_ef_wave_A_main/ef_wave_A_main_00003"},{"time":0.9666,"name":"EF/0h/s2_ef_wave_A_main/ef_wave_A_main_00004"},{"time":1,"name":"EF/0h/s2_ef_wave_A_main/ef_wave_A_main_00005"},{"time":1.0333,"name":"EF/0h/s2_ef_wave_A_main/ef_wave_A_main_00006"},{"time":1.0666,"name":null},{"time":2.2666,"name":"EF/0h/s2_ef_wave_A_main/ef_wave_A_main_00001"},{"time":2.3,"name":"EF/0h/s2_ef_wave_A_main/ef_wave_A_main_00002"},{"time":2.3333,"name":"EF/0h/s2_ef_wave_A_main/ef_wave_A_main_00003"},{"time":2.3666,"name":"EF/0h/s2_ef_wave_A_main/ef_wave_A_main_00004"},{"time":2.4,"name":"EF/0h/s2_ef_wave_A_main/ef_wave_A_main_00005"},{"time":2.4333,"name":"EF/0h/s2_ef_wave_A_main/ef_wave_A_main_00006"},{"time":2.4666,"name":null}]},"EF/0h/s2_ef_wave_A_main/ef_wave_A_main_1":{"attachment":[{"time":0.7,"name":"EF/0h/s2_ef_wave_A_main/ef_wave_A_main_00001"},{"time":0.7333,"name":"EF/0h/s2_ef_wave_A_main/ef_wave_A_main_00002"},{"time":0.7666,"name":"EF/0h/s2_ef_wave_A_main/ef_wave_A_main_00003"},{"time":0.8,"name":"EF/0h/s2_ef_wave_A_main/ef_wave_A_main_00004"},{"time":0.8333,"name":"EF/0h/s2_ef_wave_A_main/ef_wave_A_main_00005"},{"time":0.8666,"name":"EF/0h/s2_ef_wave_A_main/ef_wave_A_main_00006"},{"time":0.9,"name":null}]},"EF/0h/s2_ef_wave_B_main/ef_wave_B_main_00001":{"attachment":[{"time":0.6333,"name":"EF/0h/s2_ef_wave_B_main/ef_wave_B_main_00001"},{"time":0.6666,"name":"EF/0h/s2_ef_wave_B_main/ef_wave_B_main_00002"},{"time":0.7,"name":"EF/0h/s2_ef_wave_B_main/ef_wave_B_main_00003"},{"time":0.7333,"name":"EF/0h/s2_ef_wave_B_main/ef_wave_B_main_00004"},{"time":0.7666,"name":"EF/0h/s2_ef_wave_B_main/ef_wave_B_main_00005"},{"time":0.8,"name":"EF/0h/s2_ef_wave_B_main/ef_wave_B_main_00006"},{"time":0.8333,"name":"EF/0h/s2_ef_wave_B_main/ef_wave_B_main_00007"},{"time":0.8666,"name":null},{"time":0.9666,"name":"EF/0h/s2_ef_wave_B_main/ef_wave_B_main_00001"},{"time":1,"name":"EF/0h/s2_ef_wave_B_main/ef_wave_B_main_00002"},{"time":1.0333,"name":"EF/0h/s2_ef_wave_B_main/ef_wave_B_main_00003"},{"time":1.0666,"name":"EF/0h/s2_ef_wave_B_main/ef_wave_B_main_00004"},{"time":1.1,"name":"EF/0h/s2_ef_wave_B_main/ef_wave_B_main_00005"},{"time":1.1333,"name":"EF/0h/s2_ef_wave_B_main/ef_wave_B_main_00006"},{"time":1.1666,"name":"EF/0h/s2_ef_wave_B_main/ef_wave_B_main_00007"},{"time":1.2,"name":null}]},"EF/0h/s2_ef_wave_B_main/ef_wave_B_main_1":{"attachment":[{"time":0.8,"name":"EF/0h/s2_ef_wave_B_main/ef_wave_B_main_00001"},{"time":0.8333,"name":"EF/0h/s2_ef_wave_B_main/ef_wave_B_main_00002"},{"time":0.8666,"name":"EF/0h/s2_ef_wave_B_main/ef_wave_B_main_00003"},{"time":0.9,"name":"EF/0h/s2_ef_wave_B_main/ef_wave_B_main_00004"},{"time":0.9333,"name":"EF/0h/s2_ef_wave_B_main/ef_wave_B_main_00005"},{"time":0.9666,"name":"EF/0h/s2_ef_wave_B_main/ef_wave_B_main_00006"},{"time":1,"name":"EF/0h/s2_ef_wave_B_main/ef_wave_B_main_00007"},{"time":1.0333,"name":null}]},"MAIN":{"attachment":[{"time":0,"name":"idle_00"},{"time":0.0333,"name":"idle_01"},{"time":0.0666,"name":"skill1_00"},{"time":0.2333,"name":"skill2_00"},{"time":0.4,"name":"skill2_01"},{"time":0.4666,"name":"skill2_02"},{"time":0.5333,"name":"skill2_03"},{"time":0.6333,"name":"skill2_04"},{"time":0.7,"name":"skill2_03"},{"time":0.8,"name":"skill2_04"},{"time":0.9,"name":"skill2_03"},{"time":1,"name":"skill2_04"},{"time":1.4,"name":"skill2_04"},{"time":1.4333,"name":"skill2_05"},{"time":1.7333,"name":"skill1_00"},{"time":1.7666,"name":"skill2_06"},{"time":2.2333,"name":"skill2_07"},{"time":2.2666,"name":"skill2_08"},{"time":2.3,"name":"skill2_09"},{"time":2.3666,"name":"skill2_07"},{"time":2.4333,"name":"skill2_08"},{"time":2.5,"name":"skill2_09"},{"time":2.5666,"name":"skill2_07"},{"time":2.6333,"name":"skill2_08"},{"time":2.7,"name":"skill2_09"},{"time":2.7666,"name":"skill2_07"},{"time":2.8333,"name":"skill2_08"},{"time":2.9,"name":"skill2_09"},{"time":2.9666,"name":"skill2_07"},{"time":3.0666,"name":"skill2_08"},{"time":3.1666,"name":"skill2_09"},{"time":3.2666,"name":"skill2_07"},{"time":3.3666,"name":"skill2_08"},{"time":3.4666,"name":"skill2_09"},{"time":3.8333,"name":"idle_00"}]},"weapon_a":{"attachment":[{"time":0,"name":"EF_weapon/idle_00"},{"time":0.0333,"name":"EF_weapon/idle_01"},{"time":0.0666,"name":"EF_weapon/skill1_03"},{"time":0.2333,"name":"EF_weapon/skill1_00"},{"time":0.4,"name":"EF_weapon/skill2_00"},{"time":0.4333,"name":"EF_weapon/skill2_01"},{"time":0.4666,"name":"EF_weapon/skill2_02"},{"time":0.5333,"name":"EF_weapon/skill2_03"},{"time":0.6333,"name":"EF_weapon/skill2_04"},{"time":0.6666,"name":"EF_weapon/skill2_05"},{"time":0.7,"name":"EF_weapon/skill2_03"},{"time":0.8,"name":"EF_weapon/skill2_04"},{"time":0.8333,"name":"EF_weapon/skill2_05"},{"time":0.9,"name":"EF_weapon/skill2_03"},{"time":1,"name":"EF_weapon/skill2_04"},{"time":1.0333,"name":"EF_weapon/skill2_05"},{"time":1.0666,"name":"EF_weapon/skill2_03"},{"time":1.3333,"name":"EF_weapon/skill2_00"},{"time":1.4,"name":"EF_weapon/skill1_00"},{"time":1.4333,"name":"EF_weapon/skill2_06"},{"time":1.7333,"name":"EF_weapon/skill1_03"},{"time":1.7666,"name":"EF_weapon/skill2_07"},{"time":2.2333,"name":"EF_weapon/skill1_05"},{"time":2.2666,"name":"EF_weapon/front_00"},{"time":3.8333,"name":"EF_weapon/idle_00"}]}},"bones":{"MAIN":{"translate":[{"time":0,"x":0,"y":0,"curve":"stepped"},{"time":0.0666,"x":0,"y":0,"curve":[0.091,0.58,0.75,1]},{"time":0.1666,"x":8.06,"y":-5.37,"curve":"stepped"},{"time":0.2333,"x":8.06,"y":-5.37,"curve":[0.269,0.77,0.75,1]},{"time":0.6,"x":153.97,"y":331.67},{"time":0.6333,"x":179.36,"y":349.69},{"time":0.6666,"x":154.04,"y":332.62,"curve":[0.201,0.33,0.552,0.67]},{"time":0.7666,"x":171.24,"y":353.72},{"time":0.8,"x":203.22,"y":370.89},{"time":0.8333,"x":178.68,"y":362.86},{"time":0.9666,"x":189.11,"y":375.66},{"time":1,"x":224.2,"y":390.56},{"time":1.0333,"x":201.55,"y":375.24,"curve":[0.24,0.68,0.757,1]},{"time":1.4,"x":224.19,"y":392.94,"curve":"stepped"},{"time":1.4333,"x":180.06,"y":359.63},{"time":1.7333,"x":204.46,"y":-4.27,"curve":[0.215,0.4,0.62,0.77]},{"time":1.8333,"x":212.56,"y":-6.33,"curve":[0.382,0.62,0.748,1]},{"time":1.9,"x":214.55,"y":-4.27,"curve":"stepped"},{"time":2.1666,"x":214.55,"y":-4.27},{"time":2.2,"x":224.21,"y":-4.27},{"time":2.2333,"x":202.13,"y":-4.27,"curve":[0.251,0.47,0.75,1]},{"time":2.3666,"x":200.25,"y":-4.27}]},"EF_weapon1_1":{"rotate":[{"time":0.3333,"angle":-32.66,"curve":"stepped"},{"time":0.4,"angle":0,"curve":"stepped"},{"time":1.3333,"angle":-51.84,"curve":"stepped"},{"time":1.4333,"angle":0,"curve":"stepped"},{"time":1.7,"angle":-37.21,"curve":"stepped"},{"time":1.7333,"angle":1.73,"curve":"stepped"},{"time":2.2333,"angle":173.14,"curve":"stepped"},{"time":2.2666,"angle":114.98,"curve":"stepped"},{"time":3.8333,"angle":0}],"translate":[{"time":0.0666,"x":-1.5,"y":2,"curve":"stepped"},{"time":0.2333,"x":-33.79,"y":-2.32,"curve":"stepped"},{"time":0.4,"x":-50.49,"y":-9.88,"curve":"stepped"},{"time":0.4666,"x":-76.87,"y":6.53,"curve":"stepped"},{"time":0.5333,"x":-82.31,"y":11.01,"curve":"stepped"},{"time":1.3333,"x":-99.97,"y":21.1,"curve":"stepped"},{"time":1.4,"x":-82.63,"y":8.29,"curve":"stepped"},{"time":1.4333,"x":-20.23,"y":74.85,"curve":"stepped"},{"time":1.7,"x":-18.96,"y":76.89,"curve":"stepped"},{"time":1.7333,"x":-1.21,"y":3.26,"curve":"stepped"},{"time":1.7666,"x":-9.92,"y":-15.87,"curve":"stepped"},{"time":2.2333,"x":-117.85,"y":40.9,"curve":"stepped"},{"time":2.2666,"x":-119.06,"y":42.51,"curve":"stepped"},{"time":3.8333,"x":0,"y":0}],"scale":[{"time":1.3333,"x":1.335,"y":1.335,"curve":"stepped"},{"time":1.4,"x":1,"y":1,"curve":"stepped"},{"time":2.2333,"x":1,"y":-1,"curve":"stepped"},{"time":2.2666,"x":1,"y":1,"curve":"stepped"},{"time":3.8333,"x":1,"y":1}]},"ef_dash_main":{"translate":[{"time":0.2333,"x":-115.82,"y":0}],"scale":[{"time":0.2333,"x":-2,"y":2,"curve":[0.25,0,0.75,1]},{"time":0.4333,"x":-2.5,"y":2.5}]},"ef_graund_wave_main":{"translate":[{"time":0.2333,"x":-100,"y":0,"curve":"stepped"},{"time":2.2333,"x":82.98,"y":-7.9}],"scale":[{"time":0.2333,"x":3,"y":3,"curve":"stepped"},{"time":2.2333,"x":2,"y":2},{"time":2.6,"x":2.5,"y":2.5}]},"ef_wave_A":{"translate":[{"time":0.5333,"x":-411.56,"y":405.41,"curve":"stepped"},{"time":0.8666,"x":-357.36,"y":456.03,"curve":"stepped"},{"time":2.2666,"x":-592.43,"y":239.4}],"scale":[{"time":0.5333,"x":2,"y":2,"curve":"stepped"},{"time":0.8666,"x":2,"y":2,"curve":"stepped"},{"time":2.2666,"x":2,"y":2},{"time":2.4333,"x":2.5,"y":2.5}]},"ef_OF_main":{"translate":[{"time":0.5333,"x":-111.56,"y":405.41,"curve":"stepped"},{"time":0.7,"x":-68.15,"y":443.64,"curve":"stepped"},{"time":0.8666,"x":-57.05,"y":456.03,"curve":"stepped"},{"time":2.2666,"x":-292.55,"y":239.37}],"scale":[{"time":0.5333,"x":2,"y":2},{"time":0.6666,"x":0.126,"y":0.126,"curve":"stepped"},{"time":0.7,"x":2,"y":2},{"time":0.8333,"x":0.126,"y":0.126,"curve":"stepped"},{"time":0.8666,"x":2,"y":2},{"time":1,"x":0.126,"y":0.126,"curve":"stepped"},{"time":2.2666,"x":2,"y":2},{"time":2.4666,"x":0.197,"y":0.197}]},"ef_wave_A2":{"translate":[{"time":0.7,"x":-368.15,"y":443.64}],"scale":[{"time":0.7,"x":2,"y":2}]},"ef_wave_B":{"rotate":[{"time":0.6333,"angle":14.1,"curve":"stepped"},{"time":0.9666,"angle":14.1}],"translate":[{"time":0.6333,"x":88.43,"y":405.37,"curve":"stepped"},{"time":0.9666,"x":143,"y":455.91}],"scale":[{"time":0.6333,"x":3,"y":3,"curve":"stepped"},{"time":0.9666,"x":3,"y":3}]},"ef_wave_B2":{"rotate":[{"time":0.8,"angle":14.1}],"translate":[{"time":0.8,"x":131.74,"y":443.59}],"scale":[{"time":0.8,"x":3,"y":3}]},"ef_OF_main2":{"translate":[{"time":1.9,"x":-44.23,"y":29.09}],"scale":[{"time":1.9,"x":1.5,"y":1.5},{"time":2.1,"x":0.164,"y":0.164}]},"ef_slash_B":{"translate":[{"time":2.2333,"x":-176.39,"y":62.15}],"scale":[{"time":2.2333,"x":3,"y":3},{"time":2.3666,"x":3.5,"y":3.5}]},"ef_blade_main":{"rotate":[{"time":2.2666,"angle":-34.56}],"translate":[{"time":2.2666,"x":-191.49,"y":102.77}],"scale":[{"time":2.2666,"x":2.7,"y":3}]},"DAMAGEAREA":{"translate":[{"time":0.7333,"x":-382.73,"y":181.29,"curve":"stepped"},{"time":2.3333,"x":-188.85,"y":282.01}],"scale":[{"time":0.7333,"x":6.013,"y":6.013,"curve":"stepped"},{"time":2.3333,"x":9.042,"y":6.013}]}},"drawOrder":[{"time":0.2333,"offsets":[{"slot":"weapon_a","offset":1}]},{"time":1.7666},{"time":2.3}],"events":[{"time":0,"name":"Event","float":0.15,"string":"kHitStopType_normal"},{"time":0,"name":"Voice","string":"cri_194_voice_fullarts_now"},{"time":0.2333,"name":"Sound1","string":"cri_se_battle_arrow_light_effect"},{"time":0.2333,"name":"Sound2","string":"cri_se_battle_skill_shot"},{"time":0.2666,"name":"Event","string":"runScript-addBuff"},{"time":0.5333,"name":"Sound1","string":"cri_se_battle_gun_burst"},{"time":0.5333,"name":"Sound2","string":"setHitSound(se_battle_007_attack_hit_01)"},{"time":0.5666,"name":"Event2","string":"shakeGround"},{"time":0.7,"name":"Event2","string":"shakeGround"},{"time":0.7,"name":"Sound1","string":"cri_se_battle_gun_burst"},{"time":0.7,"name":"Sound3","string":"setHitSound(se_battle_018_sword_hit_02)"},{"time":0.8666,"name":"Event2","string":"shakeGround"},{"time":0.8666,"name":"Sound1","string":"cri_se_battle_gun_burst"},{"time":0.9,"name":"Hit","float":1,"string":"resetHitList"},{"time":1.0333,"name":"Sound1","string":"cri_se_battle_gun_burst"},{"time":1.0666,"name":"Event2","string":"shakeGround"},{"time":1.0666,"name":"Hit","float":2,"string":"resetHitList"},{"time":1.2,"name":"Sound1","string":"cri_se_battle_gun_burst"},{"time":1.2666,"name":"Hit","float":3,"string":"resetHitList"},{"time":1.4,"name":"Hit","float":4,"string":"resetHitList"},{"time":2.1,"name":"Sound1","string":"cri_se_battle_charge_completion"},{"time":2.2666,"name":"Event","float":0.3,"string":"kHitStopType_normal"},{"time":2.3,"name":"Voice","string":"cri_194_voice_fullarts_c_rank5"},{"time":2.3333,"name":"Event2","string":"shakeGround"},{"time":2.3333,"name":"Hit","float":20,"string":"resetHitList"},{"time":2.4,"name":"Event","float":0.01,"string":"kHitStopType_normal"},{"time":2.4,"name":"Hit","float":5,"string":"resetHitList"},{"time":2.4666,"name":"Hit","float":5,"string":"resetHitList"},{"time":2.4666,"name":"Sound1","string":"cri_se_battle_skill_reaper"}]}}}