{"skeleton":{"hash":"lcoSdTxkJS0C/gk1lAxT2K9fnhE","spine":"3.0.12","width":0,"height":0,"images":"./images2/"},"bones":[{"name":"root"},{"name":"MAIN","parent":"root","y":59.99,"scaleX":1.2,"scaleY":1.2}],"slots":[{"name":"MAIN","bone":"MAIN","attachment":"idle_00"}],"skins":{"default":{"MAIN":{"idle_00":{"x":-10,"y":-1.81,"width":405,"height":405},"idle_01":{"x":-10,"y":-1.81,"width":405,"height":405},"idle_02":{"x":-10,"y":-1.81,"width":405,"height":405},"idle_03":{"x":-10,"y":-1.81,"width":405,"height":405},"idle_04":{"x":-10,"y":-1.81,"width":405,"height":405}}}},"events":{"Event":{},"Hit":{},"HitEffect":{},"Sound1":{},"Sound2":{},"Sound3":{},"View":{},"Voice":{}},"animations":{"idle":{"slots":{"MAIN":{"attachment":[{"time":0,"name":"idle_00"},{"time":0.1666,"name":"idle_01"},{"time":0.3333,"name":"idle_02"},{"time":0.5,"name":"idle_03"},{"time":0.6666,"name":"idle_04"},{"time":0.8333,"name":"idle_00"}]}}}}}