{"skeleton":{"hash":"4P9ixQTU9Zzg5rMOWIHZw/8F2tY","spine":"3.0.12","width":442,"height":664},"bones":[{"name":"root"},{"name":"MAIN","parent":"root"},{"name":"Boundingbox","parent":"root"}],"slots":[{"name":"02_bottom","bone":"MAIN","attachment":"02_bottom"},{"name":"01_top","bone":"MAIN","attachment":"01_top"},{"name":"face_1","bone":"MAIN","attachment":"face_1"},{"name":"Boundingbox","bone":"Boundingbox","attachment":"Boundingbox"}],"skins":{"default":{"01_top":{"01_top":{"x":24.5,"y":478,"width":291,"height":192}},"02_bottom":{"02_bottom":{"x":16,"y":222,"width":442,"height":320}},"Boundingbox":{"Boundingbox":{"type":"boundingbox","vertices":[-84.62624,-88.66173,133.27249,-87.97972,133.27249,123.44005,-84.28525,123.44005]}},"face_1":{"face_1":{"x":25.5,"y":650,"width":191,"height":152},"face_2":{"x":28,"y":650,"width":196,"height":152},"face_3":{"x":25.5,"y":650,"width":191,"height":152},"face_4":{"x":27,"y":650,"width":194,"height":152},"face_5":{"x":25.5,"y":650,"width":191,"height":152},"face_6":{"x":25.5,"y":650,"width":191,"height":152},"face_7":{"x":25.5,"y":650,"width":191,"height":152},"face_8":{"x":25.5,"y":650,"width":191,"height":152}}}},"animations":{"1":{"slots":{"01_top":{"attachment":[{"time":0,"name":"01_top"}]},"02_bottom":{"attachment":[{"time":0,"name":"02_bottom"}]},"Boundingbox":{"attachment":[{"time":0,"name":null}]},"face_1":{"attachment":[{"time":0,"name":"face_1"}]}}},"2":{"slots":{"01_top":{"attachment":[{"time":0,"name":"01_top"}]},"02_bottom":{"attachment":[{"time":0,"name":"02_bottom"}]},"Boundingbox":{"attachment":[{"time":0,"name":null}]},"face_1":{"attachment":[{"time":0,"name":"face_2"}]}}},"3":{"slots":{"01_top":{"attachment":[{"time":0,"name":"01_top"}]},"02_bottom":{"attachment":[{"time":0,"name":"02_bottom"}]},"Boundingbox":{"attachment":[{"time":0,"name":null}]},"face_1":{"attachment":[{"time":0,"name":"face_3"}]}}},"4":{"slots":{"01_top":{"attachment":[{"time":0,"name":"01_top"}]},"02_bottom":{"attachment":[{"time":0,"name":"02_bottom"}]},"Boundingbox":{"attachment":[{"time":0,"name":null}]},"face_1":{"attachment":[{"time":0,"name":"face_4"}]}}},"5":{"slots":{"01_top":{"attachment":[{"time":0,"name":"01_top"}]},"02_bottom":{"attachment":[{"time":0,"name":"02_bottom"}]},"Boundingbox":{"attachment":[{"time":0,"name":null}]},"face_1":{"attachment":[{"time":0,"name":"face_5"}]}}},"6":{"slots":{"01_top":{"attachment":[{"time":0,"name":"01_top"}]},"02_bottom":{"attachment":[{"time":0,"name":"02_bottom"}]},"Boundingbox":{"attachment":[{"time":0,"name":null}]},"face_1":{"attachment":[{"time":0,"name":"face_6"}]}}},"7":{"slots":{"01_top":{"attachment":[{"time":0,"name":"01_top"}]},"02_bottom":{"attachment":[{"time":0,"name":"02_bottom"}]},"Boundingbox":{"attachment":[{"time":0,"name":null}]},"face_1":{"attachment":[{"time":0,"name":"face_7"}]}}},"8":{"slots":{"01_top":{"attachment":[{"time":0,"name":"01_top"}]},"02_bottom":{"attachment":[{"time":0,"name":"02_bottom"}]},"Boundingbox":{"attachment":[{"time":0,"name":null}]},"face_1":{"attachment":[{"time":0,"name":"face_8"}]}}},"window-1":{"slots":{"01_top":{"attachment":[{"time":0,"name":"01_top"}]},"02_bottom":{"attachment":[{"time":0,"name":"02_bottom"}]},"Boundingbox":{"attachment":[{"time":0,"name":"Boundingbox"}]},"face_1":{"attachment":[{"time":0,"name":"face_1"}]}},"bones":{"Boundingbox":{"translate":[{"time":0,"x":-24.46,"y":621.62}]},"MAIN":{"scale":[{"time":0,"x":1.026,"y":1.026}]}}},"window-2":{"slots":{"01_top":{"attachment":[{"time":0,"name":"01_top"}]},"02_bottom":{"attachment":[{"time":0,"name":"02_bottom"}]},"Boundingbox":{"attachment":[{"time":0,"name":"Boundingbox"}]},"face_1":{"attachment":[{"time":0,"name":"face_2"}]}},"bones":{"Boundingbox":{"translate":[{"time":0,"x":-24.46,"y":621.62}]},"MAIN":{"scale":[{"time":0,"x":1.026,"y":1.026}]}}},"window-3":{"slots":{"01_top":{"attachment":[{"time":0,"name":"01_top"}]},"02_bottom":{"attachment":[{"time":0,"name":"02_bottom"}]},"Boundingbox":{"attachment":[{"time":0,"name":"Boundingbox"}]},"face_1":{"attachment":[{"time":0,"name":"face_3"}]}},"bones":{"Boundingbox":{"translate":[{"time":0,"x":-24.46,"y":621.62}]},"MAIN":{"scale":[{"time":0,"x":1.026,"y":1.026}]}}},"window-4":{"slots":{"01_top":{"attachment":[{"time":0,"name":"01_top"}]},"02_bottom":{"attachment":[{"time":0,"name":"02_bottom"}]},"Boundingbox":{"attachment":[{"time":0,"name":"Boundingbox"}]},"face_1":{"attachment":[{"time":0,"name":"face_4"}]}},"bones":{"Boundingbox":{"translate":[{"time":0,"x":-24.46,"y":621.62}]},"MAIN":{"scale":[{"time":0,"x":1.026,"y":1.026}]}}},"window-5":{"slots":{"01_top":{"attachment":[{"time":0,"name":"01_top"}]},"02_bottom":{"attachment":[{"time":0,"name":"02_bottom"}]},"Boundingbox":{"attachment":[{"time":0,"name":"Boundingbox"}]},"face_1":{"attachment":[{"time":0,"name":"face_5"}]}},"bones":{"Boundingbox":{"translate":[{"time":0,"x":-24.46,"y":621.62}]},"MAIN":{"scale":[{"time":0,"x":1.026,"y":1.026}]}}},"window-6":{"slots":{"01_top":{"attachment":[{"time":0,"name":"01_top"}]},"02_bottom":{"attachment":[{"time":0,"name":"02_bottom"}]},"Boundingbox":{"attachment":[{"time":0,"name":"Boundingbox"}]},"face_1":{"attachment":[{"time":0,"name":"face_6"}]}},"bones":{"Boundingbox":{"translate":[{"time":0,"x":-24.46,"y":621.62}]},"MAIN":{"scale":[{"time":0,"x":1.026,"y":1.026}]}}},"window-7":{"slots":{"01_top":{"attachment":[{"time":0,"name":"01_top"}]},"02_bottom":{"attachment":[{"time":0,"name":"02_bottom"}]},"Boundingbox":{"attachment":[{"time":0,"name":"Boundingbox"}]},"face_1":{"attachment":[{"time":0,"name":"face_7"}]}},"bones":{"Boundingbox":{"translate":[{"time":0,"x":-24.46,"y":621.62}]},"MAIN":{"scale":[{"time":0,"x":1.026,"y":1.026}]}}},"window-8":{"slots":{"01_top":{"attachment":[{"time":0,"name":"01_top"}]},"02_bottom":{"attachment":[{"time":0,"name":"02_bottom"}]},"Boundingbox":{"attachment":[{"time":0,"name":"Boundingbox"}]},"face_1":{"attachment":[{"time":0,"name":"face_8"}]}},"bones":{"Boundingbox":{"translate":[{"time":0,"x":-24.46,"y":621.62}]},"MAIN":{"scale":[{"time":0,"x":1.026,"y":1.026}]}}}}}