{"skeleton":{"hash":"89pV9cy/LU4QYkIyc/FIDYFcRaM","spine":"3.0.12","width":0,"height":0},"bones":[{"name":"root"},{"name":"MAIN","parent":"root","y":69.79}],"slots":[{"name":"MAIN","bone":"MAIN","attachment":"idle_00"}],"skins":{"default":{"MAIN":{"idle_00":{"x":11.01,"y":2.04,"width":600,"height":600},"idle_01":{"x":11.01,"y":2.04,"width":600,"height":600},"idle_02":{"x":11.01,"y":2.04,"width":600,"height":600},"idle_03":{"x":11.01,"y":2.04,"width":600,"height":600}}}},"events":{"Event":{},"hit":{}},"animations":{"idle":{"slots":{"MAIN":{"attachment":[{"time":0,"name":"idle_00"},{"time":0.2,"name":"idle_01"},{"time":0.4,"name":"idle_02"},{"time":0.6,"name":"idle_03"},{"time":0.8,"name":"idle_00"}]}}}}}