{"skeleton":{"hash":"m7JO4zzTQKYFUguBGhm/PVp06Hk","spine":"3.0.12","width":0,"height":0,"images":"./images4/"},"bones":[{"name":"root"},{"name":"MAIN","parent":"root","y":57},{"name":"sword","parent":"MAIN","x":-40.88,"y":-15.07,"rotation":4.06}],"slots":[{"name":"MAIN","bone":"MAIN","attachment":"idle_00"},{"name":"idle_sword","bone":"sword","attachment":"idle_sword"}],"skins":{"default":{"MAIN":{"idle_00":{"x":-7,"y":7,"width":500,"height":500},"idle_01":{"x":-7,"y":7,"width":500,"height":500},"idle_02":{"x":-7,"y":7,"width":500,"height":500},"idle_03":{"x":-7,"y":7,"width":500,"height":500}},"idle_sword":{"idle_sword":{"x":23.91,"y":21.82,"width":250,"height":240}}}},"events":{"Event":{},"Hit":{},"Sound1":{},"Sound2":{},"Sound3":{},"View":{},"Voice":{}},"animations":{"idle":{"slots":{"MAIN":{"attachment":[{"time":0,"name":"idle_00"},{"time":0.2,"name":"idle_01"},{"time":0.4,"name":"idle_02"},{"time":0.6,"name":"idle_03"},{"time":0.8333,"name":"idle_00"}]},"idle_sword":{"attachment":[{"time":0,"name":"idle_sword"}]}},"bones":{"sword":{"rotate":[{"time":0,"angle":0,"curve":"stepped"},{"time":0.2,"angle":-0.19,"curve":"stepped"},{"time":0.4,"angle":-0.76,"curve":"stepped"},{"time":0.6,"angle":-0.7,"curve":"stepped"},{"time":0.8333,"angle":0}],"translate":[{"time":0,"x":0,"y":0,"curve":"stepped"},{"time":0.2,"x":0.1,"y":-0.67,"curve":"stepped"},{"time":0.4,"x":0.19,"y":-2.31,"curve":"stepped"},{"time":0.6,"x":-0.12,"y":-1.25,"curve":"stepped"},{"time":0.8333,"x":0,"y":0}]}}}}}