{"skeleton":{"hash":"WT5sBN5MMud/1QKVgBu53kSHrT0","spine":"3.0.12","width":0,"height":0},"bones":[{"name":"root"},{"name":"MAIN","parent":"root"},{"name":"EFWave","parent":"MAIN"},{"name":"130_S1_wave1","parent":"EFWave","x":200},{"name":"EFThunder","parent":"MAIN"},{"name":"700_S2_slash1","parent":"EFThunder","x":150},{"name":"EFS2Shine","parent":"MAIN"},{"name":"700_S2_shine4","parent":"EFS2Shine","x":400.7},{"name":"700_S2_shine3","parent":"EFS2Shine","x":400.7},{"name":"700_S2_shine2","parent":"EFS2Shine","x":400.7},{"name":"700_S2_shine1","parent":"EFS2Shine","x":400.7},{"name":"130_S2_shine1","parent":"EFS2Shine","x":250},{"name":"EFS1Shine","parent":"MAIN"},{"name":"9090A_A1_fire3","parent":"EFS1Shine","x":100,"scaleX":0.961,"scaleY":0.961},{"name":"130_S1_shine1","parent":"EFS1Shine","x":50},{"name":"EFMagic","parent":"MAIN"},{"name":"9090A_A1_fire2","parent":"EFMagic","x":300},{"name":"450_S2_power2","parent":"EFMagic","x":300},{"name":"DAMAGEAREA","parent":"root"}],"slots":[{"name":"EF/130_S1_shine2/9090A_A1_fire2_00002_2","bone":"9090A_A1_fire3","blend":"additive"},{"name":"EF/130_S1_thunder1/700_S2_slash1_00001","bone":"700_S2_slash1","blend":"additive"},{"name":"EF/130_S1_wave1/130_S1_wave1_00038","bone":"130_S1_wave1","blend":"additive"},{"name":"EF/130_S2_shine1_DOT/130_S2_shine1_00042re","bone":"130_S2_shine1","blend":"additive"},{"name":"EF/280_S1_magic1/450_S2_power2_00000","bone":"450_S2_power2","blend":"additive"},{"name":"EF/130_S1_shine2/9090A_A1_fire2_00002","bone":"9090A_A1_fire2","blend":"additive"},{"name":"EF/280_S2_shine1/700_S2_shine1_00001","bone":"700_S2_shine1","blend":"additive"},{"name":"EF/280_S2_shine1/700_S2_shine1_00002","bone":"700_S2_shine2","blend":"additive"},{"name":"EF/280_S2_shine1/700_S2_shine1_00003","bone":"700_S2_shine3","blend":"additive"},{"name":"EF/280_S2_shine1/700_S2_shine1_00004","bone":"700_S2_shine4","blend":"additive"},{"name":"EF/130_S1_shine1_DOT/130_S1_shine1_00040","bone":"130_S1_shine1","blend":"additive"},{"name":"DAMAGEAREA","bone":"DAMAGEAREA"}],"skins":{"default":{"DAMAGEAREA":{"DAMAGEAREA":{"type":"boundingbox","vertices":[-98.76395,97.35738,-98.76395,-98.95247,97.54589,-98.95247,97.54589,96.77139]}},"EF/130_S1_shine1_DOT/130_S1_shine1_00040":{"EF/130_S1_shine1_DOT/130_S1_shine1_00040":{"width":300,"height":300}},"EF/130_S1_shine2/9090A_A1_fire2_00002":{"EF/130_S1_shine2/9090A_A1_fire2_00002":{"width":200,"height":200},"EF/130_S1_shine2/9090A_A1_fire2_00003":{"width":200,"height":200},"EF/130_S1_shine2/9090A_A1_fire2_00004":{"width":200,"height":200},"EF/130_S1_shine2/9090A_A1_fire2_00005":{"width":200,"height":200},"EF/130_S1_shine2/9090A_A1_fire2_00006":{"width":200,"height":200},"EF/130_S1_shine2/9090A_A1_fire2_00007":{"width":200,"height":200},"EF/130_S1_shine2/9090A_A1_fire2_00008":{"width":200,"height":200}},"EF/130_S1_shine2/9090A_A1_fire2_00002_2":{"EF/130_S1_shine2/9090A_A1_fire2_00002":{"width":200,"height":200},"EF/130_S1_shine2/9090A_A1_fire2_00003":{"width":200,"height":200},"EF/130_S1_shine2/9090A_A1_fire2_00004":{"width":200,"height":200},"EF/130_S1_shine2/9090A_A1_fire2_00005":{"width":200,"height":200},"EF/130_S1_shine2/9090A_A1_fire2_00006":{"width":200,"height":200},"EF/130_S1_shine2/9090A_A1_fire2_00007":{"width":200,"height":200},"EF/130_S1_shine2/9090A_A1_fire2_00008":{"width":200,"height":200}},"EF/130_S1_thunder1/700_S2_slash1_00001":{"EF/130_S1_thunder1/700_S2_slash1_00001":{"width":84,"height":250},"EF/130_S1_thunder1/700_S2_slash1_00002":{"width":84,"height":250},"EF/130_S1_thunder1/700_S2_slash1_00003":{"width":84,"height":250},"EF/130_S1_thunder1/700_S2_slash1_00004":{"width":84,"height":250},"EF/130_S1_thunder1/700_S2_slash1_00005":{"width":84,"height":250},"EF/130_S1_thunder1/700_S2_slash1_00007":{"width":84,"height":250},"EF/130_S1_thunder1/700_S2_slash1_00008":{"width":84,"height":250},"EF/130_S1_thunder1/700_S2_slash1_00009":{"width":84,"height":250},"EF/130_S1_thunder1/700_S2_slash1_00011":{"width":84,"height":250},"EF/130_S1_thunder1/700_S2_slash1_00013":{"width":84,"height":250},"EF/130_S1_thunder1/700_S2_slash1_00014":{"width":84,"height":250},"EF/130_S1_thunder1/700_S2_slash1_00015":{"width":84,"height":250},"EF/130_S1_thunder1/700_S2_slash1_00017":{"width":84,"height":250}},"EF/130_S1_wave1/130_S1_wave1_00038":{"EF/130_S1_wave1/500_S1_wave1_00000":{"width":240,"height":240},"EF/130_S1_wave1/500_S1_wave1_00005":{"width":240,"height":240},"EF/130_S1_wave1/500_S1_wave1_00006":{"width":240,"height":240},"EF/130_S1_wave1/500_S1_wave1_00007":{"width":240,"height":240},"EF/130_S1_wave1/500_S1_wave1_00008":{"width":240,"height":240},"EF/130_S1_wave1/500_S1_wave1_00009":{"width":240,"height":240}},"EF/130_S2_shine1_DOT/130_S2_shine1_00042re":{"EF/130_S2_shine1_DOT/130_S2_shine1_00042re":{"width":280,"height":280},"EF/130_S2_shine1_DOT/130_S2_shine1_00046re":{"width":280,"height":280},"EF/130_S2_shine1_DOT/130_S2_shine1_00050re":{"width":280,"height":280},"EF/130_S2_shine1_DOT/130_S2_shine1_00054re":{"width":280,"height":280},"EF/130_S2_shine1_DOT/130_S2_shine1_00058re":{"width":280,"height":280},"EF/130_S2_shine1_DOT/130_S2_shine1_00062re":{"width":280,"height":280}},"EF/280_S1_magic1/450_S2_power2_00000":{"EF/280_S1_magic1/450_S2_power2_00000":{"width":300,"height":300},"EF/280_S1_magic1/450_S2_power2_00001":{"width":300,"height":300},"EF/280_S1_magic1/450_S2_power2_00002":{"width":300,"height":300},"EF/280_S1_magic1/450_S2_power2_00003":{"width":300,"height":300},"EF/280_S1_magic1/450_S2_power2_00004":{"width":300,"height":300},"EF/280_S1_magic1/450_S2_power2_00005":{"width":300,"height":300},"EF/280_S1_magic1/450_S2_power2_00006":{"width":300,"height":300},"EF/280_S1_magic1/450_S2_power2_00007":{"width":300,"height":300},"EF/280_S1_magic1/450_S2_power2_00008":{"width":300,"height":300},"EF/280_S1_magic1/450_S2_power2_00009":{"width":300,"height":300}},"EF/280_S2_shine1/700_S2_shine1_00001":{"EF/280_S2_shine1/700_S2_shine1_00001":{"width":175,"height":175}},"EF/280_S2_shine1/700_S2_shine1_00002":{"EF/280_S2_shine1/700_S2_shine1_00001":{"width":175,"height":175}},"EF/280_S2_shine1/700_S2_shine1_00003":{"EF/280_S2_shine1/700_S2_shine1_00001":{"width":175,"height":175}},"EF/280_S2_shine1/700_S2_shine1_00004":{"EF/280_S2_shine1/700_S2_shine1_00001":{"width":175,"height":175}}}},"events":{"EFEvent":{},"EFHit":{},"Sound1":{},"Sound2":{}},"animations":{"1-attack1":{},"1-attack1-original":{"slots":{"EF/130_S1_thunder1/700_S2_slash1_00001":{"attachment":[{"time":0.7,"name":"EF/130_S1_thunder1/700_S2_slash1_00014"},{"time":0.7666,"name":"EF/130_S1_thunder1/700_S2_slash1_00011"},{"time":0.8,"name":"EF/130_S1_thunder1/700_S2_slash1_00008"},{"time":0.8333,"name":"EF/130_S1_thunder1/700_S2_slash1_00005"},{"time":0.8666,"name":"EF/130_S1_thunder1/700_S2_slash1_00004"},{"time":0.9,"name":"EF/130_S1_thunder1/700_S2_slash1_00003"},{"time":0.9666,"name":"EF/130_S1_thunder1/700_S2_slash1_00002"},{"time":1.0333,"name":"EF/130_S1_thunder1/700_S2_slash1_00001"},{"time":1.1,"name":null}],"color":[{"time":0.9333,"color":"ffffffff"},{"time":1.1,"color":"ffffff00"}]},"EF/130_S1_wave1/130_S1_wave1_00038":{"attachment":[{"time":0.8,"name":"EF/130_S1_wave1/500_S1_wave1_00000"},{"time":0.8333,"name":"EF/130_S1_wave1/500_S1_wave1_00005"},{"time":0.9,"name":"EF/130_S1_wave1/500_S1_wave1_00006"},{"time":0.9333,"name":"EF/130_S1_wave1/500_S1_wave1_00008"},{"time":1.0333,"name":null}],"color":[{"time":0.9666,"color":"ffffffff"},{"time":1,"color":"ffffff4f"}]}},"bones":{"700_S2_slash1":{"translate":[{"time":0.7,"x":-150,"y":774.72},{"time":0.7666,"x":-150,"y":480.96},{"time":0.8333,"x":-150,"y":244.79},{"time":0.9333,"x":-150,"y":137.9},{"time":1.1,"x":-150,"y":104.23}],"scale":[{"time":0.7,"x":4.864,"y":2.2},{"time":0.7666,"x":4.864,"y":4.431,"curve":[0.213,1,0.75,1]},{"time":1.1,"x":1.03,"y":1.004}]},"130_S1_wave1":{"translate":[{"time":0.8,"x":-200,"y":20.07,"curve":"stepped"},{"time":0.8333,"x":-200,"y":16.45},{"time":0.8666,"x":-200,"y":20.07}],"scale":[{"time":0.8,"x":3,"y":3,"curve":"stepped"},{"time":0.8333,"x":2.3,"y":2.3},{"time":0.8666,"x":3,"y":3,"curve":"stepped"},{"time":0.9333,"x":3,"y":3},{"time":1,"x":3.8,"y":3.8}]}}},"1-skill1":{"slots":{"EF/130_S1_shine2/9090A_A1_fire2_00002":{"attachment":[{"time":0.7333,"name":"EF/130_S1_shine2/9090A_A1_fire2_00002"},{"time":0.9333,"name":"EF/130_S1_shine2/9090A_A1_fire2_00003"},{"time":1,"name":"EF/130_S1_shine2/9090A_A1_fire2_00004"},{"time":1.0666,"name":"EF/130_S1_shine2/9090A_A1_fire2_00005"},{"time":1.1333,"name":"EF/130_S1_shine2/9090A_A1_fire2_00006"},{"time":1.2,"name":"EF/130_S1_shine2/9090A_A1_fire2_00007"},{"time":1.2666,"name":"EF/130_S1_shine2/9090A_A1_fire2_00008"},{"time":1.3333,"name":null}],"color":[{"time":0.7333,"color":"ffffff00"},{"time":1.0666,"color":"ffffffff"}]},"EF/280_S1_magic1/450_S2_power2_00000":{"attachment":[{"time":0.5,"name":"EF/280_S1_magic1/450_S2_power2_00000"},{"time":0.5333,"name":"EF/280_S1_magic1/450_S2_power2_00001"},{"time":0.5666,"name":"EF/280_S1_magic1/450_S2_power2_00002"},{"time":0.6,"name":"EF/280_S1_magic1/450_S2_power2_00003"},{"time":0.6333,"name":"EF/280_S1_magic1/450_S2_power2_00004"},{"time":0.6666,"name":"EF/280_S1_magic1/450_S2_power2_00005"},{"time":0.7,"name":"EF/280_S1_magic1/450_S2_power2_00006"},{"time":0.7333,"name":"EF/280_S1_magic1/450_S2_power2_00007"},{"time":0.7666,"name":"EF/280_S1_magic1/450_S2_power2_00008"},{"time":0.8,"name":"EF/280_S1_magic1/450_S2_power2_00009"},{"time":0.8333,"name":null},{"time":0.8666,"name":"EF/280_S1_magic1/450_S2_power2_00000"},{"time":0.9,"name":"EF/280_S1_magic1/450_S2_power2_00001"},{"time":0.9333,"name":"EF/280_S1_magic1/450_S2_power2_00002"},{"time":0.9666,"name":"EF/280_S1_magic1/450_S2_power2_00003"},{"time":1,"name":"EF/280_S1_magic1/450_S2_power2_00004"},{"time":1.0333,"name":"EF/280_S1_magic1/450_S2_power2_00005"},{"time":1.0666,"name":"EF/280_S1_magic1/450_S2_power2_00006"},{"time":1.1,"name":"EF/280_S1_magic1/450_S2_power2_00007"},{"time":1.1333,"name":"EF/280_S1_magic1/450_S2_power2_00008"},{"time":1.1666,"name":"EF/280_S1_magic1/450_S2_power2_00009"},{"time":1.2,"name":null}]}},"bones":{"450_S2_power2":{"translate":[{"time":0.5,"x":-335.89,"y":264.9}],"scale":[{"time":0.5,"x":3,"y":3}]},"9090A_A1_fire2":{"translate":[{"time":0.7333,"x":-334.54,"y":265.9}],"scale":[{"time":0.7333,"x":2.8,"y":2.8}]}}},"1-skill2":{"slots":{"EF/130_S1_shine1_DOT/130_S1_shine1_00040":{"attachment":[{"time":0.5666,"name":"EF/130_S1_shine1_DOT/130_S1_shine1_00040"}],"color":[{"time":0.7,"color":"ffffffff"},{"time":0.8,"color":"ffffff00"}]},"EF/130_S1_shine2/9090A_A1_fire2_00002":{"attachment":[{"time":1.5333,"name":"EF/130_S1_shine2/9090A_A1_fire2_00002"},{"time":1.6666,"name":"EF/130_S1_shine2/9090A_A1_fire2_00003"},{"time":1.7333,"name":"EF/130_S1_shine2/9090A_A1_fire2_00004"},{"time":1.8,"name":"EF/130_S1_shine2/9090A_A1_fire2_00005"},{"time":1.8666,"name":"EF/130_S1_shine2/9090A_A1_fire2_00006"},{"time":1.9333,"name":"EF/130_S1_shine2/9090A_A1_fire2_00007"},{"time":2,"name":"EF/130_S1_shine2/9090A_A1_fire2_00008"},{"time":2.0666,"name":null}],"color":[{"time":1.5333,"color":"ffffff00"},{"time":1.6666,"color":"ffffffff"}]},"EF/130_S1_shine2/9090A_A1_fire2_00002_2":{"attachment":[{"time":0.5666,"name":"EF/130_S1_shine2/9090A_A1_fire2_00002"},{"time":0.6333,"name":"EF/130_S1_shine2/9090A_A1_fire2_00003"},{"time":0.7,"name":"EF/130_S1_shine2/9090A_A1_fire2_00004"},{"time":0.7666,"name":"EF/130_S1_shine2/9090A_A1_fire2_00005"},{"time":0.8333,"name":"EF/130_S1_shine2/9090A_A1_fire2_00006"},{"time":0.9,"name":"EF/130_S1_shine2/9090A_A1_fire2_00007"},{"time":0.9666,"name":"EF/130_S1_shine2/9090A_A1_fire2_00008"},{"time":1.0333,"name":null}],"color":[{"time":0.5666,"color":"ffffff64"},{"time":0.6666,"color":"ffffffff","curve":"stepped"},{"time":0.9,"color":"ffffffff"},{"time":1.0333,"color":"ffffff00"}]},"EF/130_S1_thunder1/700_S2_slash1_00001":{"attachment":[{"time":0.4666,"name":"EF/130_S1_thunder1/700_S2_slash1_00014"},{"time":0.5333,"name":"EF/130_S1_thunder1/700_S2_slash1_00011"},{"time":0.5666,"name":"EF/130_S1_thunder1/700_S2_slash1_00008"},{"time":0.6,"name":"EF/130_S1_thunder1/700_S2_slash1_00005"},{"time":0.6333,"name":"EF/130_S1_thunder1/700_S2_slash1_00004"},{"time":0.6666,"name":"EF/130_S1_thunder1/700_S2_slash1_00003"},{"time":0.7333,"name":"EF/130_S1_thunder1/700_S2_slash1_00002"},{"time":0.8,"name":"EF/130_S1_thunder1/700_S2_slash1_00001"},{"time":0.8666,"name":null}],"color":[{"time":0.7,"color":"ffffffff"},{"time":0.8666,"color":"ffffff00"}]},"EF/280_S1_magic1/450_S2_power2_00000":{"attachment":[{"time":1.3,"name":"EF/280_S1_magic1/450_S2_power2_00000"},{"time":1.3333,"name":"EF/280_S1_magic1/450_S2_power2_00001"},{"time":1.3666,"name":"EF/280_S1_magic1/450_S2_power2_00002"},{"time":1.4,"name":"EF/280_S1_magic1/450_S2_power2_00003"},{"time":1.4333,"name":"EF/280_S1_magic1/450_S2_power2_00004"},{"time":1.5,"name":"EF/280_S1_magic1/450_S2_power2_00005"},{"time":1.5666,"name":"EF/280_S1_magic1/450_S2_power2_00006"},{"time":1.6333,"name":"EF/280_S1_magic1/450_S2_power2_00007"},{"time":1.7,"name":"EF/280_S1_magic1/450_S2_power2_00008"},{"time":1.7666,"name":"EF/280_S1_magic1/450_S2_power2_00009"},{"time":1.8333,"name":null}],"color":[{"time":1.7333,"color":"ffffffff"},{"time":1.8333,"color":"ffffff00"}]},"EF/280_S2_shine1/700_S2_shine1_00001":{"attachment":[{"time":1.4,"name":"EF/280_S2_shine1/700_S2_shine1_00001"},{"time":1.9333,"name":null}],"color":[{"time":1.8666,"color":"ffffffff"},{"time":1.9333,"color":"ffffff00"}]},"EF/280_S2_shine1/700_S2_shine1_00002":{"attachment":[{"time":1.4666,"name":"EF/280_S2_shine1/700_S2_shine1_00001"},{"time":2,"name":null}],"color":[{"time":1.9,"color":"ffffffff"},{"time":2,"color":"ffffff00"}]},"EF/280_S2_shine1/700_S2_shine1_00003":{"attachment":[{"time":1.4333,"name":"EF/280_S2_shine1/700_S2_shine1_00001"},{"time":1.9666,"name":null}],"color":[{"time":1.8666,"color":"ffffffff"},{"time":1.9666,"color":"ffffff00"}]},"EF/280_S2_shine1/700_S2_shine1_00004":{"attachment":[{"time":1.4,"name":"EF/280_S2_shine1/700_S2_shine1_00001"},{"time":1.9333,"name":null}],"color":[{"time":1.8333,"color":"ffffffff"},{"time":1.9333,"color":"ffffff00"}]}},"bones":{"700_S2_slash1":{"translate":[{"time":0.4666,"x":-150,"y":774.72},{"time":0.5333,"x":-150,"y":480.96},{"time":0.6,"x":-150,"y":244.79},{"time":0.7,"x":-150,"y":137.9},{"time":0.8666,"x":-150,"y":104.23}],"scale":[{"time":0.4666,"x":4.864,"y":2.2},{"time":0.5333,"x":4.864,"y":4.431,"curve":[0.213,1,0.75,1]},{"time":0.8666,"x":1.03,"y":1.004}]},"130_S1_shine1":{"translate":[{"time":0.5666,"x":-50,"y":58.04}],"scale":[{"time":0.5666,"x":3.667,"y":7.841},{"time":0.7,"x":8.313,"y":9.401},{"time":0.8,"x":5.281,"y":5.281}]},"700_S2_shine1":{"translate":[{"time":1.4,"x":-307.35,"y":496.68,"curve":"stepped"},{"time":1.6,"x":-286.22,"y":583.67}],"scale":[{"time":1.4,"x":1.708,"y":1.708},{"time":1.5666,"x":0.651,"y":0.651,"curve":"stepped"},{"time":1.6,"x":1.762,"y":1.762},{"time":1.9333,"x":0.119,"y":0.119}]},"700_S2_shine2":{"translate":[{"time":1.4666,"x":-279.45,"y":240.04}],"scale":[{"time":1.4666,"x":2.629,"y":2.629},{"time":1.7666,"x":0.533,"y":0.533},{"time":1.8,"x":1.822,"y":1.822},{"time":2,"x":0.365,"y":0.365}]},"700_S2_shine3":{"translate":[{"time":1.4333,"x":-671.01,"y":460.21}],"scale":[{"time":1.4333,"x":1.529,"y":1.529},{"time":1.6,"x":0.503,"y":0.503},{"time":1.6333,"x":1.383,"y":1.383},{"time":1.9666,"x":0.303,"y":0.303}]},"700_S2_shine4":{"translate":[{"time":1.4,"x":-560.41,"y":312.78,"curve":"stepped"},{"time":1.6,"x":-610.12,"y":164.9}],"scale":[{"time":1.4,"x":1.397,"y":1.397},{"time":1.5666,"x":0.452,"y":0.452,"curve":"stepped"},{"time":1.6,"x":2.031,"y":2.031},{"time":1.9333,"x":0.168,"y":0.168}]},"EFThunder":{"scale":[{"time":0.4333,"x":0.6,"y":0.6}]},"EFS1Shine":{"scale":[{"time":0.4333,"x":0.6,"y":0.6}]},"EFS2Shine":{"scale":[{"time":1.3666,"x":0.75,"y":0.75}]},"9090A_A1_fire3":{"translate":[{"time":0.5666,"x":-100,"y":68.33}],"scale":[{"time":0.5666,"x":3,"y":3},{"time":0.6333,"x":5,"y":5}]},"450_S2_power2":{"translate":[{"time":1.3,"x":-345.33,"y":283.2}],"scale":[{"time":1.3,"x":1.7,"y":1.7,"curve":[0.278,0,0.622,0.39]},{"time":1.4,"x":2.3,"y":2.3},{"time":1.5333,"x":3,"y":3,"curve":"stepped"},{"time":1.5666,"x":3,"y":3},{"time":1.6,"x":3.1,"y":3.1},{"time":1.6333,"x":3,"y":3},{"time":1.6666,"x":3.1,"y":3.1,"curve":"stepped"},{"time":1.7,"x":3.1,"y":3.1,"curve":"stepped"},{"time":1.7333,"x":3.1,"y":3.1,"curve":"stepped"},{"time":1.7666,"x":3.1,"y":3.1,"curve":"stepped"},{"time":1.8,"x":3.1,"y":3.1,"curve":"stepped"},{"time":1.8333,"x":3.1,"y":3.1}]},"9090A_A1_fire2":{"translate":[{"time":1.5333,"x":-344.9,"y":283}],"scale":[{"time":1.5333,"x":3,"y":3}]}}},"2-attack1":{},"2-skill1":{"bones":{"130_S1_wave1":{"translate":[{"time":0.5,"x":-187.98,"y":72.01}],"scale":[{"time":0.5,"x":6,"y":6}]},"700_S2_shine2":{"translate":[{"time":0.7,"x":-187.98,"y":72.01,"curve":"stepped"},{"time":0.7333,"x":-187.98,"y":72.01,"curve":"stepped"},{"time":0.7666,"x":-187.98,"y":72.01}],"scale":[{"time":0.7,"x":6,"y":6,"curve":"stepped"},{"time":0.7333,"x":6,"y":6,"curve":"stepped"},{"time":0.7666,"x":6,"y":6}]}}},"2-skill2":{"slots":{"EF/130_S1_shine1_DOT/130_S1_shine1_00040":{"attachment":[{"time":0.5666,"name":"EF/130_S1_shine1_DOT/130_S1_shine1_00040"}],"color":[{"time":0.5666,"color":"ffffff00"},{"time":0.7,"color":"ffffffff"},{"time":0.8,"color":"ffffff00"}]},"EF/130_S1_thunder1/700_S2_slash1_00001":{"attachment":[{"time":0.4666,"name":"EF/130_S1_thunder1/700_S2_slash1_00001"},{"time":0.5,"name":"EF/130_S1_thunder1/700_S2_slash1_00003"},{"time":0.5333,"name":"EF/130_S1_thunder1/700_S2_slash1_00005"},{"time":0.5666,"name":"EF/130_S1_thunder1/700_S2_slash1_00007"},{"time":0.6,"name":"EF/130_S1_thunder1/700_S2_slash1_00009"},{"time":0.6333,"name":"EF/130_S1_thunder1/700_S2_slash1_00011"},{"time":0.6666,"name":"EF/130_S1_thunder1/700_S2_slash1_00015"},{"time":0.7,"name":"EF/130_S1_thunder1/700_S2_slash1_00013"},{"time":0.7333,"name":"EF/130_S1_thunder1/700_S2_slash1_00017"},{"time":0.7666,"name":null}]},"EF/280_S2_shine1/700_S2_shine1_00001":{"attachment":[{"time":1.4,"name":"EF/280_S2_shine1/700_S2_shine1_00001"},{"time":1.9333,"name":null}],"color":[{"time":1.8666,"color":"ffffffff"},{"time":1.9333,"color":"ffffff00"}]},"EF/280_S2_shine1/700_S2_shine1_00002":{"attachment":[{"time":1.4666,"name":"EF/280_S2_shine1/700_S2_shine1_00001"},{"time":2,"name":null}],"color":[{"time":1.9,"color":"ffffffff"},{"time":2,"color":"ffffff00"}]},"EF/280_S2_shine1/700_S2_shine1_00003":{"attachment":[{"time":1.4333,"name":"EF/280_S2_shine1/700_S2_shine1_00001"},{"time":1.9666,"name":null}],"color":[{"time":1.8666,"color":"ffffffff"},{"time":1.9666,"color":"ffffff00"}]},"EF/280_S2_shine1/700_S2_shine1_00004":{"attachment":[{"time":1.4,"name":"EF/280_S2_shine1/700_S2_shine1_00001"},{"time":1.9333,"name":null}],"color":[{"time":1.8333,"color":"ffffffff"},{"time":1.9333,"color":"ffffff00"}]}},"bones":{"700_S2_slash1":{"translate":[{"time":0.4666,"x":-150,"y":480.96}],"scale":[{"time":0.4666,"x":7.5,"y":4.431,"curve":[0.812,0,0.924,1]},{"time":0.7333,"x":3.784,"y":4.431}]},"130_S1_shine1":{"translate":[{"time":0.5666,"x":-50,"y":58.04}],"scale":[{"time":0.5666,"x":5.281,"y":5.281},{"time":0.7,"x":8.313,"y":9.401},{"time":0.8,"x":5.281,"y":5.281}]},"700_S2_shine1":{"translate":[{"time":1.4,"x":-263.85,"y":548.87}],"scale":[{"time":1.4,"x":3.444,"y":3.444},{"time":1.5666,"x":1.355,"y":1.355},{"time":1.6,"x":3.444,"y":3.444},{"time":1.9333,"x":0.119,"y":0.119}]},"700_S2_shine2":{"translate":[{"time":1.4666,"x":-321.7,"y":22.57}],"scale":[{"time":1.4666,"x":4.542,"y":4.542},{"time":1.6333,"x":1.442,"y":1.442},{"time":1.6666,"x":5.099,"y":5.099},{"time":2,"x":0.365,"y":0.365}]},"700_S2_shine3":{"translate":[{"time":1.4333,"x":-603.9,"y":451.51}],"scale":[{"time":1.4333,"x":2,"y":2},{"time":1.6,"x":0.613,"y":0.613},{"time":1.6333,"x":2.183,"y":2.183},{"time":1.9666,"x":0.303,"y":0.303}]},"700_S2_shine4":{"translate":[{"time":1.4,"x":-739.36,"y":111.46}],"scale":[{"time":1.4,"x":1.754,"y":1.754},{"time":1.5666,"x":0.569,"y":0.569},{"time":1.6,"x":2.031,"y":2.031},{"time":1.9333,"x":0.168,"y":0.168}]}}},"flush":{"slots":{"EF/130_S2_shine1_DOT/130_S2_shine1_00042re":{"attachment":[{"time":0,"name":"EF/130_S2_shine1_DOT/130_S2_shine1_00042re"},{"time":0.2,"name":"EF/130_S2_shine1_DOT/130_S2_shine1_00046re"},{"time":0.3333,"name":"EF/130_S2_shine1_DOT/130_S2_shine1_00050re"},{"time":0.4666,"name":"EF/130_S2_shine1_DOT/130_S2_shine1_00054re"},{"time":0.6,"name":"EF/130_S2_shine1_DOT/130_S2_shine1_00058re"},{"time":0.7333,"name":"EF/130_S2_shine1_DOT/130_S2_shine1_00062re"},{"time":0.8666,"name":null}],"color":[{"time":0.6666,"color":"ffffffff"},{"time":0.8666,"color":"ffffff00"}]}},"bones":{"130_S2_shine1":{"rotate":[{"time":0,"angle":180}],"translate":[{"time":0,"x":-250,"y":-132.94}],"scale":[{"time":0,"x":3.343,"y":4.882}]}}},"idle":{},"orbit":{"slots":{"DAMAGEAREA":{"attachment":[{"time":0.0666,"name":"DAMAGEAREA"},{"time":0.2,"name":null}]},"EF/130_S1_thunder1/700_S2_slash1_00001":{"attachment":[{"time":0,"name":"EF/130_S1_thunder1/700_S2_slash1_00014"},{"time":0.0666,"name":"EF/130_S1_thunder1/700_S2_slash1_00011"},{"time":0.1,"name":"EF/130_S1_thunder1/700_S2_slash1_00008"},{"time":0.1333,"name":"EF/130_S1_thunder1/700_S2_slash1_00005"},{"time":0.1666,"name":"EF/130_S1_thunder1/700_S2_slash1_00004"},{"time":0.2,"name":"EF/130_S1_thunder1/700_S2_slash1_00003"},{"time":0.2666,"name":"EF/130_S1_thunder1/700_S2_slash1_00002"},{"time":0.3333,"name":"EF/130_S1_thunder1/700_S2_slash1_00001"},{"time":0.4,"name":null}],"color":[{"time":0.2333,"color":"ffffffff"},{"time":0.4,"color":"ffffff00"}]},"EF/130_S1_wave1/130_S1_wave1_00038":{"attachment":[{"time":0.0666,"name":"EF/130_S1_wave1/500_S1_wave1_00000"},{"time":0.1,"name":"EF/130_S1_wave1/500_S1_wave1_00005"},{"time":0.1666,"name":"EF/130_S1_wave1/500_S1_wave1_00006"},{"time":0.2,"name":"EF/130_S1_wave1/500_S1_wave1_00008"},{"time":0.3,"name":null}],"color":[{"time":0.2333,"color":"ffffffff"},{"time":0.2666,"color":"ffffff4f"}]}},"bones":{"DAMAGEAREA":{"translate":[{"time":0.0666,"x":0,"y":32.09}],"scale":[{"time":0.0666,"x":0.991,"y":0.527},{"time":0.1333,"x":1.789,"y":0.527}]},"130_S1_wave1":{"translate":[{"time":0.0666,"x":-200,"y":20.07,"curve":"stepped"},{"time":0.1,"x":-200,"y":16.45},{"time":0.1333,"x":-200,"y":20.07}],"scale":[{"time":0.0666,"x":3,"y":3,"curve":"stepped"},{"time":0.1,"x":2.3,"y":2.3},{"time":0.1333,"x":3,"y":3,"curve":"stepped"},{"time":0.2,"x":3,"y":3},{"time":0.2666,"x":3.8,"y":3.8}]},"700_S2_slash1":{"translate":[{"time":0,"x":-150,"y":774.72},{"time":0.0666,"x":-150,"y":480.96},{"time":0.1333,"x":-150,"y":244.79},{"time":0.2333,"x":-150,"y":137.9},{"time":0.4,"x":-150,"y":104.23}],"scale":[{"time":0,"x":4.864,"y":2.2},{"time":0.0666,"x":4.864,"y":4.431,"curve":[0.213,1,0.75,1]},{"time":0.4,"x":1.03,"y":1.004}]}},"events":[{"time":0,"name":"EFEvent","string":"setPosition_Target"},{"time":0,"name":"Sound1","string":"cri_se_battle_thunder_small"},{"time":0.0333,"name":"EFEvent","float":0.03,"string":"kHitStopType_enemyonly"}]},"skill2-original":{"slots":{"EF/130_S1_shine1_DOT/130_S1_shine1_00040":{"attachment":[{"time":0.5666,"name":"EF/130_S1_shine1_DOT/130_S1_shine1_00040"}],"color":[{"time":0.7,"color":"ffffffff"},{"time":0.8,"color":"ffffff00"}]},"EF/130_S1_shine2/9090A_A1_fire2_00002":{"attachment":[{"time":1.5333,"name":"EF/130_S1_shine2/9090A_A1_fire2_00002"},{"time":1.6666,"name":"EF/130_S1_shine2/9090A_A1_fire2_00003"},{"time":1.7333,"name":"EF/130_S1_shine2/9090A_A1_fire2_00004"},{"time":1.8,"name":"EF/130_S1_shine2/9090A_A1_fire2_00005"},{"time":1.8666,"name":"EF/130_S1_shine2/9090A_A1_fire2_00006"},{"time":1.9333,"name":"EF/130_S1_shine2/9090A_A1_fire2_00007"},{"time":2,"name":"EF/130_S1_shine2/9090A_A1_fire2_00008"},{"time":2.0666,"name":null}],"color":[{"time":1.5333,"color":"ffffff00"},{"time":1.6666,"color":"ffffffff"}]},"EF/130_S1_shine2/9090A_A1_fire2_00002_2":{"attachment":[{"time":0.5666,"name":"EF/130_S1_shine2/9090A_A1_fire2_00002"},{"time":0.6333,"name":"EF/130_S1_shine2/9090A_A1_fire2_00003"},{"time":0.7,"name":"EF/130_S1_shine2/9090A_A1_fire2_00004"},{"time":0.7666,"name":"EF/130_S1_shine2/9090A_A1_fire2_00005"},{"time":0.8333,"name":"EF/130_S1_shine2/9090A_A1_fire2_00006"},{"time":0.9,"name":"EF/130_S1_shine2/9090A_A1_fire2_00007"},{"time":0.9666,"name":"EF/130_S1_shine2/9090A_A1_fire2_00008"},{"time":1.0333,"name":null}],"color":[{"time":0.5666,"color":"ffffff64"},{"time":0.6666,"color":"ffffffff","curve":"stepped"},{"time":0.9,"color":"ffffffff"},{"time":1.0333,"color":"ffffff00"}]},"EF/130_S1_thunder1/700_S2_slash1_00001":{"attachment":[{"time":0.4666,"name":"EF/130_S1_thunder1/700_S2_slash1_00017"},{"time":0.5,"name":"EF/130_S1_thunder1/700_S2_slash1_00015"},{"time":0.5333,"name":"EF/130_S1_thunder1/700_S2_slash1_00013"},{"time":0.5666,"name":"EF/130_S1_thunder1/700_S2_slash1_00011"},{"time":0.6,"name":"EF/130_S1_thunder1/700_S2_slash1_00009"},{"time":0.6333,"name":"EF/130_S1_thunder1/700_S2_slash1_00007"},{"time":0.6666,"name":"EF/130_S1_thunder1/700_S2_slash1_00005"},{"time":0.7,"name":"EF/130_S1_thunder1/700_S2_slash1_00003"},{"time":0.7333,"name":"EF/130_S1_thunder1/700_S2_slash1_00001"},{"time":0.7666,"name":null}]},"EF/130_S2_shine1_DOT/130_S2_shine1_00042re":{"attachment":[{"time":1.6,"name":"EF/130_S2_shine1_DOT/130_S2_shine1_00042re"},{"time":1.8,"name":"EF/130_S2_shine1_DOT/130_S2_shine1_00046re"},{"time":1.9333,"name":"EF/130_S2_shine1_DOT/130_S2_shine1_00050re"},{"time":2.0666,"name":"EF/130_S2_shine1_DOT/130_S2_shine1_00054re"},{"time":2.2,"name":"EF/130_S2_shine1_DOT/130_S2_shine1_00058re"},{"time":2.3333,"name":"EF/130_S2_shine1_DOT/130_S2_shine1_00062re"},{"time":2.4666,"name":null}],"color":[{"time":2.2666,"color":"ffffffff"},{"time":2.4666,"color":"ffffff00"}]},"EF/280_S1_magic1/450_S2_power2_00000":{"attachment":[{"time":1.3,"name":"EF/280_S1_magic1/450_S2_power2_00000"},{"time":1.3333,"name":"EF/280_S1_magic1/450_S2_power2_00001"},{"time":1.3666,"name":"EF/280_S1_magic1/450_S2_power2_00002"},{"time":1.4,"name":"EF/280_S1_magic1/450_S2_power2_00003"},{"time":1.4333,"name":"EF/280_S1_magic1/450_S2_power2_00004"},{"time":1.5,"name":"EF/280_S1_magic1/450_S2_power2_00005"},{"time":1.5666,"name":"EF/280_S1_magic1/450_S2_power2_00006"},{"time":1.6333,"name":"EF/280_S1_magic1/450_S2_power2_00007"},{"time":1.7,"name":"EF/280_S1_magic1/450_S2_power2_00008"},{"time":1.7666,"name":"EF/280_S1_magic1/450_S2_power2_00009"},{"time":1.8333,"name":null}],"color":[{"time":1.7333,"color":"ffffffff"},{"time":1.8333,"color":"ffffff00"}]},"EF/280_S2_shine1/700_S2_shine1_00001":{"attachment":[{"time":1.4,"name":"EF/280_S2_shine1/700_S2_shine1_00001"},{"time":1.9333,"name":null}],"color":[{"time":1.8666,"color":"ffffffff"},{"time":1.9333,"color":"ffffff00"}]},"EF/280_S2_shine1/700_S2_shine1_00002":{"attachment":[{"time":1.4666,"name":"EF/280_S2_shine1/700_S2_shine1_00001"},{"time":2,"name":null}],"color":[{"time":1.9,"color":"ffffffff"},{"time":2,"color":"ffffff00"}]},"EF/280_S2_shine1/700_S2_shine1_00003":{"attachment":[{"time":1.4333,"name":"EF/280_S2_shine1/700_S2_shine1_00001"},{"time":1.9666,"name":null}],"color":[{"time":1.8666,"color":"ffffffff"},{"time":1.9666,"color":"ffffff00"}]},"EF/280_S2_shine1/700_S2_shine1_00004":{"attachment":[{"time":1.4,"name":"EF/280_S2_shine1/700_S2_shine1_00001"},{"time":1.9333,"name":null}],"color":[{"time":1.8333,"color":"ffffffff"},{"time":1.9333,"color":"ffffff00"}]}},"bones":{"700_S2_slash1":{"translate":[{"time":0.4666,"x":-150,"y":480.96}],"scale":[{"time":0.4666,"x":7.5,"y":4.431,"curve":[0.812,0,0.924,1]},{"time":0.7333,"x":3.784,"y":4.431}]},"130_S1_shine1":{"translate":[{"time":0.5666,"x":-50,"y":58.04}],"scale":[{"time":0.5666,"x":3.667,"y":7.841},{"time":0.7,"x":8.313,"y":9.401},{"time":0.8,"x":5.281,"y":5.281}]},"700_S2_shine1":{"translate":[{"time":1.4,"x":-263.85,"y":548.87}],"scale":[{"time":1.4,"x":3.444,"y":3.444},{"time":1.5666,"x":1.355,"y":1.355},{"time":1.6,"x":3.444,"y":3.444},{"time":1.9333,"x":0.119,"y":0.119}]},"700_S2_shine2":{"translate":[{"time":1.4666,"x":-321.7,"y":22.57}],"scale":[{"time":1.4666,"x":4.542,"y":4.542},{"time":1.6333,"x":1.442,"y":1.442},{"time":1.6666,"x":5.099,"y":5.099},{"time":2,"x":0.365,"y":0.365}]},"700_S2_shine3":{"translate":[{"time":1.4333,"x":-603.9,"y":451.51}],"scale":[{"time":1.4333,"x":2,"y":2},{"time":1.6,"x":0.613,"y":0.613},{"time":1.6333,"x":2.183,"y":2.183},{"time":1.9666,"x":0.303,"y":0.303}]},"700_S2_shine4":{"translate":[{"time":1.4,"x":-739.36,"y":111.46}],"scale":[{"time":1.4,"x":1.754,"y":1.754},{"time":1.5666,"x":0.569,"y":0.569},{"time":1.6,"x":2.031,"y":2.031},{"time":1.9333,"x":0.168,"y":0.168}]},"130_S2_shine1":{"rotate":[{"time":1.6,"angle":180}],"translate":[{"time":1.6,"x":-250,"y":-132.94}],"scale":[{"time":1.6,"x":3.343,"y":4.882}]},"9090A_A1_fire3":{"translate":[{"time":0.5666,"x":-100,"y":68.33}],"scale":[{"time":0.5666,"x":3,"y":3},{"time":0.6333,"x":5,"y":5}]},"450_S2_power2":{"translate":[{"time":1.3,"x":-345.33,"y":283.2}],"scale":[{"time":1.3,"x":1.7,"y":1.7,"curve":[0.278,0,0.622,0.39]},{"time":1.4,"x":2.3,"y":2.3},{"time":1.5333,"x":3,"y":3,"curve":"stepped"},{"time":1.5666,"x":3,"y":3},{"time":1.6,"x":3.1,"y":3.1},{"time":1.6333,"x":3,"y":3},{"time":1.6666,"x":3.1,"y":3.1,"curve":"stepped"},{"time":1.7,"x":3.1,"y":3.1,"curve":"stepped"},{"time":1.7333,"x":3.1,"y":3.1,"curve":"stepped"},{"time":1.7666,"x":3.1,"y":3.1,"curve":"stepped"},{"time":1.8,"x":3.1,"y":3.1,"curve":"stepped"},{"time":1.8333,"x":3.1,"y":3.1}]},"9090A_A1_fire2":{"translate":[{"time":1.5333,"x":-344.9,"y":283}],"scale":[{"time":1.5333,"x":3,"y":3}]}}}}}