{"skeleton":{"hash":"RFzx9Qrzy/jTaRm98l3SERTEF8I","spine":"3.0.12","width":0,"height":0,"images":"./image2/"},"bones":[{"name":"root"},{"name":"MAIN","parent":"root","y":58.14},{"name":"F_MAIN","parent":"MAIN","y":85.68},{"name":"weapon","parent":"MAIN","x":32.52,"y":5.83}],"slots":[{"name":"MAIN","bone":"MAIN","attachment":"idle_00"},{"name":"weapon","bone":"weapon","attachment":"weapon"},{"name":"f_hand","bone":"F_MAIN","attachment":"f_idle_00"}],"skins":{"default":{"MAIN":{"idle_00":{"x":-3.56,"y":10.96,"scaleX":2,"scaleY":2,"width":183,"height":140},"idle_01":{"x":-3.56,"y":10.96,"scaleX":2,"scaleY":2,"width":183,"height":140},"idle_02":{"x":-3.56,"y":10.96,"scaleX":2,"scaleY":2,"width":183,"height":140},"idle_03":{"x":-3.56,"y":10.96,"scaleX":2,"scaleY":2,"width":183,"height":140},"idle_04":{"x":-3.56,"y":10.96,"scaleX":2,"scaleY":2,"width":183,"height":140}},"f_hand":{"f_idle_00":{"x":-3.56,"y":-74.72,"scaleX":2,"scaleY":2,"width":183,"height":140},"f_idle_01":{"x":-3.56,"y":-74.72,"scaleX":2,"scaleY":2,"width":183,"height":140},"f_idle_02":{"x":-3.56,"y":-74.72,"scaleX":2,"scaleY":2,"width":183,"height":140},"f_idle_03":{"x":-3.56,"y":-74.72,"scaleX":2,"scaleY":2,"width":183,"height":140},"f_idle_04":{"x":-3.56,"y":-74.72,"scaleX":2,"scaleY":2,"width":183,"height":140}},"weapon":{"weapon":{"x":-84.33,"y":-9.89,"scaleX":2,"scaleY":2,"width":240,"height":157}}}},"events":{"Event":{},"Hit":{},"Sound1":{},"Sound2":{},"Sound3":{},"Voice":{}},"animations":{"idle":{"slots":{"MAIN":{"attachment":[{"time":0,"name":"idle_00"},{"time":0.2,"name":"idle_01"},{"time":0.4,"name":"idle_02"},{"time":0.6,"name":"idle_03"},{"time":0.8,"name":"idle_04"},{"time":1,"name":"idle_01"}]},"f_hand":{"attachment":[{"time":0,"name":"f_idle_00"},{"time":0.2,"name":"f_idle_01"},{"time":0.4,"name":"f_idle_02"},{"time":0.6,"name":"f_idle_03"},{"time":0.8,"name":"f_idle_04"},{"time":1,"name":"f_idle_00"}]}},"bones":{"MAIN":{"translate":[{"time":0,"x":0,"y":0}]},"weapon":{"rotate":[{"time":0,"angle":0}],"translate":[{"time":0,"x":0,"y":0,"curve":"stepped"},{"time":0.2,"x":0,"y":-1.4,"curve":"stepped"},{"time":0.4,"x":0,"y":-5.13,"curve":"stepped"},{"time":0.6,"x":0,"y":-7.93,"curve":"stepped"},{"time":0.8,"x":0,"y":-4.19,"curve":"stepped"},{"time":1,"x":0,"y":0}],"scale":[{"time":0,"x":1,"y":1}]}}}}}