{"skeleton":{"hash":"SZrf+uomFryj7sEgSvs1brF3fag","spine":"3.0.12","width":1180,"height":1180,"images":"./images2/"},"bones":[{"name":"root"},{"name":"grid","parent":"root"},{"name":"MAIN","parent":"root","y":59.24},{"name":"arm","parent":"MAIN","color":"00ff00ff"},{"name":"SHADOW-OFFSET","parent":"MAIN"},{"name":"HITBOX","parent":"MAIN"},{"name":"Knight","parent":"root"},{"name":"DAMAGEAREA","parent":"root"},{"name":"A1_spear","parent":"root","color":"ff0000ff"},{"name":"A1_slash1","parent":"root","color":"ff0000ff"},{"name":"shield","parent":"MAIN","color":"00ff00ff"},{"name":"wave","parent":"root"},{"name":"weapon","parent":"MAIN","color":"00ff00ff"}],"slots":[{"name":"grid/nounit(0.88)","bone":"grid","color":"ffffffc7"},{"name":"grid/grid","bone":"grid","color":"ffffff78"},{"name":"S2_wave1","bone":"wave","blend":"additive"},{"name":"Knight","bone":"Knight"},{"name":"EF/dot/ef_duran_back","bone":"A1_slash1","color":"faff12ff","blend":"additive"},{"name":"EF/dot/ef_duran_fore","bone":"A1_slash1","color":"faff12ff","blend":"additive"},{"name":"MAIN","bone":"MAIN","attachment":"idle_00"},{"name":"front_shield","bone":"shield"},{"name":"weapon_1","bone":"weapon"},{"name":"weapon_2","bone":"weapon"},{"name":"up_weapon","bone":"weapon"},{"name":"L_arm_3","bone":"arm"},{"name":"damage_L_arm_3","bone":"arm"},{"name":"shield","bone":"shield"},{"name":"EF/dot/sp_ef_1","bone":"A1_spear","color":"faff12ff","blend":"additive"},{"name":"HITBOX","bone":"HITBOX","attachment":"HITBOX"},{"name":"DAMAGEAREA","bone":"DAMAGEAREA"}],"skins":{"default":{"DAMAGEAREA":{"DAMAGEAREA":{"type":"boundingbox","vertices":[-99.84732,97.24398,-101.06329,-96.10001,95.92862,-97.31601,97.14468,97.24398]}},"EF/dot/ef_duran_back":{"EF/dot/ef_duran_back":{"x":16.45,"y":-60.37,"width":443,"height":348}},"EF/dot/ef_duran_fore":{"EF/dot/ef_duran_fore":{"x":16.45,"y":-60.37,"width":443,"height":348}},"EF/dot/sp_ef_1":{"EF/dot/sp_ef_1":{"width":300,"height":160},"EF/dot/sp_ef_2":{"width":300,"height":160},"EF/dot/sp_ef_3":{"width":300,"height":160}},"HITBOX":{"HITBOX":{"type":"boundingbox","vertices":[46.07263,-58.06001,46.07263,48.94797,-46.34329,48.94797,-46.34329,-56.844]}},"Knight":{"Knight_idle_00":{"x":14.93,"y":-38.93,"width":500,"height":500},"Knight_idle_01":{"x":14.93,"y":-38.93,"width":500,"height":500},"Knight_idle_02":{"x":14.93,"y":-38.93,"width":500,"height":500},"Knight_idle_03":{"x":14.93,"y":-38.93,"width":500,"height":500}},"L_arm_3":{"weapon/L_arm_3":{"x":-10.29,"y":32.82,"width":512,"height":512}},"MAIN":{"attack_00":{"x":-12.86,"y":19.86,"width":500,"height":500},"attack_01":{"x":-12.86,"y":19.86,"width":500,"height":500},"attack_02":{"x":-12.86,"y":19.86,"width":500,"height":500},"attack_03":{"x":-12.86,"y":19.86,"width":500,"height":500},"attack_04":{"x":-12.86,"y":19.86,"width":500,"height":500},"attack_05":{"x":-12.86,"y":19.86,"width":500,"height":500},"attack_06":{"x":-12.86,"y":19.86,"width":500,"height":500},"attack_07":{"x":-12.86,"y":19.86,"width":500,"height":500},"attack_08":{"x":-12.86,"y":19.86,"width":500,"height":500},"attack_09":{"x":-12.86,"y":19.86,"width":500,"height":500},"attack_10":{"x":-12.86,"y":19.86,"width":500,"height":500},"back_00":{"x":-12.86,"y":19.86,"width":500,"height":500},"damage_00":{"x":-12.86,"y":19.86,"width":500,"height":500},"front_00":{"x":-12.86,"y":19.86,"width":500,"height":500},"idle_00":{"x":-12.86,"y":19.86,"width":500,"height":500},"idle_01":{"x":-12.86,"y":19.86,"width":500,"height":500},"idle_02":{"x":-12.86,"y":19.86,"width":500,"height":500},"idle_03":{"x":-12.86,"y":19.86,"width":500,"height":500},"idle_04":{"x":-12.86,"y":19.86,"width":500,"height":500},"skill1_00":{"x":-12.86,"y":19.86,"width":500,"height":500},"skill1_01":{"x":-12.86,"y":19.86,"width":500,"height":500},"skill1_02":{"x":-12.86,"y":19.86,"width":500,"height":500},"skill1_03":{"x":-12.86,"y":19.86,"width":500,"height":500},"skill1_04":{"x":-12.86,"y":19.86,"width":500,"height":500},"skill1_05":{"x":-12.86,"y":19.86,"width":500,"height":500},"skill1_06":{"x":-12.86,"y":19.86,"width":500,"height":500},"skill2_00":{"x":-12.86,"y":19.86,"width":500,"height":500},"skill2_01":{"x":-12.86,"y":19.86,"width":500,"height":500},"skill2_02":{"x":-12.86,"y":19.86,"width":500,"height":500},"skill2_03":{"x":-12.86,"y":19.86,"width":500,"height":500},"skill2_04":{"x":-12.86,"y":19.86,"width":500,"height":500},"skill2_05":{"x":-12.86,"y":19.86,"width":500,"height":500},"skill2_06":{"x":-12.86,"y":19.86,"width":500,"height":500},"skill2_07":{"x":-12.86,"y":19.86,"width":500,"height":500},"skill2_08":{"x":-12.86,"y":19.86,"width":500,"height":500},"skill2_09":{"x":-12.86,"y":19.86,"width":500,"height":500},"skill2_10":{"x":-12.86,"y":19.86,"width":500,"height":500},"skill2_11":{"x":-12.86,"y":19.86,"width":500,"height":500},"skill2_12":{"x":-12.86,"y":19.86,"width":500,"height":500},"skill2_13":{"x":-12.86,"y":19.86,"width":500,"height":500},"skill2_14":{"x":-12.86,"y":19.86,"width":500,"height":500},"skill2_15":{"x":-12.86,"y":19.86,"width":500,"height":500},"skill2_16":{"x":-12.86,"y":19.86,"width":500,"height":500},"skill2_17":{"x":-12.86,"y":19.86,"width":500,"height":500},"skill2_18":{"x":-12.86,"y":19.86,"width":500,"height":500},"skill2_19":{"x":-12.86,"y":19.86,"width":500,"height":500},"skill2_20":{"x":-12.86,"y":19.86,"width":500,"height":500}},"S2_wave1":{"EF/wave_ground/5140_S2_wave1_00002":{"x":-6.9,"y":16.07,"width":500,"height":500},"EF/wave_ground/5140_S2_wave1_00003":{"x":-6.9,"y":16.07,"width":500,"height":500},"EF/wave_ground/5140_S2_wave1_00004":{"x":-6.9,"y":16.07,"width":500,"height":500},"EF/wave_ground/5140_S2_wave1_00005":{"x":-6.9,"y":16.07,"width":500,"height":500},"EF/wave_ground/5140_S2_wave1_00006":{"x":-6.9,"y":16.07,"width":500,"height":500},"EF/wave_ground/5140_S2_wave1_00007":{"x":-6.9,"y":16.07,"width":500,"height":500},"EF/wave_ground/5140_S2_wave1_00008":{"x":-6.9,"y":16.07,"width":500,"height":500},"EF/wave_ground/5140_S2_wave1_00009":{"x":-6.9,"y":16.07,"width":500,"height":500}},"damage_L_arm_3":{"weapon/damage_L_arm_3":{"x":22.89,"y":71.25,"width":512,"height":512}},"front_shield":{"weapon/front_shield":{"x":84.91,"y":27.14,"width":512,"height":512}},"shield":{"weapon/shield":{"x":106.4,"y":42.11,"width":512,"height":512}},"up_weapon":{"weapon/up_weapon":{"x":104.12,"y":22.34,"width":512,"height":512}},"weapon_1":{"weapon/weapon_1":{"x":-13.97,"y":29.11,"width":512,"height":512}},"weapon_2":{"weapon/weapon_2":{"x":-13.97,"y":29.11,"width":512,"height":512}}}},"events":{"Event":{},"Event2":{},"Hit":{},"Sound1":{},"Sound2":{},"Voice":{}},"animations":{"attack1":{"slots":{"DAMAGEAREA":{"attachment":[{"time":0.6333,"name":"DAMAGEAREA"},{"time":0.7,"name":null},{"time":1.3,"name":"DAMAGEAREA"},{"time":1.3666,"name":null}]},"EF/dot/ef_duran_back":{"attachment":[{"time":1.3,"name":"EF/dot/ef_duran_back"},{"time":1.3333,"name":null}]},"EF/dot/ef_duran_fore":{"attachment":[{"time":1.3,"name":"EF/dot/ef_duran_fore"},{"time":1.3333,"name":null}]},"EF/dot/sp_ef_1":{"attachment":[{"time":0.6333,"name":"EF/dot/sp_ef_1"},{"time":0.6666,"name":"EF/dot/sp_ef_2"},{"time":0.7,"name":"EF/dot/sp_ef_3"},{"time":0.7333,"name":null}]},"L_arm_3":{"attachment":[{"time":0.1666,"name":"weapon/L_arm_3"},{"time":0.6333,"name":null}]},"MAIN":{"attachment":[{"time":0,"name":"idle_00"},{"time":0.1666,"name":"attack_00"},{"time":0.2333,"name":"attack_01"},{"time":0.3,"name":"attack_02"},{"time":0.6333,"name":"attack_03"},{"time":0.6666,"name":"attack_04"},{"time":0.8333,"name":"attack_05"},{"time":0.9,"name":"attack_06"},{"time":0.9666,"name":"attack_07"},{"time":1.2666,"name":"attack_08"},{"time":1.3,"name":"attack_09"},{"time":1.3666,"name":"attack_10"},{"time":1.5666,"name":"back_00"},{"time":1.8,"name":"idle_00"},{"time":1.8666,"name":"idle_02"},{"time":1.9666,"name":"idle_04"},{"time":2.1,"name":"idle_04"}]},"front_shield":{"attachment":[{"time":0.1666,"name":"weapon/front_shield"},{"time":0.6333,"name":null},{"time":0.9,"name":"weapon/front_shield"},{"time":1.2666,"name":null},{"time":1.3,"name":"weapon/front_shield"},{"time":1.5666,"name":null}]},"up_weapon":{"attachment":[{"time":0.9,"name":"weapon/up_weapon"},{"time":1.2666,"name":null},{"time":1.3,"name":"weapon/up_weapon"},{"time":1.5666,"name":null}]},"weapon_1":{"attachment":[{"time":0.1666,"name":"weapon/weapon_1"},{"time":0.6333,"name":"weapon/weapon_1"},{"time":0.9,"name":null}]},"weapon_2":{"attachment":[{"time":0.1666,"name":"weapon/weapon_2"},{"time":0.6333,"name":"weapon/weapon_2"},{"time":0.9,"name":null}]}},"bones":{"MAIN":{"translate":[{"time":0.2333,"x":0,"y":1.92,"curve":"stepped"},{"time":0.3,"x":5.06,"y":1.92,"curve":"stepped"},{"time":0.5666,"x":5.06,"y":1.92,"curve":"stepped"},{"time":0.6333,"x":-50,"y":0},{"time":0.7,"x":-52,"y":0,"curve":"stepped"},{"time":1.2666,"x":-66,"y":5.07,"curve":[0.31,0.68,0.699,1]},{"time":1.3,"x":-120,"y":0},{"time":1.3666,"x":-129,"y":0,"curve":"stepped"},{"time":1.5666,"x":-130,"y":2.13},{"time":1.6666,"x":-82,"y":20.94,"curve":[0.31,0.68,0.57,0.89]},{"time":1.8333,"x":-38,"y":0},{"time":1.9333,"x":-30,"y":0}]},"arm":{"rotate":[{"time":0.1666,"angle":16.63,"curve":"stepped"},{"time":0.3,"angle":30.55}],"translate":[{"time":0.1666,"x":56.29,"y":33.89,"curve":"stepped"},{"time":0.2333,"x":72.22,"y":15.16,"curve":"stepped"},{"time":0.3,"x":80.43,"y":10.72}]},"weapon":{"rotate":[{"time":0.1666,"angle":7.71,"curve":"stepped"},{"time":0.2333,"angle":10.04,"curve":"stepped"},{"time":0.3,"angle":11.59,"curve":"stepped"},{"time":0.6333,"angle":24,"curve":"stepped"},{"time":0.8333,"angle":45.81,"curve":"stepped"},{"time":0.9,"angle":6.06,"curve":"stepped"},{"time":0.9666,"angle":29.59,"curve":"stepped"},{"time":1.3,"angle":40.09}],"translate":[{"time":0.1666,"x":65.47,"y":33.22,"curve":"stepped"},{"time":0.2333,"x":79.99,"y":20.19,"curve":"stepped"},{"time":0.3,"x":87.27,"y":14.19,"curve":"stepped"},{"time":0.6333,"x":-83.96,"y":-2.73,"curve":"stepped"},{"time":0.8333,"x":-55.31,"y":-19.25,"curve":"stepped"},{"time":0.9,"x":26.83,"y":7.29,"curve":"stepped"},{"time":0.9666,"x":33.36,"y":13.23,"curve":"stepped"},{"time":1.3,"x":-30.1,"y":49.24}],"scale":[{"time":1.3,"x":1,"y":1.232}]},"shield":{"rotate":[{"time":0.1666,"angle":1.77,"curve":"stepped"},{"time":0.2333,"angle":0.42,"curve":"stepped"},{"time":0.3,"angle":-2.62,"curve":"stepped"},{"time":0.9,"angle":1.58,"curve":"stepped"},{"time":0.9666,"angle":1.34,"curve":"stepped"},{"time":1.3,"angle":-6.74}],"translate":[{"time":0.1666,"x":-65.13,"y":39.38,"curve":"stepped"},{"time":0.2333,"x":-61.29,"y":42.69,"curve":"stepped"},{"time":0.3,"x":-49.63,"y":53.55,"curve":"stepped"},{"time":0.9,"x":-67.31,"y":36.33,"curve":"stepped"},{"time":0.9666,"x":-56.49,"y":35.97,"curve":"stepped"},{"time":1.3,"x":62.16,"y":32.46}],"scale":[{"time":1.3,"x":-1,"y":1}]},"A1_spear":{"translate":[{"time":0.6333,"x":-176,"y":62.69}],"scale":[{"time":0.6333,"x":1,"y":2.39}]},"A1_slash1":{"rotate":[{"time":1.3,"angle":0.95}],"translate":[{"time":1.3,"x":-117.13,"y":186.81}],"scale":[{"time":1.3,"x":1.524,"y":1.338}]},"DAMAGEAREA":{"translate":[{"time":0.6333,"x":-187.62,"y":49.85,"curve":"stepped"},{"time":1.3,"x":-204.18,"y":49.85}],"scale":[{"time":0.6333,"x":1.425,"y":0.55,"curve":"stepped"},{"time":1.3,"x":0.993,"y":0.55}]}},"drawOrder":[{"time":0.1666,"offsets":[{"slot":"L_arm_3","offset":-2}]},{"time":0.6333,"offsets":[{"slot":"weapon_1","offset":-6},{"slot":"L_arm_3","offset":-2}]},{"time":0.9,"offsets":[{"slot":"MAIN","offset":2},{"slot":"front_shield","offset":2},{"slot":"weapon_2","offset":2}]},{"time":1.3,"offsets":[{"slot":"EF/dot/ef_duran_fore","offset":3},{"slot":"MAIN","offset":1},{"slot":"front_shield","offset":2},{"slot":"weapon_2","offset":2}]}],"events":[{"time":0,"name":"Event","float":0.1,"string":"kHitStopType_normal"},{"time":0.6,"name":"Sound1","string":"cri_se_battle_sword_swish_heavy"},{"time":0.6333,"name":"Sound1","string":"setHitSound(se_battle_sword_heavy_hit)"},{"time":0.6333,"name":"Voice","string":"cri_120_voice_attack_random"},{"time":1.2333,"name":"Sound1","string":"cri_se_battle_sword_swish_heavy"},{"time":1.2333,"name":"Voice","string":"cri_120_voice_attack_c"},{"time":1.2666,"name":"Event","string":"resetHitList"},{"time":1.2666,"name":"Hit"},{"time":1.3,"name":"Sound1","string":"setHitSound(se_battle_019_sword_hit_03)"},{"time":1.5666,"name":"Sound1","string":"cri_se_battle_jump"},{"time":1.8,"name":"Sound1","string":"cri_se_battle_landing"}]},"back":{"slots":{"MAIN":{"attachment":[{"time":0,"name":"back_00"},{"time":0.2,"name":"idle_00"},{"time":0.2666,"name":"idle_02"},{"time":0.4333,"name":"idle_04"},{"time":0.6333,"name":"idle_04"}]}},"bones":{"MAIN":{"translate":[{"time":0,"x":0,"y":0},{"time":0.1,"x":74.04,"y":12.7,"curve":[0.287,0.59,0.494,0.83]},{"time":0.2666,"x":132.7,"y":0},{"time":0.3666,"x":140,"y":0}]}}},"cast":{"slots":{"L_arm_3":{"attachment":[{"time":0,"name":"weapon/L_arm_3"},{"time":0.5,"name":null}]},"MAIN":{"attachment":[{"time":0,"name":"attack_00"},{"time":0.0666,"name":"attack_01"},{"time":0.1333,"name":"attack_02"},{"time":0.5,"name":"attack_03"},{"time":0.5666,"name":"attack_04"},{"time":1,"name":"attack_04"}]},"front_shield":{"attachment":[{"time":0,"name":"weapon/front_shield"},{"time":0.5,"name":null}]},"weapon_1":{"attachment":[{"time":0,"name":"weapon/weapon_1"},{"time":0.5,"name":"weapon/weapon_1"}]},"weapon_2":{"attachment":[{"time":0,"name":"weapon/weapon_2"},{"time":0.5,"name":"weapon/weapon_2"}]}},"bones":{"MAIN":{"translate":[{"time":0.0666,"x":0,"y":1.45,"curve":"stepped"},{"time":0.1333,"x":4.94,"y":1.45}]},"arm":{"rotate":[{"time":0,"angle":16.63,"curve":"stepped"},{"time":0.1333,"angle":30.55}],"translate":[{"time":0,"x":56.29,"y":33.89,"curve":"stepped"},{"time":0.0666,"x":72.22,"y":15.16,"curve":"stepped"},{"time":0.1333,"x":80.43,"y":10.72}]},"weapon":{"rotate":[{"time":0,"angle":7.71,"curve":"stepped"},{"time":0.0666,"angle":10.04,"curve":"stepped"},{"time":0.1333,"angle":11.59,"curve":"stepped"},{"time":0.5,"angle":24}],"translate":[{"time":0,"x":65.47,"y":33.22,"curve":"stepped"},{"time":0.0666,"x":79.99,"y":20.19,"curve":"stepped"},{"time":0.1333,"x":87.27,"y":14.19,"curve":"stepped"},{"time":0.5,"x":-83.96,"y":-2.73}]},"shield":{"rotate":[{"time":0,"angle":1.77,"curve":"stepped"},{"time":0.0666,"angle":0.42,"curve":"stepped"},{"time":0.1333,"angle":-2.62}],"translate":[{"time":0,"x":-65.13,"y":39.38,"curve":"stepped"},{"time":0.0666,"x":-61.29,"y":42.69,"curve":"stepped"},{"time":0.1333,"x":-49.63,"y":53.55}]}},"drawOrder":[{"time":0,"offsets":[{"slot":"L_arm_3","offset":-2}]},{"time":0.5,"offsets":[{"slot":"weapon_1","offset":-8},{"slot":"L_arm_3","offset":-2}]}],"events":[{"time":0.5,"name":"Voice","string":"cri_120_voice_item"}]},"damage":{"slots":{"MAIN":{"attachment":[{"time":0,"name":"damage_00"}]},"damage_L_arm_3":{"attachment":[{"time":0,"name":"weapon/damage_L_arm_3"}]},"up_weapon":{"attachment":[{"time":0,"name":"weapon/up_weapon"}]}},"bones":{"arm":{"rotate":[{"time":0,"angle":25.99}],"translate":[{"time":0,"x":-0.76,"y":0.9}]},"weapon":{"rotate":[{"time":0,"angle":12.85}],"translate":[{"time":0,"x":3.14,"y":0.78}],"scale":[{"time":0,"x":-1,"y":1}]}}},"front":{"slots":{"MAIN":{"attachment":[{"time":0,"name":"front_00"}]},"front_shield":{"attachment":[{"time":0,"name":"weapon/front_shield"}]}},"bones":{"shield":{"rotate":[{"time":0,"angle":3.62}],"translate":[{"time":0,"x":-72.94,"y":28.11}]}}},"idle":{"slots":{"MAIN":{"attachment":[{"time":0,"name":"idle_00"},{"time":0.1666,"name":"idle_01"},{"time":0.3333,"name":"idle_02"},{"time":0.5,"name":"idle_03"},{"time":0.6666,"name":"idle_04"},{"time":0.8333,"name":"idle_04"}]}}},"resurrection":{"slots":{"L_arm_3":{"attachment":[{"time":0.1,"name":"weapon/L_arm_3"},{"time":0.1666,"name":"weapon/L_arm_3"},{"time":0.3333,"name":null}]},"MAIN":{"attachment":[{"time":0,"name":"idle_00"},{"time":0.1,"name":"skill2_00"},{"time":0.1666,"name":"skill2_01"},{"time":0.3333,"name":"skill2_02"},{"time":0.4333,"name":"skill2_03"},{"time":0.5,"name":"skill2_04"},{"time":0.5666,"name":"skill2_05"},{"time":0.9,"name":"skill2_06"},{"time":0.9333,"name":"skill2_07"},{"time":1.0333,"name":"skill2_08"},{"time":1.4333,"name":"skill2_09"},{"time":1.4666,"name":"skill2_10"}]},"S2_wave1":{"attachment":[{"time":0.4333,"name":"EF/wave_ground/5140_S2_wave1_00002"},{"time":0.4666,"name":"EF/wave_ground/5140_S2_wave1_00003"},{"time":0.5,"name":"EF/wave_ground/5140_S2_wave1_00004"},{"time":0.5333,"name":"EF/wave_ground/5140_S2_wave1_00005"},{"time":0.5666,"name":"EF/wave_ground/5140_S2_wave1_00006"},{"time":0.6,"name":"EF/wave_ground/5140_S2_wave1_00007"},{"time":0.6333,"name":"EF/wave_ground/5140_S2_wave1_00008"},{"time":0.6666,"name":"EF/wave_ground/5140_S2_wave1_00009"},{"time":0.7666,"name":null},{"time":1.5,"name":"EF/wave_ground/5140_S2_wave1_00002"},{"time":1.5333,"name":"EF/wave_ground/5140_S2_wave1_00003"},{"time":1.5666,"name":"EF/wave_ground/5140_S2_wave1_00004"},{"time":1.6,"name":"EF/wave_ground/5140_S2_wave1_00005"},{"time":1.6333,"name":"EF/wave_ground/5140_S2_wave1_00006"},{"time":1.6666,"name":"EF/wave_ground/5140_S2_wave1_00007"},{"time":1.7,"name":"EF/wave_ground/5140_S2_wave1_00008"},{"time":1.7333,"name":"EF/wave_ground/5140_S2_wave1_00009"},{"time":2.0666,"name":null}],"color":[{"time":0.6666,"color":"ffffffff"},{"time":0.7666,"color":"ffffff00","curve":"stepped"},{"time":1.5,"color":"ffffffff","curve":"stepped"},{"time":1.7333,"color":"ffffffff"},{"time":2.0666,"color":"ffffff00"}]},"shield":{"attachment":[{"time":0.1,"name":"weapon/shield"}]},"up_weapon":{"attachment":[{"time":0.1,"name":"weapon/up_weapon"},{"time":0.1666,"name":null}]},"weapon_1":{"attachment":[{"time":0.1666,"name":"weapon/weapon_1"},{"time":0.4333,"name":null}]},"weapon_2":{"attachment":[{"time":0.1666,"name":"weapon/weapon_2"},{"time":0.4333,"name":null}]}},"bones":{"weapon":{"rotate":[{"time":0.1,"angle":69.09,"curve":"stepped"},{"time":0.1666,"angle":115.9,"curve":"stepped"},{"time":0.3333,"angle":119.05}],"translate":[{"time":0.1,"x":52.26,"y":43.67,"curve":"stepped"},{"time":0.1666,"x":41.55,"y":100.22,"curve":"stepped"},{"time":0.3333,"x":34.04,"y":121.62}]},"arm":{"rotate":[{"time":0.1,"angle":265.66,"curve":"stepped"},{"time":0.1666,"angle":-69.87}],"translate":[{"time":0.1,"x":51.7,"y":49.15,"curve":"stepped"},{"time":0.1666,"x":40.9,"y":83.08}]},"shield":{"rotate":[{"time":0.1,"angle":3.22,"curve":"stepped"},{"time":0.1666,"angle":5.12,"curve":"stepped"},{"time":0.4333,"angle":3.34,"curve":"stepped"},{"time":0.9,"angle":1.52}],"translate":[{"time":0.1,"x":-74.6,"y":6.02,"curve":"stepped"},{"time":0.1666,"x":-75.43,"y":2.71,"curve":"stepped"},{"time":0.3333,"x":-72.67,"y":5.19,"curve":"stepped"},{"time":0.4333,"x":-79.99,"y":10.07,"curve":"stepped"},{"time":0.5,"x":-78.83,"y":6.88,"curve":"stepped"},{"time":0.9,"x":-75.64,"y":3.69,"curve":"stepped"},{"time":0.9333,"x":-75.35,"y":6.59,"curve":"stepped"},{"time":1.0333,"x":-74.48,"y":8.62,"curve":"stepped"},{"time":1.4333,"x":-74.19,"y":13.26,"curve":"stepped"},{"time":1.4666,"x":-73.61,"y":14.71}]},"wave":{"translate":[{"time":0.4333,"x":0,"y":0,"curve":"stepped"},{"time":1.5,"x":9.9,"y":0}],"scale":[{"time":0.4333,"x":0.702,"y":0.702},{"time":0.5,"x":0.987,"y":0.987,"curve":[0.13,0.67,0.494,0.96]},{"time":0.7666,"x":2.974,"y":2.974,"curve":"stepped"},{"time":1.5,"x":3.649,"y":3.649,"curve":"stepped"},{"time":1.7333,"x":3.649,"y":3.649},{"time":2.0666,"x":3.999,"y":3.999}]}},"drawOrder":[{"time":0.1,"offsets":[{"slot":"up_weapon","offset":-8}]},{"time":0.1666,"offsets":[{"slot":"weapon_2","offset":2},{"slot":"up_weapon","offset":-8}]}],"events":[{"time":0.4333,"name":"Sound1","string":"cri_se_battle_thrustviolently"},{"time":0.9333,"name":"Sound1","string":"cri_se_scenario_fetters_magic"},{"time":1.4333,"name":"Sound1","string":"cri_se_battle_036_explosion_element_04"},{"time":1.5333,"name":"Event2","string":"runScript_resurrection"}]},"skill1":{"slots":{"DAMAGEAREA":{"attachment":[{"time":0.4,"name":"DAMAGEAREA"},{"time":0.4666,"name":null},{"time":0.9,"name":"DAMAGEAREA"},{"time":1,"name":null},{"time":1.6333,"name":"DAMAGEAREA"},{"time":1.7333,"name":null}]},"MAIN":{"attachment":[{"time":0,"name":"skill1_00"},{"time":0.3,"name":"skill1_01"},{"time":0.3666,"name":"skill1_00"},{"time":0.6333,"name":"skill1_01"},{"time":0.7,"name":"skill1_02"},{"time":0.8333,"name":"skill1_03"},{"time":0.8666,"name":"skill1_04"},{"time":0.9333,"name":"skill1_05"},{"time":1.1333,"name":"skill1_06"},{"time":1.2333,"name":"attack_06"},{"time":1.3,"name":"attack_07"},{"time":1.6,"name":"attack_08"},{"time":1.6333,"name":"attack_10"},{"time":1.7,"name":"attack_09"},{"time":1.8,"name":"attack_10"},{"time":2.1333,"name":"attack_10"}]},"front_shield":{"attachment":[{"time":0,"name":"weapon/front_shield"},{"time":0.3,"name":null},{"time":0.3666,"name":"weapon/front_shield"},{"time":0.6333,"name":null},{"time":0.8333,"name":"weapon/front_shield"},{"time":0.8666,"name":null},{"time":1.2333,"name":"weapon/front_shield"},{"time":1.6,"name":null},{"time":1.6333,"name":"weapon/front_shield"}]},"shield":{"attachment":[{"time":0.3,"name":"weapon/shield"},{"time":0.3666,"name":null},{"time":0.6333,"name":"weapon/shield"},{"time":0.8333,"name":null}]},"up_weapon":{"attachment":[{"time":1.2333,"name":"weapon/up_weapon"},{"time":1.6,"name":null},{"time":1.6333,"name":"weapon/up_weapon"}]},"weapon_1":{"attachment":[{"time":0.3,"name":"weapon/weapon_1"},{"time":0.3666,"name":null},{"time":0.6333,"name":"weapon/weapon_1"},{"time":0.8333,"name":null},{"time":1.1333,"name":null},{"time":1.2333,"name":null}]},"weapon_2":{"attachment":[{"time":0.3,"name":"weapon/weapon_2"},{"time":0.3666,"name":null},{"time":0.6333,"name":"weapon/weapon_2"},{"time":0.8333,"name":null},{"time":0.8666,"name":"weapon/weapon_2"},{"time":1.2333,"name":null}]}},"bones":{"MAIN":{"translate":[{"time":0.7,"x":4.06,"y":-0.54,"curve":"stepped"},{"time":0.8333,"x":-40,"y":0,"curve":[0.056,0.82,0.158,0.95]},{"time":0.9,"x":-80,"y":0,"curve":"stepped"},{"time":1.1333,"x":-71.59,"y":2.79,"curve":"stepped"},{"time":1.2333,"x":-64.13,"y":0.58,"curve":"stepped"},{"time":1.6,"x":-71.49,"y":-1.52,"curve":[0.068,0.81,0.75,1]},{"time":1.6666,"x":-131.5,"y":0}]},"shield":{"rotate":[{"time":0,"angle":0.29,"curve":"stepped"},{"time":0.3,"angle":-25.7,"curve":"stepped"},{"time":0.3666,"angle":0.29,"curve":"stepped"},{"time":0.6333,"angle":-25.7,"curve":"stepped"},{"time":0.7,"angle":-29.32,"curve":"stepped"},{"time":0.8333,"angle":21.66,"curve":"stepped"},{"time":1.2333,"angle":1.37,"curve":"stepped"},{"time":1.3,"angle":1.51,"curve":"stepped"},{"time":1.6333,"angle":-6.74}],"translate":[{"time":0,"x":-51.73,"y":29.86,"curve":"stepped"},{"time":0.3,"x":46.01,"y":-0.67,"curve":"stepped"},{"time":0.3666,"x":-51.73,"y":29.86,"curve":"stepped"},{"time":0.6333,"x":46.01,"y":-0.67,"curve":"stepped"},{"time":0.7,"x":46.44,"y":-8.88,"curve":"stepped"},{"time":0.8333,"x":-65.96,"y":31.47,"curve":"stepped"},{"time":1.2333,"x":-66.98,"y":36.22,"curve":"stepped"},{"time":1.3,"x":-56.47,"y":36.22,"curve":"stepped"},{"time":1.6333,"x":62.16,"y":32.46}],"scale":[{"time":0,"x":1,"y":1,"curve":"stepped"},{"time":0.3,"x":-1,"y":1,"curve":"stepped"},{"time":0.3666,"x":1,"y":1,"curve":"stepped"},{"time":0.6333,"x":-1,"y":1,"curve":"stepped"},{"time":0.8333,"x":0.954,"y":0.954,"curve":"stepped"},{"time":1.2333,"x":1,"y":1,"curve":"stepped"},{"time":1.6333,"x":-1,"y":1}]},"weapon":{"rotate":[{"time":0,"angle":-123.9,"curve":"stepped"},{"time":0.3,"angle":-123.9,"curve":"stepped"},{"time":0.6333,"angle":-123.9,"curve":"stepped"},{"time":0.7,"angle":-128.4,"curve":"stepped"},{"time":0.8666,"angle":54.83,"curve":"stepped"},{"time":1.1333,"angle":88.47,"curve":"stepped"},{"time":1.2333,"angle":6.2,"curve":"stepped"},{"time":1.3,"angle":29.64,"curve":"stepped"},{"time":1.6333,"angle":40.09}],"translate":[{"time":0,"x":52.54,"y":-15.07,"curve":"stepped"},{"time":0.3,"x":52.54,"y":-15.07,"curve":"stepped"},{"time":0.6333,"x":52.54,"y":-15.07,"curve":"stepped"},{"time":0.7,"x":40.28,"y":-14.05,"curve":"stepped"},{"time":0.8666,"x":9.91,"y":-17.07,"curve":"stepped"},{"time":1.1333,"x":23.29,"y":-1.18,"curve":"stepped"},{"time":1.2333,"x":26.86,"y":6.97,"curve":"stepped"},{"time":1.3,"x":33.64,"y":12.74,"curve":"stepped"},{"time":1.6333,"x":-30.1,"y":49.24}]},"DAMAGEAREA":{"translate":[{"time":0.4,"x":-73.55,"y":63.75,"curve":"stepped"},{"time":0.9,"x":-107,"y":58.36,"curve":"stepped"},{"time":1.6333,"x":-228.8,"y":91.42}],"scale":[{"time":0.9,"x":2.348,"y":1.452,"curve":"stepped"},{"time":1.6333,"x":2.269,"y":1.818}]}},"drawOrder":[{"time":0,"offsets":[{"slot":"MAIN","offset":2},{"slot":"front_shield","offset":2}]},{"time":0.3,"offsets":[{"slot":"MAIN","offset":2},{"slot":"front_shield","offset":2}]},{"time":0.6333,"offsets":[{"slot":"MAIN","offset":2},{"slot":"front_shield","offset":2}]},{"time":0.8666,"offsets":[{"slot":"MAIN","offset":1},{"slot":"front_shield","offset":2}]},{"time":1.1333,"offsets":[{"slot":"front_shield","offset":2}]},{"time":1.2333,"offsets":[{"slot":"front_shield","offset":3},{"slot":"up_weapon","offset":-8}]}],"events":[{"time":0.0333,"name":"Event","string":"runSkillEffect"},{"time":0.3333,"name":"Event","float":0.3,"string":"kHitStopType_enemyonly"},{"time":0.3666,"name":"Sound2","string":"cri_se_battle_magic_Invocation_dark"},{"time":0.6666,"name":"Event","string":"setHitBackEnemy(30,20)"},{"time":0.7666,"name":"Event","string":"setForceImpact(1)"},{"time":0.8333,"name":"Event","int":50,"string":"kImpactType_knock"},{"time":0.8333,"name":"Sound1","string":"cri_se_battle_skill_swish"},{"time":0.8333,"name":"Sound2","string":"cri_se_battle_036_explosion_element_04"},{"time":0.8333,"name":"Voice","string":"cri_120_voice_skill_all"},{"time":0.9,"name":"Hit","string":"resetHitList"},{"time":0.9,"name":"Sound1","string":"setHitSound(se_battle_hard_hit)"},{"time":0.9333,"name":"Event","float":0.15,"string":"kHitStopType_normal"},{"time":0.9333,"name":"Sound1","string":"setHitSound(se_battle_hard_hit)"},{"time":0.9666,"name":"Hit","string":"resetHitList"},{"time":1.5,"name":"Event","float":0.15,"string":"kHitStopType_normal"},{"time":1.5666,"name":"Event","int":180,"string":"kImpactType_knock"},{"time":1.5666,"name":"Sound1","string":"cri_se_battle_skill_shot"},{"time":1.6,"name":"Hit","string":"resetHitList"},{"time":1.6,"name":"Sound2","string":"cri_se_battle_arrow_light_effect"},{"time":1.6333,"name":"Event","string":"shakeGround"},{"time":1.6333,"name":"Sound1","string":"setHitSound(se_battle_sword_heavy_hit)"},{"time":1.6666,"name":"Hit","string":"resetHitList"}]},"skill2":{"slots":{"DAMAGEAREA":{"attachment":[{"time":2.3666,"name":null},{"time":7.4333,"name":null}]},"Knight":{"attachment":[{"time":1.4666,"name":"Knight_idle_00"},{"time":1.8,"name":"Knight_idle_01"},{"time":2.1333,"name":"Knight_idle_02"},{"time":2.4666,"name":"Knight_idle_03"},{"time":2.8,"name":"Knight_idle_00"},{"time":3.1333,"name":"Knight_idle_01"},{"time":3.4666,"name":"Knight_idle_02"},{"time":3.8,"name":"Knight_idle_03"},{"time":4.1333,"name":"Knight_idle_00"},{"time":4.4666,"name":"Knight_idle_01"},{"time":4.8,"name":"Knight_idle_02"},{"time":5.1333,"name":"Knight_idle_03"},{"time":5.4666,"name":"Knight_idle_00"},{"time":5.8,"name":"Knight_idle_01"},{"time":6.1333,"name":"Knight_idle_02"},{"time":6.4666,"name":"Knight_idle_03"},{"time":6.8,"name":"Knight_idle_00"},{"time":7.1333,"name":"Knight_idle_01"},{"time":7.5333,"name":null}],"color":[{"time":1.4666,"color":"ffffff00","curve":[0.25,0,0.75,1]},{"time":1.7,"color":"ffffffff","curve":"stepped"},{"time":7.4,"color":"ffffffff"},{"time":7.5333,"color":"ffffff00"}]},"L_arm_3":{"attachment":[{"time":0.1,"name":"weapon/L_arm_3"},{"time":0.1666,"name":"weapon/L_arm_3"},{"time":0.3333,"name":null},{"time":7.8666,"name":"weapon/L_arm_3"},{"time":7.9666,"name":null}]},"MAIN":{"attachment":[{"time":0,"name":"idle_00"},{"time":0.1,"name":"skill2_00"},{"time":0.1666,"name":"skill2_01"},{"time":0.3333,"name":"skill2_02"},{"time":0.4333,"name":"skill2_03"},{"time":0.5,"name":"skill2_04"},{"time":0.5666,"name":"skill2_05"},{"time":0.9,"name":"skill2_06"},{"time":0.9333,"name":"skill2_07"},{"time":1.0333,"name":"skill2_08"},{"time":1.4333,"name":"skill2_09"},{"time":1.4666,"name":"skill2_10"},{"time":1.9333,"name":"skill2_11"},{"time":2,"name":"skill2_12"},{"time":2.1,"name":"skill2_13"},{"time":2.2,"name":"skill2_14"},{"time":2.3,"name":"skill2_15"},{"time":2.4,"name":"skill2_16"},{"time":2.5,"name":"skill2_17"},{"time":2.6,"name":"skill2_14"},{"time":2.7,"name":"skill2_13"},{"time":2.8,"name":"skill2_12"},{"time":2.9,"name":"skill2_13"},{"time":3,"name":"skill2_14"},{"time":3.1,"name":"skill2_15"},{"time":3.2,"name":"skill2_16"},{"time":3.3,"name":"skill2_17"},{"time":3.4,"name":"skill2_14"},{"time":3.5,"name":"skill2_13"},{"time":3.6,"name":"skill2_12"},{"time":3.7,"name":"skill2_13"},{"time":3.8,"name":"skill2_14"},{"time":3.9,"name":"skill2_15"},{"time":4,"name":"skill2_16"},{"time":4.1,"name":"skill2_17"},{"time":4.2,"name":"skill2_14"},{"time":4.3,"name":"skill2_13"},{"time":4.4,"name":"skill2_12"},{"time":4.5,"name":"skill2_13"},{"time":4.6,"name":"skill2_14"},{"time":4.7,"name":"skill2_15"},{"time":4.8,"name":"skill2_16"},{"time":4.9,"name":"skill2_17"},{"time":5,"name":"skill2_14"},{"time":5.1,"name":"skill2_13"},{"time":5.2,"name":"skill2_12"},{"time":5.3,"name":"skill2_13"},{"time":5.4,"name":"skill2_14"},{"time":5.5,"name":"skill2_15"},{"time":5.6,"name":"skill2_16"},{"time":5.7,"name":"skill2_17"},{"time":5.8,"name":"skill2_14"},{"time":5.9,"name":"skill2_13"},{"time":6,"name":"skill2_12"},{"time":6.1,"name":"skill2_13"},{"time":6.2,"name":"skill2_14"},{"time":6.3,"name":"skill2_15"},{"time":6.4,"name":"skill2_16"},{"time":6.5,"name":"skill2_17"},{"time":6.6,"name":"skill2_14"},{"time":6.7,"name":"skill2_13"},{"time":6.8,"name":"skill2_12"},{"time":6.9,"name":"skill2_13"},{"time":7,"name":"skill2_14"},{"time":7.1,"name":"skill2_15"},{"time":7.2,"name":"skill2_16"},{"time":7.3,"name":"skill2_17"},{"time":7.6,"name":"skill2_18"},{"time":7.6666,"name":"skill2_19"},{"time":7.7666,"name":"skill2_02"},{"time":7.8666,"name":"skill2_20"},{"time":7.9666,"name":"idle_02"},{"time":8.0333,"name":"idle_04"},{"time":8.2,"name":"idle_00"}]},"S2_wave1":{"attachment":[{"time":0.4333,"name":"EF/wave_ground/5140_S2_wave1_00002"},{"time":0.4666,"name":"EF/wave_ground/5140_S2_wave1_00003"},{"time":0.5,"name":"EF/wave_ground/5140_S2_wave1_00004"},{"time":0.5333,"name":"EF/wave_ground/5140_S2_wave1_00005"},{"time":0.5666,"name":"EF/wave_ground/5140_S2_wave1_00006"},{"time":0.6,"name":"EF/wave_ground/5140_S2_wave1_00007"},{"time":0.6333,"name":"EF/wave_ground/5140_S2_wave1_00008"},{"time":0.6666,"name":"EF/wave_ground/5140_S2_wave1_00009"},{"time":0.7666,"name":null},{"time":1.5,"name":"EF/wave_ground/5140_S2_wave1_00002"},{"time":1.5333,"name":"EF/wave_ground/5140_S2_wave1_00003"},{"time":1.5666,"name":"EF/wave_ground/5140_S2_wave1_00004"},{"time":1.6,"name":"EF/wave_ground/5140_S2_wave1_00005"},{"time":1.6333,"name":"EF/wave_ground/5140_S2_wave1_00006"},{"time":1.6666,"name":"EF/wave_ground/5140_S2_wave1_00007"},{"time":1.7,"name":"EF/wave_ground/5140_S2_wave1_00008"},{"time":1.7333,"name":"EF/wave_ground/5140_S2_wave1_00009"},{"time":1.8333,"name":null},{"time":2.2,"name":"EF/wave_ground/5140_S2_wave1_00002"},{"time":2.2333,"name":"EF/wave_ground/5140_S2_wave1_00003"},{"time":2.2666,"name":"EF/wave_ground/5140_S2_wave1_00004"},{"time":2.3,"name":"EF/wave_ground/5140_S2_wave1_00005"},{"time":2.3333,"name":"EF/wave_ground/5140_S2_wave1_00006"},{"time":2.3666,"name":"EF/wave_ground/5140_S2_wave1_00007"},{"time":2.4,"name":"EF/wave_ground/5140_S2_wave1_00008"},{"time":2.4333,"name":"EF/wave_ground/5140_S2_wave1_00009"},{"time":2.6333,"name":null},{"time":2.8,"name":"EF/wave_ground/5140_S2_wave1_00002"},{"time":2.8333,"name":"EF/wave_ground/5140_S2_wave1_00003"},{"time":2.8666,"name":"EF/wave_ground/5140_S2_wave1_00004"},{"time":2.9,"name":"EF/wave_ground/5140_S2_wave1_00005"},{"time":2.9333,"name":"EF/wave_ground/5140_S2_wave1_00006"},{"time":2.9666,"name":"EF/wave_ground/5140_S2_wave1_00007"},{"time":3,"name":"EF/wave_ground/5140_S2_wave1_00008"},{"time":3.0333,"name":"EF/wave_ground/5140_S2_wave1_00009"},{"time":3.2333,"name":null},{"time":3.4,"name":"EF/wave_ground/5140_S2_wave1_00002"},{"time":3.4333,"name":"EF/wave_ground/5140_S2_wave1_00003"},{"time":3.4666,"name":"EF/wave_ground/5140_S2_wave1_00004"},{"time":3.5,"name":"EF/wave_ground/5140_S2_wave1_00005"},{"time":3.5333,"name":"EF/wave_ground/5140_S2_wave1_00006"},{"time":3.5666,"name":"EF/wave_ground/5140_S2_wave1_00007"},{"time":3.6,"name":"EF/wave_ground/5140_S2_wave1_00008"},{"time":3.6333,"name":"EF/wave_ground/5140_S2_wave1_00009"},{"time":3.8333,"name":null},{"time":4,"name":"EF/wave_ground/5140_S2_wave1_00002"},{"time":4.0333,"name":"EF/wave_ground/5140_S2_wave1_00003"},{"time":4.0666,"name":"EF/wave_ground/5140_S2_wave1_00004"},{"time":4.1,"name":"EF/wave_ground/5140_S2_wave1_00005"},{"time":4.1333,"name":"EF/wave_ground/5140_S2_wave1_00006"},{"time":4.1666,"name":"EF/wave_ground/5140_S2_wave1_00007"},{"time":4.2,"name":"EF/wave_ground/5140_S2_wave1_00008"},{"time":4.2333,"name":"EF/wave_ground/5140_S2_wave1_00009"},{"time":4.4333,"name":null},{"time":4.6,"name":"EF/wave_ground/5140_S2_wave1_00002"},{"time":4.6333,"name":"EF/wave_ground/5140_S2_wave1_00003"},{"time":4.6666,"name":"EF/wave_ground/5140_S2_wave1_00004"},{"time":4.7,"name":"EF/wave_ground/5140_S2_wave1_00005"},{"time":4.7333,"name":"EF/wave_ground/5140_S2_wave1_00006"},{"time":4.7666,"name":"EF/wave_ground/5140_S2_wave1_00007"},{"time":4.8,"name":"EF/wave_ground/5140_S2_wave1_00008"},{"time":4.8333,"name":"EF/wave_ground/5140_S2_wave1_00009"},{"time":5.0333,"name":null},{"time":5.2,"name":"EF/wave_ground/5140_S2_wave1_00002"},{"time":5.2333,"name":"EF/wave_ground/5140_S2_wave1_00003"},{"time":5.2666,"name":"EF/wave_ground/5140_S2_wave1_00004"},{"time":5.3,"name":"EF/wave_ground/5140_S2_wave1_00005"},{"time":5.3333,"name":"EF/wave_ground/5140_S2_wave1_00006"},{"time":5.3666,"name":"EF/wave_ground/5140_S2_wave1_00007"},{"time":5.4,"name":"EF/wave_ground/5140_S2_wave1_00008"},{"time":5.4333,"name":"EF/wave_ground/5140_S2_wave1_00009"},{"time":5.6333,"name":null},{"time":5.8,"name":"EF/wave_ground/5140_S2_wave1_00002"},{"time":5.8333,"name":"EF/wave_ground/5140_S2_wave1_00003"},{"time":5.8666,"name":"EF/wave_ground/5140_S2_wave1_00004"},{"time":5.9,"name":"EF/wave_ground/5140_S2_wave1_00005"},{"time":5.9333,"name":"EF/wave_ground/5140_S2_wave1_00006"},{"time":5.9666,"name":"EF/wave_ground/5140_S2_wave1_00007"},{"time":6,"name":"EF/wave_ground/5140_S2_wave1_00008"},{"time":6.0333,"name":"EF/wave_ground/5140_S2_wave1_00009"},{"time":6.2333,"name":null},{"time":6.4,"name":"EF/wave_ground/5140_S2_wave1_00002"},{"time":6.4333,"name":"EF/wave_ground/5140_S2_wave1_00003"},{"time":6.4666,"name":"EF/wave_ground/5140_S2_wave1_00004"},{"time":6.5,"name":"EF/wave_ground/5140_S2_wave1_00005"},{"time":6.5333,"name":"EF/wave_ground/5140_S2_wave1_00006"},{"time":6.5666,"name":"EF/wave_ground/5140_S2_wave1_00007"},{"time":6.6,"name":"EF/wave_ground/5140_S2_wave1_00008"},{"time":6.6333,"name":"EF/wave_ground/5140_S2_wave1_00009"},{"time":6.8333,"name":null},{"time":7,"name":"EF/wave_ground/5140_S2_wave1_00002"},{"time":7.0333,"name":"EF/wave_ground/5140_S2_wave1_00003"},{"time":7.0666,"name":"EF/wave_ground/5140_S2_wave1_00004"},{"time":7.1,"name":"EF/wave_ground/5140_S2_wave1_00005"},{"time":7.1333,"name":"EF/wave_ground/5140_S2_wave1_00006"},{"time":7.1666,"name":"EF/wave_ground/5140_S2_wave1_00007"},{"time":7.2,"name":"EF/wave_ground/5140_S2_wave1_00008"},{"time":7.2333,"name":"EF/wave_ground/5140_S2_wave1_00009"},{"time":7.4333,"name":null}],"color":[{"time":0.6666,"color":"ffffffff"},{"time":0.7666,"color":"ffffff00","curve":"stepped"},{"time":1.5,"color":"ffffffff","curve":"stepped"},{"time":1.7333,"color":"ffffffff"},{"time":1.8333,"color":"ffffff00","curve":"stepped"},{"time":2.2,"color":"ffffffff","curve":"stepped"},{"time":2.4333,"color":"ffffffff"},{"time":2.6333,"color":"ffffff00","curve":"stepped"},{"time":2.8,"color":"ffffffff","curve":"stepped"},{"time":3.0333,"color":"ffffffff"},{"time":3.2333,"color":"ffffff00","curve":"stepped"},{"time":3.4,"color":"ffffffff","curve":"stepped"},{"time":3.6333,"color":"ffffffff"},{"time":3.8333,"color":"ffffff00","curve":"stepped"},{"time":4,"color":"ffffffff","curve":"stepped"},{"time":4.2333,"color":"ffffffff"},{"time":4.4333,"color":"ffffff00","curve":"stepped"},{"time":4.6,"color":"ffffffff","curve":"stepped"},{"time":4.8333,"color":"ffffffff"},{"time":5.0333,"color":"ffffff00","curve":"stepped"},{"time":5.2,"color":"ffffffff","curve":"stepped"},{"time":5.4333,"color":"ffffffff"},{"time":5.6333,"color":"ffffff00","curve":"stepped"},{"time":5.8,"color":"ffffffff","curve":"stepped"},{"time":6.0333,"color":"ffffffff"},{"time":6.2333,"color":"ffffff00","curve":"stepped"},{"time":6.4,"color":"ffffffff","curve":"stepped"},{"time":6.6333,"color":"ffffffff"},{"time":6.8333,"color":"ffffff00","curve":"stepped"},{"time":7,"color":"ffffffff","curve":"stepped"},{"time":7.2333,"color":"ffffffff"},{"time":7.4333,"color":"ffffff00"}]},"shield":{"attachment":[{"time":0.1,"name":"weapon/shield"},{"time":7.9666,"name":null}]},"up_weapon":{"attachment":[{"time":0.1,"name":"weapon/up_weapon"},{"time":0.1666,"name":null}]},"weapon_1":{"attachment":[{"time":0.1666,"name":"weapon/weapon_1"},{"time":0.4333,"name":null},{"time":7.7666,"name":"weapon/weapon_1"},{"time":7.9666,"name":null}]},"weapon_2":{"attachment":[{"time":0.1666,"name":"weapon/weapon_2"},{"time":0.4333,"name":null},{"time":7.7666,"name":"weapon/weapon_2"},{"time":7.9666,"name":null}]}},"bones":{"weapon":{"rotate":[{"time":0.1,"angle":69.09,"curve":"stepped"},{"time":0.1666,"angle":115.9,"curve":"stepped"},{"time":0.3333,"angle":119.05,"curve":"stepped"},{"time":7.7666,"angle":119.05,"curve":"stepped"},{"time":7.8666,"angle":-28.91}],"translate":[{"time":0.1,"x":52.26,"y":43.67,"curve":"stepped"},{"time":0.1666,"x":41.55,"y":100.22,"curve":"stepped"},{"time":0.3333,"x":34.04,"y":121.62,"curve":"stepped"},{"time":7.7666,"x":34.04,"y":121.62,"curve":"stepped"},{"time":7.8666,"x":58.25,"y":37.95}]},"arm":{"rotate":[{"time":0.1,"angle":265.66,"curve":"stepped"},{"time":0.1666,"angle":-69.87,"curve":"stepped"},{"time":7.8666,"angle":-18.68}],"translate":[{"time":0.1,"x":51.7,"y":49.15,"curve":"stepped"},{"time":0.1666,"x":40.9,"y":83.08,"curve":"stepped"},{"time":7.8666,"x":52.27,"y":40.06}]},"shield":{"rotate":[{"time":0.1,"angle":3.22,"curve":"stepped"},{"time":0.1666,"angle":5.12,"curve":"stepped"},{"time":0.4333,"angle":3.34,"curve":"stepped"},{"time":0.9,"angle":1.52,"curve":"stepped"},{"time":7.6,"angle":1.75,"curve":"stepped"},{"time":7.6666,"angle":3.13,"curve":"stepped"},{"time":7.7666,"angle":5.12,"curve":"stepped"},{"time":7.8666,"angle":3.86}],"translate":[{"time":0.1,"x":-74.6,"y":6.02,"curve":"stepped"},{"time":0.1666,"x":-75.43,"y":2.71,"curve":"stepped"},{"time":0.3333,"x":-72.67,"y":5.19,"curve":"stepped"},{"time":0.4333,"x":-79.99,"y":10.07,"curve":"stepped"},{"time":0.5,"x":-78.83,"y":6.88,"curve":"stepped"},{"time":0.9,"x":-75.64,"y":3.69,"curve":"stepped"},{"time":0.9333,"x":-75.35,"y":6.59,"curve":"stepped"},{"time":1.0333,"x":-74.48,"y":8.62,"curve":"stepped"},{"time":1.4333,"x":-74.19,"y":13.26,"curve":"stepped"},{"time":1.4666,"x":-73.61,"y":14.71,"curve":"stepped"},{"time":2,"x":-72.45,"y":-0.94,"curve":"stepped"},{"time":7.6,"x":-76.51,"y":4.27,"curve":"stepped"},{"time":7.6666,"x":-78.54,"y":7.17,"curve":"stepped"},{"time":7.7666,"x":-72.67,"y":5.19,"curve":"stepped"},{"time":7.8666,"x":-74.19,"y":4.85}]},"wave":{"translate":[{"time":0.4333,"x":0,"y":0,"curve":"stepped"},{"time":1.5,"x":9.9,"y":0}],"scale":[{"time":0.4333,"x":0.702,"y":0.702},{"time":0.5,"x":0.987,"y":0.987,"curve":[0.13,0.67,0.494,0.96]},{"time":0.7666,"x":2.974,"y":2.974,"curve":"stepped"},{"time":1.5,"x":3.649,"y":3.649,"curve":"stepped"},{"time":1.7333,"x":3.649,"y":3.649},{"time":1.8333,"x":3.999,"y":3.999,"curve":"stepped"},{"time":2.2,"x":0.702,"y":0.702},{"time":2.2666,"x":2.277,"y":2.277,"curve":[0.13,0.67,0.494,0.96]},{"time":2.6333,"x":3.583,"y":3.583,"curve":"stepped"},{"time":2.8,"x":0.702,"y":0.702},{"time":2.8666,"x":2.277,"y":2.277,"curve":[0.13,0.67,0.494,0.96]},{"time":3.2333,"x":3.583,"y":3.583,"curve":"stepped"},{"time":3.4,"x":0.702,"y":0.702},{"time":3.4666,"x":2.277,"y":2.277,"curve":[0.13,0.67,0.494,0.96]},{"time":3.8333,"x":3.583,"y":3.583,"curve":"stepped"},{"time":4,"x":0.702,"y":0.702},{"time":4.0666,"x":2.277,"y":2.277,"curve":[0.13,0.67,0.494,0.96]},{"time":4.4333,"x":3.583,"y":3.583,"curve":"stepped"},{"time":4.6,"x":0.702,"y":0.702},{"time":4.6666,"x":2.277,"y":2.277,"curve":[0.13,0.67,0.494,0.96]},{"time":5.0333,"x":3.583,"y":3.583,"curve":"stepped"},{"time":5.2,"x":0.702,"y":0.702},{"time":5.2666,"x":2.277,"y":2.277,"curve":[0.13,0.67,0.494,0.96]},{"time":5.6333,"x":3.583,"y":3.583,"curve":"stepped"},{"time":5.8,"x":0.702,"y":0.702},{"time":5.8666,"x":2.277,"y":2.277,"curve":[0.13,0.67,0.494,0.96]},{"time":6.2333,"x":3.583,"y":3.583,"curve":"stepped"},{"time":6.2666,"x":3.583,"y":3.583,"curve":"stepped"},{"time":6.4,"x":0.702,"y":0.702},{"time":6.4666,"x":2.277,"y":2.277,"curve":[0.13,0.67,0.494,0.96]},{"time":6.8333,"x":3.583,"y":3.583,"curve":"stepped"},{"time":7,"x":0.702,"y":0.702},{"time":7.0666,"x":2.277,"y":2.277,"curve":[0.13,0.67,0.494,0.96]},{"time":7.4333,"x":3.583,"y":3.583}]},"Knight":{"translate":[{"time":1.4666,"x":60.99,"y":158.72}]},"DAMAGEAREA":{"translate":[{"time":2.3666,"x":6.84,"y":129.96}],"scale":[{"time":2.3666,"x":3.542,"y":1.995}]}},"drawOrder":[{"time":0.1,"offsets":[{"slot":"up_weapon","offset":-8}]},{"time":0.1666,"offsets":[{"slot":"weapon_2","offset":2}]}],"events":[{"time":0,"name":"Event","float":0.2,"string":"kHitStopType_enemyonly"},{"time":0.4333,"name":"Event","string":"shakeGround"},{"time":0.4333,"name":"Sound1","string":"cri_se_battle_thrustviolently"},{"time":0.9333,"name":"Sound1","string":"cri_se_scenario_fetters_magic"},{"time":0.9333,"name":"Voice","string":"cri_120_voice_fullarts_rank5"},{"time":1.4333,"name":"Sound1","string":"cri_se_battle_036_explosion_element_04"},{"time":1.4666,"name":"Event","string":"shakeGround"},{"time":1.5,"name":"Event","string":"runSkillEffect"},{"time":1.5,"name":"Event2","string":"runScript-addbuff"},{"time":2.1666,"name":"Event","string":"addOrbitSystemCamera_shine1"},{"time":2.1666,"name":"Event2","string":"addOrbitSystemCamera_shine2"},{"time":2.2,"name":"Sound1","string":"cri_se_battle_arrow_light_effect"},{"time":2.3,"name":"Event","string":"setForceImpact(1)"},{"time":2.3333,"name":"Event","int":90,"string":"kImpactType_knock"},{"time":2.3666,"name":"Event","string":"runSkillEffect"},{"time":2.8,"name":"Sound1","string":"setHitSound(se_battle_hard_hit)"},{"time":2.8333,"name":"Event","string":"runSkillEffect"},{"time":2.9666,"name":"Hit","string":"resetHitList"},{"time":2.9666,"name":"Sound1","string":"setHitSound(se_battle_007_attack_hit_01)"},{"time":3.3333,"name":"Event","string":"runSkillEffect"},{"time":3.4333,"name":"Sound1","string":"setHitSound(se_battle_hard_hit)"},{"time":3.5666,"name":"Hit","string":"resetHitList"},{"time":3.8333,"name":"Event","string":"runSkillEffect"},{"time":4,"name":"Sound1","string":"setHitSound(se_battle_hard_hit)"},{"time":4.1666,"name":"Hit","string":"resetHitList"},{"time":4.3333,"name":"Event","string":"runSkillEffect"},{"time":4.6,"name":"Sound1","string":"setHitSound(se_battle_hard_hit)"},{"time":4.7666,"name":"Hit","string":"resetHitList"},{"time":4.8333,"name":"Event","string":"runSkillEffect"},{"time":5.2,"name":"Sound1","string":"setHitSound(se_battle_hard_hit)"},{"time":5.3333,"name":"Event","string":"runSkillEffect"},{"time":5.3666,"name":"Hit","string":"resetHitList"},{"time":5.8,"name":"Sound1","string":"setHitSound(se_battle_hard_hit)"},{"time":5.8333,"name":"Event","string":"runSkillEffect"},{"time":5.9666,"name":"Hit","string":"resetHitList"},{"time":6.3333,"name":"Event","string":"runSkillEffect"},{"time":6.4,"name":"Sound1","string":"setHitSound(se_battle_hard_hit)"},{"time":6.5666,"name":"Hit","string":"resetHitList"},{"time":6.8333,"name":"Event","string":"runSkillEffect"},{"time":7,"name":"Sound1","string":"setHitSound(se_battle_hard_hit)"},{"time":7.1666,"name":"Hit","string":"resetHitList"},{"time":7.3333,"name":"Sound1","string":"cri_se_battle_charge_completion"}]}}}