{"skeleton":{"hash":"wl3ylSHDmPJWxQl/QI2eZZEM/ZU","spine":"3.0.12","width":0,"height":0},"bones":[{"name":"root"},{"name":"ef_wing_main2","parent":"root"},{"name":"ef_wing_main","parent":"root"},{"name":"ef_wind2","parent":"root","scaleX":60,"scaleY":60},{"name":"ef_graund_rock_main","parent":"root"},{"name":"ef_fire_sphere_main3","parent":"root"},{"name":"ef_fire_sphere_main2","parent":"root"},{"name":"ef_fire_sphere_main","parent":"root"},{"name":"690_S1_dusty2","parent":"root"},{"name":"690_S1_dusty1","parent":"root"},{"name":"020_wind2","parent":"root"}],"slots":[{"name":"ef_fire_sphere_main/ef_fire_sphere_main_00001","bone":"ef_fire_sphere_main","blend":"additive"},{"name":"ef_fire_sphere_main/ef_fire_sphere_main_1","bone":"ef_fire_sphere_main2","blend":"additive"},{"name":"ef_fire_sphere_main/ef_fire_sphere_main_2","bone":"ef_fire_sphere_main3","blend":"additive"},{"name":"ef_wing_main/ef_wing_main_00002","bone":"ef_wing_main"},{"name":"ef_wing_main/ef_wing_main_2","bone":"ef_wing_main2"},{"name":"ef_graund_rock_main/ef_graund_rock_main_00001","bone":"ef_graund_rock_main"},{"name":"320_S1_dusty1/690_S1_dusty1_00000","bone":"690_S1_dusty1","blend":"additive"},{"name":"320_S1_dusty1/690_S1_dusty1_0","bone":"690_S1_dusty2","blend":"additive"},{"name":"9020_wind2/9020_wind2_00000","bone":"020_wind2","blend":"additive"},{"name":"S3_wind2/ef_wind2_1","bone":"ef_wind2","color":"ff1882ff","blend":"additive"}],"skins":{"default":{"320_S1_dusty1/690_S1_dusty1_0":{"320_S1_dusty1/690_S1_dusty1_00000":{"width":200,"height":200},"320_S1_dusty1/690_S1_dusty1_00001":{"width":200,"height":200},"320_S1_dusty1/690_S1_dusty1_00002":{"width":200,"height":200},"320_S1_dusty1/690_S1_dusty1_00003":{"width":200,"height":200},"320_S1_dusty1/690_S1_dusty1_00004":{"width":200,"height":200},"320_S1_dusty1/690_S1_dusty1_00005":{"width":200,"height":200},"320_S1_dusty1/690_S1_dusty1_00006":{"width":200,"height":200},"320_S1_dusty1/690_S1_dusty1_00007":{"width":200,"height":200},"320_S1_dusty1/690_S1_dusty1_00008":{"width":200,"height":200},"320_S1_dusty1/690_S1_dusty1_00009":{"width":200,"height":200},"320_S1_dusty1/690_S1_dusty1_00010":{"width":200,"height":200},"320_S1_dusty1/690_S1_dusty1_00011":{"width":200,"height":200},"320_S1_dusty1/690_S1_dusty1_00012":{"width":200,"height":200},"320_S1_dusty1/690_S1_dusty1_00013":{"width":200,"height":200},"320_S1_dusty1/690_S1_dusty1_00014":{"width":200,"height":200},"320_S1_dusty1/690_S1_dusty1_00015":{"width":200,"height":200},"320_S1_dusty1/690_S1_dusty1_00016":{"width":200,"height":200}},"320_S1_dusty1/690_S1_dusty1_00000":{"320_S1_dusty1/690_S1_dusty1_00000":{"width":200,"height":200},"320_S1_dusty1/690_S1_dusty1_00001":{"width":200,"height":200},"320_S1_dusty1/690_S1_dusty1_00002":{"width":200,"height":200},"320_S1_dusty1/690_S1_dusty1_00003":{"width":200,"height":200},"320_S1_dusty1/690_S1_dusty1_00004":{"width":200,"height":200},"320_S1_dusty1/690_S1_dusty1_00005":{"width":200,"height":200},"320_S1_dusty1/690_S1_dusty1_00006":{"width":200,"height":200},"320_S1_dusty1/690_S1_dusty1_00007":{"width":200,"height":200},"320_S1_dusty1/690_S1_dusty1_00008":{"width":200,"height":200},"320_S1_dusty1/690_S1_dusty1_00009":{"width":200,"height":200},"320_S1_dusty1/690_S1_dusty1_00010":{"width":200,"height":200},"320_S1_dusty1/690_S1_dusty1_00011":{"width":200,"height":200},"320_S1_dusty1/690_S1_dusty1_00012":{"width":200,"height":200},"320_S1_dusty1/690_S1_dusty1_00013":{"width":200,"height":200},"320_S1_dusty1/690_S1_dusty1_00014":{"width":200,"height":200},"320_S1_dusty1/690_S1_dusty1_00015":{"width":200,"height":200},"320_S1_dusty1/690_S1_dusty1_00016":{"width":200,"height":200}},"9020_wind2/9020_wind2_00000":{"9020_wind2/9020_wind2_00000":{"width":101,"height":101},"9020_wind2/9020_wind2_00002":{"width":101,"height":101},"9020_wind2/9020_wind2_00004":{"width":101,"height":101},"9020_wind2/9020_wind2_00006":{"width":101,"height":101},"9020_wind2/9020_wind2_00008":{"width":101,"height":101},"9020_wind2/9020_wind2_00012":{"width":101,"height":101},"9020_wind2/t/9020_wind2_00010":{"width":101,"height":101}},"S3_wind2/ef_wind2_1":{"S3_wind2/ef_wind2_1":{"width":24,"height":24},"S3_wind2/ef_wind2_2":{"width":24,"height":24},"S3_wind2/ef_wind2_3":{"width":24,"height":24},"S3_wind2/ef_wind2_4":{"width":24,"height":24},"S3_wind2/ef_wind2_5":{"width":24,"height":24},"S3_wind2/ef_wind2_6":{"width":24,"height":24}},"ef_fire_sphere_main/ef_fire_sphere_main_00001":{"ef_fire_sphere_main/ef_fire_sphere_main_00001":{"width":151,"height":176},"ef_fire_sphere_main/ef_fire_sphere_main_00002":{"width":151,"height":176},"ef_fire_sphere_main/ef_fire_sphere_main_00003":{"width":151,"height":176},"ef_fire_sphere_main/ef_fire_sphere_main_00004":{"width":151,"height":176},"ef_fire_sphere_main/ef_fire_sphere_main_00005":{"width":151,"height":176},"ef_fire_sphere_main/ef_fire_sphere_main_00006":{"width":151,"height":176},"ef_fire_sphere_main/ef_fire_sphere_main_00007":{"width":151,"height":176},"ef_fire_sphere_main/ef_fire_sphere_main_00008":{"width":151,"height":176},"ef_fire_sphere_main/ef_fire_sphere_main_00009":{"width":151,"height":176},"ef_fire_sphere_main/ef_fire_sphere_main_00010":{"width":151,"height":176},"ef_fire_sphere_main/ef_fire_sphere_main_00011":{"width":151,"height":176}},"ef_fire_sphere_main/ef_fire_sphere_main_1":{"ef_fire_sphere_main/ef_fire_sphere_main_00001":{"width":151,"height":176},"ef_fire_sphere_main/ef_fire_sphere_main_00002":{"width":151,"height":176},"ef_fire_sphere_main/ef_fire_sphere_main_00003":{"width":151,"height":176},"ef_fire_sphere_main/ef_fire_sphere_main_00004":{"width":151,"height":176},"ef_fire_sphere_main/ef_fire_sphere_main_00005":{"width":151,"height":176},"ef_fire_sphere_main/ef_fire_sphere_main_00006":{"width":151,"height":176},"ef_fire_sphere_main/ef_fire_sphere_main_00007":{"width":151,"height":176},"ef_fire_sphere_main/ef_fire_sphere_main_00008":{"width":151,"height":176},"ef_fire_sphere_main/ef_fire_sphere_main_00009":{"width":151,"height":176},"ef_fire_sphere_main/ef_fire_sphere_main_00010":{"width":151,"height":176},"ef_fire_sphere_main/ef_fire_sphere_main_00011":{"width":151,"height":176}},"ef_fire_sphere_main/ef_fire_sphere_main_2":{"ef_fire_sphere_main/ef_fire_sphere_main_00001":{"width":151,"height":176},"ef_fire_sphere_main/ef_fire_sphere_main_00002":{"width":151,"height":176},"ef_fire_sphere_main/ef_fire_sphere_main_00003":{"width":151,"height":176},"ef_fire_sphere_main/ef_fire_sphere_main_00004":{"width":151,"height":176},"ef_fire_sphere_main/ef_fire_sphere_main_00005":{"width":151,"height":176},"ef_fire_sphere_main/ef_fire_sphere_main_00006":{"width":151,"height":176},"ef_fire_sphere_main/ef_fire_sphere_main_00007":{"width":151,"height":176},"ef_fire_sphere_main/ef_fire_sphere_main_00008":{"width":151,"height":176},"ef_fire_sphere_main/ef_fire_sphere_main_00009":{"width":151,"height":176},"ef_fire_sphere_main/ef_fire_sphere_main_00010":{"width":151,"height":176},"ef_fire_sphere_main/ef_fire_sphere_main_00011":{"width":151,"height":176}},"ef_graund_rock_main/ef_graund_rock_main_00001":{"ef_graund_rock_main/ef_graund_rock_main_00001":{"width":192,"height":192},"ef_graund_rock_main/ef_graund_rock_main_00002":{"width":192,"height":192},"ef_graund_rock_main/ef_graund_rock_main_00003":{"width":192,"height":192},"ef_graund_rock_main/ef_graund_rock_main_00004":{"width":192,"height":192},"ef_graund_rock_main/ef_graund_rock_main_00005":{"width":192,"height":192},"ef_graund_rock_main/ef_graund_rock_main_00006":{"width":192,"height":192},"ef_graund_rock_main/ef_graund_rock_main_00007":{"width":192,"height":192},"ef_graund_rock_main/ef_graund_rock_main_00008":{"width":192,"height":192},"ef_graund_rock_main/ef_graund_rock_main_00009":{"width":192,"height":192},"ef_graund_rock_main/ef_graund_rock_main_00010":{"width":192,"height":192},"ef_graund_rock_main/ef_graund_rock_main_00011":{"width":192,"height":192},"ef_graund_rock_main/ef_graund_rock_main_00012":{"width":192,"height":192},"ef_graund_rock_main/ef_graund_rock_main_00013":{"width":192,"height":192},"ef_graund_rock_main/ef_graund_rock_main_00014":{"width":192,"height":192},"ef_graund_rock_main/ef_graund_rock_main_00015":{"width":192,"height":192},"ef_graund_rock_main/ef_graund_rock_main_00016":{"width":192,"height":192},"ef_graund_rock_main/ef_graund_rock_main_00017":{"width":192,"height":192},"ef_graund_rock_main/ef_graund_rock_main_00018":{"width":192,"height":192},"ef_graund_rock_main/ef_graund_rock_main_00019":{"width":192,"height":192},"ef_graund_rock_main/ef_graund_rock_main_00020":{"width":192,"height":192},"ef_graund_rock_main/ef_graund_rock_main_00021":{"width":192,"height":192},"ef_graund_rock_main/ef_graund_rock_main_00022":{"width":192,"height":192},"ef_graund_rock_main/ef_graund_rock_main_00023":{"width":192,"height":192},"ef_graund_rock_main/ef_graund_rock_main_00024":{"width":192,"height":192},"ef_graund_rock_main/ef_graund_rock_main_00025":{"width":192,"height":192},"ef_graund_rock_main/ef_graund_rock_main_00026":{"width":192,"height":192},"ef_graund_rock_main/ef_graund_rock_main_00027":{"width":192,"height":192},"ef_graund_rock_main/ef_graund_rock_main_00028":{"width":192,"height":192},"ef_graund_rock_main/ef_graund_rock_main_00029":{"width":192,"height":192}},"ef_wing_main/ef_wing_main_00002":{"ef_wing_main/ef_wing_main_00002":{"width":360,"height":240},"ef_wing_main/ef_wing_main_00003":{"width":360,"height":240},"ef_wing_main/ef_wing_main_00004":{"width":360,"height":240},"ef_wing_main/ef_wing_main_00005":{"width":360,"height":240},"ef_wing_main/ef_wing_main_00006":{"width":360,"height":240},"ef_wing_main/ef_wing_main_00007":{"width":360,"height":240},"ef_wing_main/ef_wing_main_00008":{"width":360,"height":240},"ef_wing_main/ef_wing_main_00009":{"width":360,"height":240},"ef_wing_main/ef_wing_main_00010":{"width":360,"height":240},"ef_wing_main/ef_wing_main_00011":{"width":360,"height":240},"ef_wing_main/ef_wing_main_00012":{"width":360,"height":240},"ef_wing_main/ef_wing_main_00013":{"width":360,"height":240},"ef_wing_main/ef_wing_main_00014":{"width":360,"height":240},"ef_wing_main/ef_wing_main_00015":{"width":360,"height":240},"ef_wing_main/ef_wing_main_00016":{"width":360,"height":240},"ef_wing_main/ef_wing_main_00017":{"width":360,"height":240},"ef_wing_main/ef_wing_main_00018":{"width":360,"height":240},"ef_wing_main/ef_wing_main_00019":{"width":360,"height":240},"ef_wing_main/ef_wing_main_00020":{"width":360,"height":240},"ef_wing_main/ef_wing_main_00021":{"width":360,"height":240},"ef_wing_main/ef_wing_main_00022":{"width":360,"height":240},"ef_wing_main/ef_wing_main_00023":{"width":360,"height":240},"ef_wing_main/ef_wing_main_00024":{"width":360,"height":240},"ef_wing_main/ef_wing_main_00025":{"width":360,"height":240},"ef_wing_main/ef_wing_main_00026":{"width":360,"height":240},"ef_wing_main/ef_wing_main_00027":{"width":360,"height":240},"ef_wing_main/ef_wing_main_00028":{"width":360,"height":240},"ef_wing_main/ef_wing_main_00029":{"width":360,"height":240},"ef_wing_main/ef_wing_main_00030":{"width":360,"height":240}},"ef_wing_main/ef_wing_main_2":{"ef_wing_main/ef_wing_main_00002":{"width":360,"height":240},"ef_wing_main/ef_wing_main_00003":{"width":360,"height":240},"ef_wing_main/ef_wing_main_00004":{"width":360,"height":240},"ef_wing_main/ef_wing_main_00005":{"width":360,"height":240},"ef_wing_main/ef_wing_main_00006":{"width":360,"height":240},"ef_wing_main/ef_wing_main_00007":{"width":360,"height":240},"ef_wing_main/ef_wing_main_00008":{"width":360,"height":240},"ef_wing_main/ef_wing_main_00009":{"width":360,"height":240},"ef_wing_main/ef_wing_main_00010":{"width":360,"height":240},"ef_wing_main/ef_wing_main_00011":{"width":360,"height":240},"ef_wing_main/ef_wing_main_00012":{"width":360,"height":240},"ef_wing_main/ef_wing_main_00013":{"width":360,"height":240},"ef_wing_main/ef_wing_main_00014":{"width":360,"height":240},"ef_wing_main/ef_wing_main_00015":{"width":360,"height":240},"ef_wing_main/ef_wing_main_00016":{"width":360,"height":240},"ef_wing_main/ef_wing_main_00017":{"width":360,"height":240},"ef_wing_main/ef_wing_main_00018":{"width":360,"height":240},"ef_wing_main/ef_wing_main_00019":{"width":360,"height":240},"ef_wing_main/ef_wing_main_00020":{"width":360,"height":240},"ef_wing_main/ef_wing_main_00021":{"width":360,"height":240},"ef_wing_main/ef_wing_main_00022":{"width":360,"height":240},"ef_wing_main/ef_wing_main_00023":{"width":360,"height":240},"ef_wing_main/ef_wing_main_00024":{"width":360,"height":240},"ef_wing_main/ef_wing_main_00025":{"width":360,"height":240},"ef_wing_main/ef_wing_main_00026":{"width":360,"height":240},"ef_wing_main/ef_wing_main_00027":{"width":360,"height":240},"ef_wing_main/ef_wing_main_00028":{"width":360,"height":240},"ef_wing_main/ef_wing_main_00029":{"width":360,"height":240},"ef_wing_main/ef_wing_main_00030":{"width":360,"height":240}}}},"animations":{"1-attack1":{},"1-skill1":{"slots":{"ef_wing_main/ef_wing_main_00002":{"attachment":[{"time":1.4,"name":"ef_wing_main/ef_wing_main_00002"},{"time":1.4333,"name":"ef_wing_main/ef_wing_main_00003"},{"time":1.4666,"name":"ef_wing_main/ef_wing_main_00004"},{"time":1.5,"name":"ef_wing_main/ef_wing_main_00005"},{"time":1.5333,"name":"ef_wing_main/ef_wing_main_00006"},{"time":1.5666,"name":"ef_wing_main/ef_wing_main_00007"},{"time":1.6,"name":"ef_wing_main/ef_wing_main_00008"},{"time":1.6333,"name":"ef_wing_main/ef_wing_main_00009"},{"time":1.6666,"name":"ef_wing_main/ef_wing_main_00010"},{"time":1.7,"name":"ef_wing_main/ef_wing_main_00011"},{"time":1.7333,"name":"ef_wing_main/ef_wing_main_00012"},{"time":1.7666,"name":"ef_wing_main/ef_wing_main_00013"},{"time":1.8,"name":"ef_wing_main/ef_wing_main_00014"},{"time":1.8333,"name":"ef_wing_main/ef_wing_main_00015"},{"time":1.8666,"name":"ef_wing_main/ef_wing_main_00016"},{"time":1.9,"name":"ef_wing_main/ef_wing_main_00017"},{"time":1.9333,"name":"ef_wing_main/ef_wing_main_00018"},{"time":1.9666,"name":"ef_wing_main/ef_wing_main_00019"},{"time":2,"name":"ef_wing_main/ef_wing_main_00020"},{"time":2.0333,"name":"ef_wing_main/ef_wing_main_00021"},{"time":2.0666,"name":"ef_wing_main/ef_wing_main_00022"},{"time":2.1,"name":"ef_wing_main/ef_wing_main_00023"},{"time":2.1666,"name":"ef_wing_main/ef_wing_main_00024"},{"time":2.2,"name":"ef_wing_main/ef_wing_main_00025"},{"time":2.2333,"name":"ef_wing_main/ef_wing_main_00026"},{"time":2.2666,"name":"ef_wing_main/ef_wing_main_00027"},{"time":2.3,"name":"ef_wing_main/ef_wing_main_00028"},{"time":2.3333,"name":"ef_wing_main/ef_wing_main_00029"},{"time":2.3666,"name":"ef_wing_main/ef_wing_main_00030"},{"time":2.4333,"name":null}]}},"bones":{"ef_wing_main":{"translate":[{"time":1.4,"x":-90.27,"y":273.15,"curve":[0.25,0,0.75,1]},{"time":1.7333,"x":-12.7,"y":306.4},{"time":2.4333,"x":20,"y":321.17}],"scale":[{"time":1.4,"x":2,"y":2,"curve":[0.25,0,0.75,1]},{"time":1.7333,"x":2.644,"y":2.644},{"time":2.4333,"x":3.01,"y":3.961}]}}},"1-skill2":{"slots":{"320_S1_dusty1/690_S1_dusty1_00000":{"attachment":[{"time":0.3333,"name":"320_S1_dusty1/690_S1_dusty1_00000"},{"time":0.3666,"name":"320_S1_dusty1/690_S1_dusty1_00001"},{"time":0.4,"name":"320_S1_dusty1/690_S1_dusty1_00002"},{"time":0.4333,"name":"320_S1_dusty1/690_S1_dusty1_00003"},{"time":0.4666,"name":"320_S1_dusty1/690_S1_dusty1_00004"},{"time":0.5333,"name":"320_S1_dusty1/690_S1_dusty1_00005"},{"time":0.5666,"name":"320_S1_dusty1/690_S1_dusty1_00006"},{"time":0.6,"name":"320_S1_dusty1/690_S1_dusty1_00007"},{"time":0.6333,"name":"320_S1_dusty1/690_S1_dusty1_00008"},{"time":0.6666,"name":"320_S1_dusty1/690_S1_dusty1_00009"},{"time":0.7333,"name":"320_S1_dusty1/690_S1_dusty1_00010"},{"time":0.7666,"name":"320_S1_dusty1/690_S1_dusty1_00011"},{"time":0.8,"name":"320_S1_dusty1/690_S1_dusty1_00012"},{"time":0.8333,"name":"320_S1_dusty1/690_S1_dusty1_00013"},{"time":0.9,"name":"320_S1_dusty1/690_S1_dusty1_00014"},{"time":0.9333,"name":"320_S1_dusty1/690_S1_dusty1_00015"},{"time":0.9666,"name":"320_S1_dusty1/690_S1_dusty1_00016"},{"time":1.0333,"name":null},{"time":2.9,"name":"320_S1_dusty1/690_S1_dusty1_00000"},{"time":2.9333,"name":"320_S1_dusty1/690_S1_dusty1_00001"},{"time":2.9666,"name":"320_S1_dusty1/690_S1_dusty1_00002"},{"time":3,"name":"320_S1_dusty1/690_S1_dusty1_00003"},{"time":3.0333,"name":"320_S1_dusty1/690_S1_dusty1_00004"},{"time":3.0666,"name":"320_S1_dusty1/690_S1_dusty1_00005"},{"time":3.1,"name":"320_S1_dusty1/690_S1_dusty1_00006"},{"time":3.1333,"name":"320_S1_dusty1/690_S1_dusty1_00007"},{"time":3.1666,"name":"320_S1_dusty1/690_S1_dusty1_00008"},{"time":3.2,"name":"320_S1_dusty1/690_S1_dusty1_00009"},{"time":3.2333,"name":"320_S1_dusty1/690_S1_dusty1_00010"},{"time":3.2666,"name":"320_S1_dusty1/690_S1_dusty1_00011"},{"time":3.3,"name":"320_S1_dusty1/690_S1_dusty1_00012"},{"time":3.3333,"name":"320_S1_dusty1/690_S1_dusty1_00013"},{"time":3.3666,"name":"320_S1_dusty1/690_S1_dusty1_00014"},{"time":3.4,"name":"320_S1_dusty1/690_S1_dusty1_00015"},{"time":3.4333,"name":"320_S1_dusty1/690_S1_dusty1_00016"},{"time":3.4666,"name":null},{"time":3.5666,"name":"320_S1_dusty1/690_S1_dusty1_00000"},{"time":3.6,"name":"320_S1_dusty1/690_S1_dusty1_00001"},{"time":3.6333,"name":"320_S1_dusty1/690_S1_dusty1_00002"},{"time":3.6666,"name":"320_S1_dusty1/690_S1_dusty1_00003"},{"time":3.7,"name":"320_S1_dusty1/690_S1_dusty1_00004"},{"time":3.7333,"name":"320_S1_dusty1/690_S1_dusty1_00005"},{"time":3.7666,"name":"320_S1_dusty1/690_S1_dusty1_00006"},{"time":3.8,"name":"320_S1_dusty1/690_S1_dusty1_00007"},{"time":3.8333,"name":"320_S1_dusty1/690_S1_dusty1_00008"},{"time":3.8666,"name":"320_S1_dusty1/690_S1_dusty1_00009"},{"time":3.9,"name":"320_S1_dusty1/690_S1_dusty1_00010"},{"time":3.9333,"name":"320_S1_dusty1/690_S1_dusty1_00011"},{"time":3.9666,"name":"320_S1_dusty1/690_S1_dusty1_00012"},{"time":4,"name":"320_S1_dusty1/690_S1_dusty1_00013"},{"time":4.0333,"name":"320_S1_dusty1/690_S1_dusty1_00014"},{"time":4.0666,"name":"320_S1_dusty1/690_S1_dusty1_00015"},{"time":4.1,"name":"320_S1_dusty1/690_S1_dusty1_00016"},{"time":4.1333,"name":null}],"color":[{"time":0.3333,"color":"ff62edff"}]},"320_S1_dusty1/690_S1_dusty1_0":{"attachment":[{"time":3.2333,"name":"320_S1_dusty1/690_S1_dusty1_00000"},{"time":3.2666,"name":"320_S1_dusty1/690_S1_dusty1_00001"},{"time":3.3,"name":"320_S1_dusty1/690_S1_dusty1_00002"},{"time":3.3333,"name":"320_S1_dusty1/690_S1_dusty1_00003"},{"time":3.3666,"name":"320_S1_dusty1/690_S1_dusty1_00004"},{"time":3.4,"name":"320_S1_dusty1/690_S1_dusty1_00005"},{"time":3.4333,"name":"320_S1_dusty1/690_S1_dusty1_00006"},{"time":3.4666,"name":"320_S1_dusty1/690_S1_dusty1_00007"},{"time":3.5,"name":"320_S1_dusty1/690_S1_dusty1_00008"},{"time":3.5333,"name":"320_S1_dusty1/690_S1_dusty1_00009"},{"time":3.5666,"name":"320_S1_dusty1/690_S1_dusty1_00010"},{"time":3.6,"name":"320_S1_dusty1/690_S1_dusty1_00011"},{"time":3.6333,"name":"320_S1_dusty1/690_S1_dusty1_00012"},{"time":3.6666,"name":"320_S1_dusty1/690_S1_dusty1_00013"},{"time":3.7,"name":"320_S1_dusty1/690_S1_dusty1_00014"},{"time":3.7333,"name":"320_S1_dusty1/690_S1_dusty1_00015"},{"time":3.7666,"name":"320_S1_dusty1/690_S1_dusty1_00016"},{"time":3.8,"name":null},{"time":3.9,"name":"320_S1_dusty1/690_S1_dusty1_00000"},{"time":3.9333,"name":"320_S1_dusty1/690_S1_dusty1_00001"},{"time":3.9666,"name":"320_S1_dusty1/690_S1_dusty1_00002"},{"time":4,"name":"320_S1_dusty1/690_S1_dusty1_00003"},{"time":4.0333,"name":"320_S1_dusty1/690_S1_dusty1_00004"},{"time":4.0666,"name":"320_S1_dusty1/690_S1_dusty1_00005"},{"time":4.1,"name":"320_S1_dusty1/690_S1_dusty1_00006"},{"time":4.1333,"name":"320_S1_dusty1/690_S1_dusty1_00007"},{"time":4.1666,"name":"320_S1_dusty1/690_S1_dusty1_00008"},{"time":4.2,"name":"320_S1_dusty1/690_S1_dusty1_00009"},{"time":4.2333,"name":"320_S1_dusty1/690_S1_dusty1_00010"},{"time":4.2666,"name":"320_S1_dusty1/690_S1_dusty1_00011"},{"time":4.3,"name":"320_S1_dusty1/690_S1_dusty1_00012"},{"time":4.3333,"name":"320_S1_dusty1/690_S1_dusty1_00013"},{"time":4.3666,"name":"320_S1_dusty1/690_S1_dusty1_00014"},{"time":4.4,"name":"320_S1_dusty1/690_S1_dusty1_00015"},{"time":4.4333,"name":"320_S1_dusty1/690_S1_dusty1_00016"},{"time":4.4666,"name":null}],"color":[{"time":3.2333,"color":"ff62edff","curve":"stepped"},{"time":3.9,"color":"ff62edff"}]},"9020_wind2/9020_wind2_00000":{"attachment":[{"time":0.3333,"name":"9020_wind2/9020_wind2_00000"},{"time":0.3666,"name":"9020_wind2/9020_wind2_00002"},{"time":0.4,"name":"9020_wind2/9020_wind2_00004"},{"time":0.4333,"name":"9020_wind2/9020_wind2_00006"},{"time":0.4666,"name":"9020_wind2/9020_wind2_00008"},{"time":0.5,"name":"9020_wind2/9020_wind2_00012"},{"time":0.5333,"name":"9020_wind2/t/9020_wind2_00010"},{"time":0.5666,"name":"9020_wind2/9020_wind2_00000"},{"time":0.6,"name":"9020_wind2/9020_wind2_00002"},{"time":0.6333,"name":"9020_wind2/9020_wind2_00004"},{"time":0.6666,"name":"9020_wind2/9020_wind2_00006"},{"time":0.7,"name":"9020_wind2/9020_wind2_00008"},{"time":0.7333,"name":"9020_wind2/9020_wind2_00012"},{"time":0.7666,"name":"9020_wind2/t/9020_wind2_00010"},{"time":0.8,"name":"9020_wind2/9020_wind2_00000"},{"time":0.8333,"name":"9020_wind2/9020_wind2_00002"},{"time":0.8666,"name":"9020_wind2/9020_wind2_00004"},{"time":0.9,"name":"9020_wind2/9020_wind2_00006"},{"time":0.9333,"name":"9020_wind2/9020_wind2_00008"},{"time":0.9666,"name":"9020_wind2/9020_wind2_00012"},{"time":1,"name":"9020_wind2/t/9020_wind2_00010"},{"time":1.0333,"name":"9020_wind2/9020_wind2_00000"},{"time":1.0666,"name":"9020_wind2/9020_wind2_00002"},{"time":1.1,"name":"9020_wind2/9020_wind2_00004"},{"time":1.1333,"name":"9020_wind2/9020_wind2_00006"},{"time":1.1666,"name":"9020_wind2/9020_wind2_00008"},{"time":1.2,"name":"9020_wind2/9020_wind2_00012"},{"time":1.2333,"name":"9020_wind2/t/9020_wind2_00010"},{"time":1.2666,"name":"9020_wind2/9020_wind2_00000"},{"time":1.3,"name":"9020_wind2/9020_wind2_00002"},{"time":1.3333,"name":"9020_wind2/9020_wind2_00004"},{"time":1.3666,"name":"9020_wind2/9020_wind2_00006"},{"time":1.4,"name":"9020_wind2/9020_wind2_00008"},{"time":1.4333,"name":"9020_wind2/9020_wind2_00012"},{"time":1.4666,"name":"9020_wind2/t/9020_wind2_00010"},{"time":1.5,"name":"9020_wind2/9020_wind2_00000"},{"time":1.5333,"name":"9020_wind2/9020_wind2_00002"},{"time":1.5666,"name":"9020_wind2/9020_wind2_00004"},{"time":1.6,"name":"9020_wind2/9020_wind2_00006"},{"time":1.6333,"name":"9020_wind2/9020_wind2_00008"},{"time":1.6666,"name":"9020_wind2/9020_wind2_00012"},{"time":1.7,"name":"9020_wind2/t/9020_wind2_00010"},{"time":1.7333,"name":"9020_wind2/9020_wind2_00000"},{"time":1.7666,"name":"9020_wind2/9020_wind2_00002"},{"time":1.8,"name":"9020_wind2/9020_wind2_00004"},{"time":1.8333,"name":"9020_wind2/9020_wind2_00006"},{"time":1.8666,"name":"9020_wind2/9020_wind2_00008"},{"time":1.9,"name":"9020_wind2/9020_wind2_00012"},{"time":1.9333,"name":"9020_wind2/t/9020_wind2_00010"},{"time":1.9666,"name":"9020_wind2/9020_wind2_00000"},{"time":2,"name":"9020_wind2/9020_wind2_00002"},{"time":2.0333,"name":"9020_wind2/9020_wind2_00004"},{"time":2.0666,"name":"9020_wind2/9020_wind2_00006"},{"time":2.1,"name":"9020_wind2/9020_wind2_00008"},{"time":2.1333,"name":"9020_wind2/9020_wind2_00012"},{"time":2.1666,"name":"9020_wind2/t/9020_wind2_00010"},{"time":2.2,"name":null},{"time":2.9666,"name":"9020_wind2/9020_wind2_00000"},{"time":3,"name":"9020_wind2/9020_wind2_00002"},{"time":3.0333,"name":"9020_wind2/9020_wind2_00004"},{"time":3.0666,"name":"9020_wind2/9020_wind2_00006"},{"time":3.1,"name":"9020_wind2/9020_wind2_00008"},{"time":3.1333,"name":"9020_wind2/9020_wind2_00012"},{"time":3.1666,"name":"9020_wind2/t/9020_wind2_00010"},{"time":3.2,"name":"9020_wind2/9020_wind2_00000"},{"time":3.2333,"name":"9020_wind2/9020_wind2_00002"},{"time":3.2666,"name":"9020_wind2/9020_wind2_00004"},{"time":3.3,"name":"9020_wind2/9020_wind2_00006"},{"time":3.3333,"name":"9020_wind2/9020_wind2_00008"},{"time":3.3666,"name":"9020_wind2/9020_wind2_00012"},{"time":3.4,"name":"9020_wind2/t/9020_wind2_00010"},{"time":3.4333,"name":"9020_wind2/9020_wind2_00000"},{"time":3.4666,"name":"9020_wind2/9020_wind2_00002"},{"time":3.5,"name":"9020_wind2/9020_wind2_00004"},{"time":3.5333,"name":"9020_wind2/9020_wind2_00006"},{"time":3.5666,"name":"9020_wind2/9020_wind2_00008"},{"time":3.6,"name":"9020_wind2/9020_wind2_00012"},{"time":3.6333,"name":"9020_wind2/t/9020_wind2_00010"},{"time":3.6666,"name":"9020_wind2/9020_wind2_00000"},{"time":3.7,"name":"9020_wind2/9020_wind2_00002"},{"time":3.7333,"name":"9020_wind2/9020_wind2_00004"},{"time":3.7666,"name":"9020_wind2/9020_wind2_00006"},{"time":3.8,"name":"9020_wind2/9020_wind2_00008"},{"time":3.8333,"name":"9020_wind2/9020_wind2_00012"},{"time":3.8666,"name":"9020_wind2/t/9020_wind2_00010"},{"time":3.9,"name":"9020_wind2/9020_wind2_00000"},{"time":3.9333,"name":"9020_wind2/9020_wind2_00002"},{"time":3.9666,"name":"9020_wind2/9020_wind2_00004"},{"time":4,"name":"9020_wind2/9020_wind2_00006"},{"time":4.0333,"name":"9020_wind2/9020_wind2_00008"},{"time":4.0666,"name":"9020_wind2/9020_wind2_00012"},{"time":4.1,"name":"9020_wind2/t/9020_wind2_00010"},{"time":4.1333,"name":"9020_wind2/9020_wind2_00000"},{"time":4.1666,"name":"9020_wind2/9020_wind2_00002"},{"time":4.2,"name":"9020_wind2/9020_wind2_00004"},{"time":4.2333,"name":"9020_wind2/9020_wind2_00006"},{"time":4.2666,"name":"9020_wind2/9020_wind2_00008"},{"time":4.3,"name":"9020_wind2/9020_wind2_00012"},{"time":4.3333,"name":"9020_wind2/t/9020_wind2_00010"},{"time":4.3666,"name":"9020_wind2/9020_wind2_00000"},{"time":4.4,"name":"9020_wind2/9020_wind2_00002"},{"time":4.4333,"name":"9020_wind2/9020_wind2_00004"},{"time":4.4666,"name":"9020_wind2/9020_wind2_00006"},{"time":4.5,"name":"9020_wind2/9020_wind2_00008"},{"time":4.5333,"name":"9020_wind2/9020_wind2_00012"},{"time":4.5666,"name":"9020_wind2/t/9020_wind2_00010"},{"time":4.6,"name":null}],"color":[{"time":0.3333,"color":"ff2e7e9c","curve":"stepped"},{"time":1.9666,"color":"ff2e7e9c"},{"time":2.2,"color":"ff2e7e00","curve":"stepped"},{"time":2.9666,"color":"ff2e7eff","curve":"stepped"},{"time":4.3666,"color":"ff2e7eff"},{"time":4.6,"color":"ff2e7e00"}]},"S3_wind2/ef_wind2_1":{"attachment":[{"time":2.9,"name":"S3_wind2/ef_wind2_1"},{"time":2.9333,"name":"S3_wind2/ef_wind2_2"},{"time":2.9666,"name":"S3_wind2/ef_wind2_3"},{"time":3,"name":"S3_wind2/ef_wind2_4"},{"time":3.0333,"name":"S3_wind2/ef_wind2_5"},{"time":3.0666,"name":"S3_wind2/ef_wind2_6"},{"time":3.1,"name":"S3_wind2/ef_wind2_1"},{"time":3.1333,"name":"S3_wind2/ef_wind2_2"},{"time":3.1666,"name":"S3_wind2/ef_wind2_3"},{"time":3.2,"name":"S3_wind2/ef_wind2_4"},{"time":3.2333,"name":"S3_wind2/ef_wind2_5"},{"time":3.2666,"name":"S3_wind2/ef_wind2_6"},{"time":3.3,"name":"S3_wind2/ef_wind2_1"},{"time":3.3333,"name":"S3_wind2/ef_wind2_2"},{"time":3.3666,"name":"S3_wind2/ef_wind2_3"},{"time":3.4,"name":"S3_wind2/ef_wind2_4"},{"time":3.4333,"name":"S3_wind2/ef_wind2_5"},{"time":3.4666,"name":"S3_wind2/ef_wind2_6"},{"time":3.5,"name":"S3_wind2/ef_wind2_1"},{"time":3.5333,"name":"S3_wind2/ef_wind2_2"},{"time":3.5666,"name":"S3_wind2/ef_wind2_3"},{"time":3.6,"name":"S3_wind2/ef_wind2_4"},{"time":3.6333,"name":"S3_wind2/ef_wind2_5"},{"time":3.6666,"name":"S3_wind2/ef_wind2_6"},{"time":3.7,"name":"S3_wind2/ef_wind2_1"},{"time":3.7333,"name":"S3_wind2/ef_wind2_2"},{"time":3.7666,"name":"S3_wind2/ef_wind2_3"},{"time":3.8,"name":"S3_wind2/ef_wind2_4"},{"time":3.8333,"name":"S3_wind2/ef_wind2_5"},{"time":3.8666,"name":"S3_wind2/ef_wind2_6"},{"time":3.9,"name":"S3_wind2/ef_wind2_1"},{"time":3.9333,"name":"S3_wind2/ef_wind2_2"},{"time":3.9666,"name":"S3_wind2/ef_wind2_3"},{"time":4,"name":"S3_wind2/ef_wind2_4"},{"time":4.0333,"name":"S3_wind2/ef_wind2_5"},{"time":4.0666,"name":"S3_wind2/ef_wind2_6"},{"time":4.1,"name":"S3_wind2/ef_wind2_1"},{"time":4.1333,"name":"S3_wind2/ef_wind2_2"},{"time":4.1666,"name":"S3_wind2/ef_wind2_3"},{"time":4.2,"name":"S3_wind2/ef_wind2_4"},{"time":4.2333,"name":"S3_wind2/ef_wind2_5"},{"time":4.2666,"name":"S3_wind2/ef_wind2_6"},{"time":4.3,"name":null}],"color":[{"time":2.9,"color":"ff54acbd"}]},"ef_fire_sphere_main/ef_fire_sphere_main_00001":{"attachment":[{"time":2.9,"name":"ef_fire_sphere_main/ef_fire_sphere_main_00001"},{"time":2.9333,"name":"ef_fire_sphere_main/ef_fire_sphere_main_00002"},{"time":2.9666,"name":"ef_fire_sphere_main/ef_fire_sphere_main_00003"},{"time":3,"name":"ef_fire_sphere_main/ef_fire_sphere_main_00004"},{"time":3.0333,"name":"ef_fire_sphere_main/ef_fire_sphere_main_00005"},{"time":3.0666,"name":"ef_fire_sphere_main/ef_fire_sphere_main_00006"},{"time":3.1,"name":"ef_fire_sphere_main/ef_fire_sphere_main_00007"},{"time":3.1333,"name":"ef_fire_sphere_main/ef_fire_sphere_main_00008"},{"time":3.1666,"name":"ef_fire_sphere_main/ef_fire_sphere_main_00009"},{"time":3.2,"name":"ef_fire_sphere_main/ef_fire_sphere_main_00010"},{"time":3.2333,"name":"ef_fire_sphere_main/ef_fire_sphere_main_00011"},{"time":3.2666,"name":null}]},"ef_graund_rock_main/ef_graund_rock_main_00001":{"attachment":[{"time":2.9666,"name":"ef_graund_rock_main/ef_graund_rock_main_00001"},{"time":3.0333,"name":"ef_graund_rock_main/ef_graund_rock_main_00002"},{"time":3.0666,"name":"ef_graund_rock_main/ef_graund_rock_main_00003"},{"time":3.1,"name":"ef_graund_rock_main/ef_graund_rock_main_00004"},{"time":3.1333,"name":"ef_graund_rock_main/ef_graund_rock_main_00005"},{"time":3.1666,"name":"ef_graund_rock_main/ef_graund_rock_main_00006"},{"time":3.2,"name":"ef_graund_rock_main/ef_graund_rock_main_00007"},{"time":3.2333,"name":"ef_graund_rock_main/ef_graund_rock_main_00008"},{"time":3.2666,"name":"ef_graund_rock_main/ef_graund_rock_main_00009"},{"time":3.3,"name":"ef_graund_rock_main/ef_graund_rock_main_00010"},{"time":3.3333,"name":"ef_graund_rock_main/ef_graund_rock_main_00011"},{"time":3.3666,"name":"ef_graund_rock_main/ef_graund_rock_main_00012"},{"time":3.4,"name":"ef_graund_rock_main/ef_graund_rock_main_00013"},{"time":3.4333,"name":"ef_graund_rock_main/ef_graund_rock_main_00014"},{"time":3.4666,"name":"ef_graund_rock_main/ef_graund_rock_main_00015"},{"time":3.5,"name":"ef_graund_rock_main/ef_graund_rock_main_00016"},{"time":3.5333,"name":"ef_graund_rock_main/ef_graund_rock_main_00017"},{"time":3.5666,"name":"ef_graund_rock_main/ef_graund_rock_main_00018"},{"time":3.6,"name":"ef_graund_rock_main/ef_graund_rock_main_00019"},{"time":3.6333,"name":"ef_graund_rock_main/ef_graund_rock_main_00020"},{"time":3.6666,"name":"ef_graund_rock_main/ef_graund_rock_main_00021"},{"time":3.7,"name":"ef_graund_rock_main/ef_graund_rock_main_00022"},{"time":3.7333,"name":"ef_graund_rock_main/ef_graund_rock_main_00023"},{"time":3.7666,"name":"ef_graund_rock_main/ef_graund_rock_main_00024"},{"time":3.8,"name":"ef_graund_rock_main/ef_graund_rock_main_00025"},{"time":3.8333,"name":"ef_graund_rock_main/ef_graund_rock_main_00026"},{"time":3.8666,"name":"ef_graund_rock_main/ef_graund_rock_main_00027"},{"time":3.9,"name":"ef_graund_rock_main/ef_graund_rock_main_00028"},{"time":3.9333,"name":"ef_graund_rock_main/ef_graund_rock_main_00029"},{"time":3.9666,"name":null}]},"ef_wing_main/ef_wing_main_00002":{"attachment":[{"time":0.3333,"name":"ef_wing_main/ef_wing_main_00002"},{"time":0.3666,"name":"ef_wing_main/ef_wing_main_00003"},{"time":0.4,"name":"ef_wing_main/ef_wing_main_00004"},{"time":0.4333,"name":"ef_wing_main/ef_wing_main_00005"},{"time":0.4666,"name":"ef_wing_main/ef_wing_main_00006"},{"time":0.5,"name":"ef_wing_main/ef_wing_main_00007"},{"time":0.5333,"name":"ef_wing_main/ef_wing_main_00008"},{"time":0.5666,"name":"ef_wing_main/ef_wing_main_00009"},{"time":0.6,"name":"ef_wing_main/ef_wing_main_00010"},{"time":0.6333,"name":"ef_wing_main/ef_wing_main_00011"},{"time":0.6666,"name":"ef_wing_main/ef_wing_main_00012"},{"time":0.7,"name":"ef_wing_main/ef_wing_main_00013"},{"time":0.7333,"name":"ef_wing_main/ef_wing_main_00014"},{"time":0.7666,"name":"ef_wing_main/ef_wing_main_00015"},{"time":0.8,"name":"ef_wing_main/ef_wing_main_00016"},{"time":0.8333,"name":"ef_wing_main/ef_wing_main_00017"},{"time":0.8666,"name":"ef_wing_main/ef_wing_main_00018"},{"time":0.9,"name":"ef_wing_main/ef_wing_main_00019"},{"time":0.9333,"name":"ef_wing_main/ef_wing_main_00020"},{"time":0.9666,"name":"ef_wing_main/ef_wing_main_00021"},{"time":1,"name":"ef_wing_main/ef_wing_main_00022"},{"time":1.0333,"name":"ef_wing_main/ef_wing_main_00023"},{"time":1.1,"name":"ef_wing_main/ef_wing_main_00024"},{"time":1.1333,"name":"ef_wing_main/ef_wing_main_00025"},{"time":1.1666,"name":"ef_wing_main/ef_wing_main_00026"},{"time":1.2,"name":"ef_wing_main/ef_wing_main_00027"},{"time":1.2333,"name":"ef_wing_main/ef_wing_main_00028"},{"time":1.2666,"name":"ef_wing_main/ef_wing_main_00029"},{"time":1.3,"name":"ef_wing_main/ef_wing_main_00030"},{"time":1.3666,"name":null}]},"ef_wing_main/ef_wing_main_2":{"attachment":[{"time":0.3666,"name":"ef_wing_main/ef_wing_main_00002"},{"time":0.4,"name":"ef_wing_main/ef_wing_main_00003"},{"time":0.4333,"name":"ef_wing_main/ef_wing_main_00004"},{"time":0.4666,"name":"ef_wing_main/ef_wing_main_00005"},{"time":0.5,"name":"ef_wing_main/ef_wing_main_00006"},{"time":0.5333,"name":"ef_wing_main/ef_wing_main_00007"},{"time":0.5666,"name":"ef_wing_main/ef_wing_main_00008"},{"time":0.6,"name":"ef_wing_main/ef_wing_main_00009"},{"time":0.6333,"name":"ef_wing_main/ef_wing_main_00010"},{"time":0.6666,"name":"ef_wing_main/ef_wing_main_00011"},{"time":0.7,"name":"ef_wing_main/ef_wing_main_00012"},{"time":0.7333,"name":"ef_wing_main/ef_wing_main_00013"},{"time":0.7666,"name":"ef_wing_main/ef_wing_main_00014"},{"time":0.8,"name":"ef_wing_main/ef_wing_main_00015"},{"time":0.8333,"name":"ef_wing_main/ef_wing_main_00016"},{"time":0.8666,"name":"ef_wing_main/ef_wing_main_00017"},{"time":0.9,"name":"ef_wing_main/ef_wing_main_00018"},{"time":0.9333,"name":"ef_wing_main/ef_wing_main_00019"},{"time":0.9666,"name":"ef_wing_main/ef_wing_main_00020"},{"time":1,"name":"ef_wing_main/ef_wing_main_00021"},{"time":1.0333,"name":"ef_wing_main/ef_wing_main_00022"},{"time":1.0666,"name":"ef_wing_main/ef_wing_main_00023"},{"time":1.1333,"name":"ef_wing_main/ef_wing_main_00024"},{"time":1.1666,"name":"ef_wing_main/ef_wing_main_00025"},{"time":1.2,"name":"ef_wing_main/ef_wing_main_00026"},{"time":1.2333,"name":"ef_wing_main/ef_wing_main_00027"},{"time":1.2666,"name":"ef_wing_main/ef_wing_main_00028"},{"time":1.3,"name":"ef_wing_main/ef_wing_main_00029"},{"time":1.3333,"name":"ef_wing_main/ef_wing_main_00030"},{"time":1.4,"name":null}]}},"bones":{"690_S1_dusty1":{"translate":[{"time":0.3333,"x":0,"y":36.93,"curve":"stepped"},{"time":2.9,"x":-203.62,"y":36.93,"curve":"stepped"},{"time":3.5666,"x":-203.62,"y":36.93}],"scale":[{"time":0.3333,"x":3.546,"y":4.138},{"time":0.7,"x":4.5,"y":4},{"time":1,"x":4.803,"y":4.269,"curve":"stepped"},{"time":2.9,"x":4.803,"y":4.269},{"time":3.1333,"x":5,"y":4},{"time":3.2333,"x":6.876,"y":5.501,"curve":"stepped"},{"time":3.5666,"x":6.876,"y":5.501}]},"ef_wing_main":{"rotate":[{"time":0.3333,"angle":90},{"time":1.3333,"angle":100.96}],"translate":[{"time":0.3333,"x":-66.42,"y":257.72,"curve":[0.186,0.35,0.75,1]},{"time":1.3333,"x":-73.43,"y":416.26}],"scale":[{"time":0.3333,"x":2,"y":2,"curve":[0.186,0.35,0.75,1]},{"time":1.3333,"x":2.634,"y":3.115}]},"ef_wing_main2":{"rotate":[{"time":0.3666,"angle":90}],"translate":[{"time":0.3666,"x":62.65,"y":246.49,"curve":[0.186,0.35,0.75,1]},{"time":1.3666,"x":82.29,"y":543.93}],"scale":[{"time":0.3666,"x":2,"y":-2,"curve":[0.186,0.35,0.75,1]},{"time":1.3666,"x":2.524,"y":-4.214}]},"020_wind2":{"translate":[{"time":0.3333,"x":17.65,"y":198.91,"curve":"stepped"},{"time":2.9666,"x":-163.83,"y":-6.82}],"scale":[{"time":0.3333,"x":7.26,"y":8.692,"curve":"stepped"},{"time":2,"x":10.181,"y":12.189,"curve":"stepped"},{"time":2.9666,"x":8.095,"y":5.776}]},"ef_fire_sphere_main":{"translate":[{"time":2.9,"x":-253.3,"y":209.28},{"time":3.1333,"x":-300.01,"y":315.16}],"scale":[{"time":2.9,"x":5.166,"y":5.166},{"time":3.1333,"x":7.292,"y":7.292}]},"690_S1_dusty2":{"translate":[{"time":3.2333,"x":-203.62,"y":36.93,"curve":"stepped"},{"time":3.9,"x":-203.62,"y":36.93}],"scale":[{"time":3.2333,"x":6.876,"y":5.501,"curve":"stepped"},{"time":3.9,"x":6.876,"y":5.501}]},"ef_graund_rock_main":{"translate":[{"time":2.9666,"x":-243.75,"y":136.96},{"time":3.2,"x":-243.75,"y":444.62}],"scale":[{"time":2.9666,"x":3.809,"y":2.162},{"time":3.2,"x":6.577,"y":6.577},{"time":3.4666,"x":8.249,"y":6.577}]},"ef_wind2":{"scale":[{"time":2.9,"x":2,"y":1.333}]}}},"2-attack1":{},"2-skill1":{"slots":{"ef_fire_sphere_main/ef_fire_sphere_main_00001":{"attachment":[{"time":1.5,"name":"ef_fire_sphere_main/ef_fire_sphere_main_00001"},{"time":1.5333,"name":"ef_fire_sphere_main/ef_fire_sphere_main_00002"},{"time":1.5666,"name":"ef_fire_sphere_main/ef_fire_sphere_main_00003"},{"time":1.6,"name":"ef_fire_sphere_main/ef_fire_sphere_main_00004"},{"time":1.6333,"name":"ef_fire_sphere_main/ef_fire_sphere_main_00005"},{"time":1.6666,"name":"ef_fire_sphere_main/ef_fire_sphere_main_00006"},{"time":1.7,"name":"ef_fire_sphere_main/ef_fire_sphere_main_00007"},{"time":1.7333,"name":"ef_fire_sphere_main/ef_fire_sphere_main_00008"},{"time":1.7666,"name":"ef_fire_sphere_main/ef_fire_sphere_main_00009"},{"time":1.8,"name":"ef_fire_sphere_main/ef_fire_sphere_main_00010"},{"time":1.8333,"name":"ef_fire_sphere_main/ef_fire_sphere_main_00011"},{"time":1.8666,"name":null}]},"ef_fire_sphere_main/ef_fire_sphere_main_1":{"attachment":[{"time":1.5,"name":"ef_fire_sphere_main/ef_fire_sphere_main_00001"},{"time":1.5333,"name":"ef_fire_sphere_main/ef_fire_sphere_main_00002"},{"time":1.5666,"name":"ef_fire_sphere_main/ef_fire_sphere_main_00003"},{"time":1.6,"name":"ef_fire_sphere_main/ef_fire_sphere_main_00004"},{"time":1.6333,"name":"ef_fire_sphere_main/ef_fire_sphere_main_00005"},{"time":1.6666,"name":"ef_fire_sphere_main/ef_fire_sphere_main_00006"},{"time":1.7,"name":"ef_fire_sphere_main/ef_fire_sphere_main_00007"},{"time":1.7333,"name":"ef_fire_sphere_main/ef_fire_sphere_main_00008"},{"time":1.7666,"name":"ef_fire_sphere_main/ef_fire_sphere_main_00009"},{"time":1.8,"name":"ef_fire_sphere_main/ef_fire_sphere_main_00010"},{"time":1.8333,"name":"ef_fire_sphere_main/ef_fire_sphere_main_00011"},{"time":1.8666,"name":null}]},"ef_wing_main/ef_wing_main_00002":{"attachment":[{"time":1.4,"name":"ef_wing_main/ef_wing_main_00002"},{"time":1.4333,"name":"ef_wing_main/ef_wing_main_00003"},{"time":1.4666,"name":"ef_wing_main/ef_wing_main_00004"},{"time":1.5,"name":"ef_wing_main/ef_wing_main_00005"},{"time":1.5333,"name":"ef_wing_main/ef_wing_main_00006"},{"time":1.5666,"name":"ef_wing_main/ef_wing_main_00007"},{"time":1.6,"name":"ef_wing_main/ef_wing_main_00008"},{"time":1.6333,"name":"ef_wing_main/ef_wing_main_00009"},{"time":1.6666,"name":"ef_wing_main/ef_wing_main_00010"},{"time":1.7,"name":"ef_wing_main/ef_wing_main_00011"},{"time":1.7333,"name":"ef_wing_main/ef_wing_main_00012"},{"time":1.7666,"name":"ef_wing_main/ef_wing_main_00013"},{"time":1.8,"name":"ef_wing_main/ef_wing_main_00014"},{"time":1.8333,"name":"ef_wing_main/ef_wing_main_00015"},{"time":1.8666,"name":"ef_wing_main/ef_wing_main_00016"},{"time":1.9,"name":"ef_wing_main/ef_wing_main_00017"},{"time":1.9333,"name":"ef_wing_main/ef_wing_main_00018"},{"time":1.9666,"name":"ef_wing_main/ef_wing_main_00019"},{"time":2,"name":"ef_wing_main/ef_wing_main_00020"},{"time":2.0333,"name":"ef_wing_main/ef_wing_main_00021"},{"time":2.0666,"name":"ef_wing_main/ef_wing_main_00022"},{"time":2.1,"name":"ef_wing_main/ef_wing_main_00023"},{"time":2.1666,"name":"ef_wing_main/ef_wing_main_00024"},{"time":2.2,"name":"ef_wing_main/ef_wing_main_00025"},{"time":2.2333,"name":"ef_wing_main/ef_wing_main_00026"},{"time":2.2666,"name":"ef_wing_main/ef_wing_main_00027"},{"time":2.3,"name":"ef_wing_main/ef_wing_main_00028"},{"time":2.3333,"name":"ef_wing_main/ef_wing_main_00029"},{"time":2.3666,"name":"ef_wing_main/ef_wing_main_00030"},{"time":2.4333,"name":null}]}},"bones":{"ef_fire_sphere_main":{"rotate":[{"time":1.5,"angle":109.24},{"time":1.6666,"angle":139.95}],"translate":[{"time":1.5,"x":-400.64,"y":248.4}],"scale":[{"time":1.5,"x":6.676,"y":6.676}]},"ef_wing_main":{"translate":[{"time":1.4,"x":-90.27,"y":273.15,"curve":[0.25,0,0.75,1]},{"time":1.7333,"x":-12.7,"y":306.4},{"time":2.4333,"x":20,"y":321.17}],"scale":[{"time":1.4,"x":2,"y":2,"curve":[0.25,0,0.75,1]},{"time":1.7333,"x":3.5,"y":3.5},{"time":2.4333,"x":3.8,"y":5}]},"ef_fire_sphere_main2":{"rotate":[{"time":1.5,"angle":88.87},{"time":1.6666,"angle":68.55}],"translate":[{"time":1.5,"x":-506.41,"y":125}],"scale":[{"time":1.5,"x":-3,"y":3}]}}},"2-skill2":{"slots":{"320_S1_dusty1/690_S1_dusty1_00000":{"attachment":[{"time":0.3333,"name":"320_S1_dusty1/690_S1_dusty1_00000"},{"time":0.3666,"name":"320_S1_dusty1/690_S1_dusty1_00001"},{"time":0.4,"name":"320_S1_dusty1/690_S1_dusty1_00002"},{"time":0.4333,"name":"320_S1_dusty1/690_S1_dusty1_00003"},{"time":0.4666,"name":"320_S1_dusty1/690_S1_dusty1_00004"},{"time":0.5333,"name":"320_S1_dusty1/690_S1_dusty1_00005"},{"time":0.5666,"name":"320_S1_dusty1/690_S1_dusty1_00006"},{"time":0.6,"name":"320_S1_dusty1/690_S1_dusty1_00007"},{"time":0.6333,"name":"320_S1_dusty1/690_S1_dusty1_00008"},{"time":0.6666,"name":"320_S1_dusty1/690_S1_dusty1_00009"},{"time":0.7333,"name":"320_S1_dusty1/690_S1_dusty1_00010"},{"time":0.7666,"name":"320_S1_dusty1/690_S1_dusty1_00011"},{"time":0.8,"name":"320_S1_dusty1/690_S1_dusty1_00012"},{"time":0.8333,"name":"320_S1_dusty1/690_S1_dusty1_00013"},{"time":0.9,"name":"320_S1_dusty1/690_S1_dusty1_00014"},{"time":0.9333,"name":"320_S1_dusty1/690_S1_dusty1_00015"},{"time":0.9666,"name":"320_S1_dusty1/690_S1_dusty1_00016"},{"time":1.0333,"name":null},{"time":2.9,"name":"320_S1_dusty1/690_S1_dusty1_00000"},{"time":2.9333,"name":"320_S1_dusty1/690_S1_dusty1_00001"},{"time":2.9666,"name":"320_S1_dusty1/690_S1_dusty1_00002"},{"time":3,"name":"320_S1_dusty1/690_S1_dusty1_00003"},{"time":3.0333,"name":"320_S1_dusty1/690_S1_dusty1_00004"},{"time":3.0666,"name":"320_S1_dusty1/690_S1_dusty1_00005"},{"time":3.1,"name":"320_S1_dusty1/690_S1_dusty1_00006"},{"time":3.1333,"name":"320_S1_dusty1/690_S1_dusty1_00007"},{"time":3.1666,"name":"320_S1_dusty1/690_S1_dusty1_00008"},{"time":3.2,"name":"320_S1_dusty1/690_S1_dusty1_00009"},{"time":3.2333,"name":"320_S1_dusty1/690_S1_dusty1_00010"},{"time":3.2666,"name":"320_S1_dusty1/690_S1_dusty1_00011"},{"time":3.3,"name":"320_S1_dusty1/690_S1_dusty1_00012"},{"time":3.3333,"name":"320_S1_dusty1/690_S1_dusty1_00013"},{"time":3.3666,"name":"320_S1_dusty1/690_S1_dusty1_00014"},{"time":3.4,"name":"320_S1_dusty1/690_S1_dusty1_00015"},{"time":3.4333,"name":"320_S1_dusty1/690_S1_dusty1_00016"},{"time":3.4666,"name":null},{"time":3.5666,"name":"320_S1_dusty1/690_S1_dusty1_00000"},{"time":3.6,"name":"320_S1_dusty1/690_S1_dusty1_00001"},{"time":3.6333,"name":"320_S1_dusty1/690_S1_dusty1_00002"},{"time":3.6666,"name":"320_S1_dusty1/690_S1_dusty1_00003"},{"time":3.7,"name":"320_S1_dusty1/690_S1_dusty1_00004"},{"time":3.7333,"name":"320_S1_dusty1/690_S1_dusty1_00005"},{"time":3.7666,"name":"320_S1_dusty1/690_S1_dusty1_00006"},{"time":3.8,"name":"320_S1_dusty1/690_S1_dusty1_00007"},{"time":3.8333,"name":"320_S1_dusty1/690_S1_dusty1_00008"},{"time":3.8666,"name":"320_S1_dusty1/690_S1_dusty1_00009"},{"time":3.9,"name":"320_S1_dusty1/690_S1_dusty1_00010"},{"time":3.9333,"name":"320_S1_dusty1/690_S1_dusty1_00011"},{"time":3.9666,"name":"320_S1_dusty1/690_S1_dusty1_00012"},{"time":4,"name":"320_S1_dusty1/690_S1_dusty1_00013"},{"time":4.0333,"name":"320_S1_dusty1/690_S1_dusty1_00014"},{"time":4.0666,"name":"320_S1_dusty1/690_S1_dusty1_00015"},{"time":4.1,"name":"320_S1_dusty1/690_S1_dusty1_00016"},{"time":4.1333,"name":null}],"color":[{"time":0.3333,"color":"ff62edff"}]},"320_S1_dusty1/690_S1_dusty1_0":{"attachment":[{"time":3.2333,"name":"320_S1_dusty1/690_S1_dusty1_00000"},{"time":3.2666,"name":"320_S1_dusty1/690_S1_dusty1_00001"},{"time":3.3,"name":"320_S1_dusty1/690_S1_dusty1_00002"},{"time":3.3333,"name":"320_S1_dusty1/690_S1_dusty1_00003"},{"time":3.3666,"name":"320_S1_dusty1/690_S1_dusty1_00004"},{"time":3.4,"name":"320_S1_dusty1/690_S1_dusty1_00005"},{"time":3.4333,"name":"320_S1_dusty1/690_S1_dusty1_00006"},{"time":3.4666,"name":"320_S1_dusty1/690_S1_dusty1_00007"},{"time":3.5,"name":"320_S1_dusty1/690_S1_dusty1_00008"},{"time":3.5333,"name":"320_S1_dusty1/690_S1_dusty1_00009"},{"time":3.5666,"name":"320_S1_dusty1/690_S1_dusty1_00010"},{"time":3.6,"name":"320_S1_dusty1/690_S1_dusty1_00011"},{"time":3.6333,"name":"320_S1_dusty1/690_S1_dusty1_00012"},{"time":3.6666,"name":"320_S1_dusty1/690_S1_dusty1_00013"},{"time":3.7,"name":"320_S1_dusty1/690_S1_dusty1_00014"},{"time":3.7333,"name":"320_S1_dusty1/690_S1_dusty1_00015"},{"time":3.7666,"name":"320_S1_dusty1/690_S1_dusty1_00016"},{"time":3.8,"name":null},{"time":3.9,"name":"320_S1_dusty1/690_S1_dusty1_00000"},{"time":3.9333,"name":"320_S1_dusty1/690_S1_dusty1_00001"},{"time":3.9666,"name":"320_S1_dusty1/690_S1_dusty1_00002"},{"time":4,"name":"320_S1_dusty1/690_S1_dusty1_00003"},{"time":4.0333,"name":"320_S1_dusty1/690_S1_dusty1_00004"},{"time":4.0666,"name":"320_S1_dusty1/690_S1_dusty1_00005"},{"time":4.1,"name":"320_S1_dusty1/690_S1_dusty1_00006"},{"time":4.1333,"name":"320_S1_dusty1/690_S1_dusty1_00007"},{"time":4.1666,"name":"320_S1_dusty1/690_S1_dusty1_00008"},{"time":4.2,"name":"320_S1_dusty1/690_S1_dusty1_00009"},{"time":4.2333,"name":"320_S1_dusty1/690_S1_dusty1_00010"},{"time":4.2666,"name":"320_S1_dusty1/690_S1_dusty1_00011"},{"time":4.3,"name":"320_S1_dusty1/690_S1_dusty1_00012"},{"time":4.3333,"name":"320_S1_dusty1/690_S1_dusty1_00013"},{"time":4.3666,"name":"320_S1_dusty1/690_S1_dusty1_00014"},{"time":4.4,"name":"320_S1_dusty1/690_S1_dusty1_00015"},{"time":4.4333,"name":"320_S1_dusty1/690_S1_dusty1_00016"},{"time":4.4666,"name":null}],"color":[{"time":3.2333,"color":"ff62edff","curve":"stepped"},{"time":3.9,"color":"ff62edff"}]},"9020_wind2/9020_wind2_00000":{"attachment":[{"time":0.3333,"name":"9020_wind2/9020_wind2_00000"},{"time":0.3666,"name":"9020_wind2/9020_wind2_00002"},{"time":0.4,"name":"9020_wind2/9020_wind2_00004"},{"time":0.4333,"name":"9020_wind2/9020_wind2_00006"},{"time":0.4666,"name":"9020_wind2/9020_wind2_00008"},{"time":0.5,"name":"9020_wind2/9020_wind2_00012"},{"time":0.5333,"name":"9020_wind2/t/9020_wind2_00010"},{"time":0.5666,"name":"9020_wind2/9020_wind2_00000"},{"time":0.6,"name":"9020_wind2/9020_wind2_00002"},{"time":0.6333,"name":"9020_wind2/9020_wind2_00004"},{"time":0.6666,"name":"9020_wind2/9020_wind2_00006"},{"time":0.7,"name":"9020_wind2/9020_wind2_00008"},{"time":0.7333,"name":"9020_wind2/9020_wind2_00012"},{"time":0.7666,"name":"9020_wind2/t/9020_wind2_00010"},{"time":0.8,"name":"9020_wind2/9020_wind2_00000"},{"time":0.8333,"name":"9020_wind2/9020_wind2_00002"},{"time":0.8666,"name":"9020_wind2/9020_wind2_00004"},{"time":0.9,"name":"9020_wind2/9020_wind2_00006"},{"time":0.9333,"name":"9020_wind2/9020_wind2_00008"},{"time":0.9666,"name":"9020_wind2/9020_wind2_00012"},{"time":1,"name":"9020_wind2/t/9020_wind2_00010"},{"time":1.0333,"name":"9020_wind2/9020_wind2_00000"},{"time":1.0666,"name":"9020_wind2/9020_wind2_00002"},{"time":1.1,"name":"9020_wind2/9020_wind2_00004"},{"time":1.1333,"name":"9020_wind2/9020_wind2_00006"},{"time":1.1666,"name":"9020_wind2/9020_wind2_00008"},{"time":1.2,"name":"9020_wind2/9020_wind2_00012"},{"time":1.2333,"name":"9020_wind2/t/9020_wind2_00010"},{"time":1.2666,"name":"9020_wind2/9020_wind2_00000"},{"time":1.3,"name":"9020_wind2/9020_wind2_00002"},{"time":1.3333,"name":"9020_wind2/9020_wind2_00004"},{"time":1.3666,"name":"9020_wind2/9020_wind2_00006"},{"time":1.4,"name":"9020_wind2/9020_wind2_00008"},{"time":1.4333,"name":"9020_wind2/9020_wind2_00012"},{"time":1.4666,"name":"9020_wind2/t/9020_wind2_00010"},{"time":1.5,"name":"9020_wind2/9020_wind2_00000"},{"time":1.5333,"name":"9020_wind2/9020_wind2_00002"},{"time":1.5666,"name":"9020_wind2/9020_wind2_00004"},{"time":1.6,"name":"9020_wind2/9020_wind2_00006"},{"time":1.6333,"name":"9020_wind2/9020_wind2_00008"},{"time":1.6666,"name":"9020_wind2/9020_wind2_00012"},{"time":1.7,"name":"9020_wind2/t/9020_wind2_00010"},{"time":1.7333,"name":"9020_wind2/9020_wind2_00000"},{"time":1.7666,"name":"9020_wind2/9020_wind2_00002"},{"time":1.8,"name":"9020_wind2/9020_wind2_00004"},{"time":1.8333,"name":"9020_wind2/9020_wind2_00006"},{"time":1.8666,"name":"9020_wind2/9020_wind2_00008"},{"time":1.9,"name":"9020_wind2/9020_wind2_00012"},{"time":1.9333,"name":"9020_wind2/t/9020_wind2_00010"},{"time":1.9666,"name":"9020_wind2/9020_wind2_00000"},{"time":2,"name":"9020_wind2/9020_wind2_00002"},{"time":2.0333,"name":"9020_wind2/9020_wind2_00004"},{"time":2.0666,"name":"9020_wind2/9020_wind2_00006"},{"time":2.1,"name":"9020_wind2/9020_wind2_00008"},{"time":2.1333,"name":"9020_wind2/9020_wind2_00012"},{"time":2.1666,"name":"9020_wind2/t/9020_wind2_00010"},{"time":2.2,"name":null},{"time":2.9666,"name":"9020_wind2/9020_wind2_00000"},{"time":3,"name":"9020_wind2/9020_wind2_00002"},{"time":3.0333,"name":"9020_wind2/9020_wind2_00004"},{"time":3.0666,"name":"9020_wind2/9020_wind2_00006"},{"time":3.1,"name":"9020_wind2/9020_wind2_00008"},{"time":3.1333,"name":"9020_wind2/9020_wind2_00012"},{"time":3.1666,"name":"9020_wind2/t/9020_wind2_00010"},{"time":3.2,"name":"9020_wind2/9020_wind2_00000"},{"time":3.2333,"name":"9020_wind2/9020_wind2_00002"},{"time":3.2666,"name":"9020_wind2/9020_wind2_00004"},{"time":3.3,"name":"9020_wind2/9020_wind2_00006"},{"time":3.3333,"name":"9020_wind2/9020_wind2_00008"},{"time":3.3666,"name":"9020_wind2/9020_wind2_00012"},{"time":3.4,"name":"9020_wind2/t/9020_wind2_00010"},{"time":3.4333,"name":"9020_wind2/9020_wind2_00000"},{"time":3.4666,"name":"9020_wind2/9020_wind2_00002"},{"time":3.5,"name":"9020_wind2/9020_wind2_00004"},{"time":3.5333,"name":"9020_wind2/9020_wind2_00006"},{"time":3.5666,"name":"9020_wind2/9020_wind2_00008"},{"time":3.6,"name":"9020_wind2/9020_wind2_00012"},{"time":3.6333,"name":"9020_wind2/t/9020_wind2_00010"},{"time":3.6666,"name":"9020_wind2/9020_wind2_00000"},{"time":3.7,"name":"9020_wind2/9020_wind2_00002"},{"time":3.7333,"name":"9020_wind2/9020_wind2_00004"},{"time":3.7666,"name":"9020_wind2/9020_wind2_00006"},{"time":3.8,"name":"9020_wind2/9020_wind2_00008"},{"time":3.8333,"name":"9020_wind2/9020_wind2_00012"},{"time":3.8666,"name":"9020_wind2/t/9020_wind2_00010"},{"time":3.9,"name":"9020_wind2/9020_wind2_00000"},{"time":3.9333,"name":"9020_wind2/9020_wind2_00002"},{"time":3.9666,"name":"9020_wind2/9020_wind2_00004"},{"time":4,"name":"9020_wind2/9020_wind2_00006"},{"time":4.0333,"name":"9020_wind2/9020_wind2_00008"},{"time":4.0666,"name":"9020_wind2/9020_wind2_00012"},{"time":4.1,"name":"9020_wind2/t/9020_wind2_00010"},{"time":4.1333,"name":"9020_wind2/9020_wind2_00000"},{"time":4.1666,"name":"9020_wind2/9020_wind2_00002"},{"time":4.2,"name":"9020_wind2/9020_wind2_00004"},{"time":4.2333,"name":"9020_wind2/9020_wind2_00006"},{"time":4.2666,"name":"9020_wind2/9020_wind2_00008"},{"time":4.3,"name":"9020_wind2/9020_wind2_00012"},{"time":4.3333,"name":"9020_wind2/t/9020_wind2_00010"},{"time":4.3666,"name":"9020_wind2/9020_wind2_00000"},{"time":4.4,"name":"9020_wind2/9020_wind2_00002"},{"time":4.4333,"name":"9020_wind2/9020_wind2_00004"},{"time":4.4666,"name":"9020_wind2/9020_wind2_00006"},{"time":4.5,"name":"9020_wind2/9020_wind2_00008"},{"time":4.5333,"name":"9020_wind2/9020_wind2_00012"},{"time":4.5666,"name":"9020_wind2/t/9020_wind2_00010"},{"time":4.6,"name":null}],"color":[{"time":0.3333,"color":"ff2e7e9c","curve":"stepped"},{"time":1.9666,"color":"ff2e7e9c"},{"time":2.2,"color":"ff2e7e00","curve":"stepped"},{"time":2.9666,"color":"ff2e7eff","curve":"stepped"},{"time":4.3666,"color":"ff2e7eff"},{"time":4.6,"color":"ff2e7e00"}]},"S3_wind2/ef_wind2_1":{"attachment":[{"time":2.9,"name":"S3_wind2/ef_wind2_1"},{"time":2.9333,"name":"S3_wind2/ef_wind2_2"},{"time":2.9666,"name":"S3_wind2/ef_wind2_3"},{"time":3,"name":"S3_wind2/ef_wind2_4"},{"time":3.0333,"name":"S3_wind2/ef_wind2_5"},{"time":3.0666,"name":"S3_wind2/ef_wind2_6"},{"time":3.1,"name":"S3_wind2/ef_wind2_1"},{"time":3.1333,"name":"S3_wind2/ef_wind2_2"},{"time":3.1666,"name":"S3_wind2/ef_wind2_3"},{"time":3.2,"name":"S3_wind2/ef_wind2_4"},{"time":3.2333,"name":"S3_wind2/ef_wind2_5"},{"time":3.2666,"name":"S3_wind2/ef_wind2_6"},{"time":3.3,"name":"S3_wind2/ef_wind2_1"},{"time":3.3333,"name":"S3_wind2/ef_wind2_2"},{"time":3.3666,"name":"S3_wind2/ef_wind2_3"},{"time":3.4,"name":"S3_wind2/ef_wind2_4"},{"time":3.4333,"name":"S3_wind2/ef_wind2_5"},{"time":3.4666,"name":"S3_wind2/ef_wind2_6"},{"time":3.5,"name":"S3_wind2/ef_wind2_1"},{"time":3.5333,"name":"S3_wind2/ef_wind2_2"},{"time":3.5666,"name":"S3_wind2/ef_wind2_3"},{"time":3.6,"name":"S3_wind2/ef_wind2_4"},{"time":3.6333,"name":"S3_wind2/ef_wind2_5"},{"time":3.6666,"name":"S3_wind2/ef_wind2_6"},{"time":3.7,"name":"S3_wind2/ef_wind2_1"},{"time":3.7333,"name":"S3_wind2/ef_wind2_2"},{"time":3.7666,"name":"S3_wind2/ef_wind2_3"},{"time":3.8,"name":"S3_wind2/ef_wind2_4"},{"time":3.8333,"name":"S3_wind2/ef_wind2_5"},{"time":3.8666,"name":"S3_wind2/ef_wind2_6"},{"time":3.9,"name":"S3_wind2/ef_wind2_1"},{"time":3.9333,"name":"S3_wind2/ef_wind2_2"},{"time":3.9666,"name":"S3_wind2/ef_wind2_3"},{"time":4,"name":"S3_wind2/ef_wind2_4"},{"time":4.0333,"name":"S3_wind2/ef_wind2_5"},{"time":4.0666,"name":"S3_wind2/ef_wind2_6"},{"time":4.1,"name":"S3_wind2/ef_wind2_1"},{"time":4.1333,"name":"S3_wind2/ef_wind2_2"},{"time":4.1666,"name":"S3_wind2/ef_wind2_3"},{"time":4.2,"name":"S3_wind2/ef_wind2_4"},{"time":4.2333,"name":"S3_wind2/ef_wind2_5"},{"time":4.2666,"name":"S3_wind2/ef_wind2_6"},{"time":4.3,"name":null}],"color":[{"time":2.9,"color":"ff54acbd"}]},"ef_fire_sphere_main/ef_fire_sphere_main_00001":{"attachment":[{"time":0.3333,"name":"ef_fire_sphere_main/ef_fire_sphere_main_00001"},{"time":0.3666,"name":"ef_fire_sphere_main/ef_fire_sphere_main_00002"},{"time":0.4,"name":"ef_fire_sphere_main/ef_fire_sphere_main_00003"},{"time":0.4333,"name":"ef_fire_sphere_main/ef_fire_sphere_main_00004"},{"time":0.4666,"name":"ef_fire_sphere_main/ef_fire_sphere_main_00005"},{"time":0.5,"name":"ef_fire_sphere_main/ef_fire_sphere_main_00006"},{"time":0.5333,"name":"ef_fire_sphere_main/ef_fire_sphere_main_00007"},{"time":0.5666,"name":"ef_fire_sphere_main/ef_fire_sphere_main_00008"},{"time":0.6,"name":"ef_fire_sphere_main/ef_fire_sphere_main_00009"},{"time":0.6333,"name":"ef_fire_sphere_main/ef_fire_sphere_main_00010"},{"time":0.6666,"name":"ef_fire_sphere_main/ef_fire_sphere_main_00011"},{"time":0.7,"name":null},{"time":0.7333,"name":"ef_fire_sphere_main/ef_fire_sphere_main_00001"},{"time":0.7666,"name":"ef_fire_sphere_main/ef_fire_sphere_main_00002"},{"time":0.8,"name":"ef_fire_sphere_main/ef_fire_sphere_main_00003"},{"time":0.8333,"name":"ef_fire_sphere_main/ef_fire_sphere_main_00004"},{"time":0.8666,"name":"ef_fire_sphere_main/ef_fire_sphere_main_00005"},{"time":0.9,"name":"ef_fire_sphere_main/ef_fire_sphere_main_00006"},{"time":0.9333,"name":"ef_fire_sphere_main/ef_fire_sphere_main_00007"},{"time":0.9666,"name":"ef_fire_sphere_main/ef_fire_sphere_main_00008"},{"time":1,"name":"ef_fire_sphere_main/ef_fire_sphere_main_00009"},{"time":1.0333,"name":"ef_fire_sphere_main/ef_fire_sphere_main_00010"},{"time":1.0666,"name":"ef_fire_sphere_main/ef_fire_sphere_main_00011"},{"time":1.1,"name":null},{"time":1.1333,"name":"ef_fire_sphere_main/ef_fire_sphere_main_00001"},{"time":1.1666,"name":"ef_fire_sphere_main/ef_fire_sphere_main_00002"},{"time":1.2,"name":"ef_fire_sphere_main/ef_fire_sphere_main_00003"},{"time":1.2333,"name":"ef_fire_sphere_main/ef_fire_sphere_main_00004"},{"time":1.2666,"name":"ef_fire_sphere_main/ef_fire_sphere_main_00005"},{"time":1.3,"name":"ef_fire_sphere_main/ef_fire_sphere_main_00006"},{"time":1.3333,"name":"ef_fire_sphere_main/ef_fire_sphere_main_00007"},{"time":1.3666,"name":"ef_fire_sphere_main/ef_fire_sphere_main_00008"},{"time":1.4,"name":"ef_fire_sphere_main/ef_fire_sphere_main_00009"},{"time":1.4333,"name":"ef_fire_sphere_main/ef_fire_sphere_main_00010"},{"time":1.4666,"name":"ef_fire_sphere_main/ef_fire_sphere_main_00011"},{"time":1.5,"name":null},{"time":1.5333,"name":"ef_fire_sphere_main/ef_fire_sphere_main_00001"},{"time":1.5666,"name":"ef_fire_sphere_main/ef_fire_sphere_main_00002"},{"time":1.6,"name":"ef_fire_sphere_main/ef_fire_sphere_main_00003"},{"time":1.6333,"name":"ef_fire_sphere_main/ef_fire_sphere_main_00004"},{"time":1.6666,"name":"ef_fire_sphere_main/ef_fire_sphere_main_00005"},{"time":1.7,"name":"ef_fire_sphere_main/ef_fire_sphere_main_00006"},{"time":1.7333,"name":"ef_fire_sphere_main/ef_fire_sphere_main_00007"},{"time":1.7666,"name":"ef_fire_sphere_main/ef_fire_sphere_main_00008"},{"time":1.8,"name":"ef_fire_sphere_main/ef_fire_sphere_main_00009"},{"time":1.8333,"name":"ef_fire_sphere_main/ef_fire_sphere_main_00010"},{"time":1.8666,"name":"ef_fire_sphere_main/ef_fire_sphere_main_00011"},{"time":1.9,"name":null},{"time":1.9333,"name":"ef_fire_sphere_main/ef_fire_sphere_main_00001"},{"time":1.9666,"name":"ef_fire_sphere_main/ef_fire_sphere_main_00002"},{"time":2,"name":"ef_fire_sphere_main/ef_fire_sphere_main_00003"},{"time":2.0333,"name":"ef_fire_sphere_main/ef_fire_sphere_main_00004"},{"time":2.0666,"name":"ef_fire_sphere_main/ef_fire_sphere_main_00005"},{"time":2.1,"name":"ef_fire_sphere_main/ef_fire_sphere_main_00006"},{"time":2.1333,"name":"ef_fire_sphere_main/ef_fire_sphere_main_00007"},{"time":2.1666,"name":"ef_fire_sphere_main/ef_fire_sphere_main_00008"},{"time":2.2,"name":"ef_fire_sphere_main/ef_fire_sphere_main_00009"},{"time":2.2333,"name":"ef_fire_sphere_main/ef_fire_sphere_main_00010"},{"time":2.2666,"name":"ef_fire_sphere_main/ef_fire_sphere_main_00011"},{"time":2.3,"name":null},{"time":2.9,"name":"ef_fire_sphere_main/ef_fire_sphere_main_00001"},{"time":2.9333,"name":"ef_fire_sphere_main/ef_fire_sphere_main_00002"},{"time":2.9666,"name":"ef_fire_sphere_main/ef_fire_sphere_main_00003"},{"time":3,"name":"ef_fire_sphere_main/ef_fire_sphere_main_00004"},{"time":3.0333,"name":"ef_fire_sphere_main/ef_fire_sphere_main_00005"},{"time":3.0666,"name":"ef_fire_sphere_main/ef_fire_sphere_main_00006"},{"time":3.1,"name":"ef_fire_sphere_main/ef_fire_sphere_main_00007"},{"time":3.1333,"name":"ef_fire_sphere_main/ef_fire_sphere_main_00008"},{"time":3.1666,"name":"ef_fire_sphere_main/ef_fire_sphere_main_00009"},{"time":3.2,"name":"ef_fire_sphere_main/ef_fire_sphere_main_00010"},{"time":3.2333,"name":"ef_fire_sphere_main/ef_fire_sphere_main_00011"},{"time":3.2666,"name":"ef_fire_sphere_main/ef_fire_sphere_main_00001"},{"time":3.3,"name":"ef_fire_sphere_main/ef_fire_sphere_main_00002"},{"time":3.3333,"name":"ef_fire_sphere_main/ef_fire_sphere_main_00003"},{"time":3.3666,"name":"ef_fire_sphere_main/ef_fire_sphere_main_00004"},{"time":3.4,"name":"ef_fire_sphere_main/ef_fire_sphere_main_00005"},{"time":3.4333,"name":"ef_fire_sphere_main/ef_fire_sphere_main_00006"},{"time":3.4666,"name":"ef_fire_sphere_main/ef_fire_sphere_main_00007"},{"time":3.5,"name":"ef_fire_sphere_main/ef_fire_sphere_main_00008"},{"time":3.5333,"name":"ef_fire_sphere_main/ef_fire_sphere_main_00009"},{"time":3.5666,"name":"ef_fire_sphere_main/ef_fire_sphere_main_00010"},{"time":3.6,"name":"ef_fire_sphere_main/ef_fire_sphere_main_00011"},{"time":3.6333,"name":"ef_fire_sphere_main/ef_fire_sphere_main_00001"},{"time":3.6666,"name":"ef_fire_sphere_main/ef_fire_sphere_main_00002"},{"time":3.7,"name":"ef_fire_sphere_main/ef_fire_sphere_main_00003"},{"time":3.7333,"name":"ef_fire_sphere_main/ef_fire_sphere_main_00004"},{"time":3.7666,"name":"ef_fire_sphere_main/ef_fire_sphere_main_00005"},{"time":3.8,"name":"ef_fire_sphere_main/ef_fire_sphere_main_00006"},{"time":3.8333,"name":"ef_fire_sphere_main/ef_fire_sphere_main_00007"},{"time":3.8666,"name":"ef_fire_sphere_main/ef_fire_sphere_main_00008"},{"time":3.9,"name":"ef_fire_sphere_main/ef_fire_sphere_main_00009"},{"time":3.9333,"name":"ef_fire_sphere_main/ef_fire_sphere_main_00010"},{"time":3.9666,"name":"ef_fire_sphere_main/ef_fire_sphere_main_00011"},{"time":4,"name":"ef_fire_sphere_main/ef_fire_sphere_main_00001"},{"time":4.0333,"name":"ef_fire_sphere_main/ef_fire_sphere_main_00002"},{"time":4.0666,"name":"ef_fire_sphere_main/ef_fire_sphere_main_00003"},{"time":4.1,"name":"ef_fire_sphere_main/ef_fire_sphere_main_00004"},{"time":4.1333,"name":"ef_fire_sphere_main/ef_fire_sphere_main_00005"},{"time":4.1666,"name":"ef_fire_sphere_main/ef_fire_sphere_main_00006"},{"time":4.2,"name":"ef_fire_sphere_main/ef_fire_sphere_main_00007"},{"time":4.2333,"name":"ef_fire_sphere_main/ef_fire_sphere_main_00008"},{"time":4.2666,"name":"ef_fire_sphere_main/ef_fire_sphere_main_00009"},{"time":4.3,"name":"ef_fire_sphere_main/ef_fire_sphere_main_00010"},{"time":4.3333,"name":"ef_fire_sphere_main/ef_fire_sphere_main_00011"},{"time":4.3666,"name":null}]},"ef_fire_sphere_main/ef_fire_sphere_main_1":{"attachment":[{"time":0.4333,"name":"ef_fire_sphere_main/ef_fire_sphere_main_00001"},{"time":0.4666,"name":"ef_fire_sphere_main/ef_fire_sphere_main_00002"},{"time":0.5,"name":"ef_fire_sphere_main/ef_fire_sphere_main_00003"},{"time":0.5333,"name":"ef_fire_sphere_main/ef_fire_sphere_main_00004"},{"time":0.5666,"name":"ef_fire_sphere_main/ef_fire_sphere_main_00005"},{"time":0.6,"name":"ef_fire_sphere_main/ef_fire_sphere_main_00006"},{"time":0.6333,"name":"ef_fire_sphere_main/ef_fire_sphere_main_00007"},{"time":0.6666,"name":"ef_fire_sphere_main/ef_fire_sphere_main_00008"},{"time":0.7,"name":"ef_fire_sphere_main/ef_fire_sphere_main_00009"},{"time":0.7333,"name":"ef_fire_sphere_main/ef_fire_sphere_main_00010"},{"time":0.7666,"name":"ef_fire_sphere_main/ef_fire_sphere_main_00011"},{"time":0.8,"name":null},{"time":0.8333,"name":"ef_fire_sphere_main/ef_fire_sphere_main_00001"},{"time":0.8666,"name":"ef_fire_sphere_main/ef_fire_sphere_main_00002"},{"time":0.9,"name":"ef_fire_sphere_main/ef_fire_sphere_main_00003"},{"time":0.9333,"name":"ef_fire_sphere_main/ef_fire_sphere_main_00004"},{"time":0.9666,"name":"ef_fire_sphere_main/ef_fire_sphere_main_00005"},{"time":1,"name":"ef_fire_sphere_main/ef_fire_sphere_main_00006"},{"time":1.0333,"name":"ef_fire_sphere_main/ef_fire_sphere_main_00007"},{"time":1.0666,"name":"ef_fire_sphere_main/ef_fire_sphere_main_00008"},{"time":1.1,"name":"ef_fire_sphere_main/ef_fire_sphere_main_00009"},{"time":1.1333,"name":"ef_fire_sphere_main/ef_fire_sphere_main_00010"},{"time":1.1666,"name":"ef_fire_sphere_main/ef_fire_sphere_main_00011"},{"time":1.2,"name":null},{"time":1.2333,"name":"ef_fire_sphere_main/ef_fire_sphere_main_00001"},{"time":1.2666,"name":"ef_fire_sphere_main/ef_fire_sphere_main_00002"},{"time":1.3,"name":"ef_fire_sphere_main/ef_fire_sphere_main_00003"},{"time":1.3333,"name":"ef_fire_sphere_main/ef_fire_sphere_main_00004"},{"time":1.3666,"name":"ef_fire_sphere_main/ef_fire_sphere_main_00005"},{"time":1.4,"name":"ef_fire_sphere_main/ef_fire_sphere_main_00006"},{"time":1.4333,"name":"ef_fire_sphere_main/ef_fire_sphere_main_00007"},{"time":1.4666,"name":"ef_fire_sphere_main/ef_fire_sphere_main_00008"},{"time":1.5,"name":"ef_fire_sphere_main/ef_fire_sphere_main_00009"},{"time":1.5333,"name":"ef_fire_sphere_main/ef_fire_sphere_main_00010"},{"time":1.5666,"name":"ef_fire_sphere_main/ef_fire_sphere_main_00011"},{"time":1.6,"name":null},{"time":1.6333,"name":"ef_fire_sphere_main/ef_fire_sphere_main_00001"},{"time":1.6666,"name":"ef_fire_sphere_main/ef_fire_sphere_main_00002"},{"time":1.7,"name":"ef_fire_sphere_main/ef_fire_sphere_main_00003"},{"time":1.7333,"name":"ef_fire_sphere_main/ef_fire_sphere_main_00004"},{"time":1.7666,"name":"ef_fire_sphere_main/ef_fire_sphere_main_00005"},{"time":1.8,"name":"ef_fire_sphere_main/ef_fire_sphere_main_00006"},{"time":1.8333,"name":"ef_fire_sphere_main/ef_fire_sphere_main_00007"},{"time":1.8666,"name":"ef_fire_sphere_main/ef_fire_sphere_main_00008"},{"time":1.9,"name":"ef_fire_sphere_main/ef_fire_sphere_main_00009"},{"time":1.9333,"name":"ef_fire_sphere_main/ef_fire_sphere_main_00010"},{"time":1.9666,"name":"ef_fire_sphere_main/ef_fire_sphere_main_00011"},{"time":2,"name":null},{"time":2.0333,"name":"ef_fire_sphere_main/ef_fire_sphere_main_00001"},{"time":2.0666,"name":"ef_fire_sphere_main/ef_fire_sphere_main_00002"},{"time":2.1,"name":"ef_fire_sphere_main/ef_fire_sphere_main_00003"},{"time":2.1333,"name":"ef_fire_sphere_main/ef_fire_sphere_main_00004"},{"time":2.1666,"name":"ef_fire_sphere_main/ef_fire_sphere_main_00005"},{"time":2.2,"name":"ef_fire_sphere_main/ef_fire_sphere_main_00006"},{"time":2.2333,"name":"ef_fire_sphere_main/ef_fire_sphere_main_00007"},{"time":2.2666,"name":"ef_fire_sphere_main/ef_fire_sphere_main_00008"},{"time":2.3,"name":"ef_fire_sphere_main/ef_fire_sphere_main_00009"},{"time":2.3333,"name":"ef_fire_sphere_main/ef_fire_sphere_main_00010"},{"time":2.3666,"name":"ef_fire_sphere_main/ef_fire_sphere_main_00011"},{"time":2.4,"name":null},{"time":3,"name":"ef_fire_sphere_main/ef_fire_sphere_main_00001"},{"time":3.0333,"name":"ef_fire_sphere_main/ef_fire_sphere_main_00002"},{"time":3.0666,"name":"ef_fire_sphere_main/ef_fire_sphere_main_00003"},{"time":3.1,"name":"ef_fire_sphere_main/ef_fire_sphere_main_00004"},{"time":3.1333,"name":"ef_fire_sphere_main/ef_fire_sphere_main_00005"},{"time":3.1666,"name":"ef_fire_sphere_main/ef_fire_sphere_main_00006"},{"time":3.2,"name":"ef_fire_sphere_main/ef_fire_sphere_main_00007"},{"time":3.2333,"name":"ef_fire_sphere_main/ef_fire_sphere_main_00008"},{"time":3.2666,"name":"ef_fire_sphere_main/ef_fire_sphere_main_00009"},{"time":3.3,"name":"ef_fire_sphere_main/ef_fire_sphere_main_00010"},{"time":3.3333,"name":"ef_fire_sphere_main/ef_fire_sphere_main_00011"},{"time":3.3666,"name":"ef_fire_sphere_main/ef_fire_sphere_main_00001"},{"time":3.4,"name":"ef_fire_sphere_main/ef_fire_sphere_main_00002"},{"time":3.4333,"name":"ef_fire_sphere_main/ef_fire_sphere_main_00003"},{"time":3.4666,"name":"ef_fire_sphere_main/ef_fire_sphere_main_00004"},{"time":3.5,"name":"ef_fire_sphere_main/ef_fire_sphere_main_00005"},{"time":3.5333,"name":"ef_fire_sphere_main/ef_fire_sphere_main_00006"},{"time":3.5666,"name":"ef_fire_sphere_main/ef_fire_sphere_main_00007"},{"time":3.6,"name":"ef_fire_sphere_main/ef_fire_sphere_main_00008"},{"time":3.6333,"name":"ef_fire_sphere_main/ef_fire_sphere_main_00009"},{"time":3.6666,"name":"ef_fire_sphere_main/ef_fire_sphere_main_00010"},{"time":3.7,"name":"ef_fire_sphere_main/ef_fire_sphere_main_00011"},{"time":3.7333,"name":"ef_fire_sphere_main/ef_fire_sphere_main_00001"},{"time":3.7666,"name":"ef_fire_sphere_main/ef_fire_sphere_main_00002"},{"time":3.8,"name":"ef_fire_sphere_main/ef_fire_sphere_main_00003"},{"time":3.8333,"name":"ef_fire_sphere_main/ef_fire_sphere_main_00004"},{"time":3.8666,"name":"ef_fire_sphere_main/ef_fire_sphere_main_00005"},{"time":3.9,"name":"ef_fire_sphere_main/ef_fire_sphere_main_00006"},{"time":3.9333,"name":"ef_fire_sphere_main/ef_fire_sphere_main_00007"},{"time":3.9666,"name":"ef_fire_sphere_main/ef_fire_sphere_main_00008"},{"time":4,"name":"ef_fire_sphere_main/ef_fire_sphere_main_00009"},{"time":4.0333,"name":"ef_fire_sphere_main/ef_fire_sphere_main_00010"},{"time":4.0666,"name":"ef_fire_sphere_main/ef_fire_sphere_main_00011"},{"time":4.1,"name":"ef_fire_sphere_main/ef_fire_sphere_main_00001"},{"time":4.1333,"name":"ef_fire_sphere_main/ef_fire_sphere_main_00002"},{"time":4.1666,"name":"ef_fire_sphere_main/ef_fire_sphere_main_00003"},{"time":4.2,"name":"ef_fire_sphere_main/ef_fire_sphere_main_00004"},{"time":4.2333,"name":"ef_fire_sphere_main/ef_fire_sphere_main_00005"},{"time":4.2666,"name":"ef_fire_sphere_main/ef_fire_sphere_main_00006"},{"time":4.3,"name":"ef_fire_sphere_main/ef_fire_sphere_main_00007"},{"time":4.3333,"name":"ef_fire_sphere_main/ef_fire_sphere_main_00008"},{"time":4.3666,"name":"ef_fire_sphere_main/ef_fire_sphere_main_00009"},{"time":4.4,"name":"ef_fire_sphere_main/ef_fire_sphere_main_00010"},{"time":4.4333,"name":"ef_fire_sphere_main/ef_fire_sphere_main_00011"},{"time":4.4666,"name":null}],"color":[{"time":4.2,"color":"ffffffff"},{"time":4.4666,"color":"ffffff00"}]},"ef_fire_sphere_main/ef_fire_sphere_main_2":{"attachment":[{"time":3.1333,"name":"ef_fire_sphere_main/ef_fire_sphere_main_00001"},{"time":3.1666,"name":"ef_fire_sphere_main/ef_fire_sphere_main_00002"},{"time":3.2,"name":"ef_fire_sphere_main/ef_fire_sphere_main_00003"},{"time":3.2333,"name":"ef_fire_sphere_main/ef_fire_sphere_main_00004"},{"time":3.2666,"name":"ef_fire_sphere_main/ef_fire_sphere_main_00005"},{"time":3.3,"name":"ef_fire_sphere_main/ef_fire_sphere_main_00006"},{"time":3.3333,"name":"ef_fire_sphere_main/ef_fire_sphere_main_00007"},{"time":3.3666,"name":"ef_fire_sphere_main/ef_fire_sphere_main_00008"},{"time":3.4,"name":"ef_fire_sphere_main/ef_fire_sphere_main_00009"},{"time":3.4333,"name":"ef_fire_sphere_main/ef_fire_sphere_main_00010"},{"time":3.4666,"name":"ef_fire_sphere_main/ef_fire_sphere_main_00011"},{"time":3.5,"name":"ef_fire_sphere_main/ef_fire_sphere_main_00001"},{"time":3.5333,"name":"ef_fire_sphere_main/ef_fire_sphere_main_00002"},{"time":3.5666,"name":"ef_fire_sphere_main/ef_fire_sphere_main_00003"},{"time":3.6,"name":"ef_fire_sphere_main/ef_fire_sphere_main_00004"},{"time":3.6333,"name":"ef_fire_sphere_main/ef_fire_sphere_main_00005"},{"time":3.6666,"name":"ef_fire_sphere_main/ef_fire_sphere_main_00006"},{"time":3.7,"name":"ef_fire_sphere_main/ef_fire_sphere_main_00007"},{"time":3.7333,"name":"ef_fire_sphere_main/ef_fire_sphere_main_00008"},{"time":3.7666,"name":"ef_fire_sphere_main/ef_fire_sphere_main_00009"},{"time":3.8,"name":"ef_fire_sphere_main/ef_fire_sphere_main_00010"},{"time":3.8333,"name":"ef_fire_sphere_main/ef_fire_sphere_main_00011"},{"time":3.8666,"name":"ef_fire_sphere_main/ef_fire_sphere_main_00001"},{"time":3.9,"name":"ef_fire_sphere_main/ef_fire_sphere_main_00002"},{"time":3.9333,"name":"ef_fire_sphere_main/ef_fire_sphere_main_00003"},{"time":3.9666,"name":"ef_fire_sphere_main/ef_fire_sphere_main_00004"},{"time":4,"name":"ef_fire_sphere_main/ef_fire_sphere_main_00005"},{"time":4.0333,"name":"ef_fire_sphere_main/ef_fire_sphere_main_00006"},{"time":4.0666,"name":"ef_fire_sphere_main/ef_fire_sphere_main_00007"},{"time":4.1,"name":"ef_fire_sphere_main/ef_fire_sphere_main_00008"},{"time":4.1333,"name":"ef_fire_sphere_main/ef_fire_sphere_main_00009"},{"time":4.1666,"name":"ef_fire_sphere_main/ef_fire_sphere_main_00010"},{"time":4.2,"name":"ef_fire_sphere_main/ef_fire_sphere_main_00011"},{"time":4.2333,"name":null}]},"ef_graund_rock_main/ef_graund_rock_main_00001":{"attachment":[{"time":2.9666,"name":"ef_graund_rock_main/ef_graund_rock_main_00001"},{"time":3.0333,"name":"ef_graund_rock_main/ef_graund_rock_main_00002"},{"time":3.0666,"name":"ef_graund_rock_main/ef_graund_rock_main_00003"},{"time":3.1,"name":"ef_graund_rock_main/ef_graund_rock_main_00004"},{"time":3.1333,"name":"ef_graund_rock_main/ef_graund_rock_main_00005"},{"time":3.1666,"name":"ef_graund_rock_main/ef_graund_rock_main_00006"},{"time":3.2,"name":"ef_graund_rock_main/ef_graund_rock_main_00007"},{"time":3.2333,"name":"ef_graund_rock_main/ef_graund_rock_main_00008"},{"time":3.2666,"name":"ef_graund_rock_main/ef_graund_rock_main_00009"},{"time":3.3,"name":"ef_graund_rock_main/ef_graund_rock_main_00010"},{"time":3.3333,"name":"ef_graund_rock_main/ef_graund_rock_main_00011"},{"time":3.3666,"name":"ef_graund_rock_main/ef_graund_rock_main_00012"},{"time":3.4,"name":"ef_graund_rock_main/ef_graund_rock_main_00013"},{"time":3.4333,"name":"ef_graund_rock_main/ef_graund_rock_main_00014"},{"time":3.4666,"name":"ef_graund_rock_main/ef_graund_rock_main_00015"},{"time":3.5,"name":"ef_graund_rock_main/ef_graund_rock_main_00016"},{"time":3.5333,"name":"ef_graund_rock_main/ef_graund_rock_main_00017"},{"time":3.5666,"name":"ef_graund_rock_main/ef_graund_rock_main_00018"},{"time":3.6,"name":"ef_graund_rock_main/ef_graund_rock_main_00019"},{"time":3.6333,"name":"ef_graund_rock_main/ef_graund_rock_main_00020"},{"time":3.6666,"name":"ef_graund_rock_main/ef_graund_rock_main_00021"},{"time":3.7,"name":"ef_graund_rock_main/ef_graund_rock_main_00022"},{"time":3.7333,"name":"ef_graund_rock_main/ef_graund_rock_main_00023"},{"time":3.7666,"name":"ef_graund_rock_main/ef_graund_rock_main_00024"},{"time":3.8,"name":"ef_graund_rock_main/ef_graund_rock_main_00025"},{"time":3.8333,"name":"ef_graund_rock_main/ef_graund_rock_main_00026"},{"time":3.8666,"name":"ef_graund_rock_main/ef_graund_rock_main_00027"},{"time":3.9,"name":"ef_graund_rock_main/ef_graund_rock_main_00028"},{"time":3.9333,"name":"ef_graund_rock_main/ef_graund_rock_main_00029"},{"time":3.9666,"name":null}]},"ef_wing_main/ef_wing_main_00002":{"attachment":[{"time":0.3333,"name":"ef_wing_main/ef_wing_main_00002"},{"time":0.3666,"name":"ef_wing_main/ef_wing_main_00003"},{"time":0.4,"name":"ef_wing_main/ef_wing_main_00004"},{"time":0.4333,"name":"ef_wing_main/ef_wing_main_00005"},{"time":0.4666,"name":"ef_wing_main/ef_wing_main_00006"},{"time":0.5,"name":"ef_wing_main/ef_wing_main_00007"},{"time":0.5333,"name":"ef_wing_main/ef_wing_main_00008"},{"time":0.5666,"name":"ef_wing_main/ef_wing_main_00009"},{"time":0.6,"name":"ef_wing_main/ef_wing_main_00010"},{"time":0.6333,"name":"ef_wing_main/ef_wing_main_00011"},{"time":0.6666,"name":"ef_wing_main/ef_wing_main_00012"},{"time":0.7,"name":"ef_wing_main/ef_wing_main_00013"},{"time":0.7333,"name":"ef_wing_main/ef_wing_main_00014"},{"time":0.7666,"name":"ef_wing_main/ef_wing_main_00015"},{"time":0.8,"name":"ef_wing_main/ef_wing_main_00016"},{"time":0.8333,"name":"ef_wing_main/ef_wing_main_00017"},{"time":0.8666,"name":"ef_wing_main/ef_wing_main_00018"},{"time":0.9,"name":"ef_wing_main/ef_wing_main_00019"},{"time":0.9333,"name":"ef_wing_main/ef_wing_main_00020"},{"time":0.9666,"name":"ef_wing_main/ef_wing_main_00021"},{"time":1,"name":"ef_wing_main/ef_wing_main_00022"},{"time":1.0333,"name":"ef_wing_main/ef_wing_main_00023"},{"time":1.1,"name":"ef_wing_main/ef_wing_main_00024"},{"time":1.1333,"name":"ef_wing_main/ef_wing_main_00025"},{"time":1.1666,"name":"ef_wing_main/ef_wing_main_00026"},{"time":1.2,"name":"ef_wing_main/ef_wing_main_00027"},{"time":1.2333,"name":"ef_wing_main/ef_wing_main_00028"},{"time":1.2666,"name":"ef_wing_main/ef_wing_main_00029"},{"time":1.3,"name":"ef_wing_main/ef_wing_main_00030"},{"time":1.3666,"name":null}]},"ef_wing_main/ef_wing_main_2":{"attachment":[{"time":0.3666,"name":"ef_wing_main/ef_wing_main_00002"},{"time":0.4,"name":"ef_wing_main/ef_wing_main_00003"},{"time":0.4333,"name":"ef_wing_main/ef_wing_main_00004"},{"time":0.4666,"name":"ef_wing_main/ef_wing_main_00005"},{"time":0.5,"name":"ef_wing_main/ef_wing_main_00006"},{"time":0.5333,"name":"ef_wing_main/ef_wing_main_00007"},{"time":0.5666,"name":"ef_wing_main/ef_wing_main_00008"},{"time":0.6,"name":"ef_wing_main/ef_wing_main_00009"},{"time":0.6333,"name":"ef_wing_main/ef_wing_main_00010"},{"time":0.6666,"name":"ef_wing_main/ef_wing_main_00011"},{"time":0.7,"name":"ef_wing_main/ef_wing_main_00012"},{"time":0.7333,"name":"ef_wing_main/ef_wing_main_00013"},{"time":0.7666,"name":"ef_wing_main/ef_wing_main_00014"},{"time":0.8,"name":"ef_wing_main/ef_wing_main_00015"},{"time":0.8333,"name":"ef_wing_main/ef_wing_main_00016"},{"time":0.8666,"name":"ef_wing_main/ef_wing_main_00017"},{"time":0.9,"name":"ef_wing_main/ef_wing_main_00018"},{"time":0.9333,"name":"ef_wing_main/ef_wing_main_00019"},{"time":0.9666,"name":"ef_wing_main/ef_wing_main_00020"},{"time":1,"name":"ef_wing_main/ef_wing_main_00021"},{"time":1.0333,"name":"ef_wing_main/ef_wing_main_00022"},{"time":1.0666,"name":"ef_wing_main/ef_wing_main_00023"},{"time":1.1333,"name":"ef_wing_main/ef_wing_main_00024"},{"time":1.1666,"name":"ef_wing_main/ef_wing_main_00025"},{"time":1.2,"name":"ef_wing_main/ef_wing_main_00026"},{"time":1.2333,"name":"ef_wing_main/ef_wing_main_00027"},{"time":1.2666,"name":"ef_wing_main/ef_wing_main_00028"},{"time":1.3,"name":"ef_wing_main/ef_wing_main_00029"},{"time":1.3333,"name":"ef_wing_main/ef_wing_main_00030"},{"time":1.4,"name":null}]}},"bones":{"690_S1_dusty1":{"translate":[{"time":0.3333,"x":0,"y":36.93,"curve":"stepped"},{"time":2.9,"x":-203.62,"y":36.93,"curve":"stepped"},{"time":3.5666,"x":-203.62,"y":36.93}],"scale":[{"time":0.3333,"x":3.546,"y":4.138},{"time":0.7,"x":4.5,"y":4},{"time":1,"x":4.803,"y":4.269,"curve":"stepped"},{"time":2.9,"x":4.803,"y":4.269},{"time":3.1333,"x":5,"y":4},{"time":3.2333,"x":6.876,"y":5.501,"curve":"stepped"},{"time":3.5666,"x":6.876,"y":5.501}]},"ef_wing_main":{"rotate":[{"time":0.3333,"angle":90},{"time":1.3333,"angle":100.96}],"translate":[{"time":0.3333,"x":-66.42,"y":257.72,"curve":[0.186,0.35,0.75,1]},{"time":1.3333,"x":-73.43,"y":416.26}],"scale":[{"time":0.3333,"x":2,"y":2,"curve":[0.186,0.35,0.75,1]},{"time":1.3333,"x":2.634,"y":3.115}]},"ef_wing_main2":{"rotate":[{"time":0.3666,"angle":90}],"translate":[{"time":0.3666,"x":62.65,"y":246.49,"curve":[0.186,0.35,0.75,1]},{"time":1.3666,"x":82.29,"y":543.93}],"scale":[{"time":0.3666,"x":2,"y":-2,"curve":[0.186,0.35,0.75,1]},{"time":1.3666,"x":2.524,"y":-4.214}]},"020_wind2":{"translate":[{"time":0.3333,"x":17.65,"y":198.91,"curve":"stepped"},{"time":2.9666,"x":-163.83,"y":-6.82}],"scale":[{"time":0.3333,"x":7.26,"y":8.692,"curve":"stepped"},{"time":2,"x":10.181,"y":12.189,"curve":"stepped"},{"time":2.9666,"x":8.095,"y":5.776}]},"ef_fire_sphere_main":{"rotate":[{"time":0.3333,"angle":25.08,"curve":"stepped"},{"time":0.7333,"angle":25.08,"curve":"stepped"},{"time":1.1333,"angle":25.08,"curve":"stepped"},{"time":1.5333,"angle":2.73,"curve":"stepped"},{"time":1.9333,"angle":-20.86}],"translate":[{"time":0.3333,"x":-25.36,"y":197.65,"curve":"stepped"},{"time":0.7333,"x":-25.36,"y":197.65,"curve":"stepped"},{"time":1.1333,"x":-25.36,"y":256.95,"curve":"stepped"},{"time":1.5333,"x":-45.74,"y":296,"curve":"stepped"},{"time":1.9333,"x":4.34,"y":308.11,"curve":"stepped"},{"time":2.9,"x":-253.3,"y":209.28},{"time":3.1333,"x":-300.01,"y":315.16,"curve":"stepped"},{"time":3.2666,"x":-28.21,"y":209.28},{"time":3.5,"x":-28.21,"y":358.83,"curve":"stepped"},{"time":3.6333,"x":18.03,"y":209.28},{"time":3.8666,"x":51.95,"y":303.33,"curve":"stepped"},{"time":4,"x":18.03,"y":209.28},{"time":4.2333,"x":122.86,"y":354.2}],"scale":[{"time":0.3333,"x":3,"y":3,"curve":"stepped"},{"time":0.7333,"x":2,"y":2,"curve":"stepped"},{"time":1.1333,"x":3,"y":3,"curve":"stepped"},{"time":1.5333,"x":4,"y":4,"curve":"stepped"},{"time":2.9,"x":5.166,"y":5.166},{"time":3.1333,"x":7.292,"y":7.292,"curve":"stepped"},{"time":3.2666,"x":-5.17,"y":5.166},{"time":3.5,"x":-7.29,"y":7.292,"curve":"stepped"},{"time":3.6333,"x":-5.17,"y":5.166},{"time":3.8666,"x":-9.2,"y":7.292,"curve":"stepped"},{"time":4,"x":-4.293,"y":4.29},{"time":4.2333,"x":-7.498,"y":4.475}]},"690_S1_dusty2":{"translate":[{"time":3.2333,"x":-203.62,"y":36.93,"curve":"stepped"},{"time":3.9,"x":-203.62,"y":36.93}],"scale":[{"time":3.2333,"x":6.876,"y":5.501,"curve":"stepped"},{"time":3.9,"x":6.876,"y":5.501}]},"ef_graund_rock_main":{"translate":[{"time":2.9666,"x":-243.75,"y":136.96},{"time":3.2,"x":-243.75,"y":444.62}],"scale":[{"time":2.9666,"x":3.809,"y":2.162},{"time":3.2,"x":6.577,"y":6.577},{"time":3.4666,"x":8.249,"y":6.577}]},"ef_wind2":{"scale":[{"time":2.9,"x":2,"y":1.333}]},"ef_fire_sphere_main2":{"rotate":[{"time":0.4333,"angle":-20.11,"curve":"stepped"},{"time":0.8333,"angle":-20.11,"curve":"stepped"},{"time":1.2333,"angle":-20.11,"curve":"stepped"},{"time":1.6333,"angle":-8.44,"curve":"stepped"},{"time":2.0333,"angle":-53.25}],"translate":[{"time":0.4333,"x":40,"y":191.47,"curve":"stepped"},{"time":0.8333,"x":40,"y":191.47,"curve":"stepped"},{"time":1.2333,"x":40,"y":268.85,"curve":"stepped"},{"time":1.6333,"x":67.17,"y":292.62,"curve":"stepped"},{"time":2.0333,"x":150.2,"y":235.06,"curve":"stepped"},{"time":3,"x":-111.27,"y":207.25},{"time":3.1333,"x":-111.27,"y":333.83,"curve":"stepped"},{"time":3.3666,"x":-442.74,"y":235},{"time":3.5,"x":-442.74,"y":299.76,"curve":"stepped"},{"time":3.7333,"x":-359.49,"y":264.3},{"time":3.8666,"x":-359.49,"y":333.67,"curve":"stepped"},{"time":4.1,"x":-398.03,"y":245.8},{"time":4.2333,"x":-438.12,"y":256.59}],"scale":[{"time":0.4333,"x":-2.5,"y":2.5,"curve":"stepped"},{"time":0.8333,"x":-1.5,"y":1.5,"curve":"stepped"},{"time":1.2333,"x":-2.5,"y":2.5,"curve":"stepped"},{"time":1.6333,"x":-3,"y":3,"curve":"stepped"},{"time":3,"x":-6.336,"y":5.137},{"time":3.1333,"x":-9.512,"y":8.414,"curve":"stepped"},{"time":3.3666,"x":6.34,"y":5.137},{"time":3.5,"x":9.51,"y":8.414,"curve":"stepped"},{"time":3.7333,"x":6.34,"y":5.137},{"time":3.8666,"x":11.269,"y":8.414,"curve":"stepped"},{"time":4.1,"x":5.558,"y":4.503},{"time":4.2333,"x":8.348,"y":4.954}]},"ef_fire_sphere_main3":{"translate":[{"time":3.1333,"x":-359.17,"y":340.43},{"time":3.3666,"x":-359.17,"y":465.26,"curve":"stepped"},{"time":3.5,"x":-166.45,"y":340.43},{"time":3.7333,"x":-166.45,"y":465.31,"curve":"stepped"},{"time":3.8666,"x":-129.45,"y":340.43},{"time":4.1,"x":-129.45,"y":513.1}],"scale":[{"time":3.1333,"x":6.655,"y":6.655},{"time":3.3666,"x":12.9,"y":12.9,"curve":"stepped"},{"time":3.5,"x":-6.66,"y":6.655},{"time":3.7333,"x":-12.9,"y":12.9,"curve":"stepped"},{"time":3.8666,"x":-6.66,"y":6.655},{"time":4.1,"x":-10.712,"y":12.9}]}}},"enpty":{}}}