{"skeleton":{"hash":"PDbLPhAfj2pLYCrJGk3PiOWH+Dc","spine":"3.0.12","width":0,"height":0,"images":""},"bones":[{"name":"root"},{"name":"EF/s1_fire2","parent":"root"},{"name":"EF/s1_fire1","parent":"root","color":"9b9b9b00"}],"slots":[{"name":"images/EF/750_S1_fire1/750_S1_fire1_00001","bone":"EF/s1_fire1","blend":"additive"},{"name":"images/EF/750_S1_fire2/750_S1_fire2_00000","bone":"EF/s1_fire2","blend":"additive"}],"skins":{"default":{"images/EF/750_S1_fire1/750_S1_fire1_00001":{"images/EF/750_S1_fire1/750_S1_fire1_00001":{"width":360,"height":360},"images/EF/750_S1_fire1/750_S1_fire1_00002":{"width":360,"height":360},"images/EF/750_S1_fire1/750_S1_fire1_00003":{"width":360,"height":360},"images/EF/750_S1_fire1/750_S1_fire1_00004":{"width":360,"height":360},"images/EF/750_S1_fire1/750_S1_fire1_00005":{"width":360,"height":360},"images/EF/750_S1_fire1/750_S1_fire1_00006":{"width":360,"height":360},"images/EF/750_S1_fire1/750_S1_fire1_00007":{"width":360,"height":360},"images/EF/750_S1_fire1/750_S1_fire1_00008":{"width":360,"height":360},"images/EF/750_S1_fire1/750_S1_fire1_00009":{"width":360,"height":360},"images/EF/750_S1_fire1/750_S1_fire1_00010":{"width":360,"height":360},"images/EF/750_S1_fire1/750_S1_fire1_00011":{"width":360,"height":360},"images/EF/750_S1_fire1/750_S1_fire1_00012":{"width":360,"height":360},"images/EF/750_S1_fire1/750_S1_fire1_00013":{"width":360,"height":360}},"images/EF/750_S1_fire2/750_S1_fire2_00000":{"images/EF/750_S1_fire2/750_S1_fire2_00000":{"width":360,"height":360},"images/EF/750_S1_fire2/750_S1_fire2_00001":{"width":360,"height":360},"images/EF/750_S1_fire2/750_S1_fire2_00002":{"width":360,"height":360},"images/EF/750_S1_fire2/750_S1_fire2_00003":{"width":360,"height":360},"images/EF/750_S1_fire2/750_S1_fire2_00004":{"width":360,"height":360},"images/EF/750_S1_fire2/750_S1_fire2_00005":{"width":360,"height":360},"images/EF/750_S1_fire2/750_S1_fire2_00006":{"width":360,"height":360},"images/EF/750_S1_fire2/750_S1_fire2_00007":{"width":360,"height":360},"images/EF/750_S1_fire2/750_S1_fire2_00008":{"width":360,"height":360},"images/EF/750_S1_fire2/750_S1_fire2_00009":{"width":360,"height":360},"images/EF/750_S1_fire2/750_S1_fire2_00010":{"width":360,"height":360},"images/EF/750_S1_fire2/750_S1_fire2_00011":{"width":360,"height":360},"images/EF/750_S1_fire2/750_S1_fire2_00012":{"width":360,"height":360}}}},"animations":{"1-attack1":{},"1-skill1":{"slots":{"images/EF/750_S1_fire1/750_S1_fire1_00001":{"attachment":[{"time":0,"name":null},{"time":0.6666,"name":"images/EF/750_S1_fire1/750_S1_fire1_00001"},{"time":0.7,"name":"images/EF/750_S1_fire1/750_S1_fire1_00002"},{"time":0.7333,"name":"images/EF/750_S1_fire1/750_S1_fire1_00003"},{"time":0.7666,"name":"images/EF/750_S1_fire1/750_S1_fire1_00004"},{"time":0.8,"name":"images/EF/750_S1_fire1/750_S1_fire1_00005"},{"time":0.8333,"name":"images/EF/750_S1_fire1/750_S1_fire1_00006"},{"time":0.8666,"name":"images/EF/750_S1_fire1/750_S1_fire1_00007"},{"time":0.9,"name":"images/EF/750_S1_fire1/750_S1_fire1_00008"},{"time":0.9333,"name":"images/EF/750_S1_fire1/750_S1_fire1_00009"},{"time":0.9666,"name":"images/EF/750_S1_fire1/750_S1_fire1_00010"},{"time":1,"name":"images/EF/750_S1_fire1/750_S1_fire1_00011"},{"time":1.0333,"name":"images/EF/750_S1_fire1/750_S1_fire1_00012"},{"time":1.0666,"name":"images/EF/750_S1_fire1/750_S1_fire1_00013"},{"time":1.1,"name":null}],"color":[{"time":0,"color":"ffffff64"},{"time":1,"color":"ffffffff"},{"time":1.0666,"color":"ffffff64"}]},"images/EF/750_S1_fire2/750_S1_fire2_00000":{"attachment":[{"time":0,"name":null},{"time":0.7666,"name":"images/EF/750_S1_fire2/750_S1_fire2_00001"},{"time":0.8,"name":"images/EF/750_S1_fire2/750_S1_fire2_00002"},{"time":0.8333,"name":"images/EF/750_S1_fire2/750_S1_fire2_00003"},{"time":0.8666,"name":"images/EF/750_S1_fire2/750_S1_fire2_00004"},{"time":0.9,"name":"images/EF/750_S1_fire2/750_S1_fire2_00005"},{"time":0.9333,"name":"images/EF/750_S1_fire2/750_S1_fire2_00006"},{"time":0.9666,"name":"images/EF/750_S1_fire2/750_S1_fire2_00007"},{"time":1,"name":"images/EF/750_S1_fire2/750_S1_fire2_00008"},{"time":1.0333,"name":"images/EF/750_S1_fire2/750_S1_fire2_00009"},{"time":1.0666,"name":"images/EF/750_S1_fire2/750_S1_fire2_00010"},{"time":1.1,"name":"images/EF/750_S1_fire2/750_S1_fire2_00011"},{"time":1.1333,"name":"images/EF/750_S1_fire2/750_S1_fire2_00012"},{"time":1.1666,"name":null}]}},"bones":{"EF/s1_fire1":{"rotate":[{"time":0,"angle":29.68,"curve":"stepped"},{"time":0.6666,"angle":40.38,"curve":"stepped"},{"time":0.7333,"angle":38.72,"curve":"stepped"},{"time":0.7666,"angle":36.64,"curve":"stepped"},{"time":0.8,"angle":34.31,"curve":"stepped"},{"time":0.8333,"angle":32.44,"curve":"stepped"},{"time":0.8666,"angle":29.8,"curve":"stepped"},{"time":0.9,"angle":28.39,"curve":"stepped"},{"time":0.9333,"angle":30.29,"curve":"stepped"},{"time":0.9666,"angle":27.8,"curve":"stepped"},{"time":1,"angle":25.27,"curve":"stepped"},{"time":1.0333,"angle":18.04,"curve":"stepped"},{"time":1.0666,"angle":29.68}],"translate":[{"time":0,"x":-311.46,"y":45.07,"curve":"stepped"},{"time":0.6666,"x":-115.52,"y":111.55,"curve":"stepped"},{"time":0.7,"x":-125.76,"y":108.21,"curve":"stepped"},{"time":0.7333,"x":-131.69,"y":103.34,"curve":"stepped"},{"time":0.7666,"x":-138.22,"y":100.95,"curve":"stepped"},{"time":0.8,"x":-141.2,"y":99.76,"curve":"stepped"},{"time":0.8333,"x":-143.98,"y":93.41,"curve":"stepped"},{"time":0.8666,"x":-164.23,"y":86.92,"curve":"stepped"},{"time":0.9,"x":-182.06,"y":75.17,"curve":"stepped"},{"time":0.9333,"x":-201.41,"y":66.21,"curve":"stepped"},{"time":0.9666,"x":-223.73,"y":58.26,"curve":"stepped"},{"time":1,"x":-255.96,"y":49.92,"curve":"stepped"},{"time":1.0333,"x":-282.52,"y":38.09,"curve":"stepped"},{"time":1.0666,"x":-311.46,"y":45.07}]},"EF/s1_fire2":{"rotate":[{"time":0,"angle":18.15,"curve":"stepped"},{"time":0.7666,"angle":37.45,"curve":"stepped"},{"time":0.8,"angle":21.69,"curve":"stepped"},{"time":1.0333,"angle":9.39,"curve":"stepped"},{"time":1.0666,"angle":18.15}],"translate":[{"time":0,"x":-326.59,"y":24.17,"curve":"stepped"},{"time":0.7666,"x":-210.59,"y":72.88,"curve":"stepped"},{"time":0.8,"x":-228,"y":74.8,"curve":"stepped"},{"time":0.8333,"x":-261.92,"y":59.93,"curve":"stepped"},{"time":0.8666,"x":-285.92,"y":23.07,"curve":"stepped"},{"time":0.9,"x":-298.49,"y":21.58,"curve":"stepped"},{"time":0.9333,"x":-299.05,"y":15.98,"curve":"stepped"},{"time":0.9666,"x":-311.87,"y":11.43,"curve":"stepped"},{"time":1,"x":-345.3,"y":10.39,"curve":"stepped"},{"time":1.0333,"x":-312.69,"y":3.35,"curve":"stepped"},{"time":1.0666,"x":-326.59,"y":24.17}],"scale":[{"time":0,"x":1.7,"y":1.7,"curve":"stepped"},{"time":0.7666,"x":0.8,"y":0.8,"curve":"stepped"},{"time":0.8,"x":1,"y":1,"curve":"stepped"},{"time":1.0333,"x":1.5,"y":1.5,"curve":"stepped"},{"time":1.0666,"x":1.7,"y":1.7}]}}},"1-skill2":{"slots":{"images/EF/750_S1_fire1/750_S1_fire1_00001":{"attachment":[{"time":1.4,"name":"images/EF/750_S1_fire1/750_S1_fire1_00001"},{"time":1.4333,"name":"images/EF/750_S1_fire1/750_S1_fire1_00003"},{"time":1.4666,"name":"images/EF/750_S1_fire1/750_S1_fire1_00004"},{"time":1.5,"name":"images/EF/750_S1_fire1/750_S1_fire1_00005"},{"time":1.5333,"name":"images/EF/750_S1_fire1/750_S1_fire1_00006"},{"time":1.5666,"name":"images/EF/750_S1_fire1/750_S1_fire1_00007"},{"time":1.6,"name":"images/EF/750_S1_fire1/750_S1_fire1_00008"},{"time":1.6333,"name":"images/EF/750_S1_fire1/750_S1_fire1_00009"},{"time":1.6666,"name":"images/EF/750_S1_fire1/750_S1_fire1_00010"},{"time":1.7,"name":"images/EF/750_S1_fire1/750_S1_fire1_00011"},{"time":1.7333,"name":"images/EF/750_S1_fire1/750_S1_fire1_00007"},{"time":1.7666,"name":"images/EF/750_S1_fire1/750_S1_fire1_00008"},{"time":1.8,"name":"images/EF/750_S1_fire1/750_S1_fire1_00009"},{"time":1.8333,"name":"images/EF/750_S1_fire1/750_S1_fire1_00010"},{"time":1.8666,"name":"images/EF/750_S1_fire1/750_S1_fire1_00011"},{"time":1.9,"name":"images/EF/750_S1_fire1/750_S1_fire1_00007"},{"time":1.9333,"name":"images/EF/750_S1_fire1/750_S1_fire1_00008"},{"time":1.9666,"name":"images/EF/750_S1_fire1/750_S1_fire1_00009"},{"time":2,"name":"images/EF/750_S1_fire1/750_S1_fire1_00010"},{"time":2.0333,"name":"images/EF/750_S1_fire1/750_S1_fire1_00011"},{"time":2.0666,"name":"images/EF/750_S1_fire1/750_S1_fire1_00007"},{"time":2.1,"name":"images/EF/750_S1_fire1/750_S1_fire1_00008"},{"time":2.1333,"name":"images/EF/750_S1_fire1/750_S1_fire1_00009"},{"time":2.1666,"name":"images/EF/750_S1_fire1/750_S1_fire1_00010"},{"time":2.2,"name":"images/EF/750_S1_fire1/750_S1_fire1_00011"},{"time":2.2333,"name":"images/EF/750_S1_fire1/750_S1_fire1_00012"},{"time":2.2666,"name":"images/EF/750_S1_fire1/750_S1_fire1_00013"},{"time":2.3,"name":null}],"color":[{"time":2.2,"color":"ffffffff"},{"time":2.2666,"color":"ffffff64"}]},"images/EF/750_S1_fire2/750_S1_fire2_00000":{"attachment":[{"time":1.5666,"name":"images/EF/750_S1_fire2/750_S1_fire2_00000"},{"time":1.6,"name":"images/EF/750_S1_fire2/750_S1_fire2_00001"},{"time":1.6333,"name":"images/EF/750_S1_fire2/750_S1_fire2_00002"},{"time":1.6666,"name":"images/EF/750_S1_fire2/750_S1_fire2_00003"},{"time":1.7,"name":"images/EF/750_S1_fire2/750_S1_fire2_00003"},{"time":1.7333,"name":"images/EF/750_S1_fire2/750_S1_fire2_00005"},{"time":1.7666,"name":"images/EF/750_S1_fire2/750_S1_fire2_00006"},{"time":1.8,"name":"images/EF/750_S1_fire2/750_S1_fire2_00002"},{"time":1.8333,"name":"images/EF/750_S1_fire2/750_S1_fire2_00003"},{"time":1.8666,"name":"images/EF/750_S1_fire2/750_S1_fire2_00004"},{"time":1.9,"name":"images/EF/750_S1_fire2/750_S1_fire2_00005"},{"time":1.9333,"name":"images/EF/750_S1_fire2/750_S1_fire2_00006"},{"time":1.9666,"name":"images/EF/750_S1_fire2/750_S1_fire2_00002"},{"time":2,"name":"images/EF/750_S1_fire2/750_S1_fire2_00003"},{"time":2.0333,"name":"images/EF/750_S1_fire2/750_S1_fire2_00004"},{"time":2.0666,"name":"images/EF/750_S1_fire2/750_S1_fire2_00005"},{"time":2.1,"name":"images/EF/750_S1_fire2/750_S1_fire2_00006"},{"time":2.1333,"name":"images/EF/750_S1_fire2/750_S1_fire2_00002"},{"time":2.1666,"name":"images/EF/750_S1_fire2/750_S1_fire2_00003"},{"time":2.2,"name":"images/EF/750_S1_fire2/750_S1_fire2_00004"},{"time":2.2333,"name":"images/EF/750_S1_fire2/750_S1_fire2_00005"},{"time":2.2666,"name":"images/EF/750_S1_fire2/750_S1_fire2_00006"},{"time":2.3,"name":"images/EF/750_S1_fire2/750_S1_fire2_00007"},{"time":2.3333,"name":"images/EF/750_S1_fire2/750_S1_fire2_00008"},{"time":2.3666,"name":"images/EF/750_S1_fire2/750_S1_fire2_00009"},{"time":2.4,"name":"images/EF/750_S1_fire2/750_S1_fire2_00010"},{"time":2.4333,"name":"images/EF/750_S1_fire2/750_S1_fire2_00011"},{"time":2.4666,"name":"images/EF/750_S1_fire2/750_S1_fire2_00012"},{"time":2.5,"name":null}]}},"bones":{"EF/s1_fire1":{"rotate":[{"time":1.4,"angle":38.06,"curve":"stepped"},{"time":1.5666,"angle":38.06,"curve":"stepped"},{"time":1.6333,"angle":31.29,"curve":"stepped"},{"time":1.6666,"angle":28.18,"curve":"stepped"},{"time":1.7,"angle":21.04,"curve":"stepped"},{"time":1.7333,"angle":38.06,"curve":"stepped"},{"time":1.8,"angle":31.29,"curve":"stepped"},{"time":1.8333,"angle":28.18,"curve":"stepped"},{"time":1.8666,"angle":21.04,"curve":"stepped"},{"time":1.9,"angle":38.06,"curve":"stepped"},{"time":1.9666,"angle":31.29,"curve":"stepped"},{"time":2,"angle":28.18,"curve":"stepped"},{"time":2.0333,"angle":21.04,"curve":"stepped"},{"time":2.0666,"angle":38.06,"curve":"stepped"},{"time":2.1333,"angle":31.29,"curve":"stepped"},{"time":2.1666,"angle":28.18,"curve":"stepped"},{"time":2.2,"angle":21.04,"curve":"stepped"},{"time":2.2333,"angle":9.92,"curve":"stepped"},{"time":2.2666,"angle":13.41}],"translate":[{"time":1.4,"x":-100.1,"y":123.21,"curve":"stepped"},{"time":1.5666,"x":-110.35,"y":115.38,"curve":"stepped"},{"time":1.6,"x":-124.22,"y":105.73,"curve":"stepped"},{"time":1.6333,"x":-134.06,"y":98.24,"curve":"stepped"},{"time":1.6666,"x":-152.35,"y":90.9,"curve":"stepped"},{"time":1.7,"x":-173.7,"y":78.25,"curve":"stepped"},{"time":1.7333,"x":-110.35,"y":115.38,"curve":"stepped"},{"time":1.7666,"x":-124.22,"y":105.73,"curve":"stepped"},{"time":1.8,"x":-134.06,"y":98.24,"curve":"stepped"},{"time":1.8333,"x":-152.35,"y":90.9,"curve":"stepped"},{"time":1.8666,"x":-173.7,"y":78.25,"curve":"stepped"},{"time":1.9,"x":-110.35,"y":115.38,"curve":"stepped"},{"time":1.9333,"x":-124.22,"y":105.73,"curve":"stepped"},{"time":1.9666,"x":-134.06,"y":98.24,"curve":"stepped"},{"time":2,"x":-152.35,"y":90.9,"curve":"stepped"},{"time":2.0333,"x":-173.7,"y":78.25,"curve":"stepped"},{"time":2.0666,"x":-110.35,"y":115.38,"curve":"stepped"},{"time":2.1,"x":-124.22,"y":105.73,"curve":"stepped"},{"time":2.1333,"x":-134.06,"y":98.24,"curve":"stepped"},{"time":2.1666,"x":-152.35,"y":90.9,"curve":"stepped"},{"time":2.2,"x":-173.7,"y":78.25,"curve":"stepped"},{"time":2.2333,"x":-193.79,"y":71.5,"curve":"stepped"},{"time":2.2666,"x":-204.69,"y":69.58}]},"EF/s1_fire2":{"rotate":[{"time":0,"angle":0,"curve":"stepped"},{"time":2.3666,"angle":-23.85}],"translate":[{"time":0,"x":-215,"y":60,"curve":"stepped"},{"time":1.6333,"x":-229.47,"y":60,"curve":"stepped"},{"time":1.6666,"x":-248.17,"y":60,"curve":"stepped"},{"time":1.7,"x":-275.9,"y":60,"curve":"stepped"},{"time":1.7333,"x":-303.64,"y":60,"curve":"stepped"},{"time":1.7666,"x":-229.47,"y":60,"curve":"stepped"},{"time":1.8,"x":-248.17,"y":60,"curve":"stepped"},{"time":1.8333,"x":-275.9,"y":60,"curve":"stepped"},{"time":1.8666,"x":-303.64,"y":60,"curve":"stepped"},{"time":1.9,"x":-229.47,"y":60,"curve":"stepped"},{"time":1.9333,"x":-248.17,"y":60,"curve":"stepped"},{"time":1.9666,"x":-275.9,"y":60,"curve":"stepped"},{"time":2,"x":-303.64,"y":60,"curve":"stepped"},{"time":2.0333,"x":-229.47,"y":60,"curve":"stepped"},{"time":2.0666,"x":-248.17,"y":60,"curve":"stepped"},{"time":2.1,"x":-275.9,"y":60,"curve":"stepped"},{"time":2.1333,"x":-303.64,"y":60,"curve":"stepped"},{"time":2.1666,"x":-229.47,"y":60,"curve":"stepped"},{"time":2.2,"x":-248.17,"y":60,"curve":"stepped"},{"time":2.2333,"x":-275.9,"y":60,"curve":"stepped"},{"time":2.2666,"x":-303.64,"y":60}],"scale":[{"time":0,"x":1.5,"y":1.5}]}}}}}