{"skeleton":{"hash":"DVjSj/aZMVRz8Rhus7r7KTYxOLM","spine":"3.0.12","width":143,"height":116},"bones":[{"name":"root"},{"name":"grid","parent":"root"},{"name":"MAIN","parent":"root","y":50},{"name":"SHADOW-OFFSET","parent":"MAIN","y":-15},{"name":"HITBOX","parent":"MAIN","y":-30},{"name":"DAMAGEAREA","parent":"root","y":10},{"name":"s1_dusty1","parent":"root","y":-25},{"name":"s1_dusty2","parent":"root","y":-25},{"name":"s1_dusty3","parent":"root","y":-25},{"name":"s2_dash2","parent":"root","x":22,"y":-90}],"slots":[{"name":"grid/bg","bone":"grid"},{"name":"grid/grid","bone":"grid"},{"name":"EF/320_S1_dusty1/320_S1_dusty1_00038","bone":"s1_dusty1","blend":"additive"},{"name":"EF/320_S1_dusty1/320_S1_dusty1_39","bone":"s1_dusty3","blend":"additive"},{"name":"EF/320_S1_dusty1/320_S1_dusty1_38","bone":"s1_dusty2","blend":"additive"},{"name":"MAIN","bone":"MAIN","attachment":"skeleton-attack1_0"},{"name":"EF/340_S2_dash2_DOT/340_S2_dash2_00038","bone":"s2_dash2","blend":"additive"},{"name":"DAMAGEAREA","bone":"DAMAGEAREA"},{"name":"HITBOX","bone":"HITBOX","attachment":"HITBOX"}],"skins":{"default":{"DAMAGEAREA":{"DAMAGEAREA":{"type":"boundingbox","vertices":[-62.84883,54.12064,-63.99185,-73.1332,62.50002,-72.75221,64.40501,54.12064]}},"EF/320_S1_dusty1/320_S1_dusty1_00038":{"EF/320_S1_dusty1/320_S1_dusty1_00038":{"y":25,"width":300,"height":300},"EF/320_S1_dusty1/320_S1_dusty1_00039":{"y":25,"width":300,"height":300},"EF/320_S1_dusty1/320_S1_dusty1_00040":{"y":25,"width":300,"height":300},"EF/320_S1_dusty1/320_S1_dusty1_00041":{"y":25,"width":300,"height":300},"EF/320_S1_dusty1/320_S1_dusty1_00043":{"y":25,"width":300,"height":300},"EF/320_S1_dusty1/320_S1_dusty1_00045":{"y":25,"width":300,"height":300},"EF/320_S1_dusty1/320_S1_dusty1_00047":{"y":25,"width":300,"height":300},"EF/320_S1_dusty1/320_S1_dusty1_00049":{"y":25,"width":300,"height":300},"EF/320_S1_dusty1/320_S1_dusty1_00051":{"x":-6.21,"y":24.97,"width":300,"height":300},"EF/320_S1_dusty1/320_S1_dusty1_00053":{"x":-5.46,"y":26.31,"width":300,"height":300},"EF/320_S1_dusty1/320_S1_dusty1_00055":{"x":-9.99,"y":25.23,"width":300,"height":300}},"EF/320_S1_dusty1/320_S1_dusty1_38":{"EF/320_S1_dusty1/320_S1_dusty1_00038":{"y":25,"width":300,"height":300},"EF/320_S1_dusty1/320_S1_dusty1_00039":{"y":25,"width":300,"height":300},"EF/320_S1_dusty1/320_S1_dusty1_00040":{"y":25,"width":300,"height":300},"EF/320_S1_dusty1/320_S1_dusty1_00041":{"y":25,"width":300,"height":300},"EF/320_S1_dusty1/320_S1_dusty1_00043":{"y":25,"width":300,"height":300},"EF/320_S1_dusty1/320_S1_dusty1_00045":{"y":25,"width":300,"height":300},"EF/320_S1_dusty1/320_S1_dusty1_00047":{"y":25,"width":300,"height":300},"EF/320_S1_dusty1/320_S1_dusty1_00049":{"y":25,"width":300,"height":300},"EF/320_S1_dusty1/320_S1_dusty1_00051":{"x":-6.21,"y":24.97,"width":300,"height":300},"EF/320_S1_dusty1/320_S1_dusty1_00053":{"x":-5.46,"y":26.31,"width":300,"height":300},"EF/320_S1_dusty1/320_S1_dusty1_00055":{"x":-9.99,"y":25.23,"width":300,"height":300}},"EF/320_S1_dusty1/320_S1_dusty1_39":{"EF/320_S1_dusty1/320_S1_dusty1_00038":{"y":25,"width":300,"height":300},"EF/320_S1_dusty1/320_S1_dusty1_00039":{"y":25,"width":300,"height":300},"EF/320_S1_dusty1/320_S1_dusty1_00040":{"y":25,"width":300,"height":300},"EF/320_S1_dusty1/320_S1_dusty1_00041":{"y":25,"width":300,"height":300},"EF/320_S1_dusty1/320_S1_dusty1_00043":{"y":25,"width":300,"height":300},"EF/320_S1_dusty1/320_S1_dusty1_00045":{"y":25,"width":300,"height":300},"EF/320_S1_dusty1/320_S1_dusty1_00047":{"y":25,"width":300,"height":300},"EF/320_S1_dusty1/320_S1_dusty1_00049":{"y":25,"width":300,"height":300},"EF/320_S1_dusty1/320_S1_dusty1_00051":{"x":-6.21,"y":24.97,"width":300,"height":300},"EF/320_S1_dusty1/320_S1_dusty1_00053":{"x":-5.46,"y":26.31,"width":300,"height":300},"EF/320_S1_dusty1/320_S1_dusty1_00055":{"x":-9.99,"y":25.23,"width":300,"height":300}},"EF/340_S2_dash2_DOT/340_S2_dash2_00038":{"EF/340_S2_dash2_DOT/340_S2_dash2_00038":{"x":-22,"y":90,"width":300,"height":300},"EF/340_S2_dash2_DOT/340_S2_dash2_00039":{"x":-22,"y":90,"width":300,"height":300},"EF/340_S2_dash2_DOT/340_S2_dash2_00040":{"x":-22,"y":90,"width":300,"height":300},"EF/340_S2_dash2_DOT/340_S2_dash2_00041":{"x":-22,"y":90,"width":300,"height":300},"EF/340_S2_dash2_DOT/340_S2_dash2_00042":{"x":-22,"y":90,"width":300,"height":300},"EF/340_S2_dash2_DOT/340_S2_dash2_00043":{"x":-22,"y":90,"width":300,"height":300},"EF/340_S2_dash2_DOT/340_S2_dash2_00044":{"x":-22,"y":90,"width":300,"height":300},"EF/340_S2_dash2_DOT/340_S2_dash2_00045":{"x":-22,"y":90,"width":300,"height":300},"EF/340_S2_dash2_DOT/340_S2_dash2_00046":{"x":-22,"y":90,"width":300,"height":300},"EF/340_S2_dash2_DOT/340_S2_dash2_00047":{"x":-22,"y":90,"width":300,"height":300}},"HITBOX":{"HITBOX":{"type":"boundingbox","vertices":[-62.84883,75.7436,-62.84883,-35.88926,64.78602,-36.27027,65.16702,75.7436]}},"MAIN":{"skeleton-attack1_0":{"x":-4,"y":-8.43,"width":143,"height":116},"skeleton-attack1_1":{"x":-4,"y":-8.43,"width":143,"height":116},"skeleton-attack1_2":{"x":-4,"y":-8.43,"width":143,"height":116},"skeleton-attack1_3":{"x":-4,"y":-8.43,"width":143,"height":116},"skeleton-attack1_4":{"x":-4,"y":-8.43,"width":143,"height":116},"skeleton-back_0":{"x":-7,"y":-8.43,"width":143,"height":115},"skeleton-back_1":{"x":-7,"y":-8.43,"width":143,"height":115},"skeleton-back_2":{"x":-7,"y":-8.43,"width":143,"height":115},"skeleton-back_3":{"x":-7,"y":-8.43,"width":143,"height":115},"skeleton-damage_0":{"y":-8.43,"width":144,"height":109},"skeleton-front_0":{"x":-7,"y":-8.43,"width":144,"height":114},"skeleton-front_1":{"x":-7,"y":-8.43,"width":144,"height":114},"skeleton-front_2":{"x":-7,"y":-8.43,"width":144,"height":114},"skeleton-front_3":{"x":-7,"y":-8.43,"width":144,"height":114},"skeleton-idle_0":{"x":-6,"y":-8.43,"width":139,"height":114},"skeleton-idle_1":{"x":-6,"y":-8.43,"width":139,"height":114},"skeleton-idle_2":{"x":-6,"y":-8.43,"width":139,"height":114},"skeleton-idle_3":{"x":-6,"y":-8.43,"width":139,"height":114},"skeleton-skill1_0":{"y":-8.43,"width":153,"height":114},"skeleton-skill1_1":{"y":-8.43,"width":153,"height":114},"skeleton-skill1_2":{"y":-8.43,"width":153,"height":114},"skeleton-skill1_3":{"y":-8.43,"width":153,"height":114},"skeleton-skill1_4":{"y":-8.43,"width":153,"height":114},"skeleton-skill1_5":{"y":-8.43,"width":153,"height":114},"skeleton-skill1_6":{"y":-8.43,"width":153,"height":114},"skeleton-skill1_7":{"y":-8.43,"width":153,"height":114}}}},"events":{"Event":{},"Event2":{},"Hit":{},"Sound":{},"Sound_1":{},"Sound_2":{},"Sound_3":{},"Sound_4":{}},"animations":{"attack1":{"slots":{"DAMAGEAREA":{"attachment":[{"time":0.3333,"name":"DAMAGEAREA"},{"time":1.1,"name":null}]},"EF/320_S1_dusty1/320_S1_dusty1_00038":{"attachment":[{"time":0,"name":null}]},"EF/320_S1_dusty1/320_S1_dusty1_38":{"attachment":[{"time":0,"name":null}]},"EF/340_S2_dash2_DOT/340_S2_dash2_00038":{"attachment":[{"time":0,"name":null}]},"MAIN":{"attachment":[{"time":0,"name":"skeleton-attack1_0"},{"time":0.1,"name":"skeleton-attack1_1"},{"time":0.3333,"name":"skeleton-attack1_2"},{"time":0.4,"name":"skeleton-attack1_1"},{"time":0.4666,"name":"skeleton-attack1_2"},{"time":0.5333,"name":"skeleton-attack1_1"},{"time":0.6,"name":"skeleton-attack1_2"},{"time":0.6666,"name":"skeleton-attack1_1"},{"time":0.7333,"name":"skeleton-attack1_2"},{"time":0.8,"name":"skeleton-attack1_1"},{"time":0.8666,"name":"skeleton-attack1_2"},{"time":0.9333,"name":"skeleton-attack1_1"},{"time":1,"name":"skeleton-attack1_3"},{"time":1.1,"name":"skeleton-attack1_4"},{"time":1.3333,"name":"skeleton-attack1_0"},{"time":1.4333,"name":"skeleton-front_0"},{"time":1.5666,"name":"skeleton-front_1"},{"time":1.7,"name":"skeleton-front_2"},{"time":1.8333,"name":"skeleton-front_3"},{"time":2,"name":"skeleton-front_0"},{"time":2.1333,"name":"skeleton-front_1"}]}},"bones":{"MAIN":{"translate":[{"time":0.3333,"x":0,"y":0,"curve":[0,0.59,0.75,1]},{"time":1.0333,"x":40.05,"y":0},{"time":1.1333,"x":49.09,"y":0,"curve":"stepped"},{"time":1.3333,"x":49.09,"y":0},{"time":2.1333,"x":0,"y":0}]},"DAMAGEAREA":{"translate":[{"time":0.3333,"x":-214.47,"y":29.71}],"scale":[{"time":0.3333,"x":4.317,"y":0.531}]}},"events":[{"time":0,"name":"Event","string":"setHitEffect(hit04e, 0)"},{"time":0.0333,"name":"Event","float":0.03,"string":"kHitStopType_normal"},{"time":0.3333,"name":"Sound_1","string":"cri_se_battle_machinegun_02"},{"time":0.4333,"name":"Hit","string":"resetHitList"},{"time":0.4333,"name":"Sound_1","string":"cri_se_battle_machinegun_02"},{"time":0.5,"name":"Hit","string":"resetHitList"},{"time":0.5333,"name":"Sound_1","string":"cri_se_battle_machinegun_02"},{"time":0.6,"name":"Hit","string":"resetHitList"},{"time":0.6333,"name":"Sound_1","string":"cri_se_battle_machinegun_02"},{"time":0.7,"name":"Hit","string":"resetHitList"},{"time":0.7333,"name":"Sound_1","string":"cri_se_battle_machinegun_02"},{"time":0.8,"name":"Hit","string":"resetHitList"},{"time":0.8333,"name":"Sound_1","string":"cri_se_battle_machinegun_02"},{"time":0.9,"name":"Hit","string":"resetHitList"},{"time":0.9333,"name":"Sound_1","string":"cri_se_battle_machinegun_02"},{"time":1,"name":"Hit","string":"resetHitList"},{"time":1.0333,"name":"Sound_1","string":"cri_se_battle_machinegun_02"},{"time":1.0666,"name":"Hit","string":"resetHitList"},{"time":1.4333,"name":"Sound","string":"cri_se_battle_machine_footstep"},{"time":1.6,"name":"Sound","string":"cri_se_battle_machine_footstep"},{"time":1.8333,"name":"Sound","string":"cri_se_battle_machine_footstep"}]},"back":{"slots":{"MAIN":{"attachment":[{"time":0.3333,"name":"skeleton-back_1"},{"time":0.4666,"name":"skeleton-back_2"},{"time":0.6333,"name":"skeleton-back_3"},{"time":0.8333,"name":"skeleton-back_0"}]}},"bones":{"MAIN":{"translate":[{"time":0.3333,"x":0,"y":0},{"time":0.4666,"x":28.29,"y":0,"curve":"stepped"},{"time":0.6333,"x":28.29,"y":0},{"time":0.7,"x":59.56,"y":0}]}},"events":[{"time":0.3333,"name":"Sound","string":"cri_se_battle_machine_footstep"},{"time":0.6333,"name":"Sound","string":"cri_se_battle_machine_footstep"}]},"cast":{"slots":{"EF/320_S1_dusty1/320_S1_dusty1_00038":{"attachment":[{"time":0,"name":null}]},"EF/320_S1_dusty1/320_S1_dusty1_38":{"attachment":[{"time":0,"name":null}]},"EF/340_S2_dash2_DOT/340_S2_dash2_00038":{"attachment":[{"time":0,"name":null}]},"MAIN":{"attachment":[{"time":0,"name":"skeleton-attack1_0"},{"time":0.1,"name":"skeleton-attack1_1"},{"time":0.3333,"name":"skeleton-attack1_2"},{"time":0.4,"name":"skeleton-attack1_1"},{"time":0.4666,"name":"skeleton-attack1_2"},{"time":0.5333,"name":"skeleton-attack1_1"},{"time":0.6,"name":"skeleton-attack1_2"},{"time":0.6666,"name":"skeleton-attack1_1"},{"time":0.7333,"name":"skeleton-attack1_2"},{"time":0.8,"name":"skeleton-attack1_1"},{"time":0.8666,"name":"skeleton-attack1_2"},{"time":0.9333,"name":"skeleton-attack1_1"},{"time":1,"name":"skeleton-attack1_3"},{"time":1.1,"name":"skeleton-attack1_4"}]}},"events":[{"time":0.3333,"name":"Sound_1","string":"cri_se_battle_machinegun_02"},{"time":0.4333,"name":"Sound_1","string":"cri_se_battle_machinegun_02"},{"time":0.5333,"name":"Sound_1","string":"cri_se_battle_machinegun_02"},{"time":0.6333,"name":"Sound_1","string":"cri_se_battle_machinegun_02"},{"time":0.7333,"name":"Sound_1","string":"cri_se_battle_machinegun_02"},{"time":0.8333,"name":"Sound_1","string":"cri_se_battle_machinegun_02"},{"time":0.9333,"name":"Sound_1","string":"cri_se_battle_machinegun_02"},{"time":1.0333,"name":"Sound_1","string":"cri_se_battle_machinegun_02"}]},"damage":{"slots":{"MAIN":{"attachment":[{"time":0,"name":"skeleton-damage_0"}]}}},"front":{"slots":{"MAIN":{"attachment":[{"time":0,"name":"skeleton-front_0"},{"time":0.3333,"name":"skeleton-front_1"},{"time":0.4666,"name":"skeleton-front_2"},{"time":0.8,"name":"skeleton-front_3"},{"time":0.9333,"name":"skeleton-front_0"}]}},"events":[{"time":0.3333,"name":"Sound","string":"cri_se_battle_machine_footstep"},{"time":0.8,"name":"Sound","string":"cri_se_battle_machine_footstep"}]},"idle":{"slots":{"MAIN":{"attachment":[{"time":0,"name":"skeleton-idle_0"},{"time":0.2666,"name":"skeleton-idle_1"},{"time":0.5,"name":"skeleton-idle_2"},{"time":0.7333,"name":"skeleton-idle_3"},{"time":1,"name":"skeleton-idle_0"}]}}},"skill1":{"slots":{"EF/320_S1_dusty1/320_S1_dusty1_00038":{"attachment":[{"time":0,"name":null}]},"EF/320_S1_dusty1/320_S1_dusty1_38":{"attachment":[{"time":0,"name":null}]},"EF/340_S2_dash2_DOT/340_S2_dash2_00038":{"attachment":[{"time":0,"name":null}]},"MAIN":{"attachment":[{"time":0,"name":"skeleton-idle_1"},{"time":0.1666,"name":"skeleton-skill1_0"},{"time":0.2333,"name":"skeleton-skill1_1"},{"time":0.3,"name":"skeleton-skill1_2"},{"time":0.3666,"name":"skeleton-skill1_3"},{"time":3.3333,"name":"skeleton-skill1_4"},{"time":3.4,"name":"skeleton-skill1_5"},{"time":3.4666,"name":"skeleton-skill1_6"},{"time":3.5333,"name":"skeleton-skill1_7"},{"time":3.6,"name":"skeleton-skill1_7"},{"time":3.8333,"name":"skeleton-skill1_4"},{"time":3.9,"name":"skeleton-skill1_5"},{"time":3.9666,"name":"skeleton-skill1_6"},{"time":4.0333,"name":"skeleton-skill1_7"},{"time":4.7,"name":"skeleton-skill1_2"},{"time":4.8,"name":"skeleton-skill1_1"},{"time":4.9,"name":"skeleton-skill1_0"},{"time":5,"name":"skeleton-idle_1"}]}},"bones":{"MAIN":{"translate":[{"time":0,"x":0,"y":1.21},{"time":0.1666,"x":0,"y":0,"curve":[0.431,0,0.75,1]},{"time":0.3666,"x":0,"y":-2.65,"curve":"stepped"},{"time":3.3333,"x":0,"y":-2.65},{"time":3.4,"x":0,"y":-3.78},{"time":3.6,"x":0,"y":-2.65,"curve":"stepped"},{"time":3.8333,"x":0,"y":-2.65,"curve":[0.031,0.86,0.75,1]},{"time":3.9666,"x":20.43,"y":-2.65},{"time":4.0333,"x":23.87,"y":-2.65,"curve":"stepped"},{"time":4.7,"x":23.87,"y":-2.65,"curve":[0.504,0,0.75,1]},{"time":5,"x":0,"y":0}],"scale":[{"time":0.1666,"x":1,"y":1,"curve":[0.431,0,0.75,1]},{"time":0.3666,"x":1,"y":0.98,"curve":"stepped"},{"time":4.7,"x":1,"y":0.98},{"time":5,"x":1,"y":1}]},"HITBOX":{"rotate":[{"time":3.8333,"angle":0.58}]}},"events":[{"time":0,"name":"Sound_1"},{"time":0.1666,"name":"Sound","string":"cri_se_battle_machine_footstep"},{"time":0.3,"name":"Sound","string":"cri_se_battle_machine_footstep"},{"time":0.6666,"name":"Event","string":"runScript-lock"},{"time":3.8333,"name":"Sound","string":"cri_se_battle_canon"},{"time":3.9,"name":"Event","string":"shakeGround"},{"time":4.7,"name":"Sound","string":"cri_se_battle_machine_footstep"},{"time":4.9,"name":"Sound","string":"cri_se_battle_machine_footstep"}]},"skill2":{"slots":{"DAMAGEAREA":{"attachment":[{"time":0.2666,"name":"DAMAGEAREA"},{"time":1.2666,"name":null},{"time":2.2666,"name":"DAMAGEAREA"},{"time":2.9666,"name":null}]},"EF/320_S1_dusty1/320_S1_dusty1_00038":{"attachment":[{"time":1.8333,"name":"EF/320_S1_dusty1/320_S1_dusty1_00038"},{"time":1.8666,"name":"EF/320_S1_dusty1/320_S1_dusty1_00039"},{"time":1.9,"name":"EF/320_S1_dusty1/320_S1_dusty1_00040"},{"time":1.9333,"name":"EF/320_S1_dusty1/320_S1_dusty1_00041"},{"time":1.9666,"name":"EF/320_S1_dusty1/320_S1_dusty1_00043"},{"time":2,"name":"EF/320_S1_dusty1/320_S1_dusty1_00045"},{"time":2.0333,"name":"EF/320_S1_dusty1/320_S1_dusty1_00047"},{"time":2.0666,"name":"EF/320_S1_dusty1/320_S1_dusty1_00049"},{"time":2.1,"name":"EF/320_S1_dusty1/320_S1_dusty1_00051"},{"time":2.1666,"name":"EF/320_S1_dusty1/320_S1_dusty1_00053"},{"time":2.2333,"name":"EF/320_S1_dusty1/320_S1_dusty1_00055"},{"time":2.3,"name":null},{"time":2.3666,"name":"EF/320_S1_dusty1/320_S1_dusty1_00045"},{"time":2.4333,"name":"EF/320_S1_dusty1/320_S1_dusty1_00047"},{"time":2.5,"name":"EF/320_S1_dusty1/320_S1_dusty1_00049"},{"time":2.5666,"name":"EF/320_S1_dusty1/320_S1_dusty1_00045"},{"time":2.6333,"name":"EF/320_S1_dusty1/320_S1_dusty1_00047"},{"time":2.7,"name":"EF/320_S1_dusty1/320_S1_dusty1_00049"},{"time":2.7666,"name":"EF/320_S1_dusty1/320_S1_dusty1_00045"},{"time":2.8333,"name":"EF/320_S1_dusty1/320_S1_dusty1_00047"},{"time":2.9,"name":"EF/320_S1_dusty1/320_S1_dusty1_00049"},{"time":2.9666,"name":"EF/320_S1_dusty1/320_S1_dusty1_00043"},{"time":3,"name":"EF/320_S1_dusty1/320_S1_dusty1_00045"},{"time":3.0333,"name":"EF/320_S1_dusty1/320_S1_dusty1_00047"},{"time":3.0666,"name":"EF/320_S1_dusty1/320_S1_dusty1_00049"},{"time":3.1,"name":"EF/320_S1_dusty1/320_S1_dusty1_00051"},{"time":3.1666,"name":"EF/320_S1_dusty1/320_S1_dusty1_00053"},{"time":3.2333,"name":"EF/320_S1_dusty1/320_S1_dusty1_00055"},{"time":3.3,"name":null}],"color":[{"time":1.8333,"color":"ffffffff","curve":"stepped"},{"time":3.3666,"color":"ffffffff"},{"time":3.6,"color":"ffffff00"}]},"EF/320_S1_dusty1/320_S1_dusty1_38":{"attachment":[{"time":2.3666,"name":"EF/320_S1_dusty1/320_S1_dusty1_00038"},{"time":2.4,"name":"EF/320_S1_dusty1/320_S1_dusty1_00039"},{"time":2.4333,"name":"EF/320_S1_dusty1/320_S1_dusty1_00040"},{"time":2.4666,"name":"EF/320_S1_dusty1/320_S1_dusty1_00041"},{"time":2.5,"name":"EF/320_S1_dusty1/320_S1_dusty1_00043"},{"time":2.5333,"name":"EF/320_S1_dusty1/320_S1_dusty1_00045"},{"time":2.5666,"name":"EF/320_S1_dusty1/320_S1_dusty1_00047"},{"time":2.6,"name":"EF/320_S1_dusty1/320_S1_dusty1_00049"},{"time":2.6333,"name":"EF/320_S1_dusty1/320_S1_dusty1_00051"},{"time":2.7,"name":"EF/320_S1_dusty1/320_S1_dusty1_00053"},{"time":2.7666,"name":"EF/320_S1_dusty1/320_S1_dusty1_00055"},{"time":2.8333,"name":null},{"time":2.8666,"name":"EF/320_S1_dusty1/320_S1_dusty1_00040"},{"time":2.9,"name":"EF/320_S1_dusty1/320_S1_dusty1_00041"},{"time":2.9333,"name":"EF/320_S1_dusty1/320_S1_dusty1_00043"},{"time":3,"name":"EF/320_S1_dusty1/320_S1_dusty1_00045"},{"time":3.0666,"name":"EF/320_S1_dusty1/320_S1_dusty1_00047"},{"time":3.1333,"name":"EF/320_S1_dusty1/320_S1_dusty1_00049"},{"time":3.2,"name":"EF/320_S1_dusty1/320_S1_dusty1_00051"},{"time":3.2666,"name":"EF/320_S1_dusty1/320_S1_dusty1_00053"},{"time":3.3333,"name":"EF/320_S1_dusty1/320_S1_dusty1_00055"},{"time":3.4,"name":null}],"color":[{"time":2.8,"color":"ffffffff"},{"time":2.9333,"color":"ffffff6d","curve":"stepped"},{"time":2.9666,"color":"ffffffff","curve":"stepped"},{"time":3.1333,"color":"ffffffff"},{"time":3.3666,"color":"ffffff00"}]},"EF/320_S1_dusty1/320_S1_dusty1_39":{"attachment":[{"time":1.9,"name":"EF/320_S1_dusty1/320_S1_dusty1_00043"},{"time":1.9333,"name":"EF/320_S1_dusty1/320_S1_dusty1_00045"},{"time":1.9666,"name":"EF/320_S1_dusty1/320_S1_dusty1_00047"},{"time":2,"name":"EF/320_S1_dusty1/320_S1_dusty1_00049"},{"time":2.0333,"name":"EF/320_S1_dusty1/320_S1_dusty1_00051"},{"time":2.0666,"name":"EF/320_S1_dusty1/320_S1_dusty1_00053"},{"time":2.1,"name":"EF/320_S1_dusty1/320_S1_dusty1_00055"},{"time":2.1333,"name":null},{"time":2.1666,"name":"EF/320_S1_dusty1/320_S1_dusty1_00043"},{"time":2.2,"name":"EF/320_S1_dusty1/320_S1_dusty1_00045"},{"time":2.2333,"name":"EF/320_S1_dusty1/320_S1_dusty1_00047"},{"time":2.2666,"name":"EF/320_S1_dusty1/320_S1_dusty1_00049"},{"time":2.3,"name":"EF/320_S1_dusty1/320_S1_dusty1_00051"},{"time":2.3333,"name":"EF/320_S1_dusty1/320_S1_dusty1_00053"},{"time":2.3666,"name":"EF/320_S1_dusty1/320_S1_dusty1_00055"},{"time":2.4,"name":null},{"time":2.4333,"name":"EF/320_S1_dusty1/320_S1_dusty1_00043"},{"time":2.4666,"name":"EF/320_S1_dusty1/320_S1_dusty1_00045"},{"time":2.5,"name":"EF/320_S1_dusty1/320_S1_dusty1_00047"},{"time":2.5333,"name":"EF/320_S1_dusty1/320_S1_dusty1_00049"},{"time":2.5666,"name":"EF/320_S1_dusty1/320_S1_dusty1_00051"},{"time":2.6,"name":"EF/320_S1_dusty1/320_S1_dusty1_00053"},{"time":2.6333,"name":"EF/320_S1_dusty1/320_S1_dusty1_00055"},{"time":2.6666,"name":null}],"color":[{"time":0,"color":"ffd0eeff","curve":"stepped"},{"time":1.9,"color":"ffd0eeff","curve":"stepped"},{"time":2.0333,"color":"ffd0eeff"},{"time":2.1333,"color":"ffd0ee00","curve":"stepped"},{"time":2.1666,"color":"ffd0eeff","curve":"stepped"},{"time":2.3,"color":"ffd0eeff"},{"time":2.4,"color":"ffd0ee00","curve":"stepped"},{"time":2.4333,"color":"ffd0eeff","curve":"stepped"},{"time":2.5666,"color":"ffd0eeff"},{"time":2.6666,"color":"ffd0ee00","curve":"stepped"},{"time":2.7,"color":"ffd0eeff","curve":"stepped"},{"time":2.8333,"color":"ffd0eeff"},{"time":2.9333,"color":"ffd0ee00","curve":"stepped"},{"time":2.9666,"color":"ffd0eeff","curve":"stepped"},{"time":3.1,"color":"ffd0eeff"},{"time":3.2,"color":"ffd0ee00"}]},"EF/340_S2_dash2_DOT/340_S2_dash2_00038":{"attachment":[{"time":0,"name":null}],"color":[{"time":3.3666,"color":"ffffffff"}]},"MAIN":{"attachment":[{"time":0,"name":"skeleton-skill1_3"},{"time":0.0666,"name":"skeleton-attack1_0"},{"time":0.1333,"name":"skeleton-attack1_1"},{"time":0.2,"name":"skeleton-attack1_2"},{"time":0.2666,"name":"skeleton-attack1_3"},{"time":0.3333,"name":"skeleton-attack1_4"},{"time":0.4,"name":"skeleton-attack1_2"},{"time":0.4666,"name":"skeleton-attack1_3"},{"time":0.5333,"name":"skeleton-attack1_4"},{"time":0.6,"name":"skeleton-attack1_2"},{"time":0.6666,"name":"skeleton-attack1_3"},{"time":0.7333,"name":"skeleton-attack1_4"},{"time":0.8,"name":"skeleton-attack1_2"},{"time":0.8666,"name":"skeleton-attack1_3"},{"time":0.9333,"name":"skeleton-attack1_4"},{"time":1,"name":"skeleton-attack1_2"},{"time":1.0666,"name":"skeleton-attack1_3"},{"time":1.1333,"name":"skeleton-attack1_4"},{"time":1.3,"name":"skeleton-skill1_0"},{"time":1.3666,"name":"skeleton-skill1_1"},{"time":1.4333,"name":"skeleton-skill1_2"},{"time":1.5,"name":"skeleton-skill1_3"},{"time":1.8333,"name":"skeleton-skill1_4"},{"time":1.9,"name":"skeleton-skill1_5"},{"time":1.9666,"name":"skeleton-skill1_6"},{"time":2.0333,"name":"skeleton-skill1_7"},{"time":2.1,"name":"skeleton-skill1_4"},{"time":2.1666,"name":"skeleton-skill1_5"},{"time":2.2333,"name":"skeleton-skill1_6"},{"time":2.3,"name":"skeleton-skill1_7"},{"time":2.3666,"name":"skeleton-skill1_4"},{"time":2.4333,"name":"skeleton-skill1_5"},{"time":2.5,"name":"skeleton-skill1_6"},{"time":2.5666,"name":"skeleton-skill1_7"},{"time":2.6333,"name":"skeleton-skill1_4"},{"time":2.7,"name":"skeleton-skill1_5"},{"time":2.7666,"name":"skeleton-skill1_6"},{"time":2.8666,"name":"skeleton-skill1_5"},{"time":2.9666,"name":"skeleton-skill1_4"},{"time":3.0333,"name":"skeleton-skill1_3"},{"time":3.1333,"name":"skeleton-skill1_2"},{"time":3.2,"name":"skeleton-skill1_1"},{"time":3.3,"name":"skeleton-skill1_0"},{"time":3.3666,"name":"skeleton-idle_0"}]},"grid/grid":{"attachment":[{"time":0,"name":null}]}},"bones":{"MAIN":{"translate":[{"time":0,"x":0,"y":-4.82},{"time":1.3,"x":0,"y":0,"curve":[0.431,0,0.75,1]},{"time":1.5,"x":0,"y":-5.5},{"time":1.8333,"x":0,"y":-5.01},{"time":1.9,"x":1.38,"y":-7.68},{"time":1.9666,"x":0,"y":-4.82},{"time":2.0333,"x":0,"y":-5.01},{"time":2.1,"x":1.38,"y":-7.68},{"time":2.1666,"x":0,"y":-4.82},{"time":2.2333,"x":0,"y":-5.01},{"time":2.3,"x":1.38,"y":-7.68},{"time":2.3666,"x":0,"y":-4.82},{"time":2.4333,"x":0,"y":-5.01},{"time":2.5,"x":1.38,"y":-7.68},{"time":2.5666,"x":0,"y":-4.82},{"time":2.6333,"x":0,"y":-5.01},{"time":2.7,"x":1.38,"y":-7.68},{"time":2.7666,"x":0,"y":-4.82}],"scale":[{"time":0,"x":1,"y":0.938},{"time":1.3,"x":1,"y":1,"curve":[0.431,0,0.75,1]},{"time":1.5,"x":1,"y":0.929},{"time":1.8333,"x":1,"y":0.938},{"time":1.9,"x":1,"y":0.904},{"time":1.9666,"x":1,"y":0.938,"curve":"stepped"},{"time":2.0333,"x":1,"y":0.938},{"time":2.1,"x":1,"y":0.904},{"time":2.1666,"x":1,"y":0.938,"curve":"stepped"},{"time":2.2333,"x":1,"y":0.938},{"time":2.3,"x":1,"y":0.904},{"time":2.3666,"x":1,"y":0.938,"curve":"stepped"},{"time":2.4333,"x":1,"y":0.938},{"time":2.5,"x":1,"y":0.904},{"time":2.5666,"x":1,"y":0.938,"curve":"stepped"},{"time":2.6333,"x":1,"y":0.938},{"time":2.7,"x":1,"y":0.904},{"time":2.7666,"x":1,"y":0.938}]},"s2_dash2":{"translate":[{"time":0,"x":-238.03,"y":106.6}]},"grid":{"translate":[{"time":0,"x":0,"y":0}]},"s1_dusty1":{"translate":[{"time":0,"x":-47.34,"y":17.28,"curve":"stepped"},{"time":1.8333,"x":-47.34,"y":17.28}],"scale":[{"time":0,"x":3,"y":3,"curve":"stepped"},{"time":1.8333,"x":3,"y":3}]},"s1_dusty2":{"translate":[{"time":0,"x":-358.56,"y":-20,"curve":"stepped"},{"time":2.3666,"x":-358.56,"y":-20}],"scale":[{"time":0,"x":3,"y":3,"curve":"stepped"},{"time":2.3666,"x":3,"y":3}]},"s1_dusty3":{"rotate":[{"time":0,"angle":-4.56,"curve":"stepped"},{"time":1.9,"angle":-4.56}],"translate":[{"time":0,"x":8.66,"y":113.53},{"time":1.9,"x":8.66,"y":99.95},{"time":2.0333,"x":8.66,"y":113.53,"curve":"stepped"},{"time":2.1666,"x":8.66,"y":99.95},{"time":2.3,"x":8.66,"y":113.53,"curve":"stepped"},{"time":2.4333,"x":8.66,"y":99.95},{"time":2.5666,"x":8.66,"y":113.53}],"scale":[{"time":0,"x":0.374,"y":1.017},{"time":1.9,"x":0.52,"y":0.659},{"time":2.0333,"x":0.374,"y":1.017,"curve":"stepped"},{"time":2.1666,"x":0.52,"y":0.659},{"time":2.3,"x":0.374,"y":1.017,"curve":"stepped"},{"time":2.4333,"x":0.52,"y":0.659},{"time":2.5666,"x":0.374,"y":1.017}]},"DAMAGEAREA":{"translate":[{"time":0,"x":-239.01,"y":91.01},{"time":0.2666,"x":-239.01,"y":49.09,"curve":"stepped"},{"time":2.2666,"x":-239.01,"y":91.01}],"scale":[{"time":0,"x":4.824,"y":1.739},{"time":0.2666,"x":4.824,"y":0.612,"curve":"stepped"},{"time":2.2666,"x":4.824,"y":1.739}]}},"drawOrder":[{"time":0,"offsets":[{"slot":"EF/320_S1_dusty1/320_S1_dusty1_39","offset":3}]},{"time":1.9,"offsets":[{"slot":"EF/320_S1_dusty1/320_S1_dusty1_39","offset":3}]}],"events":[{"time":0,"name":"Event","float":0.03,"string":"kHitStopType_normal"},{"time":0,"name":"Event2","string":"setHitEffect(hit04e, 0)"},{"time":0.2,"name":"Sound_2","string":"cri_se_battle_canon"},{"time":0.3,"name":"Hit","string":"resetHitList"},{"time":0.4,"name":"Hit","string":"resetHitList"},{"time":0.4,"name":"Sound_2","string":"cri_se_battle_canon"},{"time":0.4666,"name":"Hit","string":"resetHitList"},{"time":0.5333,"name":"Hit","string":"resetHitList"},{"time":0.5666,"name":"Sound_2","string":"cri_se_battle_canon"},{"time":0.6333,"name":"Hit","string":"resetHitList"},{"time":0.6666,"name":"Sound","string":"cri_se_battle_lockoooon"},{"time":0.7,"name":"Hit","string":"resetHitList"},{"time":0.7333,"name":"Sound","string":"cri_se_battle_lockoooon"},{"time":0.7333,"name":"Sound_2","string":"cri_se_battle_canon"},{"time":0.8,"name":"Hit","string":"resetHitList"},{"time":0.8333,"name":"Sound","string":"cri_se_battle_lockoooon"},{"time":0.9,"name":"Hit","string":"resetHitList"},{"time":0.9,"name":"Sound_2","string":"cri_se_battle_canon"},{"time":1.0333,"name":"Hit","string":"resetHitList"},{"time":1.0666,"name":"Sound_2","string":"cri_se_battle_canon"},{"time":1.1333,"name":"Hit","string":"resetHitList"},{"time":1.3,"name":"Sound","string":"cri_se_battle_machine_footstep"},{"time":1.4333,"name":"Sound","string":"cri_se_battle_machine_footstep"},{"time":1.8333,"name":"Sound_1","string":"cri_se_battle_machine_missile"},{"time":1.9333,"name":"Sound_2","string":"cri_se_battle_machinegun_02"},{"time":1.9333,"name":"Sound_3","string":"cri_se_battle_canon"},{"time":2,"name":"Sound_1","string":"cri_se_battle_machine_missile"},{"time":2.0333,"name":"Event2","string":"setHitBackEnemy(25,40)"},{"time":2.1,"name":"Event2","float":1,"string":"shakeGround_Loop"},{"time":2.1,"name":"Sound_1","string":"cri_se_battle_machine_missile"},{"time":2.1,"name":"Sound_3","string":"cri_se_battle_canon"},{"time":2.1666,"name":"Event","float":0.15,"string":"kHitStopType_normal"},{"time":2.2,"name":"Sound","string":"cri_se_battle_029_explosion_01"},{"time":2.2666,"name":"Sound_3","string":"cri_se_battle_canon"},{"time":2.3,"name":"Hit","string":"resetHitList"},{"time":2.3,"name":"Sound","string":"cri_se_battle_029_explosion_01"},{"time":2.3,"name":"Sound_1","string":"cri_se_battle_machine_missile"},{"time":2.3333,"name":"Event","float":0.05,"string":"kHitStopType_enemyonly"},{"time":2.3666,"name":"Hit","string":"resetHitList"},{"time":2.4,"name":"Sound","string":"cri_se_battle_029_explosion_01"},{"time":2.4,"name":"Sound_1","string":"cri_se_battle_machine_missile"},{"time":2.4333,"name":"Sound_3","string":"cri_se_battle_canon"},{"time":2.4666,"name":"Hit","string":"resetHitList"},{"time":2.5,"name":"Sound","string":"cri_se_battle_029_explosion_01"},{"time":2.5,"name":"Sound_1","string":"cri_se_battle_machine_missile"},{"time":2.5333,"name":"Hit","string":"resetHitList"},{"time":2.6,"name":"Sound","string":"cri_se_battle_029_explosion_01"},{"time":2.6,"name":"Sound_1","string":"cri_se_battle_machine_missile"},{"time":2.6,"name":"Sound_3","string":"cri_se_battle_canon"},{"time":2.6333,"name":"Hit","string":"resetHitList"},{"time":2.7,"name":"Hit","string":"resetHitList"},{"time":2.7666,"name":"Sound","string":"cri_se_battle_029_explosion_01"},{"time":2.7666,"name":"Sound_3","string":"cri_se_battle_canon"},{"time":2.8,"name":"Hit","string":"resetHitList"},{"time":2.8666,"name":"Event","string":"shakeGround"},{"time":2.8666,"name":"Event2","string":"shakeGround"},{"time":2.8666,"name":"Hit","string":"resetHitList"},{"time":2.9333,"name":"Sound_2","string":"cri_se_battle_machine_missile"}]},"skill1-library":{"slots":{"EF/320_S1_dusty1/320_S1_dusty1_00038":{"attachment":[{"time":0,"name":null}]},"EF/320_S1_dusty1/320_S1_dusty1_38":{"attachment":[{"time":0,"name":null}]},"EF/340_S2_dash2_DOT/340_S2_dash2_00038":{"attachment":[{"time":0,"name":null}]},"MAIN":{"attachment":[{"time":0,"name":"skeleton-idle_1"},{"time":0.1666,"name":"skeleton-skill1_0"},{"time":0.2333,"name":"skeleton-skill1_1"},{"time":0.3,"name":"skeleton-skill1_2"},{"time":0.3666,"name":"skeleton-skill1_3"},{"time":3.3333,"name":"skeleton-skill1_4"},{"time":3.4,"name":"skeleton-skill1_5"},{"time":3.4666,"name":"skeleton-skill1_6"},{"time":3.5333,"name":"skeleton-skill1_7"},{"time":3.6,"name":"skeleton-skill1_7"},{"time":3.8333,"name":"skeleton-skill1_4"},{"time":3.9,"name":"skeleton-skill1_5"},{"time":3.9666,"name":"skeleton-skill1_6"},{"time":4.0333,"name":"skeleton-skill1_7"},{"time":4.7,"name":"skeleton-skill1_2"},{"time":4.8,"name":"skeleton-skill1_1"},{"time":4.9,"name":"skeleton-skill1_0"},{"time":5,"name":"skeleton-idle_1"}]}},"bones":{"MAIN":{"translate":[{"time":0,"x":0,"y":1.21},{"time":0.1666,"x":0,"y":0,"curve":[0.431,0,0.75,1]},{"time":0.3666,"x":0,"y":-2.65,"curve":"stepped"},{"time":3.3333,"x":0,"y":-2.65},{"time":3.4,"x":0,"y":-3.78},{"time":3.6,"x":0,"y":-2.65,"curve":"stepped"},{"time":3.8333,"x":0,"y":-2.65,"curve":[0.031,0.86,0.75,1]},{"time":3.9666,"x":20.43,"y":-2.65},{"time":4.0333,"x":23.87,"y":-2.65,"curve":"stepped"},{"time":4.7,"x":23.87,"y":-2.65,"curve":[0.504,0,0.75,1]},{"time":5,"x":0,"y":0}],"scale":[{"time":0.1666,"x":1,"y":1,"curve":[0.431,0,0.75,1]},{"time":0.3666,"x":1,"y":0.98,"curve":"stepped"},{"time":4.7,"x":1,"y":0.98},{"time":5,"x":1,"y":1}]},"HITBOX":{"rotate":[{"time":3.8333,"angle":0.58}]}},"events":[{"time":0,"name":"Sound_1"},{"time":0.1666,"name":"Sound","string":"cri_se_battle_machine_footstep"},{"time":0.3,"name":"Sound","string":"cri_se_battle_machine_footstep"},{"time":0.6666,"name":"Event","string":"runScript-lock"},{"time":1.1666,"name":"Sound_1","string":"cri_se_battle_lockoooon"},{"time":1.6333,"name":"Sound_1","string":"cri_se_battle_lockoooon"},{"time":2.1,"name":"Sound_1","string":"cri_se_battle_lockoooon"},{"time":2.5333,"name":"Sound_1","string":"cri_se_battle_lockoooon"},{"time":2.8,"name":"Sound_1","string":"cri_se_battle_lockoooon"},{"time":3.0333,"name":"Sound_1","string":"cri_se_battle_lockoooon"},{"time":3.3333,"name":"Sound_1","string":"cri_se_battle_machine_missile"},{"time":3.8333,"name":"Sound","string":"cri_se_battle_canon"},{"time":3.9,"name":"Event","string":"shakeGround"},{"time":3.9333,"name":"Sound_1","string":"cri_se_battle_030_explosion_02"},{"time":4.7,"name":"Sound","string":"cri_se_battle_machine_footstep"},{"time":4.9,"name":"Sound","string":"cri_se_battle_machine_footstep"}]}}}