{"skeleton":{"hash":"TBMwveI/dUOoK3bP+RLgN7BJGmI","spine":"3.0.12","width":0,"height":0,"images":"./images/EF/"},"bones":[{"name":"root"},{"name":"MAIN","parent":"root"},{"name":"ef_wind_C","parent":"MAIN","x":911,"color":"cf0000ff"},{"name":"ef_tuti_2","parent":"MAIN","x":864.75,"color":"cf0000ff"},{"name":"ef_tuti_1","parent":"MAIN","x":864.75,"color":"cf0000ff"},{"name":"ef_slash_a_4","parent":"MAIN","x":961.99,"y":200},{"name":"ef_slash_a_3","parent":"MAIN","x":961.99,"y":200},{"name":"ef_slash_a_2","parent":"MAIN","x":961.99,"y":200},{"name":"ef_slash_a_1","parent":"MAIN","x":961.99,"y":200},{"name":"ef_slash_DD_3","parent":"MAIN","x":839.95,"y":200},{"name":"ef_slash_DD_2","parent":"MAIN","x":839.95,"y":200},{"name":"ef_slash_DD_1","parent":"MAIN","x":839.95,"y":200},{"name":"ef_slash_BB","parent":"MAIN","x":800,"y":200},{"name":"ef_slash_AA_3","parent":"MAIN","x":752.67,"y":200},{"name":"ef_slash_AA_2","parent":"MAIN","x":752.67,"y":200},{"name":"ef_slash_AA_1","parent":"MAIN","x":752.67,"y":200},{"name":"ef_rock_B_2","parent":"MAIN","x":704.66,"y":-95.84},{"name":"ef_rock_B_1","parent":"MAIN","x":704.66,"y":-95.84},{"name":"ef_rock_A","parent":"MAIN","x":649.87,"y":-95.84},{"name":"ef_jet","parent":"MAIN","x":652.89,"y":100},{"name":"ef_hit","parent":"MAIN","x":702.88,"y":200},{"name":"ef_dash","parent":"MAIN","x":815,"color":"cf0003ff"},{"name":"ef_bite_root","parent":"MAIN","x":887.73,"y":200},{"name":"ef_bite_f2","parent":"ef_bite_root","y":-40},{"name":"ef_bite_f1","parent":"ef_bite_root","y":40},{"name":"ef_bite","parent":"MAIN","x":922.58,"y":200},{"name":"breath_2","parent":"MAIN","x":704.81,"color":"cf0201ff"},{"name":"breath_1","parent":"MAIN","x":704.81,"color":"cf0201ff"},{"name":"big_slash","parent":"MAIN","x":651.16,"y":200},{"name":"S2_wave_3","parent":"MAIN","x":572.19},{"name":"S2_wave_2","parent":"MAIN","x":572.19},{"name":"S2_wave_1","parent":"MAIN","x":572.19},{"name":"S2_earth5","parent":"MAIN","x":795.47,"y":-95.84},{"name":"S2_earth4","parent":"MAIN","x":795.47,"y":-95.84},{"name":"S2_earth3","parent":"MAIN","x":795.47,"y":-95.84},{"name":"S2_earth2","parent":"MAIN","x":795.47,"y":-95.84},{"name":"S2_earth1","parent":"MAIN","x":795.47,"y":-95.84},{"name":"DAMAGEAREA","parent":"root"},{"name":"s2_beam_1","parent":"MAIN","x":651.91,"color":"cf0001ff"},{"name":"s2_beam_2","parent":"MAIN","x":651.91,"color":"cf0001ff"},{"name":"s2_beam_3","parent":"MAIN","x":651.91,"color":"cf0001ff"},{"name":"s2_beam_4","parent":"MAIN","x":651.91,"color":"cf0001ff"},{"name":"wind1_1","parent":"MAIN","x":655.46,"y":400,"color":"0ac400ff"},{"name":"wind1_2","parent":"MAIN","x":655.46,"y":400,"color":"0ac400ff"},{"name":"wind2_1","parent":"MAIN","x":702.29,"y":400,"color":"0ec403ff"},{"name":"wind_s2","parent":"MAIN","x":741.23,"y":400,"color":"0ec403ff"}],"slots":[{"name":"850_S2_earth1_00040","bone":"S2_earth1"},{"name":"850_S2_earth1_42","bone":"S2_earth4"},{"name":"9020_wind2/9020_wind2_00004","bone":"wind2_1","blend":"additive"},{"name":"ef_beam_main/ef_beam_main_00004","bone":"s2_beam_1","blend":"additive"},{"name":"ef_beam_main/ef_beam_main_4","bone":"s2_beam_2","blend":"additive"},{"name":"ef_beam_main/ef_beam_main_5","bone":"s2_beam_3","blend":"additive"},{"name":"ef_beam_main/ef_beam_main_6","bone":"s2_beam_4","blend":"additive"},{"name":"850_S2_earth1_41","bone":"S2_earth3"},{"name":"850_S2_earth1_40","bone":"S2_earth2"},{"name":"850_S2_earth1_43","bone":"S2_earth5"},{"name":"ef_big_slash_main/ef_big_slash_main_00001","bone":"big_slash","blend":"additive"},{"name":"ef_bite_A_main/ef_bite_A_main_00027","bone":"ef_bite_f1","blend":"additive"},{"name":"ef_bite_A_main/ef_bite_A_main_27","bone":"ef_bite_f2","blend":"additive"},{"name":"ef_bite_A_main/ef_bite_A_main_00037","bone":"ef_bite","blend":"additive"},{"name":"ef_breath_main/ef_breath_main_00002","bone":"breath_1","blend":"additive"},{"name":"ef_breath_main/ef_breath_main_2","bone":"breath_2","blend":"additive"},{"name":"ef_dash_main/ef_dash_main_00002","bone":"ef_dash","blend":"additive"},{"name":"ef_hit_main/ef_hit_main_00002","bone":"ef_hit","blend":"additive"},{"name":"ef_jet_C_main/ef_jet_C_main_00001","bone":"ef_jet","blend":"additive"},{"name":"ef_rock_A_main/ef_rock_A_main_00010","bone":"ef_rock_A"},{"name":"ef_slash_AA_main/ef_slash_AA_main_00001","bone":"ef_slash_AA_1","blend":"additive"},{"name":"ef_slash_AA_main/ef_slash_AA_main_1","bone":"ef_slash_AA_2","blend":"additive"},{"name":"ef_slash_AA_main/ef_slash_AA_main_2","bone":"ef_slash_AA_3","blend":"additive"},{"name":"ef_slash_BB_main/ef_slash_BB_main_00001","bone":"ef_slash_BB","blend":"additive"},{"name":"ef_slash_DD_main/ef_slash_DD_main_00001","bone":"ef_slash_DD_1","blend":"additive"},{"name":"ef_slash_DD_main/ef_slash_DD_main_1","bone":"ef_slash_DD_2","blend":"additive"},{"name":"ef_slash_DD_main/ef_slash_DD_main_2","bone":"ef_slash_DD_3","blend":"additive"},{"name":"ef_slash_a_main/ef_slash_a_main_00001","bone":"ef_slash_a_1","blend":"additive"},{"name":"ef_slash_a_main/ef_slash_a_main_1","bone":"ef_slash_a_2","blend":"additive"},{"name":"ef_slash_a_main/ef_slash_a_main_2","bone":"ef_slash_a_3","blend":"additive"},{"name":"ef_slash_a_main/ef_slash_a_main_3","bone":"ef_slash_a_4","blend":"additive"},{"name":"ef_tuti_main/ef_tuti_main_00002","bone":"ef_tuti_1","blend":"additive"},{"name":"ef_tuti_main/ef_tuti_main_2","bone":"ef_tuti_2","blend":"additive"},{"name":"ef_wind_C_main/ef_wind_C_main_00004","bone":"ef_wind_C","blend":"additive"},{"name":"ef_wind_A_main/ef_wind_A_main_00006","bone":"wind_s2","blend":"additive"},{"name":"ef_wind_A_main/ef_wind_A_main_7","bone":"wind_s2","blend":"additive"},{"name":"9020_wind1/9020_wind1_00000","bone":"wind1_1","blend":"additive"},{"name":"9020_wind1/9020_wind1_0","bone":"wind1_2","blend":"additive"},{"name":"450_S2_wave1_00001","bone":"S2_wave_1","blend":"additive"},{"name":"450_S2_wave1_1","bone":"S2_wave_2","blend":"additive"},{"name":"450_S2_wave1_2","bone":"S2_wave_3","blend":"additive"},{"name":"ef_rock_B_main/ef_rock_B_main_00007","bone":"ef_rock_B_1"},{"name":"ef_rock_B_main/ef_rock_B_main_7","bone":"ef_rock_B_2"},{"name":"DAMAGEAREA","bone":"DAMAGEAREA"}],"skins":{"default":{"450_S2_wave1_00001":{"450_S2_wave1_00001":{"y":-5.09,"width":250,"height":250},"450_S2_wave1_00003":{"y":-5.09,"width":250,"height":250}},"450_S2_wave1_1":{"450_S2_wave1_00001":{"y":-5.09,"width":250,"height":250},"450_S2_wave1_00003":{"y":-5.09,"width":250,"height":250}},"450_S2_wave1_2":{"450_S2_wave1_00001":{"y":-5.09,"width":250,"height":250},"450_S2_wave1_00003":{"y":-5.09,"width":250,"height":250}},"850_S2_earth1_00040":{"850_S2_earth1_00040":{"x":-0.78,"y":0.54,"width":220,"height":84}},"850_S2_earth1_40":{"850_S2_earth1_00040":{"x":-0.78,"y":0.54,"width":220,"height":84}},"850_S2_earth1_41":{"850_S2_earth1_00040":{"x":-0.78,"y":0.54,"width":220,"height":84}},"850_S2_earth1_42":{"850_S2_earth1_00040":{"x":-0.78,"y":0.54,"width":220,"height":84}},"850_S2_earth1_43":{"850_S2_earth1_00040":{"x":-0.78,"y":0.54,"width":220,"height":84}},"9020_wind1/9020_wind1_0":{"9020_wind1/9020_wind1_00008":{"width":420,"height":420},"9020_wind1/9020_wind1_00010":{"width":420,"height":420},"9020_wind1/9020_wind1_00012":{"width":420,"height":420},"9020_wind1/9020_wind1_00014":{"width":420,"height":420},"9020_wind1/9020_wind1_00016":{"width":420,"height":420},"9020_wind1/9020_wind1_00018":{"width":420,"height":420},"9020_wind1/9020_wind1_00020":{"width":420,"height":420},"9020_wind1/9020_wind1_00022":{"width":420,"height":420},"9020_wind1/9020_wind1_00024":{"width":420,"height":420},"9020_wind1/9020_wind1_00026":{"width":420,"height":420},"9020_wind1/9020_wind1_00028":{"width":420,"height":420}},"9020_wind1/9020_wind1_00000":{"9020_wind1/9020_wind1_00008":{"width":420,"height":420},"9020_wind1/9020_wind1_00010":{"width":420,"height":420},"9020_wind1/9020_wind1_00012":{"width":420,"height":420},"9020_wind1/9020_wind1_00014":{"width":420,"height":420},"9020_wind1/9020_wind1_00016":{"width":420,"height":420},"9020_wind1/9020_wind1_00018":{"width":420,"height":420},"9020_wind1/9020_wind1_00020":{"width":420,"height":420},"9020_wind1/9020_wind1_00022":{"width":420,"height":420},"9020_wind1/9020_wind1_00024":{"width":420,"height":420},"9020_wind1/9020_wind1_00026":{"width":420,"height":420},"9020_wind1/9020_wind1_00028":{"width":420,"height":420}},"9020_wind2/9020_wind2_00004":{"9020_wind2/9020_wind2_00004":{"width":420,"height":420},"9020_wind2/9020_wind2_00006":{"width":420,"height":420}},"DAMAGEAREA":{"DAMAGEAREA":{"type":"boundingbox","vertices":[-64.06208,-67.37541,63.26788,-66.84041,63.80289,64.23454,-65.13209,63.69956]}},"ef_beam_main/ef_beam_main_00004":{"ef_beam_main/ef_beam_main_00004":{"x":0.51,"y":130.26,"width":140,"height":320},"ef_beam_main/ef_beam_main_00005":{"x":0.51,"y":130.26,"width":140,"height":320},"ef_beam_main/ef_beam_main_00006":{"x":0.51,"y":130.26,"width":140,"height":320},"ef_beam_main/ef_beam_main_00007":{"x":0.51,"y":130.26,"width":140,"height":320},"ef_beam_main/ef_beam_main_00008":{"x":0.51,"y":130.26,"width":140,"height":320}},"ef_beam_main/ef_beam_main_4":{"ef_beam_main/ef_beam_main_00004":{"x":0.51,"y":130.26,"width":140,"height":320},"ef_beam_main/ef_beam_main_00005":{"x":0.51,"y":130.26,"width":140,"height":320},"ef_beam_main/ef_beam_main_00006":{"x":0.51,"y":130.26,"width":140,"height":320},"ef_beam_main/ef_beam_main_00007":{"x":0.51,"y":130.26,"width":140,"height":320},"ef_beam_main/ef_beam_main_00008":{"x":0.51,"y":130.26,"width":140,"height":320}},"ef_beam_main/ef_beam_main_5":{"ef_beam_main/ef_beam_main_00004":{"x":0.51,"y":130.26,"width":140,"height":320},"ef_beam_main/ef_beam_main_00005":{"x":0.51,"y":130.26,"width":140,"height":320},"ef_beam_main/ef_beam_main_00006":{"x":0.51,"y":130.26,"width":140,"height":320},"ef_beam_main/ef_beam_main_00007":{"x":0.51,"y":130.26,"width":140,"height":320},"ef_beam_main/ef_beam_main_00008":{"x":0.51,"y":130.26,"width":140,"height":320}},"ef_beam_main/ef_beam_main_6":{"ef_beam_main/ef_beam_main_00004":{"x":0.51,"y":130.26,"width":140,"height":320},"ef_beam_main/ef_beam_main_00005":{"x":0.51,"y":130.26,"width":140,"height":320},"ef_beam_main/ef_beam_main_00006":{"x":0.51,"y":130.26,"width":140,"height":320},"ef_beam_main/ef_beam_main_00007":{"x":0.51,"y":130.26,"width":140,"height":320},"ef_beam_main/ef_beam_main_00008":{"x":0.51,"y":130.26,"width":140,"height":320}},"ef_big_slash_main/ef_big_slash_main_00001":{"ef_big_slash_main/ef_big_slash_main_00001":{"x":17.28,"y":10.57,"width":200,"height":300},"ef_big_slash_main/ef_big_slash_main_00002":{"x":17.28,"y":10.57,"width":200,"height":300},"ef_big_slash_main/ef_big_slash_main_00003":{"x":17.28,"y":10.57,"width":200,"height":300},"ef_big_slash_main/ef_big_slash_main_00004":{"x":17.28,"y":10.57,"width":200,"height":300}},"ef_bite_A_main/ef_bite_A_main_00027":{"ef_bite_A_main/ef_bite_A_main_00027":{"x":33.65,"y":-35.87,"width":340,"height":240}},"ef_bite_A_main/ef_bite_A_main_00037":{"ef_bite_A_main/ef_bite_A_main_00037":{"width":340,"height":240},"ef_bite_A_main/ef_bite_A_main_00038":{"width":340,"height":240},"ef_bite_A_main/ef_bite_A_main_00039":{"width":340,"height":240},"ef_bite_A_main/ef_bite_A_main_00040":{"width":340,"height":240},"ef_bite_A_main/ef_bite_A_main_00041":{"width":340,"height":240},"ef_bite_A_main/ef_bite_A_main_00042":{"width":340,"height":240},"ef_bite_A_main/ef_bite_A_main_00043":{"width":340,"height":240},"ef_bite_A_main/ef_bite_A_main_00044":{"width":340,"height":240},"ef_bite_A_main/ef_bite_A_main_00045":{"width":340,"height":240},"ef_bite_A_main/ef_bite_A_main_00046":{"width":340,"height":240},"ef_bite_A_main/ef_bite_A_main_00047":{"width":340,"height":240},"ef_bite_A_main/ef_bite_A_main_00048":{"width":340,"height":240},"ef_bite_A_main/ef_bite_A_main_00049":{"width":340,"height":240},"ef_bite_A_main/ef_bite_A_main_00050":{"width":340,"height":240}},"ef_bite_A_main/ef_bite_A_main_27":{"ef_bite_A_main/ef_bite_A_main_00027":{"x":33.65,"y":38.74,"scaleY":-1,"width":340,"height":240}},"ef_breath_main/ef_breath_main_00002":{"ef_breath_main/ef_breath_main_00002":{"width":300,"height":300},"ef_breath_main/ef_breath_main_00004":{"width":300,"height":300},"ef_breath_main/ef_breath_main_00006":{"width":300,"height":300},"ef_breath_main/ef_breath_main_00008":{"width":300,"height":300},"ef_breath_main/ef_breath_main_00010":{"width":300,"height":300},"ef_breath_main/ef_breath_main_00012":{"width":300,"height":300},"ef_breath_main/ef_breath_main_00014":{"width":300,"height":300},"ef_breath_main/ef_breath_main_00016":{"width":300,"height":300},"ef_breath_main/ef_breath_main_00018":{"width":300,"height":300},"ef_breath_main/ef_breath_main_00020":{"width":300,"height":300},"ef_breath_main/ef_breath_main_00022":{"width":300,"height":300},"ef_breath_main/ef_breath_main_00024":{"width":300,"height":300},"ef_breath_main/ef_breath_main_00026":{"width":300,"height":300},"ef_breath_main/ef_breath_main_00028":{"width":300,"height":300},"ef_breath_main/ef_breath_main_00030":{"width":300,"height":300},"ef_breath_main/ef_breath_main_00032":{"width":300,"height":300},"ef_breath_main/ef_breath_main_00034":{"width":300,"height":300},"ef_breath_main/ef_breath_main_00036":{"width":300,"height":300}},"ef_breath_main/ef_breath_main_2":{"ef_breath_main/ef_breath_main_00002":{"width":300,"height":300},"ef_breath_main/ef_breath_main_00004":{"width":300,"height":300},"ef_breath_main/ef_breath_main_00006":{"width":300,"height":300},"ef_breath_main/ef_breath_main_00008":{"width":300,"height":300},"ef_breath_main/ef_breath_main_00010":{"width":300,"height":300},"ef_breath_main/ef_breath_main_00012":{"width":300,"height":300},"ef_breath_main/ef_breath_main_00014":{"width":300,"height":300},"ef_breath_main/ef_breath_main_00016":{"width":300,"height":300},"ef_breath_main/ef_breath_main_00018":{"width":300,"height":300},"ef_breath_main/ef_breath_main_00020":{"width":300,"height":300},"ef_breath_main/ef_breath_main_00022":{"width":300,"height":300},"ef_breath_main/ef_breath_main_00024":{"width":300,"height":300},"ef_breath_main/ef_breath_main_00026":{"width":300,"height":300},"ef_breath_main/ef_breath_main_00028":{"width":300,"height":300},"ef_breath_main/ef_breath_main_00030":{"width":300,"height":300},"ef_breath_main/ef_breath_main_00032":{"width":300,"height":300},"ef_breath_main/ef_breath_main_00034":{"width":300,"height":300},"ef_breath_main/ef_breath_main_00036":{"width":300,"height":300}},"ef_dash_main/ef_dash_main_00002":{"ef_dash_main/ef_dash_main_00002":{"x":30.35,"y":40.83,"width":200,"height":200},"ef_dash_main/ef_dash_main_00004":{"x":30.35,"y":40.83,"width":200,"height":200},"ef_dash_main/ef_dash_main_00006":{"x":30.35,"y":40.83,"width":200,"height":200},"ef_dash_main/ef_dash_main_00008":{"x":30.35,"y":40.83,"width":200,"height":200},"ef_dash_main/ef_dash_main_00010":{"x":30.35,"y":40.83,"width":200,"height":200},"ef_dash_main/ef_dash_main_00012":{"x":30.35,"y":40.83,"width":200,"height":200}},"ef_hit_main/ef_hit_main_00002":{"ef_hit_main/ef_hit_main_00002":{"width":200,"height":200},"ef_hit_main/ef_hit_main_00003":{"width":200,"height":200},"ef_hit_main/ef_hit_main_00004":{"width":200,"height":200},"ef_hit_main/ef_hit_main_00005":{"width":200,"height":200},"ef_hit_main/ef_hit_main_00006":{"width":200,"height":200},"ef_hit_main/ef_hit_main_00007":{"width":200,"height":200},"ef_hit_main/ef_hit_main_00008":{"width":200,"height":200}},"ef_jet_C_main/ef_jet_C_main_00001":{"ef_jet_C_main/ef_jet_C_main_00001":{"x":-121.43,"width":320,"height":320},"ef_jet_C_main/ef_jet_C_main_00002":{"x":-121.43,"width":320,"height":320},"ef_jet_C_main/ef_jet_C_main_00003":{"x":-121.43,"width":320,"height":320},"ef_jet_C_main/ef_jet_C_main_00004":{"x":-121.43,"width":320,"height":320},"ef_jet_C_main/ef_jet_C_main_00015":{"x":-121.43,"width":320,"height":320},"ef_jet_C_main/ef_jet_C_main_00016":{"x":-121.43,"width":320,"height":320},"ef_jet_C_main/ef_jet_C_main_00017":{"x":-121.43,"width":320,"height":320},"ef_jet_C_main/ef_jet_C_main_00018":{"x":-121.43,"width":320,"height":320},"ef_jet_C_main/ef_jet_C_main_00019":{"x":-121.43,"width":320,"height":320},"ef_jet_C_main/ef_jet_C_main_00020":{"x":-121.43,"width":320,"height":320},"ef_jet_C_main/ef_jet_C_main_00021":{"x":-121.43,"width":320,"height":320},"ef_jet_C_main/ef_jet_C_main_00022":{"x":-121.43,"width":320,"height":320}},"ef_rock_A_main/ef_rock_A_main_00010":{"ef_rock_A_main/ef_rock_A_main_00010":{"x":10.29,"y":70.73,"width":300,"height":240}},"ef_rock_B_main/ef_rock_B_main_00007":{"ef_rock_B_main/ef_rock_B_main_00007":{"x":-0.22,"y":-0.12,"width":375,"height":375}},"ef_rock_B_main/ef_rock_B_main_7":{"ef_rock_B_main/ef_rock_B_main_00007":{"x":-0.22,"y":-0.12,"width":375,"height":375}},"ef_slash_AA_main/ef_slash_AA_main_00001":{"ef_slash_AA_main/ef_slash_AA_main_00001":{"x":17.13,"y":-91.43,"width":300,"height":300},"ef_slash_AA_main/ef_slash_AA_main_00002":{"x":17.13,"y":-91.43,"width":300,"height":300},"ef_slash_AA_main/ef_slash_AA_main_00003":{"x":17.13,"y":-91.43,"width":300,"height":300},"ef_slash_AA_main/ef_slash_AA_main_00004":{"x":17.13,"y":-91.43,"width":300,"height":300},"ef_slash_AA_main/ef_slash_AA_main_00005":{"x":17.13,"y":-91.43,"width":300,"height":300},"ef_slash_AA_main/ef_slash_AA_main_00006":{"x":17.13,"y":-91.43,"width":300,"height":300},"ef_slash_AA_main/ef_slash_AA_main_00007":{"x":17.13,"y":-91.43,"width":300,"height":300},"ef_slash_AA_main/ef_slash_AA_main_00008":{"x":17.13,"y":-91.43,"width":300,"height":300},"ef_slash_AA_main/ef_slash_AA_main_00009":{"x":17.13,"y":-91.43,"width":300,"height":300}},"ef_slash_AA_main/ef_slash_AA_main_1":{"ef_slash_AA_main/ef_slash_AA_main_00001":{"x":17.13,"y":-91.43,"width":300,"height":300},"ef_slash_AA_main/ef_slash_AA_main_00002":{"x":17.13,"y":-91.43,"width":300,"height":300},"ef_slash_AA_main/ef_slash_AA_main_00003":{"x":17.13,"y":-91.43,"width":300,"height":300},"ef_slash_AA_main/ef_slash_AA_main_00004":{"x":17.13,"y":-91.43,"width":300,"height":300},"ef_slash_AA_main/ef_slash_AA_main_00005":{"x":17.13,"y":-91.43,"width":300,"height":300},"ef_slash_AA_main/ef_slash_AA_main_00006":{"x":17.13,"y":-91.43,"width":300,"height":300},"ef_slash_AA_main/ef_slash_AA_main_00007":{"x":17.13,"y":-91.43,"width":300,"height":300},"ef_slash_AA_main/ef_slash_AA_main_00008":{"x":17.13,"y":-91.43,"width":300,"height":300},"ef_slash_AA_main/ef_slash_AA_main_00009":{"x":17.13,"y":-91.43,"width":300,"height":300}},"ef_slash_AA_main/ef_slash_AA_main_2":{"ef_slash_AA_main/ef_slash_AA_main_00001":{"x":17.13,"y":-91.43,"width":300,"height":300},"ef_slash_AA_main/ef_slash_AA_main_00002":{"x":17.13,"y":-91.43,"width":300,"height":300},"ef_slash_AA_main/ef_slash_AA_main_00003":{"x":17.13,"y":-91.43,"width":300,"height":300},"ef_slash_AA_main/ef_slash_AA_main_00004":{"x":17.13,"y":-91.43,"width":300,"height":300},"ef_slash_AA_main/ef_slash_AA_main_00005":{"x":17.13,"y":-91.43,"width":300,"height":300},"ef_slash_AA_main/ef_slash_AA_main_00006":{"x":17.13,"y":-91.43,"width":300,"height":300},"ef_slash_AA_main/ef_slash_AA_main_00007":{"x":17.13,"y":-91.43,"width":300,"height":300},"ef_slash_AA_main/ef_slash_AA_main_00008":{"x":17.13,"y":-91.43,"width":300,"height":300},"ef_slash_AA_main/ef_slash_AA_main_00009":{"x":17.13,"y":-91.43,"width":300,"height":300}},"ef_slash_BB_main/ef_slash_BB_main_00001":{"ef_slash_BB_main/ef_slash_BB_main_00001":{"x":17.28,"y":-45.16,"width":300,"height":300},"ef_slash_BB_main/ef_slash_BB_main_00002":{"x":17.28,"y":-45.16,"width":300,"height":300},"ef_slash_BB_main/ef_slash_BB_main_00003":{"x":17.28,"y":-45.16,"width":300,"height":300},"ef_slash_BB_main/ef_slash_BB_main_00004":{"x":17.28,"y":-45.16,"width":300,"height":300},"ef_slash_BB_main/ef_slash_BB_main_00005":{"x":17.28,"y":-45.16,"width":300,"height":300},"ef_slash_BB_main/ef_slash_BB_main_00006":{"x":17.28,"y":-45.16,"width":300,"height":300},"ef_slash_BB_main/ef_slash_BB_main_00007":{"x":17.28,"y":-45.16,"width":300,"height":300},"ef_slash_BB_main/ef_slash_BB_main_00008":{"x":17.28,"y":-45.16,"width":300,"height":300},"ef_slash_BB_main/ef_slash_BB_main_00009":{"x":17.28,"y":-45.16,"width":300,"height":300}},"ef_slash_DD_main/ef_slash_DD_main_00001":{"ef_slash_DD_main/ef_slash_DD_main_00001":{"x":-68.84,"y":-12.89,"width":300,"height":100},"ef_slash_DD_main/ef_slash_DD_main_00002":{"x":-68.84,"y":-12.89,"width":300,"height":100},"ef_slash_DD_main/ef_slash_DD_main_00003":{"x":-68.84,"y":-12.89,"width":300,"height":100},"ef_slash_DD_main/ef_slash_DD_main_00004":{"x":-68.84,"y":-12.89,"width":300,"height":100},"ef_slash_DD_main/ef_slash_DD_main_00005":{"x":-68.84,"y":-12.89,"width":300,"height":100},"ef_slash_DD_main/ef_slash_DD_main_00006":{"x":-68.84,"y":-12.89,"width":300,"height":100},"ef_slash_DD_main/ef_slash_DD_main_00007":{"x":-68.84,"y":-12.89,"width":300,"height":100},"ef_slash_DD_main/ef_slash_DD_main_00008":{"x":-68.84,"y":-12.89,"width":300,"height":100}},"ef_slash_DD_main/ef_slash_DD_main_1":{"ef_slash_DD_main/ef_slash_DD_main_00001":{"x":-68.84,"y":-12.89,"width":300,"height":100},"ef_slash_DD_main/ef_slash_DD_main_00002":{"x":-68.84,"y":-12.89,"width":300,"height":100},"ef_slash_DD_main/ef_slash_DD_main_00003":{"x":-68.84,"y":-12.89,"width":300,"height":100},"ef_slash_DD_main/ef_slash_DD_main_00004":{"x":-68.84,"y":-12.89,"width":300,"height":100},"ef_slash_DD_main/ef_slash_DD_main_00005":{"x":-68.84,"y":-12.89,"width":300,"height":100},"ef_slash_DD_main/ef_slash_DD_main_00006":{"x":-68.84,"y":-12.89,"width":300,"height":100},"ef_slash_DD_main/ef_slash_DD_main_00007":{"x":-68.84,"y":-12.89,"width":300,"height":100},"ef_slash_DD_main/ef_slash_DD_main_00008":{"x":-68.84,"y":-12.89,"width":300,"height":100}},"ef_slash_DD_main/ef_slash_DD_main_2":{"ef_slash_DD_main/ef_slash_DD_main_00001":{"x":-68.84,"y":-12.89,"width":300,"height":100},"ef_slash_DD_main/ef_slash_DD_main_00002":{"x":-68.84,"y":-12.89,"width":300,"height":100},"ef_slash_DD_main/ef_slash_DD_main_00003":{"x":-68.84,"y":-12.89,"width":300,"height":100},"ef_slash_DD_main/ef_slash_DD_main_00004":{"x":-68.84,"y":-12.89,"width":300,"height":100},"ef_slash_DD_main/ef_slash_DD_main_00005":{"x":-68.84,"y":-12.89,"width":300,"height":100},"ef_slash_DD_main/ef_slash_DD_main_00006":{"x":-68.84,"y":-12.89,"width":300,"height":100},"ef_slash_DD_main/ef_slash_DD_main_00007":{"x":-68.84,"y":-12.89,"width":300,"height":100},"ef_slash_DD_main/ef_slash_DD_main_00008":{"x":-68.84,"y":-12.89,"width":300,"height":100}},"ef_slash_a_main/ef_slash_a_main_00001":{"ef_slash_a_main/ef_slash_a_main_00001":{"x":-41.18,"y":-40.39,"width":300,"height":200},"ef_slash_a_main/ef_slash_a_main_00002":{"x":-41.18,"y":-40.39,"width":300,"height":200},"ef_slash_a_main/ef_slash_a_main_00003":{"x":-41.18,"y":-40.39,"width":300,"height":200},"ef_slash_a_main/ef_slash_a_main_00004":{"x":-41.18,"y":-40.39,"width":300,"height":200},"ef_slash_a_main/ef_slash_a_main_00005":{"x":-41.18,"y":-40.39,"width":300,"height":200}},"ef_slash_a_main/ef_slash_a_main_1":{"ef_slash_a_main/ef_slash_a_main_00001":{"x":-41.18,"y":-40.39,"width":300,"height":200},"ef_slash_a_main/ef_slash_a_main_00002":{"x":-41.18,"y":-40.39,"width":300,"height":200},"ef_slash_a_main/ef_slash_a_main_00003":{"x":-41.18,"y":-40.39,"width":300,"height":200},"ef_slash_a_main/ef_slash_a_main_00004":{"x":-41.18,"y":-40.39,"width":300,"height":200},"ef_slash_a_main/ef_slash_a_main_00005":{"x":-41.18,"y":-40.39,"width":300,"height":200}},"ef_slash_a_main/ef_slash_a_main_2":{"ef_slash_a_main/ef_slash_a_main_00001":{"x":-41.18,"y":-40.39,"width":300,"height":200},"ef_slash_a_main/ef_slash_a_main_00002":{"x":-41.18,"y":-40.39,"width":300,"height":200},"ef_slash_a_main/ef_slash_a_main_00003":{"x":-41.18,"y":-40.39,"width":300,"height":200},"ef_slash_a_main/ef_slash_a_main_00004":{"x":-41.18,"y":-40.39,"width":300,"height":200},"ef_slash_a_main/ef_slash_a_main_00005":{"x":-41.18,"y":-40.39,"width":300,"height":200}},"ef_slash_a_main/ef_slash_a_main_3":{"ef_slash_a_main/ef_slash_a_main_00001":{"x":-41.18,"y":-40.39,"width":300,"height":200},"ef_slash_a_main/ef_slash_a_main_00002":{"x":-41.18,"y":-40.39,"width":300,"height":200},"ef_slash_a_main/ef_slash_a_main_00003":{"x":-41.18,"y":-40.39,"width":300,"height":200},"ef_slash_a_main/ef_slash_a_main_00004":{"x":-41.18,"y":-40.39,"width":300,"height":200},"ef_slash_a_main/ef_slash_a_main_00005":{"x":-41.18,"y":-40.39,"width":300,"height":200}},"ef_tuti_main/ef_tuti_main_00002":{"ef_tuti_main/ef_tuti_main_00002":{"y":14.78,"width":400,"height":240},"ef_tuti_main/ef_tuti_main_00004":{"y":14.78,"width":400,"height":240},"ef_tuti_main/ef_tuti_main_00006":{"y":14.78,"width":400,"height":240},"ef_tuti_main/ef_tuti_main_00008":{"y":14.78,"width":400,"height":240},"ef_tuti_main/ef_tuti_main_00010":{"y":14.78,"width":400,"height":240},"ef_tuti_main/ef_tuti_main_00012":{"y":14.78,"width":400,"height":240},"ef_tuti_main/ef_tuti_main_00014":{"y":14.78,"width":400,"height":240},"ef_tuti_main/ef_tuti_main_00016":{"y":14.78,"width":400,"height":240}},"ef_tuti_main/ef_tuti_main_2":{"ef_tuti_main/ef_tuti_main_00002":{"y":14.78,"width":400,"height":240},"ef_tuti_main/ef_tuti_main_00004":{"y":14.78,"width":400,"height":240},"ef_tuti_main/ef_tuti_main_00006":{"y":14.78,"width":400,"height":240},"ef_tuti_main/ef_tuti_main_00008":{"y":14.78,"width":400,"height":240},"ef_tuti_main/ef_tuti_main_00010":{"y":14.78,"width":400,"height":240},"ef_tuti_main/ef_tuti_main_00012":{"y":14.78,"width":400,"height":240},"ef_tuti_main/ef_tuti_main_00014":{"y":14.78,"width":400,"height":240},"ef_tuti_main/ef_tuti_main_00016":{"y":14.78,"width":400,"height":240}},"ef_wind_A_main/ef_wind_A_main_00006":{"ef_wind_A_main/ef_wind_A_main_00006":{"x":-1.42,"y":10.05,"width":58,"height":103}},"ef_wind_A_main/ef_wind_A_main_7":{"ef_wind_A_main/ef_wind_A_main_00006":{"x":-1.42,"y":10.05,"width":58,"height":103}},"ef_wind_C_main/ef_wind_C_main_00004":{"ef_wind_C_main/ef_wind_C_main_00004":{"y":42.76,"width":300,"height":200},"ef_wind_C_main/ef_wind_C_main_00005":{"y":42.76,"width":300,"height":200},"ef_wind_C_main/ef_wind_C_main_00006":{"y":42.76,"width":300,"height":200},"ef_wind_C_main/ef_wind_C_main_00007":{"y":42.76,"width":300,"height":200},"ef_wind_C_main/ef_wind_C_main_00008":{"y":42.76,"width":300,"height":200},"ef_wind_C_main/ef_wind_C_main_00009":{"y":42.76,"width":300,"height":200},"ef_wind_C_main/ef_wind_C_main_00010":{"y":42.76,"width":300,"height":200},"ef_wind_C_main/ef_wind_C_main_00011":{"y":42.76,"width":300,"height":200},"ef_wind_C_main/ef_wind_C_main_00012":{"y":42.76,"width":300,"height":200},"ef_wind_C_main/ef_wind_C_main_00013":{"y":42.76,"width":300,"height":200},"ef_wind_C_main/ef_wind_C_main_00014":{"y":42.76,"width":300,"height":200}}}},"events":{"efEvent":{},"efEvent2":{},"efEvent3":{},"efEvent4":{}},"animations":{"1-attack1":{"slots":{"ef_slash_AA_main/ef_slash_AA_main_00001":{"attachment":[{"time":0.6333,"name":"ef_slash_AA_main/ef_slash_AA_main_00002"},{"time":0.6666,"name":"ef_slash_AA_main/ef_slash_AA_main_00003"},{"time":0.7,"name":"ef_slash_AA_main/ef_slash_AA_main_00004"},{"time":0.7333,"name":"ef_slash_AA_main/ef_slash_AA_main_00005"},{"time":0.7666,"name":"ef_slash_AA_main/ef_slash_AA_main_00006"},{"time":0.8,"name":"ef_slash_AA_main/ef_slash_AA_main_00007"},{"time":0.8333,"name":null}]},"ef_slash_AA_main/ef_slash_AA_main_1":{"attachment":[{"time":0.6333,"name":"ef_slash_AA_main/ef_slash_AA_main_00002"},{"time":0.6666,"name":"ef_slash_AA_main/ef_slash_AA_main_00003"},{"time":0.7,"name":"ef_slash_AA_main/ef_slash_AA_main_00004"},{"time":0.7333,"name":"ef_slash_AA_main/ef_slash_AA_main_00005"},{"time":0.7666,"name":"ef_slash_AA_main/ef_slash_AA_main_00006"},{"time":0.8,"name":"ef_slash_AA_main/ef_slash_AA_main_00007"},{"time":0.8333,"name":null}]},"ef_slash_AA_main/ef_slash_AA_main_2":{"attachment":[{"time":0.6333,"name":"ef_slash_AA_main/ef_slash_AA_main_00002"},{"time":0.6666,"name":"ef_slash_AA_main/ef_slash_AA_main_00003"},{"time":0.7,"name":"ef_slash_AA_main/ef_slash_AA_main_00004"},{"time":0.7333,"name":"ef_slash_AA_main/ef_slash_AA_main_00005"},{"time":0.7666,"name":"ef_slash_AA_main/ef_slash_AA_main_00006"},{"time":0.8,"name":"ef_slash_AA_main/ef_slash_AA_main_00007"},{"time":0.8333,"name":null}]}},"bones":{"ef_slash_AA_1":{"rotate":[{"time":0.6333,"angle":35.96}],"translate":[{"time":0.6333,"x":-740.22,"y":305.29},{"time":0.6666,"x":-708.6,"y":305.29}],"scale":[{"time":0.6333,"x":-3.48,"y":3.095}]},"ef_slash_AA_2":{"rotate":[{"time":0.6333,"angle":35.96}],"translate":[{"time":0.6333,"x":-784.87,"y":305.29},{"time":0.6666,"x":-727.57,"y":305.29}],"scale":[{"time":0.6333,"x":-2.7,"y":2.7}]},"ef_slash_AA_3":{"rotate":[{"time":0.6333,"angle":35.96}],"translate":[{"time":0.6333,"x":-699.63,"y":305.29},{"time":0.6666,"x":-608.11,"y":305.29}],"scale":[{"time":0.6333,"x":-2.7,"y":2.7}]}}},"1-attack2":{"slots":{"ef_rock_A_main/ef_rock_A_main_00010":{"attachment":[{"time":0.9333,"name":null}]},"ef_slash_AA_main/ef_slash_AA_main_00001":{"attachment":[{"time":0.9333,"name":"ef_slash_AA_main/ef_slash_AA_main_00001"},{"time":0.9666,"name":"ef_slash_AA_main/ef_slash_AA_main_00002"},{"time":1,"name":"ef_slash_AA_main/ef_slash_AA_main_00003"},{"time":1.0333,"name":"ef_slash_AA_main/ef_slash_AA_main_00004"},{"time":1.0666,"name":"ef_slash_AA_main/ef_slash_AA_main_00005"},{"time":1.1,"name":"ef_slash_AA_main/ef_slash_AA_main_00006"},{"time":1.1333,"name":null}]},"ef_slash_AA_main/ef_slash_AA_main_1":{"attachment":[{"time":0.9333,"name":"ef_slash_AA_main/ef_slash_AA_main_00001"},{"time":0.9666,"name":"ef_slash_AA_main/ef_slash_AA_main_00002"},{"time":1,"name":"ef_slash_AA_main/ef_slash_AA_main_00003"},{"time":1.0333,"name":"ef_slash_AA_main/ef_slash_AA_main_00004"},{"time":1.0666,"name":"ef_slash_AA_main/ef_slash_AA_main_00005"},{"time":1.1,"name":"ef_slash_AA_main/ef_slash_AA_main_00006"},{"time":1.1333,"name":null}]},"ef_slash_DD_main/ef_slash_DD_main_00001":{"attachment":[{"time":0.6333,"name":"ef_slash_DD_main/ef_slash_DD_main_00001"},{"time":0.6666,"name":"ef_slash_DD_main/ef_slash_DD_main_00002"},{"time":0.7,"name":"ef_slash_DD_main/ef_slash_DD_main_00003"},{"time":0.7333,"name":"ef_slash_DD_main/ef_slash_DD_main_00004"},{"time":0.7666,"name":"ef_slash_DD_main/ef_slash_DD_main_00005"},{"time":0.8,"name":"ef_slash_DD_main/ef_slash_DD_main_00006"},{"time":0.8333,"name":null},{"time":1.5,"name":"ef_slash_DD_main/ef_slash_DD_main_00001"},{"time":1.5333,"name":"ef_slash_DD_main/ef_slash_DD_main_00002"},{"time":1.5666,"name":"ef_slash_DD_main/ef_slash_DD_main_00003"},{"time":1.6,"name":"ef_slash_DD_main/ef_slash_DD_main_00004"},{"time":1.6333,"name":"ef_slash_DD_main/ef_slash_DD_main_00005"},{"time":1.6666,"name":"ef_slash_DD_main/ef_slash_DD_main_00006"},{"time":1.7,"name":null}]},"ef_slash_DD_main/ef_slash_DD_main_1":{"attachment":[{"time":0.6333,"name":"ef_slash_DD_main/ef_slash_DD_main_00001"},{"time":0.6666,"name":"ef_slash_DD_main/ef_slash_DD_main_00002"},{"time":0.7,"name":"ef_slash_DD_main/ef_slash_DD_main_00003"},{"time":0.7333,"name":"ef_slash_DD_main/ef_slash_DD_main_00004"},{"time":0.7666,"name":"ef_slash_DD_main/ef_slash_DD_main_00005"},{"time":0.8,"name":"ef_slash_DD_main/ef_slash_DD_main_00006"},{"time":0.8333,"name":null},{"time":1.5,"name":"ef_slash_DD_main/ef_slash_DD_main_00001"},{"time":1.5333,"name":"ef_slash_DD_main/ef_slash_DD_main_00002"},{"time":1.5666,"name":"ef_slash_DD_main/ef_slash_DD_main_00003"},{"time":1.6,"name":"ef_slash_DD_main/ef_slash_DD_main_00004"},{"time":1.6333,"name":"ef_slash_DD_main/ef_slash_DD_main_00005"},{"time":1.6666,"name":"ef_slash_DD_main/ef_slash_DD_main_00006"},{"time":1.7,"name":null}]},"ef_slash_DD_main/ef_slash_DD_main_2":{"attachment":[{"time":0.6333,"name":"ef_slash_DD_main/ef_slash_DD_main_00001"},{"time":0.6666,"name":"ef_slash_DD_main/ef_slash_DD_main_00002"},{"time":0.7,"name":"ef_slash_DD_main/ef_slash_DD_main_00003"},{"time":0.7333,"name":"ef_slash_DD_main/ef_slash_DD_main_00004"},{"time":0.7666,"name":"ef_slash_DD_main/ef_slash_DD_main_00005"},{"time":0.8,"name":"ef_slash_DD_main/ef_slash_DD_main_00006"},{"time":0.8333,"name":null},{"time":1.5,"name":"ef_slash_DD_main/ef_slash_DD_main_00001"},{"time":1.5333,"name":"ef_slash_DD_main/ef_slash_DD_main_00002"},{"time":1.5666,"name":"ef_slash_DD_main/ef_slash_DD_main_00003"},{"time":1.6,"name":"ef_slash_DD_main/ef_slash_DD_main_00004"},{"time":1.6333,"name":"ef_slash_DD_main/ef_slash_DD_main_00005"},{"time":1.6666,"name":"ef_slash_DD_main/ef_slash_DD_main_00006"},{"time":1.7,"name":null}]}},"bones":{"ef_slash_DD_1":{"rotate":[{"time":0.6333,"angle":-31.26,"curve":"stepped"},{"time":1.5,"angle":-41.27}],"translate":[{"time":0.6333,"x":-523.27,"y":-84.72,"curve":"stepped"},{"time":1.5,"x":-541.89,"y":-106.28}],"scale":[{"time":0.6333,"x":3.448,"y":3.448,"curve":"stepped"},{"time":1.5,"x":3.448,"y":3.448}]},"ef_slash_DD_2":{"rotate":[{"time":0.6333,"angle":-24.37,"curve":"stepped"},{"time":1.5,"angle":-32.14}],"translate":[{"time":0.6333,"x":-457.86,"y":59.75,"curve":"stepped"},{"time":1.5,"x":-464.72,"y":39.17}],"scale":[{"time":0.6333,"x":3.448,"y":3.448,"curve":"stepped"},{"time":1.5,"x":3.448,"y":3.448}]},"ef_slash_AA_1":{"rotate":[{"time":0.9333,"angle":87.8}],"translate":[{"time":0.9333,"x":-735.62,"y":14.42}],"scale":[{"time":0.9333,"x":2.529,"y":2.498}]},"ef_slash_DD_3":{"rotate":[{"time":0.6333,"angle":-27.97,"curve":"stepped"},{"time":1.5,"angle":-36.02}],"translate":[{"time":0.6333,"x":-448.53,"y":-25.82,"curve":"stepped"},{"time":1.5,"x":-467.15,"y":-47.38}],"scale":[{"time":0.6333,"x":3.847,"y":3.448,"curve":"stepped"},{"time":1.5,"x":3.847,"y":3.448}]},"ef_slash_AA_2":{"rotate":[{"time":0.9333,"angle":87.8}],"translate":[{"time":0.9333,"x":-836.43,"y":50.2}],"scale":[{"time":0.9333,"x":2.529,"y":2.498}]}}},"1-attack3":{"slots":{"ef_bite_A_main/ef_bite_A_main_00027":{"attachment":[{"time":0.6,"name":"ef_bite_A_main/ef_bite_A_main_00027"},{"time":0.6666,"name":null}]},"ef_bite_A_main/ef_bite_A_main_27":{"attachment":[{"time":0.6,"name":"ef_bite_A_main/ef_bite_A_main_00027"},{"time":0.6666,"name":null}]},"ef_bite_A_main/ef_bite_A_main_00037":{"attachment":[{"time":0.6666,"name":"ef_bite_A_main/ef_bite_A_main_00037"},{"time":0.7,"name":"ef_bite_A_main/ef_bite_A_main_00038"},{"time":0.7333,"name":"ef_bite_A_main/ef_bite_A_main_00039"},{"time":0.7666,"name":"ef_bite_A_main/ef_bite_A_main_00040"},{"time":0.8,"name":"ef_bite_A_main/ef_bite_A_main_00041"},{"time":0.8333,"name":"ef_bite_A_main/ef_bite_A_main_00042"},{"time":0.8666,"name":"ef_bite_A_main/ef_bite_A_main_00043"},{"time":0.9,"name":"ef_bite_A_main/ef_bite_A_main_00044"},{"time":0.9333,"name":"ef_bite_A_main/ef_bite_A_main_00045"},{"time":0.9666,"name":"ef_bite_A_main/ef_bite_A_main_00046"},{"time":1,"name":"ef_bite_A_main/ef_bite_A_main_00047"},{"time":1.0333,"name":"ef_bite_A_main/ef_bite_A_main_00048"},{"time":1.0666,"name":"ef_bite_A_main/ef_bite_A_main_00049"},{"time":1.1,"name":"ef_bite_A_main/ef_bite_A_main_00050"},{"time":1.1333,"name":null}]},"ef_dash_main/ef_dash_main_00002":{"attachment":[{"time":0.6,"name":"ef_dash_main/ef_dash_main_00002"},{"time":0.6666,"name":"ef_dash_main/ef_dash_main_00004"},{"time":0.7333,"name":"ef_dash_main/ef_dash_main_00006"},{"time":0.8,"name":"ef_dash_main/ef_dash_main_00008"},{"time":0.8666,"name":"ef_dash_main/ef_dash_main_00010"},{"time":0.9333,"name":"ef_dash_main/ef_dash_main_00012"},{"time":1,"name":null}]},"ef_jet_C_main/ef_jet_C_main_00001":{"attachment":[{"time":0.6,"name":"ef_jet_C_main/ef_jet_C_main_00001"},{"time":0.6333,"name":"ef_jet_C_main/ef_jet_C_main_00002"},{"time":0.6666,"name":"ef_jet_C_main/ef_jet_C_main_00003"},{"time":0.7,"name":"ef_jet_C_main/ef_jet_C_main_00004"},{"time":0.7333,"name":"ef_jet_C_main/ef_jet_C_main_00015"},{"time":0.7666,"name":"ef_jet_C_main/ef_jet_C_main_00016"},{"time":0.8,"name":"ef_jet_C_main/ef_jet_C_main_00017"},{"time":0.8333,"name":"ef_jet_C_main/ef_jet_C_main_00018"},{"time":0.8666,"name":"ef_jet_C_main/ef_jet_C_main_00019"},{"time":0.9,"name":"ef_jet_C_main/ef_jet_C_main_00020"},{"time":0.9333,"name":"ef_jet_C_main/ef_jet_C_main_00021"},{"time":0.9666,"name":"ef_jet_C_main/ef_jet_C_main_00022"},{"time":1,"name":null}]}},"bones":{"ef_bite_root":{"translate":[{"time":0.6,"x":-833.5,"y":-14.83},{"time":0.6333,"x":-612.47,"y":-14.83}],"scale":[{"time":0.6,"x":2.184,"y":2.184},{"time":0.6333,"x":2.354,"y":2.354}]},"ef_bite_f1":{"rotate":[{"time":0.6,"angle":-11.21},{"time":0.6333,"angle":13.32}],"translate":[{"time":0.6,"x":0,"y":-18.98}],"scale":[{"time":0.6,"x":1.538,"y":1.538}]},"ef_bite_f2":{"rotate":[{"time":0.6,"angle":9.24},{"time":0.6333,"angle":-30.23}],"translate":[{"time":0.6,"x":0,"y":16.15}],"scale":[{"time":0.6,"x":1.538,"y":1.538}]},"ef_bite":{"translate":[{"time":0.6666,"x":-430.52,"y":-53.46},{"time":0.8,"x":-419.47,"y":-60.46}],"scale":[{"time":0.6666,"x":3.147,"y":3.147},{"time":0.8,"x":3.843,"y":3.843}]},"ef_dash":{"translate":[{"time":0.6,"x":-1028.03,"y":7.18}],"scale":[{"time":0.6,"x":-3.7,"y":3.7}]},"ef_jet":{"translate":[{"time":0.6,"x":-365.18,"y":87.45},{"time":0.6333,"x":-184.68,"y":61.94,"curve":[0.177,0.88,0.75,1]},{"time":0.8,"x":-80.8,"y":45.55}],"scale":[{"time":0.6,"x":2.934,"y":2.934}]}}},"1-attack4":{"slots":{"ef_hit_main/ef_hit_main_00002":{"attachment":[{"time":0.9666,"name":"ef_hit_main/ef_hit_main_00002"},{"time":1,"name":"ef_hit_main/ef_hit_main_00003"},{"time":1.0333,"name":"ef_hit_main/ef_hit_main_00004"},{"time":1.0666,"name":"ef_hit_main/ef_hit_main_00005"},{"time":1.1,"name":"ef_hit_main/ef_hit_main_00006"},{"time":1.1333,"name":"ef_hit_main/ef_hit_main_00007"},{"time":1.1666,"name":"ef_hit_main/ef_hit_main_00008"},{"time":1.2,"name":null}]},"ef_slash_AA_main/ef_slash_AA_main_00001":{"attachment":[{"time":2.5666,"name":"ef_slash_AA_main/ef_slash_AA_main_00001"},{"time":2.6,"name":"ef_slash_AA_main/ef_slash_AA_main_00002"},{"time":2.6333,"name":"ef_slash_AA_main/ef_slash_AA_main_00003"},{"time":2.6666,"name":"ef_slash_AA_main/ef_slash_AA_main_00004"},{"time":2.7,"name":"ef_slash_AA_main/ef_slash_AA_main_00005"},{"time":2.7333,"name":"ef_slash_AA_main/ef_slash_AA_main_00006"},{"time":2.7666,"name":"ef_slash_AA_main/ef_slash_AA_main_00007"},{"time":2.8,"name":"ef_slash_AA_main/ef_slash_AA_main_00008"},{"time":2.8333,"name":null}]}},"bones":{"ef_hit":{"translate":[{"time":0.9666,"x":-369.3,"y":-35.69}],"scale":[{"time":0.9666,"x":1.589,"y":1.589,"curve":[0.211,0.92,0.75,1]},{"time":1.2,"x":3.107,"y":3.107}]},"ef_slash_AA_1":{"rotate":[{"time":2.5666,"angle":28.03}],"translate":[{"time":2.5666,"x":-874.79,"y":265.29},{"time":2.6333,"x":-937.7,"y":265.29}],"scale":[{"time":2.5666,"x":3.467,"y":3.94}]}}},"1-attack5":{"slots":{"9020_wind1/9020_wind1_00000":{"attachment":[{"time":0,"name":"9020_wind1/9020_wind1_00008"},{"time":0.0333,"name":"9020_wind1/9020_wind1_00010"},{"time":0.0666,"name":"9020_wind1/9020_wind1_00012"},{"time":0.1,"name":"9020_wind1/9020_wind1_00014"},{"time":0.1333,"name":"9020_wind1/9020_wind1_00016"},{"time":0.1666,"name":"9020_wind1/9020_wind1_00018"},{"time":0.2,"name":"9020_wind1/9020_wind1_00020"},{"time":0.2333,"name":"9020_wind1/9020_wind1_00022"},{"time":0.2666,"name":"9020_wind1/9020_wind1_00024"},{"time":0.3,"name":"9020_wind1/9020_wind1_00026"},{"time":0.3333,"name":"9020_wind1/9020_wind1_00028"},{"time":0.3666,"name":null}],"color":[{"time":0,"color":"ffffff00"},{"time":0.1,"color":"ffffffff"}]},"9020_wind1/9020_wind1_0":{"attachment":[{"time":0.2,"name":"9020_wind1/9020_wind1_00008"},{"time":0.2333,"name":"9020_wind1/9020_wind1_00010"},{"time":0.2666,"name":"9020_wind1/9020_wind1_00012"},{"time":0.3,"name":"9020_wind1/9020_wind1_00014"},{"time":0.3333,"name":"9020_wind1/9020_wind1_00016"},{"time":0.3666,"name":"9020_wind1/9020_wind1_00018"},{"time":0.4,"name":"9020_wind1/9020_wind1_00020"},{"time":0.4333,"name":"9020_wind1/9020_wind1_00022"},{"time":0.4666,"name":"9020_wind1/9020_wind1_00024"},{"time":0.5,"name":"9020_wind1/9020_wind1_00026"},{"time":0.5333,"name":"9020_wind1/9020_wind1_00028"},{"time":0.5666,"name":null}],"color":[{"time":0.2,"color":"ffffff00"},{"time":0.3,"color":"ffffffff","curve":"stepped"},{"time":0.4,"color":"ffffffff"},{"time":0.5,"color":"ffffff00"}]},"9020_wind2/9020_wind2_00004":{"attachment":[{"time":0.8666,"name":"9020_wind2/9020_wind2_00004"},{"time":0.9333,"name":"9020_wind2/9020_wind2_00006"},{"time":1,"name":"9020_wind2/9020_wind2_00004"},{"time":1.0666,"name":"9020_wind2/9020_wind2_00006"},{"time":1.1333,"name":"9020_wind2/9020_wind2_00004"},{"time":1.2,"name":"9020_wind2/9020_wind2_00006"},{"time":1.2666,"name":"9020_wind2/9020_wind2_00004"},{"time":1.3333,"name":"9020_wind2/9020_wind2_00006"},{"time":1.4,"name":"9020_wind2/9020_wind2_00004"},{"time":1.4666,"name":"9020_wind2/9020_wind2_00006"},{"time":1.5333,"name":"9020_wind2/9020_wind2_00004"},{"time":1.6,"name":"9020_wind2/9020_wind2_00006"},{"time":1.6666,"name":"9020_wind2/9020_wind2_00004"},{"time":1.7333,"name":"9020_wind2/9020_wind2_00006"},{"time":1.8,"name":"9020_wind2/9020_wind2_00004"},{"time":1.8666,"name":"9020_wind2/9020_wind2_00006"},{"time":1.9333,"name":"9020_wind2/9020_wind2_00004"}],"color":[{"time":1.7333,"color":"ffffffff"},{"time":1.9333,"color":"ffffff00"}]},"ef_wind_A_main/ef_wind_A_main_00006":{"attachment":[{"time":0.8666,"name":"ef_wind_A_main/ef_wind_A_main_00006"},{"time":1.4333,"name":null}],"color":[{"time":0.8666,"color":"ffffff7e"}]},"ef_wind_A_main/ef_wind_A_main_7":{"attachment":[{"time":0.8666,"name":"ef_wind_A_main/ef_wind_A_main_00006"},{"time":1.4333,"name":null}],"color":[{"time":0.8666,"color":"ffffff61"}]}},"bones":{"wind1_1":{"translate":[{"time":0,"x":-571.7,"y":-142.35,"curve":[0.182,0.83,0.576,1]},{"time":0.3666,"x":-570.55,"y":-84.95,"curve":"stepped"},{"time":0.4,"x":-571.95,"y":-78.37}],"scale":[{"time":0,"x":5.159,"y":5.159},{"time":0.7666,"x":0.788,"y":0.788}]},"wind1_2":{"translate":[{"time":0.2,"x":-571.27,"y":-91.6,"curve":[0.183,0.82,0.75,1]},{"time":0.5666,"x":-571.95,"y":-78.37}],"scale":[{"time":0,"x":5.159,"y":5.159},{"time":0.7666,"x":0.788,"y":0.788}]},"wind2_1":{"translate":[{"time":0.8666,"x":-476.37,"y":-171.83,"curve":[0.19,0.85,0.75,1]},{"time":1.9333,"x":-448.52,"y":-229.95}],"scale":[{"time":0.8666,"x":5.4,"y":5.4,"curve":"stepped"},{"time":1,"x":5.4,"y":-5.4,"curve":"stepped"},{"time":1.1333,"x":5.4,"y":5.4,"curve":"stepped"},{"time":1.2666,"x":5.4,"y":-5.4,"curve":"stepped"},{"time":1.4,"x":5.4,"y":5.4,"curve":"stepped"},{"time":1.5333,"x":5.4,"y":-5.4,"curve":"stepped"},{"time":1.6666,"x":5.4,"y":5.4,"curve":"stepped"},{"time":1.8,"x":5.4,"y":-5.4,"curve":"stepped"},{"time":1.9333,"x":5.4,"y":5.4}]},"wind_s2":{"translate":[{"time":0.8666,"x":-609.83,"y":-1592.11},{"time":1.0333,"x":-609.83,"y":1773.61,"curve":"stepped"},{"time":1.0666,"x":-609.83,"y":-1592.11},{"time":1.2333,"x":-609.83,"y":1773.61,"curve":"stepped"},{"time":1.2666,"x":-609.83,"y":-1592.11},{"time":1.4333,"x":-609.83,"y":1773.61}],"scale":[{"time":0.8666,"x":30.443,"y":22.658}]}}},"1-attack6":{"slots":{"ef_hit_main/ef_hit_main_00002":{"attachment":[{"time":0.9666,"name":"ef_hit_main/ef_hit_main_00002"},{"time":1,"name":"ef_hit_main/ef_hit_main_00003"},{"time":1.0333,"name":"ef_hit_main/ef_hit_main_00004"},{"time":1.0666,"name":"ef_hit_main/ef_hit_main_00005"},{"time":1.1,"name":"ef_hit_main/ef_hit_main_00006"},{"time":1.1333,"name":"ef_hit_main/ef_hit_main_00007"},{"time":1.1666,"name":"ef_hit_main/ef_hit_main_00008"},{"time":1.2,"name":null}]},"ef_slash_AA_main/ef_slash_AA_main_00001":{"attachment":[{"time":2.5666,"name":"ef_slash_AA_main/ef_slash_AA_main_00001"},{"time":2.6,"name":"ef_slash_AA_main/ef_slash_AA_main_00002"},{"time":2.6333,"name":"ef_slash_AA_main/ef_slash_AA_main_00003"},{"time":2.6666,"name":"ef_slash_AA_main/ef_slash_AA_main_00004"},{"time":2.7,"name":"ef_slash_AA_main/ef_slash_AA_main_00005"},{"time":2.7333,"name":"ef_slash_AA_main/ef_slash_AA_main_00006"},{"time":2.7666,"name":"ef_slash_AA_main/ef_slash_AA_main_00007"},{"time":2.8,"name":"ef_slash_AA_main/ef_slash_AA_main_00008"},{"time":2.8333,"name":null}]}},"bones":{"ef_hit":{"translate":[{"time":0.9666,"x":-369.3,"y":-35.69}],"scale":[{"time":0.9666,"x":1.589,"y":1.589,"curve":[0.211,0.92,0.75,1]},{"time":1.2,"x":3.107,"y":3.107}]},"ef_slash_AA_1":{"rotate":[{"time":2.5666,"angle":28.03}],"translate":[{"time":2.5666,"x":-874.79,"y":265.29},{"time":2.6333,"x":-937.7,"y":265.29}],"scale":[{"time":2.5666,"x":3.467,"y":3.94}]}}},"1-skill1":{"slots":{"450_S2_wave1_00001":{"attachment":[{"time":3.7666,"name":"450_S2_wave1_00001"},{"time":4.0666,"name":"450_S2_wave1_00001"}],"color":[{"time":3.7666,"color":"ffffffff","curve":"stepped"},{"time":3.8,"color":"ffffffff"},{"time":4.0333,"color":"ffffff00","curve":"stepped"},{"time":4.0666,"color":"ffffffff","curve":"stepped"},{"time":4.1333,"color":"ffffffff"},{"time":4.3666,"color":"ffffff00"}]},"450_S2_wave1_1":{"attachment":[{"time":3.8666,"name":"450_S2_wave1_00001"},{"time":4.2,"name":"450_S2_wave1_00001"}],"color":[{"time":3.8666,"color":"ffffffff","curve":"stepped"},{"time":3.9333,"color":"ffffffff"},{"time":4.1333,"color":"ffffff00","curve":"stepped"},{"time":4.2,"color":"ffffffff","curve":"stepped"},{"time":4.2666,"color":"ffffffff"},{"time":4.4666,"color":"ffffff00"}]},"450_S2_wave1_2":{"attachment":[{"time":4,"name":"450_S2_wave1_00001"},{"time":4.3333,"name":"450_S2_wave1_00001"}],"color":[{"time":4,"color":"ffffffff","curve":"stepped"},{"time":4.0666,"color":"ffffffff"},{"time":4.2333,"color":"ffffff00","curve":"stepped"},{"time":4.3333,"color":"ffffffff","curve":"stepped"},{"time":4.4,"color":"ffffffff"},{"time":4.5666,"color":"ffffff00"}]},"ef_bite_A_main/ef_bite_A_main_27":{"attachment":[{"time":4.3333,"name":"ef_bite_A_main/ef_bite_A_main_00027"},{"time":4.4333,"name":null}]},"ef_bite_A_main/ef_bite_A_main_00027":{"attachment":[{"time":4.3333,"name":"ef_bite_A_main/ef_bite_A_main_00027"},{"time":4.4333,"name":null}]},"ef_bite_A_main/ef_bite_A_main_00037":{"attachment":[{"time":4.4333,"name":"ef_bite_A_main/ef_bite_A_main_00037"},{"time":4.4666,"name":"ef_bite_A_main/ef_bite_A_main_00038"},{"time":4.5,"name":"ef_bite_A_main/ef_bite_A_main_00039"},{"time":4.5333,"name":"ef_bite_A_main/ef_bite_A_main_00040"},{"time":4.5666,"name":"ef_bite_A_main/ef_bite_A_main_00041"},{"time":4.6,"name":"ef_bite_A_main/ef_bite_A_main_00042"},{"time":4.6333,"name":"ef_bite_A_main/ef_bite_A_main_00043"},{"time":4.6666,"name":"ef_bite_A_main/ef_bite_A_main_00044"},{"time":4.7,"name":"ef_bite_A_main/ef_bite_A_main_00045"},{"time":4.7333,"name":"ef_bite_A_main/ef_bite_A_main_00046"},{"time":4.7666,"name":"ef_bite_A_main/ef_bite_A_main_00047"},{"time":4.8,"name":"ef_bite_A_main/ef_bite_A_main_00048"},{"time":4.8333,"name":"ef_bite_A_main/ef_bite_A_main_00049"},{"time":4.8666,"name":"ef_bite_A_main/ef_bite_A_main_00050"},{"time":4.9,"name":null}]},"ef_breath_main/ef_breath_main_00002":{"attachment":[{"time":2.4666,"name":"ef_breath_main/ef_breath_main_00002"},{"time":2.5333,"name":"ef_breath_main/ef_breath_main_00004"},{"time":2.6,"name":"ef_breath_main/ef_breath_main_00006"},{"time":2.6666,"name":"ef_breath_main/ef_breath_main_00008"},{"time":2.7333,"name":"ef_breath_main/ef_breath_main_00010"},{"time":2.8,"name":"ef_breath_main/ef_breath_main_00012"},{"time":2.8666,"name":"ef_breath_main/ef_breath_main_00014"},{"time":2.9333,"name":"ef_breath_main/ef_breath_main_00016"},{"time":3,"name":"ef_breath_main/ef_breath_main_00018"},{"time":3.0666,"name":"ef_breath_main/ef_breath_main_00020"},{"time":3.1333,"name":"ef_breath_main/ef_breath_main_00022"},{"time":3.2,"name":"ef_breath_main/ef_breath_main_00024"},{"time":3.2666,"name":"ef_breath_main/ef_breath_main_00026"},{"time":3.3333,"name":"ef_breath_main/ef_breath_main_00028"},{"time":3.4,"name":"ef_breath_main/ef_breath_main_00030"},{"time":3.4666,"name":"ef_breath_main/ef_breath_main_00032"},{"time":3.5333,"name":"ef_breath_main/ef_breath_main_00034"},{"time":3.6,"name":"ef_breath_main/ef_breath_main_00036"},{"time":3.6666,"name":null}]},"ef_breath_main/ef_breath_main_2":{"attachment":[{"time":2.8,"name":"ef_breath_main/ef_breath_main_00002"},{"time":2.8666,"name":"ef_breath_main/ef_breath_main_00004"},{"time":2.9333,"name":"ef_breath_main/ef_breath_main_00006"},{"time":3,"name":"ef_breath_main/ef_breath_main_00008"},{"time":3.0666,"name":"ef_breath_main/ef_breath_main_00010"},{"time":3.1333,"name":"ef_breath_main/ef_breath_main_00012"},{"time":3.2,"name":"ef_breath_main/ef_breath_main_00014"},{"time":3.2666,"name":"ef_breath_main/ef_breath_main_00016"},{"time":3.3333,"name":"ef_breath_main/ef_breath_main_00018"},{"time":3.4,"name":"ef_breath_main/ef_breath_main_00020"},{"time":3.4666,"name":"ef_breath_main/ef_breath_main_00022"},{"time":3.5333,"name":"ef_breath_main/ef_breath_main_00024"},{"time":3.6,"name":"ef_breath_main/ef_breath_main_00026"},{"time":3.6666,"name":"ef_breath_main/ef_breath_main_00028"},{"time":3.7333,"name":"ef_breath_main/ef_breath_main_00030"},{"time":3.8,"name":"ef_breath_main/ef_breath_main_00032"},{"time":3.8666,"name":"ef_breath_main/ef_breath_main_00034"},{"time":3.9333,"name":"ef_breath_main/ef_breath_main_00036"},{"time":4,"name":null}]},"ef_dash_main/ef_dash_main_00002":{"attachment":[{"time":3.7333,"name":"ef_dash_main/ef_dash_main_00002"},{"time":3.8,"name":"ef_dash_main/ef_dash_main_00004"},{"time":3.8666,"name":"ef_dash_main/ef_dash_main_00006"},{"time":3.9333,"name":"ef_dash_main/ef_dash_main_00008"},{"time":4,"name":"ef_dash_main/ef_dash_main_00010"},{"time":4.0666,"name":"ef_dash_main/ef_dash_main_00012"},{"time":4.1333,"name":null}]},"ef_jet_C_main/ef_jet_C_main_00001":{"attachment":[{"time":3.7333,"name":"ef_jet_C_main/ef_jet_C_main_00001"},{"time":3.7666,"name":"ef_jet_C_main/ef_jet_C_main_00002"},{"time":3.8,"name":"ef_jet_C_main/ef_jet_C_main_00003"},{"time":3.8333,"name":"ef_jet_C_main/ef_jet_C_main_00004"},{"time":3.8666,"name":"ef_jet_C_main/ef_jet_C_main_00015"},{"time":3.9,"name":"ef_jet_C_main/ef_jet_C_main_00016"},{"time":3.9333,"name":"ef_jet_C_main/ef_jet_C_main_00003"},{"time":3.9666,"name":"ef_jet_C_main/ef_jet_C_main_00004"},{"time":4,"name":"ef_jet_C_main/ef_jet_C_main_00015"},{"time":4.0333,"name":"ef_jet_C_main/ef_jet_C_main_00016"},{"time":4.0666,"name":"ef_jet_C_main/ef_jet_C_main_00003"},{"time":4.1,"name":"ef_jet_C_main/ef_jet_C_main_00004"},{"time":4.1333,"name":"ef_jet_C_main/ef_jet_C_main_00015"},{"time":4.1666,"name":"ef_jet_C_main/ef_jet_C_main_00016"},{"time":4.2,"name":"ef_jet_C_main/ef_jet_C_main_00003"},{"time":4.2333,"name":"ef_jet_C_main/ef_jet_C_main_00004"},{"time":4.2666,"name":"ef_jet_C_main/ef_jet_C_main_00015"},{"time":4.3,"name":"ef_jet_C_main/ef_jet_C_main_00016"},{"time":4.3333,"name":"ef_jet_C_main/ef_jet_C_main_00003"},{"time":4.3666,"name":"ef_jet_C_main/ef_jet_C_main_00004"},{"time":4.4,"name":"ef_jet_C_main/ef_jet_C_main_00015"},{"time":4.4333,"name":"ef_jet_C_main/ef_jet_C_main_00016"},{"time":4.4666,"name":"ef_jet_C_main/ef_jet_C_main_00017"},{"time":4.5,"name":"ef_jet_C_main/ef_jet_C_main_00018"},{"time":4.5333,"name":"ef_jet_C_main/ef_jet_C_main_00019"},{"time":4.5666,"name":"ef_jet_C_main/ef_jet_C_main_00020"},{"time":4.6,"name":"ef_jet_C_main/ef_jet_C_main_00021"},{"time":4.6333,"name":"ef_jet_C_main/ef_jet_C_main_00022"},{"time":4.6666,"name":null}]},"ef_tuti_main/ef_tuti_main_00002":{"attachment":[{"time":5.8666,"name":"ef_tuti_main/ef_tuti_main_00002"},{"time":5.9333,"name":"ef_tuti_main/ef_tuti_main_00004"},{"time":6,"name":"ef_tuti_main/ef_tuti_main_00006"},{"time":6.0666,"name":"ef_tuti_main/ef_tuti_main_00008"},{"time":6.1666,"name":"ef_tuti_main/ef_tuti_main_00010"},{"time":6.2666,"name":"ef_tuti_main/ef_tuti_main_00012"},{"time":6.3666,"name":"ef_tuti_main/ef_tuti_main_00014"},{"time":6.4666,"name":"ef_tuti_main/ef_tuti_main_00016"},{"time":6.5666,"name":null}]}},"bones":{"breath_1":{"translate":[{"time":2.4666,"x":-725.36,"y":247.36}],"scale":[{"time":2.4666,"x":1.747,"y":1.747}]},"breath_2":{"translate":[{"time":2.8,"x":-725.36,"y":235.41}],"scale":[{"time":2.8,"x":1.728,"y":1.728}]},"ef_jet":{"translate":[{"time":3.7333,"x":-313.07,"y":129.28,"curve":"stepped"},{"time":3.7666,"x":-368.04,"y":121.69},{"time":4.6666,"x":-185.42,"y":121.69}],"scale":[{"time":3.7333,"x":3.394,"y":3.394}]},"ef_bite_root":{"translate":[{"time":4.3333,"x":-743.9,"y":36.99},{"time":4.4,"x":-683.84,"y":36.99}],"scale":[{"time":3.7333,"x":2.184,"y":2.184},{"time":3.7666,"x":2.354,"y":2.354}]},"ef_bite_f2":{"rotate":[{"time":3.7333,"angle":-33.2},{"time":4.3333,"angle":-32.88},{"time":4.4,"angle":-46.18}],"translate":[{"time":4.3333,"x":0,"y":16.15}],"scale":[{"time":3.7333,"x":2.268,"y":2.268}]},"ef_bite_f1":{"rotate":[{"time":3.7333,"angle":27.02},{"time":4.3333,"angle":27.42},{"time":4.4,"angle":44.49}],"translate":[{"time":3.7333,"x":0,"y":-18.98}],"scale":[{"time":3.7333,"x":2.268,"y":2.268}]},"ef_bite":{"translate":[{"time":4.4333,"x":-519.51,"y":0}],"scale":[{"time":4.4333,"x":3.748,"y":3.748}]},"ef_dash":{"translate":[{"time":3.7333,"x":-1141.56,"y":9.03}],"scale":[{"time":3.7333,"x":-4,"y":4}]},"S2_wave_1":{"translate":[{"time":3.7666,"x":-268.89,"y":232.99,"curve":[0.194,0.62,0.637,0.89]},{"time":4.0333,"x":-507.2,"y":232.99,"curve":"stepped"},{"time":4.0666,"x":-201.32,"y":232.99,"curve":[0.194,0.62,0.637,0.89]},{"time":4.3666,"x":-443.6,"y":232.99}],"scale":[{"time":3.7666,"x":0.714,"y":0.714,"curve":[0.194,0.62,0.637,0.89]},{"time":4.0333,"x":5.922,"y":5.922,"curve":"stepped"},{"time":4.0666,"x":0.714,"y":0.714,"curve":[0.194,0.62,0.637,0.89]},{"time":4.3666,"x":5.922,"y":5.922}]},"S2_wave_2":{"translate":[{"time":3.8666,"x":-254.58,"y":232.99,"curve":[0.194,0.62,0.637,0.89]},{"time":4.1333,"x":-483.76,"y":232.99,"curve":"stepped"},{"time":4.2,"x":-174.29,"y":232.99,"curve":[0.194,0.62,0.637,0.89]},{"time":4.4666,"x":-420.96,"y":232.99}],"scale":[{"time":3.8666,"x":0.714,"y":0.714,"curve":[0.194,0.62,0.637,0.89]},{"time":4.1333,"x":5.922,"y":5.922,"curve":"stepped"},{"time":4.2,"x":0.714,"y":0.714,"curve":[0.194,0.62,0.637,0.89]},{"time":4.4666,"x":5.922,"y":5.922}]},"S2_wave_3":{"translate":[{"time":4,"x":-219.6,"y":232.99,"curve":[0.194,0.62,0.637,0.89]},{"time":4.2333,"x":-473.84,"y":232.99,"curve":"stepped"},{"time":4.3333,"x":-154.41,"y":232.99,"curve":[0.194,0.62,0.637,0.89]},{"time":4.5666,"x":-396.73,"y":232.99}],"scale":[{"time":4,"x":0.714,"y":0.714,"curve":[0.194,0.62,0.637,0.89]},{"time":4.2333,"x":5.922,"y":5.922,"curve":"stepped"},{"time":4.3333,"x":0.714,"y":0.714,"curve":[0.194,0.62,0.637,0.89]},{"time":4.5666,"x":5.922,"y":5.922}]},"ef_tuti_1":{"translate":[{"time":5.8666,"x":-878.13,"y":-1.25}],"scale":[{"time":5.8666,"x":2.767,"y":2.767}]}}},"1-skill2":{"slots":{"450_S2_wave1_1":{"attachment":[{"time":3.6333,"name":"450_S2_wave1_00001"}],"color":[{"time":3.6333,"color":"ffffffff"},{"time":4.2666,"color":"ffffff00"}]},"450_S2_wave1_00001":{"attachment":[{"time":3.5333,"name":"450_S2_wave1_00001"}],"color":[{"time":3.5333,"color":"ffffffff"},{"time":4.1666,"color":"ffffff00"}]},"450_S2_wave1_2":{"attachment":[{"time":3.7,"name":"450_S2_wave1_00001"}],"color":[{"time":3.7,"color":"ffffffff"},{"time":4.3333,"color":"ffffff00"}]},"850_S2_earth1_00040":{"attachment":[{"time":3.5333,"name":"850_S2_earth1_00040"}],"color":[{"time":4.8666,"color":"ffffffff"},{"time":5,"color":"ffffff00"}]},"850_S2_earth1_40":{"attachment":[{"time":3.8666,"name":"850_S2_earth1_00040"},{"time":4.2,"name":"850_S2_earth1_00040"},{"time":4.4333,"name":"850_S2_earth1_00040"}],"color":[{"time":3.8666,"color":"ffffffff","curve":"stepped"},{"time":4,"color":"ffffffff"},{"time":4.0666,"color":"ffffff00","curve":"stepped"},{"time":4.2,"color":"ffffffff","curve":"stepped"},{"time":4.3333,"color":"ffffffff"},{"time":4.4,"color":"ffffff00","curve":"stepped"},{"time":4.4333,"color":"ffffffff","curve":"stepped"},{"time":4.5666,"color":"ffffffff"},{"time":4.6333,"color":"ffffff00"}]},"850_S2_earth1_41":{"attachment":[{"time":3.7333,"name":"850_S2_earth1_00040"}],"color":[{"time":3.7333,"color":"ffffffff","curve":"stepped"},{"time":3.9,"color":"ffffffff"},{"time":3.9666,"color":"ffffff00","curve":"stepped"},{"time":4,"color":"ffffffff","curve":"stepped"},{"time":4.1666,"color":"ffffffff"},{"time":4.2333,"color":"ffffff00","curve":"stepped"},{"time":4.3333,"color":"ffffffff","curve":"stepped"},{"time":4.4666,"color":"ffffffff"},{"time":4.5333,"color":"ffffff00"}]},"850_S2_earth1_42":{"attachment":[{"time":3.6333,"name":"850_S2_earth1_00040"},{"time":3.8666,"name":"850_S2_earth1_00040"}],"color":[{"time":3.6333,"color":"ffffffff","curve":"stepped"},{"time":3.8,"color":"ffffffff"},{"time":3.8333,"color":"ffffff00","curve":"stepped"},{"time":3.8666,"color":"ffffffff","curve":"stepped"},{"time":4.0333,"color":"ffffffff"},{"time":4.0666,"color":"ffffff00"}]},"850_S2_earth1_43":{"attachment":[{"time":4.2666,"name":"850_S2_earth1_00040"},{"time":4.5,"name":null}],"color":[{"time":4.2666,"color":"ffffffff","curve":"stepped"},{"time":4.4,"color":"ffffffff"},{"time":4.5,"color":"ffffff00"}]},"ef_beam_main/ef_beam_main_00004":{"attachment":[{"time":3.5333,"name":"ef_beam_main/ef_beam_main_00004"},{"time":3.6,"name":"ef_beam_main/ef_beam_main_00005"},{"time":3.6666,"name":"ef_beam_main/ef_beam_main_00006"},{"time":3.7333,"name":"ef_beam_main/ef_beam_main_00007"},{"time":3.8,"name":"ef_beam_main/ef_beam_main_00005"},{"time":3.8666,"name":"ef_beam_main/ef_beam_main_00006"},{"time":3.9333,"name":"ef_beam_main/ef_beam_main_00007"},{"time":4,"name":"ef_beam_main/ef_beam_main_00005"},{"time":4.0666,"name":"ef_beam_main/ef_beam_main_00006"},{"time":4.1333,"name":"ef_beam_main/ef_beam_main_00007"},{"time":4.2,"name":"ef_beam_main/ef_beam_main_00005"},{"time":4.2666,"name":"ef_beam_main/ef_beam_main_00006"},{"time":4.3333,"name":"ef_beam_main/ef_beam_main_00007"},{"time":4.4,"name":"ef_beam_main/ef_beam_main_00005"},{"time":4.4666,"name":"ef_beam_main/ef_beam_main_00006"},{"time":4.5333,"name":"ef_beam_main/ef_beam_main_00007"},{"time":4.6,"name":"ef_beam_main/ef_beam_main_00006"},{"time":4.6666,"name":"ef_beam_main/ef_beam_main_00007"},{"time":4.7333,"name":"ef_beam_main/ef_beam_main_00005"},{"time":4.8,"name":"ef_beam_main/ef_beam_main_00006"},{"time":4.8666,"name":"ef_beam_main/ef_beam_main_00008"},{"time":4.9,"name":null},{"time":4.9333,"name":"ef_beam_main/ef_beam_main_00007"},{"time":5,"name":null},{"time":5.0333,"name":"ef_beam_main/ef_beam_main_00007"},{"time":5.2,"name":null}],"color":[{"time":5.0333,"color":"ffffffff"},{"time":5.2,"color":"ffffff00"}]},"ef_beam_main/ef_beam_main_4":{"attachment":[{"time":3.5666,"name":"ef_beam_main/ef_beam_main_00004"},{"time":3.6333,"name":"ef_beam_main/ef_beam_main_00005"},{"time":3.7666,"name":null},{"time":3.8,"name":"ef_beam_main/ef_beam_main_00004"},{"time":3.8666,"name":"ef_beam_main/ef_beam_main_00005"},{"time":4,"name":null},{"time":4.0333,"name":"ef_beam_main/ef_beam_main_00004"},{"time":4.1,"name":"ef_beam_main/ef_beam_main_00005"},{"time":4.2333,"name":null},{"time":4.2666,"name":"ef_beam_main/ef_beam_main_00004"},{"time":4.3333,"name":"ef_beam_main/ef_beam_main_00005"},{"time":4.4666,"name":null}]},"ef_beam_main/ef_beam_main_5":{"attachment":[{"time":3.6333,"name":"ef_beam_main/ef_beam_main_00004"},{"time":3.7,"name":"ef_beam_main/ef_beam_main_00005"},{"time":3.8333,"name":null},{"time":3.8666,"name":"ef_beam_main/ef_beam_main_00004"},{"time":3.9333,"name":"ef_beam_main/ef_beam_main_00005"},{"time":4.0666,"name":null},{"time":4.1,"name":"ef_beam_main/ef_beam_main_00004"},{"time":4.1666,"name":"ef_beam_main/ef_beam_main_00005"},{"time":4.3,"name":null},{"time":4.3333,"name":"ef_beam_main/ef_beam_main_00004"},{"time":4.4,"name":"ef_beam_main/ef_beam_main_00005"},{"time":4.5333,"name":null}]},"ef_beam_main/ef_beam_main_6":{"attachment":[{"time":3.7333,"name":"ef_beam_main/ef_beam_main_00004"},{"time":3.8,"name":"ef_beam_main/ef_beam_main_00005"},{"time":3.9333,"name":null},{"time":3.9666,"name":"ef_beam_main/ef_beam_main_00004"},{"time":4.0333,"name":"ef_beam_main/ef_beam_main_00005"},{"time":4.1666,"name":null},{"time":4.2,"name":"ef_beam_main/ef_beam_main_00004"},{"time":4.2666,"name":"ef_beam_main/ef_beam_main_00005"},{"time":4.4,"name":null},{"time":4.4333,"name":"ef_beam_main/ef_beam_main_00004"},{"time":4.5,"name":"ef_beam_main/ef_beam_main_00005"},{"time":4.6333,"name":null}]},"ef_rock_A_main/ef_rock_A_main_00010":{"attachment":[{"time":0.9333,"name":null},{"time":3.5333,"name":"ef_rock_A_main/ef_rock_A_main_00010"}],"color":[{"time":3.6333,"color":"ffffffff"},{"time":3.7666,"color":"ffffff00"}]},"ef_rock_B_main/ef_rock_B_main_00007":{"attachment":[{"time":3.5,"name":"ef_rock_B_main/ef_rock_B_main_00007"},{"time":3.8666,"name":null},{"time":3.9,"name":"ef_rock_B_main/ef_rock_B_main_00007"},{"time":4.0666,"name":null}]},"ef_rock_B_main/ef_rock_B_main_7":{"attachment":[{"time":3.6333,"name":"ef_rock_B_main/ef_rock_B_main_00007"},{"time":3.8,"name":null},{"time":3.8333,"name":"ef_rock_B_main/ef_rock_B_main_00007"},{"time":4,"name":null}]},"ef_slash_AA_main/ef_slash_AA_main_00001":{"attachment":[{"time":0.9333,"name":"ef_slash_AA_main/ef_slash_AA_main_00001"},{"time":0.9666,"name":"ef_slash_AA_main/ef_slash_AA_main_00002"},{"time":1,"name":"ef_slash_AA_main/ef_slash_AA_main_00003"},{"time":1.0333,"name":"ef_slash_AA_main/ef_slash_AA_main_00004"},{"time":1.0666,"name":"ef_slash_AA_main/ef_slash_AA_main_00005"},{"time":1.1,"name":"ef_slash_AA_main/ef_slash_AA_main_00006"},{"time":1.1333,"name":null},{"time":1.5,"name":"ef_slash_AA_main/ef_slash_AA_main_00002"},{"time":1.5333,"name":"ef_slash_AA_main/ef_slash_AA_main_00003"},{"time":1.5666,"name":"ef_slash_AA_main/ef_slash_AA_main_00004"},{"time":1.6,"name":"ef_slash_AA_main/ef_slash_AA_main_00005"},{"time":1.6333,"name":"ef_slash_AA_main/ef_slash_AA_main_00006"},{"time":1.6666,"name":"ef_slash_AA_main/ef_slash_AA_main_00007"},{"time":1.7,"name":null}]},"ef_slash_AA_main/ef_slash_AA_main_1":{"attachment":[{"time":0.9333,"name":"ef_slash_AA_main/ef_slash_AA_main_00001"},{"time":0.9666,"name":"ef_slash_AA_main/ef_slash_AA_main_00002"},{"time":1,"name":"ef_slash_AA_main/ef_slash_AA_main_00003"},{"time":1.0333,"name":"ef_slash_AA_main/ef_slash_AA_main_00004"},{"time":1.0666,"name":"ef_slash_AA_main/ef_slash_AA_main_00005"},{"time":1.1,"name":"ef_slash_AA_main/ef_slash_AA_main_00006"},{"time":1.1333,"name":null},{"time":1.5,"name":"ef_slash_AA_main/ef_slash_AA_main_00002"},{"time":1.5333,"name":"ef_slash_AA_main/ef_slash_AA_main_00003"},{"time":1.5666,"name":"ef_slash_AA_main/ef_slash_AA_main_00004"},{"time":1.6,"name":"ef_slash_AA_main/ef_slash_AA_main_00005"},{"time":1.6333,"name":"ef_slash_AA_main/ef_slash_AA_main_00006"},{"time":1.6666,"name":"ef_slash_AA_main/ef_slash_AA_main_00007"},{"time":1.7,"name":null}]},"ef_slash_AA_main/ef_slash_AA_main_2":{"attachment":[{"time":1.5,"name":"ef_slash_AA_main/ef_slash_AA_main_00002"},{"time":1.5333,"name":"ef_slash_AA_main/ef_slash_AA_main_00003"},{"time":1.5666,"name":"ef_slash_AA_main/ef_slash_AA_main_00004"},{"time":1.6,"name":"ef_slash_AA_main/ef_slash_AA_main_00005"},{"time":1.6333,"name":"ef_slash_AA_main/ef_slash_AA_main_00006"},{"time":1.6666,"name":"ef_slash_AA_main/ef_slash_AA_main_00007"},{"time":1.7,"name":null}]},"ef_slash_DD_main/ef_slash_DD_main_1":{"attachment":[{"time":0.6333,"name":"ef_slash_DD_main/ef_slash_DD_main_00001"},{"time":0.6666,"name":"ef_slash_DD_main/ef_slash_DD_main_00002"},{"time":0.7,"name":"ef_slash_DD_main/ef_slash_DD_main_00003"},{"time":0.7333,"name":"ef_slash_DD_main/ef_slash_DD_main_00004"},{"time":0.7666,"name":"ef_slash_DD_main/ef_slash_DD_main_00005"},{"time":0.8,"name":"ef_slash_DD_main/ef_slash_DD_main_00006"},{"time":0.8333,"name":null}]},"ef_slash_DD_main/ef_slash_DD_main_00001":{"attachment":[{"time":0.6333,"name":"ef_slash_DD_main/ef_slash_DD_main_00001"},{"time":0.6666,"name":"ef_slash_DD_main/ef_slash_DD_main_00002"},{"time":0.7,"name":"ef_slash_DD_main/ef_slash_DD_main_00003"},{"time":0.7333,"name":"ef_slash_DD_main/ef_slash_DD_main_00004"},{"time":0.7666,"name":"ef_slash_DD_main/ef_slash_DD_main_00005"},{"time":0.8,"name":"ef_slash_DD_main/ef_slash_DD_main_00006"},{"time":0.8333,"name":null}]},"ef_slash_DD_main/ef_slash_DD_main_2":{"attachment":[{"time":0.6333,"name":"ef_slash_DD_main/ef_slash_DD_main_00001"},{"time":0.6666,"name":"ef_slash_DD_main/ef_slash_DD_main_00002"},{"time":0.7,"name":"ef_slash_DD_main/ef_slash_DD_main_00003"},{"time":0.7333,"name":"ef_slash_DD_main/ef_slash_DD_main_00004"},{"time":0.7666,"name":"ef_slash_DD_main/ef_slash_DD_main_00005"},{"time":0.8,"name":"ef_slash_DD_main/ef_slash_DD_main_00006"},{"time":0.8333,"name":null}]},"ef_tuti_main/ef_tuti_main_00002":{"attachment":[{"time":3.5333,"name":"ef_tuti_main/ef_tuti_main_00002"},{"time":3.6,"name":"ef_tuti_main/ef_tuti_main_00004"},{"time":3.6666,"name":"ef_tuti_main/ef_tuti_main_00006"},{"time":3.7333,"name":"ef_tuti_main/ef_tuti_main_00008"},{"time":3.8333,"name":"ef_tuti_main/ef_tuti_main_00010"},{"time":3.9333,"name":"ef_tuti_main/ef_tuti_main_00012"},{"time":4.0333,"name":"ef_tuti_main/ef_tuti_main_00014"},{"time":4.1333,"name":"ef_tuti_main/ef_tuti_main_00016"},{"time":4.2333,"name":null}]},"ef_wind_C_main/ef_wind_C_main_00004":{"attachment":[{"time":3.5333,"name":"ef_wind_C_main/ef_wind_C_main_00004"},{"time":3.6,"name":"ef_wind_C_main/ef_wind_C_main_00005"},{"time":3.6666,"name":"ef_wind_C_main/ef_wind_C_main_00006"},{"time":3.7333,"name":"ef_wind_C_main/ef_wind_C_main_00007"},{"time":3.8,"name":"ef_wind_C_main/ef_wind_C_main_00008"},{"time":3.8666,"name":"ef_wind_C_main/ef_wind_C_main_00009"},{"time":3.9333,"name":"ef_wind_C_main/ef_wind_C_main_00010"},{"time":4,"name":"ef_wind_C_main/ef_wind_C_main_00011"},{"time":4.0666,"name":"ef_wind_C_main/ef_wind_C_main_00012"},{"time":4.1333,"name":"ef_wind_C_main/ef_wind_C_main_00013"},{"time":4.2,"name":"ef_wind_C_main/ef_wind_C_main_00014"},{"time":4.2666,"name":"ef_wind_C_main/ef_wind_C_main_00007"},{"time":4.3333,"name":"ef_wind_C_main/ef_wind_C_main_00008"},{"time":4.4,"name":"ef_wind_C_main/ef_wind_C_main_00009"},{"time":4.4666,"name":"ef_wind_C_main/ef_wind_C_main_00010"},{"time":4.5333,"name":"ef_wind_C_main/ef_wind_C_main_00011"},{"time":4.6,"name":"ef_wind_C_main/ef_wind_C_main_00012"},{"time":4.6666,"name":"ef_wind_C_main/ef_wind_C_main_00013"},{"time":4.7333,"name":"ef_wind_C_main/ef_wind_C_main_00014"},{"time":4.8,"name":null}]}},"bones":{"ef_slash_DD_2":{"rotate":[{"time":0.6333,"angle":-24.37}],"translate":[{"time":0.6333,"x":-457.86,"y":59.75}],"scale":[{"time":0.6333,"x":3.448,"y":3.448}]},"ef_slash_DD_3":{"rotate":[{"time":0.6333,"angle":-27.97}],"translate":[{"time":0.6333,"x":-448.53,"y":-25.82}],"scale":[{"time":0.6333,"x":3.847,"y":3.448}]},"ef_slash_AA_1":{"rotate":[{"time":0.9333,"angle":87.8,"curve":"stepped"},{"time":1.5,"angle":35.96}],"translate":[{"time":0.9333,"x":-735.62,"y":14.42,"curve":"stepped"},{"time":1.5,"x":-740.22,"y":305.29},{"time":1.5333,"x":-708.6,"y":305.29}],"scale":[{"time":0.9333,"x":2.529,"y":2.498,"curve":"stepped"},{"time":1.5,"x":-3.48,"y":3.095}]},"ef_slash_DD_1":{"rotate":[{"time":0.6333,"angle":-31.26}],"translate":[{"time":0.6333,"x":-523.27,"y":-84.72}],"scale":[{"time":0.6333,"x":3.448,"y":3.448}]},"ef_slash_AA_2":{"rotate":[{"time":0.9333,"angle":87.8,"curve":"stepped"},{"time":1.5,"angle":35.96}],"translate":[{"time":0.9333,"x":-836.43,"y":50.2,"curve":"stepped"},{"time":1.5,"x":-784.87,"y":305.29},{"time":1.5333,"x":-727.57,"y":305.29}],"scale":[{"time":0.9333,"x":2.529,"y":2.498,"curve":"stepped"},{"time":1.5,"x":-2.7,"y":2.7}]},"ef_rock_A":{"translate":[{"time":3.5333,"x":-202.05,"y":94.67,"curve":[0.157,0.97,0.563,1]},{"time":3.8333,"x":-202.05,"y":164.44}],"scale":[{"time":3.5333,"x":0.501,"y":0.501,"curve":[0.157,0.97,0.563,1]},{"time":3.8333,"x":2.519,"y":1.631}]},"s2_beam_1":{"translate":[{"time":3.5333,"x":-210.36,"y":2.43}],"scale":[{"time":3.5333,"x":6.393,"y":3.66},{"time":3.6666,"x":5.977,"y":3.66},{"time":3.7333,"x":6.393,"y":3.66},{"time":3.8,"x":5.977,"y":3.66},{"time":3.8666,"x":6.393,"y":3.66},{"time":3.9333,"x":5.977,"y":3.66},{"time":4,"x":6.393,"y":3.66},{"time":4.0666,"x":5.977,"y":3.66},{"time":4.1333,"x":6.393,"y":3.66},{"time":4.2,"x":5.977,"y":3.66},{"time":4.2666,"x":6.393,"y":3.66},{"time":4.3333,"x":5.977,"y":3.66},{"time":4.4,"x":6.393,"y":3.66},{"time":4.4666,"x":5.977,"y":3.66},{"time":4.5333,"x":6.393,"y":3.66},{"time":4.6,"x":7.221,"y":3.66,"curve":[0.313,0.95,0.748,0.69]},{"time":5.0333,"x":0.054,"y":3.66}]},"ef_tuti_1":{"translate":[{"time":3.5333,"x":-413.26,"y":-20.8}],"scale":[{"time":3.5333,"x":3.411,"y":3.411}]},"S2_earth1":{"translate":[{"time":3.5333,"x":-358.85,"y":75.54}],"scale":[{"time":3.5333,"x":3.438,"y":1.403},{"time":3.5666,"x":3.438,"y":3.433},{"time":3.6666,"x":3.438,"y":2.948}]},"s2_beam_2":{"translate":[{"time":3.5666,"x":-354.57,"y":-25.63,"curve":"stepped"},{"time":3.8,"x":-74.04,"y":-31.32,"curve":"stepped"},{"time":4.0333,"x":-74.04,"y":-31.32,"curve":"stepped"},{"time":4.2666,"x":109.09,"y":-33.34}],"scale":[{"time":3.5666,"x":6.473,"y":1.963},{"time":3.6333,"x":3.987,"y":6.181},{"time":3.7666,"x":0.064,"y":3.584,"curve":"stepped"},{"time":3.8,"x":7.292,"y":1.963},{"time":3.8666,"x":4.672,"y":6.109},{"time":4,"x":0.064,"y":3.584},{"time":4.0333,"x":4.32,"y":1.963},{"time":4.1,"x":2.757,"y":5.676},{"time":4.2333,"x":0.064,"y":3.584},{"time":4.2666,"x":1.582,"y":1.963},{"time":4.3333,"x":1.252,"y":5.171},{"time":4.4666,"x":0.064,"y":3.584}]},"s2_beam_3":{"translate":[{"time":3.6333,"x":-14.24,"y":19.93,"curve":"stepped"},{"time":3.8666,"x":-434.32,"y":-37.02,"curve":"stepped"},{"time":4.1,"x":-341.5,"y":-22.43,"curve":"stepped"},{"time":4.3333,"x":-434.32,"y":-37.02}],"scale":[{"time":3.6333,"x":5.625,"y":1.963},{"time":3.7,"x":4.817,"y":6.469},{"time":3.8333,"x":0.064,"y":3.584,"curve":"stepped"},{"time":3.8666,"x":2.992,"y":1.963},{"time":3.9333,"x":1.818,"y":5.676},{"time":4.0666,"x":0.064,"y":3.584,"curve":"stepped"},{"time":4.1,"x":4.356,"y":1.963},{"time":4.1666,"x":2.783,"y":6.542},{"time":4.3,"x":0.064,"y":3.584,"curve":"stepped"},{"time":4.3333,"x":1.582,"y":1.963},{"time":4.4,"x":0.726,"y":5.459},{"time":4.5333,"x":0.064,"y":3.584}]},"s2_beam_4":{"translate":[{"time":3.7333,"x":-316.12,"y":-65.5,"curve":"stepped"},{"time":3.9666,"x":17.08,"y":-25.63,"curve":"stepped"},{"time":4.2,"x":-316.12,"y":-65.5,"curve":"stepped"},{"time":4.4333,"x":17.08,"y":-25.63}],"scale":[{"time":3.7333,"x":6.397,"y":1.963},{"time":3.8,"x":3.77,"y":3.584},{"time":3.9333,"x":0.064,"y":3.584,"curve":"stepped"},{"time":3.9666,"x":6.567,"y":1.963},{"time":4.0333,"x":3.6,"y":3.584},{"time":4.1666,"x":0.064,"y":3.584,"curve":"stepped"},{"time":4.2,"x":1.582,"y":1.963},{"time":4.2666,"x":0.726,"y":3.584},{"time":4.4,"x":0.064,"y":3.584,"curve":"stepped"},{"time":4.4333,"x":1.582,"y":1.963},{"time":4.5,"x":0.726,"y":3.584},{"time":4.6333,"x":0.064,"y":3.584}]},"ef_wind_C":{"translate":[{"time":3.5333,"x":-495.65,"y":140.65,"curve":"stepped"},{"time":4.0666,"x":-495.65,"y":140.65}],"scale":[{"time":3.5333,"x":5.276,"y":6.66,"curve":"stepped"},{"time":4.0666,"x":5.276,"y":6.66}]},"ef_rock_B_1":{"translate":[{"time":3.5,"x":-515.12,"y":-1267.23},{"time":3.6666,"x":-515.12,"y":1732.48,"curve":"stepped"},{"time":3.7,"x":-515.12,"y":-1267.23},{"time":3.8666,"x":-515.12,"y":1732.48,"curve":"stepped"},{"time":3.9,"x":-515.12,"y":-1267.23},{"time":4.0666,"x":-515.12,"y":1732.48}],"scale":[{"time":3.5,"x":3.519,"y":3.519,"curve":"stepped"},{"time":3.9,"x":3.519,"y":3.519}]},"ef_rock_B_2":{"translate":[{"time":3.6333,"x":-515.12,"y":-1267.23},{"time":3.8,"x":-515.12,"y":1732.48,"curve":"stepped"},{"time":3.8333,"x":-515.12,"y":-1267.23},{"time":4,"x":-515.12,"y":1732.48}],"scale":[{"time":3.6333,"x":3.519,"y":-3.52,"curve":"stepped"},{"time":3.8333,"x":3.519,"y":-3.52}]},"ef_slash_AA_3":{"rotate":[{"time":1.5,"angle":35.96}],"translate":[{"time":1.5,"x":-699.63,"y":305.29},{"time":1.5333,"x":-608.11,"y":305.29}],"scale":[{"time":1.5,"x":-2.7,"y":2.7}]},"S2_earth3":{"translate":[{"time":3.7333,"x":-448.68,"y":36.12,"curve":"stepped"},{"time":4,"x":-124.52,"y":70.34,"curve":"stepped"},{"time":4.3333,"x":-580.81,"y":57.98}]},"S2_earth4":{"translate":[{"time":3.6333,"x":-154.94,"y":93.15,"curve":"stepped"},{"time":3.8666,"x":-580.81,"y":82.7}]},"S2_earth2":{"translate":[{"time":3.8666,"x":-572.26,"y":58.93,"curve":"stepped"},{"time":4.2,"x":-460.09,"y":28.51,"curve":"stepped"},{"time":4.4333,"x":-128.33,"y":63.69}],"scale":[{"time":4.4333,"x":0.852,"y":0.852}]},"S2_earth5":{"translate":[{"time":4.2666,"x":-35.17,"y":57.98}]},"S2_wave_3":{"rotate":[{"time":3.7,"angle":90}],"translate":[{"time":3.7,"x":-130,"y":384.47}],"scale":[{"time":3.7,"x":1.497,"y":2.902,"curve":[0.15,0.94,0.55,1]},{"time":4.3333,"x":4.811,"y":9.324}]},"S2_wave_2":{"rotate":[{"time":3.6333,"angle":90}],"translate":[{"time":3.6333,"x":-130,"y":264.15}],"scale":[{"time":3.6333,"x":1.497,"y":2.902,"curve":[0.15,0.94,0.55,1]},{"time":4.2666,"x":4.811,"y":9.324}]},"S2_wave_1":{"rotate":[{"time":3.5333,"angle":90}],"translate":[{"time":3.5333,"x":-130,"y":152.12}],"scale":[{"time":3.5333,"x":1.497,"y":2.902,"curve":[0.15,0.94,0.55,1]},{"time":4.1666,"x":4.811,"y":9.324}]}},"drawOrder":[{"time":3.5333,"offsets":[{"slot":"850_S2_earth1_00040","offset":3}]}]},"GrowndHit":{"slots":{"DAMAGEAREA":{"attachment":[{"time":0.0333,"name":"DAMAGEAREA"},{"time":0.3333,"name":null}]}},"events":[{"time":0.0333,"name":"efEvent","int":400,"string":"kImpactType_knock"},{"time":0.0333,"name":"efEvent2","string":"setHitEffect(hit05a,0,2,0)"},{"time":0.0333,"name":"efEvent3","float":0.5,"string":"kHitStopType_normal"},{"time":0.0333,"name":"efEvent4","string":"setForceImpact(2)"}]},"empty":{},"in":{"slots":{"9020_wind1/9020_wind1_00000":{"attachment":[{"time":0.7333,"name":"9020_wind1/9020_wind1_00008"},{"time":0.7666,"name":"9020_wind1/9020_wind1_00010"},{"time":0.8,"name":"9020_wind1/9020_wind1_00012"},{"time":0.8333,"name":"9020_wind1/9020_wind1_00014"},{"time":0.8666,"name":"9020_wind1/9020_wind1_00016"},{"time":0.9,"name":"9020_wind1/9020_wind1_00018"},{"time":0.9333,"name":"9020_wind1/9020_wind1_00020"},{"time":0.9666,"name":"9020_wind1/9020_wind1_00022"},{"time":1,"name":"9020_wind1/9020_wind1_00024"},{"time":1.0333,"name":"9020_wind1/9020_wind1_00026"},{"time":1.0666,"name":"9020_wind1/9020_wind1_00028"},{"time":1.1,"name":null}],"color":[{"time":0.7333,"color":"ffffff00"},{"time":0.8333,"color":"ffffffff"}]},"9020_wind1/9020_wind1_0":{"attachment":[{"time":0.9333,"name":"9020_wind1/9020_wind1_00008"},{"time":0.9666,"name":"9020_wind1/9020_wind1_00010"},{"time":1,"name":"9020_wind1/9020_wind1_00012"},{"time":1.0333,"name":"9020_wind1/9020_wind1_00014"},{"time":1.0666,"name":"9020_wind1/9020_wind1_00016"},{"time":1.1,"name":"9020_wind1/9020_wind1_00018"},{"time":1.1333,"name":"9020_wind1/9020_wind1_00020"},{"time":1.1666,"name":"9020_wind1/9020_wind1_00022"},{"time":1.2,"name":"9020_wind1/9020_wind1_00024"},{"time":1.2333,"name":"9020_wind1/9020_wind1_00026"},{"time":1.2666,"name":"9020_wind1/9020_wind1_00028"},{"time":1.3,"name":null}],"color":[{"time":0.9333,"color":"ffffff00"},{"time":1.0333,"color":"ffffffff","curve":"stepped"},{"time":1.1333,"color":"ffffffff"},{"time":1.2333,"color":"ffffff00"}]},"9020_wind2/9020_wind2_00004":{"attachment":[{"time":1.4666,"name":"9020_wind2/9020_wind2_00004"},{"time":1.5333,"name":"9020_wind2/9020_wind2_00006"},{"time":1.6,"name":"9020_wind2/9020_wind2_00004"},{"time":1.6666,"name":"9020_wind2/9020_wind2_00006"},{"time":1.7333,"name":"9020_wind2/9020_wind2_00004"},{"time":1.8,"name":"9020_wind2/9020_wind2_00006"},{"time":1.8666,"name":"9020_wind2/9020_wind2_00004"},{"time":1.9333,"name":"9020_wind2/9020_wind2_00006"},{"time":2,"name":"9020_wind2/9020_wind2_00004"},{"time":2.0666,"name":"9020_wind2/9020_wind2_00006"},{"time":2.1333,"name":"9020_wind2/9020_wind2_00004"},{"time":2.2,"name":"9020_wind2/9020_wind2_00006"},{"time":2.2666,"name":"9020_wind2/9020_wind2_00004"},{"time":2.3333,"name":"9020_wind2/9020_wind2_00006"},{"time":2.4,"name":"9020_wind2/9020_wind2_00004"},{"time":2.4666,"name":"9020_wind2/9020_wind2_00006"},{"time":2.5333,"name":"9020_wind2/9020_wind2_00004"}],"color":[{"time":2.3333,"color":"ffffffff"},{"time":2.5333,"color":"ffffff00"}]},"ef_tuti_main/ef_tuti_main_00002":{"attachment":[{"time":0.2333,"name":"ef_tuti_main/ef_tuti_main_00002"},{"time":0.3,"name":"ef_tuti_main/ef_tuti_main_00004"},{"time":0.3666,"name":"ef_tuti_main/ef_tuti_main_00006"},{"time":0.4333,"name":"ef_tuti_main/ef_tuti_main_00008"},{"time":0.5333,"name":"ef_tuti_main/ef_tuti_main_00010"},{"time":0.6333,"name":"ef_tuti_main/ef_tuti_main_00012"},{"time":0.7333,"name":"ef_tuti_main/ef_tuti_main_00014"},{"time":0.8333,"name":"ef_tuti_main/ef_tuti_main_00016"},{"time":0.9333,"name":null}]},"ef_wind_A_main/ef_wind_A_main_00006":{"attachment":[{"time":1.4666,"name":"ef_wind_A_main/ef_wind_A_main_00006"},{"time":2.0333,"name":null}],"color":[{"time":1.4666,"color":"ffffff7e"}]},"ef_wind_A_main/ef_wind_A_main_7":{"attachment":[{"time":1.4666,"name":"ef_wind_A_main/ef_wind_A_main_00006"},{"time":2.0333,"name":null}],"color":[{"time":1.4666,"color":"ffffff61"}]}},"bones":{"wind1_1":{"translate":[{"time":0.7333,"x":-571.7,"y":-142.35,"curve":[0.182,0.83,0.576,1]},{"time":1.1,"x":-570.55,"y":-84.95,"curve":"stepped"},{"time":1.1333,"x":-571.95,"y":-78.37}],"scale":[{"time":0.7333,"x":5.159,"y":5.159},{"time":1.4666,"x":0.788,"y":0.788}]},"wind1_2":{"translate":[{"time":0.9333,"x":-571.27,"y":-91.6,"curve":[0.183,0.82,0.75,1]},{"time":1.3,"x":-571.95,"y":-78.37}],"scale":[{"time":0.7333,"x":5.159,"y":5.159},{"time":1.4666,"x":0.788,"y":0.788}]},"wind2_1":{"translate":[{"time":1.4666,"x":-476.37,"y":-171.83,"curve":[0.19,0.85,0.75,1]},{"time":2.5333,"x":-448.52,"y":-229.95}],"scale":[{"time":1.4666,"x":5.4,"y":5.4,"curve":"stepped"},{"time":1.6,"x":5.4,"y":-5.4,"curve":"stepped"},{"time":1.7333,"x":5.4,"y":5.4,"curve":"stepped"},{"time":1.8666,"x":5.4,"y":-5.4,"curve":"stepped"},{"time":2,"x":5.4,"y":5.4,"curve":"stepped"},{"time":2.1333,"x":5.4,"y":-5.4,"curve":"stepped"},{"time":2.2666,"x":5.4,"y":5.4,"curve":"stepped"},{"time":2.4,"x":5.4,"y":-5.4,"curve":"stepped"},{"time":2.5333,"x":5.4,"y":5.4}]},"wind_s2":{"translate":[{"time":1.4666,"x":-609.83,"y":-1592.11},{"time":1.6333,"x":-609.83,"y":1773.61,"curve":"stepped"},{"time":1.6666,"x":-609.83,"y":-1592.11},{"time":1.8333,"x":-609.83,"y":1773.61,"curve":"stepped"},{"time":1.8666,"x":-609.83,"y":-1592.11},{"time":2.0333,"x":-609.83,"y":1773.61}],"scale":[{"time":1.4666,"x":30.443,"y":22.658}]},"ef_tuti_1":{"translate":[{"time":0.2333,"x":-878.13,"y":-1.25}],"scale":[{"time":0.2333,"x":2.767,"y":2.767}]}}},"wind":{"slots":{"ef_wind_A_main/ef_wind_A_main_00006":{"attachment":[{"time":0,"name":"ef_wind_A_main/ef_wind_A_main_00006"},{"time":1.3,"name":null}],"color":[{"time":0,"color":"ffffffff","curve":"stepped"},{"time":1.1333,"color":"ffffffff"},{"time":1.3,"color":"ffffff00"}]},"ef_wind_A_main/ef_wind_A_main_7":{"attachment":[{"time":0,"name":"ef_wind_A_main/ef_wind_A_main_00006"},{"time":1.3,"name":null}],"color":[{"time":0,"color":"ffffffff","curve":"stepped"},{"time":1.1333,"color":"ffffffff"},{"time":1.3,"color":"ffffff00"}]}},"bones":{"wind_s2":{"translate":[{"time":0,"x":-741.23,"y":-1394.01},{"time":0.1333,"x":-741.23,"y":1180.11,"curve":"stepped"},{"time":0.1666,"x":-741.23,"y":-1394.01},{"time":0.3,"x":-741.23,"y":1180.11,"curve":"stepped"},{"time":0.3333,"x":-741.23,"y":-1394.01},{"time":0.4666,"x":-741.23,"y":1180.11,"curve":"stepped"},{"time":0.5,"x":-741.23,"y":-1394.01},{"time":0.6333,"x":-741.23,"y":1180.11,"curve":"stepped"},{"time":0.6666,"x":-741.23,"y":-1394.01},{"time":0.8,"x":-741.23,"y":1180.11,"curve":"stepped"},{"time":0.8333,"x":-741.23,"y":-1394.01},{"time":0.9666,"x":-741.23,"y":1180.11,"curve":"stepped"},{"time":1,"x":-741.23,"y":-1394.01},{"time":1.1333,"x":-741.23,"y":1180.11,"curve":"stepped"},{"time":1.1666,"x":-741.23,"y":-1394.01},{"time":1.3,"x":-741.23,"y":1180.11}],"scale":[{"time":0,"x":27.954,"y":19.975}]}},"drawOrder":[{"time":0,"offsets":[{"slot":"850_S2_earth1_00040","offset":3}]}]}}}