{"skeleton":{"hash":"svNaxXKeTjTbFDgQ0WCcNAyAOcQ","spine":"3.0.12","width":0,"height":0,"images":"./images/"},"bones":[{"name":"root"},{"name":"MAIN","parent":"root","y":56.75,"color":"ff1100ff"},{"name":"R_shortsword","parent":"MAIN","x":-53.33,"y":55.78,"color":"29ff00ff"},{"name":"EF_fire2","parent":"R_shortsword","x":-7.35,"y":-11.08,"color":"1d9b00ff"},{"name":"L_shortsword","parent":"MAIN","x":51.52,"y":59.02,"color":"ff0600ff"},{"name":"EF_fire1","parent":"L_shortsword","x":32.66,"y":3.35,"color":"9b0001ff"},{"name":"EF_largesword","parent":"MAIN","x":150,"y":-6.75,"color":"ff00d5ff"}],"slots":[{"name":"R_shortsword","bone":"R_shortsword","attachment":"shortsword/shortsword_03"},{"name":"MAIN","bone":"MAIN","attachment":"idle_00"},{"name":"L_shortsword","bone":"L_shortsword","attachment":"shortsword/shortsword_08"},{"name":"EF_largesword","bone":"EF_largesword","color":"ff2612ff","blend":"additive"},{"name":"EF_fire1","bone":"EF_fire1","attachment":"EF_shortsword/EF_L_shortaword_00"},{"name":"EF_fire2","bone":"EF_fire2","attachment":"EF_shortsword/EF_R_shortaword_00"},{"name":"EF_shortsword_01","bone":"EF_fire1"},{"name":"EF_shortsword_1","bone":"EF_fire2"},{"name":"EF_shortsword_00","bone":"EF_fire1"},{"name":"EF_shortsword_0","bone":"EF_fire2"}],"skins":{"default":{"EF_fire1":{"EF_shortsword/EF_L_shortaword_00":{"x":-5.69,"scaleX":2,"scaleY":2,"width":256,"height":256},"EF_shortsword/EF_L_shortaword_01":{"x":-5.69,"scaleX":2,"scaleY":2,"width":256,"height":256},"EF_shortsword/EF_L_shortaword_02":{"x":-5.69,"scaleX":2,"scaleY":2,"width":256,"height":256},"EF_shortsword/EF_L_shortaword_03":{"x":-5.69,"scaleX":2,"scaleY":2,"width":256,"height":256},"EF_shortsword/EF_L_shortaword_04":{"x":-5.69,"scaleX":2,"scaleY":2,"width":256,"height":256},"EF_shortsword/EF_L_shortaword_05":{"x":-5.69,"scaleX":2,"scaleY":2,"width":256,"height":256}},"EF_fire2":{"EF_shortsword/EF_R_shortaword_00":{"x":-5.69,"scaleX":2,"scaleY":2,"width":256,"height":256},"EF_shortsword/EF_R_shortaword_01":{"x":-5.69,"scaleX":2,"scaleY":2,"width":256,"height":256},"EF_shortsword/EF_R_shortaword_02":{"x":-5.69,"scaleX":2,"scaleY":2,"width":256,"height":256},"EF_shortsword/EF_R_shortaword_03":{"x":-5.69,"scaleX":2,"scaleY":2,"width":256,"height":256},"EF_shortsword/EF_R_shortaword_04":{"x":-5.69,"scaleX":2,"scaleY":2,"width":256,"height":256},"EF_shortsword/EF_R_shortaword_05":{"x":-5.69,"scaleX":2,"scaleY":2,"width":256,"height":256}},"L_shortsword":{"shortsword/shortsword_03":{"x":-14.5,"y":-3.52,"scaleX":2,"scaleY":2,"width":256,"height":256},"shortsword/shortsword_08":{"y":-12.93,"scaleX":2,"scaleY":2,"width":256,"height":256}},"MAIN":{"idle_00":{"x":-15.6,"y":22.28,"scaleX":2,"scaleY":2,"width":256,"height":256},"idle_01":{"x":-15.6,"y":22.28,"scaleX":2,"scaleY":2,"width":256,"height":256},"idle_02":{"x":-15.6,"y":22.28,"scaleX":2,"scaleY":2,"width":256,"height":256},"idle_03":{"x":-15.6,"y":22.28,"scaleX":2,"scaleY":2,"width":256,"height":256},"idle_04":{"x":-15.6,"y":22.28,"scaleX":2,"scaleY":2,"width":256,"height":256},"idle_05":{"x":-15.6,"y":22.28,"scaleX":2,"scaleY":2,"width":256,"height":256}},"R_shortsword":{"shortsword/shortsword_03":{"x":-14.5,"y":-3.52,"scaleX":2,"scaleY":2,"width":256,"height":256},"shortsword/shortsword_08":{"y":-12.93,"scaleX":2,"scaleY":2,"width":256,"height":256}}}},"events":{"Event":{},"Hit":{},"Sound1":{},"Sound2":{},"Sound3":{},"Voice":{}},"animations":{"idle":{"slots":{"EF_fire1":{"attachment":[{"time":0,"name":"EF_shortsword/EF_L_shortaword_00"},{"time":0.1666,"name":"EF_shortsword/EF_L_shortaword_01"},{"time":0.3333,"name":"EF_shortsword/EF_L_shortaword_02"},{"time":0.5,"name":"EF_shortsword/EF_L_shortaword_03"},{"time":0.6666,"name":"EF_shortsword/EF_L_shortaword_04"},{"time":0.8333,"name":"EF_shortsword/EF_L_shortaword_05"},{"time":1,"name":"EF_shortsword/EF_L_shortaword_00"}]},"EF_fire2":{"attachment":[{"time":0,"name":"EF_shortsword/EF_R_shortaword_00"},{"time":0.1666,"name":"EF_shortsword/EF_R_shortaword_01"},{"time":0.3333,"name":"EF_shortsword/EF_R_shortaword_02"},{"time":0.5,"name":"EF_shortsword/EF_R_shortaword_03"},{"time":0.6666,"name":"EF_shortsword/EF_R_shortaword_04"},{"time":0.8333,"name":"EF_shortsword/EF_R_shortaword_05"},{"time":1,"name":"EF_shortsword/EF_R_shortaword_00"}]},"L_shortsword":{"attachment":[{"time":0,"name":"shortsword/shortsword_08"}]},"MAIN":{"attachment":[{"time":0,"name":"idle_00"},{"time":0.1666,"name":"idle_01"},{"time":0.3333,"name":"idle_02"},{"time":0.5,"name":"idle_03"},{"time":0.6666,"name":"idle_04"},{"time":0.8333,"name":"idle_05"},{"time":1,"name":"idle_00"}]},"R_shortsword":{"attachment":[{"time":0,"name":"shortsword/shortsword_03"}]}},"bones":{"EF_fire1":{"rotate":[{"time":0,"angle":0}],"translate":[{"time":0,"x":0,"y":0,"curve":"stepped"},{"time":0.1666,"x":-2.06,"y":-26.82,"curve":"stepped"},{"time":0.3333,"x":-1.65,"y":-15.62,"curve":"stepped"},{"time":0.5,"x":-1.23,"y":-8.8,"curve":"stepped"},{"time":0.6666,"x":-0.82,"y":10.66,"curve":"stepped"},{"time":0.8333,"x":-0.41,"y":28.67,"curve":"stepped"},{"time":1,"x":0,"y":0}],"scale":[{"time":0,"x":1,"y":1}]},"EF_fire2":{"rotate":[{"time":0,"angle":0}],"translate":[{"time":0,"x":0,"y":0,"curve":"stepped"},{"time":0.1666,"x":0,"y":-2.84,"curve":"stepped"},{"time":0.3333,"x":0,"y":-0.33,"curve":"stepped"},{"time":0.5,"x":0,"y":2.17,"curve":"stepped"},{"time":0.6666,"x":0,"y":4.67,"curve":"stepped"},{"time":0.8333,"x":0,"y":7.2,"curve":"stepped"},{"time":1,"x":0,"y":0}],"scale":[{"time":0,"x":1,"y":1}]},"L_shortsword":{"rotate":[{"time":0,"angle":0}],"translate":[{"time":0,"x":0,"y":0},{"time":0.5,"x":0,"y":-6.04},{"time":1,"x":0,"y":0}],"scale":[{"time":0,"x":1,"y":1}]},"MAIN":{"rotate":[{"time":0,"angle":0}],"translate":[{"time":0,"x":0,"y":0}],"scale":[{"time":0,"x":1,"y":1}]},"R_shortsword":{"rotate":[{"time":0,"angle":0}],"translate":[{"time":0,"x":0,"y":0},{"time":0.5,"x":0,"y":-6.04},{"time":1,"x":0,"y":0}],"scale":[{"time":0,"x":1,"y":1}]},"root":{"rotate":[{"time":0,"angle":0}],"translate":[{"time":0,"x":0,"y":0}],"scale":[{"time":0,"x":1,"y":1}]},"EF_largesword":{"rotate":[{"time":0,"angle":0}],"translate":[{"time":0,"x":0,"y":0}],"scale":[{"time":0,"x":1,"y":1}]}}}}}