{"skeleton":{"hash":"w4SdLA+Z9EoG5Bcd55nNMuqYUj4","spine":"3.0.12","width":0,"height":0},"bones":[{"name":"root"},{"name":"MAIN","parent":"root","y":63.75}],"slots":[{"name":"MAIN","bone":"MAIN","attachment":"idle_00"}],"skins":{"default":{"MAIN":{"idle_00":{"x":-4.23,"y":9.46,"width":500,"height":500},"idle_01":{"x":-4.23,"y":9.46,"width":500,"height":500},"idle_02":{"x":-4.23,"y":9.46,"width":500,"height":500},"idle_03":{"x":-4.23,"y":9.46,"width":500,"height":500}}}},"animations":{"idle":{"slots":{"MAIN":{"attachment":[{"time":0,"name":"idle_00"},{"time":0.2666,"name":"idle_01"},{"time":0.5,"name":"idle_02"},{"time":0.7666,"name":"idle_03"},{"time":1,"name":"idle_00"}]}},"bones":{"MAIN":{"translate":[{"time":0,"x":0,"y":0}]}}}}}