{"skeleton":{"hash":"4biFuiRa+cSWe8JgZyIKVPG/73k","spine":"3.0.12","width":0,"height":0,"images":"./images/"},"bones":[{"name":"root"},{"name":"grid","parent":"root"},{"name":"MAIN","parent":"root","y":55},{"name":"SHADOW-OFFSET","parent":"MAIN"},{"name":"HITBOX","parent":"MAIN"},{"name":"DAMAGEAREA","parent":"root"},{"name":"850_S2_earth_re2","parent":"root","scaleX":3,"scaleY":3},{"name":"850_S2_earth_re","parent":"root","scaleX":3,"scaleY":3},{"name":"600_S1_earth_re","parent":"root","scaleX":3,"scaleY":3},{"name":"100_S1_wave_re2","parent":"root","y":10,"scaleX":3,"scaleY":3},{"name":"100_S1_wave_re","parent":"root","y":10,"scaleX":2.5,"scaleY":2.5},{"name":"100_S1_dusty_re3","parent":"root","scaleX":2,"scaleY":2},{"name":"100_S1_dusty_re2","parent":"root","scaleX":2,"scaleY":2},{"name":"100_S1_dusty_re","parent":"root","scaleX":2.75,"scaleY":2.75},{"name":"slash_EF","parent":"MAIN","y":-55}],"slots":[{"name":"grid/bg","bone":"grid","color":"ffffff64"},{"name":"grid/grid","bone":"grid","color":"ffffff64"},{"name":"EF/600_S1_earth1/600_S1_earth1_0","bone":"600_S1_earth_re"},{"name":"EF/850_S2_earth1/850_S2_earth1_0","bone":"850_S2_earth_re"},{"name":"EF/850_S2_earth1/850_S2_earth1_1","bone":"850_S2_earth_re2"},{"name":"EF/100_S1_wave1/100_S1_wave1_0","bone":"100_S1_wave_re","blend":"additive"},{"name":"EF/100_S1_wave1/100_S1_wave1_1","bone":"100_S1_wave_re2","blend":"additive"},{"name":"EF/100_S1_dusty1/100_S1_dusty1_0","bone":"100_S1_dusty_re","blend":"additive"},{"name":"EF/100_S1_dusty1/100_S1_dusty1_1","bone":"100_S1_dusty_re2","blend":"additive"},{"name":"EF/100_S1_dusty1/100_S1_dusty1_2","bone":"100_S1_dusty_re3","blend":"additive"},{"name":"MAIN","bone":"MAIN","attachment":"idle_00"},{"name":"DAMAGEAREA","bone":"DAMAGEAREA"},{"name":"HITBOX","bone":"HITBOX","attachment":"HITBOX"},{"name":"EF/slash_EF/up_EF_1","bone":"slash_EF","blend":"additive"}],"skins":{"default":{"DAMAGEAREA":{"DAMAGEAREA":{"type":"boundingbox","vertices":[-98.17529,98.00635,-98.17529,-98.1936,98.02466,-98.1936,98.02466,98.44235,0,0,0,0,0,0,0,0]}},"EF/100_S1_dusty1/100_S1_dusty1_0":{"EF/100_S1_dusty1/100_S1_dusty1_00000":{"y":20,"width":256,"height":256},"EF/100_S1_dusty1/100_S1_dusty1_00001":{"y":20,"width":256,"height":256},"EF/100_S1_dusty1/100_S1_dusty1_00002":{"y":20,"width":256,"height":256},"EF/100_S1_dusty1/100_S1_dusty1_00003":{"y":20,"width":256,"height":256},"EF/100_S1_dusty1/100_S1_dusty1_00004":{"y":20,"width":256,"height":256},"EF/100_S1_dusty1/100_S1_dusty1_00005":{"y":20,"width":256,"height":256},"EF/100_S1_dusty1/100_S1_dusty1_00006":{"y":20,"width":256,"height":256},"EF/100_S1_dusty1/100_S1_dusty1_00007":{"y":20,"width":256,"height":256},"EF/100_S1_dusty1/100_S1_dusty1_00008":{"y":20,"width":256,"height":256},"EF/100_S1_dusty1/100_S1_dusty1_00009":{"y":20,"width":256,"height":256},"EF/100_S1_dusty1/100_S1_dusty1_00010":{"y":20,"width":256,"height":256}},"EF/100_S1_dusty1/100_S1_dusty1_1":{"EF/100_S1_dusty1/100_S1_dusty1_00000":{"y":20,"width":256,"height":256},"EF/100_S1_dusty1/100_S1_dusty1_00001":{"y":20,"width":256,"height":256},"EF/100_S1_dusty1/100_S1_dusty1_00002":{"y":20,"width":256,"height":256},"EF/100_S1_dusty1/100_S1_dusty1_00003":{"y":20,"width":256,"height":256},"EF/100_S1_dusty1/100_S1_dusty1_00004":{"y":20,"width":256,"height":256},"EF/100_S1_dusty1/100_S1_dusty1_00005":{"y":20,"width":256,"height":256},"EF/100_S1_dusty1/100_S1_dusty1_00006":{"y":20,"width":256,"height":256},"EF/100_S1_dusty1/100_S1_dusty1_00007":{"y":20,"width":256,"height":256},"EF/100_S1_dusty1/100_S1_dusty1_00008":{"y":20,"width":256,"height":256},"EF/100_S1_dusty1/100_S1_dusty1_00009":{"y":20,"width":256,"height":256},"EF/100_S1_dusty1/100_S1_dusty1_00010":{"y":20,"width":256,"height":256}},"EF/100_S1_dusty1/100_S1_dusty1_2":{"EF/100_S1_dusty1/100_S1_dusty1_00000":{"y":20,"width":256,"height":256},"EF/100_S1_dusty1/100_S1_dusty1_00001":{"y":20,"width":256,"height":256},"EF/100_S1_dusty1/100_S1_dusty1_00002":{"y":20,"width":256,"height":256},"EF/100_S1_dusty1/100_S1_dusty1_00003":{"y":20,"width":256,"height":256},"EF/100_S1_dusty1/100_S1_dusty1_00004":{"y":20,"width":256,"height":256},"EF/100_S1_dusty1/100_S1_dusty1_00005":{"y":20,"width":256,"height":256},"EF/100_S1_dusty1/100_S1_dusty1_00006":{"y":20,"width":256,"height":256},"EF/100_S1_dusty1/100_S1_dusty1_00007":{"y":20,"width":256,"height":256},"EF/100_S1_dusty1/100_S1_dusty1_00008":{"y":20,"width":256,"height":256},"EF/100_S1_dusty1/100_S1_dusty1_00009":{"y":20,"width":256,"height":256},"EF/100_S1_dusty1/100_S1_dusty1_00010":{"y":20,"width":256,"height":256}},"EF/100_S1_wave1/100_S1_wave1_0":{"EF/100_S1_wave1/100_S1_wave1_00000":{"y":10,"width":256,"height":256},"EF/100_S1_wave1/100_S1_wave1_00001":{"y":10,"width":256,"height":256},"EF/100_S1_wave1/100_S1_wave1_00002":{"y":10,"width":256,"height":256},"EF/100_S1_wave1/100_S1_wave1_00003":{"y":10,"width":256,"height":256},"EF/100_S1_wave1/100_S1_wave1_00004":{"y":10,"width":256,"height":256},"EF/100_S1_wave1/100_S1_wave1_00005":{"y":10,"width":256,"height":256},"EF/100_S1_wave1/100_S1_wave1_00006":{"y":10,"width":256,"height":256},"EF/100_S1_wave1/100_S1_wave1_00007":{"y":10,"width":256,"height":256},"EF/100_S1_wave1/100_S1_wave1_00008":{"y":10,"width":256,"height":256},"EF/100_S1_wave1/100_S1_wave1_00009":{"y":10,"width":256,"height":256}},"EF/100_S1_wave1/100_S1_wave1_1":{"EF/100_S1_wave1/100_S1_wave1_00000":{"y":10,"width":256,"height":256},"EF/100_S1_wave1/100_S1_wave1_00001":{"y":10,"width":256,"height":256},"EF/100_S1_wave1/100_S1_wave1_00002":{"y":10,"width":256,"height":256},"EF/100_S1_wave1/100_S1_wave1_00003":{"y":10,"width":256,"height":256},"EF/100_S1_wave1/100_S1_wave1_00004":{"y":10,"width":256,"height":256},"EF/100_S1_wave1/100_S1_wave1_00005":{"y":10,"width":256,"height":256},"EF/100_S1_wave1/100_S1_wave1_00006":{"y":10,"width":256,"height":256},"EF/100_S1_wave1/100_S1_wave1_00007":{"y":10,"width":256,"height":256},"EF/100_S1_wave1/100_S1_wave1_00008":{"y":10,"width":256,"height":256},"EF/100_S1_wave1/100_S1_wave1_00009":{"y":10,"width":256,"height":256}},"EF/600_S1_earth1/600_S1_earth1_0":{"EF/600_S1_earth1/600_S1_earth1_00000":{"y":20,"width":256,"height":256}},"EF/850_S2_earth1/850_S2_earth1_0":{"EF/850_S2_earth1/850_S2_earth1_00002":{"y":20,"width":256,"height":256}},"EF/850_S2_earth1/850_S2_earth1_1":{"EF/850_S2_earth1/850_S2_earth1_00002":{"y":20,"width":256,"height":256}},"EF/slash_EF/up_EF_1":{"EF/slash_EF/up_EF_1":{"x":-37.43,"y":-64.63,"width":200,"height":200},"EF/slash_EF/up_EF_2":{"x":-37.43,"y":-64.63,"width":200,"height":200},"EF/slash_EF/up_EF_3":{"x":-37.43,"y":-64.63,"width":200,"height":200},"EF/slash_EF/up_EF_4":{"x":-37.43,"y":-64.63,"width":200,"height":200}},"HITBOX":{"HITBOX":{"type":"boundingbox","vertices":[-39.13641,42.6754,-39.13641,-54.03439,40.6634,-53.84439,41.04338,42.6754,0,0,0,0,0,0,0,0]}},"MAIN":{"attack_00":{"x":-10,"y":35,"width":400,"height":400},"attack_01":{"x":-10,"y":35,"width":400,"height":400},"attack_02":{"x":-10,"y":35,"width":400,"height":400},"attack_03":{"x":-10,"y":35,"width":400,"height":400},"attack_04":{"x":-10,"y":35,"width":400,"height":400},"attack_05":{"x":-10,"y":35,"width":400,"height":400},"attack_06":{"x":-10,"y":35,"width":400,"height":400},"attack_07":{"x":-10,"y":35,"width":400,"height":400},"attack_08":{"x":-10,"y":35,"width":400,"height":400},"attack_09":{"x":-10,"y":35,"width":400,"height":400},"attack_10":{"x":-10,"y":35,"width":400,"height":400},"attack_11":{"x":-10,"y":35,"width":400,"height":400},"attack_12":{"x":17.35,"y":35,"width":400,"height":400},"attack_13":{"x":17.35,"y":35,"width":400,"height":400},"attack_14":{"x":17.35,"y":35,"width":400,"height":400},"back_00":{"x":-5,"y":35,"width":400,"height":400},"damage_00":{"x":-5,"y":35,"rotation":-0.02,"width":400,"height":400},"front_00":{"x":-20,"y":35,"width":400,"height":400},"front_01":{"x":-20,"y":35,"width":400,"height":400},"front_02":{"x":-20,"y":35,"width":400,"height":400},"idle_00":{"x":-5,"y":35,"rotation":-0.02,"width":400,"height":400},"idle_01":{"x":-5,"y":35,"rotation":-0.02,"width":400,"height":400},"idle_02":{"x":-5,"y":35,"rotation":-0.02,"width":400,"height":400},"idle_03":{"x":-5,"y":35,"rotation":-0.02,"width":400,"height":400},"idle_04":{"x":-5,"y":35,"rotation":-0.02,"width":400,"height":400},"skill1_00":{"x":-15,"y":35,"width":400,"height":400},"skill1_01":{"x":-15,"y":35,"width":400,"height":400},"skill1_02":{"x":-15,"y":35,"width":400,"height":400},"skill1_03":{"x":3,"y":30,"width":400,"height":400},"skill1_04":{"x":26.5,"y":23,"width":400,"height":400},"skill1_05":{"x":39,"y":16,"width":400,"height":400},"skill1_06":{"x":-10,"y":43,"width":400,"height":400},"skill1_07":{"y":-10,"width":400,"height":400},"skill1_08":{"x":-8,"y":37,"width":400,"height":400},"skill1_09":{"x":-8,"y":37,"width":400,"height":400},"skill1_10":{"x":-8,"y":37,"width":400,"height":400},"skill1_11":{"x":-8,"y":37,"width":400,"height":400},"skill1_12":{"x":-8,"y":37,"width":400,"height":400},"skill1_13":{"x":-8,"y":37,"width":400,"height":400},"skill1_14":{"x":-8,"y":37,"width":400,"height":400},"skill1_15":{"x":-8,"y":37,"width":400,"height":400},"skill1_loop_00":{"x":45.68,"y":-16.68,"width":400,"height":400},"skill1_loop_01":{"x":45.69,"y":-16.68,"width":400,"height":400}}}},"events":{"Event":{},"Hit":{},"HitEffect":{},"Sound1":{},"Sound2":{},"Sound3":{},"View":{},"Voice":{}},"animations":{"attack1":{"slots":{"DAMAGEAREA":{"attachment":[{"time":0.4666,"name":"DAMAGEAREA"},{"time":0.5666,"name":null},{"time":1.1,"name":"DAMAGEAREA"},{"time":1.2666,"name":null}]},"EF/slash_EF/up_EF_1":{"attachment":[{"time":0.4666,"name":"EF/slash_EF/up_EF_1"},{"time":0.5,"name":"EF/slash_EF/up_EF_2"},{"time":0.5333,"name":"EF/slash_EF/up_EF_3"},{"time":0.5666,"name":null},{"time":1.1,"name":"EF/slash_EF/up_EF_1"},{"time":1.1333,"name":"EF/slash_EF/up_EF_2"},{"time":1.1666,"name":null}],"color":[{"time":0,"color":"ff2612ff","curve":"stepped"},{"time":0.4666,"color":"ff2612ff"}]},"MAIN":{"attachment":[{"time":0.1,"name":"attack_01"},{"time":0.2,"name":"attack_02"},{"time":0.4,"name":"attack_03"},{"time":0.4333,"name":"attack_04"},{"time":0.4666,"name":"attack_05"},{"time":0.5,"name":"attack_06"},{"time":0.5666,"name":"attack_07"},{"time":0.6,"name":"attack_08"},{"time":0.6666,"name":"attack_09"},{"time":0.7666,"name":"attack_10"},{"time":0.9,"name":"attack_11"},{"time":1.1,"name":"attack_12"},{"time":1.1666,"name":"attack_13"},{"time":1.2333,"name":"attack_14"},{"time":1.6,"name":"idle_00"}]}},"bones":{"MAIN":{"translate":[{"time":0,"x":-7.35,"y":0,"curve":"stepped"},{"time":1.1,"x":-7.35,"y":0,"curve":"stepped"},{"time":1.6,"x":0,"y":0}]},"DAMAGEAREA":{"translate":[{"time":0.4666,"x":-73.6,"y":61.64,"curve":"stepped"},{"time":1.1,"x":-80.82,"y":34.84}],"scale":[{"time":0.4666,"x":0.559,"y":0.672,"curve":"stepped"},{"time":1.1,"x":0.617,"y":0.371}]},"slash_EF":{"rotate":[{"time":0.4666,"angle":66.37,"curve":"stepped"},{"time":0.5,"angle":52.69,"curve":"stepped"},{"time":1.1,"angle":99.21}],"translate":[{"time":0.4666,"x":-65.26,"y":112.6,"curve":"stepped"},{"time":0.5,"x":-26.88,"y":146.97,"curve":"stepped"},{"time":1.1,"x":-110.02,"y":-5.71}],"scale":[{"time":0.4666,"x":1.55,"y":1.62,"curve":"stepped"},{"time":1.1,"x":-1.719,"y":1.62}]}},"drawOrder":[{"time":0,"offsets":[{"slot":"EF/slash_EF/up_EF_1","offset":-3}]},{"time":0.4333,"offsets":[{"slot":"EF/slash_EF/up_EF_1","offset":-3}]}],"events":[{"time":0,"name":"HitEffect","string":"setHitEffect(hit06a,1,1.25,1)"},{"time":0,"name":"Voice","string":"cri_051_voice_attack_random"},{"time":0.2,"name":"Sound2","string":"cri_se_battle_metal_rubbing"},{"time":0.4333,"name":"Sound1","string":"cri_se_battle_sword_swish_heavy"},{"time":0.4666,"name":"Event","float":0.15,"string":"kHitStopType_normal"},{"time":0.5,"name":"Sound1","string":"setHitSound(se_battle_019_sword_hit_03)"},{"time":1.0666,"name":"Event","float":0.2,"string":"kHitStopType_normal"},{"time":1.0666,"name":"Sound1","string":"cri_se_battle_sword_swish_heavy"},{"time":1.0666,"name":"Voice","string":"cri_051_voice_attack_c"},{"time":1.1,"name":"Hit","float":1.25,"string":"resetHitList"},{"time":1.1,"name":"Sound1","string":"setHitSound(se_battle_019_sword_hit_03)"}]},"back":{"slots":{"MAIN":{"attachment":[{"time":0,"name":"back_00"},{"time":0.2666,"name":"idle_01"},{"time":0.3,"name":"idle_02"},{"time":0.4666,"name":"idle_00"},{"time":0.6,"name":"idle_00"}]}},"bones":{"MAIN":{"translate":[{"time":0,"x":17.5,"y":0},{"time":0.1333,"x":105.5,"y":12.41},{"time":0.2333,"x":147.5,"y":0,"curve":[0.237,0.87,0.75,1]},{"time":0.4333,"x":157.5,"y":0}]}},"events":[{"time":0,"name":"Sound1","string":"cri_se_battle_jump"},{"time":0.2666,"name":"Sound1","string":"cri_se_battle_landing"}]},"cast":{"slots":{"MAIN":{"attachment":[{"time":0,"name":"attack_00"},{"time":0.1,"name":"attack_01"},{"time":0.2,"name":"attack_02"},{"time":0.5,"name":"attack_03"},{"time":0.5333,"name":"attack_04"},{"time":0.5666,"name":"attack_05"},{"time":1,"name":"attack_08"}]}},"bones":{"MAIN":{"translate":[{"time":0,"x":0,"y":0}]}},"events":[{"time":0.5,"name":"Sound1","string":"cri_se_battle_metal_rubbing"},{"time":0.5,"name":"Voice","string":"cri_051_voice_item"}]},"damage":{"slots":{"MAIN":{"attachment":[{"time":0,"name":"damage_00"}]}}},"front":{"slots":{"MAIN":{"attachment":[{"time":0,"name":"front_00"}]}}},"idle":{"slots":{"MAIN":{"attachment":[{"time":0,"name":"idle_00"},{"time":0.2,"name":"idle_01"},{"time":0.4,"name":"idle_02"},{"time":0.6,"name":"idle_03"},{"time":0.8,"name":"idle_04"},{"time":1,"name":null}]}}},"skill1":{"slots":{"DAMAGEAREA":{"attachment":[{"time":0.9,"name":"DAMAGEAREA"},{"time":1.0666,"name":null},{"time":1.1666,"name":"DAMAGEAREA"},{"time":1.4333,"name":null}]},"EF/100_S1_dusty1/100_S1_dusty1_0":{"attachment":[{"time":1.1666,"name":"EF/100_S1_dusty1/100_S1_dusty1_00000"},{"time":1.2,"name":"EF/100_S1_dusty1/100_S1_dusty1_00001"},{"time":1.2333,"name":"EF/100_S1_dusty1/100_S1_dusty1_00002"},{"time":1.2666,"name":"EF/100_S1_dusty1/100_S1_dusty1_00003"},{"time":1.3,"name":"EF/100_S1_dusty1/100_S1_dusty1_00004"},{"time":1.3333,"name":"EF/100_S1_dusty1/100_S1_dusty1_00005"},{"time":1.3666,"name":"EF/100_S1_dusty1/100_S1_dusty1_00006"},{"time":1.4,"name":"EF/100_S1_dusty1/100_S1_dusty1_00007"},{"time":1.4333,"name":"EF/100_S1_dusty1/100_S1_dusty1_00008"},{"time":1.4666,"name":"EF/100_S1_dusty1/100_S1_dusty1_00009"},{"time":1.5,"name":"EF/100_S1_dusty1/100_S1_dusty1_00010"}],"color":[{"time":1.5,"color":"ffffffff"},{"time":1.6333,"color":"ffffff00"}]},"EF/100_S1_wave1/100_S1_wave1_0":{"attachment":[{"time":0.8666,"name":"EF/100_S1_wave1/100_S1_wave1_00000"},{"time":0.9,"name":"EF/100_S1_wave1/100_S1_wave1_00001"},{"time":0.9333,"name":"EF/100_S1_wave1/100_S1_wave1_00002"},{"time":0.9666,"name":"EF/100_S1_wave1/100_S1_wave1_00003"},{"time":1,"name":"EF/100_S1_wave1/100_S1_wave1_00004"},{"time":1.0333,"name":"EF/100_S1_wave1/100_S1_wave1_00005"},{"time":1.0666,"name":"EF/100_S1_wave1/100_S1_wave1_00006"},{"time":1.1,"name":"EF/100_S1_wave1/100_S1_wave1_00007"},{"time":1.1333,"name":"EF/100_S1_wave1/100_S1_wave1_00008"},{"time":1.1666,"name":"EF/100_S1_wave1/100_S1_wave1_00009"}],"color":[{"time":1.1666,"color":"ffffffff"},{"time":1.3,"color":"ffffff00"}]},"EF/100_S1_wave1/100_S1_wave1_1":{"attachment":[{"time":1.2,"name":"EF/100_S1_wave1/100_S1_wave1_00000"},{"time":1.2333,"name":"EF/100_S1_wave1/100_S1_wave1_00001"},{"time":1.2666,"name":"EF/100_S1_wave1/100_S1_wave1_00002"},{"time":1.3,"name":"EF/100_S1_wave1/100_S1_wave1_00003"},{"time":1.3333,"name":"EF/100_S1_wave1/100_S1_wave1_00004"},{"time":1.3666,"name":"EF/100_S1_wave1/100_S1_wave1_00005"},{"time":1.4,"name":"EF/100_S1_wave1/100_S1_wave1_00006"},{"time":1.4333,"name":"EF/100_S1_wave1/100_S1_wave1_00007"},{"time":1.4666,"name":"EF/100_S1_wave1/100_S1_wave1_00008"},{"time":1.5,"name":"EF/100_S1_wave1/100_S1_wave1_00009"}],"color":[{"time":1.5,"color":"ffffffff"},{"time":1.6333,"color":"ffffff00"}]},"EF/600_S1_earth1/600_S1_earth1_0":{"attachment":[{"time":1.2666,"name":"EF/600_S1_earth1/600_S1_earth1_00000"},{"time":2,"name":null}],"color":[{"time":1.8333,"color":"ffffffff"},{"time":2,"color":"ffffff00"}]},"MAIN":{"attachment":[{"time":0,"name":"skill1_00"},{"time":0.1333,"name":"skill1_01"},{"time":0.2666,"name":"skill1_02"},{"time":0.4666,"name":"skill1_03"},{"time":0.5,"name":"skill1_04"},{"time":0.6,"name":"skill1_05"},{"time":0.7666,"name":"skill1_06"},{"time":0.8666,"name":"skill1_07"},{"time":1.1,"name":"skill1_06"},{"time":1.1333,"name":"skill1_08"},{"time":1.1666,"name":"skill1_09"},{"time":1.2333,"name":"skill1_10"},{"time":1.3666,"name":"skill1_09"},{"time":1.5,"name":"skill1_11"},{"time":2.1666,"name":"skill1_00"}]}},"bones":{"MAIN":{"rotate":[{"time":0.8666,"angle":10,"curve":"stepped"},{"time":0.9,"angle":-23.45,"curve":"stepped"},{"time":0.9333,"angle":10,"curve":"stepped"},{"time":0.9666,"angle":-23.45,"curve":"stepped"},{"time":1,"angle":10,"curve":"stepped"},{"time":1.0333,"angle":-23.45,"curve":"stepped"},{"time":1.1,"angle":0,"curve":"stepped"},{"time":1.1333,"angle":15.49,"curve":"stepped"},{"time":1.1666,"angle":0}],"translate":[{"time":0.7666,"x":-5,"y":20,"curve":"stepped"},{"time":0.8666,"x":-30,"y":24.4,"curve":[0.25,0,0.407,1]},{"time":1,"x":-100,"y":95,"curve":[0.264,0,0.617,0.42]},{"time":1.1,"x":-140,"y":65,"curve":[0.25,0,0.75,1]},{"time":1.1666,"x":-160,"y":0,"curve":"stepped"},{"time":1.2333,"x":-160,"y":0}],"scale":[{"time":0.8666,"x":1,"y":1,"curve":"stepped"},{"time":0.9,"x":-1,"y":1,"curve":"stepped"},{"time":0.9333,"x":1,"y":1,"curve":"stepped"},{"time":0.9666,"x":-1,"y":1,"curve":"stepped"},{"time":1,"x":1,"y":1,"curve":"stepped"},{"time":1.0333,"x":-1,"y":1,"curve":"stepped"},{"time":1.1,"x":1,"y":1}]},"600_S1_earth_re":{"translate":[{"time":1.2666,"x":-266.34,"y":-43.81}],"scale":[{"time":1.2666,"x":0.8,"y":0.8}]},"100_S1_wave_re":{"translate":[{"time":0.8666,"x":0,"y":-15}],"scale":[{"time":0.8666,"x":0.8,"y":0.8,"curve":"stepped"},{"time":1.1666,"x":0.8,"y":0.8},{"time":1.3,"x":0.96,"y":0.96}]},"100_S1_dusty_re":{"translate":[{"time":1.1666,"x":-255.2,"y":-40}],"scale":[{"time":1.1666,"x":0.8,"y":0.8,"curve":"stepped"},{"time":1.5,"x":0.8,"y":0.8},{"time":1.7333,"x":0.88,"y":0.84}]},"100_S1_wave_re2":{"translate":[{"time":1.2,"x":-254.57,"y":-15}],"scale":[{"time":1.2,"x":0.8,"y":0.8,"curve":"stepped"},{"time":1.5,"x":0.8,"y":0.8},{"time":1.6333,"x":0.96,"y":0.96}]},"DAMAGEAREA":{"translate":[{"time":0.9,"x":-46.95,"y":115.75},{"time":1,"x":-99.37,"y":167.07,"curve":"stepped"},{"time":1.1666,"x":-293.12,"y":67.71}],"scale":[{"time":0.9,"x":0.875,"y":0.79,"curve":"stepped"},{"time":1.1666,"x":0.979,"y":0.91}]}},"events":[{"time":0,"name":"HitEffect","string":"setHitEffect(hit06a,1,1.25,1)"},{"time":0.3333,"name":"Voice","string":"cri_051_voice_skill_all"},{"time":0.4666,"name":"Sound1","string":"cri_se_battle_metal_rubbing"},{"time":0.7666,"name":"Sound1","string":"cri_se_battle_jump"},{"time":0.8333,"name":"Event","float":0.12,"string":"kHitStopType_normal"},{"time":0.8666,"name":"Event","string":"setHitBackEnemy(50,30)"},{"time":0.8666,"name":"Sound1","string":"cri_se_battle_skill_shot"},{"time":0.8666,"name":"Sound2","string":"cri_se_battle_033_explosion_element_01"},{"time":0.9,"name":"Sound2","string":"setHitSound(se_battle_thrustviolently)"},{"time":0.9333,"name":"Sound1","string":"cri_se_battle_skill_shot"},{"time":0.9666,"name":"Hit","float":1,"string":"resetHitList"},{"time":1,"name":"Sound1","string":"cri_se_battle_skill_shot"},{"time":1.0666,"name":"Sound1","string":"cri_se_battle_skill_shot"},{"time":1.1333,"name":"Event","float":0.3,"string":"kHitStopType_normal"},{"time":1.1666,"name":"Event","string":"setHitBackEnemy(10,15)"},{"time":1.1666,"name":"Hit","float":3,"string":"resetHitList"},{"time":1.1666,"name":"HitEffect","string":"setHitEffect(hit04a,1,0.75,100)"},{"time":1.1666,"name":"Sound1","string":"cri_se_battle_030_explosion_02"},{"time":1.1666,"name":"Sound2","string":"cri_se_battle_monster_hit"},{"time":1.1666,"name":"Sound3","string":"setHitSound(se_battle_019_sword_hit_03)"},{"time":1.2,"name":"Event","float":0.03,"string":"kHitStopType_enemyonly"},{"time":1.2,"name":"Sound1","string":"setHitSound(se_battle_explosion_short)"},{"time":1.2666,"name":"Event","string":"shakeGround"},{"time":1.2666,"name":"Hit","float":3,"string":"resetHitList"},{"time":1.3333,"name":"Event","string":"kImpactType_up"},{"time":1.3333,"name":"Hit","float":3,"string":"resetHitList"}]},"skill2":{"slots":{"DAMAGEAREA":{"attachment":[{"time":0.4666,"name":"DAMAGEAREA"},{"time":0.7333,"name":null},{"time":1,"name":"DAMAGEAREA"},{"time":1.2,"name":null},{"time":1.5333,"name":"DAMAGEAREA"},{"time":2.3666,"name":null}]},"EF/100_S1_dusty1/100_S1_dusty1_0":{"attachment":[{"time":1.5333,"name":"EF/100_S1_dusty1/100_S1_dusty1_00000"},{"time":1.5666,"name":"EF/100_S1_dusty1/100_S1_dusty1_00001"},{"time":1.6,"name":"EF/100_S1_dusty1/100_S1_dusty1_00002"},{"time":1.6333,"name":"EF/100_S1_dusty1/100_S1_dusty1_00003"},{"time":1.6666,"name":"EF/100_S1_dusty1/100_S1_dusty1_00004"},{"time":1.7,"name":"EF/100_S1_dusty1/100_S1_dusty1_00005"},{"time":1.7333,"name":"EF/100_S1_dusty1/100_S1_dusty1_00006"},{"time":1.7666,"name":"EF/100_S1_dusty1/100_S1_dusty1_00007"},{"time":1.8,"name":"EF/100_S1_dusty1/100_S1_dusty1_00008"},{"time":1.8333,"name":"EF/100_S1_dusty1/100_S1_dusty1_00009"},{"time":1.8666,"name":"EF/100_S1_dusty1/100_S1_dusty1_00010"}],"color":[{"time":1.8666,"color":"ffffffff"},{"time":2,"color":"ffffff00"}]},"EF/100_S1_dusty1/100_S1_dusty1_1":{"attachment":[{"time":1.6333,"name":"EF/100_S1_dusty1/100_S1_dusty1_00000"},{"time":1.6666,"name":"EF/100_S1_dusty1/100_S1_dusty1_00001"},{"time":1.7,"name":"EF/100_S1_dusty1/100_S1_dusty1_00002"},{"time":1.7333,"name":"EF/100_S1_dusty1/100_S1_dusty1_00003"},{"time":1.7666,"name":"EF/100_S1_dusty1/100_S1_dusty1_00004"},{"time":1.8,"name":"EF/100_S1_dusty1/100_S1_dusty1_00005"},{"time":1.8333,"name":"EF/100_S1_dusty1/100_S1_dusty1_00006"},{"time":1.8666,"name":"EF/100_S1_dusty1/100_S1_dusty1_00007"},{"time":1.9,"name":"EF/100_S1_dusty1/100_S1_dusty1_00008"},{"time":1.9333,"name":"EF/100_S1_dusty1/100_S1_dusty1_00009"},{"time":1.9666,"name":"EF/100_S1_dusty1/100_S1_dusty1_00010"}],"color":[{"time":1.9666,"color":"ffffffff"},{"time":2.2,"color":"ffffff00"}]},"EF/100_S1_dusty1/100_S1_dusty1_2":{"attachment":[{"time":1.6666,"name":"EF/100_S1_dusty1/100_S1_dusty1_00000"},{"time":1.7,"name":"EF/100_S1_dusty1/100_S1_dusty1_00001"},{"time":1.7333,"name":"EF/100_S1_dusty1/100_S1_dusty1_00002"},{"time":1.7666,"name":"EF/100_S1_dusty1/100_S1_dusty1_00003"},{"time":1.8,"name":"EF/100_S1_dusty1/100_S1_dusty1_00004"},{"time":1.8333,"name":"EF/100_S1_dusty1/100_S1_dusty1_00005"},{"time":1.8666,"name":"EF/100_S1_dusty1/100_S1_dusty1_00006"},{"time":1.9,"name":"EF/100_S1_dusty1/100_S1_dusty1_00007"},{"time":1.9333,"name":"EF/100_S1_dusty1/100_S1_dusty1_00008"},{"time":1.9666,"name":"EF/100_S1_dusty1/100_S1_dusty1_00009"},{"time":2,"name":"EF/100_S1_dusty1/100_S1_dusty1_00010"}],"color":[{"time":2,"color":"ffffffff"},{"time":2.2333,"color":"ffffff00"}]},"EF/100_S1_wave1/100_S1_wave1_0":{"attachment":[{"time":1.0333,"name":"EF/100_S1_wave1/100_S1_wave1_00000"},{"time":1.0666,"name":"EF/100_S1_wave1/100_S1_wave1_00001"},{"time":1.1,"name":"EF/100_S1_wave1/100_S1_wave1_00002"},{"time":1.1333,"name":"EF/100_S1_wave1/100_S1_wave1_00003"},{"time":1.1666,"name":"EF/100_S1_wave1/100_S1_wave1_00004"},{"time":1.2,"name":"EF/100_S1_wave1/100_S1_wave1_00005"},{"time":1.2333,"name":"EF/100_S1_wave1/100_S1_wave1_00006"},{"time":1.2666,"name":"EF/100_S1_wave1/100_S1_wave1_00007"},{"time":1.3,"name":"EF/100_S1_wave1/100_S1_wave1_00008"},{"time":1.3333,"name":"EF/100_S1_wave1/100_S1_wave1_00009"}],"color":[{"time":1.3333,"color":"ffffffff"},{"time":1.4666,"color":"ffffff00"}]},"EF/600_S1_earth1/600_S1_earth1_0":{"attachment":[{"time":1.5333,"name":"EF/600_S1_earth1/600_S1_earth1_00000"}],"color":[{"time":2.5666,"color":"ffffffff"},{"time":2.7,"color":"ffffff00"}]},"EF/850_S2_earth1/850_S2_earth1_0":{"attachment":[{"time":1.6333,"name":"EF/850_S2_earth1/850_S2_earth1_00002"}],"color":[{"time":2.5666,"color":"ffffffff"},{"time":2.7,"color":"ffffff00"}]},"EF/850_S2_earth1/850_S2_earth1_1":{"attachment":[{"time":1.6333,"name":"EF/850_S2_earth1/850_S2_earth1_00002"}],"color":[{"time":2.5666,"color":"ffffffff"},{"time":2.7,"color":"ffffff00"}]},"MAIN":{"attachment":[{"time":0.1,"name":"attack_01"},{"time":0.2,"name":"attack_02"},{"time":0.4,"name":"attack_03"},{"time":0.4333,"name":"attack_04"},{"time":0.5,"name":"attack_05"},{"time":0.8333,"name":"attack_06"},{"time":0.9,"name":"attack_07"},{"time":0.9333,"name":"attack_01"},{"time":0.9666,"name":"attack_03"},{"time":1,"name":"attack_05"},{"time":1.0333,"name":"skill1_07"},{"time":1.2,"name":"skill1_08"},{"time":1.4,"name":"skill1_08"},{"time":1.4666,"name":"skill1_08"},{"time":1.5333,"name":"skill1_loop_00"},{"time":1.6,"name":"skill1_loop_01"},{"time":1.6666,"name":"skill1_loop_00"},{"time":1.7333,"name":"skill1_loop_01"},{"time":1.8,"name":"skill1_loop_00"},{"time":1.8666,"name":"skill1_loop_01"},{"time":1.9333,"name":"skill1_loop_00"},{"time":2,"name":"skill1_loop_01"},{"time":2.0666,"name":"skill1_12"},{"time":2.1333,"name":"skill1_13"},{"time":2.2333,"name":"skill1_14"},{"time":2.4,"name":"skill1_15"},{"time":2.4666,"name":"idle_00"},{"time":2.7,"name":"attack_00"}]}},"bones":{"MAIN":{"rotate":[{"time":1.0333,"angle":-17.07,"curve":"stepped"},{"time":1.0666,"angle":-2.81,"curve":"stepped"},{"time":1.1,"angle":15.72,"curve":"stepped"},{"time":1.1333,"angle":-2.81,"curve":"stepped"},{"time":1.1666,"angle":-131.59,"curve":"stepped"},{"time":1.2,"angle":-32.49,"curve":"stepped"},{"time":1.4666,"angle":56.12,"curve":"stepped"},{"time":1.5333,"angle":359}],"translate":[{"time":0.4333,"x":0,"y":0,"curve":[0.25,0,0.75,1]},{"time":0.5,"x":-50,"y":0,"curve":[0.25,0,0.75,1]},{"time":0.8333,"x":-55,"y":0,"curve":"stepped"},{"time":1.0333,"x":-80,"y":76.73,"curve":[0,0.5,0.154,0.99]},{"time":1.4333,"x":-206.81,"y":353.24,"curve":"stepped"},{"time":1.4666,"x":-200.9,"y":279.67,"curve":[0.103,0.85,0.625,1]},{"time":1.5333,"x":-217.48,"y":32.97,"curve":"stepped"},{"time":2.0666,"x":-171.99,"y":-21.91,"curve":"stepped"},{"time":2.1333,"x":-171.99,"y":0,"curve":"stepped"},{"time":2.7,"x":-169.96,"y":0}],"scale":[{"time":1.0333,"x":1,"y":1,"curve":"stepped"},{"time":1.0666,"x":-1,"y":1,"curve":"stepped"},{"time":1.1,"x":1,"y":1,"curve":"stepped"},{"time":1.1333,"x":-1,"y":1,"curve":"stepped"},{"time":1.1666,"x":1,"y":1}]},"100_S1_wave_re":{"translate":[{"time":1.0333,"x":-15.28,"y":-11.96}],"scale":[{"time":1.0333,"x":0.8,"y":0.8,"curve":"stepped"},{"time":1.3333,"x":0.8,"y":0.8},{"time":1.5333,"x":1.2,"y":1.04}]},"600_S1_earth_re":{"translate":[{"time":1.5333,"x":-384.14,"y":-53.43}],"scale":[{"time":1.5333,"x":0.8,"y":0.8}]},"850_S2_earth_re":{"translate":[{"time":1.6333,"x":-394.23,"y":4.21}],"scale":[{"time":1.6333,"x":0.456,"y":0.456}]},"850_S2_earth_re2":{"translate":[{"time":1.6333,"x":-397.25,"y":-81.4}],"scale":[{"time":1.6333,"x":0.533,"y":0.533}]},"100_S1_dusty_re":{"translate":[{"time":1.5333,"x":-307.89,"y":-39.32}],"scale":[{"time":1.5333,"x":0.8,"y":0.8,"curve":"stepped"},{"time":1.8666,"x":0.8,"y":0.8},{"time":2.1,"x":0.88,"y":0.84}]},"100_S1_dusty_re2":{"translate":[{"time":1.6333,"x":-405.55,"y":-102.38}],"scale":[{"time":1.6333,"x":0.8,"y":0.8,"curve":"stepped"},{"time":1.9666,"x":0.8,"y":0.8},{"time":2.2,"x":0.87,"y":0.87}]},"100_S1_dusty_re3":{"translate":[{"time":1.6666,"x":-397.59,"y":33.79}],"scale":[{"time":1.6666,"x":0.8,"y":0.8,"curve":"stepped"},{"time":2,"x":0.8,"y":0.8},{"time":2.2333,"x":0.87,"y":0.87}]},"DAMAGEAREA":{"translate":[{"time":0.4666,"x":-152,"y":101.19,"curve":"stepped"},{"time":1,"x":-121.26,"y":120.21},{"time":1.1333,"x":-150.16,"y":187.64,"curve":"stepped"},{"time":1.5333,"x":-359.7,"y":118.17}],"scale":[{"time":0.4666,"x":0.733,"y":1.088,"curve":"stepped"},{"time":1,"x":1.044,"y":1.276},{"time":1.1333,"x":1.263,"y":1.943,"curve":"stepped"},{"time":1.5333,"x":1.669,"y":1.624}]}},"drawOrder":[{"time":1.5333,"offsets":[{"slot":"EF/600_S1_earth1/600_S1_earth1_0","offset":1}]},{"time":1.6666,"offsets":[{"slot":"EF/600_S1_earth1/600_S1_earth1_0","offset":1}]},{"time":1.8,"offsets":[{"slot":"EF/600_S1_earth1/600_S1_earth1_0","offset":1}]}],"events":[{"time":0,"name":"HitEffect","string":"setHitEffect(hit04a,1,0.75,100)"},{"time":0.2,"name":"Sound1","string":"cri_se_battle_metal_rubbing"},{"time":0.4,"name":"Sound1","string":"cri_se_battle_metal_rubbing"},{"time":0.4,"name":"Sound3","string":"cri_se_battle_sword_swish_heavy"},{"time":0.4666,"name":"Event","float":0.12,"string":"kHitStopType_normal"},{"time":0.4666,"name":"Sound1","string":"setHitSound(se_battle_019_sword_hit_03)"},{"time":0.4666,"name":"Sound2","string":"cri_se_battle_explosion_short"},{"time":0.4666,"name":"Sound3","string":"cri_se_battle_033_explosion_element_01"},{"time":0.5,"name":"Event","string":"setHitBackEnemy(10,90)"},{"time":0.5333,"name":"View","string":"shakeGround"},{"time":0.5666,"name":"Hit","float":1,"string":"resetHitList"},{"time":0.9,"name":"Sound1","string":"cri_se_battle_metal_rubbing"},{"time":0.9,"name":"Sound3","string":"cri_se_battle_sword_swish_heavy"},{"time":0.9333,"name":"Event","float":0.2,"string":"kHitStopType_normal"},{"time":1,"name":"Event","string":"setHitBackEnemy(50,130)"},{"time":1,"name":"Sound1","string":"setHitSound(se_battle_019_sword_hit_03)"},{"time":1,"name":"Sound2","string":"cri_se_battle_explosion_short"},{"time":1,"name":"Sound3","string":"cri_se_battle_033_explosion_element_01"},{"time":1,"name":"Voice","string":"cri_051_voice_fullarts_rank3"},{"time":1.0333,"name":"Hit","float":1,"string":"resetHitList"},{"time":1.0666,"name":"Event","string":"setHitBackEnemy(50,130)"},{"time":1.0666,"name":"Sound1","string":"setHitSound(se_battle_thrustviolently)"},{"time":1.1,"name":"Hit","float":1,"string":"resetHitList"},{"time":1.1333,"name":"Sound1","string":"setHitSound(se_battle_thrustviolently)"},{"time":1.5,"name":"Event","float":0.3,"string":"kHitStopType_normal"},{"time":1.5333,"name":"Event","string":"setHitBackEnemy(10,5)"},{"time":1.5333,"name":"Hit","float":2,"string":"resetHitList"},{"time":1.5333,"name":"HitEffect","string":"setHitEffect(hit04a,1,1,100)"},{"time":1.5333,"name":"Sound1","string":"setHitSound(se_battle_019_sword_hit_03)"},{"time":1.5333,"name":"Sound2","string":"cri_se_battle_monster_hit"},{"time":1.5333,"name":"Sound3","string":"cri_se_battle_030_explosion_02"},{"time":1.5333,"name":"View","float":1,"string":"shakeGround_Loop"},{"time":1.5666,"name":"Event","string":"addOrbitSystemCamera_flush"},{"time":1.6,"name":"Event","float":0.01,"string":"kHitStopType_enemyonly"},{"time":1.6,"name":"Hit","float":2,"string":"resetHitList"},{"time":1.6,"name":"Sound1","string":"setHitSound(se_battle_explosion_short)"},{"time":1.6,"name":"Sound2","string":"cri_se_battle_030_explosion_02"},{"time":1.6,"name":"View","string":"addOrbitSystemCamera_"},{"time":1.6666,"name":"Hit","float":2,"string":"resetHitList"},{"time":1.7666,"name":"Hit","float":2,"string":"resetHitList"},{"time":1.8666,"name":"Hit","float":2,"string":"resetHitList"},{"time":1.9333,"name":"Hit","float":2,"string":"resetHitList"},{"time":2,"name":"Hit","float":2,"string":"resetHitList"},{"time":2.0666,"name":"Hit","float":2,"string":"resetHitList"},{"time":2.1333,"name":"Hit","float":2,"string":"resetHitList"},{"time":2.2,"name":"Hit","float":2,"string":"resetHitList"},{"time":2.2666,"name":"Hit","float":2,"string":"resetHitList"},{"time":2.3333,"name":"Event","string":"kImpactType_up"},{"time":2.3333,"name":"Hit","float":2,"string":"resetHitList"}]}}}