{"skeleton":{"hash":"OfU3L3SjtGO7ITB+Xcxvt6Hnwq4","spine":"3.0.12","width":0,"height":0},"bones":[{"name":"root","x":-2.07},{"name":"MAIN","parent":"root","x":2.07},{"name":"EFOrbit","parent":"MAIN","x":215},{"name":"S2_wind1","parent":"EFOrbit","x":-9.71,"y":4.48,"scaleX":10,"scaleY":10},{"name":"EF","parent":"MAIN"},{"name":"S2_water1","parent":"EF","scaleX":2,"scaleY":2},{"name":"S2_rock1_2","parent":"EF","scaleX":2.5,"scaleY":2},{"name":"S2_rock2","parent":"EF","scaleX":3,"scaleY":3},{"name":"S2_rock1","parent":"EF","scaleX":3,"scaleY":3},{"name":"S1_water3","parent":"EF","scaleX":2.8,"scaleY":2.8},{"name":"S1_water2","parent":"EF","scaleX":2.8,"scaleY":2.8},{"name":"S1_water1","parent":"EF","scaleX":2.8,"scaleY":2.8},{"name":"S1_tower1","parent":"EF","scaleX":2,"scaleY":2},{"name":"S1_slash1","parent":"EF","y":150,"scaleX":2.6,"scaleY":2.6},{"name":"S1_ex4","parent":"EF"},{"name":"S1_ex3","parent":"EF"},{"name":"S1_ex2","parent":"EF"},{"name":"S1_ex1","parent":"EF"},{"name":"S1_earth2","parent":"EF","scaleX":1.6,"scaleY":1.6},{"name":"S1_earth1","parent":"EF","scaleX":1.6,"scaleY":1.6}],"slots":[{"name":"360_S1_earth1/360_S1_earth1_00000","bone":"S1_earth1","blend":"additive"},{"name":"360_S1_earth1/360_S1_earth1_0","bone":"S1_earth2","blend":"additive"},{"name":"360_S1_slash1/360_S1_slash1_00000","bone":"S1_slash1","blend":"additive"},{"name":"360_S2_wind1/360_S2_wind1_00000","bone":"S2_wind1","blend":"additive"},{"name":"610_S1_tower1/610_S1_tower1_00000","bone":"S1_tower1","blend":"additive"},{"name":"610_S1_water1/610_S1_water1_00000","bone":"S1_water1"},{"name":"610_S1_water1/610_S1_water1_0","bone":"S1_water2"},{"name":"610_S1_water1/610_S1_water1_1","bone":"S1_water3","blend":"additive"},{"name":"610_S2_water1/610_S2_water1_00000","bone":"S2_water1","blend":"additive"},{"name":"360_S2_rock1/360_S2_rock1_00000","bone":"S2_rock1"},{"name":"360_S2_rock1/360_S2_rock1_0","bone":"S2_rock2"},{"name":"690_S2_rock1/690_S2_rock1_00000","bone":"S2_rock1_2"},{"name":"360_S1_ex1/360_S1_ex1_00000","bone":"S1_ex1","blend":"additive"},{"name":"360_S1_ex1/360_S1_ex1_0","bone":"S1_ex2","blend":"additive"},{"name":"360_S1_ex1/360_S1_ex1_1","bone":"S1_ex3","blend":"additive"},{"name":"360_S1_ex1/360_S1_ex1_2","bone":"S1_ex4","blend":"additive"}],"skins":{"default":{"360_S1_earth1/360_S1_earth1_0":{"360_S1_earth1/360_S1_earth1_00000":{"y":19.81,"width":450,"height":160},"360_S1_earth1/360_S1_earth1_00003":{"y":19.81,"width":450,"height":160},"360_S1_earth1/360_S1_earth1_00031":{"y":19.81,"width":450,"height":160},"360_S1_earth1/360_S1_earth1_00032":{"y":19.81,"width":450,"height":160},"360_S1_earth1/360_S1_earth1_00033":{"y":19.81,"width":450,"height":160}},"360_S1_earth1/360_S1_earth1_00000":{"360_S1_earth1/360_S1_earth1_00003":{"y":19.81,"width":450,"height":160},"360_S1_earth1/360_S1_earth1_00031":{"y":19.81,"width":450,"height":160},"360_S1_earth1/360_S1_earth1_00032":{"y":19.81,"width":450,"height":160},"360_S1_earth1/360_S1_earth1_00033":{"y":19.81,"width":450,"height":160}},"360_S1_ex1/360_S1_ex1_0":{"360_S1_ex1/360_S1_ex1_00000":{"x":-1.03,"y":80.67,"width":190,"height":200},"360_S1_ex1/360_S1_ex1_00002":{"x":-1.03,"y":80.67,"width":190,"height":200},"360_S1_ex1/360_S1_ex1_00003":{"x":-1.03,"y":80.67,"width":190,"height":200},"360_S1_ex1/360_S1_ex1_00004":{"x":-1.03,"y":80.67,"width":190,"height":200},"360_S1_ex1/360_S1_ex1_00006":{"x":-1.03,"y":80.67,"width":190,"height":200},"360_S1_ex1/360_S1_ex1_00007":{"x":-1.03,"y":80.67,"width":190,"height":200},"360_S1_ex1/360_S1_ex1_00008":{"x":-1.03,"y":80.67,"width":190,"height":200},"360_S1_ex1/360_S1_ex1_00010":{"x":-1.03,"y":80.67,"width":190,"height":200}},"360_S1_ex1/360_S1_ex1_00000":{"360_S1_ex1/360_S1_ex1_00000":{"x":-1.03,"y":80.67,"width":190,"height":200},"360_S1_ex1/360_S1_ex1_00002":{"x":-1.03,"y":80.67,"width":190,"height":200},"360_S1_ex1/360_S1_ex1_00003":{"x":-1.03,"y":80.67,"width":190,"height":200},"360_S1_ex1/360_S1_ex1_00004":{"x":-1.03,"y":80.67,"width":190,"height":200},"360_S1_ex1/360_S1_ex1_00006":{"x":-1.03,"y":80.67,"width":190,"height":200},"360_S1_ex1/360_S1_ex1_00007":{"x":-1.03,"y":80.67,"width":190,"height":200},"360_S1_ex1/360_S1_ex1_00008":{"x":-1.03,"y":80.67,"width":190,"height":200},"360_S1_ex1/360_S1_ex1_00010":{"x":-1.03,"y":80.67,"width":190,"height":200}},"360_S1_ex1/360_S1_ex1_1":{"360_S1_ex1/360_S1_ex1_00000":{"x":-1.03,"y":80.67,"width":190,"height":200},"360_S1_ex1/360_S1_ex1_00002":{"x":-1.03,"y":80.67,"width":190,"height":200},"360_S1_ex1/360_S1_ex1_00003":{"x":-1.03,"y":80.67,"width":190,"height":200},"360_S1_ex1/360_S1_ex1_00004":{"x":-1.03,"y":80.67,"width":190,"height":200},"360_S1_ex1/360_S1_ex1_00006":{"x":-1.03,"y":80.67,"width":190,"height":200},"360_S1_ex1/360_S1_ex1_00007":{"x":-1.03,"y":80.67,"width":190,"height":200},"360_S1_ex1/360_S1_ex1_00008":{"x":-1.03,"y":80.67,"width":190,"height":200},"360_S1_ex1/360_S1_ex1_00010":{"x":-1.03,"y":80.67,"width":190,"height":200}},"360_S1_ex1/360_S1_ex1_2":{"360_S1_ex1/360_S1_ex1_00000":{"x":-1.03,"y":80.67,"width":190,"height":200},"360_S1_ex1/360_S1_ex1_00002":{"x":-1.03,"y":80.67,"width":190,"height":200},"360_S1_ex1/360_S1_ex1_00003":{"x":-1.03,"y":80.67,"width":190,"height":200},"360_S1_ex1/360_S1_ex1_00004":{"x":-1.03,"y":80.67,"width":190,"height":200},"360_S1_ex1/360_S1_ex1_00006":{"x":-1.03,"y":80.67,"width":190,"height":200},"360_S1_ex1/360_S1_ex1_00007":{"x":-1.03,"y":80.67,"width":190,"height":200},"360_S1_ex1/360_S1_ex1_00008":{"x":-1.03,"y":80.67,"width":190,"height":200},"360_S1_ex1/360_S1_ex1_00010":{"x":-1.03,"y":80.67,"width":190,"height":200}},"360_S1_slash1/360_S1_slash1_00000":{"360_S1_slash1/360_S1_slash1_00000":{"x":-19.12,"y":-67.1,"width":220,"height":200},"360_S1_slash1/360_S1_slash1_00001":{"x":-19.12,"y":-67.1,"width":220,"height":200},"360_S1_slash1/360_S1_slash1_00005":{"x":-19.12,"y":-67.1,"width":220,"height":200}},"360_S2_rock1/360_S2_rock1_0":{"360_S2_rock1/360_S2_rock1_00005":{"x":15.8,"y":104.47,"width":252,"height":266}},"360_S2_rock1/360_S2_rock1_00000":{"360_S2_rock1/360_S2_rock1_00005":{"x":15.8,"y":104.47,"width":252,"height":266}},"360_S2_wind1/360_S2_wind1_00000":{"360_S2_wind1/360_S2_wind1_00002":{"x":1.38,"y":-2.99,"width":151,"height":205}},"610_S1_tower1/610_S1_tower1_00000":{"610_S1_tower1/610_S1_tower1_00000":{"x":0.47,"y":106.43,"width":196,"height":287},"610_S1_tower1/610_S1_tower1_00003":{"x":0.47,"y":106.43,"width":196,"height":287},"610_S1_tower1/610_S1_tower1_00005":{"x":0.47,"y":106.43,"width":196,"height":287},"610_S1_tower1/610_S1_tower1_00006":{"x":0.47,"y":106.43,"width":196,"height":287},"610_S1_tower1/610_S1_tower1_00009":{"x":0.47,"y":106.43,"width":196,"height":287}},"610_S1_water1/610_S1_water1_0":{"610_S1_water1/610_S1_water1_00002":{"x":1.18,"y":-6.82,"width":434,"height":434},"610_S1_water1/610_S1_water1_00004":{"x":1.18,"y":-6.82,"width":434,"height":434},"610_S1_water1/610_S1_water1_00006":{"x":1.18,"y":-6.82,"width":434,"height":434},"610_S1_water1/610_S1_water1_00008":{"x":1.18,"y":-6.82,"width":434,"height":434}},"610_S1_water1/610_S1_water1_00000":{"610_S1_water1/610_S1_water1_00002":{"x":1.18,"y":-6.82,"width":434,"height":434},"610_S1_water1/610_S1_water1_00004":{"x":1.18,"y":-6.82,"width":434,"height":434},"610_S1_water1/610_S1_water1_00006":{"x":1.18,"y":-6.82,"width":434,"height":434},"610_S1_water1/610_S1_water1_00008":{"x":1.18,"y":-6.82,"width":434,"height":434}},"610_S1_water1/610_S1_water1_1":{"610_S1_water1/610_S1_water1_00002":{"x":1.18,"y":-6.82,"width":434,"height":434},"610_S1_water1/610_S1_water1_00004":{"x":1.18,"y":-6.82,"width":434,"height":434},"610_S1_water1/610_S1_water1_00006":{"x":1.18,"y":-6.82,"width":434,"height":434},"610_S1_water1/610_S1_water1_00008":{"x":1.18,"y":-6.82,"width":434,"height":434}},"610_S2_water1/610_S2_water1_00000":{"610_S2_water1/610_S2_water1_00002":{"x":-3.04,"y":8.42,"width":200,"height":200},"610_S2_water1/610_S2_water1_00004":{"x":-3.04,"y":8.42,"width":200,"height":200},"610_S2_water1/610_S2_water1_00006":{"x":-3.04,"y":8.42,"width":200,"height":200},"610_S2_water1/610_S2_water1_00012":{"x":-3.04,"y":8.42,"width":200,"height":200}},"690_S2_rock1/690_S2_rock1_00000":{"690_S2_rock1/690_S2_rock1_00002":{"x":1.21,"y":-14.8,"width":175,"height":140},"690_S2_rock1/690_S2_rock1_00006":{"x":1.21,"y":-14.8,"width":175,"height":140},"690_S2_rock1/690_S2_rock1_00007":{"x":1.21,"y":-14.8,"width":175,"height":140}}}},"animations":{"1-attack1":{},"1-skill1":{"slots":{"360_S1_earth1/360_S1_earth1_00000":{"attachment":[{"time":0,"name":null},{"time":1.1,"name":"360_S1_earth1/360_S1_earth1_00003"},{"time":2.1333,"name":"360_S1_earth1/360_S1_earth1_00031"},{"time":2.2,"name":"360_S1_earth1/360_S1_earth1_00032"},{"time":2.2666,"name":"360_S1_earth1/360_S1_earth1_00033"},{"time":2.3333,"name":null}],"color":[{"time":1.8,"color":"ffffffff"},{"time":2.2666,"color":"ffffffc1","curve":"stepped"},{"time":2.3,"color":"ffffff7c"}]},"360_S1_ex1/360_S1_ex1_00000":{"attachment":[{"time":1.8,"name":"360_S1_ex1/360_S1_ex1_00000"},{"time":1.8333,"name":"360_S1_ex1/360_S1_ex1_00002"},{"time":1.8666,"name":"360_S1_ex1/360_S1_ex1_00003"},{"time":1.9,"name":"360_S1_ex1/360_S1_ex1_00004"},{"time":1.9333,"name":"360_S1_ex1/360_S1_ex1_00006"},{"time":1.9666,"name":"360_S1_ex1/360_S1_ex1_00007"},{"time":2,"name":"360_S1_ex1/360_S1_ex1_00008"},{"time":2.0333,"name":"360_S1_ex1/360_S1_ex1_00010"},{"time":2.0666,"name":null}]},"360_S1_ex1/360_S1_ex1_0":{"attachment":[{"time":1.8666,"name":"360_S1_ex1/360_S1_ex1_00000"},{"time":1.9,"name":"360_S1_ex1/360_S1_ex1_00002"},{"time":1.9333,"name":"360_S1_ex1/360_S1_ex1_00003"},{"time":1.9666,"name":"360_S1_ex1/360_S1_ex1_00004"},{"time":2,"name":"360_S1_ex1/360_S1_ex1_00006"},{"time":2.0333,"name":"360_S1_ex1/360_S1_ex1_00006"},{"time":2.0666,"name":"360_S1_ex1/360_S1_ex1_00007"},{"time":2.1,"name":"360_S1_ex1/360_S1_ex1_00008"},{"time":2.1333,"name":"360_S1_ex1/360_S1_ex1_00010"},{"time":2.1666,"name":null}]},"360_S1_ex1/360_S1_ex1_1":{"attachment":[{"time":1.8666,"name":"360_S1_ex1/360_S1_ex1_00000"},{"time":1.9,"name":"360_S1_ex1/360_S1_ex1_00002"},{"time":1.9333,"name":"360_S1_ex1/360_S1_ex1_00003"},{"time":1.9666,"name":"360_S1_ex1/360_S1_ex1_00004"},{"time":2,"name":"360_S1_ex1/360_S1_ex1_00006"},{"time":2.0333,"name":"360_S1_ex1/360_S1_ex1_00007"},{"time":2.1,"name":"360_S1_ex1/360_S1_ex1_00008"},{"time":2.1666,"name":"360_S1_ex1/360_S1_ex1_00010"},{"time":2.2333,"name":null}]},"360_S1_slash1/360_S1_slash1_00000":{"attachment":[{"time":0,"name":null},{"time":1.1333,"name":"360_S1_slash1/360_S1_slash1_00000"},{"time":1.1666,"name":"360_S1_slash1/360_S1_slash1_00001"},{"time":1.2,"name":"360_S1_slash1/360_S1_slash1_00001"},{"time":1.2333,"name":"360_S1_slash1/360_S1_slash1_00001"},{"time":1.2666,"name":"360_S1_slash1/360_S1_slash1_00005"},{"time":1.3,"name":null}]},"610_S1_water1/610_S1_water1_00000":{"attachment":[{"time":0,"name":null},{"time":1.1333,"name":"610_S1_water1/610_S1_water1_00002"},{"time":1.2,"name":"610_S1_water1/610_S1_water1_00004"},{"time":1.2666,"name":"610_S1_water1/610_S1_water1_00006"},{"time":1.3666,"name":"610_S1_water1/610_S1_water1_00008"},{"time":1.6666,"name":null},{"time":1.8333,"name":"610_S1_water1/610_S1_water1_00002"},{"time":1.9333,"name":"610_S1_water1/610_S1_water1_00004"},{"time":2.0333,"name":"610_S1_water1/610_S1_water1_00006"},{"time":2.1333,"name":"610_S1_water1/610_S1_water1_00008"},{"time":2.3333,"name":null}],"color":[{"time":1.3,"color":"ffffffff"},{"time":1.6666,"color":"ffffff00","curve":"stepped"},{"time":1.8333,"color":"ffffffff","curve":"stepped"},{"time":2.0333,"color":"ffffffff","curve":[0.483,0,0.934,0.55]},{"time":2.3333,"color":"ffffff00"}]},"610_S2_water1/610_S2_water1_00000":{"attachment":[{"time":0,"name":null},{"time":1.1666,"name":"610_S2_water1/610_S2_water1_00002"},{"time":1.2333,"name":"610_S2_water1/610_S2_water1_00004"},{"time":1.3,"name":"610_S2_water1/610_S2_water1_00006"},{"time":1.3333,"name":"610_S2_water1/610_S2_water1_00012"},{"time":1.6,"name":null},{"time":1.8,"name":"610_S2_water1/610_S2_water1_00002"},{"time":1.8666,"name":"610_S2_water1/610_S2_water1_00004"},{"time":1.9333,"name":"610_S2_water1/610_S2_water1_00006"},{"time":1.9666,"name":"610_S2_water1/610_S2_water1_00012"},{"time":2.1666,"name":null},{"time":2.4,"name":null}],"color":[{"time":1.3333,"color":"ffffffff","curve":"stepped"},{"time":1.3666,"color":"ffffff96","curve":"stepped"},{"time":1.4,"color":"ffffff83","curve":"stepped"},{"time":1.4333,"color":"ffffff6a","curve":"stepped"},{"time":1.4666,"color":"ffffff38","curve":"stepped"},{"time":1.5333,"color":"ffffff22","curve":"stepped"},{"time":1.8,"color":"ffffffff","curve":"stepped"},{"time":1.8666,"color":"ffffffff","curve":"stepped"},{"time":1.9333,"color":"ffffffff","curve":"stepped"},{"time":1.9666,"color":"ffffffff","curve":"stepped"},{"time":2,"color":"ffffff96","curve":"stepped"},{"time":2.0333,"color":"ffffff83","curve":"stepped"},{"time":2.0666,"color":"ffffff6a","curve":"stepped"},{"time":2.1,"color":"ffffff38","curve":"stepped"},{"time":2.1333,"color":"ffffff22"}]},"690_S2_rock1/690_S2_rock1_00000":{"attachment":[{"time":0,"name":null},{"time":1.1666,"name":"690_S2_rock1/690_S2_rock1_00002"},{"time":1.2,"name":"690_S2_rock1/690_S2_rock1_00002"},{"time":1.2333,"name":"690_S2_rock1/690_S2_rock1_00006"},{"time":1.2666,"name":"690_S2_rock1/690_S2_rock1_00006"},{"time":1.3,"name":"690_S2_rock1/690_S2_rock1_00006"},{"time":1.3333,"name":"690_S2_rock1/690_S2_rock1_00007"},{"time":1.3666,"name":"690_S2_rock1/690_S2_rock1_00007"},{"time":1.4,"name":"690_S2_rock1/690_S2_rock1_00007"},{"time":1.4333,"name":null}],"color":[{"time":1.3333,"color":"ffffffba","curve":"stepped"},{"time":1.4,"color":"ffffff79"}]}},"bones":{"S2_rock1_2":{"rotate":[{"time":1.1666,"angle":0}],"translate":[{"time":0,"x":-252.76,"y":103.98,"curve":"stepped"},{"time":1.1666,"x":-252.76,"y":103.98}],"scale":[{"time":0,"x":1.141,"y":1.141,"curve":"stepped"},{"time":1.2,"x":1.141,"y":1.141,"curve":"stepped"},{"time":1.2666,"x":1.355,"y":1.355,"curve":"stepped"},{"time":1.3,"x":1.477,"y":1.477,"curve":"stepped"},{"time":1.3333,"x":1.343,"y":1.343}]},"S1_slash1":{"rotate":[{"time":1.1333,"angle":14.46,"curve":"stepped"},{"time":1.2,"angle":30.44}],"translate":[{"time":1.1333,"x":-80.41,"y":205.9,"curve":"stepped"},{"time":1.2,"x":-159.23,"y":172.81}],"scale":[{"time":0,"x":0.784,"y":0.784,"curve":"stepped"},{"time":1.1333,"x":1.067,"y":1.067}]},"S2_water1":{"translate":[{"time":0,"x":-168.95,"y":0,"curve":"stepped"},{"time":1.1666,"x":-168.95,"y":0,"curve":"stepped"},{"time":1.8,"x":-168.95,"y":0}],"scale":[{"time":0,"x":1.15,"y":1.15,"curve":"stepped"},{"time":1.1666,"x":1.15,"y":1.15,"curve":"stepped"},{"time":1.2333,"x":1.25,"y":1.25,"curve":"stepped"},{"time":1.3,"x":1.349,"y":1.349,"curve":"stepped"},{"time":1.3333,"x":1.4,"y":1.4,"curve":"stepped"},{"time":1.3666,"x":1.43,"y":1.43,"curve":"stepped"},{"time":1.4,"x":1.459,"y":1.459,"curve":"stepped"},{"time":1.4333,"x":1.489,"y":1.489,"curve":"stepped"},{"time":1.4666,"x":1.52,"y":1.52,"curve":"stepped"},{"time":1.5333,"x":1.55,"y":1.55,"curve":"stepped"},{"time":1.8,"x":1.15,"y":1.15,"curve":"stepped"},{"time":1.8666,"x":1.25,"y":1.25,"curve":"stepped"},{"time":1.9333,"x":1.349,"y":1.349,"curve":"stepped"},{"time":1.9666,"x":1.4,"y":1.4,"curve":"stepped"},{"time":2,"x":1.43,"y":1.43,"curve":"stepped"},{"time":2.0333,"x":1.459,"y":1.459,"curve":"stepped"},{"time":2.0666,"x":1.489,"y":1.489,"curve":"stepped"},{"time":2.1,"x":1.52,"y":1.52,"curve":"stepped"},{"time":2.1333,"x":1.55,"y":1.55}]},"S1_water1":{"translate":[{"time":0,"x":-211.49,"y":-12.16,"curve":"stepped"},{"time":1.1,"x":-223.38,"y":92.64,"curve":[0.204,0.69,0.75,1]},{"time":1.5,"x":-273.97,"y":172.13,"curve":"stepped"},{"time":1.8333,"x":-316.12,"y":167.72},{"time":1.9,"x":-324.95,"y":198.63,"curve":[0.206,0.57,0.662,1]},{"time":2.3333,"x":-351.44,"y":266.36}],"scale":[{"time":0,"x":0.784,"y":0.784,"curve":"stepped"},{"time":1.1,"x":0.714,"y":0.714,"curve":"stepped"},{"time":1.1333,"x":0.737,"y":0.737,"curve":"stepped"},{"time":1.2333,"x":0.784,"y":0.784,"curve":"stepped"},{"time":1.3,"x":0.808,"y":0.808,"curve":[0.195,0.6,0.75,1]},{"time":1.6666,"x":1.243,"y":1.243,"curve":"stepped"},{"time":1.8333,"x":0.737,"y":0.737,"curve":"stepped"},{"time":1.9,"x":0.784,"y":0.784,"curve":"stepped"},{"time":1.9333,"x":0.991,"y":0.991,"curve":[0.195,0.6,0.75,1]},{"time":2.3333,"x":1.337,"y":1.337}]},"S1_earth1":{"rotate":[{"time":1.2333,"angle":-0.1}],"translate":[{"time":0,"x":-224.13,"y":-22.19,"curve":"stepped"},{"time":1.1,"x":-224.13,"y":-22.19}],"scale":[{"time":0,"x":0.812,"y":0.812,"curve":"stepped"},{"time":1.1,"x":0.812,"y":0.812}]},"S1_ex1":{"translate":[{"time":1.8,"x":-253.48,"y":0,"curve":"stepped"},{"time":1.8666,"x":-281.94,"y":0}],"scale":[{"time":1.8,"x":3,"y":3}]},"S1_ex2":{"translate":[{"time":1.8666,"x":-162.52,"y":0,"curve":"stepped"},{"time":1.9333,"x":-162.52,"y":0}],"scale":[{"time":1.8666,"x":3,"y":3}]},"S1_ex3":{"translate":[{"time":1.8666,"x":-334.42,"y":0}],"scale":[{"time":1.8666,"x":3,"y":3},{"time":1.9333,"x":3.812,"y":3.812}]},"EF":{"translate":[{"time":0,"x":-84.5,"y":0}],"scale":[{"time":0,"x":0.6,"y":0.6}]}},"drawOrder":[{"time":1.3,"offsets":[{"slot":"360_S1_earth1/360_S1_earth1_00000","offset":7},{"slot":"360_S1_earth1/360_S1_earth1_0","offset":0},{"slot":"610_S1_water1/610_S1_water1_00000","offset":5}]},{"time":1.8,"offsets":[{"slot":"360_S1_earth1/360_S1_earth1_00000","offset":7},{"slot":"360_S1_earth1/360_S1_earth1_0","offset":0},{"slot":"610_S1_water1/610_S1_water1_00000","offset":5}]}]},"1-skill2":{"slots":{"360_S1_earth1/360_S1_earth1_00000":{"attachment":[{"time":1.5666,"name":"360_S1_earth1/360_S1_earth1_00003"},{"time":1.9,"name":"360_S1_earth1/360_S1_earth1_00031"},{"time":1.9666,"name":"360_S1_earth1/360_S1_earth1_00032"},{"time":2.0333,"name":"360_S1_earth1/360_S1_earth1_00033"},{"time":2.1,"name":"360_S1_earth1/360_S1_earth1_00033"},{"time":2.1666,"name":null}],"color":[{"time":2.1,"color":"ffffff99"}]},"360_S1_earth1/360_S1_earth1_0":{"attachment":[{"time":1.4666,"name":"360_S1_earth1/360_S1_earth1_00000"},{"time":1.5666,"name":"360_S1_earth1/360_S1_earth1_00003"},{"time":1.9,"name":"360_S1_earth1/360_S1_earth1_00031"},{"time":1.9666,"name":"360_S1_earth1/360_S1_earth1_00032"},{"time":2.0333,"name":"360_S1_earth1/360_S1_earth1_00033"},{"time":2.1,"name":"360_S1_earth1/360_S1_earth1_00033"},{"time":2.1666,"name":null}],"color":[{"time":2.1,"color":"ffffff9a"}]},"360_S1_ex1/360_S1_ex1_00000":{"attachment":[{"time":1.5333,"name":"360_S1_ex1/360_S1_ex1_00000"},{"time":1.5666,"name":"360_S1_ex1/360_S1_ex1_00002"},{"time":1.6,"name":"360_S1_ex1/360_S1_ex1_00003"},{"time":1.6666,"name":"360_S1_ex1/360_S1_ex1_00004"},{"time":1.7,"name":"360_S1_ex1/360_S1_ex1_00006"},{"time":1.7333,"name":"360_S1_ex1/360_S1_ex1_00007"},{"time":1.7666,"name":"360_S1_ex1/360_S1_ex1_00008"},{"time":1.8,"name":"360_S1_ex1/360_S1_ex1_00010"},{"time":1.8666,"name":null}],"color":[{"time":1.8333,"color":"ffffff85"}]},"360_S1_ex1/360_S1_ex1_0":{"attachment":[{"time":1.5333,"name":"360_S1_ex1/360_S1_ex1_00000"},{"time":1.5666,"name":"360_S1_ex1/360_S1_ex1_00002"},{"time":1.6,"name":"360_S1_ex1/360_S1_ex1_00003"},{"time":1.6666,"name":"360_S1_ex1/360_S1_ex1_00004"},{"time":1.7,"name":"360_S1_ex1/360_S1_ex1_00006"},{"time":1.7333,"name":"360_S1_ex1/360_S1_ex1_00007"},{"time":1.7666,"name":"360_S1_ex1/360_S1_ex1_00008"},{"time":1.8,"name":"360_S1_ex1/360_S1_ex1_00010"},{"time":1.8666,"name":null}],"color":[{"time":1.8333,"color":"ffffffa2"}]},"360_S1_ex1/360_S1_ex1_1":{"attachment":[{"time":1.6666,"name":"360_S1_ex1/360_S1_ex1_00000"},{"time":1.7,"name":"360_S1_ex1/360_S1_ex1_00002"},{"time":1.7333,"name":"360_S1_ex1/360_S1_ex1_00003"},{"time":1.7666,"name":"360_S1_ex1/360_S1_ex1_00004"},{"time":1.8,"name":"360_S1_ex1/360_S1_ex1_00006"},{"time":1.8333,"name":"360_S1_ex1/360_S1_ex1_00007"},{"time":1.8666,"name":"360_S1_ex1/360_S1_ex1_00008"},{"time":1.9,"name":"360_S1_ex1/360_S1_ex1_00010"},{"time":1.9333,"name":null}]},"360_S1_ex1/360_S1_ex1_2":{"attachment":[{"time":1.6666,"name":"360_S1_ex1/360_S1_ex1_00000"},{"time":1.7,"name":"360_S1_ex1/360_S1_ex1_00002"},{"time":1.7333,"name":"360_S1_ex1/360_S1_ex1_00003"},{"time":1.7666,"name":"360_S1_ex1/360_S1_ex1_00004"},{"time":1.8333,"name":"360_S1_ex1/360_S1_ex1_00006"},{"time":1.8666,"name":"360_S1_ex1/360_S1_ex1_00007"},{"time":1.9,"name":"360_S1_ex1/360_S1_ex1_00008"},{"time":1.9333,"name":"360_S1_ex1/360_S1_ex1_00010"},{"time":1.9666,"name":null}],"color":[{"time":1.8,"color":"ffffffbf"}]},"360_S1_slash1/360_S1_slash1_00000":{"attachment":[{"time":1.7,"name":null},{"time":2.1,"name":null}]},"360_S2_rock1/360_S2_rock1_00000":{"attachment":[{"time":1.4666,"name":"360_S2_rock1/360_S2_rock1_00005"},{"time":1.7666,"name":null},{"time":2.5,"name":null}]},"360_S2_rock1/360_S2_rock1_0":{"attachment":[{"time":1.4666,"name":"360_S2_rock1/360_S2_rock1_00005"},{"time":1.7666,"name":null}]},"610_S1_tower1/610_S1_tower1_00000":{"attachment":[{"time":1.4666,"name":"610_S1_tower1/610_S1_tower1_00000"},{"time":1.5,"name":"610_S1_tower1/610_S1_tower1_00003"},{"time":1.5333,"name":"610_S1_tower1/610_S1_tower1_00003"},{"time":1.5666,"name":"610_S1_tower1/610_S1_tower1_00003"},{"time":1.6666,"name":"610_S1_tower1/610_S1_tower1_00006"},{"time":1.7,"name":"610_S1_tower1/610_S1_tower1_00006"},{"time":1.7333,"name":"610_S1_tower1/610_S1_tower1_00006"},{"time":1.7666,"name":"610_S1_tower1/610_S1_tower1_00009"},{"time":1.8333,"name":"610_S1_tower1/610_S1_tower1_00009"},{"time":1.8666,"name":null},{"time":2.1,"name":null}],"color":[{"time":1.7333,"color":"d9d9d9cf","curve":"stepped"},{"time":1.8,"color":"cfcfcfa2","curve":"stepped"},{"time":1.8333,"color":"cfcfcf70","curve":"stepped"},{"time":2.1,"color":"cfcfcfff"}]},"610_S1_water1/610_S1_water1_00000":{"attachment":[{"time":1.5,"name":"610_S1_water1/610_S1_water1_00002"},{"time":1.5333,"name":"610_S1_water1/610_S1_water1_00004"},{"time":1.5666,"name":"610_S1_water1/610_S1_water1_00006"},{"time":1.6,"name":"610_S1_water1/610_S1_water1_00006"},{"time":1.6333,"name":"610_S1_water1/610_S1_water1_00002"},{"time":1.7,"name":"610_S1_water1/610_S1_water1_00004"},{"time":1.7666,"name":"610_S1_water1/610_S1_water1_00006"},{"time":1.8666,"name":"610_S1_water1/610_S1_water1_00008"},{"time":2.5,"name":null}],"color":[{"time":1.6666,"color":"ffffffbc","curve":"stepped"},{"time":1.7333,"color":"ffffffbc","curve":[0.4,0,0.874,0.44]},{"time":2.5,"color":"ffffff11"}]},"610_S1_water1/610_S1_water1_0":{"attachment":[{"time":1.5666,"name":"610_S1_water1/610_S1_water1_00002"},{"time":1.6333,"name":"610_S1_water1/610_S1_water1_00004"},{"time":1.7,"name":"610_S1_water1/610_S1_water1_00006"},{"time":1.7666,"name":"610_S1_water1/610_S1_water1_00008"}],"color":[{"time":1.5666,"color":"ffffffff","curve":"stepped"},{"time":1.6333,"color":"ffffffff","curve":[0.245,0,0.793,0.24]},{"time":2.3666,"color":"ffffff00"}]},"610_S1_water1/610_S1_water1_1":{"attachment":[{"time":1.5,"name":"610_S1_water1/610_S1_water1_00002"},{"time":1.6333,"name":"610_S1_water1/610_S1_water1_00004"},{"time":1.7333,"name":"610_S1_water1/610_S1_water1_00006"},{"time":1.8666,"name":"610_S1_water1/610_S1_water1_00008"}],"color":[{"time":1.7,"color":"ffffffff","curve":[0.25,0,0.779,0.29]},{"time":2.2666,"color":"ffffff00"}]},"610_S2_water1/610_S2_water1_00000":{"attachment":[{"time":1.4666,"name":null},{"time":1.6,"name":"610_S2_water1/610_S2_water1_00002"},{"time":1.6666,"name":"610_S2_water1/610_S2_water1_00004"},{"time":1.7333,"name":"610_S2_water1/610_S2_water1_00006"},{"time":1.8,"name":"610_S2_water1/610_S2_water1_00012"},{"time":1.9333,"name":"610_S2_water1/610_S2_water1_00012"},{"time":2,"name":"610_S2_water1/610_S2_water1_00012"},{"time":2.0333,"name":"610_S2_water1/610_S2_water1_00012"},{"time":2.0666,"name":"610_S2_water1/610_S2_water1_00012"},{"time":2.1333,"name":null}],"color":[{"time":1.6,"color":"ffffffbf","curve":"stepped"},{"time":1.6666,"color":"ffffffff","curve":"stepped"},{"time":1.7333,"color":"ffffffff","curve":"stepped"},{"time":1.8,"color":"ffffffca"},{"time":2.0666,"color":"ffffff65"}]},"690_S2_rock1/690_S2_rock1_00000":{"attachment":[{"time":1.4666,"name":null}]}},"bones":{"S2_rock1":{"translate":[{"time":1.4666,"x":-229.47,"y":-786.55,"curve":[0.138,0.51,0.75,1]},{"time":1.7333,"x":-229.47,"y":724.24}],"scale":[{"time":1.4666,"x":1.166,"y":1.333},{"time":1.7333,"x":2,"y":2}]},"S1_tower1":{"translate":[{"time":1.4666,"x":-232.17,"y":0,"curve":"stepped"},{"time":1.5666,"x":-232.17,"y":48.57,"curve":"stepped"},{"time":1.7666,"x":-232.17,"y":9.58}],"scale":[{"time":1.4666,"x":1,"y":1,"curve":"stepped"},{"time":1.5,"x":1.041,"y":0.473,"curve":"stepped"},{"time":1.5333,"x":1,"y":0.789,"curve":"stepped"},{"time":1.5666,"x":1,"y":1.578},{"time":1.6333,"x":1,"y":1.682,"curve":"stepped"},{"time":1.7,"x":0.862,"y":1.05,"curve":"stepped"},{"time":1.7333,"x":0.863,"y":0.879,"curve":"stepped"},{"time":1.7666,"x":1,"y":1,"curve":"stepped"},{"time":1.8,"x":0.677,"y":0.677}]},"S1_earth1":{"translate":[{"time":1.4666,"x":-359.14,"y":-23.15}],"scale":[{"time":1.4666,"x":0.9,"y":0.9}]},"S2_water1":{"translate":[{"time":1.6,"x":-226.58,"y":-11.46}],"scale":[{"time":1.6,"x":1.033,"y":0.861,"curve":"stepped"},{"time":1.6666,"x":1.194,"y":0.995,"curve":"stepped"},{"time":1.7333,"x":1.486,"y":1.204,"curve":"stepped"},{"time":1.8,"x":-1.095,"y":0.885,"curve":"stepped"},{"time":1.8666,"x":0.917,"y":0.743,"curve":"stepped"},{"time":1.9333,"x":0.815,"y":0.66,"curve":"stepped"},{"time":2,"x":0.671,"y":0.544,"curve":"stepped"},{"time":2.0666,"x":0.671,"y":0.544}]},"S1_water1":{"translate":[{"time":1.5,"x":-232.62,"y":427.54,"curve":[0.2,0.57,0.75,1]},{"time":2.3666,"x":-232.62,"y":575.06}],"scale":[{"time":1.5,"x":0.395,"y":0.395,"curve":"stepped"},{"time":1.6666,"x":0.858,"y":0.858,"curve":[0.186,0.72,0.75,1]},{"time":2.5,"x":1.966,"y":1.966}]},"S1_earth2":{"translate":[{"time":1.4666,"x":-115.96,"y":-28.34}],"scale":[{"time":1.4666,"x":-1,"y":1}]},"S2_rock2":{"rotate":[{"time":1.4666,"angle":180}],"translate":[{"time":1.4666,"x":-226.58,"y":-500.32},{"time":1.7333,"x":-226.58,"y":1455.85}],"scale":[{"time":1.4666,"x":1.333,"y":1.333}]},"S1_ex1":{"rotate":[{"time":1.5333,"angle":-9.99}],"translate":[{"time":1.5333,"x":-374.87,"y":-2.75}],"scale":[{"time":1.5333,"x":2.5,"y":2.5,"curve":"stepped"},{"time":1.7,"x":2.8,"y":2.8}]},"S1_ex2":{"rotate":[{"time":1.5333,"angle":10.1}],"translate":[{"time":1.5333,"x":-82.76,"y":-2.75}],"scale":[{"time":1.5333,"x":-2.5,"y":2.5,"curve":"stepped"},{"time":1.7,"x":-2.8,"y":2.8}]},"S1_ex3":{"translate":[{"time":1.6666,"x":0.53,"y":-23.27,"curve":"stepped"},{"time":1.8,"x":47.09,"y":26.38}],"scale":[{"time":1.6666,"x":-2,"y":2}]},"S1_ex4":{"translate":[{"time":1.6666,"x":-461.96,"y":-21.72,"curve":"stepped"},{"time":1.8333,"x":-503.86,"y":9.31}],"scale":[{"time":1.6666,"x":2,"y":2}]},"EF":{"translate":[{"time":0,"x":-93,"y":0}],"scale":[{"time":0,"x":0.6,"y":0.6}]},"S1_water2":{"translate":[{"time":1.5666,"x":-157.05,"y":259.82,"curve":[0.157,0.63,0.75,1]},{"time":2.3,"x":-157.05,"y":304.41}],"scale":[{"time":1.5666,"x":0.395,"y":0.395,"curve":"stepped"},{"time":1.6333,"x":1.569,"y":1.569,"curve":[0.186,0.72,0.75,1]},{"time":2.3666,"x":2.499,"y":2.499}]},"S1_water3":{"translate":[{"time":1.5,"x":-351.35,"y":127.34,"curve":[0.157,0.63,0.75,1]},{"time":2.1666,"x":-399.93,"y":264.67}],"scale":[{"time":1.5,"x":0.395,"y":0.395,"curve":"stepped"},{"time":1.5666,"x":1.569,"y":1.569,"curve":[0.186,0.72,0.75,1]},{"time":2.2666,"x":2.499,"y":2.499}]}}},"empty":{},"flush":{"slots":{"360_S2_wind1/360_S2_wind1_00000":{"attachment":[{"time":0,"name":"360_S2_wind1/360_S2_wind1_00002"},{"time":0.0333,"name":"360_S2_wind1/360_S2_wind1_00002"},{"time":0.0666,"name":"360_S2_wind1/360_S2_wind1_00002"},{"time":0.1,"name":"360_S2_wind1/360_S2_wind1_00002"},{"time":0.1333,"name":"360_S2_wind1/360_S2_wind1_00002"},{"time":0.1666,"name":null}],"color":[{"time":0,"color":"ffffff24","curve":"stepped"},{"time":0.0333,"color":"ffffff58","curve":"stepped"},{"time":0.0666,"color":"ffffffff","curve":"stepped"},{"time":0.1,"color":"ffffff7b","curve":"stepped"},{"time":0.1333,"color":"ffffff2a"}]}},"bones":{"S2_wind1":{"translate":[{"time":0,"x":-216.86,"y":-4.48}]}}},"skill2-original":{"slots":{"360_S1_earth1/360_S1_earth1_00000":{"attachment":[{"time":1.5666,"name":"360_S1_earth1/360_S1_earth1_00003"},{"time":1.9,"name":"360_S1_earth1/360_S1_earth1_00031"},{"time":1.9666,"name":"360_S1_earth1/360_S1_earth1_00032"},{"time":2.0333,"name":"360_S1_earth1/360_S1_earth1_00033"},{"time":2.1,"name":"360_S1_earth1/360_S1_earth1_00033"},{"time":2.1666,"name":null}],"color":[{"time":2.1,"color":"ffffff99"}]},"360_S1_earth1/360_S1_earth1_0":{"attachment":[{"time":1.4666,"name":"360_S1_earth1/360_S1_earth1_00000"},{"time":1.5666,"name":"360_S1_earth1/360_S1_earth1_00003"},{"time":1.9,"name":"360_S1_earth1/360_S1_earth1_00031"},{"time":1.9666,"name":"360_S1_earth1/360_S1_earth1_00032"},{"time":2.0333,"name":"360_S1_earth1/360_S1_earth1_00033"},{"time":2.1,"name":"360_S1_earth1/360_S1_earth1_00033"},{"time":2.1666,"name":null}],"color":[{"time":2.1,"color":"ffffff9a"}]},"360_S1_ex1/360_S1_ex1_00000":{"attachment":[{"time":1.5333,"name":"360_S1_ex1/360_S1_ex1_00000"},{"time":1.5666,"name":"360_S1_ex1/360_S1_ex1_00002"},{"time":1.6,"name":"360_S1_ex1/360_S1_ex1_00003"},{"time":1.6666,"name":"360_S1_ex1/360_S1_ex1_00004"},{"time":1.7,"name":"360_S1_ex1/360_S1_ex1_00006"},{"time":1.7333,"name":"360_S1_ex1/360_S1_ex1_00007"},{"time":1.7666,"name":"360_S1_ex1/360_S1_ex1_00008"},{"time":1.8,"name":"360_S1_ex1/360_S1_ex1_00010"},{"time":1.8666,"name":null}],"color":[{"time":1.8333,"color":"ffffff85"}]},"360_S1_ex1/360_S1_ex1_0":{"attachment":[{"time":1.5333,"name":"360_S1_ex1/360_S1_ex1_00000"},{"time":1.5666,"name":"360_S1_ex1/360_S1_ex1_00002"},{"time":1.6,"name":"360_S1_ex1/360_S1_ex1_00003"},{"time":1.6666,"name":"360_S1_ex1/360_S1_ex1_00004"},{"time":1.7,"name":"360_S1_ex1/360_S1_ex1_00006"},{"time":1.7333,"name":"360_S1_ex1/360_S1_ex1_00007"},{"time":1.7666,"name":"360_S1_ex1/360_S1_ex1_00008"},{"time":1.8,"name":"360_S1_ex1/360_S1_ex1_00010"},{"time":1.8666,"name":null}],"color":[{"time":1.8333,"color":"ffffffa2"}]},"360_S1_ex1/360_S1_ex1_1":{"attachment":[{"time":1.6666,"name":"360_S1_ex1/360_S1_ex1_00000"},{"time":1.7,"name":"360_S1_ex1/360_S1_ex1_00002"},{"time":1.7333,"name":"360_S1_ex1/360_S1_ex1_00003"},{"time":1.7666,"name":"360_S1_ex1/360_S1_ex1_00004"},{"time":1.8,"name":"360_S1_ex1/360_S1_ex1_00006"},{"time":1.8333,"name":"360_S1_ex1/360_S1_ex1_00007"},{"time":1.8666,"name":"360_S1_ex1/360_S1_ex1_00008"},{"time":1.9,"name":"360_S1_ex1/360_S1_ex1_00010"},{"time":1.9333,"name":null}]},"360_S1_ex1/360_S1_ex1_2":{"attachment":[{"time":1.6666,"name":"360_S1_ex1/360_S1_ex1_00000"},{"time":1.7,"name":"360_S1_ex1/360_S1_ex1_00002"},{"time":1.7333,"name":"360_S1_ex1/360_S1_ex1_00003"},{"time":1.7666,"name":"360_S1_ex1/360_S1_ex1_00004"},{"time":1.8333,"name":"360_S1_ex1/360_S1_ex1_00006"},{"time":1.8666,"name":"360_S1_ex1/360_S1_ex1_00007"},{"time":1.9,"name":"360_S1_ex1/360_S1_ex1_00008"},{"time":1.9333,"name":"360_S1_ex1/360_S1_ex1_00010"},{"time":1.9666,"name":null}],"color":[{"time":1.8,"color":"ffffffbf"}]},"360_S1_slash1/360_S1_slash1_00000":{"attachment":[{"time":1.7,"name":null},{"time":2.1,"name":null}]},"360_S2_rock1/360_S2_rock1_00000":{"attachment":[{"time":1.4666,"name":"360_S2_rock1/360_S2_rock1_00005"},{"time":1.7666,"name":null},{"time":2.5,"name":null}]},"360_S2_rock1/360_S2_rock1_0":{"attachment":[{"time":1.4666,"name":"360_S2_rock1/360_S2_rock1_00005"},{"time":1.7666,"name":null}]},"360_S2_wind1/360_S2_wind1_00000":{"attachment":[{"time":1.4666,"name":"360_S2_wind1/360_S2_wind1_00002"},{"time":1.5,"name":"360_S2_wind1/360_S2_wind1_00002"},{"time":1.5333,"name":"360_S2_wind1/360_S2_wind1_00002"},{"time":1.5666,"name":"360_S2_wind1/360_S2_wind1_00002"},{"time":1.6,"name":"360_S2_wind1/360_S2_wind1_00002"},{"time":1.6333,"name":null}],"color":[{"time":1.4666,"color":"ffffff24","curve":"stepped"},{"time":1.5,"color":"ffffff58","curve":"stepped"},{"time":1.5333,"color":"ffffffff","curve":"stepped"},{"time":1.5666,"color":"ffffff7b","curve":"stepped"},{"time":1.6,"color":"ffffff2a"}]},"610_S1_tower1/610_S1_tower1_00000":{"attachment":[{"time":1.4666,"name":"610_S1_tower1/610_S1_tower1_00000"},{"time":1.5,"name":"610_S1_tower1/610_S1_tower1_00003"},{"time":1.5333,"name":"610_S1_tower1/610_S1_tower1_00003"},{"time":1.5666,"name":"610_S1_tower1/610_S1_tower1_00003"},{"time":1.6,"name":"610_S1_tower1/610_S1_tower1_00003"},{"time":1.6333,"name":"610_S1_tower1/610_S1_tower1_00005"},{"time":1.6666,"name":"610_S1_tower1/610_S1_tower1_00006"},{"time":1.7,"name":"610_S1_tower1/610_S1_tower1_00006"},{"time":1.7333,"name":"610_S1_tower1/610_S1_tower1_00006"},{"time":1.7666,"name":"610_S1_tower1/610_S1_tower1_00009"},{"time":1.8333,"name":"610_S1_tower1/610_S1_tower1_00009"},{"time":1.8666,"name":null},{"time":2.1,"name":null}],"color":[{"time":1.7333,"color":"d9d9d9cf","curve":"stepped"},{"time":1.8,"color":"cfcfcfa2","curve":"stepped"},{"time":1.8333,"color":"cfcfcf70","curve":"stepped"},{"time":2.1,"color":"cfcfcfff"}]},"610_S1_water1/610_S1_water1_00000":{"attachment":[{"time":1.4666,"name":"610_S1_water1/610_S1_water1_00002"},{"time":1.5,"name":"610_S1_water1/610_S1_water1_00002"},{"time":1.5333,"name":"610_S1_water1/610_S1_water1_00002"},{"time":1.5666,"name":"610_S1_water1/610_S1_water1_00004"},{"time":1.6,"name":"610_S1_water1/610_S1_water1_00004"},{"time":1.6333,"name":"610_S1_water1/610_S1_water1_00004"},{"time":1.6666,"name":"610_S1_water1/610_S1_water1_00006"},{"time":1.7,"name":"610_S1_water1/610_S1_water1_00006"},{"time":1.7333,"name":"610_S1_water1/610_S1_water1_00006"},{"time":1.7666,"name":"610_S1_water1/610_S1_water1_00008"},{"time":1.8,"name":"610_S1_water1/610_S1_water1_00008"},{"time":1.8333,"name":"610_S1_water1/610_S1_water1_00008"},{"time":1.8666,"name":"610_S1_water1/610_S1_water1_00008"},{"time":1.9,"name":"610_S1_water1/610_S1_water1_00008"},{"time":1.9333,"name":null}],"color":[{"time":1.7333,"color":"ffffffbc"},{"time":1.9,"color":"ffffff11"}]},"610_S2_water1/610_S2_water1_00000":{"attachment":[{"time":1.4666,"name":null},{"time":1.6,"name":"610_S2_water1/610_S2_water1_00002"},{"time":1.6666,"name":"610_S2_water1/610_S2_water1_00004"},{"time":1.7333,"name":"610_S2_water1/610_S2_water1_00006"},{"time":1.8,"name":"610_S2_water1/610_S2_water1_00012"},{"time":1.9333,"name":"610_S2_water1/610_S2_water1_00012"},{"time":2,"name":"610_S2_water1/610_S2_water1_00012"},{"time":2.0333,"name":"610_S2_water1/610_S2_water1_00012"},{"time":2.0666,"name":"610_S2_water1/610_S2_water1_00012"},{"time":2.1333,"name":null}],"color":[{"time":1.6,"color":"ffffffbf","curve":"stepped"},{"time":1.6666,"color":"ffffffff","curve":"stepped"},{"time":1.7333,"color":"ffffffff","curve":"stepped"},{"time":1.8,"color":"ffffffca"},{"time":2.0666,"color":"ffffff65"}]},"690_S2_rock1/690_S2_rock1_00000":{"attachment":[{"time":1.4666,"name":null}]}},"bones":{"S2_rock1":{"translate":[{"time":1.4666,"x":-229.47,"y":-786.55,"curve":[0.138,0.51,0.75,1]},{"time":1.7333,"x":-229.47,"y":724.24}],"scale":[{"time":1.4666,"x":1.166,"y":1.333},{"time":1.7333,"x":2,"y":2}]},"S1_tower1":{"translate":[{"time":1.4666,"x":-232.17,"y":0,"curve":"stepped"},{"time":1.7666,"x":-232.17,"y":9.58,"curve":"stepped"},{"time":1.8,"x":-232.17,"y":44.7,"curve":"stepped"},{"time":1.8333,"x":-232.17,"y":62.27}],"scale":[{"time":1.4666,"x":1,"y":1,"curve":"stepped"},{"time":1.5,"x":1.041,"y":0.473,"curve":"stepped"},{"time":1.5333,"x":1,"y":0.637,"curve":"stepped"},{"time":1.5666,"x":1,"y":1,"curve":"stepped"},{"time":1.7,"x":0.862,"y":0.877,"curve":"stepped"},{"time":1.7333,"x":0.863,"y":0.879,"curve":"stepped"},{"time":1.7666,"x":1,"y":1,"curve":"stepped"},{"time":1.8,"x":0.677,"y":0.677}]},"S1_earth1":{"translate":[{"time":1.4666,"x":-359.14,"y":-23.15}],"scale":[{"time":1.4666,"x":0.9,"y":0.9}]},"S2_wind1":{"translate":[{"time":1.4666,"x":-216.86,"y":-4.48}]},"S2_water1":{"translate":[{"time":1.6,"x":-226.58,"y":-11.46}],"scale":[{"time":1.6,"x":1.033,"y":0.861,"curve":"stepped"},{"time":1.6666,"x":1.194,"y":0.995,"curve":"stepped"},{"time":1.7333,"x":1.486,"y":1.204,"curve":"stepped"},{"time":1.8,"x":-1.095,"y":0.885,"curve":"stepped"},{"time":1.8666,"x":0.917,"y":0.743,"curve":"stepped"},{"time":1.9333,"x":0.815,"y":0.66,"curve":"stepped"},{"time":2,"x":0.671,"y":0.544,"curve":"stepped"},{"time":2.0666,"x":0.671,"y":0.544}]},"S1_water1":{"translate":[{"time":1.4666,"x":-232.62,"y":26.5}],"scale":[{"time":1.4666,"x":0.395,"y":0.395,"curve":"stepped"},{"time":1.5,"x":0.557,"y":0.557,"curve":"stepped"},{"time":1.5333,"x":0.714,"y":0.714,"curve":"stepped"},{"time":1.5666,"x":0.626,"y":0.626,"curve":"stepped"},{"time":1.6,"x":0.716,"y":0.716,"curve":"stepped"},{"time":1.6333,"x":0.783,"y":0.783,"curve":"stepped"},{"time":1.7,"x":0.827,"y":0.827,"curve":"stepped"},{"time":1.7333,"x":0.954,"y":0.954,"curve":"stepped"},{"time":1.8333,"x":1.175,"y":1.175,"curve":"stepped"},{"time":1.9,"x":1.314,"y":1.314}]},"S1_earth2":{"translate":[{"time":1.4666,"x":-115.96,"y":-28.34}],"scale":[{"time":1.4666,"x":-1,"y":1}]},"S2_rock2":{"rotate":[{"time":1.4666,"angle":180}],"translate":[{"time":1.4666,"x":-226.58,"y":-500.32},{"time":1.7333,"x":-226.58,"y":1455.85}],"scale":[{"time":1.4666,"x":1.333,"y":1.333}]},"S1_ex1":{"rotate":[{"time":1.5333,"angle":-9.99}],"translate":[{"time":1.5333,"x":-374.87,"y":-2.75}],"scale":[{"time":1.5333,"x":2.5,"y":2.5,"curve":"stepped"},{"time":1.7,"x":2.8,"y":2.8}]},"S1_ex2":{"rotate":[{"time":1.5333,"angle":10.1}],"translate":[{"time":1.5333,"x":-82.76,"y":-2.75}],"scale":[{"time":1.5333,"x":-2.5,"y":2.5,"curve":"stepped"},{"time":1.7,"x":-2.8,"y":2.8}]},"S1_ex3":{"translate":[{"time":1.6666,"x":0.53,"y":-23.27,"curve":"stepped"},{"time":1.8,"x":47.09,"y":26.38}],"scale":[{"time":1.6666,"x":-2,"y":2}]},"S1_ex4":{"translate":[{"time":1.6666,"x":-461.96,"y":-21.72,"curve":"stepped"},{"time":1.8333,"x":-503.86,"y":9.31}],"scale":[{"time":1.6666,"x":2,"y":2}]}}}}}