{"skeleton":{"hash":"Z3moBhZK3JruvPsf+LyUA7RvidQ","spine":"3.0.12","width":0,"height":0},"bones":[{"name":"root","y":3.5},{"name":"MAIN","parent":"root"},{"name":"WaveRoot","parent":"MAIN","y":-3.5},{"name":"S2_wave8","parent":"WaveRoot"},{"name":"S2_wave7","parent":"WaveRoot"},{"name":"S2_wave6","parent":"WaveRoot"},{"name":"S2_wave5","parent":"WaveRoot"},{"name":"S2_wave4","parent":"WaveRoot"},{"name":"S2_wave3","parent":"WaveRoot"},{"name":"S2_wave2","parent":"WaveRoot"},{"name":"S2_wave1","parent":"WaveRoot","scaleX":2.001,"scaleY":2.001},{"name":"S1_wind1","parent":"MAIN","y":-3.5,"scaleX":1.996,"scaleY":1.996},{"name":"S1_slash2","parent":"MAIN","y":-3.5},{"name":"S1_slash1","parent":"MAIN","y":2.56,"scaleX":2,"scaleY":2}],"slots":[{"name":"EF/410_S1_slash1/410_S1_slash1_00038","bone":"S1_slash1","blend":"additive"},{"name":"EF/410_S1_slash2/410_S1_slash2_00038","bone":"S1_slash2","blend":"additive"},{"name":"EF/410_S1_wind1/410_S1_wind1_00039","bone":"S1_wind1","blend":"additive"},{"name":"EF/410_S2_wave1/410_S2_wave1_00039","bone":"S2_wave1","blend":"additive"},{"name":"EF/370_S2_leaf1/370_S2_leaf1_03","bone":"S2_wave5","blend":"additive"},{"name":"EF/370_S2_leaf1/370_S2_leaf1_04","bone":"S2_wave6","blend":"additive"},{"name":"EF/370_S2_leaf1/370_S2_leaf1_05","bone":"S2_wave7","blend":"additive"},{"name":"EF/370_S2_leaf1/370_S2_leaf1_06","bone":"S2_wave8","blend":"additive"},{"name":"EF/370_S2_leaf1/370_S2_leaf1_02","bone":"S2_wave4","blend":"additive"},{"name":"EF/370_S2_leaf1/370_S2_leaf1_01","bone":"S2_wave3","blend":"additive"},{"name":"EF/370_S2_leaf1/370_S2_leaf1_00","bone":"S2_wave2","blend":"additive"}],"skins":{"default":{"EF/370_S2_leaf1/370_S2_leaf1_00":{"EF/370_S2_leaf1/370_S2_leaf1_00012":{"x":-3.34,"y":76.54,"rotation":76.32,"width":250,"height":250}},"EF/370_S2_leaf1/370_S2_leaf1_01":{"EF/370_S2_leaf1/370_S2_leaf1_00012":{"x":-3.34,"y":76.54,"rotation":76.32,"width":250,"height":250}},"EF/370_S2_leaf1/370_S2_leaf1_02":{"EF/370_S2_leaf1/370_S2_leaf1_00012":{"x":-3.34,"y":76.54,"rotation":76.32,"width":250,"height":250}},"EF/370_S2_leaf1/370_S2_leaf1_03":{"EF/370_S2_leaf1/370_S2_leaf1_00008":{"x":-9.56,"y":57.14,"rotation":102.04,"width":250,"height":250}},"EF/370_S2_leaf1/370_S2_leaf1_04":{"EF/370_S2_leaf1/370_S2_leaf1_00008":{"x":-9.56,"y":57.14,"rotation":102.04,"width":250,"height":250}},"EF/370_S2_leaf1/370_S2_leaf1_05":{"EF/370_S2_leaf1/370_S2_leaf1_00008":{"x":-9.56,"y":57.14,"rotation":102.04,"width":250,"height":250}},"EF/370_S2_leaf1/370_S2_leaf1_06":{"EF/370_S2_leaf1/370_S2_leaf1_00008":{"x":-9.56,"y":57.13,"rotation":102.03,"width":250,"height":250}},"EF/410_S1_slash1/410_S1_slash1_00038":{"EF/410_S1_slash1/410_S1_slash1_00039":{"x":1.77,"y":1.17,"width":150,"height":150},"EF/410_S1_slash1/410_S1_slash1_00040":{"x":1.77,"y":1.17,"width":150,"height":150},"EF/410_S1_slash1/410_S1_slash1_00041":{"x":1.77,"y":1.17,"width":150,"height":150},"EF/410_S1_slash1/410_S1_slash1_00042":{"x":1.77,"y":1.17,"width":150,"height":150},"EF/410_S1_slash1/410_S1_slash1_00043":{"x":1.77,"y":1.17,"width":150,"height":150},"EF/410_S1_slash1/410_S1_slash1_00044":{"x":1.77,"y":1.17,"width":150,"height":150},"EF/410_S1_slash1/410_S1_slash1_00045":{"x":1.77,"y":1.17,"width":150,"height":150}},"EF/410_S1_slash2/410_S1_slash2_00038":{"EF/410_S1_slash2/410_S1_slash2_00038":{"y":100.24,"width":300,"height":300},"EF/410_S1_slash2/410_S1_slash2_00039":{"y":100.24,"width":300,"height":300},"EF/410_S1_slash2/410_S1_slash2_00040":{"y":100.24,"width":300,"height":300},"EF/410_S1_slash2/410_S1_slash2_00041":{"y":100.24,"width":300,"height":300},"EF/410_S1_slash2/410_S1_slash2_00042":{"y":100.24,"width":300,"height":300},"EF/410_S1_slash2/410_S1_slash2_00043":{"y":100.24,"width":300,"height":300},"EF/410_S1_slash2/410_S1_slash2_00044":{"y":100.24,"width":300,"height":300},"EF/410_S1_slash2/410_S1_slash2_00045":{"y":100.24,"width":300,"height":300},"EF/410_S1_slash2/410_S1_slash2_00046":{"y":100.24,"width":300,"height":300}},"EF/410_S1_wind1/410_S1_wind1_00039":{"EF/410_S1_wind1/410_S1_wind1_00039":{"width":150,"height":150},"EF/410_S1_wind1/410_S1_wind1_00040":{"width":150,"height":150},"EF/410_S1_wind1/410_S1_wind1_00041":{"width":150,"height":150},"EF/410_S1_wind1/410_S1_wind1_00042":{"width":150,"height":150},"EF/410_S1_wind1/410_S1_wind1_00043":{"width":150,"height":150},"EF/410_S1_wind1/410_S1_wind1_00044":{"width":150,"height":150},"EF/410_S1_wind1/410_S1_wind1_00045":{"width":150,"height":150},"EF/410_S1_wind1/410_S1_wind1_00046":{"width":150,"height":150},"EF/410_S1_wind1/410_S1_wind1_00047":{"width":150,"height":150},"EF/410_S1_wind1/410_S1_wind1_00048":{"width":150,"height":150},"EF/410_S1_wind1/410_S1_wind1_00049":{"width":150,"height":150},"EF/410_S1_wind1/410_S1_wind1_00050":{"width":150,"height":150}},"EF/410_S2_wave1/410_S2_wave1_00039":{"EF/410_S2_wave1/410_S2_wave1_00039":{"y":37.39,"width":150,"height":119},"EF/410_S2_wave1/410_S2_wave1_00040":{"y":37.39,"width":150,"height":119},"EF/410_S2_wave1/410_S2_wave1_00041":{"y":37.39,"width":150,"height":119},"EF/410_S2_wave1/410_S2_wave1_00042":{"y":37.39,"width":150,"height":119},"EF/410_S2_wave1/410_S2_wave1_00043":{"y":37.39,"width":150,"height":119},"EF/410_S2_wave1/410_S2_wave1_00044":{"y":37.39,"width":150,"height":119},"EF/410_S2_wave1/410_S2_wave1_00045":{"y":37.39,"width":150,"height":119},"EF/410_S2_wave1/410_S2_wave1_00046":{"y":37.39,"width":150,"height":119},"EF/410_S2_wave1/410_S2_wave1_00047":{"y":37.39,"width":150,"height":119},"EF/410_S2_wave1/410_S2_wave1_00068":{"y":37.39,"width":150,"height":119},"EF/410_S2_wave1/410_S2_wave1_00111":{"y":37.39,"width":150,"height":119},"EF/410_S2_wave1/410_S2_wave1_00112":{"y":37.39,"width":150,"height":119},"EF/410_S2_wave1/410_S2_wave1_00113":{"y":37.39,"width":150,"height":119}}}},"events":{"Sound1":{},"Sound2":{}},"animations":{"1-attack1":{"events":[{"time":0.2333,"name":"Sound1"}]},"1-skill1":{"slots":{"EF/410_S1_slash1/410_S1_slash1_00038":{"attachment":[{"time":0.3333,"name":"EF/410_S1_slash1/410_S1_slash1_00039"},{"time":0.3666,"name":"EF/410_S1_slash1/410_S1_slash1_00040"},{"time":0.4,"name":"EF/410_S1_slash1/410_S1_slash1_00041"},{"time":0.4333,"name":"EF/410_S1_slash1/410_S1_slash1_00042"},{"time":0.4666,"name":"EF/410_S1_slash1/410_S1_slash1_00043"},{"time":0.5,"name":"EF/410_S1_slash1/410_S1_slash1_00044"},{"time":0.5333,"name":"EF/410_S1_slash1/410_S1_slash1_00045"},{"time":0.5666,"name":null}]},"EF/410_S1_slash2/410_S1_slash2_00038":{"attachment":[{"time":0.3666,"name":"EF/410_S1_slash2/410_S1_slash2_00038"},{"time":0.4,"name":"EF/410_S1_slash2/410_S1_slash2_00039"},{"time":0.4333,"name":"EF/410_S1_slash2/410_S1_slash2_00040"},{"time":0.4666,"name":"EF/410_S1_slash2/410_S1_slash2_00041"},{"time":0.5,"name":"EF/410_S1_slash2/410_S1_slash2_00042"},{"time":0.5333,"name":"EF/410_S1_slash2/410_S1_slash2_00044"},{"time":0.5666,"name":"EF/410_S1_slash2/410_S1_slash2_00045"},{"time":0.6,"name":"EF/410_S1_slash2/410_S1_slash2_00046"}],"color":[{"time":0.6,"color":"ffffffff"},{"time":0.6666,"color":"ffffff00"}]},"EF/410_S1_wind1/410_S1_wind1_00039":{"attachment":[{"time":0.7666,"name":"EF/410_S1_wind1/410_S1_wind1_00039"},{"time":0.8,"name":"EF/410_S1_wind1/410_S1_wind1_00040"},{"time":0.8333,"name":"EF/410_S1_wind1/410_S1_wind1_00041"},{"time":0.8666,"name":"EF/410_S1_wind1/410_S1_wind1_00042"},{"time":0.9,"name":"EF/410_S1_wind1/410_S1_wind1_00043"},{"time":0.9333,"name":"EF/410_S1_wind1/410_S1_wind1_00044"},{"time":0.9666,"name":"EF/410_S1_wind1/410_S1_wind1_00045"},{"time":1,"name":"EF/410_S1_wind1/410_S1_wind1_00046"},{"time":1.0333,"name":"EF/410_S1_wind1/410_S1_wind1_00047"},{"time":1.0666,"name":"EF/410_S1_wind1/410_S1_wind1_00048"},{"time":1.1,"name":"EF/410_S1_wind1/410_S1_wind1_00049"},{"time":1.1333,"name":"EF/410_S1_wind1/410_S1_wind1_00050"},{"time":1.3333,"name":null}],"color":[{"time":1.1333,"color":"ffffffff"},{"time":1.2333,"color":"ffffff00"}]}},"bones":{"S1_slash1":{"rotate":[{"time":0.3333,"angle":3.26}],"translate":[{"time":0.3333,"x":-1.85,"y":91.27}],"scale":[{"time":0.3333,"x":3.35,"y":3.35}]},"S1_wind1":{"translate":[{"time":0.7666,"x":0,"y":100.22}],"scale":[{"time":0.7666,"x":2.704,"y":2.704}]},"S1_slash2":{"translate":[{"time":0.3666,"x":-200.91,"y":-25,"curve":"stepped"},{"time":0.6,"x":-200.91,"y":-25},{"time":0.6666,"x":-200.9,"y":-10.88}],"scale":[{"time":0.3666,"x":1.4,"y":1.4,"curve":"stepped"},{"time":0.6,"x":1.4,"y":1.4},{"time":0.6666,"x":1,"y":1}]}},"events":[{"time":0.3666,"name":"Sound2"},{"time":0.7666,"name":"Sound1"}]},"1-skill2":{"slots":{"EF/370_S2_leaf1/370_S2_leaf1_00":{"attachment":[{"time":0.6666,"name":"EF/370_S2_leaf1/370_S2_leaf1_00012"}],"color":[{"time":0.6666,"color":"ffffff00","curve":[0.327,0,0.783,0.08]},{"time":0.8,"color":"ffffffff","curve":"stepped"},{"time":1.0333,"color":"ffffffff"},{"time":1.1666,"color":"ffffff00","curve":"stepped"},{"time":1.3,"color":"ffffff00","curve":[0.327,0,0.783,0.08]},{"time":1.5,"color":"ffffffff","curve":"stepped"},{"time":1.7,"color":"ffffffff"},{"time":1.8666,"color":"ffffff00","curve":"stepped"},{"time":2,"color":"ffffff00","curve":[0.327,0,0.783,0.08]},{"time":2.1666,"color":"ffffffff","curve":"stepped"},{"time":2.3666,"color":"ffffffff"},{"time":2.4666,"color":"ffffff00","curve":"stepped"},{"time":2.6666,"color":"ffffff00","curve":[0.327,0,0.783,0.08]},{"time":2.8,"color":"ffffffff","curve":"stepped"},{"time":2.9666,"color":"ffffffff"},{"time":3.1,"color":"ffffff00"}]},"EF/370_S2_leaf1/370_S2_leaf1_01":{"attachment":[{"time":1.2666,"name":"EF/370_S2_leaf1/370_S2_leaf1_00012"}],"color":[{"time":1.2666,"color":"ffffff00","curve":[0.327,0,0.783,0.08]},{"time":1.4333,"color":"ffffffff","curve":"stepped"},{"time":1.6,"color":"ffffffff"},{"time":1.7333,"color":"ffffff00","curve":"stepped"},{"time":1.8333,"color":"ffffff00","curve":[0.327,0,0.783,0.08]},{"time":2,"color":"ffffffff","curve":"stepped"},{"time":2.1666,"color":"ffffffff"},{"time":2.2666,"color":"ffffff00","curve":"stepped"},{"time":2.4,"color":"ffffff00","curve":[0.327,0,0.783,0.08]},{"time":2.5333,"color":"ffffffff","curve":"stepped"},{"time":2.6666,"color":"ffffffff"},{"time":2.8,"color":"ffffff00"}]},"EF/370_S2_leaf1/370_S2_leaf1_02":{"attachment":[{"time":1,"name":"EF/370_S2_leaf1/370_S2_leaf1_00012"}],"color":[{"time":1,"color":"ffffff00"},{"time":1.1333,"color":"ffffffff","curve":"stepped"},{"time":1.3,"color":"ffffffff"},{"time":1.4333,"color":"ffffff00","curve":"stepped"},{"time":1.5666,"color":"ffffff00"},{"time":1.7333,"color":"ffffffff","curve":"stepped"},{"time":1.9,"color":"ffffffff"},{"time":2.0333,"color":"ffffff00","curve":"stepped"},{"time":2.1666,"color":"ffffff00"},{"time":2.3,"color":"ffffffff","curve":"stepped"},{"time":2.4666,"color":"ffffffff"},{"time":2.6,"color":"ffffff00","curve":"stepped"},{"time":2.7333,"color":"ffffff00"},{"time":2.8666,"color":"ffffffff","curve":"stepped"},{"time":3.0333,"color":"ffffffff"},{"time":3.1666,"color":"ffffff00"}]},"EF/370_S2_leaf1/370_S2_leaf1_03":{"attachment":[{"time":0.9333,"name":"EF/370_S2_leaf1/370_S2_leaf1_00008"}],"color":[{"time":0.9333,"color":"ffffff00","curve":[0.327,0,0.783,0.08]},{"time":1.0666,"color":"ffffffff","curve":"stepped"},{"time":1.2333,"color":"ffffffff"},{"time":1.3333,"color":"ffffff00","curve":"stepped"},{"time":1.6,"color":"ffffff00","curve":[0.327,0,0.783,0.08]},{"time":1.7666,"color":"ffffffff","curve":"stepped"},{"time":1.9,"color":"ffffffff"},{"time":2,"color":"ffffff00","curve":"stepped"},{"time":2.2333,"color":"ffffff00","curve":[0.327,0,0.783,0.08]},{"time":2.3333,"color":"ffffffff","curve":"stepped"},{"time":2.5,"color":"ffffffff"},{"time":2.6,"color":"ffffff00","curve":"stepped"},{"time":2.7666,"color":"ffffff00","curve":[0.327,0,0.783,0.08]},{"time":2.8333,"color":"ffffffff","curve":"stepped"},{"time":3,"color":"ffffffff"},{"time":3.1333,"color":"ffffff00"}]},"EF/370_S2_leaf1/370_S2_leaf1_04":{"attachment":[{"time":1.8333,"name":"EF/370_S2_leaf1/370_S2_leaf1_00008"}],"color":[{"time":1.8333,"color":"ffffffff"},{"time":2.1666,"color":"ffffff00"}]},"EF/370_S2_leaf1/370_S2_leaf1_05":{"attachment":[{"time":2.4666,"name":"EF/370_S2_leaf1/370_S2_leaf1_00008"}],"color":[{"time":2.4666,"color":"ffffff00"},{"time":2.5666,"color":"ffffffff","curve":"stepped"},{"time":2.7,"color":"ffffffff"},{"time":2.8,"color":"ffffff00"}]},"EF/370_S2_leaf1/370_S2_leaf1_06":{"attachment":[{"time":1.2333,"name":"EF/370_S2_leaf1/370_S2_leaf1_00008"}],"color":[{"time":1.2333,"color":"ffffffff","curve":"stepped"},{"time":1.4666,"color":"ffffffff"},{"time":1.6666,"color":"ffffff00","curve":"stepped"},{"time":1.8333,"color":"ffffffff","curve":"stepped"},{"time":2.0666,"color":"ffffffff"},{"time":2.2666,"color":"ffffff00","curve":"stepped"},{"time":2.4333,"color":"ffffffff","curve":"stepped"},{"time":2.6666,"color":"ffffffff"},{"time":2.8666,"color":"ffffff00"}]},"EF/410_S1_wind1/410_S1_wind1_00039":{"attachment":[{"time":0.7,"name":"EF/410_S1_wind1/410_S1_wind1_00039"},{"time":0.7333,"name":"EF/410_S1_wind1/410_S1_wind1_00040"},{"time":0.7666,"name":"EF/410_S1_wind1/410_S1_wind1_00041"},{"time":0.8,"name":"EF/410_S1_wind1/410_S1_wind1_00042"},{"time":0.8333,"name":"EF/410_S1_wind1/410_S1_wind1_00043"},{"time":0.8666,"name":"EF/410_S1_wind1/410_S1_wind1_00044"},{"time":0.9,"name":"EF/410_S1_wind1/410_S1_wind1_00045"},{"time":0.9333,"name":"EF/410_S1_wind1/410_S1_wind1_00046"},{"time":0.9666,"name":"EF/410_S1_wind1/410_S1_wind1_00047"},{"time":1,"name":"EF/410_S1_wind1/410_S1_wind1_00048"},{"time":1.0333,"name":"EF/410_S1_wind1/410_S1_wind1_00049"},{"time":1.0666,"name":"EF/410_S1_wind1/410_S1_wind1_00050"}],"color":[{"time":1.0666,"color":"ffffffff"},{"time":1.1666,"color":"ffffff00"}]}},"bones":{"S1_wind1":{"translate":[{"time":0.7,"x":0,"y":100.22}],"scale":[{"time":0.7,"x":2.704,"y":2.704}]},"S2_wave2":{"translate":[{"time":0.6666,"x":482.46,"y":0},{"time":1.1,"x":-277.39,"y":-8.37,"curve":"stepped"},{"time":1.3,"x":482.46,"y":0},{"time":1.7666,"x":-277.39,"y":-8.37,"curve":"stepped"},{"time":2,"x":482.46,"y":0},{"time":2.3666,"x":-277.39,"y":-8.37,"curve":"stepped"},{"time":2.6666,"x":482.46,"y":0},{"time":3.0333,"x":-277.39,"y":-8.37}],"scale":[{"time":0.6666,"x":1.884,"y":1.884}]},"S2_wave3":{"translate":[{"time":1.2666,"x":422.89,"y":-9.76},{"time":1.7,"x":-241.37,"y":-9.76,"curve":"stepped"},{"time":1.8333,"x":422.89,"y":-9.76},{"time":2.2333,"x":-241.37,"y":-9.76,"curve":"stepped"},{"time":2.4,"x":422.89,"y":-9.76},{"time":2.7333,"x":-241.37,"y":-9.76}],"scale":[{"time":1.2666,"x":2.396,"y":2.396}]},"S2_wave4":{"translate":[{"time":1,"x":379.23,"y":-23.29},{"time":1.4333,"x":-366.97,"y":-23.29,"curve":"stepped"},{"time":1.5666,"x":379.23,"y":-23.29},{"time":2.0333,"x":-366.97,"y":-23.29,"curve":"stepped"},{"time":2.1666,"x":379.23,"y":-23.29},{"time":2.6,"x":-366.97,"y":-23.29,"curve":"stepped"},{"time":2.7333,"x":379.23,"y":-23.29},{"time":3.1666,"x":-366.97,"y":-23.29}],"scale":[{"time":1,"x":1.943,"y":1.943}]},"S2_wave5":{"translate":[{"time":0.9333,"x":622.65,"y":0},{"time":1.3333,"x":-245.61,"y":0,"curve":"stepped"},{"time":1.6,"x":622.65,"y":0},{"time":2,"x":-245.61,"y":0,"curve":"stepped"},{"time":2.2333,"x":622.65,"y":0},{"time":2.6,"x":-245.61,"y":0,"curve":"stepped"},{"time":2.7666,"x":622.65,"y":0},{"time":3.0666,"x":-245.61,"y":0}],"scale":[{"time":0.9333,"x":1.635,"y":1.635}]},"S2_wave6":{"translate":[{"time":2.1666,"x":-48.1,"y":-19}],"scale":[{"time":1.8333,"x":1.386,"y":1.386}]},"WaveRoot":{"translate":[{"time":0,"x":0,"y":-9.66},{"time":0.8666,"x":-156.62,"y":-9.66},{"time":1.5333,"x":-206.22,"y":-9.66},{"time":2.2,"x":-156.62,"y":-9.66},{"time":2.8666,"x":-206.22,"y":-9.66}],"scale":[{"time":0,"x":1.263,"y":1.263}]},"S2_wave7":{"translate":[{"time":2.4666,"x":585.8,"y":0},{"time":2.8,"x":55.56,"y":0}],"scale":[{"time":2.4666,"x":2.203,"y":2.203}]},"S2_wave8":{"translate":[{"time":1.2333,"x":573.75,"y":79.41},{"time":1.5333,"x":-398.86,"y":79.41,"curve":"stepped"},{"time":1.8333,"x":573.75,"y":79.41},{"time":2.1333,"x":-398.86,"y":79.41,"curve":"stepped"},{"time":2.4333,"x":573.75,"y":79.41},{"time":2.7333,"x":-398.86,"y":79.41}],"scale":[{"time":1.2333,"x":1.818,"y":1.818}]}},"events":[{"time":0.7,"name":"Sound1"}]},"empty":{},"wave1":{"slots":{"EF/410_S2_wave1/410_S2_wave1_00039":{"attachment":[{"time":0,"name":"EF/410_S2_wave1/410_S2_wave1_00039"},{"time":0.0333,"name":"EF/410_S2_wave1/410_S2_wave1_00040"},{"time":0.0666,"name":"EF/410_S2_wave1/410_S2_wave1_00041"},{"time":0.1,"name":"EF/410_S2_wave1/410_S2_wave1_00042"},{"time":0.1333,"name":"EF/410_S2_wave1/410_S2_wave1_00043"},{"time":0.1666,"name":"EF/410_S2_wave1/410_S2_wave1_00044"},{"time":0.2,"name":"EF/410_S2_wave1/410_S2_wave1_00045"},{"time":0.2333,"name":"EF/410_S2_wave1/410_S2_wave1_00046"},{"time":0.2666,"name":"EF/410_S2_wave1/410_S2_wave1_00047"},{"time":0.3,"name":"EF/410_S2_wave1/410_S2_wave1_00068"},{"time":0.3333,"name":"EF/410_S2_wave1/410_S2_wave1_00111"},{"time":0.3666,"name":"EF/410_S2_wave1/410_S2_wave1_00068"},{"time":0.4,"name":"EF/410_S2_wave1/410_S2_wave1_00047"},{"time":0.4333,"name":"EF/410_S2_wave1/410_S2_wave1_00046"},{"time":0.4666,"name":"EF/410_S2_wave1/410_S2_wave1_00047"},{"time":0.5,"name":"EF/410_S2_wave1/410_S2_wave1_00068"},{"time":0.5333,"name":"EF/410_S2_wave1/410_S2_wave1_00111"},{"time":0.5666,"name":"EF/410_S2_wave1/410_S2_wave1_00068"},{"time":0.6,"name":"EF/410_S2_wave1/410_S2_wave1_00047"},{"time":0.6333,"name":"EF/410_S2_wave1/410_S2_wave1_00046"},{"time":0.6666,"name":"EF/410_S2_wave1/410_S2_wave1_00047"},{"time":0.7,"name":"EF/410_S2_wave1/410_S2_wave1_00068"},{"time":0.7333,"name":"EF/410_S2_wave1/410_S2_wave1_00111"},{"time":0.7666,"name":"EF/410_S2_wave1/410_S2_wave1_00068"},{"time":0.8,"name":"EF/410_S2_wave1/410_S2_wave1_00047"},{"time":0.8333,"name":"EF/410_S2_wave1/410_S2_wave1_00046"},{"time":0.8666,"name":"EF/410_S2_wave1/410_S2_wave1_00047"},{"time":0.9,"name":"EF/410_S2_wave1/410_S2_wave1_00068"},{"time":0.9333,"name":"EF/410_S2_wave1/410_S2_wave1_00111"},{"time":0.9666,"name":"EF/410_S2_wave1/410_S2_wave1_00068"},{"time":1,"name":"EF/410_S2_wave1/410_S2_wave1_00047"},{"time":1.0333,"name":"EF/410_S2_wave1/410_S2_wave1_00046"},{"time":1.0666,"name":"EF/410_S2_wave1/410_S2_wave1_00047"},{"time":1.1,"name":"EF/410_S2_wave1/410_S2_wave1_00068"},{"time":1.1333,"name":"EF/410_S2_wave1/410_S2_wave1_00111"},{"time":1.1666,"name":"EF/410_S2_wave1/410_S2_wave1_00068"},{"time":1.2,"name":"EF/410_S2_wave1/410_S2_wave1_00047"},{"time":1.2333,"name":"EF/410_S2_wave1/410_S2_wave1_00046"},{"time":1.2666,"name":"EF/410_S2_wave1/410_S2_wave1_00047"},{"time":1.3,"name":"EF/410_S2_wave1/410_S2_wave1_00068"},{"time":1.3333,"name":"EF/410_S2_wave1/410_S2_wave1_00111"},{"time":1.3666,"name":"EF/410_S2_wave1/410_S2_wave1_00068"},{"time":1.4,"name":"EF/410_S2_wave1/410_S2_wave1_00047"},{"time":1.4333,"name":"EF/410_S2_wave1/410_S2_wave1_00046"},{"time":1.4666,"name":"EF/410_S2_wave1/410_S2_wave1_00047"},{"time":1.5,"name":"EF/410_S2_wave1/410_S2_wave1_00068"},{"time":1.5333,"name":"EF/410_S2_wave1/410_S2_wave1_00111"},{"time":1.5666,"name":"EF/410_S2_wave1/410_S2_wave1_00068"},{"time":1.6,"name":"EF/410_S2_wave1/410_S2_wave1_00047"},{"time":1.6333,"name":"EF/410_S2_wave1/410_S2_wave1_00046"},{"time":1.6666,"name":"EF/410_S2_wave1/410_S2_wave1_00047"},{"time":1.7,"name":"EF/410_S2_wave1/410_S2_wave1_00068"},{"time":1.7333,"name":"EF/410_S2_wave1/410_S2_wave1_00111"},{"time":1.7666,"name":"EF/410_S2_wave1/410_S2_wave1_00068"},{"time":1.8,"name":"EF/410_S2_wave1/410_S2_wave1_00047"},{"time":1.8333,"name":"EF/410_S2_wave1/410_S2_wave1_00046"},{"time":1.8666,"name":"EF/410_S2_wave1/410_S2_wave1_00047"},{"time":1.9,"name":"EF/410_S2_wave1/410_S2_wave1_00068"},{"time":1.9333,"name":"EF/410_S2_wave1/410_S2_wave1_00111"},{"time":1.9666,"name":"EF/410_S2_wave1/410_S2_wave1_00068"},{"time":2,"name":"EF/410_S2_wave1/410_S2_wave1_00047"},{"time":2.0333,"name":"EF/410_S2_wave1/410_S2_wave1_00046"},{"time":2.0666,"name":"EF/410_S2_wave1/410_S2_wave1_00047"},{"time":2.1,"name":"EF/410_S2_wave1/410_S2_wave1_00068"},{"time":2.1333,"name":"EF/410_S2_wave1/410_S2_wave1_00111"},{"time":2.1666,"name":"EF/410_S2_wave1/410_S2_wave1_00112"},{"time":2.2333,"name":"EF/410_S2_wave1/410_S2_wave1_00113"},{"time":2.3,"name":null},{"time":2.5333,"name":null}],"color":[{"time":2.2,"color":"ffffffff"},{"time":2.3,"color":"ffffff00"}]}},"bones":{"S2_wave1":{"translate":[{"time":0,"x":120.48,"y":-0.53,"curve":"stepped"},{"time":0.2333,"x":120.48,"y":-0.53,"curve":"stepped"},{"time":0.4,"x":120.48,"y":-0.53,"curve":"stepped"},{"time":0.5,"x":120.48,"y":10.4,"curve":"stepped"},{"time":0.6,"x":120.48,"y":-0.53,"curve":"stepped"},{"time":0.7,"x":120.48,"y":10.4,"curve":"stepped"},{"time":0.8,"x":120.48,"y":-0.53,"curve":"stepped"},{"time":0.9,"x":120.48,"y":10.4,"curve":"stepped"},{"time":1,"x":120.48,"y":-0.53,"curve":"stepped"},{"time":1.1,"x":120.48,"y":10.4,"curve":"stepped"},{"time":1.2,"x":120.48,"y":-0.53,"curve":"stepped"},{"time":1.3,"x":120.48,"y":10.4,"curve":"stepped"},{"time":1.4,"x":120.48,"y":-0.53,"curve":"stepped"},{"time":1.5,"x":120.48,"y":10.4,"curve":"stepped"},{"time":1.6,"x":120.48,"y":-0.53,"curve":"stepped"},{"time":1.7,"x":120.48,"y":10.4,"curve":"stepped"},{"time":1.8,"x":120.48,"y":-0.53,"curve":"stepped"},{"time":1.9,"x":120.48,"y":10.4,"curve":"stepped"},{"time":2,"x":120.48,"y":-0.53,"curve":"stepped"},{"time":2.1,"x":120.48,"y":10.4}],"scale":[{"time":0,"x":3.185,"y":2.577}]},"MAIN":{"translate":[{"time":0,"x":-119.16,"y":-128.5}],"scale":[{"time":0,"x":1,"y":0.75}]}},"events":[{"time":0,"name":"Sound1","string":"cri_se_battle_034_explosion_element_02"},{"time":0.4666,"name":"Sound1","string":"cri_se_battle_034_explosion_element_02"},{"time":0.9,"name":"Sound1","string":"cri_se_battle_034_explosion_element_02"},{"time":1.0666,"name":"Sound1","string":"cri_se_battle_034_explosion_element_02"},{"time":1.6,"name":"Sound1","string":"cri_se_battle_034_explosion_element_02"}]}}}