{"skeleton":{"hash":"XZ08LLLdftYsGwL73wdKY7lvyn0","spine":"3.0.12","width":349,"height":729},"bones":[{"name":"root"}],"slots":[{"name":"77","bone":"root","attachment":"77"},{"name":"face_1","bone":"root","attachment":"face_1"}],"skins":{"default":{"77":{"77":{"x":-1.5,"y":318,"width":349,"height":576}},"face_1":{"face_1":{"x":5,"y":682.5,"width":134,"height":153},"face_2":{"x":5,"y":682.5,"width":134,"height":153},"face_3":{"x":5,"y":682.5,"width":134,"height":153}}}},"animations":{"1":{"slots":{"77":{"attachment":[{"time":0,"name":"77"}]},"face_1":{"attachment":[{"time":0,"name":"face_1"}]}}},"2":{"slots":{"77":{"attachment":[{"time":0,"name":"77"}]},"face_1":{"attachment":[{"time":0,"name":"face_2"}]}}},"3":{"slots":{"77":{"attachment":[{"time":0,"name":"77"}]},"face_1":{"attachment":[{"time":0,"name":"face_3"}]}}}}}