{"skeleton":{"hash":"5BrLSLI+eTACHcIPFbHwsjDG/WE","spine":"3.0.12","width":0,"height":0},"bones":[{"name":"root"},{"name":"MAIN","parent":"root","y":80},{"name":"saturn_move","parent":"root"},{"name":"saturn","parent":"saturn_move","x":-52.81,"y":145.41,"rotation":-31.46}],"slots":[{"name":"MAIN","bone":"MAIN","attachment":"idle_00"},{"name":"saturn/saturn_00","bone":"saturn","attachment":"saturn/saturn_00"}],"skins":{"default":{"MAIN":{"idle_00":{"x":10.17,"y":0.13,"width":512,"height":512},"idle_01":{"x":10.17,"y":0.13,"width":512,"height":512},"idle_02":{"x":10.17,"y":0.13,"width":512,"height":512},"idle_03":{"x":10.17,"y":0.13,"width":512,"height":512},"idle_04":{"x":10.17,"y":0.13,"width":512,"height":512}},"saturn/saturn_00":{"saturn/saturn_00":{"width":512,"height":512},"saturn/saturn_01":{"width":512,"height":512},"saturn/saturn_02":{"width":512,"height":512}}}},"events":{"Event":{},"Hit":{},"Sound1":{},"Sound2":{},"Sound3":{},"Voice":{}},"animations":{"idle":{"slots":{"MAIN":{"attachment":[{"time":0,"name":"idle_00"},{"time":0.2333,"name":"idle_01"},{"time":0.4666,"name":"idle_02"},{"time":0.7,"name":"idle_03"},{"time":0.9333,"name":"idle_04"},{"time":1.1666,"name":"idle_00"}]},"saturn/saturn_00":{"attachment":[{"time":0,"name":"saturn/saturn_00"},{"time":0.1333,"name":"saturn/saturn_01"},{"time":0.3,"name":"saturn/saturn_02"},{"time":0.4333,"name":"saturn/saturn_01"},{"time":0.6,"name":"saturn/saturn_00"},{"time":0.7333,"name":"saturn/saturn_01"},{"time":0.8666,"name":"saturn/saturn_02"},{"time":1.0333,"name":"saturn/saturn_01"},{"time":1.1666,"name":"saturn/saturn_00"}]}},"bones":{"MAIN":{"translate":[{"time":0,"x":0,"y":0},{"time":0.4333,"x":1.48,"y":1.9},{"time":0.6333,"x":0.63,"y":2.1},{"time":0.8333,"x":0,"y":1.58},{"time":1.1666,"x":0,"y":0}]},"saturn":{"translate":[{"time":0,"x":0,"y":0,"curve":[0.186,-0.13,0.246,-0.1]},{"time":0.6,"x":0,"y":2.85,"curve":[0.186,-0.13,0.246,-0.1]},{"time":1.1666,"x":0,"y":0}]}}}}}