{"skeleton":{"hash":"ypI+cZDfXuFFOvV83bQeFIS1koc","spine":"3.0.12","width":512,"height":512,"images":"./images/"},"bones":[{"name":"root"},{"name":"MAIN","parent":"root","y":70,"color":"08ff00ff"}],"slots":[{"name":"MAIN","bone":"MAIN","attachment":"idle_00"}],"skins":{"default":{"MAIN":{"idle_00":{"y":23,"width":512,"height":512},"idle_01":{"y":23,"width":512,"height":512},"idle_02":{"y":23,"width":512,"height":512},"idle_03":{"x":0.19,"y":23,"width":512,"height":512},"idle_04":{"y":23,"width":512,"height":512}}}},"events":{"Event":{},"Hit":{},"Sound1":{},"Sound2":{},"Sound3":{},"Voice":{}},"animations":{"idle":{"slots":{"MAIN":{"attachment":[{"time":0,"name":"idle_00"},{"time":0.2333,"name":"idle_01"},{"time":0.4666,"name":"idle_02"},{"time":0.7,"name":"idle_03"},{"time":0.9333,"name":"idle_04"},{"time":1.1666,"name":"idle_00"}]}}}}}