{"skeleton":{"hash":"QKbKkkduVhblinej3eFxlNWxvrI","spine":"3.0.12","width":0,"height":0,"images":"./images2/"},"bones":[{"name":"root"},{"name":"MAIN","parent":"root","y":67.32}],"slots":[{"name":"MAIN","bone":"MAIN","attachment":"idle_00"}],"skins":{"default":{"MAIN":{"idle_00":{"x":21.8,"y":43.51,"width":535,"height":459},"idle_01":{"x":21.8,"y":43.51,"width":535,"height":459},"idle_02":{"x":21.8,"y":43.51,"width":535,"height":459},"idle_03":{"x":21.8,"y":43.51,"width":535,"height":459},"idle_04":{"x":21.8,"y":43.51,"width":535,"height":459}}}},"events":{"Event":{},"Hit":{},"HitEffect":{},"View":{},"Voice":{},"sound_1":{},"sound_2":{},"sound_3":{}},"animations":{"idle":{"slots":{"MAIN":{"attachment":[{"time":0,"name":"idle_00"},{"time":0.2,"name":"idle_01"},{"time":0.4,"name":"idle_02"},{"time":0.6,"name":"idle_03"},{"time":0.8,"name":"idle_04"},{"time":1,"name":"idle_00"}]}}}}}