{"skeleton":{"hash":"HSVYPjCwxQ8q0zR6FXZvNVAu7Qg","spine":"3.0.12","width":0,"height":0},"bones":[{"name":"root"},{"name":"MAIN","parent":"root","y":80}],"slots":[{"name":"MAIN","bone":"MAIN","attachment":"idle_00"}],"skins":{"default":{"MAIN":{"idle_00":{"y":-10.33,"width":512,"height":512},"idle_01":{"y":-10.33,"width":512,"height":512},"idle_02":{"y":-10.33,"width":512,"height":512},"idle_03":{"y":-10.33,"width":512,"height":512}}}},"animations":{"idle":{"slots":{"MAIN":{"attachment":[{"time":0,"name":"idle_00"},{"time":0.2333,"name":"idle_01"},{"time":0.4666,"name":"idle_02"},{"time":0.7,"name":"idle_03"},{"time":0.9333,"name":"idle_00"}]}}}}}