{"skeleton":{"hash":"kR06ushVwEIxOQRdZMxYW1LuAZ0","spine":"3.0.12","width":0,"height":0},"bones":[{"name":"root"},{"name":"MAIN","parent":"root","y":86.23},{"name":"SHADOW-OFFSET","parent":"MAIN","y":-86.23},{"name":"HITBOX","parent":"MAIN","y":-20.06},{"name":"Dot_EF","parent":"MAIN","scaleX":2,"scaleY":2},{"name":"EF","parent":"root"},{"name":"EF_wave_water1_1","parent":"EF","x":250},{"name":"EF_wave1_1","parent":"EF","x":150},{"name":"EF_magic1_1","parent":"EF","x":200,"y":100,"scaleX":0.3},{"name":"EF_ground_wave1_1","parent":"EF","x":200},{"name":"DAMAGEAREA","parent":"root"}],"slots":[{"name":"EF_wave1_1","bone":"EF_wave1_1","blend":"additive"},{"name":"EF_ground_wave1_1","bone":"EF_ground_wave1_1","blend":"additive"},{"name":"EF_wave_water1_1","bone":"EF_wave_water1_1","blend":"additive"},{"name":"MAIN","bone":"MAIN","attachment":"idle_00"},{"name":"Dot_EF","bone":"Dot_EF","blend":"additive"},{"name":"Dot_EF2","bone":"Dot_EF","blend":"additive"},{"name":"Shadow_skill3_00","bone":"MAIN","color":"0064ffff","blend":"additive"},{"name":"Shadow_skill3_01","bone":"MAIN","color":"0064ffff","blend":"additive"},{"name":"EF/ef_magic_circle_main/ef_magic_circle_main_00001","bone":"EF_magic1_1"},{"name":"EF/ef_magic_circle_main/ef_magic_circle_main_00002","bone":"EF_magic1_1"},{"name":"EF/ef_magic_circle_main 2/ef_magic_circle_main 2_00001","bone":"EF_magic1_1","blend":"additive"},{"name":"DAMAGEAREA","bone":"DAMAGEAREA"},{"name":"HITBOX","bone":"HITBOX","attachment":"HITBOX"}],"skins":{"default":{"DAMAGEAREA":{"DAMAGEAREA":{"type":"boundingbox","vertices":[-32.11549,-32.81269,32.21227,-32.81269,32.21227,31.70208,-32.11549,31.70208]}},"Dot_EF":{"EF/dot/attack1_EF_00":{"x":20.28,"y":4.24,"width":256,"height":256},"EF/dot/attack1_EF_01":{"x":20.28,"y":4.24,"width":256,"height":256},"EF/dot/attack1_EF_02":{"x":23.29,"y":4.24,"width":256,"height":256},"EF/dot/attack1_EF_03":{"x":20.28,"y":4.24,"width":256,"height":256},"EF/dot/attack1_EF_04":{"x":20.28,"y":4.24,"width":256,"height":256},"EF/dot/attack1_EF_05":{"x":20.28,"y":4.24,"width":256,"height":256},"EF/dot/attack1_EF_06":{"x":20.28,"y":4.24,"width":256,"height":256},"EF/dot/attack1_EF_07":{"x":20.28,"y":4.24,"width":256,"height":256},"EF/dot/skill1_EF_00":{"x":20.28,"y":4.24,"width":256,"height":256},"EF/dot/skill1_EF_02":{"x":20.28,"y":4.24,"width":256,"height":256},"EF/dot/skill1_EF_03":{"x":20.28,"y":4.24,"width":256,"height":256},"EF/dot/skill1_EF_04":{"x":20.28,"y":4.24,"width":256,"height":256},"EF/dot/skill1_EF_05":{"x":20.28,"y":4.24,"width":256,"height":256},"EF/dot/skill1_EF_01-a":{"x":20.28,"y":4.24,"width":256,"height":256},"EF/dot/skill2_EF_00":{"x":11.85,"y":2.94,"width":256,"height":256},"EF/dot/skill2_EF_01":{"x":20.28,"y":4.24,"width":256,"height":256},"EF/dot/skill2_EF_02":{"x":20.28,"y":4.24,"width":256,"height":256},"EF/dot/skill2_EF_03":{"x":20.28,"y":4.24,"width":256,"height":256},"EF/dot/skill3_EF_00":{"x":20.29,"y":4.24,"width":256,"height":256},"EF/dot/skill3_EF_01":{"x":20.29,"y":4.24,"width":256,"height":256},"EF/dot/skill3_EF_02":{"x":20.29,"y":4.24,"width":256,"height":256},"EF/dot/skill3_EF_03":{"x":20.29,"y":4.24,"width":256,"height":256}},"Dot_EF2":{"EF/dot/skill1_EF_01-b":{"x":20.28,"y":4.24,"width":256,"height":256}},"EF/ef_magic_circle_main 2/ef_magic_circle_main 2_00001":{"EF/ef_magic_circle_main 2/ef_magic_circle_main 2_00001":{"scaleX":1.897,"scaleY":1.897,"width":166,"height":167}},"EF/ef_magic_circle_main/ef_magic_circle_main_00001":{"EF/ef_magic_circle_main/ef_magic_circle_main_00001":{"type":"mesh","uvs":[1,1,0,1,0,0,1,0],"triangles":[1,2,3,1,3,0],"vertices":[120.5,-120.5,-120.49,-120.5,-120.49,120.49,120.5,120.49],"hull":4}},"EF/ef_magic_circle_main/ef_magic_circle_main_00002":{"EF/ef_magic_circle_main/ef_magic_circle_main_00002":{"type":"mesh","uvs":[1,1,0,1,0,0,1,0],"triangles":[1,2,3,1,3,0],"vertices":[148.5,-149,-148.5,-149,-148.5,149,148.5,149],"hull":4}},"EF_ground_wave1_1":{"EF/ef_graund_wave_main/ef_graund_wave_main_00002":{"width":300,"height":150},"EF/ef_graund_wave_main/ef_graund_wave_main_00004":{"width":300,"height":150},"EF/ef_graund_wave_main/ef_graund_wave_main_00006":{"width":300,"height":150},"EF/ef_graund_wave_main/ef_graund_wave_main_00008":{"width":300,"height":150},"EF/ef_graund_wave_main/ef_graund_wave_main_00010":{"width":300,"height":150},"EF/ef_graund_wave_main/ef_graund_wave_main_00012":{"width":300,"height":150},"EF/ef_graund_wave_main/ef_graund_wave_main_00014":{"width":300,"height":150},"EF/ef_graund_wave_main/ef_graund_wave_main_00016":{"width":300,"height":150},"EF/ef_graund_wave_main/ef_graund_wave_main_00018":{"width":300,"height":150},"EF/ef_graund_wave_main/ef_graund_wave_main_00020":{"width":300,"height":150},"EF/ef_graund_wave_main/ef_graund_wave_main_00022":{"width":300,"height":150},"EF/ef_graund_wave_main/ef_graund_wave_main_00023":{"width":300,"height":150}},"EF_wave1_1":{"EF/610_S1_wave1/610_S1_wave1_00000":{"y":8.05,"width":250,"height":250},"EF/610_S1_wave1/610_S1_wave1_00001":{"y":8.05,"width":250,"height":250},"EF/610_S1_wave1/610_S1_wave1_00002":{"y":8.05,"width":250,"height":250},"EF/610_S1_wave1/610_S1_wave1_00003":{"y":8.05,"width":250,"height":250},"EF/610_S1_wave1/610_S1_wave1_00004":{"y":8.05,"width":250,"height":250},"EF/610_S1_wave1/610_S1_wave1_00005":{"y":8.05,"width":250,"height":250},"EF/610_S1_wave1/610_S1_wave1_00006":{"y":8.05,"width":250,"height":250},"EF/610_S1_wave1/610_S1_wave1_00007":{"y":8.05,"width":250,"height":250},"EF/610_S1_wave1/610_S1_wave1_00008":{"y":8.05,"width":250,"height":250},"EF/610_S1_wave1/610_S1_wave1_00009":{"y":8.05,"width":250,"height":250},"EF/610_S1_wave1/610_S1_wave1_00010":{"y":8.05,"width":250,"height":250},"EF/610_S1_wave1/610_S1_wave1_00011":{"y":8.05,"width":250,"height":250},"EF/610_S1_wave1/610_S1_wave1_00012":{"y":8.05,"width":250,"height":250},"EF/610_S1_wave1/610_S1_wave1_00013":{"y":8.05,"width":250,"height":250}},"EF_wave_water1_1":{"EF/ef_water_wave_main/ef_water_wave_main_00008":{"width":250,"height":90},"EF/ef_water_wave_main/ef_water_wave_main_00009":{"width":250,"height":90},"EF/ef_water_wave_main/ef_water_wave_main_00010":{"width":250,"height":90},"EF/ef_water_wave_main/ef_water_wave_main_00012":{"width":250,"height":90},"EF/ef_water_wave_main/ef_water_wave_main_00014":{"width":250,"height":90},"EF/ef_water_wave_main/ef_water_wave_main_00016":{"width":250,"height":90},"EF/ef_water_wave_main/ef_water_wave_main_00018":{"width":250,"height":90},"EF/ef_water_wave_main/ef_water_wave_main_00020":{"width":250,"height":90},"EF/ef_water_wave_main/ef_water_wave_main_00022":{"width":250,"height":90},"EF/ef_water_wave_main/ef_water_wave_main_00023":{"width":250,"height":90},"EF/ef_water_wave_main/ef_water_wave_main_00024":{"width":250,"height":90}},"HITBOX":{"HITBOX":{"type":"boundingbox","vertices":[-14.15539,54.0686,-16.14438,-66.59728,40.21057,-66.59729,38.88457,55.39459]}},"MAIN":{"Blur00":{"x":45.81,"y":9.7,"scaleX":2,"scaleY":2,"width":256,"height":256},"attack1_00":{"x":45.81,"y":9.7,"scaleX":2,"scaleY":2,"width":256,"height":256},"attack1_01":{"x":45.81,"y":9.7,"scaleX":2,"scaleY":2,"width":256,"height":256},"attack1_02":{"x":45.81,"y":9.7,"scaleX":2,"scaleY":2,"width":256,"height":256},"attack1_03":{"x":45.81,"y":9.7,"scaleX":2,"scaleY":2,"width":256,"height":256},"attack1_04":{"x":45.81,"y":9.7,"scaleX":2,"scaleY":2,"width":256,"height":256},"attack1_05":{"x":45.81,"y":9.7,"scaleX":2,"scaleY":2,"width":256,"height":256},"attack1_06":{"x":45.81,"y":9.7,"scaleX":2,"scaleY":2,"width":256,"height":256},"attack1_07":{"x":45.81,"y":9.7,"scaleX":2,"scaleY":2,"width":256,"height":256},"attack1_08":{"x":45.81,"y":9.7,"scaleX":2,"scaleY":2,"width":256,"height":256},"attack1_09":{"x":45.81,"y":9.7,"scaleX":2,"scaleY":2,"width":256,"height":256},"attack1_10":{"x":45.81,"y":9.7,"scaleX":2,"scaleY":2,"width":256,"height":256},"attack1_11":{"x":45.81,"y":9.7,"scaleX":2,"scaleY":2,"width":256,"height":256},"back_00":{"x":45.81,"y":9.7,"scaleX":2,"scaleY":2,"width":256,"height":256},"back_01":{"x":45.81,"y":-11.14,"scaleX":2,"scaleY":2,"width":256,"height":256},"damage_00":{"x":45.81,"y":9.7,"scaleX":2,"scaleY":2,"width":256,"height":256},"front_00":{"x":18.09,"y":9.7,"scaleX":2,"scaleY":2,"width":256,"height":256},"idle_00":{"x":45.81,"y":9.7,"scaleX":2,"scaleY":2,"width":256,"height":256},"idle_01":{"x":45.81,"y":9.7,"scaleX":2,"scaleY":2,"width":256,"height":256},"idle_02":{"x":45.81,"y":9.7,"scaleX":2,"scaleY":2,"width":256,"height":256},"idle_03":{"x":45.81,"y":9.7,"scaleX":2,"scaleY":2,"width":256,"height":256},"idle_04":{"x":45.81,"y":9.7,"scaleX":2,"scaleY":2,"width":256,"height":256},"idle_05":{"x":45.81,"y":9.7,"scaleX":2,"scaleY":2,"width":256,"height":256},"skill1_00":{"x":45.81,"y":9.7,"scaleX":2,"scaleY":2,"width":256,"height":256},"skill1_01":{"x":45.81,"y":9.7,"scaleX":2,"scaleY":2,"width":256,"height":256},"skill1_02":{"x":45.81,"y":9.7,"scaleX":2,"scaleY":2,"width":256,"height":256},"skill1_03":{"x":45.81,"y":9.7,"scaleX":2,"scaleY":2,"width":256,"height":256},"skill1_04":{"x":45.81,"y":9.7,"scaleX":2,"scaleY":2,"width":256,"height":256},"skill1_05":{"x":45.81,"y":9.7,"scaleX":2,"scaleY":2,"width":256,"height":256},"skill1_06":{"x":45.81,"y":9.7,"scaleX":2,"scaleY":2,"width":256,"height":256},"skill1_07":{"x":45.81,"y":9.7,"scaleX":2,"scaleY":2,"width":256,"height":256},"skill1_08":{"x":45.81,"y":9.7,"scaleX":2,"scaleY":2,"width":256,"height":256},"skill1_09":{"x":45.81,"y":9.7,"scaleX":2,"scaleY":2,"width":256,"height":256},"skill1_10":{"x":45.81,"y":9.7,"scaleX":2,"scaleY":2,"width":256,"height":256},"skill1_11":{"x":45.81,"y":9.7,"scaleX":2,"scaleY":2,"width":256,"height":256},"skill2_00":{"x":45.81,"y":9.7,"scaleX":2,"scaleY":2,"width":256,"height":256},"skill2_01":{"x":45.81,"y":9.7,"scaleX":2,"scaleY":2,"width":256,"height":256},"skill2_02":{"x":45.81,"y":9.7,"scaleX":2,"scaleY":2,"width":256,"height":256},"skill2_03":{"x":45.81,"y":9.7,"scaleX":2,"scaleY":2,"width":256,"height":256},"skill2_04":{"x":45.81,"y":9.7,"scaleX":2,"scaleY":2,"width":256,"height":256},"skill2_05":{"x":45.81,"y":9.7,"scaleX":2,"scaleY":2,"width":256,"height":256},"skill2_06":{"x":45.81,"y":9.7,"scaleX":2,"scaleY":2,"width":256,"height":256},"skill2_07":{"x":45.81,"y":9.7,"scaleX":2,"scaleY":2,"width":256,"height":256},"skill2_08":{"x":45.81,"y":9.7,"scaleX":2,"scaleY":2,"width":256,"height":256},"skill2_09":{"x":45.81,"y":9.7,"scaleX":2,"scaleY":2,"width":256,"height":256},"skill2_10":{"x":45.81,"y":9.7,"scaleX":2,"scaleY":2,"width":256,"height":256},"skill2_11":{"x":45.81,"y":9.7,"scaleX":2,"scaleY":2,"width":256,"height":256},"skill3_00":{"x":45.81,"y":9.7,"scaleX":2,"scaleY":2,"width":256,"height":256},"skill3_01":{"x":45.81,"y":9.7,"scaleX":2,"scaleY":2,"width":256,"height":256},"skill3_02":{"x":45.81,"y":9.7,"scaleX":2,"scaleY":2,"width":256,"height":256},"skill3_03":{"x":45.81,"y":9.7,"scaleX":2,"scaleY":2,"width":256,"height":256},"skill3_04":{"x":45.81,"y":9.7,"scaleX":2,"scaleY":2,"width":256,"height":256},"skill3_05":{"x":45.81,"y":9.7,"scaleX":2,"scaleY":2,"width":256,"height":256},"skill3_06":{"x":45.81,"y":9.7,"scaleX":2,"scaleY":2,"width":256,"height":256},"skill3_07":{"x":45.81,"y":9.7,"scaleX":2,"scaleY":2,"width":256,"height":256},"skill3_08":{"x":45.81,"y":9.7,"scaleX":2,"scaleY":2,"width":256,"height":256},"skill3_09":{"x":45.81,"y":9.7,"scaleX":2,"scaleY":2,"width":256,"height":256},"skill3_10":{"x":45.81,"y":9.7,"scaleX":2,"scaleY":2,"width":256,"height":256},"skill3_11":{"x":45.81,"y":9.7,"scaleX":2,"scaleY":2,"width":256,"height":256},"skill3_12":{"x":45.81,"y":9.7,"scaleX":2,"scaleY":2,"width":256,"height":256},"skill3_13":{"x":45.81,"y":9.7,"scaleX":2,"scaleY":2,"width":256,"height":256},"skill3_14":{"x":45.81,"y":9.7,"scaleX":2,"scaleY":2,"width":256,"height":256},"skill3_15":{"x":45.81,"y":9.7,"scaleX":2,"scaleY":2,"width":256,"height":256},"skill3_16":{"x":45.81,"y":9.7,"scaleX":2,"scaleY":2,"width":256,"height":256}},"Shadow_skill3_00":{"Shadow_skill3_00":{"x":45.81,"y":9.7,"scaleX":2,"scaleY":2,"width":256,"height":256},"Shadow_skill3_01":{"x":45.81,"y":9.7,"scaleX":2,"scaleY":2,"width":256,"height":256},"Shadow_skill3_02":{"x":45.81,"y":9.7,"scaleX":2,"scaleY":2,"width":256,"height":256},"Shadow_skill3_03":{"x":45.81,"y":9.7,"scaleX":2,"scaleY":2,"width":256,"height":256},"Shadow_skill3_04":{"x":45.81,"y":9.7,"scaleX":2,"scaleY":2,"width":256,"height":256},"Shadow_skill3_05":{"x":45.81,"y":9.7,"scaleX":2,"scaleY":2,"width":256,"height":256},"Shadow_skill3_06":{"x":45.81,"y":9.7,"scaleX":2,"scaleY":2,"width":256,"height":256}},"Shadow_skill3_01":{"Shadow_skill3_00":{"x":45.81,"y":9.7,"scaleX":2,"scaleY":2,"width":256,"height":256},"Shadow_skill3_01":{"x":45.81,"y":9.7,"scaleX":2,"scaleY":2,"width":256,"height":256},"Shadow_skill3_02":{"x":45.81,"y":9.7,"scaleX":2,"scaleY":2,"width":256,"height":256},"Shadow_skill3_03":{"x":45.81,"y":9.7,"scaleX":2,"scaleY":2,"width":256,"height":256},"Shadow_skill3_04":{"x":45.81,"y":9.7,"scaleX":2,"scaleY":2,"width":256,"height":256},"Shadow_skill3_05":{"x":45.81,"y":9.7,"scaleX":2,"scaleY":2,"width":256,"height":256},"Shadow_skill3_06":{"x":45.81,"y":9.7,"scaleX":2,"scaleY":2,"width":256,"height":256}}}},"events":{"Event":{},"Event2":{},"Hit":{},"Sound1":{},"Sound2":{},"Sound3":{},"Voice":{}},"animations":{"attack1":{"slots":{"DAMAGEAREA":{"attachment":[{"time":0.1,"name":"DAMAGEAREA"},{"time":0.1666,"name":null},{"time":0.2333,"name":"DAMAGEAREA"},{"time":0.3,"name":null},{"time":0.7,"name":"DAMAGEAREA"},{"time":0.7666,"name":null}]},"Dot_EF":{"attachment":[{"time":0.1,"name":"EF/dot/attack1_EF_00"},{"time":0.1333,"name":"EF/dot/attack1_EF_01"},{"time":0.2,"name":null},{"time":0.2333,"name":"EF/dot/attack1_EF_02"},{"time":0.3,"name":"EF/dot/attack1_EF_03"},{"time":0.3333,"name":"EF/dot/attack1_EF_04"},{"time":0.3666,"name":null},{"time":0.7,"name":"EF/dot/attack1_EF_05"},{"time":0.7666,"name":"EF/dot/attack1_EF_06"},{"time":0.8,"name":"EF/dot/attack1_EF_07"},{"time":0.8333,"name":null}]},"MAIN":{"attachment":[{"time":0,"name":"attack1_00"},{"time":0.1,"name":"attack1_01"},{"time":0.1333,"name":"attack1_02"},{"time":0.2333,"name":"attack1_03"},{"time":0.2666,"name":"attack1_04"},{"time":0.3333,"name":"attack1_05"},{"time":0.5333,"name":"attack1_06"},{"time":0.7,"name":"attack1_07"},{"time":0.8,"name":"attack1_08"},{"time":0.9,"name":"attack1_09"},{"time":1,"name":"attack1_10"},{"time":1.2,"name":"attack1_11"},{"time":1.3,"name":"back_00"},{"time":1.5333,"name":"back_01"},{"time":1.6,"name":"idle_00"}]}},"bones":{"MAIN":{"translate":[{"time":0,"x":0,"y":0},{"time":0.0666,"x":11.41,"y":0},{"time":0.1,"x":-34.23,"y":0},{"time":0.1666,"x":-54.2,"y":0,"curve":[0.265,0.75,0.75,1]},{"time":0.2,"x":-54.2,"y":-5.7,"curve":[0.106,0.89,0.431,1]},{"time":0.6666,"x":-86.85,"y":31.38,"curve":"stepped"},{"time":0.7,"x":-82.3,"y":0},{"time":0.7333,"x":-82.31,"y":-6.65},{"time":0.7666,"x":-82.31,"y":0,"curve":"stepped"},{"time":1.2666,"x":-82.31,"y":0,"curve":[0.162,0.53,0.75,1]},{"time":1.4666,"x":-5,"y":0},{"time":1.6,"x":0,"y":0}]},"Dot_EF":{"translate":[{"time":0.1333,"x":4.56,"y":0},{"time":0.2333,"x":0.91,"y":6.39,"curve":"stepped"},{"time":0.3,"x":11.36,"y":-0.98,"curve":"stepped"},{"time":0.7,"x":5.62,"y":-0.98}]},"DAMAGEAREA":{"translate":[{"time":0.1,"x":-108.04,"y":77.62,"curve":"stepped"},{"time":0.2333,"x":-110.14,"y":132.17,"curve":"stepped"},{"time":0.7,"x":-129.04,"y":108.04}],"scale":[{"time":0.1,"x":3.08,"y":3.063,"curve":"stepped"},{"time":0.2333,"x":3.274,"y":3.963}]},"SHADOW-OFFSET":{"translate":[{"time":0.1,"x":10.05,"y":0}]}},"events":[{"time":0,"name":"Event","float":0.05,"string":"kHitStopType_normal"},{"time":0.0666,"name":"Sound1","string":"cri_se_battle_sword_swish_heavy"},{"time":0.0666,"name":"Sound3","string":"setHitSound(se_battle_019_sword_hit_03)"},{"time":0.0666,"name":"Voice","string":"cri_231_voice_attack_random"},{"time":0.2333,"name":"Hit","string":"resetHitList"},{"time":0.2333,"name":"Sound1","string":"cri_se_battle_sword_swish_heavy"},{"time":0.6666,"name":"Event","float":0.1,"string":"kHitStopType_normal"},{"time":0.6666,"name":"Sound1","string":"cri_se_battle_sword_swish_heavy"},{"time":0.6666,"name":"Voice","string":"cri_231_voice_attack_c"},{"time":0.7,"name":"Hit","string":"resetHitList"}]},"back":{"slots":{"MAIN":{"attachment":[{"time":0,"name":"idle_00"},{"time":0.0333,"name":"back_00"},{"time":0.4333,"name":"back_01"},{"time":0.5333,"name":"idle_00"}]}},"bones":{"MAIN":{"translate":[{"time":0,"x":0,"y":0,"curve":[0.136,0.5,0.75,1]},{"time":0.2,"x":110,"y":0},{"time":0.4333,"x":136,"y":0,"curve":[0.153,0.53,0.75,1]},{"time":0.8333,"x":140,"y":0}]}},"events":[{"time":0.0333,"name":"Sound1","string":"cri_se_battle_jump"},{"time":0.4333,"name":"Sound1","string":"cri_se_battle_landing"}]},"cast":{"slots":{"MAIN":{"attachment":[{"time":0,"name":"idle_00"},{"time":0.0666,"name":"skill1_00"},{"time":0.1666,"name":"skill1_01"},{"time":0.2666,"name":"skill1_02"},{"time":0.3666,"name":"skill1_03"},{"time":0.4666,"name":"skill1_04"},{"time":0.7,"name":"skill1_05"},{"time":0.8,"name":"skill1_06"},{"time":0.9,"name":"skill1_07"},{"time":1.0333,"name":"skill1_08"},{"time":1.1333,"name":"skill1_09"}]}},"events":[{"time":0.1666,"name":"Voice","string":"cri_231_voice_item"}]},"damage":{"slots":{"MAIN":{"attachment":[{"time":0,"name":"damage_00"}]}}},"front":{"slots":{"MAIN":{"attachment":[{"time":0,"name":"front_00"}]}}},"idle":{"slots":{"MAIN":{"attachment":[{"time":0,"name":"idle_00"},{"time":0.2666,"name":"idle_01"},{"time":0.5,"name":"idle_02"},{"time":0.7666,"name":"idle_03"},{"time":1,"name":"idle_04"},{"time":1.2666,"name":"idle_05"},{"time":1.5,"name":"idle_00"}]}},"bones":{"SHADOW-OFFSET":{"translate":[{"time":0,"x":14.73,"y":0}]}}},"in":{"slots":{"MAIN":{"attachment":[{"time":0,"name":"skill3_12"},{"time":0.6333,"name":"skill3_13"},{"time":0.7333,"name":"skill3_14"},{"time":0.8333,"name":"skill3_15"},{"time":0.9,"name":"skill3_16"},{"time":1,"name":"idle_00"}],"color":[{"time":0,"color":"ffffff00"},{"time":0.3333,"color":"ffffffff"}]}},"bones":{"MAIN":{"translate":[{"time":0,"x":-20.4,"y":163.76,"curve":[0.066,0.61,0.508,0.93]},{"time":0.6,"x":-20.4,"y":0},{"time":0.7666,"x":-20.4,"y":-1.97},{"time":0.8333,"x":-20.4,"y":0,"curve":"stepped"},{"time":1,"x":0,"y":0}]},"SHADOW-OFFSET":{"translate":[{"time":0,"x":33.02,"y":0,"curve":"stepped"},{"time":1,"x":0,"y":0}]}},"events":[{"time":0,"name":"Event","string":"takeSummon"}]},"skill1":{"slots":{"DAMAGEAREA":{"attachment":[{"time":0.7333,"name":"DAMAGEAREA"},{"time":1,"name":null}]},"Dot_EF":{"attachment":[{"time":0.0666,"name":"EF/dot/skill1_EF_00"},{"time":0.1666,"name":"EF/dot/skill1_EF_01-a"},{"time":0.2333,"name":"EF/dot/skill1_EF_02"},{"time":0.2666,"name":null},{"time":0.6666,"name":"EF/dot/skill1_EF_03"},{"time":0.7666,"name":"EF/dot/skill1_EF_04"},{"time":0.8333,"name":null},{"time":1,"name":"EF/dot/skill1_EF_05"},{"time":1.0666,"name":null}]},"Dot_EF2":{"attachment":[{"time":0.1666,"name":"EF/dot/skill1_EF_01-b"},{"time":0.2333,"name":null}]},"EF_wave1_1":{"attachment":[{"time":0.2666,"name":"EF/610_S1_wave1/610_S1_wave1_00000"},{"time":0.3,"name":"EF/610_S1_wave1/610_S1_wave1_00001"},{"time":0.3333,"name":"EF/610_S1_wave1/610_S1_wave1_00002"},{"time":0.3666,"name":"EF/610_S1_wave1/610_S1_wave1_00003"},{"time":0.4,"name":"EF/610_S1_wave1/610_S1_wave1_00004"},{"time":0.4333,"name":"EF/610_S1_wave1/610_S1_wave1_00005"},{"time":0.4666,"name":"EF/610_S1_wave1/610_S1_wave1_00006"},{"time":0.5,"name":"EF/610_S1_wave1/610_S1_wave1_00007"},{"time":0.5333,"name":"EF/610_S1_wave1/610_S1_wave1_00008"},{"time":0.5666,"name":"EF/610_S1_wave1/610_S1_wave1_00009"},{"time":0.6,"name":"EF/610_S1_wave1/610_S1_wave1_00010"},{"time":0.6333,"name":"EF/610_S1_wave1/610_S1_wave1_00011"},{"time":0.6666,"name":"EF/610_S1_wave1/610_S1_wave1_00012"},{"time":0.7,"name":"EF/610_S1_wave1/610_S1_wave1_00013"},{"time":0.7333,"name":null},{"time":0.9666,"name":"EF/610_S1_wave1/610_S1_wave1_00000"},{"time":1,"name":"EF/610_S1_wave1/610_S1_wave1_00001"},{"time":1.0333,"name":"EF/610_S1_wave1/610_S1_wave1_00002"},{"time":1.0666,"name":"EF/610_S1_wave1/610_S1_wave1_00003"},{"time":1.1,"name":"EF/610_S1_wave1/610_S1_wave1_00004"},{"time":1.1333,"name":"EF/610_S1_wave1/610_S1_wave1_00005"},{"time":1.1666,"name":"EF/610_S1_wave1/610_S1_wave1_00006"},{"time":1.2,"name":"EF/610_S1_wave1/610_S1_wave1_00007"},{"time":1.2333,"name":"EF/610_S1_wave1/610_S1_wave1_00008"},{"time":1.2666,"name":"EF/610_S1_wave1/610_S1_wave1_00009"},{"time":1.3,"name":"EF/610_S1_wave1/610_S1_wave1_00010"},{"time":1.3333,"name":"EF/610_S1_wave1/610_S1_wave1_00011"},{"time":1.3666,"name":"EF/610_S1_wave1/610_S1_wave1_00012"},{"time":1.4,"name":"EF/610_S1_wave1/610_S1_wave1_00013"},{"time":1.4333,"name":null}]},"MAIN":{"attachment":[{"time":0,"name":"idle_00"},{"time":0.0666,"name":"skill1_00"},{"time":0.1666,"name":"skill1_01"},{"time":0.2666,"name":"skill1_02"},{"time":0.3666,"name":"skill1_03"},{"time":0.4666,"name":"skill1_04"},{"time":0.7,"name":"skill1_05"},{"time":0.8,"name":"skill1_06"},{"time":0.9,"name":"skill1_07"},{"time":1.0333,"name":"skill1_08"},{"time":1.1333,"name":"skill1_09"},{"time":1.2333,"name":"skill1_10"},{"time":1.4,"name":"skill1_11"},{"time":1.4666,"name":"skill1_11"}]}},"bones":{"MAIN":{"translate":[{"time":0.1666,"x":-13,"y":3.85,"curve":"stepped"},{"time":0.2666,"x":-33.03,"y":3.85,"curve":"stepped"},{"time":0.3666,"x":-35.1,"y":3.85,"curve":"stepped"},{"time":0.7,"x":-116.59,"y":3.85}]},"Dot_EF":{"translate":[{"time":0.0666,"x":5.11,"y":1.27,"curve":"stepped"},{"time":0.1666,"x":8.12,"y":-0.72,"curve":"stepped"},{"time":0.2333,"x":1.14,"y":-0.72,"curve":"stepped"},{"time":0.6666,"x":4.99,"y":1.19,"curve":"stepped"},{"time":1,"x":5.95,"y":2.15}]},"EF_wave1_1":{"translate":[{"time":0.2666,"x":-175.43,"y":0,"curve":"stepped"},{"time":0.9666,"x":-252.95,"y":0}],"scale":[{"time":0.2666,"x":2,"y":2,"curve":"stepped"},{"time":0.9666,"x":2,"y":2}]},"DAMAGEAREA":{"translate":[{"time":0.7333,"x":-219.04,"y":160.63,"curve":[0.253,0,0.628,0.4]},{"time":0.9666,"x":-551.32,"y":160.63}],"scale":[{"time":0.7333,"x":4.905,"y":5.907,"curve":[0.164,0.29,0.75,1]},{"time":0.9666,"x":17.319,"y":5.907}]}},"events":[{"time":0,"name":"Event","string":"setHitEffect(hit02b, 0)"},{"time":0.0333,"name":"Event","float":0.15,"string":"kHitStopType_normal"},{"time":0.0333,"name":"Sound1","string":"cri_se_battle_sword_swish_heavy"},{"time":0.0333,"name":"Voice","string":"cri_231_voice_skill_all"},{"time":0.0666,"name":"Event","string":"setHitBackEnemy(30,0)"},{"time":0.6333,"name":"Sound1","string":"cri_se_battle_arrow_light_effect"},{"time":0.6333,"name":"Sound2","string":"cri_se_battle_thunder_small"},{"time":0.6333,"name":"Sound3","string":"setHitSound(se_battle_thrustviolently)"},{"time":0.8,"name":"Event","float":0.03,"string":"kHitStopType_normal"},{"time":0.8,"name":"Hit","string":"resetHitList"},{"time":0.8666,"name":"Hit","string":"resetHitList"},{"time":0.9333,"name":"Hit","string":"resetHitList"}]},"skill2":{"slots":{"EF/ef_magic_circle_main/ef_magic_circle_main_00001":{"attachment":[{"time":0,"name":"EF/ef_magic_circle_main/ef_magic_circle_main_00001"}],"color":[{"time":0,"color":"ffffff00"},{"time":0.2333,"color":"ffffffff","curve":"stepped"},{"time":6.6,"color":"ffffffff"},{"time":6.6666,"color":"ffffff00"}]},"EF/ef_magic_circle_main/ef_magic_circle_main_00002":{"attachment":[{"time":0,"name":"EF/ef_magic_circle_main/ef_magic_circle_main_00002"}],"color":[{"time":0,"color":"ffffff00"},{"time":0.2333,"color":"ffffffff","curve":"stepped"},{"time":6.6,"color":"ffffffff"},{"time":6.6666,"color":"ffffff00"}]},"EF_wave_water1_1":{"attachment":[{"time":0,"name":"EF/ef_water_wave_main/ef_water_wave_main_00008"},{"time":0.0333,"name":"EF/ef_water_wave_main/ef_water_wave_main_00009"},{"time":0.0666,"name":"EF/ef_water_wave_main/ef_water_wave_main_00010"},{"time":0.1,"name":"EF/ef_water_wave_main/ef_water_wave_main_00012"},{"time":0.1333,"name":"EF/ef_water_wave_main/ef_water_wave_main_00014"},{"time":0.1666,"name":"EF/ef_water_wave_main/ef_water_wave_main_00016"},{"time":0.2,"name":"EF/ef_water_wave_main/ef_water_wave_main_00018"},{"time":0.2333,"name":"EF/ef_water_wave_main/ef_water_wave_main_00020"},{"time":0.2666,"name":"EF/ef_water_wave_main/ef_water_wave_main_00022"},{"time":0.3,"name":"EF/ef_water_wave_main/ef_water_wave_main_00023"},{"time":0.3333,"name":"EF/ef_water_wave_main/ef_water_wave_main_00024"},{"time":0.3666,"name":null}]},"MAIN":{"attachment":[{"time":0,"name":"skill2_00"},{"time":0.0666,"name":"skill2_01"},{"time":6.5666,"name":"skill2_00"},{"time":6.6666,"name":"idle_00"}]}},"bones":{"EF_wave_water1_1":{"translate":[{"time":0,"x":-239.61,"y":0}],"scale":[{"time":0,"x":2.5,"y":2.5}]},"EF_magic1_1":{"translate":[{"time":0,"x":-280.71,"y":-0.27}],"scale":[{"time":0,"x":0.016,"y":0.016},{"time":0.1666,"x":1,"y":1}]},"DAMAGEAREA":{"scale":[{"time":0.4,"x":0.959,"y":0.959}]}},"events":[{"time":0,"name":"Event","string":"disableSkillEffect"},{"time":0,"name":"Sound1","string":"cri_se_battle_magic_Invocation_dark"},{"time":0,"name":"Voice","string":"cri_231_voice_fullarts_now"},{"time":0.1,"name":"Event","string":"runScript_counter"},{"time":1.3333,"name":"Event","string":"runScript_cancel"}]},"skill2-library":{"slots":{"DAMAGEAREA":{"attachment":[{"time":2.0333,"name":"DAMAGEAREA"},{"time":2.1,"name":null}]},"Dot_EF":{"attachment":[{"time":1.4,"name":"EF/dot/skill2_EF_00"},{"time":1.4666,"name":"EF/dot/skill2_EF_01"},{"time":1.5333,"name":"EF/dot/skill2_EF_03"},{"time":1.6,"name":null}]},"EF/ef_magic_circle_main 2/ef_magic_circle_main 2_00001":{"attachment":[{"time":1.3333,"name":"EF/ef_magic_circle_main 2/ef_magic_circle_main 2_00001"},{"time":2.0333,"name":"EF/ef_magic_circle_main 2/ef_magic_circle_main 2_00001"},{"time":2.1666,"name":null}],"color":[{"time":1.3333,"color":"ffffff00"},{"time":1.6,"color":"ffffffff","curve":"stepped"},{"time":2.0333,"color":"ffffffff","curve":[0.176,0.68,0.75,1]},{"time":2.1666,"color":"ffffff00"}]},"EF/ef_magic_circle_main/ef_magic_circle_main_00001":{"attachment":[{"time":0,"name":"EF/ef_magic_circle_main/ef_magic_circle_main_00001"},{"time":1.3333,"name":"EF/ef_magic_circle_main/ef_magic_circle_main_00001"},{"time":2.0333,"name":"EF/ef_magic_circle_main/ef_magic_circle_main_00001"},{"time":2.1666,"name":null}],"color":[{"time":0,"color":"ffffff00"},{"time":0.2333,"color":"ffffffff","curve":"stepped"},{"time":1.3333,"color":"ffffffff","curve":"stepped"},{"time":2.0333,"color":"ffffffff","curve":[0.176,0.68,0.75,1]},{"time":2.1666,"color":"ffffff00"}]},"EF/ef_magic_circle_main/ef_magic_circle_main_00002":{"attachment":[{"time":0,"name":"EF/ef_magic_circle_main/ef_magic_circle_main_00002"},{"time":1.3333,"name":"EF/ef_magic_circle_main/ef_magic_circle_main_00002"},{"time":2.0333,"name":"EF/ef_magic_circle_main/ef_magic_circle_main_00002"},{"time":2.1666,"name":null}],"color":[{"time":0,"color":"ffffff00"},{"time":0.2333,"color":"ffffffff","curve":"stepped"},{"time":1.3333,"color":"ffffffff","curve":"stepped"},{"time":2.0333,"color":"ffffffff","curve":[0.176,0.68,0.75,1]},{"time":2.1666,"color":"ffffff00"}]},"EF_wave1_1":{"attachment":[{"time":2.0333,"name":"EF/610_S1_wave1/610_S1_wave1_00000"},{"time":2.0666,"name":"EF/610_S1_wave1/610_S1_wave1_00002"},{"time":2.1,"name":"EF/610_S1_wave1/610_S1_wave1_00004"},{"time":2.1333,"name":"EF/610_S1_wave1/610_S1_wave1_00006"},{"time":2.1666,"name":"EF/610_S1_wave1/610_S1_wave1_00007"},{"time":2.2,"name":"EF/610_S1_wave1/610_S1_wave1_00008"},{"time":2.2333,"name":"EF/610_S1_wave1/610_S1_wave1_00009"},{"time":2.2666,"name":"EF/610_S1_wave1/610_S1_wave1_00010"},{"time":2.3,"name":"EF/610_S1_wave1/610_S1_wave1_00011"},{"time":2.3333,"name":"EF/610_S1_wave1/610_S1_wave1_00012"},{"time":2.3666,"name":"EF/610_S1_wave1/610_S1_wave1_00013"},{"time":2.4,"name":null}]},"EF_wave_water1_1":{"attachment":[{"time":0,"name":"EF/ef_water_wave_main/ef_water_wave_main_00008"},{"time":0.0333,"name":"EF/ef_water_wave_main/ef_water_wave_main_00009"},{"time":0.0666,"name":"EF/ef_water_wave_main/ef_water_wave_main_00010"},{"time":0.1,"name":"EF/ef_water_wave_main/ef_water_wave_main_00012"},{"time":0.1333,"name":"EF/ef_water_wave_main/ef_water_wave_main_00014"},{"time":0.1666,"name":"EF/ef_water_wave_main/ef_water_wave_main_00016"},{"time":0.2,"name":"EF/ef_water_wave_main/ef_water_wave_main_00018"},{"time":0.2333,"name":"EF/ef_water_wave_main/ef_water_wave_main_00020"},{"time":0.2666,"name":"EF/ef_water_wave_main/ef_water_wave_main_00022"},{"time":0.3,"name":"EF/ef_water_wave_main/ef_water_wave_main_00023"},{"time":0.3333,"name":"EF/ef_water_wave_main/ef_water_wave_main_00024"},{"time":0.3666,"name":null}]},"MAIN":{"attachment":[{"time":0,"name":"skill2_00"},{"time":0.0666,"name":"skill2_01"},{"time":1.3333,"name":"skill2_01"},{"time":1.3666,"name":"skill2_02"},{"time":1.4,"name":"skill2_03"},{"time":1.4666,"name":"skill2_04"},{"time":1.6,"name":"skill2_05"},{"time":1.8666,"name":"skill2_06"},{"time":2.0333,"name":"skill2_07"},{"time":2.1,"name":"skill2_08"},{"time":2.2,"name":"skill2_09"},{"time":2.3,"name":"skill2_10"},{"time":2.7333,"name":"skill2_11"},{"time":2.8333,"name":"idle_00"}]}},"bones":{"MAIN":{"translate":[{"time":1.4666,"x":100.48,"y":0,"curve":[0.134,0.63,0.57,0.94]},{"time":1.8333,"x":109.22,"y":0,"curve":"stepped"},{"time":2.0333,"x":5.01,"y":0,"curve":[0.041,0.69,0.401,0.93]},{"time":2.4,"x":0.72,"y":0,"curve":"stepped"},{"time":2.8333,"x":-5.48,"y":0}]},"EF_wave_water1_1":{"translate":[{"time":0,"x":-239.61,"y":0}],"scale":[{"time":0,"x":2.5,"y":2.5}]},"EF_magic1_1":{"translate":[{"time":0,"x":-280.71,"y":-0.27,"curve":"stepped"},{"time":1.3333,"x":-280.71,"y":-0.27,"curve":"stepped"},{"time":2.0333,"x":-280.71,"y":-0.27}],"scale":[{"time":0,"x":0.016,"y":0.016},{"time":0.1666,"x":1,"y":1,"curve":"stepped"},{"time":1.3333,"x":1,"y":1,"curve":"stepped"},{"time":2.0333,"x":1,"y":1,"curve":[0.145,0.6,0.75,1]},{"time":2.1333,"x":1.272,"y":1.272}]},"DAMAGEAREA":{"translate":[{"time":2.0333,"x":-364.95,"y":100.84}],"scale":[{"time":0.4,"x":0.959,"y":0.959},{"time":2.0333,"x":11.084,"y":4.457}]},"EF_wave1_1":{"translate":[{"time":2.0333,"x":-124.23,"y":0}],"scale":[{"time":2.0333,"x":2,"y":2}]},"Dot_EF":{"translate":[{"time":1.4,"x":0,"y":0}]}},"events":[{"time":0,"name":"Event","string":"disableSkillEffect"},{"time":0,"name":"Sound1","string":"cri_se_battle_magic_Invocation_dark"},{"time":0,"name":"Voice","string":"cri_231_voice_fullarts_now"},{"time":0.1,"name":"Event","string":"runScript_counter"},{"time":1.3333,"name":"Event","string":"movePosition_Target(0.1,250,0)"},{"time":1.3333,"name":"Voice","string":"cri_231_voice_fullarts_rank5"},{"time":1.3666,"name":"Event","float":0.25,"string":"kHitStopType_normal"},{"time":1.3666,"name":"Sound1","string":"cri_se_battle_038_weapon_swing"},{"time":1.4,"name":"Event","string":"kImpactType_knock"},{"time":1.4333,"name":"Event","string":"runSkillEffect"},{"time":2,"name":"Sound3","string":"setHitSound(se_battle_sword_heavy_hit)"},{"time":2.0333,"name":"Event2","float":2,"string":"shakeGround"},{"time":2.0333,"name":"Sound1","string":"cri_se_battle_sword_srash"}]},"skill2Failed":{"slots":{"DAMAGEAREA":{"attachment":[{"time":0.7,"name":"DAMAGEAREA"},{"time":0.7666,"name":null}]},"EF_wave1_1":{"attachment":[{"time":0.7,"name":"EF/610_S1_wave1/610_S1_wave1_00000"},{"time":0.7333,"name":"EF/610_S1_wave1/610_S1_wave1_00002"},{"time":0.7666,"name":"EF/610_S1_wave1/610_S1_wave1_00004"},{"time":0.8,"name":"EF/610_S1_wave1/610_S1_wave1_00006"},{"time":0.8333,"name":"EF/610_S1_wave1/610_S1_wave1_00007"},{"time":0.8666,"name":"EF/610_S1_wave1/610_S1_wave1_00008"},{"time":0.9,"name":"EF/610_S1_wave1/610_S1_wave1_00009"},{"time":0.9333,"name":"EF/610_S1_wave1/610_S1_wave1_00010"},{"time":0.9666,"name":"EF/610_S1_wave1/610_S1_wave1_00011"},{"time":1,"name":"EF/610_S1_wave1/610_S1_wave1_00012"},{"time":1.0333,"name":"EF/610_S1_wave1/610_S1_wave1_00013"},{"time":1.0666,"name":null}]},"MAIN":{"attachment":[{"time":0,"name":"skill2_01"},{"time":0.1,"name":"skill2_04"},{"time":0.2666,"name":"skill2_05"},{"time":0.5333,"name":"skill2_06"},{"time":0.7,"name":"skill2_07"},{"time":0.7666,"name":"skill2_08"},{"time":0.8666,"name":"skill2_09"},{"time":0.9666,"name":"skill2_10"},{"time":1.4,"name":"skill2_11"},{"time":1.5,"name":"idle_00"}]}},"bones":{"MAIN":{"translate":[{"time":0,"x":0,"y":0,"curve":"stepped"},{"time":0.1,"x":0,"y":0,"curve":[0.107,0.41,0.75,1]},{"time":0.5,"x":25,"y":0,"curve":"stepped"},{"time":0.7,"x":5.01,"y":0,"curve":[0.041,0.69,0.401,0.93]},{"time":1.0666,"x":0.72,"y":0,"curve":"stepped"},{"time":1.5,"x":-5.48,"y":0}]},"EF_wave1_1":{"translate":[{"time":0.7,"x":-124.23,"y":0}],"scale":[{"time":0.7,"x":2,"y":2}]},"DAMAGEAREA":{"translate":[{"time":0.7,"x":-364.95,"y":100.84}],"scale":[{"time":0.7,"x":11.084,"y":4.457}]}},"events":[{"time":0,"name":"Event","string":"movePosition_Target(0.1,250,0)"},{"time":0,"name":"Voice","string":"cri_231_voice_fullarts_rank5"},{"time":0.0333,"name":"Event","float":0.25,"string":"kHitStopType_normal"},{"time":0.0666,"name":"Event","string":"kImpactType_knock"},{"time":0.1,"name":"Event","string":"disableSkillEffect"},{"time":0.6666,"name":"Sound3","string":"setHitSound(se_battle_thrustviolently)"},{"time":0.7,"name":"Event2","float":2,"string":"shakeGround"},{"time":0.7,"name":"Sound1","string":"cri_se_battle_sword_srash"}]},"skill2counter":{"slots":{"DAMAGEAREA":{"attachment":[{"time":0.7,"name":"DAMAGEAREA"},{"time":0.7666,"name":null}]},"Dot_EF":{"attachment":[{"time":0.0666,"name":"EF/dot/skill2_EF_00"},{"time":0.1333,"name":"EF/dot/skill2_EF_01"},{"time":0.2,"name":"EF/dot/skill2_EF_03"},{"time":0.2666,"name":null}]},"EF/ef_magic_circle_main 2/ef_magic_circle_main 2_00001":{"attachment":[{"time":0,"name":"EF/ef_magic_circle_main 2/ef_magic_circle_main 2_00001"},{"time":0.7,"name":"EF/ef_magic_circle_main 2/ef_magic_circle_main 2_00001"},{"time":0.8333,"name":null}],"color":[{"time":0,"color":"ffffff00"},{"time":0.2666,"color":"ffffffff","curve":"stepped"},{"time":0.7,"color":"ffffffff","curve":[0.176,0.68,0.75,1]},{"time":0.8333,"color":"ffffff00"}]},"EF/ef_magic_circle_main/ef_magic_circle_main_00001":{"attachment":[{"time":0,"name":"EF/ef_magic_circle_main/ef_magic_circle_main_00001"},{"time":0.7,"name":"EF/ef_magic_circle_main/ef_magic_circle_main_00001"},{"time":0.8333,"name":null}],"color":[{"time":0,"color":"ffffffff","curve":"stepped"},{"time":0.7,"color":"ffffffff","curve":[0.176,0.68,0.75,1]},{"time":0.8333,"color":"ffffff00"}]},"EF/ef_magic_circle_main/ef_magic_circle_main_00002":{"attachment":[{"time":0,"name":"EF/ef_magic_circle_main/ef_magic_circle_main_00002"},{"time":0.7,"name":"EF/ef_magic_circle_main/ef_magic_circle_main_00002"},{"time":0.8333,"name":null}],"color":[{"time":0,"color":"ffffffff","curve":"stepped"},{"time":0.7,"color":"ffffffff","curve":[0.176,0.68,0.75,1]},{"time":0.8333,"color":"ffffff00"}]},"EF_wave1_1":{"attachment":[{"time":0.7,"name":"EF/610_S1_wave1/610_S1_wave1_00000"},{"time":0.7333,"name":"EF/610_S1_wave1/610_S1_wave1_00002"},{"time":0.7666,"name":"EF/610_S1_wave1/610_S1_wave1_00004"},{"time":0.8,"name":"EF/610_S1_wave1/610_S1_wave1_00006"},{"time":0.8333,"name":"EF/610_S1_wave1/610_S1_wave1_00007"},{"time":0.8666,"name":"EF/610_S1_wave1/610_S1_wave1_00008"},{"time":0.9,"name":"EF/610_S1_wave1/610_S1_wave1_00009"},{"time":0.9333,"name":"EF/610_S1_wave1/610_S1_wave1_00010"},{"time":0.9666,"name":"EF/610_S1_wave1/610_S1_wave1_00011"},{"time":1,"name":"EF/610_S1_wave1/610_S1_wave1_00012"},{"time":1.0333,"name":"EF/610_S1_wave1/610_S1_wave1_00013"},{"time":1.0666,"name":null}]},"MAIN":{"attachment":[{"time":0,"name":"skill2_01"},{"time":0.0333,"name":"skill2_02"},{"time":0.0666,"name":"skill2_03"},{"time":0.1333,"name":"skill2_04"},{"time":0.2666,"name":"skill2_05"},{"time":0.5333,"name":"skill2_06"},{"time":0.7,"name":"skill2_07"},{"time":0.7666,"name":"skill2_08"},{"time":0.8666,"name":"skill2_09"},{"time":0.9666,"name":"skill2_10"},{"time":1.4,"name":"skill2_11"},{"time":1.5,"name":"idle_00"}]}},"bones":{"MAIN":{"translate":[{"time":0.1333,"x":100.48,"y":0,"curve":[0.134,0.63,0.57,0.94]},{"time":0.5,"x":109.22,"y":0,"curve":"stepped"},{"time":0.7,"x":5.01,"y":0,"curve":[0.041,0.69,0.401,0.93]},{"time":1.0666,"x":0.72,"y":0,"curve":"stepped"},{"time":1.5,"x":-5.48,"y":0}]},"Dot_EF":{"translate":[{"time":0.0666,"x":0,"y":0}]},"EF_magic1_1":{"translate":[{"time":0,"x":-280.71,"y":-0.27,"curve":"stepped"},{"time":0.7,"x":-280.71,"y":-0.27}],"scale":[{"time":0,"x":1,"y":1,"curve":"stepped"},{"time":0.7,"x":1,"y":1,"curve":[0.145,0.6,0.75,1]},{"time":0.8,"x":1.272,"y":1.272}]},"EF_wave1_1":{"translate":[{"time":0.7,"x":-124.23,"y":0}],"scale":[{"time":0.7,"x":2,"y":2}]},"DAMAGEAREA":{"translate":[{"time":0.7,"x":-364.95,"y":100.84}],"scale":[{"time":0.7,"x":11.084,"y":4.457}]}},"events":[{"time":0,"name":"Event","string":"movePosition_Target(0.1,250,0)"},{"time":0,"name":"Voice","string":"cri_231_voice_fullarts_rank5"},{"time":0.0333,"name":"Event","float":0.25,"string":"kHitStopType_normal"},{"time":0.0333,"name":"Sound1","string":"cri_se_battle_038_weapon_swing"},{"time":0.0666,"name":"Event","string":"kImpactType_knock"},{"time":0.1,"name":"Event","string":"runSkillEffect"},{"time":0.6666,"name":"Sound3","string":"setHitSound(se_battle_sword_heavy_hit)"},{"time":0.7,"name":"Event2","float":2,"string":"shakeGround"},{"time":0.7,"name":"Sound1","string":"cri_se_battle_sword_srash"}]}}}