{"skeleton":{"hash":"eZvWu9jfx2aMvq4oZMhi1S64Cp8","spine":"3.0.12","width":0,"height":0,"images":"./images3/"},"bones":[{"name":"root"},{"name":"MAIN","parent":"root","y":90,"scaleX":1.2,"scaleY":1.2,"rotation":0.6,"color":"34ff00ff"},{"name":"R_fire2","parent":"MAIN","x":-57.36,"y":-45.77,"scaleX":0.8,"scaleY":0.8,"rotation":-0.6,"color":"ff00d0ff"},{"name":"R_fire1","parent":"MAIN","x":-57.36,"y":-45.77,"scaleX":0.8,"scaleY":0.8,"rotation":-0.6,"color":"ff00d0ff"},{"name":"L_fire2","parent":"MAIN","x":67.24,"y":-47.56,"scaleX":0.8,"scaleY":0.8,"rotation":-0.6,"color":"ff00d0ff"},{"name":"L_fire1","parent":"MAIN","x":67.24,"y":-47.56,"scaleX":0.8,"scaleY":0.8,"rotation":-0.6,"color":"ff00d0ff"}],"slots":[{"name":"MAIN","bone":"MAIN","attachment":"idle_00"},{"name":"weapon/L_fire1","bone":"L_fire1"},{"name":"weapon/L_fire2","bone":"L_fire2"},{"name":"weapon/R_fire1","bone":"R_fire1"},{"name":"weapon/R_fire2","bone":"R_fire2"}],"skins":{"default":{"MAIN":{"idle_00":{"x":-16.6,"y":-19.15,"scaleX":1.2,"scaleY":1.2,"rotation":-0.6,"width":443,"height":443},"idle_01":{"x":-16.6,"y":-19.16,"scaleX":1.2,"scaleY":1.2,"width":443,"height":443},"idle_02":{"x":-16.6,"y":-19.16,"scaleX":1.2,"scaleY":1.2,"width":443,"height":443},"idle_03":{"x":-16.6,"y":-19.16,"scaleX":1.2,"scaleY":1.2,"width":443,"height":443},"idle_04":{"x":-16.6,"y":-19.16,"scaleX":1.2,"scaleY":1.2,"width":443,"height":443}},"weapon/L_fire1":{"weapon/L_fire1":{"x":-54.89,"y":78.91,"width":75,"height":226},"weapon/L_fire2":{"x":-54.89,"y":78.91,"width":75,"height":226},"weapon/L_fire3":{"x":-54.89,"y":78.91,"width":75,"height":226},"weapon/L_fire4":{"x":-54.89,"y":78.91,"width":75,"height":226},"weapon/L_fire5":{"x":-54.89,"y":78.91,"width":75,"height":226}},"weapon/L_fire2":{"weapon/L_fire1":{"x":-54.89,"y":78.91,"width":75,"height":226},"weapon/L_fire2":{"x":-54.89,"y":78.91,"width":75,"height":226},"weapon/L_fire3":{"x":-54.89,"y":78.91,"width":75,"height":226},"weapon/L_fire4":{"x":-54.89,"y":78.91,"width":75,"height":226},"weapon/L_fire5":{"x":-54.89,"y":78.91,"width":75,"height":226}},"weapon/R_fire1":{"weapon/R_fire1":{"x":69.72,"y":78.43,"width":57,"height":224},"weapon/R_fire2":{"x":69.72,"y":78.43,"width":57,"height":224},"weapon/R_fire3":{"x":69.72,"y":78.43,"width":57,"height":224},"weapon/R_fire4":{"x":69.72,"y":78.43,"width":57,"height":224},"weapon/R_fire5":{"x":69.72,"y":78.43,"width":57,"height":224}},"weapon/R_fire2":{"weapon/R_fire1":{"x":69.72,"y":78.43,"width":57,"height":224},"weapon/R_fire2":{"x":69.72,"y":78.43,"width":57,"height":224},"weapon/R_fire3":{"x":69.72,"y":78.43,"width":57,"height":224},"weapon/R_fire4":{"x":69.72,"y":78.43,"width":57,"height":224},"weapon/R_fire5":{"x":69.72,"y":78.43,"width":57,"height":224}}}},"events":{"Event":{},"Hit":{},"Sound1":{},"Sound2":{},"Sound3":{},"Sound4":{"string":"cri_se_battle_monster_hit"},"ViewEvent":{},"Voice":{}},"animations":{"idle":{"slots":{"MAIN":{"attachment":[{"time":0,"name":"idle_00"},{"time":0.1666,"name":"idle_01"},{"time":0.3333,"name":"idle_02"},{"time":0.5,"name":"idle_03"},{"time":0.6666,"name":"idle_04"},{"time":0.8333,"name":"idle_00"}]},"weapon/L_fire1":{"attachment":[{"time":0,"name":"weapon/L_fire5"},{"time":0.1,"name":"weapon/L_fire4"},{"time":0.2,"name":"weapon/L_fire3"},{"time":0.2666,"name":"weapon/L_fire2"},{"time":0.3666,"name":"weapon/L_fire1"},{"time":0.4666,"name":"weapon/L_fire5"},{"time":0.5666,"name":"weapon/L_fire4"},{"time":0.6333,"name":"weapon/L_fire3"},{"time":0.7333,"name":"weapon/L_fire2"},{"time":0.8333,"name":"weapon/L_fire1"}]},"weapon/L_fire2":{"attachment":[{"time":0,"name":"weapon/L_fire5"},{"time":0.0666,"name":"weapon/L_fire4"},{"time":0.1666,"name":"weapon/L_fire3"},{"time":0.2666,"name":"weapon/L_fire2"},{"time":0.3666,"name":"weapon/L_fire1"},{"time":0.4666,"name":"weapon/L_fire5"},{"time":0.5333,"name":"weapon/L_fire4"},{"time":0.6333,"name":"weapon/L_fire3"},{"time":0.7333,"name":"weapon/L_fire2"},{"time":0.8333,"name":"weapon/L_fire1"}]},"weapon/R_fire1":{"attachment":[{"time":0,"name":"weapon/R_fire5"},{"time":0.1,"name":"weapon/R_fire4"},{"time":0.2,"name":"weapon/R_fire3"},{"time":0.2666,"name":"weapon/R_fire2"},{"time":0.3666,"name":"weapon/R_fire1"},{"time":0.4666,"name":"weapon/R_fire5"},{"time":0.5666,"name":"weapon/R_fire4"},{"time":0.6333,"name":"weapon/R_fire3"},{"time":0.7333,"name":"weapon/R_fire2"},{"time":0.8333,"name":"weapon/R_fire1"}]},"weapon/R_fire2":{"attachment":[{"time":0,"name":"weapon/R_fire5"},{"time":0.0666,"name":"weapon/R_fire4"},{"time":0.1666,"name":"weapon/R_fire3"},{"time":0.2666,"name":"weapon/R_fire2"},{"time":0.3666,"name":"weapon/R_fire1"},{"time":0.4666,"name":"weapon/R_fire5"},{"time":0.5333,"name":"weapon/R_fire4"},{"time":0.6333,"name":"weapon/R_fire3"},{"time":0.7333,"name":"weapon/R_fire2"},{"time":0.8333,"name":"weapon/R_fire1"}]}},"bones":{"L_fire1":{"translate":[{"time":0,"x":40.74,"y":5.56,"curve":"stepped"},{"time":0.1666,"x":42.48,"y":13.61,"curve":"stepped"},{"time":0.2666,"x":40.48,"y":12.06,"curve":"stepped"},{"time":0.3666,"x":44.46,"y":19.7,"curve":"stepped"},{"time":0.4666,"x":43.15,"y":16.81,"curve":"stepped"},{"time":0.5666,"x":41.15,"y":15.37,"curve":"stepped"},{"time":0.7333,"x":38.22,"y":8.47,"curve":"stepped"},{"time":0.8333,"x":40.74,"y":5.56}]},"L_fire2":{"rotate":[{"time":0,"angle":87.07,"curve":"stepped"},{"time":0.8333,"angle":87.07}],"translate":[{"time":0,"x":-38.71,"y":156.1,"curve":"stepped"},{"time":0.0666,"x":-39.5,"y":154.19,"curve":"stepped"},{"time":0.1666,"x":-39.89,"y":157.84,"curve":"stepped"},{"time":0.2666,"x":-38.59,"y":157.23,"curve":"stepped"},{"time":0.3333,"x":-38.54,"y":160.81,"curve":"stepped"},{"time":0.3666,"x":-40.18,"y":165.06,"curve":"stepped"},{"time":0.4666,"x":-39.07,"y":163.27,"curve":"stepped"},{"time":0.5,"x":-38.96,"y":160.97,"curve":"stepped"},{"time":0.6666,"x":-37.16,"y":156.67,"curve":"stepped"},{"time":0.8333,"x":-38.71,"y":156.1}],"scale":[{"time":0,"x":1.102,"y":1.102,"curve":"stepped"},{"time":0.8333,"x":1.102,"y":1.102}]},"R_fire1":{"translate":[{"time":0,"x":-75.51,"y":4.12,"curve":"stepped"},{"time":0.1666,"x":-76.19,"y":7.9,"curve":"stepped"},{"time":0.3333,"x":-76.74,"y":12.4,"curve":"stepped"},{"time":0.5,"x":-76.78,"y":9.04,"curve":"stepped"},{"time":0.6666,"x":-76.36,"y":5.59,"curve":"stepped"},{"time":0.8333,"x":-75.51,"y":4.12}]},"R_fire2":{"rotate":[{"time":0,"angle":-74.06,"curve":"stepped"},{"time":0.8333,"angle":-74.06}],"translate":[{"time":0,"x":-39.3,"y":164,"curve":"stepped"},{"time":0.1666,"x":-39.78,"y":167.37,"curve":"stepped"},{"time":0.2666,"x":-40.53,"y":166.8,"curve":"stepped"},{"time":0.3333,"x":-40.34,"y":170.38,"curve":"stepped"},{"time":0.5,"x":-40.16,"y":168.25,"curve":"stepped"},{"time":0.6666,"x":-40.15,"y":165.32,"curve":"stepped"},{"time":0.8333,"x":-39.3,"y":164}],"scale":[{"time":0,"x":1.098,"y":1.098,"curve":"stepped"},{"time":0.8333,"x":1.098,"y":1.098}]}}}}}