{"skeleton":{"hash":"OXIECvamn48o32jL1JtYGXrnkLI","spine":"3.0.12","width":0,"height":0,"images":"./images/"},"bones":[{"name":"root"},{"name":"MAIN","parent":"root","y":44.88},{"name":"R_arm","parent":"MAIN","x":-9.14,"y":20.59},{"name":"L_arm","parent":"MAIN","x":45.85,"y":16.77},{"name":"weapon","parent":"L_arm","x":13.01,"y":1.96}],"slots":[{"name":"MAIN","bone":"MAIN","attachment":"110_idle1"},{"name":"001_0002_L_arm","bone":"R_arm"},{"name":"001_0003_R_arm","bone":"L_arm"},{"name":"001_0001_weapon","bone":"weapon"}],"skins":{"default":{"001_0001_weapon":{"001_0001_weapon":{"x":-82.03,"y":-11.14,"width":200,"height":40}},"001_0002_L_arm":{"001_0002_L_arm":{"x":-20.03,"y":-3.35,"width":56,"height":24}},"001_0003_R_arm":{"001_0003_R_arm":{"x":-14.02,"y":1.13,"width":50,"height":22}},"MAIN":{"110_idle1":{"x":-22.7,"y":3.23,"width":201,"height":113},"110_idle2":{"x":-22.7,"y":3.23,"width":201,"height":113},"110_idle3":{"x":-22.7,"y":3.23,"width":201,"height":113},"110_idle4":{"x":-22.7,"y":3.23,"width":201,"height":113},"110_idle5":{"x":-22.7,"y":3.23,"width":201,"height":113}}}},"events":{"Sound_2":{},"Sound_3":{},"Sound_4":{},"Voice":{},"event":{},"hit-event":{},"sound":{}},"animations":{"idle":{"slots":{"001_0001_weapon":{"attachment":[{"time":0,"name":"001_0001_weapon"}]},"001_0002_L_arm":{"attachment":[{"time":0,"name":"001_0002_L_arm"}]},"001_0003_R_arm":{"attachment":[{"time":0,"name":"001_0003_R_arm"}]},"MAIN":{"attachment":[{"time":0,"name":"110_idle1"},{"time":0.2,"name":"110_idle2"},{"time":0.4,"name":"110_idle3"},{"time":0.6,"name":"110_idle4"},{"time":0.8,"name":"110_idle5"},{"time":0.9666,"name":"110_idle1"}]}},"bones":{"weapon":{"translate":[{"time":0,"x":0,"y":0,"curve":"stepped"},{"time":0.6,"x":0.07,"y":-0.24,"curve":"stepped"},{"time":0.8,"x":0.07,"y":0,"curve":"stepped"},{"time":0.9666,"x":0,"y":0}]},"R_arm":{"translate":[{"time":0,"x":0,"y":0,"curve":"stepped"},{"time":0.2,"x":0,"y":-0.94,"curve":"stepped"},{"time":0.4,"x":0,"y":-1.89,"curve":"stepped"},{"time":0.6,"x":0,"y":-1.22,"curve":"stepped"},{"time":0.8,"x":-0.62,"y":-0.55,"curve":"stepped"},{"time":0.9666,"x":0,"y":0}]},"L_arm":{"translate":[{"time":0,"x":0,"y":0,"curve":"stepped"},{"time":0.2,"x":0,"y":-2.06,"curve":"stepped"},{"time":0.4,"x":0,"y":-3.13,"curve":"stepped"},{"time":0.6,"x":-0.07,"y":-1.74,"curve":"stepped"},{"time":0.8,"x":-0.35,"y":-0.95,"curve":"stepped"},{"time":0.9666,"x":0,"y":0}]},"MAIN":{"translate":[{"time":0,"x":0,"y":0}]}}}}}