{"skeleton":{"hash":"ceQt+za7yW1QvapUwbeV3g2v0EQ","spine":"3.0.12","width":0,"height":0,"images":"./images/idle/"},"bones":[{"name":"root"},{"name":"MAIN","parent":"root","y":65,"color":"ff0900ff"}],"slots":[{"name":"MAIN","bone":"MAIN","attachment":"idle_00"}],"skins":{"default":{"MAIN":{"idle_00":{"x":-4.19,"y":1.78,"width":512,"height":512},"idle_01":{"x":-4.19,"y":1.78,"width":512,"height":512},"idle_02":{"x":-4.19,"y":1.78,"width":512,"height":512},"idle_03":{"x":-4.19,"y":1.78,"width":512,"height":512}}}},"events":{"Event":{},"Hit":{},"Sound1":{},"Sound2":{},"Sound3":{},"Voice":{}},"animations":{"idle":{"slots":{"MAIN":{"attachment":[{"time":0,"name":"idle_00"},{"time":0.2666,"name":"idle_01"},{"time":0.5,"name":"idle_02"},{"time":0.7666,"name":"idle_03"},{"time":1,"name":"idle_00"}]}}}}}