{"skeleton":{"hash":"9a5j8JA20+ZGuj+eXCdSOy53CLE","spine":"3.0.12","width":0,"height":0},"bones":[{"name":"root"},{"name":"fire3","parent":"root","x":232.34,"y":26.05,"scaleX":-1},{"name":"fire2","parent":"root","x":199.2,"y":26.05,"scaleX":-1},{"name":"fire","parent":"root","x":174.29,"y":26.05},{"name":"EF/950_S2_dome2/950_S2_dome2_00003","parent":"root"},{"name":"EF/9020_wind4/9020_wind4_00006","parent":"root"},{"name":"EF/9020_wind2/9020_wind2_00003","parent":"root"},{"name":"EF/690_S2_rock2/690_S2_rock2_00002","parent":"root"},{"name":"EF/690_S2_rock2/690_S2_rock2_2","parent":"root"},{"name":"EF/690_S2_rock1/690_S2_rock1_00001","parent":"root"},{"name":"EF/130_S1_wing1/130_S1_wing1_00041","parent":"root"},{"name":"EF/1070_S2_wave1/1070_S2_wave1_00003","parent":"root"},{"name":"EF/1070_S2_dome1/1070_S2_dome1_00002","parent":"root"},{"name":"EF/1070_S1_ex1/1070_S1_ex1_00001","parent":"root"}],"slots":[{"name":"EF/1070_S1_ex1/1070_S1_ex1_00002","bone":"EF/1070_S1_ex1/1070_S1_ex1_00001","blend":"additive"},{"name":"EF/1070_S2_dome1/1070_S2_dome1_00003","bone":"EF/1070_S2_dome1/1070_S2_dome1_00002","blend":"additive"},{"name":"EF/1070_S2_wave1/1070_S2_wave1_00005","bone":"EF/1070_S2_wave1/1070_S2_wave1_00003","blend":"additive"},{"name":"EF/130_S1_wing1/130_S1_wing1_00041","bone":"EF/130_S1_wing1/130_S1_wing1_00041","blend":"additive"},{"name":"EF/690_S2_rock1/690_S2_rock1_00003","bone":"EF/690_S2_rock1/690_S2_rock1_00001"},{"name":"EF/690_S2_rock2/690_S2_rock2_00005","bone":"EF/690_S2_rock2/690_S2_rock2_00002"},{"name":"EF/690_S2_rock2/690_S2_rock2_5","bone":"EF/690_S2_rock2/690_S2_rock2_2"},{"name":"EF/9020_wind2/9020_wind2_00023","bone":"EF/9020_wind2/9020_wind2_00003","blend":"additive"},{"name":"EF/9020_wind4/9020_wind4_00005","bone":"EF/9020_wind4/9020_wind4_00006","blend":"additive"},{"name":"EF/950_S2_dome2/950_S2_dome2_00002","bone":"EF/950_S2_dome2/950_S2_dome2_00003","blend":"additive"},{"name":"EF/A1_fire1/550_A1_fire1_00038","bone":"fire","blend":"additive"},{"name":"EF/A1_fire1/550_A1_fire1_38","bone":"fire2","blend":"additive"},{"name":"EF/A1_fire1/550_A1_fire1_39","bone":"fire3","blend":"additive"}],"skins":{"default":{"EF/1070_S1_ex1/1070_S1_ex1_00002":{"EF/1070_S1_ex1/1070_S1_ex1_00004":{"y":14.1,"width":200,"height":200},"EF/1070_S1_ex1/1070_S1_ex1_00005":{"y":14.1,"width":200,"height":200},"EF/1070_S1_ex1/1070_S1_ex1_00007":{"y":14.1,"width":200,"height":200},"EF/1070_S1_ex1/1070_S1_ex1_00009":{"y":14.1,"width":200,"height":200}},"EF/1070_S2_dome1/1070_S2_dome1_00003":{"EF/1070_S2_dome1/1070_S2_dome1_00002":{"y":16.84,"width":300,"height":300},"EF/1070_S2_dome1/1070_S2_dome1_00003":{"y":16.83,"width":300,"height":300},"EF/1070_S2_dome1/1070_S2_dome1_00004":{"y":16.83,"width":300,"height":300},"EF/1070_S2_dome1/1070_S2_dome1_00005":{"y":16.83,"width":300,"height":300},"EF/1070_S2_dome1/1070_S2_dome1_00006":{"y":16.83,"width":300,"height":300},"EF/1070_S2_dome1/1070_S2_dome1_00008":{"y":16.83,"width":300,"height":300},"EF/1070_S2_dome1/1070_S2_dome1_00010":{"y":16.83,"width":300,"height":300},"EF/1070_S2_dome1/1070_S2_dome1_00012":{"y":16.83,"width":300,"height":300},"EF/1070_S2_dome1/1070_S2_dome1_00013":{"y":16.83,"width":300,"height":300}},"EF/1070_S2_wave1/1070_S2_wave1_00005":{"EF/1070_S2_wave1/1070_S2_wave1_00003":{"width":375,"height":375},"EF/1070_S2_wave1/1070_S2_wave1_00005":{"width":375,"height":375},"EF/1070_S2_wave1/1070_S2_wave1_00007":{"width":375,"height":375},"EF/1070_S2_wave1/1070_S2_wave1_00009":{"width":375,"height":375}},"EF/130_S1_wing1/130_S1_wing1_00041":{"EF/130_S1_wing1/130_S1_wing1_00041":{"y":41.85,"width":360,"height":360},"EF/130_S1_wing1/130_S1_wing1_00043":{"y":41.85,"width":360,"height":360},"EF/130_S1_wing1/130_S1_wing1_00047":{"y":41.85,"width":360,"height":360},"EF/130_S1_wing1/130_S1_wing1_00050":{"y":41.85,"width":360,"height":360},"EF/130_S1_wing1/130_S1_wing1_00053":{"y":41.85,"width":360,"height":360},"EF/130_S1_wing1/130_S1_wing1_00056":{"y":41.85,"width":360,"height":360},"EF/130_S1_wing1/130_S1_wing1_00058":{"y":41.85,"width":360,"height":360},"EF/130_S1_wing1/130_S1_wing1_00061":{"y":41.85,"width":360,"height":360},"EF/130_S1_wing1/130_S1_wing1_00062":{"y":41.85,"width":360,"height":360},"EF/130_S1_wing1/130_S1_wing1_00063":{"y":41.85,"width":360,"height":360}},"EF/690_S2_rock1/690_S2_rock1_00003":{"EF/690_S2_rock1/690_S2_rock1_00001":{"y":57.78,"width":150,"height":150},"EF/690_S2_rock1/690_S2_rock1_00003":{"y":57.78,"width":150,"height":150},"EF/690_S2_rock1/690_S2_rock1_00005":{"y":57.78,"width":150,"height":150}},"EF/690_S2_rock2/690_S2_rock2_00005":{"EF/690_S2_rock2/690_S2_rock2_00005":{"width":225,"height":225}},"EF/690_S2_rock2/690_S2_rock2_5":{"EF/690_S2_rock2/690_S2_rock2_00005":{"width":225,"height":225}},"EF/9020_wind2/9020_wind2_00023":{"EF/9020_wind2/9020_wind2_00023":{"width":101,"height":101},"EF/9020_wind2/9020_wind2_00024":{"width":101,"height":101},"EF/9020_wind2/9020_wind2_00025":{"width":101,"height":101}},"EF/9020_wind4/9020_wind4_00005":{"EF/9020_wind4/9020_wind4_00005":{"width":19,"height":34},"EF/9020_wind4/9020_wind4_00006":{"width":19,"height":34},"EF/9020_wind4/9020_wind4_00007":{"width":19,"height":34}},"EF/950_S2_dome2/950_S2_dome2_00002":{"EF/950_S2_dome2/950_S2_dome2_00003":{"y":48.68,"width":375,"height":375},"EF/950_S2_dome2/950_S2_dome2_00004":{"y":48.68,"width":375,"height":375},"EF/950_S2_dome2/950_S2_dome2_00005":{"y":48.68,"width":375,"height":375},"EF/950_S2_dome2/950_S2_dome2_00006":{"y":48.68,"width":375,"height":375},"EF/950_S2_dome2/950_S2_dome2_00007":{"y":48.68,"width":375,"height":375},"EF/950_S2_dome2/950_S2_dome2_00010":{"y":48.68,"width":375,"height":375},"EF/950_S2_dome2/950_S2_dome2_00012":{"y":48.68,"width":375,"height":375},"EF/950_S2_dome2/950_S2_dome2_00013":{"y":48.68,"width":375,"height":375}},"EF/A1_fire1/550_A1_fire1_00038":{"EF/A1_fire1/550_A1_fire1_00038":{"x":-1.91,"y":25.95,"width":120,"height":120},"EF/A1_fire1/550_A1_fire1_00039":{"x":-1.91,"y":25.95,"width":120,"height":120},"EF/A1_fire1/550_A1_fire1_00040":{"x":-1.91,"y":25.95,"width":120,"height":120},"EF/A1_fire1/550_A1_fire1_00041":{"x":-1.91,"y":25.95,"width":120,"height":120},"EF/A1_fire1/550_A1_fire1_00042":{"x":-1.91,"y":25.95,"width":120,"height":120},"EF/A1_fire1/550_A1_fire1_00043":{"x":-1.91,"y":25.95,"width":120,"height":120},"EF/A1_fire1/550_A1_fire1_00044":{"x":-1.91,"y":25.95,"width":120,"height":120},"EF/A1_fire1/550_A1_fire1_00045":{"x":-1.91,"y":25.95,"width":120,"height":120},"EF/A1_fire1/550_A1_fire1_00046":{"x":-1.91,"y":25.95,"width":120,"height":120}},"EF/A1_fire1/550_A1_fire1_38":{"EF/A1_fire1/550_A1_fire1_00038":{"x":-1.91,"y":25.95,"width":120,"height":120},"EF/A1_fire1/550_A1_fire1_00039":{"x":-1.91,"y":25.95,"width":120,"height":120},"EF/A1_fire1/550_A1_fire1_00040":{"x":-1.91,"y":25.95,"width":120,"height":120},"EF/A1_fire1/550_A1_fire1_00041":{"x":-1.91,"y":25.95,"width":120,"height":120},"EF/A1_fire1/550_A1_fire1_00042":{"x":-1.91,"y":25.95,"width":120,"height":120},"EF/A1_fire1/550_A1_fire1_00043":{"x":-1.91,"y":25.95,"width":120,"height":120},"EF/A1_fire1/550_A1_fire1_00044":{"x":-1.91,"y":25.95,"width":120,"height":120},"EF/A1_fire1/550_A1_fire1_00045":{"x":-1.91,"y":25.95,"width":120,"height":120},"EF/A1_fire1/550_A1_fire1_00046":{"x":-1.91,"y":25.95,"width":120,"height":120}},"EF/A1_fire1/550_A1_fire1_39":{"EF/A1_fire1/550_A1_fire1_00038":{"x":-1.91,"y":25.95,"width":120,"height":120},"EF/A1_fire1/550_A1_fire1_00039":{"x":-1.91,"y":25.95,"width":120,"height":120},"EF/A1_fire1/550_A1_fire1_00040":{"x":-1.91,"y":25.95,"width":120,"height":120},"EF/A1_fire1/550_A1_fire1_00041":{"x":-1.91,"y":25.95,"width":120,"height":120},"EF/A1_fire1/550_A1_fire1_00042":{"x":-1.91,"y":25.95,"width":120,"height":120},"EF/A1_fire1/550_A1_fire1_00043":{"x":-1.91,"y":25.95,"width":120,"height":120},"EF/A1_fire1/550_A1_fire1_00044":{"x":-1.91,"y":25.95,"width":120,"height":120},"EF/A1_fire1/550_A1_fire1_00045":{"x":-1.91,"y":25.95,"width":120,"height":120},"EF/A1_fire1/550_A1_fire1_00046":{"x":-1.91,"y":25.95,"width":120,"height":120}}}},"animations":{"1-attack1":{},"1-skill1":{"slots":{"EF/1070_S1_ex1/1070_S1_ex1_00002":{"attachment":[{"time":1,"name":"EF/1070_S1_ex1/1070_S1_ex1_00004"},{"time":1.0333,"name":"EF/1070_S1_ex1/1070_S1_ex1_00005"},{"time":1.1,"name":"EF/1070_S1_ex1/1070_S1_ex1_00007"},{"time":1.1666,"name":"EF/1070_S1_ex1/1070_S1_ex1_00009"},{"time":1.3333,"name":null}],"color":[{"time":1,"color":"ffffff56","curve":"stepped"},{"time":1.1333,"color":"fffffff3"},{"time":1.3666,"color":"ffffff0c"}]},"EF/130_S1_wing1/130_S1_wing1_00041":{"attachment":[{"time":1,"name":"EF/130_S1_wing1/130_S1_wing1_00041"},{"time":1.0333,"name":"EF/130_S1_wing1/130_S1_wing1_00043"},{"time":1.1,"name":"EF/130_S1_wing1/130_S1_wing1_00047"},{"time":1.1333,"name":"EF/130_S1_wing1/130_S1_wing1_00050"},{"time":1.2,"name":"EF/130_S1_wing1/130_S1_wing1_00053"},{"time":1.2666,"name":"EF/130_S1_wing1/130_S1_wing1_00056"},{"time":1.3,"name":"EF/130_S1_wing1/130_S1_wing1_00058"},{"time":1.3333,"name":"EF/130_S1_wing1/130_S1_wing1_00058"},{"time":1.4,"name":"EF/130_S1_wing1/130_S1_wing1_00061"},{"time":1.4666,"name":"EF/130_S1_wing1/130_S1_wing1_00062"},{"time":1.5333,"name":"EF/130_S1_wing1/130_S1_wing1_00063"},{"time":1.6,"name":null}],"color":[{"time":1,"color":"ffffffa3","curve":"stepped"},{"time":1.4666,"color":"fffffff6"},{"time":1.6333,"color":"ffffff0f"}]},"EF/690_S2_rock1/690_S2_rock1_00003":{"attachment":[{"time":1,"name":"EF/690_S2_rock1/690_S2_rock1_00001"},{"time":1.0666,"name":"EF/690_S2_rock1/690_S2_rock1_00003"},{"time":1.1333,"name":"EF/690_S2_rock1/690_S2_rock1_00005"},{"time":1.2,"name":"EF/690_S2_rock1/690_S2_rock1_00001"},{"time":1.2666,"name":"EF/690_S2_rock1/690_S2_rock1_00003"},{"time":1.3333,"name":"EF/690_S2_rock1/690_S2_rock1_00005"},{"time":1.5666,"name":null}],"color":[{"time":1.1333,"color":"fffffff5"},{"time":1.1666,"color":"ffffff09"},{"time":1.2,"color":"ffffffff"},{"time":1.2333,"color":"fffffff5"},{"time":1.3666,"color":"ffffff09"}]},"EF/A1_fire1/550_A1_fire1_00038":{"attachment":[{"time":1.1666,"name":"EF/A1_fire1/550_A1_fire1_00038"},{"time":1.2,"name":"EF/A1_fire1/550_A1_fire1_00039"},{"time":1.2333,"name":"EF/A1_fire1/550_A1_fire1_00040"},{"time":1.2666,"name":"EF/A1_fire1/550_A1_fire1_00041"},{"time":1.3,"name":"EF/A1_fire1/550_A1_fire1_00042"},{"time":1.3333,"name":"EF/A1_fire1/550_A1_fire1_00043"},{"time":1.3666,"name":"EF/A1_fire1/550_A1_fire1_00044"},{"time":1.4,"name":"EF/A1_fire1/550_A1_fire1_00045"},{"time":1.4333,"name":"EF/A1_fire1/550_A1_fire1_00046"},{"time":1.4666,"name":null}]},"EF/A1_fire1/550_A1_fire1_38":{"attachment":[{"time":1.1666,"name":"EF/A1_fire1/550_A1_fire1_00038"},{"time":1.2,"name":"EF/A1_fire1/550_A1_fire1_00039"},{"time":1.2333,"name":"EF/A1_fire1/550_A1_fire1_00040"},{"time":1.2666,"name":"EF/A1_fire1/550_A1_fire1_00041"},{"time":1.3,"name":"EF/A1_fire1/550_A1_fire1_00042"},{"time":1.3333,"name":"EF/A1_fire1/550_A1_fire1_00043"},{"time":1.3666,"name":"EF/A1_fire1/550_A1_fire1_00044"},{"time":1.4,"name":"EF/A1_fire1/550_A1_fire1_00045"},{"time":1.4333,"name":"EF/A1_fire1/550_A1_fire1_00046"},{"time":1.4666,"name":null}]},"EF/A1_fire1/550_A1_fire1_39":{"attachment":[{"time":1.2,"name":"EF/A1_fire1/550_A1_fire1_00038"},{"time":1.2333,"name":"EF/A1_fire1/550_A1_fire1_00039"},{"time":1.2666,"name":"EF/A1_fire1/550_A1_fire1_00040"},{"time":1.3,"name":"EF/A1_fire1/550_A1_fire1_00041"},{"time":1.3333,"name":"EF/A1_fire1/550_A1_fire1_00042"},{"time":1.3666,"name":"EF/A1_fire1/550_A1_fire1_00043"},{"time":1.4,"name":"EF/A1_fire1/550_A1_fire1_00044"},{"time":1.4333,"name":"EF/A1_fire1/550_A1_fire1_00045"},{"time":1.4666,"name":"EF/A1_fire1/550_A1_fire1_00046"},{"time":1.5,"name":null}]}},"bones":{"EF/1070_S1_ex1/1070_S1_ex1_00001":{"translate":[{"time":1,"x":-96.33,"y":0}],"scale":[{"time":1,"x":1.537,"y":1.537,"curve":"stepped"},{"time":1.1333,"x":1.537,"y":1.537},{"time":1.2666,"x":0.938,"y":2.187}]},"EF/130_S1_wing1/130_S1_wing1_00041":{"translate":[{"time":1,"x":-93.87,"y":0}],"scale":[{"time":1,"x":1.56,"y":1.56}]},"EF/690_S2_rock1/690_S2_rock1_00001":{"translate":[{"time":1,"x":-95.84,"y":0,"curve":"stepped"},{"time":1.2,"x":-95.84,"y":0}],"scale":[{"time":1,"x":2.055,"y":2.055}]},"fire":{"rotate":[{"time":1.1666,"angle":26.05}],"translate":[{"time":1.1666,"x":-398.93,"y":-14.02}],"scale":[{"time":1.1666,"x":0.9,"y":1.091}]},"fire2":{"rotate":[{"time":1.1666,"angle":-23.17}],"translate":[{"time":1.1666,"x":-171.21,"y":-9.55}],"scale":[{"time":1.1666,"x":1.208,"y":1.142}]},"fire3":{"translate":[{"time":1.2,"x":-216.71,"y":-44.72}],"scale":[{"time":1.2,"x":1.346,"y":1.088}]}}},"1-skill2":{"slots":{"EF/1070_S2_dome1/1070_S2_dome1_00003":{"attachment":[{"time":1.2666,"name":"EF/1070_S2_dome1/1070_S2_dome1_00003"},{"time":1.3,"name":"EF/1070_S2_dome1/1070_S2_dome1_00002"},{"time":1.3666,"name":"EF/1070_S2_dome1/1070_S2_dome1_00003"},{"time":1.4333,"name":"EF/1070_S2_dome1/1070_S2_dome1_00004"},{"time":1.4666,"name":"EF/1070_S2_dome1/1070_S2_dome1_00005"},{"time":1.5,"name":"EF/1070_S2_dome1/1070_S2_dome1_00006"},{"time":1.5333,"name":"EF/1070_S2_dome1/1070_S2_dome1_00006"},{"time":1.5666,"name":"EF/1070_S2_dome1/1070_S2_dome1_00008"},{"time":1.6666,"name":"EF/1070_S2_dome1/1070_S2_dome1_00010"},{"time":1.7,"name":"EF/1070_S2_dome1/1070_S2_dome1_00012"},{"time":1.8,"name":"EF/1070_S2_dome1/1070_S2_dome1_00013"},{"time":1.9,"name":"EF/1070_S2_dome1/1070_S2_dome1_00013"},{"time":2.0666,"name":null}],"color":[{"time":1.7333,"color":"fffffff4"},{"time":2.0333,"color":"ffffff18"}]},"EF/1070_S2_wave1/1070_S2_wave1_00005":{"attachment":[{"time":1.3333,"name":"EF/1070_S2_wave1/1070_S2_wave1_00003"},{"time":1.4,"name":"EF/1070_S2_wave1/1070_S2_wave1_00005"},{"time":1.4666,"name":"EF/1070_S2_wave1/1070_S2_wave1_00007"},{"time":1.5333,"name":"EF/1070_S2_wave1/1070_S2_wave1_00009"},{"time":1.6333,"name":"EF/1070_S2_wave1/1070_S2_wave1_00003"},{"time":1.7,"name":"EF/1070_S2_wave1/1070_S2_wave1_00005"},{"time":1.7666,"name":"EF/1070_S2_wave1/1070_S2_wave1_00007"},{"time":1.8333,"name":"EF/1070_S2_wave1/1070_S2_wave1_00009"},{"time":2.0666,"name":null}],"color":[{"time":1.5,"color":"fffffff8"},{"time":1.6,"color":"ffffff0c","curve":"stepped"},{"time":1.6333,"color":"ffffffff","curve":"stepped"},{"time":1.8,"color":"fffffff8"},{"time":1.9,"color":"ffffff0c"}]},"EF/9020_wind2/9020_wind2_00023":{"attachment":[{"time":1.2666,"name":"EF/9020_wind2/9020_wind2_00023"},{"time":1.3333,"name":"EF/9020_wind2/9020_wind2_00024"},{"time":1.4,"name":"EF/9020_wind2/9020_wind2_00025"},{"time":1.4666,"name":"EF/9020_wind2/9020_wind2_00023"},{"time":1.5333,"name":"EF/9020_wind2/9020_wind2_00024"},{"time":1.6,"name":"EF/9020_wind2/9020_wind2_00025"},{"time":1.6666,"name":"EF/9020_wind2/9020_wind2_00023"},{"time":1.7333,"name":"EF/9020_wind2/9020_wind2_00024"},{"time":1.8,"name":"EF/9020_wind2/9020_wind2_00025"},{"time":1.8666,"name":"EF/9020_wind2/9020_wind2_00023"},{"time":1.9333,"name":"EF/9020_wind2/9020_wind2_00024"},{"time":2,"name":null}]},"EF/950_S2_dome2/950_S2_dome2_00002":{"attachment":[{"time":1.3666,"name":"EF/950_S2_dome2/950_S2_dome2_00004"},{"time":1.4333,"name":"EF/950_S2_dome2/950_S2_dome2_00005"},{"time":1.5,"name":"EF/950_S2_dome2/950_S2_dome2_00006"},{"time":1.5666,"name":"EF/950_S2_dome2/950_S2_dome2_00007"},{"time":1.6333,"name":"EF/950_S2_dome2/950_S2_dome2_00003"},{"time":1.7,"name":"EF/950_S2_dome2/950_S2_dome2_00004"},{"time":1.7666,"name":"EF/950_S2_dome2/950_S2_dome2_00005"},{"time":1.8333,"name":"EF/950_S2_dome2/950_S2_dome2_00006"},{"time":1.9,"name":"EF/950_S2_dome2/950_S2_dome2_00007"},{"time":1.9666,"name":"EF/950_S2_dome2/950_S2_dome2_00010"},{"time":2.0333,"name":"EF/950_S2_dome2/950_S2_dome2_00012"},{"time":2.0666,"name":null},{"time":2.1333,"name":null}],"color":[{"time":1.7333,"color":"ffffffd8"},{"time":2.0333,"color":"ffffff1d"}]},"EF/A1_fire1/550_A1_fire1_00038":{"attachment":[{"time":0.9,"name":"EF/A1_fire1/550_A1_fire1_00038"},{"time":0.9333,"name":"EF/A1_fire1/550_A1_fire1_00039"},{"time":0.9666,"name":"EF/A1_fire1/550_A1_fire1_00040"},{"time":1,"name":"EF/A1_fire1/550_A1_fire1_00041"},{"time":1.0333,"name":"EF/A1_fire1/550_A1_fire1_00042"},{"time":1.0666,"name":"EF/A1_fire1/550_A1_fire1_00043"},{"time":1.1,"name":"EF/A1_fire1/550_A1_fire1_00044"},{"time":1.1333,"name":"EF/A1_fire1/550_A1_fire1_00045"},{"time":1.1666,"name":"EF/A1_fire1/550_A1_fire1_00046"},{"time":1.2,"name":null}]},"EF/A1_fire1/550_A1_fire1_38":{"attachment":[{"time":0.9,"name":"EF/A1_fire1/550_A1_fire1_00038"},{"time":0.9333,"name":"EF/A1_fire1/550_A1_fire1_00039"},{"time":0.9666,"name":"EF/A1_fire1/550_A1_fire1_00040"},{"time":1,"name":"EF/A1_fire1/550_A1_fire1_00041"},{"time":1.0333,"name":"EF/A1_fire1/550_A1_fire1_00042"},{"time":1.0666,"name":"EF/A1_fire1/550_A1_fire1_00043"},{"time":1.1,"name":"EF/A1_fire1/550_A1_fire1_00044"},{"time":1.1333,"name":"EF/A1_fire1/550_A1_fire1_00045"},{"time":1.1666,"name":"EF/A1_fire1/550_A1_fire1_00046"},{"time":1.2,"name":null}]},"EF/A1_fire1/550_A1_fire1_39":{"attachment":[{"time":0.9,"name":"EF/A1_fire1/550_A1_fire1_00038"},{"time":0.9333,"name":"EF/A1_fire1/550_A1_fire1_00039"},{"time":0.9666,"name":"EF/A1_fire1/550_A1_fire1_00040"},{"time":1,"name":"EF/A1_fire1/550_A1_fire1_00041"},{"time":1.0333,"name":"EF/A1_fire1/550_A1_fire1_00042"},{"time":1.0666,"name":"EF/A1_fire1/550_A1_fire1_00043"},{"time":1.1,"name":"EF/A1_fire1/550_A1_fire1_00044"},{"time":1.1333,"name":"EF/A1_fire1/550_A1_fire1_00045"},{"time":1.1666,"name":"EF/A1_fire1/550_A1_fire1_00046"},{"time":1.2,"name":null}]}},"bones":{"EF/1070_S2_dome1/1070_S2_dome1_00002":{"translate":[{"time":1.2666,"x":0,"y":1.69},{"time":1.3333,"x":0,"y":18.04}],"scale":[{"time":1.2666,"x":0.604,"y":0.604},{"time":1.3333,"x":2.865,"y":2.865}]},"EF/950_S2_dome2/950_S2_dome2_00003":{"translate":[{"time":1.2666,"x":0,"y":0,"curve":"stepped"},{"time":1.3666,"x":0,"y":-43.42}],"scale":[{"time":1.3666,"x":2.226,"y":2.226}]},"EF/9020_wind2/9020_wind2_00003":{"translate":[{"time":1.2666,"x":0,"y":74.86}],"scale":[{"time":1.2666,"x":12.608,"y":12.608}]},"EF/1070_S2_wave1/1070_S2_wave1_00003":{"translate":[{"time":1.3333,"x":0,"y":118.06}],"scale":[{"time":1.3333,"x":2.736,"y":2.736},{"time":1.3666,"x":6.17,"y":6.17,"curve":"stepped"},{"time":1.4,"x":4.957,"y":4.957,"curve":"stepped"},{"time":1.4333,"x":6.006,"y":6.006,"curve":"stepped"},{"time":1.4666,"x":4.677,"y":4.677,"curve":"stepped"},{"time":1.5,"x":5.334,"y":5.334,"curve":"stepped"},{"time":1.5333,"x":5.453,"y":5.453,"curve":"stepped"},{"time":1.6,"x":7.574,"y":7.574,"curve":"stepped"},{"time":1.6333,"x":2.736,"y":2.736},{"time":1.6666,"x":6.17,"y":6.17,"curve":"stepped"},{"time":1.7,"x":4.957,"y":4.957,"curve":"stepped"},{"time":1.7333,"x":6.006,"y":6.006,"curve":"stepped"},{"time":1.7666,"x":4.677,"y":4.677,"curve":"stepped"},{"time":1.8,"x":5.294,"y":5.294,"curve":"stepped"},{"time":1.8333,"x":5.453,"y":5.453,"curve":"stepped"},{"time":1.9,"x":7.574,"y":7.574}]},"fire":{"rotate":[{"time":0.9,"angle":11.85}],"translate":[{"time":0.9,"x":-178.07,"y":91.61}],"scale":[{"time":0.9,"x":0.757,"y":0.917}]},"fire2":{"rotate":[{"time":0.9,"angle":-46.46}],"translate":[{"time":0.9,"x":-149.39,"y":48.06}],"scale":[{"time":0.9,"x":1.946,"y":1.725}]},"fire3":{"rotate":[{"time":0.9,"angle":27.06}],"translate":[{"time":0.9,"x":-273.46,"y":53.05}],"scale":[{"time":0.9,"x":1.346,"y":1.088}]}}},"empty":{},"flush":{"slots":{"EF/9020_wind4/9020_wind4_00005":{"attachment":[{"time":0,"name":"EF/9020_wind4/9020_wind4_00005"},{"time":0.0666,"name":"EF/9020_wind4/9020_wind4_00007"},{"time":0.1333,"name":"EF/9020_wind4/9020_wind4_00006"},{"time":0.2,"name":"EF/9020_wind4/9020_wind4_00005"},{"time":0.2666,"name":"EF/9020_wind4/9020_wind4_00007"},{"time":0.3333,"name":"EF/9020_wind4/9020_wind4_00006"},{"time":0.4,"name":"EF/9020_wind4/9020_wind4_00005"},{"time":0.4666,"name":"EF/9020_wind4/9020_wind4_00007"},{"time":0.5333,"name":"EF/9020_wind4/9020_wind4_00006"},{"time":0.6,"name":"EF/9020_wind4/9020_wind4_00005"},{"time":0.6666,"name":"EF/9020_wind4/9020_wind4_00007"},{"time":0.7333,"name":null}],"color":[{"time":0,"color":"ffffff91"}]}},"bones":{"EF/9020_wind4/9020_wind4_00006":{"translate":[{"time":0,"x":0,"y":1.59}],"scale":[{"time":0,"x":33.685,"y":33.685}]}}},"rock":{"slots":{"EF/690_S2_rock2/690_S2_rock2_5":{"attachment":[{"time":0,"name":"EF/690_S2_rock2/690_S2_rock2_00005"},{"time":0.7,"name":null}]},"EF/690_S2_rock2/690_S2_rock2_00005":{"attachment":[{"time":0,"name":"EF/690_S2_rock2/690_S2_rock2_00005"},{"time":0.7,"name":null}]}},"bones":{"EF/690_S2_rock2/690_S2_rock2_2":{"translate":[{"time":0,"x":0,"y":-1627.83},{"time":0.5,"x":0,"y":1690.23}],"scale":[{"time":0,"x":3.517,"y":3.517}]},"EF/690_S2_rock2/690_S2_rock2_00002":{"translate":[{"time":0,"x":0,"y":-935.86},{"time":0.5,"x":0,"y":2287.45}],"scale":[{"time":0,"x":3.517,"y":3.517}]}}}}}