{"skeleton":{"hash":"8wf2kRUYSbs41lC8kEbdy8YAN2Y","spine":"3.0.12","width":0,"height":0},"bones":[{"name":"root"},{"name":"MAIN","parent":"root","y":43.55},{"name":"HITBOX","parent":"MAIN","y":-45},{"name":"EF_trail_sword2","parent":"root","x":-186.06,"y":72.62},{"name":"EF_sp_1","parent":"root","x":-196.64,"y":98.1},{"name":"DAMAGEAREA","parent":"root","y":-1.44},{"name":"130_S1_wave1","parent":"root","y":-1.44},{"name":"shield","parent":"MAIN","x":209.74,"y":62.73},{"name":"side_L_wing_root","parent":"MAIN","x":9.94,"y":52.6,"rotation":350.64},{"name":"side_R_wing_root","parent":"MAIN","x":-19.9,"y":40.29,"rotation":10.38},{"name":"wing_L_root","parent":"MAIN","y":-43.55},{"name":"wing_R_root","parent":"MAIN","y":-43.55}],"slots":[{"name":"Grit/bg","bone":"root","color":"96969667"},{"name":"Grit/grid","bone":"root","color":"ffffff62"},{"name":"EF/trail/sp_ef","bone":"EF_sp_1","color":"faff12ff","blend":"additive"},{"name":"EF/trail/10000-combo_7_ef1_1","bone":"EF_trail_sword2","color":"faff12ff","blend":"additive"},{"name":"side_L_wing_1","bone":"side_L_wing_root","attachment":"side_L_wing_1"},{"name":"side_R_wing_1","bone":"side_R_wing_root","attachment":"side_R_wing_1"},{"name":"wing_L_1","bone":"wing_L_root"},{"name":"wing_R_1","bone":"wing_R_root"},{"name":"EF/130_S1_wave1/130_S1_wave1_00000","bone":"130_S1_wave1","blend":"additive"},{"name":"MAIN","bone":"MAIN","attachment":"skeleton-idle_0"},{"name":"DAMAGEAREA","bone":"DAMAGEAREA","blend":"additive"},{"name":"HITBOX","bone":"HITBOX","attachment":"HITBOX"},{"name":"shield_2","bone":"shield"}],"skins":{"default":{"DAMAGEAREA":{"DAMAGEAREA":{"type":"boundingbox","vertices":[-98.88086,99.49362,-98.88086,-96.75426,97.36702,-96.75427,99.14299,98.60561]}},"EF/130_S1_wave1/130_S1_wave1_00000":{"EF/130_S1_wave1/130_S1_wave1_00000":{"width":175,"height":175},"EF/130_S1_wave1/130_S1_wave1_00002":{"width":175,"height":175},"EF/130_S1_wave1/130_S1_wave1_00004":{"width":175,"height":175},"EF/130_S1_wave1/130_S1_wave1_00005":{"width":175,"height":175},"EF/130_S1_wave1/130_S1_wave1_00006":{"width":175,"height":175},"EF/130_S1_wave1/130_S1_wave1_00007":{"width":175,"height":175},"EF/130_S1_wave1/130_S1_wave1_00008":{"width":175,"height":175},"EF/130_S1_wave1/130_S1_wave1_00010":{"width":175,"height":175}},"EF/trail/10000-combo_7_ef1_1":{"EF/trail/10000-combo_7_ef1_1":{"x":43.12,"y":40.92,"width":206,"height":171},"EF/trail/10000-combo_7_ef1_2":{"x":43.12,"y":40.92,"width":206,"height":171},"EF/trail/10000-combo_7_ef1_3":{"x":43.12,"y":40.92,"width":206,"height":171},"EF/trail/EF":{"x":11.33,"y":-24.99,"rotation":24.42,"width":394,"height":176}},"EF/trail/sp_ef":{"EF/trail/sp_ef_1":{"x":3.5,"y":1.07,"width":206,"height":171},"EF/trail/sp_ef_2":{"x":3.5,"y":1.07,"width":206,"height":171},"EF/trail/sp_ef_3":{"x":3.5,"y":1.07,"width":206,"height":171}},"HITBOX":{"HITBOX":{"type":"boundingbox","vertices":[-27.84094,121.6936,-26.95294,-13.28231,31.65503,-12.39433,29.87906,120.80562]}},"MAIN":{"skeleton-back_0":{"x":-27.59,"y":39.39,"width":400,"height":400},"skeleton-combo_0":{"x":-33.78,"y":25.23,"width":400,"height":400},"skeleton-combo_1":{"x":-17.43,"y":25.23,"width":400,"height":400},"skeleton-combo_2":{"x":-13.07,"y":25.23,"width":400,"height":400},"skeleton-combo_3":{"x":-34.33,"y":25.23,"width":400,"height":400},"skeleton-combo_4":{"x":-32.69,"y":25.23,"width":400,"height":400},"skeleton-combo_5":{"x":-41.96,"y":25.23,"width":400,"height":400},"skeleton-combo_6":{"x":-53.4,"y":25.23,"width":400,"height":400},"skeleton-combo_7":{"x":-13.07,"y":25.23,"width":400,"height":400},"skeleton-combo_8":{"x":-14.16,"y":25.23,"width":400,"height":400},"skeleton-combo_9":{"x":-23.97,"y":25.23,"width":400,"height":400},"skeleton-combo_10":{"x":-32.69,"y":25.23,"width":400,"height":400},"skeleton-damage_0":{"x":17.93,"y":33.56,"width":400,"height":400},"skeleton-front_0":{"x":40.33,"y":17.06,"width":400,"height":400},"skeleton-idle_0":{"x":-48.9,"y":12.96,"width":400,"height":400},"skeleton-idle_1":{"x":-48.9,"y":12.96,"width":400,"height":400},"skeleton-idle_2":{"x":-48.9,"y":12.96,"width":400,"height":400},"skeleton-idle_3":{"x":-48.9,"y":12.96,"width":400,"height":400},"skeleton-idle_4":{"x":-48.9,"y":12.96,"width":400,"height":400},"skeleton-skill1_0":{"x":-14.71,"y":25.23,"width":400,"height":400},"skeleton-skill1_1":{"x":-14.71,"y":25.23,"width":400,"height":400},"skeleton-skill1_2":{"x":-14.71,"y":25.23,"width":400,"height":400},"skeleton-skill1_10":{"x":-14.71,"y":25.23,"width":400,"height":400},"skeleton-skill1_15":{"x":-14.71,"y":25.23,"width":400,"height":400},"skeleton-skill1_16":{"x":-14.71,"y":25.23,"width":400,"height":400},"skeleton-skill1_18":{"x":-14.71,"y":25.23,"width":400,"height":400},"skeleton-skill1_19":{"x":-14.71,"y":25.23,"width":400,"height":400},"skeleton-skill1_20":{"x":-14.71,"y":25.23,"width":400,"height":400},"skeleton-skill2_0":{"x":14.39,"y":233.1,"width":400,"height":677},"skeleton-skill2_1":{"x":14.4,"y":233.1,"width":400,"height":677},"skeleton-skill2_2":{"x":14.4,"y":233.1,"width":400,"height":677},"skeleton-skill2_4":{"x":14.4,"y":233.1,"width":400,"height":677},"skeleton-skill2_5":{"x":14.4,"y":140.97,"width":400,"height":677},"skeleton-skill2_6":{"x":14.4,"y":63.56,"width":400,"height":677},"skeleton-skill2_7":{"x":14.4,"y":-86.04,"width":400,"height":677},"skeleton-skill2_8":{"x":14.4,"y":-76.46,"width":400,"height":677},"skeleton-skill2_9":{"x":14.4,"y":-87.52,"width":400,"height":677},"skeleton-skill2_10":{"x":14.4,"y":-97.83,"width":400,"height":677},"skeleton-skill2_11":{"x":14.4,"y":-97.84,"width":400,"height":677},"skeleton-skill2_12":{"x":14.4,"y":-97.84,"width":400,"height":677},"skeleton-skill2_13":{"x":14.4,"y":-84.57,"width":400,"height":677},"skeleton-skill2_15":{"x":14.4,"y":-5.71,"width":400,"height":677},"skeleton-skill2_16":{"x":14.4,"y":88.64,"width":400,"height":677},"skeleton-skill2_17":{"x":14.4,"y":233.1,"width":400,"height":677},"skeleton-skill2_19":{"x":14.4,"y":233.1,"width":400,"height":677}},"shield_2":{"shield_2":{"x":23.98,"y":-38.86,"width":200,"height":200}},"side_L_wing_1":{"side_L_wing_1":{"x":48.48,"y":-34.86,"width":128,"height":126},"side_L_wing_2":{"x":48.48,"y":-34.86,"width":128,"height":126},"side_L_wing_3":{"x":48.48,"y":-34.86,"width":128,"height":126}},"side_R_wing_1":{"side_R_wing_1":{"x":-53.89,"y":-17.03,"width":128,"height":126},"side_R_wing_2":{"x":-53.89,"y":-17.03,"width":128,"height":126},"side_R_wing_3":{"x":-53.89,"y":-17.03,"width":128,"height":126}},"wing_L_1":{"wing_L_1":{"x":23.44,"y":10.23,"width":173,"height":152},"wing_L_2":{"x":48.04,"y":50.21,"width":173,"height":152}},"wing_R_1":{"wing_R_1":{"x":84.33,"y":-6.98,"width":225,"height":165},"wing_R_2":{"x":84.33,"y":-6.98,"width":225,"height":165}}}},"events":{"Event":{},"Hit":{},"HitEffect":{},"Sound1":{},"Sound2":{},"Sound3":{},"Voice":{}},"animations":{"attack1":{"slots":{"DAMAGEAREA":{"attachment":[{"time":0.1666,"name":"DAMAGEAREA"},{"time":0.2666,"name":null},{"time":0.5333,"name":"DAMAGEAREA"},{"time":0.5666,"name":null},{"time":0.7,"name":"DAMAGEAREA"},{"time":0.7333,"name":null},{"time":1.1333,"name":"DAMAGEAREA"},{"time":1.3333,"name":null}]},"EF/trail/10000-combo_7_ef1_1":{"attachment":[{"time":0.5333,"name":"EF/trail/10000-combo_7_ef1_1"},{"time":0.5666,"name":null},{"time":0.7,"name":"EF/trail/EF"},{"time":0.7333,"name":null}]},"EF/trail/sp_ef":{"attachment":[{"time":0.1666,"name":"EF/trail/sp_ef_2"},{"time":0.2333,"name":"EF/trail/sp_ef_3"},{"time":0.2666,"name":null},{"time":1.1333,"name":"EF/trail/sp_ef_1"},{"time":1.1666,"name":"EF/trail/sp_ef_2"},{"time":1.2,"name":"EF/trail/sp_ef_3"},{"time":1.2333,"name":null}]},"MAIN":{"attachment":[{"time":0,"name":"skeleton-combo_0"},{"time":0.1666,"name":"skeleton-combo_1"},{"time":0.2333,"name":"skeleton-combo_2"},{"time":0.3666,"name":"skeleton-combo_3"},{"time":0.4666,"name":"skeleton-combo_4"},{"time":0.5333,"name":"skeleton-combo_5"},{"time":0.6,"name":"skeleton-combo_6"},{"time":0.6666,"name":"skeleton-combo_7"},{"time":0.7,"name":"skeleton-combo_8"},{"time":0.8666,"name":"skeleton-combo_9"},{"time":1,"name":"skeleton-combo_10"},{"time":1.1333,"name":"skeleton-combo_1"},{"time":1.1666,"name":"skeleton-combo_2"},{"time":1.4,"name":"skeleton-back_0"},{"time":1.5666,"name":"skeleton-idle_0"}]},"shield_2":{"attachment":[{"time":0.1666,"name":"shield_2"},{"time":0.5333,"name":null},{"time":0.6666,"name":"shield_2"},{"time":1.4,"name":null}]},"side_L_wing_1":{"attachment":[{"time":0,"name":"side_L_wing_1"},{"time":0.1666,"name":null},{"time":0.5333,"name":"side_L_wing_3"},{"time":0.6,"name":"side_L_wing_1"},{"time":0.6666,"name":null},{"time":1.5666,"name":"side_L_wing_1"}]},"side_R_wing_1":{"attachment":[{"time":0,"name":"side_R_wing_1"},{"time":0.1666,"name":null},{"time":0.5333,"name":"side_R_wing_3"},{"time":0.6,"name":"side_R_wing_1"},{"time":0.6666,"name":null},{"time":1.1333,"name":null},{"time":1.5666,"name":"side_R_wing_1"}]},"wing_L_1":{"attachment":[{"time":0,"name":null},{"time":0.1666,"name":"wing_L_2"},{"time":0.2333,"name":"wing_L_2"},{"time":0.3666,"name":"wing_L_1"},{"time":0.5333,"name":null},{"time":0.6666,"name":"wing_L_2"},{"time":0.7,"name":"wing_L_2"},{"time":0.8666,"name":"wing_L_1"},{"time":1.1333,"name":"wing_L_2"},{"time":1.4,"name":null}]},"wing_R_1":{"attachment":[{"time":0.1666,"name":"wing_R_2"},{"time":0.2333,"name":"wing_R_2"},{"time":0.3666,"name":"wing_R_1"},{"time":0.5333,"name":null},{"time":0.6666,"name":"wing_R_2"},{"time":0.7,"name":"wing_R_2"},{"time":0.8666,"name":"wing_R_1"},{"time":1.1333,"name":"wing_R_2"},{"time":1.4,"name":null}]}},"bones":{"MAIN":{"translate":[{"time":0,"x":0,"y":0,"curve":"stepped"},{"time":0.1666,"x":0,"y":0},{"time":0.2333,"x":-17.81,"y":0,"curve":"stepped"},{"time":0.3666,"x":-17.81,"y":0},{"time":0.4666,"x":-25.83,"y":0,"curve":"stepped"},{"time":0.6666,"x":-34.74,"y":0,"curve":"stepped"},{"time":1,"x":-34.74,"y":0},{"time":1.1,"x":-26.72,"y":0,"curve":"stepped"},{"time":1.1333,"x":-135.29,"y":0,"curve":[0.152,0.89,0.75,1]},{"time":1.3,"x":-143.18,"y":0,"curve":"stepped"},{"time":1.4,"x":-143.18,"y":0},{"time":1.4666,"x":-24.57,"y":30.28},{"time":1.5666,"x":-4.91,"y":0},{"time":1.6333,"x":0,"y":0}]},"EF_sp_1":{"translate":[{"time":0.1666,"x":45.79,"y":-36.63,"curve":"stepped"},{"time":0.2666,"x":13.73,"y":-36.63,"curve":"stepped"},{"time":1.1333,"x":23.9,"y":-38.57}],"scale":[{"time":0.1666,"x":2,"y":1},{"time":0.2666,"x":2.5,"y":2.5,"curve":"stepped"},{"time":1.1333,"x":2.995,"y":2.258},{"time":1.2333,"x":3,"y":3}]},"EF_trail_sword2":{"rotate":[{"time":0.5333,"angle":59.31,"curve":"stepped"},{"time":0.7,"angle":-11.25}],"translate":[{"time":0.5333,"x":125.47,"y":-106.48,"curve":"stepped"},{"time":0.7,"x":194.97,"y":46.06}],"scale":[{"time":0.5333,"x":1.943,"y":2.219,"curve":"stepped"},{"time":0.7,"x":2.875,"y":1.659}]},"DAMAGEAREA":{"translate":[{"time":0.1666,"x":-121.52,"y":50.99,"curve":"stepped"},{"time":0.5333,"x":-161.74,"y":34.81,"curve":"stepped"},{"time":0.7,"x":-152.42,"y":95.56,"curve":"stepped"},{"time":1.1333,"x":-235.44,"y":50.99}],"scale":[{"time":0.1666,"x":1.726,"y":0.479,"curve":"stepped"},{"time":0.5333,"x":1.342,"y":0.765},{"time":0.7,"x":1.44,"y":0.952}]},"wing_L_root":{"rotate":[{"time":0.1666,"angle":-57.65,"curve":"stepped"},{"time":0.2333,"angle":-41.11,"curve":"stepped"},{"time":0.3666,"angle":-3.86,"curve":"stepped"},{"time":0.4333,"angle":-10.85,"curve":"stepped"},{"time":0.4666,"angle":-23.26,"curve":"stepped"},{"time":0.6666,"angle":-48.31,"curve":"stepped"},{"time":0.7,"angle":-67.36,"curve":"stepped"},{"time":1,"angle":-39.64,"curve":"stepped"},{"time":1.1333,"angle":-40.33}],"translate":[{"time":0.1666,"x":24.65,"y":71.16,"curve":"stepped"},{"time":0.3666,"x":34.45,"y":82.16,"curve":"stepped"},{"time":0.4666,"x":19.87,"y":66.26,"curve":"stepped"},{"time":0.6666,"x":8.61,"y":65.59,"curve":"stepped"},{"time":0.7,"x":9.27,"y":80.84,"curve":"stepped"},{"time":0.8666,"x":22.34,"y":71.89,"curve":"stepped"},{"time":1,"x":34.4,"y":72.47,"curve":"stepped"},{"time":1.1333,"x":20.65,"y":77.15}]},"side_L_wing_root":{"rotate":[{"time":0,"angle":-302.77,"curve":"stepped"},{"time":0.5666,"angle":-296.19,"curve":"stepped"},{"time":0.6,"angle":-327.65,"curve":"stepped"},{"time":1.5666,"angle":0}],"translate":[{"time":0,"x":-3.98,"y":-10.68,"curve":"stepped"},{"time":0.5333,"x":-3.98,"y":-24.6,"curve":"stepped"},{"time":0.6,"x":-4.64,"y":-17.31,"curve":"stepped"},{"time":1.5666,"x":0,"y":0}]},"side_R_wing_root":{"rotate":[{"time":0,"angle":344.02,"curve":"stepped"},{"time":0.5666,"angle":333.66,"curve":"stepped"},{"time":0.6,"angle":15.22,"curve":"stepped"},{"time":0.7,"angle":12.09,"curve":"stepped"},{"time":1.5666,"angle":0}],"translate":[{"time":0,"x":-9.92,"y":3.62,"curve":"stepped"},{"time":0.5333,"x":1.34,"y":-23.55,"curve":"stepped"},{"time":0.6,"x":4.65,"y":2.29,"curve":"stepped"},{"time":1.5666,"x":0,"y":0}]},"wing_R_root":{"rotate":[{"time":0.1666,"angle":15.57,"curve":"stepped"},{"time":0.2333,"angle":29.34,"curve":"stepped"},{"time":0.3666,"angle":25.06,"curve":"stepped"},{"time":0.4333,"angle":18.08,"curve":"stepped"},{"time":0.4666,"angle":3.79,"curve":"stepped"},{"time":0.6666,"angle":25.9,"curve":"stepped"},{"time":0.7,"angle":19.6,"curve":"stepped"},{"time":0.8666,"angle":16.32,"curve":"stepped"},{"time":1,"angle":-6.46,"curve":"stepped"},{"time":1.1333,"angle":27.96}],"translate":[{"time":0.1666,"x":-0.7,"y":74.94,"curve":"stepped"},{"time":0.3666,"x":8.48,"y":82.71,"curve":"stepped"},{"time":0.4666,"x":9.19,"y":76.35,"curve":"stepped"},{"time":0.6666,"x":-8,"y":77.04,"curve":"stepped"},{"time":0.8666,"x":12.63,"y":72.91,"curve":"stepped"},{"time":1,"x":14,"y":77.04,"curve":"stepped"},{"time":1.1333,"x":1.62,"y":75.66}],"scale":[{"time":0.1666,"x":0.684,"y":1}]},"shield":{"rotate":[{"time":0.1666,"angle":134.28,"curve":"stepped"},{"time":0.2333,"angle":143.24,"curve":"stepped"},{"time":0.4666,"angle":152.66,"curve":"stepped"},{"time":0.6666,"angle":129.76,"curve":"stepped"},{"time":0.8666,"angle":26.54,"curve":"stepped"},{"time":1,"angle":21.37}],"translate":[{"time":0.1666,"x":-173.34,"y":-30.93,"curve":"stepped"},{"time":0.2333,"x":-175.3,"y":-34.86,"curve":"stepped"},{"time":0.3666,"x":-167.45,"y":-30.93,"curve":"stepped"},{"time":0.6666,"x":-188.56,"y":-33.39,"curve":"stepped"},{"time":0.7,"x":-196.91,"y":-58.92,"curve":"stepped"},{"time":0.8666,"x":-255.35,"y":-33.88,"curve":"stepped"},{"time":1,"x":-240.62,"y":-35.84,"curve":"stepped"},{"time":1.1333,"x":-176.78,"y":-40.75,"curve":"stepped"},{"time":1.1666,"x":-168.92,"y":-40.75}],"scale":[{"time":0.1666,"x":0.962,"y":1,"curve":"stepped"},{"time":0.3666,"x":0.864,"y":1,"curve":"stepped"},{"time":0.4666,"x":0.849,"y":1,"curve":"stepped"},{"time":1.1333,"x":1,"y":1}]}},"drawOrder":[{"time":0.1666,"offsets":[{"slot":"EF/trail/sp_ef","offset":6},{"slot":"wing_L_1","offset":4}]}],"events":[{"time":0,"name":"Event","float":0.2,"string":"kHitStopType_normal"},{"time":0.1333,"name":"Sound1","string":"cri_se_battle_sword_swish_heavy"},{"time":0.1666,"name":"Sound1","string":"setHitSound(se_battle_thrustviolently)"},{"time":0.1666,"name":"Voice","string":"cri_004_voice_attack_random"},{"time":0.5,"name":"Sound1","string":"cri_se_battle_sword_swish_heavy"},{"time":0.5333,"name":"Event","float":0.1,"string":"kHitStopType_normal"},{"time":0.5333,"name":"Hit","string":"resetHitList"},{"time":0.5333,"name":"Sound1","string":"setHitSound(se_battle_019_sword_hit_03)"},{"time":0.6666,"name":"Sound1","string":"cri_se_battle_sword_swish_heavy"},{"time":0.7,"name":"Hit","string":"resetHitList"},{"time":0.7,"name":"Sound1","string":"setHitSound(se_battle_019_sword_hit_03)"},{"time":1.1,"name":"Sound1","string":"cri_se_battle_sword_swish_heavy"},{"time":1.1333,"name":"Event","float":0.15,"string":"kHitStopType_normal"},{"time":1.1333,"name":"Hit","float":1.25,"string":"resetHitList"},{"time":1.1333,"name":"Sound1","string":"setHitSound(se_battle_thrustviolently)"},{"time":1.1333,"name":"Voice","string":"cri_004_voice_attack_c"}]},"back":{"slots":{"MAIN":{"attachment":[{"time":0,"name":"skeleton-back_0"},{"time":0.2666,"name":"skeleton-idle_0"},{"time":0.7333,"name":"skeleton-idle_0"}]},"side_L_wing_1":{"attachment":[{"time":0,"name":null},{"time":0.2666,"name":"side_L_wing_1"}]},"side_R_wing_1":{"attachment":[{"time":0,"name":null},{"time":0.2666,"name":"side_R_wing_1"}]}},"bones":{"MAIN":{"translate":[{"time":0,"x":0,"y":0},{"time":0.1333,"x":77.89,"y":14.55},{"time":0.3,"x":130,"y":0,"curve":[0.221,0.72,0.75,1]},{"time":0.5666,"x":140,"y":0}]},"side_R_wing_root":{"rotate":[{"time":0.2666,"angle":0}],"translate":[{"time":0.2666,"x":0,"y":0}]},"side_L_wing_root":{"rotate":[{"time":0.2666,"angle":0}],"translate":[{"time":0.2666,"x":0,"y":0}]}},"events":[{"time":0,"name":"Sound1","string":"cri_se_battle_jump"},{"time":0.2666,"name":"Sound1","string":"cri_se_battle_landing"}]},"cast":{"slots":{"DAMAGEAREA":{"attachment":[{"time":0.5333,"name":"DAMAGEAREA"},{"time":0.5666,"name":null}]},"EF/trail/10000-combo_7_ef1_1":{"attachment":[{"time":0.5333,"name":"EF/trail/EF"},{"time":0.5666,"name":null}]},"MAIN":{"attachment":[{"time":0,"name":"skeleton-combo_6"},{"time":0.5,"name":"skeleton-combo_7"},{"time":0.5333,"name":"skeleton-combo_8"},{"time":0.8333,"name":"skeleton-idle_0"}]},"shield_2":{"attachment":[{"time":0.5,"name":"shield_2"}]},"side_L_wing_1":{"attachment":[{"time":0,"name":"side_L_wing_1"},{"time":0.5,"name":null},{"time":0.6,"name":null}]},"side_R_wing_1":{"attachment":[{"time":0,"name":"side_R_wing_1"},{"time":0.5,"name":null}]},"wing_L_1":{"attachment":[{"time":0.5,"name":"wing_L_1"},{"time":0.5333,"name":"wing_L_2"}]},"wing_R_1":{"attachment":[{"time":0.5,"name":"wing_R_1"},{"time":0.5333,"name":"wing_R_2"}]}},"bones":{"MAIN":{"translate":[{"time":0.5,"x":-34.74,"y":0}]},"EF_trail_sword2":{"rotate":[{"time":0.5333,"angle":-11.25}],"translate":[{"time":0.5333,"x":213.63,"y":110.51}],"scale":[{"time":0.5333,"x":3.446,"y":2.244}]},"side_L_wing_root":{"rotate":[{"time":0,"angle":-327.65}],"translate":[{"time":0,"x":-4.64,"y":-17.31}]},"side_R_wing_root":{"rotate":[{"time":0,"angle":15.22,"curve":"stepped"},{"time":0.5333,"angle":12.09}],"translate":[{"time":0,"x":4.65,"y":2.29}]},"wing_L_root":{"rotate":[{"time":0.5,"angle":7.9,"curve":"stepped"},{"time":0.5333,"angle":-25.51}],"translate":[{"time":0.5,"x":8.61,"y":65.59,"curve":"stepped"},{"time":0.5333,"x":9.27,"y":80.84}]},"shield":{"rotate":[{"time":0.5,"angle":129.76}],"translate":[{"time":0.5,"x":-188.56,"y":-33.39,"curve":"stepped"},{"time":0.5333,"x":-196.91,"y":-58.92}]},"wing_R_root":{"rotate":[{"time":0.5,"angle":-3.69,"curve":"stepped"},{"time":0.5333,"angle":49.53}],"translate":[{"time":0.5,"x":-8,"y":77.04}]}},"drawOrder":[{"time":0.5,"offsets":[{"slot":"wing_L_1","offset":5}]},{"time":0.5333,"offsets":[{"slot":"wing_L_1","offset":1}]}],"events":[{"time":0.5,"name":"Voice","string":"cri_004_voice_item"},{"time":0.5333,"name":"Hit","string":"resetHitList"},{"time":0.5333,"name":"Sound1","string":"cri_se_battle_017_sword_hit_01"}]},"damage":{"slots":{"MAIN":{"attachment":[{"time":0,"name":"skeleton-damage_0"}]},"side_L_wing_1":{"attachment":[{"time":0,"name":"side_L_wing_3"}]},"side_R_wing_1":{"attachment":[{"time":0,"name":"side_R_wing_3"}]},"wing_L_1":{"attachment":[{"time":0,"name":null}]}},"bones":{"side_L_wing_root":{"rotate":[{"time":0,"angle":-328.03}],"translate":[{"time":0,"x":17.85,"y":-22.78}]},"side_R_wing_root":{"rotate":[{"time":0,"angle":348.75}],"translate":[{"time":0,"x":9.12,"y":1.16}]}}},"front":{"slots":{"MAIN":{"attachment":[{"time":0,"name":"skeleton-front_0"}]},"side_L_wing_1":{"attachment":[{"time":0,"name":null}]},"side_R_wing_1":{"attachment":[{"time":0,"name":null}]},"wing_L_1":{"attachment":[{"time":0,"name":null}]},"wing_R_1":{"attachment":[{"time":0,"name":"wing_R_2"}]}},"bones":{"wing_R_root":{"rotate":[{"time":0,"angle":18.57}],"translate":[{"time":0,"x":-0.62,"y":76.21}]}},"drawOrder":[{"time":0,"offsets":[{"slot":"wing_R_1","offset":2}]}]},"idle":{"slots":{"MAIN":{"attachment":[{"time":0,"name":"skeleton-idle_0"},{"time":0.1666,"name":"skeleton-idle_1"},{"time":0.3333,"name":"skeleton-idle_2"},{"time":0.5,"name":"skeleton-idle_3"},{"time":0.6666,"name":"skeleton-idle_4"},{"time":0.8333,"name":"skeleton-idle_0"}]},"side_L_wing_1":{"attachment":[{"time":0,"name":"side_L_wing_1"},{"time":0.1666,"name":"side_L_wing_1"},{"time":0.3333,"name":"side_L_wing_1"},{"time":0.5,"name":"side_L_wing_3"},{"time":0.6666,"name":"side_L_wing_3"}]},"side_R_wing_1":{"attachment":[{"time":0,"name":"side_R_wing_1"},{"time":0.1666,"name":"side_R_wing_2"},{"time":0.3333,"name":"side_R_wing_2"},{"time":0.5,"name":"side_R_wing_3"},{"time":0.6666,"name":"side_R_wing_3"},{"time":0.8333,"name":"side_R_wing_1"}]}},"bones":{"side_L_wing_root":{"rotate":[{"time":0,"angle":0,"curve":"stepped"},{"time":0.1666,"angle":8,"curve":"stepped"},{"time":0.3333,"angle":-342.23,"curve":"stepped"},{"time":0.5,"angle":8.33,"curve":"stepped"},{"time":0.6666,"angle":2.15}],"translate":[{"time":0,"x":0,"y":0}]},"side_R_wing_root":{"rotate":[{"time":0,"angle":0,"curve":"stepped"},{"time":0.1666,"angle":-8.17,"curve":"stepped"},{"time":0.3333,"angle":-14.53,"curve":"stepped"},{"time":0.5,"angle":-10.2,"curve":"stepped"},{"time":0.6666,"angle":-4.34,"curve":"stepped"},{"time":0.8333,"angle":0}],"translate":[{"time":0,"x":0,"y":0,"curve":"stepped"},{"time":0.8333,"x":0,"y":0}]}}},"skill1":{"slots":{"DAMAGEAREA":{"attachment":[{"time":0.2666,"name":"DAMAGEAREA"},{"time":0.4,"name":null}]},"EF/130_S1_wave1/130_S1_wave1_00000":{"attachment":[{"time":0.2,"name":"EF/130_S1_wave1/130_S1_wave1_00000"},{"time":0.2333,"name":"EF/130_S1_wave1/130_S1_wave1_00002"},{"time":0.2666,"name":"EF/130_S1_wave1/130_S1_wave1_00004"},{"time":0.3333,"name":"EF/130_S1_wave1/130_S1_wave1_00005"},{"time":0.3666,"name":"EF/130_S1_wave1/130_S1_wave1_00006"},{"time":0.4,"name":"EF/130_S1_wave1/130_S1_wave1_00007"},{"time":0.4666,"name":"EF/130_S1_wave1/130_S1_wave1_00008"},{"time":0.5,"name":"EF/130_S1_wave1/130_S1_wave1_00010"},{"time":0.5666,"name":null}]},"MAIN":{"attachment":[{"time":0,"name":"skeleton-skill1_0"},{"time":0.0666,"name":"skeleton-skill1_1"},{"time":0.1333,"name":"skeleton-skill1_2"},{"time":0.8,"name":"skeleton-skill1_10"},{"time":0.9333,"name":"skeleton-skill1_15"},{"time":1.0666,"name":"skeleton-skill1_16"},{"time":1.3,"name":"skeleton-skill1_18"},{"time":1.4,"name":"skeleton-skill1_19"},{"time":1.5,"name":"skeleton-skill1_20"}]},"side_L_wing_1":{"attachment":[{"time":0,"name":"side_L_wing_1"}]},"side_R_wing_1":{"attachment":[{"time":0,"name":"side_R_wing_1"}]}},"bones":{"MAIN":{"translate":[{"time":2,"x":0,"y":0}]},"130_S1_wave1":{"translate":[{"time":0.2,"x":2.06,"y":42.57}],"scale":[{"time":0.2,"x":4,"y":4},{"time":0.5666,"x":5,"y":5}]},"DAMAGEAREA":{"translate":[{"time":0.2666,"x":-8,"y":64.05}],"scale":[{"time":0.2666,"x":1,"y":1}]},"side_L_wing_root":{"rotate":[{"time":0,"angle":-350.64,"curve":"stepped"},{"time":0.0666,"angle":0.38,"curve":"stepped"},{"time":0.1333,"angle":-8.17,"curve":"stepped"},{"time":0.8,"angle":0.65,"curve":"stepped"},{"time":0.8666,"angle":-340.02,"curve":"stepped"},{"time":0.9333,"angle":-307.94,"curve":"stepped"},{"time":1,"angle":-301.32,"curve":"stepped"},{"time":1.0666,"angle":-292.36,"curve":"stepped"},{"time":1.1333,"angle":-282.09,"curve":"stepped"},{"time":1.3,"angle":-299.11,"curve":"stepped"},{"time":1.4,"angle":-320.27,"curve":"stepped"},{"time":1.5,"angle":-339.67}],"translate":[{"time":0,"x":18.63,"y":0.53,"curve":"stepped"},{"time":0.0666,"x":18.63,"y":-6.5,"curve":"stepped"},{"time":0.1333,"x":18.63,"y":-8.52}]},"side_R_wing_root":{"rotate":[{"time":0.0666,"angle":6.5,"curve":"stepped"},{"time":0.1333,"angle":13.03,"curve":"stepped"},{"time":0.8,"angle":6.64,"curve":"stepped"},{"time":0.8666,"angle":-9.25,"curve":"stepped"},{"time":0.9333,"angle":325.09,"curve":"stepped"},{"time":1,"angle":312.88,"curve":"stepped"},{"time":1.0666,"angle":306.87,"curve":"stepped"},{"time":1.1333,"angle":298.69,"curve":"stepped"},{"time":1.3,"angle":321.16,"curve":"stepped"},{"time":1.4,"angle":341.16,"curve":"stepped"},{"time":1.5,"angle":-2.89}],"translate":[{"time":0,"x":2.18,"y":-4.26}]}},"events":[{"time":0,"name":"HitEffect","string":"setHitEffect(hit01d,1,1,1)"},{"time":0.2,"name":"Event","int":600,"string":"kImpactType_knock"},{"time":0.2,"name":"Sound1","string":"cri_se_battle_lightning"},{"time":0.2,"name":"Sound2","string":"cri_se_battle_bell_tree_03"},{"time":0.2,"name":"Voice","string":"cri_004_voice_skill_all"},{"time":0.2333,"name":"Event","float":0.2,"string":"kHitStopType_normal"},{"time":0.2666,"name":"Event","string":"shakeGround"},{"time":0.5666,"name":"Sound1","string":"cri_se_battle_arrow_light_effect"},{"time":1.7,"name":"Event","string":"runScript-addBuff"}]},"skill2":{"slots":{"DAMAGEAREA":{"attachment":[{"time":1.2333,"name":"DAMAGEAREA"},{"time":1.9666,"name":null}]},"EF/130_S1_wave1/130_S1_wave1_00000":{"attachment":[{"time":0.3666,"name":"EF/130_S1_wave1/130_S1_wave1_00000"},{"time":0.4333,"name":"EF/130_S1_wave1/130_S1_wave1_00004"},{"time":0.4666,"name":"EF/130_S1_wave1/130_S1_wave1_00006"},{"time":0.5,"name":"EF/130_S1_wave1/130_S1_wave1_00007"},{"time":0.5333,"name":"EF/130_S1_wave1/130_S1_wave1_00008"},{"time":0.5666,"name":"EF/130_S1_wave1/130_S1_wave1_00010"},{"time":0.6333,"name":null}],"color":[{"time":0.5333,"color":"ffffffff"},{"time":0.6333,"color":"ffffff00"}]},"MAIN":{"attachment":[{"time":0,"name":"skeleton-skill2_0"},{"time":0.0666,"name":"skeleton-skill2_1"},{"time":0.1333,"name":"skeleton-skill2_2"},{"time":0.2,"name":"skeleton-skill2_4"},{"time":0.3333,"name":"skeleton-skill2_5"},{"time":0.4333,"name":"skeleton-skill2_6"},{"time":0.5666,"name":"skeleton-skill2_7"},{"time":0.6333,"name":"skeleton-skill2_8"},{"time":0.7,"name":"skeleton-skill2_9"},{"time":0.9666,"name":"skeleton-skill2_10"},{"time":1,"name":"skeleton-skill2_11"},{"time":1.0666,"name":"skeleton-skill2_12"},{"time":1.9333,"name":"skeleton-skill2_13"},{"time":2.0666,"name":"skeleton-skill2_15"},{"time":2.2666,"name":"skeleton-skill2_16"},{"time":2.3333,"name":"skeleton-skill2_17"},{"time":2.4333,"name":"skeleton-skill2_19"},{"time":2.5666,"name":"skeleton-skill2_19"}]},"side_L_wing_1":{"attachment":[{"time":0,"name":"side_L_wing_1"},{"time":0.0666,"name":null},{"time":0.3333,"name":"side_L_wing_1"},{"time":0.3666,"name":"side_L_wing_3"},{"time":0.5666,"name":null},{"time":0.9666,"name":"side_L_wing_3"},{"time":1.9333,"name":null},{"time":2.2666,"name":null},{"time":2.3333,"name":"side_L_wing_1"},{"time":2.4333,"name":"side_L_wing_2"}]},"side_R_wing_1":{"attachment":[{"time":0,"name":"side_R_wing_1"},{"time":0.0666,"name":null},{"time":0.3333,"name":"side_R_wing_1"},{"time":0.3666,"name":"side_R_wing_3"},{"time":0.5666,"name":null},{"time":0.9666,"name":"side_R_wing_3"},{"time":1.9333,"name":null},{"time":2.2666,"name":null},{"time":2.3333,"name":"side_R_wing_1"},{"time":2.4333,"name":"side_R_wing_2"}]},"wing_L_1":{"attachment":[{"time":0.0666,"name":"wing_L_1"},{"time":0.2,"name":"wing_L_1"},{"time":0.3333,"name":null},{"time":0.5666,"name":"wing_L_1"},{"time":0.7,"name":"wing_L_2"},{"time":0.9666,"name":null},{"time":1.9333,"name":"wing_L_1"},{"time":2.3333,"name":null}]},"wing_R_1":{"attachment":[{"time":0.0666,"name":"wing_R_1"},{"time":0.2,"name":"wing_R_1"},{"time":0.3333,"name":null},{"time":0.5666,"name":"wing_R_1"},{"time":0.7,"name":"wing_R_2"},{"time":0.9666,"name":null},{"time":1.9333,"name":"wing_R_1"},{"time":2.3333,"name":null}]}},"bones":{"MAIN":{"translate":[{"time":0.3333,"x":0,"y":0,"curve":[0.063,0.76,0.75,1]},{"time":0.5666,"x":0,"y":242.42,"curve":[0.106,0.63,0.75,1]},{"time":0.9666,"x":0,"y":246.74,"curve":[0.163,0.79,0.305,1]},{"time":1.5666,"x":0,"y":258.25,"curve":"stepped"},{"time":1.9333,"x":0,"y":258.25,"curve":[0.552,0,0.75,1]},{"time":2.2666,"x":0,"y":0}]},"130_S1_wave1":{"translate":[{"time":0.3666,"x":8.59,"y":32.43}],"scale":[{"time":0.3666,"x":3.68,"y":3.68}]},"DAMAGEAREA":{"translate":[{"time":1.2333,"x":-225.92,"y":0},{"time":1.3,"x":-103.66,"y":-26.58},{"time":1.4,"x":16.05,"y":-26.58}],"scale":[{"time":1.2333,"x":2.196,"y":1.738},{"time":1.3,"x":3.52,"y":2.067},{"time":1.4,"x":4.454,"y":2.087}]},"EF_trail_sword2":{"translate":[{"time":1.5,"x":-343.04,"y":-218.86}]},"EF_sp_1":{"translate":[{"time":1.5,"x":-343.04,"y":-218.86}]},"side_L_wing_root":{"rotate":[{"time":0,"angle":-350.64,"curve":"stepped"},{"time":0.3333,"angle":-326.13,"curve":"stepped"},{"time":0.3666,"angle":-19.61,"curve":"stepped"},{"time":0.9666,"angle":-315.61,"curve":"stepped"},{"time":1,"angle":-307.98,"curve":"stepped"},{"time":1.0333,"angle":-301.9,"curve":"stepped"},{"time":1.9333,"angle":60.65,"curve":"stepped"},{"time":2.2666,"angle":69.8,"curve":"stepped"},{"time":2.3333,"angle":50.79,"curve":"stepped"},{"time":2.4333,"angle":-327.96}],"translate":[{"time":0,"x":0.68,"y":-5.84,"curve":"stepped"},{"time":0.3333,"x":2.95,"y":-19.5,"curve":"stepped"},{"time":0.9666,"x":2.95,"y":-42.6,"curve":"stepped"},{"time":1.9333,"x":10.07,"y":64.89,"curve":"stepped"},{"time":2.3333,"x":10.07,"y":-26.73,"curve":"stepped"},{"time":2.4333,"x":-5.06,"y":-22.53}]},"side_R_wing_root":{"rotate":[{"time":0,"angle":-10.38,"curve":"stepped"},{"time":0.3333,"angle":-1.44,"curve":"stepped"},{"time":0.3666,"angle":28.45,"curve":"stepped"},{"time":0.9666,"angle":333.48,"curve":"stepped"},{"time":1,"angle":324.97,"curve":"stepped"},{"time":1.0333,"angle":317.54,"curve":"stepped"},{"time":1.9333,"angle":-35.27,"curve":"stepped"},{"time":2.2666,"angle":-55.22,"curve":"stepped"},{"time":2.3333,"angle":317.18,"curve":"stepped"},{"time":2.4333,"angle":348.73}],"translate":[{"time":0,"x":-4.39,"y":-5.66,"curve":"stepped"},{"time":0.3333,"x":3.6,"y":-10.72,"curve":"stepped"},{"time":0.9666,"x":3.6,"y":-33.79,"curve":"stepped"},{"time":2.3333,"x":-6.76,"y":-28.16,"curve":"stepped"},{"time":2.4333,"x":3.6,"y":-21.78}]},"wing_L_root":{"rotate":[{"time":0.0666,"angle":-170.77,"curve":"stepped"},{"time":0.1333,"angle":75.93,"curve":"stepped"},{"time":0.2,"angle":108.79,"curve":"stepped"},{"time":0.5666,"angle":-128.01,"curve":"stepped"},{"time":0.6333,"angle":-96.26,"curve":"stepped"},{"time":0.7,"angle":-101.33,"curve":"stepped"},{"time":1.9333,"angle":108.88}],"translate":[{"time":0.0666,"x":-31.11,"y":85,"curve":"stepped"},{"time":0.2,"x":-38.7,"y":66.79,"curve":"stepped"},{"time":0.5666,"x":-45.1,"y":76.85,"curve":"stepped"},{"time":0.7,"x":-45.1,"y":97.88,"curve":"stepped"},{"time":1.9333,"x":-17.73,"y":70.51}],"scale":[{"time":0.0666,"x":1,"y":-1,"curve":"stepped"},{"time":0.1333,"x":1,"y":1}]},"wing_R_root":{"rotate":[{"time":0.0666,"angle":10.62,"curve":"stepped"},{"time":0.1333,"angle":24.65,"curve":"stepped"},{"time":0.2,"angle":-146.93,"curve":"stepped"},{"time":0.5666,"angle":122.2,"curve":"stepped"},{"time":0.6333,"angle":83.47,"curve":"stepped"},{"time":0.7,"angle":65.39,"curve":"stepped"},{"time":1.9333,"angle":-131.51}],"translate":[{"time":0.0666,"x":-1.51,"y":82.73,"curve":"stepped"},{"time":0.1333,"x":-15.17,"y":71.34,"curve":"stepped"},{"time":0.2,"x":-15.17,"y":60.71,"curve":"stepped"},{"time":0.5666,"x":21.76,"y":82.96,"curve":"stepped"},{"time":0.7,"x":22.67,"y":115.88,"curve":"stepped"},{"time":1.9333,"x":11.38,"y":65.24}],"scale":[{"time":0.0666,"x":1,"y":1,"curve":"stepped"},{"time":0.2,"x":-1,"y":1}]}},"drawOrder":[{"time":0.5666,"offsets":[{"slot":"wing_L_1","offset":2},{"slot":"wing_R_1","offset":2}]},{"time":0.6333,"offsets":[{"slot":"wing_L_1","offset":3},{"slot":"wing_R_1","offset":1}]},{"time":0.7,"offsets":[{"slot":"wing_L_1","offset":3},{"slot":"wing_R_1","offset":1}]},{"time":1.9333,"offsets":[{"slot":"wing_L_1","offset":1}]}],"events":[{"time":0,"name":"HitEffect","string":"setHitEffect(hit04d,1,1,1)"},{"time":0,"name":"Voice","string":"cri_004_voice_fullarts_now"},{"time":0.3666,"name":"Sound1","string":"cri_se_battle_Flutter"},{"time":0.3666,"name":"Sound2","string":"cri_se_battle_jump"},{"time":0.4333,"name":"Sound1","string":"cri_se_battle_charge"},{"time":0.4666,"name":"Sound1","string":"cri_se_battle_lightning"},{"time":1,"name":"Event","string":"addOrbitSystemCamera_Light"},{"time":1,"name":"Sound1","string":"cri_se_battle_arrow_light_effect"},{"time":1,"name":"Voice","string":"cri_004_voice_fullarts_rank4"},{"time":1.2,"name":"Event","string":"kImpactType_up"},{"time":1.2,"name":"Sound1","string":"cri_se_battle_lightning"},{"time":1.2333,"name":"Event","float":0.2,"string":"kHitStopType_enemyonly"},{"time":1.2333,"name":"Sound1","string":"cri_se_battle_explosion_short"},{"time":1.2333,"name":"Sound2","string":"cri_se_battle_hard_hit"},{"time":1.2666,"name":"Sound1","string":"cri_se_battle_lightning"},{"time":1.3,"name":"Event","string":"shakeGround"},{"time":1.3,"name":"Hit","string":"resetHitList"},{"time":1.3,"name":"Sound1","string":"cri_se_battle_explosion_short"},{"time":1.3,"name":"Sound2","string":"cri_se_battle_hard_hit"},{"time":1.3333,"name":"Sound1","string":"cri_se_battle_lightning"},{"time":1.3666,"name":"Event","string":"shakeGround"},{"time":1.3666,"name":"Hit","string":"resetHitList"},{"time":1.3666,"name":"Sound1","string":"cri_se_battle_explosion_short"},{"time":1.3666,"name":"Sound2","string":"cri_se_battle_hard_hit"},{"time":1.4,"name":"Sound1","string":"cri_se_battle_lightning"},{"time":1.4333,"name":"Event","string":"shakeGround"},{"time":1.4333,"name":"Hit","string":"resetHitList"},{"time":1.4333,"name":"Sound1","string":"cri_se_battle_explosion_short"},{"time":1.4333,"name":"Sound2","string":"cri_se_battle_hard_hit"},{"time":1.5333,"name":"Sound1","string":"cri_se_battle_lightning"},{"time":1.5666,"name":"Event","string":"shakeGround"},{"time":1.5666,"name":"Hit","string":"resetHitList"},{"time":1.5666,"name":"Sound1","string":"cri_se_battle_explosion_short"},{"time":1.5666,"name":"Sound2","string":"cri_se_battle_hard_hit"},{"time":1.6,"name":"Sound1","string":"cri_se_battle_lightning"},{"time":1.6333,"name":"Event","string":"shakeGround"},{"time":1.6333,"name":"Hit","string":"resetHitList"},{"time":1.6333,"name":"Sound1","string":"cri_se_battle_explosion_short"},{"time":1.6333,"name":"Sound2","string":"cri_se_battle_hard_hit"},{"time":1.6666,"name":"Sound1","string":"cri_se_battle_lightning"},{"time":1.7,"name":"Event","string":"shakeGround"},{"time":1.7,"name":"Hit","string":"resetHitList"},{"time":1.7,"name":"Sound1","string":"cri_se_battle_explosion_short"},{"time":1.7,"name":"Sound2","string":"cri_se_battle_hard_hit"},{"time":1.7666,"name":"Sound1","string":"cri_se_battle_lightning"},{"time":1.8,"name":"Event","string":"shakeGround"},{"time":1.8,"name":"Hit","string":"resetHitList"},{"time":1.8,"name":"Sound1","string":"cri_se_battle_explosion_short"},{"time":1.8,"name":"Sound2","string":"cri_se_battle_hard_hit"},{"time":2.3333,"name":"Sound1","string":"cri_se_battle_landing"}]}}}