{"skeleton":{"hash":"FjPu7dUgHLu6Rx/ZSys0pfbOjIc","spine":"3.0.12","width":0,"height":0},"bones":[{"name":"root"},{"name":"grid","parent":"root","y":600},{"name":"MAIN","parent":"root","x":22.8,"y":126.03,"rotation":-0.84}],"slots":[{"name":"grid/bg","bone":"grid","color":"4a4a4aff"},{"name":"grid/grid","bone":"grid"},{"name":"MAIN","bone":"MAIN","blend":"additive"}],"skins":{"default":{"MAIN":{"dragon_00":{"x":28.25,"y":16.87,"rotation":0.84,"width":361,"height":259},"dragon_01":{"x":28.25,"y":16.87,"rotation":0.84,"width":361,"height":259},"dragon_02":{"x":28.25,"y":16.87,"rotation":0.84,"width":361,"height":259},"dragon_03":{"x":28.25,"y":16.87,"rotation":0.84,"width":361,"height":259}}}},"events":{"Event":{},"Hit":{},"Sound":{},"Sound_2":{},"Sound_3":{},"Sound_4":{},"Voice":{}},"animations":{"attack1":{},"back":{},"cast":{},"damage":{},"front":{},"idle":{},"skill1":{},"skill2":{"slots":{"MAIN":{"attachment":[{"time":0,"name":"dragon_03"}],"color":[{"time":0,"color":"ffffff00"},{"time":0.1,"color":"ffffffff","curve":[0.225,0.72,0.75,1]},{"time":0.3333,"color":"ffffff00"}]}},"bones":{"MAIN":{"translate":[{"time":0,"x":-22.8,"y":0},{"time":0.3333,"x":-22.8,"y":4.55}],"scale":[{"time":0,"x":1,"y":1,"curve":[0.246,0.58,0.75,1]},{"time":0.3333,"x":1.479,"y":1.479}]}}},"skill3":{"slots":{"MAIN":{"attachment":[{"time":0,"name":"dragon_01"},{"time":0.1666,"name":"dragon_03"},{"time":1.3333,"name":"dragon_02"},{"time":1.4,"name":"dragon_00"},{"time":1.7333,"name":"dragon_01"}],"color":[{"time":0,"color":"ffffff00","curve":"stepped"},{"time":0.1666,"color":"ffffff00"},{"time":0.3333,"color":"ffffffff","curve":"stepped"},{"time":0.6666,"color":"ffffffff"},{"time":1,"color":"ffffff00","curve":"stepped"},{"time":1.3333,"color":"ffffff00"},{"time":1.5,"color":"ffffffff","curve":"stepped"},{"time":1.9333,"color":"ffffffff"},{"time":2.0666,"color":"ffffff00"}]}},"bones":{"MAIN":{"translate":[{"time":0,"x":0,"y":0,"curve":"stepped"},{"time":1.3333,"x":0,"y":-53.57,"curve":[0.202,0.48,0.75,1]},{"time":1.7,"x":39.09,"y":-26.06,"curve":[0.234,0.56,0.75,1]},{"time":2,"x":-547.34,"y":-26.06}]}},"events":[{"time":0,"name":"Event"},{"time":1.7666,"name":"Hit"}]},"skill3library":{"slots":{"MAIN":{"attachment":[{"time":0,"name":"dragon_01"},{"time":0.1666,"name":"dragon_03"},{"time":1.3333,"name":"dragon_02"},{"time":1.4,"name":"dragon_00"},{"time":1.7333,"name":"dragon_01"}],"color":[{"time":0,"color":"ffffff00","curve":"stepped"},{"time":0.1666,"color":"ffffff00"},{"time":0.3333,"color":"ffffffff","curve":"stepped"},{"time":0.6666,"color":"ffffffff"},{"time":1,"color":"ffffff00","curve":"stepped"},{"time":1.3333,"color":"ffffff00"},{"time":1.5,"color":"ffffffff","curve":"stepped"},{"time":1.9333,"color":"ffffffff"},{"time":2.0666,"color":"ffffff00"}]}},"bones":{"MAIN":{"translate":[{"time":0,"x":0,"y":0,"curve":"stepped"},{"time":1.3333,"x":0,"y":-53.57,"curve":[0.202,0.48,0.75,1]},{"time":1.7,"x":39.09,"y":-26.06,"curve":[0.234,0.56,0.75,1]},{"time":2,"x":-547.34,"y":-26.06}]}},"events":[{"time":0,"name":"Event"},{"time":1.7666,"name":"Hit"}]}}}