{"skeleton":{"hash":"DIQGkOQTiN60n15XG0TNwczpX/M","spine":"3.0.12","width":0,"height":0},"bones":[{"name":"root"},{"name":"S2_wind2","parent":"root","scaleX":2,"scaleY":2},{"name":"S2_wind1","parent":"root","scaleX":3.5,"scaleY":3.5},{"name":"S2_rotation1","parent":"root","scaleX":2.5,"scaleY":2.5},{"name":"S2_rock1","parent":"root","scaleX":2.5,"scaleY":2.5},{"name":"S2_fire2","parent":"root"},{"name":"S1_spear3","parent":"root","scaleX":3,"scaleY":3},{"name":"S1_spear2","parent":"root","x":227.36,"scaleX":2,"scaleY":2},{"name":"S1_spear1","parent":"root","scaleX":2.5,"scaleY":2.5},{"name":"S1,2_wind1","parent":"root","scaleX":2,"scaleY":2}],"slots":[{"name":"EF/350_S1_spear1/350_S1_spear1_00000","bone":"S1_spear1","blend":"additive"},{"name":"EF/350_S1_spear2/350_S1_spear2_00000","bone":"S1_spear2","blend":"additive"},{"name":"EF/350_S1_spear3/350_S1_spear3_00001","bone":"S1_spear3","blend":"additive"},{"name":"EF/350_S2_rotation1/350_S2_rotation1_00001","bone":"S2_rotation1","blend":"additive"},{"name":"EF/800_S1_fire2/800_S1_fire2_00000","bone":"S2_fire2","blend":"additive"},{"name":"EF/350_S1_wind1/350_S1_wind1_00000","bone":"S1,2_wind1","blend":"additive"},{"name":"EF/350_S1_wind1/350_S1_wind1_0","bone":"S2_wind2","blend":"additive"},{"name":"EF/350_S2_rock1/350_S2_rock1_00000","bone":"S2_rock1"},{"name":"EF/350_S2_wind1/350_S2_wind1_00005","bone":"S2_wind1","blend":"additive"}],"skins":{"default":{"EF/350_S1_spear1/350_S1_spear1_00000":{"EF/350_S1_spear1/350_S1_spear1_00000":{"y":0.7,"scaleX":0.4,"scaleY":0.4,"width":192,"height":192},"EF/350_S1_spear1/350_S1_spear1_00001":{"y":0.7,"scaleX":0.4,"scaleY":0.4,"width":192,"height":192},"EF/350_S1_spear1/350_S1_spear1_00002":{"y":0.7,"scaleX":0.4,"scaleY":0.4,"width":192,"height":192},"EF/350_S1_spear1/350_S1_spear1_00003":{"y":0.7,"scaleX":0.4,"scaleY":0.4,"width":192,"height":192},"EF/350_S1_spear1/350_S1_spear1_00005":{"y":0.7,"scaleX":0.4,"scaleY":0.4,"width":192,"height":192},"EF/350_S1_spear1/350_S1_spear1_00006":{"y":0.7,"scaleX":0.4,"scaleY":0.4,"width":192,"height":192},"EF/350_S1_spear1/350_S1_spear1_00007":{"y":0.7,"scaleX":0.4,"scaleY":0.4,"width":192,"height":192}},"EF/350_S1_spear2/350_S1_spear2_00000":{"EF/350_S1_spear2/350_S1_spear2_00000":{"y":0.88,"scaleX":0.5,"scaleY":0.5,"width":160,"height":160},"EF/350_S1_spear2/350_S1_spear2_00001":{"scaleX":0.5,"scaleY":0.5,"width":160,"height":160},"EF/350_S1_spear2/350_S1_spear2_00002":{"y":0.88,"scaleX":0.5,"scaleY":0.5,"width":160,"height":160},"EF/350_S1_spear2/350_S1_spear2_00003":{"y":0.88,"scaleX":0.5,"scaleY":0.5,"width":160,"height":160},"EF/350_S1_spear2/350_S1_spear2_00004":{"y":0.88,"scaleX":0.5,"scaleY":0.5,"width":160,"height":160},"EF/350_S1_spear2/350_S1_spear2_00005":{"y":0.88,"scaleX":0.5,"scaleY":0.5,"width":160,"height":160}},"EF/350_S1_spear3/350_S1_spear3_00001":{"EF/350_S1_spear3/350_S1_spear3_00001":{"y":0.59,"scaleX":0.333,"scaleY":0.333,"width":256,"height":256},"EF/350_S1_spear3/350_S1_spear3_00002":{"y":0.59,"scaleX":0.333,"scaleY":0.333,"width":256,"height":256},"EF/350_S1_spear3/350_S1_spear3_00003":{"y":0.59,"scaleX":0.333,"scaleY":0.333,"width":256,"height":256},"EF/350_S1_spear3/350_S1_spear3_00004":{"y":0.59,"scaleX":0.333,"scaleY":0.333,"width":256,"height":256},"EF/350_S1_spear3/350_S1_spear3_00005":{"y":0.59,"scaleX":0.333,"scaleY":0.333,"width":256,"height":256}},"EF/350_S1_wind1/350_S1_wind1_0":{"EF/350_S1_wind1/350_S1_wind1_00000":{"y":0.88,"scaleX":0.5,"scaleY":0.5,"width":288,"height":288},"EF/350_S1_wind1/350_S1_wind1_00001":{"y":0.88,"scaleX":0.5,"scaleY":0.5,"width":288,"height":288},"EF/350_S1_wind1/350_S1_wind1_00002":{"y":0.88,"scaleX":0.5,"scaleY":0.5,"width":288,"height":288},"EF/350_S1_wind1/350_S1_wind1_00003":{"y":0.88,"scaleX":0.5,"scaleY":0.5,"width":288,"height":288},"EF/350_S1_wind1/350_S1_wind1_00004":{"y":0.88,"scaleX":0.5,"scaleY":0.5,"width":288,"height":288},"EF/350_S1_wind1/350_S1_wind1_00005":{"y":0.88,"scaleX":0.5,"scaleY":0.5,"width":288,"height":288},"EF/350_S1_wind1/350_S1_wind1_00006":{"y":0.88,"scaleX":0.5,"scaleY":0.5,"width":288,"height":288},"EF/350_S1_wind1/350_S1_wind1_00007":{"y":0.88,"scaleX":0.5,"scaleY":0.5,"width":288,"height":288}},"EF/350_S1_wind1/350_S1_wind1_00000":{"EF/350_S1_wind1/350_S1_wind1_00000":{"y":0.88,"scaleX":0.5,"scaleY":0.5,"width":288,"height":288},"EF/350_S1_wind1/350_S1_wind1_00001":{"y":0.88,"scaleX":0.5,"scaleY":0.5,"width":288,"height":288},"EF/350_S1_wind1/350_S1_wind1_00002":{"y":0.88,"scaleX":0.5,"scaleY":0.5,"width":288,"height":288},"EF/350_S1_wind1/350_S1_wind1_00003":{"y":0.88,"scaleX":0.5,"scaleY":0.5,"width":288,"height":288},"EF/350_S1_wind1/350_S1_wind1_00004":{"y":0.88,"scaleX":0.5,"scaleY":0.5,"width":288,"height":288},"EF/350_S1_wind1/350_S1_wind1_00005":{"y":0.88,"scaleX":0.5,"scaleY":0.5,"width":288,"height":288},"EF/350_S1_wind1/350_S1_wind1_00006":{"y":0.88,"scaleX":0.5,"scaleY":0.5,"width":288,"height":288},"EF/350_S1_wind1/350_S1_wind1_00007":{"y":0.88,"scaleX":0.5,"scaleY":0.5,"width":288,"height":288}},"EF/350_S2_rock1/350_S2_rock1_00000":{"EF/350_S2_rock1/350_S2_rock1_00000":{"y":0.7,"scaleX":0.4,"scaleY":0.4,"width":160,"height":160},"EF/350_S2_rock1/350_S2_rock1_00002":{"y":0.7,"scaleX":0.4,"scaleY":0.4,"width":160,"height":160},"EF/350_S2_rock1/350_S2_rock1_00003":{"y":0.7,"scaleX":0.4,"scaleY":0.4,"width":160,"height":160},"EF/350_S2_rock1/350_S2_rock1_00004":{"y":0.7,"scaleX":0.4,"scaleY":0.4,"width":160,"height":160},"EF/350_S2_rock1/350_S2_rock1_00005":{"y":0.7,"scaleX":0.4,"scaleY":0.4,"width":160,"height":160},"EF/350_S2_rock1/350_S2_rock1_00006":{"y":0.7,"scaleX":0.4,"scaleY":0.4,"width":160,"height":160},"EF/350_S2_rock1/350_S2_rock1_00007":{"y":0.7,"scaleX":0.4,"scaleY":0.4,"width":160,"height":160},"EF/350_S2_rock1/350_S2_rock1_00009":{"y":0.7,"scaleX":0.4,"scaleY":0.4,"width":160,"height":160},"EF/350_S2_rock1/350_S2_rock1_00011":{"y":0.7,"scaleX":0.4,"scaleY":0.4,"width":160,"height":160}},"EF/350_S2_rotation1/350_S2_rotation1_00001":{"EF/350_S2_rotation1/350_S2_rotation1_00001":{"y":0.7,"scaleX":0.4,"scaleY":0.4,"width":320,"height":320},"EF/350_S2_rotation1/350_S2_rotation1_00002":{"y":0.7,"scaleX":0.4,"scaleY":0.4,"width":320,"height":320},"EF/350_S2_rotation1/350_S2_rotation1_00003":{"y":0.7,"scaleX":0.4,"scaleY":0.4,"width":320,"height":320},"EF/350_S2_rotation1/350_S2_rotation1_00004":{"y":0.7,"scaleX":0.4,"scaleY":0.4,"width":320,"height":320},"EF/350_S2_rotation1/350_S2_rotation1_00005":{"y":0.7,"scaleX":0.4,"scaleY":0.4,"width":320,"height":320},"EF/350_S2_rotation1/350_S2_rotation1_00006":{"y":0.7,"scaleX":0.4,"scaleY":0.4,"width":320,"height":320},"EF/350_S2_rotation1/350_S2_rotation1_00007":{"y":0.7,"scaleX":0.4,"scaleY":0.4,"width":320,"height":320},"EF/350_S2_rotation1/350_S2_rotation1_00008":{"y":0.7,"scaleX":0.4,"scaleY":0.4,"width":320,"height":320},"EF/350_S2_rotation1/350_S2_rotation1_00009":{"y":0.7,"scaleX":0.4,"scaleY":0.4,"width":320,"height":320},"EF/350_S2_rotation1/350_S2_rotation1_00010":{"y":0.7,"scaleX":0.4,"scaleY":0.4,"width":320,"height":320},"EF/350_S2_rotation1/350_S2_rotation1_00011":{"y":0.7,"scaleX":0.4,"scaleY":0.4,"width":320,"height":320},"EF/350_S2_rotation1/350_S2_rotation1_00024":{"y":0.7,"scaleX":0.4,"scaleY":0.4,"width":320,"height":320},"EF/350_S2_rotation1/350_S2_rotation1_00025":{"y":0.7,"scaleX":0.4,"scaleY":0.4,"width":320,"height":320},"EF/350_S2_rotation1/350_S2_rotation1_00026":{"y":0.7,"scaleX":0.4,"scaleY":0.4,"width":320,"height":320},"EF/350_S2_rotation1/350_S2_rotation1_00028":{"y":0.7,"scaleX":0.4,"scaleY":0.4,"width":320,"height":320},"EF/350_S2_rotation1/350_S2_rotation1_00030":{"y":0.7,"scaleX":0.4,"scaleY":0.4,"width":320,"height":320}},"EF/350_S2_wind1/350_S2_wind1_00005":{"EF/350_S2_wind1/350_S2_wind1_00005":{"y":0.5,"scaleX":0.285,"scaleY":0.285,"width":110,"height":110},"EF/350_S2_wind1/350_S2_wind1_00006":{"y":0.5,"scaleX":0.285,"scaleY":0.285,"width":110,"height":110},"EF/350_S2_wind1/350_S2_wind1_00007":{"y":0.5,"scaleX":0.285,"scaleY":0.285,"width":110,"height":110},"EF/350_S2_wind1/350_S2_wind1_00008":{"y":0.5,"scaleX":0.285,"scaleY":0.285,"width":110,"height":110},"EF/350_S2_wind1/350_S2_wind1_00009":{"y":0.5,"scaleX":0.285,"scaleY":0.285,"width":110,"height":110}},"EF/800_S1_fire2/800_S1_fire2_00000":{"EF/800_S1_fire2/800_S1_fire2_00000":{"y":1.77,"width":160,"height":160},"EF/800_S1_fire2/800_S1_fire2_00002":{"y":1.77,"width":160,"height":160},"EF/800_S1_fire2/800_S1_fire2_00003":{"y":1.77,"width":160,"height":160},"EF/800_S1_fire2/800_S1_fire2_00004":{"y":1.77,"width":160,"height":160},"EF/800_S1_fire2/800_S1_fire2_00005":{"y":1.77,"width":160,"height":160},"EF/800_S1_fire2/800_S1_fire2_00006":{"y":1.77,"width":160,"height":160},"EF/800_S1_fire2/800_S1_fire2_00008":{"y":1.77,"width":160,"height":160},"EF/800_S1_fire2/800_S1_fire2_00009":{"y":1.77,"width":160,"height":160},"EF/800_S1_fire2/800_S1_fire2_00010":{"y":1.77,"width":160,"height":160},"EF/800_S1_fire2/800_S1_fire2_00011":{"y":1.77,"width":160,"height":160}}}},"animations":{"1-attack1":{},"1-skill1":{"slots":{"EF/350_S1_spear1/350_S1_spear1_00000":{"attachment":[{"time":0.9333,"name":"EF/350_S1_spear1/350_S1_spear1_00000"},{"time":0.9666,"name":"EF/350_S1_spear1/350_S1_spear1_00001"},{"time":1.0333,"name":"EF/350_S1_spear1/350_S1_spear1_00002"},{"time":1.0666,"name":"EF/350_S1_spear1/350_S1_spear1_00003"},{"time":1.1333,"name":"EF/350_S1_spear1/350_S1_spear1_00005"},{"time":1.1666,"name":"EF/350_S1_spear1/350_S1_spear1_00006"},{"time":1.2,"name":"EF/350_S1_spear1/350_S1_spear1_00007"},{"time":1.2666,"name":null},{"time":1.7,"name":null}],"color":[{"time":1.2,"color":"ffffffff"},{"time":1.2666,"color":"ffffff00"}]},"EF/350_S1_spear2/350_S1_spear2_00000":{"attachment":[{"time":0.9333,"name":"EF/350_S1_spear2/350_S1_spear2_00000"},{"time":0.9666,"name":"EF/350_S1_spear2/350_S1_spear2_00001"},{"time":1,"name":"EF/350_S1_spear2/350_S1_spear2_00002"},{"time":1.0333,"name":"EF/350_S1_spear2/350_S1_spear2_00003"},{"time":1.0666,"name":"EF/350_S1_spear2/350_S1_spear2_00004"},{"time":1.1,"name":"EF/350_S1_spear2/350_S1_spear2_00005"},{"time":1.1333,"name":null}],"color":[{"time":1.1,"color":"ffffffff"},{"time":1.1333,"color":"ffffff00"}]},"EF/350_S1_spear3/350_S1_spear3_00001":{"attachment":[{"time":1,"name":"EF/350_S1_spear3/350_S1_spear3_00001"},{"time":1.0333,"name":"EF/350_S1_spear3/350_S1_spear3_00002"},{"time":1.1,"name":"EF/350_S1_spear3/350_S1_spear3_00003"},{"time":1.1333,"name":"EF/350_S1_spear3/350_S1_spear3_00004"},{"time":1.2,"name":"EF/350_S1_spear3/350_S1_spear3_00005"},{"time":1.2333,"name":null}],"color":[{"time":1.2,"color":"ffffffff"},{"time":1.2333,"color":"ffffff00"}]},"EF/350_S1_wind1/350_S1_wind1_00000":{"attachment":[{"time":0.9666,"name":"EF/350_S1_wind1/350_S1_wind1_00000"},{"time":1.0333,"name":"EF/350_S1_wind1/350_S1_wind1_00001"},{"time":1.0666,"name":"EF/350_S1_wind1/350_S1_wind1_00002"},{"time":1.1333,"name":"EF/350_S1_wind1/350_S1_wind1_00003"},{"time":1.2,"name":"EF/350_S1_wind1/350_S1_wind1_00004"},{"time":1.2666,"name":"EF/350_S1_wind1/350_S1_wind1_00005"},{"time":1.3,"name":"EF/350_S1_wind1/350_S1_wind1_00006"},{"time":1.3666,"name":"EF/350_S1_wind1/350_S1_wind1_00007"},{"time":1.4333,"name":null}],"color":[{"time":1.3666,"color":"ffffffff"},{"time":1.4333,"color":"ffffff00"}]}},"bones":{"S1_spear1":{"translate":[{"time":0.9333,"x":-137.56,"y":111.05,"curve":"stepped"},{"time":1.0333,"x":-250.7,"y":111.05}],"scale":[{"time":0.9333,"x":3,"y":3.4,"curve":"stepped"},{"time":1.0333,"x":6.528,"y":3.4}]},"S1_spear2":{"translate":[{"time":0.9333,"x":-410.16,"y":92.3}],"scale":[{"time":0.9333,"x":1.792,"y":2.076},{"time":1.1333,"x":2.087,"y":2.418}]},"S1,2_wind1":{"rotate":[{"time":1.1333,"angle":1.35}],"translate":[{"time":0.9666,"x":92.32,"y":87.87}],"scale":[{"time":0.9666,"x":2.194,"y":1.677}]},"S1_spear3":{"translate":[{"time":1,"x":-64.32,"y":129.54}],"scale":[{"time":1,"x":3.333,"y":3.333}]}}},"1-skill2":{"slots":{"EF/350_S1_wind1/350_S1_wind1_00000":{"attachment":[{"time":1.1,"name":"EF/350_S1_wind1/350_S1_wind1_00000"},{"time":1.1333,"name":"EF/350_S1_wind1/350_S1_wind1_00001"},{"time":1.1666,"name":"EF/350_S1_wind1/350_S1_wind1_00002"},{"time":1.2,"name":"EF/350_S1_wind1/350_S1_wind1_00003"},{"time":1.2333,"name":"EF/350_S1_wind1/350_S1_wind1_00004"},{"time":1.2666,"name":"EF/350_S1_wind1/350_S1_wind1_00005"},{"time":1.3,"name":"EF/350_S1_wind1/350_S1_wind1_00006"},{"time":1.3333,"name":"EF/350_S1_wind1/350_S1_wind1_00007"},{"time":1.3666,"name":null}]},"EF/350_S1_wind1/350_S1_wind1_0":{"attachment":[{"time":1.1,"name":"EF/350_S1_wind1/350_S1_wind1_00000"},{"time":1.1333,"name":"EF/350_S1_wind1/350_S1_wind1_00001"},{"time":1.1666,"name":"EF/350_S1_wind1/350_S1_wind1_00002"},{"time":1.2,"name":"EF/350_S1_wind1/350_S1_wind1_00003"},{"time":1.2333,"name":"EF/350_S1_wind1/350_S1_wind1_00004"},{"time":1.2666,"name":"EF/350_S1_wind1/350_S1_wind1_00005"},{"time":1.3,"name":"EF/350_S1_wind1/350_S1_wind1_00006"},{"time":1.3333,"name":"EF/350_S1_wind1/350_S1_wind1_00007"},{"time":1.3666,"name":null}]},"EF/350_S2_rock1/350_S2_rock1_00000":{"attachment":[{"time":1.1,"name":"EF/350_S2_rock1/350_S2_rock1_00000"},{"time":1.1333,"name":"EF/350_S2_rock1/350_S2_rock1_00002"},{"time":1.1666,"name":"EF/350_S2_rock1/350_S2_rock1_00003"},{"time":1.2,"name":"EF/350_S2_rock1/350_S2_rock1_00004"},{"time":1.2333,"name":"EF/350_S2_rock1/350_S2_rock1_00005"},{"time":1.2666,"name":"EF/350_S2_rock1/350_S2_rock1_00006"},{"time":1.3,"name":"EF/350_S2_rock1/350_S2_rock1_00007"},{"time":1.3333,"name":"EF/350_S2_rock1/350_S2_rock1_00009"},{"time":1.3666,"name":"EF/350_S2_rock1/350_S2_rock1_00011"},{"time":1.4,"name":null}],"color":[{"time":1.2,"color":"ffffffff"},{"time":1.3,"color":"ffffff00"}]},"EF/350_S2_rotation1/350_S2_rotation1_00001":{"attachment":[{"time":0.1666,"name":"EF/350_S2_rotation1/350_S2_rotation1_00001"},{"time":0.2333,"name":"EF/350_S2_rotation1/350_S2_rotation1_00002"},{"time":0.2666,"name":"EF/350_S2_rotation1/350_S2_rotation1_00003"},{"time":0.3,"name":"EF/350_S2_rotation1/350_S2_rotation1_00004"},{"time":0.3333,"name":"EF/350_S2_rotation1/350_S2_rotation1_00005"},{"time":0.3666,"name":"EF/350_S2_rotation1/350_S2_rotation1_00006"},{"time":0.4,"name":"EF/350_S2_rotation1/350_S2_rotation1_00007"},{"time":0.4333,"name":"EF/350_S2_rotation1/350_S2_rotation1_00008"},{"time":0.4666,"name":"EF/350_S2_rotation1/350_S2_rotation1_00009"},{"time":0.5,"name":"EF/350_S2_rotation1/350_S2_rotation1_00010"},{"time":0.5333,"name":"EF/350_S2_rotation1/350_S2_rotation1_00011"},{"time":0.5666,"name":"EF/350_S2_rotation1/350_S2_rotation1_00004"},{"time":0.6,"name":"EF/350_S2_rotation1/350_S2_rotation1_00005"},{"time":0.6333,"name":"EF/350_S2_rotation1/350_S2_rotation1_00006"},{"time":0.6666,"name":"EF/350_S2_rotation1/350_S2_rotation1_00007"},{"time":0.7,"name":"EF/350_S2_rotation1/350_S2_rotation1_00008"},{"time":0.7333,"name":"EF/350_S2_rotation1/350_S2_rotation1_00009"},{"time":0.7666,"name":"EF/350_S2_rotation1/350_S2_rotation1_00010"},{"time":0.8,"name":"EF/350_S2_rotation1/350_S2_rotation1_00011"},{"time":0.8333,"name":"EF/350_S2_rotation1/350_S2_rotation1_00024"},{"time":0.8666,"name":"EF/350_S2_rotation1/350_S2_rotation1_00025"},{"time":0.9,"name":"EF/350_S2_rotation1/350_S2_rotation1_00026"},{"time":0.9333,"name":"EF/350_S2_rotation1/350_S2_rotation1_00028"},{"time":0.9666,"name":"EF/350_S2_rotation1/350_S2_rotation1_00030"},{"time":1,"name":null}],"color":[{"time":0.1333,"color":"ffffff00"},{"time":0.2333,"color":"ffffffff"}]},"EF/800_S1_fire2/800_S1_fire2_00000":{"attachment":[{"time":0.2,"name":"EF/800_S1_fire2/800_S1_fire2_00000"},{"time":0.2333,"name":"EF/800_S1_fire2/800_S1_fire2_00002"},{"time":0.2666,"name":"EF/800_S1_fire2/800_S1_fire2_00003"},{"time":0.3,"name":"EF/800_S1_fire2/800_S1_fire2_00004"},{"time":0.3333,"name":"EF/800_S1_fire2/800_S1_fire2_00005"},{"time":0.3666,"name":"EF/800_S1_fire2/800_S1_fire2_00006"},{"time":0.4,"name":"EF/800_S1_fire2/800_S1_fire2_00008"},{"time":0.4333,"name":"EF/800_S1_fire2/800_S1_fire2_00009"},{"time":0.4666,"name":"EF/800_S1_fire2/800_S1_fire2_00010"},{"time":0.5,"name":"EF/800_S1_fire2/800_S1_fire2_00011"},{"time":0.5333,"name":null},{"time":1.1,"name":"EF/800_S1_fire2/800_S1_fire2_00000"},{"time":1.1333,"name":"EF/800_S1_fire2/800_S1_fire2_00002"},{"time":1.1666,"name":"EF/800_S1_fire2/800_S1_fire2_00003"},{"time":1.2,"name":"EF/800_S1_fire2/800_S1_fire2_00004"},{"time":1.2333,"name":"EF/800_S1_fire2/800_S1_fire2_00005"},{"time":1.2666,"name":"EF/800_S1_fire2/800_S1_fire2_00006"},{"time":1.3333,"name":"EF/800_S1_fire2/800_S1_fire2_00008"},{"time":1.4,"name":"EF/800_S1_fire2/800_S1_fire2_00009"},{"time":1.4666,"name":"EF/800_S1_fire2/800_S1_fire2_00010"},{"time":1.5333,"name":"EF/800_S1_fire2/800_S1_fire2_00011"},{"time":1.8,"name":null}],"color":[{"time":1.5333,"color":"ffffffff"},{"time":1.6,"color":"ffffff00"}]}},"bones":{"S2_rotation1":{"translate":[{"time":0.1666,"x":-100.86,"y":194.99}],"scale":[{"time":0.1666,"x":2.2,"y":2.2}]},"S2_fire2":{"translate":[{"time":0.2,"x":-84.02,"y":83.27},{"time":0.3333,"x":-84.03,"y":90.79,"curve":"stepped"},{"time":1.1,"x":-84.03,"y":82.44},{"time":1.4666,"x":-84.03,"y":90.79}],"scale":[{"time":0.2,"x":2.927,"y":2.927},{"time":0.3333,"x":3.103,"y":3.103,"curve":"stepped"},{"time":1.1,"x":2.927,"y":2.927},{"time":1.4666,"x":3.103,"y":3.103}]},"S2_rock1":{"translate":[{"time":1.1,"x":-20,"y":66.86},{"time":1.3,"x":0,"y":107.3}],"scale":[{"time":1.1,"x":2.4,"y":2.4},{"time":1.3,"x":2.616,"y":2.45}]},"S1,2_wind1":{"translate":[{"time":1.1,"x":43.09,"y":100}],"scale":[{"time":1.1,"x":2.5,"y":2.5}]},"S2_wind2":{"translate":[{"time":1.1,"x":-237.4,"y":100}],"scale":[{"time":1.1,"x":-2.5,"y":2.5}]}}},"enpty":{},"flash":{"slots":{"EF/350_S2_wind1/350_S2_wind1_00005":{"attachment":[{"time":0,"name":"EF/350_S2_wind1/350_S2_wind1_00005"},{"time":0.0666,"name":"EF/350_S2_wind1/350_S2_wind1_00006"},{"time":0.1333,"name":"EF/350_S2_wind1/350_S2_wind1_00007"},{"time":0.2,"name":"EF/350_S2_wind1/350_S2_wind1_00008"},{"time":0.2666,"name":"EF/350_S2_wind1/350_S2_wind1_00009"},{"time":0.3333,"name":null}],"color":[{"time":0,"color":"ffffff00"},{"time":0.0666,"color":"ffffffff"}]}},"bones":{"S2_wind1":{"translate":[{"time":0,"x":0,"y":191.05}],"scale":[{"time":0,"x":10.165,"y":6.734}]}}}}}