{"skeleton":{"hash":"RwKjK01kKHEJnYbP+ebM6goNU/k","spine":"3.0.12","width":0,"height":0},"bones":[{"name":"root","y":-0.82},{"name":"[R]S2_magic2","parent":"root","x":1467.2,"y":-52.65},{"name":"[R]S2_magic1","parent":"root","x":1291.76,"y":-52.65},{"name":"Wave5","parent":"root","x":1012.29,"y":163.14},{"name":"Wave4","parent":"root","x":962.83,"y":162.04},{"name":"Wave3","parent":"root","x":911.91,"y":162.04},{"name":"Wave2","parent":"root","x":859.72,"y":162.04},{"name":"Wave1","parent":"root","x":805.07,"y":162.04},{"name":"MAIN","parent":"root","y":55},{"name":"ring","parent":"MAIN","y":30},{"name":"SHADOW-OFFSET","parent":"MAIN"},{"name":"HITBOX","parent":"MAIN","y":-0.41,"scaleX":0.409},{"name":"EF4","parent":"root","x":1592.16,"y":40.39},{"name":"EF1","parent":"root","x":1311.66,"y":45.65},{"name":"DAMAGEAREA","parent":"root"}],"slots":[{"name":"EF/700_S1_wave1/100_S1_wave1_00001","bone":"Wave1","blend":"additive"},{"name":"EF/700_S1_wave1/100_S1_wave1_1","bone":"Wave2","blend":"additive"},{"name":"EF/700_S1_wave1/100_S1_wave1_2","bone":"Wave3","blend":"additive"},{"name":"EF/700_S1_wave1/100_S1_wave1_3","bone":"Wave4","blend":"additive"},{"name":"EF/700_S1_wave1/100_S1_wave1_4","bone":"Wave5","blend":"additive"},{"name":"EF/magic_1fire","bone":"[R]S2_magic1","blend":"additive"},{"name":"EF/magic_1fire2","bone":"[R]S2_magic2","blend":"additive"},{"name":"MAIN","bone":"MAIN","attachment":"idle_00"},{"name":"EF/EF_slash_DOT/10000-combo_16_ef2_1B","bone":"EF1","color":"ff2612ff","blend":"additive"},{"name":"EF/EF_slash_DOT/10000-combo_16_ef2_1F","bone":"EF1","color":"ff2612ff","blend":"additive"},{"name":"EF/EF_slash_DOT/EF_1","bone":"EF4","color":"ff2612ff","blend":"additive"},{"name":"DAMAGEAREA","bone":"DAMAGEAREA"},{"name":"HITBOX","bone":"HITBOX","attachment":"HITBOX"}],"skins":{"default":{"DAMAGEAREA":{"DAMAGEAREA":{"type":"boundingbox","vertices":[-64.66842,-65.41772,64.53538,-65.86172,64.09137,62.89808,-65.11242,62.89808]}},"EF/700_S1_wave1/100_S1_wave1_00001":{"EF/700_S1_wave1/100_S1_wave1_00001":{"x":-1.35,"y":9.28,"width":224,"height":224},"EF/700_S1_wave1/100_S1_wave1_00003":{"x":-1.35,"y":9.28,"width":224,"height":224},"EF/700_S1_wave1/100_S1_wave1_00004":{"x":-1.35,"y":9.28,"width":224,"height":224},"EF/700_S1_wave1/100_S1_wave1_00005":{"x":-1.35,"y":9.28,"width":224,"height":224},"EF/700_S1_wave1/100_S1_wave1_00006":{"x":-1.35,"y":9.28,"width":224,"height":224},"EF/700_S1_wave1/100_S1_wave1_00007":{"x":-1.35,"y":9.28,"width":224,"height":224},"EF/700_S1_wave1/100_S1_wave1_00008":{"x":-1.35,"y":9.28,"width":224,"height":224},"EF/700_S1_wave1/100_S1_wave1_00009":{"x":-1.35,"y":9.28,"width":224,"height":224}},"EF/700_S1_wave1/100_S1_wave1_1":{"EF/700_S1_wave1/100_S1_wave1_00001":{"x":-1.35,"y":9.28,"width":224,"height":224},"EF/700_S1_wave1/100_S1_wave1_00003":{"x":-1.35,"y":9.28,"width":224,"height":224},"EF/700_S1_wave1/100_S1_wave1_00004":{"x":-1.35,"y":9.28,"width":224,"height":224},"EF/700_S1_wave1/100_S1_wave1_00005":{"x":-1.35,"y":9.28,"width":224,"height":224},"EF/700_S1_wave1/100_S1_wave1_00006":{"x":-1.35,"y":9.28,"width":224,"height":224},"EF/700_S1_wave1/100_S1_wave1_00007":{"x":-1.35,"y":9.28,"width":224,"height":224},"EF/700_S1_wave1/100_S1_wave1_00008":{"x":-1.35,"y":9.28,"width":224,"height":224},"EF/700_S1_wave1/100_S1_wave1_00009":{"x":-1.35,"y":9.28,"width":224,"height":224}},"EF/700_S1_wave1/100_S1_wave1_2":{"EF/700_S1_wave1/100_S1_wave1_00001":{"x":-1.35,"y":9.28,"width":224,"height":224},"EF/700_S1_wave1/100_S1_wave1_00003":{"x":-1.35,"y":9.28,"width":224,"height":224},"EF/700_S1_wave1/100_S1_wave1_00004":{"x":-1.35,"y":9.28,"width":224,"height":224},"EF/700_S1_wave1/100_S1_wave1_00005":{"x":-1.35,"y":9.28,"width":224,"height":224},"EF/700_S1_wave1/100_S1_wave1_00006":{"x":-1.35,"y":9.28,"width":224,"height":224},"EF/700_S1_wave1/100_S1_wave1_00007":{"x":-1.35,"y":9.28,"width":224,"height":224},"EF/700_S1_wave1/100_S1_wave1_00008":{"x":-1.35,"y":9.28,"width":224,"height":224},"EF/700_S1_wave1/100_S1_wave1_00009":{"x":-1.35,"y":9.28,"width":224,"height":224}},"EF/700_S1_wave1/100_S1_wave1_3":{"EF/700_S1_wave1/100_S1_wave1_00001":{"x":-1.35,"y":9.28,"width":224,"height":224},"EF/700_S1_wave1/100_S1_wave1_00003":{"x":-1.35,"y":9.28,"width":224,"height":224},"EF/700_S1_wave1/100_S1_wave1_00004":{"x":-1.35,"y":9.28,"width":224,"height":224},"EF/700_S1_wave1/100_S1_wave1_00005":{"x":-1.35,"y":9.28,"width":224,"height":224},"EF/700_S1_wave1/100_S1_wave1_00006":{"x":-1.35,"y":9.28,"width":224,"height":224},"EF/700_S1_wave1/100_S1_wave1_00007":{"x":-1.35,"y":9.28,"width":224,"height":224},"EF/700_S1_wave1/100_S1_wave1_00008":{"x":-1.35,"y":9.28,"width":224,"height":224},"EF/700_S1_wave1/100_S1_wave1_00009":{"x":-1.35,"y":9.28,"width":224,"height":224}},"EF/700_S1_wave1/100_S1_wave1_4":{"EF/700_S1_wave1/100_S1_wave1_00001":{"x":-1.35,"y":9.28,"width":224,"height":224},"EF/700_S1_wave1/100_S1_wave1_00003":{"x":-1.35,"y":9.28,"width":224,"height":224},"EF/700_S1_wave1/100_S1_wave1_00004":{"x":-1.35,"y":9.28,"width":224,"height":224},"EF/700_S1_wave1/100_S1_wave1_00005":{"x":-1.35,"y":9.28,"width":224,"height":224},"EF/700_S1_wave1/100_S1_wave1_00006":{"x":-1.35,"y":9.28,"width":224,"height":224},"EF/700_S1_wave1/100_S1_wave1_00007":{"x":-1.35,"y":9.28,"width":224,"height":224},"EF/700_S1_wave1/100_S1_wave1_00008":{"x":-1.35,"y":9.28,"width":224,"height":224},"EF/700_S1_wave1/100_S1_wave1_00009":{"x":-1.35,"y":9.28,"width":224,"height":224}},"EF/EF_slash_DOT/10000-combo_16_ef2_1B":{"EF/EF_slash_DOT/10000-combo_16_ef2_1B":{"x":-52.92,"y":-27.51,"width":412,"height":342}},"EF/EF_slash_DOT/10000-combo_16_ef2_1F":{"EF/EF_slash_DOT/10000-combo_16_ef2_1F":{"x":-52.92,"y":-27.51,"width":412,"height":342}},"EF/EF_slash_DOT/EF_1":{"EF/EF_slash_DOT/EF_1":{"x":-20.08,"y":-61.49,"width":200,"height":200}},"EF/magic_1fire":{"EF/magic_1fire":{"type":"mesh","uvs":[1,1,0,1,0,0,1,0],"triangles":[1,2,3,1,3,0],"vertices":[90.78,-90.76,-89.21,-90.76,-89.21,89.23,90.78,89.23],"hull":4}},"EF/magic_1fire2":{"EF/magic_1fire":{"type":"mesh","uvs":[1,1,0,1,0,0,1,0],"triangles":[1,2,3,1,3,0],"vertices":[90.78,-90.76,-89.21,-90.76,-89.21,89.23,90.78,89.23],"hull":4}},"HITBOX":{"HITBOX":{"type":"boundingbox","vertices":[-96.117,-56.00502,126.29784,-56.87706,124.48093,53.15788,-97.60382,54.37999]}},"MAIN":{"attack1_00":{"x":40,"y":27,"width":500,"height":500},"attack1_01":{"x":40,"y":27,"width":500,"height":500},"attack1_02":{"x":40,"y":27,"width":500,"height":500},"attack1_03":{"x":40,"y":27,"width":500,"height":500},"attack1_04":{"x":40,"y":27,"width":500,"height":500},"attack1_05":{"x":40,"y":27,"width":500,"height":500},"attack1_06":{"x":40,"y":27,"width":500,"height":500},"attack1_07":{"x":40,"y":27,"width":500,"height":500},"attack1_08":{"x":45,"y":25,"width":500,"height":500},"attack1_09":{"x":45,"y":25,"width":500,"height":500},"attack1_10":{"x":45,"y":25,"width":500,"height":500},"attack1_11":{"x":28,"y":25,"width":500,"height":500},"attack1_12":{"x":28,"y":25,"width":500,"height":500},"attack1_13":{"x":28,"y":25,"width":500,"height":500},"attack1_14":{"x":28,"y":25,"width":500,"height":500},"attack1_15":{"x":28,"y":25,"width":500,"height":500},"back_00":{"x":3,"y":10,"width":500,"height":500},"damage_00":{"x":11,"y":11,"width":500,"height":500},"front_00":{"y":-3,"width":500,"height":500},"idle_00":{"x":7,"y":5,"width":500,"height":500},"idle_01":{"x":7,"y":5,"width":500,"height":500},"idle_02":{"x":7,"y":5,"width":500,"height":500},"idle_03":{"x":7,"y":5,"width":500,"height":500},"idle_04":{"x":7,"y":5,"width":500,"height":500},"skill1_00":{"x":20.5,"y":27.5,"width":500,"height":500},"skill1_01":{"x":20.5,"y":27.5,"width":500,"height":500},"skill1_07":{"x":28,"y":25,"width":500,"height":500},"skill1_09":{"x":28,"y":25,"width":500,"height":500},"skill2_00":{"x":27,"y":7,"width":500,"height":500},"skill2_01":{"x":27,"y":7,"width":500,"height":500},"skill2_02":{"x":27,"y":7,"width":500,"height":500},"skill2_03":{"x":27,"y":7,"width":500,"height":500},"skill2_04":{"x":27,"y":7,"width":500,"height":500},"skill2_05":{"x":27,"y":7,"width":500,"height":500},"skill2_06":{"x":27,"y":7,"width":500,"height":500},"skill2_07":{"x":27,"y":7,"width":500,"height":500},"skill2_08":{"x":27,"y":7,"width":500,"height":500}}}},"events":{"Event":{},"Event2":{"float":0.25,"string":"kHitStopType_normal"},"Hit":{},"Sound1":{},"Sound2":{},"Sound3":{},"Voice":{}},"animations":{"attack1":{"slots":{"DAMAGEAREA":{"attachment":[{"time":0.1333,"name":"DAMAGEAREA"},{"time":0.2666,"name":null},{"time":0.6666,"name":"DAMAGEAREA"},{"time":0.8,"name":null},{"time":1.2333,"name":"DAMAGEAREA"},{"time":1.3666,"name":null}]},"EF/EF_slash_DOT/10000-combo_16_ef2_1B":{"attachment":[{"time":0.1333,"name":"EF/EF_slash_DOT/10000-combo_16_ef2_1B"},{"time":0.1666,"name":null},{"time":0.6666,"name":"EF/EF_slash_DOT/10000-combo_16_ef2_1B"},{"time":0.7,"name":null}]},"EF/EF_slash_DOT/10000-combo_16_ef2_1F":{"attachment":[{"time":0.1333,"name":"EF/EF_slash_DOT/10000-combo_16_ef2_1F"},{"time":0.1666,"name":null},{"time":0.6666,"name":"EF/EF_slash_DOT/10000-combo_16_ef2_1F"},{"time":0.7,"name":null}]},"EF/EF_slash_DOT/EF_1":{"attachment":[{"time":1.2333,"name":"EF/EF_slash_DOT/EF_1"},{"time":1.2666,"name":null}]},"MAIN":{"attachment":[{"time":0,"name":"attack1_00"},{"time":0.0666,"name":"attack1_01"},{"time":0.1333,"name":"attack1_02"},{"time":0.2,"name":"attack1_03"},{"time":0.3,"name":"attack1_04"},{"time":0.4333,"name":"attack1_05"},{"time":0.5333,"name":"attack1_06"},{"time":0.6,"name":"attack1_07"},{"time":0.6666,"name":"attack1_08"},{"time":0.7333,"name":"attack1_09"},{"time":0.8,"name":"attack1_10"},{"time":0.9,"name":"attack1_11"},{"time":1,"name":"attack1_12"},{"time":1.2,"name":"attack1_13"},{"time":1.2333,"name":"attack1_14"},{"time":1.3333,"name":"attack1_15"},{"time":1.5333,"name":"back_00"},{"time":1.6333,"name":"idle_00"},{"time":2.0666,"name":"attack1_15"}]}},"bones":{"MAIN":{"translate":[{"time":0.1333,"x":0,"y":0,"curve":[0.205,0.34,0.75,1]},{"time":0.2333,"x":-20,"y":0,"curve":"stepped"},{"time":0.6666,"x":-20,"y":0,"curve":[0.214,0.37,0.75,1]},{"time":0.7666,"x":-40,"y":0,"curve":"stepped"},{"time":1.2,"x":-40,"y":0,"curve":[0.217,0.41,0.75,1]},{"time":1.3666,"x":-60,"y":0,"curve":"stepped"},{"time":1.5333,"x":-60,"y":0},{"time":1.6333,"x":-10,"y":0},{"time":1.7666,"x":0,"y":0}]},"EF1":{"rotate":[{"time":0.1333,"angle":-14.99,"curve":"stepped"},{"time":0.6666,"angle":0.66}],"translate":[{"time":0.1333,"x":-1253.47,"y":-43.3,"curve":"stepped"},{"time":0.6666,"x":-1286.08,"y":74.21}],"scale":[{"time":0.1333,"x":1.045,"y":-0.82,"curve":"stepped"},{"time":0.6666,"x":1.046,"y":0.83}]},"EF4":{"rotate":[{"time":1.2333,"angle":-2.09}],"translate":[{"time":1.2333,"x":-1607.08,"y":140.19}],"scale":[{"time":1.2333,"x":1.881,"y":1.66}]},"DAMAGEAREA":{"translate":[{"time":0.1333,"x":-55.92,"y":36.98,"curve":"stepped"},{"time":0.6666,"x":-95.61,"y":53.21}],"scale":[{"time":0.1333,"x":2.091,"y":0.561,"curve":"stepped"},{"time":0.6666,"x":2.091,"y":0.769}]}},"drawOrder":[{"time":0.1333,"offsets":[{"slot":"EF/EF_slash_DOT/10000-combo_16_ef2_1F","offset":-2}]},{"time":0.6666,"offsets":[{"slot":"EF/EF_slash_DOT/10000-combo_16_ef2_1B","offset":1}]}],"events":[{"time":0.1,"name":"Event","float":0.15,"string":"kHitStopType_normal"},{"time":0.1333,"name":"Sound1","string":"cri_se_battle_018_sword_hit_02"},{"time":0.1333,"name":"Sound2","string":"cri_se_battle_thrustviolently"},{"time":0.1333,"name":"Voice","string":"cri_061_voice_attack_random"},{"time":0.6666,"name":"Hit","string":"resetHitList"},{"time":0.6666,"name":"Sound1","string":"cri_se_battle_018_sword_hit_02"},{"time":0.6666,"name":"Sound2","string":"cri_se_battle_thrustviolently"},{"time":1.2333,"name":"Hit","string":"resetHitList"},{"time":1.2333,"name":"Sound1","string":"cri_se_battle_018_sword_hit_02"},{"time":1.2333,"name":"Sound2","string":"cri_se_battle_thrustviolently"},{"time":1.2333,"name":"Voice","string":"cri_061_voice_attack_c"}]},"back":{"slots":{"MAIN":{"attachment":[{"time":0,"name":"back_00"},{"time":0.2666,"name":"idle_03"},{"time":0.4333,"name":"idle_04"},{"time":0.6,"name":"idle_00"}]}},"bones":{"MAIN":{"translate":[{"time":0,"x":0,"y":0,"curve":[0.231,0.32,0.604,0.69]},{"time":0.1333,"x":78.05,"y":14.21,"curve":[0.366,0.53,0.758,0.95]},{"time":0.3,"x":125,"y":0},{"time":0.4333,"x":140,"y":0}]}},"events":[{"time":0,"name":"Sound1","string":"cri_se_battle_jump"},{"time":0.2666,"name":"Sound1","string":"cri_se_battle_landing"}]},"cast":{"slots":{"MAIN":{"attachment":[{"time":0,"name":"attack1_11"},{"time":0.1333,"name":"attack1_12"},{"time":0.4333,"name":"attack1_13"},{"time":0.5,"name":"attack1_14"},{"time":0.5666,"name":"attack1_15"},{"time":0.8333,"name":"attack1_15"}]}},"events":[{"time":0.4333,"name":"Voice","string":"cri_061_voice_item"}]},"damage":{"slots":{"MAIN":{"attachment":[{"time":0,"name":"damage_00"}]}}},"front":{"slots":{"MAIN":{"attachment":[{"time":0,"name":"front_00"}]}},"events":[{"time":0.5,"name":"Event"}]},"idle":{"slots":{"MAIN":{"attachment":[{"time":0,"name":"idle_00"},{"time":0.1666,"name":"idle_01"},{"time":0.3333,"name":"idle_02"},{"time":0.5,"name":"idle_03"},{"time":0.6666,"name":"idle_04"},{"time":0.8333,"name":"idle_00"},{"time":1,"name":"idle_01"},{"time":1.1666,"name":"idle_02"},{"time":1.3333,"name":"idle_03"},{"time":1.5,"name":"idle_04"},{"time":1.6666,"name":"idle_00"}]}},"bones":{"ring":{"translate":[{"time":0,"x":0,"y":0},{"time":0.8333,"x":0,"y":-3.91},{"time":1.6666,"x":0,"y":0}]}}},"in":{"slots":{"MAIN":{"attachment":[{"time":0,"name":"idle_00"},{"time":0.1666,"name":"idle_01"},{"time":0.3333,"name":"idle_02"},{"time":0.5,"name":"idle_03"},{"time":0.6666,"name":"idle_04"},{"time":0.8333,"name":"idle_00"},{"time":1,"name":"idle_01"},{"time":1.1666,"name":"idle_02"},{"time":1.3333,"name":"idle_03"},{"time":1.5,"name":"idle_04"},{"time":1.6666,"name":"idle_00"}],"color":[{"time":0,"color":"ffffff00"},{"time":0.1666,"color":"ffffffff"}]}},"bones":{"ring":{"translate":[{"time":0,"x":0,"y":0},{"time":0.8333,"x":0,"y":-3.91},{"time":1.6666,"x":0,"y":0}]}},"events":[{"time":0,"name":"Event","string":"takeSummon"},{"time":0.0333,"name":"Event","string":"runScript_startFunnel"}]},"skill1":{"slots":{"DAMAGEAREA":{"attachment":[{"time":0.6666,"name":"DAMAGEAREA"},{"time":0.8,"name":null},{"time":1.2666,"name":"DAMAGEAREA"},{"time":1.5333,"name":null}]},"EF/700_S1_wave1/100_S1_wave1_00001":{"attachment":[{"time":0,"name":null},{"time":0.6333,"name":"EF/700_S1_wave1/100_S1_wave1_00001"},{"time":0.6666,"name":"EF/700_S1_wave1/100_S1_wave1_00003"},{"time":0.7,"name":"EF/700_S1_wave1/100_S1_wave1_00004"},{"time":0.7333,"name":"EF/700_S1_wave1/100_S1_wave1_00005"},{"time":0.7666,"name":"EF/700_S1_wave1/100_S1_wave1_00006"},{"time":0.8,"name":"EF/700_S1_wave1/100_S1_wave1_00007"},{"time":0.8333,"name":"EF/700_S1_wave1/100_S1_wave1_00008"},{"time":0.8666,"name":"EF/700_S1_wave1/100_S1_wave1_00009"},{"time":1.2666,"name":"EF/700_S1_wave1/100_S1_wave1_00001"},{"time":1.3,"name":"EF/700_S1_wave1/100_S1_wave1_00003"},{"time":1.3333,"name":"EF/700_S1_wave1/100_S1_wave1_00004"},{"time":1.3666,"name":"EF/700_S1_wave1/100_S1_wave1_00005"},{"time":1.4,"name":"EF/700_S1_wave1/100_S1_wave1_00006"},{"time":1.4333,"name":"EF/700_S1_wave1/100_S1_wave1_00007"},{"time":1.4666,"name":"EF/700_S1_wave1/100_S1_wave1_00008"},{"time":1.5,"name":"EF/700_S1_wave1/100_S1_wave1_00009"}],"color":[{"time":0.6333,"color":"ffffffff","curve":"stepped"},{"time":0.8666,"color":"ffffffff"},{"time":1,"color":"ffffff00","curve":"stepped"},{"time":1.2666,"color":"ffffffff","curve":"stepped"},{"time":1.5,"color":"ffffffff"},{"time":1.6333,"color":"ffffff00"}]},"EF/700_S1_wave1/100_S1_wave1_1":{"attachment":[{"time":1.2666,"name":"EF/700_S1_wave1/100_S1_wave1_00001"},{"time":1.3,"name":"EF/700_S1_wave1/100_S1_wave1_00003"},{"time":1.3333,"name":"EF/700_S1_wave1/100_S1_wave1_00004"},{"time":1.3666,"name":"EF/700_S1_wave1/100_S1_wave1_00005"},{"time":1.4,"name":"EF/700_S1_wave1/100_S1_wave1_00006"},{"time":1.4333,"name":"EF/700_S1_wave1/100_S1_wave1_00007"},{"time":1.4666,"name":"EF/700_S1_wave1/100_S1_wave1_00008"},{"time":1.5,"name":"EF/700_S1_wave1/100_S1_wave1_00009"}],"color":[{"time":1.5,"color":"ffffffff"},{"time":1.6,"color":"ffffff00"}]},"EF/700_S1_wave1/100_S1_wave1_2":{"attachment":[{"time":1.3333,"name":"EF/700_S1_wave1/100_S1_wave1_00001"},{"time":1.3666,"name":"EF/700_S1_wave1/100_S1_wave1_00003"},{"time":1.4,"name":"EF/700_S1_wave1/100_S1_wave1_00004"},{"time":1.4333,"name":"EF/700_S1_wave1/100_S1_wave1_00005"},{"time":1.4666,"name":"EF/700_S1_wave1/100_S1_wave1_00006"},{"time":1.5,"name":"EF/700_S1_wave1/100_S1_wave1_00007"},{"time":1.5333,"name":"EF/700_S1_wave1/100_S1_wave1_00008"},{"time":1.5666,"name":"EF/700_S1_wave1/100_S1_wave1_00009"}],"color":[{"time":1.5666,"color":"ffffffff"},{"time":1.6666,"color":"ffffff00"}]},"EF/700_S1_wave1/100_S1_wave1_3":{"attachment":[{"time":1.4,"name":"EF/700_S1_wave1/100_S1_wave1_00001"},{"time":1.4333,"name":"EF/700_S1_wave1/100_S1_wave1_00003"},{"time":1.4666,"name":"EF/700_S1_wave1/100_S1_wave1_00004"},{"time":1.5,"name":"EF/700_S1_wave1/100_S1_wave1_00005"},{"time":1.5333,"name":"EF/700_S1_wave1/100_S1_wave1_00006"},{"time":1.5666,"name":"EF/700_S1_wave1/100_S1_wave1_00007"},{"time":1.6,"name":"EF/700_S1_wave1/100_S1_wave1_00008"},{"time":1.6333,"name":"EF/700_S1_wave1/100_S1_wave1_00009"}],"color":[{"time":1.6333,"color":"ffffffff"},{"time":1.7333,"color":"ffffff00"}]},"EF/700_S1_wave1/100_S1_wave1_4":{"attachment":[{"time":1.4666,"name":"EF/700_S1_wave1/100_S1_wave1_00001"},{"time":1.5,"name":"EF/700_S1_wave1/100_S1_wave1_00003"},{"time":1.5333,"name":"EF/700_S1_wave1/100_S1_wave1_00004"},{"time":1.5666,"name":"EF/700_S1_wave1/100_S1_wave1_00005"},{"time":1.6,"name":"EF/700_S1_wave1/100_S1_wave1_00006"},{"time":1.6333,"name":"EF/700_S1_wave1/100_S1_wave1_00007"},{"time":1.6666,"name":"EF/700_S1_wave1/100_S1_wave1_00008"},{"time":1.7,"name":"EF/700_S1_wave1/100_S1_wave1_00009"}],"color":[{"time":1.7,"color":"ffffffff"},{"time":1.8,"color":"ffffff00"}]},"MAIN":{"attachment":[{"time":0,"name":"skill1_00"},{"time":0.1333,"name":"skill1_01"},{"time":0.6,"name":"attack1_08"},{"time":0.6666,"name":"attack1_09"},{"time":0.7333,"name":"attack1_10"},{"time":0.8666,"name":"attack1_11"},{"time":1,"name":"attack1_12"},{"time":1.1333,"name":"skill1_07"},{"time":1.1666,"name":"attack1_13"},{"time":1.2333,"name":"skill1_09"},{"time":1.2666,"name":"attack1_14"},{"time":1.4,"name":"attack1_15"}]}},"bones":{"MAIN":{"translate":[{"time":0.6,"x":0,"y":0,"curve":[0.062,0.83,0.18,0.96]},{"time":0.7,"x":-50,"y":0},{"time":0.8,"x":-60,"y":0,"curve":"stepped"},{"time":1.1666,"x":-60,"y":0,"curve":[0.208,0.33,0.75,1]},{"time":1.3,"x":-75,"y":0}]},"Wave1":{"translate":[{"time":0.6333,"x":-820.65,"y":-164.61,"curve":"stepped"},{"time":1.2666,"x":-859.26,"y":-164.61}],"scale":[{"time":0.6333,"x":2.997,"y":2.997,"curve":"stepped"},{"time":0.8666,"x":2.997,"y":2.997},{"time":1,"x":3.442,"y":3.442,"curve":"stepped"},{"time":1.2666,"x":2.997,"y":2.997,"curve":"stepped"},{"time":1.5,"x":2.997,"y":2.997},{"time":1.6333,"x":3.442,"y":3.442}]},"Wave2":{"translate":[{"time":1.2666,"x":-1077.4,"y":-167.5}],"scale":[{"time":1.2666,"x":4,"y":4,"curve":"stepped"},{"time":1.5,"x":4,"y":4},{"time":1.6,"x":4.697,"y":4.697}]},"Wave3":{"translate":[{"time":1.3333,"x":-1224.07,"y":-166.93}],"scale":[{"time":1.3333,"x":4.003,"y":4.003,"curve":"stepped"},{"time":1.5666,"x":4.003,"y":4.003},{"time":1.6666,"x":4.716,"y":4.716}]},"Wave4":{"translate":[{"time":1.4,"x":-1366.4,"y":-168.29}],"scale":[{"time":1.4,"x":3.999,"y":3.999,"curve":"stepped"},{"time":1.6333,"x":3.999,"y":3.999},{"time":1.7333,"x":4.706,"y":4.706}]},"DAMAGEAREA":{"translate":[{"time":0.6666,"x":-143.2,"y":49.06,"curve":"stepped"},{"time":1.2666,"x":-159.36,"y":167.56},{"time":1.4666,"x":-333.53,"y":167.56}],"scale":[{"time":0.6666,"x":3.864,"y":1,"curve":"stepped"},{"time":1.2666,"x":3.693,"y":2.957}]},"Wave5":{"translate":[{"time":1.4666,"x":-1509.1,"y":-172.04}],"scale":[{"time":1.4666,"x":4,"y":4,"curve":"stepped"},{"time":1.7,"x":4,"y":4},{"time":1.8,"x":4.709,"y":4.709}]}},"events":[{"time":0,"name":"Event","float":0.25,"string":"kHitStopType_normal"},{"time":0.0333,"name":"Event","string":"setDamageRateOffset(0.7);"},{"time":0.1333,"name":"Sound1","string":"cri_se_battle_charge"},{"time":0.4333,"name":"Event","string":"setHitEffect(fire1,1)"},{"time":0.5666,"name":"Event","string":"setHitBack(20,0)"},{"time":0.6,"name":"Event","string":"setHitBackEnemy(0,0)"},{"time":0.6333,"name":"Event","string":"kImpactType_down"},{"time":0.6333,"name":"Sound1","string":"cri_se_battle_019_sword_hit_03"},{"time":0.6333,"name":"Sound2","string":"cri_se_battle_017_sword_hit_01"},{"time":0.6333,"name":"Voice","string":"cri_061_voice_skill_all"},{"time":0.6666,"name":"Event","string":"shakeGround"},{"time":0.7,"name":"Event","float":0.15,"string":"kHitStopType_normal"},{"time":0.7,"name":"Hit","string":"resetHitList"},{"time":0.7666,"name":"Hit","string":"resetHitList"},{"time":1.1333,"name":"Event","float":0.3,"string":"kHitStopType_normal"},{"time":1.1666,"name":"Event","string":"setHitBack(0,0)"},{"time":1.2,"name":"Event","string":"setHitBackEnemy(25,5)"},{"time":1.2666,"name":"Event","string":"shakeGround"},{"time":1.2666,"name":"Sound1","string":"cri_se_battle_019_sword_hit_03"},{"time":1.2666,"name":"Sound2","string":"cri_se_battle_031_explosion_03"},{"time":1.2666,"name":"Sound3","string":"cri_se_battle_hard_hit"},{"time":1.3,"name":"Event","string":"kImpactType_none"},{"time":1.3,"name":"Hit","string":"resetHitList"},{"time":1.3333,"name":"Event","float":0.05,"string":"kHitStopType_normal"},{"time":1.3333,"name":"Hit","string":"resetHitList"},{"time":1.3666,"name":"Hit","string":"resetHitList"},{"time":1.4,"name":"Hit","string":"resetHitList"},{"time":1.4333,"name":"Hit","string":"resetHitList"},{"time":1.4666,"name":"Event","string":"kImpactType_knock"},{"time":1.4666,"name":"Hit","string":"resetHitList"},{"time":1.5,"name":"Hit","string":"resetHitList"}]},"skill2":{"slots":{"DAMAGEAREA":{"attachment":[{"time":3.5666,"name":"DAMAGEAREA"},{"time":4.5666,"name":null},{"time":4.7,"name":"DAMAGEAREA"},{"time":4.7666,"name":null}]},"EF/700_S1_wave1/100_S1_wave1_00001":{"attachment":[{"time":0,"name":"EF/700_S1_wave1/100_S1_wave1_00009"},{"time":0.4,"name":"EF/700_S1_wave1/100_S1_wave1_00001"},{"time":0.4333,"name":"EF/700_S1_wave1/100_S1_wave1_00003"},{"time":0.4666,"name":"EF/700_S1_wave1/100_S1_wave1_00004"},{"time":0.5,"name":"EF/700_S1_wave1/100_S1_wave1_00005"},{"time":0.5333,"name":"EF/700_S1_wave1/100_S1_wave1_00006"},{"time":0.5666,"name":"EF/700_S1_wave1/100_S1_wave1_00007"},{"time":0.6,"name":"EF/700_S1_wave1/100_S1_wave1_00008"},{"time":0.6333,"name":"EF/700_S1_wave1/100_S1_wave1_00009"}],"color":[{"time":0,"color":"ffffff00"},{"time":0.6333,"color":"ffffffff"},{"time":0.7333,"color":"ffffff00"}]},"EF/700_S1_wave1/100_S1_wave1_1":{"attachment":[{"time":2.6666,"name":"EF/700_S1_wave1/100_S1_wave1_00001"},{"time":2.7,"name":"EF/700_S1_wave1/100_S1_wave1_00003"},{"time":2.7333,"name":"EF/700_S1_wave1/100_S1_wave1_00004"},{"time":2.7666,"name":"EF/700_S1_wave1/100_S1_wave1_00005"},{"time":2.8,"name":"EF/700_S1_wave1/100_S1_wave1_00006"},{"time":2.8333,"name":"EF/700_S1_wave1/100_S1_wave1_00007"},{"time":2.8666,"name":"EF/700_S1_wave1/100_S1_wave1_00008"},{"time":2.9,"name":"EF/700_S1_wave1/100_S1_wave1_00009"}],"color":[{"time":2.9,"color":"ffffffff"},{"time":3.0333,"color":"ffffff00"}]},"EF/magic_1fire":{"attachment":[{"time":0,"name":"EF/magic_1fire"},{"time":0.4,"name":"EF/magic_1fire"}],"color":[{"time":2.5666,"color":"ffffffff"},{"time":2.7333,"color":"ffffff00"}]},"EF/magic_1fire2":{"attachment":[{"time":0,"name":"EF/magic_1fire"},{"time":0.4,"name":"EF/magic_1fire"}],"color":[{"time":0,"color":"ffffff00"},{"time":0.4,"color":"ffffffff","curve":"stepped"},{"time":0.5666,"color":"ffffffff"},{"time":0.8,"color":"ffffff00","curve":"stepped"},{"time":1,"color":"ffffff89","curve":"stepped"},{"time":1.1,"color":"ffffff89"},{"time":1.2333,"color":"ffffff00","curve":"stepped"},{"time":1.3333,"color":"ffffff89","curve":"stepped"},{"time":1.4666,"color":"ffffff89"},{"time":1.6,"color":"ffffff00","curve":"stepped"},{"time":1.7,"color":"ffffff89","curve":"stepped"},{"time":1.8333,"color":"ffffff89"},{"time":1.9666,"color":"ffffff00","curve":"stepped"},{"time":2.0666,"color":"ffffff89","curve":"stepped"},{"time":2.2,"color":"ffffff89"},{"time":2.3333,"color":"ffffff00","curve":"stepped"},{"time":2.4333,"color":"ffffff89","curve":"stepped"},{"time":2.5666,"color":"ffffff89"},{"time":2.7,"color":"ffffff00"}]},"MAIN":{"attachment":[{"time":0,"name":"skill2_05"},{"time":0.1,"name":"skill2_01"},{"time":0.2,"name":"skill2_02"},{"time":0.3,"name":"skill2_03"},{"time":1.5333,"name":"skill2_04"},{"time":1.6333,"name":"skill2_05"},{"time":1.7333,"name":"skill2_06"},{"time":1.8333,"name":"skill2_07"},{"time":1.9333,"name":"skill2_06"},{"time":2.0333,"name":"skill2_05"},{"time":2.1333,"name":"skill2_06"},{"time":2.2333,"name":"skill2_07"},{"time":2.3333,"name":"skill2_06"},{"time":2.4333,"name":"skill2_05"},{"time":2.5,"name":"skill2_06"},{"time":2.5666,"name":"skill2_07"},{"time":2.6333,"name":"skill2_06"},{"time":2.7,"name":"skill2_05"},{"time":2.7666,"name":"skill2_06"},{"time":2.8333,"name":"skill2_07"},{"time":2.9,"name":"skill2_06"},{"time":2.9666,"name":"skill2_07"},{"time":3.0333,"name":"skill2_06"},{"time":3.1,"name":"skill2_07"},{"time":3.1666,"name":"skill2_06"},{"time":3.2333,"name":"attack1_13"},{"time":3.3,"name":"attack1_00"},{"time":3.3666,"name":"attack1_01"},{"time":3.5333,"name":"attack1_00"},{"time":3.5666,"name":"front_00"},{"time":4.7,"name":"attack1_10"},{"time":4.7333,"name":"attack1_08"},{"time":5.3666,"name":"attack1_08"}],"color":[{"time":3.5333,"color":"ffffffff"},{"time":3.6333,"color":"ffffff00","curve":"stepped"},{"time":4.7,"color":"ffffff71","curve":[0.25,0,0.75,1]},{"time":4.7666,"color":"ffffffff"}]}},"bones":{"MAIN":{"translate":[{"time":3.5666,"x":-211.64,"y":0},{"time":3.6333,"x":-313.41,"y":0,"curve":"stepped"},{"time":4.7,"x":-120,"y":0,"curve":[0.116,0.8,0.322,0.94]},{"time":4.7666,"x":100,"y":0}],"scale":[{"time":4.7,"x":-1,"y":1}]},"[R]S2_magic1":{"translate":[{"time":0,"x":-1291.72,"y":53.51,"curve":"stepped"},{"time":0.4,"x":-1291.72,"y":53.51}],"scale":[{"time":0,"x":1.585,"y":0.398},{"time":0.4,"x":1,"y":0.251},{"time":0.5333,"x":1.585,"y":0.398}]},"Wave1":{"translate":[{"time":0,"x":-804.8,"y":-164.34,"curve":"stepped"},{"time":0.4,"x":-804.8,"y":-164.34}],"scale":[{"time":0,"x":5.499,"y":5.499},{"time":0.4,"x":4.011,"y":4.011,"curve":"stepped"},{"time":0.6333,"x":4.011,"y":4.011},{"time":0.7333,"x":5.499,"y":5.499}]},"[R]S2_magic2":{"translate":[{"time":0,"x":-1467.03,"y":53.23,"curve":"stepped"},{"time":0.4,"x":-1467.03,"y":53.23,"curve":"stepped"},{"time":1,"x":-1467.03,"y":53.23}],"scale":[{"time":0,"x":2.018,"y":0.615},{"time":0.4,"x":1,"y":0.284},{"time":0.8,"x":2.282,"y":0.648,"curve":"stepped"},{"time":1,"x":1,"y":0.284},{"time":1.1666,"x":2.018,"y":0.615,"curve":"stepped"},{"time":1.3333,"x":1,"y":0.284},{"time":1.5333,"x":2.018,"y":0.615,"curve":"stepped"},{"time":1.7,"x":1,"y":0.284},{"time":1.9,"x":2.018,"y":0.615,"curve":"stepped"},{"time":2.0666,"x":1,"y":0.284},{"time":2.2666,"x":2.018,"y":0.615,"curve":"stepped"},{"time":2.4333,"x":1,"y":0.284},{"time":2.6333,"x":2.018,"y":0.615}]},"Wave2":{"translate":[{"time":0,"x":-802.09,"y":-166.13,"curve":"stepped"},{"time":2.6666,"x":-802.09,"y":-166.13}],"scale":[{"time":2.6666,"x":5,"y":5,"curve":"stepped"},{"time":2.9,"x":5,"y":5},{"time":3.0333,"x":5.504,"y":5.504}]},"DAMAGEAREA":{"translate":[{"time":0,"x":-299.74,"y":158.61,"curve":"stepped"},{"time":3.5666,"x":-299.74,"y":158.61}],"scale":[{"time":0,"x":6.225,"y":6.467,"curve":"stepped"},{"time":3.5666,"x":6.225,"y":6.467}]}},"ffd":{"default":{"EF/magic_1fire":{"EF/magic_1fire":[{"time":0,"vertices":[-84.40622,-36.3145,-36.31448,84.4062,84.4062,36.31448,36.31451,-84.4062]},{"time":0.4},{"time":1,"vertices":[-29.81387,-22.13339,-22.13339,29.81386,29.81386,22.13339,22.13339,-29.81386]},{"time":1.6,"vertices":[-61.49968,-34.01857,-34.01856,61.49968,61.49968,34.01857,34.01857,-61.49968]},{"time":2.2,"vertices":[-93.21643,-37.19755,-37.19752,93.21642,93.21642,37.19753,37.19757,-93.21641]},{"time":2.7333,"vertices":[-115.31855,-34.68453,-34.6845,115.31853,115.31855,34.68451,34.68454,-115.31852]}]},"EF/magic_1fire2":{"EF/magic_1fire":[{"time":0,"vertices":[-86.46284,-36.22549,-36.22549,86.46281,86.46281,36.22548,36.22558,-86.46281]},{"time":0.4},{"time":1,"vertices":[-32.19207,-23.37463,-23.37465,32.19209,32.19207,23.37464,23.37463,-32.19203]},{"time":1.6,"vertices":[-61.42654,-33.99979,-33.99981,61.42656,61.42653,33.9998,33.9998,-61.42649]},{"time":2.2,"vertices":[-96.09219,-37.08152,-37.08152,96.09215,96.09215,37.08152,37.08165,-96.09218]},{"time":2.7666,"vertices":[-118.72429,-33.93294,-33.93295,118.72433,118.72426,33.93296,33.93306,-118.72431]}]}}},"events":[{"time":0,"name":"Event","string":"setHitEffect(fire1,1)"},{"time":0.0333,"name":"Event","string":":setDamageRateOffset(0.7);"},{"time":0.4,"name":"Sound1","string":"cri_se_battle_033_explosion_element_01"},{"time":0.4,"name":"Voice","string":"cri_061_voice_fullarts_now"},{"time":1.1,"name":"Sound1","string":"cri_se_battle_charge_long"},{"time":2,"name":"Sound1","string":"cri_se_battle_032_explosion_04"},{"time":2.0333,"name":"Event","string":"shakeGround"},{"time":2.5,"name":"Sound1","string":"cri_se_battle_029_explosion_01"},{"time":2.6666,"name":"Voice","string":"cri_061_voice_fullarts_rank5"},{"time":3.1666,"name":"Sound1","string":"cri_se_battle_030_explosion_02"},{"time":3.4666,"name":"Event","float":0.1,"string":"kHitStopType_normal"},{"time":3.5,"name":"Event","string":"setHitBackEnemy(0,1)"},{"time":3.5,"name":"Sound1","string":"cri_se_battle_032_explosion_04"},{"time":3.5,"name":"Sound2","string":"cri_se_battle_thrustviolently"},{"time":3.5333,"name":"Event","string":"ignoreBorder_true"},{"time":3.5666,"name":"Event","string":"shakeGround"},{"time":3.5666,"name":"Sound1","string":"cri_se_battle_monster_hit"},{"time":3.6,"name":"Event","float":0.01,"string":"kHitStopType_normal"},{"time":3.6,"name":"Hit","string":"resetHitList"},{"time":3.6,"name":"Sound1","string":"cri_se_battle_skill_elxplosion"},{"time":3.6,"name":"Sound2","string":"cri_se_battle_thrustviolently"},{"time":3.6,"name":"Sound3","string":"cri_se_battle_hard_hit"},{"time":3.6333,"name":"Event","float":1,"string":"shakeGround_Loop"},{"time":3.6333,"name":"Hit","string":"resetHitList"},{"time":3.6666,"name":"Hit","string":"resetHitList"},{"time":3.6666,"name":"Sound1","string":"cri_se_battle_018_sword_hit_02"},{"time":3.6666,"name":"Sound2","string":"cri_se_battle_thrustviolently"},{"time":3.6666,"name":"Sound3","string":"cri_se_battle_hard_hit"},{"time":3.7,"name":"Hit","string":"resetHitList"},{"time":3.7333,"name":"Hit","string":"resetHitList"},{"time":3.7333,"name":"Sound1","string":"cri_se_battle_032_explosion_04"},{"time":3.7333,"name":"Sound2","string":"cri_se_battle_thrustviolently"},{"time":3.7333,"name":"Sound3","string":"cri_se_battle_hard_hit"},{"time":3.7666,"name":"Hit","string":"resetHitList"},{"time":3.8,"name":"Hit","string":"resetHitList"},{"time":3.8,"name":"Sound1","string":"cri_se_battle_032_explosion_04"},{"time":3.8,"name":"Sound2","string":"cri_se_battle_thrustviolently"},{"time":3.8,"name":"Sound3","string":"cri_se_battle_hard_hit"},{"time":3.8333,"name":"Hit","string":"resetHitList"},{"time":3.8666,"name":"Hit","string":"resetHitList"},{"time":3.8666,"name":"Sound1","string":"cri_se_battle_032_explosion_04"},{"time":3.8666,"name":"Sound2","string":"cri_se_battle_thrustviolently"},{"time":3.8666,"name":"Sound3","string":"cri_se_battle_hard_hit"},{"time":3.9,"name":"Hit","string":"resetHitList"},{"time":3.9333,"name":"Hit","string":"resetHitList"},{"time":3.9333,"name":"Sound1","string":"cri_se_battle_018_sword_hit_02"},{"time":3.9333,"name":"Sound2","string":"cri_se_battle_thrustviolently"},{"time":3.9333,"name":"Sound3","string":"cri_se_battle_hard_hit"},{"time":3.9666,"name":"Hit","string":"resetHitList"},{"time":4,"name":"Hit","string":"resetHitList"},{"time":4,"name":"Sound1","string":"cri_se_battle_018_sword_hit_02"},{"time":4,"name":"Sound2","string":"cri_se_battle_thrustviolently"},{"time":4,"name":"Sound3","string":"cri_se_battle_hard_hit"},{"time":4.0333,"name":"Hit","string":"resetHitList"},{"time":4.0666,"name":"Hit","string":"resetHitList"},{"time":4.0666,"name":"Sound1","string":"cri_se_battle_018_sword_hit_02"},{"time":4.0666,"name":"Sound2","string":"cri_se_battle_thrustviolently"},{"time":4.0666,"name":"Sound3","string":"cri_se_battle_hard_hit"},{"time":4.1,"name":"Hit","string":"resetHitList"},{"time":4.1333,"name":"Hit","string":"resetHitList"},{"time":4.1333,"name":"Sound1","string":"cri_se_battle_032_explosion_04"},{"time":4.1333,"name":"Sound2","string":"cri_se_battle_thrustviolently"},{"time":4.1333,"name":"Sound3","string":"cri_se_battle_hard_hit"},{"time":4.1666,"name":"Hit","string":"resetHitList"},{"time":4.2,"name":"Hit","string":"resetHitList"},{"time":4.2,"name":"Sound1","string":"cri_se_battle_018_sword_hit_02"},{"time":4.2,"name":"Sound2","string":"cri_se_battle_thrustviolently"},{"time":4.2,"name":"Sound3","string":"cri_se_battle_hard_hit"},{"time":4.2333,"name":"Hit","string":"resetHitList"},{"time":4.2666,"name":"Hit","string":"resetHitList"},{"time":4.2666,"name":"Sound1","string":"cri_se_battle_018_sword_hit_02"},{"time":4.2666,"name":"Sound2","string":"cri_se_battle_thrustviolently"},{"time":4.2666,"name":"Sound3","string":"cri_se_battle_hard_hit"},{"time":4.3,"name":"Hit","string":"resetHitList"},{"time":4.3333,"name":"Hit","string":"resetHitList"},{"time":4.3333,"name":"Sound1","string":"cri_se_battle_018_sword_hit_02"},{"time":4.3333,"name":"Sound2","string":"cri_se_battle_thrustviolently"},{"time":4.3333,"name":"Sound3","string":"cri_se_battle_hard_hit"},{"time":4.3666,"name":"Hit","string":"resetHitList"},{"time":4.4,"name":"Hit","string":"resetHitList"},{"time":4.4,"name":"Sound1","string":"cri_se_battle_018_sword_hit_02"},{"time":4.4,"name":"Sound2","string":"cri_se_battle_thrustviolently"},{"time":4.4,"name":"Sound3","string":"cri_se_battle_hard_hit"},{"time":4.4333,"name":"Hit","string":"resetHitList"},{"time":4.4666,"name":"Hit","string":"resetHitList"},{"time":4.4666,"name":"Sound1","string":"cri_se_battle_018_sword_hit_02"},{"time":4.4666,"name":"Sound2","string":"cri_se_battle_thrustviolently"},{"time":4.4666,"name":"Sound3","string":"cri_se_battle_hard_hit"},{"time":4.5,"name":"Hit","string":"resetHitList"},{"time":4.5333,"name":"Event","string":"kImpactType_up"},{"time":4.5333,"name":"Hit","string":"resetHitList"},{"time":4.6333,"name":"Event","float":0.1,"string":"kHitStopType_normal"},{"time":4.6666,"name":"Hit","string":"resetHitList"}]},"skill1-library":{"slots":{"DAMAGEAREA":{"attachment":[{"time":2,"name":"DAMAGEAREA"},{"time":2.1333,"name":null},{"time":2.6,"name":"DAMAGEAREA"},{"time":2.8666,"name":null}]},"EF/700_S1_wave1/100_S1_wave1_00001":{"attachment":[{"time":1.3333,"name":null},{"time":1.9666,"name":"EF/700_S1_wave1/100_S1_wave1_00001"},{"time":2,"name":"EF/700_S1_wave1/100_S1_wave1_00003"},{"time":2.0333,"name":"EF/700_S1_wave1/100_S1_wave1_00004"},{"time":2.0666,"name":"EF/700_S1_wave1/100_S1_wave1_00005"},{"time":2.1,"name":"EF/700_S1_wave1/100_S1_wave1_00006"},{"time":2.1333,"name":"EF/700_S1_wave1/100_S1_wave1_00007"},{"time":2.1666,"name":"EF/700_S1_wave1/100_S1_wave1_00008"},{"time":2.2,"name":"EF/700_S1_wave1/100_S1_wave1_00009"},{"time":2.6,"name":"EF/700_S1_wave1/100_S1_wave1_00001"},{"time":2.6333,"name":"EF/700_S1_wave1/100_S1_wave1_00003"},{"time":2.6666,"name":"EF/700_S1_wave1/100_S1_wave1_00004"},{"time":2.7,"name":"EF/700_S1_wave1/100_S1_wave1_00005"},{"time":2.7333,"name":"EF/700_S1_wave1/100_S1_wave1_00006"},{"time":2.7666,"name":"EF/700_S1_wave1/100_S1_wave1_00007"},{"time":2.8,"name":"EF/700_S1_wave1/100_S1_wave1_00008"},{"time":2.8333,"name":"EF/700_S1_wave1/100_S1_wave1_00009"}],"color":[{"time":1.9666,"color":"ffffffff","curve":"stepped"},{"time":2.2,"color":"ffffffff"},{"time":2.3333,"color":"ffffff00","curve":"stepped"},{"time":2.6,"color":"ffffffff","curve":"stepped"},{"time":2.8333,"color":"ffffffff"},{"time":2.9666,"color":"ffffff00"}]},"EF/700_S1_wave1/100_S1_wave1_1":{"attachment":[{"time":2.6,"name":"EF/700_S1_wave1/100_S1_wave1_00001"},{"time":2.6333,"name":"EF/700_S1_wave1/100_S1_wave1_00003"},{"time":2.6666,"name":"EF/700_S1_wave1/100_S1_wave1_00004"},{"time":2.7,"name":"EF/700_S1_wave1/100_S1_wave1_00005"},{"time":2.7333,"name":"EF/700_S1_wave1/100_S1_wave1_00006"},{"time":2.7666,"name":"EF/700_S1_wave1/100_S1_wave1_00007"},{"time":2.8,"name":"EF/700_S1_wave1/100_S1_wave1_00008"},{"time":2.8333,"name":"EF/700_S1_wave1/100_S1_wave1_00009"}],"color":[{"time":2.8333,"color":"ffffffff"},{"time":2.9333,"color":"ffffff00"}]},"EF/700_S1_wave1/100_S1_wave1_2":{"attachment":[{"time":2.6666,"name":"EF/700_S1_wave1/100_S1_wave1_00001"},{"time":2.7,"name":"EF/700_S1_wave1/100_S1_wave1_00003"},{"time":2.7333,"name":"EF/700_S1_wave1/100_S1_wave1_00004"},{"time":2.7666,"name":"EF/700_S1_wave1/100_S1_wave1_00005"},{"time":2.8,"name":"EF/700_S1_wave1/100_S1_wave1_00006"},{"time":2.8333,"name":"EF/700_S1_wave1/100_S1_wave1_00007"},{"time":2.8666,"name":"EF/700_S1_wave1/100_S1_wave1_00008"},{"time":2.9,"name":"EF/700_S1_wave1/100_S1_wave1_00009"}],"color":[{"time":2.9,"color":"ffffffff"},{"time":3,"color":"ffffff00"}]},"EF/700_S1_wave1/100_S1_wave1_3":{"attachment":[{"time":2.7333,"name":"EF/700_S1_wave1/100_S1_wave1_00001"},{"time":2.7666,"name":"EF/700_S1_wave1/100_S1_wave1_00003"},{"time":2.8,"name":"EF/700_S1_wave1/100_S1_wave1_00004"},{"time":2.8333,"name":"EF/700_S1_wave1/100_S1_wave1_00005"},{"time":2.8666,"name":"EF/700_S1_wave1/100_S1_wave1_00006"},{"time":2.9,"name":"EF/700_S1_wave1/100_S1_wave1_00007"},{"time":2.9333,"name":"EF/700_S1_wave1/100_S1_wave1_00008"},{"time":2.9666,"name":"EF/700_S1_wave1/100_S1_wave1_00009"}],"color":[{"time":2.9666,"color":"ffffffff"},{"time":3.0666,"color":"ffffff00"}]},"EF/700_S1_wave1/100_S1_wave1_4":{"attachment":[{"time":2.8,"name":"EF/700_S1_wave1/100_S1_wave1_00001"},{"time":2.8333,"name":"EF/700_S1_wave1/100_S1_wave1_00003"},{"time":2.8666,"name":"EF/700_S1_wave1/100_S1_wave1_00004"},{"time":2.9,"name":"EF/700_S1_wave1/100_S1_wave1_00005"},{"time":2.9333,"name":"EF/700_S1_wave1/100_S1_wave1_00006"},{"time":2.9666,"name":"EF/700_S1_wave1/100_S1_wave1_00007"},{"time":3,"name":"EF/700_S1_wave1/100_S1_wave1_00008"},{"time":3.0333,"name":"EF/700_S1_wave1/100_S1_wave1_00009"}],"color":[{"time":3.0333,"color":"ffffffff"},{"time":3.1333,"color":"ffffff00"}]},"MAIN":{"attachment":[{"time":1.3333,"name":"skill1_00"},{"time":1.4666,"name":"skill1_01"},{"time":1.9333,"name":"attack1_08"},{"time":2,"name":"attack1_09"},{"time":2.0666,"name":"attack1_10"},{"time":2.2,"name":"attack1_11"},{"time":2.3333,"name":"attack1_12"},{"time":2.4666,"name":"skill1_07"},{"time":2.5,"name":"attack1_13"},{"time":2.5666,"name":"skill1_09"},{"time":2.6,"name":"attack1_14"},{"time":2.7333,"name":"attack1_15"}]}},"bones":{"MAIN":{"translate":[{"time":1.9333,"x":0,"y":0,"curve":[0.062,0.83,0.18,0.96]},{"time":2.0333,"x":-50,"y":0},{"time":2.1333,"x":-60,"y":0,"curve":"stepped"},{"time":2.5,"x":-60,"y":0,"curve":[0.208,0.33,0.75,1]},{"time":2.6333,"x":-75,"y":0}]},"Wave1":{"translate":[{"time":1.9666,"x":-820.65,"y":-164.61,"curve":"stepped"},{"time":2.6,"x":-859.26,"y":-164.61}],"scale":[{"time":1.9666,"x":2.997,"y":2.997,"curve":"stepped"},{"time":2.2,"x":2.997,"y":2.997},{"time":2.3333,"x":3.442,"y":3.442,"curve":"stepped"},{"time":2.6,"x":2.997,"y":2.997,"curve":"stepped"},{"time":2.8333,"x":2.997,"y":2.997},{"time":2.9666,"x":3.442,"y":3.442}]},"Wave2":{"translate":[{"time":2.6,"x":-1077.4,"y":-167.5}],"scale":[{"time":2.6,"x":4,"y":4,"curve":"stepped"},{"time":2.8333,"x":4,"y":4},{"time":2.9333,"x":4.697,"y":4.697}]},"Wave3":{"translate":[{"time":2.6666,"x":-1224.07,"y":-166.93}],"scale":[{"time":2.6666,"x":4.003,"y":4.003,"curve":"stepped"},{"time":2.9,"x":4.003,"y":4.003},{"time":3,"x":4.716,"y":4.716}]},"Wave4":{"translate":[{"time":2.7333,"x":-1366.4,"y":-168.29}],"scale":[{"time":2.7333,"x":3.999,"y":3.999,"curve":"stepped"},{"time":2.9666,"x":3.999,"y":3.999},{"time":3.0666,"x":4.706,"y":4.706}]},"DAMAGEAREA":{"translate":[{"time":2,"x":-143.2,"y":49.06,"curve":"stepped"},{"time":2.6,"x":-159.36,"y":167.56},{"time":2.8,"x":-333.53,"y":167.56}],"scale":[{"time":2,"x":3.864,"y":1,"curve":"stepped"},{"time":2.6,"x":3.693,"y":2.957}]},"Wave5":{"translate":[{"time":2.8,"x":-1509.1,"y":-172.04}],"scale":[{"time":2.8,"x":4,"y":4,"curve":"stepped"},{"time":3.0333,"x":4,"y":4},{"time":3.1333,"x":4.709,"y":4.709}]}},"events":[{"time":0,"name":"Event2","string":"addOrbitSystemWithFile(100615112_spirit,skill1library)"},{"time":1.3333,"name":"Event","float":0.25,"string":"kHitStopType_normal"},{"time":1.3666,"name":"Event","string":"setDamageRateOffset(0.7);"},{"time":1.4666,"name":"Sound1","string":"cri_se_battle_charge"},{"time":1.6666,"name":"Event2","string":"addOrbitSystem_skill1spiritlibrary"},{"time":1.7666,"name":"Event","string":"setHitEffect(fire1,1)"},{"time":1.9,"name":"Event","string":"setHitBack(20,0)"},{"time":1.9333,"name":"Event","string":"setHitBackEnemy(0,0)"},{"time":1.9666,"name":"Event","string":"kImpactType_down"},{"time":1.9666,"name":"Sound1","string":"cri_se_battle_019_sword_hit_03"},{"time":1.9666,"name":"Sound2","string":"cri_se_battle_017_sword_hit_01"},{"time":1.9666,"name":"Voice","string":"cri_061_voice_skill_all"},{"time":2,"name":"Event","string":"shakeGround"},{"time":2.0333,"name":"Event","float":0.15,"string":"kHitStopType_normal"},{"time":2.0333,"name":"Hit","string":"resetHitList"},{"time":2.1,"name":"Hit","string":"resetHitList"},{"time":2.4666,"name":"Event","float":0.3,"string":"kHitStopType_normal"},{"time":2.5,"name":"Event","string":"setHitBack(0,0)"},{"time":2.5333,"name":"Event","string":"setHitBackEnemy(25,5)"},{"time":2.6,"name":"Event","string":"shakeGround"},{"time":2.6,"name":"Sound1","string":"cri_se_battle_019_sword_hit_03"},{"time":2.6,"name":"Sound2","string":"cri_se_battle_031_explosion_03"},{"time":2.6,"name":"Sound3","string":"cri_se_battle_hard_hit"},{"time":2.6333,"name":"Event","string":"kImpactType_none"},{"time":2.6333,"name":"Hit","string":"resetHitList"},{"time":2.6666,"name":"Event","float":0.05,"string":"kHitStopType_normal"},{"time":2.6666,"name":"Hit","string":"resetHitList"},{"time":2.7,"name":"Hit","string":"resetHitList"},{"time":2.7333,"name":"Hit","string":"resetHitList"},{"time":2.7666,"name":"Hit","string":"resetHitList"},{"time":2.8,"name":"Event","string":"kImpactType_knock"},{"time":2.8,"name":"Hit","string":"resetHitList"},{"time":2.8333,"name":"Hit","string":"resetHitList"}]},"skill2-library":{"slots":{"DAMAGEAREA":{"attachment":[{"time":3.5666,"name":"DAMAGEAREA"},{"time":4.5666,"name":null},{"time":4.7,"name":"DAMAGEAREA"},{"time":4.7666,"name":null}]},"EF/700_S1_wave1/100_S1_wave1_00001":{"attachment":[{"time":0.4,"name":"EF/700_S1_wave1/100_S1_wave1_00001"},{"time":0.4333,"name":"EF/700_S1_wave1/100_S1_wave1_00003"},{"time":0.4666,"name":"EF/700_S1_wave1/100_S1_wave1_00004"},{"time":0.5,"name":"EF/700_S1_wave1/100_S1_wave1_00005"},{"time":0.5333,"name":"EF/700_S1_wave1/100_S1_wave1_00006"},{"time":0.5666,"name":"EF/700_S1_wave1/100_S1_wave1_00007"},{"time":0.6,"name":"EF/700_S1_wave1/100_S1_wave1_00008"},{"time":0.6333,"name":"EF/700_S1_wave1/100_S1_wave1_00009"}],"color":[{"time":0.6333,"color":"ffffffff"},{"time":0.7333,"color":"ffffff00"}]},"EF/700_S1_wave1/100_S1_wave1_1":{"attachment":[{"time":2.6666,"name":"EF/700_S1_wave1/100_S1_wave1_00001"},{"time":2.7,"name":"EF/700_S1_wave1/100_S1_wave1_00003"},{"time":2.7333,"name":"EF/700_S1_wave1/100_S1_wave1_00004"},{"time":2.7666,"name":"EF/700_S1_wave1/100_S1_wave1_00005"},{"time":2.8,"name":"EF/700_S1_wave1/100_S1_wave1_00006"},{"time":2.8333,"name":"EF/700_S1_wave1/100_S1_wave1_00007"},{"time":2.8666,"name":"EF/700_S1_wave1/100_S1_wave1_00008"},{"time":2.9,"name":"EF/700_S1_wave1/100_S1_wave1_00009"}],"color":[{"time":2.9,"color":"ffffffff"},{"time":3.0333,"color":"ffffff00"}]},"EF/magic_1fire":{"attachment":[{"time":0,"name":"EF/magic_1fire"},{"time":0.4,"name":"EF/magic_1fire"}],"color":[{"time":2.5666,"color":"ffffffff"},{"time":2.7333,"color":"ffffff00"}]},"EF/magic_1fire2":{"attachment":[{"time":0,"name":"EF/magic_1fire"},{"time":0.4,"name":"EF/magic_1fire"}],"color":[{"time":0,"color":"ffffff00"},{"time":0.4,"color":"ffffffff","curve":"stepped"},{"time":0.5666,"color":"ffffffff"},{"time":0.8,"color":"ffffff00","curve":"stepped"},{"time":1,"color":"ffffff89","curve":"stepped"},{"time":1.1,"color":"ffffff89"},{"time":1.2333,"color":"ffffff00","curve":"stepped"},{"time":1.3333,"color":"ffffff89","curve":"stepped"},{"time":1.4666,"color":"ffffff89"},{"time":1.6,"color":"ffffff00","curve":"stepped"},{"time":1.7,"color":"ffffff89","curve":"stepped"},{"time":1.8333,"color":"ffffff89"},{"time":1.9666,"color":"ffffff00","curve":"stepped"},{"time":2.0666,"color":"ffffff89","curve":"stepped"},{"time":2.2,"color":"ffffff89"},{"time":2.3333,"color":"ffffff00","curve":"stepped"},{"time":2.4333,"color":"ffffff89","curve":"stepped"},{"time":2.5666,"color":"ffffff89"},{"time":2.7,"color":"ffffff00"}]},"MAIN":{"attachment":[{"time":0,"name":"skill2_05"},{"time":0.1,"name":"skill2_01"},{"time":0.2,"name":"skill2_02"},{"time":0.3,"name":"skill2_03"},{"time":1.5333,"name":"skill2_04"},{"time":1.6333,"name":"skill2_05"},{"time":1.7333,"name":"skill2_06"},{"time":1.8333,"name":"skill2_07"},{"time":1.9333,"name":"skill2_06"},{"time":2.0333,"name":"skill2_05"},{"time":2.1333,"name":"skill2_06"},{"time":2.2333,"name":"skill2_07"},{"time":2.3333,"name":"skill2_06"},{"time":2.4333,"name":"skill2_05"},{"time":2.5,"name":"skill2_06"},{"time":2.5666,"name":"skill2_07"},{"time":2.6333,"name":"skill2_06"},{"time":2.7,"name":"skill2_05"},{"time":2.7666,"name":"skill2_06"},{"time":2.8333,"name":"skill2_07"},{"time":2.9,"name":"skill2_06"},{"time":2.9666,"name":"skill2_07"},{"time":3.0333,"name":"skill2_06"},{"time":3.1,"name":"skill2_07"},{"time":3.1666,"name":"skill2_06"},{"time":3.2333,"name":"attack1_13"},{"time":3.3,"name":"attack1_00"},{"time":3.3666,"name":"attack1_01"},{"time":3.5333,"name":"attack1_00"},{"time":3.5666,"name":"front_00"},{"time":4.7,"name":"attack1_10"},{"time":4.7333,"name":"attack1_08"},{"time":5.3666,"name":"attack1_08"}],"color":[{"time":3.5333,"color":"ffffffff"},{"time":3.6333,"color":"ffffff00","curve":"stepped"},{"time":4.7,"color":"ffffff71","curve":[0.25,0,0.75,1]},{"time":4.7666,"color":"ffffffff"}]}},"bones":{"MAIN":{"translate":[{"time":3.5666,"x":-211.64,"y":0},{"time":3.6333,"x":-313.41,"y":0,"curve":"stepped"},{"time":4.7,"x":-120,"y":0,"curve":[0.116,0.8,0.322,0.94]},{"time":4.7666,"x":100,"y":0}],"scale":[{"time":4.7,"x":-1,"y":1}]},"[R]S2_magic1":{"translate":[{"time":0,"x":-1291.72,"y":53.51,"curve":"stepped"},{"time":0.4,"x":-1291.72,"y":53.51}],"scale":[{"time":0,"x":1.585,"y":0.398},{"time":0.4,"x":1,"y":0.251},{"time":0.5333,"x":1.585,"y":0.398}]},"Wave1":{"translate":[{"time":0.4,"x":-804.8,"y":-164.34}],"scale":[{"time":0.4,"x":4.011,"y":4.011,"curve":"stepped"},{"time":0.6333,"x":4.011,"y":4.011},{"time":0.7333,"x":5.499,"y":5.499}]},"[R]S2_magic2":{"translate":[{"time":0,"x":-1467.03,"y":53.23,"curve":"stepped"},{"time":0.4,"x":-1467.03,"y":53.23,"curve":"stepped"},{"time":1,"x":-1467.03,"y":53.23}],"scale":[{"time":0,"x":2.018,"y":0.615},{"time":0.4,"x":1,"y":0.284},{"time":0.8,"x":2.282,"y":0.648,"curve":"stepped"},{"time":1,"x":1,"y":0.284},{"time":1.1666,"x":2.018,"y":0.615,"curve":"stepped"},{"time":1.3333,"x":1,"y":0.284},{"time":1.5333,"x":2.018,"y":0.615,"curve":"stepped"},{"time":1.7,"x":1,"y":0.284},{"time":1.9,"x":2.018,"y":0.615,"curve":"stepped"},{"time":2.0666,"x":1,"y":0.284},{"time":2.2666,"x":2.018,"y":0.615,"curve":"stepped"},{"time":2.4333,"x":1,"y":0.284},{"time":2.6333,"x":2.018,"y":0.615}]},"Wave2":{"translate":[{"time":0,"x":-802.09,"y":-166.13,"curve":"stepped"},{"time":2.6666,"x":-802.09,"y":-166.13}],"scale":[{"time":2.6666,"x":5,"y":5,"curve":"stepped"},{"time":2.9,"x":5,"y":5},{"time":3.0333,"x":5.504,"y":5.504}]},"DAMAGEAREA":{"translate":[{"time":0,"x":-299.74,"y":158.61,"curve":"stepped"},{"time":3.5666,"x":-299.74,"y":158.61}],"scale":[{"time":0,"x":6.225,"y":6.467,"curve":"stepped"},{"time":3.5666,"x":6.225,"y":6.467}]}},"ffd":{"default":{"EF/magic_1fire":{"EF/magic_1fire":[{"time":0,"vertices":[-84.40622,-36.3145,-36.31448,84.4062,84.4062,36.31448,36.31451,-84.4062]},{"time":0.4},{"time":1,"vertices":[-29.81387,-22.13339,-22.13339,29.81386,29.81386,22.13339,22.13339,-29.81386]},{"time":1.6,"vertices":[-61.49968,-34.01857,-34.01856,61.49968,61.49968,34.01857,34.01857,-61.49968]},{"time":2.2,"vertices":[-93.21643,-37.19755,-37.19752,93.21642,93.21642,37.19753,37.19757,-93.21641]},{"time":2.7333,"vertices":[-115.31855,-34.68453,-34.6845,115.31853,115.31855,34.68451,34.68454,-115.31852]}]},"EF/magic_1fire2":{"EF/magic_1fire":[{"time":0,"vertices":[-86.46284,-36.22549,-36.22549,86.46281,86.46281,36.22548,36.22558,-86.46281]},{"time":0.4},{"time":1,"vertices":[-32.19207,-23.37463,-23.37465,32.19209,32.19207,23.37464,23.37463,-32.19203]},{"time":1.6,"vertices":[-61.42654,-33.99979,-33.99981,61.42656,61.42653,33.9998,33.9998,-61.42649]},{"time":2.2,"vertices":[-96.09219,-37.08152,-37.08152,96.09215,96.09215,37.08152,37.08165,-96.09218]},{"time":2.7666,"vertices":[-118.72429,-33.93294,-33.93295,118.72433,118.72426,33.93296,33.93306,-118.72431]}]}}},"events":[{"time":0,"name":"Event","string":"setHitEffect(fire1,1)"},{"time":0,"name":"Event2","string":"addOrbitSystemWithFile(100615112_spirit,skill2library)"},{"time":0.0333,"name":"Event","string":":setDamageRateOffset(0.7);"},{"time":0.0333,"name":"Event2","string":"addOrbitSystem_skill2spiritoriginallibrary"},{"time":0.4,"name":"Sound1","string":"cri_se_battle_033_explosion_element_01"},{"time":0.4,"name":"Voice","string":"cri_061_voice_fullarts_now"},{"time":1.1,"name":"Sound1","string":"cri_se_battle_charge_long"},{"time":2,"name":"Sound1","string":"cri_se_battle_032_explosion_04"},{"time":2.0333,"name":"Event","string":"shakeGround"},{"time":2.5,"name":"Sound1","string":"cri_se_battle_029_explosion_01"},{"time":2.6666,"name":"Voice","string":"cri_061_voice_fullarts_rank5"},{"time":3.1666,"name":"Sound1","string":"cri_se_battle_030_explosion_02"},{"time":3.4666,"name":"Event","float":0.1,"string":"kHitStopType_normal"},{"time":3.5,"name":"Event","string":"setHitBackEnemy(0,1)"},{"time":3.5,"name":"Sound1","string":"cri_se_battle_032_explosion_04"},{"time":3.5,"name":"Sound2","string":"cri_se_battle_thrustviolently"},{"time":3.5333,"name":"Event","string":"ignoreBorder_true"},{"time":3.5666,"name":"Event","string":"shakeGround"},{"time":3.5666,"name":"Sound1","string":"cri_se_battle_monster_hit"},{"time":3.6,"name":"Event","float":0.01,"string":"kHitStopType_normal"},{"time":3.6,"name":"Hit","string":"resetHitList"},{"time":3.6,"name":"Sound1","string":"cri_se_battle_skill_elxplosion"},{"time":3.6,"name":"Sound2","string":"cri_se_battle_thrustviolently"},{"time":3.6,"name":"Sound3","string":"cri_se_battle_hard_hit"},{"time":3.6333,"name":"Event","float":1,"string":"shakeGround_Loop"},{"time":3.6333,"name":"Hit","string":"resetHitList"},{"time":3.6666,"name":"Hit","string":"resetHitList"},{"time":3.6666,"name":"Sound1","string":"cri_se_battle_018_sword_hit_02"},{"time":3.6666,"name":"Sound2","string":"cri_se_battle_thrustviolently"},{"time":3.6666,"name":"Sound3","string":"cri_se_battle_hard_hit"},{"time":3.7,"name":"Hit","string":"resetHitList"},{"time":3.7333,"name":"Hit","string":"resetHitList"},{"time":3.7333,"name":"Sound1","string":"cri_se_battle_032_explosion_04"},{"time":3.7333,"name":"Sound2","string":"cri_se_battle_thrustviolently"},{"time":3.7333,"name":"Sound3","string":"cri_se_battle_hard_hit"},{"time":3.7666,"name":"Hit","string":"resetHitList"},{"time":3.8,"name":"Hit","string":"resetHitList"},{"time":3.8,"name":"Sound1","string":"cri_se_battle_032_explosion_04"},{"time":3.8,"name":"Sound2","string":"cri_se_battle_thrustviolently"},{"time":3.8,"name":"Sound3","string":"cri_se_battle_hard_hit"},{"time":3.8333,"name":"Hit","string":"resetHitList"},{"time":3.8666,"name":"Hit","string":"resetHitList"},{"time":3.8666,"name":"Sound1","string":"cri_se_battle_032_explosion_04"},{"time":3.8666,"name":"Sound2","string":"cri_se_battle_thrustviolently"},{"time":3.8666,"name":"Sound3","string":"cri_se_battle_hard_hit"},{"time":3.9,"name":"Hit","string":"resetHitList"},{"time":3.9333,"name":"Hit","string":"resetHitList"},{"time":3.9333,"name":"Sound1","string":"cri_se_battle_018_sword_hit_02"},{"time":3.9333,"name":"Sound2","string":"cri_se_battle_thrustviolently"},{"time":3.9333,"name":"Sound3","string":"cri_se_battle_hard_hit"},{"time":3.9666,"name":"Hit","string":"resetHitList"},{"time":4,"name":"Hit","string":"resetHitList"},{"time":4,"name":"Sound1","string":"cri_se_battle_018_sword_hit_02"},{"time":4,"name":"Sound2","string":"cri_se_battle_thrustviolently"},{"time":4,"name":"Sound3","string":"cri_se_battle_hard_hit"},{"time":4.0333,"name":"Hit","string":"resetHitList"},{"time":4.0666,"name":"Hit","string":"resetHitList"},{"time":4.0666,"name":"Sound1","string":"cri_se_battle_018_sword_hit_02"},{"time":4.0666,"name":"Sound2","string":"cri_se_battle_thrustviolently"},{"time":4.0666,"name":"Sound3","string":"cri_se_battle_hard_hit"},{"time":4.1,"name":"Hit","string":"resetHitList"},{"time":4.1333,"name":"Hit","string":"resetHitList"},{"time":4.1333,"name":"Sound1","string":"cri_se_battle_032_explosion_04"},{"time":4.1333,"name":"Sound2","string":"cri_se_battle_thrustviolently"},{"time":4.1333,"name":"Sound3","string":"cri_se_battle_hard_hit"},{"time":4.1666,"name":"Hit","string":"resetHitList"},{"time":4.2,"name":"Hit","string":"resetHitList"},{"time":4.2,"name":"Sound1","string":"cri_se_battle_018_sword_hit_02"},{"time":4.2,"name":"Sound2","string":"cri_se_battle_thrustviolently"},{"time":4.2,"name":"Sound3","string":"cri_se_battle_hard_hit"},{"time":4.2333,"name":"Hit","string":"resetHitList"},{"time":4.2666,"name":"Hit","string":"resetHitList"},{"time":4.2666,"name":"Sound1","string":"cri_se_battle_018_sword_hit_02"},{"time":4.2666,"name":"Sound2","string":"cri_se_battle_thrustviolently"},{"time":4.2666,"name":"Sound3","string":"cri_se_battle_hard_hit"},{"time":4.3,"name":"Hit","string":"resetHitList"},{"time":4.3333,"name":"Hit","string":"resetHitList"},{"time":4.3333,"name":"Sound1","string":"cri_se_battle_018_sword_hit_02"},{"time":4.3333,"name":"Sound2","string":"cri_se_battle_thrustviolently"},{"time":4.3333,"name":"Sound3","string":"cri_se_battle_hard_hit"},{"time":4.3666,"name":"Hit","string":"resetHitList"},{"time":4.4,"name":"Hit","string":"resetHitList"},{"time":4.4,"name":"Sound1","string":"cri_se_battle_018_sword_hit_02"},{"time":4.4,"name":"Sound2","string":"cri_se_battle_thrustviolently"},{"time":4.4,"name":"Sound3","string":"cri_se_battle_hard_hit"},{"time":4.4333,"name":"Hit","string":"resetHitList"},{"time":4.4666,"name":"Hit","string":"resetHitList"},{"time":4.4666,"name":"Sound1","string":"cri_se_battle_018_sword_hit_02"},{"time":4.4666,"name":"Sound2","string":"cri_se_battle_thrustviolently"},{"time":4.4666,"name":"Sound3","string":"cri_se_battle_hard_hit"},{"time":4.5,"name":"Hit","string":"resetHitList"},{"time":4.5333,"name":"Event","string":"kImpactType_up"},{"time":4.5333,"name":"Hit","string":"resetHitList"},{"time":4.6333,"name":"Event","float":0.1,"string":"kHitStopType_normal"},{"time":4.6666,"name":"Hit","string":"resetHitList"}]}}}