{"skeleton":{"hash":"oeIlxkIlqxJ9ddocV4JLKD97mss","spine":"3.0.12","width":0,"height":0},"bones":[{"name":"root"},{"name":"EF_main","parent":"root"},{"name":"EF_wing1_3","parent":"EF_main","x":200,"y":200},{"name":"EF_wing1_2","parent":"EF_main","x":200,"y":200},{"name":"EF_wing1_1","parent":"EF_main","x":200,"y":200},{"name":"EF_wind1_1","parent":"EF_main","x":350,"y":50},{"name":"EF_slashcircle1_2","parent":"EF_main","x":250},{"name":"EF_slashcircle1_1","parent":"EF_main","x":250},{"name":"EF_slashbolt1_1","parent":"EF_main","x":250,"y":200},{"name":"EF_slash4_1","parent":"EF_main","x":300,"y":150},{"name":"EF_slash3_1","parent":"EF_main","x":250,"y":150},{"name":"EF_slash2_1","parent":"EF_main","x":200,"y":150},{"name":"EF_slash1_1","parent":"EF_main","x":250,"y":100},{"name":"EF_shockwave1_1","parent":"EF_main","x":300.04,"y":50},{"name":"EF_power2_1","parent":"EF_main","x":250,"y":50},{"name":"EF_power1_1","parent":"EF_main","x":200,"y":100},{"name":"EF_light2_1","parent":"EF_main","x":200,"y":100},{"name":"EF_light1_10","parent":"EF_main","x":200,"y":50},{"name":"EF_light1_9","parent":"EF_main","x":200,"y":50},{"name":"EF_light1_8","parent":"EF_main","x":200,"y":50},{"name":"EF_light1_7","parent":"EF_main","x":200,"y":50},{"name":"EF_light1_6","parent":"EF_main","x":200,"y":50},{"name":"EF_light1_5","parent":"EF_main","x":200,"y":50},{"name":"EF_light1_4","parent":"EF_main","x":200,"y":50},{"name":"EF_light1_3","parent":"EF_main","x":200,"y":50},{"name":"EF_light1_2","parent":"EF_main","x":200,"y":50},{"name":"EF_light1_1","parent":"EF_main","x":200,"y":50},{"name":"EF_flash1_1","parent":"EF_main","x":400,"y":50},{"name":"EF_charge1_2","parent":"EF_main","x":300,"y":100},{"name":"EF_charge1_1","parent":"EF_main","x":300,"y":100}],"slots":[{"name":"EF_wing1_1","bone":"EF_wing1_1","blend":"additive"},{"name":"EF_wing1_2","bone":"EF_wing1_2","blend":"additive"},{"name":"EF_wing1_3","bone":"EF_wing1_3","blend":"additive"},{"name":"EF_power1_1","bone":"EF_power1_1","blend":"additive"},{"name":"EF_slashbolt1_1","bone":"EF_slashbolt1_1","blend":"additive"},{"name":"EF_slash1_1","bone":"EF_slash1_1","blend":"additive"},{"name":"EF_charge1_1","bone":"EF_charge1_1","blend":"additive"},{"name":"EF_charge1_2","bone":"EF_charge1_2","blend":"additive"},{"name":"EF_slash4_1","bone":"EF_slash4_1","blend":"additive"},{"name":"EF_slash2_1","bone":"EF_slash2_1","blend":"additive"},{"name":"EF_slash3_1","bone":"EF_slash3_1","blend":"additive"},{"name":"EF_light1_1","bone":"EF_light1_1","blend":"additive"},{"name":"EF_light1_2","bone":"EF_light1_2","blend":"additive"},{"name":"EF_light1_3","bone":"EF_light1_3","blend":"additive"},{"name":"EF_light1_4","bone":"EF_light1_4","blend":"additive"},{"name":"EF_light1_5","bone":"EF_light1_5","blend":"additive"},{"name":"EF_light1_6","bone":"EF_light1_6","blend":"additive"},{"name":"EF_light1_7","bone":"EF_light1_7","blend":"additive"},{"name":"EF_light1_8","bone":"EF_light1_8","blend":"additive"},{"name":"EF_light1_9","bone":"EF_light1_9","blend":"additive"},{"name":"EF_light1_10","bone":"EF_light1_10","blend":"additive"},{"name":"EF_light2_1","bone":"EF_light2_1","blend":"additive"},{"name":"EF_power2_1","bone":"EF_power2_1","blend":"additive"},{"name":"EF_shockwave1_1","bone":"EF_shockwave1_1","blend":"additive"},{"name":"EF_slashcircle1_1","bone":"EF_slashcircle1_1","blend":"additive"},{"name":"EF_slashcircle1_2","bone":"EF_slashcircle1_2","blend":"additive"},{"name":"EF_wind1_1","bone":"EF_wind1_1","blend":"additive"},{"name":"EF_flash1_1","bone":"EF_flash1_1","blend":"additive"}],"skins":{"default":{"EF_charge1_1":{"EF/ef_particle_line_main/ef_particle_line_main_00001":{"width":250,"height":250},"EF/ef_particle_line_main/ef_particle_line_main_00002":{"width":250,"height":250},"EF/ef_particle_line_main/ef_particle_line_main_00003":{"width":250,"height":250},"EF/ef_particle_line_main/ef_particle_line_main_00004":{"width":250,"height":250},"EF/ef_particle_line_main/ef_particle_line_main_00005":{"width":250,"height":250},"EF/ef_particle_line_main/ef_particle_line_main_00006":{"width":250,"height":250},"EF/ef_particle_line_main/ef_particle_line_main_00007":{"width":250,"height":250},"EF/ef_particle_line_main/ef_particle_line_main_00008":{"width":250,"height":250},"EF/ef_particle_line_main/ef_particle_line_main_00009":{"width":250,"height":250}},"EF_charge1_2":{"EF/ef_particle_line_main/ef_particle_line_main_00001":{"width":250,"height":250},"EF/ef_particle_line_main/ef_particle_line_main_00002":{"width":250,"height":250},"EF/ef_particle_line_main/ef_particle_line_main_00003":{"width":250,"height":250},"EF/ef_particle_line_main/ef_particle_line_main_00004":{"width":250,"height":250},"EF/ef_particle_line_main/ef_particle_line_main_00005":{"width":250,"height":250},"EF/ef_particle_line_main/ef_particle_line_main_00006":{"width":250,"height":250},"EF/ef_particle_line_main/ef_particle_line_main_00007":{"width":250,"height":250},"EF/ef_particle_line_main/ef_particle_line_main_00008":{"width":250,"height":250},"EF/ef_particle_line_main/ef_particle_line_main_00009":{"width":250,"height":250}},"EF_flash1_1":{"EF/ef_flash_main/ef_flash_main_00001":{"width":175,"height":140},"EF/ef_flash_main/ef_flash_main_00002":{"width":175,"height":140},"EF/ef_flash_main/ef_flash_main_00003":{"width":175,"height":140},"EF/ef_flash_main/ef_flash_main_00004":{"width":175,"height":140},"EF/ef_flash_main/ef_flash_main_00005":{"width":175,"height":140},"EF/ef_flash_main/ef_flash_main_00006":{"width":175,"height":140},"EF/ef_flash_main/ef_flash_main_00007":{"width":175,"height":140}},"EF_light1_1":{"EF/130_S1_shine1_00041":{"y":-2.16,"width":350,"height":350}},"EF_light1_10":{"EF/130_S1_shine1_00041":{"y":-2.16,"width":350,"height":350}},"EF_light1_2":{"EF/130_S1_shine1_00041":{"y":-2.16,"width":350,"height":350}},"EF_light1_3":{"EF/130_S1_shine1_00041":{"y":-2.16,"width":350,"height":350}},"EF_light1_4":{"EF/130_S1_shine1_00041":{"y":-2.16,"width":350,"height":350}},"EF_light1_5":{"EF/130_S1_shine1_00041":{"y":-2.16,"width":350,"height":350}},"EF_light1_6":{"EF/130_S1_shine1_00041":{"y":-2.16,"width":350,"height":350}},"EF_light1_7":{"EF/130_S1_shine1_00041":{"y":-2.16,"width":350,"height":350}},"EF_light1_8":{"EF/130_S1_shine1_00041":{"y":-2.16,"width":350,"height":350}},"EF_light1_9":{"EF/130_S1_shine1_00041":{"y":-2.16,"width":350,"height":350}},"EF_light2_1":{"EF/5250_S3_power1_00000":{"width":500,"height":500}},"EF_power1_1":{"EF/EF_power1/5250_S2_power2_00000":{"width":200,"height":200},"EF/EF_power1/5250_S2_power2_00001":{"width":200,"height":200},"EF/EF_power1/5250_S2_power2_00002":{"width":200,"height":200},"EF/EF_power1/5250_S2_power2_00003":{"width":200,"height":200},"EF/EF_power1/5250_S2_power2_00004":{"width":200,"height":200},"EF/EF_power1/5250_S2_power2_00005":{"width":200,"height":200},"EF/EF_power1/5250_S2_power2_00006":{"width":200,"height":200},"EF/EF_power1/5250_S2_power2_00007":{"width":200,"height":200},"EF/EF_power1/5250_S2_power2_00008":{"width":200,"height":200},"EF/EF_power1/5250_S2_power2_00009":{"width":200,"height":200}},"EF_power2_1":{"EF/EF_charge2/130_S1_shine2_00038":{"width":175,"height":175},"EF/EF_charge2/130_S1_shine2_00039":{"width":175,"height":175},"EF/EF_charge2/130_S1_shine2_00040":{"width":175,"height":175},"EF/EF_charge2/130_S1_shine2_00041":{"width":175,"height":175},"EF/EF_charge2/130_S1_shine2_00042":{"width":175,"height":175},"EF/EF_charge2/130_S1_shine2_00043":{"width":175,"height":175},"EF/EF_charge2/130_S1_shine2_00044":{"width":175,"height":175},"EF/EF_charge2/130_S1_shine2_00045":{"width":175,"height":175},"EF/EF_charge2/130_S1_shine2_00046":{"width":175,"height":175},"EF/EF_charge2/130_S1_shine2_00047":{"width":175,"height":175},"EF/EF_charge2/130_S1_shine2_00048":{"width":175,"height":175}},"EF_shockwave1_1":{"EF/EF_shockwave/ef_shock_wave_main_00002":{"width":210,"height":210},"EF/EF_shockwave/ef_shock_wave_main_00003":{"width":210,"height":210},"EF/EF_shockwave/ef_shock_wave_main_00004":{"width":210,"height":210},"EF/EF_shockwave/ef_shock_wave_main_00005":{"width":210,"height":210},"EF/EF_shockwave/ef_shock_wave_main_00006":{"width":210,"height":210},"EF/EF_shockwave/ef_shock_wave_main_00007":{"width":210,"height":210},"EF/EF_shockwave/ef_shock_wave_main_00008":{"width":210,"height":210},"EF/EF_shockwave/ef_shock_wave_main_00009":{"width":210,"height":210},"EF/EF_shockwave/ef_shock_wave_main_00010":{"width":210,"height":210}},"EF_slash1_1":{"EF/ef_charge_slash_main/ef_charge_slash_main_00002":{"width":280,"height":120},"EF/ef_charge_slash_main/ef_charge_slash_main_00004":{"width":280,"height":120},"EF/ef_charge_slash_main/ef_charge_slash_main_00005":{"width":280,"height":120},"EF/ef_charge_slash_main/ef_charge_slash_main_00006":{"width":280,"height":120},"EF/ef_charge_slash_main/ef_charge_slash_main_00007":{"width":280,"height":120},"EF/ef_charge_slash_main/ef_charge_slash_main_00008":{"width":280,"height":120},"EF/ef_charge_slash_main/ef_charge_slash_main_00009":{"width":280,"height":120}},"EF_slash2_1":{"EF/ef_slash_a_main 2/ef_slash_a_main 2_00001":{"x":51.32,"y":6.89,"width":576,"height":511},"EF/ef_slash_a_main 2/ef_slash_a_main 2_00002":{"x":51.32,"y":6.89,"width":576,"height":511},"EF/ef_slash_a_main 2/ef_slash_a_main 2_00003":{"x":51.32,"y":6.89,"width":576,"height":511},"EF/ef_slash_a_main 2/ef_slash_a_main 2_00004":{"x":51.32,"y":6.89,"width":576,"height":511},"EF/ef_slash_a_main 2/ef_slash_a_main 2_00005":{"x":51.32,"y":6.89,"width":576,"height":511},"EF/ef_slash_a_main 2/ef_slash_a_main 2_00007":{"x":51.32,"y":6.89,"width":576,"height":511},"EF/ef_slash_a_main 2/ef_slash_a_main 2_00009":{"x":51.32,"y":6.89,"width":576,"height":511},"EF/ef_slash_a_main 2/ef_slash_a_main 2_00010":{"x":51.32,"y":6.89,"width":576,"height":511},"EF/ef_slash_a_main 2/ef_slash_a_main 2_00011":{"x":51.32,"y":6.89,"width":576,"height":511}},"EF_slash3_1":{"EF/ef_slash_a_main 3/ef_slash_a_main 3_00002":{"x":78.13,"y":42.89,"width":576,"height":511},"EF/ef_slash_a_main 3/ef_slash_a_main 3_00003":{"x":78.13,"y":42.89,"width":576,"height":511},"EF/ef_slash_a_main 3/ef_slash_a_main 3_00004":{"x":78.13,"y":42.89,"width":576,"height":511},"EF/ef_slash_a_main 3/ef_slash_a_main 3_00005":{"x":78.13,"y":42.89,"width":576,"height":511},"EF/ef_slash_a_main 3/ef_slash_a_main 3_00006":{"x":78.13,"y":42.89,"width":576,"height":511},"EF/ef_slash_a_main 3/ef_slash_a_main 3_00007":{"x":78.13,"y":42.89,"width":576,"height":511},"EF/ef_slash_a_main 3/ef_slash_a_main 3_00009":{"x":78.13,"y":42.89,"width":576,"height":511},"EF/ef_slash_a_main 3/ef_slash_a_main 3_00011":{"x":78.13,"y":42.89,"width":576,"height":511},"EF/ef_slash_a_main 3/ef_slash_a_main 3_00013":{"x":78.13,"y":42.89,"width":576,"height":511},"EF/ef_slash_a_main 3/ef_slash_a_main 3_00015":{"x":78.13,"y":42.89,"width":576,"height":511}},"EF_slash4_1":{"EF/ef_slash_a_main/ef_slash_a_main_00001":{"x":39.83,"y":18.38,"width":576,"height":511},"EF/ef_slash_a_main/ef_slash_a_main_00002":{"x":39.83,"y":18.38,"width":576,"height":511},"EF/ef_slash_a_main/ef_slash_a_main_00003":{"x":39.83,"y":18.38,"width":576,"height":511},"EF/ef_slash_a_main/ef_slash_a_main_00006":{"x":39.83,"y":18.38,"width":576,"height":511},"EF/ef_slash_a_main/ef_slash_a_main_00007":{"x":39.83,"y":18.38,"width":576,"height":511},"EF/ef_slash_a_main/ef_slash_a_main_00008":{"x":39.83,"y":18.38,"width":576,"height":511}},"EF_slashbolt1_1":{"EF/EF_slashbolt/5250_S2_line1_00006":{"x":-3.5,"width":250,"height":250},"EF/EF_slashbolt/ef_slash_bolt_main_00001":{"x":6.5,"width":200,"height":450},"EF/EF_slashbolt/ef_slash_bolt_main_00003":{"x":6.5,"width":200,"height":450},"EF/EF_slashbolt/ef_slash_bolt_main_00004":{"x":6.5,"width":200,"height":450},"EF/EF_slashbolt/ef_slash_bolt_main_00005":{"x":6.5,"width":200,"height":450},"EF/EF_slashbolt/ef_slash_bolt_main_00006":{"x":6.5,"width":200,"height":450}},"EF_slashcircle1_1":{"EF/EF_slashcircle/ef_slash_circle_main_00001":{"width":200,"height":200},"EF/EF_slashcircle/ef_slash_circle_main_00002":{"width":200,"height":200},"EF/EF_slashcircle/ef_slash_circle_main_00003":{"width":200,"height":200},"EF/EF_slashcircle/ef_slash_circle_main_00004":{"width":200,"height":200},"EF/EF_slashcircle/ef_slash_circle_main_00005":{"width":200,"height":200},"EF/EF_slashcircle/ef_slash_circle_main_00006":{"width":200,"height":200},"EF/EF_slashcircle/ef_slash_circle_main_00007":{"width":200,"height":200},"EF/EF_slashcircle/ef_slash_circle_main_00008":{"width":200,"height":200}},"EF_slashcircle1_2":{"EF/EF_slashcircle/ef_slash_circle_main_00001":{"width":200,"height":200},"EF/EF_slashcircle/ef_slash_circle_main_00002":{"width":200,"height":200},"EF/EF_slashcircle/ef_slash_circle_main_00003":{"width":200,"height":200},"EF/EF_slashcircle/ef_slash_circle_main_00004":{"width":200,"height":200},"EF/EF_slashcircle/ef_slash_circle_main_00005":{"width":200,"height":200},"EF/EF_slashcircle/ef_slash_circle_main_00006":{"width":200,"height":200},"EF/EF_slashcircle/ef_slash_circle_main_00007":{"width":200,"height":200},"EF/EF_slashcircle/ef_slash_circle_main_00008":{"width":200,"height":200}},"EF_wind1_1":{"EF/EF_wind/ef_wind_yellow_00001":{"width":185,"height":130},"EF/EF_wind/ef_wind_yellow_00002":{"width":185,"height":130},"EF/EF_wind/ef_wind_yellow_00003":{"width":185,"height":130},"EF/EF_wind/ef_wind_yellow_00004":{"width":185,"height":130},"EF/EF_wind/ef_wind_yellow_00005":{"width":185,"height":130},"EF/EF_wind/ef_wind_yellow_00006":{"width":185,"height":130},"EF/EF_wind/ef_wind_yellow_00007":{"width":185,"height":130},"EF/EF_wind/ef_wind_yellow_00008":{"width":185,"height":130}},"EF_wing1_1":{"EF/130_S1_wing1/130_S1_wing1_00013":{"width":270,"height":270},"EF/130_S1_wing1/130_S1_wing1_00015":{"width":270,"height":270},"EF/130_S1_wing1/130_S1_wing1_00016":{"width":270,"height":270},"EF/130_S1_wing1/130_S1_wing1_00018":{"width":270,"height":270},"EF/130_S1_wing1/130_S1_wing1_00019":{"width":270,"height":270},"EF/130_S1_wing1/130_S1_wing1_00021":{"width":270,"height":270},"EF/130_S1_wing1/130_S1_wing1_00022":{"width":270,"height":270},"EF/130_S1_wing1/130_S1_wing1_00024":{"width":270,"height":270},"EF/130_S1_wing1/130_S1_wing1_00025":{"width":270,"height":270}},"EF_wing1_2":{"EF/130_S1_wing1/130_S1_wing1_00013":{"width":270,"height":270},"EF/130_S1_wing1/130_S1_wing1_00015":{"width":270,"height":270},"EF/130_S1_wing1/130_S1_wing1_00016":{"width":270,"height":270},"EF/130_S1_wing1/130_S1_wing1_00018":{"width":270,"height":270},"EF/130_S1_wing1/130_S1_wing1_00019":{"width":270,"height":270},"EF/130_S1_wing1/130_S1_wing1_00021":{"width":270,"height":270},"EF/130_S1_wing1/130_S1_wing1_00022":{"width":270,"height":270},"EF/130_S1_wing1/130_S1_wing1_00024":{"width":270,"height":270},"EF/130_S1_wing1/130_S1_wing1_00025":{"width":270,"height":270}},"EF_wing1_3":{"EF/130_S1_wing1/130_S1_wing1_00013":{"width":270,"height":270},"EF/130_S1_wing1/130_S1_wing1_00015":{"width":270,"height":270},"EF/130_S1_wing1/130_S1_wing1_00016":{"width":270,"height":270},"EF/130_S1_wing1/130_S1_wing1_00018":{"width":270,"height":270},"EF/130_S1_wing1/130_S1_wing1_00019":{"width":270,"height":270},"EF/130_S1_wing1/130_S1_wing1_00021":{"width":270,"height":270},"EF/130_S1_wing1/130_S1_wing1_00022":{"width":270,"height":270},"EF/130_S1_wing1/130_S1_wing1_00024":{"width":270,"height":270},"EF/130_S1_wing1/130_S1_wing1_00025":{"width":270,"height":270}}}},"animations":{"1-attack1":{},"1-skill1":{"slots":{"EF_slash2_1":{"attachment":[{"time":0.6333,"name":"EF/ef_slash_a_main 2/ef_slash_a_main 2_00001"},{"time":0.6666,"name":"EF/ef_slash_a_main 2/ef_slash_a_main 2_00002"},{"time":0.7,"name":"EF/ef_slash_a_main 2/ef_slash_a_main 2_00003"},{"time":0.7333,"name":"EF/ef_slash_a_main 2/ef_slash_a_main 2_00004"},{"time":0.7666,"name":"EF/ef_slash_a_main 2/ef_slash_a_main 2_00005"},{"time":0.8,"name":"EF/ef_slash_a_main 2/ef_slash_a_main 2_00007"},{"time":0.8333,"name":"EF/ef_slash_a_main 2/ef_slash_a_main 2_00009"},{"time":0.8666,"name":"EF/ef_slash_a_main 2/ef_slash_a_main 2_00010"},{"time":0.9,"name":"EF/ef_slash_a_main 2/ef_slash_a_main 2_00011"},{"time":0.9333,"name":null}]},"EF_slash3_1":{"attachment":[{"time":1.7,"name":"EF/ef_slash_a_main 3/ef_slash_a_main 3_00002"},{"time":1.7333,"name":"EF/ef_slash_a_main 3/ef_slash_a_main 3_00003"},{"time":1.7666,"name":"EF/ef_slash_a_main 3/ef_slash_a_main 3_00004"},{"time":1.8,"name":"EF/ef_slash_a_main 3/ef_slash_a_main 3_00005"},{"time":1.8333,"name":"EF/ef_slash_a_main 3/ef_slash_a_main 3_00006"},{"time":1.8666,"name":"EF/ef_slash_a_main 3/ef_slash_a_main 3_00007"},{"time":1.9,"name":"EF/ef_slash_a_main 3/ef_slash_a_main 3_00009"},{"time":1.9333,"name":"EF/ef_slash_a_main 3/ef_slash_a_main 3_00011"},{"time":1.9666,"name":"EF/ef_slash_a_main 3/ef_slash_a_main 3_00013"},{"time":2,"name":"EF/ef_slash_a_main 3/ef_slash_a_main 3_00015"},{"time":2.0333,"name":null}]},"EF_slash4_1":{"attachment":[{"time":0.2,"name":"EF/ef_slash_a_main/ef_slash_a_main_00001"},{"time":0.2333,"name":"EF/ef_slash_a_main/ef_slash_a_main_00002"},{"time":0.2666,"name":"EF/ef_slash_a_main/ef_slash_a_main_00003"},{"time":0.3,"name":"EF/ef_slash_a_main/ef_slash_a_main_00006"},{"time":0.3333,"name":"EF/ef_slash_a_main/ef_slash_a_main_00007"},{"time":0.3666,"name":"EF/ef_slash_a_main/ef_slash_a_main_00008"},{"time":0.4,"name":null}]}},"bones":{"EF_slash4_1":{"translate":[{"time":0.2,"x":-206.53,"y":-68.92}],"scale":[{"time":0.2,"x":3.5,"y":3.5}]},"EF_slash2_1":{"translate":[{"time":0.6333,"x":-243.5,"y":-25.36}],"scale":[{"time":0.6333,"x":3.5,"y":3.5}]},"EF_slash3_1":{"translate":[{"time":1.7,"x":-353.41,"y":23.67}],"scale":[{"time":1.7,"x":3.5,"y":3.5}]}}},"1-skill2":{"slots":{"EF_charge1_1":{"attachment":[{"time":0.1,"name":"EF/ef_particle_line_main/ef_particle_line_main_00001"},{"time":0.1333,"name":"EF/ef_particle_line_main/ef_particle_line_main_00002"},{"time":0.1666,"name":"EF/ef_particle_line_main/ef_particle_line_main_00003"},{"time":0.2,"name":"EF/ef_particle_line_main/ef_particle_line_main_00004"},{"time":0.2333,"name":"EF/ef_particle_line_main/ef_particle_line_main_00005"},{"time":0.2666,"name":"EF/ef_particle_line_main/ef_particle_line_main_00006"},{"time":0.3,"name":"EF/ef_particle_line_main/ef_particle_line_main_00007"},{"time":0.3666,"name":"EF/ef_particle_line_main/ef_particle_line_main_00008"},{"time":0.4333,"name":"EF/ef_particle_line_main/ef_particle_line_main_00009"},{"time":0.5,"name":null}]},"EF_light1_1":{"attachment":[{"time":0.6333,"name":"EF/130_S1_shine1_00041"},{"time":0.7666,"name":null}],"color":[{"time":0.7,"color":"ffffffff"},{"time":0.7666,"color":"ffffff00"}]},"EF_power1_1":{"attachment":[{"time":0.3666,"name":"EF/EF_power1/5250_S2_power2_00000"},{"time":0.4,"name":"EF/EF_power1/5250_S2_power2_00002"},{"time":0.4333,"name":"EF/EF_power1/5250_S2_power2_00004"},{"time":0.4666,"name":"EF/EF_power1/5250_S2_power2_00005"},{"time":0.5,"name":"EF/EF_power1/5250_S2_power2_00006"},{"time":0.5333,"name":"EF/EF_power1/5250_S2_power2_00007"},{"time":0.5666,"name":"EF/EF_power1/5250_S2_power2_00008"},{"time":0.6,"name":"EF/EF_power1/5250_S2_power2_00009"},{"time":0.6333,"name":null}]},"EF_slash1_1":{"attachment":[{"time":0.7,"name":"EF/ef_charge_slash_main/ef_charge_slash_main_00002"},{"time":0.7333,"name":"EF/ef_charge_slash_main/ef_charge_slash_main_00004"},{"time":0.7666,"name":"EF/ef_charge_slash_main/ef_charge_slash_main_00005"},{"time":0.8,"name":"EF/ef_charge_slash_main/ef_charge_slash_main_00006"},{"time":0.8333,"name":"EF/ef_charge_slash_main/ef_charge_slash_main_00007"},{"time":0.8666,"name":"EF/ef_charge_slash_main/ef_charge_slash_main_00008"},{"time":0.9,"name":"EF/ef_charge_slash_main/ef_charge_slash_main_00009"},{"time":0.9333,"name":null}]},"EF_slash2_1":{"attachment":[{"time":0.7,"name":"EF/ef_slash_a_main 2/ef_slash_a_main 2_00002"},{"time":0.7666,"name":"EF/ef_slash_a_main 2/ef_slash_a_main 2_00003"},{"time":0.8,"name":"EF/ef_slash_a_main 2/ef_slash_a_main 2_00004"},{"time":0.8333,"name":"EF/ef_slash_a_main 2/ef_slash_a_main 2_00005"},{"time":0.8666,"name":"EF/ef_slash_a_main 2/ef_slash_a_main 2_00007"},{"time":0.9,"name":"EF/ef_slash_a_main 2/ef_slash_a_main 2_00009"},{"time":0.9333,"name":"EF/ef_slash_a_main 2/ef_slash_a_main 2_00010"},{"time":0.9666,"name":"EF/ef_slash_a_main 2/ef_slash_a_main 2_00011"},{"time":1,"name":null}],"color":[{"time":0.8666,"color":"ffffffff"},{"time":1,"color":"ffffff00"}]},"EF_wing1_1":{"attachment":[{"time":0.8,"name":"EF/130_S1_wing1/130_S1_wing1_00013"},{"time":0.8666,"name":"EF/130_S1_wing1/130_S1_wing1_00015"},{"time":0.9333,"name":"EF/130_S1_wing1/130_S1_wing1_00016"},{"time":1,"name":"EF/130_S1_wing1/130_S1_wing1_00018"},{"time":1.0666,"name":"EF/130_S1_wing1/130_S1_wing1_00019"},{"time":1.1333,"name":"EF/130_S1_wing1/130_S1_wing1_00021"},{"time":1.2,"name":"EF/130_S1_wing1/130_S1_wing1_00022"},{"time":1.2666,"name":"EF/130_S1_wing1/130_S1_wing1_00024"},{"time":1.3333,"name":"EF/130_S1_wing1/130_S1_wing1_00025"},{"time":1.4,"name":null}],"color":[{"time":0.7666,"color":"ffffff00"},{"time":0.9,"color":"ffffffff","curve":"stepped"},{"time":1.3,"color":"ffffffff"},{"time":1.4,"color":"ffffff00"}]}},"bones":{"EF_charge1_1":{"translate":[{"time":0.1,"x":-155.05,"y":-12.74}],"scale":[{"time":0.1,"x":2,"y":2}]},"EF_power1_1":{"translate":[{"time":0.3666,"x":-55.22,"y":-13.8}],"scale":[{"time":0.3666,"x":2,"y":2,"curve":[0.115,0.57,0.75,1]},{"time":0.6666,"x":5.881,"y":5.881}]},"EF_light1_1":{"translate":[{"time":0.6333,"x":-55.64,"y":37.88}],"scale":[{"time":0.6333,"x":2.081,"y":2.081},{"time":0.6666,"x":8.094,"y":8.094},{"time":0.7,"x":8.094,"y":0.166,"curve":[0.192,0.88,0.75,1]},{"time":0.7666,"x":211.199,"y":0.01}]},"EF_slash1_1":{"translate":[{"time":0.7,"x":-466.76,"y":0}],"scale":[{"time":0.7,"x":4.072,"y":4.072}]},"EF_slash2_1":{"rotate":[{"time":0.7,"angle":-165.81,"curve":"stepped"},{"time":0.7666,"angle":-169.79}],"translate":[{"time":0.7,"x":-351.71,"y":-99.29,"curve":"stepped"},{"time":0.7666,"x":-440.79,"y":-84.44}],"scale":[{"time":0.7,"x":-3.61,"y":2.7,"curve":"stepped"},{"time":0.7666,"x":-4.968,"y":3.366}]},"EF_wing1_1":{"translate":[{"time":0.8,"x":-322.45,"y":-138.42,"curve":[0.105,0.57,0.75,1]},{"time":0.9666,"x":-322.5,"y":-126.36},{"time":1.3666,"x":-322.5,"y":-130.87}],"scale":[{"time":0.8,"x":3.5,"y":3.5,"curve":[0.129,0.49,0.75,1]},{"time":1.3666,"x":3.6,"y":3.6}]}}},"2-attack1":{},"2-skill1":{"slots":{"EF_slash2_1":{"attachment":[{"time":0.6333,"name":"EF/ef_slash_a_main 2/ef_slash_a_main 2_00001"},{"time":0.6666,"name":"EF/ef_slash_a_main 2/ef_slash_a_main 2_00002"},{"time":0.7,"name":"EF/ef_slash_a_main 2/ef_slash_a_main 2_00003"},{"time":0.7333,"name":"EF/ef_slash_a_main 2/ef_slash_a_main 2_00004"},{"time":0.7666,"name":"EF/ef_slash_a_main 2/ef_slash_a_main 2_00005"},{"time":0.8,"name":"EF/ef_slash_a_main 2/ef_slash_a_main 2_00007"},{"time":0.8333,"name":"EF/ef_slash_a_main 2/ef_slash_a_main 2_00009"},{"time":0.8666,"name":"EF/ef_slash_a_main 2/ef_slash_a_main 2_00010"},{"time":0.9,"name":"EF/ef_slash_a_main 2/ef_slash_a_main 2_00011"},{"time":0.9333,"name":null}]},"EF_slash3_1":{"attachment":[{"time":1.7,"name":"EF/ef_slash_a_main 3/ef_slash_a_main 3_00002"},{"time":1.7333,"name":"EF/ef_slash_a_main 3/ef_slash_a_main 3_00003"},{"time":1.7666,"name":"EF/ef_slash_a_main 3/ef_slash_a_main 3_00004"},{"time":1.8,"name":"EF/ef_slash_a_main 3/ef_slash_a_main 3_00005"},{"time":1.8333,"name":"EF/ef_slash_a_main 3/ef_slash_a_main 3_00006"},{"time":1.8666,"name":"EF/ef_slash_a_main 3/ef_slash_a_main 3_00007"},{"time":1.9,"name":"EF/ef_slash_a_main 3/ef_slash_a_main 3_00009"},{"time":1.9333,"name":"EF/ef_slash_a_main 3/ef_slash_a_main 3_00011"},{"time":1.9666,"name":"EF/ef_slash_a_main 3/ef_slash_a_main 3_00013"},{"time":2,"name":"EF/ef_slash_a_main 3/ef_slash_a_main 3_00015"},{"time":2.0333,"name":null}]},"EF_slash4_1":{"attachment":[{"time":0.2,"name":"EF/ef_slash_a_main/ef_slash_a_main_00001"},{"time":0.2333,"name":"EF/ef_slash_a_main/ef_slash_a_main_00002"},{"time":0.2666,"name":"EF/ef_slash_a_main/ef_slash_a_main_00003"},{"time":0.3,"name":"EF/ef_slash_a_main/ef_slash_a_main_00006"},{"time":0.3333,"name":"EF/ef_slash_a_main/ef_slash_a_main_00007"},{"time":0.3666,"name":"EF/ef_slash_a_main/ef_slash_a_main_00008"},{"time":0.4,"name":null}]},"EF_wing1_1":{"attachment":[{"time":0.3,"name":"EF/130_S1_wing1/130_S1_wing1_00013"},{"time":0.3666,"name":"EF/130_S1_wing1/130_S1_wing1_00015"},{"time":0.4333,"name":"EF/130_S1_wing1/130_S1_wing1_00016"},{"time":0.5,"name":"EF/130_S1_wing1/130_S1_wing1_00018"},{"time":0.5666,"name":"EF/130_S1_wing1/130_S1_wing1_00019"},{"time":0.6333,"name":"EF/130_S1_wing1/130_S1_wing1_00021"},{"time":0.7,"name":"EF/130_S1_wing1/130_S1_wing1_00022"},{"time":0.7666,"name":"EF/130_S1_wing1/130_S1_wing1_00024"},{"time":0.8333,"name":"EF/130_S1_wing1/130_S1_wing1_00025"},{"time":0.9,"name":null},{"time":1.8666,"name":"EF/130_S1_wing1/130_S1_wing1_00013"},{"time":1.9333,"name":"EF/130_S1_wing1/130_S1_wing1_00015"},{"time":2,"name":"EF/130_S1_wing1/130_S1_wing1_00016"},{"time":2.0666,"name":"EF/130_S1_wing1/130_S1_wing1_00018"},{"time":2.1333,"name":"EF/130_S1_wing1/130_S1_wing1_00019"},{"time":2.2,"name":"EF/130_S1_wing1/130_S1_wing1_00021"},{"time":2.2666,"name":"EF/130_S1_wing1/130_S1_wing1_00022"},{"time":2.3333,"name":"EF/130_S1_wing1/130_S1_wing1_00024"},{"time":2.4,"name":"EF/130_S1_wing1/130_S1_wing1_00025"},{"time":2.4666,"name":null}],"color":[{"time":0.2666,"color":"ffffff00"},{"time":0.4,"color":"ffffffff","curve":"stepped"},{"time":0.8,"color":"ffffffff"},{"time":0.9,"color":"ffffff00","curve":"stepped"},{"time":1.8333,"color":"ffffff00"},{"time":1.9666,"color":"ffffffff","curve":"stepped"},{"time":2.3666,"color":"ffffffff"},{"time":2.4666,"color":"ffffff00"}]},"EF_wing1_2":{"attachment":[{"time":0.8,"name":"EF/130_S1_wing1/130_S1_wing1_00013"},{"time":0.8666,"name":"EF/130_S1_wing1/130_S1_wing1_00015"},{"time":0.9333,"name":"EF/130_S1_wing1/130_S1_wing1_00016"},{"time":1,"name":"EF/130_S1_wing1/130_S1_wing1_00018"},{"time":1.0666,"name":"EF/130_S1_wing1/130_S1_wing1_00019"},{"time":1.1333,"name":"EF/130_S1_wing1/130_S1_wing1_00021"},{"time":1.2,"name":"EF/130_S1_wing1/130_S1_wing1_00022"},{"time":1.2666,"name":"EF/130_S1_wing1/130_S1_wing1_00024"},{"time":1.3333,"name":"EF/130_S1_wing1/130_S1_wing1_00025"},{"time":1.4,"name":null}],"color":[{"time":0.7666,"color":"ffffff00"},{"time":0.9,"color":"ffffffff","curve":"stepped"},{"time":1.3,"color":"ffffffff"},{"time":1.4,"color":"ffffff00"}]}},"bones":{"EF_wing1_1":{"translate":[{"time":0.3,"x":-199.05,"y":-138.42,"curve":[0.105,0.57,0.75,1]},{"time":0.4666,"x":-199.05,"y":-134.99},{"time":0.8666,"x":-199.05,"y":-138.42,"curve":"stepped"},{"time":1.8666,"x":-330,"y":-138.42,"curve":[0.105,0.57,0.75,1]},{"time":2.0333,"x":-330,"y":-134.99},{"time":2.4333,"x":-330,"y":-138.42}],"scale":[{"time":0.3,"x":2,"y":2,"curve":[0.129,0.49,0.75,1]},{"time":0.8666,"x":2.1,"y":2.1,"curve":"stepped"},{"time":1.8666,"x":2.5,"y":2.5,"curve":[0.129,0.49,0.75,1]},{"time":2.4333,"x":2.6,"y":2.6}]},"EF_wing1_2":{"translate":[{"time":0.8,"x":-295,"y":-138.42,"curve":[0.105,0.57,0.75,1]},{"time":0.9666,"x":-295,"y":-134.99},{"time":1.3666,"x":-295,"y":-138.42}],"scale":[{"time":0.8,"x":2,"y":2,"curve":[0.129,0.49,0.75,1]},{"time":1.3666,"x":2.1,"y":2.1}]},"EF_slash4_1":{"translate":[{"time":0.2,"x":-206.53,"y":-68.92}],"scale":[{"time":0.2,"x":4,"y":4}]},"EF_slash2_1":{"translate":[{"time":0.6333,"x":-243.5,"y":-25.36}],"scale":[{"time":0.6333,"x":4,"y":4}]},"EF_slash3_1":{"translate":[{"time":1.7,"x":-353.41,"y":23.67}],"scale":[{"time":1.7,"x":4,"y":4}]}}},"2-skill2":{"slots":{"EF_charge1_1":{"attachment":[{"time":0.1,"name":"EF/ef_particle_line_main/ef_particle_line_main_00001"},{"time":0.1333,"name":"EF/ef_particle_line_main/ef_particle_line_main_00002"},{"time":0.1666,"name":"EF/ef_particle_line_main/ef_particle_line_main_00003"},{"time":0.2,"name":"EF/ef_particle_line_main/ef_particle_line_main_00004"},{"time":0.2333,"name":"EF/ef_particle_line_main/ef_particle_line_main_00005"},{"time":0.2666,"name":"EF/ef_particle_line_main/ef_particle_line_main_00006"},{"time":0.3,"name":"EF/ef_particle_line_main/ef_particle_line_main_00007"},{"time":0.3666,"name":"EF/ef_particle_line_main/ef_particle_line_main_00008"},{"time":0.4333,"name":"EF/ef_particle_line_main/ef_particle_line_main_00009"},{"time":0.5,"name":null}]},"EF_light1_1":{"attachment":[{"time":0.6333,"name":"EF/130_S1_shine1_00041"},{"time":0.7666,"name":null}],"color":[{"time":0.7,"color":"ffffffff"},{"time":0.7666,"color":"ffffff00"}]},"EF_light2_1":{"attachment":[{"time":0.4333,"name":"EF/5250_S3_power1_00000"}],"color":[{"time":0.4333,"color":"ffffffff","curve":[0.168,0.44,0.75,1]},{"time":0.6666,"color":"ffffff00"}]},"EF_power1_1":{"attachment":[{"time":0.3666,"name":"EF/EF_power1/5250_S2_power2_00000"},{"time":0.4,"name":"EF/EF_power1/5250_S2_power2_00002"},{"time":0.4333,"name":"EF/EF_power1/5250_S2_power2_00004"},{"time":0.4666,"name":"EF/EF_power1/5250_S2_power2_00005"},{"time":0.5,"name":"EF/EF_power1/5250_S2_power2_00006"},{"time":0.5333,"name":"EF/EF_power1/5250_S2_power2_00007"},{"time":0.5666,"name":"EF/EF_power1/5250_S2_power2_00008"},{"time":0.6,"name":"EF/EF_power1/5250_S2_power2_00009"},{"time":0.6333,"name":null}]},"EF_slash1_1":{"attachment":[{"time":0.7,"name":"EF/ef_charge_slash_main/ef_charge_slash_main_00002"},{"time":0.7333,"name":"EF/ef_charge_slash_main/ef_charge_slash_main_00004"},{"time":0.7666,"name":"EF/ef_charge_slash_main/ef_charge_slash_main_00005"},{"time":0.8,"name":"EF/ef_charge_slash_main/ef_charge_slash_main_00006"},{"time":0.8333,"name":"EF/ef_charge_slash_main/ef_charge_slash_main_00007"},{"time":0.8666,"name":"EF/ef_charge_slash_main/ef_charge_slash_main_00008"},{"time":0.9,"name":"EF/ef_charge_slash_main/ef_charge_slash_main_00009"},{"time":0.9333,"name":null}]},"EF_slash2_1":{"attachment":[{"time":0.7,"name":"EF/ef_slash_a_main 2/ef_slash_a_main 2_00002"},{"time":0.7666,"name":"EF/ef_slash_a_main 2/ef_slash_a_main 2_00003"},{"time":0.8,"name":"EF/ef_slash_a_main 2/ef_slash_a_main 2_00004"},{"time":0.8333,"name":"EF/ef_slash_a_main 2/ef_slash_a_main 2_00005"},{"time":0.8666,"name":"EF/ef_slash_a_main 2/ef_slash_a_main 2_00007"},{"time":0.9,"name":"EF/ef_slash_a_main 2/ef_slash_a_main 2_00009"},{"time":0.9333,"name":"EF/ef_slash_a_main 2/ef_slash_a_main 2_00010"},{"time":0.9666,"name":"EF/ef_slash_a_main 2/ef_slash_a_main 2_00011"},{"time":1,"name":null}],"color":[{"time":0.8666,"color":"ffffffff"},{"time":1,"color":"ffffff00"}]},"EF_wing1_1":{"attachment":[{"time":0.8,"name":"EF/130_S1_wing1/130_S1_wing1_00013"},{"time":0.8666,"name":"EF/130_S1_wing1/130_S1_wing1_00015"},{"time":0.9333,"name":"EF/130_S1_wing1/130_S1_wing1_00016"},{"time":1,"name":"EF/130_S1_wing1/130_S1_wing1_00018"},{"time":1.0666,"name":"EF/130_S1_wing1/130_S1_wing1_00019"},{"time":1.1333,"name":"EF/130_S1_wing1/130_S1_wing1_00021"},{"time":1.2,"name":"EF/130_S1_wing1/130_S1_wing1_00022"},{"time":1.2666,"name":"EF/130_S1_wing1/130_S1_wing1_00024"},{"time":1.3333,"name":"EF/130_S1_wing1/130_S1_wing1_00025"},{"time":1.4,"name":null}],"color":[{"time":0.7666,"color":"ffffff00"},{"time":0.9,"color":"ffffffff","curve":"stepped"},{"time":1.3,"color":"ffffffff"},{"time":1.4,"color":"ffffff00"}]}},"bones":{"EF_charge1_1":{"translate":[{"time":0.1,"x":-155.05,"y":-12.74}],"scale":[{"time":0.1,"x":2,"y":2}]},"EF_power1_1":{"translate":[{"time":0.3666,"x":-55.22,"y":-13.8}],"scale":[{"time":0.3666,"x":2,"y":2,"curve":[0.115,0.57,0.75,1]},{"time":0.6666,"x":5.881,"y":5.881}]},"EF_light2_1":{"translate":[{"time":0.4333,"x":-55.43,"y":-13.86}],"scale":[{"time":0.4333,"x":4.967,"y":4.967},{"time":0.6333,"x":11.267,"y":11.267}]},"EF_light1_1":{"translate":[{"time":0.6333,"x":-55.64,"y":37.88}],"scale":[{"time":0.6333,"x":2.081,"y":2.081},{"time":0.6666,"x":8.094,"y":8.094},{"time":0.7,"x":8.094,"y":0.166,"curve":[0.192,0.88,0.75,1]},{"time":0.7666,"x":211.199,"y":0.01}]},"EF_slash1_1":{"translate":[{"time":0.7,"x":-466.76,"y":0}],"scale":[{"time":0.7,"x":4.072,"y":4.072}]},"EF_slash2_1":{"rotate":[{"time":0.7,"angle":-165.81,"curve":"stepped"},{"time":0.7666,"angle":-169.79}],"translate":[{"time":0.7,"x":-351.71,"y":-99.29,"curve":"stepped"},{"time":0.7666,"x":-440.79,"y":-84.44}],"scale":[{"time":0.7,"x":-3.61,"y":2.7,"curve":"stepped"},{"time":0.7666,"x":-4.968,"y":3.366}]},"EF_wing1_1":{"translate":[{"time":0.8,"x":-322.45,"y":-138.42,"curve":[0.105,0.57,0.75,1]},{"time":0.9666,"x":-322.5,"y":-126.36},{"time":1.3666,"x":-322.5,"y":-130.87}],"scale":[{"time":0.8,"x":3.5,"y":3.5,"curve":[0.129,0.49,0.75,1]},{"time":1.3666,"x":3.6,"y":3.6}]}}},"3-attack1":{},"3-skill1":{"slots":{"EF_slash2_1":{"attachment":[{"time":0.6333,"name":"EF/ef_slash_a_main 2/ef_slash_a_main 2_00001"},{"time":0.6666,"name":"EF/ef_slash_a_main 2/ef_slash_a_main 2_00002"},{"time":0.7,"name":"EF/ef_slash_a_main 2/ef_slash_a_main 2_00003"},{"time":0.7333,"name":"EF/ef_slash_a_main 2/ef_slash_a_main 2_00004"},{"time":0.7666,"name":"EF/ef_slash_a_main 2/ef_slash_a_main 2_00005"},{"time":0.8,"name":"EF/ef_slash_a_main 2/ef_slash_a_main 2_00007"},{"time":0.8333,"name":"EF/ef_slash_a_main 2/ef_slash_a_main 2_00009"},{"time":0.8666,"name":"EF/ef_slash_a_main 2/ef_slash_a_main 2_00010"},{"time":0.9,"name":"EF/ef_slash_a_main 2/ef_slash_a_main 2_00011"},{"time":0.9333,"name":null}]},"EF_slash3_1":{"attachment":[{"time":1.7,"name":"EF/ef_slash_a_main 3/ef_slash_a_main 3_00002"},{"time":1.7333,"name":"EF/ef_slash_a_main 3/ef_slash_a_main 3_00003"},{"time":1.7666,"name":"EF/ef_slash_a_main 3/ef_slash_a_main 3_00004"},{"time":1.8,"name":"EF/ef_slash_a_main 3/ef_slash_a_main 3_00005"},{"time":1.8333,"name":"EF/ef_slash_a_main 3/ef_slash_a_main 3_00006"},{"time":1.8666,"name":"EF/ef_slash_a_main 3/ef_slash_a_main 3_00007"},{"time":1.9,"name":"EF/ef_slash_a_main 3/ef_slash_a_main 3_00009"},{"time":1.9333,"name":"EF/ef_slash_a_main 3/ef_slash_a_main 3_00011"},{"time":1.9666,"name":"EF/ef_slash_a_main 3/ef_slash_a_main 3_00013"},{"time":2,"name":"EF/ef_slash_a_main 3/ef_slash_a_main 3_00015"},{"time":2.0333,"name":null}]},"EF_slash4_1":{"attachment":[{"time":0.2,"name":"EF/ef_slash_a_main/ef_slash_a_main_00001"},{"time":0.2333,"name":"EF/ef_slash_a_main/ef_slash_a_main_00002"},{"time":0.2666,"name":"EF/ef_slash_a_main/ef_slash_a_main_00003"},{"time":0.3,"name":"EF/ef_slash_a_main/ef_slash_a_main_00006"},{"time":0.3333,"name":"EF/ef_slash_a_main/ef_slash_a_main_00007"},{"time":0.3666,"name":"EF/ef_slash_a_main/ef_slash_a_main_00008"},{"time":0.4,"name":null}]},"EF_wing1_1":{"attachment":[{"time":0.3,"name":"EF/130_S1_wing1/130_S1_wing1_00013"},{"time":0.3666,"name":"EF/130_S1_wing1/130_S1_wing1_00015"},{"time":0.4333,"name":"EF/130_S1_wing1/130_S1_wing1_00016"},{"time":0.5,"name":"EF/130_S1_wing1/130_S1_wing1_00018"},{"time":0.5666,"name":"EF/130_S1_wing1/130_S1_wing1_00019"},{"time":0.6333,"name":"EF/130_S1_wing1/130_S1_wing1_00021"},{"time":0.7,"name":"EF/130_S1_wing1/130_S1_wing1_00022"},{"time":0.7666,"name":"EF/130_S1_wing1/130_S1_wing1_00024"},{"time":0.8333,"name":"EF/130_S1_wing1/130_S1_wing1_00025"},{"time":0.9,"name":null},{"time":1.8666,"name":"EF/130_S1_wing1/130_S1_wing1_00013"},{"time":1.9333,"name":"EF/130_S1_wing1/130_S1_wing1_00015"},{"time":2,"name":"EF/130_S1_wing1/130_S1_wing1_00016"},{"time":2.0666,"name":"EF/130_S1_wing1/130_S1_wing1_00018"},{"time":2.1333,"name":"EF/130_S1_wing1/130_S1_wing1_00019"},{"time":2.2,"name":"EF/130_S1_wing1/130_S1_wing1_00021"},{"time":2.2666,"name":"EF/130_S1_wing1/130_S1_wing1_00022"},{"time":2.3333,"name":"EF/130_S1_wing1/130_S1_wing1_00024"},{"time":2.4,"name":"EF/130_S1_wing1/130_S1_wing1_00025"},{"time":2.4666,"name":null}],"color":[{"time":0.2666,"color":"ffffff00"},{"time":0.4,"color":"ffffffff","curve":"stepped"},{"time":0.8,"color":"ffffffff"},{"time":0.9,"color":"ffffff00","curve":"stepped"},{"time":1.8333,"color":"ffffff00"},{"time":1.9666,"color":"ffffffff","curve":"stepped"},{"time":2.3666,"color":"ffffffff"},{"time":2.4666,"color":"ffffff00"}]},"EF_wing1_2":{"attachment":[{"time":0.8,"name":"EF/130_S1_wing1/130_S1_wing1_00013"},{"time":0.8666,"name":"EF/130_S1_wing1/130_S1_wing1_00015"},{"time":0.9333,"name":"EF/130_S1_wing1/130_S1_wing1_00016"},{"time":1,"name":"EF/130_S1_wing1/130_S1_wing1_00018"},{"time":1.0666,"name":"EF/130_S1_wing1/130_S1_wing1_00019"},{"time":1.1333,"name":"EF/130_S1_wing1/130_S1_wing1_00021"},{"time":1.2,"name":"EF/130_S1_wing1/130_S1_wing1_00022"},{"time":1.2666,"name":"EF/130_S1_wing1/130_S1_wing1_00024"},{"time":1.3333,"name":"EF/130_S1_wing1/130_S1_wing1_00025"},{"time":1.4,"name":null}],"color":[{"time":0.7666,"color":"ffffff00"},{"time":0.9,"color":"ffffffff","curve":"stepped"},{"time":1.3,"color":"ffffffff"},{"time":1.4,"color":"ffffff00"}]}},"bones":{"EF_wing1_1":{"translate":[{"time":0.3,"x":-199.05,"y":-138.42,"curve":[0.105,0.57,0.75,1]},{"time":0.4666,"x":-199.05,"y":-134.99},{"time":0.8666,"x":-199.05,"y":-138.42,"curve":"stepped"},{"time":1.8666,"x":-330,"y":-138.42,"curve":[0.105,0.57,0.75,1]},{"time":2.0333,"x":-330,"y":-134.99},{"time":2.4333,"x":-330,"y":-138.42}],"scale":[{"time":0.3,"x":2,"y":2,"curve":[0.129,0.49,0.75,1]},{"time":0.8666,"x":2.1,"y":2.1,"curve":"stepped"},{"time":1.8666,"x":2.5,"y":2.5,"curve":[0.129,0.49,0.75,1]},{"time":2.4333,"x":2.6,"y":2.6}]},"EF_wing1_2":{"translate":[{"time":0.8,"x":-295,"y":-138.42,"curve":[0.105,0.57,0.75,1]},{"time":0.9666,"x":-295,"y":-134.99},{"time":1.3666,"x":-295,"y":-138.42}],"scale":[{"time":0.8,"x":2,"y":2,"curve":[0.129,0.49,0.75,1]},{"time":1.3666,"x":2.1,"y":2.1}]},"EF_slash4_1":{"translate":[{"time":0.2,"x":-206.53,"y":-68.92}],"scale":[{"time":0.2,"x":4,"y":4}]},"EF_slash2_1":{"translate":[{"time":0.6333,"x":-243.5,"y":-25.36}],"scale":[{"time":0.6333,"x":4,"y":4}]},"EF_slash3_1":{"translate":[{"time":1.7,"x":-353.41,"y":23.67}],"scale":[{"time":1.7,"x":4,"y":4}]}}},"3-skill2":{"slots":{"EF_charge1_1":{"attachment":[{"time":0.1,"name":"EF/ef_particle_line_main/ef_particle_line_main_00001"},{"time":0.1333,"name":"EF/ef_particle_line_main/ef_particle_line_main_00002"},{"time":0.1666,"name":"EF/ef_particle_line_main/ef_particle_line_main_00003"},{"time":0.2,"name":"EF/ef_particle_line_main/ef_particle_line_main_00004"},{"time":0.2333,"name":"EF/ef_particle_line_main/ef_particle_line_main_00005"},{"time":0.2666,"name":"EF/ef_particle_line_main/ef_particle_line_main_00006"},{"time":0.3,"name":"EF/ef_particle_line_main/ef_particle_line_main_00007"},{"time":0.3666,"name":"EF/ef_particle_line_main/ef_particle_line_main_00008"},{"time":0.4333,"name":"EF/ef_particle_line_main/ef_particle_line_main_00009"},{"time":0.5,"name":null}]},"EF_light1_1":{"attachment":[{"time":0.6333,"name":"EF/130_S1_shine1_00041"},{"time":0.7666,"name":null}],"color":[{"time":0.7,"color":"ffffffff"},{"time":0.7666,"color":"ffffff00"}]},"EF_light2_1":{"attachment":[{"time":0.4333,"name":"EF/5250_S3_power1_00000"}],"color":[{"time":0.4333,"color":"ffffffff","curve":[0.168,0.44,0.75,1]},{"time":0.6666,"color":"ffffff00"}]},"EF_power1_1":{"attachment":[{"time":0.3666,"name":"EF/EF_power1/5250_S2_power2_00000"},{"time":0.4,"name":"EF/EF_power1/5250_S2_power2_00002"},{"time":0.4333,"name":"EF/EF_power1/5250_S2_power2_00004"},{"time":0.4666,"name":"EF/EF_power1/5250_S2_power2_00005"},{"time":0.5,"name":"EF/EF_power1/5250_S2_power2_00006"},{"time":0.5333,"name":"EF/EF_power1/5250_S2_power2_00007"},{"time":0.5666,"name":"EF/EF_power1/5250_S2_power2_00008"},{"time":0.6,"name":"EF/EF_power1/5250_S2_power2_00009"},{"time":0.6333,"name":null}]},"EF_slash1_1":{"attachment":[{"time":0.7,"name":"EF/ef_charge_slash_main/ef_charge_slash_main_00002"},{"time":0.7333,"name":"EF/ef_charge_slash_main/ef_charge_slash_main_00004"},{"time":0.7666,"name":"EF/ef_charge_slash_main/ef_charge_slash_main_00005"},{"time":0.8,"name":"EF/ef_charge_slash_main/ef_charge_slash_main_00006"},{"time":0.8333,"name":"EF/ef_charge_slash_main/ef_charge_slash_main_00007"},{"time":0.8666,"name":"EF/ef_charge_slash_main/ef_charge_slash_main_00008"},{"time":0.9,"name":"EF/ef_charge_slash_main/ef_charge_slash_main_00009"},{"time":0.9333,"name":null}]},"EF_slash2_1":{"attachment":[{"time":0.7,"name":"EF/ef_slash_a_main 2/ef_slash_a_main 2_00002"},{"time":0.7666,"name":"EF/ef_slash_a_main 2/ef_slash_a_main 2_00003"},{"time":0.8,"name":"EF/ef_slash_a_main 2/ef_slash_a_main 2_00004"},{"time":0.8333,"name":"EF/ef_slash_a_main 2/ef_slash_a_main 2_00005"},{"time":0.8666,"name":"EF/ef_slash_a_main 2/ef_slash_a_main 2_00007"},{"time":0.9,"name":"EF/ef_slash_a_main 2/ef_slash_a_main 2_00009"},{"time":0.9333,"name":"EF/ef_slash_a_main 2/ef_slash_a_main 2_00010"},{"time":0.9666,"name":"EF/ef_slash_a_main 2/ef_slash_a_main 2_00011"},{"time":1,"name":null}],"color":[{"time":0.8666,"color":"ffffffff"},{"time":1,"color":"ffffff00"}]},"EF_wing1_1":{"attachment":[{"time":0.8,"name":"EF/130_S1_wing1/130_S1_wing1_00013"},{"time":0.8666,"name":"EF/130_S1_wing1/130_S1_wing1_00015"},{"time":0.9333,"name":"EF/130_S1_wing1/130_S1_wing1_00016"},{"time":1,"name":"EF/130_S1_wing1/130_S1_wing1_00018"},{"time":1.0666,"name":"EF/130_S1_wing1/130_S1_wing1_00019"},{"time":1.1333,"name":"EF/130_S1_wing1/130_S1_wing1_00021"},{"time":1.2,"name":"EF/130_S1_wing1/130_S1_wing1_00022"},{"time":1.2666,"name":"EF/130_S1_wing1/130_S1_wing1_00024"},{"time":1.3333,"name":"EF/130_S1_wing1/130_S1_wing1_00025"},{"time":1.4,"name":null}],"color":[{"time":0.7666,"color":"ffffff00"},{"time":0.9,"color":"ffffffff","curve":"stepped"},{"time":1.3,"color":"ffffffff"},{"time":1.4,"color":"ffffff00"}]}},"bones":{"EF_charge1_1":{"translate":[{"time":0.1,"x":-155.05,"y":-12.74}],"scale":[{"time":0.1,"x":2,"y":2}]},"EF_power1_1":{"translate":[{"time":0.3666,"x":-55.22,"y":-13.8}],"scale":[{"time":0.3666,"x":2,"y":2,"curve":[0.115,0.57,0.75,1]},{"time":0.6666,"x":5.881,"y":5.881}]},"EF_light2_1":{"translate":[{"time":0.4333,"x":-55.43,"y":-13.86}],"scale":[{"time":0.4333,"x":4.967,"y":4.967},{"time":0.6333,"x":11.267,"y":11.267}]},"EF_light1_1":{"translate":[{"time":0.6333,"x":-55.64,"y":37.88}],"scale":[{"time":0.6333,"x":2.081,"y":2.081},{"time":0.6666,"x":8.094,"y":8.094},{"time":0.7,"x":8.094,"y":0.166,"curve":[0.192,0.88,0.75,1]},{"time":0.7666,"x":211.199,"y":0.01}]},"EF_slash1_1":{"translate":[{"time":0.7,"x":-466.76,"y":0}],"scale":[{"time":0.7,"x":4.072,"y":4.072}]},"EF_slash2_1":{"rotate":[{"time":0.7,"angle":-165.81,"curve":"stepped"},{"time":0.7666,"angle":-169.79}],"translate":[{"time":0.7,"x":-351.71,"y":-99.29,"curve":"stepped"},{"time":0.7666,"x":-440.79,"y":-84.44}],"scale":[{"time":0.7,"x":-3.61,"y":2.7,"curve":"stepped"},{"time":0.7666,"x":-4.968,"y":3.366}]},"EF_wing1_1":{"translate":[{"time":0.8,"x":-322.45,"y":-138.42,"curve":[0.105,0.57,0.75,1]},{"time":0.9666,"x":-322.5,"y":-126.36},{"time":1.3666,"x":-322.5,"y":-130.87}],"scale":[{"time":0.8,"x":3.5,"y":3.5,"curve":[0.129,0.49,0.75,1]},{"time":1.3666,"x":3.6,"y":3.6}]}}},"3-skill3":{"slots":{"EF_charge1_1":{"attachment":[{"time":2.7666,"name":"EF/ef_particle_line_main/ef_particle_line_main_00001"},{"time":2.8,"name":"EF/ef_particle_line_main/ef_particle_line_main_00002"},{"time":2.8333,"name":"EF/ef_particle_line_main/ef_particle_line_main_00003"},{"time":2.8666,"name":"EF/ef_particle_line_main/ef_particle_line_main_00004"},{"time":2.9,"name":"EF/ef_particle_line_main/ef_particle_line_main_00005"},{"time":2.9333,"name":"EF/ef_particle_line_main/ef_particle_line_main_00006"},{"time":2.9666,"name":"EF/ef_particle_line_main/ef_particle_line_main_00007"},{"time":3,"name":"EF/ef_particle_line_main/ef_particle_line_main_00008"},{"time":3.0333,"name":"EF/ef_particle_line_main/ef_particle_line_main_00009"},{"time":3.0666,"name":null}]},"EF_flash1_1":{"attachment":[{"time":1.5666,"name":"EF/ef_flash_main/ef_flash_main_00001"},{"time":1.6333,"name":"EF/ef_flash_main/ef_flash_main_00002"},{"time":1.7,"name":"EF/ef_flash_main/ef_flash_main_00003"},{"time":1.7333,"name":"EF/ef_flash_main/ef_flash_main_00004"},{"time":1.7666,"name":"EF/ef_flash_main/ef_flash_main_00005"},{"time":1.8,"name":"EF/ef_flash_main/ef_flash_main_00006"},{"time":1.8333,"name":"EF/ef_flash_main/ef_flash_main_00007"},{"time":1.8666,"name":"EF/ef_flash_main/ef_flash_main_00003"},{"time":1.9,"name":"EF/ef_flash_main/ef_flash_main_00004"},{"time":1.9333,"name":"EF/ef_flash_main/ef_flash_main_00005"},{"time":1.9666,"name":"EF/ef_flash_main/ef_flash_main_00006"},{"time":2,"name":"EF/ef_flash_main/ef_flash_main_00007"},{"time":2.0333,"name":"EF/ef_flash_main/ef_flash_main_00003"},{"time":2.0666,"name":"EF/ef_flash_main/ef_flash_main_00004"},{"time":2.1,"name":"EF/ef_flash_main/ef_flash_main_00005"},{"time":2.1333,"name":"EF/ef_flash_main/ef_flash_main_00006"},{"time":2.1666,"name":"EF/ef_flash_main/ef_flash_main_00007"},{"time":2.2,"name":"EF/ef_flash_main/ef_flash_main_00003"},{"time":2.2333,"name":"EF/ef_flash_main/ef_flash_main_00004"},{"time":2.2666,"name":"EF/ef_flash_main/ef_flash_main_00005"},{"time":2.3,"name":"EF/ef_flash_main/ef_flash_main_00006"},{"time":2.3333,"name":"EF/ef_flash_main/ef_flash_main_00007"},{"time":2.3666,"name":"EF/ef_flash_main/ef_flash_main_00003"},{"time":2.4,"name":"EF/ef_flash_main/ef_flash_main_00004"},{"time":2.4333,"name":"EF/ef_flash_main/ef_flash_main_00005"},{"time":2.4666,"name":"EF/ef_flash_main/ef_flash_main_00006"},{"time":2.5,"name":"EF/ef_flash_main/ef_flash_main_00007"},{"time":2.5333,"name":"EF/ef_flash_main/ef_flash_main_00003"},{"time":2.5666,"name":"EF/ef_flash_main/ef_flash_main_00004"},{"time":2.6,"name":"EF/ef_flash_main/ef_flash_main_00005"},{"time":2.6333,"name":"EF/ef_flash_main/ef_flash_main_00006"},{"time":2.6666,"name":"EF/ef_flash_main/ef_flash_main_00007"},{"time":2.7,"name":"EF/ef_flash_main/ef_flash_main_00003"},{"time":2.7333,"name":"EF/ef_flash_main/ef_flash_main_00004"},{"time":2.7666,"name":"EF/ef_flash_main/ef_flash_main_00005"},{"time":2.8,"name":"EF/ef_flash_main/ef_flash_main_00006"},{"time":2.8333,"name":"EF/ef_flash_main/ef_flash_main_00007"},{"time":2.8666,"name":"EF/ef_flash_main/ef_flash_main_00003"},{"time":2.9,"name":"EF/ef_flash_main/ef_flash_main_00004"},{"time":2.9333,"name":"EF/ef_flash_main/ef_flash_main_00005"},{"time":2.9666,"name":"EF/ef_flash_main/ef_flash_main_00006"},{"time":3,"name":"EF/ef_flash_main/ef_flash_main_00007"},{"time":3.0333,"name":"EF/ef_flash_main/ef_flash_main_00003"},{"time":3.0666,"name":"EF/ef_flash_main/ef_flash_main_00004"},{"time":3.1,"name":"EF/ef_flash_main/ef_flash_main_00005"},{"time":3.1333,"name":"EF/ef_flash_main/ef_flash_main_00006"},{"time":3.1666,"name":"EF/ef_flash_main/ef_flash_main_00007"},{"time":3.2,"name":"EF/ef_flash_main/ef_flash_main_00003"},{"time":3.2333,"name":"EF/ef_flash_main/ef_flash_main_00004"},{"time":3.2666,"name":"EF/ef_flash_main/ef_flash_main_00005"},{"time":3.3,"name":"EF/ef_flash_main/ef_flash_main_00006"},{"time":3.3333,"name":"EF/ef_flash_main/ef_flash_main_00007"},{"time":3.3666,"name":"EF/ef_flash_main/ef_flash_main_00001"},{"time":3.4,"name":"EF/ef_flash_main/ef_flash_main_00002"},{"time":3.4333,"name":"EF/ef_flash_main/ef_flash_main_00003"},{"time":3.4666,"name":null}]},"EF_light1_1":{"attachment":[{"time":1.5666,"name":"EF/130_S1_shine1_00041"},{"time":3,"name":null}],"color":[{"time":2.3333,"color":"ffffffff"},{"time":3,"color":"ffffff00"}]},"EF_light1_2":{"attachment":[{"time":1.6666,"name":"EF/130_S1_shine1_00041"}],"color":[{"time":2.4666,"color":"ffffffff"},{"time":3.1333,"color":"ffffff00"}]},"EF_light1_3":{"attachment":[{"time":1.7333,"name":"EF/130_S1_shine1_00041"}],"color":[{"time":2.5,"color":"ffffffff"},{"time":3.1666,"color":"ffffff00"}]},"EF_light1_4":{"attachment":[{"time":1.8,"name":"EF/130_S1_shine1_00041"}],"color":[{"time":2.5666,"color":"ffffffff"},{"time":3.2333,"color":"ffffff00"}]},"EF_light1_5":{"attachment":[{"time":1.8666,"name":"EF/130_S1_shine1_00041"}],"color":[{"time":2.6333,"color":"ffffffff"},{"time":3.3,"color":"ffffff00"}]},"EF_light1_6":{"attachment":[{"time":2,"name":"EF/130_S1_shine1_00041"}],"color":[{"time":2.7666,"color":"ffffffff"},{"time":3.4333,"color":"ffffff00"}]},"EF_light1_7":{"attachment":[{"time":2.0666,"name":"EF/130_S1_shine1_00041"}],"color":[{"time":2.8333,"color":"ffffffff"},{"time":3.5,"color":"ffffff00"}]},"EF_light1_8":{"attachment":[{"time":2.1333,"name":"EF/130_S1_shine1_00041"}],"color":[{"time":2.9,"color":"ffffffff"},{"time":3.5666,"color":"ffffff00"}]},"EF_light1_9":{"attachment":[{"time":2.2,"name":"EF/130_S1_shine1_00041"}],"color":[{"time":2.9666,"color":"ffffffff"},{"time":3.6333,"color":"ffffff00"}]},"EF_light1_10":{"attachment":[{"time":2.2666,"name":"EF/130_S1_shine1_00041"}],"color":[{"time":3.0333,"color":"ffffffff"},{"time":3.7,"color":"ffffff00"}]},"EF_light2_1":{"attachment":[{"time":1.5666,"name":"EF/5250_S3_power1_00000"},{"time":1.9666,"name":null}],"color":[{"time":1.5666,"color":"ffffffff","curve":[0.022,1,0.75,1]},{"time":1.9666,"color":"ffffff00"}]},"EF_power1_1":{"attachment":[{"time":0.7333,"name":"EF/EF_power1/5250_S2_power2_00000"},{"time":0.7666,"name":"EF/EF_power1/5250_S2_power2_00001"},{"time":0.8,"name":"EF/EF_power1/5250_S2_power2_00002"},{"time":0.8333,"name":"EF/EF_power1/5250_S2_power2_00003"},{"time":0.8666,"name":"EF/EF_power1/5250_S2_power2_00004"},{"time":0.9,"name":"EF/EF_power1/5250_S2_power2_00005"},{"time":0.9333,"name":"EF/EF_power1/5250_S2_power2_00006"},{"time":0.9666,"name":"EF/EF_power1/5250_S2_power2_00007"},{"time":1,"name":"EF/EF_power1/5250_S2_power2_00008"},{"time":1.0333,"name":"EF/EF_power1/5250_S2_power2_00009"},{"time":1.0666,"name":null},{"time":2.9666,"name":"EF/EF_power1/5250_S2_power2_00000"},{"time":3,"name":"EF/EF_power1/5250_S2_power2_00001"},{"time":3.0333,"name":"EF/EF_power1/5250_S2_power2_00002"},{"time":3.0666,"name":"EF/EF_power1/5250_S2_power2_00003"},{"time":3.1,"name":"EF/EF_power1/5250_S2_power2_00004"},{"time":3.1333,"name":"EF/EF_power1/5250_S2_power2_00005"},{"time":3.1666,"name":"EF/EF_power1/5250_S2_power2_00006"},{"time":3.2,"name":"EF/EF_power1/5250_S2_power2_00007"},{"time":3.2333,"name":"EF/EF_power1/5250_S2_power2_00008"},{"time":3.2666,"name":"EF/EF_power1/5250_S2_power2_00009"},{"time":3.3,"name":null}]},"EF_power2_1":{"attachment":[{"time":0,"name":"EF/EF_charge2/130_S1_shine2_00046"},{"time":0.1,"name":"EF/EF_charge2/130_S1_shine2_00038"},{"time":0.1666,"name":"EF/EF_charge2/130_S1_shine2_00039"},{"time":0.2333,"name":"EF/EF_charge2/130_S1_shine2_00040"},{"time":0.3,"name":"EF/EF_charge2/130_S1_shine2_00041"},{"time":0.3666,"name":"EF/EF_charge2/130_S1_shine2_00042"},{"time":0.4333,"name":"EF/EF_charge2/130_S1_shine2_00043"},{"time":0.5,"name":"EF/EF_charge2/130_S1_shine2_00044"},{"time":0.5666,"name":"EF/EF_charge2/130_S1_shine2_00045"},{"time":0.6333,"name":"EF/EF_charge2/130_S1_shine2_00046"},{"time":0.7,"name":"EF/EF_charge2/130_S1_shine2_00047"},{"time":0.7666,"name":"EF/EF_charge2/130_S1_shine2_00048"},{"time":0.8333,"name":null}]},"EF_shockwave1_1":{"attachment":[{"time":3.4666,"name":"EF/EF_shockwave/ef_shock_wave_main_00002"},{"time":3.5,"name":"EF/EF_shockwave/ef_shock_wave_main_00003"},{"time":3.5333,"name":"EF/EF_shockwave/ef_shock_wave_main_00004"},{"time":3.5666,"name":"EF/EF_shockwave/ef_shock_wave_main_00005"},{"time":3.6333,"name":"EF/EF_shockwave/ef_shock_wave_main_00006"},{"time":3.7,"name":"EF/EF_shockwave/ef_shock_wave_main_00007"},{"time":3.7666,"name":"EF/EF_shockwave/ef_shock_wave_main_00008"},{"time":3.8333,"name":"EF/EF_shockwave/ef_shock_wave_main_00009"},{"time":3.9,"name":"EF/EF_shockwave/ef_shock_wave_main_00010"},{"time":3.9666,"name":null}]},"EF_slash2_1":{"attachment":[{"time":1.5,"name":"EF/ef_slash_a_main 2/ef_slash_a_main 2_00001"},{"time":1.5333,"name":"EF/ef_slash_a_main 2/ef_slash_a_main 2_00002"},{"time":1.5666,"name":"EF/ef_slash_a_main 2/ef_slash_a_main 2_00003"},{"time":1.6,"name":"EF/ef_slash_a_main 2/ef_slash_a_main 2_00004"},{"time":1.6333,"name":"EF/ef_slash_a_main 2/ef_slash_a_main 2_00005"},{"time":1.6666,"name":"EF/ef_slash_a_main 2/ef_slash_a_main 2_00007"},{"time":1.7,"name":"EF/ef_slash_a_main 2/ef_slash_a_main 2_00009"},{"time":1.7333,"name":"EF/ef_slash_a_main 2/ef_slash_a_main 2_00010"},{"time":1.7666,"name":"EF/ef_slash_a_main 2/ef_slash_a_main 2_00011"},{"time":1.8,"name":null}]},"EF_slashbolt1_1":{"attachment":[{"time":3.4,"name":"EF/EF_slashbolt/ef_slash_bolt_main_00001"},{"time":3.4333,"name":"EF/EF_slashbolt/ef_slash_bolt_main_00003"},{"time":3.5,"name":"EF/EF_slashbolt/ef_slash_bolt_main_00004"},{"time":3.5333,"name":"EF/EF_slashbolt/ef_slash_bolt_main_00005"},{"time":3.5666,"name":"EF/EF_slashbolt/ef_slash_bolt_main_00006"},{"time":3.6,"name":"EF/EF_slashbolt/5250_S2_line1_00006"},{"time":4.1666,"name":null}],"color":[{"time":3.6,"color":"ffffffff"},{"time":4.1666,"color":"ffffff00"}]},"EF_slashcircle1_1":{"attachment":[{"time":1.5666,"name":"EF/EF_slashcircle/ef_slash_circle_main_00001"},{"time":1.6,"name":"EF/EF_slashcircle/ef_slash_circle_main_00002"},{"time":1.6333,"name":"EF/EF_slashcircle/ef_slash_circle_main_00003"},{"time":1.6666,"name":"EF/EF_slashcircle/ef_slash_circle_main_00004"},{"time":1.7,"name":"EF/EF_slashcircle/ef_slash_circle_main_00005"},{"time":1.7333,"name":"EF/EF_slashcircle/ef_slash_circle_main_00006"},{"time":1.7666,"name":"EF/EF_slashcircle/ef_slash_circle_main_00007"},{"time":1.8,"name":"EF/EF_slashcircle/ef_slash_circle_main_00008"},{"time":1.8333,"name":null},{"time":1.9,"name":"EF/EF_slashcircle/ef_slash_circle_main_00001"},{"time":1.9333,"name":"EF/EF_slashcircle/ef_slash_circle_main_00002"},{"time":1.9666,"name":"EF/EF_slashcircle/ef_slash_circle_main_00003"},{"time":2,"name":"EF/EF_slashcircle/ef_slash_circle_main_00004"},{"time":2.0333,"name":"EF/EF_slashcircle/ef_slash_circle_main_00005"},{"time":2.0666,"name":"EF/EF_slashcircle/ef_slash_circle_main_00006"},{"time":2.1,"name":"EF/EF_slashcircle/ef_slash_circle_main_00007"},{"time":2.1333,"name":"EF/EF_slashcircle/ef_slash_circle_main_00008"},{"time":2.1666,"name":null},{"time":2.2333,"name":"EF/EF_slashcircle/ef_slash_circle_main_00001"},{"time":2.2666,"name":"EF/EF_slashcircle/ef_slash_circle_main_00002"},{"time":2.3,"name":"EF/EF_slashcircle/ef_slash_circle_main_00003"},{"time":2.3333,"name":"EF/EF_slashcircle/ef_slash_circle_main_00004"},{"time":2.3666,"name":"EF/EF_slashcircle/ef_slash_circle_main_00005"},{"time":2.4,"name":"EF/EF_slashcircle/ef_slash_circle_main_00006"},{"time":2.4333,"name":"EF/EF_slashcircle/ef_slash_circle_main_00007"},{"time":2.4666,"name":"EF/EF_slashcircle/ef_slash_circle_main_00008"},{"time":2.5,"name":null},{"time":2.5666,"name":"EF/EF_slashcircle/ef_slash_circle_main_00001"},{"time":2.6,"name":"EF/EF_slashcircle/ef_slash_circle_main_00002"},{"time":2.6333,"name":"EF/EF_slashcircle/ef_slash_circle_main_00003"},{"time":2.6666,"name":"EF/EF_slashcircle/ef_slash_circle_main_00004"},{"time":2.7,"name":"EF/EF_slashcircle/ef_slash_circle_main_00005"},{"time":2.7333,"name":"EF/EF_slashcircle/ef_slash_circle_main_00006"},{"time":2.7666,"name":"EF/EF_slashcircle/ef_slash_circle_main_00007"},{"time":2.8,"name":"EF/EF_slashcircle/ef_slash_circle_main_00008"},{"time":2.8333,"name":null},{"time":2.9,"name":"EF/EF_slashcircle/ef_slash_circle_main_00001"},{"time":2.9333,"name":"EF/EF_slashcircle/ef_slash_circle_main_00002"},{"time":2.9666,"name":"EF/EF_slashcircle/ef_slash_circle_main_00003"},{"time":3,"name":"EF/EF_slashcircle/ef_slash_circle_main_00004"},{"time":3.0333,"name":"EF/EF_slashcircle/ef_slash_circle_main_00005"},{"time":3.0666,"name":"EF/EF_slashcircle/ef_slash_circle_main_00006"},{"time":3.1,"name":"EF/EF_slashcircle/ef_slash_circle_main_00007"},{"time":3.1333,"name":"EF/EF_slashcircle/ef_slash_circle_main_00008"},{"time":3.1666,"name":null},{"time":3.2333,"name":"EF/EF_slashcircle/ef_slash_circle_main_00001"},{"time":3.2666,"name":"EF/EF_slashcircle/ef_slash_circle_main_00002"},{"time":3.3,"name":"EF/EF_slashcircle/ef_slash_circle_main_00003"},{"time":3.3333,"name":"EF/EF_slashcircle/ef_slash_circle_main_00004"},{"time":3.3666,"name":"EF/EF_slashcircle/ef_slash_circle_main_00005"},{"time":3.4,"name":"EF/EF_slashcircle/ef_slash_circle_main_00006"},{"time":3.4333,"name":"EF/EF_slashcircle/ef_slash_circle_main_00007"},{"time":3.4666,"name":"EF/EF_slashcircle/ef_slash_circle_main_00008"},{"time":3.5,"name":null}]},"EF_slashcircle1_2":{"attachment":[{"time":1.7333,"name":"EF/EF_slashcircle/ef_slash_circle_main_00001"},{"time":1.7666,"name":"EF/EF_slashcircle/ef_slash_circle_main_00002"},{"time":1.8,"name":"EF/EF_slashcircle/ef_slash_circle_main_00003"},{"time":1.8333,"name":"EF/EF_slashcircle/ef_slash_circle_main_00004"},{"time":1.8666,"name":"EF/EF_slashcircle/ef_slash_circle_main_00005"},{"time":1.9,"name":"EF/EF_slashcircle/ef_slash_circle_main_00006"},{"time":1.9333,"name":"EF/EF_slashcircle/ef_slash_circle_main_00007"},{"time":1.9666,"name":"EF/EF_slashcircle/ef_slash_circle_main_00008"},{"time":2,"name":null},{"time":2.0666,"name":"EF/EF_slashcircle/ef_slash_circle_main_00001"},{"time":2.1,"name":"EF/EF_slashcircle/ef_slash_circle_main_00002"},{"time":2.1333,"name":"EF/EF_slashcircle/ef_slash_circle_main_00003"},{"time":2.1666,"name":"EF/EF_slashcircle/ef_slash_circle_main_00004"},{"time":2.2,"name":"EF/EF_slashcircle/ef_slash_circle_main_00005"},{"time":2.2333,"name":"EF/EF_slashcircle/ef_slash_circle_main_00006"},{"time":2.2666,"name":"EF/EF_slashcircle/ef_slash_circle_main_00007"},{"time":2.3,"name":"EF/EF_slashcircle/ef_slash_circle_main_00008"},{"time":2.3333,"name":null},{"time":2.4,"name":"EF/EF_slashcircle/ef_slash_circle_main_00001"},{"time":2.4333,"name":"EF/EF_slashcircle/ef_slash_circle_main_00002"},{"time":2.4666,"name":"EF/EF_slashcircle/ef_slash_circle_main_00003"},{"time":2.5,"name":"EF/EF_slashcircle/ef_slash_circle_main_00004"},{"time":2.5333,"name":"EF/EF_slashcircle/ef_slash_circle_main_00005"},{"time":2.5666,"name":"EF/EF_slashcircle/ef_slash_circle_main_00006"},{"time":2.6,"name":"EF/EF_slashcircle/ef_slash_circle_main_00007"},{"time":2.6333,"name":"EF/EF_slashcircle/ef_slash_circle_main_00008"},{"time":2.6666,"name":null},{"time":2.7333,"name":"EF/EF_slashcircle/ef_slash_circle_main_00001"},{"time":2.7666,"name":"EF/EF_slashcircle/ef_slash_circle_main_00002"},{"time":2.8,"name":"EF/EF_slashcircle/ef_slash_circle_main_00003"},{"time":2.8333,"name":"EF/EF_slashcircle/ef_slash_circle_main_00004"},{"time":2.8666,"name":"EF/EF_slashcircle/ef_slash_circle_main_00005"},{"time":2.9,"name":"EF/EF_slashcircle/ef_slash_circle_main_00006"},{"time":2.9333,"name":"EF/EF_slashcircle/ef_slash_circle_main_00007"},{"time":2.9666,"name":"EF/EF_slashcircle/ef_slash_circle_main_00008"},{"time":3,"name":null},{"time":3.0666,"name":"EF/EF_slashcircle/ef_slash_circle_main_00001"},{"time":3.1,"name":"EF/EF_slashcircle/ef_slash_circle_main_00002"},{"time":3.1333,"name":"EF/EF_slashcircle/ef_slash_circle_main_00003"},{"time":3.1666,"name":"EF/EF_slashcircle/ef_slash_circle_main_00004"},{"time":3.2,"name":"EF/EF_slashcircle/ef_slash_circle_main_00005"},{"time":3.2333,"name":"EF/EF_slashcircle/ef_slash_circle_main_00006"},{"time":3.2666,"name":"EF/EF_slashcircle/ef_slash_circle_main_00007"},{"time":3.3,"name":"EF/EF_slashcircle/ef_slash_circle_main_00008"},{"time":3.3333,"name":null},{"time":3.4,"name":"EF/EF_slashcircle/ef_slash_circle_main_00001"},{"time":3.4333,"name":"EF/EF_slashcircle/ef_slash_circle_main_00002"},{"time":3.4666,"name":"EF/EF_slashcircle/ef_slash_circle_main_00003"},{"time":3.5,"name":"EF/EF_slashcircle/ef_slash_circle_main_00004"},{"time":3.5333,"name":"EF/EF_slashcircle/ef_slash_circle_main_00005"},{"time":3.5666,"name":"EF/EF_slashcircle/ef_slash_circle_main_00006"},{"time":3.6,"name":"EF/EF_slashcircle/ef_slash_circle_main_00007"},{"time":3.6333,"name":"EF/EF_slashcircle/ef_slash_circle_main_00008"},{"time":3.6666,"name":null}]},"EF_wind1_1":{"attachment":[{"time":0.7333,"name":"EF/EF_wind/ef_wind_yellow_00001"},{"time":0.7666,"name":"EF/EF_wind/ef_wind_yellow_00002"},{"time":0.8,"name":"EF/EF_wind/ef_wind_yellow_00003"},{"time":0.8333,"name":"EF/EF_wind/ef_wind_yellow_00004"},{"time":0.8666,"name":"EF/EF_wind/ef_wind_yellow_00005"},{"time":0.9,"name":"EF/EF_wind/ef_wind_yellow_00006"},{"time":0.9333,"name":"EF/EF_wind/ef_wind_yellow_00007"},{"time":0.9666,"name":"EF/EF_wind/ef_wind_yellow_00008"},{"time":1,"name":"EF/EF_wind/ef_wind_yellow_00001"},{"time":1.0333,"name":"EF/EF_wind/ef_wind_yellow_00002"},{"time":1.0666,"name":"EF/EF_wind/ef_wind_yellow_00003"},{"time":1.1,"name":"EF/EF_wind/ef_wind_yellow_00004"},{"time":1.1333,"name":"EF/EF_wind/ef_wind_yellow_00005"},{"time":1.1666,"name":"EF/EF_wind/ef_wind_yellow_00006"},{"time":1.2,"name":"EF/EF_wind/ef_wind_yellow_00007"},{"time":1.2333,"name":"EF/EF_wind/ef_wind_yellow_00008"},{"time":1.2666,"name":null},{"time":3.4333,"name":"EF/EF_wind/ef_wind_yellow_00001"},{"time":3.4666,"name":"EF/EF_wind/ef_wind_yellow_00002"},{"time":3.5,"name":"EF/EF_wind/ef_wind_yellow_00003"},{"time":3.5333,"name":"EF/EF_wind/ef_wind_yellow_00004"},{"time":3.5666,"name":"EF/EF_wind/ef_wind_yellow_00005"},{"time":3.6,"name":"EF/EF_wind/ef_wind_yellow_00006"},{"time":3.6333,"name":"EF/EF_wind/ef_wind_yellow_00007"},{"time":3.6666,"name":"EF/EF_wind/ef_wind_yellow_00008"},{"time":3.7,"name":"EF/EF_wind/ef_wind_yellow_00001"},{"time":3.7333,"name":"EF/EF_wind/ef_wind_yellow_00002"},{"time":3.7666,"name":"EF/EF_wind/ef_wind_yellow_00003"},{"time":3.8,"name":"EF/EF_wind/ef_wind_yellow_00004"},{"time":3.8333,"name":"EF/EF_wind/ef_wind_yellow_00005"},{"time":3.8666,"name":"EF/EF_wind/ef_wind_yellow_00006"},{"time":3.9,"name":"EF/EF_wind/ef_wind_yellow_00007"},{"time":3.9333,"name":"EF/EF_wind/ef_wind_yellow_00008"},{"time":3.9666,"name":null}],"color":[{"time":0.7333,"color":"ffffffff"},{"time":1.2666,"color":"ffffff00","curve":"stepped"},{"time":3.4333,"color":"ffffffff"},{"time":3.9666,"color":"ffffff00"}]},"EF_wing1_1":{"attachment":[{"time":3.5333,"name":"EF/130_S1_wing1/130_S1_wing1_00013"},{"time":3.6,"name":"EF/130_S1_wing1/130_S1_wing1_00015"},{"time":3.6666,"name":"EF/130_S1_wing1/130_S1_wing1_00016"},{"time":3.7333,"name":"EF/130_S1_wing1/130_S1_wing1_00018"},{"time":3.8,"name":"EF/130_S1_wing1/130_S1_wing1_00019"},{"time":3.8666,"name":"EF/130_S1_wing1/130_S1_wing1_00021"},{"time":3.9333,"name":"EF/130_S1_wing1/130_S1_wing1_00022"},{"time":4,"name":"EF/130_S1_wing1/130_S1_wing1_00024"},{"time":4.0666,"name":"EF/130_S1_wing1/130_S1_wing1_00025"},{"time":4.1333,"name":null}],"color":[{"time":3.5,"color":"ffffff00"},{"time":3.6333,"color":"ffffffff","curve":"stepped"},{"time":4.0333,"color":"ffffffff"},{"time":4.1333,"color":"ffffff00"}]},"EF_wing1_2":{"attachment":[{"time":3.5666,"name":"EF/130_S1_wing1/130_S1_wing1_00013"},{"time":3.6333,"name":"EF/130_S1_wing1/130_S1_wing1_00015"},{"time":3.7,"name":"EF/130_S1_wing1/130_S1_wing1_00016"},{"time":3.7666,"name":"EF/130_S1_wing1/130_S1_wing1_00018"},{"time":3.8333,"name":"EF/130_S1_wing1/130_S1_wing1_00019"},{"time":3.9,"name":"EF/130_S1_wing1/130_S1_wing1_00021"},{"time":3.9666,"name":"EF/130_S1_wing1/130_S1_wing1_00022"},{"time":4.0333,"name":"EF/130_S1_wing1/130_S1_wing1_00024"},{"time":4.1,"name":"EF/130_S1_wing1/130_S1_wing1_00025"},{"time":4.1666,"name":null}],"color":[{"time":3.5333,"color":"ffffff00"},{"time":3.6666,"color":"ffffffff","curve":"stepped"},{"time":4.0666,"color":"ffffffff"},{"time":4.1666,"color":"ffffff00"}]},"EF_wing1_3":{"attachment":[{"time":3.5666,"name":"EF/130_S1_wing1/130_S1_wing1_00013"},{"time":3.6333,"name":"EF/130_S1_wing1/130_S1_wing1_00015"},{"time":3.7,"name":"EF/130_S1_wing1/130_S1_wing1_00016"},{"time":3.7666,"name":"EF/130_S1_wing1/130_S1_wing1_00018"},{"time":3.8333,"name":"EF/130_S1_wing1/130_S1_wing1_00019"},{"time":3.9,"name":"EF/130_S1_wing1/130_S1_wing1_00021"},{"time":3.9666,"name":"EF/130_S1_wing1/130_S1_wing1_00022"},{"time":4.0333,"name":"EF/130_S1_wing1/130_S1_wing1_00024"},{"time":4.1,"name":"EF/130_S1_wing1/130_S1_wing1_00025"},{"time":4.1666,"name":null}],"color":[{"time":3.5333,"color":"ffffff00"},{"time":3.6666,"color":"ffffffff","curve":"stepped"},{"time":4.0666,"color":"ffffffff"},{"time":4.1666,"color":"ffffff00"}]}},"bones":{"EF_power2_1":{"translate":[{"time":0,"x":-200.04,"y":11.63,"curve":"stepped"},{"time":0.1,"x":-200.04,"y":11.63}],"scale":[{"time":0,"x":4,"y":4,"curve":"stepped"},{"time":0.1,"x":4,"y":4}]},"EF_power1_1":{"translate":[{"time":0.7333,"x":-150.24,"y":-38.68,"curve":"stepped"},{"time":2.9666,"x":-49.92,"y":-8.28}],"scale":[{"time":0.7333,"x":1.386,"y":1.386,"curve":[0.196,0.59,0.75,1]},{"time":1.0333,"x":10,"y":10,"curve":"stepped"},{"time":2.9666,"x":2.5,"y":2.5,"curve":[0.226,0.64,0.75,1]},{"time":3.2666,"x":5,"y":5}]},"EF_wind1_1":{"translate":[{"time":0.7333,"x":-290.09,"y":31.87,"curve":"stepped"},{"time":3.4333,"x":-734.51,"y":10.37}],"scale":[{"time":0.7333,"x":2.5,"y":2.5,"curve":[0.17,0.82,0.75,1]},{"time":1.2333,"x":12.228,"y":12.228,"curve":"stepped"},{"time":3.4333,"x":2.5,"y":2.5,"curve":[0.17,0.82,0.75,1]},{"time":3.9333,"x":25,"y":25}]},"EF_slashcircle1_1":{"rotate":[{"time":1.5666,"angle":0,"curve":"stepped"},{"time":1.9,"angle":99.73,"curve":"stepped"},{"time":2.2333,"angle":-150.64,"curve":"stepped"},{"time":2.5666,"angle":-36.27,"curve":"stepped"},{"time":2.9,"angle":-150.64,"curve":"stepped"},{"time":3.2333,"angle":-150.64}],"translate":[{"time":1.5666,"x":-632.87,"y":61.76}],"scale":[{"time":1.5666,"x":5,"y":5}]},"EF_slash2_1":{"translate":[{"time":1.5,"x":-145.14,"y":-34.15}],"scale":[{"time":1.5,"x":5,"y":5}]},"EF_slashcircle1_2":{"rotate":[{"time":1.7333,"angle":-149.78,"curve":"stepped"},{"time":2.0666,"angle":-40.53,"curve":"stepped"},{"time":2.4,"angle":81.5,"curve":"stepped"},{"time":2.7333,"angle":-148.42,"curve":"stepped"},{"time":3.0666,"angle":81.5,"curve":"stepped"},{"time":3.4,"angle":81.5}],"translate":[{"time":1.7333,"x":-632.87,"y":61.76}],"scale":[{"time":1.7333,"x":5,"y":5}]},"EF_flash1_1":{"translate":[{"time":1.5666,"x":-783.58,"y":11.25}],"scale":[{"time":1.5666,"x":3.5,"y":3.5},{"time":1.7,"x":5,"y":5}]},"EF_light1_1":{"translate":[{"time":1.5666,"x":-582.84,"y":11.64}],"scale":[{"time":1.5666,"x":1,"y":1},{"time":1.6333,"x":8.493,"y":8.493},{"time":1.6666,"x":13.085,"y":1.441,"curve":[0.101,0.62,0.75,1]},{"time":1.8333,"x":13.085,"y":0.188},{"time":3,"x":355.203,"y":0.01}]},"EF_light2_1":{"translate":[{"time":1.5666,"x":-582.44,"y":-38.64}],"scale":[{"time":1.5666,"x":0.594,"y":0.594,"curve":[0.15,0.84,0.75,1]},{"time":1.9666,"x":15,"y":15}]},"EF_light1_10":{"rotate":[{"time":2.2666,"angle":-28.89}],"translate":[{"time":2.2666,"x":-582.84,"y":11.64}],"scale":[{"time":2.2666,"x":1,"y":1},{"time":2.3333,"x":8.493,"y":8.493},{"time":2.3666,"x":13.085,"y":1.441,"curve":[0.101,0.62,0.75,1]},{"time":2.5333,"x":13.085,"y":0.188},{"time":3.7,"x":355.203,"y":0.01}]},"EF_light1_9":{"rotate":[{"time":2.2,"angle":94.65}],"translate":[{"time":2.2,"x":-582.84,"y":11.64}],"scale":[{"time":2.2,"x":1,"y":1},{"time":2.2666,"x":8.493,"y":8.493},{"time":2.3,"x":13.085,"y":1.441,"curve":[0.101,0.62,0.75,1]},{"time":2.4666,"x":13.085,"y":0.188},{"time":3.6333,"x":355.203,"y":0.01}]},"EF_light1_8":{"rotate":[{"time":2.1333,"angle":2.88}],"translate":[{"time":2.1333,"x":-582.84,"y":11.64}],"scale":[{"time":2.1333,"x":1,"y":1},{"time":2.2,"x":8.493,"y":8.493},{"time":2.2333,"x":13.085,"y":1.441,"curve":[0.101,0.62,0.75,1]},{"time":2.4,"x":13.085,"y":0.188},{"time":3.5666,"x":355.203,"y":0.01}]},"EF_light1_7":{"rotate":[{"time":2.0666,"angle":-54.1}],"translate":[{"time":2.0666,"x":-582.84,"y":11.64}],"scale":[{"time":2.0666,"x":1,"y":1},{"time":2.1333,"x":8.493,"y":8.493},{"time":2.1666,"x":13.085,"y":1.441,"curve":[0.101,0.62,0.75,1]},{"time":2.3333,"x":13.085,"y":0.188},{"time":3.5,"x":355.203,"y":0.01}]},"EF_light1_6":{"rotate":[{"time":2,"angle":24.6}],"translate":[{"time":2,"x":-582.84,"y":11.64}],"scale":[{"time":2,"x":1,"y":1},{"time":2.0666,"x":8.493,"y":8.493},{"time":2.1,"x":13.085,"y":1.441,"curve":[0.101,0.62,0.75,1]},{"time":2.2666,"x":13.085,"y":0.188},{"time":3.4333,"x":355.203,"y":0.01}]},"EF_light1_5":{"rotate":[{"time":1.8666,"angle":-111.03}],"translate":[{"time":1.8666,"x":-582.84,"y":11.64}],"scale":[{"time":1.8666,"x":1,"y":1},{"time":1.9333,"x":8.493,"y":8.493},{"time":1.9666,"x":13.085,"y":1.441,"curve":[0.101,0.62,0.75,1]},{"time":2.1333,"x":13.085,"y":0.188},{"time":3.3,"x":355.203,"y":0.01}]},"EF_light1_4":{"rotate":[{"time":1.8,"angle":-49.53}],"translate":[{"time":1.8,"x":-582.84,"y":11.64}],"scale":[{"time":1.8,"x":1,"y":1},{"time":1.8666,"x":8.493,"y":8.493},{"time":1.9,"x":13.085,"y":1.441,"curve":[0.101,0.62,0.75,1]},{"time":2.0666,"x":13.085,"y":0.188},{"time":3.2333,"x":355.203,"y":0.01}]},"EF_light1_3":{"rotate":[{"time":1.7333,"angle":-21.95}],"translate":[{"time":1.7333,"x":-582.84,"y":11.64}],"scale":[{"time":1.7333,"x":1,"y":1},{"time":1.8,"x":8.493,"y":8.493},{"time":1.8333,"x":13.085,"y":1.441,"curve":[0.101,0.62,0.75,1]},{"time":2,"x":13.085,"y":0.188},{"time":3.1666,"x":355.203,"y":0.01}]},"EF_light1_2":{"rotate":[{"time":1.6666,"angle":43.82}],"translate":[{"time":1.6666,"x":-582.84,"y":11.64}],"scale":[{"time":1.6666,"x":1,"y":1},{"time":1.7333,"x":8.493,"y":8.493},{"time":1.7666,"x":13.085,"y":1.441,"curve":[0.101,0.62,0.75,1]},{"time":1.9333,"x":13.085,"y":0.188},{"time":3.1,"x":355.203,"y":0.01}]},"EF_charge1_1":{"translate":[{"time":2.7666,"x":-150.48,"y":-9.11}],"scale":[{"time":2.7666,"x":3,"y":3},{"time":3.0666,"x":1.5,"y":1.5}]},"EF_shockwave1_1":{"translate":[{"time":3.4666,"x":-683.29,"y":10.84}],"scale":[{"time":3.4666,"x":3.5,"y":3.5,"curve":[0.251,0.64,0.75,1]},{"time":3.9333,"x":11.753,"y":11.753}]},"EF_slashbolt1_1":{"rotate":[{"time":3.4,"angle":270}],"translate":[{"time":3.4,"x":-419.21,"y":-138.39}],"scale":[{"time":3.4,"x":4.862,"y":4.862,"curve":"stepped"},{"time":3.4666,"x":-8,"y":8,"curve":"stepped"},{"time":3.5,"x":8,"y":8},{"time":3.5333,"x":8,"y":18.156},{"time":3.5666,"x":0.72,"y":18.156},{"time":3.6,"x":0.72,"y":313.989},{"time":4.1666,"x":0.09,"y":2612.119}]},"EF_wing1_1":{"translate":[{"time":3.5333,"x":-523.61,"y":-347.99}],"scale":[{"time":3.5333,"x":3.5,"y":3.5}]},"EF_wing1_2":{"translate":[{"time":3.5666,"x":-465.86,"y":-53.46}],"scale":[{"time":3.5666,"x":3.5,"y":3.5}]},"EF_wing1_3":{"translate":[{"time":3.5666,"x":-687.38,"y":-186.4}],"scale":[{"time":3.5666,"x":-3.5,"y":3.5}]}}}}}