{"skeleton":{"hash":"l+LGuNJatBa0tUMVJMLB0INkiMs","spine":"3.0.12","width":0,"height":0},"bones":[{"name":"root"},{"name":"MAIN","parent":"root","y":70.2},{"name":"SHADOW-OFFSET","parent":"MAIN","y":-79.04},{"name":"HITBOX","parent":"MAIN","y":-79.04},{"name":"EF_attack_dot","parent":"MAIN","x":400,"y":-20.2},{"name":"EF","parent":"root"},{"name":"magic1_1","parent":"EF","x":300.79},{"name":"magic2_1","parent":"magic1_1"},{"name":"EF_wave3_2","parent":"EF","x":350,"y":50},{"name":"EF_wave3_1","parent":"EF","x":350,"y":50},{"name":"EF_wave2_1","parent":"EF","x":250,"y":50},{"name":"EF_wave1_1","parent":"EF","x":100},{"name":"EF_smash1_1","parent":"EF","x":300,"y":50},{"name":"EF_slash1_1","parent":"EF","x":200,"y":100},{"name":"EF_skill2_dot4","parent":"EF","x":150,"y":50},{"name":"EF_skill2_dot3","parent":"EF","x":150,"y":50},{"name":"EF_skill2_dot2","parent":"EF","x":150,"y":50},{"name":"EF_skill2_dot1","parent":"EF","x":150,"y":50},{"name":"EF_shine1_1","parent":"EF","x":150,"y":100},{"name":"EF_rot_wave1_1","parent":"EF","x":250},{"name":"EF_power1_1","parent":"EF","x":200,"y":50},{"name":"EF_leaf1_3","parent":"EF","x":250,"y":100},{"name":"EF_leaf1_2","parent":"EF","x":250,"y":100},{"name":"EF_leaf1_1","parent":"EF","x":250,"y":100},{"name":"EF_dash1_2","parent":"EF","x":200},{"name":"EF_dash1_1","parent":"EF","x":200},{"name":"DAMAGEAREA","parent":"root"},{"name":"Afterimage3","parent":"root","y":70.2},{"name":"Afterimage2","parent":"root","y":70.2},{"name":"Afterimage","parent":"root","y":70.2}],"slots":[{"name":"EF_wave1_1","bone":"EF_wave1_1","blend":"additive"},{"name":"EF/EF_skill2_B","bone":"EF_skill2_dot1"},{"name":"EF/EF_skill2_B2","bone":"EF_skill2_dot2"},{"name":"EF/EF_skill2_B3","bone":"EF_skill2_dot3"},{"name":"EF/EF_skill2_B4","bone":"EF_skill2_dot4"},{"name":"magic1_1","bone":"magic1_1","blend":"additive"},{"name":"magic2_1","bone":"magic2_1","blend":"additive"},{"name":"EF_rot_wave1_1","bone":"EF_rot_wave1_1","blend":"additive"},{"name":"MAIN","bone":"MAIN","attachment":"idle_00"},{"name":"EF_attack_dot","bone":"EF_attack_dot"},{"name":"MAIN2","bone":"Afterimage","blend":"additive"},{"name":"MAIN3","bone":"Afterimage2","blend":"additive"},{"name":"MAIN4","bone":"Afterimage3","blend":"additive"},{"name":"DAMAGEAREA","bone":"DAMAGEAREA"},{"name":"wave2_1","bone":"EF_wave2_1","blend":"additive"},{"name":"EF_power1_1","bone":"EF_power1_1","blend":"additive"},{"name":"EF_smash1_1","bone":"EF_smash1_1","blend":"additive"},{"name":"EF_dash1_1","bone":"EF_dash1_1","blend":"additive"},{"name":"EF_dash1_2","bone":"EF_dash1_2","blend":"additive"},{"name":"wave3_1","bone":"EF_wave3_1","blend":"additive"},{"name":"wave3_2","bone":"EF_wave3_2","blend":"additive"},{"name":"EF/EF_skill2_F","bone":"EF_skill2_dot1"},{"name":"EF/EF_skill2_F2","bone":"EF_skill2_dot2"},{"name":"EF/EF_skill2_F3","bone":"EF_skill2_dot3"},{"name":"EF/EF_skill2_F4","bone":"EF_skill2_dot4"},{"name":"EF_shine1_1","bone":"EF_shine1_1","blend":"additive"},{"name":"EF_slash1_1","bone":"EF_slash1_1","blend":"additive"},{"name":"EF_leaf1_1","bone":"EF_leaf1_1","blend":"additive"},{"name":"EF_leaf1_2","bone":"EF_leaf1_2","blend":"additive"},{"name":"EF_leaf1_3","bone":"EF_leaf1_3","blend":"additive"}],"skins":{"default":{"DAMAGEAREA":{"DAMAGEAREA":{"type":"boundingbox","vertices":[-96.13591,-95.19719,94.50186,-95.19719,96.99386,95.44054,-96.7589,96.06356]}},"EF/EF_skill2_B":{"EF/EF_skill2_00":{"x":101.55,"y":23.01,"width":252,"height":176},"EF/EF_skill2_02":{"x":101.55,"y":23.01,"width":252,"height":176},"EF/EF_skill2_04":{"x":101.55,"y":23.01,"width":252,"height":176}},"EF/EF_skill2_B2":{"EF/EF_skill2_00":{"x":101.55,"y":23.01,"width":252,"height":176},"EF/EF_skill2_02":{"x":101.55,"y":23.01,"width":252,"height":176},"EF/EF_skill2_04":{"x":101.55,"y":23.01,"width":252,"height":176}},"EF/EF_skill2_B3":{"EF/EF_skill2_00":{"x":101.55,"y":23.01,"width":252,"height":176},"EF/EF_skill2_02":{"x":101.55,"y":23.01,"width":252,"height":176},"EF/EF_skill2_04":{"x":101.55,"y":23.01,"width":252,"height":176}},"EF/EF_skill2_B4":{"EF/EF_skill2_00":{"x":101.55,"y":23.01,"width":252,"height":176},"EF/EF_skill2_02":{"x":101.55,"y":23.01,"width":252,"height":176},"EF/EF_skill2_04":{"x":101.55,"y":23.01,"width":252,"height":176}},"EF/EF_skill2_F":{"EF/EF_skill2_01":{"x":101.55,"y":23.01,"width":252,"height":176},"EF/EF_skill2_03":{"x":101.55,"y":23.01,"width":252,"height":176},"EF/EF_skill2_05":{"x":101.55,"y":23.01,"width":252,"height":176}},"EF/EF_skill2_F2":{"EF/EF_skill2_01":{"x":101.55,"y":23.01,"width":252,"height":176},"EF/EF_skill2_03":{"x":101.55,"y":23.01,"width":252,"height":176},"EF/EF_skill2_05":{"x":101.55,"y":23.01,"width":252,"height":176}},"EF/EF_skill2_F3":{"EF/EF_skill2_01":{"x":101.55,"y":23.01,"width":252,"height":176},"EF/EF_skill2_03":{"x":101.55,"y":23.01,"width":252,"height":176},"EF/EF_skill2_05":{"x":101.55,"y":23.01,"width":252,"height":176}},"EF/EF_skill2_F4":{"EF/EF_skill2_01":{"x":101.55,"y":23.01,"width":252,"height":176},"EF/EF_skill2_03":{"x":101.55,"y":23.01,"width":252,"height":176},"EF/EF_skill2_05":{"x":101.55,"y":23.01,"width":252,"height":176}},"EF_attack_dot":{"EF/EF_slash_DOT/3":{"x":117.44,"y":51.85,"scaleX":2,"scaleY":2,"width":192,"height":144}},"EF_dash1_1":{"EF/dash/370_S1_dash1_00000":{"y":34.91,"width":250,"height":250},"EF/dash/370_S1_dash1_00001":{"y":34.91,"width":250,"height":250},"EF/dash/370_S1_dash1_00002":{"y":34.91,"width":250,"height":250},"EF/dash/370_S1_dash1_00003":{"y":34.91,"width":250,"height":250},"EF/dash/370_S1_dash1_00004":{"y":34.91,"width":250,"height":250},"EF/dash/370_S1_dash1_00005":{"y":34.91,"width":250,"height":250},"EF/dash/370_S1_dash1_00006":{"y":34.91,"width":250,"height":250},"EF/dash/370_S1_dash1_00007":{"y":34.91,"width":250,"height":250},"EF/dash/370_S1_dash1_00008":{"y":34.91,"width":250,"height":250},"EF/dash/370_S1_dash1_00009":{"y":34.91,"width":250,"height":250}},"EF_dash1_2":{"EF/dash/370_S1_dash1_00000":{"y":34.91,"width":250,"height":250},"EF/dash/370_S1_dash1_00001":{"y":34.91,"width":250,"height":250},"EF/dash/370_S1_dash1_00002":{"y":34.91,"width":250,"height":250},"EF/dash/370_S1_dash1_00003":{"y":34.91,"width":250,"height":250},"EF/dash/370_S1_dash1_00004":{"y":34.91,"width":250,"height":250},"EF/dash/370_S1_dash1_00005":{"y":34.91,"width":250,"height":250},"EF/dash/370_S1_dash1_00006":{"y":34.91,"width":250,"height":250},"EF/dash/370_S1_dash1_00007":{"y":34.91,"width":250,"height":250},"EF/dash/370_S1_dash1_00008":{"y":34.91,"width":250,"height":250},"EF/dash/370_S1_dash1_00009":{"y":34.91,"width":250,"height":250}},"EF_leaf1_1":{"EF/ef_leaf_B_main/ef_leaf_B_main_00001":{"x":84.19,"y":-9.2,"rotation":-6.24,"width":200,"height":200},"EF/ef_leaf_B_main/ef_leaf_B_main_00002":{"x":84.19,"y":-9.2,"rotation":-6.24,"width":200,"height":200},"EF/ef_leaf_B_main/ef_leaf_B_main_00003":{"x":84.19,"y":-9.2,"rotation":-6.24,"width":200,"height":200},"EF/ef_leaf_B_main/ef_leaf_B_main_00004":{"x":84.19,"y":-9.2,"rotation":-6.24,"width":200,"height":200},"EF/ef_leaf_B_main/ef_leaf_B_main_00005":{"x":84.19,"y":-9.2,"rotation":-6.24,"width":200,"height":200},"EF/ef_leaf_B_main/ef_leaf_B_main_00006":{"x":84.19,"y":-9.2,"rotation":-6.24,"width":200,"height":200},"EF/ef_leaf_B_main/ef_leaf_B_main_00007":{"x":84.19,"y":-9.2,"rotation":-6.24,"width":200,"height":200},"EF/ef_leaf_B_main/ef_leaf_B_main_00008":{"x":84.19,"y":-9.2,"rotation":-6.24,"width":200,"height":200},"EF/ef_leaf_B_main/ef_leaf_B_main_00009":{"x":84.19,"y":-9.2,"rotation":-6.24,"width":200,"height":200},"EF/ef_leaf_B_main/ef_leaf_B_main_00010":{"x":84.19,"y":-9.2,"rotation":-6.24,"width":200,"height":200},"EF/ef_leaf_B_main/ef_leaf_B_main_00011":{"x":84.19,"y":-9.2,"rotation":-6.24,"width":200,"height":200},"EF/ef_leaf_B_main/ef_leaf_B_main_00012":{"x":84.19,"y":-9.2,"rotation":-6.24,"width":200,"height":200},"EF/ef_leaf_B_main/ef_leaf_B_main_00013":{"x":84.19,"y":-9.2,"rotation":-6.24,"width":200,"height":200},"EF/ef_leaf_B_main/ef_leaf_B_main_00014":{"x":84.19,"y":-9.2,"rotation":-6.24,"width":200,"height":200},"EF/ef_leaf_B_main/ef_leaf_B_main_00015":{"x":84.19,"y":-9.2,"rotation":-6.24,"width":200,"height":200}},"EF_leaf1_2":{"EF/ef_leaf_B_main/ef_leaf_B_main_00001":{"x":84.19,"y":-9.2,"rotation":-6.24,"width":200,"height":200},"EF/ef_leaf_B_main/ef_leaf_B_main_00002":{"x":84.19,"y":-9.2,"rotation":-6.24,"width":200,"height":200},"EF/ef_leaf_B_main/ef_leaf_B_main_00003":{"x":84.19,"y":-9.2,"rotation":-6.24,"width":200,"height":200},"EF/ef_leaf_B_main/ef_leaf_B_main_00004":{"x":84.19,"y":-9.2,"rotation":-6.24,"width":200,"height":200},"EF/ef_leaf_B_main/ef_leaf_B_main_00005":{"x":84.19,"y":-9.2,"rotation":-6.24,"width":200,"height":200},"EF/ef_leaf_B_main/ef_leaf_B_main_00006":{"x":84.19,"y":-9.2,"rotation":-6.24,"width":200,"height":200},"EF/ef_leaf_B_main/ef_leaf_B_main_00007":{"x":84.19,"y":-9.2,"rotation":-6.24,"width":200,"height":200},"EF/ef_leaf_B_main/ef_leaf_B_main_00008":{"x":84.19,"y":-9.2,"rotation":-6.24,"width":200,"height":200},"EF/ef_leaf_B_main/ef_leaf_B_main_00009":{"x":84.19,"y":-9.2,"rotation":-6.24,"width":200,"height":200},"EF/ef_leaf_B_main/ef_leaf_B_main_00010":{"x":84.19,"y":-9.2,"rotation":-6.24,"width":200,"height":200},"EF/ef_leaf_B_main/ef_leaf_B_main_00011":{"x":84.19,"y":-9.2,"rotation":-6.24,"width":200,"height":200},"EF/ef_leaf_B_main/ef_leaf_B_main_00012":{"x":84.19,"y":-9.2,"rotation":-6.24,"width":200,"height":200},"EF/ef_leaf_B_main/ef_leaf_B_main_00013":{"x":84.19,"y":-9.2,"rotation":-6.24,"width":200,"height":200},"EF/ef_leaf_B_main/ef_leaf_B_main_00014":{"x":84.19,"y":-9.2,"rotation":-6.24,"width":200,"height":200},"EF/ef_leaf_B_main/ef_leaf_B_main_00015":{"x":84.19,"y":-9.2,"rotation":-6.24,"width":200,"height":200}},"EF_leaf1_3":{"EF/ef_leaf_B_main/ef_leaf_B_main_00001":{"x":84.19,"y":-9.2,"rotation":-6.24,"width":200,"height":200},"EF/ef_leaf_B_main/ef_leaf_B_main_00002":{"x":84.19,"y":-9.2,"rotation":-6.24,"width":200,"height":200},"EF/ef_leaf_B_main/ef_leaf_B_main_00003":{"x":84.19,"y":-9.2,"rotation":-6.24,"width":200,"height":200},"EF/ef_leaf_B_main/ef_leaf_B_main_00004":{"x":84.19,"y":-9.2,"rotation":-6.24,"width":200,"height":200},"EF/ef_leaf_B_main/ef_leaf_B_main_00005":{"x":84.19,"y":-9.2,"rotation":-6.24,"width":200,"height":200},"EF/ef_leaf_B_main/ef_leaf_B_main_00006":{"x":84.19,"y":-9.2,"rotation":-6.24,"width":200,"height":200},"EF/ef_leaf_B_main/ef_leaf_B_main_00007":{"x":84.19,"y":-9.2,"rotation":-6.24,"width":200,"height":200},"EF/ef_leaf_B_main/ef_leaf_B_main_00008":{"x":84.19,"y":-9.2,"rotation":-6.24,"width":200,"height":200},"EF/ef_leaf_B_main/ef_leaf_B_main_00009":{"x":84.19,"y":-9.2,"rotation":-6.24,"width":200,"height":200},"EF/ef_leaf_B_main/ef_leaf_B_main_00010":{"x":84.19,"y":-9.2,"rotation":-6.24,"width":200,"height":200},"EF/ef_leaf_B_main/ef_leaf_B_main_00011":{"x":84.19,"y":-9.2,"rotation":-6.24,"width":200,"height":200},"EF/ef_leaf_B_main/ef_leaf_B_main_00012":{"x":84.19,"y":-9.2,"rotation":-6.24,"width":200,"height":200},"EF/ef_leaf_B_main/ef_leaf_B_main_00013":{"x":84.19,"y":-9.2,"rotation":-6.24,"width":200,"height":200},"EF/ef_leaf_B_main/ef_leaf_B_main_00014":{"x":84.19,"y":-9.2,"rotation":-6.24,"width":200,"height":200},"EF/ef_leaf_B_main/ef_leaf_B_main_00015":{"x":84.19,"y":-9.2,"rotation":-6.24,"width":200,"height":200}},"EF_power1_1":{"EF/5130_EX1_power1/5130_EX1_power1_00002":{"width":250,"height":250},"EF/5130_EX1_power1/5130_EX1_power1_00003":{"width":250,"height":250},"EF/5130_EX1_power1/5130_EX1_power1_00004":{"width":250,"height":250},"EF/5130_EX1_power1/5130_EX1_power1_00005":{"width":250,"height":250},"EF/5130_EX1_power1/5130_EX1_power1_00006":{"width":250,"height":250},"EF/5130_EX1_power1/5130_EX1_power1_00007":{"width":250,"height":250},"EF/5130_EX1_power1/5130_EX1_power1_00008":{"width":250,"height":250},"EF/5130_EX1_power1/5130_EX1_power1_00009":{"width":250,"height":250},"EF/5130_EX1_power1/5130_EX1_power1_00010":{"width":250,"height":250},"EF/5130_EX1_power1/5130_EX1_power1_00011":{"width":250,"height":250},"EF/5130_EX1_power1/5130_EX1_power1_00012":{"width":250,"height":250},"EF/5130_EX1_power1/5130_EX1_power1_00013":{"width":250,"height":250},"EF/5130_EX1_power1/5130_EX1_power1_00014":{"width":250,"height":250},"EF/5130_EX1_power1/5130_EX1_power1_00015":{"width":250,"height":250},"EF/5130_EX1_power1/5130_EX1_power1_00016":{"width":250,"height":250},"EF/5130_EX1_power1/5130_EX1_power1_00017":{"width":250,"height":250},"EF/5130_EX1_power1/5130_EX1_power1_00018":{"width":250,"height":250},"EF/5130_EX1_power1/5130_EX1_power1_00019":{"width":250,"height":250}},"EF_rot_wave1_1":{"EF/rot_wave/ef_rot_wave_main_00001":{"y":9.37,"width":200,"height":100},"EF/rot_wave/ef_rot_wave_main_00003":{"y":9.37,"width":200,"height":100},"EF/rot_wave/ef_rot_wave_main_00005":{"y":9.37,"width":200,"height":100},"EF/rot_wave/ef_rot_wave_main_00006":{"y":9.37,"width":200,"height":100},"EF/rot_wave/ef_rot_wave_main_00008":{"y":9.37,"width":200,"height":100},"EF/rot_wave/ef_rot_wave_main_00010":{"y":9.37,"width":200,"height":100},"EF/rot_wave/ef_rot_wave_main_00011":{"y":9.37,"width":200,"height":100},"EF/rot_wave/ef_rot_wave_main_00013":{"y":9.37,"width":200,"height":100}},"EF_shine1_1":{"EF/230_S1_shine1/230_S1_shine1_00039":{"width":200,"height":200},"EF/230_S1_shine1/230_S1_shine1_00040":{"width":200,"height":200},"EF/230_S1_shine1/230_S1_shine1_00041":{"width":200,"height":200}},"EF_slash1_1":{"EF/ef_slash_bolt_main/ef_slash_bolt_main_00001":{"width":400,"height":200},"EF/ef_slash_bolt_main/ef_slash_bolt_main_00002":{"width":400,"height":200},"EF/line2/120_S2_slash1_00001":{"scaleX":3,"scaleY":3,"rotation":90,"width":250,"height":250},"EF/line2/120_S2_slash1_00002":{"scaleX":3,"scaleY":3,"rotation":90,"width":250,"height":250},"EF/line2/120_S2_slash1_00003":{"scaleX":3,"scaleY":3,"rotation":90,"width":250,"height":250},"EF/line2/120_S2_slash1_00004":{"scaleX":3,"scaleY":3,"rotation":90,"width":250,"height":250},"EF/line2/120_S2_slash1_00005":{"y":1.5,"scaleX":3,"scaleY":3,"rotation":90,"width":250,"height":250}},"EF_smash1_1":{"EF/730_S1_smash3/730_S1_smash3_00002":{"x":-41.67,"width":250,"height":250}},"EF_wave1_1":{"EF/370_S1_wave1/370_S1_wave1_00003":{"x":1.23,"y":9.55,"width":250,"height":250},"EF/370_S1_wave1/370_S1_wave1_00004":{"x":1.23,"y":9.55,"width":250,"height":250},"EF/370_S1_wave1/370_S1_wave1_00005":{"x":1.23,"y":9.55,"width":250,"height":250},"EF/370_S1_wave1/370_S1_wave1_00006":{"x":1.23,"y":9.55,"width":250,"height":250},"EF/370_S1_wave1/370_S1_wave1_00007":{"x":1.23,"y":9.55,"width":250,"height":250},"EF/370_S1_wave1/370_S1_wave1_00008":{"x":1.23,"y":9.55,"width":250,"height":250},"EF/370_S1_wave1/370_S1_wave1_00009":{"x":1.23,"y":9.55,"width":250,"height":250}},"MAIN":{"attack_01":{"x":-2.1,"y":-4.03,"scaleX":2,"scaleY":2,"width":300,"height":300},"attack_02":{"x":-2.1,"y":-4.03,"scaleX":2,"scaleY":2,"width":300,"height":300},"back_00":{"x":-2.1,"y":-4.03,"scaleX":2,"scaleY":2,"width":300,"height":300},"damage_00":{"x":-2.1,"y":-4.03,"scaleX":2,"scaleY":2,"width":300,"height":300},"front_00":{"x":-2.1,"y":-4.03,"scaleX":2,"scaleY":2,"width":300,"height":300},"idle_00":{"x":-2.1,"y":-4.03,"scaleX":2,"scaleY":2,"width":300,"height":300},"idle_01":{"x":-2.1,"y":-4.03,"scaleX":2,"scaleY":2,"width":300,"height":300},"idle_02":{"x":-2.1,"y":-4.03,"scaleX":2,"scaleY":2,"width":300,"height":300},"idle_03":{"x":-2.1,"y":-4.03,"scaleX":2,"scaleY":2,"width":300,"height":300},"idle_04":{"x":-2.1,"y":-4.03,"scaleX":2,"scaleY":2,"width":300,"height":300},"skill1_00":{"x":-2.1,"y":-4.03,"scaleX":2,"scaleY":2,"width":300,"height":300},"skill1_01":{"x":-2.1,"y":-4.03,"scaleX":2,"scaleY":2,"width":300,"height":300},"skill1_02":{"x":-2.1,"y":-4.03,"scaleX":2,"scaleY":2,"width":300,"height":300},"skill1_03":{"x":-2.1,"y":-4.03,"scaleX":2,"scaleY":2,"width":300,"height":300},"skill2_00":{"x":-2.1,"y":-4.03,"scaleX":2,"scaleY":2,"width":300,"height":300},"skill2_01":{"x":-2.1,"y":-4.03,"scaleX":2,"scaleY":2,"width":300,"height":300},"skill2_02":{"x":-2.1,"y":-4.03,"scaleX":2,"scaleY":2,"width":300,"height":300},"skill2_03":{"x":-2.1,"y":-4.03,"scaleX":2,"scaleY":2,"width":300,"height":300},"skill2_04":{"x":-2.1,"y":-4.03,"scaleX":2,"scaleY":2,"width":300,"height":300},"skill2_05":{"x":-2.1,"y":-4.03,"scaleX":2,"scaleY":2,"width":300,"height":300},"skill2_06":{"x":-2.1,"y":-4.03,"scaleX":2,"scaleY":2,"width":300,"height":300}},"MAIN2":{"attack_01":{"x":-1.05,"y":-2.01,"scaleX":2,"scaleY":2,"width":300,"height":300},"attack_02":{"x":-1.05,"y":-2.01,"width":300,"height":300},"back_00":{"x":-1.05,"y":-2.01,"width":300,"height":300},"damage_00":{"x":-1.05,"y":-2.01,"width":300,"height":300},"front_00":{"x":-1.05,"y":-2.01,"width":300,"height":300},"idle_00":{"x":-1.05,"y":-2.01,"width":300,"height":300},"idle_01":{"x":-1.05,"y":-2.01,"width":300,"height":300},"idle_02":{"x":-1.05,"y":-2.01,"width":300,"height":300},"idle_03":{"x":-1.05,"y":-2.01,"width":300,"height":300},"skill1_00":{"x":-1.05,"y":-2.01,"width":300,"height":300},"skill1_01":{"x":-1.05,"y":-2.01,"width":300,"height":300},"skill1_02":{"x":-1.05,"y":-2.01,"width":300,"height":300},"skill1_03":{"x":-1.05,"y":-2.01,"width":300,"height":300},"skill2_00":{"x":-1.05,"y":-2.01,"width":300,"height":300},"skill2_01":{"x":-1.05,"y":-2.01,"width":300,"height":300},"skill2_02":{"x":-1.05,"y":-2.01,"width":300,"height":300},"skill2_03":{"x":-1.05,"y":-2.01,"width":300,"height":300},"skill2_04":{"x":-1.05,"y":-2.01,"width":300,"height":300},"skill2_05":{"x":-1.05,"y":-2.01,"width":300,"height":300},"skill2_06":{"x":-1.05,"y":-2.01,"width":300,"height":300}},"MAIN3":{"attack_01":{"x":-1.05,"y":-2.01,"scaleX":2,"scaleY":2,"width":300,"height":300},"attack_02":{"x":-1.05,"y":-2.01,"width":300,"height":300},"back_00":{"x":-1.05,"y":-2.01,"width":300,"height":300},"damage_00":{"x":-1.05,"y":-2.01,"width":300,"height":300},"front_00":{"x":-1.05,"y":-2.01,"width":300,"height":300},"idle_00":{"x":-1.05,"y":-2.01,"width":300,"height":300},"idle_01":{"x":-1.05,"y":-2.01,"width":300,"height":300},"idle_02":{"x":-1.05,"y":-2.01,"width":300,"height":300},"idle_03":{"x":-1.05,"y":-2.01,"width":300,"height":300},"skill1_00":{"x":-1.05,"y":-2.01,"width":300,"height":300},"skill1_01":{"x":-1.05,"y":-2.01,"width":300,"height":300},"skill1_02":{"x":-1.05,"y":-2.01,"width":300,"height":300},"skill1_03":{"x":-1.05,"y":-2.01,"width":300,"height":300},"skill2_00":{"x":-1.05,"y":-2.01,"width":300,"height":300},"skill2_01":{"x":-1.05,"y":-2.01,"width":300,"height":300},"skill2_02":{"x":-1.05,"y":-2.01,"width":300,"height":300},"skill2_03":{"x":-1.05,"y":-2.01,"width":300,"height":300},"skill2_04":{"x":-1.05,"y":-2.01,"width":300,"height":300},"skill2_05":{"x":-1.05,"y":-2.01,"width":300,"height":300},"skill2_06":{"x":-1.05,"y":-2.01,"width":300,"height":300}},"MAIN4":{"attack_01":{"x":-2.1,"y":-4.03,"scaleX":2,"scaleY":2,"width":300,"height":300},"attack_02":{"x":-2.1,"y":-4.03,"scaleX":2,"scaleY":2,"width":300,"height":300},"back_00":{"x":-2.1,"y":-4.03,"scaleX":2,"scaleY":2,"width":300,"height":300},"damage_00":{"x":-2.1,"y":-4.03,"scaleX":2,"scaleY":2,"width":300,"height":300},"front_00":{"x":-2.1,"y":-4.03,"scaleX":2,"scaleY":2,"width":300,"height":300},"idle_00":{"x":-2.1,"y":-4.03,"scaleX":2,"scaleY":2,"width":300,"height":300},"idle_01":{"x":-2.1,"y":-4.03,"scaleX":2,"scaleY":2,"width":300,"height":300},"idle_02":{"x":-2.1,"y":-4.03,"scaleX":2,"scaleY":2,"width":300,"height":300},"idle_03":{"x":-2.1,"y":-4.03,"scaleX":2,"scaleY":2,"width":300,"height":300},"skill1_00":{"x":-2.1,"y":-4.03,"scaleX":2,"scaleY":2,"width":300,"height":300},"skill1_01":{"x":-2.1,"y":-4.03,"scaleX":2,"scaleY":2,"width":300,"height":300},"skill1_02":{"x":-2.1,"y":-4.03,"scaleX":2,"scaleY":2,"width":300,"height":300},"skill1_03":{"x":-2.1,"y":-4.03,"scaleX":2,"scaleY":2,"width":300,"height":300},"skill2_00":{"x":-2.1,"y":-4.03,"scaleX":2,"scaleY":2,"width":300,"height":300},"skill2_01":{"x":-2.1,"y":-4.03,"scaleX":2,"scaleY":2,"width":300,"height":300},"skill2_02":{"x":-2.1,"y":-4.03,"scaleX":2,"scaleY":2,"width":300,"height":300},"skill2_03":{"x":-2.1,"y":-4.03,"scaleX":2,"scaleY":2,"width":300,"height":300},"skill2_04":{"x":-2.1,"y":-4.03,"scaleX":2,"scaleY":2,"width":300,"height":300},"skill2_05":{"x":-2.1,"y":-4.03,"scaleX":2,"scaleY":2,"width":300,"height":300},"skill2_06":{"x":-2.1,"y":-4.03,"scaleX":2,"scaleY":2,"width":300,"height":300}},"magic1_1":{"EF/5100_S2_magic1c":{"type":"mesh","uvs":[1,1,0,1,0,0,1,0],"triangles":[1,2,3,1,3,0],"vertices":[159.91,-159.91,-159.91,-159.91,-159.91,159.91,159.91,159.91],"hull":4}},"magic2_1":{"EF/magic_3nature2":{"type":"mesh","uvs":[1,1,0,1,0,0,1,0],"triangles":[1,2,3,1,3,0],"vertices":[120,-120,-120,-120,-120,120,120,120],"hull":4}},"wave2_1":{"EF/450_S2_wave1/450_S2_wave1_00000":{"x":-5.57,"width":250,"height":250},"EF/450_S2_wave1/450_S2_wave1_00001":{"x":-5.57,"width":250,"height":250},"EF/450_S2_wave1/450_S2_wave1_00002":{"x":-5.57,"width":250,"height":250},"EF/450_S2_wave1/450_S2_wave1_00003":{"x":-5.57,"width":250,"height":250}},"wave3_1":{"EF/wave_shock/900_S2_beam3_00000":{"x":-2.16,"width":250,"height":250},"EF/wave_shock/900_S2_beam3_00001":{"x":-2.16,"width":250,"height":250},"EF/wave_shock/900_S2_beam3_00002":{"x":-2.16,"width":250,"height":250},"EF/wave_shock/900_S2_beam3_00003":{"x":-2.16,"width":250,"height":250},"EF/wave_shock/900_S2_beam3_00004":{"x":-2.16,"width":250,"height":250}},"wave3_2":{"EF/wave_shock/900_S2_beam3_00000":{"x":-2.16,"width":250,"height":250},"EF/wave_shock/900_S2_beam3_00001":{"x":-2.16,"width":250,"height":250},"EF/wave_shock/900_S2_beam3_00002":{"x":-2.16,"width":250,"height":250},"EF/wave_shock/900_S2_beam3_00003":{"x":-2.16,"width":250,"height":250},"EF/wave_shock/900_S2_beam3_00004":{"x":-2.16,"width":250,"height":250}}}},"events":{"Event":{},"Event2":{"string":"addOrbitSystem_2_skill2_rose"},"Hit":{},"Sound1":{},"Sound2":{},"Voice":{}},"animations":{"attack1":{"slots":{"EF_attack_dot":{"attachment":[{"time":0.7,"name":"EF/EF_slash_DOT/3"},{"time":0.7333,"name":null}]},"EF_shine1_1":{"attachment":[{"time":0.2666,"name":"EF/230_S1_shine1/230_S1_shine1_00039"},{"time":0.3333,"name":"EF/230_S1_shine1/230_S1_shine1_00040"},{"time":0.4,"name":"EF/230_S1_shine1/230_S1_shine1_00041"},{"time":0.4666,"name":null}],"color":[{"time":0.2666,"color":"ffffffff","curve":"stepped"},{"time":0.3666,"color":"ffffffff"},{"time":0.4666,"color":"ffffff00"}]},"MAIN":{"attachment":[{"time":0,"name":"idle_00"},{"time":0.2,"name":"back_00"},{"time":0.2666,"name":"attack_01"},{"time":0.7,"name":"attack_02"},{"time":1,"name":"attack_02"}]},"wave2_1":{"attachment":[{"time":0.7,"name":"EF/450_S2_wave1/450_S2_wave1_00000"},{"time":0.7333,"name":"EF/450_S2_wave1/450_S2_wave1_00001"},{"time":0.7666,"name":"EF/450_S2_wave1/450_S2_wave1_00002"},{"time":0.8333,"name":"EF/450_S2_wave1/450_S2_wave1_00003"},{"time":0.9,"name":null}],"color":[{"time":0.7,"color":"ffffffff","curve":"stepped"},{"time":0.8,"color":"ffffffff"},{"time":0.9,"color":"ffffff00"}]}},"bones":{"MAIN":{"translate":[{"time":0,"x":-1.27,"y":-10.24,"curve":"stepped"},{"time":0.1,"x":6.38,"y":-12.79,"curve":"stepped"},{"time":0.2,"x":25.56,"y":-12.79,"curve":"stepped"},{"time":0.6666,"x":-1.27,"y":-10.24},{"time":0.7333,"x":-7,"y":-10.24,"curve":"stepped"},{"time":0.7666,"x":-3.82,"y":-10.24}]},"root":{"translate":[{"time":0,"x":2,"y":8}]},"EF_shine1_1":{"rotate":[{"time":0.2666,"angle":0},{"time":0.4666,"angle":-49.86}],"translate":[{"time":0.2666,"x":-13.61,"y":31.06}],"scale":[{"time":0.2666,"x":2,"y":2,"curve":[0.127,0.43,0.6,0.84]},{"time":0.4,"x":0.271,"y":0.271}]},"EF_attack_dot":{"translate":[{"time":0.7,"x":-522.42,"y":-17.02}]},"EF_wave2_1":{"translate":[{"time":0.7,"x":-397.71,"y":-8.96}],"scale":[{"time":0.7,"x":1.2,"y":1.2,"curve":[0.212,0.58,0.75,1]},{"time":0.9,"x":1.5,"y":1.5}]}},"events":[{"time":0.2666,"name":"Sound1","string":"cri_se_battle_charge_completion"},{"time":0.2666,"name":"Voice","string":"cri_124_voice_attack_random"},{"time":0.7,"name":"Event","string":"runScript_shot"}]},"attack1-library":{"slots":{"EF_attack_dot":{"attachment":[{"time":0.7,"name":"EF/EF_slash_DOT/3"},{"time":0.7333,"name":null}]},"EF_shine1_1":{"attachment":[{"time":0.2666,"name":"EF/230_S1_shine1/230_S1_shine1_00039"},{"time":0.3333,"name":"EF/230_S1_shine1/230_S1_shine1_00040"},{"time":0.4,"name":"EF/230_S1_shine1/230_S1_shine1_00041"},{"time":0.4666,"name":null}],"color":[{"time":0.2666,"color":"ffffffff","curve":"stepped"},{"time":0.3666,"color":"ffffffff"},{"time":0.4666,"color":"ffffff00"}]},"MAIN":{"attachment":[{"time":0,"name":"idle_00"},{"time":0.2,"name":"back_00"},{"time":0.2666,"name":"attack_01"},{"time":0.7,"name":"attack_02"},{"time":1,"name":"attack_02"}]},"wave2_1":{"attachment":[{"time":0.7,"name":"EF/450_S2_wave1/450_S2_wave1_00000"},{"time":0.7333,"name":"EF/450_S2_wave1/450_S2_wave1_00001"},{"time":0.7666,"name":"EF/450_S2_wave1/450_S2_wave1_00002"},{"time":0.8333,"name":"EF/450_S2_wave1/450_S2_wave1_00003"},{"time":0.9,"name":null}],"color":[{"time":0.7,"color":"ffffffff","curve":"stepped"},{"time":0.8,"color":"ffffffff"},{"time":0.9,"color":"ffffff00"}]}},"bones":{"MAIN":{"translate":[{"time":0,"x":-1.27,"y":-10.24,"curve":"stepped"},{"time":0.1,"x":6.38,"y":-12.79,"curve":"stepped"},{"time":0.2,"x":25.56,"y":-12.79,"curve":"stepped"},{"time":0.6666,"x":-1.27,"y":-10.24},{"time":0.7333,"x":-7,"y":-10.24,"curve":"stepped"},{"time":0.7666,"x":-3.82,"y":-10.24}]},"root":{"translate":[{"time":0,"x":2,"y":8}]},"EF_shine1_1":{"rotate":[{"time":0.2666,"angle":0},{"time":0.4666,"angle":-49.86}],"translate":[{"time":0.2666,"x":-13.61,"y":31.06}],"scale":[{"time":0.2666,"x":2,"y":2,"curve":[0.127,0.43,0.6,0.84]},{"time":0.4,"x":0.271,"y":0.271}]},"EF_attack_dot":{"translate":[{"time":0.7,"x":-522.42,"y":-17.02}]},"EF_wave2_1":{"translate":[{"time":0.7,"x":-397.71,"y":-8.96}],"scale":[{"time":0.7,"x":1.2,"y":1.2,"curve":[0.212,0.58,0.75,1]},{"time":0.9,"x":1.5,"y":1.5}]}},"events":[{"time":0.2666,"name":"Sound1","string":"cri_se_battle_charge_completion"},{"time":0.2666,"name":"Voice","string":"cri_124_voice_attack_random"},{"time":0.7,"name":"Event","string":"runScript_shot"}]},"back":{"slots":{"MAIN":{"attachment":[{"time":0,"name":"skill2_06"},{"time":0.0666,"name":"back_00"},{"time":0.4,"name":"idle_03"},{"time":0.4666,"name":"idle_04"},{"time":0.6666,"name":"idle_00"},{"time":0.8333,"name":"idle_00"}]}},"bones":{"MAIN":{"translate":[{"time":0,"x":0,"y":-2.13,"curve":"stepped"},{"time":0.0333,"x":-3.8,"y":-4.25,"curve":"stepped"},{"time":0.0666,"x":0,"y":14.52,"curve":[0.695,0.81,0.75,1]},{"time":0.2,"x":70,"y":25.65,"curve":[0.102,0.23,0.817,0.97]},{"time":0.4,"x":128.79,"y":-4.68},{"time":0.5333,"x":140,"y":-3.4}],"scale":[{"time":0,"x":1,"y":0.975,"curve":"stepped"},{"time":0.0666,"x":1,"y":1}]},"root":{"translate":[{"time":0.4,"x":0,"y":1.29}]}},"events":[{"time":0.0666,"name":"Sound1","string":"cri_se_battle_jump"},{"time":0.4,"name":"Sound1","string":"cri_se_battle_landing"}]},"cast":{"slots":{"MAIN":{"attachment":[{"time":0,"name":"idle_00"},{"time":0.2,"name":"back_00"},{"time":0.2666,"name":"attack_01"},{"time":0.5,"name":"attack_02"},{"time":0.8333,"name":"attack_02"}]}},"bones":{"MAIN":{"translate":[{"time":0,"x":-1.27,"y":-10.24,"curve":"stepped"},{"time":0.1,"x":6.38,"y":-12.79,"curve":"stepped"},{"time":0.2,"x":25.56,"y":-12.79,"curve":"stepped"},{"time":0.4666,"x":-1.27,"y":-10.24},{"time":0.5333,"x":-7,"y":-10.24,"curve":"stepped"},{"time":0.5666,"x":-3.82,"y":-10.24}]},"root":{"translate":[{"time":0,"x":2,"y":8}]}},"events":[{"time":0.4666,"name":"Voice","string":"cri_124_voice_item"}]},"damage":{"slots":{"MAIN":{"attachment":[{"time":0,"name":"damage_00"}]}},"bones":{"MAIN":{"translate":[{"time":0,"x":0,"y":5.61}],"scale":[{"time":0,"x":1,"y":1}]}}},"front":{"slots":{"MAIN":{"attachment":[{"time":0,"name":"front_00"}]}}},"idle":{"slots":{"MAIN":{"attachment":[{"time":0,"name":"idle_00"},{"time":0.2333,"name":"idle_01"},{"time":0.4333,"name":"idle_02"},{"time":0.7,"name":"idle_03"},{"time":0.9333,"name":"idle_04"},{"time":1.1666,"name":"idle_04"}]}},"bones":{"MAIN":{"translate":[{"time":0,"x":0,"y":-2.1}]}}},"skill1":{"slots":{"EF_rot_wave1_1":{"attachment":[{"time":0.8333,"name":"EF/rot_wave/ef_rot_wave_main_00013"},{"time":0.8666,"name":"EF/rot_wave/ef_rot_wave_main_00011"},{"time":0.9,"name":"EF/rot_wave/ef_rot_wave_main_00010"},{"time":0.9333,"name":"EF/rot_wave/ef_rot_wave_main_00008"},{"time":0.9666,"name":"EF/rot_wave/ef_rot_wave_main_00006"},{"time":1.0333,"name":"EF/rot_wave/ef_rot_wave_main_00005"},{"time":1.1,"name":"EF/rot_wave/ef_rot_wave_main_00003"},{"time":1.1666,"name":"EF/rot_wave/ef_rot_wave_main_00001"},{"time":1.2333,"name":null}],"color":[{"time":0.8333,"color":"ffffffff","curve":"stepped"},{"time":0.9666,"color":"ffffffff","curve":[0.118,0.48,0.75,1]},{"time":1.2333,"color":"ffffff00"}]},"EF_shine1_1":{"attachment":[{"time":0.7666,"name":"EF/230_S1_shine1/230_S1_shine1_00039"},{"time":0.8,"name":"EF/230_S1_shine1/230_S1_shine1_00040"},{"time":0.8333,"name":"EF/230_S1_shine1/230_S1_shine1_00041"},{"time":0.8666,"name":null}]},"EF_wave1_1":{"attachment":[{"time":0.1333,"name":"EF/370_S1_wave1/370_S1_wave1_00003"},{"time":0.1666,"name":"EF/370_S1_wave1/370_S1_wave1_00004"},{"time":0.2,"name":"EF/370_S1_wave1/370_S1_wave1_00005"},{"time":0.2333,"name":"EF/370_S1_wave1/370_S1_wave1_00006"},{"time":0.2666,"name":"EF/370_S1_wave1/370_S1_wave1_00007"},{"time":0.3333,"name":"EF/370_S1_wave1/370_S1_wave1_00008"},{"time":0.4,"name":"EF/370_S1_wave1/370_S1_wave1_00009"},{"time":0.4666,"name":null},{"time":0.7333,"name":"EF/370_S1_wave1/370_S1_wave1_00003"},{"time":0.7666,"name":"EF/370_S1_wave1/370_S1_wave1_00004"},{"time":0.8,"name":"EF/370_S1_wave1/370_S1_wave1_00005"},{"time":0.8333,"name":"EF/370_S1_wave1/370_S1_wave1_00006"},{"time":0.8666,"name":"EF/370_S1_wave1/370_S1_wave1_00007"},{"time":0.9333,"name":"EF/370_S1_wave1/370_S1_wave1_00008"},{"time":1,"name":"EF/370_S1_wave1/370_S1_wave1_00009"},{"time":1.0666,"name":null}],"color":[{"time":0.1333,"color":"ffffffff","curve":"stepped"},{"time":0.2666,"color":"ffffffff"},{"time":0.4666,"color":"ffffff00","curve":"stepped"},{"time":0.7333,"color":"ffffffff","curve":"stepped"},{"time":0.8666,"color":"ffffffff"},{"time":1.0666,"color":"ffffff00"}]},"MAIN":{"attachment":[{"time":0,"name":"skill2_01"},{"time":0.1,"name":"skill2_06"},{"time":0.1666,"name":"front_00"},{"time":0.2333,"name":"skill1_00"},{"time":0.4,"name":"skill1_01"},{"time":0.7,"name":"skill1_02"},{"time":0.8,"name":"skill1_03"},{"time":1.1666,"name":"skill2_00"},{"time":1.3,"name":"skill2_01"},{"time":1.4333,"name":"idle_00"},{"time":1.6666,"name":"idle_00"}]}},"bones":{"MAIN":{"rotate":[{"time":0,"angle":2.04,"curve":"stepped"},{"time":0.1,"angle":2.04,"curve":"stepped"},{"time":0.1666,"angle":0,"curve":"stepped"},{"time":0.2,"angle":-17.08,"curve":"stepped"},{"time":0.2333,"angle":0,"curve":"stepped"},{"time":0.4,"angle":-5.37,"curve":"stepped"},{"time":0.6666,"angle":8.73,"curve":"stepped"},{"time":0.7,"angle":0,"curve":"stepped"},{"time":0.7666,"angle":0}],"translate":[{"time":0,"x":0,"y":-13.35,"curve":"stepped"},{"time":0.1,"x":0,"y":-13.35,"curve":"stepped"},{"time":0.1666,"x":-6.67,"y":-7.63,"curve":[0.233,0.84,0.75,1]},{"time":0.2333,"x":-15.31,"y":155.46,"curve":[0.277,0.6,0.75,1]},{"time":0.4,"x":-21.87,"y":175.49,"curve":[0.469,0.66,0.628,0.75]},{"time":0.5,"x":-25.89,"y":178.36,"curve":"stepped"},{"time":0.6666,"x":-25.89,"y":203.28,"curve":[1,0,1,0]},{"time":0.7333,"x":-52.38,"y":-12.39,"curve":"stepped"},{"time":0.7666,"x":-52.38,"y":-7.63,"curve":"stepped"},{"time":0.8,"x":-52.38,"y":-1.9,"curve":"stepped"},{"time":0.8333,"x":-52.38,"y":-5.72,"curve":"stepped"},{"time":1.1666,"x":-52.38,"y":-7.74,"curve":"stepped"},{"time":1.3,"x":-52.38,"y":-12.79,"curve":"stepped"},{"time":1.4333,"x":-28.64,"y":-12.79}],"scale":[{"time":0,"x":1,"y":0.975,"curve":"stepped"},{"time":0.1,"x":1,"y":0.975,"curve":"stepped"},{"time":0.1666,"x":1,"y":1}]},"EF_wave1_1":{"translate":[{"time":0.1333,"x":-100,"y":0,"curve":"stepped"},{"time":0.7333,"x":-220.47,"y":0}],"scale":[{"time":0.1333,"x":2,"y":2,"curve":"stepped"},{"time":0.2666,"x":2,"y":2},{"time":0.4666,"x":2.1,"y":2.1,"curve":"stepped"},{"time":0.7333,"x":4,"y":4,"curve":"stepped"},{"time":0.8666,"x":4,"y":4},{"time":1.0666,"x":4.2,"y":4.2}]},"EF_rot_wave1_1":{"translate":[{"time":0.8333,"x":-370.36,"y":0}],"scale":[{"time":0.8333,"x":3.5,"y":3.5,"curve":"stepped"},{"time":0.9666,"x":3.5,"y":3.5,"curve":[0.184,0.35,0.75,1]},{"time":1.2,"x":4,"y":4}]},"EF_shine1_1":{"translate":[{"time":0.7666,"x":-270.57,"y":-95.32}],"scale":[{"time":0.7666,"x":3,"y":3}]}},"events":[{"time":0.1666,"name":"Sound1","string":"cri_se_battle_skill_shot"},{"time":0.1666,"name":"Voice","string":"cri_124_voice_skill_all"},{"time":0.7333,"name":"Event","string":"addOrbitSystem_2_skill1_rose"},{"time":0.7333,"name":"Sound1","string":"cri_se_battle_hard_hit"},{"time":0.7333,"name":"Sound2","string":"cri_se_battle_033_explosion_element_01"}]},"skill2":{"slots":{"DAMAGEAREA":{"attachment":[{"time":2.9666,"name":"DAMAGEAREA"},{"time":3.0666,"name":null}]},"EF/EF_skill2_F":{"attachment":[{"time":1.9333,"name":"EF/EF_skill2_01"},{"time":2,"name":"EF/EF_skill2_03"},{"time":2.0666,"name":"EF/EF_skill2_05"},{"time":2.1666,"name":null},{"time":2.5,"name":"EF/EF_skill2_01"},{"time":2.5666,"name":"EF/EF_skill2_03"},{"time":2.6333,"name":"EF/EF_skill2_05"},{"time":2.7333,"name":null}],"color":[{"time":1.9333,"color":"ffffffff","curve":"stepped"},{"time":2.0333,"color":"ffffffff","curve":[0.099,0.38,0.724,0.93]},{"time":2.1666,"color":"ffffff00","curve":"stepped"},{"time":2.5,"color":"ffffffff","curve":"stepped"},{"time":2.6,"color":"ffffffff","curve":[0.099,0.38,0.724,0.93]},{"time":2.7333,"color":"ffffff00"}]},"EF/EF_skill2_F2":{"attachment":[{"time":1.9333,"name":"EF/EF_skill2_01"},{"time":2,"name":"EF/EF_skill2_03"},{"time":2.0666,"name":"EF/EF_skill2_05"},{"time":2.1666,"name":null},{"time":2.5,"name":"EF/EF_skill2_01"},{"time":2.5666,"name":"EF/EF_skill2_03"},{"time":2.6333,"name":"EF/EF_skill2_05"},{"time":2.7333,"name":null}],"color":[{"time":1.9333,"color":"ffffffff","curve":"stepped"},{"time":2.0333,"color":"ffffffff","curve":[0.099,0.38,0.724,0.93]},{"time":2.1666,"color":"ffffff00","curve":"stepped"},{"time":2.5,"color":"ffffffff","curve":"stepped"},{"time":2.6,"color":"ffffffff","curve":[0.099,0.38,0.724,0.93]},{"time":2.7333,"color":"ffffff00"}]},"EF/EF_skill2_F3":{"attachment":[{"time":1.9333,"name":"EF/EF_skill2_01"},{"time":2,"name":"EF/EF_skill2_03"},{"time":2.0666,"name":"EF/EF_skill2_05"},{"time":2.1666,"name":null},{"time":2.5,"name":"EF/EF_skill2_01"},{"time":2.5666,"name":"EF/EF_skill2_03"},{"time":2.6333,"name":"EF/EF_skill2_05"},{"time":2.7333,"name":null}],"color":[{"time":1.9333,"color":"ffffffff","curve":"stepped"},{"time":2.0333,"color":"ffffffff","curve":[0.099,0.38,0.724,0.93]},{"time":2.1666,"color":"ffffff00","curve":"stepped"},{"time":2.5,"color":"ffffffff","curve":"stepped"},{"time":2.6,"color":"ffffffff","curve":[0.099,0.38,0.724,0.93]},{"time":2.7333,"color":"ffffff00"}]},"EF/EF_skill2_F4":{"attachment":[{"time":1.9333,"name":"EF/EF_skill2_01"},{"time":2,"name":"EF/EF_skill2_03"},{"time":2.0666,"name":"EF/EF_skill2_05"},{"time":2.1666,"name":null},{"time":2.5,"name":"EF/EF_skill2_01"},{"time":2.5666,"name":"EF/EF_skill2_03"},{"time":2.6333,"name":"EF/EF_skill2_05"},{"time":2.7333,"name":null}],"color":[{"time":1.9333,"color":"ffffffff","curve":"stepped"},{"time":2.0333,"color":"ffffffff","curve":[0.099,0.38,0.724,0.93]},{"time":2.1666,"color":"ffffff00","curve":"stepped"},{"time":2.5,"color":"ffffffff","curve":"stepped"},{"time":2.6,"color":"ffffffff","curve":[0.099,0.38,0.724,0.93]},{"time":2.7333,"color":"ffffff00"}]},"EF_dash1_1":{"attachment":[{"time":2.9,"name":"EF/dash/370_S1_dash1_00000"},{"time":2.9333,"name":"EF/dash/370_S1_dash1_00002"},{"time":2.9666,"name":"EF/dash/370_S1_dash1_00004"},{"time":3,"name":"EF/dash/370_S1_dash1_00006"},{"time":3.0333,"name":"EF/dash/370_S1_dash1_00008"},{"time":3.0666,"name":null}]},"EF_leaf1_1":{"attachment":[{"time":2.9333,"name":"EF/ef_leaf_B_main/ef_leaf_B_main_00002"},{"time":2.9666,"name":"EF/ef_leaf_B_main/ef_leaf_B_main_00003"},{"time":3,"name":"EF/ef_leaf_B_main/ef_leaf_B_main_00004"},{"time":3.0333,"name":"EF/ef_leaf_B_main/ef_leaf_B_main_00005"},{"time":3.0666,"name":"EF/ef_leaf_B_main/ef_leaf_B_main_00006"},{"time":3.1,"name":"EF/ef_leaf_B_main/ef_leaf_B_main_00007"},{"time":3.1333,"name":"EF/ef_leaf_B_main/ef_leaf_B_main_00008"},{"time":3.1666,"name":"EF/ef_leaf_B_main/ef_leaf_B_main_00009"},{"time":3.2,"name":"EF/ef_leaf_B_main/ef_leaf_B_main_00010"},{"time":3.2333,"name":"EF/ef_leaf_B_main/ef_leaf_B_main_00011"},{"time":3.2666,"name":"EF/ef_leaf_B_main/ef_leaf_B_main_00012"},{"time":3.3,"name":"EF/ef_leaf_B_main/ef_leaf_B_main_00013"},{"time":3.3333,"name":"EF/ef_leaf_B_main/ef_leaf_B_main_00014"},{"time":3.3666,"name":"EF/ef_leaf_B_main/ef_leaf_B_main_00015"},{"time":3.4,"name":null}]},"EF_leaf1_2":{"attachment":[{"time":2.9333,"name":"EF/ef_leaf_B_main/ef_leaf_B_main_00001"},{"time":2.9666,"name":"EF/ef_leaf_B_main/ef_leaf_B_main_00002"},{"time":3,"name":"EF/ef_leaf_B_main/ef_leaf_B_main_00003"},{"time":3.0333,"name":"EF/ef_leaf_B_main/ef_leaf_B_main_00004"},{"time":3.0666,"name":"EF/ef_leaf_B_main/ef_leaf_B_main_00005"},{"time":3.1,"name":"EF/ef_leaf_B_main/ef_leaf_B_main_00006"},{"time":3.1333,"name":"EF/ef_leaf_B_main/ef_leaf_B_main_00007"},{"time":3.1666,"name":"EF/ef_leaf_B_main/ef_leaf_B_main_00008"},{"time":3.2,"name":"EF/ef_leaf_B_main/ef_leaf_B_main_00009"},{"time":3.2333,"name":"EF/ef_leaf_B_main/ef_leaf_B_main_00010"},{"time":3.2666,"name":"EF/ef_leaf_B_main/ef_leaf_B_main_00011"},{"time":3.3,"name":"EF/ef_leaf_B_main/ef_leaf_B_main_00012"},{"time":3.3333,"name":"EF/ef_leaf_B_main/ef_leaf_B_main_00013"},{"time":3.3666,"name":"EF/ef_leaf_B_main/ef_leaf_B_main_00014"},{"time":3.4,"name":"EF/ef_leaf_B_main/ef_leaf_B_main_00015"},{"time":3.4333,"name":null}]},"EF_leaf1_3":{"attachment":[{"time":3,"name":"EF/ef_leaf_B_main/ef_leaf_B_main_00001"},{"time":3.0333,"name":"EF/ef_leaf_B_main/ef_leaf_B_main_00002"},{"time":3.0666,"name":"EF/ef_leaf_B_main/ef_leaf_B_main_00003"},{"time":3.1,"name":"EF/ef_leaf_B_main/ef_leaf_B_main_00004"},{"time":3.1333,"name":"EF/ef_leaf_B_main/ef_leaf_B_main_00005"},{"time":3.1666,"name":"EF/ef_leaf_B_main/ef_leaf_B_main_00006"},{"time":3.2,"name":"EF/ef_leaf_B_main/ef_leaf_B_main_00007"},{"time":3.2333,"name":"EF/ef_leaf_B_main/ef_leaf_B_main_00008"},{"time":3.2666,"name":"EF/ef_leaf_B_main/ef_leaf_B_main_00009"},{"time":3.3,"name":"EF/ef_leaf_B_main/ef_leaf_B_main_00010"},{"time":3.3333,"name":"EF/ef_leaf_B_main/ef_leaf_B_main_00011"},{"time":3.3666,"name":"EF/ef_leaf_B_main/ef_leaf_B_main_00012"},{"time":3.4,"name":"EF/ef_leaf_B_main/ef_leaf_B_main_00013"},{"time":3.4333,"name":"EF/ef_leaf_B_main/ef_leaf_B_main_00014"},{"time":3.4666,"name":"EF/ef_leaf_B_main/ef_leaf_B_main_00015"},{"time":3.5,"name":null}]},"EF_power1_1":{"attachment":[{"time":1.5666,"name":"EF/5130_EX1_power1/5130_EX1_power1_00002"},{"time":1.6,"name":"EF/5130_EX1_power1/5130_EX1_power1_00003"},{"time":1.6333,"name":"EF/5130_EX1_power1/5130_EX1_power1_00004"},{"time":1.6666,"name":"EF/5130_EX1_power1/5130_EX1_power1_00005"},{"time":1.7,"name":"EF/5130_EX1_power1/5130_EX1_power1_00006"},{"time":1.7333,"name":"EF/5130_EX1_power1/5130_EX1_power1_00007"},{"time":1.7666,"name":"EF/5130_EX1_power1/5130_EX1_power1_00008"},{"time":1.8,"name":"EF/5130_EX1_power1/5130_EX1_power1_00009"},{"time":1.8333,"name":"EF/5130_EX1_power1/5130_EX1_power1_00010"},{"time":1.8666,"name":"EF/5130_EX1_power1/5130_EX1_power1_00011"},{"time":1.9,"name":"EF/5130_EX1_power1/5130_EX1_power1_00012"},{"time":1.9333,"name":"EF/5130_EX1_power1/5130_EX1_power1_00013"},{"time":1.9666,"name":"EF/5130_EX1_power1/5130_EX1_power1_00014"},{"time":2,"name":"EF/5130_EX1_power1/5130_EX1_power1_00015"},{"time":2.0333,"name":"EF/5130_EX1_power1/5130_EX1_power1_00016"},{"time":2.0666,"name":"EF/5130_EX1_power1/5130_EX1_power1_00017"},{"time":2.1,"name":"EF/5130_EX1_power1/5130_EX1_power1_00018"},{"time":2.1333,"name":"EF/5130_EX1_power1/5130_EX1_power1_00019"},{"time":2.1666,"name":null}],"color":[{"time":1.5333,"color":"ffffff00"},{"time":1.6333,"color":"ffffffff","curve":"stepped"},{"time":2.0333,"color":"ffffffff"},{"time":2.1666,"color":"ffffff00"}]},"EF_rot_wave1_1":{"attachment":[{"time":1.0333,"name":"EF/rot_wave/ef_rot_wave_main_00013"},{"time":1.0666,"name":"EF/rot_wave/ef_rot_wave_main_00011"},{"time":1.1,"name":"EF/rot_wave/ef_rot_wave_main_00010"},{"time":1.1333,"name":"EF/rot_wave/ef_rot_wave_main_00008"},{"time":1.1666,"name":"EF/rot_wave/ef_rot_wave_main_00006"},{"time":1.2333,"name":"EF/rot_wave/ef_rot_wave_main_00005"},{"time":1.3,"name":"EF/rot_wave/ef_rot_wave_main_00003"},{"time":1.3666,"name":"EF/rot_wave/ef_rot_wave_main_00001"},{"time":1.4333,"name":null}],"color":[{"time":1.0333,"color":"ffffffff","curve":"stepped"},{"time":1.1666,"color":"ffffffff","curve":[0.118,0.48,0.75,1]},{"time":1.4333,"color":"ffffff00"}]},"EF_shine1_1":{"attachment":[{"time":0.9666,"name":"EF/230_S1_shine1/230_S1_shine1_00039"},{"time":1,"name":"EF/230_S1_shine1/230_S1_shine1_00040"},{"time":1.0333,"name":"EF/230_S1_shine1/230_S1_shine1_00041"},{"time":1.0666,"name":null}]},"EF_slash1_1":{"attachment":[{"time":2.9333,"name":"EF/ef_slash_bolt_main/ef_slash_bolt_main_00001"},{"time":2.9666,"name":"EF/ef_slash_bolt_main/ef_slash_bolt_main_00002"},{"time":3,"name":"EF/line2/120_S2_slash1_00001"},{"time":3.0333,"name":"EF/line2/120_S2_slash1_00002"},{"time":3.1,"name":"EF/line2/120_S2_slash1_00003"},{"time":3.1666,"name":"EF/line2/120_S2_slash1_00004"},{"time":3.2333,"name":"EF/line2/120_S2_slash1_00005"},{"time":3.3,"name":null}]},"EF_smash1_1":{"attachment":[{"time":2.9333,"name":"EF/730_S1_smash3/730_S1_smash3_00002"},{"time":3.1333,"name":null}]},"EF_wave1_1":{"attachment":[{"time":0.3666,"name":"EF/370_S1_wave1/370_S1_wave1_00003"},{"time":0.4,"name":"EF/370_S1_wave1/370_S1_wave1_00004"},{"time":0.4333,"name":"EF/370_S1_wave1/370_S1_wave1_00005"},{"time":0.4666,"name":"EF/370_S1_wave1/370_S1_wave1_00006"},{"time":0.5,"name":"EF/370_S1_wave1/370_S1_wave1_00007"},{"time":0.5666,"name":"EF/370_S1_wave1/370_S1_wave1_00008"},{"time":0.6333,"name":"EF/370_S1_wave1/370_S1_wave1_00009"},{"time":0.7,"name":null},{"time":0.9333,"name":"EF/370_S1_wave1/370_S1_wave1_00003"},{"time":0.9666,"name":"EF/370_S1_wave1/370_S1_wave1_00004"},{"time":1,"name":"EF/370_S1_wave1/370_S1_wave1_00005"},{"time":1.0333,"name":"EF/370_S1_wave1/370_S1_wave1_00006"},{"time":1.0666,"name":"EF/370_S1_wave1/370_S1_wave1_00007"},{"time":1.1333,"name":"EF/370_S1_wave1/370_S1_wave1_00008"},{"time":1.2,"name":"EF/370_S1_wave1/370_S1_wave1_00009"},{"time":1.2666,"name":null},{"time":2.8333,"name":"EF/370_S1_wave1/370_S1_wave1_00003"},{"time":2.8666,"name":"EF/370_S1_wave1/370_S1_wave1_00004"},{"time":2.9,"name":"EF/370_S1_wave1/370_S1_wave1_00005"},{"time":2.9333,"name":"EF/370_S1_wave1/370_S1_wave1_00006"},{"time":2.9666,"name":"EF/370_S1_wave1/370_S1_wave1_00007"},{"time":3.0333,"name":"EF/370_S1_wave1/370_S1_wave1_00008"},{"time":3.1,"name":"EF/370_S1_wave1/370_S1_wave1_00009"},{"time":3.1666,"name":null}],"color":[{"time":0.3666,"color":"ffffffff","curve":"stepped"},{"time":0.5,"color":"ffffffff"},{"time":0.7,"color":"ffffff00","curve":"stepped"},{"time":0.9333,"color":"ffffffff","curve":"stepped"},{"time":1.0666,"color":"ffffffff"},{"time":1.2666,"color":"ffffff00","curve":"stepped"},{"time":2.8333,"color":"ffffffff","curve":"stepped"},{"time":2.9666,"color":"ffffffff"},{"time":3.1666,"color":"ffffff00"}]},"MAIN":{"attachment":[{"time":0.1,"name":"skill2_06"},{"time":0.3666,"name":"front_00"},{"time":0.4333,"name":"skill1_00"},{"time":0.6,"name":"skill1_01"},{"time":0.9,"name":"skill1_02"},{"time":1,"name":"skill1_03"},{"time":1.3333,"name":"skill2_00"},{"time":1.5,"name":"skill2_01"},{"time":1.6666,"name":"skill2_02"},{"time":1.8333,"name":"skill2_02"},{"time":2,"name":"skill2_03"},{"time":2.9333,"name":"skill2_04"},{"time":3.1,"name":"skill2_05"},{"time":3.2666,"name":"skill2_02"},{"time":3.5666,"name":"back_00"},{"time":3.8,"name":"idle_03"},{"time":3.8666,"name":"idle_04"},{"time":4.1,"name":"idle_00"},{"time":4.3333,"name":"idle_00"}],"color":[{"time":1.9333,"color":"ffffffff"},{"time":2.1666,"color":"ffffff00","curve":"stepped"},{"time":2.5,"color":"ffffff00"},{"time":2.8,"color":"ffffffff"}]},"MAIN2":{"attachment":[{"time":1.9333,"name":"skill2_03"},{"time":2.9666,"name":"skill2_02"},{"time":3,"name":"skill2_04"}],"color":[{"time":1.9333,"color":"a3ff9aff"},{"time":2.1666,"color":"ffffff00","curve":"stepped"},{"time":2.9666,"color":"a3ff9aff"},{"time":3.2,"color":"ffffff00"}]},"MAIN3":{"attachment":[{"time":1.9333,"name":"skill2_03"},{"time":3,"name":"skill2_04"}],"color":[{"time":1.9333,"color":"a3ff9aff"},{"time":2.1666,"color":"ffffff00","curve":"stepped"},{"time":3,"color":"a1ff93ff"},{"time":3.2333,"color":"ffffff00"}]},"MAIN4":{"attachment":[{"time":3.0333,"name":"skill2_04"}],"color":[{"time":3.0333,"color":"94ff83ff"},{"time":3.2666,"color":"ffffff00"}]},"magic1_1":{"attachment":[{"time":0.9333,"name":"EF/5100_S2_magic1c"}],"color":[{"time":0.9333,"color":"ffffffff","curve":[0.02,0.44,0.75,1]},{"time":1.1333,"color":"ffffff00"}]},"wave3_1":{"attachment":[{"time":2.9333,"name":"EF/wave_shock/900_S2_beam3_00000"},{"time":2.9666,"name":"EF/wave_shock/900_S2_beam3_00001"},{"time":3,"name":"EF/wave_shock/900_S2_beam3_00002"},{"time":3.0333,"name":"EF/wave_shock/900_S2_beam3_00003"},{"time":3.0666,"name":"EF/wave_shock/900_S2_beam3_00004"},{"time":3.1333,"name":null}],"color":[{"time":2.9333,"color":"ffffffff","curve":"stepped"},{"time":3.0333,"color":"ffffffff","curve":[0.186,0.52,0.75,1]},{"time":3.1333,"color":"ffffff00"}]},"wave3_2":{"attachment":[{"time":3,"name":"EF/wave_shock/900_S2_beam3_00000"},{"time":3.0333,"name":"EF/wave_shock/900_S2_beam3_00001"},{"time":3.0666,"name":"EF/wave_shock/900_S2_beam3_00002"},{"time":3.1,"name":"EF/wave_shock/900_S2_beam3_00003"},{"time":3.1333,"name":"EF/wave_shock/900_S2_beam3_00004"},{"time":3.2,"name":null}],"color":[{"time":3,"color":"ffffffff","curve":"stepped"},{"time":3.1,"color":"ffffffff","curve":[0.186,0.52,0.75,1]},{"time":3.2,"color":"ffffff00"}]}},"bones":{"MAIN":{"rotate":[{"time":0.3,"angle":1.5,"curve":"stepped"},{"time":0.3666,"angle":0,"curve":"stepped"},{"time":0.4,"angle":-17.08,"curve":"stepped"},{"time":0.4333,"angle":0,"curve":"stepped"},{"time":0.6,"angle":-5.37,"curve":"stepped"},{"time":0.8666,"angle":8.73,"curve":"stepped"},{"time":0.9,"angle":0,"curve":"stepped"},{"time":0.9666,"angle":0}],"translate":[{"time":0.1,"x":0,"y":-1.59,"curve":"stepped"},{"time":0.3,"x":0,"y":-6.68,"curve":"stepped"},{"time":0.3666,"x":-6.67,"y":3.48,"curve":[0.233,0.84,0.75,1]},{"time":0.4333,"x":-15.31,"y":155.46,"curve":[0.277,0.6,0.75,1]},{"time":0.6,"x":-21.87,"y":175.49,"curve":[0.469,0.66,0.628,0.75]},{"time":0.7,"x":-25.89,"y":178.36,"curve":"stepped"},{"time":0.8666,"x":-25.89,"y":203.28,"curve":[1,0,1,0]},{"time":0.9333,"x":-52.38,"y":-12.39,"curve":"stepped"},{"time":0.9666,"x":-52.38,"y":-7.63,"curve":"stepped"},{"time":1,"x":-52.38,"y":-1.9,"curve":"stepped"},{"time":1.0333,"x":-52.38,"y":2.06,"curve":"stepped"},{"time":1.3333,"x":-52.38,"y":-3.29,"curve":"stepped"},{"time":1.5,"x":-46.6,"y":-3.89,"curve":"stepped"},{"time":1.6666,"x":-13.08,"y":-0.56,"curve":"stepped"},{"time":2.8,"x":9.33,"y":-1.54,"curve":"stepped"},{"time":2.8333,"x":11.12,"y":-2.13,"curve":"stepped"},{"time":2.9333,"x":-111.34,"y":-2.29,"curve":[0.125,0.96,0.308,0.97]},{"time":3.0666,"x":-394.18,"y":-2.28},{"time":3.2333,"x":-410.74,"y":-2.28,"curve":"stepped"},{"time":3.2666,"x":-437.49,"y":-2.28,"curve":"stepped"},{"time":3.5666,"x":-324.76,"y":13.35},{"time":3.7,"x":-230.24,"y":30.39},{"time":3.8,"x":-188.85,"y":-2.28},{"time":3.8666,"x":-176.56,"y":-2.28},{"time":3.9666,"x":-168.36,"y":-2.28}],"scale":[{"time":0.3,"x":1,"y":0.975,"curve":"stepped"},{"time":0.3666,"x":1,"y":1}]},"Afterimage":{"translate":[{"time":1.9333,"x":0,"y":0,"curve":"stepped"},{"time":2.0666,"x":0,"y":0},{"time":2.1666,"x":16.66,"y":0,"curve":"stepped"},{"time":2.9666,"x":-185.75,"y":-10.3,"curve":[0.28,0.97,0.762,1]},{"time":3.2,"x":-391.91,"y":-10.3}],"scale":[{"time":1.9333,"x":2,"y":2,"curve":"stepped"},{"time":2.9666,"x":2,"y":2}]},"Afterimage2":{"translate":[{"time":1.9333,"x":0,"y":0,"curve":"stepped"},{"time":2.0666,"x":0,"y":0},{"time":2.1666,"x":-49.53,"y":0,"curve":"stepped"},{"time":3,"x":-196.42,"y":-10.27,"curve":[0.202,1,0.75,1]},{"time":3.2333,"x":-385.99,"y":-10.27}],"scale":[{"time":1.9333,"x":2,"y":2,"curve":"stepped"},{"time":3,"x":2,"y":2}]},"Afterimage3":{"translate":[{"time":3.0333,"x":-202.06,"y":-9.68,"curve":[0.074,1,0.615,1]},{"time":3.2666,"x":-397.89,"y":-9.68}]},"DAMAGEAREA":{"translate":[{"time":2.9666,"x":-328.67,"y":66.28}],"scale":[{"time":2.9666,"x":3.872,"y":1}]},"magic1_1":{"translate":[{"time":0.9333,"x":-423.04,"y":0.2}],"scale":[{"time":0.9333,"x":0.993,"y":0.198,"curve":[0.121,0.37,0.75,1]},{"time":1.1,"x":2.278,"y":0.455}]},"EF_rot_wave1_1":{"translate":[{"time":1.0333,"x":-370.36,"y":0}],"scale":[{"time":1.0333,"x":3.5,"y":3.5,"curve":"stepped"},{"time":1.1666,"x":3.5,"y":3.5,"curve":[0.184,0.35,0.75,1]},{"time":1.4,"x":4,"y":4}]},"EF_shine1_1":{"translate":[{"time":0.9666,"x":-270.57,"y":-95.32}],"scale":[{"time":0.9666,"x":5,"y":3}]},"EF_wave1_1":{"translate":[{"time":0.3666,"x":-100,"y":0,"curve":"stepped"},{"time":0.9333,"x":-220.47,"y":0,"curve":"stepped"},{"time":2.8333,"x":-105,"y":0}],"scale":[{"time":0.3666,"x":2,"y":2,"curve":"stepped"},{"time":0.4666,"x":2,"y":2},{"time":0.6666,"x":2.5,"y":2.5,"curve":"stepped"},{"time":0.9333,"x":4,"y":4,"curve":"stepped"},{"time":1.0666,"x":4,"y":4},{"time":1.2666,"x":4.2,"y":4.2,"curve":"stepped"},{"time":2.8333,"x":4,"y":4,"curve":"stepped"},{"time":2.9666,"x":4,"y":4},{"time":3.1666,"x":4.2,"y":4.2}]},"EF_power1_1":{"rotate":[{"time":1.8666,"angle":0},{"time":2.1,"angle":-3.26}],"translate":[{"time":1.5666,"x":-278.38,"y":1.67,"curve":"stepped"},{"time":1.7,"x":-245.87,"y":1.67,"curve":"stepped"},{"time":1.8666,"x":-240.02,"y":1.67}],"scale":[{"time":1.5666,"x":3.997,"y":3.997,"curve":"stepped"},{"time":1.8666,"x":3.997,"y":3.997,"curve":[0.543,0.2,0.823,0.43]},{"time":2.1333,"x":5,"y":5}]},"EF_smash1_1":{"translate":[{"time":2.9333,"x":-678.47,"y":14.79}],"scale":[{"time":2.9333,"x":3.883,"y":3.793},{"time":3.1,"x":7.773,"y":0.046}]},"EF_slash1_1":{"translate":[{"time":2.9333,"x":-286.87,"y":-29.17},{"time":3.1333,"x":-286.87,"y":-35.67}],"scale":[{"time":2.9333,"x":7.396,"y":7.396},{"time":3,"x":3.521,"y":1.151},{"time":3.0666,"x":3.521,"y":0.451,"curve":[0.227,0.59,0.75,1]},{"time":3.2666,"x":3.521,"y":0.004}]},"EF_wave3_1":{"translate":[{"time":2.9333,"x":-528.92,"y":13.6}],"scale":[{"time":2.9333,"x":4.001,"y":4.001,"curve":[0.191,0.51,0.75,1]},{"time":3.1,"x":4.2,"y":4.2}]},"EF_wave3_2":{"translate":[{"time":3,"x":-770.43,"y":13.6}],"scale":[{"time":3,"x":4.001,"y":4.001,"curve":[0.191,0.51,0.75,1]},{"time":3.1666,"x":4.2,"y":4.2}]},"EF_skill2_dot1":{"rotate":[{"time":1.9333,"angle":180,"curve":"stepped"},{"time":2.5,"angle":180}],"translate":[{"time":1.9333,"x":-155.82,"y":3.87,"curve":"stepped"},{"time":2.5,"x":-155.82,"y":3.87}],"scale":[{"time":1.9333,"x":2,"y":2,"curve":[0.25,0,0.75,1]},{"time":2.1666,"x":4,"y":4,"curve":"stepped"},{"time":2.5,"x":2,"y":2,"curve":[0.25,0,0.75,1]},{"time":2.7333,"x":4,"y":4}]},"EF_skill2_dot2":{"rotate":[{"time":1.9333,"angle":90,"curve":"stepped"},{"time":2.5,"angle":90}],"translate":[{"time":1.9333,"x":-194.88,"y":-4.18,"curve":"stepped"},{"time":2.5,"x":-194.88,"y":-4.18}],"scale":[{"time":1.9333,"x":2,"y":2,"curve":[0.25,0,0.75,1]},{"time":2.1666,"x":4,"y":4,"curve":"stepped"},{"time":2.5,"x":2,"y":2,"curve":[0.25,0,0.75,1]},{"time":2.7333,"x":4,"y":4}]},"EF_skill2_dot3":{"rotate":[{"time":1.9333,"angle":360,"curve":"stepped"},{"time":2.5,"angle":360}],"translate":[{"time":1.9333,"x":-200.46,"y":20,"curve":"stepped"},{"time":2.5,"x":-200.46,"y":20}],"scale":[{"time":1.9333,"x":2,"y":2,"curve":[0.25,0,0.75,1]},{"time":2.1666,"x":4,"y":4,"curve":"stepped"},{"time":2.5,"x":2,"y":2,"curve":[0.25,0,0.75,1]},{"time":2.7333,"x":4,"y":4}]},"EF_skill2_dot4":{"rotate":[{"time":1.9333,"angle":270,"curve":"stepped"},{"time":2.5,"angle":270}],"translate":[{"time":1.9333,"x":-180,"y":51.61,"curve":"stepped"},{"time":2.5,"x":-180,"y":51.61}],"scale":[{"time":1.9333,"x":2,"y":2,"curve":[0.25,0,0.75,1]},{"time":2.1666,"x":4,"y":4,"curve":"stepped"},{"time":2.5,"x":2,"y":2,"curve":[0.25,0,0.75,1]},{"time":2.7333,"x":4,"y":4}]},"EF_dash1_1":{"translate":[{"time":2.9,"x":-148.83,"y":0}],"scale":[{"time":2.9,"x":3,"y":3}]},"EF_leaf1_1":{"translate":[{"time":2.9333,"x":-1025,"y":-35}],"scale":[{"time":2.9333,"x":2,"y":2}]},"EF_leaf1_2":{"translate":[{"time":2.9333,"x":-831.21,"y":-35}],"scale":[{"time":2.9333,"x":2.5,"y":2.5}]},"EF_leaf1_3":{"translate":[{"time":3,"x":-619.88,"y":-35}],"scale":[{"time":3,"x":3,"y":3}]}},"events":[{"time":0,"name":"Event","string":"addOrbitSystem_2_skill2_rose"},{"time":0,"name":"Event2","string":"addOrbitSystemCamera_ bg"},{"time":0.0333,"name":"Event","float":10,"string":"resetHitList"},{"time":0.3666,"name":"Sound1","string":"cri_se_battle_skill_shot"},{"time":0.3666,"name":"Voice","string":"cri_124_voice_fullarts_now"},{"time":0.9333,"name":"Sound1","string":"cri_se_battle_hard_hit"},{"time":0.9333,"name":"Sound2","string":"cri_se_battle_033_explosion_element_01"},{"time":1.6666,"name":"Sound1","string":"cri_se_battle_charge"},{"time":2.1666,"name":"Sound1","string":"cri_se_battle_teleport"},{"time":2.3,"name":"Event","int":250,"string":"setPositionX_Target"},{"time":2.5666,"name":"Sound1","string":"cri_se_battle_teleport"},{"time":2.5666,"name":"Voice","string":"cri_124_voice_fullarts_rank5"},{"time":2.9333,"name":"Event","float":0.4,"string":"kHitStopType_normal"},{"time":2.9333,"name":"Sound1","string":"cri_se_battle_skill_shot"},{"time":2.9333,"name":"Sound2","string":"cri_se_battle_033_explosion_element_01"},{"time":2.9666,"name":"Sound1","string":"setHitSound(se_battle_thrustviolently)"},{"time":3.5666,"name":"Sound1","string":"cri_se_battle_jump"},{"time":3.8,"name":"Sound1","string":"cri_se_battle_landing"}]}}}