{"skeleton":{"hash":"+RNbVuvXlWqa7FSVuDuVD9HSYiI","spine":"3.0.12","width":0,"height":0,"images":"./images/"},"bones":[{"name":"root"},{"name":"MAIN","parent":"root"},{"name":"ef/330_S2_wave1/550_S2_wave1_00042","parent":"MAIN"},{"name":"ef/330_S2_shine1/330_S2_shine1_00009","parent":"MAIN"},{"name":"ef/330_S1_beam4/330_S1_beam4_4","parent":"MAIN"},{"name":"ef/330_S1_beam4/330_S1_beam4_3","parent":"MAIN"},{"name":"ef/330_S1_beam4/330_S1_beam4_00003","parent":"MAIN"},{"name":"ef/330_S1_beam3/330_S1_beam3_2","parent":"MAIN","x":6.54},{"name":"ef/330_S1_beam3/330_S1_beam3_1","parent":"MAIN","x":6.54},{"name":"ef/330_S1_beam3/330_S1_beam3_00001","parent":"MAIN","x":6.54},{"name":"ef/330_S1_beam2/330_S1_beam2_1","parent":"MAIN"},{"name":"ef/330_S1_beam2/330_S1_beam2_0","parent":"MAIN"},{"name":"ef/330_S1_beam2/330_S1_beam2_00000","parent":"MAIN"},{"name":"ef/280_S2_shine1/280_S2_shine1_38","parent":"MAIN"},{"name":"ef/280_S2_shine1/280_S2_shine1_00038","parent":"MAIN"},{"name":"S2_wing","parent":"MAIN","y":-95.48,"scaleX":1.1,"scaleY":1.1},{"name":"S2_magicB","parent":"MAIN","color":"51ff00ff"},{"name":"S2_magicA2","parent":"MAIN","color":"1eff00ff"},{"name":"S1_beamA3","parent":"MAIN","scaleX":1.099,"scaleY":1.099,"color":"0000ffff"},{"name":"S1_beamA2","parent":"MAIN","scaleX":1.102,"scaleY":1.102,"color":"0000ffff"},{"name":"A1S2_magicA1","parent":"MAIN","color":"ffe800ff"},{"name":"A1S1_beamA1","parent":"MAIN","scaleX":1.096,"scaleY":1.096,"color":"ff00d1ff"},{"name":"DAMAGEAREA","parent":"root"},{"name":"water","parent":"MAIN","x":55.06,"y":-7.28,"scaleX":3,"scaleY":3,"color":"0b00ffff"}],"slots":[{"name":"ef/280_S1_magic1/280_S1_magic1_00038","bone":"S2_magicB","blend":"additive"},{"name":"ef/280_S1_magic2/280_S1_magic2_00040","bone":"S2_magicA2","blend":"additive"},{"name":"ef/280_S1_magic2/280_S1_magic2_40","bone":"A1S2_magicA1","blend":"additive"},{"name":"ef/280_S2_shine1/280_S2_shine1_00038","bone":"ef/280_S2_shine1/280_S2_shine1_00038","blend":"additive"},{"name":"ef/280_S2_shine1/280_S2_shine1_38","bone":"ef/280_S2_shine1/280_S2_shine1_38","blend":"additive"},{"name":"ef/330_S1_beam1/330_S1_beam1_00008","bone":"S1_beamA2","blend":"additive"},{"name":"ef/330_S1_beam1/330_S1_beam1_9","bone":"S1_beamA3","blend":"additive"},{"name":"ef/330_S1_beam1/330_S1_beam1_8","bone":"A1S1_beamA1","blend":"additive"},{"name":"ef/330_S1_beam2/330_S1_beam2_00000","bone":"ef/330_S1_beam2/330_S1_beam2_00000","blend":"additive"},{"name":"ef/330_S1_beam2/330_S1_beam2_1","bone":"ef/330_S1_beam2/330_S1_beam2_1","blend":"additive"},{"name":"ef/330_S1_beam2/330_S1_beam2_0","bone":"ef/330_S1_beam2/330_S1_beam2_0","blend":"additive"},{"name":"ef/330_S1_beam3/330_S1_beam3_00001","bone":"ef/330_S1_beam3/330_S1_beam3_00001","blend":"additive"},{"name":"ef/330_S1_beam3/330_S1_beam3_2","bone":"ef/330_S1_beam3/330_S1_beam3_2","blend":"additive"},{"name":"ef/330_S1_beam3/330_S1_beam3_1","bone":"ef/330_S1_beam3/330_S1_beam3_1","blend":"additive"},{"name":"ef/330_S1_beam4/330_S1_beam4_00003","bone":"ef/330_S1_beam4/330_S1_beam4_00003","blend":"additive"},{"name":"ef/330_S1_beam4/330_S1_beam4_3","bone":"ef/330_S1_beam4/330_S1_beam4_3","blend":"additive"},{"name":"ef/330_S1_beam4/330_S1_beam4_4","bone":"ef/330_S1_beam4/330_S1_beam4_4","blend":"additive"},{"name":"ef/330_S2_shine1/330_S2_shine1_00009","bone":"ef/330_S2_shine1/330_S2_shine1_00009","blend":"additive"},{"name":"ef/330_S2_wing2/330_S2_wing2_00003","bone":"S2_wing","blend":"additive"},{"name":"ef/330_S2_wave1/550_S2_wave1_00042","bone":"ef/330_S2_wave1/550_S2_wave1_00042","blend":"additive"},{"name":"DAMAGEAREA","bone":"DAMAGEAREA"},{"name":"ef/610_S1_water1/610_S1_water1_00000","bone":"water","blend":"additive"}],"skins":{"default":{"DAMAGEAREA":{"DAMAGEAREA":{"type":"boundingbox","vertices":[-98.26634,97.63309,-98.71135,-97.72179,97.53353,-98.61179,97.97853,97.63309]}},"ef/280_S1_magic1/280_S1_magic1_00038":{"ef/280_S1_magic1/280_S1_magic1_00038":{"scaleX":1.199,"scaleY":1.199,"width":203,"height":203},"ef/280_S1_magic1/280_S1_magic1_00041":{"width":203,"height":203},"ef/280_S1_magic1/280_S1_magic1_00044":{"width":203,"height":203},"ef/280_S1_magic1/280_S1_magic1_00047":{"width":203,"height":203},"ef/280_S1_magic1/280_S1_magic1_00048":{"width":203,"height":203},"ef/280_S1_magic1/280_S1_magic1_00049":{"width":203,"height":203},"ef/280_S1_magic1/280_S1_magic1_00051":{"width":203,"height":203},"ef/280_S1_magic1/280_S1_magic1_00053":{"width":203,"height":203},"ef/280_S1_magic1/280_S1_magic1_00054":{"width":203,"height":203},"ef/280_S1_magic1/280_S1_magic1_00055":{"width":203,"height":203}},"ef/280_S1_magic2/280_S1_magic2_00040":{"ef/280_S1_magic2/280_S1_magic2_00045":{"width":225,"height":225}},"ef/280_S1_magic2/280_S1_magic2_40":{"ef/280_S1_magic2/280_S1_magic2_00045":{"width":225,"height":225}},"ef/280_S2_shine1/280_S2_shine1_00038":{"ef/280_S2_shine1/280_S2_shine1_00038":{"width":188,"height":188}},"ef/280_S2_shine1/280_S2_shine1_38":{"ef/280_S2_shine1/280_S2_shine1_00038":{"width":188,"height":188}},"ef/330_S1_beam1/330_S1_beam1_00008":{"ef/330_S1_beam1/330_S1_beam1_00008":{"width":135,"height":135},"ef/330_S1_beam1/330_S1_beam1_00010":{"width":135,"height":135},"ef/330_S1_beam1/330_S1_beam1_00011":{"width":135,"height":135},"ef/330_S1_beam1/330_S1_beam1_00013":{"width":135,"height":135},"ef/330_S1_beam1/330_S1_beam1_00014":{"width":135,"height":135},"ef/330_S1_beam1/330_S1_beam1_00016":{"width":135,"height":135},"ef/330_S1_beam1/330_S1_beam1_00017":{"width":135,"height":135},"ef/330_S1_beam1/330_S1_beam1_00019":{"width":135,"height":135},"ef/330_S1_beam1/330_S1_beam1_00020":{"width":135,"height":135},"ef/330_S1_beam1/330_S1_beam1_00021":{"width":135,"height":135},"ef/330_S1_beam1/330_S1_beam1_00022":{"width":135,"height":135},"ef/330_S1_beam1/330_S1_beam1_00024":{"width":135,"height":135},"ef/330_S1_beam1/330_S1_beam1_00025":{"width":135,"height":135}},"ef/330_S1_beam1/330_S1_beam1_8":{"ef/330_S1_beam1/330_S1_beam1_00008":{"width":135,"height":135},"ef/330_S1_beam1/330_S1_beam1_00010":{"width":135,"height":135},"ef/330_S1_beam1/330_S1_beam1_00011":{"width":135,"height":135},"ef/330_S1_beam1/330_S1_beam1_00013":{"width":135,"height":135},"ef/330_S1_beam1/330_S1_beam1_00014":{"width":135,"height":135},"ef/330_S1_beam1/330_S1_beam1_00016":{"width":135,"height":135},"ef/330_S1_beam1/330_S1_beam1_00017":{"width":135,"height":135},"ef/330_S1_beam1/330_S1_beam1_00019":{"width":135,"height":135},"ef/330_S1_beam1/330_S1_beam1_00020":{"width":135,"height":135},"ef/330_S1_beam1/330_S1_beam1_00021":{"width":135,"height":135},"ef/330_S1_beam1/330_S1_beam1_00022":{"width":135,"height":135},"ef/330_S1_beam1/330_S1_beam1_00024":{"width":135,"height":135},"ef/330_S1_beam1/330_S1_beam1_00025":{"width":135,"height":135}},"ef/330_S1_beam1/330_S1_beam1_9":{"ef/330_S1_beam1/330_S1_beam1_00008":{"width":135,"height":135},"ef/330_S1_beam1/330_S1_beam1_00010":{"width":135,"height":135},"ef/330_S1_beam1/330_S1_beam1_00011":{"width":135,"height":135},"ef/330_S1_beam1/330_S1_beam1_00013":{"width":135,"height":135},"ef/330_S1_beam1/330_S1_beam1_00014":{"width":135,"height":135},"ef/330_S1_beam1/330_S1_beam1_00016":{"width":135,"height":135},"ef/330_S1_beam1/330_S1_beam1_00017":{"width":135,"height":135},"ef/330_S1_beam1/330_S1_beam1_00019":{"width":135,"height":135},"ef/330_S1_beam1/330_S1_beam1_00020":{"width":135,"height":135},"ef/330_S1_beam1/330_S1_beam1_00021":{"width":135,"height":135},"ef/330_S1_beam1/330_S1_beam1_00022":{"width":135,"height":135},"ef/330_S1_beam1/330_S1_beam1_00024":{"width":135,"height":135},"ef/330_S1_beam1/330_S1_beam1_00025":{"width":135,"height":135}},"ef/330_S1_beam2/330_S1_beam2_0":{"ef/330_S1_beam2/330_S1_beam2_00000":{"width":150,"height":150}},"ef/330_S1_beam2/330_S1_beam2_00000":{"ef/330_S1_beam2/330_S1_beam2_00000":{"width":150,"height":150}},"ef/330_S1_beam2/330_S1_beam2_1":{"ef/330_S1_beam2/330_S1_beam2_00000":{"width":150,"height":150}},"ef/330_S1_beam3/330_S1_beam3_00001":{"ef/330_S1_beam3/330_S1_beam3_00001":{"x":-6.54,"width":125,"height":125},"ef/330_S1_beam3/330_S1_beam3_00002":{"x":-6.54,"width":125,"height":125},"ef/330_S1_beam3/330_S1_beam3_00004":{"x":-6.54,"width":125,"height":125},"ef/330_S1_beam3/330_S1_beam3_00005":{"x":-6.54,"width":125,"height":125}},"ef/330_S1_beam3/330_S1_beam3_1":{"ef/330_S1_beam3/330_S1_beam3_00001":{"x":-6.54,"width":125,"height":125},"ef/330_S1_beam3/330_S1_beam3_00002":{"x":-6.54,"width":125,"height":125},"ef/330_S1_beam3/330_S1_beam3_00004":{"x":-6.54,"width":125,"height":125},"ef/330_S1_beam3/330_S1_beam3_00005":{"x":-6.54,"width":125,"height":125}},"ef/330_S1_beam3/330_S1_beam3_2":{"ef/330_S1_beam3/330_S1_beam3_00001":{"x":-6.54,"width":125,"height":125},"ef/330_S1_beam3/330_S1_beam3_00002":{"x":-6.54,"width":125,"height":125},"ef/330_S1_beam3/330_S1_beam3_00004":{"x":-6.54,"width":125,"height":125},"ef/330_S1_beam3/330_S1_beam3_00005":{"x":-6.54,"width":125,"height":125}},"ef/330_S1_beam4/330_S1_beam4_00003":{"ef/330_S1_beam4/330_S1_beam4_00003":{"width":100,"height":100}},"ef/330_S1_beam4/330_S1_beam4_3":{"ef/330_S1_beam4/330_S1_beam4_00003":{"width":100,"height":100}},"ef/330_S1_beam4/330_S1_beam4_4":{"ef/330_S1_beam4/330_S1_beam4_00003":{"width":100,"height":100}},"ef/330_S2_shine1/330_S2_shine1_00009":{"ef/330_S2_shine1/330_S2_shine1_00000":{"width":120,"height":120},"ef/330_S2_shine1/330_S2_shine1_00002":{"width":120,"height":120},"ef/330_S2_shine1/330_S2_shine1_00004":{"width":120,"height":120},"ef/330_S2_shine1/330_S2_shine1_00007":{"width":120,"height":120},"ef/330_S2_shine1/330_S2_shine1_00009":{"width":120,"height":120},"ef/330_S2_shine1/330_S2_shine1_00010":{"width":120,"height":120},"ef/330_S2_shine1/330_S2_shine1_00012":{"width":120,"height":120},"ef/330_S2_shine1/330_S2_shine1_00015":{"width":120,"height":120},"ef/330_S2_shine1/330_S2_shine1_00016":{"width":120,"height":120},"ef/330_S2_shine1/330_S2_shine1_00017":{"width":120,"height":120}},"ef/330_S2_wave1/550_S2_wave1_00042":{"ef/330_S2_wave1/550_S2_wave1_00043":{"width":210,"height":210}},"ef/330_S2_wing2/330_S2_wing2_00003":{"ef/330_S2_wing2/330_S2_wing2_00003":{"y":95.48,"width":270,"height":270},"ef/330_S2_wing2/330_S2_wing2_00004":{"y":95.48,"width":270,"height":270},"ef/330_S2_wing2/330_S2_wing2_00006":{"y":95.48,"width":270,"height":270},"ef/330_S2_wing2/330_S2_wing2_00009":{"y":95.48,"width":270,"height":270},"ef/330_S2_wing2/330_S2_wing2_00010":{"y":95.48,"width":270,"height":270},"ef/330_S2_wing2/330_S2_wing2_00012":{"y":95.48,"width":270,"height":270},"ef/330_S2_wing2/330_S2_wing2_00015":{"y":95.48,"width":270,"height":270},"ef/330_S2_wing2/330_S2_wing2_00016":{"y":95.48,"width":270,"height":270},"ef/330_S2_wing2/330_S2_wing2_00018":{"y":95.48,"width":270,"height":270},"ef/330_S2_wing2/330_S2_wing2_00021":{"y":95.48,"width":270,"height":270},"ef/330_S2_wing2/330_S2_wing2_00022":{"y":95.48,"width":270,"height":270},"ef/330_S2_wing2/330_S2_wing2_00024":{"y":95.48,"width":270,"height":270},"ef/330_S2_wing2/330_S2_wing2_00025":{"y":95.48,"width":270,"height":270},"ef/330_S2_wing2/330_S2_wing2_00026":{"y":95.48,"width":270,"height":270},"ef/330_S2_wing2/330_S2_wing2_00027":{"y":95.48,"width":270,"height":270}},"ef/610_S1_water1/610_S1_water1_00000":{"ef/610_S1_water1/610_S1_water1_00000":{"x":3.6,"y":-1.14,"width":203,"height":203},"ef/610_S1_water1/610_S1_water1_00001":{"x":3.6,"y":-1.14,"width":203,"height":203},"ef/610_S1_water1/610_S1_water1_00002":{"x":3.6,"y":-1.14,"width":203,"height":203},"ef/610_S1_water1/610_S1_water1_00003":{"x":3.6,"y":-1.14,"width":203,"height":203},"ef/610_S1_water1/610_S1_water1_00004":{"x":3.6,"y":-1.14,"width":203,"height":203},"ef/610_S1_water1/610_S1_water1_00005":{"x":3.6,"y":-1.14,"width":203,"height":203},"ef/610_S1_water1/610_S1_water1_00006":{"x":3.6,"y":-1.14,"width":203,"height":203},"ef/610_S1_water1/610_S1_water1_00007":{"x":3.6,"y":-1.14,"width":203,"height":203}}}},"events":{"EFEvent":{},"EFHit":{},"EFSound":{},"EFView":{},"Sound2":{},"Sound3":{}},"animations":{"1-attack1":{"slots":{"ef/280_S1_magic2/280_S1_magic2_40":{"attachment":[{"time":0,"name":null},{"time":0.5,"name":"ef/280_S1_magic2/280_S1_magic2_00045"}],"color":[{"time":0.1,"color":"fffffffb"},{"time":0.2666,"color":"ffffff01","curve":"stepped"},{"time":0.5,"color":"ffffffff","curve":"stepped"},{"time":0.5666,"color":"fffffff5","curve":[0,0.57,0.61,1]},{"time":0.7,"color":"ffffff00"}]}},"bones":{"A1S2_magicA1":{"translate":[{"time":0,"x":0,"y":103.84},{"time":0.2666,"x":86.13,"y":135.24,"curve":"stepped"},{"time":0.5,"x":96.27,"y":139.37}],"scale":[{"time":0,"x":3.208,"y":3.208,"curve":[0.25,0,0.75,1]},{"time":0.2333,"x":0.527,"y":0.527,"curve":"stepped"},{"time":0.5,"x":0.655,"y":0.655,"curve":[0.815,1,0.877,1]},{"time":0.6333,"x":10.151,"y":10.151}]}}},"1-skill1":{"slots":{"ef/330_S1_beam1/330_S1_beam1_00008":{"attachment":[{"time":0,"name":"ef/330_S1_beam1/330_S1_beam1_00025"},{"time":0.0333,"name":"ef/330_S1_beam1/330_S1_beam1_00008"},{"time":0.0666,"name":"ef/330_S1_beam1/330_S1_beam1_00010"},{"time":0.1,"name":"ef/330_S1_beam1/330_S1_beam1_00011"},{"time":0.1333,"name":"ef/330_S1_beam1/330_S1_beam1_00013"},{"time":0.1666,"name":"ef/330_S1_beam1/330_S1_beam1_00014"},{"time":0.2333,"name":"ef/330_S1_beam1/330_S1_beam1_00016"},{"time":0.3,"name":"ef/330_S1_beam1/330_S1_beam1_00017"},{"time":0.3666,"name":"ef/330_S1_beam1/330_S1_beam1_00019"},{"time":0.4333,"name":"ef/330_S1_beam1/330_S1_beam1_00020"},{"time":0.4666,"name":"ef/330_S1_beam1/330_S1_beam1_00021"},{"time":0.5666,"name":"ef/330_S1_beam1/330_S1_beam1_00024"},{"time":0.6,"name":"ef/330_S1_beam1/330_S1_beam1_00025"},{"time":0.8,"name":null}],"color":[{"time":0,"color":"ffffff00"},{"time":0.4,"color":"fffffff1"},{"time":0.7666,"color":"ffffff16"}]},"ef/330_S1_beam1/330_S1_beam1_8":{"attachment":[{"time":0.3666,"name":"ef/330_S1_beam1/330_S1_beam1_00008"},{"time":0.4,"name":"ef/330_S1_beam1/330_S1_beam1_00010"},{"time":0.4333,"name":"ef/330_S1_beam1/330_S1_beam1_00011"},{"time":0.4666,"name":"ef/330_S1_beam1/330_S1_beam1_00013"},{"time":0.5,"name":"ef/330_S1_beam1/330_S1_beam1_00014"},{"time":0.5333,"name":"ef/330_S1_beam1/330_S1_beam1_00016"},{"time":0.5666,"name":"ef/330_S1_beam1/330_S1_beam1_00017"},{"time":0.6,"name":"ef/330_S1_beam1/330_S1_beam1_00019"},{"time":0.6333,"name":"ef/330_S1_beam1/330_S1_beam1_00020"},{"time":0.6666,"name":"ef/330_S1_beam1/330_S1_beam1_00021"},{"time":0.7,"name":"ef/330_S1_beam1/330_S1_beam1_00024"},{"time":0.7333,"name":"ef/330_S1_beam1/330_S1_beam1_00025"},{"time":0.8333,"name":null}],"color":[{"time":0.7333,"color":"ffffffdf"},{"time":0.8333,"color":"ffffff10"}]},"ef/330_S1_beam2/330_S1_beam2_00000":{"attachment":[{"time":0.1666,"name":"ef/330_S1_beam2/330_S1_beam2_00000"},{"time":0.7,"name":null}],"color":[{"time":0,"color":"ffffff09"},{"time":0.3333,"color":"fffffff2","curve":"stepped"},{"time":0.5333,"color":"fffffff2"},{"time":0.6,"color":"ffffff09"}]},"ef/330_S1_beam2/330_S1_beam2_0":{"attachment":[{"time":0.7,"name":"ef/330_S1_beam2/330_S1_beam2_00000"},{"time":0.8666,"name":null}],"color":[{"time":0.7,"color":"ffffffe1"},{"time":0.7666,"color":"ffffff09"}]},"ef/330_S1_beam3/330_S1_beam3_00001":{"attachment":[{"time":0.5333,"name":"ef/330_S1_beam3/330_S1_beam3_00001"},{"time":0.5666,"name":"ef/330_S1_beam3/330_S1_beam3_00002"},{"time":0.6,"name":"ef/330_S1_beam3/330_S1_beam3_00004"},{"time":0.6333,"name":"ef/330_S1_beam3/330_S1_beam3_00005"},{"time":0.6666,"name":null}],"color":[{"time":0,"color":"ffffff19","curve":"stepped"},{"time":0.5666,"color":"fffffff0"},{"time":0.6666,"color":"ffffff00"}]},"ef/330_S1_beam3/330_S1_beam3_1":{"attachment":[{"time":0.7,"name":"ef/330_S1_beam3/330_S1_beam3_00001"},{"time":0.7333,"name":"ef/330_S1_beam3/330_S1_beam3_00002"},{"time":0.7666,"name":"ef/330_S1_beam3/330_S1_beam3_00004"},{"time":0.8,"name":"ef/330_S1_beam3/330_S1_beam3_00005"},{"time":0.8333,"name":null}],"color":[{"time":0.7333,"color":"fffffff1"},{"time":0.8333,"color":"ffffff04"}]},"ef/330_S1_beam4/330_S1_beam4_00003":{"attachment":[{"time":0.5333,"name":"ef/330_S1_beam4/330_S1_beam4_00003"},{"time":0.6666,"name":null}]},"ef/330_S1_beam4/330_S1_beam4_3":{"attachment":[{"time":0.7,"name":"ef/330_S1_beam4/330_S1_beam4_00003"},{"time":0.8333,"name":null}]}},"bones":{"S1_beamA2":{"translate":[{"time":0,"x":183.18,"y":42.91}],"scale":[{"time":0,"x":1,"y":1},{"time":0.4,"x":3.312,"y":3.312},{"time":0.6333,"x":1,"y":1}]},"ef/330_S1_beam2/330_S1_beam2_00000":{"translate":[{"time":0,"x":182.98,"y":43.58}],"scale":[{"time":0,"x":1.466,"y":1.466},{"time":0.5333,"x":2.635,"y":2.635},{"time":0.5666,"x":1.466,"y":1.466}]},"ef/330_S1_beam4/330_S1_beam4_00003":{"rotate":[{"time":0,"angle":-0.91,"curve":"stepped"},{"time":0.5333,"angle":-0.91}],"translate":[{"time":0,"x":-1009.01,"y":56.81},{"time":0.5333,"x":90.44,"y":49.01},{"time":0.6666,"x":-1009.01,"y":56.81}],"scale":[{"time":0,"x":5.26,"y":0.555},{"time":0.5333,"x":3.542,"y":1.46,"curve":[0.959,0,1,0.66]},{"time":0.6,"x":4.401,"y":4.957,"curve":[0.959,0,1,0.66]},{"time":0.6666,"x":5.26,"y":0.555}]},"ef/330_S1_beam3/330_S1_beam3_00001":{"rotate":[{"time":0,"angle":-1.04,"curve":"stepped"},{"time":0.5333,"angle":-1.04}],"translate":[{"time":0,"x":216.05,"y":43.08,"curve":"stepped"},{"time":0.5333,"x":216.05,"y":43.08}],"scale":[{"time":0,"x":6.009,"y":6.009,"curve":"stepped"},{"time":0.5333,"x":3.095,"y":3.095},{"time":0.6,"x":6.009,"y":6.009}]},"A1S1_beamA1":{"translate":[{"time":0.3666,"x":210.43,"y":134.56}],"scale":[{"time":0.3666,"x":3.312,"y":3.312,"curve":"stepped"},{"time":0.7,"x":3.312,"y":3.312},{"time":0.8,"x":1,"y":1}]},"ef/330_S1_beam2/330_S1_beam2_0":{"translate":[{"time":0.7,"x":211.08,"y":134.76}],"scale":[{"time":0.7,"x":3.364,"y":3.364},{"time":0.7333,"x":1,"y":1}]},"ef/330_S1_beam3/330_S1_beam3_1":{"rotate":[{"time":0.7,"angle":10}],"translate":[{"time":0.7,"x":245.55,"y":147.55}],"scale":[{"time":0.7,"x":3.095,"y":3.095},{"time":0.7666,"x":6.009,"y":6.009}]},"ef/330_S1_beam4/330_S1_beam4_3":{"rotate":[{"time":0.7,"angle":10.25}],"translate":[{"time":0.7,"x":94.78,"y":116.03},{"time":0.8333,"x":-961.77,"y":-75.02}],"scale":[{"time":0.7,"x":3.542,"y":1.46,"curve":[0.959,0,1,0.66]},{"time":0.7666,"x":5.859,"y":5.259,"curve":[0.676,0,1,0.47]},{"time":0.8333,"x":5.26,"y":0.56}]}}},"1-skill2":{"slots":{"ef/280_S1_magic1/280_S1_magic1_00038":{"attachment":[{"time":1.3,"name":"ef/280_S1_magic1/280_S1_magic1_00041"},{"time":1.3666,"name":"ef/280_S1_magic1/280_S1_magic1_00044"},{"time":1.4333,"name":"ef/280_S1_magic1/280_S1_magic1_00047"},{"time":1.5,"name":"ef/280_S1_magic1/280_S1_magic1_00048"},{"time":1.5666,"name":"ef/280_S1_magic1/280_S1_magic1_00049"},{"time":1.6333,"name":null},{"time":1.7,"name":"ef/280_S1_magic1/280_S1_magic1_00041"},{"time":1.7666,"name":"ef/280_S1_magic1/280_S1_magic1_00044"},{"time":1.8333,"name":"ef/280_S1_magic1/280_S1_magic1_00047"},{"time":1.9,"name":"ef/280_S1_magic1/280_S1_magic1_00048"},{"time":1.9666,"name":"ef/280_S1_magic1/280_S1_magic1_00049"},{"time":2.0333,"name":null},{"time":3.1666,"name":"ef/280_S1_magic1/280_S1_magic1_00041"},{"time":3.2,"name":"ef/280_S1_magic1/280_S1_magic1_00044"},{"time":3.2333,"name":"ef/280_S1_magic1/280_S1_magic1_00047"},{"time":3.2666,"name":"ef/280_S1_magic1/280_S1_magic1_00048"},{"time":3.3,"name":"ef/280_S1_magic1/280_S1_magic1_00049"},{"time":3.3333,"name":"ef/280_S1_magic1/280_S1_magic1_00051"},{"time":3.3666,"name":"ef/280_S1_magic1/280_S1_magic1_00053"},{"time":3.4,"name":"ef/280_S1_magic1/280_S1_magic1_00054"},{"time":3.6,"name":null}],"color":[{"time":1.3,"color":"fffffffa","curve":"stepped"},{"time":1.3666,"color":"fffffff9","curve":[0.468,0,1,0.37]},{"time":1.6333,"color":"ffffff1a","curve":"stepped"},{"time":1.7,"color":"ffffffff","curve":"stepped"},{"time":1.7666,"color":"fffffff9","curve":[0.468,0,1,0.37]},{"time":2.0333,"color":"ffffff1a","curve":"stepped"},{"time":3.1666,"color":"ffffffff","curve":"stepped"},{"time":3.3,"color":"fffffff9","curve":[0.468,0,1,0.37]},{"time":3.6,"color":"ffffff1a"}]},"ef/280_S1_magic2/280_S1_magic2_00040":{"attachment":[{"time":1.3,"name":"ef/280_S1_magic2/280_S1_magic2_00045"},{"time":1.4666,"name":null},{"time":1.7,"name":"ef/280_S1_magic2/280_S1_magic2_00045"},{"time":1.8666,"name":null},{"time":3.1666,"name":"ef/280_S1_magic2/280_S1_magic2_00045"},{"time":3.3333,"name":null}],"color":[{"time":1.4,"color":"fffffff1","curve":[0,0.98,0.754,0.29]},{"time":1.4333,"color":"ffffff8f","curve":"stepped"},{"time":1.7,"color":"ffffffff","curve":"stepped"},{"time":1.8,"color":"fffffff1","curve":[0,0.49,0.742,0.74]},{"time":1.8333,"color":"ffffff87","curve":"stepped"},{"time":3.1666,"color":"ffffffff","curve":"stepped"},{"time":3.2333,"color":"fffffff1","curve":[0,0.49,0.742,0.74]},{"time":3.3,"color":"ffffff72"}]},"ef/280_S2_shine1/280_S2_shine1_00038":{"attachment":[{"time":1.3333,"name":"ef/280_S2_shine1/280_S2_shine1_00038"},{"time":1.7333,"name":"ef/280_S2_shine1/280_S2_shine1_00038"},{"time":1.9,"name":"ef/280_S2_shine1/280_S2_shine1_00038"}],"color":[{"time":1.3333,"color":"fffffffc"},{"time":1.3666,"color":"fffffff4"},{"time":1.7,"color":"ffffff00","curve":"stepped"},{"time":1.7333,"color":"ffffffff","curve":"stepped"},{"time":1.7666,"color":"fffffff4"},{"time":1.8666,"color":"ffffff00","curve":"stepped"},{"time":1.9,"color":"ffffffff","curve":"stepped"},{"time":1.9333,"color":"fffffff4"},{"time":2.0333,"color":"ffffff00"}]},"ef/280_S2_shine1/280_S2_shine1_38":{"attachment":[{"time":1.6,"name":"ef/280_S2_shine1/280_S2_shine1_00038"},{"time":1.7333,"name":null},{"time":2.0666,"name":null}],"color":[{"time":1.6,"color":"ffffffff"},{"time":1.6333,"color":"fffffff1","curve":[0,0.26,0,0.24]},{"time":1.7333,"color":"ffffff00","curve":"stepped"},{"time":1.9666,"color":"fffffff1","curve":[0,0.26,0,0.24]},{"time":2.0666,"color":"ffffff00"}]},"ef/330_S2_wave1/550_S2_wave1_00042":{"attachment":[{"time":3.1666,"name":"ef/330_S2_wave1/550_S2_wave1_00043"},{"time":3.3666,"name":null}],"color":[{"time":3.1666,"color":"ffffffff"},{"time":3.2333,"color":"fffffff3","curve":[0,0.49,0.742,0.74]},{"time":3.3333,"color":"ffffff00"}]},"ef/330_S2_wing2/330_S2_wing2_00003":{"attachment":[{"time":1.3,"name":"ef/330_S2_wing2/330_S2_wing2_00004"},{"time":1.3666,"name":"ef/330_S2_wing2/330_S2_wing2_00006"},{"time":1.4333,"name":"ef/330_S2_wing2/330_S2_wing2_00015"},{"time":1.5333,"name":"ef/330_S2_wing2/330_S2_wing2_00022"},{"time":1.6,"name":"ef/330_S2_wing2/330_S2_wing2_00024"},{"time":1.7666,"name":"ef/330_S2_wing2/330_S2_wing2_00004"},{"time":1.8333,"name":"ef/330_S2_wing2/330_S2_wing2_00006"},{"time":1.9,"name":"ef/330_S2_wing2/330_S2_wing2_00015"},{"time":2,"name":"ef/330_S2_wing2/330_S2_wing2_00022"},{"time":2.0666,"name":"ef/330_S2_wing2/330_S2_wing2_00024"},{"time":2.1333,"name":"ef/330_S2_wing2/330_S2_wing2_00025"},{"time":3.1666,"name":"ef/330_S2_wing2/330_S2_wing2_00004"},{"time":3.2333,"name":"ef/330_S2_wing2/330_S2_wing2_00006"},{"time":3.3,"name":"ef/330_S2_wing2/330_S2_wing2_00010"},{"time":3.3333,"name":"ef/330_S2_wing2/330_S2_wing2_00015"},{"time":3.4,"name":"ef/330_S2_wing2/330_S2_wing2_00018"},{"time":3.5333,"name":"ef/330_S2_wing2/330_S2_wing2_00022"},{"time":3.6,"name":"ef/330_S2_wing2/330_S2_wing2_00024"},{"time":3.6666,"name":"ef/330_S2_wing2/330_S2_wing2_00025"},{"time":3.7666,"name":null}],"color":[{"time":1.3,"color":"ffffffff"},{"time":1.7333,"color":"ffffff13","curve":"stepped"},{"time":1.7666,"color":"ffffffff"},{"time":2.1333,"color":"fffffff6"},{"time":2.3,"color":"ffffff13","curve":"stepped"},{"time":3.1666,"color":"ffffffff"},{"time":3.7,"color":"fffffff6"},{"time":3.7666,"color":"ffffff13"}]},"ef/610_S1_water1/610_S1_water1_00000":{"attachment":[{"time":1.4,"name":"ef/610_S1_water1/610_S1_water1_00000"},{"time":1.4333,"name":"ef/610_S1_water1/610_S1_water1_00001"},{"time":1.4666,"name":"ef/610_S1_water1/610_S1_water1_00002"},{"time":1.5,"name":"ef/610_S1_water1/610_S1_water1_00003"},{"time":1.5333,"name":"ef/610_S1_water1/610_S1_water1_00004"},{"time":1.5666,"name":"ef/610_S1_water1/610_S1_water1_00005"},{"time":1.6,"name":"ef/610_S1_water1/610_S1_water1_00006"},{"time":1.6333,"name":"ef/610_S1_water1/610_S1_water1_00007"},{"time":1.7666,"name":"ef/610_S1_water1/610_S1_water1_00000"},{"time":1.8,"name":"ef/610_S1_water1/610_S1_water1_00001"},{"time":1.8333,"name":"ef/610_S1_water1/610_S1_water1_00002"},{"time":1.8666,"name":"ef/610_S1_water1/610_S1_water1_00003"},{"time":1.9,"name":"ef/610_S1_water1/610_S1_water1_00004"},{"time":1.9333,"name":"ef/610_S1_water1/610_S1_water1_00005"},{"time":1.9666,"name":"ef/610_S1_water1/610_S1_water1_00006"},{"time":2,"name":"ef/610_S1_water1/610_S1_water1_00007"},{"time":3.2333,"name":"ef/610_S1_water1/610_S1_water1_00000"},{"time":3.2666,"name":"ef/610_S1_water1/610_S1_water1_00001"},{"time":3.3,"name":"ef/610_S1_water1/610_S1_water1_00002"},{"time":3.3333,"name":"ef/610_S1_water1/610_S1_water1_00003"},{"time":3.3666,"name":"ef/610_S1_water1/610_S1_water1_00004"},{"time":3.4,"name":"ef/610_S1_water1/610_S1_water1_00005"},{"time":3.4333,"name":"ef/610_S1_water1/610_S1_water1_00006"},{"time":3.4666,"name":"ef/610_S1_water1/610_S1_water1_00007"}],"color":[{"time":1.6,"color":"ffffffff"},{"time":1.6666,"color":"ffffff00","curve":"stepped"},{"time":1.7666,"color":"ffffffff","curve":"stepped"},{"time":1.9666,"color":"ffffffff"},{"time":2.0333,"color":"ffffff00","curve":"stepped"},{"time":3.2333,"color":"ffffffff","curve":"stepped"},{"time":3.4333,"color":"ffffffff"},{"time":3.5,"color":"ffffff00"}]}},"bones":{"S2_magicA2":{"translate":[{"time":1.3,"x":-254.22,"y":210.36,"curve":"stepped"},{"time":1.7,"x":241.82,"y":319.32,"curve":"stepped"},{"time":3.1666,"x":-0.3,"y":388.91}],"scale":[{"time":1.3,"x":0.328,"y":0.328,"curve":[0.218,0.49,0.614,0.86]},{"time":1.4333,"x":6,"y":6,"curve":"stepped"},{"time":1.7,"x":0.328,"y":0.328,"curve":[0.218,0.49,0.614,0.86]},{"time":1.8333,"x":6,"y":6,"curve":"stepped"},{"time":3.1666,"x":1.605,"y":1.605,"curve":[0.218,0.49,0.614,0.86]},{"time":3.3,"x":8,"y":8}]},"ef/330_S2_wave1/550_S2_wave1_00042":{"rotate":[{"time":3.1666,"angle":359},{"time":3.3333,"angle":180}],"translate":[{"time":3.1666,"x":0,"y":388.78}],"scale":[{"time":3.1666,"x":2.1,"y":2.1,"curve":[0.218,0.49,0.614,0.86]},{"time":3.3333,"x":-8,"y":-8}]},"S2_magicB":{"rotate":[{"time":1.3,"angle":-46.98,"curve":"stepped"},{"time":1.7,"angle":3.7,"curve":"stepped"},{"time":3.1666,"angle":0}],"translate":[{"time":1.3,"x":-253.06,"y":210.28,"curve":"stepped"},{"time":1.7,"x":237.9,"y":318.63,"curve":"stepped"},{"time":3.1666,"x":0,"y":389.23}],"scale":[{"time":1.3,"x":0.525,"y":0.525},{"time":1.4333,"x":4.5,"y":4.5,"curve":"stepped"},{"time":1.5,"x":4.5,"y":4.5,"curve":"stepped"},{"time":1.5333,"x":2,"y":2,"curve":"stepped"},{"time":1.7,"x":0.525,"y":0.525},{"time":1.8333,"x":4.5,"y":4.5,"curve":"stepped"},{"time":1.9,"x":4.5,"y":4.5,"curve":"stepped"},{"time":1.9333,"x":2.541,"y":2.541,"curve":"stepped"},{"time":3.1666,"x":4.006,"y":4.006}]},"S2_wing":{"translate":[{"time":1.3,"x":-293.24,"y":-93.51,"curve":"stepped"},{"time":1.7666,"x":238.78,"y":12.05,"curve":"stepped"},{"time":3.1666,"x":0.98,"y":2.01}],"scale":[{"time":1.3,"x":2.5,"y":2.5,"curve":"stepped"},{"time":1.7666,"x":2.5,"y":2.5,"curve":"stepped"},{"time":3.1666,"x":2.5,"y":2.5}]},"ef/280_S2_shine1/280_S2_shine1_00038":{"rotate":[{"time":1.3333,"angle":38.52,"curve":"stepped"},{"time":1.7333,"angle":38.52,"curve":"stepped"},{"time":1.9,"angle":38.52,"curve":"stepped"},{"time":3.1666,"angle":38.52}],"translate":[{"time":1.3333,"x":-279.89,"y":68.74,"curve":"stepped"},{"time":1.7333,"x":266.88,"y":0.53,"curve":"stepped"},{"time":1.9,"x":140.88,"y":65.27}],"scale":[{"time":1.3333,"x":1.862,"y":1.862},{"time":1.7,"x":0.71,"y":0.71,"curve":"stepped"},{"time":1.7333,"x":1.862,"y":1.862},{"time":1.8666,"x":0.71,"y":0.71,"curve":"stepped"},{"time":1.9,"x":1.862,"y":1.862},{"time":2.0333,"x":0.71,"y":0.71}]},"ef/280_S2_shine1/280_S2_shine1_38":{"translate":[{"time":1.6,"x":-128.05,"y":20.44,"curve":"stepped"},{"time":3.4,"x":171.85,"y":176.17}],"scale":[{"time":1.6,"x":1.042,"y":1.042,"curve":[0.259,0.45,0.615,0.76]},{"time":1.7333,"x":0.779,"y":0.779,"curve":"stepped"},{"time":2.0666,"x":0.779,"y":0.779}]},"water":{"translate":[{"time":1.4,"x":-310.43,"y":217.87,"curve":"stepped"},{"time":1.7666,"x":170.88,"y":320.39,"curve":"stepped"},{"time":3.2333,"x":-61.23,"y":391.59}],"scale":[{"time":1.4,"x":1.333,"y":1.333,"curve":"stepped"},{"time":1.7666,"x":1.333,"y":1.333,"curve":"stepped"},{"time":3.2333,"x":1.666,"y":1.666}]}},"events":[{"time":1.3333,"name":"Sound3"}]},"attack1-original":{"slots":{"ef/280_S1_magic1/280_S1_magic1_00038":{"attachment":[{"time":0.5,"name":"ef/280_S1_magic1/280_S1_magic1_00041"},{"time":0.5333,"name":"ef/280_S1_magic1/280_S1_magic1_00044"},{"time":0.5666,"name":"ef/280_S1_magic1/280_S1_magic1_00047"},{"time":0.6,"name":"ef/280_S1_magic1/280_S1_magic1_00048"},{"time":0.6333,"name":"ef/280_S1_magic1/280_S1_magic1_00049"},{"time":0.6666,"name":"ef/280_S1_magic1/280_S1_magic1_00051"},{"time":0.7,"name":"ef/280_S1_magic1/280_S1_magic1_00053"},{"time":0.7333,"name":"ef/280_S1_magic1/280_S1_magic1_00054"},{"time":0.7666,"name":"ef/280_S1_magic1/280_S1_magic1_00055"},{"time":0.8,"name":"ef/280_S1_magic1/280_S1_magic1_00055"},{"time":0.8333,"name":null}],"color":[{"time":0.6333,"color":"fffffff9"},{"time":0.8,"color":"ffffff00"}]},"ef/280_S1_magic2/280_S1_magic2_00040":{"attachment":[{"time":0.5,"name":"ef/280_S1_magic2/280_S1_magic2_00045"}],"color":[{"time":0.5,"color":"ffffffff","curve":[1,0.65,0.997,0.65]},{"time":0.6333,"color":"ffffff00"}]},"ef/280_S1_magic2/280_S1_magic2_40":{"attachment":[{"time":0,"name":"ef/280_S1_magic2/280_S1_magic2_00045"},{"time":0.5,"name":"ef/280_S1_magic2/280_S1_magic2_00045"}],"color":[{"time":0.1,"color":"fffffffb"},{"time":0.2666,"color":"ffffff01","curve":"stepped"},{"time":0.5,"color":"ffffffff","curve":"stepped"},{"time":0.5666,"color":"fffffff5","curve":[0,0.57,0.61,1]},{"time":0.7,"color":"ffffff00"}]},"ef/330_S1_beam1/330_S1_beam1_8":{"attachment":[{"time":0,"name":"ef/330_S1_beam1/330_S1_beam1_00008"},{"time":0.0333,"name":"ef/330_S1_beam1/330_S1_beam1_00011"},{"time":0.0666,"name":"ef/330_S1_beam1/330_S1_beam1_00013"},{"time":0.1333,"name":"ef/330_S1_beam1/330_S1_beam1_00014"},{"time":0.1666,"name":"ef/330_S1_beam1/330_S1_beam1_00016"},{"time":0.2333,"name":"ef/330_S1_beam1/330_S1_beam1_00017"},{"time":0.2666,"name":"ef/330_S1_beam1/330_S1_beam1_00020"},{"time":0.3,"name":"ef/330_S1_beam1/330_S1_beam1_00021"},{"time":0.3666,"name":"ef/330_S1_beam1/330_S1_beam1_00022"},{"time":0.4,"name":"ef/330_S1_beam1/330_S1_beam1_00024"},{"time":0.4333,"name":"ef/330_S1_beam1/330_S1_beam1_00025"},{"time":0.5,"name":null}],"color":[{"time":0.3,"color":"fffffff6"},{"time":0.5,"color":"ffffff08"}]},"ef/330_S1_beam2/330_S1_beam2_00000":{"attachment":[{"time":0.5,"name":"ef/330_S1_beam2/330_S1_beam2_00000"}],"color":[{"time":0.5666,"color":"fffffff2","curve":[0,0.45,0.75,1]},{"time":0.7333,"color":"ffffff09"}]}},"bones":{"ef/330_S1_beam2/330_S1_beam2_00000":{"translate":[{"time":0.5,"x":-250,"y":0}],"scale":[{"time":0.5,"x":1.868,"y":1.868},{"time":0.6,"x":2.212,"y":2.212,"curve":[0,0.44,0.75,1]},{"time":0.7,"x":0.267,"y":0.267}]},"S2_magicA2":{"translate":[{"time":0.5,"x":-250,"y":0}],"scale":[{"time":0.5,"x":0.417,"y":0.417,"curve":[0,0.95,0.682,0.99]},{"time":0.6,"x":5.512,"y":5.512}]},"A1S1_beamA1":{"translate":[{"time":0,"x":-250,"y":0}],"scale":[{"time":0,"x":5.377,"y":5.377},{"time":0.2666,"x":3.085,"y":3.085,"curve":[0,0.82,0.75,1]},{"time":0.4,"x":1,"y":1}]},"S2_magicB":{"translate":[{"time":0.5,"x":-250,"y":0}],"scale":[{"time":0.5,"x":1.481,"y":1.481,"curve":[0,0.99,0.75,1]},{"time":0.8,"x":4.381,"y":4.381}]},"A1S2_magicA1":{"translate":[{"time":0,"x":0,"y":103.84},{"time":0.2666,"x":86.13,"y":135.24,"curve":"stepped"},{"time":0.5,"x":96.27,"y":139.37}],"scale":[{"time":0,"x":3.208,"y":3.208,"curve":[0.25,0,0.75,1]},{"time":0.2333,"x":0.527,"y":0.527,"curve":"stepped"},{"time":0.5,"x":0.655,"y":0.655,"curve":[0.815,1,0.877,1]},{"time":0.6333,"x":10.151,"y":10.151}]}}},"attack1bomb":{"slots":{"DAMAGEAREA":{"attachment":[{"time":0.5,"name":"DAMAGEAREA"},{"time":0.7,"name":null}]},"ef/280_S1_magic1/280_S1_magic1_00038":{"attachment":[{"time":0.5,"name":"ef/280_S1_magic1/280_S1_magic1_00041"},{"time":0.5333,"name":"ef/280_S1_magic1/280_S1_magic1_00044"},{"time":0.5666,"name":"ef/280_S1_magic1/280_S1_magic1_00047"},{"time":0.6,"name":"ef/280_S1_magic1/280_S1_magic1_00048"},{"time":0.6333,"name":"ef/280_S1_magic1/280_S1_magic1_00049"},{"time":0.6666,"name":"ef/280_S1_magic1/280_S1_magic1_00051"},{"time":0.7,"name":"ef/280_S1_magic1/280_S1_magic1_00053"},{"time":0.7333,"name":"ef/280_S1_magic1/280_S1_magic1_00054"},{"time":0.7666,"name":"ef/280_S1_magic1/280_S1_magic1_00055"},{"time":0.8,"name":"ef/280_S1_magic1/280_S1_magic1_00055"},{"time":0.8666,"name":null}],"color":[{"time":0.6666,"color":"fffffff9"},{"time":0.8,"color":"ffffff00"}]},"ef/280_S1_magic2/280_S1_magic2_00040":{"attachment":[{"time":0.5,"name":"ef/280_S1_magic2/280_S1_magic2_00045"}],"color":[{"time":0.5,"color":"ffffffff","curve":[1,0.65,0.997,0.65]},{"time":0.7,"color":"ffffff00"}]},"ef/330_S1_beam1/330_S1_beam1_8":{"attachment":[{"time":0,"name":"ef/330_S1_beam1/330_S1_beam1_00008"},{"time":0.0333,"name":"ef/330_S1_beam1/330_S1_beam1_00011"},{"time":0.0666,"name":"ef/330_S1_beam1/330_S1_beam1_00013"},{"time":0.1333,"name":"ef/330_S1_beam1/330_S1_beam1_00014"},{"time":0.1666,"name":"ef/330_S1_beam1/330_S1_beam1_00016"},{"time":0.2333,"name":"ef/330_S1_beam1/330_S1_beam1_00017"},{"time":0.2666,"name":"ef/330_S1_beam1/330_S1_beam1_00020"},{"time":0.3,"name":"ef/330_S1_beam1/330_S1_beam1_00021"},{"time":0.3666,"name":"ef/330_S1_beam1/330_S1_beam1_00022"},{"time":0.4,"name":"ef/330_S1_beam1/330_S1_beam1_00024"},{"time":0.4333,"name":"ef/330_S1_beam1/330_S1_beam1_00025"},{"time":0.5,"name":null}],"color":[{"time":0.3,"color":"fffffff6"},{"time":0.5,"color":"ffffff08"}]},"ef/330_S1_beam2/330_S1_beam2_00000":{"attachment":[{"time":0.5,"name":"ef/330_S1_beam2/330_S1_beam2_00000"}],"color":[{"time":0.5666,"color":"fffffff2","curve":[0,0.45,0.75,1]},{"time":0.7333,"color":"ffffff09"}]},"ef/610_S1_water1/610_S1_water1_00000":{"attachment":[{"time":0.5666,"name":"ef/610_S1_water1/610_S1_water1_00000"},{"time":0.6,"name":"ef/610_S1_water1/610_S1_water1_00001"},{"time":0.6333,"name":"ef/610_S1_water1/610_S1_water1_00002"},{"time":0.6666,"name":"ef/610_S1_water1/610_S1_water1_00003"},{"time":0.7,"name":"ef/610_S1_water1/610_S1_water1_00004"},{"time":0.7333,"name":"ef/610_S1_water1/610_S1_water1_00005"},{"time":0.7666,"name":"ef/610_S1_water1/610_S1_water1_00006"},{"time":0.8,"name":"ef/610_S1_water1/610_S1_water1_00007"}],"color":[{"time":0.5666,"color":"ffffffff","curve":"stepped"},{"time":0.7666,"color":"ffffffff"},{"time":0.8333,"color":"ffffff00"}]}},"bones":{"A1S1_beamA1":{"scale":[{"time":0,"x":5.377,"y":5.377},{"time":0.2666,"x":3.085,"y":3.085,"curve":[0,0.82,0.75,1]},{"time":0.4,"x":1,"y":1}]},"S2_magicA2":{"scale":[{"time":0.5,"x":0.417,"y":0.417,"curve":[0,0.95,0.682,0.99]},{"time":0.6666,"x":4.493,"y":4.493}]},"S2_magicB":{"scale":[{"time":0.5,"x":2.283,"y":2.283,"curve":[0,0.99,0.75,1]},{"time":0.8,"x":4.381,"y":4.381}]},"ef/330_S1_beam2/330_S1_beam2_00000":{"scale":[{"time":0.5,"x":1.868,"y":1.868},{"time":0.6,"x":2.212,"y":2.212,"curve":[0,0.44,0.75,1]},{"time":0.7,"x":0.113,"y":0.113}]},"DAMAGEAREA":{"translate":[{"time":0.5,"x":0,"y":0}],"scale":[{"time":0.5,"x":0.974,"y":0.87}]},"water":{"translate":[{"time":0.5666,"x":-65.5,"y":19.93}]}},"events":[{"time":0,"name":"EFEvent","string":"setHitEffect(hit02b,1,0.75,1)"},{"time":0.4333,"name":"EFEvent","float":0.15,"string":"kHitStopType_normal"},{"time":0.5,"name":"EFSound","string":"cri_se_battle_hard_hit"},{"time":0.5,"name":"Sound2","string":"cri_se_battle_036_explosion_element_04"},{"time":0.5,"name":"Sound3","string":"cri_se_battle_explosion_short"}]},"attack1charge":{"slots":{"ef/280_S1_magic2/280_S1_magic2_40":{"attachment":[{"time":0,"name":"ef/280_S1_magic2/280_S1_magic2_00045"},{"time":0.5,"name":"ef/280_S1_magic2/280_S1_magic2_00045"}],"color":[{"time":0.1,"color":"fffffffb"},{"time":0.2666,"color":"ffffff01","curve":"stepped"},{"time":0.3,"color":"ffffff01","curve":"stepped"},{"time":0.5,"color":"fffffff5"},{"time":0.7,"color":"ffffff00","curve":"stepped"},{"time":0.7666,"color":"ffffff00"}]}},"bones":{"A1S2_magicA1":{"scale":[{"time":0,"x":3.208,"y":3.208,"curve":[0.25,0,0.75,1]},{"time":0.2333,"x":0.527,"y":0.527,"curve":"stepped"},{"time":0.5,"x":0.655,"y":0.655,"curve":[0.815,1,0.877,1]},{"time":0.7666,"x":10.151,"y":10.151}]}},"events":[{"time":0,"name":"EFSound","string":"cri_se_battle_charge"}]},"empty":{},"orbitflush":{"slots":{"ef/330_S2_shine1/330_S2_shine1_00009":{"attachment":[{"time":0,"name":"ef/330_S2_shine1/330_S2_shine1_00000"},{"time":0.0333,"name":"ef/330_S2_shine1/330_S2_shine1_00002"},{"time":0.1,"name":"ef/330_S2_shine1/330_S2_shine1_00004"},{"time":0.1666,"name":"ef/330_S2_shine1/330_S2_shine1_00009"},{"time":0.2333,"name":"ef/330_S2_shine1/330_S2_shine1_00015"},{"time":0.3,"name":"ef/330_S2_shine1/330_S2_shine1_00016"},{"time":0.3666,"name":"ef/330_S2_shine1/330_S2_shine1_00017"},{"time":0.4,"name":null}]}},"bones":{"ef/330_S2_shine1/330_S2_shine1_00009":{"translate":[{"time":0,"x":0,"y":157.44}],"scale":[{"time":0,"x":7.98,"y":8.839}]}}}}}