{"skeleton":{"hash":"3hon7cOMwbZRtFETt4uHNGjcsPg","spine":"3.0.12","width":0,"height":0},"bones":[{"name":"root"},{"name":"grid","parent":"root"},{"name":"MAIN","parent":"root","y":68.32,"rotation":-0.04},{"name":"SHADOW-OFFSET","parent":"MAIN","scaleX":0.5,"scaleY":0.5},{"name":"HPBAR","parent":"MAIN","x":-0.04,"y":81.67,"rotation":0.03},{"name":"HITBOX","parent":"MAIN"},{"name":"EF","parent":"root"},{"name":"S1_wave1_01","parent":"EF","x":1408.11,"y":-115.04},{"name":"S1_wave1_00","parent":"EF","x":1408.11,"y":-41.25},{"name":"S1_power3_00","parent":"EF","x":1022.08,"y":243.12},{"name":"S1_power2_00","parent":"EF","x":851.07,"y":242.79},{"name":"S1_power2_0","parent":"EF","x":851.07,"y":107.94},{"name":"S1_power1_00","parent":"EF","x":702.16,"y":243.01},{"name":"DAMAGEAREA","parent":"root"},{"name":"sword_up_EF","parent":"EF","x":739.48,"y":419.27}],"slots":[{"name":"grid/bg2","bone":"grid","color":"000000ff"},{"name":"grid/bg","bone":"grid"},{"name":"grid/grid","bone":"grid"},{"name":"S1_wave1_00","bone":"S1_wave1_00","blend":"additive"},{"name":"S1_wave1_01","bone":"S1_wave1_01","blend":"additive"},{"name":"S1_power1_00","bone":"S1_power1_00","blend":"additive"},{"name":"S1_power2_00","bone":"S1_power2_00","blend":"additive"},{"name":"S1_power2_0","bone":"S1_power2_0","blend":"additive"},{"name":"S1_power3_00","bone":"S1_power3_00","blend":"additive"},{"name":"MAIN","bone":"MAIN","attachment":"idle_00"},{"name":"sword_up_EF","bone":"sword_up_EF","blend":"additive"},{"name":"DAMAGEAREA","bone":"DAMAGEAREA"},{"name":"HITBOX","bone":"HITBOX","attachment":"HITBOX"}],"skins":{"default":{"DAMAGEAREA":{"DAMAGEAREA":{"type":"boundingbox","vertices":[-98.73396,-98.55748,97.93054,-96.188,99.11531,96.92233,-96.36449,99.29181]}},"HITBOX":{"HITBOX":{"type":"boundingbox","vertices":[-34.11568,-31.73013,32.10932,-31.73013,34.7583,42.44181,-33.23264,42.44181]}},"MAIN":{"attack1_00":{"x":-4.95,"y":13.51,"width":256,"height":256},"attack1_01":{"x":-4.95,"y":13.51,"width":256,"height":256},"attack1_02":{"x":-4.95,"y":13.51,"width":256,"height":256},"attack1_03":{"x":-4.95,"y":13.51,"width":256,"height":256},"attack1_04":{"x":-4.95,"y":13.51,"width":256,"height":256},"attack1_05":{"x":-4.95,"y":13.51,"width":256,"height":256},"back_00":{"x":-4.95,"y":13.51,"width":256,"height":256},"damage_00":{"x":-4.95,"y":13.51,"width":256,"height":256},"front_00":{"x":-4.95,"y":13.51,"width":256,"height":256},"idle_00":{"x":-4.95,"y":13.51,"width":256,"height":256},"idle_01":{"x":-4.95,"y":13.51,"width":256,"height":256},"idle_02":{"x":-4.95,"y":13.51,"width":256,"height":256},"idle_03":{"x":-4.95,"y":13.51,"width":256,"height":256},"idle_04":{"x":-4.95,"y":13.51,"width":256,"height":256},"skill1_00":{"x":-4.95,"y":13.51,"width":256,"height":256},"skill1_01":{"x":-4.95,"y":13.51,"width":256,"height":256},"skill1_02":{"x":-4.95,"y":13.51,"width":256,"height":256},"skill1_03":{"x":-4.95,"y":13.51,"width":256,"height":256},"skill1_04":{"x":-4.95,"y":13.51,"width":256,"height":256},"skill1_05":{"x":-4.95,"y":13.51,"width":256,"height":256}},"S1_power1_00":{"EF/950_S1_power1/950_S1_power1_00007":{"width":299,"height":299},"EF/950_S1_power1/950_S1_power1_00008":{"width":299,"height":299},"EF/950_S1_power1/950_S1_power1_00009":{"width":299,"height":299},"EF/950_S1_power1/950_S1_power1_00010":{"width":299,"height":299},"EF/950_S1_power1/950_S1_power1_00011":{"width":299,"height":299},"EF/950_S1_power1/950_S1_power1_00012":{"width":299,"height":299},"EF/950_S1_power1/950_S1_power1_00013":{"width":299,"height":299},"EF/950_S1_power1/950_S1_power1_00014":{"width":299,"height":299},"EF/950_S1_power1/950_S1_power1_00015":{"width":299,"height":299},"EF/950_S1_power1/950_S1_power1_00016":{"width":299,"height":299}},"S1_power2_0":{"EF/950_S1_power2/950_S1_power2_00003":{"width":296,"height":296},"EF/950_S1_power2/950_S1_power2_00004":{"width":296,"height":296},"EF/950_S1_power2/950_S1_power2_00005":{"width":296,"height":296},"EF/950_S1_power2/950_S1_power2_00006":{"width":296,"height":296},"EF/950_S1_power2/950_S1_power2_00007":{"width":296,"height":296},"EF/950_S1_power2/950_S1_power2_00008":{"width":296,"height":296},"EF/950_S1_power2/950_S1_power2_00009":{"width":296,"height":296},"EF/950_S1_power2/950_S1_power2_00010":{"width":296,"height":296},"EF/950_S1_power2/950_S1_power2_00011":{"width":296,"height":296}},"S1_power2_00":{"EF/950_S1_power2/950_S1_power2_00003":{"width":296,"height":296},"EF/950_S1_power2/950_S1_power2_00004":{"width":296,"height":296},"EF/950_S1_power2/950_S1_power2_00005":{"width":296,"height":296},"EF/950_S1_power2/950_S1_power2_00006":{"width":296,"height":296},"EF/950_S1_power2/950_S1_power2_00007":{"width":296,"height":296},"EF/950_S1_power2/950_S1_power2_00008":{"width":296,"height":296},"EF/950_S1_power2/950_S1_power2_00009":{"width":296,"height":296},"EF/950_S1_power2/950_S1_power2_00010":{"width":296,"height":296},"EF/950_S1_power2/950_S1_power2_00011":{"width":296,"height":296}},"S1_power3_00":{"EF/950_S1_power3/950_S1_power3_00000":{"x":3.03,"y":0.6,"width":296,"height":296}},"S1_wave1_00":{"EF/100_S1_wave1/100_S1_wave1_00001":{"y":18.3,"width":428,"height":428},"EF/100_S1_wave1/100_S1_wave1_00002":{"y":18.3,"width":428,"height":428},"EF/100_S1_wave1/100_S1_wave1_00003":{"y":18.3,"width":428,"height":428},"EF/100_S1_wave1/100_S1_wave1_00004":{"y":18.3,"width":428,"height":428},"EF/100_S1_wave1/100_S1_wave1_00005":{"y":18.3,"width":428,"height":428},"EF/100_S1_wave1/100_S1_wave1_00006":{"y":18.3,"width":428,"height":428},"EF/100_S1_wave1/100_S1_wave1_00007":{"y":18.3,"width":428,"height":428},"EF/100_S1_wave1/100_S1_wave1_00008":{"y":18.3,"width":428,"height":428},"EF/100_S1_wave1/100_S1_wave1_00009":{"y":18.3,"width":428,"height":428},"EF/100_S1_wave1/100_S1_wave1_00010":{"y":18.3,"width":428,"height":428},"EF/100_S1_wave1/100_S1_wave1_00011":{"y":18.3,"width":428,"height":428}},"S1_wave1_01":{"EF/100_S1_wave1/100_S1_wave1_00001":{"y":18.3,"width":428,"height":428},"EF/100_S1_wave1/100_S1_wave1_00002":{"y":18.3,"width":428,"height":428},"EF/100_S1_wave1/100_S1_wave1_00003":{"y":18.3,"width":428,"height":428},"EF/100_S1_wave1/100_S1_wave1_00004":{"y":18.3,"width":428,"height":428},"EF/100_S1_wave1/100_S1_wave1_00005":{"y":18.3,"width":428,"height":428},"EF/100_S1_wave1/100_S1_wave1_00006":{"y":18.3,"width":428,"height":428},"EF/100_S1_wave1/100_S1_wave1_00007":{"y":18.3,"width":428,"height":428},"EF/100_S1_wave1/100_S1_wave1_00008":{"y":18.3,"width":428,"height":428},"EF/100_S1_wave1/100_S1_wave1_00009":{"y":18.3,"width":428,"height":428},"EF/100_S1_wave1/100_S1_wave1_00010":{"y":18.3,"width":428,"height":428},"EF/100_S1_wave1/100_S1_wave1_00011":{"y":18.3,"width":428,"height":428}},"sword_up_EF":{"EF/swordEF/up_EF_1":{"x":-18.84,"y":-31,"width":200,"height":200},"EF/swordEF/up_EF_3":{"x":-18.84,"y":-31,"width":200,"height":200}}}},"events":{"Event":{},"Hit":{},"Sound1":{},"Sound2":{},"Sound3":{},"Voice":{}},"animations":{"attack1":{"slots":{"DAMAGEAREA":{"attachment":[{"time":0.5666,"name":"DAMAGEAREA"},{"time":0.6333,"name":null}]},"MAIN":{"attachment":[{"time":0,"name":"attack1_00"},{"time":0.0666,"name":"attack1_01"},{"time":0.2333,"name":"attack1_02"},{"time":0.5666,"name":"attack1_03"},{"time":0.6,"name":"attack1_04"},{"time":0.6666,"name":"attack1_05"},{"time":0.8666,"name":"back_00"},{"time":1.1666,"name":"attack1_05"}]},"sword_up_EF":{"attachment":[{"time":0.5666,"name":"EF/swordEF/up_EF_1"},{"time":0.6,"name":"EF/swordEF/up_EF_3"},{"time":0.6333,"name":null}],"color":[{"time":0.5666,"color":"00ff53ff"}]}},"bones":{"MAIN":{"translate":[{"time":0,"x":0,"y":0,"curve":[0.25,0,0.75,1]},{"time":0.4666,"x":0,"y":-5.47},{"time":0.5333,"x":-62.69,"y":-20.17,"curve":[0.158,0.41,0.565,0.75]},{"time":0.5666,"x":-90.99,"y":-53.84,"curve":"stepped"},{"time":0.8333,"x":-90.99,"y":-53.84,"curve":"stepped"},{"time":0.8666,"x":-90.99,"y":-53.84,"curve":[0.217,0.77,0.767,1]},{"time":1.1666,"x":-17.52,"y":-3.76}]},"sword_up_EF":{"rotate":[{"time":0.5666,"angle":115.3}],"translate":[{"time":0.5666,"x":-776.43,"y":-351.33}],"scale":[{"time":0.5666,"x":-0.823,"y":1.024}]},"DAMAGEAREA":{"translate":[{"time":0.5666,"x":-134.5,"y":30.18}],"scale":[{"time":0.5666,"x":0.629,"y":0.707}]},"EF":{"translate":[{"time":0.4666,"x":0,"y":0},{"time":0.5,"x":-31.78,"y":-4.41},{"time":0.5333,"x":-60.92,"y":-13.24},{"time":0.5666,"x":-96.24,"y":-61.8}]}},"events":[{"time":0,"name":"Hit","float":0.1,"string":"kHitStopType_normal"},{"time":0.5666,"name":"Sound1","string":"cri_se_battle_025_blow_hit"},{"time":0.5666,"name":"Voice","string":"cri_089_voice_attack_random"}]},"back":{"slots":{"MAIN":{"attachment":[{"time":0,"name":"back_00"},{"time":0.2,"name":"back_00"},{"time":0.4,"name":"idle_01"},{"time":0.5333,"name":"idle_02"},{"time":0.6666,"name":"idle_03"},{"time":0.8333,"name":"idle_04"},{"time":1,"name":"idle_04"}]}},"bones":{"MAIN":{"translate":[{"time":0,"x":0,"y":0,"curve":[0.161,0.52,0.75,1]},{"time":0.2333,"x":130,"y":0},{"time":0.5,"x":140,"y":0}]}}},"cast":{"slots":{"MAIN":{"attachment":[{"time":0,"name":"attack1_00"},{"time":0.0666,"name":"attack1_01"},{"time":0.2333,"name":"attack1_02"},{"time":0.5,"name":"attack1_03"},{"time":0.5333,"name":"attack1_04"},{"time":0.6,"name":"attack1_05"},{"time":1,"name":"attack1_05"}]},"sword_up_EF":{"attachment":[{"time":0.5,"name":"EF/swordEF/up_EF_1"},{"time":0.5333,"name":"EF/swordEF/up_EF_3"},{"time":0.5666,"name":null}],"color":[{"time":0.5,"color":"00ff53ff"}]}},"bones":{"MAIN":{"translate":[{"time":0,"x":0,"y":0,"curve":[0.25,0,0.75,1]},{"time":0.4666,"x":0,"y":-5.47,"curve":"stepped"},{"time":0.5,"x":0,"y":-5.47,"curve":[0.146,0.6,0.75,1]},{"time":0.5666,"x":0,"y":8.75}]},"sword_up_EF":{"rotate":[{"time":0.5,"angle":105.51}],"translate":[{"time":0.5,"x":-777.89,"y":-370.96}],"scale":[{"time":0.5,"x":-0.823,"y":1.024}]}},"drawOrder":[{"time":0},{"time":0.5},{"time":0.5333}],"events":[{"time":0.5,"name":"Voice","string":"cri_089_voice_item"}]},"damage":{"slots":{"MAIN":{"attachment":[{"time":0,"name":"damage_00"}]}},"drawOrder":[{"time":0}]},"front":{"slots":{"MAIN":{"attachment":[{"time":0,"name":"front_00"}]}},"drawOrder":[{"time":0}]},"idle":{"slots":{"MAIN":{"attachment":[{"time":0,"name":"idle_00"},{"time":0.2,"name":"idle_01"},{"time":0.4,"name":"idle_02"},{"time":0.6,"name":"idle_03"},{"time":0.8,"name":"idle_04"},{"time":1,"name":"idle_04"}]}},"bones":{"MAIN":{"translate":[{"time":0,"x":0,"y":0,"curve":[0.25,0,0.75,1]},{"time":0.4,"x":0,"y":3.32,"curve":[0.25,0,0.75,1]},{"time":1,"x":0,"y":0}]},"HPBAR":{"translate":[{"time":0,"x":0,"y":0,"curve":[0.25,0,0.75,1]},{"time":0.4,"x":0,"y":-3.33,"curve":[0.25,0,0.75,1]},{"time":1,"x":0,"y":0}]}}},"skill1":{"slots":{"DAMAGEAREA":{"attachment":[{"time":0.9333,"name":"DAMAGEAREA"},{"time":1.2666,"name":null}]},"MAIN":{"attachment":[{"time":0,"name":"skill1_00"},{"time":0.0666,"name":"skill1_01"},{"time":0.1666,"name":"skill1_02"},{"time":0.5333,"name":"skill1_03"},{"time":0.5666,"name":"skill1_04"},{"time":0.6,"name":"skill1_05"},{"time":1.6666,"name":"skill1_04"},{"time":1.7333,"name":"skill1_03"},{"time":1.8,"name":"skill1_00"},{"time":1.9333,"name":"idle_03"},{"time":2.0666,"name":"idle_04"}]},"S1_power1_00":{"attachment":[{"time":0,"name":"EF/950_S1_power1/950_S1_power1_00016"},{"time":0.0333,"name":"EF/950_S1_power1/950_S1_power1_00015"},{"time":0.0666,"name":"EF/950_S1_power1/950_S1_power1_00014"},{"time":0.1,"name":"EF/950_S1_power1/950_S1_power1_00013"},{"time":0.1333,"name":"EF/950_S1_power1/950_S1_power1_00012"},{"time":0.1666,"name":"EF/950_S1_power1/950_S1_power1_00011"},{"time":0.2,"name":"EF/950_S1_power1/950_S1_power1_00010"},{"time":0.2333,"name":"EF/950_S1_power1/950_S1_power1_00009"},{"time":0.2666,"name":"EF/950_S1_power1/950_S1_power1_00008"},{"time":0.3,"name":"EF/950_S1_power1/950_S1_power1_00007"},{"time":0.5333,"name":"EF/950_S1_power1/950_S1_power1_00007"},{"time":0.5666,"name":"EF/950_S1_power1/950_S1_power1_00008"},{"time":0.6,"name":"EF/950_S1_power1/950_S1_power1_00008"},{"time":0.6333,"name":"EF/950_S1_power1/950_S1_power1_00009"},{"time":0.6666,"name":"EF/950_S1_power1/950_S1_power1_00010"},{"time":0.7,"name":"EF/950_S1_power1/950_S1_power1_00011"},{"time":0.7333,"name":"EF/950_S1_power1/950_S1_power1_00012"},{"time":0.7666,"name":"EF/950_S1_power1/950_S1_power1_00013"},{"time":0.8,"name":"EF/950_S1_power1/950_S1_power1_00014"},{"time":0.8333,"name":"EF/950_S1_power1/950_S1_power1_00015"},{"time":0.8666,"name":"EF/950_S1_power1/950_S1_power1_00016"},{"time":1,"name":null}],"color":[{"time":0.9,"color":"ffffffff"},{"time":1,"color":"ffffff00"}]},"S1_power2_00":{"attachment":[{"time":0.0333,"name":"EF/950_S1_power2/950_S1_power2_00011"},{"time":0.0666,"name":"EF/950_S1_power2/950_S1_power2_00010"},{"time":0.1333,"name":"EF/950_S1_power2/950_S1_power2_00009"},{"time":0.1666,"name":"EF/950_S1_power2/950_S1_power2_00008"},{"time":0.2,"name":"EF/950_S1_power2/950_S1_power2_00007"},{"time":0.2333,"name":"EF/950_S1_power2/950_S1_power2_00006"},{"time":0.2666,"name":"EF/950_S1_power2/950_S1_power2_00005"},{"time":0.3,"name":"EF/950_S1_power2/950_S1_power2_00004"},{"time":0.3333,"name":"EF/950_S1_power2/950_S1_power2_00003"},{"time":0.4333,"name":null},{"time":0.5333,"name":"EF/950_S1_power2/950_S1_power2_00003"},{"time":0.5666,"name":"EF/950_S1_power2/950_S1_power2_00004"},{"time":0.6,"name":"EF/950_S1_power2/950_S1_power2_00005"},{"time":0.6333,"name":"EF/950_S1_power2/950_S1_power2_00006"},{"time":0.6666,"name":"EF/950_S1_power2/950_S1_power2_00007"},{"time":0.7,"name":"EF/950_S1_power2/950_S1_power2_00008"},{"time":0.7333,"name":"EF/950_S1_power2/950_S1_power2_00009"},{"time":0.7666,"name":"EF/950_S1_power2/950_S1_power2_00010"},{"time":0.8,"name":"EF/950_S1_power2/950_S1_power2_00011"},{"time":0.8333,"name":null}]},"S1_power3_00":{"attachment":[{"time":0.5333,"name":"EF/950_S1_power3/950_S1_power3_00000"}],"color":[{"time":0.9,"color":"ffffffff"},{"time":1.1,"color":"ffffff00"}]},"S1_wave1_00":{"attachment":[{"time":0.9333,"name":"EF/100_S1_wave1/100_S1_wave1_00003"},{"time":0.9666,"name":"EF/100_S1_wave1/100_S1_wave1_00004"},{"time":1,"name":"EF/100_S1_wave1/100_S1_wave1_00005"},{"time":1.0333,"name":"EF/100_S1_wave1/100_S1_wave1_00006"},{"time":1.0666,"name":"EF/100_S1_wave1/100_S1_wave1_00007"},{"time":1.1,"name":"EF/100_S1_wave1/100_S1_wave1_00008"},{"time":1.1333,"name":"EF/100_S1_wave1/100_S1_wave1_00009"},{"time":1.1666,"name":"EF/100_S1_wave1/100_S1_wave1_00010"},{"time":1.2,"name":"EF/100_S1_wave1/100_S1_wave1_00011"}],"color":[{"time":0.9333,"color":"ffffffff","curve":"stepped"},{"time":1.2,"color":"ffffffff"},{"time":1.3,"color":"ffffff00"}]},"S1_wave1_01":{"attachment":[{"time":1.1333,"name":"EF/100_S1_wave1/100_S1_wave1_00003"},{"time":1.1666,"name":"EF/100_S1_wave1/100_S1_wave1_00004"},{"time":1.2,"name":"EF/100_S1_wave1/100_S1_wave1_00005"},{"time":1.2333,"name":"EF/100_S1_wave1/100_S1_wave1_00006"},{"time":1.2666,"name":"EF/100_S1_wave1/100_S1_wave1_00007"},{"time":1.3,"name":"EF/100_S1_wave1/100_S1_wave1_00008"},{"time":1.3333,"name":"EF/100_S1_wave1/100_S1_wave1_00009"},{"time":1.3666,"name":"EF/100_S1_wave1/100_S1_wave1_00010"},{"time":1.4,"name":"EF/100_S1_wave1/100_S1_wave1_00011"},{"time":1.5,"name":null}],"color":[{"time":1.4,"color":"ffffffff"},{"time":1.5,"color":"ffffff00"}]}},"bones":{"S1_power1_00":{"rotate":[{"time":0.5333,"angle":0,"curve":"stepped"},{"time":0.8333,"angle":0},{"time":1,"angle":-1.97}],"translate":[{"time":0,"x":-707.63,"y":-176.08},{"time":0.3333,"x":-707.19,"y":-182.34,"curve":"stepped"},{"time":0.5333,"x":-707.63,"y":-158.37}],"scale":[{"time":0,"x":1.003,"y":1.003,"curve":[0.242,0,0.679,0.71]},{"time":0.4,"x":0.334,"y":0.333,"curve":"stepped"},{"time":0.5333,"x":1.519,"y":1.519},{"time":0.7,"x":1.953,"y":1.953}]},"S1_power2_00":{"translate":[{"time":0,"x":-852.04,"y":-177.69},{"time":0.3333,"x":-852.04,"y":-183.94,"curve":"stepped"},{"time":0.5333,"x":-852.04,"y":-159.98}],"scale":[{"time":0,"x":2.046,"y":2.046},{"time":0.2666,"x":2.386,"y":2.386,"curve":[0.25,0,0.75,1]},{"time":0.4,"x":0.26,"y":0.26,"curve":"stepped"},{"time":0.5333,"x":0.548,"y":0.548,"curve":[0.331,0.02,0.329,0.95]},{"time":0.8333,"x":2.702,"y":2.702}]},"S1_wave1_00":{"translate":[{"time":0.9333,"x":-1533.11,"y":38.92}],"scale":[{"time":0.9333,"x":1.4,"y":1.4},{"time":1.0333,"x":1.8,"y":1.8},{"time":1.3,"x":2.62,"y":2.62}]},"MAIN":{"translate":[{"time":0,"x":0,"y":0},{"time":0.4666,"x":0,"y":-11.14},{"time":0.5333,"x":0,"y":17.39},{"time":0.6333,"x":0,"y":19.38,"curve":"stepped"},{"time":1.6333,"x":0,"y":19.38,"curve":[0.25,0,0.75,1]},{"time":1.8666,"x":0,"y":-10.03},{"time":2,"x":0,"y":0}]},"S1_wave1_01":{"translate":[{"time":1.1333,"x":-1533.11,"y":112.71}],"scale":[{"time":1.1333,"x":1.395,"y":1.395},{"time":1.2333,"x":1.805,"y":1.805},{"time":1.5,"x":2.602,"y":2.602}]},"S1_power3_00":{"translate":[{"time":0,"x":-1018.36,"y":-174.9},{"time":0.3333,"x":-1018.36,"y":-181.15,"curve":"stepped"},{"time":0.5333,"x":-1018.36,"y":-157.19}],"scale":[{"time":0,"x":2.385,"y":2.385},{"time":0.0666,"x":2.221,"y":2.221},{"time":0.5333,"x":1.077,"y":1.077},{"time":0.6,"x":1.923,"y":1.923}]},"DAMAGEAREA":{"translate":[{"time":0.9333,"x":-124.26,"y":54.4}],"scale":[{"time":0.9333,"x":1.237,"y":0.901}]}},"drawOrder":[{"time":0,"offsets":[{"slot":"S1_power2_00","offset":5}]}],"events":[{"time":0,"name":"Hit","float":0.1,"string":"kHitStopType_enemyonly"},{"time":0,"name":"Sound1","string":"cri_se_battle_charge"},{"time":0,"name":"Voice","string":"cri_089_voice_skill_b"},{"time":0.5333,"name":"Sound1","string":"cri_se_battle_gun_burst"},{"time":0.9333,"name":"Sound1","string":"cri_se_battle_monster_hit"},{"time":0.9333,"name":"Sound2","string":"cri_se_battle_skill_explosion_02"},{"time":0.9666,"name":"Event","string":"kImpactType_up"},{"time":1,"name":"Event","string":"shakeGround"},{"time":1.0333,"name":"Hit","float":0.03,"string":"kHitStopType_enemyonly"},{"time":1.0666,"name":"Event","float":0.1,"string":"kHitStopType_enemyonly"},{"time":1.1666,"name":"Hit","string":"resetHitList"}]},"skill2":{"slots":{"DAMAGEAREA":{"attachment":[{"time":1.3333,"name":"DAMAGEAREA"},{"time":1.8333,"name":null}]},"MAIN":{"attachment":[{"time":0,"name":"skill1_00"},{"time":0.1,"name":"skill1_01"},{"time":0.2666,"name":"skill1_02"},{"time":0.8666,"name":"skill1_03"},{"time":0.9,"name":"skill1_04"},{"time":0.9333,"name":"skill1_05"},{"time":2.0666,"name":"skill1_03"},{"time":2.1333,"name":"skill1_00"},{"time":2.2666,"name":"idle_03"},{"time":2.4,"name":"idle_04"},{"time":2.8,"name":"idle_04"}]},"S1_power1_00":{"attachment":[{"time":0.0333,"name":"EF/950_S1_power1/950_S1_power1_00016"},{"time":0.0666,"name":"EF/950_S1_power1/950_S1_power1_00015"},{"time":0.1333,"name":"EF/950_S1_power1/950_S1_power1_00014"},{"time":0.1666,"name":"EF/950_S1_power1/950_S1_power1_00013"},{"time":0.2,"name":"EF/950_S1_power1/950_S1_power1_00012"},{"time":0.2333,"name":"EF/950_S1_power1/950_S1_power1_00011"},{"time":0.2666,"name":"EF/950_S1_power1/950_S1_power1_00010"},{"time":0.3,"name":"EF/950_S1_power1/950_S1_power1_00009"},{"time":0.3333,"name":"EF/950_S1_power1/950_S1_power1_00008"},{"time":0.3666,"name":"EF/950_S1_power1/950_S1_power1_00007"},{"time":0.4,"name":null},{"time":0.8,"name":"EF/950_S1_power1/950_S1_power1_00010"},{"time":0.8666,"name":"EF/950_S1_power1/950_S1_power1_00007"},{"time":0.9,"name":"EF/950_S1_power1/950_S1_power1_00008"},{"time":0.9333,"name":"EF/950_S1_power1/950_S1_power1_00008"},{"time":0.9666,"name":"EF/950_S1_power1/950_S1_power1_00009"},{"time":1,"name":"EF/950_S1_power1/950_S1_power1_00010"},{"time":1.0333,"name":"EF/950_S1_power1/950_S1_power1_00011"},{"time":1.0666,"name":"EF/950_S1_power1/950_S1_power1_00012"},{"time":1.1,"name":"EF/950_S1_power1/950_S1_power1_00013"},{"time":1.1333,"name":"EF/950_S1_power1/950_S1_power1_00014"},{"time":1.1666,"name":"EF/950_S1_power1/950_S1_power1_00015"},{"time":1.2,"name":"EF/950_S1_power1/950_S1_power1_00016"},{"time":1.3333,"name":null}],"color":[{"time":1.2333,"color":"ffffffff"},{"time":1.3333,"color":"ffffff00"}]},"S1_power2_00":{"attachment":[{"time":0.0333,"name":"EF/950_S1_power2/950_S1_power2_00011"},{"time":0.1,"name":"EF/950_S1_power2/950_S1_power2_00010"},{"time":0.1666,"name":"EF/950_S1_power2/950_S1_power2_00009"},{"time":0.2333,"name":"EF/950_S1_power2/950_S1_power2_00008"},{"time":0.2666,"name":"EF/950_S1_power2/950_S1_power2_00007"},{"time":0.3,"name":"EF/950_S1_power2/950_S1_power2_00006"},{"time":0.3333,"name":"EF/950_S1_power2/950_S1_power2_00005"},{"time":0.3666,"name":"EF/950_S1_power2/950_S1_power2_00004"},{"time":0.4,"name":"EF/950_S1_power2/950_S1_power2_00003"},{"time":0.5,"name":null},{"time":0.8666,"name":"EF/950_S1_power2/950_S1_power2_00004"},{"time":0.9,"name":"EF/950_S1_power2/950_S1_power2_00006"},{"time":0.9333,"name":"EF/950_S1_power2/950_S1_power2_00008"},{"time":0.9666,"name":"EF/950_S1_power2/950_S1_power2_00010"},{"time":1,"name":"EF/950_S1_power2/950_S1_power2_00011"},{"time":1.0333,"name":null}]},"S1_power2_0":{"attachment":[{"time":0.1666,"name":"EF/950_S1_power2/950_S1_power2_00011"},{"time":0.2666,"name":"EF/950_S1_power2/950_S1_power2_00010"},{"time":0.3333,"name":"EF/950_S1_power2/950_S1_power2_00009"},{"time":0.3666,"name":"EF/950_S1_power2/950_S1_power2_00008"},{"time":0.4,"name":"EF/950_S1_power2/950_S1_power2_00007"},{"time":0.4333,"name":"EF/950_S1_power2/950_S1_power2_00006"},{"time":0.4666,"name":"EF/950_S1_power2/950_S1_power2_00005"},{"time":0.5,"name":"EF/950_S1_power2/950_S1_power2_00004"},{"time":0.5333,"name":"EF/950_S1_power2/950_S1_power2_00003"},{"time":0.5666,"name":null}]},"S1_power3_00":{"attachment":[{"time":0.8666,"name":"EF/950_S1_power3/950_S1_power3_00000"}],"color":[{"time":1.2333,"color":"ffffffff"},{"time":1.4333,"color":"ffffff00"}]},"S1_wave1_00":{"attachment":[{"time":1.5,"name":"EF/100_S1_wave1/100_S1_wave1_00003"},{"time":1.5333,"name":"EF/100_S1_wave1/100_S1_wave1_00004"},{"time":1.5666,"name":"EF/100_S1_wave1/100_S1_wave1_00005"},{"time":1.6,"name":"EF/100_S1_wave1/100_S1_wave1_00006"},{"time":1.6333,"name":"EF/100_S1_wave1/100_S1_wave1_00007"},{"time":1.6666,"name":"EF/100_S1_wave1/100_S1_wave1_00008"},{"time":1.7,"name":"EF/100_S1_wave1/100_S1_wave1_00009"},{"time":1.7333,"name":"EF/100_S1_wave1/100_S1_wave1_00010"},{"time":1.7666,"name":"EF/100_S1_wave1/100_S1_wave1_00011"},{"time":1.8666,"name":null}],"color":[{"time":1.7666,"color":"ffffffff"},{"time":1.8666,"color":"ffffff00"}]},"S1_wave1_01":{"attachment":[{"time":0.8666,"name":"EF/100_S1_wave1/100_S1_wave1_00003"},{"time":0.9,"name":"EF/100_S1_wave1/100_S1_wave1_00004"},{"time":0.9333,"name":"EF/100_S1_wave1/100_S1_wave1_00005"},{"time":0.9666,"name":"EF/100_S1_wave1/100_S1_wave1_00006"},{"time":1,"name":"EF/100_S1_wave1/100_S1_wave1_00007"},{"time":1.0333,"name":"EF/100_S1_wave1/100_S1_wave1_00008"},{"time":1.0666,"name":"EF/100_S1_wave1/100_S1_wave1_00009"},{"time":1.1,"name":"EF/100_S1_wave1/100_S1_wave1_00010"},{"time":1.1333,"name":"EF/100_S1_wave1/100_S1_wave1_00011"},{"time":1.3666,"name":"EF/100_S1_wave1/100_S1_wave1_00003"},{"time":1.4,"name":"EF/100_S1_wave1/100_S1_wave1_00004"},{"time":1.4333,"name":"EF/100_S1_wave1/100_S1_wave1_00005"},{"time":1.4666,"name":"EF/100_S1_wave1/100_S1_wave1_00006"},{"time":1.5,"name":"EF/100_S1_wave1/100_S1_wave1_00007"},{"time":1.5333,"name":"EF/100_S1_wave1/100_S1_wave1_00008"},{"time":1.5666,"name":"EF/100_S1_wave1/100_S1_wave1_00009"},{"time":1.6,"name":"EF/100_S1_wave1/100_S1_wave1_00010"},{"time":1.6333,"name":"EF/100_S1_wave1/100_S1_wave1_00011"},{"time":1.7333,"name":null}],"color":[{"time":1.1333,"color":"ffffffff"},{"time":1.2333,"color":"ffffff00","curve":"stepped"},{"time":1.3666,"color":"ffffffff","curve":"stepped"},{"time":1.6333,"color":"ffffffff"},{"time":1.7333,"color":"ffffff00"}]}},"bones":{"S1_power1_00":{"rotate":[{"time":0,"angle":0},{"time":0.8,"angle":30.99},{"time":0.8666,"angle":0,"curve":"stepped"},{"time":1.1666,"angle":0},{"time":1.3333,"angle":-1.97}],"translate":[{"time":0,"x":-707.63,"y":-176.08},{"time":0.8,"x":-707.63,"y":-182.33},{"time":0.8666,"x":-707.63,"y":-150.07}],"scale":[{"time":0,"x":2.458,"y":2.458,"curve":[0.25,0,0.75,1]},{"time":0.3666,"x":0.516,"y":0.516},{"time":0.8,"x":0.282,"y":0.281},{"time":0.8666,"x":1.519,"y":1.519},{"time":1.0333,"x":2.743,"y":2.743}]},"S1_power2_00":{"translate":[{"time":0,"x":-852.04,"y":-177.69},{"time":0.8,"x":-852.04,"y":-190.04},{"time":0.8666,"x":-852.04,"y":-151.68}],"scale":[{"time":0,"x":1.797,"y":1.797},{"time":0.3333,"x":1.523,"y":1.523,"curve":[0.25,0,0.75,1]},{"time":0.4666,"x":0.351,"y":0.351,"curve":"stepped"},{"time":0.8666,"x":0.548,"y":0.548,"curve":[0.331,0.02,0.329,0.95]},{"time":1,"x":5.335,"y":5.335}]},"MAIN":{"translate":[{"time":0,"x":0,"y":0},{"time":0.8,"x":0,"y":-11.14},{"time":0.8666,"x":0,"y":25.03},{"time":0.9666,"x":0,"y":27.02,"curve":"stepped"},{"time":2.2,"x":0,"y":27.02,"curve":[0.25,0,0.75,1]},{"time":2.4333,"x":0,"y":-11.14},{"time":2.5666,"x":0,"y":0}]},"S1_wave1_01":{"translate":[{"time":0.8666,"x":-1404.31,"y":112.71}],"scale":[{"time":0.8666,"x":0.829,"y":0.829},{"time":0.9666,"x":0.977,"y":0.977,"curve":[0.09,0.57,0.75,1]},{"time":1.2333,"x":2.532,"y":2.532,"curve":"stepped"},{"time":1.3666,"x":1.28,"y":1.28},{"time":1.4666,"x":1.81,"y":1.81,"curve":[0.09,0.57,0.75,1]},{"time":1.7333,"x":4.36,"y":4.36}]},"S1_power3_00":{"translate":[{"time":0.8666,"x":-1018.36,"y":-148.89}],"scale":[{"time":0.8666,"x":1.08,"y":1.08},{"time":0.9333,"x":2.351,"y":2.351}]},"S1_wave1_00":{"translate":[{"time":1.5,"x":-1404.31,"y":38.92}],"scale":[{"time":1.5,"x":1.26,"y":1.26},{"time":1.6,"x":1.81,"y":1.81,"curve":[0.09,0.57,0.75,1]},{"time":1.8666,"x":4.38,"y":4.38}]},"S1_power2_0":{"translate":[{"time":0,"x":-852.04,"y":-42.83},{"time":0.6666,"x":-852.04,"y":-55.19}],"scale":[{"time":0.1666,"x":2.31,"y":2.31},{"time":0.4666,"x":2.03,"y":2.03,"curve":[0.19,0.35,0.75,1]},{"time":0.5666,"x":0.271,"y":0.271}]},"DAMAGEAREA":{"translate":[{"time":1.3333,"x":0,"y":37.99},{"time":1.4333,"x":0,"y":71.35}],"scale":[{"time":1.3333,"x":0.83,"y":0.619},{"time":1.4333,"x":2.312,"y":1.227}]}},"drawOrder":[{"time":0,"offsets":[{"slot":"S1_power2_00","offset":4},{"slot":"S1_power2_0","offset":4}]}],"events":[{"time":0,"name":"Sound1","string":"cri_se_battle_charge"},{"time":0.6666,"name":"Voice","string":"cri_089_voice_fullarts_now"},{"time":0.8666,"name":"Sound1","string":"cri_se_battle_gun_burst"},{"time":1.3,"name":"Event","string":"setHitBackEnemy(2,2)"},{"time":1.3333,"name":"Event","float":0.8,"string":"shakeGround_Loop"},{"time":1.3333,"name":"Sound1","string":"cri_se_battle_skill_explosion_02"},{"time":1.3333,"name":"Sound2","string":"cri_se_battle_monster_hit"},{"time":1.3333,"name":"Sound3","string":"cri_se_battle_explosion_short"},{"time":1.4333,"name":"Hit","string":"resetHitList"},{"time":1.5666,"name":"Event","string":"setHitBackEnemy(50,60)"},{"time":1.6333,"name":"Hit","string":"resetHitList"},{"time":1.8,"name":"Hit","string":"resetHitList"}]}}}