{"skeleton":{"hash":"Pfhatn/hr42if1QtURWeIxAlS18","spine":"3.0.12","width":500,"height":500},"bones":[{"name":"root"},{"name":"MAIN","parent":"root","y":57},{"name":"EF_MAIN","parent":"root"},{"name":"EF_wind1_1","parent":"EF_MAIN","x":300},{"name":"EF_wave4_2","parent":"EF_MAIN","x":250,"y":100},{"name":"EF_wave4_1","parent":"EF_MAIN","x":250,"y":100},{"name":"EF_wave1_4","parent":"EF_MAIN","x":150},{"name":"EF_wave1_3","parent":"EF_MAIN","x":150},{"name":"EF_wave1_2","parent":"EF_MAIN","x":150},{"name":"EF_wave1_1","parent":"EF_MAIN","x":150},{"name":"EF_power1_1","parent":"EF_MAIN","x":200,"y":100},{"name":"EF_line2_3","parent":"EF_MAIN","x":300,"y":50},{"name":"EF_line2_2","parent":"EF_MAIN","x":300,"y":50},{"name":"EF_line2_1","parent":"EF_MAIN","x":300,"y":50},{"name":"EF_line1_3","parent":"EF_MAIN","x":200,"y":50},{"name":"EF_line1_2","parent":"EF_MAIN","x":200,"y":50},{"name":"EF_line1_1","parent":"EF_MAIN","x":200,"y":50},{"name":"EF_light2_1","parent":"EF_MAIN","x":300,"y":100},{"name":"EF_light1_2","parent":"EF_MAIN","x":200},{"name":"EF_light1_1","parent":"EF_MAIN","x":200},{"name":"EF_ex1_3","parent":"EF_MAIN","x":250},{"name":"EF_ex1_2","parent":"EF_MAIN","x":250},{"name":"EF_ex1_1","parent":"EF_MAIN","x":250},{"name":"weapon","parent":"MAIN"}],"slots":[{"name":"EF_wave1_1","bone":"EF_wave1_1","blend":"additive"},{"name":"EF_wave1_2","bone":"EF_wave1_2","blend":"additive"},{"name":"EF_wave1_3","bone":"EF_wave1_3","blend":"additive"},{"name":"EF_wave1_4","bone":"EF_wave1_4","blend":"additive"},{"name":"weapon","bone":"weapon"},{"name":"MAIN","bone":"MAIN","attachment":"idle_00"},{"name":"EF_light1_1","bone":"EF_light1_1","blend":"additive"},{"name":"EF_light1_2","bone":"EF_light1_2","blend":"additive"},{"name":"EF_ex1_1","bone":"EF_ex1_1","blend":"additive"},{"name":"EF_ex1_2","bone":"EF_ex1_2","blend":"additive"},{"name":"EF_ex1_3","bone":"EF_ex1_3","blend":"additive"},{"name":"EF_line1_1","bone":"EF_line1_1","blend":"additive"},{"name":"EF_line1_2","bone":"EF_line1_2","blend":"additive"},{"name":"EF_line1_3","bone":"EF_line1_3","blend":"additive"},{"name":"EF_power1_1","bone":"EF_power1_1","blend":"additive"},{"name":"EF_wave4_1","bone":"EF_wave4_1","blend":"additive"},{"name":"EF_wave4_2","bone":"EF_wave4_2","blend":"additive"},{"name":"EF_wind1_1","bone":"EF_wind1_1","blend":"additive"},{"name":"EF_line2_1","bone":"EF_line2_1","blend":"additive"},{"name":"EF_line2_2","bone":"EF_line2_2","blend":"additive"},{"name":"EF_line2_3","bone":"EF_line2_3","blend":"additive"},{"name":"EF_light2_1","bone":"EF_light2_1","blend":"additive"}],"skins":{"default":{"EF_ex1_1":{"EF/5250_S1_ex1/5250_S1_ex1_00000":{"x":5.51,"y":22.76,"width":250,"height":250},"EF/5250_S1_ex1/5250_S1_ex1_00001":{"x":5.51,"y":22.76,"width":250,"height":250},"EF/5250_S1_ex1/5250_S1_ex1_00002":{"x":5.51,"y":22.76,"width":250,"height":250},"EF/5250_S1_ex1/5250_S1_ex1_00003":{"x":5.51,"y":22.76,"width":250,"height":250},"EF/5250_S1_ex1/5250_S1_ex1_00004":{"x":5.51,"y":22.76,"width":250,"height":250},"EF/5250_S1_ex1/5250_S1_ex1_00005":{"x":5.51,"y":22.76,"width":250,"height":250},"EF/5250_S1_ex1/5250_S1_ex1_00006":{"x":5.51,"y":22.76,"width":250,"height":250},"EF/5250_S1_ex1/5250_S1_ex1_00007":{"x":5.51,"y":22.76,"width":250,"height":250},"EF/5250_S1_ex1/5250_S1_ex1_00008":{"x":5.51,"y":22.76,"width":250,"height":250},"EF/5250_S1_ex1/5250_S1_ex1_00009":{"x":5.51,"y":22.76,"width":250,"height":250},"EF/5250_S1_ex1/5250_S1_ex1_00010":{"x":5.51,"y":22.76,"width":250,"height":250},"EF/5250_S1_ex1/5250_S1_ex1_00011":{"x":5.51,"y":22.76,"width":250,"height":250},"EF/5250_S1_ex1/5250_S1_ex1_00012":{"x":5.51,"y":22.76,"width":250,"height":250},"EF/5250_S1_ex1/5250_S1_ex1_00013":{"x":5.51,"y":22.76,"width":250,"height":250},"EF/5250_S1_ex1/5250_S1_ex1_00014":{"x":5.51,"y":22.76,"width":250,"height":250}},"EF_ex1_2":{"EF/5250_S1_ex1/5250_S1_ex1_00000":{"x":5.51,"y":22.76,"width":250,"height":250},"EF/5250_S1_ex1/5250_S1_ex1_00001":{"x":5.51,"y":22.76,"width":250,"height":250},"EF/5250_S1_ex1/5250_S1_ex1_00002":{"x":5.51,"y":22.76,"width":250,"height":250},"EF/5250_S1_ex1/5250_S1_ex1_00003":{"x":5.51,"y":22.76,"width":250,"height":250},"EF/5250_S1_ex1/5250_S1_ex1_00004":{"x":5.51,"y":22.76,"width":250,"height":250},"EF/5250_S1_ex1/5250_S1_ex1_00005":{"x":5.51,"y":22.76,"width":250,"height":250},"EF/5250_S1_ex1/5250_S1_ex1_00006":{"x":5.51,"y":22.76,"width":250,"height":250},"EF/5250_S1_ex1/5250_S1_ex1_00007":{"x":5.51,"y":22.76,"width":250,"height":250},"EF/5250_S1_ex1/5250_S1_ex1_00008":{"x":5.51,"y":22.76,"width":250,"height":250},"EF/5250_S1_ex1/5250_S1_ex1_00009":{"x":5.51,"y":22.76,"width":250,"height":250},"EF/5250_S1_ex1/5250_S1_ex1_00010":{"x":5.51,"y":22.76,"width":250,"height":250},"EF/5250_S1_ex1/5250_S1_ex1_00011":{"x":5.51,"y":22.76,"width":250,"height":250},"EF/5250_S1_ex1/5250_S1_ex1_00012":{"x":5.51,"y":22.76,"width":250,"height":250},"EF/5250_S1_ex1/5250_S1_ex1_00013":{"x":5.51,"y":22.76,"width":250,"height":250},"EF/5250_S1_ex1/5250_S1_ex1_00014":{"x":5.51,"y":22.76,"width":250,"height":250}},"EF_ex1_3":{"EF/5250_S1_ex1/5250_S1_ex1_00000":{"x":5.51,"y":22.76,"width":250,"height":250},"EF/5250_S1_ex1/5250_S1_ex1_00001":{"x":5.51,"y":22.76,"width":250,"height":250},"EF/5250_S1_ex1/5250_S1_ex1_00002":{"x":5.51,"y":22.76,"width":250,"height":250},"EF/5250_S1_ex1/5250_S1_ex1_00003":{"x":5.51,"y":22.76,"width":250,"height":250},"EF/5250_S1_ex1/5250_S1_ex1_00004":{"x":5.51,"y":22.76,"width":250,"height":250},"EF/5250_S1_ex1/5250_S1_ex1_00005":{"x":5.51,"y":22.76,"width":250,"height":250},"EF/5250_S1_ex1/5250_S1_ex1_00006":{"x":5.51,"y":22.76,"width":250,"height":250},"EF/5250_S1_ex1/5250_S1_ex1_00007":{"x":5.51,"y":22.76,"width":250,"height":250},"EF/5250_S1_ex1/5250_S1_ex1_00008":{"x":5.51,"y":22.76,"width":250,"height":250},"EF/5250_S1_ex1/5250_S1_ex1_00009":{"x":5.51,"y":22.76,"width":250,"height":250},"EF/5250_S1_ex1/5250_S1_ex1_00010":{"x":5.51,"y":22.76,"width":250,"height":250},"EF/5250_S1_ex1/5250_S1_ex1_00011":{"x":5.51,"y":22.76,"width":250,"height":250},"EF/5250_S1_ex1/5250_S1_ex1_00012":{"x":5.51,"y":22.76,"width":250,"height":250},"EF/5250_S1_ex1/5250_S1_ex1_00013":{"x":5.51,"y":22.76,"width":250,"height":250},"EF/5250_S1_ex1/5250_S1_ex1_00014":{"x":5.51,"y":22.76,"width":250,"height":250}},"EF_light1_1":{"EF/5250_S2_light2/5250_S2_light2_00001":{"x":4.83,"y":83.48,"width":250,"height":250},"EF/5250_S2_light2/5250_S2_light2_00002":{"x":4.83,"y":83.48,"width":250,"height":250},"EF/5250_S2_light2/5250_S2_light2_00003":{"x":4.83,"y":83.48,"width":250,"height":250},"EF/5250_S2_light2/5250_S2_light2_00004":{"x":4.83,"y":83.48,"width":250,"height":250},"EF/5250_S2_light2/5250_S2_light2_00005":{"x":4.83,"y":83.48,"width":250,"height":250},"EF/5250_S2_light2/5250_S2_light2_00006":{"x":4.83,"y":83.48,"width":250,"height":250},"EF/5250_S2_light2/5250_S2_light2_00007":{"x":4.83,"y":83.48,"width":250,"height":250},"EF/5250_S2_light2/5250_S2_light2_00008":{"x":4.83,"y":83.48,"width":250,"height":250},"EF/5250_S2_light2/5250_S2_light2_00009":{"x":4.83,"y":83.48,"width":250,"height":250},"EF/5250_S2_light2/5250_S2_light2_00010":{"x":4.83,"y":83.48,"width":250,"height":250},"EF/5250_S2_light2/5250_S2_light2_00011":{"x":4.83,"y":83.48,"width":250,"height":250},"EF/5250_S2_light2/5250_S2_light2_00012":{"x":4.83,"y":83.48,"width":250,"height":250},"EF/5250_S2_light2/5250_S2_light2_00013":{"x":4.83,"y":83.48,"width":250,"height":250},"EF/5250_S2_light2/5250_S2_light2_00014":{"x":4.83,"y":83.48,"width":250,"height":250},"EF/5250_S2_light2/5250_S2_light2_00015":{"x":4.83,"y":83.48,"width":250,"height":250},"EF/5250_S2_light2/5250_S2_light2_00016":{"x":4.83,"y":83.48,"width":250,"height":250},"EF/5250_S2_light2/5250_S2_light2_00017":{"x":4.83,"y":83.48,"width":250,"height":250},"EF/5250_S2_light2/5250_S2_light2_00018":{"x":4.83,"y":83.48,"width":250,"height":250},"EF/5250_S2_light2/5250_S2_light2_00019":{"x":4.83,"y":83.48,"width":250,"height":250},"EF/5250_S2_light2/5250_S2_light2_00020":{"x":4.83,"y":83.48,"width":250,"height":250}},"EF_light1_2":{"EF/5250_S2_light2/5250_S2_light2_00001":{"x":4.83,"y":83.48,"width":250,"height":250},"EF/5250_S2_light2/5250_S2_light2_00002":{"x":4.83,"y":83.48,"width":250,"height":250},"EF/5250_S2_light2/5250_S2_light2_00003":{"x":4.83,"y":83.48,"width":250,"height":250},"EF/5250_S2_light2/5250_S2_light2_00004":{"x":4.83,"y":83.48,"width":250,"height":250},"EF/5250_S2_light2/5250_S2_light2_00005":{"x":4.83,"y":83.48,"width":250,"height":250},"EF/5250_S2_light2/5250_S2_light2_00006":{"x":4.83,"y":83.48,"width":250,"height":250},"EF/5250_S2_light2/5250_S2_light2_00007":{"x":4.83,"y":83.48,"width":250,"height":250},"EF/5250_S2_light2/5250_S2_light2_00008":{"x":4.83,"y":83.48,"width":250,"height":250},"EF/5250_S2_light2/5250_S2_light2_00009":{"x":4.83,"y":83.48,"width":250,"height":250},"EF/5250_S2_light2/5250_S2_light2_00010":{"x":4.83,"y":83.48,"width":250,"height":250},"EF/5250_S2_light2/5250_S2_light2_00011":{"x":4.83,"y":83.48,"width":250,"height":250},"EF/5250_S2_light2/5250_S2_light2_00012":{"x":4.83,"y":83.48,"width":250,"height":250},"EF/5250_S2_light2/5250_S2_light2_00013":{"x":4.83,"y":83.48,"width":250,"height":250},"EF/5250_S2_light2/5250_S2_light2_00014":{"x":4.83,"y":83.48,"width":250,"height":250},"EF/5250_S2_light2/5250_S2_light2_00015":{"x":4.83,"y":83.48,"width":250,"height":250},"EF/5250_S2_light2/5250_S2_light2_00016":{"x":4.83,"y":83.48,"width":250,"height":250},"EF/5250_S2_light2/5250_S2_light2_00017":{"x":4.83,"y":83.48,"width":250,"height":250},"EF/5250_S2_light2/5250_S2_light2_00018":{"x":4.83,"y":83.48,"width":250,"height":250},"EF/5250_S2_light2/5250_S2_light2_00019":{"x":4.83,"y":83.48,"width":250,"height":250},"EF/5250_S2_light2/5250_S2_light2_00020":{"x":4.83,"y":83.48,"width":250,"height":250}},"EF_light2_1":{"EF/5250_S2_light1/5250_S2_light1_00003":{"width":250,"height":250}},"EF_line1_1":{"EF/5250_S2_line1/5250_S2_line1_00006":{"x":-3.66,"width":250,"height":250}},"EF_line1_2":{"EF/5250_S2_line1/5250_S2_line1_00006":{"x":-3.66,"width":250,"height":250}},"EF_line1_3":{"EF/5250_S2_line1/5250_S2_line1_00006":{"x":-3.66,"width":250,"height":250}},"EF_line2_1":{"EF/5250_S2_line2/5250_S2_line2_00006":{"x":-5.29,"width":250,"height":250}},"EF_line2_2":{"EF/5250_S2_line2/5250_S2_line2_00006":{"x":-5.29,"width":250,"height":250}},"EF_line2_3":{"EF/5250_S2_line2/5250_S2_line2_00006":{"x":-5.29,"width":250,"height":250}},"EF_power1_1":{"EF/5250_S2_power2/5250_S2_power2_00003":{"width":250,"height":250},"EF/5250_S2_power2/5250_S2_power2_00004":{"width":250,"height":250},"EF/5250_S2_power2/5250_S2_power2_00005":{"width":250,"height":250},"EF/5250_S2_power2/5250_S2_power2_00006":{"width":250,"height":250},"EF/5250_S2_power2/5250_S2_power2_00007":{"width":250,"height":250},"EF/5250_S2_power2/5250_S2_power2_00008":{"width":250,"height":250}},"EF_wave1_1":{"EF/5250_S1_wave1/5250_S1_wave1_00000":{"y":7.67,"width":250,"height":250},"EF/5250_S1_wave1/5250_S1_wave1_00001":{"y":7.67,"width":250,"height":250},"EF/5250_S1_wave1/5250_S1_wave1_00002":{"y":7.67,"width":250,"height":250},"EF/5250_S1_wave1/5250_S1_wave1_00003":{"y":7.67,"width":250,"height":250},"EF/5250_S1_wave1/5250_S1_wave1_00004":{"y":7.67,"width":250,"height":250},"EF/5250_S1_wave1/5250_S1_wave1_00005":{"y":7.67,"width":250,"height":250},"EF/5250_S1_wave1/5250_S1_wave1_00006":{"y":7.67,"width":250,"height":250},"EF/5250_S1_wave1/5250_S1_wave1_00007":{"y":7.67,"width":250,"height":250},"EF/5250_S1_wave1/5250_S1_wave1_00008":{"y":7.67,"width":250,"height":250},"EF/5250_S1_wave1/5250_S1_wave1_00009":{"y":7.67,"width":250,"height":250}},"EF_wave1_2":{"EF/5250_S1_wave1/5250_S1_wave1_00000":{"y":7.67,"width":250,"height":250},"EF/5250_S1_wave1/5250_S1_wave1_00001":{"y":7.67,"width":250,"height":250},"EF/5250_S1_wave1/5250_S1_wave1_00002":{"y":7.67,"width":250,"height":250},"EF/5250_S1_wave1/5250_S1_wave1_00003":{"y":7.67,"width":250,"height":250},"EF/5250_S1_wave1/5250_S1_wave1_00004":{"y":7.67,"width":250,"height":250},"EF/5250_S1_wave1/5250_S1_wave1_00005":{"y":7.67,"width":250,"height":250},"EF/5250_S1_wave1/5250_S1_wave1_00006":{"y":7.67,"width":250,"height":250},"EF/5250_S1_wave1/5250_S1_wave1_00007":{"y":7.67,"width":250,"height":250},"EF/5250_S1_wave1/5250_S1_wave1_00008":{"y":7.67,"width":250,"height":250},"EF/5250_S1_wave1/5250_S1_wave1_00009":{"y":7.67,"width":250,"height":250}},"EF_wave1_3":{"EF/5250_S1_wave1/5250_S1_wave1_00000":{"y":7.67,"width":250,"height":250},"EF/5250_S1_wave1/5250_S1_wave1_00001":{"y":7.67,"width":250,"height":250},"EF/5250_S1_wave1/5250_S1_wave1_00002":{"y":7.67,"width":250,"height":250},"EF/5250_S1_wave1/5250_S1_wave1_00003":{"y":7.67,"width":250,"height":250},"EF/5250_S1_wave1/5250_S1_wave1_00004":{"y":7.67,"width":250,"height":250},"EF/5250_S1_wave1/5250_S1_wave1_00005":{"y":7.67,"width":250,"height":250},"EF/5250_S1_wave1/5250_S1_wave1_00006":{"y":7.67,"width":250,"height":250},"EF/5250_S1_wave1/5250_S1_wave1_00007":{"y":7.67,"width":250,"height":250},"EF/5250_S1_wave1/5250_S1_wave1_00008":{"y":7.67,"width":250,"height":250},"EF/5250_S1_wave1/5250_S1_wave1_00009":{"y":7.67,"width":250,"height":250}},"EF_wave1_4":{"EF/5250_S1_wave1/5250_S1_wave1_00000":{"y":7.67,"width":250,"height":250},"EF/5250_S1_wave1/5250_S1_wave1_00001":{"y":7.67,"width":250,"height":250},"EF/5250_S1_wave1/5250_S1_wave1_00002":{"y":7.67,"width":250,"height":250},"EF/5250_S1_wave1/5250_S1_wave1_00003":{"y":7.67,"width":250,"height":250},"EF/5250_S1_wave1/5250_S1_wave1_00004":{"y":7.67,"width":250,"height":250},"EF/5250_S1_wave1/5250_S1_wave1_00005":{"y":7.67,"width":250,"height":250},"EF/5250_S1_wave1/5250_S1_wave1_00006":{"y":7.67,"width":250,"height":250},"EF/5250_S1_wave1/5250_S1_wave1_00007":{"y":7.67,"width":250,"height":250},"EF/5250_S1_wave1/5250_S1_wave1_00008":{"y":7.67,"width":250,"height":250},"EF/5250_S1_wave1/5250_S1_wave1_00009":{"y":7.67,"width":250,"height":250}},"EF_wave4_1":{"EF/5250_S2_wave1/5250_S2_wave1_00005":{"y":6.17,"width":250,"height":250},"EF/5250_S2_wave1/5250_S2_wave1_00006":{"y":6.17,"width":250,"height":250},"EF/5250_S2_wave1/5250_S2_wave1_00007":{"y":6.17,"width":250,"height":250},"EF/5250_S2_wave1/5250_S2_wave1_00008":{"y":6.17,"width":250,"height":250},"EF/5250_S2_wave1/5250_S2_wave1_00009":{"y":6.17,"width":250,"height":250},"EF/5250_S2_wave1/5250_S2_wave1_00010":{"y":6.17,"width":250,"height":250}},"EF_wave4_2":{"EF/5250_S2_wave1/5250_S2_wave1_00005":{"y":6.17,"width":250,"height":250},"EF/5250_S2_wave1/5250_S2_wave1_00006":{"y":6.17,"width":250,"height":250},"EF/5250_S2_wave1/5250_S2_wave1_00007":{"y":6.17,"width":250,"height":250},"EF/5250_S2_wave1/5250_S2_wave1_00008":{"y":6.17,"width":250,"height":250},"EF/5250_S2_wave1/5250_S2_wave1_00009":{"y":6.17,"width":250,"height":250},"EF/5250_S2_wave1/5250_S2_wave1_00010":{"y":6.17,"width":250,"height":250}},"EF_wind1_1":{"EF/5250_S2_wind2/5250_S2_wind2_00005":{"width":125,"height":125}},"MAIN":{"5250-idle4_0":{"x":20.79,"y":-5.02,"width":334,"height":205},"5250-idle4_1":{"x":20.79,"y":-5.02,"width":334,"height":205},"5250-idle4_2":{"x":20.79,"y":-5.02,"width":334,"height":205},"5250-idle4_3":{"x":20.79,"y":-5.02,"width":334,"height":205},"5250-idle4_4":{"x":20.79,"y":-5.02,"width":334,"height":205},"5250-idle4_5":{"x":20.79,"y":-5.02,"width":334,"height":205},"attack1_00":{"x":-7,"y":7,"width":500,"height":500},"attack1_01":{"x":-7,"y":7,"width":500,"height":500},"back_00":{"x":-3.99,"y":3,"width":500,"height":500},"damage_00":{"x":-5,"y":7,"width":500,"height":500},"front_00":{"y":7,"width":500,"height":500},"idle_00":{"x":-7,"y":7,"width":500,"height":500},"idle_01":{"x":-7,"y":7,"width":500,"height":500},"idle_02":{"x":-7,"y":7,"width":500,"height":500},"idle_03":{"x":-7,"y":7,"width":500,"height":500},"idle_04":{"x":-7,"y":7,"width":500,"height":500},"skill1_06":{"x":17.29,"y":7,"width":500,"height":500},"skill1_07":{"x":17,"y":7,"width":500,"height":500},"skill1_08":{"x":-7,"y":7,"width":500,"height":500},"skill1_09":{"x":-7,"y":7,"width":500,"height":500},"skill1_10":{"x":-7,"y":7,"width":500,"height":500},"skill1_11":{"x":-7,"y":7,"width":500,"height":500},"skill1_12":{"x":-7,"y":7,"width":500,"height":500},"skill1_13":{"x":-7,"y":7,"width":500,"height":500},"skill1_14":{"x":-7,"y":7,"width":500,"height":500},"skill1_15":{"x":-7,"y":7,"width":500,"height":500},"skill1_16":{"x":-7,"y":7,"width":500,"height":500},"skill1_17":{"x":-7,"y":7,"width":500,"height":500},"skill1_18":{"x":-7,"y":7,"width":500,"height":500},"skill1_19":{"x":-7,"y":7,"width":500,"height":500},"skill2_00":{"x":-7,"y":7,"width":500,"height":500},"skill2_01":{"x":-7,"y":7,"width":500,"height":500},"skill2_02":{"x":-7,"y":7,"width":500,"height":500},"skill2_09":{"x":-7,"y":7,"width":500,"height":500},"skill2_10":{"x":-7,"y":7,"width":500,"height":500},"skill2_11":{"x":-7,"y":7,"width":500,"height":500},"weapon_off_02":{"x":-7,"y":7,"width":500,"height":500},"withstand_00":{"x":-7,"y":7,"width":500,"height":500},"withstand_01":{"x":-7,"y":7,"width":500,"height":500}},"weapon":{"sword":{"x":1.13,"y":32.17,"rotation":47.01,"width":240,"height":240},"sword_side":{"x":-31.23,"y":10.59,"rotation":180,"width":240,"height":240}}}},"events":{"Event":{},"Event2":{},"Hit":{},"Sound":{},"Sound1":{},"Sound2":{},"View":{},"Voice":{}},"animations":{"back":{"slots":{"MAIN":{"attachment":[{"time":0,"name":"back_00"},{"time":0.2666,"name":"idle_02"},{"time":0.4333,"name":"idle_03"},{"time":0.6,"name":"idle_00"}]}},"bones":{"MAIN":{"translate":[{"time":0,"x":0,"y":0,"curve":[0.23,0.31,0.604,0.68]},{"time":0.1333,"x":78.69,"y":13,"curve":[0.366,0.56,0.758,1]},{"time":0.3,"x":130,"y":0},{"time":0.4666,"x":140,"y":0}]}},"events":[{"time":0,"name":"Sound","string":"cri_se_battle_step_kari"}]},"damage":{"slots":{"MAIN":{"attachment":[{"time":0,"name":"damage_00"}]}}},"front":{"slots":{"MAIN":{"attachment":[{"time":0,"name":"front_00"}]}}},"idle":{"slots":{"MAIN":{"attachment":[{"time":0,"name":"idle_00"},{"time":0.2,"name":"idle_01"},{"time":0.4,"name":"idle_02"},{"time":0.6,"name":"idle_03"},{"time":0.8,"name":"idle_04"},{"time":1,"name":"idle_00"}]}},"bones":{"MAIN":{"translate":[{"time":0,"x":0,"y":0,"curve":"stepped"},{"time":1,"x":0,"y":0}]}}},"idle2":{"slots":{"MAIN":{"attachment":[{"time":0,"name":"5250-idle4_0"},{"time":0.2,"name":"5250-idle4_1"},{"time":0.4,"name":"5250-idle4_2"},{"time":0.6,"name":"5250-idle4_3"},{"time":0.8,"name":"5250-idle4_4"},{"time":1,"name":"5250-idle4_5"}]}}},"pose":{"slots":{"MAIN":{"attachment":[{"time":0,"name":"skill2_00"},{"time":0.0666,"name":"skill2_01"},{"time":0.1333,"name":"skill2_02"},{"time":0.2,"name":"skill2_00"}]}}},"repell":{"slots":{"MAIN":{"attachment":[{"time":0,"name":"attack1_00"},{"time":0.0666,"name":"attack1_01"},{"time":0.1333,"name":"withstand_00"},{"time":0.1666,"name":"withstand_01"},{"time":0.2333,"name":"withstand_00"},{"time":0.3,"name":"withstand_01"},{"time":0.3666,"name":"withstand_00"},{"time":0.4333,"name":"withstand_01"},{"time":0.5,"name":"5250-idle4_0"}]},"weapon":{"attachment":[{"time":0.1333,"name":"sword"}],"color":[{"time":0.1333,"color":"ffffffff","curve":[0.13,0.45,0.75,1]},{"time":0.3333,"color":"ffffff00"}]}},"bones":{"MAIN":{"translate":[{"time":0.1,"x":0,"y":0},{"time":0.1333,"x":26.92,"y":0},{"time":0.1666,"x":0,"y":0},{"time":0.2,"x":26.92,"y":0},{"time":0.2333,"x":0,"y":0,"curve":"stepped"},{"time":0.5,"x":0,"y":0}]},"weapon":{"rotate":[{"time":0.1333,"angle":-40.22,"curve":[0.079,0.82,0.279,1]},{"time":0.2333,"angle":-125.78,"curve":[0.079,0.82,0.279,1]},{"time":0.4666,"angle":-140.16}],"translate":[{"time":0.1333,"x":-49.78,"y":21.51,"curve":[0.061,0.84,0.202,0.96]},{"time":0.4666,"x":73.59,"y":14.12}]}}},"skill2":{"slots":{"EF_ex1_1":{"attachment":[{"time":3.6666,"name":"EF/5250_S1_ex1/5250_S1_ex1_00000"},{"time":3.7,"name":"EF/5250_S1_ex1/5250_S1_ex1_00001"},{"time":3.7333,"name":"EF/5250_S1_ex1/5250_S1_ex1_00002"},{"time":3.7666,"name":"EF/5250_S1_ex1/5250_S1_ex1_00003"},{"time":3.8,"name":"EF/5250_S1_ex1/5250_S1_ex1_00004"},{"time":3.8333,"name":"EF/5250_S1_ex1/5250_S1_ex1_00005"},{"time":3.8666,"name":"EF/5250_S1_ex1/5250_S1_ex1_00006"},{"time":3.9,"name":"EF/5250_S1_ex1/5250_S1_ex1_00007"},{"time":3.9333,"name":"EF/5250_S1_ex1/5250_S1_ex1_00008"},{"time":3.9666,"name":"EF/5250_S1_ex1/5250_S1_ex1_00009"},{"time":4,"name":"EF/5250_S1_ex1/5250_S1_ex1_00010"},{"time":4.0333,"name":"EF/5250_S1_ex1/5250_S1_ex1_00011"},{"time":4.0666,"name":"EF/5250_S1_ex1/5250_S1_ex1_00012"},{"time":4.1,"name":"EF/5250_S1_ex1/5250_S1_ex1_00013"},{"time":4.1333,"name":"EF/5250_S1_ex1/5250_S1_ex1_00014"},{"time":4.1666,"name":null}]},"EF_ex1_2":{"attachment":[{"time":3.7,"name":"EF/5250_S1_ex1/5250_S1_ex1_00000"},{"time":3.7333,"name":"EF/5250_S1_ex1/5250_S1_ex1_00001"},{"time":3.7666,"name":"EF/5250_S1_ex1/5250_S1_ex1_00002"},{"time":3.8,"name":"EF/5250_S1_ex1/5250_S1_ex1_00003"},{"time":3.8333,"name":"EF/5250_S1_ex1/5250_S1_ex1_00004"},{"time":3.8666,"name":"EF/5250_S1_ex1/5250_S1_ex1_00005"},{"time":3.9,"name":"EF/5250_S1_ex1/5250_S1_ex1_00006"},{"time":3.9333,"name":"EF/5250_S1_ex1/5250_S1_ex1_00007"},{"time":3.9666,"name":"EF/5250_S1_ex1/5250_S1_ex1_00008"},{"time":4,"name":"EF/5250_S1_ex1/5250_S1_ex1_00009"},{"time":4.0333,"name":"EF/5250_S1_ex1/5250_S1_ex1_00010"},{"time":4.0666,"name":"EF/5250_S1_ex1/5250_S1_ex1_00011"},{"time":4.1,"name":"EF/5250_S1_ex1/5250_S1_ex1_00012"},{"time":4.1333,"name":"EF/5250_S1_ex1/5250_S1_ex1_00013"},{"time":4.1666,"name":"EF/5250_S1_ex1/5250_S1_ex1_00014"},{"time":4.2,"name":null}]},"EF_ex1_3":{"attachment":[{"time":3.7333,"name":"EF/5250_S1_ex1/5250_S1_ex1_00000"},{"time":3.7666,"name":"EF/5250_S1_ex1/5250_S1_ex1_00001"},{"time":3.8,"name":"EF/5250_S1_ex1/5250_S1_ex1_00002"},{"time":3.8333,"name":"EF/5250_S1_ex1/5250_S1_ex1_00003"},{"time":3.8666,"name":"EF/5250_S1_ex1/5250_S1_ex1_00004"},{"time":3.9,"name":"EF/5250_S1_ex1/5250_S1_ex1_00005"},{"time":3.9333,"name":"EF/5250_S1_ex1/5250_S1_ex1_00006"},{"time":3.9666,"name":"EF/5250_S1_ex1/5250_S1_ex1_00007"},{"time":4,"name":"EF/5250_S1_ex1/5250_S1_ex1_00008"},{"time":4.0333,"name":"EF/5250_S1_ex1/5250_S1_ex1_00009"},{"time":4.0666,"name":"EF/5250_S1_ex1/5250_S1_ex1_00010"},{"time":4.1,"name":"EF/5250_S1_ex1/5250_S1_ex1_00011"},{"time":4.1333,"name":"EF/5250_S1_ex1/5250_S1_ex1_00012"},{"time":4.1666,"name":"EF/5250_S1_ex1/5250_S1_ex1_00013"},{"time":4.2,"name":"EF/5250_S1_ex1/5250_S1_ex1_00014"},{"time":4.2333,"name":null}]},"EF_light1_1":{"attachment":[{"time":1.8666,"name":"EF/5250_S2_light2/5250_S2_light2_00001"},{"time":1.9,"name":"EF/5250_S2_light2/5250_S2_light2_00002"},{"time":1.9666,"name":"EF/5250_S2_light2/5250_S2_light2_00003"},{"time":2.0333,"name":"EF/5250_S2_light2/5250_S2_light2_00004"},{"time":2.1,"name":"EF/5250_S2_light2/5250_S2_light2_00005"},{"time":2.1666,"name":"EF/5250_S2_light2/5250_S2_light2_00006"},{"time":2.2333,"name":"EF/5250_S2_light2/5250_S2_light2_00007"},{"time":2.3,"name":"EF/5250_S2_light2/5250_S2_light2_00008"},{"time":2.3666,"name":"EF/5250_S2_light2/5250_S2_light2_00009"},{"time":2.4333,"name":"EF/5250_S2_light2/5250_S2_light2_00010"},{"time":2.5,"name":"EF/5250_S2_light2/5250_S2_light2_00011"},{"time":2.5666,"name":"EF/5250_S2_light2/5250_S2_light2_00012"},{"time":2.6333,"name":"EF/5250_S2_light2/5250_S2_light2_00013"},{"time":2.7,"name":"EF/5250_S2_light2/5250_S2_light2_00014"},{"time":2.7666,"name":"EF/5250_S2_light2/5250_S2_light2_00015"},{"time":2.8333,"name":"EF/5250_S2_light2/5250_S2_light2_00016"},{"time":2.9,"name":"EF/5250_S2_light2/5250_S2_light2_00017"},{"time":2.9666,"name":"EF/5250_S2_light2/5250_S2_light2_00018"},{"time":3.0333,"name":"EF/5250_S2_light2/5250_S2_light2_00019"},{"time":3.1,"name":"EF/5250_S2_light2/5250_S2_light2_00020"},{"time":3.2666,"name":null},{"time":3.3,"name":"EF/5250_S2_light2/5250_S2_light2_00001"},{"time":3.3333,"name":"EF/5250_S2_light2/5250_S2_light2_00003"},{"time":3.3666,"name":"EF/5250_S2_light2/5250_S2_light2_00005"},{"time":3.4,"name":"EF/5250_S2_light2/5250_S2_light2_00007"},{"time":3.4333,"name":"EF/5250_S2_light2/5250_S2_light2_00009"},{"time":3.4666,"name":"EF/5250_S2_light2/5250_S2_light2_00011"},{"time":3.5,"name":"EF/5250_S2_light2/5250_S2_light2_00013"},{"time":3.5333,"name":"EF/5250_S2_light2/5250_S2_light2_00015"},{"time":3.5666,"name":"EF/5250_S2_light2/5250_S2_light2_00017"},{"time":3.6,"name":"EF/5250_S2_light2/5250_S2_light2_00019"},{"time":3.6333,"name":null}],"color":[{"time":3.0666,"color":"ffffffff"},{"time":3.2666,"color":"ffffff00","curve":"stepped"},{"time":3.3,"color":"ffffffff"}]},"EF_light1_2":{"attachment":[{"time":2.3333,"name":"EF/5250_S2_light2/5250_S2_light2_00001"},{"time":2.3666,"name":"EF/5250_S2_light2/5250_S2_light2_00002"},{"time":2.4333,"name":"EF/5250_S2_light2/5250_S2_light2_00003"},{"time":2.5,"name":"EF/5250_S2_light2/5250_S2_light2_00004"},{"time":2.5666,"name":"EF/5250_S2_light2/5250_S2_light2_00005"},{"time":2.6333,"name":"EF/5250_S2_light2/5250_S2_light2_00006"},{"time":2.7,"name":"EF/5250_S2_light2/5250_S2_light2_00007"},{"time":2.7666,"name":"EF/5250_S2_light2/5250_S2_light2_00008"},{"time":2.8333,"name":"EF/5250_S2_light2/5250_S2_light2_00009"},{"time":2.9,"name":"EF/5250_S2_light2/5250_S2_light2_00010"},{"time":2.9666,"name":"EF/5250_S2_light2/5250_S2_light2_00011"},{"time":3.0333,"name":"EF/5250_S2_light2/5250_S2_light2_00012"},{"time":3.1,"name":"EF/5250_S2_light2/5250_S2_light2_00013"},{"time":3.1666,"name":"EF/5250_S2_light2/5250_S2_light2_00014"},{"time":3.2333,"name":"EF/5250_S2_light2/5250_S2_light2_00015"},{"time":3.3,"name":"EF/5250_S2_light2/5250_S2_light2_00016"},{"time":3.3666,"name":"EF/5250_S2_light2/5250_S2_light2_00017"},{"time":3.4333,"name":"EF/5250_S2_light2/5250_S2_light2_00018"},{"time":3.5,"name":"EF/5250_S2_light2/5250_S2_light2_00019"},{"time":3.5666,"name":"EF/5250_S2_light2/5250_S2_light2_00020"},{"time":3.7666,"name":null}],"color":[{"time":3.5333,"color":"ffffffff"},{"time":3.7666,"color":"ffffff00"}]},"EF_light2_1":{"attachment":[{"time":3.6333,"name":"EF/5250_S2_light1/5250_S2_light1_00003"}],"color":[{"time":3.7333,"color":"ffffffff"},{"time":3.8333,"color":"ffffff00"}]},"EF_line1_1":{"attachment":[{"time":1.9666,"name":"EF/5250_S2_line1/5250_S2_line1_00006"},{"time":2.0666,"name":null},{"time":2.1666,"name":"EF/5250_S2_line1/5250_S2_line1_00006"},{"time":2.2666,"name":null},{"time":2.3666,"name":"EF/5250_S2_line1/5250_S2_line1_00006"},{"time":2.4666,"name":null},{"time":2.5666,"name":"EF/5250_S2_line1/5250_S2_line1_00006"},{"time":2.6666,"name":null},{"time":2.7666,"name":"EF/5250_S2_line1/5250_S2_line1_00006"},{"time":2.8666,"name":null},{"time":2.9666,"name":"EF/5250_S2_line1/5250_S2_line1_00006"},{"time":3.0666,"name":null},{"time":3.1666,"name":"EF/5250_S2_line1/5250_S2_line1_00006"},{"time":3.2666,"name":null},{"time":3.3666,"name":"EF/5250_S2_line1/5250_S2_line1_00006"},{"time":3.4666,"name":null},{"time":3.5666,"name":"EF/5250_S2_line1/5250_S2_line1_00006"},{"time":3.6666,"name":null}]},"EF_line1_2":{"attachment":[{"time":2.0333,"name":"EF/5250_S2_line1/5250_S2_line1_00006"},{"time":2.1333,"name":null},{"time":2.2333,"name":"EF/5250_S2_line1/5250_S2_line1_00006"},{"time":2.3333,"name":null},{"time":2.4333,"name":"EF/5250_S2_line1/5250_S2_line1_00006"},{"time":2.5333,"name":null},{"time":2.6333,"name":"EF/5250_S2_line1/5250_S2_line1_00006"},{"time":2.7333,"name":null},{"time":2.8333,"name":"EF/5250_S2_line1/5250_S2_line1_00006"},{"time":2.9333,"name":null},{"time":3.0333,"name":"EF/5250_S2_line1/5250_S2_line1_00006"},{"time":3.1333,"name":null},{"time":3.2333,"name":"EF/5250_S2_line1/5250_S2_line1_00006"},{"time":3.3333,"name":null},{"time":3.4333,"name":"EF/5250_S2_line1/5250_S2_line1_00006"},{"time":3.5333,"name":null},{"time":3.6333,"name":"EF/5250_S2_line1/5250_S2_line1_00006"},{"time":3.7333,"name":null}]},"EF_line1_3":{"attachment":[{"time":2.1,"name":"EF/5250_S2_line1/5250_S2_line1_00006"},{"time":2.2,"name":null},{"time":2.3,"name":"EF/5250_S2_line1/5250_S2_line1_00006"},{"time":2.4,"name":null},{"time":2.5,"name":"EF/5250_S2_line1/5250_S2_line1_00006"},{"time":2.6,"name":null},{"time":2.7,"name":"EF/5250_S2_line1/5250_S2_line1_00006"},{"time":2.8,"name":null},{"time":2.9,"name":"EF/5250_S2_line1/5250_S2_line1_00006"},{"time":3,"name":null},{"time":3.1,"name":"EF/5250_S2_line1/5250_S2_line1_00006"},{"time":3.2,"name":null},{"time":3.3,"name":"EF/5250_S2_line1/5250_S2_line1_00006"},{"time":3.4,"name":null},{"time":3.5,"name":"EF/5250_S2_line1/5250_S2_line1_00006"},{"time":3.6,"name":null}]},"EF_line2_1":{"attachment":[{"time":2,"name":"EF/5250_S2_line2/5250_S2_line2_00006"},{"time":2.0666,"name":null},{"time":2.1666,"name":"EF/5250_S2_line2/5250_S2_line2_00006"},{"time":2.2333,"name":null},{"time":2.3333,"name":"EF/5250_S2_line2/5250_S2_line2_00006"},{"time":2.4,"name":null},{"time":2.5,"name":"EF/5250_S2_line2/5250_S2_line2_00006"},{"time":2.5666,"name":null},{"time":2.6666,"name":"EF/5250_S2_line2/5250_S2_line2_00006"},{"time":2.7333,"name":null},{"time":2.8333,"name":"EF/5250_S2_line2/5250_S2_line2_00006"},{"time":2.9,"name":null},{"time":3,"name":"EF/5250_S2_line2/5250_S2_line2_00006"},{"time":3.0666,"name":null},{"time":3.1666,"name":"EF/5250_S2_line2/5250_S2_line2_00006"},{"time":3.2333,"name":null},{"time":3.3333,"name":"EF/5250_S2_line2/5250_S2_line2_00006"},{"time":3.4,"name":null},{"time":3.5,"name":"EF/5250_S2_line2/5250_S2_line2_00006"},{"time":3.5666,"name":null}]},"EF_line2_2":{"attachment":[{"time":2.0666,"name":"EF/5250_S2_line2/5250_S2_line2_00006"},{"time":2.1333,"name":null},{"time":2.2333,"name":"EF/5250_S2_line2/5250_S2_line2_00006"},{"time":2.3,"name":null},{"time":2.4,"name":"EF/5250_S2_line2/5250_S2_line2_00006"},{"time":2.4666,"name":null},{"time":2.5666,"name":"EF/5250_S2_line2/5250_S2_line2_00006"},{"time":2.6333,"name":null},{"time":2.7333,"name":"EF/5250_S2_line2/5250_S2_line2_00006"},{"time":2.8,"name":null},{"time":2.9,"name":"EF/5250_S2_line2/5250_S2_line2_00006"},{"time":2.9666,"name":null},{"time":3.0666,"name":"EF/5250_S2_line2/5250_S2_line2_00006"},{"time":3.1333,"name":null},{"time":3.2333,"name":"EF/5250_S2_line2/5250_S2_line2_00006"},{"time":3.3,"name":null},{"time":3.4,"name":"EF/5250_S2_line2/5250_S2_line2_00006"},{"time":3.4666,"name":null},{"time":3.5666,"name":"EF/5250_S2_line2/5250_S2_line2_00006"},{"time":3.6333,"name":null}]},"EF_line2_3":{"attachment":[{"time":2.1333,"name":"EF/5250_S2_line2/5250_S2_line2_00006"},{"time":2.2,"name":null},{"time":2.3,"name":"EF/5250_S2_line2/5250_S2_line2_00006"},{"time":2.3666,"name":null},{"time":2.4666,"name":"EF/5250_S2_line2/5250_S2_line2_00006"},{"time":2.5333,"name":null},{"time":2.6333,"name":"EF/5250_S2_line2/5250_S2_line2_00006"},{"time":2.7,"name":null},{"time":2.8,"name":"EF/5250_S2_line2/5250_S2_line2_00006"},{"time":2.8666,"name":null},{"time":2.9666,"name":"EF/5250_S2_line2/5250_S2_line2_00006"},{"time":3.0333,"name":null},{"time":3.1333,"name":"EF/5250_S2_line2/5250_S2_line2_00006"},{"time":3.2,"name":null},{"time":3.3,"name":"EF/5250_S2_line2/5250_S2_line2_00006"},{"time":3.3666,"name":null},{"time":3.4666,"name":"EF/5250_S2_line2/5250_S2_line2_00006"},{"time":3.5333,"name":null},{"time":3.6333,"name":"EF/5250_S2_line2/5250_S2_line2_00006"},{"time":3.7,"name":null}]},"EF_power1_1":{"attachment":[{"time":1.7666,"name":"EF/5250_S2_power2/5250_S2_power2_00003"},{"time":1.8,"name":"EF/5250_S2_power2/5250_S2_power2_00004"},{"time":1.8333,"name":"EF/5250_S2_power2/5250_S2_power2_00005"},{"time":1.8666,"name":"EF/5250_S2_power2/5250_S2_power2_00006"},{"time":1.9,"name":"EF/5250_S2_power2/5250_S2_power2_00007"},{"time":1.9333,"name":"EF/5250_S2_power2/5250_S2_power2_00008"},{"time":1.9666,"name":null}]},"EF_wave1_1":{"attachment":[{"time":0.1,"name":"EF/5250_S1_wave1/5250_S1_wave1_00000"},{"time":0.1333,"name":"EF/5250_S1_wave1/5250_S1_wave1_00001"},{"time":0.1666,"name":"EF/5250_S1_wave1/5250_S1_wave1_00002"},{"time":0.2,"name":"EF/5250_S1_wave1/5250_S1_wave1_00003"},{"time":0.2333,"name":"EF/5250_S1_wave1/5250_S1_wave1_00004"},{"time":0.2666,"name":"EF/5250_S1_wave1/5250_S1_wave1_00005"},{"time":0.3,"name":"EF/5250_S1_wave1/5250_S1_wave1_00006"},{"time":0.3333,"name":"EF/5250_S1_wave1/5250_S1_wave1_00007"},{"time":0.3666,"name":"EF/5250_S1_wave1/5250_S1_wave1_00008"},{"time":0.4,"name":"EF/5250_S1_wave1/5250_S1_wave1_00009"},{"time":0.4333,"name":null},{"time":3.6666,"name":"EF/5250_S1_wave1/5250_S1_wave1_00000"},{"time":3.7,"name":"EF/5250_S1_wave1/5250_S1_wave1_00001"},{"time":3.7333,"name":"EF/5250_S1_wave1/5250_S1_wave1_00002"},{"time":3.7666,"name":"EF/5250_S1_wave1/5250_S1_wave1_00003"},{"time":3.8,"name":"EF/5250_S1_wave1/5250_S1_wave1_00004"},{"time":3.8333,"name":"EF/5250_S1_wave1/5250_S1_wave1_00005"},{"time":3.8666,"name":"EF/5250_S1_wave1/5250_S1_wave1_00006"},{"time":3.9,"name":"EF/5250_S1_wave1/5250_S1_wave1_00007"},{"time":3.9333,"name":"EF/5250_S1_wave1/5250_S1_wave1_00008"},{"time":3.9666,"name":"EF/5250_S1_wave1/5250_S1_wave1_00009"},{"time":4,"name":null}]},"EF_wave1_2":{"attachment":[{"time":3.7333,"name":"EF/5250_S1_wave1/5250_S1_wave1_00000"},{"time":3.7666,"name":"EF/5250_S1_wave1/5250_S1_wave1_00001"},{"time":3.8,"name":"EF/5250_S1_wave1/5250_S1_wave1_00002"},{"time":3.8333,"name":"EF/5250_S1_wave1/5250_S1_wave1_00003"},{"time":3.8666,"name":"EF/5250_S1_wave1/5250_S1_wave1_00004"},{"time":3.9,"name":"EF/5250_S1_wave1/5250_S1_wave1_00005"},{"time":3.9333,"name":"EF/5250_S1_wave1/5250_S1_wave1_00006"},{"time":3.9666,"name":"EF/5250_S1_wave1/5250_S1_wave1_00007"},{"time":4,"name":"EF/5250_S1_wave1/5250_S1_wave1_00008"},{"time":4.0333,"name":"EF/5250_S1_wave1/5250_S1_wave1_00009"},{"time":4.0666,"name":null}]},"EF_wave1_3":{"attachment":[{"time":3.8,"name":"EF/5250_S1_wave1/5250_S1_wave1_00000"},{"time":3.8333,"name":"EF/5250_S1_wave1/5250_S1_wave1_00001"},{"time":3.8666,"name":"EF/5250_S1_wave1/5250_S1_wave1_00002"},{"time":3.9,"name":"EF/5250_S1_wave1/5250_S1_wave1_00003"},{"time":3.9333,"name":"EF/5250_S1_wave1/5250_S1_wave1_00004"},{"time":3.9666,"name":"EF/5250_S1_wave1/5250_S1_wave1_00005"},{"time":4,"name":"EF/5250_S1_wave1/5250_S1_wave1_00006"},{"time":4.0333,"name":"EF/5250_S1_wave1/5250_S1_wave1_00007"},{"time":4.0666,"name":"EF/5250_S1_wave1/5250_S1_wave1_00008"},{"time":4.1,"name":"EF/5250_S1_wave1/5250_S1_wave1_00009"},{"time":4.1333,"name":null}]},"EF_wave1_4":{"attachment":[{"time":3.8666,"name":"EF/5250_S1_wave1/5250_S1_wave1_00000"},{"time":3.9,"name":"EF/5250_S1_wave1/5250_S1_wave1_00001"},{"time":3.9333,"name":"EF/5250_S1_wave1/5250_S1_wave1_00002"},{"time":3.9666,"name":"EF/5250_S1_wave1/5250_S1_wave1_00003"},{"time":4,"name":"EF/5250_S1_wave1/5250_S1_wave1_00004"},{"time":4.0333,"name":"EF/5250_S1_wave1/5250_S1_wave1_00005"},{"time":4.0666,"name":"EF/5250_S1_wave1/5250_S1_wave1_00006"},{"time":4.1,"name":"EF/5250_S1_wave1/5250_S1_wave1_00007"},{"time":4.1333,"name":"EF/5250_S1_wave1/5250_S1_wave1_00008"},{"time":4.1666,"name":"EF/5250_S1_wave1/5250_S1_wave1_00009"},{"time":4.2,"name":null}]},"EF_wave4_1":{"attachment":[{"time":1.8,"name":"EF/5250_S2_wave1/5250_S2_wave1_00005"},{"time":1.8333,"name":"EF/5250_S2_wave1/5250_S2_wave1_00006"},{"time":1.8666,"name":"EF/5250_S2_wave1/5250_S2_wave1_00007"},{"time":1.9,"name":"EF/5250_S2_wave1/5250_S2_wave1_00008"},{"time":1.9333,"name":"EF/5250_S2_wave1/5250_S2_wave1_00009"},{"time":1.9666,"name":"EF/5250_S2_wave1/5250_S2_wave1_00010"},{"time":2,"name":null}],"color":[{"time":1.9333,"color":"ffffffff"},{"time":2,"color":"ffffff00"}]},"EF_wave4_2":{"attachment":[{"time":1.8,"name":"EF/5250_S2_wave1/5250_S2_wave1_00005"},{"time":1.8333,"name":"EF/5250_S2_wave1/5250_S2_wave1_00006"},{"time":1.8666,"name":"EF/5250_S2_wave1/5250_S2_wave1_00007"},{"time":1.9,"name":"EF/5250_S2_wave1/5250_S2_wave1_00008"},{"time":1.9333,"name":"EF/5250_S2_wave1/5250_S2_wave1_00009"},{"time":1.9666,"name":"EF/5250_S2_wave1/5250_S2_wave1_00010"},{"time":2,"name":null}],"color":[{"time":1.9333,"color":"ffffffff"},{"time":2,"color":"ffffff00"}]},"EF_wind1_1":{"attachment":[{"time":1.8666,"name":"EF/5250_S2_wind2/5250_S2_wind2_00005"},{"time":1.9666,"name":null},{"time":2.0333,"name":"EF/5250_S2_wind2/5250_S2_wind2_00005"},{"time":2.1333,"name":null},{"time":2.1666,"name":"EF/5250_S2_wind2/5250_S2_wind2_00005"},{"time":2.2666,"name":null},{"time":2.3,"name":"EF/5250_S2_wind2/5250_S2_wind2_00005"},{"time":2.4,"name":null},{"time":2.4333,"name":"EF/5250_S2_wind2/5250_S2_wind2_00005"},{"time":2.5333,"name":null},{"time":2.5666,"name":"EF/5250_S2_wind2/5250_S2_wind2_00005"},{"time":2.6666,"name":null},{"time":2.7,"name":"EF/5250_S2_wind2/5250_S2_wind2_00005"},{"time":2.8,"name":null},{"time":2.8333,"name":"EF/5250_S2_wind2/5250_S2_wind2_00005"},{"time":2.9333,"name":null},{"time":2.9666,"name":"EF/5250_S2_wind2/5250_S2_wind2_00005"},{"time":3.0666,"name":null},{"time":3.1,"name":"EF/5250_S2_wind2/5250_S2_wind2_00005"},{"time":3.2,"name":null},{"time":3.2333,"name":"EF/5250_S2_wind2/5250_S2_wind2_00005"},{"time":3.3333,"name":null},{"time":3.3666,"name":"EF/5250_S2_wind2/5250_S2_wind2_00005"},{"time":3.4666,"name":null},{"time":3.5,"name":"EF/5250_S2_wind2/5250_S2_wind2_00005"},{"time":3.6,"name":null},{"time":3.6333,"name":"EF/5250_S2_wind2/5250_S2_wind2_00005"},{"time":3.7333,"name":null},{"time":3.7666,"name":"EF/5250_S2_wind2/5250_S2_wind2_00005"},{"time":3.8666,"name":null}]},"MAIN":{"attachment":[{"time":0,"name":"skill1_06"},{"time":0.0666,"name":"skill1_07"},{"time":0.1333,"name":"skill1_08"},{"time":0.7,"name":"skill1_09"},{"time":0.9333,"name":"skill1_10"},{"time":1.8666,"name":"skill2_09"},{"time":1.9,"name":"skill2_10"},{"time":1.9333,"name":"skill2_11"},{"time":1.9666,"name":"skill2_09"},{"time":2,"name":"skill2_10"},{"time":2.0333,"name":"skill2_11"},{"time":2.0666,"name":"skill2_09"},{"time":2.1,"name":"skill2_10"},{"time":2.1333,"name":"skill2_11"},{"time":2.1666,"name":"skill2_09"},{"time":2.2,"name":"skill2_10"},{"time":2.2333,"name":"skill2_11"},{"time":2.2666,"name":"skill2_09"},{"time":2.3,"name":"skill2_10"},{"time":2.3333,"name":"skill2_11"},{"time":2.3666,"name":"skill2_09"},{"time":2.4,"name":"skill2_10"},{"time":2.4333,"name":"skill2_11"},{"time":2.4666,"name":"skill2_09"},{"time":2.5,"name":"skill2_10"},{"time":2.5333,"name":"skill2_11"},{"time":2.5666,"name":"skill2_09"},{"time":2.6,"name":"skill2_10"},{"time":2.6333,"name":"skill2_11"},{"time":2.6666,"name":"skill2_09"},{"time":2.7,"name":"skill2_10"},{"time":2.7333,"name":"skill2_11"},{"time":2.7666,"name":"skill2_09"},{"time":2.8,"name":"skill2_10"},{"time":2.8333,"name":"skill2_11"},{"time":2.8666,"name":"skill2_09"},{"time":2.9,"name":"skill2_10"},{"time":2.9333,"name":"skill2_11"},{"time":2.9666,"name":"skill2_09"},{"time":3,"name":"skill2_10"},{"time":3.0333,"name":"skill2_11"},{"time":3.0666,"name":"skill2_09"},{"time":3.1,"name":"skill2_10"},{"time":3.1333,"name":"skill2_11"},{"time":3.1666,"name":"skill2_09"},{"time":3.2,"name":"skill2_10"},{"time":3.2333,"name":"skill2_11"},{"time":3.2666,"name":"skill2_09"},{"time":3.3,"name":"skill2_10"},{"time":3.3333,"name":"skill2_11"},{"time":3.3666,"name":"skill2_09"},{"time":3.4,"name":"skill2_10"},{"time":3.4333,"name":"skill2_11"},{"time":3.4666,"name":"skill2_09"},{"time":3.5,"name":"skill2_10"},{"time":3.5333,"name":"skill2_11"},{"time":3.5666,"name":"skill2_09"},{"time":3.6,"name":"skill2_09"},{"time":3.6333,"name":"skill2_10"},{"time":3.6666,"name":"skill1_11"},{"time":3.7,"name":"skill1_12"},{"time":3.7333,"name":"skill1_13"},{"time":3.7666,"name":"skill1_14"},{"time":3.8,"name":"skill1_15"},{"time":3.8333,"name":"skill1_16"},{"time":3.8666,"name":"skill1_17"},{"time":3.9,"name":"skill1_18"},{"time":4.3333,"name":"skill1_18"}]},"weapon":{"attachment":[{"time":1.8666,"name":"sword_side"},{"time":3.6666,"name":null}]}},"bones":{"MAIN":{"translate":[{"time":0,"x":0,"y":0},{"time":0.1,"x":0,"y":-4.38,"curve":[0.077,0.76,0.35,1]},{"time":0.5,"x":-68.9,"y":455.96,"curve":[0.276,0.55,0.605,0.88]},{"time":1.8333,"x":-74.56,"y":472.47,"curve":[0.286,0.71,0.757,1]},{"time":1.8666,"x":-124.1,"y":384.16},{"time":1.9,"x":-124.1,"y":384.94},{"time":1.9333,"x":-124.1,"y":381.78},{"time":1.9666,"x":-124.1,"y":381.77},{"time":2,"x":-124.1,"y":379.39},{"time":2.0333,"x":-124.1,"y":379.38},{"time":2.0666,"x":-124.1,"y":377},{"time":2.1,"x":-124.1,"y":378.18},{"time":2.1333,"x":-124.1,"y":374.62},{"time":2.1666,"x":-124.1,"y":375.2},{"time":2.2,"x":-124.1,"y":372.23},{"time":2.2333,"x":-124.1,"y":371.62},{"time":2.2666,"x":-124.1,"y":369.84},{"time":2.3,"x":-124.1,"y":371.01},{"time":2.3333,"x":-124.1,"y":367.45},{"time":2.3666,"x":-124.1,"y":368.62},{"time":2.4,"x":-124.1,"y":365.06},{"time":2.4333,"x":-124.1,"y":365.64},{"time":2.4666,"x":-124.1,"y":362.67},{"time":2.5,"x":-124.1,"y":362.66},{"time":2.5333,"x":-124.1,"y":360.28},{"time":2.5666,"x":-124.1,"y":360.87},{"time":2.6,"x":-124.1,"y":357.9},{"time":2.6333,"x":-124.1,"y":357.29},{"time":2.6666,"x":-124.1,"y":355.51},{"time":2.7,"x":-124.1,"y":357.27},{"time":2.7333,"x":-124.1,"y":353.12},{"time":2.7666,"x":-124.1,"y":354.88},{"time":2.8,"x":-124.1,"y":350.73},{"time":2.8333,"x":-124.1,"y":353.68},{"time":2.8666,"x":-124.1,"y":348.34},{"time":2.9,"x":-124.1,"y":349.51},{"time":2.9333,"x":-124.1,"y":345.95},{"time":2.9666,"x":-124.1,"y":347.72},{"time":3,"x":-124.1,"y":343.56},{"time":3.0333,"x":-124.1,"y":344.74},{"time":3.0666,"x":-124.1,"y":341.17},{"time":3.1,"x":-124.1,"y":342.94},{"time":3.1333,"x":-124.1,"y":338.79},{"time":3.1666,"x":-124.1,"y":338.78},{"time":3.2,"x":-124.1,"y":336.4},{"time":3.2333,"x":-124.1,"y":337.57},{"time":3.2666,"x":-124.1,"y":334.01},{"time":3.3,"x":-124.1,"y":333.41},{"time":3.3333,"x":-124.1,"y":331.62},{"time":3.3666,"x":-124.1,"y":331.61},{"time":3.4,"x":-124.1,"y":329.23},{"time":3.4333,"x":-124.1,"y":330.41},{"time":3.4666,"x":-124.1,"y":326.84},{"time":3.5,"x":-124.1,"y":328.02},{"time":3.5333,"x":-124.1,"y":324.45},{"time":3.5666,"x":-124.1,"y":324.44},{"time":3.6,"x":-124.1,"y":322.07},{"time":3.6333,"x":-124.1,"y":135.56,"curve":"stepped"},{"time":3.6666,"x":-124.1,"y":3.56},{"time":3.7,"x":-124.1,"y":-16.83},{"time":3.7666,"x":-124.1,"y":3.56}]},"weapon":{"rotate":[{"time":1.8666,"angle":11.63}],"translate":[{"time":1.8666,"x":-41.1,"y":-60.91}]},"EF_wave1_1":{"translate":[{"time":0.1,"x":-150,"y":0,"curve":"stepped"},{"time":3.6666,"x":-289.28,"y":0}],"scale":[{"time":0.1,"x":3,"y":3,"curve":"stepped"},{"time":3.6666,"x":5.5,"y":5.5}]},"EF_wave1_4":{"translate":[{"time":3.8666,"x":-289.28,"y":0}],"scale":[{"time":3.8666,"x":5.5,"y":5.5}]},"EF_wave1_3":{"translate":[{"time":3.8,"x":-289.28,"y":0}],"scale":[{"time":3.8,"x":5.5,"y":5.5}]},"EF_wave1_2":{"translate":[{"time":3.7333,"x":-289.28,"y":0}],"scale":[{"time":3.7333,"x":5.5,"y":5.5}]},"EF_power1_1":{"translate":[{"time":1.7666,"x":-272.95,"y":452.21}],"scale":[{"time":1.7666,"x":9.5,"y":9.5}]},"EF_wave4_1":{"rotate":[{"time":1.8,"angle":-33.31}],"translate":[{"time":1.8,"x":-342.21,"y":450.17}],"scale":[{"time":1.8,"x":3.5,"y":3.5,"curve":[0.136,0.49,0.75,1]},{"time":1.9666,"x":16,"y":16}]},"EF_wave4_2":{"rotate":[{"time":1.8,"angle":-146.2}],"translate":[{"time":1.8,"x":-330.15,"y":467.62}],"scale":[{"time":1.8,"x":3.5,"y":3.5,"curve":[0.136,0.49,0.75,1]},{"time":1.9666,"x":16,"y":16}]},"EF_wind1_1":{"translate":[{"time":1.8666,"x":-300,"y":-646.7},{"time":1.9666,"x":-300,"y":1192.88,"curve":"stepped"},{"time":2.0333,"x":-300,"y":-646.7},{"time":2.1333,"x":-300,"y":1192.88,"curve":"stepped"},{"time":2.1666,"x":-300,"y":-646.7},{"time":2.2666,"x":-300,"y":1192.88,"curve":"stepped"},{"time":2.3,"x":-300,"y":-646.7},{"time":2.4,"x":-300,"y":1192.88,"curve":"stepped"},{"time":2.4333,"x":-300,"y":-646.7},{"time":2.5333,"x":-300,"y":1192.88,"curve":"stepped"},{"time":2.5666,"x":-300,"y":-646.7},{"time":2.6666,"x":-300,"y":1192.88,"curve":"stepped"},{"time":2.7,"x":-300,"y":-646.7},{"time":2.8,"x":-300,"y":1192.88,"curve":"stepped"},{"time":2.8333,"x":-300,"y":-646.7},{"time":2.9333,"x":-300,"y":1192.88,"curve":"stepped"},{"time":2.9666,"x":-300,"y":-646.7},{"time":3.0666,"x":-300,"y":1192.88,"curve":"stepped"},{"time":3.1,"x":-300,"y":-646.7},{"time":3.2,"x":-300,"y":1192.88,"curve":"stepped"},{"time":3.2333,"x":-300,"y":-646.7},{"time":3.3333,"x":-300,"y":1192.88,"curve":"stepped"},{"time":3.3666,"x":-300,"y":-646.7},{"time":3.4666,"x":-300,"y":1192.88,"curve":"stepped"},{"time":3.5,"x":-300,"y":-646.7},{"time":3.6,"x":-300,"y":1192.88,"curve":"stepped"},{"time":3.6333,"x":-300,"y":-646.7},{"time":3.7333,"x":-300,"y":1192.88,"curve":"stepped"},{"time":3.7666,"x":-300,"y":-646.7},{"time":3.8666,"x":-300,"y":1192.88}],"scale":[{"time":1.8666,"x":45,"y":45,"curve":"stepped"},{"time":2.0333,"x":45,"y":45,"curve":"stepped"},{"time":2.1666,"x":45,"y":45,"curve":"stepped"},{"time":2.3,"x":45,"y":45,"curve":"stepped"},{"time":2.4333,"x":45,"y":45,"curve":"stepped"},{"time":2.5666,"x":45,"y":45,"curve":"stepped"},{"time":2.7,"x":45,"y":45,"curve":"stepped"},{"time":2.8333,"x":45,"y":45,"curve":"stepped"},{"time":2.9666,"x":45,"y":45,"curve":"stepped"},{"time":3.1,"x":45,"y":45,"curve":"stepped"},{"time":3.2333,"x":45,"y":45,"curve":"stepped"},{"time":3.3666,"x":45,"y":45,"curve":"stepped"},{"time":3.5,"x":45,"y":45,"curve":"stepped"},{"time":3.6333,"x":45,"y":45,"curve":"stepped"},{"time":3.7666,"x":45,"y":45}]},"EF_light1_1":{"rotate":[{"time":1.8666,"angle":180}],"translate":[{"time":1.8666,"x":-498.71,"y":1097.58,"curve":"stepped"},{"time":2.9,"x":-498.71,"y":1097.58}],"scale":[{"time":1.8666,"x":3.545,"y":7.549},{"time":1.9333,"x":7.176,"y":7.549},{"time":1.9666,"x":6.271,"y":7.549},{"time":2,"x":7.176,"y":7.549},{"time":2.0333,"x":6.271,"y":7.549},{"time":2.0666,"x":7.176,"y":7.549},{"time":2.1,"x":6.271,"y":7.549},{"time":2.1333,"x":7.176,"y":7.549},{"time":2.1666,"x":6.271,"y":7.549},{"time":2.2,"x":7.176,"y":7.549},{"time":2.2333,"x":6.271,"y":7.549},{"time":2.2666,"x":7.176,"y":7.549},{"time":2.3,"x":6.271,"y":7.549},{"time":2.3333,"x":7.176,"y":7.549},{"time":2.3666,"x":6.271,"y":7.549},{"time":2.4,"x":7.176,"y":7.549},{"time":2.4333,"x":6.271,"y":7.549},{"time":2.4666,"x":7.176,"y":7.549},{"time":2.5,"x":6.271,"y":7.549},{"time":2.5333,"x":7.176,"y":7.549},{"time":2.5666,"x":6.271,"y":7.549},{"time":2.6,"x":7.176,"y":7.549},{"time":2.6333,"x":6.271,"y":7.549},{"time":2.6666,"x":7.176,"y":7.549},{"time":2.7,"x":6.271,"y":7.549},{"time":2.7333,"x":7.176,"y":7.549},{"time":2.7666,"x":6.271,"y":7.549},{"time":2.8,"x":7.176,"y":7.549},{"time":2.8333,"x":6.271,"y":7.549},{"time":2.8666,"x":7.176,"y":7.549},{"time":2.9,"x":6.271,"y":7.549},{"time":3.2666,"x":5.819,"y":7.549,"curve":"stepped"},{"time":3.3,"x":6.271,"y":7.549}]},"EF_light1_2":{"rotate":[{"time":2.3333,"angle":180}],"translate":[{"time":2.3333,"x":-498.71,"y":1097.58,"curve":"stepped"},{"time":3.3666,"x":-498.71,"y":1097.58}],"scale":[{"time":2.3333,"x":3.545,"y":7.549},{"time":2.4,"x":7.176,"y":7.549},{"time":2.4333,"x":6.271,"y":7.549},{"time":2.4666,"x":7.176,"y":7.549},{"time":2.5,"x":6.271,"y":7.549},{"time":2.5333,"x":7.176,"y":7.549},{"time":2.5666,"x":6.271,"y":7.549},{"time":2.6,"x":7.176,"y":7.549},{"time":2.6333,"x":6.271,"y":7.549},{"time":2.6666,"x":7.176,"y":7.549},{"time":2.7,"x":6.271,"y":7.549},{"time":2.7333,"x":7.176,"y":7.549},{"time":2.7666,"x":6.271,"y":7.549},{"time":2.8,"x":7.176,"y":7.549},{"time":2.8333,"x":6.271,"y":7.549},{"time":2.8666,"x":7.176,"y":7.549},{"time":2.9,"x":6.271,"y":7.549},{"time":2.9333,"x":7.176,"y":7.549},{"time":2.9666,"x":6.271,"y":7.549},{"time":3,"x":7.176,"y":7.549},{"time":3.0333,"x":6.271,"y":7.549},{"time":3.0666,"x":7.176,"y":7.549},{"time":3.1,"x":6.271,"y":7.549},{"time":3.1333,"x":7.176,"y":7.549},{"time":3.1666,"x":6.271,"y":7.549},{"time":3.2,"x":7.176,"y":7.549},{"time":3.2333,"x":6.271,"y":7.549},{"time":3.2666,"x":7.176,"y":7.549},{"time":3.3,"x":6.271,"y":7.549},{"time":3.3333,"x":7.176,"y":7.549},{"time":3.3666,"x":6.271,"y":7.549},{"time":3.7333,"x":5.819,"y":7.549}]},"EF_light2_1":{"translate":[{"time":3.6333,"x":-585.75,"y":-40.05}],"scale":[{"time":3.6333,"x":4.5,"y":4.5,"curve":[0.13,0.69,0.75,1]},{"time":3.8333,"x":8.5,"y":8.5}]},"EF_ex1_1":{"translate":[{"time":3.6666,"x":-549.03,"y":0}],"scale":[{"time":3.6666,"x":5,"y":5}]},"EF_ex1_2":{"translate":[{"time":3.7,"x":-709.24,"y":0}],"scale":[{"time":3.7,"x":5.5,"y":5.5}]},"EF_ex1_3":{"translate":[{"time":3.7333,"x":-907.97,"y":0}],"scale":[{"time":3.7333,"x":6,"y":6}]},"EF_line1_1":{"translate":[{"time":1.9666,"x":-352.89,"y":863.46},{"time":2.0666,"x":-352.89,"y":-619.27,"curve":"stepped"},{"time":2.1666,"x":-352.89,"y":863.46},{"time":2.2666,"x":-352.89,"y":-619.27,"curve":"stepped"},{"time":2.3666,"x":-352.89,"y":863.46},{"time":2.4666,"x":-352.89,"y":-619.27,"curve":"stepped"},{"time":2.5666,"x":-352.89,"y":863.46},{"time":2.6666,"x":-352.89,"y":-619.27,"curve":"stepped"},{"time":2.7666,"x":-352.89,"y":863.46},{"time":2.8666,"x":-352.89,"y":-619.27,"curve":"stepped"},{"time":2.9666,"x":-352.89,"y":863.46},{"time":3.0666,"x":-352.89,"y":-619.27,"curve":"stepped"},{"time":3.1666,"x":-352.89,"y":863.46},{"time":3.2666,"x":-352.89,"y":-619.27,"curve":"stepped"},{"time":3.3666,"x":-352.89,"y":863.46},{"time":3.4666,"x":-352.89,"y":-619.27,"curve":"stepped"},{"time":3.5666,"x":-352.89,"y":863.46},{"time":3.6666,"x":-352.89,"y":-619.27}],"scale":[{"time":1.9666,"x":3,"y":3,"curve":"stepped"},{"time":2.1666,"x":3,"y":3,"curve":"stepped"},{"time":2.3666,"x":3,"y":3,"curve":"stepped"},{"time":2.5666,"x":3,"y":3,"curve":"stepped"},{"time":2.7666,"x":3,"y":3,"curve":"stepped"},{"time":2.9666,"x":3,"y":3,"curve":"stepped"},{"time":3.1666,"x":3,"y":3,"curve":"stepped"},{"time":3.3666,"x":3,"y":3,"curve":"stepped"},{"time":3.5666,"x":3,"y":3}]},"EF_line1_2":{"translate":[{"time":2.0333,"x":-659.73,"y":982.94},{"time":2.1333,"x":-659.73,"y":-403.17,"curve":"stepped"},{"time":2.2333,"x":-659.73,"y":982.94},{"time":2.3333,"x":-659.73,"y":-403.17,"curve":"stepped"},{"time":2.4333,"x":-659.73,"y":982.94},{"time":2.5333,"x":-659.73,"y":-403.17,"curve":"stepped"},{"time":2.6333,"x":-659.73,"y":982.94},{"time":2.7333,"x":-659.73,"y":-403.17,"curve":"stepped"},{"time":2.8333,"x":-659.73,"y":982.94},{"time":2.9333,"x":-659.73,"y":-403.17,"curve":"stepped"},{"time":3.0333,"x":-659.73,"y":982.94},{"time":3.1333,"x":-659.73,"y":-403.17,"curve":"stepped"},{"time":3.2333,"x":-659.73,"y":982.94},{"time":3.3333,"x":-659.73,"y":-403.17,"curve":"stepped"},{"time":3.4333,"x":-659.73,"y":982.94},{"time":3.5333,"x":-659.73,"y":-403.17,"curve":"stepped"},{"time":3.6333,"x":-659.73,"y":982.94},{"time":3.7333,"x":-659.73,"y":-403.17}],"scale":[{"time":2.0333,"x":3,"y":3,"curve":"stepped"},{"time":2.2333,"x":3,"y":3,"curve":"stepped"},{"time":2.4333,"x":3,"y":3,"curve":"stepped"},{"time":2.6333,"x":3,"y":3,"curve":"stepped"},{"time":2.8333,"x":3,"y":3,"curve":"stepped"},{"time":3.0333,"x":3,"y":3,"curve":"stepped"},{"time":3.2333,"x":3,"y":3,"curve":"stepped"},{"time":3.4333,"x":3,"y":3,"curve":"stepped"},{"time":3.6333,"x":3,"y":3}]},"EF_line1_3":{"translate":[{"time":2.1,"x":-539.78,"y":1082.9},{"time":2.2,"x":-539.78,"y":-476.47,"curve":"stepped"},{"time":2.3,"x":-539.78,"y":1082.9},{"time":2.4,"x":-539.78,"y":-476.47,"curve":"stepped"},{"time":2.5,"x":-539.78,"y":1082.9},{"time":2.6,"x":-539.78,"y":-476.47,"curve":"stepped"},{"time":2.7,"x":-539.78,"y":1082.9},{"time":2.8,"x":-539.78,"y":-476.47,"curve":"stepped"},{"time":2.9,"x":-539.78,"y":1082.9},{"time":3,"x":-539.78,"y":-476.47,"curve":"stepped"},{"time":3.1,"x":-539.78,"y":1082.9},{"time":3.2,"x":-539.78,"y":-476.47,"curve":"stepped"},{"time":3.3,"x":-539.78,"y":1082.9},{"time":3.4,"x":-539.78,"y":-476.47,"curve":"stepped"},{"time":3.5,"x":-539.78,"y":1082.9},{"time":3.6,"x":-539.78,"y":-476.47}],"scale":[{"time":2.1,"x":3,"y":3,"curve":"stepped"},{"time":2.3,"x":3,"y":3,"curve":"stepped"},{"time":2.5,"x":3,"y":3,"curve":"stepped"},{"time":2.7,"x":3,"y":3,"curve":"stepped"},{"time":2.9,"x":3,"y":3,"curve":"stepped"},{"time":3.1,"x":3,"y":3,"curve":"stepped"},{"time":3.3,"x":3,"y":3,"curve":"stepped"},{"time":3.5,"x":3,"y":3}]},"EF_line2_3":{"translate":[{"time":2.1333,"x":-656.4,"y":1056.24},{"time":2.2,"x":-656.4,"y":-596.42,"curve":"stepped"},{"time":2.3,"x":-656.4,"y":1056.24},{"time":2.3666,"x":-656.4,"y":-596.42,"curve":"stepped"},{"time":2.4666,"x":-656.4,"y":1056.24},{"time":2.5333,"x":-656.4,"y":-596.42,"curve":"stepped"},{"time":2.6333,"x":-656.4,"y":1056.24},{"time":2.7,"x":-656.4,"y":-596.42,"curve":"stepped"},{"time":2.8,"x":-656.4,"y":1056.24},{"time":2.8666,"x":-656.4,"y":-596.42,"curve":"stepped"},{"time":2.9666,"x":-656.4,"y":1056.24},{"time":3.0333,"x":-656.4,"y":-596.42,"curve":"stepped"},{"time":3.1333,"x":-656.4,"y":1056.24},{"time":3.2,"x":-656.4,"y":-596.42,"curve":"stepped"},{"time":3.3,"x":-656.4,"y":1056.24},{"time":3.3666,"x":-656.4,"y":-596.42,"curve":"stepped"},{"time":3.4666,"x":-656.4,"y":1056.24},{"time":3.5333,"x":-656.4,"y":-596.42,"curve":"stepped"},{"time":3.6333,"x":-656.4,"y":1056.24},{"time":3.7,"x":-656.4,"y":-596.42}],"scale":[{"time":2.1333,"x":1,"y":10.339,"curve":"stepped"},{"time":2.3,"x":1,"y":10.339,"curve":"stepped"},{"time":2.4666,"x":1,"y":10.339,"curve":"stepped"},{"time":2.6333,"x":1,"y":10.339,"curve":"stepped"},{"time":2.8,"x":1,"y":10.339,"curve":"stepped"},{"time":2.9666,"x":1,"y":10.339,"curve":"stepped"},{"time":3.1333,"x":1,"y":10.339,"curve":"stepped"},{"time":3.3,"x":1,"y":10.339,"curve":"stepped"},{"time":3.4666,"x":1,"y":10.339,"curve":"stepped"},{"time":3.6333,"x":1,"y":10.339}]},"EF_line2_2":{"translate":[{"time":2.0666,"x":-869.65,"y":1116.22},{"time":2.1333,"x":-869.65,"y":-269.89,"curve":"stepped"},{"time":2.2333,"x":-869.65,"y":1116.22},{"time":2.3,"x":-869.65,"y":-269.89,"curve":"stepped"},{"time":2.4,"x":-869.65,"y":1116.22},{"time":2.4666,"x":-869.65,"y":-269.89,"curve":"stepped"},{"time":2.5666,"x":-869.65,"y":1116.22},{"time":2.6333,"x":-869.65,"y":-269.89,"curve":"stepped"},{"time":2.7333,"x":-869.65,"y":1116.22},{"time":2.8,"x":-869.65,"y":-269.89,"curve":"stepped"},{"time":2.9,"x":-869.65,"y":1116.22},{"time":2.9666,"x":-869.65,"y":-269.89,"curve":"stepped"},{"time":3.0666,"x":-869.65,"y":1116.22},{"time":3.1333,"x":-869.65,"y":-269.89,"curve":"stepped"},{"time":3.2333,"x":-869.65,"y":1116.22},{"time":3.3,"x":-869.65,"y":-269.89,"curve":"stepped"},{"time":3.4,"x":-869.65,"y":1116.22},{"time":3.4666,"x":-869.65,"y":-269.89,"curve":"stepped"},{"time":3.5666,"x":-869.65,"y":1116.22},{"time":3.6333,"x":-869.65,"y":-269.89}],"scale":[{"time":2.0666,"x":1,"y":10.339,"curve":"stepped"},{"time":2.2333,"x":1,"y":10.339,"curve":"stepped"},{"time":2.4,"x":1,"y":10.339,"curve":"stepped"},{"time":2.5666,"x":1,"y":10.339,"curve":"stepped"},{"time":2.7333,"x":1,"y":10.339,"curve":"stepped"},{"time":2.9,"x":1,"y":10.339,"curve":"stepped"},{"time":3.0666,"x":1,"y":10.339,"curve":"stepped"},{"time":3.2333,"x":1,"y":10.339,"curve":"stepped"},{"time":3.4,"x":1,"y":10.339,"curve":"stepped"},{"time":3.5666,"x":1,"y":10.339}]},"EF_line2_1":{"translate":[{"time":2,"x":-499.8,"y":972.94},{"time":2.0666,"x":-499.8,"y":-139.94,"curve":"stepped"},{"time":2.1666,"x":-499.8,"y":972.94},{"time":2.2333,"x":-499.8,"y":-139.94,"curve":"stepped"},{"time":2.3333,"x":-499.8,"y":972.94},{"time":2.4,"x":-499.8,"y":-139.94,"curve":"stepped"},{"time":2.5,"x":-499.8,"y":972.94},{"time":2.5666,"x":-499.8,"y":-139.94,"curve":"stepped"},{"time":2.6666,"x":-499.8,"y":972.94},{"time":2.7333,"x":-499.8,"y":-139.94,"curve":"stepped"},{"time":2.8333,"x":-499.8,"y":972.94},{"time":2.9,"x":-499.8,"y":-139.94,"curve":"stepped"},{"time":3,"x":-499.8,"y":972.94},{"time":3.0666,"x":-499.8,"y":-139.94,"curve":"stepped"},{"time":3.1666,"x":-499.8,"y":972.94},{"time":3.2333,"x":-499.8,"y":-139.94,"curve":"stepped"},{"time":3.3333,"x":-499.8,"y":972.94},{"time":3.4,"x":-499.8,"y":-139.94,"curve":"stepped"},{"time":3.5,"x":-499.8,"y":972.94},{"time":3.5666,"x":-499.8,"y":-139.94}],"scale":[{"time":2,"x":1,"y":10.339,"curve":"stepped"},{"time":2.1666,"x":1,"y":10.339,"curve":"stepped"},{"time":2.3333,"x":1,"y":10.339,"curve":"stepped"},{"time":2.5,"x":1,"y":10.339,"curve":"stepped"},{"time":2.6666,"x":1,"y":10.339,"curve":"stepped"},{"time":2.8333,"x":1,"y":10.339,"curve":"stepped"},{"time":3,"x":1,"y":10.339,"curve":"stepped"},{"time":3.1666,"x":1,"y":10.339,"curve":"stepped"},{"time":3.3333,"x":1,"y":10.339,"curve":"stepped"},{"time":3.5,"x":1,"y":10.339}]}},"drawOrder":[{"time":1.7666,"offsets":[{"slot":"EF_power1_1","offset":-10}]}]}}}