{"skeleton":{"hash":"zxuzBKrYcGSKHoNf56BreocXBfA","spine":"3.0.12","width":512.88,"height":512.88},"bones":[{"name":"root","rotation":0.09},{"name":"pen","parent":"root","x":-83.31,"y":87.65},{"name":"MAIN","parent":"root","x":0.15,"y":89.99}],"slots":[{"name":"MAIN","bone":"MAIN","attachment":"idle_00"},{"name":"idle_00","bone":"root"},{"name":"A_pen","bone":"pen"}],"skins":{"default":{"A_pen":{"A_pen":{"scaleX":2,"scaleY":2,"width":29,"height":35}},"MAIN":{"grab1":{"x":-14.61,"y":-6.07,"scaleX":2,"scaleY":2,"width":200,"height":200},"grab2":{"x":-14.61,"y":-6.07,"scaleX":2,"scaleY":2,"width":200,"height":200},"grab3":{"x":-14.61,"y":-6.07,"scaleX":2,"scaleY":2,"width":200,"height":200},"idle00":{"x":-46.52,"y":-6.01,"scaleX":2,"scaleY":2,"width":200,"height":200},"idle1":{"x":-10.04,"y":-6.07,"scaleX":2,"scaleY":2,"width":200,"height":200},"idle2":{"x":-10.04,"y":-6.07,"scaleX":2,"scaleY":2,"width":200,"height":200},"idle3":{"x":-10.04,"y":-6.07,"scaleX":2,"scaleY":2,"width":200,"height":200},"idle_00":{"x":-6.41,"y":-3.46,"scaleX":2,"scaleY":2,"width":256,"height":256},"idle_02":{"x":-6.41,"y":-3.46,"scaleX":2,"scaleY":2,"width":256,"height":256},"kneel1":{"x":-0.01,"y":-5.79,"scaleX":2,"scaleY":2,"width":200,"height":200},"reading1":{"x":-10.04,"y":-6.07,"scaleX":2,"scaleY":2,"width":200,"height":200},"stretch1":{"x":-14.61,"y":-6.07,"scaleX":2,"scaleY":2,"width":200,"height":200},"stretch2":{"x":-14.61,"y":-6.07,"scaleX":2,"scaleY":2,"width":200,"height":200},"stretch3":{"x":-14.61,"y":-6.07,"scaleX":2,"scaleY":2,"width":200,"height":200}}}},"animations":{"grab":{"slots":{"MAIN":{"attachment":[{"time":0,"name":"grab1"},{"time":0.2333,"name":"grab2"},{"time":0.4333,"name":"grab3"},{"time":0.6666,"name":"grab1"}]}},"bones":{"MAIN":{"translate":[{"time":0,"x":0,"y":0,"curve":"stepped"},{"time":0.6666,"x":0,"y":0}]}}},"idle2":{"slots":{"MAIN":{"attachment":[{"time":0,"name":"idle3"}]}},"bones":{"MAIN":{"translate":[{"time":0,"x":0,"y":0}]}}},"idle3":{"slots":{"MAIN":{"attachment":[{"time":0,"name":"idle00"}]}},"bones":{"MAIN":{"translate":[{"time":0,"x":0,"y":0}]}}},"idle2_off":{"slots":{"A_pen":{"attachment":[{"time":0.5333,"name":"A_pen"}]},"MAIN":{"attachment":[{"time":0,"name":"idle3"},{"time":0.1333,"name":"idle2"},{"time":0.2666,"name":"idle1"},{"time":0.4,"name":"idle00"},{"time":0.5333,"name":"idle_02"},{"time":0.6666,"name":"idle_00"}]}},"bones":{"MAIN":{"translate":[{"time":0,"x":0,"y":0}]},"pen":{"rotate":[{"time":0.5333,"angle":75,"curve":[0.134,0.82,0.75,1]},{"time":0.6666,"angle":0}],"translate":[{"time":0.5333,"x":27.05,"y":18.26},{"time":0.6666,"x":0,"y":0}]}}},"idle2_on":{"slots":{"A_pen":{"attachment":[{"time":0,"name":"A_pen"},{"time":0.1333,"name":null}]},"MAIN":{"attachment":[{"time":0,"name":"idle_00"},{"time":0.1333,"name":"idle00"},{"time":0.2333,"name":"idle1"},{"time":0.3333,"name":"idle2"},{"time":0.4333,"name":"idle3"}]}},"bones":{"MAIN":{"translate":[{"time":0,"x":0,"y":0,"curve":"stepped"},{"time":0.1333,"x":0,"y":0}]},"pen":{"rotate":[{"time":0,"angle":0},{"time":0.1,"angle":79.92},{"time":0.1333,"angle":89.9}],"translate":[{"time":0,"x":0,"y":0},{"time":0.1,"x":23.77,"y":23.5},{"time":0.1333,"x":31.67,"y":17.46}]}}},"kneel":{"slots":{"MAIN":{"attachment":[{"time":0,"name":"kneel1"}]}}},"reading":{"slots":{"MAIN":{"attachment":[{"time":0,"name":"reading1"}]}}},"stretch":{"slots":{"MAIN":{"attachment":[{"time":0,"name":"stretch1"},{"time":0.1666,"name":"stretch2"},{"time":0.3333,"name":"stretch3"},{"time":0.5,"name":"stretch1"}]}}},"stretch_on":{"slots":{"MAIN":{"attachment":[{"time":0,"name":"grab1"},{"time":0.2333,"name":"grab2"},{"time":0.4333,"name":"grab3"},{"time":0.5,"name":"stretch3"},{"time":0.6666,"name":"stretch1"},{"time":0.8333,"name":"stretch2"},{"time":1,"name":"stretch3"},{"time":1.1666,"name":"stretch1"}]}},"bones":{"MAIN":{"scale":[{"time":0,"x":1,"y":1},{"time":0.0333,"x":1.02,"y":1.02},{"time":0.0666,"x":1,"y":1},{"time":0.1,"x":1.02,"y":1.02},{"time":0.1333,"x":1,"y":1}]}}},"weapon_off_1":{"slots":{"MAIN":{"attachment":[{"time":0,"name":"idle00"},{"time":0.1333,"name":"idle1"},{"time":0.2666,"name":"idle2"},{"time":0.4,"name":"idle3"}]}},"bones":{"MAIN":{"translate":[{"time":0,"x":0,"y":0,"curve":"stepped"},{"time":0.5333,"x":0,"y":0}]}}},"weapon_on":{"slots":{"MAIN":{"attachment":[{"time":0,"name":"idle3"},{"time":0.1333,"name":"idle2"},{"time":0.2666,"name":"idle1"},{"time":0.4,"name":"idle00"}]}},"bones":{"MAIN":{"translate":[{"time":0,"x":0,"y":0,"curve":"stepped"},{"time":0.5333,"x":0,"y":0}]}}}}}