{"skeleton":{"hash":"0EGlGYw0Zme/UBI0fFg8ZXiDtOo","spine":"3.0.12","width":0,"height":0,"images":"./images/idle/"},"bones":[{"name":"root"},{"name":"MAIN","parent":"root","y":58.16,"color":"9c0019ff"}],"slots":[{"name":"MAIN","bone":"MAIN","attachment":"idle_00"}],"skins":{"default":{"MAIN":{"idle_00":{"width":512,"height":512},"idle_01":{"width":512,"height":512},"idle_02":{"width":512,"height":512},"idle_03":{"width":512,"height":512}}}},"events":{"Event":{},"hit":{}},"animations":{"idle":{"slots":{"MAIN":{"attachment":[{"time":0,"name":"idle_00"},{"time":0.1666,"name":"idle_01"},{"time":0.3333,"name":"idle_02"},{"time":0.5,"name":"idle_03"},{"time":0.6666,"name":"idle_00"}]}}}}}