{"skeleton":{"hash":"DdE8jdg4mmx6XzCVfehyxVA25Tw","spine":"3.0.12","width":0,"height":0},"bones":[{"name":"root"},{"name":"chain_C","parent":"root","scaleX":2,"scaleY":2},{"name":"chain21","parent":"chain_C","length":18.9,"x":-0.01,"y":-0.26,"rotation":179.64},{"name":"chain22","parent":"chain21","length":20.87,"x":18.9,"rotation":0.34},{"name":"chain23","parent":"chain22","length":21.11,"x":20.87},{"name":"chain24","parent":"chain23","length":22.27,"x":21.15},{"name":"chain25","parent":"chain24","length":21.8,"x":22.27},{"name":"chain26","parent":"chain25","length":21.34,"x":21.8},{"name":"chain27","parent":"chain26","length":21.69,"x":21.22},{"name":"chain28","parent":"chain27","length":22.15,"x":21.69},{"name":"chain29","parent":"chain28","length":21.92,"x":22.15,"y":-0.11},{"name":"amulet3","parent":"chain29","length":9.85,"x":21.92},{"name":"chain_B","parent":"root","scaleX":2,"scaleY":2},{"name":"chain11","parent":"chain_B","length":18.9,"x":-0.01,"y":-0.26,"rotation":179.64},{"name":"chain12","parent":"chain11","length":20.87,"x":18.9,"rotation":0.34},{"name":"chain13","parent":"chain12","length":21.11,"x":20.87},{"name":"chain14","parent":"chain13","length":22.27,"x":21.15},{"name":"chain15","parent":"chain14","length":21.8,"x":22.27},{"name":"chain16","parent":"chain15","length":21.34,"x":21.8},{"name":"chain17","parent":"chain16","length":21.69,"x":21.22},{"name":"chain18","parent":"chain17","length":22.15,"x":21.69},{"name":"chain19","parent":"chain18","length":21.92,"x":22.15,"y":-0.11},{"name":"amulet2","parent":"chain19","length":9.85,"x":21.92},{"name":"chain_A","parent":"root","scaleX":2,"scaleY":2},{"name":"chain1","parent":"chain_A","length":18.9,"x":-0.01,"y":-0.26,"rotation":179.64},{"name":"chain2","parent":"chain1","length":20.87,"x":18.9,"rotation":0.34},{"name":"chain3","parent":"chain2","length":21.11,"x":20.87},{"name":"chain4","parent":"chain3","length":22.27,"x":21.15},{"name":"chain5","parent":"chain4","length":21.8,"x":22.27},{"name":"chain6","parent":"chain5","length":21.34,"x":21.8},{"name":"chain7","parent":"chain6","length":21.69,"x":21.22},{"name":"chain8","parent":"chain7","length":22.15,"x":21.69},{"name":"chain9","parent":"chain8","length":21.92,"x":22.15,"y":-0.11},{"name":"amulet","parent":"chain9","length":9.85,"x":21.92},{"name":"MAIN","parent":"root","y":72},{"name":"HITBOX","parent":"MAIN","y":-11.4,"scaleX":0.762,"scaleY":1.483},{"name":"EF","parent":"root","x":8.04,"scaleX":2,"scaleY":2},{"name":"efr_SKL1_wave2","parent":"EF","x":-5.36},{"name":"efr_SKL1_wave1","parent":"EF","x":-5.36},{"name":"S1_wave4","parent":"EF","x":-5.36},{"name":"S1_wave3","parent":"EF","x":-5.36},{"name":"S1_wave2","parent":"EF","x":-5.36},{"name":"S1_wave1","parent":"EF","x":-5.36},{"name":"Fire","parent":"EF","x":-5.36},{"name":"50_S1_power5_C3","parent":"EF"},{"name":"50_S1_power5_C2","parent":"EF"},{"name":"50_S1_power5_C","parent":"EF"},{"name":"50_S1_power5_A3","parent":"EF"},{"name":"50_S1_power5_A2","parent":"EF"},{"name":"50_S1_power5_A","parent":"EF"},{"name":"50_S1_power4_B","parent":"EF"},{"name":"50_S1_power3_B","parent":"EF"},{"name":"50_S1_power2_B","parent":"EF"},{"name":"50_S1_power1_B","parent":"EF"},{"name":"100_S1_dusty4","parent":"EF","x":-5.36},{"name":"100_S1_dusty3","parent":"EF","x":-5.36},{"name":"100_S1_dusty2","parent":"EF","x":-5.36},{"name":"100_S1_dusty1","parent":"EF","x":-5.36},{"name":"DAMAGEAREA","parent":"root"}],"slots":[{"name":"chain","bone":"chain1"},{"name":"chain10","bone":"chain11"},{"name":"chain19","bone":"chain21"},{"name":"chain2","bone":"chain2"},{"name":"chain11","bone":"chain12"},{"name":"chain20","bone":"chain22"},{"name":"chain3","bone":"chain3"},{"name":"chain12","bone":"chain13"},{"name":"chain21","bone":"chain23"},{"name":"chain4","bone":"chain4"},{"name":"chain13","bone":"chain14"},{"name":"chain22","bone":"chain24"},{"name":"chain5","bone":"chain5"},{"name":"chain14","bone":"chain15"},{"name":"chain23","bone":"chain25"},{"name":"chain6","bone":"chain6"},{"name":"chain15","bone":"chain16"},{"name":"chain24","bone":"chain26"},{"name":"chain7","bone":"chain7"},{"name":"chain16","bone":"chain17"},{"name":"chain25","bone":"chain27"},{"name":"chain8","bone":"chain8"},{"name":"chain17","bone":"chain18"},{"name":"chain26","bone":"chain28"},{"name":"chain9","bone":"chain9"},{"name":"chain18","bone":"chain19"},{"name":"chain27","bone":"chain29"},{"name":"amulet","bone":"amulet"},{"name":"amulet3","bone":"amulet3"},{"name":"amulet2","bone":"amulet2"},{"name":"EF/100_S1_wave1/100_S1_wave1_00000","bone":"S1_wave1","blend":"additive"},{"name":"EF/100_S1_wave1/100_S1_wave1_0","bone":"S1_wave2","blend":"additive"},{"name":"EF/100_S1_wave1/100_S1_wave1_1","bone":"S1_wave3","blend":"additive"},{"name":"EF/100_S1_wave1/100_S1_wave1_2","bone":"S1_wave4","blend":"additive"},{"name":"MAIN","bone":"MAIN","attachment":"idle_00"},{"name":"EF/chain_ef/950_S1_power1_00000","bone":"50_S1_power1_B","blend":"additive"},{"name":"EF/chain_ef/950_S1_power1_0","bone":"50_S1_power2_B","blend":"additive"},{"name":"EF/chain_ef/950_S1_power1_1","bone":"50_S1_power3_B","blend":"additive"},{"name":"EF/chain_ef/950_S1_power1_2","bone":"50_S1_power4_B","blend":"additive"},{"name":"EF/chain_ef/950_S1_power1_3","bone":"50_S1_power5_A","blend":"additive"},{"name":"EF/chain_ef/950_S1_power1_6","bone":"50_S1_power5_C","blend":"additive"},{"name":"EF/chain_ef/950_S1_power1_7","bone":"50_S1_power5_C2","blend":"additive"},{"name":"EF/chain_ef/950_S1_power1_8","bone":"50_S1_power5_C3","blend":"additive"},{"name":"EF/chain_ef/950_S1_power1_4","bone":"50_S1_power5_A2","blend":"additive"},{"name":"EF/chain_ef/950_S1_power1_5","bone":"50_S1_power5_A3","blend":"additive"},{"name":"EF/fire/Fire10015","bone":"Fire","blend":"additive"},{"name":"EF/efr_SKL1_wave1/efr_SKL1_wave1_00005","bone":"efr_SKL1_wave1","blend":"additive"},{"name":"EF/efr_SKL1_wave1/efr_SKL1_wave1_5","bone":"efr_SKL1_wave2","blend":"additive"},{"name":"EF/100_S1_dusty1/100_S1_dusty1_00000","bone":"100_S1_dusty1","blend":"additive"},{"name":"EF/100_S1_dusty1/100_S1_dusty1_0","bone":"100_S1_dusty2","blend":"additive"},{"name":"EF/100_S1_dusty1/100_S1_dusty1_1","bone":"100_S1_dusty3","blend":"additive"},{"name":"EF/100_S1_dusty1/100_S1_dusty1_2","bone":"100_S1_dusty4","blend":"additive"},{"name":"DAMAGEAREA","bone":"DAMAGEAREA"},{"name":"HITBOX","bone":"HITBOX","attachment":"HITBOX"}],"skins":{"default":{"DAMAGEAREA":{"DAMAGEAREA":{"type":"boundingbox","vertices":[-63.86203,-64.90949,63.90373,-64.5785,63.90373,64.51127,-63.86203,63.51827]}},"EF/100_S1_dusty1/100_S1_dusty1_0":{"EF/100_S1_dusty1/100_S1_dusty1_00000":{"width":150,"height":150},"EF/100_S1_dusty1/100_S1_dusty1_00001":{"width":150,"height":150},"EF/100_S1_dusty1/100_S1_dusty1_00002":{"width":150,"height":150},"EF/100_S1_dusty1/100_S1_dusty1_00003":{"width":150,"height":150},"EF/100_S1_dusty1/100_S1_dusty1_00004":{"width":150,"height":150},"EF/100_S1_dusty1/100_S1_dusty1_00005":{"width":150,"height":150},"EF/100_S1_dusty1/100_S1_dusty1_00006":{"width":150,"height":150},"EF/100_S1_dusty1/100_S1_dusty1_00007":{"width":150,"height":150},"EF/100_S1_dusty1/100_S1_dusty1_00008":{"width":150,"height":150},"EF/100_S1_dusty1/100_S1_dusty1_00009":{"width":150,"height":150},"EF/100_S1_dusty1/100_S1_dusty1_00010":{"width":150,"height":150},"EF/100_S1_dusty1/100_S1_dusty1_00011":{"width":150,"height":150},"EF/100_S1_dusty1/100_S1_dusty1_00012":{"width":150,"height":150},"EF/100_S1_dusty1/100_S1_dusty1_00013":{"width":150,"height":150},"EF/100_S1_dusty1/100_S1_dusty1_00014":{"width":150,"height":150},"EF/100_S1_dusty1/100_S1_dusty1_00015":{"width":150,"height":150}},"EF/100_S1_dusty1/100_S1_dusty1_00000":{"EF/100_S1_dusty1/100_S1_dusty1_00000":{"width":150,"height":150},"EF/100_S1_dusty1/100_S1_dusty1_00001":{"width":150,"height":150},"EF/100_S1_dusty1/100_S1_dusty1_00002":{"width":150,"height":150},"EF/100_S1_dusty1/100_S1_dusty1_00003":{"width":150,"height":150},"EF/100_S1_dusty1/100_S1_dusty1_00004":{"width":150,"height":150},"EF/100_S1_dusty1/100_S1_dusty1_00005":{"width":150,"height":150},"EF/100_S1_dusty1/100_S1_dusty1_00006":{"width":150,"height":150},"EF/100_S1_dusty1/100_S1_dusty1_00007":{"width":150,"height":150},"EF/100_S1_dusty1/100_S1_dusty1_00008":{"width":150,"height":150},"EF/100_S1_dusty1/100_S1_dusty1_00009":{"width":150,"height":150},"EF/100_S1_dusty1/100_S1_dusty1_00010":{"width":150,"height":150},"EF/100_S1_dusty1/100_S1_dusty1_00011":{"width":150,"height":150},"EF/100_S1_dusty1/100_S1_dusty1_00012":{"width":150,"height":150},"EF/100_S1_dusty1/100_S1_dusty1_00013":{"width":150,"height":150},"EF/100_S1_dusty1/100_S1_dusty1_00014":{"width":150,"height":150},"EF/100_S1_dusty1/100_S1_dusty1_00015":{"width":150,"height":150}},"EF/100_S1_dusty1/100_S1_dusty1_1":{"EF/100_S1_dusty1/100_S1_dusty1_00000":{"width":150,"height":150},"EF/100_S1_dusty1/100_S1_dusty1_00001":{"width":150,"height":150},"EF/100_S1_dusty1/100_S1_dusty1_00002":{"width":150,"height":150},"EF/100_S1_dusty1/100_S1_dusty1_00003":{"width":150,"height":150},"EF/100_S1_dusty1/100_S1_dusty1_00004":{"width":150,"height":150},"EF/100_S1_dusty1/100_S1_dusty1_00005":{"width":150,"height":150},"EF/100_S1_dusty1/100_S1_dusty1_00006":{"width":150,"height":150},"EF/100_S1_dusty1/100_S1_dusty1_00007":{"width":150,"height":150},"EF/100_S1_dusty1/100_S1_dusty1_00008":{"width":150,"height":150},"EF/100_S1_dusty1/100_S1_dusty1_00009":{"width":150,"height":150},"EF/100_S1_dusty1/100_S1_dusty1_00010":{"width":150,"height":150},"EF/100_S1_dusty1/100_S1_dusty1_00011":{"width":150,"height":150},"EF/100_S1_dusty1/100_S1_dusty1_00012":{"width":150,"height":150},"EF/100_S1_dusty1/100_S1_dusty1_00013":{"width":150,"height":150},"EF/100_S1_dusty1/100_S1_dusty1_00014":{"width":150,"height":150},"EF/100_S1_dusty1/100_S1_dusty1_00015":{"width":150,"height":150}},"EF/100_S1_dusty1/100_S1_dusty1_2":{"EF/100_S1_dusty1/100_S1_dusty1_00000":{"width":150,"height":150},"EF/100_S1_dusty1/100_S1_dusty1_00001":{"width":150,"height":150},"EF/100_S1_dusty1/100_S1_dusty1_00002":{"width":150,"height":150},"EF/100_S1_dusty1/100_S1_dusty1_00003":{"width":150,"height":150},"EF/100_S1_dusty1/100_S1_dusty1_00004":{"width":150,"height":150},"EF/100_S1_dusty1/100_S1_dusty1_00005":{"width":150,"height":150},"EF/100_S1_dusty1/100_S1_dusty1_00006":{"width":150,"height":150},"EF/100_S1_dusty1/100_S1_dusty1_00007":{"width":150,"height":150},"EF/100_S1_dusty1/100_S1_dusty1_00008":{"width":150,"height":150},"EF/100_S1_dusty1/100_S1_dusty1_00009":{"width":150,"height":150},"EF/100_S1_dusty1/100_S1_dusty1_00010":{"width":150,"height":150},"EF/100_S1_dusty1/100_S1_dusty1_00011":{"width":150,"height":150},"EF/100_S1_dusty1/100_S1_dusty1_00012":{"width":150,"height":150},"EF/100_S1_dusty1/100_S1_dusty1_00013":{"width":150,"height":150},"EF/100_S1_dusty1/100_S1_dusty1_00014":{"width":150,"height":150},"EF/100_S1_dusty1/100_S1_dusty1_00015":{"width":150,"height":150}},"EF/100_S1_wave1/100_S1_wave1_0":{"EF/100_S1_wave1/100_S1_wave1_00000":{"width":150,"height":150},"EF/100_S1_wave1/100_S1_wave1_00001":{"width":150,"height":150},"EF/100_S1_wave1/100_S1_wave1_00002":{"width":150,"height":150},"EF/100_S1_wave1/100_S1_wave1_00003":{"width":150,"height":150},"EF/100_S1_wave1/100_S1_wave1_00004":{"width":150,"height":150},"EF/100_S1_wave1/100_S1_wave1_00005":{"width":150,"height":150},"EF/100_S1_wave1/100_S1_wave1_00006":{"width":150,"height":150},"EF/100_S1_wave1/100_S1_wave1_00007":{"width":150,"height":150},"EF/100_S1_wave1/100_S1_wave1_00008":{"width":150,"height":150},"EF/100_S1_wave1/100_S1_wave1_00009":{"width":150,"height":150},"EF/100_S1_wave1/100_S1_wave1_00010":{"width":150,"height":150},"EF/100_S1_wave1/100_S1_wave1_00011":{"width":150,"height":150},"EF/100_S1_wave1/100_S1_wave1_00013":{"width":150,"height":150}},"EF/100_S1_wave1/100_S1_wave1_00000":{"EF/100_S1_wave1/100_S1_wave1_00000":{"width":150,"height":150},"EF/100_S1_wave1/100_S1_wave1_00001":{"width":150,"height":150},"EF/100_S1_wave1/100_S1_wave1_00002":{"width":150,"height":150},"EF/100_S1_wave1/100_S1_wave1_00003":{"width":150,"height":150},"EF/100_S1_wave1/100_S1_wave1_00004":{"width":150,"height":150},"EF/100_S1_wave1/100_S1_wave1_00005":{"width":150,"height":150},"EF/100_S1_wave1/100_S1_wave1_00006":{"width":150,"height":150},"EF/100_S1_wave1/100_S1_wave1_00007":{"width":150,"height":150},"EF/100_S1_wave1/100_S1_wave1_00008":{"width":150,"height":150},"EF/100_S1_wave1/100_S1_wave1_00009":{"width":150,"height":150},"EF/100_S1_wave1/100_S1_wave1_00010":{"width":150,"height":150},"EF/100_S1_wave1/100_S1_wave1_00011":{"width":150,"height":150},"EF/100_S1_wave1/100_S1_wave1_00013":{"width":150,"height":150}},"EF/100_S1_wave1/100_S1_wave1_1":{"EF/100_S1_wave1/100_S1_wave1_00000":{"width":150,"height":150},"EF/100_S1_wave1/100_S1_wave1_00001":{"width":150,"height":150},"EF/100_S1_wave1/100_S1_wave1_00002":{"width":150,"height":150},"EF/100_S1_wave1/100_S1_wave1_00003":{"width":150,"height":150},"EF/100_S1_wave1/100_S1_wave1_00004":{"width":150,"height":150},"EF/100_S1_wave1/100_S1_wave1_00005":{"width":150,"height":150},"EF/100_S1_wave1/100_S1_wave1_00006":{"width":150,"height":150},"EF/100_S1_wave1/100_S1_wave1_00007":{"width":150,"height":150},"EF/100_S1_wave1/100_S1_wave1_00008":{"width":150,"height":150},"EF/100_S1_wave1/100_S1_wave1_00009":{"width":150,"height":150},"EF/100_S1_wave1/100_S1_wave1_00010":{"width":150,"height":150},"EF/100_S1_wave1/100_S1_wave1_00011":{"width":150,"height":150},"EF/100_S1_wave1/100_S1_wave1_00013":{"width":150,"height":150}},"EF/100_S1_wave1/100_S1_wave1_2":{"EF/100_S1_wave1/100_S1_wave1_00000":{"width":150,"height":150},"EF/100_S1_wave1/100_S1_wave1_00001":{"width":150,"height":150},"EF/100_S1_wave1/100_S1_wave1_00002":{"width":150,"height":150},"EF/100_S1_wave1/100_S1_wave1_00003":{"width":150,"height":150},"EF/100_S1_wave1/100_S1_wave1_00004":{"width":150,"height":150},"EF/100_S1_wave1/100_S1_wave1_00005":{"width":150,"height":150},"EF/100_S1_wave1/100_S1_wave1_00006":{"width":150,"height":150},"EF/100_S1_wave1/100_S1_wave1_00007":{"width":150,"height":150},"EF/100_S1_wave1/100_S1_wave1_00008":{"width":150,"height":150},"EF/100_S1_wave1/100_S1_wave1_00009":{"width":150,"height":150},"EF/100_S1_wave1/100_S1_wave1_00010":{"width":150,"height":150},"EF/100_S1_wave1/100_S1_wave1_00011":{"width":150,"height":150},"EF/100_S1_wave1/100_S1_wave1_00013":{"width":150,"height":150}},"EF/chain_ef/950_S1_power1_0":{"EF/chain_ef/950_S1_power1_00000":{"x":-5.36,"width":150,"height":150},"EF/chain_ef/950_S1_power1_00002":{"x":-5.36,"width":150,"height":150},"EF/chain_ef/950_S1_power1_00004":{"x":-5.36,"width":150,"height":150},"EF/chain_ef/950_S1_power1_00006":{"x":-5.36,"width":150,"height":150},"EF/chain_ef/950_S1_power1_00008":{"x":-5.36,"width":150,"height":150},"EF/chain_ef/950_S1_power1_00010":{"x":-5.36,"width":150,"height":150},"EF/chain_ef/950_S1_power1_00012":{"x":-5.36,"width":150,"height":150}},"EF/chain_ef/950_S1_power1_00000":{"EF/chain_ef/950_S1_power1_00000":{"x":-5.36,"width":150,"height":150},"EF/chain_ef/950_S1_power1_00002":{"x":-5.36,"width":150,"height":150},"EF/chain_ef/950_S1_power1_00004":{"x":-5.36,"width":150,"height":150},"EF/chain_ef/950_S1_power1_00006":{"x":-5.36,"width":150,"height":150},"EF/chain_ef/950_S1_power1_00008":{"x":-5.36,"width":150,"height":150},"EF/chain_ef/950_S1_power1_00010":{"x":-5.36,"width":150,"height":150},"EF/chain_ef/950_S1_power1_00012":{"x":-5.36,"width":150,"height":150}},"EF/chain_ef/950_S1_power1_1":{"EF/chain_ef/950_S1_power1_00000":{"x":-5.36,"width":150,"height":150},"EF/chain_ef/950_S1_power1_00002":{"x":-5.36,"width":150,"height":150},"EF/chain_ef/950_S1_power1_00004":{"x":-5.36,"width":150,"height":150},"EF/chain_ef/950_S1_power1_00006":{"x":-5.36,"width":150,"height":150},"EF/chain_ef/950_S1_power1_00008":{"x":-5.36,"width":150,"height":150},"EF/chain_ef/950_S1_power1_00010":{"x":-5.36,"width":150,"height":150},"EF/chain_ef/950_S1_power1_00012":{"x":-5.36,"width":150,"height":150}},"EF/chain_ef/950_S1_power1_2":{"EF/chain_ef/950_S1_power1_00000":{"x":-5.36,"width":150,"height":150},"EF/chain_ef/950_S1_power1_00002":{"x":-5.36,"width":150,"height":150},"EF/chain_ef/950_S1_power1_00004":{"x":-5.36,"width":150,"height":150},"EF/chain_ef/950_S1_power1_00006":{"x":-5.36,"width":150,"height":150},"EF/chain_ef/950_S1_power1_00008":{"x":-5.36,"width":150,"height":150},"EF/chain_ef/950_S1_power1_00010":{"x":-5.36,"width":150,"height":150},"EF/chain_ef/950_S1_power1_00012":{"x":-5.36,"width":150,"height":150}},"EF/chain_ef/950_S1_power1_3":{"EF/chain_ef/950_S1_power1_00000":{"x":-5.36,"width":150,"height":150},"EF/chain_ef/950_S1_power1_00002":{"x":-5.36,"width":150,"height":150},"EF/chain_ef/950_S1_power1_00004":{"x":-5.36,"width":150,"height":150},"EF/chain_ef/950_S1_power1_00006":{"x":-5.36,"width":150,"height":150},"EF/chain_ef/950_S1_power1_00008":{"x":-5.36,"width":150,"height":150},"EF/chain_ef/950_S1_power1_00010":{"x":-5.36,"width":150,"height":150},"EF/chain_ef/950_S1_power1_00012":{"x":-5.36,"width":150,"height":150}},"EF/chain_ef/950_S1_power1_4":{"EF/chain_ef/950_S1_power1_00000":{"x":-5.36,"width":150,"height":150},"EF/chain_ef/950_S1_power1_00002":{"x":-5.36,"width":150,"height":150},"EF/chain_ef/950_S1_power1_00004":{"x":-5.36,"width":150,"height":150},"EF/chain_ef/950_S1_power1_00006":{"x":-5.36,"width":150,"height":150},"EF/chain_ef/950_S1_power1_00008":{"x":-5.36,"width":150,"height":150},"EF/chain_ef/950_S1_power1_00010":{"x":-5.36,"width":150,"height":150},"EF/chain_ef/950_S1_power1_00012":{"x":-5.36,"width":150,"height":150}},"EF/chain_ef/950_S1_power1_5":{"EF/chain_ef/950_S1_power1_00000":{"x":-5.36,"width":150,"height":150},"EF/chain_ef/950_S1_power1_00002":{"x":-5.36,"width":150,"height":150},"EF/chain_ef/950_S1_power1_00004":{"x":-5.36,"width":150,"height":150},"EF/chain_ef/950_S1_power1_00006":{"x":-5.36,"width":150,"height":150},"EF/chain_ef/950_S1_power1_00008":{"x":-5.36,"width":150,"height":150},"EF/chain_ef/950_S1_power1_00010":{"x":-5.36,"width":150,"height":150},"EF/chain_ef/950_S1_power1_00012":{"x":-5.36,"width":150,"height":150}},"EF/chain_ef/950_S1_power1_6":{"EF/chain_ef/950_S1_power1_00000":{"x":-5.36,"width":150,"height":150},"EF/chain_ef/950_S1_power1_00002":{"x":-5.36,"width":150,"height":150},"EF/chain_ef/950_S1_power1_00004":{"x":-5.36,"width":150,"height":150},"EF/chain_ef/950_S1_power1_00006":{"x":-5.36,"width":150,"height":150},"EF/chain_ef/950_S1_power1_00008":{"x":-5.36,"width":150,"height":150},"EF/chain_ef/950_S1_power1_00010":{"x":-5.36,"width":150,"height":150},"EF/chain_ef/950_S1_power1_00012":{"x":-5.36,"width":150,"height":150}},"EF/chain_ef/950_S1_power1_7":{"EF/chain_ef/950_S1_power1_00000":{"x":-5.36,"width":150,"height":150},"EF/chain_ef/950_S1_power1_00002":{"x":-5.36,"width":150,"height":150},"EF/chain_ef/950_S1_power1_00004":{"x":-5.36,"width":150,"height":150},"EF/chain_ef/950_S1_power1_00006":{"x":-5.36,"width":150,"height":150},"EF/chain_ef/950_S1_power1_00008":{"x":-5.36,"width":150,"height":150},"EF/chain_ef/950_S1_power1_00010":{"x":-5.36,"width":150,"height":150},"EF/chain_ef/950_S1_power1_00012":{"x":-5.36,"width":150,"height":150}},"EF/chain_ef/950_S1_power1_8":{"EF/chain_ef/950_S1_power1_00000":{"x":-5.36,"width":150,"height":150},"EF/chain_ef/950_S1_power1_00002":{"x":-5.36,"width":150,"height":150},"EF/chain_ef/950_S1_power1_00004":{"x":-5.36,"width":150,"height":150},"EF/chain_ef/950_S1_power1_00006":{"x":-5.36,"width":150,"height":150},"EF/chain_ef/950_S1_power1_00008":{"x":-5.36,"width":150,"height":150},"EF/chain_ef/950_S1_power1_00010":{"x":-5.36,"width":150,"height":150},"EF/chain_ef/950_S1_power1_00012":{"x":-5.36,"width":150,"height":150}},"EF/efr_SKL1_wave1/efr_SKL1_wave1_00005":{"EF/efr_SKL1_wave1/efr_SKL1_wave1_00005":{"width":108,"height":108},"EF/efr_SKL1_wave1/efr_SKL1_wave1_00008":{"width":108,"height":108},"EF/efr_SKL1_wave1/efr_SKL1_wave1_00009":{"width":108,"height":108},"EF/efr_SKL1_wave1/efr_SKL1_wave1_00011":{"width":108,"height":108},"EF/efr_SKL1_wave1/efr_SKL1_wave1_00012":{"width":108,"height":108},"EF/efr_SKL1_wave1/efr_SKL1_wave1_00013":{"width":108,"height":108},"EF/efr_SKL1_wave1/efr_SKL1_wave1_00015":{"width":108,"height":108},"EF/efr_SKL1_wave1/efr_SKL1_wave1_00016":{"width":108,"height":108},"EF/efr_SKL1_wave1/efr_SKL1_wave1_00018":{"width":108,"height":108},"EF/efr_SKL1_wave1/efr_SKL1_wave1_00019":{"width":108,"height":108},"EF/efr_SKL1_wave1/efr_SKL1_wave1_00020":{"width":108,"height":108},"EF/efr_SKL1_wave1/efr_SKL1_wave1_00021":{"width":108,"height":108},"EF/efr_SKL1_wave1/efr_SKL1_wave1_00022":{"width":108,"height":108},"EF/efr_SKL1_wave1/efr_SKL1_wave1_00023":{"width":108,"height":108}},"EF/efr_SKL1_wave1/efr_SKL1_wave1_5":{"EF/efr_SKL1_wave1/efr_SKL1_wave1_00005":{"width":108,"height":108},"EF/efr_SKL1_wave1/efr_SKL1_wave1_00008":{"width":108,"height":108},"EF/efr_SKL1_wave1/efr_SKL1_wave1_00009":{"width":108,"height":108},"EF/efr_SKL1_wave1/efr_SKL1_wave1_00011":{"width":108,"height":108},"EF/efr_SKL1_wave1/efr_SKL1_wave1_00012":{"width":108,"height":108},"EF/efr_SKL1_wave1/efr_SKL1_wave1_00013":{"width":108,"height":108},"EF/efr_SKL1_wave1/efr_SKL1_wave1_00015":{"width":108,"height":108},"EF/efr_SKL1_wave1/efr_SKL1_wave1_00016":{"width":108,"height":108},"EF/efr_SKL1_wave1/efr_SKL1_wave1_00018":{"width":108,"height":108},"EF/efr_SKL1_wave1/efr_SKL1_wave1_00019":{"width":108,"height":108},"EF/efr_SKL1_wave1/efr_SKL1_wave1_00020":{"width":108,"height":108},"EF/efr_SKL1_wave1/efr_SKL1_wave1_00021":{"width":108,"height":108},"EF/efr_SKL1_wave1/efr_SKL1_wave1_00022":{"width":108,"height":108},"EF/efr_SKL1_wave1/efr_SKL1_wave1_00023":{"width":108,"height":108}},"EF/fire/Fire10015":{"EF/fire/Fire10015":{"width":83,"height":109},"EF/fire/Fire10017":{"width":83,"height":109},"EF/fire/Fire10019":{"width":83,"height":109},"EF/fire/Fire10021":{"width":83,"height":109},"EF/fire/Fire10023":{"width":83,"height":109},"EF/fire/Fire10025":{"width":83,"height":109},"EF/fire/Fire10027":{"width":83,"height":109},"EF/fire/Fire10029":{"width":83,"height":109},"EF/fire/Fire10031":{"width":83,"height":109},"EF/fire/Fire10033":{"width":83,"height":109},"EF/fire/Fire10035":{"width":83,"height":109},"EF/fire/Fire10037":{"width":83,"height":109},"EF/fire/Fire10039":{"width":83,"height":109},"EF/fire/Fire10041":{"width":83,"height":109},"EF/fire/Fire10043":{"width":83,"height":109},"EF/fire/Fire10045":{"width":83,"height":109},"EF/fire/Fire10047":{"width":83,"height":109},"EF/fire/Fire10049":{"width":83,"height":109},"EF/fire/Fire10051":{"width":83,"height":109},"EF/fire/Fire10053":{"width":83,"height":109},"EF/fire/Fire10055":{"width":83,"height":109},"EF/fire/Fire10057":{"width":83,"height":109},"EF/fire/Fire10059":{"width":83,"height":109},"EF/fire/Fire10061":{"width":83,"height":109},"EF/fire/Fire10063":{"width":83,"height":109},"EF/fire/Fire10065":{"width":83,"height":109},"EF/fire/Fire10067":{"width":83,"height":109},"EF/fire/Fire10069":{"width":83,"height":109},"EF/fire/Fire10071":{"width":83,"height":109},"EF/fire/Fire10073":{"width":83,"height":109},"EF/fire/Fire10075":{"width":83,"height":109},"EF/fire/Fire10077":{"width":83,"height":109},"EF/fire/Fire10079":{"width":83,"height":109},"EF/fire/Fire10081":{"width":83,"height":109},"EF/fire/Fire10083":{"width":83,"height":109},"EF/fire/Fire10085":{"width":83,"height":109},"EF/fire/Fire10087":{"width":83,"height":109},"EF/fire/Fire10089":{"width":83,"height":109},"EF/fire/Fire10091":{"width":83,"height":109},"EF/fire/Fire10093":{"width":83,"height":109},"EF/fire/Fire10095":{"width":83,"height":109},"EF/fire/Fire10097":{"width":83,"height":109},"EF/fire/Fire10099":{"width":83,"height":109},"EF/fire/Fire10101":{"width":83,"height":109}},"HITBOX":{"HITBOX":{"type":"boundingbox","vertices":[-42.57469,-43.49366,43.04381,-42.83166,42.16115,42.34551,-42.35401,42.56618]}},"MAIN":{"attack_00":{"x":-7.07,"y":22.99,"scaleX":2,"scaleY":2,"width":176,"height":128},"attack_01":{"x":-7.07,"y":22.99,"scaleX":2,"scaleY":2,"width":176,"height":128},"attack_02":{"x":-7.07,"y":22.99,"scaleX":2,"scaleY":2,"width":176,"height":128},"attack_03":{"x":-7.07,"y":22.99,"scaleX":2,"scaleY":2,"width":176,"height":128},"attack_04":{"x":-7.07,"y":22.99,"scaleX":2,"scaleY":2,"width":176,"height":128},"attack_05":{"x":-7.07,"y":22.99,"scaleX":2,"scaleY":2,"width":176,"height":128},"attack_06":{"x":-7.07,"y":22.99,"scaleX":2,"scaleY":2,"width":176,"height":128},"back_00":{"x":-7.07,"y":22.99,"scaleX":2,"scaleY":2,"width":176,"height":128},"damage_00":{"x":-7.07,"y":22.99,"scaleX":2,"scaleY":2,"width":176,"height":128},"front_00":{"x":-7.07,"y":22.99,"scaleX":2,"scaleY":2,"width":176,"height":128},"idle_00":{"x":-7.07,"y":22.99,"scaleX":2,"scaleY":2,"width":176,"height":128},"idle_01":{"x":-7.07,"y":22.99,"scaleX":2,"scaleY":2,"width":176,"height":128},"idle_02":{"x":-7.07,"y":22.99,"scaleX":2,"scaleY":2,"width":176,"height":128},"idle_03":{"x":-7.07,"y":22.99,"scaleX":2,"scaleY":2,"width":176,"height":128},"idle_04":{"x":-7.07,"y":22.99,"scaleX":2,"scaleY":2,"width":176,"height":128},"skill2_00":{"x":-7.07,"y":22.99,"scaleX":2,"scaleY":2,"width":176,"height":128},"skill2_01":{"x":-7.07,"y":22.99,"scaleX":2,"scaleY":2,"width":176,"height":128},"skill2_02":{"x":-7.07,"y":22.99,"scaleX":2,"scaleY":2,"width":176,"height":128},"skill2_03":{"x":-7.07,"y":22.99,"scaleX":2,"scaleY":2,"width":176,"height":128},"skill2_04":{"x":-7.07,"y":22.99,"scaleX":2,"scaleY":2,"width":176,"height":128},"skill2_05":{"x":-7.07,"y":22.99,"scaleX":2,"scaleY":2,"width":176,"height":128},"skill2_06":{"x":-7.07,"y":22.99,"scaleX":2,"scaleY":2,"width":176,"height":128}},"amulet":{"amulet":{"x":15.07,"y":-0.07,"scaleX":1.5,"scaleY":1.5,"rotation":180,"width":25,"height":16}},"amulet2":{"amulet":{"x":15.36,"y":-0.07,"scaleX":1.5,"scaleY":1.5,"rotation":180,"width":25,"height":16}},"amulet3":{"amulet":{"x":15.36,"y":-0.07,"scaleX":1.5,"scaleY":1.5,"rotation":180,"width":25,"height":16}},"chain":{"chain":{"x":8.11,"y":-0.21,"scaleX":1.5,"scaleY":1.5,"rotation":-179.65,"width":17,"height":6}},"chain10":{"chain":{"x":8.11,"y":-0.21,"scaleX":1.5,"scaleY":1.5,"rotation":-179.65,"width":17,"height":6}},"chain11":{"chain":{"x":10.54,"y":-0.14,"scaleX":1.5,"scaleY":1.5,"rotation":180,"width":17,"height":6}},"chain12":{"chain":{"x":11.08,"y":-0.14,"scaleX":1.5,"scaleY":1.5,"rotation":180,"width":17,"height":6}},"chain13":{"chain":{"x":11.32,"y":-0.14,"scaleX":1.5,"scaleY":1.5,"rotation":180,"width":17,"height":6}},"chain14":{"chain":{"x":10.99,"y":-0.14,"scaleX":1.5,"scaleY":1.5,"rotation":180,"width":17,"height":6}},"chain15":{"chain":{"x":10.7,"y":-0.14,"scaleX":1.5,"scaleY":1.5,"rotation":180,"width":17,"height":6}},"chain16":{"chain":{"x":11.19,"y":-0.14,"scaleX":1.5,"scaleY":1.5,"rotation":180,"width":17,"height":6}},"chain17":{"chain":{"x":11.58,"y":-0.14,"scaleX":1.5,"scaleY":1.5,"rotation":180,"width":17,"height":6}},"chain18":{"chain":{"x":11.2,"y":-0.03,"scaleX":1.5,"scaleY":1.5,"rotation":180,"width":17,"height":6}},"chain19":{"chain":{"x":8.11,"y":-0.21,"scaleX":1.5,"scaleY":1.5,"rotation":-179.65,"width":17,"height":6}},"chain2":{"chain":{"x":10.54,"y":-0.14,"scaleX":1.5,"scaleY":1.5,"rotation":180,"width":17,"height":6}},"chain20":{"chain":{"x":10.54,"y":-0.14,"scaleX":1.5,"scaleY":1.5,"rotation":180,"width":17,"height":6}},"chain21":{"chain":{"x":11.08,"y":-0.14,"scaleX":1.5,"scaleY":1.5,"rotation":180,"width":17,"height":6}},"chain22":{"chain":{"x":11.32,"y":-0.14,"scaleX":1.5,"scaleY":1.5,"rotation":180,"width":17,"height":6}},"chain23":{"chain":{"x":10.99,"y":-0.14,"scaleX":1.5,"scaleY":1.5,"rotation":180,"width":17,"height":6}},"chain24":{"chain":{"x":10.7,"y":-0.14,"scaleX":1.5,"scaleY":1.5,"rotation":180,"width":17,"height":6}},"chain25":{"chain":{"x":11.19,"y":-0.14,"scaleX":1.5,"scaleY":1.5,"rotation":180,"width":17,"height":6}},"chain26":{"chain":{"x":11.58,"y":-0.14,"scaleX":1.5,"scaleY":1.5,"rotation":180,"width":17,"height":6}},"chain27":{"chain":{"x":11.2,"y":-0.03,"scaleX":1.5,"scaleY":1.5,"rotation":180,"width":17,"height":6}},"chain3":{"chain":{"x":11.08,"y":-0.14,"scaleX":1.5,"scaleY":1.5,"rotation":180,"width":17,"height":6}},"chain4":{"chain":{"x":11.32,"y":-0.14,"scaleX":1.5,"scaleY":1.5,"rotation":180,"width":17,"height":6}},"chain5":{"chain":{"x":10.99,"y":-0.14,"scaleX":1.5,"scaleY":1.5,"rotation":180,"width":17,"height":6}},"chain6":{"chain":{"x":10.7,"y":-0.14,"scaleX":1.5,"scaleY":1.5,"rotation":180,"width":17,"height":6}},"chain7":{"chain":{"x":11.19,"y":-0.14,"scaleX":1.5,"scaleY":1.5,"rotation":180,"width":17,"height":6}},"chain8":{"chain":{"x":11.58,"y":-0.14,"scaleX":1.5,"scaleY":1.5,"rotation":180,"width":17,"height":6}},"chain9":{"chain":{"x":11.2,"y":-0.03,"scaleX":1.5,"scaleY":1.5,"rotation":180,"width":17,"height":6}}}},"events":{"Event":{},"Hit":{},"Sound1":{},"Sound2":{},"Sound3":{},"Voice":{}},"animations":{"attack1":{"slots":{"DAMAGEAREA":{"attachment":[{"time":1.2666,"name":"DAMAGEAREA"},{"time":1.5,"name":null},{"time":1.8666,"name":"DAMAGEAREA"},{"time":2.1,"name":null}]},"EF/chain_ef/950_S1_power1_00000":{"attachment":[{"time":1.8333,"name":"EF/chain_ef/950_S1_power1_00000"},{"time":1.8666,"name":"EF/chain_ef/950_S1_power1_00002"},{"time":1.9,"name":"EF/chain_ef/950_S1_power1_00004"},{"time":1.9333,"name":"EF/chain_ef/950_S1_power1_00006"},{"time":1.9666,"name":"EF/chain_ef/950_S1_power1_00008"},{"time":2,"name":"EF/chain_ef/950_S1_power1_00010"},{"time":2.0333,"name":"EF/chain_ef/950_S1_power1_00012"},{"time":2.0666,"name":null}],"color":[{"time":2,"color":"ffffffff"},{"time":2.0666,"color":"ffffff00"}]},"EF/chain_ef/950_S1_power1_0":{"attachment":[{"time":1.8666,"name":"EF/chain_ef/950_S1_power1_00000"},{"time":1.9,"name":"EF/chain_ef/950_S1_power1_00002"},{"time":1.9333,"name":"EF/chain_ef/950_S1_power1_00004"},{"time":1.9666,"name":"EF/chain_ef/950_S1_power1_00006"},{"time":2,"name":"EF/chain_ef/950_S1_power1_00008"},{"time":2.0333,"name":"EF/chain_ef/950_S1_power1_00010"},{"time":2.0666,"name":"EF/chain_ef/950_S1_power1_00012"},{"time":2.1,"name":null}],"color":[{"time":1.8333,"color":"ffffff00"},{"time":1.9,"color":"ffffffff","curve":"stepped"},{"time":2.0333,"color":"ffffffff"},{"time":2.1,"color":"ffffff00"}]},"EF/chain_ef/950_S1_power1_1":{"attachment":[{"time":1.9,"name":"EF/chain_ef/950_S1_power1_00000"},{"time":1.9333,"name":"EF/chain_ef/950_S1_power1_00002"},{"time":1.9666,"name":"EF/chain_ef/950_S1_power1_00004"},{"time":2,"name":"EF/chain_ef/950_S1_power1_00006"},{"time":2.0333,"name":"EF/chain_ef/950_S1_power1_00008"},{"time":2.0666,"name":"EF/chain_ef/950_S1_power1_00010"},{"time":2.1,"name":"EF/chain_ef/950_S1_power1_00012"},{"time":2.1333,"name":null}],"color":[{"time":1.8666,"color":"ffffff00"},{"time":1.9333,"color":"ffffffff","curve":"stepped"},{"time":2.0666,"color":"ffffffff"},{"time":2.1333,"color":"ffffff00"}]},"EF/chain_ef/950_S1_power1_2":{"attachment":[{"time":1.9333,"name":"EF/chain_ef/950_S1_power1_00000"},{"time":1.9666,"name":"EF/chain_ef/950_S1_power1_00002"},{"time":2,"name":"EF/chain_ef/950_S1_power1_00004"},{"time":2.0333,"name":"EF/chain_ef/950_S1_power1_00006"},{"time":2.0666,"name":"EF/chain_ef/950_S1_power1_00008"},{"time":2.1,"name":"EF/chain_ef/950_S1_power1_00010"},{"time":2.1333,"name":"EF/chain_ef/950_S1_power1_00012"},{"time":2.1666,"name":null}],"color":[{"time":1.9,"color":"ffffff00"},{"time":1.9666,"color":"ffffffff","curve":"stepped"},{"time":2.1,"color":"ffffffff"},{"time":2.1666,"color":"ffffff00"}]},"EF/chain_ef/950_S1_power1_3":{"attachment":[{"time":1.8333,"name":"EF/chain_ef/950_S1_power1_00000"},{"time":1.8666,"name":"EF/chain_ef/950_S1_power1_00002"},{"time":1.9,"name":"EF/chain_ef/950_S1_power1_00004"},{"time":1.9333,"name":"EF/chain_ef/950_S1_power1_00006"},{"time":1.9666,"name":"EF/chain_ef/950_S1_power1_00008"},{"time":2,"name":"EF/chain_ef/950_S1_power1_00010"},{"time":2.0333,"name":"EF/chain_ef/950_S1_power1_00012"},{"time":2.0666,"name":null}],"color":[{"time":2,"color":"ffffffff"},{"time":2.0666,"color":"ffffff00"}]},"EF/chain_ef/950_S1_power1_4":{"attachment":[{"time":1.8666,"name":"EF/chain_ef/950_S1_power1_00000"},{"time":1.9,"name":"EF/chain_ef/950_S1_power1_00002"},{"time":1.9333,"name":"EF/chain_ef/950_S1_power1_00004"},{"time":1.9666,"name":"EF/chain_ef/950_S1_power1_00006"},{"time":2,"name":"EF/chain_ef/950_S1_power1_00008"},{"time":2.0333,"name":"EF/chain_ef/950_S1_power1_00010"},{"time":2.0666,"name":"EF/chain_ef/950_S1_power1_00012"},{"time":2.1,"name":null}],"color":[{"time":2.0333,"color":"ffffffff"},{"time":2.1,"color":"ffffff00"}]},"EF/chain_ef/950_S1_power1_5":{"attachment":[{"time":1.9,"name":"EF/chain_ef/950_S1_power1_00000"},{"time":1.9333,"name":"EF/chain_ef/950_S1_power1_00002"},{"time":1.9666,"name":"EF/chain_ef/950_S1_power1_00004"},{"time":2,"name":"EF/chain_ef/950_S1_power1_00006"},{"time":2.0333,"name":"EF/chain_ef/950_S1_power1_00008"},{"time":2.0666,"name":"EF/chain_ef/950_S1_power1_00010"},{"time":2.1,"name":"EF/chain_ef/950_S1_power1_00012"},{"time":2.1333,"name":null}],"color":[{"time":2.0666,"color":"ffffffff"},{"time":2.1333,"color":"ffffff00"}]},"EF/chain_ef/950_S1_power1_6":{"attachment":[{"time":1.8666,"name":"EF/chain_ef/950_S1_power1_00000"},{"time":1.9,"name":"EF/chain_ef/950_S1_power1_00002"},{"time":1.9333,"name":"EF/chain_ef/950_S1_power1_00004"},{"time":1.9666,"name":"EF/chain_ef/950_S1_power1_00006"},{"time":2,"name":"EF/chain_ef/950_S1_power1_00008"},{"time":2.0333,"name":"EF/chain_ef/950_S1_power1_00010"},{"time":2.0666,"name":"EF/chain_ef/950_S1_power1_00012"},{"time":2.1,"name":null}],"color":[{"time":2.0333,"color":"ffffffff"},{"time":2.1,"color":"ffffff00"}]},"EF/chain_ef/950_S1_power1_7":{"attachment":[{"time":1.9,"name":"EF/chain_ef/950_S1_power1_00000"},{"time":1.9333,"name":"EF/chain_ef/950_S1_power1_00002"},{"time":1.9666,"name":"EF/chain_ef/950_S1_power1_00004"},{"time":2,"name":"EF/chain_ef/950_S1_power1_00006"},{"time":2.0333,"name":"EF/chain_ef/950_S1_power1_00008"},{"time":2.0666,"name":"EF/chain_ef/950_S1_power1_00010"},{"time":2.1,"name":"EF/chain_ef/950_S1_power1_00012"},{"time":2.1333,"name":null}],"color":[{"time":2.0666,"color":"ffffffff"},{"time":2.1333,"color":"ffffff00"}]},"EF/chain_ef/950_S1_power1_8":{"attachment":[{"time":1.9333,"name":"EF/chain_ef/950_S1_power1_00000"},{"time":1.9666,"name":"EF/chain_ef/950_S1_power1_00002"},{"time":2,"name":"EF/chain_ef/950_S1_power1_00004"},{"time":2.0333,"name":"EF/chain_ef/950_S1_power1_00006"},{"time":2.0666,"name":"EF/chain_ef/950_S1_power1_00008"},{"time":2.1,"name":"EF/chain_ef/950_S1_power1_00010"},{"time":2.1333,"name":"EF/chain_ef/950_S1_power1_00012"},{"time":2.1666,"name":null}],"color":[{"time":2.1,"color":"ffffffff"},{"time":2.1666,"color":"ffffff00"}]},"MAIN":{"attachment":[{"time":0,"name":"idle_00"},{"time":0.0666,"name":"attack_00"},{"time":0.4333,"name":"attack_01"},{"time":1,"name":"attack_02"},{"time":1.1333,"name":"attack_03"},{"time":1.2333,"name":"attack_04"},{"time":1.3,"name":"attack_05"},{"time":2.1666,"name":"attack_02"},{"time":2.2333,"name":"attack_06"},{"time":2.4,"name":"idle_01"},{"time":2.5,"name":"idle_00"}]},"amulet":{"attachment":[{"time":0.5333,"name":"amulet"}],"color":[{"time":1.9,"color":"ffffffff"},{"time":2,"color":"ffffff00"}]},"amulet2":{"attachment":[{"time":0.5333,"name":"amulet"}],"color":[{"time":1.9,"color":"ffffffff"},{"time":2,"color":"ffffff00"}]},"amulet3":{"attachment":[{"time":0.5333,"name":"amulet"}],"color":[{"time":1.9333,"color":"ffffffff"},{"time":2.0333,"color":"ffffff00"}]},"chain3":{"attachment":[{"time":1.2,"name":null},{"time":1.2666,"name":"chain"}],"color":[{"time":1.9666,"color":"ffffffff"},{"time":2.0666,"color":"ffffff00"}]},"chain4":{"attachment":[{"time":1.2,"name":null},{"time":1.2333,"name":"chain"}],"color":[{"time":1.9666,"color":"ffffffff"},{"time":2.0666,"color":"ffffff00"}]},"chain5":{"attachment":[{"time":1.2,"name":null},{"time":1.2333,"name":"chain"}],"color":[{"time":1.9666,"color":"ffffffff"},{"time":2.0666,"color":"ffffff00"}]},"chain6":{"attachment":[{"time":0.7,"name":"chain"},{"time":0.7333,"name":"chain"}],"color":[{"time":1.9666,"color":"ffffffff"},{"time":2.0666,"color":"ffffff00"}]},"chain7":{"attachment":[{"time":0.6333,"name":"chain"},{"time":0.7333,"name":"chain"}],"color":[{"time":1.9333,"color":"ffffffff"},{"time":2.0333,"color":"ffffff00"}]},"chain8":{"attachment":[{"time":0.5333,"name":null},{"time":0.6,"name":"chain"},{"time":0.7333,"name":"chain"}],"color":[{"time":1.9333,"color":"ffffffff"},{"time":2.0333,"color":"ffffff00"}]},"chain9":{"attachment":[{"time":0.5333,"name":"chain"}],"color":[{"time":1.9,"color":"ffffffff"},{"time":2,"color":"ffffff00"}]},"chain12":{"attachment":[{"time":1.2666,"name":"chain"}],"color":[{"time":2,"color":"ffffffff"},{"time":2.1,"color":"ffffff00"}]},"chain13":{"attachment":[{"time":1.2333,"name":"chain"}],"color":[{"time":2,"color":"ffffffff"},{"time":2.1,"color":"ffffff00"}]},"chain14":{"attachment":[{"time":1.2,"name":"chain"}],"color":[{"time":1.9666,"color":"ffffffff"},{"time":2.0666,"color":"ffffff00"}]},"chain15":{"attachment":[{"time":1.2,"name":"chain"}],"color":[{"time":1.9666,"color":"ffffffff"},{"time":2.0666,"color":"ffffff00"}]},"chain16":{"attachment":[{"time":0.6,"name":"chain"},{"time":0.7333,"name":"chain"}],"color":[{"time":1.9333,"color":"ffffffff"},{"time":2.0333,"color":"ffffff00"}]},"chain17":{"attachment":[{"time":0.5333,"name":"chain"},{"time":0.7333,"name":"chain"}],"color":[{"time":1.9333,"color":"ffffffff"},{"time":2.0333,"color":"ffffff00"}]},"chain18":{"attachment":[{"time":0.5333,"name":"chain"}],"color":[{"time":1.9,"color":"ffffffff"},{"time":2,"color":"ffffff00"}]},"chain21":{"attachment":[{"time":1.2666,"name":"chain"}],"color":[{"time":2,"color":"ffffffff"},{"time":2.1,"color":"ffffff00"}]},"chain22":{"attachment":[{"time":1.2333,"name":"chain"}],"color":[{"time":2,"color":"ffffffff"},{"time":2.1,"color":"ffffff00"}]},"chain23":{"attachment":[{"time":1.2333,"name":"chain"}],"color":[{"time":2,"color":"ffffffff"},{"time":2.1,"color":"ffffff00"}]},"chain24":{"attachment":[{"time":1.2,"name":"chain"}],"color":[{"time":2,"color":"ffffffff"},{"time":2.1,"color":"ffffff00"}]},"chain25":{"attachment":[{"time":1.2,"name":"chain"}],"color":[{"time":1.9666,"color":"ffffffff"},{"time":2.0666,"color":"ffffff00"}]},"chain26":{"attachment":[{"time":0.6666,"name":"chain"}],"color":[{"time":1.9666,"color":"ffffffff"},{"time":2.0666,"color":"ffffff00"}]},"chain27":{"attachment":[{"time":0.5333,"name":"chain"}],"color":[{"time":1.9333,"color":"ffffffff"},{"time":2.0333,"color":"ffffff00"}]}},"bones":{"amulet":{"rotate":[{"time":0.5333,"angle":31.95},{"time":0.7333,"angle":48.11,"curve":[0.841,0,0.908,0.4]},{"time":1.1666,"angle":20.69},{"time":1.2,"angle":7},{"time":1.2333,"angle":4.97},{"time":1.2666,"angle":0.22}],"translate":[{"time":1.2,"x":0,"y":0,"curve":"stepped"},{"time":1.2666,"x":0,"y":0}],"scale":[{"time":1.2,"x":1,"y":1,"curve":"stepped"},{"time":1.2666,"x":1,"y":1}]},"chain_A":{"rotate":[{"time":0.5333,"angle":-157.19},{"time":0.7333,"angle":-131.11,"curve":"stepped"},{"time":1.1333,"angle":-131.11,"curve":"stepped"},{"time":1.2,"angle":-106.51},{"time":1.2333,"angle":-76.52},{"time":1.2666,"angle":-3.1}],"translate":[{"time":0.5333,"x":-351.34,"y":11.13},{"time":0.7333,"x":-195.16,"y":17.51,"curve":[0.841,0,0.908,0.4]},{"time":1.1333,"x":-225.13,"y":24.09,"curve":"stepped"},{"time":1.1666,"x":-218.56,"y":18.99,"curve":"stepped"},{"time":1.2,"x":-132.62,"y":-24.59},{"time":1.2333,"x":-89.48,"y":57.32},{"time":1.2666,"x":-77.72,"y":144.18,"curve":[0.154,0.8,0.75,1]},{"time":1.4333,"x":-101.13,"y":146.38}],"scale":[{"time":1.2,"x":1,"y":1,"curve":"stepped"},{"time":1.2666,"x":1,"y":1}]},"chain9":{"rotate":[{"time":0.5333,"angle":31.95},{"time":0.7333,"angle":36.48,"curve":"stepped"},{"time":1.1666,"angle":36.48,"curve":"stepped"},{"time":1.2,"angle":16.83},{"time":1.2666,"angle":20.28,"curve":[0.154,0.8,0.75,1]},{"time":1.4333,"angle":21.44}],"translate":[{"time":1.2,"x":0,"y":0,"curve":"stepped"},{"time":1.2666,"x":0,"y":0}],"scale":[{"time":1.2,"x":1,"y":1,"curve":"stepped"},{"time":1.2666,"x":1,"y":1}]},"chain8":{"rotate":[{"time":0.5333,"angle":31.95},{"time":0.7333,"angle":52.68,"curve":[0.841,0,0.908,0.4]},{"time":1.1666,"angle":33.12,"curve":"stepped"},{"time":1.2,"angle":25.33},{"time":1.2333,"angle":11.15},{"time":1.2666,"angle":11.39,"curve":[0.154,0.8,0.75,1]},{"time":1.4333,"angle":15.46}],"translate":[{"time":1.2,"x":0,"y":0,"curve":"stepped"},{"time":1.2666,"x":0,"y":0}],"scale":[{"time":1.2,"x":1,"y":1,"curve":"stepped"},{"time":1.2666,"x":1,"y":1}]},"chain7":{"rotate":[{"time":0.5333,"angle":0},{"time":0.7333,"angle":38.06,"curve":[0.841,0,0.908,0.4]},{"time":1.1666,"angle":64.65,"curve":"stepped"},{"time":1.2,"angle":41.83},{"time":1.2333,"angle":12.42},{"time":1.2666,"angle":15.94}],"translate":[{"time":1.2,"x":0,"y":0,"curve":"stepped"},{"time":1.2666,"x":0,"y":0}],"scale":[{"time":1.2,"x":1,"y":1,"curve":"stepped"},{"time":1.2666,"x":1,"y":1}]},"chain6":{"rotate":[{"time":0.5333,"angle":0},{"time":0.7333,"angle":4.03,"curve":"stepped"},{"time":1.1666,"angle":4.03},{"time":1.2,"angle":28.95},{"time":1.2333,"angle":15.55},{"time":1.2666,"angle":18.05,"curve":[0.154,0.8,0.75,1]},{"time":1.4333,"angle":12.27}],"translate":[{"time":1.2,"x":0,"y":0,"curve":"stepped"},{"time":1.2666,"x":0,"y":0}],"scale":[{"time":1.2,"x":1,"y":1,"curve":"stepped"},{"time":1.2666,"x":1,"y":1}]},"chain5":{"rotate":[{"time":1.1333,"angle":0},{"time":1.2,"angle":16.15},{"time":1.2333,"angle":44.63},{"time":1.2666,"angle":15.78}],"translate":[{"time":1.2,"x":0,"y":0,"curve":"stepped"},{"time":1.2666,"x":0,"y":0}],"scale":[{"time":1.2,"x":1,"y":1,"curve":"stepped"},{"time":1.2666,"x":1,"y":1}]},"chain4":{"rotate":[{"time":1.1333,"angle":0,"curve":"stepped"},{"time":1.2,"angle":0},{"time":1.2333,"angle":21.46},{"time":1.2666,"angle":12.21}],"translate":[{"time":1.2,"x":0,"y":0,"curve":"stepped"},{"time":1.2666,"x":0,"y":0}],"scale":[{"time":1.2,"x":1,"y":1,"curve":"stepped"},{"time":1.2666,"x":1,"y":1}]},"chain3":{"rotate":[{"time":1.1333,"angle":0,"curve":"stepped"},{"time":1.2,"angle":0},{"time":1.2666,"angle":-18.19}],"translate":[{"time":1.2,"x":0,"y":0},{"time":1.2666,"x":1.58,"y":3.15}],"scale":[{"time":1.2,"x":1,"y":1,"curve":"stepped"},{"time":1.2666,"x":1,"y":1}]},"chain1":{"rotate":[{"time":1.1333,"angle":0,"curve":"stepped"},{"time":1.2,"angle":0,"curve":"stepped"},{"time":1.2666,"angle":0}],"translate":[{"time":1.2,"x":0,"y":0,"curve":"stepped"},{"time":1.2666,"x":0,"y":0}],"scale":[{"time":1.2,"x":1,"y":1,"curve":"stepped"},{"time":1.2666,"x":1,"y":1}]},"chain2":{"rotate":[{"time":1.1333,"angle":0,"curve":"stepped"},{"time":1.2,"angle":0,"curve":"stepped"},{"time":1.2666,"angle":0}],"translate":[{"time":1.2,"x":0,"y":0,"curve":"stepped"},{"time":1.2666,"x":0,"y":0}],"scale":[{"time":1.2,"x":1,"y":1,"curve":"stepped"},{"time":1.2666,"x":1,"y":1}]},"amulet2":{"rotate":[{"time":0.5333,"angle":-13.53},{"time":0.7333,"angle":-41.82,"curve":[0.841,0,0.908,0.4]},{"time":1.1666,"angle":-32.08},{"time":1.2666,"angle":-9.79,"curve":[0.154,0.8,0.75,1]},{"time":1.4333,"angle":-11.41}],"translate":[{"time":0.7333,"x":0,"y":0,"curve":"stepped"},{"time":1.1666,"x":0,"y":0,"curve":"stepped"},{"time":1.2666,"x":0,"y":0}]},"chain19":{"rotate":[{"time":0.5333,"angle":-13.53},{"time":0.7333,"angle":-41.82,"curve":[0.841,0,0.908,0.4]},{"time":1.1666,"angle":-32.08},{"time":1.2666,"angle":0.61,"curve":[0.154,0.8,0.75,1]},{"time":1.4333,"angle":-2.59}],"translate":[{"time":0.7333,"x":0,"y":0,"curve":"stepped"},{"time":1.1666,"x":0,"y":0,"curve":"stepped"},{"time":1.2666,"x":0,"y":0}]},"chain_B":{"rotate":[{"time":0.5333,"angle":72.73},{"time":0.7333,"angle":118.67,"curve":[0.841,0,0.908,0.4]},{"time":1.1666,"angle":114.4},{"time":1.2666,"angle":51.27}],"translate":[{"time":0.5333,"x":6.71,"y":439.84},{"time":0.7333,"x":-195.81,"y":380.44,"curve":[0.793,0,0.912,0.39]},{"time":1.1333,"x":-204.07,"y":374.73,"curve":[0.337,0.32,0.665,0.65]},{"time":1.1666,"x":-193,"y":384.46},{"time":1.2,"x":-105.86,"y":317.57},{"time":1.2333,"x":-89.57,"y":261.04},{"time":1.2666,"x":-89.53,"y":215.66,"curve":[0.154,0.8,0.75,1]},{"time":1.4333,"x":-105.36,"y":199.99}]},"chain18":{"rotate":[{"time":0.5333,"angle":0},{"time":0.7333,"angle":-28.31,"curve":[0.841,0,0.908,0.4]},{"time":1.1666,"angle":-38.62},{"time":1.2666,"angle":-17.56,"curve":[0.154,0.8,0.75,1]},{"time":1.4333,"angle":-10.83}],"translate":[{"time":0.7333,"x":0,"y":0,"curve":"stepped"},{"time":1.1666,"x":0,"y":0,"curve":"stepped"},{"time":1.2666,"x":0,"y":0}]},"chain17":{"rotate":[{"time":0.5333,"angle":0},{"time":0.7333,"angle":-8.52,"curve":[0.841,0,0.908,0.4]},{"time":1.1666,"angle":-9.13},{"time":1.2,"angle":-20.57},{"time":1.2333,"angle":-25.84},{"time":1.2666,"angle":-14.9,"curve":[0.154,0.8,0.75,1]},{"time":1.4333,"angle":-17.95}],"translate":[{"time":0.7333,"x":0,"y":0,"curve":"stepped"},{"time":1.1666,"x":0,"y":0,"curve":"stepped"},{"time":1.2666,"x":0,"y":0}]},"chain11":{"rotate":[{"time":1.1666,"angle":0,"curve":"stepped"},{"time":1.2666,"angle":0}],"translate":[{"time":0.7333,"x":0,"y":0,"curve":"stepped"},{"time":1.1666,"x":0,"y":0,"curve":"stepped"},{"time":1.2666,"x":0,"y":0}]},"chain12":{"rotate":[{"time":1.1666,"angle":0,"curve":"stepped"},{"time":1.2666,"angle":0}],"translate":[{"time":0.7333,"x":0,"y":0,"curve":"stepped"},{"time":1.1666,"x":0,"y":0,"curve":"stepped"},{"time":1.2666,"x":0,"y":0}]},"chain13":{"rotate":[{"time":1.1666,"angle":0},{"time":1.2666,"angle":-2.78}],"translate":[{"time":0.7333,"x":0,"y":0,"curve":"stepped"},{"time":1.1666,"x":0,"y":0},{"time":1.2666,"x":5.46,"y":-3.03}]},"chain14":{"rotate":[{"time":1.1666,"angle":0},{"time":1.2666,"angle":-2.03}],"translate":[{"time":0.7333,"x":0,"y":0,"curve":"stepped"},{"time":1.1666,"x":0,"y":0,"curve":"stepped"},{"time":1.2666,"x":0,"y":0}]},"chain16":{"rotate":[{"time":1.1666,"angle":0},{"time":1.2666,"angle":-7.45}],"translate":[{"time":0.7333,"x":0,"y":0,"curve":"stepped"},{"time":1.1666,"x":0,"y":0,"curve":"stepped"},{"time":1.2666,"x":0,"y":0}]},"chain15":{"rotate":[{"time":1.1666,"angle":0},{"time":1.2666,"angle":-16.01,"curve":[0.154,0.8,0.75,1]},{"time":1.4333,"angle":-17.08}],"translate":[{"time":1.2666,"x":0,"y":0}]},"amulet3":{"rotate":[{"time":0.5333,"angle":31.03,"curve":"stepped"},{"time":0.7333,"angle":31.03,"curve":[0.841,0,0.908,0.4]},{"time":1.1666,"angle":14.31},{"time":1.2666,"angle":1.99}],"translate":[{"time":0.5333,"x":0,"y":0,"curve":"stepped"},{"time":0.7333,"x":0,"y":0,"curve":"stepped"},{"time":1.1666,"x":0,"y":0,"curve":"stepped"},{"time":1.2666,"x":0,"y":0}]},"chain29":{"rotate":[{"time":0.5333,"angle":10.58},{"time":0.7333,"angle":47.04,"curve":[0.841,0,0.908,0.4]},{"time":1.1666,"angle":25.85},{"time":1.2,"angle":11.26},{"time":1.2666,"angle":1.16}],"translate":[{"time":0.5333,"x":0,"y":0,"curve":"stepped"},{"time":0.7333,"x":0,"y":0,"curve":"stepped"},{"time":1.1666,"x":0,"y":0,"curve":"stepped"},{"time":1.2666,"x":0,"y":0}]},"chain_C":{"rotate":[{"time":0.5333,"angle":-57.96,"curve":"stepped"},{"time":0.7333,"angle":-57.96,"curve":"stepped"},{"time":1.1666,"angle":-57.96},{"time":1.2666,"angle":-58.05,"curve":[0.154,0.8,0.75,1]},{"time":1.4333,"angle":-61.42}],"translate":[{"time":0.5333,"x":86.5,"y":-113.87},{"time":0.7333,"x":63.2,"y":-70.31,"curve":[0.793,0,0.912,0.39]},{"time":1.1333,"x":49.66,"y":-65.12,"curve":[0.337,0.32,0.665,0.65]},{"time":1.1666,"x":50.29,"y":-70.14},{"time":1.2,"x":22.46,"y":21.78},{"time":1.2333,"x":-36.6,"y":104.96},{"time":1.2666,"x":-87.32,"y":141.11,"curve":[0.154,0.8,0.75,1]},{"time":1.4333,"x":-91.66,"y":127.26}]},"chain28":{"rotate":[{"time":0.5333,"angle":0},{"time":0.7333,"angle":6.99,"curve":[0.841,0,0.908,0.4]},{"time":1.1666,"angle":39.69},{"time":1.2,"angle":10.2},{"time":1.2333,"angle":3.77},{"time":1.2666,"angle":1.12}],"translate":[{"time":0.5333,"x":0,"y":0,"curve":"stepped"},{"time":0.7333,"x":0,"y":0,"curve":"stepped"},{"time":1.1666,"x":0,"y":0,"curve":"stepped"},{"time":1.2666,"x":0,"y":0}]},"chain21":{"rotate":[{"time":0.5333,"angle":0,"curve":"stepped"},{"time":0.7333,"angle":0,"curve":"stepped"},{"time":1.1666,"angle":0},{"time":1.2666,"angle":53.04}],"translate":[{"time":0.5333,"x":0,"y":0,"curve":"stepped"},{"time":0.7333,"x":0,"y":0,"curve":"stepped"},{"time":1.1666,"x":0,"y":0,"curve":"stepped"},{"time":1.2666,"x":0,"y":0}]},"chain22":{"rotate":[{"time":0.5333,"angle":0,"curve":"stepped"},{"time":0.7333,"angle":0,"curve":"stepped"},{"time":1.1666,"angle":0,"curve":"stepped"},{"time":1.2666,"angle":0}],"translate":[{"time":0.5333,"x":0,"y":0,"curve":"stepped"},{"time":0.7333,"x":0,"y":0,"curve":"stepped"},{"time":1.1666,"x":0,"y":0,"curve":"stepped"},{"time":1.2666,"x":0,"y":0}]},"chain23":{"rotate":[{"time":0.5333,"angle":0,"curve":"stepped"},{"time":0.7333,"angle":0,"curve":"stepped"},{"time":1.1666,"angle":0},{"time":1.2,"angle":6.47},{"time":1.2333,"angle":-6.33},{"time":1.2666,"angle":24.89}],"translate":[{"time":0.5333,"x":0,"y":0,"curve":"stepped"},{"time":0.7333,"x":0,"y":0,"curve":"stepped"},{"time":1.1666,"x":0,"y":0,"curve":"stepped"},{"time":1.2666,"x":0,"y":0}]},"chain24":{"rotate":[{"time":0.5333,"angle":0,"curve":"stepped"},{"time":0.7333,"angle":0,"curve":"stepped"},{"time":1.1666,"angle":0},{"time":1.2,"angle":-15.98},{"time":1.2666,"angle":-0.53}],"translate":[{"time":0.5333,"x":0,"y":0,"curve":"stepped"},{"time":0.7333,"x":0,"y":0,"curve":"stepped"},{"time":1.2666,"x":0,"y":0}]},"chain25":{"rotate":[{"time":0.5333,"angle":0,"curve":"stepped"},{"time":0.7333,"angle":0,"curve":"stepped"},{"time":1.1666,"angle":0,"curve":"stepped"},{"time":1.2,"angle":0},{"time":1.2333,"angle":31.64},{"time":1.2666,"angle":2.39,"curve":[0.154,0.8,0.75,1]},{"time":1.4333,"angle":7.78}],"translate":[{"time":0.5333,"x":0,"y":0,"curve":"stepped"},{"time":0.7333,"x":0,"y":0,"curve":"stepped"},{"time":1.1666,"x":0,"y":0,"curve":"stepped"},{"time":1.2666,"x":0,"y":0}]},"chain26":{"rotate":[{"time":0.5333,"angle":0,"curve":"stepped"},{"time":0.7333,"angle":0,"curve":"stepped"},{"time":1.1666,"angle":0},{"time":1.2,"angle":37.66},{"time":1.2333,"angle":18.83},{"time":1.2666,"angle":3.96,"curve":[0.154,0.8,0.75,1]},{"time":1.4333,"angle":-1.72}],"translate":[{"time":0.5333,"x":0,"y":0,"curve":"stepped"},{"time":0.7333,"x":0,"y":0,"curve":"stepped"},{"time":1.2666,"x":0,"y":0}]},"chain27":{"rotate":[{"time":0.5333,"angle":0,"curve":"stepped"},{"time":0.7333,"angle":0,"curve":"stepped"},{"time":1.1666,"angle":0},{"time":1.2,"angle":9.74},{"time":1.2333,"angle":4.87},{"time":1.2666,"angle":-0.57,"curve":[0.154,0.8,0.75,1]},{"time":1.4333,"angle":1.32}],"translate":[{"time":0.5333,"x":0,"y":0,"curve":"stepped"},{"time":0.7333,"x":0,"y":0,"curve":"stepped"},{"time":1.1666,"x":0,"y":0,"curve":"stepped"},{"time":1.2666,"x":0,"y":0}]},"50_S1_power1_B":{"rotate":[{"time":1.8333,"angle":-15.54}],"translate":[{"time":1.8333,"x":-208.57,"y":25.52}],"scale":[{"time":1.8333,"x":1.898,"y":1},{"time":2.0333,"x":1.898,"y":1.596}]},"50_S1_power2_B":{"rotate":[{"time":1.8666,"angle":-3.82}],"translate":[{"time":1.8666,"x":-182.36,"y":20.06}],"scale":[{"time":1.8666,"x":-1.9,"y":1},{"time":2.0666,"x":-1.9,"y":1.596}]},"50_S1_power3_B":{"rotate":[{"time":1.9,"angle":22.7}],"translate":[{"time":1.9,"x":-119.57,"y":32.07}],"scale":[{"time":1.9,"x":1.9,"y":1},{"time":2.1,"x":1.9,"y":1.596}]},"50_S1_power4_B":{"rotate":[{"time":1.9333,"angle":45.36}],"translate":[{"time":1.9333,"x":-98.23,"y":55.61}],"scale":[{"time":1.9333,"x":-1.432,"y":1.188},{"time":2.1333,"x":-1.9,"y":1.596}]},"50_S1_power5_A":{"rotate":[{"time":1.8333,"angle":74.46}],"translate":[{"time":1.8333,"x":-197.92,"y":28.33}],"scale":[{"time":1.8333,"x":1.898,"y":1},{"time":2.0333,"x":1.898,"y":1.596}]},"50_S1_power5_A2":{"rotate":[{"time":1.8666,"angle":-142.76}],"translate":[{"time":1.8666,"x":-189.64,"y":52.82}],"scale":[{"time":1.8666,"x":1.898,"y":1},{"time":2.0666,"x":1.898,"y":1.596}]},"50_S1_power5_A3":{"rotate":[{"time":1.9,"angle":-167.07}],"translate":[{"time":1.9,"x":-141.3,"y":82.7}],"scale":[{"time":1.9,"x":2.146,"y":1.198},{"time":2.1,"x":1.898,"y":1.753}]},"50_S1_power5_C":{"rotate":[{"time":1.8666,"angle":34.98}],"translate":[{"time":1.8666,"x":-213.44,"y":18.22}],"scale":[{"time":1.8666,"x":1.478,"y":0.933}]},"50_S1_power5_C2":{"rotate":[{"time":1.9,"angle":-148.36}],"translate":[{"time":1.9,"x":-176.39,"y":32.63}],"scale":[{"time":1.9,"x":1.478,"y":0.623},{"time":2.1333,"x":1.478,"y":1.078}]},"50_S1_power5_C3":{"rotate":[{"time":1.9333,"angle":-157.47}],"translate":[{"time":1.9333,"x":-133.64,"y":54.9}],"scale":[{"time":1.9333,"x":1.786,"y":0.753},{"time":2.1666,"x":1.786,"y":1.526}]},"DAMAGEAREA":{"translate":[{"time":1.2666,"x":-172.83,"y":61.95}],"scale":[{"time":1.2666,"x":2.782,"y":1}]}},"drawOrder":[{"time":1.2666,"offsets":[{"slot":"chain27","offset":1}]}],"events":[{"time":0,"name":"Event","float":0.1,"string":"kHitStopType_normal"},{"time":0.3333,"name":"Sound1","string":"cri_se_battle_arrow_light_effect"},{"time":0.3333,"name":"Voice","string":"cri_156_voice_attack_random"},{"time":1.0666,"name":"Sound1","string":"cri_se_battle_metal_rubbing"},{"time":1.2666,"name":"Sound1","string":"setHitSound(se_battle_thrustviolently)"},{"time":1.5,"name":"Voice","string":"cri_156_voice_attack_c"},{"time":1.8333,"name":"Event","float":0.1,"string":"kHitStopType_enemyonly"},{"time":1.8666,"name":"Hit","string":"resetHitList"},{"time":1.8666,"name":"Sound1","string":"setHitSound(se_battle_explosion_short)"},{"time":1.9333,"name":"Hit","string":"resetHitList"},{"time":1.9333,"name":"Sound1","string":"setHitSound(empty)"},{"time":2,"name":"Hit","string":"resetHitList"},{"time":2,"name":"Sound1","string":"setHitSound(se_battle_explosion_short)"}]},"back":{"slots":{"MAIN":{"attachment":[{"time":0,"name":"back_00"},{"time":0.4333,"name":"idle_02"},{"time":0.5,"name":"idle_01"},{"time":0.5333,"name":"idle_00"}]}},"bones":{"MAIN":{"rotate":[{"time":0.5333,"angle":-0.6}],"translate":[{"time":0,"x":0,"y":0,"curve":[0.494,0,0.75,1]},{"time":0.2,"x":70,"y":8.23,"curve":[0.176,0.31,0.75,1]},{"time":0.3666,"x":120,"y":1,"curve":[0.186,0.49,0.75,1]},{"time":0.5333,"x":140,"y":0}]}},"events":[{"time":0,"name":"Sound1","string":"cri_se_battle_jump"},{"time":0.4333,"name":"Sound1","string":"cri_se_battle_landing"}]},"cast":{"slots":{"MAIN":{"attachment":[{"time":0,"name":"idle_00"},{"time":0.2333,"name":"attack_03"},{"time":0.3,"name":"attack_04"},{"time":0.7,"name":"attack_00"},{"time":0.7666,"name":"attack_06"},{"time":0.8333,"name":"idle_00"}]}},"events":[{"time":0.3,"name":"Voice","string":"cri_156_voice_item"}]},"damage":{"slots":{"MAIN":{"attachment":[{"time":0,"name":"damage_00"}]}}},"front":{"slots":{"MAIN":{"attachment":[{"time":0,"name":"front_00"}]}}},"idle":{"slots":{"MAIN":{"attachment":[{"time":0,"name":"idle_00"},{"time":0.2,"name":"idle_01"},{"time":0.4,"name":"idle_02"},{"time":0.6,"name":"idle_03"},{"time":0.8,"name":"idle_04"},{"time":1,"name":"idle_00"}]}}},"skill1":{"slots":{"MAIN":{"attachment":[{"time":0,"name":"idle_00"},{"time":0.0666,"name":"attack_00"},{"time":0.5,"name":"attack_01"},{"time":2,"name":"attack_02"},{"time":2.1333,"name":"attack_03"},{"time":2.2,"name":"attack_04"},{"time":2.3,"name":"attack_05"},{"time":2.4,"name":"attack_04"},{"time":3.9,"name":"attack_02"},{"time":4,"name":"attack_06"},{"time":4.2333,"name":"idle_01"},{"time":4.3333,"name":"idle_00"}]}},"events":[{"time":0.5,"name":"Voice","string":"cri_156_voice_skill_c"},{"time":0.5333,"name":"Sound1","string":"cri_se_scenario_fetters_magic"},{"time":0.5333,"name":"Sound2","string":"cri_se_battle_033_explosion_element_01"},{"time":2,"name":"Voice","string":"cri_156_voice_skill_a"},{"time":2.2,"name":"Sound2","string":"cri_se_battle_033_explosion_element_01"},{"time":2.2666,"name":"Event","string":"shakeGround"},{"time":2.3,"name":"Event","string":"addOrbitSystemInsightRotation(fire1,explosion1,1,-80,130,180,0)"},{"time":2.3333,"name":"Event","string":"addOrbitSystemInsightRotation(fire2,explosion1,1,-80,130,180,0)"},{"time":2.3666,"name":"Event","string":"addOrbitSystemInsightRotation(fire3,explosion1,1,-80,130,180,0)"},{"time":2.9666,"name":"Event","string":"shakeGround"},{"time":3,"name":"Event","string":"addOrbitSystemInsightRotation(fire4,explosion2,1,-80,130,180,0)"}]},"skill2":{"slots":{"DAMAGEAREA":{"attachment":[{"time":2.1666,"name":"DAMAGEAREA"},{"time":2.4666,"name":null},{"time":4.0333,"name":"DAMAGEAREA"},{"time":4.3333,"name":null}]},"EF/100_S1_dusty1/100_S1_dusty1_00000":{"attachment":[{"time":4,"name":"EF/100_S1_dusty1/100_S1_dusty1_00000"},{"time":4.0333,"name":"EF/100_S1_dusty1/100_S1_dusty1_00001"},{"time":4.0666,"name":"EF/100_S1_dusty1/100_S1_dusty1_00002"},{"time":4.1,"name":"EF/100_S1_dusty1/100_S1_dusty1_00003"},{"time":4.1333,"name":"EF/100_S1_dusty1/100_S1_dusty1_00004"},{"time":4.1666,"name":"EF/100_S1_dusty1/100_S1_dusty1_00005"},{"time":4.2,"name":"EF/100_S1_dusty1/100_S1_dusty1_00006"},{"time":4.2333,"name":"EF/100_S1_dusty1/100_S1_dusty1_00007"},{"time":4.2666,"name":"EF/100_S1_dusty1/100_S1_dusty1_00008"},{"time":4.3,"name":"EF/100_S1_dusty1/100_S1_dusty1_00009"},{"time":4.3333,"name":"EF/100_S1_dusty1/100_S1_dusty1_00010"},{"time":4.3666,"name":"EF/100_S1_dusty1/100_S1_dusty1_00011"},{"time":4.4,"name":"EF/100_S1_dusty1/100_S1_dusty1_00012"},{"time":4.4333,"name":"EF/100_S1_dusty1/100_S1_dusty1_00013"},{"time":4.4666,"name":"EF/100_S1_dusty1/100_S1_dusty1_00014"},{"time":4.5,"name":"EF/100_S1_dusty1/100_S1_dusty1_00015"},{"time":4.5333,"name":null}]},"EF/100_S1_dusty1/100_S1_dusty1_0":{"attachment":[{"time":4.1,"name":"EF/100_S1_dusty1/100_S1_dusty1_00000"},{"time":4.1333,"name":"EF/100_S1_dusty1/100_S1_dusty1_00001"},{"time":4.1666,"name":"EF/100_S1_dusty1/100_S1_dusty1_00002"},{"time":4.2,"name":"EF/100_S1_dusty1/100_S1_dusty1_00003"},{"time":4.2333,"name":"EF/100_S1_dusty1/100_S1_dusty1_00004"},{"time":4.2666,"name":"EF/100_S1_dusty1/100_S1_dusty1_00005"},{"time":4.3,"name":"EF/100_S1_dusty1/100_S1_dusty1_00006"},{"time":4.3333,"name":"EF/100_S1_dusty1/100_S1_dusty1_00007"},{"time":4.3666,"name":"EF/100_S1_dusty1/100_S1_dusty1_00008"},{"time":4.4,"name":"EF/100_S1_dusty1/100_S1_dusty1_00009"},{"time":4.4333,"name":"EF/100_S1_dusty1/100_S1_dusty1_00010"},{"time":4.4666,"name":"EF/100_S1_dusty1/100_S1_dusty1_00011"},{"time":4.5,"name":"EF/100_S1_dusty1/100_S1_dusty1_00012"},{"time":4.5333,"name":"EF/100_S1_dusty1/100_S1_dusty1_00013"},{"time":4.5666,"name":"EF/100_S1_dusty1/100_S1_dusty1_00014"},{"time":4.6,"name":"EF/100_S1_dusty1/100_S1_dusty1_00015"},{"time":4.6333,"name":null}]},"EF/100_S1_dusty1/100_S1_dusty1_1":{"attachment":[{"time":4.2,"name":"EF/100_S1_dusty1/100_S1_dusty1_00000"},{"time":4.2333,"name":"EF/100_S1_dusty1/100_S1_dusty1_00001"},{"time":4.2666,"name":"EF/100_S1_dusty1/100_S1_dusty1_00002"},{"time":4.3,"name":"EF/100_S1_dusty1/100_S1_dusty1_00003"},{"time":4.3333,"name":"EF/100_S1_dusty1/100_S1_dusty1_00004"},{"time":4.3666,"name":"EF/100_S1_dusty1/100_S1_dusty1_00005"},{"time":4.4,"name":"EF/100_S1_dusty1/100_S1_dusty1_00006"},{"time":4.4333,"name":"EF/100_S1_dusty1/100_S1_dusty1_00007"},{"time":4.4666,"name":"EF/100_S1_dusty1/100_S1_dusty1_00008"},{"time":4.5,"name":"EF/100_S1_dusty1/100_S1_dusty1_00009"},{"time":4.5333,"name":"EF/100_S1_dusty1/100_S1_dusty1_00010"},{"time":4.5666,"name":"EF/100_S1_dusty1/100_S1_dusty1_00011"},{"time":4.6,"name":"EF/100_S1_dusty1/100_S1_dusty1_00012"},{"time":4.6333,"name":"EF/100_S1_dusty1/100_S1_dusty1_00013"},{"time":4.6666,"name":"EF/100_S1_dusty1/100_S1_dusty1_00014"},{"time":4.7,"name":"EF/100_S1_dusty1/100_S1_dusty1_00015"},{"time":4.7333,"name":null}]},"EF/100_S1_dusty1/100_S1_dusty1_2":{"attachment":[{"time":4.3,"name":"EF/100_S1_dusty1/100_S1_dusty1_00000"},{"time":4.3333,"name":"EF/100_S1_dusty1/100_S1_dusty1_00001"},{"time":4.3666,"name":"EF/100_S1_dusty1/100_S1_dusty1_00002"},{"time":4.4,"name":"EF/100_S1_dusty1/100_S1_dusty1_00003"},{"time":4.4333,"name":"EF/100_S1_dusty1/100_S1_dusty1_00004"},{"time":4.4666,"name":"EF/100_S1_dusty1/100_S1_dusty1_00005"},{"time":4.5,"name":"EF/100_S1_dusty1/100_S1_dusty1_00006"},{"time":4.5333,"name":"EF/100_S1_dusty1/100_S1_dusty1_00007"},{"time":4.5666,"name":"EF/100_S1_dusty1/100_S1_dusty1_00008"},{"time":4.6,"name":"EF/100_S1_dusty1/100_S1_dusty1_00009"},{"time":4.6333,"name":"EF/100_S1_dusty1/100_S1_dusty1_00010"},{"time":4.6666,"name":"EF/100_S1_dusty1/100_S1_dusty1_00011"},{"time":4.7,"name":"EF/100_S1_dusty1/100_S1_dusty1_00012"},{"time":4.7333,"name":"EF/100_S1_dusty1/100_S1_dusty1_00013"},{"time":4.7666,"name":"EF/100_S1_dusty1/100_S1_dusty1_00014"},{"time":4.8,"name":"EF/100_S1_dusty1/100_S1_dusty1_00015"},{"time":4.8333,"name":null}]},"EF/100_S1_wave1/100_S1_wave1_00000":{"attachment":[{"time":0.1666,"name":"EF/100_S1_wave1/100_S1_wave1_00000"},{"time":0.2,"name":"EF/100_S1_wave1/100_S1_wave1_00001"},{"time":0.2333,"name":"EF/100_S1_wave1/100_S1_wave1_00002"},{"time":0.2666,"name":"EF/100_S1_wave1/100_S1_wave1_00003"},{"time":0.3,"name":"EF/100_S1_wave1/100_S1_wave1_00004"},{"time":0.3333,"name":"EF/100_S1_wave1/100_S1_wave1_00005"},{"time":0.3666,"name":"EF/100_S1_wave1/100_S1_wave1_00006"},{"time":0.4,"name":"EF/100_S1_wave1/100_S1_wave1_00007"},{"time":0.4333,"name":"EF/100_S1_wave1/100_S1_wave1_00008"},{"time":0.4666,"name":"EF/100_S1_wave1/100_S1_wave1_00009"},{"time":0.5,"name":"EF/100_S1_wave1/100_S1_wave1_00010"},{"time":0.5333,"name":"EF/100_S1_wave1/100_S1_wave1_00011"},{"time":0.5666,"name":"EF/100_S1_wave1/100_S1_wave1_00013"},{"time":0.6,"name":null},{"time":2.1666,"name":"EF/100_S1_wave1/100_S1_wave1_00000"},{"time":2.2,"name":"EF/100_S1_wave1/100_S1_wave1_00001"},{"time":2.2333,"name":"EF/100_S1_wave1/100_S1_wave1_00002"},{"time":2.2666,"name":"EF/100_S1_wave1/100_S1_wave1_00003"},{"time":2.3,"name":"EF/100_S1_wave1/100_S1_wave1_00004"},{"time":2.3333,"name":"EF/100_S1_wave1/100_S1_wave1_00005"},{"time":2.3666,"name":"EF/100_S1_wave1/100_S1_wave1_00006"},{"time":2.4,"name":"EF/100_S1_wave1/100_S1_wave1_00007"},{"time":2.4333,"name":"EF/100_S1_wave1/100_S1_wave1_00008"},{"time":2.4666,"name":"EF/100_S1_wave1/100_S1_wave1_00009"},{"time":2.5,"name":"EF/100_S1_wave1/100_S1_wave1_00010"},{"time":2.5333,"name":"EF/100_S1_wave1/100_S1_wave1_00011"},{"time":2.5666,"name":"EF/100_S1_wave1/100_S1_wave1_00013"},{"time":2.6,"name":null},{"time":4,"name":"EF/100_S1_wave1/100_S1_wave1_00000"},{"time":4.0333,"name":"EF/100_S1_wave1/100_S1_wave1_00001"},{"time":4.0666,"name":"EF/100_S1_wave1/100_S1_wave1_00002"},{"time":4.1,"name":"EF/100_S1_wave1/100_S1_wave1_00003"},{"time":4.1333,"name":"EF/100_S1_wave1/100_S1_wave1_00004"},{"time":4.1666,"name":"EF/100_S1_wave1/100_S1_wave1_00005"},{"time":4.2,"name":"EF/100_S1_wave1/100_S1_wave1_00006"},{"time":4.2333,"name":"EF/100_S1_wave1/100_S1_wave1_00007"},{"time":4.2666,"name":"EF/100_S1_wave1/100_S1_wave1_00008"},{"time":4.3,"name":"EF/100_S1_wave1/100_S1_wave1_00009"},{"time":4.3333,"name":"EF/100_S1_wave1/100_S1_wave1_00010"},{"time":4.3666,"name":"EF/100_S1_wave1/100_S1_wave1_00011"},{"time":4.4,"name":"EF/100_S1_wave1/100_S1_wave1_00013"},{"time":4.4333,"name":null}],"color":[{"time":2.1666,"color":"ffa399ff"}]},"EF/100_S1_wave1/100_S1_wave1_0":{"attachment":[{"time":4.1,"name":"EF/100_S1_wave1/100_S1_wave1_00000"},{"time":4.1333,"name":"EF/100_S1_wave1/100_S1_wave1_00001"},{"time":4.1666,"name":"EF/100_S1_wave1/100_S1_wave1_00002"},{"time":4.2,"name":"EF/100_S1_wave1/100_S1_wave1_00003"},{"time":4.2333,"name":"EF/100_S1_wave1/100_S1_wave1_00004"},{"time":4.2666,"name":"EF/100_S1_wave1/100_S1_wave1_00005"},{"time":4.3,"name":"EF/100_S1_wave1/100_S1_wave1_00006"},{"time":4.3333,"name":"EF/100_S1_wave1/100_S1_wave1_00007"},{"time":4.3666,"name":"EF/100_S1_wave1/100_S1_wave1_00008"},{"time":4.4,"name":"EF/100_S1_wave1/100_S1_wave1_00009"},{"time":4.4333,"name":"EF/100_S1_wave1/100_S1_wave1_00010"},{"time":4.4666,"name":"EF/100_S1_wave1/100_S1_wave1_00011"},{"time":4.5,"name":"EF/100_S1_wave1/100_S1_wave1_00013"},{"time":4.5333,"name":null}]},"EF/100_S1_wave1/100_S1_wave1_1":{"attachment":[{"time":4.2,"name":"EF/100_S1_wave1/100_S1_wave1_00000"},{"time":4.2333,"name":"EF/100_S1_wave1/100_S1_wave1_00001"},{"time":4.2666,"name":"EF/100_S1_wave1/100_S1_wave1_00002"},{"time":4.3,"name":"EF/100_S1_wave1/100_S1_wave1_00003"},{"time":4.3333,"name":"EF/100_S1_wave1/100_S1_wave1_00004"},{"time":4.3666,"name":"EF/100_S1_wave1/100_S1_wave1_00005"},{"time":4.4,"name":"EF/100_S1_wave1/100_S1_wave1_00006"},{"time":4.4333,"name":"EF/100_S1_wave1/100_S1_wave1_00007"},{"time":4.4666,"name":"EF/100_S1_wave1/100_S1_wave1_00008"},{"time":4.5,"name":"EF/100_S1_wave1/100_S1_wave1_00009"},{"time":4.5333,"name":"EF/100_S1_wave1/100_S1_wave1_00010"},{"time":4.5666,"name":"EF/100_S1_wave1/100_S1_wave1_00011"},{"time":4.6,"name":"EF/100_S1_wave1/100_S1_wave1_00013"},{"time":4.6333,"name":null}]},"EF/100_S1_wave1/100_S1_wave1_2":{"attachment":[{"time":4.3,"name":"EF/100_S1_wave1/100_S1_wave1_00000"},{"time":4.3333,"name":"EF/100_S1_wave1/100_S1_wave1_00001"},{"time":4.3666,"name":"EF/100_S1_wave1/100_S1_wave1_00002"},{"time":4.4,"name":"EF/100_S1_wave1/100_S1_wave1_00003"},{"time":4.4333,"name":"EF/100_S1_wave1/100_S1_wave1_00004"},{"time":4.4666,"name":"EF/100_S1_wave1/100_S1_wave1_00005"},{"time":4.5,"name":"EF/100_S1_wave1/100_S1_wave1_00006"},{"time":4.5333,"name":"EF/100_S1_wave1/100_S1_wave1_00007"},{"time":4.5666,"name":"EF/100_S1_wave1/100_S1_wave1_00008"},{"time":4.6,"name":"EF/100_S1_wave1/100_S1_wave1_00009"},{"time":4.6333,"name":"EF/100_S1_wave1/100_S1_wave1_00010"},{"time":4.6666,"name":"EF/100_S1_wave1/100_S1_wave1_00011"},{"time":4.7,"name":"EF/100_S1_wave1/100_S1_wave1_00013"},{"time":4.7333,"name":null}]},"EF/efr_SKL1_wave1/efr_SKL1_wave1_00005":{"attachment":[{"time":0.9666,"name":"EF/efr_SKL1_wave1/efr_SKL1_wave1_00005"},{"time":1,"name":"EF/efr_SKL1_wave1/efr_SKL1_wave1_00008"},{"time":1.0333,"name":"EF/efr_SKL1_wave1/efr_SKL1_wave1_00009"},{"time":1.0666,"name":"EF/efr_SKL1_wave1/efr_SKL1_wave1_00011"},{"time":1.1,"name":"EF/efr_SKL1_wave1/efr_SKL1_wave1_00012"},{"time":1.1333,"name":"EF/efr_SKL1_wave1/efr_SKL1_wave1_00013"},{"time":1.1666,"name":"EF/efr_SKL1_wave1/efr_SKL1_wave1_00015"},{"time":1.2,"name":"EF/efr_SKL1_wave1/efr_SKL1_wave1_00016"},{"time":1.2333,"name":"EF/efr_SKL1_wave1/efr_SKL1_wave1_00018"},{"time":1.2666,"name":"EF/efr_SKL1_wave1/efr_SKL1_wave1_00019"},{"time":1.3,"name":"EF/efr_SKL1_wave1/efr_SKL1_wave1_00020"},{"time":1.3333,"name":"EF/efr_SKL1_wave1/efr_SKL1_wave1_00021"},{"time":1.3666,"name":"EF/efr_SKL1_wave1/efr_SKL1_wave1_00022"},{"time":1.4,"name":"EF/efr_SKL1_wave1/efr_SKL1_wave1_00023"},{"time":1.4333,"name":"EF/efr_SKL1_wave1/efr_SKL1_wave1_00005"},{"time":1.4666,"name":"EF/efr_SKL1_wave1/efr_SKL1_wave1_00008"},{"time":1.5,"name":"EF/efr_SKL1_wave1/efr_SKL1_wave1_00009"},{"time":1.5333,"name":"EF/efr_SKL1_wave1/efr_SKL1_wave1_00011"},{"time":1.5666,"name":"EF/efr_SKL1_wave1/efr_SKL1_wave1_00012"},{"time":1.6,"name":"EF/efr_SKL1_wave1/efr_SKL1_wave1_00013"},{"time":1.6333,"name":"EF/efr_SKL1_wave1/efr_SKL1_wave1_00015"},{"time":1.6666,"name":"EF/efr_SKL1_wave1/efr_SKL1_wave1_00016"},{"time":1.7,"name":"EF/efr_SKL1_wave1/efr_SKL1_wave1_00018"},{"time":1.7333,"name":"EF/efr_SKL1_wave1/efr_SKL1_wave1_00019"},{"time":1.7666,"name":"EF/efr_SKL1_wave1/efr_SKL1_wave1_00020"},{"time":1.8,"name":"EF/efr_SKL1_wave1/efr_SKL1_wave1_00021"},{"time":1.8333,"name":"EF/efr_SKL1_wave1/efr_SKL1_wave1_00022"},{"time":1.8666,"name":"EF/efr_SKL1_wave1/efr_SKL1_wave1_00023"},{"time":1.9,"name":null}]},"EF/efr_SKL1_wave1/efr_SKL1_wave1_5":{"attachment":[{"time":1.2,"name":"EF/efr_SKL1_wave1/efr_SKL1_wave1_00005"},{"time":1.2333,"name":"EF/efr_SKL1_wave1/efr_SKL1_wave1_00008"},{"time":1.2666,"name":"EF/efr_SKL1_wave1/efr_SKL1_wave1_00009"},{"time":1.3,"name":"EF/efr_SKL1_wave1/efr_SKL1_wave1_00011"},{"time":1.3333,"name":"EF/efr_SKL1_wave1/efr_SKL1_wave1_00012"},{"time":1.3666,"name":"EF/efr_SKL1_wave1/efr_SKL1_wave1_00013"},{"time":1.4,"name":"EF/efr_SKL1_wave1/efr_SKL1_wave1_00015"},{"time":1.4333,"name":"EF/efr_SKL1_wave1/efr_SKL1_wave1_00016"},{"time":1.4666,"name":"EF/efr_SKL1_wave1/efr_SKL1_wave1_00018"},{"time":1.5,"name":"EF/efr_SKL1_wave1/efr_SKL1_wave1_00019"},{"time":1.5333,"name":"EF/efr_SKL1_wave1/efr_SKL1_wave1_00020"},{"time":1.5666,"name":"EF/efr_SKL1_wave1/efr_SKL1_wave1_00021"},{"time":1.6,"name":"EF/efr_SKL1_wave1/efr_SKL1_wave1_00022"},{"time":1.6333,"name":"EF/efr_SKL1_wave1/efr_SKL1_wave1_00023"},{"time":1.6666,"name":"EF/efr_SKL1_wave1/efr_SKL1_wave1_00005"},{"time":1.7,"name":"EF/efr_SKL1_wave1/efr_SKL1_wave1_00008"},{"time":1.7333,"name":"EF/efr_SKL1_wave1/efr_SKL1_wave1_00009"},{"time":1.7666,"name":"EF/efr_SKL1_wave1/efr_SKL1_wave1_00011"},{"time":1.8,"name":"EF/efr_SKL1_wave1/efr_SKL1_wave1_00012"},{"time":1.8333,"name":"EF/efr_SKL1_wave1/efr_SKL1_wave1_00013"},{"time":1.8666,"name":"EF/efr_SKL1_wave1/efr_SKL1_wave1_00015"},{"time":1.9,"name":"EF/efr_SKL1_wave1/efr_SKL1_wave1_00016"},{"time":1.9333,"name":"EF/efr_SKL1_wave1/efr_SKL1_wave1_00018"},{"time":1.9666,"name":"EF/efr_SKL1_wave1/efr_SKL1_wave1_00019"},{"time":2,"name":"EF/efr_SKL1_wave1/efr_SKL1_wave1_00020"},{"time":2.0333,"name":"EF/efr_SKL1_wave1/efr_SKL1_wave1_00021"},{"time":2.0666,"name":"EF/efr_SKL1_wave1/efr_SKL1_wave1_00022"},{"time":2.1,"name":"EF/efr_SKL1_wave1/efr_SKL1_wave1_00023"},{"time":2.1333,"name":null}]},"EF/fire/Fire10015":{"attachment":[{"time":2.1666,"name":"EF/fire/Fire10015"},{"time":2.2,"name":"EF/fire/Fire10017"},{"time":2.2333,"name":"EF/fire/Fire10019"},{"time":2.2666,"name":"EF/fire/Fire10021"},{"time":2.3,"name":"EF/fire/Fire10023"},{"time":2.3333,"name":"EF/fire/Fire10025"},{"time":2.3666,"name":"EF/fire/Fire10027"},{"time":2.4,"name":"EF/fire/Fire10029"},{"time":2.4333,"name":"EF/fire/Fire10031"},{"time":2.4666,"name":"EF/fire/Fire10033"},{"time":2.5,"name":"EF/fire/Fire10035"},{"time":2.5333,"name":"EF/fire/Fire10037"},{"time":2.5666,"name":"EF/fire/Fire10039"},{"time":2.6,"name":"EF/fire/Fire10041"},{"time":2.6333,"name":"EF/fire/Fire10043"},{"time":2.6666,"name":"EF/fire/Fire10045"},{"time":2.7,"name":"EF/fire/Fire10047"},{"time":2.7333,"name":"EF/fire/Fire10049"},{"time":2.7666,"name":"EF/fire/Fire10051"},{"time":2.8,"name":"EF/fire/Fire10053"},{"time":2.8333,"name":"EF/fire/Fire10055"},{"time":2.8666,"name":"EF/fire/Fire10057"},{"time":2.9,"name":"EF/fire/Fire10059"},{"time":2.9333,"name":"EF/fire/Fire10061"},{"time":2.9666,"name":"EF/fire/Fire10063"},{"time":3,"name":"EF/fire/Fire10065"},{"time":3.0333,"name":"EF/fire/Fire10067"},{"time":3.0666,"name":"EF/fire/Fire10069"},{"time":3.1,"name":"EF/fire/Fire10071"},{"time":3.1333,"name":"EF/fire/Fire10073"},{"time":3.1666,"name":"EF/fire/Fire10075"},{"time":3.2,"name":"EF/fire/Fire10077"},{"time":3.2333,"name":"EF/fire/Fire10079"},{"time":3.2666,"name":"EF/fire/Fire10081"},{"time":3.3,"name":"EF/fire/Fire10083"},{"time":3.3333,"name":"EF/fire/Fire10085"},{"time":3.3666,"name":"EF/fire/Fire10087"},{"time":3.4,"name":"EF/fire/Fire10089"},{"time":3.4333,"name":"EF/fire/Fire10091"},{"time":3.4666,"name":"EF/fire/Fire10093"},{"time":3.5,"name":"EF/fire/Fire10095"},{"time":3.5333,"name":"EF/fire/Fire10097"},{"time":3.5666,"name":"EF/fire/Fire10099"},{"time":3.6,"name":"EF/fire/Fire10101"},{"time":3.6333,"name":"EF/fire/Fire10015"},{"time":3.6666,"name":"EF/fire/Fire10017"},{"time":3.7,"name":"EF/fire/Fire10019"},{"time":3.7333,"name":"EF/fire/Fire10021"},{"time":3.7666,"name":"EF/fire/Fire10023"},{"time":3.8,"name":"EF/fire/Fire10025"},{"time":3.8333,"name":"EF/fire/Fire10027"},{"time":3.8666,"name":"EF/fire/Fire10029"},{"time":3.9,"name":"EF/fire/Fire10031"},{"time":3.9333,"name":"EF/fire/Fire10033"},{"time":3.9666,"name":"EF/fire/Fire10035"},{"time":4,"name":"EF/fire/Fire10037"},{"time":4.0333,"name":"EF/fire/Fire10039"},{"time":4.0666,"name":"EF/fire/Fire10041"},{"time":4.1,"name":"EF/fire/Fire10043"}],"color":[{"time":2.1666,"color":"ffffffff"},{"time":3.2666,"color":"ffb89bff","curve":"stepped"},{"time":3.9,"color":"ffb89bff"},{"time":4.1,"color":"ffb89b00"}]},"MAIN":{"attachment":[{"time":0,"name":"idle_00"},{"time":0.1666,"name":"attack_00"},{"time":0.8333,"name":"skill2_00"},{"time":2.1666,"name":"skill2_01"},{"time":3.2666,"name":"skill2_02"},{"time":3.9333,"name":"skill2_03"},{"time":5.7,"name":"skill2_06"},{"time":5.8666,"name":"skill2_05"},{"time":5.9333,"name":"skill2_04"},{"time":6.4666,"name":"skill2_05"},{"time":6.5333,"name":"skill2_06"},{"time":6.6,"name":"skill2_00"},{"time":7.6,"name":"idle_03"},{"time":7.7333,"name":"idle_02"},{"time":7.8666,"name":"idle_01"},{"time":8,"name":"idle_00"}],"color":[{"time":4.1666,"color":"ffffffff"},{"time":4.3,"color":"ffffff00","curve":"stepped"},{"time":5.8,"color":"ffffff00"},{"time":5.9333,"color":"ffffffff"}]}},"bones":{"MAIN":{"rotate":[{"time":2.1666,"angle":0,"curve":"stepped"},{"time":3.2333,"angle":0}],"translate":[{"time":0.8333,"x":0,"y":0,"curve":[0.154,0.65,0.546,1]},{"time":2.1666,"x":0,"y":3.21,"curve":[0.176,0.56,0.625,1]},{"time":2.5,"x":0,"y":9.35,"curve":[0.216,0.31,0.75,1]},{"time":3.1,"x":0,"y":11.21,"curve":"stepped"},{"time":3.2333,"x":0,"y":11.21},{"time":3.2666,"x":7.1,"y":11.21,"curve":[0.18,0.35,0.75,1]},{"time":3.6,"x":9.72,"y":9.34},{"time":3.9,"x":10.47,"y":8.6,"curve":"stepped"},{"time":3.9333,"x":10.47,"y":8.6},{"time":4.1666,"x":-545.63,"y":8.6},{"time":4.3,"x":-704.16,"y":8.6,"curve":"stepped"},{"time":5.5666,"x":0,"y":99.67,"curve":[0.586,0,0.841,0.39]},{"time":5.8666,"x":0,"y":36.37,"curve":[0.22,0.32,0.75,1]},{"time":6.1666,"x":0,"y":19.1,"curve":[0.25,0,0.75,1]},{"time":6.4666,"x":0,"y":16.37},{"time":6.5666,"x":0,"y":15.35,"curve":[0.497,0,0.75,1]},{"time":6.8333,"x":0,"y":14.4,"curve":[0.25,0,0.787,0.7]},{"time":7.5666,"x":0,"y":3.08,"curve":[0.206,0.46,0.75,1]},{"time":7.8,"x":0,"y":0}],"scale":[{"time":2.1666,"x":1,"y":1,"curve":"stepped"},{"time":3.2333,"x":1,"y":1}]},"S1_wave1":{"translate":[{"time":0.1666,"x":-39.09,"y":3.56},{"time":0.3,"x":-39.09,"y":7.46,"curve":"stepped"},{"time":2.1666,"x":0.06,"y":3.56},{"time":2.3666,"x":0.06,"y":17.66,"curve":"stepped"},{"time":4,"x":-65.24,"y":11.15}],"scale":[{"time":0.1666,"x":1,"y":1},{"time":0.3,"x":2.386,"y":2.386,"curve":"stepped"},{"time":2.1666,"x":1,"y":1},{"time":2.3666,"x":4.704,"y":4.704}]},"efr_SKL1_wave1":{"translate":[{"time":0.9666,"x":-3.24,"y":36.78}],"scale":[{"time":0.9666,"x":2.087,"y":2.087}]},"efr_SKL1_wave2":{"translate":[{"time":1.2,"x":-3.24,"y":36.78}],"scale":[{"time":1.2,"x":2.087,"y":2.087}]},"Fire":{"rotate":[{"time":3.9,"angle":0,"curve":"stepped"},{"time":3.9333,"angle":-80.91}],"translate":[{"time":2.1666,"x":7.01,"y":157.41,"curve":"stepped"},{"time":3.2666,"x":7.01,"y":157.41},{"time":3.7,"x":9.87,"y":156.34,"curve":"stepped"},{"time":3.9,"x":9.87,"y":156.34,"curve":"stepped"},{"time":3.9333,"x":102.97,"y":61.14},{"time":4.1,"x":-103.75,"y":61.14}],"scale":[{"time":2.1666,"x":3.559,"y":3.559}]},"100_S1_dusty1":{"translate":[{"time":4,"x":-59.79,"y":2.59}],"scale":[{"time":4,"x":2.9,"y":2.9}]},"100_S1_dusty2":{"translate":[{"time":4.1,"x":-221.41,"y":2.59}],"scale":[{"time":4.1,"x":2.9,"y":2.9}]},"100_S1_dusty3":{"translate":[{"time":4.2,"x":-403.99,"y":2.59}],"scale":[{"time":4.2,"x":2.9,"y":2.9}]},"EF":{"translate":[{"time":0,"x":-7.18,"y":6.15}]},"S1_wave2":{"translate":[{"time":4.1,"x":-252.51,"y":11.15}],"scale":[{"time":4.1,"x":4.704,"y":4.704}]},"S1_wave3":{"translate":[{"time":4.2,"x":-402.11,"y":11.15}],"scale":[{"time":4.2,"x":4.704,"y":4.704}]},"100_S1_dusty4":{"translate":[{"time":4.3,"x":-531.92,"y":2.59}],"scale":[{"time":4.3,"x":2.9,"y":2.9}]},"S1_wave4":{"translate":[{"time":4.3,"x":-526.33,"y":11.15}],"scale":[{"time":4.3,"x":4.704,"y":4.704}]},"DAMAGEAREA":{"translate":[{"time":2.1666,"x":-10.31,"y":59.79,"curve":"stepped"},{"time":4.0333,"x":-36.11,"y":137.19},{"time":4.3,"x":-374.73,"y":137.19}],"scale":[{"time":2.1666,"x":1.998,"y":1.998,"curve":"stepped"},{"time":2.2666,"x":1.998,"y":1.998},{"time":2.4,"x":4.655,"y":4.655,"curve":"stepped"},{"time":4.0333,"x":4.655,"y":2.854},{"time":4.3,"x":7.959,"y":2.854}]}},"drawOrder":[{"time":0,"offsets":[{"slot":"EF/fire/Fire10015","offset":-11}]}],"events":[{"time":0,"name":"Event","float":0.2,"string":"kHitStopType_normal"},{"time":0,"name":"Voice","string":"cri_156_voice_fullarts_now"},{"time":0.0333,"name":"Event","string":"kImpactType_knock"},{"time":0.0666,"name":"Event","string":"setForceImpact(1)"},{"time":0.7,"name":"Sound1","string":"cri_se_battle_033_explosion_element_01"},{"time":0.7,"name":"Sound2","string":"cri_se_battle_charge_03"},{"time":2.1333,"name":"Event","string":"shakeGround"},{"time":2.1666,"name":"Event","string":"runSkillEffect"},{"time":2.1666,"name":"Sound1","string":"cri_se_battle_029_explosion_01"},{"time":2.1666,"name":"Sound2","string":"setHitSound(se_battle_explosion_short)"},{"time":3.3,"name":"Voice","string":"cri_156_voice_fullarts_rank5"},{"time":3.9333,"name":"Event","string":"shakeGround"},{"time":3.9333,"name":"Sound1","string":"cri_se_battle_monster_hit"},{"time":3.9333,"name":"Sound2","string":"cri_se_battle_030_explosion_02"},{"time":3.9666,"name":"Event","string":"setHitBackEnemy(50,0)"},{"time":4.0333,"name":"Event","string":"shakeGround"},{"time":4.0333,"name":"Hit","string":"resetHitList"},{"time":4.0333,"name":"Sound2","string":"setHitSound(se_battle_explosion_short)"},{"time":4.0666,"name":"Sound1","string":"cri_se_battle_monster_hit"},{"time":4.1,"name":"Event","float":0.1,"string":"kHitStopType_enemyonly"},{"time":4.1,"name":"Hit","int":5,"float":5,"string":"resetHitList"},{"time":4.1,"name":"Sound2","string":"setHitSound(empty)"},{"time":4.1666,"name":"Hit","int":5,"float":5,"string":"resetHitList"},{"time":4.1666,"name":"Sound2","string":"setHitSound(se_battle_explosion_short)"},{"time":4.2,"name":"Event","string":"shakeGround"},{"time":4.2,"name":"Sound1","string":"cri_se_battle_monster_hit"},{"time":4.2333,"name":"Hit","int":5,"float":5,"string":"resetHitList"},{"time":4.2333,"name":"Sound2","string":"setHitSound(empty)"},{"time":4.3,"name":"Event","string":"shakeGround"},{"time":4.3,"name":"Hit","int":5,"float":5,"string":"resetHitList"},{"time":4.3,"name":"Sound2","string":"setHitSound(se_battle_explosion_short)"},{"time":4.3333,"name":"Sound1","string":"cri_se_battle_monster_hit"}]}}}