{"skeleton":{"hash":"b5rJ0VJFyUZeOC5QBhVw1XEGpDo","spine":"3.0.12","width":0,"height":0},"bones":[{"name":"root"},{"name":"MAIN","parent":"root","y":70}],"slots":[{"name":"MAIN","bone":"MAIN","attachment":"idle_00"}],"skins":{"default":{"MAIN":{"idle_00":{"x":8.2,"y":-16.3,"width":512,"height":512},"idle_01":{"x":8.2,"y":-16.3,"width":512,"height":512},"idle_02":{"x":8.2,"y":-16.3,"width":512,"height":512},"idle_03":{"x":8.2,"y":-16.3,"width":512,"height":512}}}},"events":{"Event":{}},"animations":{"idle":{"slots":{"MAIN":{"attachment":[{"time":0,"name":"idle_00"},{"time":0.2666,"name":"idle_01"},{"time":0.5,"name":"idle_02"},{"time":0.7333,"name":"idle_03"},{"time":1,"name":"idle_00"}]}}}}}