{"skeleton":{"hash":"hWwdjRyXsIZyPe+aV9bXLuxERSw","spine":"3.0.12","width":0,"height":0},"bones":[{"name":"root"},{"name":"fire_wave2","parent":"root","x":311.99,"y":22.53},{"name":"fire_wave","parent":"root","x":311.99,"y":22.53},{"name":"dot_ef","parent":"root","x":308.82,"y":166.98,"rotation":-83.65},{"name":"MAIN","parent":"root","y":80},{"name":"SHADOW-OFFSET","parent":"MAIN"},{"name":"HITBOX","parent":"MAIN"},{"name":"DAMAGEAREA","parent":"root"},{"name":"weapon_head","parent":"MAIN","x":25.03,"y":39.48},{"name":"F_chain","parent":"weapon_head","x":-11.97,"y":35.1,"rotation":-20.6},{"name":"R_chain1","parent":"F_chain","length":13.15,"x":-18.3,"y":-2.2,"rotation":-116.41},{"name":"R_chain2","parent":"R_chain1","length":14.53,"x":12.87,"y":-0.6,"rotation":-16.91},{"name":"R_chain3","parent":"R_chain2","length":17.16,"x":14.81,"y":-0.18,"rotation":-8.42},{"name":"R_chain4","parent":"R_chain3","length":13.16,"x":15.27,"y":-0.02,"rotation":56.66},{"name":"L_chain1","parent":"F_chain","length":14.51,"x":23.44,"y":-0.52,"rotation":-34.95},{"name":"L_chain2","parent":"L_chain1","length":11.29,"x":14.59,"y":0.6,"rotation":9.5},{"name":"L_chain3","parent":"L_chain2","length":17.87,"x":13.38,"y":0.42,"rotation":22.4},{"name":"L_chain4","parent":"L_chain3","length":10.07,"x":19.38,"y":0.06,"rotation":20.28},{"name":"L_chain5","parent":"L_chain4","length":16.67,"x":10.03,"y":0.01,"rotation":-1.76},{"name":"L_chain6","parent":"L_chain5","length":9.6,"x":18.67,"y":0.34,"rotation":35.48},{"name":"L_chain7","parent":"L_chain6","length":14.16,"x":9.74,"y":-0.44,"rotation":-44.42}],"slots":[{"name":"100_S1_wave1/100_S1_wave1_00001","bone":"fire_wave","blend":"additive"},{"name":"100_S1_wave1/100_S1_wave1_1","bone":"fire_wave2","blend":"additive"},{"name":"weapon/R_weapon_chain_1","bone":"R_chain1","attachment":"weapon/R_weapon_chain_1"},{"name":"weapon/R_weapon_chain_2","bone":"R_chain3","attachment":"weapon/R_weapon_chain_2"},{"name":"weapon/weapon_atk_2","bone":"weapon_head","attachment":"weapon/weapon_2"},{"name":"MAIN","bone":"MAIN","attachment":"idle_00"},{"name":"weapon/L_weapon_chain_1","bone":"L_chain1","attachment":"weapon/L_weapon_chain_1"},{"name":"weapon/L_weapon_chain_2","bone":"L_chain3","attachment":"weapon/L_weapon_chain_2"},{"name":"weapon/L_weapon_chain_3","bone":"L_chain5","attachment":"weapon/L_weapon_chain_3"},{"name":"EF/up_EF_1","bone":"dot_ef","color":"ff2612ff","blend":"additive"},{"name":"HITBOX","bone":"HITBOX","attachment":"HITBOX"},{"name":"DAMAGEAREA","bone":"DAMAGEAREA"}],"skins":{"default":{"100_S1_wave1/100_S1_wave1_00001":{"100_S1_wave1/100_S1_wave1_00001":{"x":-0.87,"y":13.67,"width":400,"height":400},"100_S1_wave1/100_S1_wave1_00003":{"x":-0.87,"y":13.67,"width":400,"height":400},"100_S1_wave1/100_S1_wave1_00005":{"x":-0.87,"y":13.67,"width":400,"height":400},"100_S1_wave1/100_S1_wave1_00007":{"x":-0.87,"y":13.67,"width":400,"height":400},"100_S1_wave1/100_S1_wave1_00009":{"x":-0.87,"y":13.67,"width":400,"height":400},"100_S1_wave1/100_S1_wave1_00011":{"x":-0.87,"y":13.67,"width":400,"height":400}},"100_S1_wave1/100_S1_wave1_1":{"100_S1_wave1/100_S1_wave1_00001":{"x":-0.87,"y":13.67,"width":400,"height":400},"100_S1_wave1/100_S1_wave1_00003":{"x":-0.87,"y":13.67,"width":400,"height":400},"100_S1_wave1/100_S1_wave1_00005":{"x":-0.87,"y":13.67,"width":400,"height":400},"100_S1_wave1/100_S1_wave1_00007":{"x":-0.87,"y":13.67,"width":400,"height":400},"100_S1_wave1/100_S1_wave1_00009":{"x":-0.87,"y":13.67,"width":400,"height":400},"100_S1_wave1/100_S1_wave1_00011":{"x":-0.87,"y":13.67,"width":400,"height":400}},"DAMAGEAREA":{"DAMAGEAREA":{"type":"boundingbox","vertices":[-64.06874,63.42375,-64.06874,-65.31814,62.17815,-65.31814,62.17815,63.42375]}},"EF/up_EF_1":{"EF/up_EF_1":{"x":-16.77,"y":-53.12,"rotation":-2.02,"width":200,"height":200},"EF/up_EF_2":{"x":-18.38,"y":-52.94,"rotation":-2.02,"width":200,"height":200}},"HITBOX":{"HITBOX":{"type":"boundingbox","vertices":[56.52923,-81.1727,56.52923,48.57133,-64.20479,48.57133,-65.10579,-79.37069]}},"MAIN":{"attack_00":{"x":-22.28,"y":10.45,"width":512,"height":512},"attack_01":{"x":-22.28,"y":10.44,"width":512,"height":512},"attack_02":{"x":-21.07,"y":11.39,"width":512,"height":512},"attack_03":{"y":13.87,"width":512,"height":512},"attack_04":{"x":23.05,"y":11.23,"width":512,"height":512},"attack_05":{"x":23.05,"y":10.85,"width":512,"height":512},"attack_06":{"x":22.03,"y":10.2,"width":512,"height":512},"attack_07":{"x":21.13,"y":9.13,"width":512,"height":512},"attack_08":{"x":-8.96,"y":9.55,"width":512,"height":512},"back_00":{"x":-0.2,"y":11.12,"width":512,"height":512},"damage_00":{"x":-7.04,"y":-1.44,"width":512,"height":512},"front_00":{"x":12.44,"y":13.43,"width":512,"height":512},"idle_00":{"x":0.26,"y":9.8,"width":512,"height":512},"idle_01":{"y":9.8,"width":512,"height":512},"idle_02":{"y":9.8,"width":512,"height":512},"idle_03":{"y":9.8,"width":512,"height":512},"idle_04":{"y":9.8,"width":512,"height":512},"skill1_00":{"x":16.08,"y":9.77,"width":512,"height":512},"skill1_01":{"x":4.13,"y":8.97,"width":512,"height":512},"skill1_02":{"x":4.13,"y":11.36,"width":512,"height":512},"skill1_03":{"x":3.17,"y":9.43,"width":512,"height":512},"skill1_04":{"x":4.13,"y":9.09,"width":512,"height":512},"skill1_05":{"x":4.13,"y":9.09,"width":512,"height":512},"skill1_06":{"x":-14.81,"y":6.44,"width":512,"height":512},"skill1_07":{"x":-3.7,"y":5.21,"width":512,"height":512},"skill1_08":{"x":24.96,"y":5.22,"width":512,"height":512},"skill1_09":{"x":27.19,"y":3.93,"width":512,"height":512},"skill1_10":{"x":27.07,"y":4.01,"width":512,"height":512},"skill1_11":{"x":27.12,"y":3.93,"width":512,"height":512},"skill1_12":{"x":27.18,"y":3.94,"width":512,"height":512},"skill2_00":{"x":35.96,"y":8.69,"width":512,"height":512},"skill2_01":{"x":51.68,"y":9.87,"width":512,"height":512},"skill2_02":{"x":20.16,"y":10.55,"width":512,"height":512},"skill2_03":{"x":20.16,"y":10.55,"width":512,"height":512},"skill2_04":{"x":40,"y":8.89,"width":512,"height":512},"skill2_05":{"x":78.73,"y":12.07,"width":512,"height":512},"skill2_06":{"x":-1.81,"y":10.71,"width":512,"height":512},"skill2_07":{"x":-3.9,"y":10.17,"width":512,"height":512},"skill2_08":{"x":-0.38,"y":7.87,"width":512,"height":512},"skill2_09":{"x":18.92,"y":-22.54,"width":512,"height":512},"skill2_10":{"x":11.49,"y":-34.03,"width":512,"height":512},"skill2_11":{"y":-2.93,"width":512,"height":512},"skill2_12":{"y":-2.93,"width":512,"height":512},"skill2_13":{"y":-3.67,"width":512,"height":512},"skill2_14":{"y":-3.67,"width":512,"height":512},"skill2_15":{"x":25.37,"y":12.43,"width":512,"height":512},"skill2_16":{"x":-33.22,"y":-5.68,"width":512,"height":512},"skill2_17":{"x":10.27,"y":9.8,"width":512,"height":512},"skill2_18":{"x":1.62,"y":8.72,"width":512,"height":512},"skill2_19":{"y":32.02,"width":512,"height":512}},"weapon/L_weapon_chain_1":{"weapon/L_weapon_chain_1":{"type":"weightedmesh","uvs":[0.09634,0,0,0.21836,0.01978,0.62911,0.26122,0.92061,0.55567,0.88086,0.75,0.88086,0.86189,1,1,0.96036,1,0.54961,0.91489,0.32436,0.79122,0.25811,0.56156,0.21836,0.34956,0.21836,0.23178,0.09911,0.10222,0.27136,0.22589,0.48336,0.42611,0.52311,0.66756,0.52311,0.81478,0.60261],"triangles":[17,11,10,17,10,9,16,11,17,18,17,9,8,18,9,5,4,17,18,5,17,18,8,7,5,18,7,6,5,7,1,0,13,14,1,13,14,13,12,15,14,12,16,12,11,15,12,16,2,1,14,2,14,15,4,16,17,3,15,16,3,16,4,2,15,3],"vertices":[2,14,-2.61999,5.68,1,15,-16.14,7.85,0,2,14,-5.26,1.53,1,15,-19.43,4.17999,0,1,14,-3.16,-4.73,1,2,14,6.32,-7.42,0.99999,15,-9.47999,-6.56,0,2,14,16.54,-4.53,0.99653,15,1.05999,-5.39,0.00346,2,14,23.37,-3.04,0.16244,15,8.05,-5.04,0.83755,2,14,27.71,-4.04,0.0019,15,12.17,-6.75,0.99809,1,15,17.1,-5.87,1,1,15,16.77,0.69,1,1,15,13.53,4.13,1,1,15,9.03,4.96999,1,1,15,0.75,5.19,1,2,14,7.02,4.21999,0.80243,15,-6.86,4.81,0.19756,2,14,2.47,5.17999,0.99992,15,-11.19,6.51,7.0E-5,2,14,-1.48,1.49,1,15,-15.71,3.52,0,1,14,3.58,-0.86,1,1,14,10.76,0.05,1,1,15,4.8,0.51,1,1,15,10.16,-0.48,1],"hull":14}},"weapon/L_weapon_chain_2":{"weapon/L_weapon_chain_2":{"type":"weightedmesh","uvs":[0.24683,0,0,0,0,0.20452,0.26075,0.48167,0.56009,0.79277,0.79679,1,1,1,1,0.82105,0.89425,0.60611,0.64363,0.31198,0.21898,0.17058,0.57402,0.52127,0.82463,0.76448,0.88033,0.88327,0.1076,0.09139],"triangles":[5,13,6,13,7,6,5,12,13,5,4,12,13,12,7,12,8,7,4,11,12,12,11,8,4,3,11,11,9,8,11,3,9,3,2,10,2,14,10,3,10,9,10,0,9,2,1,14,10,14,0,14,1,0],"vertices":[1,16,-0.96,2.56,1,1,16,-4.69999,-2.64,1,1,16,0.6,-6.46,1,2,16,11.76,-6.14,0.99989,17,-7.27,-6.61,1.0E-4,2,16,24.38,-5.63,0.03095,17,5.3,-5.42,0.96904,1,17,14.2,-3.8,1,1,17,17.04999,0.64,1,1,17,12.22,3.72,1,2,16,24.61,4.9,0.00144,17,4.94999,5.11,0.99855,2,16,13.16,5.11,0.98803,17,-6.48,4.69,0.01196,1,16,3.04,-1.2,1,1,16,17.54,-0.26,1,1,17,8.24,0.85,1,1,17,12.23,0.03,1,1,16,-0.7,-2.07,1],"hull":10}},"weapon/L_weapon_chain_3":{"weapon/L_weapon_chain_3":{"type":"weightedmesh","uvs":[0,0,0,0.18642,0.23734,0.54055,0.34614,0.56615,0.42614,0.68562,0.64054,0.70269,0.83573,1,1,0.98855,1,0.75389,0.75254,0.35709,0.50614,0.31015,0.41974,0.20349,0.33014,0.18216,0.19254,0,0.18934,0.24189,0.33654,0.32295,0.39734,0.37415,0.56054,0.48935,0.82614,0.71975,0.93173,0.86482,0.09334,0.09256],"triangles":[5,18,6,6,19,7,6,18,19,19,8,7,19,18,8,5,9,18,8,18,9,4,17,5,5,17,9,4,3,17,16,10,17,17,10,9,3,16,17,3,2,16,1,14,2,2,15,16,2,14,15,10,16,11,14,12,15,16,15,11,15,12,11,1,20,14,12,14,13,1,0,20,14,20,13,20,0,13],"vertices":[1,18,-4.42,-0.22,1,1,18,-0.8,-4.48999,1,1,18,13.3,-6.45,1,3,18,17.11,-4.21999,0.76723,19,-3.92,-2.81,0.22304,20,-8.1,-11.27,0.00971,3,18,21.87,-4.88,0.09376,19,-0.43,-6.12,0.73861,20,-3.29,-11.18,0.16761,3,18,28.74,0.26,0,19,8.14,-5.91,0.02251,20,2.68,-5.02,0.97748,1,20,14.54,-4.92999,1,1,20,18.57,0.26,1,1,20,13.24,4.86,1,1,19,11.74,4.79,1,2,18,17.03,5.77,0.29402,19,1.8,5.37,0.70597,2,18,12.32,5.97,0.89991,19,-1.9,8.26,0.10008,2,18,9.18,4.14,0.99762,19,-5.52,8.6,0.00236,1,18,1.44,4.75,1,1,18,6.04,-0.86,1,2,18,12.1,1.09,0.99208,19,-4.92,4.41,0.00791,2,18,14.95,1.49,0.96731,19,-2.35999,3.09,0.03268,1,19,4.42,0.19,1,2,19,15.58,-5.8,0.00452,20,7.92,0.26,0.99547,1,20,13.97,0.61,1,1,18,0.21,0.07,1],"hull":14}},"weapon/R_weapon_chain_1":{"weapon/R_weapon_chain_1":{"type":"weightedmesh","uvs":[0.67751,0,0.43498,0.27544,0.23881,0.43594,0,0.64582,0,0.92307,0.29588,0.92307,0.53484,0.7734,0.72387,0.57998,1,0.25075,1,0,0.75597,0.24663,0.47778,0.5059,0.26734,0.69109,0.12824,0.79809,0.85941,0.1026],"triangles":[11,1,10,2,1,11,12,2,11,3,2,12,12,11,6,13,3,12,4,3,13,5,12,6,13,12,5,4,13,5,14,0,9,10,0,14,14,9,8,10,14,8,1,0,10,7,11,10,7,10,8,6,11,7],"vertices":[2,10,0.04,-5.04,0.98332,11,-10.98,-7.96,0.01667,2,10,10.18999,-6.2,0.02595,11,-0.93,-6.13,0.97404,2,10,17.12999,-8.14999,0,11,6.27,-5.98,0.99999,2,10,25.88,-10.3,1.0E-5,11,15.26,-5.49,0.99998,2,10,31.49,-5.77,0,11,19.32,0.46,0.99999,2,10,25.91,1.13,0.0434,11,11.97,5.45,0.95659,2,10,18.37999,4.26,0.89101,11,3.85,6.26,0.10898,1,10,10.9,5.51,1,1,10,-0.95,6.58,1,1,10,-6.02,2.48,1,1,10,3.55,0.81,1,1,11,1.36,-0.45,1,1,11,9.29,-0.01,1,1,11,14.31,-0.06,1,1,10,-1.29999,0.87,1],"hull":10}},"weapon/R_weapon_chain_2":{"weapon/R_weapon_chain_2":{"type":"weightedmesh","uvs":[0.88042,0,0.55181,0,0.27796,0.20265,0.15529,0.34292,0,0.52051,0,0.83201,0.11365,1,0.27111,1,0.40119,0.85744,0.42173,0.60315,0.55181,0.46965,0.75034,0.38701,0.89411,0.3743,1,0.26622,1,0.06915,0.55181,0.23444,0.2985,0.4188,0.19581,0.68579,0.20265,0.84472,0.79142,0.13908],"triangles":[17,4,16,6,18,7,7,18,8,6,5,18,9,8,17,5,17,18,8,18,17,5,4,17,2,1,15,15,1,19,17,16,9,16,4,3,9,16,10,16,15,10,10,15,11,11,19,12,11,15,19,12,19,13,13,19,14,19,0,14,19,1,0,16,2,15,3,2,16],"vertices":[1,12,-3.6,-3.63,1,1,12,4.08,-7.35,1,2,12,12.96,-5.33,0.92806,13,-5.7,-0.99,0.07193,2,12,17.54,-3.18,0.87405,13,-1.38,-3.63,0.12593,1,13,4.07,-6.98,1,2,12,27.13,7.39,0.01093,13,12.72,-5.83,0.98906,2,12,26.51,12.91,0,13,16.99,-2.28,0.99999,1,13,16.45,1.77,1,2,12,18.04999,12.56,0.02231,13,12.05,4.6,0.97768,2,12,14.47,6.38,0.76574,13,4.92,4.19,0.23425,2,12,9.8,4.48999,0.98976,13,0.77,7.05,0.01023,2,12,4.14,4.65,0.99999,13,-2.2,11.86,0,2,12,0.62,5.95,0.99999,13,-3.04,15.52,0,1,12,-3.16,4.42,1,2,12,-5.56,-0.54,0.99817,13,-11.88,17.12,0.00182,1,12,6.94,-1.43,1,1,12,15.11,0.34,1,1,13,7.99,-1.32,1,1,13,12.38,-0.56,1,2,12,0.17,-1.13,0.99843,13,-9.22,12,0.00156],"hull":15}},"weapon/weapon_atk_2":{"weapon/wapon_back":{"x":-20.64,"y":-49.73,"width":256,"height":256},"weapon/weapon_2":{"x":-18.67,"y":-38.77,"width":256,"height":256},"weapon/weapon_atk_2":{"x":60.2,"y":65.76,"width":256,"height":256},"weapon/weapon_dmg":{"x":63.39,"y":53.06,"width":256,"height":256},"weapon/weapon_side":{"x":30.3,"y":56.33,"rotation":90,"width":256,"height":256},"weapon/weapon_skill_2_1":{"x":68.44,"y":48.04,"width":256,"height":256}}}},"events":{"Event":{},"Hit":{},"Sound1":{},"Sound2":{},"Sound3":{},"Voice":{}},"animations":{"attack1":{"slots":{"100_S1_wave1/100_S1_wave1_00001":{"attachment":[{"time":1.1333,"name":"100_S1_wave1/100_S1_wave1_00001"},{"time":1.1666,"name":"100_S1_wave1/100_S1_wave1_00003"},{"time":1.2,"name":"100_S1_wave1/100_S1_wave1_00005"},{"time":1.2333,"name":"100_S1_wave1/100_S1_wave1_00007"},{"time":1.2666,"name":"100_S1_wave1/100_S1_wave1_00009"},{"time":1.3,"name":"100_S1_wave1/100_S1_wave1_00011"},{"time":1.3333,"name":null}]},"DAMAGEAREA":{"attachment":[{"time":1.1,"name":"DAMAGEAREA"},{"time":1.1666,"name":null}]},"EF/up_EF_1":{"attachment":[{"time":1.1,"name":"EF/up_EF_1"},{"time":1.1666,"name":"EF/up_EF_2"}],"color":[{"time":1.1,"color":"ff2612ff"},{"time":1.2333,"color":"ff261200"}]},"MAIN":{"attachment":[{"time":0,"name":"idle_00"},{"time":0.1,"name":"attack_00"},{"time":0.2,"name":"attack_01"},{"time":0.5,"name":"attack_02"},{"time":0.6333,"name":"attack_03"},{"time":1.1,"name":"attack_04"},{"time":1.1666,"name":"attack_05"},{"time":1.2666,"name":"attack_06"},{"time":1.3666,"name":"attack_07"},{"time":1.5666,"name":"attack_08"},{"time":1.6666,"name":"idle_00"}]},"weapon/weapon_atk_2":{"attachment":[{"time":0,"name":"weapon/weapon_2"},{"time":0.1,"name":"weapon/weapon_skill_2_1"},{"time":0.5,"name":"weapon/wapon_back"},{"time":1.1,"name":"weapon/weapon_side"},{"time":1.6666,"name":"weapon/weapon_2"}]}},"bones":{"MAIN":{"rotate":[{"time":0.1,"angle":0}],"translate":[{"time":0,"x":0,"y":0,"curve":"stepped"},{"time":0.1,"x":22.34,"y":0,"curve":"stepped"},{"time":0.2,"x":20.35,"y":0,"curve":"stepped"},{"time":0.5,"x":20.35,"y":0,"curve":"stepped"},{"time":0.6333,"x":18.01,"y":-2.07,"curve":"stepped"},{"time":1.1,"x":-48.87,"y":1.66,"curve":"stepped"},{"time":1.1333,"x":-48.87,"y":8.43,"curve":"stepped"},{"time":1.1666,"x":-48.87,"y":1.66,"curve":"stepped"},{"time":1.6666,"x":0,"y":0}]},"weapon_head":{"rotate":[{"time":0,"angle":0,"curve":"stepped"},{"time":0.1,"angle":-168.99,"curve":"stepped"},{"time":0.2,"angle":-154.58,"curve":"stepped"},{"time":0.5,"angle":-70.13,"curve":"stepped"},{"time":0.6333,"angle":-83.16,"curve":"stepped"},{"time":1.1,"angle":-0.88,"curve":"stepped"},{"time":1.5666,"angle":-10.71,"curve":"stepped"},{"time":1.6666,"angle":0}],"translate":[{"time":0,"x":0,"y":0,"curve":"stepped"},{"time":0.1,"x":48.05,"y":-53.99,"curve":"stepped"},{"time":0.2,"x":32.06,"y":-39.22,"curve":"stepped"},{"time":0.5,"x":33.74,"y":-39.22,"curve":"stepped"},{"time":0.6333,"x":45.55,"y":-17.84,"curve":"stepped"},{"time":1.1,"x":-147.73,"y":-71.36,"curve":"stepped"},{"time":1.2666,"x":-149.66,"y":-68.28,"curve":"stepped"},{"time":1.5666,"x":-124.33,"y":-42.85,"curve":"stepped"},{"time":1.6666,"x":0,"y":0}]},"F_chain":{"rotate":[{"time":0,"angle":0,"curve":"stepped"},{"time":0.1,"angle":-168.83,"curve":"stepped"},{"time":0.5,"angle":0.33,"curve":"stepped"},{"time":1.1,"angle":40.23,"curve":"stepped"},{"time":1.6666,"angle":0}],"translate":[{"time":0,"x":0,"y":0,"curve":"stepped"},{"time":0.1,"x":12.83,"y":-33.77,"curve":"stepped"},{"time":0.5,"x":12.67,"y":-6.97,"curve":"stepped"},{"time":1.1,"x":-32.9,"y":-66.3,"curve":"stepped"},{"time":1.6666,"x":0,"y":0}]},"L_chain1":{"rotate":[{"time":0,"angle":0,"curve":"stepped"},{"time":0.1,"angle":-28.14,"curve":"stepped"},{"time":0.2,"angle":1.23,"curve":"stepped"},{"time":0.5,"angle":70.24,"curve":"stepped"},{"time":0.6333,"angle":44.21,"curve":"stepped"},{"time":1.1,"angle":59.57,"curve":"stepped"},{"time":1.1666,"angle":51.7,"curve":"stepped"},{"time":1.2666,"angle":44.36,"curve":"stepped"},{"time":1.3666,"angle":12.22,"curve":"stepped"},{"time":1.6666,"angle":0}],"translate":[{"time":0,"x":0,"y":0,"curve":"stepped"},{"time":0.1,"x":1.45,"y":3.15,"curve":"stepped"},{"time":0.6333,"x":-0.88,"y":0.6,"curve":"stepped"},{"time":1.6666,"x":0,"y":0}]},"L_chain5":{"rotate":[{"time":0,"angle":0,"curve":"stepped"},{"time":0.1,"angle":0,"curve":"stepped"},{"time":0.2,"angle":-24.62,"curve":"stepped"},{"time":0.5,"angle":22.79,"curve":"stepped"},{"time":0.6333,"angle":8.06,"curve":"stepped"},{"time":1.1,"angle":17.99,"curve":"stepped"},{"time":1.1666,"angle":25.08,"curve":"stepped"},{"time":1.5666,"angle":-11.13,"curve":"stepped"},{"time":1.6666,"angle":0}],"translate":[{"time":0,"x":0,"y":0,"curve":"stepped"},{"time":0.1,"x":0,"y":0,"curve":"stepped"},{"time":1.6666,"x":0,"y":0}]},"R_chain1":{"rotate":[{"time":0,"angle":0,"curve":"stepped"},{"time":0.1,"angle":0,"curve":"stepped"},{"time":0.5,"angle":107.39,"curve":"stepped"},{"time":1.1666,"angle":165.83,"curve":"stepped"},{"time":1.2666,"angle":171.76,"curve":"stepped"},{"time":1.3666,"angle":120.49,"curve":"stepped"},{"time":1.5666,"angle":86.19,"curve":"stepped"},{"time":1.6666,"angle":0}],"translate":[{"time":0,"x":0,"y":0,"curve":"stepped"},{"time":0.1,"x":0,"y":0,"curve":"stepped"},{"time":0.5,"x":47.84,"y":-3.06,"curve":"stepped"},{"time":0.6333,"x":57.23,"y":-0.82,"curve":"stepped"},{"time":1.1666,"x":59.56,"y":8.21,"curve":"stepped"},{"time":1.6666,"x":0,"y":0}]},"L_chain3":{"rotate":[{"time":0,"angle":0,"curve":"stepped"},{"time":0.1,"angle":-26.1,"curve":"stepped"},{"time":0.2,"angle":-42.69,"curve":"stepped"},{"time":0.5,"angle":-3.27,"curve":"stepped"},{"time":0.6333,"angle":-16.45,"curve":"stepped"},{"time":1.1666,"angle":-3.89,"curve":"stepped"},{"time":1.5666,"angle":-7.36,"curve":"stepped"},{"time":1.6666,"angle":0}],"translate":[{"time":0,"x":0,"y":0,"curve":"stepped"},{"time":0.1,"x":0,"y":0,"curve":"stepped"},{"time":1.6666,"x":0,"y":0}]},"L_chain4":{"rotate":[{"time":0,"angle":0,"curve":"stepped"},{"time":0.1,"angle":10.72,"curve":"stepped"},{"time":0.2,"angle":-21.91,"curve":"stepped"},{"time":0.5,"angle":-28.07,"curve":"stepped"},{"time":0.6333,"angle":-3.92,"curve":"stepped"},{"time":1.1,"angle":-39.13,"curve":"stepped"},{"time":1.1666,"angle":3.17,"curve":"stepped"},{"time":1.2666,"angle":16.21,"curve":"stepped"},{"time":1.3666,"angle":-13.56,"curve":"stepped"},{"time":1.6666,"angle":0}],"translate":[{"time":0,"x":0,"y":0,"curve":"stepped"},{"time":0.1,"x":0,"y":0,"curve":"stepped"},{"time":1.6666,"x":0,"y":0}]},"L_chain6":{"rotate":[{"time":0,"angle":0,"curve":"stepped"},{"time":0.1,"angle":0,"curve":"stepped"},{"time":0.6333,"angle":22.89,"curve":"stepped"},{"time":1.1,"angle":-26.44,"curve":"stepped"},{"time":1.6666,"angle":0}],"translate":[{"time":0,"x":0,"y":0,"curve":"stepped"},{"time":0.1,"x":0,"y":0,"curve":"stepped"},{"time":1.6666,"x":0,"y":0}]},"R_chain2":{"rotate":[{"time":0,"angle":0,"curve":"stepped"},{"time":0.1,"angle":0,"curve":"stepped"},{"time":0.6333,"angle":26.32,"curve":"stepped"},{"time":1.5666,"angle":12.42,"curve":"stepped"},{"time":1.6666,"angle":0}],"translate":[{"time":0,"x":0,"y":0,"curve":"stepped"},{"time":0.1,"x":0,"y":0,"curve":"stepped"},{"time":1.6666,"x":0,"y":0}]},"R_chain4":{"rotate":[{"time":0,"angle":0,"curve":"stepped"},{"time":0.1,"angle":0,"curve":"stepped"},{"time":0.6333,"angle":-15.75,"curve":"stepped"},{"time":1.1,"angle":-26.58,"curve":"stepped"},{"time":1.5666,"angle":-65.81,"curve":"stepped"},{"time":1.6666,"angle":0}],"translate":[{"time":0,"x":0,"y":0,"curve":"stepped"},{"time":0.1,"x":0,"y":0,"curve":"stepped"},{"time":1.6666,"x":0,"y":0}]},"R_chain3":{"rotate":[{"time":0,"angle":0,"curve":"stepped"},{"time":0.1,"angle":0,"curve":"stepped"},{"time":1.5666,"angle":46.64,"curve":"stepped"},{"time":1.6666,"angle":0}],"translate":[{"time":0,"x":0,"y":0,"curve":"stepped"},{"time":0.1,"x":0,"y":0,"curve":"stepped"},{"time":1.6666,"x":0,"y":0}]},"L_chain2":{"rotate":[{"time":0,"angle":0,"curve":"stepped"},{"time":0.1,"angle":0,"curve":"stepped"},{"time":0.5,"angle":-24.64,"curve":"stepped"},{"time":0.6333,"angle":-11.84,"curve":"stepped"},{"time":1.6666,"angle":0}],"translate":[{"time":0,"x":0,"y":0,"curve":"stepped"},{"time":0.1,"x":0,"y":0,"curve":"stepped"},{"time":1.6666,"x":0,"y":0}]},"root":{"rotate":[{"time":0.1,"angle":0}],"translate":[{"time":0.1,"x":0,"y":0}]},"L_chain7":{"rotate":[{"time":0,"angle":0,"curve":"stepped"},{"time":0.5,"angle":33.88,"curve":"stepped"},{"time":0.6333,"angle":44.44,"curve":"stepped"},{"time":1.5666,"angle":55.83,"curve":"stepped"},{"time":1.6666,"angle":0}],"translate":[{"time":0,"x":0,"y":0,"curve":"stepped"},{"time":1.6666,"x":0,"y":0}]},"dot_ef":{"rotate":[{"time":1.1,"angle":-2.29}],"translate":[{"time":1.1,"x":-474.39,"y":-110.03}],"scale":[{"time":1.1,"x":3.362,"y":-2.524}]},"fire_wave":{"translate":[{"time":1.1333,"x":-504.85,"y":-22.14}],"scale":[{"time":1.1333,"x":1.039,"y":1.039},{"time":1.3333,"x":1.301,"y":1.301}]},"DAMAGEAREA":{"translate":[{"time":1.1,"x":-128.81,"y":62.14}],"scale":[{"time":1.1,"x":1.926,"y":1}]}},"drawOrder":[{"time":0},{"time":0.1,"offsets":[{"slot":"MAIN","offset":3}]},{"time":0.5},{"time":1.6666}],"events":[{"time":1.0666,"name":"Event","float":0.1,"string":"kHitStopType_normal"},{"time":1.0666,"name":"Sound1","string":"cri_se_battle_sword_swish_heavy"},{"time":1.1,"name":"Sound1","string":"cri_se_battle_hard_hit"},{"time":1.1,"name":"Voice","string":"cri_130_voice_attack_random"}]},"back":{"slots":{"MAIN":{"attachment":[{"time":0,"name":"back_00"},{"time":0.4333,"name":"idle_03"},{"time":0.6666,"name":"idle_00"}]}},"bones":{"MAIN":{"translate":[{"time":0,"x":0,"y":0,"curve":[0.22,0.42,0.593,0.75]},{"time":0.2333,"x":96.08,"y":8.3,"curve":[0.334,0.48,0.691,0.82]},{"time":0.4333,"x":125.84,"y":0,"curve":[0.25,0,0.847,0.26]},{"time":0.6666,"x":140,"y":0}]},"R_chain1":{"rotate":[{"time":0,"angle":-14.81}]},"L_chain1":{"rotate":[{"time":0,"angle":-8.56}]},"L_chain3":{"rotate":[{"time":0,"angle":-32.45}]},"weapon_head":{"translate":[{"time":0,"x":0,"y":0,"curve":"stepped"},{"time":0.4333,"x":-0.35,"y":-2.11,"curve":"stepped"},{"time":0.6666,"x":0,"y":0}]}},"events":[{"time":0,"name":"Sound1","string":"cri_se_battle_jump"},{"time":0.4333,"name":"Sound1","string":"cri_se_battle_landing"}]},"cast":{"slots":{"100_S1_wave1/100_S1_wave1_00001":{"attachment":[{"time":0.5333,"name":"100_S1_wave1/100_S1_wave1_00001"},{"time":0.5666,"name":"100_S1_wave1/100_S1_wave1_00003"},{"time":0.6,"name":"100_S1_wave1/100_S1_wave1_00005"},{"time":0.6333,"name":"100_S1_wave1/100_S1_wave1_00007"},{"time":0.6666,"name":"100_S1_wave1/100_S1_wave1_00009"},{"time":0.7,"name":"100_S1_wave1/100_S1_wave1_00011"},{"time":0.7333,"name":null}]},"EF/up_EF_1":{"attachment":[{"time":0.5,"name":"EF/up_EF_1"},{"time":0.5666,"name":"EF/up_EF_2"}],"color":[{"time":0.5,"color":"ff2612ff"},{"time":0.6333,"color":"ff261200"}]},"MAIN":{"attachment":[{"time":0,"name":"idle_00"},{"time":0.1,"name":"attack_00"},{"time":0.2666,"name":"attack_02"},{"time":0.4,"name":"attack_03"},{"time":0.5,"name":"attack_04"},{"time":0.5666,"name":"attack_05"},{"time":0.6666,"name":"attack_06"},{"time":0.7666,"name":"attack_07"},{"time":0.9666,"name":"attack_08"},{"time":1.0666,"name":"idle_00"}]},"weapon/weapon_atk_2":{"attachment":[{"time":0,"name":"weapon/weapon_2"},{"time":0.1,"name":"weapon/weapon_skill_2_1"},{"time":0.2666,"name":"weapon/wapon_back"},{"time":0.5,"name":"weapon/weapon_side"},{"time":1.0666,"name":"weapon/weapon_2"}]}},"bones":{"MAIN":{"rotate":[{"time":0.1,"angle":0}],"translate":[{"time":0,"x":0,"y":0,"curve":"stepped"},{"time":0.1,"x":22.34,"y":0,"curve":"stepped"},{"time":0.2666,"x":20.35,"y":0,"curve":"stepped"},{"time":0.4,"x":18.01,"y":-2.07,"curve":"stepped"},{"time":0.5,"x":-48.87,"y":1.66,"curve":"stepped"},{"time":0.5333,"x":-48.87,"y":8.43,"curve":"stepped"},{"time":0.5666,"x":-48.87,"y":1.66,"curve":"stepped"},{"time":1.0666,"x":0,"y":0}]},"weapon_head":{"rotate":[{"time":0,"angle":0,"curve":"stepped"},{"time":0.1,"angle":-168.99,"curve":"stepped"},{"time":0.2666,"angle":-70.13,"curve":"stepped"},{"time":0.4,"angle":-83.16,"curve":"stepped"},{"time":0.5,"angle":-0.88,"curve":"stepped"},{"time":0.9666,"angle":-10.71,"curve":"stepped"},{"time":1.0666,"angle":0}],"translate":[{"time":0,"x":0,"y":0,"curve":"stepped"},{"time":0.1,"x":48.05,"y":-53.99,"curve":"stepped"},{"time":0.2666,"x":33.74,"y":-39.22,"curve":"stepped"},{"time":0.4,"x":45.55,"y":-17.84,"curve":"stepped"},{"time":0.5,"x":-147.73,"y":-71.36,"curve":"stepped"},{"time":0.6666,"x":-149.66,"y":-68.28,"curve":"stepped"},{"time":0.9666,"x":-124.33,"y":-42.85,"curve":"stepped"},{"time":1.0666,"x":0,"y":0}]},"F_chain":{"rotate":[{"time":0,"angle":0,"curve":"stepped"},{"time":0.1,"angle":-168.83,"curve":"stepped"},{"time":0.2666,"angle":0.33,"curve":"stepped"},{"time":0.5,"angle":40.23,"curve":"stepped"},{"time":1.0666,"angle":0}],"translate":[{"time":0,"x":0,"y":0,"curve":"stepped"},{"time":0.1,"x":12.83,"y":-33.77,"curve":"stepped"},{"time":0.2666,"x":12.67,"y":-6.97,"curve":"stepped"},{"time":0.5,"x":-32.9,"y":-66.3,"curve":"stepped"},{"time":1.0666,"x":0,"y":0}]},"L_chain1":{"rotate":[{"time":0,"angle":0,"curve":"stepped"},{"time":0.1,"angle":-28.14,"curve":"stepped"},{"time":0.2666,"angle":70.24,"curve":"stepped"},{"time":0.4,"angle":44.21,"curve":"stepped"},{"time":0.5,"angle":59.57,"curve":"stepped"},{"time":0.5666,"angle":51.7,"curve":"stepped"},{"time":0.6666,"angle":44.36,"curve":"stepped"},{"time":0.7666,"angle":12.22,"curve":"stepped"},{"time":1.0666,"angle":0}],"translate":[{"time":0,"x":0,"y":0,"curve":"stepped"},{"time":0.1,"x":1.45,"y":3.15,"curve":"stepped"},{"time":0.4,"x":-0.88,"y":0.6,"curve":"stepped"},{"time":1.0666,"x":0,"y":0}]},"L_chain5":{"rotate":[{"time":0,"angle":0,"curve":"stepped"},{"time":0.1,"angle":0,"curve":"stepped"},{"time":0.2666,"angle":22.79,"curve":"stepped"},{"time":0.4,"angle":8.06,"curve":"stepped"},{"time":0.5,"angle":17.99,"curve":"stepped"},{"time":0.5666,"angle":25.08,"curve":"stepped"},{"time":0.9666,"angle":-11.13,"curve":"stepped"},{"time":1.0666,"angle":0}],"translate":[{"time":0,"x":0,"y":0,"curve":"stepped"},{"time":0.1,"x":0,"y":0,"curve":"stepped"},{"time":1.0666,"x":0,"y":0}]},"R_chain1":{"rotate":[{"time":0,"angle":0,"curve":"stepped"},{"time":0.1,"angle":0,"curve":"stepped"},{"time":0.2666,"angle":107.39,"curve":"stepped"},{"time":0.5666,"angle":165.83,"curve":"stepped"},{"time":0.6666,"angle":171.76,"curve":"stepped"},{"time":0.7666,"angle":120.49,"curve":"stepped"},{"time":0.9666,"angle":86.19,"curve":"stepped"},{"time":1.0666,"angle":0}],"translate":[{"time":0,"x":0,"y":0,"curve":"stepped"},{"time":0.1,"x":0,"y":0,"curve":"stepped"},{"time":0.2666,"x":47.84,"y":-3.06,"curve":"stepped"},{"time":0.4,"x":57.23,"y":-0.82,"curve":"stepped"},{"time":0.5666,"x":59.56,"y":8.21,"curve":"stepped"},{"time":1.0666,"x":0,"y":0}]},"L_chain3":{"rotate":[{"time":0,"angle":0,"curve":"stepped"},{"time":0.1,"angle":-26.1,"curve":"stepped"},{"time":0.2666,"angle":-3.27,"curve":"stepped"},{"time":0.4,"angle":-16.45,"curve":"stepped"},{"time":0.5666,"angle":-3.89,"curve":"stepped"},{"time":0.9666,"angle":-7.36,"curve":"stepped"},{"time":1.0666,"angle":0}],"translate":[{"time":0,"x":0,"y":0,"curve":"stepped"},{"time":0.1,"x":0,"y":0,"curve":"stepped"},{"time":1.0666,"x":0,"y":0}]},"L_chain4":{"rotate":[{"time":0,"angle":0,"curve":"stepped"},{"time":0.1,"angle":10.72,"curve":"stepped"},{"time":0.2666,"angle":-28.07,"curve":"stepped"},{"time":0.4,"angle":-3.92,"curve":"stepped"},{"time":0.5,"angle":-39.13,"curve":"stepped"},{"time":0.5666,"angle":3.17,"curve":"stepped"},{"time":0.6666,"angle":16.21,"curve":"stepped"},{"time":0.7666,"angle":-13.56,"curve":"stepped"},{"time":1.0666,"angle":0}],"translate":[{"time":0,"x":0,"y":0,"curve":"stepped"},{"time":0.1,"x":0,"y":0,"curve":"stepped"},{"time":1.0666,"x":0,"y":0}]},"L_chain6":{"rotate":[{"time":0,"angle":0,"curve":"stepped"},{"time":0.1,"angle":0,"curve":"stepped"},{"time":0.4,"angle":22.89,"curve":"stepped"},{"time":0.5,"angle":-26.44,"curve":"stepped"},{"time":1.0666,"angle":0}],"translate":[{"time":0,"x":0,"y":0,"curve":"stepped"},{"time":0.1,"x":0,"y":0,"curve":"stepped"},{"time":1.0666,"x":0,"y":0}]},"R_chain2":{"rotate":[{"time":0,"angle":0,"curve":"stepped"},{"time":0.1,"angle":0,"curve":"stepped"},{"time":0.4,"angle":26.32,"curve":"stepped"},{"time":0.9666,"angle":12.42,"curve":"stepped"},{"time":1.0666,"angle":0}],"translate":[{"time":0,"x":0,"y":0,"curve":"stepped"},{"time":0.1,"x":0,"y":0,"curve":"stepped"},{"time":1.0666,"x":0,"y":0}]},"R_chain4":{"rotate":[{"time":0,"angle":0,"curve":"stepped"},{"time":0.1,"angle":0,"curve":"stepped"},{"time":0.4,"angle":-15.75,"curve":"stepped"},{"time":0.5,"angle":-26.58,"curve":"stepped"},{"time":0.9666,"angle":-65.81,"curve":"stepped"},{"time":1.0666,"angle":0}],"translate":[{"time":0,"x":0,"y":0,"curve":"stepped"},{"time":0.1,"x":0,"y":0,"curve":"stepped"},{"time":1.0666,"x":0,"y":0}]},"R_chain3":{"rotate":[{"time":0,"angle":0,"curve":"stepped"},{"time":0.1,"angle":0,"curve":"stepped"},{"time":0.9666,"angle":46.64,"curve":"stepped"},{"time":1.0666,"angle":0}],"translate":[{"time":0,"x":0,"y":0,"curve":"stepped"},{"time":0.1,"x":0,"y":0,"curve":"stepped"},{"time":1.0666,"x":0,"y":0}]},"L_chain2":{"rotate":[{"time":0,"angle":0,"curve":"stepped"},{"time":0.1,"angle":0,"curve":"stepped"},{"time":0.2666,"angle":-24.64,"curve":"stepped"},{"time":0.4,"angle":-11.84,"curve":"stepped"},{"time":1.0666,"angle":0}],"translate":[{"time":0,"x":0,"y":0,"curve":"stepped"},{"time":0.1,"x":0,"y":0,"curve":"stepped"},{"time":1.0666,"x":0,"y":0}]},"root":{"rotate":[{"time":0.1,"angle":0}],"translate":[{"time":0.1,"x":0,"y":0}]},"L_chain7":{"rotate":[{"time":0,"angle":0,"curve":"stepped"},{"time":0.2666,"angle":33.88,"curve":"stepped"},{"time":0.4,"angle":44.44,"curve":"stepped"},{"time":0.9666,"angle":55.83,"curve":"stepped"},{"time":1.0666,"angle":0}],"translate":[{"time":0,"x":0,"y":0,"curve":"stepped"},{"time":1.0666,"x":0,"y":0}]},"dot_ef":{"rotate":[{"time":0.5,"angle":-2.29}],"translate":[{"time":0.5,"x":-474.39,"y":-110.03}],"scale":[{"time":0.5,"x":3.362,"y":-2.524}]},"fire_wave":{"translate":[{"time":0.5333,"x":-504.85,"y":-22.14}],"scale":[{"time":0.5333,"x":1.039,"y":1.039},{"time":0.7333,"x":1.301,"y":1.301}]}},"drawOrder":[{"time":0},{"time":0.1,"offsets":[{"slot":"MAIN","offset":3}]},{"time":0.2666},{"time":1.0666}],"events":[{"time":0.5,"name":"Voice","string":"cri_130_voice_item"}]},"damage":{"slots":{"MAIN":{"attachment":[{"time":0,"name":"damage_00"}]},"weapon/weapon_atk_2":{"attachment":[{"time":0,"name":"weapon/weapon_dmg"}]}},"bones":{"MAIN":{"translate":[{"time":0,"x":0,"y":13.72}]},"weapon_head":{"rotate":[{"time":0,"angle":-27.7}],"translate":[{"time":0,"x":-98.83,"y":-20.8}]},"F_chain":{"rotate":[{"time":0,"angle":194.21}],"translate":[{"time":0,"x":6.78,"y":-48.51}]},"L_chain1":{"rotate":[{"time":0,"angle":127.37}],"translate":[{"time":0,"x":-4.62,"y":-4.68}]},"L_chain5":{"rotate":[{"time":0,"angle":31.98}]},"L_chain6":{"rotate":[{"time":0,"angle":-26.76}]},"R_chain1":{"rotate":[{"time":0,"angle":7.25}],"translate":[{"time":0,"x":13.31,"y":-8.15}]},"L_chain7":{"rotate":[{"time":0,"angle":19.01}]}}},"front":{"slots":{"MAIN":{"attachment":[{"time":0,"name":"front_00"}]},"weapon/weapon_atk_2":{"attachment":[{"time":0,"name":"weapon/wapon_back"}]}},"bones":{"F_chain":{"translate":[{"time":0,"x":10.56,"y":-3.83}]},"R_chain1":{"rotate":[{"time":0,"angle":185.82}],"translate":[{"time":0,"x":28.59,"y":-1.05}]},"L_chain1":{"rotate":[{"time":0,"angle":42.97}]},"L_chain3":{"rotate":[{"time":0,"angle":-26.87}]},"L_chain4":{"rotate":[{"time":0,"angle":-20.17}]},"L_chain5":{"rotate":[{"time":0,"angle":30.36}]},"L_chain6":{"rotate":[{"time":0,"angle":-17.24}]},"R_chain4":{"rotate":[{"time":0,"angle":-11.83}]}},"drawOrder":[{"time":0,"offsets":[{"slot":"MAIN","offset":3}]}]},"idle":{"slots":{"MAIN":{"attachment":[{"time":0,"name":"idle_00"},{"time":0.3333,"name":"idle_01"},{"time":0.6666,"name":"idle_02"},{"time":1,"name":"idle_03"},{"time":1.3,"name":"idle_04"},{"time":1.6666,"name":"idle_00"}]}},"bones":{"MAIN":{"translate":[{"time":0,"x":-1.63,"y":0.32,"curve":"stepped"},{"time":1.6666,"x":-1.63,"y":0.32}]},"L_chain1":{"rotate":[{"time":0,"angle":0,"curve":"stepped"},{"time":0.3333,"angle":-0.89,"curve":"stepped"},{"time":0.6666,"angle":1.02,"curve":"stepped"},{"time":1,"angle":2.94,"curve":"stepped"},{"time":1.3,"angle":1.62,"curve":"stepped"},{"time":1.6666,"angle":0}]},"L_chain2":{"rotate":[{"time":0,"angle":0,"curve":"stepped"},{"time":0.3333,"angle":-0.89,"curve":"stepped"},{"time":0.6666,"angle":1.02,"curve":"stepped"},{"time":1,"angle":2.94,"curve":"stepped"},{"time":1.3,"angle":1.62,"curve":"stepped"},{"time":1.6666,"angle":0}]},"L_chain3":{"rotate":[{"time":0,"angle":0,"curve":"stepped"},{"time":0.3333,"angle":-0.89,"curve":"stepped"},{"time":0.6666,"angle":1.02,"curve":"stepped"},{"time":1,"angle":2.94,"curve":"stepped"},{"time":1.3,"angle":1.62,"curve":"stepped"},{"time":1.6666,"angle":0}]},"L_chain4":{"rotate":[{"time":0,"angle":0,"curve":"stepped"},{"time":0.3333,"angle":-0.89,"curve":"stepped"},{"time":0.6666,"angle":1.02,"curve":"stepped"},{"time":1,"angle":2.94,"curve":"stepped"},{"time":1.3,"angle":1.62,"curve":"stepped"},{"time":1.6666,"angle":0}]},"L_chain5":{"rotate":[{"time":0,"angle":0,"curve":"stepped"},{"time":0.3333,"angle":-0.89,"curve":"stepped"},{"time":0.6666,"angle":1.02,"curve":"stepped"},{"time":1,"angle":2.94,"curve":"stepped"},{"time":1.3,"angle":1.62,"curve":"stepped"},{"time":1.6666,"angle":0}]},"L_chain6":{"rotate":[{"time":0,"angle":0,"curve":"stepped"},{"time":0.3333,"angle":-0.89,"curve":"stepped"},{"time":0.6666,"angle":1.02,"curve":"stepped"},{"time":1,"angle":2.94,"curve":"stepped"},{"time":1.3,"angle":1.62,"curve":"stepped"},{"time":1.6666,"angle":0}]},"R_chain1":{"rotate":[{"time":0,"angle":0,"curve":"stepped"},{"time":0.3333,"angle":-0.89,"curve":"stepped"},{"time":0.6666,"angle":1.02,"curve":"stepped"},{"time":1,"angle":2.94,"curve":"stepped"},{"time":1.3,"angle":1.62,"curve":"stepped"},{"time":1.6666,"angle":0}]},"R_chain2":{"rotate":[{"time":0,"angle":0,"curve":"stepped"},{"time":0.3333,"angle":-0.89,"curve":"stepped"},{"time":0.6666,"angle":1.02,"curve":"stepped"},{"time":1,"angle":2.94,"curve":"stepped"},{"time":1.3,"angle":1.62,"curve":"stepped"},{"time":1.6666,"angle":0}]},"R_chain3":{"rotate":[{"time":0,"angle":0,"curve":"stepped"},{"time":0.3333,"angle":-0.89,"curve":"stepped"},{"time":0.6666,"angle":1.02,"curve":"stepped"},{"time":1,"angle":2.94,"curve":"stepped"},{"time":1.3,"angle":1.62,"curve":"stepped"},{"time":1.6666,"angle":0}]},"R_chain4":{"rotate":[{"time":0,"angle":0,"curve":"stepped"},{"time":0.3333,"angle":-0.89,"curve":"stepped"},{"time":0.6666,"angle":1.02,"curve":"stepped"},{"time":1,"angle":2.94,"curve":"stepped"},{"time":1.3,"angle":1.62,"curve":"stepped"},{"time":1.6666,"angle":0}]},"weapon_head":{"rotate":[{"time":1.3,"angle":0}],"translate":[{"time":0,"x":0,"y":0,"curve":"stepped"},{"time":0.3333,"x":-0.35,"y":0.35,"curve":"stepped"},{"time":0.6666,"x":-0.35,"y":-1.4,"curve":"stepped"},{"time":1,"x":-0.35,"y":-2.11,"curve":"stepped"},{"time":1.3,"x":-0.35,"y":-0.7,"curve":"stepped"},{"time":1.6666,"x":0,"y":0}]},"L_chain7":{"rotate":[{"time":0,"angle":0,"curve":"stepped"},{"time":0.3333,"angle":-0.89,"curve":"stepped"},{"time":0.6666,"angle":1.02,"curve":"stepped"},{"time":1,"angle":2.94,"curve":"stepped"},{"time":1.3,"angle":1.62,"curve":"stepped"},{"time":1.6666,"angle":0}]}}},"skill1":{"slots":{"100_S1_wave1/100_S1_wave1_00001":{"attachment":[{"time":0.4,"name":"100_S1_wave1/100_S1_wave1_00001"},{"time":0.4666,"name":"100_S1_wave1/100_S1_wave1_00003"},{"time":0.5333,"name":"100_S1_wave1/100_S1_wave1_00005"},{"time":0.6,"name":"100_S1_wave1/100_S1_wave1_00007"},{"time":0.6666,"name":"100_S1_wave1/100_S1_wave1_00009"},{"time":0.7333,"name":"100_S1_wave1/100_S1_wave1_00011"},{"time":0.8,"name":null},{"time":1.6333,"name":"100_S1_wave1/100_S1_wave1_00001"},{"time":1.6666,"name":"100_S1_wave1/100_S1_wave1_00003"},{"time":1.7333,"name":"100_S1_wave1/100_S1_wave1_00005"},{"time":1.8,"name":"100_S1_wave1/100_S1_wave1_00007"},{"time":1.8666,"name":"100_S1_wave1/100_S1_wave1_00009"},{"time":1.9333,"name":"100_S1_wave1/100_S1_wave1_00011"},{"time":2.0333,"name":null}],"color":[{"time":0.7333,"color":"ffffffff"},{"time":0.8,"color":"ffffff00","curve":"stepped"},{"time":1.6333,"color":"ffffffff","curve":"stepped"},{"time":1.9333,"color":"ffffffff"},{"time":2.0333,"color":"ffffff00"}]},"100_S1_wave1/100_S1_wave1_1":{"attachment":[{"time":0.6333,"name":"100_S1_wave1/100_S1_wave1_00001"},{"time":0.7,"name":"100_S1_wave1/100_S1_wave1_00003"},{"time":0.7666,"name":"100_S1_wave1/100_S1_wave1_00005"},{"time":0.8333,"name":"100_S1_wave1/100_S1_wave1_00007"},{"time":0.9,"name":"100_S1_wave1/100_S1_wave1_00009"},{"time":0.9666,"name":"100_S1_wave1/100_S1_wave1_00011"},{"time":1.0333,"name":null}],"color":[{"time":0.9666,"color":"ffffffff"},{"time":1.0333,"color":"ffffff00"}]},"DAMAGEAREA":{"attachment":[{"time":1.6666,"name":"DAMAGEAREA"},{"time":2.0666,"name":null}]},"MAIN":{"attachment":[{"time":0,"name":"idle_00"},{"time":0.1666,"name":"skill1_00"},{"time":0.4,"name":"skill1_01"},{"time":0.4333,"name":"skill1_02"},{"time":0.6333,"name":"skill1_03"},{"time":0.7,"name":"skill1_04"},{"time":0.8,"name":"skill1_05"},{"time":1,"name":"skill1_06"},{"time":1.1333,"name":"skill1_07"},{"time":1.6,"name":"skill1_08"},{"time":1.6333,"name":"skill1_09"},{"time":1.8666,"name":"skill1_10"},{"time":1.9333,"name":"skill1_11"},{"time":2,"name":"skill1_12"}]},"weapon/weapon_atk_2":{"attachment":[{"time":1,"name":"weapon/weapon_atk_2"},{"time":1.6,"name":"weapon/weapon_atk_2"}]}},"bones":{"MAIN":{"translate":[{"time":0,"x":0,"y":0,"curve":"stepped"},{"time":0.4,"x":0,"y":0,"curve":"stepped"},{"time":0.4333,"x":0,"y":-2.35,"curve":"stepped"},{"time":0.4666,"x":0,"y":5.87,"curve":"stepped"},{"time":0.5,"x":0,"y":-2.35,"curve":"stepped"},{"time":0.5333,"x":0,"y":0,"curve":"stepped"},{"time":1.6,"x":-117.66,"y":0,"curve":"stepped"},{"time":1.6333,"x":-125.39,"y":0,"curve":"stepped"},{"time":1.6666,"x":-125.39,"y":8.09,"curve":"stepped"},{"time":1.7,"x":-125.39,"y":-6.07,"curve":"stepped"},{"time":1.7333,"x":-125.39,"y":0}]},"weapon_head":{"rotate":[{"time":0.4,"angle":37.57,"curve":"stepped"},{"time":1,"angle":160.6,"curve":"stepped"},{"time":1.1333,"angle":135.69,"curve":"stepped"},{"time":1.6,"angle":-7.4,"curve":"stepped"},{"time":1.6333,"angle":0.57}],"translate":[{"time":0.1666,"x":-3.5,"y":68.32,"curve":"stepped"},{"time":0.4,"x":-67.28,"y":22.17,"curve":"stepped"},{"time":1,"x":31.4,"y":-1.34,"curve":"stepped"},{"time":1.1333,"x":32.81,"y":-27.04,"curve":"stepped"},{"time":1.6,"x":-138.01,"y":-65.16,"curve":"stepped"},{"time":1.6333,"x":-114.14,"y":-91.84}]},"R_chain1":{"rotate":[{"time":0.4,"angle":-29.64,"curve":"stepped"},{"time":0.7,"angle":-27.48,"curve":"stepped"},{"time":0.8,"angle":7.83,"curve":"stepped"},{"time":1,"angle":180.68,"curve":"stepped"},{"time":1.6333,"angle":128.66,"curve":"stepped"},{"time":1.8666,"angle":56.25,"curve":"stepped"},{"time":1.9333,"angle":52.26,"curve":"stepped"},{"time":2,"angle":-7.41}],"translate":[{"time":1,"x":31.85,"y":8.46,"curve":"stepped"},{"time":1.1333,"x":24.84,"y":29.27,"curve":"stepped"},{"time":1.9333,"x":36.2,"y":-3.66,"curve":"stepped"},{"time":2,"x":34.32,"y":-7.78}]},"L_chain1":{"rotate":[{"time":0.4,"angle":-12.74,"curve":"stepped"},{"time":0.6333,"angle":-16.55,"curve":"stepped"},{"time":0.7,"angle":-15.5,"curve":"stepped"},{"time":1,"angle":82.69,"curve":"stepped"},{"time":1.1333,"angle":69.9,"curve":"stepped"},{"time":1.6,"angle":3.21,"curve":"stepped"},{"time":1.6333,"angle":25.55,"curve":"stepped"},{"time":1.8666,"angle":-59.28,"curve":"stepped"},{"time":1.9333,"angle":-74.1,"curve":"stepped"},{"time":2,"angle":-91.4}],"translate":[{"time":1,"x":-14.75,"y":2.43,"curve":"stepped"},{"time":1.1333,"x":-23.31,"y":-1.13,"curve":"stepped"},{"time":1.6,"x":-17.88,"y":1.91,"curve":"stepped"},{"time":1.6333,"x":-17.99,"y":3.33}]},"L_chain5":{"rotate":[{"time":0.4,"angle":9.52,"curve":"stepped"},{"time":0.4333,"angle":-4.44,"curve":"stepped"},{"time":0.6333,"angle":22.23,"curve":"stepped"},{"time":0.7,"angle":-7.41,"curve":"stepped"},{"time":0.8,"angle":-11.62,"curve":"stepped"},{"time":1.1333,"angle":-14.68,"curve":"stepped"},{"time":1.9333,"angle":-18.69,"curve":"stepped"},{"time":2,"angle":1.84}]},"L_chain3":{"rotate":[{"time":0.1666,"angle":-27.23,"curve":"stepped"},{"time":0.4,"angle":-16.23,"curve":"stepped"},{"time":0.4333,"angle":-3.1,"curve":"stepped"},{"time":0.6333,"angle":-4.37,"curve":"stepped"},{"time":0.7,"angle":-27.66,"curve":"stepped"},{"time":0.8,"angle":-41.96,"curve":"stepped"},{"time":1.1333,"angle":-31.95}]},"R_chain2":{"rotate":[{"time":0.4,"angle":-20.74,"curve":"stepped"},{"time":0.4333,"angle":-30.06,"curve":"stepped"},{"time":0.6333,"angle":-11.43,"curve":"stepped"},{"time":0.7,"angle":-4.62,"curve":"stepped"},{"time":0.8,"angle":0.5}]},"L_chain4":{"rotate":[{"time":0.1666,"angle":-27.21,"curve":"stepped"},{"time":0.4333,"angle":18.21,"curve":"stepped"},{"time":0.6333,"angle":-14.68,"curve":"stepped"},{"time":0.7,"angle":5.37,"curve":"stepped"},{"time":0.8,"angle":-7.96,"curve":"stepped"},{"time":1.1333,"angle":-0.68,"curve":"stepped"},{"time":1.9333,"angle":-9.47}]},"L_chain6":{"rotate":[{"time":0.4333,"angle":22.36,"curve":"stepped"},{"time":0.6333,"angle":20.59,"curve":"stepped"},{"time":0.7,"angle":15.39,"curve":"stepped"},{"time":0.8,"angle":3.62,"curve":"stepped"},{"time":1.1333,"angle":-19.7,"curve":"stepped"},{"time":1.9333,"angle":-43.45,"curve":"stepped"},{"time":2,"angle":-25.75}]},"R_chain3":{"rotate":[{"time":0.4333,"angle":-27.04,"curve":"stepped"},{"time":0.6333,"angle":-51.68,"curve":"stepped"},{"time":0.7,"angle":10.58,"curve":"stepped"},{"time":0.8,"angle":6.49,"curve":"stepped"},{"time":1.1333,"angle":11.66,"curve":"stepped"},{"time":2,"angle":42.41}]},"R_chain4":{"rotate":[{"time":0.4333,"angle":-21.17,"curve":"stepped"},{"time":0.6333,"angle":-12.66,"curve":"stepped"},{"time":0.7,"angle":-35.32,"curve":"stepped"},{"time":1.1333,"angle":-13.19,"curve":"stepped"},{"time":1.9333,"angle":28.2,"curve":"stepped"},{"time":2,"angle":-27.2}]},"L_chain2":{"rotate":[{"time":0.7,"angle":-2.14,"curve":"stepped"},{"time":0.8,"angle":-15.41,"curve":"stepped"},{"time":1.1333,"angle":22.12}]},"F_chain":{"rotate":[{"time":1,"angle":105.69}],"translate":[{"time":1,"x":-6.8,"y":-52.23,"curve":"stepped"},{"time":1.1333,"x":-6.17,"y":-44.89,"curve":"stepped"},{"time":1.6,"x":-6.63,"y":-50.24,"curve":"stepped"},{"time":1.6333,"x":-6.67,"y":-50.77}]},"L_chain7":{"rotate":[{"time":1.1333,"angle":50.44}]},"fire_wave":{"translate":[{"time":0.4,"x":-302.06,"y":-26.04,"curve":"stepped"},{"time":1.6333,"x":-541.39,"y":-53}],"scale":[{"time":0.4,"x":0.599,"y":0.599},{"time":0.8,"x":1.212,"y":1.212,"curve":"stepped"},{"time":1.6333,"x":1.039,"y":1.039},{"time":2.0333,"x":2.364,"y":2.364}]},"fire_wave2":{"translate":[{"time":0.6333,"x":-302.06,"y":-26.04}],"scale":[{"time":0.6333,"x":0.599,"y":0.599},{"time":1.0333,"x":1.212,"y":1.212}]},"DAMAGEAREA":{"translate":[{"time":1.6666,"x":-264.41,"y":106.21}],"scale":[{"time":1.6666,"x":1.824,"y":2.299}]}},"drawOrder":[{"time":1},{"time":1.6}],"events":[{"time":0.3666,"name":"Event","string":"setForceImpact(1)"},{"time":0.4,"name":"Event","string":"shakeGround"},{"time":0.4,"name":"Sound1","string":"cri_se_battle_monster_fall"},{"time":0.4,"name":"Sound2","string":"cri_se_battle_033_explosion_element_01"},{"time":0.4,"name":"Voice","string":"cri_130_voice_skill_all"},{"time":0.4333,"name":"Event","float":0.2,"string":"kHitStopType_enemyonly"},{"time":0.4666,"name":"Event","string":"kImpactType_knock"},{"time":0.5,"name":"Event","string":"runSkillEffect"},{"time":1.5666,"name":"Sound3","string":"cri_se_battle_skill_swish"},{"time":1.6333,"name":"Sound1","string":"cri_se_battle_monster_fall"},{"time":1.6333,"name":"Sound2","string":"cri_se_battle_hard_hit"},{"time":1.6333,"name":"Sound3","string":"cri_se_battle_030_explosion_02"},{"time":1.6666,"name":"Event","string":"shakeGround"},{"time":1.6666,"name":"Sound1","string":"setHitSound(se_battle_explosion_short)"},{"time":1.7,"name":"Hit","string":"resetHitList"},{"time":1.7,"name":"Sound1","string":"setHitSound(empty)"},{"time":1.7333,"name":"Hit","string":"resetHitList"},{"time":1.7666,"name":"Hit","string":"resetHitList"},{"time":1.7666,"name":"Sound1","string":"setHitSound(se_battle_explosion_short)"},{"time":1.8,"name":"Hit","string":"resetHitList"},{"time":1.8,"name":"Sound1","string":"setHitSound(empty)"},{"time":1.8333,"name":"Hit","string":"resetHitList"},{"time":1.8666,"name":"Hit","string":"resetHitList"},{"time":1.8666,"name":"Sound1","string":"setHitSound(se_battle_explosion_short)"},{"time":1.9,"name":"Hit","string":"resetHitList"},{"time":1.9,"name":"Sound1","string":"setHitSound(empty)"},{"time":1.9333,"name":"Hit","string":"resetHitList"},{"time":1.9666,"name":"Hit","string":"resetHitList"},{"time":1.9666,"name":"Sound1","string":"setHitSound(se_battle_explosion_short)"},{"time":2,"name":"Hit","string":"resetHitList"},{"time":2,"name":"Sound1","string":"setHitSound(empty)"},{"time":2.0333,"name":"Hit","string":"resetHitList"}]},"skill2":{"slots":{"100_S1_wave1/100_S1_wave1_00001":{"attachment":[{"time":1.7666,"name":"100_S1_wave1/100_S1_wave1_00001"},{"time":1.8,"name":"100_S1_wave1/100_S1_wave1_00003"},{"time":1.8333,"name":"100_S1_wave1/100_S1_wave1_00005"},{"time":1.8666,"name":"100_S1_wave1/100_S1_wave1_00007"},{"time":1.9,"name":"100_S1_wave1/100_S1_wave1_00009"},{"time":1.9666,"name":"100_S1_wave1/100_S1_wave1_00011"},{"time":2.0666,"name":null},{"time":2.8333,"name":"100_S1_wave1/100_S1_wave1_00001"},{"time":2.8666,"name":"100_S1_wave1/100_S1_wave1_00003"},{"time":2.9,"name":"100_S1_wave1/100_S1_wave1_00005"},{"time":2.9333,"name":"100_S1_wave1/100_S1_wave1_00007"},{"time":3,"name":"100_S1_wave1/100_S1_wave1_00009"},{"time":3.0666,"name":"100_S1_wave1/100_S1_wave1_00011"},{"time":3.1666,"name":null}],"color":[{"time":1.9666,"color":"ffffffff"},{"time":2.0666,"color":"ffffff00","curve":"stepped"},{"time":2.8333,"color":"ffffffff","curve":"stepped"},{"time":3.0666,"color":"ffffffff"},{"time":3.1666,"color":"ffffff00"}]},"DAMAGEAREA":{"attachment":[{"time":0.6333,"name":"DAMAGEAREA"},{"time":0.7,"name":null},{"time":1.0333,"name":"DAMAGEAREA"},{"time":1.1,"name":null},{"time":2.8333,"name":"DAMAGEAREA"},{"time":3.0666,"name":null}]},"MAIN":{"attachment":[{"time":0,"name":"attack_00"},{"time":0.1,"name":"attack_01"},{"time":0.2333,"name":"skill2_00"},{"time":0.6333,"name":"skill2_01"},{"time":0.8333,"name":"skill2_02"},{"time":0.9333,"name":"skill2_03"},{"time":1.0333,"name":"skill2_04"},{"time":1.1,"name":"skill2_05"},{"time":1.4,"name":"skill2_06"},{"time":1.5,"name":"skill2_07"},{"time":1.6,"name":"skill2_08"},{"time":1.7666,"name":"skill2_09"},{"time":1.8333,"name":"skill2_10"},{"time":1.8666,"name":"skill2_11"},{"time":1.9,"name":"skill2_12"},{"time":1.9333,"name":"skill2_13"},{"time":2.0666,"name":"skill2_14"},{"time":2.5666,"name":"skill2_19"},{"time":2.7,"name":"skill2_15"},{"time":2.7666,"name":"skill2_16"},{"time":3.1,"name":"skill2_17"},{"time":3.2333,"name":"skill2_18"}]},"weapon/L_weapon_chain_1":{"attachment":[{"time":2.5666,"name":null},{"time":2.7,"name":"weapon/L_weapon_chain_1"},{"time":3.2333,"name":"weapon/L_weapon_chain_1"}]},"weapon/L_weapon_chain_2":{"attachment":[{"time":2.5666,"name":null},{"time":2.7,"name":"weapon/L_weapon_chain_2"},{"time":3.2333,"name":"weapon/L_weapon_chain_2"}]},"weapon/L_weapon_chain_3":{"attachment":[{"time":2.5666,"name":null},{"time":2.7,"name":"weapon/L_weapon_chain_3"},{"time":3.2333,"name":"weapon/L_weapon_chain_3"}]},"weapon/R_weapon_chain_1":{"attachment":[{"time":2.5666,"name":null},{"time":2.7,"name":"weapon/R_weapon_chain_1"},{"time":3.2333,"name":"weapon/R_weapon_chain_1"}]},"weapon/R_weapon_chain_2":{"attachment":[{"time":2.5666,"name":null},{"time":2.7,"name":"weapon/R_weapon_chain_2"},{"time":3.2333,"name":"weapon/R_weapon_chain_2"}]},"weapon/weapon_atk_2":{"attachment":[{"time":0,"name":"weapon/weapon_skill_2_1"},{"time":0.2333,"name":"weapon/weapon_2"},{"time":0.6333,"name":"weapon/wapon_back"},{"time":0.8333,"name":"weapon/wapon_back"},{"time":1.0333,"name":"weapon/weapon_skill_2_1"},{"time":1.1,"name":"weapon/weapon_skill_2_1"},{"time":1.4,"name":"weapon/wapon_back"},{"time":1.7666,"name":"weapon/wapon_back"},{"time":1.8333,"name":"weapon/weapon_skill_2_1"},{"time":1.9333,"name":"weapon/wapon_back"},{"time":2.5666,"name":null},{"time":2.7,"name":"weapon/wapon_back"},{"time":2.7666,"name":"weapon/weapon_side"},{"time":3.2333,"name":"weapon/weapon_side"},{"time":3.6666,"name":"skill2_18"}]}},"bones":{"MAIN":{"rotate":[{"time":0,"angle":0,"curve":"stepped"},{"time":2.5666,"angle":0,"curve":"stepped"},{"time":2.6,"angle":116.47,"curve":"stepped"},{"time":2.6333,"angle":-160.08,"curve":"stepped"},{"time":2.7,"angle":16.95,"curve":"stepped"},{"time":2.7666,"angle":0}],"translate":[{"time":0,"x":22.34,"y":0,"curve":"stepped"},{"time":0.1,"x":20.35,"y":0,"curve":"stepped"},{"time":0.6333,"x":-57.33,"y":-6.06,"curve":"stepped"},{"time":0.7,"x":-57.33,"y":1.43,"curve":"stepped"},{"time":0.8333,"x":-26.1,"y":-0.98,"curve":"stepped"},{"time":1.0333,"x":-98.33,"y":-0.98,"curve":"stepped"},{"time":1.1,"x":-136.31,"y":-0.32,"curve":"stepped"},{"time":1.4,"x":-154.26,"y":-0.32,"curve":"stepped"},{"time":1.7666,"x":-204.37,"y":190.31,"curve":"stepped"},{"time":1.8333,"x":-205.07,"y":270.98,"curve":"stepped"},{"time":1.8666,"x":-204.57,"y":313.01,"curve":"stepped"},{"time":1.9,"x":-217.13,"y":362.2,"curve":"stepped"},{"time":1.9333,"x":-227.91,"y":374.54,"curve":"stepped"},{"time":2.0666,"x":-262.23,"y":382.81,"curve":"stepped"},{"time":2.5666,"x":-288.3,"y":346.53,"curve":"stepped"},{"time":2.6,"x":-296.09,"y":290.2,"curve":"stepped"},{"time":2.6333,"x":-286.34,"y":211.99,"curve":"stepped"},{"time":2.7,"x":-362.36,"y":120.26,"curve":"stepped"},{"time":2.7666,"x":-334.89,"y":-19.41,"curve":"stepped"},{"time":2.9,"x":-334.89,"y":33.13,"curve":"stepped"},{"time":3.1,"x":-291.17,"y":1.77,"curve":"stepped"},{"time":3.2333,"x":-283.55,"y":1.77,"curve":"stepped"},{"time":3.6666,"x":-283.55,"y":1.77}]},"weapon_head":{"rotate":[{"time":0,"angle":-168.99,"curve":"stepped"},{"time":0.1,"angle":-154.58,"curve":"stepped"},{"time":0.2333,"angle":-102.04,"curve":"stepped"},{"time":0.6333,"angle":137.76,"curve":"stepped"},{"time":0.8333,"angle":50.72,"curve":"stepped"},{"time":0.9333,"angle":63.83,"curve":"stepped"},{"time":1.0333,"angle":110.18,"curve":"stepped"},{"time":1.1,"angle":118.08,"curve":"stepped"},{"time":1.4,"angle":31.21,"curve":"stepped"},{"time":1.5,"angle":15.38,"curve":"stepped"},{"time":1.6,"angle":-6.85,"curve":"stepped"},{"time":1.7666,"angle":-121.51,"curve":"stepped"},{"time":1.8333,"angle":110.06,"curve":"stepped"},{"time":1.8666,"angle":144.74,"curve":"stepped"},{"time":1.9,"angle":-143.02,"curve":"stepped"},{"time":1.9333,"angle":-53.86,"curve":"stepped"},{"time":2.0666,"angle":-67.77,"curve":"stepped"},{"time":2.7,"angle":-26.09,"curve":"stepped"},{"time":2.7666,"angle":4.46,"curve":"stepped"},{"time":3.1,"angle":-2.67,"curve":"stepped"},{"time":3.2333,"angle":-1.09,"curve":"stepped"},{"time":3.6666,"angle":-1.09}],"translate":[{"time":0,"x":48.05,"y":-53.99,"curve":"stepped"},{"time":0.1,"x":32.06,"y":-39.22,"curve":"stepped"},{"time":0.2333,"x":82.45,"y":-59.62,"curve":"stepped"},{"time":0.6333,"x":-106.55,"y":-86.22,"curve":"stepped"},{"time":0.8333,"x":-87.48,"y":18.54,"curve":"stepped"},{"time":0.9333,"x":-77.33,"y":-1.15,"curve":"stepped"},{"time":1.0333,"x":38.3,"y":-52.33,"curve":"stepped"},{"time":1.1,"x":57.72,"y":-35.69,"curve":"stepped"},{"time":1.4,"x":-63.71,"y":47.19,"curve":"stepped"},{"time":1.5,"x":-48.39,"y":36.11,"curve":"stepped"},{"time":1.6,"x":-10.91,"y":4.43,"curve":"stepped"},{"time":1.7666,"x":13.43,"y":-144.65,"curve":"stepped"},{"time":1.8333,"x":2.59,"y":-119.46,"curve":"stepped"},{"time":1.8666,"x":35.04,"y":-63.78,"curve":"stepped"},{"time":1.9,"x":22.02,"y":0.46,"curve":"stepped"},{"time":1.9333,"x":28.01,"y":19.43,"curve":"stepped"},{"time":2.0666,"x":56.43,"y":11.77,"curve":"stepped"},{"time":2.7,"x":1.76,"y":49.91,"curve":"stepped"},{"time":2.7666,"x":-105.29,"y":-80.38,"curve":"stepped"},{"time":3.1,"x":-146.39,"y":-61.02,"curve":"stepped"},{"time":3.2333,"x":-151.65,"y":-78.71,"curve":"stepped"},{"time":3.6666,"x":-151.65,"y":-78.71}],"scale":[{"time":0.8333,"x":-1,"y":1,"curve":"stepped"},{"time":1.0333,"x":0.9,"y":1,"curve":"stepped"},{"time":1.7666,"x":1,"y":1}]},"R_chain1":{"rotate":[{"time":0,"angle":0,"curve":"stepped"},{"time":0.2333,"angle":-58.5,"curve":"stepped"},{"time":0.6333,"angle":75.8,"curve":"stepped"},{"time":0.8333,"angle":105.18,"curve":"stepped"},{"time":0.9333,"angle":142.79,"curve":"stepped"},{"time":1.0333,"angle":35.34,"curve":"stepped"},{"time":1.1,"angle":61.16,"curve":"stepped"},{"time":1.4,"angle":-20.99,"curve":"stepped"},{"time":1.5,"angle":6.05,"curve":"stepped"},{"time":1.6,"angle":34.62,"curve":"stepped"},{"time":1.7666,"angle":155.67,"curve":"stepped"},{"time":1.8333,"angle":-18.18,"curve":"stepped"},{"time":1.8666,"angle":214.89,"curve":"stepped"},{"time":1.9,"angle":162.89,"curve":"stepped"},{"time":1.9333,"angle":27.29,"curve":"stepped"},{"time":2.0666,"angle":42.02,"curve":"stepped"},{"time":2.7,"angle":213.9,"curve":"stepped"},{"time":2.7666,"angle":242.61,"curve":"stepped"},{"time":3.1,"angle":173.11,"curve":"stepped"},{"time":3.2333,"angle":88.1,"curve":"stepped"},{"time":3.6666,"angle":88.1}],"translate":[{"time":0,"x":0,"y":0,"curve":"stepped"},{"time":0.6333,"x":45.37,"y":-16.87,"curve":"stepped"},{"time":0.8333,"x":52.63,"y":-25.53,"curve":"stepped"},{"time":1.0333,"x":48.47,"y":-23.58,"curve":"stepped"},{"time":1.1,"x":49.47,"y":-21.91,"curve":"stepped"},{"time":1.4,"x":-12.39,"y":-65.9,"curve":"stepped"},{"time":1.7666,"x":-4.63,"y":-37.57,"curve":"stepped"},{"time":1.8333,"x":-1.88,"y":-74.79,"curve":"stepped"},{"time":1.8666,"x":4.45,"y":-64.23,"curve":"stepped"},{"time":1.9,"x":1.34,"y":-59.72,"curve":"stepped"},{"time":2.7,"x":-11.97,"y":-48.47,"curve":"stepped"},{"time":2.7666,"x":-14.78,"y":-94.81}]},"root":{"rotate":[{"time":0,"angle":0}],"translate":[{"time":0,"x":0,"y":0}]},"R_chain2":{"rotate":[{"time":0,"angle":0,"curve":"stepped"},{"time":1.1,"angle":19.31,"curve":"stepped"},{"time":1.8666,"angle":14.72,"curve":"stepped"},{"time":2.0666,"angle":25.22}],"translate":[{"time":0,"x":0,"y":0}]},"R_chain3":{"rotate":[{"time":0,"angle":0,"curve":"stepped"},{"time":0.2333,"angle":28.99,"curve":"stepped"},{"time":0.6333,"angle":-21.22,"curve":"stepped"},{"time":1.1,"angle":15.41,"curve":"stepped"},{"time":1.6,"angle":-9.67,"curve":"stepped"},{"time":1.8666,"angle":-44.54,"curve":"stepped"},{"time":2.7666,"angle":-13.5}],"translate":[{"time":0,"x":0,"y":0}]},"L_chain2":{"rotate":[{"time":0,"angle":0,"curve":"stepped"},{"time":1.7666,"angle":21.29,"curve":"stepped"},{"time":1.8666,"angle":-2.18,"curve":"stepped"},{"time":2.0666,"angle":5.58,"curve":"stepped"},{"time":2.7,"angle":-10.45}],"translate":[{"time":0,"x":0,"y":0}]},"L_chain6":{"rotate":[{"time":0,"angle":0,"curve":"stepped"},{"time":0.9333,"angle":5.5,"curve":"stepped"},{"time":1.4,"angle":-27.28,"curve":"stepped"},{"time":1.6,"angle":-4.21,"curve":"stepped"},{"time":1.7666,"angle":-8.76,"curve":"stepped"},{"time":2.0666,"angle":-0.27,"curve":"stepped"},{"time":2.7666,"angle":-1.52,"curve":"stepped"},{"time":3.1,"angle":37.5,"curve":"stepped"},{"time":3.2333,"angle":24.83,"curve":"stepped"},{"time":3.6666,"angle":24.83}],"translate":[{"time":0,"x":0,"y":0}]},"L_chain4":{"rotate":[{"time":0,"angle":0,"curve":"stepped"},{"time":0.2333,"angle":-50.76,"curve":"stepped"},{"time":0.6333,"angle":-35.29,"curve":"stepped"},{"time":0.9333,"angle":11.39,"curve":"stepped"},{"time":1.0333,"angle":-43.03,"curve":"stepped"},{"time":1.1,"angle":16.58,"curve":"stepped"},{"time":1.4,"angle":-6.41,"curve":"stepped"},{"time":1.7666,"angle":-3.64,"curve":"stepped"},{"time":1.8666,"angle":-36.76,"curve":"stepped"},{"time":2.0666,"angle":-27.48,"curve":"stepped"},{"time":2.7,"angle":-27.79,"curve":"stepped"},{"time":2.7666,"angle":6.11,"curve":"stepped"},{"time":3.1,"angle":30.62,"curve":"stepped"},{"time":3.2333,"angle":12.93,"curve":"stepped"},{"time":3.6666,"angle":12.93}],"translate":[{"time":0,"x":0,"y":0}]},"L_chain5":{"rotate":[{"time":0,"angle":0,"curve":"stepped"},{"time":0.1,"angle":75.3,"curve":"stepped"},{"time":0.2333,"angle":105.81,"curve":"stepped"},{"time":0.8333,"angle":88.03,"curve":"stepped"},{"time":1.4,"angle":76.21,"curve":"stepped"},{"time":1.7666,"angle":46.99,"curve":"stepped"},{"time":2.0666,"angle":53.99,"curve":"stepped"},{"time":2.7666,"angle":64.94,"curve":"stepped"},{"time":3.1,"angle":94.31,"curve":"stepped"},{"time":3.2333,"angle":65.72,"curve":"stepped"},{"time":3.6666,"angle":65.72}],"translate":[{"time":0,"x":0,"y":0}]},"F_chain":{"rotate":[{"time":0,"angle":-168.83,"curve":"stepped"},{"time":0.2333,"angle":-6.06}],"translate":[{"time":0,"x":12.83,"y":-33.77,"curve":"stepped"},{"time":0.2333,"x":0.62,"y":-1.05,"curve":"stepped"},{"time":0.6333,"x":16.49,"y":-9.52,"curve":"stepped"},{"time":1.4,"x":69.34,"y":15.98}]},"L_chain1":{"rotate":[{"time":0,"angle":0,"curve":"stepped"},{"time":0.1,"angle":-64.05,"curve":"stepped"},{"time":0.2333,"angle":-104.98,"curve":"stepped"},{"time":0.6333,"angle":4.13,"curve":"stepped"},{"time":0.8333,"angle":23.83,"curve":"stepped"},{"time":0.9333,"angle":55.93,"curve":"stepped"},{"time":1.0333,"angle":-60.56,"curve":"stepped"},{"time":1.1,"angle":-53.07,"curve":"stepped"},{"time":1.4,"angle":-22.78,"curve":"stepped"},{"time":1.5,"angle":-41.75,"curve":"stepped"},{"time":1.6,"angle":-22.27,"curve":"stepped"},{"time":1.7666,"angle":90.64,"curve":"stepped"},{"time":1.8333,"angle":-142.02,"curve":"stepped"},{"time":1.8666,"angle":160.59,"curve":"stepped"},{"time":1.9,"angle":127.12,"curve":"stepped"},{"time":1.9333,"angle":48.74,"curve":"stepped"},{"time":2.0666,"angle":39.59,"curve":"stepped"},{"time":2.7,"angle":107,"curve":"stepped"},{"time":2.7666,"angle":169.34,"curve":"stepped"},{"time":3.1,"angle":97.7,"curve":"stepped"},{"time":3.2333,"angle":53.89,"curve":"stepped"},{"time":3.6666,"angle":53.89}],"translate":[{"time":0,"x":8.96,"y":2.94,"curve":"stepped"},{"time":0.2333,"x":-3.51,"y":1.85,"curve":"stepped"},{"time":0.6333,"x":-2.29,"y":3.33,"curve":"stepped"},{"time":1.0333,"x":-41.62,"y":-43.46,"curve":"stepped"},{"time":1.4,"x":-41.05,"y":-43.48,"curve":"stepped"},{"time":1.6,"x":-39.67,"y":-44.47,"curve":"stepped"},{"time":1.8333,"x":-74.34,"y":-95.97,"curve":"stepped"},{"time":1.8666,"x":-85.98,"y":-78.6,"curve":"stepped"},{"time":1.9333,"x":-41.25,"y":-43.45,"curve":"stepped"},{"time":2.7666,"x":-62.84,"y":-102.87}]},"R_chain4":{"rotate":[{"time":0,"angle":0,"curve":"stepped"},{"time":0.2333,"angle":53.54,"curve":"stepped"},{"time":0.6333,"angle":6.33,"curve":"stepped"},{"time":1.1,"angle":12.69,"curve":"stepped"},{"time":1.6,"angle":26.37,"curve":"stepped"},{"time":1.7666,"angle":26.85,"curve":"stepped"},{"time":2.7666,"angle":23.4,"curve":"stepped"},{"time":3.1,"angle":42.34}],"translate":[{"time":0,"x":0,"y":0}]},"L_chain3":{"rotate":[{"time":0,"angle":0,"curve":"stepped"},{"time":0.2333,"angle":25.91,"curve":"stepped"},{"time":0.6333,"angle":-4.27,"curve":"stepped"},{"time":0.8333,"angle":-22.9,"curve":"stepped"},{"time":1.0333,"angle":-33.94,"curve":"stepped"},{"time":1.1,"angle":9.49,"curve":"stepped"},{"time":1.4,"angle":-13.37,"curve":"stepped"},{"time":1.6,"angle":-32.12,"curve":"stepped"},{"time":1.8333,"angle":-26.96,"curve":"stepped"},{"time":1.8666,"angle":-45.59,"curve":"stepped"},{"time":2.0666,"angle":-37.68,"curve":"stepped"},{"time":2.7,"angle":-43.6}],"translate":[{"time":0,"x":0,"y":0}]},"fire_wave":{"translate":[{"time":1.7666,"x":-431.21,"y":-34.4,"curve":"stepped"},{"time":2.8333,"x":-671.6,"y":-34.4}],"scale":[{"time":1.7666,"x":1.039,"y":1.039},{"time":2.0666,"x":1.921,"y":1.921,"curve":"stepped"},{"time":2.8333,"x":1.986,"y":1.986},{"time":3.1666,"x":2.974,"y":2.974}]},"DAMAGEAREA":{"translate":[{"time":0.6333,"x":-110.73,"y":81.35,"curve":"stepped"},{"time":1.0333,"x":-151.41,"y":81.35,"curve":"stepped"},{"time":2.8333,"x":-374.02,"y":88.14}],"scale":[{"time":0.6333,"x":1.777,"y":1.485,"curve":"stepped"},{"time":1.0333,"x":2.159,"y":1.485,"curve":"stepped"},{"time":2.8333,"x":3.831,"y":2.61}]}},"drawOrder":[{"time":0,"offsets":[{"slot":"MAIN","offset":3}]},{"time":1.0333,"offsets":[{"slot":"MAIN","offset":3}]},{"time":1.7666}],"events":[{"time":0,"name":"Voice","string":"cri_130_voice_fullarts_now"},{"time":0.3333,"name":"Event","string":"setForceImpact(1)"},{"time":0.3666,"name":"Event","int":90,"string":"kImpactType_knock"},{"time":0.4,"name":"Event","float":0.3,"string":"kHitStopType_normal"},{"time":0.6,"name":"Sound1","string":"cri_se_battle_skill_shot"},{"time":0.6333,"name":"Event","string":"shakeGround"},{"time":0.6333,"name":"Sound1","string":"setHitSound(se_battle_hard_hit)"},{"time":1,"name":"Hit","string":"resetHitList"},{"time":1,"name":"Sound1","string":"cri_se_battle_skill_shot"},{"time":1.0333,"name":"Event","string":"shakeGround"},{"time":1.0333,"name":"Sound1","string":"setHitSound(se_battle_hard_hit)"},{"time":1.6666,"name":"Event","string":"runScript_Absolute_Defense_Posture"},{"time":1.7333,"name":"Event","string":"runSkillEffect"},{"time":1.7333,"name":"Sound1","string":"cri_se_battle_skill_shot"},{"time":1.7333,"name":"Sound2","string":"cri_se_battle_033_explosion_element_01"},{"time":1.7666,"name":"Event","string":"shakeGround"},{"time":2.1666,"name":"Voice","string":"cri_130_voice_fullarts_rank4"},{"time":2.5333,"name":"Sound1","string":"cri_se_battle_033_explosion_element_01"},{"time":2.7333,"name":"Event","float":0.05,"string":"kHitStopType_normal"},{"time":2.7666,"name":"Event","string":"kImpactType_knock"},{"time":2.8,"name":"Hit","string":"resetHitList"},{"time":2.8,"name":"Sound1","string":"cri_se_battle_030_explosion_02"},{"time":2.8333,"name":"Event","string":"shakeGround"},{"time":2.8333,"name":"Sound1","string":"cri_se_battle_monster_hit"},{"time":2.8333,"name":"Sound2","string":"setHitSound(se_battle_explosion_short)"},{"time":2.8666,"name":"Event","float":0.2,"string":"kHitStopType_enemyonly"},{"time":2.8666,"name":"Hit","string":"resetHitList"},{"time":2.8666,"name":"Sound2","string":"setHitSound(empty)"},{"time":2.9,"name":"Hit","string":"resetHitList"},{"time":2.9,"name":"Sound1","string":"setHitSound(empty)"},{"time":2.9333,"name":"Hit","string":"resetHitList"},{"time":2.9333,"name":"Sound2","string":"setHitSound(se_battle_explosion_short)"},{"time":2.9666,"name":"Hit","string":"resetHitList"},{"time":2.9666,"name":"Sound2","string":"setHitSound(empty)"},{"time":3,"name":"Hit","string":"resetHitList"},{"time":3.0333,"name":"Hit","string":"resetHitList"},{"time":3.0333,"name":"Sound2","string":"setHitSound(se_battle_explosion_short)"},{"time":3.0666,"name":"Sound2","string":"setHitSound(empty)"}]}}}