{"skeleton":{"hash":"IGeRhAUlL2kVswD7yyIg50dITWg","spine":"3.0.12","width":512,"height":512},"bones":[{"name":"root"},{"name":"ef","parent":"root"},{"name":"ef_smash_attack_C","parent":"ef"},{"name":"ef_smash_attack_B","parent":"ef"},{"name":"ef_smash_attack_A","parent":"ef"},{"name":"ef_sink_ball_yellow","parent":"ef"},{"name":"ef_shine_roll2","parent":"ef","x":-250},{"name":"ef_shine_roll","parent":"ef","x":-250},{"name":"ef_particle_roll","parent":"ef","x":-200},{"name":"ef_particle_circle","parent":"ef","x":-150},{"name":"ef_graund_wave2","parent":"ef","x":-50},{"name":"ef_graund_wave","parent":"ef","x":-50},{"name":"ef_flare_dome","parent":"ef","x":-100},{"name":"MAIN","parent":"root","y":70},{"name":"HITBOX","parent":"MAIN","y":-70},{"name":"DAMAGEAREA","parent":"root"},{"name":"sling","parent":"MAIN","x":20,"scaleX":2,"scaleY":2}],"slots":[{"name":"EF/0h/s12_ef_graund_wave_yellow/ef_graund_wave_yellow_00001","bone":"ef_graund_wave","blend":"additive"},{"name":"EF/0h/s12_ef_graund_wave_yellow/ef_graund_wave_yellow_1","bone":"ef_graund_wave2","blend":"additive"},{"name":"sling_1","bone":"sling"},{"name":"MAIN","bone":"MAIN","attachment":"idle_00"},{"name":"EF/0h/s1_ef_flare_dome_main/ef_flare_dome_main_00001","bone":"ef_flare_dome","blend":"additive"},{"name":"EF/0h/smash_attack_A_yellow/ef_smash_attack_A_yellow_00001","bone":"ef_smash_attack_A","blend":"additive"},{"name":"EF/0h/smash_sprash_A_yellow/ef_smash_sprash_A_yellow_00001","bone":"ef_smash_attack_B","blend":"additive"},{"name":"EF/0h/smash_wave_A_yellow/ef_smash_wave_A_yellow_00001","bone":"ef_smash_attack_C","blend":"additive"},{"name":"EF/0h/s2_ef_particle_roll_main/ef_particle_roll_main_00002","bone":"ef_particle_roll","blend":"additive"},{"name":"EF/0h/s1ef_particle_circle_main/ef_particle_circle_main_00002","bone":"ef_particle_circle","blend":"additive"},{"name":"EF/0h/s2_ef_shine_roll_main/ef_shine_roll_main_00002","bone":"ef_shine_roll","blend":"additive"},{"name":"EF/0h/s2_ef_shine_roll_main/ef_shine_roll_main_3","bone":"ef_shine_roll","blend":"additive"},{"name":"EF/0h/s2_ef_shine_roll_main/ef_shine_roll_main_2","bone":"ef_shine_roll2","blend":"additive"},{"name":"EF/0h/s2_ef_shine_roll_main/ef_shine_roll_main_4","bone":"ef_shine_roll2","blend":"additive"},{"name":"EF/s12_sink_ball_yellow/ef_sink_ball_yellow_00001","bone":"ef_sink_ball_yellow","blend":"additive"},{"name":"DAMAGEAREA","bone":"DAMAGEAREA"},{"name":"HITBOX","bone":"HITBOX","attachment":"HITBOX"}],"skins":{"default":{"DAMAGEAREA":{"DAMAGEAREA":{"type":"boundingbox","vertices":[-64.20818,-65.12644,63.82168,-65.12644,63.82168,64.08339,-64.20818,64.08339]}},"EF/0h/s12_ef_graund_wave_yellow/ef_graund_wave_yellow_00001":{"EF/0h/s12_ef_graund_wave_yellow/ef_graund_wave_yellow_00001":{"y":14.2,"width":304,"height":182},"EF/0h/s12_ef_graund_wave_yellow/ef_graund_wave_yellow_00002":{"y":14.2,"width":304,"height":182},"EF/0h/s12_ef_graund_wave_yellow/ef_graund_wave_yellow_00003":{"y":14.2,"width":304,"height":182},"EF/0h/s12_ef_graund_wave_yellow/ef_graund_wave_yellow_00004":{"y":14.2,"width":304,"height":182},"EF/0h/s12_ef_graund_wave_yellow/ef_graund_wave_yellow_00005":{"y":14.2,"width":304,"height":182},"EF/0h/s12_ef_graund_wave_yellow/ef_graund_wave_yellow_00006":{"y":14.2,"width":304,"height":182},"EF/0h/s12_ef_graund_wave_yellow/ef_graund_wave_yellow_00007":{"y":14.2,"width":304,"height":182},"EF/0h/s12_ef_graund_wave_yellow/ef_graund_wave_yellow_00008":{"y":14.2,"width":304,"height":182},"EF/0h/s12_ef_graund_wave_yellow/ef_graund_wave_yellow_00009":{"y":14.2,"width":304,"height":182},"EF/0h/s12_ef_graund_wave_yellow/ef_graund_wave_yellow_00010":{"y":14.2,"width":304,"height":182},"EF/0h/s12_ef_graund_wave_yellow/ef_graund_wave_yellow_00011":{"y":14.2,"width":304,"height":182},"EF/0h/s12_ef_graund_wave_yellow/ef_graund_wave_yellow_00012":{"y":14.2,"width":304,"height":182},"EF/0h/s12_ef_graund_wave_yellow/ef_graund_wave_yellow_00013":{"y":14.2,"width":304,"height":182},"EF/0h/s12_ef_graund_wave_yellow/ef_graund_wave_yellow_00014":{"y":14.2,"width":304,"height":182}},"EF/0h/s12_ef_graund_wave_yellow/ef_graund_wave_yellow_1":{"EF/0h/s12_ef_graund_wave_yellow/ef_graund_wave_yellow_00001":{"y":14.2,"width":304,"height":182},"EF/0h/s12_ef_graund_wave_yellow/ef_graund_wave_yellow_00002":{"y":14.2,"width":304,"height":182},"EF/0h/s12_ef_graund_wave_yellow/ef_graund_wave_yellow_00003":{"y":14.2,"width":304,"height":182},"EF/0h/s12_ef_graund_wave_yellow/ef_graund_wave_yellow_00004":{"y":14.2,"width":304,"height":182},"EF/0h/s12_ef_graund_wave_yellow/ef_graund_wave_yellow_00005":{"y":14.2,"width":304,"height":182},"EF/0h/s12_ef_graund_wave_yellow/ef_graund_wave_yellow_00006":{"y":14.2,"width":304,"height":182},"EF/0h/s12_ef_graund_wave_yellow/ef_graund_wave_yellow_00007":{"y":14.2,"width":304,"height":182},"EF/0h/s12_ef_graund_wave_yellow/ef_graund_wave_yellow_00008":{"y":14.2,"width":304,"height":182},"EF/0h/s12_ef_graund_wave_yellow/ef_graund_wave_yellow_00009":{"y":14.2,"width":304,"height":182},"EF/0h/s12_ef_graund_wave_yellow/ef_graund_wave_yellow_00010":{"y":14.2,"width":304,"height":182},"EF/0h/s12_ef_graund_wave_yellow/ef_graund_wave_yellow_00011":{"y":14.2,"width":304,"height":182},"EF/0h/s12_ef_graund_wave_yellow/ef_graund_wave_yellow_00012":{"y":14.2,"width":304,"height":182},"EF/0h/s12_ef_graund_wave_yellow/ef_graund_wave_yellow_00013":{"y":14.2,"width":304,"height":182},"EF/0h/s12_ef_graund_wave_yellow/ef_graund_wave_yellow_00014":{"y":14.2,"width":304,"height":182}},"EF/0h/s1_ef_flare_dome_main/ef_flare_dome_main_00001":{"EF/0h/s1_ef_flare_dome_main/ef_flare_dome_main_00001":{"y":31.77,"width":150,"height":100},"EF/0h/s1_ef_flare_dome_main/ef_flare_dome_main_00003":{"y":31.77,"width":150,"height":100},"EF/0h/s1_ef_flare_dome_main/ef_flare_dome_main_00005":{"y":31.77,"width":150,"height":100},"EF/0h/s1_ef_flare_dome_main/ef_flare_dome_main_00007":{"y":31.77,"width":150,"height":100},"EF/0h/s1_ef_flare_dome_main/ef_flare_dome_main_00009":{"y":31.77,"width":150,"height":100},"EF/0h/s1_ef_flare_dome_main/ef_flare_dome_main_00011":{"y":31.77,"width":150,"height":100},"EF/0h/s1_ef_flare_dome_main/ef_flare_dome_main_00013":{"y":31.77,"width":150,"height":100},"EF/0h/s1_ef_flare_dome_main/ef_flare_dome_main_00015":{"y":31.77,"width":150,"height":100},"EF/0h/s1_ef_flare_dome_main/ef_flare_dome_main_00017":{"y":31.77,"width":150,"height":100}},"EF/0h/s1ef_particle_circle_main/ef_particle_circle_main_00002":{"EF/0h/s1ef_particle_circle_main/ef_particle_circle_main_00002":{"width":200,"height":200},"EF/0h/s1ef_particle_circle_main/ef_particle_circle_main_00003":{"width":200,"height":200},"EF/0h/s1ef_particle_circle_main/ef_particle_circle_main_00005":{"width":200,"height":200},"EF/0h/s1ef_particle_circle_main/ef_particle_circle_main_00006":{"width":200,"height":200},"EF/0h/s1ef_particle_circle_main/ef_particle_circle_main_00008":{"width":200,"height":200},"EF/0h/s1ef_particle_circle_main/ef_particle_circle_main_00009":{"width":200,"height":200},"EF/0h/s1ef_particle_circle_main/ef_particle_circle_main_00011":{"width":200,"height":200},"EF/0h/s1ef_particle_circle_main/ef_particle_circle_main_00012":{"width":200,"height":200},"EF/0h/s1ef_particle_circle_main/ef_particle_circle_main_00014":{"width":200,"height":200},"EF/0h/s1ef_particle_circle_main/ef_particle_circle_main_00015":{"width":200,"height":200},"EF/0h/s1ef_particle_circle_main/ef_particle_circle_main_00017":{"width":200,"height":200},"EF/0h/s1ef_particle_circle_main/ef_particle_circle_main_00018":{"width":200,"height":200},"EF/0h/s1ef_particle_circle_main/ef_particle_circle_main_00020":{"width":200,"height":200},"EF/0h/s1ef_particle_circle_main/ef_particle_circle_main_00021":{"width":200,"height":200},"EF/0h/s1ef_particle_circle_main/ef_particle_circle_main_00023":{"width":200,"height":200},"EF/0h/s1ef_particle_circle_main/ef_particle_circle_main_00024":{"width":200,"height":200}},"EF/0h/s2_ef_particle_roll_main/ef_particle_roll_main_00002":{"EF/0h/s2_ef_particle_roll_main/ef_particle_roll_main_00002":{"width":200,"height":200},"EF/0h/s2_ef_particle_roll_main/ef_particle_roll_main_00003":{"width":200,"height":200},"EF/0h/s2_ef_particle_roll_main/ef_particle_roll_main_00005":{"width":200,"height":200},"EF/0h/s2_ef_particle_roll_main/ef_particle_roll_main_00006":{"width":200,"height":200},"EF/0h/s2_ef_particle_roll_main/ef_particle_roll_main_00008":{"width":200,"height":200},"EF/0h/s2_ef_particle_roll_main/ef_particle_roll_main_00009":{"width":200,"height":200},"EF/0h/s2_ef_particle_roll_main/ef_particle_roll_main_00011":{"width":200,"height":200},"EF/0h/s2_ef_particle_roll_main/ef_particle_roll_main_00012":{"width":200,"height":200},"EF/0h/s2_ef_particle_roll_main/ef_particle_roll_main_00014":{"width":200,"height":200},"EF/0h/s2_ef_particle_roll_main/ef_particle_roll_main_00015":{"width":200,"height":200},"EF/0h/s2_ef_particle_roll_main/ef_particle_roll_main_00017":{"width":200,"height":200},"EF/0h/s2_ef_particle_roll_main/ef_particle_roll_main_00018":{"width":200,"height":200}},"EF/0h/s2_ef_shine_roll_main/ef_shine_roll_main_00002":{"EF/0h/s2_ef_shine_roll_main/ef_shine_roll_main_00002":{"width":240,"height":240},"EF/0h/s2_ef_shine_roll_main/ef_shine_roll_main_00004":{"width":240,"height":240},"EF/0h/s2_ef_shine_roll_main/ef_shine_roll_main_00005":{"width":240,"height":240},"EF/0h/s2_ef_shine_roll_main/ef_shine_roll_main_00007":{"width":240,"height":240},"EF/0h/s2_ef_shine_roll_main/ef_shine_roll_main_00008":{"width":240,"height":240},"EF/0h/s2_ef_shine_roll_main/ef_shine_roll_main_00010":{"width":240,"height":240},"EF/0h/s2_ef_shine_roll_main/ef_shine_roll_main_00011":{"width":240,"height":240},"EF/0h/s2_ef_shine_roll_main/ef_shine_roll_main_00013":{"width":240,"height":240},"EF/0h/s2_ef_shine_roll_main/ef_shine_roll_main_00014":{"width":240,"height":240},"EF/0h/s2_ef_shine_roll_main/ef_shine_roll_main_00016":{"width":240,"height":240},"EF/0h/s2_ef_shine_roll_main/ef_shine_roll_main_00017":{"width":240,"height":240},"EF/0h/s2_ef_shine_roll_main/ef_shine_roll_main_00019":{"width":240,"height":240},"EF/0h/s2_ef_shine_roll_main/ef_shine_roll_main_00020":{"width":240,"height":240},"EF/0h/s2_ef_shine_roll_main/ef_shine_roll_main_00022":{"width":240,"height":240},"EF/0h/s2_ef_shine_roll_main/ef_shine_roll_main_00023":{"width":240,"height":240},"EF/0h/s2_ef_shine_roll_main/ef_shine_roll_main_00025":{"width":240,"height":240},"EF/0h/s2_ef_shine_roll_main/ef_shine_roll_main_00026":{"width":240,"height":240},"EF/0h/s2_ef_shine_roll_main/ef_shine_roll_main_00028":{"width":240,"height":240},"EF/0h/s2_ef_shine_roll_main/ef_shine_roll_main_00029":{"width":240,"height":240}},"EF/0h/s2_ef_shine_roll_main/ef_shine_roll_main_2":{"EF/0h/s2_ef_shine_roll_main/ef_shine_roll_main_00002":{"width":240,"height":240},"EF/0h/s2_ef_shine_roll_main/ef_shine_roll_main_00004":{"width":240,"height":240},"EF/0h/s2_ef_shine_roll_main/ef_shine_roll_main_00005":{"width":240,"height":240},"EF/0h/s2_ef_shine_roll_main/ef_shine_roll_main_00007":{"width":240,"height":240},"EF/0h/s2_ef_shine_roll_main/ef_shine_roll_main_00008":{"width":240,"height":240},"EF/0h/s2_ef_shine_roll_main/ef_shine_roll_main_00010":{"width":240,"height":240},"EF/0h/s2_ef_shine_roll_main/ef_shine_roll_main_00011":{"width":240,"height":240},"EF/0h/s2_ef_shine_roll_main/ef_shine_roll_main_00013":{"width":240,"height":240},"EF/0h/s2_ef_shine_roll_main/ef_shine_roll_main_00014":{"width":240,"height":240},"EF/0h/s2_ef_shine_roll_main/ef_shine_roll_main_00016":{"width":240,"height":240},"EF/0h/s2_ef_shine_roll_main/ef_shine_roll_main_00017":{"width":240,"height":240},"EF/0h/s2_ef_shine_roll_main/ef_shine_roll_main_00019":{"width":240,"height":240},"EF/0h/s2_ef_shine_roll_main/ef_shine_roll_main_00020":{"width":240,"height":240},"EF/0h/s2_ef_shine_roll_main/ef_shine_roll_main_00022":{"width":240,"height":240},"EF/0h/s2_ef_shine_roll_main/ef_shine_roll_main_00023":{"width":240,"height":240},"EF/0h/s2_ef_shine_roll_main/ef_shine_roll_main_00025":{"width":240,"height":240},"EF/0h/s2_ef_shine_roll_main/ef_shine_roll_main_00026":{"width":240,"height":240},"EF/0h/s2_ef_shine_roll_main/ef_shine_roll_main_00028":{"width":240,"height":240},"EF/0h/s2_ef_shine_roll_main/ef_shine_roll_main_00029":{"width":240,"height":240}},"EF/0h/s2_ef_shine_roll_main/ef_shine_roll_main_3":{"EF/0h/s2_ef_shine_roll_main/ef_shine_roll_main_00002":{"width":240,"height":240},"EF/0h/s2_ef_shine_roll_main/ef_shine_roll_main_00004":{"width":240,"height":240},"EF/0h/s2_ef_shine_roll_main/ef_shine_roll_main_00005":{"width":240,"height":240},"EF/0h/s2_ef_shine_roll_main/ef_shine_roll_main_00007":{"width":240,"height":240},"EF/0h/s2_ef_shine_roll_main/ef_shine_roll_main_00008":{"width":240,"height":240},"EF/0h/s2_ef_shine_roll_main/ef_shine_roll_main_00010":{"width":240,"height":240},"EF/0h/s2_ef_shine_roll_main/ef_shine_roll_main_00011":{"width":240,"height":240},"EF/0h/s2_ef_shine_roll_main/ef_shine_roll_main_00013":{"width":240,"height":240},"EF/0h/s2_ef_shine_roll_main/ef_shine_roll_main_00014":{"width":240,"height":240},"EF/0h/s2_ef_shine_roll_main/ef_shine_roll_main_00016":{"width":240,"height":240},"EF/0h/s2_ef_shine_roll_main/ef_shine_roll_main_00017":{"width":240,"height":240},"EF/0h/s2_ef_shine_roll_main/ef_shine_roll_main_00019":{"width":240,"height":240},"EF/0h/s2_ef_shine_roll_main/ef_shine_roll_main_00020":{"width":240,"height":240},"EF/0h/s2_ef_shine_roll_main/ef_shine_roll_main_00022":{"width":240,"height":240},"EF/0h/s2_ef_shine_roll_main/ef_shine_roll_main_00023":{"width":240,"height":240},"EF/0h/s2_ef_shine_roll_main/ef_shine_roll_main_00025":{"width":240,"height":240},"EF/0h/s2_ef_shine_roll_main/ef_shine_roll_main_00026":{"width":240,"height":240},"EF/0h/s2_ef_shine_roll_main/ef_shine_roll_main_00028":{"width":240,"height":240},"EF/0h/s2_ef_shine_roll_main/ef_shine_roll_main_00029":{"width":240,"height":240}},"EF/0h/s2_ef_shine_roll_main/ef_shine_roll_main_4":{"EF/0h/s2_ef_shine_roll_main/ef_shine_roll_main_00002":{"width":240,"height":240},"EF/0h/s2_ef_shine_roll_main/ef_shine_roll_main_00004":{"width":240,"height":240},"EF/0h/s2_ef_shine_roll_main/ef_shine_roll_main_00005":{"width":240,"height":240},"EF/0h/s2_ef_shine_roll_main/ef_shine_roll_main_00007":{"width":240,"height":240},"EF/0h/s2_ef_shine_roll_main/ef_shine_roll_main_00008":{"width":240,"height":240},"EF/0h/s2_ef_shine_roll_main/ef_shine_roll_main_00010":{"width":240,"height":240},"EF/0h/s2_ef_shine_roll_main/ef_shine_roll_main_00011":{"width":240,"height":240},"EF/0h/s2_ef_shine_roll_main/ef_shine_roll_main_00013":{"width":240,"height":240},"EF/0h/s2_ef_shine_roll_main/ef_shine_roll_main_00014":{"width":240,"height":240},"EF/0h/s2_ef_shine_roll_main/ef_shine_roll_main_00016":{"width":240,"height":240},"EF/0h/s2_ef_shine_roll_main/ef_shine_roll_main_00017":{"width":240,"height":240},"EF/0h/s2_ef_shine_roll_main/ef_shine_roll_main_00019":{"width":240,"height":240},"EF/0h/s2_ef_shine_roll_main/ef_shine_roll_main_00020":{"width":240,"height":240},"EF/0h/s2_ef_shine_roll_main/ef_shine_roll_main_00022":{"width":240,"height":240},"EF/0h/s2_ef_shine_roll_main/ef_shine_roll_main_00023":{"width":240,"height":240},"EF/0h/s2_ef_shine_roll_main/ef_shine_roll_main_00025":{"width":240,"height":240},"EF/0h/s2_ef_shine_roll_main/ef_shine_roll_main_00026":{"width":240,"height":240},"EF/0h/s2_ef_shine_roll_main/ef_shine_roll_main_00028":{"width":240,"height":240},"EF/0h/s2_ef_shine_roll_main/ef_shine_roll_main_00029":{"width":240,"height":240}},"EF/0h/smash_attack_A_yellow/ef_smash_attack_A_yellow_00001":{"EF/0h/smash_attack_A_yellow/ef_smash_attack_A_yellow_00001":{"width":160,"height":160},"EF/0h/smash_attack_A_yellow/ef_smash_attack_A_yellow_00002":{"width":160,"height":160},"EF/0h/smash_attack_A_yellow/ef_smash_attack_A_yellow_00003":{"width":160,"height":160},"EF/0h/smash_attack_A_yellow/ef_smash_attack_A_yellow_00004":{"width":160,"height":160}},"EF/0h/smash_sprash_A_yellow/ef_smash_sprash_A_yellow_00001":{"EF/0h/smash_sprash_A_yellow/ef_smash_sprash_A_yellow_00001":{"width":200,"height":200},"EF/0h/smash_sprash_A_yellow/ef_smash_sprash_A_yellow_00002":{"width":200,"height":200},"EF/0h/smash_sprash_A_yellow/ef_smash_sprash_A_yellow_00003":{"width":200,"height":200},"EF/0h/smash_sprash_A_yellow/ef_smash_sprash_A_yellow_00004":{"width":200,"height":200},"EF/0h/smash_sprash_A_yellow/ef_smash_sprash_A_yellow_00005":{"width":200,"height":200},"EF/0h/smash_sprash_A_yellow/ef_smash_sprash_A_yellow_00006":{"width":200,"height":200},"EF/0h/smash_sprash_A_yellow/ef_smash_sprash_A_yellow_00007":{"width":200,"height":200},"EF/0h/smash_sprash_A_yellow/ef_smash_sprash_A_yellow_00008":{"width":200,"height":200},"EF/0h/smash_sprash_A_yellow/ef_smash_sprash_A_yellow_00009":{"width":200,"height":200},"EF/0h/smash_sprash_A_yellow/ef_smash_sprash_A_yellow_00010":{"width":200,"height":200}},"EF/0h/smash_wave_A_yellow/ef_smash_wave_A_yellow_00001":{"EF/0h/smash_wave_A_yellow/ef_smash_wave_A_yellow_00001":{"width":200,"height":200},"EF/0h/smash_wave_A_yellow/ef_smash_wave_A_yellow_00002":{"width":200,"height":200},"EF/0h/smash_wave_A_yellow/ef_smash_wave_A_yellow_00003":{"width":200,"height":200},"EF/0h/smash_wave_A_yellow/ef_smash_wave_A_yellow_00004":{"width":200,"height":200},"EF/0h/smash_wave_A_yellow/ef_smash_wave_A_yellow_00005":{"width":200,"height":200}},"EF/s12_sink_ball_yellow/ef_sink_ball_yellow_00001":{"EF/s12_sink_ball_yellow/ef_sink_ball_yellow_00001":{"width":150,"height":150},"EF/s12_sink_ball_yellow/ef_sink_ball_yellow_00002":{"width":150,"height":150},"EF/s12_sink_ball_yellow/ef_sink_ball_yellow_00003":{"width":150,"height":150},"EF/s12_sink_ball_yellow/ef_sink_ball_yellow_00004":{"width":150,"height":150},"EF/s12_sink_ball_yellow/ef_sink_ball_yellow_00005":{"width":150,"height":150},"EF/s12_sink_ball_yellow/ef_sink_ball_yellow_00006":{"width":150,"height":150},"EF/s12_sink_ball_yellow/ef_sink_ball_yellow_00007":{"width":150,"height":150},"EF/s12_sink_ball_yellow/ef_sink_ball_yellow_00008":{"width":150,"height":150},"EF/s12_sink_ball_yellow/ef_sink_ball_yellow_00009":{"width":150,"height":150},"EF/s12_sink_ball_yellow/ef_sink_ball_yellow_00010":{"width":150,"height":150},"EF/s12_sink_ball_yellow/ef_sink_ball_yellow_00011":{"width":150,"height":150},"EF/s12_sink_ball_yellow/ef_sink_ball_yellow_00012":{"width":150,"height":150},"EF/s12_sink_ball_yellow/ef_sink_ball_yellow_00013":{"width":150,"height":150},"EF/s12_sink_ball_yellow/ef_sink_ball_yellow_00014":{"width":150,"height":150}},"HITBOX":{"HITBOX":{"type":"boundingbox","vertices":[-15.82824,-0.22653,22.52172,0.95346,17.21172,119.5433,-18.77823,120.13329]}},"MAIN":{"attack1_00":{"x":5.42,"y":8.73,"scaleX":2,"scaleY":2,"width":256,"height":256},"attack1_04":{"x":5.42,"y":8.73,"scaleX":2,"scaleY":2,"width":256,"height":256},"attack1_05":{"x":5.42,"y":8.73,"scaleX":2,"scaleY":2,"width":256,"height":256},"attack1_06":{"x":5.42,"y":8.73,"scaleX":2,"scaleY":2,"width":256,"height":256},"attack1_07":{"x":5.42,"y":8.73,"scaleX":2,"scaleY":2,"width":256,"height":256},"attack1_08":{"x":5.42,"y":8.73,"scaleX":2,"scaleY":2,"width":256,"height":256},"attack1_09":{"x":5.42,"y":8.73,"scaleX":2,"scaleY":2,"width":256,"height":256},"attack2_00":{"x":5.42,"y":8.73,"scaleX":2,"scaleY":2,"width":256,"height":256},"attack2_01":{"x":5.42,"y":8.73,"scaleX":2,"scaleY":2,"width":256,"height":256},"attack2_02":{"x":5.42,"y":8.73,"scaleX":2,"scaleY":2,"width":256,"height":256},"attack2_03":{"x":5.42,"y":8.73,"scaleX":2,"scaleY":2,"width":256,"height":256},"attack2_04":{"x":5.42,"y":8.73,"scaleX":2,"scaleY":2,"width":256,"height":256},"back_00":{"x":5.42,"y":8.73,"scaleX":2,"scaleY":2,"width":256,"height":256},"damage_00":{"x":5.42,"y":8.73,"scaleX":2,"scaleY":2,"width":256,"height":256},"front_00":{"x":5.42,"y":8.73,"scaleX":2,"scaleY":2,"width":256,"height":256},"idle_00":{"x":5.42,"y":8.73,"scaleX":2,"scaleY":2,"width":256,"height":256},"idle_01":{"x":5.42,"y":8.73,"scaleX":2,"scaleY":2,"width":256,"height":256},"idle_02":{"x":5.42,"y":8.73,"scaleX":2,"scaleY":2,"width":256,"height":256},"idle_03":{"x":5.42,"y":8.73,"scaleX":2,"scaleY":2,"width":256,"height":256},"in_01":{"x":5.42,"y":8.73,"scaleX":2,"scaleY":2,"width":256,"height":256},"in_02":{"x":5.42,"y":8.73,"scaleX":2,"scaleY":2,"width":256,"height":256},"in_03":{"x":5.42,"y":8.73,"scaleX":2,"scaleY":2,"width":256,"height":256},"in_04":{"x":5.42,"y":8.73,"scaleX":2,"scaleY":2,"width":256,"height":256},"in_06":{"x":5.42,"y":8.73,"scaleX":2,"scaleY":2,"width":256,"height":256},"in_07":{"x":5.42,"y":8.73,"scaleX":2,"scaleY":2,"width":256,"height":256},"in_00a":{"x":5.42,"y":8.73,"scaleX":2,"scaleY":2,"width":256,"height":256},"in_00b":{"x":5.42,"y":8.73,"scaleX":2,"scaleY":2,"width":256,"height":256},"in_05a":{"x":5.42,"y":8.73,"scaleX":2,"scaleY":2,"width":256,"height":256},"in_05b":{"x":5.42,"y":8.73,"scaleX":2,"scaleY":2,"width":256,"height":256},"skill1_00":{"x":5.42,"y":8.73,"scaleX":2,"scaleY":2,"width":256,"height":256},"skill1_01":{"x":5.42,"y":8.73,"scaleX":2,"scaleY":2,"width":256,"height":256},"skill2_00":{"x":5.42,"y":8.73,"scaleX":2,"scaleY":2,"width":256,"height":256},"skill2_01":{"x":5.42,"y":8.73,"scaleX":2,"scaleY":2,"width":256,"height":256},"skill2_02":{"x":5.42,"y":8.73,"scaleX":2,"scaleY":2,"width":256,"height":256},"skill2_03":{"x":5.42,"y":8.73,"scaleX":2,"scaleY":2,"width":256,"height":256},"skill2_04":{"x":5.42,"y":8.73,"scaleX":2,"scaleY":2,"width":256,"height":256},"skill3_00":{"x":5.42,"y":8.73,"scaleX":2,"scaleY":2,"width":256,"height":256},"skill3_01":{"x":5.42,"y":8.73,"scaleX":2,"scaleY":2,"width":256,"height":256},"skill3_02":{"x":5.42,"y":8.73,"scaleX":2,"scaleY":2,"width":256,"height":256},"skill3_03":{"x":5.42,"y":8.73,"scaleX":2,"scaleY":2,"width":256,"height":256},"skill3_05":{"x":5.42,"y":8.73,"scaleX":2,"scaleY":2,"width":256,"height":256},"skill3_06":{"x":5.42,"y":8.73,"scaleX":2,"scaleY":2,"width":256,"height":256},"skill3_07":{"x":5.42,"y":8.73,"scaleX":2,"scaleY":2,"width":256,"height":256},"skill3_08":{"x":5.42,"y":8.73,"scaleX":2,"scaleY":2,"width":256,"height":256},"skill3_04a":{"x":5.42,"y":8.73,"scaleX":2,"scaleY":2,"width":256,"height":256},"skill3_04b":{"x":5.42,"y":8.73,"scaleX":2,"scaleY":2,"width":256,"height":256},"skill3_04c":{"x":5.42,"y":8.73,"scaleX":2,"scaleY":2,"width":256,"height":256}},"sling_1":{"sling_1":{"x":-31.12,"y":-11.12,"width":256,"height":256},"sling_2":{"x":-31.12,"y":-11.12,"width":256,"height":256}}}},"events":{"Event":{},"Event2":{},"Hit":{},"Sound1":{},"Sound2":{},"Sound3":{},"Voice":{}},"animations":{"attack1":{"slots":{"DAMAGEAREA":{"attachment":[{"time":0.6,"name":"DAMAGEAREA"},{"time":0.8333,"name":null}]},"EF/0h/smash_sprash_A_yellow/ef_smash_sprash_A_yellow_00001":{"attachment":[{"time":0.6,"name":"EF/0h/smash_sprash_A_yellow/ef_smash_sprash_A_yellow_00001"},{"time":0.6333,"name":"EF/0h/smash_sprash_A_yellow/ef_smash_sprash_A_yellow_00002"},{"time":0.6666,"name":"EF/0h/smash_sprash_A_yellow/ef_smash_sprash_A_yellow_00003"},{"time":0.7,"name":"EF/0h/smash_sprash_A_yellow/ef_smash_sprash_A_yellow_00004"},{"time":0.7333,"name":"EF/0h/smash_sprash_A_yellow/ef_smash_sprash_A_yellow_00005"},{"time":0.7666,"name":"EF/0h/smash_sprash_A_yellow/ef_smash_sprash_A_yellow_00006"},{"time":0.8,"name":"EF/0h/smash_sprash_A_yellow/ef_smash_sprash_A_yellow_00007"},{"time":0.8333,"name":"EF/0h/smash_sprash_A_yellow/ef_smash_sprash_A_yellow_00008"},{"time":0.8666,"name":"EF/0h/smash_sprash_A_yellow/ef_smash_sprash_A_yellow_00009"},{"time":0.9,"name":"EF/0h/smash_sprash_A_yellow/ef_smash_sprash_A_yellow_00010"},{"time":0.9333,"name":null}]},"EF/0h/smash_wave_A_yellow/ef_smash_wave_A_yellow_00001":{"attachment":[{"time":0.6,"name":"EF/0h/smash_wave_A_yellow/ef_smash_wave_A_yellow_00001"},{"time":0.6333,"name":"EF/0h/smash_wave_A_yellow/ef_smash_wave_A_yellow_00002"},{"time":0.6666,"name":"EF/0h/smash_wave_A_yellow/ef_smash_wave_A_yellow_00003"},{"time":0.7,"name":"EF/0h/smash_wave_A_yellow/ef_smash_wave_A_yellow_00004"},{"time":0.7333,"name":"EF/0h/smash_wave_A_yellow/ef_smash_wave_A_yellow_00005"},{"time":0.7666,"name":null}]},"MAIN":{"attachment":[{"time":0,"name":"idle_00"},{"time":0.0666,"name":"attack2_00"},{"time":0.2,"name":"attack2_01"},{"time":0.3,"name":"attack2_02"},{"time":0.5,"name":"attack2_03"},{"time":0.6,"name":"attack2_04"},{"time":0.7333,"name":"attack1_05"},{"time":0.8,"name":"attack1_06"},{"time":0.9333,"name":"attack1_07"},{"time":1.0333,"name":"attack1_08"},{"time":1.1666,"name":"attack1_09"},{"time":1.3,"name":"idle_03"},{"time":1.4333,"name":"idle_00"}]},"sling_1":{"attachment":[{"time":0.3,"name":"sling_1"},{"time":0.3666,"name":"sling_2"},{"time":0.5,"name":null}]}},"bones":{"MAIN":{"translate":[{"time":0,"x":0,"y":0,"curve":"stepped"},{"time":0.2,"x":24.23,"y":0,"curve":"stepped"},{"time":0.3,"x":44.44,"y":0,"curve":[0.157,0.54,0.75,1]},{"time":0.4333,"x":47.11,"y":0,"curve":"stepped"},{"time":0.5,"x":19.39,"y":0,"curve":"stepped"},{"time":0.6,"x":-9.69,"y":0,"curve":[0.168,0.81,0.75,1]},{"time":0.7666,"x":-21,"y":0,"curve":"stepped"},{"time":0.9333,"x":-21,"y":8.08},{"time":1.0333,"x":-14.54,"y":12.12},{"time":1.1666,"x":0,"y":0}],"scale":[{"time":1.1666,"x":1,"y":0.98,"curve":"stepped"},{"time":1.3,"x":1,"y":0.98},{"time":1.3333,"x":1,"y":1}]},"ef_smash_attack_B":{"translate":[{"time":0.6,"x":-122,"y":70.12}],"scale":[{"time":0.6,"x":2,"y":2}]},"ef_smash_attack_C":{"translate":[{"time":0.6,"x":-137.23,"y":70.12}],"scale":[{"time":0.6,"x":2,"y":2}]},"DAMAGEAREA":{"translate":[{"time":0.6,"x":-132.54,"y":76.57},{"time":0.8,"x":-512.24,"y":76.57}],"scale":[{"time":0.6,"x":1.429,"y":0.929}]},"sling":{"rotate":[{"time":0.3,"angle":0}],"translate":[{"time":0.3,"x":47.92,"y":31.66}]}},"events":[{"time":0,"name":"Event","string":"setHitEffect(hit0,0)"},{"time":0,"name":"Sound3","string":"setHitSound(se_battle_007_attack_hit_01)"},{"time":0.2,"name":"Sound1","string":"cri_se_battle_monster_swish"},{"time":0.5666,"name":"Sound1","string":"cri_se_battle_monster_swish"},{"time":0.5666,"name":"Voice","string":"cri_719_voice_attack_random"},{"time":0.6,"name":"Event","float":0.2,"string":"kHitStopType_enemyonly"}]},"back":{"slots":{"MAIN":{"attachment":[{"time":0,"name":"back_00"},{"time":0.3333,"name":"attack1_05"},{"time":0.5,"name":"in_07"},{"time":0.6,"name":"idle_03"},{"time":0.7,"name":"idle_00"}]}},"bones":{"MAIN":{"translate":[{"time":0,"x":0,"y":0},{"time":0.1666,"x":62.5,"y":8},{"time":0.3333,"x":125,"y":-1.5,"curve":[0.078,0.45,0.75,1]},{"time":0.5,"x":140,"y":-1.5},{"time":0.5333,"x":140,"y":0}],"scale":[{"time":0.3333,"x":1,"y":0.98,"curve":"stepped"},{"time":0.5,"x":1,"y":0.98},{"time":0.5333,"x":1,"y":1}]}},"events":[{"time":0,"name":"Sound1","string":"cri_se_battle_jump"},{"time":0.3333,"name":"Sound1","string":"cri_se_battle_landing"}]},"cast":{"slots":{"MAIN":{"attachment":[{"time":0,"name":"idle_00"},{"time":0.1333,"name":"idle_01"},{"time":0.2666,"name":"idle_02"},{"time":0.3,"name":"attack1_00"},{"time":0.4666,"name":"in_06"},{"time":0.5,"name":"in_05a"},{"time":0.5666,"name":"attack1_08"},{"time":0.7666,"name":"in_06"},{"time":0.8333,"name":"idle_02"},{"time":1,"name":"idle_03"},{"time":1.1666,"name":"idle_00"}]}},"events":[{"time":0.4666,"name":"Voice","string":"cri_719_voice_item"}]},"damage":{"slots":{"MAIN":{"attachment":[{"time":0,"name":"damage_00"}]}}},"front":{"slots":{"MAIN":{"attachment":[{"time":0,"name":"front_00"}]}}},"idle":{"slots":{"MAIN":{"attachment":[{"time":0,"name":"idle_00"},{"time":0.2333,"name":"idle_01"},{"time":0.4666,"name":"idle_02"},{"time":0.7,"name":"idle_03"},{"time":0.9333,"name":"idle_00"}]}}},"in":{"slots":{"MAIN":{"attachment":[{"time":0,"name":"in_00a"},{"time":0.5,"name":"in_00b"},{"time":0.6333,"name":"in_03"},{"time":0.7666,"name":"in_01"},{"time":0.8666,"name":"in_02"},{"time":0.9666,"name":"attack1_05"},{"time":1.0666,"name":"in_04"},{"time":1.1666,"name":"in_05a"},{"time":1.2666,"name":"in_05b"},{"time":1.3666,"name":"in_06"},{"time":1.4666,"name":"in_07"},{"time":1.5666,"name":"idle_03"},{"time":1.6666,"name":"idle_00"}],"color":[{"time":0,"color":"ffffff00"},{"time":0.5333,"color":"ffffffff"}]}},"bones":{"MAIN":{"translate":[{"time":0,"x":0,"y":140},{"time":0.5666,"x":0,"y":55},{"time":0.7666,"x":0,"y":35,"curve":[0.142,0.3,0.75,1]},{"time":1.3666,"x":0,"y":0},{"time":1.4,"x":0,"y":-3},{"time":1.5,"x":0,"y":0}],"scale":[{"time":0.9666,"x":-1,"y":1,"curve":"stepped"},{"time":1.0666,"x":1,"y":1}]}},"events":[{"time":1.3666,"name":"Event","string":"takeBattleEffectAnimation(summon_3)"},{"time":1.3666,"name":"Sound1","string":"cri_se_battle_landing"}]},"skill1":{"slots":{"EF/0h/s12_ef_graund_wave_yellow/ef_graund_wave_yellow_00001":{"attachment":[{"time":0.2666,"name":"EF/0h/s12_ef_graund_wave_yellow/ef_graund_wave_yellow_00001"},{"time":0.3,"name":"EF/0h/s12_ef_graund_wave_yellow/ef_graund_wave_yellow_00002"},{"time":0.3333,"name":"EF/0h/s12_ef_graund_wave_yellow/ef_graund_wave_yellow_00003"},{"time":0.3666,"name":"EF/0h/s12_ef_graund_wave_yellow/ef_graund_wave_yellow_00004"},{"time":0.4,"name":"EF/0h/s12_ef_graund_wave_yellow/ef_graund_wave_yellow_00005"},{"time":0.4333,"name":"EF/0h/s12_ef_graund_wave_yellow/ef_graund_wave_yellow_00006"},{"time":0.4666,"name":"EF/0h/s12_ef_graund_wave_yellow/ef_graund_wave_yellow_00007"},{"time":0.5,"name":"EF/0h/s12_ef_graund_wave_yellow/ef_graund_wave_yellow_00008"},{"time":0.5333,"name":"EF/0h/s12_ef_graund_wave_yellow/ef_graund_wave_yellow_00009"},{"time":0.5666,"name":"EF/0h/s12_ef_graund_wave_yellow/ef_graund_wave_yellow_00010"},{"time":0.6,"name":"EF/0h/s12_ef_graund_wave_yellow/ef_graund_wave_yellow_00011"},{"time":0.6333,"name":"EF/0h/s12_ef_graund_wave_yellow/ef_graund_wave_yellow_00012"},{"time":0.6666,"name":"EF/0h/s12_ef_graund_wave_yellow/ef_graund_wave_yellow_00013"},{"time":0.7,"name":"EF/0h/s12_ef_graund_wave_yellow/ef_graund_wave_yellow_00014"},{"time":0.7333,"name":null},{"time":0.8,"name":"EF/0h/s12_ef_graund_wave_yellow/ef_graund_wave_yellow_00001"},{"time":0.8333,"name":"EF/0h/s12_ef_graund_wave_yellow/ef_graund_wave_yellow_00002"},{"time":0.8666,"name":"EF/0h/s12_ef_graund_wave_yellow/ef_graund_wave_yellow_00003"},{"time":0.9,"name":"EF/0h/s12_ef_graund_wave_yellow/ef_graund_wave_yellow_00004"},{"time":0.9333,"name":"EF/0h/s12_ef_graund_wave_yellow/ef_graund_wave_yellow_00005"},{"time":0.9666,"name":"EF/0h/s12_ef_graund_wave_yellow/ef_graund_wave_yellow_00006"},{"time":1,"name":"EF/0h/s12_ef_graund_wave_yellow/ef_graund_wave_yellow_00007"},{"time":1.0333,"name":"EF/0h/s12_ef_graund_wave_yellow/ef_graund_wave_yellow_00008"},{"time":1.0666,"name":"EF/0h/s12_ef_graund_wave_yellow/ef_graund_wave_yellow_00009"},{"time":1.1,"name":"EF/0h/s12_ef_graund_wave_yellow/ef_graund_wave_yellow_00010"},{"time":1.1333,"name":"EF/0h/s12_ef_graund_wave_yellow/ef_graund_wave_yellow_00011"},{"time":1.1666,"name":"EF/0h/s12_ef_graund_wave_yellow/ef_graund_wave_yellow_00012"},{"time":1.2,"name":"EF/0h/s12_ef_graund_wave_yellow/ef_graund_wave_yellow_00013"},{"time":1.2333,"name":"EF/0h/s12_ef_graund_wave_yellow/ef_graund_wave_yellow_00014"},{"time":1.2666,"name":null},{"time":1.3333,"name":"EF/0h/s12_ef_graund_wave_yellow/ef_graund_wave_yellow_00001"},{"time":1.3666,"name":"EF/0h/s12_ef_graund_wave_yellow/ef_graund_wave_yellow_00002"},{"time":1.4,"name":"EF/0h/s12_ef_graund_wave_yellow/ef_graund_wave_yellow_00003"},{"time":1.4333,"name":"EF/0h/s12_ef_graund_wave_yellow/ef_graund_wave_yellow_00004"},{"time":1.4666,"name":"EF/0h/s12_ef_graund_wave_yellow/ef_graund_wave_yellow_00005"},{"time":1.5,"name":"EF/0h/s12_ef_graund_wave_yellow/ef_graund_wave_yellow_00006"},{"time":1.5333,"name":"EF/0h/s12_ef_graund_wave_yellow/ef_graund_wave_yellow_00007"},{"time":1.5666,"name":"EF/0h/s12_ef_graund_wave_yellow/ef_graund_wave_yellow_00008"},{"time":1.6,"name":"EF/0h/s12_ef_graund_wave_yellow/ef_graund_wave_yellow_00009"},{"time":1.6333,"name":"EF/0h/s12_ef_graund_wave_yellow/ef_graund_wave_yellow_00010"},{"time":1.6666,"name":"EF/0h/s12_ef_graund_wave_yellow/ef_graund_wave_yellow_00011"},{"time":1.7,"name":"EF/0h/s12_ef_graund_wave_yellow/ef_graund_wave_yellow_00012"},{"time":1.7333,"name":"EF/0h/s12_ef_graund_wave_yellow/ef_graund_wave_yellow_00013"},{"time":1.7666,"name":"EF/0h/s12_ef_graund_wave_yellow/ef_graund_wave_yellow_00014"},{"time":1.8,"name":null}]},"EF/0h/s12_ef_graund_wave_yellow/ef_graund_wave_yellow_1":{"attachment":[{"time":0.5333,"name":"EF/0h/s12_ef_graund_wave_yellow/ef_graund_wave_yellow_00001"},{"time":0.5666,"name":"EF/0h/s12_ef_graund_wave_yellow/ef_graund_wave_yellow_00002"},{"time":0.6,"name":"EF/0h/s12_ef_graund_wave_yellow/ef_graund_wave_yellow_00003"},{"time":0.6333,"name":"EF/0h/s12_ef_graund_wave_yellow/ef_graund_wave_yellow_00004"},{"time":0.6666,"name":"EF/0h/s12_ef_graund_wave_yellow/ef_graund_wave_yellow_00005"},{"time":0.7,"name":"EF/0h/s12_ef_graund_wave_yellow/ef_graund_wave_yellow_00006"},{"time":0.7333,"name":"EF/0h/s12_ef_graund_wave_yellow/ef_graund_wave_yellow_00007"},{"time":0.7666,"name":"EF/0h/s12_ef_graund_wave_yellow/ef_graund_wave_yellow_00008"},{"time":0.8,"name":"EF/0h/s12_ef_graund_wave_yellow/ef_graund_wave_yellow_00009"},{"time":0.8333,"name":"EF/0h/s12_ef_graund_wave_yellow/ef_graund_wave_yellow_00010"},{"time":0.8666,"name":"EF/0h/s12_ef_graund_wave_yellow/ef_graund_wave_yellow_00011"},{"time":0.9,"name":"EF/0h/s12_ef_graund_wave_yellow/ef_graund_wave_yellow_00012"},{"time":0.9333,"name":"EF/0h/s12_ef_graund_wave_yellow/ef_graund_wave_yellow_00013"},{"time":0.9666,"name":"EF/0h/s12_ef_graund_wave_yellow/ef_graund_wave_yellow_00014"},{"time":1,"name":null},{"time":1.0666,"name":"EF/0h/s12_ef_graund_wave_yellow/ef_graund_wave_yellow_00001"},{"time":1.1,"name":"EF/0h/s12_ef_graund_wave_yellow/ef_graund_wave_yellow_00002"},{"time":1.1333,"name":"EF/0h/s12_ef_graund_wave_yellow/ef_graund_wave_yellow_00003"},{"time":1.1666,"name":"EF/0h/s12_ef_graund_wave_yellow/ef_graund_wave_yellow_00004"},{"time":1.2,"name":"EF/0h/s12_ef_graund_wave_yellow/ef_graund_wave_yellow_00005"},{"time":1.2333,"name":"EF/0h/s12_ef_graund_wave_yellow/ef_graund_wave_yellow_00006"},{"time":1.2666,"name":"EF/0h/s12_ef_graund_wave_yellow/ef_graund_wave_yellow_00007"},{"time":1.3,"name":"EF/0h/s12_ef_graund_wave_yellow/ef_graund_wave_yellow_00008"},{"time":1.3333,"name":"EF/0h/s12_ef_graund_wave_yellow/ef_graund_wave_yellow_00009"},{"time":1.3666,"name":"EF/0h/s12_ef_graund_wave_yellow/ef_graund_wave_yellow_00010"},{"time":1.4,"name":"EF/0h/s12_ef_graund_wave_yellow/ef_graund_wave_yellow_00011"},{"time":1.4333,"name":"EF/0h/s12_ef_graund_wave_yellow/ef_graund_wave_yellow_00012"},{"time":1.4666,"name":"EF/0h/s12_ef_graund_wave_yellow/ef_graund_wave_yellow_00013"},{"time":1.5,"name":"EF/0h/s12_ef_graund_wave_yellow/ef_graund_wave_yellow_00014"},{"time":1.5333,"name":null},{"time":1.6,"name":"EF/0h/s12_ef_graund_wave_yellow/ef_graund_wave_yellow_00001"},{"time":1.6333,"name":"EF/0h/s12_ef_graund_wave_yellow/ef_graund_wave_yellow_00002"},{"time":1.6666,"name":"EF/0h/s12_ef_graund_wave_yellow/ef_graund_wave_yellow_00003"},{"time":1.7,"name":"EF/0h/s12_ef_graund_wave_yellow/ef_graund_wave_yellow_00004"},{"time":1.7333,"name":"EF/0h/s12_ef_graund_wave_yellow/ef_graund_wave_yellow_00005"},{"time":1.7666,"name":"EF/0h/s12_ef_graund_wave_yellow/ef_graund_wave_yellow_00006"},{"time":1.8,"name":"EF/0h/s12_ef_graund_wave_yellow/ef_graund_wave_yellow_00007"},{"time":1.8333,"name":"EF/0h/s12_ef_graund_wave_yellow/ef_graund_wave_yellow_00008"},{"time":1.8666,"name":"EF/0h/s12_ef_graund_wave_yellow/ef_graund_wave_yellow_00009"},{"time":1.9,"name":"EF/0h/s12_ef_graund_wave_yellow/ef_graund_wave_yellow_00010"},{"time":1.9333,"name":"EF/0h/s12_ef_graund_wave_yellow/ef_graund_wave_yellow_00011"},{"time":1.9666,"name":"EF/0h/s12_ef_graund_wave_yellow/ef_graund_wave_yellow_00012"},{"time":2,"name":"EF/0h/s12_ef_graund_wave_yellow/ef_graund_wave_yellow_00013"},{"time":2.0333,"name":"EF/0h/s12_ef_graund_wave_yellow/ef_graund_wave_yellow_00014"},{"time":2.0666,"name":null}]},"EF/0h/s1_ef_flare_dome_main/ef_flare_dome_main_00001":{"attachment":[{"time":0.5333,"name":"EF/0h/s1_ef_flare_dome_main/ef_flare_dome_main_00001"},{"time":0.6,"name":"EF/0h/s1_ef_flare_dome_main/ef_flare_dome_main_00003"},{"time":0.6666,"name":"EF/0h/s1_ef_flare_dome_main/ef_flare_dome_main_00005"},{"time":0.7333,"name":"EF/0h/s1_ef_flare_dome_main/ef_flare_dome_main_00007"},{"time":0.8,"name":"EF/0h/s1_ef_flare_dome_main/ef_flare_dome_main_00009"},{"time":0.8666,"name":"EF/0h/s1_ef_flare_dome_main/ef_flare_dome_main_00011"},{"time":1.6,"name":"EF/0h/s1_ef_flare_dome_main/ef_flare_dome_main_00013"},{"time":1.6666,"name":"EF/0h/s1_ef_flare_dome_main/ef_flare_dome_main_00015"},{"time":1.7333,"name":"EF/0h/s1_ef_flare_dome_main/ef_flare_dome_main_00017"}],"color":[{"time":0.5333,"color":"ffffff16"},{"time":0.7333,"color":"ffffffff"},{"time":1.1333,"color":"ffffffb2"},{"time":1.5333,"color":"ffffffff","curve":"stepped"},{"time":1.7666,"color":"ffffffff"},{"time":1.9,"color":"ffffff00"}]},"EF/0h/s1ef_particle_circle_main/ef_particle_circle_main_00002":{"attachment":[{"time":1.0666,"name":"EF/0h/s1ef_particle_circle_main/ef_particle_circle_main_00002"},{"time":1.1,"name":"EF/0h/s1ef_particle_circle_main/ef_particle_circle_main_00003"},{"time":1.1333,"name":"EF/0h/s1ef_particle_circle_main/ef_particle_circle_main_00005"},{"time":1.1666,"name":"EF/0h/s1ef_particle_circle_main/ef_particle_circle_main_00006"},{"time":1.2,"name":"EF/0h/s1ef_particle_circle_main/ef_particle_circle_main_00008"},{"time":1.2333,"name":"EF/0h/s1ef_particle_circle_main/ef_particle_circle_main_00009"},{"time":1.2666,"name":"EF/0h/s1ef_particle_circle_main/ef_particle_circle_main_00011"},{"time":1.3,"name":"EF/0h/s1ef_particle_circle_main/ef_particle_circle_main_00012"},{"time":1.3333,"name":"EF/0h/s1ef_particle_circle_main/ef_particle_circle_main_00014"},{"time":1.3666,"name":"EF/0h/s1ef_particle_circle_main/ef_particle_circle_main_00015"},{"time":1.4,"name":"EF/0h/s1ef_particle_circle_main/ef_particle_circle_main_00017"},{"time":1.4333,"name":"EF/0h/s1ef_particle_circle_main/ef_particle_circle_main_00018"},{"time":1.4666,"name":"EF/0h/s1ef_particle_circle_main/ef_particle_circle_main_00020"},{"time":1.5,"name":"EF/0h/s1ef_particle_circle_main/ef_particle_circle_main_00021"},{"time":1.5333,"name":"EF/0h/s1ef_particle_circle_main/ef_particle_circle_main_00023"},{"time":1.5666,"name":"EF/0h/s1ef_particle_circle_main/ef_particle_circle_main_00024"},{"time":1.6,"name":"EF/0h/s1ef_particle_circle_main/ef_particle_circle_main_00002"},{"time":1.6333,"name":"EF/0h/s1ef_particle_circle_main/ef_particle_circle_main_00003"},{"time":1.6666,"name":"EF/0h/s1ef_particle_circle_main/ef_particle_circle_main_00005"},{"time":1.7,"name":"EF/0h/s1ef_particle_circle_main/ef_particle_circle_main_00006"},{"time":1.7333,"name":"EF/0h/s1ef_particle_circle_main/ef_particle_circle_main_00008"},{"time":1.7666,"name":"EF/0h/s1ef_particle_circle_main/ef_particle_circle_main_00009"},{"time":1.8,"name":"EF/0h/s1ef_particle_circle_main/ef_particle_circle_main_00011"},{"time":1.8333,"name":"EF/0h/s1ef_particle_circle_main/ef_particle_circle_main_00012"},{"time":1.8666,"name":"EF/0h/s1ef_particle_circle_main/ef_particle_circle_main_00014"},{"time":1.9,"name":"EF/0h/s1ef_particle_circle_main/ef_particle_circle_main_00015"},{"time":1.9333,"name":"EF/0h/s1ef_particle_circle_main/ef_particle_circle_main_00017"},{"time":1.9666,"name":"EF/0h/s1ef_particle_circle_main/ef_particle_circle_main_00018"},{"time":2,"name":"EF/0h/s1ef_particle_circle_main/ef_particle_circle_main_00020"},{"time":2.0333,"name":"EF/0h/s1ef_particle_circle_main/ef_particle_circle_main_00021"},{"time":2.0666,"name":"EF/0h/s1ef_particle_circle_main/ef_particle_circle_main_00023"},{"time":2.1,"name":"EF/0h/s1ef_particle_circle_main/ef_particle_circle_main_00024"},{"time":2.1333,"name":null}],"color":[{"time":2.0333,"color":"ffffffff"},{"time":2.1333,"color":"ffffff00"}]},"MAIN":{"attachment":[{"time":0,"name":"idle_00"},{"time":0.1,"name":"attack1_05"},{"time":0.2666,"name":"attack1_07"},{"time":0.3666,"name":"attack1_08"},{"time":0.5,"name":"skill1_00"},{"time":0.5666,"name":"skill1_01"},{"time":1.6,"name":"attack1_07"},{"time":1.7,"name":"attack1_08"},{"time":2.0333,"name":"attack1_09"},{"time":2.1666,"name":"idle_02"},{"time":2.3,"name":"idle_03"},{"time":2.4333,"name":"idle_00"}]}},"bones":{"MAIN":{"translate":[{"time":1.6,"x":0,"y":0,"curve":[0.14,0.27,0.75,1]},{"time":1.8,"x":0,"y":11,"curve":[0.25,0,0.75,1]},{"time":2.0333,"x":0,"y":0},{"time":2.0666,"x":0,"y":-4},{"time":2.1666,"x":0,"y":0}],"scale":[{"time":2.0333,"x":1,"y":1},{"time":2.0666,"x":1,"y":0.98},{"time":2.1666,"x":1,"y":1}]},"ef_graund_wave":{"translate":[{"time":0.2666,"x":50,"y":0,"curve":"stepped"},{"time":0.8,"x":50,"y":0,"curve":"stepped"},{"time":1.3333,"x":50,"y":0}],"scale":[{"time":0.2666,"x":2,"y":2},{"time":0.7,"x":2.5,"y":2.5,"curve":"stepped"},{"time":0.8,"x":2,"y":2},{"time":1.2333,"x":2.5,"y":2.5,"curve":"stepped"},{"time":1.3333,"x":2,"y":2},{"time":1.7666,"x":2.5,"y":2.5}]},"ef_flare_dome":{"translate":[{"time":0.5333,"x":100,"y":0}],"scale":[{"time":0.5333,"x":4,"y":4,"curve":[0.25,0,0.75,1]},{"time":0.8666,"x":6,"y":6,"curve":"stepped"},{"time":1.6666,"x":6,"y":6},{"time":1.9,"x":9,"y":9}]},"ef_graund_wave2":{"translate":[{"time":0.5333,"x":50,"y":0,"curve":"stepped"},{"time":1.0666,"x":50,"y":0,"curve":"stepped"},{"time":1.6,"x":50,"y":0}],"scale":[{"time":0.5333,"x":2,"y":2},{"time":0.9666,"x":2.5,"y":2.5,"curve":"stepped"},{"time":1.0666,"x":2,"y":2},{"time":1.5,"x":2.5,"y":2.5,"curve":"stepped"},{"time":1.6,"x":2,"y":2},{"time":2.0333,"x":3,"y":3}]},"ef_particle_circle":{"rotate":[{"time":1.0666,"angle":-91.5,"curve":"stepped"},{"time":1.6,"angle":0}],"translate":[{"time":1.0666,"x":150,"y":69.93,"curve":"stepped"},{"time":1.6,"x":150,"y":69.93}],"scale":[{"time":1.0666,"x":2,"y":2},{"time":1.5666,"x":3,"y":3,"curve":"stepped"},{"time":1.6,"x":2,"y":2},{"time":2.1,"x":3.5,"y":3.5}]}},"events":[{"time":0.2666,"name":"Sound1","string":"cri_se_scenario_no2_magic"},{"time":1,"name":"Sound1","string":"cri_se_scenario_fetters_magic"},{"time":1,"name":"Voice","string":"cri_719_voice_skill_all"},{"time":1.6,"name":"Event","string":"runSkillEffect"}]},"skill2":{"slots":{"DAMAGEAREA":{"attachment":[{"time":1.2333,"name":"DAMAGEAREA"},{"time":1.8,"name":null}]},"EF/0h/s12_ef_graund_wave_yellow/ef_graund_wave_yellow_00001":{"attachment":[{"time":0.9,"name":"EF/0h/s12_ef_graund_wave_yellow/ef_graund_wave_yellow_00001"},{"time":0.9333,"name":"EF/0h/s12_ef_graund_wave_yellow/ef_graund_wave_yellow_00002"},{"time":0.9666,"name":"EF/0h/s12_ef_graund_wave_yellow/ef_graund_wave_yellow_00003"},{"time":1,"name":"EF/0h/s12_ef_graund_wave_yellow/ef_graund_wave_yellow_00004"},{"time":1.0333,"name":"EF/0h/s12_ef_graund_wave_yellow/ef_graund_wave_yellow_00005"},{"time":1.0666,"name":"EF/0h/s12_ef_graund_wave_yellow/ef_graund_wave_yellow_00006"},{"time":1.1,"name":"EF/0h/s12_ef_graund_wave_yellow/ef_graund_wave_yellow_00007"},{"time":1.1333,"name":"EF/0h/s12_ef_graund_wave_yellow/ef_graund_wave_yellow_00008"},{"time":1.1666,"name":"EF/0h/s12_ef_graund_wave_yellow/ef_graund_wave_yellow_00009"},{"time":1.2,"name":"EF/0h/s12_ef_graund_wave_yellow/ef_graund_wave_yellow_00010"},{"time":1.2333,"name":"EF/0h/s12_ef_graund_wave_yellow/ef_graund_wave_yellow_00011"},{"time":1.2666,"name":"EF/0h/s12_ef_graund_wave_yellow/ef_graund_wave_yellow_00012"},{"time":1.3,"name":"EF/0h/s12_ef_graund_wave_yellow/ef_graund_wave_yellow_00013"},{"time":1.3333,"name":"EF/0h/s12_ef_graund_wave_yellow/ef_graund_wave_yellow_00014"},{"time":1.3666,"name":null}]},"EF/0h/s2_ef_particle_roll_main/ef_particle_roll_main_00002":{"attachment":[{"time":1.7666,"name":"EF/0h/s2_ef_particle_roll_main/ef_particle_roll_main_00002"},{"time":1.8,"name":"EF/0h/s2_ef_particle_roll_main/ef_particle_roll_main_00003"},{"time":1.8666,"name":"EF/0h/s2_ef_particle_roll_main/ef_particle_roll_main_00005"},{"time":1.9,"name":"EF/0h/s2_ef_particle_roll_main/ef_particle_roll_main_00006"},{"time":1.9666,"name":"EF/0h/s2_ef_particle_roll_main/ef_particle_roll_main_00008"},{"time":2,"name":"EF/0h/s2_ef_particle_roll_main/ef_particle_roll_main_00009"},{"time":2.0666,"name":"EF/0h/s2_ef_particle_roll_main/ef_particle_roll_main_00011"},{"time":2.1,"name":"EF/0h/s2_ef_particle_roll_main/ef_particle_roll_main_00012"},{"time":2.1666,"name":"EF/0h/s2_ef_particle_roll_main/ef_particle_roll_main_00014"},{"time":2.2,"name":"EF/0h/s2_ef_particle_roll_main/ef_particle_roll_main_00015"},{"time":2.2666,"name":"EF/0h/s2_ef_particle_roll_main/ef_particle_roll_main_00017"},{"time":2.3,"name":"EF/0h/s2_ef_particle_roll_main/ef_particle_roll_main_00018"},{"time":2.3333,"name":null}]},"EF/0h/s2_ef_shine_roll_main/ef_shine_roll_main_00002":{"attachment":[{"time":1.1,"name":"EF/0h/s2_ef_shine_roll_main/ef_shine_roll_main_00002"},{"time":1.1333,"name":"EF/0h/s2_ef_shine_roll_main/ef_shine_roll_main_00004"},{"time":1.1666,"name":"EF/0h/s2_ef_shine_roll_main/ef_shine_roll_main_00005"},{"time":1.2,"name":"EF/0h/s2_ef_shine_roll_main/ef_shine_roll_main_00007"},{"time":1.2333,"name":"EF/0h/s2_ef_shine_roll_main/ef_shine_roll_main_00008"},{"time":1.2666,"name":"EF/0h/s2_ef_shine_roll_main/ef_shine_roll_main_00010"},{"time":1.3,"name":"EF/0h/s2_ef_shine_roll_main/ef_shine_roll_main_00011"},{"time":1.3333,"name":"EF/0h/s2_ef_shine_roll_main/ef_shine_roll_main_00013"},{"time":1.3666,"name":"EF/0h/s2_ef_shine_roll_main/ef_shine_roll_main_00014"},{"time":1.4,"name":"EF/0h/s2_ef_shine_roll_main/ef_shine_roll_main_00016"},{"time":1.4333,"name":"EF/0h/s2_ef_shine_roll_main/ef_shine_roll_main_00017"},{"time":1.4666,"name":"EF/0h/s2_ef_shine_roll_main/ef_shine_roll_main_00019"},{"time":1.5,"name":"EF/0h/s2_ef_shine_roll_main/ef_shine_roll_main_00020"},{"time":1.5333,"name":"EF/0h/s2_ef_shine_roll_main/ef_shine_roll_main_00022"},{"time":1.5666,"name":"EF/0h/s2_ef_shine_roll_main/ef_shine_roll_main_00023"},{"time":1.6,"name":"EF/0h/s2_ef_shine_roll_main/ef_shine_roll_main_00025"},{"time":1.6333,"name":"EF/0h/s2_ef_shine_roll_main/ef_shine_roll_main_00026"},{"time":1.6666,"name":"EF/0h/s2_ef_shine_roll_main/ef_shine_roll_main_00028"},{"time":1.7,"name":"EF/0h/s2_ef_shine_roll_main/ef_shine_roll_main_00029"},{"time":1.7333,"name":null},{"time":1.7666,"name":"EF/0h/s2_ef_shine_roll_main/ef_shine_roll_main_00002"},{"time":1.8,"name":"EF/0h/s2_ef_shine_roll_main/ef_shine_roll_main_00004"},{"time":1.8333,"name":"EF/0h/s2_ef_shine_roll_main/ef_shine_roll_main_00005"},{"time":1.8666,"name":"EF/0h/s2_ef_shine_roll_main/ef_shine_roll_main_00007"},{"time":1.9,"name":"EF/0h/s2_ef_shine_roll_main/ef_shine_roll_main_00008"},{"time":1.9333,"name":"EF/0h/s2_ef_shine_roll_main/ef_shine_roll_main_00010"},{"time":1.9666,"name":"EF/0h/s2_ef_shine_roll_main/ef_shine_roll_main_00011"},{"time":2,"name":"EF/0h/s2_ef_shine_roll_main/ef_shine_roll_main_00013"},{"time":2.0333,"name":"EF/0h/s2_ef_shine_roll_main/ef_shine_roll_main_00014"},{"time":2.0666,"name":"EF/0h/s2_ef_shine_roll_main/ef_shine_roll_main_00016"},{"time":2.1,"name":"EF/0h/s2_ef_shine_roll_main/ef_shine_roll_main_00017"},{"time":2.1333,"name":"EF/0h/s2_ef_shine_roll_main/ef_shine_roll_main_00019"},{"time":2.1666,"name":"EF/0h/s2_ef_shine_roll_main/ef_shine_roll_main_00020"},{"time":2.2,"name":"EF/0h/s2_ef_shine_roll_main/ef_shine_roll_main_00022"},{"time":2.2333,"name":"EF/0h/s2_ef_shine_roll_main/ef_shine_roll_main_00023"},{"time":2.2666,"name":"EF/0h/s2_ef_shine_roll_main/ef_shine_roll_main_00025"},{"time":2.3,"name":"EF/0h/s2_ef_shine_roll_main/ef_shine_roll_main_00026"},{"time":2.3333,"name":"EF/0h/s2_ef_shine_roll_main/ef_shine_roll_main_00028"},{"time":2.3666,"name":"EF/0h/s2_ef_shine_roll_main/ef_shine_roll_main_00029"},{"time":2.4,"name":null}],"color":[{"time":1.1,"color":"ffffff00"},{"time":1.2666,"color":"ffffffff","curve":"stepped"},{"time":2.0666,"color":"ffffffff","curve":[0.061,0.75,0.75,1]},{"time":2.3666,"color":"ffffff00"}]},"EF/0h/s2_ef_shine_roll_main/ef_shine_roll_main_2":{"attachment":[{"time":1.1,"name":"EF/0h/s2_ef_shine_roll_main/ef_shine_roll_main_00002"},{"time":1.1333,"name":"EF/0h/s2_ef_shine_roll_main/ef_shine_roll_main_00004"},{"time":1.1666,"name":"EF/0h/s2_ef_shine_roll_main/ef_shine_roll_main_00005"},{"time":1.2,"name":"EF/0h/s2_ef_shine_roll_main/ef_shine_roll_main_00007"},{"time":1.2333,"name":"EF/0h/s2_ef_shine_roll_main/ef_shine_roll_main_00008"},{"time":1.2666,"name":"EF/0h/s2_ef_shine_roll_main/ef_shine_roll_main_00010"},{"time":1.3,"name":"EF/0h/s2_ef_shine_roll_main/ef_shine_roll_main_00011"},{"time":1.3333,"name":"EF/0h/s2_ef_shine_roll_main/ef_shine_roll_main_00013"},{"time":1.3666,"name":"EF/0h/s2_ef_shine_roll_main/ef_shine_roll_main_00014"},{"time":1.4,"name":"EF/0h/s2_ef_shine_roll_main/ef_shine_roll_main_00016"},{"time":1.4333,"name":"EF/0h/s2_ef_shine_roll_main/ef_shine_roll_main_00017"},{"time":1.4666,"name":"EF/0h/s2_ef_shine_roll_main/ef_shine_roll_main_00019"},{"time":1.5,"name":"EF/0h/s2_ef_shine_roll_main/ef_shine_roll_main_00020"},{"time":1.5333,"name":"EF/0h/s2_ef_shine_roll_main/ef_shine_roll_main_00022"},{"time":1.5666,"name":"EF/0h/s2_ef_shine_roll_main/ef_shine_roll_main_00023"},{"time":1.6,"name":"EF/0h/s2_ef_shine_roll_main/ef_shine_roll_main_00025"},{"time":1.6333,"name":"EF/0h/s2_ef_shine_roll_main/ef_shine_roll_main_00026"},{"time":1.6666,"name":"EF/0h/s2_ef_shine_roll_main/ef_shine_roll_main_00028"},{"time":1.7,"name":"EF/0h/s2_ef_shine_roll_main/ef_shine_roll_main_00029"},{"time":1.7333,"name":null},{"time":1.7666,"name":"EF/0h/s2_ef_shine_roll_main/ef_shine_roll_main_00002"},{"time":1.8,"name":"EF/0h/s2_ef_shine_roll_main/ef_shine_roll_main_00004"},{"time":1.8333,"name":"EF/0h/s2_ef_shine_roll_main/ef_shine_roll_main_00005"},{"time":1.8666,"name":"EF/0h/s2_ef_shine_roll_main/ef_shine_roll_main_00007"},{"time":1.9,"name":"EF/0h/s2_ef_shine_roll_main/ef_shine_roll_main_00008"},{"time":1.9333,"name":"EF/0h/s2_ef_shine_roll_main/ef_shine_roll_main_00010"},{"time":1.9666,"name":"EF/0h/s2_ef_shine_roll_main/ef_shine_roll_main_00011"},{"time":2,"name":"EF/0h/s2_ef_shine_roll_main/ef_shine_roll_main_00013"},{"time":2.0333,"name":"EF/0h/s2_ef_shine_roll_main/ef_shine_roll_main_00014"},{"time":2.0666,"name":"EF/0h/s2_ef_shine_roll_main/ef_shine_roll_main_00016"},{"time":2.1,"name":"EF/0h/s2_ef_shine_roll_main/ef_shine_roll_main_00017"},{"time":2.1333,"name":"EF/0h/s2_ef_shine_roll_main/ef_shine_roll_main_00019"},{"time":2.1666,"name":"EF/0h/s2_ef_shine_roll_main/ef_shine_roll_main_00020"},{"time":2.2,"name":"EF/0h/s2_ef_shine_roll_main/ef_shine_roll_main_00022"},{"time":2.2333,"name":"EF/0h/s2_ef_shine_roll_main/ef_shine_roll_main_00023"},{"time":2.2666,"name":"EF/0h/s2_ef_shine_roll_main/ef_shine_roll_main_00025"},{"time":2.3,"name":"EF/0h/s2_ef_shine_roll_main/ef_shine_roll_main_00026"},{"time":2.3333,"name":"EF/0h/s2_ef_shine_roll_main/ef_shine_roll_main_00028"},{"time":2.3666,"name":"EF/0h/s2_ef_shine_roll_main/ef_shine_roll_main_00029"},{"time":2.4,"name":null}],"color":[{"time":1.1,"color":"ffffff00"},{"time":1.2666,"color":"ffffffff","curve":"stepped"},{"time":2.0666,"color":"ffffffff","curve":[0.061,0.75,0.75,1]},{"time":2.3666,"color":"ffffff00"}]},"EF/0h/s2_ef_shine_roll_main/ef_shine_roll_main_3":{"attachment":[{"time":1.4333,"name":"EF/0h/s2_ef_shine_roll_main/ef_shine_roll_main_00002"},{"time":1.4666,"name":"EF/0h/s2_ef_shine_roll_main/ef_shine_roll_main_00004"},{"time":1.5,"name":"EF/0h/s2_ef_shine_roll_main/ef_shine_roll_main_00005"},{"time":1.5333,"name":"EF/0h/s2_ef_shine_roll_main/ef_shine_roll_main_00007"},{"time":1.5666,"name":"EF/0h/s2_ef_shine_roll_main/ef_shine_roll_main_00008"},{"time":1.6,"name":"EF/0h/s2_ef_shine_roll_main/ef_shine_roll_main_00010"},{"time":1.6333,"name":"EF/0h/s2_ef_shine_roll_main/ef_shine_roll_main_00011"},{"time":1.6666,"name":"EF/0h/s2_ef_shine_roll_main/ef_shine_roll_main_00013"},{"time":1.7,"name":"EF/0h/s2_ef_shine_roll_main/ef_shine_roll_main_00014"},{"time":1.7333,"name":"EF/0h/s2_ef_shine_roll_main/ef_shine_roll_main_00016"},{"time":1.7666,"name":"EF/0h/s2_ef_shine_roll_main/ef_shine_roll_main_00017"},{"time":1.8,"name":"EF/0h/s2_ef_shine_roll_main/ef_shine_roll_main_00019"},{"time":1.8333,"name":"EF/0h/s2_ef_shine_roll_main/ef_shine_roll_main_00020"},{"time":1.8666,"name":"EF/0h/s2_ef_shine_roll_main/ef_shine_roll_main_00022"},{"time":1.9,"name":"EF/0h/s2_ef_shine_roll_main/ef_shine_roll_main_00023"},{"time":1.9333,"name":"EF/0h/s2_ef_shine_roll_main/ef_shine_roll_main_00025"},{"time":1.9666,"name":"EF/0h/s2_ef_shine_roll_main/ef_shine_roll_main_00026"},{"time":2,"name":"EF/0h/s2_ef_shine_roll_main/ef_shine_roll_main_00028"},{"time":2.0333,"name":"EF/0h/s2_ef_shine_roll_main/ef_shine_roll_main_00029"},{"time":2.0666,"name":null}]},"EF/0h/s2_ef_shine_roll_main/ef_shine_roll_main_4":{"attachment":[{"time":1.4333,"name":"EF/0h/s2_ef_shine_roll_main/ef_shine_roll_main_00002"},{"time":1.4666,"name":"EF/0h/s2_ef_shine_roll_main/ef_shine_roll_main_00004"},{"time":1.5,"name":"EF/0h/s2_ef_shine_roll_main/ef_shine_roll_main_00005"},{"time":1.5333,"name":"EF/0h/s2_ef_shine_roll_main/ef_shine_roll_main_00007"},{"time":1.5666,"name":"EF/0h/s2_ef_shine_roll_main/ef_shine_roll_main_00008"},{"time":1.6,"name":"EF/0h/s2_ef_shine_roll_main/ef_shine_roll_main_00010"},{"time":1.6333,"name":"EF/0h/s2_ef_shine_roll_main/ef_shine_roll_main_00011"},{"time":1.6666,"name":"EF/0h/s2_ef_shine_roll_main/ef_shine_roll_main_00013"},{"time":1.7,"name":"EF/0h/s2_ef_shine_roll_main/ef_shine_roll_main_00014"},{"time":1.7333,"name":"EF/0h/s2_ef_shine_roll_main/ef_shine_roll_main_00016"},{"time":1.7666,"name":"EF/0h/s2_ef_shine_roll_main/ef_shine_roll_main_00017"},{"time":1.8,"name":"EF/0h/s2_ef_shine_roll_main/ef_shine_roll_main_00019"},{"time":1.8333,"name":"EF/0h/s2_ef_shine_roll_main/ef_shine_roll_main_00020"},{"time":1.8666,"name":"EF/0h/s2_ef_shine_roll_main/ef_shine_roll_main_00022"},{"time":1.9,"name":"EF/0h/s2_ef_shine_roll_main/ef_shine_roll_main_00023"},{"time":1.9333,"name":"EF/0h/s2_ef_shine_roll_main/ef_shine_roll_main_00025"},{"time":1.9666,"name":"EF/0h/s2_ef_shine_roll_main/ef_shine_roll_main_00026"},{"time":2,"name":"EF/0h/s2_ef_shine_roll_main/ef_shine_roll_main_00028"},{"time":2.0333,"name":"EF/0h/s2_ef_shine_roll_main/ef_shine_roll_main_00029"},{"time":2.0666,"name":null}]},"EF/s12_sink_ball_yellow/ef_sink_ball_yellow_00001":{"attachment":[{"time":0.1,"name":"EF/s12_sink_ball_yellow/ef_sink_ball_yellow_00001"},{"time":0.1333,"name":"EF/s12_sink_ball_yellow/ef_sink_ball_yellow_00002"},{"time":0.2,"name":"EF/s12_sink_ball_yellow/ef_sink_ball_yellow_00003"},{"time":0.2333,"name":"EF/s12_sink_ball_yellow/ef_sink_ball_yellow_00004"},{"time":0.3,"name":"EF/s12_sink_ball_yellow/ef_sink_ball_yellow_00005"},{"time":0.3333,"name":"EF/s12_sink_ball_yellow/ef_sink_ball_yellow_00006"},{"time":0.4,"name":"EF/s12_sink_ball_yellow/ef_sink_ball_yellow_00007"},{"time":0.4333,"name":"EF/s12_sink_ball_yellow/ef_sink_ball_yellow_00008"},{"time":0.5,"name":"EF/s12_sink_ball_yellow/ef_sink_ball_yellow_00009"},{"time":0.5333,"name":"EF/s12_sink_ball_yellow/ef_sink_ball_yellow_00010"},{"time":0.6,"name":"EF/s12_sink_ball_yellow/ef_sink_ball_yellow_00011"},{"time":0.6333,"name":"EF/s12_sink_ball_yellow/ef_sink_ball_yellow_00012"},{"time":0.7,"name":"EF/s12_sink_ball_yellow/ef_sink_ball_yellow_00013"},{"time":0.7333,"name":"EF/s12_sink_ball_yellow/ef_sink_ball_yellow_00014"},{"time":1.1,"name":null}],"color":[{"time":0.0666,"color":"ffffff00"},{"time":0.2333,"color":"ffffffff","curve":"stepped"},{"time":1,"color":"ffffffff"},{"time":1.1,"color":"ffffff00"}]},"MAIN":{"attachment":[{"time":0,"name":"idle_00"},{"time":0.0333,"name":"attack1_00"},{"time":0.1,"name":"in_03"},{"time":0.8,"name":"skill2_01"},{"time":0.8333,"name":"skill2_02"},{"time":0.9,"name":"skill2_03"},{"time":1.6333,"name":"skill2_02"},{"time":1.6666,"name":"skill2_01"},{"time":1.7666,"name":"skill2_04"},{"time":1.9,"name":"in_02"},{"time":2.0333,"name":"in_03"},{"time":2.1666,"name":"in_04"},{"time":2.2666,"name":"in_05a"},{"time":2.3333,"name":"in_05b"},{"time":2.4666,"name":"in_06"},{"time":2.6,"name":"in_07"},{"time":2.7333,"name":"idle_03"},{"time":2.8666,"name":"idle_00"}]}},"bones":{"MAIN":{"translate":[{"time":0.8,"x":0,"y":0,"curve":"stepped"},{"time":1.6666,"x":0,"y":0,"curve":"stepped"},{"time":1.7666,"x":0,"y":0,"curve":[0.121,0.37,0.75,1]},{"time":2.0333,"x":0,"y":3},{"time":2.2666,"x":0,"y":1,"curve":[0.25,0,0.75,1]},{"time":2.4666,"x":0,"y":0},{"time":2.5,"x":0,"y":-3},{"time":2.6,"x":0,"y":0}],"scale":[{"time":2.0333,"x":-1,"y":1,"curve":"stepped"},{"time":2.1666,"x":1,"y":1}]},"ef_graund_wave":{"translate":[{"time":0.9,"x":45,"y":0}],"scale":[{"time":0.9,"x":2,"y":2},{"time":1.3333,"x":3,"y":3}]},"ef_sink_ball_yellow":{"translate":[{"time":0.1,"x":58.72,"y":103.69,"curve":"stepped"},{"time":0.7333,"x":58.72,"y":103.69,"curve":[0.906,0,0.75,1]},{"time":0.8,"x":50.27,"y":59.49},{"time":0.8666,"x":45.4,"y":42.26},{"time":0.9,"x":-83.85,"y":145.59},{"time":0.9333,"x":-85.89,"y":161.86}],"scale":[{"time":0.1,"x":1,"y":1,"curve":[0.096,0.47,0.75,1]},{"time":0.5,"x":2,"y":2,"curve":"stepped"},{"time":0.7,"x":3.069,"y":3.069,"curve":"stepped"},{"time":0.9666,"x":3.069,"y":3.069},{"time":1.1,"x":20,"y":20}]},"ef_shine_roll":{"translate":[{"time":1.1,"x":164.08,"y":161.84}],"scale":[{"time":1.1,"x":2,"y":2}]},"ef_shine_roll2":{"rotate":[{"time":1.1,"angle":100}],"translate":[{"time":1.1,"x":164.08,"y":161.84}],"scale":[{"time":1.1,"x":-2,"y":-2}]},"ef_particle_roll":{"translate":[{"time":1.7666,"x":114.16,"y":161.6}],"scale":[{"time":1.7666,"x":3,"y":3}]},"DAMAGEAREA":{"translate":[{"time":1.2333,"x":0,"y":131.02}],"scale":[{"time":1.2333,"x":26.544,"y":27.776}]}},"events":[{"time":0,"name":"Sound1","string":"cri_se_battle_charge"},{"time":0,"name":"Sound3","string":"setHitSound(se_battle_007_attack_hit_01)"},{"time":0,"name":"Voice","string":"cri_719_voice_fullarts_now_a"},{"time":0.9,"name":"Sound1","string":"cri_se_scenario_no2_magic"},{"time":1.1333,"name":"Sound1","string":"cri_se_battle_cure_01"},{"time":1.1333,"name":"Voice","string":"cri_719_voice_fullarts_rank5"},{"time":1.3333,"name":"Hit","string":"resetHitList"},{"time":1.4333,"name":"Hit","string":"resetHitList"},{"time":1.5333,"name":"Hit","string":"resetHitList"},{"time":1.6333,"name":"Hit","string":"resetHitList"},{"time":1.7333,"name":"Hit","string":"resetHitList"}]},"skill3":{"slots":{"MAIN":{"attachment":[{"time":0,"name":"idle_00"},{"time":0.0333,"name":"attack1_04"},{"time":0.1666,"name":"skill3_00"},{"time":0.4,"name":"skill3_01"},{"time":0.5,"name":"skill3_02"},{"time":1,"name":"skill3_03"},{"time":1.2333,"name":"skill3_04a"},{"time":1.3333,"name":"skill3_04b"},{"time":1.4666,"name":"skill3_04c"},{"time":1.6,"name":"skill3_04b"},{"time":1.7333,"name":"skill3_04a"},{"time":1.8666,"name":"skill3_04b"},{"time":2,"name":"skill3_04c"},{"time":2.1333,"name":"skill3_04b"},{"time":2.2666,"name":"skill3_04a"},{"time":2.4,"name":"skill3_04b"},{"time":2.5333,"name":"skill3_04c"},{"time":2.6666,"name":"skill3_04b"},{"time":2.8,"name":"skill3_04a"},{"time":2.9333,"name":"skill3_04b"},{"time":2.9666,"name":"skill3_05"},{"time":3.0666,"name":"skill3_06"},{"time":3.2666,"name":"skill3_07"},{"time":3.5333,"name":"skill3_08"},{"time":3.6333,"name":"attack1_06"},{"time":3.7666,"name":"attack1_07"},{"time":3.9,"name":"attack1_08"},{"time":4.0333,"name":"attack1_09"},{"time":4.1666,"name":"idle_02"},{"time":4.3333,"name":"idle_03"},{"time":4.5,"name":"idle_00"}]}},"bones":{"MAIN":{"translate":[{"time":0.0333,"x":0,"y":0,"curve":[0.25,0,0.75,1]},{"time":0.1666,"x":15,"y":0},{"time":0.2333,"x":15,"y":-2,"curve":"stepped"},{"time":0.3333,"x":15,"y":-2},{"time":0.3666,"x":15,"y":-5,"curve":"stepped"},{"time":0.4,"x":15,"y":0},{"time":0.5333,"x":15,"y":30,"curve":[0.096,0.7,0.75,1]},{"time":1.2333,"x":15,"y":45,"curve":[0.25,0,0.75,1]},{"time":1.6666,"x":15,"y":40,"curve":[0.25,0,0.75,1]},{"time":2.1,"x":15,"y":45,"curve":[0.25,0,0.75,1]},{"time":2.5333,"x":15,"y":40,"curve":[0.25,0,0.75,1]},{"time":2.9666,"x":15,"y":45},{"time":3.2666,"x":15,"y":0},{"time":3.3,"x":15,"y":-5},{"time":3.4,"x":15,"y":0,"curve":"stepped"},{"time":3.6333,"x":8.16,"y":0}],"scale":[{"time":2.9666,"x":1,"y":1}]}},"events":[{"time":0,"name":"Voice","string":"cri_719_voice_fullarts_now_b"},{"time":0.5,"name":"Sound1","string":"cri_se_scenario_fetters_magic"},{"time":1.2333,"name":"Sound1","string":"cri_se_battle_arrow_light_effect"},{"time":1.3666,"name":"Event","string":"runSkillEffect"},{"time":1.6666,"name":"Voice","string":"cri_719_voice_fullarts_rank6"},{"time":3.2666,"name":"Sound1","string":"cri_se_battle_landing"}]}}}