{"skeleton":{"hash":"f0nFPzEXVDac9QQ3ePRaoIZLu6M","spine":"3.0.12","width":0,"height":0,"images":"./images/"},"bones":[{"name":"root","x":4.38},{"name":"grid","parent":"root"},{"name":"MAIN","parent":"root","y":103.6,"color":"00279bff"},{"name":"fire","parent":"MAIN","y":-87.99,"color":"009b14ff"},{"name":"body_F","parent":"fire","x":9.38,"y":25.88,"color":"009b14ff"},{"name":"R_arm_F","parent":"fire","x":-61.68,"y":-42.45,"color":"009b14ff"},{"name":"L_arm_F","parent":"fire","x":55.79,"y":-49.77,"color":"009b14ff"},{"name":"SHADOW-OFFSET","parent":"MAIN","scaleX":1.5,"scaleY":1.5,"color":"00279bff"},{"name":"HPBAR","parent":"MAIN","x":5.61,"y":96.4,"color":"00279bff"},{"name":"HITBOX","parent":"MAIN","y":-3.52,"color":"ffffffff"},{"name":"EF","parent":"root","x":28.86,"y":-312.99},{"name":"DAMAGEAREA","parent":"root","x":-4.38},{"name":"skill","parent":"root","x":-4.38,"color":"009b14ff"},{"name":"skill_1","parent":"skill","x":-0.08,"y":105.61,"color":"009b14ff"},{"name":"skill_2","parent":"skill","x":110.73,"y":49.31,"color":"009b14ff"},{"name":"skill_3","parent":"skill","x":133.49,"y":-31.55,"color":"009b14ff"},{"name":"skill_4","parent":"skill","x":64.01,"y":-76.47,"color":"009b14ff"},{"name":"skill_5","parent":"skill","x":-21.64,"y":-78.27,"color":"009b14ff"},{"name":"skill_6","parent":"skill","x":-88.13,"y":-54.91,"color":"009b14ff"},{"name":"skill_7","parent":"skill","x":-78.55,"y":11.57,"color":"009b14ff"},{"name":"skill_8","parent":"skill","x":-79.14,"y":74.46,"color":"009b14ff"}],"slots":[{"name":"grid/bg","bone":"grid"},{"name":"grid/grid","bone":"grid"},{"name":"fire/body_fire1","bone":"body_F","blend":"additive"},{"name":"MAIN","bone":"MAIN","attachment":"skeleton-idle_0"},{"name":"skill/L_arm_1","bone":"skill_2"},{"name":"skill/L_arm_2","bone":"skill_4"},{"name":"skill/L_shoulder","bone":"skill_2"},{"name":"skill/R_arm_1","bone":"skill_8"},{"name":"skill/R_arm_2","bone":"skill_6"},{"name":"skill/R_shoulder","bone":"skill_8"},{"name":"skill/stone_s1","bone":"skill_7"},{"name":"skill/stone_s2","bone":"skill_5"},{"name":"skill/stone_s3","bone":"skill_3"},{"name":"skill/stone_s4","bone":"skill_1"},{"name":"fire/L_arm_fire1","bone":"L_arm_F","blend":"additive"},{"name":"fire/R_arm_fire1","bone":"R_arm_F","blend":"additive"},{"name":"DAMAGEAREA","bone":"DAMAGEAREA"},{"name":"HITBOX","bone":"HITBOX","attachment":"HITBOX"}],"skins":{"default":{"DAMAGEAREA":{"DAMAGEAREA":{"type":"boundingbox","vertices":[-93.74173,98.19841,-94.59473,-98.84454,100.74222,-98.84454,103.30122,97.34542,0,0,0,0,0,0,0,0]}},"HITBOX":{"HITBOX":{"type":"boundingbox","vertices":[-84.13342,65.4891,-82.22744,-69.59974,88.7763,-67.69371,86.87032,67.0211,0,0,0,0,0,0,0,0]}},"MAIN":{"skeleton-attack1_0":{"x":58.01,"y":16.19,"width":450,"height":400},"skeleton-attack1_1":{"x":37.06,"y":10.18,"width":450,"height":400},"skeleton-attack1_2":{"x":26.59,"y":10.19,"width":450,"height":400},"skeleton-attack1_3":{"x":37.87,"y":23.66,"width":450,"height":400},"skeleton-attack1_4":{"x":37.87,"y":23.59,"width":450,"height":400},"skeleton-attack1_5":{"x":37.88,"y":23.59,"width":450,"height":400},"skeleton-attack1_7":{"x":58.02,"y":16.19,"width":450,"height":400},"skeleton-attack1_8":{"x":56.4,"y":16.19,"width":450,"height":400},"skeleton-back_0":{"x":49.15,"y":18.06,"width":450,"height":400},"skeleton-damage_0":{"x":31.42,"y":41.53,"width":450,"height":400},"skeleton-front_0":{"y":21,"width":450,"height":400},"skeleton-idle_0":{"y":40.85,"width":450,"height":400},"skeleton-idle_1":{"y":40.85,"width":450,"height":400},"skeleton-idle_2":{"y":40.85,"width":450,"height":400},"skeleton-idle_3":{"y":40.85,"width":450,"height":400},"skeleton-idle_4":{"y":40.85,"width":450,"height":400},"skeleton-skill1_0":{"y":19.36,"width":450,"height":400},"skeleton-skill1_1":{"y":18,"width":450,"height":400},"skeleton-skill1_2":{"y":18,"width":450,"height":400},"skeleton-skill1_3":{"y":18,"width":450,"height":400},"skeleton-skill1_4":{"y":18,"width":450,"height":400},"skeleton-skill1_5":{"x":20.95,"y":18,"width":450,"height":400},"skeleton-skill1_4.5":{"x":32.43,"y":41.17,"width":450,"height":400}},"fire/L_arm_fire1":{"fire/L_arm_fire1":{"x":-55.79,"y":49.77,"width":256,"height":256},"fire/L_arm_fire2":{"x":-55.79,"y":49.77,"width":256,"height":256},"fire/L_arm_fire3":{"x":-55.79,"y":49.77,"width":256,"height":256},"fire/L_arm_fire4":{"x":-55.79,"y":49.77,"width":256,"height":256},"fire/L_arm_fire5":{"x":-55.79,"y":49.77,"width":256,"height":256}},"fire/R_arm_fire1":{"fire/R_arm_fire1":{"x":61.68,"y":42.45,"width":256,"height":256},"fire/R_arm_fire2":{"x":61.68,"y":42.45,"width":256,"height":256},"fire/R_arm_fire3":{"x":61.68,"y":42.45,"width":256,"height":256},"fire/R_arm_fire4":{"x":61.68,"y":42.45,"width":256,"height":256},"fire/R_arm_fire5":{"x":61.68,"y":42.45,"width":256,"height":256}},"fire/body_fire1":{"fire/body_fire1":{"x":-9.38,"y":-25.88,"width":256,"height":256},"fire/body_fire2":{"x":-9.38,"y":-25.88,"width":256,"height":256},"fire/body_fire3":{"x":-9.38,"y":-25.88,"width":256,"height":256},"fire/body_fire4":{"x":-9.38,"y":-25.88,"width":256,"height":256},"fire/body_fire5":{"x":-9.38,"y":-25.88,"width":256,"height":256}},"skill/L_arm_1":{"skill/L_arm_1":{"x":-60.91,"y":-13.6,"width":256,"height":256}},"skill/L_arm_2":{"skill/L_arm_2":{"x":-31.02,"y":74.84,"rotation":-20.05,"width":256,"height":256}},"skill/L_shoulder":{"skill/L_shoulder":{"x":-60.91,"y":-13.6,"width":256,"height":256}},"skill/R_arm_1":{"skill/R_arm_1":{"x":45.87,"y":-9.69,"width":256,"height":256}},"skill/R_arm_2":{"skill/R_arm_2":{"x":59.4,"y":50.12,"width":256,"height":256}},"skill/R_shoulder":{"skill/R_shoulder":{"x":45.87,"y":-9.69,"width":256,"height":256}},"skill/stone_s1":{"skill/stone_s1":{"x":95.74,"y":-99.3,"width":256,"height":256}},"skill/stone_s2":{"skill/stone_s2":{"x":92.4,"y":75.08,"width":256,"height":256}},"skill/stone_s3":{"skill/stone_s3":{"x":-90.63,"y":80.66,"width":256,"height":256}},"skill/stone_s4":{"skill/stone_s4":{"x":-83.83,"y":-83.88,"width":256,"height":256}}}},"events":{"Event":{},"Hit":{},"Sound":{},"Sound_2":{},"voice":{}},"animations":{"attack1":{"slots":{"DAMAGEAREA":{"attachment":[{"time":0.7333,"name":"DAMAGEAREA"},{"time":1.1333,"name":null}]},"MAIN":{"attachment":[{"time":0,"name":"skeleton-idle_0"},{"time":0.1,"name":"skeleton-attack1_1"},{"time":0.2333,"name":"skeleton-attack1_2"},{"time":0.6666,"name":"skeleton-attack1_3"},{"time":0.7,"name":"skeleton-attack1_4"},{"time":0.7333,"name":"skeleton-attack1_5"},{"time":0.7666,"name":"skeleton-attack1_3"},{"time":0.8,"name":"skeleton-attack1_4"},{"time":0.8333,"name":"skeleton-attack1_5"},{"time":0.8666,"name":"skeleton-attack1_3"},{"time":0.9,"name":"skeleton-attack1_4"},{"time":0.9333,"name":"skeleton-attack1_5"},{"time":0.9666,"name":"skeleton-attack1_3"},{"time":1,"name":"skeleton-attack1_4"},{"time":1.0333,"name":"skeleton-attack1_5"},{"time":1.0666,"name":"skeleton-attack1_7"},{"time":1.1333,"name":"skeleton-attack1_8"},{"time":1.4,"name":"skeleton-attack1_7"},{"time":1.5333,"name":"skeleton-idle_0"},{"time":1.6,"name":"skeleton-attack1_0"}]},"fire/L_arm_fire1":{"attachment":[{"time":0,"name":"fire/L_arm_fire1"},{"time":0.1,"name":"fire/L_arm_fire2"},{"time":0.2,"name":"fire/L_arm_fire3"},{"time":0.3,"name":"fire/L_arm_fire4"},{"time":0.4,"name":"fire/L_arm_fire5"},{"time":0.5,"name":"fire/L_arm_fire1"},{"time":0.6,"name":"fire/L_arm_fire2"},{"time":0.6666,"name":null},{"time":1.0666,"name":"fire/L_arm_fire1"},{"time":1.1666,"name":"fire/L_arm_fire2"},{"time":1.2666,"name":"fire/L_arm_fire3"},{"time":1.3666,"name":"fire/L_arm_fire4"},{"time":1.4,"name":"fire/L_arm_fire1"},{"time":1.4666,"name":"fire/L_arm_fire5"},{"time":1.5333,"name":"fire/L_arm_fire1"},{"time":1.5666,"name":"fire/L_arm_fire1"}]},"fire/R_arm_fire1":{"attachment":[{"time":0,"name":"fire/R_arm_fire1"},{"time":0.1,"name":"fire/R_arm_fire2"},{"time":0.2,"name":"fire/R_arm_fire3"},{"time":0.3,"name":"fire/R_arm_fire4"},{"time":0.4,"name":"fire/R_arm_fire5"},{"time":0.5,"name":"fire/R_arm_fire1"},{"time":0.6,"name":"fire/R_arm_fire2"},{"time":0.6666,"name":null},{"time":1.0666,"name":"fire/R_arm_fire1"},{"time":1.1666,"name":"fire/R_arm_fire2"},{"time":1.2666,"name":"fire/R_arm_fire3"},{"time":1.3666,"name":"fire/R_arm_fire4"},{"time":1.4,"name":"fire/R_arm_fire1"},{"time":1.4666,"name":"fire/R_arm_fire5"},{"time":1.5333,"name":"fire/R_arm_fire1"},{"time":1.5666,"name":"fire/R_arm_fire1"}]},"fire/body_fire1":{"attachment":[{"time":0,"name":"fire/body_fire1"},{"time":0.1,"name":"fire/body_fire2"},{"time":0.2,"name":"fire/body_fire3"},{"time":0.3,"name":"fire/body_fire4"},{"time":0.4,"name":"fire/body_fire5"},{"time":0.5,"name":"fire/body_fire1"},{"time":0.6,"name":"fire/body_fire2"},{"time":0.7333,"name":"fire/body_fire3"},{"time":0.8666,"name":"fire/body_fire4"},{"time":0.9666,"name":"fire/body_fire5"},{"time":1.0666,"name":"fire/body_fire1"},{"time":1.1666,"name":"fire/body_fire2"},{"time":1.2666,"name":"fire/body_fire3"},{"time":1.3666,"name":"fire/body_fire4"},{"time":1.4666,"name":"fire/body_fire5"},{"time":1.5666,"name":"fire/body_fire1"}]}},"bones":{"MAIN":{"translate":[{"time":0,"x":0,"y":0,"curve":[0.248,0.9,0.75,1]},{"time":0.2333,"x":31.08,"y":0,"curve":"stepped"},{"time":0.6666,"x":0.86,"y":0,"curve":[0.187,0.49,0.75,1]},{"time":0.8333,"x":-10.71,"y":0,"curve":"stepped"},{"time":1.0666,"x":0,"y":0,"curve":"stepped"},{"time":1.4,"x":0,"y":0,"curve":"stepped"},{"time":1.6,"x":0,"y":0}]},"body_F":{"rotate":[{"time":0,"angle":0,"curve":"stepped"},{"time":0.1,"angle":-2.65,"curve":"stepped"},{"time":0.6666,"angle":18.01,"curve":"stepped"},{"time":1.0666,"angle":0}],"translate":[{"time":0,"x":0,"y":0,"curve":"stepped"},{"time":0.1,"x":8.48,"y":-1.3,"curve":"stepped"},{"time":0.2333,"x":18.28,"y":-9.14,"curve":"stepped"},{"time":0.6666,"x":-8.53,"y":-6.85,"curve":"stepped"},{"time":1.0666,"x":0,"y":0}],"scale":[{"time":0,"x":1,"y":1,"curve":"stepped"},{"time":0.6666,"x":0.972,"y":1.081,"curve":"stepped"},{"time":1.0666,"x":1,"y":1,"curve":"stepped"},{"time":1.1333,"x":0.951,"y":1,"curve":"stepped"},{"time":1.2,"x":0.91,"y":1}]},"R_arm_F":{"rotate":[{"time":0,"angle":0,"curve":"stepped"},{"time":0.1,"angle":-69.53,"curve":"stepped"},{"time":0.6666,"angle":-48.86,"curve":"stepped"},{"time":1.0666,"angle":0,"curve":"stepped"},{"time":1.4,"angle":0}],"translate":[{"time":0,"x":-3.46,"y":-7.51,"curve":"stepped"},{"time":0.1,"x":-40.63,"y":11.68,"curve":"stepped"},{"time":0.2333,"x":-85.85,"y":46.73,"curve":"stepped"},{"time":0.6666,"x":-108.12,"y":49.01,"curve":"stepped"},{"time":1.0666,"x":0,"y":0,"curve":"stepped"},{"time":1.1333,"x":31.49,"y":4.06,"curve":"stepped"},{"time":1.2,"x":92.96,"y":17.77,"curve":"stepped"},{"time":1.4,"x":0,"y":0,"curve":"stepped"},{"time":1.5333,"x":-3.46,"y":-7.51}],"scale":[{"time":0.6666,"x":1.081,"y":1.081}]},"L_arm_F":{"rotate":[{"time":0,"angle":0,"curve":"stepped"},{"time":0.1,"angle":35.66,"curve":"stepped"},{"time":0.2333,"angle":123.41,"curve":"stepped"},{"time":1.0666,"angle":0,"curve":"stepped"},{"time":1.4,"angle":0}],"translate":[{"time":0,"x":-12.65,"y":-45.69,"curve":"stepped"},{"time":0.1,"x":56.01,"y":-16.83,"curve":"stepped"},{"time":0.2333,"x":169.22,"y":57.99,"curve":"stepped"},{"time":1.0666,"x":-90.38,"y":-36.09,"curve":"stepped"},{"time":1.1333,"x":-132.26,"y":-30.05,"curve":"stepped"},{"time":1.4,"x":-83.42,"y":-36.73,"curve":"stepped"},{"time":1.5333,"x":-10.12,"y":-38.09}],"scale":[{"time":0,"x":1,"y":1,"curve":"stepped"},{"time":1.0666,"x":1,"y":1,"curve":"stepped"},{"time":1.1333,"x":0.953,"y":0.953,"curve":"stepped"},{"time":1.4,"x":1,"y":1}]},"fire":{"translate":[{"time":0,"x":-10.08,"y":95.42}]},"DAMAGEAREA":{"translate":[{"time":0.7333,"x":-18.25,"y":79.09},{"time":0.8333,"x":-39.54,"y":79.09}],"scale":[{"time":0.7333,"x":1.629,"y":0.62}]}},"drawOrder":[{"time":0},{"time":1.1333,"offsets":[{"slot":"fire/R_arm_fire1","offset":-13}]}],"events":[{"time":0.0333,"name":"Event","float":0.03,"string":"kHitStopType_normal"},{"time":0.1,"name":"Sound","string":"cri_se_battle_rock_noise"},{"time":0.6666,"name":"Event","float":2,"string":"addOrbitSystemShot(FireBall,empty,1)"},{"time":0.6666,"name":"Sound","string":"cri_se_battle_rock_noise"},{"time":0.6666,"name":"voice","string":"cri_076_voice_attack_random"},{"time":0.7333,"name":"Event","string":"setHitEffect(hit04a,1,0.6,100)"},{"time":0.7333,"name":"Sound","string":"cri_se_battle_rock_noise"},{"time":0.7666,"name":"Sound_2","string":"setHitSound(se_battle_hard_hit)"},{"time":0.8,"name":"Sound","string":"cri_se_battle_rock_noise"},{"time":0.8333,"name":"Hit","string":"resetHitList"},{"time":0.8666,"name":"Event","float":2,"string":"addOrbitSystemShot(FireBall,empty,1)"},{"time":0.8666,"name":"Sound","string":"cri_se_battle_rock_noise"},{"time":0.9333,"name":"Hit","string":"resetHitList"},{"time":0.9333,"name":"Sound","string":"cri_se_battle_rock_noise"},{"time":1,"name":"Sound","string":"cri_se_battle_rock_noise"},{"time":1.0333,"name":"Hit","string":"resetHitList"},{"time":1.0666,"name":"Sound","string":"cri_se_battle_rock_noise"}]},"back":{"slots":{"MAIN":{"attachment":[{"time":0,"name":"skeleton-back_0"},{"time":0.2666,"name":"skeleton-idle_1"},{"time":0.3333,"name":"skeleton-idle_2"},{"time":0.6,"name":"skeleton-idle_3"},{"time":0.6666,"name":"skeleton-idle_4"}]},"fire/L_arm_fire1":{"attachment":[{"time":0,"name":"fire/L_arm_fire1"},{"time":0.1666,"name":"fire/L_arm_fire2"},{"time":0.3333,"name":"fire/L_arm_fire3"},{"time":0.5,"name":"fire/L_arm_fire4"},{"time":0.6666,"name":"fire/L_arm_fire5"},{"time":0.7666,"name":"fire/L_arm_fire1"}]},"fire/R_arm_fire1":{"attachment":[{"time":0,"name":"fire/R_arm_fire1"},{"time":0.1666,"name":"fire/R_arm_fire2"},{"time":0.3333,"name":"fire/R_arm_fire3"},{"time":0.5,"name":"fire/R_arm_fire4"},{"time":0.6666,"name":"fire/R_arm_fire5"},{"time":0.7666,"name":"fire/R_arm_fire1"}]},"fire/body_fire1":{"attachment":[{"time":0,"name":"fire/body_fire1"},{"time":0.1666,"name":"fire/body_fire2"},{"time":0.3333,"name":"fire/body_fire3"},{"time":0.5,"name":"fire/body_fire4"},{"time":0.6666,"name":"fire/body_fire5"},{"time":0.7666,"name":"fire/body_fire1"}]}},"bones":{"MAIN":{"translate":[{"time":0,"x":0,"y":0,"curve":[0.187,0.61,0.75,1]},{"time":0.2666,"x":150.95,"y":0,"curve":[0.224,0.8,0.75,1]},{"time":0.4666,"x":160.95,"y":0}]},"L_arm_F":{"rotate":[{"time":0,"angle":-11.11,"curve":"stepped"},{"time":0.2666,"angle":0}],"translate":[{"time":0,"x":-57.31,"y":-48.69,"curve":"stepped"},{"time":0.2666,"x":-7.59,"y":-46.81}]},"R_arm_F":{"rotate":[{"time":0,"angle":4.39,"curve":"stepped"},{"time":0.2666,"angle":0}],"translate":[{"time":0,"x":0.38,"y":-1.14,"curve":"stepped"},{"time":0.2666,"x":-12.8,"y":-48.7}]},"body_F":{"rotate":[{"time":0,"angle":-19.93,"curve":"stepped"},{"time":0.3333,"angle":0}],"translate":[{"time":0,"x":19.66,"y":-20.11,"curve":"stepped"},{"time":0.3333,"x":3.22,"y":-9.76}]},"fire":{"translate":[{"time":0,"x":-9.14,"y":105.93}]}},"events":[{"time":0,"name":"Sound","string":"cri_se_battle_rock_noise"}]},"cast":{"slots":{"MAIN":{"attachment":[{"time":0,"name":"skeleton-idle_0"},{"time":0.1,"name":"skeleton-attack1_1"},{"time":0.2333,"name":"skeleton-attack1_2"},{"time":0.5,"name":"skeleton-attack1_3"},{"time":0.5333,"name":"skeleton-attack1_4"},{"time":0.5666,"name":"skeleton-attack1_5"},{"time":0.6,"name":"skeleton-attack1_3"},{"time":0.6333,"name":"skeleton-attack1_7"},{"time":0.7,"name":"skeleton-attack1_8"},{"time":0.9666,"name":"skeleton-attack1_7"},{"time":1.1,"name":"skeleton-idle_0"}]},"fire/L_arm_fire1":{"attachment":[{"time":0,"name":"fire/L_arm_fire1"},{"time":0.1,"name":"fire/L_arm_fire2"},{"time":0.2,"name":"fire/L_arm_fire3"},{"time":0.3,"name":"fire/L_arm_fire4"},{"time":0.4,"name":"fire/L_arm_fire5"},{"time":0.5,"name":null},{"time":0.6333,"name":"fire/L_arm_fire1"},{"time":0.7333,"name":"fire/L_arm_fire2"},{"time":0.8333,"name":"fire/L_arm_fire3"},{"time":0.9333,"name":"fire/L_arm_fire4"},{"time":0.9666,"name":"fire/L_arm_fire1"},{"time":1.0333,"name":"fire/L_arm_fire5"},{"time":1.1,"name":"fire/L_arm_fire1"},{"time":1.1333,"name":"fire/L_arm_fire1"}]},"fire/R_arm_fire1":{"attachment":[{"time":0,"name":"fire/R_arm_fire1"},{"time":0.1,"name":"fire/R_arm_fire2"},{"time":0.2,"name":"fire/R_arm_fire3"},{"time":0.3,"name":"fire/R_arm_fire4"},{"time":0.4,"name":"fire/R_arm_fire5"},{"time":0.5,"name":null},{"time":0.6333,"name":"fire/R_arm_fire1"},{"time":0.7333,"name":"fire/R_arm_fire2"},{"time":0.8333,"name":"fire/R_arm_fire3"},{"time":0.9333,"name":"fire/R_arm_fire4"},{"time":0.9666,"name":"fire/R_arm_fire1"},{"time":1.0333,"name":"fire/R_arm_fire5"},{"time":1.1,"name":"fire/R_arm_fire1"},{"time":1.1333,"name":"fire/R_arm_fire1"}]},"fire/body_fire1":{"attachment":[{"time":0,"name":"fire/body_fire1"},{"time":0.1,"name":"fire/body_fire2"},{"time":0.2,"name":"fire/body_fire3"},{"time":0.3,"name":"fire/body_fire4"},{"time":0.4,"name":"fire/body_fire5"},{"time":0.5,"name":"fire/body_fire1"},{"time":0.5666,"name":"fire/body_fire3"},{"time":0.6333,"name":"fire/body_fire1"},{"time":0.7333,"name":"fire/body_fire2"},{"time":0.8333,"name":"fire/body_fire3"},{"time":0.9333,"name":"fire/body_fire4"},{"time":1.0333,"name":"fire/body_fire5"},{"time":1.1333,"name":"fire/body_fire1"}]}},"bones":{"MAIN":{"translate":[{"time":0,"x":0,"y":0,"curve":[0.248,0.9,0.75,1]},{"time":0.2333,"x":31.08,"y":0,"curve":"stepped"},{"time":0.5,"x":0.86,"y":0,"curve":[0.187,0.49,0.75,1]},{"time":0.6,"x":-10.71,"y":0,"curve":"stepped"},{"time":0.6333,"x":0,"y":0,"curve":"stepped"},{"time":0.9666,"x":0,"y":0,"curve":"stepped"},{"time":1.1666,"x":0,"y":0}]},"body_F":{"rotate":[{"time":0,"angle":0,"curve":"stepped"},{"time":0.1,"angle":-2.65,"curve":"stepped"},{"time":0.5,"angle":18.01,"curve":"stepped"},{"time":0.6333,"angle":0}],"translate":[{"time":0,"x":0,"y":0,"curve":"stepped"},{"time":0.1,"x":8.48,"y":-1.3,"curve":"stepped"},{"time":0.2333,"x":18.28,"y":-9.14,"curve":"stepped"},{"time":0.5,"x":-8.53,"y":-6.85,"curve":"stepped"},{"time":0.6333,"x":0,"y":0}],"scale":[{"time":0,"x":1,"y":1,"curve":"stepped"},{"time":0.5,"x":0.972,"y":1.081,"curve":"stepped"},{"time":0.6333,"x":1,"y":1,"curve":"stepped"},{"time":0.7,"x":0.951,"y":1,"curve":"stepped"},{"time":0.7666,"x":0.91,"y":1}]},"R_arm_F":{"rotate":[{"time":0,"angle":0,"curve":"stepped"},{"time":0.1,"angle":-69.53,"curve":"stepped"},{"time":0.5,"angle":-48.86,"curve":"stepped"},{"time":0.6333,"angle":0,"curve":"stepped"},{"time":0.9666,"angle":0}],"translate":[{"time":0,"x":-14.22,"y":-25.87,"curve":"stepped"},{"time":0.1,"x":-42.53,"y":-17.43,"curve":"stepped"},{"time":0.2333,"x":-76.99,"y":33.44,"curve":"stepped"},{"time":0.5,"x":-108.12,"y":49.01,"curve":"stepped"},{"time":0.6333,"x":4.43,"y":-20.25,"curve":"stepped"},{"time":0.7,"x":40.99,"y":-14.92,"curve":"stepped"},{"time":0.7666,"x":92.96,"y":17.77,"curve":"stepped"},{"time":0.9666,"x":33.54,"y":-19.62,"curve":"stepped"},{"time":1.1,"x":-2.83,"y":-21.43}],"scale":[{"time":0.5,"x":1.081,"y":1.081}]},"L_arm_F":{"rotate":[{"time":0,"angle":0,"curve":"stepped"},{"time":0.1,"angle":35.66,"curve":"stepped"},{"time":0.2333,"angle":123.41,"curve":"stepped"},{"time":0.6333,"angle":0,"curve":"stepped"},{"time":0.9666,"angle":0}],"translate":[{"time":0,"x":-10.76,"y":-36.19,"curve":"stepped"},{"time":0.1,"x":45.88,"y":-3.54,"curve":"stepped"},{"time":0.2333,"x":150.86,"y":63.06,"curve":"stepped"},{"time":0.6333,"x":-39.74,"y":-18.37,"curve":"stepped"},{"time":0.7,"x":-122.13,"y":-19.93,"curve":"stepped"},{"time":0.9666,"x":-84.69,"y":-31.66,"curve":"stepped"},{"time":1.1,"x":-9.49,"y":-26.06}],"scale":[{"time":0,"x":1,"y":1,"curve":"stepped"},{"time":0.6333,"x":1,"y":1,"curve":"stepped"},{"time":0.7,"x":0.953,"y":0.953,"curve":"stepped"},{"time":0.9666,"x":1,"y":1}]},"fire":{"translate":[{"time":0,"x":-10.08,"y":95.42}]}},"drawOrder":[{"time":0},{"time":0.7,"offsets":[{"slot":"fire/R_arm_fire1","offset":-13}]}],"events":[{"time":0.1,"name":"Sound","string":"cri_se_battle_rock_noise"},{"time":0.5,"name":"Sound","string":"cri_se_battle_rock_noise"},{"time":0.5,"name":"voice","string":"cri_076_voice_attack_random"},{"time":0.5666,"name":"Sound","string":"cri_se_battle_rock_noise"},{"time":0.6333,"name":"Sound","string":"cri_se_battle_rock_noise"}]},"damage":{"slots":{"MAIN":{"attachment":[{"time":0,"name":"skeleton-damage_0"}]}}},"front":{"slots":{"MAIN":{"attachment":[{"time":0,"name":"skeleton-front_0"}]},"fire/L_arm_fire1":{"attachment":[{"time":0,"name":"fire/L_arm_fire1"}]},"fire/R_arm_fire1":{"attachment":[{"time":0,"name":"fire/R_arm_fire1"}]},"fire/body_fire1":{"attachment":[{"time":0,"name":"fire/body_fire1"}]}},"bones":{"R_arm_F":{"translate":[{"time":0,"x":0,"y":0}]},"body_F":{"rotate":[{"time":0,"angle":-13.99}],"translate":[{"time":0,"x":-19.01,"y":5.56}]},"L_arm_F":{"translate":[{"time":0,"x":-17.86,"y":-4.09}]},"fire":{"translate":[{"time":0,"x":-7.86,"y":81.67}]}}},"idle":{"slots":{"MAIN":{"attachment":[{"time":0,"name":"skeleton-idle_0"},{"time":0.2,"name":"skeleton-idle_1"},{"time":0.4,"name":"skeleton-idle_2"},{"time":0.6,"name":"skeleton-idle_3"},{"time":0.8,"name":"skeleton-idle_4"},{"time":1,"name":"skeleton-idle_0"}]},"fire/L_arm_fire1":{"attachment":[{"time":0,"name":"fire/L_arm_fire1"},{"time":0.1333,"name":"fire/L_arm_fire2"},{"time":0.2666,"name":"fire/L_arm_fire3"},{"time":0.4,"name":"fire/L_arm_fire4"},{"time":0.5333,"name":"fire/L_arm_fire5"},{"time":0.6666,"name":"fire/L_arm_fire2"},{"time":0.8,"name":"fire/L_arm_fire3"},{"time":0.9333,"name":"fire/L_arm_fire4"}]},"fire/R_arm_fire1":{"attachment":[{"time":0,"name":"fire/R_arm_fire1"},{"time":0.1333,"name":"fire/R_arm_fire2"},{"time":0.2666,"name":"fire/R_arm_fire3"},{"time":0.4,"name":"fire/R_arm_fire4"},{"time":0.5333,"name":"fire/R_arm_fire5"},{"time":0.6666,"name":"fire/R_arm_fire2"},{"time":0.8,"name":"fire/R_arm_fire3"},{"time":0.9333,"name":"fire/R_arm_fire4"}]},"fire/body_fire1":{"attachment":[{"time":0,"name":"fire/body_fire1"},{"time":0.1333,"name":"fire/body_fire2"},{"time":0.2666,"name":"fire/body_fire3"},{"time":0.4,"name":"fire/body_fire4"},{"time":0.5333,"name":"fire/body_fire5"},{"time":0.6666,"name":"fire/body_fire2"},{"time":0.8,"name":"fire/body_fire3"},{"time":0.9333,"name":"fire/body_fire4"}]}},"bones":{"L_arm_F":{"translate":[{"time":0,"x":-15.82,"y":-34.29,"curve":"stepped"},{"time":0.2,"x":-6.17,"y":-35.08,"curve":"stepped"},{"time":0.4,"x":-1.35,"y":-38.25,"curve":"stepped"},{"time":0.6,"x":-14.69,"y":-29.09,"curve":"stepped"},{"time":0.8,"x":-19.39,"y":-30.72,"curve":"stepped"},{"time":1,"x":-18.35,"y":-31.13}]},"R_arm_F":{"translate":[{"time":0,"x":-19.29,"y":-23.97,"curve":"stepped"},{"time":0.2,"x":-9.64,"y":-24.76,"curve":"stepped"},{"time":0.4,"x":-4.82,"y":-27.92,"curve":"stepped"},{"time":0.6,"x":-18.16,"y":-18.77,"curve":"stepped"},{"time":0.8,"x":-22.86,"y":-20.4,"curve":"stepped"},{"time":1,"x":-21.82,"y":-20.8}]},"body_F":{"translate":[{"time":0,"x":0,"y":0,"curve":"stepped"},{"time":0.2,"x":0,"y":2.98,"curve":"stepped"},{"time":0.4,"x":0,"y":4.26,"curve":"stepped"},{"time":0.6,"x":0,"y":3.4,"curve":"stepped"},{"time":0.8,"x":0,"y":1.7,"curve":"stepped"},{"time":1,"x":0,"y":0}]},"fire":{"translate":[{"time":0,"x":0.51,"y":85.67}]}}},"skill1":{"slots":{"DAMAGEAREA":{"attachment":[{"time":0.1333,"name":null}]},"MAIN":{"attachment":[{"time":0,"name":"skeleton-skill1_1"},{"time":0.1333,"name":"skeleton-skill1_1"},{"time":0.2,"name":"skeleton-skill1_2"},{"time":0.2666,"name":"skeleton-skill1_3"},{"time":0.3,"name":"skeleton-skill1_4"},{"time":0.3333,"name":"skeleton-skill1_4.5"},{"time":0.9333,"name":"skeleton-skill1_5"},{"time":1.6666,"name":"skeleton-skill1_5"}]},"fire/L_arm_fire1":{"attachment":[{"time":0,"name":"fire/L_arm_fire2"},{"time":0.1,"name":"fire/L_arm_fire2"},{"time":0.1666,"name":"fire/L_arm_fire3"},{"time":0.2333,"name":"fire/L_arm_fire4"},{"time":0.3,"name":"fire/L_arm_fire5"},{"time":0.3333,"name":null}]},"fire/R_arm_fire1":{"attachment":[{"time":0,"name":"fire/R_arm_fire2"},{"time":0.1,"name":"fire/R_arm_fire2"},{"time":0.1666,"name":"fire/R_arm_fire3"},{"time":0.2333,"name":"fire/R_arm_fire4"},{"time":0.3,"name":"fire/R_arm_fire5"},{"time":0.3333,"name":null}]},"fire/body_fire1":{"attachment":[{"time":0,"name":"fire/body_fire2"},{"time":0.1,"name":"fire/body_fire2"},{"time":0.1666,"name":"fire/body_fire3"},{"time":0.2333,"name":"fire/body_fire4"},{"time":0.3,"name":"fire/body_fire5"},{"time":0.3666,"name":"fire/body_fire1"},{"time":0.4333,"name":"fire/body_fire2"},{"time":0.5,"name":"fire/body_fire3"},{"time":0.5666,"name":"fire/body_fire4"},{"time":0.6333,"name":"fire/body_fire5"},{"time":0.7,"name":"fire/body_fire1"},{"time":0.7666,"name":"fire/body_fire2"},{"time":0.8333,"name":"fire/body_fire3"},{"time":0.9,"name":null}]},"skill/L_arm_1":{"attachment":[{"time":0.3333,"name":"skill/L_arm_1"},{"time":0.9333,"name":null}]},"skill/L_arm_2":{"attachment":[{"time":0.3333,"name":"skill/L_arm_2"},{"time":0.9333,"name":null}]},"skill/L_shoulder":{"attachment":[{"time":0.3333,"name":"skill/L_shoulder"},{"time":0.9333,"name":null}]},"skill/R_arm_1":{"attachment":[{"time":0.3333,"name":"skill/R_arm_1"},{"time":0.9333,"name":null}]},"skill/R_arm_2":{"attachment":[{"time":0.3333,"name":"skill/R_arm_2"},{"time":0.9333,"name":null}]},"skill/R_shoulder":{"attachment":[{"time":0.3333,"name":"skill/R_shoulder"},{"time":0.9333,"name":null}]},"skill/stone_s1":{"attachment":[{"time":0.3333,"name":"skill/stone_s1"},{"time":0.9333,"name":null}]},"skill/stone_s2":{"attachment":[{"time":0.3333,"name":"skill/stone_s2"},{"time":0.9333,"name":null}]},"skill/stone_s3":{"attachment":[{"time":0.3333,"name":"skill/stone_s3"},{"time":0.9333,"name":null}]},"skill/stone_s4":{"attachment":[{"time":0.3333,"name":"skill/stone_s4"},{"time":0.9333,"name":null}]}},"bones":{"MAIN":{"rotate":[{"time":0.3333,"angle":0,"curve":[0.076,0.63,0.75,1]},{"time":0.6,"angle":-7.72,"curve":"stepped"},{"time":0.9333,"angle":0}],"translate":[{"time":0.3333,"x":0,"y":0,"curve":[0.076,0.63,0.75,1]},{"time":0.6,"x":4.25,"y":0,"curve":"stepped"},{"time":0.9333,"x":1.15,"y":23.05},{"time":0.9666,"x":6.1,"y":28.99,"curve":"stepped"},{"time":1.1333,"x":6.1,"y":28.99},{"time":1.1666,"x":8.48,"y":24.23},{"time":1.2,"x":-9.14,"y":26.22},{"time":1.2333,"x":17.19,"y":38.69},{"time":1.2666,"x":-2.21,"y":19.29},{"time":1.3,"x":6.1,"y":28.99}]},"skill_1":{"rotate":[{"time":0.3333,"angle":0,"curve":[0.123,0.81,0.221,1]},{"time":0.7333,"angle":30.27,"curve":[0.965,0,1,0.09]},{"time":0.9333,"angle":166.26}],"translate":[{"time":0.3333,"x":0,"y":0,"curve":[0.123,0.81,0.221,1]},{"time":0.7333,"x":20.16,"y":73.93,"curve":[0.965,0,1,0.09]},{"time":0.9333,"x":14.36,"y":-9.69}]},"skill_2":{"rotate":[{"time":0.3333,"angle":0,"curve":[0.123,0.81,0.221,1]},{"time":0.7333,"angle":9.34,"curve":[0.965,0,1,0.09]},{"time":0.9333,"angle":-11.51}],"translate":[{"time":0.3333,"x":0,"y":0,"curve":[0.123,0.81,0.221,1]},{"time":0.7333,"x":39.72,"y":49.61,"curve":[0.965,0,1,0.09]},{"time":0.9333,"x":-68.39,"y":-19.03}]},"skill_3":{"rotate":[{"time":0.3333,"angle":0,"curve":[0.123,0.81,0.221,1]},{"time":0.7333,"angle":-95.75,"curve":[0.965,0,1,0.09]},{"time":0.9333,"angle":4.1}],"translate":[{"time":0.3333,"x":0,"y":0,"curve":[0.123,0.81,0.221,1]},{"time":0.7333,"x":13,"y":6.5,"curve":[0.965,0,1,0.09]},{"time":0.9333,"x":-69.67,"y":32.51}]},"skill_4":{"rotate":[{"time":0.3333,"angle":0,"curve":[0.123,0.81,0.221,1]},{"time":0.7333,"angle":-66.2,"curve":[0.965,0,1,0.09]},{"time":0.9333,"angle":-118.36}],"translate":[{"time":0.3333,"x":0,"y":0,"curve":[0.123,0.81,0.221,1]},{"time":0.7333,"x":70.63,"y":-24.32,"curve":[0.965,0,1,0.09]},{"time":0.9333,"x":-32.96,"y":59.64}]},"skill_5":{"rotate":[{"time":0.3333,"angle":0,"curve":[0.123,0.81,0.221,1]},{"time":0.7333,"angle":75.97,"curve":[0.965,0,1,0.09]},{"time":0.9333,"angle":25.33}],"translate":[{"time":0.3333,"x":0,"y":0,"curve":[0.123,0.81,0.221,1]},{"time":0.7333,"x":14.84,"y":-32.27,"curve":[0.965,0,1,0.09]},{"time":0.9333,"x":29.69,"y":36.15}]},"skill_6":{"rotate":[{"time":0.3333,"angle":0,"curve":[0.123,0.81,0.221,1]},{"time":0.7333,"angle":16.67,"curve":[0.965,0,1,0.09]},{"time":0.9333,"angle":29.89}],"translate":[{"time":0.3333,"x":0,"y":0,"curve":[0.123,0.81,0.221,1]},{"time":0.7333,"x":-3.78,"y":-51.47,"curve":[0.965,0,1,0.09]},{"time":0.9333,"x":90.54,"y":57.14}]},"skill_7":{"rotate":[{"time":0.3333,"angle":0,"curve":[0.123,0.81,0.221,1]},{"time":0.7333,"angle":-72.2,"curve":[0.965,0,1,0.09]},{"time":0.9333,"angle":4.57}],"translate":[{"time":0.3333,"x":0,"y":0,"curve":[0.123,0.81,0.221,1]},{"time":0.7333,"x":-58.88,"y":-50.47,"curve":[0.965,0,1,0.09]},{"time":0.9333,"x":77.81,"y":-7}]},"skill_8":{"rotate":[{"time":0.3333,"angle":0,"curve":[0.123,0.81,0.221,1]},{"time":0.7333,"angle":-31.92,"curve":[0.965,0,1,0.09]},{"time":0.9333,"angle":-39.38}],"translate":[{"time":0.3333,"x":0,"y":0,"curve":[0.123,0.81,0.221,1]},{"time":0.7333,"x":-22.43,"y":9.11,"curve":[0.965,0,1,0.09]},{"time":0.9333,"x":68.69,"y":-37.15}]},"skill":{"translate":[{"time":0.3333,"x":-8.34,"y":88.33}]},"body_F":{"rotate":[{"time":0,"angle":0,"curve":"stepped"},{"time":0.3333,"angle":0},{"time":0.3666,"angle":-2.37},{"time":0.4,"angle":-4.18},{"time":0.6,"angle":-5.56}],"translate":[{"time":0,"x":-8.12,"y":-6.98,"curve":"stepped"},{"time":0.1333,"x":-8.12,"y":-6.98,"curve":"stepped"},{"time":0.2,"x":-10.26,"y":-8.58,"curve":"stepped"},{"time":0.2666,"x":-11.33,"y":-10.73,"curve":"stepped"},{"time":0.3,"x":-0.08,"y":-14.48,"curve":"stepped"},{"time":0.3333,"x":-0.08,"y":-18.77,"curve":"stepped"},{"time":0.4333,"x":-7.65,"y":-18.39}]},"R_arm_F":{"rotate":[{"time":0,"angle":-5.66,"curve":"stepped"},{"time":0.1333,"angle":-5.66,"curve":"stepped"},{"time":0.2,"angle":-9.09}],"translate":[{"time":0,"x":-32.68,"y":-54.29,"curve":"stepped"},{"time":0.1333,"x":-32.68,"y":-54.29,"curve":"stepped"},{"time":0.2,"x":-27.91,"y":-39.59,"curve":"stepped"},{"time":0.2666,"x":-37.12,"y":-45.39,"curve":"stepped"},{"time":0.3,"x":-34.44,"y":-46.54}]},"L_arm_F":{"rotate":[{"time":0,"angle":0}],"translate":[{"time":0,"x":-57.18,"y":-57.66,"curve":"stepped"},{"time":0.2,"x":-68.83,"y":-49.11,"curve":"stepped"},{"time":0.2666,"x":-79.03,"y":-49.81,"curve":"stepped"},{"time":0.3,"x":-91.76,"y":-62.54}]},"fire":{"rotate":[{"time":0,"angle":0}],"translate":[{"time":0,"x":2.43,"y":109.75}]}},"events":[{"time":0.3333,"name":"Sound","string":"cri_se_battle_rock_separation"},{"time":0.3333,"name":"voice","string":"cri_076_voice_attack_random"},{"time":0.9333,"name":"Sound","string":"cri_se_battle_rock_dense"},{"time":1.1666,"name":"Event","string":"addOrbitSystem_Eruption1"},{"time":1.1666,"name":"Sound","string":"cri_se_battle_029_explosion_01"}]},"skill2":{"slots":{"DAMAGEAREA":{"attachment":[{"time":0.1333,"name":null}]},"MAIN":{"attachment":[{"time":0,"name":"skeleton-skill1_1"},{"time":0.1333,"name":"skeleton-skill1_1"},{"time":0.2,"name":"skeleton-skill1_2"},{"time":0.2666,"name":"skeleton-skill1_3"},{"time":0.3,"name":"skeleton-skill1_4"},{"time":0.3333,"name":"skeleton-skill1_4.5"},{"time":0.9333,"name":"skeleton-skill1_5"},{"time":1.6666,"name":"skeleton-skill1_5"}]},"fire/L_arm_fire1":{"attachment":[{"time":0,"name":"fire/L_arm_fire2"},{"time":0.1,"name":"fire/L_arm_fire2"},{"time":0.1666,"name":"fire/L_arm_fire3"},{"time":0.2333,"name":"fire/L_arm_fire4"},{"time":0.3,"name":"fire/L_arm_fire5"},{"time":0.3333,"name":null}]},"fire/R_arm_fire1":{"attachment":[{"time":0,"name":"fire/R_arm_fire2"},{"time":0.1,"name":"fire/R_arm_fire2"},{"time":0.1666,"name":"fire/R_arm_fire3"},{"time":0.2333,"name":"fire/R_arm_fire4"},{"time":0.3,"name":"fire/R_arm_fire5"},{"time":0.3333,"name":null}]},"fire/body_fire1":{"attachment":[{"time":0,"name":"fire/body_fire2"},{"time":0.1,"name":"fire/body_fire2"},{"time":0.1666,"name":"fire/body_fire3"},{"time":0.2333,"name":"fire/body_fire4"},{"time":0.3,"name":"fire/body_fire5"},{"time":0.3666,"name":"fire/body_fire1"},{"time":0.4333,"name":"fire/body_fire2"},{"time":0.5,"name":"fire/body_fire3"},{"time":0.5666,"name":"fire/body_fire4"},{"time":0.6333,"name":"fire/body_fire5"},{"time":0.7,"name":"fire/body_fire1"},{"time":0.7666,"name":"fire/body_fire2"},{"time":0.8333,"name":"fire/body_fire3"},{"time":0.9,"name":null}]},"skill/L_arm_1":{"attachment":[{"time":0.3333,"name":"skill/L_arm_1"},{"time":0.9333,"name":null}]},"skill/L_arm_2":{"attachment":[{"time":0.3333,"name":"skill/L_arm_2"},{"time":0.9333,"name":null}]},"skill/L_shoulder":{"attachment":[{"time":0.3333,"name":"skill/L_shoulder"},{"time":0.9333,"name":null}]},"skill/R_arm_1":{"attachment":[{"time":0.3333,"name":"skill/R_arm_1"},{"time":0.9333,"name":null}]},"skill/R_arm_2":{"attachment":[{"time":0.3333,"name":"skill/R_arm_2"},{"time":0.9333,"name":null}]},"skill/R_shoulder":{"attachment":[{"time":0.3333,"name":"skill/R_shoulder"},{"time":0.9333,"name":null}]},"skill/stone_s1":{"attachment":[{"time":0.3333,"name":"skill/stone_s1"},{"time":0.9333,"name":null}]},"skill/stone_s2":{"attachment":[{"time":0.3333,"name":"skill/stone_s2"},{"time":0.9333,"name":null}]},"skill/stone_s3":{"attachment":[{"time":0.3333,"name":"skill/stone_s3"},{"time":0.9333,"name":null}]},"skill/stone_s4":{"attachment":[{"time":0.3333,"name":"skill/stone_s4"},{"time":0.9333,"name":null}]}},"bones":{"MAIN":{"rotate":[{"time":0.3333,"angle":0,"curve":[0.076,0.63,0.75,1]},{"time":0.6,"angle":-7.72,"curve":"stepped"},{"time":0.9333,"angle":0}],"translate":[{"time":0.3333,"x":0,"y":0,"curve":[0.076,0.63,0.75,1]},{"time":0.6,"x":4.25,"y":0,"curve":"stepped"},{"time":0.9333,"x":1.15,"y":23.05},{"time":0.9666,"x":6.1,"y":28.99,"curve":"stepped"},{"time":1.1333,"x":6.1,"y":28.99},{"time":1.1666,"x":8.48,"y":24.23},{"time":1.2,"x":-9.14,"y":26.22},{"time":1.2333,"x":17.19,"y":38.69},{"time":1.2666,"x":-2.21,"y":19.29},{"time":1.3,"x":6.1,"y":28.99}]},"skill_1":{"rotate":[{"time":0.3333,"angle":0,"curve":[0.123,0.81,0.221,1]},{"time":0.7333,"angle":30.27,"curve":[0.965,0,1,0.09]},{"time":0.9333,"angle":166.26}],"translate":[{"time":0.3333,"x":0,"y":0,"curve":[0.123,0.81,0.221,1]},{"time":0.7333,"x":20.16,"y":73.93,"curve":[0.965,0,1,0.09]},{"time":0.9333,"x":14.36,"y":-9.69}]},"skill_2":{"rotate":[{"time":0.3333,"angle":0,"curve":[0.123,0.81,0.221,1]},{"time":0.7333,"angle":9.34,"curve":[0.965,0,1,0.09]},{"time":0.9333,"angle":-11.51}],"translate":[{"time":0.3333,"x":0,"y":0,"curve":[0.123,0.81,0.221,1]},{"time":0.7333,"x":39.72,"y":49.61,"curve":[0.965,0,1,0.09]},{"time":0.9333,"x":-68.39,"y":-19.03}]},"skill_3":{"rotate":[{"time":0.3333,"angle":0,"curve":[0.123,0.81,0.221,1]},{"time":0.7333,"angle":-95.75,"curve":[0.965,0,1,0.09]},{"time":0.9333,"angle":4.1}],"translate":[{"time":0.3333,"x":0,"y":0,"curve":[0.123,0.81,0.221,1]},{"time":0.7333,"x":13,"y":6.5,"curve":[0.965,0,1,0.09]},{"time":0.9333,"x":-69.67,"y":32.51}]},"skill_4":{"rotate":[{"time":0.3333,"angle":0,"curve":[0.123,0.81,0.221,1]},{"time":0.7333,"angle":-66.2,"curve":[0.965,0,1,0.09]},{"time":0.9333,"angle":-118.36}],"translate":[{"time":0.3333,"x":0,"y":0,"curve":[0.123,0.81,0.221,1]},{"time":0.7333,"x":70.63,"y":-24.32,"curve":[0.965,0,1,0.09]},{"time":0.9333,"x":-32.96,"y":59.64}]},"skill_5":{"rotate":[{"time":0.3333,"angle":0,"curve":[0.123,0.81,0.221,1]},{"time":0.7333,"angle":75.97,"curve":[0.965,0,1,0.09]},{"time":0.9333,"angle":25.33}],"translate":[{"time":0.3333,"x":0,"y":0,"curve":[0.123,0.81,0.221,1]},{"time":0.7333,"x":14.84,"y":-32.27,"curve":[0.965,0,1,0.09]},{"time":0.9333,"x":29.69,"y":36.15}]},"skill_6":{"rotate":[{"time":0.3333,"angle":0,"curve":[0.123,0.81,0.221,1]},{"time":0.7333,"angle":16.67,"curve":[0.965,0,1,0.09]},{"time":0.9333,"angle":29.89}],"translate":[{"time":0.3333,"x":0,"y":0,"curve":[0.123,0.81,0.221,1]},{"time":0.7333,"x":-3.78,"y":-51.47,"curve":[0.965,0,1,0.09]},{"time":0.9333,"x":90.54,"y":57.14}]},"skill_7":{"rotate":[{"time":0.3333,"angle":0,"curve":[0.123,0.81,0.221,1]},{"time":0.7333,"angle":-72.2,"curve":[0.965,0,1,0.09]},{"time":0.9333,"angle":4.57}],"translate":[{"time":0.3333,"x":0,"y":0,"curve":[0.123,0.81,0.221,1]},{"time":0.7333,"x":-58.88,"y":-50.47,"curve":[0.965,0,1,0.09]},{"time":0.9333,"x":77.81,"y":-7}]},"skill_8":{"rotate":[{"time":0.3333,"angle":0,"curve":[0.123,0.81,0.221,1]},{"time":0.7333,"angle":-31.92,"curve":[0.965,0,1,0.09]},{"time":0.9333,"angle":-39.38}],"translate":[{"time":0.3333,"x":0,"y":0,"curve":[0.123,0.81,0.221,1]},{"time":0.7333,"x":-22.43,"y":9.11,"curve":[0.965,0,1,0.09]},{"time":0.9333,"x":68.69,"y":-37.15}]},"skill":{"translate":[{"time":0.3333,"x":-8.34,"y":88.33}]},"body_F":{"rotate":[{"time":0,"angle":0,"curve":"stepped"},{"time":0.3333,"angle":0},{"time":0.3666,"angle":-2.37},{"time":0.4,"angle":-4.18},{"time":0.6,"angle":-5.56}],"translate":[{"time":0,"x":-8.12,"y":-6.98,"curve":"stepped"},{"time":0.1333,"x":-8.12,"y":-6.98,"curve":"stepped"},{"time":0.2,"x":-10.26,"y":-8.58,"curve":"stepped"},{"time":0.2666,"x":-11.33,"y":-10.73,"curve":"stepped"},{"time":0.3,"x":-0.08,"y":-14.48,"curve":"stepped"},{"time":0.3333,"x":-0.08,"y":-18.77,"curve":"stepped"},{"time":0.4333,"x":-7.65,"y":-18.39}]},"R_arm_F":{"rotate":[{"time":0,"angle":-5.66,"curve":"stepped"},{"time":0.1333,"angle":-5.66,"curve":"stepped"},{"time":0.2,"angle":-9.09}],"translate":[{"time":0,"x":-31.42,"y":-50.49,"curve":"stepped"},{"time":0.1333,"x":-32.68,"y":-54.29,"curve":"stepped"},{"time":0.2,"x":-27.91,"y":-39.59,"curve":"stepped"},{"time":0.2666,"x":-37.12,"y":-45.39,"curve":"stepped"},{"time":0.3,"x":-34.44,"y":-46.54}]},"L_arm_F":{"rotate":[{"time":0,"angle":0}],"translate":[{"time":0,"x":-57.18,"y":-57.66,"curve":"stepped"},{"time":0.2,"x":-68.83,"y":-49.11,"curve":"stepped"},{"time":0.2666,"x":-79.03,"y":-49.81,"curve":"stepped"},{"time":0.3,"x":-91.76,"y":-62.54}]},"fire":{"rotate":[{"time":0,"angle":0}],"translate":[{"time":0,"x":2.43,"y":109.75}]}},"events":[{"time":0.3333,"name":"Sound","string":"cri_se_battle_rock_separation"},{"time":0.3333,"name":"voice","string":"cri_076_voice_attack_random"},{"time":0.9333,"name":"Sound","string":"cri_se_battle_rock_dense"},{"time":1.1666,"name":"Event","string":"addOrbitSystem_Eruption2"},{"time":1.1666,"name":"Sound","string":"cri_se_battle_029_explosion_01"}]}}}