{"skeleton":{"hash":"lWL75Qw0aPPUoiqg6boYyaY9oBY","spine":"3.0.12","width":0,"height":0,"images":"./images2/"},"bones":[{"name":"root"},{"name":"MAIN","parent":"root","y":70.98}],"slots":[{"name":"MAIN","bone":"MAIN","attachment":"idle_00"}],"skins":{"default":{"MAIN":{"idle_00":{"x":15.18,"y":-21.05,"width":350,"height":350},"idle_01":{"x":15.19,"y":-21.05,"width":350,"height":350},"idle_02":{"x":15.19,"y":-21.05,"width":350,"height":350},"idle_03":{"x":15.19,"y":-21.05,"width":350,"height":350},"idle_04":{"x":15.19,"y":-21.05,"width":350,"height":350}}}},"events":{"Event":{},"Event2":{},"Hit":{},"Sound1":{},"Sound2":{},"View":{},"Voice":{}},"animations":{"idle":{"slots":{"MAIN":{"attachment":[{"time":0,"name":"idle_00"},{"time":0.1666,"name":"idle_01"},{"time":0.3333,"name":"idle_02"},{"time":0.5,"name":"idle_03"},{"time":0.6666,"name":"idle_04"},{"time":0.8333,"name":"idle_04"}]}}}}}