{"skeleton":{"hash":"n6njlZZuje+ViOZgxrbpdFFnkZI","spine":"3.0.12","width":625,"height":704,"images":"./images/"},"bones":[{"name":"root"},{"name":"MAIN","parent":"root"},{"name":"Boundingbox","parent":"root"}],"slots":[{"name":"4","bone":"MAIN","attachment":"4"},{"name":"3","bone":"MAIN","attachment":"3"},{"name":"2","bone":"MAIN","attachment":"2"},{"name":"1","bone":"MAIN","attachment":"1"},{"name":"face_1","bone":"MAIN","attachment":"face_1"},{"name":"Boundingbox","bone":"Boundingbox","attachment":"Boundingbox"}],"skins":{"default":{"1":{"1":{"x":-15.5,"y":639,"width":273,"height":128}},"2":{"2":{"x":-159,"y":511,"width":188,"height":128}},"3":{"3":{"x":95,"y":511,"width":64,"height":128}},"4":{"4":{"x":-94.5,"y":223,"width":625,"height":448}},"Boundingbox":{"Boundingbox":{"type":"boundingbox","vertices":[-83.28663,-90.33865,133.22525,-89.54266,133.62326,123.38724,-83.28663,122.59123]}},"face_1":{"face_1":{"x":-1,"y":511,"width":128,"height":128},"face_2":{"x":-1,"y":511,"width":128,"height":128},"face_3":{"x":-1,"y":511,"width":128,"height":128},"face_4":{"x":-1,"y":511,"width":128,"height":128}}}},"animations":{"1":{"slots":{"1":{"attachment":[{"time":0,"name":"1"}]},"2":{"attachment":[{"time":0,"name":"2"}]},"3":{"attachment":[{"time":0,"name":"3"}]},"4":{"attachment":[{"time":0,"name":"4"}]},"Boundingbox":{"attachment":[{"time":0,"name":null}]},"face_1":{"attachment":[{"time":0,"name":"face_1"}]}}},"2":{"slots":{"1":{"attachment":[{"time":0,"name":"1"}]},"2":{"attachment":[{"time":0,"name":"2"}]},"3":{"attachment":[{"time":0,"name":"3"}]},"4":{"attachment":[{"time":0,"name":"4"}]},"Boundingbox":{"attachment":[{"time":0,"name":null}]},"face_1":{"attachment":[{"time":0,"name":"face_2"}]}}},"3":{"slots":{"1":{"attachment":[{"time":0,"name":"1"}]},"2":{"attachment":[{"time":0,"name":"2"}]},"3":{"attachment":[{"time":0,"name":"3"}]},"4":{"attachment":[{"time":0,"name":"4"}]},"Boundingbox":{"attachment":[{"time":0,"name":null}]},"face_1":{"attachment":[{"time":0,"name":"face_3"}]}}},"4":{"slots":{"1":{"attachment":[{"time":0,"name":"1"}]},"2":{"attachment":[{"time":0,"name":"2"}]},"3":{"attachment":[{"time":0,"name":"3"}]},"4":{"attachment":[{"time":0,"name":"4"}]},"Boundingbox":{"attachment":[{"time":0,"name":null}]},"face_1":{"attachment":[{"time":0,"name":"face_4"}]}}},"window-1":{"slots":{"1":{"attachment":[{"time":0,"name":"1"}]},"2":{"attachment":[{"time":0,"name":"2"}]},"3":{"attachment":[{"time":0,"name":"3"}]},"4":{"attachment":[{"time":0,"name":"4"}]},"Boundingbox":{"attachment":[{"time":0,"name":"Boundingbox"}]},"face_1":{"attachment":[{"time":0,"name":"face_1"}]}},"bones":{"Boundingbox":{"translate":[{"time":0,"x":-53.37,"y":604.2}]},"MAIN":{"scale":[{"time":0,"x":1.17,"y":1.17}]}}},"window-2":{"slots":{"1":{"attachment":[{"time":0,"name":"1"}]},"2":{"attachment":[{"time":0,"name":"2"}]},"3":{"attachment":[{"time":0,"name":"3"}]},"4":{"attachment":[{"time":0,"name":"4"}]},"Boundingbox":{"attachment":[{"time":0,"name":"Boundingbox"}]},"face_1":{"attachment":[{"time":0,"name":"face_2"}]}},"bones":{"Boundingbox":{"translate":[{"time":0,"x":-53.37,"y":604.2}]},"MAIN":{"scale":[{"time":0,"x":1.17,"y":1.17}]}}},"window-3":{"slots":{"1":{"attachment":[{"time":0,"name":"1"}]},"2":{"attachment":[{"time":0,"name":"2"}]},"3":{"attachment":[{"time":0,"name":"3"}]},"4":{"attachment":[{"time":0,"name":"4"}]},"Boundingbox":{"attachment":[{"time":0,"name":"Boundingbox"}]},"face_1":{"attachment":[{"time":0,"name":"face_3"}]}},"bones":{"Boundingbox":{"translate":[{"time":0,"x":-53.37,"y":604.2}]},"MAIN":{"scale":[{"time":0,"x":1.17,"y":1.17}]}}},"window-4":{"slots":{"1":{"attachment":[{"time":0,"name":"1"}]},"2":{"attachment":[{"time":0,"name":"2"}]},"3":{"attachment":[{"time":0,"name":"3"}]},"4":{"attachment":[{"time":0,"name":"4"}]},"Boundingbox":{"attachment":[{"time":0,"name":"Boundingbox"}]},"face_1":{"attachment":[{"time":0,"name":"face_4"}]}},"bones":{"Boundingbox":{"translate":[{"time":0,"x":-53.37,"y":604.2}]},"MAIN":{"scale":[{"time":0,"x":1.17,"y":1.17}]}}}}}