{"skeleton":{"hash":"5qHKg6fiIBedKhfrMchkwAF1jvY","spine":"3.0.12","width":0,"height":0},"bones":[{"name":"root"},{"name":"MAIN","parent":"root","y":60}],"slots":[{"name":"MAIN","bone":"MAIN","attachment":"idle1_00"}],"skins":{"default":{"MAIN":{"idle1_00":{"x":-11.29,"y":15.54,"width":500,"height":500},"idle1_01":{"x":-11.29,"y":15.54,"width":500,"height":500},"idle1_02":{"x":-11.29,"y":15.54,"width":500,"height":500},"idle1_03":{"x":-11.29,"y":15.54,"width":500,"height":500},"idle2_00":{"x":-11.29,"y":15.54,"width":500,"height":500},"idle2_01":{"x":-11.29,"y":15.54,"width":500,"height":500},"idle2_02":{"x":-11.29,"y":15.54,"width":500,"height":500},"idle2_03":{"x":-11.29,"y":15.54,"width":500,"height":500},"idle3_00":{"x":-11.29,"y":15.54,"width":500,"height":500},"idle3_01":{"x":-11.29,"y":15.54,"width":500,"height":500},"idle3_02":{"x":-11.29,"y":15.54,"width":500,"height":500},"idle3_03":{"x":-11.29,"y":15.54,"width":500,"height":500}}}},"events":{"Event":{},"hit":{}},"animations":{"idle":{"slots":{"MAIN":{"attachment":[{"time":0,"name":"idle1_00"},{"time":0.2666,"name":"idle1_01"},{"time":0.5,"name":"idle1_02"},{"time":0.7666,"name":"idle1_03"},{"time":1,"name":"idle1_00"}]}}},"idle2":{"slots":{"MAIN":{"attachment":[{"time":0,"name":"idle2_00"},{"time":0.2666,"name":"idle2_01"},{"time":0.7,"name":"idle2_02"},{"time":1.0666,"name":"idle2_03"},{"time":1.3333,"name":"idle2_00"}]}}},"idle3":{"slots":{"MAIN":{"attachment":[{"time":0,"name":"idle3_00"},{"time":0.2666,"name":"idle3_01"},{"time":0.5,"name":"idle3_02"},{"time":0.7666,"name":"idle3_03"},{"time":1,"name":"idle3_00"}]}}}}}