{"skeleton":{"hash":"q6dxVn3Uvf6bS6efKOQFOZ4mPR0","spine":"3.0.12","width":0,"height":0,"images":""},"bones":[{"name":"root"},{"name":"S1_blood4","parent":"root","x":300,"color":"d93240ff"},{"name":"S1_blood3","parent":"root","x":250,"color":"d93240ff"},{"name":"S1_blood2","parent":"root","x":200,"color":"d93240ff"},{"name":"S1_blood","parent":"root","x":130,"y":-100,"color":"ff7a00ff"},{"name":"S1_blood1_2","parent":"S1_blood","x":20,"y":250,"scaleY":-1,"color":"d93240ff"},{"name":"S1_blood1","parent":"S1_blood","x":20,"y":100,"color":"d93240ff"}],"slots":[{"name":"images/EF/240_S1_blood1/240_S1_blood1_00000","bone":"S1_blood1","blend":"additive"},{"name":"images/EF/240_S1_blood1/240_S1_blood1_0","bone":"S1_blood1_2","blend":"additive"},{"name":"images/EF/240_S1_blood2/240_S1_blood2_00000","bone":"S1_blood2","blend":"additive"},{"name":"images/EF/240_S1_blood3/240_S1_blood3_00000","bone":"S1_blood3","blend":"additive"},{"name":"images/EF/240_S1_blood4/240_S1_blood4_00000","bone":"S1_blood4","blend":"additive"}],"skins":{"default":{"images/EF/240_S1_blood1/240_S1_blood1_0":{"images/EF/240_S1_blood1/240_S1_blood1_00000":{"width":250,"height":250},"images/EF/240_S1_blood1/240_S1_blood1_00001":{"width":250,"height":250},"images/EF/240_S1_blood1/240_S1_blood1_00002":{"width":250,"height":250},"images/EF/240_S1_blood1/240_S1_blood1_00003":{"width":250,"height":250},"images/EF/240_S1_blood1/240_S1_blood1_00004":{"width":250,"height":250},"images/EF/240_S1_blood1/240_S1_blood1_00005":{"width":250,"height":250},"images/EF/240_S1_blood1/240_S1_blood1_00006":{"width":250,"height":250},"images/EF/240_S1_blood1/240_S1_blood1_00007":{"width":250,"height":250},"images/EF/240_S1_blood1/240_S1_blood1_00008":{"width":250,"height":250},"images/EF/240_S1_blood1/240_S1_blood1_00009":{"width":250,"height":250},"images/EF/240_S1_blood1/240_S1_blood1_00010":{"width":250,"height":250},"images/EF/240_S1_blood1/240_S1_blood1_00011":{"width":250,"height":250},"images/EF/240_S1_blood1/240_S1_blood1_00012":{"width":250,"height":250},"images/EF/240_S1_blood1/240_S1_blood1_00013":{"width":250,"height":250},"images/EF/240_S1_blood1/240_S1_blood1_00014":{"width":250,"height":250},"images/EF/240_S1_blood1/240_S1_blood1_00015":{"width":250,"height":250},"images/EF/240_S1_blood1/240_S1_blood1_00016":{"width":250,"height":250},"images/EF/240_S1_blood1/240_S1_blood1_00017":{"width":250,"height":250},"images/EF/240_S1_blood1/240_S1_blood1_00018":{"width":250,"height":250}},"images/EF/240_S1_blood1/240_S1_blood1_00000":{"images/EF/240_S1_blood1/240_S1_blood1_00000":{"width":250,"height":250},"images/EF/240_S1_blood1/240_S1_blood1_00001":{"width":250,"height":250},"images/EF/240_S1_blood1/240_S1_blood1_00002":{"width":250,"height":250},"images/EF/240_S1_blood1/240_S1_blood1_00003":{"width":250,"height":250},"images/EF/240_S1_blood1/240_S1_blood1_00004":{"width":250,"height":250},"images/EF/240_S1_blood1/240_S1_blood1_00005":{"width":250,"height":250},"images/EF/240_S1_blood1/240_S1_blood1_00006":{"width":250,"height":250},"images/EF/240_S1_blood1/240_S1_blood1_00007":{"width":250,"height":250},"images/EF/240_S1_blood1/240_S1_blood1_00008":{"width":250,"height":250},"images/EF/240_S1_blood1/240_S1_blood1_00009":{"width":250,"height":250},"images/EF/240_S1_blood1/240_S1_blood1_00010":{"width":250,"height":250},"images/EF/240_S1_blood1/240_S1_blood1_00011":{"width":250,"height":250},"images/EF/240_S1_blood1/240_S1_blood1_00012":{"width":250,"height":250},"images/EF/240_S1_blood1/240_S1_blood1_00013":{"width":250,"height":250},"images/EF/240_S1_blood1/240_S1_blood1_00014":{"width":250,"height":250},"images/EF/240_S1_blood1/240_S1_blood1_00015":{"width":250,"height":250},"images/EF/240_S1_blood1/240_S1_blood1_00016":{"width":250,"height":250},"images/EF/240_S1_blood1/240_S1_blood1_00017":{"width":250,"height":250},"images/EF/240_S1_blood1/240_S1_blood1_00018":{"width":250,"height":250}},"images/EF/240_S1_blood2/240_S1_blood2_00000":{"images/EF/240_S1_blood2/240_S1_blood2_00000":{"width":210,"height":210},"images/EF/240_S1_blood2/240_S1_blood2_00001":{"width":210,"height":210},"images/EF/240_S1_blood2/240_S1_blood2_00002":{"width":210,"height":210},"images/EF/240_S1_blood2/240_S1_blood2_00003":{"width":210,"height":210},"images/EF/240_S1_blood2/240_S1_blood2_00004":{"width":210,"height":210},"images/EF/240_S1_blood2/240_S1_blood2_00005":{"width":210,"height":210},"images/EF/240_S1_blood2/240_S1_blood2_00006":{"width":210,"height":210},"images/EF/240_S1_blood2/240_S1_blood2_00007":{"width":210,"height":210},"images/EF/240_S1_blood2/240_S1_blood2_00008":{"width":210,"height":210}},"images/EF/240_S1_blood3/240_S1_blood3_00000":{"images/EF/240_S1_blood3/240_S1_blood3_00000":{"width":350,"height":350},"images/EF/240_S1_blood3/240_S1_blood3_00001":{"width":350,"height":350},"images/EF/240_S1_blood3/240_S1_blood3_00002":{"width":350,"height":350},"images/EF/240_S1_blood3/240_S1_blood3_00003":{"width":350,"height":350},"images/EF/240_S1_blood3/240_S1_blood3_00004":{"width":350,"height":350},"images/EF/240_S1_blood3/240_S1_blood3_00005":{"width":350,"height":350},"images/EF/240_S1_blood3/240_S1_blood3_00006":{"width":350,"height":350},"images/EF/240_S1_blood3/240_S1_blood3_00007":{"width":350,"height":350},"images/EF/240_S1_blood3/240_S1_blood3_00008":{"width":350,"height":350},"images/EF/240_S1_blood3/240_S1_blood3_00009":{"width":350,"height":350},"images/EF/240_S1_blood3/240_S1_blood3_00010":{"width":350,"height":350},"images/EF/240_S1_blood3/240_S1_blood3_00011":{"width":350,"height":350},"images/EF/240_S1_blood3/240_S1_blood3_00012":{"width":350,"height":350},"images/EF/240_S1_blood3/240_S1_blood3_00013":{"width":350,"height":350}},"images/EF/240_S1_blood4/240_S1_blood4_00000":{"images/EF/240_S1_blood4/240_S1_blood4_00000":{"width":280,"height":280}}}},"animations":{"1-attack1":{},"1-skill1":{"slots":{"images/EF/240_S1_blood1/240_S1_blood1_00000":{"attachment":[{"time":0.7333,"name":"images/EF/240_S1_blood1/240_S1_blood1_00006"},{"time":0.7666,"name":"images/EF/240_S1_blood1/240_S1_blood1_00008"},{"time":0.8,"name":"images/EF/240_S1_blood1/240_S1_blood1_00010"},{"time":0.8333,"name":"images/EF/240_S1_blood1/240_S1_blood1_00012"},{"time":0.8666,"name":"images/EF/240_S1_blood1/240_S1_blood1_00014"},{"time":0.9,"name":"images/EF/240_S1_blood1/240_S1_blood1_00016"},{"time":0.9333,"name":"images/EF/240_S1_blood1/240_S1_blood1_00018"},{"time":1.0333,"name":"images/EF/240_S1_blood1/240_S1_blood1_00010"},{"time":1.0666,"name":"images/EF/240_S1_blood1/240_S1_blood1_00012"},{"time":1.1,"name":"images/EF/240_S1_blood1/240_S1_blood1_00014"},{"time":1.1333,"name":"images/EF/240_S1_blood1/240_S1_blood1_00016"},{"time":1.1666,"name":"images/EF/240_S1_blood1/240_S1_blood1_00018"},{"time":1.2666,"name":"images/EF/240_S1_blood1/240_S1_blood1_00000"},{"time":1.3,"name":"images/EF/240_S1_blood1/240_S1_blood1_00001"},{"time":1.3333,"name":"images/EF/240_S1_blood1/240_S1_blood1_00002"},{"time":1.3666,"name":"images/EF/240_S1_blood1/240_S1_blood1_00003"},{"time":1.4,"name":"images/EF/240_S1_blood1/240_S1_blood1_00004"},{"time":1.4333,"name":"images/EF/240_S1_blood1/240_S1_blood1_00005"},{"time":1.4666,"name":"images/EF/240_S1_blood1/240_S1_blood1_00006"},{"time":1.5,"name":"images/EF/240_S1_blood1/240_S1_blood1_00007"},{"time":1.5333,"name":"images/EF/240_S1_blood1/240_S1_blood1_00008"},{"time":1.5666,"name":"images/EF/240_S1_blood1/240_S1_blood1_00009"},{"time":1.6,"name":"images/EF/240_S1_blood1/240_S1_blood1_00010"},{"time":1.6333,"name":"images/EF/240_S1_blood1/240_S1_blood1_00011"},{"time":1.6666,"name":"images/EF/240_S1_blood1/240_S1_blood1_00012"},{"time":1.7,"name":"images/EF/240_S1_blood1/240_S1_blood1_00013"},{"time":1.7333,"name":"images/EF/240_S1_blood1/240_S1_blood1_00014"},{"time":1.7666,"name":"images/EF/240_S1_blood1/240_S1_blood1_00015"},{"time":1.8,"name":"images/EF/240_S1_blood1/240_S1_blood1_00016"},{"time":1.8333,"name":"images/EF/240_S1_blood1/240_S1_blood1_00017"},{"time":1.8666,"name":"images/EF/240_S1_blood1/240_S1_blood1_00018"},{"time":1.9,"name":null}],"color":[{"time":0.7333,"color":"ffffff00"},{"time":0.8666,"color":"ffffffff"},{"time":0.9333,"color":"ffffff00","curve":"stepped"},{"time":1.0333,"color":"ffffffff","curve":"stepped"},{"time":1.1333,"color":"ffffffff"},{"time":1.1666,"color":"ffffff00","curve":"stepped"},{"time":1.2666,"color":"ffffffff"}]},"images/EF/240_S1_blood1/240_S1_blood1_0":{"attachment":[{"time":0.7333,"name":"images/EF/240_S1_blood1/240_S1_blood1_00006"},{"time":0.7666,"name":"images/EF/240_S1_blood1/240_S1_blood1_00008"},{"time":0.8,"name":"images/EF/240_S1_blood1/240_S1_blood1_00010"},{"time":0.8333,"name":"images/EF/240_S1_blood1/240_S1_blood1_00012"},{"time":0.8666,"name":"images/EF/240_S1_blood1/240_S1_blood1_00014"},{"time":0.9,"name":"images/EF/240_S1_blood1/240_S1_blood1_00016"},{"time":0.9333,"name":"images/EF/240_S1_blood1/240_S1_blood1_00018"},{"time":1.0333,"name":"images/EF/240_S1_blood1/240_S1_blood1_00010"},{"time":1.0666,"name":"images/EF/240_S1_blood1/240_S1_blood1_00012"},{"time":1.1,"name":"images/EF/240_S1_blood1/240_S1_blood1_00014"},{"time":1.1333,"name":"images/EF/240_S1_blood1/240_S1_blood1_00016"},{"time":1.1666,"name":"images/EF/240_S1_blood1/240_S1_blood1_00018"},{"time":1.2666,"name":"images/EF/240_S1_blood1/240_S1_blood1_00000"},{"time":1.3,"name":"images/EF/240_S1_blood1/240_S1_blood1_00001"},{"time":1.3333,"name":"images/EF/240_S1_blood1/240_S1_blood1_00002"},{"time":1.3666,"name":"images/EF/240_S1_blood1/240_S1_blood1_00003"},{"time":1.4,"name":"images/EF/240_S1_blood1/240_S1_blood1_00004"},{"time":1.4333,"name":"images/EF/240_S1_blood1/240_S1_blood1_00005"},{"time":1.4666,"name":"images/EF/240_S1_blood1/240_S1_blood1_00006"},{"time":1.5,"name":"images/EF/240_S1_blood1/240_S1_blood1_00007"},{"time":1.5333,"name":"images/EF/240_S1_blood1/240_S1_blood1_00008"},{"time":1.5666,"name":"images/EF/240_S1_blood1/240_S1_blood1_00009"},{"time":1.6,"name":"images/EF/240_S1_blood1/240_S1_blood1_00010"},{"time":1.6333,"name":"images/EF/240_S1_blood1/240_S1_blood1_00011"},{"time":1.6666,"name":"images/EF/240_S1_blood1/240_S1_blood1_00012"},{"time":1.7,"name":"images/EF/240_S1_blood1/240_S1_blood1_00013"},{"time":1.7333,"name":"images/EF/240_S1_blood1/240_S1_blood1_00014"},{"time":1.7666,"name":"images/EF/240_S1_blood1/240_S1_blood1_00015"},{"time":1.8,"name":"images/EF/240_S1_blood1/240_S1_blood1_00016"},{"time":1.8333,"name":"images/EF/240_S1_blood1/240_S1_blood1_00017"},{"time":1.8666,"name":"images/EF/240_S1_blood1/240_S1_blood1_00018"},{"time":1.9,"name":null}],"color":[{"time":0.7333,"color":"ffffff00"},{"time":0.8666,"color":"ffffffff"},{"time":0.9333,"color":"ffffff00","curve":"stepped"},{"time":1.0333,"color":"ffffffff","curve":"stepped"},{"time":1.1333,"color":"ffffffff"},{"time":1.1666,"color":"ffffff00","curve":"stepped"},{"time":1.2666,"color":"ffffffff"}]},"images/EF/240_S1_blood2/240_S1_blood2_00000":{"attachment":[{"time":0,"name":null},{"time":0.8666,"name":"images/EF/240_S1_blood2/240_S1_blood2_00000"},{"time":0.9,"name":"images/EF/240_S1_blood2/240_S1_blood2_00002"},{"time":0.9333,"name":"images/EF/240_S1_blood2/240_S1_blood2_00004"},{"time":0.9666,"name":"images/EF/240_S1_blood2/240_S1_blood2_00006"},{"time":1,"name":"images/EF/240_S1_blood2/240_S1_blood2_00008"},{"time":1.0333,"name":null},{"time":1.1,"name":"images/EF/240_S1_blood2/240_S1_blood2_00000"},{"time":1.1333,"name":"images/EF/240_S1_blood2/240_S1_blood2_00002"},{"time":1.1666,"name":"images/EF/240_S1_blood2/240_S1_blood2_00004"},{"time":1.2,"name":"images/EF/240_S1_blood2/240_S1_blood2_00006"},{"time":1.2333,"name":"images/EF/240_S1_blood2/240_S1_blood2_00008"},{"time":1.2666,"name":null},{"time":1.7,"name":"images/EF/240_S1_blood2/240_S1_blood2_00000"},{"time":1.7333,"name":"images/EF/240_S1_blood2/240_S1_blood2_00001"},{"time":1.7666,"name":"images/EF/240_S1_blood2/240_S1_blood2_00002"},{"time":1.8,"name":"images/EF/240_S1_blood2/240_S1_blood2_00003"},{"time":1.8333,"name":"images/EF/240_S1_blood2/240_S1_blood2_00004"},{"time":1.8666,"name":"images/EF/240_S1_blood2/240_S1_blood2_00005"},{"time":1.9,"name":"images/EF/240_S1_blood2/240_S1_blood2_00006"},{"time":1.9333,"name":"images/EF/240_S1_blood2/240_S1_blood2_00007"},{"time":1.9666,"name":"images/EF/240_S1_blood2/240_S1_blood2_00008"},{"time":2,"name":null}],"color":[{"time":1.1666,"color":"ffffffff"},{"time":1.2666,"color":"ffffff00","curve":"stepped"},{"time":1.7,"color":"ffffff00","curve":[0.066,0.92,0.75,1]},{"time":1.8666,"color":"ffffffff"},{"time":2,"color":"ffffff00"}]},"images/EF/240_S1_blood3/240_S1_blood3_00000":{"attachment":[{"time":1.7,"name":"images/EF/240_S1_blood3/240_S1_blood3_00000"},{"time":1.7333,"name":"images/EF/240_S1_blood3/240_S1_blood3_00001"},{"time":1.7666,"name":"images/EF/240_S1_blood3/240_S1_blood3_00002"},{"time":1.8,"name":"images/EF/240_S1_blood3/240_S1_blood3_00003"},{"time":1.8333,"name":"images/EF/240_S1_blood3/240_S1_blood3_00004"},{"time":1.8666,"name":"images/EF/240_S1_blood3/240_S1_blood3_00005"},{"time":1.9,"name":"images/EF/240_S1_blood3/240_S1_blood3_00006"},{"time":1.9333,"name":"images/EF/240_S1_blood3/240_S1_blood3_00007"},{"time":1.9666,"name":"images/EF/240_S1_blood3/240_S1_blood3_00008"},{"time":2,"name":"images/EF/240_S1_blood3/240_S1_blood3_00009"},{"time":2.0333,"name":"images/EF/240_S1_blood3/240_S1_blood3_00010"},{"time":2.0666,"name":"images/EF/240_S1_blood3/240_S1_blood3_00011"},{"time":2.1,"name":"images/EF/240_S1_blood3/240_S1_blood3_00012"},{"time":2.1333,"name":"images/EF/240_S1_blood3/240_S1_blood3_00013"},{"time":2.1666,"name":null}],"color":[{"time":1.9666,"color":"ffffffff"},{"time":2.1333,"color":"ffffff00"}]},"images/EF/240_S1_blood4/240_S1_blood4_00000":{"attachment":[{"time":0.8666,"name":"images/EF/240_S1_blood4/240_S1_blood4_00000"},{"time":1.1,"name":"images/EF/240_S1_blood4/240_S1_blood4_00000"},{"time":1.7,"name":"images/EF/240_S1_blood4/240_S1_blood4_00000"}],"color":[{"time":0.9,"color":"ffffffff"},{"time":0.9666,"color":"ffffff00","curve":"stepped"},{"time":1.1,"color":"ffffffff"},{"time":1.2,"color":"ffffff00","curve":"stepped"},{"time":1.7,"color":"ffffffff","curve":"stepped"},{"time":1.8,"color":"ffffffff"},{"time":1.8666,"color":"ffffff00"}]}},"bones":{"S1_blood1":{"translate":[{"time":0.7333,"x":0,"y":50.56},{"time":0.8,"x":0,"y":13.79},{"time":0.9333,"x":0,"y":67.77,"curve":"stepped"},{"time":1.0333,"x":0,"y":-3.37},{"time":1.1666,"x":0,"y":53.99,"curve":"stepped"},{"time":1.2666,"x":0,"y":80.45,"curve":[0.175,0.41,0.75,1]},{"time":1.4666,"x":0,"y":-23,"curve":[0.953,-0.33,1,0.87]},{"time":1.7,"x":10,"y":78.45}],"scale":[{"time":0.7333,"x":1,"y":0.8,"curve":"stepped"},{"time":1.0333,"x":1.6,"y":1,"curve":"stepped"},{"time":1.2666,"x":2.3,"y":2.3}]},"S1_blood2":{"translate":[{"time":0.8666,"x":-356.36,"y":74.68,"curve":"stepped"},{"time":1.1,"x":-377.8,"y":67.36,"curve":"stepped"},{"time":1.7,"x":-429.59,"y":77.68}],"scale":[{"time":0.8666,"x":1.6,"y":1.6,"curve":"stepped"},{"time":1.1,"x":2,"y":1.8,"curve":"stepped"},{"time":1.7,"x":4.061,"y":4.061},{"time":1.7666,"x":4.5,"y":4.5}]},"S1_blood1_2":{"translate":[{"time":0.7333,"x":0,"y":-48.99},{"time":0.8,"x":0,"y":-15.76},{"time":0.9333,"x":0,"y":-69.56,"curve":"stepped"},{"time":1.0333,"x":0,"y":-2.41},{"time":1.1666,"x":0,"y":-91.83,"curve":"stepped"},{"time":1.2666,"x":0,"y":-54.16,"curve":[0.175,0.41,0.75,1]},{"time":1.4666,"x":0,"y":29.29,"curve":[0.953,-0.33,1,0.87]},{"time":1.7,"x":10,"y":-97.46}],"scale":[{"time":0.7333,"x":1,"y":0.8,"curve":"stepped"},{"time":1.0333,"x":1.6,"y":1,"curve":"stepped"},{"time":1.2666,"x":2.3,"y":2.3}]},"S1_blood":{"translate":[{"time":0.7333,"x":-306.28,"y":-1.59,"curve":"stepped"},{"time":1.0333,"x":-328.18,"y":-1.59,"curve":"stepped"},{"time":1.2666,"x":-379.58,"y":-1.59}]},"S1_blood4":{"translate":[{"time":0.8666,"x":-456.16,"y":74.46,"curve":"stepped"},{"time":1.1,"x":-478.24,"y":67.41,"curve":"stepped"},{"time":1.7,"x":-529.58,"y":78.26}],"scale":[{"time":0.8666,"x":1.2,"y":1.2},{"time":0.9666,"x":0.465,"y":0.25,"curve":"stepped"},{"time":1.1,"x":1.5,"y":1.5},{"time":1.2,"x":0.476,"y":0.25,"curve":"stepped"},{"time":1.7,"x":2.5,"y":2.5},{"time":1.8666,"x":0.367,"y":0.138}]},"S1_blood3":{"translate":[{"time":1.7,"x":-479.59,"y":76.58}],"scale":[{"time":1.7,"x":1.5,"y":1.5},{"time":1.9,"x":2.5,"y":2.5}]}}},"1-skill2":{},"2-attack1":{},"2-skill1":{"slots":{"images/EF/240_S1_blood1/240_S1_blood1_00000":{"attachment":[{"time":0,"name":null},{"time":0.7333,"name":"images/EF/240_S1_blood1/240_S1_blood1_00006"},{"time":0.7666,"name":"images/EF/240_S1_blood1/240_S1_blood1_00008"},{"time":0.8,"name":"images/EF/240_S1_blood1/240_S1_blood1_00010"},{"time":0.8333,"name":"images/EF/240_S1_blood1/240_S1_blood1_00012"},{"time":0.8666,"name":"images/EF/240_S1_blood1/240_S1_blood1_00014"},{"time":0.9,"name":"images/EF/240_S1_blood1/240_S1_blood1_00016"},{"time":0.9333,"name":"images/EF/240_S1_blood1/240_S1_blood1_00018"},{"time":1.0333,"name":"images/EF/240_S1_blood1/240_S1_blood1_00010"},{"time":1.0666,"name":"images/EF/240_S1_blood1/240_S1_blood1_00012"},{"time":1.1,"name":"images/EF/240_S1_blood1/240_S1_blood1_00014"},{"time":1.1333,"name":"images/EF/240_S1_blood1/240_S1_blood1_00016"},{"time":1.1666,"name":"images/EF/240_S1_blood1/240_S1_blood1_00018"},{"time":1.2666,"name":"images/EF/240_S1_blood1/240_S1_blood1_00000"},{"time":1.3,"name":"images/EF/240_S1_blood1/240_S1_blood1_00001"},{"time":1.3333,"name":"images/EF/240_S1_blood1/240_S1_blood1_00002"},{"time":1.3666,"name":"images/EF/240_S1_blood1/240_S1_blood1_00003"},{"time":1.4,"name":"images/EF/240_S1_blood1/240_S1_blood1_00004"},{"time":1.4333,"name":"images/EF/240_S1_blood1/240_S1_blood1_00005"},{"time":1.4666,"name":"images/EF/240_S1_blood1/240_S1_blood1_00006"},{"time":1.5,"name":"images/EF/240_S1_blood1/240_S1_blood1_00007"},{"time":1.5333,"name":"images/EF/240_S1_blood1/240_S1_blood1_00008"},{"time":1.5666,"name":"images/EF/240_S1_blood1/240_S1_blood1_00009"},{"time":1.6,"name":"images/EF/240_S1_blood1/240_S1_blood1_00010"},{"time":1.6333,"name":"images/EF/240_S1_blood1/240_S1_blood1_00011"},{"time":1.6666,"name":"images/EF/240_S1_blood1/240_S1_blood1_00012"},{"time":1.7,"name":"images/EF/240_S1_blood1/240_S1_blood1_00013"},{"time":1.7333,"name":"images/EF/240_S1_blood1/240_S1_blood1_00014"},{"time":1.7666,"name":"images/EF/240_S1_blood1/240_S1_blood1_00015"},{"time":1.8,"name":"images/EF/240_S1_blood1/240_S1_blood1_00016"},{"time":1.8333,"name":"images/EF/240_S1_blood1/240_S1_blood1_00017"},{"time":1.8666,"name":"images/EF/240_S1_blood1/240_S1_blood1_00018"},{"time":1.9,"name":null}],"color":[{"time":0.7333,"color":"ffffff00"},{"time":0.8666,"color":"ffffffff"},{"time":0.9333,"color":"ffffff00","curve":"stepped"},{"time":1.0333,"color":"ffffffff","curve":"stepped"},{"time":1.1333,"color":"ffffffff"},{"time":1.1666,"color":"ffffff00","curve":"stepped"},{"time":1.2666,"color":"ffffffff"}]},"images/EF/240_S1_blood1/240_S1_blood1_0":{"attachment":[{"time":0,"name":null},{"time":0.7333,"name":"images/EF/240_S1_blood1/240_S1_blood1_00006"},{"time":0.7666,"name":"images/EF/240_S1_blood1/240_S1_blood1_00008"},{"time":0.8,"name":"images/EF/240_S1_blood1/240_S1_blood1_00010"},{"time":0.8333,"name":"images/EF/240_S1_blood1/240_S1_blood1_00012"},{"time":0.8666,"name":"images/EF/240_S1_blood1/240_S1_blood1_00014"},{"time":0.9,"name":"images/EF/240_S1_blood1/240_S1_blood1_00016"},{"time":0.9333,"name":"images/EF/240_S1_blood1/240_S1_blood1_00018"},{"time":1.0333,"name":"images/EF/240_S1_blood1/240_S1_blood1_00010"},{"time":1.0666,"name":"images/EF/240_S1_blood1/240_S1_blood1_00012"},{"time":1.1,"name":"images/EF/240_S1_blood1/240_S1_blood1_00014"},{"time":1.1333,"name":"images/EF/240_S1_blood1/240_S1_blood1_00016"},{"time":1.1666,"name":"images/EF/240_S1_blood1/240_S1_blood1_00018"},{"time":1.2666,"name":"images/EF/240_S1_blood1/240_S1_blood1_00000"},{"time":1.3,"name":"images/EF/240_S1_blood1/240_S1_blood1_00001"},{"time":1.3333,"name":"images/EF/240_S1_blood1/240_S1_blood1_00002"},{"time":1.3666,"name":"images/EF/240_S1_blood1/240_S1_blood1_00003"},{"time":1.4,"name":"images/EF/240_S1_blood1/240_S1_blood1_00004"},{"time":1.4333,"name":"images/EF/240_S1_blood1/240_S1_blood1_00005"},{"time":1.4666,"name":"images/EF/240_S1_blood1/240_S1_blood1_00006"},{"time":1.5,"name":"images/EF/240_S1_blood1/240_S1_blood1_00007"},{"time":1.5333,"name":"images/EF/240_S1_blood1/240_S1_blood1_00008"},{"time":1.5666,"name":"images/EF/240_S1_blood1/240_S1_blood1_00009"},{"time":1.6,"name":"images/EF/240_S1_blood1/240_S1_blood1_00010"},{"time":1.6333,"name":"images/EF/240_S1_blood1/240_S1_blood1_00011"},{"time":1.6666,"name":"images/EF/240_S1_blood1/240_S1_blood1_00012"},{"time":1.7,"name":"images/EF/240_S1_blood1/240_S1_blood1_00013"},{"time":1.7333,"name":"images/EF/240_S1_blood1/240_S1_blood1_00014"},{"time":1.7666,"name":"images/EF/240_S1_blood1/240_S1_blood1_00015"},{"time":1.8,"name":"images/EF/240_S1_blood1/240_S1_blood1_00016"},{"time":1.8333,"name":"images/EF/240_S1_blood1/240_S1_blood1_00017"},{"time":1.8666,"name":"images/EF/240_S1_blood1/240_S1_blood1_00018"},{"time":1.9,"name":null}],"color":[{"time":0.7333,"color":"ffffff00"},{"time":0.8666,"color":"ffffffff"},{"time":0.9333,"color":"ffffff00","curve":"stepped"},{"time":1.0333,"color":"ffffffff","curve":"stepped"},{"time":1.1333,"color":"ffffffff"},{"time":1.1666,"color":"ffffff00","curve":"stepped"},{"time":1.2666,"color":"ffffffff"}]},"images/EF/240_S1_blood2/240_S1_blood2_00000":{"attachment":[{"time":0,"name":null},{"time":0.8666,"name":"images/EF/240_S1_blood2/240_S1_blood2_00000"},{"time":0.9,"name":"images/EF/240_S1_blood2/240_S1_blood2_00002"},{"time":0.9333,"name":"images/EF/240_S1_blood2/240_S1_blood2_00004"},{"time":0.9666,"name":"images/EF/240_S1_blood2/240_S1_blood2_00006"},{"time":1,"name":"images/EF/240_S1_blood2/240_S1_blood2_00008"},{"time":1.0333,"name":null},{"time":1.1,"name":"images/EF/240_S1_blood2/240_S1_blood2_00000"},{"time":1.1333,"name":"images/EF/240_S1_blood2/240_S1_blood2_00002"},{"time":1.1666,"name":"images/EF/240_S1_blood2/240_S1_blood2_00004"},{"time":1.2,"name":"images/EF/240_S1_blood2/240_S1_blood2_00006"},{"time":1.2333,"name":"images/EF/240_S1_blood2/240_S1_blood2_00008"},{"time":1.2666,"name":null},{"time":1.7,"name":"images/EF/240_S1_blood2/240_S1_blood2_00000"},{"time":1.7333,"name":"images/EF/240_S1_blood2/240_S1_blood2_00001"},{"time":1.7666,"name":"images/EF/240_S1_blood2/240_S1_blood2_00002"},{"time":1.8,"name":"images/EF/240_S1_blood2/240_S1_blood2_00003"},{"time":1.8333,"name":"images/EF/240_S1_blood2/240_S1_blood2_00004"},{"time":1.8666,"name":"images/EF/240_S1_blood2/240_S1_blood2_00005"},{"time":1.9,"name":"images/EF/240_S1_blood2/240_S1_blood2_00006"},{"time":1.9333,"name":"images/EF/240_S1_blood2/240_S1_blood2_00007"},{"time":1.9666,"name":"images/EF/240_S1_blood2/240_S1_blood2_00008"},{"time":2,"name":null}],"color":[{"time":1.1666,"color":"ffffffff"},{"time":1.2666,"color":"ffffff00","curve":"stepped"},{"time":1.7,"color":"ffffff00","curve":[0.066,0.92,0.75,1]},{"time":1.8666,"color":"ffffffff"},{"time":2,"color":"ffffff00"}]},"images/EF/240_S1_blood3/240_S1_blood3_00000":{"attachment":[{"time":1.7,"name":"images/EF/240_S1_blood3/240_S1_blood3_00000"},{"time":1.7333,"name":"images/EF/240_S1_blood3/240_S1_blood3_00001"},{"time":1.7666,"name":"images/EF/240_S1_blood3/240_S1_blood3_00002"},{"time":1.8,"name":"images/EF/240_S1_blood3/240_S1_blood3_00003"},{"time":1.8333,"name":"images/EF/240_S1_blood3/240_S1_blood3_00004"},{"time":1.8666,"name":"images/EF/240_S1_blood3/240_S1_blood3_00005"},{"time":1.9,"name":"images/EF/240_S1_blood3/240_S1_blood3_00006"},{"time":1.9333,"name":"images/EF/240_S1_blood3/240_S1_blood3_00007"},{"time":1.9666,"name":"images/EF/240_S1_blood3/240_S1_blood3_00008"},{"time":2,"name":"images/EF/240_S1_blood3/240_S1_blood3_00009"},{"time":2.0333,"name":"images/EF/240_S1_blood3/240_S1_blood3_00010"},{"time":2.0666,"name":"images/EF/240_S1_blood3/240_S1_blood3_00011"},{"time":2.1,"name":"images/EF/240_S1_blood3/240_S1_blood3_00012"},{"time":2.1333,"name":"images/EF/240_S1_blood3/240_S1_blood3_00013"},{"time":2.1666,"name":null}],"color":[{"time":1.9666,"color":"ffffffff"},{"time":2.1333,"color":"ffffff00"}]},"images/EF/240_S1_blood4/240_S1_blood4_00000":{"attachment":[{"time":0,"name":null},{"time":0.8666,"name":"images/EF/240_S1_blood4/240_S1_blood4_00000"},{"time":1.1,"name":"images/EF/240_S1_blood4/240_S1_blood4_00000"},{"time":1.7,"name":"images/EF/240_S1_blood4/240_S1_blood4_00000"}],"color":[{"time":0.9,"color":"ffffffff"},{"time":0.9666,"color":"ffffff00","curve":"stepped"},{"time":1.1,"color":"ffffffff"},{"time":1.2,"color":"ffffff00","curve":"stepped"},{"time":1.7,"color":"ffffffff","curve":"stepped"},{"time":1.8,"color":"ffffffff"},{"time":1.8666,"color":"ffffff00"}]}},"bones":{"S1_blood1":{"translate":[{"time":0,"x":0,"y":40.78},{"time":0.7333,"x":0,"y":50.56},{"time":0.8,"x":0,"y":13.79},{"time":0.9333,"x":0,"y":67.77,"curve":"stepped"},{"time":1.0333,"x":0,"y":-3.37},{"time":1.1666,"x":0,"y":53.99,"curve":"stepped"},{"time":1.2666,"x":0,"y":80.45,"curve":[0.175,0.41,0.75,1]},{"time":1.4666,"x":0,"y":-23,"curve":[0.953,-0.33,1,0.87]},{"time":1.7,"x":0,"y":78.45}],"scale":[{"time":0,"x":1.4,"y":1.2,"curve":"stepped"},{"time":0.7333,"x":1.4,"y":1.2,"curve":"stepped"},{"time":1.0333,"x":2,"y":1.4,"curve":"stepped"},{"time":1.2666,"x":3,"y":3}]},"S1_blood2":{"translate":[{"time":0,"x":-356.36,"y":74.68,"curve":"stepped"},{"time":0.8666,"x":-356.36,"y":74.68,"curve":"stepped"},{"time":1.1,"x":-377.8,"y":67.36,"curve":"stepped"},{"time":1.7,"x":-429.59,"y":77.68}],"scale":[{"time":0,"x":2.065,"y":2.065,"curve":"stepped"},{"time":0.8666,"x":2.065,"y":2.065,"curve":"stepped"},{"time":1.1,"x":2.637,"y":2.425,"curve":"stepped"},{"time":1.7,"x":4.528,"y":4.528},{"time":1.7666,"x":5.001,"y":5.001}]},"S1_blood1_2":{"translate":[{"time":0,"x":0,"y":-42.66},{"time":0.7333,"x":0,"y":-48.99},{"time":0.8,"x":0,"y":-15.76},{"time":0.9333,"x":0,"y":-69.56,"curve":"stepped"},{"time":1.0333,"x":0,"y":-2.41},{"time":1.1666,"x":0,"y":-91.83,"curve":"stepped"},{"time":1.2666,"x":0,"y":-54.16,"curve":[0.175,0.41,0.75,1]},{"time":1.4666,"x":0,"y":29.29,"curve":[0.953,-0.33,1,0.87]},{"time":1.7,"x":0,"y":-97.46}],"scale":[{"time":0,"x":1.4,"y":1.2,"curve":"stepped"},{"time":0.7333,"x":1.4,"y":1.2,"curve":"stepped"},{"time":1.0333,"x":2,"y":1.4,"curve":"stepped"},{"time":1.2666,"x":3,"y":3}]},"S1_blood":{"translate":[{"time":0,"x":-306.28,"y":-1.59,"curve":"stepped"},{"time":0.7333,"x":-306.28,"y":-1.59,"curve":"stepped"},{"time":1.0333,"x":-328.18,"y":-1.59,"curve":"stepped"},{"time":1.2666,"x":-379.58,"y":-1.59}]},"S1_blood4":{"translate":[{"time":0,"x":-456.16,"y":74.46,"curve":"stepped"},{"time":0.8666,"x":-456.16,"y":74.46,"curve":"stepped"},{"time":1.1,"x":-478.24,"y":67.41,"curve":"stepped"},{"time":1.7,"x":-529.58,"y":78.26}],"scale":[{"time":0,"x":1.606,"y":1.606,"curve":"stepped"},{"time":0.8666,"x":1.606,"y":1.606},{"time":0.9666,"x":0.465,"y":0.25,"curve":"stepped"},{"time":1.1,"x":1.896,"y":1.896},{"time":1.2,"x":0.476,"y":0.25,"curve":"stepped"},{"time":1.7,"x":3.195,"y":3.195},{"time":1.8666,"x":0.367,"y":0.138}]},"S1_blood3":{"translate":[{"time":1.7,"x":-479.59,"y":76.58}],"scale":[{"time":1.7,"x":2,"y":2},{"time":1.9,"x":2.972,"y":2.972}]}}},"2-skill2":{},"empty":{}}}