{"skeleton":{"hash":"t8cJk7i6xAIacxjI9eERugSfZFI","spine":"3.0.12","width":0,"height":0},"bones":[{"name":"root"},{"name":"rock_3","parent":"root","x":100,"y":-300},{"name":"rock_2","parent":"root","x":100,"y":-300},{"name":"rock_1","parent":"root","x":100,"y":-300},{"name":"line_main_6","parent":"root","x":200,"y":-400},{"name":"line_main_5","parent":"root","x":200,"y":-400},{"name":"line_main_4","parent":"root","x":200,"y":-400},{"name":"line_main_3","parent":"root","x":200,"y":-400},{"name":"line_main_2","parent":"root","x":200,"y":-400},{"name":"line_main_1","parent":"root","x":200,"y":-400},{"name":"graund_rock","parent":"root","x":300,"y":-200},{"name":"graund_earth_4","parent":"graund_rock","y":-100},{"name":"graund_earth_3","parent":"graund_rock","y":-100},{"name":"graund_earth_2","parent":"graund_rock","y":-100},{"name":"graund_earth_1","parent":"graund_rock","y":-100},{"name":"ex1_2","parent":"root","x":200,"y":-300},{"name":"ex1_1","parent":"root","x":200,"y":-300},{"name":"EX_smoke","parent":"root","x":500,"y":-200},{"name":"shock_wave1_1","parent":"root","x":500,"y":-100},{"name":"shock_wave2_1","parent":"root","x":500,"y":-300},{"name":"shock_wave2_2","parent":"root","x":500,"y":-300},{"name":"shock_wave2_3","parent":"root","x":500,"y":-300},{"name":"shock_wave2_4","parent":"root","x":500,"y":-300},{"name":"shock_wave2_5","parent":"root","x":500,"y":-300},{"name":"shock_wave2_6","parent":"root","x":500,"y":-300},{"name":"shock_wave2_7","parent":"root","x":500,"y":-300},{"name":"slash_A","parent":"root","x":200,"y":-200},{"name":"slash_E_1","parent":"root","x":400,"y":-100},{"name":"slash_E_2","parent":"root","x":400,"y":-100},{"name":"slash_bolt1_1","parent":"root","x":200,"y":-100},{"name":"slash_bolt2_1","parent":"root","x":300,"y":-400},{"name":"tuti_main_1","parent":"root","x":100,"y":-100},{"name":"tuti_main_2","parent":"root","x":100,"y":-100},{"name":"tuti_main_3","parent":"root","x":100,"y":-100},{"name":"wind","parent":"root","x":300,"y":-100},{"name":"wind_slash_1","parent":"root","x":100,"y":-200},{"name":"wind_slash_2","parent":"root","x":100,"y":-200},{"name":"wind_slash_3","parent":"root","x":100,"y":-200}],"slots":[{"name":"5110_S1_ex1/5110_S1_ex1_00000","bone":"ex1_1","blend":"additive"},{"name":"5110_S1_ex1/5110_S1_ex1_0","bone":"ex1_2","blend":"additive"},{"name":"ef_EX_smoke_main/ef_EX_smoke_main_00002","bone":"EX_smoke","blend":"additive"},{"name":"ef_shock_wave_main/ef_shock_wave_main_00002","bone":"shock_wave2_1","blend":"additive"},{"name":"ef_shock_wave_main/ef_shock_wave_main_2","bone":"shock_wave2_2","blend":"additive"},{"name":"ef_shock_wave_main/ef_shock_wave_main_3","bone":"shock_wave2_3","blend":"additive"},{"name":"ef_shock_wave_main/ef_shock_wave_main_4","bone":"shock_wave2_4","blend":"additive"},{"name":"ef_shock_wave_main/ef_shock_wave_main_5","bone":"shock_wave2_5","blend":"additive"},{"name":"ef_shock_wave_main/ef_shock_wave_main_6","bone":"shock_wave2_6","blend":"additive"},{"name":"ef_shock_wave_main/ef_shock_wave_main_7","bone":"shock_wave2_7","blend":"additive"},{"name":"ef_shock_wave_main 2/ef_shock_wave_main 2_00002","bone":"shock_wave1_1","blend":"additive"},{"name":"ef_slash_A_main/ef_slash_A_main_00001","bone":"slash_A","blend":"additive"},{"name":"ef_rock_main/ef_rock_main_00002","bone":"rock_1"},{"name":"ef_rock_main/ef_rock_main_2","bone":"rock_2"},{"name":"ef_rock_main/ef_rock_main_3","bone":"rock_3"},{"name":"ef_graund_earth_main/ef_graund_earth_main_00002","bone":"graund_earth_1"},{"name":"ef_graund_earth_main/ef_graund_earth_main_2","bone":"graund_earth_2","blend":"additive"},{"name":"ef_graund_earth_main/ef_graund_earth_main_3","bone":"graund_earth_3","blend":"additive"},{"name":"ef_graund_earth_main/ef_graund_earth_main_4","bone":"graund_earth_4"},{"name":"ef_graund_rock_main/ef_graund_rock_main_00002","bone":"graund_rock"},{"name":"ef_slash_E_main/ef_slash_E_main_00001","bone":"slash_E_1","blend":"additive"},{"name":"ef_slash_E_main/ef_slash_E_main_1","bone":"slash_E_2","blend":"additive"},{"name":"ef_tuti_main/ef_tuti_main_3","bone":"tuti_main_2","blend":"additive"},{"name":"ef_tuti_main/ef_tuti_main_4","bone":"tuti_main_3","blend":"additive"},{"name":"ef_tuti_main/ef_tuti_main_00003","bone":"tuti_main_1","blend":"additive"},{"name":"ef_slash_bolt2_main/ef_slash_bolt_main_00001","bone":"slash_bolt2_1","blend":"additive"},{"name":"ef_slash_bolt2_main/ef_slash_bolt_main_00016","bone":"root"},{"name":"ef_slash_bolt2_main/ef_slash_bolt_main_00017","bone":"root"},{"name":"ef_slash_bolt2_main/ef_slash_bolt_main_00018","bone":"root"},{"name":"ef_slash_bolt2_main/ef_slash_bolt_main_00019","bone":"root"},{"name":"ef_slash_bolt2_main/ef_slash_bolt_main_00020","bone":"root"},{"name":"ef_line_main/ef_line_main_00001","bone":"line_main_1","blend":"additive"},{"name":"ef_line_main/ef_line_main_1","bone":"line_main_2","blend":"additive"},{"name":"ef_line_main/ef_line_main_2","bone":"line_main_3","blend":"additive"},{"name":"ef_line_main/ef_line_main_3","bone":"line_main_4","blend":"additive"},{"name":"ef_line_main/ef_line_main_4","bone":"line_main_5","blend":"additive"},{"name":"ef_line_main/ef_line_main_5","bone":"line_main_6","blend":"additive"},{"name":"ef_slash_bolt_main/ef_slash_bolt_main_00001","bone":"slash_bolt1_1","blend":"additive"},{"name":"ef_wind_main/ef_wind_main_00005","bone":"wind","blend":"additive"},{"name":"ef_wind_slash_main/ef_wind_slash_main_00003","bone":"wind_slash_1","blend":"additive"},{"name":"ef_wind_slash_main/ef_wind_slash_main_3","bone":"wind_slash_2","blend":"additive"},{"name":"ef_wind_slash_main/ef_wind_slash_main_4","bone":"wind_slash_3","blend":"additive"}],"skins":{"default":{"5110_S1_ex1/5110_S1_ex1_0":{"5110_S1_ex1/5110_S1_ex1_00000":{"x":-5.82,"y":38.2,"width":225,"height":225},"5110_S1_ex1/5110_S1_ex1_00001":{"x":-5.82,"y":38.2,"width":225,"height":225},"5110_S1_ex1/5110_S1_ex1_00002":{"x":-5.82,"y":38.2,"width":225,"height":225},"5110_S1_ex1/5110_S1_ex1_00003":{"x":-5.82,"y":38.2,"width":225,"height":225},"5110_S1_ex1/5110_S1_ex1_00004":{"x":-5.82,"y":38.2,"width":225,"height":225},"5110_S1_ex1/5110_S1_ex1_00005":{"x":-5.82,"y":38.2,"width":225,"height":225},"5110_S1_ex1/5110_S1_ex1_00006":{"x":-5.82,"y":38.2,"width":225,"height":225},"5110_S1_ex1/5110_S1_ex1_00007":{"x":-5.82,"y":38.2,"width":225,"height":225},"5110_S1_ex1/5110_S1_ex1_00008":{"x":-5.82,"y":38.2,"width":225,"height":225},"5110_S1_ex1/5110_S1_ex1_00009":{"x":-5.82,"y":38.2,"width":225,"height":225},"5110_S1_ex1/5110_S1_ex1_00010":{"x":-5.82,"y":38.2,"width":225,"height":225},"5110_S1_ex1/5110_S1_ex1_00011":{"x":-5.82,"y":38.2,"width":225,"height":225},"5110_S1_ex1/5110_S1_ex1_00012":{"x":-5.82,"y":38.2,"width":225,"height":225},"5110_S1_ex1/5110_S1_ex1_00013":{"x":-5.82,"y":38.2,"width":225,"height":225},"5110_S1_ex1/5110_S1_ex1_00014":{"x":-5.82,"y":38.2,"width":225,"height":225}},"5110_S1_ex1/5110_S1_ex1_00000":{"5110_S1_ex1/5110_S1_ex1_00000":{"x":-5.82,"y":38.2,"width":225,"height":225},"5110_S1_ex1/5110_S1_ex1_00001":{"x":-5.82,"y":38.2,"width":225,"height":225},"5110_S1_ex1/5110_S1_ex1_00002":{"x":-5.82,"y":38.2,"width":225,"height":225},"5110_S1_ex1/5110_S1_ex1_00003":{"x":-5.82,"y":38.2,"width":225,"height":225},"5110_S1_ex1/5110_S1_ex1_00004":{"x":-5.82,"y":38.2,"width":225,"height":225},"5110_S1_ex1/5110_S1_ex1_00005":{"x":-5.82,"y":38.2,"width":225,"height":225},"5110_S1_ex1/5110_S1_ex1_00006":{"x":-5.82,"y":38.2,"width":225,"height":225},"5110_S1_ex1/5110_S1_ex1_00007":{"x":-5.82,"y":38.2,"width":225,"height":225},"5110_S1_ex1/5110_S1_ex1_00008":{"x":-5.82,"y":38.2,"width":225,"height":225},"5110_S1_ex1/5110_S1_ex1_00009":{"x":-5.82,"y":38.2,"width":225,"height":225},"5110_S1_ex1/5110_S1_ex1_00010":{"x":-5.82,"y":38.2,"width":225,"height":225},"5110_S1_ex1/5110_S1_ex1_00011":{"x":-5.82,"y":38.2,"width":225,"height":225},"5110_S1_ex1/5110_S1_ex1_00012":{"x":-5.82,"y":38.2,"width":225,"height":225},"5110_S1_ex1/5110_S1_ex1_00013":{"x":-5.82,"y":38.2,"width":225,"height":225},"5110_S1_ex1/5110_S1_ex1_00014":{"x":-5.82,"y":38.2,"width":225,"height":225}},"ef_EX_smoke_main/ef_EX_smoke_main_00002":{"ef_EX_smoke_main/ef_EX_smoke_main_00010":{"y":-16.74,"width":300,"height":300},"ef_EX_smoke_main/ef_EX_smoke_main_00012":{"y":-16.74,"width":300,"height":300},"ef_EX_smoke_main/ef_EX_smoke_main_00013":{"y":-16.74,"width":300,"height":300},"ef_EX_smoke_main/ef_EX_smoke_main_00014":{"y":-16.74,"width":300,"height":300},"ef_EX_smoke_main/ef_EX_smoke_main_00015":{"y":-16.74,"width":300,"height":300},"ef_EX_smoke_main/ef_EX_smoke_main_00016":{"y":-16.74,"width":300,"height":300}},"ef_graund_earth_main/ef_graund_earth_main_00002":{"ef_graund_earth_main/ef_graund_earth_main_00002":{"x":-79.59,"y":51.72,"width":500,"height":400}},"ef_graund_earth_main/ef_graund_earth_main_2":{"ef_graund_earth_main/ef_graund_earth_main_00002":{"x":-79.59,"y":51.72,"width":500,"height":400}},"ef_graund_earth_main/ef_graund_earth_main_3":{"ef_graund_earth_main/ef_graund_earth_main_00002":{"x":-79.59,"y":51.72,"width":500,"height":400}},"ef_graund_earth_main/ef_graund_earth_main_4":{"ef_graund_earth_main/ef_graund_earth_main_00002":{"x":-79.59,"y":51.72,"width":500,"height":400}},"ef_graund_rock_main/ef_graund_rock_main_00002":{"ef_graund_rock_main/ef_graund_rock_main_00002":{"x":3.59,"y":31.19,"width":300,"height":240}},"ef_line_main/ef_line_main_00001":{"ef_line_main/ef_line_main_00001":{"x":96.36,"y":0.94,"width":300,"height":80},"ef_line_main/ef_line_main_00003":{"x":96.36,"y":0.94,"width":300,"height":80},"ef_line_main/ef_line_main_00005":{"x":96.36,"y":0.94,"width":300,"height":80},"ef_line_main/ef_line_main_00007":{"x":96.36,"y":0.94,"width":300,"height":80},"ef_line_main/ef_line_main_00009":{"x":96.36,"y":0.94,"width":300,"height":80},"ef_line_main/ef_line_main_00011":{"x":96.36,"y":0.94,"width":300,"height":80}},"ef_line_main/ef_line_main_1":{"ef_line_main/ef_line_main_00001":{"x":96.36,"y":0.94,"width":300,"height":80},"ef_line_main/ef_line_main_00003":{"x":96.36,"y":0.94,"width":300,"height":80},"ef_line_main/ef_line_main_00005":{"x":96.36,"y":0.94,"width":300,"height":80},"ef_line_main/ef_line_main_00007":{"x":96.36,"y":0.94,"width":300,"height":80},"ef_line_main/ef_line_main_00009":{"x":96.36,"y":0.94,"width":300,"height":80},"ef_line_main/ef_line_main_00011":{"x":96.36,"y":0.94,"width":300,"height":80}},"ef_line_main/ef_line_main_2":{"ef_line_main/ef_line_main_00001":{"x":96.36,"y":0.94,"width":300,"height":80},"ef_line_main/ef_line_main_00003":{"x":96.36,"y":0.94,"width":300,"height":80},"ef_line_main/ef_line_main_00005":{"x":96.36,"y":0.94,"width":300,"height":80},"ef_line_main/ef_line_main_00007":{"x":96.36,"y":0.94,"width":300,"height":80},"ef_line_main/ef_line_main_00009":{"x":96.36,"y":0.94,"width":300,"height":80},"ef_line_main/ef_line_main_00011":{"x":96.36,"y":0.94,"width":300,"height":80}},"ef_line_main/ef_line_main_3":{"ef_line_main/ef_line_main_00001":{"x":96.36,"y":0.94,"width":300,"height":80},"ef_line_main/ef_line_main_00003":{"x":96.36,"y":0.94,"width":300,"height":80},"ef_line_main/ef_line_main_00005":{"x":96.36,"y":0.94,"width":300,"height":80},"ef_line_main/ef_line_main_00007":{"x":96.36,"y":0.94,"width":300,"height":80},"ef_line_main/ef_line_main_00009":{"x":96.36,"y":0.94,"width":300,"height":80},"ef_line_main/ef_line_main_00011":{"x":96.36,"y":0.94,"width":300,"height":80}},"ef_line_main/ef_line_main_4":{"ef_line_main/ef_line_main_00001":{"x":96.36,"y":0.94,"width":300,"height":80},"ef_line_main/ef_line_main_00003":{"x":96.36,"y":0.94,"width":300,"height":80},"ef_line_main/ef_line_main_00005":{"x":96.36,"y":0.94,"width":300,"height":80},"ef_line_main/ef_line_main_00007":{"x":96.36,"y":0.94,"width":300,"height":80},"ef_line_main/ef_line_main_00009":{"x":96.36,"y":0.94,"width":300,"height":80},"ef_line_main/ef_line_main_00011":{"x":96.36,"y":0.94,"width":300,"height":80}},"ef_line_main/ef_line_main_5":{"ef_line_main/ef_line_main_00001":{"x":96.36,"y":0.94,"width":300,"height":80},"ef_line_main/ef_line_main_00003":{"x":96.36,"y":0.94,"width":300,"height":80},"ef_line_main/ef_line_main_00005":{"x":96.36,"y":0.94,"width":300,"height":80},"ef_line_main/ef_line_main_00007":{"x":96.36,"y":0.94,"width":300,"height":80},"ef_line_main/ef_line_main_00009":{"x":96.36,"y":0.94,"width":300,"height":80},"ef_line_main/ef_line_main_00011":{"x":96.36,"y":0.94,"width":300,"height":80}},"ef_rock_main/ef_rock_main_00002":{"ef_rock_main/ef_rock_main_00002":{"x":7.8,"y":58.79,"width":200,"height":160},"ef_rock_main/ef_rock_main_00004":{"x":7.8,"y":58.79,"width":200,"height":160},"ef_rock_main/ef_rock_main_00006":{"x":7.8,"y":58.79,"width":200,"height":160},"ef_rock_main/ef_rock_main_00008":{"x":7.8,"y":58.79,"width":200,"height":160},"ef_rock_main/ef_rock_main_00010":{"x":7.8,"y":58.79,"width":200,"height":160},"ef_rock_main/ef_rock_main_00012":{"x":7.8,"y":58.79,"width":200,"height":160},"ef_rock_main/ef_rock_main_00014":{"x":7.8,"y":58.79,"width":200,"height":160}},"ef_rock_main/ef_rock_main_2":{"ef_rock_main/ef_rock_main_00002":{"x":7.8,"y":58.79,"width":200,"height":160},"ef_rock_main/ef_rock_main_00004":{"x":7.8,"y":58.79,"width":200,"height":160},"ef_rock_main/ef_rock_main_00006":{"x":7.8,"y":58.79,"width":200,"height":160},"ef_rock_main/ef_rock_main_00008":{"x":7.8,"y":58.79,"width":200,"height":160},"ef_rock_main/ef_rock_main_00010":{"x":7.8,"y":58.79,"width":200,"height":160},"ef_rock_main/ef_rock_main_00012":{"x":7.8,"y":58.79,"width":200,"height":160},"ef_rock_main/ef_rock_main_00014":{"x":7.8,"y":58.79,"width":200,"height":160}},"ef_rock_main/ef_rock_main_3":{"ef_rock_main/ef_rock_main_00002":{"x":7.8,"y":58.79,"width":200,"height":160},"ef_rock_main/ef_rock_main_00004":{"x":7.8,"y":58.79,"width":200,"height":160},"ef_rock_main/ef_rock_main_00006":{"x":7.8,"y":58.79,"width":200,"height":160},"ef_rock_main/ef_rock_main_00008":{"x":7.8,"y":58.79,"width":200,"height":160},"ef_rock_main/ef_rock_main_00010":{"x":7.8,"y":58.79,"width":200,"height":160},"ef_rock_main/ef_rock_main_00012":{"x":7.8,"y":58.79,"width":200,"height":160},"ef_rock_main/ef_rock_main_00014":{"x":7.8,"y":58.79,"width":200,"height":160}},"ef_shock_wave_main 2/ef_shock_wave_main 2_00002":{"ef_shock_wave_main 2/ef_shock_wave_main 2_00002":{"x":-2.54,"y":76.18,"width":200,"height":133},"ef_shock_wave_main 2/ef_shock_wave_main 2_00004":{"x":-2.54,"y":76.18,"width":200,"height":133},"ef_shock_wave_main 2/ef_shock_wave_main 2_00006":{"x":-2.54,"y":76.18,"width":200,"height":133},"ef_shock_wave_main 2/ef_shock_wave_main 2_00008":{"x":-2.54,"y":76.18,"width":200,"height":133},"ef_shock_wave_main 2/ef_shock_wave_main 2_00010":{"x":-2.54,"y":76.18,"width":200,"height":133},"ef_shock_wave_main 2/ef_shock_wave_main 2_00012":{"x":-2.54,"y":76.18,"width":200,"height":133},"ef_shock_wave_main 2/ef_shock_wave_main 2_00014":{"x":-2.54,"y":76.18,"width":200,"height":133}},"ef_shock_wave_main/ef_shock_wave_main_00002":{"ef_shock_wave_main/ef_shock_wave_main_00002":{"x":-3.02,"y":94.57,"width":300,"height":300},"ef_shock_wave_main/ef_shock_wave_main_00004":{"x":-3.02,"y":94.57,"width":300,"height":300},"ef_shock_wave_main/ef_shock_wave_main_00006":{"x":-3.02,"y":94.57,"width":300,"height":300},"ef_shock_wave_main/ef_shock_wave_main_00008":{"x":-3.02,"y":94.57,"width":300,"height":300},"ef_shock_wave_main/ef_shock_wave_main_00010":{"x":-3.02,"y":94.57,"width":300,"height":300},"ef_shock_wave_main/ef_shock_wave_main_00012":{"x":-3.02,"y":94.57,"width":300,"height":300},"ef_shock_wave_main/ef_shock_wave_main_00014":{"x":-3.02,"y":94.57,"width":300,"height":300}},"ef_shock_wave_main/ef_shock_wave_main_2":{"ef_shock_wave_main/ef_shock_wave_main_00002":{"x":-3.02,"y":94.57,"width":300,"height":300},"ef_shock_wave_main/ef_shock_wave_main_00004":{"x":-3.02,"y":94.57,"width":300,"height":300},"ef_shock_wave_main/ef_shock_wave_main_00006":{"x":-3.02,"y":94.57,"width":300,"height":300},"ef_shock_wave_main/ef_shock_wave_main_00008":{"x":-3.02,"y":94.57,"width":300,"height":300},"ef_shock_wave_main/ef_shock_wave_main_00010":{"x":-3.02,"y":94.57,"width":300,"height":300},"ef_shock_wave_main/ef_shock_wave_main_00012":{"x":-3.02,"y":94.57,"width":300,"height":300},"ef_shock_wave_main/ef_shock_wave_main_00014":{"x":-3.02,"y":94.57,"width":300,"height":300}},"ef_shock_wave_main/ef_shock_wave_main_3":{"ef_shock_wave_main/ef_shock_wave_main_00002":{"x":-3.02,"y":94.57,"width":300,"height":300},"ef_shock_wave_main/ef_shock_wave_main_00004":{"x":-3.02,"y":94.57,"width":300,"height":300},"ef_shock_wave_main/ef_shock_wave_main_00006":{"x":-3.02,"y":94.57,"width":300,"height":300},"ef_shock_wave_main/ef_shock_wave_main_00008":{"x":-3.02,"y":94.57,"width":300,"height":300},"ef_shock_wave_main/ef_shock_wave_main_00010":{"x":-3.02,"y":94.57,"width":300,"height":300},"ef_shock_wave_main/ef_shock_wave_main_00012":{"x":-3.02,"y":94.57,"width":300,"height":300},"ef_shock_wave_main/ef_shock_wave_main_00014":{"x":-3.02,"y":94.57,"width":300,"height":300}},"ef_shock_wave_main/ef_shock_wave_main_4":{"ef_shock_wave_main/ef_shock_wave_main_00002":{"x":-3.02,"y":94.57,"width":300,"height":300},"ef_shock_wave_main/ef_shock_wave_main_00004":{"x":-3.02,"y":94.57,"width":300,"height":300},"ef_shock_wave_main/ef_shock_wave_main_00006":{"x":-3.02,"y":94.57,"width":300,"height":300},"ef_shock_wave_main/ef_shock_wave_main_00008":{"x":-3.02,"y":94.57,"width":300,"height":300},"ef_shock_wave_main/ef_shock_wave_main_00010":{"x":-3.02,"y":94.57,"width":300,"height":300},"ef_shock_wave_main/ef_shock_wave_main_00012":{"x":-3.02,"y":94.57,"width":300,"height":300},"ef_shock_wave_main/ef_shock_wave_main_00014":{"x":-3.02,"y":94.57,"width":300,"height":300}},"ef_shock_wave_main/ef_shock_wave_main_5":{"ef_shock_wave_main/ef_shock_wave_main_00002":{"x":-3.02,"y":94.57,"width":300,"height":300},"ef_shock_wave_main/ef_shock_wave_main_00004":{"x":-3.02,"y":94.57,"width":300,"height":300},"ef_shock_wave_main/ef_shock_wave_main_00006":{"x":-3.02,"y":94.57,"width":300,"height":300},"ef_shock_wave_main/ef_shock_wave_main_00008":{"x":-3.02,"y":94.57,"width":300,"height":300},"ef_shock_wave_main/ef_shock_wave_main_00010":{"x":-3.02,"y":94.57,"width":300,"height":300},"ef_shock_wave_main/ef_shock_wave_main_00012":{"x":-3.02,"y":94.57,"width":300,"height":300},"ef_shock_wave_main/ef_shock_wave_main_00014":{"x":-3.02,"y":94.57,"width":300,"height":300}},"ef_shock_wave_main/ef_shock_wave_main_6":{"ef_shock_wave_main/ef_shock_wave_main_00002":{"x":-3.02,"y":94.57,"width":300,"height":300},"ef_shock_wave_main/ef_shock_wave_main_00004":{"x":-3.02,"y":94.57,"width":300,"height":300},"ef_shock_wave_main/ef_shock_wave_main_00006":{"x":-3.02,"y":94.57,"width":300,"height":300},"ef_shock_wave_main/ef_shock_wave_main_00008":{"x":-3.02,"y":94.57,"width":300,"height":300},"ef_shock_wave_main/ef_shock_wave_main_00010":{"x":-3.02,"y":94.57,"width":300,"height":300},"ef_shock_wave_main/ef_shock_wave_main_00012":{"x":-3.02,"y":94.57,"width":300,"height":300},"ef_shock_wave_main/ef_shock_wave_main_00014":{"x":-3.02,"y":94.57,"width":300,"height":300}},"ef_shock_wave_main/ef_shock_wave_main_7":{"ef_shock_wave_main/ef_shock_wave_main_00002":{"x":-3.02,"y":94.57,"width":300,"height":300},"ef_shock_wave_main/ef_shock_wave_main_00004":{"x":-3.02,"y":94.57,"width":300,"height":300},"ef_shock_wave_main/ef_shock_wave_main_00006":{"x":-3.02,"y":94.57,"width":300,"height":300},"ef_shock_wave_main/ef_shock_wave_main_00008":{"x":-3.02,"y":94.57,"width":300,"height":300},"ef_shock_wave_main/ef_shock_wave_main_00010":{"x":-3.02,"y":94.57,"width":300,"height":300},"ef_shock_wave_main/ef_shock_wave_main_00012":{"x":-3.02,"y":94.57,"width":300,"height":300},"ef_shock_wave_main/ef_shock_wave_main_00014":{"x":-3.02,"y":94.57,"width":300,"height":300}},"ef_slash_A_main/ef_slash_A_main_00001":{"ef_slash_A_main/ef_slash_A_main_00001":{"x":-22.65,"y":-5.05,"width":250,"height":250},"ef_slash_A_main/ef_slash_A_main_00003":{"x":-22.65,"y":-5.05,"width":250,"height":250},"ef_slash_A_main/ef_slash_A_main_00005":{"x":-22.65,"y":-5.05,"width":250,"height":250},"ef_slash_A_main/ef_slash_A_main_00007":{"x":-22.65,"y":-5.05,"width":250,"height":250},"ef_slash_A_main/ef_slash_A_main_00009":{"x":-22.65,"y":-5.05,"width":250,"height":250}},"ef_slash_E_main/ef_slash_E_main_00001":{"ef_slash_E_main/ef_slash_E_main_00001":{"x":-12.48,"y":-6.22,"width":250,"height":250},"ef_slash_E_main/ef_slash_E_main_00002":{"x":-12.48,"y":-6.22,"width":250,"height":250},"ef_slash_E_main/ef_slash_E_main_00003":{"x":-12.48,"y":-6.22,"width":250,"height":250},"ef_slash_E_main/ef_slash_E_main_00004":{"x":-12.48,"y":-6.22,"width":250,"height":250},"ef_slash_E_main/ef_slash_E_main_00005":{"x":-12.48,"y":-6.22,"width":250,"height":250},"ef_slash_E_main/ef_slash_E_main_00006":{"x":-12.48,"y":-6.22,"width":250,"height":250},"ef_slash_E_main/ef_slash_E_main_00007":{"x":-12.48,"y":-6.22,"width":250,"height":250},"ef_slash_E_main/ef_slash_E_main_00008":{"x":-12.48,"y":-6.22,"width":250,"height":250},"ef_slash_E_main/ef_slash_E_main_00009":{"x":-12.48,"y":-6.22,"width":250,"height":250},"ef_slash_E_main/ef_slash_E_main_00010":{"x":-12.48,"y":-6.22,"width":250,"height":250}},"ef_slash_E_main/ef_slash_E_main_1":{"ef_slash_E_main/ef_slash_E_main_00001":{"x":-12.48,"y":-6.22,"width":250,"height":250},"ef_slash_E_main/ef_slash_E_main_00002":{"x":-12.48,"y":-6.22,"width":250,"height":250},"ef_slash_E_main/ef_slash_E_main_00003":{"x":-12.48,"y":-6.22,"width":250,"height":250},"ef_slash_E_main/ef_slash_E_main_00004":{"x":-12.48,"y":-6.22,"width":250,"height":250},"ef_slash_E_main/ef_slash_E_main_00005":{"x":-12.48,"y":-6.22,"width":250,"height":250},"ef_slash_E_main/ef_slash_E_main_00006":{"x":-12.48,"y":-6.22,"width":250,"height":250},"ef_slash_E_main/ef_slash_E_main_00007":{"x":-12.48,"y":-6.22,"width":250,"height":250},"ef_slash_E_main/ef_slash_E_main_00008":{"x":-12.48,"y":-6.22,"width":250,"height":250},"ef_slash_E_main/ef_slash_E_main_00009":{"x":-12.48,"y":-6.22,"width":250,"height":250},"ef_slash_E_main/ef_slash_E_main_00010":{"x":-12.48,"y":-6.22,"width":250,"height":250}},"ef_slash_bolt2_main/ef_slash_bolt_main_00001":{"ef_slash_bolt2_main/ef_slash_bolt_main_00001":{"x":101.27,"y":5.24,"width":210,"height":100},"ef_slash_bolt2_main/ef_slash_bolt_main_00002":{"x":101.27,"y":5.24,"width":210,"height":100},"ef_slash_bolt2_main/ef_slash_bolt_main_00003":{"x":101.27,"y":5.24,"width":210,"height":100},"ef_slash_bolt2_main/ef_slash_bolt_main_00004":{"x":101.27,"y":5.24,"width":210,"height":100},"ef_slash_bolt2_main/ef_slash_bolt_main_00005":{"x":101.27,"y":5.24,"width":210,"height":100},"ef_slash_bolt2_main/ef_slash_bolt_main_00006":{"x":101.27,"y":5.24,"width":210,"height":100},"ef_slash_bolt2_main/ef_slash_bolt_main_00007":{"x":101.27,"y":5.24,"width":210,"height":100},"ef_slash_bolt2_main/ef_slash_bolt_main_00008":{"x":101.27,"y":5.24,"width":210,"height":100},"ef_slash_bolt2_main/ef_slash_bolt_main_00009":{"x":101.27,"y":5.24,"width":210,"height":100},"ef_slash_bolt2_main/ef_slash_bolt_main_00010":{"x":101.27,"y":5.24,"width":210,"height":100},"ef_slash_bolt2_main/ef_slash_bolt_main_00011":{"x":101.27,"y":5.24,"width":210,"height":100},"ef_slash_bolt2_main/ef_slash_bolt_main_00012":{"x":101.27,"y":5.24,"width":210,"height":100},"ef_slash_bolt2_main/ef_slash_bolt_main_00013":{"x":101.27,"y":5.24,"width":210,"height":100},"ef_slash_bolt2_main/ef_slash_bolt_main_00014":{"x":101.27,"y":5.24,"width":210,"height":100},"ef_slash_bolt2_main/ef_slash_bolt_main_00015":{"x":101.27,"y":5.24,"width":210,"height":100},"ef_slash_bolt2_main/ef_slash_bolt_main_00016":{"x":101.27,"y":5.24,"width":210,"height":100},"ef_slash_bolt2_main/ef_slash_bolt_main_00017":{"x":101.27,"y":5.24,"width":210,"height":100},"ef_slash_bolt2_main/ef_slash_bolt_main_00018":{"x":101.27,"y":5.24,"width":210,"height":100},"ef_slash_bolt2_main/ef_slash_bolt_main_00019":{"x":101.27,"y":5.24,"width":210,"height":100},"ef_slash_bolt2_main/ef_slash_bolt_main_00020":{"x":101.27,"y":5.24,"width":210,"height":100}},"ef_slash_bolt_main/ef_slash_bolt_main_00001":{"ef_slash_bolt_main/ef_slash_bolt_main_00001":{"x":0.27,"y":-77.97,"width":100,"height":250},"ef_slash_bolt_main/ef_slash_bolt_main_00002":{"x":0.27,"y":-77.97,"width":100,"height":250},"ef_slash_bolt_main/ef_slash_bolt_main_00003":{"x":0.27,"y":-77.97,"width":100,"height":250},"ef_slash_bolt_main/ef_slash_bolt_main_00004":{"x":0.27,"y":-77.97,"width":100,"height":250}},"ef_tuti_main/ef_tuti_main_00003":{"ef_tuti_main/ef_tuti_main_00003":{"x":-1.13,"y":13.32,"width":400,"height":300},"ef_tuti_main/ef_tuti_main_00005":{"x":-1.13,"y":13.32,"width":400,"height":300},"ef_tuti_main/ef_tuti_main_00007":{"x":-1.13,"y":13.32,"width":400,"height":300},"ef_tuti_main/ef_tuti_main_00009":{"x":-1.13,"y":13.32,"width":400,"height":300},"ef_tuti_main/ef_tuti_main_00011":{"x":-1.13,"y":13.32,"width":400,"height":300},"ef_tuti_main/ef_tuti_main_00013":{"x":-1.13,"y":13.32,"width":400,"height":300},"ef_tuti_main/ef_tuti_main_00015":{"x":-1.13,"y":13.32,"width":400,"height":300},"ef_tuti_main/ef_tuti_main_00017":{"x":-1.13,"y":13.32,"width":400,"height":300}},"ef_tuti_main/ef_tuti_main_3":{"ef_tuti_main/ef_tuti_main_00003":{"x":-1.13,"y":13.32,"width":400,"height":300},"ef_tuti_main/ef_tuti_main_00005":{"x":-1.13,"y":13.32,"width":400,"height":300},"ef_tuti_main/ef_tuti_main_00007":{"x":-1.13,"y":13.32,"width":400,"height":300},"ef_tuti_main/ef_tuti_main_00009":{"x":-1.13,"y":13.32,"width":400,"height":300},"ef_tuti_main/ef_tuti_main_00011":{"x":-1.13,"y":13.32,"width":400,"height":300},"ef_tuti_main/ef_tuti_main_00013":{"x":-1.13,"y":13.32,"width":400,"height":300},"ef_tuti_main/ef_tuti_main_00015":{"x":-1.13,"y":13.32,"width":400,"height":300},"ef_tuti_main/ef_tuti_main_00017":{"x":-1.13,"y":13.32,"width":400,"height":300}},"ef_tuti_main/ef_tuti_main_4":{"ef_tuti_main/ef_tuti_main_00003":{"x":-1.13,"y":13.32,"width":400,"height":300},"ef_tuti_main/ef_tuti_main_00005":{"x":-1.13,"y":13.32,"width":400,"height":300},"ef_tuti_main/ef_tuti_main_00007":{"x":-1.13,"y":13.32,"width":400,"height":300},"ef_tuti_main/ef_tuti_main_00009":{"x":-1.13,"y":13.32,"width":400,"height":300},"ef_tuti_main/ef_tuti_main_00011":{"x":-1.13,"y":13.32,"width":400,"height":300},"ef_tuti_main/ef_tuti_main_00013":{"x":-1.13,"y":13.32,"width":400,"height":300},"ef_tuti_main/ef_tuti_main_00015":{"x":-1.13,"y":13.32,"width":400,"height":300},"ef_tuti_main/ef_tuti_main_00017":{"x":-1.13,"y":13.32,"width":400,"height":300}},"ef_wind_main/ef_wind_main_00005":{"ef_wind_main/ef_wind_main_00005":{"x":5.18,"y":0.59,"width":200,"height":141}},"ef_wind_slash_main/ef_wind_slash_main_00003":{"ef_wind_slash_main/ef_wind_slash_main_00003":{"x":-1.45,"y":57.52,"width":300,"height":200},"ef_wind_slash_main/ef_wind_slash_main_00004":{"x":-1.45,"y":57.52,"width":300,"height":200},"ef_wind_slash_main/ef_wind_slash_main_00005":{"x":-1.45,"y":57.52,"width":300,"height":200},"ef_wind_slash_main/ef_wind_slash_main_00006":{"x":-1.45,"y":57.52,"width":300,"height":200},"ef_wind_slash_main/ef_wind_slash_main_00007":{"x":-1.45,"y":57.52,"width":300,"height":200},"ef_wind_slash_main/ef_wind_slash_main_00008":{"x":-1.45,"y":57.52,"width":300,"height":200},"ef_wind_slash_main/ef_wind_slash_main_00009":{"x":-1.45,"y":57.52,"width":300,"height":200},"ef_wind_slash_main/ef_wind_slash_main_00010":{"x":-1.45,"y":57.52,"width":300,"height":200},"ef_wind_slash_main/ef_wind_slash_main_00011":{"x":-1.45,"y":57.52,"width":300,"height":200},"ef_wind_slash_main/ef_wind_slash_main_00012":{"x":-1.45,"y":57.52,"width":300,"height":200},"ef_wind_slash_main/ef_wind_slash_main_00013":{"x":-1.45,"y":57.52,"width":300,"height":200},"ef_wind_slash_main/ef_wind_slash_main_00014":{"x":-1.45,"y":57.52,"width":300,"height":200}},"ef_wind_slash_main/ef_wind_slash_main_3":{"ef_wind_slash_main/ef_wind_slash_main_00003":{"x":-1.45,"y":57.52,"width":300,"height":200},"ef_wind_slash_main/ef_wind_slash_main_00004":{"x":-1.45,"y":57.52,"width":300,"height":200},"ef_wind_slash_main/ef_wind_slash_main_00005":{"x":-1.45,"y":57.52,"width":300,"height":200},"ef_wind_slash_main/ef_wind_slash_main_00006":{"x":-1.45,"y":57.52,"width":300,"height":200},"ef_wind_slash_main/ef_wind_slash_main_00007":{"x":-1.45,"y":57.52,"width":300,"height":200},"ef_wind_slash_main/ef_wind_slash_main_00008":{"x":-1.45,"y":57.52,"width":300,"height":200},"ef_wind_slash_main/ef_wind_slash_main_00009":{"x":-1.45,"y":57.52,"width":300,"height":200},"ef_wind_slash_main/ef_wind_slash_main_00010":{"x":-1.45,"y":57.52,"width":300,"height":200},"ef_wind_slash_main/ef_wind_slash_main_00011":{"x":-1.45,"y":57.52,"width":300,"height":200},"ef_wind_slash_main/ef_wind_slash_main_00012":{"x":-1.45,"y":57.52,"width":300,"height":200},"ef_wind_slash_main/ef_wind_slash_main_00013":{"x":-1.45,"y":57.52,"width":300,"height":200},"ef_wind_slash_main/ef_wind_slash_main_00014":{"x":-1.45,"y":57.52,"width":300,"height":200}},"ef_wind_slash_main/ef_wind_slash_main_4":{"ef_wind_slash_main/ef_wind_slash_main_00003":{"x":-1.45,"y":57.52,"width":300,"height":200},"ef_wind_slash_main/ef_wind_slash_main_00004":{"x":-1.45,"y":57.52,"width":300,"height":200},"ef_wind_slash_main/ef_wind_slash_main_00005":{"x":-1.45,"y":57.52,"width":300,"height":200},"ef_wind_slash_main/ef_wind_slash_main_00006":{"x":-1.45,"y":57.52,"width":300,"height":200},"ef_wind_slash_main/ef_wind_slash_main_00007":{"x":-1.45,"y":57.52,"width":300,"height":200},"ef_wind_slash_main/ef_wind_slash_main_00008":{"x":-1.45,"y":57.52,"width":300,"height":200},"ef_wind_slash_main/ef_wind_slash_main_00009":{"x":-1.45,"y":57.52,"width":300,"height":200},"ef_wind_slash_main/ef_wind_slash_main_00010":{"x":-1.45,"y":57.52,"width":300,"height":200},"ef_wind_slash_main/ef_wind_slash_main_00011":{"x":-1.45,"y":57.52,"width":300,"height":200},"ef_wind_slash_main/ef_wind_slash_main_00012":{"x":-1.45,"y":57.52,"width":300,"height":200},"ef_wind_slash_main/ef_wind_slash_main_00013":{"x":-1.45,"y":57.52,"width":300,"height":200},"ef_wind_slash_main/ef_wind_slash_main_00014":{"x":-1.45,"y":57.52,"width":300,"height":200}}}},"animations":{"1-skill1":{"slots":{"5110_S1_ex1/5110_S1_ex1_00000":{"attachment":[{"time":1.9333,"name":"5110_S1_ex1/5110_S1_ex1_00000"},{"time":1.9666,"name":"5110_S1_ex1/5110_S1_ex1_00001"},{"time":2,"name":"5110_S1_ex1/5110_S1_ex1_00002"},{"time":2.0333,"name":"5110_S1_ex1/5110_S1_ex1_00003"},{"time":2.0666,"name":"5110_S1_ex1/5110_S1_ex1_00004"},{"time":2.1,"name":"5110_S1_ex1/5110_S1_ex1_00005"},{"time":2.1333,"name":"5110_S1_ex1/5110_S1_ex1_00006"},{"time":2.1666,"name":"5110_S1_ex1/5110_S1_ex1_00007"},{"time":2.2333,"name":"5110_S1_ex1/5110_S1_ex1_00008"},{"time":2.3,"name":"5110_S1_ex1/5110_S1_ex1_00009"},{"time":2.3666,"name":"5110_S1_ex1/5110_S1_ex1_00010"},{"time":2.4333,"name":"5110_S1_ex1/5110_S1_ex1_00011"},{"time":2.5,"name":"5110_S1_ex1/5110_S1_ex1_00012"},{"time":2.5666,"name":"5110_S1_ex1/5110_S1_ex1_00013"},{"time":2.6333,"name":"5110_S1_ex1/5110_S1_ex1_00014"},{"time":2.7,"name":null}],"color":[{"time":2.3666,"color":"ffffffff"},{"time":2.7,"color":"ffffff00"}]},"5110_S1_ex1/5110_S1_ex1_0":{"attachment":[{"time":2,"name":"5110_S1_ex1/5110_S1_ex1_00000"},{"time":2.0333,"name":"5110_S1_ex1/5110_S1_ex1_00001"},{"time":2.0666,"name":"5110_S1_ex1/5110_S1_ex1_00002"},{"time":2.1,"name":"5110_S1_ex1/5110_S1_ex1_00003"},{"time":2.1333,"name":"5110_S1_ex1/5110_S1_ex1_00004"},{"time":2.1666,"name":"5110_S1_ex1/5110_S1_ex1_00005"},{"time":2.2,"name":"5110_S1_ex1/5110_S1_ex1_00006"},{"time":2.2333,"name":"5110_S1_ex1/5110_S1_ex1_00007"},{"time":2.3,"name":"5110_S1_ex1/5110_S1_ex1_00008"},{"time":2.3666,"name":"5110_S1_ex1/5110_S1_ex1_00009"},{"time":2.4333,"name":"5110_S1_ex1/5110_S1_ex1_00010"},{"time":2.5,"name":"5110_S1_ex1/5110_S1_ex1_00011"},{"time":2.5666,"name":"5110_S1_ex1/5110_S1_ex1_00012"},{"time":2.6333,"name":"5110_S1_ex1/5110_S1_ex1_00013"},{"time":2.7,"name":"5110_S1_ex1/5110_S1_ex1_00014"},{"time":2.7666,"name":null}],"color":[{"time":2.3333,"color":"ffffffff"},{"time":2.7666,"color":"ffffff00"}]},"ef_slash_E_main/ef_slash_E_main_00001":{"attachment":[{"time":0.2333,"name":"ef_slash_E_main/ef_slash_E_main_00003"},{"time":0.2666,"name":"ef_slash_E_main/ef_slash_E_main_00004"},{"time":0.3,"name":"ef_slash_E_main/ef_slash_E_main_00006"},{"time":0.3333,"name":"ef_slash_E_main/ef_slash_E_main_00008"},{"time":0.3666,"name":"ef_slash_E_main/ef_slash_E_main_00010"},{"time":0.4,"name":null},{"time":1.0666,"name":"ef_slash_E_main/ef_slash_E_main_00003"},{"time":1.1,"name":"ef_slash_E_main/ef_slash_E_main_00004"},{"time":1.1333,"name":"ef_slash_E_main/ef_slash_E_main_00006"},{"time":1.1666,"name":"ef_slash_E_main/ef_slash_E_main_00008"},{"time":1.2,"name":"ef_slash_E_main/ef_slash_E_main_00010"},{"time":1.2333,"name":null},{"time":1.8666,"name":"ef_slash_E_main/ef_slash_E_main_00010"},{"time":1.9,"name":"ef_slash_E_main/ef_slash_E_main_00008"},{"time":1.9333,"name":"ef_slash_E_main/ef_slash_E_main_00006"},{"time":1.9666,"name":"ef_slash_E_main/ef_slash_E_main_00004"},{"time":2,"name":"ef_slash_E_main/ef_slash_E_main_00003"},{"time":2.1666,"name":null}],"color":[{"time":2,"color":"ffffffff"},{"time":2.1666,"color":"ffffff00"}]},"ef_slash_E_main/ef_slash_E_main_1":{"attachment":[{"time":1.9333,"name":"ef_slash_E_main/ef_slash_E_main_00006"},{"time":1.9666,"name":"ef_slash_E_main/ef_slash_E_main_00004"},{"time":2,"name":"ef_slash_E_main/ef_slash_E_main_00003"},{"time":2.1666,"name":null}],"color":[{"time":2,"color":"ffffffff"},{"time":2.1666,"color":"ffffff00"}]},"ef_tuti_main/ef_tuti_main_00003":{"attachment":[{"time":1.9333,"name":"ef_tuti_main/ef_tuti_main_00003"},{"time":2,"name":"ef_tuti_main/ef_tuti_main_00005"},{"time":2.0666,"name":"ef_tuti_main/ef_tuti_main_00007"},{"time":2.1333,"name":"ef_tuti_main/ef_tuti_main_00009"},{"time":2.2,"name":"ef_tuti_main/ef_tuti_main_00011"},{"time":2.2666,"name":"ef_tuti_main/ef_tuti_main_00013"},{"time":2.3666,"name":"ef_tuti_main/ef_tuti_main_00015"},{"time":2.4666,"name":"ef_tuti_main/ef_tuti_main_00017"},{"time":2.5666,"name":null}]}},"bones":{"slash_E_1":{"rotate":[{"time":0.2333,"angle":-29.74,"curve":"stepped"},{"time":1.0666,"angle":155.24,"curve":"stepped"},{"time":1.8666,"angle":57.06}],"translate":[{"time":0.2333,"x":-458.21,"y":203.02,"curve":"stepped"},{"time":1.0666,"x":-458.21,"y":182.05,"curve":"stepped"},{"time":1.8666,"x":-521.66,"y":360.8}],"scale":[{"time":0.2333,"x":-3.08,"y":2.186,"curve":"stepped"},{"time":1.0666,"x":-3.67,"y":-3.197,"curve":"stepped"},{"time":1.8666,"x":3.344,"y":-4.741}]},"tuti_main_1":{"translate":[{"time":1.9333,"x":-355.43,"y":78.93}],"scale":[{"time":1.9333,"x":2.511,"y":2.511,"curve":[0.072,0.86,0.43,1]},{"time":2.5666,"x":3.232,"y":3.232}]},"ex1_1":{"translate":[{"time":1.9333,"x":-491.99,"y":279.55}],"scale":[{"time":1.9333,"x":3.728,"y":3.728}]},"slash_E_2":{"rotate":[{"time":1.8666,"angle":91.64}],"translate":[{"time":1.8666,"x":-576.32,"y":325.31}],"scale":[{"time":1.8666,"x":2.798,"y":-3.807}]},"ex1_2":{"translate":[{"time":2,"x":-537.72,"y":279.55}],"scale":[{"time":2,"x":3.728,"y":3.728}]}}},"1-skill2":{"slots":{"ef_EX_smoke_main/ef_EX_smoke_main_00002":{"attachment":[{"time":2.6666,"name":"ef_EX_smoke_main/ef_EX_smoke_main_00010"},{"time":2.7333,"name":"ef_EX_smoke_main/ef_EX_smoke_main_00012"},{"time":2.8,"name":"ef_EX_smoke_main/ef_EX_smoke_main_00013"},{"time":2.8666,"name":"ef_EX_smoke_main/ef_EX_smoke_main_00014"},{"time":2.9333,"name":"ef_EX_smoke_main/ef_EX_smoke_main_00015"},{"time":3,"name":"ef_EX_smoke_main/ef_EX_smoke_main_00016"},{"time":3.0666,"name":null}]},"ef_graund_earth_main/ef_graund_earth_main_00002":{"attachment":[{"time":2.5666,"name":"ef_graund_earth_main/ef_graund_earth_main_00002"}],"color":[{"time":3.5333,"color":"ffffffff"},{"time":3.8,"color":"ffffff00"}]},"ef_graund_earth_main/ef_graund_earth_main_2":{"attachment":[{"time":2.5666,"name":"ef_graund_earth_main/ef_graund_earth_main_00002"}],"color":[{"time":3.5333,"color":"ffffffff"},{"time":3.8,"color":"ffffff00"}]},"ef_graund_earth_main/ef_graund_earth_main_3":{"attachment":[{"time":2.5666,"name":"ef_graund_earth_main/ef_graund_earth_main_00002"}],"color":[{"time":3.5333,"color":"ffffffff"},{"time":3.8,"color":"ffffff00"}]},"ef_graund_earth_main/ef_graund_earth_main_4":{"attachment":[{"time":2.5666,"name":"ef_graund_earth_main/ef_graund_earth_main_00002"}],"color":[{"time":3.5333,"color":"ffffffff"},{"time":3.8,"color":"ffffff00"}]},"ef_graund_rock_main/ef_graund_rock_main_00002":{"attachment":[{"time":2.5666,"name":"ef_graund_rock_main/ef_graund_rock_main_00002"}],"color":[{"time":3.5333,"color":"ffffffff"},{"time":3.8,"color":"ffffff00"}]},"ef_line_main/ef_line_main_00001":{"attachment":[{"time":2.6333,"name":"ef_line_main/ef_line_main_00001"},{"time":2.6666,"name":"ef_line_main/ef_line_main_00003"},{"time":2.7,"name":"ef_line_main/ef_line_main_00005"},{"time":2.7333,"name":"ef_line_main/ef_line_main_00007"},{"time":2.7666,"name":"ef_line_main/ef_line_main_00009"},{"time":2.8,"name":"ef_line_main/ef_line_main_00011"},{"time":2.8333,"name":null}]},"ef_rock_main/ef_rock_main_00002":{"attachment":[{"time":2.6,"name":"ef_rock_main/ef_rock_main_00002"},{"time":2.6333,"name":"ef_rock_main/ef_rock_main_00004"},{"time":2.6666,"name":"ef_rock_main/ef_rock_main_00006"},{"time":2.7,"name":"ef_rock_main/ef_rock_main_00008"},{"time":2.7666,"name":"ef_rock_main/ef_rock_main_00010"},{"time":2.8333,"name":"ef_rock_main/ef_rock_main_00012"},{"time":2.9,"name":"ef_rock_main/ef_rock_main_00014"},{"time":2.9666,"name":null}]},"ef_rock_main/ef_rock_main_2":{"attachment":[{"time":2.7666,"name":"ef_rock_main/ef_rock_main_00002"},{"time":2.8,"name":"ef_rock_main/ef_rock_main_00004"},{"time":2.8333,"name":"ef_rock_main/ef_rock_main_00006"},{"time":2.8666,"name":"ef_rock_main/ef_rock_main_00008"},{"time":2.9333,"name":"ef_rock_main/ef_rock_main_00010"},{"time":3,"name":"ef_rock_main/ef_rock_main_00012"},{"time":3.0666,"name":"ef_rock_main/ef_rock_main_00014"},{"time":3.1333,"name":null}]},"ef_shock_wave_main 2/ef_shock_wave_main 2_00002":{"attachment":[{"time":2.6666,"name":"ef_shock_wave_main 2/ef_shock_wave_main 2_00002"},{"time":2.7,"name":"ef_shock_wave_main 2/ef_shock_wave_main 2_00004"},{"time":2.7333,"name":"ef_shock_wave_main 2/ef_shock_wave_main 2_00006"},{"time":2.7666,"name":"ef_shock_wave_main 2/ef_shock_wave_main 2_00008"},{"time":2.8,"name":"ef_shock_wave_main 2/ef_shock_wave_main 2_00010"},{"time":2.8333,"name":"ef_shock_wave_main 2/ef_shock_wave_main 2_00012"},{"time":2.8666,"name":"ef_shock_wave_main 2/ef_shock_wave_main 2_00014"},{"time":2.9,"name":null}]},"ef_shock_wave_main/ef_shock_wave_main_00002":{"attachment":[{"time":2.6666,"name":"ef_shock_wave_main/ef_shock_wave_main_00002"},{"time":2.7333,"name":"ef_shock_wave_main/ef_shock_wave_main_00004"},{"time":2.8,"name":"ef_shock_wave_main/ef_shock_wave_main_00006"},{"time":2.8666,"name":"ef_shock_wave_main/ef_shock_wave_main_00008"},{"time":2.9333,"name":"ef_shock_wave_main/ef_shock_wave_main_00010"},{"time":3,"name":"ef_shock_wave_main/ef_shock_wave_main_00012"},{"time":3.0666,"name":"ef_shock_wave_main/ef_shock_wave_main_00014"},{"time":3.2333,"name":null}],"color":[{"time":2.6666,"color":"ffffffff","curve":"stepped"},{"time":3,"color":"ffffffff"},{"time":3.2333,"color":"ffffff00"}]},"ef_shock_wave_main/ef_shock_wave_main_2":{"attachment":[{"time":2.8666,"name":"ef_shock_wave_main/ef_shock_wave_main_00002"},{"time":2.9333,"name":"ef_shock_wave_main/ef_shock_wave_main_00004"},{"time":3,"name":"ef_shock_wave_main/ef_shock_wave_main_00006"},{"time":3.0666,"name":"ef_shock_wave_main/ef_shock_wave_main_00008"},{"time":3.1333,"name":"ef_shock_wave_main/ef_shock_wave_main_00010"},{"time":3.2,"name":"ef_shock_wave_main/ef_shock_wave_main_00012"},{"time":3.2666,"name":"ef_shock_wave_main/ef_shock_wave_main_00014"},{"time":3.4333,"name":null}],"color":[{"time":2.8666,"color":"ffffffff","curve":"stepped"},{"time":3.2,"color":"ffffffff"},{"time":3.4333,"color":"ffffff00"}]},"ef_shock_wave_main/ef_shock_wave_main_4":{"attachment":[{"time":2.5666,"name":"ef_shock_wave_main/ef_shock_wave_main_00004"},{"time":2.6333,"name":"ef_shock_wave_main/ef_shock_wave_main_00006"},{"time":2.7,"name":"ef_shock_wave_main/ef_shock_wave_main_00008"},{"time":2.7666,"name":"ef_shock_wave_main/ef_shock_wave_main_00010"},{"time":2.8333,"name":"ef_shock_wave_main/ef_shock_wave_main_00012"},{"time":2.9,"name":"ef_shock_wave_main/ef_shock_wave_main_00014"},{"time":3.0666,"name":null}],"color":[{"time":2.5666,"color":"ffffffff","curve":"stepped"},{"time":2.8333,"color":"ffffffff"},{"time":3.0666,"color":"ffffff00"}]},"ef_slash_bolt2_main/ef_slash_bolt_main_00001":{"attachment":[{"time":2.6,"name":"ef_slash_bolt2_main/ef_slash_bolt_main_00001"},{"time":2.6333,"name":"ef_slash_bolt2_main/ef_slash_bolt_main_00002"},{"time":2.6666,"name":"ef_slash_bolt2_main/ef_slash_bolt_main_00003"},{"time":2.7,"name":"ef_slash_bolt2_main/ef_slash_bolt_main_00004"},{"time":2.7333,"name":"ef_slash_bolt2_main/ef_slash_bolt_main_00017"},{"time":2.7666,"name":"ef_slash_bolt2_main/ef_slash_bolt_main_00018"},{"time":2.8,"name":"ef_slash_bolt2_main/ef_slash_bolt_main_00019"},{"time":2.8333,"name":"ef_slash_bolt2_main/ef_slash_bolt_main_00020"},{"time":2.8666,"name":null}]},"ef_slash_bolt_main/ef_slash_bolt_main_00001":{"attachment":[{"time":2.5333,"name":"ef_slash_bolt_main/ef_slash_bolt_main_00001"},{"time":2.5666,"name":"ef_slash_bolt_main/ef_slash_bolt_main_00002"},{"time":2.6,"name":"ef_slash_bolt_main/ef_slash_bolt_main_00003"},{"time":2.6333,"name":"ef_slash_bolt_main/ef_slash_bolt_main_00004"},{"time":2.6666,"name":null}]},"ef_tuti_main/ef_tuti_main_00003":{"attachment":[{"time":2.6,"name":"ef_tuti_main/ef_tuti_main_00003"},{"time":2.6666,"name":"ef_tuti_main/ef_tuti_main_00005"},{"time":2.7333,"name":"ef_tuti_main/ef_tuti_main_00007"},{"time":2.8,"name":"ef_tuti_main/ef_tuti_main_00009"},{"time":2.8666,"name":"ef_tuti_main/ef_tuti_main_00011"},{"time":2.9333,"name":"ef_tuti_main/ef_tuti_main_00013"},{"time":3,"name":"ef_tuti_main/ef_tuti_main_00015"},{"time":3.0666,"name":"ef_tuti_main/ef_tuti_main_00017"},{"time":3.1333,"name":null}]},"ef_tuti_main/ef_tuti_main_3":{"attachment":[{"time":2.8,"name":"ef_tuti_main/ef_tuti_main_00003"},{"time":2.8666,"name":"ef_tuti_main/ef_tuti_main_00005"},{"time":2.9333,"name":"ef_tuti_main/ef_tuti_main_00007"},{"time":3,"name":"ef_tuti_main/ef_tuti_main_00009"},{"time":3.0666,"name":"ef_tuti_main/ef_tuti_main_00011"},{"time":3.1333,"name":"ef_tuti_main/ef_tuti_main_00013"},{"time":3.2,"name":"ef_tuti_main/ef_tuti_main_00015"},{"time":3.2666,"name":"ef_tuti_main/ef_tuti_main_00017"},{"time":3.3333,"name":null}],"color":[{"time":2.8,"color":"ffffff00"},{"time":2.9333,"color":"ffffffff"}]},"ef_tuti_main/ef_tuti_main_4":{"attachment":[{"time":3,"name":"ef_tuti_main/ef_tuti_main_00003"},{"time":3.0666,"name":"ef_tuti_main/ef_tuti_main_00005"},{"time":3.1333,"name":"ef_tuti_main/ef_tuti_main_00007"},{"time":3.2,"name":"ef_tuti_main/ef_tuti_main_00009"},{"time":3.2666,"name":"ef_tuti_main/ef_tuti_main_00011"},{"time":3.3333,"name":"ef_tuti_main/ef_tuti_main_00013"},{"time":3.4,"name":"ef_tuti_main/ef_tuti_main_00015"},{"time":3.4666,"name":"ef_tuti_main/ef_tuti_main_00017"},{"time":3.5333,"name":null}]},"ef_wind_main/ef_wind_main_00005":{"color":[{"time":2.6,"color":"ffffff74","curve":"stepped"},{"time":2.9666,"color":"ffffff74"},{"time":3.3333,"color":"ffffff00"}]},"ef_wind_slash_main/ef_wind_slash_main_00003":{"attachment":[{"time":2.6,"name":"ef_wind_slash_main/ef_wind_slash_main_00003"},{"time":2.6333,"name":"ef_wind_slash_main/ef_wind_slash_main_00004"},{"time":2.6666,"name":"ef_wind_slash_main/ef_wind_slash_main_00005"},{"time":2.7,"name":"ef_wind_slash_main/ef_wind_slash_main_00006"},{"time":2.7333,"name":"ef_wind_slash_main/ef_wind_slash_main_00007"},{"time":2.8,"name":"ef_wind_slash_main/ef_wind_slash_main_00008"},{"time":2.8333,"name":"ef_wind_slash_main/ef_wind_slash_main_00009"},{"time":2.9,"name":"ef_wind_slash_main/ef_wind_slash_main_00010"},{"time":2.9333,"name":"ef_wind_slash_main/ef_wind_slash_main_00011"},{"time":3,"name":"ef_wind_slash_main/ef_wind_slash_main_00012"},{"time":3.0333,"name":"ef_wind_slash_main/ef_wind_slash_main_00013"},{"time":3.1,"name":"ef_wind_slash_main/ef_wind_slash_main_00014"},{"time":3.1333,"name":null}],"color":[{"time":2.6,"color":"ffffff00"}]},"ef_wind_slash_main/ef_wind_slash_main_3":{"attachment":[{"time":2.8,"name":"ef_wind_slash_main/ef_wind_slash_main_00003"},{"time":2.8333,"name":"ef_wind_slash_main/ef_wind_slash_main_00004"},{"time":2.8666,"name":"ef_wind_slash_main/ef_wind_slash_main_00005"},{"time":2.9,"name":"ef_wind_slash_main/ef_wind_slash_main_00006"},{"time":2.9333,"name":"ef_wind_slash_main/ef_wind_slash_main_00007"},{"time":2.9666,"name":"ef_wind_slash_main/ef_wind_slash_main_00008"},{"time":3,"name":"ef_wind_slash_main/ef_wind_slash_main_00009"},{"time":3.0333,"name":"ef_wind_slash_main/ef_wind_slash_main_00010"},{"time":3.0666,"name":"ef_wind_slash_main/ef_wind_slash_main_00011"},{"time":3.1,"name":"ef_wind_slash_main/ef_wind_slash_main_00012"},{"time":3.1333,"name":"ef_wind_slash_main/ef_wind_slash_main_00013"},{"time":3.1666,"name":"ef_wind_slash_main/ef_wind_slash_main_00014"},{"time":3.2,"name":null}],"color":[{"time":2.8,"color":"ffffff00"}]},"ef_wind_slash_main/ef_wind_slash_main_4":{"attachment":[{"time":2.9,"name":"ef_wind_slash_main/ef_wind_slash_main_00003"},{"time":2.9333,"name":"ef_wind_slash_main/ef_wind_slash_main_00004"},{"time":2.9666,"name":"ef_wind_slash_main/ef_wind_slash_main_00005"},{"time":3,"name":"ef_wind_slash_main/ef_wind_slash_main_00006"},{"time":3.0333,"name":"ef_wind_slash_main/ef_wind_slash_main_00007"},{"time":3.0666,"name":"ef_wind_slash_main/ef_wind_slash_main_00008"},{"time":3.1333,"name":"ef_wind_slash_main/ef_wind_slash_main_00009"},{"time":3.2,"name":"ef_wind_slash_main/ef_wind_slash_main_00010"},{"time":3.2666,"name":"ef_wind_slash_main/ef_wind_slash_main_00011"},{"time":3.3333,"name":"ef_wind_slash_main/ef_wind_slash_main_00012"},{"time":3.4333,"name":"ef_wind_slash_main/ef_wind_slash_main_00013"},{"time":3.5333,"name":"ef_wind_slash_main/ef_wind_slash_main_00014"},{"time":3.6333,"name":null}],"color":[{"time":2.9,"color":"ffffff00"}]}},"bones":{"tuti_main_1":{"translate":[{"time":2.6,"x":-311.6,"y":82.92}],"scale":[{"time":2.6,"x":3.349,"y":3.349}]},"wind_slash_1":{"translate":[{"time":2.6,"x":-342.85,"y":151.54}],"scale":[{"time":2.6,"x":4.834,"y":3.834}]},"rock_1":{"translate":[{"time":2.6,"x":-305.3,"y":297.26}],"scale":[{"time":2.6,"x":3.256,"y":3.256}]},"line_main_1":{"rotate":[{"time":2.6333,"angle":-100.92}],"translate":[{"time":2.6333,"x":-289.12,"y":1096.82}],"scale":[{"time":2.6333,"x":9.062,"y":9.062}]},"slash_bolt1_1":{"rotate":[{"time":2.5333,"angle":-11.77}],"translate":[{"time":2.5333,"x":-263.07,"y":879.16}],"scale":[{"time":2.5333,"x":5.404,"y":6.952},{"time":2.5666,"x":3.278,"y":6.952}]},"wind":{"rotate":[{"time":2.6,"angle":-27.39,"curve":"stepped"},{"time":2.6333,"angle":59.68,"curve":"stepped"},{"time":2.6666,"angle":115.67,"curve":"stepped"},{"time":2.7,"angle":-24.69,"curve":"stepped"},{"time":2.7333,"angle":50.37,"curve":"stepped"},{"time":2.7666,"angle":-27.39,"curve":"stepped"},{"time":2.8,"angle":59.68,"curve":"stepped"},{"time":2.8333,"angle":115.67,"curve":"stepped"},{"time":2.8666,"angle":-24.69,"curve":"stepped"},{"time":2.9,"angle":50.37,"curve":"stepped"},{"time":2.9333,"angle":-27.39,"curve":"stepped"},{"time":2.9666,"angle":59.68,"curve":"stepped"},{"time":3,"angle":115.67,"curve":"stepped"},{"time":3.0333,"angle":-24.69,"curve":"stepped"},{"time":3.0666,"angle":50.37,"curve":"stepped"},{"time":3.1,"angle":-27.39,"curve":"stepped"},{"time":3.1333,"angle":59.68,"curve":"stepped"},{"time":3.1666,"angle":115.67,"curve":"stepped"},{"time":3.2,"angle":-24.69,"curve":"stepped"},{"time":3.2333,"angle":50.37,"curve":"stepped"},{"time":3.2666,"angle":-27.39,"curve":"stepped"},{"time":3.3,"angle":59.68,"curve":"stepped"},{"time":3.3333,"angle":115.67}],"translate":[{"time":2.6,"x":-502.52,"y":174.39}],"scale":[{"time":2.6,"x":9.43,"y":9.43}]},"graund_rock":{"translate":[{"time":2.5666,"x":-530.39,"y":165.66}],"scale":[{"time":2.5666,"x":1.896,"y":1.896}]},"graund_earth_1":{"translate":[{"time":2.5666,"x":55.99,"y":102.99}]},"shock_wave1_1":{"translate":[{"time":2.6666,"x":-707.73,"y":94.36}],"scale":[{"time":2.6666,"x":1.777,"y":1.777},{"time":2.9,"x":3.184,"y":3.184}]},"EX_smoke":{"translate":[{"time":2.6666,"x":-727.9,"y":300.77}],"scale":[{"time":2.6666,"x":3.629,"y":3.629}]},"shock_wave2_1":{"translate":[{"time":2.6666,"x":-707.5,"y":295.8,"curve":"stepped"},{"time":3,"x":-707.5,"y":295.8,"curve":[0.077,0.79,0.541,1]},{"time":3.2333,"x":-707.5,"y":297.83}],"scale":[{"time":2.6666,"x":2.263,"y":2.263,"curve":[0.063,0.79,0.68,1]},{"time":3,"x":3.288,"y":2.654}]},"shock_wave2_2":{"translate":[{"time":2.8666,"x":-707.5,"y":295.8,"curve":"stepped"},{"time":3.2,"x":-707.5,"y":295.8,"curve":[0.077,0.79,0.541,1]},{"time":3.4333,"x":-707.5,"y":297.83}],"scale":[{"time":2.8666,"x":2.7,"y":2.122}]},"tuti_main_2":{"translate":[{"time":2.8,"x":-314.17,"y":75.12}],"scale":[{"time":2.8,"x":3.349,"y":3.349}]},"rock_2":{"translate":[{"time":2.7666,"x":-305.3,"y":297.26}],"scale":[{"time":2.7666,"x":3.256,"y":3.256}]},"slash_bolt2_1":{"rotate":[{"time":2.6,"angle":-98.07}],"translate":[{"time":2.6,"x":-399.5,"y":1343.19}],"scale":[{"time":2.6,"x":6.914,"y":28.244},{"time":2.6666,"x":6.914,"y":9.227}]},"tuti_main_3":{"translate":[{"time":3,"x":-314.17,"y":75.12}],"scale":[{"time":3,"x":3.349,"y":3.349}]},"wind_slash_3":{"translate":[{"time":2.9,"x":-382.37,"y":152.84}],"scale":[{"time":2.9,"x":-4.812,"y":5.045}]},"wind_slash_2":{"translate":[{"time":2.8,"x":-272.24,"y":251.41}],"scale":[{"time":2.8,"x":3.701,"y":3.834}]},"shock_wave2_4":{"rotate":[{"time":2.5666,"angle":-11.61}],"translate":[{"time":2.5666,"x":-760.93,"y":205.14}],"scale":[{"time":2.5666,"x":2.04,"y":4.909}]},"graund_earth_2":{"translate":[{"time":2.5666,"x":-35.25,"y":100.23}],"scale":[{"time":2.5666,"x":-1,"y":1}]},"graund_earth_4":{"rotate":[{"time":2.5666,"angle":26.79}],"translate":[{"time":2.5666,"x":-60.21,"y":86.83}],"scale":[{"time":2.5666,"x":0.789,"y":0.65}]},"graund_earth_3":{"rotate":[{"time":2.5666,"angle":175.23}],"translate":[{"time":2.5666,"x":83.71,"y":91.07}],"scale":[{"time":2.5666,"x":0.903,"y":0.903}]}},"drawOrder":[{"time":2.5666,"offsets":[{"slot":"ef_shock_wave_main/ef_shock_wave_main_4","offset":13}]}]},"2-attack1":{},"2-skill1":{"slots":{"5110_S1_ex1/5110_S1_ex1_00000":{"attachment":[{"time":1.9333,"name":"5110_S1_ex1/5110_S1_ex1_00000"},{"time":1.9666,"name":"5110_S1_ex1/5110_S1_ex1_00001"},{"time":2,"name":"5110_S1_ex1/5110_S1_ex1_00002"},{"time":2.0333,"name":"5110_S1_ex1/5110_S1_ex1_00003"},{"time":2.0666,"name":"5110_S1_ex1/5110_S1_ex1_00004"},{"time":2.1,"name":"5110_S1_ex1/5110_S1_ex1_00005"},{"time":2.1333,"name":"5110_S1_ex1/5110_S1_ex1_00006"},{"time":2.1666,"name":"5110_S1_ex1/5110_S1_ex1_00007"},{"time":2.2333,"name":"5110_S1_ex1/5110_S1_ex1_00008"},{"time":2.3,"name":"5110_S1_ex1/5110_S1_ex1_00009"},{"time":2.3666,"name":"5110_S1_ex1/5110_S1_ex1_00010"},{"time":2.4333,"name":"5110_S1_ex1/5110_S1_ex1_00011"},{"time":2.5,"name":"5110_S1_ex1/5110_S1_ex1_00012"},{"time":2.5666,"name":"5110_S1_ex1/5110_S1_ex1_00013"},{"time":2.6333,"name":"5110_S1_ex1/5110_S1_ex1_00014"},{"time":2.7,"name":null}],"color":[{"time":2.3666,"color":"ffffffff"},{"time":2.7,"color":"ffffff00"}]},"5110_S1_ex1/5110_S1_ex1_0":{"attachment":[{"time":2,"name":"5110_S1_ex1/5110_S1_ex1_00000"},{"time":2.0333,"name":"5110_S1_ex1/5110_S1_ex1_00001"},{"time":2.0666,"name":"5110_S1_ex1/5110_S1_ex1_00002"},{"time":2.1,"name":"5110_S1_ex1/5110_S1_ex1_00003"},{"time":2.1333,"name":"5110_S1_ex1/5110_S1_ex1_00004"},{"time":2.1666,"name":"5110_S1_ex1/5110_S1_ex1_00005"},{"time":2.2,"name":"5110_S1_ex1/5110_S1_ex1_00006"},{"time":2.2333,"name":"5110_S1_ex1/5110_S1_ex1_00007"},{"time":2.3,"name":"5110_S1_ex1/5110_S1_ex1_00008"},{"time":2.3666,"name":"5110_S1_ex1/5110_S1_ex1_00009"},{"time":2.4333,"name":"5110_S1_ex1/5110_S1_ex1_00010"},{"time":2.5,"name":"5110_S1_ex1/5110_S1_ex1_00011"},{"time":2.5666,"name":"5110_S1_ex1/5110_S1_ex1_00012"},{"time":2.6333,"name":"5110_S1_ex1/5110_S1_ex1_00013"},{"time":2.7,"name":"5110_S1_ex1/5110_S1_ex1_00014"},{"time":2.7666,"name":null}],"color":[{"time":2.3333,"color":"ffffffff"},{"time":2.7666,"color":"ffffff00"}]},"ef_slash_E_main/ef_slash_E_main_00001":{"attachment":[{"time":0.2333,"name":"ef_slash_E_main/ef_slash_E_main_00003"},{"time":0.2666,"name":"ef_slash_E_main/ef_slash_E_main_00004"},{"time":0.3,"name":"ef_slash_E_main/ef_slash_E_main_00006"},{"time":0.3333,"name":"ef_slash_E_main/ef_slash_E_main_00008"},{"time":0.3666,"name":"ef_slash_E_main/ef_slash_E_main_00010"},{"time":0.4,"name":null},{"time":1.0666,"name":"ef_slash_E_main/ef_slash_E_main_00003"},{"time":1.1,"name":"ef_slash_E_main/ef_slash_E_main_00004"},{"time":1.1333,"name":"ef_slash_E_main/ef_slash_E_main_00006"},{"time":1.1666,"name":"ef_slash_E_main/ef_slash_E_main_00008"},{"time":1.2,"name":"ef_slash_E_main/ef_slash_E_main_00010"},{"time":1.2333,"name":null},{"time":1.8666,"name":"ef_slash_E_main/ef_slash_E_main_00010"},{"time":1.9,"name":"ef_slash_E_main/ef_slash_E_main_00008"},{"time":1.9333,"name":"ef_slash_E_main/ef_slash_E_main_00006"},{"time":1.9666,"name":"ef_slash_E_main/ef_slash_E_main_00004"},{"time":2,"name":"ef_slash_E_main/ef_slash_E_main_00003"},{"time":2.1666,"name":null}],"color":[{"time":2,"color":"ffffffff"},{"time":2.1666,"color":"ffffff00"}]},"ef_slash_E_main/ef_slash_E_main_1":{"attachment":[{"time":1.9333,"name":"ef_slash_E_main/ef_slash_E_main_00006"},{"time":1.9666,"name":"ef_slash_E_main/ef_slash_E_main_00004"},{"time":2,"name":"ef_slash_E_main/ef_slash_E_main_00003"},{"time":2.1666,"name":null}],"color":[{"time":2,"color":"ffffffff"},{"time":2.1666,"color":"ffffff00"}]},"ef_tuti_main/ef_tuti_main_00003":{"attachment":[{"time":1.9333,"name":"ef_tuti_main/ef_tuti_main_00003"},{"time":2,"name":"ef_tuti_main/ef_tuti_main_00005"},{"time":2.0666,"name":"ef_tuti_main/ef_tuti_main_00007"},{"time":2.1333,"name":"ef_tuti_main/ef_tuti_main_00009"},{"time":2.2,"name":"ef_tuti_main/ef_tuti_main_00011"},{"time":2.2666,"name":"ef_tuti_main/ef_tuti_main_00013"},{"time":2.3666,"name":"ef_tuti_main/ef_tuti_main_00015"},{"time":2.4666,"name":"ef_tuti_main/ef_tuti_main_00017"},{"time":2.5666,"name":null}]}},"bones":{"slash_E_1":{"rotate":[{"time":0.2333,"angle":-29.74,"curve":"stepped"},{"time":1.0666,"angle":155.24,"curve":"stepped"},{"time":1.8666,"angle":57.06}],"translate":[{"time":0.2333,"x":-458.21,"y":203.02,"curve":"stepped"},{"time":1.0666,"x":-458.21,"y":182.05,"curve":"stepped"},{"time":1.8666,"x":-521.66,"y":360.8}],"scale":[{"time":0.2333,"x":-3.08,"y":2.186,"curve":"stepped"},{"time":1.0666,"x":-3.67,"y":-3.197,"curve":"stepped"},{"time":1.8666,"x":3.344,"y":-4.741}]},"tuti_main_1":{"translate":[{"time":1.9333,"x":-355.43,"y":78.93}],"scale":[{"time":1.9333,"x":2.511,"y":2.511,"curve":[0.072,0.86,0.43,1]},{"time":2.5666,"x":3.232,"y":3.232}]},"ex1_1":{"translate":[{"time":1.9333,"x":-491.99,"y":279.55}],"scale":[{"time":1.9333,"x":3.728,"y":3.728}]},"slash_E_2":{"rotate":[{"time":1.8666,"angle":91.64}],"translate":[{"time":1.8666,"x":-576.32,"y":325.31}],"scale":[{"time":1.8666,"x":2.798,"y":-3.807}]},"ex1_2":{"translate":[{"time":2,"x":-537.72,"y":279.55}],"scale":[{"time":2,"x":3.728,"y":3.728}]}}},"2-skill2":{"slots":{"ef_EX_smoke_main/ef_EX_smoke_main_00002":{"attachment":[{"time":2.6666,"name":"ef_EX_smoke_main/ef_EX_smoke_main_00010"},{"time":2.7333,"name":"ef_EX_smoke_main/ef_EX_smoke_main_00012"},{"time":2.8,"name":"ef_EX_smoke_main/ef_EX_smoke_main_00013"},{"time":2.8666,"name":"ef_EX_smoke_main/ef_EX_smoke_main_00014"},{"time":2.9333,"name":"ef_EX_smoke_main/ef_EX_smoke_main_00015"},{"time":3,"name":"ef_EX_smoke_main/ef_EX_smoke_main_00016"},{"time":3.0666,"name":null}]},"ef_graund_earth_main/ef_graund_earth_main_00002":{"attachment":[{"time":2.5666,"name":"ef_graund_earth_main/ef_graund_earth_main_00002"}],"color":[{"time":3.5333,"color":"ffffffff"},{"time":3.8,"color":"ffffff00"}]},"ef_graund_earth_main/ef_graund_earth_main_2":{"attachment":[{"time":2.5666,"name":"ef_graund_earth_main/ef_graund_earth_main_00002"}],"color":[{"time":3.5333,"color":"ffffffff"},{"time":3.8,"color":"ffffff00"}]},"ef_graund_earth_main/ef_graund_earth_main_3":{"attachment":[{"time":2.5666,"name":"ef_graund_earth_main/ef_graund_earth_main_00002"}],"color":[{"time":3.5333,"color":"ffffffff"},{"time":3.8,"color":"ffffff00"}]},"ef_graund_earth_main/ef_graund_earth_main_4":{"attachment":[{"time":2.5666,"name":"ef_graund_earth_main/ef_graund_earth_main_00002"}],"color":[{"time":3.5333,"color":"ffffffff"},{"time":3.8,"color":"ffffff00"}]},"ef_graund_rock_main/ef_graund_rock_main_00002":{"attachment":[{"time":2.5666,"name":"ef_graund_rock_main/ef_graund_rock_main_00002"}],"color":[{"time":3.5333,"color":"ffffffff"},{"time":3.8,"color":"ffffff00"}]},"ef_line_main/ef_line_main_00001":{"attachment":[{"time":2.6333,"name":"ef_line_main/ef_line_main_00001"},{"time":2.6666,"name":"ef_line_main/ef_line_main_00003"},{"time":2.7,"name":"ef_line_main/ef_line_main_00005"},{"time":2.7333,"name":"ef_line_main/ef_line_main_00007"},{"time":2.7666,"name":"ef_line_main/ef_line_main_00009"},{"time":2.8,"name":"ef_line_main/ef_line_main_00011"},{"time":2.8333,"name":null}]},"ef_rock_main/ef_rock_main_00002":{"attachment":[{"time":2.6,"name":"ef_rock_main/ef_rock_main_00002"},{"time":2.6333,"name":"ef_rock_main/ef_rock_main_00004"},{"time":2.6666,"name":"ef_rock_main/ef_rock_main_00006"},{"time":2.7,"name":"ef_rock_main/ef_rock_main_00008"},{"time":2.7666,"name":"ef_rock_main/ef_rock_main_00010"},{"time":2.8333,"name":"ef_rock_main/ef_rock_main_00012"},{"time":2.9,"name":"ef_rock_main/ef_rock_main_00014"},{"time":2.9666,"name":null}]},"ef_rock_main/ef_rock_main_2":{"attachment":[{"time":2.7666,"name":"ef_rock_main/ef_rock_main_00002"},{"time":2.8,"name":"ef_rock_main/ef_rock_main_00004"},{"time":2.8333,"name":"ef_rock_main/ef_rock_main_00006"},{"time":2.8666,"name":"ef_rock_main/ef_rock_main_00008"},{"time":2.9333,"name":"ef_rock_main/ef_rock_main_00010"},{"time":3,"name":"ef_rock_main/ef_rock_main_00012"},{"time":3.0666,"name":"ef_rock_main/ef_rock_main_00014"},{"time":3.1333,"name":null}]},"ef_shock_wave_main 2/ef_shock_wave_main 2_00002":{"attachment":[{"time":2.6666,"name":"ef_shock_wave_main 2/ef_shock_wave_main 2_00002"},{"time":2.7,"name":"ef_shock_wave_main 2/ef_shock_wave_main 2_00004"},{"time":2.7333,"name":"ef_shock_wave_main 2/ef_shock_wave_main 2_00006"},{"time":2.7666,"name":"ef_shock_wave_main 2/ef_shock_wave_main 2_00008"},{"time":2.8,"name":"ef_shock_wave_main 2/ef_shock_wave_main 2_00010"},{"time":2.8333,"name":"ef_shock_wave_main 2/ef_shock_wave_main 2_00012"},{"time":2.8666,"name":"ef_shock_wave_main 2/ef_shock_wave_main 2_00014"},{"time":2.9,"name":null}]},"ef_shock_wave_main/ef_shock_wave_main_00002":{"attachment":[{"time":2.6666,"name":"ef_shock_wave_main/ef_shock_wave_main_00002"},{"time":2.7333,"name":"ef_shock_wave_main/ef_shock_wave_main_00004"},{"time":2.8,"name":"ef_shock_wave_main/ef_shock_wave_main_00006"},{"time":2.8666,"name":"ef_shock_wave_main/ef_shock_wave_main_00008"},{"time":2.9333,"name":"ef_shock_wave_main/ef_shock_wave_main_00010"},{"time":3,"name":"ef_shock_wave_main/ef_shock_wave_main_00012"},{"time":3.0666,"name":"ef_shock_wave_main/ef_shock_wave_main_00014"},{"time":3.2333,"name":null}],"color":[{"time":2.6666,"color":"ffffffff","curve":"stepped"},{"time":3,"color":"ffffffff"},{"time":3.2333,"color":"ffffff00"}]},"ef_shock_wave_main/ef_shock_wave_main_2":{"attachment":[{"time":2.8666,"name":"ef_shock_wave_main/ef_shock_wave_main_00002"},{"time":2.9333,"name":"ef_shock_wave_main/ef_shock_wave_main_00004"},{"time":3,"name":"ef_shock_wave_main/ef_shock_wave_main_00006"},{"time":3.0666,"name":"ef_shock_wave_main/ef_shock_wave_main_00008"},{"time":3.1333,"name":"ef_shock_wave_main/ef_shock_wave_main_00010"},{"time":3.2,"name":"ef_shock_wave_main/ef_shock_wave_main_00012"},{"time":3.2666,"name":"ef_shock_wave_main/ef_shock_wave_main_00014"},{"time":3.4333,"name":null}],"color":[{"time":2.8666,"color":"ffffffff","curve":"stepped"},{"time":3.2,"color":"ffffffff"},{"time":3.4333,"color":"ffffff00"}]},"ef_shock_wave_main/ef_shock_wave_main_4":{"attachment":[{"time":2.5666,"name":"ef_shock_wave_main/ef_shock_wave_main_00004"},{"time":2.6333,"name":"ef_shock_wave_main/ef_shock_wave_main_00006"},{"time":2.7,"name":"ef_shock_wave_main/ef_shock_wave_main_00008"},{"time":2.7666,"name":"ef_shock_wave_main/ef_shock_wave_main_00010"},{"time":2.8333,"name":"ef_shock_wave_main/ef_shock_wave_main_00012"},{"time":2.9,"name":"ef_shock_wave_main/ef_shock_wave_main_00014"},{"time":3.0666,"name":null}],"color":[{"time":2.5666,"color":"ffffffff","curve":"stepped"},{"time":2.8333,"color":"ffffffff"},{"time":3.0666,"color":"ffffff00"}]},"ef_slash_bolt2_main/ef_slash_bolt_main_00001":{"attachment":[{"time":2.6,"name":"ef_slash_bolt2_main/ef_slash_bolt_main_00001"},{"time":2.6333,"name":"ef_slash_bolt2_main/ef_slash_bolt_main_00002"},{"time":2.6666,"name":"ef_slash_bolt2_main/ef_slash_bolt_main_00003"},{"time":2.7,"name":"ef_slash_bolt2_main/ef_slash_bolt_main_00004"},{"time":2.7333,"name":"ef_slash_bolt2_main/ef_slash_bolt_main_00017"},{"time":2.7666,"name":"ef_slash_bolt2_main/ef_slash_bolt_main_00018"},{"time":2.8,"name":"ef_slash_bolt2_main/ef_slash_bolt_main_00019"},{"time":2.8333,"name":"ef_slash_bolt2_main/ef_slash_bolt_main_00020"},{"time":2.8666,"name":null}]},"ef_slash_bolt_main/ef_slash_bolt_main_00001":{"attachment":[{"time":2.5333,"name":"ef_slash_bolt_main/ef_slash_bolt_main_00001"},{"time":2.5666,"name":"ef_slash_bolt_main/ef_slash_bolt_main_00002"},{"time":2.6,"name":"ef_slash_bolt_main/ef_slash_bolt_main_00003"},{"time":2.6333,"name":"ef_slash_bolt_main/ef_slash_bolt_main_00004"},{"time":2.6666,"name":null}]},"ef_tuti_main/ef_tuti_main_00003":{"attachment":[{"time":2.6,"name":"ef_tuti_main/ef_tuti_main_00003"},{"time":2.6666,"name":"ef_tuti_main/ef_tuti_main_00005"},{"time":2.7333,"name":"ef_tuti_main/ef_tuti_main_00007"},{"time":2.8,"name":"ef_tuti_main/ef_tuti_main_00009"},{"time":2.8666,"name":"ef_tuti_main/ef_tuti_main_00011"},{"time":2.9333,"name":"ef_tuti_main/ef_tuti_main_00013"},{"time":3,"name":"ef_tuti_main/ef_tuti_main_00015"},{"time":3.0666,"name":"ef_tuti_main/ef_tuti_main_00017"},{"time":3.1333,"name":null}]},"ef_tuti_main/ef_tuti_main_3":{"attachment":[{"time":2.8,"name":"ef_tuti_main/ef_tuti_main_00003"},{"time":2.8666,"name":"ef_tuti_main/ef_tuti_main_00005"},{"time":2.9333,"name":"ef_tuti_main/ef_tuti_main_00007"},{"time":3,"name":"ef_tuti_main/ef_tuti_main_00009"},{"time":3.0666,"name":"ef_tuti_main/ef_tuti_main_00011"},{"time":3.1333,"name":"ef_tuti_main/ef_tuti_main_00013"},{"time":3.2,"name":"ef_tuti_main/ef_tuti_main_00015"},{"time":3.2666,"name":"ef_tuti_main/ef_tuti_main_00017"},{"time":3.3333,"name":null}],"color":[{"time":2.8,"color":"ffffff00"},{"time":2.9333,"color":"ffffffff"}]},"ef_tuti_main/ef_tuti_main_4":{"attachment":[{"time":3,"name":"ef_tuti_main/ef_tuti_main_00003"},{"time":3.0666,"name":"ef_tuti_main/ef_tuti_main_00005"},{"time":3.1333,"name":"ef_tuti_main/ef_tuti_main_00007"},{"time":3.2,"name":"ef_tuti_main/ef_tuti_main_00009"},{"time":3.2666,"name":"ef_tuti_main/ef_tuti_main_00011"},{"time":3.3333,"name":"ef_tuti_main/ef_tuti_main_00013"},{"time":3.4,"name":"ef_tuti_main/ef_tuti_main_00015"},{"time":3.4666,"name":"ef_tuti_main/ef_tuti_main_00017"},{"time":3.5333,"name":null}]},"ef_wind_main/ef_wind_main_00005":{"attachment":[{"time":2.6,"name":"ef_wind_main/ef_wind_main_00005"}],"color":[{"time":2.6,"color":"ffffff74","curve":"stepped"},{"time":2.9666,"color":"ffffff74"},{"time":3.3333,"color":"ffffff00"}]},"ef_wind_slash_main/ef_wind_slash_main_00003":{"attachment":[{"time":2.6,"name":"ef_wind_slash_main/ef_wind_slash_main_00003"},{"time":2.6333,"name":"ef_wind_slash_main/ef_wind_slash_main_00004"},{"time":2.6666,"name":"ef_wind_slash_main/ef_wind_slash_main_00005"},{"time":2.7,"name":"ef_wind_slash_main/ef_wind_slash_main_00006"},{"time":2.7333,"name":"ef_wind_slash_main/ef_wind_slash_main_00007"},{"time":2.8,"name":"ef_wind_slash_main/ef_wind_slash_main_00008"},{"time":2.8333,"name":"ef_wind_slash_main/ef_wind_slash_main_00009"},{"time":2.9,"name":"ef_wind_slash_main/ef_wind_slash_main_00010"},{"time":2.9333,"name":"ef_wind_slash_main/ef_wind_slash_main_00011"},{"time":3,"name":"ef_wind_slash_main/ef_wind_slash_main_00012"},{"time":3.0333,"name":"ef_wind_slash_main/ef_wind_slash_main_00013"},{"time":3.1,"name":"ef_wind_slash_main/ef_wind_slash_main_00014"},{"time":3.1333,"name":null}]},"ef_wind_slash_main/ef_wind_slash_main_3":{"attachment":[{"time":2.8,"name":"ef_wind_slash_main/ef_wind_slash_main_00003"},{"time":2.8333,"name":"ef_wind_slash_main/ef_wind_slash_main_00004"},{"time":2.8666,"name":"ef_wind_slash_main/ef_wind_slash_main_00005"},{"time":2.9,"name":"ef_wind_slash_main/ef_wind_slash_main_00006"},{"time":2.9333,"name":"ef_wind_slash_main/ef_wind_slash_main_00007"},{"time":2.9666,"name":"ef_wind_slash_main/ef_wind_slash_main_00008"},{"time":3,"name":"ef_wind_slash_main/ef_wind_slash_main_00009"},{"time":3.0333,"name":"ef_wind_slash_main/ef_wind_slash_main_00010"},{"time":3.0666,"name":"ef_wind_slash_main/ef_wind_slash_main_00011"},{"time":3.1,"name":"ef_wind_slash_main/ef_wind_slash_main_00012"},{"time":3.1333,"name":"ef_wind_slash_main/ef_wind_slash_main_00013"},{"time":3.1666,"name":"ef_wind_slash_main/ef_wind_slash_main_00014"},{"time":3.2,"name":null}]},"ef_wind_slash_main/ef_wind_slash_main_4":{"attachment":[{"time":2.9,"name":"ef_wind_slash_main/ef_wind_slash_main_00003"},{"time":2.9333,"name":"ef_wind_slash_main/ef_wind_slash_main_00004"},{"time":2.9666,"name":"ef_wind_slash_main/ef_wind_slash_main_00005"},{"time":3,"name":"ef_wind_slash_main/ef_wind_slash_main_00006"},{"time":3.0333,"name":"ef_wind_slash_main/ef_wind_slash_main_00007"},{"time":3.0666,"name":"ef_wind_slash_main/ef_wind_slash_main_00008"},{"time":3.1333,"name":"ef_wind_slash_main/ef_wind_slash_main_00009"},{"time":3.2,"name":"ef_wind_slash_main/ef_wind_slash_main_00010"},{"time":3.2666,"name":"ef_wind_slash_main/ef_wind_slash_main_00011"},{"time":3.3333,"name":"ef_wind_slash_main/ef_wind_slash_main_00012"},{"time":3.4333,"name":"ef_wind_slash_main/ef_wind_slash_main_00013"},{"time":3.5333,"name":"ef_wind_slash_main/ef_wind_slash_main_00014"},{"time":3.6333,"name":null}],"color":[{"time":3.2666,"color":"ffffffff"},{"time":3.5333,"color":"ffffff00"}]}},"bones":{"tuti_main_1":{"translate":[{"time":2.6,"x":-311.6,"y":82.92}],"scale":[{"time":2.6,"x":3.349,"y":3.349}]},"wind_slash_1":{"translate":[{"time":2.6,"x":-342.85,"y":151.54}],"scale":[{"time":2.6,"x":4.834,"y":3.834}]},"rock_1":{"translate":[{"time":2.6,"x":-305.3,"y":297.26}],"scale":[{"time":2.6,"x":3.256,"y":3.256}]},"line_main_1":{"rotate":[{"time":2.6333,"angle":-100.92}],"translate":[{"time":2.6333,"x":-289.12,"y":1096.82}],"scale":[{"time":2.6333,"x":9.062,"y":9.062}]},"slash_bolt1_1":{"rotate":[{"time":2.5333,"angle":-11.77}],"translate":[{"time":2.5333,"x":-263.07,"y":879.16}],"scale":[{"time":2.5333,"x":5.404,"y":6.952},{"time":2.5666,"x":3.278,"y":6.952}]},"wind":{"rotate":[{"time":2.6,"angle":-27.39,"curve":"stepped"},{"time":2.6333,"angle":59.68,"curve":"stepped"},{"time":2.6666,"angle":115.67,"curve":"stepped"},{"time":2.7,"angle":-24.69,"curve":"stepped"},{"time":2.7333,"angle":50.37,"curve":"stepped"},{"time":2.7666,"angle":-27.39,"curve":"stepped"},{"time":2.8,"angle":59.68,"curve":"stepped"},{"time":2.8333,"angle":115.67,"curve":"stepped"},{"time":2.8666,"angle":-24.69,"curve":"stepped"},{"time":2.9,"angle":50.37,"curve":"stepped"},{"time":2.9333,"angle":-27.39,"curve":"stepped"},{"time":2.9666,"angle":59.68,"curve":"stepped"},{"time":3,"angle":115.67,"curve":"stepped"},{"time":3.0333,"angle":-24.69,"curve":"stepped"},{"time":3.0666,"angle":50.37,"curve":"stepped"},{"time":3.1,"angle":-27.39,"curve":"stepped"},{"time":3.1333,"angle":59.68,"curve":"stepped"},{"time":3.1666,"angle":115.67,"curve":"stepped"},{"time":3.2,"angle":-24.69,"curve":"stepped"},{"time":3.2333,"angle":50.37,"curve":"stepped"},{"time":3.2666,"angle":-27.39,"curve":"stepped"},{"time":3.3,"angle":59.68,"curve":"stepped"},{"time":3.3333,"angle":115.67}],"translate":[{"time":2.6,"x":-502.52,"y":174.39}],"scale":[{"time":2.6,"x":9.43,"y":9.43}]},"graund_rock":{"translate":[{"time":2.5666,"x":-530.39,"y":165.66}],"scale":[{"time":2.5666,"x":1.896,"y":1.896}]},"graund_earth_1":{"translate":[{"time":2.5666,"x":55.99,"y":102.99}]},"shock_wave1_1":{"translate":[{"time":2.6666,"x":-707.73,"y":94.36}],"scale":[{"time":2.6666,"x":1.777,"y":1.777},{"time":2.9,"x":3.184,"y":3.184}]},"EX_smoke":{"translate":[{"time":2.6666,"x":-727.9,"y":300.77}],"scale":[{"time":2.6666,"x":3.629,"y":3.629}]},"shock_wave2_1":{"translate":[{"time":2.6666,"x":-707.5,"y":295.8,"curve":"stepped"},{"time":3,"x":-707.5,"y":295.8,"curve":[0.077,0.79,0.541,1]},{"time":3.2333,"x":-707.5,"y":297.83}],"scale":[{"time":2.6666,"x":2.263,"y":2.263,"curve":[0.063,0.79,0.68,1]},{"time":3,"x":3.288,"y":2.654}]},"shock_wave2_2":{"translate":[{"time":2.8666,"x":-707.5,"y":295.8,"curve":"stepped"},{"time":3.2,"x":-707.5,"y":295.8,"curve":[0.077,0.79,0.541,1]},{"time":3.4333,"x":-707.5,"y":297.83}],"scale":[{"time":2.8666,"x":2.7,"y":2.122}]},"tuti_main_2":{"translate":[{"time":2.8,"x":-314.17,"y":75.12}],"scale":[{"time":2.8,"x":3.349,"y":3.349}]},"rock_2":{"translate":[{"time":2.7666,"x":-305.3,"y":297.26}],"scale":[{"time":2.7666,"x":3.256,"y":3.256}]},"slash_bolt2_1":{"rotate":[{"time":2.6,"angle":-98.07}],"translate":[{"time":2.6,"x":-399.5,"y":1343.19}],"scale":[{"time":2.6,"x":6.914,"y":28.244},{"time":2.6666,"x":6.914,"y":9.227}]},"tuti_main_3":{"translate":[{"time":3,"x":-314.17,"y":75.12}],"scale":[{"time":3,"x":3.349,"y":3.349}]},"wind_slash_3":{"translate":[{"time":2.9,"x":-382.37,"y":152.84}],"scale":[{"time":2.9,"x":-4.812,"y":5.045}]},"wind_slash_2":{"translate":[{"time":2.8,"x":-272.24,"y":251.41}],"scale":[{"time":2.8,"x":3.701,"y":3.834}]},"shock_wave2_4":{"rotate":[{"time":2.5666,"angle":-11.61}],"translate":[{"time":2.5666,"x":-760.93,"y":205.14}],"scale":[{"time":2.5666,"x":2.04,"y":4.909}]},"graund_earth_2":{"translate":[{"time":2.5666,"x":-35.25,"y":100.23}],"scale":[{"time":2.5666,"x":-1,"y":1}]},"graund_earth_4":{"rotate":[{"time":2.5666,"angle":26.79}],"translate":[{"time":2.5666,"x":-60.21,"y":86.83}],"scale":[{"time":2.5666,"x":0.789,"y":0.65}]},"graund_earth_3":{"rotate":[{"time":2.5666,"angle":175.23}],"translate":[{"time":2.5666,"x":83.71,"y":91.07}],"scale":[{"time":2.5666,"x":0.903,"y":0.903}]}},"drawOrder":[{"time":2.5666,"offsets":[{"slot":"ef_shock_wave_main/ef_shock_wave_main_4","offset":13}]}]},"2-skill3":{"slots":{"ef_EX_smoke_main/ef_EX_smoke_main_00002":{"attachment":[{"time":3.0333,"name":"ef_EX_smoke_main/ef_EX_smoke_main_00010"},{"time":3.1,"name":"ef_EX_smoke_main/ef_EX_smoke_main_00012"},{"time":3.1666,"name":"ef_EX_smoke_main/ef_EX_smoke_main_00013"},{"time":3.2333,"name":"ef_EX_smoke_main/ef_EX_smoke_main_00014"},{"time":3.3,"name":"ef_EX_smoke_main/ef_EX_smoke_main_00015"},{"time":3.3666,"name":"ef_EX_smoke_main/ef_EX_smoke_main_00016"},{"time":3.4333,"name":null}]},"ef_graund_earth_main/ef_graund_earth_main_00002":{"attachment":[{"time":2.9333,"name":"ef_graund_earth_main/ef_graund_earth_main_00002"}],"color":[{"time":3.7333,"color":"ffffffff"},{"time":4,"color":"ffffff00"}]},"ef_graund_earth_main/ef_graund_earth_main_2":{"attachment":[{"time":2.9333,"name":"ef_graund_earth_main/ef_graund_earth_main_00002"}],"color":[{"time":3.7333,"color":"ffffffff"},{"time":4,"color":"ffffff00"}]},"ef_graund_earth_main/ef_graund_earth_main_3":{"attachment":[{"time":2.9333,"name":"ef_graund_earth_main/ef_graund_earth_main_00002"}],"color":[{"time":3.7333,"color":"ffffffff"},{"time":4,"color":"ffffff00"}]},"ef_graund_earth_main/ef_graund_earth_main_4":{"attachment":[{"time":2.9333,"name":"ef_graund_earth_main/ef_graund_earth_main_00002"}],"color":[{"time":3.7333,"color":"ffffffff"},{"time":4,"color":"ffffff00"}]},"ef_graund_rock_main/ef_graund_rock_main_00002":{"attachment":[{"time":2.9333,"name":"ef_graund_rock_main/ef_graund_rock_main_00002"}],"color":[{"time":3.7333,"color":"ffffffff"},{"time":4,"color":"ffffff00"}]},"ef_line_main/ef_line_main_00001":{"attachment":[{"time":3,"name":"ef_line_main/ef_line_main_00001"},{"time":3.0333,"name":"ef_line_main/ef_line_main_00003"},{"time":3.0666,"name":"ef_line_main/ef_line_main_00005"},{"time":3.1,"name":"ef_line_main/ef_line_main_00007"},{"time":3.1333,"name":"ef_line_main/ef_line_main_00009"},{"time":3.1666,"name":"ef_line_main/ef_line_main_00011"},{"time":3.2,"name":null},{"time":3.6666,"name":"ef_line_main/ef_line_main_00001"},{"time":3.7,"name":"ef_line_main/ef_line_main_00003"},{"time":3.7333,"name":"ef_line_main/ef_line_main_00005"},{"time":3.7666,"name":"ef_line_main/ef_line_main_00007"},{"time":3.8,"name":"ef_line_main/ef_line_main_00009"},{"time":3.8333,"name":"ef_line_main/ef_line_main_00011"},{"time":3.8666,"name":null}]},"ef_line_main/ef_line_main_1":{"attachment":[{"time":3.7333,"name":"ef_line_main/ef_line_main_00001"},{"time":3.7666,"name":"ef_line_main/ef_line_main_00003"},{"time":3.8,"name":"ef_line_main/ef_line_main_00005"},{"time":3.8333,"name":"ef_line_main/ef_line_main_00007"},{"time":3.8666,"name":"ef_line_main/ef_line_main_00009"},{"time":3.9,"name":"ef_line_main/ef_line_main_00011"},{"time":3.9333,"name":null}]},"ef_line_main/ef_line_main_2":{"attachment":[{"time":3.8,"name":"ef_line_main/ef_line_main_00001"},{"time":3.8333,"name":"ef_line_main/ef_line_main_00003"},{"time":3.8666,"name":"ef_line_main/ef_line_main_00005"},{"time":3.9,"name":"ef_line_main/ef_line_main_00007"},{"time":3.9333,"name":"ef_line_main/ef_line_main_00009"},{"time":3.9666,"name":"ef_line_main/ef_line_main_00011"},{"time":4,"name":null}]},"ef_rock_main/ef_rock_main_00002":{"attachment":[{"time":2.9666,"name":"ef_rock_main/ef_rock_main_00002"},{"time":3,"name":"ef_rock_main/ef_rock_main_00004"},{"time":3.0333,"name":"ef_rock_main/ef_rock_main_00006"},{"time":3.0666,"name":"ef_rock_main/ef_rock_main_00008"},{"time":3.1333,"name":"ef_rock_main/ef_rock_main_00010"},{"time":3.2,"name":"ef_rock_main/ef_rock_main_00012"},{"time":3.2666,"name":"ef_rock_main/ef_rock_main_00014"},{"time":3.3333,"name":null},{"time":3.6333,"name":"ef_rock_main/ef_rock_main_00002"},{"time":3.6666,"name":"ef_rock_main/ef_rock_main_00004"},{"time":3.7,"name":"ef_rock_main/ef_rock_main_00006"},{"time":3.7333,"name":"ef_rock_main/ef_rock_main_00008"},{"time":3.8,"name":"ef_rock_main/ef_rock_main_00010"},{"time":3.8666,"name":"ef_rock_main/ef_rock_main_00012"},{"time":3.9333,"name":"ef_rock_main/ef_rock_main_00014"},{"time":4,"name":null}]},"ef_rock_main/ef_rock_main_2":{"attachment":[{"time":3.1333,"name":"ef_rock_main/ef_rock_main_00002"},{"time":3.1666,"name":"ef_rock_main/ef_rock_main_00004"},{"time":3.2,"name":"ef_rock_main/ef_rock_main_00006"},{"time":3.2333,"name":"ef_rock_main/ef_rock_main_00008"},{"time":3.3,"name":"ef_rock_main/ef_rock_main_00010"},{"time":3.3666,"name":"ef_rock_main/ef_rock_main_00012"},{"time":3.4333,"name":"ef_rock_main/ef_rock_main_00014"},{"time":3.5,"name":null},{"time":3.8,"name":"ef_rock_main/ef_rock_main_00002"},{"time":3.8333,"name":"ef_rock_main/ef_rock_main_00004"},{"time":3.8666,"name":"ef_rock_main/ef_rock_main_00006"},{"time":3.9,"name":"ef_rock_main/ef_rock_main_00008"},{"time":3.9666,"name":"ef_rock_main/ef_rock_main_00010"},{"time":4.0333,"name":"ef_rock_main/ef_rock_main_00012"},{"time":4.1,"name":"ef_rock_main/ef_rock_main_00014"},{"time":4.1666,"name":null}]},"ef_rock_main/ef_rock_main_3":{"attachment":[{"time":3.8,"name":"ef_rock_main/ef_rock_main_00002"},{"time":3.8666,"name":"ef_rock_main/ef_rock_main_00004"},{"time":3.9333,"name":"ef_rock_main/ef_rock_main_00006"},{"time":4,"name":"ef_rock_main/ef_rock_main_00008"},{"time":4.0666,"name":"ef_rock_main/ef_rock_main_00010"},{"time":4.1333,"name":"ef_rock_main/ef_rock_main_00012"},{"time":4.2,"name":"ef_rock_main/ef_rock_main_00014"},{"time":4.2666,"name":null}]},"ef_shock_wave_main 2/ef_shock_wave_main 2_00002":{"attachment":[{"time":2.9333,"name":"ef_shock_wave_main 2/ef_shock_wave_main 2_00002"},{"time":2.9666,"name":"ef_shock_wave_main 2/ef_shock_wave_main 2_00004"},{"time":3,"name":"ef_shock_wave_main 2/ef_shock_wave_main 2_00006"},{"time":3.0333,"name":"ef_shock_wave_main 2/ef_shock_wave_main 2_00008"},{"time":3.0666,"name":"ef_shock_wave_main 2/ef_shock_wave_main 2_00010"},{"time":3.1,"name":"ef_shock_wave_main 2/ef_shock_wave_main 2_00012"},{"time":3.1333,"name":"ef_shock_wave_main 2/ef_shock_wave_main 2_00014"},{"time":3.1666,"name":null}]},"ef_shock_wave_main/ef_shock_wave_main_00002":{"attachment":[{"time":2.9333,"name":"ef_shock_wave_main/ef_shock_wave_main_00002"},{"time":3,"name":"ef_shock_wave_main/ef_shock_wave_main_00004"},{"time":3.0666,"name":"ef_shock_wave_main/ef_shock_wave_main_00006"},{"time":3.1333,"name":"ef_shock_wave_main/ef_shock_wave_main_00008"},{"time":3.2,"name":"ef_shock_wave_main/ef_shock_wave_main_00010"},{"time":3.2666,"name":"ef_shock_wave_main/ef_shock_wave_main_00012"},{"time":3.3333,"name":"ef_shock_wave_main/ef_shock_wave_main_00014"},{"time":3.5,"name":null},{"time":3.6333,"name":"ef_shock_wave_main/ef_shock_wave_main_00002"},{"time":3.7,"name":"ef_shock_wave_main/ef_shock_wave_main_00004"},{"time":3.7666,"name":"ef_shock_wave_main/ef_shock_wave_main_00006"},{"time":3.8333,"name":"ef_shock_wave_main/ef_shock_wave_main_00008"},{"time":3.9333,"name":"ef_shock_wave_main/ef_shock_wave_main_00010"},{"time":4.0333,"name":"ef_shock_wave_main/ef_shock_wave_main_00012"},{"time":4.1333,"name":"ef_shock_wave_main/ef_shock_wave_main_00014"},{"time":4.2333,"name":null}],"color":[{"time":2.9333,"color":"ffffffff","curve":"stepped"},{"time":3.2666,"color":"ffffffff"},{"time":3.5,"color":"ffffff00","curve":"stepped"},{"time":3.6333,"color":"ffffff6f","curve":"stepped"},{"time":3.9333,"color":"ffffff6f"},{"time":4.2333,"color":"ffffff00"}]},"ef_shock_wave_main/ef_shock_wave_main_2":{"attachment":[{"time":3.6333,"name":"ef_shock_wave_main/ef_shock_wave_main_00002"},{"time":3.7,"name":"ef_shock_wave_main/ef_shock_wave_main_00004"},{"time":3.7666,"name":"ef_shock_wave_main/ef_shock_wave_main_00006"},{"time":3.8333,"name":"ef_shock_wave_main/ef_shock_wave_main_00008"},{"time":3.9333,"name":"ef_shock_wave_main/ef_shock_wave_main_00010"},{"time":4.0333,"name":"ef_shock_wave_main/ef_shock_wave_main_00012"},{"time":4.1333,"name":"ef_shock_wave_main/ef_shock_wave_main_00014"},{"time":4.2333,"name":null}],"color":[{"time":3.6333,"color":"ffffff6f","curve":"stepped"},{"time":3.9333,"color":"ffffff6f"},{"time":4.2333,"color":"ffffff00"}]},"ef_shock_wave_main/ef_shock_wave_main_3":{"attachment":[{"time":3.6666,"name":"ef_shock_wave_main/ef_shock_wave_main_00002"},{"time":3.7333,"name":"ef_shock_wave_main/ef_shock_wave_main_00004"},{"time":3.8,"name":"ef_shock_wave_main/ef_shock_wave_main_00006"},{"time":3.8666,"name":"ef_shock_wave_main/ef_shock_wave_main_00008"},{"time":3.9666,"name":"ef_shock_wave_main/ef_shock_wave_main_00010"},{"time":4.0666,"name":"ef_shock_wave_main/ef_shock_wave_main_00012"},{"time":4.1666,"name":"ef_shock_wave_main/ef_shock_wave_main_00014"},{"time":4.2666,"name":null}],"color":[{"time":3.6666,"color":"ffffff6f","curve":"stepped"},{"time":3.9666,"color":"ffffff6f"},{"time":4.2666,"color":"ffffff00"}]},"ef_shock_wave_main/ef_shock_wave_main_4":{"attachment":[{"time":2.9,"name":"ef_shock_wave_main/ef_shock_wave_main_00004"},{"time":2.9666,"name":"ef_shock_wave_main/ef_shock_wave_main_00006"},{"time":3.0333,"name":"ef_shock_wave_main/ef_shock_wave_main_00008"},{"time":3.1,"name":"ef_shock_wave_main/ef_shock_wave_main_00010"},{"time":3.1666,"name":"ef_shock_wave_main/ef_shock_wave_main_00012"},{"time":3.2333,"name":"ef_shock_wave_main/ef_shock_wave_main_00014"},{"time":3.4,"name":null},{"time":3.6666,"name":"ef_shock_wave_main/ef_shock_wave_main_00002"},{"time":3.7333,"name":"ef_shock_wave_main/ef_shock_wave_main_00004"},{"time":3.8,"name":"ef_shock_wave_main/ef_shock_wave_main_00006"},{"time":3.8666,"name":"ef_shock_wave_main/ef_shock_wave_main_00008"},{"time":3.9666,"name":"ef_shock_wave_main/ef_shock_wave_main_00010"},{"time":4.0666,"name":"ef_shock_wave_main/ef_shock_wave_main_00012"},{"time":4.1666,"name":"ef_shock_wave_main/ef_shock_wave_main_00014"},{"time":4.2666,"name":null}],"color":[{"time":2.9,"color":"ffffffff","curve":"stepped"},{"time":3.1666,"color":"ffffffff"},{"time":3.4,"color":"ffffff00","curve":"stepped"},{"time":3.6666,"color":"ffffff6f","curve":"stepped"},{"time":3.9666,"color":"ffffff6f"},{"time":4.2666,"color":"ffffff00"}]},"ef_shock_wave_main/ef_shock_wave_main_5":{"attachment":[{"time":3.7,"name":"ef_shock_wave_main/ef_shock_wave_main_00002"},{"time":3.7666,"name":"ef_shock_wave_main/ef_shock_wave_main_00004"},{"time":3.8333,"name":"ef_shock_wave_main/ef_shock_wave_main_00006"},{"time":3.9,"name":"ef_shock_wave_main/ef_shock_wave_main_00008"},{"time":4,"name":"ef_shock_wave_main/ef_shock_wave_main_00010"},{"time":4.1,"name":"ef_shock_wave_main/ef_shock_wave_main_00012"},{"time":4.2,"name":"ef_shock_wave_main/ef_shock_wave_main_00014"},{"time":4.3,"name":null}],"color":[{"time":3.7,"color":"ffffff6f","curve":"stepped"},{"time":4,"color":"ffffff6f"},{"time":4.3,"color":"ffffff00"}]},"ef_shock_wave_main/ef_shock_wave_main_6":{"attachment":[{"time":3.7,"name":"ef_shock_wave_main/ef_shock_wave_main_00002"},{"time":3.7666,"name":"ef_shock_wave_main/ef_shock_wave_main_00004"},{"time":3.8333,"name":"ef_shock_wave_main/ef_shock_wave_main_00006"},{"time":3.9,"name":"ef_shock_wave_main/ef_shock_wave_main_00008"},{"time":4,"name":"ef_shock_wave_main/ef_shock_wave_main_00010"},{"time":4.1,"name":"ef_shock_wave_main/ef_shock_wave_main_00012"},{"time":4.2,"name":"ef_shock_wave_main/ef_shock_wave_main_00014"},{"time":4.3,"name":null}],"color":[{"time":3.7,"color":"ffffff6f","curve":"stepped"},{"time":4,"color":"ffffff6f"},{"time":4.3,"color":"ffffff00"}]},"ef_slash_bolt2_main/ef_slash_bolt_main_00001":{"attachment":[{"time":2.9666,"name":"ef_slash_bolt2_main/ef_slash_bolt_main_00001"},{"time":3,"name":"ef_slash_bolt2_main/ef_slash_bolt_main_00002"},{"time":3.0333,"name":"ef_slash_bolt2_main/ef_slash_bolt_main_00003"},{"time":3.0666,"name":"ef_slash_bolt2_main/ef_slash_bolt_main_00004"},{"time":3.1,"name":"ef_slash_bolt2_main/ef_slash_bolt_main_00005"},{"time":3.1333,"name":"ef_slash_bolt2_main/ef_slash_bolt_main_00018"},{"time":3.1666,"name":"ef_slash_bolt2_main/ef_slash_bolt_main_00019"},{"time":3.2,"name":"ef_slash_bolt2_main/ef_slash_bolt_main_00020"},{"time":3.2333,"name":null},{"time":3.6333,"name":"ef_slash_bolt2_main/ef_slash_bolt_main_00001"},{"time":3.6666,"name":"ef_slash_bolt2_main/ef_slash_bolt_main_00002"},{"time":3.7,"name":"ef_slash_bolt2_main/ef_slash_bolt_main_00003"},{"time":3.7333,"name":"ef_slash_bolt2_main/ef_slash_bolt_main_00004"},{"time":3.7666,"name":"ef_slash_bolt2_main/ef_slash_bolt_main_00005"},{"time":3.8,"name":"ef_slash_bolt2_main/ef_slash_bolt_main_00018"},{"time":3.8333,"name":"ef_slash_bolt2_main/ef_slash_bolt_main_00019"},{"time":3.8666,"name":"ef_slash_bolt2_main/ef_slash_bolt_main_00020"},{"time":3.9,"name":null}]},"ef_slash_bolt_main/ef_slash_bolt_main_00001":{"attachment":[{"time":2.9,"name":"ef_slash_bolt_main/ef_slash_bolt_main_00001"},{"time":2.9333,"name":"ef_slash_bolt_main/ef_slash_bolt_main_00002"},{"time":2.9666,"name":"ef_slash_bolt_main/ef_slash_bolt_main_00003"},{"time":3,"name":"ef_slash_bolt_main/ef_slash_bolt_main_00004"},{"time":3.0333,"name":null},{"time":3.6333,"name":"ef_slash_bolt_main/ef_slash_bolt_main_00001"},{"time":3.6666,"name":"ef_slash_bolt_main/ef_slash_bolt_main_00002"},{"time":3.7,"name":"ef_slash_bolt_main/ef_slash_bolt_main_00003"},{"time":3.7333,"name":"ef_slash_bolt_main/ef_slash_bolt_main_00004"},{"time":3.7666,"name":null}]},"ef_tuti_main/ef_tuti_main_00003":{"attachment":[{"time":2.9333,"name":"ef_tuti_main/ef_tuti_main_00003"},{"time":3,"name":"ef_tuti_main/ef_tuti_main_00005"},{"time":3.0666,"name":"ef_tuti_main/ef_tuti_main_00007"},{"time":3.1333,"name":"ef_tuti_main/ef_tuti_main_00009"},{"time":3.2,"name":"ef_tuti_main/ef_tuti_main_00011"},{"time":3.2666,"name":"ef_tuti_main/ef_tuti_main_00013"},{"time":3.3333,"name":"ef_tuti_main/ef_tuti_main_00015"},{"time":3.4,"name":"ef_tuti_main/ef_tuti_main_00017"},{"time":3.4666,"name":null},{"time":3.6666,"name":"ef_tuti_main/ef_tuti_main_00003"},{"time":3.7333,"name":"ef_tuti_main/ef_tuti_main_00005"},{"time":3.8,"name":"ef_tuti_main/ef_tuti_main_00007"},{"time":3.8666,"name":"ef_tuti_main/ef_tuti_main_00009"},{"time":3.9333,"name":"ef_tuti_main/ef_tuti_main_00011"},{"time":4,"name":"ef_tuti_main/ef_tuti_main_00013"},{"time":4.0666,"name":"ef_tuti_main/ef_tuti_main_00015"},{"time":4.1666,"name":"ef_tuti_main/ef_tuti_main_00017"},{"time":4.2666,"name":null}]},"ef_tuti_main/ef_tuti_main_3":{"attachment":[{"time":3.1333,"name":"ef_tuti_main/ef_tuti_main_00003"},{"time":3.2,"name":"ef_tuti_main/ef_tuti_main_00005"},{"time":3.2666,"name":"ef_tuti_main/ef_tuti_main_00007"},{"time":3.3333,"name":"ef_tuti_main/ef_tuti_main_00009"},{"time":3.4,"name":"ef_tuti_main/ef_tuti_main_00011"},{"time":3.4666,"name":"ef_tuti_main/ef_tuti_main_00013"},{"time":3.5333,"name":"ef_tuti_main/ef_tuti_main_00015"},{"time":3.6,"name":"ef_tuti_main/ef_tuti_main_00017"},{"time":3.6666,"name":null},{"time":3.8666,"name":"ef_tuti_main/ef_tuti_main_00003"},{"time":3.9333,"name":"ef_tuti_main/ef_tuti_main_00005"},{"time":4,"name":"ef_tuti_main/ef_tuti_main_00007"},{"time":4.0666,"name":"ef_tuti_main/ef_tuti_main_00009"},{"time":4.1333,"name":"ef_tuti_main/ef_tuti_main_00011"},{"time":4.2,"name":"ef_tuti_main/ef_tuti_main_00013"},{"time":4.2666,"name":"ef_tuti_main/ef_tuti_main_00015"},{"time":4.3333,"name":"ef_tuti_main/ef_tuti_main_00017"},{"time":4.4,"name":null}],"color":[{"time":3.1333,"color":"ffffff00"},{"time":3.2666,"color":"ffffffff","curve":"stepped"},{"time":3.8666,"color":"ffffff00"},{"time":4,"color":"ffffffff","curve":"stepped"},{"time":4.0666,"color":"ffffffff"},{"time":4.3666,"color":"ffffff00"}]},"ef_tuti_main/ef_tuti_main_4":{"attachment":[{"time":3.7666,"name":"ef_tuti_main/ef_tuti_main_00003"},{"time":3.8333,"name":"ef_tuti_main/ef_tuti_main_00005"},{"time":3.9,"name":"ef_tuti_main/ef_tuti_main_00007"},{"time":3.9666,"name":"ef_tuti_main/ef_tuti_main_00009"},{"time":4.0333,"name":"ef_tuti_main/ef_tuti_main_00011"},{"time":4.1,"name":"ef_tuti_main/ef_tuti_main_00013"},{"time":4.1666,"name":"ef_tuti_main/ef_tuti_main_00015"},{"time":4.2333,"name":"ef_tuti_main/ef_tuti_main_00017"},{"time":4.3,"name":null}]},"ef_wind_main/ef_wind_main_00005":{"attachment":[{"time":3,"name":"ef_wind_main/ef_wind_main_00005"}],"color":[{"time":3,"color":"ffffff95","curve":"stepped"},{"time":3.0333,"color":"ffffff95"},{"time":3.4,"color":"ffffff00","curve":"stepped"},{"time":3.7,"color":"ffffff95","curve":"stepped"},{"time":3.8666,"color":"ffffff95"},{"time":4.2333,"color":"ffffff00"}]},"ef_wind_slash_main/ef_wind_slash_main_00003":{"attachment":[{"time":2.9666,"name":"ef_wind_slash_main/ef_wind_slash_main_00003"},{"time":3,"name":"ef_wind_slash_main/ef_wind_slash_main_00004"},{"time":3.0333,"name":"ef_wind_slash_main/ef_wind_slash_main_00005"},{"time":3.0666,"name":"ef_wind_slash_main/ef_wind_slash_main_00006"},{"time":3.1,"name":"ef_wind_slash_main/ef_wind_slash_main_00007"},{"time":3.1333,"name":"ef_wind_slash_main/ef_wind_slash_main_00008"},{"time":3.1666,"name":"ef_wind_slash_main/ef_wind_slash_main_00009"},{"time":3.2333,"name":"ef_wind_slash_main/ef_wind_slash_main_00010"},{"time":3.3,"name":"ef_wind_slash_main/ef_wind_slash_main_00011"},{"time":3.3666,"name":"ef_wind_slash_main/ef_wind_slash_main_00012"},{"time":3.4333,"name":"ef_wind_slash_main/ef_wind_slash_main_00013"},{"time":3.5,"name":"ef_wind_slash_main/ef_wind_slash_main_00014"},{"time":3.5666,"name":null},{"time":3.6666,"name":"ef_wind_slash_main/ef_wind_slash_main_00003"},{"time":3.7,"name":"ef_wind_slash_main/ef_wind_slash_main_00004"},{"time":3.7333,"name":"ef_wind_slash_main/ef_wind_slash_main_00005"},{"time":3.7666,"name":"ef_wind_slash_main/ef_wind_slash_main_00006"},{"time":3.8,"name":"ef_wind_slash_main/ef_wind_slash_main_00007"},{"time":3.8333,"name":"ef_wind_slash_main/ef_wind_slash_main_00008"},{"time":3.8666,"name":"ef_wind_slash_main/ef_wind_slash_main_00009"},{"time":3.9333,"name":"ef_wind_slash_main/ef_wind_slash_main_00010"},{"time":4,"name":"ef_wind_slash_main/ef_wind_slash_main_00011"},{"time":4.0666,"name":"ef_wind_slash_main/ef_wind_slash_main_00012"},{"time":4.1333,"name":"ef_wind_slash_main/ef_wind_slash_main_00013"},{"time":4.2,"name":"ef_wind_slash_main/ef_wind_slash_main_00014"},{"time":4.2666,"name":null}],"color":[{"time":3.6666,"color":"ffffff9c"}]},"ef_wind_slash_main/ef_wind_slash_main_3":{"attachment":[{"time":3.7666,"name":"ef_wind_slash_main/ef_wind_slash_main_00003"},{"time":3.8,"name":"ef_wind_slash_main/ef_wind_slash_main_00004"},{"time":3.8333,"name":"ef_wind_slash_main/ef_wind_slash_main_00005"},{"time":3.8666,"name":"ef_wind_slash_main/ef_wind_slash_main_00006"},{"time":3.9,"name":"ef_wind_slash_main/ef_wind_slash_main_00007"},{"time":3.9333,"name":"ef_wind_slash_main/ef_wind_slash_main_00008"},{"time":4,"name":"ef_wind_slash_main/ef_wind_slash_main_00009"},{"time":4.0666,"name":"ef_wind_slash_main/ef_wind_slash_main_00010"},{"time":4.1333,"name":"ef_wind_slash_main/ef_wind_slash_main_00011"},{"time":4.2,"name":"ef_wind_slash_main/ef_wind_slash_main_00012"},{"time":4.2666,"name":"ef_wind_slash_main/ef_wind_slash_main_00013"},{"time":4.3333,"name":"ef_wind_slash_main/ef_wind_slash_main_00014"},{"time":4.4,"name":null}],"color":[{"time":3.7666,"color":"ffffff9c"}]},"ef_wind_slash_main/ef_wind_slash_main_4":{"attachment":[{"time":3.8666,"name":"ef_wind_slash_main/ef_wind_slash_main_00003"},{"time":3.9,"name":"ef_wind_slash_main/ef_wind_slash_main_00004"},{"time":3.9333,"name":"ef_wind_slash_main/ef_wind_slash_main_00005"},{"time":3.9666,"name":"ef_wind_slash_main/ef_wind_slash_main_00006"},{"time":4,"name":"ef_wind_slash_main/ef_wind_slash_main_00007"},{"time":4.0666,"name":"ef_wind_slash_main/ef_wind_slash_main_00008"},{"time":4.1333,"name":"ef_wind_slash_main/ef_wind_slash_main_00009"},{"time":4.2,"name":"ef_wind_slash_main/ef_wind_slash_main_00010"},{"time":4.2666,"name":"ef_wind_slash_main/ef_wind_slash_main_00011"},{"time":4.3333,"name":"ef_wind_slash_main/ef_wind_slash_main_00012"},{"time":4.4,"name":"ef_wind_slash_main/ef_wind_slash_main_00013"},{"time":4.4666,"name":"ef_wind_slash_main/ef_wind_slash_main_00014"},{"time":4.5333,"name":null}],"color":[{"time":3.8666,"color":"ffffff9c","curve":"stepped"},{"time":4,"color":"ffffff9c"},{"time":4.5,"color":"ffffff00"}]}},"bones":{"tuti_main_1":{"translate":[{"time":2.9333,"x":-311.6,"y":82.92,"curve":"stepped"},{"time":3.6666,"x":-311.6,"y":82.92}],"scale":[{"time":2.9333,"x":3.349,"y":3.349,"curve":"stepped"},{"time":3.6666,"x":3.349,"y":3.349}]},"wind_slash_1":{"rotate":[{"time":3.6666,"angle":59.19}],"translate":[{"time":2.9666,"x":-342.85,"y":151.54,"curve":"stepped"},{"time":3.6666,"x":193.24,"y":68.39}],"scale":[{"time":2.9666,"x":3.834,"y":3.834,"curve":"stepped"},{"time":3.6666,"x":3.834,"y":13.641}]},"rock_1":{"rotate":[{"time":3.6333,"angle":19.95}],"translate":[{"time":2.9666,"x":-305.3,"y":297.26,"curve":"stepped"},{"time":3.6333,"x":-305.3,"y":297.26}],"scale":[{"time":2.9666,"x":3.256,"y":3.256,"curve":"stepped"},{"time":3.6333,"x":3.256,"y":3.256}]},"line_main_1":{"rotate":[{"time":3,"angle":-100.92,"curve":"stepped"},{"time":3.6666,"angle":-22.97}],"translate":[{"time":3,"x":-289.12,"y":1096.82,"curve":"stepped"},{"time":3.6666,"x":-1245.14,"y":576.35}],"scale":[{"time":3,"x":9.062,"y":9.062,"curve":"stepped"},{"time":3.6666,"x":9.062,"y":2.542}]},"slash_bolt1_1":{"rotate":[{"time":2.9,"angle":-5.03,"curve":"stepped"},{"time":3.6333,"angle":74.75}],"translate":[{"time":2.9,"x":-360.78,"y":772.06,"curve":"stepped"},{"time":3.6333,"x":-841.34,"y":323.36}],"scale":[{"time":2.9,"x":11.296,"y":6.952,"curve":"stepped"},{"time":3.6333,"x":11.296,"y":9.931}]},"wind":{"rotate":[{"time":3,"angle":-27.39,"curve":"stepped"},{"time":3.0333,"angle":59.68,"curve":"stepped"},{"time":3.0666,"angle":115.67,"curve":"stepped"},{"time":3.1,"angle":-24.69,"curve":"stepped"},{"time":3.1333,"angle":50.37,"curve":"stepped"},{"time":3.1666,"angle":-27.39,"curve":"stepped"},{"time":3.2,"angle":59.68,"curve":"stepped"},{"time":3.2333,"angle":115.67,"curve":"stepped"},{"time":3.2666,"angle":-24.69,"curve":"stepped"},{"time":3.3,"angle":50.37,"curve":"stepped"},{"time":3.3333,"angle":-27.39,"curve":"stepped"},{"time":3.3666,"angle":59.68,"curve":"stepped"},{"time":3.4,"angle":115.67,"curve":"stepped"},{"time":3.4333,"angle":-24.69,"curve":"stepped"},{"time":3.4666,"angle":50.37,"curve":"stepped"},{"time":3.5,"angle":-27.39,"curve":"stepped"},{"time":3.5333,"angle":59.68,"curve":"stepped"},{"time":3.5666,"angle":115.67,"curve":"stepped"},{"time":3.6,"angle":-24.69,"curve":"stepped"},{"time":3.6333,"angle":50.37,"curve":"stepped"},{"time":3.6666,"angle":-27.39,"curve":"stepped"},{"time":3.7,"angle":59.68,"curve":"stepped"},{"time":3.7333,"angle":115.67,"curve":"stepped"},{"time":3.7666,"angle":-24.69,"curve":"stepped"},{"time":3.8,"angle":50.37,"curve":"stepped"},{"time":3.8333,"angle":50.37,"curve":"stepped"},{"time":3.8666,"angle":-27.39,"curve":"stepped"},{"time":3.9,"angle":59.68,"curve":"stepped"},{"time":3.9333,"angle":115.67,"curve":"stepped"},{"time":3.9666,"angle":-24.69,"curve":"stepped"},{"time":4,"angle":50.37,"curve":"stepped"},{"time":4.0333,"angle":-27.39,"curve":"stepped"},{"time":4.0666,"angle":59.68,"curve":"stepped"},{"time":4.1,"angle":50.37,"curve":"stepped"},{"time":4.1333,"angle":-27.39,"curve":"stepped"},{"time":4.1666,"angle":59.68,"curve":"stepped"},{"time":4.2,"angle":115.67,"curve":"stepped"},{"time":4.2333,"angle":-24.69,"curve":"stepped"},{"time":4.2666,"angle":50.37,"curve":"stepped"},{"time":4.3,"angle":-27.39,"curve":"stepped"},{"time":4.3333,"angle":59.68,"curve":"stepped"},{"time":4.3666,"angle":59.68,"curve":"stepped"},{"time":4.4,"angle":115.67,"curve":"stepped"},{"time":4.4333,"angle":-24.69,"curve":"stepped"},{"time":4.4666,"angle":50.37,"curve":"stepped"},{"time":4.5,"angle":-27.39,"curve":"stepped"},{"time":4.5333,"angle":59.68,"curve":"stepped"},{"time":4.5666,"angle":50.37,"curve":"stepped"},{"time":4.6,"angle":-27.39,"curve":"stepped"},{"time":4.6333,"angle":59.68}],"translate":[{"time":3,"x":-502.52,"y":174.39}],"scale":[{"time":3,"x":8.94,"y":8.94}]},"graund_rock":{"translate":[{"time":2.9333,"x":-530.39,"y":165.66}],"scale":[{"time":2.9333,"x":1.896,"y":1.896}]},"graund_earth_1":{"translate":[{"time":2.9333,"x":55.99,"y":102.99}]},"shock_wave1_1":{"translate":[{"time":2.9333,"x":-707.73,"y":94.36}],"scale":[{"time":2.9333,"x":1.777,"y":1.777},{"time":3.1666,"x":3.184,"y":3.184}]},"EX_smoke":{"translate":[{"time":3.0333,"x":-727.9,"y":300.77}],"scale":[{"time":3.0333,"x":3.629,"y":3.629}]},"shock_wave2_1":{"rotate":[{"time":3.6333,"angle":65.57}],"translate":[{"time":2.9333,"x":-707.5,"y":295.8,"curve":"stepped"},{"time":3.2666,"x":-707.5,"y":295.8,"curve":[0.077,0.79,0.541,1]},{"time":3.5,"x":-707.5,"y":297.83,"curve":"stepped"},{"time":3.6333,"x":-88.63,"y":78.08}],"scale":[{"time":2.9333,"x":3.753,"y":2.938,"curve":"stepped"},{"time":3.6333,"x":-1.441,"y":2.652}]},"shock_wave2_2":{"rotate":[{"time":3.6333,"angle":62.38}],"translate":[{"time":3.6333,"x":-43.96,"y":95.95}],"scale":[{"time":3.6333,"x":1.396,"y":2.568}]},"tuti_main_2":{"translate":[{"time":3.1333,"x":-314.17,"y":75.12,"curve":"stepped"},{"time":3.8666,"x":-314.17,"y":75.12}],"scale":[{"time":3.1333,"x":3.349,"y":3.349,"curve":"stepped"},{"time":3.8666,"x":3.349,"y":3.349}]},"rock_2":{"rotate":[{"time":3.8,"angle":33.77}],"translate":[{"time":3.1333,"x":-305.3,"y":297.26,"curve":"stepped"},{"time":3.8,"x":-401.34,"y":388.38}],"scale":[{"time":3.1333,"x":3.256,"y":3.256,"curve":"stepped"},{"time":3.8,"x":2.793,"y":2.793}]},"slash_bolt2_1":{"rotate":[{"time":2.9666,"angle":-98.07,"curve":"stepped"},{"time":3.6333,"angle":-23.11}],"translate":[{"time":2.9666,"x":-399.5,"y":1343.19,"curve":"stepped"},{"time":3.6333,"x":-1408.31,"y":870.36}],"scale":[{"time":2.9666,"x":6.914,"y":13.496,"curve":"stepped"},{"time":3.6333,"x":10.238,"y":53.614},{"time":3.6666,"x":10.238,"y":50.528},{"time":3.7333,"x":10.238,"y":10.111,"curve":"stepped"},{"time":4.2333,"x":10.238,"y":10.111},{"time":4.3666,"x":10.238,"y":1.765}]},"shock_wave2_3":{"rotate":[{"time":3.6666,"angle":65.57}],"translate":[{"time":3.6666,"x":-245.73,"y":135.8}],"scale":[{"time":3.6666,"x":2.328,"y":4.22}]},"shock_wave2_4":{"rotate":[{"time":2.9,"angle":-11.61,"curve":"stepped"},{"time":3.6666,"angle":65.57}],"translate":[{"time":2.9,"x":-760.93,"y":205.14,"curve":"stepped"},{"time":3.6666,"x":-218.35,"y":185.73}],"scale":[{"time":2.9,"x":2.04,"y":4.909,"curve":"stepped"},{"time":3.6666,"x":-2.56,"y":4.22}]},"shock_wave2_6":{"rotate":[{"time":3.7,"angle":58.07}],"translate":[{"time":3.7,"x":-493.16,"y":224.16}],"scale":[{"time":3.7,"x":2.93,"y":4.442}]},"shock_wave2_5":{"rotate":[{"time":3.7,"angle":67.36}],"translate":[{"time":3.7,"x":-550.85,"y":287.55}],"scale":[{"time":3.7,"x":-2.738,"y":4.442}]},"tuti_main_3":{"translate":[{"time":3.3,"x":0,"y":0,"curve":"stepped"},{"time":3.7666,"x":-314.17,"y":75.12}],"scale":[{"time":3.7666,"x":3.349,"y":3.349}]},"line_main_3":{"rotate":[{"time":3.8,"angle":-22.97}],"translate":[{"time":3.8,"x":-1041.7,"y":519.84}],"scale":[{"time":3.8,"x":9.062,"y":2.542}]},"line_main_2":{"rotate":[{"time":3.7333,"angle":-22.97}],"translate":[{"time":3.7333,"x":-959,"y":1009.08}],"scale":[{"time":3.7333,"x":9.062,"y":2.542}]},"wind_slash_3":{"rotate":[{"time":3.8666,"angle":59.19}],"translate":[{"time":3.8666,"x":72.65,"y":35.83}],"scale":[{"time":3.8666,"x":-3.83,"y":13.641}]},"wind_slash_2":{"rotate":[{"time":3.7666,"angle":59.19}],"translate":[{"time":3.7666,"x":272.75,"y":-14.1}],"scale":[{"time":3.7666,"x":3.834,"y":13.641}]},"graund_earth_4":{"rotate":[{"time":2.9333,"angle":26.79}],"translate":[{"time":2.9333,"x":-60.21,"y":86.83}],"scale":[{"time":2.9333,"x":0.789,"y":0.65}]},"graund_earth_3":{"rotate":[{"time":2.9333,"angle":175.23}],"translate":[{"time":2.9333,"x":83.71,"y":91.07}],"scale":[{"time":2.9333,"x":0.903,"y":0.903}]},"graund_earth_2":{"translate":[{"time":2.9333,"x":-35.25,"y":100.23}],"scale":[{"time":2.9333,"x":-1,"y":1}]},"rock_3":{"rotate":[{"time":3.8,"angle":33.77}],"translate":[{"time":3.8,"x":-227.92,"y":288.84}],"scale":[{"time":3.8,"x":3.667,"y":3.667}]}},"drawOrder":[{"time":2.9,"offsets":[{"slot":"ef_shock_wave_main/ef_shock_wave_main_4","offset":13}]}]},"none":{}}}