{"skeleton":{"hash":"INye5GZgLyuBWUC1tJo9zyxeFhA","spine":"3.0.12","width":0,"height":0},"bones":[{"name":"root"},{"name":"MAIN","parent":"root","y":100},{"name":"HITBOX","parent":"MAIN","y":-35.75,"scaleX":0.563},{"name":"EF_eyelight1_1","parent":"MAIN","x":1.51,"y":17.81,"scaleX":0.689,"scaleY":0.689},{"name":"EF_sprash1_1","parent":"root","x":200,"y":50},{"name":"EF_sphire1_1","parent":"root","x":200,"y":100},{"name":"EF_rot_wave1_3","parent":"root","x":350},{"name":"EF_rot_wave1_2","parent":"root","x":350},{"name":"EF_rot_wave1_1","parent":"root","x":350},{"name":"EF_magic1_1","parent":"root","x":350,"y":50,"scaleX":0.981,"scaleY":0.981},{"name":"EF_magic2_1","parent":"EF_magic1_1"},{"name":"EF_groundwave1_5","parent":"root","x":200},{"name":"EF_groundwave1_4","parent":"root","x":200},{"name":"EF_groundwave1_3","parent":"root","x":200},{"name":"EF_groundwave1_2","parent":"root","x":200},{"name":"EF_groundwave1_1","parent":"root","x":200},{"name":"EF_fireblack1_4","parent":"root","x":300},{"name":"EF_fireblack1_3","parent":"root","x":300},{"name":"EF_fireblack1_2","parent":"root","x":300},{"name":"EF_fireblack1_1","parent":"root","x":300},{"name":"EF_fire1_1","parent":"root","x":300},{"name":"EF_dark_wave1_1","parent":"root","x":200,"y":200},{"name":"EF_circle1_1","parent":"root","x":250,"y":100},{"name":"EF_bloodbubble1_2","parent":"root","x":250},{"name":"EF_bloodbubble1_1","parent":"root","x":250},{"name":"EF_aurablack1_3","parent":"root","x":250,"y":50},{"name":"EF_aurablack1_2","parent":"root","x":250,"y":50},{"name":"EF_aura1_1","parent":"root","x":250,"y":50},{"name":"DAMAGEAREA","parent":"root"},{"name":"stand","parent":"MAIN","x":7,"y":-71},{"name":"stand2","parent":"root","y":29},{"name":"wing","parent":"MAIN","x":5,"y":-1}],"slots":[{"name":"EF_groundwave1_1","bone":"EF_groundwave1_1","blend":"additive"},{"name":"EF_groundwave1_2","bone":"EF_groundwave1_2","blend":"additive"},{"name":"EF_groundwave1_3","bone":"EF_groundwave1_3","blend":"additive"},{"name":"EF_groundwave1_4","bone":"EF_groundwave1_4","blend":"additive"},{"name":"EF_groundwave1_5","bone":"EF_groundwave1_5","blend":"additive"},{"name":"EF_rot_wave1_1","bone":"EF_rot_wave1_1","blend":"additive"},{"name":"EF_rot_wave1_2","bone":"EF_rot_wave1_2","blend":"additive"},{"name":"EF_rot_wave1_3","bone":"EF_rot_wave1_3","blend":"additive"},{"name":"EF_fireblack1_1","bone":"EF_fireblack1_1","color":"000000ff"},{"name":"EF_fireblack1_2","bone":"EF_fireblack1_2","color":"000000ff"},{"name":"EF_fireblack1_3","bone":"EF_fireblack1_3","color":"000000ff"},{"name":"EF_fireblack1_4","bone":"EF_fireblack1_4","color":"000000ff"},{"name":"EF_aura1_2","bone":"EF_aurablack1_2","color":"000000ff"},{"name":"EF_magic2_1","bone":"EF_magic2_1","blend":"additive"},{"name":"EF_magic1_1","bone":"EF_magic1_1","blend":"additive"},{"name":"Wing_MAIN","bone":"wing","attachment":"idle_00_wing"},{"name":"stand","bone":"stand","attachment":"attack_00_stand"},{"name":"stand2","bone":"stand2"},{"name":"MAIN","bone":"MAIN","attachment":"idle_00"},{"name":"EF_aura1_3","bone":"EF_aurablack1_3","color":"000000ff"},{"name":"EF_sphire1_1","bone":"EF_sphire1_1","blend":"additive"},{"name":"EF_circle1_1","bone":"EF_circle1_1","blend":"additive"},{"name":"EF_sprash1_1","bone":"EF_sprash1_1","blend":"additive"},{"name":"EF_aura1_1","bone":"EF_aura1_1","blend":"additive"},{"name":"EF_bloodbubble1_1","bone":"EF_bloodbubble1_1"},{"name":"EF_bloodbubble1_3","bone":"EF_bloodbubble1_1","blend":"additive"},{"name":"EF_bloodbubble1_2","bone":"EF_bloodbubble1_2"},{"name":"EF_bloodbubble1_4","bone":"EF_bloodbubble1_2","blend":"additive"},{"name":"EF_dark_wave1_1","bone":"EF_dark_wave1_1","blend":"additive"},{"name":"EF_fire1_1","bone":"EF_fire1_1","blend":"additive"},{"name":"EF_eyelight1_1","bone":"EF_eyelight1_1","blend":"additive"},{"name":"DAMAGEAREA","bone":"DAMAGEAREA"},{"name":"HITBOX","bone":"HITBOX","attachment":"HITBOX"}],"skins":{"default":{"DAMAGEAREA":{"DAMAGEAREA":{"type":"boundingbox","vertices":[-63.53895,-66.31183,63.70885,-66.31183,64.40421,64.41268,-64.23427,63.02197]}},"EF_aura1_1":{"EF/ef_aura/670_S2_ene2_00003":{"y":25.47,"width":350,"height":350},"EF/ef_aura/670_S2_ene2_00004":{"y":25.47,"width":350,"height":350},"EF/ef_aura/670_S2_ene2_00005":{"y":25.47,"width":350,"height":350},"EF/ef_aura/670_S2_ene2_00007":{"y":25.47,"width":350,"height":350},"EF/ef_aura/670_S2_ene2_00008":{"y":25.47,"width":350,"height":350},"EF/ef_aura/670_S2_ene2_00010":{"y":25.47,"width":350,"height":350},"EF/ef_aura/670_S2_ene2_00013":{"y":25.47,"width":350,"height":350},"EF/ef_aura/670_S2_ene2_00014":{"y":25.47,"width":350,"height":350},"EF/ef_aura/670_S2_ene2_00015":{"y":25.47,"width":350,"height":350}},"EF_aura1_2":{"EF/ef_aura/670_S2_ene2_00003":{"y":25.47,"width":350,"height":350},"EF/ef_aura/670_S2_ene2_00004":{"y":25.47,"width":350,"height":350},"EF/ef_aura/670_S2_ene2_00005":{"y":25.47,"width":350,"height":350},"EF/ef_aura/670_S2_ene2_00007":{"y":25.47,"width":350,"height":350},"EF/ef_aura/670_S2_ene2_00008":{"y":25.47,"width":350,"height":350},"EF/ef_aura/670_S2_ene2_00010":{"y":25.47,"width":350,"height":350},"EF/ef_aura/670_S2_ene2_00013":{"y":25.47,"width":350,"height":350},"EF/ef_aura/670_S2_ene2_00014":{"y":25.47,"width":350,"height":350},"EF/ef_aura/670_S2_ene2_00015":{"y":25.47,"width":350,"height":350}},"EF_aura1_3":{"EF/ef_aura/670_S2_ene2_00003":{"y":25.47,"width":350,"height":350},"EF/ef_aura/670_S2_ene2_00004":{"y":25.47,"width":350,"height":350},"EF/ef_aura/670_S2_ene2_00005":{"y":25.47,"width":350,"height":350},"EF/ef_aura/670_S2_ene2_00007":{"y":25.47,"width":350,"height":350},"EF/ef_aura/670_S2_ene2_00008":{"y":25.47,"width":350,"height":350},"EF/ef_aura/670_S2_ene2_00010":{"y":25.47,"width":350,"height":350},"EF/ef_aura/670_S2_ene2_00013":{"y":25.47,"width":350,"height":350},"EF/ef_aura/670_S2_ene2_00014":{"y":25.47,"width":350,"height":350},"EF/ef_aura/670_S2_ene2_00015":{"y":25.47,"width":350,"height":350}},"EF_bloodbubble1_1":{"EF/ef_bloodbubble/ef_bubble_ram_main_00001":{"width":188,"height":160},"EF/ef_bloodbubble/ef_bubble_ram_main_00003":{"width":188,"height":160},"EF/ef_bloodbubble/ef_bubble_ram_main_00005":{"width":188,"height":160},"EF/ef_bloodbubble/ef_bubble_ram_main_00007":{"width":188,"height":160},"EF/ef_bloodbubble/ef_bubble_ram_main_00009":{"width":188,"height":160},"EF/ef_bloodbubble/ef_bubble_ram_main_00011":{"width":188,"height":160},"EF/ef_bloodbubble/ef_bubble_ram_main_00012":{"width":188,"height":160},"EF/ef_bloodbubble/ef_bubble_ram_main_00014":{"width":188,"height":160},"EF/ef_bloodbubble/ef_bubble_ram_main_00016":{"width":188,"height":160},"EF/ef_bloodbubble/ef_bubble_ram_main_00018":{"width":188,"height":160},"EF/ef_bloodbubble/ef_bubble_ram_main_00020":{"width":188,"height":160},"EF/ef_bloodbubble/ef_bubble_ram_main_00022":{"width":188,"height":160}},"EF_bloodbubble1_2":{"EF/ef_bloodbubble/ef_bubble_ram_main_00001":{"width":188,"height":160},"EF/ef_bloodbubble/ef_bubble_ram_main_00003":{"width":188,"height":160},"EF/ef_bloodbubble/ef_bubble_ram_main_00005":{"width":188,"height":160},"EF/ef_bloodbubble/ef_bubble_ram_main_00007":{"width":188,"height":160},"EF/ef_bloodbubble/ef_bubble_ram_main_00009":{"width":188,"height":160},"EF/ef_bloodbubble/ef_bubble_ram_main_00011":{"width":188,"height":160},"EF/ef_bloodbubble/ef_bubble_ram_main_00012":{"width":188,"height":160},"EF/ef_bloodbubble/ef_bubble_ram_main_00014":{"width":188,"height":160},"EF/ef_bloodbubble/ef_bubble_ram_main_00016":{"width":188,"height":160},"EF/ef_bloodbubble/ef_bubble_ram_main_00018":{"width":188,"height":160},"EF/ef_bloodbubble/ef_bubble_ram_main_00020":{"width":188,"height":160},"EF/ef_bloodbubble/ef_bubble_ram_main_00022":{"width":188,"height":160}},"EF_bloodbubble1_3":{"EF/ef_bloodbubble/ef_bubble_ram_main_00001":{"width":188,"height":160},"EF/ef_bloodbubble/ef_bubble_ram_main_00003":{"width":188,"height":160},"EF/ef_bloodbubble/ef_bubble_ram_main_00005":{"width":188,"height":160},"EF/ef_bloodbubble/ef_bubble_ram_main_00007":{"width":188,"height":160},"EF/ef_bloodbubble/ef_bubble_ram_main_00009":{"width":188,"height":160},"EF/ef_bloodbubble/ef_bubble_ram_main_00011":{"width":188,"height":160},"EF/ef_bloodbubble/ef_bubble_ram_main_00012":{"width":188,"height":160},"EF/ef_bloodbubble/ef_bubble_ram_main_00014":{"width":188,"height":160},"EF/ef_bloodbubble/ef_bubble_ram_main_00016":{"width":188,"height":160},"EF/ef_bloodbubble/ef_bubble_ram_main_00018":{"width":188,"height":160},"EF/ef_bloodbubble/ef_bubble_ram_main_00020":{"width":188,"height":160},"EF/ef_bloodbubble/ef_bubble_ram_main_00022":{"width":188,"height":160}},"EF_bloodbubble1_4":{"EF/ef_bloodbubble/ef_bubble_ram_main_00001":{"width":188,"height":160},"EF/ef_bloodbubble/ef_bubble_ram_main_00003":{"width":188,"height":160},"EF/ef_bloodbubble/ef_bubble_ram_main_00005":{"width":188,"height":160},"EF/ef_bloodbubble/ef_bubble_ram_main_00007":{"width":188,"height":160},"EF/ef_bloodbubble/ef_bubble_ram_main_00009":{"width":188,"height":160},"EF/ef_bloodbubble/ef_bubble_ram_main_00011":{"width":188,"height":160},"EF/ef_bloodbubble/ef_bubble_ram_main_00012":{"width":188,"height":160},"EF/ef_bloodbubble/ef_bubble_ram_main_00014":{"width":188,"height":160},"EF/ef_bloodbubble/ef_bubble_ram_main_00016":{"width":188,"height":160},"EF/ef_bloodbubble/ef_bubble_ram_main_00018":{"width":188,"height":160},"EF/ef_bloodbubble/ef_bubble_ram_main_00020":{"width":188,"height":160},"EF/ef_bloodbubble/ef_bubble_ram_main_00022":{"width":188,"height":160}},"EF_circle1_1":{"EF/ef_aura_circle_render/ef_aura_circle_render_00003":{"y":32.18,"width":100,"height":100},"EF/ef_aura_circle_render/ef_aura_circle_render_00004":{"y":32.18,"width":100,"height":100},"EF/ef_aura_circle_render/ef_aura_circle_render_00006":{"y":32.18,"width":100,"height":100},"EF/ef_aura_circle_render/ef_aura_circle_render_00008":{"y":32.18,"width":100,"height":100},"EF/ef_aura_circle_render/ef_aura_circle_render_00010":{"y":32.18,"width":100,"height":100},"EF/ef_aura_circle_render/ef_aura_circle_render_00026":{"y":32.18,"width":100,"height":100},"EF/ef_aura_circle_render/ef_aura_circle_render_00027":{"y":32.18,"width":100,"height":100},"EF/ef_aura_circle_render/ef_aura_circle_render_00028":{"y":32.18,"width":100,"height":100},"EF/ef_aura_circle_render/ef_aura_circle_render_00029":{"y":32.18,"width":100,"height":100},"EF/ef_aura_circle_render/ef_aura_circle_render_00030":{"y":32.18,"width":100,"height":100},"EF/ef_aura_circle_render/ef_aura_circle_render_00031":{"y":32.18,"width":100,"height":100}},"EF_dark_wave1_1":{"EF/ef_dark_wave/1070_S1_power2_00004":{"width":250,"height":250},"EF/ef_dark_wave/1070_S1_power2_00006":{"width":250,"height":250},"EF/ef_dark_wave/1070_S1_power2_00008":{"width":250,"height":250},"EF/ef_dark_wave/1070_S1_power2_00010":{"width":250,"height":250}},"EF_eyelight1_1":{"EF/900_S2_sphire1_00004":{"scaleX":0.457,"scaleY":0.457,"width":200,"height":200}},"EF_fire1_1":{"EF/ef_fire_sphere_main/ef_fire_sphere_main_00001":{"x":-20.91,"y":44.57,"width":151,"height":176},"EF/ef_fire_sphere_main/ef_fire_sphere_main_00002":{"x":-20.91,"y":44.57,"width":151,"height":176},"EF/ef_fire_sphere_main/ef_fire_sphere_main_00003":{"x":-20.91,"y":44.57,"width":151,"height":176},"EF/ef_fire_sphere_main/ef_fire_sphere_main_00004":{"x":-20.91,"y":44.57,"width":151,"height":176},"EF/ef_fire_sphere_main/ef_fire_sphere_main_00005":{"x":-20.91,"y":44.57,"width":151,"height":176},"EF/ef_fire_sphere_main/ef_fire_sphere_main_00006":{"x":-20.91,"y":44.57,"width":151,"height":176},"EF/ef_fire_sphere_main/ef_fire_sphere_main_00007":{"x":-20.91,"y":44.57,"width":151,"height":176},"EF/ef_fire_sphere_main/ef_fire_sphere_main_00008":{"x":-20.91,"y":44.57,"width":151,"height":176},"EF/ef_fire_sphere_main/ef_fire_sphere_main_00009":{"x":-20.91,"y":44.57,"width":151,"height":176},"EF/ef_fire_sphere_main/ef_fire_sphere_main_00010":{"x":-20.91,"y":44.57,"width":151,"height":176}},"EF_fireblack1_1":{"EF/ef_fire_sphere_main/ef_fire_sphere_main_00001":{"x":-20.91,"y":44.57,"width":151,"height":176},"EF/ef_fire_sphere_main/ef_fire_sphere_main_00002":{"x":-20.91,"y":44.57,"width":151,"height":176},"EF/ef_fire_sphere_main/ef_fire_sphere_main_00003":{"x":-20.91,"y":44.57,"width":151,"height":176},"EF/ef_fire_sphere_main/ef_fire_sphere_main_00004":{"x":-20.91,"y":44.57,"width":151,"height":176},"EF/ef_fire_sphere_main/ef_fire_sphere_main_00005":{"x":-20.91,"y":44.57,"width":151,"height":176},"EF/ef_fire_sphere_main/ef_fire_sphere_main_00006":{"x":-20.91,"y":44.57,"width":151,"height":176},"EF/ef_fire_sphere_main/ef_fire_sphere_main_00007":{"x":-20.91,"y":44.57,"width":151,"height":176},"EF/ef_fire_sphere_main/ef_fire_sphere_main_00008":{"x":-20.91,"y":44.57,"width":151,"height":176},"EF/ef_fire_sphere_main/ef_fire_sphere_main_00009":{"x":-20.91,"y":44.57,"width":151,"height":176},"EF/ef_fire_sphere_main/ef_fire_sphere_main_00010":{"x":-20.91,"y":44.57,"width":151,"height":176}},"EF_fireblack1_2":{"EF/ef_fire_sphere_main/ef_fire_sphere_main_00001":{"x":-20.91,"y":44.57,"width":151,"height":176},"EF/ef_fire_sphere_main/ef_fire_sphere_main_00002":{"x":-20.91,"y":44.57,"width":151,"height":176},"EF/ef_fire_sphere_main/ef_fire_sphere_main_00003":{"x":-20.91,"y":44.57,"width":151,"height":176},"EF/ef_fire_sphere_main/ef_fire_sphere_main_00004":{"x":-20.91,"y":44.57,"width":151,"height":176},"EF/ef_fire_sphere_main/ef_fire_sphere_main_00005":{"x":-20.91,"y":44.57,"width":151,"height":176},"EF/ef_fire_sphere_main/ef_fire_sphere_main_00006":{"x":-20.91,"y":44.57,"width":151,"height":176},"EF/ef_fire_sphere_main/ef_fire_sphere_main_00007":{"x":-20.91,"y":44.57,"width":151,"height":176},"EF/ef_fire_sphere_main/ef_fire_sphere_main_00008":{"x":-20.91,"y":44.57,"width":151,"height":176},"EF/ef_fire_sphere_main/ef_fire_sphere_main_00009":{"x":-20.91,"y":44.57,"width":151,"height":176},"EF/ef_fire_sphere_main/ef_fire_sphere_main_00010":{"x":-20.91,"y":44.57,"width":151,"height":176}},"EF_fireblack1_3":{"EF/ef_fire_sphere_main/ef_fire_sphere_main_00001":{"x":-20.91,"y":44.57,"width":151,"height":176},"EF/ef_fire_sphere_main/ef_fire_sphere_main_00002":{"x":-20.91,"y":44.57,"width":151,"height":176},"EF/ef_fire_sphere_main/ef_fire_sphere_main_00003":{"x":-20.91,"y":44.57,"width":151,"height":176},"EF/ef_fire_sphere_main/ef_fire_sphere_main_00004":{"x":-20.91,"y":44.57,"width":151,"height":176},"EF/ef_fire_sphere_main/ef_fire_sphere_main_00005":{"x":-20.91,"y":44.57,"width":151,"height":176},"EF/ef_fire_sphere_main/ef_fire_sphere_main_00006":{"x":-20.91,"y":44.57,"width":151,"height":176},"EF/ef_fire_sphere_main/ef_fire_sphere_main_00007":{"x":-20.91,"y":44.57,"width":151,"height":176},"EF/ef_fire_sphere_main/ef_fire_sphere_main_00008":{"x":-20.91,"y":44.57,"width":151,"height":176},"EF/ef_fire_sphere_main/ef_fire_sphere_main_00009":{"x":-20.91,"y":44.57,"width":151,"height":176},"EF/ef_fire_sphere_main/ef_fire_sphere_main_00010":{"x":-20.91,"y":44.57,"width":151,"height":176}},"EF_fireblack1_4":{"EF/ef_fire_sphere_main/ef_fire_sphere_main_00001":{"x":-20.91,"y":44.57,"width":151,"height":176},"EF/ef_fire_sphere_main/ef_fire_sphere_main_00002":{"x":-20.91,"y":44.57,"width":151,"height":176},"EF/ef_fire_sphere_main/ef_fire_sphere_main_00003":{"x":-20.91,"y":44.57,"width":151,"height":176},"EF/ef_fire_sphere_main/ef_fire_sphere_main_00004":{"x":-20.91,"y":44.57,"width":151,"height":176},"EF/ef_fire_sphere_main/ef_fire_sphere_main_00005":{"x":-20.91,"y":44.57,"width":151,"height":176},"EF/ef_fire_sphere_main/ef_fire_sphere_main_00006":{"x":-20.91,"y":44.57,"width":151,"height":176},"EF/ef_fire_sphere_main/ef_fire_sphere_main_00007":{"x":-20.91,"y":44.57,"width":151,"height":176},"EF/ef_fire_sphere_main/ef_fire_sphere_main_00008":{"x":-20.91,"y":44.57,"width":151,"height":176},"EF/ef_fire_sphere_main/ef_fire_sphere_main_00009":{"x":-20.91,"y":44.57,"width":151,"height":176},"EF/ef_fire_sphere_main/ef_fire_sphere_main_00010":{"x":-20.91,"y":44.57,"width":151,"height":176}},"EF_groundwave1_1":{"EF/ef_graund_wave_main/ef_graund_wave_main_00002":{"y":6.81,"width":160,"height":96},"EF/ef_graund_wave_main/ef_graund_wave_main_00004":{"y":6.81,"width":160,"height":96},"EF/ef_graund_wave_main/ef_graund_wave_main_00006":{"y":6.81,"width":160,"height":96},"EF/ef_graund_wave_main/ef_graund_wave_main_00008":{"y":6.81,"width":160,"height":96},"EF/ef_graund_wave_main/ef_graund_wave_main_00010":{"y":6.81,"width":160,"height":96},"EF/ef_graund_wave_main/ef_graund_wave_main_00012":{"y":6.81,"width":160,"height":96}},"EF_groundwave1_2":{"EF/ef_graund_wave_main/ef_graund_wave_main_00002":{"y":6.81,"width":160,"height":96},"EF/ef_graund_wave_main/ef_graund_wave_main_00004":{"y":6.81,"width":160,"height":96},"EF/ef_graund_wave_main/ef_graund_wave_main_00006":{"y":6.81,"width":160,"height":96},"EF/ef_graund_wave_main/ef_graund_wave_main_00008":{"y":6.81,"width":160,"height":96},"EF/ef_graund_wave_main/ef_graund_wave_main_00010":{"y":6.81,"width":160,"height":96},"EF/ef_graund_wave_main/ef_graund_wave_main_00012":{"y":6.81,"width":160,"height":96}},"EF_groundwave1_3":{"EF/ef_graund_wave_main/ef_graund_wave_main_00002":{"y":6.81,"width":160,"height":96},"EF/ef_graund_wave_main/ef_graund_wave_main_00004":{"y":6.81,"width":160,"height":96},"EF/ef_graund_wave_main/ef_graund_wave_main_00006":{"y":6.81,"width":160,"height":96},"EF/ef_graund_wave_main/ef_graund_wave_main_00008":{"y":6.81,"width":160,"height":96},"EF/ef_graund_wave_main/ef_graund_wave_main_00010":{"y":6.81,"width":160,"height":96},"EF/ef_graund_wave_main/ef_graund_wave_main_00012":{"y":6.81,"width":160,"height":96}},"EF_groundwave1_4":{"EF/ef_graund_wave_main/ef_graund_wave_main_00002":{"y":6.81,"width":160,"height":96},"EF/ef_graund_wave_main/ef_graund_wave_main_00004":{"y":6.81,"width":160,"height":96},"EF/ef_graund_wave_main/ef_graund_wave_main_00006":{"y":6.81,"width":160,"height":96},"EF/ef_graund_wave_main/ef_graund_wave_main_00008":{"y":6.81,"width":160,"height":96},"EF/ef_graund_wave_main/ef_graund_wave_main_00010":{"y":6.81,"width":160,"height":96},"EF/ef_graund_wave_main/ef_graund_wave_main_00012":{"y":6.81,"width":160,"height":96}},"EF_groundwave1_5":{"EF/ef_graund_wave_main/ef_graund_wave_main_00002":{"y":6.81,"width":160,"height":96},"EF/ef_graund_wave_main/ef_graund_wave_main_00004":{"y":6.81,"width":160,"height":96},"EF/ef_graund_wave_main/ef_graund_wave_main_00006":{"y":6.81,"width":160,"height":96},"EF/ef_graund_wave_main/ef_graund_wave_main_00008":{"y":6.81,"width":160,"height":96},"EF/ef_graund_wave_main/ef_graund_wave_main_00010":{"y":6.81,"width":160,"height":96},"EF/ef_graund_wave_main/ef_graund_wave_main_00012":{"y":6.81,"width":160,"height":96}},"EF_magic1_1":{"EF/magic_5dark":{"type":"mesh","uvs":[1,1,0,1,0,0,1,0],"triangles":[1,2,3,1,3,0],"vertices":[120,-120,-120,-120,-120,120,120,120],"hull":4}},"EF_magic2_1":{"EF/5100_S2_magic1e":{"type":"mesh","uvs":[1,1,0,1,0,0,1,0],"triangles":[1,2,3,1,3,0],"vertices":[145.5,-145.5,-145.5,-145.5,-145.5,145.5,145.5,145.5],"hull":4}},"EF_rot_wave1_1":{"EF/ef_rot_wave_main/ef_rot_wave_main_00001":{"x":0.53,"y":9.53,"width":200,"height":100},"EF/ef_rot_wave_main/ef_rot_wave_main_00003":{"x":0.53,"y":9.53,"width":200,"height":100},"EF/ef_rot_wave_main/ef_rot_wave_main_00005":{"x":0.53,"y":9.53,"width":200,"height":100},"EF/ef_rot_wave_main/ef_rot_wave_main_00006":{"x":0.53,"y":9.53,"width":200,"height":100},"EF/ef_rot_wave_main/ef_rot_wave_main_00008":{"x":0.53,"y":9.53,"width":200,"height":100},"EF/ef_rot_wave_main/ef_rot_wave_main_00010":{"x":0.53,"y":9.53,"width":200,"height":100},"EF/ef_rot_wave_main/ef_rot_wave_main_00011":{"x":0.53,"y":9.53,"width":200,"height":100},"EF/ef_rot_wave_main/ef_rot_wave_main_00013":{"x":0.53,"y":9.53,"width":200,"height":100}},"EF_rot_wave1_2":{"EF/ef_rot_wave_main/ef_rot_wave_main_00001":{"x":0.53,"y":9.53,"width":200,"height":100},"EF/ef_rot_wave_main/ef_rot_wave_main_00003":{"x":0.53,"y":9.53,"width":200,"height":100},"EF/ef_rot_wave_main/ef_rot_wave_main_00005":{"x":0.53,"y":9.53,"width":200,"height":100},"EF/ef_rot_wave_main/ef_rot_wave_main_00006":{"x":0.53,"y":9.53,"width":200,"height":100},"EF/ef_rot_wave_main/ef_rot_wave_main_00008":{"x":0.53,"y":9.53,"width":200,"height":100},"EF/ef_rot_wave_main/ef_rot_wave_main_00010":{"x":0.53,"y":9.53,"width":200,"height":100},"EF/ef_rot_wave_main/ef_rot_wave_main_00011":{"x":0.53,"y":9.53,"width":200,"height":100},"EF/ef_rot_wave_main/ef_rot_wave_main_00013":{"x":0.53,"y":9.53,"width":200,"height":100}},"EF_rot_wave1_3":{"EF/ef_rot_wave_main/ef_rot_wave_main_00001":{"x":0.53,"y":9.53,"width":200,"height":100},"EF/ef_rot_wave_main/ef_rot_wave_main_00003":{"x":0.53,"y":9.53,"width":200,"height":100},"EF/ef_rot_wave_main/ef_rot_wave_main_00005":{"x":0.53,"y":9.53,"width":200,"height":100},"EF/ef_rot_wave_main/ef_rot_wave_main_00006":{"x":0.53,"y":9.53,"width":200,"height":100},"EF/ef_rot_wave_main/ef_rot_wave_main_00008":{"x":0.53,"y":9.53,"width":200,"height":100},"EF/ef_rot_wave_main/ef_rot_wave_main_00010":{"x":0.53,"y":9.53,"width":200,"height":100},"EF/ef_rot_wave_main/ef_rot_wave_main_00011":{"x":0.53,"y":9.53,"width":200,"height":100},"EF/ef_rot_wave_main/ef_rot_wave_main_00013":{"x":0.53,"y":9.53,"width":200,"height":100}},"EF_sphire1_1":{"EF/EF_sphire/900_S2_sphire1_00001":{"x":-1.2,"width":500,"height":500},"EF/EF_sphire/900_S2_sphire1_00002":{"x":-1.2,"width":500,"height":500},"EF/EF_sphire/900_S2_sphire1_00003":{"x":-1.2,"width":500,"height":500},"EF/EF_sphire/900_S2_sphire1_00004":{"x":-1.2,"width":500,"height":500}},"EF_sprash1_1":{"EF/ef_shot_sprash_main/ef_shot_sprash_main_00002":{"x":23.4,"width":120,"height":160},"EF/ef_shot_sprash_main/ef_shot_sprash_main_00003":{"x":23.4,"width":120,"height":160},"EF/ef_shot_sprash_main/ef_shot_sprash_main_00004":{"x":23.4,"width":120,"height":160},"EF/ef_shot_sprash_main/ef_shot_sprash_main_00005":{"x":23.4,"width":120,"height":160},"EF/ef_shot_sprash_main/ef_shot_sprash_main_00007":{"x":23.4,"width":120,"height":160},"EF/ef_shot_sprash_main/ef_shot_sprash_main_00009":{"x":23.4,"width":120,"height":160}},"HITBOX":{"HITBOX":{"type":"boundingbox","vertices":[-64.06923,-66.04173,63.91672,-66.04173,64.43074,63.48624,-63.55524,63.48624]}},"MAIN":{"attack1_00":{"x":0.72,"y":-21.56,"scaleX":2,"scaleY":2,"width":256,"height":256},"attack1_01":{"x":0.72,"y":-21.57,"scaleX":2,"scaleY":2,"width":256,"height":256},"attack1_02":{"x":0.72,"y":-21.57,"scaleX":2,"scaleY":2,"width":256,"height":256},"attack1_03":{"x":0.72,"y":-21.57,"scaleX":2,"scaleY":2,"width":256,"height":256},"back_00":{"x":7,"y":-25,"scaleX":2,"scaleY":2,"width":256,"height":256},"damage_00":{"x":-15,"y":-25,"scaleX":2,"scaleY":2,"width":256,"height":256},"front_00":{"x":25,"y":-25,"scaleX":2,"scaleY":2,"width":256,"height":256},"idle_00":{"x":7,"y":-25,"scaleX":2,"scaleY":2,"width":256,"height":256},"idle_01":{"x":7,"y":-25,"scaleX":2,"scaleY":2,"width":256,"height":256},"idle_02":{"x":7,"y":-25,"scaleX":2,"scaleY":2,"width":256,"height":256},"idle_03":{"x":7,"y":-25,"scaleX":2,"scaleY":2,"width":256,"height":256},"skill1_00":{"x":-5,"y":-25,"scaleX":2,"scaleY":2,"width":256,"height":256},"skill1_01":{"x":-5,"y":-25,"scaleX":2,"scaleY":2,"width":256,"height":256},"skill1_02":{"x":-5,"y":-25,"scaleX":2,"scaleY":2,"width":256,"height":256},"skill1_03":{"x":-5,"y":-25,"scaleX":2,"scaleY":2,"width":256,"height":256},"skill1_04":{"x":-5,"y":-25,"scaleX":2,"scaleY":2,"width":256,"height":256},"skill1_05":{"x":-5,"y":-25,"scaleX":2,"scaleY":2,"width":256,"height":256},"skill2_00":{"x":7,"y":-25,"scaleX":2,"scaleY":2,"width":256,"height":256},"skill2_01":{"x":7,"y":-25,"scaleX":2,"scaleY":2,"width":256,"height":256},"skill2_02":{"x":7,"y":-25,"scaleX":2,"scaleY":2,"width":256,"height":256},"skill2_03":{"x":7,"y":-25,"scaleX":2,"scaleY":2,"width":256,"height":256}},"Wing_MAIN":{"attack1_00to1_wing":{"x":2,"y":-24,"scaleX":2,"scaleY":2,"width":256,"height":256},"attack1_02_wing":{"x":2,"y":-24,"scaleX":2,"scaleY":2,"width":256,"height":256},"attack1_03_wing":{"x":2,"y":-24,"scaleX":2,"scaleY":2,"width":256,"height":256},"back_wing":{"x":2,"y":-24,"scaleX":2,"scaleY":2,"width":256,"height":256},"damage_wing":{"x":-20,"y":-24,"scaleX":2,"scaleY":2,"width":256,"height":256},"front_wing":{"x":20,"y":-24,"scaleX":2,"scaleY":2,"width":256,"height":256},"idle_00_wing":{"x":2,"y":-24,"scaleX":2,"scaleY":2,"width":256,"height":256},"idle_01_wing":{"x":2,"y":-24,"scaleX":2,"scaleY":2,"width":256,"height":256},"idle_02_wing":{"x":2,"y":-24,"scaleX":2,"scaleY":2,"width":256,"height":256},"idle_03_wing":{"x":2,"y":-24,"scaleX":2,"scaleY":2,"width":256,"height":256},"skill1_00_wing":{"x":-10,"y":-24,"scaleX":2,"scaleY":2,"width":256,"height":256},"skill1_01to4_wing":{"x":-10,"y":-24,"scaleX":2,"scaleY":2,"width":256,"height":256},"skill1_02to5_wing":{"x":-10,"y":-24,"scaleX":2,"scaleY":2,"width":256,"height":256},"skill1_03_wing":{"x":-10,"y":-24,"scaleX":2,"scaleY":2,"width":256,"height":256},"skill2_00_wing":{"x":2,"y":-24,"scaleX":2,"scaleY":2,"width":256,"height":256},"skill2_01_wing":{"x":2,"y":-24,"scaleX":2,"scaleY":2,"width":256,"height":256},"skill2_02_wing":{"x":2,"y":-24,"scaleX":2,"scaleY":2,"width":256,"height":256},"skill2_03_wing":{"x":2,"y":-24,"scaleX":2,"scaleY":2,"width":256,"height":256}},"stand":{"attack_00_stand":{"y":46,"scaleX":2,"scaleY":2,"width":256,"height":256},"back_stand":{"y":45.99,"scaleX":2,"scaleY":2,"width":256,"height":256},"skill1_00_stand":{"y":45.99,"scaleX":2,"scaleY":2,"width":256,"height":256},"skill2_01_stand":{"y":45.99,"scaleX":2,"scaleY":2,"width":256,"height":256},"stand":{"y":45.99,"scaleX":2,"scaleY":2,"width":256,"height":256}},"stand2":{"attack_00_stand":{"y":46,"scaleX":2,"scaleY":2,"width":256,"height":256},"back_stand":{"y":45.99,"scaleX":2,"scaleY":2,"width":256,"height":256},"skill1_00_stand":{"y":45.99,"scaleX":2,"scaleY":2,"width":256,"height":256},"skill2_01_stand":{"y":45.99,"scaleX":2,"scaleY":2,"width":256,"height":256},"stand":{"y":45.99,"scaleX":2,"scaleY":2,"width":256,"height":256}}}},"events":{"Event":{},"Event2":{},"Sound1":{},"Sound2":{},"Voice":{}},"animations":{"attack1":{"slots":{"EF_dark_wave1_1":{"attachment":[{"time":0.5,"name":"EF/ef_dark_wave/1070_S1_power2_00004"},{"time":0.5666,"name":"EF/ef_dark_wave/1070_S1_power2_00006"},{"time":0.6333,"name":"EF/ef_dark_wave/1070_S1_power2_00008"},{"time":0.7,"name":"EF/ef_dark_wave/1070_S1_power2_00010"},{"time":0.7666,"name":null}],"color":[{"time":0.5,"color":"ffffffff","curve":"stepped"},{"time":0.6666,"color":"ffffffff"},{"time":0.7666,"color":"ffffff00"}]},"MAIN":{"attachment":[{"time":0,"name":"attack1_00"},{"time":0.5,"name":"attack1_01"},{"time":0.6333,"name":"attack1_02"},{"time":0.7666,"name":"attack1_03"},{"time":0.9,"name":"attack1_01"},{"time":1.0333,"name":"attack1_02"},{"time":1.1666,"name":"attack1_03"},{"time":1.3,"name":"attack1_01"},{"time":1.5,"name":"idle_01"}]},"Wing_MAIN":{"attachment":[{"time":0,"name":"attack1_00to1_wing"},{"time":0.5,"name":"attack1_00to1_wing"},{"time":0.6333,"name":"attack1_02_wing"},{"time":0.7666,"name":"attack1_03_wing"},{"time":0.9,"name":"attack1_00to1_wing"},{"time":1.0333,"name":"attack1_02_wing"},{"time":1.1666,"name":"attack1_03_wing"},{"time":1.3,"name":"attack1_00to1_wing"},{"time":1.5,"name":"idle_00_wing"}]},"stand":{"attachment":[{"time":0,"name":"attack_00_stand"},{"time":1.5,"name":"stand"}]}},"bones":{"wing":{"translate":[{"time":0,"x":-1.44,"y":1.44,"curve":"stepped"},{"time":1.5,"x":0,"y":0}]},"EF_dark_wave1_1":{"translate":[{"time":0.5,"x":-198.37,"y":0}],"scale":[{"time":0.5,"x":1,"y":1},{"time":0.7666,"x":1.5,"y":1.5}]}},"events":[{"time":0.5,"name":"Voice","string":"cri_183_voice_attack_random"},{"time":0.6,"name":"Event","string":"addOrbitSystemCamera-a1camera2"},{"time":0.6,"name":"Event2","string":"addOrbitSystem-a12"}]},"back":{"slots":{"MAIN":{"attachment":[{"time":0,"name":"back_00"},{"time":0.4333,"name":"idle_01"},{"time":0.5333,"name":"idle_00"}]},"Wing_MAIN":{"attachment":[{"time":0,"name":"back_wing"},{"time":0.4333,"name":"idle_02_wing"},{"time":0.5333,"name":"idle_01_wing"},{"time":0.7666,"name":"idle_00_wing"}]}},"bones":{"MAIN":{"translate":[{"time":0,"x":0,"y":0},{"time":0.4,"x":132,"y":0,"curve":[0.083,0.62,0.656,1]},{"time":0.7666,"x":147,"y":0}]},"stand":{"rotate":[{"time":0,"angle":-5.61,"curve":"stepped"},{"time":0.4333,"angle":0}]}}},"cast":{"slots":{"MAIN":{"attachment":[{"time":0,"name":"attack1_00"},{"time":0.2,"name":"attack1_01"},{"time":0.3,"name":"attack1_02"},{"time":0.4,"name":"attack1_03"},{"time":0.5,"name":"attack1_01"},{"time":0.6666,"name":"idle_01"}]},"Wing_MAIN":{"attachment":[{"time":0,"name":"attack1_00to1_wing"},{"time":0.2,"name":"attack1_00to1_wing"},{"time":0.3,"name":"attack1_02_wing"},{"time":0.4,"name":"attack1_03_wing"},{"time":0.5,"name":"attack1_00to1_wing"},{"time":0.6666,"name":"idle_00_wing"}]},"stand":{"attachment":[{"time":0,"name":"attack_00_stand"},{"time":0.6666,"name":"stand"}]}},"bones":{"wing":{"translate":[{"time":0,"x":-1.44,"y":1.44,"curve":"stepped"},{"time":0.6666,"x":0,"y":0}]}},"events":[{"time":0.2,"name":"Voice","string":"cri_183_voice_item"}]},"damage":{"slots":{"MAIN":{"attachment":[{"time":0,"name":"damage_00"}]},"Wing_MAIN":{"attachment":[{"time":0,"name":"damage_wing"}]},"stand":{"attachment":[{"time":0,"name":"skill2_01_stand"}]}},"bones":{"stand":{"translate":[{"time":0,"x":-13.01,"y":0}]}}},"front":{"slots":{"MAIN":{"attachment":[{"time":0,"name":"front_00"}]},"Wing_MAIN":{"attachment":[{"time":0,"name":"front_wing"}]},"stand":{"attachment":[{"time":0,"name":"stand"}]}},"bones":{"stand":{"rotate":[{"time":0,"angle":5.1}],"translate":[{"time":0,"x":13.27,"y":0}]}}},"idle":{"slots":{"MAIN":{"attachment":[{"time":0,"name":"idle_00"},{"time":0.3,"name":"idle_01"},{"time":0.6,"name":"idle_02"},{"time":0.9,"name":"idle_03"},{"time":1.2,"name":"idle_00"}]},"Wing_MAIN":{"attachment":[{"time":0,"name":"idle_00_wing"},{"time":0.3,"name":"idle_01_wing"},{"time":0.6,"name":"idle_02_wing"},{"time":0.9,"name":"idle_03_wing"},{"time":1.2,"name":"idle_00_wing"}]},"stand":{"attachment":[{"time":0,"name":"attack_00_stand"}]}},"bones":{"MAIN":{"translate":[{"time":0,"x":0,"y":0}]},"wing":{"translate":[{"time":0,"x":0,"y":0}]},"stand":{"translate":[{"time":0,"x":0,"y":0}]}}},"in":{"slots":{"EF_aura1_2":{"attachment":[{"time":0.1333,"name":"EF/ef_aura/670_S2_ene2_00003"},{"time":0.2,"name":"EF/ef_aura/670_S2_ene2_00004"},{"time":0.2666,"name":"EF/ef_aura/670_S2_ene2_00005"},{"time":0.3333,"name":"EF/ef_aura/670_S2_ene2_00007"},{"time":0.4,"name":"EF/ef_aura/670_S2_ene2_00008"},{"time":0.4666,"name":"EF/ef_aura/670_S2_ene2_00010"},{"time":0.5333,"name":"EF/ef_aura/670_S2_ene2_00013"},{"time":0.6,"name":"EF/ef_aura/670_S2_ene2_00014"},{"time":0.6666,"name":"EF/ef_aura/670_S2_ene2_00015"},{"time":0.7333,"name":null}],"color":[{"time":0.5666,"color":"000000ff"},{"time":0.7333,"color":"00000000"}]},"EF_aura1_3":{"attachment":[{"time":0.1333,"name":"EF/ef_aura/670_S2_ene2_00003"},{"time":0.2,"name":"EF/ef_aura/670_S2_ene2_00004"},{"time":0.2666,"name":"EF/ef_aura/670_S2_ene2_00005"},{"time":0.3333,"name":"EF/ef_aura/670_S2_ene2_00007"},{"time":0.4,"name":"EF/ef_aura/670_S2_ene2_00008"},{"time":0.4666,"name":"EF/ef_aura/670_S2_ene2_00010"},{"time":0.5333,"name":"EF/ef_aura/670_S2_ene2_00013"},{"time":0.6,"name":"EF/ef_aura/670_S2_ene2_00014"},{"time":0.6666,"name":"EF/ef_aura/670_S2_ene2_00015"},{"time":0.7333,"name":null}],"color":[{"time":0.3666,"color":"000000ff"},{"time":0.7333,"color":"00000000"}]},"EF_eyelight1_1":{"attachment":[{"time":0.1333,"name":"EF/900_S2_sphire1_00004"}],"color":[{"time":0.1333,"color":"ffffff00"},{"time":0.4666,"color":"ffffffff"},{"time":0.6333,"color":"ffffff00"}]},"MAIN":{"color":[{"time":0,"color":"ffffff00"},{"time":0.1333,"color":"00000000","curve":[0.25,0,0.807,0.36]},{"time":0.4666,"color":"000000ff"},{"time":0.8,"color":"ffffffff"}]},"Wing_MAIN":{"attachment":[{"time":0.1333,"name":"idle_00_wing"}],"color":[{"time":0,"color":"ffffff00"},{"time":0.1333,"color":"00000000","curve":[0.25,0,0.807,0.36]},{"time":0.4666,"color":"000000ff"},{"time":0.8,"color":"ffffffff"}]},"stand":{"attachment":[{"time":0.1333,"name":"stand"},{"time":0.4666,"name":"attack_00_stand"}],"color":[{"time":0,"color":"ffffff00"},{"time":0.1333,"color":"00000000"},{"time":0.4666,"color":"000000ff"},{"time":0.8,"color":"ffffffff"}]}},"bones":{"MAIN":{"translate":[{"time":1.1333,"x":0,"y":0}]},"EF_aurablack1_2":{"translate":[{"time":0.1333,"x":-239.6,"y":-49.95}],"scale":[{"time":0.1333,"x":1.538,"y":1.538}]},"EF_aurablack1_3":{"translate":[{"time":0.1333,"x":-244.52,"y":-49.07}],"scale":[{"time":0.1333,"x":-2.5,"y":2.5}]}},"events":[{"time":0,"name":"Event","string":"takeSummon2"},{"time":0,"name":"Sound1","string":"cri_se_battle_040_weapon_swing"}]},"skill1":{"slots":{"EF_aura1_2":{"attachment":[{"time":0,"name":"EF/ef_aura/670_S2_ene2_00003"},{"time":0.0666,"name":"EF/ef_aura/670_S2_ene2_00004"},{"time":0.1333,"name":"EF/ef_aura/670_S2_ene2_00005"},{"time":0.2,"name":"EF/ef_aura/670_S2_ene2_00007"},{"time":0.2666,"name":"EF/ef_aura/670_S2_ene2_00008"},{"time":0.3333,"name":"EF/ef_aura/670_S2_ene2_00010"},{"time":0.4,"name":"EF/ef_aura/670_S2_ene2_00013"},{"time":0.4666,"name":"EF/ef_aura/670_S2_ene2_00014"},{"time":0.5333,"name":"EF/ef_aura/670_S2_ene2_00015"},{"time":0.6,"name":"EF/ef_aura/670_S2_ene2_00003"},{"time":0.6666,"name":"EF/ef_aura/670_S2_ene2_00004"},{"time":0.7333,"name":"EF/ef_aura/670_S2_ene2_00005"},{"time":0.8,"name":"EF/ef_aura/670_S2_ene2_00007"},{"time":0.8666,"name":"EF/ef_aura/670_S2_ene2_00008"},{"time":0.9333,"name":"EF/ef_aura/670_S2_ene2_00010"},{"time":1,"name":"EF/ef_aura/670_S2_ene2_00013"},{"time":1.0666,"name":"EF/ef_aura/670_S2_ene2_00014"},{"time":1.1333,"name":"EF/ef_aura/670_S2_ene2_00015"},{"time":1.2,"name":null}],"color":[{"time":1.0333,"color":"000000ff"},{"time":1.2,"color":"00000000"}]},"EF_bloodbubble1_1":{"attachment":[{"time":0.1,"name":"EF/ef_bloodbubble/ef_bubble_ram_main_00001"},{"time":0.1666,"name":"EF/ef_bloodbubble/ef_bubble_ram_main_00003"},{"time":0.2333,"name":"EF/ef_bloodbubble/ef_bubble_ram_main_00005"},{"time":0.3,"name":"EF/ef_bloodbubble/ef_bubble_ram_main_00007"},{"time":0.3666,"name":"EF/ef_bloodbubble/ef_bubble_ram_main_00009"},{"time":0.4333,"name":"EF/ef_bloodbubble/ef_bubble_ram_main_00011"},{"time":0.5,"name":"EF/ef_bloodbubble/ef_bubble_ram_main_00012"},{"time":0.5666,"name":"EF/ef_bloodbubble/ef_bubble_ram_main_00014"},{"time":0.6333,"name":"EF/ef_bloodbubble/ef_bubble_ram_main_00016"},{"time":0.7,"name":"EF/ef_bloodbubble/ef_bubble_ram_main_00018"},{"time":0.7666,"name":"EF/ef_bloodbubble/ef_bubble_ram_main_00020"},{"time":0.8333,"name":"EF/ef_bloodbubble/ef_bubble_ram_main_00022"},{"time":0.9,"name":null}]},"EF_bloodbubble1_2":{"attachment":[{"time":0.1333,"name":"EF/ef_bloodbubble/ef_bubble_ram_main_00001"},{"time":0.2,"name":"EF/ef_bloodbubble/ef_bubble_ram_main_00003"},{"time":0.2666,"name":"EF/ef_bloodbubble/ef_bubble_ram_main_00005"},{"time":0.3333,"name":"EF/ef_bloodbubble/ef_bubble_ram_main_00007"},{"time":0.4,"name":"EF/ef_bloodbubble/ef_bubble_ram_main_00009"},{"time":0.4666,"name":"EF/ef_bloodbubble/ef_bubble_ram_main_00011"},{"time":0.5333,"name":"EF/ef_bloodbubble/ef_bubble_ram_main_00012"},{"time":0.6,"name":"EF/ef_bloodbubble/ef_bubble_ram_main_00014"},{"time":0.6666,"name":"EF/ef_bloodbubble/ef_bubble_ram_main_00016"},{"time":0.7333,"name":"EF/ef_bloodbubble/ef_bubble_ram_main_00018"},{"time":0.8,"name":"EF/ef_bloodbubble/ef_bubble_ram_main_00020"},{"time":0.8666,"name":"EF/ef_bloodbubble/ef_bubble_ram_main_00022"},{"time":0.9333,"name":null}]},"EF_bloodbubble1_3":{"attachment":[{"time":0.2,"name":"EF/ef_bloodbubble/ef_bubble_ram_main_00001"},{"time":0.2666,"name":"EF/ef_bloodbubble/ef_bubble_ram_main_00003"},{"time":0.3333,"name":"EF/ef_bloodbubble/ef_bubble_ram_main_00005"},{"time":0.4,"name":"EF/ef_bloodbubble/ef_bubble_ram_main_00007"},{"time":0.4666,"name":"EF/ef_bloodbubble/ef_bubble_ram_main_00009"},{"time":0.5333,"name":"EF/ef_bloodbubble/ef_bubble_ram_main_00011"},{"time":0.6,"name":"EF/ef_bloodbubble/ef_bubble_ram_main_00012"},{"time":0.6666,"name":"EF/ef_bloodbubble/ef_bubble_ram_main_00014"},{"time":0.7333,"name":"EF/ef_bloodbubble/ef_bubble_ram_main_00016"},{"time":0.8,"name":"EF/ef_bloodbubble/ef_bubble_ram_main_00018"},{"time":0.8666,"name":"EF/ef_bloodbubble/ef_bubble_ram_main_00020"},{"time":0.9333,"name":"EF/ef_bloodbubble/ef_bubble_ram_main_00022"},{"time":1,"name":null}]},"EF_bloodbubble1_4":{"attachment":[{"time":0.2333,"name":"EF/ef_bloodbubble/ef_bubble_ram_main_00001"},{"time":0.3,"name":"EF/ef_bloodbubble/ef_bubble_ram_main_00003"},{"time":0.3666,"name":"EF/ef_bloodbubble/ef_bubble_ram_main_00005"},{"time":0.4333,"name":"EF/ef_bloodbubble/ef_bubble_ram_main_00007"},{"time":0.5,"name":"EF/ef_bloodbubble/ef_bubble_ram_main_00009"},{"time":0.5666,"name":"EF/ef_bloodbubble/ef_bubble_ram_main_00011"},{"time":0.6333,"name":"EF/ef_bloodbubble/ef_bubble_ram_main_00012"},{"time":0.7,"name":"EF/ef_bloodbubble/ef_bubble_ram_main_00014"},{"time":0.7666,"name":"EF/ef_bloodbubble/ef_bubble_ram_main_00016"},{"time":0.8333,"name":"EF/ef_bloodbubble/ef_bubble_ram_main_00018"},{"time":0.9,"name":"EF/ef_bloodbubble/ef_bubble_ram_main_00020"},{"time":0.9666,"name":"EF/ef_bloodbubble/ef_bubble_ram_main_00022"},{"time":1.0333,"name":null}]},"EF_dark_wave1_1":{"attachment":[{"time":1.3,"name":"EF/ef_dark_wave/1070_S1_power2_00004"},{"time":1.3333,"name":"EF/ef_dark_wave/1070_S1_power2_00006"},{"time":1.3666,"name":"EF/ef_dark_wave/1070_S1_power2_00008"},{"time":1.4,"name":"EF/ef_dark_wave/1070_S1_power2_00010"},{"time":1.4333,"name":null}]},"EF_fireblack1_1":{"attachment":[{"time":1.2666,"name":"EF/ef_fire_sphere_main/ef_fire_sphere_main_00001"},{"time":1.3,"name":"EF/ef_fire_sphere_main/ef_fire_sphere_main_00002"},{"time":1.3333,"name":"EF/ef_fire_sphere_main/ef_fire_sphere_main_00003"},{"time":1.3666,"name":"EF/ef_fire_sphere_main/ef_fire_sphere_main_00004"},{"time":1.4,"name":"EF/ef_fire_sphere_main/ef_fire_sphere_main_00005"},{"time":1.4333,"name":"EF/ef_fire_sphere_main/ef_fire_sphere_main_00006"},{"time":1.4666,"name":"EF/ef_fire_sphere_main/ef_fire_sphere_main_00007"},{"time":1.5,"name":"EF/ef_fire_sphere_main/ef_fire_sphere_main_00008"},{"time":1.5333,"name":"EF/ef_fire_sphere_main/ef_fire_sphere_main_00009"},{"time":1.5666,"name":"EF/ef_fire_sphere_main/ef_fire_sphere_main_00010"},{"time":1.6,"name":null}]},"EF_fireblack1_2":{"attachment":[{"time":1.3666,"name":"EF/ef_fire_sphere_main/ef_fire_sphere_main_00001"},{"time":1.4,"name":"EF/ef_fire_sphere_main/ef_fire_sphere_main_00002"},{"time":1.4333,"name":"EF/ef_fire_sphere_main/ef_fire_sphere_main_00003"},{"time":1.4666,"name":"EF/ef_fire_sphere_main/ef_fire_sphere_main_00004"},{"time":1.5,"name":"EF/ef_fire_sphere_main/ef_fire_sphere_main_00005"},{"time":1.5333,"name":"EF/ef_fire_sphere_main/ef_fire_sphere_main_00006"},{"time":1.5666,"name":"EF/ef_fire_sphere_main/ef_fire_sphere_main_00007"},{"time":1.6,"name":"EF/ef_fire_sphere_main/ef_fire_sphere_main_00008"},{"time":1.6333,"name":"EF/ef_fire_sphere_main/ef_fire_sphere_main_00009"},{"time":1.6666,"name":"EF/ef_fire_sphere_main/ef_fire_sphere_main_00010"},{"time":1.7,"name":null}]},"EF_groundwave1_1":{"attachment":[{"time":1.3,"name":"EF/ef_graund_wave_main/ef_graund_wave_main_00002"},{"time":1.3333,"name":"EF/ef_graund_wave_main/ef_graund_wave_main_00004"},{"time":1.3666,"name":"EF/ef_graund_wave_main/ef_graund_wave_main_00006"},{"time":1.4,"name":"EF/ef_graund_wave_main/ef_graund_wave_main_00008"},{"time":1.4333,"name":"EF/ef_graund_wave_main/ef_graund_wave_main_00010"},{"time":1.4666,"name":"EF/ef_graund_wave_main/ef_graund_wave_main_00012"},{"time":1.5,"name":null}]},"EF_groundwave1_2":{"attachment":[{"time":1.3666,"name":"EF/ef_graund_wave_main/ef_graund_wave_main_00002"},{"time":1.4,"name":"EF/ef_graund_wave_main/ef_graund_wave_main_00004"},{"time":1.4333,"name":"EF/ef_graund_wave_main/ef_graund_wave_main_00006"},{"time":1.4666,"name":"EF/ef_graund_wave_main/ef_graund_wave_main_00008"},{"time":1.5,"name":"EF/ef_graund_wave_main/ef_graund_wave_main_00010"},{"time":1.5333,"name":"EF/ef_graund_wave_main/ef_graund_wave_main_00012"},{"time":1.5666,"name":null}]},"EF_groundwave1_3":{"attachment":[{"time":1.4333,"name":"EF/ef_graund_wave_main/ef_graund_wave_main_00002"},{"time":1.4666,"name":"EF/ef_graund_wave_main/ef_graund_wave_main_00004"},{"time":1.5,"name":"EF/ef_graund_wave_main/ef_graund_wave_main_00006"},{"time":1.5333,"name":"EF/ef_graund_wave_main/ef_graund_wave_main_00008"},{"time":1.5666,"name":"EF/ef_graund_wave_main/ef_graund_wave_main_00010"},{"time":1.6,"name":"EF/ef_graund_wave_main/ef_graund_wave_main_00012"},{"time":1.6333,"name":null}]},"EF_groundwave1_4":{"attachment":[{"time":1.5,"name":"EF/ef_graund_wave_main/ef_graund_wave_main_00002"},{"time":1.5333,"name":"EF/ef_graund_wave_main/ef_graund_wave_main_00004"},{"time":1.5666,"name":"EF/ef_graund_wave_main/ef_graund_wave_main_00006"},{"time":1.6,"name":"EF/ef_graund_wave_main/ef_graund_wave_main_00008"},{"time":1.6333,"name":"EF/ef_graund_wave_main/ef_graund_wave_main_00010"},{"time":1.6666,"name":"EF/ef_graund_wave_main/ef_graund_wave_main_00012"},{"time":1.7,"name":null}]},"EF_groundwave1_5":{"attachment":[{"time":1.5666,"name":"EF/ef_graund_wave_main/ef_graund_wave_main_00002"},{"time":1.6,"name":"EF/ef_graund_wave_main/ef_graund_wave_main_00004"},{"time":1.6333,"name":"EF/ef_graund_wave_main/ef_graund_wave_main_00006"},{"time":1.6666,"name":"EF/ef_graund_wave_main/ef_graund_wave_main_00008"},{"time":1.7,"name":"EF/ef_graund_wave_main/ef_graund_wave_main_00010"},{"time":1.7333,"name":"EF/ef_graund_wave_main/ef_graund_wave_main_00012"},{"time":1.7666,"name":null}]},"EF_rot_wave1_1":{"attachment":[{"time":0,"name":"EF/ef_rot_wave_main/ef_rot_wave_main_00001"},{"time":0.0666,"name":"EF/ef_rot_wave_main/ef_rot_wave_main_00003"},{"time":0.1333,"name":"EF/ef_rot_wave_main/ef_rot_wave_main_00005"},{"time":0.2,"name":"EF/ef_rot_wave_main/ef_rot_wave_main_00006"},{"time":0.2666,"name":"EF/ef_rot_wave_main/ef_rot_wave_main_00008"},{"time":0.3333,"name":"EF/ef_rot_wave_main/ef_rot_wave_main_00010"},{"time":0.4,"name":"EF/ef_rot_wave_main/ef_rot_wave_main_00011"},{"time":0.4666,"name":"EF/ef_rot_wave_main/ef_rot_wave_main_00013"},{"time":0.5333,"name":null}]},"EF_rot_wave1_2":{"attachment":[{"time":0.2333,"name":"EF/ef_rot_wave_main/ef_rot_wave_main_00001"},{"time":0.3,"name":"EF/ef_rot_wave_main/ef_rot_wave_main_00003"},{"time":0.3666,"name":"EF/ef_rot_wave_main/ef_rot_wave_main_00005"},{"time":0.4333,"name":"EF/ef_rot_wave_main/ef_rot_wave_main_00006"},{"time":0.5,"name":"EF/ef_rot_wave_main/ef_rot_wave_main_00008"},{"time":0.5666,"name":"EF/ef_rot_wave_main/ef_rot_wave_main_00010"},{"time":0.6333,"name":"EF/ef_rot_wave_main/ef_rot_wave_main_00011"},{"time":0.7,"name":"EF/ef_rot_wave_main/ef_rot_wave_main_00013"},{"time":0.7666,"name":null}]},"EF_rot_wave1_3":{"attachment":[{"time":0.4666,"name":"EF/ef_rot_wave_main/ef_rot_wave_main_00001"},{"time":0.5333,"name":"EF/ef_rot_wave_main/ef_rot_wave_main_00003"},{"time":0.6,"name":"EF/ef_rot_wave_main/ef_rot_wave_main_00005"},{"time":0.6666,"name":"EF/ef_rot_wave_main/ef_rot_wave_main_00006"},{"time":0.7333,"name":"EF/ef_rot_wave_main/ef_rot_wave_main_00008"},{"time":0.8,"name":"EF/ef_rot_wave_main/ef_rot_wave_main_00010"},{"time":0.8666,"name":"EF/ef_rot_wave_main/ef_rot_wave_main_00011"},{"time":0.9333,"name":"EF/ef_rot_wave_main/ef_rot_wave_main_00013"},{"time":1,"name":null}]},"EF_sphire1_1":{"attachment":[{"time":0.8,"name":"EF/EF_sphire/900_S2_sphire1_00001"},{"time":0.8333,"name":"EF/EF_sphire/900_S2_sphire1_00002"},{"time":0.8666,"name":"EF/EF_sphire/900_S2_sphire1_00003"},{"time":0.9,"name":"EF/EF_sphire/900_S2_sphire1_00004"},{"time":0.9333,"name":null}]},"EF_sprash1_1":{"attachment":[{"time":1.3,"name":"EF/ef_shot_sprash_main/ef_shot_sprash_main_00002"},{"time":1.3333,"name":"EF/ef_shot_sprash_main/ef_shot_sprash_main_00003"},{"time":1.3666,"name":"EF/ef_shot_sprash_main/ef_shot_sprash_main_00004"},{"time":1.4,"name":"EF/ef_shot_sprash_main/ef_shot_sprash_main_00005"},{"time":1.4333,"name":"EF/ef_shot_sprash_main/ef_shot_sprash_main_00007"},{"time":1.4666,"name":"EF/ef_shot_sprash_main/ef_shot_sprash_main_00009"},{"time":1.5,"name":null}]},"MAIN":{"attachment":[{"time":0,"name":"skill1_00"},{"time":0.1333,"name":"skill1_01"},{"time":0.2666,"name":"skill1_02"},{"time":0.4,"name":"skill1_00"},{"time":0.5333,"name":"skill1_01"},{"time":0.6666,"name":"skill1_02"},{"time":0.8,"name":"skill1_00"},{"time":0.9333,"name":"skill1_01"},{"time":1.0666,"name":"skill1_02"},{"time":1.3,"name":"skill1_03"},{"time":1.4,"name":"skill1_05"},{"time":1.5,"name":"skill1_03"},{"time":1.6,"name":"skill1_04"},{"time":1.7,"name":"skill1_05"},{"time":1.8,"name":"skill1_03"},{"time":1.9,"name":"skill1_04"},{"time":2,"name":"skill1_05"},{"time":2.1,"name":"skill1_03"},{"time":2.2,"name":"skill1_04"},{"time":2.3,"name":"skill1_05"},{"time":2.4333,"name":"skill1_03"},{"time":2.5,"name":"idle_00"}]},"Wing_MAIN":{"attachment":[{"time":0,"name":"skill1_00_wing"},{"time":0.1333,"name":"skill1_01to4_wing"},{"time":0.2666,"name":"skill1_02to5_wing"},{"time":0.4,"name":"skill1_00_wing"},{"time":0.5333,"name":"skill1_01to4_wing"},{"time":0.6666,"name":"skill1_02to5_wing"},{"time":0.8,"name":"skill1_00_wing"},{"time":0.9333,"name":"skill1_01to4_wing"},{"time":1.0666,"name":"skill1_02to5_wing"},{"time":1.3,"name":"skill1_03_wing"},{"time":1.4,"name":"skill1_02to5_wing"},{"time":1.5,"name":"skill1_02to5_wing"},{"time":1.6,"name":"skill1_00_wing"},{"time":1.7,"name":"skill1_01to4_wing"},{"time":1.8,"name":"skill1_02to5_wing"},{"time":1.9,"name":"skill1_00_wing"},{"time":2,"name":"skill1_01to4_wing"},{"time":2.1,"name":"skill1_02to5_wing"},{"time":2.2,"name":"skill1_00_wing"},{"time":2.3,"name":"skill1_01to4_wing"},{"time":2.4333,"name":"skill1_02to5_wing"},{"time":2.5,"name":"idle_00_wing"}]},"stand":{"attachment":[{"time":2.5,"name":"attack_00_stand"}]}},"bones":{"MAIN":{"translate":[{"time":2.5,"x":0,"y":0}]},"stand":{"translate":[{"time":2.5,"x":0,"y":0}]},"wing":{"translate":[{"time":2.5,"x":0,"y":0}]},"EF_rot_wave1_1":{"translate":[{"time":0,"x":-343,"y":-5}],"scale":[{"time":0,"x":2.5,"y":2.5}]},"EF_rot_wave1_2":{"translate":[{"time":0.2333,"x":-343,"y":-5}],"scale":[{"time":0.2333,"x":2.5,"y":2.5}]},"EF_rot_wave1_3":{"translate":[{"time":0.4666,"x":-343,"y":-5}],"scale":[{"time":0.4666,"x":2.5,"y":2.5}]},"EF_sphire1_1":{"translate":[{"time":0.8,"x":-288.44,"y":0}]},"EF_bloodbubble1_1":{"translate":[{"time":0.1,"x":-338.11,"y":100.04}],"scale":[{"time":0.1,"x":2,"y":2}]},"EF_bloodbubble1_2":{"translate":[{"time":0.1333,"x":-338.11,"y":100.04}],"scale":[{"time":0.1333,"x":2,"y":-2}]},"EF_sprash1_1":{"translate":[{"time":1.3,"x":-315,"y":50}],"scale":[{"time":1.3,"x":2.649,"y":2.649}]},"EF_groundwave1_1":{"translate":[{"time":1.3,"x":-192,"y":-5}],"scale":[{"time":1.3,"x":3,"y":3}]},"EF_groundwave1_5":{"translate":[{"time":1.5666,"x":-192,"y":-5}],"scale":[{"time":1.5666,"x":3,"y":3}]},"EF_groundwave1_4":{"translate":[{"time":1.5,"x":-192,"y":-5}],"scale":[{"time":1.5,"x":3,"y":3}]},"EF_groundwave1_3":{"translate":[{"time":1.4333,"x":-192,"y":-5}],"scale":[{"time":1.4333,"x":3,"y":3}]},"EF_groundwave1_2":{"translate":[{"time":1.3666,"x":-192,"y":-5}],"scale":[{"time":1.3666,"x":3,"y":3}]},"EF_dark_wave1_1":{"translate":[{"time":1.3,"x":-288.36,"y":-100.06}],"scale":[{"time":1.3,"x":1,"y":2.5}]},"EF_aurablack1_2":{"translate":[{"time":0,"x":-243.41,"y":-42.81}],"scale":[{"time":0,"x":1.745,"y":1.745}]},"EF_fireblack1_1":{"rotate":[{"time":1.2666,"angle":-44.38}],"translate":[{"time":1.2666,"x":-281.18,"y":-8.18}],"scale":[{"time":1.2666,"x":1.5,"y":1.5}]},"EF_fireblack1_2":{"rotate":[{"time":1.3666,"angle":-44.38}],"translate":[{"time":1.3666,"x":-292.25,"y":68.05}],"scale":[{"time":1.3666,"x":1.5,"y":1.5}]}},"events":[{"time":0,"name":"Sound1","string":"cri_se_battle_charge_long"},{"time":0.9333,"name":"Voice","string":"cri_183_voice_skill_all"},{"time":1.2666,"name":"Event","string":"addOrbitSystemShot(ball,hit2,1)"}]},"skill2":{"slots":{"EF_aura1_1":{"attachment":[{"time":0,"name":"EF/ef_aura/670_S2_ene2_00003"},{"time":0.0666,"name":"EF/ef_aura/670_S2_ene2_00004"},{"time":0.1333,"name":"EF/ef_aura/670_S2_ene2_00005"},{"time":0.2,"name":"EF/ef_aura/670_S2_ene2_00007"},{"time":0.2666,"name":"EF/ef_aura/670_S2_ene2_00008"},{"time":0.3333,"name":"EF/ef_aura/670_S2_ene2_00010"},{"time":0.4,"name":"EF/ef_aura/670_S2_ene2_00013"},{"time":0.4666,"name":"EF/ef_aura/670_S2_ene2_00014"},{"time":0.5333,"name":"EF/ef_aura/670_S2_ene2_00015"},{"time":0.6,"name":"EF/ef_aura/670_S2_ene2_00003"},{"time":0.6666,"name":"EF/ef_aura/670_S2_ene2_00004"},{"time":0.7333,"name":"EF/ef_aura/670_S2_ene2_00005"},{"time":0.8,"name":"EF/ef_aura/670_S2_ene2_00007"},{"time":0.8666,"name":null}],"color":[{"time":0.7,"color":"ffffffff"},{"time":0.8666,"color":"ffffff00"}]},"EF_aura1_2":{"attachment":[{"time":0,"name":"EF/ef_aura/670_S2_ene2_00003"},{"time":0.0666,"name":"EF/ef_aura/670_S2_ene2_00004"},{"time":0.1333,"name":"EF/ef_aura/670_S2_ene2_00005"},{"time":0.2,"name":"EF/ef_aura/670_S2_ene2_00007"},{"time":0.2666,"name":"EF/ef_aura/670_S2_ene2_00008"},{"time":0.3333,"name":"EF/ef_aura/670_S2_ene2_00010"},{"time":0.4,"name":"EF/ef_aura/670_S2_ene2_00013"},{"time":0.4666,"name":"EF/ef_aura/670_S2_ene2_00014"},{"time":0.5333,"name":"EF/ef_aura/670_S2_ene2_00015"},{"time":0.6,"name":"EF/ef_aura/670_S2_ene2_00003"},{"time":0.6666,"name":"EF/ef_aura/670_S2_ene2_00004"},{"time":0.7333,"name":"EF/ef_aura/670_S2_ene2_00005"},{"time":0.8,"name":"EF/ef_aura/670_S2_ene2_00007"},{"time":0.8666,"name":null}],"color":[{"time":0.5666,"color":"000000ff"},{"time":0.8666,"color":"00000000"}]},"EF_dark_wave1_1":{"attachment":[{"time":1.5,"name":"EF/ef_dark_wave/1070_S1_power2_00004"},{"time":1.5666,"name":"EF/ef_dark_wave/1070_S1_power2_00006"},{"time":1.6333,"name":"EF/ef_dark_wave/1070_S1_power2_00008"},{"time":1.7,"name":"EF/ef_dark_wave/1070_S1_power2_00010"},{"time":1.7666,"name":null}],"color":[{"time":1.6666,"color":"ffffffff"},{"time":1.7666,"color":"ffffff00"}]},"EF_eyelight1_1":{"attachment":[{"time":1.5,"name":"EF/900_S2_sphire1_00004"},{"time":1.6666,"name":"EF/900_S2_sphire1_00004"}],"color":[{"time":1.5,"color":"ffffff00"},{"time":1.6666,"color":"ffffffff","curve":"stepped"},{"time":5.3333,"color":"ffffffff"},{"time":5.5,"color":"ffffff00"}]},"EF_fireblack1_1":{"attachment":[{"time":0,"name":"EF/ef_fire_sphere_main/ef_fire_sphere_main_00001"},{"time":0.0666,"name":"EF/ef_fire_sphere_main/ef_fire_sphere_main_00002"},{"time":0.1333,"name":"EF/ef_fire_sphere_main/ef_fire_sphere_main_00003"},{"time":0.2,"name":"EF/ef_fire_sphere_main/ef_fire_sphere_main_00004"},{"time":0.2666,"name":"EF/ef_fire_sphere_main/ef_fire_sphere_main_00005"},{"time":0.3333,"name":"EF/ef_fire_sphere_main/ef_fire_sphere_main_00006"},{"time":0.4,"name":"EF/ef_fire_sphere_main/ef_fire_sphere_main_00007"},{"time":0.4666,"name":"EF/ef_fire_sphere_main/ef_fire_sphere_main_00008"},{"time":0.5333,"name":"EF/ef_fire_sphere_main/ef_fire_sphere_main_00009"},{"time":0.6,"name":"EF/ef_fire_sphere_main/ef_fire_sphere_main_00010"},{"time":0.6666,"name":"EF/ef_fire_sphere_main/ef_fire_sphere_main_00001"},{"time":0.7333,"name":"EF/ef_fire_sphere_main/ef_fire_sphere_main_00002"},{"time":0.8,"name":"EF/ef_fire_sphere_main/ef_fire_sphere_main_00003"},{"time":0.8666,"name":null}],"color":[{"time":0.7,"color":"000000ff"},{"time":0.8666,"color":"00000000"}]},"EF_fireblack1_2":{"attachment":[{"time":0.0333,"name":"EF/ef_fire_sphere_main/ef_fire_sphere_main_00001"},{"time":0.1,"name":"EF/ef_fire_sphere_main/ef_fire_sphere_main_00002"},{"time":0.1666,"name":"EF/ef_fire_sphere_main/ef_fire_sphere_main_00003"},{"time":0.2333,"name":"EF/ef_fire_sphere_main/ef_fire_sphere_main_00004"},{"time":0.3,"name":"EF/ef_fire_sphere_main/ef_fire_sphere_main_00005"},{"time":0.3666,"name":"EF/ef_fire_sphere_main/ef_fire_sphere_main_00006"},{"time":0.4333,"name":"EF/ef_fire_sphere_main/ef_fire_sphere_main_00007"},{"time":0.5,"name":"EF/ef_fire_sphere_main/ef_fire_sphere_main_00008"},{"time":0.5666,"name":"EF/ef_fire_sphere_main/ef_fire_sphere_main_00009"},{"time":0.6333,"name":"EF/ef_fire_sphere_main/ef_fire_sphere_main_00010"},{"time":0.7,"name":"EF/ef_fire_sphere_main/ef_fire_sphere_main_00001"},{"time":0.7666,"name":"EF/ef_fire_sphere_main/ef_fire_sphere_main_00002"},{"time":0.8333,"name":null}],"color":[{"time":0.6666,"color":"000000ff"},{"time":0.8333,"color":"00000000"}]},"EF_magic1_1":{"attachment":[{"time":1.1666,"name":"EF/magic_5dark"}],"color":[{"time":1.1666,"color":"ffffff00","curve":[0.223,0.55,0.75,1]},{"time":1.3333,"color":"ffffffff","curve":"stepped"},{"time":1.5,"color":"ffffffff","curve":[0.155,0.51,0.75,1]},{"time":1.8333,"color":"ffffff00"}]},"EF_magic2_1":{"attachment":[{"time":1.1666,"name":"EF/5100_S2_magic1e"}],"color":[{"time":1.1666,"color":"ffffff00","curve":[0.223,0.55,0.75,1]},{"time":1.3333,"color":"ffffffff","curve":"stepped"},{"time":1.5,"color":"ffffffff","curve":[0.155,0.51,0.75,1]},{"time":1.8333,"color":"ffffff00"}]},"EF_rot_wave1_1":{"attachment":[{"time":0,"name":"EF/ef_rot_wave_main/ef_rot_wave_main_00001"},{"time":0.0666,"name":"EF/ef_rot_wave_main/ef_rot_wave_main_00003"},{"time":0.1333,"name":"EF/ef_rot_wave_main/ef_rot_wave_main_00005"},{"time":0.2,"name":"EF/ef_rot_wave_main/ef_rot_wave_main_00006"},{"time":0.2666,"name":"EF/ef_rot_wave_main/ef_rot_wave_main_00008"},{"time":0.3333,"name":"EF/ef_rot_wave_main/ef_rot_wave_main_00010"},{"time":0.4,"name":"EF/ef_rot_wave_main/ef_rot_wave_main_00011"},{"time":0.4666,"name":"EF/ef_rot_wave_main/ef_rot_wave_main_00013"},{"time":0.5333,"name":null}]},"EF_rot_wave1_2":{"attachment":[{"time":0.1666,"name":"EF/ef_rot_wave_main/ef_rot_wave_main_00001"},{"time":0.2333,"name":"EF/ef_rot_wave_main/ef_rot_wave_main_00003"},{"time":0.3,"name":"EF/ef_rot_wave_main/ef_rot_wave_main_00005"},{"time":0.3666,"name":"EF/ef_rot_wave_main/ef_rot_wave_main_00006"},{"time":0.4333,"name":"EF/ef_rot_wave_main/ef_rot_wave_main_00008"},{"time":0.5,"name":"EF/ef_rot_wave_main/ef_rot_wave_main_00010"},{"time":0.5666,"name":"EF/ef_rot_wave_main/ef_rot_wave_main_00011"},{"time":0.6333,"name":"EF/ef_rot_wave_main/ef_rot_wave_main_00013"},{"time":0.7,"name":null}]},"EF_rot_wave1_3":{"attachment":[{"time":0.3333,"name":"EF/ef_rot_wave_main/ef_rot_wave_main_00001"},{"time":0.4,"name":"EF/ef_rot_wave_main/ef_rot_wave_main_00003"},{"time":0.4666,"name":"EF/ef_rot_wave_main/ef_rot_wave_main_00005"},{"time":0.5333,"name":"EF/ef_rot_wave_main/ef_rot_wave_main_00006"},{"time":0.6,"name":"EF/ef_rot_wave_main/ef_rot_wave_main_00008"},{"time":0.6666,"name":"EF/ef_rot_wave_main/ef_rot_wave_main_00010"},{"time":0.7333,"name":"EF/ef_rot_wave_main/ef_rot_wave_main_00011"},{"time":0.8,"name":"EF/ef_rot_wave_main/ef_rot_wave_main_00013"},{"time":0.8666,"name":null}]},"MAIN":{"attachment":[{"time":0,"name":"skill2_00"},{"time":0.8333,"name":"skill2_01"},{"time":1,"name":"skill2_02"},{"time":1.1666,"name":"skill2_03"},{"time":1.3333,"name":"skill2_01"},{"time":1.5,"name":"skill2_02"},{"time":1.6666,"name":"skill2_03"},{"time":1.8333,"name":"skill2_01"},{"time":1.9666,"name":"skill2_02"},{"time":2.1,"name":"skill2_03"},{"time":2.2333,"name":"skill2_01"},{"time":2.3666,"name":"skill2_02"},{"time":2.5,"name":"skill2_03"},{"time":2.6333,"name":"skill2_01"},{"time":2.7666,"name":"skill2_02"},{"time":2.9,"name":"skill2_03"},{"time":3.0333,"name":"skill2_01"},{"time":3.1666,"name":"skill2_02"},{"time":3.3,"name":"skill2_03"},{"time":3.4333,"name":"skill2_01"},{"time":3.5666,"name":"skill2_02"},{"time":3.7,"name":"skill2_03"},{"time":3.8333,"name":"skill2_01"},{"time":3.9666,"name":"skill2_02"},{"time":4.1,"name":"skill2_03"},{"time":4.2333,"name":"skill2_01"},{"time":4.3666,"name":"skill2_02"},{"time":4.5,"name":"skill2_03"},{"time":4.6333,"name":"skill2_01"},{"time":4.8,"name":"skill2_01"},{"time":5,"name":"skill2_02"},{"time":5.2,"name":"skill2_03"},{"time":5.3666,"name":"skill2_01"},{"time":5.5,"name":"idle_00"}],"color":[{"time":1.5,"color":"ffffffff"},{"time":1.6666,"color":"000000ff","curve":"stepped"},{"time":5.3333,"color":"000000ff"},{"time":5.5,"color":"ffffffff"}]},"Wing_MAIN":{"attachment":[{"time":0,"name":"skill2_00_wing"},{"time":0.8333,"name":"skill2_01_wing"},{"time":1,"name":"skill2_02_wing"},{"time":1.1666,"name":"skill2_03_wing"},{"time":1.3333,"name":"skill2_01_wing"},{"time":1.5,"name":"skill2_02_wing"},{"time":1.6666,"name":"skill2_03_wing"},{"time":1.8333,"name":"skill2_01_wing"},{"time":1.9666,"name":"skill2_02_wing"},{"time":2.1,"name":"skill2_03_wing"},{"time":2.2333,"name":"skill2_01_wing"},{"time":2.3666,"name":"skill2_02_wing"},{"time":2.5,"name":"skill2_03_wing"},{"time":2.6333,"name":"skill2_01_wing"},{"time":2.7666,"name":"skill2_02_wing"},{"time":2.9,"name":"skill2_03_wing"},{"time":3.0333,"name":"skill2_01_wing"},{"time":3.1666,"name":"skill2_02_wing"},{"time":3.3,"name":"skill2_03_wing"},{"time":3.4333,"name":"skill2_01_wing"},{"time":3.5666,"name":"skill2_02_wing"},{"time":3.7,"name":"skill2_03_wing"},{"time":3.8333,"name":"skill2_01_wing"},{"time":3.9666,"name":"skill2_02_wing"},{"time":4.1,"name":"skill2_03_wing"},{"time":4.2333,"name":"skill2_01_wing"},{"time":4.3666,"name":"skill2_02_wing"},{"time":4.5,"name":"skill2_03_wing"},{"time":4.6333,"name":"skill2_01_wing"},{"time":4.8,"name":"skill2_01_wing"},{"time":5,"name":"skill2_02_wing"},{"time":5.2,"name":"skill2_03_wing"},{"time":5.3666,"name":"skill2_01_wing"},{"time":5.5,"name":"attack1_00to1_wing"}],"color":[{"time":1.5,"color":"ffffffff"},{"time":1.6666,"color":"000000ff","curve":"stepped"},{"time":5.3333,"color":"000000ff"},{"time":5.5,"color":"ffffffff"}]},"stand":{"attachment":[{"time":0,"name":"stand"},{"time":0.8333,"name":null},{"time":5.5,"name":"attack_00_stand"}]},"stand2":{"attachment":[{"time":0.8333,"name":"stand"},{"time":5.5,"name":null}],"color":[{"time":1.5,"color":"ffffffff"},{"time":1.6666,"color":"000000ff","curve":"stepped"},{"time":5.3333,"color":"000000ff"},{"time":5.5,"color":"ffffffff"}]}},"bones":{"MAIN":{"rotate":[{"time":0,"angle":0,"curve":"stepped"},{"time":5.5,"angle":0}],"translate":[{"time":0,"x":0,"y":0,"curve":"stepped"},{"time":0.8333,"x":0,"y":29.18},{"time":1,"x":0,"y":197.1,"curve":[0.136,0.55,0.634,1]},{"time":1.5,"x":0,"y":250,"curve":"stepped"},{"time":4.8,"x":0,"y":250},{"time":5.2666,"x":0,"y":30,"curve":[0.124,0.34,0.655,0.84]},{"time":5.4333,"x":0,"y":7.27,"curve":"stepped"},{"time":5.5,"x":0,"y":0}]},"stand":{"rotate":[{"time":0,"angle":0,"curve":"stepped"},{"time":5.5,"angle":0}],"translate":[{"time":0,"x":0,"y":0,"curve":"stepped"},{"time":5.5,"x":0,"y":0}]},"wing":{"rotate":[{"time":0,"angle":0,"curve":"stepped"},{"time":5.5,"angle":0}],"translate":[{"time":0,"x":0,"y":0,"curve":"stepped"},{"time":5.5,"x":0,"y":0}]},"stand2":{"translate":[{"time":0.8333,"x":7,"y":0}]},"EF_aura1_1":{"translate":[{"time":0,"x":-243.25,"y":-66.47}],"scale":[{"time":0,"x":1.485,"y":1.485}]},"EF_rot_wave1_1":{"translate":[{"time":0,"x":-343,"y":0}],"scale":[{"time":0,"x":3,"y":3}]},"EF_rot_wave1_2":{"translate":[{"time":0.1666,"x":-343,"y":0}],"scale":[{"time":0.1666,"x":3,"y":3}]},"EF_rot_wave1_3":{"translate":[{"time":0.3333,"x":-343,"y":0}],"scale":[{"time":0.3333,"x":3,"y":3}]},"EF_magic1_1":{"translate":[{"time":1.1666,"x":-350,"y":290.24}],"scale":[{"time":1.1666,"x":0.425,"y":0.425,"curve":[0.223,0.55,0.75,1]},{"time":1.3333,"x":1,"y":1,"curve":"stepped"},{"time":1.5,"x":1,"y":1,"curve":[0.155,0.51,0.75,1]},{"time":1.8333,"x":1.788,"y":1.788}]},"EF_fireblack1_1":{"rotate":[{"time":0,"angle":157.62}],"translate":[{"time":0,"x":-314.6,"y":-8.06}],"scale":[{"time":0,"x":2.5,"y":-2.5}]},"EF_fireblack1_2":{"rotate":[{"time":0.0333,"angle":19.17}],"translate":[{"time":0.0333,"x":-293.73,"y":75.31}],"scale":[{"time":0.0333,"x":2.5,"y":2.5}]},"EF_aurablack1_2":{"translate":[{"time":0,"x":-242.94,"y":-25.61}],"scale":[{"time":0,"x":3.12,"y":3.12}]},"EF_eyelight1_1":{"translate":[{"time":1.5,"x":0.58,"y":6.31,"curve":"stepped"},{"time":5.3333,"x":0.58,"y":6.31},{"time":5.5,"x":0.32,"y":-0.21}]},"EF_dark_wave1_1":{"translate":[{"time":1.5,"x":-197.9,"y":174.02}],"scale":[{"time":1.5,"x":0.076,"y":0.076},{"time":1.7333,"x":0.245,"y":0.245}]}},"events":[{"time":0,"name":"Event","string":"addOrbitSystem_s22"},{"time":0,"name":"Sound1","string":"cri_se_battle_037_explosion_element_05"},{"time":0,"name":"Voice","string":"cri_183_voice_fullarts_now"},{"time":0.8,"name":"Sound1","string":"cri_se_battle_skill_shot"},{"time":1.8333,"name":"Voice","string":"cri_183_voice_fullarts_rank5"}]},"skill3":{"slots":{"EF_aura1_2":{"attachment":[{"time":0,"name":"EF/ef_aura/670_S2_ene2_00003"},{"time":0.0666,"name":"EF/ef_aura/670_S2_ene2_00004"},{"time":0.1333,"name":"EF/ef_aura/670_S2_ene2_00005"},{"time":0.2,"name":"EF/ef_aura/670_S2_ene2_00007"},{"time":0.2666,"name":"EF/ef_aura/670_S2_ene2_00008"},{"time":0.3333,"name":"EF/ef_aura/670_S2_ene2_00010"},{"time":0.4,"name":"EF/ef_aura/670_S2_ene2_00013"},{"time":0.4666,"name":"EF/ef_aura/670_S2_ene2_00014"},{"time":0.5333,"name":"EF/ef_aura/670_S2_ene2_00015"},{"time":0.6,"name":"EF/ef_aura/670_S2_ene2_00003"},{"time":0.6666,"name":"EF/ef_aura/670_S2_ene2_00004"},{"time":0.7333,"name":"EF/ef_aura/670_S2_ene2_00005"},{"time":0.8,"name":"EF/ef_aura/670_S2_ene2_00007"},{"time":0.8666,"name":"EF/ef_aura/670_S2_ene2_00008"},{"time":0.9333,"name":"EF/ef_aura/670_S2_ene2_00010"},{"time":1,"name":"EF/ef_aura/670_S2_ene2_00013"},{"time":1.0666,"name":"EF/ef_aura/670_S2_ene2_00014"},{"time":1.1333,"name":"EF/ef_aura/670_S2_ene2_00015"},{"time":1.2,"name":"EF/ef_aura/670_S2_ene2_00003"},{"time":1.2666,"name":"EF/ef_aura/670_S2_ene2_00004"},{"time":1.3333,"name":"EF/ef_aura/670_S2_ene2_00005"},{"time":1.4,"name":"EF/ef_aura/670_S2_ene2_00007"},{"time":1.4666,"name":"EF/ef_aura/670_S2_ene2_00008"},{"time":1.5333,"name":"EF/ef_aura/670_S2_ene2_00010"},{"time":1.6,"name":"EF/ef_aura/670_S2_ene2_00013"},{"time":1.6666,"name":"EF/ef_aura/670_S2_ene2_00014"},{"time":1.7333,"name":"EF/ef_aura/670_S2_ene2_00015"},{"time":1.8,"name":"EF/ef_aura/670_S2_ene2_00003"},{"time":1.8666,"name":"EF/ef_aura/670_S2_ene2_00004"},{"time":1.9333,"name":"EF/ef_aura/670_S2_ene2_00005"},{"time":2,"name":"EF/ef_aura/670_S2_ene2_00007"},{"time":2.0666,"name":"EF/ef_aura/670_S2_ene2_00008"},{"time":2.1333,"name":"EF/ef_aura/670_S2_ene2_00010"},{"time":2.2,"name":"EF/ef_aura/670_S2_ene2_00013"},{"time":2.2666,"name":"EF/ef_aura/670_S2_ene2_00014"},{"time":2.3333,"name":"EF/ef_aura/670_S2_ene2_00015"},{"time":2.4,"name":"EF/ef_aura/670_S2_ene2_00003"},{"time":2.4666,"name":"EF/ef_aura/670_S2_ene2_00004"},{"time":2.5333,"name":"EF/ef_aura/670_S2_ene2_00005"},{"time":2.6,"name":"EF/ef_aura/670_S2_ene2_00007"},{"time":2.6666,"name":"EF/ef_aura/670_S2_ene2_00008"},{"time":2.7333,"name":"EF/ef_aura/670_S2_ene2_00010"},{"time":2.8,"name":"EF/ef_aura/670_S2_ene2_00013"},{"time":2.8666,"name":"EF/ef_aura/670_S2_ene2_00014"},{"time":2.9333,"name":"EF/ef_aura/670_S2_ene2_00015"},{"time":3,"name":"EF/ef_aura/670_S2_ene2_00003"},{"time":3.0666,"name":"EF/ef_aura/670_S2_ene2_00004"},{"time":3.1333,"name":"EF/ef_aura/670_S2_ene2_00005"},{"time":3.2,"name":"EF/ef_aura/670_S2_ene2_00007"},{"time":3.2666,"name":"EF/ef_aura/670_S2_ene2_00008"},{"time":3.3333,"name":"EF/ef_aura/670_S2_ene2_00010"},{"time":3.4,"name":"EF/ef_aura/670_S2_ene2_00013"},{"time":3.4666,"name":"EF/ef_aura/670_S2_ene2_00014"},{"time":3.5333,"name":"EF/ef_aura/670_S2_ene2_00015"},{"time":3.6,"name":"EF/ef_aura/670_S2_ene2_00003"},{"time":3.6666,"name":"EF/ef_aura/670_S2_ene2_00004"},{"time":3.7333,"name":"EF/ef_aura/670_S2_ene2_00005"},{"time":3.8,"name":"EF/ef_aura/670_S2_ene2_00007"},{"time":3.8666,"name":"EF/ef_aura/670_S2_ene2_00008"},{"time":3.9333,"name":"EF/ef_aura/670_S2_ene2_00010"},{"time":4,"name":"EF/ef_aura/670_S2_ene2_00013"},{"time":4.0666,"name":"EF/ef_aura/670_S2_ene2_00014"},{"time":4.1333,"name":"EF/ef_aura/670_S2_ene2_00015"},{"time":4.2,"name":"EF/ef_aura/670_S2_ene2_00003"},{"time":4.2666,"name":"EF/ef_aura/670_S2_ene2_00004"},{"time":4.3333,"name":"EF/ef_aura/670_S2_ene2_00005"},{"time":4.4,"name":"EF/ef_aura/670_S2_ene2_00007"},{"time":4.4666,"name":"EF/ef_aura/670_S2_ene2_00008"},{"time":4.5333,"name":"EF/ef_aura/670_S2_ene2_00010"},{"time":4.6,"name":"EF/ef_aura/670_S2_ene2_00013"},{"time":4.6666,"name":"EF/ef_aura/670_S2_ene2_00014"},{"time":4.7333,"name":"EF/ef_aura/670_S2_ene2_00015"},{"time":4.8,"name":"EF/ef_aura/670_S2_ene2_00003"},{"time":4.8666,"name":"EF/ef_aura/670_S2_ene2_00004"},{"time":4.9333,"name":"EF/ef_aura/670_S2_ene2_00005"},{"time":5,"name":"EF/ef_aura/670_S2_ene2_00007"},{"time":5.0666,"name":"EF/ef_aura/670_S2_ene2_00008"},{"time":5.1333,"name":"EF/ef_aura/670_S2_ene2_00010"},{"time":5.2,"name":"EF/ef_aura/670_S2_ene2_00013"},{"time":5.2666,"name":"EF/ef_aura/670_S2_ene2_00014"},{"time":5.3333,"name":"EF/ef_aura/670_S2_ene2_00015"},{"time":5.4,"name":"EF/ef_aura/670_S2_ene2_00003"},{"time":5.4666,"name":"EF/ef_aura/670_S2_ene2_00004"},{"time":5.5333,"name":"EF/ef_aura/670_S2_ene2_00005"},{"time":5.6,"name":"EF/ef_aura/670_S2_ene2_00007"},{"time":5.6666,"name":"EF/ef_aura/670_S2_ene2_00008"},{"time":5.7333,"name":"EF/ef_aura/670_S2_ene2_00010"},{"time":5.8,"name":"EF/ef_aura/670_S2_ene2_00013"},{"time":5.8666,"name":"EF/ef_aura/670_S2_ene2_00014"},{"time":5.9333,"name":"EF/ef_aura/670_S2_ene2_00015"},{"time":6,"name":null}],"color":[{"time":0,"color":"00000000"},{"time":1,"color":"000000ff","curve":"stepped"},{"time":5.6666,"color":"000000ff"},{"time":6,"color":"00000000"}]},"EF_eyelight1_1":{"attachment":[{"time":1.8333,"name":"EF/900_S2_sphire1_00004"}],"color":[{"time":1.8333,"color":"ffffff00"},{"time":2,"color":"ffffffff","curve":"stepped"},{"time":5.7,"color":"ffffffff"},{"time":6.1666,"color":"ffffff00"}]},"EF_fireblack1_1":{"attachment":[{"time":2,"name":"EF/ef_fire_sphere_main/ef_fire_sphere_main_00001"},{"time":2.0666,"name":"EF/ef_fire_sphere_main/ef_fire_sphere_main_00002"},{"time":2.1333,"name":"EF/ef_fire_sphere_main/ef_fire_sphere_main_00003"},{"time":2.2,"name":"EF/ef_fire_sphere_main/ef_fire_sphere_main_00004"},{"time":2.2666,"name":"EF/ef_fire_sphere_main/ef_fire_sphere_main_00005"},{"time":2.3333,"name":"EF/ef_fire_sphere_main/ef_fire_sphere_main_00006"},{"time":2.4,"name":"EF/ef_fire_sphere_main/ef_fire_sphere_main_00007"},{"time":2.4666,"name":"EF/ef_fire_sphere_main/ef_fire_sphere_main_00008"},{"time":2.5333,"name":"EF/ef_fire_sphere_main/ef_fire_sphere_main_00009"},{"time":2.6,"name":"EF/ef_fire_sphere_main/ef_fire_sphere_main_00010"},{"time":2.6666,"name":null},{"time":3.2333,"name":"EF/ef_fire_sphere_main/ef_fire_sphere_main_00001"},{"time":3.3,"name":"EF/ef_fire_sphere_main/ef_fire_sphere_main_00002"},{"time":3.3666,"name":"EF/ef_fire_sphere_main/ef_fire_sphere_main_00003"},{"time":3.4333,"name":"EF/ef_fire_sphere_main/ef_fire_sphere_main_00004"},{"time":3.5,"name":"EF/ef_fire_sphere_main/ef_fire_sphere_main_00005"},{"time":3.5666,"name":"EF/ef_fire_sphere_main/ef_fire_sphere_main_00006"},{"time":3.6333,"name":"EF/ef_fire_sphere_main/ef_fire_sphere_main_00007"},{"time":3.7,"name":"EF/ef_fire_sphere_main/ef_fire_sphere_main_00008"},{"time":3.7666,"name":"EF/ef_fire_sphere_main/ef_fire_sphere_main_00009"},{"time":3.8333,"name":"EF/ef_fire_sphere_main/ef_fire_sphere_main_00010"},{"time":3.9,"name":null},{"time":4.4333,"name":"EF/ef_fire_sphere_main/ef_fire_sphere_main_00001"},{"time":4.5,"name":"EF/ef_fire_sphere_main/ef_fire_sphere_main_00002"},{"time":4.5666,"name":"EF/ef_fire_sphere_main/ef_fire_sphere_main_00003"},{"time":4.6333,"name":"EF/ef_fire_sphere_main/ef_fire_sphere_main_00004"},{"time":4.7,"name":"EF/ef_fire_sphere_main/ef_fire_sphere_main_00005"},{"time":4.7666,"name":"EF/ef_fire_sphere_main/ef_fire_sphere_main_00006"},{"time":4.8333,"name":"EF/ef_fire_sphere_main/ef_fire_sphere_main_00007"},{"time":4.9,"name":"EF/ef_fire_sphere_main/ef_fire_sphere_main_00008"},{"time":4.9666,"name":"EF/ef_fire_sphere_main/ef_fire_sphere_main_00009"},{"time":5.0333,"name":"EF/ef_fire_sphere_main/ef_fire_sphere_main_00010"},{"time":5.1,"name":null}]},"EF_fireblack1_2":{"attachment":[{"time":2.3,"name":"EF/ef_fire_sphere_main/ef_fire_sphere_main_00001"},{"time":2.3666,"name":"EF/ef_fire_sphere_main/ef_fire_sphere_main_00002"},{"time":2.4333,"name":"EF/ef_fire_sphere_main/ef_fire_sphere_main_00003"},{"time":2.5,"name":"EF/ef_fire_sphere_main/ef_fire_sphere_main_00004"},{"time":2.5666,"name":"EF/ef_fire_sphere_main/ef_fire_sphere_main_00005"},{"time":2.6333,"name":"EF/ef_fire_sphere_main/ef_fire_sphere_main_00006"},{"time":2.7,"name":"EF/ef_fire_sphere_main/ef_fire_sphere_main_00007"},{"time":2.7666,"name":"EF/ef_fire_sphere_main/ef_fire_sphere_main_00009"},{"time":2.8333,"name":"EF/ef_fire_sphere_main/ef_fire_sphere_main_00010"},{"time":2.9,"name":null},{"time":3.5333,"name":"EF/ef_fire_sphere_main/ef_fire_sphere_main_00001"},{"time":3.6,"name":"EF/ef_fire_sphere_main/ef_fire_sphere_main_00002"},{"time":3.6666,"name":"EF/ef_fire_sphere_main/ef_fire_sphere_main_00003"},{"time":3.7333,"name":"EF/ef_fire_sphere_main/ef_fire_sphere_main_00004"},{"time":3.8,"name":"EF/ef_fire_sphere_main/ef_fire_sphere_main_00005"},{"time":3.8666,"name":"EF/ef_fire_sphere_main/ef_fire_sphere_main_00006"},{"time":3.9333,"name":"EF/ef_fire_sphere_main/ef_fire_sphere_main_00007"},{"time":4,"name":"EF/ef_fire_sphere_main/ef_fire_sphere_main_00009"},{"time":4.0666,"name":"EF/ef_fire_sphere_main/ef_fire_sphere_main_00010"},{"time":4.1333,"name":null},{"time":4.7333,"name":"EF/ef_fire_sphere_main/ef_fire_sphere_main_00001"},{"time":4.8,"name":"EF/ef_fire_sphere_main/ef_fire_sphere_main_00002"},{"time":4.8666,"name":"EF/ef_fire_sphere_main/ef_fire_sphere_main_00003"},{"time":4.9333,"name":"EF/ef_fire_sphere_main/ef_fire_sphere_main_00004"},{"time":5,"name":"EF/ef_fire_sphere_main/ef_fire_sphere_main_00005"},{"time":5.0666,"name":"EF/ef_fire_sphere_main/ef_fire_sphere_main_00006"},{"time":5.1333,"name":"EF/ef_fire_sphere_main/ef_fire_sphere_main_00007"},{"time":5.2,"name":"EF/ef_fire_sphere_main/ef_fire_sphere_main_00009"},{"time":5.2666,"name":"EF/ef_fire_sphere_main/ef_fire_sphere_main_00010"},{"time":5.3333,"name":null}]},"EF_fireblack1_3":{"attachment":[{"time":2.6,"name":"EF/ef_fire_sphere_main/ef_fire_sphere_main_00001"},{"time":2.6666,"name":"EF/ef_fire_sphere_main/ef_fire_sphere_main_00002"},{"time":2.7333,"name":"EF/ef_fire_sphere_main/ef_fire_sphere_main_00003"},{"time":2.8,"name":"EF/ef_fire_sphere_main/ef_fire_sphere_main_00004"},{"time":2.8666,"name":"EF/ef_fire_sphere_main/ef_fire_sphere_main_00005"},{"time":2.9333,"name":"EF/ef_fire_sphere_main/ef_fire_sphere_main_00006"},{"time":3,"name":"EF/ef_fire_sphere_main/ef_fire_sphere_main_00007"},{"time":3.0666,"name":"EF/ef_fire_sphere_main/ef_fire_sphere_main_00008"},{"time":3.1333,"name":"EF/ef_fire_sphere_main/ef_fire_sphere_main_00009"},{"time":3.2,"name":"EF/ef_fire_sphere_main/ef_fire_sphere_main_00010"},{"time":3.2666,"name":null},{"time":3.8333,"name":"EF/ef_fire_sphere_main/ef_fire_sphere_main_00001"},{"time":3.9,"name":"EF/ef_fire_sphere_main/ef_fire_sphere_main_00002"},{"time":3.9666,"name":"EF/ef_fire_sphere_main/ef_fire_sphere_main_00003"},{"time":4.0333,"name":"EF/ef_fire_sphere_main/ef_fire_sphere_main_00004"},{"time":4.1,"name":"EF/ef_fire_sphere_main/ef_fire_sphere_main_00005"},{"time":4.1666,"name":"EF/ef_fire_sphere_main/ef_fire_sphere_main_00006"},{"time":4.2333,"name":"EF/ef_fire_sphere_main/ef_fire_sphere_main_00007"},{"time":4.3,"name":"EF/ef_fire_sphere_main/ef_fire_sphere_main_00008"},{"time":4.3666,"name":"EF/ef_fire_sphere_main/ef_fire_sphere_main_00009"},{"time":4.4333,"name":"EF/ef_fire_sphere_main/ef_fire_sphere_main_00010"},{"time":4.5,"name":null},{"time":5.0333,"name":"EF/ef_fire_sphere_main/ef_fire_sphere_main_00001"},{"time":5.1,"name":"EF/ef_fire_sphere_main/ef_fire_sphere_main_00002"},{"time":5.1666,"name":"EF/ef_fire_sphere_main/ef_fire_sphere_main_00003"},{"time":5.2333,"name":"EF/ef_fire_sphere_main/ef_fire_sphere_main_00004"},{"time":5.3,"name":"EF/ef_fire_sphere_main/ef_fire_sphere_main_00005"},{"time":5.3666,"name":"EF/ef_fire_sphere_main/ef_fire_sphere_main_00006"},{"time":5.4333,"name":"EF/ef_fire_sphere_main/ef_fire_sphere_main_00007"},{"time":5.5,"name":"EF/ef_fire_sphere_main/ef_fire_sphere_main_00008"},{"time":5.5666,"name":"EF/ef_fire_sphere_main/ef_fire_sphere_main_00009"},{"time":5.6333,"name":"EF/ef_fire_sphere_main/ef_fire_sphere_main_00010"},{"time":5.7,"name":null}]},"EF_fireblack1_4":{"attachment":[{"time":2.9,"name":"EF/ef_fire_sphere_main/ef_fire_sphere_main_00001"},{"time":2.9666,"name":"EF/ef_fire_sphere_main/ef_fire_sphere_main_00002"},{"time":3.0333,"name":"EF/ef_fire_sphere_main/ef_fire_sphere_main_00003"},{"time":3.1,"name":"EF/ef_fire_sphere_main/ef_fire_sphere_main_00004"},{"time":3.1666,"name":"EF/ef_fire_sphere_main/ef_fire_sphere_main_00005"},{"time":3.2333,"name":"EF/ef_fire_sphere_main/ef_fire_sphere_main_00006"},{"time":3.3,"name":"EF/ef_fire_sphere_main/ef_fire_sphere_main_00007"},{"time":3.3666,"name":"EF/ef_fire_sphere_main/ef_fire_sphere_main_00008"},{"time":3.4333,"name":"EF/ef_fire_sphere_main/ef_fire_sphere_main_00009"},{"time":3.5,"name":"EF/ef_fire_sphere_main/ef_fire_sphere_main_00010"},{"time":3.5666,"name":null},{"time":4.1333,"name":"EF/ef_fire_sphere_main/ef_fire_sphere_main_00001"},{"time":4.2,"name":"EF/ef_fire_sphere_main/ef_fire_sphere_main_00002"},{"time":4.2666,"name":"EF/ef_fire_sphere_main/ef_fire_sphere_main_00003"},{"time":4.3333,"name":"EF/ef_fire_sphere_main/ef_fire_sphere_main_00004"},{"time":4.4,"name":"EF/ef_fire_sphere_main/ef_fire_sphere_main_00005"},{"time":4.4666,"name":"EF/ef_fire_sphere_main/ef_fire_sphere_main_00006"},{"time":4.5333,"name":"EF/ef_fire_sphere_main/ef_fire_sphere_main_00007"},{"time":4.6,"name":"EF/ef_fire_sphere_main/ef_fire_sphere_main_00008"},{"time":4.6666,"name":"EF/ef_fire_sphere_main/ef_fire_sphere_main_00009"},{"time":4.7333,"name":"EF/ef_fire_sphere_main/ef_fire_sphere_main_00010"},{"time":4.8,"name":null},{"time":5.3333,"name":"EF/ef_fire_sphere_main/ef_fire_sphere_main_00001"},{"time":5.4,"name":"EF/ef_fire_sphere_main/ef_fire_sphere_main_00002"},{"time":5.4666,"name":"EF/ef_fire_sphere_main/ef_fire_sphere_main_00003"},{"time":5.5333,"name":"EF/ef_fire_sphere_main/ef_fire_sphere_main_00004"},{"time":5.6,"name":"EF/ef_fire_sphere_main/ef_fire_sphere_main_00005"},{"time":5.6666,"name":"EF/ef_fire_sphere_main/ef_fire_sphere_main_00006"},{"time":5.7333,"name":"EF/ef_fire_sphere_main/ef_fire_sphere_main_00007"},{"time":5.8,"name":null}]},"EF_magic1_1":{"attachment":[{"time":0,"name":"EF/magic_5dark"}],"color":[{"time":0,"color":"ffffff00"},{"time":0.5,"color":"ffffffff","curve":"stepped"},{"time":1.6666,"color":"ffffffff","curve":[0.213,0.43,0.75,1]},{"time":2.5,"color":"ffffff00"}]},"EF_magic2_1":{"attachment":[{"time":0,"name":"EF/5100_S2_magic1e"}],"color":[{"time":0,"color":"ffffff00"},{"time":0.5,"color":"ffffffff","curve":"stepped"},{"time":1.8333,"color":"ffffffff","curve":[0.213,0.43,0.75,1]},{"time":2.1666,"color":"ffffff00"}]},"MAIN":{"attachment":[{"time":0,"name":"idle_00"},{"time":0.3,"name":"idle_01"},{"time":0.6,"name":"idle_02"},{"time":0.9,"name":"idle_03"},{"time":1.2,"name":"idle_00"},{"time":1.5,"name":"idle_00"},{"time":1.8,"name":"idle_01"},{"time":2.1,"name":"idle_02"},{"time":2.4,"name":"idle_03"},{"time":2.7,"name":"idle_00"},{"time":3,"name":"idle_00"},{"time":3.3,"name":"idle_01"},{"time":3.6,"name":"idle_02"},{"time":3.9,"name":"idle_03"},{"time":4.2,"name":"idle_00"},{"time":4.5,"name":"idle_00"},{"time":4.8,"name":"idle_01"},{"time":5.1,"name":"idle_02"},{"time":5.4,"name":"idle_03"},{"time":5.7,"name":"idle_00"}],"color":[{"time":1.8333,"color":"ffffffff"},{"time":2,"color":"000000ff","curve":"stepped"},{"time":5.8333,"color":"000000ff"},{"time":6,"color":"ffffffff"}]},"Wing_MAIN":{"attachment":[{"time":0,"name":"idle_00_wing"},{"time":0.3,"name":"idle_01_wing"},{"time":0.6,"name":"idle_02_wing"},{"time":0.9,"name":"idle_03_wing"},{"time":1.2,"name":"idle_00_wing"},{"time":1.5,"name":"idle_00_wing"},{"time":1.8,"name":"idle_01_wing"},{"time":2.1,"name":"idle_02_wing"},{"time":2.4,"name":"idle_03_wing"},{"time":2.7,"name":"idle_00_wing"},{"time":3,"name":"idle_00_wing"},{"time":3.3,"name":"idle_01_wing"},{"time":3.6,"name":"idle_02_wing"},{"time":3.9,"name":"idle_03_wing"},{"time":4.2,"name":"idle_00_wing"},{"time":4.5,"name":"idle_00_wing"},{"time":4.8,"name":"idle_01_wing"},{"time":5.1,"name":"idle_02_wing"},{"time":5.4,"name":"idle_03_wing"},{"time":5.7,"name":"idle_00_wing"}],"color":[{"time":1.8333,"color":"ffffffff"},{"time":2,"color":"000000ff","curve":"stepped"},{"time":5.8333,"color":"000000ff"},{"time":6,"color":"ffffffff"}]},"stand":{"attachment":[{"time":0,"name":"attack_00_stand"}],"color":[{"time":1.8333,"color":"ffffffff"},{"time":2,"color":"000000ff","curve":"stepped"},{"time":5.8333,"color":"000000ff"},{"time":6,"color":"ffffffff"}]}},"bones":{"EF_eyelight1_1":{"translate":[{"time":0,"x":0,"y":0,"curve":"stepped"},{"time":0.3,"x":0,"y":-2.35,"curve":"stepped"},{"time":0.6,"x":0,"y":-4.25,"curve":"stepped"},{"time":0.9,"x":0,"y":-4.25,"curve":"stepped"},{"time":1.2,"x":0,"y":0,"curve":"stepped"},{"time":1.5,"x":0,"y":0,"curve":"stepped"},{"time":1.8,"x":0,"y":-2.35,"curve":"stepped"},{"time":2.1,"x":0,"y":-4.25,"curve":"stepped"},{"time":2.4,"x":0,"y":-4.25,"curve":"stepped"},{"time":2.7,"x":0,"y":0,"curve":"stepped"},{"time":3,"x":0,"y":0,"curve":"stepped"},{"time":3.3,"x":0,"y":-2.35,"curve":"stepped"},{"time":3.6,"x":0,"y":-4.25,"curve":"stepped"},{"time":3.9,"x":0,"y":-4.25,"curve":"stepped"},{"time":4.2,"x":0,"y":0,"curve":"stepped"},{"time":4.5,"x":0,"y":0,"curve":"stepped"},{"time":4.8,"x":0,"y":-2.35,"curve":"stepped"},{"time":5.1,"x":0,"y":-4.25,"curve":"stepped"},{"time":5.4,"x":0,"y":-4.25,"curve":"stepped"},{"time":5.7,"x":0,"y":0}],"scale":[{"time":1.8333,"x":1,"y":1},{"time":2,"x":1.716,"y":1.716}]},"stand":{"translate":[{"time":0,"x":0,"y":0}]},"MAIN":{"translate":[{"time":0,"x":0,"y":0}]},"wing":{"translate":[{"time":0,"x":0,"y":0}]},"EF_aurablack1_2":{"translate":[{"time":0,"x":-240.12,"y":-54.49}],"scale":[{"time":0,"x":2.383,"y":2.383}]},"EF_fireblack1_1":{"rotate":[{"time":2,"angle":-38.04,"curve":"stepped"},{"time":3.2333,"angle":-38.04,"curve":"stepped"},{"time":4.4333,"angle":-38.04}],"translate":[{"time":2,"x":-304.83,"y":-11.92,"curve":"stepped"},{"time":3.2333,"x":-304.83,"y":-11.92,"curve":"stepped"},{"time":4.4333,"x":-304.83,"y":-11.92}],"scale":[{"time":2,"x":-1,"y":1,"curve":"stepped"},{"time":3.2333,"x":-1,"y":1,"curve":"stepped"},{"time":4.4333,"x":-1,"y":1}]},"EF_fireblack1_2":{"rotate":[{"time":2.3,"angle":53.81,"curve":"stepped"},{"time":3.5333,"angle":53.81,"curve":"stepped"},{"time":4.7333,"angle":53.81}],"translate":[{"time":2.3,"x":-298.02,"y":11.92,"curve":"stepped"},{"time":3.5333,"x":-298.02,"y":11.92,"curve":"stepped"},{"time":4.7333,"x":-298.02,"y":11.92}]},"EF_fireblack1_4":{"rotate":[{"time":2.9,"angle":53.81,"curve":"stepped"},{"time":4.1333,"angle":53.81,"curve":"stepped"},{"time":5.3333,"angle":53.81}],"translate":[{"time":2.9,"x":-298.02,"y":11.92,"curve":"stepped"},{"time":4.1333,"x":-298.02,"y":11.92,"curve":"stepped"},{"time":5.3333,"x":-298.02,"y":11.92}]},"EF_fireblack1_3":{"rotate":[{"time":2.6,"angle":-38.04,"curve":"stepped"},{"time":3.8333,"angle":-38.04,"curve":"stepped"},{"time":5.0333,"angle":-38.04}],"translate":[{"time":2.6,"x":-304.83,"y":-11.92,"curve":"stepped"},{"time":3.8333,"x":-304.83,"y":-11.92,"curve":"stepped"},{"time":5.0333,"x":-304.83,"y":-11.92}],"scale":[{"time":2.6,"x":-1,"y":1,"curve":"stepped"},{"time":3.8333,"x":-1,"y":1,"curve":"stepped"},{"time":5.0333,"x":-1,"y":1}]},"EF_magic1_1":{"rotate":[{"time":0,"angle":-7.19},{"time":1.6666,"angle":0}],"translate":[{"time":0,"x":-350,"y":48.68}],"scale":[{"time":0,"x":0.239,"y":0.239},{"time":0.5,"x":1,"y":1,"curve":"stepped"},{"time":1.6666,"x":1,"y":1,"curve":[0.213,0.43,0.75,1]},{"time":2.5,"x":1.431,"y":1.431}]},"EF_magic2_1":{"rotate":[{"time":0,"angle":3.88},{"time":1.8333,"angle":0}]}},"events":[{"time":0,"name":"Event","string":"addOrbitSystem_s3"},{"time":0,"name":"Event2","string":"addOrbitSystemCamera_s3camera"},{"time":0,"name":"Sound1","string":"cri_se_battle_037_explosion_element_05"},{"time":0,"name":"Sound2","string":"cri_se_battle_magic_Invocation_dark"},{"time":0,"name":"Voice","string":"cri_183_voice_fullarts_now_b"},{"time":2.1333,"name":"Voice","string":"cri_183_voice_fullarts_rank6"}]}}}