{"skeleton":{"hash":"bkE40rpuxAO1zsRphPznSoEqT9c","spine":"3.0.12","width":0,"height":0,"images":"./images2/"},"bones":[{"name":"root"},{"name":"MAIN","parent":"root","y":43.55}],"slots":[{"name":"MAIN","bone":"MAIN","attachment":"skeleton-idle_0"}],"skins":{"default":{"MAIN":{"skeleton-idle_0":{"x":-48.9,"y":12.96,"width":400,"height":400},"skeleton-idle_1":{"x":-48.9,"y":12.96,"width":400,"height":400},"skeleton-idle_2":{"x":-48.9,"y":12.96,"width":400,"height":400},"skeleton-idle_3":{"x":-48.9,"y":12.96,"width":400,"height":400},"skeleton-idle_4":{"x":-48.9,"y":12.96,"width":400,"height":400}}}},"events":{"Event":{},"Hit":{},"Sound1":{},"Sound2":{},"Sound3":{},"Voice":{}},"animations":{"idle":{"slots":{"MAIN":{"attachment":[{"time":0,"name":"skeleton-idle_0"},{"time":0.1666,"name":"skeleton-idle_1"},{"time":0.3333,"name":"skeleton-idle_2"},{"time":0.5,"name":"skeleton-idle_3"},{"time":0.6666,"name":"skeleton-idle_4"},{"time":0.8333,"name":"skeleton-idle_0"}]}}}}}