{"skeleton":{"hash":"/mMWGPu1uPm7J6w5YIflZXTWO20","spine":"3.0.12","width":0,"height":0},"bones":[{"name":"root"},{"name":"MAIN","parent":"root","y":108.91},{"name":"HITBOX","parent":"MAIN","y":-45.04},{"name":"EF1","parent":"MAIN","scaleX":2,"scaleY":2},{"name":"EF","parent":"root"},{"name":"EF_wave3_1","parent":"EF","x":500},{"name":"EF_wave2_5","parent":"EF","x":400},{"name":"EF_wave2_4","parent":"EF","x":400},{"name":"EF_wave2_3","parent":"EF","x":400},{"name":"EF_wave2_2","parent":"EF","x":400},{"name":"EF_wave2_1","parent":"EF","x":400},{"name":"EF_wave1_1","parent":"EF","x":300},{"name":"EF_tower1_1","parent":"EF","x":450},{"name":"EF_smoke1_1","parent":"EF","x":150,"y":150},{"name":"EF_scratch1_1","parent":"EF","x":350,"y":100},{"name":"EF_impact1_1","parent":"EF","x":350},{"name":"EF_fire3_3","parent":"EF","x":150,"y":100.04},{"name":"EF_fire3_2","parent":"EF","x":150,"y":100.04},{"name":"EF_fire3_1","parent":"EF","x":150,"y":100.04},{"name":"EF_fire2_2","parent":"EF","x":200,"y":150},{"name":"EF_fire2_1","parent":"EF","x":200,"y":150},{"name":"EF_fire1_4","parent":"EF","x":200,"y":100},{"name":"EF_fire1_3","parent":"EF","x":200,"y":100},{"name":"EF_fire1_2","parent":"EF","x":200,"y":100},{"name":"EF_fire1_1","parent":"EF","x":200,"y":100},{"name":"EF_earth4_1","parent":"EF","x":250},{"name":"EF_earth3_1","parent":"EF","x":200},{"name":"EF_earth2_1","parent":"EF","x":150},{"name":"EF_earth1_1","parent":"EF","x":100},{"name":"EF_charge2_1","parent":"EF","x":300,"y":100},{"name":"EF_charge1_1","parent":"EF","x":250,"y":100},{"name":"DAMAGEAREA","parent":"root"}],"slots":[{"name":"EF_skill3_1","bone":"EF1","blend":"additive"},{"name":"EF_earth1_1","bone":"EF_earth1_1","blend":"additive"},{"name":"EF_earth2_1","bone":"EF_earth2_1","blend":"additive"},{"name":"EF_earth3_1","bone":"EF_earth3_1"},{"name":"EF_earth4_1","bone":"EF_earth4_1","blend":"additive"},{"name":"EF_wave1_1","bone":"EF_wave1_1","blend":"additive"},{"name":"EF_wave2_1","bone":"EF_wave2_1","blend":"additive"},{"name":"EF_wave2_2","bone":"EF_wave2_2","blend":"additive"},{"name":"EF_wave2_3","bone":"EF_wave2_3","blend":"additive"},{"name":"EF_wave2_4","bone":"EF_wave2_4","blend":"additive"},{"name":"EF_wave2_5","bone":"EF_wave2_5","blend":"additive"},{"name":"EF_fire2_1","bone":"EF_fire2_1","blend":"additive"},{"name":"EF_fire2_2","bone":"EF_fire2_2","blend":"additive"},{"name":"EF_tower1_1","bone":"EF_tower1_1","blend":"additive"},{"name":"MAIN","bone":"MAIN","attachment":"idle_00"},{"name":"EF_skill1_1","bone":"EF1","blend":"additive"},{"name":"EF_skill1_2","bone":"EF1","blend":"additive"},{"name":"EF_skill3_2","bone":"EF1"},{"name":"EF_attack1_1","bone":"EF1"},{"name":"EF_impact1_1","bone":"EF_impact1_1","blend":"additive"},{"name":"EF_wave3_1","bone":"EF_wave3_1","blend":"additive"},{"name":"EF_charge1_1","bone":"EF_charge1_1","blend":"additive"},{"name":"EF_smoke1_1","bone":"EF_smoke1_1"},{"name":"EF_charge2_1","bone":"EF_charge2_1","blend":"additive"},{"name":"EF_scratch1_1","bone":"EF_scratch1_1","blend":"additive"},{"name":"EF_fire1_1","bone":"EF_fire1_1","blend":"additive"},{"name":"EF_fire1_2","bone":"EF_fire1_2","blend":"additive"},{"name":"EF_fire1_3","bone":"EF_fire1_3","blend":"additive"},{"name":"EF_fire1_4","bone":"EF_fire1_4","blend":"additive"},{"name":"EF_fire3_1","bone":"EF_fire3_1","blend":"additive"},{"name":"EF_fire3_2","bone":"EF_fire3_2","blend":"additive"},{"name":"EF_fire3_3","bone":"EF_fire3_3","blend":"additive"},{"name":"DAMAGEAREA","bone":"DAMAGEAREA"},{"name":"HITBOX","bone":"HITBOX","attachment":"HITBOX"}],"skins":{"default":{"DAMAGEAREA":{"DAMAGEAREA":{"type":"boundingbox","vertices":[-62.55562,60.57393,-61.55761,-63.17801,65.18827,-63.17801,65.18827,60.57393]}},"EF_attack1_1":{"EF/dot/attack1/EF_attack1_00":{"y":3.63,"width":200,"height":120},"EF/dot/attack1/EF_attack1_01":{"y":3.63,"width":200,"height":120},"EF/dot/attack1/EF_attack1_02":{"y":3.63,"width":200,"height":120},"EF/dot/attack1/EF_attack1_03":{"y":3.63,"width":200,"height":120},"EF/dot/attack1/EF_attack1_04":{"y":3.63,"width":200,"height":120},"EF/dot/attack1/EF_attack1_05":{"y":3.63,"width":200,"height":120},"EF/dot/attack1/EF_attack1_06":{"y":3.63,"width":200,"height":120},"EF/dot/attack1/EF_attack1_07":{"y":3.63,"width":200,"height":120}},"EF_charge1_1":{"EF/efr_SKL1_wave1/efr_SKL1_wave1_00005":{"width":144,"height":144},"EF/efr_SKL1_wave1/efr_SKL1_wave1_00008":{"width":144,"height":144},"EF/efr_SKL1_wave1/efr_SKL1_wave1_00009":{"width":144,"height":144},"EF/efr_SKL1_wave1/efr_SKL1_wave1_00011":{"width":144,"height":144},"EF/efr_SKL1_wave1/efr_SKL1_wave1_00012":{"width":144,"height":144},"EF/efr_SKL1_wave1/efr_SKL1_wave1_00013":{"width":144,"height":144},"EF/efr_SKL1_wave1/efr_SKL1_wave1_00015":{"width":144,"height":144},"EF/efr_SKL1_wave1/efr_SKL1_wave1_00016":{"width":144,"height":144},"EF/efr_SKL1_wave1/efr_SKL1_wave1_00018":{"width":144,"height":144},"EF/efr_SKL1_wave1/efr_SKL1_wave1_00019":{"width":144,"height":144},"EF/efr_SKL1_wave1/efr_SKL1_wave1_00020":{"width":144,"height":144},"EF/efr_SKL1_wave1/efr_SKL1_wave1_00021":{"width":144,"height":144},"EF/efr_SKL1_wave1/efr_SKL1_wave1_00022":{"width":144,"height":144},"EF/efr_SKL1_wave1/efr_SKL1_wave1_00023":{"width":144,"height":144}},"EF_charge2_1":{"EF/efr_SKL1_wave2/efr_SKL1_wave2_00002":{"width":144,"height":144},"EF/efr_SKL1_wave2/efr_SKL1_wave2_00003":{"width":144,"height":144},"EF/efr_SKL1_wave2/efr_SKL1_wave2_00004":{"width":144,"height":144},"EF/efr_SKL1_wave2/efr_SKL1_wave2_00005":{"width":144,"height":144},"EF/efr_SKL1_wave2/efr_SKL1_wave2_00006":{"width":144,"height":144},"EF/efr_SKL1_wave2/efr_SKL1_wave2_00007":{"width":144,"height":144},"EF/efr_SKL1_wave2/efr_SKL1_wave2_00008":{"width":144,"height":144},"EF/efr_SKL1_wave2/efr_SKL1_wave2_00009":{"width":144,"height":144},"EF/efr_SKL1_wave2/efr_SKL1_wave2_00010":{"width":144,"height":144},"EF/efr_SKL1_wave2/efr_SKL1_wave2_00011":{"width":144,"height":144},"EF/efr_SKL1_wave2/efr_SKL1_wave2_00012":{"width":144,"height":144}},"EF_earth1_1":{"EF/efr_ATK2_earth1/efr_ATK2_earth1_00001":{"width":150,"height":150}},"EF_earth2_1":{"EF/efr_ATK2_earth2/efr_ATK2_earth2_00001":{"width":371,"height":70}},"EF_earth3_1":{"EF/efr_ATK2_earth3/efr_ATK2_earth3_00001":{"width":151,"height":50}},"EF_earth4_1":{"EF/efr_ATK3_ex1/efr_ATK3_ex1_00001":{"width":121,"height":48},"EF/efr_ATK3_ex1/efr_ATK3_ex1_00002":{"width":157,"height":50},"EF/efr_ATK3_ex1/efr_ATK3_ex1_00003":{"width":179,"height":56},"EF/efr_ATK3_ex1/efr_ATK3_ex1_00004":{"width":220,"height":68}},"EF_fire1_1":{"EF/fire/fire_body2/9090A_body2_00000":{"y":30.36,"width":160,"height":160},"EF/fire/fire_body2/9090A_body2_00001":{"y":30.36,"width":160,"height":160},"EF/fire/fire_body2/9090A_body2_00002":{"y":30.36,"width":160,"height":160},"EF/fire/fire_body2/9090A_body2_00003":{"y":30.36,"width":160,"height":160},"EF/fire/fire_body2/9090A_body2_00004":{"y":30.36,"width":160,"height":160},"EF/fire/fire_body2/9090A_body2_00005":{"y":30.36,"width":160,"height":160},"EF/fire/fire_body2/9090A_body2_00006":{"y":30.36,"width":160,"height":160},"EF/fire/fire_body2/9090A_body2_00007":{"y":30.36,"width":160,"height":160},"EF/fire/fire_body2/9090A_body2_00008":{"y":30.36,"width":160,"height":160},"EF/fire/fire_body2/9090A_body2_00009":{"y":30.36,"width":160,"height":160},"EF/fire/fire_body2/9090A_body2_00010":{"y":30.36,"width":160,"height":160},"EF/fire/fire_body2/9090A_body2_00011":{"y":30.36,"width":160,"height":160},"EF/fire/fire_body2/9090A_body2_00012":{"y":30.36,"width":160,"height":160}},"EF_fire1_2":{"EF/fire/fire_body2/9090A_body2_00000":{"y":30.36,"width":160,"height":160},"EF/fire/fire_body2/9090A_body2_00001":{"y":30.36,"width":160,"height":160},"EF/fire/fire_body2/9090A_body2_00002":{"y":30.36,"width":160,"height":160},"EF/fire/fire_body2/9090A_body2_00003":{"y":30.36,"width":160,"height":160},"EF/fire/fire_body2/9090A_body2_00004":{"y":30.36,"width":160,"height":160},"EF/fire/fire_body2/9090A_body2_00005":{"y":30.36,"width":160,"height":160},"EF/fire/fire_body2/9090A_body2_00006":{"y":30.36,"width":160,"height":160},"EF/fire/fire_body2/9090A_body2_00007":{"y":30.36,"width":160,"height":160},"EF/fire/fire_body2/9090A_body2_00008":{"y":30.36,"width":160,"height":160},"EF/fire/fire_body2/9090A_body2_00009":{"y":30.36,"width":160,"height":160},"EF/fire/fire_body2/9090A_body2_00010":{"y":30.36,"width":160,"height":160},"EF/fire/fire_body2/9090A_body2_00011":{"y":30.36,"width":160,"height":160},"EF/fire/fire_body2/9090A_body2_00012":{"y":30.36,"width":160,"height":160}},"EF_fire1_3":{"EF/fire/fire_body2/9090A_body2_00000":{"y":30.36,"width":160,"height":160},"EF/fire/fire_body2/9090A_body2_00001":{"y":30.36,"width":160,"height":160},"EF/fire/fire_body2/9090A_body2_00002":{"y":30.36,"width":160,"height":160},"EF/fire/fire_body2/9090A_body2_00003":{"y":30.36,"width":160,"height":160},"EF/fire/fire_body2/9090A_body2_00004":{"y":30.36,"width":160,"height":160},"EF/fire/fire_body2/9090A_body2_00005":{"y":30.36,"width":160,"height":160},"EF/fire/fire_body2/9090A_body2_00006":{"y":30.36,"width":160,"height":160},"EF/fire/fire_body2/9090A_body2_00007":{"y":30.36,"width":160,"height":160},"EF/fire/fire_body2/9090A_body2_00008":{"y":30.36,"width":160,"height":160},"EF/fire/fire_body2/9090A_body2_00009":{"y":30.36,"width":160,"height":160},"EF/fire/fire_body2/9090A_body2_00010":{"y":30.36,"width":160,"height":160},"EF/fire/fire_body2/9090A_body2_00011":{"y":30.36,"width":160,"height":160},"EF/fire/fire_body2/9090A_body2_00012":{"y":30.36,"width":160,"height":160}},"EF_fire1_4":{"EF/fire/fire_body2/9090A_body2_00000":{"y":30.36,"width":160,"height":160},"EF/fire/fire_body2/9090A_body2_00001":{"y":30.36,"width":160,"height":160},"EF/fire/fire_body2/9090A_body2_00002":{"y":30.36,"width":160,"height":160},"EF/fire/fire_body2/9090A_body2_00003":{"y":30.36,"width":160,"height":160},"EF/fire/fire_body2/9090A_body2_00004":{"y":30.36,"width":160,"height":160},"EF/fire/fire_body2/9090A_body2_00005":{"y":30.36,"width":160,"height":160},"EF/fire/fire_body2/9090A_body2_00006":{"y":30.36,"width":160,"height":160},"EF/fire/fire_body2/9090A_body2_00007":{"y":30.36,"width":160,"height":160},"EF/fire/fire_body2/9090A_body2_00008":{"y":30.36,"width":160,"height":160},"EF/fire/fire_body2/9090A_body2_00009":{"y":30.36,"width":160,"height":160},"EF/fire/fire_body2/9090A_body2_00010":{"y":30.36,"width":160,"height":160},"EF/fire/fire_body2/9090A_body2_00011":{"y":30.36,"width":160,"height":160},"EF/fire/fire_body2/9090A_body2_00012":{"y":30.36,"width":160,"height":160}},"EF_fire2_1":{"EF/fire/fire_body6/9090A_body6_00002":{"width":131,"height":117},"EF/fire/fire_body6/9090A_body6_00003":{"width":131,"height":117},"EF/fire/fire_body6/9090A_body6_00004":{"width":131,"height":117},"EF/fire/fire_body6/9090A_body6_00005":{"width":131,"height":117},"EF/fire/fire_body6/9090A_body6_00006":{"width":131,"height":117},"EF/fire/fire_body6/9090A_body6_00007":{"width":131,"height":117},"EF/fire/fire_body6/9090A_body6_00008":{"width":131,"height":117},"EF/fire/fire_body6/9090A_body6_00009":{"width":131,"height":117},"EF/fire/fire_body6/9090A_body6_00010":{"width":131,"height":117},"EF/fire/fire_body6/9090A_body6_00011":{"width":131,"height":117},"EF/fire/fire_body6/9090A_body6_00012":{"width":131,"height":117},"EF/fire/fire_body6/9090A_body6_00013":{"width":131,"height":117},"EF/fire/fire_body6/9090A_body6_00014":{"width":131,"height":117},"EF/fire/fire_body6/9090A_body6_00015":{"width":131,"height":117},"EF/fire/fire_body6/9090A_body6_00016":{"width":131,"height":117},"EF/fire/fire_body6/9090A_body6_00017":{"width":131,"height":117},"EF/fire/fire_body6/9090A_body6_00018":{"width":131,"height":117},"EF/fire/fire_body6/9090A_body6_00019":{"width":131,"height":117},"EF/fire/fire_body6/9090A_body6_00020":{"width":131,"height":117},"EF/fire/fire_body6/9090A_body6_00021":{"width":131,"height":117},"EF/fire/fire_body6/9090A_body6_00022":{"width":131,"height":117},"EF/fire/fire_body6/9090A_body6_00023":{"width":131,"height":117},"EF/fire/fire_body6/9090A_body6_00024":{"width":131,"height":117},"EF/fire/fire_body6/9090A_body6_00025":{"width":131,"height":117},"EF/fire/fire_body6/9090A_body6_00026":{"width":131,"height":117},"EF/fire/fire_body6/9090A_body6_00027":{"width":131,"height":117},"EF/fire/fire_body6/9090A_body6_00028":{"width":131,"height":117},"EF/fire/fire_body6/9090A_body6_00029":{"width":131,"height":117},"EF/fire/fire_body6/9090A_body6_00030":{"width":131,"height":117},"EF/fire/fire_body6/9090A_body6_00031":{"width":131,"height":117},"EF/fire/fire_body6/9090A_body6_00032":{"width":131,"height":117},"EF/fire/fire_body6/9090A_body6_00033":{"width":131,"height":117},"EF/fire/fire_body6/9090A_body6_00034":{"width":131,"height":117},"EF/fire/fire_body6/9090A_body6_00035":{"width":131,"height":117},"EF/fire/fire_body6/9090A_body6_00036":{"width":131,"height":117},"EF/fire/fire_body6/9090A_body6_00037":{"width":131,"height":117}},"EF_fire2_2":{"EF/fire/fire_body6/9090A_body6_00002":{"width":131,"height":117},"EF/fire/fire_body6/9090A_body6_00003":{"width":131,"height":117},"EF/fire/fire_body6/9090A_body6_00004":{"width":131,"height":117},"EF/fire/fire_body6/9090A_body6_00005":{"width":131,"height":117},"EF/fire/fire_body6/9090A_body6_00006":{"width":131,"height":117},"EF/fire/fire_body6/9090A_body6_00007":{"width":131,"height":117},"EF/fire/fire_body6/9090A_body6_00008":{"width":131,"height":117},"EF/fire/fire_body6/9090A_body6_00009":{"width":131,"height":117},"EF/fire/fire_body6/9090A_body6_00010":{"width":131,"height":117},"EF/fire/fire_body6/9090A_body6_00011":{"width":131,"height":117},"EF/fire/fire_body6/9090A_body6_00012":{"width":131,"height":117},"EF/fire/fire_body6/9090A_body6_00013":{"width":131,"height":117},"EF/fire/fire_body6/9090A_body6_00014":{"width":131,"height":117},"EF/fire/fire_body6/9090A_body6_00015":{"width":131,"height":117},"EF/fire/fire_body6/9090A_body6_00016":{"width":131,"height":117},"EF/fire/fire_body6/9090A_body6_00017":{"width":131,"height":117},"EF/fire/fire_body6/9090A_body6_00018":{"width":131,"height":117},"EF/fire/fire_body6/9090A_body6_00019":{"width":131,"height":117},"EF/fire/fire_body6/9090A_body6_00020":{"width":131,"height":117},"EF/fire/fire_body6/9090A_body6_00021":{"width":131,"height":117},"EF/fire/fire_body6/9090A_body6_00022":{"width":131,"height":117},"EF/fire/fire_body6/9090A_body6_00023":{"width":131,"height":117},"EF/fire/fire_body6/9090A_body6_00024":{"width":131,"height":117},"EF/fire/fire_body6/9090A_body6_00025":{"width":131,"height":117},"EF/fire/fire_body6/9090A_body6_00026":{"width":131,"height":117},"EF/fire/fire_body6/9090A_body6_00027":{"width":131,"height":117},"EF/fire/fire_body6/9090A_body6_00028":{"width":131,"height":117},"EF/fire/fire_body6/9090A_body6_00029":{"width":131,"height":117},"EF/fire/fire_body6/9090A_body6_00030":{"width":131,"height":117},"EF/fire/fire_body6/9090A_body6_00031":{"width":131,"height":117},"EF/fire/fire_body6/9090A_body6_00032":{"width":131,"height":117},"EF/fire/fire_body6/9090A_body6_00033":{"width":131,"height":117},"EF/fire/fire_body6/9090A_body6_00034":{"width":131,"height":117},"EF/fire/fire_body6/9090A_body6_00035":{"width":131,"height":117},"EF/fire/fire_body6/9090A_body6_00036":{"width":131,"height":117},"EF/fire/fire_body6/9090A_body6_00037":{"width":131,"height":117}},"EF_fire3_1":{"EF/fire/fire_body3/9090A_body3_00001":{"y":22.05,"width":160,"height":160},"EF/fire/fire_body3/9090A_body3_00002":{"y":22.05,"width":160,"height":160},"EF/fire/fire_body3/9090A_body3_00003":{"y":22.05,"width":160,"height":160},"EF/fire/fire_body3/9090A_body3_00004":{"y":22.05,"width":160,"height":160},"EF/fire/fire_body3/9090A_body3_00005":{"y":22.05,"width":160,"height":160},"EF/fire/fire_body3/9090A_body3_00006":{"y":22.05,"width":160,"height":160},"EF/fire/fire_body3/9090A_body3_00007":{"y":22.05,"width":160,"height":160},"EF/fire/fire_body3/9090A_body3_00008":{"y":22.05,"width":160,"height":160},"EF/fire/fire_body3/9090A_body3_00009":{"y":22.05,"width":160,"height":160},"EF/fire/fire_body3/9090A_body3_00010":{"y":22.05,"width":160,"height":160},"EF/fire/fire_body3/9090A_body3_00011":{"y":22.05,"width":160,"height":160},"EF/fire/fire_body3/9090A_body3_00012":{"y":22.05,"width":160,"height":160},"EF/fire/fire_body3/9090A_body3_00013":{"y":22.05,"width":160,"height":160},"EF/fire/fire_body3/9090A_body3_00014":{"y":22.05,"width":160,"height":160},"EF/fire/fire_body3/9090A_body3_00015":{"y":22.05,"width":160,"height":160},"EF/fire/fire_body3/9090A_body3_00016":{"y":22.05,"width":160,"height":160}},"EF_fire3_2":{"EF/fire/fire_body3/9090A_body3_00001":{"y":22.05,"width":160,"height":160},"EF/fire/fire_body3/9090A_body3_00002":{"y":22.05,"width":160,"height":160},"EF/fire/fire_body3/9090A_body3_00003":{"y":22.05,"width":160,"height":160},"EF/fire/fire_body3/9090A_body3_00004":{"y":22.05,"width":160,"height":160},"EF/fire/fire_body3/9090A_body3_00005":{"y":22.05,"width":160,"height":160},"EF/fire/fire_body3/9090A_body3_00006":{"y":22.05,"width":160,"height":160},"EF/fire/fire_body3/9090A_body3_00007":{"y":22.05,"width":160,"height":160},"EF/fire/fire_body3/9090A_body3_00008":{"y":22.05,"width":160,"height":160},"EF/fire/fire_body3/9090A_body3_00009":{"y":22.05,"width":160,"height":160},"EF/fire/fire_body3/9090A_body3_00010":{"y":22.05,"width":160,"height":160},"EF/fire/fire_body3/9090A_body3_00011":{"y":22.05,"width":160,"height":160},"EF/fire/fire_body3/9090A_body3_00012":{"y":22.05,"width":160,"height":160},"EF/fire/fire_body3/9090A_body3_00013":{"y":22.05,"width":160,"height":160},"EF/fire/fire_body3/9090A_body3_00014":{"y":22.05,"width":160,"height":160},"EF/fire/fire_body3/9090A_body3_00015":{"y":22.05,"width":160,"height":160},"EF/fire/fire_body3/9090A_body3_00016":{"y":22.05,"width":160,"height":160}},"EF_fire3_3":{"EF/fire/fire_body3/9090A_body3_00001":{"y":22.05,"width":160,"height":160},"EF/fire/fire_body3/9090A_body3_00002":{"y":22.05,"width":160,"height":160},"EF/fire/fire_body3/9090A_body3_00003":{"y":22.05,"width":160,"height":160},"EF/fire/fire_body3/9090A_body3_00004":{"y":22.05,"width":160,"height":160},"EF/fire/fire_body3/9090A_body3_00005":{"y":22.05,"width":160,"height":160},"EF/fire/fire_body3/9090A_body3_00006":{"y":22.05,"width":160,"height":160},"EF/fire/fire_body3/9090A_body3_00007":{"y":22.05,"width":160,"height":160},"EF/fire/fire_body3/9090A_body3_00008":{"y":22.05,"width":160,"height":160},"EF/fire/fire_body3/9090A_body3_00009":{"y":22.05,"width":160,"height":160},"EF/fire/fire_body3/9090A_body3_00010":{"y":22.05,"width":160,"height":160},"EF/fire/fire_body3/9090A_body3_00011":{"y":22.05,"width":160,"height":160},"EF/fire/fire_body3/9090A_body3_00012":{"y":22.05,"width":160,"height":160},"EF/fire/fire_body3/9090A_body3_00013":{"y":22.05,"width":160,"height":160},"EF/fire/fire_body3/9090A_body3_00014":{"y":22.05,"width":160,"height":160},"EF/fire/fire_body3/9090A_body3_00015":{"y":22.05,"width":160,"height":160},"EF/fire/fire_body3/9090A_body3_00016":{"y":22.05,"width":160,"height":160}},"EF_impact1_1":{"EF/efr_SKL1_ex1/efr_SKL1_ex1_00001":{"x":-7.44,"y":-10.29,"width":209,"height":57},"EF/efr_SKL1_ex1/efr_SKL1_ex1_00002":{"x":-1.98,"y":-16.93,"width":223,"height":77}},"EF_scratch1_1":{"EF/efr_SKL2_shine/efr_SKL2_shine_00004":{"x":0.63,"y":-3.81,"scaleX":-1,"width":200,"height":200}},"EF_skill1_1":{"EF/dot/skill1/EF_skill1_00":{"y":-7.72,"width":256,"height":256}},"EF_skill1_2":{"EF/dot/skill1/EF_skill1_01":{"width":256,"height":256},"EF/dot/skill1/EF_skill1_02":{"width":256,"height":256}},"EF_skill3_1":{"EF/dot/skill3/EF_skill3_00":{"width":256,"height":256},"EF/dot/skill3/EF_skill3_01":{"width":256,"height":256},"EF/dot/skill3/EF_skill3_02":{"width":256,"height":256}},"EF_skill3_2":{"EF/dot/skill3/EF_skill3_03":{"width":256,"height":256},"EF/dot/skill3/EF_skill3_04":{"width":256,"height":256},"EF/dot/skill3/EF_skill3_05":{"width":256,"height":256},"EF/dot/skill3/EF_skill3_06":{"width":256,"height":256}},"EF_smoke1_1":{"EF/fire/fire_body4/9090A_body4_00001":{"width":160,"height":160},"EF/fire/fire_body4/9090A_body4_00003":{"width":160,"height":160},"EF/fire/fire_body4/9090A_body4_00005":{"width":160,"height":160},"EF/fire/fire_body4/9090A_body4_00007":{"width":160,"height":160},"EF/fire/fire_body4/9090A_body4_00009":{"width":160,"height":160},"EF/fire/fire_body4/9090A_body4_00011":{"width":160,"height":160},"EF/fire/fire_body4/9090A_body4_00013":{"width":160,"height":160},"EF/fire/fire_body4/9090A_body4_00015":{"width":160,"height":160},"EF/fire/fire_body4/9090A_body4_00017":{"width":160,"height":160}},"EF_tower1_1":{"EF/efr_SKL1_tower1/efr_SKL1_tower1_00002_1":{"y":140.24,"width":350,"height":350},"EF/efr_SKL1_tower1/efr_SKL1_tower1_00004_1":{"y":140.24,"width":350,"height":350},"EF/efr_SKL1_tower1/efr_SKL1_tower1_00006_1":{"y":140.24,"width":350,"height":350},"EF/efr_SKL1_tower1/efr_SKL1_tower1_00008_1":{"y":140.24,"width":350,"height":350},"EF/efr_SKL1_tower1/efr_SKL1_tower1_00010_1":{"y":140.24,"width":350,"height":350},"EF/efr_SKL1_tower1/efr_SKL1_tower1_00012_1":{"y":140.24,"width":350,"height":350},"EF/efr_SKL1_tower1/efr_SKL1_tower1_00014_1":{"y":140.24,"width":350,"height":350},"EF/efr_SKL1_tower1/efr_SKL1_tower1_00016_1":{"y":140.24,"width":350,"height":350}},"EF_wave1_1":{"EF/efr_ATK3_ex2b/efr_ATK3_ex2b_00001":{"y":22.23,"width":250,"height":250},"EF/efr_ATK3_ex2b/efr_ATK3_ex2b_00003":{"y":22.23,"width":250,"height":250},"EF/efr_ATK3_ex2b/efr_ATK3_ex2b_00004":{"y":22.23,"width":250,"height":250},"EF/efr_ATK3_ex2b/efr_ATK3_ex2b_00005":{"y":22.23,"width":250,"height":250},"EF/efr_ATK3_ex2b/efr_ATK3_ex2b_00006":{"y":22.23,"width":250,"height":250},"EF/efr_ATK3_ex2b/efr_ATK3_ex2b_00007":{"y":22.23,"width":250,"height":250},"EF/efr_ATK3_ex2b/efr_ATK3_ex2b_00008":{"y":22.23,"width":250,"height":250},"EF/efr_ATK3_ex2b/efr_ATK3_ex2b_00009":{"y":22.23,"width":250,"height":250},"EF/efr_ATK3_ex2b/efr_ATK3_ex2b_00010":{"y":22.23,"width":250,"height":250},"EF/efr_ATK3_ex2b/efr_ATK3_ex2b_00011":{"y":22.23,"width":250,"height":250}},"EF_wave2_1":{"EF/efr_SKL2_wave1/efr_SKL2_wave1_00003":{"x":2.52,"y":9.96,"width":200,"height":200},"EF/efr_SKL2_wave1/efr_SKL2_wave1_00004":{"x":2.52,"y":9.96,"width":200,"height":200},"EF/efr_SKL2_wave1/efr_SKL2_wave1_00005":{"x":2.52,"y":9.96,"width":200,"height":200},"EF/efr_SKL2_wave1/efr_SKL2_wave1_00006":{"x":2.52,"y":9.96,"width":200,"height":200},"EF/efr_SKL2_wave1/efr_SKL2_wave1_00007":{"x":2.52,"y":9.96,"width":200,"height":200},"EF/efr_SKL2_wave1/efr_SKL2_wave1_00008":{"x":2.52,"y":9.96,"width":200,"height":200},"EF/efr_SKL2_wave1/efr_SKL2_wave1_00009":{"x":2.52,"y":9.96,"width":200,"height":200},"EF/efr_SKL2_wave1/efr_SKL2_wave1_00011":{"x":2.52,"y":9.96,"width":200,"height":200},"EF/efr_SKL2_wave1/efr_SKL2_wave1_00012":{"x":2.52,"y":9.96,"width":200,"height":200},"EF/efr_SKL2_wave1/efr_SKL2_wave1_00013":{"x":2.52,"y":9.96,"width":200,"height":200},"EF/efr_SKL2_wave1/efr_SKL2_wave1_00014":{"x":2.52,"y":9.96,"width":200,"height":200},"EF/efr_SKL2_wave1/efr_SKL2_wave1_00015":{"x":2.52,"y":9.96,"width":200,"height":200},"EF/efr_SKL2_wave1/efr_SKL2_wave1_00016":{"x":2.52,"y":9.96,"width":200,"height":200}},"EF_wave2_2":{"EF/efr_SKL2_wave1/efr_SKL2_wave1_00003":{"x":2.52,"y":9.96,"width":200,"height":200},"EF/efr_SKL2_wave1/efr_SKL2_wave1_00004":{"x":2.52,"y":9.96,"width":200,"height":200},"EF/efr_SKL2_wave1/efr_SKL2_wave1_00005":{"x":2.52,"y":9.96,"width":200,"height":200},"EF/efr_SKL2_wave1/efr_SKL2_wave1_00006":{"x":2.52,"y":9.96,"width":200,"height":200},"EF/efr_SKL2_wave1/efr_SKL2_wave1_00007":{"x":2.52,"y":9.96,"width":200,"height":200},"EF/efr_SKL2_wave1/efr_SKL2_wave1_00008":{"x":2.52,"y":9.96,"width":200,"height":200},"EF/efr_SKL2_wave1/efr_SKL2_wave1_00009":{"x":2.52,"y":9.96,"width":200,"height":200},"EF/efr_SKL2_wave1/efr_SKL2_wave1_00011":{"x":2.52,"y":9.96,"width":200,"height":200},"EF/efr_SKL2_wave1/efr_SKL2_wave1_00012":{"x":2.52,"y":9.96,"width":200,"height":200},"EF/efr_SKL2_wave1/efr_SKL2_wave1_00013":{"x":2.52,"y":9.96,"width":200,"height":200},"EF/efr_SKL2_wave1/efr_SKL2_wave1_00014":{"x":2.52,"y":9.96,"width":200,"height":200},"EF/efr_SKL2_wave1/efr_SKL2_wave1_00015":{"x":2.52,"y":9.96,"width":200,"height":200},"EF/efr_SKL2_wave1/efr_SKL2_wave1_00016":{"x":2.52,"y":9.96,"width":200,"height":200}},"EF_wave2_3":{"EF/efr_SKL2_wave1/efr_SKL2_wave1_00003":{"x":2.52,"y":9.96,"width":200,"height":200},"EF/efr_SKL2_wave1/efr_SKL2_wave1_00004":{"x":2.52,"y":9.96,"width":200,"height":200},"EF/efr_SKL2_wave1/efr_SKL2_wave1_00005":{"x":2.52,"y":9.96,"width":200,"height":200},"EF/efr_SKL2_wave1/efr_SKL2_wave1_00006":{"x":2.52,"y":9.96,"width":200,"height":200},"EF/efr_SKL2_wave1/efr_SKL2_wave1_00007":{"x":2.52,"y":9.96,"width":200,"height":200},"EF/efr_SKL2_wave1/efr_SKL2_wave1_00008":{"x":2.52,"y":9.96,"width":200,"height":200},"EF/efr_SKL2_wave1/efr_SKL2_wave1_00009":{"x":2.52,"y":9.96,"width":200,"height":200},"EF/efr_SKL2_wave1/efr_SKL2_wave1_00011":{"x":2.52,"y":9.96,"width":200,"height":200},"EF/efr_SKL2_wave1/efr_SKL2_wave1_00012":{"x":2.52,"y":9.96,"width":200,"height":200},"EF/efr_SKL2_wave1/efr_SKL2_wave1_00013":{"x":2.52,"y":9.96,"width":200,"height":200},"EF/efr_SKL2_wave1/efr_SKL2_wave1_00014":{"x":2.52,"y":9.96,"width":200,"height":200},"EF/efr_SKL2_wave1/efr_SKL2_wave1_00015":{"x":2.52,"y":9.96,"width":200,"height":200},"EF/efr_SKL2_wave1/efr_SKL2_wave1_00016":{"x":2.52,"y":9.96,"width":200,"height":200}},"EF_wave2_4":{"EF/efr_SKL2_wave1/efr_SKL2_wave1_00003":{"x":2.52,"y":9.96,"width":200,"height":200},"EF/efr_SKL2_wave1/efr_SKL2_wave1_00004":{"x":2.52,"y":9.96,"width":200,"height":200},"EF/efr_SKL2_wave1/efr_SKL2_wave1_00005":{"x":2.52,"y":9.96,"width":200,"height":200},"EF/efr_SKL2_wave1/efr_SKL2_wave1_00006":{"x":2.52,"y":9.96,"width":200,"height":200},"EF/efr_SKL2_wave1/efr_SKL2_wave1_00007":{"x":2.52,"y":9.96,"width":200,"height":200},"EF/efr_SKL2_wave1/efr_SKL2_wave1_00008":{"x":2.52,"y":9.96,"width":200,"height":200},"EF/efr_SKL2_wave1/efr_SKL2_wave1_00009":{"x":2.52,"y":9.96,"width":200,"height":200},"EF/efr_SKL2_wave1/efr_SKL2_wave1_00011":{"x":2.52,"y":9.96,"width":200,"height":200},"EF/efr_SKL2_wave1/efr_SKL2_wave1_00012":{"x":2.52,"y":9.96,"width":200,"height":200},"EF/efr_SKL2_wave1/efr_SKL2_wave1_00013":{"x":2.52,"y":9.96,"width":200,"height":200},"EF/efr_SKL2_wave1/efr_SKL2_wave1_00014":{"x":2.52,"y":9.96,"width":200,"height":200},"EF/efr_SKL2_wave1/efr_SKL2_wave1_00015":{"x":2.52,"y":9.96,"width":200,"height":200},"EF/efr_SKL2_wave1/efr_SKL2_wave1_00016":{"x":2.52,"y":9.96,"width":200,"height":200}},"EF_wave2_5":{"EF/efr_SKL2_wave1/efr_SKL2_wave1_00003":{"x":2.52,"y":9.96,"width":200,"height":200},"EF/efr_SKL2_wave1/efr_SKL2_wave1_00004":{"x":2.52,"y":9.96,"width":200,"height":200},"EF/efr_SKL2_wave1/efr_SKL2_wave1_00005":{"x":2.52,"y":9.96,"width":200,"height":200},"EF/efr_SKL2_wave1/efr_SKL2_wave1_00006":{"x":2.52,"y":9.96,"width":200,"height":200},"EF/efr_SKL2_wave1/efr_SKL2_wave1_00007":{"x":2.52,"y":9.96,"width":200,"height":200},"EF/efr_SKL2_wave1/efr_SKL2_wave1_00008":{"x":2.52,"y":9.96,"width":200,"height":200},"EF/efr_SKL2_wave1/efr_SKL2_wave1_00009":{"x":2.52,"y":9.96,"width":200,"height":200},"EF/efr_SKL2_wave1/efr_SKL2_wave1_00011":{"x":2.52,"y":9.96,"width":200,"height":200},"EF/efr_SKL2_wave1/efr_SKL2_wave1_00012":{"x":2.52,"y":9.96,"width":200,"height":200},"EF/efr_SKL2_wave1/efr_SKL2_wave1_00013":{"x":2.52,"y":9.96,"width":200,"height":200},"EF/efr_SKL2_wave1/efr_SKL2_wave1_00014":{"x":2.52,"y":9.96,"width":200,"height":200},"EF/efr_SKL2_wave1/efr_SKL2_wave1_00015":{"x":2.52,"y":9.96,"width":200,"height":200},"EF/efr_SKL2_wave1/efr_SKL2_wave1_00016":{"x":2.52,"y":9.96,"width":200,"height":200}},"EF_wave3_1":{"EF/efr_SKL2_wave2/efr_SKL2_wave2_00003":{"x":351.55,"y":-888.59,"width":200,"height":200},"EF/efr_SKL2_wave2/efr_SKL2_wave2_00004":{"y":14.55,"width":200,"height":200},"EF/efr_SKL2_wave2/efr_SKL2_wave2_00005":{"y":14.55,"width":200,"height":200},"EF/efr_SKL2_wave2/efr_SKL2_wave2_00006":{"y":14.55,"width":200,"height":200},"EF/efr_SKL2_wave2/efr_SKL2_wave2_00007":{"y":14.55,"width":200,"height":200},"EF/efr_SKL2_wave2/efr_SKL2_wave2_00008":{"y":14.55,"width":200,"height":200},"EF/efr_SKL2_wave2/efr_SKL2_wave2_00009":{"y":14.55,"width":200,"height":200},"EF/efr_SKL2_wave2/efr_SKL2_wave2_00010":{"y":14.55,"width":200,"height":200},"EF/efr_SKL2_wave2/efr_SKL2_wave2_00011":{"y":14.55,"width":200,"height":200},"EF/efr_SKL2_wave2/efr_SKL2_wave2_00012":{"y":14.55,"width":200,"height":200},"EF/efr_SKL2_wave2/efr_SKL2_wave2_00013":{"y":14.55,"width":200,"height":200},"EF/efr_SKL2_wave2/efr_SKL2_wave2_00014":{"y":14.55,"width":200,"height":200}},"HITBOX":{"HITBOX":{"type":"boundingbox","vertices":[-26.62767,77.53989,-26.62767,-56.19197,31.25627,-56.19197,31.25627,80.53389]}},"MAIN":{"attack_1":{"x":13.33,"y":-13.49,"scaleX":2,"scaleY":2,"width":256,"height":256},"attack_2":{"x":13.33,"y":-13.49,"scaleX":2,"scaleY":2,"width":256,"height":256},"attack_3":{"x":13.33,"y":-13.49,"scaleX":2,"scaleY":2,"width":256,"height":256},"attack_4":{"x":13.33,"y":-13.49,"scaleX":2,"scaleY":2,"width":256,"height":256},"attack_5":{"x":13.33,"y":-13.49,"scaleX":2,"scaleY":2,"width":256,"height":256},"attack_6":{"x":13.33,"y":-13.49,"scaleX":2,"scaleY":2,"width":256,"height":256},"back_1":{"x":13.33,"y":-13.49,"scaleX":2,"scaleY":2,"width":256,"height":256},"back_2":{"x":13.33,"y":-13.49,"scaleX":2,"scaleY":2,"width":256,"height":256},"damage":{"x":-4.64,"y":-13.49,"scaleX":2,"scaleY":2,"width":256,"height":256},"front":{"x":10.02,"y":-13.49,"scaleX":2,"scaleY":2,"width":256,"height":256},"idle_00":{"x":13.33,"y":-13.49,"scaleX":2,"scaleY":2,"width":256,"height":256},"idle_01":{"x":13.33,"y":-13.49,"scaleX":2,"scaleY":2,"width":256,"height":256},"idle_02":{"x":13.33,"y":-13.49,"scaleX":2,"scaleY":2,"width":256,"height":256},"idle_03":{"x":13.33,"y":-13.49,"scaleX":2,"scaleY":2,"width":256,"height":256},"idle_04":{"x":13.33,"y":-13.49,"scaleX":2,"scaleY":2,"width":256,"height":256},"skill1_1":{"x":13.33,"y":-13.49,"scaleX":2,"scaleY":2,"width":256,"height":256},"skill1_2":{"x":13.33,"y":-13.49,"scaleX":2,"scaleY":2,"width":256,"height":256},"skill1_3":{"x":13.33,"y":-13.49,"scaleX":2,"scaleY":2,"width":256,"height":256},"skill1_4":{"x":13.33,"y":-13.49,"scaleX":2,"scaleY":2,"width":256,"height":256},"skill1_5":{"x":13.33,"y":-13.49,"scaleX":2,"scaleY":2,"width":256,"height":256},"skill1_6":{"x":13.33,"y":-13.49,"scaleX":2,"scaleY":2,"width":256,"height":256},"skill1_7":{"x":13.33,"y":-13.49,"scaleX":2,"scaleY":2,"width":256,"height":256},"skill1_8":{"x":13.33,"y":-13.49,"scaleX":2,"scaleY":2,"width":256,"height":256},"skill1_10":{"x":13.33,"y":-13.49,"scaleX":2,"scaleY":2,"width":256,"height":256},"skill1_11":{"x":13.33,"y":-13.49,"scaleX":2,"scaleY":2,"width":256,"height":256},"skill1_12":{"x":13.33,"y":-13.49,"scaleX":2,"scaleY":2,"width":256,"height":256},"skill1_13":{"x":13.33,"y":-13.49,"scaleX":2,"scaleY":2,"width":256,"height":256},"skill2_1":{"x":13.33,"y":-13.49,"scaleX":2,"scaleY":2,"width":256,"height":256},"skill2_2":{"x":13.33,"y":-13.49,"scaleX":2,"scaleY":2,"width":256,"height":256},"skill2_3":{"x":13.33,"y":-13.49,"scaleX":2,"scaleY":2,"width":256,"height":256},"skill2_4":{"x":13.33,"y":-13.49,"scaleX":2,"scaleY":2,"width":256,"height":256},"skill2_5":{"x":13.33,"y":-13.49,"scaleX":2,"scaleY":2,"width":256,"height":256},"skill2_6":{"x":13.33,"y":-13.49,"scaleX":2,"scaleY":2,"width":256,"height":256},"skill2_7":{"x":13.33,"y":-13.49,"scaleX":2,"scaleY":2,"width":256,"height":256},"skill2_8":{"x":13.33,"y":-13.49,"scaleX":2,"scaleY":2,"width":256,"height":256},"skill2_9":{"x":13.33,"y":-13.49,"scaleX":2,"scaleY":2,"width":256,"height":256},"skill2_10":{"x":13.33,"y":-13.49,"scaleX":2,"scaleY":2,"width":256,"height":256},"skill3_1":{"x":13.33,"y":-13.49,"scaleX":2,"scaleY":2,"width":256,"height":256},"skill3_2":{"x":13.33,"y":-13.49,"scaleX":2,"scaleY":2,"width":256,"height":256},"skill3_3":{"x":13.33,"y":-13.49,"scaleX":2,"scaleY":2,"width":256,"height":256},"skill3_4":{"x":13.33,"y":-13.49,"scaleX":2,"scaleY":2,"width":256,"height":256},"skill3_5":{"x":13.33,"y":-13.49,"scaleX":2,"scaleY":2,"width":256,"height":256},"skill3_6":{"x":13.33,"y":-13.49,"scaleX":2,"scaleY":2,"width":256,"height":256},"skill3_7":{"x":13.33,"y":-13.49,"scaleX":2,"scaleY":2,"width":256,"height":256},"skill3_8":{"x":13.33,"y":-13.49,"scaleX":2,"scaleY":2,"width":256,"height":256},"skill3_9":{"x":13.33,"y":-13.49,"scaleX":2,"scaleY":2,"width":256,"height":256},"skill3_10":{"x":13.33,"y":-13.49,"scaleX":2,"scaleY":2,"width":256,"height":256},"skill3_11":{"x":13.33,"y":-13.49,"scaleX":2,"scaleY":2,"width":256,"height":256},"skill3_12":{"x":13.33,"y":-13.49,"scaleX":2,"scaleY":2,"width":256,"height":256},"skill3_13":{"x":13.33,"y":-13.49,"scaleX":2,"scaleY":2,"width":256,"height":256},"skill3_14":{"x":13.33,"y":-13.49,"scaleX":2,"scaleY":2,"width":256,"height":256},"skill3_15":{"x":13.33,"y":-13.49,"scaleX":2,"scaleY":2,"width":256,"height":256},"skill3_16":{"x":13.33,"y":-13.49,"scaleX":2,"scaleY":2,"width":256,"height":256},"skill3_17":{"x":13.33,"y":-13.49,"scaleX":2,"scaleY":2,"width":256,"height":256},"skill3_18":{"x":13.33,"y":-13.49,"scaleX":2,"scaleY":2,"width":256,"height":256},"skill3_19":{"x":13.33,"y":-13.49,"scaleX":2,"scaleY":2,"width":256,"height":256},"skill3_20":{"x":13.33,"y":-13.49,"scaleX":2,"scaleY":2,"width":256,"height":256},"skill3_21":{"x":13.33,"y":-13.49,"scaleX":2,"scaleY":2,"width":256,"height":256},"skill3_22":{"x":13.33,"y":-13.49,"scaleX":2,"scaleY":2,"width":256,"height":256},"skill3_23":{"x":13.33,"y":-13.49,"scaleX":2,"scaleY":2,"width":256,"height":256}}}},"events":{"Event":{},"Event2":{},"Hit":{},"Sound1":{},"Sound2":{},"Sound3":{},"Voice":{}},"animations":{"attack1":{"slots":{"DAMAGEAREA":{"attachment":[{"time":0.1666,"name":"DAMAGEAREA"},{"time":0.2666,"name":null},{"time":0.5333,"name":"DAMAGEAREA"},{"time":0.7333,"name":null}]},"EF_attack1_1":{"attachment":[{"time":0.1666,"name":"EF/dot/attack1/EF_attack1_00"},{"time":0.2,"name":"EF/dot/attack1/EF_attack1_01"},{"time":0.2666,"name":"EF/dot/attack1/EF_attack1_02"},{"time":0.3333,"name":"EF/dot/attack1/EF_attack1_03"},{"time":0.4,"name":null},{"time":0.5333,"name":"EF/dot/attack1/EF_attack1_04"},{"time":0.6,"name":"EF/dot/attack1/EF_attack1_05"},{"time":0.6666,"name":"EF/dot/attack1/EF_attack1_06"},{"time":0.7333,"name":"EF/dot/attack1/EF_attack1_07"},{"time":0.8,"name":null}]},"HITBOX":{"attachment":[{"time":0.1666,"name":null}]},"MAIN":{"attachment":[{"time":0,"name":"idle_00"},{"time":0.0333,"name":"front"},{"time":0.1666,"name":"attack_1"},{"time":0.2,"name":"attack_2"},{"time":0.3666,"name":"attack_3"},{"time":0.5,"name":"attack_4"},{"time":0.6,"name":"attack_5"},{"time":0.6333,"name":"attack_6"},{"time":0.9333,"name":"back_1"},{"time":1.0666,"name":"back_2"},{"time":1.1333,"name":"idle_00"}]}},"bones":{"MAIN":{"translate":[{"time":0,"x":0,"y":0,"curve":"stepped"},{"time":0.0333,"x":0,"y":0},{"time":0.1333,"x":-66.37,"y":-32.12,"curve":[0.088,0.48,0.75,1]},{"time":0.2333,"x":-58.54,"y":15.65,"curve":[0.115,0.5,0.563,0.97]},{"time":0.4666,"x":-67.86,"y":19.93,"curve":"stepped"},{"time":0.5,"x":-60.11,"y":9.14,"curve":[0.28,0.37,0.656,0.74]},{"time":0.6,"x":-96.58,"y":-31.9,"curve":[0.206,0.63,0.77,1]},{"time":0.8,"x":-102.81,"y":-32.94,"curve":"stepped"},{"time":0.9333,"x":-108.43,"y":-6.11,"curve":[0.058,0.3,0.75,1]},{"time":1.2,"x":-3,"y":0,"curve":[0.058,0.3,0.75,1]},{"time":1.3333,"x":0,"y":0}]},"EF1":{"translate":[{"time":0.1666,"x":-24.61,"y":-36.82,"curve":"stepped"},{"time":0.5333,"x":22.54,"y":11.54}],"scale":[{"time":0.1666,"x":1.25,"y":1.25}]},"DAMAGEAREA":{"translate":[{"time":0.1666,"x":-137.13,"y":92.97,"curve":"stepped"},{"time":0.5333,"x":-123.18,"y":90.64}],"scale":[{"time":0.1666,"x":1.121,"y":2.134,"curve":"stepped"},{"time":0.5333,"x":1.907,"y":1.278}]}},"events":[{"time":0.1333,"name":"Sound1","string":"cri_se_battle_033_explosion_element_01"},{"time":0.1333,"name":"Sound3","string":"setHitSound(se_battle_explosion_short)"},{"time":0.1333,"name":"Voice","string":"cri_232_voice_attack_random"},{"time":0.1666,"name":"Event","float":0.12,"string":"kHitStopType_normal"},{"time":0.5,"name":"Sound1","string":"cri_se_battle_033_explosion_element_01"},{"time":0.5,"name":"Voice","string":"cri_232_voice_attack_c"},{"time":0.5333,"name":"Event","float":0.18,"string":"kHitStopType_normal"},{"time":0.5333,"name":"Hit","string":"resetHitList"}]},"back":{"slots":{"MAIN":{"attachment":[{"time":0,"name":"idle_00"},{"time":0.0333,"name":"back_1"},{"time":0.1333,"name":"back_2"},{"time":0.3,"name":"idle_04"},{"time":0.5,"name":"idle_00"}]}},"bones":{"MAIN":{"translate":[{"time":0,"x":0,"y":0,"curve":[0.202,0.49,0.536,0.8]},{"time":0.2666,"x":93.48,"y":15.89,"curve":[0.287,0.46,0.62,0.77]},{"time":0.5,"x":140,"y":0}]}},"events":[{"time":0,"name":"Sound1","string":"cri_se_battle_Flutter"}]},"cast":{"slots":{"MAIN":{"attachment":[{"time":0,"name":"idle_00"},{"time":0.1,"name":"front"},{"time":0.1666,"name":"attack_1"},{"time":0.2333,"name":"attack_2"},{"time":0.3,"name":"attack_3"},{"time":0.5,"name":"attack_5"},{"time":0.5333,"name":"attack_6"},{"time":0.9,"name":"front"},{"time":1,"name":"idle_00"}]}},"bones":{"MAIN":{"translate":[{"time":0,"x":0,"y":0,"curve":"stepped"},{"time":0.1666,"x":-23.97,"y":0,"curve":"stepped"},{"time":0.9,"x":0,"y":0,"curve":"stepped"},{"time":1,"x":0,"y":0}]}},"events":[{"time":0.1666,"name":"Voice","string":"cri_232_voice_item"}]},"damage":{"slots":{"MAIN":{"attachment":[{"time":0,"name":"damage"}]}},"bones":{"EF1":{"translate":[{"time":0,"x":9.98,"y":-2.99}]}}},"front":{"slots":{"MAIN":{"attachment":[{"time":0,"name":"front"}]}}},"idle":{"slots":{"MAIN":{"attachment":[{"time":0,"name":"idle_00"},{"time":0.2,"name":"idle_01"},{"time":0.4,"name":"idle_02"},{"time":0.6,"name":"idle_03"},{"time":0.8,"name":"idle_04"},{"time":1,"name":"idle_00"}]}}},"in":{"slots":{"EF_charge1_1":{"attachment":[{"time":0.1666,"name":"EF/efr_SKL1_wave1/efr_SKL1_wave1_00005"},{"time":0.2,"name":"EF/efr_SKL1_wave1/efr_SKL1_wave1_00008"},{"time":0.2333,"name":"EF/efr_SKL1_wave1/efr_SKL1_wave1_00009"},{"time":0.2666,"name":"EF/efr_SKL1_wave1/efr_SKL1_wave1_00011"},{"time":0.3,"name":"EF/efr_SKL1_wave1/efr_SKL1_wave1_00012"},{"time":0.3333,"name":"EF/efr_SKL1_wave1/efr_SKL1_wave1_00013"},{"time":0.3666,"name":"EF/efr_SKL1_wave1/efr_SKL1_wave1_00015"},{"time":0.4,"name":"EF/efr_SKL1_wave1/efr_SKL1_wave1_00016"},{"time":0.4333,"name":"EF/efr_SKL1_wave1/efr_SKL1_wave1_00018"},{"time":0.4666,"name":"EF/efr_SKL1_wave1/efr_SKL1_wave1_00019"},{"time":0.5,"name":"EF/efr_SKL1_wave1/efr_SKL1_wave1_00020"},{"time":0.5333,"name":"EF/efr_SKL1_wave1/efr_SKL1_wave1_00021"},{"time":0.5666,"name":"EF/efr_SKL1_wave1/efr_SKL1_wave1_00022"},{"time":0.6,"name":"EF/efr_SKL1_wave1/efr_SKL1_wave1_00023"},{"time":0.6333,"name":null}]},"EF_scratch1_1":{"attachment":[{"time":0.7666,"name":"EF/efr_SKL2_shine/efr_SKL2_shine_00004"}],"color":[{"time":0.7666,"color":"ffffff00","curve":[0.116,0.55,0.75,1]},{"time":0.8333,"color":"ffffffff","curve":"stepped"},{"time":1.1666,"color":"ffffffff","curve":[0.25,0,0.831,0.51]},{"time":1.4333,"color":"ffffff00"}]},"EF_wave2_1":{"attachment":[{"time":0.8,"name":"EF/efr_SKL2_wave1/efr_SKL2_wave1_00005"},{"time":0.8333,"name":"EF/efr_SKL2_wave1/efr_SKL2_wave1_00006"},{"time":0.8666,"name":"EF/efr_SKL2_wave1/efr_SKL2_wave1_00007"},{"time":0.9,"name":"EF/efr_SKL2_wave1/efr_SKL2_wave1_00008"},{"time":0.9333,"name":"EF/efr_SKL2_wave1/efr_SKL2_wave1_00009"},{"time":0.9666,"name":"EF/efr_SKL2_wave1/efr_SKL2_wave1_00011"},{"time":1,"name":"EF/efr_SKL2_wave1/efr_SKL2_wave1_00012"},{"time":1.0666,"name":"EF/efr_SKL2_wave1/efr_SKL2_wave1_00013"},{"time":1.1333,"name":"EF/efr_SKL2_wave1/efr_SKL2_wave1_00014"},{"time":1.2,"name":"EF/efr_SKL2_wave1/efr_SKL2_wave1_00015"},{"time":1.2666,"name":"EF/efr_SKL2_wave1/efr_SKL2_wave1_00016"},{"time":1.3333,"name":null}]},"EF_wave3_1":{"attachment":[{"time":0.8,"name":"EF/efr_SKL2_wave2/efr_SKL2_wave2_00003"},{"time":0.8333,"name":"EF/efr_SKL2_wave2/efr_SKL2_wave2_00004"},{"time":0.8666,"name":"EF/efr_SKL2_wave2/efr_SKL2_wave2_00005"},{"time":0.9,"name":"EF/efr_SKL2_wave2/efr_SKL2_wave2_00007"},{"time":0.9333,"name":"EF/efr_SKL2_wave2/efr_SKL2_wave2_00008"},{"time":0.9666,"name":"EF/efr_SKL2_wave2/efr_SKL2_wave2_00009"},{"time":1,"name":"EF/efr_SKL2_wave2/efr_SKL2_wave2_00010"},{"time":1.0666,"name":"EF/efr_SKL2_wave2/efr_SKL2_wave2_00011"},{"time":1.1333,"name":"EF/efr_SKL2_wave2/efr_SKL2_wave2_00012"},{"time":1.2,"name":"EF/efr_SKL2_wave2/efr_SKL2_wave2_00013"},{"time":1.2666,"name":"EF/efr_SKL2_wave2/efr_SKL2_wave2_00014"},{"time":1.3333,"name":null}]},"MAIN":{"attachment":[{"time":0,"name":"skill2_7"},{"time":0.0666,"name":"skill2_3"},{"time":0.1666,"name":"skill2_4"},{"time":0.2333,"name":"skill2_5"},{"time":0.3,"name":"skill2_5"},{"time":0.4,"name":"skill2_6"},{"time":0.5,"name":"skill2_7"},{"time":0.8333,"name":"skill2_8"},{"time":0.8666,"name":"skill2_9"},{"time":1.4,"name":"skill2_10"},{"time":1.5,"name":"idle_00"}],"color":[{"time":0,"color":"ffffff00"},{"time":0.2666,"color":"ffffffff"}]}},"bones":{"MAIN":{"translate":[{"time":0,"x":0,"y":8.63},{"time":0.8,"x":0,"y":0}]},"EF_scratch1_1":{"rotate":[{"time":0.7666,"angle":3.96}],"translate":[{"time":0.7666,"x":-367.02,"y":17.13}],"scale":[{"time":0.7666,"x":1,"y":1,"curve":[0.207,0.67,0.75,1]},{"time":1.4,"x":1.2,"y":1.2}]},"EF_charge1_1":{"translate":[{"time":0,"x":-249.43,"y":17.1},{"time":0.7666,"x":-249.43,"y":9}],"scale":[{"time":0,"x":3.447,"y":3.447}]},"EF_wave2_1":{"translate":[{"time":0.8,"x":-397.11,"y":0}],"scale":[{"time":0.8,"x":3,"y":3,"curve":"stepped"},{"time":1,"x":3,"y":3},{"time":1.3,"x":3.1,"y":3.1}]},"EF_wave3_1":{"translate":[{"time":0.8,"x":-497.97,"y":0}],"scale":[{"time":0.8,"x":3,"y":3,"curve":"stepped"},{"time":1,"x":3,"y":3},{"time":1.3,"x":3.1,"y":3.1}]}},"events":[{"time":0,"name":"Event","string":"takeSummon"},{"time":0.1,"name":"Sound1","string":"cri_se_battle_stoptime"},{"time":0.8,"name":"Sound1","string":"cri_se_battle_033_explosion_element_01"}]},"inc":{"slots":{"EF_charge1_1":{"attachment":[{"time":0.1666,"name":"EF/efr_SKL1_wave1/efr_SKL1_wave1_00005"},{"time":0.2,"name":"EF/efr_SKL1_wave1/efr_SKL1_wave1_00008"},{"time":0.2333,"name":"EF/efr_SKL1_wave1/efr_SKL1_wave1_00009"},{"time":0.2666,"name":"EF/efr_SKL1_wave1/efr_SKL1_wave1_00011"},{"time":0.3,"name":"EF/efr_SKL1_wave1/efr_SKL1_wave1_00012"},{"time":0.3333,"name":"EF/efr_SKL1_wave1/efr_SKL1_wave1_00013"},{"time":0.3666,"name":"EF/efr_SKL1_wave1/efr_SKL1_wave1_00015"},{"time":0.4,"name":"EF/efr_SKL1_wave1/efr_SKL1_wave1_00016"},{"time":0.4333,"name":"EF/efr_SKL1_wave1/efr_SKL1_wave1_00018"},{"time":0.4666,"name":"EF/efr_SKL1_wave1/efr_SKL1_wave1_00019"},{"time":0.5,"name":"EF/efr_SKL1_wave1/efr_SKL1_wave1_00020"},{"time":0.5333,"name":"EF/efr_SKL1_wave1/efr_SKL1_wave1_00021"},{"time":0.5666,"name":"EF/efr_SKL1_wave1/efr_SKL1_wave1_00022"},{"time":0.6,"name":"EF/efr_SKL1_wave1/efr_SKL1_wave1_00023"},{"time":0.6333,"name":null}]},"EF_scratch1_1":{"attachment":[{"time":0.7666,"name":"EF/efr_SKL2_shine/efr_SKL2_shine_00004"}],"color":[{"time":0.7666,"color":"ffffff00","curve":[0.116,0.55,0.75,1]},{"time":0.8333,"color":"ffffffff","curve":"stepped"},{"time":1.1666,"color":"ffffffff","curve":[0.25,0,0.831,0.51]},{"time":1.4333,"color":"ffffff00"}]},"EF_wave2_1":{"attachment":[{"time":0.8,"name":"EF/efr_SKL2_wave1/efr_SKL2_wave1_00005"},{"time":0.8333,"name":"EF/efr_SKL2_wave1/efr_SKL2_wave1_00006"},{"time":0.8666,"name":"EF/efr_SKL2_wave1/efr_SKL2_wave1_00007"},{"time":0.9,"name":"EF/efr_SKL2_wave1/efr_SKL2_wave1_00008"},{"time":0.9333,"name":"EF/efr_SKL2_wave1/efr_SKL2_wave1_00009"},{"time":0.9666,"name":"EF/efr_SKL2_wave1/efr_SKL2_wave1_00011"},{"time":1,"name":"EF/efr_SKL2_wave1/efr_SKL2_wave1_00012"},{"time":1.0666,"name":"EF/efr_SKL2_wave1/efr_SKL2_wave1_00013"},{"time":1.1333,"name":"EF/efr_SKL2_wave1/efr_SKL2_wave1_00014"},{"time":1.2,"name":"EF/efr_SKL2_wave1/efr_SKL2_wave1_00015"},{"time":1.2666,"name":"EF/efr_SKL2_wave1/efr_SKL2_wave1_00016"},{"time":1.3333,"name":null}]},"EF_wave3_1":{"attachment":[{"time":0.8,"name":"EF/efr_SKL2_wave2/efr_SKL2_wave2_00003"},{"time":0.8333,"name":"EF/efr_SKL2_wave2/efr_SKL2_wave2_00004"},{"time":0.8666,"name":"EF/efr_SKL2_wave2/efr_SKL2_wave2_00005"},{"time":0.9,"name":"EF/efr_SKL2_wave2/efr_SKL2_wave2_00007"},{"time":0.9333,"name":"EF/efr_SKL2_wave2/efr_SKL2_wave2_00008"},{"time":0.9666,"name":"EF/efr_SKL2_wave2/efr_SKL2_wave2_00009"},{"time":1,"name":"EF/efr_SKL2_wave2/efr_SKL2_wave2_00010"},{"time":1.0666,"name":"EF/efr_SKL2_wave2/efr_SKL2_wave2_00011"},{"time":1.1333,"name":"EF/efr_SKL2_wave2/efr_SKL2_wave2_00012"},{"time":1.2,"name":"EF/efr_SKL2_wave2/efr_SKL2_wave2_00013"},{"time":1.2666,"name":"EF/efr_SKL2_wave2/efr_SKL2_wave2_00014"},{"time":1.3333,"name":null}]},"MAIN":{"attachment":[{"time":0,"name":"skill2_7"},{"time":0.0666,"name":"skill2_3"},{"time":0.1666,"name":"skill2_4"},{"time":0.2333,"name":"skill2_5"},{"time":0.3,"name":"skill2_5"},{"time":0.4,"name":"skill2_6"},{"time":0.5,"name":"skill2_7"},{"time":0.8333,"name":"skill2_8"},{"time":0.8666,"name":"skill2_9"},{"time":1.4,"name":"skill2_10"},{"time":1.5,"name":"idle_00"}],"color":[{"time":0,"color":"ffffff00"},{"time":0.2666,"color":"ffffffff"}]}},"bones":{"MAIN":{"translate":[{"time":0,"x":0,"y":8.63},{"time":0.8,"x":0,"y":0}]},"EF_scratch1_1":{"rotate":[{"time":0.7666,"angle":3.96}],"translate":[{"time":0.7666,"x":-367.02,"y":17.13}],"scale":[{"time":0.7666,"x":1,"y":1,"curve":[0.207,0.67,0.75,1]},{"time":1.4,"x":1.2,"y":1.2}]},"EF_charge1_1":{"translate":[{"time":0,"x":-249.43,"y":17.1},{"time":0.7666,"x":-249.43,"y":9}],"scale":[{"time":0,"x":3.447,"y":3.447}]},"EF_wave2_1":{"translate":[{"time":0.8,"x":-397.11,"y":0}],"scale":[{"time":0.8,"x":3,"y":3,"curve":"stepped"},{"time":1,"x":3,"y":3},{"time":1.3,"x":3.1,"y":3.1}]},"EF_wave3_1":{"translate":[{"time":0.8,"x":-497.97,"y":0}],"scale":[{"time":0.8,"x":3,"y":3,"curve":"stepped"},{"time":1,"x":3,"y":3},{"time":1.3,"x":3.1,"y":3.1}]}},"events":[{"time":0.1,"name":"Sound1","string":"cri_se_battle_stoptime"},{"time":0.8,"name":"Sound1","string":"cri_se_battle_033_explosion_element_01"}]},"skill1":{"slots":{"DAMAGEAREA":{"attachment":[{"time":0.8,"name":"DAMAGEAREA"},{"time":1,"name":null}]},"EF_earth1_1":{"attachment":[{"time":0.8,"name":"EF/efr_ATK2_earth1/efr_ATK2_earth1_00001"}],"color":[{"time":0.8,"color":"ffffffff","curve":"stepped"},{"time":1.2333,"color":"ffffffff"},{"time":1.4,"color":"ffffff00"}]},"EF_earth2_1":{"attachment":[{"time":0.8,"name":"EF/efr_ATK2_earth2/efr_ATK2_earth2_00001"}],"color":[{"time":0.8666,"color":"ffffffff","curve":"stepped"},{"time":1.0666,"color":"ffffffff"},{"time":1.4,"color":"ffffff00"}]},"EF_earth4_1":{"attachment":[{"time":0.8,"name":"EF/efr_ATK3_ex1/efr_ATK3_ex1_00001"},{"time":0.8333,"name":"EF/efr_ATK3_ex1/efr_ATK3_ex1_00002"},{"time":0.8666,"name":"EF/efr_ATK3_ex1/efr_ATK3_ex1_00003"},{"time":0.9,"name":"EF/efr_ATK3_ex1/efr_ATK3_ex1_00004"},{"time":0.9666,"name":null}],"color":[{"time":0.8,"color":"ffffffff","curve":"stepped"},{"time":0.8666,"color":"ffffffff"},{"time":0.9666,"color":"ffffff00"}]},"EF_skill1_1":{"attachment":[{"time":0.7333,"name":"EF/dot/skill1/EF_skill1_00"},{"time":0.8,"name":null}]},"EF_skill1_2":{"attachment":[{"time":0.8,"name":"EF/dot/skill1/EF_skill1_01"},{"time":0.8666,"name":"EF/dot/skill1/EF_skill1_02"},{"time":0.9333,"name":null}]},"EF_wave1_1":{"attachment":[{"time":0.1,"name":"EF/efr_ATK3_ex2b/efr_ATK3_ex2b_00001"},{"time":0.1333,"name":"EF/efr_ATK3_ex2b/efr_ATK3_ex2b_00003"},{"time":0.1666,"name":"EF/efr_ATK3_ex2b/efr_ATK3_ex2b_00004"},{"time":0.2,"name":"EF/efr_ATK3_ex2b/efr_ATK3_ex2b_00005"},{"time":0.2333,"name":"EF/efr_ATK3_ex2b/efr_ATK3_ex2b_00006"},{"time":0.2666,"name":"EF/efr_ATK3_ex2b/efr_ATK3_ex2b_00007"},{"time":0.3,"name":"EF/efr_ATK3_ex2b/efr_ATK3_ex2b_00008"},{"time":0.3333,"name":"EF/efr_ATK3_ex2b/efr_ATK3_ex2b_00009"},{"time":0.3666,"name":"EF/efr_ATK3_ex2b/efr_ATK3_ex2b_00010"},{"time":0.4,"name":"EF/efr_ATK3_ex2b/efr_ATK3_ex2b_00011"},{"time":0.4333,"name":null},{"time":0.8,"name":"EF/efr_ATK3_ex2b/efr_ATK3_ex2b_00001"},{"time":0.8333,"name":"EF/efr_ATK3_ex2b/efr_ATK3_ex2b_00003"},{"time":0.8666,"name":"EF/efr_ATK3_ex2b/efr_ATK3_ex2b_00004"},{"time":0.9,"name":"EF/efr_ATK3_ex2b/efr_ATK3_ex2b_00005"},{"time":0.9333,"name":"EF/efr_ATK3_ex2b/efr_ATK3_ex2b_00006"},{"time":0.9666,"name":"EF/efr_ATK3_ex2b/efr_ATK3_ex2b_00007"},{"time":1,"name":"EF/efr_ATK3_ex2b/efr_ATK3_ex2b_00008"},{"time":1.0333,"name":"EF/efr_ATK3_ex2b/efr_ATK3_ex2b_00009"},{"time":1.0666,"name":"EF/efr_ATK3_ex2b/efr_ATK3_ex2b_00010"},{"time":1.1,"name":"EF/efr_ATK3_ex2b/efr_ATK3_ex2b_00011"},{"time":1.1333,"name":null}]},"MAIN":{"attachment":[{"time":0,"name":"idle_00"},{"time":0.0333,"name":"skill1_1"},{"time":0.1,"name":"skill1_2"},{"time":0.1666,"name":"skill1_3"},{"time":0.2333,"name":"skill1_4"},{"time":0.4666,"name":"skill1_5"},{"time":0.5333,"name":"skill1_6"},{"time":0.6,"name":"skill1_7"},{"time":0.7,"name":"skill1_8"},{"time":0.7333,"name":null},{"time":0.8,"name":"skill1_10"},{"time":0.8666,"name":"skill1_11"},{"time":0.9333,"name":"skill1_12"},{"time":1,"name":"skill1_13"},{"time":1.5333,"name":"idle_00"},{"time":1.5666,"name":"back_1"},{"time":1.6666,"name":"back_2"},{"time":1.8333,"name":"idle_04"},{"time":2,"name":"idle_00"}]}},"bones":{"MAIN":{"translate":[{"time":0,"x":0,"y":0,"curve":"stepped"},{"time":0.1,"x":0,"y":0,"curve":[0.281,0.78,0.75,1]},{"time":0.3333,"x":91.89,"y":235.89},{"time":0.6333,"x":102.6,"y":252.21,"curve":"stepped"},{"time":0.7,"x":87.21,"y":223.03,"curve":"stepped"},{"time":0.8,"x":-197.85,"y":-86.58,"curve":"stepped"},{"time":1.5333,"x":-201.9,"y":-2.56,"curve":[0.111,0.53,0.75,1]},{"time":1.7,"x":-114.47,"y":16.31,"curve":[0.085,0.61,0.75,1]},{"time":2,"x":-80,"y":-3.5}]},"EF1":{"translate":[{"time":0.7333,"x":-105.93,"y":-110.88,"curve":"stepped"},{"time":0.8,"x":-10.77,"y":-29.48}]},"EF_wave1_1":{"translate":[{"time":0.1,"x":-292.57,"y":0,"curve":"stepped"},{"time":0.8,"x":-504.93,"y":0}],"scale":[{"time":0.1,"x":2.5,"y":2.5,"curve":"stepped"},{"time":0.8,"x":3.5,"y":3.5}]},"EF_earth1_1":{"translate":[{"time":0.8,"x":-304.04,"y":0}],"scale":[{"time":0.8,"x":5.5,"y":5.5}]},"EF_earth2_1":{"translate":[{"time":0.8,"x":-349.96,"y":0}],"scale":[{"time":0.8,"x":2,"y":2},{"time":0.8333,"x":2.2,"y":2.2},{"time":0.8666,"x":2.1,"y":2.1}]},"EF_earth4_1":{"translate":[{"time":0.8,"x":-459.67,"y":0}],"scale":[{"time":0.8,"x":6.353,"y":6.353}]},"DAMAGEAREA":{"translate":[{"time":0.8,"x":-213.83,"y":9.29}],"scale":[{"time":0.8,"x":5.112,"y":1.244}]}},"events":[{"time":0.1,"name":"Event","string":"movePosition_Target(0.15,200,0)"},{"time":0.1,"name":"Sound1","string":"cri_se_battle_Flutter"},{"time":0.3333,"name":"Voice","string":"cri_232_voice_skill_all"},{"time":0.6666,"name":"Sound1","string":"cri_se_battle_skill_shot"},{"time":0.7333,"name":"Sound1","string":"cri_se_battle_030_explosion_02"},{"time":0.7333,"name":"Sound3","string":"setHitSound(se_battle_explosion_short)"},{"time":0.8,"name":"Event","float":0.2,"string":"kHitStopType_normal"},{"time":0.8,"name":"Event2","float":2,"string":"shakeGround"},{"time":1,"name":"Event2","float":1,"string":"shakeGround"},{"time":1.2,"name":"Event2","float":1,"string":"shakeGround"}]},"skill2":{"slots":{"DAMAGEAREA":{"attachment":[{"time":1.1333,"name":"DAMAGEAREA"},{"time":1.7,"name":null}]},"EF_charge1_1":{"attachment":[{"time":0.0333,"name":"EF/efr_SKL1_wave1/efr_SKL1_wave1_00005"},{"time":0.1,"name":"EF/efr_SKL1_wave1/efr_SKL1_wave1_00008"},{"time":0.1666,"name":"EF/efr_SKL1_wave1/efr_SKL1_wave1_00009"},{"time":0.2333,"name":"EF/efr_SKL1_wave1/efr_SKL1_wave1_00011"},{"time":0.3,"name":"EF/efr_SKL1_wave1/efr_SKL1_wave1_00012"},{"time":0.3666,"name":"EF/efr_SKL1_wave1/efr_SKL1_wave1_00013"},{"time":0.4333,"name":"EF/efr_SKL1_wave1/efr_SKL1_wave1_00015"},{"time":0.5,"name":"EF/efr_SKL1_wave1/efr_SKL1_wave1_00016"},{"time":0.5666,"name":"EF/efr_SKL1_wave1/efr_SKL1_wave1_00018"},{"time":0.6333,"name":"EF/efr_SKL1_wave1/efr_SKL1_wave1_00019"},{"time":0.7,"name":"EF/efr_SKL1_wave1/efr_SKL1_wave1_00020"},{"time":0.7666,"name":"EF/efr_SKL1_wave1/efr_SKL1_wave1_00021"},{"time":0.8333,"name":"EF/efr_SKL1_wave1/efr_SKL1_wave1_00022"},{"time":0.9,"name":"EF/efr_SKL1_wave1/efr_SKL1_wave1_00023"},{"time":0.9666,"name":null}]},"EF_charge2_1":{"attachment":[{"time":0.2333,"name":"EF/efr_SKL1_wave2/efr_SKL1_wave2_00002"},{"time":0.3,"name":"EF/efr_SKL1_wave2/efr_SKL1_wave2_00003"},{"time":0.3666,"name":"EF/efr_SKL1_wave2/efr_SKL1_wave2_00004"},{"time":0.4333,"name":"EF/efr_SKL1_wave2/efr_SKL1_wave2_00005"},{"time":0.5,"name":"EF/efr_SKL1_wave2/efr_SKL1_wave2_00006"},{"time":0.5666,"name":"EF/efr_SKL1_wave2/efr_SKL1_wave2_00007"},{"time":0.6333,"name":"EF/efr_SKL1_wave2/efr_SKL1_wave2_00008"},{"time":0.7,"name":"EF/efr_SKL1_wave2/efr_SKL1_wave2_00009"},{"time":0.7666,"name":"EF/efr_SKL1_wave2/efr_SKL1_wave2_00010"},{"time":0.8333,"name":"EF/efr_SKL1_wave2/efr_SKL1_wave2_00011"},{"time":0.9,"name":"EF/efr_SKL1_wave2/efr_SKL1_wave2_00012"},{"time":0.9666,"name":null}]},"EF_scratch1_1":{"attachment":[{"time":1.1,"name":"EF/efr_SKL2_shine/efr_SKL2_shine_00004"}],"color":[{"time":1.1,"color":"ffffff00","curve":[0.116,0.55,0.75,1]},{"time":1.1666,"color":"ffffffff","curve":"stepped"},{"time":1.5,"color":"ffffffff","curve":[0.25,0,0.831,0.51]},{"time":1.7666,"color":"ffffff00"}]},"EF_wave2_1":{"attachment":[{"time":1.1,"name":"EF/efr_SKL2_wave1/efr_SKL2_wave1_00003"},{"time":1.1333,"name":"EF/efr_SKL2_wave1/efr_SKL2_wave1_00004"},{"time":1.1666,"name":"EF/efr_SKL2_wave1/efr_SKL2_wave1_00005"},{"time":1.2,"name":"EF/efr_SKL2_wave1/efr_SKL2_wave1_00006"},{"time":1.2333,"name":"EF/efr_SKL2_wave1/efr_SKL2_wave1_00007"},{"time":1.2666,"name":"EF/efr_SKL2_wave1/efr_SKL2_wave1_00008"},{"time":1.3,"name":"EF/efr_SKL2_wave1/efr_SKL2_wave1_00009"},{"time":1.3666,"name":"EF/efr_SKL2_wave1/efr_SKL2_wave1_00011"},{"time":1.4333,"name":"EF/efr_SKL2_wave1/efr_SKL2_wave1_00012"},{"time":1.5,"name":"EF/efr_SKL2_wave1/efr_SKL2_wave1_00013"},{"time":1.6,"name":"EF/efr_SKL2_wave1/efr_SKL2_wave1_00014"},{"time":1.7,"name":"EF/efr_SKL2_wave1/efr_SKL2_wave1_00015"},{"time":1.8,"name":"EF/efr_SKL2_wave1/efr_SKL2_wave1_00016"},{"time":1.9,"name":null}]},"EF_wave3_1":{"attachment":[{"time":1.1,"name":"EF/efr_SKL2_wave2/efr_SKL2_wave2_00003"},{"time":1.1333,"name":"EF/efr_SKL2_wave2/efr_SKL2_wave2_00004"},{"time":1.1666,"name":"EF/efr_SKL2_wave2/efr_SKL2_wave2_00005"},{"time":1.2,"name":"EF/efr_SKL2_wave2/efr_SKL2_wave2_00006"},{"time":1.2333,"name":"EF/efr_SKL2_wave2/efr_SKL2_wave2_00007"},{"time":1.2666,"name":"EF/efr_SKL2_wave2/efr_SKL2_wave2_00008"},{"time":1.3,"name":"EF/efr_SKL2_wave2/efr_SKL2_wave2_00009"},{"time":1.3666,"name":"EF/efr_SKL2_wave2/efr_SKL2_wave2_00010"},{"time":1.4333,"name":"EF/efr_SKL2_wave2/efr_SKL2_wave2_00011"},{"time":1.5,"name":"EF/efr_SKL2_wave2/efr_SKL2_wave2_00012"},{"time":1.6,"name":"EF/efr_SKL2_wave2/efr_SKL2_wave2_00013"},{"time":1.7,"name":"EF/efr_SKL2_wave2/efr_SKL2_wave2_00014"},{"time":1.8,"name":null}]},"MAIN":{"attachment":[{"time":0,"name":"idle_00"},{"time":0.0666,"name":"skill2_1"},{"time":0.1666,"name":"skill2_2"},{"time":0.2666,"name":"skill2_3"},{"time":0.3666,"name":"skill2_4"},{"time":0.4666,"name":"skill2_5"},{"time":0.5666,"name":"skill2_5"},{"time":0.7,"name":"skill2_6"},{"time":0.8333,"name":"skill2_7"},{"time":1.1,"name":"skill2_8"},{"time":1.1333,"name":"skill2_9"},{"time":2.4,"name":"skill2_10"},{"time":2.5,"name":"idle_00"}]}},"bones":{"MAIN":{"translate":[{"time":0,"x":0,"y":0,"curve":"stepped"},{"time":0.1666,"x":0,"y":0,"curve":[0.157,0.41,0.75,1]},{"time":0.8,"x":0,"y":19.08,"curve":"stepped"},{"time":1.1,"x":0,"y":19.08,"curve":"stepped"},{"time":1.1333,"x":0,"y":19.08,"curve":[0.14,0.64,0.75,1]},{"time":2.4,"x":0,"y":21.08,"curve":[0.153,0.41,0.591,0.82]},{"time":2.7333,"x":0,"y":1.08},{"time":3,"x":0,"y":0}]},"EF_charge1_1":{"translate":[{"time":0.0333,"x":-250,"y":0},{"time":0.5,"x":-250,"y":16.27,"curve":"stepped"},{"time":1.1,"x":-250,"y":16.27}],"scale":[{"time":0.0333,"x":4,"y":4}]},"EF_charge2_1":{"rotate":[{"time":0.2333,"angle":0}],"translate":[{"time":0.2333,"x":-300.65,"y":11.48}],"scale":[{"time":0.2333,"x":3.5,"y":3.5},{"time":0.8333,"x":1.228,"y":1.228}]},"EF_scratch1_1":{"rotate":[{"time":1.1,"angle":3.96}],"translate":[{"time":1.1,"x":-367.02,"y":38.16}],"scale":[{"time":1.1,"x":1,"y":1,"curve":[0.207,0.67,0.75,1]},{"time":1.7333,"x":2.155,"y":2.155}]},"EF_wave2_1":{"translate":[{"time":1.1,"x":-395,"y":0}],"scale":[{"time":1.1,"x":6,"y":6,"curve":[0.148,0.49,0.75,1]},{"time":1.8666,"x":9,"y":9}]},"EF_wave3_1":{"translate":[{"time":1.1,"x":-493.06,"y":-18.03}],"scale":[{"time":1.1,"x":6,"y":6,"curve":[0.15,0.55,0.75,1]},{"time":1.8666,"x":9,"y":9}]},"DAMAGEAREA":{"translate":[{"time":1.1333,"x":0,"y":76.7,"curve":[0.271,0.68,0.535,0.85]},{"time":1.3,"x":-4.64,"y":192.91}],"scale":[{"time":1.1333,"x":1.85,"y":1.875,"curve":[0.21,0.62,0.653,1]},{"time":1.3,"x":6.513,"y":4.216}]}},"events":[{"time":0,"name":"Sound1","string":"cri_se_battle_charge_long"},{"time":1.0333,"name":"Sound3","string":"setHitSound(se_battle_explosion_short)"},{"time":1.0333,"name":"Voice","string":"cri_232_voice_fullarts_rank5"},{"time":1.1,"name":"Event","string":"runScript_burn"},{"time":1.1,"name":"Event2","float":3,"string":"shakeGround"},{"time":1.1,"name":"Sound1","string":"cri_se_battle_032_explosion_04"},{"time":1.1333,"name":"Event","float":0.2,"string":"kHitStopType_normal"},{"time":1.2,"name":"Event","float":0.05,"string":"kHitStopType_enemyonly"},{"time":1.2,"name":"Hit","string":"resetHitList"},{"time":1.2666,"name":"Hit","string":"resetHitList"},{"time":1.3333,"name":"Event2","float":2,"string":"shakeGround"},{"time":1.3333,"name":"Hit","string":"resetHitList"},{"time":1.4,"name":"Hit","string":"resetHitList"},{"time":1.4666,"name":"Hit","string":"resetHitList"},{"time":1.5333,"name":"Event2","float":2,"string":"shakeGround"},{"time":1.5333,"name":"Hit","string":"resetHitList"},{"time":1.6,"name":"Hit","string":"resetHitList"},{"time":1.7333,"name":"Event2","float":2,"string":"shakeGround"},{"time":1.9333,"name":"Event2","float":2,"string":"shakeGround"}]}}}