{"skeleton":{"hash":"aHs9oGF3AJPNeJGTqmd5jvv7xJo","spine":"3.0.12","width":560,"height":506,"images":"./image/"},"bones":[{"name":"root"},{"name":"MAIN","parent":"root","y":83.41},{"name":"EF_dot","parent":"MAIN","x":150,"y":-33.41,"color":"ff00e1ff"},{"name":"EF_MAIN","parent":"root","color":"15ff00ff"},{"name":"EF_slash1_1","parent":"EF_MAIN","x":200,"y":100,"color":"15ff00ff"},{"name":"EF_shine1_2","parent":"EF_MAIN","x":100,"y":100,"color":"15ff00ff"},{"name":"EF_shine1_1","parent":"EF_MAIN","x":100,"y":100,"color":"15ff00ff"},{"name":"EF_rot_wave1_1","parent":"EF_MAIN","x":150,"color":"15ff00ff"},{"name":"EF_power1_1","parent":"EF_MAIN","x":100,"y":50,"color":"15ff00ff"},{"name":"EF_particle1_5","parent":"EF_MAIN","x":250,"y":100,"color":"ff00e7ff"},{"name":"EF_particle1_4","parent":"EF_MAIN","x":250,"y":100,"color":"ff00e7ff"},{"name":"EF_particle1_3","parent":"EF_MAIN","x":250,"y":100,"color":"ff00e7ff"},{"name":"EF_particle1_2","parent":"EF_MAIN","x":250,"y":100,"color":"ff00e7ff"},{"name":"EF_particle1_1","parent":"EF_MAIN","x":250,"y":100,"color":"ff00e7ff"},{"name":"EF_magic1","parent":"EF_MAIN","x":200,"y":50,"color":"15ff00ff"},{"name":"EF_magic2","parent":"EF_magic1","color":"15ff00ff"},{"name":"EF_groundwave1_3","parent":"EF_MAIN","x":100,"color":"15ff00ff"},{"name":"EF_groundwave1_2","parent":"EF_MAIN","x":100,"color":"15ff00ff"},{"name":"EF_groundwave1_1","parent":"EF_MAIN","x":100,"color":"15ff00ff"},{"name":"EF_dash1_1","parent":"EF_MAIN","x":200,"color":"15ff00ff"},{"name":"EF_aura","parent":"EF_MAIN","x":150,"y":100,"color":"15ff00ff"},{"name":"DAMAGEAREA","parent":"root"}],"slots":[{"name":"EF_rot_wave1_1","bone":"EF_rot_wave1_1","blend":"additive"},{"name":"EF_groundwave1_1","bone":"EF_groundwave1_1","blend":"additive"},{"name":"EF_groundwave1_2","bone":"EF_groundwave1_2","blend":"additive"},{"name":"EF_groundwave1_3","bone":"EF_groundwave1_3","blend":"additive"},{"name":"MAIN","bone":"MAIN","attachment":"idle_00"},{"name":"EF_shine1_1","bone":"EF_shine1_1","blend":"additive"},{"name":"EF_shine1_2","bone":"EF_shine1_2","blend":"additive"},{"name":"EF_aura","bone":"EF_aura","blend":"additive"},{"name":"EF_power1_1","bone":"EF_power1_1","blend":"additive"},{"name":"EF/EF_slash_DOT/10000-combo_16_ef2_1B","bone":"EF_dot","color":"faff12ff","blend":"additive"},{"name":"EF/EF_slash_DOT/10000-combo_16_ef2_1F","bone":"EF_dot","color":"faff12ff","blend":"additive"},{"name":"EF/EF_slash_DOT/EF2","bone":"EF_dot","color":"faff12ff","blend":"additive"},{"name":"EF_slash1_1","bone":"EF_slash1_1","blend":"additive"},{"name":"EF_magic1","bone":"EF_magic1","blend":"additive"},{"name":"EF_magic2","bone":"EF_magic2","blend":"additive"},{"name":"EF_particle1_1","bone":"EF_particle1_1","blend":"additive"},{"name":"EF_particle1_2","bone":"EF_particle1_2","blend":"additive"},{"name":"EF_particle1_3","bone":"EF_particle1_3","blend":"additive"},{"name":"EF_particle1_4","bone":"EF_particle1_4","blend":"additive"},{"name":"EF_particle1_5","bone":"EF_particle1_5","blend":"additive"},{"name":"EF_dash1_1","bone":"EF_dash1_1","blend":"additive"},{"name":"DAMAGEAREA","bone":"DAMAGEAREA"},{"name":"kneel_00","bone":"root"}],"skins":{"default":{"DAMAGEAREA":{"DAMAGEAREA":{"type":"boundingbox","vertices":[-64.17891,-63.58752,64.05188,-63.58752,64.05188,63.84929,-64.17891,63.84929]}},"EF/EF_slash_DOT/10000-combo_16_ef2_1B":{"EF/EF_slash_DOT/10000-combo_16_ef2_1B":{"width":206,"height":171}},"EF/EF_slash_DOT/10000-combo_16_ef2_1F":{"EF/EF_slash_DOT/10000-combo_16_ef2_1F":{"width":206,"height":171}},"EF/EF_slash_DOT/EF2":{"EF/EF_slash_DOT/EF2":{"width":101,"height":96}},"EF_aura":{"EF/EF_aura/430_S2_power1_00003":{"x":4,"width":200,"height":200},"EF/EF_aura/430_S2_power1_00004":{"x":4,"width":200,"height":200},"EF/EF_aura/430_S2_power1_00005":{"x":4,"width":200,"height":200},"EF/EF_aura/430_S2_power1_00007":{"x":4,"width":200,"height":200},"EF/EF_aura/430_S2_power1_00008":{"x":4,"width":200,"height":200},"EF/EF_aura/430_S2_power1_00010":{"x":4,"width":200,"height":200},"EF/EF_aura/430_S2_power1_00013":{"x":4,"width":200,"height":200},"EF/EF_aura/430_S2_power1_00014":{"x":4,"width":200,"height":200},"EF/EF_aura/430_S2_power1_00015":{"x":4,"width":200,"height":200}},"EF_dash1_1":{"EF/ef_dash_main/ef_dash_main_00002":{"x":29.03,"y":20.32,"width":200,"height":200},"EF/ef_dash_main/ef_dash_main_00004":{"x":29.03,"y":20.32,"width":200,"height":200},"EF/ef_dash_main/ef_dash_main_00006":{"x":29.03,"y":20.32,"width":200,"height":200},"EF/ef_dash_main/ef_dash_main_00008":{"x":29.02,"y":20.32,"width":200,"height":200},"EF/ef_dash_main/ef_dash_main_00010":{"x":29.03,"y":20.32,"width":200,"height":200}},"EF_groundwave1_1":{"EF/EF_groundwave/ef_graund_wave_main_00003":{"y":8.28,"width":160,"height":96},"EF/EF_groundwave/ef_graund_wave_main_00004":{"y":8.28,"width":160,"height":96},"EF/EF_groundwave/ef_graund_wave_main_00005":{"y":8.28,"width":160,"height":96},"EF/EF_groundwave/ef_graund_wave_main_00006":{"y":8.28,"width":160,"height":96},"EF/EF_groundwave/ef_graund_wave_main_00007":{"y":8.28,"width":160,"height":96},"EF/EF_groundwave/ef_graund_wave_main_00008":{"y":8.28,"width":160,"height":96},"EF/EF_groundwave/ef_graund_wave_main_00009":{"y":8.28,"width":160,"height":96},"EF/EF_groundwave/ef_graund_wave_main_00010":{"y":8.28,"width":160,"height":96},"EF/EF_groundwave/ef_graund_wave_main_00011":{"y":8.28,"width":160,"height":96},"EF/EF_groundwave/ef_graund_wave_main_00012":{"y":8.28,"width":160,"height":96}},"EF_groundwave1_2":{"EF/EF_groundwave/ef_graund_wave_main_00003":{"y":8.28,"width":160,"height":96},"EF/EF_groundwave/ef_graund_wave_main_00004":{"y":8.28,"width":160,"height":96},"EF/EF_groundwave/ef_graund_wave_main_00005":{"y":8.28,"width":160,"height":96},"EF/EF_groundwave/ef_graund_wave_main_00006":{"y":8.28,"width":160,"height":96},"EF/EF_groundwave/ef_graund_wave_main_00007":{"y":8.28,"width":160,"height":96},"EF/EF_groundwave/ef_graund_wave_main_00008":{"y":8.28,"width":160,"height":96},"EF/EF_groundwave/ef_graund_wave_main_00009":{"y":8.28,"width":160,"height":96},"EF/EF_groundwave/ef_graund_wave_main_00010":{"y":8.28,"width":160,"height":96},"EF/EF_groundwave/ef_graund_wave_main_00011":{"y":8.28,"width":160,"height":96},"EF/EF_groundwave/ef_graund_wave_main_00012":{"y":8.28,"width":160,"height":96}},"EF_groundwave1_3":{"EF/EF_groundwave/ef_graund_wave_main_00003":{"y":8.28,"width":160,"height":96},"EF/EF_groundwave/ef_graund_wave_main_00004":{"y":8.28,"width":160,"height":96},"EF/EF_groundwave/ef_graund_wave_main_00005":{"y":8.28,"width":160,"height":96},"EF/EF_groundwave/ef_graund_wave_main_00006":{"y":8.28,"width":160,"height":96},"EF/EF_groundwave/ef_graund_wave_main_00007":{"y":8.28,"width":160,"height":96},"EF/EF_groundwave/ef_graund_wave_main_00008":{"y":8.28,"width":160,"height":96},"EF/EF_groundwave/ef_graund_wave_main_00009":{"y":8.28,"width":160,"height":96},"EF/EF_groundwave/ef_graund_wave_main_00010":{"y":8.28,"width":160,"height":96},"EF/EF_groundwave/ef_graund_wave_main_00011":{"y":8.28,"width":160,"height":96},"EF/EF_groundwave/ef_graund_wave_main_00012":{"y":8.28,"width":160,"height":96}},"EF_magic1":{"EF/5100_S2_magic1d":{"width":182,"height":182}},"EF_magic2":{"EF/magic_4light":{"width":150,"height":150}},"EF_particle1_1":{"EF/EF_particle/main_00001":{"width":111,"height":111},"EF/EF_particle/main_00002":{"width":111,"height":111},"EF/EF_particle/main_00003":{"width":111,"height":111},"EF/EF_particle/main_00004":{"width":111,"height":111},"EF/EF_particle/main_00005":{"width":111,"height":111},"EF/EF_particle/main_00006":{"width":111,"height":111},"EF/EF_particle/main_00007":{"width":111,"height":111}},"EF_particle1_2":{"EF/EF_particle/main_00001":{"width":111,"height":111},"EF/EF_particle/main_00002":{"width":111,"height":111},"EF/EF_particle/main_00003":{"width":111,"height":111},"EF/EF_particle/main_00004":{"width":111,"height":111},"EF/EF_particle/main_00005":{"width":111,"height":111},"EF/EF_particle/main_00006":{"width":111,"height":111},"EF/EF_particle/main_00007":{"width":111,"height":111}},"EF_particle1_3":{"EF/EF_particle/main_00001":{"width":111,"height":111},"EF/EF_particle/main_00002":{"width":111,"height":111},"EF/EF_particle/main_00003":{"width":111,"height":111},"EF/EF_particle/main_00004":{"width":111,"height":111},"EF/EF_particle/main_00005":{"width":111,"height":111},"EF/EF_particle/main_00006":{"width":111,"height":111},"EF/EF_particle/main_00007":{"width":111,"height":111}},"EF_particle1_4":{"EF/EF_particle/main_00001":{"width":111,"height":111},"EF/EF_particle/main_00002":{"width":111,"height":111},"EF/EF_particle/main_00003":{"width":111,"height":111},"EF/EF_particle/main_00004":{"width":111,"height":111},"EF/EF_particle/main_00005":{"width":111,"height":111},"EF/EF_particle/main_00006":{"width":111,"height":111},"EF/EF_particle/main_00007":{"width":111,"height":111}},"EF_particle1_5":{"EF/EF_particle/main_00001":{"width":111,"height":111},"EF/EF_particle/main_00002":{"width":111,"height":111},"EF/EF_particle/main_00003":{"width":111,"height":111},"EF/EF_particle/main_00004":{"width":111,"height":111},"EF/EF_particle/main_00005":{"width":111,"height":111},"EF/EF_particle/main_00006":{"width":111,"height":111},"EF/EF_particle/main_00007":{"width":111,"height":111}},"EF_power1_1":{"EF/EF_power/630_S2_power1_00008":{"width":250,"height":250},"EF/EF_power/630_S2_power1_00009":{"width":250,"height":250},"EF/EF_power/630_S2_power1_00010":{"width":250,"height":250},"EF/EF_power/630_S2_power1_00011":{"width":250,"height":250},"EF/EF_power/630_S2_power1_00012":{"width":250,"height":250},"EF/EF_power/630_S2_power1_00013":{"width":250,"height":250},"EF/EF_power/630_S2_power1_00014":{"width":250,"height":250},"EF/EF_power/630_S2_power1_00015":{"width":250,"height":250},"EF/EF_power/630_S2_power1_00016":{"width":250,"height":250},"EF/EF_power/630_S2_power1_00017":{"width":250,"height":250},"EF/EF_power/630_S2_power1_00018":{"width":250,"height":250},"EF/EF_power/630_S2_power1_00019":{"width":250,"height":250},"EF/EF_power/630_S2_power1_00020":{"width":250,"height":250},"EF/EF_power/630_S2_power1_00021":{"width":250,"height":250}},"EF_rot_wave1_1":{"EF/EF_rot_wave/ef_rot_wave_main_00001":{"y":8.51,"width":200,"height":100},"EF/EF_rot_wave/ef_rot_wave_main_00002":{"y":8.51,"width":200,"height":100},"EF/EF_rot_wave/ef_rot_wave_main_00003":{"y":8.51,"width":200,"height":100},"EF/EF_rot_wave/ef_rot_wave_main_00004":{"y":8.51,"width":200,"height":100},"EF/EF_rot_wave/ef_rot_wave_main_00005":{"y":8.51,"width":200,"height":100},"EF/EF_rot_wave/ef_rot_wave_main_00006":{"y":8.51,"width":200,"height":100},"EF/EF_rot_wave/ef_rot_wave_main_00007":{"y":8.51,"width":200,"height":100},"EF/EF_rot_wave/ef_rot_wave_main_00008":{"y":8.51,"width":200,"height":100},"EF/EF_rot_wave/ef_rot_wave_main_00009":{"y":8.51,"width":200,"height":100},"EF/EF_rot_wave/ef_rot_wave_main_00010":{"y":8.51,"width":200,"height":100},"EF/EF_rot_wave/ef_rot_wave_main_00011":{"y":8.51,"width":200,"height":100},"EF/EF_rot_wave/ef_rot_wave_main_00012":{"y":8.51,"width":200,"height":100},"EF/EF_rot_wave/ef_rot_wave_main_00013":{"y":8.51,"width":200,"height":100},"EF/EF_rot_wave/ef_rot_wave_main_00014":{"y":8.51,"width":200,"height":100},"EF/EF_rot_wave/ef_rot_wave_main_00015":{"y":8.51,"width":200,"height":100}},"EF_shine1_1":{"EF/130_S1_shine3/130_S1_shine3_00039":{"x":-2.92,"y":-7.73,"width":245,"height":245},"EF/130_S1_shine3/130_S1_shine3_00040":{"x":-2.92,"y":-7.73,"width":245,"height":245},"EF/130_S1_shine3/130_S1_shine3_00041":{"x":-2.92,"y":-7.73,"width":245,"height":245},"EF/130_S1_shine3/130_S1_shine3_00042":{"x":-2.92,"y":-7.73,"width":245,"height":245},"EF/130_S1_shine3/130_S1_shine3_00043":{"x":-2.92,"y":-7.73,"width":245,"height":245},"EF/130_S1_shine3/130_S1_shine3_00044":{"x":-2.92,"y":-7.73,"width":245,"height":245},"EF/130_S1_shine3/130_S1_shine3_00045":{"x":-2.92,"y":-7.73,"width":245,"height":245},"EF/130_S1_shine3/130_S1_shine3_00046":{"x":-2.92,"y":-7.73,"width":245,"height":245},"EF/130_S1_shine3/130_S1_shine3_00047":{"x":-2.92,"y":-7.73,"width":245,"height":245},"EF/130_S1_shine3/130_S1_shine3_00048":{"x":-2.92,"y":-7.73,"width":245,"height":245},"EF/130_S1_shine3/130_S1_shine3_00049":{"x":-2.92,"y":-7.73,"width":245,"height":245}},"EF_shine1_2":{"EF/130_S1_shine3/130_S1_shine3_00039":{"x":-2.92,"y":-7.73,"width":245,"height":245},"EF/130_S1_shine3/130_S1_shine3_00040":{"x":-2.92,"y":-7.73,"width":245,"height":245},"EF/130_S1_shine3/130_S1_shine3_00041":{"x":-2.92,"y":-7.73,"width":245,"height":245},"EF/130_S1_shine3/130_S1_shine3_00042":{"x":-2.92,"y":-7.73,"width":245,"height":245},"EF/130_S1_shine3/130_S1_shine3_00043":{"x":-2.92,"y":-7.73,"width":245,"height":245},"EF/130_S1_shine3/130_S1_shine3_00044":{"x":-2.92,"y":-7.73,"width":245,"height":245},"EF/130_S1_shine3/130_S1_shine3_00045":{"x":-2.92,"y":-7.73,"width":245,"height":245},"EF/130_S1_shine3/130_S1_shine3_00046":{"x":-2.92,"y":-7.73,"width":245,"height":245},"EF/130_S1_shine3/130_S1_shine3_00047":{"x":-2.92,"y":-7.73,"width":245,"height":245},"EF/130_S1_shine3/130_S1_shine3_00048":{"x":-2.92,"y":-7.73,"width":245,"height":245},"EF/130_S1_shine3/130_S1_shine3_00049":{"x":-2.92,"y":-7.73,"width":245,"height":245}},"EF_slash1_1":{"EF/ef_slash_A_main/ef_slash_A_main_00001":{"width":200,"height":200},"EF/ef_slash_A_main/ef_slash_A_main_00002":{"width":200,"height":200},"EF/ef_slash_A_main/ef_slash_A_main_00003":{"width":200,"height":200},"EF/ef_slash_A_main/ef_slash_A_main_00004":{"width":200,"height":200},"EF/ef_slash_A_main/ef_slash_A_main_00005":{"width":200,"height":200},"EF/ef_slash_A_main/ef_slash_A_main_00006":{"width":200,"height":200},"EF/ef_slash_A_main/ef_slash_A_main_00007":{"width":200,"height":200},"EF/ef_slash_A_main/ef_slash_A_main_00008":{"width":200,"height":200}},"MAIN":{"attack_00":{"x":11.4,"y":8.65,"scaleX":2,"scaleY":2,"width":280,"height":253},"attack_01":{"x":11.4,"y":8.65,"scaleX":2,"scaleY":2,"width":280,"height":253},"attack_02":{"x":11.4,"y":8.65,"scaleX":2,"scaleY":2,"width":280,"height":253},"attack_03":{"x":11.4,"y":8.65,"scaleX":2,"scaleY":2,"width":280,"height":253},"attack_04":{"x":11.4,"y":8.65,"scaleX":2,"scaleY":2,"width":280,"height":253},"attack_05":{"x":11.4,"y":8.65,"scaleX":2,"scaleY":2,"width":280,"height":253},"attack_06":{"x":11.4,"y":8.65,"scaleX":2,"scaleY":2,"width":280,"height":253},"back_00":{"x":11.4,"y":8.65,"scaleX":2,"scaleY":2,"width":280,"height":253},"damage_00":{"x":11.4,"y":8.65,"scaleX":2,"scaleY":2,"width":280,"height":253},"front_00":{"x":11.4,"y":8.65,"scaleX":2,"scaleY":2,"width":280,"height":253},"idle_00":{"x":11.4,"y":8.65,"scaleX":2,"scaleY":2,"width":280,"height":253},"idle_01":{"x":11.4,"y":8.65,"scaleX":2,"scaleY":2,"width":280,"height":253},"idle_02":{"x":11.4,"y":8.65,"scaleX":2,"scaleY":2,"width":280,"height":253},"idle_03":{"x":11.4,"y":8.65,"scaleX":2,"scaleY":2,"width":280,"height":253},"kneel_00":{"x":11.4,"y":-8.71,"scaleX":2,"scaleY":2,"width":280,"height":253},"skill1_00":{"x":11.4,"y":8.65,"scaleX":2,"scaleY":2,"width":280,"height":253},"skill1_01":{"x":11.4,"y":8.65,"scaleX":2,"scaleY":2,"width":280,"height":253},"skill1_02":{"x":11.4,"y":8.65,"scaleX":2,"scaleY":2,"width":280,"height":253},"skill1_03":{"x":11.4,"y":8.65,"scaleX":2,"scaleY":2,"width":280,"height":253},"skill1_04":{"x":11.4,"y":8.65,"scaleX":2,"scaleY":2,"width":280,"height":253},"skill1_05":{"x":11.4,"y":8.65,"scaleX":2,"scaleY":2,"width":280,"height":253},"skill1_06":{"x":11.4,"y":8.65,"scaleX":2,"scaleY":2,"width":280,"height":253},"skill2_00":{"x":11.4,"y":8.65,"scaleX":2,"scaleY":2,"width":280,"height":253},"skill2_01":{"x":11.4,"y":8.65,"scaleX":2,"scaleY":2,"width":280,"height":253},"skill2_02":{"x":11.4,"y":8.65,"scaleX":2,"scaleY":2,"width":280,"height":253},"skill2_03":{"x":11.4,"y":8.65,"scaleX":2,"scaleY":2,"width":280,"height":253},"skill2_04":{"x":11.4,"y":8.65,"scaleX":2,"scaleY":2,"width":280,"height":253}}}},"events":{"Event":{},"Hit":{},"Sound1":{},"Sound2":{},"Sound3":{},"Voice":{}},"animations":{"attack1":{"slots":{"DAMAGEAREA":{"attachment":[{"time":0.1333,"name":"DAMAGEAREA"},{"time":0.2,"name":null},{"time":0.3,"name":"DAMAGEAREA"},{"time":0.3666,"name":null},{"time":0.6,"name":"DAMAGEAREA"},{"time":0.6666,"name":null}]},"EF/EF_slash_DOT/10000-combo_16_ef2_1B":{"attachment":[{"time":0.1333,"name":"EF/EF_slash_DOT/10000-combo_16_ef2_1B"},{"time":0.1666,"name":null},{"time":0.6,"name":"EF/EF_slash_DOT/10000-combo_16_ef2_1B"},{"time":0.6333,"name":null}]},"EF/EF_slash_DOT/10000-combo_16_ef2_1F":{"attachment":[{"time":0.1333,"name":"EF/EF_slash_DOT/10000-combo_16_ef2_1F"},{"time":0.1666,"name":null},{"time":0.6,"name":"EF/EF_slash_DOT/10000-combo_16_ef2_1F"},{"time":0.6333,"name":null}]},"EF/EF_slash_DOT/EF2":{"attachment":[{"time":0.3,"name":"EF/EF_slash_DOT/EF2"},{"time":0.3333,"name":null}]},"MAIN":{"attachment":[{"time":0,"name":"attack_00"},{"time":0.1333,"name":"attack_02"},{"time":0.2333,"name":"attack_03"},{"time":0.3,"name":"attack_04"},{"time":0.4666,"name":"attack_05"},{"time":0.6,"name":"attack_06"},{"time":0.9333,"name":"skill1_06"},{"time":1,"name":"idle_00"},{"time":1.0666,"name":"attack_06"}]}},"bones":{"MAIN":{"translate":[{"time":0,"x":0,"y":0,"curve":[0.119,0.86,0.75,1]},{"time":0.2,"x":-87.99,"y":0,"curve":"stepped"},{"time":0.2333,"x":-78.97,"y":0,"curve":"stepped"},{"time":0.3,"x":-117.59,"y":0,"curve":[0.137,0.76,0.75,1]},{"time":0.4,"x":-122.69,"y":0,"curve":"stepped"},{"time":0.6,"x":-37.95,"y":0,"curve":[0.128,0.98,0.443,1]},{"time":1.0666,"x":0,"y":0}]},"DAMAGEAREA":{"translate":[{"time":0.1333,"x":-113.3,"y":64.6,"curve":"stepped"},{"time":0.3,"x":-183.9,"y":64.6}],"scale":[{"time":0.1333,"x":2.37,"y":1}]},"EF_dot":{"translate":[{"time":0.1333,"x":-91.9,"y":-11.48,"curve":"stepped"},{"time":0.3,"x":-198.62,"y":78.35,"curve":"stepped"},{"time":0.6,"x":-136.28,"y":12.3}],"scale":[{"time":0.1333,"x":2.598,"y":-1.473,"curve":"stepped"},{"time":0.3,"x":3.95,"y":3.881,"curve":"stepped"},{"time":0.6,"x":3.06,"y":-2.474}]}},"drawOrder":[{"time":0.1333,"offsets":[{"slot":"EF/EF_slash_DOT/10000-combo_16_ef2_1F","offset":-10}]}],"events":[{"time":0,"name":"Event","float":0.1,"string":"kHitStopType_normal"},{"time":0.1,"name":"Sound1","string":"cri_se_battle_sword_swish_heavy"},{"time":0.1,"name":"Voice","string":"cri_168_voice_attack_random"},{"time":0.1333,"name":"Sound2","string":"setHitSound(se_battle_thrustviolently)"},{"time":0.2666,"name":"Sound1","string":"cri_se_battle_sword_swish_heavy"},{"time":0.3,"name":"Hit","string":"resetHitList"},{"time":0.5666,"name":"Sound1","string":"cri_se_battle_sword_swish_heavy"},{"time":0.6,"name":"Hit","string":"resetHitList"},{"time":0.6,"name":"Voice","string":"cri_168_voice_attack_c"}]},"back":{"slots":{"MAIN":{"attachment":[{"time":0,"name":"back_00"},{"time":0.2333,"name":"idle_00"},{"time":0.3333,"name":"idle_03"}]}},"bones":{"MAIN":{"translate":[{"time":0,"x":0,"y":0},{"time":0.2333,"x":120.81,"y":-4.08},{"time":0.3333,"x":137.05,"y":-5.1,"curve":[0.328,0.8,0.772,1]},{"time":0.5333,"x":140,"y":0}]}}},"cast":{"slots":{"MAIN":{"attachment":[{"time":0,"name":"skill1_02"},{"time":0.4,"name":"skill2_02"},{"time":0.5,"name":"skill2_03"},{"time":0.5333,"name":"skill2_04"},{"time":1,"name":"skill1_00"}]}},"drawOrder":[{"time":0.1333}]},"damage":{"slots":{"MAIN":{"attachment":[{"time":0,"name":"damage_00"}]}},"bones":{"MAIN":{"translate":[{"time":0,"x":0,"y":0}]}}},"front":{"slots":{"MAIN":{"attachment":[{"time":0,"name":"skill1_01"}]}},"bones":{"MAIN":{"translate":[{"time":0,"x":0,"y":0}]}}},"idle":{"slots":{"MAIN":{"attachment":[{"time":0,"name":"idle_00"},{"time":0.2666,"name":"idle_01"},{"time":0.5,"name":"idle_02"},{"time":0.7666,"name":"idle_03"},{"time":1,"name":"idle_00"}]}}},"kneel":{"slots":{"MAIN":{"attachment":[{"time":0,"name":"kneel_00"}]}}},"skill1":{"slots":{"DAMAGEAREA":{"attachment":[{"time":1.4333,"name":"DAMAGEAREA"},{"time":1.5,"name":null}]},"EF_aura":{"attachment":[{"time":0,"name":"EF/EF_aura/430_S2_power1_00003"},{"time":0.0666,"name":"EF/EF_aura/430_S2_power1_00004"},{"time":0.1333,"name":"EF/EF_aura/430_S2_power1_00005"},{"time":0.2,"name":"EF/EF_aura/430_S2_power1_00007"},{"time":0.2666,"name":"EF/EF_aura/430_S2_power1_00008"},{"time":0.3333,"name":"EF/EF_aura/430_S2_power1_00010"},{"time":0.4,"name":"EF/EF_aura/430_S2_power1_00013"},{"time":0.4666,"name":"EF/EF_aura/430_S2_power1_00014"},{"time":0.5333,"name":"EF/EF_aura/430_S2_power1_00015"},{"time":0.6,"name":"EF/EF_aura/430_S2_power1_00003"},{"time":0.6333,"name":"EF/EF_aura/430_S2_power1_00004"},{"time":0.6666,"name":"EF/EF_aura/430_S2_power1_00005"},{"time":0.7,"name":"EF/EF_aura/430_S2_power1_00007"},{"time":0.7333,"name":"EF/EF_aura/430_S2_power1_00008"},{"time":0.7666,"name":"EF/EF_aura/430_S2_power1_00010"},{"time":0.8,"name":"EF/EF_aura/430_S2_power1_00013"},{"time":1.2333,"name":"EF/EF_aura/430_S2_power1_00014"},{"time":1.2666,"name":"EF/EF_aura/430_S2_power1_00015"},{"time":1.3,"name":"EF/EF_aura/430_S2_power1_00003"},{"time":1.3333,"name":"EF/EF_aura/430_S2_power1_00004"},{"time":1.3666,"name":null}],"color":[{"time":0,"color":"ffffff00"},{"time":0.6666,"color":"ffffffff"},{"time":0.8,"color":"ffffff00","curve":"stepped"},{"time":1.1666,"color":"ffffff00"},{"time":1.3,"color":"ffffffff"},{"time":1.3666,"color":"ffffff00"}]},"EF_dash1_1":{"attachment":[{"time":0.6666,"name":"EF/ef_dash_main/ef_dash_main_00002"},{"time":0.7,"name":"EF/ef_dash_main/ef_dash_main_00004"},{"time":0.7333,"name":"EF/ef_dash_main/ef_dash_main_00006"},{"time":0.7666,"name":"EF/ef_dash_main/ef_dash_main_00008"},{"time":0.8333,"name":"EF/ef_dash_main/ef_dash_main_00010"},{"time":0.9,"name":null},{"time":1.3333,"name":"EF/ef_dash_main/ef_dash_main_00002"},{"time":1.3666,"name":"EF/ef_dash_main/ef_dash_main_00004"},{"time":1.4,"name":"EF/ef_dash_main/ef_dash_main_00006"},{"time":1.4333,"name":"EF/ef_dash_main/ef_dash_main_00008"},{"time":1.5,"name":"EF/ef_dash_main/ef_dash_main_00010"},{"time":1.5666,"name":null}],"color":[{"time":0.6666,"color":"ffffffff","curve":"stepped"},{"time":0.7666,"color":"ffffffff"},{"time":0.9,"color":"ffffff00","curve":"stepped"},{"time":1.3333,"color":"ffffffff","curve":"stepped"},{"time":1.4333,"color":"ffffffff"},{"time":1.5666,"color":"ffffff00"}]},"EF_groundwave1_1":{"attachment":[{"time":0.6333,"name":"EF/EF_groundwave/ef_graund_wave_main_00003"},{"time":0.6666,"name":"EF/EF_groundwave/ef_graund_wave_main_00004"},{"time":0.7,"name":"EF/EF_groundwave/ef_graund_wave_main_00005"},{"time":0.7333,"name":"EF/EF_groundwave/ef_graund_wave_main_00006"},{"time":0.7666,"name":"EF/EF_groundwave/ef_graund_wave_main_00007"},{"time":0.8,"name":"EF/EF_groundwave/ef_graund_wave_main_00008"},{"time":0.8333,"name":"EF/EF_groundwave/ef_graund_wave_main_00009"},{"time":0.8666,"name":"EF/EF_groundwave/ef_graund_wave_main_00010"},{"time":0.9,"name":"EF/EF_groundwave/ef_graund_wave_main_00011"},{"time":0.9333,"name":"EF/EF_groundwave/ef_graund_wave_main_00012"},{"time":0.9666,"name":null},{"time":1.2333,"name":"EF/EF_groundwave/ef_graund_wave_main_00003"},{"time":1.2666,"name":"EF/EF_groundwave/ef_graund_wave_main_00004"},{"time":1.3,"name":"EF/EF_groundwave/ef_graund_wave_main_00005"},{"time":1.3333,"name":"EF/EF_groundwave/ef_graund_wave_main_00006"},{"time":1.3666,"name":"EF/EF_groundwave/ef_graund_wave_main_00007"},{"time":1.4,"name":"EF/EF_groundwave/ef_graund_wave_main_00008"},{"time":1.4333,"name":"EF/EF_groundwave/ef_graund_wave_main_00009"},{"time":1.4666,"name":"EF/EF_groundwave/ef_graund_wave_main_00010"},{"time":1.5,"name":"EF/EF_groundwave/ef_graund_wave_main_00011"},{"time":1.5333,"name":"EF/EF_groundwave/ef_graund_wave_main_00012"},{"time":1.5666,"name":null}]},"EF_groundwave1_2":{"attachment":[{"time":1.3333,"name":"EF/EF_groundwave/ef_graund_wave_main_00003"},{"time":1.3666,"name":"EF/EF_groundwave/ef_graund_wave_main_00004"},{"time":1.4,"name":"EF/EF_groundwave/ef_graund_wave_main_00005"},{"time":1.4333,"name":"EF/EF_groundwave/ef_graund_wave_main_00006"},{"time":1.4666,"name":"EF/EF_groundwave/ef_graund_wave_main_00007"},{"time":1.5,"name":"EF/EF_groundwave/ef_graund_wave_main_00008"},{"time":1.5333,"name":"EF/EF_groundwave/ef_graund_wave_main_00009"},{"time":1.5666,"name":"EF/EF_groundwave/ef_graund_wave_main_00010"},{"time":1.6,"name":"EF/EF_groundwave/ef_graund_wave_main_00011"},{"time":1.6333,"name":"EF/EF_groundwave/ef_graund_wave_main_00012"},{"time":1.6666,"name":null}]},"EF_groundwave1_3":{"attachment":[{"time":1.4333,"name":"EF/EF_groundwave/ef_graund_wave_main_00003"},{"time":1.4666,"name":"EF/EF_groundwave/ef_graund_wave_main_00004"},{"time":1.5,"name":"EF/EF_groundwave/ef_graund_wave_main_00005"},{"time":1.5333,"name":"EF/EF_groundwave/ef_graund_wave_main_00006"},{"time":1.5666,"name":"EF/EF_groundwave/ef_graund_wave_main_00007"},{"time":1.6,"name":"EF/EF_groundwave/ef_graund_wave_main_00008"},{"time":1.6333,"name":"EF/EF_groundwave/ef_graund_wave_main_00009"},{"time":1.6666,"name":"EF/EF_groundwave/ef_graund_wave_main_00010"},{"time":1.7,"name":"EF/EF_groundwave/ef_graund_wave_main_00011"},{"time":1.7333,"name":"EF/EF_groundwave/ef_graund_wave_main_00012"},{"time":1.7666,"name":null}]},"EF_power1_1":{"attachment":[{"time":0,"name":"EF/EF_power/630_S2_power1_00008"},{"time":0.0333,"name":"EF/EF_power/630_S2_power1_00009"},{"time":0.0666,"name":"EF/EF_power/630_S2_power1_00010"},{"time":0.1,"name":"EF/EF_power/630_S2_power1_00011"},{"time":0.1333,"name":"EF/EF_power/630_S2_power1_00012"},{"time":0.1666,"name":"EF/EF_power/630_S2_power1_00013"},{"time":0.2,"name":"EF/EF_power/630_S2_power1_00014"},{"time":0.2333,"name":"EF/EF_power/630_S2_power1_00015"},{"time":0.2666,"name":"EF/EF_power/630_S2_power1_00016"},{"time":0.3,"name":"EF/EF_power/630_S2_power1_00017"},{"time":0.3333,"name":"EF/EF_power/630_S2_power1_00018"},{"time":0.3666,"name":"EF/EF_power/630_S2_power1_00019"},{"time":0.4,"name":"EF/EF_power/630_S2_power1_00020"},{"time":0.4333,"name":"EF/EF_power/630_S2_power1_00021"},{"time":0.4666,"name":null}]},"EF_rot_wave1_1":{"attachment":[{"time":0,"name":"EF/EF_rot_wave/ef_rot_wave_main_00001"},{"time":0.0333,"name":"EF/EF_rot_wave/ef_rot_wave_main_00002"},{"time":0.0666,"name":"EF/EF_rot_wave/ef_rot_wave_main_00003"},{"time":0.1,"name":"EF/EF_rot_wave/ef_rot_wave_main_00004"},{"time":0.1333,"name":"EF/EF_rot_wave/ef_rot_wave_main_00005"},{"time":0.1666,"name":"EF/EF_rot_wave/ef_rot_wave_main_00006"},{"time":0.2,"name":"EF/EF_rot_wave/ef_rot_wave_main_00007"},{"time":0.2333,"name":"EF/EF_rot_wave/ef_rot_wave_main_00008"},{"time":0.2666,"name":"EF/EF_rot_wave/ef_rot_wave_main_00009"},{"time":0.3,"name":"EF/EF_rot_wave/ef_rot_wave_main_00010"},{"time":0.3333,"name":"EF/EF_rot_wave/ef_rot_wave_main_00011"},{"time":0.3666,"name":"EF/EF_rot_wave/ef_rot_wave_main_00012"},{"time":0.4,"name":"EF/EF_rot_wave/ef_rot_wave_main_00013"},{"time":0.4333,"name":"EF/EF_rot_wave/ef_rot_wave_main_00014"},{"time":0.4666,"name":"EF/EF_rot_wave/ef_rot_wave_main_00015"},{"time":0.5,"name":null}]},"EF_slash1_1":{"attachment":[{"time":1.3333,"name":"EF/ef_slash_A_main/ef_slash_A_main_00001"},{"time":1.3666,"name":"EF/ef_slash_A_main/ef_slash_A_main_00002"},{"time":1.4,"name":"EF/ef_slash_A_main/ef_slash_A_main_00003"},{"time":1.4333,"name":"EF/ef_slash_A_main/ef_slash_A_main_00004"},{"time":1.4666,"name":"EF/ef_slash_A_main/ef_slash_A_main_00005"},{"time":1.5,"name":"EF/ef_slash_A_main/ef_slash_A_main_00006"},{"time":1.5333,"name":"EF/ef_slash_A_main/ef_slash_A_main_00007"},{"time":1.5666,"name":"EF/ef_slash_A_main/ef_slash_A_main_00008"},{"time":1.6,"name":null}]},"MAIN":{"attachment":[{"time":0,"name":"skill1_00"},{"time":0.6666,"name":"skill1_01"},{"time":1.1666,"name":"skill1_01"},{"time":1.2333,"name":"skill1_02"},{"time":1.3,"name":"attack_02"},{"time":1.3333,"name":"skill1_03"},{"time":1.4,"name":"skill1_04"},{"time":1.6,"name":"attack_05"},{"time":1.6666,"name":"skill1_05"},{"time":1.8666,"name":"skill1_06"},{"time":2,"name":"idle_00"}],"color":[{"time":0.6666,"color":"ffffffff"},{"time":0.8,"color":"ffffff00","curve":"stepped"},{"time":1.1666,"color":"ffffff00","curve":[0.25,0,0.784,0.44]},{"time":1.2666,"color":"ffffffff"}]}},"bones":{"MAIN":{"translate":[{"time":0,"x":0,"y":0,"curve":"stepped"},{"time":0.6666,"x":-52.96,"y":-20.52,"curve":[0.202,0.98,0.75,1]},{"time":0.7666,"x":-115.49,"y":-20.52,"curve":"stepped"},{"time":1.1666,"x":64.41,"y":-11.17,"curve":[0.194,0.45,0.562,0.77]},{"time":1.3,"x":-0.53,"y":-7.15,"curve":[0.322,0.37,0.656,0.7]},{"time":1.3333,"x":-62.88,"y":-6.71,"curve":[0.355,0.84,0.769,1]},{"time":1.5666,"x":-66.05,"y":-6.71,"curve":"stepped"},{"time":1.6666,"x":-84.73,"y":0.04,"curve":[0.15,0.91,0.75,1]},{"time":2,"x":0,"y":0}],"scale":[{"time":0,"x":1,"y":1,"curve":"stepped"},{"time":1.6,"x":-1,"y":1,"curve":"stepped"},{"time":1.6666,"x":1,"y":1}]},"DAMAGEAREA":{"translate":[{"time":1.4333,"x":-118.7,"y":98.91}],"scale":[{"time":1.4333,"x":3.26,"y":1.44}]},"EF_aura":{"rotate":[{"time":0.6666,"angle":-88.38,"curve":"stepped"},{"time":1.2,"angle":-88.38,"curve":"stepped"},{"time":1.2333,"angle":-92.54,"curve":"stepped"},{"time":1.3,"angle":-108.26,"curve":"stepped"},{"time":1.3333,"angle":18.88}],"translate":[{"time":0,"x":-148.67,"y":61.35,"curve":"stepped"},{"time":0.6666,"x":-126.25,"y":-23.6,"curve":[0.294,0.71,0.75,1]},{"time":0.7333,"x":-185.25,"y":-29.49,"curve":"stepped"},{"time":1.2,"x":-27.13,"y":-18.87},{"time":1.2333,"x":-37.75,"y":-73.15},{"time":1.2666,"x":-50.73,"y":-71.97},{"time":1.3,"x":-23.59,"y":-77.87,"curve":"stepped"},{"time":1.3333,"x":-240.52,"y":96.79}],"scale":[{"time":0,"x":1.07,"y":2.536}]},"EF_power1_1":{"translate":[{"time":0,"x":-97.93,"y":116.51}],"scale":[{"time":0,"x":2.5,"y":2.5}]},"EF_rot_wave1_1":{"translate":[{"time":0,"x":-150,"y":0}],"scale":[{"time":0,"x":3,"y":3}]},"EF_groundwave1_1":{"translate":[{"time":0.6333,"x":-100,"y":0}],"scale":[{"time":0.6333,"x":2,"y":2}]},"EF_dash1_1":{"translate":[{"time":0.6666,"x":-167.93,"y":0,"curve":"stepped"},{"time":1.3333,"x":-173.85,"y":0}],"scale":[{"time":0.6666,"x":2,"y":2,"curve":"stepped"},{"time":1.3333,"x":2,"y":2}]},"EF_groundwave1_2":{"translate":[{"time":1.3333,"x":-147.27,"y":0}],"scale":[{"time":1.3333,"x":2,"y":2}]},"EF_groundwave1_3":{"translate":[{"time":1.4333,"x":-183.34,"y":0}],"scale":[{"time":1.4333,"x":2,"y":2}]},"EF_slash1_1":{"translate":[{"time":1.3333,"x":-280.57,"y":28.79}],"scale":[{"time":1.3333,"x":2.7,"y":2.7}]}},"events":[{"time":0,"name":"Event","float":0.2,"string":"kHitStopType_normal"},{"time":0,"name":"Sound1","string":"cri_se_battle_charge"},{"time":0,"name":"Sound2","string":"cri_se_battle_040_weapon_swing"},{"time":0,"name":"Sound3","string":"cri_se_battle_arrow_light_effect"},{"time":0.0333,"name":"Event","string":"kImpactType_up"},{"time":0.6666,"name":"Sound1","string":"cri_se_battle_teleport"},{"time":1.1666,"name":"Event","int":250,"string":"setPosition_Target"},{"time":1.2,"name":"Sound1","string":"cri_se_battle_skill_swish"},{"time":1.2,"name":"Voice","string":"cri_168_voice_skill_all"},{"time":1.3666,"name":"Sound1","string":"cri_se_battle_monster_hit"},{"time":1.3666,"name":"Sound2","string":"cri_se_battle_033_explosion_element_01"},{"time":1.3666,"name":"Sound3","string":"setHitSound(se_battle_explosion_short)"},{"time":1.4,"name":"Event","float":2,"string":"shakeGround"}]},"skill2":{"slots":{"EF_groundwave1_1":{"attachment":[{"time":0,"name":"EF/EF_groundwave/ef_graund_wave_main_00011"},{"time":0.4666,"name":"EF/EF_groundwave/ef_graund_wave_main_00003"},{"time":0.5,"name":"EF/EF_groundwave/ef_graund_wave_main_00004"},{"time":0.5333,"name":"EF/EF_groundwave/ef_graund_wave_main_00005"},{"time":0.5666,"name":"EF/EF_groundwave/ef_graund_wave_main_00006"},{"time":0.6,"name":"EF/EF_groundwave/ef_graund_wave_main_00007"},{"time":0.6333,"name":"EF/EF_groundwave/ef_graund_wave_main_00008"},{"time":0.6666,"name":"EF/EF_groundwave/ef_graund_wave_main_00009"},{"time":0.7,"name":"EF/EF_groundwave/ef_graund_wave_main_00010"},{"time":0.7333,"name":"EF/EF_groundwave/ef_graund_wave_main_00011"},{"time":0.7666,"name":"EF/EF_groundwave/ef_graund_wave_main_00012"},{"time":0.8,"name":null},{"time":0.9666,"name":"EF/EF_groundwave/ef_graund_wave_main_00003"},{"time":1,"name":"EF/EF_groundwave/ef_graund_wave_main_00004"},{"time":1.0333,"name":"EF/EF_groundwave/ef_graund_wave_main_00005"},{"time":1.0666,"name":"EF/EF_groundwave/ef_graund_wave_main_00006"},{"time":1.1,"name":"EF/EF_groundwave/ef_graund_wave_main_00007"},{"time":1.1333,"name":"EF/EF_groundwave/ef_graund_wave_main_00008"},{"time":1.1666,"name":"EF/EF_groundwave/ef_graund_wave_main_00009"},{"time":1.2,"name":"EF/EF_groundwave/ef_graund_wave_main_00010"},{"time":1.2333,"name":"EF/EF_groundwave/ef_graund_wave_main_00011"},{"time":1.2666,"name":"EF/EF_groundwave/ef_graund_wave_main_00012"},{"time":1.3,"name":null},{"time":1.9333,"name":"EF/EF_groundwave/ef_graund_wave_main_00003"},{"time":1.9666,"name":"EF/EF_groundwave/ef_graund_wave_main_00004"},{"time":2,"name":"EF/EF_groundwave/ef_graund_wave_main_00005"},{"time":2.0333,"name":"EF/EF_groundwave/ef_graund_wave_main_00006"},{"time":2.0666,"name":"EF/EF_groundwave/ef_graund_wave_main_00007"},{"time":2.1,"name":"EF/EF_groundwave/ef_graund_wave_main_00008"},{"time":2.1333,"name":"EF/EF_groundwave/ef_graund_wave_main_00009"},{"time":2.1666,"name":"EF/EF_groundwave/ef_graund_wave_main_00010"},{"time":2.2,"name":"EF/EF_groundwave/ef_graund_wave_main_00011"},{"time":2.2333,"name":"EF/EF_groundwave/ef_graund_wave_main_00012"},{"time":2.2666,"name":null}]},"EF_groundwave1_2":{"attachment":[{"time":2.0333,"name":"EF/EF_groundwave/ef_graund_wave_main_00003"},{"time":2.0666,"name":"EF/EF_groundwave/ef_graund_wave_main_00004"},{"time":2.1,"name":"EF/EF_groundwave/ef_graund_wave_main_00005"},{"time":2.1333,"name":"EF/EF_groundwave/ef_graund_wave_main_00006"},{"time":2.1666,"name":"EF/EF_groundwave/ef_graund_wave_main_00007"},{"time":2.2,"name":"EF/EF_groundwave/ef_graund_wave_main_00008"},{"time":2.2333,"name":"EF/EF_groundwave/ef_graund_wave_main_00009"},{"time":2.2666,"name":"EF/EF_groundwave/ef_graund_wave_main_00010"},{"time":2.3,"name":"EF/EF_groundwave/ef_graund_wave_main_00011"},{"time":2.3333,"name":"EF/EF_groundwave/ef_graund_wave_main_00012"},{"time":2.3666,"name":null}]},"EF_groundwave1_3":{"attachment":[{"time":2.1333,"name":"EF/EF_groundwave/ef_graund_wave_main_00003"},{"time":2.1666,"name":"EF/EF_groundwave/ef_graund_wave_main_00004"},{"time":2.2,"name":"EF/EF_groundwave/ef_graund_wave_main_00005"},{"time":2.2333,"name":"EF/EF_groundwave/ef_graund_wave_main_00006"},{"time":2.2666,"name":"EF/EF_groundwave/ef_graund_wave_main_00007"},{"time":2.3,"name":"EF/EF_groundwave/ef_graund_wave_main_00008"},{"time":2.3333,"name":"EF/EF_groundwave/ef_graund_wave_main_00009"},{"time":2.3666,"name":"EF/EF_groundwave/ef_graund_wave_main_00010"},{"time":2.4,"name":"EF/EF_groundwave/ef_graund_wave_main_00011"},{"time":2.4333,"name":"EF/EF_groundwave/ef_graund_wave_main_00012"},{"time":2.4666,"name":null}]},"EF_magic1":{"attachment":[{"time":0,"name":"EF/5100_S2_magic1d"}],"color":[{"time":0,"color":"ffffff00"},{"time":0.2333,"color":"ffffffff","curve":"stepped"},{"time":0.4666,"color":"ffffffff","curve":[0.112,0.72,0.52,0.96]},{"time":0.7333,"color":"ffffff00","curve":"stepped"},{"time":0.9333,"color":"ffffffff","curve":[0.112,0.72,0.52,0.96]},{"time":1.2,"color":"ffffff00","curve":"stepped"},{"time":1.9333,"color":"ffffffff","curve":[0.112,0.72,0.52,0.96]},{"time":2.2,"color":"ffffff00"}]},"EF_magic2":{"attachment":[{"time":0,"name":"EF/magic_4light"}],"color":[{"time":0,"color":"ffffff00"},{"time":0.2333,"color":"ffffffff","curve":"stepped"},{"time":0.4666,"color":"ffffffff","curve":[0.112,0.72,0.52,0.96]},{"time":0.7333,"color":"ffffff00","curve":"stepped"},{"time":0.9333,"color":"ffffffff","curve":[0.112,0.72,0.52,0.96]},{"time":1.2,"color":"ffffff00","curve":"stepped"},{"time":1.9333,"color":"ffffffff","curve":[0.112,0.72,0.52,0.96]},{"time":2.2,"color":"ffffff00"}]},"EF_power1_1":{"attachment":[{"time":0,"name":null},{"time":0.0333,"name":"EF/EF_power/630_S2_power1_00009"},{"time":0.0666,"name":"EF/EF_power/630_S2_power1_00010"},{"time":0.1,"name":"EF/EF_power/630_S2_power1_00011"},{"time":0.1333,"name":"EF/EF_power/630_S2_power1_00012"},{"time":0.1666,"name":"EF/EF_power/630_S2_power1_00013"},{"time":0.2,"name":"EF/EF_power/630_S2_power1_00014"},{"time":0.2333,"name":"EF/EF_power/630_S2_power1_00015"},{"time":0.2666,"name":"EF/EF_power/630_S2_power1_00016"},{"time":0.3,"name":"EF/EF_power/630_S2_power1_00017"},{"time":0.3333,"name":"EF/EF_power/630_S2_power1_00018"},{"time":0.3666,"name":"EF/EF_power/630_S2_power1_00019"},{"time":0.4,"name":"EF/EF_power/630_S2_power1_00020"},{"time":0.4333,"name":"EF/EF_power/630_S2_power1_00021"},{"time":0.4666,"name":null}]},"EF_rot_wave1_1":{"attachment":[{"time":0,"name":null},{"time":0.0333,"name":"EF/EF_rot_wave/ef_rot_wave_main_00002"},{"time":0.0666,"name":"EF/EF_rot_wave/ef_rot_wave_main_00003"},{"time":0.1,"name":"EF/EF_rot_wave/ef_rot_wave_main_00004"},{"time":0.1333,"name":"EF/EF_rot_wave/ef_rot_wave_main_00005"},{"time":0.1666,"name":"EF/EF_rot_wave/ef_rot_wave_main_00006"},{"time":0.2,"name":"EF/EF_rot_wave/ef_rot_wave_main_00007"},{"time":0.2333,"name":"EF/EF_rot_wave/ef_rot_wave_main_00008"},{"time":0.2666,"name":"EF/EF_rot_wave/ef_rot_wave_main_00009"},{"time":0.3,"name":"EF/EF_rot_wave/ef_rot_wave_main_00010"},{"time":0.3333,"name":"EF/EF_rot_wave/ef_rot_wave_main_00011"},{"time":0.3666,"name":"EF/EF_rot_wave/ef_rot_wave_main_00012"},{"time":0.4,"name":"EF/EF_rot_wave/ef_rot_wave_main_00013"},{"time":0.4333,"name":"EF/EF_rot_wave/ef_rot_wave_main_00014"},{"time":0.4666,"name":"EF/EF_rot_wave/ef_rot_wave_main_00015"},{"time":0.5,"name":null}]},"EF_shine1_1":{"attachment":[{"time":0,"name":null},{"time":0.0333,"name":"EF/130_S1_shine3/130_S1_shine3_00040"},{"time":0.0666,"name":"EF/130_S1_shine3/130_S1_shine3_00041"},{"time":0.1,"name":"EF/130_S1_shine3/130_S1_shine3_00042"},{"time":0.1333,"name":"EF/130_S1_shine3/130_S1_shine3_00043"},{"time":0.1666,"name":"EF/130_S1_shine3/130_S1_shine3_00044"},{"time":0.2,"name":"EF/130_S1_shine3/130_S1_shine3_00045"},{"time":0.2333,"name":"EF/130_S1_shine3/130_S1_shine3_00046"},{"time":0.2666,"name":"EF/130_S1_shine3/130_S1_shine3_00047"},{"time":0.3,"name":"EF/130_S1_shine3/130_S1_shine3_00048"},{"time":0.3333,"name":"EF/130_S1_shine3/130_S1_shine3_00049"},{"time":0.3666,"name":null}]},"EF_shine1_2":{"attachment":[{"time":0.0333,"name":"EF/130_S1_shine3/130_S1_shine3_00039"},{"time":0.0666,"name":"EF/130_S1_shine3/130_S1_shine3_00040"},{"time":0.1,"name":"EF/130_S1_shine3/130_S1_shine3_00041"},{"time":0.1333,"name":"EF/130_S1_shine3/130_S1_shine3_00042"},{"time":0.1666,"name":"EF/130_S1_shine3/130_S1_shine3_00043"},{"time":0.2,"name":"EF/130_S1_shine3/130_S1_shine3_00044"},{"time":0.2333,"name":"EF/130_S1_shine3/130_S1_shine3_00045"},{"time":0.2666,"name":"EF/130_S1_shine3/130_S1_shine3_00046"},{"time":0.3,"name":"EF/130_S1_shine3/130_S1_shine3_00047"},{"time":0.3333,"name":"EF/130_S1_shine3/130_S1_shine3_00048"},{"time":0.3666,"name":"EF/130_S1_shine3/130_S1_shine3_00049"},{"time":0.4,"name":null}]},"MAIN":{"attachment":[{"time":0,"name":"skill2_00"},{"time":0.4666,"name":"skill2_00"},{"time":0.9666,"name":"skill2_01"},{"time":1.6333,"name":"skill2_02"},{"time":1.9333,"name":"skill2_03"},{"time":2,"name":"skill2_04"},{"time":3,"name":"idle_00"}]}},"bones":{"MAIN":{"translate":[{"time":0,"x":0,"y":8.91,"curve":"stepped"},{"time":0.5333,"x":0,"y":8.91,"curve":"stepped"},{"time":0.9,"x":0,"y":8.91,"curve":[0.073,1,0.496,1]},{"time":1.2333,"x":-15.61,"y":-12.26,"curve":"stepped"},{"time":1.9333,"x":-42.36,"y":-12.26,"curve":[0.119,0.96,0.75,1]},{"time":2.1666,"x":-66.89,"y":-12.26}]},"EF_magic1":{"rotate":[{"time":0,"angle":0,"curve":"stepped"},{"time":0.4666,"angle":0,"curve":"stepped"},{"time":0.9333,"angle":0,"curve":"stepped"},{"time":1.9333,"angle":0}],"translate":[{"time":0,"x":-198.94,"y":33.73,"curve":"stepped"},{"time":1.9333,"x":-242.13,"y":33.73}],"scale":[{"time":0,"x":2.15,"y":2.15},{"time":0.4666,"x":1,"y":1,"curve":[0.112,0.72,0.52,0.96]},{"time":0.6666,"x":2.15,"y":2.15,"curve":"stepped"},{"time":0.9333,"x":1,"y":1,"curve":[0.112,0.72,0.52,0.96]},{"time":1.1333,"x":2.15,"y":2.15,"curve":"stepped"},{"time":1.9333,"x":1,"y":1,"curve":[0.112,0.72,0.52,0.96]},{"time":2.1333,"x":2.15,"y":2.15}]},"EF_magic2":{"rotate":[{"time":0,"angle":0,"curve":"stepped"},{"time":0.4666,"angle":0,"curve":"stepped"},{"time":0.9333,"angle":0,"curve":"stepped"},{"time":1.9333,"angle":0}]},"EF_power1_1":{"translate":[{"time":0,"x":-98.93,"y":32.18}],"scale":[{"time":0,"x":2.5,"y":2.5}]},"EF_rot_wave1_1":{"translate":[{"time":0,"x":-150,"y":0}],"scale":[{"time":0,"x":2,"y":2}]},"EF_groundwave1_1":{"translate":[{"time":0,"x":-100,"y":0,"curve":"stepped"},{"time":0.4666,"x":-100,"y":0,"curve":"stepped"},{"time":0.9666,"x":-112.59,"y":0,"curve":"stepped"},{"time":1.9333,"x":-142.2,"y":0}],"scale":[{"time":0,"x":3,"y":3,"curve":"stepped"},{"time":0.4666,"x":3,"y":3,"curve":"stepped"},{"time":0.9666,"x":3,"y":3,"curve":"stepped"},{"time":1.9333,"x":3,"y":3}]},"EF_shine1_1":{"translate":[{"time":0,"x":-96.63,"y":-14.39}],"scale":[{"time":0,"x":4,"y":4}]},"EF_shine1_2":{"rotate":[{"time":0,"angle":51.3,"curve":"stepped"},{"time":0.0333,"angle":51.3}],"translate":[{"time":0,"x":-96.63,"y":-14.39,"curve":"stepped"},{"time":0.0333,"x":-96.63,"y":-14.39}],"scale":[{"time":0,"x":3.5,"y":3.5,"curve":"stepped"},{"time":0.0333,"x":3.5,"y":3.5}]},"EF_groundwave1_2":{"translate":[{"time":2.0333,"x":-164.19,"y":0}],"scale":[{"time":2.0333,"x":3,"y":3}]},"EF_groundwave1_3":{"translate":[{"time":2.1333,"x":-166.77,"y":0}],"scale":[{"time":2.1333,"x":3,"y":3}]}},"drawOrder":[{"time":0,"offsets":[{"slot":"EF_magic1","offset":-9},{"slot":"EF_magic2","offset":-9}]}],"events":[{"time":0,"name":"Event","string":"addOrbitSystem-skill2_orbit1"},{"time":0,"name":"Sound1","string":"cri_se_battle_arrow_light_effect"},{"time":0,"name":"Voice","string":"cri_168_voice_fullarts_now"},{"time":0.0333,"name":"Event","float":0.2,"string":"kHitStopType_enemyonly"},{"time":0.9333,"name":"Sound1","string":"cri_se_battle_skill_shot"},{"time":0.9333,"name":"Sound2","string":"cri_se_battle_arrow_light_effect"},{"time":0.9333,"name":"Sound3","string":"setHitSound(se_battle_swordslash_heavy)"},{"time":1.8666,"name":"Sound1","string":"cri_se_battle_skill_shot"},{"time":1.8666,"name":"Sound2","string":"cri_se_battle_arrow_light_effect"},{"time":1.8666,"name":"Voice","string":"cri_168_voice_fullarts_rank4"},{"time":1.9666,"name":"Event","float":0.2,"string":"kHitStopType_normal"}]}}}