{"skeleton":{"hash":"yMb2JE4sHiXi3vcPWP0Vtz9rlno","spine":"3.0.12","width":0,"height":0},"bones":[{"name":"root"},{"name":"grid","parent":"root"},{"name":"MAIN","parent":"root","y":53.24},{"name":"SHADOW-OFFSET","parent":"MAIN"},{"name":"HPBAR","parent":"MAIN","x":2.6,"y":88.45},{"name":"HITBOX","parent":"MAIN"},{"name":"EF_kira2","parent":"MAIN","x":56.22,"y":-43.85,"scaleX":1.8,"scaleY":1.8},{"name":"EF_kira","parent":"MAIN","x":-41.65,"y":47.39,"scaleX":1.8,"scaleY":1.8},{"name":"EF","parent":"root","y":-48.19},{"name":"S1_wave1","parent":"EF","x":945.64,"y":186.86},{"name":"S1_shine2","parent":"EF","x":834.55,"y":187.4},{"name":"S1_shine1","parent":"EF","x":736.07,"y":188.92},{"name":"A1_wave1","parent":"EF","x":640.62,"y":187.6},{"name":"DAMAGEAREA","parent":"root"}],"slots":[{"name":"grid/bg","bone":"grid","color":"ffffff3f"},{"name":"grid/grid","bone":"grid","color":"ffffff52"},{"name":"A1_wave1","bone":"A1_wave1","blend":"additive"},{"name":"S1_shine1","bone":"S1_shine1","blend":"additive"},{"name":"S1_shine2","bone":"S1_shine2","blend":"additive"},{"name":"S1_wave1","bone":"S1_wave1","blend":"additive"},{"name":"MAIN","bone":"MAIN","attachment":"skeleton-skill2_1"},{"name":"kirakira1","bone":"EF_kira","attachment":"kirakira1"},{"name":"kirakira2","bone":"EF_kira2","attachment":"kirakira1"},{"name":"DAMAGEAREA","bone":"DAMAGEAREA"},{"name":"HITBOX","bone":"HITBOX","attachment":"HITBOX"}],"skins":{"default":{"A1_wave1":{"EF/1040_A1_wave1/1040_A1_wave1_00002":{"x":1.05,"y":-1.11,"width":300,"height":300},"EF/1040_A1_wave1/1040_A1_wave1_00003":{"x":1.05,"y":-1.11,"width":300,"height":300},"EF/1040_A1_wave1/1040_A1_wave1_00004":{"x":1.05,"y":-1.11,"width":300,"height":300},"EF/1040_A1_wave1/1040_A1_wave1_00006":{"x":1.05,"y":-1.11,"width":300,"height":300},"EF/1040_A1_wave1/1040_A1_wave1_00008":{"x":1.05,"y":-1.11,"width":300,"height":300},"EF/1040_A1_wave1/1040_A1_wave1_00009":{"x":1.05,"y":-1.11,"width":300,"height":300},"EF/1040_A1_wave1/1040_A1_wave1_00010":{"x":1.05,"y":-1.11,"width":300,"height":300}},"DAMAGEAREA":{"DAMAGEAREA":{"type":"boundingbox","vertices":[-97.31151,98.11169,-98.15147,-99.28813,101.76834,-99.28813,98.40834,97.27171]}},"HITBOX":{"HITBOX":{"type":"boundingbox","vertices":[-38.51152,40.66172,-36.83153,-50.89822,46.32836,-52.57821,47.16838,40.66172]}},"MAIN":{"skeleton-attack1_0":{"x":14.93,"y":-0.39,"width":279,"height":330},"skeleton-attack1_1":{"x":14.93,"y":-0.39,"width":279,"height":330},"skeleton-attack1_2":{"x":14.93,"y":-0.39,"width":279,"height":330},"skeleton-attack1_3":{"x":14.93,"y":-0.39,"width":279,"height":330},"skeleton-attack1_4":{"x":14.93,"y":-0.39,"width":279,"height":330},"skeleton-attack1_5":{"x":14.93,"y":-0.39,"width":279,"height":330},"skeleton-back_0":{"x":14.93,"y":-0.39,"width":279,"height":330},"skeleton-damage_0":{"x":14.93,"y":-0.39,"width":279,"height":330},"skeleton-idle_0":{"x":14.93,"y":-0.39,"width":279,"height":330},"skeleton-idle_1":{"x":14.93,"y":-0.39,"width":279,"height":330},"skeleton-idle_2":{"x":14.93,"y":-0.39,"width":279,"height":330},"skeleton-idle_3":{"x":14.93,"y":-0.39,"width":279,"height":330},"skeleton-idle_4":{"x":14.93,"y":-0.39,"width":279,"height":330},"skeleton-skill1_0":{"x":14.93,"y":-0.39,"width":279,"height":330},"skeleton-skill1_1":{"x":14.93,"y":-0.39,"width":279,"height":330},"skeleton-skill1_2":{"x":14.93,"y":-0.39,"width":279,"height":330},"skeleton-skill1_3":{"x":14.93,"y":-0.39,"width":279,"height":330},"skeleton-skill1_4":{"x":14.93,"y":-0.39,"width":279,"height":330},"skeleton-skill1_5":{"x":14.93,"y":-0.39,"width":279,"height":330},"skeleton-skill1_6":{"x":14.93,"y":-0.39,"width":279,"height":330},"skeleton-skill1_7":{"x":14.93,"y":-0.39,"width":279,"height":330},"skeleton-skill2_0":{"x":14.93,"y":-0.39,"width":279,"height":330},"skeleton-skill2_1":{"x":14.93,"y":-0.39,"width":279,"height":330},"skeleton-skill2_2":{"x":14.93,"y":-0.39,"width":279,"height":330},"skeleton-skill2_3":{"x":14.93,"y":-0.39,"width":279,"height":330},"skeleton-skill2_4":{"x":14.93,"y":-0.39,"width":279,"height":330},"skeleton-skill2_5":{"x":14.93,"y":-0.39,"width":279,"height":330},"skeleton-skill2_6":{"x":14.93,"y":-0.39,"width":279,"height":330},"skeleton-skill2_7":{"x":14.93,"y":-0.39,"width":279,"height":330},"skeleton-skill2_8":{"x":14.93,"y":-0.39,"width":279,"height":330},"skeleton-skill2_9":{"x":14.93,"y":-0.39,"width":279,"height":330}},"S1_shine1":{"EF/1040_S1_shine1/1040_S1_shine1_00000":{"x":0.43,"y":-0.08,"width":500,"height":500}},"S1_shine2":{"EF/1040_S1_shine2/1040_S1_shine2_00000":{"x":0.09,"y":0.14,"width":400,"height":400},"EF/1040_S1_shine2/1040_S1_shine2_00002":{"x":0.09,"y":0.14,"width":400,"height":400},"EF/1040_S1_shine2/1040_S1_shine2_00004":{"x":0.09,"y":0.14,"width":400,"height":400},"EF/1040_S1_shine2/1040_S1_shine2_00006":{"x":0.09,"y":0.14,"width":400,"height":400},"EF/1040_S1_shine2/1040_S1_shine2_00008":{"x":0.09,"y":0.14,"width":400,"height":400},"EF/1040_S1_shine2/1040_S1_shine2_00010":{"x":0.09,"y":0.14,"width":400,"height":400},"EF/1040_S1_shine2/1040_S1_shine2_00012":{"x":0.09,"y":0.14,"width":400,"height":400},"EF/1040_S1_shine2/1040_S1_shine2_00014":{"x":0.09,"y":0.14,"width":400,"height":400},"EF/1040_S1_shine2/1040_S1_shine2_00015":{"x":0.09,"y":0.14,"width":400,"height":400},"EF/1040_S1_shine2/1040_S1_shine2_00016":{"x":0.09,"y":0.14,"width":400,"height":400},"EF/1040_S1_shine2/1040_S1_shine2_00017":{"x":0.09,"y":0.14,"width":400,"height":400},"EF/1040_S1_shine2/1040_S1_shine2_00018":{"x":0.09,"y":0.14,"width":400,"height":400},"EF/1040_S1_shine2/1040_S1_shine2_00019":{"x":0.09,"y":0.14,"width":400,"height":400},"EF/1040_S1_shine2/1040_S1_shine2_00020":{"x":0.09,"y":0.14,"width":400,"height":400},"EF/1040_S1_shine2/1040_S1_shine2_00021":{"x":0.09,"y":0.14,"width":400,"height":400}},"S1_wave1":{"EF/1040_S1_wave1/1040_S1_wave1_00003":{"x":-1.56,"y":12.19,"width":400,"height":400},"EF/1040_S1_wave1/1040_S1_wave1_00004":{"x":-1.56,"y":12.19,"width":400,"height":400},"EF/1040_S1_wave1/1040_S1_wave1_00005":{"x":-1.56,"y":12.19,"width":400,"height":400},"EF/1040_S1_wave1/1040_S1_wave1_00006":{"x":-1.56,"y":12.19,"width":400,"height":400},"EF/1040_S1_wave1/1040_S1_wave1_00007":{"x":-1.56,"y":12.19,"width":400,"height":400},"EF/1040_S1_wave1/1040_S1_wave1_00008":{"x":-1.56,"y":12.19,"width":400,"height":400},"EF/1040_S1_wave1/1040_S1_wave1_00009":{"x":-1.56,"y":12.19,"width":400,"height":400}},"kirakira1":{"kirakira1":{"width":16,"height":16},"kirakira2":{"width":16,"height":16}},"kirakira2":{"kirakira1":{"width":16,"height":16},"kirakira2":{"width":16,"height":16}}}},"events":{"Event":{},"HIt":{},"HitEffect":{},"Sound_2":{},"sound3":{},"sound_1":{},"voice":{}},"animations":{"attack1":{"slots":{"A1_wave1":{"attachment":[{"time":0.4666,"name":"EF/1040_A1_wave1/1040_A1_wave1_00004"},{"time":0.5,"name":"EF/1040_A1_wave1/1040_A1_wave1_00006"},{"time":0.5333,"name":"EF/1040_A1_wave1/1040_A1_wave1_00008"},{"time":0.5666,"name":"EF/1040_A1_wave1/1040_A1_wave1_00009"},{"time":0.6,"name":"EF/1040_A1_wave1/1040_A1_wave1_00010"},{"time":0.6333,"name":null}],"color":[{"time":0.4666,"color":"ffffffff","curve":[0.25,0,0.802,0.14]},{"time":0.6,"color":"ffffff21"}]},"DAMAGEAREA":{"attachment":[{"time":0.4666,"name":"DAMAGEAREA"},{"time":0.7333,"name":null}]},"MAIN":{"attachment":[{"time":0,"name":"skeleton-attack1_0"},{"time":0.1666,"name":"skeleton-attack1_1"},{"time":0.3,"name":"skeleton-attack1_2"},{"time":0.4,"name":"skeleton-attack1_3"},{"time":1.1,"name":"skeleton-attack1_4"},{"time":1.2666,"name":"skeleton-attack1_5"},{"time":1.3666,"name":"skeleton-attack1_0"}]},"kirakira1":{"attachment":[{"time":0,"name":"kirakira1"},{"time":0.1,"name":"kirakira2"},{"time":0.2,"name":"kirakira1"},{"time":0.3,"name":"kirakira2"},{"time":0.4,"name":"kirakira1"},{"time":0.5,"name":"kirakira2"},{"time":0.6,"name":"kirakira1"},{"time":0.7,"name":"kirakira2"},{"time":0.8,"name":"kirakira1"},{"time":0.9,"name":"kirakira2"},{"time":1,"name":"kirakira1"},{"time":1.1,"name":"kirakira2"},{"time":1.2,"name":"kirakira1"},{"time":1.3,"name":"kirakira2"},{"time":1.4,"name":"kirakira1"},{"time":1.5,"name":"kirakira2"},{"time":1.6,"name":"kirakira1"}]},"kirakira2":{"attachment":[{"time":0,"name":"kirakira1"},{"time":0.1,"name":"kirakira2"},{"time":0.2,"name":"kirakira1"},{"time":0.3,"name":"kirakira2"},{"time":0.4,"name":"kirakira1"},{"time":0.5,"name":"kirakira2"},{"time":0.6,"name":"kirakira1"},{"time":0.7,"name":"kirakira2"},{"time":0.8,"name":"kirakira1"},{"time":0.9,"name":"kirakira2"},{"time":1,"name":"kirakira1"},{"time":1.1,"name":"kirakira2"},{"time":1.2,"name":"kirakira1"},{"time":1.3,"name":"kirakira2"},{"time":1.4,"name":"kirakira1"},{"time":1.5,"name":"kirakira2"},{"time":1.6,"name":"kirakira1"}]}},"bones":{"A1_wave1":{"translate":[{"time":0.0333,"x":-774.85,"y":-67.48}],"scale":[{"time":0.4666,"x":1,"y":1,"curve":[0.207,0.38,0.864,0.77]},{"time":0.6,"x":5.107,"y":5.107}]},"DAMAGEAREA":{"translate":[{"time":0.4666,"x":-109.82,"y":98.95}],"scale":[{"time":0.4666,"x":1.367,"y":1.135}]},"EF_kira2":{"rotate":[{"time":0,"angle":-44.8,"curve":"stepped"},{"time":0.8,"angle":-44.8}],"scale":[{"time":0,"x":1.242,"y":1.242,"curve":"stepped"},{"time":0.8,"x":1.242,"y":1.242}]},"EF_kira":{"rotate":[{"time":0,"angle":-44.8,"curve":"stepped"},{"time":0.8,"angle":-44.8}],"scale":[{"time":0,"x":1.242,"y":1.242,"curve":"stepped"},{"time":0.8,"x":1.242,"y":1.242}]}},"events":[{"time":0.4,"name":"voice","string":"cri_096_voice_attack_random"},{"time":0.4333,"name":"Event","float":0.1,"string":"kHitStopType_normal"},{"time":0.5,"name":"sound_1","string":"cri_se_battle_cat_punch"},{"time":1.6,"name":"sound_1","string":"cri_se_battle_jump_monster_mini"}]},"back":{"slots":{"A1_wave1":{"attachment":[{"time":0,"name":null}]},"MAIN":{"attachment":[{"time":0,"name":"skeleton-back_0"},{"time":0.3,"name":"skeleton-idle_0"},{"time":0.4333,"name":"skeleton-idle_2"},{"time":0.5,"name":"skeleton-idle_3"},{"time":0.7333,"name":"skeleton-idle_4"}]},"S1_shine1":{"attachment":[{"time":0,"name":null}]},"S1_shine2":{"attachment":[{"time":0,"name":null}]},"S1_wave1":{"attachment":[{"time":0,"name":null}]},"kirakira1":{"attachment":[{"time":0,"name":"kirakira1"},{"time":0.1,"name":"kirakira2"},{"time":0.2,"name":"kirakira1"},{"time":0.3,"name":"kirakira2"},{"time":0.4,"name":"kirakira1"},{"time":0.5,"name":"kirakira2"},{"time":0.6,"name":"kirakira1"},{"time":0.7,"name":"kirakira2"},{"time":0.8,"name":"kirakira1"}]},"kirakira2":{"attachment":[{"time":0,"name":"kirakira1"},{"time":0.1,"name":"kirakira2"},{"time":0.2,"name":"kirakira1"},{"time":0.3,"name":"kirakira2"},{"time":0.4,"name":"kirakira1"},{"time":0.5,"name":"kirakira2"},{"time":0.6,"name":"kirakira1"},{"time":0.7,"name":"kirakira2"},{"time":0.8,"name":"kirakira1"}]}},"bones":{"MAIN":{"rotate":[{"time":0,"angle":-18.49,"curve":"stepped"},{"time":0.3,"angle":0}],"translate":[{"time":0,"x":0,"y":0},{"time":0.2333,"x":130,"y":0,"curve":[0.309,0.88,0.75,1]},{"time":0.5,"x":140,"y":0}]},"EF_kira2":{"rotate":[{"time":0,"angle":-44.8}],"scale":[{"time":0,"x":1.242,"y":1.242}]},"EF_kira":{"rotate":[{"time":0,"angle":-44.8}],"scale":[{"time":0,"x":1.242,"y":1.242}]}},"events":[{"time":0,"name":"sound_1","string":"cri_se_battle_jump_monster_mini"}]},"cast":{"slots":{"A1_wave1":{"attachment":[{"time":0,"name":null}]},"MAIN":{"attachment":[{"time":0,"name":"skeleton-attack1_0"},{"time":0.1666,"name":"skeleton-attack1_1"},{"time":0.3,"name":"skeleton-attack1_2"},{"time":0.4,"name":"skeleton-attack1_3"},{"time":0.6666,"name":"skeleton-attack1_4"},{"time":0.8333,"name":"skeleton-attack1_5"},{"time":0.9333,"name":"skeleton-attack1_0"}]},"S1_shine1":{"attachment":[{"time":0,"name":null}]},"S1_shine2":{"attachment":[{"time":0,"name":null}]},"S1_wave1":{"attachment":[{"time":0,"name":null}]},"kirakira1":{"attachment":[{"time":0,"name":"kirakira1"},{"time":0.1,"name":"kirakira2"},{"time":0.2,"name":"kirakira1"},{"time":0.3,"name":"kirakira2"},{"time":0.4,"name":"kirakira1"},{"time":0.5,"name":"kirakira2"},{"time":0.6,"name":"kirakira1"},{"time":0.7,"name":"kirakira2"},{"time":0.8,"name":"kirakira1"}]},"kirakira2":{"attachment":[{"time":0,"name":"kirakira1"},{"time":0.1,"name":"kirakira2"},{"time":0.2,"name":"kirakira1"},{"time":0.3,"name":"kirakira2"},{"time":0.4,"name":"kirakira1"},{"time":0.5,"name":"kirakira2"},{"time":0.6,"name":"kirakira1"},{"time":0.7,"name":"kirakira2"},{"time":0.8,"name":"kirakira1"}]}},"bones":{"EF_kira":{"rotate":[{"time":0,"angle":-44.8}],"scale":[{"time":0,"x":1.242,"y":1.242}]},"EF_kira2":{"rotate":[{"time":0,"angle":-44.8}],"scale":[{"time":0,"x":1.242,"y":1.242}]}},"events":[{"time":0.4,"name":"voice","string":"cri_096_voice_item"}]},"damage":{"slots":{"A1_wave1":{"attachment":[{"time":0,"name":null}]},"MAIN":{"attachment":[{"time":0,"name":"skeleton-damage_0"}]},"S1_shine1":{"attachment":[{"time":0,"name":null}]},"S1_shine2":{"attachment":[{"time":0,"name":null}]},"S1_wave1":{"attachment":[{"time":0,"name":null}]}}},"front":{"slots":{"A1_wave1":{"attachment":[{"time":0,"name":null}]},"MAIN":{"attachment":[{"time":0,"name":"skeleton-idle_0"},{"time":0.1666,"name":"skeleton-idle_1"},{"time":0.3333,"name":"skeleton-idle_2"},{"time":0.5,"name":"skeleton-idle_3"},{"time":0.6666,"name":"skeleton-idle_4"},{"time":0.8333,"name":"skeleton-idle_0"}]},"S1_shine1":{"attachment":[{"time":0,"name":null}]},"S1_shine2":{"attachment":[{"time":0,"name":null}]},"S1_wave1":{"attachment":[{"time":0,"name":null}]},"kirakira1":{"attachment":[{"time":0,"name":"kirakira1"},{"time":0.1,"name":"kirakira2"},{"time":0.2,"name":"kirakira1"},{"time":0.3,"name":"kirakira2"},{"time":0.4,"name":"kirakira1"},{"time":0.5,"name":"kirakira2"},{"time":0.6,"name":"kirakira1"},{"time":0.7,"name":"kirakira2"},{"time":0.8,"name":"kirakira1"}]},"kirakira2":{"attachment":[{"time":0,"name":"kirakira1"},{"time":0.1,"name":"kirakira2"},{"time":0.2,"name":"kirakira1"},{"time":0.3,"name":"kirakira2"},{"time":0.4,"name":"kirakira1"},{"time":0.5,"name":"kirakira2"},{"time":0.6,"name":"kirakira1"},{"time":0.7,"name":"kirakira2"},{"time":0.8,"name":"kirakira1"}]}},"bones":{"EF_kira":{"rotate":[{"time":0,"angle":-44.8}],"scale":[{"time":0,"x":1.242,"y":1.242}]},"EF_kira2":{"rotate":[{"time":0,"angle":-44.8}],"scale":[{"time":0,"x":1.242,"y":1.242}]}}},"idle":{"slots":{"A1_wave1":{"attachment":[{"time":0,"name":null}]},"MAIN":{"attachment":[{"time":0,"name":"skeleton-idle_0"},{"time":0.1666,"name":"skeleton-idle_1"},{"time":0.3333,"name":"skeleton-idle_2"},{"time":0.5,"name":"skeleton-idle_3"},{"time":0.6666,"name":"skeleton-idle_4"},{"time":0.8333,"name":"skeleton-idle_0"}]},"S1_shine1":{"attachment":[{"time":0,"name":null}]},"S1_shine2":{"attachment":[{"time":0,"name":null}]},"S1_wave1":{"attachment":[{"time":0,"name":null}]},"kirakira1":{"attachment":[{"time":0,"name":"kirakira1"},{"time":0.1,"name":"kirakira2"},{"time":0.2,"name":"kirakira1"},{"time":0.3,"name":"kirakira2"},{"time":0.4,"name":"kirakira1"},{"time":0.5,"name":"kirakira2"},{"time":0.6,"name":"kirakira1"},{"time":0.7,"name":"kirakira2"},{"time":0.8,"name":"kirakira1"}]},"kirakira2":{"attachment":[{"time":0,"name":"kirakira1"},{"time":0.1,"name":"kirakira2"},{"time":0.2,"name":"kirakira1"},{"time":0.3,"name":"kirakira2"},{"time":0.4,"name":"kirakira1"},{"time":0.5,"name":"kirakira2"},{"time":0.6,"name":"kirakira1"},{"time":0.7,"name":"kirakira2"},{"time":0.8,"name":"kirakira1"}]}},"bones":{"EF_kira":{"rotate":[{"time":0,"angle":-44.8}],"scale":[{"time":0,"x":1.242,"y":1.242}]},"EF_kira2":{"rotate":[{"time":0,"angle":-44.8}],"scale":[{"time":0,"x":1.242,"y":1.242}]}}},"skill1":{"slots":{"A1_wave1":{"attachment":[{"time":0.4,"name":"EF/1040_A1_wave1/1040_A1_wave1_00002"},{"time":0.4333,"name":"EF/1040_A1_wave1/1040_A1_wave1_00003"},{"time":0.4666,"name":"EF/1040_A1_wave1/1040_A1_wave1_00004"},{"time":0.5333,"name":"EF/1040_A1_wave1/1040_A1_wave1_00006"},{"time":0.6,"name":"EF/1040_A1_wave1/1040_A1_wave1_00008"},{"time":0.6666,"name":"EF/1040_A1_wave1/1040_A1_wave1_00009"},{"time":0.7333,"name":"EF/1040_A1_wave1/1040_A1_wave1_00010"},{"time":1.1666,"name":"EF/1040_A1_wave1/1040_A1_wave1_00002"},{"time":1.2,"name":"EF/1040_A1_wave1/1040_A1_wave1_00003"},{"time":1.2333,"name":"EF/1040_A1_wave1/1040_A1_wave1_00004"},{"time":1.3,"name":"EF/1040_A1_wave1/1040_A1_wave1_00006"},{"time":1.3666,"name":"EF/1040_A1_wave1/1040_A1_wave1_00008"},{"time":1.4333,"name":"EF/1040_A1_wave1/1040_A1_wave1_00009"},{"time":1.5,"name":"EF/1040_A1_wave1/1040_A1_wave1_00010"},{"time":1.9333,"name":"EF/1040_A1_wave1/1040_A1_wave1_00002"},{"time":1.9666,"name":"EF/1040_A1_wave1/1040_A1_wave1_00003"},{"time":2,"name":"EF/1040_A1_wave1/1040_A1_wave1_00004"},{"time":2.0666,"name":"EF/1040_A1_wave1/1040_A1_wave1_00006"},{"time":2.1333,"name":"EF/1040_A1_wave1/1040_A1_wave1_00008"},{"time":2.2,"name":"EF/1040_A1_wave1/1040_A1_wave1_00009"},{"time":2.2666,"name":"EF/1040_A1_wave1/1040_A1_wave1_00010"}],"color":[{"time":0.4,"color":"ffffff85","curve":"stepped"},{"time":0.6666,"color":"ffffff85"},{"time":0.7666,"color":"ffffff00","curve":"stepped"},{"time":1.1666,"color":"ffffff85","curve":"stepped"},{"time":1.4333,"color":"ffffff85"},{"time":1.5333,"color":"ffffff00","curve":"stepped"},{"time":1.9333,"color":"ffffffff","curve":"stepped"},{"time":2.2,"color":"ffffffff"},{"time":2.3,"color":"ffffff00"}]},"DAMAGEAREA":{"attachment":[{"time":0.3333,"name":"DAMAGEAREA"},{"time":0.5333,"name":null},{"time":1.1333,"name":"DAMAGEAREA"},{"time":1.3333,"name":null},{"time":1.9,"name":"DAMAGEAREA"},{"time":2.1,"name":null}]},"MAIN":{"attachment":[{"time":0,"name":"skeleton-skill1_0"},{"time":0.1,"name":"skeleton-skill1_1"},{"time":0.3333,"name":"skeleton-skill1_2"},{"time":0.4,"name":"skeleton-skill1_3"},{"time":0.4666,"name":"skeleton-skill1_4"},{"time":0.7666,"name":"skeleton-skill1_5"},{"time":0.8,"name":"skeleton-skill1_6"},{"time":0.8666,"name":"skeleton-skill1_7"},{"time":1.1666,"name":"skeleton-skill1_2"},{"time":1.2333,"name":"skeleton-skill1_3"},{"time":1.3,"name":"skeleton-skill1_4"},{"time":1.6,"name":"skeleton-skill1_5"},{"time":1.6333,"name":"skeleton-skill1_6"},{"time":1.7,"name":"skeleton-skill1_7"},{"time":1.9333,"name":"skeleton-skill1_2"},{"time":2,"name":"skeleton-skill1_3"},{"time":2.0666,"name":"skeleton-skill1_4"},{"time":2.7,"name":"skeleton-skill1_5"},{"time":2.7666,"name":"skeleton-skill1_6"},{"time":2.8333,"name":"skeleton-skill1_7"},{"time":3,"name":"skeleton-skill1_0"}]},"S1_shine1":{"attachment":[{"time":0.4,"name":"EF/1040_S1_shine1/1040_S1_shine1_00000"},{"time":1.1666,"name":"EF/1040_S1_shine1/1040_S1_shine1_00000"},{"time":1.9333,"name":"EF/1040_S1_shine1/1040_S1_shine1_00000"}],"color":[{"time":0.7,"color":"ffffffff"},{"time":0.9,"color":"ffffff00","curve":"stepped"},{"time":1.1666,"color":"ffffffff","curve":"stepped"},{"time":1.4666,"color":"ffffffff"},{"time":1.6666,"color":"ffffff00","curve":"stepped"},{"time":1.9333,"color":"ffffffff","curve":"stepped"},{"time":2.2333,"color":"ffffffff"},{"time":2.4333,"color":"ffffff00"}]},"S1_shine2":{"attachment":[{"time":0.4,"name":"EF/1040_S1_shine2/1040_S1_shine2_00000"},{"time":0.4666,"name":"EF/1040_S1_shine2/1040_S1_shine2_00002"},{"time":0.5333,"name":"EF/1040_S1_shine2/1040_S1_shine2_00004"},{"time":0.6,"name":"EF/1040_S1_shine2/1040_S1_shine2_00006"},{"time":0.6666,"name":"EF/1040_S1_shine2/1040_S1_shine2_00008"},{"time":0.7,"name":"EF/1040_S1_shine2/1040_S1_shine2_00010"},{"time":0.7333,"name":"EF/1040_S1_shine2/1040_S1_shine2_00012"},{"time":0.7666,"name":"EF/1040_S1_shine2/1040_S1_shine2_00014"},{"time":0.8,"name":"EF/1040_S1_shine2/1040_S1_shine2_00015"},{"time":0.8333,"name":"EF/1040_S1_shine2/1040_S1_shine2_00016"},{"time":0.8666,"name":"EF/1040_S1_shine2/1040_S1_shine2_00017"},{"time":0.9,"name":"EF/1040_S1_shine2/1040_S1_shine2_00018"},{"time":0.9333,"name":"EF/1040_S1_shine2/1040_S1_shine2_00019"},{"time":0.9666,"name":"EF/1040_S1_shine2/1040_S1_shine2_00020"},{"time":1,"name":"EF/1040_S1_shine2/1040_S1_shine2_00021"},{"time":1.1666,"name":"EF/1040_S1_shine2/1040_S1_shine2_00000"},{"time":1.2333,"name":"EF/1040_S1_shine2/1040_S1_shine2_00002"},{"time":1.3,"name":"EF/1040_S1_shine2/1040_S1_shine2_00004"},{"time":1.3666,"name":"EF/1040_S1_shine2/1040_S1_shine2_00006"},{"time":1.4333,"name":"EF/1040_S1_shine2/1040_S1_shine2_00008"},{"time":1.4666,"name":"EF/1040_S1_shine2/1040_S1_shine2_00010"},{"time":1.5,"name":"EF/1040_S1_shine2/1040_S1_shine2_00012"},{"time":1.5333,"name":"EF/1040_S1_shine2/1040_S1_shine2_00014"},{"time":1.5666,"name":"EF/1040_S1_shine2/1040_S1_shine2_00015"},{"time":1.6,"name":"EF/1040_S1_shine2/1040_S1_shine2_00016"},{"time":1.6333,"name":"EF/1040_S1_shine2/1040_S1_shine2_00017"},{"time":1.6666,"name":"EF/1040_S1_shine2/1040_S1_shine2_00018"},{"time":1.7,"name":"EF/1040_S1_shine2/1040_S1_shine2_00019"},{"time":1.7333,"name":"EF/1040_S1_shine2/1040_S1_shine2_00020"},{"time":1.7666,"name":"EF/1040_S1_shine2/1040_S1_shine2_00021"},{"time":1.9333,"name":"EF/1040_S1_shine2/1040_S1_shine2_00000"},{"time":2,"name":"EF/1040_S1_shine2/1040_S1_shine2_00002"},{"time":2.0666,"name":"EF/1040_S1_shine2/1040_S1_shine2_00004"},{"time":2.1333,"name":"EF/1040_S1_shine2/1040_S1_shine2_00006"},{"time":2.2,"name":"EF/1040_S1_shine2/1040_S1_shine2_00008"},{"time":2.2333,"name":"EF/1040_S1_shine2/1040_S1_shine2_00010"},{"time":2.2666,"name":"EF/1040_S1_shine2/1040_S1_shine2_00012"},{"time":2.3,"name":"EF/1040_S1_shine2/1040_S1_shine2_00014"},{"time":2.3333,"name":"EF/1040_S1_shine2/1040_S1_shine2_00015"},{"time":2.3666,"name":"EF/1040_S1_shine2/1040_S1_shine2_00016"},{"time":2.4,"name":"EF/1040_S1_shine2/1040_S1_shine2_00017"},{"time":2.4333,"name":"EF/1040_S1_shine2/1040_S1_shine2_00018"},{"time":2.4666,"name":"EF/1040_S1_shine2/1040_S1_shine2_00019"},{"time":2.5,"name":"EF/1040_S1_shine2/1040_S1_shine2_00020"},{"time":2.5333,"name":"EF/1040_S1_shine2/1040_S1_shine2_00021"}],"color":[{"time":0.4,"color":"ffffff83","curve":"stepped"},{"time":0.8,"color":"ffffff83"},{"time":1.0333,"color":"ffffff00","curve":"stepped"},{"time":1.1666,"color":"ffffff83","curve":"stepped"},{"time":1.5666,"color":"ffffff83"},{"time":1.8,"color":"ffffff00","curve":"stepped"},{"time":1.9333,"color":"ffffff83","curve":"stepped"},{"time":2.3333,"color":"ffffff83"},{"time":2.5666,"color":"ffffff00"}]},"S1_wave1":{"attachment":[{"time":0.4,"name":"EF/1040_S1_wave1/1040_S1_wave1_00003"},{"time":0.4333,"name":"EF/1040_S1_wave1/1040_S1_wave1_00004"},{"time":0.4666,"name":"EF/1040_S1_wave1/1040_S1_wave1_00005"},{"time":0.5,"name":"EF/1040_S1_wave1/1040_S1_wave1_00006"},{"time":0.5333,"name":"EF/1040_S1_wave1/1040_S1_wave1_00007"},{"time":0.6,"name":"EF/1040_S1_wave1/1040_S1_wave1_00008"},{"time":0.6666,"name":"EF/1040_S1_wave1/1040_S1_wave1_00009"},{"time":1.1666,"name":"EF/1040_S1_wave1/1040_S1_wave1_00003"},{"time":1.2,"name":"EF/1040_S1_wave1/1040_S1_wave1_00004"},{"time":1.2333,"name":"EF/1040_S1_wave1/1040_S1_wave1_00005"},{"time":1.2666,"name":"EF/1040_S1_wave1/1040_S1_wave1_00006"},{"time":1.3,"name":"EF/1040_S1_wave1/1040_S1_wave1_00007"},{"time":1.3666,"name":"EF/1040_S1_wave1/1040_S1_wave1_00008"},{"time":1.4333,"name":"EF/1040_S1_wave1/1040_S1_wave1_00009"},{"time":1.9333,"name":"EF/1040_S1_wave1/1040_S1_wave1_00003"},{"time":1.9666,"name":"EF/1040_S1_wave1/1040_S1_wave1_00004"},{"time":2,"name":"EF/1040_S1_wave1/1040_S1_wave1_00005"},{"time":2.0333,"name":"EF/1040_S1_wave1/1040_S1_wave1_00006"},{"time":2.0666,"name":"EF/1040_S1_wave1/1040_S1_wave1_00007"},{"time":2.1333,"name":"EF/1040_S1_wave1/1040_S1_wave1_00008"},{"time":2.2,"name":"EF/1040_S1_wave1/1040_S1_wave1_00009"}],"color":[{"time":0.4,"color":"ffffffff","curve":"stepped"},{"time":0.6666,"color":"ffffffff"},{"time":0.7333,"color":"ffffff00","curve":"stepped"},{"time":1.1666,"color":"ffffffff","curve":"stepped"},{"time":1.4333,"color":"ffffffff"},{"time":1.5,"color":"ffffff00","curve":"stepped"},{"time":1.9333,"color":"ffffffff","curve":"stepped"},{"time":2.2,"color":"ffffffff"},{"time":2.2666,"color":"ffffff00"}]},"kirakira1":{"attachment":[{"time":0,"name":"kirakira1"},{"time":0.1,"name":"kirakira2"},{"time":0.2,"name":"kirakira1"},{"time":0.3,"name":"kirakira2"},{"time":0.4,"name":"kirakira1"},{"time":0.5,"name":"kirakira2"},{"time":0.6,"name":"kirakira1"},{"time":0.7,"name":"kirakira2"},{"time":0.8,"name":"kirakira1"},{"time":0.9,"name":"kirakira2"},{"time":1,"name":"kirakira1"},{"time":1.1,"name":"kirakira2"},{"time":1.2,"name":"kirakira1"},{"time":1.3,"name":"kirakira2"},{"time":1.4,"name":"kirakira1"},{"time":1.5,"name":"kirakira2"},{"time":1.6,"name":"kirakira1"},{"time":1.7,"name":"kirakira2"},{"time":1.8,"name":"kirakira1"},{"time":1.9,"name":"kirakira2"},{"time":2,"name":"kirakira1"},{"time":2.1,"name":"kirakira2"},{"time":2.2,"name":"kirakira1"},{"time":2.3,"name":"kirakira2"},{"time":2.4,"name":"kirakira1"},{"time":2.5,"name":"kirakira2"},{"time":2.6,"name":"kirakira1"},{"time":2.7,"name":"kirakira2"},{"time":2.8,"name":"kirakira1"},{"time":2.9,"name":"kirakira2"},{"time":3,"name":"kirakira1"}]},"kirakira2":{"attachment":[{"time":0,"name":"kirakira1"},{"time":0.1,"name":"kirakira2"},{"time":0.2,"name":"kirakira1"},{"time":0.3,"name":"kirakira2"},{"time":0.4,"name":"kirakira1"},{"time":0.5,"name":"kirakira2"},{"time":0.6,"name":"kirakira1"},{"time":0.7,"name":"kirakira2"},{"time":0.8,"name":"kirakira1"},{"time":0.9,"name":"kirakira2"},{"time":1,"name":"kirakira1"},{"time":1.1,"name":"kirakira2"},{"time":1.2,"name":"kirakira1"},{"time":1.3,"name":"kirakira2"},{"time":1.4,"name":"kirakira1"},{"time":1.5,"name":"kirakira2"},{"time":1.6,"name":"kirakira1"},{"time":1.7,"name":"kirakira2"},{"time":1.8,"name":"kirakira1"},{"time":1.9,"name":"kirakira2"},{"time":2,"name":"kirakira1"},{"time":2.1,"name":"kirakira2"},{"time":2.2,"name":"kirakira1"},{"time":2.3,"name":"kirakira2"},{"time":2.4,"name":"kirakira1"},{"time":2.5,"name":"kirakira2"},{"time":2.6,"name":"kirakira1"},{"time":2.7,"name":"kirakira2"},{"time":2.8,"name":"kirakira1"},{"time":2.9,"name":"kirakira2"},{"time":3,"name":"kirakira1"}]}},"bones":{"A1_wave1":{"translate":[{"time":0.4,"x":-631.76,"y":-23.02,"curve":"stepped"},{"time":1.1666,"x":-631.76,"y":-23.02,"curve":"stepped"},{"time":1.9333,"x":-631.76,"y":-23.02}],"scale":[{"time":0.4,"x":6.157,"y":6.157},{"time":0.7333,"x":5.416,"y":5.416,"curve":"stepped"},{"time":1.1666,"x":6.157,"y":6.157},{"time":1.5,"x":5.416,"y":5.416,"curve":"stepped"},{"time":1.9333,"x":6.157,"y":6.157},{"time":2.2666,"x":5.416,"y":5.416}]},"S1_shine1":{"translate":[{"time":0.4,"x":-724.16,"y":-25.53,"curve":"stepped"},{"time":1.1666,"x":-724.16,"y":-25.53,"curve":"stepped"},{"time":1.9333,"x":-724.16,"y":-25.53}],"scale":[{"time":0.4,"x":3.402,"y":3.402,"curve":"stepped"},{"time":1.1666,"x":3.402,"y":3.402,"curve":"stepped"},{"time":1.9333,"x":3.402,"y":3.402}]},"S1_shine2":{"translate":[{"time":0.4,"x":-821.82,"y":-21.28,"curve":"stepped"},{"time":1.1666,"x":-821.82,"y":-21.28,"curve":"stepped"},{"time":1.9333,"x":-821.82,"y":-21.28}],"scale":[{"time":0.4,"x":3.94,"y":3.94,"curve":"stepped"},{"time":1.1666,"x":3.94,"y":3.94,"curve":"stepped"},{"time":1.9333,"x":3.94,"y":3.94}]},"S1_wave1":{"translate":[{"time":0.4,"x":-940.23,"y":-135.47,"curve":"stepped"},{"time":1.1666,"x":-940.23,"y":-135.47,"curve":"stepped"},{"time":1.9333,"x":-940.23,"y":-135.47}],"scale":[{"time":0.4,"x":4.748,"y":4.748},{"time":0.7,"x":4.168,"y":4.168,"curve":"stepped"},{"time":1.1666,"x":4.748,"y":4.748},{"time":1.4666,"x":4.168,"y":4.168,"curve":"stepped"},{"time":1.9333,"x":4.748,"y":4.748},{"time":2.2333,"x":4.168,"y":4.168}]},"DAMAGEAREA":{"translate":[{"time":0.3333,"x":0,"y":66.84},{"time":0.5,"x":0,"y":122.23,"curve":"stepped"},{"time":1.1333,"x":0,"y":66.84},{"time":1.3,"x":0,"y":122.23,"curve":"stepped"},{"time":1.9,"x":0,"y":66.84},{"time":2.0666,"x":0,"y":112.6}],"scale":[{"time":0.3333,"x":0.85,"y":0.675},{"time":0.5,"x":2.406,"y":2.259,"curve":"stepped"},{"time":1.1333,"x":0.85,"y":0.675},{"time":1.3,"x":2.927,"y":2.64,"curve":"stepped"},{"time":1.9,"x":0.85,"y":0.675},{"time":2.0666,"x":2.868,"y":2.834}]},"EF_kira":{"rotate":[{"time":0,"angle":-44.8,"curve":"stepped"},{"time":0.8,"angle":-44.8,"curve":"stepped"},{"time":1.6,"angle":-44.8,"curve":"stepped"},{"time":2.4,"angle":-44.8}],"scale":[{"time":0,"x":1.242,"y":1.242,"curve":"stepped"},{"time":0.8,"x":1.242,"y":1.242,"curve":"stepped"},{"time":1.6,"x":1.242,"y":1.242,"curve":"stepped"},{"time":2.4,"x":1.242,"y":1.242}]},"EF_kira2":{"rotate":[{"time":0,"angle":-44.8,"curve":"stepped"},{"time":0.8,"angle":-44.8,"curve":"stepped"},{"time":1.6,"angle":-44.8,"curve":"stepped"},{"time":2.4,"angle":-44.8}],"scale":[{"time":0,"x":1.242,"y":1.242,"curve":"stepped"},{"time":0.8,"x":1.242,"y":1.242,"curve":"stepped"},{"time":1.6,"x":1.242,"y":1.242,"curve":"stepped"},{"time":2.4,"x":1.242,"y":1.242}]}},"drawOrder":[{"time":0.4,"offsets":[{"slot":"A1_wave1","offset":3},{"slot":"S1_shine2","offset":2}]}],"events":[{"time":0.2333,"name":"Event","float":0.15,"string":"kHitStopType_normal"},{"time":0.3,"name":"sound_1","string":"cri_se_battle_coin_impact"},{"time":0.3333,"name":"sound_1","string":"cri_se_battle_coin_lot"},{"time":0.4,"name":"voice","string":"cri_096_voice_skill_all"},{"time":1,"name":"sound_1","string":"cri_se_battle_coin_lot"},{"time":1.1,"name":"sound_1","string":"cri_se_battle_coin_impact"},{"time":1.1666,"name":"HIt","string":"resetHitList"},{"time":1.1666,"name":"Sound_2","string":"setHitSound(se_battle_hard_hit)"},{"time":1.1666,"name":"sound_1","string":"cri_se_battle_coin_lot"},{"time":1.8666,"name":"sound_1","string":"cri_se_battle_coin_impact"},{"time":1.9,"name":"Event","string":"kImpactType_knock"},{"time":1.9,"name":"HIt","float":1.25,"string":"resetHitList"},{"time":1.9,"name":"sound_1","string":"cri_se_battle_coin_lot"},{"time":1.9333,"name":"Event","string":"shakeGround"},{"time":1.9333,"name":"Sound_2","string":"setHitSound(se_battle_hard_hit)"}]},"skill2":{"slots":{"A1_wave1":{"attachment":[{"time":1.3333,"name":"EF/1040_A1_wave1/1040_A1_wave1_00002"},{"time":1.3666,"name":"EF/1040_A1_wave1/1040_A1_wave1_00003"},{"time":1.4,"name":"EF/1040_A1_wave1/1040_A1_wave1_00004"},{"time":1.4666,"name":"EF/1040_A1_wave1/1040_A1_wave1_00006"},{"time":1.5333,"name":"EF/1040_A1_wave1/1040_A1_wave1_00008"},{"time":1.6,"name":"EF/1040_A1_wave1/1040_A1_wave1_00009"},{"time":1.6666,"name":"EF/1040_A1_wave1/1040_A1_wave1_00010"},{"time":1.7,"name":null}],"color":[{"time":1.3333,"color":"ffffff75","curve":"stepped"},{"time":1.6,"color":"ffffff75"},{"time":1.7,"color":"ffffff00"}]},"DAMAGEAREA":{"attachment":[{"time":1.5666,"name":"DAMAGEAREA"},{"time":1.8333,"name":null},{"time":2.1666,"name":"DAMAGEAREA"},{"time":3.3333,"name":null}]},"MAIN":{"attachment":[{"time":0,"name":"skeleton-skill2_0"},{"time":0.2333,"name":"skeleton-skill2_1"},{"time":0.4666,"name":"skeleton-skill2_2"},{"time":0.7,"name":"skeleton-skill2_3"},{"time":1.3,"name":"skeleton-skill2_4"},{"time":1.3333,"name":"skeleton-skill2_5"},{"time":1.3666,"name":"skeleton-skill2_6"},{"time":3.4333,"name":"skeleton-skill2_7"},{"time":3.5333,"name":"skeleton-skill2_8"},{"time":3.6666,"name":"skeleton-skill2_9"},{"time":3.8,"name":"skeleton-idle_0"},{"time":4,"name":"skeleton-idle_0"}]},"S1_shine1":{"attachment":[{"time":1.3333,"name":"EF/1040_S1_shine1/1040_S1_shine1_00000"},{"time":1.8333,"name":null}],"color":[{"time":1.5,"color":"ffffffff"},{"time":1.9333,"color":"ffffff00"}]},"S1_shine2":{"attachment":[{"time":1.3333,"name":"EF/1040_S1_shine2/1040_S1_shine2_00000"},{"time":1.4,"name":"EF/1040_S1_shine2/1040_S1_shine2_00002"},{"time":1.4666,"name":"EF/1040_S1_shine2/1040_S1_shine2_00004"},{"time":1.5333,"name":"EF/1040_S1_shine2/1040_S1_shine2_00006"},{"time":1.6,"name":"EF/1040_S1_shine2/1040_S1_shine2_00004"},{"time":1.6666,"name":"EF/1040_S1_shine2/1040_S1_shine2_00002"},{"time":1.7333,"name":"EF/1040_S1_shine2/1040_S1_shine2_00008"},{"time":1.7666,"name":"EF/1040_S1_shine2/1040_S1_shine2_00010"},{"time":1.8,"name":"EF/1040_S1_shine2/1040_S1_shine2_00012"},{"time":1.8333,"name":"EF/1040_S1_shine2/1040_S1_shine2_00014"},{"time":1.8666,"name":null}],"color":[{"time":1.3333,"color":"ffffffa0"},{"time":1.7333,"color":"ffffff8a"},{"time":1.8666,"color":"ffffff00"}]},"S1_wave1":{"attachment":[{"time":1.3333,"name":"EF/1040_S1_wave1/1040_S1_wave1_00003"},{"time":1.3666,"name":"EF/1040_S1_wave1/1040_S1_wave1_00004"},{"time":1.4,"name":"EF/1040_S1_wave1/1040_S1_wave1_00005"},{"time":1.4333,"name":"EF/1040_S1_wave1/1040_S1_wave1_00006"},{"time":1.4666,"name":"EF/1040_S1_wave1/1040_S1_wave1_00007"},{"time":1.5333,"name":"EF/1040_S1_wave1/1040_S1_wave1_00008"},{"time":1.6,"name":"EF/1040_S1_wave1/1040_S1_wave1_00009"},{"time":2.0333,"name":"EF/1040_S1_wave1/1040_S1_wave1_00003"},{"time":2.0666,"name":"EF/1040_S1_wave1/1040_S1_wave1_00004"},{"time":2.1,"name":"EF/1040_S1_wave1/1040_S1_wave1_00005"},{"time":2.1333,"name":"EF/1040_S1_wave1/1040_S1_wave1_00006"},{"time":2.1666,"name":"EF/1040_S1_wave1/1040_S1_wave1_00007"},{"time":2.2,"name":"EF/1040_S1_wave1/1040_S1_wave1_00008"},{"time":2.2333,"name":"EF/1040_S1_wave1/1040_S1_wave1_00009"},{"time":2.3333,"name":"EF/1040_S1_wave1/1040_S1_wave1_00003"},{"time":2.3666,"name":"EF/1040_S1_wave1/1040_S1_wave1_00005"},{"time":2.4,"name":"EF/1040_S1_wave1/1040_S1_wave1_00006"},{"time":2.4333,"name":"EF/1040_S1_wave1/1040_S1_wave1_00007"},{"time":2.4666,"name":"EF/1040_S1_wave1/1040_S1_wave1_00008"},{"time":2.5,"name":"EF/1040_S1_wave1/1040_S1_wave1_00009"},{"time":2.5666,"name":"EF/1040_S1_wave1/1040_S1_wave1_00003"},{"time":2.6,"name":"EF/1040_S1_wave1/1040_S1_wave1_00004"},{"time":2.6333,"name":"EF/1040_S1_wave1/1040_S1_wave1_00005"},{"time":2.6666,"name":"EF/1040_S1_wave1/1040_S1_wave1_00006"},{"time":2.7,"name":"EF/1040_S1_wave1/1040_S1_wave1_00007"},{"time":2.7333,"name":"EF/1040_S1_wave1/1040_S1_wave1_00008"},{"time":2.7666,"name":"EF/1040_S1_wave1/1040_S1_wave1_00009"},{"time":2.8,"name":null}],"color":[{"time":1.5666,"color":"ffffffff"},{"time":1.6666,"color":"ffffff00","curve":"stepped"},{"time":2.1666,"color":"ffffffff"},{"time":2.2666,"color":"ffffff00","curve":"stepped"},{"time":2.3333,"color":"ffffffff","curve":"stepped"},{"time":2.4333,"color":"ffffffff"},{"time":2.5333,"color":"ffffff00","curve":"stepped"},{"time":2.5666,"color":"ffffffff","curve":"stepped"},{"time":2.7,"color":"ffffffff"},{"time":2.8,"color":"ffffff00"}]},"kirakira1":{"attachment":[{"time":0,"name":"kirakira1"},{"time":0.1,"name":"kirakira2"},{"time":0.2,"name":"kirakira1"},{"time":0.3,"name":"kirakira2"},{"time":0.4,"name":"kirakira1"},{"time":0.5,"name":"kirakira2"},{"time":0.6,"name":"kirakira1"},{"time":0.7,"name":"kirakira2"},{"time":0.8,"name":"kirakira1"},{"time":0.9,"name":"kirakira2"},{"time":1,"name":"kirakira1"},{"time":1.1,"name":"kirakira2"},{"time":1.2,"name":"kirakira1"},{"time":1.3,"name":"kirakira2"},{"time":1.4,"name":"kirakira1"},{"time":1.5,"name":"kirakira2"},{"time":1.6,"name":"kirakira1"},{"time":1.7,"name":"kirakira2"},{"time":1.8,"name":"kirakira1"},{"time":1.9,"name":"kirakira2"},{"time":2,"name":"kirakira1"},{"time":2.1,"name":"kirakira2"},{"time":2.2,"name":"kirakira1"},{"time":2.3333,"name":"kirakira2"},{"time":2.4,"name":"kirakira1"},{"time":2.5,"name":"kirakira2"},{"time":2.6,"name":"kirakira1"},{"time":2.7,"name":"kirakira2"},{"time":2.8,"name":"kirakira1"},{"time":2.9,"name":"kirakira2"},{"time":3,"name":"kirakira1"},{"time":3.1,"name":"kirakira2"},{"time":3.2,"name":"kirakira1"},{"time":3.3,"name":"kirakira2"},{"time":3.4,"name":"kirakira1"},{"time":3.5,"name":"kirakira2"},{"time":3.6,"name":"kirakira1"},{"time":3.7,"name":"kirakira2"},{"time":3.8,"name":"kirakira1"},{"time":3.9,"name":"kirakira2"},{"time":4,"name":"kirakira1"}]},"kirakira2":{"attachment":[{"time":0,"name":"kirakira1"},{"time":0.1,"name":"kirakira2"},{"time":0.2,"name":"kirakira1"},{"time":0.3,"name":"kirakira2"},{"time":0.4,"name":"kirakira1"},{"time":0.5,"name":"kirakira2"},{"time":0.6,"name":"kirakira1"},{"time":0.7,"name":"kirakira2"},{"time":0.8,"name":"kirakira1"},{"time":0.9,"name":"kirakira2"},{"time":1,"name":"kirakira1"},{"time":1.1,"name":"kirakira2"},{"time":1.2,"name":"kirakira1"},{"time":1.3,"name":"kirakira2"},{"time":1.4,"name":"kirakira1"},{"time":1.5,"name":"kirakira2"},{"time":1.6,"name":"kirakira1"},{"time":1.7,"name":"kirakira2"},{"time":1.8,"name":"kirakira1"},{"time":1.9,"name":"kirakira2"},{"time":2,"name":"kirakira1"},{"time":2.1,"name":"kirakira2"},{"time":2.2,"name":"kirakira1"},{"time":2.3333,"name":"kirakira2"},{"time":2.4,"name":"kirakira1"},{"time":2.5,"name":"kirakira2"},{"time":2.6,"name":"kirakira1"},{"time":2.7,"name":"kirakira2"},{"time":2.8,"name":"kirakira1"},{"time":2.9,"name":"kirakira2"},{"time":3,"name":"kirakira1"},{"time":3.1,"name":"kirakira2"},{"time":3.2,"name":"kirakira1"},{"time":3.3,"name":"kirakira2"},{"time":3.4,"name":"kirakira1"},{"time":3.5,"name":"kirakira2"},{"time":3.6,"name":"kirakira1"},{"time":3.7,"name":"kirakira2"},{"time":3.8,"name":"kirakira1"},{"time":3.9,"name":"kirakira2"},{"time":4,"name":"kirakira1"}]}},"bones":{"A1_wave1":{"translate":[{"time":1.3333,"x":-631.76,"y":2.2}],"scale":[{"time":1.3333,"x":2.82,"y":2.82},{"time":1.6666,"x":5.456,"y":5.456}]},"S1_shine1":{"rotate":[{"time":1.3333,"angle":-113.69}],"translate":[{"time":1.3333,"x":-724.16,"y":2.53}],"scale":[{"time":1.3333,"x":4.685,"y":4.685}]},"S1_shine2":{"translate":[{"time":1.3333,"x":-821.82,"y":6.77}],"scale":[{"time":1.3333,"x":6.91,"y":6.91}]},"S1_wave1":{"translate":[{"time":1.3333,"x":-940.23,"y":-135.47,"curve":"stepped"},{"time":2.0333,"x":-940.23,"y":-135.47}],"scale":[{"time":1.3333,"x":4,"y":4,"curve":[0.351,0.4,0.756,1]},{"time":1.6666,"x":5,"y":5,"curve":"stepped"},{"time":2.0333,"x":4,"y":4,"curve":[0.351,0.4,0.756,1]},{"time":2.2333,"x":5,"y":5,"curve":"stepped"},{"time":2.3333,"x":4,"y":4,"curve":[0.351,0.4,0.756,1]},{"time":2.5,"x":5,"y":5,"curve":"stepped"},{"time":2.5666,"x":4,"y":4,"curve":[0.351,0.4,0.756,1]},{"time":2.7666,"x":5,"y":5}]},"DAMAGEAREA":{"translate":[{"time":1.5666,"x":0,"y":134.2},{"time":1.8,"x":0,"y":139.01,"curve":"stepped"},{"time":2.1666,"x":0,"y":73.83},{"time":2.3333,"x":0,"y":145.89},{"time":2.9,"x":0,"y":161.69}],"scale":[{"time":1.5666,"x":2.72,"y":2.181,"curve":[0.475,0,0.785,0.37]},{"time":1.8,"x":2.771,"y":2.168,"curve":"stepped"},{"time":2.1666,"x":1.065,"y":0.842,"curve":[0.225,0.07,0.411,0.62]},{"time":2.3333,"x":3.239,"y":2.047,"curve":[0.08,0.45,0.186,1]},{"time":2.9,"x":3.395,"y":2.007}]},"EF":{"translate":[{"time":1.3,"x":0,"y":0.76}]},"EF_kira":{"rotate":[{"time":0,"angle":-44.8,"curve":"stepped"},{"time":1.6,"angle":-44.8,"curve":"stepped"},{"time":2.4,"angle":-44.8,"curve":"stepped"},{"time":3.2,"angle":-44.8}],"translate":[{"time":0,"x":0,"y":0,"curve":"stepped"},{"time":1.3666,"x":0,"y":23.43,"curve":"stepped"},{"time":3.4333,"x":0,"y":14.22,"curve":"stepped"},{"time":3.5333,"x":0,"y":4.18,"curve":"stepped"},{"time":3.6666,"x":0,"y":0}],"scale":[{"time":0,"x":1.242,"y":1.242,"curve":"stepped"},{"time":1.6,"x":1.242,"y":1.242,"curve":"stepped"},{"time":2.4,"x":1.242,"y":1.242,"curve":"stepped"},{"time":3.2,"x":1.242,"y":1.242}]},"EF_kira2":{"rotate":[{"time":0,"angle":-44.8,"curve":"stepped"},{"time":1.6,"angle":-44.8,"curve":"stepped"},{"time":2.4,"angle":-44.8,"curve":"stepped"},{"time":3.2,"angle":-44.8}],"translate":[{"time":0,"x":0,"y":0,"curve":"stepped"},{"time":1.3666,"x":0,"y":23.43,"curve":"stepped"},{"time":3.4333,"x":0,"y":14.22,"curve":"stepped"},{"time":3.5333,"x":0,"y":4.18,"curve":"stepped"},{"time":3.6666,"x":0,"y":0}],"scale":[{"time":0,"x":1.242,"y":1.242,"curve":"stepped"},{"time":1.6,"x":1.242,"y":1.242,"curve":"stepped"},{"time":2.4,"x":1.242,"y":1.242,"curve":"stepped"},{"time":3.2,"x":1.242,"y":1.242}]}},"drawOrder":[{"time":1.3333,"offsets":[{"slot":"A1_wave1","offset":3},{"slot":"S1_shine1","offset":0},{"slot":"S1_shine2","offset":2}]}],"events":[{"time":0,"name":"HitEffect","string":"setHitEffect(hit04d,1,0.55,50)"},{"time":0,"name":"voice","string":"cri_096_voice_fullarts_now"},{"time":1.2666,"name":"Event","float":0.03,"string":"kHitStopType_normal"},{"time":1.3333,"name":"sound_1","string":"cri_se_battle_skill_sound_light"},{"time":1.3333,"name":"voice","string":"cri_096_voice_fullarts_rank4"},{"time":1.5666,"name":"Event","float":1,"string":"shakeGround-Loop"},{"time":2.1333,"name":"Event","string":"addOrbitSystemCamera_rock"},{"time":2.1666,"name":"Event","string":"addOrbitSystemCamera_wind"},{"time":2.1666,"name":"HIt","string":"resetHitList"},{"time":2.1666,"name":"Sound_2","string":"cri_se_battle_030_explosion_02"},{"time":2.1666,"name":"sound3","string":"setHitSound(se_battle_hard_hit)"},{"time":2.1666,"name":"sound_1","string":"cri_se_battle_036_explosion_element_04"},{"time":2.2,"name":"HIt","string":"resetHitList"},{"time":2.2333,"name":"HIt","string":"resetHitList"},{"time":2.2333,"name":"sound3","string":"setHitSound(se_battle_hard_hit)"},{"time":2.2666,"name":"Event","float":1,"string":"shakeGround"},{"time":2.4,"name":"Event","string":"setHitBackEnemy(2,2)"},{"time":2.4333,"name":"HIt","string":"resetHitList"},{"time":2.4333,"name":"sound3","string":"setHitSound(se_battle_explosion_short)"},{"time":2.5,"name":"HIt","string":"resetHitList"},{"time":2.6,"name":"HIt","string":"resetHitList"},{"time":2.6666,"name":"HIt","string":"resetHitList"},{"time":2.7333,"name":"HIt","string":"resetHitList"},{"time":2.8,"name":"HIt","string":"resetHitList"},{"time":2.8666,"name":"HIt","string":"resetHitList"},{"time":2.9333,"name":"HIt","string":"resetHitList"},{"time":3,"name":"HIt","string":"resetHitList"},{"time":3.0666,"name":"HIt","string":"resetHitList"},{"time":3.1,"name":"Event","string":"setHitBackEnemy(90,70)"},{"time":3.1333,"name":"HIt","string":"resetHitList"},{"time":3.2,"name":"HIt","string":"resetHitList"},{"time":3.2666,"name":"HIt","string":"resetHitList"}]},"skill2org":{"slots":{"A1_wave1":{"attachment":[{"time":1.3333,"name":"EF/1040_A1_wave1/1040_A1_wave1_00002"},{"time":1.3666,"name":"EF/1040_A1_wave1/1040_A1_wave1_00003"},{"time":1.4,"name":"EF/1040_A1_wave1/1040_A1_wave1_00004"},{"time":1.4666,"name":"EF/1040_A1_wave1/1040_A1_wave1_00006"},{"time":1.5333,"name":"EF/1040_A1_wave1/1040_A1_wave1_00008"},{"time":1.6,"name":"EF/1040_A1_wave1/1040_A1_wave1_00009"},{"time":1.6666,"name":"EF/1040_A1_wave1/1040_A1_wave1_00010"},{"time":1.7,"name":null}],"color":[{"time":1.3333,"color":"ffffff75","curve":"stepped"},{"time":1.6,"color":"ffffff75"},{"time":1.7,"color":"ffffff00"}]},"DAMAGEAREA":{"attachment":[{"time":1.5666,"name":"DAMAGEAREA"},{"time":1.8333,"name":null},{"time":2.1666,"name":"DAMAGEAREA"},{"time":3.3333,"name":null}]},"MAIN":{"attachment":[{"time":0,"name":"skeleton-skill2_0"},{"time":0.2333,"name":"skeleton-skill2_1"},{"time":0.4666,"name":"skeleton-skill2_2"},{"time":0.7,"name":"skeleton-skill2_3"},{"time":1.3,"name":"skeleton-skill2_4"},{"time":1.3333,"name":"skeleton-skill2_5"},{"time":1.3666,"name":"skeleton-skill2_6"},{"time":3.4333,"name":"skeleton-skill2_7"},{"time":3.5333,"name":"skeleton-skill2_8"},{"time":3.6666,"name":"skeleton-skill2_9"},{"time":3.8,"name":"skeleton-idle_0"},{"time":4,"name":"skeleton-idle_0"}]},"S1_shine1":{"attachment":[{"time":1.3333,"name":"EF/1040_S1_shine1/1040_S1_shine1_00000"},{"time":1.8333,"name":null}],"color":[{"time":1.5,"color":"ffffffff"},{"time":1.9333,"color":"ffffff00"}]},"S1_shine2":{"attachment":[{"time":1.3333,"name":"EF/1040_S1_shine2/1040_S1_shine2_00000"},{"time":1.4,"name":"EF/1040_S1_shine2/1040_S1_shine2_00002"},{"time":1.4666,"name":"EF/1040_S1_shine2/1040_S1_shine2_00004"},{"time":1.5333,"name":"EF/1040_S1_shine2/1040_S1_shine2_00006"},{"time":1.6,"name":"EF/1040_S1_shine2/1040_S1_shine2_00004"},{"time":1.6666,"name":"EF/1040_S1_shine2/1040_S1_shine2_00002"},{"time":1.7333,"name":"EF/1040_S1_shine2/1040_S1_shine2_00008"},{"time":1.7666,"name":"EF/1040_S1_shine2/1040_S1_shine2_00010"},{"time":1.8,"name":"EF/1040_S1_shine2/1040_S1_shine2_00012"},{"time":1.8333,"name":"EF/1040_S1_shine2/1040_S1_shine2_00014"},{"time":1.8666,"name":null}],"color":[{"time":1.3333,"color":"ffffffa0"},{"time":1.7333,"color":"ffffff8a"},{"time":1.8666,"color":"ffffff00"}]},"S1_wave1":{"attachment":[{"time":1.3333,"name":"EF/1040_S1_wave1/1040_S1_wave1_00003"},{"time":1.3666,"name":"EF/1040_S1_wave1/1040_S1_wave1_00004"},{"time":1.4,"name":"EF/1040_S1_wave1/1040_S1_wave1_00005"},{"time":1.4333,"name":"EF/1040_S1_wave1/1040_S1_wave1_00006"},{"time":1.4666,"name":"EF/1040_S1_wave1/1040_S1_wave1_00007"},{"time":1.5333,"name":"EF/1040_S1_wave1/1040_S1_wave1_00008"},{"time":1.6,"name":"EF/1040_S1_wave1/1040_S1_wave1_00009"},{"time":2.0333,"name":"EF/1040_S1_wave1/1040_S1_wave1_00003"},{"time":2.0666,"name":"EF/1040_S1_wave1/1040_S1_wave1_00004"},{"time":2.1,"name":"EF/1040_S1_wave1/1040_S1_wave1_00005"},{"time":2.1333,"name":"EF/1040_S1_wave1/1040_S1_wave1_00006"},{"time":2.1666,"name":"EF/1040_S1_wave1/1040_S1_wave1_00007"},{"time":2.2,"name":"EF/1040_S1_wave1/1040_S1_wave1_00008"},{"time":2.2333,"name":"EF/1040_S1_wave1/1040_S1_wave1_00009"},{"time":2.3333,"name":"EF/1040_S1_wave1/1040_S1_wave1_00003"},{"time":2.3666,"name":"EF/1040_S1_wave1/1040_S1_wave1_00005"},{"time":2.4,"name":"EF/1040_S1_wave1/1040_S1_wave1_00006"},{"time":2.4333,"name":"EF/1040_S1_wave1/1040_S1_wave1_00007"},{"time":2.4666,"name":"EF/1040_S1_wave1/1040_S1_wave1_00008"},{"time":2.5,"name":"EF/1040_S1_wave1/1040_S1_wave1_00009"},{"time":2.5666,"name":"EF/1040_S1_wave1/1040_S1_wave1_00003"},{"time":2.6,"name":"EF/1040_S1_wave1/1040_S1_wave1_00004"},{"time":2.6333,"name":"EF/1040_S1_wave1/1040_S1_wave1_00005"},{"time":2.6666,"name":"EF/1040_S1_wave1/1040_S1_wave1_00006"},{"time":2.7,"name":"EF/1040_S1_wave1/1040_S1_wave1_00007"},{"time":2.7333,"name":"EF/1040_S1_wave1/1040_S1_wave1_00008"},{"time":2.7666,"name":"EF/1040_S1_wave1/1040_S1_wave1_00009"},{"time":2.8,"name":null}],"color":[{"time":1.5666,"color":"ffffffff"},{"time":1.6666,"color":"ffffff00","curve":"stepped"},{"time":2.1666,"color":"ffffffff"},{"time":2.2666,"color":"ffffff00","curve":"stepped"},{"time":2.3333,"color":"ffffffff","curve":"stepped"},{"time":2.4333,"color":"ffffffff"},{"time":2.5333,"color":"ffffff00","curve":"stepped"},{"time":2.5666,"color":"ffffffff","curve":"stepped"},{"time":2.7,"color":"ffffffff"},{"time":2.8,"color":"ffffff00"}]},"kirakira1":{"attachment":[{"time":0,"name":"kirakira1"},{"time":0.1,"name":"kirakira2"},{"time":0.2,"name":"kirakira1"},{"time":0.3,"name":"kirakira2"},{"time":0.4,"name":"kirakira1"},{"time":0.5,"name":"kirakira2"},{"time":0.6,"name":"kirakira1"},{"time":0.7,"name":"kirakira2"},{"time":0.8,"name":"kirakira1"},{"time":0.9,"name":"kirakira2"},{"time":1,"name":"kirakira1"},{"time":1.1,"name":"kirakira2"},{"time":1.2,"name":"kirakira1"},{"time":1.3,"name":"kirakira2"},{"time":1.4,"name":"kirakira1"},{"time":1.5,"name":"kirakira2"},{"time":1.6,"name":"kirakira1"},{"time":1.7,"name":"kirakira2"},{"time":1.8,"name":"kirakira1"},{"time":1.9,"name":"kirakira2"},{"time":2,"name":"kirakira1"},{"time":2.1,"name":"kirakira2"},{"time":2.2,"name":"kirakira1"},{"time":2.3333,"name":"kirakira2"},{"time":2.4,"name":"kirakira1"},{"time":2.5,"name":"kirakira2"},{"time":2.6,"name":"kirakira1"},{"time":2.7,"name":"kirakira2"},{"time":2.8,"name":"kirakira1"},{"time":2.9,"name":"kirakira2"},{"time":3,"name":"kirakira1"},{"time":3.1,"name":"kirakira2"},{"time":3.2,"name":"kirakira1"},{"time":3.3,"name":"kirakira2"},{"time":3.4,"name":"kirakira1"},{"time":3.5,"name":"kirakira2"},{"time":3.6,"name":"kirakira1"},{"time":3.7,"name":"kirakira2"},{"time":3.8,"name":"kirakira1"},{"time":3.9,"name":"kirakira2"},{"time":4,"name":"kirakira1"}]},"kirakira2":{"attachment":[{"time":0,"name":"kirakira1"},{"time":0.1,"name":"kirakira2"},{"time":0.2,"name":"kirakira1"},{"time":0.3,"name":"kirakira2"},{"time":0.4,"name":"kirakira1"},{"time":0.5,"name":"kirakira2"},{"time":0.6,"name":"kirakira1"},{"time":0.7,"name":"kirakira2"},{"time":0.8,"name":"kirakira1"},{"time":0.9,"name":"kirakira2"},{"time":1,"name":"kirakira1"},{"time":1.1,"name":"kirakira2"},{"time":1.2,"name":"kirakira1"},{"time":1.3,"name":"kirakira2"},{"time":1.4,"name":"kirakira1"},{"time":1.5,"name":"kirakira2"},{"time":1.6,"name":"kirakira1"},{"time":1.7,"name":"kirakira2"},{"time":1.8,"name":"kirakira1"},{"time":1.9,"name":"kirakira2"},{"time":2,"name":"kirakira1"},{"time":2.1,"name":"kirakira2"},{"time":2.2,"name":"kirakira1"},{"time":2.3333,"name":"kirakira2"},{"time":2.4,"name":"kirakira1"},{"time":2.5,"name":"kirakira2"},{"time":2.6,"name":"kirakira1"},{"time":2.7,"name":"kirakira2"},{"time":2.8,"name":"kirakira1"},{"time":2.9,"name":"kirakira2"},{"time":3,"name":"kirakira1"},{"time":3.1,"name":"kirakira2"},{"time":3.2,"name":"kirakira1"},{"time":3.3,"name":"kirakira2"},{"time":3.4,"name":"kirakira1"},{"time":3.5,"name":"kirakira2"},{"time":3.6,"name":"kirakira1"},{"time":3.7,"name":"kirakira2"},{"time":3.8,"name":"kirakira1"},{"time":3.9,"name":"kirakira2"},{"time":4,"name":"kirakira1"}]}},"bones":{"A1_wave1":{"translate":[{"time":1.3333,"x":-631.76,"y":2.2}],"scale":[{"time":1.3333,"x":2.82,"y":2.82},{"time":1.6666,"x":5.456,"y":5.456}]},"S1_shine1":{"rotate":[{"time":1.3333,"angle":-113.69}],"translate":[{"time":1.3333,"x":-724.16,"y":2.53}],"scale":[{"time":1.3333,"x":4.685,"y":4.685}]},"S1_shine2":{"translate":[{"time":1.3333,"x":-821.82,"y":6.77}],"scale":[{"time":1.3333,"x":6.91,"y":6.91}]},"S1_wave1":{"translate":[{"time":1.3333,"x":-940.23,"y":-135.47,"curve":"stepped"},{"time":2.0333,"x":-940.23,"y":-135.47}],"scale":[{"time":1.3333,"x":4,"y":4,"curve":[0.351,0.4,0.756,1]},{"time":1.6666,"x":5,"y":5,"curve":"stepped"},{"time":2.0333,"x":4,"y":4,"curve":[0.351,0.4,0.756,1]},{"time":2.2333,"x":5,"y":5,"curve":"stepped"},{"time":2.3333,"x":4,"y":4,"curve":[0.351,0.4,0.756,1]},{"time":2.5,"x":5,"y":5,"curve":"stepped"},{"time":2.5666,"x":4,"y":4,"curve":[0.351,0.4,0.756,1]},{"time":2.7666,"x":5,"y":5}]},"DAMAGEAREA":{"translate":[{"time":1.5666,"x":0,"y":134.2},{"time":1.8,"x":0,"y":139.01,"curve":"stepped"},{"time":2.1666,"x":0,"y":73.83},{"time":2.3333,"x":0,"y":145.89},{"time":2.9,"x":0,"y":161.69}],"scale":[{"time":1.5666,"x":2.72,"y":2.181,"curve":[0.475,0,0.785,0.37]},{"time":1.8,"x":2.771,"y":2.168,"curve":"stepped"},{"time":2.1666,"x":1.065,"y":0.842,"curve":[0.225,0.07,0.411,0.62]},{"time":2.3333,"x":3.239,"y":2.047,"curve":[0.08,0.45,0.186,1]},{"time":2.9,"x":3.395,"y":2.007}]},"EF":{"translate":[{"time":1.3,"x":0,"y":0.76}]},"EF_kira":{"rotate":[{"time":0,"angle":-44.8,"curve":"stepped"},{"time":1.6,"angle":-44.8,"curve":"stepped"},{"time":2.4,"angle":-44.8,"curve":"stepped"},{"time":3.2,"angle":-44.8}],"translate":[{"time":0,"x":0,"y":0,"curve":"stepped"},{"time":1.3666,"x":0,"y":23.43,"curve":"stepped"},{"time":3.4333,"x":0,"y":14.22,"curve":"stepped"},{"time":3.5333,"x":0,"y":4.18,"curve":"stepped"},{"time":3.6666,"x":0,"y":0}],"scale":[{"time":0,"x":1.242,"y":1.242,"curve":"stepped"},{"time":1.6,"x":1.242,"y":1.242,"curve":"stepped"},{"time":2.4,"x":1.242,"y":1.242,"curve":"stepped"},{"time":3.2,"x":1.242,"y":1.242}]},"EF_kira2":{"rotate":[{"time":0,"angle":-44.8,"curve":"stepped"},{"time":1.6,"angle":-44.8,"curve":"stepped"},{"time":2.4,"angle":-44.8,"curve":"stepped"},{"time":3.2,"angle":-44.8}],"translate":[{"time":0,"x":0,"y":0,"curve":"stepped"},{"time":1.3666,"x":0,"y":23.43,"curve":"stepped"},{"time":3.4333,"x":0,"y":14.22,"curve":"stepped"},{"time":3.5333,"x":0,"y":4.18,"curve":"stepped"},{"time":3.6666,"x":0,"y":0}],"scale":[{"time":0,"x":1.242,"y":1.242,"curve":"stepped"},{"time":1.6,"x":1.242,"y":1.242,"curve":"stepped"},{"time":2.4,"x":1.242,"y":1.242,"curve":"stepped"},{"time":3.2,"x":1.242,"y":1.242}]}},"drawOrder":[{"time":1.3333,"offsets":[{"slot":"A1_wave1","offset":3},{"slot":"S1_shine1","offset":0},{"slot":"S1_shine2","offset":2}]}],"events":[{"time":0,"name":"HitEffect","string":"setHitEffect(hit04d,1,0.55,50)"},{"time":0,"name":"voice","string":"cri_096_voice_fullarts_now"},{"time":1.2666,"name":"Event","float":0.03,"string":"kHitStopType_normal"},{"time":1.3333,"name":"sound_1","string":"cri_se_battle_skill_sound_light"},{"time":1.3333,"name":"voice","string":"cri_096_voice_fullarts_rank4"},{"time":1.5666,"name":"Event","float":1,"string":"shakeGround-Loop"},{"time":2.1333,"name":"Event","string":"addOrbitSystemCamera_rock"},{"time":2.1666,"name":"Event","string":"addOrbitSystemCamera_wind"},{"time":2.1666,"name":"HIt","string":"resetHitList"},{"time":2.1666,"name":"Sound_2","string":"cri_se_battle_030_explosion_02"},{"time":2.1666,"name":"sound_1","string":"cri_se_battle_036_explosion_element_04"},{"time":2.2,"name":"HIt","string":"resetHitList"},{"time":2.2333,"name":"HIt","string":"resetHitList"},{"time":2.2666,"name":"Event","float":1,"string":"shakeGround"},{"time":2.4,"name":"Event","string":"setHitBackEnemy(2,2)"},{"time":2.4333,"name":"Event","float":100,"string":"setBreakRate"},{"time":2.4333,"name":"HIt","string":"resetHitList"},{"time":2.5,"name":"Event","float":100,"string":"setBreakRate"},{"time":2.5,"name":"HIt","string":"resetHitList"},{"time":2.6,"name":"Event","float":100,"string":"setBreakRate"},{"time":2.6,"name":"HIt","string":"resetHitList"},{"time":2.6666,"name":"Event","float":100,"string":"setBreakRate"},{"time":2.6666,"name":"HIt","string":"resetHitList"},{"time":2.7333,"name":"Event","float":100,"string":"setBreakRate"},{"time":2.7333,"name":"HIt","string":"resetHitList"},{"time":2.8,"name":"Event","float":100,"string":"setBreakRate"},{"time":2.8,"name":"HIt","string":"resetHitList"},{"time":2.8666,"name":"Event","float":100,"string":"setBreakRate"},{"time":2.8666,"name":"HIt","string":"resetHitList"},{"time":2.9333,"name":"Event","float":100,"string":"setBreakRate"},{"time":2.9333,"name":"HIt","string":"resetHitList"},{"time":3,"name":"Event","float":100,"string":"setBreakRate"},{"time":3,"name":"HIt","string":"resetHitList"},{"time":3.0666,"name":"Event","float":100,"string":"setBreakRate"},{"time":3.0666,"name":"HIt","string":"resetHitList"},{"time":3.1,"name":"Event","string":"setHitBackEnemy(90,70)"},{"time":3.1333,"name":"Event","float":100,"string":"setBreakRate"},{"time":3.1333,"name":"HIt","string":"resetHitList"},{"time":3.2,"name":"Event","float":100,"string":"setBreakRate"},{"time":3.2,"name":"HIt","string":"resetHitList"},{"time":3.2666,"name":"Event","float":100,"string":"setBreakRate"},{"time":3.2666,"name":"HIt","string":"resetHitList"},{"time":3.3333,"name":"Event","float":100,"string":"setBreakRate"},{"time":3.3333,"name":"HIt","string":"resetHitList"}]}}}