{"skeleton":{"hash":"EDT0MIcHlpKFeEoyslknaRuvqr8","spine":"3.0.12","width":0,"height":0,"images":"./images2/"},"bones":[{"name":"root"},{"name":"S1_wave1_2","parent":"root","x":949.92,"y":-421.88},{"name":"S1_wave1","parent":"root","x":777.42,"y":-421.88},{"name":"MAIN","parent":"root","y":50},{"name":"HPBAR","parent":"MAIN","y":85}],"slots":[{"name":"S1_wave1","bone":"S1_wave1","blend":"additive"},{"name":"S1_wave2","bone":"S1_wave1_2","blend":"additive"},{"name":"MAIN","bone":"MAIN","attachment":"idle_00"}],"skins":{"default":{"MAIN":{"idle_00":{"x":-70,"y":15,"width":600,"height":400},"idle_01":{"x":-70,"y":15,"width":600,"height":400},"idle_02":{"x":-70,"y":15,"width":600,"height":400},"idle_03":{"x":-70,"y":15,"width":600,"height":400},"idle_04":{"x":-70,"y":15,"width":600,"height":400}}}},"events":{"Event":{},"Hit":{},"sound_1":{},"sound_2":{},"sound_3":{},"voice":{}},"animations":{"idle":{"slots":{"MAIN":{"attachment":[{"time":0,"name":"idle_00"},{"time":0.1666,"name":"idle_01"},{"time":0.3333,"name":"idle_02"},{"time":0.5,"name":"idle_03"},{"time":0.6666,"name":"idle_04"},{"time":0.8333,"name":"idle_00"}]},"S1_wave1":{"attachment":[{"time":0,"name":null}]},"S1_wave2":{"attachment":[{"time":0,"name":null}]}}}}}