{"skeleton":{"hash":"VfIH8x4MFFP8YM30T2C/mrTE2c8","spine":"3.0.12","width":0,"height":0,"images":"./images2/"},"bones":[{"name":"root"},{"name":"MAIN","parent":"root","y":50.78}],"slots":[{"name":"MAIN","bone":"MAIN","attachment":"idle_00"}],"skins":{"default":{"MAIN":{"idle_00":{"x":-35.97,"y":-0.49,"width":273,"height":300},"idle_01":{"x":-35.98,"y":-0.49,"width":273,"height":300},"idle_02":{"x":-35.98,"y":-0.49,"width":273,"height":300},"idle_03":{"x":-35.98,"y":-0.49,"width":273,"height":300},"idle_04":{"x":-35.98,"y":-0.49,"width":273,"height":300}}}},"events":{"Event":{},"Hit":{},"Sound1":{},"Sound2":{},"Voice":{}},"animations":{"idle":{"slots":{"MAIN":{"attachment":[{"time":0,"name":"idle_00"},{"time":0.1666,"name":"idle_01"},{"time":0.3333,"name":"idle_02"},{"time":0.5,"name":"idle_03"},{"time":0.6666,"name":"idle_04"},{"time":0.8333,"name":"idle_00"}]}},"bones":{"MAIN":{"translate":[{"time":0,"x":0,"y":0}]}}}}}