{"skeleton":{"hash":"4gFdu7O5wlg+DVFhnd2vg1nlPsw","spine":"3.0.12","width":0,"height":0,"images":"./images/"},"bones":[{"name":"root"},{"name":"MAIN","parent":"root","y":86,"color":"00019bff"},{"name":"SHADOW-OFFSET","parent":"MAIN","color":"9b9896ff"},{"name":"HPBAR","parent":"MAIN","x":-1.69,"y":89.79,"color":"00019bff"},{"name":"HITBOX","parent":"MAIN","color":"009b02ff"},{"name":"EF_slash3","parent":"root","x":-550,"y":300,"color":"a100ffff"},{"name":"EF_slash2","parent":"root","x":-500,"color":"a100ffff"},{"name":"EF_slash1","parent":"root","x":-650,"y":-50,"color":"a100ffff"},{"name":"DAMAGEAREA","parent":"root"},{"name":"690_S1_wave2","parent":"root","color":"9b0015ff"},{"name":"690_S1_wave1","parent":"root","color":"9b0015ff"}],"slots":[{"name":"Grit/bg","bone":"root","color":"ffffff64"},{"name":"Grit/grid","bone":"root","color":"ffffff64"},{"name":"EF/magic/magic_5dark","bone":"root"},{"name":"EF/690_S1_wave1/690_S1_wave1_00000","bone":"690_S1_wave1","blend":"additive"},{"name":"EF/690_S1_wave1/690_S1_wave1_0","bone":"690_S1_wave2","blend":"additive"},{"name":"MAIN","bone":"MAIN","attachment":"idle_0"},{"name":"EF/taiken_DOT/10000-combo_16_ef2_1F","bone":"EF_slash3","color":"a500ffff","blend":"additive"},{"name":"EF/taiken_DOT/10000-combo_16_ef2_2","bone":"EF_slash3","color":"a500ffff","blend":"additive"},{"name":"EF/taiken_DOT/10000-combo_7_ef1_1","bone":"EF_slash1","color":"a500ffff","blend":"additive"},{"name":"EF/taiken_DOT/up_EF_1","bone":"EF_slash2","color":"a500ffff","blend":"additive"},{"name":"DAMAGEAREA","bone":"DAMAGEAREA"},{"name":"HITBOX","bone":"HITBOX","attachment":"HITBOX"}],"skins":{"default":{"DAMAGEAREA":{"DAMAGEAREA":{"type":"boundingbox","vertices":[-95.02875,95.72919,-96.68478,-95.53885,96.23923,-94.71085,96.23923,95.72919,0,0,0,0,0,0,0,0]}},"EF/690_S1_wave1/690_S1_wave1_0":{"EF/690_S1_wave1/690_S1_wave1_00000":{"width":150,"height":150},"EF/690_S1_wave1/690_S1_wave1_00002":{"width":150,"height":150},"EF/690_S1_wave1/690_S1_wave1_00004":{"width":150,"height":150},"EF/690_S1_wave1/690_S1_wave1_00005":{"width":150,"height":150},"EF/690_S1_wave1/690_S1_wave1_00007":{"width":150,"height":150},"EF/690_S1_wave1/690_S1_wave1_00008":{"width":150,"height":150},"EF/690_S1_wave1/690_S1_wave1_00009":{"width":150,"height":150},"EF/690_S1_wave1/690_S1_wave1_00011":{"width":150,"height":150}},"EF/690_S1_wave1/690_S1_wave1_00000":{"EF/690_S1_wave1/690_S1_wave1_00000":{"width":150,"height":150},"EF/690_S1_wave1/690_S1_wave1_00002":{"width":150,"height":150},"EF/690_S1_wave1/690_S1_wave1_00004":{"width":150,"height":150},"EF/690_S1_wave1/690_S1_wave1_00005":{"width":150,"height":150},"EF/690_S1_wave1/690_S1_wave1_00007":{"width":150,"height":150},"EF/690_S1_wave1/690_S1_wave1_00008":{"width":150,"height":150},"EF/690_S1_wave1/690_S1_wave1_00009":{"width":150,"height":150},"EF/690_S1_wave1/690_S1_wave1_00011":{"width":150,"height":150}},"EF/magic/magic_5dark":{"EF/magic/magic_5dark":{"type":"mesh","uvs":[1,1,0,1,0,0,1,0],"triangles":[1,2,3,1,3,0],"vertices":[77.08999,-55.43,-72.9,-55.43,-72.9,94.56,77.08999,94.56],"hull":4,"edges":[0,2,2,4,4,6,0,6],"width":150,"height":150}},"EF/taiken_DOT/10000-combo_16_ef2_1F":{"EF/taiken_DOT/10000-combo_16_ef2_1F":{"x":50,"y":-70,"width":412,"height":342}},"EF/taiken_DOT/10000-combo_16_ef2_2":{"EF/taiken_DOT/10000-combo_16_ef2_2":{"x":50,"y":-70,"width":412,"height":342},"EF/taiken_DOT/10000-combo_16_ef2_3":{"x":50,"y":-70,"width":412,"height":342},"EF/taiken_DOT/10000-combo_16_ef2_1B":{"x":50,"y":-70,"width":412,"height":342}},"EF/taiken_DOT/10000-combo_7_ef1_1":{"EF/taiken_DOT/10000-combo_7_ef1_1":{"x":100,"y":-15,"width":412,"height":342},"EF/taiken_DOT/10000-combo_7_ef1_2":{"x":100,"y":-15,"width":412,"height":342},"EF/taiken_DOT/10000-combo_7_ef1_3":{"x":100,"y":-15,"width":412,"height":342}},"EF/taiken_DOT/up_EF_1":{"EF/taiken_DOT/up_EF_1":{"x":40,"y":-40,"width":200,"height":200},"EF/taiken_DOT/up_EF_2":{"x":40,"y":-40,"width":200,"height":200},"EF/taiken_DOT/up_EF_3":{"x":40,"y":-40,"width":200,"height":200},"EF/taiken_DOT/up_EF_4":{"x":40,"y":-40,"width":200,"height":200}},"HITBOX":{"HITBOX":{"type":"boundingbox","vertices":[-51.14474,-71.41488,36.62322,-71.41487,34.96719,53.61317,-50.31674,52.78518,0,0,0,0,0,0,0,0]}},"MAIN":{"attack1_0":{"y":32.33,"width":610,"height":499},"attack1_1":{"y":32.33,"width":610,"height":499},"attack1_2":{"y":32.33,"width":610,"height":499},"attack1_3":{"y":32.33,"width":610,"height":499},"attack1_4":{"y":32.33,"width":610,"height":499},"attack2_0":{"y":32.33,"width":547,"height":507},"attack2_1":{"y":32.33,"width":547,"height":507},"attack2_2":{"y":32.33,"width":547,"height":507},"attack2_3":{"y":32.33,"width":547,"height":507},"attack2_4":{"y":32.33,"width":547,"height":507},"back_0":{"y":32.33,"width":530,"height":446},"damage_0":{"y":32.33,"width":470,"height":456},"front_0":{"y":32.33,"width":513,"height":492},"front_1":{"y":32.33,"width":513,"height":492},"front_2":{"y":32.33,"width":513,"height":492},"idle_0":{"y":32.33,"width":560,"height":295},"idle_1":{"y":32.33,"width":560,"height":295},"idle_2":{"y":32.33,"width":560,"height":295},"idle_3":{"y":32.33,"width":560,"height":295},"skill1_0":{"y":32.33,"width":553,"height":532},"skill1_1":{"y":32.33,"width":553,"height":532},"skill1_2":{"y":32.33,"width":553,"height":532},"skill1_3":{"y":32.33,"width":553,"height":532},"skill1_4":{"y":32.33,"width":553,"height":532},"skill1_5":{"y":32.33,"width":553,"height":532},"skill1_6":{"y":32.33,"width":553,"height":532},"skill1_7":{"y":32.33,"width":553,"height":532},"skill1_8":{"y":32.33,"width":553,"height":532},"skill1_9":{"y":32.33,"width":553,"height":532},"skill1_10":{"y":32.33,"width":553,"height":532},"skill1_11":{"y":32.33,"width":553,"height":532},"skill1_12":{"y":32.33,"width":553,"height":532},"skill1_afterimage":{"x":20,"y":19.3,"width":352,"height":256}}}},"events":{"Event":{},"Hit":{},"HitEffect":{},"Sound1":{},"Sound2":{},"Sound3":{},"Voice":{}},"animations":{"attack1":{"slots":{"DAMAGEAREA":{"attachment":[{"time":0.3666,"name":"DAMAGEAREA"},{"time":0.4,"name":null},{"time":0.9333,"name":"DAMAGEAREA"},{"time":0.9666,"name":null}]},"EF/taiken_DOT/10000-combo_16_ef2_2":{"attachment":[{"time":0.9333,"name":"EF/taiken_DOT/10000-combo_16_ef2_1B"},{"time":0.9666,"name":null}]},"EF/taiken_DOT/10000-combo_16_ef2_1F":{"attachment":[{"time":0.9333,"name":"EF/taiken_DOT/10000-combo_16_ef2_1F"},{"time":0.9666,"name":null}]},"EF/taiken_DOT/up_EF_1":{"attachment":[{"time":0.3666,"name":"EF/taiken_DOT/up_EF_1"},{"time":0.4,"name":null}]},"MAIN":{"attachment":[{"time":0,"name":"skill1_6"},{"time":0.0666,"name":"skill1_7"},{"time":0.1,"name":"skill1_8"},{"time":0.1666,"name":"skill1_9"},{"time":0.3666,"name":"skill1_10"},{"time":0.4,"name":"skill1_11"},{"time":0.4333,"name":"skill1_12"},{"time":0.5666,"name":"attack1_0"},{"time":0.6333,"name":"attack1_1"},{"time":0.9333,"name":"attack1_2"},{"time":1,"name":"attack1_3"},{"time":1.0666,"name":"attack1_4"},{"time":1.3333,"name":"back_0"},{"time":1.5,"name":"idle_1"},{"time":1.5666,"name":"idle_0"}]}},"bones":{"MAIN":{"translate":[{"time":0,"x":0,"y":0},{"time":0.1666,"x":-3.29,"y":13.18,"curve":"stepped"},{"time":0.3666,"x":-3.29,"y":13.18,"curve":[0.085,0.81,0.75,1]},{"time":0.4333,"x":-111.84,"y":12.3,"curve":"stepped"},{"time":0.5666,"x":-111.84,"y":12.3},{"time":0.6333,"x":-99.13,"y":12.3},{"time":0.8333,"x":-92.66,"y":12.3,"curve":"stepped"},{"time":0.9333,"x":-92.66,"y":12.3},{"time":1,"x":-221.74,"y":10.25},{"time":1.1666,"x":-227.7,"y":10.25,"curve":"stepped"},{"time":1.3333,"x":-227.7,"y":10.25,"curve":[0.157,0.51,0.75,1]},{"time":1.6,"x":0,"y":0}]},"EF_slash2":{"rotate":[{"time":0.3666,"angle":-33.86}],"translate":[{"time":0.3666,"x":306.12,"y":173,"curve":"stepped"},{"time":0.9333,"x":250,"y":160}],"scale":[{"time":0.3666,"x":2.5,"y":-2.5}]},"EF_slash3":{"rotate":[{"time":0.9333,"angle":1.74}],"translate":[{"time":0.9333,"x":384.64,"y":-65.38}],"scale":[{"time":0.9333,"x":1.35,"y":1.099}]},"DAMAGEAREA":{"translate":[{"time":0.3666,"x":-139.63,"y":98.06,"curve":"stepped"},{"time":0.9333,"x":-236.63,"y":126.84}],"scale":[{"time":0.3666,"x":1.417,"y":1.361,"curve":"stepped"},{"time":0.9333,"x":1.837,"y":1.023}]},"EF_slash1":{"translate":[{"time":0.9333,"x":1.73,"y":-2.6}]}},"drawOrder":[{"time":0.3666,"offsets":[{"slot":"MAIN","offset":4}]},{"time":0.9333,"offsets":[{"slot":"EF/taiken_DOT/10000-combo_16_ef2_2","offset":-2}]},{"time":0.9666,"offsets":[{"slot":"EF/taiken_DOT/10000-combo_16_ef2_2","offset":2}]}],"events":[{"time":0,"name":"HitEffect","string":"setHitEffect(hit06e,1,1.2,1)"},{"time":0.3333,"name":"Event","float":0.15,"string":"kHitStopType_normal"},{"time":0.3333,"name":"Sound2","string":"cri_se_battle_sword_swish_heavy"},{"time":0.3666,"name":"Sound1","string":"setHitSound(se_battle_018_sword_hit_02)"},{"time":0.3666,"name":"Voice","string":"cri_060_voice_attack_random"},{"time":0.9,"name":"Event","float":0.25,"string":"kHitStopType_normal"},{"time":0.9,"name":"Sound2","string":"cri_se_battle_sword_swish_heavy"},{"time":0.9333,"name":"Hit","float":1.25,"string":"resetHitList"},{"time":0.9333,"name":"Sound1","string":"setHitSound(se_battle_018_sword_hit_02)"},{"time":0.9333,"name":"Voice","string":"cri_060_voice_attack_c"}]},"back":{"slots":{"MAIN":{"attachment":[{"time":0,"name":"back_0"},{"time":0.3333,"name":"idle_0"},{"time":0.4333,"name":"idle_1"},{"time":1.0333,"name":"idle_0"}]}},"bones":{"MAIN":{"translate":[{"time":0,"x":0,"y":0,"curve":[0.128,0.68,0.75,1]},{"time":0.3666,"x":131.39,"y":0,"curve":[0.299,0.8,0.75,1]},{"time":0.5,"x":140,"y":0}]}}},"cast":{"slots":{"MAIN":{"attachment":[{"time":0,"name":"skill1_6"},{"time":0.0666,"name":"skill1_7"},{"time":0.1,"name":"skill1_8"},{"time":0.1666,"name":"skill1_9"},{"time":0.5,"name":"skill1_10"},{"time":0.5333,"name":"skill1_11"},{"time":0.5666,"name":"skill1_12"},{"time":1,"name":"idle_0"}]}},"events":[{"time":0.5,"name":"Voice","string":"cri_060_voice_item"}]},"damage":{"slots":{"MAIN":{"attachment":[{"time":0,"name":"damage_0"}]}}},"front":{"slots":{"MAIN":{"attachment":[{"time":0,"name":"front_0"}]}}},"idle":{"slots":{"MAIN":{"attachment":[{"time":0,"name":"idle_0"},{"time":0.2333,"name":"idle_1"},{"time":0.6,"name":"idle_2"},{"time":0.8666,"name":"idle_3"},{"time":1.1666,"name":"idle_0"}]}}},"skill1":{"slots":{"DAMAGEAREA":{"attachment":[{"time":1.4333,"name":"DAMAGEAREA"},{"time":1.5,"name":null},{"time":2.4333,"name":"DAMAGEAREA"},{"time":2.6666,"name":null}]},"MAIN":{"attachment":[{"time":0,"name":"skill1_0"},{"time":0.0666,"name":"skill1_1"},{"time":0.1333,"name":"skill1_2"},{"time":0.5,"name":"skill1_3"},{"time":0.5333,"name":"skill1_4"},{"time":0.5666,"name":"skill1_5"},{"time":0.6666,"name":"skill1_afterimage"},{"time":0.7333,"name":null},{"time":0.8666,"name":"skill1_afterimage"},{"time":0.9333,"name":"skill1_7"},{"time":0.9666,"name":"skill1_8"},{"time":1.3333,"name":"skill1_9"},{"time":1.3666,"name":"skill1_10"},{"time":1.4,"name":"skill1_11"},{"time":1.4333,"name":"skill1_12"},{"time":1.5,"name":"attack2_1"},{"time":1.5333,"name":"attack1_2"},{"time":1.6333,"name":"front_1"},{"time":1.7333,"name":"attack1_1"},{"time":1.7666,"name":"attack1_2"},{"time":1.8,"name":"attack2_0"},{"time":1.8333,"name":"attack2_1"},{"time":1.8666,"name":"attack2_2"},{"time":2.2666,"name":"attack2_3"},{"time":2.3,"name":"attack2_4"},{"time":3.1,"name":null},{"time":3.3,"name":"idle_0"}]}},"bones":{"MAIN":{"rotate":[{"time":1.5333,"angle":59.77},{"time":1.5666,"angle":33.15},{"time":1.6,"angle":-63.19},{"time":1.6333,"angle":-134.09},{"time":1.6666,"angle":-149.53},{"time":1.7333,"angle":32.16},{"time":1.7666,"angle":31.78},{"time":1.8,"angle":41.96},{"time":1.8333,"angle":0}],"translate":[{"time":0,"x":-74.49,"y":0},{"time":0.5,"x":0,"y":0,"curve":[0.182,0.62,0.75,1]},{"time":0.5666,"x":-74.49,"y":0,"curve":"stepped"},{"time":0.7333,"x":-74.49,"y":0,"curve":"stepped"},{"time":0.8666,"x":0,"y":234.73,"curve":"stepped"},{"time":1.3333,"x":0,"y":234.73,"curve":[0.166,0.85,0.518,0.99]},{"time":1.5,"x":10.93,"y":272.43,"curve":"stepped"},{"time":1.5333,"x":10.93,"y":272.43,"curve":[0.25,0,0.75,1]},{"time":1.5666,"x":-119.09,"y":173.77,"curve":[0.263,0.51,0.634,0.82]},{"time":1.6,"x":-221.03,"y":278.19,"curve":[0.375,0.77,0.746,1]},{"time":1.6333,"x":-160.49,"y":457.26,"curve":[0.218,0.39,0.567,0.72]},{"time":1.6666,"x":-1.58,"y":476.03,"curve":[0.276,0.79,0.768,1]},{"time":1.7333,"x":207.09,"y":273.95,"curve":[0.185,0.82,0.75,1]},{"time":1.7666,"x":87.2,"y":226.31},{"time":1.8,"x":-11.76,"y":230.29,"curve":"stepped"},{"time":2.2666,"x":10.93,"y":272.43},{"time":2.3333,"x":25.3,"y":275.7,"curve":"stepped"},{"time":3.3,"x":0,"y":0}],"scale":[{"time":3.0666,"x":1,"y":1},{"time":3.1,"x":0.04,"y":1,"curve":"stepped"},{"time":3.3,"x":0.04,"y":1},{"time":3.3333,"x":1,"y":1}]},"DAMAGEAREA":{"translate":[{"time":1.4333,"x":-114.67,"y":214.23},{"time":1.5,"x":-73.09,"y":138.62,"curve":"stepped"},{"time":2.4333,"x":-259.51,"y":11.8},{"time":2.6333,"x":-253.86,"y":46.52}],"scale":[{"time":1.4333,"x":1.85,"y":2.223},{"time":1.5,"x":2.689,"y":2.587,"curve":"stepped"},{"time":2.4333,"x":0.705,"y":0.678},{"time":2.6666,"x":2.269,"y":1.423}]}},"events":[{"time":0.4666,"name":"Event","float":1.6,"string":"addOrbitSystem_1flame"},{"time":0.4666,"name":"Voice","string":"cri_060_voice_skill_all"},{"time":0.6666,"name":"Sound1","string":"cri_se_battle_teleport"},{"time":0.8333,"name":"Event","int":234,"string":"setPosition_Target"},{"time":1.3333,"name":"Event","float":0.25,"string":"kHitStopType_normal"},{"time":1.3333,"name":"Sound2","string":"cri_se_battle_sword_swish_heavy"},{"time":1.3666,"name":"Event","string":"kImpactType_down"},{"time":1.3666,"name":"Sound2","string":"cri_se_battle_033_explosion_element_01"},{"time":1.4333,"name":"Event","float":0.2,"string":"shakeGround_Loop"},{"time":1.4333,"name":"HitEffect","string":"setHitEffect(hit06e,1,1.5,1)"},{"time":1.4333,"name":"Sound1","string":"setHitSound(se_battle_explosion_short)"},{"time":1.4666,"name":"Hit","string":"resetHitList"},{"time":1.4666,"name":"HitEffect","string":"setHitEffect(hit06e,1,0,1)"},{"time":2.2333,"name":"Sound1","string":"cri_se_battle_gun_burst"},{"time":2.3666,"name":"Event","float":0.15,"string":"kHitStopType_enemyonly"},{"time":2.4,"name":"Event","string":"kImpactType_normal"},{"time":2.4333,"name":"Event","string":"shakeGround"},{"time":2.4333,"name":"HitEffect","string":"setHitEffect(hit02e,1,1,1)"},{"time":2.4333,"name":"Sound1","string":"cri_se_battle_explosion_short"},{"time":2.4333,"name":"Sound3","string":"cri_se_battle_037_explosion_element_05"},{"time":2.5,"name":"Sound1","string":"setHitSound(se_battle_explosion_short)"},{"time":2.5333,"name":"Hit","float":1.4,"string":"resetHitList"},{"time":2.5666,"name":"Hit","float":1.5,"string":"resetHitList"},{"time":3.1,"name":"Sound1","string":"cri_se_battle_teleport"}]},"skill2":{"slots":{"DAMAGEAREA":{"attachment":[{"time":1.7666,"name":"DAMAGEAREA"},{"time":2.3,"name":null}]},"EF/690_S1_wave1/690_S1_wave1_00000":{"attachment":[{"time":0.0666,"name":"EF/690_S1_wave1/690_S1_wave1_00000"},{"time":0.1,"name":"EF/690_S1_wave1/690_S1_wave1_00002"},{"time":0.1666,"name":"EF/690_S1_wave1/690_S1_wave1_00004"},{"time":0.2,"name":"EF/690_S1_wave1/690_S1_wave1_00005"},{"time":0.2666,"name":"EF/690_S1_wave1/690_S1_wave1_00007"},{"time":0.3,"name":"EF/690_S1_wave1/690_S1_wave1_00008"},{"time":0.3333,"name":"EF/690_S1_wave1/690_S1_wave1_00009"},{"time":0.3666,"name":"EF/690_S1_wave1/690_S1_wave1_00011"},{"time":0.4,"name":null},{"time":0.9333,"name":"EF/690_S1_wave1/690_S1_wave1_00000"},{"time":1,"name":"EF/690_S1_wave1/690_S1_wave1_00002"},{"time":1.0333,"name":"EF/690_S1_wave1/690_S1_wave1_00004"},{"time":1.0666,"name":"EF/690_S1_wave1/690_S1_wave1_00005"},{"time":1.1,"name":"EF/690_S1_wave1/690_S1_wave1_00007"},{"time":1.1333,"name":"EF/690_S1_wave1/690_S1_wave1_00008"},{"time":1.1666,"name":"EF/690_S1_wave1/690_S1_wave1_00009"},{"time":1.2333,"name":"EF/690_S1_wave1/690_S1_wave1_00011"},{"time":1.2666,"name":null}]},"EF/690_S1_wave1/690_S1_wave1_0":{"attachment":[{"time":1.0666,"name":"EF/690_S1_wave1/690_S1_wave1_00000"},{"time":1.1333,"name":"EF/690_S1_wave1/690_S1_wave1_00002"},{"time":1.1666,"name":"EF/690_S1_wave1/690_S1_wave1_00004"},{"time":1.2,"name":"EF/690_S1_wave1/690_S1_wave1_00005"},{"time":1.2333,"name":"EF/690_S1_wave1/690_S1_wave1_00007"},{"time":1.2666,"name":"EF/690_S1_wave1/690_S1_wave1_00008"},{"time":1.3,"name":"EF/690_S1_wave1/690_S1_wave1_00009"},{"time":1.3666,"name":"EF/690_S1_wave1/690_S1_wave1_00011"},{"time":1.4,"name":null}]},"EF/magic/magic_5dark":{"attachment":[{"time":0.1333,"name":"EF/magic/magic_5dark"},{"time":1.1666,"name":null}]},"MAIN":{"attachment":[{"time":0,"name":"skill1_6"},{"time":0.1333,"name":"skill1_7"},{"time":0.2,"name":"skill1_8"},{"time":1.6666,"name":"skill1_9"},{"time":1.7,"name":"skill1_10"},{"time":1.7666,"name":"skill1_11"},{"time":1.8333,"name":"skill1_12"},{"time":3.1,"name":"attack2_0"}]}},"bones":{"MAIN":{"rotate":[{"time":0.1666,"angle":0,"curve":[0.911,0,0.75,1]},{"time":1.6666,"angle":-1.39}],"translate":[{"time":1.7333,"x":0,"y":0,"curve":[0.038,0.74,0.75,1]},{"time":1.8666,"x":0,"y":33.51,"curve":"stepped"},{"time":3.1333,"x":0,"y":0}]},"690_S1_wave1":{"translate":[{"time":0.0666,"x":2.38,"y":31.84,"curve":"stepped"},{"time":0.5333,"x":2.38,"y":31.84}],"scale":[{"time":0.0666,"x":8,"y":8,"curve":"stepped"},{"time":0.5333,"x":8,"y":8}]},"690_S1_wave2":{"translate":[{"time":1.0666,"x":2.38,"y":31.84}],"scale":[{"time":1.0666,"x":8,"y":8}]},"DAMAGEAREA":{"translate":[{"time":1.6666,"x":-277.65,"y":68.23,"curve":"stepped"},{"time":1.7333,"x":-253.6,"y":31.52},{"time":1.7666,"x":-253.6,"y":390.7}],"scale":[{"time":1.7333,"x":2.088,"y":1},{"time":1.7666,"x":2.517,"y":4.933}]}},"ffd":{"default":{"EF/magic/magic_5dark":{"EF/magic/magic_5dark":[{"time":0.1333,"vertices":[11.51397,21.66447,11.51397,21.66447,11.51397,-95.59649,11.51397,-95.59649]},{"time":0.3,"vertices":[229.47041,-35.09972,-206.44247,-35.09972,-206.44247,-57.21824,229.47041,-57.21824]},{"time":0.6666,"vertices":[164.5065,-46.49404,-252.42143,-24.125,-148.00972,-45.75664,268.9184,-68.12562]},{"time":0.9333,"vertices":[110.4252,-53.65769,-283.02457,-14.39463,-99.00822,-38.54066,294.44186,-77.80362]},{"time":1.1,"vertices":[101.73854,-56.40456,-291.0574,-9.33779,-80.63153,-38.11508,300.5366,-80.93487]},{"time":1.1666,"vertices":[156.82776,-74.97419,-376.9399,-25.57346,-145.41084,-17.22419,388.35724,-66.62478]}]}}},"events":[{"time":0,"name":"Event","string":"setHitEffect(hit02e,1,0.6,100)"},{"time":0,"name":"HitEffect"},{"time":0.0666,"name":"Sound2","string":"cri_se_battle_magic_Invocation_dark"},{"time":0.1333,"name":"Voice","string":"cri_060_voice_fullarts_rank3"},{"time":0.2,"name":"Sound1","string":"cri_se_battle_charge_long"},{"time":0.2,"name":"Sound2","string":"cri_se_battle_effect_01"},{"time":0.8,"name":"Sound1","string":"cri_se_battle_arrow_light_effect"},{"time":1.1666,"name":"Sound1","string":"cri_se_battle_spark"},{"time":1.7,"name":"Sound1","string":"cri_se_battle_skill_shot"},{"time":1.7666,"name":"Event","float":0.18,"string":"kHitStopType_normal"},{"time":1.9,"name":"Event","float":1.5,"string":"shakeGround_Loop"},{"time":1.9,"name":"Sound1","string":"cri_se_battle_030_explosion_02"},{"time":1.9,"name":"Sound2","string":"cri_se_battle_monster_hit"},{"time":1.9,"name":"Sound3","string":"cri_se_battle_037_explosion_element_05"},{"time":2,"name":"Event","float":0.05,"string":"kHitStopType_enemyonly"},{"time":2,"name":"Hit","float":1.2,"string":"resetHitList"},{"time":2,"name":"Sound1","string":"setHitSound(se_battle_explosion_short)"},{"time":2.0666,"name":"Hit","float":1.5,"string":"resetHitList"},{"time":2.1333,"name":"Event","string":"kImpactType_up"},{"time":2.1333,"name":"Hit","float":1.5,"string":"resetHitList"},{"time":2.2,"name":"Event","string":"kImpactType_up"},{"time":2.2,"name":"Hit","float":1.5,"string":"resetHitList"}]}}}