{"skeleton":{"hash":"0TzGOP0jON1b4VjcL3ed93/bXas","spine":"3.0.12","width":188.86,"height":84.04},"bones":[{"name":"root"},{"name":"MAIN","parent":"root","x":-0.02,"y":24.66},{"name":"SHADOW-OFFSET","parent":"MAIN","x":0.02,"y":-8.19,"scaleX":1.1,"scaleY":1.1},{"name":"HPBAR","parent":"MAIN","x":0.02,"y":65.33},{"name":"HITBOX","parent":"MAIN","x":0.02,"y":-8.19},{"name":"EF","parent":"root","y":13.39},{"name":"magic2","parent":"EF","y":-30.33,"scaleX":2,"scaleY":2},{"name":"magic","parent":"EF","y":-30.33,"scaleX":2,"scaleY":2},{"name":"S2_wind_1_2","parent":"EF","x":-345.28,"y":372.76,"scaleX":2,"scaleY":2},{"name":"S2_wind1","parent":"EF","x":-126.86,"y":372.56,"scaleX":2,"scaleY":2},{"name":"S1_wave1","parent":"EF","y":-8.2,"scaleX":2,"scaleY":2},{"name":"DAMAGEAREA","parent":"root"},{"name":"sub1","parent":"MAIN","x":-53.13,"y":-0.34},{"name":"sub2","parent":"MAIN","x":33.92,"y":-0.58},{"name":"sub3","parent":"MAIN","x":34.63,"y":-0.58}],"slots":[{"name":"EF/magic","bone":"magic","blend":"additive"},{"name":"EF/magic2","bone":"magic2","blend":"additive"},{"name":"S1_wave1","bone":"S1_wave1","blend":"additive"},{"name":"MAIN","bone":"MAIN","attachment":"attack_00"},{"name":"S2_wind1","bone":"S2_wind1","blend":"additive"},{"name":"sub1","bone":"sub1","attachment":"attack_00"},{"name":"sub2","bone":"sub2","attachment":"attack_00"},{"name":"sub3","bone":"sub3"},{"name":"S2_wind1_2","bone":"S2_wind_1_2","blend":"additive"},{"name":"DAMAGEAREA","bone":"DAMAGEAREA"},{"name":"HITBOX","bone":"HITBOX","attachment":"HITBOX"}],"skins":{"default":{"DAMAGEAREA":{"DAMAGEAREA":{"type":"boundingbox","vertices":[-31.86884,-31.98093,32.00406,-32.40392,32.42707,31.46898,-31.86884,31.89198]}},"EF/magic":{"EF/magic":{"type":"mesh","uvs":[1,1,0,1,0,0,1,0],"triangles":[1,2,3,1,3,0],"vertices":[150,-150,-150,-150,-150,150,150,150],"hull":4}},"EF/magic2":{"EF/magic":{"type":"mesh","uvs":[1,1,0,1,0,0,1,0],"triangles":[1,2,3,1,3,0],"vertices":[150,-150,-150,-150,-150,150,150,150],"hull":4}},"HITBOX":{"HITBOX":{"type":"boundingbox","vertices":[-52.59527,33.84798,-53.08526,-15.15199,43.93468,-15.64199,43.93468,33.35797]}},"MAIN":{"attack_00":{"x":-8.81,"y":8.67,"rotation":-0.22,"width":101,"height":77},"attack_01":{"x":-8.2,"y":8.67,"rotation":-0.22,"width":101,"height":77},"attack_02":{"x":-9.42,"y":9.05,"rotation":-0.22,"width":101,"height":77},"attack_03":{"x":-9.42,"y":7.82,"rotation":-0.22,"width":101,"height":77},"attack_04":{"x":-10.03,"y":8.67,"rotation":-0.22,"width":101,"height":77},"back_00":{"x":-1.02,"y":11.49,"width":65,"height":73},"back_01":{"x":-2.86,"y":11.49,"width":65,"height":73},"damage_00":{"x":2.2,"y":7.71,"width":84,"height":76},"front_00":{"x":0.02,"y":11.82,"width":64,"height":73},"front_01":{"x":0.02,"y":14.88,"width":64,"height":73},"idle_00":{"x":0.02,"y":7.62,"width":145,"height":106},"idle_01":{"x":0.02,"y":7.62,"width":145,"height":106},"idle_02":{"x":0.02,"y":7.62,"width":145,"height":106},"idle_03":{"x":0.02,"y":7.62,"width":145,"height":106},"idle_04":{"x":0.02,"y":7.62,"width":145,"height":106},"skill_00":{"x":1.01,"y":14.41,"width":71,"height":87},"skill_01":{"x":1.01,"y":14.35,"width":71,"height":87},"skill_02":{"x":1.01,"y":12.33,"width":71,"height":87},"skill_03":{"x":1.01,"y":13.32,"width":71,"height":87},"skill_04":{"x":1.01,"y":15.27,"width":71,"height":87}},"S1_wave1":{"EF/620_S1_wave1/620_S1_wave1_00038":{"y":8.2,"width":300,"height":300},"EF/620_S1_wave1/620_S1_wave1_00039":{"y":8.2,"width":300,"height":300},"EF/620_S1_wave1/620_S1_wave1_00040":{"y":8.2,"width":300,"height":300},"EF/620_S1_wave1/620_S1_wave1_00041":{"y":8.2,"width":300,"height":300},"EF/620_S1_wave1/620_S1_wave1_00042":{"y":8.2,"width":300,"height":300},"EF/620_S1_wave1/620_S1_wave1_00043":{"y":8.2,"width":300,"height":300},"EF/620_S1_wave1/620_S1_wave1_00044":{"y":8.2,"width":300,"height":300},"EF/620_S1_wave1/620_S1_wave1_00045":{"y":8.2,"width":300,"height":300},"EF/620_S1_wave1/620_S1_wave1_00046":{"y":8.2,"width":300,"height":300},"EF/620_S1_wave1/620_S1_wave1_00047":{"y":8.2,"width":300,"height":300},"EF/620_S1_wave1/620_S1_wave1_00048":{"y":8.2,"width":300,"height":300},"EF/620_S1_wave1/620_S1_wave1_00049":{"y":8.2,"width":300,"height":300},"EF/620_S1_wave1/620_S1_wave1_00050":{"y":8.2,"width":300,"height":300}},"S2_wind1":{"EF/270_S2_wind1_DOT/270_S2_wind1_00054":{"width":278,"height":376},"EF/270_S2_wind1_DOT/270_S2_wind1_00055":{"width":278,"height":376},"EF/270_S2_wind1_DOT/270_S2_wind1_00056":{"width":278,"height":376},"EF/270_S2_wind1_DOT/270_S2_wind1_00057":{"width":278,"height":376},"EF/270_S2_wind1_DOT/270_S2_wind1_00058":{"width":278,"height":376},"EF/270_S2_wind1_DOT/270_S2_wind1_00059":{"width":278,"height":376},"EF/270_S2_wind1_DOT/270_S2_wind1_00060":{"width":278,"height":376},"EF/270_S2_wind1_DOT/270_S2_wind1_00061":{"width":278,"height":376},"EF/270_S2_wind1_DOT/270_S2_wind1_00062":{"width":278,"height":376},"EF/270_S2_wind1_DOT/270_S2_wind1_00063":{"width":278,"height":376},"EF/270_S2_wind1_DOT/270_S2_wind1_00064":{"width":278,"height":376},"EF/270_S2_wind1_DOT/270_S2_wind1_00065":{"width":278,"height":376},"EF/270_S2_wind1_DOT/270_S2_wind1_00066":{"width":278,"height":376},"EF/270_S2_wind1_DOT/270_S2_wind1_00067":{"width":278,"height":376},"EF/270_S2_wind1_DOT/270_S2_wind1_00068":{"width":278,"height":376},"EF/270_S2_wind1_DOT/270_S2_wind1_00069":{"width":278,"height":376},"EF/270_S2_wind1_DOT/270_S2_wind1_00070":{"width":278,"height":376},"EF/270_S2_wind1_DOT/270_S2_wind1_00071":{"width":278,"height":376},"EF/270_S2_wind1_DOT/270_S2_wind1_00072":{"width":278,"height":376},"EF/270_S2_wind1_DOT/270_S2_wind1_00073":{"width":278,"height":376},"EF/270_S2_wind1_DOT/270_S2_wind1_00074":{"width":278,"height":376},"EF/270_S2_wind1_DOT/270_S2_wind1_00075":{"width":278,"height":376},"EF/270_S2_wind1_DOT/270_S2_wind1_00076":{"width":278,"height":376},"EF/270_S2_wind1_DOT/270_S2_wind1_00077":{"width":278,"height":376},"EF/270_S2_wind1_DOT/270_S2_wind1_00078":{"width":278,"height":376},"EF/270_S2_wind1_DOT/270_S2_wind1_00079":{"width":278,"height":376},"EF/270_S2_wind1_DOT/270_S2_wind1_00080":{"width":278,"height":376},"EF/270_S2_wind1_DOT/270_S2_wind1_00081":{"width":278,"height":376},"EF/270_S2_wind1_DOT/270_S2_wind1_00082":{"width":278,"height":376},"EF/270_S2_wind1_DOT/270_S2_wind1_00083":{"width":278,"height":376},"EF/270_S2_wind1_DOT/270_S2_wind1_00084":{"width":278,"height":376},"EF/270_S2_wind1_DOT/270_S2_wind1_00085":{"width":278,"height":376},"EF/270_S2_wind1_DOT/270_S2_wind1_00086":{"width":278,"height":376}},"S2_wind1_2":{"EF/270_S2_wind1_DOT/270_S2_wind1_00054":{"x":-12.49,"y":-0.9,"width":278,"height":376},"EF/270_S2_wind1_DOT/270_S2_wind1_00055":{"x":-12.49,"y":-0.9,"width":278,"height":376},"EF/270_S2_wind1_DOT/270_S2_wind1_00056":{"x":-12.49,"y":-0.9,"width":278,"height":376},"EF/270_S2_wind1_DOT/270_S2_wind1_00057":{"x":-12.49,"y":-0.9,"width":278,"height":376},"EF/270_S2_wind1_DOT/270_S2_wind1_00058":{"x":-12.49,"y":-0.9,"width":278,"height":376},"EF/270_S2_wind1_DOT/270_S2_wind1_00059":{"x":-12.49,"y":-0.9,"width":278,"height":376},"EF/270_S2_wind1_DOT/270_S2_wind1_00060":{"x":-12.49,"y":-0.9,"width":278,"height":376},"EF/270_S2_wind1_DOT/270_S2_wind1_00061":{"x":-12.49,"y":-0.9,"width":278,"height":376},"EF/270_S2_wind1_DOT/270_S2_wind1_00062":{"x":-12.49,"y":-0.9,"width":278,"height":376},"EF/270_S2_wind1_DOT/270_S2_wind1_00063":{"x":-12.49,"y":-0.9,"width":278,"height":376},"EF/270_S2_wind1_DOT/270_S2_wind1_00064":{"x":-12.49,"y":-0.9,"width":278,"height":376},"EF/270_S2_wind1_DOT/270_S2_wind1_00065":{"x":-12.49,"y":-0.9,"width":278,"height":376},"EF/270_S2_wind1_DOT/270_S2_wind1_00066":{"x":-12.49,"y":-0.9,"width":278,"height":376},"EF/270_S2_wind1_DOT/270_S2_wind1_00067":{"x":-12.49,"y":-0.9,"width":278,"height":376},"EF/270_S2_wind1_DOT/270_S2_wind1_00068":{"x":-12.49,"y":-0.9,"width":278,"height":376},"EF/270_S2_wind1_DOT/270_S2_wind1_00069":{"x":-12.49,"y":-0.9,"width":278,"height":376},"EF/270_S2_wind1_DOT/270_S2_wind1_00070":{"x":-12.49,"y":-0.9,"width":278,"height":376},"EF/270_S2_wind1_DOT/270_S2_wind1_00071":{"x":-12.49,"y":-0.9,"width":278,"height":376},"EF/270_S2_wind1_DOT/270_S2_wind1_00072":{"x":-12.49,"y":-0.9,"width":278,"height":376},"EF/270_S2_wind1_DOT/270_S2_wind1_00073":{"x":-12.49,"y":-0.9,"width":278,"height":376},"EF/270_S2_wind1_DOT/270_S2_wind1_00074":{"x":-12.49,"y":-0.9,"width":278,"height":376},"EF/270_S2_wind1_DOT/270_S2_wind1_00075":{"x":-12.49,"y":-0.9,"width":278,"height":376},"EF/270_S2_wind1_DOT/270_S2_wind1_00076":{"x":-12.49,"y":-0.9,"width":278,"height":376},"EF/270_S2_wind1_DOT/270_S2_wind1_00077":{"x":-12.49,"y":-0.9,"width":278,"height":376},"EF/270_S2_wind1_DOT/270_S2_wind1_00078":{"x":-12.49,"y":-0.9,"width":278,"height":376},"EF/270_S2_wind1_DOT/270_S2_wind1_00079":{"x":-12.49,"y":-0.9,"width":278,"height":376},"EF/270_S2_wind1_DOT/270_S2_wind1_00080":{"x":-12.49,"y":-0.9,"width":278,"height":376},"EF/270_S2_wind1_DOT/270_S2_wind1_00081":{"x":-12.49,"y":-0.9,"width":278,"height":376},"EF/270_S2_wind1_DOT/270_S2_wind1_00082":{"x":-12.49,"y":-0.9,"width":278,"height":376},"EF/270_S2_wind1_DOT/270_S2_wind1_00083":{"x":-12.49,"y":-0.9,"width":278,"height":376},"EF/270_S2_wind1_DOT/270_S2_wind1_00084":{"x":-12.49,"y":-0.9,"width":278,"height":376},"EF/270_S2_wind1_DOT/270_S2_wind1_00085":{"x":-12.49,"y":-0.9,"width":278,"height":376},"EF/270_S2_wind1_DOT/270_S2_wind1_00086":{"x":-12.49,"y":-0.9,"width":278,"height":376}},"sub1":{"attack_00":{"x":-9.32,"y":2.16,"width":101,"height":77},"attack_01":{"x":-9.32,"y":3.38,"width":101,"height":77},"attack_02":{"x":-9.32,"y":5.83,"width":101,"height":77},"attack_03":{"x":-9.32,"y":5.83,"width":101,"height":77},"attack_04":{"x":-9.32,"y":5.83,"width":101,"height":77},"back_00":{"x":-5.88,"y":3.09,"width":65,"height":73},"back_01":{"x":-5.88,"y":5.54,"width":65,"height":73},"damage_00":{"y":-7.65,"width":84,"height":76},"front_00":{"x":0.23,"y":2.77,"width":64,"height":73},"front_01":{"x":0.23,"y":5.22,"width":64,"height":73},"skill_00":{"x":-5.88,"y":2.17,"width":71,"height":87},"skill_01":{"x":-5.88,"y":2.17,"width":71,"height":87},"skill_02":{"x":-5.88,"y":5.54,"width":71,"height":87},"skill_03":{"x":-5.88,"y":5.54,"width":71,"height":87},"skill_04":{"x":-5.88,"y":5.54,"width":71,"height":87}},"sub2":{"attack_00":{"x":-8.5,"y":3.81,"width":101,"height":77},"attack_01":{"x":-6.36,"y":4.13,"width":101,"height":77},"attack_02":{"x":-6.36,"y":2.29,"width":101,"height":77},"attack_03":{"x":-6.36,"y":2.91,"width":101,"height":77},"attack_04":{"x":-8.51,"y":3.81,"width":101,"height":77},"back_00":{"x":-4.56,"y":2,"width":65,"height":73},"back_01":{"x":-4.56,"y":2.62,"width":65,"height":73},"damage_00":{"y":-8.56,"width":84,"height":76},"front_00":{"x":0.4,"y":2.19,"width":64,"height":73},"front_01":{"x":0.4,"y":1.58,"width":64,"height":73},"skill_00":{"x":-4.56,"y":4.76,"width":71,"height":87},"skill_01":{"x":-4.56,"y":4.76,"width":71,"height":87},"skill_02":{"x":-4.56,"y":2.62,"width":71,"height":87},"skill_03":{"x":-4.56,"y":3.53,"width":71,"height":87},"skill_04":{"x":-4.56,"y":5.68,"width":71,"height":87}},"sub3":{"attack_00":{"x":-8.5,"y":4.12,"width":101,"height":77},"attack_01":{"x":-6.36,"y":2.29,"width":101,"height":77},"attack_02":{"x":-6.36,"y":2.91,"width":101,"height":77},"attack_03":{"x":-6.36,"y":5.97,"width":101,"height":77},"attack_04":{"x":-8.51,"y":5.03,"width":101,"height":77},"back_00":{"x":-4.56,"y":2.62,"width":65,"height":73},"back_01":{"x":-4.56,"y":2.92,"width":65,"height":73},"front_00":{"x":0.4,"y":3.11,"width":64,"height":73},"front_01":{"x":0.4,"y":3.11,"width":64,"height":73},"skill_00":{"x":-4.56,"y":4.76,"width":71,"height":87},"skill_01":{"x":-4.56,"y":4.76,"width":71,"height":87},"skill_02":{"x":-4.56,"y":5.68,"width":71,"height":87},"skill_03":{"x":-4.56,"y":5.68,"width":71,"height":87},"skill_04":{"x":-4.56,"y":5.68,"width":71,"height":87}}}},"events":{"Event":{},"Hit":{},"HitEffect":{},"Sound":{},"Sound_1":{},"Sound_2":{},"Voice":{}},"animations":{"attack1":{"slots":{"DAMAGEAREA":{"attachment":[{"time":1.0666,"name":"DAMAGEAREA"},{"time":1.1666,"name":null},{"time":1.3,"name":"DAMAGEAREA"},{"time":1.4,"name":null},{"time":1.4333,"name":"DAMAGEAREA"},{"time":1.6,"name":null}]},"MAIN":{"attachment":[{"time":0,"name":"idle_00"},{"time":0.2,"name":"idle_01"},{"time":0.4,"name":"idle_02"},{"time":0.5333,"name":"idle_03"},{"time":0.7,"name":null},{"time":2.0333,"name":"idle_00"},{"time":2.2,"name":"idle_02"},{"time":2.4666,"name":"idle_03"}]},"S1_wave1":{"attachment":[{"time":0,"name":null}]},"S2_wind1":{"attachment":[{"time":0,"name":null}]},"sub1":{"attachment":[{"time":0,"name":null},{"time":0.7,"name":"front_01"},{"time":0.8333,"name":"back_00"},{"time":0.8666,"name":"attack_00"},{"time":0.9,"name":"front_01"},{"time":1.2333,"name":"attack_00"},{"time":1.3,"name":"attack_00"},{"time":1.3666,"name":"attack_01"},{"time":1.4333,"name":"attack_02"},{"time":1.5333,"name":"attack_03"},{"time":1.6333,"name":"back_00"},{"time":1.6666,"name":"back_01"},{"time":1.7,"name":"back_00"},{"time":1.7333,"name":"back_01"},{"time":1.7666,"name":"back_00"},{"time":1.8,"name":"back_01"},{"time":1.8333,"name":"back_00"},{"time":1.8666,"name":"back_01"},{"time":2.0333,"name":null}]},"sub2":{"attachment":[{"time":0,"name":null},{"time":0.7,"name":"front_00"},{"time":0.8,"name":"front_01"},{"time":0.9,"name":"attack_00"},{"time":0.9666,"name":"attack_01"},{"time":1.0666,"name":"attack_02"},{"time":1.1666,"name":"attack_03"},{"time":1.2,"name":"attack_00"},{"time":2.0333,"name":null}]},"sub3":{"attachment":[{"time":0.7,"name":"attack_00"},{"time":0.8333,"name":"front_00"},{"time":1.0333,"name":"attack_00"},{"time":1.1,"name":"attack_01"},{"time":1.3,"name":"attack_02"},{"time":1.3666,"name":"attack_03"},{"time":1.4333,"name":"back_00"},{"time":1.6333,"name":"attack_00"},{"time":2,"name":"attack_00"},{"time":2.0333,"name":null}]}},"bones":{"sub1":{"translate":[{"time":0.7,"x":11.24,"y":-3.32},{"time":0.8,"x":47.7,"y":25.93,"curve":[0.25,0,0.75,1]},{"time":0.9,"x":91.41,"y":-0.76},{"time":1.0333,"x":51.87,"y":29.25},{"time":1.2,"x":7.72,"y":-0.66},{"time":1.3,"x":4.65,"y":-0.66,"curve":[0.25,0,0.75,1]},{"time":1.4333,"x":-26.59,"y":41.89},{"time":1.5666,"x":-46.54,"y":7.31},{"time":1.6333,"x":-41.24,"y":7.31},{"time":1.9,"x":18.87,"y":7.31}]},"sub2":{"translate":[{"time":0.7,"x":-10.24,"y":-8.28},{"time":0.8,"x":-54,"y":24.07},{"time":0.8666,"x":-88.56,"y":0.73},{"time":0.9,"x":-92.02,"y":0.73,"curve":"stepped"},{"time":0.9666,"x":-92.02,"y":0.73},{"time":1.0666,"x":-111.9,"y":37.03},{"time":1.1666,"x":-122.27,"y":8.51},{"time":1.2,"x":-127.45,"y":5.92},{"time":1.3,"x":-74.74,"y":48.26},{"time":1.4333,"x":3.02,"y":6.78}]},"MAIN":{"translate":[{"time":0.5333,"x":0,"y":0,"curve":"stepped"},{"time":2.4666,"x":0,"y":0}]},"sub3":{"translate":[{"time":0.7,"x":-53.19,"y":7.31},{"time":0.8333,"x":-56.86,"y":28.4},{"time":1.0333,"x":-86.21,"y":5.48},{"time":1.2333,"x":-113.72,"y":43.99},{"time":1.3,"x":-115.15,"y":43.99},{"time":1.4333,"x":-128.39,"y":8.23},{"time":1.5333,"x":-83.91,"y":30.69},{"time":1.6333,"x":-32.34,"y":11.16}]},"DAMAGEAREA":{"translate":[{"time":1.0666,"x":-76.07,"y":42.59}],"scale":[{"time":1.0666,"x":2.179,"y":1.215}]}},"drawOrder":[{"time":0.7,"offsets":[{"slot":"sub3","offset":-2}]}],"events":[{"time":0.7,"name":"Voice","string":"cri_018a_voice_attack_random"},{"time":0.7666,"name":"Sound_1","string":"cri_se_battle_minimum_attacks"},{"time":1,"name":"Event","float":0.05,"string":"kHitStopType_normal"},{"time":1.0666,"name":"Sound","string":"setHitSound(se_battle_025_blow_hit)"},{"time":1.3,"name":"Hit","string":"resetHitList"},{"time":1.3,"name":"Sound","string":"setHitSound(se_battle_025_blow_hit)"},{"time":1.4333,"name":"Hit","string":"resetHitList"},{"time":1.4333,"name":"Sound","string":"setHitSound(se_battle_025_blow_hit)"}]},"attack1_re":{"slots":{"DAMAGEAREA":{"attachment":[{"time":0.5333,"name":"DAMAGEAREA"},{"time":0.6,"name":null},{"time":0.7666,"name":"DAMAGEAREA"},{"time":0.8666,"name":null},{"time":0.9,"name":"DAMAGEAREA"},{"time":1.0666,"name":null}]},"MAIN":{"attachment":[{"time":0,"name":"idle_00"},{"time":0.1666,"name":null}]},"S1_wave1":{"attachment":[{"time":0,"name":null}]},"S2_wind1":{"attachment":[{"time":0,"name":null}]},"sub1":{"attachment":[{"time":0,"name":null},{"time":0.1666,"name":"front_01"},{"time":0.3,"name":"back_00"},{"time":0.3333,"name":"attack_00"},{"time":0.3666,"name":"front_01"},{"time":0.5666,"name":"attack_00"},{"time":0.6333,"name":"attack_00"},{"time":0.7,"name":"attack_01"},{"time":0.7666,"name":"attack_02"},{"time":0.8666,"name":"attack_03"},{"time":0.9,"name":"attack_03"},{"time":0.9666,"name":"back_00"},{"time":1,"name":"back_01"},{"time":1.0333,"name":"back_00"},{"time":1.0666,"name":"back_01"},{"time":1.1,"name":"back_00"},{"time":1.1333,"name":"back_01"},{"time":1.1666,"name":"back_00"},{"time":1.2,"name":"attack_01"},{"time":1.2333,"name":"attack_00"},{"time":1.2666,"name":null}]},"sub2":{"attachment":[{"time":0,"name":null},{"time":0.1666,"name":"front_00"},{"time":0.2666,"name":"front_01"},{"time":0.3666,"name":"attack_00"},{"time":0.4333,"name":"attack_01"},{"time":0.5333,"name":"attack_02"},{"time":0.6333,"name":"attack_03"},{"time":0.6666,"name":"attack_00"},{"time":0.7,"name":"back_00"},{"time":0.7333,"name":"back_01"},{"time":0.7666,"name":"back_00"},{"time":0.8,"name":"back_01"},{"time":0.8333,"name":"back_00"},{"time":0.8666,"name":"back_01"},{"time":0.9,"name":"back_00"},{"time":0.9333,"name":"back_01"},{"time":0.9666,"name":"back_00"},{"time":1,"name":"back_01"},{"time":1.0333,"name":"back_00"},{"time":1.0666,"name":"back_01"},{"time":1.1,"name":"back_00"},{"time":1.1333,"name":"back_01"},{"time":1.1666,"name":"attack_01"},{"time":1.2,"name":"attack_00"},{"time":1.2666,"name":null}]},"sub3":{"attachment":[{"time":0.1666,"name":"attack_00"},{"time":0.3,"name":"front_00"},{"time":0.5,"name":"attack_00"},{"time":0.5666,"name":"attack_01"},{"time":0.6666,"name":"attack_02"},{"time":0.7333,"name":"attack_03"},{"time":0.8,"name":"back_00"},{"time":0.8666,"name":"attack_04"},{"time":0.9,"name":"front_00"},{"time":0.9333,"name":"front_01"},{"time":0.9666,"name":"front_00"},{"time":1,"name":"front_01"},{"time":1.0333,"name":"front_00"},{"time":1.0666,"name":"front_01"},{"time":1.1,"name":"front_00"},{"time":1.1333,"name":"front_01"},{"time":1.1666,"name":"front_00"},{"time":1.2,"name":"front_01"},{"time":1.2333,"name":"attack_01"},{"time":1.2666,"name":null}]}},"bones":{"sub1":{"translate":[{"time":0.1666,"x":18.3,"y":3.18},{"time":0.2666,"x":50.18,"y":27.47},{"time":0.3666,"x":82.06,"y":3.18},{"time":0.5,"x":51.7,"y":27.98},{"time":0.6333,"x":13.75,"y":3.18},{"time":0.7666,"x":5.05,"y":42.49},{"time":0.9,"x":-31.63,"y":8.95},{"time":0.9666,"x":-41.24,"y":7.31,"curve":[0.2,0.29,0.75,1]},{"time":1.2,"x":18.87,"y":7.31}]},"sub2":{"translate":[{"time":0.1666,"x":-10.71,"y":-8.73},{"time":0.2666,"x":-56.76,"y":24.35},{"time":0.3333,"x":-87.46,"y":0.87},{"time":0.3666,"x":-94.09,"y":2.29,"curve":"stepped"},{"time":0.4333,"x":-105.34,"y":6.32,"curve":[0.25,0,0.75,1]},{"time":0.5333,"x":-105.34,"y":35.67},{"time":0.6333,"x":-120.01,"y":6.82,"curve":"stepped"},{"time":0.6666,"x":-120.01,"y":6.82},{"time":0.7666,"x":-90.47,"y":18.97},{"time":0.8666,"x":-60.93,"y":6.82},{"time":0.9666,"x":-35.08,"y":29.53},{"time":1.1333,"x":8,"y":6.82}]},"MAIN":{"translate":[{"time":0.1666,"x":0,"y":0}]},"sub3":{"translate":[{"time":0.1666,"x":-30.23,"y":6.77,"curve":"stepped"},{"time":0.2666,"x":-30.23,"y":6.77,"curve":"stepped"},{"time":0.3,"x":-30.23,"y":6.77},{"time":0.4,"x":-54.27,"y":22.46},{"time":0.5,"x":-78.31,"y":6.77},{"time":0.6,"x":-107.65,"y":38.65},{"time":0.6333,"x":-108.41,"y":38.65},{"time":0.6666,"x":-109.17,"y":38.65},{"time":0.8666,"x":-128.39,"y":8.23},{"time":1,"x":-83.91,"y":30.69},{"time":1.2333,"x":-32.34,"y":11.16}],"scale":[{"time":0.9,"x":-1,"y":1,"curve":"stepped"},{"time":1.2333,"x":1,"y":1}]},"DAMAGEAREA":{"translate":[{"time":0.5333,"x":-29.27,"y":13.95}],"scale":[{"time":0.5333,"x":1.381,"y":0.403}]}},"drawOrder":[{"time":0.1666,"offsets":[{"slot":"sub3","offset":-2}]}]},"back":{"slots":{"MAIN":{"attachment":[{"time":0,"name":"back_00"},{"time":0.1666,"name":"back_01"},{"time":0.3333,"name":"back_00"},{"time":0.5,"name":"back_01"},{"time":0.6666,"name":"back_00"}]},"S1_wave1":{"attachment":[{"time":0,"name":null},{"time":0.3333,"name":null}]},"S2_wind1":{"attachment":[{"time":0,"name":null},{"time":0.3333,"name":null}]},"S2_wind1_2":{"attachment":[{"time":0,"name":null},{"time":0.3333,"name":null}]},"sub1":{"attachment":[{"time":0,"name":"back_00"},{"time":0.1333,"name":"back_01"},{"time":0.2666,"name":"back_00"},{"time":0.3333,"name":"back_00"},{"time":0.4666,"name":"back_01"},{"time":0.6,"name":"back_00"}]},"sub2":{"attachment":[{"time":0,"name":"back_00"},{"time":0.1333,"name":"back_01"},{"time":0.3,"name":"back_00"},{"time":0.3333,"name":"back_00"},{"time":0.4666,"name":"back_01"},{"time":0.6333,"name":"back_00"}]}},"bones":{"MAIN":{"translate":[{"time":0,"x":0,"y":0.8,"curve":[0.192,0.18,0.75,1]},{"time":0.6666,"x":114.9,"y":0.8}]},"sub2":{"translate":[{"time":0,"x":-5.36,"y":-2.23}]},"sub1":{"translate":[{"time":0,"x":15.29,"y":1.89}]}},"events":[{"time":0,"name":"Sound_1","string":"cri_se_battle_pop_hit"},{"time":0.1333,"name":"Sound_1","string":"cri_se_battle_pop_hit"},{"time":0.2666,"name":"Sound_1","string":"cri_se_battle_pop_hit"},{"time":0.4,"name":"Sound_1","string":"cri_se_battle_pop_hit"},{"time":0.5333,"name":"Sound_1","string":"cri_se_battle_pop_hit"}]},"cast":{"slots":{"MAIN":{"attachment":[{"time":0,"name":null}]},"sub1":{"attachment":[{"time":0,"name":"skill_00"},{"time":0.0333,"name":"skill_01"},{"time":0.0666,"name":"skill_02"},{"time":0.1,"name":"skill_03"},{"time":0.1333,"name":"skill_04"},{"time":0.5333,"name":"skill_03"},{"time":0.5666,"name":"skill_02"},{"time":0.6,"name":"skill_01"},{"time":0.6333,"name":"skill_00"}]},"sub2":{"attachment":[{"time":0,"name":"skill_00"},{"time":0.0333,"name":"skill_01"},{"time":0.0666,"name":"skill_02"},{"time":0.1,"name":"skill_03"},{"time":0.1333,"name":"skill_04"},{"time":0.5666,"name":"skill_04"},{"time":0.6,"name":"skill_03"},{"time":0.6333,"name":"skill_02"},{"time":0.6666,"name":"skill_01"},{"time":0.7,"name":"skill_00"}]},"sub3":{"attachment":[{"time":0,"name":"skill_00"},{"time":0.2333,"name":"skill_01"},{"time":0.2666,"name":"skill_02"},{"time":0.3,"name":"skill_03"},{"time":0.3333,"name":"skill_04"},{"time":0.6333,"name":"skill_04"},{"time":0.6666,"name":"skill_03"},{"time":0.7,"name":"skill_02"},{"time":0.7333,"name":"skill_01"},{"time":0.7666,"name":"skill_00"}]}},"bones":{"MAIN":{"translate":[{"time":0,"x":0,"y":2.83}]},"sub1":{"translate":[{"time":0,"x":26.78,"y":7.25,"curve":"stepped"},{"time":0.0333,"x":26.78,"y":7.25,"curve":[0.25,0,0.188,1.01]},{"time":0.3333,"x":23.94,"y":42.84,"curve":[0.395,0.01,0.906,0.75]},{"time":0.6666,"x":26.78,"y":7.25}]},"sub2":{"translate":[{"time":0,"x":3.83,"y":5.13,"curve":"stepped"},{"time":0.1,"x":3.83,"y":5.13,"curve":[0.25,0,0.188,1]},{"time":0.4,"x":1.33,"y":44.98,"curve":[0.395,0.01,0.906,0.75]},{"time":0.7333,"x":3.83,"y":5.13}]},"sub3":{"translate":[{"time":0,"x":-26.89,"y":5.13,"curve":"stepped"},{"time":0.2,"x":-26.89,"y":5.13,"curve":[0.25,0,0.208,1]},{"time":0.5,"x":-26.89,"y":71.48,"curve":[0.418,0.11,0.834,0.75]},{"time":0.8333,"x":-26.89,"y":5.13}]}},"drawOrder":[{"time":0,"offsets":[{"slot":"sub3","offset":-2}]}],"events":[{"time":0.0666,"name":"Sound_1","string":"cri_se_battle_pop_jump"},{"time":0.1333,"name":"Sound_1","string":"cri_se_battle_pop_jump"},{"time":0.1333,"name":"Voice","string":"cri_018a_voice_item"},{"time":0.2666,"name":"Sound_1","string":"cri_se_battle_pop_jump"}]},"damage":{"slots":{"MAIN":{"attachment":[{"time":0,"name":"damage_00"}]},"sub1":{"attachment":[{"time":0,"name":"damage_00"}]},"sub2":{"attachment":[{"time":0,"name":"damage_00"}]}},"bones":{"sub2":{"translate":[{"time":0,"x":-4.33,"y":9.56}]},"sub1":{"translate":[{"time":0,"x":15.92,"y":15.1}]}}},"front":{"slots":{"MAIN":{"attachment":[{"time":0,"name":"front_00"},{"time":0.1666,"name":"front_01"},{"time":0.3333,"name":"front_00"}]},"sub1":{"attachment":[{"time":0,"name":"front_01"},{"time":0.0333,"name":"front_00"},{"time":0.2,"name":"front_01"}]},"sub2":{"attachment":[{"time":0,"name":"front_00"},{"time":0.2,"name":"front_01"},{"time":0.3,"name":"front_00"}]}},"bones":{"MAIN":{"translate":[{"time":0,"x":1.94,"y":0}]},"sub2":{"translate":[{"time":0,"x":-5.54,"y":-0.17}]},"sub1":{"translate":[{"time":0,"x":14.32,"y":3.07}]}}},"idle":{"slots":{"MAIN":{"attachment":[{"time":0,"name":"idle_00"},{"time":0.1666,"name":"idle_01"},{"time":0.3333,"name":"idle_02"},{"time":0.5,"name":"idle_03"},{"time":0.6666,"name":"idle_04"},{"time":0.8333,"name":"idle_04"}]},"sub1":{"attachment":[{"time":0,"name":null}]},"sub2":{"attachment":[{"time":0,"name":null}]}}},"skill1":{"slots":{"DAMAGEAREA":{"attachment":[{"time":2.2,"name":"DAMAGEAREA"},{"time":2.3666,"name":null}]},"EF/magic":{"attachment":[{"time":0.6666,"name":"EF/magic"}],"color":[{"time":2.6,"color":"ffffffff"},{"time":2.8666,"color":"ffffff00"}]},"EF/magic2":{"attachment":[{"time":0.9666,"name":"EF/magic"}],"color":[{"time":0.9666,"color":"ffffff60"},{"time":1.3,"color":"ffffff00"}]},"MAIN":{"attachment":[{"time":0,"name":"idle_01"},{"time":0.1666,"name":"idle_02"},{"time":0.3333,"name":"idle_03"},{"time":0.5,"name":"attack_00"},{"time":0.6666,"name":"skill_00"},{"time":0.7,"name":"skill_00"},{"time":0.7333,"name":"skill_01"},{"time":0.7666,"name":"skill_02"},{"time":0.8333,"name":"skill_03"},{"time":0.9,"name":"skill_04"},{"time":1.9666,"name":"skill_01"},{"time":2,"name":"skill_00"},{"time":2.0333,"name":"skill_00"},{"time":2.2666,"name":"attack_00"},{"time":2.5,"name":"idle_02"},{"time":2.8333,"name":"idle_03"},{"time":2.9666,"name":"idle_04"}]},"S1_wave1":{"attachment":[{"time":2,"name":"EF/620_S1_wave1/620_S1_wave1_00038"},{"time":2.0333,"name":"EF/620_S1_wave1/620_S1_wave1_00039"},{"time":2.0666,"name":"EF/620_S1_wave1/620_S1_wave1_00040"},{"time":2.1,"name":"EF/620_S1_wave1/620_S1_wave1_00041"},{"time":2.1333,"name":"EF/620_S1_wave1/620_S1_wave1_00042"},{"time":2.1666,"name":"EF/620_S1_wave1/620_S1_wave1_00043"},{"time":2.2,"name":"EF/620_S1_wave1/620_S1_wave1_00044"},{"time":2.2333,"name":"EF/620_S1_wave1/620_S1_wave1_00045"},{"time":2.2666,"name":"EF/620_S1_wave1/620_S1_wave1_00046"},{"time":2.3,"name":"EF/620_S1_wave1/620_S1_wave1_00047"},{"time":2.3333,"name":"EF/620_S1_wave1/620_S1_wave1_00048"},{"time":2.3666,"name":"EF/620_S1_wave1/620_S1_wave1_00049"},{"time":2.4,"name":"EF/620_S1_wave1/620_S1_wave1_00050"},{"time":2.4333,"name":null}]},"sub1":{"attachment":[{"time":0,"name":null},{"time":0.5,"name":"attack_00"},{"time":0.6333,"name":"skill_00"},{"time":0.6666,"name":"skill_00"},{"time":0.7,"name":"skill_01"},{"time":0.7333,"name":"skill_02"},{"time":0.8,"name":"skill_03"},{"time":0.8666,"name":"skill_04"},{"time":1.9666,"name":"skill_01"},{"time":2,"name":"skill_00"},{"time":2.0333,"name":"skill_00"},{"time":2.2666,"name":"attack_00"},{"time":2.5,"name":null},{"time":2.9666,"name":null}]},"sub2":{"attachment":[{"time":0,"name":null},{"time":0.5,"name":"attack_00"},{"time":0.6,"name":"skill_00"},{"time":0.6666,"name":"skill_01"},{"time":0.7,"name":"skill_02"},{"time":0.7666,"name":"skill_03"},{"time":0.8333,"name":"skill_04"},{"time":0.9,"name":"skill_03"},{"time":1.9666,"name":"skill_01"},{"time":2,"name":"skill_00"},{"time":2.2666,"name":"attack_00"},{"time":2.5,"name":null},{"time":2.9666,"name":null}]}},"bones":{"sub1":{"rotate":[{"time":0.9,"angle":0,"curve":[0.437,0.21,0.756,0.53]},{"time":1.9333,"angle":-3.05}],"translate":[{"time":0,"x":21.1,"y":-0.5,"curve":"stepped"},{"time":0.6666,"x":21.5,"y":9.51},{"time":0.8666,"x":21.1,"y":4.01},{"time":1.9333,"x":20.25,"y":2.27,"curve":"stepped"},{"time":1.9666,"x":28.39,"y":20.64},{"time":2.2666,"x":17.59,"y":1.48}]},"sub2":{"rotate":[{"time":0.9,"angle":0,"curve":[0.437,0.21,0.756,0.53]},{"time":1.9333,"angle":-11.21}],"translate":[{"time":0,"x":-4.11,"y":-6.98,"curve":"stepped"},{"time":0.6,"x":-4.11,"y":-6.98},{"time":0.6666,"x":-3.41,"y":2.3},{"time":0.8,"x":-2.7,"y":8.11},{"time":1.9333,"x":-4.44,"y":12.53},{"time":2.2666,"x":-2.7,"y":-0.32,"curve":"stepped"},{"time":2.5,"x":-16.76,"y":-4.51}]},"MAIN":{"rotate":[{"time":0.6666,"angle":3.15},{"time":0.9,"angle":0,"curve":[0.437,0.21,0.756,0.53]},{"time":1.9333,"angle":-19.52,"curve":[0.233,0.97,0.75,1]},{"time":2,"angle":35.32,"curve":[0.32,0.51,0.75,1]},{"time":2.1666,"angle":0}],"translate":[{"time":0.5,"x":0.02,"y":7.24,"curve":"stepped"},{"time":0.6666,"x":0.02,"y":-0.67},{"time":0.9,"x":0.02,"y":21.98},{"time":1.9333,"x":4.68,"y":64.54},{"time":1.9666,"x":0.02,"y":77.32},{"time":2.0333,"x":0.02,"y":79.59,"curve":[0.262,0.74,0.737,0.82]},{"time":2.2666,"x":-16.08,"y":-0.67},{"time":2.3666,"x":-3.69,"y":10.47},{"time":2.4666,"x":0.54,"y":4.73},{"time":2.5,"x":0,"y":0}]},"magic":{"translate":[{"time":0.6666,"x":0,"y":17.49},{"time":0.9666,"x":0,"y":14.28}],"scale":[{"time":0.1666,"x":0.565,"y":0.115,"curve":[0.253,0.72,0.365,1]},{"time":0.2333,"x":0.783,"y":0.159,"curve":[0.379,0.2,0.793,0.55]},{"time":0.4333,"x":0.077,"y":0.015},{"time":0.6666,"x":0.254,"y":0.051,"curve":[0.281,0.89,0.604,0.73]},{"time":0.9666,"x":0.565,"y":0.115,"curve":"stepped"},{"time":2.6,"x":0.565,"y":0.115,"curve":[0.253,0.72,0.365,1]},{"time":2.6666,"x":0.783,"y":0.159,"curve":[0.379,0.2,0.793,0.55]},{"time":2.8666,"x":0.077,"y":0.015}]},"magic2":{"translate":[{"time":0.9666,"x":0,"y":14.28}],"scale":[{"time":0.9666,"x":0.57,"y":0.12},{"time":1.1666,"x":0.924,"y":0.194},{"time":1.3,"x":0.874,"y":0.184}]},"DAMAGEAREA":{"translate":[{"time":2.2,"x":-110.83,"y":55.51}],"scale":[{"time":2.2,"x":2.572,"y":1.842}]},"sub3":{"rotate":[{"time":1.9333,"angle":-21.6}]},"EF":{"translate":[{"time":0,"x":0,"y":-13.39}],"scale":[{"time":0,"x":0.5,"y":0.5}]}},"ffd":{"default":{"EF/magic":{"EF/magic":[{"time":0.6666},{"time":2.8666,"vertices":[-36.03819,-28.89829,-28.89827,36.03819,36.03819,28.89824,28.89827,-36.03821]}]},"EF/magic2":{"EF/magic":[{"time":0.9666,"vertices":[-5.47909,-5.27392,-5.27389,5.47906,5.47908,5.27385,5.27388,-5.47912]},{"time":1.3,"vertices":[0.8021,-23.30087,-23.30082,-0.80216,-0.80212,23.30075,23.30081,0.80205]}]}}},"drawOrder":[{"time":0,"offsets":[{"slot":"EF/magic","offset":1},{"slot":"S2_wind1","offset":3}]}],"events":[{"time":0,"name":"HitEffect","string":"setHitEffect(hit02c,1,0.75,1)"},{"time":0,"name":"Voice","string":"cri_018a_voice_skill_a"},{"time":0.6666,"name":"Sound_1","string":"cri_se_battle_magic_Invocation_dark"},{"time":0.8666,"name":"Sound_1","string":"cri_se_battle_charge_long"},{"time":1.9333,"name":"Event","string":"kImpactType_knock"},{"time":1.9333,"name":"Sound_1","string":"cri_se_battle_arrow_light_effect"},{"time":2.0333,"name":"Event","float":0.1,"string":"kHitStopType_enemyonly"},{"time":2.0666,"name":"Sound_1","string":"cri_se_battle_thunder_small"},{"time":2.1333,"name":"Event","string":"shakeGround"},{"time":2.1333,"name":"Sound_1","string":"cri_se_battle_036_explosion_element_04"},{"time":2.2,"name":"Sound_2","string":"setHitSound(se_battle_explosion_short)"}]},"skill2":{"slots":{"DAMAGEAREA":{"attachment":[{"time":1.2666,"name":"DAMAGEAREA"},{"time":1.9666,"name":null}]},"EF/magic":{"attachment":[{"time":0.6666,"name":"EF/magic"}],"color":[{"time":2.3666,"color":"ffffffff"},{"time":2.6333,"color":"ffffff00"}]},"EF/magic2":{"attachment":[{"time":0.9666,"name":"EF/magic"}],"color":[{"time":0.9666,"color":"ffffff60"},{"time":1.3,"color":"ffffff00"}]},"MAIN":{"attachment":[{"time":0,"name":"idle_01"},{"time":0.1666,"name":"idle_02"},{"time":0.3333,"name":"idle_03"},{"time":0.5,"name":"attack_00"},{"time":0.6666,"name":"skill_00"},{"time":0.7,"name":"skill_00"},{"time":0.7333,"name":"skill_01"},{"time":0.7666,"name":"skill_02"},{"time":0.8333,"name":"skill_03"},{"time":0.9,"name":"skill_04"},{"time":1.0333,"name":"skill_01"},{"time":1.0666,"name":"skill_00"},{"time":1.1,"name":"skill_00"},{"time":1.1333,"name":"attack_00"},{"time":1.3333,"name":"skill_00"},{"time":1.3666,"name":"skill_00"},{"time":1.4,"name":"skill_01"},{"time":1.4333,"name":"skill_02"},{"time":1.5,"name":"skill_03"},{"time":1.5666,"name":"skill_04"},{"time":1.7,"name":"skill_01"},{"time":1.7333,"name":"skill_00"},{"time":1.7666,"name":"skill_00"},{"time":1.8,"name":"attack_00"},{"time":2,"name":"skill_00"},{"time":2.0333,"name":"skill_00"},{"time":2.0666,"name":"skill_01"},{"time":2.1,"name":"skill_02"},{"time":2.1666,"name":"skill_03"},{"time":2.2333,"name":"skill_04"},{"time":2.3666,"name":"skill_01"},{"time":2.4,"name":"skill_00"},{"time":2.4333,"name":"attack_00"},{"time":2.5,"name":"idle_01"},{"time":2.6666,"name":"idle_02"},{"time":2.8333,"name":"idle_03"},{"time":2.9666,"name":"idle_04"}]},"S1_wave1":{"attachment":[{"time":0,"name":null},{"time":0.6666,"name":"EF/620_S1_wave1/620_S1_wave1_00038"},{"time":0.7,"name":"EF/620_S1_wave1/620_S1_wave1_00039"},{"time":0.7333,"name":"EF/620_S1_wave1/620_S1_wave1_00040"},{"time":0.7666,"name":"EF/620_S1_wave1/620_S1_wave1_00041"},{"time":0.8,"name":"EF/620_S1_wave1/620_S1_wave1_00042"},{"time":0.8333,"name":"EF/620_S1_wave1/620_S1_wave1_00043"},{"time":0.8666,"name":"EF/620_S1_wave1/620_S1_wave1_00044"},{"time":0.9,"name":"EF/620_S1_wave1/620_S1_wave1_00045"},{"time":0.9333,"name":"EF/620_S1_wave1/620_S1_wave1_00046"},{"time":0.9666,"name":"EF/620_S1_wave1/620_S1_wave1_00047"},{"time":1,"name":"EF/620_S1_wave1/620_S1_wave1_00048"},{"time":1.0333,"name":"EF/620_S1_wave1/620_S1_wave1_00049"},{"time":1.0666,"name":"EF/620_S1_wave1/620_S1_wave1_00050"},{"time":1.1,"name":null},{"time":1.3333,"name":"EF/620_S1_wave1/620_S1_wave1_00038"},{"time":1.3666,"name":"EF/620_S1_wave1/620_S1_wave1_00039"},{"time":1.4,"name":"EF/620_S1_wave1/620_S1_wave1_00040"},{"time":1.4333,"name":"EF/620_S1_wave1/620_S1_wave1_00041"},{"time":1.4666,"name":"EF/620_S1_wave1/620_S1_wave1_00042"},{"time":1.5,"name":"EF/620_S1_wave1/620_S1_wave1_00043"},{"time":1.5333,"name":"EF/620_S1_wave1/620_S1_wave1_00044"},{"time":1.5666,"name":"EF/620_S1_wave1/620_S1_wave1_00045"},{"time":1.6,"name":"EF/620_S1_wave1/620_S1_wave1_00046"},{"time":1.6333,"name":"EF/620_S1_wave1/620_S1_wave1_00047"},{"time":1.6666,"name":"EF/620_S1_wave1/620_S1_wave1_00048"},{"time":1.7,"name":"EF/620_S1_wave1/620_S1_wave1_00049"},{"time":1.7333,"name":"EF/620_S1_wave1/620_S1_wave1_00050"},{"time":1.7666,"name":null},{"time":2,"name":"EF/620_S1_wave1/620_S1_wave1_00038"},{"time":2.0333,"name":"EF/620_S1_wave1/620_S1_wave1_00039"},{"time":2.0666,"name":"EF/620_S1_wave1/620_S1_wave1_00040"},{"time":2.1,"name":"EF/620_S1_wave1/620_S1_wave1_00041"},{"time":2.1333,"name":"EF/620_S1_wave1/620_S1_wave1_00042"},{"time":2.1666,"name":"EF/620_S1_wave1/620_S1_wave1_00043"},{"time":2.2,"name":"EF/620_S1_wave1/620_S1_wave1_00044"},{"time":2.2333,"name":"EF/620_S1_wave1/620_S1_wave1_00045"},{"time":2.2666,"name":"EF/620_S1_wave1/620_S1_wave1_00046"},{"time":2.3,"name":"EF/620_S1_wave1/620_S1_wave1_00047"},{"time":2.3333,"name":"EF/620_S1_wave1/620_S1_wave1_00048"},{"time":2.3666,"name":"EF/620_S1_wave1/620_S1_wave1_00049"},{"time":2.4,"name":"EF/620_S1_wave1/620_S1_wave1_00050"},{"time":2.4333,"name":null}]},"S2_wind1":{"attachment":[{"time":0,"name":null},{"time":1,"name":"EF/270_S2_wind1_DOT/270_S2_wind1_00054"},{"time":1.0333,"name":"EF/270_S2_wind1_DOT/270_S2_wind1_00055"},{"time":1.0666,"name":"EF/270_S2_wind1_DOT/270_S2_wind1_00056"},{"time":1.1,"name":"EF/270_S2_wind1_DOT/270_S2_wind1_00057"},{"time":1.1333,"name":"EF/270_S2_wind1_DOT/270_S2_wind1_00058"},{"time":1.1666,"name":"EF/270_S2_wind1_DOT/270_S2_wind1_00059"},{"time":1.2,"name":"EF/270_S2_wind1_DOT/270_S2_wind1_00060"},{"time":1.2333,"name":"EF/270_S2_wind1_DOT/270_S2_wind1_00061"},{"time":1.2666,"name":"EF/270_S2_wind1_DOT/270_S2_wind1_00062"},{"time":1.3,"name":"EF/270_S2_wind1_DOT/270_S2_wind1_00063"},{"time":1.3333,"name":"EF/270_S2_wind1_DOT/270_S2_wind1_00064"},{"time":1.3666,"name":"EF/270_S2_wind1_DOT/270_S2_wind1_00065"},{"time":1.4,"name":"EF/270_S2_wind1_DOT/270_S2_wind1_00066"},{"time":1.4333,"name":"EF/270_S2_wind1_DOT/270_S2_wind1_00067"},{"time":1.4666,"name":"EF/270_S2_wind1_DOT/270_S2_wind1_00068"},{"time":1.5,"name":"EF/270_S2_wind1_DOT/270_S2_wind1_00069"},{"time":1.5333,"name":"EF/270_S2_wind1_DOT/270_S2_wind1_00070"},{"time":1.5666,"name":"EF/270_S2_wind1_DOT/270_S2_wind1_00071"},{"time":1.6,"name":"EF/270_S2_wind1_DOT/270_S2_wind1_00072"},{"time":1.6333,"name":"EF/270_S2_wind1_DOT/270_S2_wind1_00073"},{"time":1.6666,"name":"EF/270_S2_wind1_DOT/270_S2_wind1_00074"},{"time":1.7,"name":"EF/270_S2_wind1_DOT/270_S2_wind1_00075"},{"time":1.7333,"name":"EF/270_S2_wind1_DOT/270_S2_wind1_00076"},{"time":1.7666,"name":"EF/270_S2_wind1_DOT/270_S2_wind1_00077"},{"time":1.8,"name":"EF/270_S2_wind1_DOT/270_S2_wind1_00078"},{"time":1.8333,"name":"EF/270_S2_wind1_DOT/270_S2_wind1_00079"},{"time":1.8666,"name":"EF/270_S2_wind1_DOT/270_S2_wind1_00080"},{"time":1.9,"name":"EF/270_S2_wind1_DOT/270_S2_wind1_00081"},{"time":1.9333,"name":"EF/270_S2_wind1_DOT/270_S2_wind1_00082"},{"time":1.9666,"name":"EF/270_S2_wind1_DOT/270_S2_wind1_00083"},{"time":2,"name":"EF/270_S2_wind1_DOT/270_S2_wind1_00084"},{"time":2.0333,"name":"EF/270_S2_wind1_DOT/270_S2_wind1_00085"},{"time":2.0666,"name":"EF/270_S2_wind1_DOT/270_S2_wind1_00086"},{"time":2.1,"name":"EF/270_S2_wind1_DOT/270_S2_wind1_00086"},{"time":2.5,"name":null}],"color":[{"time":1,"color":"ffffff00"},{"time":1.2333,"color":"ffffffff","curve":"stepped"},{"time":1.9666,"color":"ffffffff"},{"time":2.1,"color":"ffffff00"}]},"S2_wind1_2":{"attachment":[{"time":0,"name":null},{"time":1.5,"name":"EF/270_S2_wind1_DOT/270_S2_wind1_00054"},{"time":1.5333,"name":"EF/270_S2_wind1_DOT/270_S2_wind1_00055"},{"time":1.5666,"name":"EF/270_S2_wind1_DOT/270_S2_wind1_00056"},{"time":1.6,"name":"EF/270_S2_wind1_DOT/270_S2_wind1_00057"},{"time":1.6333,"name":"EF/270_S2_wind1_DOT/270_S2_wind1_00058"},{"time":1.6666,"name":"EF/270_S2_wind1_DOT/270_S2_wind1_00059"},{"time":1.7,"name":"EF/270_S2_wind1_DOT/270_S2_wind1_00060"},{"time":1.7333,"name":"EF/270_S2_wind1_DOT/270_S2_wind1_00061"},{"time":1.7666,"name":"EF/270_S2_wind1_DOT/270_S2_wind1_00062"},{"time":1.8,"name":"EF/270_S2_wind1_DOT/270_S2_wind1_00063"},{"time":1.8333,"name":"EF/270_S2_wind1_DOT/270_S2_wind1_00064"},{"time":1.8666,"name":"EF/270_S2_wind1_DOT/270_S2_wind1_00065"},{"time":1.9,"name":"EF/270_S2_wind1_DOT/270_S2_wind1_00066"},{"time":1.9333,"name":"EF/270_S2_wind1_DOT/270_S2_wind1_00067"},{"time":1.9666,"name":"EF/270_S2_wind1_DOT/270_S2_wind1_00068"},{"time":2,"name":"EF/270_S2_wind1_DOT/270_S2_wind1_00069"},{"time":2.0333,"name":"EF/270_S2_wind1_DOT/270_S2_wind1_00070"},{"time":2.0666,"name":"EF/270_S2_wind1_DOT/270_S2_wind1_00071"},{"time":2.1,"name":"EF/270_S2_wind1_DOT/270_S2_wind1_00072"},{"time":2.1333,"name":"EF/270_S2_wind1_DOT/270_S2_wind1_00073"},{"time":2.1666,"name":"EF/270_S2_wind1_DOT/270_S2_wind1_00074"},{"time":2.2,"name":"EF/270_S2_wind1_DOT/270_S2_wind1_00075"},{"time":2.2333,"name":"EF/270_S2_wind1_DOT/270_S2_wind1_00076"},{"time":2.2666,"name":"EF/270_S2_wind1_DOT/270_S2_wind1_00077"},{"time":2.3,"name":"EF/270_S2_wind1_DOT/270_S2_wind1_00078"},{"time":2.3333,"name":"EF/270_S2_wind1_DOT/270_S2_wind1_00079"},{"time":2.3666,"name":"EF/270_S2_wind1_DOT/270_S2_wind1_00080"},{"time":2.4,"name":"EF/270_S2_wind1_DOT/270_S2_wind1_00081"},{"time":2.4333,"name":"EF/270_S2_wind1_DOT/270_S2_wind1_00082"},{"time":2.4666,"name":"EF/270_S2_wind1_DOT/270_S2_wind1_00083"},{"time":2.5,"name":"EF/270_S2_wind1_DOT/270_S2_wind1_00084"},{"time":2.5333,"name":"EF/270_S2_wind1_DOT/270_S2_wind1_00085"},{"time":2.5666,"name":"EF/270_S2_wind1_DOT/270_S2_wind1_00086"}],"color":[{"time":2.4333,"color":"ffffffff"},{"time":2.6666,"color":"ffffff00"}]},"sub1":{"attachment":[{"time":0,"name":null},{"time":0.5,"name":"attack_00"},{"time":0.6333,"name":"skill_00"},{"time":0.6666,"name":"skill_00"},{"time":0.7,"name":"skill_01"},{"time":0.7333,"name":"skill_02"},{"time":0.8,"name":"skill_03"},{"time":0.8666,"name":"skill_04"},{"time":1,"name":"skill_01"},{"time":1.0333,"name":"skill_00"},{"time":1.0666,"name":"skill_00"},{"time":1.1,"name":"attack_00"},{"time":1.2333,"name":"attack_00"},{"time":1.3,"name":"skill_00"},{"time":1.3333,"name":"skill_00"},{"time":1.3666,"name":"skill_01"},{"time":1.4,"name":"skill_02"},{"time":1.4666,"name":"skill_03"},{"time":1.5333,"name":"skill_04"},{"time":1.6666,"name":"skill_01"},{"time":1.7,"name":"skill_00"},{"time":1.7333,"name":"skill_00"},{"time":1.7666,"name":"attack_00"},{"time":1.9,"name":"attack_00"},{"time":1.9666,"name":"skill_00"},{"time":2,"name":"skill_00"},{"time":2.0333,"name":"skill_01"},{"time":2.0666,"name":"skill_02"},{"time":2.1333,"name":"skill_03"},{"time":2.2,"name":"skill_04"},{"time":2.3333,"name":"skill_01"},{"time":2.3666,"name":"skill_00"},{"time":2.4,"name":"skill_00"},{"time":2.4333,"name":"attack_00"},{"time":2.5,"name":null},{"time":2.9666,"name":null}]},"sub2":{"attachment":[{"time":0,"name":null},{"time":0.5,"name":"attack_00"},{"time":0.6,"name":"skill_00"},{"time":0.6666,"name":"skill_01"},{"time":0.7,"name":"skill_02"},{"time":0.7666,"name":"skill_03"},{"time":0.8333,"name":"skill_04"},{"time":0.9,"name":"skill_03"},{"time":0.9666,"name":"skill_01"},{"time":1,"name":"skill_00"},{"time":1.0666,"name":"attack_00"},{"time":1.2666,"name":"skill_00"},{"time":1.3333,"name":"skill_01"},{"time":1.3666,"name":"skill_02"},{"time":1.4333,"name":"skill_03"},{"time":1.5,"name":"skill_04"},{"time":1.5666,"name":"skill_03"},{"time":1.6333,"name":"skill_01"},{"time":1.6666,"name":"skill_00"},{"time":1.7333,"name":"attack_00"},{"time":1.9333,"name":"skill_00"},{"time":2,"name":"skill_01"},{"time":2.0333,"name":"skill_02"},{"time":2.1,"name":"skill_03"},{"time":2.1666,"name":"skill_04"},{"time":2.2333,"name":"skill_03"},{"time":2.3,"name":"skill_01"},{"time":2.3333,"name":"skill_00"},{"time":2.4,"name":"attack_00"},{"time":2.5,"name":null},{"time":2.9666,"name":null}]}},"bones":{"sub1":{"translate":[{"time":0,"x":21.1,"y":2.2,"curve":"stepped"},{"time":0.6666,"x":21.1,"y":2.2},{"time":0.8666,"x":21.1,"y":2.6},{"time":1.0333,"x":21.1,"y":1.48},{"time":1.0666,"x":21.1,"y":4.07},{"time":1.1,"x":21.1,"y":1.48,"curve":"stepped"},{"time":1.2666,"x":21.1,"y":1.48},{"time":1.3333,"x":21.1,"y":2.2},{"time":1.5333,"x":21.1,"y":2.6},{"time":1.7,"x":21.1,"y":1.48},{"time":1.7333,"x":21.1,"y":4.07},{"time":1.7666,"x":21.1,"y":1.48,"curve":"stepped"},{"time":1.9,"x":21.1,"y":1.48,"curve":"stepped"},{"time":1.9333,"x":21.1,"y":1.48},{"time":2,"x":21.1,"y":2.2},{"time":2.2,"x":21.1,"y":2.6},{"time":2.3666,"x":21.1,"y":1.48},{"time":2.4,"x":21.1,"y":4.07},{"time":2.4333,"x":21.1,"y":1.48,"curve":"stepped"},{"time":2.5,"x":21.1,"y":-0.5}]},"sub2":{"translate":[{"time":0,"x":-16.76,"y":0.15,"curve":"stepped"},{"time":0.6,"x":-16.76,"y":-2.06},{"time":0.8,"x":-16.76,"y":4.59},{"time":1,"x":-16.76,"y":-5.12},{"time":1.0333,"x":-16.76,"y":-2.52,"curve":"stepped"},{"time":1.0666,"x":-16.76,"y":-2.52,"curve":"stepped"},{"time":1.2666,"x":-16.76,"y":-2.06,"curve":"stepped"},{"time":1.4666,"x":-16.76,"y":4.59},{"time":1.6666,"x":-16.76,"y":-5.12},{"time":1.7,"x":-16.76,"y":-2.52,"curve":"stepped"},{"time":1.7333,"x":-16.76,"y":-2.52,"curve":"stepped"},{"time":1.9333,"x":-16.76,"y":-2.06,"curve":"stepped"},{"time":2.1333,"x":-16.76,"y":4.59},{"time":2.3333,"x":-16.76,"y":-5.12},{"time":2.3666,"x":-16.76,"y":-2.52,"curve":"stepped"},{"time":2.4,"x":-16.76,"y":-2.52,"curve":"stepped"},{"time":2.5,"x":-16.76,"y":-4.51}]},"MAIN":{"translate":[{"time":0.5,"x":0.02,"y":1.3,"curve":"stepped"},{"time":0.6666,"x":0.02,"y":-0.67},{"time":0.9,"x":0.02,"y":12.28},{"time":1.0666,"x":0.02,"y":-0.67,"curve":"stepped"},{"time":1.2666,"x":0.02,"y":-0.67,"curve":"stepped"},{"time":1.3333,"x":0.02,"y":-0.67},{"time":1.5666,"x":0.02,"y":12.28},{"time":1.7333,"x":0.02,"y":-0.67,"curve":"stepped"},{"time":1.9,"x":0.02,"y":-0.67,"curve":"stepped"},{"time":1.9333,"x":0.02,"y":-0.67,"curve":"stepped"},{"time":2,"x":0.02,"y":-0.67},{"time":2.2333,"x":0.02,"y":12.28},{"time":2.4,"x":0,"y":0,"curve":"stepped"},{"time":2.5,"x":0,"y":0}]},"S2_wind1":{"translate":[{"time":1,"x":163.06,"y":-115.5,"curve":[0.25,0,0.75,1]},{"time":1.1333,"x":126.31,"y":-115.5},{"time":1.6666,"x":19.94,"y":-115.5}],"scale":[{"time":1,"x":2,"y":2}]},"S2_wind_1_2":{"translate":[{"time":1.5,"x":336.33,"y":-115.7,"curve":[0.317,0.48,0.743,0.46]},{"time":1.6666,"x":299.02,"y":-115.7,"curve":[0.317,0.48,0.743,0.46]},{"time":1.8333,"x":213.28,"y":-115.7,"curve":[0.317,0.48,0.743,0.46]},{"time":2,"x":165.32,"y":-115.7,"curve":[0.317,0.48,0.743,0.46]},{"time":2.1666,"x":94.11,"y":-115.7}],"scale":[{"time":1.5,"x":2,"y":2,"curve":"stepped"},{"time":2.1,"x":2,"y":2,"curve":[0.259,0.85,0.425,0.93]},{"time":2.5666,"x":2.365,"y":2.365}]},"magic":{"translate":[{"time":0.6666,"x":0,"y":17.49},{"time":0.9666,"x":0,"y":14.56}],"scale":[{"time":0.6666,"x":0.254,"y":0.051,"curve":[0.265,0.33,0.638,0.74]},{"time":0.9666,"x":0.565,"y":0.115,"curve":"stepped"},{"time":2.3666,"x":0.565,"y":0.115,"curve":[0.253,0.72,0.365,1]},{"time":2.4333,"x":0.783,"y":0.159,"curve":[0.379,0.2,0.793,0.55]},{"time":2.6333,"x":0.077,"y":0.015}]},"magic2":{"translate":[{"time":0.9666,"x":0,"y":14.28}],"scale":[{"time":0.9666,"x":0.57,"y":0.12},{"time":1.1666,"x":0.924,"y":0.194},{"time":1.3,"x":0.874,"y":0.184}]},"DAMAGEAREA":{"translate":[{"time":1.2666,"x":-53.53,"y":89.87},{"time":1.8333,"x":-125.93,"y":89.87}],"scale":[{"time":1.2666,"x":2.687,"y":3.094},{"time":1.8333,"x":2.996,"y":3.094}]},"EF":{"translate":[{"time":0,"x":0,"y":-13.39}],"scale":[{"time":0,"x":0.5,"y":0.5}]}},"ffd":{"default":{"EF/magic":{"EF/magic":[{"time":0.6666},{"time":2.6333,"vertices":[-36.03819,-28.89829,-28.89827,36.03819,36.03819,28.89824,28.89827,-36.03821]}]},"EF/magic2":{"EF/magic":[{"time":0.9666,"vertices":[-5.47909,-5.27392,-5.27389,5.47906,5.47908,5.27385,5.27388,-5.47912]},{"time":1.3,"vertices":[0.8021,-23.30087,-23.30082,-0.80216,-0.80212,23.30075,23.30081,0.80205]}]}}},"drawOrder":[{"time":0,"offsets":[{"slot":"EF/magic","offset":1},{"slot":"S2_wind1","offset":3}]}],"events":[{"time":0,"name":"Event","float":0.1,"string":"kHitStopType_enemyonly"},{"time":0,"name":"HitEffect","string":"setHitEffect(hit02c,1,0.75,100)"},{"time":0.6666,"name":"Sound","string":"cri_se_battle_magic_Invocation_dark"},{"time":0.6666,"name":"Voice","string":"cri_018a_voice_fullarts_rank1"},{"time":1.0333,"name":"Sound_1","string":"cri_se_battle_effect_03"},{"time":1.1666,"name":"Event","float":1,"string":"shakeGround_Loop"},{"time":1.2333,"name":"Sound_1","string":"cri_se_battle_storm"},{"time":1.2666,"name":"Sound_1","string":"setHitSound(se_battle_025_blow_hit)"},{"time":1.3333,"name":"Hit","string":"resetHitList"},{"time":1.4,"name":"Hit","string":"resetHitList"},{"time":1.4666,"name":"Hit","string":"resetHitList"},{"time":1.5333,"name":"Hit","string":"resetHitList"},{"time":1.6,"name":"Hit","string":"resetHitList"},{"time":1.6666,"name":"Hit","string":"resetHitList"},{"time":1.7333,"name":"Hit","string":"resetHitList"},{"time":1.8,"name":"Hit","string":"resetHitList"},{"time":1.8666,"name":"Event","string":"kImpactType_up"},{"time":1.8666,"name":"Hit","string":"resetHitList"}]}}}