{"skeleton":{"hash":"+NqBWOqUJJkD4wqq5BImSJN21fw","spine":"3.0.12","width":512,"height":512},"bones":[{"name":"root"},{"name":"MAIN","parent":"root","y":95}],"slots":[{"name":"MAIN","bone":"MAIN","attachment":"idle_00"}],"skins":{"default":{"MAIN":{"Injury":{"x":15.29,"y":-16.66,"scaleX":2,"scaleY":2,"width":256,"height":256},"idle_00":{"x":-3.49,"y":-9.39,"scaleX":2,"scaleY":2,"width":256,"height":256},"idle_01":{"x":-3.49,"y":-9.39,"scaleX":2,"scaleY":2,"width":256,"height":256},"idle_02":{"x":-3.49,"y":-9.39,"scaleX":2,"scaleY":2,"width":256,"height":256},"idle_03":{"x":-3.49,"y":-9.39,"scaleX":2,"scaleY":2,"width":256,"height":256},"idle_04":{"x":-3.49,"y":-9.39,"scaleX":2,"scaleY":2,"width":256,"height":256},"weapon_off_00":{"x":-3.49,"y":-9.39,"scaleX":2,"scaleY":2,"width":256,"height":256},"weapon_off_01":{"x":-3.49,"y":-9.39,"scaleX":2,"scaleY":2,"width":256,"height":256},"weapon_off_02":{"x":-3.49,"y":-9.39,"scaleX":2,"scaleY":2,"width":256,"height":256}}}},"animations":{"Injury":{"slots":{"MAIN":{"attachment":[{"time":0,"name":"Injury"}]}},"bones":{"MAIN":{"translate":[{"time":0,"x":0,"y":0}]}}},"idle":{"slots":{"MAIN":{"attachment":[{"time":0,"name":"idle_00"},{"time":0.2,"name":"idle_01"},{"time":0.4,"name":"idle_02"},{"time":0.6,"name":"idle_03"},{"time":0.8,"name":"idle_04"},{"time":1,"name":"idle_00"}]}},"bones":{"MAIN":{"translate":[{"time":0,"x":0,"y":0}]}}},"weapon_off_1":{"slots":{"MAIN":{"attachment":[{"time":0,"name":"idle_00"},{"time":0.1,"name":"idle_02"},{"time":0.2,"name":"weapon_off_00"},{"time":0.3666,"name":"weapon_off_01"},{"time":0.5333,"name":"weapon_off_02"},{"time":1,"name":"weapon_off_02"}]}},"bones":{"MAIN":{"translate":[{"time":0,"x":0,"y":0,"curve":"stepped"},{"time":0.2,"x":0,"y":-2.7,"curve":"stepped"},{"time":0.3666,"x":0,"y":-6.76}]}}},"weapon_off_2":{"slots":{"MAIN":{"attachment":[{"time":0,"name":"weapon_off_02"}]}},"bones":{"MAIN":{"translate":[{"time":0,"x":0,"y":-6.76}]}}},"weapon_on":{"slots":{"MAIN":{"attachment":[{"time":0,"name":"weapon_off_02"},{"time":0.2,"name":"weapon_off_01"},{"time":0.4,"name":"weapon_off_00"},{"time":0.5,"name":"idle_02"},{"time":0.6333,"name":"idle_00"},{"time":0.8333,"name":"idle_01"},{"time":1.0333,"name":"idle_02"},{"time":1.2333,"name":"idle_03"},{"time":1.4333,"name":"idle_04"},{"time":1.6333,"name":"idle_00"}]}},"bones":{"MAIN":{"translate":[{"time":0,"x":0,"y":-6.76,"curve":"stepped"},{"time":0.2,"x":0,"y":-6.76,"curve":"stepped"},{"time":0.4,"x":0,"y":-2.7,"curve":"stepped"},{"time":0.6333,"x":0,"y":0}]}}}}}