{"skeleton":{"hash":"SU7N10onke1oaXcZh4ACvvVwgDs","spine":"3.0.12","width":0,"height":0,"images":"./images/"},"bones":[{"name":"root"},{"name":"MAIN","parent":"root","x":0.1,"y":66.44}],"slots":[{"name":"MAIN","bone":"MAIN","attachment":"idle_00"}],"skins":{"default":{"MAIN":{"idle_00":{"x":13.31,"y":-0.93,"width":160,"height":163},"idle_01":{"x":13.31,"y":-0.93,"width":160,"height":163},"idle_02":{"x":13.31,"y":-0.93,"width":160,"height":163},"idle_03":{"x":13.31,"y":-0.93,"width":160,"height":163},"idle_04":{"x":13.31,"y":-0.93,"width":160,"height":163}}}},"events":{"Event":{},"Hit1":{},"Hit2":{},"HitEffect":{},"Sound1":{},"Sound2":{},"Voice":{}},"animations":{"idle":{"slots":{"MAIN":{"attachment":[{"time":0,"name":"idle_00"},{"time":0.1666,"name":"idle_01"},{"time":0.3333,"name":"idle_02"},{"time":0.5,"name":"idle_03"},{"time":0.6666,"name":"idle_04"},{"time":0.8333,"name":"idle_00"}]}}}}}