{"skeleton":{"hash":"g0jIk7hCda3o9y/E0bQ5StEaJtI","spine":"3.0.12","width":0,"height":0,"images":"./images/"},"bones":[{"name":"root"},{"name":"MAIN","parent":"root","y":51.28,"color":"ff0d00ff"},{"name":"SHADOW-OFFSET","parent":"MAIN","y":-47.67},{"name":"HITBOX","parent":"MAIN","y":30.07},{"name":"EF_weapon_aura","parent":"root","x":-150.3,"y":22.04,"scaleX":1.5,"scaleY":2,"rotation":179.77,"color":"ff03f2ff"},{"name":"EF_sword_trail2","parent":"root","x":-97.85,"y":-1.34,"scaleX":1.3,"scaleY":1.3,"color":"ff00c3ff"},{"name":"EF_sword_trail1","parent":"root","x":-100,"y":35,"color":"ff00c3ff"},{"name":"EF_690_S1_wave1_3","parent":"root","y":-1.97,"color":"e500faff"},{"name":"EF_690_S1_wave1_2","parent":"root","y":-1.97,"color":"e500faff"},{"name":"EF_690_S1_wave1_1","parent":"root","y":-1.97,"color":"e500faff"},{"name":"DAMAGEAREA","parent":"root"}],"slots":[{"name":"grid/nounit(0.88)","bone":"root"},{"name":"grid/grid","bone":"root"},{"name":"EF_690_S1_wave1","bone":"EF_690_S1_wave1_1","color":"a500ffff","blend":"additive"},{"name":"EF_690_S1_wave2","bone":"EF_690_S1_wave1_2","color":"a500ffff","blend":"additive"},{"name":"EF_690_S1_wave3","bone":"EF_690_S1_wave1_3","color":"a500ffff","blend":"additive"},{"name":"EF_sword_trail2","bone":"EF_sword_trail2","color":"a500ffff","blend":"additive"},{"name":"EF_sword_trail1","bone":"EF_sword_trail1","color":"a500ffff","blend":"additive"},{"name":"DAMAGEAREA","bone":"DAMAGEAREA"},{"name":"HITBOX","bone":"HITBOX","attachment":"HITBOX"},{"name":"MAIN","bone":"MAIN","attachment":"idle_00"},{"name":"EF/140_S2_aura2/140_S2_aura1_00","bone":"EF_weapon_aura","color":"ffffffa6","blend":"additive"}],"skins":{"default":{"DAMAGEAREA":{"DAMAGEAREA":{"type":"boundingbox","vertices":[-96.57727,65.84961,-96.57727,-0.64339,73.59975,0.4836,73.59975,64.72262,0,0,0,0,0,0,0,0]}},"EF/140_S2_aura2/140_S2_aura1_00":{"EF/140_S2_aura2/140_S2_aura1_02":{"x":1.07,"y":-24.63,"rotation":-179.76,"width":250,"height":250},"EF/140_S2_aura2/140_S2_aura1_03":{"x":1.07,"y":-24.63,"rotation":-179.76,"width":250,"height":250},"EF/140_S2_aura2/140_S2_aura1_04":{"x":1.07,"y":-24.63,"rotation":-179.76,"width":250,"height":250}},"EF_690_S1_wave1":{"EF/690_S1_wave1/690_S1_wave1_00":{"x":0.57,"y":10.35,"width":250,"height":250},"EF/690_S1_wave1/690_S1_wave1_01":{"x":0.57,"y":10.35,"width":250,"height":250},"EF/690_S1_wave1/690_S1_wave1_02":{"x":0.57,"y":10.35,"width":250,"height":250},"EF/690_S1_wave1/690_S1_wave1_03":{"x":0.57,"y":10.35,"width":250,"height":250}},"EF_690_S1_wave2":{"EF/690_S1_wave1/690_S1_wave1_00":{"x":0.57,"y":10.35,"width":250,"height":250},"EF/690_S1_wave1/690_S1_wave1_01":{"x":0.57,"y":10.35,"width":250,"height":250},"EF/690_S1_wave1/690_S1_wave1_02":{"x":0.57,"y":10.35,"width":250,"height":250},"EF/690_S1_wave1/690_S1_wave1_03":{"x":0.57,"y":10.35,"width":250,"height":250}},"EF_690_S1_wave3":{"EF/690_S1_wave1/690_S1_wave1_00":{"x":0.57,"y":10.35,"width":250,"height":250},"EF/690_S1_wave1/690_S1_wave1_01":{"x":0.57,"y":10.35,"width":250,"height":250},"EF/690_S1_wave1/690_S1_wave1_02":{"x":0.57,"y":10.35,"width":250,"height":250},"EF/690_S1_wave1/690_S1_wave1_03":{"x":0.57,"y":10.35,"width":250,"height":250}},"EF_sword_trail1":{"EF/sword_trail/up_EF_1":{"x":-31.49,"y":-55.99,"width":200,"height":200},"EF/sword_trail/up_EF_2":{"x":-31.49,"y":-55.99,"width":200,"height":200},"EF/sword_trail/up_EF_3":{"x":-31.49,"y":-55.99,"width":200,"height":200},"EF/sword_trail/up_EF_4":{"x":-31.49,"y":-55.99,"width":200,"height":200}},"EF_sword_trail2":{"EF/sword_trail/10000-combo_7_ef1_1":{"x":84.54,"y":83.96,"width":412,"height":342},"EF/sword_trail/10000-combo_7_ef1_2":{"x":84.54,"y":83.96,"width":412,"height":342},"EF/sword_trail/10000-combo_7_ef1_3":{"x":84.54,"y":83.96,"width":412,"height":342}},"HITBOX":{"HITBOX":{"type":"boundingbox","vertices":[-60.51322,-83.6191,64.58379,-83.6191,64.58379,34.71592,-61.6402,34.71592,0,0,0,0,0,0,0,0]}},"MAIN":{"attack1_00":{"x":-21,"y":54.84,"width":600,"height":600},"attack1_01":{"x":-21,"y":54.84,"width":600,"height":600},"attack1_02":{"x":10,"y":54.84,"width":600,"height":600},"attack1_03":{"x":10,"y":54.84,"width":600,"height":600},"attack1_04":{"x":10,"y":54.84,"width":600,"height":600},"attack1_05":{"x":10,"y":54.84,"width":600,"height":600},"attack1_06":{"x":10,"y":49.84,"width":600,"height":600},"attack1_07":{"x":10,"y":49.84,"width":600,"height":600},"back_00":{"x":-10,"y":54.84,"width":600,"height":600},"damage_00":{"x":-21,"y":54.84,"width":600,"height":600},"front_00":{"x":-15,"y":54.84,"width":600,"height":600},"idle_00":{"x":-21,"y":54.84,"width":600,"height":600},"idle_01":{"x":-21,"y":54.84,"width":600,"height":600},"idle_02":{"x":-21,"y":54.84,"width":600,"height":600},"idle_03":{"x":-21,"y":54.84,"width":600,"height":600},"idle_04":{"x":-21,"y":54.84,"width":600,"height":600},"skill1_00":{"x":-21,"y":54.84,"width":600,"height":600},"skill1_01":{"x":10,"y":54.84,"width":600,"height":600},"skill1_02":{"x":10,"y":54.84,"width":600,"height":600},"skill1_03":{"x":-21,"y":54.84,"width":600,"height":600},"skill1_04":{"x":-21,"y":54.84,"width":600,"height":600},"skill1_05":{"x":-21,"y":54.84,"width":600,"height":600},"skill1_06":{"x":-21,"y":54.84,"width":600,"height":600},"skill1_07":{"x":-21,"y":54.84,"width":600,"height":600},"skill1_08":{"x":-21,"y":54.84,"width":600,"height":600},"skill1_09":{"x":-21,"y":54.84,"width":600,"height":600},"skill2_00":{"x":-21,"y":54.84,"width":600,"height":600},"skill2_01":{"x":-21,"y":54.84,"width":600,"height":600},"skill2_02":{"x":-21,"y":54.84,"width":600,"height":600},"skill2_03":{"x":-21,"y":54.84,"width":600,"height":600},"skill2_04":{"x":-21,"y":54.84,"width":600,"height":600},"skill2_05":{"x":-21,"y":54.84,"width":600,"height":600},"skill2_06":{"x":-21,"y":54.84,"width":600,"height":600},"skill2_07":{"x":-21,"y":54.84,"width":600,"height":600},"skill2_08":{"x":-21,"y":54.84,"width":600,"height":600},"skill2_09":{"x":-21,"y":54.84,"width":600,"height":600},"skill2_10":{"x":-21,"y":54.84,"width":600,"height":600},"skill2_11":{"x":-21,"y":54.84,"width":600,"height":600},"skill2_12":{"x":-21,"y":54.84,"width":600,"height":600},"skill2_13":{"x":-21,"y":54.84,"width":600,"height":600}}}},"events":{"Event":{},"Event2":{},"Hit":{},"HitEffect":{},"Sound1":{},"Sound2":{},"Sound3":{},"View":{},"Voice":{}},"animations":{"attack1":{"slots":{"DAMAGEAREA":{"attachment":[{"time":0.4333,"name":"DAMAGEAREA"},{"time":0.5333,"name":null},{"time":0.9,"name":"DAMAGEAREA"},{"time":0.9666,"name":null}]},"EF_sword_trail1":{"attachment":[{"time":0.9,"name":"EF/sword_trail/up_EF_1"},{"time":0.9666,"name":null}]},"EF_sword_trail2":{"attachment":[{"time":0.4333,"name":"EF/sword_trail/10000-combo_7_ef1_1"},{"time":0.5666,"name":null}]},"MAIN":{"attachment":[{"time":0,"name":"idle_00"},{"time":0.0666,"name":"attack1_00"},{"time":0.1,"name":"attack1_01"},{"time":0.4333,"name":"attack1_02"},{"time":0.5,"name":"attack1_03"},{"time":0.6666,"name":"attack1_04"},{"time":0.8333,"name":"attack1_05"},{"time":0.9,"name":"attack1_06"},{"time":1,"name":"attack1_07"},{"time":1.4333,"name":"idle_00"}]}},"bones":{"MAIN":{"translate":[{"time":0.4333,"x":-46.85,"y":0,"curve":"stepped"},{"time":0.8333,"x":0,"y":0,"curve":"stepped"},{"time":1.5,"x":0,"y":0}]},"EF_sword_trail2":{"rotate":[{"time":0.5,"angle":24.91}],"translate":[{"time":0.4333,"x":-91.51,"y":17.33,"curve":"stepped"},{"time":0.5,"x":-44.73,"y":-34}],"scale":[{"time":0.4333,"x":1.011,"y":1}]},"DAMAGEAREA":{"translate":[{"time":0.4333,"x":-151.97,"y":-13.7,"curve":"stepped"},{"time":0.8666,"x":-62.92,"y":-12.78}],"scale":[{"time":0.4333,"x":1.168,"y":1.023,"curve":"stepped"},{"time":0.8666,"x":1.827,"y":1.482}]},"EF_sword_trail1":{"rotate":[{"time":0.9,"angle":-5.08}],"translate":[{"time":0.9,"x":171.48,"y":191.94}],"scale":[{"time":0.9,"x":2.765,"y":2}]}},"events":[{"time":0.4,"name":"Sound1","string":"cri_se_battle_skill_swing"},{"time":0.4333,"name":"Event","float":0.2,"string":"kHitStopType_normal"},{"time":0.4333,"name":"Sound1","string":"setHitSound(se_battle_018_sword_hit_02)"},{"time":0.4333,"name":"Voice","string":"cri_005_voice_attack_a"},{"time":0.8666,"name":"Sound1","string":"cri_se_battle_skill_swing"},{"time":0.9,"name":"Hit","float":1.25,"string":"resetHitList"},{"time":0.9,"name":"Sound1","string":"setHitSound(se_battle_018_sword_hit_02)"},{"time":0.9,"name":"Voice","string":"cri_005_voice_attack_b"}]},"back":{"slots":{"MAIN":{"attachment":[{"time":0,"name":"back_00"},{"time":0.3333,"name":"idle_00"},{"time":0.8333,"name":"idle_00"}]}},"bones":{"MAIN":{"translate":[{"time":0,"x":0,"y":0,"curve":[0.191,0.72,0.573,0.71]},{"time":0.3666,"x":130,"y":0},{"time":0.5,"x":140,"y":0}]}},"events":[{"time":0,"name":"Sound2","string":"cri_se_battle_teleport"}]},"cast":{"slots":{"EF_sword_trail1":{"attachment":[{"time":0.5,"name":"EF/sword_trail/up_EF_1"},{"time":0.5333,"name":"EF/sword_trail/up_EF_3"},{"time":0.5666,"name":"EF/sword_trail/up_EF_4"},{"time":0.6,"name":null}]},"MAIN":{"attachment":[{"time":0,"name":"idle_00"},{"time":0.0666,"name":"skill1_03"},{"time":0.2,"name":"skill2_12"},{"time":0.3666,"name":"skill1_04"},{"time":0.4333,"name":"skill2_13"},{"time":0.5,"name":"skill1_05"},{"time":0.6,"name":"skill1_06"},{"time":0.8333,"name":"skill1_06"}]}},"bones":{"MAIN":{"translate":[{"time":0.3666,"x":17.65,"y":0,"curve":"stepped"},{"time":0.4333,"x":1,"y":0}]},"EF_sword_trail1":{"rotate":[{"time":0.5,"angle":-63.77}],"translate":[{"time":0.5,"x":173.89,"y":89.78}],"scale":[{"time":0.5,"x":-0.85,"y":2.2}]}},"drawOrder":[{"time":0.5,"offsets":[{"slot":"EF_sword_trail1","offset":3}]}],"events":[{"time":0.0666,"name":"Voice","string":"cri_005_voice_item"}]},"damage":{"slots":{"MAIN":{"attachment":[{"time":0,"name":"damage_00"}]}}},"front":{"slots":{"MAIN":{"attachment":[{"time":0,"name":"front_00"}]}}},"idle":{"slots":{"MAIN":{"attachment":[{"time":0,"name":"idle_00"},{"time":0.2,"name":"idle_01"},{"time":0.4,"name":"idle_02"},{"time":0.6,"name":"idle_03"},{"time":0.8,"name":"idle_04"},{"time":1,"name":"idle_00"}]}}},"skill1":{"slots":{"DAMAGEAREA":{"attachment":[{"time":0.5666,"name":"DAMAGEAREA"},{"time":0.6333,"name":null},{"time":0.9666,"name":"DAMAGEAREA"},{"time":1.0333,"name":null}]},"EF_690_S1_wave1":{"attachment":[{"time":0.5333,"name":"EF/690_S1_wave1/690_S1_wave1_00"},{"time":0.6,"name":"EF/690_S1_wave1/690_S1_wave1_01"},{"time":0.6666,"name":"EF/690_S1_wave1/690_S1_wave1_02"},{"time":0.7333,"name":"EF/690_S1_wave1/690_S1_wave1_03"},{"time":0.8,"name":null},{"time":0.9666,"name":"EF/690_S1_wave1/690_S1_wave1_00"},{"time":1.0333,"name":"EF/690_S1_wave1/690_S1_wave1_01"},{"time":1.1,"name":"EF/690_S1_wave1/690_S1_wave1_02"},{"time":1.1666,"name":"EF/690_S1_wave1/690_S1_wave1_03"},{"time":1.2333,"name":null}],"color":[{"time":0.7333,"color":"ffffffff"},{"time":0.8,"color":"ffffff00","curve":"stepped"},{"time":0.9666,"color":"ffffffff","curve":"stepped"},{"time":1.1666,"color":"ffffffff"},{"time":1.2333,"color":"ffffff00"}]},"MAIN":{"attachment":[{"time":0,"name":"idle_00"},{"time":0.2,"name":"attack1_00"},{"time":0.3,"name":"attack1_01"},{"time":0.3333,"name":"skill1_00"},{"time":0.5333,"name":"skill1_01"},{"time":0.6333,"name":"skill1_02"},{"time":0.8,"name":"skill1_03"},{"time":0.8333,"name":"skill2_12"},{"time":0.8666,"name":"skill1_04"},{"time":0.9666,"name":"skill1_05"},{"time":1.0666,"name":"skill1_06"},{"time":1.3333,"name":"skill1_06"}]}},"bones":{"MAIN":{"translate":[{"time":0.0666,"x":0,"y":0,"curve":[0.25,0,0.923,0.35]},{"time":0.3,"x":0,"y":-1.9,"curve":[0.385,0.85,0.493,0.9]},{"time":0.4666,"x":-7.79,"y":72.56,"curve":[0.805,0.25,0.909,0.52]},{"time":0.5333,"x":-23.22,"y":-5.72},{"time":0.6,"x":-23.22,"y":-0.16,"curve":"stepped"},{"time":0.8,"x":0,"y":0}]},"EF_690_S1_wave1_1":{"translate":[{"time":0.5333,"x":-44.51,"y":-0.99,"curve":"stepped"},{"time":0.9666,"x":-26.59,"y":-0.99}],"scale":[{"time":0.5333,"x":1,"y":1},{"time":0.8,"x":4,"y":4,"curve":"stepped"},{"time":0.9666,"x":1,"y":1},{"time":1.2333,"x":4,"y":4}]},"DAMAGEAREA":{"translate":[{"time":0.5666,"x":-140.83,"y":-18.31}],"scale":[{"time":0.5666,"x":2.229,"y":2.563},{"time":0.9666,"x":2.484,"y":2.563}]}},"events":[{"time":0,"name":"HitEffect","string":"setHitEffect(hit03e,1,1,1)"},{"time":0.3333,"name":"Sound1","string":"cri_se_battle_jump"},{"time":0.5,"name":"Sound1","string":"cri_se_battle_skill_swing"},{"time":0.5333,"name":"Sound1","string":"cri_se_battle_037_explosion_element_05"},{"time":0.5333,"name":"Sound2","string":"setHitSound(se_battle_018_sword_hit_02)"},{"time":0.5333,"name":"Voice","string":"cri_005_voice_skill_all"},{"time":0.5666,"name":"Event","float":0.3,"string":"kHitStopType_normal"},{"time":0.6,"name":"Event","string":"shakeGround"},{"time":0.9333,"name":"HitEffect","string":"setHitEffect(hit06e,1,2,1)"},{"time":0.9333,"name":"Sound1","string":"cri_se_battle_skill_swing"},{"time":0.9666,"name":"Event","string":"kImpactType_knock"},{"time":0.9666,"name":"Hit","float":1.25,"string":"resetHitList"},{"time":0.9666,"name":"Sound1","string":"cri_se_battle_037_explosion_element_05"},{"time":0.9666,"name":"Sound2","string":"setHitSound(se_battle_018_sword_hit_02)"},{"time":1.0333,"name":"Event","string":"shakeGround"}]},"skill2":{"slots":{"DAMAGEAREA":{"attachment":[{"time":2.3,"name":"DAMAGEAREA"},{"time":2.6,"name":null}]},"EF/140_S2_aura2/140_S2_aura1_00":{"attachment":[{"time":1.4,"name":"EF/140_S2_aura2/140_S2_aura1_02"},{"time":1.4333,"name":"EF/140_S2_aura2/140_S2_aura1_03"},{"time":1.4666,"name":"EF/140_S2_aura2/140_S2_aura1_04"},{"time":1.5,"name":"EF/140_S2_aura2/140_S2_aura1_02"},{"time":1.5333,"name":"EF/140_S2_aura2/140_S2_aura1_03"},{"time":1.5666,"name":"EF/140_S2_aura2/140_S2_aura1_04"},{"time":1.6,"name":"EF/140_S2_aura2/140_S2_aura1_02"},{"time":1.6333,"name":"EF/140_S2_aura2/140_S2_aura1_03"},{"time":1.6666,"name":"EF/140_S2_aura2/140_S2_aura1_04"},{"time":1.7,"name":"EF/140_S2_aura2/140_S2_aura1_02"},{"time":1.7333,"name":"EF/140_S2_aura2/140_S2_aura1_03"},{"time":1.7666,"name":"EF/140_S2_aura2/140_S2_aura1_04"},{"time":1.8,"name":"EF/140_S2_aura2/140_S2_aura1_02"},{"time":1.8333,"name":"EF/140_S2_aura2/140_S2_aura1_03"},{"time":1.8666,"name":"EF/140_S2_aura2/140_S2_aura1_04"},{"time":1.9,"name":"EF/140_S2_aura2/140_S2_aura1_02"},{"time":1.9333,"name":"EF/140_S2_aura2/140_S2_aura1_03"},{"time":1.9666,"name":"EF/140_S2_aura2/140_S2_aura1_04"},{"time":2,"name":"EF/140_S2_aura2/140_S2_aura1_02"},{"time":2.0333,"name":"EF/140_S2_aura2/140_S2_aura1_03"},{"time":2.0666,"name":"EF/140_S2_aura2/140_S2_aura1_04"},{"time":2.1,"name":"EF/140_S2_aura2/140_S2_aura1_02"},{"time":2.1333,"name":"EF/140_S2_aura2/140_S2_aura1_03"},{"time":2.1666,"name":"EF/140_S2_aura2/140_S2_aura1_04"},{"time":2.2,"name":"EF/140_S2_aura2/140_S2_aura1_02"},{"time":2.2333,"name":null}]},"EF_690_S1_wave1":{"attachment":[{"time":0.1,"name":"EF/690_S1_wave1/690_S1_wave1_00"},{"time":0.1666,"name":"EF/690_S1_wave1/690_S1_wave1_01"},{"time":0.2333,"name":"EF/690_S1_wave1/690_S1_wave1_02"},{"time":0.3,"name":"EF/690_S1_wave1/690_S1_wave1_03"},{"time":0.3666,"name":null},{"time":0.6333,"name":"EF/690_S1_wave1/690_S1_wave1_00"},{"time":0.7,"name":"EF/690_S1_wave1/690_S1_wave1_01"},{"time":0.7666,"name":"EF/690_S1_wave1/690_S1_wave1_02"},{"time":0.8333,"name":"EF/690_S1_wave1/690_S1_wave1_03"},{"time":0.9,"name":null},{"time":1.1666,"name":"EF/690_S1_wave1/690_S1_wave1_00"},{"time":1.2333,"name":"EF/690_S1_wave1/690_S1_wave1_01"},{"time":1.3,"name":"EF/690_S1_wave1/690_S1_wave1_02"},{"time":1.3666,"name":"EF/690_S1_wave1/690_S1_wave1_03"},{"time":1.4333,"name":null}],"color":[{"time":0.3,"color":"ffffffff"},{"time":0.3666,"color":"ffffff00","curve":"stepped"},{"time":0.6333,"color":"ffffffff","curve":"stepped"},{"time":0.8333,"color":"ffffffff"},{"time":0.9,"color":"ffffff00","curve":"stepped"},{"time":1.1666,"color":"ffffffff","curve":"stepped"},{"time":1.3666,"color":"ffffffff"},{"time":1.4333,"color":"ffffff00"}]},"EF_690_S1_wave2":{"attachment":[{"time":0.3333,"name":"EF/690_S1_wave1/690_S1_wave1_00"},{"time":0.4,"name":"EF/690_S1_wave1/690_S1_wave1_01"},{"time":0.4666,"name":"EF/690_S1_wave1/690_S1_wave1_02"},{"time":0.5333,"name":"EF/690_S1_wave1/690_S1_wave1_03"},{"time":0.6,"name":null},{"time":0.8666,"name":"EF/690_S1_wave1/690_S1_wave1_00"},{"time":0.9333,"name":"EF/690_S1_wave1/690_S1_wave1_01"},{"time":1,"name":"EF/690_S1_wave1/690_S1_wave1_02"},{"time":1.0666,"name":"EF/690_S1_wave1/690_S1_wave1_03"},{"time":1.1333,"name":null},{"time":1.3,"name":"EF/690_S1_wave1/690_S1_wave1_00"},{"time":1.3666,"name":"EF/690_S1_wave1/690_S1_wave1_01"},{"time":1.4333,"name":"EF/690_S1_wave1/690_S1_wave1_02"},{"time":1.5,"name":"EF/690_S1_wave1/690_S1_wave1_03"},{"time":1.5666,"name":null},{"time":2.0333,"name":"EF/690_S1_wave1/690_S1_wave1_00"},{"time":2.1,"name":"EF/690_S1_wave1/690_S1_wave1_01"},{"time":2.1666,"name":"EF/690_S1_wave1/690_S1_wave1_02"},{"time":2.2333,"name":"EF/690_S1_wave1/690_S1_wave1_03"},{"time":2.3,"name":null}],"color":[{"time":0.5333,"color":"ffffffff"},{"time":0.6,"color":"ffffff00","curve":"stepped"},{"time":0.8666,"color":"ffffffff","curve":"stepped"},{"time":1.0666,"color":"ffffffff"},{"time":1.1333,"color":"ffffff00","curve":"stepped"},{"time":1.3,"color":"ffffffff","curve":"stepped"},{"time":1.5,"color":"ffffffff"},{"time":1.5666,"color":"ffffff00","curve":"stepped"},{"time":2.0333,"color":"ffffffff","curve":"stepped"},{"time":2.2333,"color":"ffffffff"},{"time":2.3,"color":"ffffff00"}]},"MAIN":{"attachment":[{"time":0,"name":"skill2_00"},{"time":0.1,"name":"skill2_01"},{"time":0.1333,"name":"skill2_02"},{"time":0.2,"name":"skill2_03"},{"time":0.2666,"name":"skill2_02"},{"time":0.3333,"name":"skill2_03"},{"time":0.4,"name":"skill2_02"},{"time":0.4666,"name":"skill2_03"},{"time":0.5333,"name":"skill2_02"},{"time":0.6,"name":"skill2_03"},{"time":0.6666,"name":"skill2_02"},{"time":0.7333,"name":"skill2_03"},{"time":0.8,"name":"skill2_02"},{"time":0.8666,"name":"skill2_03"},{"time":0.9333,"name":"skill2_02"},{"time":1,"name":"skill2_03"},{"time":1.0666,"name":"skill2_04"},{"time":1.1666,"name":"skill2_05"},{"time":1.2333,"name":"skill2_06"},{"time":1.2666,"name":"skill2_07"},{"time":1.4,"name":"skill2_08"},{"time":1.6666,"name":"skill2_09"},{"time":1.7333,"name":"skill2_10"},{"time":1.8333,"name":"skill2_11"},{"time":1.9333,"name":"attack1_00"},{"time":2.0333,"name":"skill1_03"},{"time":2.2,"name":"skill2_12"},{"time":2.2666,"name":"skill2_13"},{"time":2.3333,"name":"skill1_06"},{"time":2.4666,"name":"skill1_05"},{"time":2.5333,"name":"skill1_06"},{"time":2.6,"name":"skill1_07"},{"time":2.6666,"name":"skill1_08"},{"time":2.7333,"name":"skill1_09"},{"time":3,"name":"skill1_09"}]}},"bones":{"MAIN":{"translate":[{"time":1.8333,"x":0,"y":0,"curve":"stepped"},{"time":1.9333,"x":0,"y":0}]},"EF_690_S1_wave1_1":{"translate":[{"time":0.1,"x":-99.58,"y":0,"curve":"stepped"},{"time":0.6333,"x":-99.58,"y":0,"curve":"stepped"},{"time":1.1666,"x":-44.51,"y":-0.99}],"scale":[{"time":0.1,"x":2,"y":2},{"time":0.3666,"x":4,"y":4,"curve":"stepped"},{"time":0.6333,"x":2,"y":2},{"time":0.9,"x":4,"y":4,"curve":"stepped"},{"time":1.1666,"x":1,"y":1},{"time":1.4333,"x":4,"y":4}]},"EF_690_S1_wave1_2":{"translate":[{"time":0.3333,"x":-99.52,"y":0,"curve":"stepped"},{"time":0.8666,"x":-99.52,"y":0,"curve":"stepped"},{"time":1.3,"x":-44.51,"y":-0.99,"curve":"stepped"},{"time":2.0333,"x":-0.05,"y":-0.99}],"scale":[{"time":0.3333,"x":2,"y":2},{"time":0.6,"x":4,"y":4,"curve":"stepped"},{"time":0.8666,"x":2,"y":2},{"time":1.1333,"x":4,"y":4,"curve":"stepped"},{"time":1.3,"x":2,"y":2},{"time":1.5666,"x":4,"y":4,"curve":"stepped"},{"time":2.0333,"x":2,"y":2},{"time":2.3,"x":4,"y":4}]},"DAMAGEAREA":{"translate":[{"time":0.2666,"x":-67.49,"y":-47.38,"curve":"stepped"},{"time":0.5,"x":-67.49,"y":-47.38,"curve":"stepped"},{"time":0.8,"x":-67.49,"y":-47.38,"curve":"stepped"},{"time":1.0333,"x":-67.49,"y":-47.38,"curve":"stepped"},{"time":2.3,"x":-150.7,"y":-47.7,"curve":"stepped"},{"time":2.3333,"x":-191.33,"y":-47},{"time":2.4333,"x":-215.9,"y":-47},{"time":2.5,"x":-248.98,"y":-47}],"scale":[{"time":2.3,"x":2.62,"y":2.9,"curve":"stepped"},{"time":2.3333,"x":2.415,"y":1.9},{"time":2.4333,"x":2.94,"y":1.9},{"time":2.5,"x":3.024,"y":1.9}]},"EF_weapon_aura":{"rotate":[{"time":1.4,"angle":-185.86,"curve":"stepped"},{"time":1.6666,"angle":-284.03,"curve":"stepped"},{"time":1.7333,"angle":-16.77,"curve":"stepped"},{"time":1.8333,"angle":-82.01,"curve":"stepped"},{"time":1.9333,"angle":-103.84,"curve":"stepped"},{"time":2.0333,"angle":-98.95,"curve":"stepped"},{"time":2.2,"angle":-100.11}],"translate":[{"time":1.4,"x":60.04,"y":25.9,"curve":"stepped"},{"time":1.6666,"x":93.32,"y":132.11,"curve":"stepped"},{"time":1.7333,"x":152.94,"y":103.52,"curve":"stepped"},{"time":1.8333,"x":211.45,"y":55.03,"curve":"stepped"},{"time":1.9333,"x":211.98,"y":22.1,"curve":"stepped"},{"time":2.0333,"x":219.16,"y":40.11,"curve":"stepped"},{"time":2.2,"x":196.85,"y":44.4}],"scale":[{"time":1.4,"x":1.764,"y":0.388,"curve":"stepped"},{"time":1.6666,"x":1.315,"y":1.118}]}},"events":[{"time":0,"name":"HitEffect","string":"setHitEffect(hit04e,1,1,1)"},{"time":0.1,"name":"Sound1","string":"cri_se_battle_charge_long"},{"time":0.5666,"name":"Sound1","string":"cri_se_battle_037_explosion_element_05"},{"time":0.9666,"name":"Sound1","string":"cri_se_battle_037_explosion_element_05"},{"time":1.6666,"name":"Sound1","string":"cri_se_battle_thrustviolently"},{"time":1.6666,"name":"Voice","string":"cri_005_voice_fullarts_rank2"},{"time":2.2333,"name":"Sound1","string":"cri_se_battle_skill_swing"},{"time":2.2666,"name":"Event","float":0.2,"string":"kHitStopType_enemyonly"},{"time":2.2666,"name":"HitEffect","string":"setHitEffect(hit04e,1,1,1)"},{"time":2.2666,"name":"Sound1","string":"setHitSound(se_battle_018_sword_hit_02)"},{"time":2.2666,"name":"Sound2","string":"cri_se_battle_037_explosion_element_05"},{"time":2.2666,"name":"Sound3","string":"cri_se_battle_monster_hit"},{"time":2.3,"name":"Event","string":"kImpactType_knock"},{"time":2.3333,"name":"View","string":"shakeGround"},{"time":2.4,"name":"Hit","float":1.1,"string":"resetHitList"},{"time":2.5,"name":"Hit","float":1.2,"string":"resetHitList"}]},"skill2-backup":{"slots":{"DAMAGEAREA":{"attachment":[{"time":2.4666,"name":"DAMAGEAREA"},{"time":2.6666,"name":null},{"time":2.9333,"name":"DAMAGEAREA"},{"time":3.2,"name":null}]},"EF_690_S1_wave1":{"attachment":[{"time":0.1,"name":"EF/690_S1_wave1/690_S1_wave1_00"},{"time":0.1666,"name":"EF/690_S1_wave1/690_S1_wave1_01"},{"time":0.2333,"name":"EF/690_S1_wave1/690_S1_wave1_02"},{"time":0.3,"name":"EF/690_S1_wave1/690_S1_wave1_03"},{"time":0.3666,"name":null},{"time":0.6333,"name":"EF/690_S1_wave1/690_S1_wave1_00"},{"time":0.7,"name":"EF/690_S1_wave1/690_S1_wave1_01"},{"time":0.7666,"name":"EF/690_S1_wave1/690_S1_wave1_02"},{"time":0.8333,"name":"EF/690_S1_wave1/690_S1_wave1_03"},{"time":0.9,"name":null},{"time":1.1666,"name":"EF/690_S1_wave1/690_S1_wave1_00"},{"time":1.2333,"name":"EF/690_S1_wave1/690_S1_wave1_01"},{"time":1.3,"name":"EF/690_S1_wave1/690_S1_wave1_02"},{"time":1.3666,"name":"EF/690_S1_wave1/690_S1_wave1_03"},{"time":1.4333,"name":null},{"time":2.3333,"name":"EF/690_S1_wave1/690_S1_wave1_00"},{"time":2.4,"name":"EF/690_S1_wave1/690_S1_wave1_01"},{"time":2.4666,"name":"EF/690_S1_wave1/690_S1_wave1_02"},{"time":2.5333,"name":"EF/690_S1_wave1/690_S1_wave1_03"},{"time":2.6,"name":null}],"color":[{"time":0.3,"color":"ffffffff"},{"time":0.3666,"color":"ffffff00","curve":"stepped"},{"time":0.6333,"color":"ffffffff","curve":"stepped"},{"time":0.8333,"color":"ffffffff"},{"time":0.9,"color":"ffffff00","curve":"stepped"},{"time":1.1666,"color":"ffffffff","curve":"stepped"},{"time":1.3666,"color":"ffffffff"},{"time":1.4333,"color":"ffffff00","curve":"stepped"},{"time":2.3333,"color":"ffffffff","curve":"stepped"},{"time":2.5333,"color":"ffffffff"},{"time":2.6,"color":"ffffff00"}]},"EF_690_S1_wave2":{"attachment":[{"time":0.3333,"name":"EF/690_S1_wave1/690_S1_wave1_00"},{"time":0.4,"name":"EF/690_S1_wave1/690_S1_wave1_01"},{"time":0.4666,"name":"EF/690_S1_wave1/690_S1_wave1_02"},{"time":0.5333,"name":"EF/690_S1_wave1/690_S1_wave1_03"},{"time":0.6,"name":null},{"time":0.8666,"name":"EF/690_S1_wave1/690_S1_wave1_00"},{"time":0.9333,"name":"EF/690_S1_wave1/690_S1_wave1_01"},{"time":1,"name":"EF/690_S1_wave1/690_S1_wave1_02"},{"time":1.0666,"name":"EF/690_S1_wave1/690_S1_wave1_03"},{"time":1.1333,"name":null},{"time":1.3,"name":"EF/690_S1_wave1/690_S1_wave1_00"},{"time":1.3666,"name":"EF/690_S1_wave1/690_S1_wave1_01"},{"time":1.4333,"name":"EF/690_S1_wave1/690_S1_wave1_02"},{"time":1.5,"name":"EF/690_S1_wave1/690_S1_wave1_03"},{"time":1.5666,"name":null},{"time":2.6666,"name":"EF/690_S1_wave1/690_S1_wave1_00"},{"time":2.7333,"name":"EF/690_S1_wave1/690_S1_wave1_01"},{"time":2.8,"name":"EF/690_S1_wave1/690_S1_wave1_02"},{"time":2.8666,"name":"EF/690_S1_wave1/690_S1_wave1_03"},{"time":2.9333,"name":null}],"color":[{"time":0.5333,"color":"ffffffff"},{"time":0.6,"color":"ffffff00","curve":"stepped"},{"time":0.8666,"color":"ffffffff","curve":"stepped"},{"time":1.0666,"color":"ffffffff"},{"time":1.1333,"color":"ffffff00","curve":"stepped"},{"time":1.3,"color":"ffffffff","curve":"stepped"},{"time":1.5,"color":"ffffffff"},{"time":1.5666,"color":"ffffff00","curve":"stepped"},{"time":2.6666,"color":"ffffffff","curve":"stepped"},{"time":2.8666,"color":"ffffffff"},{"time":2.9333,"color":"ffffff00"}]}},"bones":{"MAIN":{"translate":[{"time":1.2333,"x":-7.39,"y":0,"curve":"stepped"},{"time":1.4,"x":-33.76,"y":0,"curve":"stepped"},{"time":1.8333,"x":0,"y":0,"curve":"stepped"},{"time":1.9666,"x":0,"y":0,"curve":"stepped"},{"time":2.4,"x":-2.86,"y":1.53},{"time":2.4333,"x":-2.86,"y":-3.01},{"time":2.4666,"x":-2.86,"y":-0.5}],"scale":[{"time":2.4,"x":1,"y":1}]},"EF_690_S1_wave1_1":{"translate":[{"time":0.1,"x":-99.58,"y":0,"curve":"stepped"},{"time":0.6333,"x":-99.58,"y":0,"curve":"stepped"},{"time":1.1666,"x":-44.51,"y":-4.25,"curve":"stepped"},{"time":2.3333,"x":0.32,"y":-4.25}],"scale":[{"time":0.1,"x":2,"y":2},{"time":0.3666,"x":4,"y":4,"curve":"stepped"},{"time":0.6333,"x":2,"y":2},{"time":0.9,"x":4,"y":4,"curve":"stepped"},{"time":1.1666,"x":1,"y":1},{"time":1.4333,"x":4,"y":4,"curve":"stepped"},{"time":2.3333,"x":1,"y":1},{"time":2.6,"x":4,"y":4}]},"EF_690_S1_wave1_2":{"translate":[{"time":0.3333,"x":-99.52,"y":0,"curve":"stepped"},{"time":0.8666,"x":-99.52,"y":0,"curve":"stepped"},{"time":1.3,"x":-44.51,"y":-4.68,"curve":"stepped"},{"time":2.6666,"x":-0.05,"y":-4.68}],"scale":[{"time":0.3333,"x":2,"y":2},{"time":0.6,"x":4,"y":4,"curve":"stepped"},{"time":0.8666,"x":2,"y":2},{"time":1.1333,"x":4,"y":4,"curve":"stepped"},{"time":1.3,"x":2,"y":2},{"time":1.5666,"x":4,"y":4,"curve":"stepped"},{"time":2.6666,"x":2,"y":2},{"time":2.9333,"x":4,"y":4}]},"DAMAGEAREA":{"translate":[{"time":2.4666,"x":-212.09,"y":-47.67},{"time":2.5333,"x":-259.92,"y":-47.67},{"time":2.6333,"x":-309.13,"y":-47.67},{"time":2.9333,"x":-150.72,"y":-47.67},{"time":2.9666,"x":-204.55,"y":-47.67},{"time":3.0333,"x":-267.61,"y":-47.67},{"time":3.1333,"x":-293.75,"y":-47.67}],"scale":[{"time":2.4666,"x":3.153,"y":2.86},{"time":2.5333,"x":3.749,"y":2.902},{"time":2.6333,"x":4.472,"y":2.902},{"time":2.9333,"x":2.623,"y":2.902},{"time":2.9666,"x":3.259,"y":2.902},{"time":3.0333,"x":4.011,"y":2.902},{"time":3.1333,"x":4.336,"y":2.902}]}},"events":[{"time":0.1,"name":"Sound2","string":"cri_se_battle_charge_long"},{"time":0.5666,"name":"Sound2","string":"cri_se_battle_037_explosion_element_05"},{"time":0.9666,"name":"Sound2","string":"cri_se_battle_037_explosion_element_05"},{"time":1.6666,"name":"Sound2","string":"cri_se_battle_thrustviolently"},{"time":2.4,"name":"Sound1","string":"cri_se_battle_018_sword_hit_02"},{"time":2.4,"name":"Sound2","string":"cri_se_battle_038_weapon_swing"},{"time":2.4666,"name":"Event","float":0.1,"string":"kHitStopType_enemyonly"},{"time":2.5,"name":"Event","string":"shakeGround"},{"time":2.5333,"name":"Hit","string":"resetHitList"},{"time":2.6,"name":"Hit","string":"resetHitList"},{"time":2.9,"name":"Hit","string":"resetHitList"},{"time":2.9,"name":"Sound1","string":"cri_se_battle_018_sword_hit_02"},{"time":2.9,"name":"Sound2","string":"cri_se_battle_038_weapon_swing"},{"time":2.9333,"name":"Event","string":"kImpactType_knock"},{"time":2.9666,"name":"Event","string":"shakeGround"},{"time":3.0333,"name":"Hit","string":"resetHitList"},{"time":3.1333,"name":"Hit","string":"resetHitList"}]}}}