{"skeleton":{"hash":"omjq5uJm6S6MJwylPwyKOTWxM7w","spine":"3.0.12","width":0,"height":0,"images":"./images_3/"},"bones":[{"name":"root","scaleX":1.036,"scaleY":1.036},{"name":"MAIN4","parent":"root","x":5.4,"y":46.35,"color":"001d9bff"},{"name":"HITBOX4","parent":"MAIN4","x":-0.38,"y":5.82,"color":"ffffffff"},{"name":"MAIN3","parent":"root","x":5.4,"y":46.35,"color":"001d9bff"},{"name":"HITBOX3","parent":"MAIN3","x":-0.38,"y":5.82,"color":"ffffffff"},{"name":"MAIN2","parent":"root","x":5.4,"y":46.35,"color":"001d9bff"},{"name":"HITBOX2","parent":"MAIN2","x":-0.38,"y":5.82,"color":"ffffffff"},{"name":"MAIN","parent":"root","y":46.35,"color":"001d9bff"},{"name":"HITBOX","parent":"MAIN","x":-0.38,"y":5.82,"color":"ffffffff"},{"name":"EF","parent":"root","x":96.45,"y":55.05},{"name":"DAMAGEAREA","parent":"root"},{"name":"100_S1_wave1","parent":"root","color":"9b0043ff"}],"slots":[{"name":"grid/bg","bone":"root","color":"ffffff64"},{"name":"grid/grid","bone":"root","color":"ffffff64"},{"name":"EF/100_S1_wave1/100_S1_wave1_00000","bone":"100_S1_wave1","blend":"additive"},{"name":"MAIN","bone":"MAIN","attachment":"idle_00"},{"name":"MAIN2","bone":"MAIN2","blend":"screen"},{"name":"MAIN3","bone":"MAIN3","blend":"screen"},{"name":"MAIN4","bone":"MAIN4","blend":"screen"},{"name":"DAMAGEAREA","bone":"DAMAGEAREA"},{"name":"HITBOX","bone":"HITBOX","attachment":"HITBOX"},{"name":"HITBOX2","bone":"HITBOX2"},{"name":"HITBOX3","bone":"HITBOX3"},{"name":"HITBOX4","bone":"HITBOX4"},{"name":"EF/re_attack1_ef_02","bone":"EF"}],"skins":{"default":{"DAMAGEAREA":{"DAMAGEAREA":{"type":"boundingbox","vertices":[-98.49749,97.58831,-98.49749,-98.46147,97.97573,-98.03803,97.55229,97.58831,0,0,0,0,0,0,0,0]}},"EF/100_S1_wave1/100_S1_wave1_00000":{"EF/100_S1_wave1/100_S1_wave1_00000":{"width":200,"height":200},"EF/100_S1_wave1/100_S1_wave1_00002":{"width":200,"height":200},"EF/100_S1_wave1/100_S1_wave1_00003":{"width":200,"height":200},"EF/100_S1_wave1/100_S1_wave1_00004":{"width":200,"height":200},"EF/100_S1_wave1/100_S1_wave1_00005":{"width":200,"height":200},"EF/100_S1_wave1/100_S1_wave1_00007":{"width":200,"height":200},"EF/100_S1_wave1/100_S1_wave1_00008":{"width":200,"height":200},"EF/100_S1_wave1/100_S1_wave1_00009":{"width":200,"height":200},"EF/100_S1_wave1/100_S1_wave1_00011":{"width":200,"height":200}},"EF/re_attack1_ef_02":{"EF/re_attack1_ef_02":{"x":20.89,"y":18.9,"width":200,"height":170}},"HITBOX":{"HITBOX":{"type":"boundingbox","vertices":[-38.16999,39.68385,-38.16999,-57.66351,38.0597,-57.66351,38.08554,39.03746,0,0,0,0,0,0,0,0]}},"HITBOX2":{"HITBOX":{"type":"boundingbox","vertices":[-38.16999,39.68385,-38.16999,-57.66351,38.0597,-57.66351,38.08554,39.03746,0,0,0,0,0,0,0,0]}},"HITBOX3":{"HITBOX":{"type":"boundingbox","vertices":[-38.16999,39.68385,-38.16999,-57.66351,38.0597,-57.66351,38.08554,39.03746,0,0,0,0,0,0,0,0]}},"HITBOX4":{"HITBOX":{"type":"boundingbox","vertices":[-38.16999,39.68385,-38.16999,-57.66351,38.0597,-57.66351,38.08554,39.03746,0,0,0,0,0,0,0,0]}},"MAIN":{"attack1_00":{"x":8.36,"y":61.37,"width":400,"height":340},"attack1_01":{"x":8.36,"y":61.37,"width":400,"height":340},"attack1_02":{"x":8.36,"y":61.37,"width":400,"height":340},"attack1_03":{"x":8.36,"y":61.37,"width":400,"height":340},"attack1_04":{"x":8.36,"y":61.37,"width":400,"height":340},"back_00":{"x":8.36,"y":61.37,"width":400,"height":340},"damage_00":{"x":8.36,"y":61.37,"width":400,"height":340},"front_00":{"x":8.36,"y":61.37,"width":400,"height":340},"idle_00":{"x":8.36,"y":61.37,"width":400,"height":340},"idle_01":{"x":8.36,"y":61.37,"width":400,"height":340},"idle_02":{"x":8.36,"y":61.37,"width":400,"height":340},"idle_03":{"x":8.36,"y":61.37,"width":400,"height":340},"idle_04":{"x":8.36,"y":61.37,"width":400,"height":340},"skill1_00":{"x":8.36,"y":61.37,"width":400,"height":340},"skill1_01":{"x":8.36,"y":61.37,"width":400,"height":340},"skill1_02":{"x":8.36,"y":61.37,"width":400,"height":340},"skill1_03":{"x":8.36,"y":61.37,"width":400,"height":340},"skill1_04":{"x":8.36,"y":61.37,"width":400,"height":340},"skill1_05":{"x":8.36,"y":61.37,"width":400,"height":340},"skill1_06":{"x":8.36,"y":61.37,"width":400,"height":340},"skill1_07":{"x":8.36,"y":61.37,"width":400,"height":340},"skill2_00":{"x":8.36,"y":61.37,"width":400,"height":340},"skill2_01":{"x":8.36,"y":61.37,"width":400,"height":340},"skill2_02":{"x":8.36,"y":61.37,"width":400,"height":340},"skill2_03":{"x":8.36,"y":61.37,"width":400,"height":340},"skill2_04":{"x":8.36,"y":61.37,"width":400,"height":340},"skill2_05":{"x":8.36,"y":61.37,"width":400,"height":340},"skill2_06":{"x":8.36,"y":61.37,"width":400,"height":340},"skill2_07":{"x":8.36,"y":61.37,"width":400,"height":340},"skill2_08":{"x":8.36,"y":61.37,"width":400,"height":340},"skill2_09":{"x":8.36,"y":61.37,"width":400,"height":340},"skill2_10":{"x":8.36,"y":61.37,"width":400,"height":340},"skill2_11":{"x":8.36,"y":61.37,"width":400,"height":340},"skill2_12":{"x":8.36,"y":61.37,"width":400,"height":340},"skill2_13":{"x":8.36,"y":61.37,"width":400,"height":340}},"MAIN2":{"attack1_00":{"x":8.36,"y":61.37,"width":400,"height":340},"attack1_01":{"x":8.36,"y":61.37,"width":400,"height":340},"attack1_02":{"x":8.36,"y":61.37,"width":400,"height":340},"attack1_03":{"x":8.36,"y":61.37,"width":400,"height":340},"attack1_04":{"x":8.36,"y":61.37,"width":400,"height":340},"back_00":{"x":8.36,"y":61.37,"width":400,"height":340},"damage_00":{"x":8.36,"y":61.37,"width":400,"height":340},"front_00":{"x":8.36,"y":61.37,"width":400,"height":340},"idle_00":{"x":8.36,"y":61.37,"width":400,"height":340},"idle_01":{"x":8.36,"y":61.37,"width":400,"height":340},"idle_02":{"x":8.36,"y":61.37,"width":400,"height":340},"idle_03":{"x":8.36,"y":61.37,"width":400,"height":340},"idle_04":{"x":8.36,"y":61.37,"width":400,"height":340},"skill1_00":{"x":8.36,"y":61.37,"width":400,"height":340},"skill1_01":{"x":8.36,"y":61.37,"width":400,"height":340},"skill1_02":{"x":8.36,"y":61.37,"width":400,"height":340},"skill1_03":{"x":8.36,"y":61.37,"width":400,"height":340},"skill1_04":{"x":8.36,"y":61.37,"width":400,"height":340},"skill1_05":{"x":8.36,"y":61.37,"width":400,"height":340},"skill1_06":{"x":8.36,"y":61.37,"width":400,"height":340},"skill1_07":{"x":8.36,"y":61.37,"width":400,"height":340},"skill2_00":{"x":8.36,"y":61.37,"width":400,"height":340},"skill2_01":{"x":8.36,"y":61.37,"width":400,"height":340},"skill2_02":{"x":8.36,"y":61.37,"width":400,"height":340},"skill2_03":{"x":8.36,"y":61.37,"width":400,"height":340},"skill2_04":{"x":8.36,"y":61.37,"width":400,"height":340},"skill2_05":{"x":8.36,"y":61.37,"width":400,"height":340},"skill2_06":{"x":8.36,"y":61.37,"width":400,"height":340},"skill2_07":{"x":8.36,"y":61.37,"width":400,"height":340},"skill2_08":{"x":8.36,"y":61.37,"width":400,"height":340},"skill2_09":{"x":8.36,"y":61.37,"width":400,"height":340},"skill2_10":{"x":8.36,"y":61.37,"width":400,"height":340},"skill2_11":{"x":8.36,"y":61.37,"width":400,"height":340},"skill2_12":{"x":8.36,"y":61.37,"width":400,"height":340},"skill2_13":{"x":8.36,"y":61.37,"width":400,"height":340}},"MAIN3":{"attack1_00":{"x":8.36,"y":61.37,"width":400,"height":340},"attack1_01":{"x":8.36,"y":61.37,"width":400,"height":340},"attack1_02":{"x":8.36,"y":61.37,"width":400,"height":340},"attack1_03":{"x":8.36,"y":61.37,"width":400,"height":340},"attack1_04":{"x":8.36,"y":61.37,"width":400,"height":340},"back_00":{"x":8.36,"y":61.37,"width":400,"height":340},"damage_00":{"x":8.36,"y":61.37,"width":400,"height":340},"front_00":{"x":8.36,"y":61.37,"width":400,"height":340},"idle_00":{"x":8.36,"y":61.37,"width":400,"height":340},"idle_01":{"x":8.36,"y":61.37,"width":400,"height":340},"idle_02":{"x":8.36,"y":61.37,"width":400,"height":340},"idle_03":{"x":8.36,"y":61.37,"width":400,"height":340},"idle_04":{"x":8.36,"y":61.37,"width":400,"height":340},"skill1_00":{"x":8.36,"y":61.37,"width":400,"height":340},"skill1_01":{"x":8.36,"y":61.37,"width":400,"height":340},"skill1_02":{"x":8.36,"y":61.37,"width":400,"height":340},"skill1_03":{"x":8.36,"y":61.37,"width":400,"height":340},"skill1_04":{"x":8.36,"y":61.37,"width":400,"height":340},"skill1_05":{"x":8.36,"y":61.37,"width":400,"height":340},"skill1_06":{"x":8.36,"y":61.37,"width":400,"height":340},"skill1_07":{"x":8.36,"y":61.37,"width":400,"height":340},"skill2_00":{"x":8.36,"y":61.37,"width":400,"height":340},"skill2_01":{"x":8.36,"y":61.37,"width":400,"height":340},"skill2_02":{"x":8.36,"y":61.37,"width":400,"height":340},"skill2_03":{"x":8.36,"y":61.37,"width":400,"height":340},"skill2_04":{"x":8.36,"y":61.37,"width":400,"height":340},"skill2_05":{"x":8.36,"y":61.37,"width":400,"height":340},"skill2_06":{"x":8.36,"y":61.37,"width":400,"height":340},"skill2_07":{"x":8.36,"y":61.37,"width":400,"height":340},"skill2_08":{"x":8.36,"y":61.37,"width":400,"height":340},"skill2_09":{"x":8.36,"y":61.37,"width":400,"height":340},"skill2_10":{"x":8.36,"y":61.37,"width":400,"height":340},"skill2_11":{"x":8.36,"y":61.37,"width":400,"height":340},"skill2_12":{"x":8.36,"y":61.37,"width":400,"height":340},"skill2_13":{"x":8.36,"y":61.37,"width":400,"height":340}},"MAIN4":{"attack1_00":{"x":8.36,"y":61.37,"width":400,"height":340},"attack1_01":{"x":8.36,"y":61.37,"width":400,"height":340},"attack1_02":{"x":8.36,"y":61.37,"width":400,"height":340},"attack1_03":{"x":8.36,"y":61.37,"width":400,"height":340},"attack1_04":{"x":8.36,"y":61.37,"width":400,"height":340},"back_00":{"x":8.36,"y":61.37,"width":400,"height":340},"damage_00":{"x":8.36,"y":61.37,"width":400,"height":340},"front_00":{"x":8.36,"y":61.37,"width":400,"height":340},"idle_00":{"x":8.36,"y":61.37,"width":400,"height":340},"idle_01":{"x":8.36,"y":61.37,"width":400,"height":340},"idle_02":{"x":8.36,"y":61.37,"width":400,"height":340},"idle_03":{"x":8.36,"y":61.37,"width":400,"height":340},"idle_04":{"x":8.36,"y":61.37,"width":400,"height":340},"skill1_00":{"x":8.36,"y":61.37,"width":400,"height":340},"skill1_01":{"x":8.36,"y":61.37,"width":400,"height":340},"skill1_02":{"x":8.36,"y":61.37,"width":400,"height":340},"skill1_03":{"x":8.36,"y":61.37,"width":400,"height":340},"skill1_04":{"x":8.36,"y":61.37,"width":400,"height":340},"skill1_05":{"x":8.36,"y":61.37,"width":400,"height":340},"skill1_06":{"x":8.36,"y":61.37,"width":400,"height":340},"skill1_07":{"x":8.36,"y":61.37,"width":400,"height":340},"skill2_00":{"x":8.36,"y":61.37,"width":400,"height":340},"skill2_01":{"x":8.36,"y":61.37,"width":400,"height":340},"skill2_02":{"x":8.36,"y":61.37,"width":400,"height":340},"skill2_03":{"x":8.36,"y":61.37,"width":400,"height":340},"skill2_04":{"x":8.36,"y":61.37,"width":400,"height":340},"skill2_05":{"x":8.36,"y":61.37,"width":400,"height":340},"skill2_06":{"x":8.36,"y":61.37,"width":400,"height":340},"skill2_07":{"x":8.36,"y":61.37,"width":400,"height":340},"skill2_08":{"x":8.36,"y":61.37,"width":400,"height":340},"skill2_09":{"x":8.36,"y":61.37,"width":400,"height":340},"skill2_10":{"x":8.36,"y":61.37,"width":400,"height":340},"skill2_11":{"x":8.36,"y":61.37,"width":400,"height":340},"skill2_12":{"x":8.36,"y":61.37,"width":400,"height":340},"skill2_13":{"x":8.36,"y":61.37,"width":400,"height":340}}}},"events":{"Event":{},"Event2":{"float":0.1,"string":"kHitStopType_normal"},"Hit":{},"Sound_1":{},"Sound_2":{},"Voice":{}},"animations":{"attack1":{"slots":{"DAMAGEAREA":{"attachment":[{"time":0.4666,"name":"DAMAGEAREA"},{"time":0.5333,"name":null},{"time":0.8666,"name":"DAMAGEAREA"},{"time":0.9666,"name":null}]},"EF/re_attack1_ef_02":{"attachment":[{"time":0.7666,"name":"EF/re_attack1_ef_02"},{"time":0.8,"name":null}]},"MAIN":{"attachment":[{"time":0,"name":"skill2_04"},{"time":0.0666,"name":"skill2_05"},{"time":0.1333,"name":"skill2_06"},{"time":0.2,"name":"skill2_07"},{"time":0.4,"name":"skill2_08"},{"time":0.4666,"name":"skill2_09"},{"time":0.5333,"name":"skill2_10"},{"time":0.6333,"name":"attack1_00"},{"time":0.7,"name":"attack1_01"},{"time":0.7666,"name":"attack1_02"},{"time":0.8666,"name":"attack1_03"},{"time":0.9666,"name":"attack1_04"},{"time":1.1666,"name":"back_00"},{"time":1.3333,"name":"skill2_04"},{"time":1.5,"name":"skill2_04"}]}},"bones":{"MAIN":{"translate":[{"time":0.4,"x":-53.22,"y":0,"curve":"stepped"},{"time":0.6333,"x":-118.5,"y":0,"curve":"stepped"},{"time":1.2,"x":-105.6,"y":3.22},{"time":1.2666,"x":-45.44,"y":7.52},{"time":1.3333,"x":-10.74,"y":0,"curve":[0.169,0.78,0.75,1]},{"time":1.5,"x":-0.56,"y":0}]},"DAMAGEAREA":{"translate":[{"time":0.4666,"x":-87.7,"y":30.38,"curve":"stepped"},{"time":0.8666,"x":-142.26,"y":43.5}],"scale":[{"time":0.4666,"x":0.374,"y":0.361,"curve":"stepped"},{"time":0.8666,"x":0.385,"y":0.505}]},"EF":{"translate":[{"time":0.7666,"x":-247.06,"y":15.39}],"scale":[{"time":0.7666,"x":1.671,"y":2}]}},"events":[{"time":0,"name":"Event","string":"setHitEffect(hit05a, 1)"},{"time":0.3666,"name":"Sound_1","string":"cri_se_battle_sword_swish_heavy"},{"time":0.4,"name":"Event","float":0.1,"string":"kHitStopType_normal"},{"time":0.4,"name":"Voice","string":"cri_036_voice_attack_random"},{"time":0.4333,"name":"Sound_1","string":"setHitSound(se_battle_hands_hit)"},{"time":0.7,"name":"Sound_1","string":"cri_se_battle_sword_swish_heavy"},{"time":0.7666,"name":"Sound_1","string":"setHitSound(se_battle_hands_hit)"},{"time":0.8333,"name":"Event","float":0.2,"string":"kHitStopType_normal"},{"time":0.8666,"name":"Hit","string":"resetHitList"},{"time":1.1666,"name":"Sound_1","string":"cri_se_battle_step"}]},"attack2":{"slots":{"DAMAGEAREA":{"attachment":[{"time":0.2333,"name":"DAMAGEAREA"},{"time":0.3333,"name":null}]},"EF/re_attack1_ef_02":{"attachment":[{"time":0.1666,"name":"EF/re_attack1_ef_02"},{"time":0.2,"name":null}]},"MAIN":{"attachment":[{"time":0,"name":"attack1_00"},{"time":0.1,"name":"attack1_01"},{"time":0.1666,"name":"attack1_02"},{"time":0.2,"name":"attack1_03"},{"time":0.2666,"name":"attack1_04"},{"time":0.4666,"name":"attack1_00"}]}},"bones":{"DAMAGEAREA":{"translate":[{"time":0.2333,"x":-49.03,"y":43.5}],"scale":[{"time":0.2333,"x":0.385,"y":0.505}]},"EF":{"translate":[{"time":0.1666,"x":-126.39,"y":15.39}],"scale":[{"time":0.1666,"x":1.671,"y":2}]}},"events":[{"time":0,"name":"Event","string":"setHitEffect(hit05a, 1)"},{"time":0.0333,"name":"Event","float":0.1,"string":"kImpactType_normal"},{"time":0.0666,"name":"Sound_1","string":"cri_se_battle_skill_shot"},{"time":0.1666,"name":"Voice","string":"cri_036_voice_attack_c"},{"time":0.2,"name":"Sound_1","string":"setHitSound(se_battle_hard_hit)"}]},"back":{"slots":{"MAIN":{"attachment":[{"time":0,"name":"back_00"},{"time":0.2333,"name":"idle_03"},{"time":0.4,"name":"idle_02"},{"time":0.5666,"name":"idle_01"}]}},"bones":{"MAIN":{"translate":[{"time":0,"x":-5.4,"y":-3.03},{"time":0.1333,"x":66.24,"y":16.3},{"time":0.2333,"x":119.98,"y":-1.96,"curve":[0.219,0.86,0.75,1]},{"time":0.4666,"x":129.62,"y":-1.96}]}},"events":[{"time":0,"name":"Sound_1","string":"cri_se_battle_step"},{"time":0.4,"name":"Event"}]},"cast":{"slots":{"EF/re_attack1_ef_02":{"attachment":[{"time":0.5666,"name":"EF/re_attack1_ef_02"},{"time":0.6,"name":null}]},"MAIN":{"attachment":[{"time":0,"name":"skill2_04"},{"time":0.0666,"name":"skill2_05"},{"time":0.1333,"name":"skill2_06"},{"time":0.2,"name":"skill2_07"},{"time":0.4,"name":"attack1_00"},{"time":0.5,"name":"attack1_01"},{"time":0.5666,"name":"attack1_02"},{"time":0.6,"name":"attack1_03"},{"time":0.6666,"name":"attack1_04"},{"time":0.8666,"name":"idle_00"}]}},"bones":{"EF":{"translate":[{"time":0.5666,"x":-126.39,"y":15.39}],"scale":[{"time":0.5666,"x":1.671,"y":2}]}},"events":[{"time":0.5666,"name":"Voice","string":"cri_036_voice_item"}]},"damage":{"slots":{"MAIN":{"attachment":[{"time":0,"name":"damage_00"}]}}},"front":{"slots":{"MAIN":{"attachment":[{"time":0,"name":"front_00"}]}}},"idle":{"slots":{"MAIN":{"attachment":[{"time":0,"name":"idle_00"},{"time":0.1666,"name":"idle_01"},{"time":0.3333,"name":"idle_02"},{"time":0.5,"name":"idle_03"},{"time":0.6666,"name":"idle_04"},{"time":0.8333,"name":"idle_00"}]}}},"skill1":{"slots":{"DAMAGEAREA":{"attachment":[{"time":0.9333,"name":"DAMAGEAREA"},{"time":1.0666,"name":"DAMAGEAREA"},{"time":1.2666,"name":null}]},"EF/100_S1_wave1/100_S1_wave1_00000":{"attachment":[{"time":0.9333,"name":"EF/100_S1_wave1/100_S1_wave1_00000"},{"time":1,"name":"EF/100_S1_wave1/100_S1_wave1_00002"},{"time":1.0333,"name":"EF/100_S1_wave1/100_S1_wave1_00003"},{"time":1.0666,"name":"EF/100_S1_wave1/100_S1_wave1_00004"},{"time":1.1,"name":"EF/100_S1_wave1/100_S1_wave1_00005"},{"time":1.1333,"name":"EF/100_S1_wave1/100_S1_wave1_00007"},{"time":1.1666,"name":"EF/100_S1_wave1/100_S1_wave1_00008"},{"time":1.2,"name":"EF/100_S1_wave1/100_S1_wave1_00009"},{"time":1.2666,"name":"EF/100_S1_wave1/100_S1_wave1_00011"},{"time":1.3,"name":null}]},"MAIN":{"attachment":[{"time":0,"name":"skill1_00"},{"time":0.1,"name":"skill1_01"},{"time":0.1666,"name":"skill1_02"},{"time":0.4666,"name":"skill1_03"},{"time":0.6,"name":"skill1_04"},{"time":0.6333,"name":"skill1_05"},{"time":0.9,"name":"skill1_06"},{"time":1,"name":"skill1_07"},{"time":1.2,"name":"skill2_04"},{"time":1.2666,"name":"skill2_05"},{"time":1.3666,"name":"skill2_06"},{"time":1.4666,"name":"skill2_07"},{"time":1.6333,"name":"skill1_00"}],"color":[{"time":0,"color":"ffffffff","curve":"stepped"},{"time":1.4666,"color":"ffffffc7"},{"time":1.6,"color":"ffffffff"}]},"MAIN2":{"attachment":[{"time":0,"name":null},{"time":1.4666,"name":"skill2_07"}],"color":[{"time":1.4666,"color":"ffffffff"},{"time":1.6,"color":"ffffff00"}]},"MAIN3":{"attachment":[{"time":0,"name":null},{"time":1.4666,"name":"skill2_07"}],"color":[{"time":1.4666,"color":"ffffffff"},{"time":1.6,"color":"ffffff00"}]},"MAIN4":{"attachment":[{"time":1.4666,"name":"skill2_07"}],"color":[{"time":1.4666,"color":"ffffffff"},{"time":1.6,"color":"ffffff00"}]}},"bones":{"MAIN":{"translate":[{"time":0,"x":0,"y":0,"curve":"stepped"},{"time":0.4333,"x":0,"y":0,"curve":"stepped"},{"time":0.4666,"x":0,"y":42.51,"curve":[0.145,0.79,0.75,1]},{"time":0.6,"x":0,"y":279.67,"curve":[0.149,0.67,0.75,1]},{"time":0.9,"x":0,"y":287.16,"curve":[0.031,0.73,0.401,1]},{"time":0.9666,"x":-172.62,"y":-8.68,"curve":"stepped"},{"time":1,"x":-167.6,"y":-20.76,"curve":[0.232,0.89,0.75,1]},{"time":1.0666,"x":-182.33,"y":3.91},{"time":1.1,"x":-182.33,"y":0}]},"100_S1_wave1":{"translate":[{"time":0.9333,"x":-184.32,"y":17.46}],"scale":[{"time":0.9333,"x":4,"y":4},{"time":1.1333,"x":6.24,"y":6.24}]},"DAMAGEAREA":{"translate":[{"time":0.9333,"x":-177.17,"y":44.62},{"time":1.0666,"x":-179.49,"y":78.17},{"time":1.1666,"x":-187.44,"y":31.8}],"scale":[{"time":0.9333,"x":0.813,"y":0.438},{"time":1.0666,"x":1.489,"y":0.78},{"time":1.1666,"x":2.706,"y":0.52}]},"MAIN2":{"translate":[{"time":1.1,"x":-182.33,"y":0}]},"MAIN3":{"translate":[{"time":1.1,"x":-182.33,"y":0}]},"MAIN4":{"translate":[{"time":1.1,"x":-182.33,"y":0}]}},"events":[{"time":0,"name":"Event","string":"setHitEffect(hit05a, 1)"},{"time":0.4333,"name":"Event","string":"movePosition_Target(0.1,300,0)"},{"time":0.4666,"name":"Sound_1","string":"cri_se_battle_jump"},{"time":0.4666,"name":"Voice","string":"cri_036_voice_skill_all"},{"time":0.8666,"name":"Event","float":0.15,"string":"kHitStopType_normal"},{"time":0.9333,"name":"Sound_1","string":"cri_se_battle_monster_hit"},{"time":0.9333,"name":"Sound_2","string":"cri_se_battle_033_explosion_element_01"},{"time":0.9666,"name":"Event","float":0.03,"string":"kHitStopType_enemyonly"},{"time":1,"name":"Event","string":"shakeGround"},{"time":1,"name":"Hit","string":"resetHitList"},{"time":1.0333,"name":"Event","int":180,"string":"kImpactType_knock"},{"time":1.0666,"name":"Hit","string":"resetHitList"},{"time":1.1,"name":"Hit","string":"resetHitList"},{"time":1.1333,"name":"Hit","string":"resetHitList"},{"time":1.2,"name":"Event","string":"runScript_startWaitingForKeyIn"},{"time":2.5,"name":"Event","string":"runScript_finishWaitingForKeyIn"}]},"skill2":{"slots":{"MAIN":{"attachment":[{"time":0,"name":"idle_00"},{"time":0.2666,"name":"idle_04"},{"time":0.3333,"name":"skill2_00"},{"time":0.4333,"name":"skill2_01"},{"time":0.5333,"name":"skill2_02"},{"time":0.6333,"name":"skill2_03"},{"time":0.7,"name":"skill2_04"},{"time":0.7666,"name":"skill2_05"},{"time":0.8666,"name":"skill2_06"},{"time":1,"name":"skill2_07"},{"time":1.1333,"name":"skill2_08"},{"time":1.1666,"name":"skill2_09"},{"time":1.2,"name":"skill2_10"},{"time":1.2666,"name":"skill2_11"},{"time":1.3333,"name":"skill2_10"},{"time":1.4,"name":"skill2_11"},{"time":1.4666,"name":"skill2_10"},{"time":1.5333,"name":"skill2_11"},{"time":1.6,"name":"skill2_10"},{"time":1.6666,"name":"skill2_11"},{"time":1.7333,"name":"skill2_10"},{"time":1.8,"name":"skill2_11"},{"time":1.8666,"name":"skill2_12"},{"time":1.9666,"name":"skill2_13"},{"time":2.3,"name":"skill2_13"}]}},"bones":{"MAIN":{"translate":[{"time":1.1333,"x":-53.72,"y":0}]}},"events":[{"time":0,"name":"Event","string":"setHitEffect(hit05a, 1)"},{"time":0.3333,"name":"Sound_1","string":"cri_se_battle_charge_flare"},{"time":0.4333,"name":"Event","string":"shakeGround"},{"time":0.8,"name":"Event","string":"shakeGround"},{"time":0.8,"name":"Voice","string":"cri_036_voice_fullarts_rank4"},{"time":1.1,"name":"Event","float":0.9,"string":"shakeGround_Loop"},{"time":1.1333,"name":"Event","string":"addOrbitSystem_fireBall3"},{"time":1.1333,"name":"Sound_1","string":"cri_se_battle_arrow_light_effect"},{"time":1.1333,"name":"Sound_2","string":"cri_se_battle_gun_burst"}]},"skill3":{"slots":{"DAMAGEAREA":{"attachment":[{"time":0.1,"name":"DAMAGEAREA"},{"time":0.2333,"name":null}]},"EF/re_attack1_ef_02":{"attachment":[{"time":0.0333,"name":"EF/re_attack1_ef_02"},{"time":0.1666,"name":null}]},"MAIN":{"attachment":[{"time":0,"name":"skill2_07"},{"time":0.0333,"name":"attack1_02"},{"time":0.0666,"name":"attack1_03"},{"time":0.1666,"name":"attack1_04"},{"time":0.7,"name":"skill1_00"}]}},"bones":{"DAMAGEAREA":{"translate":[{"time":0.1,"x":-14.54,"y":136.36},{"time":0.1333,"x":-122.49,"y":187.88}],"scale":[{"time":0.1,"x":1.768,"y":1.2}]},"EF":{"translate":[{"time":0.0333,"x":-126.39,"y":15.39}],"scale":[{"time":0.0333,"x":1.671,"y":2}]}},"events":[{"time":0,"name":"Event","string":"setHitEffect(hit04a, 1)"},{"time":0,"name":"Sound_1","string":"cri_se_battle_skill_shot"},{"time":0,"name":"Sound_2","string":"cri_se_battle_033_explosion_element_01"},{"time":0.0333,"name":"Event","float":0.3,"string":"kHitStopType_normal"},{"time":0.0333,"name":"Sound_1","string":"setHitSound(se_battle_explosion_short)"},{"time":0.0666,"name":"Event","string":"shakeGround"},{"time":0.1,"name":"Event","string":"kImpactType_knock"},{"time":0.7,"name":"Event","string":"runScript_onCompleteAdditionalSkill"}]},"skill4":{"slots":{"DAMAGEAREA":{"attachment":[{"time":0.1,"name":"DAMAGEAREA"},{"time":0.2333,"name":null}]},"EF/re_attack1_ef_02":{"attachment":[{"time":0.0333,"name":"EF/re_attack1_ef_02"},{"time":0.1666,"name":null}]},"MAIN":{"attachment":[{"time":0,"name":"skill1_07"},{"time":0.0333,"name":"attack1_02"},{"time":0.0666,"name":"attack1_03"},{"time":0.1666,"name":"attack1_04"},{"time":0.7,"name":"skill1_00"}]}},"bones":{"DAMAGEAREA":{"translate":[{"time":0.1,"x":-66.06,"y":153.54},{"time":0.1333,"x":-174.01,"y":195.24}],"scale":[{"time":0.1,"x":1.454,"y":1.2}]},"EF":{"translate":[{"time":0.0333,"x":-126.39,"y":15.39}],"scale":[{"time":0.0333,"x":1.671,"y":2}]}},"events":[{"time":0,"name":"Event","string":"setHitEffect(hit04a, 1)"},{"time":0.0333,"name":"Event","float":0.3,"string":"kHitStopType_normal"},{"time":0.0333,"name":"Sound_1","string":"cri_se_battle_skill_shot"},{"time":0.0333,"name":"Sound_2","string":"cri_se_battle_033_explosion_element_01"},{"time":0.0666,"name":"Event","string":"shakeGround"},{"time":0.0666,"name":"Sound_1","string":"setHitSound(se_battle_explosion_short)"},{"time":0.1,"name":"Event","string":"kImpactType_knock"},{"time":0.7,"name":"Event","string":"runScript_onCompleteAdditionalSkill"}]},"skill5":{"slots":{"DAMAGEAREA":{"attachment":[{"time":0.0666,"name":"DAMAGEAREA"},{"time":0.1333,"name":null},{"time":0.2,"name":"DAMAGEAREA"},{"time":0.4,"name":null}]},"EF/re_attack1_ef_02":{"attachment":[{"time":0.2,"name":"EF/re_attack1_ef_02"},{"time":0.2333,"name":null}]},"MAIN":{"attachment":[{"time":0,"name":"skill2_07"},{"time":0.0333,"name":"skill2_08"},{"time":0.1,"name":"skill2_09"},{"time":0.1666,"name":"skill2_10"},{"time":0.2333,"name":"attack1_02"},{"time":0.2666,"name":"attack1_03"},{"time":0.3666,"name":"attack1_04"},{"time":0.9,"name":"skill1_00"}]}},"bones":{"MAIN":{"translate":[{"time":0.0333,"x":-4.04,"y":0,"curve":[0,0.92,0.19,1]},{"time":0.1666,"x":-34.01,"y":0,"curve":"stepped"},{"time":0.2333,"x":-91.36,"y":0}]},"DAMAGEAREA":{"translate":[{"time":0.0666,"x":-181.37,"y":153.54,"curve":"stepped"},{"time":0.2,"x":-181.37,"y":153.54}],"scale":[{"time":0.0666,"x":2,"y":2,"curve":"stepped"},{"time":0.2,"x":2,"y":2}]},"EF":{"translate":[{"time":0.2,"x":-218.27,"y":15.39}],"scale":[{"time":0.2,"x":1.671,"y":2}]}},"events":[{"time":0.0333,"name":"Event","string":"setHitEffect(hit04a, 1)"},{"time":0.0666,"name":"Event","float":0.4,"string":"kHitStopType_normal"},{"time":0.0666,"name":"Sound_1","string":"cri_se_battle_sword_swish_heavy"},{"time":0.0666,"name":"Sound_2","string":"setHitSound(se_battle_hard_hit)"},{"time":0.1,"name":"Event","string":"shakeGround"},{"time":0.2,"name":"Event","float":0.3,"string":"kHitStopType_normal"},{"time":0.2333,"name":"Event","string":"shakeGround"},{"time":0.2333,"name":"Hit","string":"resetHitList"},{"time":0.2333,"name":"Sound_1","string":"cri_se_battle_skill_shot"},{"time":0.2333,"name":"Sound_2","string":"cri_se_battle_033_explosion_element_01"},{"time":0.2666,"name":"Sound_1","string":"setHitSound(se_battle_explosion_short)"},{"time":0.3,"name":"Event","string":"kImpactType_knock"},{"time":0.9,"name":"Event","string":"runScript_onCompleteAdditionalSkill"}]},"skill1-original":{"slots":{"EF/100_S1_wave1/100_S1_wave1_00000":{"attachment":[{"time":0.4666,"name":"EF/100_S1_wave1/100_S1_wave1_00000"},{"time":0.5,"name":"EF/100_S1_wave1/100_S1_wave1_00003"},{"time":0.5333,"name":"EF/100_S1_wave1/100_S1_wave1_00004"},{"time":0.5666,"name":"EF/100_S1_wave1/100_S1_wave1_00007"},{"time":0.6,"name":"EF/100_S1_wave1/100_S1_wave1_00008"},{"time":0.6333,"name":"EF/100_S1_wave1/100_S1_wave1_00009"},{"time":0.6666,"name":"EF/100_S1_wave1/100_S1_wave1_00011"},{"time":0.7,"name":null},{"time":0.9333,"name":"EF/100_S1_wave1/100_S1_wave1_00000"},{"time":1,"name":"EF/100_S1_wave1/100_S1_wave1_00002"},{"time":1.0333,"name":"EF/100_S1_wave1/100_S1_wave1_00003"},{"time":1.0666,"name":"EF/100_S1_wave1/100_S1_wave1_00004"},{"time":1.1,"name":"EF/100_S1_wave1/100_S1_wave1_00005"},{"time":1.1333,"name":"EF/100_S1_wave1/100_S1_wave1_00007"},{"time":1.1666,"name":"EF/100_S1_wave1/100_S1_wave1_00008"},{"time":1.2,"name":"EF/100_S1_wave1/100_S1_wave1_00009"},{"time":1.2666,"name":"EF/100_S1_wave1/100_S1_wave1_00011"},{"time":1.3,"name":null}]},"EF/re_attack1_ef_02":{"attachment":[{"time":1.5,"name":"EF/re_attack1_ef_02"},{"time":1.5333,"name":null}]},"MAIN":{"attachment":[{"time":0,"name":"skill1_00"},{"time":0.1,"name":"skill1_01"},{"time":0.1666,"name":"skill1_02"},{"time":0.4666,"name":"skill1_03"},{"time":0.6,"name":"skill1_04"},{"time":0.6333,"name":"skill1_05"},{"time":0.9,"name":"skill1_06"},{"time":1,"name":"skill1_07"},{"time":1.3333,"name":"attack1_00"},{"time":1.4333,"name":"attack1_01"},{"time":1.5,"name":"attack1_02"},{"time":1.5333,"name":"attack1_03"},{"time":1.5666,"name":"attack1_04"},{"time":2,"name":"skill1_00"}]}},"bones":{"MAIN":{"translate":[{"time":0.4666,"x":25.61,"y":42.51,"curve":[0.145,0.79,0.75,1]},{"time":0.6,"x":25.61,"y":279.67,"curve":[0.149,0.67,0.75,1]},{"time":0.9,"x":19.87,"y":287.16,"curve":[0.031,0.73,0.401,1]},{"time":0.9666,"x":-158.74,"y":-4.95,"curve":"stepped"},{"time":1,"x":-154.71,"y":-13.93},{"time":1.0666,"x":-156.71,"y":5.81},{"time":1.1,"x":-157.71,"y":0.93,"curve":"stepped"},{"time":1.3333,"x":-175.38,"y":0.93,"curve":"stepped"},{"time":1.4333,"x":-190.11,"y":0.93}]},"100_S1_wave1":{"translate":[{"time":0.4666,"x":-3.96,"y":36.04,"curve":"stepped"},{"time":0.9333,"x":-184.32,"y":24.42}],"scale":[{"time":0.4666,"x":4,"y":4,"curve":"stepped"},{"time":0.9333,"x":4,"y":4},{"time":1.1333,"x":6.24,"y":6.24}]},"EF":{"translate":[{"time":1.5,"x":-316.69,"y":15.39}],"scale":[{"time":1.5,"x":1.671,"y":2}]}}}}}