{"skeleton":{"hash":"azbzOencacEoWBP3ey9wAsW6KlI","spine":"3.0.12","width":0,"height":0,"images":"./images2/"},"bones":[{"name":"root"},{"name":"MAIN","parent":"root","y":35.73},{"name":"HPBAR","parent":"MAIN","y":84.27}],"slots":[{"name":"MAIN","bone":"MAIN","attachment":"idle_00"}],"skins":{"default":{"MAIN":{"idle_00":{"y":42.66,"width":400,"height":400},"idle_01":{"y":42.66,"width":400,"height":400},"idle_02":{"y":42.66,"width":400,"height":400},"idle_03":{"y":42.66,"width":400,"height":400},"idle_04":{"y":42.66,"width":400,"height":400},"idle_05":{"y":42.66,"width":400,"height":400}}}},"events":{"Event":{},"Event2":{},"Hit":{},"HitEffect":{},"Sound_1":{},"Sound_2":{},"Sound_3":{},"View":{},"voice":{}},"animations":{"idle":{"slots":{"MAIN":{"attachment":[{"time":0,"name":"idle_00"},{"time":0.0333,"name":"idle_01"},{"time":0.1666,"name":"idle_02"},{"time":0.2333,"name":"idle_03"},{"time":0.3,"name":"idle_02"},{"time":0.3666,"name":"idle_03"},{"time":0.4333,"name":"idle_02"},{"time":0.5,"name":"idle_03"},{"time":0.5666,"name":"idle_04"},{"time":0.6333,"name":"idle_05"},{"time":0.7333,"name":"idle_00"},{"time":1.0333,"name":"idle_00"}]}},"bones":{"MAIN":{"translate":[{"time":0.2333,"x":0,"y":0,"curve":[0.098,0,0.064,1]},{"time":0.4333,"x":0,"y":19.02,"curve":[0.975,0,0.886,0.99]},{"time":0.6333,"x":0,"y":0}]}}}}}