{"skeleton":{"hash":"28bwH7kOsI2x0z5oddEz52Bu6e0","spine":"3.0.12","width":0,"height":0,"images":"./images/"},"bones":[{"name":"root"},{"name":"MAIN","parent":"root","y":48.16}],"slots":[{"name":"MAIN","bone":"MAIN","attachment":"idle_00"}],"skins":{"default":{"MAIN":{"idle_00":{"x":-69,"y":19.83,"width":500,"height":400},"idle_01":{"x":-69,"y":19.83,"width":500,"height":400},"idle_02":{"x":-69,"y":19.83,"width":500,"height":400},"idle_03":{"x":-69,"y":19.83,"width":500,"height":400},"idle_04":{"x":-69,"y":19.83,"width":500,"height":400}}}},"events":{"Event":{},"Event2":{},"Hit":{},"Sound1":{},"Sound2":{},"View":{},"Voice":{}},"animations":{"idle":{"slots":{"MAIN":{"attachment":[{"time":0,"name":"idle_00"},{"time":0.1666,"name":"idle_01"},{"time":0.3333,"name":"idle_02"},{"time":0.5,"name":"idle_03"},{"time":0.6666,"name":"idle_04"},{"time":0.8333,"name":"idle_00"}]}}}}}