{"skeleton":{"hash":"aWba3MPpMHgmEC3AxKqkld2Ry+Y","spine":"3.0.12","width":512,"height":512},"bones":[{"name":"root"},{"name":"MAIN","parent":"root","y":100},{"name":"ef_trust_main","parent":"MAIN","x":10},{"name":"ef_trust_aura_main","parent":"MAIN","x":10},{"name":"ef_tornade_aura_main","parent":"MAIN","x":10},{"name":"ef_beam_B_main","parent":"MAIN","x":10},{"name":"ef_beam_A_main2","parent":"MAIN","x":10},{"name":"ef_beam_A_main","parent":"MAIN","x":10},{"name":"HPBAR","parent":"MAIN","y":84.95},{"name":"HITBOX","parent":"MAIN","y":-1.72,"scaleX":0.401},{"name":"EF","parent":"root","x":50},{"name":"ef_lightning_main","parent":"EF"},{"name":"ef_jet_main2","parent":"EF"},{"name":"ef_jet_main","parent":"EF"},{"name":"ef_OF_main4","parent":"EF"},{"name":"ef_OF_main3","parent":"EF"},{"name":"ef_OF_main2","parent":"EF"},{"name":"ef_OF_main","parent":"EF"},{"name":"9100_A5D_attack6","parent":"EF"},{"name":"9100_A5D_attack5","parent":"EF"},{"name":"9100_A5D_attack4","parent":"EF"},{"name":"690_S1_wave2","parent":"EF"},{"name":"690_S1_wave1","parent":"EF"},{"name":"DAMAGEAREA","parent":"root"}],"slots":[{"name":"EF/Slashing_attack_07","bone":"MAIN","color":"a500ffff","blend":"additive"},{"name":"EF/Slashing_attack_05","bone":"MAIN","color":"a500ffff","blend":"additive"},{"name":"EF/ef_tornade_aura_main/ef_tornade_aura_main_1","bone":"ef_tornade_aura_main","blend":"additive"},{"name":"EF/690_S1_wave1/690_S1_wave1_00000","bone":"690_S1_wave1","blend":"additive"},{"name":"EF/690_S1_wave1/690_S1_wave1_0","bone":"690_S1_wave2","blend":"additive"},{"name":"MAIN","bone":"MAIN","attachment":"idle_00"},{"name":"EF/ef_tornade_aura_main/ef_tornade_aura_main_00001","bone":"ef_tornade_aura_main","blend":"additive"},{"name":"EF/wave_air/9100_A5D_attack4_00001","bone":"9100_A5D_attack4","blend":"additive"},{"name":"EF/wave_air/9100_A5D_attack4_1","bone":"9100_A5D_attack5","blend":"additive"},{"name":"EF/wave_air/9100_A5D_attack4_2","bone":"9100_A5D_attack6","blend":"additive"},{"name":"EF/ef_OF_main/ef_OF_main_00002","bone":"ef_OF_main","blend":"additive"},{"name":"EF/ef_OF_main/ef_OF_main_2","bone":"ef_OF_main2","blend":"additive"},{"name":"EF/ef_OF_main/ef_OF_main_3","bone":"ef_OF_main3","blend":"additive"},{"name":"EF/ef_OF_main/ef_OF_main_4","bone":"ef_OF_main4","blend":"additive"},{"name":"EF/ef_lightning_main/ef_lightning_main_00001","bone":"ef_lightning_main","blend":"additive"},{"name":"EF/ef_trust_aura_main/ef_trust_aura_main_00004","bone":"ef_trust_aura_main","blend":"additive"},{"name":"EF/ef_beam_A_main/ef_beam_A_main_00002","bone":"ef_beam_A_main","blend":"additive"},{"name":"EF/ef_beam_A_main/ef_beam_A_main_2","bone":"ef_beam_A_main2","blend":"additive"},{"name":"EF/ef_beam_B_main/ef_beam_B_main_00001","bone":"ef_beam_B_main","blend":"additive"},{"name":"EF/ef_jet_main/ef_jet_main_00001","bone":"ef_jet_main","blend":"additive"},{"name":"EF/ef_jet_main/ef_jet_main_1","bone":"ef_jet_main2","blend":"additive"},{"name":"EF/ef_trust_main/ef_trust_main_00001","bone":"ef_trust_main","blend":"additive"},{"name":"DAMAGEAREA","bone":"DAMAGEAREA"},{"name":"HITBOX","bone":"HITBOX","attachment":"HITBOX"}],"skins":{"default":{"DAMAGEAREA":{"DAMAGEAREA":{"type":"boundingbox","vertices":[-63.78229,-65.29851,63.76072,-64.74638,64.31286,63.90091,-64.33442,63.34878]}},"EF/690_S1_wave1/690_S1_wave1_0":{"EF/690_S1_wave1/690_S1_wave1_00000":{"width":200,"height":200},"EF/690_S1_wave1/690_S1_wave1_00001":{"width":200,"height":200},"EF/690_S1_wave1/690_S1_wave1_00002":{"width":200,"height":200},"EF/690_S1_wave1/690_S1_wave1_00003":{"width":200,"height":200},"EF/690_S1_wave1/690_S1_wave1_00004":{"width":200,"height":200},"EF/690_S1_wave1/690_S1_wave1_00005":{"width":200,"height":200},"EF/690_S1_wave1/690_S1_wave1_00006":{"width":200,"height":200},"EF/690_S1_wave1/690_S1_wave1_00007":{"width":200,"height":200},"EF/690_S1_wave1/690_S1_wave1_00008":{"width":200,"height":200},"EF/690_S1_wave1/690_S1_wave1_00009":{"width":200,"height":200},"EF/690_S1_wave1/690_S1_wave1_00010":{"width":200,"height":200},"EF/690_S1_wave1/690_S1_wave1_00011":{"width":200,"height":200}},"EF/690_S1_wave1/690_S1_wave1_00000":{"EF/690_S1_wave1/690_S1_wave1_00000":{"width":200,"height":200},"EF/690_S1_wave1/690_S1_wave1_00001":{"width":200,"height":200},"EF/690_S1_wave1/690_S1_wave1_00002":{"width":200,"height":200},"EF/690_S1_wave1/690_S1_wave1_00003":{"width":200,"height":200},"EF/690_S1_wave1/690_S1_wave1_00004":{"width":200,"height":200},"EF/690_S1_wave1/690_S1_wave1_00005":{"width":200,"height":200},"EF/690_S1_wave1/690_S1_wave1_00006":{"width":200,"height":200},"EF/690_S1_wave1/690_S1_wave1_00007":{"width":200,"height":200},"EF/690_S1_wave1/690_S1_wave1_00008":{"width":200,"height":200},"EF/690_S1_wave1/690_S1_wave1_00009":{"width":200,"height":200},"EF/690_S1_wave1/690_S1_wave1_00010":{"width":200,"height":200},"EF/690_S1_wave1/690_S1_wave1_00011":{"width":200,"height":200}},"EF/Slashing_attack_05":{"EF/Slashing_02":{"x":-107.29,"y":22.45,"scaleX":2.169,"scaleY":2.169,"width":256,"height":256}},"EF/Slashing_attack_07":{"EF/Slashing_01":{"x":-47.13,"y":41.14,"scaleX":2.024,"scaleY":2.024,"width":256,"height":256}},"EF/ef_OF_main/ef_OF_main_00002":{"EF/ef_OF_main/ef_OF_main_00002":{"width":180,"height":180},"EF/ef_OF_main/ef_OF_main_00003":{"width":180,"height":180},"EF/ef_OF_main/ef_OF_main_00004":{"width":180,"height":180},"EF/ef_OF_main/ef_OF_main_00005":{"width":180,"height":180},"EF/ef_OF_main/ef_OF_main_00006":{"width":180,"height":180},"EF/ef_OF_main/ef_OF_main_00007":{"width":180,"height":180}},"EF/ef_OF_main/ef_OF_main_2":{"EF/ef_OF_main/ef_OF_main_00002":{"width":180,"height":180},"EF/ef_OF_main/ef_OF_main_00003":{"width":180,"height":180},"EF/ef_OF_main/ef_OF_main_00004":{"width":180,"height":180},"EF/ef_OF_main/ef_OF_main_00005":{"width":180,"height":180},"EF/ef_OF_main/ef_OF_main_00006":{"width":180,"height":180},"EF/ef_OF_main/ef_OF_main_00007":{"width":180,"height":180}},"EF/ef_OF_main/ef_OF_main_3":{"EF/ef_OF_main/ef_OF_main_00002":{"width":180,"height":180},"EF/ef_OF_main/ef_OF_main_00003":{"width":180,"height":180},"EF/ef_OF_main/ef_OF_main_00004":{"width":180,"height":180},"EF/ef_OF_main/ef_OF_main_00005":{"width":180,"height":180},"EF/ef_OF_main/ef_OF_main_00006":{"width":180,"height":180},"EF/ef_OF_main/ef_OF_main_00007":{"width":180,"height":180}},"EF/ef_OF_main/ef_OF_main_4":{"EF/ef_OF_main/ef_OF_main_00002":{"width":180,"height":180},"EF/ef_OF_main/ef_OF_main_00003":{"width":180,"height":180},"EF/ef_OF_main/ef_OF_main_00004":{"width":180,"height":180},"EF/ef_OF_main/ef_OF_main_00005":{"width":180,"height":180},"EF/ef_OF_main/ef_OF_main_00006":{"width":180,"height":180},"EF/ef_OF_main/ef_OF_main_00007":{"width":180,"height":180}},"EF/ef_beam_A_main/ef_beam_A_main_00002":{"EF/ef_beam_A_main/ef_beam_A_main_00002":{"y":92.37,"width":120,"height":240},"EF/ef_beam_A_main/ef_beam_A_main_00003":{"y":92.37,"width":120,"height":240},"EF/ef_beam_A_main/ef_beam_A_main_00004":{"y":92.37,"width":120,"height":240},"EF/ef_beam_A_main/ef_beam_A_main_00005":{"y":92.37,"width":120,"height":240},"EF/ef_beam_A_main/ef_beam_A_main_00006":{"y":92.37,"width":120,"height":240},"EF/ef_beam_A_main/ef_beam_A_main_00008":{"y":92.37,"width":120,"height":240},"EF/ef_beam_A_main/ef_beam_A_main_00009":{"y":92.37,"width":120,"height":240},"EF/ef_beam_A_main/ef_beam_A_main_00011":{"y":92.37,"width":120,"height":240},"EF/ef_beam_A_main/ef_beam_A_main_00012":{"y":92.37,"width":120,"height":240},"EF/ef_beam_A_main/ef_beam_A_main_00014":{"y":92.37,"width":120,"height":240},"EF/ef_beam_A_main/ef_beam_A_main_00015":{"y":92.37,"width":120,"height":240},"EF/ef_beam_A_main/ef_beam_A_main_00017":{"y":92.37,"width":120,"height":240},"EF/ef_beam_A_main/ef_beam_A_main_00018":{"y":92.37,"width":120,"height":240},"EF/ef_beam_A_main/ef_beam_A_main_00020":{"y":92.37,"width":120,"height":240},"EF/ef_beam_A_main/ef_beam_A_main_00021":{"y":92.37,"width":120,"height":240},"EF/ef_beam_A_main/ef_beam_A_main_00023":{"y":92.37,"width":120,"height":240},"EF/ef_beam_A_main/ef_beam_A_main_00024":{"y":92.37,"width":120,"height":240},"EF/ef_beam_A_main/ef_beam_A_main_00026":{"y":92.37,"width":120,"height":240},"EF/ef_beam_A_main/ef_beam_A_main_00027":{"y":92.37,"width":120,"height":240},"EF/ef_beam_A_main/ef_beam_A_main_00029":{"y":92.37,"width":120,"height":240},"EF/ef_beam_A_main/ef_beam_A_main_00030":{"y":92.37,"width":120,"height":240},"EF/ef_beam_A_main/ef_beam_A_main_00032":{"y":92.37,"width":120,"height":240},"EF/ef_beam_A_main/ef_beam_A_main_00033":{"y":92.37,"width":120,"height":240},"EF/ef_beam_A_main/ef_beam_A_main_00035":{"y":92.37,"width":120,"height":240},"EF/ef_beam_A_main/ef_beam_A_main_00036":{"y":92.37,"width":120,"height":240},"EF/ef_beam_A_main/ef_beam_A_main_00037":{"y":92.37,"width":120,"height":240}},"EF/ef_beam_A_main/ef_beam_A_main_2":{"EF/ef_beam_A_main/ef_beam_A_main_00002":{"y":92.37,"width":120,"height":240},"EF/ef_beam_A_main/ef_beam_A_main_00003":{"y":92.37,"width":120,"height":240},"EF/ef_beam_A_main/ef_beam_A_main_00004":{"y":92.37,"width":120,"height":240},"EF/ef_beam_A_main/ef_beam_A_main_00005":{"y":92.37,"width":120,"height":240},"EF/ef_beam_A_main/ef_beam_A_main_00006":{"y":92.37,"width":120,"height":240},"EF/ef_beam_A_main/ef_beam_A_main_00008":{"y":92.37,"width":120,"height":240},"EF/ef_beam_A_main/ef_beam_A_main_00009":{"y":92.37,"width":120,"height":240},"EF/ef_beam_A_main/ef_beam_A_main_00011":{"y":92.37,"width":120,"height":240},"EF/ef_beam_A_main/ef_beam_A_main_00012":{"y":92.37,"width":120,"height":240},"EF/ef_beam_A_main/ef_beam_A_main_00014":{"y":92.37,"width":120,"height":240},"EF/ef_beam_A_main/ef_beam_A_main_00015":{"y":92.37,"width":120,"height":240},"EF/ef_beam_A_main/ef_beam_A_main_00017":{"y":92.37,"width":120,"height":240},"EF/ef_beam_A_main/ef_beam_A_main_00018":{"y":92.37,"width":120,"height":240},"EF/ef_beam_A_main/ef_beam_A_main_00020":{"y":92.37,"width":120,"height":240},"EF/ef_beam_A_main/ef_beam_A_main_00021":{"y":92.37,"width":120,"height":240},"EF/ef_beam_A_main/ef_beam_A_main_00023":{"y":92.37,"width":120,"height":240},"EF/ef_beam_A_main/ef_beam_A_main_00024":{"y":92.37,"width":120,"height":240},"EF/ef_beam_A_main/ef_beam_A_main_00026":{"y":92.37,"width":120,"height":240},"EF/ef_beam_A_main/ef_beam_A_main_00027":{"y":92.37,"width":120,"height":240},"EF/ef_beam_A_main/ef_beam_A_main_00029":{"y":92.37,"width":120,"height":240},"EF/ef_beam_A_main/ef_beam_A_main_00030":{"y":92.37,"width":120,"height":240},"EF/ef_beam_A_main/ef_beam_A_main_00032":{"y":92.37,"width":120,"height":240},"EF/ef_beam_A_main/ef_beam_A_main_00033":{"y":92.37,"width":120,"height":240},"EF/ef_beam_A_main/ef_beam_A_main_00035":{"y":92.37,"width":120,"height":240},"EF/ef_beam_A_main/ef_beam_A_main_00036":{"y":92.37,"width":120,"height":240},"EF/ef_beam_A_main/ef_beam_A_main_00037":{"y":92.37,"width":120,"height":240}},"EF/ef_beam_B_main/ef_beam_B_main_00001":{"EF/ef_beam_B_main/ef_beam_B_main_00001":{"y":12.77,"width":200,"height":200},"EF/ef_beam_B_main/ef_beam_B_main_00003":{"y":12.77,"width":200,"height":200},"EF/ef_beam_B_main/ef_beam_B_main_00004":{"y":12.77,"width":200,"height":200},"EF/ef_beam_B_main/ef_beam_B_main_00006":{"y":12.77,"width":200,"height":200},"EF/ef_beam_B_main/ef_beam_B_main_00007":{"y":12.77,"width":200,"height":200},"EF/ef_beam_B_main/ef_beam_B_main_00009":{"y":12.77,"width":200,"height":200},"EF/ef_beam_B_main/ef_beam_B_main_00010":{"y":12.77,"width":200,"height":200}},"EF/ef_jet_main/ef_jet_main_00001":{"EF/ef_jet_main/ef_jet_main_00001":{"x":-26.42,"y":45.57,"width":192,"height":192},"EF/ef_jet_main/ef_jet_main_00002":{"x":-26.42,"y":45.57,"width":192,"height":192},"EF/ef_jet_main/ef_jet_main_00003":{"x":-26.42,"y":45.57,"width":192,"height":192},"EF/ef_jet_main/ef_jet_main_00004":{"x":-26.42,"y":45.57,"width":192,"height":192},"EF/ef_jet_main/ef_jet_main_00005":{"x":-26.42,"y":45.57,"width":192,"height":192},"EF/ef_jet_main/ef_jet_main_00006":{"x":-26.42,"y":45.57,"width":192,"height":192},"EF/ef_jet_main/ef_jet_main_00007":{"x":-26.42,"y":45.57,"width":192,"height":192},"EF/ef_jet_main/ef_jet_main_00008":{"x":-26.42,"y":45.57,"width":192,"height":192},"EF/ef_jet_main/ef_jet_main_00009":{"x":-26.42,"y":45.57,"width":192,"height":192}},"EF/ef_jet_main/ef_jet_main_1":{"EF/ef_jet_main/ef_jet_main_00001":{"x":-26.42,"y":45.57,"width":192,"height":192},"EF/ef_jet_main/ef_jet_main_00002":{"x":-26.42,"y":45.57,"width":192,"height":192},"EF/ef_jet_main/ef_jet_main_00003":{"x":-26.42,"y":45.57,"width":192,"height":192},"EF/ef_jet_main/ef_jet_main_00004":{"x":-26.42,"y":45.57,"width":192,"height":192},"EF/ef_jet_main/ef_jet_main_00005":{"x":-26.42,"y":45.57,"width":192,"height":192},"EF/ef_jet_main/ef_jet_main_00006":{"x":-26.42,"y":45.57,"width":192,"height":192},"EF/ef_jet_main/ef_jet_main_00007":{"x":-26.42,"y":45.57,"width":192,"height":192},"EF/ef_jet_main/ef_jet_main_00008":{"x":-26.42,"y":45.57,"width":192,"height":192},"EF/ef_jet_main/ef_jet_main_00009":{"x":-26.42,"y":45.57,"width":192,"height":192}},"EF/ef_lightning_main/ef_lightning_main_00001":{"EF/ef_lightning_main/ef_lightning_main_00001":{"x":145.15,"width":420,"height":200},"EF/ef_lightning_main/ef_lightning_main_00002":{"x":145.15,"width":420,"height":200},"EF/ef_lightning_main/ef_lightning_main_00003":{"x":145.15,"width":420,"height":200},"EF/ef_lightning_main/ef_lightning_main_00004":{"x":145.15,"width":420,"height":200},"EF/ef_lightning_main/ef_lightning_main_00005":{"x":145.15,"width":420,"height":200},"EF/ef_lightning_main/ef_lightning_main_00006":{"x":145.15,"width":420,"height":200},"EF/ef_lightning_main/ef_lightning_main_00007":{"x":145.15,"width":420,"height":200},"EF/ef_lightning_main/ef_lightning_main_00008":{"x":145.15,"width":420,"height":200},"EF/ef_lightning_main/ef_lightning_main_00009":{"x":145.15,"width":420,"height":200}},"EF/ef_tornade_aura_main/ef_tornade_aura_main_00001":{"EF/ef_tornade_aura_main/ef_tornade_aura_main_00001":{"width":300,"height":300},"EF/ef_tornade_aura_main/ef_tornade_aura_main_00002":{"width":300,"height":300},"EF/ef_tornade_aura_main/ef_tornade_aura_main_00003":{"width":300,"height":300},"EF/ef_tornade_aura_main/ef_tornade_aura_main_00004":{"width":300,"height":300},"EF/ef_tornade_aura_main/ef_tornade_aura_main_00005":{"width":300,"height":300},"EF/ef_tornade_aura_main/ef_tornade_aura_main_00006":{"width":300,"height":300},"EF/ef_tornade_aura_main/ef_tornade_aura_main_00007":{"width":300,"height":300},"EF/ef_tornade_aura_main/ef_tornade_aura_main_00008":{"width":300,"height":300},"EF/ef_tornade_aura_main/ef_tornade_aura_main_00009":{"width":300,"height":300},"EF/ef_tornade_aura_main/ef_tornade_aura_main_00010":{"width":300,"height":300},"EF/ef_tornade_aura_main/ef_tornade_aura_main_00011":{"width":300,"height":300},"EF/ef_tornade_aura_main/ef_tornade_aura_main_00012":{"width":300,"height":300},"EF/ef_tornade_aura_main/ef_tornade_aura_main_00013":{"width":300,"height":300},"EF/ef_tornade_aura_main/ef_tornade_aura_main_00014":{"width":300,"height":300},"EF/ef_tornade_aura_main/ef_tornade_aura_main_00015":{"width":300,"height":300},"EF/ef_tornade_aura_main/ef_tornade_aura_main_00016":{"width":300,"height":300},"EF/ef_tornade_aura_main/ef_tornade_aura_main_00017":{"width":300,"height":300},"EF/ef_tornade_aura_main/ef_tornade_aura_main_00018":{"width":300,"height":300},"EF/ef_tornade_aura_main/ef_tornade_aura_main_00019":{"width":300,"height":300},"EF/ef_tornade_aura_main/ef_tornade_aura_main_00020":{"width":300,"height":300},"EF/ef_tornade_aura_main/ef_tornade_aura_main_00021":{"width":300,"height":300},"EF/ef_tornade_aura_main/ef_tornade_aura_main_00022":{"width":300,"height":300},"EF/ef_tornade_aura_main/ef_tornade_aura_main_00023":{"width":300,"height":300},"EF/ef_tornade_aura_main/ef_tornade_aura_main_00024":{"width":300,"height":300},"EF/ef_tornade_aura_main/ef_tornade_aura_main_00025":{"width":300,"height":300},"EF/ef_tornade_aura_main/ef_tornade_aura_main_00026":{"width":300,"height":300},"EF/ef_tornade_aura_main/ef_tornade_aura_main_00027":{"width":300,"height":300},"EF/ef_tornade_aura_main/ef_tornade_aura_main_00028":{"width":300,"height":300},"EF/ef_tornade_aura_main/ef_tornade_aura_main_00029":{"width":300,"height":300},"EF/ef_tornade_aura_main/ef_tornade_aura_main_00030":{"width":300,"height":300}},"EF/ef_tornade_aura_main/ef_tornade_aura_main_1":{"EF/ef_tornade_aura_main/ef_tornade_aura_main_00001":{"width":300,"height":300},"EF/ef_tornade_aura_main/ef_tornade_aura_main_00002":{"width":300,"height":300},"EF/ef_tornade_aura_main/ef_tornade_aura_main_00003":{"width":300,"height":300},"EF/ef_tornade_aura_main/ef_tornade_aura_main_00004":{"width":300,"height":300},"EF/ef_tornade_aura_main/ef_tornade_aura_main_00005":{"width":300,"height":300},"EF/ef_tornade_aura_main/ef_tornade_aura_main_00006":{"width":300,"height":300},"EF/ef_tornade_aura_main/ef_tornade_aura_main_00007":{"width":300,"height":300},"EF/ef_tornade_aura_main/ef_tornade_aura_main_00008":{"width":300,"height":300},"EF/ef_tornade_aura_main/ef_tornade_aura_main_00009":{"width":300,"height":300},"EF/ef_tornade_aura_main/ef_tornade_aura_main_00010":{"width":300,"height":300},"EF/ef_tornade_aura_main/ef_tornade_aura_main_00011":{"width":300,"height":300},"EF/ef_tornade_aura_main/ef_tornade_aura_main_00012":{"width":300,"height":300},"EF/ef_tornade_aura_main/ef_tornade_aura_main_00013":{"width":300,"height":300},"EF/ef_tornade_aura_main/ef_tornade_aura_main_00014":{"width":300,"height":300},"EF/ef_tornade_aura_main/ef_tornade_aura_main_00015":{"width":300,"height":300},"EF/ef_tornade_aura_main/ef_tornade_aura_main_00016":{"width":300,"height":300},"EF/ef_tornade_aura_main/ef_tornade_aura_main_00017":{"width":300,"height":300},"EF/ef_tornade_aura_main/ef_tornade_aura_main_00018":{"width":300,"height":300},"EF/ef_tornade_aura_main/ef_tornade_aura_main_00019":{"width":300,"height":300},"EF/ef_tornade_aura_main/ef_tornade_aura_main_00020":{"width":300,"height":300},"EF/ef_tornade_aura_main/ef_tornade_aura_main_00021":{"width":300,"height":300},"EF/ef_tornade_aura_main/ef_tornade_aura_main_00022":{"width":300,"height":300},"EF/ef_tornade_aura_main/ef_tornade_aura_main_00023":{"width":300,"height":300},"EF/ef_tornade_aura_main/ef_tornade_aura_main_00024":{"width":300,"height":300},"EF/ef_tornade_aura_main/ef_tornade_aura_main_00025":{"width":300,"height":300},"EF/ef_tornade_aura_main/ef_tornade_aura_main_00026":{"width":300,"height":300},"EF/ef_tornade_aura_main/ef_tornade_aura_main_00027":{"width":300,"height":300},"EF/ef_tornade_aura_main/ef_tornade_aura_main_00028":{"width":300,"height":300},"EF/ef_tornade_aura_main/ef_tornade_aura_main_00029":{"width":300,"height":300},"EF/ef_tornade_aura_main/ef_tornade_aura_main_00030":{"width":300,"height":300}},"EF/ef_trust_aura_main/ef_trust_aura_main_00004":{"EF/ef_trust_aura_main/ef_trust_aura_main_00004":{"width":160,"height":160},"EF/ef_trust_aura_main/ef_trust_aura_main_00005":{"width":160,"height":160},"EF/ef_trust_aura_main/ef_trust_aura_main_00006":{"width":160,"height":160},"EF/ef_trust_aura_main/ef_trust_aura_main_00007":{"width":160,"height":160},"EF/ef_trust_aura_main/ef_trust_aura_main_00008":{"width":160,"height":160},"EF/ef_trust_aura_main/ef_trust_aura_main_00009":{"width":160,"height":160},"EF/ef_trust_aura_main/ef_trust_aura_main_00010":{"width":160,"height":160},"EF/ef_trust_aura_main/ef_trust_aura_main_00011":{"width":160,"height":160},"EF/ef_trust_aura_main/ef_trust_aura_main_00012":{"width":160,"height":160}},"EF/ef_trust_main/ef_trust_main_00001":{"EF/ef_trust_main/ef_trust_main_00001":{"width":300,"height":150},"EF/ef_trust_main/ef_trust_main_00010":{"width":300,"height":150},"EF/ef_trust_main/ef_trust_main_00020":{"width":300,"height":150},"EF/ef_trust_main/ef_trust_main_00030":{"width":300,"height":150}},"EF/wave_air/9100_A5D_attack4_00001":{"EF/wave_air/9100_A5D_attack4_00001":{"width":200,"height":200},"EF/wave_air/9100_A5D_attack4_00002":{"width":200,"height":200},"EF/wave_air/9100_A5D_attack4_00003":{"width":200,"height":200},"EF/wave_air/9100_A5D_attack4_00004":{"width":200,"height":200}},"EF/wave_air/9100_A5D_attack4_1":{"EF/wave_air/9100_A5D_attack4_00001":{"width":200,"height":200},"EF/wave_air/9100_A5D_attack4_00002":{"width":200,"height":200},"EF/wave_air/9100_A5D_attack4_00003":{"width":200,"height":200},"EF/wave_air/9100_A5D_attack4_00004":{"width":200,"height":200}},"EF/wave_air/9100_A5D_attack4_2":{"EF/wave_air/9100_A5D_attack4_00001":{"width":200,"height":200},"EF/wave_air/9100_A5D_attack4_00002":{"width":200,"height":200},"EF/wave_air/9100_A5D_attack4_00003":{"width":200,"height":200},"EF/wave_air/9100_A5D_attack4_00004":{"width":200,"height":200}},"HITBOX":{"HITBOX":{"type":"boundingbox","vertices":[-65.4387,-65.29851,64.31286,-65.29851,63.76072,63.34878,-64.33442,63.34878]}},"MAIN":{"attack_00":{"x":-13.63,"y":9.6,"scaleX":2,"scaleY":2,"width":256,"height":256},"attack_01":{"x":-13.63,"y":9.6,"scaleX":2,"scaleY":2,"width":256,"height":256},"attack_02":{"x":-13.63,"y":9.6,"scaleX":2,"scaleY":2,"width":256,"height":256},"attack_03":{"x":-13.63,"y":9.6,"scaleX":2,"scaleY":2,"width":256,"height":256},"attack_04":{"x":-13.63,"y":9.6,"scaleX":2,"scaleY":2,"width":256,"height":256},"attack_05":{"x":-13.63,"y":9.6,"scaleX":2,"scaleY":2,"width":256,"height":256},"attack_06":{"x":-13.63,"y":9.6,"scaleX":2,"scaleY":2,"width":256,"height":256},"attack_07":{"x":-13.63,"y":9.6,"scaleX":2,"scaleY":2,"width":256,"height":256},"attack_b":{"x":-13.63,"y":9.6,"scaleX":2,"scaleY":2,"width":256,"height":256},"back_00":{"x":-7.12,"y":10.69,"scaleX":2,"scaleY":2,"width":256,"height":256},"damage_00":{"x":-20.73,"scaleX":2,"scaleY":2,"width":256,"height":256},"front_00":{"x":-15.22,"y":7.77,"scaleX":2,"scaleY":2,"width":256,"height":256},"idle_00":{"x":12.51,"y":7.65,"scaleX":2,"scaleY":2,"width":256,"height":256},"idle_01":{"x":12.51,"y":7.65,"scaleX":2,"scaleY":2,"width":256,"height":256},"idle_02":{"x":12.51,"y":7.65,"scaleX":2,"scaleY":2,"width":256,"height":256},"idle_03":{"x":12.51,"y":7.65,"scaleX":2,"scaleY":2,"width":256,"height":256},"idle_04":{"x":12.51,"y":7.65,"scaleX":2,"scaleY":2,"width":256,"height":256},"skill2_00":{"x":25.19,"y":52.14,"scaleX":2,"scaleY":2,"width":256,"height":256},"skill2_01":{"x":22.04,"y":37.65,"scaleX":2,"scaleY":2,"width":256,"height":256},"skill2_02":{"x":28.14,"y":19.74,"scaleX":2,"scaleY":2,"width":256,"height":256},"skill2_03":{"x":28.15,"y":19.87,"scaleX":2,"scaleY":2,"width":256,"height":256},"skill2_04":{"x":6.99,"y":-1.1,"scaleX":2,"scaleY":2,"width":256,"height":256},"skill2_05":{"x":6.9,"y":2.94,"scaleX":2,"scaleY":2,"width":256,"height":256}}}},"events":{"Event":{},"Hit":{},"Sound1":{},"Sound2":{},"Sound3":{},"Voice":{}},"animations":{"attack1":{"slots":{"DAMAGEAREA":{"attachment":[{"time":0.4,"name":"DAMAGEAREA"},{"time":0.5666,"name":null},{"time":0.8333,"name":"DAMAGEAREA"},{"time":0.9,"name":null},{"time":1.4,"name":"DAMAGEAREA"},{"time":1.5,"name":null}]},"EF/Slashing_attack_05":{"attachment":[{"time":0.8333,"name":"EF/Slashing_02"},{"time":0.8666,"name":null}]},"EF/Slashing_attack_07":{"attachment":[{"time":0.8,"name":null},{"time":1.3666,"name":"EF/Slashing_01"},{"time":1.4333,"name":null}]},"MAIN":{"attachment":[{"time":0,"name":"attack_00"},{"time":0.0333,"name":"back_00"},{"time":0.2666,"name":"front_00"},{"time":0.4,"name":"attack_03"},{"time":0.7,"name":"attack_04"},{"time":0.8,"name":"attack_05"},{"time":0.8666,"name":"attack_06"},{"time":1.3333,"name":"attack_07"},{"time":1.7,"name":"back_00"},{"time":1.9,"name":"idle_01"},{"time":1.9666,"name":"idle_00"}]}},"bones":{"MAIN":{"translate":[{"time":0,"x":0,"y":7.99,"curve":[0.294,0,0.75,1]},{"time":0.1666,"x":74.06,"y":96.27,"curve":[0.25,0,0.75,1]},{"time":0.3333,"x":109.87,"y":117.52,"curve":[0.788,0,0.915,0.41]},{"time":0.5,"x":-99.45,"y":23.27,"curve":[0.135,0.59,0.75,1]},{"time":0.6666,"x":-121.51,"y":23.27,"curve":"stepped"},{"time":0.7,"x":-121.51,"y":-5.74,"curve":[0.263,-0.76,0.75,1]},{"time":0.8666,"x":-134.95,"y":99.9,"curve":[0.108,0.83,0.75,1]},{"time":1.1333,"x":-119.23,"y":176.54,"curve":[1,0,0.979,0.33]},{"time":1.4,"x":-193.49,"y":2.37,"curve":[0.173,0.49,0.75,1]},{"time":1.6666,"x":-205.1,"y":-13.87,"curve":"stepped"},{"time":1.7,"x":-205.1,"y":-13.87,"curve":[0.25,0,0.75,1]},{"time":2,"x":0,"y":-13.87}]},"DAMAGEAREA":{"translate":[{"time":0.4,"x":5.21,"y":157.33},{"time":0.4333,"x":-14.91,"y":137.7},{"time":0.4666,"x":-54.06,"y":127.01},{"time":0.5,"x":-187.16,"y":67.11,"curve":"stepped"},{"time":0.8333,"x":-222.32,"y":131.54,"curve":"stepped"},{"time":1.4,"x":-275.21,"y":131.54}],"scale":[{"time":0.4,"x":1.924,"y":0.44,"curve":"stepped"},{"time":0.8333,"x":1.815,"y":1.95}]}},"events":[{"time":0,"name":"Event","float":0.1,"string":"kHitStopType_normal"},{"time":0.3333,"name":"Sound1","string":"cri_se_battle_sword_swish_heavy"},{"time":0.4,"name":"Sound1","string":"setHitSound(se_battle_thrustviolently)"},{"time":0.4,"name":"Voice","string":"cri_133_voice_attack_random"},{"time":0.7666,"name":"Sound1","string":"cri_se_battle_swordswish_light"},{"time":0.8333,"name":"Event","string":"kImpactType_up"},{"time":0.8333,"name":"Hit","string":"resetHitList"},{"time":0.8333,"name":"Sound1","string":"setHitSound(se_battle_018_sword_hit_02)"},{"time":1.3333,"name":"Sound1","string":"cri_se_battle_swordswish_light"},{"time":1.3666,"name":"Voice","string":"cri_133_voice_attack_c"},{"time":1.4,"name":"Event","string":"kImpactType_down"},{"time":1.4,"name":"Hit","string":"resetHitList"},{"time":1.4,"name":"Sound1","string":"setHitSound(se_battle_018_sword_hit_02)"}]},"back":{"slots":{"MAIN":{"attachment":[{"time":0,"name":"back_00"},{"time":0.4,"name":"idle_01"},{"time":0.4666,"name":"idle_00"}]}},"bones":{"MAIN":{"translate":[{"time":0,"x":0,"y":0,"curve":[0.23,0.31,0.604,0.7]},{"time":0.1333,"x":78,"y":5,"curve":[0.366,0.55,0.75,1]},{"time":0.3333,"x":120,"y":0,"curve":[0.25,0,0.75,1]},{"time":0.5,"x":140,"y":0}]}}},"cast":{"slots":{"MAIN":{"attachment":[{"time":0,"name":"idle_00"},{"time":0.0666,"name":"attack_05"},{"time":0.1,"name":"attack_06"},{"time":0.3,"name":"attack_07"},{"time":0.7666,"name":"attack_b"},{"time":0.8333,"name":"idle_01"},{"time":0.9,"name":"idle_00"}]}},"bones":{"MAIN":{"translate":[{"time":0,"x":0,"y":0,"curve":[0.25,0,0.75,1]},{"time":0.1666,"x":6.22,"y":23.33,"curve":[0.932,0,0.75,1]},{"time":0.3666,"x":-1.75,"y":-17.11,"curve":[0.185,0.41,0.75,1]},{"time":0.7333,"x":-3.5,"y":-21.78},{"time":0.9,"x":0,"y":0}]}},"events":[{"time":0.3,"name":"Voice","string":"cri_133_voice_item"}]},"damage":{"slots":{"MAIN":{"attachment":[{"time":0,"name":"damage_00"}]}}},"front":{"slots":{"MAIN":{"attachment":[{"time":0,"name":"front_00"}]}}},"idle":{"slots":{"MAIN":{"attachment":[{"time":0,"name":"idle_00"},{"time":0.1666,"name":"idle_01"},{"time":0.3333,"name":"idle_02"},{"time":0.5333,"name":"idle_03"},{"time":0.7333,"name":"idle_04"},{"time":0.9333,"name":"idle_00"}]}},"bones":{"MAIN":{"translate":[{"time":0.1666,"x":1.22,"y":0,"curve":"stepped"},{"time":0.3333,"x":2.04,"y":0,"curve":"stepped"},{"time":0.5333,"x":1.78,"y":1.36,"curve":"stepped"},{"time":0.7333,"x":1.17,"y":2.73,"curve":"stepped"},{"time":0.9333,"x":0,"y":0}]}},"events":[{"time":0.5,"name":"Sound1","string":"cri_se_battle_Flutter"}]},"skill1":{"slots":{"DAMAGEAREA":{"attachment":[{"time":1.4666,"name":"DAMAGEAREA"},{"time":1.7,"name":null}]},"EF/ef_OF_main/ef_OF_main_00002":{"attachment":[{"time":0.9333,"name":"EF/ef_OF_main/ef_OF_main_00002"},{"time":0.9666,"name":"EF/ef_OF_main/ef_OF_main_00003"},{"time":1,"name":"EF/ef_OF_main/ef_OF_main_00004"},{"time":1.0333,"name":"EF/ef_OF_main/ef_OF_main_00005"},{"time":1.0666,"name":"EF/ef_OF_main/ef_OF_main_00006"},{"time":1.1333,"name":"EF/ef_OF_main/ef_OF_main_00007"},{"time":1.1666,"name":null},{"time":1.4,"name":"EF/ef_OF_main/ef_OF_main_00002"},{"time":1.4666,"name":"EF/ef_OF_main/ef_OF_main_00003"},{"time":1.5,"name":"EF/ef_OF_main/ef_OF_main_00004"},{"time":1.5333,"name":"EF/ef_OF_main/ef_OF_main_00005"},{"time":1.5666,"name":"EF/ef_OF_main/ef_OF_main_00006"},{"time":1.6,"name":"EF/ef_OF_main/ef_OF_main_00007"},{"time":1.7,"name":null}],"color":[{"time":1.1,"color":"ffffffff"},{"time":1.1666,"color":"ffffff00","curve":"stepped"},{"time":1.4,"color":"ffffffff","curve":"stepped"},{"time":1.6,"color":"ffffffff"},{"time":1.7,"color":"ffffff00"}]},"EF/ef_OF_main/ef_OF_main_2":{"attachment":[{"time":0.9333,"name":"EF/ef_OF_main/ef_OF_main_00002"},{"time":0.9666,"name":"EF/ef_OF_main/ef_OF_main_00003"},{"time":1,"name":"EF/ef_OF_main/ef_OF_main_00004"},{"time":1.0333,"name":"EF/ef_OF_main/ef_OF_main_00005"},{"time":1.0666,"name":"EF/ef_OF_main/ef_OF_main_00006"},{"time":1.1333,"name":"EF/ef_OF_main/ef_OF_main_00007"},{"time":1.1666,"name":null},{"time":1.4333,"name":"EF/ef_OF_main/ef_OF_main_00002"},{"time":1.5,"name":"EF/ef_OF_main/ef_OF_main_00003"},{"time":1.5333,"name":"EF/ef_OF_main/ef_OF_main_00004"},{"time":1.5666,"name":"EF/ef_OF_main/ef_OF_main_00005"},{"time":1.6,"name":"EF/ef_OF_main/ef_OF_main_00006"},{"time":1.6333,"name":"EF/ef_OF_main/ef_OF_main_00007"},{"time":1.7333,"name":null}],"color":[{"time":1.1,"color":"ffffffff"},{"time":1.1666,"color":"ffffff00","curve":"stepped"},{"time":1.4333,"color":"ffffffff","curve":"stepped"},{"time":1.6333,"color":"ffffffff"},{"time":1.7333,"color":"ffffff00"}]},"EF/ef_OF_main/ef_OF_main_3":{"attachment":[{"time":1.4666,"name":"EF/ef_OF_main/ef_OF_main_00002"},{"time":1.5333,"name":"EF/ef_OF_main/ef_OF_main_00003"},{"time":1.5666,"name":"EF/ef_OF_main/ef_OF_main_00004"},{"time":1.6,"name":"EF/ef_OF_main/ef_OF_main_00005"},{"time":1.6333,"name":"EF/ef_OF_main/ef_OF_main_00006"},{"time":1.6666,"name":"EF/ef_OF_main/ef_OF_main_00007"},{"time":1.7666,"name":null}],"color":[{"time":1.6666,"color":"ffffffff"},{"time":1.7666,"color":"ffffff00"}]},"EF/ef_beam_A_main/ef_beam_A_main_00002":{"attachment":[{"time":0.9333,"name":"EF/ef_beam_A_main/ef_beam_A_main_00002"},{"time":0.9666,"name":"EF/ef_beam_A_main/ef_beam_A_main_00003"},{"time":1,"name":"EF/ef_beam_A_main/ef_beam_A_main_00004"},{"time":1.0333,"name":"EF/ef_beam_A_main/ef_beam_A_main_00005"},{"time":1.0666,"name":"EF/ef_beam_A_main/ef_beam_A_main_00006"},{"time":1.1,"name":"EF/ef_beam_A_main/ef_beam_A_main_00008"},{"time":1.1333,"name":"EF/ef_beam_A_main/ef_beam_A_main_00009"},{"time":1.1666,"name":"EF/ef_beam_A_main/ef_beam_A_main_00011"},{"time":1.2,"name":"EF/ef_beam_A_main/ef_beam_A_main_00012"},{"time":1.2333,"name":"EF/ef_beam_A_main/ef_beam_A_main_00014"},{"time":1.2666,"name":"EF/ef_beam_A_main/ef_beam_A_main_00015"},{"time":1.3,"name":"EF/ef_beam_A_main/ef_beam_A_main_00017"},{"time":1.3333,"name":"EF/ef_beam_A_main/ef_beam_A_main_00018"},{"time":1.3666,"name":"EF/ef_beam_A_main/ef_beam_A_main_00020"},{"time":1.4,"name":"EF/ef_beam_A_main/ef_beam_A_main_00021"},{"time":1.4333,"name":"EF/ef_beam_A_main/ef_beam_A_main_00023"},{"time":1.4666,"name":"EF/ef_beam_A_main/ef_beam_A_main_00024"},{"time":1.5,"name":null}],"color":[{"time":1.3666,"color":"ffffffff"},{"time":1.5,"color":"ffffff00"}]},"EF/ef_lightning_main/ef_lightning_main_00001":{"attachment":[{"time":1.4,"name":"EF/ef_lightning_main/ef_lightning_main_00001"},{"time":1.4333,"name":"EF/ef_lightning_main/ef_lightning_main_00002"},{"time":1.4666,"name":"EF/ef_lightning_main/ef_lightning_main_00003"},{"time":1.5,"name":"EF/ef_lightning_main/ef_lightning_main_00004"},{"time":1.5333,"name":"EF/ef_lightning_main/ef_lightning_main_00005"},{"time":1.5666,"name":"EF/ef_lightning_main/ef_lightning_main_00006"},{"time":1.6,"name":"EF/ef_lightning_main/ef_lightning_main_00007"},{"time":1.6333,"name":"EF/ef_lightning_main/ef_lightning_main_00008"},{"time":1.6666,"name":"EF/ef_lightning_main/ef_lightning_main_00009"},{"time":1.7,"name":null}]},"EF/ef_tornade_aura_main/ef_tornade_aura_main_00001":{"attachment":[{"time":0.1333,"name":"EF/ef_tornade_aura_main/ef_tornade_aura_main_00001"},{"time":0.1666,"name":"EF/ef_tornade_aura_main/ef_tornade_aura_main_00002"},{"time":0.2,"name":"EF/ef_tornade_aura_main/ef_tornade_aura_main_00003"},{"time":0.2333,"name":"EF/ef_tornade_aura_main/ef_tornade_aura_main_00004"},{"time":0.2666,"name":"EF/ef_tornade_aura_main/ef_tornade_aura_main_00005"},{"time":0.3,"name":"EF/ef_tornade_aura_main/ef_tornade_aura_main_00006"},{"time":0.3333,"name":"EF/ef_tornade_aura_main/ef_tornade_aura_main_00007"},{"time":0.3666,"name":"EF/ef_tornade_aura_main/ef_tornade_aura_main_00008"},{"time":0.4,"name":"EF/ef_tornade_aura_main/ef_tornade_aura_main_00009"},{"time":0.4333,"name":"EF/ef_tornade_aura_main/ef_tornade_aura_main_00010"},{"time":0.4666,"name":"EF/ef_tornade_aura_main/ef_tornade_aura_main_00011"},{"time":0.5,"name":"EF/ef_tornade_aura_main/ef_tornade_aura_main_00012"},{"time":0.5333,"name":"EF/ef_tornade_aura_main/ef_tornade_aura_main_00013"},{"time":0.5666,"name":"EF/ef_tornade_aura_main/ef_tornade_aura_main_00014"},{"time":0.6,"name":"EF/ef_tornade_aura_main/ef_tornade_aura_main_00015"},{"time":0.6333,"name":"EF/ef_tornade_aura_main/ef_tornade_aura_main_00016"},{"time":0.6666,"name":"EF/ef_tornade_aura_main/ef_tornade_aura_main_00017"},{"time":0.7,"name":"EF/ef_tornade_aura_main/ef_tornade_aura_main_00018"},{"time":0.7333,"name":"EF/ef_tornade_aura_main/ef_tornade_aura_main_00019"},{"time":0.7666,"name":"EF/ef_tornade_aura_main/ef_tornade_aura_main_00020"},{"time":0.8,"name":"EF/ef_tornade_aura_main/ef_tornade_aura_main_00021"},{"time":0.8333,"name":"EF/ef_tornade_aura_main/ef_tornade_aura_main_00022"},{"time":0.8666,"name":"EF/ef_tornade_aura_main/ef_tornade_aura_main_00023"},{"time":0.9,"name":"EF/ef_tornade_aura_main/ef_tornade_aura_main_00024"},{"time":0.9333,"name":"EF/ef_tornade_aura_main/ef_tornade_aura_main_00025"},{"time":0.9666,"name":"EF/ef_tornade_aura_main/ef_tornade_aura_main_00026"},{"time":1,"name":"EF/ef_tornade_aura_main/ef_tornade_aura_main_00027"},{"time":1.0333,"name":"EF/ef_tornade_aura_main/ef_tornade_aura_main_00028"},{"time":1.0666,"name":"EF/ef_tornade_aura_main/ef_tornade_aura_main_00029"},{"time":1.1,"name":"EF/ef_tornade_aura_main/ef_tornade_aura_main_00030"},{"time":1.1333,"name":null}],"color":[{"time":0.1333,"color":"ffffff65","curve":"stepped"},{"time":0.9,"color":"ffffff65"},{"time":0.9333,"color":"ffffffff"}]},"EF/ef_tornade_aura_main/ef_tornade_aura_main_1":{"attachment":[{"time":0.1333,"name":"EF/ef_tornade_aura_main/ef_tornade_aura_main_00001"},{"time":0.1666,"name":"EF/ef_tornade_aura_main/ef_tornade_aura_main_00002"},{"time":0.2,"name":"EF/ef_tornade_aura_main/ef_tornade_aura_main_00003"},{"time":0.2333,"name":"EF/ef_tornade_aura_main/ef_tornade_aura_main_00004"},{"time":0.2666,"name":"EF/ef_tornade_aura_main/ef_tornade_aura_main_00005"},{"time":0.3,"name":"EF/ef_tornade_aura_main/ef_tornade_aura_main_00006"},{"time":0.3333,"name":"EF/ef_tornade_aura_main/ef_tornade_aura_main_00007"},{"time":0.3666,"name":"EF/ef_tornade_aura_main/ef_tornade_aura_main_00008"},{"time":0.4,"name":"EF/ef_tornade_aura_main/ef_tornade_aura_main_00009"},{"time":0.4333,"name":"EF/ef_tornade_aura_main/ef_tornade_aura_main_00010"},{"time":0.4666,"name":"EF/ef_tornade_aura_main/ef_tornade_aura_main_00011"},{"time":0.5,"name":"EF/ef_tornade_aura_main/ef_tornade_aura_main_00012"},{"time":0.5333,"name":"EF/ef_tornade_aura_main/ef_tornade_aura_main_00013"},{"time":0.5666,"name":"EF/ef_tornade_aura_main/ef_tornade_aura_main_00014"},{"time":0.6,"name":"EF/ef_tornade_aura_main/ef_tornade_aura_main_00015"},{"time":0.6333,"name":"EF/ef_tornade_aura_main/ef_tornade_aura_main_00016"},{"time":0.6666,"name":"EF/ef_tornade_aura_main/ef_tornade_aura_main_00017"},{"time":0.7,"name":"EF/ef_tornade_aura_main/ef_tornade_aura_main_00018"},{"time":0.7333,"name":"EF/ef_tornade_aura_main/ef_tornade_aura_main_00019"},{"time":0.7666,"name":"EF/ef_tornade_aura_main/ef_tornade_aura_main_00020"},{"time":0.8,"name":"EF/ef_tornade_aura_main/ef_tornade_aura_main_00021"},{"time":0.8333,"name":"EF/ef_tornade_aura_main/ef_tornade_aura_main_00022"},{"time":0.8666,"name":"EF/ef_tornade_aura_main/ef_tornade_aura_main_00023"},{"time":0.9,"name":"EF/ef_tornade_aura_main/ef_tornade_aura_main_00024"},{"time":0.9333,"name":"EF/ef_tornade_aura_main/ef_tornade_aura_main_00025"},{"time":0.9666,"name":"EF/ef_tornade_aura_main/ef_tornade_aura_main_00026"},{"time":1,"name":"EF/ef_tornade_aura_main/ef_tornade_aura_main_00027"},{"time":1.0333,"name":"EF/ef_tornade_aura_main/ef_tornade_aura_main_00028"},{"time":1.0666,"name":"EF/ef_tornade_aura_main/ef_tornade_aura_main_00029"},{"time":1.1,"name":"EF/ef_tornade_aura_main/ef_tornade_aura_main_00030"},{"time":1.1333,"name":null}]},"EF/ef_trust_aura_main/ef_trust_aura_main_00004":{"attachment":[{"time":1.3,"name":"EF/ef_trust_aura_main/ef_trust_aura_main_00004"},{"time":1.3333,"name":"EF/ef_trust_aura_main/ef_trust_aura_main_00005"},{"time":1.3666,"name":"EF/ef_trust_aura_main/ef_trust_aura_main_00006"},{"time":1.4,"name":"EF/ef_trust_aura_main/ef_trust_aura_main_00007"},{"time":1.4333,"name":"EF/ef_trust_aura_main/ef_trust_aura_main_00008"},{"time":1.4666,"name":"EF/ef_trust_aura_main/ef_trust_aura_main_00009"},{"time":1.5,"name":"EF/ef_trust_aura_main/ef_trust_aura_main_00010"},{"time":1.5333,"name":"EF/ef_trust_aura_main/ef_trust_aura_main_00011"},{"time":1.5666,"name":"EF/ef_trust_aura_main/ef_trust_aura_main_00012"},{"time":1.6333,"name":null}],"color":[{"time":1.5666,"color":"ffffffff"},{"time":1.6333,"color":"ffffff00"}]},"EF/ef_trust_main/ef_trust_main_00001":{"attachment":[{"time":1.0333,"name":"EF/ef_trust_main/ef_trust_main_00001"},{"time":1.1,"name":"EF/ef_trust_main/ef_trust_main_00010"},{"time":1.1333,"name":"EF/ef_trust_main/ef_trust_main_00020"},{"time":1.1666,"name":"EF/ef_trust_main/ef_trust_main_00030"},{"time":1.2,"name":"EF/ef_trust_main/ef_trust_main_00001"},{"time":1.2333,"name":"EF/ef_trust_main/ef_trust_main_00010"},{"time":1.2666,"name":"EF/ef_trust_main/ef_trust_main_00020"},{"time":1.3,"name":"EF/ef_trust_main/ef_trust_main_00030"},{"time":1.3333,"name":"EF/ef_trust_main/ef_trust_main_00001"},{"time":1.3666,"name":"EF/ef_trust_main/ef_trust_main_00010"},{"time":1.4,"name":"EF/ef_trust_main/ef_trust_main_00020"},{"time":1.4333,"name":"EF/ef_trust_main/ef_trust_main_00030"},{"time":1.4666,"name":"EF/ef_trust_main/ef_trust_main_00001"},{"time":1.5,"name":"EF/ef_trust_main/ef_trust_main_00010"},{"time":1.5333,"name":"EF/ef_trust_main/ef_trust_main_00020"},{"time":1.5666,"name":"EF/ef_trust_main/ef_trust_main_00030"},{"time":1.6,"name":"EF/ef_trust_main/ef_trust_main_00001"},{"time":1.6333,"name":"EF/ef_trust_main/ef_trust_main_00010"},{"time":1.6666,"name":"EF/ef_trust_main/ef_trust_main_00020"},{"time":1.7,"name":"EF/ef_trust_main/ef_trust_main_00030"},{"time":1.7333,"name":"EF/ef_trust_main/ef_trust_main_00001"},{"time":1.7666,"name":"EF/ef_trust_main/ef_trust_main_00010"},{"time":1.8,"name":"EF/ef_trust_main/ef_trust_main_00020"},{"time":1.8333,"name":"EF/ef_trust_main/ef_trust_main_00030"},{"time":1.8666,"name":null},{"time":2.8,"name":"EF/ef_trust_main/ef_trust_main_00001"},{"time":2.8666,"name":"EF/ef_trust_main/ef_trust_main_00010"},{"time":2.9333,"name":"EF/ef_trust_main/ef_trust_main_00020"},{"time":3,"name":"EF/ef_trust_main/ef_trust_main_00030"},{"time":3.0333,"name":"EF/ef_trust_main/ef_trust_main_00001"},{"time":3.1,"name":"EF/ef_trust_main/ef_trust_main_00010"},{"time":3.1666,"name":"EF/ef_trust_main/ef_trust_main_00020"},{"time":3.2333,"name":"EF/ef_trust_main/ef_trust_main_00030"},{"time":3.2666,"name":null}],"color":[{"time":1.4,"color":"ffffffff","curve":"stepped"},{"time":1.7,"color":"ffffffff"},{"time":1.8,"color":"ffffff00","curve":"stepped"},{"time":2.8,"color":"ffffff00"},{"time":3,"color":"ffffffff"},{"time":3.2666,"color":"ffffff00"}]},"EF/wave_air/9100_A5D_attack4_00001":{"attachment":[{"time":1.4,"name":"EF/wave_air/9100_A5D_attack4_00001"},{"time":1.4666,"name":"EF/wave_air/9100_A5D_attack4_00002"},{"time":1.5333,"name":"EF/wave_air/9100_A5D_attack4_00003"},{"time":1.6,"name":"EF/wave_air/9100_A5D_attack4_00004"},{"time":1.6666,"name":null}],"color":[{"time":1.5666,"color":"ffffffff"},{"time":1.6666,"color":"ffffff00"}]},"EF/wave_air/9100_A5D_attack4_1":{"attachment":[{"time":1.4333,"name":"EF/wave_air/9100_A5D_attack4_00001"},{"time":1.5,"name":"EF/wave_air/9100_A5D_attack4_00002"},{"time":1.5666,"name":"EF/wave_air/9100_A5D_attack4_00003"},{"time":1.6333,"name":"EF/wave_air/9100_A5D_attack4_00004"},{"time":1.7,"name":null}],"color":[{"time":1.6,"color":"ffffffff"},{"time":1.7,"color":"ffffff00"}]},"MAIN":{"attachment":[{"time":0,"name":"attack_00"},{"time":0.1333,"name":"attack_01"},{"time":0.2666,"name":"attack_02"},{"time":0.4,"name":"attack_00"},{"time":0.7,"name":"back_00"},{"time":1.3333,"name":"front_00"},{"time":1.4,"name":"attack_03"},{"time":3.2666,"name":"front_00"},{"time":3.7,"name":"idle_01"},{"time":3.8,"name":"idle_00"}],"color":[{"time":1.7,"color":"ffffffff"},{"time":1.8,"color":"ffffff00","curve":"stepped"},{"time":2.8,"color":"ffffff00"},{"time":2.9,"color":"ffffffff"}]}},"bones":{"MAIN":{"translate":[{"time":0,"x":0,"y":0},{"time":0.0666,"x":4.99,"y":2.19,"curve":[0.25,0,0.75,1]},{"time":0.4,"x":0,"y":-27.56,"curve":[0.903,-0.17,0.927,1]},{"time":0.8666,"x":169.86,"y":164.87,"curve":[0.175,0.54,0.75,1]},{"time":1.3,"x":229.51,"y":204.51},{"time":1.3666,"x":260.8,"y":208.35,"curve":[0.195,0.42,0.75,1]},{"time":1.8,"x":-945.65,"y":-44.44,"curve":"stepped"},{"time":2.8,"x":995.01,"y":117.82,"curve":[0.25,0,0.75,1]},{"time":3.2333,"x":150,"y":15.71,"curve":[0.182,0.46,0.75,1]},{"time":3.8,"x":0,"y":0}]},"ef_tornade_aura_main":{"translate":[{"time":0.1333,"x":0,"y":-52.13},{"time":1.1333,"x":0,"y":-23.74}],"scale":[{"time":0.1333,"x":1,"y":1},{"time":1,"x":1.431,"y":1.908},{"time":1.1333,"x":1.5,"y":1.293}]},"9100_A5D_attack4":{"rotate":[{"time":1.4,"angle":14.72}],"translate":[{"time":1.4,"x":-33.96,"y":252.88}],"scale":[{"time":1.4,"x":1,"y":1},{"time":1.6666,"x":8,"y":8}]},"ef_OF_main":{"rotate":[{"time":1.4,"angle":-61.18}],"translate":[{"time":0.9333,"x":138.3,"y":293.2},{"time":1.1333,"x":162.59,"y":307.74,"curve":"stepped"},{"time":1.4,"x":52.49,"y":213.52}],"scale":[{"time":0.9333,"x":2.041,"y":2.041},{"time":1.1333,"x":3.411,"y":3.411,"curve":"stepped"},{"time":1.4,"x":1.683,"y":1.683}]},"ef_beam_A_main":{"rotate":[{"time":0.9333,"angle":86.08,"curve":"stepped"},{"time":1.3333,"angle":114.94,"curve":"stepped"},{"time":1.4,"angle":100.76}],"translate":[{"time":1.4,"x":-61.78,"y":-35.67}],"scale":[{"time":0.9333,"x":1.673,"y":0.838,"curve":"stepped"},{"time":1.3333,"x":1.673,"y":0.907,"curve":"stepped"},{"time":1.4,"x":1.746,"y":0.82}]},"ef_trust_aura_main":{"rotate":[{"time":1.3,"angle":44.32},{"time":1.4333,"angle":28.36}],"translate":[{"time":1.3,"x":-7.72,"y":13.06},{"time":1.4333,"x":56.64,"y":40.22}],"scale":[{"time":1.3,"x":2.015,"y":2.015},{"time":1.4333,"x":4,"y":4},{"time":1.6333,"x":6,"y":6}]},"ef_trust_main":{"rotate":[{"time":1.0333,"angle":-0.11,"curve":"stepped"},{"time":1.3333,"angle":28.21},{"time":1.3666,"angle":26.85},{"time":1.4,"angle":15.61}],"translate":[{"time":1.0333,"x":-131.95,"y":9.84},{"time":1.1666,"x":-154.42,"y":11.6,"curve":"stepped"},{"time":1.3333,"x":-116.73,"y":-48.12},{"time":1.3666,"x":-124.22,"y":-52.76},{"time":1.4,"x":-150.52,"y":-39.93,"curve":"stepped"},{"time":2.8,"x":-146.14,"y":-51.33},{"time":3.2666,"x":-146.14,"y":-43.44}],"scale":[{"time":1.0333,"x":0.544,"y":1.275},{"time":1.1666,"x":1,"y":1.299,"curve":"stepped"},{"time":1.3333,"x":1.593,"y":1.593},{"time":1.4,"x":2.9,"y":2.9}]},"ef_OF_main2":{"rotate":[{"time":1.4333,"angle":-24.78}],"translate":[{"time":0.9333,"x":138.3,"y":293.2},{"time":1.1333,"x":162.59,"y":307.74,"curve":"stepped"},{"time":1.4333,"x":-133.41,"y":293.2}],"scale":[{"time":0.9333,"x":2.041,"y":2.041},{"time":1.1333,"x":3.511,"y":3.511,"curve":"stepped"},{"time":1.4333,"x":2.623,"y":2.623}]},"ef_lightning_main":{"rotate":[{"time":1.4,"angle":14.23}],"translate":[{"time":1.4,"x":-372.04,"y":173.6},{"time":1.5666,"x":-393.62,"y":169.49}],"scale":[{"time":1.4,"x":1.898,"y":1.898},{"time":1.5666,"x":3.101,"y":7.337}]},"ef_OF_main3":{"rotate":[{"time":1.4666,"angle":-16.07}],"translate":[{"time":1.4666,"x":-237.69,"y":145.97}],"scale":[{"time":1.4666,"x":1.487,"y":1.487}]},"9100_A5D_attack5":{"rotate":[{"time":1.4333,"angle":14.72}],"translate":[{"time":1.4333,"x":-161.18,"y":220.05}],"scale":[{"time":1.4333,"x":1,"y":1},{"time":1.7,"x":6.4,"y":6.4}]},"DAMAGEAREA":{"translate":[{"time":1.4666,"x":-147.52,"y":171.8},{"time":1.6333,"x":-476.56,"y":150.58}],"scale":[{"time":1.4666,"x":4.473,"y":1},{"time":1.6333,"x":7.393,"y":2.03}]}},"events":[{"time":0,"name":"Event","float":0.2,"string":"kHitStopType_normal"},{"time":0.0333,"name":"Event","string":"ignoreBorder_true"},{"time":0.0666,"name":"Event","string":"kImpactType_knock"},{"time":0.1,"name":"Sound3","string":"cri_se_battle_Flutter"},{"time":0.1333,"name":"Sound1","string":"cri_se_battle_lightning"},{"time":0.1333,"name":"Sound2","string":"cri_se_scenario_fetters_magic"},{"time":0.6333,"name":"Event","string":"movePosition_Target(0.2,100,-100)"},{"time":0.6666,"name":"Sound3","string":"cri_se_battle_Flutter"},{"time":1.1666,"name":"Voice","string":"cri_133_voice_skill_all"},{"time":1.3333,"name":"Sound1","string":"cri_se_battle_arrow_light_effect"},{"time":1.3333,"name":"Sound2","string":"cri_se_battle_037_explosion_element_05"},{"time":1.4,"name":"Event","string":"shakeGround"},{"time":1.4666,"name":"Sound2","string":"setHitSound(se_battle_016_boss_ko)"},{"time":1.5333,"name":"Event","float":0.1,"string":"kHitStopType_normal"},{"time":1.5333,"name":"Hit","string":"resetHitList"},{"time":1.5333,"name":"Sound2","string":"setHitSound(se_battle_007_attack_hit_01)"},{"time":1.6333,"name":"Hit","string":"resetHitList"},{"time":2.6,"name":"Event","string":"setPosition_Default"},{"time":3.6666,"name":"Sound3","string":"cri_se_battle_Flutter"}]},"skill2":{"slots":{"DAMAGEAREA":{"attachment":[{"time":2.9666,"name":"DAMAGEAREA"},{"time":4.2333,"name":null}]},"EF/690_S1_wave1/690_S1_wave1_00000":{"attachment":[{"time":0.3333,"name":"EF/690_S1_wave1/690_S1_wave1_00000"},{"time":0.3666,"name":"EF/690_S1_wave1/690_S1_wave1_00001"},{"time":0.4,"name":"EF/690_S1_wave1/690_S1_wave1_00002"},{"time":0.4333,"name":"EF/690_S1_wave1/690_S1_wave1_00003"},{"time":0.4666,"name":"EF/690_S1_wave1/690_S1_wave1_00004"},{"time":0.5,"name":"EF/690_S1_wave1/690_S1_wave1_00005"},{"time":0.5333,"name":"EF/690_S1_wave1/690_S1_wave1_00006"},{"time":0.5666,"name":"EF/690_S1_wave1/690_S1_wave1_00007"},{"time":0.6,"name":"EF/690_S1_wave1/690_S1_wave1_00008"},{"time":0.6333,"name":"EF/690_S1_wave1/690_S1_wave1_00009"},{"time":0.6666,"name":"EF/690_S1_wave1/690_S1_wave1_00010"},{"time":0.7,"name":"EF/690_S1_wave1/690_S1_wave1_00011"},{"time":0.7333,"name":null},{"time":2.9,"name":"EF/690_S1_wave1/690_S1_wave1_00000"},{"time":2.9333,"name":"EF/690_S1_wave1/690_S1_wave1_00001"},{"time":2.9666,"name":"EF/690_S1_wave1/690_S1_wave1_00002"},{"time":3,"name":"EF/690_S1_wave1/690_S1_wave1_00003"},{"time":3.0333,"name":"EF/690_S1_wave1/690_S1_wave1_00004"},{"time":3.0666,"name":"EF/690_S1_wave1/690_S1_wave1_00005"},{"time":3.1,"name":"EF/690_S1_wave1/690_S1_wave1_00006"},{"time":3.1333,"name":"EF/690_S1_wave1/690_S1_wave1_00007"},{"time":3.1666,"name":"EF/690_S1_wave1/690_S1_wave1_00008"},{"time":3.2,"name":"EF/690_S1_wave1/690_S1_wave1_00009"},{"time":3.2333,"name":"EF/690_S1_wave1/690_S1_wave1_00010"},{"time":3.2666,"name":"EF/690_S1_wave1/690_S1_wave1_00011"},{"time":3.3,"name":"EF/690_S1_wave1/690_S1_wave1_00000"},{"time":3.3333,"name":"EF/690_S1_wave1/690_S1_wave1_00001"},{"time":3.3666,"name":"EF/690_S1_wave1/690_S1_wave1_00002"},{"time":3.4,"name":"EF/690_S1_wave1/690_S1_wave1_00003"},{"time":3.4333,"name":"EF/690_S1_wave1/690_S1_wave1_00004"},{"time":3.4666,"name":"EF/690_S1_wave1/690_S1_wave1_00005"},{"time":3.5,"name":"EF/690_S1_wave1/690_S1_wave1_00006"},{"time":3.5333,"name":"EF/690_S1_wave1/690_S1_wave1_00007"},{"time":3.5666,"name":"EF/690_S1_wave1/690_S1_wave1_00008"},{"time":3.6,"name":"EF/690_S1_wave1/690_S1_wave1_00009"},{"time":3.6333,"name":"EF/690_S1_wave1/690_S1_wave1_00010"},{"time":3.6666,"name":"EF/690_S1_wave1/690_S1_wave1_00011"},{"time":3.7,"name":"EF/690_S1_wave1/690_S1_wave1_00000"},{"time":3.7333,"name":"EF/690_S1_wave1/690_S1_wave1_00001"},{"time":3.7666,"name":"EF/690_S1_wave1/690_S1_wave1_00002"},{"time":3.8,"name":"EF/690_S1_wave1/690_S1_wave1_00003"},{"time":3.8333,"name":"EF/690_S1_wave1/690_S1_wave1_00004"},{"time":3.8666,"name":"EF/690_S1_wave1/690_S1_wave1_00005"},{"time":3.9,"name":"EF/690_S1_wave1/690_S1_wave1_00006"},{"time":3.9333,"name":"EF/690_S1_wave1/690_S1_wave1_00007"},{"time":3.9666,"name":"EF/690_S1_wave1/690_S1_wave1_00008"},{"time":4,"name":"EF/690_S1_wave1/690_S1_wave1_00009"},{"time":4.0333,"name":"EF/690_S1_wave1/690_S1_wave1_00010"},{"time":4.0666,"name":"EF/690_S1_wave1/690_S1_wave1_00011"},{"time":4.1,"name":"EF/690_S1_wave1/690_S1_wave1_00000"},{"time":4.1333,"name":"EF/690_S1_wave1/690_S1_wave1_00001"},{"time":4.1666,"name":"EF/690_S1_wave1/690_S1_wave1_00002"},{"time":4.2,"name":"EF/690_S1_wave1/690_S1_wave1_00003"},{"time":4.2333,"name":"EF/690_S1_wave1/690_S1_wave1_00004"},{"time":4.2666,"name":"EF/690_S1_wave1/690_S1_wave1_00005"},{"time":4.3,"name":"EF/690_S1_wave1/690_S1_wave1_00006"},{"time":4.3333,"name":"EF/690_S1_wave1/690_S1_wave1_00007"},{"time":4.3666,"name":"EF/690_S1_wave1/690_S1_wave1_00008"},{"time":4.4,"name":"EF/690_S1_wave1/690_S1_wave1_00009"},{"time":4.4333,"name":"EF/690_S1_wave1/690_S1_wave1_00010"},{"time":4.4666,"name":"EF/690_S1_wave1/690_S1_wave1_00011"},{"time":4.5,"name":null}]},"EF/690_S1_wave1/690_S1_wave1_0":{"attachment":[{"time":3.0666,"name":"EF/690_S1_wave1/690_S1_wave1_00000"},{"time":3.1,"name":"EF/690_S1_wave1/690_S1_wave1_00001"},{"time":3.1333,"name":"EF/690_S1_wave1/690_S1_wave1_00002"},{"time":3.1666,"name":"EF/690_S1_wave1/690_S1_wave1_00003"},{"time":3.2,"name":"EF/690_S1_wave1/690_S1_wave1_00004"},{"time":3.2333,"name":"EF/690_S1_wave1/690_S1_wave1_00005"},{"time":3.2666,"name":"EF/690_S1_wave1/690_S1_wave1_00006"},{"time":3.3,"name":"EF/690_S1_wave1/690_S1_wave1_00007"},{"time":3.3333,"name":"EF/690_S1_wave1/690_S1_wave1_00008"},{"time":3.3666,"name":"EF/690_S1_wave1/690_S1_wave1_00009"},{"time":3.4,"name":"EF/690_S1_wave1/690_S1_wave1_00010"},{"time":3.4333,"name":"EF/690_S1_wave1/690_S1_wave1_00011"},{"time":3.4666,"name":"EF/690_S1_wave1/690_S1_wave1_00000"},{"time":3.5,"name":"EF/690_S1_wave1/690_S1_wave1_00001"},{"time":3.5333,"name":"EF/690_S1_wave1/690_S1_wave1_00002"},{"time":3.5666,"name":"EF/690_S1_wave1/690_S1_wave1_00003"},{"time":3.6,"name":"EF/690_S1_wave1/690_S1_wave1_00004"},{"time":3.6333,"name":"EF/690_S1_wave1/690_S1_wave1_00005"},{"time":3.6666,"name":"EF/690_S1_wave1/690_S1_wave1_00006"},{"time":3.7,"name":"EF/690_S1_wave1/690_S1_wave1_00007"},{"time":3.7333,"name":"EF/690_S1_wave1/690_S1_wave1_00008"},{"time":3.7666,"name":"EF/690_S1_wave1/690_S1_wave1_00009"},{"time":3.8,"name":"EF/690_S1_wave1/690_S1_wave1_00010"},{"time":3.8333,"name":"EF/690_S1_wave1/690_S1_wave1_00011"},{"time":3.8666,"name":"EF/690_S1_wave1/690_S1_wave1_00000"},{"time":3.9,"name":"EF/690_S1_wave1/690_S1_wave1_00001"},{"time":3.9333,"name":"EF/690_S1_wave1/690_S1_wave1_00002"},{"time":3.9666,"name":"EF/690_S1_wave1/690_S1_wave1_00003"},{"time":4,"name":"EF/690_S1_wave1/690_S1_wave1_00004"},{"time":4.0333,"name":"EF/690_S1_wave1/690_S1_wave1_00005"},{"time":4.0666,"name":"EF/690_S1_wave1/690_S1_wave1_00006"},{"time":4.1,"name":"EF/690_S1_wave1/690_S1_wave1_00007"},{"time":4.1333,"name":"EF/690_S1_wave1/690_S1_wave1_00008"},{"time":4.1666,"name":"EF/690_S1_wave1/690_S1_wave1_00009"},{"time":4.2,"name":"EF/690_S1_wave1/690_S1_wave1_00010"},{"time":4.2333,"name":"EF/690_S1_wave1/690_S1_wave1_00011"},{"time":4.2666,"name":null}]},"EF/ef_OF_main/ef_OF_main_2":{"attachment":[{"time":0.3333,"name":"EF/ef_OF_main/ef_OF_main_00002"},{"time":0.3666,"name":"EF/ef_OF_main/ef_OF_main_00003"},{"time":0.4,"name":"EF/ef_OF_main/ef_OF_main_00004"},{"time":0.4333,"name":"EF/ef_OF_main/ef_OF_main_00005"},{"time":0.4666,"name":"EF/ef_OF_main/ef_OF_main_00006"},{"time":0.5,"name":"EF/ef_OF_main/ef_OF_main_00007"},{"time":0.5333,"name":null}],"color":[{"time":0.3333,"color":"ffffff47"},{"time":0.4666,"color":"ffffffff"}]},"EF/ef_OF_main/ef_OF_main_00002":{"attachment":[{"time":0.3333,"name":"EF/ef_OF_main/ef_OF_main_00002"},{"time":0.3666,"name":"EF/ef_OF_main/ef_OF_main_00003"},{"time":0.4,"name":"EF/ef_OF_main/ef_OF_main_00004"},{"time":0.4333,"name":"EF/ef_OF_main/ef_OF_main_00005"},{"time":0.4666,"name":"EF/ef_OF_main/ef_OF_main_00006"},{"time":0.5,"name":"EF/ef_OF_main/ef_OF_main_00007"},{"time":0.5333,"name":null}],"color":[{"time":0.3333,"color":"ffffff47"},{"time":0.4666,"color":"ffffffff"}]},"EF/ef_OF_main/ef_OF_main_3":{"attachment":[{"time":0.4,"name":"EF/ef_OF_main/ef_OF_main_00002"},{"time":0.4333,"name":"EF/ef_OF_main/ef_OF_main_00003"},{"time":0.4666,"name":"EF/ef_OF_main/ef_OF_main_00004"},{"time":0.5,"name":"EF/ef_OF_main/ef_OF_main_00005"},{"time":0.5333,"name":"EF/ef_OF_main/ef_OF_main_00006"},{"time":0.6,"name":"EF/ef_OF_main/ef_OF_main_00007"},{"time":0.6666,"name":null}],"color":[{"time":0.5333,"color":"ffffffff"},{"time":0.6666,"color":"ffffff00"}]},"EF/ef_beam_A_main/ef_beam_A_main_00002":{"attachment":[{"time":0.3333,"name":"EF/ef_beam_A_main/ef_beam_A_main_00002"},{"time":0.3666,"name":"EF/ef_beam_A_main/ef_beam_A_main_00003"},{"time":0.4,"name":"EF/ef_beam_A_main/ef_beam_A_main_00004"},{"time":0.4333,"name":"EF/ef_beam_A_main/ef_beam_A_main_00005"},{"time":0.5,"name":"EF/ef_beam_A_main/ef_beam_A_main_00006"},{"time":0.5666,"name":"EF/ef_beam_A_main/ef_beam_A_main_00008"},{"time":0.6333,"name":"EF/ef_beam_A_main/ef_beam_A_main_00009"},{"time":0.7,"name":"EF/ef_beam_A_main/ef_beam_A_main_00011"},{"time":0.7666,"name":"EF/ef_beam_A_main/ef_beam_A_main_00012"},{"time":0.8333,"name":"EF/ef_beam_A_main/ef_beam_A_main_00014"},{"time":0.9,"name":"EF/ef_beam_A_main/ef_beam_A_main_00015"},{"time":0.9666,"name":"EF/ef_beam_A_main/ef_beam_A_main_00017"},{"time":1.0333,"name":"EF/ef_beam_A_main/ef_beam_A_main_00018"},{"time":1.1,"name":"EF/ef_beam_A_main/ef_beam_A_main_00020"},{"time":1.1666,"name":"EF/ef_beam_A_main/ef_beam_A_main_00021"},{"time":1.2333,"name":"EF/ef_beam_A_main/ef_beam_A_main_00023"},{"time":1.3,"name":"EF/ef_beam_A_main/ef_beam_A_main_00024"},{"time":1.3666,"name":"EF/ef_beam_A_main/ef_beam_A_main_00026"},{"time":1.4333,"name":"EF/ef_beam_A_main/ef_beam_A_main_00027"},{"time":1.5,"name":"EF/ef_beam_A_main/ef_beam_A_main_00029"},{"time":1.5666,"name":"EF/ef_beam_A_main/ef_beam_A_main_00030"},{"time":1.6333,"name":"EF/ef_beam_A_main/ef_beam_A_main_00032"},{"time":1.7,"name":"EF/ef_beam_A_main/ef_beam_A_main_00033"},{"time":1.7666,"name":"EF/ef_beam_A_main/ef_beam_A_main_00006"},{"time":1.8333,"name":"EF/ef_beam_A_main/ef_beam_A_main_00008"},{"time":1.9,"name":"EF/ef_beam_A_main/ef_beam_A_main_00009"},{"time":1.9666,"name":"EF/ef_beam_A_main/ef_beam_A_main_00011"},{"time":2.0333,"name":"EF/ef_beam_A_main/ef_beam_A_main_00012"},{"time":2.1,"name":"EF/ef_beam_A_main/ef_beam_A_main_00014"},{"time":2.1666,"name":"EF/ef_beam_A_main/ef_beam_A_main_00015"},{"time":2.2333,"name":"EF/ef_beam_A_main/ef_beam_A_main_00017"},{"time":2.3,"name":"EF/ef_beam_A_main/ef_beam_A_main_00018"},{"time":2.3666,"name":"EF/ef_beam_A_main/ef_beam_A_main_00020"},{"time":2.4333,"name":"EF/ef_beam_A_main/ef_beam_A_main_00021"},{"time":2.5,"name":"EF/ef_beam_A_main/ef_beam_A_main_00023"},{"time":2.5666,"name":"EF/ef_beam_A_main/ef_beam_A_main_00024"},{"time":2.6333,"name":"EF/ef_beam_A_main/ef_beam_A_main_00026"},{"time":2.7,"name":"EF/ef_beam_A_main/ef_beam_A_main_00027"},{"time":2.7666,"name":"EF/ef_beam_A_main/ef_beam_A_main_00029"},{"time":2.8333,"name":"EF/ef_beam_A_main/ef_beam_A_main_00030"},{"time":2.9,"name":null},{"time":3.7333,"name":"EF/ef_beam_A_main/ef_beam_A_main_00035"},{"time":3.8,"name":"EF/ef_beam_A_main/ef_beam_A_main_00036"},{"time":3.8666,"name":"EF/ef_beam_A_main/ef_beam_A_main_00037"},{"time":3.9333,"name":null}],"color":[{"time":0.3333,"color":"ffffffff","curve":"stepped"},{"time":1.0666,"color":"ffffffff"},{"time":1.5666,"color":"ffffff13","curve":"stepped"},{"time":1.8333,"color":"ffffff13"},{"time":2.2666,"color":"ffffffff","curve":"stepped"},{"time":2.8333,"color":"ffffffff"},{"time":2.9,"color":"ffffff00"}]},"EF/ef_beam_A_main/ef_beam_A_main_2":{"attachment":[{"time":1.0666,"name":"EF/ef_beam_A_main/ef_beam_A_main_00006"},{"time":1.1333,"name":"EF/ef_beam_A_main/ef_beam_A_main_00008"},{"time":1.2,"name":"EF/ef_beam_A_main/ef_beam_A_main_00009"},{"time":1.2666,"name":"EF/ef_beam_A_main/ef_beam_A_main_00011"},{"time":1.3333,"name":"EF/ef_beam_A_main/ef_beam_A_main_00012"},{"time":1.4,"name":"EF/ef_beam_A_main/ef_beam_A_main_00014"},{"time":1.4666,"name":"EF/ef_beam_A_main/ef_beam_A_main_00015"},{"time":1.5333,"name":"EF/ef_beam_A_main/ef_beam_A_main_00017"},{"time":1.6,"name":"EF/ef_beam_A_main/ef_beam_A_main_00018"},{"time":1.6666,"name":"EF/ef_beam_A_main/ef_beam_A_main_00020"},{"time":1.7333,"name":"EF/ef_beam_A_main/ef_beam_A_main_00021"},{"time":1.8,"name":"EF/ef_beam_A_main/ef_beam_A_main_00023"},{"time":1.8666,"name":"EF/ef_beam_A_main/ef_beam_A_main_00024"},{"time":1.9333,"name":"EF/ef_beam_A_main/ef_beam_A_main_00026"},{"time":2,"name":"EF/ef_beam_A_main/ef_beam_A_main_00027"},{"time":2.0666,"name":"EF/ef_beam_A_main/ef_beam_A_main_00029"},{"time":2.1333,"name":"EF/ef_beam_A_main/ef_beam_A_main_00030"},{"time":2.2,"name":"EF/ef_beam_A_main/ef_beam_A_main_00032"},{"time":2.2666,"name":"EF/ef_beam_A_main/ef_beam_A_main_00033"}],"color":[{"time":1.0666,"color":"ffffff00"},{"time":1.5666,"color":"ffffffff","curve":"stepped"},{"time":1.8333,"color":"ffffffff"},{"time":2.2666,"color":"ffffff00"}]},"EF/ef_beam_B_main/ef_beam_B_main_00001":{"attachment":[{"time":2.9,"name":"EF/ef_beam_B_main/ef_beam_B_main_00001"},{"time":2.9333,"name":"EF/ef_beam_B_main/ef_beam_B_main_00003"},{"time":2.9666,"name":"EF/ef_beam_B_main/ef_beam_B_main_00004"},{"time":3,"name":"EF/ef_beam_B_main/ef_beam_B_main_00006"},{"time":3.0333,"name":"EF/ef_beam_B_main/ef_beam_B_main_00007"},{"time":3.0666,"name":"EF/ef_beam_B_main/ef_beam_B_main_00009"},{"time":3.1,"name":"EF/ef_beam_B_main/ef_beam_B_main_00010"},{"time":3.1333,"name":"EF/ef_beam_B_main/ef_beam_B_main_00001"},{"time":3.1666,"name":"EF/ef_beam_B_main/ef_beam_B_main_00003"},{"time":3.2,"name":"EF/ef_beam_B_main/ef_beam_B_main_00004"},{"time":3.2333,"name":"EF/ef_beam_B_main/ef_beam_B_main_00006"},{"time":3.2666,"name":"EF/ef_beam_B_main/ef_beam_B_main_00007"},{"time":3.3,"name":"EF/ef_beam_B_main/ef_beam_B_main_00009"},{"time":3.3333,"name":"EF/ef_beam_B_main/ef_beam_B_main_00010"},{"time":3.3666,"name":"EF/ef_beam_B_main/ef_beam_B_main_00001"},{"time":3.4,"name":"EF/ef_beam_B_main/ef_beam_B_main_00003"},{"time":3.4333,"name":"EF/ef_beam_B_main/ef_beam_B_main_00004"},{"time":3.4666,"name":"EF/ef_beam_B_main/ef_beam_B_main_00006"},{"time":3.5,"name":"EF/ef_beam_B_main/ef_beam_B_main_00007"},{"time":3.5333,"name":"EF/ef_beam_B_main/ef_beam_B_main_00009"},{"time":3.5666,"name":"EF/ef_beam_B_main/ef_beam_B_main_00010"},{"time":3.6,"name":"EF/ef_beam_B_main/ef_beam_B_main_00001"},{"time":3.6333,"name":"EF/ef_beam_B_main/ef_beam_B_main_00003"},{"time":3.6666,"name":"EF/ef_beam_B_main/ef_beam_B_main_00004"},{"time":3.7,"name":"EF/ef_beam_B_main/ef_beam_B_main_00006"},{"time":3.7333,"name":"EF/ef_beam_B_main/ef_beam_B_main_00007"},{"time":3.7666,"name":"EF/ef_beam_B_main/ef_beam_B_main_00009"},{"time":3.8,"name":"EF/ef_beam_B_main/ef_beam_B_main_00010"},{"time":3.8333,"name":"EF/ef_beam_B_main/ef_beam_B_main_00001"},{"time":3.8666,"name":"EF/ef_beam_B_main/ef_beam_B_main_00003"},{"time":3.9,"name":"EF/ef_beam_B_main/ef_beam_B_main_00004"},{"time":3.9333,"name":"EF/ef_beam_B_main/ef_beam_B_main_00006"},{"time":3.9666,"name":"EF/ef_beam_B_main/ef_beam_B_main_00007"},{"time":4,"name":"EF/ef_beam_B_main/ef_beam_B_main_00009"},{"time":4.0333,"name":"EF/ef_beam_B_main/ef_beam_B_main_00010"},{"time":4.0666,"name":"EF/ef_beam_B_main/ef_beam_B_main_00001"},{"time":4.1,"name":"EF/ef_beam_B_main/ef_beam_B_main_00003"},{"time":4.1333,"name":"EF/ef_beam_B_main/ef_beam_B_main_00004"},{"time":4.1666,"name":"EF/ef_beam_B_main/ef_beam_B_main_00006"},{"time":4.2,"name":"EF/ef_beam_B_main/ef_beam_B_main_00007"},{"time":4.2333,"name":"EF/ef_beam_B_main/ef_beam_B_main_00009"},{"time":4.2666,"name":"EF/ef_beam_B_main/ef_beam_B_main_00010"},{"time":4.3,"name":"EF/ef_beam_B_main/ef_beam_B_main_00001"},{"time":4.3333,"name":"EF/ef_beam_B_main/ef_beam_B_main_00003"},{"time":4.3666,"name":"EF/ef_beam_B_main/ef_beam_B_main_00004"},{"time":4.4,"name":"EF/ef_beam_B_main/ef_beam_B_main_00006"},{"time":4.4333,"name":"EF/ef_beam_B_main/ef_beam_B_main_00007"},{"time":4.4666,"name":"EF/ef_beam_B_main/ef_beam_B_main_00009"},{"time":4.5,"name":"EF/ef_beam_B_main/ef_beam_B_main_00010"}],"color":[{"time":4.3333,"color":"ffffffff"},{"time":4.5,"color":"ffffff00"}]},"EF/ef_jet_main/ef_jet_main_00001":{"attachment":[{"time":2.9,"name":"EF/ef_jet_main/ef_jet_main_00001"},{"time":2.9333,"name":"EF/ef_jet_main/ef_jet_main_00002"},{"time":2.9666,"name":"EF/ef_jet_main/ef_jet_main_00003"},{"time":3,"name":"EF/ef_jet_main/ef_jet_main_00004"},{"time":3.0333,"name":"EF/ef_jet_main/ef_jet_main_00005"},{"time":3.0666,"name":"EF/ef_jet_main/ef_jet_main_00006"},{"time":3.1,"name":"EF/ef_jet_main/ef_jet_main_00007"},{"time":3.1333,"name":"EF/ef_jet_main/ef_jet_main_00008"},{"time":3.2,"name":"EF/ef_jet_main/ef_jet_main_00009"},{"time":3.2666,"name":null}],"color":[{"time":3.1333,"color":"ffffffff"},{"time":3.2666,"color":"ffffff00"}]},"EF/ef_jet_main/ef_jet_main_1":{"attachment":[{"time":2.9,"name":"EF/ef_jet_main/ef_jet_main_00001"},{"time":2.9333,"name":"EF/ef_jet_main/ef_jet_main_00002"},{"time":2.9666,"name":"EF/ef_jet_main/ef_jet_main_00003"},{"time":3,"name":"EF/ef_jet_main/ef_jet_main_00004"},{"time":3.0333,"name":"EF/ef_jet_main/ef_jet_main_00005"},{"time":3.0666,"name":"EF/ef_jet_main/ef_jet_main_00006"},{"time":3.1,"name":"EF/ef_jet_main/ef_jet_main_00007"},{"time":3.1333,"name":"EF/ef_jet_main/ef_jet_main_00008"},{"time":3.2,"name":"EF/ef_jet_main/ef_jet_main_00009"},{"time":3.2666,"name":null}],"color":[{"time":3.1333,"color":"ffffffff"},{"time":3.2666,"color":"ffffff00"}]},"EF/ef_lightning_main/ef_lightning_main_00001":{"attachment":[{"time":0.3666,"name":"EF/ef_lightning_main/ef_lightning_main_00001"},{"time":0.4,"name":"EF/ef_lightning_main/ef_lightning_main_00002"},{"time":0.4333,"name":"EF/ef_lightning_main/ef_lightning_main_00003"},{"time":0.4666,"name":"EF/ef_lightning_main/ef_lightning_main_00004"},{"time":0.5,"name":"EF/ef_lightning_main/ef_lightning_main_00005"},{"time":0.5333,"name":"EF/ef_lightning_main/ef_lightning_main_00006"},{"time":0.5666,"name":"EF/ef_lightning_main/ef_lightning_main_00007"},{"time":0.6,"name":"EF/ef_lightning_main/ef_lightning_main_00008"},{"time":0.6666,"name":"EF/ef_lightning_main/ef_lightning_main_00009"},{"time":0.7666,"name":null}],"color":[{"time":0.6333,"color":"ffffffff"},{"time":0.7666,"color":"ffffff00"}]},"EF/ef_trust_aura_main/ef_trust_aura_main_00004":{"attachment":[{"time":0.4333,"name":"EF/ef_trust_aura_main/ef_trust_aura_main_00004"},{"time":0.5,"name":"EF/ef_trust_aura_main/ef_trust_aura_main_00005"},{"time":0.5333,"name":"EF/ef_trust_aura_main/ef_trust_aura_main_00006"},{"time":0.5666,"name":"EF/ef_trust_aura_main/ef_trust_aura_main_00007"},{"time":0.6,"name":"EF/ef_trust_aura_main/ef_trust_aura_main_00008"},{"time":0.6333,"name":"EF/ef_trust_aura_main/ef_trust_aura_main_00009"},{"time":0.6666,"name":"EF/ef_trust_aura_main/ef_trust_aura_main_00010"},{"time":0.7,"name":"EF/ef_trust_aura_main/ef_trust_aura_main_00011"},{"time":0.7666,"name":"EF/ef_trust_aura_main/ef_trust_aura_main_00012"},{"time":0.8333,"name":null},{"time":2.9333,"name":"EF/ef_trust_aura_main/ef_trust_aura_main_00004"},{"time":2.9666,"name":"EF/ef_trust_aura_main/ef_trust_aura_main_00005"},{"time":3,"name":"EF/ef_trust_aura_main/ef_trust_aura_main_00006"},{"time":3.0333,"name":"EF/ef_trust_aura_main/ef_trust_aura_main_00007"},{"time":3.0666,"name":"EF/ef_trust_aura_main/ef_trust_aura_main_00008"},{"time":3.1,"name":"EF/ef_trust_aura_main/ef_trust_aura_main_00009"},{"time":3.1333,"name":"EF/ef_trust_aura_main/ef_trust_aura_main_00010"},{"time":3.1666,"name":"EF/ef_trust_aura_main/ef_trust_aura_main_00011"},{"time":3.2,"name":"EF/ef_trust_aura_main/ef_trust_aura_main_00012"},{"time":3.2333,"name":null}],"color":[{"time":0.6333,"color":"ffffffff"},{"time":0.8333,"color":"ffffff00","curve":"stepped"},{"time":2.9333,"color":"ffffffff","curve":"stepped"},{"time":3.1,"color":"ffffffff"},{"time":3.2333,"color":"ffffff00"}]},"EF/wave_air/9100_A5D_attack4_00001":{"attachment":[{"time":0.4,"name":"EF/wave_air/9100_A5D_attack4_00001"},{"time":0.4666,"name":"EF/wave_air/9100_A5D_attack4_00002"},{"time":0.5333,"name":"EF/wave_air/9100_A5D_attack4_00003"},{"time":0.6,"name":"EF/wave_air/9100_A5D_attack4_00004"},{"time":0.7333,"name":null}],"color":[{"time":0.5666,"color":"ffffffff"},{"time":0.7333,"color":"ffffff00"}]},"EF/wave_air/9100_A5D_attack4_1":{"attachment":[{"time":0.3666,"name":"EF/wave_air/9100_A5D_attack4_00001"},{"time":0.4333,"name":"EF/wave_air/9100_A5D_attack4_00002"},{"time":0.5,"name":"EF/wave_air/9100_A5D_attack4_00003"},{"time":0.5666,"name":"EF/wave_air/9100_A5D_attack4_00004"},{"time":0.7,"name":null}],"color":[{"time":0.5333,"color":"ffffffff"},{"time":0.7,"color":"ffffff00"}]},"MAIN":{"attachment":[{"time":0,"name":"skill2_00"},{"time":2.0333,"name":"skill2_01"},{"time":2.4666,"name":"skill2_02"},{"time":2.5666,"name":"skill2_03"},{"time":2.9,"name":"skill2_04"},{"time":5,"name":"skill2_05"},{"time":5.1666,"name":"back_00"},{"time":5.6,"name":"idle_00"},{"time":5.8333,"name":"idle_01"}]}},"bones":{"MAIN":{"translate":[{"time":0,"x":0,"y":0,"curve":"stepped"},{"time":2,"x":0,"y":0,"curve":"stepped"},{"time":2.0333,"x":0,"y":0,"curve":[0.25,0,0.75,1]},{"time":2.1,"x":-6.66,"y":-7.29,"curve":[0.137,0.73,0.75,1]},{"time":2.4666,"x":23.06,"y":27,"curve":[0.25,0,0.75,1]},{"time":2.5666,"x":-12.4,"y":71.02,"curve":[0.178,0.52,0.75,1]},{"time":2.8333,"x":-70.07,"y":88.73},{"time":2.9,"x":-123.32,"y":-5.32,"curve":[0.216,0.49,0.75,1]},{"time":3.1666,"x":-129.76,"y":-13.33,"curve":"stepped"},{"time":5,"x":-129.76,"y":-41.49,"curve":[0.214,0.31,0.75,1]},{"time":5.1333,"x":-144.5,"y":-54.42},{"time":5.4,"x":102.99,"y":-5.64},{"time":5.6,"x":171.11,"y":2.43,"curve":[0.279,0,0.75,1]},{"time":5.8333,"x":171.11,"y":0}]},"ef_beam_A_main":{"rotate":[{"time":2,"angle":0},{"time":2.1333,"angle":-39.44,"curve":"stepped"},{"time":2.4333,"angle":-39.44},{"time":2.5,"angle":-44.97,"curve":"stepped"},{"time":2.5333,"angle":-44.97},{"time":2.6333,"angle":-42.83,"curve":"stepped"},{"time":2.8333,"angle":-42.83},{"time":2.8666,"angle":-31.94},{"time":2.9,"angle":138.78}],"translate":[{"time":0.3333,"x":0,"y":91.41,"curve":"stepped"},{"time":2,"x":0,"y":91.41,"curve":"stepped"},{"time":2.1333,"x":10.11,"y":98.49,"curve":"stepped"},{"time":2.4333,"x":10.11,"y":98.49},{"time":2.5,"x":16.02,"y":83.35,"curve":"stepped"},{"time":2.5333,"x":16.02,"y":83.35,"curve":"stepped"},{"time":2.8666,"x":16.02,"y":83.35},{"time":2.9,"x":-17.44,"y":-28.05}],"scale":[{"time":0.3333,"x":1.933,"y":1.933},{"time":0.6,"x":4.153,"y":4.192,"curve":"stepped"},{"time":2,"x":4.153,"y":4.192},{"time":2.1333,"x":5.499,"y":4.627}]},"ef_beam_A_main2":{"rotate":[{"time":2,"angle":0},{"time":2.1333,"angle":-39.44}],"translate":[{"time":1.0666,"x":0,"y":91.41,"curve":"stepped"},{"time":2,"x":0,"y":91.41},{"time":2.1333,"x":10.11,"y":98.49}],"scale":[{"time":1.0666,"x":4.153,"y":4.192,"curve":"stepped"},{"time":2,"x":4.153,"y":4.192},{"time":2.1333,"x":5.499,"y":3.963}]},"ef_OF_main2":{"rotate":[{"time":0.3333,"angle":45}],"translate":[{"time":0.3333,"x":-41.55,"y":192.82}],"scale":[{"time":0.3333,"x":1,"y":1},{"time":0.5333,"x":3,"y":3}]},"ef_OF_main":{"rotate":[{"time":0.3333,"angle":-45}],"translate":[{"time":0.3333,"x":-41.55,"y":192.82}],"scale":[{"time":0.3333,"x":0.5,"y":0.5},{"time":0.5333,"x":4,"y":4}]},"ef_OF_main3":{"rotate":[{"time":0.4,"angle":0}],"translate":[{"time":0.4,"x":-41.55,"y":192.5}],"scale":[{"time":0.4,"x":1,"y":1},{"time":0.6666,"x":7,"y":7}]},"9100_A5D_attack4":{"rotate":[{"time":0.4,"angle":90}],"translate":[{"time":0.4,"x":-48.88,"y":273.74}],"scale":[{"time":0.4,"x":1.238,"y":1.238},{"time":0.7,"x":6.5,"y":6.5}]},"9100_A5D_attack5":{"rotate":[{"time":0.3666,"angle":90}],"translate":[{"time":0.3666,"x":-48.88,"y":200.44}],"scale":[{"time":0.3666,"x":1.238,"y":1.238},{"time":0.6666,"x":5,"y":5}]},"ef_lightning_main":{"rotate":[{"time":0.3666,"angle":-90}],"translate":[{"time":0.3666,"x":-40.84,"y":464.46},{"time":0.6,"x":-47.03,"y":959.02},{"time":0.7666,"x":-47.03,"y":977.63}],"scale":[{"time":0.3666,"x":1,"y":1},{"time":0.6,"x":2.799,"y":19.495}]},"ef_jet_main":{"translate":[{"time":2.9,"x":-337.6,"y":-19.72},{"time":3.1333,"x":-416.42,"y":-19.72},{"time":3.2666,"x":-549.54,"y":-19.72}],"scale":[{"time":2.9,"x":4,"y":4},{"time":3.1333,"x":11.219,"y":5.495},{"time":3.2666,"x":6.177,"y":2.703}]},"ef_trust_aura_main":{"rotate":[{"time":0.4333,"angle":-90,"curve":"stepped"},{"time":2.9333,"angle":-90}],"translate":[{"time":0.4333,"x":5.45,"y":202.75},{"time":0.7,"x":6.82,"y":815.24,"curve":"stepped"},{"time":2.9333,"x":5.45,"y":202.75},{"time":3.2,"x":6.82,"y":815.24}],"scale":[{"time":0.4333,"x":3.923,"y":3.923},{"time":0.6666,"x":5,"y":5},{"time":0.8333,"x":5,"y":2.491,"curve":"stepped"},{"time":2.9333,"x":3.923,"y":3.923},{"time":3.2,"x":15.248,"y":21.515}]},"ef_jet_main2":{"translate":[{"time":2.9,"x":-166.62,"y":-19.72},{"time":3.1333,"x":-98.91,"y":-19.72},{"time":3.2666,"x":0.15,"y":-19.72}],"scale":[{"time":2.9,"x":-4,"y":4},{"time":3.1333,"x":-11.219,"y":5.495},{"time":3.2666,"x":-6.3,"y":2.703}]},"690_S1_wave1":{"translate":[{"time":0.3333,"x":-50.68,"y":5.15},{"time":0.7,"x":-50.68,"y":45.52,"curve":"stepped"},{"time":2.9,"x":-257.7,"y":46.28}],"scale":[{"time":0.3333,"x":2.98,"y":2.98},{"time":0.7,"x":6.637,"y":6.637,"curve":"stepped"},{"time":2.9,"x":8.081,"y":8.081}]},"690_S1_wave2":{"translate":[{"time":3.0666,"x":-257.7,"y":46.28}],"scale":[{"time":3.0666,"x":8.081,"y":8.081}]},"ef_beam_B_main":{"rotate":[{"time":2.9,"angle":138.9}],"translate":[{"time":2.9,"x":-44.67,"y":-78.18}],"scale":[{"time":2.9,"x":2.827,"y":3.89}]},"DAMAGEAREA":{"translate":[{"time":2.9666,"x":-238.43,"y":-55.99},{"time":3.0666,"x":-238.43,"y":395.03}],"scale":[{"time":2.9666,"x":5.768,"y":9.224}]}},"events":[{"time":0,"name":"Event","float":0.2,"string":"kHitStopType_normal"},{"time":0,"name":"Voice","string":"cri_133_voice_fullarts_now"},{"time":0.0333,"name":"Event","string":"kImpactType_up"},{"time":0.0666,"name":"Event","string":"setHitEffect(hit04e, 0)"},{"time":0.3333,"name":"Event","string":"shakeGround"},{"time":0.3333,"name":"Sound1","string":"cri_se_battle_skill_elxplosion"},{"time":0.8333,"name":"Sound1","string":"cri_se_battle_darkness_explosion"},{"time":2.3666,"name":"Voice","string":"cri_133_voice_fullarts_rank4"},{"time":2.9,"name":"Sound1","string":"cri_se_battle_030_explosion_02"},{"time":2.9666,"name":"Event","float":3,"string":"shakeGround"},{"time":2.9666,"name":"Sound1","string":"cri_se_battle_rubble"},{"time":2.9666,"name":"Sound2","string":"setHitSound(se_battle_explosion_short)"},{"time":3.0333,"name":"Event","string":"kHitStopType_enemyonly"},{"time":3.0333,"name":"Hit","string":"resetHitList"},{"time":3.0333,"name":"Sound2","string":"setHitSound(empty)"},{"time":3.1,"name":"Hit","string":"resetHitList"},{"time":3.1,"name":"Sound2","string":"setHitSound(se_battle_explosion_short)"},{"time":3.1666,"name":"Event","string":"shakeGround"},{"time":3.1666,"name":"Hit","string":"resetHitList"},{"time":3.1666,"name":"Sound2","string":"setHitSound(empty)"},{"time":3.2333,"name":"Hit","string":"resetHitList"},{"time":3.2333,"name":"Sound2","string":"setHitSound(se_battle_explosion_short)"},{"time":3.3,"name":"Hit","string":"resetHitList"},{"time":3.3,"name":"Sound2","string":"setHitSound(empty)"},{"time":3.3666,"name":"Hit","string":"resetHitList"},{"time":3.3666,"name":"Sound2","string":"setHitSound(se_battle_explosion_short)"},{"time":3.4333,"name":"Event","string":"shakeGround"},{"time":3.4333,"name":"Hit","string":"resetHitList"},{"time":3.4333,"name":"Sound2","string":"setHitSound(empty)"},{"time":3.5,"name":"Event","string":"shakeGround"},{"time":3.5,"name":"Hit","string":"resetHitList"},{"time":3.5,"name":"Sound2","string":"setHitSound(se_battle_explosion_short)"},{"time":3.5666,"name":"Hit","string":"resetHitList"},{"time":3.5666,"name":"Sound2","string":"setHitSound(empty)"},{"time":3.6333,"name":"Hit","string":"resetHitList"},{"time":3.6333,"name":"Sound1","string":"cri_se_battle_029_explosion_01"},{"time":3.6333,"name":"Sound2","string":"setHitSound(se_battle_explosion_short)"},{"time":3.7,"name":"Hit","string":"resetHitList"},{"time":3.7,"name":"Sound2","string":"setHitSound(empty)"},{"time":3.7666,"name":"Event","string":"shakeGround"},{"time":3.7666,"name":"Hit","string":"resetHitList"},{"time":3.7666,"name":"Sound2","string":"setHitSound(se_battle_explosion_short)"},{"time":3.8333,"name":"Hit","string":"resetHitList"},{"time":3.8333,"name":"Sound2","string":"setHitSound(empty)"},{"time":3.9,"name":"Hit","string":"resetHitList"},{"time":3.9,"name":"Sound2","string":"setHitSound(se_battle_explosion_short)"},{"time":3.9666,"name":"Event","string":"shakeGround"},{"time":3.9666,"name":"Hit","string":"resetHitList"},{"time":3.9666,"name":"Sound2","string":"setHitSound(empty)"},{"time":4.0333,"name":"Hit","string":"resetHitList"},{"time":4.0333,"name":"Sound2","string":"setHitSound(se_battle_explosion_short)"},{"time":4.1,"name":"Hit","string":"resetHitList"},{"time":4.1,"name":"Sound2","string":"setHitSound(empty)"},{"time":4.1666,"name":"Hit","string":"resetHitList"},{"time":4.1666,"name":"Sound2","string":"setHitSound(se_battle_explosion_short)"},{"time":4.2333,"name":"Sound2","string":"setHitSound(empty)"}]}}}